지번주소,도로명주소,도로명우편번호,사업자명,경도,위도
서울특별시 종로구 숭인동 200-6 지하1층,"서울특별시 종로구 종로 394, 지하1층 (숭인동, 태정빌딩)",3115,임팩트 스크린골프,127.021231742606,37.5744773677925
"서울특별시 관악구 신림동 1422-15 지하, 2, 3, 4층","서울특별시 관악구 남부순환로 1629, 나동 지,2,3,4층 (신림동)",151-890,양지실외골프연습장,126.931555108417,37.4847618598427
서울특별시 송파구 송파동 97-43 지하1층,"서울특별시 송파구 송파대로38길 5, 지하1층 (송파동)",5676,나이스골프연습장,127.112254235418,37.5009237750551
서울특별시 송파구 잠실동 101-8번지,"서울특별시 송파구 올림픽로4길 32 (잠실동, 꿈밭유치원)",5571,온그린골프아카데미,127.074217420263,37.5078699120701
서울특별시 송파구 삼전동 38-27번지,서울특별시 송파구 삼전로2길 1 (삼전동),5594,비전골프연습장,,
서울특별시 송파구 방이동 208-6번지 지하1층,"서울특별시 송파구 위례성대로18길 32, 지하1층 (방이동)",5639,골프사랑,127.124724557892,37.5095632553432
서울특별시 종로구 내수동 95 경희궁 파크팰리스,"서울특별시 종로구 사직로8길 20, 지하1층 110호 (내수동, 경희궁 파크팰리스)",3174,큐이디골프아카데미 광화문점,126.970592334119,37.5739303322063
서울특별시 종로구 창신동 328-18 시즌,"서울특별시 종로구 지봉로 19, 시즌 12층 (창신동)",3121,(주)GDR플러스아카데미 동묘점,127.01520169992,37.5717392736923
서울특별시 종로구 원남동 66-21번지,서울특별시 종로구 창경궁로 136 (원남동),3127,보령헬스피아,126.997984208392,37.5745106144721
서울특별시 종로구 경운동 91-1 서원빌딩,"서울특별시 종로구 삼일대로 469, 지하2층 (경운동)",3147,안국골프아카데미,126.986008212044,37.5763035025319
서울특별시 종로구 창신동 222-8번지 종로구민회관 지하1층,서울특별시 종로구 지봉로5길 7-5 (창신동),3104,종로골프죤,127.01436607091,37.5735002829862
서울특별시 종로구 평창동 158-1번지 글로리아타운,"서울특별시 종로구 평창문화로 75, 글로리아타운 203~204호 (평창동)",3009,로얄EMS.PT,126.96900620111,37.606862635259
서울특별시 종로구 평창동 274-9번지,서울특별시 종로구 평창문화로 28-3 (평창동),3011,올림픽골프연습장,126.964997395876,37.6043154970334
서울특별시 종로구 인의동 28-36번지 재림빌딩 지하1층,"서울특별시 종로구 창경궁로 112-11, 지하1층 (인의동, 재림빌딩)",3130,재림스크린골프,126.998462414327,37.572573122286
서울특별시 종로구 무악동 63-9번지 복합상가 지하1층,서울특별시 종로구 통일로 266 (무악동),3030,세란골프클럽,126.956783269179,37.5758473655224
서울특별시 종로구 사직동 9 광화문풍림스페이스본,"서울특별시 종로구 사직로8길 4, 301동 지하2층 (사직동, 광화문풍림스페이스본)",3168,스페이스본 스크린골프,126.968429762772,37.5746716527447
서울특별시 종로구 사직동 9 광화문풍림스페이스본,"서울특별시 종로구 사직로8길 4, 301동 지하2층 (사직동, 광화문풍림스페이스본)",3168,스페이스본 골프연습장,126.968429762772,37.5746716527447
서울특별시 종로구 연건동 195-10번지 이화에수풀 지하1층,"서울특별시 종로구 대학로 47, 지하1층 (연건동)",3127,대학로스크린골프,127.0018417101,37.5754639597614
서울특별시 종로구 신영동 218-5번지,"서울특별시 종로구 세검정로7길 19, 지하1층 (신영동)",3014,제이닥터골프,126.960639942368,37.6026631497333
서울특별시 종로구 관철동 155 종로1번가오피스텔,"서울특별시 종로구 청계천로 67, 지하2층 (관철동)",3189,빌드업 골프연습장 아카데미,126.98510847461,37.5688363061533
서울특별시 종로구 내수동 72 경희궁의아침 3단지,"서울특별시 종로구 사직로8길 34, B2층 (내수동)",3174,주-스포짐,126.9724255294,37.5735877659071
서울특별시 종로구 신영동 254,서울특별시 종로구 진흥로 480 (신영동),3013,MAX실내골프연습장,126.960276209248,37.6058401893334
서울특별시 종로구 관철동 155 종로1번가 지하1층,"서울특별시 종로구 청계천로 67, 지하1층 (관철동, 종로1번가오피스텔)",3189,종각 스크린골프,126.98510847461,37.5688363061533
서울특별시 종로구 숭인동 1388번지 동양파라빌,"서울특별시 종로구 난계로 251, 지하1층 (숭인동)",3116,제이휘트니스,127.02280794747,37.5740345051674
서울특별시 종로구 구기동 67-19번지 지상3층,서울특별시 종로구 진흥로 461 (구기동),3007,구기스크린골프연습장,126.959553747038,37.6069647396025
서울특별시 중구 초동 72-10,"서울특별시 중구 마른내로 28, 나인트리프리미어호텔 지하1층층 (초동)",4555,골프인 을지로점,126.990819757756,37.5643370443986
서울특별시 중구 신당동 844번지 남산타운,"서울특별시 중구 다산로 32, 201-2호 (신당동, 남산타운)",4595,스크린골프 남산타운,,
서울특별시 중구 오장동 127-1번지 센트마상가,"서울특별시 중구 동호로33길 24, 센트마상가 5층 (오장동)",4547,중부골프 앤 헬스,127.000858310647,37.5656530328224
서울특별시 중구 충정로1가 58-3 청양빌딩,"서울특별시 중구 새문안로 26, 청양빌딩 (충정로1가)",4516,정동스크린골프,126.968777453129,37.5675120768212
서울특별시 중구 명동2가 31-1번지,,,(주)이아스피스 명동센터,,
서울특별시 중구 순화동 산 1-170번지 ACE타워지하1층,,,웰리스 휘트니스,,
서울특별시 중구 회현동1가 204번지 메사빌딩 13층 1302호,,,메사 휘트니스 케어&골프,,
서울특별시 중구 을지로5가 39-1번지 삼성파크빌 지하2층,,,올포원 휘트니스,,
서울특별시 중구 명동2가 31-1번지 20층,,,휴레스트 웰빙클럽,,
서울특별시 중구 만리동2가 6-1번지,,,손기정문화체육센터,,
서울특별시 중구 순화동 151번지 포스코 더 지하1층,,,라온스파,,
서울특별시 중구 충무로3가 43번지,,,PGA스포렉스,,
서울특별시 중구 신당동 842번지,,,비전스크린 골프,,
서울특별시 중구 황학동 2523,서울특별시 중구 퇴계로 447 (황학동),4575,더 현 스크린골프,127.021721835241,37.5660419798503
서울특별시 중구 흥인동 3-1번지 우일프라자 601호,서울특별시 중구 마장로 62 (흥인동),4570,우일스크린 골프연습장,127.016640695817,37.5677716362768
서울특별시 중구 신당동 251-71번지,,,충무스크린골프,,
서울특별시 중구 주교동 140-12번지,,,88스크린골프,,
서울특별시 중구 광희동2가 360,,,조이 스크린골프,,
서울특별시 중구 남창동 1-1 지하1층,,,(주)포사이버 새로나스크린골프 사업부,,
서울특별시 중구 을지로3가 315-4번지 을지병원 4층,"서울특별시 중구 을지로14길 8 (을지로3가, 을지빌딩 본관)",4550,을지 휘트니스,126.991761067045,37.5659583663279
서울특별시 중구 명동1가 38-1 명동포커스빌딩,"서울특별시 중구 명동9길 21, 명동포커스빌딩 (명동1가)",4534,1872 핀,126.984520932669,37.5647844520252
서울특별시 중구 황학동 산 2545번지 롯데베네치아메가홀 지하2층 2002,"서울특별시 중구 청계천로 지하 400, 메가홀동 2층 2002호 (황학동, 롯데베네치아)",100-440,황금스파,,
서울특별시 중구 명동1가 7-12번지 태흥빌딩13충,"서울특별시 중구 명동길 55, 1동 13층 (명동1가)",4538,제이엘스포츠,126.985394525951,37.5641417024991
서울특별시 중구 수하동 67번지 미래에셋 센터원빌딩 서관3층,,,(주)센터원웰니스,,
서울특별시 중구 정동 34-7번지,,,중앙골프연습장,,
서울특별시 중구 필동2가 19-19번지,,,굿샷골프클럽,,
서울특별시 중구 명동2가 105번지,,,포인트골프방,,
서울특별시 중구 장충동2가 산 5-5,,,Banyan Tree Club&SPA Seoul Golf,,
서울특별시 중구 주교동 96-1번지 코리아빌딩 8층,,,코리아스크린골프,,
서울특별시 중구 신당동 52-299번지 지하1층,,,신당스크린골프,,
서울특별시 중구 오장동 90-12번지 4층,,,다인스크린골프,,
서울특별시 중구 남창동 52-1번지 지하2층,,,코코스크린골프,,
서울특별시 중구 신당동 48-1번지 지하1층,,,에이스스크린골프존,,
서울특별시 중구 인현동2가 192-30번지 지하1층 B20호,,,원스크린골프장,,
서울특별시 중구 인현동2가 181-26번지 3층,,,수남스크린골프,,
"서울특별시 중구 필동2가 19-19번지 필동빌딩 2,3층 ","서울특별시 중구 퇴계로36길 37, 2,3층 (필동2가, 필동빌딩)",4625,예스통상,,
서울특별시 중구 정동 34-5번지 배재정동빌딩 1층 A동,"서울특별시 중구 서소문로11길 19, A동 1층 (정동, 배재정동빌딩)",4516,엠피트니스,126.972089131199,37.5637878280982
,서울특별시 중구 퇴계로78길 지하 17 (신당동),4585,플라이비 골프존,,
,"서울특별시 중구 정동길 17 (정동, 이화정동빌딩)",4518,(주)이화골프존파크,126.970642082697,37.567161887661
,"서울특별시 중구 다동길 46 (다동, 다동빌딩)",4522,무교스크린,126.981726148037,37.5678614943581
서울특별시 중구 저동2가 78 비즈센터,"서울특별시 중구 수표로 45, 비즈센터 (저동2가)",4551,을지 골프존,126.989596182183,37.5653393912938
"서울특별시 중구 신당동 843 신당동삼성아파트, 상가1동 102호","서울특별시 중구 청구로1길 23, 상가1동 102호 (신당동, 신당동삼성아파트)",4588,JS골프아카데미,127.01844745293,37.5585358838305
서울특별시 중구 신당동 62-7번지 우석빌딩 1층,,,벤호건 스크린골프,,
서울특별시 중구 황학동 2545-2번지 롯데캐슬베네치아 제메가몰가동 3층(301~304),,,뉴-캐슬 스크린골프,,
서울특별시 중구 신당동 309-50외4,,,뉴코리아골프연습장,,
서울특별시 중구 신당동 361-24번지 3층,,,그린골프교실,,
서울특별시 중구 의주로1가 25-10번지 지하1층,,,바비엥 휘트니스클럽,,
서울특별시 중구 장충동2가 26-1번지 지하1층,,,장충골프연습장,,
서울특별시 중구 을지로3가 315-4번지 을지빌딩4층,,,팜 휘트니스,,
서울특별시 중구 정동 23-8번지 갑도빌딩 4층,,,AURUM GOLF,,
서울특별시 중구 을지로6가 17-2번지,,,프레야골프연습장,,
서울특별시 중구 신당동 295-27번지,,,신흥골프스쿨,,
서울특별시 중구 남대문로5가 541번지,,,웰리스,,
서울특별시 중구 남창동 1-2번지,,,새로나휘트니스,,
서울특별시 중구 흥인동 13-1번지,,,뉴)월드스포랜드,,
서울특별시 중구 북창동 104-0번지,,,동아골프연습장,,
서울특별시 중구 서소문동 47-2번지,,,동방골프샵연습장,,
서울특별시 중구 충무로2가 50-6번지,,,호성흥업(주),,
서울특별시 중구 을지로3가 95-7번지,,,을지피지에이골프클럽,,
서울특별시 중구 소공동 110-0번지,,,소공골프연습장,,
서울특별시 중구 장교동 1-0번지 장교빌딩1층,,,장교 휘트니스 센터,,
서울특별시 중구 신당동 353-8번지,,,남산골프연습장,,
서울특별시 중구 충무로4가 12-1번지 옥상,,,일진개발,,
서울특별시 중구 중림동 200번지 싸이버빌리지아파트3동지층901호,,,클럽 J L,,
서울특별시 중구 신당동 843번지 삼성아파트 상가1동 102호,,,삼성훼밀리골프,,
서울특별시 중구 무교동 19 체육회관빌딩 9층,,,피트니스온 골프아카데미,,
서울특별시 중구 명동2가 53-1번지 프라리스빌딩 지하1층,,,명동힐스크린,,
서울특별시 중구 신당동 산 251-78번지 지하1층,,,스카이스크린골프,,
"서울특별시 중구 을지로6가 산 18-21 굿모닝시티쇼핑목 지하3층 14,15호 ",,,굿모닝스크린골프,,
서울특별시 중구 태평로1가 61-1번지,,,코리아나스포렉스,,
서울특별시 중구 소공동 112-6번지 지하1층,,,소공스크린골프,,
서울특별시 중구 황학동 2545번지 롯데캐슬베네치아,"서울특별시 중구 청계천로 400, 메가몰동 B1063~1069호 (황학동, 롯데캐슬베네치아)",4572,베네치아 스포츠센터,127.021463886656,37.5708105464699
서울특별시 용산구 한남동 96-3번지 신성미소시티 지하1층,"서울특별시 용산구 독서당로 39, 지하1층 (한남동, 신성미소시티)",4410,한남스포렉스(스크린골프),127.007000144767,37.5315958889326
서울특별시 용산구 남영동 120-2번지,"서울특별시 용산구 한강대로 256, 지하1층 (남영동, 수빌딩)",4352,신용산 스크린방,126.973524479551,37.5412889756086
서울특별시 용산구 이촌동 301-87번지 지하1층,"서울특별시 용산구 이촌로 223-13, 지하1층 (이촌동, 농업기술진흥관)",4422,PGA골프클리닉,126.972067403072,37.5213165943831
서울특별시 용산구 청파동3가 132-146번지 2층,"서울특별시 용산구 효창원로 164, 2층 (청파동3가)",4312,효창스크린골프,126.96288411825,37.5426676134162
서울특별시 용산구 원효로1가 133-3 리첸시아 용산,"서울특별시 용산구 백범로 341, B동 B1층 103,104,105,111,116호 (원효로1가, 리첸시아 용산)",4315,리첸시아 골프,126.967973433167,37.5379386735674
서울특별시 용산구 한강로3가 16-58,"서울특별시 용산구 청파로 48 (한강로3가, 용산전자오피스텔)",4373,용산스크린골프,126.956817777025,37.5321423174177
서울특별시 용산구 한강로1가 215-5번지 지층,"서울특별시 용산구 한강대로62길 41, 지층 (한강로1가)",4382,PGA골프스쿨,126.973746196928,37.5330703696226
서울특별시 용산구 한남동 737-28 안성타워 306호,"서울특별시 용산구 이태원로 217, 306호 (한남동, 안성타워)",4349,에이치원골프존파크 이태원,126.997906520276,37.535176385593
서울특별시 용산구 문배동 40-31,"서울특별시 용산구 백범로 341, 지하 101,102,106,107호 (문배동, 리첸시아 용산B)",4368,스포짐,,
서울특별시 용산구 산천동 202번지,"서울특별시 용산구 원효로 51, 지하1층 (산천동, 삼성테마트단지내상가)",4359,원효스크린골프,126.950070316419,37.533863362459
서울특별시 용산구 한남동 110-1,"서울특별시 용산구 독서당로 23, 5층 (한남동)",4410,골프존파크 한남리버,127.007168059244,37.5306091922627
서울특별시 용산구 동자동 12,"서울특별시 용산구 후암로 107, 지하2층 (동자동, 동부화재 동자동사옥)",4323,PENTACLE,126.97356408407,37.5534616592161
"서울특별시 용산구 산천동 202 4층, 삼성테마트 ","서울특별시 용산구 원효로 51, 4층 (산천동, 삼성테마트)",4359,용산JY골프아카데미,126.950070316419,37.533863362459
서울특별시 용산구 이촌동 301-160번지,"서울특별시 용산구 이촌로 303 (이촌동, 현대아파트)",4424,현대아파트실내골프장,126.98115440183,37.5189128959625
서울특별시 용산구 이태원동 22-2,"서울특별시 용산구 장문로 27, 4층 (이태원동)",4392,청화골프클럽,126.993672893038,37.5291071806126
서울특별시 용산구 한강로3가 16-85 GS한강에클라트(지하1층),"서울특별시 용산구 이촌로 1, 지하1층 (한강로3가, GS한강에클라트)",4373,원짐,126.955345962773,37.5313838478733
서울특별시 용산구 신계동 24-8번지 사이버빌딩 2층,"서울특별시 용산구 새창로45길 30, 2층 (신계동, 사이버빌딩)",4370,사이버 스크린 골프,126.963968031538,37.5346503090403
서울특별시 용산구 원효로3가 51-31번지 전자랜드별관 지하 1층,"서울특별시 용산구 청파로 75, 지하1층 (원효로3가, 전자랜드별관)",4366,랜드골프존스크린,126.959093300834,37.5334279550363
서울특별시 용산구 이촌동 302-88 크리앙스빌딩 지하1층,"서울특별시 용산구 이촌로64길 24, 지하1층 (이촌동, 크리앙스빌딩)",4427,이촌 다온 스크린,126.969871897307,37.5200049152766
"서울특별시 용산구 신계동 24-9번지 2,3층 ","서울특별시 용산구 새창로45길 30, 2,3층 (신계동)",4370,사이버스크린 골프,,
서울특별시 용산구 한강로2가 420 용산푸르지오써밋,"서울특별시 용산구 한강대로 69, B1층 119,120,121호 (한강로2가, 용산푸르지오써밋)",4378,써밋 스크린골프,126.964892234354,37.5270404595814
서울특별시 용산구 청파동3가 132-18번지,"서울특별시 용산구 효창원로 164 (청파동3가, 효창골프연습장)",4312,효창 골프연습장,126.96288411825,37.5426676134162
서울특별시 용산구 청파동1가 180-24번지,서울특별시 용산구 청파로 312 (청파동1가),4301,동서산업진흥(주),126.970452474932,37.5474170244174
서울특별시 용산구 동빙고동 1-66번지 지하2층,"서울특별시 용산구 장문로 41, 지하2층 (동빙고동)",4392,프로골프아카데미,126.994994723155,37.527747632348
서울특별시 용산구 후암동 251-13번지 수복당 B101호,"서울특별시 용산구 후암로4길 5, B101호 (후암동, 수복당)",4331,수복골프연습장,126.978519248921,37.5467549114324
서울특별시 용산구 이촌동 300-58번지 지하1층,"서울특별시 용산구 이촌로 276-1, 지하1층 (이촌동)",4426,이촌골프클럽,126.97739603702,37.5185845416152
서울특별시 성동구 성수동2가 281-8 YD빌딩,"서울특별시 성동구 광나루로 320-2, YD빌딩 3층 (성수동2가)",4799,성수 제이펍,127.064945340147,37.5479055282771
서울특별시 성동구 성수동2가 277-156 승림빌딩,"서울특별시 성동구 아차산로 137, 승림빌딩 지층 (성수동2가)",4797,SL스크린골프연습장,127.059367735654,37.5438107208854
서울특별시 성동구 옥수동 436 극동그린아파트,"서울특별시 성동구 독서당로 173, 극동그린아파트상가 지하1층 (옥수동)",4732,PGA골프클럽,127.010900872837,37.5415625512366
서울특별시 성동구 옥수동 474,"서울특별시 성동구 독서당로 166, B201호 (옥수동, 성원상떼뷰)",4736,(주)옥수 투엑스 휘트니스,127.011698447614,37.5406062437899
서울특별시 성동구 성수동1가 706 쌍용아파트,"서울특별시 성동구 상원길 63, A동 지하1층 01호 (성수동1가, 쌍용아파트)",4788,노블 휘트니스,127.047109026111,37.5501345022163
서울특별시 성동구 행당동 147-1 147-1번지 삼부아파트 상가 202호 지층,"서울특별시 성동구 왕십리로 280, 지하202호 (행당동, 행당동삼부아파트)",4751,임페리얼골프아카데미,127.038017800199,37.5602047159985
서울특별시 성동구 응봉동 191-15,서울특별시 성동구 독서당로62길 20 (응봉동),4742,응봉실내골프연습장,127.032759425006,37.5501061084287
서울특별시 성동구 하왕십리동 1061 왕십리풍림아이원,"서울특별시 성동구 난계로 84 (하왕십리동, 왕십리풍림아이원)",4712,풍림휘트니스,127.024079949145,37.5591314196289
서울특별시 성동구 금호동4가 548-1,서울특별시 성동구 독서당로 302 (금호동4가),4737,혜성스크린골프,127.02273086562,37.5476110768479
서울특별시 성동구 성수동2가 231-1 성동마트,"서울특별시 성동구 뚝섬로 447, 성동마트 B1층 (성수동2가)",4786,은성스크린골프,127.060320898744,37.5378360688723
서울특별시 성동구 성수동2가 573-7 지하1층,"서울특별시 성동구 성덕정길 127, B1층 (성수동2가)",4777,B.J 골프 아카데미,127.057492321951,37.5367759212708
서울특별시 성동구 마장동 773-1,서울특별시 성동구 마장로 289 (마장동),4756,휴골프존,127.041663337153,37.565880394005
서울특별시 성동구 행당동 140 행당동 레몬프라자,"서울특별시 성동구 고산자로6길 40, 행당동 레몬프라자 803호 (행당동)",4745,레몬골프 스크린골프존,127.035482520519,37.5582206987955
서울특별시 성동구 마장동 517 동방빌딩,"서울특별시 성동구 고산자로 300, 동방빌딩 지하1층 (마장동)",4749,동방스크린골프,127.037028333194,37.5662930631564
서울특별시 성동구 하왕십리동 700,"서울특별시 성동구 왕십리로 410, I동 104~106호 (하왕십리동, 센트라스)",4701,센트라스 골프존,127.024082467223,37.5666029325047
서울특별시 성동구 금호동1가 633번지 벽산하이피아 217호,"서울특별시 성동구 금호로 102, 217호 (금호동1가, 벽산하이피아)",4718,식스팀골프&휘트니스,127.026272753093,37.5516094238096
서울특별시 성동구 행당동 168-151 왕십리민자역사,"서울특별시 성동구 왕십리광장로 17, 왕십리민자역사 6층 (행당동)",4750,돔골프,127.038394194396,37.5614417528647
서울특별시 성동구 성수동1가 14-30 두루지기시스템,"서울특별시 성동구 상원길 36, 두루지기시스템 지하1층 (성수동1가)",4790,골프존 성수센터,127.048748722841,37.5472488391521
서울특별시 성동구 마장동 776-3,"서울특별시 성동구 마장로 260, 동우빌딩 101,102호 (마장동)",4759,태종 스크린 골프,127.038642010346,37.5655016517351
서울특별시 성동구 성수동1가 685-54 성수 그린빌,"서울특별시 성동구 서울숲길 54, 성수 그린빌 지층 (성수동1가)",4768,서울숲골프아카데미,127.043580039284,37.5479284109517
서울특별시 성동구 성수동2가 339-1 성수동빌딩,"서울특별시 성동구 뚝섬로 389, 성수동빌딩 지하1층 (성수동2가)",4781,인조이골프스쿨,127.054046797015,37.5392430453982
서울특별시 성동구 행당동 347 행당동 대림아파트,"서울특별시 성동구 행당로 75, 행당동 대림아파트 6층 (행당동)",4713,고릴라 멀티짐,127.027520677046,37.556602469483
서울특별시 성동구 성수동2가 281-12 에딘버그골프연습장,"서울특별시 성동구 광나루로 320-1, 에딘버그골프연습장 (성수동2가)",4799,에딘버그골프스쿨,127.065428827768,37.5473266400059
서울특별시 성동구 행당동 168-151번지,"서울특별시 성동구 왕십리광장로 17, 8층 (행당동)",4750,돔 스크린 골프,127.038394194396,37.5614417528647
서울특별시 성동구 성수동2가 320-3,"서울특별시 성동구 성수이로7가길 14, 드림힐2 (성수동2가)",4781,드림힐 골프존,127.05538205511,37.5413692368868
서울특별시 성동구 성수동2가 834번지 성수동아이파크,"서울특별시 성동구 성수이로 137, 지하1층 101호 (성수동2가, 성수동아이파크)",4795,QED 골프아카데미 성수,127.056473146865,37.547925110995
서울특별시 성동구 옥수동 250-7 옥수삼성아파트 상가,"서울특별시 성동구 한림말길 31, 옥수삼성아파트 상가 B1층 01호 (옥수동)",4735,삼성스크린골프(옥수점),127.014589206454,37.5410795776673
서울특별시 성동구 성수동1가 656-320 동아아파트,"서울특별시 성동구 왕십리로 80-1, 동아아파트 (성수동1가)",4778,워터파크골프스쿨,127.045338933792,37.5440341715304
서울특별시 성동구 행당동 319-39 행당빌딩,"서울특별시 성동구 고산자로10길 8, 행당빌딩 지층 (행당동)",4745,무학골프존,127.034996832597,37.5586125973163
서울특별시 성동구 응봉동 228-12,서울특별시 성동구 고산자로 132 (응봉동),4747,대림골프스쿨,127.03542078668,37.551893821661
서울특별시 성동구 금호동4가 800 금호동 대우아파트 505호,"서울특별시 성동구 독서당로 270, 금호동 대우아파트 505호 (금호동4가)",4738,월드실내골프연습장,127.019481520634,37.5466437145234
서울특별시 성동구 용답동 235-2 금풍빌딩 B201호,"서울특별시 성동구 천호대로 432, B201호 (용답동, 금풍빌딩)",4808,E·O·S 골프아카데미,127.066853634442,37.5607509779782
서울특별시 성동구 성수동1가 13-443,"서울특별시 성동구 상원길 60, 지층 (성수동1가)",4791,상원골프장,127.048116376537,37.5493568947722
서울특별시 성동구 금호동1가 632 벽산아파트(종합사회복지관상가),"서울특별시 성동구 행당로6길 2, 벽산아파트(종합사회복지관상가) 지층 01호 (금호동1가)",4718,드림 골프클럽,127.025371864252,37.5553937219904
서울특별시 성동구 응봉동 275 신동아아파트,"서울특별시 성동구 독서당로 375, 지하1층 101호 (응봉동, 신동아아파트)",4720,헤드골프클럽,127.029000872671,37.5495375702385
서울특별시 성동구 하왕십리동 1070 센트라스,"서울특별시 성동구 왕십리로 410, 107~110호 (하왕십리동, 센트라스)",4701,키움골프GDR아카데미 센트라스점,,
서울특별시 성동구 용답동 182-11,서울특별시 성동구 자동차시장길 42 (용답동),4806,코오롱글로벌(주)스포렉스 용답점,127.055728563825,37.5598101660195
서울특별시 성동구 성수동1가 33-5 지하층,"서울특별시 성동구 뚝섬로5길 11, 지하층 (성수동1가)",4780,GDR 골프아카데미 성수,127.050625195937,37.5411137761786
서울특별시 성동구 홍익동 297 대명빌딩,"서울특별시 성동구 무학로8길 12, 대명빌딩 (홍익동)",4707,S골프존(에스골프존),127.032023654522,37.5655151651894
서울특별시 성동구 성수동1가 685-696번지 갤러리아 포레 B113-1호,"서울특별시 성동구 서울숲2길 32-14, B1층 B113-1호 (성수동1가, 갤러리아 포레)",4769,문스골프클럽,127.042914714267,37.5456773286722
서울특별시 성동구 마장동 517 동방빌딩 지하1층,"서울특별시 성동구 고산자로 300, 동방빌딩 지하1층 (마장동)",4749,GDR 실내골프연습장,127.037028333194,37.5662930631564
서울특별시 성동구 하왕십리동 1070 센트라스,"서울특별시 성동구 왕십리로 410, i동 114,115,135호 (하왕십리동, 센트라스)",4701,더블원골프 아카데미 센트라스점,127.024082467223,37.5666029325047
서울특별시 성동구 성수동2가 300-6 삼원빌딩,"서울특별시 성동구 성수일로8길 42, 삼원빌딩 2층 201호 (성수동2가)",4794,(주)해내,127.055044848674,37.5453527128383
서울특별시 광진구 구의동 200-1 지하1층,"서울특별시 광진구 광나루로 606, 지하1층 (구의동)",5034,마인핏(리디자인골프),127.095126583076,37.5413562523983
서울특별시 광진구 군자동 360-10번지 지층1호,,,MG골프연습장(7타석),,
서울특별시 광진구 구의동 199-18번지 삼성쉐르빌B/D지하1층(115호),"서울특별시 광진구 구의강변로 106 (구의동,삼성쉐르빌B/D지하1층(115호))",,삼성쉐르빌골프연습장(6타석)(무단폐업),127.09489656845,37.53985699394
서울특별시 광진구 자양동 644번지 로얄동아 아파트 상가동 지하1층호,"서울특별시 광진구 뚝섬로52마길 60, 지하1층 (자양동, 로얄동아아파트)",5108,나이스골프,127.081723293358,37.5286213660041
서울특별시 광진구 자양동 677-6 (지층),서울특별시 광진구 자양로 39 (자양동),5103,이비피 골프아카데미,127.08571693048,37.5315319225716
서울특별시 광진구 중곡동 173-2번지 (5층),"서울특별시 광진구 면목로 161, 5층 (중곡동, 중곡빌딩)",4906,이글스크린골프,127.082032319458,37.5677094408244
서울특별시 광진구 자양동 550-1번지 (지층),"서울특별시 광진구 능동로 49, 지층 (자양동, 영지빌딩)",5074,마스터스골프클럽(19타석),127.068396709721,37.5358145080981
서울특별시 광진구 구의동 218-15번지 지하1층,"서울특별시 광진구 아차산로 444, 지하1층 (구의동)",5047,Y·N 스크린골프클럽,127.091935742903,37.5385374792914
서울특별시 광진구 광장동 484 지하2층,"서울특별시 광진구 아차산로70길 62, 지하2층 (광장동, 광장현대3단지아파트)",4974,비스코헬스케어,127.098995313099,37.5403766593492
서울특별시 광진구 자양동 8-30번지,서울특별시 광진구 아차산로 212  (자양동),,삼성골프연습장(2타석),127.066773482901,37.5408139153647
서울특별시 광진구 광장동 114 외2필지 지하1층,서울특별시 광진구 아차산로78길 44 (광장동),4969,리버사이드 스포츠,127.10990666093,37.5507930950574
서울특별시 광진구 중곡동 93-2번지 3층,"서울특별시 광진구 용마산로 10  (중곡동,3층)",,대성골프클럽(6타석),127.088841013335,37.5545352784401
서울특별시 광진구 광장동 576번지 현대9차 상가 B101호,,,현대골프연습장(6타석),,
서울특별시 광진구 화양동 10-1번지 2층,"서울특별시 광진구 능동로13길 39  (화양동,2층)",,역발산센터,127.069757721395,37.543959020957
서울특별시 광진구 자양동 779-8 현대홈시티 B동 101호,"서울특별시 광진구 자양로 109, B동 101호 (자양동, 구의현대홈시티)",5026,엠엔엠 피트니스골프,127.083099910723,37.5374066951935
서울특별시 광진구 자양동 779-3번지,"서울특별시 광진구 아차산로 353 (자양동, 금강태극빌)",5026,OK스크린골프,127.08209431704,37.5372444977042
서울특별시 광진구 구의동 251-32번지 청양빌딩 지하1층,"서울특별시 광진구 자양로 142 (구의동,청양빌딩 지하1층)",,골프스토리(구의점),127.083577293303,37.5402625281016
서울특별시 광진구 구의동 75-19번지 두루미빌딩 지하1층,"서울특별시 광진구 천호대로 676, 지하1층 (구의동)",4992,아차산스크린(스크린 5타석),127.08993019403,37.5505911469287
서울특별시 광진구 자양동 680-3 이주빌딩 지하1층,"서울특별시 광진구 자양로 90, 지하1층 (자양동, 이주빌딩)",5051,붐스크린골프&연습장,127.084253255468,37.5358393988947
서울특별시 광진구 구의동 202-27번지 지층,서울특별시 광진구 광나루로 586 (구의동),5033,썬라이즈(스크린 5타석),127.093703340621,37.5428801693639
서울특별시 광진구 능동 223-9 원진빌딩 지하1층,"서울특별시 광진구 능동로34길 27, 지하1층 (능동, 원진빌딩)",4985,싱글골프연습장,127.081017990154,37.5552556668064
서울특별시 광진구 자양동 856 이튼타워리버5차,"서울특별시 광진구 능동로4길 40, 지하1층 B102,103,104,105,106,107,108호 (자양동, 이튼타워리버5차)",5096,온그린 골프장,127.069454223606,37.5321114084584
서울특별시 광진구 자양동 533-4번지,"서울특별시 광진구 뚝섬로33길 45 (자양동, 상석빌딩)",5070,JB 골프아카데미,127.070099282847,37.5370096778475
서울특별시 광진구 중곡동 117-5번지,서울특별시 광진구 용마산로 21 (중곡동),4931,NK 골프클럽,127.088013403176,37.5556076346907
서울특별시 광진구 능동 255-5번지 지하1층,"서울특별시 광진구 천호대로 636, 지하1층 (능동, (주)한국관광용품센타)",4987,SD 골프 아카데미,127.087838104433,37.5534924032831
서울특별시 광진구 자양동 227-7 더샵스타시티,"서울특별시 광진구 아차산로 272, 더샵스타시티 지하1층 B100-1호 (자양동)",5065,주식회사 헬스보이컴퍼니,127.072996184863,37.5385582736952
서울특별시 광진구 중곡동 199-1번지,서울특별시 광진구 면목로 192 (중곡동),4903,제이디 골프 연습장,127.083366204722,37.5702773342245
서울특별시 광진구 중곡동 140-29번지 지하1층,"서울특별시 광진구 천호대로 575, 지하1층 (중곡동, 남양빌딩)",4930,아차산골프연습장,127.082129921719,37.556498995722
서울특별시 광진구 자양동 856번지 이튼타워5차 상가 지하1층 102호,"서울특별시 광진구 능동로4길 38, 이튼타워5차 상가동 지하1층 102호 (자양동)",5096,G.C.M 스포츠,127.069104864516,37.5327367278937
서울특별시 광진구 구의동 199-18번지 삼성쉐르빌 지하1층 101동 113호,"서울특별시 광진구 구의강변로 106, 101동 지하1층 113호 (구의동, 삼성쉐르빌)",5117,비터스윗코리아,127.09489656845,37.53985699394
서울특별시 광진구 군자동 466-17번지,"서울특별시 광진구 천호대로 512 (군자동, 군자빌딩)",4994,SG  스크린 골프존,127.075308664069,37.5584318575875
서울특별시 광진구 화양동 21-2번지 이수브라운스톤2층,"서울특별시 광진구 광나루로 346, 2층 (화양동, 브라운스톤화양)",5007,시너지골프연습장,127.068368353438,37.5480052286217
서울특별시 광진구 구의동 31-23번지 욱현빌딩 지하1층,"서울특별시 광진구 자양로 312, 지하1층 (구의동, 욱현빌딩)",4956,아차산골프스쿨,127.093402430842,37.5531023255549
서울특별시 광진구 자양동 227-342 지하 1층,"서울특별시 광진구 능동로 90, 지하1층 (자양동, 더클래식500)",5065,건국AMC The Classic 500,127.070921773952,37.5383625791299
서울특별시 광진구 중곡동 93-2번지 2층,"서울특별시 광진구 용마산로 10 (중곡동,2층)",,Easy 스크린골프,127.088841013335,37.5545352784401
서울특별시 광진구 구의동 587-54번지 지하1층,"서울특별시 광진구 구의강변로3가길 33, 지하1층 (구의동)",5048,X-Golfpro 구의점,127.091373121189,37.5369192693586
서울특별시 광진구 구의동 199-18번지 삼성쉐르빌 101동 지층 115~118호,"서울특별시 광진구 구의강변로 106, 101동 지층 115-118호 (구의동, 구의동삼성쉐르빌)",5117,쉐르빌골프존,127.09489656845,37.53985699394
서울특별시 광진구 중곡동 165-2번지,서울특별시 광진구 능동로 389 (중곡동),4909,엄프로 골프 아카데미(UPGA),127.083028019514,37.5640960219113
서울특별시 광진구 자양동 227-344번지 지하1층,"서울특별시 광진구 능동로 76  (자양동,지하1층)",,광진문화예술회관(11타석),127.070576040786,37.5375706269359
서울특별시 광진구 자양동 580-9번지 3층,"서울특별시 광진구 뚝섬로 585, 3층 (자양동, 신축빌딩)",5068,썬스크린 골프,127.075051511089,37.5335871571865
"서울특별시 광진구 자양동 855 이튼타워리버3차 B01-3호, B01-4호 ","서울특별시 광진구 능동로 18, B01-3호 (자양동, 이튼타워리버3차)",5096,이튼 골프&연습장,127.067878953418,37.532681666917
서울특별시 광진구 자양동 663-21번지 지하1층,"서울특별시 광진구 자양로5길 33, 지하1층 (자양동, 와이엠프라젠스파)",5102,웰플러스 짐 골프연습장,127.084141036038,37.530921726612
서울특별시 광진구 군자동 466-18번지 (지층),"서울특별시 광진구 천호대로 510  (군자동,(지층))",,군자골프클럽(6타석),127.074990946567,37.5585175644249
"서울특별시 광진구 광장동 565-0번지 현대8단지상가 지층(2~5,6,9,10~25호) ","서울특별시 광진구 아차산로 530, 지층 (광장동)",4974,현대골프,127.100121481037,37.5423084438085
서울특별시 광진구 자양동 677-0번지 (지),"서울특별시 광진구 자양로5길 13  (자양동,(지))",,양태화골프클리닉(6타석),127.085150260611,37.5315620655409
서울특별시 광진구 구의동 611-0번지,,,오성골프스쿨(7타석),,
서울특별시 광진구 중곡동 157-8번지 중곡빌딩 지하1층,"서울특별시 광진구 천호대로 553, 지하1층 (중곡동, 중곡빌딩)",4929,공원스크린골프,127.079911629838,37.5573934061322
서울특별시 광진구 중곡동 649-3번지,서울특별시 광진구 천호대로 541 (중곡동),,서울골프(7타석)-무단폐업,127.078615148713,37.5578873921975
서울특별시 광진구 화양동 7-44번지 단산화양빌딩(지),"서울특별시 광진구 아차산로 225  (화양동,단산화양빌딩(지))",,아이피지에이골프장(8타석),127.068481030029,37.5409180841466
서울특별시 광진구 자양동 685-0번지,서울특별시 광진구 자양로 38  (자양동),,프로메이트(9타석),127.086454798289,37.5316187818149
서울특별시 광진구 자양동 762-0번지 상가지층1호,"서울특별시 광진구 뚝섬로35길 9, 지하1층 (자양동, 한라아파트)",5070,태초골프스쿨,127.070232883645,37.5352950847663
서울특별시 광진구 광장동 484번지 현대3단지상가지하2층,,,프라임골프연습장(6타석),,
서울특별시 광진구 구의동 599 (목림빌딩 지하2층),"서울특별시 광진구 구의강변로 30 (구의동, 목림빌딩 지하2층)",5116,이지스윙 골프아카데미,127.091855583013,37.5336989898548
서울특별시 광진구 구의동 27-2번지,서울특별시 광진구 자양로53길 20  (구의동),,명호골프스쿨(5타석),127.092999469842,37.5544978383938
서울특별시 광진구 자양동 650-29번지 지층,"서울특별시 광진구 뚝섬로52라길 69  (자양동,지층)",,그린골프연습장(3타석),127.082441764821,37.5294120360238
서울특별시 광진구 구의동 200-1번지 지하1층,"서울특별시 광진구 광나루로 606, 지하1층 (구의동)",5034,제이골프스쿨(무단폐업),127.095126583076,37.5413562523983
서울특별시 광진구 구의동 199-1번지 지하2층,"서울특별시 광진구 광나루로 614, 지하2층 (구의동, 만택빌딩)",5117,세종골프스쿨(7타석),127.09583385236,37.5407914746361
서울특별시 광진구 자양동 761-0 현대2차(아) 상가 지층1호-10호,"서울특별시 광진구 뚝섬로 542, 지층 1-10호 (자양동, 자양2차현대아파트)",5090,현대밸리골프클럽(10타석),127.070219779157,37.5345924922865
서울특별시 광진구 중곡동 185-4번지 (지층),"서울특별시 광진구 동일로 449, 지층 (중곡동, 나도빌딩)",4900,드림파크골프연습장,127.079428555036,37.570363391201
서울특별시 광진구 구의동 546-4 12층,"서울특별시 광진구 광나루로56길 85, 12층 (구의동, 테크노마트)",5116,버핏그라운드 강변테크노마트,127.095692162256,37.535725176732
"서울특별시 광진구 구의동 631-1번지 프라자상가502,503 ",,,프라자골프스쿨(7타석),,
서울특별시 광진구 화양동 23-5 더 메종 건대,"서울특별시 광진구 동일로 174, 지하1층 (화양동, 더 메종 건대)",5007,광진큐이디골프아카데미,127.067413853199,37.5475269867301
서울특별시 동대문구 답십리동 1003-2번지 세기프라자 406호,"서울특별시 동대문구 답십리로 140, 세기프라자 (답십리동)",2598,비오케이 골프피팅,127.055597303756,37.5724894025765
서울특별시 동대문구 전농동 10 전농 SK아파트,"서울특별시 동대문구 사가정로 148, 141동 지하1층 101호 (전농동, 전농 SK아파트)",2532,전농골프아카데미,127.061567688813,37.5766590358858
서울특별시 동대문구 용두동 233-24 디그빌딩,"서울특별시 동대문구 왕산로 43, 디그빌딩 4,5층 (용두동)",2579,크로우골프,127.028170537637,37.5773659458312
서울특별시 동대문구 전농동 10번지 전농 SK아파트 138동,"서울특별시 동대문구 사가정로 148, 138동 101-111호 (전농동, 전농 SK아파트)",2532,골프존파크 전농에스케이,127.061567688813,37.5766590358858
서울특별시 동대문구 휘경동 71-1,"서울특별시 동대문구 망우로 123, 휘경메디컬프라자 지하1층 (휘경동)",2436,JW골프아카데미,127.06659655052,37.591711720367
서울특별시 동대문구 회기동 67-3,"서울특별시 동대문구 이문로 3, 민족통일MJ캠퍼스경희대 5층 501호 (회기동)",2461,엠제이골프,127.053686007325,37.5886701518475
서울특별시 동대문구 장안동 146-20번지,"서울특별시 동대문구 한천로 126, 1~3층 (장안동)",2623,카카오 프렌즈 동대문,,
서울특별시 동대문구 용두동 788 한방천하 용두동 포스빌,"서울특별시 동대문구 왕산로 122, 한방천하 용두동 포스빌 지하2층 (용두동)",2566,포스빌골프,127.036911676719,37.5778466493598
서울특별시 동대문구 장안동 336 장안현대홈타운,"서울특별시 동대문구 장안벚꽃로 107, 제상가1동 지하1층 지3-4호 (장안동, 장안현대홈타운)",2638,지디알골프,127.075113657819,37.5710568281709
서울특별시 동대문구 장안동 336 장안현대홈타운,"서울특별시 동대문구 장안벚꽃로 107, 장안현대홈타운 제상가1동 지하1층 1,2호 (장안동, 장안현대홈타운)",2638,마스크오브미라클,127.075113657819,37.5710568281709
서울특별시 동대문구 답십리동 1012 답십리 뉴타운 카운티 에비뉴,"서울특별시 동대문구 사가정로 80, 답십리 뉴타운 카운티 에비뉴 (답십리동)",2541,오름 스크린 골프,127.054926569574,37.5752237850342
서울특별시 동대문구 신설동 97-8번지,서울특별시 동대문구 천호대로 23 (신설동),2582,노블스크린골프,127.026309807767,37.5746000518528
서울특별시 동대문구 답십리동 산 2-9번지,서울특별시 동대문구 답십리로 209 (답십리동),,힐 스크린골프,127.063817174774,37.573320107089
서울특별시 동대문구 장안동 365-6 화성빌딩,서울특별시 동대문구 장한로 92 (장안동),2639,서울스크린 골프연습장,127.069843827191,37.5688108189618
서울특별시 동대문구 용두동 26-14번지,"서울특별시 동대문구 고산자로 420 (용두동, 경동플라자)",2560,투어스크린 골프,,
서울특별시 동대문구 휘경동 330,서울특별시 동대문구 이문로 22 (휘경동),2446,월드골프,127.055622225035,37.5895567328256
서울특별시 동대문구 장안동 107-8번지,"서울특별시 동대문구 사가정로 207, 3층 (장안동)",2509,제이스크린골프,127.068016203955,37.5788925747579
서울특별시 동대문구 제기동 797-5,"서울특별시 동대문구 약령시로13길 1, 2,3층 (제기동)",2479,경동 골프존,,
서울특별시 동대문구 장안동 371-1,"서울특별시 동대문구 장한로 119, 지층 (장안동)",2624,헬스보이짐 장안점,127.070127915974,37.5714380427267
서울특별시 동대문구 신설동 97-8번지,서울특별시 동대문구 천호대로 23 (신설동),130-797,청계스포츠(골프연습장),127.026309807767,37.5746000518528
"서울특별시 동대문구 장안동 310-8 지하 1,2층 ",서울특별시 동대문구 장한로28가길 45 (장안동),2523,서울시버스노동조합 복지사업부,127.07257242454,37.5750625285245
서울특별시 동대문구 전농동 10 전농 SK아파트,"서울특별시 동대문구 사가정로 148, 지하층 102호 (전농동, 전농 SK아파트)",2532,언더파스크린골프,127.061567688813,37.5766590358858
서울특별시 동대문구 답십리동 산 2-9,서울특별시 동대문구 답십리로 209  (답십리동),,동대문힐스포파크,127.063817174774,37.573320107089
서울특별시 동대문구 휘경동 57-1,"서울특별시 동대문구 한천로 264, 지하1층 (휘경동)",2511,크린골프연습장,127.068314251007,37.5843095358408
서울특별시 동대문구 휘경동 264-2 효자 워너빌,"서울특별시 동대문구 망우로 67, 상가동 207호 (휘경동, 효자 워너빌)",2439,골프존 회기역점,127.060610064015,37.5899007986358
서울특별시 동대문구 전농동 647-1번지,서울특별시 동대문구 서울시립대로 36 (전농동),2594,조이스크린골프,127.046901294623,37.5745726736618
서울특별시 동대문구 용두동 40-13 동양프라자,"서울특별시 동대문구 고산자로 399, 지하1층 (용두동)",2566,스크린골프타운,127.037769621436,37.5752762915537
서울특별시 동대문구 장안동 464-1 지하1층,"서울특별시 동대문구 장한로 6 (장안동,지하1층)",,문스크린골프,127.065381587381,37.5619048977678
서울특별시 동대문구 장안동 338-2,"서울특별시 동대문구 장한로24길 46, 4층 (장안동)",2639,주)더해치 에이스골프,127.073278284,37.5699029959844
서울특별시 동대문구 답십리동 766 백석빌딩,"서울특별시 동대문구 한천로 103, 지하1층 (답십리동)",2610,골프존&SG스크린골프,127.064767494415,37.5707085962412
서울특별시 동대문구 장안동 387-12 대성빌딩,서울특별시 동대문구 장한로25길 50 (장안동),2624,대성스크린골프,127.068600584204,37.5721014417319
서울특별시 동대문구 용두동 726-10 안암빌딩,"서울특별시 동대문구 무학로 197, 지하1층 (용두동)",2578,드림 스크린 골프,127.02940253999,37.5819106191006
서울특별시 동대문구 휘경동 267-110번지,서울특별시 동대문구 망우로16길 20 (휘경동),,필드로 골프연습장,127.060971952229,37.5893695674034
서울특별시 동대문구 장안동 94-27번지 B101호,"서울특별시 동대문구 한천로46길 42, B101호 (장안동)",2516,GEM스크린골프,127.070706551458,37.5814628804522
서울특별시 동대문구 답십리동 12-266 리더스빌딩,"서울특별시 동대문구 한천로 43, 4층 (답십리동)",2617,월드스크린골프,127.061125017783,37.5659476957408
서울특별시 동대문구 이문동 325-20 민족통일 대통령 리빙텔,"서울특별시 동대문구 이문로 86, 민족통일 대통령 리빙텔 지하1층 (이문동)",2440,엠제이골프,127.059235517882,37.5944865541205
서울특별시 동대문구 제기동 615-1 민족통일빌,"서울특별시 동대문구 홍릉로3길 55, 지하1층 (제기동, 민족통일빌)",2572,엠제이골프,127.041450873999,37.5815938178583
서울특별시 중랑구 면목동 650 카멜리아쇼핑센타,"서울특별시 중랑구 면목로39길 11, 2층 (면목동)",2239,GOTO 면목 골프,127.086299055242,37.5795516849136
서울특별시 중랑구 묵동 164-4 묵동자이아파트1단지,"서울특별시 중랑구 숙선옹주로 6-9, 지하2층 (묵동, 묵동자이아파트1단지)",2033,비원스크린골프,127.077944822519,37.6149132859804
서울특별시 중랑구 면목동 62-4 영스포츠,"서울특별시 중랑구 용마산로 361, 5,6층 (면목동)",2208,SS골프,,
서울특별시 중랑구 면목동 56-4 정이든 빌딩,"서울특별시 중랑구 용마산로 382, 정이든 빌딩 4층, 지하2층 (면목동)",2193,정이든 스크린골프,127.095065336528,37.5856902647309
서울특별시 중랑구 신내동 387-1 삼부그린스포츠센터,"서울특별시 중랑구 용마산로 623, 삼부그린스포츠센터 2,3,4층 (신내동)",2068,삼부그린스포츠센터,127.100476623662,37.6067294197018
서울특별시 중랑구 묵동 13 신내4단지신내아파트,"서울특별시 중랑구 숙선옹주로 91, 지하1층 (묵동, 신내4단지신내아파트)",2029,Sun골프아카데미,127.085544432545,37.6172653669997
서울특별시 중랑구 면목동 184-88 삼보볼링센타,"서울특별시 중랑구 중랑천로10길 76, 삼보볼링센타 3층 (면목동)",2124,삼보 골프스쿨,127.077343706007,37.5922443208716
서울특별시 중랑구 신내동 387-1 삼부그린스포츠센터,"서울특별시 중랑구 용마산로 623, 삼부그린스포츠센터 1층 (신내동)",2068,삼부스크린 골프연습장,127.100476623662,37.6067294197018
서울특별시 중랑구 신내동 666 신아타운,"서울특별시 중랑구 봉화산로 194, 신아타운 12층 1202호 (신내동)",2076,신아골프존,127.094707041869,37.6064526315197
서울특별시 중랑구 상봉동 128,"서울특별시 중랑구 망우로 244, 지하1층 (상봉동)",2122,H.J 스크린골프,127.079761963146,37.5946015075124
서울특별시 중랑구 면목동 649-4 금광여관,"서울특별시 중랑구 면목로39길 18, 금광여관 2층 (면목동)",2238,Nobless 스크린골프,127.086434574995,37.5799500051598
서울특별시 중랑구 묵동 20 신내두산아파트,"서울특별시 중랑구 신내로21길 6, 신내두산아파트 상가 지하1층 (묵동)",2023,세븐골프,127.090127713018,37.617397644272
서울특별시 중랑구 면목동 1502 면목현대아파트,"서울특별시 중랑구 용마산로 272, 면목현대아파트 상가 지하1층 (면목동)",2258,현대스크린 골프연습장,127.089829376792,37.5768082278602
서울특별시 중랑구 신내동 502-5 대명프라자,"서울특별시 중랑구 봉화산로56길 153, 대명프라자 지하1층 (신내동)",2071,대명골프,127.096785094457,37.6014843289566
서울특별시 중랑구 망우동 360-4 유진빌딩,"서울특별시 중랑구 망우로 448, 유진빌딩 지하1층 (망우동)",2176,유진 스크린골프장,127.101588367221,37.5998703125968
서울특별시 중랑구 신내동 413-1 비동,"서울특별시 중랑구 용마산로129나길 6, 4층 (신내동)",2068,현대 야외 스크린골프,127.099593040079,37.6068996447662
서울특별시 중랑구 망우동 470-18 원동빌딩,"서울특별시 중랑구 망우로 422, 7층 (망우동)",2164,탑 스포츠,127.098975506863,37.5993115759551
서울특별시 중랑구 상봉동 101 이지팰리스,"서울특별시 중랑구 망우로 316, 이지팰리스 8층 (상봉동)",2148,스크린골프 PGA,127.087565034141,37.5965223858128
서울특별시 중랑구 중화동 307-1 제일프라자,"서울특별시 중랑구 동일로143길 19, 제일프라자 2층 (중화동)",2014,J스크린 & 골프스쿨,127.077618295975,37.605007486547
서울특별시 중랑구 면목동 72-36 대우오피스텔,"서울특별시 중랑구 겸재로 226-3, 지하1층 (면목동)",2199,지니 스크린골프,127.092972097208,37.5893864514493
서울특별시 중랑구 상봉동 495 동부영건아파트,"서울특별시 중랑구 신내로7가길 35, 동부영건아파트 상가 지하1층 (상봉동)",2079,천지골프,127.093872012268,37.6022805443814
서울특별시 중랑구 중화동 314-1 태능에셈빌,"서울특별시 중랑구 동일로129길 35, 지하1층 (중화동, 태능에셈빌)",2104,뉴온리짐,127.077554696692,37.5992703826018
서울특별시 중랑구 망우동 118-1 용마스크린골프,"서울특별시 중랑구 용마공원로9길 44, 용마스크린골프 (망우동)",2186,MMOVE 골프연습장,127.103647793655,37.5932819176008
서울특별시 중랑구 신내동 661 신내대명아파트,"서울특별시 중랑구 봉화산로 193, 지하1층 (신내동, 신내대명아파트)",2043,동경골프연습장,127.094457238177,37.6068322383951
서울특별시 중랑구 묵동 2 현동학당,"서울특별시 중랑구 신내로25가길 2, 현동학당 지하1층 (묵동)",2021,화랑대역 OK스크린골프,127.08419542632,37.6194780819731
서울특별시 중랑구 중화동 450 중화한신아파트,"서울특별시 중랑구 동일로 752, 1층 123호 (중화동, 중화한신아파트)",2095,J&A 골프스쿨,127.082070702444,37.5970090851956
서울특별시 성북구 성북동 103번지,"서울특별시 성북구 성북로 105, 2층 (성북동)",2879,행복 골프 훈련소,126.997175711944,37.5926590364447
서울특별시 성북구 정릉동 380-1번지,"서울특별시 성북구 정릉로 195, 1층 (정릉동)",2710,정릉스크린골프,127.006410619009,37.607259812988
서울특별시 성북구 길음동 21-138번지,서울특별시 성북구 동소문로47길 19 (길음동),,G.M골프스쿨,,
서울특별시 성북구 정릉동 465-1번지 6층,"서울특별시 성북구 정릉로 250  (정릉동,6층)",,블루스카이 골프연습장,127.011370819691,37.6042686933031
서울특별시 성북구 하월곡동 70-123번지 지하1층,"서울특별시 성북구 오패산로 25  (하월곡동,지하1층)",,캐리비안골프아카데미,127.037090884484,37.6045421790134
서울특별시 성북구 정릉동 1020 정릉우성스카이상가,"서울특별시 성북구 북악산로 809, 정릉우성스카이상가 지층 (정릉동)",2819,in골프연습장,127.014471992987,37.6008116138803
서울특별시 성북구 정릉동 380-1,서울특별시 성북구 정릉로 195 (정릉동),,(주) 정릉골프클럽,127.006410619009,37.607259812988
서울특별시 성북구 정릉동 675-1번지 모아방빌딩 7층,"서울특별시 성북구 정릉로 169  (정릉동,모아방빌딩 7층)",,모아방골프클리닉,127.003884690613,37.6080307198159
"서울특별시 성북구 종암동 132 종암우림카이저팰리스 상가동 B101,호","서울특별시 성북구 종암로 132, 상가동 B101,B102,B103호 (종암동, 종암우림카이저팰리스)",2797,시티짐 119종암,127.033550711598,37.6019090131896
서울특별시 성북구 삼선동4가 73번지 코오롱아파트 상가2층,"서울특별시 성북구 삼선교로23길 23 (삼선동4가,코오롱아파트 상가2층)",,코오롱골프존,127.013017474713,37.5908460068258
서울특별시 성북구 동선동4가 111-1번지 골든타워 (지하1층),"서울특별시 성북구 동소문로 125  (동선동4가,골든타워 (지하1층))",,B&B 스크린골프,127.01821856847,37.5941562838985
서울특별시 성북구 하월곡동 59-2번지 영광프라자 204호,"서울특별시 성북구 오패산로10길 30  (하월곡동,영광프라자 204호)",,해 스크린,127.038511863008,37.6050974545329
서울특별시 성북구 하월곡동 77-221 로만플라자,"서울특별시 성북구 오패산로 98, 로만플라자 201,202,203,204호 (하월곡동)",2741,명품 스크린골프,127.035639686915,37.6108634286384
서울특별시 성북구 종암동 132 종암우림카이저펠리스 지하 B동 4호,"서울특별시 성북구 종암로 132, 지하층 B4호 (종암동, 종암우림카이저팰리스)",2797,버디24스크린골프장,127.033550711598,37.6019090131896
서울특별시 성북구 종암동 124-8,"서울특별시 성북구 정릉로52길 5, 4,5층 (종암동)",2802,자스코골프연습장,,
서울특별시 성북구 돈암동 609-1번지 한진스포츠센터 5302호,"서울특별시 성북구 성북로4길 52, 5302호 (돈암동, 한진스포츠센터)",136-060,한진스크린골프연습장,127.012706037821,37.5944725333435
서울특별시 성북구 정릉동 1020번지 우성쇼핑상가 A동 2층,"서울특별시 성북구 정릉로38마길 29, 상가A동 2층 (정릉동, 우성아파트)",2819,에이스골프연습장,127.016885980062,37.6013415261907
서울특별시 성북구 정릉동 1034 길음뉴타운10단지,"서울특별시 성북구 정릉로 307, 상가동 지2층 B203, B204호 (정릉동, 길음뉴타운10단지)",2719,라온골프스쿨,127.017866208389,37.6032285064084
서울특별시 성북구 석관동 242-1번지 2층,"서울특별시 성북구 화랑로 254  (석관동,2층)",,꿈의숲스크린골프,127.057612362235,37.6108273573205
서울특별시 성북구 종암동 133 래미안세레니티,"서울특별시 성북구 종암로23길 35, 상가동 지하2층 203,204,205호 (종암동, 래미안세레니티)",2804,챔프스크린골프,,
서울특별시 성북구 정릉동 산 16-1번지 M동 지하 3층,"서울특별시 성북구 서경로 124, M동 지하3층 (정릉동)",2713,(주)에스케이스포렉스,127.013565764354,37.6154147804327
서울특별시 성북구 길음동 1080번지 기린B/D B1,"서울특별시 성북구 삼양로 22 (길음동,기린B/D B1)",,GMC스포츠센터,127.024902655048,37.6053814989043
"서울특별시 성북구 하월곡동 71-53번지 2,3,4,5층 ","서울특별시 성북구 오패산로5길 9-14  (하월곡동,2,3,4,5층)",,골프파크,127.036314990162,37.6049373242504
서울특별시 성북구 하월곡동 104-112번지 지하1층,"서울특별시 성북구 동소문로 260, 지하1층 (하월곡동, 길음역환승주차장)",2734,486 골프,127.025843986066,37.6040883757593
"서울특별시 성북구 장위동 316-3번지 센트럴타운상가 B103, B104 ","서울특별시 성북구 월계로40길 7 (장위동,센트럴타운상가 B103, B104)",,SM골프아카데미,127.048309344122,37.6229729783825
서울특별시 성북구 상월곡동 101-2번지 동아다누프라자(5층),"서울특별시 성북구 장월로3길 1  (상월곡동,동아다누프라자(5층))",,웰빙스포렉스,127.047041124251,37.6078926570484
서울특별시 성북구 보문동4가 8번지 화성빌딩 8층,"서울특별시 성북구 보문로 94, 8층 (보문동4가, 화성빌딩)",136-084,BEST 골프클럽,127.020603298681,37.583713478664
서울특별시 성북구 돈암동 19-98 5층,"서울특별시 성북구 동소문로 190, 5층 (돈암동)",2807,아크로짐 헬스PT&골프 돈암점,127.022090691445,37.5988985312292
서울특별시 성북구 동소문동6가 117-2 B201호,"서울특별시 성북구 동소문로 89, B201호 (동소문동6가)",2830,돈암스크린골프,127.015167228767,37.5926548521647
"서울특별시 성북구 돈암동 609-1번지 한진아파트 스포츠센타 지하2층 5303,5304호 ","서울특별시 성북구 성북로4길 52, 지하2층 5303,5304호 (돈암동, 한진아파트 스포츠센타)",2831,샵비젼,127.012706037821,37.5944725333435
"서울특별시 성북구 돈암동 632번지 돈암동 풍림아파트내 상가동 201~204,206~209호 ","서울특별시 성북구 북악산로 913, 2층 201~204,206~209호 (돈암동, 돈암동 풍림아파트내 상가동)",2808,청화골프,127.022954666928,37.5965594834136
서울특별시 성북구 상월곡동 55-76번지 외 5필지,"서울특별시 성북구 장월로1길 47, 지하1층 (상월곡동)",2752,EZ 골프아카데미,127.045693313065,37.6062427537073
서울특별시 성북구 돈암동 19-176번지 대성빌딩 2층,"서울특별시 성북구 동소문로 186  (돈암동,대성빌딩 2층)",,돈암스크린골프장,127.022010878889,37.5985855418661
서울특별시 성북구 종암동 3-1237 402호,"서울특별시 성북구 종암로 120 (종암동,402호)",,종암골프 아카데미,127.034438925479,37.6010208311524
서울특별시 성북구 정릉동 산 87-1번지,서울특별시 성북구 정릉로 49 (정릉동),2703,북악골프연습장,126.991321417796,37.6119813027047
서울특별시 성북구 석관동 270-1번지,서울특별시 성북구 돌곶이로22가길 27  (석관동),,동호골프클럽,127.060316573105,37.6089651932126
서울특별시 성북구 종암동 124-8번지 지하1층,서울특별시 성북구 정릉로52길 5 (종암동),2802,그린골프연습장,127.030232628106,37.6037613548866
서울특별시 성북구 상월곡동 55-76번지,"서울특별시 성북구 장월로1길 47, 지층 (상월곡동)",2752,E.Z 골프연습장,127.045693313065,37.6062427537073
서울특별시 성북구 하월곡동 81-356번지 5층,"서울특별시 성북구 월계로 30, 5층 (하월곡동)",2737,미아SG스크린,127.033903572626,37.6098796995702
서울특별시 성북구 상월곡동 55-76,"서울특별시 성북구 장월로1길 47, 지하 1층 (상월곡동)",2752,이지골프아카데미,127.045693313065,37.6062427537073
서울특별시 강북구 수유동 274-5 공간라움,"서울특별시 강북구 삼양로 498, B1호 (수유동, 공간라움)",1037,GPT골프레슨,127.014802429578,37.6476366840124
서울특별시 강북구 번동 123-1번지,서울특별시 강북구 오현로 131 (번동),,드림골프스토리,127.037332270617,37.6241369828255
서울특별시 강북구 번동 443-8번지,서울특별시 강북구 덕릉로 113 (번동),,파스칼 스크린,127.026370335957,37.6351335059102
서울특별시 강북구 수유동 455-32번지,서울특별시 강북구 인수봉로 160 (수유동),1093,홍이 골프,127.013600548831,37.6341348542323
서울특별시 강북구 미아동 52-1,"서울특별시 강북구 월계로7나길 4, 2층 201호 (미아동)",1218,위너스 골프타운,127.033708462013,37.6129553716493
,"서울특별시 강북구 삼양로 497 (수유동, 씨엘빌딩)",1029,다온골프연습장,127.014365249813,37.6475440268505
서울특별시 강북구 수유동 338-6,서울특별시 강북구 삼양로 438 (수유동),,한일골프스쿨,127.016678775368,37.64254344188
서울특별시 강북구 수유동 730 수유삼성아파트,"서울특별시 강북구 한천로 1121, 수유삼성아파트 상가동 지하층 (수유동)",1040,삼성골프클럽,127.019488566052,37.6448820560805
서울특별시 강북구 미아동 701-3번지,서울특별시 강북구 솔샘로 233 (미아동),,라온스크린골프,127.019095469624,37.6204222475002
서울특별시 강북구 미아동 189-14,서울특별시 강북구 도봉로 260 (미아동),,하바나 스크린골프,127.024422935028,37.6317067557155
서울특별시 강북구 번동 112-1,서울특별시 강북구 월계로 193 (번동),,에덴골프,127.045366199173,37.6214532799524
서울특별시 강북구 번동 418-3번지,서울특별시 강북구 도봉로 352 (번동),,고릴라 멀티짐,127.0270330299,37.6386747681785
서울특별시 도봉구 창동 593-18번지,"서울특별시 도봉구 덕릉로63가길 68, 3층 (창동)",1463,제니스골프연습장,127.036719100414,37.6427874882547
서울특별시 도봉구 쌍문동 256 에벤에셀 제101동 제301호,"서울특별시 도봉구 해등로 255, 제101동 제3층 제301호 (쌍문동, 에벤에셀아파트)",1429,스카이골프,127.028191786525,37.6573748589473
서울특별시 도봉구 창동 307-1번지 4층,"서울특별시 도봉구 해등로 111  (창동,4층)",,동원골프스쿨,127.040496838845,37.6532449576437
서울특별시 도봉구 창동 643-6번지,"서울특별시 도봉구 도봉로 420, 3층 (창동)",132-923,왕오토자동차매매상사(주) 킹골프연습장,127.031975926828,37.6431233144921
서울특별시 도봉구 창동 628-20번지 3층,"서울특별시 도봉구 도봉로104길 53, 3층 (창동)",132-920,휴먼(HUMAN)골프,127.035021358294,37.6433358929241
서울특별시 도봉구 쌍문동 575번지,"서울특별시 도봉구 도봉로 601, B101호 (쌍문동, 시그마팰리스)",132-892,상진골프클럽,127.040092682995,37.6584191663127
서울특별시 도봉구 방학동 278-5번지 화성빌딩 지하1층,"서울특별시 도봉구 방학로 204  (방학동,화성빌딩 지하1층)",,New 명성골프스쿨,127.029460702491,37.6622088559752
"서울특별시 도봉구 창동 750-2번지 창동리더스빌딩 305, 306호","서울특별시 도봉구 도봉로136가길 4,  305, 306호 (창동,창동리더스빌딩)",,리더스 스크린골프,,
서울특별시 도봉구 방학동 670-7번지,서울특별시 도봉구 방학로 167  (방학동),,마스타골프,127.033578375448,37.6621580215254
서울특별시 도봉구 창동 331-1,서울특별시 도봉구 노해로65길 17-9 (창동),1405,탑스크린골프,127.045750769497,37.6519534604914
서울특별시 도봉구 방학동 723번지,"서울특별시 도봉구 마들로 598 (방학동, 서울문화고등학교)",1338,문화고등학교 골프연습장,127.047285814495,37.6641314270343
서울특별시 도봉구 쌍문동 508-1번지 산수디앤씨,"서울특별시 도봉구 삼양로 610, 산수디앤씨 (쌍문동)",1366,JC 스크린골프,127.013910559778,37.6574508375486
서울특별시 도봉구 도봉동 563번지 화성빌딩,"서울특별시 도봉구 도봉로 873, 화성빌딩 (도봉동)",1304,그린샷스크린골프,127.045458406525,37.6824333823664
서울특별시 도봉구 도봉동 62-4,서울특별시 도봉구 도봉로180길 6 (도봉동),132-801,쇼골프 도봉점,127.04669293168,37.6831080930314
서울특별시 도봉구 창동 568-2번지 창동빌딩,"서울특별시 도봉구 덕릉로 264, 창동빌딩 (창동)",1474,썬스크린골프존,127.0403842271,37.640743308532
서울특별시 도봉구 도봉동 62-4번지 1층,"서울특별시 도봉구 도봉로180길 6, 1층 (도봉동)",132-801,스카이돔스크린,127.04669293168,37.6831080930314
서울특별시 도봉구 방학동 703-17번지 우리들메디빌딩,"서울특별시 도봉구 도봉로 677, 우리들메디빌딩 (방학동)",1340,에이스,127.042318316334,37.6649297808959
서울특별시 도봉구 도봉동 629-30번지 보성빌딩,"서울특별시 도봉구 마들로 764 (도봉동, 보성빌딩)",1323,J-스크린골프,127.049426444949,37.677993656335
서울특별시 도봉구 쌍문동 509-1번지 백운빌딩,"서울특별시 도봉구 삼양로 616, 백운빌딩 (쌍문동)",1365,KJ골프아카데미,127.014055047185,37.6580212321147
서울특별시 도봉구 창동 743-28번지 3층,"서울특별시 도봉구 마들로 550  (창동,3층)",,위너스스크린골프존,127.049642163374,37.660460221857
서울특별시 도봉구 도봉동 657번지 도봉한양수자인 지1층 B06호,"서울특별시 도봉구 마들로 724 (도봉동, 도봉한양수자인 지1층 B06호)",1325,한양스크린골프,127.047662295599,37.6745440831023
서울특별시 도봉구 창동 16-1,"서울특별시 도봉구 노해로 391, 지하1층 (창동)",1415,골프타임 스크린골프연습장,127.051608988278,37.652839321952
서울특별시 도봉구 방학동 723번지,서울특별시 도봉구 마들로 598 (방학동),1338,문화골프연습장,127.047285814495,37.6641314270343
서울특별시 도봉구 창동 1-6번지,"서울특별시 도봉구 노해로69길 132, 지하1층 (창동)",1412,창동실내골프연습장,127.05070532949,37.6581173975205
서울특별시 도봉구 도봉동 63번지,"서울특별시 도봉구 도봉로180길 31, 5층 (도봉동)",1319,(주)케이티라이브온,,
서울특별시 도봉구 창동 산 126-1번지 도봉종합골프클럽,"서울특별시 도봉구 해등로3길 69-21, 도봉종합골프클럽 (창동)",1485,도봉종합골프연습장,127.04139454885,37.6458522592375
서울특별시 도봉구 창동 808번지,"서울특별시 도봉구 노해로69길 97, 지하3호 (창동, 동아청솔상가)",132-040,창동골프스쿨,127.049334440854,37.6568264212057
서울특별시 도봉구 쌍문동 59-5번지,"서울특별시 도봉구 시루봉로 56, 지하2층 (쌍문동, 한양6차@상가)",132-861,한양골프스쿨,127.028218971963,37.6558426422301
서울특별시 도봉구 방학동 720-1 대상타운현대@상가,"서울특별시 도봉구 마들로 624, 지하층 비101-103호 (방학동, 대상타운현대@상가)",132-798,골프시즌,127.046680603721,37.6657841569947
서울특별시 도봉구 방학동 704-50번지,"서울특별시 도봉구 도봉로 699, 3층 (방학동)",1340,KJ 골프스쿨,127.042741846745,37.6668734939926
서울특별시 도봉구 방학동 720-33번지 도봉월드 704호,"서울특별시 도봉구 마들로 650, 704호 (방학동, 도봉월드)",132-704,이안골프아카데미,127.047064658894,37.6680283468222
서울특별시 도봉구 쌍문동 138-67번지,서울특별시 도봉구 노해로 208  (쌍문동),,쌍문스크린골프,127.031264847614,37.6507657381297
서울특별시 도봉구 방학동 676-21번지 SYO빌딩,"서울특별시 도봉구 방학로3길 6, SYO빌딩 2층 (방학동)",1390,창스크린골프,127.040568535069,37.6625507246319
서울특별시 노원구 공릉동 670-6 미라쉘,"서울특별시 노원구 화랑로 441, 미라쉘 지하2층 (공릉동)",1849,GDR 태릉연습장,127.076317454153,37.6182380045872
서울특별시 노원구 상계동 180-3,"서울특별시 노원구 노원로26길 119, 2층 (상계동)",1702,모닛골프스쿨,127.071619372791,37.655253143876
서울특별시 노원구 상계동 450 교림노원프라자,"서울특별시 노원구 한글비석로 444, 교림노원프라자 지하층 138호 (상계동)",1666,리드골프아카데미,127.068492606148,37.663613046348
서울특별시 노원구 상계동 110-9번지 상계뉴타운프라자 405호,"서울특별시 노원구 덕릉로 805  (상계동,상계뉴타운프라자 405호)",,뉴타운스크린골프,127.079755560874,37.6688549907685
"서울특별시 노원구 월계동 321-2번지 희성프라자 5층(503,504,505,506호) ","서울특별시 노원구 월계로 370, 5층 503,504,505,506호호 (월계동, 희성프라자)",1905,제이에스스크린골프,127.06102564028,37.6309766775099
서울특별시 노원구 중계동 579 화인상가 1층 103호외,"서울특별시 노원구 중계로 160  (중계동,화인상가 1층 103호외)",,화인스크린골프,127.08136593924,37.6494069250537
서울특별시 노원구 상계동 694번지 임광(아)상가 (지층),"서울특별시 노원구 노원로 547, 상가동 지층 (상계동, 임광아파트)",1687,드림골프아카데미,127.057983848414,37.6609845717011
서울특별시 노원구 상계동 372-5번지,서울특별시 노원구 노원로 452  (상계동),,상계골프연습장,127.06692012654,37.6570063312756
서울특별시 노원구 하계동 276-6번지 6층,"서울특별시 노원구 공릉로63길 13 (하계동,6층)",,YB GOLF스크린,127.070523641075,37.6348836425391
서울특별시 노원구 월계동 18 그랑빌아파트 주상가동 지하2층 201호,"서울특별시 노원구 마들로 31, 주상가동 지하2층 201호 (월계동, 그랑빌아파트)",1913,W스크린골프,127.067084588448,37.6187253727752
서울특별시 노원구 상계동 749 지하1층,"서울특별시 노원구 동일로 1374  (상계동,지하1층)",,K스크린골프장,127.061756862041,37.6513092624002
서울특별시 노원구 상계동 1279 중앙하이츠아파트 상가동 101~1호,"서울특별시 노원구 노원로28길 9, 중앙하이츠아파트 상가동 지하층 101~109호 (상계동)",1704,ACE스크린골프,127.068468944165,37.6530278761718
서울특별시 노원구 하계동 256-8 삼화빌딩,"서울특별시 노원구 노원로 236, 삼화빌딩 7층 (하계동)",1750,하계골프연습장,127.075113449442,37.6391012937071
서울특별시 노원구 상계동 110-9번지 6구역45블럭3롯트 상계뉴타운프라자 601호,"서울특별시 노원구 덕릉로 805,  601호 (상계동,6구역45블럭3롯트 상계뉴타운프라자)",,THE골프연습장,127.079755560874,37.6688549907685
서울특별시 노원구 하계동 256-8번지,"서울특별시 노원구 노원로 236, 7층 (하계동, 삼화빌딩)",1750,하계스크린골프,127.075113449442,37.6391012937071
서울특별시 노원구 중계동 364-17번지 유경 4층호,"서울특별시 노원구 한글비석로 232 (중계동, 유경데파트 4층)",1734,고릴라멀티짐-골프,127.076938720805,37.6484456633269
서울특별시 노원구 상계동 1117-16번지,"서울특별시 노원구 동일로242가길 22, 3층 (상계동, SN타워 )",1625,SNL스크린,127.056028731455,37.6768114134294
서울특별시 노원구 중계동 506-1번지,"서울특별시 노원구 섬밭로 258, 지하2층 (중계동, 건영옴니백화점)",1779,건영스크린골프아카데미,127.064915087375,37.6391097783726
서울특별시 노원구 상계동 1265번지,"서울특별시 노원구 동일로250길 18, 지층 101호 (상계동)",1623,알바트로스골프장,127.056999292729,37.6818424631869
서울특별시 노원구 중계동 143번지,"서울특별시 노원구 덕릉로 699, 204,5호 (중계동, 우암에이스타워)",1662,김&신 골프존,,
서울특별시 노원구 중계동 591번지,"서울특별시 노원구 한글비석로 384, 상가B01호 (중계동, 대호프라자)",1662,우리스포츠센터(골프),127.073239970178,37.6598085040664
서울특별시 노원구 상계동 172번지,"서울특별시 노원구 상계로 193-14, 지층 12,13,18~23호 (상계동, 상계대림아파트)",1661,트윈골프연습장,127.074305253695,37.6621630029486
서울특별시 노원구 상계동 292-1 와우쇼핑몰,"서울특별시 노원구 노해로 507, 6층 (상계동)",1695,와우짐,127.063889081054,37.6554272387774
서울특별시 노원구 월계동 320-11번지 사슴아파트 3단지 상가 지층,"서울특별시 노원구 월계로55길 3, 상가동 지층 (월계동, 사슴아파트3단지)",1865,삼성골프스쿨,127.060566732758,37.6317008561386
서울특별시 노원구 중계동 364번지 신안동진(아)상가 지하,"서울특별시 노원구 중계로 197, 상가동 지하층 (중계동, 신안동진아파트)",1735,에이스골프,127.078209384307,37.6503496861549
"서울특별시 노원구 월계동 929번지 현대아파트 상가동 224,225,226,227호 ","서울특별시 노원구 석계로 49  (월계동,현대아파트 상가동 224,225,226,227호)",,버디골프클럽,127.06250985635,37.6172177389168
서울특별시 노원구 중계동 434-2 현대종합상가 B105,"서울특별시 노원구 한글비석로15길 48 (중계동,현대종합상가 B105)",,중계스크린골프,127.073458233624,37.6564594192251
서울특별시 노원구 중계동 588번지 양지대림상가 지하101호,"서울특별시 노원구 덕릉로73길 28 (중계동,양지대림상가 지하101호)",,이미숙골프아카데미,127.071935248871,37.6524755833309
서울특별시 노원구 월계동 산 69 외 7필지,"서울특별시 노원구 마들로5가길 27-17 (월계동,외 7필지)",,초안산 골프연습장,127.054369956345,37.6387144412222
서울특별시 노원구 중계동 359-9 지1층,"서울특별시 노원구 한글비석로 269 (중계동,지1층)",,FITNESS인(골프),127.076788209393,37.6517182215771
서울특별시 노원구 상계동 629 주공14단지 유치원상가지층,"서울특별시 노원구 동일로228길 29 (상계동,주공14단지 유치원상가지층)",,서진골프스쿨,127.058746395525,37.6677947086387
서울특별시 노원구 중계동 311-25 중계동 가든,"서울특별시 노원구 중계로 119, 중계동 가든 2층 (중계동)",1740,G5스콜라 (G5 SCHOLA),127.081589055077,37.6459859175937
서울특별시 노원구 공릉동 404-2 대영빌딩 지하1층,"서울특별시 노원구 동일로173가길 147 (공릉동,대영빌딩 지하1층)",,에이에프오골프클럽,127.071475910062,37.6247475166494
서울특별시 노원구 상계동 652-2번지 지층,"서울특별시 노원구 동일로227길 47  (상계동,지층)",,프라자골프스쿨,127.054316055338,37.6669153127476
서울특별시 노원구 중계동 43-6 외4필지,"서울특별시 노원구 중계로 116-7 (중계동,외4필지)",,중계골프(요가)연습장,127.082575885539,37.6461985838961
서울특별시 노원구 월계동 660번지,서울특별시 노원구 초안산로2길 81-38 (월계동),1867,스파크월계골프연습장,127.056750540817,37.6334148965325
서울특별시 노원구 공릉동 670-9번지 초정빌딩지하1층,"서울특별시 노원구 화랑로 447  (공릉동,초정빌딩지하1층)",,이글골프스쿨,127.076977208017,37.6184239904377
서울특별시 노원구 중계동 358번지 주공3단지(아)상가(지층),"서울특별시 노원구 한글비석로 331, 상가동 지층 (중계동, 주공3단지 )",139-859,버디앤버디,127.077445462958,37.6566300376552
서울특별시 노원구 공릉동 89-1번지 대덕프라자 지하1층,서울특별시 노원구 노원로1길 67 (공릉동),1827,SBS골프아카데미,127.083635681247,37.6208254563305
서울특별시 노원구 중계동 93-34번지 현대빌딩 지층,"서울특별시 노원구 중계로16가길 28  (중계동,현대빌딩 지층)",,다인스크린골프,127.082321694629,37.6503764404319
서울특별시 노원구 공릉동 739 지1층,"서울특별시 노원구 동일로 1114 (공릉동,지1층)",,파인힐스크린골프장,127.071602731648,37.629300755289
서울특별시 노원구 상계동 1280번지 희락아파트 상가 지하1층 101호,"서울특별시 노원구 수락산로 190 (상계동,희락아파트 상가 지하1층 101호)",,그랑프리 골프존,127.057274733282,37.6711773512332
서울특별시 노원구 하계동 256-15번지 덕광프라자 지1층,"서울특별시 노원구 노원로 254  (하계동,덕광프라자 지1층)",,파인골프스쿨,127.073542266381,37.6401995025443
"서울특별시 노원구 월계동 776번지 월계프라자 301호,302호 ","서울특별시 노원구 초안산로5길 12  (월계동,월계프라자 301호,302호)",,오즈스크린골프,127.051747902831,37.6325606295737
서울특별시 노원구 중계동 44-1번지 지1층 2호,"서울특별시 노원구 중계로8길 40  (중계동,지1층 2호)",,포디그린스크린골프,127.084409797588,37.646277023045
서울특별시 노원구 중계동 152-11번지 4층,"서울특별시 노원구 덕릉로 692  (중계동,4층)",,제이스크린골프,127.075677315077,37.6593975595775
서울특별시 노원구 공릉동 581-1번지 (3층),"서울특별시 노원구 동일로180길 14 (공릉동,(3층))",,SM골프클리닉,127.075326139356,37.6219534132134
서울특별시 노원구 공릉동 312-4번지 지하,"서울특별시 노원구 동일로197길 21  (공릉동,지하)",,OK골프아카데미,127.070233632279,37.6284077097228
서울특별시 노원구 중계동 590번지 신안상가 (지층),"서울특별시 노원구 덕릉로 595, 상가동 지층 (중계동, 신안아파트)",1708,신안골프스쿨,127.071516781117,37.6512013977172
서울특별시 노원구 상계동 93-4번지,"서울특별시 노원구 덕릉로 769, 1층 (상계동, 기업은행상계지점)",1640,베스트골프,127.077552390966,37.6660578349497
서울특별시 노원구 공릉동 254번지 우성@상가 지1층,"서울특별시 노원구 노원로 29  (공릉동,우성@상가 지1층)",,태초골프스쿨,127.084337921314,37.6247931739389
서울특별시 노원구 상계동 730-5 일신프라자 B01호,"서울특별시 노원구 동일로 1393, B01호 (상계동,일신프라자)",,7아이언,127.060550327814,37.6529465229583
서울특별시 노원구 상계동 725-4번지 영보빌딩 지하,"서울특별시 노원구 동일로218길 41  (상계동,영보빌딩 지하)",,S스크린골프,127.063182686993,37.6541765152214
서울특별시 노원구 상계동 1269번지 수락파크빌상가지층,"서울특별시 노원구 동일로248길 16  (상계동,수락파크빌상가지층)",,수락골프클럽,127.056734118648,37.6789969408616
서울특별시 노원구 중계동 364-14 주공6단지상가 (지층),"서울특별시 노원구 한글비석로8길 29, 상가동 지층 (중계동, 주공6단지)",1737,골프존파크 중계비전1호점,127.07848718628,37.6482546259351
서울특별시 노원구 공릉동 745 동신(아)상가 지층,"서울특별시 노원구 동일로192길 77, 상가동 지층 (공릉동, 동신아파트)",1833,에이스골프크리닉,127.07689914049,37.6274166134936
서울특별시 노원구 상계동 173-1 벽산아파트 108동 상가 15호,"서울특별시 노원구 한글비석로 396, 108동 상가 지층 15호 (상계동, 벽산아파트)",1663,JJ골프아카데미,127.073581746977,37.6623030184626
서울특별시 노원구 공릉동 230-21번지,서울특별시 노원구 공릉로42길 103 (공릉동),1817,J스크린골프,127.085208845665,37.6256222669032
서울특별시 노원구 월계동 648 인덕대학교 연지스퀘어,"서울특별시 노원구 초안산로 12, 인덕대학교 연지스퀘어 B2층 (월계동)",1878,인덕대 실내골프장,127.054448642206,37.6302514486494
서울특별시 송파구 오금동 42-11번지 지하1층,"서울특별시 송파구 마천로8길 1, 지하1층 (오금동)",5659,이글골프스쿨,127.127827781502,37.5075011432251
서울특별시 은평구 대조동 231 삼성타운아파트상가 지하1층,"서울특별시 은평구 서오릉로 94, 지하1층 (대조동, 삼성타운아파트)",3392,짱골프,126.921700201605,37.6095200026749
서울특별시 은평구 증산동 257 1층,"서울특별시 은평구 증산로 315, 1층 (증산동)",3497,베로니스골프존,126.910467178465,37.5850695720899
서울특별시 은평구 응암동 119-1 지층,"서울특별시 은평구 응암로 269, 지층 (응암동)",3455,PGA 스크린골프연습장,126.918771050874,37.596008756464
서울특별시 은평구 구산동 2-1 지층,"서울특별시 은평구 서오릉로 151, 지층 (구산동)",3412,SH스크린골프,126.915938693284,37.6117240930274
서울특별시 은평구 역촌동 31-6 아그네스 풍림아이원지층 B101호 일부분,"서울특별시 은평구 진흥로1길 28, 지층 B101 일부분호 (역촌동, 아그네스 풍림아이원)",3405,아이원스크린골프,126.918961673328,37.6029593097591
서울특별시 은평구 녹번동 141-60 유성빌딩 지층,"서울특별시 은평구 진흥로 134, 유성빌딩 지층 (녹번동)",3378,불광골프죤,126.925077052837,37.6076799419805
서울특별시 은평구 역촌동 31-6 아그네스 풍림아이원 211호,"서울특별시 은평구 진흥로1길 28, 2층 211호 (역촌동, 아그네스 풍림아이원)",3405,짐박스 피트니스 응암1호점,126.918961673328,37.6029593097591
서울특별시 은평구 대조동 179-12 지층,"서울특별시 은평구 서오릉로 82, 지층 (대조동)",3395,제이스크린골프존,126.922039838059,37.6076906786633
서울특별시 은평구 불광동 281-151 2층,"서울특별시 은평구 통일로66길 6, 2층 (불광동)",3368,불광스크린골프,126.930993733458,37.6103400266838
서울특별시 은평구 진관동 67-1 은평구 뉴타운2지구 에코테라스,"서울특별시 은평구 진관3로 37, 은평구 뉴타운2지구 에코테라스 2층 208,209,210,211호 (진관동)",3301,골프존파크 진관뉴타운점,126.920438372018,37.6403916511066
서울특별시 은평구 갈현동 393-8,서울특별시 은평구 통일로85길 6-14 (갈현동),3329,세리골프스쿨,126.919171480923,37.6226656968824
서울특별시 은평구 불광동 631-1 대호프라자아파트 지층,"서울특별시 은평구 불광로 90, 지층 (불광동, 대호프라자아파트)",3364,대호골프스쿨,126.933000699618,37.6150686709961
서울특별시 은평구 구산동 199-2 강산빌딩,"서울특별시 은평구 서오릉로 183, 강산빌딩 2층 (구산동)",3410,강산골프연습장,126.913008734627,37.6130509278886
서울특별시 은평구 갈현동 460-8 보성빌 지하1층,"서울특별시 은평구 연서로 209, 보성빌 지하1층 (갈현동)",3333,은평로데오,126.918847427928,37.6173259520379
서울특별시 은평구 갈현동 469-4 유풍빌딩,"서울특별시 은평구 서오릉로 166, 유풍빌딩 (갈현동)",3336,지인골프크럽,126.915228694484,37.6128048616854
서울특별시 은평구 불광동 484-75,"서울특별시 은평구 통일로82길 11, B4층 (불광동)",3344,오케이스크린골프,126.920381749396,37.6208256224926
서울특별시 은평구 응암동 599-47,"서울특별시 은평구 응암로13길 11-2, 지층 (응암동)",3485,제이투 스크린,126.915970353017,37.5891163715088
서울특별시 은평구 녹번동 38-29 유림빌딩 지층,"서울특별시 은평구 통일로 626, 유림빌딩 지하1층 (녹번동)",3372,양기욱골프아카데미,126.935407233318,37.602472019451
서울특별시 은평구 역촌동 16-2 2층,"서울특별시 은평구 서오릉로 71, 영화마스타골프랜드 2층 (역촌동)",3404,홀인원골프연습장,126.921952781175,37.6070075809917
서울특별시 은평구 응암동 110-9 메트로럭스주상복합APT 4층,"서울특별시 은평구 은평로 108, 4층 (응암동, 메트로럭스주상복합APT)",3454,메트로골프클럽,126.919882555261,37.5997123185996
서울특별시 은평구 응암동 85-52 명남빌딩,"서울특별시 은평구 은평로11길 12-10, 명남빌딩 (응암동)",3460,MOON스크린골프,126.923429126087,37.6019257034684
서울특별시 은평구 녹번동 160-36 남전빌딩 2층,"서울특별시 은평구 은평로11길 11-2, 남전빌딩 2층 (녹번동)",3459,G스크린 골프,126.922718856186,37.6018214464342
서울특별시 은평구 갈현동 405-22 유진빌딩 지층,"서울특별시 은평구 통일로83길 6-29, 유진빌딩 지층 (갈현동)",3329,연신내스크린골프,126.918810200243,37.6214583061816
서울특별시 은평구 갈현동 453-13,서울특별시 은평구 연서로27길 20-4 (갈현동),3331,훼밀리골프,126.917555441158,37.6185112069645
"서울특별시 은평구 역촌동 85-12 센타폴리스, 지하1층 ","서울특별시 은평구 연서로 9, 지하1층 (역촌동, 센타폴리스)",3421,응암역점 스포애니 (주)케이디헬스케어,126.91556845327,37.6000995302827
서울특별시 은평구 불광동 105-82 3층,"서울특별시 은평구 연서로 320, 3층 (불광동)",3346,청자골프아카데미,126.928166922657,37.623688820303
서울특별시 은평구 증산동 158-17 하나은행 2층,"서울특별시 은평구 증산서길 153, 하나은행 2층 (증산동)",3495,하나골프스쿨,126.911860484103,37.5883938417216
서울특별시 은평구 증산동 177-6 지하1~지상2층,"서울특별시 은평구 증산로 253, 원일빌딩 지하1~지상2층 (증산동)",3500,(주)더로얄골프클럽,126.905812845482,37.5809739096362
서울특별시 은평구 구산동 1-1,"서울특별시 은평구 연서로 137, B1층 (구산동)",3412,SG골프 은평점,126.916842896021,37.6111618859153
"서울특별시 은평구 응암동 98-65 은경빌딩 6,7층 ","서울특별시 은평구 은평로 136, 은경빌딩 6,7층 (응암동)",3462,청원골프아카데미,126.923039015434,37.6002632124439
"서울특별시 은평구 진관동 70 메트로프라자 205, 206호 ","서울특별시 은평구 진관2로 15-46, 메트로프라자 205,206호 (진관동)",3306,랭크골프아카데미(은평점),126.919081540985,37.6386515578411
서울특별시 은평구 진관동 60 은평뉴타운 솔하임 A동 B102호,"서울특별시 은평구 통일로 1080, 은평뉴타운솔하임 A동 지층 B102호 (진관동)",3300,GDR레슨파크,126.917530394384,37.6392342317325
서울특별시 은평구 구산동 1-24 상원빌딩,"서울특별시 은평구 서오릉로 145, 상원빌딩 6층 (구산동)",3412,상원골프,126.916477274153,37.611286414672
서울특별시 서대문구 홍은동 426-0,"서울특별시 서대문구 연희로 286 (홍은동, 연희127빌딩)",3653,한독스포츠클럽(실내),126.936480812417,37.5825972630148
서울특별시 서대문구 홍은동 277-98,서울특별시 서대문구 연희로37길 3 (홍은동),3654,그린골프연습장,126.935863140691,37.5820388537244
,"서울특별시 서대문구 연희로 82, 지하1층 (연희동, 브라운스톤연희)",3726,스타칼리휘트니스,126.930207636674,37.5652132636554
,"서울특별시 서대문구 통일로 472, 5층 (홍제동, 효신빌딩)",3628,스타칼리,126.942726231995,37.590500092777
서울특별시 서대문구 현저동 200번지 독립문극동아파트,"서울특별시 서대문구 독립문공원길 13, 상가동 지층 (현저동)",3733,준일 극동 휘트니스,126.95831483956,37.5719339049306
서울특별시 서대문구 남가좌동 387번지 디엠씨엘가,"서울특별시 서대문구 모래내로 151, 지하1층 (남가좌동, 디엠씨엘가)",3712,스카이원레저,126.917835668207,37.5699012905386
"서울특별시 서대문구 홍은동 48-98번지 지층,3,5층 ",서울특별시 서대문구 홍은중앙로 29 (홍은동),3616,홍은골프연습장,126.946082474244,37.5941303283866
서울특별시 서대문구 홍제동 279-52번지 B1호,"서울특별시 서대문구 세검정로 89, 지하1층 (홍제동, 예학빌딩)",3619,541 Golf Academy,126.948658960687,37.5957672273102
서울특별시 서대문구 홍제동 459 b1호,"서울특별시 서대문구 통일로34길 35, B1호 (홍제동, 현대종합상가)",3632,연세골프연습장,126.949729612731,37.5863090730038
서울특별시 서대문구 홍제동 279-16번지,서울특별시 서대문구 간호대로 15 (홍제동),3619,홀인원스크린골프,126.948352765528,37.5965999700962
서울특별시 서대문구 합동 116번지 지1층,서울특별시 서대문구 서소문로 45 (합동),3741,SK 24시 스크린골프,126.966248165125,37.5612879295253
서울특별시 서대문구 충정로3가 463번지 케이원리트빌딩 지하1층,"서울특별시 서대문구 충정로 36, 지하1층 (충정로3가, 케이원리트빌딩)",3741,서대문골프존,126.964488428517,37.5619610885508
서울특별시 서대문구 홍제동 469 인왕산 한신휴플러스,"서울특별시 서대문구 통일로 397, 지하 3층 (홍제동, 인왕산 한신휴플러스)",3730,잇바디 휘트니스 골프 홍제점,126.947398082336,37.5851683009936
서울특별시 서대문구 홍은동 186-6번지 외 15필지,"서울특별시 서대문구 연희로41길 26 (홍은동, 홍은동골프연습장)",3648,렉스(실외),126.93592594245,37.5903974880558
"서울특별시 서대문구 충정로2가 191번지 골든타워(지2호, 지3호) ",서울특별시 서대문구 충정로 53 (충정로2가),3736,경기골프스쿨,126.964632683146,37.5637512316327
서울특별시 서대문구 영천동 100 독립문삼호아파트상가 2-7,"서울특별시 서대문구 독립문로 10, 2-7호 (영천동, 삼호아파트 상가 )",3743,더루트짐&골프 독립문삼호점,,
서울특별시 서대문구 홍은동 342-2번지 부원빌딩 2층,"서울특별시 서대문구 가좌로 144, 2층 (홍은동, 홍은동 부원빌딩)",3655,충암스크린 골프존,126.923922525415,37.5849110659096
서울특별시 서대문구 연희동 218-1번지 연희체스트빌,"서울특별시 서대문구 연희로 63, 연희체스트빌 지하1층 B01호 (연희동)",3716,연희스크린골프,126.928413326813,37.5643212844315
서울특별시 마포구 상암동 1615번지 PARK M,"서울특별시 마포구 매봉산로 80, PARK M 2층 (상암동)",3927,골프존파크 상암M,126.894284759249,37.5785297541285
서울특별시 마포구 구수동 68-32번지 외1필지 지1층,"서울특별시 마포구 창전로 32, 지하1층 (구수동)",4093,마포스크린골프,126.931913297335,37.5451542706426
서울특별시 마포구 대흥동 802번지 세양아파트상가 B01호,"서울특별시 마포구 독막로 288, B01호 (대흥동, 세양아파트상가)",4152,세양스크린골프장,126.944969203076,37.5445556054461
서울특별시 마포구 공덕동 371 공덕삼성아파트 상가동 지층 101~116호,"서울특별시 마포구 마포대로 115-12, 지하1층 101~116호 (공덕동, 공덕삼성아파트 상가동)",4145,골프존파크 공덕역점,126.951150675917,37.5456898892221
서울특별시 마포구 염리동 150번지 서울디자인고등학교 내,"서울특별시 마포구 백범로 139, 1층 (염리동, 서울디자인고등학교)",4140,디자인골프(주),126.948479002412,37.5466750773343
"서울특별시 마포구 도화동 560번지 지하104,109,110,111,112호 ","서울특별시 마포구 독막로 320, 지하1층 B104, B109~B112호 (도화동, 데시앙 한빛빌딩)",4157,큐어짐,126.94787346379,37.5429644969765
서울특별시 마포구 성산동 108-1번지,서울특별시 마포구 월드컵북로 114 (성산동),3973,O·K 골프존,126.913728491272,37.5635239965352
"서울특별시 마포구 도화동 550번지 지하1층 124,125호 상가동 ","서울특별시 마포구 도화길 28, 상가동 지하1층 124,125호 (도화동, 삼성아파트)",4170,더포인트 골프 스튜디오,126.949629166527,37.5396037190814
서울특별시 마포구 성산동 592-3번지 지하1층,"서울특별시 마포구 월드컵로34길 8, 지하1층 (성산동, 상암도시엔오피스텔)",3938,골프존 디바 상암점,126.903340601532,37.5647973453876
서울특별시 마포구 창전동 333,"서울특별시 마포구 독막로22길 9, 지하1층 (창전동)",4078,한성골프크리닉스쿨,126.929316968807,37.5471105255565
서울특별시 마포구 성산동 208-1번지,"서울특별시 마포구 월드컵북로12길 20, 지하1층 (성산동)",3978,대홍실내골프클럽,126.915818677904,37.5618235233871
서울특별시 마포구 도화동 82번지 우성A 상가 지층7호,"서울특별시 마포구 삼개로 38, 지하1층 7호 (도화동, 우성아파트 상가동)",4179,W스포츠짐,126.947112538012,37.5366629254706
서울특별시 마포구 도화동 251-1 지하1층,"서울특별시 마포구 삼개로 20, 지하1층 (도화동)",4173,인어스휘트니스 헬스피티앤골프마포점,126.947204921199,37.5385080351775
서울특별시 마포구 신수동 63-14번지 구프라자4층,"서울특별시 마포구 백범로 23, 4층 (신수동, 구플라자)",4108,미지골프클럽,126.93794821763,37.552811217978
서울특별시 마포구 아현동 327-25번지 지하1층,"서울특별시 마포구 굴레방로 27, 지하1층 (아현동)",121-859,아현 스크린골프존,126.95532261857,37.5564770309498
서울특별시 마포구 공덕동 467 롯데캐슬프레지던트 지2층 B205호,"서울특별시 마포구 마포대로 109, 지하2층 (공덕동, 롯데캐슬프레지던트)",121-916,휘트니스엠 롯데캐슬점 골프,126.950847479316,37.5450686146253
"서울특별시 마포구 마포동 34-1번지 신화빌딩 지1층 3호, 4호 ","서울특별시 마포구 마포대로 19, 지하1층 3,4호 (마포동, 신화빌딩)",4165,알앤비스크린골프,126.944319491071,37.5390312721822
서울특별시 마포구 공덕동 105-159번지 외1필지 지1층,"서울특별시 마포구 마포대로 180, 지하1층 (공덕동)",4207,매직스크린골프,126.955540593824,37.5501896795951
서울특별시 마포구 용강동 122-16 5층,"서울특별시 마포구 토정로32길 4, 5층 (용강동)",121-876,대니스 파크 골프 아카데미,126.94128505826,37.5410712879596
서울특별시 마포구 마포동 253번지 쌍용황금아파트 상가 지하1층,"서울특별시 마포구 마포대로4라길 30, 지하1층 (마포동, 쌍용황금아파트상가 )",4178,드림골프연습장,126.945492024807,37.5367332775431
서울특별시 마포구 창전동 5-16번지 지층,"서울특별시 마포구 서강로9길 40, 지하1층 (창전동)",4061,PGA골프스쿨,126.931398208407,37.5540386273732
서울특별시 마포구 도화동 173번지 삼창프라자 지2층,"서울특별시 마포구 마포대로 63-8, 지하2층 (도화동, 삼창플라자)",4157,삼창스크린골프,126.947815114643,37.5422597994869
서울특별시 마포구 성산동 515번지,서울특별시 마포구 월드컵로 240 (성산동),3932,월드컵스파랜드24 골프연습장,126.897273034482,37.5682884450841
서울특별시 마포구 공덕동 105-107번지 외 4필지,서울특별시 마포구 마포대로16길 12 (공덕동),4207,LK골프클럽,,
서울특별시 마포구 서교동 449-5 지층,"서울특별시 마포구 월드컵북로 45, 지하1층 (서교동)",4000,에스디골프클럽,126.917735590004,37.5581793518149
서울특별시 마포구 성산동 160-4,서울특별시 마포구 월드컵로36길 50  (성산동),3940,신아골프스쿨,126.905639567246,37.5682848870009
서울특별시 마포구 대흥동 660번지 태영아파트 중앙상가 3층,"서울특별시 마포구 독막로 266, 3층 (대흥동)",4153,태영골프,126.942389642584,37.5438675433938
서울특별시 마포구 서교동 374-11번지,서울특별시 마포구 잔다리로 58 (서교동),4033,서경골프,126.918013321988,37.5531226071315
서울특별시 마포구 망원동 481-1번지,서울특별시 마포구 월드컵로 123 (망원동),3963,그린,126.906952491138,37.5590923453152
서울특별시 마포구 상수동 93-45번지 로하스타워 지하3층 B301~B305호,"서울특별시 마포구 와우산로 48, 지하3층 B301~B305호 (상수동, 로하스타워)",4068,로하스크린,126.923441090646,37.5485560282385
서울특별시 마포구 용강동 50-11번지 한국카본빌딩 지하1층,"서울특별시 마포구 토정로 310, 지하1층 (용강동, 한국카본빌딩)",4165,용강스크린골프존,126.943053677124,37.5399520311266
서울특별시 마포구 공덕동 463번지 현대하이엘 지하1층,"서울특별시 마포구 마포대로 173, 지하1층 (공덕동, 현대하이엘)",4130,골프존드라이빙레인지공덕점,126.954455626109,37.5499015773045
서울특별시 마포구 합정동 354-25번지 외3필지,서울특별시 마포구 독막로 56 (합정동),4073,파인골프클럽,126.919665629833,37.5475077309865
서울특별시 마포구 당인동 25-20번지,서울특별시 마포구 토정로 77 (당인동),4074,유니골프클럽,126.919374434406,37.5456456185584
서울특별시 마포구 성산동 591-4번지 대명비첸시티 지하2층,"서울특별시 마포구 월드컵로 196, 지하2층 (성산동, 대명비첸시티)",3938,케이불스 휘트니스 마포구청역점,126.902750212857,37.5647995635391
서울특별시 마포구 용강동 179번지 지하1층,"서울특별시 마포구 토정로31길 12, 지하1층 (용강동)",4166,한강골프스쿨,126.942487674571,37.5414598502618
서울특별시 마포구 상암동 1597번지 지하 1층 101-102호,"서울특별시 마포구 월드컵북로54길 17, 지층 101-102호 (상암동, 사보이시티DMC)",3924,웰니스 휘트니스,126.888548408154,37.581324224744
서울특별시 마포구 상암동 336-2번지 지하1층,"서울특별시 마포구 상암산로1길 73, 지하1층 (상암동)",3905,인스크린,126.88320489546,37.5801632645329
서울특별시 마포구 서교동 449-6번지,서울특별시 마포구 월드컵북로 43 (서교동),4000,선스크린골프,126.917800837627,37.5580240653753
서울특별시 마포구 성산동 604번지,"서울특별시 마포구 월드컵북로 216, 203동 201호 (성산동, 성산2차 e편한세상)",3941,성산 스크린골프,126.905069332883,37.5698661269971
서울특별시 마포구 상암동 34-51번지,"서울특별시 마포구 월드컵북로43길 38, 지하2,3층 (상암동)",3914,예인 골프존,126.894376213863,37.5746151070899
서울특별시 양천구 신정동 294-71번지 지층,"서울특별시 양천구 신목로5길 23, 지층 (신정동)",8017,MD 골프카페,126.871499499253,37.5173285609899
서울특별시 양천구 목동 405-25 청학빌딩,"서울특별시 양천구 오목로 344, 청학빌딩 지하1층 (목동)",8006,파이어짐 오목교역점,126.875143110053,37.5237531022074
서울특별시 양천구 신정동 282-10번지 지하1층,"서울특별시 양천구 목동동로8길 29  (신정동,지하1층)",8017,목동14 스크린골프,126.871831984196,37.5162481691823
서울특별시 양천구 신정동 318-17 제이월드빌,"서울특별시 양천구 목동서로 291, 지층 101,102호 (신정동, 제이월드빌)",8011,오렌지골프,126.869543475225,37.5216326682883
서울특별시 양천구 목동 923-12번지 서울이동통신 지하1층,"서울특별시 양천구 목동동로 233-3, 지하1층 (목동, 서울이동통신)",7995,골프존아카데미 목동점,126.871654324102,37.5278464870359
서울특별시 양천구 신월동 235-7 샤르망오피스텔 201호,"서울특별시 양천구 월정로 101, 201호 (신월동, 샤르망오피스텔)",7925,3D필드로,126.83899171843,37.5284514113055
서울특별시 양천구 목동 515-5번지 지하1층,"서울특별시 양천구 공항대로 638 (목동, 지하1층)",7968,하나스크린골프,126.875667245702,37.5467042021733
서울특별시 양천구 신정동 174-1번지 5층,"서울특별시 양천구 목동남로4길 38  (신정동,5층)",8104,우성골프스쿨,126.86646746768,37.5089297714402
서울특별시 양천구 목동 962번지 목동트라팰리스,"서울특별시 양천구 오목로 299, 목동트라팰리스 지하층 102호 (목동)",8001,스포짐,126.87035534357,37.5260837006075
서울특별시 양천구 신월동 546-25번지,"서울특별시 양천구 신월로 149, 2층 (신월동)",8032,강K골프아카데미,126.840294125702,37.5175595286065
서울특별시 양천구 목동 764-5번지,"서울특별시 양천구 목동중앙남로 12, 지하1층 (목동)",7962,목동골프아카데미,126.868869318488,37.5355626607206
서울특별시 양천구 신정동 1268 복합메디컬타운,"서울특별시 양천구 중앙로 181, 복합메디컬타운 지층 B202호 (신정동)",8106,갤러리 골프 아카데미 목동점,126.855685447508,37.5128194279739
서울특별시 양천구 목동 722-1번지,"서울특별시 양천구 등촌로 102-1, 4,5층 (목동)",7958,삼양 스크린골프,126.863977730981,37.5391498643388
서울특별시 양천구 신월동 228-1번지,"서울특별시 양천구 곰달래로 46, 2,3층 (신월동)",7925,비바골프클럽,,
서울특별시 양천구 신정동 1018-2번지,"서울특별시 양천구 신월로 354, 세원빌딩 7층 (신정동)",8087,목동J&B스크린골프장,126.860191702205,37.5216730554369
서울특별시 양천구 신정동 886-1번지 지층,서울특별시 양천구 신정중앙로 77 (신정동),7938,목동필드골프존,126.860363979759,37.5269577243692
서울특별시 양천구 신정동 900-19번지,서울특별시 양천구 목동로 207  (신정동),7938,목동스크린골프클럽,126.863883111248,37.5270256235804
서울특별시 양천구 목동 752-10번지,서울특별시 양천구 목동중앙로 97 (목동),7976,김덕환골프아카데미,126.872597966008,37.5378165389603
서울특별시 양천구 신월동 59-3번지,서울특별시 양천구 화곡로 80 (신월동),7904,세원골프연습장,126.8307260952,37.5392378871265
서울특별시 양천구 목동 406-4,"서울특별시 양천구 오목로 279 (목동, 현대프라자)",7993,굿샷스크린골프존,126.868392603335,37.5259285397106
"서울특별시 양천구 목동 907 현대월드타워 지하층101,102호 ","서울특별시 양천구 목동서로 77 (목동,현대월드타워 지하층101,102호)",7983,목동현대스크린골프,126.877988123429,37.5359631978743
서울특별시 양천구 신월동 150-5,서울특별시 양천구 가로공원로 90 (신월동),7910,챌린저 스크린 골프아카데미,126.825935525166,37.535329235436
서울특별시 양천구 신정동 1147-11,서울특별시 양천구 중앙로 217 (신정동),8077,목동골프타운,126.854408907137,37.515785765902
서울특별시 양천구 목동 608-8번지 지하,"서울특별시 양천구 목동중앙북로7가길 30  (목동,지하)",7946,유엔아이 스크린골프,126.865935906381,37.549309512703
서울특별시 양천구 신정동 1147-11 지하1층,"서울특별시 양천구 중앙로 217, 지하1층 (신정동)",8077,M스크린,126.854408907137,37.515785765902
"서울특별시 양천구 목동 901번지 상가B동 지101,102호 ","서울특별시 양천구 목동서로 38  (목동,상가B동 지101,102호)",7980,JK골프스쿨,126.87850378726,37.5412913406969
서울특별시 양천구 신정동 1289 대림프라자 지층,"서울특별시 양천구 신정로13길 22 (신정동,대림프라자 지층)",8080,골프존파크 신정 삼성스크린점,126.843131585044,37.5114254282406
서울특별시 양천구 신월동 43-1번지,서울특별시 양천구 남부순환로30길 17 (신월동),7909,광영 문화원,126.823275879439,37.5371981027922
서울특별시 양천구 신정동 1026-3,"서울특별시 양천구 신월로 344, 3층 (신정동)",8086,금강스크린골프,126.85924744417,37.5216270640173
"서울특별시 양천구 목동 798-7번지 3층,4층 ","서울특별시 양천구 목동중앙서로 34  (목동,3층,4층)",7967,골프아카데미,126.867519943203,37.5327649003227
서울특별시 양천구 목동 796-12,서울특별시 양천구 목동중앙서로8길 10 (목동),7966,그린야드골프스쿨,126.866022201918,37.5321997249493
서울특별시 양천구 신정동 1018-5 남부필타운,"서울특별시 양천구 신월로 358, 지하1층 (신정동, 남부필타운)",8087,골프존파크신정목동점,126.860860850764,37.521778451973
서울특별시 양천구 신정동 995-4 지층,"서울특별시 양천구 목동로 181, 지층 (신정동)",8022,목동역스크린골프,126.864381973286,37.5246744934241
서울특별시 양천구 목동 799-3,서울특별시 양천구 목동중앙서로 42-1 (목동),7967,알라딘 골프스쿨,126.868681292835,37.5327775500103
서울특별시 양천구 신정동 945-2번지,"서울특별시 양천구 오목로 138, 가,나동 지하1,2층 (신정동, 신정스포렉스)",8019,에이스골프,126.85270197476,37.5242137874087
서울특별시 양천구 신정동 1009-6번지 남부빌딩 지하2층,"서울특별시 양천구 신월로 389  (신정동,남부빌딩 지하2층)",8023,남부베스트 스크린골프연습장,126.864303918068,37.5226745400703
서울특별시 양천구 신월동 1015-7번지 지층,"서울특별시 양천구 남부순환로 614 (신월동,지층)",8047,프라임골프클럽,126.840347798306,37.5140290217041
서울특별시 양천구 신정동 329번지 목동신시가지아파트14단지 상가비동 지층101호,"서울특별시 양천구 목동동로 130, 상가비동 지층 101호 (신정동, 목동신시가지아파트14단지)",8018,SD스크린골프연습장2호점,126.871236888208,37.5149990018814
서울특별시 양천구 목동 404-5 오목빌딩 지1층,"서울특별시 양천구 신목로2길 68 (목동,오목빌딩 지1층)",8007,엘리트핏24 골프,126.877348359324,37.5238327188727
서울특별시 양천구 신정동 325번지 목동아파트 11단지 A상가 212~214호,"서울특별시 양천구 목동동로 10  (신정동,목동아파트 11단지 A상가 212~214호)",8098,목동11스크린골프,126.861309989258,37.5077581093677
서울특별시 양천구 목동 722-9 비바빌딩 3층,"서울특별시 양천구 등촌로 100 (목동,비바빌딩 3층)",7958,비바골프,126.863956202983,37.5388548523033
서울특별시 양천구 목동 905-22번지 목동트윈빌 B126-1-1,"서울특별시 양천구 목동동로 339, B126동 1-1호 (목동, 목동트윈빌)",7988,트윈빌 스크린골프,126.876743891714,37.5321753616364
서울특별시 양천구 신월동 1001-2번지 3층,"서울특별시 양천구 신월로 134  (신월동,3층)",8047,스카이골프연습장,126.838840793718,37.5165683438161
서울특별시 양천구 신월동 507-11번지 지하1층,"서울특별시 양천구 신월로27길 6, 지하1층 (신월동)",8028,맥스골프스쿨,126.847003989094,37.5226882656546
서울특별시 양천구 목동 610-23,서울특별시 양천구 목동중앙북로 19-1 (목동),7946,자성 골프연습장,126.865862978469,37.5485166417367
서울특별시 양천구 신정동 948-24 신호아파트,"서울특별시 양천구 오목로 160, 상가동 지하1층 B01,B02호 (신정동, 신호아파트)",8020,라이프스포츠,126.855236736982,37.5247098594732
서울특별시 양천구 신정동 892-1 2층,"서울특별시 양천구 국회대로 226, 2층 (신정동)",7938,OK스크린골프,126.860087520719,37.5289398700164
서울특별시 양천구 신정동 324-7 대림아크로빌 지하1층 101호,"서울특별시 양천구 목동서로 401, 지층 101호 (신정동)",8092,NS삼진골프,126.859608639376,37.5154102156469
서울특별시 양천구 신정동 296-17번지 지하1층,"서울특별시 양천구 신목로7길 9, 지하1층 (신정동)",8014,국가대표골프아카데미,126.871361484603,37.5196427263101
서울특별시 양천구 목동 808-5번지 대원칸타빌1차아파트,"서울특별시 양천구 목동로 224, 101동 지하101,102호 (목동, 대원칸타빌1차아파트)",7993,칸타빌스크린골프,126.864612020665,37.5283967941925
서울특별시 양천구 신정동 321-6 목동 센트럴플라자 15층,"서울특별시 양천구 목동서로 349  (신정동,목동 센트럴플라자 15층)",8095,애플짐,126.865306840725,37.517406535882
서울특별시 양천구 신정동 1278번지 삼성(아)상가 지101호,"서울특별시 양천구 신목로 7 (신정동,삼성(아)상가 지101호)",8016,목동성광스크린골프,126.876418086086,37.5150788692395
서울특별시 양천구 목동 605-4번지,서울특별시 양천구 공항대로 538  (목동),7946,엠에스골프클럽,126.865588582435,37.5502679597787
서울특별시 양천구 목동 935 진도아파트상가 지층 101호,"서울특별시 양천구 목동서로 264, 101호 (목동,진도아파트상가 지층)",8003,임팩트골프아카데미,126.868280050481,37.5243141796552
서울특별시 양천구 신월동 18-3,서울특별시 양천구 월정로50길 8 (신월동),7903,대우훼밀리골프,126.830889732528,37.5416318955099
서울특별시 양천구 신월동 198-6번지,"서울특별시 양천구 남부순환로 396, 진보빌딩 4층 (신월동)",7915,준스크린골프,126.83049275274,37.5320528911198
서울특별시 양천구 신월동 150-5,"서울특별시 양천구 가로공원로 90, 3층 (신월동)",7910,챌린저 골프 아카데미,126.825935525166,37.535329235436
서울특별시 강서구 마곡동 759-3번지 보타닉파크타워Ⅰ 12층 일부호,"서울특별시 강서구 마곡중앙로 161-17, 보타닉파크타워Ⅰ 12층 일부호 (마곡동)",7788,에이블짐 마곡나루점,126.825960812712,37.5680581740122
서울특별시 강서구 등촌동 73-1번지 금부빌딩 지하1층,"서울특별시 강서구 양천로 476, 금부빌딩 지1층 (등촌동)",7575,GOTO 가양점,126.853271958466,37.5616001805127
서울특별시 강서구 마곡동 757-2번지 마곡나루역프라이빗타워Ⅱ B104호,"서울특별시 강서구 마곡중앙로 171, 마곡나루역프라이빗타워Ⅱ B104호 (마곡동)",7788,마곡 골프 아카데미,126.827780298847,37.5690270688312
"서울특별시 강서구 마곡동 757-5번지 안강프라이빗타워 B101~B103, B104일부호 ","서울특별시 강서구 마곡중앙로 165, 안강프라이빗타워 B101~B103,B104일부호 (마곡동)",7788,보타닉 스크린 골프,126.827697450113,37.5685808655445
"서울특별시 강서구 화곡동 927-1번지 외 3필지 207, 209~212호 ","서울특별시 강서구 강서로5나길 104, 207, 209~212호 (화곡동)",7776,300yd,,
서울특별시 강서구 염창동 20-85번지 JK블라썸호텔 지하2층 일부,"서울특별시 강서구 양천로65길 41-22, JK블라썸호텔 지하2층 일부호 (염창동)",7546,JK블라썸호텔(GMG스크린 골프),126.867775302197,37.5567881532175
서울특별시 강서구 가양동 1498 강서한강자이타워,"서울특별시 강서구 양천로 401, 강서한강자이타워 A213-1, A320, A420호 (가양동)",7528,쇼골프 가양점,126.847638315393,37.5657034766638
서울특별시 강서구 내발산동 665-9번지 201~203호,"서울특별시 강서구 우장산로 21-5, 201~203호 (내발산동)",7652,서서울 골프스쿨,,
서울특별시 강서구 화곡동 888-18번지 세림빌딩 3층,"서울특별시 강서구 국회대로7길 201, 3층 (화곡동, 세림빌딩)",7787,KT스크린골프 연습장,126.849705113597,37.5286314052723
서울특별시 강서구 화곡동 1111-3번지 경동엠파이어스테이트빌딩 B01호,"서울특별시 강서구 화곡로 344, B01호 (화곡동, 경동엠파이어스테이트빌딩)",7653,미르스크린골프존 & 아카데미,126.851835694851,37.5543293274462
서울특별시 강서구 화곡동 1032-25 지층,"서울특별시 강서구 강서로 201 (화곡동,지층)",,라이프골프장(실내),126.837883444782,37.5438827579012
서울특별시 강서구 등촌동 707-3번지 지하1층,"서울특별시 강서구 화곡로65길 62  (등촌동,지하1층)",,강서구민올림픽체육센터,126.850583992337,37.5596698491317
"서울특별시 강서구 화곡동 886-6번지 4층,5층 ","서울특별시 강서구 국회대로 161 (화곡동,4층,5층)",,메이저스크린골프,126.85283164211,37.5287504906073
서울특별시 강서구 등촌동 671-3번지 지하층,"서울특별시 강서구 강서로56길 50 (등촌동,지하층)",,리더골프클럽,126.841552588203,37.5591393708828
서울특별시 강서구 염창동 264-18번지 송촌스페이스향 B041~B042-1호,"서울특별시 강서구 공항대로71길 49, B041~B042-1호 (염창동, 송촌스페이스향)",7555,강서 탑 골프존,,
서울특별시 강서구 화곡동 1005-21번지 2층,"서울특별시 강서구 강서로 242, 2층 (화곡동)",7694,다인골프연습장,126.836797010994,37.5471644988463
서울특별시 강서구 염창동 64-1번지,서울특별시 강서구 양천로67길 63 (염창동),,강변실내골프장,126.869569325143,37.5566117512947
서울특별시 강서구 염창동 246-23번지 극동아파트 상가 B01호,"서울특별시 강서구 양천로69길 18, B01호 (염창동, 극동아파트 상가)",7543,삼성골프 아카데미,126.871434204859,37.5524723630558
"서울특별시 강서구 마곡동 723번지 이천이프라자 B2호, B3호 ","서울특별시 강서구 공항대로 271  (가양동,이천이프라자 B2호, B3호)",,라이브 스크린골프,126.837818288246,37.5589663547183
서울특별시 강서구 가양동 190번지 4층,"서울특별시 강서구 강서로 505  (가양동,4층)",,가양골프,126.841429578672,37.5705593213224
"서울특별시 강서구 방화동 483-5번지 601호,602호 ","서울특별시 강서구 금낭화로 91-2  (방화동,601호,602호)",,BGF 골프스쿨,126.811081371114,37.5736503862521
서울특별시 강서구 방화동 487-12번지 1층,"서울특별시 강서구 양천로 49, 1층 (방화동)",7516,개화스크린골프,126.809641071343,37.5734019211131
서울특별시 강서구 화곡동 371-32번지 지하층,"서울특별시 강서구 가로공원로 198  (화곡동,지하층)",,파워골프스쿨,126.837917327107,37.5369604290485
서울특별시 강서구 내발산동 689-1 2층 201-2호~205호,서울특별시 강서구 강서로45길 174 (내발산동),7638,골프존파크 마곡NX24,126.830668563722,37.5527181773866
서울특별시 강서구 공항동 49-1번지 B202~204호,"서울특별시 강서구 공항대로 18-1, B202~204호 (공항동)",7622,이스카이 골프존,126.809129234237,37.5609595311681
"서울특별시 강서구 화곡동 1032번지 25호,26호 지층 ","서울특별시 강서구 강서로33가길 58 (화곡동,25호,26호 지층)",,라이프스크린골프,126.837296988945,37.5440770174751
서울특별시 강서구 등촌동 654-60번지 4층 일부,"서울특별시 강서구 공항대로 447, 4층 일부호 (등촌동, 엔이티)",7571,등촌 필 스크린,126.856853039945,37.5547452903111
서울특별시 강서구 내발산동 647-1번지 B동 지층,"서울특별시 강서구 강서로52길 53, B동 지층 (내발산동)",7646,우정 골프아카데미,,
"서울특별시 강서구 염창동 274-8번지 대림자동차,코인빌딩 지하1층 ","서울특별시 강서구 공항대로 535, 지하1층 (염창동, 대림자동차,코인빌딩)",7562,굿스크린골프,126.865787293183,37.5511558487708
서울특별시 강서구 화곡동 1017 지층,"서울특별시 강서구 화곡로13길 98 (화곡동,지층)",,베스트 골프클럽,126.833121390942,37.5442412987858
서울특별시 강서구 등촌동 699 진아플라자 지층,"서울특별시 강서구 공항대로41길 56 (등촌동,진아플라자 지층)",,에비앙 골프,126.846328848733,37.5601861543743
"서울특별시 강서구 마곡동 772-5번지 리더스퀘어마곡 501,511,512호 ","서울특별시 강서구 마곡중앙6로 45, 5층 501,511,512호 (마곡동)",7802,휘트니스 팜 마곡센터,126.832720625607,37.5606312206415
서울특별시 강서구 방화동 852번지 도시개발공사아파트 상가동 B1층,"서울특별시 강서구 양천로6길 28, B1층 (방화동, 도시개발공사아파트 상가동)",7611,라인골프,126.806399839179,37.5710274870985
서울특별시 강서구 내발산동 653번지 솔레드림 601호,"서울특별시 강서구 강서로 360, 601호 (내발산동, 솔레드림)",7651,스카이 스크린 골프,126.838393605308,37.5576945764491
서울특별시 강서구 가양동 1458번지 B동,"서울특별시 강서구 강서로 506, B동 (가양동)",7529,가양골프연습장,126.841933133618,37.5704780061189
"서울특별시 강서구 공항동 1373 1A,1B ",서울특별시 강서구 하늘길 233 (공항동),7505,쇼골프,126.813427440527,37.553505432825
"서울특별시 강서구 내발산동 750-7번지 발산타워 5층 501호,502호,503호 ","서울특별시 강서구 수명로 68-11 (내발산동,발산타워 5층 501호,502호,503호)",,우주스크린골프,126.826537797397,37.5523193465015
서울특별시 강서구 화곡동 1068-32번지 지상5층,"서울특별시 강서구 화곡로 111  (화곡동,지상5층)",,스카이골프스쿨,126.834213654314,37.5402197881037
서울특별시 강서구 등촌동 663-12번지 근상프리즘 지층,"서울특별시 강서구 화곡로61길 114, 지층 (등촌동, 근상프리즘)",7590,오알비 스크린 골프,126.846064045062,37.5585720351261
"서울특별시 강서구 가양동 145-1번지 3,4층 ","서울특별시 강서구 강서로 502-9 (가양동,3,4층)",,스크린가양,126.842616360824,37.5702741228792
"서울특별시 강서구 마곡동 797-1번지 퀸즈파크나인 지층 101,102호 ","서울특별시 강서구 공항대로 247, 퀸즈파크나인 지층 101,102호 (마곡동)",7803,골프존파크 발산마곡점,126.83523920295,37.5593135416408
서울특별시 강서구 등촌동 656-54번지 5층,"서울특별시 강서구 공항대로 411, 5층 (등촌동)",7572,베스트에스지,126.853476938361,37.5562796011527
서울특별시 강서구 등촌동 560-6번지 석영빌딩 6층,서울특별시 강서구 등촌로 149 (등촌동),7671,티샷 골프연습장,126.862223209661,37.5431062800572
서울특별시 강서구 화곡동 906-1번지 5층,"서울특별시 강서구 강서로5나길 21, 5층 (화곡동, 한나빌딩)",7779,홀인원 스크린 골프존,126.84711351429,37.5283875115391
"서울특별시 강서구 가양동 1458번지 A동 2,3층 ","서울특별시 강서구 강서로 506, A동 2,3층 (가양동)",7529,스크린가양 2호점,126.841933133618,37.5704780061189
서울특별시 강서구 등촌동 628-6번지 영보빌딩 지하1층,"서울특별시 강서구 화곡로 408, 영보빌딩 지하1층 (등촌동)",7548,아우디스크린골프,,
서울특별시 강서구 등촌동 628-6번지 영보개발빌딩 B1,"서울특별시 강서구 화곡로 408 (등촌동,영보개발빌딩 B1)",,SM골프클럽,,
서울특별시 강서구 방화동 282-1번지 은천빌딩          A동지층,"서울특별시 강서구 양천로 108  (방화동,은천빌딩          A동지층)",,에이스골프스쿨,126.81570707884,37.5731049384885
서울특별시 강서구 등촌동 629-7,서울특별시 강서구 공항대로45길 92 (등촌동),7549,신진등촌골프연습장,126.857807990945,37.558436025885
서울특별시 강서구 등촌동 664-11 천수빌딩 지층,"서울특별시 강서구 화곡로61길 109, 천수빌딩 지층 (등촌동)",7590,프랜즈스크린24 강서등촌점,126.846467967864,37.5583008205634
서울특별시 강서구 등촌동 505-6번지 3층,"서울특별시 강서구 등촌로 235 (등촌동,3층)",,굿샷 스크린골프,126.863716817272,37.5508942601754
서울특별시 강서구 등촌동 654-60번지 삼선빌딩 2층,"서울특별시 강서구 공항대로 447  (등촌동,삼선빌딩 2층)",,강서골프스쿨,126.856853039945,37.5547452903111
서울특별시 강서구 방화동 589-9번지 2층,"서울특별시 강서구 초원로 35, 2층 (방화동)",7609,스카이 골프 아카데미,126.809324130049,37.5679327362939
서울특별시 강서구 방화동 606-15번지 4층,"서울특별시 강서구 금낭화로 5, 4층 (방화동)",7614,VIP스크린골프,126.811572352147,37.5657305309014
서울특별시 강서구 등촌동 696-1번지,서울특별시 강서구 공항대로41길 43 (등촌동),,금오골프스쿨,126.845540896294,37.5599073490843
서울특별시 강서구 염창동 265번지 양화진 빌딩 지층,"서울특별시 강서구 양천로 658, 지층 (염창동, 양화진빌딩)",7554,양화진 골프,126.86991587864,37.5523079799238
서울특별시 강서구 공항동 49-1번지 이스카이오피스텔 지하2층 B201호,"서울특별시 강서구 공항대로 18-1, 지하2층 B201호 (공항동, 이스카이오피스텔)",7622,공항골프존,126.809129234237,37.5609595311681
서울특별시 강서구 화곡동 1103-1번지 명지빌딩 지층,"서울특별시 강서구 우장산로14길 8, 명지빌딩 지층 (화곡동)",7685,현대그린실내골프연습장,126.84914128341,37.5529370285771
서울특별시 강서구 방화동 831 지층,"서울특별시 강서구 방화대로47가길 22, 지층 (방화동)",7513,그린밸리,126.813978203356,37.5770988534391
서울특별시 강서구 염창동 258-1번지 염창3차 동아APT  상가 B 206호,"서울특별시 강서구 양천로 731, B206호 (염창동, 염창3차동아APT상가)",7539,동아베스트골프클럽,126.877396858267,37.5502517087995
서울특별시 강서구 화곡동 887-16번지 2층,"서울특별시 강서구 국회대로 147, 2층 (화곡동)",157-908,윈 스크린 골프존,126.85134170815,37.5286231151396
"서울특별시 강서구 방화동 830번지 오피앙 지층 B01~B04,B07,B08호 ","서울특별시 강서구 금낭화로 146, 지층 B01~B04,B07,B08호 (방화동, 오피앙)",7511,Top 스크린골프존,126.813305186149,37.5781901549032
서울특별시 구로구 구로동 1126-1 광희빌딩 B2,"서울특별시 구로구 시흥대로 551 (구로동,광희빌딩 B2)",8392,바운드 QED골프아카데미,126.900246298277,37.4825399425928
서울특별시 구로구 구로동 170-10번지 대륭포스트타워7차,"서울특별시 구로구 디지털로33길 48, 대륭포스트타워7차 3층 301~304, 309~310호 (구로동)",8377,GDR 골프아카데미,126.894505096341,37.4872579499162
서울특별시 구로구 구로동 501 신구로자이나인스에비뉴,"서울특별시 구로구 구로중앙로 134, 지하2층 다016호 외44개호 (구로동, 신구로자이나인스에비뉴)",8293,주식회사 창스파크골프 구로센터,126.884098218095,37.4999880723052
서울특별시 구로구 고척동 186-5 현준프라자,"서울특별시 구로구 목동남로 6, 현준프라자 5층 (고척동)",8218,신목동 스크린골프,126.860774574801,37.5067191621388
서울특별시 구로구 구로동 191-7 에이스테크노타워 8차 301호,"서울특별시 구로구 디지털로33길 11 (구로동,에이스테크노타워 8차 301호)",8380,봄 스크린,126.895512679788,37.4857057781612
"서울특별시 구로구 개봉동 481 현대아파트 상가1동 B01호, B02호, B03호 ","서울특별시 구로구 개봉로20길 6 (개봉동,현대아파트 상가1동 B01호, B02호, B03호)",8329,케이에스골프클럽,126.859308079005,37.4928802334449
서울특별시 구로구 구로동 3-25 신도림테크노마트14층,"서울특별시 구로구 새말로 97, 14층 (구로동, 신도림테크노마트)",8288,영자피트니스 신도림,126.890227293528,37.5070438414784
서울특별시 구로구 고척동 39-6 신성빌딩 6층,"서울특별시 구로구 중앙로14길 31 (고척동,신성빌딩 6층)",8218,신성골프아카데미,126.863104491675,37.5076133389724
서울특별시 구로구 구로동 212-8 대륭포스트타워1차 B114-1호∼B114-10호,"서울특별시 구로구 디지털로 288 (구로동,대륭포스트타워1차 B114-1호∼B114-10호)",8390,대륭스크린골프,126.895502765348,37.4835695693308
"서울특별시 구로구 구로동 611-26 오퍼스빌딩 지하72,73,74호 ","서울특별시 구로구 구로중앙로 207 (구로동,오퍼스빌딩 지하72,73,74호)",8216,오퍼스 스크린골프,126.876963644774,37.5045938236115
서울특별시 구로구 구로동 170-1번지 덕창빌딩  지하1층,"서울특별시 구로구 도림로20길 18  (구로동,덕창빌딩  지하1층)",8371,희망골프존,126.892409245918,37.488977254588
서울특별시 구로구 고척동 77-5,서울특별시 구로구 중앙로 27 (고척동),8225,윈스크린골프,126.863147352053,37.5004906751174
서울특별시 구로구 구로동 1124-49번지,서울특별시 구로구 디지털로32나길 51 (구로동),8391,스윙파크스크린골프장,126.900382117847,37.484901329527
,"서울특별시 구로구 경인로59길 8, 203,204,205,210호 (신도림동, 태영프라자)",8210,태영스크린골프,,
서울특별시 구로구 구로동 685-70번지,서울특별시 구로구 구일로4길 46  (구로동),8325,OK스크린골프연습장,126.87786990054,37.4932672296102
서울특별시 구로구 구로동 557-17번지,서울특별시 구로구 새말로 52  (구로동),8290,민골프클럽,126.886394305772,37.503476022301
서울특별시 구로구 고척동 328번지 양우아파트101동상가 지하 101호  8호,"서울특별시 구로구 고척로52길 9  (고척동,양우아파트101동상가 지하 101호  8호)",8228,양우골프장,126.856551948793,37.5049720175804
서울특별시 구로구 오류동 118-9번지 외13필지,"서울특별시 구로구 경인로6길 19  (오류동,외13필지)",8358,동도센트리움스크린골프,126.832435742194,37.4909373844238
"서울특별시 구로구 신도림동 400-1번지 금강리빙스텔 208호, 209호 ","서울특별시 구로구 신도림로 7  (신도림동,금강리빙스텔 208호, 209호)",8206,위너스스크린2,126.877164760067,37.5061633129074
서울특별시 구로구 고척동 76-22 서봉빌딩 B101호,"서울특별시 구로구 중앙로3길 12 (고척동,서봉빌딩 B101호)",8225,OK스크린골프,126.862941586025,37.5002113050917
서울특별시 구로구 고척동 194-27번지 3층호,"서울특별시 구로구 고척로 230, 3층 (고척동)",8228,위너골프클럽,126.85852096132,37.5059345027204
서울특별시 구로구 구로동 170-1,서울특별시 구로구 도림로20길 18 (구로동),8371,정재열 골프 아카데미,126.892409245918,37.488977254588
서울특별시 구로구 구로동 703-3 2층,"서울특별시 구로구 가마산로 77 (구로동,2층)",8327,WI-GOLF,126.875078748377,37.4856025065543
"서울특별시 구로구 구로동 642-108번지 해원리버파크 701호,702호 ","서울특별시 구로구 구일로 110  (구로동,해원리버파크 701호,702호)",8324,스카이골프랜드,126.87200783297,37.4950748401596
서울특별시 구로구 고척동 76-23 버디빌딩 지하1층,"서울특별시 구로구 중앙로 19 (고척동,버디빌딩 지하1층)",8227,골프리더,126.863482095281,37.499747462645
,"서울특별시 구로구 경인로6길 19 (오류동, 동도센트리움골프클럽)",8358,동도센트리움골프클럽,126.832435742194,37.4909373844238
서울특별시 구로구 고척동 62-1 외 3,"서울특별시 구로구 안양천로537길 56 (고척동,외 3)",8221,(주)밀리언골프클럽,126.869251302767,37.5012598392248
서울특별시 구로구 고척동 76-160,서울특별시 구로구 경인로 397 (고척동),8227,JS골프,126.863870881484,37.4976995650402
서울특별시 구로구 고척동 62-1번지 외 3필지  (주)밀리언골프클럽내 3층,"서울특별시 구로구 안양천로537길 56  (고척동,외 3필지  (주)밀리언골프클럽내 3층)",8221,밀리언스크린골프,126.869251302767,37.5012598392248
서울특별시 구로구 신도림동 402-3번지 천강아파트형공장 지하102호,"서울특별시 구로구 구로중앙로 218 (신도림동,천강아파트형공장 지하102호)",8212,VISION24이글스크린,126.877554625583,37.5056701473067
서울특별시 구로구 궁동 198-3,서울특별시 구로구 부일로 983 (궁동),8255,알바트로스,126.83668725232,37.4934431800981
서울특별시 구로구 구로동 501번지 나인스에비뉴,"서울특별시 구로구 구로중앙로 134 (구로동, 나인스에비뉴 )",8293,나인스스크린골프존,126.884098218095,37.4999880723052
"서울특별시 구로구 신도림동 644번지 동아2차아파트 205동 103,104호","서울특별시 구로구 경인로 643, 205동 103,104호 (신도림동, 동아2차아파트)",8208,J골프존스크린,126.885553611579,37.5088498841248
"서울특별시 구로구 구로동 182-13번지 대륭포스트타워2  401,404호 ","서울특별시 구로구 디지털로 306, 401,404호 (구로동, 대륭포스트타워2차)",8378,코어핏,,
서울특별시 구로구 고척동 60-34 고척지점,"서울특별시 구로구 안양천로539길 11, 고척지점 (고척동)",8220,제니스 스포츠클럽,126.870256358487,37.5047167522809
서울특별시 구로구 오류동 118-2,서울특별시 구로구 경인로 90 (오류동),8358,윈스크린골프,126.832228427241,37.4913122692965
서울특별시 구로구 고척동 77-5,서울특별시 구로구 중앙로 27 (고척동),8225,윈골프연습장,126.863147352053,37.5004906751174
서울특별시 구로구 구로동 476-6번지,서울특별시 구로구 구로동로47길 11-1  (구로동),8281,대동골프연습장,126.881845247634,37.4979070398478
서울특별시 구로구 개봉동 480 현대홈타운상가 지하,"서울특별시 구로구 개봉로20길 158 (개봉동,현대홈타운상가 지하)",8330,현대골프스쿨,126.86073736772,37.4920422788882
서울특별시 구로구 신도림동 402-3번지 천강아파트형공장 지하 B101호,"서울특별시 구로구 구로중앙로 218,  B101호 (신도림동,천강아파트형공장 지하)",8212,스카이 골프연습장,126.877554625583,37.5056701473067
서울특별시 구로구 신도림동 309-6 성광빌딩 7층,"서울특별시 구로구 신도림로19길 7 (신도림동,성광빌딩 7층)",8202,성광골프연습장,126.884470304555,37.5112029731186
서울특별시 구로구 개봉동 482,서울특별시 구로구 고척로27길 126 (개봉동),8243,제이피골프아카데미,126.845217537067,37.5075182739835
"서울특별시 구로구 개봉동 182-11번지 한마음프라자 203호, 204호, 205호 ","서울특별시 구로구 개봉로23가길 76  (개봉동,한마음프라자 203호, 204호, 205호)",,성원스크린골프,126.860264784163,37.4946696863557
서울특별시 금천구 가산동 60-8 현대시티아울렛 가산점,"서울특별시 금천구 디지털로10길 9, 현대시티아울렛 가산점 8층 (가산동)",8514,디에스알(DSR)현대골프아카데미,126.88905533739,37.4776190161713
서울특별시 금천구 가산동 371-17 BYC HIGHCITY,"서울특별시 금천구 가산디지털1로 131, BYC HIGHCITY 지하1층 129~131호 (가산동)",8506,(주)인스타짐골프아카데미,126.881982164294,37.4770829103065
서울특별시 금천구 시흥동 987-12 국민은행시흥동점,"서울특별시 금천구 시흥대로 167, 국민은행시흥동점 지하1층 (시흥동)",8636,더 힐 골프,126.902415519167,37.4488042970905
서울특별시 금천구 가산동 345-43,"서울특별시 금천구 가산디지털2로 35, 2층 (가산동)",8593,지디알(GDR) 골프아카데미 가산점,126.882330730259,37.471447262934
서울특별시 금천구 독산동 288-10번지,서울특별시 금천구 시흥대로123길 24 (독산동),,양서골프연습장,126.8973017736,37.4710695538085
서울특별시 금천구 가산동 470-5 에이스테크노타워10차B1,"서울특별시 금천구 가산디지털1로 196 (가산동,에이스테크노타워10차B1)",,이원용골프아카데미&클리닉,126.881284806415,37.4829648973428
서울특별시 금천구 시흥동 8-17,서울특별시 금천구 독산로54길 32 (시흥동),,뉴금천 휘트니스,126.907134877864,37.4640119642466
서울특별시 금천구 독산동 900-8,서울특별시 금천구 남부순환로 1414 (독산동),8548,민골프아카데미,126.908011602812,37.4803209323496
서울특별시 금천구 독산동 901-7번지 지오프라자 6층동,"서울특별시 금천구 남부순환로 1428, 6층 (독산동, 지오프라자)",8548,애니 골프,126.909452351605,37.4805802743813
서울특별시 금천구 가산동 550-1번지 2층,"서울특별시 금천구 가산디지털2로 98  (가산동,2층)",,IT휘트니스,126.881057813165,37.4772339836706
서울특별시 금천구 가산동 481-11 대륭테크노타운8차 B114호,"서울특별시 금천구 가마산로 96, B114호 (가산동,대륭테크노타운8차)",,푸른골프아카데미,126.877464812011,37.4852607302207
서울특별시 금천구 독산동 1066-2,서울특별시 금천구 시흥대로 296 (독산동),,창강산업(주) 독산지점,126.899283256359,37.459684191535
서울특별시 금천구 독산동 901-7번지 지오프라자,"서울특별시 금천구 남부순환로 1428, 지오프라자 4층 (독산동)",8548,서울골프아카데미,126.909452351605,37.4805802743813
서울특별시 금천구 가산동 714 하우스디 더 스카이밸리 가산2차,"서울특별시 금천구 범안로 1142, 하우스디 더 스카이밸리 가산2차 3층 305호 (가산동)",8595,가산 THE G-NATION GDR 아카데미,126.888975080269,37.4657639015803
서울특별시 금천구 가산동 459-11번지 제이플라츠 지하1층 113-1호,"서울특별시 금천구 가산디지털1로 186,  113-1호 (가산동,제이플라츠 지하1층)",,싱글벙글 골프존 파크,,
서울특별시 금천구 독산동 300-2 2층,"서울특별시 금천구 두산로14길 4 (독산동,2층)",,피엔케이골프아카데미,126.894602446104,37.4697120575345
서울특별시 금천구 독산동 287-7번지 지하1층,"서울특별시 금천구 시흥대로 414 (독산동,지하1층)",,그린힐 스크린 골프,126.898552605239,37.4705839986858
서울특별시 금천구 가산동 371-28번지 우림라이온스밸리 A동 403호,"서울특별시 금천구 가산디지털1로 168, A동 403호 (가산동,우림라이온스밸리)",,우림휘트니스클럽,126.88263620024,37.479966429878
서울특별시 금천구 가산동 60-69,서울특별시 금천구 디지털로 173 (가산동),,엘리시아,126.886068548417,37.4779696398014
서울특별시 금천구 독산동 145-12번지,서울특별시 금천구 시흥대로 481  (독산동),,정다운스크린골프연습장,126.898261414752,37.476578616986
서울특별시 금천구 시흥동 8-17번지,서울특별시 금천구 독산로54길 32 (시흥동),,뉴금천 스크린 골프장,126.907134877864,37.4640119642466
"서울특별시 금천구 독산동 291-1 B동 202,호","서울특별시 금천구 두산로 70, B동 지하층 202, 203호 (독산동, 현대지식산업센터)",8584,한양비젼골프존,126.895620657193,37.4689627800606
서울특별시 금천구 독산동 711-2번지,"서울특별시 금천구 벚꽃로 73, 상가동 지하층 (독산동, 금천현대아파트)",8596,현대스크린골프,126.890423305457,37.4629100391456
서울특별시 금천구 시흥동 984번지 시흥유통상가 A지원 지하1층 7호,"서울특별시 금천구 시흥대로 97 (시흥동,시흥유통상가 A지원 지하1층 7호)",,유통스크린,126.901072369386,37.4446821230267
서울특별시 금천구 가산동 146-84번지,서울특별시 금천구 남부순환로 1282  (가산동),,가산골프스쿨,126.893147418574,37.4785540705765
서울특별시 영등포구 당산동6가 6,"서울특별시 영등포구 당산로54길 48, 1층 (당산동6가)",7223,골프존파크 당산역점,126.906135464722,37.5325497154463
서울특별시 영등포구 여의도동 61-5 리버타워,"서울특별시 영등포구 63로 36 (여의도동, 리버타워)",7345,70투언더골프클럽,126.938610362668,37.5194206669589
서울특별시 영등포구 여의도동 61-5 리버타워,"서울특별시 영등포구 63로 36 (여의도동, 리버타워)",7345,갤러리 골프 연습장,126.938610362668,37.5194206669589
서울특별시 영등포구 여의도동 44-14번지 경도빌딩,"서울특별시 영등포구 여의대방로 383, 경도빌딩 지하층 (여의도동)",7333,여의도골프아카데미,126.931504190261,37.5193436883433
서울특별시 영등포구 여의도동 55-2번지,서울특별시 영등포구 여의대방로 376 (여의도동),7342,엠지에이,126.931354574177,37.5181886056247
서울특별시 영등포구 여의도동 23-5 한화손해보험빌딩,"서울특별시 영등포구 여의대로 56, 한화손해보험빌딩 (여의도동)",7325,핀하이골프랩,126.922872650933,37.5240793528555
서울특별시 영등포구 당산동1가 16-1번지 진로아파트,"서울특별시 영등포구 당산로 68 (당산동1가, 진로아파트)",7292,버몬트,126.895970851298,37.5208225913349
서울특별시 영등포구 신길동 7-4,서울특별시 영등포구 여의대방로61길 55 (신길동),7319,주)동진카운티스포츠센터,126.921522936837,37.5156628266601
서울특별시 영등포구 도림동 246-20,서울특별시 영등포구 도림로 331 (도림동),7374,더라인씨앤에스 서울지점,126.900864114112,37.5069785540028
서울특별시 영등포구 영등포동8가 74-4번지,서울특별시 영등포구 영중로41길 8 (영등포동8가),7227,퓨어골프아카데미,126.904772307219,37.5289502059416
서울특별시 영등포구 여의도동 36-2,"서울특별시 영등포구 국제금융로6길 33, 2층 (여의도동)",7331,스타트원 헬스앤골프,126.926911965929,37.5207908297398
서울특별시 영등포구 당산동3가 558-2번지,"서울특별시 영등포구 당산로31길 33 (당산동3가, 당산골프클럽)",7261,당산골프클럽,126.892754590953,37.5269108490784
서울특별시 영등포구 여의도동 36 롯데캐슬엠파이어,"서울특별시 영등포구 의사당대로 127 (여의도동, 롯데캐슬엠파이어)",7331,PGA여의도,126.926406742546,37.5202405439146
서울특별시 영등포구 신길동 252-6번지 4층,서울특별시 영등포구 신길로 141 (신길동),7396,세화스크린골프,126.910284876715,37.5050138749978
서울특별시 영등포구 당산동6가 346-2 지하1층,"서울특별시 영등포구 양평로12가길 2 (당산동6가, 지하1층)",7222,골프존파크 당산 더스타 24,126.900736831751,37.5363005812028
서울특별시 영등포구 당산동6가 237-38 대호빌딩,"서울특별시 영등포구 당산로48길 6, 대호빌딩 3층 (당산동6가)",7223,제이에스골프아카데미,126.902999423956,37.5342573706538
서울특별시 영등포구 여의도동 14-34번지 두산 인프라코아 지하2층,"서울특별시 영등포구 국회대로68길 17 (여의도동, 해운빌딩)",7237,파크힐 여의도,126.920109396536,37.5287848903311
서울특별시 영등포구 여의도동 43-3 11층 4~7호,"서울특별시 영등포구 국제금융로 78 (여의도동, 홍우빌딩)",7333,디지피트니스(DG FIT)&골프,126.931298156696,37.5208724804701
서울특별시 영등포구 여의도동 43-4번지 롯데캐슬IVY 지하동 116~117호,"서울특별시 영등포구 국제금융로 86 (여의도동, 롯데캐슬 아이비)",7333,아이비,126.931800002781,37.5202061193308
서울특별시 영등포구 문래동3가 55-16 SK리더스뷰 5층 504호,"서울특별시 영등포구 문래로 164, 5층 504호 (문래동3가, 영등포 SK 리더스뷰)",7297,SK스크린골프연습장,126.900076883603,37.5177939016069
서울특별시 영등포구 여의도동 36-2번지 맨하탄빌딩3층,서울특별시 영등포구 국제금융로6길 33 (여의도동),7331,여백스크린,126.926911965929,37.5207908297398
서울특별시 영등포구 신길동 4273-12번지 현대통신빌딩지하,"서울특별시 영등포구 여의대방로 107 (신길동, 현대통신빌딩)",7433,제이제이스크린골프,126.918512475299,37.4977229525729
서울특별시 영등포구 대림동 775-6번지 화성빌딩4층,"서울특별시 영등포구 대림로 211 (대림동, 화성빌딩)",7412,굿샷 스크린골프존,126.897527094214,37.4994494291691
서울특별시 영등포구 영등포동7가 94-49 인따빌딩 지하1층,"서울특별시 영등포구 버드나루로 88 (영등포동7가, 인따르시아사옥)",7230,당산 제이스크린골프존,126.909255877212,37.5260672872371
서울특별시 영등포구 여의도동 36번지 롯데캐슬앰파이어 지하1동 021호호,"서울특별시 영등포구 의사당대로 127, 지1층 비021호 (여의도동, 롯데캐슬엠파이어)",7331,캐슬플레이,126.926406742546,37.5202405439146
서울특별시 영등포구 대림동 909-2 썬프라자,"서울특별시 영등포구 신길로 39, 썬프라자 (대림동)",7440,주식회사 영자피트니스 썬프라자,126.907785020768,37.4959665730744
서울특별시 영등포구 신길동 1164 에어스포렉스,"서울특별시 영등포구 여의대방로 249, 에어스포렉스 (신길동)",7359,에어스포렉스 스크린골프연습장,126.922886122395,37.5081305193802
"서울특별시 영등포구 양평동4가 191-1번지 6,7층 ","서울특별시 영등포구 양평로22길 10, 6,7층 (양평동4가)",7206,비전스크린골프,,
,"서울특별시 영등포구 당산로 지하 77, 1층 (당산동2가, 태창빌딩)",7264,파워 스크린 골프존,,
서울특별시 영등포구 신길동 4939번지,"서울특별시 영등포구 가마산로 540, 지하1층 (신길동, 영빈관)",7390,거북선 스크린골프,126.91579344049,37.5027504603139
서울특별시 영등포구 여의도동 43-4,"서울특별시 영등포구 국제금융로 86 (여의도동, 롯데캐슬 아이비)",7333,여의도 골프 레슨,126.931800002781,37.5202061193308
서울특별시 영등포구 문래동6가 56-1 미주프라자아파트,"서울특별시 영등포구 선유로 49, 지하 1층 (문래동6가, 미주프라자아파트)",7281,미주프라자 스크린골프존,126.888746175591,37.5182931994677
서울특별시 영등포구 양평동4가 2,"서울특별시 영등포구 선유동2로 57 (양평동4가, 이레빌딩)",7212,이레골프아카데미,126.896882129276,37.5338259242698
서울특별시 영등포구 대림동 1121 비101호,"서울특별시 영등포구 시흥대로173길 13, 지층 비101호 (대림동, 신대림자이)",7445,골프존파크 대림구로디지털점,126.902341643176,37.4865791105717
서울특별시 영등포구 양평동2가 1-1 신동아하이팰리스,"서울특별시 영등포구 선유서로 67, 신동아하이팰리스 101동 B101호 (양평동2가)",7278,프렌즈 아카데미 문래양평점,126.884455098241,37.5220933827385
서울특별시 영등포구 양평동2가 29-23번지,"서울특별시 영등포구 영등포로 33 (양평동2가, 목동비즈타워)",7275,GOLF K 아카데미,126.885222271529,37.5232920131718
서울특별시 영등포구 당산동 121-108번지,"서울특별시 영등포구 버드나루로17길 2, 지층 (당산동, 훼미리하우스)",7229,드림스크린골프존,126.908048818974,37.5276118418879
서울특별시 영등포구 당산동5가 11-34번지 B101호,"서울특별시 영등포구 당산로44길 3, 지층 101호 (당산동5가)",7214,삼성타운 골프연습장,126.901077532801,37.5319143458605
서울특별시 영등포구 문래동3가 82-29 우리벤처타운2 지116호,서울특별시 영등포구 선유로 70 (문래동3가),7294,디지피트니스(DG FIT)&골프,126.890145748505,37.5201626485833
서울특별시 영등포구 신길동 261-22번지 레전드힐스 B201호,"서울특별시 영등포구 가마산로 468, 지하2층 (신길동, 레전드힐스)",7396,H스크린골프,126.908385786929,37.5056310474546
서울특별시 영등포구 여의도동 43-4 롯데캐슬아이비상가 B107호,"서울특별시 영등포구 국제금융로 86, 지1층 107호 (여의도동, 롯데캐슬아이비상가)",7333,Swing Lab,126.931800002781,37.5202061193308
서울특별시 영등포구 양평동4가 81번지 4층,서울특별시 영등포구 선유로47길 16 (양평동4가),7208,BEST 스크린골프,126.895386159156,37.5358685279774
"서울특별시 영등포구 여의도동 14-5 제101호~108호,제111호~113호 ","서울특별시 영등포구 국회대로72길 6 (여의도동, 여의도아크로폴리스)",7238,골프의 발견 여의도점,126.920193233287,37.5300542777844
서울특별시 영등포구 여의도동 61-5번지 리버타워 B102호,"서울특별시 영등포구 63로 36, B102호 (여의도동, 리버타워)",7345,리버스크린골프,126.938610362668,37.5194206669589
서울특별시 영등포구 양평동2가 37-2번지 양평빌딩2층,서울특별시 영등포구 영등포로 21 (양평동2가),7275,골프존파크 양평점,126.884063073804,37.5235170324827
서울특별시 영등포구 당산동1가 7-1 DSME빌딩지하1층,"서울특별시 영등포구 영등포로 162 (당산동1가, 대우조선해양 당산빌딩)",7292,SM골프아카데미 & 골프존,126.899311298344,37.5204977015554
서울특별시 영등포구 신길동 4217,서울특별시 영등포구 대방천로 258 (신길동),7433,보라매역스크린골프,126.919442454499,37.4984983656111
서울특별시 영등포구 여의도동 17-26번지 삼환까뮤별관 지하2층,서울특별시 영등포구 국회대로62길 9 (여의도동),7236,비젼스크린골프,126.916525712236,37.5275389394807
서울특별시 영등포구 문래동3가 55-20번지 에이스하이테크시티 1동 117호,서울특별시 영등포구 경인로 775 (문래동3가),7299,에버그린스크린골프,126.897536835727,37.5147464245043
서울특별시 영등포구 신길동 101-7번지 대하빌딩 지하 1층,"서울특별시 영등포구 영등포로 364 (신길동, 대하빌딩)",7317,티업 스크린골프연습장,126.918360951993,37.5141215891197
서울특별시 영등포구 대림동 693-6번지 2층,서울특별시 영등포구 대림로 180 (대림동),7410,아시아나,126.899308011933,37.4969256208488
서울특별시 영등포구 당산동3가 558-2 당산골프연습장 건물B동 201호,"서울특별시 영등포구 당산로31길 33 (당산동3가, 당산골프클럽)",7261,당산스크린G,126.892754590953,37.5269108490784
서울특별시 영등포구 영등포동6가 74-1 흥무빌딩 지하,서울특별시 영등포구 영신로38길 18 (영등포동6가),7251,아름다운 골프아카데미,126.903151372012,37.5206945382483
서울특별시 영등포구 양평동4가 8-2번지 2층,서울특별시 영등포구 선유로45길 5 (양평동4가),7209,제이스크린,126.895419416931,37.5341717034196
서울특별시 영등포구 대림동 667-12번지 영강빌딩지하,"서울특별시 영등포구 가마산로 371 (대림동, 영강빌딩)",7381,오렌지스크린골프,126.899048165945,37.5017805592582
서울특별시 영등포구 대림동 719-1번지 삼전빌딩2층,"서울특별시 영등포구 대림로 167 (대림동, 삼전빌딩)",7413,월드스크린골프연습장,126.899219751579,37.4957877548093
서울특별시 영등포구 문래동5가 2번지 대륭빌딩 101호,"서울특별시 영등포구 선유로 27 (문래동5가, 대륭오피스텔)",7285,골프존파크문래금강스크린,126.887951634967,37.5166326206565
서울특별시 영등포구 문래동3가 84-2번지 동국메뜨리앙,"서울특별시 영등포구 선유로 76, 동국메뜨리앙 701,702호 (문래동3가)",7294,카카오스크린골프,126.889905898442,37.5206488765446
서울특별시 영등포구 신길동 2001-3,"서울특별시 영등포구 가마산로 538, 지하1층 (신길동)",7390,서울해군호텔,126.915498823781,37.5036602653681
서울특별시 영등포구 당산동6가 335-3 골드라인,"서울특별시 영등포구 당산로49길 9, 골드라인 A동 B01호 (당산동6가)",7222,원골프,126.901918972132,37.5356033838136
서울특별시 영등포구 도림동 32-11 진우빌딩,"서울특별시 영등포구 신길로 215, 진우빌딩 4층 (도림동)",7367,골프존 지디알 아카데미 영등포 신길점,126.909748053975,37.5113609532519
서울특별시 영등포구 여의도동 61 금호리첸시아(지하1층),"서울특별시 영등포구 여의동로 213 (여의도동, 여의도금호리첸시아)",7345,스포짐(SPOGYM),126.939629550245,37.5185953328631
서울특별시 영등포구 여의도동 15 한섬빌딩 지1층,"서울특별시 영등포구 국회대로66길 3 (여의도동, 한섬빌딩)",7237,현대카드 휘트니스 센터,126.918728485094,37.5295236703044
서울특별시 영등포구 문래동3가 68번지,"서울특별시 영등포구 당산로 45 (문래동3가, 삼성골프클럽)",7296,(주)삼성골프클럽,126.894608735855,37.518910537248
서울특별시 영등포구 양평동4가 2번지 지하1층,"서울특별시 영등포구 선유동2로 57 (양평동4가, 이레빌딩)",7212,지엘지(GLG)24,126.896882129276,37.5338259242698
서울특별시 영등포구 대림동 784번지 성림빌당201호,서울특별시 영등포구 대림로 251 (대림동),7377,현대 골프 아카데미,126.896021583773,37.5030089776784
서울특별시 영등포구 여의도동 35 한국노총 15층,"서울특별시 영등포구 국제금융로6길 26 (여의도동, 한국노총)",7328,헬스보이짐 여의도역점,126.92697361375,37.5219546930167
서울특별시 영등포구 문래동3가 55-5 로데오 왘 쇼핑몰 405호,"서울특별시 영등포구 당산로 34, 로데오 왘 쇼핑몰 405호 (문래동3가)",7297,로데오골프클럽,126.896493699106,37.5174631210953
서울특별시 영등포구 여의도동 53-12 경성빌딩 지하1층,서울특별시 영등포구 국제금융로 110 (여의도동),7343,여의도골프존,126.933658326797,37.5184318414142
서울특별시 영등포구 여의도동 12-5 보훈회관8층,서울특별시 영등포구 국회대로76길 33 (여의도동),7241,패트리어트점 골프존파크,126.924185047876,37.5295340567229
서울특별시 영등포구 당산동 121-59 당산B/D5층,"서울특별시 영등포구 버드나루로 135 (당산동, 당산빌딩)",7226,퓨어골프아카데미,126.907092518769,37.5301672344392
서울특별시 영등포구 문래동5가 23-4번지,"서울특별시 영등포구 선유서로 15 (문래동5가, 명지 페르마타)",7284,j골프아카데미,126.883786768673,37.5172062293199
서울특별시 영등포구 신길동 459-5,서울특별시 영등포구 여의대방로43라길 10 (신길동),150-853,군인공제회(공우ENC 신길골프연습장),126.920157966672,37.5081547459099
서울특별시 영등포구 영등포동 618-496 영등포 민자역사 6층,"서울특별시 영등포구 경인로 846, 영등포 민자역사 6층 (영등포동)",7306,에이알골프아카데미,126.907665995469,37.5156680341198
서울특별시 영등포구 당산동1가 3-1,"서울특별시 영등포구 영등포로30길 9, 지하1층 (당산동1가)",7292,프렌즈 스크린 당산필드점,126.899920975285,37.5197673263485
서울특별시 영등포구 여의도동 24-1 율촌빌딩,"서울특별시 영등포구 국제금융로 20, 율촌빌딩 지하1층 (여의도동)",7327,여의도 PGA 2호점,126.927297465564,37.5248882861767
"서울특별시 동작구 신대방동 395-65 파크스퀘어,보라매현대APT ","서울특별시 동작구 보라매로5길 35, 2층 (신대방동, 파크스퀘어,보라매현대APT)",7071,고위드 피트니스 보라매 골프,126.923508147169,37.4920901355933
서울특별시 동작구 신대방동 395-66번지 보라매삼성쉐르빌,"서울특별시 동작구 보라매로5길 43, 지층 106-2호 (신대방동, 보라매삼성쉐르빌)",7071,카카오 스크린골프연습장,126.923417000996,37.4914310798968
서울특별시 동작구 흑석동 26-2 블루스톤스포츠,"서울특별시 동작구 현충로 131, 블루스톤스포츠 지상 3~4층 (흑석동)",6904,블루스톤스포츠 골프연습장,126.968162697079,37.5068632329668
서울특별시 동작구 상도동 534번지 상도더샵 2차,"서울특별시 동작구 장승배기로10길 100, 107호 (상도동, 상도더샵 2차)",6966,상도 골프존,126.943452576133,37.5028684818551
서울특별시 동작구 사당동 169-8 대림상가402-2,"서울특별시 동작구 사당로17길 52, 402-2호 (사당동, 대림상가)",7005,대림 프라자 골프연습장,126.973152502209,37.4874248960085
서울특별시 동작구 사당동 1008-22 지하2층,"서울특별시 동작구 동작대로 59 (사당동, 쌍립빌딩)",7014,업투휘트니스프리미엄이수역 주식회사,126.981487484949,37.4820109847453
서울특별시 동작구 사당동 120-1번지 5층,"서울특별시 동작구 동작대로29길 69 (사당동, 금강산보석불가마사우나)",6999,두성실내골프연습장,126.978107297965,37.4884520759924
서울특별시 동작구 사당동 105 신동아아파트,"서울특별시 동작구 동작대로29길 110, 상가동 지층 전체호 (사당동, 신동아아파트)",6998,삼성골프클럽,126.977745172841,37.489824423368
서울특별시 동작구 대방동 335-16번지 지층,"서울특별시 동작구 상도로 83 (대방동, 대방빌딩)",6953,세븐 골프연습장,126.929876950722,37.4999054539561
서울특별시 동작구 대방동 88-19번지 지하1층,"서울특별시 동작구 여의대방로62길 1, 지하1층 (대방동)",6900,투데이 스크린골프,126.92706302231,37.5141253009592
서울특별시 동작구 신대방동 565 우성상가 205호,"서울특별시 동작구 여의대방로 22, 205호 (신대방동, 우성상가)",7065,큐이디 골프아카데미 신대방점,126.911813692107,37.4910969139998
서울특별시 동작구 상도동 25-1 지층,"서울특별시 동작구 상도로 213, 지층 (상도동)",6921,서울숲골프존,126.942589103936,37.5055270222992
서울특별시 동작구 신대방동 395-69번지 보라매아카데미 지하1층동,"서울특별시 동작구 보라매로5가길 16, 지하1층 (신대방동, 보라매아카데미타워)",7071,스크린 파크,126.924094714271,37.4912751024086
서울특별시 동작구 대방동 341-2 지하1층,"서울특별시 동작구 노량진로 4, 지하1층 (대방동)",6938,대방스크린골프,126.926240355701,37.5124124321853
서울특별시 동작구 사당동 105번지 사당우성아파트2단지상가 지층,"서울특별시 동작구 동작대로29길 91, 2단지상가동 지층 (사당동, 사당우성아파트)",6999,이수역 골프존 풀스크린,,
서울특별시 동작구 흑석동 10 명수대상가,"서울특별시 동작구 현충로 111, 명수대상가 B동 지하1층 (흑석동)",6904,J&J골프연습장,126.966050211003,37.5076231830183
서울특별시 동작구 신대방동 395-66번지,"서울특별시 동작구 보라매로5길 43 (신대방동, 보라매삼성쉐르빌)",7071,쉐르빌 스크린골프존,126.923417000996,37.4914310798968
서울특별시 동작구 신대방동 707번지,"서울특별시 동작구 여의대방로 30, 에이동 B103호 (신대방동, 현대상가)",7064,승리 스크린골프,126.911447301832,37.4946606629676
서울특별시 동작구 흑석동 97-1번지,"서울특별시 동작구 서달로 166 (흑석동, 우리은행흑석동지점)",6979,트윈스2 골프존,126.962881274043,37.5077644083105
서울특별시 동작구 사당동 1019-30번지 JH빌딩,"서울특별시 동작구 동작대로13길 3, 2,3층 (사당동)",7014,JH골프존파크,,
서울특별시 동작구 대방동 501번지 대림아파트(상가동),"서울특별시 동작구 여의대방로 250, 대림아파트(상가동) 상가동 지층층 116호 (대방동)",6943,미라주 골프연습장,126.924517791265,37.5087434455459
"서울특별시 동작구 사당동 120 B102, B103 ","서울특별시 동작구 동작대로29길 77, B102,B103호 (사당동)",6999,SG골프 사당점,126.977824672416,37.4886486231978
서울특별시 동작구 대방동 393-65번지 지층,"서울특별시 동작구 상도로 69, 지층 (대방동)",6953,S 스크린골프존,126.928375974876,37.4999605059187
서울특별시 동작구 사당동 318-100 지층,"서울특별시 동작구 사당로 244, 지층 (사당동)",7011,프렌즈스크린 사당남성역점,126.975337502836,37.4828827584027
서울특별시 동작구 신대방동 708 외 1필지 해태보라매타워 지하1층 제9호 외 (28개점포),"서울특별시 동작구 보라매로3길 29, 지하1층 제9호외28개점포호 (신대방동, 해태보라매타워)",7071,두영골프,126.924990343437,37.4912113425285
서울특별시 동작구 상도동 414 건영아파트 상가1층(121~123호),"서울특별시 동작구 만양로 26, 121~123호 (상도동, 건영아파트상가)",6918,(주)주연골프,,
서울특별시 동작구 상도동 325-21 지하1층,"서울특별시 동작구 상도로 94, 지하1층 (상도동)",7041,수진스크린골프,126.931152504462,37.4997629442808
서울특별시 동작구 상도동 20-8번지 (지층),"서울특별시 동작구 만양로 12 (상도동, 은혜빌딩)",6919,에이스골프아카데미,126.947209799148,37.5057364989239
서울특별시 동작구 상도동 436번지 래미안상도3차아파트 상가동 B101호,"서울특별시 동작구 상도로53길 13, 상가동 B101호 (상도동, 래미안상도3차아파트)",6971,조경희 골프,126.953007217038,37.4983366447838
서울특별시 동작구 상도동 27-27 재웅빌딩,"서울특별시 동작구 상도로 222, 재웅빌딩 5층 (상도동)",6964,킹콩 골프연습장,126.943208937753,37.5050037477944
서울특별시 동작구 신대방동 707번지 현대상가 A동 지하101호,"서울특별시 동작구 여의대방로 30, A동 지하101호 (신대방동, 현대상가)",7064,이차도 골프아카데미,126.911447301832,37.4946606629676
서울특별시 송파구 방이동 88-2번지,서울특별시 송파구 올림픽로 424 (방이동),5540,올림픽골프교실,127.115517876627,37.5203396980951
서울특별시 동작구 신대방동 395-70번지 전문건설회관 지층,"서울특별시 동작구 보라매로5길 15 (신대방동, 전문건설회관빌딩)",7071,미래골프아카데미,126.924271334879,37.4921758625358
"서울특별시 동작구 사당동 169-8번지 대림아파트상가A동304,305 ","서울특별시 동작구 사당로17길 8, A동 304,305호 (사당동, 대림아파트상가)",7005,이수뜨락,126.974314762616,37.4841015150633
서울특별시 관악구 봉천동 1574-1 생모리츠타운,"서울특별시 관악구 쑥고개로 100, 지1층 102호 (봉천동, 생모리츠타운)",8832,봉천스크린골프,126.947648773898,37.4789463264491
서울특별시 관악구 봉천동 854-3,"서울특별시 관악구 남부순환로224길 25, B1호 (봉천동)",8788,큐이디 골프아카데미 서울대입구역점,126.953345373244,37.4797506113066
서울특별시 관악구 봉천동 1717-3 대우푸르지오상가 401호,"서울특별시 관악구 청림6길 3, 401호 (봉천동,대우푸르지오상가)",,주식회사 관악투엑스휘트니스,126.959937748135,37.4875621618116
서울특별시 관악구 봉천동 32-8 동진빌딩 9층,"서울특별시 관악구 관악로 217, 동진빌딩 9층 (봉천동)",8744,JB골프,126.954677353454,37.4843787109112
서울특별시 관악구 신림동 116-22 지층,"서울특별시 관악구 신림로 136 (신림동,지층)",,P.G.A골프스쿨,126.93467873309,37.4717203471781
서울특별시 관악구 봉천동 893-1 지하1층,"서울특별시 관악구 남부순환로 1777-7, 지하1층 (봉천동)",8758,아이골프존 서울대지점,126.947625231145,37.4823862782126
"서울특별시 관악구 신림동 1738-1 파로스프라자B동 204,205호 ","서울특별시 관악구 난곡로 98, 204,205호 (신림동, 파로스프라자B동)",8860,뉴 스크린 골프,,
서울특별시 관악구 봉천동 1673-21 지하1층,"서울특별시 관악구 남부순환로 1861, 지하1층 (봉천동)",8739,프렌즈스크린 서울대입구역,126.9568669074,37.4800000872565
서울특별시 관악구 신림동 1570-6 지하1층,"서울특별시 관악구 남부순환로 1502, 지하1층 (신림동)",8772,한마음 골프스쿨,126.917472312206,37.4820975003672
서울특별시 관악구 봉천동 1658-1 지하1층,"서울특별시 관악구 남부순환로 1932, 지하1층 (봉천동)",8793,챔프골프연습장,126.96355399757,37.4768194334572
서울특별시 관악구 신림동 667-78번지 지층,"서울특별시 관악구 난향길 5, 지층 (신림동)",8859,DK 골프클럽,126.918558826457,37.4627338352269
서울특별시 관악구 봉천동 1574-1번지 생모리츠타운 지하1층 103호,"서울특별시 관악구 쑥고개로 100, 지하1층 103호 (봉천동, 생모리츠타운)",8832,청룡스크린골프,126.947648773898,37.4789463264491
서울특별시 관악구 봉천동 867-10번지 한울오피스텔 B02호,"서울특별시 관악구 관악로15길 23-16, 한울오피스텔 지하2층 02호 (봉천동)",8787,서울대골프연습장,126.950712442589,37.4795946588603
서울특별시 관악구 봉천동 867-10번지 한울오피스텔 지하1층,"서울특별시 관악구 관악로15길 23-16, 한울오피스텔 지하1층 (봉천동)",8787,관악스크린골프,126.950712442589,37.4795946588603
서울특별시 관악구 남현동 1061-18 B401호,"서울특별시 관악구 과천대로 939, B401호 (남현동)",8807,사당스크린골프존파크,126.981430242321,37.4743771732195
서울특별시 관악구 남현동 1060-17 지하2층,"서울특별시 관악구 남부순환로 2082-37, 지하2층 (남현동)",8806,트루골프스테이션,126.980171963751,37.4761680863379
서울특별시 관악구 봉천동 951-26 지하1층,"서울특별시 관악구 은천로 28, 지하1층 (봉천동)",8749,봉일스파랜드,126.938389949449,37.4859081000629
서울특별시 관악구 봉천동 910-1번지 2층,"서울특별시 관악구 양녕로 29, 2층 (봉천동)",8752,로얄스포렉스,126.946395058313,37.4846673504229
서울특별시 관악구 봉천동 1601-23 지하1층,"서울특별시 관악구 봉천로 516, 지하1층 (봉천동)",8789,심플앤이지골프,126.955538470679,37.479789029001
서울특별시 관악구 봉천동 866-11 지하1층,"서울특별시 관악구 관악로15길 23-11, 지하1층 (봉천동)",8787,서울대스크린골프연습장,126.951181288015,37.479783254518
서울특별시 관악구 봉천동 910-23 월드빌딩 지하1층,"서울특별시 관악구 양녕로 15, 월드빌딩 지하1층 (봉천동)",8752,월드 스크린골프,126.946389964029,37.4835684782046
서울특별시 관악구 봉천동 7-312 동아타운21 지하1층 비101호,"서울특별시 관악구 관악로37길 15, 지하1층 비101호 (봉천동, 동아타운21)",8727,블루,126.957139232908,37.4889674727778
서울특별시 관악구 봉천동 1708 두산아파트 상가1동 지하1,"서울특별시 관악구 봉천로 391, 상가1동 지하1층 (봉천동, 두산아파트)",8750,두산 골프 아카데미,126.943250339993,37.4834714149035
서울특별시 관악구 신림동 96-3 태영빌딩 4층,"서울특별시 관악구 신림로 206, 태영빌딩 4층 (신림동)",8836,버디골프스쿨,126.937446935701,37.4756288046285
서울특별시 관악구 봉천동 1712 관악드림타운아파트 주상가 3층,"서울특별시 관악구 성현로 80 (봉천동,관악드림타운아파트 주상가 3층)",,오버탑GDR+골프아카데미 관악봉천점,126.952985510916,37.4898474387668
서울특별시 관악구 신림동 1443-33 지하1층,"서울특별시 관악구 봉천로 226, 지하1층 (신림동)",8707,드림골프연습장,126.92657470517,37.4894284332553
서울특별시 관악구 봉천동 910-1번지 지하1층,"서울특별시 관악구 양녕로 29, 지하1층 (봉천동)",8752,로얄스포렉스,126.946395058313,37.4846673504229
서울특별시 관악구 신림동 1643,"서울특별시 관악구 시흥대로 578, 3층 (신림동)",8700,디지털 연습장,126.903247316338,37.4843090452129
서울특별시 관악구 봉천동 867-12번지,"서울특별시 관악구 남부순환로218길 37, 지층 (봉천동, 프라비다2)",8787,(주)아이골프존 더클래식,126.950464811358,37.4796436603018
서울특별시 관악구 신림동 1714번지 상가동 B105호,"서울특별시 관악구 호암로 399, 상가동 B105호 (신림동, 삼성산주공아파트)",8847,삼성산 스크린,126.925454992929,37.4613714617228
서울특별시 관악구 신림동 1474-14 2층,"서울특별시 관악구 남부순환로 1464, 2층 (신림동, 승도빌딩)",8771,A#스크린골프,126.913378400019,37.4812406839959
서울특별시 관악구 봉천동 927-5 청운빌딩 지하1층,"서울특별시 관악구 남부순환로 1730, 청운빌딩 지하1층 (봉천동)",8784,희망 스크린골프,126.942250799054,37.4820661680091
서울특별시 관악구 신림동 1477-21 지하1층,"서울특별시 관악구 문성로 95, 지하1층 (신림동)",8771,양지골프연습장,126.914165924147,37.4777356129235
서울특별시 관악구 봉천동 산 53-1번지,서울특별시 관악구 낙성대로 42 (봉천동),,낙성대골프연습장,126.958024550669,37.4740892506907
서울특별시 관악구 봉천동 883-6번지 지층,"서울특별시 관악구 청룡1길 37 (봉천동,지층)",,아이골프존,126.948352931445,37.4811979877216
서울특별시 관악구 봉천동 1663-10 I PLUS 오피스텔 지하1층,"서울특별시 관악구 남부순환로 1878, I PLUS 오피스텔 지하1층 (봉천동)",8789,아이골프존,126.95812127543,37.4788324701734
서울특별시 관악구 신림동 1485-13 지하1층,"서울특별시 관악구 남부순환로 1434, 지하1층 (신림동)",8770,노블레스골프연습장,126.910062400938,37.4806947179323
서울특별시 관악구 봉천동 951-25,서울특별시 관악구 은천로 28 (봉천동),,봉일골프랜드,126.938389949449,37.4859081000629
서울특별시 관악구 신림동 1565-1 승지빌딩 4층,"서울특별시 관악구 난곡로 270, 승지빌딩 4층 (신림동)",8772,드림스크린골프,126.915438657711,37.4780820676797
서울특별시 관악구 봉천동 1000 현대상가 2층 1호,"서울특별시 관악구 관악로 306, 현대상가 2층 1호 (봉천동)",8730,현대스크린골프존,126.956728359528,37.4910650488657
서울특별시 관악구 봉천동 1664-18 일송빌딩 지하1층,"서울특별시 관악구 남부순환로 1862, 일송빌딩 지하1층 (봉천동)",8789,B&B 골프 아카데미,126.956529011189,37.4795432418838
서울특별시 관악구 신림동 1738 파로스프라자A동,"서울특별시 관악구 난곡로 100, 106호 (신림동, 파로스프라자A동)",8860,세인트 힐즈,126.919613685063,37.4645001795391
서울특별시 서초구 서초동 1487-101번지,서울특별시 서초구 효령로40길 53 (서초동),6708,카프 골프(Caf Golf),127.006401935073,37.4806499360301
서울특별시 서초구 서초동 1489-4번지 세민정형외과,"서울특별시 서초구 효령로40길 4, 세민정형외과 지하1층 (서초동)",6708,02골프연습장&아카데미,127.005777324248,37.4827440931615
서울특별시 서초구 서초동 1572-14,"서울특별시 서초구 반포대로30길 55, B층 (서초동)",6645,JS골프클럽,,
서울특별시 서초구 서초동 1330-4번지 아르누보씨티2,"서울특별시 서초구 서초대로74길 49, 아르누보씨티2 B203호,B204호호 (서초동)",6626,지원골프아카데미,127.028138184682,37.493414584039
서울특별시 서초구 서초동 1507-20 명달 포레스트,"서울특별시 서초구 명달로 114, 명달 포레스트 (서초동, 명달 포레스트)",6659,레드힐골프,127.004589534982,37.4873726254712
서울특별시 서초구 서초동 1689-2번지 가호 (지하1층),"서울특별시 서초구 서초대로 335 (서초동,가호 (지하1층))",,팜스프링,127.01808528391,37.4952764993945
서울특별시 서초구 서초동 1328-11번지 지하1층 비102호,"서울특별시 서초구 강남대로 359 (서초동,지하1층 비102호)",,우정골프스포츠,127.02860980273,37.4947989581217
서울특별시 서초구 서초동 1355-0번지 (3층),"서울특별시 서초구 효령로72길 60 (서초동,(3층))",,한전아트센터스포츠클럽,127.028078834421,37.4856046634033
서울특별시 서초구 방배동 477-1 멤버스뷰,"서울특별시 서초구 효령로 22, 멤버스뷰 지층 (방배동)",6698,캔쿤,126.987482377959,37.4773868015106
서울특별시 서초구 양재동 13-8 (지하2층),"서울특별시 서초구 강남대로 212 (양재동,(지하2층))",,싱글골프스쿨,127.036028236967,37.4831182461864
서울특별시 서초구 방배동 912-6번지 (지하1층),"서울특별시 서초구 효령로 113 (방배동,(지하1층))",,풀스윙골프크럽,126.996395147061,37.4813465344572
서울특별시 서초구 방배동 777-20번지 (지하1층),서울특별시 서초구 방배중앙로 156 (방배동),6557,카페골목스크린골프,,
서울특별시 서초구 서초동 1302-7번지 (지층),"서울특별시 서초구 서운로26길 5 (서초동,(지층))",,경희골프스쿨,127.02233435726,37.5024858950541
서울특별시 서초구 서초동 1623-1번지 (지1층),"서울특별시 서초구 서초중앙로 64 (서초동,(지1층))",,파워골프피디에스,127.015171372943,37.4874437310676
서울특별시 서초구 방배동 1669-0 (지하2층),"서울특별시 서초구 동작대로 120 (방배동,(지하2층))",,오른골프아카데미,126.982708256783,37.4872512547438
"서울특별시 서초구 잠원동 19-5번지 ,6호 (지1층) ","서울특별시 서초구 나루터로 70 (잠원동,,6호 (지1층))",,시드니스포츠,127.017751581004,37.5153529303454
서울특별시 서초구 잠원동 12-17번지 (6층),"서울특별시 서초구 강남대로 617 (잠원동,(6층))",,프라이어휘트니스신사점,127.018891565573,37.5168337332197
서울특별시 서초구 방배동 924-11번지 (지하1층),"서울특별시 서초구 방배로 107 (방배동,(지하1층))",,대하실내골프연습장,126.995851872957,37.4836374216132
서울특별시 서초구 서초동 1641-7번지 (지하1층),"서울특별시 서초구 사임당로23길 43 (서초동,(지하1층))",,굿샷스크린골프,127.020704448231,37.4922189524262
,"서울특별시 서초구 바우뫼로27길 7-11 (양재동,  대송빌딩 지하1층)",6752,피앤비 스크린 골프 스튜디오,127.036214455749,37.4767972497134
서울특별시 서초구 양재동 138-4,서울특별시 서초구 바우뫼로 101 (양재동),137-892,하늘채골프존,127.032196060267,37.4749962132377
서울특별시 서초구 서초동 1354-5 (지하1층),"서울특별시 서초구 서운로 3 (서초동,(지하1층))",,플라이 짐,127.029508644272,37.4843352446262
서울특별시 서초구 방배동 753-5번지 (지하1층),"서울특별시 서초구 동작대로 230 (방배동,(지하1층))",,안전지대 휘트니스,126.983668491403,37.4969314536823
"서울특별시 서초구 서초동 1600-4번지 지하1층 B01,B06,B07,B08호 ","서울특별시 서초구 서초중앙로 51 (서초동,지하1층 B01,B06,B07,B08호)",,고산자로,127.014995322006,37.486312988348
서울특별시 서초구 방배동 455-1번지 (지층),"서울특별시 서초구 방배천로 62 (방배동,(지층))",,그린스크린골프연습장,126.982824659131,37.4820810148783
서울특별시 서초구 방배동 864-21번지 (지하1층),서울특별시 서초구 서초대로 31 (방배동),6569,G·A스크린골프존,126.985805248687,37.4860895471026
서울특별시 서초구 방배동 750-14번지 (2층),"서울특별시 서초구 사평대로 16  (방배동,(2층))",,드림300야드골프,126.986067445691,37.4983143554109
서울특별시 서초구 방배동 907-4번지 (지하1층),"서울특별시 서초구 방배로 110 (방배동,(지하1층))",,하나스크린골프,126.996273694804,37.4841105552808
"서울특별시 서초구 잠원동 15-4번지 B103, B104, B105 일부 ","서울특별시 서초구 나루터로 69 (잠원동, B103, B104, B105 일부)",6525,신사샤르망스크린골프,127.017376361713,37.5157364533318
서울특별시 서초구 양재동 352-3번지 (2층),"서울특별시 서초구 강남대로2길 12 (양재동,(2층))",,올리브 골프존,127.043062701532,37.4662852064998
서울특별시 서초구 서초동 1629-3번지 (지하1층),"서울특별시 서초구 사임당로 86 (서초동,(지하1층))",,스페이스,127.019479115821,37.4895276711862
"서울특별시 서초구 방배동 1024-6번지 ,7 (지하1층) ","서울특별시 서초구 방배로 22  (방배동,,7 (지하1층))",,에이스스크린골프,127.000947514414,37.4770669716532
서울특별시 서초구 반포동 15-2번지 (2층),"서울특별시 서초구 사평대로19길 11  (반포동,(2층))",,구옥희골프아카데미,,
"서울특별시 서초구 서초동 1302-2 ,3,13 (2층) ","서울특별시 서초구 서운로 220 (서초동,,3,13 (2층))",,W.PGA아카데미,127.021761944037,37.5027112533189
서울특별시 서초구 서초동 1302-2번지 대지프라자 지하1층,"서울특별시 서초구 서운로 220 (서초동, 대지프라자 지하1층)",6609,장재식골프클럽,127.021761944037,37.5027112533189
"서울특별시 서초구 서초동 1330-4번지 아르누보씨티2 지하2층 201호, 202호, 205호, 206호 ","서울특별시 서초구 서초대로74길 49 (서초동, 아르누보씨티2 지하2층 201호, 202호, 205호, 206호)",6626,지원스크린,127.028138184682,37.493414584039
서울특별시 서초구 잠원동 71-5번지 수푸레하우스 A.B동 지하1층,"서울특별시 서초구 신반포로23길 78-9 (잠원동, 수푸레하우스 A.B동 지하1층)",6510,빵빵스크린골프,127.005649370817,37.5117254254519
서울특별시 서초구 서초동 1720-2번지,"서울특별시 서초구 서초대로41길 19, B02호 (서초동, 한국사학진흥재단)",6595,클럽에이스골프존,127.007419406487,37.4936348447063
서울특별시 서초구 잠원동 28-1번지,"서울특별시 서초구 강남대로 581, 8층 (잠원동, 푸른빌딩)",6530,더프라자,127.019775743632,37.5136737682384
서울특별시 서초구 방배동 758-2번지 삼호상가,"서울특별시 서초구 방배로 269, 삼호상가 지하1층 (방배동)",6553,SG스크린골프 방배점,126.987743441241,37.4966548872032
서울특별시 서초구 서초동 1553-5 오퓨런스,"서울특별시 서초구 서초대로 254, 오퓨런스 지하3층 (서초동)",6647,영자피트니스 서초점(골프),127.009620980568,37.4920207116979
서울특별시 서초구 서초동 1534-2번지 명정빌딩,"서울특별시 서초구 반포대로 45, 명정빌딩 지하1층 (서초동)",6671,이지골프아카데미,127.010842267696,37.4845373748015
서울특별시 서초구 반포동 817번지 (지1층),"서울특별시 서초구 신반포로 15 (반포동, 지동 지1호)",6501,장스골프연습장,,
서울특별시 서초구 서초동 1556-9번지 (지1층),"서울특별시 서초구 반포대로28길 39 (서초동,(지1층))",,지앤유,127.010500042248,37.4911879257958
"서울특별시 서초구 방배동 783-24번지 ,25,26 (4층) ","서울특별시 서초구 동작대로 172 (방배동,,25,26 (4층))",,딸기짐,126.9831199106,37.4919315087093
"서울특별시 서초구 서초동 1558-8 ,9 (지하1층) ","서울특별시 서초구 서초대로48길 44 (서초동,,9 (지하1층))",,포디그린서초점,127.011964443468,37.4908720735445
서울특별시 서초구 양재동 243번지 (2층),"서울특별시 서초구 마방로4길 16-27 (양재동,(2층))",,양재제일스크린연습장Ⅱ,,
서울특별시 서초구 서초동 1330-7번지,서울특별시 서초구 서초대로74길 51  (서초동),,우성,127.028399942934,37.4930598849976
서울특별시 서초구 양재동 5-9번지,서울특별시 서초구 논현로31길 75 (양재동),6745,양재골프클럽,127.040034467886,37.4795688736034
서울특별시 서초구 반포동 745-2번지,"서울특별시 서초구 주흥1길 17, 지하1층 (반포동)",6543,유프로골프학당,127.020012632416,37.5036405895266
서울특별시 서초구 반포동 813-0번지 2브럭8,"서울특별시 서초구 신반포로3길 18 (반포동,2브럭8)",,반포골프연습장,,
서울특별시 서초구 반포동 75-2번지 오색빌딩 지하,"서울특별시 서초구 서래로6길 20 (반포동,오색빌딩 지하)",,서래스포츠,126.999431516712,37.4975941001785
서울특별시 서초구 양재동 202번지,서울특별시 서초구 바우뫼로12길 70 (양재동),137-915,갤럭시아골프클럽 더케이호텔점,127.033064735385,37.4682875002518
서울특별시 서초구 서초동 1500-8번지 (지하1층),"서울특별시 서초구 서초대로40길 24 (서초동,(지하1층))",,서초스크린골프,,
서울특별시 서초구 우면동 64-1번지 (지하1층),"서울특별시 서초구 바우뫼로7길 3 (우면동,(지하1층))",,SKY골프연습장,127.025100225017,37.4705484746403
서울특별시 서초구 서초동 1621-18번지 (지하1층),"서울특별시 서초구 서초중앙로6길 15 (서초동,(지하1층))",,파워골프,127.016487178648,37.4864242442969
서울특별시 서초구 양재동 209-5 (지하1층),"서울특별시 서초구 매헌로 42 (양재동,(지하1층))",,에버그린스크린골프클럽,127.03443180384,37.4647073022018
"서울특별시 서초구 서초동 1600-11번지 (지하1층 B101,B102,B103호) ","서울특별시 서초구 서초중앙로 45 (서초동,(지하1층 B101,B102,B103호))",,다온스크린골프,127.015448732619,37.4857832271806
서울특별시 서초구 서초동 1716-6번지 (지하1층),"서울특별시 서초구 서초대로 277 (서초동,(지하1층))",,4D골프아카데미,127.011892493752,37.4935137441544
서울특별시 서초구 서초동 1357-7번지 (지하1층),"서울특별시 서초구 강남대로47길 11 (서초동, 덕영빌딩 지1층)",6729,강남스토리골프존,127.031130637315,37.4885701974592
서울특별시 서초구 서초동 1684-1번지 3층 309호,"서울특별시 서초구 고무래로 90-7 (서초동,3층 309호)",,서초골프클럽,127.01745084134,37.4999223644377
서울특별시 서초구 서초동 1487-4번지 (지하1층),"서울특별시 서초구 효령로 204 (서초동,(지하1층))",,스크린씨씨,127.006590829036,37.482882175224
서울특별시 서초구 방배동 1022-1번지 (지하1층),"서울특별시 서초구 방배로8길 4 (방배동,(지하1층))",,오늘도 골프,126.999133741459,37.479727563019
서울특별시 서초구 반포동 51-12번지 (지하1층),"서울특별시 서초구 서초중앙로 215 (반포동,(지하1층))",,한양스크린CC,127.01171031136,37.500686855813
서울특별시 서초구 서초동 1676-4번지 (지하1층),"서울특별시 서초구 서초대로58길 13 (서초동,(지하1층))",,위너스스크린골프,127.018028048458,37.4942702636218
"서울특별시 서초구 서초동 1623-3 ,4 (지하3층 B301,B302호) ","서울특별시 서초구 서초중앙로 58 (서초동,,4 (지하3층 B301,B302호))",,J.M스크린골프,127.015593855751,37.4871437304777
서울특별시 서초구 잠원동 70-5번지 70-5 4층,서울특별시 서초구 잠원로 37-6 (잠원동),6511,뉴코아,127.007978232724,37.5083720223392
서울특별시 서초구 반포동 60-4번지 1층,"서울특별시 서초구 서초중앙로29길 28 (반포동,1층)",,NGF,127.008705635951,37.4999733384409
서울특별시 서초구 방배동 793-21번지,서울특별시 서초구 동광로19길 5 (방배동),6561,삼호골프,126.989339958986,37.4927493572046
서울특별시 서초구 반포동 703-5번지,서울특별시 서초구 신반포로42길 12 (반포동),,태경,127.018475705532,37.5097512762222
서울특별시 서초구 방배동 453-24 (지1층),"서울특별시 서초구 방배천로 36 (방배동, (지1층))",6691,DK스크린골프,126.982680245417,37.4797737799711
서울특별시 서초구 양재동 331 외8필지,서울특별시 서초구 동산로2길 16 (양재동),6787,TPZ RANGE 서초,127.041631742501,37.4691376894151
서울특별시 서초구 반포동 748-8,서울특별시 서초구 사평대로 371 (반포동),,에이블짐 골프아카데미 신논현역,127.023590349784,37.5045712985968
서울특별시 서초구 방배동 837-15번지 (지1층),"서울특별시 서초구 방배로 192 (방배동, (지1층))",6586,스타스크린골프,126.992174606863,37.4906647379692
서울특별시 서초구 서초동 1552-19번지,서울특별시 서초구 서초대로46길 20 (서초동),6647,선인스크린,127.010009909587,37.4915869344343
서울특별시 서초구 서초동 1449-10번지 지하3층,"서울특별시 서초구 반포대로4길 54 (서초동, 지3층층)",6719,하일스크린골프,127.015809049625,37.4818783884938
서울특별시 서초구 서초동 1677-14 지하1층,"서울특별시 서초구 서초대로 344 (서초동,지하1층)",,골프존25,127.01907129719,37.4950165840585
서울특별시 서초구 양재동 3-14 이스타빌,"서울특별시 서초구 논현로 151, 이스타빌 B101, B105호 (양재동)",6740,샷스크린골프,127.042103382331,37.4828840475536
서울특별시 서초구 양재동 275-4 트윈타워 B동(지1층0,"서울특별시 서초구 마방로10길 15 (양재동,트윈타워 B동(지1층0)",,(주) 더 파스칼,127.043892850214,37.4769039393292
서울특별시 서초구 서초동 1575-1번지,서울특별시 서초구 서초대로50길 31 (서초동),,티지스크린골프,,
서울특별시 서초구 서초동 1439-1 (지1층),"서울특별시 서초구 남부순환로339길 72 (서초동,(지1층))",,시나래컴퍼니,127.021504447703,37.4862096283726
"서울특별시 서초구 잠원동 69-12번지 반포쇼핑타운 6동 지층5,6호 ","서울특별시 서초구 신반포로 205 (잠원동,반포쇼핑타운 6동 지층5,6호)",,로얄스크린골프,127.006460397501,37.5070244820045
서울특별시 서초구 방배동 445-4번지 우성타운 9층,"서울특별시 서초구 방배천로 5-1 (방배동,우성타운 9층)",,우성스크린골프,126.982475800902,37.4770127866652
서울특별시 서초구 양재동 11-17번지 한솔로이젠트 B01,"서울특별시 서초구 남부순환로 2614 (양재동, 한솔로이젠트 B01호)",6737,SH메디휘트니스,127.036674496114,37.4844741553292
서울특별시 서초구 방배동 791-3번지 지하1층,서울특별시 서초구 방배중앙로 148 (방배동),6561,SBS골프아카데미,126.98697772885,37.4921922078459
서울특별시 서초구 잠원동 60-6번지 외 3필지 지1층,서울특별시 서초구 잠원로4길 34-4 (잠원동),6522,프라자,127.010078452198,37.5119138909871
서울특별시 서초구 방배동 773-10번지 지하1층,"서울특별시 서초구 방배로 240 (방배동,지하1층)",,김소영골프스쿨,126.989707445482,37.4945376185715
서울특별시 서초구 잠원동 53-0번지 잠원현대상가 지층131호,서울특별시 서초구 잠원로12길 6 (잠원동),137-907,더존골프아카데미,127.013020285495,37.5185276018822
서울특별시 서초구 양재동 262-4번지 지하1층,"서울특별시 서초구 마방로 40 (양재동,지하1층)",,Jm골프아카데미클럽,127.042167306894,37.4759194037559
서울특별시 서초구 서초동 1678-2번지 지하1층,"서울특별시 서초구 서초대로 350 (서초동,지하1층)",,최인자골프연습장,127.019836119117,37.4951967495887
서울특별시 서초구 방배동 985-14 지하1층,"서울특별시 서초구 효령로36길 18 (방배동,지하1층)",,KLPGA 송미영골프스쿨,127.000147544383,37.4809002294925
서울특별시 서초구 서초동 1332-4번지 지하1층,"서울특별시 서초구 사임당로 143 (서초동,지하1층)",,골드골프클럽,127.025236485997,37.4918506404669
서울특별시 서초구 서초동 1342-3번지 지하1층,"서울특별시 서초구 효령로 402 (서초동,지하1층)",,센츄럴골프클럽,127.027840294062,37.4881309663803
서울특별시 서초구 양재동 20-6 지하1층,"서울특별시 서초구 바우뫼로37길 23-6 (양재동,지하1층)",,양재스크린골프,127.039010860153,37.479837896934
서울특별시 서초구 반포동 706-8번지 지하1층,"서울특별시 서초구 신반포로 340 (반포동,지하1층)",,마이골프연습장,127.020890081267,37.5107449522232
서울특별시 서초구 방배동 895-1번지 외3필지 (지하1층),"서울특별시 서초구 서초대로 118, 지하1층 (방배동)",6664,위너골프아카데미,126.995386687937,37.4878971914119
"서울특별시 서초구 서초동 1364-1 효봉빌딩 지하1층, 지하2층 ","서울특별시 서초구 서운로 20 (서초동, 효봉빌딩 지하1층, 지하2층)",6734,골프존파크 서초그린필드,127.029621265917,37.4857871914464
"서울특별시 서초구 양재동 83-2번지 지상 1,2층 ","서울특별시 서초구 바우뫼로 206 (양재동, 지상1,2층)",6746,뉴욕골프존,127.041786208162,37.4801905039879
서울특별시 서초구 반포동 746-9번지 지하1층,"서울특별시 서초구 사평대로 349 (반포동, 지하1층)",6542,서초스크린,127.021292917493,37.5038111062408
서울특별시 서초구 방배동 1823번지 가나안빌딩 지하2층,"서울특별시 서초구 동작대로 134 (방배동, 가나안빌딩 지하2층 )",6567,더스크린골프,126.982789345503,37.4886546765779
서울특별시 서초구 반포동 891번지 지하1층,"서울특별시 서초구 신반포로 27-12 (반포동, 지하1층)",6502,골프앤조이,,
서울특별시 서초구 반포동 107-45번지 지하1층,"서울특별시 서초구 사평대로18길 10 (반포동, 지하1층)",6575,서래골프존,126.995611990694,37.4983905097385
서울특별시 서초구 양재동 275-1번지 삼호물산B/D 지하2층,"서울특별시 서초구 논현로 83 (양재동,삼호물산B/D 지하2층)",,삼호,127.04437756564,37.4771788364952
서울특별시 서초구 서초동 1342-1번지 지하1층,"서울특별시 서초구 효령로 398 (서초동,지하1층)",,KMP 골프아카데미,127.027394070375,37.4880141198593
서울특별시 서초구 방배동 758-2번지 삼호지하상가 지하1층,"서울특별시 서초구 방배로 269 (방배동,삼호지하상가 지하1층)",,브라보골프,126.987743441241,37.4966548872032
서울특별시 서초구 서초동 1685-10번지 지하3층,"서울특별시 서초구 서초중앙로 176 (서초동,지하3층)",,신동아골프아카데미,127.013182874419,37.4975251598084
서울특별시 서초구 서초동 1635-6번지 지1층,"서울특별시 서초구 서초대로64길 55 (서초동,지1층)",,저스트골프아카데미,127.021566856304,37.4932701834634
서울특별시 서초구 서초동 1360-53번지 지1층,"서울특별시 서초구 강남대로39길 26-1 (서초동,지1층)",,거원스크린골프,127.031572174698,37.4858590371851
서울특별시 서초구 서초동 1487-133번지 지1층,"서울특별시 서초구 명달로 30 (서초동,지1층)",,모던골프,127.005837734278,37.4802754157652
서울특별시 서초구 방배동 756-6번지 남광빌딩 지하,"서울특별시 서초구 동광로19길 115 (방배동,남광빌딩 지하)",,방배골프,,
서울특별시 서초구 서초동 1337-2번지 지하2층,"서울특별시 서초구 효령로77길 34 (서초동,지하2층)",,비즈준골프,127.028848796506,37.4919941549832
서울특별시 서초구 방배동 1024-6번지 지하1층,"서울특별시 서초구 방배로 22 (방배동,지하1층)",,에이스,127.000947514414,37.4770669716532
서울특별시 서초구 서초동 1429-4번지 영일빌딩 지하,"서울특별시 서초구 남부순환로333길 32 (서초동,영일빌딩 지하)",,키덜트골프클럽,127.020840077639,37.4838478440108
서울특별시 서초구 반포동 45-12번지 백산빌딩 지하1층,"서울특별시 서초구 서초중앙로29길 10 (반포동,백산빌딩 지하1층)",,반포,127.011189730461,37.4990062595087
서울특별시 서초구 반포동 51-12번지 13,"서울특별시 서초구 서초중앙로 215 (반포동,13)",,홍익골프교실,127.01171031136,37.500686855813
"서울특별시 서초구 양재동 275-2번지 지하1층 138,140,141호 ","서울특별시 서초구 논현로 79 (양재동,지하1층 138,140,141호)",,윈드스톤골프,127.044786556599,37.4769176597084
서울특별시 서초구 방배동 982-2번지 대림B/D 지1층,"서울특별시 서초구 방배로 57 (방배동,대림B/D 지1층)",,방배멤피스골프스쿨,126.998469520085,37.4796971021703
서울특별시 서초구 서초동 1451-42번지 1.2층,"서울특별시 서초구 효령로52길 42  (서초동,1.2층)",,골프 9,127.012960082668,37.4823995184588
서울특별시 서초구 방배동 1023-6번지 지층,"서울특별시 서초구 방배로 36 (방배동,지층)",,방배골프&스크린,127.000159183738,37.4781138583437
서울특별시 서초구 반포동 54-1번지 쌍동빌딩 2층,"서울특별시 서초구 고무래로 22 (반포동,쌍동빌딩 2층)",,임경빈골프아카데미,127.010757906306,37.5025732021787
서울특별시 서초구 서초동 1593-7번지 서초이오빌 지하 비104호,"서울특별시 서초구 효령로53길 45 (서초동, 서초이오빌 지하 비104호)",137-963,T&F클럽,127.012932415371,37.4865276721133
서울특별시 서초구 서초동 1342번지 시범상가빌딩 지1층,"서울특별시 서초구 효령로 394 (서초동,시범상가빌딩 지1층)",,무지개,127.026893107325,37.487857639773
서울특별시 서초구 반포동 536-2번지 지1층,"서울특별시 서초구 사평대로28길 22 (반포동,지1층)",,B.S골프아카데미,126.999977947668,37.4995102717429
서울특별시 서초구 잠원동 66-2,서울특별시 서초구 신반포로33길 23 (잠원동),6521,파스텔골프클럽(실외),127.009823997802,37.5096124766896
서울특별시 서초구 방배동 895-10번지 2층,"서울특별시 서초구 서초대로30길 18-4, 2층 (방배동)",6664,케이피지엔 뉴스,126.996102108969,37.4875421299273
서울특별시 서초구 반포동 50-12번지,"서울특별시 서초구 서초중앙로31길 6-3, 지하3층 (반포동)",6593,시사매거진 골프,127.011287031477,37.5000580848817
서울특별시 서초구 방배동 874-1번지,서울특별시 서초구 방배로 169 (방배동),6573,럭키버디,126.99261297523,37.4886274075649
"서울특별시 서초구 양재동 275-2번지 (지1층 101~105,107~118호) ","서울특별시 서초구 논현로 79 (양재동,(지1층 101~105,107~118호))",,더베스트짐,127.044786556599,37.4769176597084
서울특별시 서초구 반포동 19-4번지 서울고속버스터미날 부속상가(2층),"서울특별시 서초구 신반포로 194 (반포동,서울고속버스터미날 부속상가(2층))",,한경골프클럽,127.006834366246,37.5064357442307
서울특별시 서초구 서초동 1694-12번지 (지2층),"서울특별시 서초구 서초대로51길 13 (서초동,(지2층))",,대영스크린골프연습장,,
서울특별시 서초구 서초동 1597-4번지 (지1층),"서울특별시 서초구 사임당로 32 (서초동,(지1층))",,C&S휘트니스,127.01352253293,37.4878312746356
서울특별시 서초구 방배동 765-28번지 상록빌딩 (지1층),"서울특별시 서초구 동작대로 196 (방배동,상록빌딩 (지1층))",,화인골프스쿨,126.983148482297,37.4941089768471
서울특별시 서초구 방배동 924-13번지 근복빌딩(지1층),서울특별시 서초구 방배로15길 3 (방배동),6683,T.O.P스크린골프,126.995502590698,37.4840480885519
서울특별시 서초구 서초동 1341-3번지 (지1층),서울특별시 서초구 효령로 414 (서초동),6728,뱅뱅골프존,127.029215371947,37.4884538258785
서울특별시 서초구 방배동 1001-8번지 (지1층),"서울특별시 서초구 효령로 182 (방배동,(지1층))",,이글스크린골프,127.003956756493,37.4824115157115
서울특별시 서초구 서초동 1595-3번지 지2층,"서울특별시 서초구 반포대로18길 60 (서초동,지2층)",,유승골프아카데미,,
서울특별시 서초구 서초동 1532-7번지 (지하1층),"서울특별시 서초구 효령로 229 (서초동,(지하1층))",,서초조이골프클럽,127.009102887991,37.4838725773152
서울특별시 서초구 서초동 1625-1번지 지하1층,"서울특별시 서초구 사임당로 50 (서초동, 지하1층)",6640,제이와이씨골프(JYC),127.015575237715,37.4884186592329
서울특별시 서초구 양재동 81-1 지하1층,"서울특별시 서초구 바우뫼로 180 (양재동, 지하1층)",6748,양재VISION골프존,127.03982597562,37.4782684272508
서울특별시 서초구 서초동 1699-2번지 (지1층),"서울특별시 서초구 서초중앙로28길 2 (서초동,(지1층))",,탑스크린골프,,
서울특별시 서초구 양재동 364-7,"서울특별시 서초구 동산로8길 70, 지층 (양재동)",6789,이경주골프아카데미,127.04678598568,37.4692064904371
서울특별시 서초구 서초동 1685-8번지 G5센트럴프라자,"서울특별시 서초구 서초중앙로24길 27, G5센트럴프라자 지하1층 B114-1호 (서초동)",6601,라온골프아카데미,127.016402306519,37.4954109950647
서울특별시 서초구 서초동 1343 해창빌딩,"서울특별시 서초구 효령로 380, 해창빌딩 지하1층 (서초동)",6727,허석호 골프아카데미,127.025691375135,37.4874974139112
서울특별시 서초구 서초동 1344-13 서초트라팰리스,"서울특별시 서초구 효령로72길 57, 지하1층 B101호 (서초동, 서초트라팰리스)",6732,플레이골프,127.028483359749,37.4870103195509
서울특별시 서초구 반포동 707 지맥스스포츠센터,서울특별시 서초구 강남대로 545-9 (반포동),6535,(주)세영씨앤유 더레인지,127.020819248735,37.5102358971827
서울특별시 서초구 잠원동 73 잠원쇼핑센터,"서울특별시 서초구 신반포로23길 41, 상가동 2층 202호 (잠원동, 신반포2지구아파트)",6509,르골프스튜디오,127.00446943136,37.5116583511688
서울특별시 서초구 반포동 70-1번지 한신서래아파트,"서울특별시 서초구 사평대로28길 31, 상가동 지하1층 (반포동, 한신서래아파트)",6578,펀 스포츠,127.000999698637,37.4989786738327
서울특별시 강남구 역삼동 838-11번지 미진빌딩 지층,"서울특별시 강남구 도곡로 111 (역삼동,미진빌딩 지층)",,톰스크린골프(401),127.032652586885,37.4901179881908
서울특별시 강남구 논현동 209번지 2층,"서울특별시 강남구 학동로 224 (논현동, 삼환아르누보3)",6104,학동스크린골프(406),127.033499319221,37.5144831085922
서울특별시 강남구 역삼동 688-5번지 장안빌딩 3층,"서울특별시 강남구 언주로 550 (역삼동,장안빌딩 3층)",,장안골프(378)(스크린),127.040386400716,37.5072539982169
서울특별시 강남구 삼성동 69번지 지층,"서울특별시 강남구 삼성로 626  (삼성동,지층)",,제이슨골프(379),127.052273781065,37.5156110159545
서울특별시 강남구 수서동 712번지 수서한아름(아)상가 지층,"서울특별시 강남구 광평로51길 22 (수서동,수서한아름(아)상가 지층)",,세종스크린골프(380),127.103957177072,37.4902172303572
서울특별시 강남구 논현동 267-1번지 제이케이빌딩 지층,"서울특별시 강남구 선릉로119길 5 (논현동,제이케이빌딩 지층)",,논현골프연구소,127.04205911456,37.5134255654787
서울특별시 강남구 청담동 3-7번지 지층,"서울특별시 강남구 도산대로 430 (청담동, 서림빌딩)",6062,더핀(381),127.042955283421,37.5232912285885
서울특별시 강남구 역삼동 834-34 홍우빌딩 지층,"서울특별시 강남구 역삼로8길 15 (역삼동,홍우빌딩 지층)",,골프존파크역삼위너스크린점,127.034174004352,37.4930900713112
서울특별시 강남구 삼성동 154-8번지 지하2층,"서울특별시 강남구 테헤란로87길 35 (삼성동,지하2층)",,조이앤푸드(스크린)(383),127.057717074415,37.5099628802377
서울특별시 강남구 역삼동 747-3번지 4호 지층,"서울특별시 강남구 역삼로 169 (역삼동,4호 지층)",,이글(스크린)(384),127.037549514899,37.4955415875703
"서울특별시 강남구 역삼동 784-6번지 2,3층 ","서울특별시 강남구 언주로 309  (역삼동,2,3층)",,플레잇골프(375),127.045735086147,37.4950938752003
서울특별시 강남구 삼성동 35-5번지 지층,"서울특별시 강남구 선릉로 616 (삼성동,지층)",,필스크린골프(376)[3스크린 포함],127.043640622607,37.5118815716908
"서울특별시 강남구 대치동 935-36번지 신농플라자 지층103,102일부 ","서울특별시 강남구 도곡로63길 12 (대치동, 신농플라자)",6207,브라보스크린골프(386),127.054465189148,37.4978004006706
서울특별시 강남구 대치동 987-17번지 대치프라자2 지하1층,"서울특별시 강남구 도곡로 521, 지하1층 (대치동, 대치프라자2)",6190,대치스크린골프(388),127.063233847146,37.5000176433904
서울특별시 강남구 논현동 39-18번지 지하2층,서울특별시 강남구 논현로131길 30 (논현동),6045,원스스크린골프,127.027892713329,37.5141529060873
서울특별시 강남구 대치동 912-31번지 지층,"서울특별시 강남구 삼성로71길 18 (대치동,지층)",,에이스타 골프 트랙맨 아카데미,127.057388920521,37.502083570441
서울특별시 강남구 대치동 890-36번지 60 오이타워 지층,"서울특별시 강남구 테헤란로70길 12  (대치동,60 오이타워 지층)",,클럽300(394),127.053159553826,37.5047428849251
서울특별시 강남구 삼성동 69-14번지 15번지 지층,"서울특별시 강남구 삼성로 622 (삼성동, 대명빌딩)",6085,골프존 스카이(398),127.052517618746,37.5152392437758
서울특별시 강남구 논현동 87-3번지 해바라기빌딩 지층,"서울특별시 강남구 논현로132길 8  (논현동,해바라기빌딩 지층)",,에이원에스지(397),127.03111494058,37.5147822633394
서울특별시 강남구 논현동 16번지 소망빌딩 3층,"서울특별시 강남구 강남대로150길 6 (논현동, 논현동 K 빌딩)",6038,신사스크린골프(371),,
서울특별시 강남구 도곡동 957-11번지 극동스타클래스,"서울특별시 강남구 남부순환로 2615 (도곡동, 극동스타클래스)",6267,P스크린골프,127.035883711966,37.4851852937745
서울특별시 강남구 삼성동 161-17번지 경진빌딩,"서울특별시 강남구 영동대로106길 17, 경진빌딩 지하1층 (삼성동)",6170,비다펠리즈(VIDA FELIZ),127.06248180278,37.5137253920292
서울특별시 강남구 청담동 109-1,"서울특별시 강남구 도산대로85길 50-18, B1층 (청담동)",6012,ARAM GOLF STUDIO,127.05169539191,37.5271919490541
서울특별시 강남구 논현동 213-4번지,"서울특별시 강남구 논현로128길 18, 지하1층 (논현동)",6105,YU Golf Studio,127.032592801106,37.5136043427682
서울특별시 강남구 논현동 249-6 논현로얄팰리스,"서울특별시 강남구 언주로 626, 논현로얄팰리스 지하1층 1호 (논현동)",6101,골프에비뉴,127.03607608067,37.5125390642313
서울특별시 강남구 역삼동 722번지 경남아파트,"서울특별시 강남구 언주로85길 13, 지하1층 (역삼동, 경남아파트)",6222,(주)유디알 지에프,127.042381786191,37.5005673881078
서울특별시 강남구 청담동 87-4번지 S&S TOWER,"서울특별시 강남구 도산대로 409, S&S TOWER 지하2층 (청담동)",6014,에어골프 스튜디오 청담,127.04048543207,37.5237127790956
서울특별시 강남구 논현동 221-13번지,"서울특별시 강남구 논현로 628, 지하2층 (논현동)",6107,(주)오너스스포츠,127.033082131446,37.5097962922691
서울특별시 강남구 일원동 717 삼성생명 일원역 빌딩,"서울특별시 강남구 일원로 115, 삼성생명 일원역 빌딩 103-2호 (일원동)",6355,2X 골프 아카데미,127.084459720088,37.4840224010593
서울특별시 강남구 일원동 717 삼성생명 일원역 빌딩,"서울특별시 강남구 일원로 115, 삼성생명 일원역 빌딩 103-3호 (일원동)",6355,2x 골프연습장,127.084459720088,37.4840224010593
서울특별시 강남구 역삼동 606-28번지,서울특별시 강남구 논현로 561 (역삼동),6125,EST Golf,127.034077257047,37.5061371187148
서울특별시 강남구 신사동 652-16번지,"서울특별시 강남구 도산대로 327, 지하1층 (신사동)",6019,(주)더프라자 청담,127.037598626747,37.5231196123278
서울특별시 강남구 신사동 579-6번지,"서울특별시 강남구 논현로175길 18, 지하2층 (신사동)",6030,(주)제이지에스 골프,127.027105211002,37.5259704649889
서울특별시 강남구 논현동 244-4번지,"서울특별시 강남구 선릉로127길 27, 지하1층 (논현동)",6099,엑스원 골프 아카데미,127.039482037804,37.5149636577552
서울특별시 강남구 신사동 656-4번지 우진빌딩,"서울특별시 강남구 선릉로155길 23, 우진빌딩 지하1층 (신사동)",6019,주식회사 두댓,127.037747378589,37.5255757873904
서울특별시 강남구 역삼동 720-9번지 스타팅빌딩,"서울특별시 강남구 테헤란로38길 5, 스타팅빌딩 지하2층 (역삼동)",6221,모션골프,127.041646620207,37.5016487665451
서울특별시 강남구 삼성동 9-22 서경빌딩,"서울특별시 강남구 선릉로 642, 서경빌딩 1층 (삼성동)",6092,기어스랩,127.042828640489,37.5138905674127
서울특별시 강남구 삼성동 113-4 PARK L9,"서울특별시 강남구 봉은사로 426, PARK L9 지하1층 (삼성동)",6153,메타골프엔터테인먼트,127.046687183959,37.5108078512834
서울특별시 강남구 논현동 209 삼환아르누보3,"서울특별시 강남구 학동로 224, 삼환아르누보3 203,204,206,207,208,209,210호 (논현동)",6104,주식회사 더블지에프,127.033499319221,37.5144831085922
서울특별시 강남구 청담동 132-16,"서울특별시 강남구 학동로101길 11, 지하2층 (청담동)",6075,더 케이 골프스튜디오 인 청담,127.057420802329,37.5212638625375
서울특별시 강남구 삼성동 141-3번지 세웅타워,"서울특별시 강남구 선릉로94길 12, 세웅타워 지하2층 (삼성동)",6162,72골프연습장,127.049557899004,37.5058068260964
서울특별시 강남구 논현동 7-4번지 큐빅타워,"서울특별시 강남구 도산대로 170, 큐빅타워 지하1층 (논현동)",6040,킹덤골프스튜디오,127.027288961536,37.5189073726619
서울특별시 강남구 개포동 1219,"서울특별시 강남구 논현로16길 30, 2층 (개포동)",6312,알로하골프 개포,127.048749690265,37.4770870125736
서울특별시 강남구 논현동 95-14 동성빌딩,"서울특별시 강남구 선릉로145길 16, 동성빌딩 지하1층 (논현동)",6055,GBL 골프연구소,127.038118183763,37.5215162917535
서울특별시 강남구 도곡동 543 동신빌딩,"서울특별시 강남구 도곡로 204, 동신빌딩 지하1층 (도곡동)",6272,S&H웰빙휘트니스,127.041422427959,37.4921516958537
서울특별시 강남구 삼성동 159 코엑스,"서울특별시 강남구 영동대로 513, 코엑스 지하2층 (삼성동)",6164,TGX GOLF ACADEMY,127.059159043842,37.5118239121138
서울특별시 강남구 청담동 130 청담아이파크,"서울특별시 강남구 영동대로142길 25 (청담동, 청담아이파크)",6075,올바디골프,127.055097277182,37.5252558695976
서울특별시 강남구 대치동 945 삼안빌딩,"서울특별시 강남구 테헤란로 520, 삼안빌딩 지하1층 (대치동)",6181,브릿지골프아카데미 레인지엑스 삼성,127.061059386179,37.5078269000485
서울특별시 강남구 역삼동 830-41 네스빌,"서울특별시 강남구 역삼로7길 17, 네스빌 지하1층 (역삼동)",6243,골프플래닛,127.03256826852,37.4951475238352
서울특별시 강남구 역삼동 765-2 백림빌딩,"서울특별시 강남구 선릉로63길 9, 백림빌딩 5층 (역삼동)",6218,웰씨짐,127.05144014643,37.4971636638659
서울특별시 강남구 청담동 30-33 대림아파트,"서울특별시 강남구 학동로77길 27, 상가동 2층 (청담동, 대림아파트)",6067,S.S골프클럽,127.047788927028,37.5208848658812
서울특별시 강남구 역삼동 648-9,"서울특별시 강남구 테헤란로 129, 지하2층 (역삼동)",6133,버핏그라운드 역삼별관,127.032367803374,37.4999326440603
서울특별시 강남구 도곡동 465 우성4차아파트,"서울특별시 강남구 언주로 117, 2층 (도곡동, 우성4차아파트)",6299,미나모토 골프 스튜디오,127.050396079152,37.4864661840624
서울특별시 강남구 역삼동 784-6 기성빌딩,"서울특별시 강남구 언주로 309, 기성빌딩 B101호 (역삼동)",6229,히든랩 골프 연습장,127.045735086147,37.4950938752003
서울특별시 강남구 삼성동 150-19 코배가든,"서울특별시 강남구 삼성로 550, 코배가든 지하1층 (삼성동)",6165,골프스타 아카데미(GOLF STAR ACADEMY),127.05479080184,37.5108510423919
서울특별시 강남구 청담동 71-25 성호빌딩,"서울특별시 강남구 학동로97길 20, 성호빌딩 지하1층 (청담동)",6072,청담GDR아카데미,127.055518121661,37.521146560666
서울특별시 강남구 역삼동 727-14 프라임빌딩,"서울특별시 강남구 논현로 412, 프라임빌딩 지하1층 (역삼동)",6224,원골프(HGA_CR),127.039093501609,37.4969698129663
서울특별시 강남구 역삼동 727-14 프라임빌딩,"서울특별시 강남구 논현로 412, 프라임빌딩 지하1층 (역삼동)",6224,원 골프 아카데미,127.039093501609,37.4969698129663
서울특별시 강남구 삼성동 113-4 PARK L9,"서울특별시 강남구 봉은사로 426, PARK L9 지하2층 (삼성동)",6153,메타아이골프,127.046687183959,37.5108078512834
서울특별시 강남구 세곡동 581,"서울특별시 강남구 헌릉로 569, 강남리더스프라자 5층 (세곡동)",6376,리더스VSE골프,127.101226214382,37.4657580150675
서울특별시 강남구 일원동 683-9,"서울특별시 강남구 일원로3길 20, 지하1층 (일원동)",6343,노바골프,127.082199525416,37.4915416434134
서울특별시 강남구 논현동 237 논현 237,"서울특별시 강남구 언주로113길 7, 논현 237 2층 (논현동)",6109,주식회사 라이언앳,127.036784928008,37.509304600187
서울특별시 강남구 신사동 638-10,"서울특별시 강남구 언주로174길 11, 지하1층 (신사동)",6017,G-labo Studio(지라보 스튜디오),127.034787393301,37.528530180713
서울특별시 강남구 청담동 46-11 근정 빌딩,"서울특별시 강남구 삼성로133길 15, 근정 빌딩 4,5층 (청담동)",6068,(주)글뤽골프,127.048599264763,37.5192195718303
서울특별시 강남구 논현동 211-15 한솔빌딩,"서울특별시 강남구 언주로 639, 한솔빌딩 지하1층 (논현동)",6105,최완욱 골프 연구소,127.03495997582,37.5136165502206
서울특별시 강남구 청담동 125-14 RNF537,"서울특별시 강남구 도산대로 537, RNF537 지하1층 (청담동)",6013,공감 골프,127.05237378213,37.5251725046295
서울특별시 강남구 도곡동 422번지 광명빌딩 지하1층,"서울특별시 강남구 논현로28길 48  (도곡동,광명빌딩 지하1층)",,그린(224),127.045708964975,37.4843322502528
서울특별시 강남구 삼성동 1-1번지 천마빌딩 지층,"서울특별시 강남구 학동로 402 (삼성동,천마빌딩 지층)",,탑스크린(334),127.04178907453,37.5169930955233
서울특별시 강남구 역삼동 837-11번지 유니온센타 지하2층,서울특별시 강남구 강남대로 310 (역삼동),6253,휘슬러휘트니스(227),127.031485792815,37.4909831820412
서울특별시 강남구 삼성동 127-13번지 Bk-Tower,"서울특별시 강남구 삼성로 547, Bk-Tower (삼성동)",6156,삼성강남스크린골프(323),127.054373755707,37.510349645955
서울특별시 강남구 논현동 221-5 M빌딩 B2,"서울특별시 강남구 논현로 626 (논현동,M빌딩 B2)",,아인스 휘트니스,127.033274863786,37.5095470202593
"서울특별시 강남구 삼성동 58번지 F2,3 ","서울특별시 강남구 학동로 522 (삼성동,F2,3)",,아이골프연습장(327),127.056075187118,37.5195574689849
서울특별시 강남구 도곡동 964번지 현대그린아파트 상가동 지하1층,"서울특별시 강남구 논현로51길 25 (도곡동,현대그린아파트 상가동 지하1층)",,"재형골프시스템[328,스크린1포함]",127.039533410678,37.4890474712049
서울특별시 강남구 대치동 912-31번지 니츠빌딩 지하,"서울특별시 강남구 삼성로71길 18 (대치동,니츠빌딩 지하)",,드림라인(329)[스크린],127.057388920521,37.502083570441
서울특별시 강남구 대치동 922-1번지 한림빌딩 지하1층,"서울특별시 강남구 선릉로 324 (대치동,한림빌딩 지하1층)",,한티비전스크린골프(332),127.052094163626,37.4985303841214
서울특별시 강남구 대치동 901-67번지 성도빌딩,"서울특별시 강남구 역삼로77길 23, 성도빌딩 지하1층 (대치동)",6196,엠클럽골프,127.055935727133,37.503967639381
서울특별시 강남구 논현동 86-1번지 아이캐슬빌딩,"서울특별시 강남구 논현로 706, 아이캐슬빌딩 B1층 (논현동)",6052,주식회사 더프라자,127.03063850664,37.5150429581858
서울특별시 강남구 역삼동 721-9번지 산정빌딩 지하1층,"서울특별시 강남구 언주로81길 8 (역삼동,산정빌딩 지하1층)",,토마토스크린골프존,127.042879601261,37.5003535799397
서울특별시 강남구 역삼동 727-8 운기빌딩 지하2층,"서울특별시 강남구 논현로 416 (역삼동,운기빌딩 지하2층)",,역삼지앤에프(스크린)(333),127.038877962715,37.4974084039599
서울특별시 강남구 역삼동 738-40번지 지하1층,"서울특별시 강남구 논현로81길 11 (역삼동,지하1층)",,정우스크린골프(341),127.037138263555,37.4978880288003
서울특별시 강남구 도곡동 515-4번지 2층,서울특별시 강남구 논현로 148 (도곡동),6301,지프라자스크린골프(346),127.042834985331,37.483024432034
서울특별시 강남구 논현동 240-14번지,서울특별시 강남구 선릉로129길 24  (논현동),,은성(201),127.039519039271,37.5160623292902
서울특별시 강남구 신사동 536-16번지 지하1층,"서울특별시 강남구 도산대로13길 15 (신사동,지하1층)",,에스비에스(202),,
서울특별시 강남구 삼성동 169번지,서울특별시 강남구 영동대로96길 20  (삼성동),,강남(205),127.064213936954,37.5107775489412
서울특별시 강남구 일원동 626번지,서울특별시 강남구 개포로124길 27 (일원동),,삼성골프장,127.083543364194,37.4932977545865
서울특별시 강남구 역삼동 754-2번지 지상2층,"서울특별시 강남구 역삼로52길 14 (역삼동, 도곡프라자)",6216,그린 (212),127.047989898024,37.4985541072519
서울특별시 강남구 개포동 1237-16번지,서울특별시 강남구 논현로18길 15 (개포동),6307,리버골프(300),127.046227311836,37.47799390127
서울특별시 강남구 신사동 528-3번지 덕산빌딩 지하1층,"서울특별시 강남구 압구정로 108 (신사동,덕산빌딩 지하1층)",,에이스골프연습장(301),127.020600022676,37.5228889090644
서울특별시 강남구 대치동 962-22번지 한림빌딩 지하1층,"서울특별시 강남구 삼성로 336 (대치동,한림빌딩 지하1층)",,로지골프(주)(304),127.059768180119,37.5016759469377
서울특별시 강남구 논현동 74-7번지,서울특별시 강남구 논현로 732  (논현동),,(주)강남스파(306),,
서울특별시 강남구 포이동 193번지 썬테크빌딩 (F1),,,듀얼라이프골프,,
서울특별시 강남구 논현동 175-4번지 지하 1층,"서울특별시 강남구 논현로 633  (논현동,지하 1층)",,프라이어휘트니스 논현점(308),127.032171833287,37.5099806189412
서울특별시 강남구 개포동 170-1번지 석주빌딩 지하1층,"서울특별시 강남구 선릉로12길 5  (개포동,석주빌딩 지하1층)",,빅스골프아카데미 (309),127.060383349557,37.4836325160484
서울특별시 강남구 수서동 714-4번지 문암빌딩 B1,"서울특별시 강남구 광평로51길 6-11 (수서동,문암빌딩 B1)",,수서스크린골프존(357),127.103229900293,37.4885065847702
서울특별시 강남구 역삼동 700-33번지 지층,"서울특별시 강남구 테헤란로43길 17 (역삼동,지층)",,탱크(스크린골프)(359),127.043661150546,37.5044034043625
서울특별시 강남구 도곡동 552-6번지 삼송빌딩 지층,"서울특별시 강남구 도곡로 146  (도곡동,삼송빌딩 지층)",,골프아이(360),127.036185153589,37.4905857532755
서울특별시 강남구 역삼동 833-2번지 성보역삼빌딩,"서울특별시 강남구 역삼로 120, 성보역삼빌딩 지하1층 (역삼동)",6251,피지에이골프아카데미,127.032670618986,37.4936151530608
서울특별시 강남구 역삼동 787번지,서울특별시 강남구 도곡로27길 6 (역삼동),6231,덕산(179),127.042349360935,37.4934143089615
서울특별시 강남구 삼성동 144-4번지 ES타워 지층,"서울특별시 강남구 테헤란로77길 14 (삼성동,ES타워 지층)",,골프사랑(스크린)(361),127.054704544806,37.5075000660049
서울특별시 강남구 역삼동 707-15번지 우정에쉐르3(B1),서울특별시 강남구 언주로86길 25 (역삼동),6211,707스크린골프존(364),127.045130245839,37.5024828995605
서울특별시 강남구 역삼동 747-5번지 브라운스톤역삼아파트,"서울특별시 강남구 역삼로 171 (역삼동, 브라운스톤역삼아파트)",6247,한국(181),127.037881809178,37.4956539271268
서울특별시 강남구 대치동 982-10번지,서울특별시 강남구 역삼로98길 28 (대치동),6187,르카프,127.064840768329,37.5030610004045
서울특별시 강남구 도곡동 515-10번지,서울특별시 강남구 남부순환로370길 33 (도곡동),,도곡(실외)(123),127.043227124174,37.4834738925172
서울특별시 강남구 삼성동 151-7번지 지하2층,"서울특별시 강남구 삼성로 534  (삼성동,지하2층)",,위너스빌(315),127.055536318832,37.5096776765406
"서울특별시 강남구 삼성동 119-9번지 4,5층 ","서울특별시 강남구 삼성로 571 (삼성동,4,5층)",,러빙유골프존(삼성점),127.053210303682,37.5123480626965
서울특별시 강남구 논현동 231-4번지 원일빌딩 지하1층,"서울특별시 강남구 봉은사로37길 22 (논현동,원일빌딩 지하1층)",,공브라더스골프아카데미(313),127.036345062031,37.5097590228779
서울특별시 강남구 역삼동 756-14번지 지하1층,"서울특별시 강남구 선릉로 323, 지하1층 (역삼동)",6218,예 골프 아카데미,127.051567399686,37.4983617666614
"서울특별시 강남구 역삼동 755 한솔필리아, 지하1층 ","서울특별시 강남구 역삼로 310 (역삼동, 한솔필리아)",6217,주식회사 7스튜디오역삼,127.048420861876,37.4992355425931
"서울특별시 강남구 대치동 994-6번지 수안빌딩, 지하1층 ","서울특별시 강남구 영동대로 223 (대치동, 수안빌)",6283,이즈 골프존 파크,127.067906894618,37.4990969244411
서울특별시 강남구 대치동 62-8번지 지하1층,"서울특별시 강남구 영동대로50길 10 (대치동, 지하1층)",6286,로얄 골프아카데미,127.070034712154,37.4985582319872
서울특별시 강남구 역삼동 823-21번지 대공빌딩 지하1층,"서울특별시 강남구 테헤란로 126  (역삼동,대공빌딩 지하1층)",,에이스휘트니스 (310),127.032348181084,37.4990121815329
서울특별시 강남구 대치동 1014번지 지층 101호,"서울특별시 강남구 도곡로78길 22 (대치동,지층 101호)",,삼성래미안스크린골프(424),127.0588476129,37.4966357303128
서울특별시 강남구 논현동 175-14번지 지층,"서울특별시 강남구 논현로 627 (논현동, 유현빌딩)",6117,오너스스크린골프(425),127.032357709285,37.5095608802296
서울특별시 강남구 신사동 548-5번지 지하1층,"서울특별시 강남구 논현로175길 78 (신사동,지하1층)",,리스(219),127.022688768959,37.5237080781961
서울특별시 강남구 대치동 932-2번지 지하1층,"서울특별시 강남구 도곡로77길 14  (대치동,지하1층)",,4D(213),127.058617755819,37.499295885528
서울특별시 강남구 삼성동 8-1번지,서울특별시 강남구 선릉로 664 (삼성동),,파골프연습장(256)[스크린 3실 포함],127.042316926707,37.5158910703504
서울특별시 강남구 대치동 891-49번지,"서울특별시 강남구 테헤란로78길 14-13 (대치동, 포스타 빌딩)",6194,슬림핏휘트니스(259),127.054541725583,37.5049206538821
서울특별시 강남구 청담동 66-4번지,서울특별시 강남구 학동로95길 51 (청담동),6073,청담스포피아(실외)(121),127.052760791415,37.5222806552803
서울특별시 강남구 청담동 44-12번지,서울특별시 강남구 학동로 419 (청담동),,두성골프연습장(204),127.045976501779,37.5183061036652
서울특별시 강남구 역삼동 734-15번지,서울특별시 강남구 역삼로 205 (역삼동),,비젼(229),,
서울특별시 강남구 대치동 941-24번지,서울특별시 강남구 도곡로 447  (대치동),,효원골프크럽(194),127.059315262317,37.4986941157594
서울특별시 강남구 신사동 530번지 지하1층,"서울특별시 강남구 압구정로 120  (신사동,지하1층)",,임진한골프(55),127.021902856932,37.5236057825746
서울특별시 강남구 청담동 68-5번지 B3층,"서울특별시 강남구 영동대로 731, B3층 (청담동, 신영빌딩)",6072,청담쎄븐골프죤,127.054788716295,37.5230059400269
서울특별시 강남구 개포동 186-13번지 지층,"서울특별시 강남구 개포로 504 (개포동, 신일빌딩)",6329,파인스크린골프(427),127.067186912363,37.4890546234463
서울특별시 강남구 대치동 66번지 쌍용종합상가 지하2층 243호,"서울특별시 강남구 영동대로 210 (대치동, 쌍용아파트)",6286,박종현골프아카데미(428),127.071367051995,37.4988556676427
서울특별시 강남구 삼성동 140-3번지 선릉대림아크로텔 B201호,"서울특별시 강남구 선릉로 524, B201호 (삼성동,선릉대림아크로텔)",,클럽케이 서울 휘트니스,127.04838618187,37.5066550675471
서울특별시 강남구 도곡동 895-8 도곡한신아파트 상가 B1,"서울특별시 강남구 논현로 205 (도곡동, 도곡한신아파트)",6270,SJ 골프아카데미,127.040618203989,37.487947873686
서울특별시 강남구 역삼동 641-3번지 노바빌딩 B1,"서울특별시 강남구 논현로 523 (역삼동,노바빌딩 B1)",,태연스크린골프존(430),127.035476310562,37.5030731984471
서울특별시 강남구 논현동 181-6번지 지하 1층,"서울특별시 강남구 강남대로120길 42  (논현동,지하 1층)",,쵸이스골프연습장(312),127.026740290134,37.5076755814457
서울특별시 강남구 논현동 152-5번지 B02,"서울특별시 강남구 논현로 641  (논현동,B02)",,도토리짐(319),127.03162940528,37.5108368999065
서울특별시 강남구 신사동 638-13번지 지하1층,"서울특별시 강남구 언주로 874  (신사동,지하1층)",,나라(214),127.034133513054,37.5285885762172
서울특별시 강남구 삼성동 35-5번지 지하1층,"서울특별시 강남구 선릉로 616 (삼성동,지하1층)",,필라테스골프(216),127.043640622607,37.5118815716908
서울특별시 강남구 개포동 1259-3번지 지하1층,"서울특별시 강남구 개포로 241, 지하1층 (개포동)",6306,포이골프(158),127.048968755568,37.4791118504867
서울특별시 강남구 일원동 731번지 한솔상가 지하1층,"서울특별시 강남구 광평로10길 6 (일원동,한솔상가 지하1층)",,한솔(191),127.076520309277,37.4826291743574
서울특별시 강남구 논현동 239-4번지 신우빌딩 지하1층,"서울특별시 강남구 학동로 320 (논현동,신우빌딩 지하1층)",,랜드(476)(스크린골프),127.038101795376,37.5159826957472
서울특별시 강남구 삼성동 78-3번지 지하1층 103호,"서울특별시 강남구 영동대로 644 (삼성동, 원일빌딩)",6078,파크 힐(477)[스크린],127.058024979179,37.5193569550269
서울특별시 강남구 역삼동 840-8번지 지하1층,서울특별시 강남구 도곡로 151 (역삼동),6255,GDR골프존아카데미(542)[스크린],127.036515346351,37.4913083497671
서울특별시 강남구 신사동 638-13 쌍봉빌딩  지하1층,서울특별시 강남구 언주로 874 (신사동),6017,피트니스 더원,127.034133513054,37.5285885762172
서울특별시 강남구 청담동 87-8번지 지하1층,"서울특별시 강남구 도산대로 415, 지하동 1층 (청담동)",6014,아이 골프 앤 코[545],127.04092043531,37.5237788528603
서울특별시 강남구 역삼동 706-20,"서울특별시 강남구 언주로86길 11, 우정에쉐르 지하동 1층 제비101호, 제비102호호 (역삼동)",6210,파인골프,127.044267604323,37.5019668595977
서울특별시 강남구 일원동 615-1번지 기호빌딩 B02호,서울특별시 강남구 개포로110길 43 (일원동),6337,에스엠스크린골프,127.079681552221,37.4915621995587
서울특별시 강남구 논현동 231-4번지,서울특별시 강남구 봉은사로37길 22 (논현동),6108,원일(125),127.036345062031,37.5097590228779
서울특별시 강남구 삼성동 127-9번지,"서울특별시 강남구 삼성로 535 (삼성동, 삼화빌딩)",6156,원골프 삼성점,127.054664015136,37.5096172656352
서울특별시 강남구 논현동 198-6번지,서울특별시 강남구 강남대로114길 14 (논현동),6120,다이내스티(129),127.025416941812,37.5058179110476
서울특별시 강남구 역삼동 701-1번지,"서울특별시 강남구 언주로 506 (역삼동, 역삼 아르누보씨티)",6152,파인(143),127.042858395261,37.5034175478622
서울특별시 강남구 신사동 528번지,"서울특별시 강남구 압구정로 104 (신사동, 보암빌딩)",6028,크리스탈(144),127.020013389415,37.5225725778007
서울특별시 강남구 역삼동 721-13번지 지하1층,서울특별시 강남구 언주로 425 (역삼동),135-920,힐링짐(523),127.043058269829,37.5011172075922
서울특별시 강남구 논현동 97번지 싸이칸빌딩 2층,서울특별시 강남구 언주로 734 (논현동),6054,골프텍(524),127.034565098196,37.5207067527515
서울특별시 강남구 청담동 71-25번지 지하1층,서울특별시 강남구 학동로97길 20 (청담동),6072,청담파크휘트니스(일반)(525),127.055518121661,37.521146560666
서울특별시 강남구 대치동 891-28번지 B2,"서울특별시 강남구 삼성로85길 38 (대치동,B2)",,함스짐(HAMS GYM) 2호점,127.054274484491,37.504618129293
서울특별시 강남구 역삼동 797-26번지 지하2층,서울특별시 강남구 논현로 317 (역삼동),6257,로지골프[548][개방형 타석 스크린],127.039967646975,37.4935708327417
서울특별시 강남구 도곡동 457-4,"서울특별시 강남구 논현로26길 46-8, 지하1층 (도곡동)",6300,모던골프(552),127.046110293702,37.483505959607
서울특별시 강남구 역삼동 725-24번지 지하1층,"서울특별시 강남구 논현로86길 32, 지하1층 (역삼동)",6223,주식회사 라자로골프,127.040054488697,37.5003393446141
서울특별시 강남구 논현동 59-8 지하2층,"서울특별시 강남구 논현로 752, 지하2층 (논현동, 구산빌딩)",6047,골프존파크 논현 강남을지사거리점,127.028644440099,37.5191609544084
서울특별시 강남구 개포동 1197-2번지 5층,"서울특별시 강남구 논현로10길 29, 5층 (개포동, 강남친환경식품유통센터)",6312,멤버쉽 휘트니스 플레이 바이 어스,127.050395378069,37.4753216045886
서울특별시 강남구 일원동 736 대모초등학교,"서울특별시 강남구 광평로20길 27 (일원동, 대모초등학교)",6363,대모체육클럽[실외](557),127.085993825956,37.4805984530071
서울특별시 강남구 도곡동 515-10번지 1층,"서울특별시 강남구 남부순환로370길 33, 1층 (도곡동)",6301,"도곡SG스크린골프(실내, 실외)",127.043227124174,37.4834738925172
서울특별시 강남구 역삼동 823-33번지 지하2층,"서울특별시 강남구 논현로85길 58 (역삼동, 백림빌딩)",6234,오로스크린골프(526),127.033222585129,37.4980061455132
서울특별시 강남구 개포동 1193번지 지하1층,서울특별시 강남구 논현로 34 (개포동),6312,V6 golf(527)(스크린4실 포함),127.048787690213,37.4741511466619
서울특별시 강남구 수서동 589-3번지,"서울특별시 강남구 광평로34길 30, 지하2층 (수서동)",6362,수서그린골프[스크린룸2포함],127.094132327024,37.4821933417919
서울특별시 강남구 역삼동 831-18번지,"서울특별시 강남구 강남대로 342, 지하2층 (역삼동, 역삼빌딩)",6242,공브라더스 역삼점,127.030220203473,37.4936842818278
서울특별시 강남구 일원동 615번지 우성7차아파트,"서울특별시 강남구 개포로110길 15, 지하1층 101, 103호 (일원동, 우성7차아파트)",6337,SG스크린골프,127.079114775367,37.4932437695434
서울특별시 강남구 역삼동 651-3번지 한솔빌딩,"서울특별시 강남구 봉은사로 214, 한솔빌딩 지하1층 (역삼동)",6135,이민영골프아카데미,127.035787185493,37.5075305579448
서울특별시 강남구 신사동 579-6번지,"서울특별시 강남구 논현로175길 18, 지하1층 (신사동)",6030,JGS golf studio,127.027105211002,37.5259704649889
서울특별시 강남구 대치동 947-2번지 신아빌딩,"서울특별시 강남구 테헤란로98길 23, 신아빌딩 지하1층 (대치동)",6182,골프72,127.063095462656,37.5069158151314
서울특별시 강남구 대치동 990번지 삼성상가 지하102호,"서울특별시 강남구 도곡로 516 (대치동, 삼성상가)",6282,은마 골프존(198)[5실 5타석],127.062987853204,37.4991812807975
서울특별시 강남구 삼성동 159-9번지 지하2층,서울특별시 강남구 테헤란로87길 36 (삼성동),6164,제임스짐(207),127.058597240146,37.5102336492314
서울특별시 강남구 일원동 615번지 개포우성7차 상가B01호,"서울특별시 강남구 개포로110길 15  (일원동,개포우성7차 상가B01호)",,PGA(209),127.079114775367,37.4932437695434
서울특별시 강남구 역삼동 737번지,"서울특별시 강남구 테헤란로 152 (역삼동, 강남파이낸스센터)",6236,스타프로퍼티(245),127.036508620542,37.5000242405515
서울특별시 강남구 개포동 1259-2번지 지하1층,서울특별시 강남구 개포로 239 (개포동),6306,PGA(271),127.048801421737,37.4790998461948
서울특별시 강남구 대치동 909-1번지,서울특별시 강남구 역삼로 420 (대치동),6200,엔지에프(70),127.052884685838,37.500994284456
서울특별시 강남구 역삼동 823-24번지,"서울특별시 강남구 테헤란로14길 6 (역삼동, 남도빌딩)",6234,남도(80),127.032848249971,37.4989966363357
서울특별시 강남구 논현동 225-6번지,"서울특별시 강남구 언주로 615 (논현동, 강남YMCA)",6107,YMCA(천장만 뚫려있고 벽으로 둘러싸임)(101),127.036186123171,37.5106397134921
서울특별시 강남구 청담동 131-15번지,서울특별시 강남구 영동대로138길 9 (청담동),6075,한양(124),127.056494441884,37.5229050350666
서울특별시 강남구 자곡동 302-6번지 지하1층,서울특별시 강남구 밤고개로14길 13 (자곡동),6364,K.스크린골프(467),127.104012030996,37.4814182091757
서울특별시 강남구 대치동 947-2번지 신아빌딩 지하1층 101호,"서울특별시 강남구 테헤란로98길 23 (대치동,신아빌딩 지하1층 101호)",,골프72(스크린)(469),127.063095462656,37.5069158151314
서울특별시 강남구 청담동 2-6번지 유니텍 전자빌딩 지하1층,서울특별시 강남구 도산대로 410 (청담동),6062,MK스크린골프(471),127.040482091901,37.5229744987941
"서울특별시 강남구 수서동 726-4번지 EM빌딩 지하1, 지상2층, 지상3층 ",서울특별시 강남구 밤고개로5길 11-4 (수서동),6367,곰스크린골프(470),127.103872324034,37.4867535618638
서울특별시 강남구 대치동 905-11번지,서울특별시 강남구 역삼로 435 (대치동),,아이(233),127.05455737007,37.5020185980796
서울특별시 강남구 논현동 98-12번지,서울특별시 강남구 언주로148길 14 (논현동),,청호(실외)(234),127.036162554013,37.5206301397046
서울특별시 강남구 대치동 941-16번지 지하1층,"서울특별시 강남구 삼성로 307 (대치동,지하1층)",,베스트(236),127.06029257756,37.4994121734028
서울특별시 강남구 대치동 500번지 센트럴500소핑몰 지하1층,"서울특별시 강남구 남부순환로 2912 (대치동,센트럴500소핑몰 지하1층)",,그랑프리골프클럽(240)[스크린 2실 포함],127.056142941592,37.4907059879875
서울특별시 강남구 신사동 643-2번지 지하1층,"서울특별시 강남구 언주로172길 22 (신사동,지하1층)",,압구정훼미리(241),127.035481176264,37.5274486820575
서울특별시 강남구 신사동 638-5번지 지하1층3호,"서울특별시 강남구 압구정로 310 (신사동,지하1층3호)",,한양(231),127.035291971234,37.5287834827873
서울특별시 강남구 대치동 989-6번지 지하1층,"서울특별시 강남구 삼성로58길 11  (대치동,지하1층)",,에이스골프연습장(493),127.062208936584,37.4988157949478
서울특별시 강남구 청담동 8-2번지,서울특별시 강남구 삼성로145길 6 (청담동),6067,명성(132),127.047702415746,37.5223477688999
서울특별시 강남구 삼성동 108-9번지,"서울특별시 강남구 봉은사로 613 (삼성동, ADT캡스 제1빌딩)",6083,정석(153),127.062093393777,37.5148318493214
서울특별시 강남구 역삼동 769-1번지,"서울특별시 강남구 역삼로 204 (역삼동, 삼환 아르누보)",6227,지에스(155),127.039951326789,37.4958371408629
서울특별시 강남구 도곡동 957-11번지 스타클래스 지하2층,"서울특별시 강남구 남부순환로 2615 (도곡동, 극동스타클래스)",6267,프라이어 휘트니스(6 스크린 포함)(495),127.035883711966,37.4851852937745
서울특별시 강남구 도곡동 957-11번지 스타클래스 지하2층,"서울특별시 강남구 남부순환로 2615 (도곡동, 극동스타클래스)",6267,피스크린골프 양재점(494),127.035883711966,37.4851852937745
서울특별시 강남구 대치동 908-20번지 대치EM프라자 B202호,"서울특별시 강남구 선릉로 340 (대치동, 대치 EM 프라자)",6199,애플짐 휘트니스(496),127.051448351881,37.5002229368483
서울특별시 강남구 대치동 1014-3번지 B1,"서울특별시 강남구 도곡로78길 22 (대치동, 삼성아파트)",6279,김프로골프스쿨,127.0588476129,37.4966357303128
서울특별시 강남구 대치동 984번지,서울특별시 강남구 도곡로99길 16 (대치동),6189,골프존파크 대치점(499)(스크린),127.066014410681,37.5018487681441
서울특별시 강남구 논현동 97번지 3층,"서울특별시 강남구 언주로 734 (논현동, 성주그룹빌딩 본관)",6054,제스트(501),127.034565098196,37.5207067527515
"서울특별시 강남구 대치동 962-21 지하1,2층 ",서울특별시 강남구 삼성로 334 (대치동),6186,비스포레 스크린골프,127.059878211652,37.5015254232555
"서울특별시 강남구 삼성동 113-6번지 1,2층 ","서울특별시 강남구 봉은사로 430 (삼성동,1,2층)",,티스크린골프(418),127.047090032987,37.5109333814824
서울특별시 강남구 청담동 52-16번지 정화빌딩,"서울특별시 강남구 도산대로94길 19 (청담동,정화빌딩)",,프리마스크린골프(417),127.051601502617,37.5240846140369
서울특별시 강남구 대치동 938번지 삼환아르누보2(B2),서울특별시 강남구 도곡로 405 (대치동),6207,제이 스크린 골프존,127.054668203745,37.4973689050395
서울특별시 강남구 삼성동 151-5번지 세원빌딩 지층,"서울특별시 강남구 삼성로 540 (삼성동,세원빌딩 지층)",,더플레이어스(스크린)(354),127.055348309217,37.5100960110764
서울특별시 강남구 개포동 186-13번지,"서울특별시 강남구 개포로 504 (개포동, 신일빌딩)",6329,신일골프연습장(33),127.067186912363,37.4890546234463
서울특별시 강남구 청담동 3번지,"서울특별시 강남구 도산대로 420 (청담동, LG청담빌딩)",6014,효성(실외)(113),127.042195064505,37.5230539082669
서울특별시 강남구 역삼동 837-36번지,"서울특별시 강남구 강남대로 308 (역삼동, 랜드마크타워)",6253,다우리(154),127.031763351903,37.4906156768866
서울특별시 강남구 역삼동 834-40번지 지층,"서울특별시 강남구 역삼로8길 11  (역삼동,지층)",,역삼골프아카데미(368),127.033926057624,37.4934195509752
서울특별시 강남구 대치동 511번지 미도상가2층,"서울특별시 강남구 남부순환로 3032 (대치동, 대치지구대)",6281,프로(166),,
서울특별시 강남구 논현동 271-1번지 지층,서울특별시 강남구 선릉로115길 33 (논현동),6103,이동철골프교실(297),127.040302934137,37.5114643312901
서울특별시 강남구 청담동 44-19번지 지하1층,"서울특별시 강남구 학동로63길 6, 지하1층 (청담동)",6069,조현 골프 아카데미(574)[스크린1룸],127.045050721077,37.5184455753064
서울특별시 강남구 청담동 53-7번지 B2층 일부호,"서울특별시 강남구 영동대로 737, B2층 일부호 (청담동, 호텔리베라)",6071,리베라스크린골프(577)[스크린룸2타석],127.054240091718,37.523826465874
서울특별시 강남구 역삼동 683-10 지하1층,"서울특별시 강남구 선릉로 567, 지하1층 (역삼동, 대운)",6145,에이틴 에이치(579)[스크린룸2타석],127.044074669741,37.5090872155202
서울특별시 강남구 신사동 566-30번지 지하1층,"서울특별시 강남구 논현로159길 9, 지하1층 (신사동)",6032,서커스텀 골프랩(580),127.027364056869,37.5228927614286
서울특별시 강남구 대치동 1021-12번지 지하1층,"서울특별시 강남구 도곡로 456, 지하1층 (대치동)",6279,대치TPC골프존[스크린룸6],127.060300541507,37.498346459244
서울특별시 강남구 자곡동 638번지 B01호,"서울특별시 강남구 자곡로 120, B01호 (자곡동, 세곡드림프라자)",6373,지 라운지(582),127.096502429368,37.4721456267663
서울특별시 강남구 도곡동 957-11 지하2층 일부호,"서울특별시 강남구 남부순환로 2615, 지하2층 일부호 (도곡동, 극동스타클래스)",6267,피트니스나인,127.035883711966,37.4851852937745
서울특별시 강남구 역삼동 736-24 지하 1층,"서울특별시 강남구 테헤란로20길 19 (역삼동,지하 1층)",,제이원 휘트니스,127.03502680361,37.4985646987797
서울특별시 강남구 논현동 268-4번지 B1,"서울특별시 강남구 선릉로 619 (논현동,B1)",,탑휘트니스(282),127.042897801711,37.5120028486667
서울특별시 강남구 대치동 968-6번지,서울특별시 강남구 영동대로 329 (대치동),6188,오케이골프아카데미(283),127.065254610282,37.5038753715443
서울특별시 강남구 신사동 532-8번지 예 빌딩(지하1층),"서울특별시 강남구 압구정로12길 20  (신사동,예 빌딩(지하1층))",,골프랑 실내골프(284),,
서울특별시 강남구 역삼동 831-3번지 한국빌딩 지하2층,"서울특별시 강남구 강남대로78길 8 (역삼동,한국빌딩 지하2층)",,OK토탈 휘트니스(285),127.030080389903,37.4946959681486
서울특별시 강남구 논현동 66-9번지 지하 1층,"서울특별시 강남구 논현로 748 (논현동,지하 1층)",,스포라이프(289)[스크린 1포함],127.028942316203,37.5186658706319
서울특별시 강남구 일원동 615,서울특별시 강남구 개포로110길 15 (일원동),,우성스포츠센터(295),127.079114775367,37.4932437695434
,"서울특별시 강남구 테헤란로6길 30, 지하1층 (역삼동)",6240,E&J 이영수 골프 아카데미,127.031096092669,37.4966139485471
,"서울특별시 강남구 테헤란로 121, 지하1층층 (역삼동, 원빌딩)",6133,싸다휘트니스,127.031062762603,37.4994161773038
서울특별시 강남구 역삼동 735-15번지,"서울특별시 강남구 테헤란로14길 13, 지하1층 (역삼동)",6235,스택앤틸트 골프연습장,127.033524543049,37.4985493670374
서울특별시 강남구 압구정동 455번지 지하1층,"서울특별시 강남구 압구정로29길 68 (압구정동,지하1층)",,압구정골프스쿨(261),127.029186511113,37.5325363787069
서울특별시 강남구 논현동 181-8번지 지하1층,"서울특별시 강남구 강남대로118길 47 (논현동,지하1층)",,S골프 아카데미,127.026800853841,37.5075118551227
서울특별시 강남구 대치동 940-6번지,서울특별시 강남구 도곡로77길 7 (대치동),,패밀리(84),127.058357948933,37.4988053262096
서울특별시 강남구 도곡동 941번지 오복빌딩 지하1층,"서울특별시 강남구 도곡로 126 (도곡동,오복빌딩 지하1층)",,위너3D 골프연습장,127.03417387295,37.4900715164542
서울특별시 강남구 일원동 679번지 지하1층,"서울특별시 강남구 양재대로33길 14 (일원동,지하1층)",,조인로드(268),127.083053468769,37.4906108463026
서울특별시 강남구 삼성동 20-4번지 지하1층,"서울특별시 강남구 삼성로119길 14 (삼성동,지하1층)",,상아골프아카데미(269),127.050318566945,37.5160373189863
서울특별시 강남구 개포동 660-4번지 지상1층,"서울특별시 강남구 개포로 310 (개포동,지상1층)",,제일골프아카데미(270),127.057847776427,37.4802867173431
서울특별시 강남구 일원동 734번지 상록수상가 지층,"서울특별시 강남구 광평로10길 15 (일원동,상록수상가 지층)",,상록수골프클리닉(272),127.083445404216,37.482899384108
서울특별시 강남구 역삼동 823-3번지 B2,"서울특별시 강남구 테헤란로8길 7 (역삼동,B2)",,원짐(ONE GYM) 휘트니스[151],127.031728667655,37.4984382283431
서울특별시 강남구 개포동 186-5번지 지하1층,"서울특별시 강남구 개포로82길 13-11  (개포동,지하1층)",,뉴골드(97),127.06811631999,37.4887469377421
서울특별시 강남구 대치동 924-9번지 지하1층,"서울특별시 강남구 선릉로64길 23 (대치동,지하1층)",,강금석 골프스쿨(199),127.054172994424,37.4982980707123
서울특별시 강남구 대치동 66번지,서울특별시 강남구 영동대로 210 (대치동),,"쌍용골프(140, 스크린1포함)",127.071367051995,37.4988556676427
서울특별시 강남구 신사동 511-9,서울특별시 강남구 강남대로156길 24 (신사동),,맥스Golf,127.021095142383,37.5183811939888
서울특별시 강남구 대치동 1022번지 상아빌딩 지하1층,서울특별시 강남구 도곡로 438 (대치동),6279,이지골프,127.058425833023,37.4978295929759
서울특별시 강남구 대치동 507-2번지 지하2층,"서울특별시 강남구 삼성로 155 (대치동,지하2층)",,투엑스 휘트니스(508),127.062951852624,37.4938813994708
서울특별시 강남구 청담동 132-16번지 지하1층,"서울특별시 강남구 학동로101길 15 (청담동, 청구 빌딩)",6075,하이트골프존(스크린)(486),,
서울특별시 강남구 삼성동 113-6번지,서울특별시 강남구 봉은사로 430 (삼성동),6153,어틀런트골프,127.047090032987,37.5109333814824
서울특별시 강남구 대치동 992-2번지 지하1층,"서울특별시 강남구 도곡로 538  (대치동,지하1층)",,원일골프연습장(483),127.065989484359,37.5002544522922
서울특별시 강남구 역삼동 771-18번지 지하1층,서울특별시 강남구 언주로71길 32 (역삼동),6226,팡팡 골프존,127.042493539832,37.4968113231592
서울특별시 강남구 삼성동 1-1번지 천마빌딩 지하101호,"서울특별시 강남구 학동로 402 (삼성동, 천마빌딩)",6088,강남스크린골프(489)[스크린3포함],127.04178907453,37.5169930955233
서울특별시 강남구 개포동 12-4 석탑프라자 7층,"서울특별시 강남구 개포로 615 (개포동, 석탑프라자)",6335,피트니스 메이트,127.07558248914,37.4926580850327
서울특별시 강남구 삼성동 143-39번지 신일빌딩 지하1층,"서울특별시 강남구 테헤란로 425 (삼성동,신일빌딩 지하1층)",,골프존아카데미(491),127.053383426803,37.5062489042304
서울특별시 강남구 도곡동 543-7번지 도곡1차 아이파크상가 109-1호,서울특별시 강남구 논현로58길 20 (도곡동),6272,스포츠셀프코칭 골프(492),,
서울특별시 강남구 대치동 316번지 은마상가 편의동 103호,"서울특별시 강남구 삼성로 212, 편의동동 103호 (대치동, 은마상가)",135-969,대치 인,127.065915414443,37.4996157705058
서울특별시 강남구 일원동 615번지 지층,"서울특별시 강남구 개포로110길 15 (일원동, 우성7차아파트)",6337,JM힐링골프(513)-[1 스크린 포함],127.079114775367,37.4932437695434
서울특별시 강남구 율현동 101-13번지 B동 지하1층,"서울특별시 강남구 헌릉로745길 37 (율현동,B동 지하1층)",,골프스토리,127.118640018159,37.4703141731073
서울특별시 강남구 논현동 152-5번지,"서울특별시 강남구 논현로 641 (논현동, 논현동대우아이빌 힐타운)",6116,제이앤드제이(GDR) 골프아카데미,127.03162940528,37.5108368999065
서울특별시 강남구 논현동 81-1번지 지하1층,"서울특별시 강남구 논현로 712 (논현동, 동호빌딩)",6052,잼잼스크린골프(520),127.030283943136,37.5157106933972
서울특별시 강남구 삼성동 21-4번지 지하1층,"서울특별시 강남구 삼성로 633 (삼성동, 삼광빌딩)",6091,스토리짐(521)(스크린),127.051107823804,37.5162938562313
"서울특별시 강남구 논현동 122-8 동화상가1 B05호, B06호 ","서울특별시 강남구 학동로4길 15, B05호, B06호 (논현동, 동화상가1)",6110,논현역점 스포애니 주)케이디스포츠,,
서울특별시 강남구 논현동 107-45번지,"서울특별시 강남구 학동로43길 35, 지하1층 (논현동)",6058,어반골프스튜디오,127.037655342874,37.518473662932
서울특별시 강남구 역삼동 736-56번지 스타빌딩,"서울특별시 강남구 테헤란로26길 12, 스타빌딩 지하2층 (역삼동)",6236,Team S 골프아카데미,127.035856382455,37.4994465349977
서울특별시 강남구 대치동 511번지,서울특별시 강남구 남부순환로 3032 (대치동),,미도골프(160),,
서울특별시 강남구 도곡동 553번지 창우빌딩,"서울특별시 강남구 도곡로 130, 창우빌딩 (도곡동)",6259,동경(180),127.034579660652,37.4902361025675
서울특별시 강남구 논현동 40번지,서울특별시 강남구 학동로17길 12 (논현동),6045,논현종합(실외)(6),,
서울특별시 강남구 논현동 236-7번지,서울특별시 강남구 봉은사로 225 (논현동),,VIP 골프 스쿨,127.036739384872,37.508458300628
서울특별시 강남구 신사동 609-1번지 지하3층,"서울특별시 강남구 압구정로30길 23 (신사동,지하3층)",,W골프(157)[스크린1 포함],127.029494234094,37.5258914152554
서울특별시 강남구 대치동 953-16번지 지하1층,"서울특별시 강남구 역삼로 529, 지하1층 (대치동, 금마빌딩)",6184,2H 골프 스튜디오,127.060870238138,37.5040135837359
서울특별시 강남구 도곡동 422-4번지 B1층,"서울특별시 강남구 논현로28길 56, B1층 (도곡동)",6300,골프스튜디오 두잉(572),127.046380977217,37.4846139138939
서울특별시 강남구 역삼동 828-7번지 한동B/D B1,"서울특별시 강남구 테헤란로8길 37 (역삼동, 한동빌딩 사옥)",6239,애니골프강남라운지(432)[스크린],127.032452068994,37.4965676325056
"서울특별시 강남구 역삼동 688-1번지 3F, 4F ","서울특별시 강남구 언주로108길 6 (역삼동,3F, 4F)",,스포나인스크린골프(435),127.040066520139,37.5078285878835
서울특별시 강남구 논현동 249-6번지 논현로얄팰리스 지하 102호,"서울특별시 강남구 언주로 626 (논현동,논현로얄팰리스 지하 102호)",,DMT골프아카데미(스크린)(437),127.03607608067,37.5125390642313
서울특별시 강남구 수서동 724번지 로즈데일 1층,"서울특별시 강남구 광평로 280 (수서동, 로즈데일오피스텔)",6367,짐퍼스트 휘트니스 수서,127.103108072457,37.4873191631489
서울특별시 강남구 삼성동 142-34번지 2층,서울특별시 강남구 선릉로92길 28 (삼성동),6160,화끈한골프(459)(스크린),127.050930436723,37.5057713733989
서울특별시 강남구 신사동 583-3 미소빌딩 지하2층,"서울특별시 강남구 논현로 841 (신사동, 제이비 미소빌딩)",6031,엠휘트니스,127.027758806248,37.5239684663137
서울특별시 강남구 대치동 1009-5번지 지하1층,"서울특별시 강남구 영동대로 302 (대치동, 국민제1빌딩)",6177,구상스크린골프(462),127.067769302362,37.5015144023213
서울특별시 강남구 논현동 236-8번지 세울 스타스 관광호텔 6층,"서울특별시 강남구 봉은사로 223 (논현동, 슈메르호텔)",6109,헬리오스 골프(463)(1스크린 포함),127.036370411584,37.5083895780457
서울특별시 강남구 역삼동 792-81번지 지하1층,"서울특별시 강남구 논현로67길 30 (역삼동,지하1층)",,리치(251),127.037465153399,37.4937272567679
서울특별시 강남구 대치동 962-22번지 지하1층,"서울특별시 강남구 삼성로 336 (대치동, 한림빌딩)",6186,골프로(232),127.059768180119,37.5016759469377
서울특별시 강남구 논현동 242-29번지 지층,"서울특별시 강남구 선릉로 667 (논현동,지층)",,리츠스크린골프(405),127.04132524415,37.5162728163012
서울특별시 강남구 역삼동 683-26번지 선릉빌딩 지층,"서울특별시 강남구 선릉로 555 (역삼동,선릉빌딩 지층)",,에이원스크린골프(410),127.044823095968,37.5079883388025
서울특별시 강남구 대치동 893-7번지 지하1층,"서울특별시 강남구 삼성로81길 6 (대치동, 가야빌딩)",6195,디온스크린골프대치(412),127.057082686166,37.5047847530549
서울특별시 강남구 압구정동 408번지,서울특별시 강남구 압구정로 113  (압구정동),,유휘트니스(247),127.018445606778,37.5244043008813
서울특별시 강남구 청담동 132-16번지 지하1층,"서울특별시 강남구 학동로101길 15, 지하1층 (청담동)",6075,박은희골프스쿨(249),,
서울특별시 강남구 개포동 13-3번지,"서울특별시 강남구 개포로 623 (개포동, 대청타워)",6336,대청스크린골프(510),127.079647753194,37.494341198165
서울특별시 강남구 대치동 507-2번지 지하2층,"서울특별시 강남구 삼성로 155 (대치동, 대치퍼스트빌딩)",6291,"투엑스 골프존(509, 스크린)",127.062951852624,37.4938813994708
서울특별시 강남구 논현동 203 751빌딩 2층,서울특별시 강남구 봉은사로 129-1 (논현동),135-545,페닌슐라 골프아카데미 by MK휘트니스,127.028081865499,37.5060831041135
서울특별시 강남구 삼성동 163-1번지 별관 지하1층,서울특별시 강남구 봉은사로 644 (삼성동),6170,힐리언스골프인(스크린)(532),127.065696948747,37.5148700847434
서울특별시 강남구 논현동 206-14번지 지하1층,서울특별시 강남구 봉은사로 163 (논현동),6122,김홍기골프아카데미(533)[스크린],127.032148755196,37.5070685777585
서울특별시 강남구 대치동 1024번지 지하1층,"서울특별시 강남구 도곡로 408 (대치동, 지하1층)",6278,(주)케이에스 스포짐컴퍼니,127.055233195315,37.4966225187716
서울특별시 강남구 논현동 115-4번지 지하1층,서울특별시 강남구 언주로134길 18 (논현동),6061,GS골프클럽(536),127.037012129529,37.5165861740275
서울특별시 강남구 역삼동 651-3번지 지하2층,"서울특별시 강남구 봉은사로 214 (역삼동, 지하2층)",6135,렛츠겟휘트니스골프(538),127.035787185493,37.5075305579448
서울특별시 강남구 청담동 119-9번지,"서울특별시 강남구 도산대로81길 5, B1층 (청담동)",6011,이상골프아카데미,127.047811460015,37.5248191744942
서울특별시 강남구 대치동 988-15번지,서울특별시 강남구 도곡로 505 (대치동),6191,청솔(171),127.061708294936,37.4995006419713
서울특별시 강남구 대치동 984번지,서울특별시 강남구 도곡로99길 16 (대치동),6189,로얄골프클럽,127.066014410681,37.5018487681441
서울특별시 강남구 신사동 574-8번지 지하1층,서울특별시 강남구 논현로175길 40 (신사동),6030,신현대스크린골프(450),127.025317924893,37.5250726525578
서울특별시 강남구 역삼동 837-9번지 지하1층,"서울특별시 강남구 강남대로62길 3 (역삼동, 한진빌딩)",6253,M스크린골프연습장(451),127.031867290489,37.4904018398072
서울특별시 강남구 역삼동 736-56번지 지하1층,"서울특별시 강남구 테헤란로26길 12 (역삼동,지하1층)",,"스타휘트니스(452, 골프연습장)",127.035856382455,37.4994465349977
서울특별시 강남구 삼성동 52-1번지,서울특별시 강남구 삼성로 648 (삼성동),6084,청담,127.051024607576,37.5180077808957
서울특별시 강남구 역삼동 798-15번지,서울특별시 강남구 논현로 305 (역삼동),6257,우정,127.040414214829,37.4927596843185
서울특별시 강남구 도곡동 419-4번지,서울특별시 강남구 남부순환로378길 14 (도곡동),6296,매봉,127.045932061447,37.4852838988764
서울특별시 강남구 신사동 660-6번지 B1,서울특별시 강남구 압구정로 330 (신사동),6018,알에스지(스크린)(440),127.037654045502,37.5282720655424
서울특별시 강남구 도곡동 542-1번지 지하2층,서울특별시 강남구 도곡로 218 (도곡동),6272,그랜드 스크린 골프,127.042893878978,37.4926922256084
서울특별시 강남구 역삼동 646-13번지 삼안빌딩 지하1층,"서울특별시 강남구 강남대로94길 94 (역삼동,삼안빌딩 지하1층)",,스크린골프 스타(442),127.034833230022,37.5008249298902
서울특별시 강남구 대치동 889-45번지 지하1층,"서울특별시 강남구 선릉로 426 (대치동, 영선빌딩)",6192,노블스크린골프(444),,
서울특별시 강남구 역삼동 718-34번지,"서울특별시 강남구 논현로86길 25, 1층 (역삼동)",6220,골든그립(590),127.039430843288,37.5004280332142
서울특별시 강남구 청담동 31-11번지,"서울특별시 강남구 삼성로 727, 지하1층 (청담동, 보담빌딩)",6067,비바골프,127.048927756042,37.5204243475337
서울특별시 강남구 청담동 37-13번지 지하1층,"서울특별시 강남구 선릉로132길 27 (청담동,지하1층)",,로체(스크린)(448),127.043420666503,37.5185852105942
서울특별시 강남구 신사동 594-13,서울특별시 강남구 도산대로37길 21 (신사동),6024,신사골프스튜디오,127.031153770592,37.5224791634001
서울특별시 강남구 대치동 945-20 대치3차아이파크 오피스텔,"서울특별시 강남구 영동대로85길 20, 대치3차아이파크 오피스텔 지하1층 105호 (대치동)",6181,고트(G.O.A.T),127.061683727526,37.5070283754714
서울특별시 강남구 삼성동 151-7 싹아트센터,"서울특별시 강남구 삼성로 534, 싹아트센터 5층 (삼성동)",6166,파앤슈어 골프스쿨,127.055536318832,37.5096776765406
서울특별시 강남구 논현동 183 부경빌딩,"서울특별시 강남구 강남대로118길 12, 부경빌딩 지하1층 (논현동)",6120,제이원 골프 아카데미,127.024757288909,37.5063118920787
서울특별시 강남구 삼성동 153-38,"서울특별시 강남구 삼성로100길 23-24, 2층 (삼성동)",6166,에이틴에이치 코엑스점,127.057184104743,37.5108254006858
서울특별시 송파구 잠실동 175-22 지하2층,"서울특별시 송파구 올림픽로 74, 지하2층 (잠실동)",5556,에이블짐 종합운동장역점,127.07883210332,37.511340114419
서울특별시 송파구 석촌동 277번지,"서울특별시 송파구 가락로 99, 지하동 1층 1호 (석촌동)",5688,엠클럽 골프,127.106959641237,37.5011513260496
서울특별시 송파구 가락동 147-2 가락동 주상복합,"서울특별시 송파구 중대로 174 (가락동, 가락동 주상복합)",5824,시티존스크린골프아카데미,127.125638590851,37.4975061187226
서울특별시 송파구 송파동 48-13 연세빌딩,"서울특별시 송파구 오금로 152, 연세빌딩 (송파동)",5620,골프존파크 JS골프존,127.111455437422,37.5103325534361
서울특별시 송파구 석촌동 1-1번지 신동아로쟌뷰,"서울특별시 송파구 석촌호수로 188, 지하2층 201호~204호 (석촌동, 신동아로쟌뷰)",5612,골프존파크 석촌호수점,127.09803366099,37.5062374063678
서울특별시 송파구 가락동 199번지 가락프라자 상가지하 18호,"서울특별시 송파구 동남로18길 40, 지하1층 (가락동)",5785,겟인더홀,127.133993075122,37.4929745177293
서울특별시 송파구 송파동 137-6 삼창빌딩,"서울특별시 송파구 백제고분로46길 11, 삼창빌딩 지하층 1호 (송파동)",5662,골프라이빗 송파나루점,127.112559791935,37.5083713715131
서울특별시 송파구 풍납동 399-7,"서울특별시 송파구 강동대로9길 13, 2층 202호 (풍납동)",5537,키즈골프 스튜디오,127.116276005605,37.5276997798608
서울특별시 송파구 문정동 97-4 지하1층,서울특별시 송파구 새말로 142 (문정동),5799,스타골프,127.129626619435,37.4835370129283
서울특별시 송파구 방이동 40-3번지 지하1층,"서울특별시 송파구 올림픽로 374, 지하1층 (방이동)",5544,골프존 평화의문 스크린골프,127.111804061575,37.5168763032023
,"서울특별시 송파구 송파대로 111, 하비오길 중앙로 202동 202, B01호 (문정동, 파크하비오)",5837,파크하비오휘트니스&골프,127.124979804141,37.4796870553794
서울특별시 송파구 가락동 137-1번지,서울특별시 송파구 동남로 165 (가락동),5826,가락골프아카데미,127.128426251412,37.4929394342866
서울특별시 송파구 방이동 186-8,서울특별시 송파구 양재대로71길 8 (방이동),5638,프렌즈스크린 송파방이점,127.125890058433,37.5105520421649
서울특별시 송파구 가락동 75-9번지 규현빌딩,"서울특별시 송파구 양재대로62길 33, 2층 (가락동)",5713,더 클래스 골프 스튜디오,127.119875714024,37.4970661090786
서울특별시 송파구 석촌동 1-6 레이크캐슬,"서울특별시 송파구 송파대로49길 64, 레이크캐슬 지1층 (석촌동)",5612,프라이빗 골프아카데미,127.097906114834,37.5060001874742
서울특별시 송파구 문정동 632 가든파이브웍스,"서울특별시 송파구 충민로 52, 가든파이브웍스 지하1층 (문정동)",5839,스핀골프아카데미,127.122746043108,37.4777176293094
서울특별시 송파구 가락동 124-21번지 5층,"서울특별시 송파구 송이로 157 (가락동, 가윤웨딩뷔페)",5827,가윤스크린골프,127.125238187143,37.4931918951358
서울특별시 송파구 송파동 121번지 한양(아)상가 1층,"서울특별시 송파구 가락로 183, 1층 (송파동)",5664,FEEL 스크린골프,127.114525472441,37.5051646086263
서울특별시 송파구 잠실동 208-1번지 지하1층,"서울특별시 송파구 백제고분로17길 56, 지하1층 (잠실동)",5559,신천 스크린골프,127.085278064092,37.5104541841728
서울특별시 송파구 잠실동 35-1번지 영동일고,서울특별시 송파구 석촌호수로 93 (잠실동),5555,엠파이어 휘트니스,127.089443727735,37.5099746522433
서울특별시 송파구 잠실동 228-8번지 극동빌딩 B동 지하101호,서울특별시 송파구 백제고분로 139 (잠실동),5569,Y골프아카데미,127.082658056154,37.5061140153036
서울특별시 송파구 신천동 7 장미상가 B동 502호,"서울특별시 송파구 올림픽로35길 104, B동 502호 (신천동, 장미상가)",5504,오늘의골프 2연습장,127.099297662181,37.5198173607856
서울특별시 송파구 문정동 121-7번지,서울특별시 송파구 송이로31길 6 (문정동),5798,스카이골프,127.131996446215,37.4884155980633
서울특별시 송파구 석촌동 180번지,"서울특별시 송파구 백제고분로39길 30 (석촌동, 성화빌딩)",5609,석촌 핑클 스크린골프장,127.103833897654,37.5068583782924
서울특별시 송파구 문정동 41-4번지 지하1층,"서울특별시 송파구 동남로4길 12, 지하1층 (문정동)",5805,F.m골프아카데미,127.124095513204,37.4889495384625
서울특별시 송파구 가락동 70-19번지 가락대림A 상가 지하1층,"서울특별시 송파구 송이로 88, 지하1층 (가락동)",5707,B.S인토스크린골프아카데미,127.118311048913,37.4994910318586
서울특별시 송파구 신천동 7-12번지 5~10층,"서울특별시 송파구 올림픽로35가길 16 (신천동, 송파 FUN STADIUM)",5510,(주)옵티멈(실내외),127.103006473255,37.5162517087896
서울특별시 송파구 잠실동 329번지 지층,"서울특별시 송파구 백제고분로18길 25, 지층 (잠실동)",5578,골프랜드,127.084156787858,37.502841947835
,"서울특별시 송파구 송파대로16길 3, 지하1층 (문정동, 에이스빌딩)",5807,문정골프아카데미,127.123655708505,37.4846574192221
서울특별시 송파구 오금동 150-4번지,서울특별시 송파구 동남로 286 (오금동),5740,마스타골프연습장,127.13743924294,37.5009819430204
서울특별시 송파구 방이동 212-8 지하1층,"서울특별시 송파구 오금로31길 27, 지하1층 (방이동)",5646,에이스골프연습장,127.122596508904,37.509011455707
서울특별시 송파구 오금동 41-23번지 성암빌딩,서울특별시 송파구 마천로 76 (오금동),5659,스마트골프아카데미,127.128676868446,37.5073260571878
서울특별시 송파구 문정동 9-1번지 3층,"서울특별시 송파구 송이로 194 (문정동, 레미안빌딩)",5796,레미안스크린골프,127.127346226095,37.49046995263
서울특별시 송파구 송파동 148-3번지 지하1층,"서울특별시 송파구 가락로28길 15, 지하1층 (송파동)",5671,송파 골프연습장,127.117636554829,37.5058856889744
서울특별시 송파구 잠실동 294-21번지 지하2층 및 지하3층동,"서울특별시 송파구 도곡로 454 (잠실동, 정도빌딩)",5574,제이디골프,127.078548210492,37.5056240600123
서울특별시 송파구 문정동 72-3번지 건영(아) 상가동 지층,"서울특별시 송파구 새말로8길 14, 지하1층 (문정동)",5817,에이원골프아카데미,127.126389567724,37.4814511720735
서울특별시 송파구 오금동 164번지 우창아파트 상가 지하1층,"서울특별시 송파구 동남로 272, 지하1층 (오금동)",5740,SBS골프아카데미,127.136430596183,37.4998697398532
서울특별시 송파구 가락동 192번지 극동(아) 상가 지하1층,서울특별시 송파구 동남로18길 9 (가락동),5783,극동골프,127.13283790488,37.494851086928
서울특별시 송파구 거여동 174-4,서울특별시 송파구 거마로 13 (거여동),5744,산성골프연습장,127.144673908943,37.4944793056227
서울특별시 송파구 송파동 143-3번지 지하1층,"서울특별시 송파구 가락로 205 (송파동, 송림빌딩)",5663,김프로 골프존 아카데미,127.115854799861,37.5067625056488
서울특별시 송파구 거여동 31-15번지 3층,"서울특별시 송파구 오금로 526, 3층 (거여동)",5773,JJ스크린골프존,127.147126347161,37.4927734650322
서울특별시 송파구 문정동 77-8번지 지하1층,"서울특별시 송파구 새말로8길 9, 지하1층 (문정동)",5810,삼성골프스쿨,127.126710964763,37.481964853095
서울특별시 송파구 방이동 51-1번지 6층,"서울특별시 송파구 백제고분로 503, 6층 (방이동)",5545,공원골프연습장(실외),127.114876222366,37.5153721938053
서울특별시 송파구 삼전동 28-6번지 지하1층,"서울특별시 송파구 백제고분로 196, 지하1층 (삼전동)",5581,로드훠(그린연습장),127.088313655428,37.5039849019726
서울특별시 송파구 마천동 33번지 지하1층,"서울특별시 송파구 마천로 251, 지하1층 (마천동)",5734,다담 GOLF Lounge,127.145366951043,37.4990130371988
서울특별시 송파구 잠실동 40-1,서울특별시 송파구 올림픽로 240 (잠실동),5554,롯데호텔 골프연습장,127.098141751177,37.5113096112036
서울특별시 송파구 방이동 219-6번지,서울특별시 송파구 오금로31길 19 (방이동),5646,G골프스튜디오,127.121944325111,37.5076713462663
서울특별시 송파구 잠실동 224-0,서울특별시 송파구 백제고분로11길 10 (잠실동),5570,잠실골프연습장(실외),127.08072967017,37.5077468884913
서울특별시 송파구 가락동 80 성원상떼빌 상가 지하1층동 B10호,"서울특별시 송파구 송파대로28길 27, 지하1층 (가락동)",5718,상떼스크린골프,127.120132764747,37.4948121610825
서울특별시 송파구 가락동 165번지 가락래미안파크팰리스 상가동 지하1층호,"서울특별시 송파구 동남로 227, 지하1층 (가락동)",5820,래미안스크린골프,127.132387557873,37.4974462196768
서울특별시 송파구 가락동 123번지 백암빌딩 지하1층,"서울특별시 송파구 중대로 지하 150 (가락동, 백암빌딩)",5828,탑스크린골프존,,
서울특별시 송파구 가락동 188-8번지 지하1층,"서울특별시 송파구 문정로11길 24, 지하1층 (가락동)",5782,정광수골프연습장,127.133646040904,37.4942465913408
서울특별시 송파구 석촌동 226-16번지 지하1층,"서울특별시 송파구 가락로 23, 지하1층 (석촌동)",5691,하버드골프연습장,127.098960579856,37.4985806103356
서울특별시 송파구 송파동 121,"서울특별시 송파구 가락로 183, 상가동 2층층 46,50~55호호 (송파동, 한양아파트)",5664,엠제이 골프 아카데미 (MJ Golf),,
,"서울특별시 송파구 중대로 135 (가락동, 아이티벤처타워)",5717,SM GDR 골프연습장,127.122426977874,37.4950959654807
서울특별시 송파구 마천동 602-1번지,"서울특별시 송파구 성내천로47길 23, 3층 (마천동, 경진빌딩)",5748,JM스크린골프,127.157782567291,37.4951529662508
서울특별시 송파구 거여동 42-3번지,"서울특별시 송파구 거마로 14 (거여동, 청송빌딩)",5768,모비딕스크린골프,127.145339751174,37.4940228494892
서울특별시 송파구 가락동 189-13,서울특별시 송파구 동남로18길 45 (가락동),5782,A-Top골프,127.134819333753,37.4928435624626
서울특별시 송파구 삼전동 1-1번지 신원빌딩 B101,"서울특별시 송파구 석촌호수로 130, 지하1층 (삼전동)",5599,로얄 스크린골프,127.091386305975,37.5071964496082
서울특별시 송파구 잠실동 209-6번지 지하1층,"서울특별시 송파구 석촌호수로 92, 지하1층 (잠실동)",5564,우주 스크린골프,127.087202272752,37.5082698257981
서울특별시 송파구 오금동 19번지 오금대림A 상가 지하1층,"서울특별시 송파구 마천로7길 6, 지하1층 (오금동)",5656,King.s 스크린골프,127.127933293693,37.5084225762185
서울특별시 송파구 송파동 163-19번지 지하1층,"서울특별시 송파구 오금로32길 30, 지하1층 (송파동)",5672,위더스 스포츠,127.119025975571,37.5037526096939
서울특별시 송파구 방이동 24-5번지 지하1층,"서울특별시 송파구 오금로11길 7, 지하1층층 (방이동)",5542,모비딕스크린골프(잠실),127.10796656942,37.5145543838088
서울특별시 송파구 문정동 150번지 지하1층,"서울특별시 송파구 중대로 24, 지하1층 (문정동)",5834,메이저골프클럽,127.111059136873,37.488125746629
서울특별시 송파구 잠실동 175-9번지 B1호,"서울특별시 송파구 올림픽로 82, B1호 (잠실동)",5556,스카이스크린골프,127.079687718424,37.5114116206258
서울특별시 송파구 가락동 8 지하 1층,"서울특별시 송파구 오금로 306, 지하1층 (가락동)",5701,주식회사 세이브피트니스 오금,127.126114097948,37.5028743435851
서울특별시 송파구 송파동 163-20번지 지하1층,"서울특별시 송파구 오금로32길 28, 지하1층 (송파동)",5672,KPGA골프아카데미,127.119251232146,37.5039476303006
서울특별시 송파구 방이동 126-3번지,서울특별시 송파구 가락로 236 (방이동),5644,"골프아카데미""We""",127.11779912804,37.5091568940231
서울특별시 송파구 풍납동 393-13번지,서울특별시 송파구 강동대로7길 3 (풍납동),5537,이글골프아카데미,127.115345159324,37.5271110772883
서울특별시 송파구 가락동 98-7번지 지하2층,"서울특별시 송파구 송파대로28길 13 (가락동, 거북이빌딩)",5719,TK 휘트니스 앤 컴퍼니,127.119419238646,37.4942563328163
서울특별시 송파구 오금동 113-3 지하1층,"서울특별시 송파구 문정로 259, 지하1층 (오금동)",5731,원탑스크린골프,127.142102303203,37.5013286287254
서울특별시 송파구 풍납동 402-4 정민빌딩 3층,"서울특별시 송파구 토성로 78 (풍납동, 정민빌딩)",5538,짐퍼스트 휘트니스,127.118409964876,37.5280338232329
서울특별시 송파구 문정동 73-1 지하2층,"서울특별시 송파구 새말로8길 20, 지하2층 (문정동)",5817,엔씨휘트니스&골프,127.126436746242,37.4810674722131
서울특별시 송파구 가락동 78번지 아이티벤처타워 지하1층,"서울특별시 송파구 중대로 135 (가락동, 아이티벤처타워)",5717,에스비 짐,127.122426977874,37.4950959654807
서울특별시 송파구 가락동 73-3번지 지하1층,"서울특별시 송파구 송이로 108 (가락동, KR 타워)",5713,캡틴골프아카데미,127.121601593103,37.4966315018548
서울특별시 송파구 석촌동 175-10번지 지하1층,서울특별시 송파구 송파대로45길 3-24 (석촌동),5616,버디스크린골프,127.106012635864,37.5054855642829
서울특별시 송파구 오금동 17-11번지 지하1층,"서울특별시 송파구 위례성대로20길 32 (오금동, 명현빌딩)",5657,다인골프클럽,127.126962152977,37.508796819971
서울특별시 송파구 가락동 191-5,서울특별시 송파구 동남로20길 24 (가락동),5783,OK 스크린골프,127.134508852862,37.4953843038463
서울특별시 송파구 삼전동 101-2번지 지하1층,"서울특별시 송파구 백제고분로 237, 지하1층 (삼전동)",5604,청솔골프클리닉,127.093084748534,37.503199166146
서울특별시 송파구 문정동 72-3번지 건영상가,서울특별시 송파구 새말로8길 14 (문정동),5817,건영골프연습장,127.126389567724,37.4814511720735
서울특별시 송파구 잠실동 10-0번지,서울특별시 송파구 올림픽로 25 (잠실동),5500,실내골프연습장,127.075940589715,37.5161987797456
서울특별시 송파구 삼전동 180-0번지,서울특별시 송파구 백제고분로 262 (삼전동),5585,그린골프연습장,127.095398831219,37.5022670319477
서울특별시 송파구 송파동 142-8 지하1층,"서울특별시 송파구 오금로 204, 지하1층 (송파동)",5663,포시즌스크린골프,127.116144982187,37.5076180849028
서울특별시 송파구 방이동 110-12번지,서울특별시 송파구 오금로19길 5 (방이동),5641,아넥스골프스쿨(실외),127.112940158573,37.5104759345265
서울특별시 송파구 풍납동 401-4번지,서울특별시 송파구 올림픽로 505 (풍납동),5538,뉴원골프스쿨,127.118351594967,37.5273216401399
서울특별시 송파구 방이동 40번지 파라다이스빌 B201호(지하2층),"서울특별시 송파구 올림픽로 366, 지하2층 (방이동)",5544,한길골프스쿨,127.110812326364,37.5165326040932
서울특별시 송파구 방이동 66-2 지하1층,"서울특별시 송파구 오금로 111 (방이동, 세기빌딩)",5548,마크짐,127.108249353562,37.512600208515
서울특별시 송파구 가락동 76-2번지 지층1호,"서울특별시 송파구 송파대로30길 39, 지하1층 B01호 (가락동, 종원빌딩)",5713,준스크린골프 아카데미,127.121148235378,37.4961401984833
서울특별시 송파구 방이동 177-3 지하1층,"서울특별시 송파구 위례성대로 48, 지하1층 (방이동)",5627,골프존파크 방이88,127.11752964387,37.5153144419563
서울특별시 송파구 방이동 110번지 송암빌딩 지하1층동,"서울특별시 송파구 백제고분로 446, 지하1층 (방이동)",5641,로얄스크린골프,127.112744120149,37.5104581017222
서울특별시 송파구 문정동 150-35번지 3층동,"서울특별시 송파구 송파대로27길 30, 3층 (문정동)",5833,문스크린골프존,127.11577628751,37.4909273152145
서울특별시 송파구 신천동 11-8 더샵스타리버 B2층,"서울특별시 송파구 올림픽로35길 93, B2층 (신천동, 더샵스타리버)",5510,큐이디골프아카데미 잠실점,127.10439265685,37.5177732771804
서울특별시 송파구 잠실동 27-6번지 잠실5단지아파트 중앙상가 지하5-1,"서울특별시 송파구 올림픽로 203, 지하1층 (잠실동)",5503,J 스크린골프존,127.093322610898,37.5124860835366
"서울특별시 송파구 신천동 7-17번지 웰리스타워,삼성웰리스아파트 ","서울특별시 송파구 송파대로 562, 지하1층 (신천동, 웰리스타워,삼성웰리스아파트)",5510,GDR골프아카데미 잠실점,127.099502662936,37.5153235254771
서울특별시 송파구 오금동 67-0번지 아남아파트 상가 지하,"서울특별시 송파구 성내천로6길 1, 지하1층 (오금동)",5728,황제골프클럽,127.136074692605,37.5036024742717
서울특별시 송파구 삼전동 22-19,서울특별시 송파구 석촌호수로 134 (삼전동),5600,현대골프스쿨,127.091877352413,37.5070750637579
서울특별시 송파구 오금동 3-1번지 무림빌딩지하1층 B1호,"서울특별시 송파구 위례성대로 180, 지하1층 (오금동)",5653,코레스코골프클럽,127.130972166064,37.510129171453
서울특별시 송파구 오금동 45-0번지,서울특별시 송파구 오금로 307 (오금동),5661,한성기업(주)르네상스 휘트니스 클럽,127.126673907784,37.5034739040838
서울특별시 송파구 오금동 23-3 지하1층,"서울특별시 송파구 마천로 79, 지하1층 (오금동)",5656,케이탑 골프연습장,127.12920802596,37.507478828335
서울특별시 송파구 거여동 290-1번지,"서울특별시 송파구 양산로 14 (거여동, 세신거여종합상가)",5779,맥스골프스쿨,127.143799126057,37.4902395160178
서울특별시 송파구 문정동 634 가든파이브라이프,"서울특별시 송파구 충민로 66, 가든파이브라이프 10, 11층 (문정동)",5838,THE APPROACH,127.124961768886,37.4776148442516
서울특별시 송파구 문정동 41-5,"서울특별시 송파구 동남로4길 10, 지하 1층 (문정동)",5805,JD골프아카데미,127.123896900777,37.489120758088
서울특별시 송파구 문정동 642번지 송파 테라타워2,"서울특별시 송파구 송파대로 201, 송파 테라타워2 (문정동)",5854,문정역 테라스크린골프,127.120685887596,37.4877387829749
서울특별시 송파구 문정동 652-4 힐스테이트에코문정,"서울특별시 송파구 법원로4길 10, 힐스테이트에코문정 (문정동)",5855,키움골프GDR아카데미 문정점,127.122826416048,37.4826157890248
서울특별시 송파구 신천동 11-4 잠실 푸르지오 월드마크,"서울특별시 송파구 올림픽로35가길 9 (신천동, 잠실 푸르지오 월드마크)",5510,행복골프훈련소 잠실점,127.103444795508,37.5174846188512
서울특별시 송파구 잠실동 101-1번지 우성아파트,"서울특별시 송파구 올림픽로4길 48, 프리마쇼핑센터 (잠실동)",5571,제임스짐JS,127.074256049362,37.5065618089885
서울특별시 송파구 방이동 196-11,서울특별시 송파구 위례성대로12길 17 (방이동),5637,SJ골프 아카데미,127.122277129773,37.5120770022824
서울특별시 송파구 삼전동 1-3 아카데미빌딩 204호,"서울특별시 송파구 삼전로 100, 아카데미빌딩 204호 (삼전동)",5599,챔피언 골프스튜디오,127.090682086454,37.5069630013895
서울특별시 송파구 잠실동 175-6 J타워,"서울특별시 송파구 올림픽로 76, J타워 지하1층 (잠실동)",5556,에이치에이트 골프,127.079181383259,37.5115603565131
서울특별시 강동구 성내동 293-6,"서울특별시 강동구 풍성로 111, 지하1층 (성내동)",5387,프라이빗 스크린골프 연습장,127.124637343587,37.5322704992601
서울특별시 강동구 명일동 48-1번지,"서울특별시 강동구 동남로73길 31, 지층층 (명일동)",5269,GDR 골프장,127.154468163027,37.5526724241
서울특별시 강동구 암사동 451-18 암사종합상가,"서울특별시 강동구 고덕로 109, 암사종합상가 -1층 (암사동)",5237,라인 골프,127.137534131713,37.5549629751793
서울특별시 강동구 둔촌동 214,"서울특별시 강동구 동남로 515, 기림전자 (둔촌동)",5413,유로스크린골프,127.144995282415,37.5207330029753
서울특별시 강동구 길동 363-1,"서울특별시 강동구 천중로52길 54, 태양마트 4층 (길동)",5343,태양스크린골프,127.143063240094,37.5384763363698
서울특별시 강동구 강일동 679-2번지 MIDC빌딩,"서울특별시 강동구 아리수로 421, MIDC빌딩 10층 (강일동)",5211,골프존파크 프리모,127.174071506529,37.5646301110665
"서울특별시 강동구 길동 414-10 강동한신휴플러스주상복합(2층, 204~227호) ","서울특별시 강동구 진황도로 99, 2층 204~227호 (길동, 강동한신휴플러스주상복합)",5353,휘트니스엠 골프아카데미 길동점,127.137473996228,37.5360846941657
서울특별시 강동구 고덕동 486 아남아파트 상가 비동,"서울특별시 강동구 양재대로 1706, 상가 비동 지하1층 (고덕동, 아남아파트)",5230,구트 골프 스튜디오,127.146294328922,37.5579548375122
서울특별시 강동구 상일동 554-51 강일골드프라자II 5층,"서울특별시 강동구 고덕로98길 85, 강일골드프라자II 5층 (상일동)",5416,비에이치 골프 아카데미,127.179712278946,37.5545373534331
서울특별시 강동구 천호동 453-8 원방빌딩,"서울특별시 강동구 천호대로157길 18, 원방빌딩 (천호동)",5335,D&J GOLF ACADEMY,127.127484882745,37.5384960736319
서울특별시 강동구 성내동 545-8 집앤사 비키아파트,"서울특별시 강동구 성내로 79 (성내동, 집앤사 비키아파트)",5396,프렌즈골프스쿨,127.128731926488,37.5274627806981
서울특별시 강동구 천호동 414 두산위브센티움 201-2호,"서울특별시 강동구 올림픽로70길 61, 두산위브센티움 2층 201-2호 (천호동)",5329,더 스윙블랙 천호점,127.1269894743,37.5394018417027
서울특별시 강동구 길동 385-6 우성아트빌,"서울특별시 강동구 양재대로113길 51 (길동, 우성아트빌)",5354,행복골프훈련소 길동점,127.137080842692,37.5383217930035
서울특별시 강동구 성내동 455-1 지하1층,"서울특별시 강동구 올림픽로48길 22 (성내동, 가야빌딩)",5398,잔디골프아카데미,127.121307404282,37.5289538683713
서울특별시 강동구 성내동 550-2 예원빌딩B1,"서울특별시 강동구 성내로 36 (성내동, 예원빌딩)",5399,포인트골프,127.124220708838,37.5290282360391
서울특별시 강동구 명일동 47-3 사조로하이빌딩5층,서울특별시 강동구 동남로75길 13-10 (명일동),5269,마스타골프장,127.155039194888,37.5539196467931
서울특별시 강동구 성내동 441 2층,서울특별시 강동구 양재대로 1307 (성내동),5408,엠투어스크린골프,127.134023489042,37.5231479442323
서울특별시 강동구 길동 349-6,서울특별시 강동구 천중로 196 (길동),5343,은마골프클럽,127.142026592024,37.5407486466424
서울특별시 강동구 둔촌동 555 신동아 프라임상가 지층,"서울특별시 강동구 양재대로96길 79, 지하층 101,102,103,104호 (둔촌동)",5371,김프로골프존아카데미,,
서울특별시 강동구 성내동 539-3 서경BLD 지하1층,"서울특별시 강동구 성내로 19 (성내동, (주)서경산업개발)",5392,스카이스크린골프스쿨,127.122830787843,37.5303607386477
서울특별시 강동구 명일동 15번지 삼익그린상가2층44호,"서울특별시 강동구 명일로 375 (명일동, 삼익그린맨션)",5267,그린파크 스크린 골프,127.149457646714,37.5520142970108
서울특별시 강동구 둔촌동 609-6 6층,"서울특별시 강동구 천호대로 1210 (둔촌동, 은선빌딩)",5360,진영골프연습장,127.145659416639,37.534930341506
서울특별시 강동구 명일동 47-18번지 지층,"서울특별시 강동구 동남로 891 (명일동, 현대델리안오피스텔)",5269,명일 골프존 파크,127.155947723578,37.5533185664951
서울특별시 강동구 천호동 528 외1필지삼성@상가지하1호,"서울특별시 강동구 성안로25길 6 (천호동, 삼성아파트)",5338,삼성스크린골프,127.134790705052,37.5383026250169
서울특별시 강동구 둔촌동 452-1 지1층,서울특별시 강동구 진황도로 156 (둔촌동),5364,탑골프스쿨,127.141458403887,37.5320933330706
서울특별시 강동구 암사동 504-37번지 지하1,"서울특별시 강동구 올림픽로 807, 지층 (암사동)",5241,티골프,127.128338539383,37.5531248423469
서울특별시 강동구 성내동 456-4,서울특별시 강동구 성안로3길 117 (성내동),5400,광윤골프연습장,127.123546943564,37.5279653108526
서울특별시 강동구 암사동 508,"서울특별시 강동구 상암로3길 81 (암사동, 삼성광나루아파트)",5240,현대골프연습장,127.127700328853,37.5541589782587
서울특별시 강동구 명일동 343-2 지층,서울특별시 강동구 상암로51길 지하 7 (명일동),5294,오클랜드골프아카데미,,
서울특별시 강동구 명일동 328-1 지하 1층,서울특별시 강동구 구천면로 434 (명일동),5292,헤이골프아카데미,127.14658137515,37.5498803760623
서울특별시 강동구 명일동 48-15,"서울특별시 강동구 동남로71길 20, 지층 (명일동, 청솔빌딩)",5269,리틀타이거키즈골프스쿨,127.155088966059,37.5519419827342
서울특별시 강동구 고덕동 592-1,"서울특별시 강동구 아리수로 181-20, 1층 (고덕동)",5204,고덕산장 골프연습장,127.147748578977,37.5621582460568
서울특별시 강동구 상일동 341-1,"서울특별시 강동구 상일로 15, 1층 (상일동)",5283,한국골프아카데미,127.172979013168,37.5484192774053
서울특별시 강동구 길동 381-11 2층,"서울특별시 강동구 천중로40길 50 (길동, 민영빌딩)",5341,백호스크린골프,127.137894824496,37.5388745095412
서울특별시 강동구 성내동 428-6,서울특별시 강동구 양재대로 1349 (성내동),5404,케이탑 스크린골프,127.135361421877,37.5267222236995
서울특별시 강동구 천호동 217-132번지 동아하이빌아파트,"서울특별시 강동구 구천면로 278 (천호동, 동아하이빌아파트)",5310,동아스크린골프,127.133881482323,37.5446471437832
서울특별시 강동구 상일동 325-3번지 1층,서울특별시 강동구 천호대로 1469-1 (상일동),5283,21세기스크린골프,127.171296793024,37.5467125369278
서울특별시 강동구 성내동 550-4 지층,"서울특별시 강동구 성내로 40 (성내동, 동흔빌딩)",5399,강동 휴 스크린골프,127.124570630027,37.5288919964952
서울특별시 강동구 암사동 509 선사현대아파트 101동 상가 지하1층 01호,"서울특별시 강동구 상암로 11 (암사동, 선사현대아파트)",5240,2PM스크린골프,127.125660013035,37.5534474873056
서울특별시 강동구 길동 106-7번지 B01호,"서울특별시 강동구 명일로 230 (길동, 삼보프리빌)",5345,골프팡팡,127.146795933858,37.5391455227
서울특별시 강동구 둔촌동 435-4 광남캐스빌아파트,"서울특별시 강동구 천호대로 1152, 105동 지하1층 b01호 (둔촌동, 광남캐스빌아파트)",5362,더블유 골프아카데미,127.139246386119,37.533401331345
서울특별시 강동구 성내동 590 지하1층 일부,"서울특별시 강동구 풍성로 127 (성내동, 성내동삼성아파트)",5393,성내스크린골프장,127.126228075467,37.5320738331874
서울특별시 강동구 상일동 산 56-0,"서울특별시 강동구 동남로 900-22 (상일동, 산성골프연습장)",5278,산성레저,127.158702358206,37.5543150929281
서울특별시 강동구 명일동 48-9번지,"서울특별시 강동구 동남로71길 20-9 (명일동, 파라빌딩)",5269,홀인원 골프연습장,127.154802832757,37.5523580783663
"서울특별시 강동구 천호동 354-0 2,3,4층 ",서울특별시 강동구 구천면로 171 (천호동),5246,천오골프장,127.123805332867,37.541925047795
서울특별시 강동구 천호동 425-5 대우베네시티 지하2층 201호,"서울특별시 강동구 올림픽로 664 (천호동, 대우한강베네시티)",5328,팡야스크린골프,127.124975762766,37.540555377209
서울특별시 강동구 천호동 24-5 지층,서울특별시 강동구 양재대로 1621 (천호동),5306,샷스크린골프,127.143617316818,37.5503289310934
서울특별시 강동구 상일동 476번지 중앙하이츠상가 지하1층,"서울특별시 강동구 구천면로 561 (상일동, 명일중앙하이츠아파트)",5279,상일스크린골프아카데미,127.16031556576,37.5503808717011
서울특별시 강동구 둔촌동 51번지 한보타운 2층,서울특별시 강동구 천호대로 1200 (둔촌동),5361,오잘공스크린골프,127.144665419318,37.5345568374059
서울특별시 강동구 명일동 315-13번지,서울특별시 강동구 구천면로 427 (명일동),5267,한솔골프,127.146146799638,37.5505063873356
서울특별시 강동구 길동 73 지하1층,서울특별시 강동구 명일로 276 (길동),5300,삼익실내골프연습장,127.147926732577,37.5432075272103
서울특별시 강동구 성내동 460-2,"서울특별시 강동구 강동대로 165 (성내동, 그린빌딩)",5400,그린골프,127.125522012884,37.5256787390092
서울특별시 강동구 명일동 306-7 1층,"서울특별시 강동구 양재대로 1657-11 (명일동, 대은상가)",5257,다래스크린골프존,127.1433880792,37.5534192705771
서울특별시 강동구 길동 221-7 지층,서울특별시 강동구 천호대로 1237 (길동),5348,현대골프연습장,127.148125910722,37.5367572943577
서울특별시 강동구 암사동 452-31번지 지층,서울특별시 강동구 고덕로 110 (암사동),5255,J골프,127.137524863781,37.5545385262509
서울특별시 강동구 길동 54번지 삼익파크상가 지층,"서울특별시 강동구 양재대로128길 53 (길동, 삼익파크)",5298,삼익파크골프연습장,127.145833797865,37.5446473134441
서울특별시 강동구 암사동 451-18 지층,"서울특별시 강동구 고덕로 109 (암사동, 암사종합상가)",5237,강동스크린골프,127.137534131713,37.5549629751793
서울특별시 강동구 명일동 306-1,"서울특별시 강동구 양재대로 1661, 지하1층 (명일동)",5257,레인지 엑스 명일,127.143944021144,37.5538571094692
