id,road_address,business_name,longitude,latitude,category
1,"서울특별시 종로구 종로 394, 지하1층 (숭인동, 태정빌딩)",임팩트 스크린골프,127.021231742606,37.5744773677925,골프장
2,"서울특별시 관악구 남부순환로 1629, 나동 지,2,3,4층 (신림동)",양지실외골프연습장,126.931555108417,37.4847618598427,골프장
3,"서울특별시 송파구 송파대로38길 5, 지하1층 (송파동)",나이스골프연습장,127.112254235418,37.5009237750551,골프장
4,"서울특별시 송파구 올림픽로4길 32 (잠실동, 꿈밭유치원)",온그린골프아카데미,127.074217420263,37.5078699120701,골프장
5,"서울특별시 송파구 위례성대로18길 32, 지하1층 (방이동)",골프사랑,127.124724557892,37.5095632553432,골프장
6,"서울특별시 종로구 사직로8길 20, 지하1층 110호 (내수동, 경희궁 파크팰리스)",큐이디골프아카데미 광화문점,126.970592334119,37.5739303322063,골프장
7,"서울특별시 종로구 지봉로 19, 시즌 12층 (창신동)",(주)GDR플러스아카데미 동묘점,127.01520169992,37.5717392736923,골프장
8,서울특별시 종로구 창경궁로 136 (원남동),보령헬스피아,126.997984208392,37.5745106144721,골프장
9,"서울특별시 종로구 삼일대로 469, 지하2층 (경운동)",안국골프아카데미,126.986008212044,37.5763035025319,골프장
10,서울특별시 종로구 지봉로5길 7-5 (창신동),종로골프죤,127.01436607091,37.5735002829862,골프장
11,"서울특별시 종로구 평창문화로 75, 글로리아타운 203~204호 (평창동)",로얄EMS.PT,126.96900620111,37.606862635259,골프장
12,서울특별시 종로구 평창문화로 28-3 (평창동),올림픽골프연습장,126.964997395876,37.6043154970334,골프장
13,"서울특별시 종로구 창경궁로 112-11, 지하1층 (인의동, 재림빌딩)",재림스크린골프,126.998462414327,37.572573122286,골프장
14,서울특별시 종로구 통일로 266 (무악동),세란골프클럽,126.956783269179,37.5758473655224,골프장
15,"서울특별시 종로구 사직로8길 4, 301동 지하2층 (사직동, 광화문풍림스페이스본)",스페이스본 스크린골프,126.968429762772,37.5746716527447,골프장
16,"서울특별시 종로구 사직로8길 4, 301동 지하2층 (사직동, 광화문풍림스페이스본)",스페이스본 골프연습장,126.968429762772,37.5746716527447,골프장
17,"서울특별시 종로구 대학로 47, 지하1층 (연건동)",대학로스크린골프,127.0018417101,37.5754639597614,골프장
18,"서울특별시 종로구 세검정로7길 19, 지하1층 (신영동)",제이닥터골프,126.960639942368,37.6026631497333,골프장
19,"서울특별시 종로구 청계천로 67, 지하2층 (관철동)",빌드업 골프연습장 아카데미,126.98510847461,37.5688363061533,골프장
20,"서울특별시 종로구 사직로8길 34, B2층 (내수동)",주-스포짐,126.9724255294,37.5735877659071,골프장
21,서울특별시 종로구 진흥로 480 (신영동),MAX실내골프연습장,126.960276209248,37.6058401893334,골프장
22,"서울특별시 종로구 청계천로 67, 지하1층 (관철동, 종로1번가오피스텔)",종각 스크린골프,126.98510847461,37.5688363061533,골프장
23,"서울특별시 종로구 난계로 251, 지하1층 (숭인동)",제이휘트니스,127.02280794747,37.5740345051674,골프장
24,서울특별시 종로구 진흥로 461 (구기동),구기스크린골프연습장,126.959553747038,37.6069647396025,골프장
25,"서울특별시 중구 마른내로 28, 나인트리프리미어호텔 지하1층층 (초동)",골프인 을지로점,126.990819757756,37.5643370443986,골프장
26,"서울특별시 중구 동호로33길 24, 센트마상가 5층 (오장동)",중부골프 앤 헬스,127.000858310647,37.5656530328224,골프장
27,"서울특별시 중구 새문안로 26, 청양빌딩 (충정로1가)",정동스크린골프,126.968777453129,37.5675120768212,골프장
28,서울특별시 중구 퇴계로 447 (황학동),더 현 스크린골프,127.021721835241,37.5660419798503,골프장
29,서울특별시 중구 마장로 62 (흥인동),우일스크린 골프연습장,127.016640695817,37.5677716362768,골프장
30,"서울특별시 중구 을지로14길 8 (을지로3가, 을지빌딩 본관)",을지 휘트니스,126.991761067045,37.5659583663279,골프장
31,"서울특별시 중구 명동9길 21, 명동포커스빌딩 (명동1가)",1872 핀,126.984520932669,37.5647844520252,골프장
32,"서울특별시 중구 명동길 55, 1동 13층 (명동1가)",제이엘스포츠,126.985394525951,37.5641417024991,골프장
33,"서울특별시 중구 서소문로11길 19, A동 1층 (정동, 배재정동빌딩)",엠피트니스,126.972089131199,37.5637878280982,골프장
34,"서울특별시 중구 정동길 17 (정동, 이화정동빌딩)",(주)이화골프존파크,126.970642082697,37.567161887661,골프장
35,"서울특별시 중구 다동길 46 (다동, 다동빌딩)",무교스크린,126.981726148037,37.5678614943581,골프장
36,"서울특별시 중구 수표로 45, 비즈센터 (저동2가)",을지 골프존,126.989596182183,37.5653393912938,골프장
37,"서울특별시 중구 청구로1길 23, 상가1동 102호 (신당동, 신당동삼성아파트)",JS골프아카데미,127.01844745293,37.5585358838305,골프장
38,"서울특별시 중구 청계천로 400, 메가몰동 B1063~1069호 (황학동, 롯데캐슬베네치아)",베네치아 스포츠센터,127.021463886656,37.5708105464699,골프장
39,"서울특별시 용산구 독서당로 39, 지하1층 (한남동, 신성미소시티)",한남스포렉스(스크린골프),127.007000144767,37.5315958889326,골프장
40,"서울특별시 용산구 한강대로 256, 지하1층 (남영동, 수빌딩)",신용산 스크린방,126.973524479551,37.5412889756086,골프장
41,"서울특별시 용산구 이촌로 223-13, 지하1층 (이촌동, 농업기술진흥관)",PGA골프클리닉,126.972067403072,37.5213165943831,골프장
42,"서울특별시 용산구 효창원로 164, 2층 (청파동3가)",효창스크린골프,126.96288411825,37.5426676134162,골프장
43,"서울특별시 용산구 백범로 341, B동 B1층 103,104,105,111,116호 (원효로1가, 리첸시아 용산)",리첸시아 골프,126.967973433167,37.5379386735674,골프장
44,"서울특별시 용산구 청파로 48 (한강로3가, 용산전자오피스텔)",용산스크린골프,126.956817777025,37.5321423174177,골프장
45,"서울특별시 용산구 한강대로62길 41, 지층 (한강로1가)",PGA골프스쿨,126.973746196928,37.5330703696226,골프장
46,"서울특별시 용산구 이태원로 217, 306호 (한남동, 안성타워)",에이치원골프존파크 이태원,126.997906520276,37.535176385593,골프장
47,"서울특별시 용산구 원효로 51, 지하1층 (산천동, 삼성테마트단지내상가)",원효스크린골프,126.950070316419,37.533863362459,골프장
48,"서울특별시 용산구 독서당로 23, 5층 (한남동)",골프존파크 한남리버,127.007168059244,37.5306091922627,골프장
49,"서울특별시 용산구 후암로 107, 지하2층 (동자동, 동부화재 동자동사옥)",PENTACLE,126.97356408407,37.5534616592161,골프장
50,"서울특별시 용산구 원효로 51, 4층 (산천동, 삼성테마트)",용산JY골프아카데미,126.950070316419,37.533863362459,골프장
51,"서울특별시 용산구 이촌로 303 (이촌동, 현대아파트)",현대아파트실내골프장,126.98115440183,37.5189128959625,골프장
52,"서울특별시 용산구 장문로 27, 4층 (이태원동)",청화골프클럽,126.993672893038,37.5291071806126,골프장
53,"서울특별시 용산구 이촌로 1, 지하1층 (한강로3가, GS한강에클라트)",원짐,126.955345962773,37.5313838478733,골프장
54,"서울특별시 용산구 새창로45길 30, 2층 (신계동, 사이버빌딩)",사이버 스크린 골프,126.963968031538,37.5346503090403,골프장
55,"서울특별시 용산구 청파로 75, 지하1층 (원효로3가, 전자랜드별관)",랜드골프존스크린,126.959093300834,37.5334279550363,골프장
56,"서울특별시 용산구 이촌로64길 24, 지하1층 (이촌동, 크리앙스빌딩)",이촌 다온 스크린,126.969871897307,37.5200049152766,골프장
57,"서울특별시 용산구 한강대로 69, B1층 119,120,121호 (한강로2가, 용산푸르지오써밋)",써밋 스크린골프,126.964892234354,37.5270404595814,골프장
58,"서울특별시 용산구 효창원로 164 (청파동3가, 효창골프연습장)",효창 골프연습장,126.96288411825,37.5426676134162,골프장
59,서울특별시 용산구 청파로 312 (청파동1가),동서산업진흥(주),126.970452474932,37.5474170244174,골프장
60,"서울특별시 용산구 장문로 41, 지하2층 (동빙고동)",프로골프아카데미,126.994994723155,37.527747632348,골프장
61,"서울특별시 용산구 후암로4길 5, B101호 (후암동, 수복당)",수복골프연습장,126.978519248921,37.5467549114324,골프장
62,"서울특별시 용산구 이촌로 276-1, 지하1층 (이촌동)",이촌골프클럽,126.97739603702,37.5185845416152,골프장
63,"서울특별시 성동구 광나루로 320-2, YD빌딩 3층 (성수동2가)",성수 제이펍,127.064945340147,37.5479055282771,골프장
64,"서울특별시 성동구 아차산로 137, 승림빌딩 지층 (성수동2가)",SL스크린골프연습장,127.059367735654,37.5438107208854,골프장
65,"서울특별시 성동구 독서당로 173, 극동그린아파트상가 지하1층 (옥수동)",PGA골프클럽,127.010900872837,37.5415625512366,골프장
66,"서울특별시 성동구 독서당로 166, B201호 (옥수동, 성원상떼뷰)",(주)옥수 투엑스 휘트니스,127.011698447614,37.5406062437899,골프장
67,"서울특별시 성동구 상원길 63, A동 지하1층 01호 (성수동1가, 쌍용아파트)",노블 휘트니스,127.047109026111,37.5501345022163,골프장
68,"서울특별시 성동구 왕십리로 280, 지하202호 (행당동, 행당동삼부아파트)",임페리얼골프아카데미,127.038017800199,37.5602047159985,골프장
69,서울특별시 성동구 독서당로62길 20 (응봉동),응봉실내골프연습장,127.032759425006,37.5501061084287,골프장
70,"서울특별시 성동구 난계로 84 (하왕십리동, 왕십리풍림아이원)",풍림휘트니스,127.024079949145,37.5591314196289,골프장
71,서울특별시 성동구 독서당로 302 (금호동4가),혜성스크린골프,127.02273086562,37.5476110768479,골프장
72,"서울특별시 성동구 뚝섬로 447, 성동마트 B1층 (성수동2가)",은성스크린골프,127.060320898744,37.5378360688723,골프장
73,"서울특별시 성동구 성덕정길 127, B1층 (성수동2가)",B.J 골프 아카데미,127.057492321951,37.5367759212708,골프장
74,서울특별시 성동구 마장로 289 (마장동),휴골프존,127.041663337153,37.565880394005,골프장
75,"서울특별시 성동구 고산자로6길 40, 행당동 레몬프라자 803호 (행당동)",레몬골프 스크린골프존,127.035482520519,37.5582206987955,골프장
76,"서울특별시 성동구 고산자로 300, 동방빌딩 지하1층 (마장동)",동방스크린골프,127.037028333194,37.5662930631564,골프장
77,"서울특별시 성동구 왕십리로 410, I동 104~106호 (하왕십리동, 센트라스)",센트라스 골프존,127.024082467223,37.5666029325047,골프장
78,"서울특별시 성동구 금호로 102, 217호 (금호동1가, 벽산하이피아)",식스팀골프&휘트니스,127.026272753093,37.5516094238096,골프장
79,"서울특별시 성동구 왕십리광장로 17, 왕십리민자역사 6층 (행당동)",돔골프,127.038394194396,37.5614417528647,골프장
80,"서울특별시 성동구 상원길 36, 두루지기시스템 지하1층 (성수동1가)",골프존 성수센터,127.048748722841,37.5472488391521,골프장
81,"서울특별시 성동구 마장로 260, 동우빌딩 101,102호 (마장동)",태종 스크린 골프,127.038642010346,37.5655016517351,골프장
82,"서울특별시 성동구 서울숲길 54, 성수 그린빌 지층 (성수동1가)",서울숲골프아카데미,127.043580039284,37.5479284109517,골프장
83,"서울특별시 성동구 뚝섬로 389, 성수동빌딩 지하1층 (성수동2가)",인조이골프스쿨,127.054046797015,37.5392430453982,골프장
84,"서울특별시 성동구 행당로 75, 행당동 대림아파트 6층 (행당동)",고릴라 멀티짐,127.027520677046,37.556602469483,골프장
85,"서울특별시 성동구 광나루로 320-1, 에딘버그골프연습장 (성수동2가)",에딘버그골프스쿨,127.065428827768,37.5473266400059,골프장
86,"서울특별시 성동구 왕십리광장로 17, 8층 (행당동)",돔 스크린 골프,127.038394194396,37.5614417528647,골프장
87,"서울특별시 성동구 성수이로7가길 14, 드림힐2 (성수동2가)",드림힐 골프존,127.05538205511,37.5413692368868,골프장
88,"서울특별시 성동구 성수이로 137, 지하1층 101호 (성수동2가, 성수동아이파크)",QED 골프아카데미 성수,127.056473146865,37.547925110995,골프장
89,"서울특별시 성동구 한림말길 31, 옥수삼성아파트 상가 B1층 01호 (옥수동)",삼성스크린골프(옥수점),127.014589206454,37.5410795776673,골프장
90,"서울특별시 성동구 왕십리로 80-1, 동아아파트 (성수동1가)",워터파크골프스쿨,127.045338933792,37.5440341715304,골프장
91,"서울특별시 성동구 고산자로10길 8, 행당빌딩 지층 (행당동)",무학골프존,127.034996832597,37.5586125973163,골프장
92,서울특별시 성동구 고산자로 132 (응봉동),대림골프스쿨,127.03542078668,37.551893821661,골프장
93,"서울특별시 성동구 독서당로 270, 금호동 대우아파트 505호 (금호동4가)",월드실내골프연습장,127.019481520634,37.5466437145234,골프장
94,"서울특별시 성동구 천호대로 432, B201호 (용답동, 금풍빌딩)",E·O·S 골프아카데미,127.066853634442,37.5607509779782,골프장
95,"서울특별시 성동구 상원길 60, 지층 (성수동1가)",상원골프장,127.048116376537,37.5493568947722,골프장
96,"서울특별시 성동구 행당로6길 2, 벽산아파트(종합사회복지관상가) 지층 01호 (금호동1가)",드림 골프클럽,127.025371864252,37.5553937219904,골프장
97,"서울특별시 성동구 독서당로 375, 지하1층 101호 (응봉동, 신동아아파트)",헤드골프클럽,127.029000872671,37.5495375702385,골프장
98,서울특별시 성동구 자동차시장길 42 (용답동),코오롱글로벌(주)스포렉스 용답점,127.055728563825,37.5598101660195,골프장
99,"서울특별시 성동구 뚝섬로5길 11, 지하층 (성수동1가)",GDR 골프아카데미 성수,127.050625195937,37.5411137761786,골프장
100,"서울특별시 성동구 무학로8길 12, 대명빌딩 (홍익동)",S골프존(에스골프존),127.032023654522,37.5655151651894,골프장
101,"서울특별시 성동구 서울숲2길 32-14, B1층 B113-1호 (성수동1가, 갤러리아 포레)",문스골프클럽,127.042914714267,37.5456773286722,골프장
102,"서울특별시 성동구 고산자로 300, 동방빌딩 지하1층 (마장동)",GDR 실내골프연습장,127.037028333194,37.5662930631564,골프장
103,"서울특별시 성동구 왕십리로 410, i동 114,115,135호 (하왕십리동, 센트라스)",더블원골프 아카데미 센트라스점,127.024082467223,37.5666029325047,골프장
104,"서울특별시 성동구 성수일로8길 42, 삼원빌딩 2층 201호 (성수동2가)",(주)해내,127.055044848674,37.5453527128383,골프장
105,"서울특별시 광진구 광나루로 606, 지하1층 (구의동)",마인핏(리디자인골프),127.095126583076,37.5413562523983,골프장
106,"서울특별시 광진구 구의강변로 106 (구의동,삼성쉐르빌B/D지하1층(115호))",삼성쉐르빌골프연습장(6타석)(무단폐업),127.09489656845,37.53985699394,골프장
107,"서울특별시 광진구 뚝섬로52마길 60, 지하1층 (자양동, 로얄동아아파트)",나이스골프,127.081723293358,37.5286213660041,골프장
108,서울특별시 광진구 자양로 39 (자양동),이비피 골프아카데미,127.08571693048,37.5315319225716,골프장
109,"서울특별시 광진구 면목로 161, 5층 (중곡동, 중곡빌딩)",이글스크린골프,127.082032319458,37.5677094408244,골프장
110,"서울특별시 광진구 능동로 49, 지층 (자양동, 영지빌딩)",마스터스골프클럽(19타석),127.068396709721,37.5358145080981,골프장
111,"서울특별시 광진구 아차산로 444, 지하1층 (구의동)",Y·N 스크린골프클럽,127.091935742903,37.5385374792914,골프장
112,"서울특별시 광진구 아차산로70길 62, 지하2층 (광장동, 광장현대3단지아파트)",비스코헬스케어,127.098995313099,37.5403766593492,골프장
113,서울특별시 광진구 아차산로 212  (자양동),삼성골프연습장(2타석),127.066773482901,37.5408139153647,골프장
114,서울특별시 광진구 아차산로78길 44 (광장동),리버사이드 스포츠,127.10990666093,37.5507930950574,골프장
115,"서울특별시 광진구 용마산로 10  (중곡동,3층)",대성골프클럽(6타석),127.088841013335,37.5545352784401,골프장
116,"서울특별시 광진구 능동로13길 39  (화양동,2층)",역발산센터,127.069757721395,37.543959020957,골프장
117,"서울특별시 광진구 자양로 109, B동 101호 (자양동, 구의현대홈시티)",엠엔엠 피트니스골프,127.083099910723,37.5374066951935,골프장
118,"서울특별시 광진구 아차산로 353 (자양동, 금강태극빌)",OK스크린골프,127.08209431704,37.5372444977042,골프장
119,"서울특별시 광진구 자양로 142 (구의동,청양빌딩 지하1층)",골프스토리(구의점),127.083577293303,37.5402625281016,골프장
120,"서울특별시 광진구 천호대로 676, 지하1층 (구의동)",아차산스크린(스크린 5타석),127.08993019403,37.5505911469287,골프장
121,"서울특별시 광진구 자양로 90, 지하1층 (자양동, 이주빌딩)",붐스크린골프&연습장,127.084253255468,37.5358393988947,골프장
122,서울특별시 광진구 광나루로 586 (구의동),썬라이즈(스크린 5타석),127.093703340621,37.5428801693639,골프장
123,"서울특별시 광진구 능동로34길 27, 지하1층 (능동, 원진빌딩)",싱글골프연습장,127.081017990154,37.5552556668064,골프장
124,"서울특별시 광진구 능동로4길 40, 지하1층 B102,103,104,105,106,107,108호 (자양동, 이튼타워리버5차)",온그린 골프장,127.069454223606,37.5321114084584,골프장
125,"서울특별시 광진구 뚝섬로33길 45 (자양동, 상석빌딩)",JB 골프아카데미,127.070099282847,37.5370096778475,골프장
126,서울특별시 광진구 용마산로 21 (중곡동),NK 골프클럽,127.088013403176,37.5556076346907,골프장
127,"서울특별시 광진구 천호대로 636, 지하1층 (능동, (주)한국관광용품센타)",SD 골프 아카데미,127.087838104433,37.5534924032831,골프장
128,"서울특별시 광진구 아차산로 272, 더샵스타시티 지하1층 B100-1호 (자양동)",주식회사 헬스보이컴퍼니,127.072996184863,37.5385582736952,골프장
129,서울특별시 광진구 면목로 192 (중곡동),제이디 골프 연습장,127.083366204722,37.5702773342245,골프장
130,"서울특별시 광진구 천호대로 575, 지하1층 (중곡동, 남양빌딩)",아차산골프연습장,127.082129921719,37.556498995722,골프장
131,"서울특별시 광진구 능동로4길 38, 이튼타워5차 상가동 지하1층 102호 (자양동)",G.C.M 스포츠,127.069104864516,37.5327367278937,골프장
132,"서울특별시 광진구 구의강변로 106, 101동 지하1층 113호 (구의동, 삼성쉐르빌)",비터스윗코리아,127.09489656845,37.53985699394,골프장
133,"서울특별시 광진구 천호대로 512 (군자동, 군자빌딩)",SG  스크린 골프존,127.075308664069,37.5584318575875,골프장
134,"서울특별시 광진구 광나루로 346, 2층 (화양동, 브라운스톤화양)",시너지골프연습장,127.068368353438,37.5480052286217,골프장
135,"서울특별시 광진구 자양로 312, 지하1층 (구의동, 욱현빌딩)",아차산골프스쿨,127.093402430842,37.5531023255549,골프장
136,"서울특별시 광진구 능동로 90, 지하1층 (자양동, 더클래식500)",건국AMC The Classic 500,127.070921773952,37.5383625791299,골프장
137,"서울특별시 광진구 용마산로 10 (중곡동,2층)",Easy 스크린골프,127.088841013335,37.5545352784401,골프장
138,"서울특별시 광진구 구의강변로3가길 33, 지하1층 (구의동)",X-Golfpro 구의점,127.091373121189,37.5369192693586,골프장
139,"서울특별시 광진구 구의강변로 106, 101동 지층 115-118호 (구의동, 구의동삼성쉐르빌)",쉐르빌골프존,127.09489656845,37.53985699394,골프장
140,서울특별시 광진구 능동로 389 (중곡동),엄프로 골프 아카데미(UPGA),127.083028019514,37.5640960219113,골프장
141,"서울특별시 광진구 능동로 76  (자양동,지하1층)",광진문화예술회관(11타석),127.070576040786,37.5375706269359,골프장
142,"서울특별시 광진구 뚝섬로 585, 3층 (자양동, 신축빌딩)",썬스크린 골프,127.075051511089,37.5335871571865,골프장
143,"서울특별시 광진구 능동로 18, B01-3호 (자양동, 이튼타워리버3차)",이튼 골프&연습장,127.067878953418,37.532681666917,골프장
144,"서울특별시 광진구 자양로5길 33, 지하1층 (자양동, 와이엠프라젠스파)",웰플러스 짐 골프연습장,127.084141036038,37.530921726612,골프장
145,"서울특별시 광진구 천호대로 510  (군자동,(지층))",군자골프클럽(6타석),127.074990946567,37.5585175644249,골프장
146,"서울특별시 광진구 아차산로 530, 지층 (광장동)",현대골프,127.100121481037,37.5423084438085,골프장
147,"서울특별시 광진구 자양로5길 13  (자양동,(지))",양태화골프클리닉(6타석),127.085150260611,37.5315620655409,골프장
148,"서울특별시 광진구 천호대로 553, 지하1층 (중곡동, 중곡빌딩)",공원스크린골프,127.079911629838,37.5573934061322,골프장
149,서울특별시 광진구 천호대로 541 (중곡동),서울골프(7타석)-무단폐업,127.078615148713,37.5578873921975,골프장
150,"서울특별시 광진구 아차산로 225  (화양동,단산화양빌딩(지))",아이피지에이골프장(8타석),127.068481030029,37.5409180841466,골프장
151,서울특별시 광진구 자양로 38  (자양동),프로메이트(9타석),127.086454798289,37.5316187818149,골프장
152,"서울특별시 광진구 뚝섬로35길 9, 지하1층 (자양동, 한라아파트)",태초골프스쿨,127.070232883645,37.5352950847663,골프장
153,"서울특별시 광진구 구의강변로 30 (구의동, 목림빌딩 지하2층)",이지스윙 골프아카데미,127.091855583013,37.5336989898548,골프장
154,서울특별시 광진구 자양로53길 20  (구의동),명호골프스쿨(5타석),127.092999469842,37.5544978383938,골프장
155,"서울특별시 광진구 뚝섬로52라길 69  (자양동,지층)",그린골프연습장(3타석),127.082441764821,37.5294120360238,골프장
156,"서울특별시 광진구 광나루로 606, 지하1층 (구의동)",제이골프스쿨(무단폐업),127.095126583076,37.5413562523983,골프장
157,"서울특별시 광진구 광나루로 614, 지하2층 (구의동, 만택빌딩)",세종골프스쿨(7타석),127.09583385236,37.5407914746361,골프장
158,"서울특별시 광진구 뚝섬로 542, 지층 1-10호 (자양동, 자양2차현대아파트)",현대밸리골프클럽(10타석),127.070219779157,37.5345924922865,골프장
159,"서울특별시 광진구 동일로 449, 지층 (중곡동, 나도빌딩)",드림파크골프연습장,127.079428555036,37.570363391201,골프장
160,"서울특별시 광진구 광나루로56길 85, 12층 (구의동, 테크노마트)",버핏그라운드 강변테크노마트,127.095692162256,37.535725176732,골프장
161,"서울특별시 광진구 동일로 174, 지하1층 (화양동, 더 메종 건대)",광진큐이디골프아카데미,127.067413853199,37.5475269867301,골프장
162,"서울특별시 동대문구 답십리로 140, 세기프라자 (답십리동)",비오케이 골프피팅,127.055597303756,37.5724894025765,골프장
163,"서울특별시 동대문구 사가정로 148, 141동 지하1층 101호 (전농동, 전농 SK아파트)",전농골프아카데미,127.061567688813,37.5766590358858,골프장
164,"서울특별시 동대문구 왕산로 43, 디그빌딩 4,5층 (용두동)",크로우골프,127.028170537637,37.5773659458312,골프장
165,"서울특별시 동대문구 사가정로 148, 138동 101-111호 (전농동, 전농 SK아파트)",골프존파크 전농에스케이,127.061567688813,37.5766590358858,골프장
166,"서울특별시 동대문구 망우로 123, 휘경메디컬프라자 지하1층 (휘경동)",JW골프아카데미,127.06659655052,37.591711720367,골프장
167,"서울특별시 동대문구 이문로 3, 민족통일MJ캠퍼스경희대 5층 501호 (회기동)",엠제이골프,127.053686007325,37.5886701518475,골프장
168,"서울특별시 동대문구 왕산로 122, 한방천하 용두동 포스빌 지하2층 (용두동)",포스빌골프,127.036911676719,37.5778466493598,골프장
169,"서울특별시 동대문구 장안벚꽃로 107, 제상가1동 지하1층 지3-4호 (장안동, 장안현대홈타운)",지디알골프,127.075113657819,37.5710568281709,골프장
170,"서울특별시 동대문구 장안벚꽃로 107, 장안현대홈타운 제상가1동 지하1층 1,2호 (장안동, 장안현대홈타운)",마스크오브미라클,127.075113657819,37.5710568281709,골프장
171,"서울특별시 동대문구 사가정로 80, 답십리 뉴타운 카운티 에비뉴 (답십리동)",오름 스크린 골프,127.054926569574,37.5752237850342,골프장
172,서울특별시 동대문구 천호대로 23 (신설동),노블스크린골프,127.026309807767,37.5746000518528,골프장
173,서울특별시 동대문구 답십리로 209 (답십리동),힐 스크린골프,127.063817174774,37.573320107089,골프장
174,서울특별시 동대문구 장한로 92 (장안동),서울스크린 골프연습장,127.069843827191,37.5688108189618,골프장
175,서울특별시 동대문구 이문로 22 (휘경동),월드골프,127.055622225035,37.5895567328256,골프장
176,"서울특별시 동대문구 사가정로 207, 3층 (장안동)",제이스크린골프,127.068016203955,37.5788925747579,골프장
177,"서울특별시 동대문구 장한로 119, 지층 (장안동)",헬스보이짐 장안점,127.070127915974,37.5714380427267,골프장
178,서울특별시 동대문구 천호대로 23 (신설동),청계스포츠(골프연습장),127.026309807767,37.5746000518528,골프장
179,서울특별시 동대문구 장한로28가길 45 (장안동),서울시버스노동조합 복지사업부,127.07257242454,37.5750625285245,골프장
180,"서울특별시 동대문구 사가정로 148, 지하층 102호 (전농동, 전농 SK아파트)",언더파스크린골프,127.061567688813,37.5766590358858,골프장
181,서울특별시 동대문구 답십리로 209  (답십리동),동대문힐스포파크,127.063817174774,37.573320107089,골프장
182,"서울특별시 동대문구 한천로 264, 지하1층 (휘경동)",크린골프연습장,127.068314251007,37.5843095358408,골프장
183,"서울특별시 동대문구 망우로 67, 상가동 207호 (휘경동, 효자 워너빌)",골프존 회기역점,127.060610064015,37.5899007986358,골프장
184,서울특별시 동대문구 서울시립대로 36 (전농동),조이스크린골프,127.046901294623,37.5745726736618,골프장
185,"서울특별시 동대문구 고산자로 399, 지하1층 (용두동)",스크린골프타운,127.037769621436,37.5752762915537,골프장
186,"서울특별시 동대문구 장한로 6 (장안동,지하1층)",문스크린골프,127.065381587381,37.5619048977678,골프장
187,"서울특별시 동대문구 장한로24길 46, 4층 (장안동)",주)더해치 에이스골프,127.073278284,37.5699029959844,골프장
188,"서울특별시 동대문구 한천로 103, 지하1층 (답십리동)",골프존&SG스크린골프,127.064767494415,37.5707085962412,골프장
189,서울특별시 동대문구 장한로25길 50 (장안동),대성스크린골프,127.068600584204,37.5721014417319,골프장
190,"서울특별시 동대문구 무학로 197, 지하1층 (용두동)",드림 스크린 골프,127.02940253999,37.5819106191006,골프장
191,서울특별시 동대문구 망우로16길 20 (휘경동),필드로 골프연습장,127.060971952229,37.5893695674034,골프장
192,"서울특별시 동대문구 한천로46길 42, B101호 (장안동)",GEM스크린골프,127.070706551458,37.5814628804522,골프장
193,"서울특별시 동대문구 한천로 43, 4층 (답십리동)",월드스크린골프,127.061125017783,37.5659476957408,골프장
194,"서울특별시 동대문구 이문로 86, 민족통일 대통령 리빙텔 지하1층 (이문동)",엠제이골프,127.059235517882,37.5944865541205,골프장
195,"서울특별시 동대문구 홍릉로3길 55, 지하1층 (제기동, 민족통일빌)",엠제이골프,127.041450873999,37.5815938178583,골프장
196,"서울특별시 중랑구 면목로39길 11, 2층 (면목동)",GOTO 면목 골프,127.086299055242,37.5795516849136,골프장
197,"서울특별시 중랑구 숙선옹주로 6-9, 지하2층 (묵동, 묵동자이아파트1단지)",비원스크린골프,127.077944822519,37.6149132859804,골프장
198,"서울특별시 중랑구 용마산로 382, 정이든 빌딩 4층, 지하2층 (면목동)",정이든 스크린골프,127.095065336528,37.5856902647309,골프장
199,"서울특별시 중랑구 용마산로 623, 삼부그린스포츠센터 2,3,4층 (신내동)",삼부그린스포츠센터,127.100476623662,37.6067294197018,골프장
200,"서울특별시 중랑구 숙선옹주로 91, 지하1층 (묵동, 신내4단지신내아파트)",Sun골프아카데미,127.085544432545,37.6172653669997,골프장
201,"서울특별시 중랑구 중랑천로10길 76, 삼보볼링센타 3층 (면목동)",삼보 골프스쿨,127.077343706007,37.5922443208716,골프장
202,"서울특별시 중랑구 용마산로 623, 삼부그린스포츠센터 1층 (신내동)",삼부스크린 골프연습장,127.100476623662,37.6067294197018,골프장
203,"서울특별시 중랑구 봉화산로 194, 신아타운 12층 1202호 (신내동)",신아골프존,127.094707041869,37.6064526315197,골프장
204,"서울특별시 중랑구 망우로 244, 지하1층 (상봉동)",H.J 스크린골프,127.079761963146,37.5946015075124,골프장
205,"서울특별시 중랑구 면목로39길 18, 금광여관 2층 (면목동)",Nobless 스크린골프,127.086434574995,37.5799500051598,골프장
206,"서울특별시 중랑구 신내로21길 6, 신내두산아파트 상가 지하1층 (묵동)",세븐골프,127.090127713018,37.617397644272,골프장
207,"서울특별시 중랑구 용마산로 272, 면목현대아파트 상가 지하1층 (면목동)",현대스크린 골프연습장,127.089829376792,37.5768082278602,골프장
208,"서울특별시 중랑구 봉화산로56길 153, 대명프라자 지하1층 (신내동)",대명골프,127.096785094457,37.6014843289566,골프장
209,"서울특별시 중랑구 망우로 448, 유진빌딩 지하1층 (망우동)",유진 스크린골프장,127.101588367221,37.5998703125968,골프장
210,"서울특별시 중랑구 용마산로129나길 6, 4층 (신내동)",현대 야외 스크린골프,127.099593040079,37.6068996447662,골프장
211,"서울특별시 중랑구 망우로 422, 7층 (망우동)",탑 스포츠,127.098975506863,37.5993115759551,골프장
212,"서울특별시 중랑구 망우로 316, 이지팰리스 8층 (상봉동)",스크린골프 PGA,127.087565034141,37.5965223858128,골프장
213,"서울특별시 중랑구 동일로143길 19, 제일프라자 2층 (중화동)",J스크린 & 골프스쿨,127.077618295975,37.605007486547,골프장
214,"서울특별시 중랑구 겸재로 226-3, 지하1층 (면목동)",지니 스크린골프,127.092972097208,37.5893864514493,골프장
215,"서울특별시 중랑구 신내로7가길 35, 동부영건아파트 상가 지하1층 (상봉동)",천지골프,127.093872012268,37.6022805443814,골프장
216,"서울특별시 중랑구 동일로129길 35, 지하1층 (중화동, 태능에셈빌)",뉴온리짐,127.077554696692,37.5992703826018,골프장
217,"서울특별시 중랑구 용마공원로9길 44, 용마스크린골프 (망우동)",MMOVE 골프연습장,127.103647793655,37.5932819176008,골프장
218,"서울특별시 중랑구 봉화산로 193, 지하1층 (신내동, 신내대명아파트)",동경골프연습장,127.094457238177,37.6068322383951,골프장
219,"서울특별시 중랑구 신내로25가길 2, 현동학당 지하1층 (묵동)",화랑대역 OK스크린골프,127.08419542632,37.6194780819731,골프장
220,"서울특별시 중랑구 동일로 752, 1층 123호 (중화동, 중화한신아파트)",J&A 골프스쿨,127.082070702444,37.5970090851956,골프장
221,"서울특별시 성북구 성북로 105, 2층 (성북동)",행복 골프 훈련소,126.997175711944,37.5926590364447,골프장
222,"서울특별시 성북구 정릉로 195, 1층 (정릉동)",정릉스크린골프,127.006410619009,37.607259812988,골프장
223,"서울특별시 성북구 정릉로 250  (정릉동,6층)",블루스카이 골프연습장,127.011370819691,37.6042686933031,골프장
224,"서울특별시 성북구 오패산로 25  (하월곡동,지하1층)",캐리비안골프아카데미,127.037090884484,37.6045421790134,골프장
225,"서울특별시 성북구 북악산로 809, 정릉우성스카이상가 지층 (정릉동)",in골프연습장,127.014471992987,37.6008116138803,골프장
226,서울특별시 성북구 정릉로 195 (정릉동),(주) 정릉골프클럽,127.006410619009,37.607259812988,골프장
227,"서울특별시 성북구 정릉로 169  (정릉동,모아방빌딩 7층)",모아방골프클리닉,127.003884690613,37.6080307198159,골프장
228,"서울특별시 성북구 종암로 132, 상가동 B101,B102,B103호 (종암동, 종암우림카이저팰리스)",시티짐 119종암,127.033550711598,37.6019090131896,골프장
229,"서울특별시 성북구 삼선교로23길 23 (삼선동4가,코오롱아파트 상가2층)",코오롱골프존,127.013017474713,37.5908460068258,골프장
230,"서울특별시 성북구 동소문로 125  (동선동4가,골든타워 (지하1층))",B&B 스크린골프,127.01821856847,37.5941562838985,골프장
231,"서울특별시 성북구 오패산로10길 30  (하월곡동,영광프라자 204호)",해 스크린,127.038511863008,37.6050974545329,골프장
232,"서울특별시 성북구 오패산로 98, 로만플라자 201,202,203,204호 (하월곡동)",명품 스크린골프,127.035639686915,37.6108634286384,골프장
233,"서울특별시 성북구 종암로 132, 지하층 B4호 (종암동, 종암우림카이저팰리스)",버디24스크린골프장,127.033550711598,37.6019090131896,골프장
234,"서울특별시 성북구 성북로4길 52, 5302호 (돈암동, 한진스포츠센터)",한진스크린골프연습장,127.012706037821,37.5944725333435,골프장
235,"서울특별시 성북구 정릉로38마길 29, 상가A동 2층 (정릉동, 우성아파트)",에이스골프연습장,127.016885980062,37.6013415261907,골프장
236,"서울특별시 성북구 정릉로 307, 상가동 지2층 B203, B204호 (정릉동, 길음뉴타운10단지)",라온골프스쿨,127.017866208389,37.6032285064084,골프장
237,"서울특별시 성북구 화랑로 254  (석관동,2층)",꿈의숲스크린골프,127.057612362235,37.6108273573205,골프장
238,"서울특별시 성북구 서경로 124, M동 지하3층 (정릉동)",(주)에스케이스포렉스,127.013565764354,37.6154147804327,골프장
239,"서울특별시 성북구 삼양로 22 (길음동,기린B/D B1)",GMC스포츠센터,127.024902655048,37.6053814989043,골프장
240,"서울특별시 성북구 오패산로5길 9-14  (하월곡동,2,3,4,5층)",골프파크,127.036314990162,37.6049373242504,골프장
241,"서울특별시 성북구 동소문로 260, 지하1층 (하월곡동, 길음역환승주차장)",486 골프,127.025843986066,37.6040883757593,골프장
242,"서울특별시 성북구 월계로40길 7 (장위동,센트럴타운상가 B103, B104)",SM골프아카데미,127.048309344122,37.6229729783825,골프장
243,"서울특별시 성북구 장월로3길 1  (상월곡동,동아다누프라자(5층))",웰빙스포렉스,127.047041124251,37.6078926570484,골프장
244,"서울특별시 성북구 보문로 94, 8층 (보문동4가, 화성빌딩)",BEST 골프클럽,127.020603298681,37.583713478664,골프장
245,"서울특별시 성북구 동소문로 190, 5층 (돈암동)",아크로짐 헬스PT&골프 돈암점,127.022090691445,37.5988985312292,골프장
246,"서울특별시 성북구 동소문로 89, B201호 (동소문동6가)",돈암스크린골프,127.015167228767,37.5926548521647,골프장
247,"서울특별시 성북구 성북로4길 52, 지하2층 5303,5304호 (돈암동, 한진아파트 스포츠센타)",샵비젼,127.012706037821,37.5944725333435,골프장
248,"서울특별시 성북구 북악산로 913, 2층 201~204,206~209호 (돈암동, 돈암동 풍림아파트내 상가동)",청화골프,127.022954666928,37.5965594834136,골프장
249,"서울특별시 성북구 장월로1길 47, 지하1층 (상월곡동)",EZ 골프아카데미,127.045693313065,37.6062427537073,골프장
250,"서울특별시 성북구 동소문로 186  (돈암동,대성빌딩 2층)",돈암스크린골프장,127.022010878889,37.5985855418661,골프장
251,"서울특별시 성북구 종암로 120 (종암동,402호)",종암골프 아카데미,127.034438925479,37.6010208311524,골프장
252,서울특별시 성북구 정릉로 49 (정릉동),북악골프연습장,126.991321417796,37.6119813027047,골프장
253,서울특별시 성북구 돌곶이로22가길 27  (석관동),동호골프클럽,127.060316573105,37.6089651932126,골프장
254,서울특별시 성북구 정릉로52길 5 (종암동),그린골프연습장,127.030232628106,37.6037613548866,골프장
255,"서울특별시 성북구 장월로1길 47, 지층 (상월곡동)",E.Z 골프연습장,127.045693313065,37.6062427537073,골프장
256,"서울특별시 성북구 월계로 30, 5층 (하월곡동)",미아SG스크린,127.033903572626,37.6098796995702,골프장
257,"서울특별시 성북구 장월로1길 47, 지하 1층 (상월곡동)",이지골프아카데미,127.045693313065,37.6062427537073,골프장
258,"서울특별시 강북구 삼양로 498, B1호 (수유동, 공간라움)",GPT골프레슨,127.014802429578,37.6476366840124,골프장
259,서울특별시 강북구 오현로 131 (번동),드림골프스토리,127.037332270617,37.6241369828255,골프장
260,서울특별시 강북구 덕릉로 113 (번동),파스칼 스크린,127.026370335957,37.6351335059102,골프장
261,서울특별시 강북구 인수봉로 160 (수유동),홍이 골프,127.013600548831,37.6341348542323,골프장
262,"서울특별시 강북구 월계로7나길 4, 2층 201호 (미아동)",위너스 골프타운,127.033708462013,37.6129553716493,골프장
263,"서울특별시 강북구 삼양로 497 (수유동, 씨엘빌딩)",다온골프연습장,127.014365249813,37.6475440268505,골프장
264,서울특별시 강북구 삼양로 438 (수유동),한일골프스쿨,127.016678775368,37.64254344188,골프장
265,"서울특별시 강북구 한천로 1121, 수유삼성아파트 상가동 지하층 (수유동)",삼성골프클럽,127.019488566052,37.6448820560805,골프장
266,서울특별시 강북구 솔샘로 233 (미아동),라온스크린골프,127.019095469624,37.6204222475002,골프장
267,서울특별시 강북구 도봉로 260 (미아동),하바나 스크린골프,127.024422935028,37.6317067557155,골프장
268,서울특별시 강북구 월계로 193 (번동),에덴골프,127.045366199173,37.6214532799524,골프장
269,서울특별시 강북구 도봉로 352 (번동),고릴라 멀티짐,127.0270330299,37.6386747681785,골프장
270,"서울특별시 도봉구 덕릉로63가길 68, 3층 (창동)",제니스골프연습장,127.036719100414,37.6427874882547,골프장
271,"서울특별시 도봉구 해등로 255, 제101동 제3층 제301호 (쌍문동, 에벤에셀아파트)",스카이골프,127.028191786525,37.6573748589473,골프장
272,"서울특별시 도봉구 해등로 111  (창동,4층)",동원골프스쿨,127.040496838845,37.6532449576437,골프장
273,"서울특별시 도봉구 도봉로 420, 3층 (창동)",왕오토자동차매매상사(주) 킹골프연습장,127.031975926828,37.6431233144921,골프장
274,"서울특별시 도봉구 도봉로104길 53, 3층 (창동)",휴먼(HUMAN)골프,127.035021358294,37.6433358929241,골프장
275,"서울특별시 도봉구 도봉로 601, B101호 (쌍문동, 시그마팰리스)",상진골프클럽,127.040092682995,37.6584191663127,골프장
276,"서울특별시 도봉구 방학로 204  (방학동,화성빌딩 지하1층)",New 명성골프스쿨,127.029460702491,37.6622088559752,골프장
277,서울특별시 도봉구 방학로 167  (방학동),마스타골프,127.033578375448,37.6621580215254,골프장
278,서울특별시 도봉구 노해로65길 17-9 (창동),탑스크린골프,127.045750769497,37.6519534604914,골프장
279,"서울특별시 도봉구 마들로 598 (방학동, 서울문화고등학교)",문화고등학교 골프연습장,127.047285814495,37.6641314270343,골프장
280,"서울특별시 도봉구 삼양로 610, 산수디앤씨 (쌍문동)",JC 스크린골프,127.013910559778,37.6574508375486,골프장
281,"서울특별시 도봉구 도봉로 873, 화성빌딩 (도봉동)",그린샷스크린골프,127.045458406525,37.6824333823664,골프장
282,서울특별시 도봉구 도봉로180길 6 (도봉동),쇼골프 도봉점,127.04669293168,37.6831080930314,골프장
283,"서울특별시 도봉구 덕릉로 264, 창동빌딩 (창동)",썬스크린골프존,127.0403842271,37.640743308532,골프장
284,"서울특별시 도봉구 도봉로180길 6, 1층 (도봉동)",스카이돔스크린,127.04669293168,37.6831080930314,골프장
285,"서울특별시 도봉구 도봉로 677, 우리들메디빌딩 (방학동)",에이스,127.042318316334,37.6649297808959,골프장
286,"서울특별시 도봉구 마들로 764 (도봉동, 보성빌딩)",J-스크린골프,127.049426444949,37.677993656335,골프장
287,"서울특별시 도봉구 삼양로 616, 백운빌딩 (쌍문동)",KJ골프아카데미,127.014055047185,37.6580212321147,골프장
288,"서울특별시 도봉구 마들로 550  (창동,3층)",위너스스크린골프존,127.049642163374,37.660460221857,골프장
289,"서울특별시 도봉구 마들로 724 (도봉동, 도봉한양수자인 지1층 B06호)",한양스크린골프,127.047662295599,37.6745440831023,골프장
290,"서울특별시 도봉구 노해로 391, 지하1층 (창동)",골프타임 스크린골프연습장,127.051608988278,37.652839321952,골프장
291,서울특별시 도봉구 마들로 598 (방학동),문화골프연습장,127.047285814495,37.6641314270343,골프장
292,"서울특별시 도봉구 노해로69길 132, 지하1층 (창동)",창동실내골프연습장,127.05070532949,37.6581173975205,골프장
293,"서울특별시 도봉구 해등로3길 69-21, 도봉종합골프클럽 (창동)",도봉종합골프연습장,127.04139454885,37.6458522592375,골프장
294,"서울특별시 도봉구 노해로69길 97, 지하3호 (창동, 동아청솔상가)",창동골프스쿨,127.049334440854,37.6568264212057,골프장
295,"서울특별시 도봉구 시루봉로 56, 지하2층 (쌍문동, 한양6차@상가)",한양골프스쿨,127.028218971963,37.6558426422301,골프장
296,"서울특별시 도봉구 마들로 624, 지하층 비101-103호 (방학동, 대상타운현대@상가)",골프시즌,127.046680603721,37.6657841569947,골프장
297,"서울특별시 도봉구 도봉로 699, 3층 (방학동)",KJ 골프스쿨,127.042741846745,37.6668734939926,골프장
298,"서울특별시 도봉구 마들로 650, 704호 (방학동, 도봉월드)",이안골프아카데미,127.047064658894,37.6680283468222,골프장
299,서울특별시 도봉구 노해로 208  (쌍문동),쌍문스크린골프,127.031264847614,37.6507657381297,골프장
300,"서울특별시 도봉구 방학로3길 6, SYO빌딩 2층 (방학동)",창스크린골프,127.040568535069,37.6625507246319,골프장
301,"서울특별시 노원구 화랑로 441, 미라쉘 지하2층 (공릉동)",GDR 태릉연습장,127.076317454153,37.6182380045872,골프장
302,"서울특별시 노원구 노원로26길 119, 2층 (상계동)",모닛골프스쿨,127.071619372791,37.655253143876,골프장
303,"서울특별시 노원구 한글비석로 444, 교림노원프라자 지하층 138호 (상계동)",리드골프아카데미,127.068492606148,37.663613046348,골프장
304,"서울특별시 노원구 덕릉로 805  (상계동,상계뉴타운프라자 405호)",뉴타운스크린골프,127.079755560874,37.6688549907685,골프장
305,"서울특별시 노원구 월계로 370, 5층 503,504,505,506호호 (월계동, 희성프라자)",제이에스스크린골프,127.06102564028,37.6309766775099,골프장
306,"서울특별시 노원구 중계로 160  (중계동,화인상가 1층 103호외)",화인스크린골프,127.08136593924,37.6494069250537,골프장
307,"서울특별시 노원구 노원로 547, 상가동 지층 (상계동, 임광아파트)",드림골프아카데미,127.057983848414,37.6609845717011,골프장
308,서울특별시 노원구 노원로 452  (상계동),상계골프연습장,127.06692012654,37.6570063312756,골프장
309,"서울특별시 노원구 공릉로63길 13 (하계동,6층)",YB GOLF스크린,127.070523641075,37.6348836425391,골프장
310,"서울특별시 노원구 마들로 31, 주상가동 지하2층 201호 (월계동, 그랑빌아파트)",W스크린골프,127.067084588448,37.6187253727752,골프장
311,"서울특별시 노원구 동일로 1374  (상계동,지하1층)",K스크린골프장,127.061756862041,37.6513092624002,골프장
312,"서울특별시 노원구 노원로28길 9, 중앙하이츠아파트 상가동 지하층 101~109호 (상계동)",ACE스크린골프,127.068468944165,37.6530278761718,골프장
313,"서울특별시 노원구 노원로 236, 삼화빌딩 7층 (하계동)",하계골프연습장,127.075113449442,37.6391012937071,골프장
314,"서울특별시 노원구 덕릉로 805,  601호 (상계동,6구역45블럭3롯트 상계뉴타운프라자)",THE골프연습장,127.079755560874,37.6688549907685,골프장
315,"서울특별시 노원구 노원로 236, 7층 (하계동, 삼화빌딩)",하계스크린골프,127.075113449442,37.6391012937071,골프장
316,"서울특별시 노원구 한글비석로 232 (중계동, 유경데파트 4층)",고릴라멀티짐-골프,127.076938720805,37.6484456633269,골프장
317,"서울특별시 노원구 동일로242가길 22, 3층 (상계동, SN타워 )",SNL스크린,127.056028731455,37.6768114134294,골프장
318,"서울특별시 노원구 섬밭로 258, 지하2층 (중계동, 건영옴니백화점)",건영스크린골프아카데미,127.064915087375,37.6391097783726,골프장
319,"서울특별시 노원구 동일로250길 18, 지층 101호 (상계동)",알바트로스골프장,127.056999292729,37.6818424631869,골프장
320,"서울특별시 노원구 한글비석로 384, 상가B01호 (중계동, 대호프라자)",우리스포츠센터(골프),127.073239970178,37.6598085040664,골프장
321,"서울특별시 노원구 상계로 193-14, 지층 12,13,18~23호 (상계동, 상계대림아파트)",트윈골프연습장,127.074305253695,37.6621630029486,골프장
322,"서울특별시 노원구 노해로 507, 6층 (상계동)",와우짐,127.063889081054,37.6554272387774,골프장
323,"서울특별시 노원구 월계로55길 3, 상가동 지층 (월계동, 사슴아파트3단지)",삼성골프스쿨,127.060566732758,37.6317008561386,골프장
324,"서울특별시 노원구 중계로 197, 상가동 지하층 (중계동, 신안동진아파트)",에이스골프,127.078209384307,37.6503496861549,골프장
325,"서울특별시 노원구 석계로 49  (월계동,현대아파트 상가동 224,225,226,227호)",버디골프클럽,127.06250985635,37.6172177389168,골프장
326,"서울특별시 노원구 한글비석로15길 48 (중계동,현대종합상가 B105)",중계스크린골프,127.073458233624,37.6564594192251,골프장
327,"서울특별시 노원구 덕릉로73길 28 (중계동,양지대림상가 지하101호)",이미숙골프아카데미,127.071935248871,37.6524755833309,골프장
328,"서울특별시 노원구 마들로5가길 27-17 (월계동,외 7필지)",초안산 골프연습장,127.054369956345,37.6387144412222,골프장
329,"서울특별시 노원구 한글비석로 269 (중계동,지1층)",FITNESS인(골프),127.076788209393,37.6517182215771,골프장
330,"서울특별시 노원구 동일로228길 29 (상계동,주공14단지 유치원상가지층)",서진골프스쿨,127.058746395525,37.6677947086387,골프장
331,"서울특별시 노원구 중계로 119, 중계동 가든 2층 (중계동)",G5스콜라 (G5 SCHOLA),127.081589055077,37.6459859175937,골프장
332,"서울특별시 노원구 동일로173가길 147 (공릉동,대영빌딩 지하1층)",에이에프오골프클럽,127.071475910062,37.6247475166494,골프장
333,"서울특별시 노원구 동일로227길 47  (상계동,지층)",프라자골프스쿨,127.054316055338,37.6669153127476,골프장
334,"서울특별시 노원구 중계로 116-7 (중계동,외4필지)",중계골프(요가)연습장,127.082575885539,37.6461985838961,골프장
335,서울특별시 노원구 초안산로2길 81-38 (월계동),스파크월계골프연습장,127.056750540817,37.6334148965325,골프장
336,"서울특별시 노원구 화랑로 447  (공릉동,초정빌딩지하1층)",이글골프스쿨,127.076977208017,37.6184239904377,골프장
337,"서울특별시 노원구 한글비석로 331, 상가동 지층 (중계동, 주공3단지 )",버디앤버디,127.077445462958,37.6566300376552,골프장
338,서울특별시 노원구 노원로1길 67 (공릉동),SBS골프아카데미,127.083635681247,37.6208254563305,골프장
339,"서울특별시 노원구 중계로16가길 28  (중계동,현대빌딩 지층)",다인스크린골프,127.082321694629,37.6503764404319,골프장
340,"서울특별시 노원구 동일로 1114 (공릉동,지1층)",파인힐스크린골프장,127.071602731648,37.629300755289,골프장
341,"서울특별시 노원구 수락산로 190 (상계동,희락아파트 상가 지하1층 101호)",그랑프리 골프존,127.057274733282,37.6711773512332,골프장
342,"서울특별시 노원구 노원로 254  (하계동,덕광프라자 지1층)",파인골프스쿨,127.073542266381,37.6401995025443,골프장
343,"서울특별시 노원구 초안산로5길 12  (월계동,월계프라자 301호,302호)",오즈스크린골프,127.051747902831,37.6325606295737,골프장
344,"서울특별시 노원구 중계로8길 40  (중계동,지1층 2호)",포디그린스크린골프,127.084409797588,37.646277023045,골프장
345,"서울특별시 노원구 덕릉로 692  (중계동,4층)",제이스크린골프,127.075677315077,37.6593975595775,골프장
346,"서울특별시 노원구 동일로180길 14 (공릉동,(3층))",SM골프클리닉,127.075326139356,37.6219534132134,골프장
347,"서울특별시 노원구 동일로197길 21  (공릉동,지하)",OK골프아카데미,127.070233632279,37.6284077097228,골프장
348,"서울특별시 노원구 덕릉로 595, 상가동 지층 (중계동, 신안아파트)",신안골프스쿨,127.071516781117,37.6512013977172,골프장
349,"서울특별시 노원구 덕릉로 769, 1층 (상계동, 기업은행상계지점)",베스트골프,127.077552390966,37.6660578349497,골프장
350,"서울특별시 노원구 노원로 29  (공릉동,우성@상가 지1층)",태초골프스쿨,127.084337921314,37.6247931739389,골프장
351,"서울특별시 노원구 동일로 1393, B01호 (상계동,일신프라자)",7아이언,127.060550327814,37.6529465229583,골프장
352,"서울특별시 노원구 동일로218길 41  (상계동,영보빌딩 지하)",S스크린골프,127.063182686993,37.6541765152214,골프장
353,"서울특별시 노원구 동일로248길 16  (상계동,수락파크빌상가지층)",수락골프클럽,127.056734118648,37.6789969408616,골프장
354,"서울특별시 노원구 한글비석로8길 29, 상가동 지층 (중계동, 주공6단지)",골프존파크 중계비전1호점,127.07848718628,37.6482546259351,골프장
355,"서울특별시 노원구 동일로192길 77, 상가동 지층 (공릉동, 동신아파트)",에이스골프크리닉,127.07689914049,37.6274166134936,골프장
356,"서울특별시 노원구 한글비석로 396, 108동 상가 지층 15호 (상계동, 벽산아파트)",JJ골프아카데미,127.073581746977,37.6623030184626,골프장
357,서울특별시 노원구 공릉로42길 103 (공릉동),J스크린골프,127.085208845665,37.6256222669032,골프장
358,"서울특별시 노원구 초안산로 12, 인덕대학교 연지스퀘어 B2층 (월계동)",인덕대 실내골프장,127.054448642206,37.6302514486494,골프장
359,"서울특별시 송파구 마천로8길 1, 지하1층 (오금동)",이글골프스쿨,127.127827781502,37.5075011432251,골프장
360,"서울특별시 은평구 서오릉로 94, 지하1층 (대조동, 삼성타운아파트)",짱골프,126.921700201605,37.6095200026749,골프장
361,"서울특별시 은평구 증산로 315, 1층 (증산동)",베로니스골프존,126.910467178465,37.5850695720899,골프장
362,"서울특별시 은평구 응암로 269, 지층 (응암동)",PGA 스크린골프연습장,126.918771050874,37.596008756464,골프장
363,"서울특별시 은평구 서오릉로 151, 지층 (구산동)",SH스크린골프,126.915938693284,37.6117240930274,골프장
364,"서울특별시 은평구 진흥로1길 28, 지층 B101 일부분호 (역촌동, 아그네스 풍림아이원)",아이원스크린골프,126.918961673328,37.6029593097591,골프장
365,"서울특별시 은평구 진흥로 134, 유성빌딩 지층 (녹번동)",불광골프죤,126.925077052837,37.6076799419805,골프장
366,"서울특별시 은평구 진흥로1길 28, 2층 211호 (역촌동, 아그네스 풍림아이원)",짐박스 피트니스 응암1호점,126.918961673328,37.6029593097591,골프장
367,"서울특별시 은평구 서오릉로 82, 지층 (대조동)",제이스크린골프존,126.922039838059,37.6076906786633,골프장
368,"서울특별시 은평구 통일로66길 6, 2층 (불광동)",불광스크린골프,126.930993733458,37.6103400266838,골프장
369,"서울특별시 은평구 진관3로 37, 은평구 뉴타운2지구 에코테라스 2층 208,209,210,211호 (진관동)",골프존파크 진관뉴타운점,126.920438372018,37.6403916511066,골프장
370,서울특별시 은평구 통일로85길 6-14 (갈현동),세리골프스쿨,126.919171480923,37.6226656968824,골프장
371,"서울특별시 은평구 불광로 90, 지층 (불광동, 대호프라자아파트)",대호골프스쿨,126.933000699618,37.6150686709961,골프장
372,"서울특별시 은평구 서오릉로 183, 강산빌딩 2층 (구산동)",강산골프연습장,126.913008734627,37.6130509278886,골프장
373,"서울특별시 은평구 연서로 209, 보성빌 지하1층 (갈현동)",은평로데오,126.918847427928,37.6173259520379,골프장
374,"서울특별시 은평구 서오릉로 166, 유풍빌딩 (갈현동)",지인골프크럽,126.915228694484,37.6128048616854,골프장
375,"서울특별시 은평구 통일로82길 11, B4층 (불광동)",오케이스크린골프,126.920381749396,37.6208256224926,골프장
376,"서울특별시 은평구 응암로13길 11-2, 지층 (응암동)",제이투 스크린,126.915970353017,37.5891163715088,골프장
377,"서울특별시 은평구 통일로 626, 유림빌딩 지하1층 (녹번동)",양기욱골프아카데미,126.935407233318,37.602472019451,골프장
378,"서울특별시 은평구 서오릉로 71, 영화마스타골프랜드 2층 (역촌동)",홀인원골프연습장,126.921952781175,37.6070075809917,골프장
379,"서울특별시 은평구 은평로 108, 4층 (응암동, 메트로럭스주상복합APT)",메트로골프클럽,126.919882555261,37.5997123185996,골프장
380,"서울특별시 은평구 은평로11길 12-10, 명남빌딩 (응암동)",MOON스크린골프,126.923429126087,37.6019257034684,골프장
381,"서울특별시 은평구 은평로11길 11-2, 남전빌딩 2층 (녹번동)",G스크린 골프,126.922718856186,37.6018214464342,골프장
382,"서울특별시 은평구 통일로83길 6-29, 유진빌딩 지층 (갈현동)",연신내스크린골프,126.918810200243,37.6214583061816,골프장
383,서울특별시 은평구 연서로27길 20-4 (갈현동),훼밀리골프,126.917555441158,37.6185112069645,골프장
384,"서울특별시 은평구 연서로 9, 지하1층 (역촌동, 센타폴리스)",응암역점 스포애니 (주)케이디헬스케어,126.91556845327,37.6000995302827,골프장
385,"서울특별시 은평구 연서로 320, 3층 (불광동)",청자골프아카데미,126.928166922657,37.623688820303,골프장
386,"서울특별시 은평구 증산서길 153, 하나은행 2층 (증산동)",하나골프스쿨,126.911860484103,37.5883938417216,골프장
387,"서울특별시 은평구 증산로 253, 원일빌딩 지하1~지상2층 (증산동)",(주)더로얄골프클럽,126.905812845482,37.5809739096362,골프장
388,"서울특별시 은평구 연서로 137, B1층 (구산동)",SG골프 은평점,126.916842896021,37.6111618859153,골프장
389,"서울특별시 은평구 은평로 136, 은경빌딩 6,7층 (응암동)",청원골프아카데미,126.923039015434,37.6002632124439,골프장
390,"서울특별시 은평구 진관2로 15-46, 메트로프라자 205,206호 (진관동)",랭크골프아카데미(은평점),126.919081540985,37.6386515578411,골프장
391,"서울특별시 은평구 통일로 1080, 은평뉴타운솔하임 A동 지층 B102호 (진관동)",GDR레슨파크,126.917530394384,37.6392342317325,골프장
392,"서울특별시 은평구 서오릉로 145, 상원빌딩 6층 (구산동)",상원골프,126.916477274153,37.611286414672,골프장
393,"서울특별시 서대문구 연희로 286 (홍은동, 연희127빌딩)",한독스포츠클럽(실내),126.936480812417,37.5825972630148,골프장
394,서울특별시 서대문구 연희로37길 3 (홍은동),그린골프연습장,126.935863140691,37.5820388537244,골프장
395,"서울특별시 서대문구 연희로 82, 지하1층 (연희동, 브라운스톤연희)",스타칼리휘트니스,126.930207636674,37.5652132636554,골프장
396,"서울특별시 서대문구 통일로 472, 5층 (홍제동, 효신빌딩)",스타칼리,126.942726231995,37.590500092777,골프장
397,"서울특별시 서대문구 독립문공원길 13, 상가동 지층 (현저동)",준일 극동 휘트니스,126.95831483956,37.5719339049306,골프장
398,"서울특별시 서대문구 모래내로 151, 지하1층 (남가좌동, 디엠씨엘가)",스카이원레저,126.917835668207,37.5699012905386,골프장
399,서울특별시 서대문구 홍은중앙로 29 (홍은동),홍은골프연습장,126.946082474244,37.5941303283866,골프장
400,"서울특별시 서대문구 세검정로 89, 지하1층 (홍제동, 예학빌딩)",541 Golf Academy,126.948658960687,37.5957672273102,골프장
401,"서울특별시 서대문구 통일로34길 35, B1호 (홍제동, 현대종합상가)",연세골프연습장,126.949729612731,37.5863090730038,골프장
402,서울특별시 서대문구 간호대로 15 (홍제동),홀인원스크린골프,126.948352765528,37.5965999700962,골프장
403,서울특별시 서대문구 서소문로 45 (합동),SK 24시 스크린골프,126.966248165125,37.5612879295253,골프장
404,"서울특별시 서대문구 충정로 36, 지하1층 (충정로3가, 케이원리트빌딩)",서대문골프존,126.964488428517,37.5619610885508,골프장
405,"서울특별시 서대문구 통일로 397, 지하 3층 (홍제동, 인왕산 한신휴플러스)",잇바디 휘트니스 골프 홍제점,126.947398082336,37.5851683009936,골프장
406,"서울특별시 서대문구 연희로41길 26 (홍은동, 홍은동골프연습장)",렉스(실외),126.93592594245,37.5903974880558,골프장
407,서울특별시 서대문구 충정로 53 (충정로2가),경기골프스쿨,126.964632683146,37.5637512316327,골프장
408,"서울특별시 서대문구 가좌로 144, 2층 (홍은동, 홍은동 부원빌딩)",충암스크린 골프존,126.923922525415,37.5849110659096,골프장
409,"서울특별시 서대문구 연희로 63, 연희체스트빌 지하1층 B01호 (연희동)",연희스크린골프,126.928413326813,37.5643212844315,골프장
410,"서울특별시 마포구 매봉산로 80, PARK M 2층 (상암동)",골프존파크 상암M,126.894284759249,37.5785297541285,골프장
411,"서울특별시 마포구 창전로 32, 지하1층 (구수동)",마포스크린골프,126.931913297335,37.5451542706426,골프장
412,"서울특별시 마포구 독막로 288, B01호 (대흥동, 세양아파트상가)",세양스크린골프장,126.944969203076,37.5445556054461,골프장
413,"서울특별시 마포구 마포대로 115-12, 지하1층 101~116호 (공덕동, 공덕삼성아파트 상가동)",골프존파크 공덕역점,126.951150675917,37.5456898892221,골프장
414,"서울특별시 마포구 백범로 139, 1층 (염리동, 서울디자인고등학교)",디자인골프(주),126.948479002412,37.5466750773343,골프장
415,"서울특별시 마포구 독막로 320, 지하1층 B104, B109~B112호 (도화동, 데시앙 한빛빌딩)",큐어짐,126.94787346379,37.5429644969765,골프장
416,서울특별시 마포구 월드컵북로 114 (성산동),O·K 골프존,126.913728491272,37.5635239965352,골프장
417,"서울특별시 마포구 도화길 28, 상가동 지하1층 124,125호 (도화동, 삼성아파트)",더포인트 골프 스튜디오,126.949629166527,37.5396037190814,골프장
418,"서울특별시 마포구 월드컵로34길 8, 지하1층 (성산동, 상암도시엔오피스텔)",골프존 디바 상암점,126.903340601532,37.5647973453876,골프장
419,"서울특별시 마포구 독막로22길 9, 지하1층 (창전동)",한성골프크리닉스쿨,126.929316968807,37.5471105255565,골프장
420,"서울특별시 마포구 월드컵북로12길 20, 지하1층 (성산동)",대홍실내골프클럽,126.915818677904,37.5618235233871,골프장
421,"서울특별시 마포구 삼개로 38, 지하1층 7호 (도화동, 우성아파트 상가동)",W스포츠짐,126.947112538012,37.5366629254706,골프장
422,"서울특별시 마포구 삼개로 20, 지하1층 (도화동)",인어스휘트니스 헬스피티앤골프마포점,126.947204921199,37.5385080351775,골프장
423,"서울특별시 마포구 백범로 23, 4층 (신수동, 구플라자)",미지골프클럽,126.93794821763,37.552811217978,골프장
424,"서울특별시 마포구 굴레방로 27, 지하1층 (아현동)",아현 스크린골프존,126.95532261857,37.5564770309498,골프장
425,"서울특별시 마포구 마포대로 109, 지하2층 (공덕동, 롯데캐슬프레지던트)",휘트니스엠 롯데캐슬점 골프,126.950847479316,37.5450686146253,골프장
426,"서울특별시 마포구 마포대로 19, 지하1층 3,4호 (마포동, 신화빌딩)",알앤비스크린골프,126.944319491071,37.5390312721822,골프장
427,"서울특별시 마포구 마포대로 180, 지하1층 (공덕동)",매직스크린골프,126.955540593824,37.5501896795951,골프장
428,"서울특별시 마포구 토정로32길 4, 5층 (용강동)",대니스 파크 골프 아카데미,126.94128505826,37.5410712879596,골프장
429,"서울특별시 마포구 마포대로4라길 30, 지하1층 (마포동, 쌍용황금아파트상가 )",드림골프연습장,126.945492024807,37.5367332775431,골프장
430,"서울특별시 마포구 서강로9길 40, 지하1층 (창전동)",PGA골프스쿨,126.931398208407,37.5540386273732,골프장
431,"서울특별시 마포구 마포대로 63-8, 지하2층 (도화동, 삼창플라자)",삼창스크린골프,126.947815114643,37.5422597994869,골프장
432,서울특별시 마포구 월드컵로 240 (성산동),월드컵스파랜드24 골프연습장,126.897273034482,37.5682884450841,골프장
433,"서울특별시 마포구 월드컵북로 45, 지하1층 (서교동)",에스디골프클럽,126.917735590004,37.5581793518149,골프장
434,서울특별시 마포구 월드컵로36길 50  (성산동),신아골프스쿨,126.905639567246,37.5682848870009,골프장
435,"서울특별시 마포구 독막로 266, 3층 (대흥동)",태영골프,126.942389642584,37.5438675433938,골프장
436,서울특별시 마포구 잔다리로 58 (서교동),서경골프,126.918013321988,37.5531226071315,골프장
437,서울특별시 마포구 월드컵로 123 (망원동),그린,126.906952491138,37.5590923453152,골프장
438,"서울특별시 마포구 와우산로 48, 지하3층 B301~B305호 (상수동, 로하스타워)",로하스크린,126.923441090646,37.5485560282385,골프장
439,"서울특별시 마포구 토정로 310, 지하1층 (용강동, 한국카본빌딩)",용강스크린골프존,126.943053677124,37.5399520311266,골프장
440,"서울특별시 마포구 마포대로 173, 지하1층 (공덕동, 현대하이엘)",골프존드라이빙레인지공덕점,126.954455626109,37.5499015773045,골프장
441,서울특별시 마포구 독막로 56 (합정동),파인골프클럽,126.919665629833,37.5475077309865,골프장
442,서울특별시 마포구 토정로 77 (당인동),유니골프클럽,126.919374434406,37.5456456185584,골프장
443,"서울특별시 마포구 월드컵로 196, 지하2층 (성산동, 대명비첸시티)",케이불스 휘트니스 마포구청역점,126.902750212857,37.5647995635391,골프장
444,"서울특별시 마포구 토정로31길 12, 지하1층 (용강동)",한강골프스쿨,126.942487674571,37.5414598502618,골프장
445,"서울특별시 마포구 월드컵북로54길 17, 지층 101-102호 (상암동, 사보이시티DMC)",웰니스 휘트니스,126.888548408154,37.581324224744,골프장
446,"서울특별시 마포구 상암산로1길 73, 지하1층 (상암동)",인스크린,126.88320489546,37.5801632645329,골프장
447,서울특별시 마포구 월드컵북로 43 (서교동),선스크린골프,126.917800837627,37.5580240653753,골프장
448,"서울특별시 마포구 월드컵북로 216, 203동 201호 (성산동, 성산2차 e편한세상)",성산 스크린골프,126.905069332883,37.5698661269971,골프장
449,"서울특별시 마포구 월드컵북로43길 38, 지하2,3층 (상암동)",예인 골프존,126.894376213863,37.5746151070899,골프장
450,"서울특별시 양천구 신목로5길 23, 지층 (신정동)",MD 골프카페,126.871499499253,37.5173285609899,골프장
451,"서울특별시 양천구 오목로 344, 청학빌딩 지하1층 (목동)",파이어짐 오목교역점,126.875143110053,37.5237531022074,골프장
452,"서울특별시 양천구 목동동로8길 29  (신정동,지하1층)",목동14 스크린골프,126.871831984196,37.5162481691823,골프장
453,"서울특별시 양천구 목동서로 291, 지층 101,102호 (신정동, 제이월드빌)",오렌지골프,126.869543475225,37.5216326682883,골프장
454,"서울특별시 양천구 목동동로 233-3, 지하1층 (목동, 서울이동통신)",골프존아카데미 목동점,126.871654324102,37.5278464870359,골프장
455,"서울특별시 양천구 월정로 101, 201호 (신월동, 샤르망오피스텔)",3D필드로,126.83899171843,37.5284514113055,골프장
456,"서울특별시 양천구 공항대로 638 (목동, 지하1층)",하나스크린골프,126.875667245702,37.5467042021733,골프장
457,"서울특별시 양천구 목동남로4길 38  (신정동,5층)",우성골프스쿨,126.86646746768,37.5089297714402,골프장
458,"서울특별시 양천구 오목로 299, 목동트라팰리스 지하층 102호 (목동)",스포짐,126.87035534357,37.5260837006075,골프장
459,"서울특별시 양천구 신월로 149, 2층 (신월동)",강K골프아카데미,126.840294125702,37.5175595286065,골프장
460,"서울특별시 양천구 목동중앙남로 12, 지하1층 (목동)",목동골프아카데미,126.868869318488,37.5355626607206,골프장
461,"서울특별시 양천구 중앙로 181, 복합메디컬타운 지층 B202호 (신정동)",갤러리 골프 아카데미 목동점,126.855685447508,37.5128194279739,골프장
462,"서울특별시 양천구 등촌로 102-1, 4,5층 (목동)",삼양 스크린골프,126.863977730981,37.5391498643388,골프장
463,"서울특별시 양천구 신월로 354, 세원빌딩 7층 (신정동)",목동J&B스크린골프장,126.860191702205,37.5216730554369,골프장
464,서울특별시 양천구 신정중앙로 77 (신정동),목동필드골프존,126.860363979759,37.5269577243692,골프장
465,서울특별시 양천구 목동로 207  (신정동),목동스크린골프클럽,126.863883111248,37.5270256235804,골프장
466,서울특별시 양천구 목동중앙로 97 (목동),김덕환골프아카데미,126.872597966008,37.5378165389603,골프장
467,서울특별시 양천구 화곡로 80 (신월동),세원골프연습장,126.8307260952,37.5392378871265,골프장
468,"서울특별시 양천구 오목로 279 (목동, 현대프라자)",굿샷스크린골프존,126.868392603335,37.5259285397106,골프장
469,"서울특별시 양천구 목동서로 77 (목동,현대월드타워 지하층101,102호)",목동현대스크린골프,126.877988123429,37.5359631978743,골프장
470,서울특별시 양천구 가로공원로 90 (신월동),챌린저 스크린 골프아카데미,126.825935525166,37.535329235436,골프장
471,서울특별시 양천구 중앙로 217 (신정동),목동골프타운,126.854408907137,37.515785765902,골프장
472,"서울특별시 양천구 목동중앙북로7가길 30  (목동,지하)",유엔아이 스크린골프,126.865935906381,37.549309512703,골프장
473,"서울특별시 양천구 중앙로 217, 지하1층 (신정동)",M스크린,126.854408907137,37.515785765902,골프장
474,"서울특별시 양천구 목동서로 38  (목동,상가B동 지101,102호)",JK골프스쿨,126.87850378726,37.5412913406969,골프장
475,"서울특별시 양천구 신정로13길 22 (신정동,대림프라자 지층)",골프존파크 신정 삼성스크린점,126.843131585044,37.5114254282406,골프장
476,서울특별시 양천구 남부순환로30길 17 (신월동),광영 문화원,126.823275879439,37.5371981027922,골프장
477,"서울특별시 양천구 신월로 344, 3층 (신정동)",금강스크린골프,126.85924744417,37.5216270640173,골프장
478,"서울특별시 양천구 목동중앙서로 34  (목동,3층,4층)",골프아카데미,126.867519943203,37.5327649003227,골프장
479,서울특별시 양천구 목동중앙서로8길 10 (목동),그린야드골프스쿨,126.866022201918,37.5321997249493,골프장
480,"서울특별시 양천구 신월로 358, 지하1층 (신정동, 남부필타운)",골프존파크신정목동점,126.860860850764,37.521778451973,골프장
481,"서울특별시 양천구 목동로 181, 지층 (신정동)",목동역스크린골프,126.864381973286,37.5246744934241,골프장
482,서울특별시 양천구 목동중앙서로 42-1 (목동),알라딘 골프스쿨,126.868681292835,37.5327775500103,골프장
483,"서울특별시 양천구 오목로 138, 가,나동 지하1,2층 (신정동, 신정스포렉스)",에이스골프,126.85270197476,37.5242137874087,골프장
484,"서울특별시 양천구 신월로 389  (신정동,남부빌딩 지하2층)",남부베스트 스크린골프연습장,126.864303918068,37.5226745400703,골프장
485,"서울특별시 양천구 남부순환로 614 (신월동,지층)",프라임골프클럽,126.840347798306,37.5140290217041,골프장
486,"서울특별시 양천구 목동동로 130, 상가비동 지층 101호 (신정동, 목동신시가지아파트14단지)",SD스크린골프연습장2호점,126.871236888208,37.5149990018814,골프장
487,"서울특별시 양천구 신목로2길 68 (목동,오목빌딩 지1층)",엘리트핏24 골프,126.877348359324,37.5238327188727,골프장
488,"서울특별시 양천구 목동동로 10  (신정동,목동아파트 11단지 A상가 212~214호)",목동11스크린골프,126.861309989258,37.5077581093677,골프장
489,"서울특별시 양천구 등촌로 100 (목동,비바빌딩 3층)",비바골프,126.863956202983,37.5388548523033,골프장
490,"서울특별시 양천구 목동동로 339, B126동 1-1호 (목동, 목동트윈빌)",트윈빌 스크린골프,126.876743891714,37.5321753616364,골프장
491,"서울특별시 양천구 신월로 134  (신월동,3층)",스카이골프연습장,126.838840793718,37.5165683438161,골프장
492,"서울특별시 양천구 신월로27길 6, 지하1층 (신월동)",맥스골프스쿨,126.847003989094,37.5226882656546,골프장
493,서울특별시 양천구 목동중앙북로 19-1 (목동),자성 골프연습장,126.865862978469,37.5485166417367,골프장
494,"서울특별시 양천구 오목로 160, 상가동 지하1층 B01,B02호 (신정동, 신호아파트)",라이프스포츠,126.855236736982,37.5247098594732,골프장
495,"서울특별시 양천구 국회대로 226, 2층 (신정동)",OK스크린골프,126.860087520719,37.5289398700164,골프장
496,"서울특별시 양천구 목동서로 401, 지층 101호 (신정동)",NS삼진골프,126.859608639376,37.5154102156469,골프장
497,"서울특별시 양천구 신목로7길 9, 지하1층 (신정동)",국가대표골프아카데미,126.871361484603,37.5196427263101,골프장
498,"서울특별시 양천구 목동로 224, 101동 지하101,102호 (목동, 대원칸타빌1차아파트)",칸타빌스크린골프,126.864612020665,37.5283967941925,골프장
499,"서울특별시 양천구 목동서로 349  (신정동,목동 센트럴플라자 15층)",애플짐,126.865306840725,37.517406535882,골프장
500,"서울특별시 양천구 신목로 7 (신정동,삼성(아)상가 지101호)",목동성광스크린골프,126.876418086086,37.5150788692395,골프장
501,서울특별시 양천구 공항대로 538  (목동),엠에스골프클럽,126.865588582435,37.5502679597787,골프장
502,"서울특별시 양천구 목동서로 264, 101호 (목동,진도아파트상가 지층)",임팩트골프아카데미,126.868280050481,37.5243141796552,골프장
503,서울특별시 양천구 월정로50길 8 (신월동),대우훼밀리골프,126.830889732528,37.5416318955099,골프장
504,"서울특별시 양천구 남부순환로 396, 진보빌딩 4층 (신월동)",준스크린골프,126.83049275274,37.5320528911198,골프장
505,"서울특별시 양천구 가로공원로 90, 3층 (신월동)",챌린저 골프 아카데미,126.825935525166,37.535329235436,골프장
506,"서울특별시 강서구 마곡중앙로 161-17, 보타닉파크타워Ⅰ 12층 일부호 (마곡동)",에이블짐 마곡나루점,126.825960812712,37.5680581740122,골프장
507,"서울특별시 강서구 양천로 476, 금부빌딩 지1층 (등촌동)",GOTO 가양점,126.853271958466,37.5616001805127,골프장
508,"서울특별시 강서구 마곡중앙로 171, 마곡나루역프라이빗타워Ⅱ B104호 (마곡동)",마곡 골프 아카데미,126.827780298847,37.5690270688312,골프장
509,"서울특별시 강서구 마곡중앙로 165, 안강프라이빗타워 B101~B103,B104일부호 (마곡동)",보타닉 스크린 골프,126.827697450113,37.5685808655445,골프장
510,"서울특별시 강서구 양천로65길 41-22, JK블라썸호텔 지하2층 일부호 (염창동)",JK블라썸호텔(GMG스크린 골프),126.867775302197,37.5567881532175,골프장
511,"서울특별시 강서구 양천로 401, 강서한강자이타워 A213-1, A320, A420호 (가양동)",쇼골프 가양점,126.847638315393,37.5657034766638,골프장
512,"서울특별시 강서구 국회대로7길 201, 3층 (화곡동, 세림빌딩)",KT스크린골프 연습장,126.849705113597,37.5286314052723,골프장
513,"서울특별시 강서구 화곡로 344, B01호 (화곡동, 경동엠파이어스테이트빌딩)",미르스크린골프존 & 아카데미,126.851835694851,37.5543293274462,골프장
514,"서울특별시 강서구 강서로 201 (화곡동,지층)",라이프골프장(실내),126.837883444782,37.5438827579012,골프장
515,"서울특별시 강서구 화곡로65길 62  (등촌동,지하1층)",강서구민올림픽체육센터,126.850583992337,37.5596698491317,골프장
516,"서울특별시 강서구 국회대로 161 (화곡동,4층,5층)",메이저스크린골프,126.85283164211,37.5287504906073,골프장
517,"서울특별시 강서구 강서로56길 50 (등촌동,지하층)",리더골프클럽,126.841552588203,37.5591393708828,골프장
518,"서울특별시 강서구 강서로 242, 2층 (화곡동)",다인골프연습장,126.836797010994,37.5471644988463,골프장
519,서울특별시 강서구 양천로67길 63 (염창동),강변실내골프장,126.869569325143,37.5566117512947,골프장
520,"서울특별시 강서구 양천로69길 18, B01호 (염창동, 극동아파트 상가)",삼성골프 아카데미,126.871434204859,37.5524723630558,골프장
521,"서울특별시 강서구 공항대로 271  (가양동,이천이프라자 B2호, B3호)",라이브 스크린골프,126.837818288246,37.5589663547183,골프장
522,"서울특별시 강서구 강서로 505  (가양동,4층)",가양골프,126.841429578672,37.5705593213224,골프장
523,"서울특별시 강서구 금낭화로 91-2  (방화동,601호,602호)",BGF 골프스쿨,126.811081371114,37.5736503862521,골프장
524,"서울특별시 강서구 양천로 49, 1층 (방화동)",개화스크린골프,126.809641071343,37.5734019211131,골프장
525,"서울특별시 강서구 가로공원로 198  (화곡동,지하층)",파워골프스쿨,126.837917327107,37.5369604290485,골프장
526,서울특별시 강서구 강서로45길 174 (내발산동),골프존파크 마곡NX24,126.830668563722,37.5527181773866,골프장
527,"서울특별시 강서구 공항대로 18-1, B202~204호 (공항동)",이스카이 골프존,126.809129234237,37.5609595311681,골프장
528,"서울특별시 강서구 강서로33가길 58 (화곡동,25호,26호 지층)",라이프스크린골프,126.837296988945,37.5440770174751,골프장
529,"서울특별시 강서구 공항대로 447, 4층 일부호 (등촌동, 엔이티)",등촌 필 스크린,126.856853039945,37.5547452903111,골프장
530,"서울특별시 강서구 공항대로 535, 지하1층 (염창동, 대림자동차,코인빌딩)",굿스크린골프,126.865787293183,37.5511558487708,골프장
531,"서울특별시 강서구 화곡로13길 98 (화곡동,지층)",베스트 골프클럽,126.833121390942,37.5442412987858,골프장
532,"서울특별시 강서구 공항대로41길 56 (등촌동,진아플라자 지층)",에비앙 골프,126.846328848733,37.5601861543743,골프장
533,"서울특별시 강서구 마곡중앙6로 45, 5층 501,511,512호 (마곡동)",휘트니스 팜 마곡센터,126.832720625607,37.5606312206415,골프장
534,"서울특별시 강서구 양천로6길 28, B1층 (방화동, 도시개발공사아파트 상가동)",라인골프,126.806399839179,37.5710274870985,골프장
535,"서울특별시 강서구 강서로 360, 601호 (내발산동, 솔레드림)",스카이 스크린 골프,126.838393605308,37.5576945764491,골프장
536,"서울특별시 강서구 강서로 506, B동 (가양동)",가양골프연습장,126.841933133618,37.5704780061189,골프장
537,서울특별시 강서구 하늘길 233 (공항동),쇼골프,126.813427440527,37.553505432825,골프장
538,"서울특별시 강서구 수명로 68-11 (내발산동,발산타워 5층 501호,502호,503호)",우주스크린골프,126.826537797397,37.5523193465015,골프장
539,"서울특별시 강서구 화곡로 111  (화곡동,지상5층)",스카이골프스쿨,126.834213654314,37.5402197881037,골프장
540,"서울특별시 강서구 화곡로61길 114, 지층 (등촌동, 근상프리즘)",오알비 스크린 골프,126.846064045062,37.5585720351261,골프장
541,"서울특별시 강서구 강서로 502-9 (가양동,3,4층)",스크린가양,126.842616360824,37.5702741228792,골프장
542,"서울특별시 강서구 공항대로 247, 퀸즈파크나인 지층 101,102호 (마곡동)",골프존파크 발산마곡점,126.83523920295,37.5593135416408,골프장
543,"서울특별시 강서구 공항대로 411, 5층 (등촌동)",베스트에스지,126.853476938361,37.5562796011527,골프장
544,서울특별시 강서구 등촌로 149 (등촌동),티샷 골프연습장,126.862223209661,37.5431062800572,골프장
545,"서울특별시 강서구 강서로5나길 21, 5층 (화곡동, 한나빌딩)",홀인원 스크린 골프존,126.84711351429,37.5283875115391,골프장
546,"서울특별시 강서구 강서로 506, A동 2,3층 (가양동)",스크린가양 2호점,126.841933133618,37.5704780061189,골프장
547,"서울특별시 강서구 양천로 108  (방화동,은천빌딩          A동지층)",에이스골프스쿨,126.81570707884,37.5731049384885,골프장
548,서울특별시 강서구 공항대로45길 92 (등촌동),신진등촌골프연습장,126.857807990945,37.558436025885,골프장
549,"서울특별시 강서구 화곡로61길 109, 천수빌딩 지층 (등촌동)",프랜즈스크린24 강서등촌점,126.846467967864,37.5583008205634,골프장
550,"서울특별시 강서구 등촌로 235 (등촌동,3층)",굿샷 스크린골프,126.863716817272,37.5508942601754,골프장
551,"서울특별시 강서구 공항대로 447  (등촌동,삼선빌딩 2층)",강서골프스쿨,126.856853039945,37.5547452903111,골프장
552,"서울특별시 강서구 초원로 35, 2층 (방화동)",스카이 골프 아카데미,126.809324130049,37.5679327362939,골프장
553,"서울특별시 강서구 금낭화로 5, 4층 (방화동)",VIP스크린골프,126.811572352147,37.5657305309014,골프장
554,서울특별시 강서구 공항대로41길 43 (등촌동),금오골프스쿨,126.845540896294,37.5599073490843,골프장
555,"서울특별시 강서구 양천로 658, 지층 (염창동, 양화진빌딩)",양화진 골프,126.86991587864,37.5523079799238,골프장
556,"서울특별시 강서구 공항대로 18-1, 지하2층 B201호 (공항동, 이스카이오피스텔)",공항골프존,126.809129234237,37.5609595311681,골프장
557,"서울특별시 강서구 우장산로14길 8, 명지빌딩 지층 (화곡동)",현대그린실내골프연습장,126.84914128341,37.5529370285771,골프장
558,"서울특별시 강서구 방화대로47가길 22, 지층 (방화동)",그린밸리,126.813978203356,37.5770988534391,골프장
559,"서울특별시 강서구 양천로 731, B206호 (염창동, 염창3차동아APT상가)",동아베스트골프클럽,126.877396858267,37.5502517087995,골프장
560,"서울특별시 강서구 국회대로 147, 2층 (화곡동)",윈 스크린 골프존,126.85134170815,37.5286231151396,골프장
561,"서울특별시 강서구 금낭화로 146, 지층 B01~B04,B07,B08호 (방화동, 오피앙)",Top 스크린골프존,126.813305186149,37.5781901549032,골프장
562,"서울특별시 구로구 시흥대로 551 (구로동,광희빌딩 B2)",바운드 QED골프아카데미,126.900246298277,37.4825399425928,골프장
563,"서울특별시 구로구 디지털로33길 48, 대륭포스트타워7차 3층 301~304, 309~310호 (구로동)",GDR 골프아카데미,126.894505096341,37.4872579499162,골프장
564,"서울특별시 구로구 구로중앙로 134, 지하2층 다016호 외44개호 (구로동, 신구로자이나인스에비뉴)",주식회사 창스파크골프 구로센터,126.884098218095,37.4999880723052,골프장
565,"서울특별시 구로구 목동남로 6, 현준프라자 5층 (고척동)",신목동 스크린골프,126.860774574801,37.5067191621388,골프장
566,"서울특별시 구로구 디지털로33길 11 (구로동,에이스테크노타워 8차 301호)",봄 스크린,126.895512679788,37.4857057781612,골프장
567,"서울특별시 구로구 개봉로20길 6 (개봉동,현대아파트 상가1동 B01호, B02호, B03호)",케이에스골프클럽,126.859308079005,37.4928802334449,골프장
568,"서울특별시 구로구 새말로 97, 14층 (구로동, 신도림테크노마트)",영자피트니스 신도림,126.890227293528,37.5070438414784,골프장
569,"서울특별시 구로구 중앙로14길 31 (고척동,신성빌딩 6층)",신성골프아카데미,126.863104491675,37.5076133389724,골프장
570,"서울특별시 구로구 디지털로 288 (구로동,대륭포스트타워1차 B114-1호∼B114-10호)",대륭스크린골프,126.895502765348,37.4835695693308,골프장
571,"서울특별시 구로구 구로중앙로 207 (구로동,오퍼스빌딩 지하72,73,74호)",오퍼스 스크린골프,126.876963644774,37.5045938236115,골프장
572,"서울특별시 구로구 도림로20길 18  (구로동,덕창빌딩  지하1층)",희망골프존,126.892409245918,37.488977254588,골프장
573,서울특별시 구로구 중앙로 27 (고척동),윈스크린골프,126.863147352053,37.5004906751174,골프장
574,서울특별시 구로구 디지털로32나길 51 (구로동),스윙파크스크린골프장,126.900382117847,37.484901329527,골프장
575,서울특별시 구로구 구일로4길 46  (구로동),OK스크린골프연습장,126.87786990054,37.4932672296102,골프장
576,서울특별시 구로구 새말로 52  (구로동),민골프클럽,126.886394305772,37.503476022301,골프장
577,"서울특별시 구로구 고척로52길 9  (고척동,양우아파트101동상가 지하 101호  8호)",양우골프장,126.856551948793,37.5049720175804,골프장
578,"서울특별시 구로구 경인로6길 19  (오류동,외13필지)",동도센트리움스크린골프,126.832435742194,37.4909373844238,골프장
579,"서울특별시 구로구 신도림로 7  (신도림동,금강리빙스텔 208호, 209호)",위너스스크린2,126.877164760067,37.5061633129074,골프장
580,"서울특별시 구로구 중앙로3길 12 (고척동,서봉빌딩 B101호)",OK스크린골프,126.862941586025,37.5002113050917,골프장
581,"서울특별시 구로구 고척로 230, 3층 (고척동)",위너골프클럽,126.85852096132,37.5059345027204,골프장
582,서울특별시 구로구 도림로20길 18 (구로동),정재열 골프 아카데미,126.892409245918,37.488977254588,골프장
583,"서울특별시 구로구 가마산로 77 (구로동,2층)",WI-GOLF,126.875078748377,37.4856025065543,골프장
584,"서울특별시 구로구 구일로 110  (구로동,해원리버파크 701호,702호)",스카이골프랜드,126.87200783297,37.4950748401596,골프장
585,"서울특별시 구로구 중앙로 19 (고척동,버디빌딩 지하1층)",골프리더,126.863482095281,37.499747462645,골프장
586,"서울특별시 구로구 경인로6길 19 (오류동, 동도센트리움골프클럽)",동도센트리움골프클럽,126.832435742194,37.4909373844238,골프장
587,"서울특별시 구로구 안양천로537길 56 (고척동,외 3)",(주)밀리언골프클럽,126.869251302767,37.5012598392248,골프장
588,서울특별시 구로구 경인로 397 (고척동),JS골프,126.863870881484,37.4976995650402,골프장
589,"서울특별시 구로구 안양천로537길 56  (고척동,외 3필지  (주)밀리언골프클럽내 3층)",밀리언스크린골프,126.869251302767,37.5012598392248,골프장
590,"서울특별시 구로구 구로중앙로 218 (신도림동,천강아파트형공장 지하102호)",VISION24이글스크린,126.877554625583,37.5056701473067,골프장
591,서울특별시 구로구 부일로 983 (궁동),알바트로스,126.83668725232,37.4934431800981,골프장
592,"서울특별시 구로구 구로중앙로 134 (구로동, 나인스에비뉴 )",나인스스크린골프존,126.884098218095,37.4999880723052,골프장
593,"서울특별시 구로구 경인로 643, 205동 103,104호 (신도림동, 동아2차아파트)",J골프존스크린,126.885553611579,37.5088498841248,골프장
594,"서울특별시 구로구 안양천로539길 11, 고척지점 (고척동)",제니스 스포츠클럽,126.870256358487,37.5047167522809,골프장
595,서울특별시 구로구 경인로 90 (오류동),윈스크린골프,126.832228427241,37.4913122692965,골프장
596,서울특별시 구로구 중앙로 27 (고척동),윈골프연습장,126.863147352053,37.5004906751174,골프장
597,서울특별시 구로구 구로동로47길 11-1  (구로동),대동골프연습장,126.881845247634,37.4979070398478,골프장
598,"서울특별시 구로구 개봉로20길 158 (개봉동,현대홈타운상가 지하)",현대골프스쿨,126.86073736772,37.4920422788882,골프장
599,"서울특별시 구로구 구로중앙로 218,  B101호 (신도림동,천강아파트형공장 지하)",스카이 골프연습장,126.877554625583,37.5056701473067,골프장
600,"서울특별시 구로구 신도림로19길 7 (신도림동,성광빌딩 7층)",성광골프연습장,126.884470304555,37.5112029731186,골프장
601,서울특별시 구로구 고척로27길 126 (개봉동),제이피골프아카데미,126.845217537067,37.5075182739835,골프장
602,"서울특별시 구로구 개봉로23가길 76  (개봉동,한마음프라자 203호, 204호, 205호)",성원스크린골프,126.860264784163,37.4946696863557,골프장
603,"서울특별시 금천구 디지털로10길 9, 현대시티아울렛 가산점 8층 (가산동)",디에스알(DSR)현대골프아카데미,126.88905533739,37.4776190161713,골프장
604,"서울특별시 금천구 가산디지털1로 131, BYC HIGHCITY 지하1층 129~131호 (가산동)",(주)인스타짐골프아카데미,126.881982164294,37.4770829103065,골프장
605,"서울특별시 금천구 시흥대로 167, 국민은행시흥동점 지하1층 (시흥동)",더 힐 골프,126.902415519167,37.4488042970905,골프장
606,"서울특별시 금천구 가산디지털2로 35, 2층 (가산동)",지디알(GDR) 골프아카데미 가산점,126.882330730259,37.471447262934,골프장
607,서울특별시 금천구 시흥대로123길 24 (독산동),양서골프연습장,126.8973017736,37.4710695538085,골프장
608,"서울특별시 금천구 가산디지털1로 196 (가산동,에이스테크노타워10차B1)",이원용골프아카데미&클리닉,126.881284806415,37.4829648973428,골프장
609,서울특별시 금천구 독산로54길 32 (시흥동),뉴금천 휘트니스,126.907134877864,37.4640119642466,골프장
610,서울특별시 금천구 남부순환로 1414 (독산동),민골프아카데미,126.908011602812,37.4803209323496,골프장
611,"서울특별시 금천구 남부순환로 1428, 6층 (독산동, 지오프라자)",애니 골프,126.909452351605,37.4805802743813,골프장
612,"서울특별시 금천구 가산디지털2로 98  (가산동,2층)",IT휘트니스,126.881057813165,37.4772339836706,골프장
613,"서울특별시 금천구 가마산로 96, B114호 (가산동,대륭테크노타운8차)",푸른골프아카데미,126.877464812011,37.4852607302207,골프장
614,서울특별시 금천구 시흥대로 296 (독산동),창강산업(주) 독산지점,126.899283256359,37.459684191535,골프장
615,"서울특별시 금천구 남부순환로 1428, 지오프라자 4층 (독산동)",서울골프아카데미,126.909452351605,37.4805802743813,골프장
616,"서울특별시 금천구 범안로 1142, 하우스디 더 스카이밸리 가산2차 3층 305호 (가산동)",가산 THE G-NATION GDR 아카데미,126.888975080269,37.4657639015803,골프장
617,"서울특별시 금천구 두산로14길 4 (독산동,2층)",피엔케이골프아카데미,126.894602446104,37.4697120575345,골프장
618,"서울특별시 금천구 시흥대로 414 (독산동,지하1층)",그린힐 스크린 골프,126.898552605239,37.4705839986858,골프장
619,"서울특별시 금천구 가산디지털1로 168, A동 403호 (가산동,우림라이온스밸리)",우림휘트니스클럽,126.88263620024,37.479966429878,골프장
620,서울특별시 금천구 디지털로 173 (가산동),엘리시아,126.886068548417,37.4779696398014,골프장
621,서울특별시 금천구 시흥대로 481  (독산동),정다운스크린골프연습장,126.898261414752,37.476578616986,골프장
622,서울특별시 금천구 독산로54길 32 (시흥동),뉴금천 스크린 골프장,126.907134877864,37.4640119642466,골프장
623,"서울특별시 금천구 두산로 70, B동 지하층 202, 203호 (독산동, 현대지식산업센터)",한양비젼골프존,126.895620657193,37.4689627800606,골프장
624,"서울특별시 금천구 벚꽃로 73, 상가동 지하층 (독산동, 금천현대아파트)",현대스크린골프,126.890423305457,37.4629100391456,골프장
625,"서울특별시 금천구 시흥대로 97 (시흥동,시흥유통상가 A지원 지하1층 7호)",유통스크린,126.901072369386,37.4446821230267,골프장
626,서울특별시 금천구 남부순환로 1282  (가산동),가산골프스쿨,126.893147418574,37.4785540705765,골프장
627,"서울특별시 영등포구 당산로54길 48, 1층 (당산동6가)",골프존파크 당산역점,126.906135464722,37.5325497154463,골프장
628,"서울특별시 영등포구 63로 36 (여의도동, 리버타워)",70투언더골프클럽,126.938610362668,37.5194206669589,골프장
629,"서울특별시 영등포구 63로 36 (여의도동, 리버타워)",갤러리 골프 연습장,126.938610362668,37.5194206669589,골프장
630,"서울특별시 영등포구 여의대방로 383, 경도빌딩 지하층 (여의도동)",여의도골프아카데미,126.931504190261,37.5193436883433,골프장
631,서울특별시 영등포구 여의대방로 376 (여의도동),엠지에이,126.931354574177,37.5181886056247,골프장
632,"서울특별시 영등포구 여의대로 56, 한화손해보험빌딩 (여의도동)",핀하이골프랩,126.922872650933,37.5240793528555,골프장
633,"서울특별시 영등포구 당산로 68 (당산동1가, 진로아파트)",버몬트,126.895970851298,37.5208225913349,골프장
634,서울특별시 영등포구 여의대방로61길 55 (신길동),주)동진카운티스포츠센터,126.921522936837,37.5156628266601,골프장
635,서울특별시 영등포구 도림로 331 (도림동),더라인씨앤에스 서울지점,126.900864114112,37.5069785540028,골프장
636,서울특별시 영등포구 영중로41길 8 (영등포동8가),퓨어골프아카데미,126.904772307219,37.5289502059416,골프장
637,"서울특별시 영등포구 국제금융로6길 33, 2층 (여의도동)",스타트원 헬스앤골프,126.926911965929,37.5207908297398,골프장
638,"서울특별시 영등포구 당산로31길 33 (당산동3가, 당산골프클럽)",당산골프클럽,126.892754590953,37.5269108490784,골프장
639,"서울특별시 영등포구 의사당대로 127 (여의도동, 롯데캐슬엠파이어)",PGA여의도,126.926406742546,37.5202405439146,골프장
640,서울특별시 영등포구 신길로 141 (신길동),세화스크린골프,126.910284876715,37.5050138749978,골프장
641,"서울특별시 영등포구 양평로12가길 2 (당산동6가, 지하1층)",골프존파크 당산 더스타 24,126.900736831751,37.5363005812028,골프장
642,"서울특별시 영등포구 당산로48길 6, 대호빌딩 3층 (당산동6가)",제이에스골프아카데미,126.902999423956,37.5342573706538,골프장
643,"서울특별시 영등포구 국회대로68길 17 (여의도동, 해운빌딩)",파크힐 여의도,126.920109396536,37.5287848903311,골프장
644,"서울특별시 영등포구 국제금융로 78 (여의도동, 홍우빌딩)",디지피트니스(DG FIT)&골프,126.931298156696,37.5208724804701,골프장
645,"서울특별시 영등포구 국제금융로 86 (여의도동, 롯데캐슬 아이비)",아이비,126.931800002781,37.5202061193308,골프장
646,"서울특별시 영등포구 문래로 164, 5층 504호 (문래동3가, 영등포 SK 리더스뷰)",SK스크린골프연습장,126.900076883603,37.5177939016069,골프장
647,서울특별시 영등포구 국제금융로6길 33 (여의도동),여백스크린,126.926911965929,37.5207908297398,골프장
648,"서울특별시 영등포구 여의대방로 107 (신길동, 현대통신빌딩)",제이제이스크린골프,126.918512475299,37.4977229525729,골프장
649,"서울특별시 영등포구 대림로 211 (대림동, 화성빌딩)",굿샷 스크린골프존,126.897527094214,37.4994494291691,골프장
650,"서울특별시 영등포구 버드나루로 88 (영등포동7가, 인따르시아사옥)",당산 제이스크린골프존,126.909255877212,37.5260672872371,골프장
651,"서울특별시 영등포구 의사당대로 127, 지1층 비021호 (여의도동, 롯데캐슬엠파이어)",캐슬플레이,126.926406742546,37.5202405439146,골프장
652,"서울특별시 영등포구 신길로 39, 썬프라자 (대림동)",주식회사 영자피트니스 썬프라자,126.907785020768,37.4959665730744,골프장
653,"서울특별시 영등포구 여의대방로 249, 에어스포렉스 (신길동)",에어스포렉스 스크린골프연습장,126.922886122395,37.5081305193802,골프장
654,"서울특별시 영등포구 가마산로 540, 지하1층 (신길동, 영빈관)",거북선 스크린골프,126.91579344049,37.5027504603139,골프장
655,"서울특별시 영등포구 국제금융로 86 (여의도동, 롯데캐슬 아이비)",여의도 골프 레슨,126.931800002781,37.5202061193308,골프장
656,"서울특별시 영등포구 선유로 49, 지하 1층 (문래동6가, 미주프라자아파트)",미주프라자 스크린골프존,126.888746175591,37.5182931994677,골프장
657,"서울특별시 영등포구 선유동2로 57 (양평동4가, 이레빌딩)",이레골프아카데미,126.896882129276,37.5338259242698,골프장
658,"서울특별시 영등포구 시흥대로173길 13, 지층 비101호 (대림동, 신대림자이)",골프존파크 대림구로디지털점,126.902341643176,37.4865791105717,골프장
659,"서울특별시 영등포구 선유서로 67, 신동아하이팰리스 101동 B101호 (양평동2가)",프렌즈 아카데미 문래양평점,126.884455098241,37.5220933827385,골프장
660,"서울특별시 영등포구 영등포로 33 (양평동2가, 목동비즈타워)",GOLF K 아카데미,126.885222271529,37.5232920131718,골프장
661,"서울특별시 영등포구 버드나루로17길 2, 지층 (당산동, 훼미리하우스)",드림스크린골프존,126.908048818974,37.5276118418879,골프장
662,"서울특별시 영등포구 당산로44길 3, 지층 101호 (당산동5가)",삼성타운 골프연습장,126.901077532801,37.5319143458605,골프장
663,서울특별시 영등포구 선유로 70 (문래동3가),디지피트니스(DG FIT)&골프,126.890145748505,37.5201626485833,골프장
664,"서울특별시 영등포구 가마산로 468, 지하2층 (신길동, 레전드힐스)",H스크린골프,126.908385786929,37.5056310474546,골프장
665,"서울특별시 영등포구 국제금융로 86, 지1층 107호 (여의도동, 롯데캐슬아이비상가)",Swing Lab,126.931800002781,37.5202061193308,골프장
666,서울특별시 영등포구 선유로47길 16 (양평동4가),BEST 스크린골프,126.895386159156,37.5358685279774,골프장
667,"서울특별시 영등포구 국회대로72길 6 (여의도동, 여의도아크로폴리스)",골프의 발견 여의도점,126.920193233287,37.5300542777844,골프장
668,"서울특별시 영등포구 63로 36, B102호 (여의도동, 리버타워)",리버스크린골프,126.938610362668,37.5194206669589,골프장
669,서울특별시 영등포구 영등포로 21 (양평동2가),골프존파크 양평점,126.884063073804,37.5235170324827,골프장
670,"서울특별시 영등포구 영등포로 162 (당산동1가, 대우조선해양 당산빌딩)",SM골프아카데미 & 골프존,126.899311298344,37.5204977015554,골프장
671,서울특별시 영등포구 대방천로 258 (신길동),보라매역스크린골프,126.919442454499,37.4984983656111,골프장
672,서울특별시 영등포구 국회대로62길 9 (여의도동),비젼스크린골프,126.916525712236,37.5275389394807,골프장
673,서울특별시 영등포구 경인로 775 (문래동3가),에버그린스크린골프,126.897536835727,37.5147464245043,골프장
674,"서울특별시 영등포구 영등포로 364 (신길동, 대하빌딩)",티업 스크린골프연습장,126.918360951993,37.5141215891197,골프장
675,서울특별시 영등포구 대림로 180 (대림동),아시아나,126.899308011933,37.4969256208488,골프장
676,"서울특별시 영등포구 당산로31길 33 (당산동3가, 당산골프클럽)",당산스크린G,126.892754590953,37.5269108490784,골프장
677,서울특별시 영등포구 영신로38길 18 (영등포동6가),아름다운 골프아카데미,126.903151372012,37.5206945382483,골프장
678,서울특별시 영등포구 선유로45길 5 (양평동4가),제이스크린,126.895419416931,37.5341717034196,골프장
679,"서울특별시 영등포구 가마산로 371 (대림동, 영강빌딩)",오렌지스크린골프,126.899048165945,37.5017805592582,골프장
680,"서울특별시 영등포구 대림로 167 (대림동, 삼전빌딩)",월드스크린골프연습장,126.899219751579,37.4957877548093,골프장
681,"서울특별시 영등포구 선유로 27 (문래동5가, 대륭오피스텔)",골프존파크문래금강스크린,126.887951634967,37.5166326206565,골프장
682,"서울특별시 영등포구 선유로 76, 동국메뜨리앙 701,702호 (문래동3가)",카카오스크린골프,126.889905898442,37.5206488765446,골프장
683,"서울특별시 영등포구 가마산로 538, 지하1층 (신길동)",서울해군호텔,126.915498823781,37.5036602653681,골프장
684,"서울특별시 영등포구 당산로49길 9, 골드라인 A동 B01호 (당산동6가)",원골프,126.901918972132,37.5356033838136,골프장
685,"서울특별시 영등포구 신길로 215, 진우빌딩 4층 (도림동)",골프존 지디알 아카데미 영등포 신길점,126.909748053975,37.5113609532519,골프장
686,"서울특별시 영등포구 여의동로 213 (여의도동, 여의도금호리첸시아)",스포짐(SPOGYM),126.939629550245,37.5185953328631,골프장
687,"서울특별시 영등포구 국회대로66길 3 (여의도동, 한섬빌딩)",현대카드 휘트니스 센터,126.918728485094,37.5295236703044,골프장
688,"서울특별시 영등포구 당산로 45 (문래동3가, 삼성골프클럽)",(주)삼성골프클럽,126.894608735855,37.518910537248,골프장
689,"서울특별시 영등포구 선유동2로 57 (양평동4가, 이레빌딩)",지엘지(GLG)24,126.896882129276,37.5338259242698,골프장
690,서울특별시 영등포구 대림로 251 (대림동),현대 골프 아카데미,126.896021583773,37.5030089776784,골프장
691,"서울특별시 영등포구 국제금융로6길 26 (여의도동, 한국노총)",헬스보이짐 여의도역점,126.92697361375,37.5219546930167,골프장
692,"서울특별시 영등포구 당산로 34, 로데오 왘 쇼핑몰 405호 (문래동3가)",로데오골프클럽,126.896493699106,37.5174631210953,골프장
693,서울특별시 영등포구 국제금융로 110 (여의도동),여의도골프존,126.933658326797,37.5184318414142,골프장
694,서울특별시 영등포구 국회대로76길 33 (여의도동),패트리어트점 골프존파크,126.924185047876,37.5295340567229,골프장
695,"서울특별시 영등포구 버드나루로 135 (당산동, 당산빌딩)",퓨어골프아카데미,126.907092518769,37.5301672344392,골프장
696,"서울특별시 영등포구 선유서로 15 (문래동5가, 명지 페르마타)",j골프아카데미,126.883786768673,37.5172062293199,골프장
697,서울특별시 영등포구 여의대방로43라길 10 (신길동),군인공제회(공우ENC 신길골프연습장),126.920157966672,37.5081547459099,골프장
698,"서울특별시 영등포구 경인로 846, 영등포 민자역사 6층 (영등포동)",에이알골프아카데미,126.907665995469,37.5156680341198,골프장
699,"서울특별시 영등포구 영등포로30길 9, 지하1층 (당산동1가)",프렌즈 스크린 당산필드점,126.899920975285,37.5197673263485,골프장
700,"서울특별시 영등포구 국제금융로 20, 율촌빌딩 지하1층 (여의도동)",여의도 PGA 2호점,126.927297465564,37.5248882861767,골프장
701,"서울특별시 동작구 보라매로5길 35, 2층 (신대방동, 파크스퀘어,보라매현대APT)",고위드 피트니스 보라매 골프,126.923508147169,37.4920901355933,골프장
702,"서울특별시 동작구 보라매로5길 43, 지층 106-2호 (신대방동, 보라매삼성쉐르빌)",카카오 스크린골프연습장,126.923417000996,37.4914310798968,골프장
703,"서울특별시 동작구 현충로 131, 블루스톤스포츠 지상 3~4층 (흑석동)",블루스톤스포츠 골프연습장,126.968162697079,37.5068632329668,골프장
704,"서울특별시 동작구 장승배기로10길 100, 107호 (상도동, 상도더샵 2차)",상도 골프존,126.943452576133,37.5028684818551,골프장
705,"서울특별시 동작구 사당로17길 52, 402-2호 (사당동, 대림상가)",대림 프라자 골프연습장,126.973152502209,37.4874248960085,골프장
706,"서울특별시 동작구 동작대로 59 (사당동, 쌍립빌딩)",업투휘트니스프리미엄이수역 주식회사,126.981487484949,37.4820109847453,골프장
707,"서울특별시 동작구 동작대로29길 69 (사당동, 금강산보석불가마사우나)",두성실내골프연습장,126.978107297965,37.4884520759924,골프장
708,"서울특별시 동작구 동작대로29길 110, 상가동 지층 전체호 (사당동, 신동아아파트)",삼성골프클럽,126.977745172841,37.489824423368,골프장
709,"서울특별시 동작구 상도로 83 (대방동, 대방빌딩)",세븐 골프연습장,126.929876950722,37.4999054539561,골프장
710,"서울특별시 동작구 여의대방로62길 1, 지하1층 (대방동)",투데이 스크린골프,126.92706302231,37.5141253009592,골프장
711,"서울특별시 동작구 여의대방로 22, 205호 (신대방동, 우성상가)",큐이디 골프아카데미 신대방점,126.911813692107,37.4910969139998,골프장
712,"서울특별시 동작구 상도로 213, 지층 (상도동)",서울숲골프존,126.942589103936,37.5055270222992,골프장
713,"서울특별시 동작구 보라매로5가길 16, 지하1층 (신대방동, 보라매아카데미타워)",스크린 파크,126.924094714271,37.4912751024086,골프장
714,"서울특별시 동작구 노량진로 4, 지하1층 (대방동)",대방스크린골프,126.926240355701,37.5124124321853,골프장
715,"서울특별시 동작구 현충로 111, 명수대상가 B동 지하1층 (흑석동)",J&J골프연습장,126.966050211003,37.5076231830183,골프장
716,"서울특별시 동작구 보라매로5길 43 (신대방동, 보라매삼성쉐르빌)",쉐르빌 스크린골프존,126.923417000996,37.4914310798968,골프장
717,"서울특별시 동작구 여의대방로 30, 에이동 B103호 (신대방동, 현대상가)",승리 스크린골프,126.911447301832,37.4946606629676,골프장
718,"서울특별시 동작구 서달로 166 (흑석동, 우리은행흑석동지점)",트윈스2 골프존,126.962881274043,37.5077644083105,골프장
719,"서울특별시 동작구 여의대방로 250, 대림아파트(상가동) 상가동 지층층 116호 (대방동)",미라주 골프연습장,126.924517791265,37.5087434455459,골프장
720,"서울특별시 동작구 동작대로29길 77, B102,B103호 (사당동)",SG골프 사당점,126.977824672416,37.4886486231978,골프장
721,"서울특별시 동작구 상도로 69, 지층 (대방동)",S 스크린골프존,126.928375974876,37.4999605059187,골프장
722,"서울특별시 동작구 사당로 244, 지층 (사당동)",프렌즈스크린 사당남성역점,126.975337502836,37.4828827584027,골프장
723,"서울특별시 동작구 보라매로3길 29, 지하1층 제9호외28개점포호 (신대방동, 해태보라매타워)",두영골프,126.924990343437,37.4912113425285,골프장
724,"서울특별시 동작구 상도로 94, 지하1층 (상도동)",수진스크린골프,126.931152504462,37.4997629442808,골프장
725,"서울특별시 동작구 만양로 12 (상도동, 은혜빌딩)",에이스골프아카데미,126.947209799148,37.5057364989239,골프장
726,"서울특별시 동작구 상도로53길 13, 상가동 B101호 (상도동, 래미안상도3차아파트)",조경희 골프,126.953007217038,37.4983366447838,골프장
727,"서울특별시 동작구 상도로 222, 재웅빌딩 5층 (상도동)",킹콩 골프연습장,126.943208937753,37.5050037477944,골프장
728,"서울특별시 동작구 여의대방로 30, A동 지하101호 (신대방동, 현대상가)",이차도 골프아카데미,126.911447301832,37.4946606629676,골프장
729,서울특별시 송파구 올림픽로 424 (방이동),올림픽골프교실,127.115517876627,37.5203396980951,골프장
730,"서울특별시 동작구 보라매로5길 15 (신대방동, 전문건설회관빌딩)",미래골프아카데미,126.924271334879,37.4921758625358,골프장
731,"서울특별시 동작구 사당로17길 8, A동 304,305호 (사당동, 대림아파트상가)",이수뜨락,126.974314762616,37.4841015150633,골프장
732,"서울특별시 관악구 쑥고개로 100, 지1층 102호 (봉천동, 생모리츠타운)",봉천스크린골프,126.947648773898,37.4789463264491,골프장
733,"서울특별시 관악구 남부순환로224길 25, B1호 (봉천동)",큐이디 골프아카데미 서울대입구역점,126.953345373244,37.4797506113066,골프장
734,"서울특별시 관악구 청림6길 3, 401호 (봉천동,대우푸르지오상가)",주식회사 관악투엑스휘트니스,126.959937748135,37.4875621618116,골프장
735,"서울특별시 관악구 관악로 217, 동진빌딩 9층 (봉천동)",JB골프,126.954677353454,37.4843787109112,골프장
736,"서울특별시 관악구 신림로 136 (신림동,지층)",P.G.A골프스쿨,126.93467873309,37.4717203471781,골프장
737,"서울특별시 관악구 남부순환로 1777-7, 지하1층 (봉천동)",아이골프존 서울대지점,126.947625231145,37.4823862782126,골프장
738,"서울특별시 관악구 남부순환로 1861, 지하1층 (봉천동)",프렌즈스크린 서울대입구역,126.9568669074,37.4800000872565,골프장
739,"서울특별시 관악구 남부순환로 1502, 지하1층 (신림동)",한마음 골프스쿨,126.917472312206,37.4820975003672,골프장
740,"서울특별시 관악구 남부순환로 1932, 지하1층 (봉천동)",챔프골프연습장,126.96355399757,37.4768194334572,골프장
741,"서울특별시 관악구 난향길 5, 지층 (신림동)",DK 골프클럽,126.918558826457,37.4627338352269,골프장
742,"서울특별시 관악구 쑥고개로 100, 지하1층 103호 (봉천동, 생모리츠타운)",청룡스크린골프,126.947648773898,37.4789463264491,골프장
743,"서울특별시 관악구 관악로15길 23-16, 한울오피스텔 지하2층 02호 (봉천동)",서울대골프연습장,126.950712442589,37.4795946588603,골프장
744,"서울특별시 관악구 관악로15길 23-16, 한울오피스텔 지하1층 (봉천동)",관악스크린골프,126.950712442589,37.4795946588603,골프장
745,"서울특별시 관악구 과천대로 939, B401호 (남현동)",사당스크린골프존파크,126.981430242321,37.4743771732195,골프장
746,"서울특별시 관악구 남부순환로 2082-37, 지하2층 (남현동)",트루골프스테이션,126.980171963751,37.4761680863379,골프장
747,"서울특별시 관악구 은천로 28, 지하1층 (봉천동)",봉일스파랜드,126.938389949449,37.4859081000629,골프장
748,"서울특별시 관악구 양녕로 29, 2층 (봉천동)",로얄스포렉스,126.946395058313,37.4846673504229,골프장
749,"서울특별시 관악구 봉천로 516, 지하1층 (봉천동)",심플앤이지골프,126.955538470679,37.479789029001,골프장
750,"서울특별시 관악구 관악로15길 23-11, 지하1층 (봉천동)",서울대스크린골프연습장,126.951181288015,37.479783254518,골프장
751,"서울특별시 관악구 양녕로 15, 월드빌딩 지하1층 (봉천동)",월드 스크린골프,126.946389964029,37.4835684782046,골프장
752,"서울특별시 관악구 관악로37길 15, 지하1층 비101호 (봉천동, 동아타운21)",블루,126.957139232908,37.4889674727778,골프장
753,"서울특별시 관악구 봉천로 391, 상가1동 지하1층 (봉천동, 두산아파트)",두산 골프 아카데미,126.943250339993,37.4834714149035,골프장
754,"서울특별시 관악구 신림로 206, 태영빌딩 4층 (신림동)",버디골프스쿨,126.937446935701,37.4756288046285,골프장
755,"서울특별시 관악구 성현로 80 (봉천동,관악드림타운아파트 주상가 3층)",오버탑GDR+골프아카데미 관악봉천점,126.952985510916,37.4898474387668,골프장
756,"서울특별시 관악구 봉천로 226, 지하1층 (신림동)",드림골프연습장,126.92657470517,37.4894284332553,골프장
757,"서울특별시 관악구 양녕로 29, 지하1층 (봉천동)",로얄스포렉스,126.946395058313,37.4846673504229,골프장
758,"서울특별시 관악구 시흥대로 578, 3층 (신림동)",디지털 연습장,126.903247316338,37.4843090452129,골프장
759,"서울특별시 관악구 남부순환로218길 37, 지층 (봉천동, 프라비다2)",(주)아이골프존 더클래식,126.950464811358,37.4796436603018,골프장
760,"서울특별시 관악구 호암로 399, 상가동 B105호 (신림동, 삼성산주공아파트)",삼성산 스크린,126.925454992929,37.4613714617228,골프장
761,"서울특별시 관악구 남부순환로 1464, 2층 (신림동, 승도빌딩)",A#스크린골프,126.913378400019,37.4812406839959,골프장
762,"서울특별시 관악구 남부순환로 1730, 청운빌딩 지하1층 (봉천동)",희망 스크린골프,126.942250799054,37.4820661680091,골프장
763,"서울특별시 관악구 문성로 95, 지하1층 (신림동)",양지골프연습장,126.914165924147,37.4777356129235,골프장
764,서울특별시 관악구 낙성대로 42 (봉천동),낙성대골프연습장,126.958024550669,37.4740892506907,골프장
765,"서울특별시 관악구 청룡1길 37 (봉천동,지층)",아이골프존,126.948352931445,37.4811979877216,골프장
766,"서울특별시 관악구 남부순환로 1878, I PLUS 오피스텔 지하1층 (봉천동)",아이골프존,126.95812127543,37.4788324701734,골프장
767,"서울특별시 관악구 남부순환로 1434, 지하1층 (신림동)",노블레스골프연습장,126.910062400938,37.4806947179323,골프장
768,서울특별시 관악구 은천로 28 (봉천동),봉일골프랜드,126.938389949449,37.4859081000629,골프장
769,"서울특별시 관악구 난곡로 270, 승지빌딩 4층 (신림동)",드림스크린골프,126.915438657711,37.4780820676797,골프장
770,"서울특별시 관악구 관악로 306, 현대상가 2층 1호 (봉천동)",현대스크린골프존,126.956728359528,37.4910650488657,골프장
771,"서울특별시 관악구 남부순환로 1862, 일송빌딩 지하1층 (봉천동)",B&B 골프 아카데미,126.956529011189,37.4795432418838,골프장
772,"서울특별시 관악구 난곡로 100, 106호 (신림동, 파로스프라자A동)",세인트 힐즈,126.919613685063,37.4645001795391,골프장
773,서울특별시 서초구 효령로40길 53 (서초동),카프 골프(Caf Golf),127.006401935073,37.4806499360301,골프장
774,"서울특별시 서초구 효령로40길 4, 세민정형외과 지하1층 (서초동)",02골프연습장&아카데미,127.005777324248,37.4827440931615,골프장
775,"서울특별시 서초구 서초대로74길 49, 아르누보씨티2 B203호,B204호호 (서초동)",지원골프아카데미,127.028138184682,37.493414584039,골프장
776,"서울특별시 서초구 명달로 114, 명달 포레스트 (서초동, 명달 포레스트)",레드힐골프,127.004589534982,37.4873726254712,골프장
777,"서울특별시 서초구 서초대로 335 (서초동,가호 (지하1층))",팜스프링,127.01808528391,37.4952764993945,골프장
778,"서울특별시 서초구 강남대로 359 (서초동,지하1층 비102호)",우정골프스포츠,127.02860980273,37.4947989581217,골프장
779,"서울특별시 서초구 효령로72길 60 (서초동,(3층))",한전아트센터스포츠클럽,127.028078834421,37.4856046634033,골프장
780,"서울특별시 서초구 효령로 22, 멤버스뷰 지층 (방배동)",캔쿤,126.987482377959,37.4773868015106,골프장
781,"서울특별시 서초구 강남대로 212 (양재동,(지하2층))",싱글골프스쿨,127.036028236967,37.4831182461864,골프장
782,"서울특별시 서초구 효령로 113 (방배동,(지하1층))",풀스윙골프크럽,126.996395147061,37.4813465344572,골프장
783,"서울특별시 서초구 서운로26길 5 (서초동,(지층))",경희골프스쿨,127.02233435726,37.5024858950541,골프장
784,"서울특별시 서초구 서초중앙로 64 (서초동,(지1층))",파워골프피디에스,127.015171372943,37.4874437310676,골프장
785,"서울특별시 서초구 동작대로 120 (방배동,(지하2층))",오른골프아카데미,126.982708256783,37.4872512547438,골프장
786,"서울특별시 서초구 나루터로 70 (잠원동,,6호 (지1층))",시드니스포츠,127.017751581004,37.5153529303454,골프장
787,"서울특별시 서초구 강남대로 617 (잠원동,(6층))",프라이어휘트니스신사점,127.018891565573,37.5168337332197,골프장
788,"서울특별시 서초구 방배로 107 (방배동,(지하1층))",대하실내골프연습장,126.995851872957,37.4836374216132,골프장
789,"서울특별시 서초구 사임당로23길 43 (서초동,(지하1층))",굿샷스크린골프,127.020704448231,37.4922189524262,골프장
790,"서울특별시 서초구 바우뫼로27길 7-11 (양재동,  대송빌딩 지하1층)",피앤비 스크린 골프 스튜디오,127.036214455749,37.4767972497134,골프장
791,서울특별시 서초구 바우뫼로 101 (양재동),하늘채골프존,127.032196060267,37.4749962132377,골프장
792,"서울특별시 서초구 서운로 3 (서초동,(지하1층))",플라이 짐,127.029508644272,37.4843352446262,골프장
793,"서울특별시 서초구 동작대로 230 (방배동,(지하1층))",안전지대 휘트니스,126.983668491403,37.4969314536823,골프장
794,"서울특별시 서초구 서초중앙로 51 (서초동,지하1층 B01,B06,B07,B08호)",고산자로,127.014995322006,37.486312988348,골프장
795,"서울특별시 서초구 방배천로 62 (방배동,(지층))",그린스크린골프연습장,126.982824659131,37.4820810148783,골프장
796,서울특별시 서초구 서초대로 31 (방배동),G·A스크린골프존,126.985805248687,37.4860895471026,골프장
797,"서울특별시 서초구 사평대로 16  (방배동,(2층))",드림300야드골프,126.986067445691,37.4983143554109,골프장
798,"서울특별시 서초구 방배로 110 (방배동,(지하1층))",하나스크린골프,126.996273694804,37.4841105552808,골프장
799,"서울특별시 서초구 나루터로 69 (잠원동, B103, B104, B105 일부)",신사샤르망스크린골프,127.017376361713,37.5157364533318,골프장
800,"서울특별시 서초구 강남대로2길 12 (양재동,(2층))",올리브 골프존,127.043062701532,37.4662852064998,골프장
801,"서울특별시 서초구 사임당로 86 (서초동,(지하1층))",스페이스,127.019479115821,37.4895276711862,골프장
802,"서울특별시 서초구 방배로 22  (방배동,,7 (지하1층))",에이스스크린골프,127.000947514414,37.4770669716532,골프장
803,"서울특별시 서초구 서운로 220 (서초동,,3,13 (2층))",W.PGA아카데미,127.021761944037,37.5027112533189,골프장
804,"서울특별시 서초구 서운로 220 (서초동, 대지프라자 지하1층)",장재식골프클럽,127.021761944037,37.5027112533189,골프장
805,"서울특별시 서초구 서초대로74길 49 (서초동, 아르누보씨티2 지하2층 201호, 202호, 205호, 206호)",지원스크린,127.028138184682,37.493414584039,골프장
806,"서울특별시 서초구 신반포로23길 78-9 (잠원동, 수푸레하우스 A.B동 지하1층)",빵빵스크린골프,127.005649370817,37.5117254254519,골프장
807,"서울특별시 서초구 서초대로41길 19, B02호 (서초동, 한국사학진흥재단)",클럽에이스골프존,127.007419406487,37.4936348447063,골프장
808,"서울특별시 서초구 강남대로 581, 8층 (잠원동, 푸른빌딩)",더프라자,127.019775743632,37.5136737682384,골프장
809,"서울특별시 서초구 방배로 269, 삼호상가 지하1층 (방배동)",SG스크린골프 방배점,126.987743441241,37.4966548872032,골프장
810,"서울특별시 서초구 서초대로 254, 오퓨런스 지하3층 (서초동)",영자피트니스 서초점(골프),127.009620980568,37.4920207116979,골프장
811,"서울특별시 서초구 반포대로 45, 명정빌딩 지하1층 (서초동)",이지골프아카데미,127.010842267696,37.4845373748015,골프장
812,"서울특별시 서초구 반포대로28길 39 (서초동,(지1층))",지앤유,127.010500042248,37.4911879257958,골프장
813,"서울특별시 서초구 동작대로 172 (방배동,,25,26 (4층))",딸기짐,126.9831199106,37.4919315087093,골프장
814,"서울특별시 서초구 서초대로48길 44 (서초동,,9 (지하1층))",포디그린서초점,127.011964443468,37.4908720735445,골프장
815,서울특별시 서초구 서초대로74길 51  (서초동),우성,127.028399942934,37.4930598849976,골프장
816,서울특별시 서초구 논현로31길 75 (양재동),양재골프클럽,127.040034467886,37.4795688736034,골프장
817,"서울특별시 서초구 주흥1길 17, 지하1층 (반포동)",유프로골프학당,127.020012632416,37.5036405895266,골프장
818,"서울특별시 서초구 서래로6길 20 (반포동,오색빌딩 지하)",서래스포츠,126.999431516712,37.4975941001785,골프장
819,서울특별시 서초구 바우뫼로12길 70 (양재동),갤럭시아골프클럽 더케이호텔점,127.033064735385,37.4682875002518,골프장
820,"서울특별시 서초구 바우뫼로7길 3 (우면동,(지하1층))",SKY골프연습장,127.025100225017,37.4705484746403,골프장
821,"서울특별시 서초구 서초중앙로6길 15 (서초동,(지하1층))",파워골프,127.016487178648,37.4864242442969,골프장
822,"서울특별시 서초구 매헌로 42 (양재동,(지하1층))",에버그린스크린골프클럽,127.03443180384,37.4647073022018,골프장
823,"서울특별시 서초구 서초중앙로 45 (서초동,(지하1층 B101,B102,B103호))",다온스크린골프,127.015448732619,37.4857832271806,골프장
824,"서울특별시 서초구 서초대로 277 (서초동,(지하1층))",4D골프아카데미,127.011892493752,37.4935137441544,골프장
825,"서울특별시 서초구 강남대로47길 11 (서초동, 덕영빌딩 지1층)",강남스토리골프존,127.031130637315,37.4885701974592,골프장
826,"서울특별시 서초구 고무래로 90-7 (서초동,3층 309호)",서초골프클럽,127.01745084134,37.4999223644377,골프장
827,"서울특별시 서초구 효령로 204 (서초동,(지하1층))",스크린씨씨,127.006590829036,37.482882175224,골프장
828,"서울특별시 서초구 방배로8길 4 (방배동,(지하1층))",오늘도 골프,126.999133741459,37.479727563019,골프장
829,"서울특별시 서초구 서초중앙로 215 (반포동,(지하1층))",한양스크린CC,127.01171031136,37.500686855813,골프장
830,"서울특별시 서초구 서초대로58길 13 (서초동,(지하1층))",위너스스크린골프,127.018028048458,37.4942702636218,골프장
831,"서울특별시 서초구 서초중앙로 58 (서초동,,4 (지하3층 B301,B302호))",J.M스크린골프,127.015593855751,37.4871437304777,골프장
832,서울특별시 서초구 잠원로 37-6 (잠원동),뉴코아,127.007978232724,37.5083720223392,골프장
833,"서울특별시 서초구 서초중앙로29길 28 (반포동,1층)",NGF,127.008705635951,37.4999733384409,골프장
834,서울특별시 서초구 동광로19길 5 (방배동),삼호골프,126.989339958986,37.4927493572046,골프장
835,서울특별시 서초구 신반포로42길 12 (반포동),태경,127.018475705532,37.5097512762222,골프장
836,"서울특별시 서초구 방배천로 36 (방배동, (지1층))",DK스크린골프,126.982680245417,37.4797737799711,골프장
837,서울특별시 서초구 동산로2길 16 (양재동),TPZ RANGE 서초,127.041631742501,37.4691376894151,골프장
838,서울특별시 서초구 사평대로 371 (반포동),에이블짐 골프아카데미 신논현역,127.023590349784,37.5045712985968,골프장
839,"서울특별시 서초구 방배로 192 (방배동, (지1층))",스타스크린골프,126.992174606863,37.4906647379692,골프장
840,서울특별시 서초구 서초대로46길 20 (서초동),선인스크린,127.010009909587,37.4915869344343,골프장
841,"서울특별시 서초구 반포대로4길 54 (서초동, 지3층층)",하일스크린골프,127.015809049625,37.4818783884938,골프장
842,"서울특별시 서초구 서초대로 344 (서초동,지하1층)",골프존25,127.01907129719,37.4950165840585,골프장
843,"서울특별시 서초구 논현로 151, 이스타빌 B101, B105호 (양재동)",샷스크린골프,127.042103382331,37.4828840475536,골프장
844,"서울특별시 서초구 마방로10길 15 (양재동,트윈타워 B동(지1층0)",(주) 더 파스칼,127.043892850214,37.4769039393292,골프장
845,"서울특별시 서초구 남부순환로339길 72 (서초동,(지1층))",시나래컴퍼니,127.021504447703,37.4862096283726,골프장
846,"서울특별시 서초구 신반포로 205 (잠원동,반포쇼핑타운 6동 지층5,6호)",로얄스크린골프,127.006460397501,37.5070244820045,골프장
847,"서울특별시 서초구 방배천로 5-1 (방배동,우성타운 9층)",우성스크린골프,126.982475800902,37.4770127866652,골프장
848,"서울특별시 서초구 남부순환로 2614 (양재동, 한솔로이젠트 B01호)",SH메디휘트니스,127.036674496114,37.4844741553292,골프장
849,서울특별시 서초구 방배중앙로 148 (방배동),SBS골프아카데미,126.98697772885,37.4921922078459,골프장
850,서울특별시 서초구 잠원로4길 34-4 (잠원동),프라자,127.010078452198,37.5119138909871,골프장
851,"서울특별시 서초구 방배로 240 (방배동,지하1층)",김소영골프스쿨,126.989707445482,37.4945376185715,골프장
852,서울특별시 서초구 잠원로12길 6 (잠원동),더존골프아카데미,127.013020285495,37.5185276018822,골프장
853,"서울특별시 서초구 마방로 40 (양재동,지하1층)",Jm골프아카데미클럽,127.042167306894,37.4759194037559,골프장
854,"서울특별시 서초구 서초대로 350 (서초동,지하1층)",최인자골프연습장,127.019836119117,37.4951967495887,골프장
855,"서울특별시 서초구 효령로36길 18 (방배동,지하1층)",KLPGA 송미영골프스쿨,127.000147544383,37.4809002294925,골프장
856,"서울특별시 서초구 사임당로 143 (서초동,지하1층)",골드골프클럽,127.025236485997,37.4918506404669,골프장
857,"서울특별시 서초구 효령로 402 (서초동,지하1층)",센츄럴골프클럽,127.027840294062,37.4881309663803,골프장
858,"서울특별시 서초구 바우뫼로37길 23-6 (양재동,지하1층)",양재스크린골프,127.039010860153,37.479837896934,골프장
859,"서울특별시 서초구 신반포로 340 (반포동,지하1층)",마이골프연습장,127.020890081267,37.5107449522232,골프장
860,"서울특별시 서초구 서초대로 118, 지하1층 (방배동)",위너골프아카데미,126.995386687937,37.4878971914119,골프장
861,"서울특별시 서초구 서운로 20 (서초동, 효봉빌딩 지하1층, 지하2층)",골프존파크 서초그린필드,127.029621265917,37.4857871914464,골프장
862,"서울특별시 서초구 바우뫼로 206 (양재동, 지상1,2층)",뉴욕골프존,127.041786208162,37.4801905039879,골프장
863,"서울특별시 서초구 사평대로 349 (반포동, 지하1층)",서초스크린,127.021292917493,37.5038111062408,골프장
864,"서울특별시 서초구 동작대로 134 (방배동, 가나안빌딩 지하2층 )",더스크린골프,126.982789345503,37.4886546765779,골프장
865,"서울특별시 서초구 사평대로18길 10 (반포동, 지하1층)",서래골프존,126.995611990694,37.4983905097385,골프장
866,"서울특별시 서초구 논현로 83 (양재동,삼호물산B/D 지하2층)",삼호,127.04437756564,37.4771788364952,골프장
867,"서울특별시 서초구 효령로 398 (서초동,지하1층)",KMP 골프아카데미,127.027394070375,37.4880141198593,골프장
868,"서울특별시 서초구 방배로 269 (방배동,삼호지하상가 지하1층)",브라보골프,126.987743441241,37.4966548872032,골프장
869,"서울특별시 서초구 서초중앙로 176 (서초동,지하3층)",신동아골프아카데미,127.013182874419,37.4975251598084,골프장
870,"서울특별시 서초구 서초대로64길 55 (서초동,지1층)",저스트골프아카데미,127.021566856304,37.4932701834634,골프장
871,"서울특별시 서초구 강남대로39길 26-1 (서초동,지1층)",거원스크린골프,127.031572174698,37.4858590371851,골프장
872,"서울특별시 서초구 명달로 30 (서초동,지1층)",모던골프,127.005837734278,37.4802754157652,골프장
873,"서울특별시 서초구 효령로77길 34 (서초동,지하2층)",비즈준골프,127.028848796506,37.4919941549832,골프장
874,"서울특별시 서초구 방배로 22 (방배동,지하1층)",에이스,127.000947514414,37.4770669716532,골프장
875,"서울특별시 서초구 남부순환로333길 32 (서초동,영일빌딩 지하)",키덜트골프클럽,127.020840077639,37.4838478440108,골프장
876,"서울특별시 서초구 서초중앙로29길 10 (반포동,백산빌딩 지하1층)",반포,127.011189730461,37.4990062595087,골프장
877,"서울특별시 서초구 서초중앙로 215 (반포동,13)",홍익골프교실,127.01171031136,37.500686855813,골프장
878,"서울특별시 서초구 논현로 79 (양재동,지하1층 138,140,141호)",윈드스톤골프,127.044786556599,37.4769176597084,골프장
879,"서울특별시 서초구 방배로 57 (방배동,대림B/D 지1층)",방배멤피스골프스쿨,126.998469520085,37.4796971021703,골프장
880,"서울특별시 서초구 효령로52길 42  (서초동,1.2층)",골프 9,127.012960082668,37.4823995184588,골프장
881,"서울특별시 서초구 방배로 36 (방배동,지층)",방배골프&스크린,127.000159183738,37.4781138583437,골프장
882,"서울특별시 서초구 고무래로 22 (반포동,쌍동빌딩 2층)",임경빈골프아카데미,127.010757906306,37.5025732021787,골프장
883,"서울특별시 서초구 효령로53길 45 (서초동, 서초이오빌 지하 비104호)",T&F클럽,127.012932415371,37.4865276721133,골프장
884,"서울특별시 서초구 효령로 394 (서초동,시범상가빌딩 지1층)",무지개,127.026893107325,37.487857639773,골프장
885,"서울특별시 서초구 사평대로28길 22 (반포동,지1층)",B.S골프아카데미,126.999977947668,37.4995102717429,골프장
886,서울특별시 서초구 신반포로33길 23 (잠원동),파스텔골프클럽(실외),127.009823997802,37.5096124766896,골프장
887,"서울특별시 서초구 서초대로30길 18-4, 2층 (방배동)",케이피지엔 뉴스,126.996102108969,37.4875421299273,골프장
888,"서울특별시 서초구 서초중앙로31길 6-3, 지하3층 (반포동)",시사매거진 골프,127.011287031477,37.5000580848817,골프장
889,서울특별시 서초구 방배로 169 (방배동),럭키버디,126.99261297523,37.4886274075649,골프장
890,"서울특별시 서초구 논현로 79 (양재동,(지1층 101~105,107~118호))",더베스트짐,127.044786556599,37.4769176597084,골프장
891,"서울특별시 서초구 신반포로 194 (반포동,서울고속버스터미날 부속상가(2층))",한경골프클럽,127.006834366246,37.5064357442307,골프장
892,"서울특별시 서초구 사임당로 32 (서초동,(지1층))",C&S휘트니스,127.01352253293,37.4878312746356,골프장
893,"서울특별시 서초구 동작대로 196 (방배동,상록빌딩 (지1층))",화인골프스쿨,126.983148482297,37.4941089768471,골프장
894,서울특별시 서초구 방배로15길 3 (방배동),T.O.P스크린골프,126.995502590698,37.4840480885519,골프장
895,서울특별시 서초구 효령로 414 (서초동),뱅뱅골프존,127.029215371947,37.4884538258785,골프장
896,"서울특별시 서초구 효령로 182 (방배동,(지1층))",이글스크린골프,127.003956756493,37.4824115157115,골프장
897,"서울특별시 서초구 효령로 229 (서초동,(지하1층))",서초조이골프클럽,127.009102887991,37.4838725773152,골프장
898,"서울특별시 서초구 사임당로 50 (서초동, 지하1층)",제이와이씨골프(JYC),127.015575237715,37.4884186592329,골프장
899,"서울특별시 서초구 바우뫼로 180 (양재동, 지하1층)",양재VISION골프존,127.03982597562,37.4782684272508,골프장
900,"서울특별시 서초구 동산로8길 70, 지층 (양재동)",이경주골프아카데미,127.04678598568,37.4692064904371,골프장
901,"서울특별시 서초구 서초중앙로24길 27, G5센트럴프라자 지하1층 B114-1호 (서초동)",라온골프아카데미,127.016402306519,37.4954109950647,골프장
902,"서울특별시 서초구 효령로 380, 해창빌딩 지하1층 (서초동)",허석호 골프아카데미,127.025691375135,37.4874974139112,골프장
903,"서울특별시 서초구 효령로72길 57, 지하1층 B101호 (서초동, 서초트라팰리스)",플레이골프,127.028483359749,37.4870103195509,골프장
904,서울특별시 서초구 강남대로 545-9 (반포동),(주)세영씨앤유 더레인지,127.020819248735,37.5102358971827,골프장
905,"서울특별시 서초구 신반포로23길 41, 상가동 2층 202호 (잠원동, 신반포2지구아파트)",르골프스튜디오,127.00446943136,37.5116583511688,골프장
906,"서울특별시 서초구 사평대로28길 31, 상가동 지하1층 (반포동, 한신서래아파트)",펀 스포츠,127.000999698637,37.4989786738327,골프장
907,"서울특별시 강남구 도곡로 111 (역삼동,미진빌딩 지층)",톰스크린골프(401),127.032652586885,37.4901179881908,골프장
908,"서울특별시 강남구 학동로 224 (논현동, 삼환아르누보3)",학동스크린골프(406),127.033499319221,37.5144831085922,골프장
909,"서울특별시 강남구 언주로 550 (역삼동,장안빌딩 3층)",장안골프(378)(스크린),127.040386400716,37.5072539982169,골프장
910,"서울특별시 강남구 삼성로 626  (삼성동,지층)",제이슨골프(379),127.052273781065,37.5156110159545,골프장
911,"서울특별시 강남구 광평로51길 22 (수서동,수서한아름(아)상가 지층)",세종스크린골프(380),127.103957177072,37.4902172303572,골프장
912,"서울특별시 강남구 선릉로119길 5 (논현동,제이케이빌딩 지층)",논현골프연구소,127.04205911456,37.5134255654787,골프장
913,"서울특별시 강남구 도산대로 430 (청담동, 서림빌딩)",더핀(381),127.042955283421,37.5232912285885,골프장
914,"서울특별시 강남구 역삼로8길 15 (역삼동,홍우빌딩 지층)",골프존파크역삼위너스크린점,127.034174004352,37.4930900713112,골프장
915,"서울특별시 강남구 테헤란로87길 35 (삼성동,지하2층)",조이앤푸드(스크린)(383),127.057717074415,37.5099628802377,골프장
916,"서울특별시 강남구 역삼로 169 (역삼동,4호 지층)",이글(스크린)(384),127.037549514899,37.4955415875703,골프장
917,"서울특별시 강남구 언주로 309  (역삼동,2,3층)",플레잇골프(375),127.045735086147,37.4950938752003,골프장
918,"서울특별시 강남구 선릉로 616 (삼성동,지층)",필스크린골프(376)[3스크린 포함],127.043640622607,37.5118815716908,골프장
919,"서울특별시 강남구 도곡로63길 12 (대치동, 신농플라자)",브라보스크린골프(386),127.054465189148,37.4978004006706,골프장
920,"서울특별시 강남구 도곡로 521, 지하1층 (대치동, 대치프라자2)",대치스크린골프(388),127.063233847146,37.5000176433904,골프장
921,서울특별시 강남구 논현로131길 30 (논현동),원스스크린골프,127.027892713329,37.5141529060873,골프장
922,"서울특별시 강남구 삼성로71길 18 (대치동,지층)",에이스타 골프 트랙맨 아카데미,127.057388920521,37.502083570441,골프장
923,"서울특별시 강남구 테헤란로70길 12  (대치동,60 오이타워 지층)",클럽300(394),127.053159553826,37.5047428849251,골프장
924,"서울특별시 강남구 삼성로 622 (삼성동, 대명빌딩)",골프존 스카이(398),127.052517618746,37.5152392437758,골프장
925,"서울특별시 강남구 논현로132길 8  (논현동,해바라기빌딩 지층)",에이원에스지(397),127.03111494058,37.5147822633394,골프장
926,"서울특별시 강남구 남부순환로 2615 (도곡동, 극동스타클래스)",P스크린골프,127.035883711966,37.4851852937745,골프장
927,"서울특별시 강남구 영동대로106길 17, 경진빌딩 지하1층 (삼성동)",비다펠리즈(VIDA FELIZ),127.06248180278,37.5137253920292,골프장
928,"서울특별시 강남구 도산대로85길 50-18, B1층 (청담동)",ARAM GOLF STUDIO,127.05169539191,37.5271919490541,골프장
929,"서울특별시 강남구 논현로128길 18, 지하1층 (논현동)",YU Golf Studio,127.032592801106,37.5136043427682,골프장
930,"서울특별시 강남구 언주로 626, 논현로얄팰리스 지하1층 1호 (논현동)",골프에비뉴,127.03607608067,37.5125390642313,골프장
931,"서울특별시 강남구 언주로85길 13, 지하1층 (역삼동, 경남아파트)",(주)유디알 지에프,127.042381786191,37.5005673881078,골프장
932,"서울특별시 강남구 도산대로 409, S&S TOWER 지하2층 (청담동)",에어골프 스튜디오 청담,127.04048543207,37.5237127790956,골프장
933,"서울특별시 강남구 논현로 628, 지하2층 (논현동)",(주)오너스스포츠,127.033082131446,37.5097962922691,골프장
934,"서울특별시 강남구 일원로 115, 삼성생명 일원역 빌딩 103-2호 (일원동)",2X 골프 아카데미,127.084459720088,37.4840224010593,골프장
935,"서울특별시 강남구 일원로 115, 삼성생명 일원역 빌딩 103-3호 (일원동)",2x 골프연습장,127.084459720088,37.4840224010593,골프장
936,서울특별시 강남구 논현로 561 (역삼동),EST Golf,127.034077257047,37.5061371187148,골프장
937,"서울특별시 강남구 도산대로 327, 지하1층 (신사동)",(주)더프라자 청담,127.037598626747,37.5231196123278,골프장
938,"서울특별시 강남구 논현로175길 18, 지하2층 (신사동)",(주)제이지에스 골프,127.027105211002,37.5259704649889,골프장
939,"서울특별시 강남구 선릉로127길 27, 지하1층 (논현동)",엑스원 골프 아카데미,127.039482037804,37.5149636577552,골프장
940,"서울특별시 강남구 선릉로155길 23, 우진빌딩 지하1층 (신사동)",주식회사 두댓,127.037747378589,37.5255757873904,골프장
941,"서울특별시 강남구 테헤란로38길 5, 스타팅빌딩 지하2층 (역삼동)",모션골프,127.041646620207,37.5016487665451,골프장
942,"서울특별시 강남구 선릉로 642, 서경빌딩 1층 (삼성동)",기어스랩,127.042828640489,37.5138905674127,골프장
943,"서울특별시 강남구 봉은사로 426, PARK L9 지하1층 (삼성동)",메타골프엔터테인먼트,127.046687183959,37.5108078512834,골프장
944,"서울특별시 강남구 학동로 224, 삼환아르누보3 203,204,206,207,208,209,210호 (논현동)",주식회사 더블지에프,127.033499319221,37.5144831085922,골프장
945,"서울특별시 강남구 학동로101길 11, 지하2층 (청담동)",더 케이 골프스튜디오 인 청담,127.057420802329,37.5212638625375,골프장
946,"서울특별시 강남구 선릉로94길 12, 세웅타워 지하2층 (삼성동)",72골프연습장,127.049557899004,37.5058068260964,골프장
947,"서울특별시 강남구 도산대로 170, 큐빅타워 지하1층 (논현동)",킹덤골프스튜디오,127.027288961536,37.5189073726619,골프장
948,"서울특별시 강남구 논현로16길 30, 2층 (개포동)",알로하골프 개포,127.048749690265,37.4770870125736,골프장
949,"서울특별시 강남구 선릉로145길 16, 동성빌딩 지하1층 (논현동)",GBL 골프연구소,127.038118183763,37.5215162917535,골프장
950,"서울특별시 강남구 도곡로 204, 동신빌딩 지하1층 (도곡동)",S&H웰빙휘트니스,127.041422427959,37.4921516958537,골프장
951,"서울특별시 강남구 영동대로 513, 코엑스 지하2층 (삼성동)",TGX GOLF ACADEMY,127.059159043842,37.5118239121138,골프장
952,"서울특별시 강남구 영동대로142길 25 (청담동, 청담아이파크)",올바디골프,127.055097277182,37.5252558695976,골프장
953,"서울특별시 강남구 테헤란로 520, 삼안빌딩 지하1층 (대치동)",브릿지골프아카데미 레인지엑스 삼성,127.061059386179,37.5078269000485,골프장
954,"서울특별시 강남구 역삼로7길 17, 네스빌 지하1층 (역삼동)",골프플래닛,127.03256826852,37.4951475238352,골프장
955,"서울특별시 강남구 선릉로63길 9, 백림빌딩 5층 (역삼동)",웰씨짐,127.05144014643,37.4971636638659,골프장
956,"서울특별시 강남구 학동로77길 27, 상가동 2층 (청담동, 대림아파트)",S.S골프클럽,127.047788927028,37.5208848658812,골프장
957,"서울특별시 강남구 테헤란로 129, 지하2층 (역삼동)",버핏그라운드 역삼별관,127.032367803374,37.4999326440603,골프장
958,"서울특별시 강남구 언주로 117, 2층 (도곡동, 우성4차아파트)",미나모토 골프 스튜디오,127.050396079152,37.4864661840624,골프장
959,"서울특별시 강남구 언주로 309, 기성빌딩 B101호 (역삼동)",히든랩 골프 연습장,127.045735086147,37.4950938752003,골프장
960,"서울특별시 강남구 삼성로 550, 코배가든 지하1층 (삼성동)",골프스타 아카데미(GOLF STAR ACADEMY),127.05479080184,37.5108510423919,골프장
961,"서울특별시 강남구 학동로97길 20, 성호빌딩 지하1층 (청담동)",청담GDR아카데미,127.055518121661,37.521146560666,골프장
962,"서울특별시 강남구 논현로 412, 프라임빌딩 지하1층 (역삼동)",원골프(HGA_CR),127.039093501609,37.4969698129663,골프장
963,"서울특별시 강남구 논현로 412, 프라임빌딩 지하1층 (역삼동)",원 골프 아카데미,127.039093501609,37.4969698129663,골프장
964,"서울특별시 강남구 봉은사로 426, PARK L9 지하2층 (삼성동)",메타아이골프,127.046687183959,37.5108078512834,골프장
965,"서울특별시 강남구 헌릉로 569, 강남리더스프라자 5층 (세곡동)",리더스VSE골프,127.101226214382,37.4657580150675,골프장
966,"서울특별시 강남구 일원로3길 20, 지하1층 (일원동)",노바골프,127.082199525416,37.4915416434134,골프장
967,"서울특별시 강남구 언주로113길 7, 논현 237 2층 (논현동)",주식회사 라이언앳,127.036784928008,37.509304600187,골프장
968,"서울특별시 강남구 언주로174길 11, 지하1층 (신사동)",G-labo Studio(지라보 스튜디오),127.034787393301,37.528530180713,골프장
969,"서울특별시 강남구 삼성로133길 15, 근정 빌딩 4,5층 (청담동)",(주)글뤽골프,127.048599264763,37.5192195718303,골프장
970,"서울특별시 강남구 언주로 639, 한솔빌딩 지하1층 (논현동)",최완욱 골프 연구소,127.03495997582,37.5136165502206,골프장
971,"서울특별시 강남구 도산대로 537, RNF537 지하1층 (청담동)",공감 골프,127.05237378213,37.5251725046295,골프장
972,"서울특별시 강남구 논현로28길 48  (도곡동,광명빌딩 지하1층)",그린(224),127.045708964975,37.4843322502528,골프장
973,"서울특별시 강남구 학동로 402 (삼성동,천마빌딩 지층)",탑스크린(334),127.04178907453,37.5169930955233,골프장
974,서울특별시 강남구 강남대로 310 (역삼동),휘슬러휘트니스(227),127.031485792815,37.4909831820412,골프장
975,"서울특별시 강남구 삼성로 547, Bk-Tower (삼성동)",삼성강남스크린골프(323),127.054373755707,37.510349645955,골프장
976,"서울특별시 강남구 논현로 626 (논현동,M빌딩 B2)",아인스 휘트니스,127.033274863786,37.5095470202593,골프장
977,"서울특별시 강남구 학동로 522 (삼성동,F2,3)",아이골프연습장(327),127.056075187118,37.5195574689849,골프장
978,"서울특별시 강남구 논현로51길 25 (도곡동,현대그린아파트 상가동 지하1층)","재형골프시스템[328,스크린1포함]",127.039533410678,37.4890474712049,골프장
979,"서울특별시 강남구 삼성로71길 18 (대치동,니츠빌딩 지하)",드림라인(329)[스크린],127.057388920521,37.502083570441,골프장
980,"서울특별시 강남구 선릉로 324 (대치동,한림빌딩 지하1층)",한티비전스크린골프(332),127.052094163626,37.4985303841214,골프장
981,"서울특별시 강남구 역삼로77길 23, 성도빌딩 지하1층 (대치동)",엠클럽골프,127.055935727133,37.503967639381,골프장
982,"서울특별시 강남구 논현로 706, 아이캐슬빌딩 B1층 (논현동)",주식회사 더프라자,127.03063850664,37.5150429581858,골프장
983,"서울특별시 강남구 언주로81길 8 (역삼동,산정빌딩 지하1층)",토마토스크린골프존,127.042879601261,37.5003535799397,골프장
984,"서울특별시 강남구 논현로 416 (역삼동,운기빌딩 지하2층)",역삼지앤에프(스크린)(333),127.038877962715,37.4974084039599,골프장
985,"서울특별시 강남구 논현로81길 11 (역삼동,지하1층)",정우스크린골프(341),127.037138263555,37.4978880288003,골프장
986,서울특별시 강남구 논현로 148 (도곡동),지프라자스크린골프(346),127.042834985331,37.483024432034,골프장
987,서울특별시 강남구 선릉로129길 24  (논현동),은성(201),127.039519039271,37.5160623292902,골프장
988,서울특별시 강남구 영동대로96길 20  (삼성동),강남(205),127.064213936954,37.5107775489412,골프장
989,서울특별시 강남구 개포로124길 27 (일원동),삼성골프장,127.083543364194,37.4932977545865,골프장
990,"서울특별시 강남구 역삼로52길 14 (역삼동, 도곡프라자)",그린 (212),127.047989898024,37.4985541072519,골프장
991,서울특별시 강남구 논현로18길 15 (개포동),리버골프(300),127.046227311836,37.47799390127,골프장
992,"서울특별시 강남구 압구정로 108 (신사동,덕산빌딩 지하1층)",에이스골프연습장(301),127.020600022676,37.5228889090644,골프장
993,"서울특별시 강남구 삼성로 336 (대치동,한림빌딩 지하1층)",로지골프(주)(304),127.059768180119,37.5016759469377,골프장
994,"서울특별시 강남구 논현로 633  (논현동,지하 1층)",프라이어휘트니스 논현점(308),127.032171833287,37.5099806189412,골프장
995,"서울특별시 강남구 선릉로12길 5  (개포동,석주빌딩 지하1층)",빅스골프아카데미 (309),127.060383349557,37.4836325160484,골프장
996,"서울특별시 강남구 광평로51길 6-11 (수서동,문암빌딩 B1)",수서스크린골프존(357),127.103229900293,37.4885065847702,골프장
997,"서울특별시 강남구 테헤란로43길 17 (역삼동,지층)",탱크(스크린골프)(359),127.043661150546,37.5044034043625,골프장
998,"서울특별시 강남구 도곡로 146  (도곡동,삼송빌딩 지층)",골프아이(360),127.036185153589,37.4905857532755,골프장
999,"서울특별시 강남구 역삼로 120, 성보역삼빌딩 지하1층 (역삼동)",피지에이골프아카데미,127.032670618986,37.4936151530608,골프장
1000,서울특별시 강남구 도곡로27길 6 (역삼동),덕산(179),127.042349360935,37.4934143089615,골프장
1001,"서울특별시 강남구 테헤란로77길 14 (삼성동,ES타워 지층)",골프사랑(스크린)(361),127.054704544806,37.5075000660049,골프장
1002,서울특별시 강남구 언주로86길 25 (역삼동),707스크린골프존(364),127.045130245839,37.5024828995605,골프장
1003,"서울특별시 강남구 역삼로 171 (역삼동, 브라운스톤역삼아파트)",한국(181),127.037881809178,37.4956539271268,골프장
1004,서울특별시 강남구 역삼로98길 28 (대치동),르카프,127.064840768329,37.5030610004045,골프장
1005,서울특별시 강남구 남부순환로370길 33 (도곡동),도곡(실외)(123),127.043227124174,37.4834738925172,골프장
1006,"서울특별시 강남구 삼성로 534  (삼성동,지하2층)",위너스빌(315),127.055536318832,37.5096776765406,골프장
1007,"서울특별시 강남구 삼성로 571 (삼성동,4,5층)",러빙유골프존(삼성점),127.053210303682,37.5123480626965,골프장
1008,"서울특별시 강남구 봉은사로37길 22 (논현동,원일빌딩 지하1층)",공브라더스골프아카데미(313),127.036345062031,37.5097590228779,골프장
1009,"서울특별시 강남구 선릉로 323, 지하1층 (역삼동)",예 골프 아카데미,127.051567399686,37.4983617666614,골프장
1010,"서울특별시 강남구 역삼로 310 (역삼동, 한솔필리아)",주식회사 7스튜디오역삼,127.048420861876,37.4992355425931,골프장
1011,"서울특별시 강남구 영동대로 223 (대치동, 수안빌)",이즈 골프존 파크,127.067906894618,37.4990969244411,골프장
1012,"서울특별시 강남구 영동대로50길 10 (대치동, 지하1층)",로얄 골프아카데미,127.070034712154,37.4985582319872,골프장
1013,"서울특별시 강남구 테헤란로 126  (역삼동,대공빌딩 지하1층)",에이스휘트니스 (310),127.032348181084,37.4990121815329,골프장
1014,"서울특별시 강남구 도곡로78길 22 (대치동,지층 101호)",삼성래미안스크린골프(424),127.0588476129,37.4966357303128,골프장
1015,"서울특별시 강남구 논현로 627 (논현동, 유현빌딩)",오너스스크린골프(425),127.032357709285,37.5095608802296,골프장
1016,"서울특별시 강남구 논현로175길 78 (신사동,지하1층)",리스(219),127.022688768959,37.5237080781961,골프장
1017,"서울특별시 강남구 도곡로77길 14  (대치동,지하1층)",4D(213),127.058617755819,37.499295885528,골프장
1018,서울특별시 강남구 선릉로 664 (삼성동),파골프연습장(256)[스크린 3실 포함],127.042316926707,37.5158910703504,골프장
1019,"서울특별시 강남구 테헤란로78길 14-13 (대치동, 포스타 빌딩)",슬림핏휘트니스(259),127.054541725583,37.5049206538821,골프장
1020,서울특별시 강남구 학동로95길 51 (청담동),청담스포피아(실외)(121),127.052760791415,37.5222806552803,골프장
1021,서울특별시 강남구 학동로 419 (청담동),두성골프연습장(204),127.045976501779,37.5183061036652,골프장
1022,서울특별시 강남구 도곡로 447  (대치동),효원골프크럽(194),127.059315262317,37.4986941157594,골프장
1023,"서울특별시 강남구 압구정로 120  (신사동,지하1층)",임진한골프(55),127.021902856932,37.5236057825746,골프장
1024,"서울특별시 강남구 영동대로 731, B3층 (청담동, 신영빌딩)",청담쎄븐골프죤,127.054788716295,37.5230059400269,골프장
1025,"서울특별시 강남구 개포로 504 (개포동, 신일빌딩)",파인스크린골프(427),127.067186912363,37.4890546234463,골프장
1026,"서울특별시 강남구 영동대로 210 (대치동, 쌍용아파트)",박종현골프아카데미(428),127.071367051995,37.4988556676427,골프장
1027,"서울특별시 강남구 선릉로 524, B201호 (삼성동,선릉대림아크로텔)",클럽케이 서울 휘트니스,127.04838618187,37.5066550675471,골프장
1028,"서울특별시 강남구 논현로 205 (도곡동, 도곡한신아파트)",SJ 골프아카데미,127.040618203989,37.487947873686,골프장
1029,"서울특별시 강남구 논현로 523 (역삼동,노바빌딩 B1)",태연스크린골프존(430),127.035476310562,37.5030731984471,골프장
1030,"서울특별시 강남구 강남대로120길 42  (논현동,지하 1층)",쵸이스골프연습장(312),127.026740290134,37.5076755814457,골프장
1031,"서울특별시 강남구 논현로 641  (논현동,B02)",도토리짐(319),127.03162940528,37.5108368999065,골프장
1032,"서울특별시 강남구 언주로 874  (신사동,지하1층)",나라(214),127.034133513054,37.5285885762172,골프장
1033,"서울특별시 강남구 선릉로 616 (삼성동,지하1층)",필라테스골프(216),127.043640622607,37.5118815716908,골프장
1034,"서울특별시 강남구 개포로 241, 지하1층 (개포동)",포이골프(158),127.048968755568,37.4791118504867,골프장
1035,"서울특별시 강남구 광평로10길 6 (일원동,한솔상가 지하1층)",한솔(191),127.076520309277,37.4826291743574,골프장
1036,"서울특별시 강남구 학동로 320 (논현동,신우빌딩 지하1층)",랜드(476)(스크린골프),127.038101795376,37.5159826957472,골프장
1037,"서울특별시 강남구 영동대로 644 (삼성동, 원일빌딩)",파크 힐(477)[스크린],127.058024979179,37.5193569550269,골프장
1038,서울특별시 강남구 도곡로 151 (역삼동),GDR골프존아카데미(542)[스크린],127.036515346351,37.4913083497671,골프장
1039,서울특별시 강남구 언주로 874 (신사동),피트니스 더원,127.034133513054,37.5285885762172,골프장
1040,"서울특별시 강남구 도산대로 415, 지하동 1층 (청담동)",아이 골프 앤 코[545],127.04092043531,37.5237788528603,골프장
1041,"서울특별시 강남구 언주로86길 11, 우정에쉐르 지하동 1층 제비101호, 제비102호호 (역삼동)",파인골프,127.044267604323,37.5019668595977,골프장
1042,서울특별시 강남구 개포로110길 43 (일원동),에스엠스크린골프,127.079681552221,37.4915621995587,골프장
1043,서울특별시 강남구 봉은사로37길 22 (논현동),원일(125),127.036345062031,37.5097590228779,골프장
1044,"서울특별시 강남구 삼성로 535 (삼성동, 삼화빌딩)",원골프 삼성점,127.054664015136,37.5096172656352,골프장
1045,서울특별시 강남구 강남대로114길 14 (논현동),다이내스티(129),127.025416941812,37.5058179110476,골프장
1046,"서울특별시 강남구 언주로 506 (역삼동, 역삼 아르누보씨티)",파인(143),127.042858395261,37.5034175478622,골프장
1047,"서울특별시 강남구 압구정로 104 (신사동, 보암빌딩)",크리스탈(144),127.020013389415,37.5225725778007,골프장
1048,서울특별시 강남구 언주로 425 (역삼동),힐링짐(523),127.043058269829,37.5011172075922,골프장
1049,서울특별시 강남구 언주로 734 (논현동),골프텍(524),127.034565098196,37.5207067527515,골프장
1050,서울특별시 강남구 학동로97길 20 (청담동),청담파크휘트니스(일반)(525),127.055518121661,37.521146560666,골프장
1051,"서울특별시 강남구 삼성로85길 38 (대치동,B2)",함스짐(HAMS GYM) 2호점,127.054274484491,37.504618129293,골프장
1052,서울특별시 강남구 논현로 317 (역삼동),로지골프[548][개방형 타석 스크린],127.039967646975,37.4935708327417,골프장
1053,"서울특별시 강남구 논현로26길 46-8, 지하1층 (도곡동)",모던골프(552),127.046110293702,37.483505959607,골프장
1054,"서울특별시 강남구 논현로86길 32, 지하1층 (역삼동)",주식회사 라자로골프,127.040054488697,37.5003393446141,골프장
1055,"서울특별시 강남구 논현로 752, 지하2층 (논현동, 구산빌딩)",골프존파크 논현 강남을지사거리점,127.028644440099,37.5191609544084,골프장
1056,"서울특별시 강남구 논현로10길 29, 5층 (개포동, 강남친환경식품유통센터)",멤버쉽 휘트니스 플레이 바이 어스,127.050395378069,37.4753216045886,골프장
1057,"서울특별시 강남구 광평로20길 27 (일원동, 대모초등학교)",대모체육클럽[실외](557),127.085993825956,37.4805984530071,골프장
1058,"서울특별시 강남구 남부순환로370길 33, 1층 (도곡동)","도곡SG스크린골프(실내, 실외)",127.043227124174,37.4834738925172,골프장
1059,"서울특별시 강남구 논현로85길 58 (역삼동, 백림빌딩)",오로스크린골프(526),127.033222585129,37.4980061455132,골프장
1060,서울특별시 강남구 논현로 34 (개포동),V6 golf(527)(스크린4실 포함),127.048787690213,37.4741511466619,골프장
1061,"서울특별시 강남구 광평로34길 30, 지하2층 (수서동)",수서그린골프[스크린룸2포함],127.094132327024,37.4821933417919,골프장
1062,"서울특별시 강남구 강남대로 342, 지하2층 (역삼동, 역삼빌딩)",공브라더스 역삼점,127.030220203473,37.4936842818278,골프장
1063,"서울특별시 강남구 개포로110길 15, 지하1층 101, 103호 (일원동, 우성7차아파트)",SG스크린골프,127.079114775367,37.4932437695434,골프장
1064,"서울특별시 강남구 봉은사로 214, 한솔빌딩 지하1층 (역삼동)",이민영골프아카데미,127.035787185493,37.5075305579448,골프장
1065,"서울특별시 강남구 논현로175길 18, 지하1층 (신사동)",JGS golf studio,127.027105211002,37.5259704649889,골프장
1066,"서울특별시 강남구 테헤란로98길 23, 신아빌딩 지하1층 (대치동)",골프72,127.063095462656,37.5069158151314,골프장
1067,"서울특별시 강남구 도곡로 516 (대치동, 삼성상가)",은마 골프존(198)[5실 5타석],127.062987853204,37.4991812807975,골프장
1068,서울특별시 강남구 테헤란로87길 36 (삼성동),제임스짐(207),127.058597240146,37.5102336492314,골프장
1069,"서울특별시 강남구 개포로110길 15  (일원동,개포우성7차 상가B01호)",PGA(209),127.079114775367,37.4932437695434,골프장
1070,"서울특별시 강남구 테헤란로 152 (역삼동, 강남파이낸스센터)",스타프로퍼티(245),127.036508620542,37.5000242405515,골프장
1071,서울특별시 강남구 개포로 239 (개포동),PGA(271),127.048801421737,37.4790998461948,골프장
1072,서울특별시 강남구 역삼로 420 (대치동),엔지에프(70),127.052884685838,37.500994284456,골프장
1073,"서울특별시 강남구 테헤란로14길 6 (역삼동, 남도빌딩)",남도(80),127.032848249971,37.4989966363357,골프장
1074,"서울특별시 강남구 언주로 615 (논현동, 강남YMCA)",YMCA(천장만 뚫려있고 벽으로 둘러싸임)(101),127.036186123171,37.5106397134921,골프장
1075,서울특별시 강남구 영동대로138길 9 (청담동),한양(124),127.056494441884,37.5229050350666,골프장
1076,서울특별시 강남구 밤고개로14길 13 (자곡동),K.스크린골프(467),127.104012030996,37.4814182091757,골프장
1077,"서울특별시 강남구 테헤란로98길 23 (대치동,신아빌딩 지하1층 101호)",골프72(스크린)(469),127.063095462656,37.5069158151314,골프장
1078,서울특별시 강남구 도산대로 410 (청담동),MK스크린골프(471),127.040482091901,37.5229744987941,골프장
1079,서울특별시 강남구 밤고개로5길 11-4 (수서동),곰스크린골프(470),127.103872324034,37.4867535618638,골프장
1080,서울특별시 강남구 역삼로 435 (대치동),아이(233),127.05455737007,37.5020185980796,골프장
1081,서울특별시 강남구 언주로148길 14 (논현동),청호(실외)(234),127.036162554013,37.5206301397046,골프장
1082,"서울특별시 강남구 삼성로 307 (대치동,지하1층)",베스트(236),127.06029257756,37.4994121734028,골프장
1083,"서울특별시 강남구 남부순환로 2912 (대치동,센트럴500소핑몰 지하1층)",그랑프리골프클럽(240)[스크린 2실 포함],127.056142941592,37.4907059879875,골프장
1084,"서울특별시 강남구 언주로172길 22 (신사동,지하1층)",압구정훼미리(241),127.035481176264,37.5274486820575,골프장
1085,"서울특별시 강남구 압구정로 310 (신사동,지하1층3호)",한양(231),127.035291971234,37.5287834827873,골프장
1086,"서울특별시 강남구 삼성로58길 11  (대치동,지하1층)",에이스골프연습장(493),127.062208936584,37.4988157949478,골프장
1087,서울특별시 강남구 삼성로145길 6 (청담동),명성(132),127.047702415746,37.5223477688999,골프장
1088,"서울특별시 강남구 봉은사로 613 (삼성동, ADT캡스 제1빌딩)",정석(153),127.062093393777,37.5148318493214,골프장
1089,"서울특별시 강남구 역삼로 204 (역삼동, 삼환 아르누보)",지에스(155),127.039951326789,37.4958371408629,골프장
1090,"서울특별시 강남구 남부순환로 2615 (도곡동, 극동스타클래스)",프라이어 휘트니스(6 스크린 포함)(495),127.035883711966,37.4851852937745,골프장
1091,"서울특별시 강남구 남부순환로 2615 (도곡동, 극동스타클래스)",피스크린골프 양재점(494),127.035883711966,37.4851852937745,골프장
1092,"서울특별시 강남구 선릉로 340 (대치동, 대치 EM 프라자)",애플짐 휘트니스(496),127.051448351881,37.5002229368483,골프장
1093,"서울특별시 강남구 도곡로78길 22 (대치동, 삼성아파트)",김프로골프스쿨,127.0588476129,37.4966357303128,골프장
1094,서울특별시 강남구 도곡로99길 16 (대치동),골프존파크 대치점(499)(스크린),127.066014410681,37.5018487681441,골프장
1095,"서울특별시 강남구 언주로 734 (논현동, 성주그룹빌딩 본관)",제스트(501),127.034565098196,37.5207067527515,골프장
1096,서울특별시 강남구 삼성로 334 (대치동),비스포레 스크린골프,127.059878211652,37.5015254232555,골프장
1097,"서울특별시 강남구 봉은사로 430 (삼성동,1,2층)",티스크린골프(418),127.047090032987,37.5109333814824,골프장
1098,"서울특별시 강남구 도산대로94길 19 (청담동,정화빌딩)",프리마스크린골프(417),127.051601502617,37.5240846140369,골프장
1099,서울특별시 강남구 도곡로 405 (대치동),제이 스크린 골프존,127.054668203745,37.4973689050395,골프장
1100,"서울특별시 강남구 삼성로 540 (삼성동,세원빌딩 지층)",더플레이어스(스크린)(354),127.055348309217,37.5100960110764,골프장
1101,"서울특별시 강남구 개포로 504 (개포동, 신일빌딩)",신일골프연습장(33),127.067186912363,37.4890546234463,골프장
1102,"서울특별시 강남구 도산대로 420 (청담동, LG청담빌딩)",효성(실외)(113),127.042195064505,37.5230539082669,골프장
1103,"서울특별시 강남구 강남대로 308 (역삼동, 랜드마크타워)",다우리(154),127.031763351903,37.4906156768866,골프장
1104,"서울특별시 강남구 역삼로8길 11  (역삼동,지층)",역삼골프아카데미(368),127.033926057624,37.4934195509752,골프장
1105,서울특별시 강남구 선릉로115길 33 (논현동),이동철골프교실(297),127.040302934137,37.5114643312901,골프장
1106,"서울특별시 강남구 학동로63길 6, 지하1층 (청담동)",조현 골프 아카데미(574)[스크린1룸],127.045050721077,37.5184455753064,골프장
1107,"서울특별시 강남구 영동대로 737, B2층 일부호 (청담동, 호텔리베라)",리베라스크린골프(577)[스크린룸2타석],127.054240091718,37.523826465874,골프장
1108,"서울특별시 강남구 선릉로 567, 지하1층 (역삼동, 대운)",에이틴 에이치(579)[스크린룸2타석],127.044074669741,37.5090872155202,골프장
1109,"서울특별시 강남구 논현로159길 9, 지하1층 (신사동)",서커스텀 골프랩(580),127.027364056869,37.5228927614286,골프장
1110,"서울특별시 강남구 도곡로 456, 지하1층 (대치동)",대치TPC골프존[스크린룸6],127.060300541507,37.498346459244,골프장
1111,"서울특별시 강남구 자곡로 120, B01호 (자곡동, 세곡드림프라자)",지 라운지(582),127.096502429368,37.4721456267663,골프장
1112,"서울특별시 강남구 남부순환로 2615, 지하2층 일부호 (도곡동, 극동스타클래스)",피트니스나인,127.035883711966,37.4851852937745,골프장
1113,"서울특별시 강남구 테헤란로20길 19 (역삼동,지하 1층)",제이원 휘트니스,127.03502680361,37.4985646987797,골프장
1114,"서울특별시 강남구 선릉로 619 (논현동,B1)",탑휘트니스(282),127.042897801711,37.5120028486667,골프장
1115,서울특별시 강남구 영동대로 329 (대치동),오케이골프아카데미(283),127.065254610282,37.5038753715443,골프장
1116,"서울특별시 강남구 강남대로78길 8 (역삼동,한국빌딩 지하2층)",OK토탈 휘트니스(285),127.030080389903,37.4946959681486,골프장
1117,"서울특별시 강남구 논현로 748 (논현동,지하 1층)",스포라이프(289)[스크린 1포함],127.028942316203,37.5186658706319,골프장
1118,서울특별시 강남구 개포로110길 15 (일원동),우성스포츠센터(295),127.079114775367,37.4932437695434,골프장
1119,"서울특별시 강남구 테헤란로6길 30, 지하1층 (역삼동)",E&J 이영수 골프 아카데미,127.031096092669,37.4966139485471,골프장
1120,"서울특별시 강남구 테헤란로 121, 지하1층층 (역삼동, 원빌딩)",싸다휘트니스,127.031062762603,37.4994161773038,골프장
1121,"서울특별시 강남구 테헤란로14길 13, 지하1층 (역삼동)",스택앤틸트 골프연습장,127.033524543049,37.4985493670374,골프장
1122,"서울특별시 강남구 압구정로29길 68 (압구정동,지하1층)",압구정골프스쿨(261),127.029186511113,37.5325363787069,골프장
1123,"서울특별시 강남구 강남대로118길 47 (논현동,지하1층)",S골프 아카데미,127.026800853841,37.5075118551227,골프장
1124,서울특별시 강남구 도곡로77길 7 (대치동),패밀리(84),127.058357948933,37.4988053262096,골프장
1125,"서울특별시 강남구 도곡로 126 (도곡동,오복빌딩 지하1층)",위너3D 골프연습장,127.03417387295,37.4900715164542,골프장
1126,"서울특별시 강남구 양재대로33길 14 (일원동,지하1층)",조인로드(268),127.083053468769,37.4906108463026,골프장
1127,"서울특별시 강남구 삼성로119길 14 (삼성동,지하1층)",상아골프아카데미(269),127.050318566945,37.5160373189863,골프장
1128,"서울특별시 강남구 개포로 310 (개포동,지상1층)",제일골프아카데미(270),127.057847776427,37.4802867173431,골프장
1129,"서울특별시 강남구 광평로10길 15 (일원동,상록수상가 지층)",상록수골프클리닉(272),127.083445404216,37.482899384108,골프장
1130,"서울특별시 강남구 테헤란로8길 7 (역삼동,B2)",원짐(ONE GYM) 휘트니스[151],127.031728667655,37.4984382283431,골프장
1131,"서울특별시 강남구 개포로82길 13-11  (개포동,지하1층)",뉴골드(97),127.06811631999,37.4887469377421,골프장
1132,"서울특별시 강남구 선릉로64길 23 (대치동,지하1층)",강금석 골프스쿨(199),127.054172994424,37.4982980707123,골프장
1133,서울특별시 강남구 영동대로 210 (대치동),"쌍용골프(140, 스크린1포함)",127.071367051995,37.4988556676427,골프장
1134,서울특별시 강남구 강남대로156길 24 (신사동),맥스Golf,127.021095142383,37.5183811939888,골프장
1135,서울특별시 강남구 도곡로 438 (대치동),이지골프,127.058425833023,37.4978295929759,골프장
1136,"서울특별시 강남구 삼성로 155 (대치동,지하2층)",투엑스 휘트니스(508),127.062951852624,37.4938813994708,골프장
1137,서울특별시 강남구 봉은사로 430 (삼성동),어틀런트골프,127.047090032987,37.5109333814824,골프장
1138,"서울특별시 강남구 도곡로 538  (대치동,지하1층)",원일골프연습장(483),127.065989484359,37.5002544522922,골프장
1139,서울특별시 강남구 언주로71길 32 (역삼동),팡팡 골프존,127.042493539832,37.4968113231592,골프장
1140,"서울특별시 강남구 학동로 402 (삼성동, 천마빌딩)",강남스크린골프(489)[스크린3포함],127.04178907453,37.5169930955233,골프장
1141,"서울특별시 강남구 개포로 615 (개포동, 석탑프라자)",피트니스 메이트,127.07558248914,37.4926580850327,골프장
1142,"서울특별시 강남구 테헤란로 425 (삼성동,신일빌딩 지하1층)",골프존아카데미(491),127.053383426803,37.5062489042304,골프장
1143,"서울특별시 강남구 삼성로 212, 편의동동 103호 (대치동, 은마상가)",대치 인,127.065915414443,37.4996157705058,골프장
1144,"서울특별시 강남구 개포로110길 15 (일원동, 우성7차아파트)",JM힐링골프(513)-[1 스크린 포함],127.079114775367,37.4932437695434,골프장
1145,"서울특별시 강남구 헌릉로745길 37 (율현동,B동 지하1층)",골프스토리,127.118640018159,37.4703141731073,골프장
1146,"서울특별시 강남구 논현로 641 (논현동, 논현동대우아이빌 힐타운)",제이앤드제이(GDR) 골프아카데미,127.03162940528,37.5108368999065,골프장
1147,"서울특별시 강남구 논현로 712 (논현동, 동호빌딩)",잼잼스크린골프(520),127.030283943136,37.5157106933972,골프장
1148,"서울특별시 강남구 삼성로 633 (삼성동, 삼광빌딩)",스토리짐(521)(스크린),127.051107823804,37.5162938562313,골프장
1149,"서울특별시 강남구 학동로43길 35, 지하1층 (논현동)",어반골프스튜디오,127.037655342874,37.518473662932,골프장
1150,"서울특별시 강남구 테헤란로26길 12, 스타빌딩 지하2층 (역삼동)",Team S 골프아카데미,127.035856382455,37.4994465349977,골프장
1151,"서울특별시 강남구 도곡로 130, 창우빌딩 (도곡동)",동경(180),127.034579660652,37.4902361025675,골프장
1152,서울특별시 강남구 봉은사로 225 (논현동),VIP 골프 스쿨,127.036739384872,37.508458300628,골프장
1153,"서울특별시 강남구 압구정로30길 23 (신사동,지하3층)",W골프(157)[스크린1 포함],127.029494234094,37.5258914152554,골프장
1154,"서울특별시 강남구 역삼로 529, 지하1층 (대치동, 금마빌딩)",2H 골프 스튜디오,127.060870238138,37.5040135837359,골프장
1155,"서울특별시 강남구 논현로28길 56, B1층 (도곡동)",골프스튜디오 두잉(572),127.046380977217,37.4846139138939,골프장
1156,"서울특별시 강남구 테헤란로8길 37 (역삼동, 한동빌딩 사옥)",애니골프강남라운지(432)[스크린],127.032452068994,37.4965676325056,골프장
1157,"서울특별시 강남구 언주로108길 6 (역삼동,3F, 4F)",스포나인스크린골프(435),127.040066520139,37.5078285878835,골프장
1158,"서울특별시 강남구 언주로 626 (논현동,논현로얄팰리스 지하 102호)",DMT골프아카데미(스크린)(437),127.03607608067,37.5125390642313,골프장
1159,"서울특별시 강남구 광평로 280 (수서동, 로즈데일오피스텔)",짐퍼스트 휘트니스 수서,127.103108072457,37.4873191631489,골프장
1160,서울특별시 강남구 선릉로92길 28 (삼성동),화끈한골프(459)(스크린),127.050930436723,37.5057713733989,골프장
1161,"서울특별시 강남구 논현로 841 (신사동, 제이비 미소빌딩)",엠휘트니스,127.027758806248,37.5239684663137,골프장
1162,"서울특별시 강남구 영동대로 302 (대치동, 국민제1빌딩)",구상스크린골프(462),127.067769302362,37.5015144023213,골프장
1163,"서울특별시 강남구 봉은사로 223 (논현동, 슈메르호텔)",헬리오스 골프(463)(1스크린 포함),127.036370411584,37.5083895780457,골프장
1164,"서울특별시 강남구 논현로67길 30 (역삼동,지하1층)",리치(251),127.037465153399,37.4937272567679,골프장
1165,"서울특별시 강남구 삼성로 336 (대치동, 한림빌딩)",골프로(232),127.059768180119,37.5016759469377,골프장
1166,"서울특별시 강남구 선릉로 667 (논현동,지층)",리츠스크린골프(405),127.04132524415,37.5162728163012,골프장
1167,"서울특별시 강남구 선릉로 555 (역삼동,선릉빌딩 지층)",에이원스크린골프(410),127.044823095968,37.5079883388025,골프장
1168,"서울특별시 강남구 삼성로81길 6 (대치동, 가야빌딩)",디온스크린골프대치(412),127.057082686166,37.5047847530549,골프장
1169,서울특별시 강남구 압구정로 113  (압구정동),유휘트니스(247),127.018445606778,37.5244043008813,골프장
1170,"서울특별시 강남구 개포로 623 (개포동, 대청타워)",대청스크린골프(510),127.079647753194,37.494341198165,골프장
1171,"서울특별시 강남구 삼성로 155 (대치동, 대치퍼스트빌딩)","투엑스 골프존(509, 스크린)",127.062951852624,37.4938813994708,골프장
1172,서울특별시 강남구 봉은사로 129-1 (논현동),페닌슐라 골프아카데미 by MK휘트니스,127.028081865499,37.5060831041135,골프장
1173,서울특별시 강남구 봉은사로 644 (삼성동),힐리언스골프인(스크린)(532),127.065696948747,37.5148700847434,골프장
1174,서울특별시 강남구 봉은사로 163 (논현동),김홍기골프아카데미(533)[스크린],127.032148755196,37.5070685777585,골프장
1175,"서울특별시 강남구 도곡로 408 (대치동, 지하1층)",(주)케이에스 스포짐컴퍼니,127.055233195315,37.4966225187716,골프장
1176,서울특별시 강남구 언주로134길 18 (논현동),GS골프클럽(536),127.037012129529,37.5165861740275,골프장
1177,"서울특별시 강남구 봉은사로 214 (역삼동, 지하2층)",렛츠겟휘트니스골프(538),127.035787185493,37.5075305579448,골프장
1178,"서울특별시 강남구 도산대로81길 5, B1층 (청담동)",이상골프아카데미,127.047811460015,37.5248191744942,골프장
1179,서울특별시 강남구 도곡로 505 (대치동),청솔(171),127.061708294936,37.4995006419713,골프장
1180,서울특별시 강남구 도곡로99길 16 (대치동),로얄골프클럽,127.066014410681,37.5018487681441,골프장
1181,서울특별시 강남구 논현로175길 40 (신사동),신현대스크린골프(450),127.025317924893,37.5250726525578,골프장
1182,"서울특별시 강남구 강남대로62길 3 (역삼동, 한진빌딩)",M스크린골프연습장(451),127.031867290489,37.4904018398072,골프장
1183,"서울특별시 강남구 테헤란로26길 12 (역삼동,지하1층)","스타휘트니스(452, 골프연습장)",127.035856382455,37.4994465349977,골프장
1184,서울특별시 강남구 삼성로 648 (삼성동),청담,127.051024607576,37.5180077808957,골프장
1185,서울특별시 강남구 논현로 305 (역삼동),우정,127.040414214829,37.4927596843185,골프장
1186,서울특별시 강남구 남부순환로378길 14 (도곡동),매봉,127.045932061447,37.4852838988764,골프장
1187,서울특별시 강남구 압구정로 330 (신사동),알에스지(스크린)(440),127.037654045502,37.5282720655424,골프장
1188,서울특별시 강남구 도곡로 218 (도곡동),그랜드 스크린 골프,127.042893878978,37.4926922256084,골프장
1189,"서울특별시 강남구 강남대로94길 94 (역삼동,삼안빌딩 지하1층)",스크린골프 스타(442),127.034833230022,37.5008249298902,골프장
1190,"서울특별시 강남구 논현로86길 25, 1층 (역삼동)",골든그립(590),127.039430843288,37.5004280332142,골프장
1191,"서울특별시 강남구 삼성로 727, 지하1층 (청담동, 보담빌딩)",비바골프,127.048927756042,37.5204243475337,골프장
1192,"서울특별시 강남구 선릉로132길 27 (청담동,지하1층)",로체(스크린)(448),127.043420666503,37.5185852105942,골프장
1193,서울특별시 강남구 도산대로37길 21 (신사동),신사골프스튜디오,127.031153770592,37.5224791634001,골프장
1194,"서울특별시 강남구 영동대로85길 20, 대치3차아이파크 오피스텔 지하1층 105호 (대치동)",고트(G.O.A.T),127.061683727526,37.5070283754714,골프장
1195,"서울특별시 강남구 삼성로 534, 싹아트센터 5층 (삼성동)",파앤슈어 골프스쿨,127.055536318832,37.5096776765406,골프장
1196,"서울특별시 강남구 강남대로118길 12, 부경빌딩 지하1층 (논현동)",제이원 골프 아카데미,127.024757288909,37.5063118920787,골프장
1197,"서울특별시 강남구 삼성로100길 23-24, 2층 (삼성동)",에이틴에이치 코엑스점,127.057184104743,37.5108254006858,골프장
1198,"서울특별시 송파구 올림픽로 74, 지하2층 (잠실동)",에이블짐 종합운동장역점,127.07883210332,37.511340114419,골프장
1199,"서울특별시 송파구 가락로 99, 지하동 1층 1호 (석촌동)",엠클럽 골프,127.106959641237,37.5011513260496,골프장
1200,"서울특별시 송파구 중대로 174 (가락동, 가락동 주상복합)",시티존스크린골프아카데미,127.125638590851,37.4975061187226,골프장
1201,"서울특별시 송파구 오금로 152, 연세빌딩 (송파동)",골프존파크 JS골프존,127.111455437422,37.5103325534361,골프장
1202,"서울특별시 송파구 석촌호수로 188, 지하2층 201호~204호 (석촌동, 신동아로쟌뷰)",골프존파크 석촌호수점,127.09803366099,37.5062374063678,골프장
1203,"서울특별시 송파구 동남로18길 40, 지하1층 (가락동)",겟인더홀,127.133993075122,37.4929745177293,골프장
1204,"서울특별시 송파구 백제고분로46길 11, 삼창빌딩 지하층 1호 (송파동)",골프라이빗 송파나루점,127.112559791935,37.5083713715131,골프장
1205,"서울특별시 송파구 강동대로9길 13, 2층 202호 (풍납동)",키즈골프 스튜디오,127.116276005605,37.5276997798608,골프장
1206,서울특별시 송파구 새말로 142 (문정동),스타골프,127.129626619435,37.4835370129283,골프장
1207,"서울특별시 송파구 올림픽로 374, 지하1층 (방이동)",골프존 평화의문 스크린골프,127.111804061575,37.5168763032023,골프장
1208,"서울특별시 송파구 송파대로 111, 하비오길 중앙로 202동 202, B01호 (문정동, 파크하비오)",파크하비오휘트니스&골프,127.124979804141,37.4796870553794,골프장
1209,서울특별시 송파구 동남로 165 (가락동),가락골프아카데미,127.128426251412,37.4929394342866,골프장
1210,서울특별시 송파구 양재대로71길 8 (방이동),프렌즈스크린 송파방이점,127.125890058433,37.5105520421649,골프장
1211,"서울특별시 송파구 양재대로62길 33, 2층 (가락동)",더 클래스 골프 스튜디오,127.119875714024,37.4970661090786,골프장
1212,"서울특별시 송파구 송파대로49길 64, 레이크캐슬 지1층 (석촌동)",프라이빗 골프아카데미,127.097906114834,37.5060001874742,골프장
1213,"서울특별시 송파구 충민로 52, 가든파이브웍스 지하1층 (문정동)",스핀골프아카데미,127.122746043108,37.4777176293094,골프장
1214,"서울특별시 송파구 송이로 157 (가락동, 가윤웨딩뷔페)",가윤스크린골프,127.125238187143,37.4931918951358,골프장
1215,"서울특별시 송파구 가락로 183, 1층 (송파동)",FEEL 스크린골프,127.114525472441,37.5051646086263,골프장
1216,"서울특별시 송파구 백제고분로17길 56, 지하1층 (잠실동)",신천 스크린골프,127.085278064092,37.5104541841728,골프장
1217,서울특별시 송파구 석촌호수로 93 (잠실동),엠파이어 휘트니스,127.089443727735,37.5099746522433,골프장
1218,서울특별시 송파구 백제고분로 139 (잠실동),Y골프아카데미,127.082658056154,37.5061140153036,골프장
1219,"서울특별시 송파구 올림픽로35길 104, B동 502호 (신천동, 장미상가)",오늘의골프 2연습장,127.099297662181,37.5198173607856,골프장
1220,서울특별시 송파구 송이로31길 6 (문정동),스카이골프,127.131996446215,37.4884155980633,골프장
1221,"서울특별시 송파구 백제고분로39길 30 (석촌동, 성화빌딩)",석촌 핑클 스크린골프장,127.103833897654,37.5068583782924,골프장
1222,"서울특별시 송파구 동남로4길 12, 지하1층 (문정동)",F.m골프아카데미,127.124095513204,37.4889495384625,골프장
1223,"서울특별시 송파구 송이로 88, 지하1층 (가락동)",B.S인토스크린골프아카데미,127.118311048913,37.4994910318586,골프장
1224,"서울특별시 송파구 올림픽로35가길 16 (신천동, 송파 FUN STADIUM)",(주)옵티멈(실내외),127.103006473255,37.5162517087896,골프장
1225,"서울특별시 송파구 백제고분로18길 25, 지층 (잠실동)",골프랜드,127.084156787858,37.502841947835,골프장
1226,"서울특별시 송파구 송파대로16길 3, 지하1층 (문정동, 에이스빌딩)",문정골프아카데미,127.123655708505,37.4846574192221,골프장
1227,서울특별시 송파구 동남로 286 (오금동),마스타골프연습장,127.13743924294,37.5009819430204,골프장
1228,"서울특별시 송파구 오금로31길 27, 지하1층 (방이동)",에이스골프연습장,127.122596508904,37.509011455707,골프장
1229,서울특별시 송파구 마천로 76 (오금동),스마트골프아카데미,127.128676868446,37.5073260571878,골프장
1230,"서울특별시 송파구 송이로 194 (문정동, 레미안빌딩)",레미안스크린골프,127.127346226095,37.49046995263,골프장
1231,"서울특별시 송파구 가락로28길 15, 지하1층 (송파동)",송파 골프연습장,127.117636554829,37.5058856889744,골프장
1232,"서울특별시 송파구 도곡로 454 (잠실동, 정도빌딩)",제이디골프,127.078548210492,37.5056240600123,골프장
1233,"서울특별시 송파구 새말로8길 14, 지하1층 (문정동)",에이원골프아카데미,127.126389567724,37.4814511720735,골프장
1234,"서울특별시 송파구 동남로 272, 지하1층 (오금동)",SBS골프아카데미,127.136430596183,37.4998697398532,골프장
1235,서울특별시 송파구 동남로18길 9 (가락동),극동골프,127.13283790488,37.494851086928,골프장
1236,서울특별시 송파구 거마로 13 (거여동),산성골프연습장,127.144673908943,37.4944793056227,골프장
1237,"서울특별시 송파구 가락로 205 (송파동, 송림빌딩)",김프로 골프존 아카데미,127.115854799861,37.5067625056488,골프장
1238,"서울특별시 송파구 오금로 526, 3층 (거여동)",JJ스크린골프존,127.147126347161,37.4927734650322,골프장
1239,"서울특별시 송파구 새말로8길 9, 지하1층 (문정동)",삼성골프스쿨,127.126710964763,37.481964853095,골프장
1240,"서울특별시 송파구 백제고분로 503, 6층 (방이동)",공원골프연습장(실외),127.114876222366,37.5153721938053,골프장
1241,"서울특별시 송파구 백제고분로 196, 지하1층 (삼전동)",로드훠(그린연습장),127.088313655428,37.5039849019726,골프장
1242,"서울특별시 송파구 마천로 251, 지하1층 (마천동)",다담 GOLF Lounge,127.145366951043,37.4990130371988,골프장
1243,서울특별시 송파구 올림픽로 240 (잠실동),롯데호텔 골프연습장,127.098141751177,37.5113096112036,골프장
1244,서울특별시 송파구 오금로31길 19 (방이동),G골프스튜디오,127.121944325111,37.5076713462663,골프장
1245,서울특별시 송파구 백제고분로11길 10 (잠실동),잠실골프연습장(실외),127.08072967017,37.5077468884913,골프장
1246,"서울특별시 송파구 송파대로28길 27, 지하1층 (가락동)",상떼스크린골프,127.120132764747,37.4948121610825,골프장
1247,"서울특별시 송파구 동남로 227, 지하1층 (가락동)",래미안스크린골프,127.132387557873,37.4974462196768,골프장
1248,"서울특별시 송파구 문정로11길 24, 지하1층 (가락동)",정광수골프연습장,127.133646040904,37.4942465913408,골프장
1249,"서울특별시 송파구 가락로 23, 지하1층 (석촌동)",하버드골프연습장,127.098960579856,37.4985806103356,골프장
1250,"서울특별시 송파구 중대로 135 (가락동, 아이티벤처타워)",SM GDR 골프연습장,127.122426977874,37.4950959654807,골프장
1251,"서울특별시 송파구 성내천로47길 23, 3층 (마천동, 경진빌딩)",JM스크린골프,127.157782567291,37.4951529662508,골프장
1252,"서울특별시 송파구 거마로 14 (거여동, 청송빌딩)",모비딕스크린골프,127.145339751174,37.4940228494892,골프장
1253,서울특별시 송파구 동남로18길 45 (가락동),A-Top골프,127.134819333753,37.4928435624626,골프장
1254,"서울특별시 송파구 석촌호수로 130, 지하1층 (삼전동)",로얄 스크린골프,127.091386305975,37.5071964496082,골프장
1255,"서울특별시 송파구 석촌호수로 92, 지하1층 (잠실동)",우주 스크린골프,127.087202272752,37.5082698257981,골프장
1256,"서울특별시 송파구 마천로7길 6, 지하1층 (오금동)",King.s 스크린골프,127.127933293693,37.5084225762185,골프장
1257,"서울특별시 송파구 오금로32길 30, 지하1층 (송파동)",위더스 스포츠,127.119025975571,37.5037526096939,골프장
1258,"서울특별시 송파구 오금로11길 7, 지하1층층 (방이동)",모비딕스크린골프(잠실),127.10796656942,37.5145543838088,골프장
1259,"서울특별시 송파구 중대로 24, 지하1층 (문정동)",메이저골프클럽,127.111059136873,37.488125746629,골프장
1260,"서울특별시 송파구 올림픽로 82, B1호 (잠실동)",스카이스크린골프,127.079687718424,37.5114116206258,골프장
1261,"서울특별시 송파구 오금로 306, 지하1층 (가락동)",주식회사 세이브피트니스 오금,127.126114097948,37.5028743435851,골프장
1262,"서울특별시 송파구 오금로32길 28, 지하1층 (송파동)",KPGA골프아카데미,127.119251232146,37.5039476303006,골프장
1263,서울특별시 송파구 가락로 236 (방이동),"골프아카데미""We""",127.11779912804,37.5091568940231,골프장
1264,서울특별시 송파구 강동대로7길 3 (풍납동),이글골프아카데미,127.115345159324,37.5271110772883,골프장
1265,"서울특별시 송파구 송파대로28길 13 (가락동, 거북이빌딩)",TK 휘트니스 앤 컴퍼니,127.119419238646,37.4942563328163,골프장
1266,"서울특별시 송파구 문정로 259, 지하1층 (오금동)",원탑스크린골프,127.142102303203,37.5013286287254,골프장
1267,"서울특별시 송파구 토성로 78 (풍납동, 정민빌딩)",짐퍼스트 휘트니스,127.118409964876,37.5280338232329,골프장
1268,"서울특별시 송파구 새말로8길 20, 지하2층 (문정동)",엔씨휘트니스&골프,127.126436746242,37.4810674722131,골프장
1269,"서울특별시 송파구 중대로 135 (가락동, 아이티벤처타워)",에스비 짐,127.122426977874,37.4950959654807,골프장
1270,"서울특별시 송파구 송이로 108 (가락동, KR 타워)",캡틴골프아카데미,127.121601593103,37.4966315018548,골프장
1271,서울특별시 송파구 송파대로45길 3-24 (석촌동),버디스크린골프,127.106012635864,37.5054855642829,골프장
1272,"서울특별시 송파구 위례성대로20길 32 (오금동, 명현빌딩)",다인골프클럽,127.126962152977,37.508796819971,골프장
1273,서울특별시 송파구 동남로20길 24 (가락동),OK 스크린골프,127.134508852862,37.4953843038463,골프장
1274,"서울특별시 송파구 백제고분로 237, 지하1층 (삼전동)",청솔골프클리닉,127.093084748534,37.503199166146,골프장
1275,서울특별시 송파구 새말로8길 14 (문정동),건영골프연습장,127.126389567724,37.4814511720735,골프장
1276,서울특별시 송파구 올림픽로 25 (잠실동),실내골프연습장,127.075940589715,37.5161987797456,골프장
1277,서울특별시 송파구 백제고분로 262 (삼전동),그린골프연습장,127.095398831219,37.5022670319477,골프장
1278,"서울특별시 송파구 오금로 204, 지하1층 (송파동)",포시즌스크린골프,127.116144982187,37.5076180849028,골프장
1279,서울특별시 송파구 오금로19길 5 (방이동),아넥스골프스쿨(실외),127.112940158573,37.5104759345265,골프장
1280,서울특별시 송파구 올림픽로 505 (풍납동),뉴원골프스쿨,127.118351594967,37.5273216401399,골프장
1281,"서울특별시 송파구 올림픽로 366, 지하2층 (방이동)",한길골프스쿨,127.110812326364,37.5165326040932,골프장
1282,"서울특별시 송파구 오금로 111 (방이동, 세기빌딩)",마크짐,127.108249353562,37.512600208515,골프장
1283,"서울특별시 송파구 송파대로30길 39, 지하1층 B01호 (가락동, 종원빌딩)",준스크린골프 아카데미,127.121148235378,37.4961401984833,골프장
1284,"서울특별시 송파구 위례성대로 48, 지하1층 (방이동)",골프존파크 방이88,127.11752964387,37.5153144419563,골프장
1285,"서울특별시 송파구 백제고분로 446, 지하1층 (방이동)",로얄스크린골프,127.112744120149,37.5104581017222,골프장
1286,"서울특별시 송파구 송파대로27길 30, 3층 (문정동)",문스크린골프존,127.11577628751,37.4909273152145,골프장
1287,"서울특별시 송파구 올림픽로35길 93, B2층 (신천동, 더샵스타리버)",큐이디골프아카데미 잠실점,127.10439265685,37.5177732771804,골프장
1288,"서울특별시 송파구 올림픽로 203, 지하1층 (잠실동)",J 스크린골프존,127.093322610898,37.5124860835366,골프장
1289,"서울특별시 송파구 송파대로 562, 지하1층 (신천동, 웰리스타워,삼성웰리스아파트)",GDR골프아카데미 잠실점,127.099502662936,37.5153235254771,골프장
1290,"서울특별시 송파구 성내천로6길 1, 지하1층 (오금동)",황제골프클럽,127.136074692605,37.5036024742717,골프장
1291,서울특별시 송파구 석촌호수로 134 (삼전동),현대골프스쿨,127.091877352413,37.5070750637579,골프장
1292,"서울특별시 송파구 위례성대로 180, 지하1층 (오금동)",코레스코골프클럽,127.130972166064,37.510129171453,골프장
1293,서울특별시 송파구 오금로 307 (오금동),한성기업(주)르네상스 휘트니스 클럽,127.126673907784,37.5034739040838,골프장
1294,"서울특별시 송파구 마천로 79, 지하1층 (오금동)",케이탑 골프연습장,127.12920802596,37.507478828335,골프장
1295,"서울특별시 송파구 양산로 14 (거여동, 세신거여종합상가)",맥스골프스쿨,127.143799126057,37.4902395160178,골프장
1296,"서울특별시 송파구 충민로 66, 가든파이브라이프 10, 11층 (문정동)",THE APPROACH,127.124961768886,37.4776148442516,골프장
1297,"서울특별시 송파구 동남로4길 10, 지하 1층 (문정동)",JD골프아카데미,127.123896900777,37.489120758088,골프장
1298,"서울특별시 송파구 송파대로 201, 송파 테라타워2 (문정동)",문정역 테라스크린골프,127.120685887596,37.4877387829749,골프장
1299,"서울특별시 송파구 법원로4길 10, 힐스테이트에코문정 (문정동)",키움골프GDR아카데미 문정점,127.122826416048,37.4826157890248,골프장
1300,"서울특별시 송파구 올림픽로35가길 9 (신천동, 잠실 푸르지오 월드마크)",행복골프훈련소 잠실점,127.103444795508,37.5174846188512,골프장
1301,"서울특별시 송파구 올림픽로4길 48, 프리마쇼핑센터 (잠실동)",제임스짐JS,127.074256049362,37.5065618089885,골프장
1302,서울특별시 송파구 위례성대로12길 17 (방이동),SJ골프 아카데미,127.122277129773,37.5120770022824,골프장
1303,"서울특별시 송파구 삼전로 100, 아카데미빌딩 204호 (삼전동)",챔피언 골프스튜디오,127.090682086454,37.5069630013895,골프장
1304,"서울특별시 송파구 올림픽로 76, J타워 지하1층 (잠실동)",에이치에이트 골프,127.079181383259,37.5115603565131,골프장
1305,"서울특별시 강동구 풍성로 111, 지하1층 (성내동)",프라이빗 스크린골프 연습장,127.124637343587,37.5322704992601,골프장
1306,"서울특별시 강동구 동남로73길 31, 지층층 (명일동)",GDR 골프장,127.154468163027,37.5526724241,골프장
1307,"서울특별시 강동구 고덕로 109, 암사종합상가 -1층 (암사동)",라인 골프,127.137534131713,37.5549629751793,골프장
1308,"서울특별시 강동구 동남로 515, 기림전자 (둔촌동)",유로스크린골프,127.144995282415,37.5207330029753,골프장
1309,"서울특별시 강동구 천중로52길 54, 태양마트 4층 (길동)",태양스크린골프,127.143063240094,37.5384763363698,골프장
1310,"서울특별시 강동구 아리수로 421, MIDC빌딩 10층 (강일동)",골프존파크 프리모,127.174071506529,37.5646301110665,골프장
1311,"서울특별시 강동구 진황도로 99, 2층 204~227호 (길동, 강동한신휴플러스주상복합)",휘트니스엠 골프아카데미 길동점,127.137473996228,37.5360846941657,골프장
1312,"서울특별시 강동구 양재대로 1706, 상가 비동 지하1층 (고덕동, 아남아파트)",구트 골프 스튜디오,127.146294328922,37.5579548375122,골프장
1313,"서울특별시 강동구 고덕로98길 85, 강일골드프라자II 5층 (상일동)",비에이치 골프 아카데미,127.179712278946,37.5545373534331,골프장
1314,"서울특별시 강동구 천호대로157길 18, 원방빌딩 (천호동)",D&J GOLF ACADEMY,127.127484882745,37.5384960736319,골프장
1315,"서울특별시 강동구 성내로 79 (성내동, 집앤사 비키아파트)",프렌즈골프스쿨,127.128731926488,37.5274627806981,골프장
1316,"서울특별시 강동구 올림픽로70길 61, 두산위브센티움 2층 201-2호 (천호동)",더 스윙블랙 천호점,127.1269894743,37.5394018417027,골프장
1317,"서울특별시 강동구 양재대로113길 51 (길동, 우성아트빌)",행복골프훈련소 길동점,127.137080842692,37.5383217930035,골프장
1318,"서울특별시 강동구 올림픽로48길 22 (성내동, 가야빌딩)",잔디골프아카데미,127.121307404282,37.5289538683713,골프장
1319,"서울특별시 강동구 성내로 36 (성내동, 예원빌딩)",포인트골프,127.124220708838,37.5290282360391,골프장
1320,서울특별시 강동구 동남로75길 13-10 (명일동),마스타골프장,127.155039194888,37.5539196467931,골프장
1321,서울특별시 강동구 양재대로 1307 (성내동),엠투어스크린골프,127.134023489042,37.5231479442323,골프장
1322,서울특별시 강동구 천중로 196 (길동),은마골프클럽,127.142026592024,37.5407486466424,골프장
1323,"서울특별시 강동구 성내로 19 (성내동, (주)서경산업개발)",스카이스크린골프스쿨,127.122830787843,37.5303607386477,골프장
1324,"서울특별시 강동구 명일로 375 (명일동, 삼익그린맨션)",그린파크 스크린 골프,127.149457646714,37.5520142970108,골프장
1325,"서울특별시 강동구 천호대로 1210 (둔촌동, 은선빌딩)",진영골프연습장,127.145659416639,37.534930341506,골프장
1326,"서울특별시 강동구 동남로 891 (명일동, 현대델리안오피스텔)",명일 골프존 파크,127.155947723578,37.5533185664951,골프장
1327,"서울특별시 강동구 성안로25길 6 (천호동, 삼성아파트)",삼성스크린골프,127.134790705052,37.5383026250169,골프장
1328,서울특별시 강동구 진황도로 156 (둔촌동),탑골프스쿨,127.141458403887,37.5320933330706,골프장
1329,"서울특별시 강동구 올림픽로 807, 지층 (암사동)",티골프,127.128338539383,37.5531248423469,골프장
1330,서울특별시 강동구 성안로3길 117 (성내동),광윤골프연습장,127.123546943564,37.5279653108526,골프장
1331,"서울특별시 강동구 상암로3길 81 (암사동, 삼성광나루아파트)",현대골프연습장,127.127700328853,37.5541589782587,골프장
1332,서울특별시 강동구 구천면로 434 (명일동),헤이골프아카데미,127.14658137515,37.5498803760623,골프장
1333,"서울특별시 강동구 동남로71길 20, 지층 (명일동, 청솔빌딩)",리틀타이거키즈골프스쿨,127.155088966059,37.5519419827342,골프장
1334,"서울특별시 강동구 아리수로 181-20, 1층 (고덕동)",고덕산장 골프연습장,127.147748578977,37.5621582460568,골프장
1335,"서울특별시 강동구 상일로 15, 1층 (상일동)",한국골프아카데미,127.172979013168,37.5484192774053,골프장
1336,"서울특별시 강동구 천중로40길 50 (길동, 민영빌딩)",백호스크린골프,127.137894824496,37.5388745095412,골프장
1337,서울특별시 강동구 양재대로 1349 (성내동),케이탑 스크린골프,127.135361421877,37.5267222236995,골프장
1338,"서울특별시 강동구 구천면로 278 (천호동, 동아하이빌아파트)",동아스크린골프,127.133881482323,37.5446471437832,골프장
1339,서울특별시 강동구 천호대로 1469-1 (상일동),21세기스크린골프,127.171296793024,37.5467125369278,골프장
1340,"서울특별시 강동구 성내로 40 (성내동, 동흔빌딩)",강동 휴 스크린골프,127.124570630027,37.5288919964952,골프장
1341,"서울특별시 강동구 상암로 11 (암사동, 선사현대아파트)",2PM스크린골프,127.125660013035,37.5534474873056,골프장
1342,"서울특별시 강동구 명일로 230 (길동, 삼보프리빌)",골프팡팡,127.146795933858,37.5391455227,골프장
1343,"서울특별시 강동구 천호대로 1152, 105동 지하1층 b01호 (둔촌동, 광남캐스빌아파트)",더블유 골프아카데미,127.139246386119,37.533401331345,골프장
1344,"서울특별시 강동구 풍성로 127 (성내동, 성내동삼성아파트)",성내스크린골프장,127.126228075467,37.5320738331874,골프장
1345,"서울특별시 강동구 동남로 900-22 (상일동, 산성골프연습장)",산성레저,127.158702358206,37.5543150929281,골프장
1346,"서울특별시 강동구 동남로71길 20-9 (명일동, 파라빌딩)",홀인원 골프연습장,127.154802832757,37.5523580783663,골프장
1347,서울특별시 강동구 구천면로 171 (천호동),천오골프장,127.123805332867,37.541925047795,골프장
1348,"서울특별시 강동구 올림픽로 664 (천호동, 대우한강베네시티)",팡야스크린골프,127.124975762766,37.540555377209,골프장
1349,서울특별시 강동구 양재대로 1621 (천호동),샷스크린골프,127.143617316818,37.5503289310934,골프장
1350,"서울특별시 강동구 구천면로 561 (상일동, 명일중앙하이츠아파트)",상일스크린골프아카데미,127.16031556576,37.5503808717011,골프장
1351,서울특별시 강동구 천호대로 1200 (둔촌동),오잘공스크린골프,127.144665419318,37.5345568374059,골프장
1352,서울특별시 강동구 구천면로 427 (명일동),한솔골프,127.146146799638,37.5505063873356,골프장
1353,서울특별시 강동구 명일로 276 (길동),삼익실내골프연습장,127.147926732577,37.5432075272103,골프장
1354,"서울특별시 강동구 강동대로 165 (성내동, 그린빌딩)",그린골프,127.125522012884,37.5256787390092,골프장
1355,"서울특별시 강동구 양재대로 1657-11 (명일동, 대은상가)",다래스크린골프존,127.1433880792,37.5534192705771,골프장
1356,서울특별시 강동구 천호대로 1237 (길동),현대골프연습장,127.148125910722,37.5367572943577,골프장
1357,서울특별시 강동구 고덕로 110 (암사동),J골프,127.137524863781,37.5545385262509,골프장
1358,"서울특별시 강동구 양재대로128길 53 (길동, 삼익파크)",삼익파크골프연습장,127.145833797865,37.5446473134441,골프장
1359,"서울특별시 강동구 고덕로 109 (암사동, 암사종합상가)",강동스크린골프,127.137534131713,37.5549629751793,골프장
1360,"서울특별시 강동구 양재대로 1661, 지하1층 (명일동)",레인지 엑스 명일,127.143944021144,37.5538571094692,골프장
1361,"서울특별시 종로구 종로 68, 대한기독교서회 지하1층 (종로2가)",종각역점 스포애니 ㈜케이디헬스케어,126.984947413985,37.5698922524631,헬스장
1362,"서울특별시 용산구 장문로 14, 우성빌딩 3층 (동빙고동)",국대교정,126.992169732044,37.5286815474116,헬스장
1363,"서울특별시 관악구 신림로64길 25, 프라임빌 지하1층 (신림동)",우리 크로스핏 신림,126.931199193107,37.4852349527554,헬스장
1364,"서울특별시 용산구 유엔빌리지길 14, 2층 (한남동)",ROHE,127.009830247058,37.533972347996,헬스장
1365,"서울특별시 마포구 토정로 295, 5층 501호 (용강동)",프라임리햅 재활PT&체형교정,126.94219626684,37.5412195915618,헬스장
1366,"서울특별시 종로구 종로 68, 대한기독교서회 지하1층 (종로2가)",종각역점 스포애니 ㈜케이디헬스케어,126.984947413985,37.5698922524631,헬스장
1367,"서울특별시 도봉구 도봉로150길 28, 5층 (방학동)",핏업(fitup)715,127.044716380663,37.6659242996967,헬스장
1368,"서울특별시 서초구 효령로55길 10, 더칸토서초 지하1층 (서초동)",페이즈짐,127.014668789154,37.4852094743801,헬스장
1369,"서울특별시 양천구 신정중앙로 93, 4층 (신정동)",핏데이 휘트니스&필라테스,126.862266700102,37.5266592044205,헬스장
1370,"서울특별시 강북구 도봉로10길 73, June27 4층 (미아동)",유포리아 피티필라테스,127.030629798177,37.6159481236658,헬스장
1371,"서울특별시 강북구 도봉로10길 73, June27 지층 1호 (미아동)",유포리아 헬스,127.030629798177,37.6159481236658,헬스장
1372,"서울특별시 강남구 삼성로95길 6, 지하1층 (삼성동)",엠카운터 피트니스,127.055045028133,37.5084917339112,헬스장
1373,"서울특별시 동작구 상도로 94, 수진세인트빌딩 5층 (상도동)",아하피트니스 (AHA FITNESS),126.931152504462,37.4997629442808,헬스장
1374,"서울특별시 서초구 서초중앙로8길 17, 지하1층 (서초동)",페이브 짐,127.01633857201,37.4867883623402,헬스장
1375,"서울특별시 구로구 공원로 83, 3층 (구로동)",허슬짐,126.887544224647,37.5036462412549,헬스장
1376,"서울특별시 양천구 오목로 185-1, 충경빌딩 지하1층 (신정동)",오피셜무브랩,126.858042278431,37.5254282096782,헬스장
1377,"서울특별시 성북구 개운사길 8, 타이거빌딩 5층 (안암동5가)",휘트니스피플 우먼 안암역점,127.029576068606,37.5869920871665,헬스장
1378,"서울특별시 구로구 디지털로31길 19, 에이스테크노타워Ⅱ 2층 201-1호 (구로동)",라인짐 운동기능센터 필라테스 PT,126.893767179903,37.4848760150666,헬스장
1379,"서울특별시 서초구 반포대로 118 (서초동, (지1층))",리스펙짐,127.008612738216,37.4906652237991,헬스장
1380,"서울특별시 구로구 경인로67길 23, 2층 213호 (신도림동, 신도림2차푸르지오)",바키GYM,126.889481191271,37.5104826397728,헬스장
1381,"서울특별시 금천구 가산디지털1로 151, 이노플렉스1차 지하1층 101호 (가산동)",에이펙스 피트니스,126.881107405152,37.4788287293681,헬스장
1382,"서울특별시 강남구 테헤란로37길 41, 1층 2호 (역삼동)",유엘 체형교정센터,127.039652861406,37.5049602876581,헬스장
1383,"서울특별시 송파구 중대로 24, 203호 (문정동, 올림픽훼밀리타운)",에이지웰,127.111059136873,37.488125746629,헬스장
1384,"서울특별시 양천구 목동서로 291, 201호 (신정동, 제이월드빌)",어썸제이 필라테스&헬스,126.869543475225,37.5216326682883,헬스장
1385,"서울특별시 서초구 서초대로 339, 성산빌딩 지하1층 (서초동)",좋아짐 서울,127.018510508506,37.4954159093898,헬스장
1386,"서울특별시 강동구 고덕비즈밸리로 26, 강동U1센터 지하층 (고덕동)",더 스탠다드짐 U1센터,127.160472742415,37.5652057425559,헬스장
1387,"서울특별시 강서구 강서로 406, 동광빌딩 지하1층 (등촌동)",에이펙스피트니스 발산역점,126.839642637658,37.561754005363,헬스장
1388,"서울특별시 강동구 올림픽로 793, 내호빌딩 2층 (암사동)",라이프체인지 그룹PT 암사점,127.127919374882,37.5520087810979,헬스장
1389,"서울특별시 강서구 강서로 404, 2층 (등촌동)",포텐테짐,126.839558118498,37.5615824310416,헬스장
1390,"서울특별시 강서구 마곡서로 133, 704동 201호 (마곡동, 마곡엠밸리7단지)",엠스타 짐,126.823838667719,37.5645561030039,헬스장
1391,"서울특별시 강남구 도산대로25길 26, 여암(如巖)빌딩 B02호 (신사동)",어웨이크짐(Awakegym),127.026977667518,37.52144070425,헬스장
1392,"서울특별시 동작구 여의대방로 250, 대림아파트(상가동) 지2층 2-1호 (대방동)",업투프리미엄대방역 사우나 휘트니스,126.924517791265,37.5087434455459,헬스장
1393,"서울특별시 양천구 오목로 300, 지하층 101-106호 (목동, 현대하이페리온2)",엘스케어,126.87002254331,37.5248304019543,헬스장
1394,"서울특별시 강남구 논현로 626 (논현동,M빌딩 B2)",아인스 휘트니스,127.033274863786,37.5095470202593,헬스장
1395,"서울특별시 송파구 법원로 127, 문정대명벨리온 지하1층 (문정동)",헬스보이짐 필라걸 문정역점,127.118783475412,37.4863159476467,헬스장
1396,"서울특별시 마포구 동교로9길 97, 2층 (망원동)",언니네 홈짐,126.907642680627,37.5576049809462,헬스장
1397,"서울특별시 서초구 효령로70길 36-27, 지오빌딩(JIO building) 지하1층 (서초동)",율짐 YULGYM,127.023845882958,37.4848054080351,헬스장
1398,"서울특별시 송파구 백제고분로 172, 제이케이빌딩 2층 (잠실동)",웨이트랩 삼전역점,127.085852293902,37.5047208554957,헬스장
1399,"서울특별시 강남구 강남대로 596, 극동빌딩 지하1층 (논현동)",헬스인,127.020354102766,37.5150205807468,헬스장
1400,"서울특별시 영등포구 여의대로 66, iM증권 지하1층 (여의도동)",짐박스피트니스 여의도점,126.923718250438,37.5245403141563,헬스장
1401,"서울특별시 양천구 오목로 316, 4층 (목동)",한스피티운동센터,126.872436524932,37.5246521127647,헬스장
1402,"서울특별시 금천구 시흥대로50길 12-6, 천지빌딩 지하1층 (시흥동)",크로스핏찬,126.902709115659,37.4510807693828,헬스장
1403,"서울특별시 강남구 논현로175길 61, 3층 (신사동)",정피티,127.024073114133,37.5241526290529,헬스장
1404,"서울특별시 강북구 삼양로27길 80, 상가동 지하3층 205호 (미아동, 두산위브트레지움아파트)",포레스트PT짐,127.016283408953,37.6194957328373,헬스장
1405,"서울특별시 강남구 역삼로63길 23, 4층 (대치동)",디프로 PT&필라테스,127.051761523113,37.502716784111,헬스장
1406,"서울특별시 송파구 오금로 194, 재영빌딩 지하1층 (송파동)",크로스핏 하운드 송파,127.115430725595,37.5081904723484,헬스장
1407,"서울특별시 강남구 테헤란로84길 14, 지하1층 (대치동)",F45 트레이닝 강남,127.058459998945,37.5062603764207,헬스장
1408,"서울특별시 송파구 마천로 35, 태웅빌딩 3층 (방이동)",얼라인 프라이빗 짐,127.124872436196,37.5093225310059,헬스장
1409,서울특별시 광진구 구의강변로 86 (구의동),웨스트짐 헬스&PT 강변역점,127.094039760254,37.5381146951572,헬스장
1410,"서울특별시 마포구 월드컵로23길 4, 두성빌딩 B1, 2~5층 (망원동)",짐박스피트니스 망원점,126.908213500768,37.5575474018678,헬스장
1411,"서울특별시 강남구 봉은사로 331, SH타워 지하2층 (논현동)",코어무브,127.042972144359,37.5102810924204,헬스장
1412,"서울특별시 구로구 도림로 73, 인성빌딩 지하1층 (구로동)",남구로역점 스포애니 (주)케이디헬스케어,126.891511081857,37.4898550054825,헬스장
1413,"서울특별시 동대문구 안암로22길 29-1, 지하1층 (제기동)",프리원핏 고려대점,127.036153174842,37.587652035103,헬스장
1414,"서울특별시 관악구 쑥고개로 52, 2층 (봉천동)",온핸드짐 PT,126.942302991996,37.4794739907696,헬스장
1415,"서울특별시 노원구 초안산로 12, 인덕대학교 연지스퀘어 B2층 (월계동)",인덕대 스포츠센터,127.054448642206,37.6302514486494,헬스장
1416,"서울특별시 송파구 삼학사로14길 15, 2층 (석촌동)",모어피티랩(MORE PT lab),127.098620216722,37.5034186644632,헬스장
1417,"서울특별시 강남구 영동대로85길 7, 2층 (대치동)",무드짐,127.063100618641,37.5071291703398,헬스장
1418,"서울특별시 강동구 고덕비즈밸리로4길 30, 에이스메디칼타워 지하1층 (고덕동)",에이스 짐커피,127.160554691151,37.5667354307517,헬스장
1419,"서울특별시 동대문구 한천로46길 64, 2층 (장안동)",PT&필라테스 in Blue,127.071979357946,37.5815348213744,헬스장
1420,"서울특별시 서초구 사임당로 151, 대한무지개종합상가 3층 1호 (서초동)",로얄핏PT,127.025692827371,37.4920676848724,헬스장
1421,"서울특별시 용산구 장문로 14, 우성빌딩 3층 (동빙고동)",국대교정,126.992169732044,37.5286815474116,헬스장
1422,"서울특별시 광진구 자양로5길 33, 지하1층 (자양동, 와이엠프라젠스파)",더바름 진 스포츠센터,127.084141036038,37.530921726612,헬스장
1423,"서울특별시 송파구 송파대로 473, 지하1층 (석촌동, 양지473)",짐모드 피트니스 석촌점,127.103914282397,37.5082243206578,헬스장
1424,"서울특별시 성동구 왕십리로 223, 지하1,2층 (행당동)",파크짐 한양대점,127.042458111531,37.5570346662306,헬스장
1425,"서울특별시 관악구 신림로64길 25, 프라임빌 지하1층 (신림동)",우리 크로스핏 신림,126.931199193107,37.4852349527554,헬스장
1426,"서울특별시 용산구 유엔빌리지길 14, 2층 (한남동)",ROHE,127.009830247058,37.533972347996,헬스장
1427,"서울특별시 관악구 관악로 186, WD세븐스 지하1층 B02호 (봉천동)",프로틴짐PT 서울대입구점,126.953377373952,37.481562282745,헬스장
1428,"서울특별시 서초구 서초중앙로 83, 서운빌딩 B1호 (서초동)",라곰트레이닝 서초 크로스핏 하이록스,127.014212401086,37.4891321589395,헬스장
1429,"서울특별시 동작구 현충로 99, 3층 (흑석동)",웰리브짐(Well Live Gym),126.964881965609,37.508157227471,헬스장
1430,"서울특별시 관악구 관악로 186, WD세븐스 지하1층 B01호 (봉천동)",프로틴짐 헬스&PT 서울대입구점,126.953377373952,37.481562282745,헬스장
1431,"서울특별시 동작구 여의대방로22길 110, 지1층 (신대방동)",프롬 베이스먼트,126.925983565896,37.4978979797354,헬스장
1432,"서울특별시 노원구 석계로 102, 주원21빌딩 6, 7층 (월계동)",그로우짐,127.060950596501,37.6232887783185,헬스장
1433,"서울특별시 양천구 오목로 39, 준우 2층 (신월동)",짐마니 양천신월점,126.841716453834,37.5221078102111,헬스장
1434,"서울특별시 서초구 서초중앙로24길 17, 베아따빌딩본관 지하1층 (서초동)",바른핏PT필라테스,127.015423378849,37.4950034213239,헬스장
1435,"서울특별시 양천구 오목로 232, 지하1층 (신정동, 보성팰리스)",엔터핏 목동점,126.863206293208,37.5257642505039,헬스장
1436,"서울특별시 노원구 상계로5길 26, 신일빌딩 B1층 (상계동)",헬시온 휘트니스,127.063254867375,37.6571079121252,헬스장
1437,"서울특별시 마포구 월드컵북로1길 50, 지하1층 일부호 (서교동)",메루치양식장,126.918890584706,37.5540898033344,헬스장
1438,"서울특별시 마포구 동교로 268, 3층 (연남동)",더벨류짐,126.925654965044,37.5632966787426,헬스장
1439,"서울특별시 종로구 수표로 96, 국일관드림펠리스 10층 (관수동)",어메이징휘트니스 헬스&PT 종로점,126.99002424417,37.5697050231621,헬스장
1440,"서울특별시 강동구 아리수로 421, MIDC빌딩 4~5층 (강일동)",팀터틀랫 서울강일점,127.174071506529,37.5646301110665,헬스장
1441,"서울특별시 강남구 압구정로75길 22, MK빌딩 지하2층 (청담동)",프라이멀 피트니스 트레이드 컴퍼니,127.047685067255,37.5270828131084,헬스장
1442,"서울특별시 강남구 압구정로36길 40, 지하1층 (신사동)",OODLE GYM(우들짐),127.031332679612,37.5258703088831,헬스장
1443,"서울특별시 성북구 월곡로 108, 우성빌딩 2층 (하월곡동)",로아짐(LOA GYM),127.041590961613,37.6016112891976,헬스장
1444,"서울특별시 강서구 공항대로 236, B1층 (마곡동)",짐퍼스트 마곡,126.833754085705,37.5585410180689,헬스장
1445,"서울특별시 양천구 오목로 313-5, 아이스빌딩 3층 (목동)",힐링인피티 목동점,126.872365023551,37.5255184387575,헬스장
1446,"서울특별시 용산구 이태원로27나길 40, 지하1층 (이태원동, 준아트빌)",에이블짐 이태원역점,126.996922527709,37.5349413830509,헬스장
1447,서울특별시 관악구 남부순환로 1926 (봉천동),휘트니스 에프엠,126.963144853114,37.4768185857401,헬스장
1448,"서울특별시 중랑구 동일로 795, B1층 (중화동)",트렌디 우먼 휘트니스 중화역점,127.079144566816,37.6013943134102,헬스장
1449,"서울특별시 강동구 아리수로93나길 54, 경서프라자 3층 307호 (강일동)",최코치 다이어트짐,127.174852988118,37.5722001938647,헬스장
1450,"서울특별시 마포구 성미산로 78, 4층 (성산동)",PLAYFIT,126.916651016723,37.560307376342,헬스장
1451,"서울특별시 동대문구 이문로 37, 3층 (회기동, 회기역 한일베라체캠퍼스)",스포벡휘트니스,127.056117386349,37.5908011291028,헬스장
1452,"서울특별시 동대문구 전농로16길 9, 3층 (전농동)",H-body 휘트니스,127.057936659679,37.578457906592,헬스장
1453,"서울특별시 동대문구 종암로 2-1, 지하1층 (제기동)",머슬허슬,127.036673189084,37.5906217259753,헬스장
1454,"서울특별시 동대문구 왕산로 117, 불로장생타워 12층 (제기동)",더블에스 휘트니스,127.036492900333,37.5784958557261,헬스장
1455,"서울특별시 동대문구 한천로 42, 지하2층 (장안동, 위더스빌)",투엑스휘트니스,127.061727185544,37.5659490042311,헬스장
1456,"서울특별시 동대문구 장한로 119, 지층 (장안동)",헬스보이짐 장안점,127.070127915974,37.5714380427267,헬스장
1457,"서울특별시 동대문구 답십리로 209, 힐스포츠파크 3층 (답십리동)",힐 휘트니스,127.063817174774,37.573320107089,헬스장
1458,"서울특별시 동대문구 장한로 40, 서흥빌딩 지하1층 (장안동)",휴맥스 휘트니스크럽,127.067008264148,37.5646952722392,헬스장
1459,"서울특별시 동대문구 무학로 100, 2층 (용두동)",골든몽키짐(GYM),127.030929418716,37.5730789536851,헬스장
1460,"서울특별시 동대문구 망우로 74, 3층 (휘경동)",태정헬스,127.061365936668,37.5895997469635,헬스장
1461,"서울특별시 동작구 신대방1가길 38, 105동 125호 (신대방동, 동작상떼빌아파트)",근핏,126.906939551385,37.487900996008,헬스장
1462,"서울특별시 관악구 남부순환로 1904, 에덴 지하1층 (봉천동)",바운드짐 낙성대역점,126.960689887727,37.477865578487,헬스장
1463,"서울특별시 동작구 동작대로35길 2, 원일빌딩 B층 1호 (사당동)",씨랩피티,126.982149927998,37.490998823457,헬스장
1464,"서울특별시 동작구 국사봉길 26, 2층 (신대방동)",해피플러스 PT센터,126.929214924309,37.4981091737714,헬스장
1465,"서울특별시 동작구 상도로 95, 2층 (상도동)",비비짐(BB짐),126.930972862982,37.5001920786883,헬스장
1466,"서울특별시 동작구 상도로 83, 대방빌딩 2층 (대방동)",어게인짐,126.929876950722,37.4999054539561,헬스장
1467,"서울특별시 동작구 여의대방로 250, 대림아파트(상가동) 지하층 116호 (대방동)",미라주 휘트니스,126.924517791265,37.5087434455459,헬스장
1468,"서울특별시 동작구 국사봉1길 32, 성대빌딩 3층 (상도동)",바디앤짐,126.930349426426,37.4988226340989,헬스장
1469,"서울특별시 동작구 만양로14가길 10, 백봉사 지하1층 (노량진동)",아이언짐2관,126.945260351819,37.512049311684,헬스장
1470,"서울특별시 동작구 상도로 399, 202호 (상도동, 삼호상가)",명문헬스클럽,126.956236455386,37.4938176249105,헬스장
1471,"서울특별시 동작구 신대방1가길 38 (신대방동, 동작상떼빌아파트)",성원상떼빌 휘트니스,126.906939551385,37.487900996008,헬스장
1472,"서울특별시 동작구 서달로 150, 지1층 (흑석동, 이랜드해가든)",해가든짐,126.962183786625,37.5066265781961,헬스장
1473,"서울특별시 동작구 여의대방로 22, 205호 (신대방동, 우성상가)",짐퍼스트 동작점,126.911813692107,37.4910969139998,헬스장
1474,"서울특별시 동작구 시흥대로 654, 4층 (신대방동)",엠에이치 토탈 휘트니스 신대방,126.907821825149,37.4899432805842,헬스장
1475,"서울특별시 동작구 상도로 174, 9층 (상도동, 동서남북빌딩)",플러스버닝 퍼스널트레이닝,126.938418532982,37.5042527924312,헬스장
1476,"서울특별시 동작구 상도로 370, 3층 (상도동)",양성주 휘트니스,126.953749557299,37.4957103235862,헬스장
1477,"서울특별시 동작구 양녕로 170 (상도동, 상도동 롯데캐슬비엔)",러너 피트니스,126.943642572569,37.4970019422426,헬스장
1478,"서울특별시 동작구 상도로 96, 2층 (상도동)",오에스짐레이디,126.931383839639,37.4999361621243,헬스장
1479,"서울특별시 동작구 만양로 84, 2층 223~227호 (노량진동, 삼익프라자)",슈트짐(SUIT GYM),126.945225673807,37.5113671453073,헬스장
1480,"서울특별시 동작구 상도로 81, B201호 (대방동, 대방동크리닉센타)",크로스핏라이크,126.929559239366,37.4999513063416,헬스장
1481,"서울특별시 동작구 흑석로 111, 지하1층 (흑석동)",본핏,126.961227428565,37.508570997158,헬스장
1482,"서울특별시 동작구 여의대방로54길 14, 지1층 (대방동, 경준빌딩)",크로스핏 포스,126.926740433755,37.5119227773861,헬스장
1483,"서울특별시 동작구 보라매로5가길 16, B101(5-1)호 (신대방동, 보라매아카데미타워)",제이디 피티샵,126.924094714271,37.4912751024086,헬스장
1484,"서울특별시 동작구 흑석한강로 2, 302호 (흑석동, 흑석한강센트레빌)",휘트니스 452,126.966516645021,37.5065990536717,헬스장
1485,"서울특별시 동작구 매봉로 182, 4층 (본동, 신양빌딩)",스마트짐 PT&필라테스,126.952398588899,37.5123982094376,헬스장
1486,서울특별시 동작구 여의대방로 134-1 (대방동),Vamos Gym,126.920710960087,37.4990283846892,헬스장
1487,"서울특별시 동작구 상도로 311, 2층 (상도1동)",더블유짐 상도점,126.950513003004,37.5003398243355,헬스장
1488,"서울특별시 마포구 토정로 295, 5층 501호 (용강동)",프라임리햅 재활PT&체형교정,126.94219626684,37.5412195915618,헬스장
1489,서울특별시 동작구 현충로 131 (흑석동),블루스톤 스포츠,126.968162697079,37.5068632329668,헬스장
1490,"서울특별시 도봉구 도봉로150길 28, 5층 (방학동)",핏업(fitup)715,127.044716380663,37.6659242996967,헬스장
1491,"서울특별시 서초구 효령로55길 10, 더칸토서초 지하1층 (서초동)",페이즈짐,127.014668789154,37.4852094743801,헬스장
1492,"서울특별시 양천구 신정중앙로 93, 4층 (신정동)",핏데이 휘트니스&필라테스,126.862266700102,37.5266592044205,헬스장
1493,"서울특별시 강북구 도봉로10길 73, June27 4층 (미아동)",유포리아 피티필라테스,127.030629798177,37.6159481236658,헬스장
1494,"서울특별시 강북구 도봉로10길 73, June27 지층 1호 (미아동)",유포리아 헬스,127.030629798177,37.6159481236658,헬스장
1495,"서울특별시 강남구 삼성로95길 6, 지하1층 (삼성동)",엠카운터 피트니스,127.055045028133,37.5084917339112,헬스장
1496,"서울특별시 동작구 상도로 94, 수진세인트빌딩 5층 (상도동)",아하피트니스 (AHA FITNESS),126.931152504462,37.4997629442808,헬스장
1497,"서울특별시 서초구 서초중앙로8길 17, 지하1층 (서초동)",페이브 짐,127.01633857201,37.4867883623402,헬스장
1498,"서울특별시 구로구 공원로 83, 3층 (구로동)",허슬짐,126.887544224647,37.5036462412549,헬스장
1499,"서울특별시 양천구 오목로 185-1, 충경빌딩 지하1층 (신정동)",오피셜무브랩,126.858042278431,37.5254282096782,헬스장
1500,"서울특별시 성북구 개운사길 8, 타이거빌딩 5층 (안암동5가)",휘트니스피플 우먼 안암역점,127.029576068606,37.5869920871665,헬스장
1501,"서울특별시 구로구 디지털로31길 19, 에이스테크노타워Ⅱ 2층 201-1호 (구로동)",라인짐 운동기능센터 필라테스 PT,126.893767179903,37.4848760150666,헬스장
1502,"서울특별시 서초구 반포대로 118 (서초동, (지1층))",리스펙짐,127.008612738216,37.4906652237991,헬스장
1503,"서울특별시 구로구 경인로67길 23, 2층 213호 (신도림동, 신도림2차푸르지오)",바키GYM,126.889481191271,37.5104826397728,헬스장
1504,"서울특별시 금천구 가산디지털1로 151, 이노플렉스1차 지하1층 101호 (가산동)",에이펙스 피트니스,126.881107405152,37.4788287293681,헬스장
1505,"서울특별시 강남구 테헤란로37길 41, 1층 2호 (역삼동)",유엘 체형교정센터,127.039652861406,37.5049602876581,헬스장
1506,"서울특별시 송파구 중대로 24, 203호 (문정동, 올림픽훼밀리타운)",에이지웰,127.111059136873,37.488125746629,헬스장
1507,"서울특별시 양천구 목동서로 291, 201호 (신정동, 제이월드빌)",어썸제이 필라테스&헬스,126.869543475225,37.5216326682883,헬스장
1508,"서울특별시 서초구 서초대로 339, 성산빌딩 지하1층 (서초동)",좋아짐 서울,127.018510508506,37.4954159093898,헬스장
1509,"서울특별시 강동구 고덕비즈밸리로 26, 강동U1센터 지하층 (고덕동)",더 스탠다드짐 U1센터,127.160472742415,37.5652057425559,헬스장
1510,"서울특별시 강서구 강서로 406, 동광빌딩 지하1층 (등촌동)",에이펙스피트니스 발산역점,126.839642637658,37.561754005363,헬스장
1511,"서울특별시 강동구 올림픽로 793, 내호빌딩 2층 (암사동)",라이프체인지 그룹PT 암사점,127.127919374882,37.5520087810979,헬스장
1512,"서울특별시 강서구 강서로 404, 2층 (등촌동)",포텐테짐,126.839558118498,37.5615824310416,헬스장
1513,"서울특별시 강서구 마곡서로 133, 704동 201호 (마곡동, 마곡엠밸리7단지)",엠스타 짐,126.823838667719,37.5645561030039,헬스장
1514,"서울특별시 강남구 도산대로25길 26, 여암(如巖)빌딩 B02호 (신사동)",어웨이크짐(Awakegym),127.026977667518,37.52144070425,헬스장
1515,"서울특별시 동작구 여의대방로 250, 대림아파트(상가동) 지2층 2-1호 (대방동)",업투프리미엄대방역 사우나 휘트니스,126.924517791265,37.5087434455459,헬스장
1516,"서울특별시 양천구 오목로 300, 지하층 101-106호 (목동, 현대하이페리온2)",엘스케어,126.87002254331,37.5248304019543,헬스장
1517,"서울특별시 강남구 논현로 626 (논현동,M빌딩 B2)",아인스 휘트니스,127.033274863786,37.5095470202593,헬스장
1518,"서울특별시 송파구 법원로 127, 문정대명벨리온 지하1층 (문정동)",헬스보이짐 필라걸 문정역점,127.118783475412,37.4863159476467,헬스장
1519,"서울특별시 마포구 동교로9길 97, 2층 (망원동)",언니네 홈짐,126.907642680627,37.5576049809462,헬스장
1520,"서울특별시 서초구 효령로70길 36-27, 지오빌딩(JIO building) 지하1층 (서초동)",율짐 YULGYM,127.023845882958,37.4848054080351,헬스장
1521,"서울특별시 송파구 백제고분로 172, 제이케이빌딩 2층 (잠실동)",웨이트랩 삼전역점,127.085852293902,37.5047208554957,헬스장
1522,"서울특별시 강남구 강남대로 596, 극동빌딩 지하1층 (논현동)",헬스인,127.020354102766,37.5150205807468,헬스장
1523,"서울특별시 영등포구 여의대로 66, iM증권 지하1층 (여의도동)",짐박스피트니스 여의도점,126.923718250438,37.5245403141563,헬스장
1524,"서울특별시 양천구 오목로 316, 4층 (목동)",한스피티운동센터,126.872436524932,37.5246521127647,헬스장
1525,"서울특별시 금천구 시흥대로50길 12-6, 천지빌딩 지하1층 (시흥동)",크로스핏찬,126.902709115659,37.4510807693828,헬스장
1526,"서울특별시 강남구 논현로175길 61, 3층 (신사동)",정피티,127.024073114133,37.5241526290529,헬스장
1527,"서울특별시 강북구 삼양로27길 80, 상가동 지하3층 205호 (미아동, 두산위브트레지움아파트)",포레스트PT짐,127.016283408953,37.6194957328373,헬스장
1528,"서울특별시 강남구 역삼로63길 23, 4층 (대치동)",디프로 PT&필라테스,127.051761523113,37.502716784111,헬스장
1529,"서울특별시 송파구 오금로 194, 재영빌딩 지하1층 (송파동)",크로스핏 하운드 송파,127.115430725595,37.5081904723484,헬스장
1530,"서울특별시 강남구 테헤란로84길 14, 지하1층 (대치동)",F45 트레이닝 강남,127.058459998945,37.5062603764207,헬스장
1531,"서울특별시 송파구 마천로 35, 태웅빌딩 3층 (방이동)",얼라인 프라이빗 짐,127.124872436196,37.5093225310059,헬스장
1532,서울특별시 광진구 구의강변로 86 (구의동),웨스트짐 헬스&PT 강변역점,127.094039760254,37.5381146951572,헬스장
1533,"서울특별시 마포구 월드컵로23길 4, 두성빌딩 B1, 2~5층 (망원동)",짐박스피트니스 망원점,126.908213500768,37.5575474018678,헬스장
1534,"서울특별시 강남구 봉은사로 331, SH타워 지하2층 (논현동)",코어무브,127.042972144359,37.5102810924204,헬스장
1535,"서울특별시 구로구 도림로 73, 인성빌딩 지하1층 (구로동)",남구로역점 스포애니 (주)케이디헬스케어,126.891511081857,37.4898550054825,헬스장
1536,"서울특별시 동대문구 안암로22길 29-1, 지하1층 (제기동)",프리원핏 고려대점,127.036153174842,37.587652035103,헬스장
1537,"서울특별시 관악구 쑥고개로 52, 2층 (봉천동)",온핸드짐 PT,126.942302991996,37.4794739907696,헬스장
1538,"서울특별시 노원구 초안산로 12, 인덕대학교 연지스퀘어 B2층 (월계동)",인덕대 스포츠센터,127.054448642206,37.6302514486494,헬스장
1539,"서울특별시 송파구 삼학사로14길 15, 2층 (석촌동)",모어피티랩(MORE PT lab),127.098620216722,37.5034186644632,헬스장
1540,"서울특별시 종로구 새문안로 82, 에스타워 지하1층 (신문로1가)",스포애니 광화문역점,126.973931516577,37.5697946482449,헬스장
1541,"서울특별시 종로구 성균관로 40, 새주빌딩 지하1층 (명륜1가)",어메이징휘트니스 혜화점,126.996918713685,37.5863624443977,헬스장
1542,"서울특별시 종로구 자하문로 48-1, 3층 (창성동, 창성동복합건축물)",STANDARD TRAINING,126.971475467723,37.5803278787193,헬스장
1543,"서울특별시 종로구 통일로16길 5, 지하2층 (무악동)",더 루트짐,126.957136465023,37.5758496566811,헬스장
1544,"서울특별시 종로구 사직로8길 20, 103호 (내수동, 경희궁 파크팰리스)",레하 필라테스&PT,126.970592334119,37.5739303322063,헬스장
1545,"서울특별시 종로구 사직로8길 20, B1층 109호 (내수동, 경희궁 파크팰리스)",한상현GYM,126.970592334119,37.5739303322063,헬스장
1546,"서울특별시 종로구 우정국로 26, 센트로폴리스 빌딩 3층 (공평동)",센트로폴리스 피트니스,126.983530268891,37.5716808092144,헬스장
1547,"서울특별시 종로구 새문안로5길 5, 6층 (당주동)",YFL,126.974722104845,37.5706989690118,헬스장
1548,"서울특별시 종로구 통일로 246-10, 무악현대아파트 지하1층 (무악동)",독립문체육관,126.959103079359,37.5743447023263,헬스장
1549,"서울특별시 종로구 율곡로 194, 현대그룹빌딩 서관 15층 (연지동)",현대그룹 H Gym,127.000722917059,37.5753172899943,헬스장
1550,"서울특별시 종로구 지봉로 19, 시즌 13층 (창신동)",스파렉스,127.01520169992,37.5717392736923,헬스장
1551,서울특별시 종로구 혜화로 4 (혜화동),바디팩토리,127.000750195556,37.5862486868243,헬스장
1552,"서울특별시 종로구 사직로8길 4, 301동 지하2층 (사직동, 광화문풍림스페이스본)",스페이스본 휘트니스센터,126.968429762772,37.5746716527447,헬스장
1553,서울특별시 종로구 숭인동길 21 (숭인동),에이치짐 신설동역점,127.020959405051,37.5757847596495,헬스장
1554,"서울특별시 종로구 자하문로 18-1, 지하1층 (통의동)",711GYM,126.972328763113,37.5778156600465,헬스장
1555,"서울특별시 종로구 청계천로 35, 지하2층 (서린동, 관정빌딩)",스포짐,126.981377714314,37.5693392529284,헬스장
1556,"서울특별시 종로구 평창문화로 98, 3층 (평창동, 행운빌딩)",워너짐 NO.1,126.971914635058,37.6070850067118,헬스장
1557,"서울특별시 종로구 사직로8길 20, 107호 (내수동, 파크팰리스)",바디밸런스,126.970592334119,37.5739303322063,헬스장
1558,서울특별시 종로구 삼청로 135 (삼청동),디앤브이 피트니스,126.981537924469,37.5875169245032,헬스장
1559,"서울특별시 종로구 지봉로 81, 지하1층 (창신동, 브라운스톤 창신)",에이블짐창신역점,127.015049677272,37.5773757358987,헬스장
1560,"서울특별시 종로구 대학로 103, 2층 (연건동, 학생관5)",필웨이,127.001141181595,37.5812861026278,헬스장
1561,"서울특별시 종로구 종로 120, 지하1층 (종로3가, 동영타워)",원알엠피트니스,126.99091787405,37.5700680162517,헬스장
1562,"서울특별시 종로구 평창문화로 75, B동 3층 301호 (평창동, 글로리아타운)",PT.ROOT,126.96900620111,37.606862635259,헬스장
1563,"서울특별시 종로구 사직로8길 20, 112호 (내수동, 경희궁 파크팰리스)",몬스터짐 광화문본점,126.970592334119,37.5739303322063,헬스장
1564,서울특별시 종로구 진흥로22길 8-1 (구기동),피티루트,126.958299873257,37.6066807617539,헬스장
1565,"서울특별시 종로구 평창문화로 75, 글로리아타운 2층 203~204호 (평창동)",로얄EMS.PT,126.96900620111,37.606862635259,헬스장
1566,"서울특별시 종로구 새문안로3길 30, 대우빌딩 114호 (내수동)",RUN 광화문,126.973281404951,37.5727371532245,헬스장
1567,"서울특별시 강남구 영동대로85길 7, 2층 (대치동)",무드짐,127.063100618641,37.5071291703398,헬스장
1568,"서울특별시 종로구 난계로 257, 숭인한성아펠시티 지하층 b02, b03호 (숭인동)",내몸을 차짐,127.02291940911,37.5746367985617,헬스장
1569,"서울특별시 종로구 창경궁로 273, 2층후면일부 및 3층 (혜화동)",바디채널 혜화점,127.000590551814,37.585795938765,헬스장
1570,"서울특별시 종로구 종로 60-1, 5층 (종로2가)",무브먼트하우스,126.984167036879,37.5699362991594,헬스장
1571,"서울특별시 종로구 새문안로 89, 정우빌딩 지하1층 (신문로1가)",크로스핏엠비션 광화문역점,126.974513333988,37.5704743059958,헬스장
1572,서울특별시 종로구 진흥로 480 (신영동),MAX체력단련장,126.960276209248,37.6058401893334,헬스장
1573,"서울특별시 종로구 창신길 24, 2층 (창신동)",박영길 휘트니스,127.010847233509,37.5727576082323,헬스장
1574,서울특별시 종로구 새문안로 38 (신문로2가),푸쉬앤풀휘트니스,126.969759157355,37.5683682782819,헬스장
1575,서울특별시 종로구 수표로26길 12 (낙원동),파고다,126.989746603651,37.5719878511303,헬스장
1576,"서울특별시 종로구 난계로 251, 지하1층 (숭인동)",제이휘트니스,127.02280794747,37.5740345051674,헬스장
1577,"서울특별시 종로구 대학로 144, 3층 (혜화동)",슈퍼스타 휘트니스,127.002064503637,37.5839815923013,헬스장
1578,서울특별시 종로구 율곡로 202-7 (연건동),제일메가스포,127.001415728576,37.5756642567309,헬스장
1579,서울특별시 종로구 성균관로 12 (명륜2가),AB휘트니스클럽,126.998153324962,37.583982677102,헬스장
1580,"서울특별시 종로구 청계천로 67, 지하2층 (관철동, 종로1번가빌딩)",주식회사 빌드업피트니스 PT 종각역점,126.98510847461,37.5688363061533,헬스장
1581,"서울특별시 종로구 사직로8길 34, B2층 (내수동)",주-스포짐,126.9724255294,37.5735877659071,헬스장
1582,"서울특별시 종로구 종로 19, 4층 415~416호 (종로1가, 르메이에르종로타운)",다함PT,126.979923668151,37.5708444878121,헬스장
1583,"서울특별시 종로구 사직로 119, 목천빌딩 7층 (내자동)",홍핏(HONG FIT),126.971897907053,37.5762814352495,헬스장
1584,"서울특별시 종로구 삼청로 54, 3층 (소격동)",Wellness K(웰니스 케이),126.98057390782,37.5807206678387,헬스장
1585,서울특별시 종로구 통일로 158 (교남동),짐피닉스,126.964530666652,37.5683628588391,헬스장
1586,"서울특별시 종로구 종로 19, 르메이에르종로타운1 321호 (종로1가)",이브핏(광화문점),126.979923668151,37.5708444878121,헬스장
1587,"서울특별시 종로구 삼일대로15길 6, 2층 (관철동)",관철동헬스클럽,126.987174468926,37.568926738333,헬스장
1588,"서울특별시 종로구 평창문화로 6-3, 고석빌딩 1층 (신영동)","바름체형교정재활&키성장운동센터 디스크,무릎통증전문 종로점",126.962576171288,37.6034039431237,헬스장
1589,"서울특별시 종로구 새문안로5가길 11, 옥빌딩 202호 (내수동)",베이지피트니스 PT&필라테스 광화문점,126.97382543007,37.5730941591968,헬스장
1590,"서울특별시 종로구 종로 347, 지하119~129호 (숭인동, 롯데캐슬 천지인)",스포애니 동묘앞역점 (주)케이디헬스케어,127.016000015149,37.5740562569508,헬스장
1591,"서울특별시 종로구 창경궁로 240-7, 인설빌딩 3층 (명륜4가)",듀얼핏,126.999038358936,37.5824080214652,헬스장
1592,"서울특별시 종로구 경희궁길 36, 104호 (신문로2가)",COGIT(코지트),126.970063182815,37.5729199136655,헬스장
1593,"서울특별시 종로구 새문안로3길 30, 대우빌딩 지하1층 123호 (내수동)",베럴짐,126.973281404951,37.5727371532245,헬스장
1594,"서울특별시 종로구 종로 19, 르메이에르종로타운1 지하3층 (종로1가)",자마이카 피트니스,126.979923668151,37.5708444878121,헬스장
1595,"서울특별시 종로구 율곡로17길 8, 풍임빌딩 2층 (이화동)",필라테스.피티.시도하다,127.005130781518,37.5762323208582,헬스장
1596,"서울특별시 종로구 삼봉로 95, 종로1가 대성 스카이렉스 지하1층 비101-112호 (견지동)",(주)케이에스스포짐,126.982568392463,37.5723111874784,헬스장
1597,"서울특별시 종로구 지봉로 87, 지하1층 101호 (창신동, 창신이수아파트)",클래식바디짐,127.014558601401,37.5780295588982,헬스장
1598,"서울특별시 종로구 경희궁길 7, 지하1층 (신문로2가)",셀렉트짐 PT & 헬스 광화문점,126.971861809171,37.5708273444448,헬스장
1599,"서울특별시 종로구 새문안로5가길 28, 광화문 플래티넘 101호 (적선동)",F45광화문 지점,126.973597076089,37.574460196686,헬스장
1600,서울특별시 종로구 창덕궁길 19 (원서동),(주)타이거알유(계동지점),126.988565668857,37.5782329869496,헬스장
1601,"서울특별시 종로구 종로 344, 지하1층 (숭인동, 종로대우디오빌)",JOE GYM,127.016083157911,37.5727228633137,헬스장
1602,"서울특별시 종로구 자하문로 273-1, 지하1층 (부암동)",피티루트(부암동점),126.961826851706,37.5978062985163,헬스장
1603,"서울특별시 종로구 새문안로 89, 정우빌딩 8층 (신문로1가)",일레븐 PT&필라테스,126.974513333988,37.5704743059958,헬스장
1604,"서울특별시 종로구 삼일대로 469, 서원빌딩 B2층 (경운동)",아크로짐 안국역점 헬스&PT,126.986008212044,37.5763035025319,헬스장
1605,"서울특별시 종로구 종로 33, 그랑서울 7층 (청진동)",자강,126.981437983842,37.5709617749066,헬스장
1606,"서울특별시 종로구 경희궁1길 8, 1층 (신문로2가)",피머짐,126.971395521897,37.5712027671998,헬스장
1607,"서울특별시 종로구 지봉로 50, 필빌딩 지하1층 (숭인동)",온리스웻짐,127.015957779142,37.5745312671013,헬스장
1608,"서울특별시 종로구 경교장1길 15, 3층 (교남동)",더타임,126.96469010595,37.5684676924234,헬스장
1609,"서울특별시 종로구 경희궁2길 6, 지하1층 (내수동)",MCT GYM,126.971009866729,37.5726431840843,헬스장
1610,"서울특별시 종로구 창경궁로34길 26, 정화빌딩 4층 (명륜2가)",DK퍼스널트레이닝,127.001072386062,37.5839104270141,헬스장
1611,"서울특별시 종로구 평창11길 3, 쇼핑센타뉴본 3층 (평창동)",애플 피트니스,126.966631697827,37.6060241573589,헬스장
1612,"서울특별시 종로구 종로 305-2, 대산 빌딩 4층 (창신동)",짱핏,127.011755798062,37.572196381546,헬스장
1613,"서울특별시 종로구 세종대로 159, 11층 (세종로)",Dooice Gym,126.976341183145,37.5706048802754,헬스장
1614,"서울특별시 종로구 사직로 113, 사학회관 지하2층 (내자동)",종로청운스포렉스 피트니스센터,126.971323265597,37.5763166160376,헬스장
1615,"서울특별시 강동구 고덕비즈밸리로4길 30, 에이스메디칼타워 지하1층 (고덕동)",에이스 짐커피,127.160554691151,37.5667354307517,헬스장
1616,"서울특별시 동대문구 한천로46길 64, 2층 (장안동)",PT&필라테스 in Blue,127.071979357946,37.5815348213744,헬스장
1617,"서울특별시 서초구 사임당로 151, 대한무지개종합상가 3층 1호 (서초동)",로얄핏PT,127.025692827371,37.4920676848724,헬스장
1618,"서울특별시 광진구 자양로5길 33, 지하1층 (자양동, 와이엠프라젠스파)",더바름 진 스포츠센터,127.084141036038,37.530921726612,헬스장
1619,"서울특별시 송파구 송파대로 473, 지하1층 (석촌동, 양지473)",짐모드 피트니스 석촌점,127.103914282397,37.5082243206578,헬스장
1620,"서울특별시 성동구 왕십리로 223, 지하1,2층 (행당동)",파크짐 한양대점,127.042458111531,37.5570346662306,헬스장
1621,"서울특별시 관악구 관악로 186, WD세븐스 지하1층 B02호 (봉천동)",프로틴짐PT 서울대입구점,126.953377373952,37.481562282745,헬스장
1622,"서울특별시 서초구 서초중앙로 83, 서운빌딩 B1호 (서초동)",라곰트레이닝 서초 크로스핏 하이록스,127.014212401086,37.4891321589395,헬스장
1623,"서울특별시 동작구 현충로 99, 3층 (흑석동)",웰리브짐(Well Live Gym),126.964881965609,37.508157227471,헬스장
1624,"서울특별시 관악구 관악로 186, WD세븐스 지하1층 B01호 (봉천동)",프로틴짐 헬스&PT 서울대입구점,126.953377373952,37.481562282745,헬스장
1625,"서울특별시 동작구 여의대방로22길 110, 지1층 (신대방동)",프롬 베이스먼트,126.925983565896,37.4978979797354,헬스장
1626,"서울특별시 노원구 석계로 102, 주원21빌딩 6, 7층 (월계동)",그로우짐,127.060950596501,37.6232887783185,헬스장
1627,"서울특별시 양천구 오목로 39, 준우 2층 (신월동)",짐마니 양천신월점,126.841716453834,37.5221078102111,헬스장
1628,"서울특별시 서초구 서초중앙로24길 17, 베아따빌딩본관 지하1층 (서초동)",바른핏PT필라테스,127.015423378849,37.4950034213239,헬스장
1629,"서울특별시 양천구 오목로 232, 지하1층 (신정동, 보성팰리스)",엔터핏 목동점,126.863206293208,37.5257642505039,헬스장
1630,"서울특별시 노원구 상계로5길 26, 신일빌딩 B1층 (상계동)",헬시온 휘트니스,127.063254867375,37.6571079121252,헬스장
1631,"서울특별시 마포구 월드컵북로1길 50, 지하1층 일부호 (서교동)",메루치양식장,126.918890584706,37.5540898033344,헬스장
1632,"서울특별시 마포구 동교로 268, 3층 (연남동)",더벨류짐,126.925654965044,37.5632966787426,헬스장
1633,"서울특별시 종로구 수표로 96, 국일관드림펠리스 10층 (관수동)",어메이징휘트니스 헬스&PT 종로점,126.99002424417,37.5697050231621,헬스장
1634,"서울특별시 강동구 아리수로 421, MIDC빌딩 4~5층 (강일동)",팀터틀랫 서울강일점,127.174071506529,37.5646301110665,헬스장
1635,"서울특별시 강남구 압구정로75길 22, MK빌딩 지하2층 (청담동)",프라이멀 피트니스 트레이드 컴퍼니,127.047685067255,37.5270828131084,헬스장
1636,"서울특별시 강남구 압구정로36길 40, 지하1층 (신사동)",OODLE GYM(우들짐),127.031332679612,37.5258703088831,헬스장
1637,"서울특별시 성북구 월곡로 108, 우성빌딩 2층 (하월곡동)",로아짐(LOA GYM),127.041590961613,37.6016112891976,헬스장
1638,"서울특별시 강서구 공항대로 236, B1층 (마곡동)",짐퍼스트 마곡,126.833754085705,37.5585410180689,헬스장
1639,"서울특별시 양천구 오목로 313-5, 아이스빌딩 3층 (목동)",힐링인피티 목동점,126.872365023551,37.5255184387575,헬스장
1640,"서울특별시 용산구 이태원로27나길 40, 지하1층 (이태원동, 준아트빌)",에이블짐 이태원역점,126.996922527709,37.5349413830509,헬스장
1641,서울특별시 관악구 남부순환로 1926 (봉천동),휘트니스 에프엠,126.963144853114,37.4768185857401,헬스장
1642,"서울특별시 중랑구 동일로 795, B1층 (중화동)",트렌디 우먼 휘트니스 중화역점,127.079144566816,37.6013943134102,헬스장
1643,"서울특별시 강동구 아리수로93나길 54, 경서프라자 3층 307호 (강일동)",최코치 다이어트짐,127.174852988118,37.5722001938647,헬스장
1644,"서울특별시 마포구 성미산로 78, 4층 (성산동)",PLAYFIT,126.916651016723,37.560307376342,헬스장
1645,"서울특별시 동대문구 이문로 37, 3층 (회기동, 회기역 한일베라체캠퍼스)",스포벡휘트니스,127.056117386349,37.5908011291028,헬스장
1646,"서울특별시 동대문구 전농로16길 9, 3층 (전농동)",H-body 휘트니스,127.057936659679,37.578457906592,헬스장
1647,"서울특별시 동대문구 종암로 2-1, 지하1층 (제기동)",머슬허슬,127.036673189084,37.5906217259753,헬스장
1648,"서울특별시 동대문구 왕산로 117, 불로장생타워 12층 (제기동)",더블에스 휘트니스,127.036492900333,37.5784958557261,헬스장
1649,"서울특별시 동대문구 한천로 42, 지하2층 (장안동, 위더스빌)",투엑스휘트니스,127.061727185544,37.5659490042311,헬스장
1650,"서울특별시 동대문구 장한로 119, 지층 (장안동)",헬스보이짐 장안점,127.070127915974,37.5714380427267,헬스장
1651,"서울특별시 동대문구 답십리로 209, 힐스포츠파크 3층 (답십리동)",힐 휘트니스,127.063817174774,37.573320107089,헬스장
1652,"서울특별시 동대문구 장한로 40, 서흥빌딩 지하1층 (장안동)",휴맥스 휘트니스크럽,127.067008264148,37.5646952722392,헬스장
1653,"서울특별시 동대문구 무학로 100, 2층 (용두동)",골든몽키짐(GYM),127.030929418716,37.5730789536851,헬스장
1654,"서울특별시 동대문구 망우로 74, 3층 (휘경동)",태정헬스,127.061365936668,37.5895997469635,헬스장
1655,"서울특별시 동작구 신대방1가길 38, 105동 125호 (신대방동, 동작상떼빌아파트)",근핏,126.906939551385,37.487900996008,헬스장
1656,"서울특별시 관악구 남부순환로 1904, 에덴 지하1층 (봉천동)",바운드짐 낙성대역점,126.960689887727,37.477865578487,헬스장
1657,"서울특별시 동작구 동작대로35길 2, 원일빌딩 B층 1호 (사당동)",씨랩피티,126.982149927998,37.490998823457,헬스장
1658,"서울특별시 동작구 국사봉길 26, 2층 (신대방동)",해피플러스 PT센터,126.929214924309,37.4981091737714,헬스장
1659,"서울특별시 동작구 상도로 95, 2층 (상도동)",비비짐(BB짐),126.930972862982,37.5001920786883,헬스장
1660,"서울특별시 동작구 상도로 83, 대방빌딩 2층 (대방동)",어게인짐,126.929876950722,37.4999054539561,헬스장
1661,"서울특별시 동작구 여의대방로 250, 대림아파트(상가동) 지하층 116호 (대방동)",미라주 휘트니스,126.924517791265,37.5087434455459,헬스장
1662,"서울특별시 동작구 국사봉1길 32, 성대빌딩 3층 (상도동)",바디앤짐,126.930349426426,37.4988226340989,헬스장
1663,"서울특별시 동작구 만양로14가길 10, 백봉사 지하1층 (노량진동)",아이언짐2관,126.945260351819,37.512049311684,헬스장
1664,"서울특별시 동작구 상도로 399, 202호 (상도동, 삼호상가)",명문헬스클럽,126.956236455386,37.4938176249105,헬스장
1665,"서울특별시 동작구 신대방1가길 38 (신대방동, 동작상떼빌아파트)",성원상떼빌 휘트니스,126.906939551385,37.487900996008,헬스장
1666,"서울특별시 동작구 서달로 150, 지1층 (흑석동, 이랜드해가든)",해가든짐,126.962183786625,37.5066265781961,헬스장
1667,"서울특별시 동작구 여의대방로 22, 205호 (신대방동, 우성상가)",짐퍼스트 동작점,126.911813692107,37.4910969139998,헬스장
1668,"서울특별시 동작구 시흥대로 654, 4층 (신대방동)",엠에이치 토탈 휘트니스 신대방,126.907821825149,37.4899432805842,헬스장
1669,"서울특별시 동작구 상도로 174, 9층 (상도동, 동서남북빌딩)",플러스버닝 퍼스널트레이닝,126.938418532982,37.5042527924312,헬스장
1670,"서울특별시 동작구 상도로 370, 3층 (상도동)",양성주 휘트니스,126.953749557299,37.4957103235862,헬스장
1671,"서울특별시 동작구 양녕로 170 (상도동, 상도동 롯데캐슬비엔)",러너 피트니스,126.943642572569,37.4970019422426,헬스장
1672,"서울특별시 동작구 상도로 96, 2층 (상도동)",오에스짐레이디,126.931383839639,37.4999361621243,헬스장
1673,"서울특별시 동작구 만양로 84, 2층 223~227호 (노량진동, 삼익프라자)",슈트짐(SUIT GYM),126.945225673807,37.5113671453073,헬스장
1674,"서울특별시 중구 세종대로 55, 부영 태평빌딩 11층 (태평로2가)",주식회사 태평로 바디스타,126.974978475659,37.5616192365957,헬스장
1675,"서울특별시 중구 다산로 197-1, 2,3층 (신당동)",DDPT&PILATES,127.013978738798,37.5609974806123,헬스장
1676,서울특별시 중구 남대문로 39 (남대문로3가),한국은행 피트니스,126.97972353038,37.5625151968969,헬스장
1677,"서울특별시 중구 퇴계로 354, 대승빌딩 2층 (신당동)",피엘유,127.01087964924,37.5644766445483,헬스장
1678,"서울특별시 중구 정동길 8, 지하1층 (정동)",골든크라운 크로스핏 서대문역,126.969175974517,37.567575791844,헬스장
1679,서울특별시 중구 청구로4길 19 (신당동),3S gym,127.015220389645,37.5606722474256,헬스장
1680,"서울특별시 중구 동호로 218, 새움스페이스 지하1층 (신당동)",핏앤힐 (Fit and Hill),127.009300026498,37.5573148460125,헬스장
1681,"서울특별시 중구 동호로 347, JD타워 지하 2층 1호 (오장동)",엠씨티짐 충무로,127.002047124379,37.5653533468891,헬스장
1682,"서울특별시 중구 퇴계로8길 70, 3층 (회현동1가)",롱투짐,126.980276412174,37.5565886223647,헬스장
1683,"서울특별시 중구 왕십리로 407, 2층 14,15호 (신당동, 신당 파인힐 하나유보라)",바디웍스,127.024709957671,37.5647799977176,헬스장
1684,"서울특별시 중구 퇴계로 409, 흥화브라운 오피스텔 3층 301호 (흥인동)",세심한 PT studio,127.016999859209,37.5658020981674,헬스장
1685,"서울특별시 중구 난계로 197, 마블플래이스 301호 (황학동)",비치바디,127.023269297167,37.5691132696745,헬스장
1686,"서울특별시 중구 통일로 10, 연세대학교 세브란스빌딩 1층 (남대문로5가)",엘리트핏24,126.973633761228,37.5570966597,헬스장
1687,서울특별시 중구 마른내로 28 (초동),헬스보이짐&필라걸 을지로점,126.990819757756,37.5643370443986,헬스장
1688,"서울특별시 중구 동호로7길 14, 201호 (신당동, 약수역 더시티)",관리의 기술 PT 약수점,127.010718554062,37.5532054555858,헬스장
1689,서울특별시 중구 다산로32길 35 (신당동),MONDO,127.01600231969,37.5610177664116,헬스장
1690,"서울특별시 중구 마장로 58 (흥인동, 동대문솔하임)",관리의 기술,127.016348082451,37.5677165362185,헬스장
1691,"서울특별시 중구 마른내로 34 (초동, (주)케이티앤지을지로타워)",(주)바디스타,126.991688931109,37.564230160524,헬스장
1692,"서울특별시 중구 충무로 13, 엘크루 메트로시티 205호 (충무로3가)",CM헬스,126.992632763392,37.5622475805013,헬스장
1693,"서울특별시 중구 만리재로 193, 서울역 디오빌 지하층 (만리동1가)",피트니스 월드,126.967199040035,37.5550198699539,헬스장
1694,"서울특별시 중구 다산로 104, 현대빌딩 지하1층 (신당동)",파크짐 약수점,127.009872717914,37.5531766073037,헬스장
1695,"서울특별시 중구 명동길 55, 1동 14층 (명동1가)",제이엘스포츠,126.985394525951,37.5641417024991,헬스장
1696,서울특별시 중구 을지로5길 26 (수하동),(주)센터원웰니스,126.985208946848,37.5673399451193,헬스장
1697,서울특별시 중구 다산로 240 (신당동),베네짐,127.016539054107,37.5642092023857,헬스장
1698,서울특별시 중구 퇴계로 100 (회현동2가),(주)조선호텔앤리조트스테이트타워남산GYM,126.982926486564,37.5602069895052,헬스장
1699,"서울특별시 중구 삼일대로2길 50, 지하2층 (예장동)",(주)더한 오리엔스 호텔 & 레지던스,126.991080036683,37.5600157944943,헬스장
1700,"서울특별시 중구 서소문로11길 19, A동 1층 (정동, 배재정동빌딩)",엠피트니스,126.972089131199,37.5637878280982,헬스장
1701,"서울특별시 중구 퇴계로31길 16, 3층 (충무로3가, 우형빌딩)",이로운 퍼스널 트레이닝 스튜디오,126.99240484737,37.5618945555796,헬스장
1702,서울특별시 중구 세종대로 58 (남대문로4가),휘트니스센터,126.976471338841,37.5613118531632,헬스장
1703,"서울특별시 중구 다산로40길 14, 지하호 (신당동)",OUTFIT FITNESS,127.0167489277,37.5638180502941,헬스장
1704,"서울특별시 중구 삼일대로 358 (을지로2가, 신한LTower)",(주)스포짐앤밀론,126.988103724531,37.5664890113878,헬스장
1705,"서울특별시 중구 무교로 16, 대한체육회 체육회관 (무교동)",피트니스온 서울시청점,126.979527419796,37.5673418896892,헬스장
1706,서울특별시 중구 다산로 111 (신당동),베네짐,127.009880189384,37.5540509350624,헬스장
1707,서울특별시 중구 을지로11길 15 (수표동),시립서울청소년센터,126.990608893075,37.5670233476166,헬스장
1708,"서울특별시 중구 다산로 168, 성원빌딩 가동 5층 (신당동)",Medi & Fit (메디 앤 핏),127.013023379599,37.558442272308,헬스장
1709,서울특별시 중구 칠패로 42 (봉래동1가),(주)파크짐 서울역점,126.973559809484,37.5594743747373,헬스장
1710,서울특별시 중구 마른내로 146 (쌍림동),스카이 P.P,127.004172304234,37.5645558191847,헬스장
1711,"서울특별시 중구 장충단로 253, 헬로우APM (을지로6가)",시그니쳐 GYM,127.008078935255,37.567487097159,헬스장
1712,서울특별시 중구 다산로 185 (신당동),파크짐 청구점,127.013443806995,37.5601736712129,헬스장
1713,"서울특별시 중구 세종대로 135, 4층 (태평로1가, 코리아나호텔)",코리아나,126.976247211074,37.5678135772855,헬스장
1714,"서울특별시 중구 서소문로 115, 102~103호,한산빌딩 (서소문동)",짐구공 헬스 PT x 이라이요가 필라테스,126.973634591011,37.5634139995447,헬스장
1715,"서울특별시 중구 퇴계로 97, 고려대연각타워 지하2층 (충무로1가)",바디플렉스짐,126.982545572081,37.5609575542822,헬스장
1716,"서울특별시 중구 중림로 10, 2동 206호 (중림동, 중림동 삼성 사이버 빌리지)",올록볼록 PT Studio,126.964320892997,37.5589266608979,헬스장
1717,"서울특별시 중구 다산로46길 17, 청계천두산위브더제니스 2층 207호~209호호 (흥인동)",애슬릿 라이프,127.017122913186,37.5668675982177,헬스장
1718,"서울특별시 중구 서소문로 124, 씨티스퀘어 지하2층 201호~206호 (서소문동)",서울시청역점 스포애니 (주)케이디헬스케어헬스케어,126.975223589679,37.56310620292,헬스장
1719,"서울특별시 중구 퇴계로86길 70, 준빌딩 3층 (신당동)",베네핏,127.018696899098,37.5626194326071,헬스장
1720,"서울특별시 중구 청계천로 400, 2032호 (황학동, 롯데캐슬베네치아)",(주)머슬인더박스,127.021463886656,37.5708105464699,헬스장
1721,"서울특별시 중구 남대문로9길 40, 센터플레이스(Center Place) (다동)",엠씨티 짐 시청,126.980368823536,37.5671421016237,헬스장
1722,"서울특별시 동작구 상도로 332, 지하1층 (상도동)",101짐 PT 상도점,126.951284331156,37.4985166887334,헬스장
1723,"서울특별시 중구 서소문로 89-31, 알라딘빌딩 지하1·2층 (순화동)",겟투잇 피트니스 필라테스,126.971254012533,37.5638725916722,헬스장
1724,"서울특별시 중구 다산로 107, 삼양빌딩 3층 (신당동)",제이현핏 PT 스튜디오,127.009622335265,37.5536619054708,헬스장
1725,"서울특별시 중구 다산로36길 20, 2층 (신당동)",그로브짐,127.016250718204,37.5624176110198,헬스장
1726,"서울특별시 중구 을지로9길 2, 3층 (을지로2가)",해핏 PT,126.988512461487,37.56643922679,헬스장
1727,"서울특별시 중구 퇴계로 447, 지하층 B142호 (황학동, 황학 아크로타워)",(주)스포짐옐로우 신당역점,127.021721835241,37.5660419798503,헬스장
1728,"서울특별시 중구 다산로36길 53, 2층 202호 (신당동)",마인PT & 필라테스 신당청구점,127.017847531193,37.5615295383478,헬스장
1729,"서울특별시 중구 삼일대로 299, 성창빌딩 지하층 B,C호 (충무로2가)",더블에스 휘트니스,126.988490465272,37.5615320382121,헬스장
1730,"서울특별시 중구 청계천로 24, 케이스퀘어시티 (다동)",에이원 휘트니스,126.98020965303,37.5685159133492,헬스장
1731,서울특별시 중구 난계로 159 (황학동),조인성 퍼스널트레이닝 No.3,127.023359450898,37.565652797302,헬스장
1732,"서울특별시 중구 퇴계로 307, 광희빌딩 지하1층 (광희동1가)",파크짐,127.005728381666,37.5643034749831,헬스장
1733,"서울특별시 중구 청계천로 86, 한화빌딩 29층 (장교동)",GYM29,126.986526801038,37.5675213832268,헬스장
1734,"서울특별시 중구 을지로 170, 동관동 3층 301호 (을지로4가)",㈜에이치비스포츠아이엔씨,126.99732748195,37.5661391831606,헬스장
1735,"서울특별시 중구 통일로 78, 프레이저플레이스센트럴서울 (순화동)",디에스디엘(주) 프레이저플레이스 센트럴 호텔,126.969774286437,37.5625812744423,헬스장
1736,"서울특별시 중구 퇴계로 456, 3층 (신당동)",스윗짐,127.022159634615,37.5652198296745,헬스장
1737,"서울특별시 중구 서애로1길 10, P&C제일 3,4층 (필동3가)","러쉬클랜 주짓수,PT,헬스",126.998466728,37.5609382016912,헬스장
1738,"서울특별시 중구 세종대로 14, 그랜드센트럴 4층 (남대문로5가)",그랜드센트럴 피트니스,126.9744151,37.5578385325826,헬스장
1739,"서울특별시 중구 청계천로 400, 상가동 2층 2089호 (황학동, 롯데캐슬베네치아)",긍정체육관,127.021463886656,37.5708105464699,헬스장
1740,"서울특별시 중구 세종대로 135, 코리아나호텔 4층 (태평로1가)",피트니스비엠 ㈜피트비엠,126.976247211074,37.5678135772855,헬스장
1741,"서울특별시 중구 삼일대로 363, 장교빌딩 지하1층 68호 (장교동)",크로스핏 삼손,126.987052299704,37.5671565387212,헬스장
1742,"서울특별시 중구 을지로 264, 동대문패션TV 6층 (을지로6가)",샤머니짐 헬스&PT 동대문점,127.007079629799,37.5657600422078,헬스장
1743,"서울특별시 중구 다산로 137, 다산빌딩 5층 (신당동)",델피 운동센터,127.011132739428,37.5561361827733,헬스장
1744,"서울특별시 중구 무교로 21, 지하1층,더익스체인지서울 (무교동)",헬스보이짐 앤 필라걸 서울시청점,126.978742292002,37.5678548680217,헬스장
1745,서울특별시 중구 다산로18길 23 (신당동),one shop,127.013304429748,37.5566982705714,헬스장
1746,"서울특별시 중구 세종대로 136, 파이낸스빌딩 (태평로1가)",버핏그라운드 광화문,126.97825653257,37.5684232177354,헬스장
1747,"서울특별시 중구 삼일대로 343, 대신파이낸스센터(Daishin Finance Center) (저동1가)",피트니스101,126.986959615068,37.5651004556362,헬스장
1748,"서울특별시 중구 동호로10길 6, 301호 (신당동)",스포니스 약수점,127.011747637038,37.5541077070949,헬스장
1749,"서울특별시 중구 청계천로 86, 한화빌딩 28층 (장교동)",무와 웰니스 랩,126.986526801038,37.5675213832268,헬스장
1750,"서울특별시 중구 동호로14길 47, BIFA빌딩 2층 (신당동)",키네틱 피티 스튜디오,127.00966045438,37.5570184790347,헬스장
1751,"서울특별시 중구 장충단로 187, 백림빌딩 3층 (장충동1가)",엠씨티 짐 장충,127.005943216742,37.5615371348075,헬스장
1752,"서울특별시 동작구 상도로 81, B201호 (대방동, 대방동크리닉센타)",크로스핏라이크,126.929559239366,37.4999513063416,헬스장
1753,"서울특별시 동작구 흑석로 111, 지하1층 (흑석동)",본핏,126.961227428565,37.508570997158,헬스장
1754,"서울특별시 동작구 여의대방로54길 14, 지1층 (대방동, 경준빌딩)",크로스핏 포스,126.926740433755,37.5119227773861,헬스장
1755,"서울특별시 동작구 보라매로5가길 16, B101(5-1)호 (신대방동, 보라매아카데미타워)",제이디 피티샵,126.924094714271,37.4912751024086,헬스장
1756,"서울특별시 동작구 흑석한강로 2, 302호 (흑석동, 흑석한강센트레빌)",휘트니스 452,126.966516645021,37.5065990536717,헬스장
1757,"서울특별시 동작구 매봉로 182, 4층 (본동, 신양빌딩)",스마트짐 PT&필라테스,126.952398588899,37.5123982094376,헬스장
1758,서울특별시 동작구 여의대방로 134-1 (대방동),Vamos Gym,126.920710960087,37.4990283846892,헬스장
1759,"서울특별시 동작구 상도로 311, 2층 (상도1동)",더블유짐 상도점,126.950513003004,37.5003398243355,헬스장
1760,서울특별시 동작구 현충로 131 (흑석동),블루스톤 스포츠,126.968162697079,37.5068632329668,헬스장
1761,"서울특별시 종로구 새문안로 82, 에스타워 지하1층 (신문로1가)",스포애니 광화문역점,126.973931516577,37.5697946482449,헬스장
1762,"서울특별시 종로구 성균관로 40, 새주빌딩 지하1층 (명륜1가)",어메이징휘트니스 혜화점,126.996918713685,37.5863624443977,헬스장
1763,"서울특별시 종로구 자하문로 48-1, 3층 (창성동, 창성동복합건축물)",STANDARD TRAINING,126.971475467723,37.5803278787193,헬스장
1764,"서울특별시 종로구 통일로16길 5, 지하2층 (무악동)",더 루트짐,126.957136465023,37.5758496566811,헬스장
1765,"서울특별시 종로구 사직로8길 20, 103호 (내수동, 경희궁 파크팰리스)",레하 필라테스&PT,126.970592334119,37.5739303322063,헬스장
1766,"서울특별시 종로구 사직로8길 20, B1층 109호 (내수동, 경희궁 파크팰리스)",한상현GYM,126.970592334119,37.5739303322063,헬스장
1767,"서울특별시 종로구 우정국로 26, 센트로폴리스 빌딩 3층 (공평동)",센트로폴리스 피트니스,126.983530268891,37.5716808092144,헬스장
1768,"서울특별시 종로구 새문안로5길 5, 6층 (당주동)",YFL,126.974722104845,37.5706989690118,헬스장
1769,"서울특별시 종로구 통일로 246-10, 무악현대아파트 지하1층 (무악동)",독립문체육관,126.959103079359,37.5743447023263,헬스장
1770,"서울특별시 종로구 율곡로 194, 현대그룹빌딩 서관 15층 (연지동)",현대그룹 H Gym,127.000722917059,37.5753172899943,헬스장
1771,"서울특별시 종로구 지봉로 19, 시즌 13층 (창신동)",스파렉스,127.01520169992,37.5717392736923,헬스장
1772,서울특별시 종로구 혜화로 4 (혜화동),바디팩토리,127.000750195556,37.5862486868243,헬스장
1773,"서울특별시 종로구 사직로8길 4, 301동 지하2층 (사직동, 광화문풍림스페이스본)",스페이스본 휘트니스센터,126.968429762772,37.5746716527447,헬스장
1774,서울특별시 종로구 숭인동길 21 (숭인동),에이치짐 신설동역점,127.020959405051,37.5757847596495,헬스장
1775,"서울특별시 종로구 자하문로 18-1, 지하1층 (통의동)",711GYM,126.972328763113,37.5778156600465,헬스장
1776,"서울특별시 종로구 청계천로 35, 지하2층 (서린동, 관정빌딩)",스포짐,126.981377714314,37.5693392529284,헬스장
1777,"서울특별시 종로구 평창문화로 98, 3층 (평창동, 행운빌딩)",워너짐 NO.1,126.971914635058,37.6070850067118,헬스장
1778,"서울특별시 종로구 사직로8길 20, 107호 (내수동, 파크팰리스)",바디밸런스,126.970592334119,37.5739303322063,헬스장
1779,서울특별시 종로구 삼청로 135 (삼청동),디앤브이 피트니스,126.981537924469,37.5875169245032,헬스장
1780,"서울특별시 종로구 지봉로 81, 지하1층 (창신동, 브라운스톤 창신)",에이블짐창신역점,127.015049677272,37.5773757358987,헬스장
1781,"서울특별시 종로구 대학로 103, 2층 (연건동, 학생관5)",필웨이,127.001141181595,37.5812861026278,헬스장
1782,"서울특별시 종로구 종로 120, 지하1층 (종로3가, 동영타워)",원알엠피트니스,126.99091787405,37.5700680162517,헬스장
1783,"서울특별시 종로구 평창문화로 75, B동 3층 301호 (평창동, 글로리아타운)",PT.ROOT,126.96900620111,37.606862635259,헬스장
1784,"서울특별시 종로구 사직로8길 20, 112호 (내수동, 경희궁 파크팰리스)",몬스터짐 광화문본점,126.970592334119,37.5739303322063,헬스장
1785,서울특별시 종로구 진흥로22길 8-1 (구기동),피티루트,126.958299873257,37.6066807617539,헬스장
1786,"서울특별시 종로구 평창문화로 75, 글로리아타운 2층 203~204호 (평창동)",로얄EMS.PT,126.96900620111,37.606862635259,헬스장
1787,"서울특별시 종로구 새문안로3길 30, 대우빌딩 114호 (내수동)",RUN 광화문,126.973281404951,37.5727371532245,헬스장
1788,"서울특별시 종로구 난계로 257, 숭인한성아펠시티 지하층 b02, b03호 (숭인동)",내몸을 차짐,127.02291940911,37.5746367985617,헬스장
1789,"서울특별시 종로구 창경궁로 273, 2층후면일부 및 3층 (혜화동)",바디채널 혜화점,127.000590551814,37.585795938765,헬스장
1790,"서울특별시 종로구 종로 60-1, 5층 (종로2가)",무브먼트하우스,126.984167036879,37.5699362991594,헬스장
1791,"서울특별시 종로구 새문안로 89, 정우빌딩 지하1층 (신문로1가)",크로스핏엠비션 광화문역점,126.974513333988,37.5704743059958,헬스장
1792,서울특별시 종로구 진흥로 480 (신영동),MAX체력단련장,126.960276209248,37.6058401893334,헬스장
1793,"서울특별시 종로구 창신길 24, 2층 (창신동)",박영길 휘트니스,127.010847233509,37.5727576082323,헬스장
1794,서울특별시 종로구 새문안로 38 (신문로2가),푸쉬앤풀휘트니스,126.969759157355,37.5683682782819,헬스장
1795,서울특별시 종로구 수표로26길 12 (낙원동),파고다,126.989746603651,37.5719878511303,헬스장
1796,"서울특별시 종로구 난계로 251, 지하1층 (숭인동)",제이휘트니스,127.02280794747,37.5740345051674,헬스장
1797,"서울특별시 종로구 대학로 144, 3층 (혜화동)",슈퍼스타 휘트니스,127.002064503637,37.5839815923013,헬스장
1798,서울특별시 종로구 율곡로 202-7 (연건동),제일메가스포,127.001415728576,37.5756642567309,헬스장
1799,서울특별시 종로구 성균관로 12 (명륜2가),AB휘트니스클럽,126.998153324962,37.583982677102,헬스장
1800,"서울특별시 종로구 청계천로 67, 지하2층 (관철동, 종로1번가빌딩)",주식회사 빌드업피트니스 PT 종각역점,126.98510847461,37.5688363061533,헬스장
1801,"서울특별시 종로구 사직로8길 34, B2층 (내수동)",주-스포짐,126.9724255294,37.5735877659071,헬스장
1802,"서울특별시 종로구 종로 19, 4층 415~416호 (종로1가, 르메이에르종로타운)",다함PT,126.979923668151,37.5708444878121,헬스장
1803,"서울특별시 종로구 사직로 119, 목천빌딩 7층 (내자동)",홍핏(HONG FIT),126.971897907053,37.5762814352495,헬스장
1804,"서울특별시 종로구 삼청로 54, 3층 (소격동)",Wellness K(웰니스 케이),126.98057390782,37.5807206678387,헬스장
1805,서울특별시 종로구 통일로 158 (교남동),짐피닉스,126.964530666652,37.5683628588391,헬스장
1806,"서울특별시 종로구 종로 19, 르메이에르종로타운1 321호 (종로1가)",이브핏(광화문점),126.979923668151,37.5708444878121,헬스장
1807,"서울특별시 종로구 삼일대로15길 6, 2층 (관철동)",관철동헬스클럽,126.987174468926,37.568926738333,헬스장
1808,"서울특별시 용산구 한남대로42길 33, 1층 (한남동)",짐나우 퍼스널트레이닝,127.002870076546,37.5436463107955,헬스장
1809,"서울특별시 용산구 효창원로 132, 지하2층 (효창동)",라온휘트니스,126.96176853736,37.539777571047,헬스장
1810,"서울특별시 용산구 한남대로 76, 한남프라자 4층 (한남동)",진핏퍼스널트레이닝,127.006549413089,37.5355614904423,헬스장
1811,"서울특별시 용산구 이태원로 216, 3층 (한남동)",디스이즈짐(THIS IS GYM),126.998136551597,37.5346871460213,헬스장
1812,"서울특별시 용산구 독서당로 67, 서울빌딩 4층 402호 (한남동)",팀하드 피트니스,127.008153600765,37.5338685001492,헬스장
1813,"서울특별시 용산구 한강대로 296, 참빛빌딩 지하1층 (남영동)",스포벡휘트니스,126.972459139429,37.5447120796372,헬스장
1814,"서울특별시 용산구 한강대로43길 8, 104동 B1층 B02-B16호 (한강로2가, 벽산메가트리움)",워너블짐,126.969753021045,37.5325823332194,헬스장
1815,"서울특별시 용산구 한강대로 56-1, 4층 (한강로3가)",제이핏,126.964984366075,37.5257370973724,헬스장
1816,"서울특별시 용산구 후암로 41, 2층 (후암동)",위워크아웃,126.977306560055,37.5495789552531,헬스장
1817,"서울특별시 용산구 백범로 341, A동 B1층 115-118호 (원효로1가, 리첸시아 용산)",내셔널짐 피티&골프,126.967973433167,37.5379386735674,헬스장
1818,"서울특별시 용산구 이태원로 145, 동호프라자.외환은행 (이태원동)",이태원짐,126.989907748728,37.5345885203978,헬스장
1819,"서울특별시 용산구 장문로 14, 우성빌딩 3층 (동빙고동)",국대교정,126.992169732044,37.5286815474116,헬스장
1820,"서울특별시 용산구 장문로6길 4, 뉴포트 5층 (동빙고동)",Sanctuary,126.992495377826,37.5281897116842,헬스장
1821,"서울특별시 용산구 독서당로 70, 현대리버티하우스 4층 404호 (한남동)",F45 트레이닝 한남,127.008698229017,37.533599152103,헬스장
1822,"서울특별시 용산구 백범로87길 54, 아카데미문화사 2층 (원효로1가)",마음다짐,126.969576880869,37.5395034140355,헬스장
1823,"서울특별시 용산구 이태원로 223-5, 유니언타운 (한남동)",업핏 한남,126.998385331703,37.5355733740257,헬스장
1824,"서울특별시 용산구 한강대로 273, 용산빌딩 지하1층 (갈월동)",스카이짐 GDR골프아카데미 헬스,126.972115713764,37.542568701611,헬스장
1825,"서울특별시 용산구 이태원로 217, 현대안성타워 3층 (한남동)",시크모어 웰니스 스튜디오,126.997906520276,37.535176385593,헬스장
1826,"서울특별시 용산구 유엔빌리지길 254, 3층 (한남동)",랜스앤제이 퍼스널 트레이닝 스튜디오,127.011779894761,37.5354346741354,헬스장
1827,"서울특별시 용산구 한남대로 60, D동 1층 122호 (한남동, 금호리첸시아)",유즈웰(USEWELL),127.008192362263,37.5344843315796,헬스장
1828,"서울특별시 용산구 장문로19길 4, 3층 (보광동, (주)동양과학)",제이짐,126.997818532998,37.5261107778176,헬스장
1829,"서울특별시 용산구 이촌로 192, B1층 (이촌동, 제일맨션)",더블에이 이촌,126.968385483185,37.5211245635258,헬스장
1830,"서울특별시 용산구 이촌로 347, 3층 301,302호 (서빙고동, 신동아아파트)",피트 트레이닝센터,126.989737216338,37.5191002810313,헬스장
1831,"서울특별시 용산구 독서당로 97, B2층 (한남동, 다음소프트)",파프짐,127.010793156846,37.5353176383476,헬스장
1832,"서울특별시 용산구 효창원로 276, 3층 (서계동)",만리기획,126.963196340323,37.5515829147588,헬스장
1833,"서울특별시 용산구 이촌로88길 8, 3층 (이촌동)",찰스짐,126.9777612795,37.5182520506344,헬스장
1834,"서울특별시 용산구 서빙고로91나길 96, 1층 (동빙고동)",빅짐,126.996150165873,37.5249481720521,헬스장
1835,"서울특별시 용산구 이촌로 274, 2층 201호 (이촌동)",후핏,126.977107892418,37.5186955798212,헬스장
1836,"서울특별시 용산구 독서당로 70, 현대리버티하우스 B1층 (한남동)",스포짐 한남,127.008698229017,37.533599152103,헬스장
1837,"서울특별시 용산구 한남대로 59, 남한빌딩 (한남동)",판크 트레이닝클럽,127.006713330015,37.5339901358324,헬스장
1838,"서울특별시 용산구 대사관로19길 7, 2층 (한남동)",Fit In Cool,127.003637812857,37.5338387222596,헬스장
1839,"서울특별시 용산구 녹사평대로 240, 204호 (이태원동, 기업은행)",핏클럽 서울,126.98763333746,37.5389065292265,헬스장
1840,"서울특별시 용산구 독서당로 67, 4층 (한남동)",팀하드 피티,127.008153600765,37.5338685001492,헬스장
1841,"서울특별시 용산구 장문로 74, 3층 (보광동)",Beautiful Evolution,126.997845802262,37.52593102839,헬스장
1842,"서울특별시 용산구 서빙고로 69, 1층 상가27호 (용산동5가, 파크타워아파트)",에스퍼스널트레이닝,126.972351473155,37.5237113460813,헬스장
1843,"서울특별시 용산구 후암로 107, 지하1층 (동자동, 동부화재)",PENTACLE,126.97356408407,37.5534616592161,헬스장
1844,"서울특별시 용산구 유엔빌리지1길 18, 지하층 101호 (한남동, 디자인플러스)",레브트레이닝,127.010461866563,37.5336420768823,헬스장
1845,"서울특별시 용산구 한강대로 259, B1층 104-112호 (갈월동, 고려에이트리움)",스포벡,126.972412765985,37.5415842490492,헬스장
1846,"서울특별시 용산구 이촌로 264, 삼익아파트 (이촌동)",와가짐,126.976133728575,37.5190291185881,헬스장
1847,"서울특별시 용산구 원효로 259-1, 2층 (원효로1가)",칼라퍼스널트레이닝,126.969317376118,37.5407385277351,헬스장
1848,"서울특별시 용산구 이태원로 267, 2층 (한남동)",프라이빗 웰니스,127.001133061453,37.5384987479277,헬스장
1849,"서울특별시 용산구 대사관로 76, 4층 3호 (한남동)",H 스튜디오,127.006502694388,37.533064549294,헬스장
1850,"서울특별시 용산구 이촌로 200, LG프라자 301호 (이촌동)",반트짐,126.969343240712,37.5209511026518,헬스장
1851,"서울특별시 용산구 한강대로 304, 신아빌딩 3층 (갈월동)",바디컨설팅,126.972320484208,37.5454262692875,헬스장
1852,"서울특별시 용산구 대사관로34길 22, THE VIII(갈2:20) 6층 (한남동)",TIM GYM,127.005777868302,37.5323610853046,헬스장
1853,"서울특별시 용산구 서빙고로 17, 업무동 지하1층 101~109호 (한강로3가)",센트럴짐,126.966566172294,37.5269056148241,헬스장
1854,"서울특별시 용산구 한남대로20길 47-9, 지하1층 1호 (한남동)",맹그로브 짐,127.00949490098,37.5348927478089,헬스장
1855,"서울특별시 용산구 보광로 46, 용호빌딩 3층 302호 (보광동)",서울시티크루,126.99921497434,37.5283391534087,헬스장
1856,"서울특별시 용산구 이촌로58길 3, 지하1층 (이촌동)",상떼(Sante.),126.968859519853,37.520985935018,헬스장
1857,서울특별시 용산구 한강대로21나길 40 (한강로3가),드래곤힐스파휘트니스클럽,126.964227468456,37.5282491342856,헬스장
1858,"서울특별시 용산구 이촌로 1, 지하1층 (한강로3가, GS한강에클라트)",원짐,126.955345962773,37.5313838478733,헬스장
1859,"서울특별시 용산구 신흥로 72 (용산동2가, 남산헬스)",AK운동맞춤센터,126.986837134379,37.5445747226015,헬스장
1860,"서울특별시 용산구 회나무로26길 12 (이태원동, 삼원휘트니스)",웰니스짐,126.991277317368,37.5395588182983,헬스장
1861,"서울특별시 용산구 장문로 96, 지하 1층 (보광동)",우노 휘트니스클럽,127.000126138627,37.5259703316629,헬스장
1862,서울특별시 용산구 원효로 55 (원효로4가),동국스포츠,126.950483597053,37.5335550337641,헬스장
1863,"서울특별시 용산구 대사관로34길 26, 4층 (한남동)",J헬스클럽,127.005678848091,37.5320438475849,헬스장
1864,"서울특별시 용산구 한강대로 258, 2층 3층 (남영동)",스카이 휘트니스클럽,126.973296099405,37.5413997471572,헬스장
1865,"서울특별시 용산구 독서당로 39 (한남동, 신성미소시티)",에이치 앤 휘트니스,127.007000144767,37.5315958889326,헬스장
1866,"서울특별시 용산구 청파로47길 49, 4층 (청파동3가, 캠퍼스프라자)",밸런스 핏,126.967563904498,37.5445841559546,헬스장
1867,"서울특별시 용산구 이촌로84길 9, 유일빌딩 지하1층 (이촌동)",제이제이스포츠 이촌점,126.977052886702,37.5184256285681,헬스장
1868,서울특별시 용산구 한남대로21길 17 (한남동),센티넬 크로스핏 한남1(Sentinel CrossFit Hannam),127.006541029542,37.5341407928541,헬스장
1869,서울특별시 용산구 청파로 312 (청파동1가),동서 골프&휘트니스,126.970452474932,37.5474170244174,헬스장
1870,"서울특별시 용산구 한강대로 282, 3층 (남영동)",망고짐,126.972749951979,37.5434720115918,헬스장
1871,"서울특별시 용산구 한강대로 69, 지하1층 102-2호 (한강로2가, 용산푸르지오써밋)",NEW RUN,126.964892234354,37.5270404595814,헬스장
1872,"서울특별시 용산구 청파로 251, 지층 B01호 (청파동3가)",MCT GYM 용산,126.970364691772,37.541910094919,헬스장
1873,"서울특별시 용산구 독서당로11길 23, 지하1층 (한남동)",드래곤짐,127.007115149468,37.5310069875859,헬스장
1874,"서울특별시 용산구 서빙고로 17, 용산센트럴파크 해링턴스퀘어 82,83호 (한강로3가)",짐나우 신용산점,126.966566172294,37.5269056148241,헬스장
1875,"서울특별시 용산구 이태원로17길 23-17, 1층 (이태원동)",FIT NOMAD,126.991044269175,37.5354446528838,헬스장
1876,"서울특별시 용산구 백범로 341, A동 302호 (원효로1가, 리첸시아 용산)",내셔널짐,126.967973433167,37.5379386735674,헬스장
1877,"서울특별시 용산구 서빙고로 17, 2층 57,58,59호 (한강로3가)",모어피클,126.966566172294,37.5269056148241,헬스장
1878,"서울특별시 용산구 두텁바위로60길 49, 대원정사 본관 201호 (후암동)",텐세그리티,126.983354709318,37.5492487556727,헬스장
1879,"서울특별시 용산구 서빙고로 17, 센트럴파크해링턴스퀘어 E동 2층 19,20호 (한강로3가)",소마톨로지,126.966566172294,37.5269056148241,헬스장
1880,"서울특별시 용산구 백범로 341, A동 2층 210호 (원효로1가, 리첸시아 용산)",엘피PT&필라테스,126.967973433167,37.5379386735674,헬스장
1881,"서울특별시 용산구 한남대로21길 27, 지하1층 (한남동)",리콥 웰니스 프리미엄,127.006533056673,37.5335333384554,헬스장
1882,"서울특별시 용산구 이촌로 1, 1층 104호 (한강로3가, 지에스 한강에클라트)",원(1)GYM,126.955345962773,37.5313838478733,헬스장
1883,"서울특별시 용산구 한남대로42나길 2, B1호 (한남동)",대짐(大GYM),127.003036272225,37.5429120821413,헬스장
1884,"서울특별시 용산구 한강대로 295, 남영빌딩 지하1층 (갈월동)",런앤리프트,126.97177131634,37.544555413639,헬스장
1885,"서울특별시 용산구 한강대로 100, 아모레퍼시픽 5층 (한강로2가)",아모레퍼시픽 AP 피트니스,126.968673565462,37.5287911785354,헬스장
1886,"서울특별시 용산구 보광로 109, 2층 (이태원동)",BK FIT,126.994473971075,37.5324539004776,헬스장
1887,"서울특별시 용산구 보광로59길 40, 202호 (이태원동)",마이 트레이너 짐(MY TRAINER GYM),126.991813465214,37.5339605801667,헬스장
1888,"서울특별시 용산구 원효로 255, 통일빌딩 2층 (원효로1가)",이루어GYM,126.968930531421,37.5404201033291,헬스장
1889,"서울특별시 종로구 평창문화로 6-3, 고석빌딩 1층 (신영동)","바름체형교정재활&키성장운동센터 디스크,무릎통증전문 종로점",126.962576171288,37.6034039431237,헬스장
1890,"서울특별시 종로구 새문안로5가길 11, 옥빌딩 202호 (내수동)",베이지피트니스 PT&필라테스 광화문점,126.97382543007,37.5730941591968,헬스장
1891,"서울특별시 종로구 종로 347, 지하119~129호 (숭인동, 롯데캐슬 천지인)",스포애니 동묘앞역점 (주)케이디헬스케어,127.016000015149,37.5740562569508,헬스장
1892,"서울특별시 종로구 창경궁로 240-7, 인설빌딩 3층 (명륜4가)",듀얼핏,126.999038358936,37.5824080214652,헬스장
1893,"서울특별시 종로구 경희궁길 36, 104호 (신문로2가)",COGIT(코지트),126.970063182815,37.5729199136655,헬스장
1894,"서울특별시 종로구 새문안로3길 30, 대우빌딩 지하1층 123호 (내수동)",베럴짐,126.973281404951,37.5727371532245,헬스장
1895,"서울특별시 종로구 종로 19, 르메이에르종로타운1 지하3층 (종로1가)",자마이카 피트니스,126.979923668151,37.5708444878121,헬스장
1896,"서울특별시 종로구 율곡로17길 8, 풍임빌딩 2층 (이화동)",필라테스.피티.시도하다,127.005130781518,37.5762323208582,헬스장
1897,"서울특별시 종로구 삼봉로 95, 종로1가 대성 스카이렉스 지하1층 비101-112호 (견지동)",(주)케이에스스포짐,126.982568392463,37.5723111874784,헬스장
1898,"서울특별시 종로구 지봉로 87, 지하1층 101호 (창신동, 창신이수아파트)",클래식바디짐,127.014558601401,37.5780295588982,헬스장
1899,"서울특별시 종로구 경희궁길 7, 지하1층 (신문로2가)",셀렉트짐 PT & 헬스 광화문점,126.971861809171,37.5708273444448,헬스장
1900,"서울특별시 종로구 새문안로5가길 28, 광화문 플래티넘 101호 (적선동)",F45광화문 지점,126.973597076089,37.574460196686,헬스장
1901,서울특별시 종로구 창덕궁길 19 (원서동),(주)타이거알유(계동지점),126.988565668857,37.5782329869496,헬스장
1902,"서울특별시 종로구 종로 344, 지하1층 (숭인동, 종로대우디오빌)",JOE GYM,127.016083157911,37.5727228633137,헬스장
1903,"서울특별시 종로구 자하문로 273-1, 지하1층 (부암동)",피티루트(부암동점),126.961826851706,37.5978062985163,헬스장
1904,"서울특별시 종로구 새문안로 89, 정우빌딩 8층 (신문로1가)",일레븐 PT&필라테스,126.974513333988,37.5704743059958,헬스장
1905,"서울특별시 종로구 삼일대로 469, 서원빌딩 B2층 (경운동)",아크로짐 안국역점 헬스&PT,126.986008212044,37.5763035025319,헬스장
1906,"서울특별시 종로구 종로 33, 그랑서울 7층 (청진동)",자강,126.981437983842,37.5709617749066,헬스장
1907,"서울특별시 종로구 경희궁1길 8, 1층 (신문로2가)",피머짐,126.971395521897,37.5712027671998,헬스장
1908,"서울특별시 종로구 지봉로 50, 필빌딩 지하1층 (숭인동)",온리스웻짐,127.015957779142,37.5745312671013,헬스장
1909,"서울특별시 종로구 경교장1길 15, 3층 (교남동)",더타임,126.96469010595,37.5684676924234,헬스장
1910,"서울특별시 종로구 경희궁2길 6, 지하1층 (내수동)",MCT GYM,126.971009866729,37.5726431840843,헬스장
1911,"서울특별시 종로구 창경궁로34길 26, 정화빌딩 4층 (명륜2가)",DK퍼스널트레이닝,127.001072386062,37.5839104270141,헬스장
1912,"서울특별시 종로구 평창11길 3, 쇼핑센타뉴본 3층 (평창동)",애플 피트니스,126.966631697827,37.6060241573589,헬스장
1913,"서울특별시 종로구 종로 305-2, 대산 빌딩 4층 (창신동)",짱핏,127.011755798062,37.572196381546,헬스장
1914,"서울특별시 종로구 세종대로 159, 11층 (세종로)",Dooice Gym,126.976341183145,37.5706048802754,헬스장
1915,"서울특별시 종로구 사직로 113, 사학회관 지하2층 (내자동)",종로청운스포렉스 피트니스센터,126.971323265597,37.5763166160376,헬스장
1916,"서울특별시 중구 세종대로 55, 부영 태평빌딩 11층 (태평로2가)",주식회사 태평로 바디스타,126.974978475659,37.5616192365957,헬스장
1917,"서울특별시 중구 다산로 197-1, 2,3층 (신당동)",DDPT&PILATES,127.013978738798,37.5609974806123,헬스장
1918,서울특별시 중구 남대문로 39 (남대문로3가),한국은행 피트니스,126.97972353038,37.5625151968969,헬스장
1919,"서울특별시 중구 퇴계로 354, 대승빌딩 2층 (신당동)",피엘유,127.01087964924,37.5644766445483,헬스장
1920,"서울특별시 중구 정동길 8, 지하1층 (정동)",골든크라운 크로스핏 서대문역,126.969175974517,37.567575791844,헬스장
1921,서울특별시 중구 청구로4길 19 (신당동),3S gym,127.015220389645,37.5606722474256,헬스장
1922,"서울특별시 중구 동호로 218, 새움스페이스 지하1층 (신당동)",핏앤힐 (Fit and Hill),127.009300026498,37.5573148460125,헬스장
1923,"서울특별시 중구 동호로 347, JD타워 지하 2층 1호 (오장동)",엠씨티짐 충무로,127.002047124379,37.5653533468891,헬스장
1924,"서울특별시 중구 퇴계로8길 70, 3층 (회현동1가)",롱투짐,126.980276412174,37.5565886223647,헬스장
1925,"서울특별시 중구 왕십리로 407, 2층 14,15호 (신당동, 신당 파인힐 하나유보라)",바디웍스,127.024709957671,37.5647799977176,헬스장
1926,"서울특별시 중구 퇴계로 409, 흥화브라운 오피스텔 3층 301호 (흥인동)",세심한 PT studio,127.016999859209,37.5658020981674,헬스장
1927,"서울특별시 중구 난계로 197, 마블플래이스 301호 (황학동)",비치바디,127.023269297167,37.5691132696745,헬스장
1928,"서울특별시 중구 통일로 10, 연세대학교 세브란스빌딩 1층 (남대문로5가)",엘리트핏24,126.973633761228,37.5570966597,헬스장
1929,서울특별시 중구 마른내로 28 (초동),헬스보이짐&필라걸 을지로점,126.990819757756,37.5643370443986,헬스장
1930,"서울특별시 중구 동호로7길 14, 201호 (신당동, 약수역 더시티)",관리의 기술 PT 약수점,127.010718554062,37.5532054555858,헬스장
1931,서울특별시 중구 다산로32길 35 (신당동),MONDO,127.01600231969,37.5610177664116,헬스장
1932,"서울특별시 중구 마장로 58 (흥인동, 동대문솔하임)",관리의 기술,127.016348082451,37.5677165362185,헬스장
1933,"서울특별시 중구 마른내로 34 (초동, (주)케이티앤지을지로타워)",(주)바디스타,126.991688931109,37.564230160524,헬스장
1934,"서울특별시 중구 충무로 13, 엘크루 메트로시티 205호 (충무로3가)",CM헬스,126.992632763392,37.5622475805013,헬스장
1935,"서울특별시 중구 만리재로 193, 서울역 디오빌 지하층 (만리동1가)",피트니스 월드,126.967199040035,37.5550198699539,헬스장
1936,"서울특별시 성동구 성수일로10길 26, 204호 (성수동2가)",나의 근육 사용설명서,127.052952183671,37.5465865067207,헬스장
1937,"서울특별시 성동구 무학로 8, 승우카센타 지하1층 (도선동)",크로스핏 아띠,127.030496435979,37.5647681031737,헬스장
1938,"서울특별시 성동구 상원길 64, 2층 (성수동1가)",모스트짐,127.048009686799,37.5497472507343,헬스장
1939,"서울특별시 성동구 청계천로 452, 덕융빌딩 101호 (하왕십리동)",바디텍쳐,127.027134475771,37.5702016579652,헬스장
1940,"서울특별시 성동구 한림말길 56, 강변벽산빌라트 B02호 (옥수동)",팰리스짐 프리미엄 한남,127.017276526466,37.5409436146081,헬스장
1941,"서울특별시 성동구 성수이로 127, 2층 202,203호 (성수동2가)",비 스튜디오(Be studio),127.057399142337,37.5462900724686,헬스장
1942,"서울특별시 성동구 왕십리로 347, 2층 (하왕십리동)",리피티,127.031241527314,37.5633610026494,헬스장
1943,"서울특별시 성동구 왕십리로 336, B201호 (도선동)",F45,127.032846176643,37.5631509953645,헬스장
1944,"서울특별시 성동구 왕십리로 115, 9층 905호 (성수동1가)",(주)프롬더바디,127.044137696679,37.5479201849315,헬스장
1945,"서울특별시 성동구 고산자로6길 40, 행당동 레몬프라자 B2층 (행당동)",업타운휘트니스 왕십리점,127.035482520519,37.5582206987955,헬스장
1946,"서울특별시 성동구 성수일로 112, 성수빌딩 4층 (성수동2가)",주식회사 소마피지오,127.052250070096,37.5502160419509,헬스장
1947,"서울특별시 성동구 매봉길 48, 지하2층 201~204, 206,207호 (옥수동)",해빗피트니스 옥수점,127.014013415043,37.5467195432745,헬스장
1948,"서울특별시 성동구 독서당로 212, 동호빌딩 (옥수동)",율 메디컬 트레이닝 센터,127.014396616184,37.5434012972234,헬스장
1949,"서울특별시 성동구 연무장11길 15, 청운재 지하1층 (성수동2가)",(주)더에이치에스,127.057261019438,37.5433898232612,헬스장
1950,"서울특별시 성동구 독서당로 226, 조을빌딩 2층 (옥수동)",뭉트니스 PT & 헬스,127.015823748959,37.5440316340098,헬스장
1951,"서울특별시 성동구 왕십리로 327, 3층 (하왕십리동)",휴펫필라테스 앤피티 왕십리점,127.033224444422,37.5623942326737,헬스장
1952,"서울특별시 성동구 장터길 38-1, B2층 (금호동4가)",에프엠(FM)피트니스,127.020146270383,37.548082137772,헬스장
1953,"서울특별시 성동구 무수막길 97, 김약국 4층 (금호동2가)",키스짐,127.019853934056,37.5543370975437,헬스장
1954,"서울특별시 성동구 연무장7길 12, 세대빌딩 305호 (성수동2가)",성수PT,127.054840383995,37.5436698315466,헬스장
1955,"서울특별시 성동구 금호산길 67, 금호빌딩 지하1층 (금호동2가)",더블와이짐 헬스&PT 신금호점,127.019507630427,37.5543436424505,헬스장
1956,"서울특별시 성동구 왕십리로14길 30-3, 6층 (성수동1가)",쓰리짐S,127.047335484326,37.5483678238652,헬스장
1957,"서울특별시 성동구 무학봉28길 6, 금용빌딩 2층 (하왕십리동)",하이퍼짐(HYPER GYM),127.032677655069,37.5621394032508,헬스장
1958,"서울특별시 성동구 왕십리로 222 (행당동, 한양대역)",건강과땀 휘트니스센타,127.046611216789,37.5545035492027,헬스장
1959,"서울특별시 성동구 행당로 6 (금호동1가, 신세계오피스텔)",인피니티 퍼스널 트레이닝,127.020746218188,37.5544764185936,헬스장
1960,"서울특별시 성동구 왕십리로 410, L동 314호 외 1호 (하왕십리동, 센트라스)",센트라스 투엑스 주식회사,127.024082467223,37.5666029325047,헬스장
1961,서울특별시 성동구 상원길 46 (성수동1가),D_GYM,127.048496148059,37.5481229119414,헬스장
1962,"서울특별시 성동구 독서당로 302, 3층 (금호동4가)",커브스 금호클럽,127.02273086562,37.5476110768479,헬스장
1963,"서울특별시 성동구 상원길 52, B1층 (성수동1가)",테라피티,127.04836089356,37.5486087858831,헬스장
1964,"서울특별시 성동구 독서당로 344, 힐스테이트 금호 상가동 B1층 20-8호, 20-9호 (금호동4가)",위드짐 금호점(WITHGYM),127.025765458515,37.5464525799903,헬스장
1965,"서울특별시 성동구 독서당로 194-1, 4층 (옥수동, 골든게이트)",피네테스,127.012762209634,37.5427749301007,헬스장
1966,"서울특별시 성동구 상원6길 5, B1층 (성수동1가)",허니바디 스포츠,127.048738517185,37.5486067385224,헬스장
1967,"서울특별시 성동구 무학로 18, 2층, 3층 (홍익동)",메디앤핏,127.030314949726,37.5657699674882,헬스장
1968,"서울특별시 성동구 서울숲2길 18-11, 2층 (성수동1가)",(주)넉아웃,127.040577153526,37.5468488230602,헬스장
1969,"서울특별시 성동구 독서당로 272, 상가동 201호 (금호동4가, 금호동 대우아파트)",AII For U GYM,127.017925368592,37.5453300340479,헬스장
1970,"서울특별시 성동구 금호로 100, 상가동 210~216호 (금호동1가, 벽산아파트)",BAN(반),127.026186636459,37.5545314695033,헬스장
1971,"서울특별시 성동구 왕십리로 257, 지하1층 (행당동)",레이 휘트니스,127.038691012755,37.5580442668262,헬스장
1972,서울특별시 성동구 성수일로8길 55 (성수동2가),이루어짐 헬스,127.056686462112,37.5452417439977,헬스장
1973,"서울특별시 성동구 장터길 49, 삼일약국 3층 (금호동3가)",오아시스GYM,127.021385270186,37.5484315073869,헬스장
1974,"서울특별시 성동구 왕십리로 309, 왕십리역이스타빌 지하1,2층 (행당동)",파크짐,127.034582633625,37.5613776986706,헬스장
1975,"서울특별시 성동구 성수이로 89, MG빌딩 B1층 (성수동2가)",탑핏(TOPFIT),127.056314421147,37.5430148320311,헬스장
1976,서울특별시 성동구 왕십리로21길 6 (행당동),스타트짐,127.033385018064,37.5618101613897,헬스장
1977,"서울특별시 성동구 고산자로 177, B01호 (행당동, 서울숲행당푸르지오아파트 근린생활시설동)",파크짐,127.033577643563,37.5557304486542,헬스장
1978,"서울특별시 성동구 아차산로7길 21, 2층 (성수동2가)",퀸스테이지,127.054797141473,37.5472021283742,헬스장
1979,"서울특별시 성동구 왕십리로 386, 삼협빌딩 지하2층 (하왕십리동)",해빗 피트니스,127.027637780108,37.5650919943033,헬스장
1980,"서울특별시 성동구 동일로 273, 경한빌딩 3층 (송정동)",피트니스 에이치(Fitness. H),127.071484123852,37.5559079290212,헬스장
1981,"서울특별시 성동구 마장로 137, 221동 1층 1240호 (상왕십리동, 텐즈힐)",주식회사 엘투휘트니스,127.025053595952,37.5678250213489,헬스장
1982,서울특별시 성동구 아차산로 92 (성수동2가),에코 휘트니스,127.054242462371,37.5447523880259,헬스장
1983,"서울특별시 성동구 마장로 302, 지하1,2층 (마장동)",라온 휘트니스,127.043208744283,37.5659425478425,헬스장
1984,"서울특별시 성동구 연무장5가길 21, 홍일빌딩 지하2층 (성수동2가)",해빗피트니스 성수점,127.055133173171,37.543591938965,헬스장
1985,"서울특별시 성동구 동호로 102, 4층 (금호동3가, 두산아파트상가)",시티짐 금호역점,127.016422502899,37.5488792873374,헬스장
1986,"서울특별시 성동구 상원길 63, A동 지하1층 01호 (성수동1가, 쌍용아파트)",노블휘트니스,127.047109026111,37.5501345022163,헬스장
1987,"서울특별시 성동구 행당로 75, 행당동 대림아파트 6층 (행당동)",고릴라 멀티짐,127.027520677046,37.556602469483,헬스장
1988,"서울특별시 성동구 왕십리로 326, 지하1층 (도선동)",왕십리역점 스포애니 (주)케이디헬스케어,127.033894304026,37.5627268703824,헬스장
1989,"서울특별시 성동구 독서당로40길 39, 옥수 어울림 (옥수동)",센트리얼 휘트니스 옥수점,127.017974967673,37.5417089096844,헬스장
1990,"서울특별시 성동구 천호대로 296, 5층 (용답동)",주식회사 아이앤지짐,127.053138658366,37.5660126480034,헬스장
1991,"서울특별시 성동구 천호대로 308, 인암빌딩 지하2층 (용답동)",시티짐 답십리점,127.054233759933,37.5652248597338,헬스장
1992,서울특별시 성동구 왕십리광장로 17 (행당동),포시즌 휘트니스,127.038394194396,37.5614417528647,헬스장
1993,"서울특별시 성동구 성덕정길 106, 승재빌딩  4층 (성수동2가)",스타트 짐,127.055104789531,37.5371594440377,헬스장
1994,"서울특별시 성동구 성수일로 39, 경동빌딩 지층 (성수동1가)",짐아서 휘트니스,127.049255852172,37.5442368591975,헬스장
1995,"서울특별시 성동구 난계로 84 (하왕십리동, 왕십리풍림아이원)",풍림휘트니스,127.024079949145,37.5591314196289,헬스장
1996,"서울특별시 성동구 독서당로 166, B201호 (옥수동, 성원상떼뷰)",(주)옥수 투엑스 휘트니스,127.011698447614,37.5406062437899,헬스장
1997,"서울특별시 성동구 뚝섬로 400, 뚝섬쇼핑센타 3층 (성수동2가)",시티짐 성수점,127.054998518398,37.5385087414256,헬스장
1998,"서울특별시 성동구 왕십리로 320, W에비뉴타워 503호 (도선동)",더바른몸PT,127.03437221242,37.5623299333488,헬스장
1999,"서울특별시 성동구 왕십리로 115, 지하층 (성수동1가)",빅브로짐 휘트니스 성수점,127.044137696679,37.5479201849315,헬스장
2000,"서울특별시 성동구 왕십리로 284-1, 2층 (행당동)",알엑스 퍼스널 트레이닝,127.036775942401,37.5598913822285,헬스장
2001,"서울특별시 성동구 왕십리로 322, 한성아펠타워 B1~B3호 (도선동)",(주)운동의 정석,127.034056746152,37.5625277935085,헬스장
2002,"서울특별시 성동구 왕십리로 339-1, 3층 (하왕십리동)",브라보 PT,127.031977989515,37.5630150030455,헬스장
2003,"서울특별시 성동구 행당로 84, 행당 한진타운 종합상가 4층 406호 (행당동)",스튜디오에이,127.028745897371,37.556567759443,헬스장
2004,"서울특별시 성동구 왕십리로 340, 위너스 오피스텔 B201호 (도선동)",HUTZ,127.03240688004,37.5633532102577,헬스장
2005,"서울특별시 성동구 독서당로51길 8, 지하1층 (금호동1가)",가미핏,127.02642814203,37.5487528637223,헬스장
2006,"서울특별시 성동구 왕십리로 94-1, 3층 (성수동1가)",퍼먼츠 트레이닝 센터,127.044945651271,37.545999040665,헬스장
2007,"서울특별시 성동구 마장로 284, 복성빌딩 지하1층 (마장동)",리커버리PT,127.041259755727,37.5653572372441,헬스장
2008,"서울특별시 성동구 성수일로8길 39, 지하1층 (성수동2가)",퀄핏 건강운동센터,127.054802213031,37.5457826923407,헬스장
2009,"서울특별시 성동구 성수이로20길 3, 세종빌딩 (성수동2가)",성수역점 스포애니,127.057176304273,37.5437359381593,헬스장
2010,"서울특별시 성동구 한림말3길 10, 교연학원 지하1층 (옥수동)",ST 요가앤PT,127.016319170852,37.5420674777015,헬스장
2011,"서울특별시 성동구 고산자로 284, 성동샤르망 206호 (행당동)",리커버 필라테스 PT,127.036797652702,37.5649128994423,헬스장
2012,"서울특별시 성동구 왕십리로 410, I동 101호 102호 (하왕십리동, 센트라스)",릴리브짐,127.024082467223,37.5666029325047,헬스장
2013,"서울특별시 성동구 왕십리로 348, 5층 (도선동)",하이엔드핏 PT,127.031603632293,37.5636884184575,헬스장
2014,"서울특별시 성동구 아차산로 91, 현진빌딩 7층 (성수동2가)",케이큐 라인 PT,127.054482759879,37.545307923565,헬스장
2015,"서울특별시 성동구 성수일로4길 25, 서울숲코오롱디지털타워 B104호 (성수동2가)",라이프짐,127.051865849456,37.5425050119214,헬스장
2016,"서울특별시 성동구 행당로 1, B03호 (금호동1가)",H-GYM 4호점,127.020335835064,37.5548124720494,헬스장
2017,"서울특별시 성동구 상원6나길 30, 지하2층 B201호 (성수동1가, 서울숲 무지개)",피트니스 비긴즈(Fitness Begins),127.050281580787,37.5477240138297,헬스장
2018,"서울특별시 성동구 마조로 30, 미진빌딩 지층 101호 (행당동)",에이블짐 한양대점,127.041474880283,37.560373300008,헬스장
2019,"서울특별시 성동구 무학로 33, 152동 b107호 (하왕십리동, 텐즈힐)","오늘, 운동",127.02634785313,37.5691641596929,헬스장
2020,"서울특별시 성동구 성수일로 21, 2층 (성수동1가)",PND,127.048675836569,37.5425334900341,헬스장
2021,"서울특별시 성동구 독서당로 202, B103호 (옥수동)",shut up and squat,127.013351442954,37.5429958801414,헬스장
2022,"서울특별시 성동구 행당로17길 1-57, B1층 (행당동)",리메이크 짐,127.033087732894,37.5588440733156,헬스장
2023,"서울특별시 성동구 금호로 117, B218호 (금호동2가, 금호자이1차)",더컨디셔닝,127.021435595291,37.5530604673758,헬스장
2024,"서울특별시 성동구 마장로 191, 성종보습학원 3층 (홍익동)",프로 짐,127.030965101103,37.5668491018047,헬스장
2025,"서울특별시 성동구 금호로 151, 3층 (금호동2가)",동핏,127.02014635581,37.5542856010364,헬스장
2026,"서울특별시 성동구 성수일로6길 53, 유원지식산업센터 3층 (성수동2가)",뉴바디필라테스&멀티트레이닝센터,127.055789372886,37.5442146717831,헬스장
2027,"서울특별시 성동구 한림말5길 9, 5층 (옥수동)",바른피티,127.016716439007,37.542011560152,헬스장
2028,"서울특별시 성동구 행당로 35, 금복빌딩 1층 (금호동1가)",바나나짐,127.023481346734,37.5558884003779,헬스장
2029,"서울특별시 성동구 천호대로 400, B101호 (용답동, 신창비바패밀리)",더 바디 피트니스,127.063321479459,37.5612964964549,헬스장
2030,"서울특별시 성동구 아차산로 97, 남영빌딩 3층 (성수동2가)",빌드업피트니스 &PT 성수역점,127.055123744487,37.5452324827558,헬스장
2031,"서울특별시 성동구 성수일로1길 1, B1층 (성수동1가)",짐타운,127.048132809172,37.5412979916279,헬스장
2032,"서울특별시 성동구 고산자로 255, 케이 타워 7층 (도선동)",PT STUDIO RE . ON,127.035699072815,37.5625820889316,헬스장
2033,"서울특별시 성동구 아차산로 92, S TOWER B102호 (성수동2가)",F45,127.054242462371,37.5447523880259,헬스장
2034,"서울특별시 성동구 마장로 291, 제일은행 2층 (마장동)",굿타임 PT,127.041939050117,37.5658522754099,헬스장
2035,"서울특별시 성동구 상원6길 14, 성수2차대우아파트 상가동 지하1층 (성수동1가)",크로스핏 핏불,127.049576121605,37.5489059718514,헬스장
2036,"서울특별시 성동구 성수일로 1, 2층 2호 (성수동1가)",무브먼트 프로젝트,127.047850218608,37.5408654463888,헬스장
2037,"서울특별시 성동구 왕십리로 410, H동 204,205호 (하왕십리동, 센트라스)",얼라이브짐,127.024082467223,37.5666029325047,헬스장
2038,"서울특별시 성동구 아차산로 91, 현진빌딩 2층 (성수동2가)",퀸 스페셜 PT,127.054482759879,37.545307923565,헬스장
2039,"서울특별시 성동구 왕십리로 363, 성동빌딩 401호 (하왕십리동)",찬스짐 PT,127.029688304878,37.5639812889316,헬스장
2040,"서울특별시 성동구 왕십리로14길 30-3, 2층 (성수동1가)",3GYM,127.047335484326,37.5483678238652,헬스장
2041,"서울특별시 성동구 금호산길 61, 동원빌딩 301호 (금호동2가)",와츠핏(What.s fit),127.019286546294,37.5536723452703,헬스장
2042,"서울특별시 성동구 성수이로 113, 제강빌딩 B1층 (성수동2가)",짐타임 성수역점,127.057127702049,37.5451422412538,헬스장
2043,"서울특별시 성동구 왕십리로 332, B1층 (도선동)",셀바디,127.033158634924,37.563048284529,헬스장
2044,"서울특별시 성동구 연무장17길 5, 지하1층 (성수동2가)",크로스핏 성수,127.060940216094,37.5412530634959,헬스장
2045,"서울특별시 중구 다산로 104, 현대빌딩 지하1층 (신당동)",파크짐 약수점,127.009872717914,37.5531766073037,헬스장
2046,"서울특별시 중구 명동길 55, 1동 14층 (명동1가)",제이엘스포츠,126.985394525951,37.5641417024991,헬스장
2047,서울특별시 중구 을지로5길 26 (수하동),(주)센터원웰니스,126.985208946848,37.5673399451193,헬스장
2048,서울특별시 중구 다산로 240 (신당동),베네짐,127.016539054107,37.5642092023857,헬스장
2049,서울특별시 중구 퇴계로 100 (회현동2가),(주)조선호텔앤리조트스테이트타워남산GYM,126.982926486564,37.5602069895052,헬스장
2050,"서울특별시 중구 삼일대로2길 50, 지하2층 (예장동)",(주)더한 오리엔스 호텔 & 레지던스,126.991080036683,37.5600157944943,헬스장
2051,"서울특별시 중구 서소문로11길 19, A동 1층 (정동, 배재정동빌딩)",엠피트니스,126.972089131199,37.5637878280982,헬스장
2052,"서울특별시 중구 퇴계로31길 16, 3층 (충무로3가, 우형빌딩)",이로운 퍼스널 트레이닝 스튜디오,126.99240484737,37.5618945555796,헬스장
2053,서울특별시 중구 세종대로 58 (남대문로4가),휘트니스센터,126.976471338841,37.5613118531632,헬스장
2054,"서울특별시 중구 다산로40길 14, 지하호 (신당동)",OUTFIT FITNESS,127.0167489277,37.5638180502941,헬스장
2055,"서울특별시 중구 삼일대로 358 (을지로2가, 신한LTower)",(주)스포짐앤밀론,126.988103724531,37.5664890113878,헬스장
2056,"서울특별시 중구 무교로 16, 대한체육회 체육회관 (무교동)",피트니스온 서울시청점,126.979527419796,37.5673418896892,헬스장
2057,서울특별시 중구 다산로 111 (신당동),베네짐,127.009880189384,37.5540509350624,헬스장
2058,서울특별시 중구 을지로11길 15 (수표동),시립서울청소년센터,126.990608893075,37.5670233476166,헬스장
2059,"서울특별시 중구 다산로 168, 성원빌딩 가동 5층 (신당동)",Medi & Fit (메디 앤 핏),127.013023379599,37.558442272308,헬스장
2060,서울특별시 중구 칠패로 42 (봉래동1가),(주)파크짐 서울역점,126.973559809484,37.5594743747373,헬스장
2061,서울특별시 중구 마른내로 146 (쌍림동),스카이 P.P,127.004172304234,37.5645558191847,헬스장
2062,"서울특별시 중구 장충단로 253, 헬로우APM (을지로6가)",시그니쳐 GYM,127.008078935255,37.567487097159,헬스장
2063,서울특별시 중구 다산로 185 (신당동),파크짐 청구점,127.013443806995,37.5601736712129,헬스장
2064,"서울특별시 중구 세종대로 135, 4층 (태평로1가, 코리아나호텔)",코리아나,126.976247211074,37.5678135772855,헬스장
2065,"서울특별시 중구 서소문로 115, 102~103호,한산빌딩 (서소문동)",짐구공 헬스 PT x 이라이요가 필라테스,126.973634591011,37.5634139995447,헬스장
2066,"서울특별시 중구 퇴계로 97, 고려대연각타워 지하2층 (충무로1가)",바디플렉스짐,126.982545572081,37.5609575542822,헬스장
2067,"서울특별시 중구 중림로 10, 2동 206호 (중림동, 중림동 삼성 사이버 빌리지)",올록볼록 PT Studio,126.964320892997,37.5589266608979,헬스장
2068,"서울특별시 중구 다산로46길 17, 청계천두산위브더제니스 2층 207호~209호호 (흥인동)",애슬릿 라이프,127.017122913186,37.5668675982177,헬스장
2069,서울특별시 광진구 광나루로 566 (구의동),초콜렛 휘트니스(무단폐업),127.092113889874,37.5439145956902,헬스장
2070,"서울특별시 광진구 자양로5길 33 (자양동, 와이엠프라젠스파)",웰플러스,127.084141036038,37.530921726612,헬스장
2071,"서울특별시 광진구 용마산로 44, 5층 (중곡동, 삼경빌딩)",코엑스짐 중곡점,127.088244321697,37.5574688324514,헬스장
2072,"서울특별시 광진구 능동로 373, 3층 (중곡동)",초콜릿 휘트니스,127.082267149875,37.5627301037268,헬스장
2073,서울특별시 광진구 천호대로 527  (중곡동),삼성남녀헬스센타,127.077315045243,37.5583973140118,헬스장
2074,서울특별시 광진구 자양로 52  (자양동),영광헬스피아,127.085623298028,37.53266004369,헬스장
2075,서울특별시 광진구 동일로 222  (군자동),역사헬스,127.069536441929,37.5514477117114,헬스장
2076,서울특별시 광진구 구의로 39  (구의동),멜론짐,127.0897313385,37.5414146254053,헬스장
2077,서울특별시 광진구 면목로11길 10  (중곡동),파워헬스,127.081106387947,37.5668540446479,헬스장
2078,서울특별시 광진구 능동로7길 50 (자양동),세븐짐 휘트니스,127.066411745464,37.537759999792,헬스장
2079,"서울특별시 광진구 천호대로 548, 지하1층 (군자동)",핏퍼스트,127.07899226716,37.5568272074713,헬스장
2080,"서울특별시 광진구 광나루로 604, 지하1층 (구의동, 진넥스 베르디엠)",아크로짐 구의점,127.094914025322,37.5415780693025,헬스장
2081,"서울특별시 광진구 구의강변로 106, 101동 지하1층 114(113호일부포함)호 (구의동, 삼성쉐르빌)",비터스윗코리아,127.09489656845,37.53985699394,헬스장
2082,"서울특별시 광진구 아차산로 477, 지하1층 (구의동)",제이 퍼스널 트레이닝 스튜디오,127.094682805056,37.5407332074799,헬스장
2083,서울특별시 광진구 능동로13길 39  (화양동),역발산센터,127.069757721395,37.543959020957,헬스장
2084,"서울특별시 광진구 아차산로 380, 5층 (자양동, 세화빌딩)",휘트니스피플우먼 구의점,127.085000660297,37.5366171473808,헬스장
2085,서울특별시 광진구 뚝섬로56길 59  (자양동),광운헬스,127.082915384605,37.5288357843457,헬스장
2086,"서울특별시 광진구 아차산로 272, 더샵스타시티 지하1층 (자양동)",주식회사 헬스보이컴퍼니,127.072996184863,37.5385582736952,헬스장
2087,"서울특별시 광진구 천호대로 805, 석원빌딩 4층 (광장동)",바디케어짐,127.103261700163,37.5457429607071,헬스장
2088,"서울특별시 광진구 아차산로 563, 대한제지(주) 사옥 지하2층 (광장동)",짐 퍼스트 광장점,127.10293064906,37.5441340657514,헬스장
2089,"서울특별시 광진구 영화사로 24  (중곡동,동화빌딩  5층)",JM휘트니스,127.089751245244,37.5571691061483,헬스장
2090,"서울특별시 광진구 면목로17길 40 (중곡동, 동방프라자 지하1층 101호, 102호)",광명 휘트니스,127.081074719437,37.5708453857498,헬스장
2091,"서울특별시 광진구 천호대로129길 29  (중곡동,2층)",드림헬스클럽,127.091123493697,37.5531645632465,헬스장
2092,"서울특별시 광진구 천호대로 675, 6층 (구의동, 화동빌딩)",휴먼짐,127.090607062878,37.5509841854276,헬스장
2093,"서울특별시 광진구 구천면로 14 (광장동, 광진구민체육센터)",광진구민체육센터,127.106801004255,37.546009932009,헬스장
2094,"서울특별시 광진구 면목로17길 40, 2층 203호 (중곡동, 동방프라자)",동방헬스,127.081074719437,37.5708453857498,헬스장
2095,"서울특별시 광진구 용마산로 10, 4층 (중곡동, 대붕빌딩)",바디메이트 짐,127.088841013335,37.5545352784401,헬스장
2096,"서울특별시 광진구 영화사로 1  (중곡동,2층)",파워존,127.088299645079,37.5586988321461,헬스장
2097,서울특별시 광진구 뚝섬로 632 (자양동),타운케이 휘트니스,127.079745148343,37.531792260563,헬스장
2098,"서울특별시 광진구 아차산로 399, 3층 (구의동)",이루어짐 구의점,127.087037269394,37.5375919877085,헬스장
2099,"서울특별시 광진구 아차산로 241, 6층 (화양동, 연한빌딩)",맥스토탈휘트니스,127.070150304742,37.5405050771385,헬스장
2100,"서울특별시 광진구 동일로 190, 비02호 (군자동)",SAP,127.068125738717,37.548756531346,헬스장
2101,"서울특별시 광진구 광나루로 346, 2층 (화양동, 브라운스톤화양)",시너지휘트니스,127.068368353438,37.5480052286217,헬스장
2102,"서울특별시 광진구 능동로 259  (군자동,지하)",휘트니스파크,127.077086878597,37.5533432283603,헬스장
2103,"서울특별시 광진구 군자로 108 (군자동, 군자빌딩)",머슬 H 휘트니스,127.072077273413,37.5526223508227,헬스장
2104,"서울특별시 광진구 뚝섬로23길 43  (자양동,2층)",상록헬스크리닉,127.065791457413,37.5373527344944,헬스장
2105,서울특별시 광진구 아차산로 373  (구의동),메트로헬스,127.084032696421,37.5370119376395,헬스장
2106,서울특별시 광진구 용마산로 120 (중곡동),스타일휘트니스클럽(무단폐업),127.087014436965,37.5643811995883,헬스장
2107,"서울특별시 광진구 뚝섬로 622-1  (자양동,지하1층)",아름다운휘트니스,127.078807204044,37.5320827422087,헬스장
2108,"서울특별시 광진구 광나루로 410, B1층 04~06호 (화양동, KCC파크타운)",샤인휘트니스 어린이대공원역점,127.075047996201,37.5465622772815,헬스장
2109,"서울특별시 광진구 천호대로 646, 지하1층 (능동, 능동나이스빌딩)",휘트니스 트리,127.08858153862,37.5529339501061,헬스장
2110,"서울특별시 광진구 군자로 75 (군자동, 지장빌딩)",시티짐 군자,127.070637248828,37.5499192356639,헬스장
2111,"서울특별시 광진구 구의로 6 (구의동, 신호빌딩)",세종 남여헬스(무단폐업),127.089346755579,37.5384927045864,헬스장
2112,서울특별시 광진구 자양로 173  (구의동),화인헬스,127.084191575904,37.5432717904262,헬스장
2113,서울특별시 광진구 자양로18길 67 (구의동),Choi.s Body Balance,127.087353582064,37.5384268009902,헬스장
2114,"서울특별시 광진구 뚝섬로 656, 2층 (자양동)",NX PT STUDIO,127.082362161048,37.5313027525693,헬스장
2115,"서울특별시 광진구 능동로 268, 2층 (능동)",2MR 휘트니스,127.078035889181,37.5538530201741,헬스장
2116,"서울특별시 광진구 능동로19길 57, 3층 301호 (화양동)",휘트니스 에이치투(폐업),127.070502682444,37.5473821042898,헬스장
2117,"서울특별시 광진구 능동로19길 35, 지하3층 (화양동)",휘트니스베이 24시 건대점,127.07184990385,37.547068014965,헬스장
2118,"서울특별시 광진구 아차산로 484, 지하1층 (구의동)",노경우 퍼스널 트레이닝,127.095646084596,37.5407523432876,헬스장
2119,"서울특별시 광진구 아차산로 599 (광장동, 광장동 신동아 파밀리에)",BODY119(바디119),127.104175719093,37.5469076897327,헬스장
2120,"서울특별시 광진구 뚝섬로 585 (자양동, 신축빌딩)",워라밸피트니스 자양점,127.075051511089,37.5335871571865,헬스장
2121,"서울특별시 광진구 아차산로 438, 지하1층 (구의동)",제이바디웍스,127.091306726945,37.5382364927306,헬스장
2122,"서울특별시 광진구 능동로4길 17, 원우상가 3층 (자양동)",라이크핏,127.068765049014,37.5334117759221,헬스장
2123,"서울특별시 광진구 아차산로 481, 3층 (구의동)",커브스구의클럽,127.09495568783,37.5409712126509,헬스장
2124,"서울특별시 광진구 구의강변로 45, 5층 (구의동, 구의동 복합빌딩)",마크짐 휘트니스 - 강변역점,127.09130727989,37.5348853120226,헬스장
2125,"서울특별시 광진구 광나루로17길 10  (군자동,3층)",원모어 퍼스널트레이닝 스튜디오,127.072861336247,37.5481167883366,헬스장
2126,"서울특별시 광진구 아차산로 453  (구의동,(4층))",프라임헬스클럽,127.092393107943,37.5393804582108,헬스장
2127,서울특별시 광진구 자양로 312  (구의동),아차산헬스클럽,127.093402430842,37.5531023255549,헬스장
2128,"서울특별시 광진구 천호대로 510  (군자동,(3층))",군자휘트니스 크럽,127.074990946567,37.5585175644249,헬스장
2129,"서울특별시 광진구 아차산로 511  (광장동,지층)",순수여성헬스,127.0981487709,37.5421412526484,헬스장
2130,"서울특별시 광진구 자양로26길 31, 2층 201호 (구의동, 명진빌딩)",파나마 헬스클럽,127.085731129431,37.5415636493155,헬스장
2131,"서울특별시 광진구 아차산로70길 62, 지하1,2층 (광장동, 광장현대3단지아파트)",비스코헬스케어,127.098995313099,37.5403766593492,헬스장
2132,"서울특별시 광진구 군자로 137  (군자동,2층)",바디앤소울,127.074345512389,37.5542086826781,헬스장
2133,서울특별시 광진구 자양로 86 (자양동),웨스트짐 헬스&PT,127.084433407506,37.5353618301028,헬스장
2134,"서울특별시 광진구 아차산로78길 44, 지하1층 (광장동)",리버사이드 스포츠,127.10990666093,37.5507930950574,헬스장
2135,서울특별시 광진구 용마산로 111  (중곡동),용곡체육관,127.086643404936,37.5635945424938,헬스장
2136,"서울특별시 광진구 자양번영로 42 (자양동, 공주빌딩)",유진헬스클럽,127.075949906451,37.5333130389845,헬스장
2137,"서울특별시 광진구 천호대로111길 9, 2층 (중곡동)",몸가짐 PT&필라테스,127.081968310919,37.5569150083409,헬스장
2138,"서울특별시 광진구 광나루로56길 34, 구의현대2단지 상가동 304호 (구의동)",드바디샵,127.096635162056,37.5381404407348,헬스장
2139,"서울특별시 광진구 광나루로 582, 지층 (구의동, 세종빌딩)",크로스핏 팀앤디,127.093373585774,37.5431337915553,헬스장
2140,"서울특별시 중구 서소문로 124, 씨티스퀘어 지하2층 201호~206호 (서소문동)",서울시청역점 스포애니 (주)케이디헬스케어헬스케어,126.975223589679,37.56310620292,헬스장
2141,"서울특별시 광진구 광나루로 352, 2층 202호 (화양동)",조승호 아톰 휘트니스 PT,127.068799159528,37.548003086303,헬스장
2142,"서울특별시 광진구 천호대로 666, 그랜드파크 오피스텔 202,203,302호 (구의동)",Youn-A PT샵,127.08931299554,37.5513571934247,헬스장
2143,서울특별시 광진구 광나루로 379  (군자동),동부육체미,127.072086799991,37.5482959317387,헬스장
2144,"서울특별시 광진구 동일로30길 23, 지층 (화양동, 케이타워오피스텔B)",휘트니스우먼,127.068545520549,37.5477092379564,헬스장
2145,"서울특별시 광진구 뚝섬로 742, 지하2층 (구의동, 광성빌딩)",더케이짐,127.091432175278,37.5342254126939,헬스장
2146,"서울특별시 광진구 광나루로 586, 6층 (구의동)",원모어핏,127.093703340621,37.5428801693639,헬스장
2147,"서울특별시 광진구 뚝섬로56가길 13, 현대3차 301동앞 상가 301호 (자양동)",더블핏(Double Fit),127.083464668368,37.5283483160196,헬스장
2148,"서울특별시 광진구 천호대로 653, 지층 (중곡동)",아차산역점 스포애니 주)케이디헬스케어,127.089651674655,37.5528436733499,헬스장
2149,"서울특별시 광진구 능동로 276, 한성빌딩 지하1층 101호 (능동)",스포니스 군자점 PT&헬스,127.078315811727,37.5544423575864,헬스장
2150,"서울특별시 광진구 능동로 255, B01호 (군자동)",에프에이스포츠,127.076891807291,37.5529357441553,헬스장
2151,"서울특별시 광진구 동일로22길 35, 지하1층 (화양동)",스포츠컨디셔닝센터 FMETS & D.FLAB,127.066299424486,37.542142796519,헬스장
2152,"서울특별시 광진구 면목로 12, 2층 (군자동)",백트니스 GYM,127.075594139455,37.5552233141176,헬스장
2153,"서울특별시 광진구 광나루로56길 66, 강변상가 (구의동)",퍼스트 핏(FIRST FIT),127.095325738894,37.5370965251329,헬스장
2154,"서울특별시 광진구 아차산로65길 14, B1층 (구의동)",삼손스포츠수기명가,127.094069906397,37.5410358024605,헬스장
2155,"서울특별시 광진구 용마산로 36, 지층 (중곡동)",크로스핏 라온2,127.088343328598,37.5567787748257,헬스장
2156,"서울특별시 광진구 영화사로 65, 2층 (구의동)",몸의형태,127.093527500692,37.554927287196,헬스장
2157,"서울특별시 광진구 군자로 31-1, 지층 (화양동)",3R GYM,127.070281435465,37.5460382162637,헬스장
2158,"서울특별시 광진구 아차산로 456, 지층 (구의동)",빌리버짐 구의점 헬스& PT,127.093063747906,37.539111884155,헬스장
2159,"서울특별시 광진구 능동로 405, 2층 (중곡동)",토니바디&PT 중곡점,127.083727984859,37.5653279999838,헬스장
2160,"서울특별시 광진구 광나루로 346, 2층 (화양동, 브라운스톤 화양)",브라운 휘트니스,127.068368353438,37.5480052286217,헬스장
2161,"서울특별시 광진구 아차산로 532, 6층 (광장동)",르와짐,127.10049051852,37.542341287112,헬스장
2162,"서울특별시 광진구 영화사로 37-1, 지하1층 (중곡동)",던전짐,127.091216227485,37.5565462954327,헬스장
2163,"서울특별시 광진구 뚝섬로56길 21, 지층 (자양동)",Must run 스피드 트레이닝 센터,127.082722393703,37.5304877254473,헬스장
2164,"서울특별시 광진구 능동로19길 57, 3층 (화양동)",스포니스 화양점,127.070502682444,37.5473821042898,헬스장
2165,"서울특별시 광진구 아차산로 635, 한수상가 3층 11호 (광장동)",W PT STUDIO,127.107218494339,37.549439564541,헬스장
2166,"서울특별시 광진구 능동로7길 50, 재화빌딩 3층 (자양동)",토니바디PT& 건대점,127.066411745464,37.537759999792,헬스장
2167,"서울특별시 광진구 광나루로 531, 지층 (구의동)",coworker(코워커),127.088660665489,37.5451177300534,헬스장
2168,"서울특별시 광진구 동일로60길 45, 지층 (군자동)",프리원핏 군자점,127.075889563075,37.5578316018186,헬스장
2169,"서울특별시 광진구 자양로41길 10, 델리카빌딩 3층 (구의동)",다이나믹짐스튜디오,127.089932804903,37.5499385519802,헬스장
2170,"서울특별시 광진구 뚝섬로 596, 3층 (자양동)",에이투짐(A2GYM),127.075940379167,37.5329550774725,헬스장
2171,"서울특별시 광진구 능동로 332, 동아빌딩 5,6,7층 (중곡동)",군자역점 스포애니 (주)케이디헬스케어,127.080844369091,37.5591190813765,헬스장
2172,"서울특별시 광진구 자양로18길 33, 2층 (구의동)",몸가짐 휘트니스 구의점,127.085377532762,37.5379950453599,헬스장
2173,"서울특별시 광진구 자양로18길 5, 4층 (구의동)",도움pt,127.083844149774,37.5375769086631,헬스장
2174,"서울특별시 광진구 뚝섬로 741, 2층 (구의동)",어반더핏,127.091241139559,37.5344602710937,헬스장
2175,"서울특별시 광진구 광나루로 619, 2층 (광장동)",휘트니스풀바디,127.096637520597,37.5410200339713,헬스장
2176,"서울특별시 광진구 동일로30길 22-6, 지층 (화양동)",헤이스짐,127.068313013368,37.5473810487753,헬스장
2177,"서울특별시 광진구 아차산로 473, 3층 (구의동)",더 핏 하이브(The Fit Hive),127.094283451142,37.5405187287016,헬스장
2178,"서울특별시 광진구 아차산로 607, 지층 (광장동, 빌딩S존)",버닝타임짐,127.106047380217,37.547378597376,헬스장
2179,"서울특별시 광진구 뚝섬로 535, 2층 (자양동)",그로우무브,127.069731342384,37.5350747269373,헬스장
2180,"서울특별시 광진구 구의강변로 86, 3층 303,304호 (구의동)",바디랩 그룹트레이닝 & PT 강변점,127.094039760254,37.5381146951572,헬스장
2181,"서울특별시 광진구 능동로 271, 동산빌딩 3층 (군자동)",언제나 바디 습관 PT,127.077582721311,37.5542593083439,헬스장
2182,"서울특별시 광진구 면목로 161, 중곡빌딩 4층 (중곡동)",마스터짐,127.082032319458,37.5677094408244,헬스장
2183,"서울특별시 광진구 뚝섬로 548, 이주빌딩 지층 (자양동)",테일러 필라테스&피티,127.07086105894,37.5344644374436,헬스장
2184,"서울특별시 광진구 광나루로 374, 건대 트레비앙 오피스텔 B1,B2층 (화양동)",짐박스피트니스 어린이대공원점,127.071286115641,37.5475204778244,헬스장
2185,"서울특별시 광진구 능동로 90, 4층 (자양동, 더클래식500)",건국AMC The Classic 500,127.070921773952,37.5383625791299,헬스장
2186,"서울특별시 광진구 아차산로 207, 선일빌딩 3층 (화양동)",휘트니스피플우먼 건대점,127.066734169243,37.5415193302309,헬스장
2187,"서울특별시 광진구 능동로 324-1, 3층 (중곡동)",임스타핏,127.080467762317,37.5585364837547,헬스장
2188,"서울특별시 광진구 뚝섬로52길 20, 지하1층 (자양동)",근 & 짐,127.079031371693,37.5311568138115,헬스장
2189,서울특별시 광진구 자양로 138 (구의동),원더바디핏,127.083494049323,37.5399892236669,헬스장
2190,"서울특별시 광진구 자양로 257, 국제빌딩 3층 (구의동)",발레전문체력 능동센터,127.089616584485,37.5492456544444,헬스장
2191,"서울특별시 광진구 천호대로 576, 지층 (능동)",365PT,127.081801499149,37.5558878970515,헬스장
2192,"서울특별시 광진구 뚝섬로 468, 대원빌딩 2층 (자양동)",캐리스타 휘트니스 영동대교 4호점,127.062189987466,37.5367678645195,헬스장
2193,"서울특별시 광진구 구의로 4, 지층 (구의동)",크로스핏 썬즈(CROSSFIT SUNS),127.089289559874,37.538350750252,헬스장
2194,"서울특별시 광진구 아차산로76길 19, 지층 (광장동)",웰니스핏,127.108050511567,37.5473463276468,헬스장
2195,"서울특별시 광진구 구의강변로 88, 4층 (구의동)",정스짐 여성전문 PT & 헬스,127.094162507307,37.5383706615349,헬스장
2196,"서울특별시 광진구 동일로18길 107, 지하2층 (자양동)",휘트니스베이24시 건대역점,127.068709933053,37.538326224975,헬스장
2197,"서울특별시 광진구 아차산로 453, 2층 (구의동)",정스짐,127.092393107943,37.5393804582108,헬스장
2198,"서울특별시 광진구 아차산로51길 32, 한미빌딩 3층 (구의동)",짐유어짐,127.085174920864,37.5383236061814,헬스장
2199,"서울특별시 광진구 광나루로 604, 진넥스 베르디엠 4층 (구의동)",더컨디셔닝 광장점,127.094914025322,37.5415780693025,헬스장
2200,"서울특별시 광진구 광나루로 341, 3층 302호 (군자동)",근모닝PT,127.067906666763,37.5485203256233,헬스장
2201,"서울특별시 광진구 광나루로 369, 지하1층 (군자동, 광진두산위브파크)",에이블짐 어린이대공원역점,127.071049482737,37.5484610827889,헬스장
2202,"서울특별시 광진구 뚝섬로 541, 지하1층 B101호 (자양동)",마일로짐,127.07035980227,37.534904335365,헬스장
2203,"서울특별시 광진구 동일로24길 18-1, 지하1층 (화양동)",우리동네 PT샵,127.066188006511,37.5437216802765,헬스장
2204,"서울특별시 광진구 능동로36길 25, 웅래빌딩 5층 (능동)",해부학적 운동 군자점,127.080569188225,37.5560308316584,헬스장
2205,"서울특별시 광진구 능동로 315, 3층 (중곡동)",지니 짐,127.079606886803,37.5578571749942,헬스장
2206,"서울특별시 광진구 광나루로56길 85, 테크노-마트21 12층 001호 (구의동)",버핏그라운드 강변테크노마트,127.095692162256,37.535725176732,헬스장
2207,"서울특별시 광진구 자양로 65, 지하1층 (자양동)",에이투짐,127.08436627899,37.5336235776274,헬스장
2208,"서울특별시 광진구 아차산로 491, 지하1층 (광장동)",초이스짐,127.096002508411,37.5418096472567,헬스장
2209,"서울특별시 광진구 면목로 127, 지하1층 (중곡동, 신성그랜드타워)",엠크루짐 헬스/PT,127.080415923364,37.5650621660135,헬스장
2210,"서울특별시 광진구 광나루로52길 98, 지하1층 (구의동)",714GYM,127.090589309444,37.5392127380538,헬스장
2211,"서울특별시 광진구 군자로 186, 2층 (군자동)",모두짐,127.078560945637,37.557033283008,헬스장
2212,"서울특별시 광진구 광나루로56길 63, 프라임프라자 206,227호 (구의동)",더프라임PT,127.096160584389,37.5367887874337,헬스장
2213,"서울특별시 광진구 천호대로 531-1, 지하1층 (중곡동)",이너라인 GYM,127.077731570239,37.5583179329896,헬스장
2214,"서울특별시 광진구 강변역로4길 10, 강변역지너스타워 지층 (구의동)",리몸델링짐 PT&필라테스 구의점,127.093405063055,37.5353492183772,헬스장
2215,"서울특별시 광진구 구의로 54, 지층 (구의동)",프리원핏 구의점,127.090311346737,37.5427200917815,헬스장
2216,"서울특별시 광진구 아차산로 208, 상록빌딩 3층 (자양동)",몸가짐휘트니스 건대입구점,127.066489240108,37.5410609496687,헬스장
2217,"서울특별시 광진구 동일로 190, 지하1층 (군자동, 에피소드 1(Episode 1))",위아짐,127.068125738717,37.548756531346,헬스장
2218,"서울특별시 광진구 긴고랑로 57, 2층 (중곡동)",피트니즈 PT 중곡점,127.082817425937,37.5622974209787,헬스장
2219,"서울특별시 광진구 자양로26길 31 (구의동, 명진빌딩)",휘트니스헬스타운,127.085731129431,37.5415636493155,헬스장
2220,서울특별시 광진구 자양로18길 31  (구의동),A.s휘트니스여성헬스,127.085180422232,37.5378880587944,헬스장
2221,"서울특별시 광진구 자양로22길 24 (구의동, 천서빌딩)",나우휘트니스,127.084750927093,37.5394964725263,헬스장
2222,"서울특별시 광진구 구의강변로 106, 2층 201호 (구의동, 삼성쉐르빌)",이지피티스튜디오,127.09489656845,37.53985699394,헬스장
2223,"서울특별시 광진구 아차산로 294 (자양동, 지하1층)",크로스핏 라온,127.075537335663,37.5381863645545,헬스장
2224,"서울특별시 광진구 자양로 109 (자양동, 구의현대홈시티 지하 101호)",엠엔엠 피트니스골프,127.083099910723,37.5374066951935,헬스장
2225,"서울특별시 광진구 군자로 70, 2층 (군자동, 동일흥업주식회사)",시티짐 군자 필라테스&헬스,127.07086163412,37.5490604497643,헬스장
2226,"서울특별시 광진구 능동로13길 39 (화양동, 한아름쇼핑센타 건물 2층)",휘트니스 타운케이,127.069757721395,37.543959020957,헬스장
2227,"서울특별시 광진구 능동로 7, 2층 (자양동)",캐리스타 휘트니스(CALISTA FITNESS),127.066771358767,37.5323407288608,헬스장
2228,"서울특별시 광진구 아차산로 355, 3층 (자양동)",맥 클라우드,127.082565478795,37.5373676062503,헬스장
2229,"서울특별시 광진구 능동로 314, 공영빌딩 6층 전체, 5층 502호 (중곡동)",코엑스짐 군자역점,127.080039873331,37.5576188388403,헬스장
2230,"서울특별시 광진구 아차산로30길 36 (자양동, 서울특별시 동부여성발전센타)",서울특별시 동부여성발전센터,127.066717912956,37.5394028008357,헬스장
2231,"서울특별시 광진구 능동로 76 (자양동, 광진문화예술회관및구의회청사)",광진문화예술회관,127.070576040786,37.5375706269359,헬스장
2232,"서울특별시 광진구 뚝섬로 558, 대양빌딩 405호 (자양동)",커브스 자양클럽,127.071843016145,37.5341117330817,헬스장
2233,"서울특별시 광진구 광나루로 531, 3층 (구의동)",앨리스 핏,127.088660665489,37.5451177300534,헬스장
2234,"서울특별시 광진구 아차산로 292, 7층 (자양동)",클레어 필라테스&PT 건대점,127.075286282926,37.5383197827852,헬스장
2235,"서울특별시 광진구 동일로24길 86, 지층 (화양동)",피티니스,127.069597782507,37.5425668010567,헬스장
2236,"서울특별시 광진구 자양번영로 19, 지하1층 (자양동)",짐에잇,127.074922593307,37.5313872650085,헬스장
2237,"서울특별시 광진구 뚝섬로 607, 3층 (자양동)",피트니즈 자양점,127.077303048476,37.5328640031789,헬스장
2238,"서울특별시 광진구 자양로 281, 누리빌딩 4층 (구의동)",흙감자PT,127.091485930441,37.5510898255209,헬스장
2239,"서울특별시 광진구 용마산로 110, 토끼빌딩 2층 (중곡동)",블랙스짐,127.087235358929,37.5633944458469,헬스장
2240,"서울특별시 광진구 뚝섬로 523, 보은빌딩 지층 (자양동)",에이투짐 건대점,127.068228660088,37.5355317812501,헬스장
2241,"서울특별시 광진구 능동로 389, 201호 (중곡동)",라인피티,127.083028019514,37.5640960219113,헬스장
2242,"서울특별시 광진구 구의강변로 88, 지층 (구의동)",물리치료사의 기능성 트레이닝,127.094162507307,37.5383706615349,헬스장
2243,서울특별시 광진구 자양번영로6길 15 (자양동),프리원핏 건대점,127.076374318503,37.5324493361232,헬스장
2244,"서울특별시 광진구 아차산로 463, 신선 빌딩 지층 (구의동)",도지 휘트니스 강변역,127.093415398066,37.5400062091711,헬스장
2245,"서울특별시 광진구 동일로22길 81, 지하1층 (화양동, 캠퍼스 프라자)",짐박스피트니스 건대입구점,127.068791662125,37.5414450784985,헬스장
2246,"서울특별시 광진구 아차산로30길 26, 지하1층 (자양동)",에이블짐 건대입구역점,127.066887730045,37.5397607621364,헬스장
2247,"서울특별시 광진구 능동로 374, 지하1층 (중곡동)",머슬킹 익스프레스,127.082716519411,37.5625504013882,헬스장
2248,서울특별시 광진구 광나루로 606 (구의동),이타짐 PT 구의점,127.095126583076,37.5413562523983,헬스장
2249,"서울특별시 중구 퇴계로86길 70, 준빌딩 3층 (신당동)",베네핏,127.018696899098,37.5626194326071,헬스장
2250,"서울특별시 중구 청계천로 400, 2032호 (황학동, 롯데캐슬베네치아)",(주)머슬인더박스,127.021463886656,37.5708105464699,헬스장
2251,"서울특별시 중구 남대문로9길 40, 센터플레이스(Center Place) (다동)",엠씨티 짐 시청,126.980368823536,37.5671421016237,헬스장
2252,"서울특별시 동작구 상도로 332, 지하1층 (상도동)",101짐 PT 상도점,126.951284331156,37.4985166887334,헬스장
2253,"서울특별시 중구 서소문로 89-31, 알라딘빌딩 지하1·2층 (순화동)",겟투잇 피트니스 필라테스,126.971254012533,37.5638725916722,헬스장
2254,"서울특별시 중구 다산로 107, 삼양빌딩 3층 (신당동)",제이현핏 PT 스튜디오,127.009622335265,37.5536619054708,헬스장
2255,"서울특별시 중구 다산로36길 20, 2층 (신당동)",그로브짐,127.016250718204,37.5624176110198,헬스장
2256,"서울특별시 중구 을지로9길 2, 3층 (을지로2가)",해핏 PT,126.988512461487,37.56643922679,헬스장
2257,"서울특별시 중구 퇴계로 447, 지하층 B142호 (황학동, 황학 아크로타워)",(주)스포짐옐로우 신당역점,127.021721835241,37.5660419798503,헬스장
2258,"서울특별시 중구 다산로36길 53, 2층 202호 (신당동)",마인PT & 필라테스 신당청구점,127.017847531193,37.5615295383478,헬스장
2259,"서울특별시 중구 삼일대로 299, 성창빌딩 지하층 B,C호 (충무로2가)",더블에스 휘트니스,126.988490465272,37.5615320382121,헬스장
2260,"서울특별시 중구 청계천로 24, 케이스퀘어시티 (다동)",에이원 휘트니스,126.98020965303,37.5685159133492,헬스장
2261,서울특별시 중구 난계로 159 (황학동),조인성 퍼스널트레이닝 No.3,127.023359450898,37.565652797302,헬스장
2262,"서울특별시 중구 퇴계로 307, 광희빌딩 지하1층 (광희동1가)",파크짐,127.005728381666,37.5643034749831,헬스장
2263,"서울특별시 중구 청계천로 86, 한화빌딩 29층 (장교동)",GYM29,126.986526801038,37.5675213832268,헬스장
2264,"서울특별시 중구 을지로 170, 동관동 3층 301호 (을지로4가)",㈜에이치비스포츠아이엔씨,126.99732748195,37.5661391831606,헬스장
2265,"서울특별시 중구 통일로 78, 프레이저플레이스센트럴서울 (순화동)",디에스디엘(주) 프레이저플레이스 센트럴 호텔,126.969774286437,37.5625812744423,헬스장
2266,"서울특별시 중구 퇴계로 456, 3층 (신당동)",스윗짐,127.022159634615,37.5652198296745,헬스장
2267,"서울특별시 중구 서애로1길 10, P&C제일 3,4층 (필동3가)","러쉬클랜 주짓수,PT,헬스",126.998466728,37.5609382016912,헬스장
2268,"서울특별시 중구 세종대로 14, 그랜드센트럴 4층 (남대문로5가)",그랜드센트럴 피트니스,126.9744151,37.5578385325826,헬스장
2269,"서울특별시 중구 청계천로 400, 상가동 2층 2089호 (황학동, 롯데캐슬베네치아)",긍정체육관,127.021463886656,37.5708105464699,헬스장
2270,"서울특별시 중구 세종대로 135, 코리아나호텔 4층 (태평로1가)",피트니스비엠 ㈜피트비엠,126.976247211074,37.5678135772855,헬스장
2271,"서울특별시 중구 삼일대로 363, 장교빌딩 지하1층 68호 (장교동)",크로스핏 삼손,126.987052299704,37.5671565387212,헬스장
2272,"서울특별시 중구 을지로 264, 동대문패션TV 6층 (을지로6가)",샤머니짐 헬스&PT 동대문점,127.007079629799,37.5657600422078,헬스장
2273,"서울특별시 중구 다산로 137, 다산빌딩 5층 (신당동)",델피 운동센터,127.011132739428,37.5561361827733,헬스장
2274,"서울특별시 중구 무교로 21, 지하1층,더익스체인지서울 (무교동)",헬스보이짐 앤 필라걸 서울시청점,126.978742292002,37.5678548680217,헬스장
2275,서울특별시 중구 다산로18길 23 (신당동),one shop,127.013304429748,37.5566982705714,헬스장
2276,"서울특별시 중구 세종대로 136, 파이낸스빌딩 (태평로1가)",버핏그라운드 광화문,126.97825653257,37.5684232177354,헬스장
2277,"서울특별시 중구 삼일대로 343, 대신파이낸스센터(Daishin Finance Center) (저동1가)",피트니스101,126.986959615068,37.5651004556362,헬스장
2278,"서울특별시 중구 동호로10길 6, 301호 (신당동)",스포니스 약수점,127.011747637038,37.5541077070949,헬스장
2279,"서울특별시 중구 청계천로 86, 한화빌딩 28층 (장교동)",무와 웰니스 랩,126.986526801038,37.5675213832268,헬스장
2280,"서울특별시 중구 동호로14길 47, BIFA빌딩 2층 (신당동)",키네틱 피티 스튜디오,127.00966045438,37.5570184790347,헬스장
2281,"서울특별시 중구 장충단로 187, 백림빌딩 3층 (장충동1가)",엠씨티 짐 장충,127.005943216742,37.5615371348075,헬스장
2282,"서울특별시 용산구 한남대로42길 33, 1층 (한남동)",짐나우 퍼스널트레이닝,127.002870076546,37.5436463107955,헬스장
2283,"서울특별시 용산구 효창원로 132, 지하2층 (효창동)",라온휘트니스,126.96176853736,37.539777571047,헬스장
2284,"서울특별시 용산구 한남대로 76, 한남프라자 4층 (한남동)",진핏퍼스널트레이닝,127.006549413089,37.5355614904423,헬스장
2285,"서울특별시 용산구 이태원로 216, 3층 (한남동)",디스이즈짐(THIS IS GYM),126.998136551597,37.5346871460213,헬스장
2286,"서울특별시 용산구 독서당로 67, 서울빌딩 4층 402호 (한남동)",팀하드 피트니스,127.008153600765,37.5338685001492,헬스장
2287,"서울특별시 용산구 한강대로 296, 참빛빌딩 지하1층 (남영동)",스포벡휘트니스,126.972459139429,37.5447120796372,헬스장
2288,"서울특별시 용산구 한강대로43길 8, 104동 B1층 B02-B16호 (한강로2가, 벽산메가트리움)",워너블짐,126.969753021045,37.5325823332194,헬스장
2289,"서울특별시 용산구 한강대로 56-1, 4층 (한강로3가)",제이핏,126.964984366075,37.5257370973724,헬스장
2290,"서울특별시 용산구 후암로 41, 2층 (후암동)",위워크아웃,126.977306560055,37.5495789552531,헬스장
2291,"서울특별시 용산구 백범로 341, A동 B1층 115-118호 (원효로1가, 리첸시아 용산)",내셔널짐 피티&골프,126.967973433167,37.5379386735674,헬스장
2292,"서울특별시 용산구 이태원로 145, 동호프라자.외환은행 (이태원동)",이태원짐,126.989907748728,37.5345885203978,헬스장
2293,"서울특별시 용산구 장문로 14, 우성빌딩 3층 (동빙고동)",국대교정,126.992169732044,37.5286815474116,헬스장
2294,"서울특별시 용산구 장문로6길 4, 뉴포트 5층 (동빙고동)",Sanctuary,126.992495377826,37.5281897116842,헬스장
2295,"서울특별시 용산구 독서당로 70, 현대리버티하우스 4층 404호 (한남동)",F45 트레이닝 한남,127.008698229017,37.533599152103,헬스장
2296,"서울특별시 용산구 백범로87길 54, 아카데미문화사 2층 (원효로1가)",마음다짐,126.969576880869,37.5395034140355,헬스장
2297,"서울특별시 용산구 이태원로 223-5, 유니언타운 (한남동)",업핏 한남,126.998385331703,37.5355733740257,헬스장
2298,"서울특별시 용산구 한강대로 273, 용산빌딩 지하1층 (갈월동)",스카이짐 GDR골프아카데미 헬스,126.972115713764,37.542568701611,헬스장
2299,"서울특별시 용산구 이태원로 217, 현대안성타워 3층 (한남동)",시크모어 웰니스 스튜디오,126.997906520276,37.535176385593,헬스장
2300,"서울특별시 용산구 유엔빌리지길 254, 3층 (한남동)",랜스앤제이 퍼스널 트레이닝 스튜디오,127.011779894761,37.5354346741354,헬스장
2301,"서울특별시 용산구 한남대로 60, D동 1층 122호 (한남동, 금호리첸시아)",유즈웰(USEWELL),127.008192362263,37.5344843315796,헬스장
2302,"서울특별시 용산구 장문로19길 4, 3층 (보광동, (주)동양과학)",제이짐,126.997818532998,37.5261107778176,헬스장
2303,"서울특별시 용산구 이촌로 192, B1층 (이촌동, 제일맨션)",더블에이 이촌,126.968385483185,37.5211245635258,헬스장
2304,"서울특별시 용산구 이촌로 347, 3층 301,302호 (서빙고동, 신동아아파트)",피트 트레이닝센터,126.989737216338,37.5191002810313,헬스장
2305,"서울특별시 용산구 독서당로 97, B2층 (한남동, 다음소프트)",파프짐,127.010793156846,37.5353176383476,헬스장
2306,"서울특별시 용산구 효창원로 276, 3층 (서계동)",만리기획,126.963196340323,37.5515829147588,헬스장
2307,"서울특별시 용산구 이촌로88길 8, 3층 (이촌동)",찰스짐,126.9777612795,37.5182520506344,헬스장
2308,"서울특별시 용산구 서빙고로91나길 96, 1층 (동빙고동)",빅짐,126.996150165873,37.5249481720521,헬스장
2309,"서울특별시 용산구 이촌로 274, 2층 201호 (이촌동)",후핏,126.977107892418,37.5186955798212,헬스장
2310,"서울특별시 용산구 독서당로 70, 현대리버티하우스 B1층 (한남동)",스포짐 한남,127.008698229017,37.533599152103,헬스장
2311,"서울특별시 용산구 한남대로 59, 남한빌딩 (한남동)",판크 트레이닝클럽,127.006713330015,37.5339901358324,헬스장
2312,"서울특별시 용산구 대사관로19길 7, 2층 (한남동)",Fit In Cool,127.003637812857,37.5338387222596,헬스장
2313,"서울특별시 용산구 녹사평대로 240, 204호 (이태원동, 기업은행)",핏클럽 서울,126.98763333746,37.5389065292265,헬스장
2314,"서울특별시 용산구 독서당로 67, 4층 (한남동)",팀하드 피티,127.008153600765,37.5338685001492,헬스장
2315,"서울특별시 용산구 장문로 74, 3층 (보광동)",Beautiful Evolution,126.997845802262,37.52593102839,헬스장
2316,"서울특별시 용산구 서빙고로 69, 1층 상가27호 (용산동5가, 파크타워아파트)",에스퍼스널트레이닝,126.972351473155,37.5237113460813,헬스장
2317,"서울특별시 용산구 후암로 107, 지하1층 (동자동, 동부화재)",PENTACLE,126.97356408407,37.5534616592161,헬스장
2318,"서울특별시 용산구 유엔빌리지1길 18, 지하층 101호 (한남동, 디자인플러스)",레브트레이닝,127.010461866563,37.5336420768823,헬스장
2319,"서울특별시 용산구 한강대로 259, B1층 104-112호 (갈월동, 고려에이트리움)",스포벡,126.972412765985,37.5415842490492,헬스장
2320,"서울특별시 용산구 이촌로 264, 삼익아파트 (이촌동)",와가짐,126.976133728575,37.5190291185881,헬스장
2321,"서울특별시 용산구 원효로 259-1, 2층 (원효로1가)",칼라퍼스널트레이닝,126.969317376118,37.5407385277351,헬스장
2322,"서울특별시 용산구 이태원로 267, 2층 (한남동)",프라이빗 웰니스,127.001133061453,37.5384987479277,헬스장
2323,"서울특별시 용산구 대사관로 76, 4층 3호 (한남동)",H 스튜디오,127.006502694388,37.533064549294,헬스장
2324,"서울특별시 용산구 이촌로 200, LG프라자 301호 (이촌동)",반트짐,126.969343240712,37.5209511026518,헬스장
2325,"서울특별시 용산구 한강대로 304, 신아빌딩 3층 (갈월동)",바디컨설팅,126.972320484208,37.5454262692875,헬스장
2326,"서울특별시 용산구 대사관로34길 22, THE VIII(갈2:20) 6층 (한남동)",TIM GYM,127.005777868302,37.5323610853046,헬스장
2327,"서울특별시 용산구 서빙고로 17, 업무동 지하1층 101~109호 (한강로3가)",센트럴짐,126.966566172294,37.5269056148241,헬스장
2328,서울특별시 동대문구 천호대로 3 (신설동),스포애니 신설동역점 (주)케이디헬스케어,127.024344406042,37.5753483891625,헬스장
2329,"서울특별시 동대문구 약령시로21길 30, 상가동 지하 1호 (청량리동, 현대아파트)",머슬아카데미 GYM,127.045696927384,37.5841917064823,헬스장
2330,"서울특별시 동대문구 왕산로16길 9, 3층 301호 (용두동)",더밸런스짐,127.031348052175,37.5774468649801,헬스장
2331,"서울특별시 동대문구 무학로36길 56, 3층 (용두동, 홈-스타(home-star))",베일리 짐,127.033652894195,37.5773464002623,헬스장
2332,"서울특별시 동대문구 이문로 9-1, 1~3층 (회기동)",위아짐 회기점,127.054350063716,37.5891370125207,헬스장
2333,서울특별시 동대문구 한빛로 20 (신설동),바디체크짐,127.025484604347,37.5773795305491,헬스장
2334,"서울특별시 동대문구 장한로 98, 케이타워 지하1층 (장안동)",상승짐,127.070165745497,37.5692890566257,헬스장
2335,"서울특별시 동대문구 전농로 77, 3층 (답십리동)",머슬랭PT,127.057116474083,37.5717980647036,헬스장
2336,"서울특별시 동대문구 한천로24길 74-1, 진성빌딩 5층 502호 (장안동)",얼라인 짐 여성전용 헬스&PT,127.068801079207,37.5688010698052,헬스장
2337,"서울특별시 동대문구 회기로 148-5, 지하1층 (회기동)",HATTE PT STUDIO,127.0527949935,37.591154048841,헬스장
2338,"서울특별시 동대문구 전농로 94, 한성빌딩 2층 (답십리동)",헬스고 여성전용,127.057770923489,37.5731833863445,헬스장
2339,서울특별시 동대문구 한천로10길 32 (장안동),휴맥스 짐,127.063010979018,37.5662192554916,헬스장
2340,"서울특별시 동대문구 사가정로 122, 전농동하우스토리 2층 (전농동)",어메이징휘트니스,127.058517800585,37.5772114550055,헬스장
2341,"서울특별시 동대문구 왕산로 225, 미주상가 A동 2층 6-2호 (청량리동)",제프짐,127.047209103701,37.5821227010138,헬스장
2342,"서울특별시 동대문구 망우로 60, 5층 (휘경동)",무브짐,127.060027858609,37.5891959795834,헬스장
2343,"서울특별시 동대문구 답십리로 252, 4층 (장안동)",장안휘트니스센터,127.068135827213,37.5722654216607,헬스장
2344,"서울특별시 동대문구 왕산로 68, 지하1층 (용두동)",에이치짐 용두동점,127.030898977222,37.5774850954352,헬스장
2345,"서울특별시 동대문구 경희대로4길 18, 지하1층 (회기동)",나봄PT&필라테스,127.053496797508,37.5922901540487,헬스장
2346,"서울특별시 동대문구 장한로 26, 2층 (장안동)",쉐어짐,127.066356503216,37.5635148848846,헬스장
2347,"서울특별시 동대문구 사가정로25길 22-4, 3층 (장안동)",체크핏,127.070615072414,37.5796614885561,헬스장
2348,"서울특별시 동대문구 장한로18길 57, 축제빌딩 5층 (장안동)",바디공방,127.072067701227,37.5678297398618,헬스장
2349,"서울특별시 동대문구 답십리로 263, 중석빌딩 지하1층 (장안동)",빅풋,127.069573557691,37.5727443628752,헬스장
2350,"서울특별시 동대문구 망우로 40, 초록빌딩 3층 (휘경동)",모던핏,127.057902056687,37.5885940974087,헬스장
2351,"서울특별시 동대문구 왕산로 186, 청량리역 우남SL타워300 B105, 106, 107호 (전농동)",L2 휘트니스 청량리점,127.044171994493,37.5793755754741,헬스장
2352,"서울특별시 동대문구 경희대로4길 44, 지층호 (회기동)",GYM TIME,127.054732827747,37.5917006990258,헬스장
2353,"서울특별시 동대문구 장한로 68, JB타워 2층 (장안동)",장안동점 스포애니 (주)케이디헬스케어,127.068551041724,37.5668325399007,헬스장
2354,"서울특별시 동대문구 사가정로 148, 138동 지하1층 112~116 118 119호 (전농동, 전농 SK아파트)",하나더 짐,127.061567688813,37.5766590358858,헬스장
2355,"서울특별시 동대문구 이문로 136, 1층 (이문동, 이문동 웰츠타워)",미라클 휘트니스,127.061885756308,37.5984917221,헬스장
2356,"서울특별시 동대문구 망우로 60, 4층 (휘경동)",슬림라운지&무브짐 회기점,127.060027858609,37.5891959795834,헬스장
2357,"서울특별시 동대문구 답십리로 140, 세기프라자 5층 503호 (답십리동)",fitpoint gym,127.055597303756,37.5724894025765,헬스장
2358,"서울특별시 동대문구 한천로11길 16, A빌딩 3층 (답십리동)",원오원짐,127.061517245965,37.5673575504382,헬스장
2359,"서울특별시 동대문구 답십리로 309, 2층 (장안동)",더라인핏,127.074804796028,37.5723544570231,헬스장
2360,"서울특별시 동대문구 사가정로 110, 3층 (전농동)",새로핏PT,127.057280978196,37.5770064547491,헬스장
2361,"서울특별시 동대문구 천호대로 389, 지하1층 (장안동)",주식회사 브이엑스이니셔티브 장안지점,127.062373142331,37.5622665636346,헬스장
2362,"서울특별시 동대문구 휘경로 13, 지하1층 (이문동)",짐구공 24시 헬스 PT 외대점,127.061743635095,37.5960166838474,헬스장
2363,"서울특별시 동대문구 전농로 38, 지하1,2층 (답십리동)",답십리점 스포애니 (주)케이디헬스케어,127.057240883237,37.5682540295405,헬스장
2364,"서울특별시 동대문구 황물로 63-1, 3층 (답십리동)",팀웰니스,127.048322022112,37.5721799594209,헬스장
2365,"서울특별시 동대문구 회기로23길 8, 지하1층 (회기동)",밤 피티 앤 필라테스,127.054122101261,37.5911119120482,헬스장
2366,"서울특별시 동대문구 왕산로 122, 3층 (용두동)",에이치짐,127.036911676719,37.5778466493598,헬스장
2367,서울특별시 동대문구 왕산로19라길 12 (제기동),D-GYM,127.033828559167,37.5792786220142,헬스장
2368,"서울특별시 동대문구 천호대로83길 92, 2층 (장안동)",빛나짐 PT,127.067053080766,37.5659518658798,헬스장
2369,"서울특별시 동대문구 장한로 14, 지하 2층 (장안동)","HEY, HONEY, WORKOUT!",127.065754693542,37.5626109816786,헬스장
2370,"서울특별시 동대문구 답십리로 276, 2층 (장안동)",조피티짐,127.070783003428,37.5721698002783,헬스장
2371,"서울특별시 동대문구 전농로 211, 글터빌딩 7층 (전농동)",에이치짐 PT,127.053541589111,37.5830564911453,헬스장
2372,"서울특별시 동대문구 회기로19길 23, 지층, 2층 (회기동, 유경빌딩)",회기동헬스학교 경희대학교점,127.052920730097,37.5926697313193,헬스장
2373,"서울특별시 동대문구 휘경로 39, 농협 서울경기양돈이문지점 지하1층 (이문동)",아크로짐 외대점,127.064273464123,37.5948915267761,헬스장
2374,"서울특별시 동대문구 왕산로 190, 청량리역 렉스프라임 B2층 (전농동)",트렌디우먼휘트니스 청량리역점,127.044447176728,37.579515216337,헬스장
2375,"서울특별시 동대문구 고산자로34길 70, 청량리역 해링턴플레이스 B동 B02호 (용두동)",렛츠붐 스피닝,127.042196782039,37.5782923121696,헬스장
2376,"서울특별시 동대문구 청계천로 471, 2층 1,2,3호 (용두동, 청계천 대성 스카이렉스2)",골든몽키짐 플래티넘 sky,127.029656216242,37.5704044060766,헬스장
2377,"서울특별시 동대문구 장안벚꽃로 167, B101호 (장안동, 래미안장안2차아파트)",어메이징 휘트니스,127.074282139153,37.5750720968253,헬스장
2378,"서울특별시 동대문구 고산자로32길 78, 지하1층 (용두동, 청량리역한양수자인그라시엘)",더비티 소울 피트니스&골프,127.042841437254,37.5775880431542,헬스장
2379,"서울특별시 동대문구 답십리로 9, 6층 (전농동)",브이엠휘트니스 청량리점,127.043528549832,37.5784693244422,헬스장
2380,"서울특별시 동대문구 장한로 25, 9층 (장안동)",오하운GYM,127.06577851377,37.5638282144142,헬스장
2381,"서울특별시 동대문구 하정로3길 6, 지하1층 (신설동)",피트니스131,127.026226962418,37.5756218882769,헬스장
2382,"서울특별시 동대문구 휘경로 5-1, 6층 (이문동)",팻다운핏,127.06094505794,37.5963772251146,헬스장
2383,"서울특별시 동대문구 망우로 123, 4층 1호 (휘경동)",빌리프짐 회기점,127.06659655052,37.591711720367,헬스장
2384,"서울특별시 동대문구 경희대로4길 64, 지하1층 (회기동)",메이크픽스짐,127.055649231405,37.5913085191965,헬스장
2385,"서울특별시 동대문구 서울시립대로 94, 4층 (전농동)",제네핏(Genefit),127.050294994577,37.5789616415787,헬스장
2386,"서울특별시 동대문구 답십리로72길 66, 지하1층 (장안동)",짐 코사트,127.072997968629,37.5693939271102,헬스장
2387,"서울특별시 동대문구 망우로21길 26, 리브인 101동 101, 201호 (휘경동)",애프터짐,127.061632435756,37.5905213231469,헬스장
2388,"서울특별시 동대문구 천호대로85길 32, 동양빌딩 지하1층 (장안동)",크로스핏 온앤온,127.066903609359,37.5633516759971,헬스장
2389,"서울특별시 동대문구 황물로 42, 2층 (답십리동)",쿰짐(제이벌스),127.046204557882,37.573327863786,헬스장
2390,"서울특별시 동대문구 전농로 12, 2층 3,4호 (답십리동)",버닝타임짐,127.056011646763,37.5660351963217,헬스장
2391,"서울특별시 동대문구 사가정로 136, 3층 (전농동)",FITNESS K,127.059888015776,37.577593600245,헬스장
2392,"서울특별시 동대문구 답십리로72길 18, 리더스빌딩 4층 (장안동)",소울핏 2호점,127.07401941641,37.5713194385769,헬스장
2393,"서울특별시 동대문구 고산자로 406, 화성빌딩 지하1층 (용두동)",에이블짐 용두역점,127.038579520544,37.5757971648836,헬스장
2394,"서울특별시 동대문구 회기로13길 21, 지하1층 (회기동)",101퍼센트짐,127.050921636233,37.5924687885201,헬스장
2395,"서울특별시 동대문구 왕산로 254, 3층 (전농동)",피티밤,127.04974754708,37.5834318830902,헬스장
2396,"서울특별시 동대문구 전농로 113, 센타빌딩 2층 (답십리동)",리메디PT,127.057388035162,37.5750420548059,헬스장
2397,"서울특별시 동대문구 한천로 264, 5층 (휘경동)",we body gym(위바디짐),127.068314251007,37.5843095358408,헬스장
2398,"서울특별시 동대문구 이문로 73, 2층 (이문동)",헬스파크,127.058246946933,37.593839052952,헬스장
2399,"서울특별시 동대문구 장안벚꽃로 107, 상가동 311호 (장안동, 장안현대홈타운)",에센휘트니스 크럽,127.075113657819,37.5710568281709,헬스장
2400,"서울특별시 동대문구 전농로 91, 5층 (답십리동)",비피짐,127.057022081587,37.5733020510431,헬스장
2401,서울특별시 동대문구 망우로 101 (휘경동),HTV 휘트니스,127.064416950531,37.5909739363696,헬스장
2402,서울특별시 동대문구 왕산로 211-1 (청량리동),H GYM(에이치 짐),127.046064503977,37.5811892733984,헬스장
2403,"서울특별시 동대문구 왕산로 122, 한방천하 용두동 포스빌 지하2층 (용두동)",크로스핏(헬스),127.036911676719,37.5778466493598,헬스장
2404,서울특별시 동대문구 한천로 264 (휘경동),M&F 스포츠클럽,127.068314251007,37.5843095358408,헬스장
2405,"서울특별시 동대문구 장한로 120, 옥산빌딩 지하층 (장안동)",버닝타임,127.071267102333,37.5710464187721,헬스장
2406,서울특별시 동대문구 천호대로 317 (답십리동),하늘스포츠재활센터,127.055634655029,37.565178527398,헬스장
2407,"서울특별시 동대문구 장한로 91, 2층 (장안동)",에이블짐 휘트니스,127.06933454445,37.569150253828,헬스장
2408,"서울특별시 동대문구 홍릉로 37  (청량리동,2층)",비너스헬스,127.043840017981,37.5835445966036,헬스장
2409,"서울특별시 동대문구 이문로 3, 3층 (회기동)",MJ 스포랜드,127.053686007325,37.5886701518475,헬스장
2410,서울특별시 동대문구 천호대로 23 (신설동),청계스포츠(체력단련장),127.026309807767,37.5746000518528,헬스장
2411,"서울특별시 동대문구 제기로 132 (청량리동,2층)",헬스 119,127.047798338573,37.5863059553443,헬스장
2412,"서울특별시 동대문구 한천로 166, 2층 (장안동)",휘트니스 월드,127.067713923491,37.5757529641751,헬스장
2413,서울특별시 동대문구 천장산로 39 (이문동),에스라인 휘트니스,127.057433338016,37.5993842417809,헬스장
2414,"서울특별시 동대문구 사가정로 6, 2층 201호 (답십리동, 청계 G well estates)",직선 퍼스널트레이닝,127.049533732451,37.5701769955012,헬스장
2415,서울특별시 동대문구 회기로 195 (휘경동),라온 퍼스널트레이닝,127.057623415582,37.5902121456959,헬스장
2416,서울특별시 동대문구 고산자로 534 (제기동),한신휘트니스,127.039218485863,37.5883932941526,헬스장
2417,"서울특별시 동대문구 사가정로 207, 삼협메디스빌딩 6, 7층 (장안동)",뉴파워짐,127.068016203955,37.5788925747579,헬스장
2418,"서울특별시 동대문구 이문로 19, 지,2,3층 (회기동, 한성베스트빌)",에이치짐 회기점,127.055169863095,37.5898253507318,헬스장
2419,"서울특별시 동대문구 장한로 173 (장안동,(2층))",파워헬스클럽,127.071728749046,37.5759163759547,헬스장
2420,"서울특별시 동대문구 약령시로5길 22 (제기동,5층)",동대문종합사회복지관(체력단련장업),127.034196960692,37.5840209857522,헬스장
2421,"서울특별시 동대문구 회기로28길 8, 3층 (휘경동)",스포벡 휘트니스 회기역점,127.055945297168,37.589460624459,헬스장
2422,"서울특별시 동대문구 황물로 103, 지하1층 (답십리동)",쿠타짐 동대문,127.051512234723,37.5696197841676,헬스장
2423,"서울특별시 동대문구 제기로 4, 3층 (제기동)",셀리핏,127.0334555854,37.5862240361471,헬스장
2424,"서울특별시 동대문구 왕산로 22, 맹그로브 신설 지하1층 (신설동)",업타운 휘트니스 신설점,127.026072971627,37.5761751330065,헬스장
2425,"서울특별시 동대문구 사가정로 150, 2층 (전농동)",와치 휘트니스,127.061742980486,37.5778160010547,헬스장
2426,서울특별시 동대문구 장한로 60 (장안동),New Body Gym,127.068263880601,37.5663400418002,헬스장
2427,서울특별시 동대문구 고산자로32길 16 (용두동),에이짐(A GYM),127.039259391403,37.5765963930858,헬스장
2428,"서울특별시 동대문구 망우로21길 52, 지하1층 (휘경동)",크로스핏 리스펙,127.059877891806,37.5903959972497,헬스장
2429,"서울특별시 동대문구 왕산로 211-1, 5층 (청량리동)",H-GYM 투,127.046064503977,37.5811892733984,헬스장
2430,"서울특별시 동대문구 홍릉로 19, 4층 (청량리동)",더블에스 휘트니스,127.044319385424,37.582036064559,헬스장
2431,서울특별시 동대문구 천호대로 281 (답십리동),A True Gym 답십리점,127.052209219835,37.5675757498172,헬스장
2432,"서울특별시 동대문구 무학로42길 45, 지하1호 (제기동)",닥터스트렝스,127.030285719948,37.5821955602691,헬스장
2433,"서울특별시 동대문구 전농로 36, 답십리포레스트스퀘어 2층 203호 (답십리동)",베이스오브바디,127.057406070901,37.5680105003259,헬스장
2434,서울특별시 동대문구 경희대로 19-5 (회기동),101퍼센트짐,127.052221274697,37.5932669499256,헬스장
2435,"서울특별시 동대문구 전농로 104, 2층 (답십리동)",바디온도,127.057816372039,37.5742798746802,헬스장
2436,"서울특별시 동대문구 이문로 62, 지하1층 (휘경동)",동네 운동장,127.057881968224,37.5926259570167,헬스장
2437,"서울특별시 동대문구 서울시립대로 155, 면전빌딩 4층 (전농동)",트리플에이스튜디오,127.054048585999,37.5838665233281,헬스장
2438,"서울특별시 동대문구 무학로23길 8, 보금빌딩 지하1층 (용두동)",꿀핏휘트니스,127.030053518138,37.5726182309002,헬스장
2439,"서울특별시 동대문구 회기로 153, 지하1층 (회기동)",핏레이즈,127.053483705277,37.5912417657061,헬스장
2440,"서울특별시 동대문구 이문로 184, 지하1층 (이문동)",머슬걸,127.062285256594,37.6028323044113,헬스장
2441,"서울특별시 동대문구 한천로46길 42, 2층 (장안동)",휴메이크휘트니스 장안프리미엄점,127.070706551458,37.5814628804522,헬스장
2442,"서울특별시 용산구 한남대로20길 47-9, 지하1층 1호 (한남동)",맹그로브 짐,127.00949490098,37.5348927478089,헬스장
2443,"서울특별시 용산구 보광로 46, 용호빌딩 3층 302호 (보광동)",서울시티크루,126.99921497434,37.5283391534087,헬스장
2444,"서울특별시 용산구 이촌로58길 3, 지하1층 (이촌동)",상떼(Sante.),126.968859519853,37.520985935018,헬스장
2445,서울특별시 용산구 한강대로21나길 40 (한강로3가),드래곤힐스파휘트니스클럽,126.964227468456,37.5282491342856,헬스장
2446,"서울특별시 용산구 이촌로 1, 지하1층 (한강로3가, GS한강에클라트)",원짐,126.955345962773,37.5313838478733,헬스장
2447,"서울특별시 용산구 신흥로 72 (용산동2가, 남산헬스)",AK운동맞춤센터,126.986837134379,37.5445747226015,헬스장
2448,"서울특별시 용산구 회나무로26길 12 (이태원동, 삼원휘트니스)",웰니스짐,126.991277317368,37.5395588182983,헬스장
2449,"서울특별시 용산구 장문로 96, 지하 1층 (보광동)",우노 휘트니스클럽,127.000126138627,37.5259703316629,헬스장
2450,서울특별시 용산구 원효로 55 (원효로4가),동국스포츠,126.950483597053,37.5335550337641,헬스장
2451,"서울특별시 용산구 대사관로34길 26, 4층 (한남동)",J헬스클럽,127.005678848091,37.5320438475849,헬스장
2452,"서울특별시 용산구 한강대로 258, 2층 3층 (남영동)",스카이 휘트니스클럽,126.973296099405,37.5413997471572,헬스장
2453,"서울특별시 용산구 독서당로 39 (한남동, 신성미소시티)",에이치 앤 휘트니스,127.007000144767,37.5315958889326,헬스장
2454,"서울특별시 용산구 청파로47길 49, 4층 (청파동3가, 캠퍼스프라자)",밸런스 핏,126.967563904498,37.5445841559546,헬스장
2455,"서울특별시 용산구 이촌로84길 9, 유일빌딩 지하1층 (이촌동)",제이제이스포츠 이촌점,126.977052886702,37.5184256285681,헬스장
2456,서울특별시 용산구 한남대로21길 17 (한남동),센티넬 크로스핏 한남1(Sentinel CrossFit Hannam),127.006541029542,37.5341407928541,헬스장
2457,서울특별시 용산구 청파로 312 (청파동1가),동서 골프&휘트니스,126.970452474932,37.5474170244174,헬스장
2458,"서울특별시 용산구 한강대로 282, 3층 (남영동)",망고짐,126.972749951979,37.5434720115918,헬스장
2459,"서울특별시 용산구 한강대로 69, 지하1층 102-2호 (한강로2가, 용산푸르지오써밋)",NEW RUN,126.964892234354,37.5270404595814,헬스장
2460,"서울특별시 용산구 청파로 251, 지층 B01호 (청파동3가)",MCT GYM 용산,126.970364691772,37.541910094919,헬스장
2461,"서울특별시 용산구 독서당로11길 23, 지하1층 (한남동)",드래곤짐,127.007115149468,37.5310069875859,헬스장
2462,"서울특별시 용산구 서빙고로 17, 용산센트럴파크 해링턴스퀘어 82,83호 (한강로3가)",짐나우 신용산점,126.966566172294,37.5269056148241,헬스장
2463,"서울특별시 용산구 이태원로17길 23-17, 1층 (이태원동)",FIT NOMAD,126.991044269175,37.5354446528838,헬스장
2464,"서울특별시 용산구 백범로 341, A동 302호 (원효로1가, 리첸시아 용산)",내셔널짐,126.967973433167,37.5379386735674,헬스장
2465,"서울특별시 용산구 서빙고로 17, 2층 57,58,59호 (한강로3가)",모어피클,126.966566172294,37.5269056148241,헬스장
2466,"서울특별시 용산구 두텁바위로60길 49, 대원정사 본관 201호 (후암동)",텐세그리티,126.983354709318,37.5492487556727,헬스장
2467,"서울특별시 용산구 서빙고로 17, 센트럴파크해링턴스퀘어 E동 2층 19,20호 (한강로3가)",소마톨로지,126.966566172294,37.5269056148241,헬스장
2468,"서울특별시 용산구 백범로 341, A동 2층 210호 (원효로1가, 리첸시아 용산)",엘피PT&필라테스,126.967973433167,37.5379386735674,헬스장
2469,"서울특별시 용산구 한남대로21길 27, 지하1층 (한남동)",리콥 웰니스 프리미엄,127.006533056673,37.5335333384554,헬스장
2470,"서울특별시 용산구 이촌로 1, 1층 104호 (한강로3가, 지에스 한강에클라트)",원(1)GYM,126.955345962773,37.5313838478733,헬스장
2471,"서울특별시 용산구 한남대로42나길 2, B1호 (한남동)",대짐(大GYM),127.003036272225,37.5429120821413,헬스장
2472,"서울특별시 용산구 한강대로 295, 남영빌딩 지하1층 (갈월동)",런앤리프트,126.97177131634,37.544555413639,헬스장
2473,"서울특별시 용산구 한강대로 100, 아모레퍼시픽 5층 (한강로2가)",아모레퍼시픽 AP 피트니스,126.968673565462,37.5287911785354,헬스장
2474,"서울특별시 용산구 보광로 109, 2층 (이태원동)",BK FIT,126.994473971075,37.5324539004776,헬스장
2475,"서울특별시 용산구 보광로59길 40, 202호 (이태원동)",마이 트레이너 짐(MY TRAINER GYM),126.991813465214,37.5339605801667,헬스장
2476,"서울특별시 용산구 원효로 255, 통일빌딩 2층 (원효로1가)",이루어GYM,126.968930531421,37.5404201033291,헬스장
2477,"서울특별시 성동구 성수일로10길 26, 204호 (성수동2가)",나의 근육 사용설명서,127.052952183671,37.5465865067207,헬스장
2478,"서울특별시 성동구 무학로 8, 승우카센타 지하1층 (도선동)",크로스핏 아띠,127.030496435979,37.5647681031737,헬스장
2479,"서울특별시 성동구 상원길 64, 2층 (성수동1가)",모스트짐,127.048009686799,37.5497472507343,헬스장
2480,"서울특별시 성동구 청계천로 452, 덕융빌딩 101호 (하왕십리동)",바디텍쳐,127.027134475771,37.5702016579652,헬스장
2481,"서울특별시 성동구 한림말길 56, 강변벽산빌라트 B02호 (옥수동)",팰리스짐 프리미엄 한남,127.017276526466,37.5409436146081,헬스장
2482,"서울특별시 성동구 성수이로 127, 2층 202,203호 (성수동2가)",비 스튜디오(Be studio),127.057399142337,37.5462900724686,헬스장
2483,"서울특별시 성동구 왕십리로 347, 2층 (하왕십리동)",리피티,127.031241527314,37.5633610026494,헬스장
2484,"서울특별시 성동구 왕십리로 336, B201호 (도선동)",F45,127.032846176643,37.5631509953645,헬스장
2485,"서울특별시 성동구 왕십리로 115, 9층 905호 (성수동1가)",(주)프롬더바디,127.044137696679,37.5479201849315,헬스장
2486,"서울특별시 성동구 고산자로6길 40, 행당동 레몬프라자 B2층 (행당동)",업타운휘트니스 왕십리점,127.035482520519,37.5582206987955,헬스장
2487,"서울특별시 성동구 성수일로 112, 성수빌딩 4층 (성수동2가)",주식회사 소마피지오,127.052250070096,37.5502160419509,헬스장
2488,"서울특별시 성동구 매봉길 48, 지하2층 201~204, 206,207호 (옥수동)",해빗피트니스 옥수점,127.014013415043,37.5467195432745,헬스장
2489,"서울특별시 성동구 독서당로 212, 동호빌딩 (옥수동)",율 메디컬 트레이닝 센터,127.014396616184,37.5434012972234,헬스장
2490,"서울특별시 성동구 연무장11길 15, 청운재 지하1층 (성수동2가)",(주)더에이치에스,127.057261019438,37.5433898232612,헬스장
2491,"서울특별시 성동구 독서당로 226, 조을빌딩 2층 (옥수동)",뭉트니스 PT & 헬스,127.015823748959,37.5440316340098,헬스장
2492,"서울특별시 성동구 왕십리로 327, 3층 (하왕십리동)",휴펫필라테스 앤피티 왕십리점,127.033224444422,37.5623942326737,헬스장
2493,"서울특별시 성동구 장터길 38-1, B2층 (금호동4가)",에프엠(FM)피트니스,127.020146270383,37.548082137772,헬스장
2494,"서울특별시 성동구 무수막길 97, 김약국 4층 (금호동2가)",키스짐,127.019853934056,37.5543370975437,헬스장
2495,"서울특별시 성동구 연무장7길 12, 세대빌딩 305호 (성수동2가)",성수PT,127.054840383995,37.5436698315466,헬스장
2496,"서울특별시 성동구 금호산길 67, 금호빌딩 지하1층 (금호동2가)",더블와이짐 헬스&PT 신금호점,127.019507630427,37.5543436424505,헬스장
2497,"서울특별시 성동구 왕십리로14길 30-3, 6층 (성수동1가)",쓰리짐S,127.047335484326,37.5483678238652,헬스장
2498,"서울특별시 성동구 무학봉28길 6, 금용빌딩 2층 (하왕십리동)",하이퍼짐(HYPER GYM),127.032677655069,37.5621394032508,헬스장
2499,"서울특별시 성동구 왕십리로 222 (행당동, 한양대역)",건강과땀 휘트니스센타,127.046611216789,37.5545035492027,헬스장
2500,"서울특별시 성동구 행당로 6 (금호동1가, 신세계오피스텔)",인피니티 퍼스널 트레이닝,127.020746218188,37.5544764185936,헬스장
2501,"서울특별시 성동구 왕십리로 410, L동 314호 외 1호 (하왕십리동, 센트라스)",센트라스 투엑스 주식회사,127.024082467223,37.5666029325047,헬스장
2502,서울특별시 성동구 상원길 46 (성수동1가),D_GYM,127.048496148059,37.5481229119414,헬스장
2503,"서울특별시 성동구 독서당로 302, 3층 (금호동4가)",커브스 금호클럽,127.02273086562,37.5476110768479,헬스장
2504,"서울특별시 성동구 상원길 52, B1층 (성수동1가)",테라피티,127.04836089356,37.5486087858831,헬스장
2505,"서울특별시 성동구 독서당로 344, 힐스테이트 금호 상가동 B1층 20-8호, 20-9호 (금호동4가)",위드짐 금호점(WITHGYM),127.025765458515,37.5464525799903,헬스장
2506,"서울특별시 성동구 독서당로 194-1, 4층 (옥수동, 골든게이트)",피네테스,127.012762209634,37.5427749301007,헬스장
2507,"서울특별시 성동구 상원6길 5, B1층 (성수동1가)",허니바디 스포츠,127.048738517185,37.5486067385224,헬스장
2508,"서울특별시 성동구 무학로 18, 2층, 3층 (홍익동)",메디앤핏,127.030314949726,37.5657699674882,헬스장
2509,"서울특별시 성동구 서울숲2길 18-11, 2층 (성수동1가)",(주)넉아웃,127.040577153526,37.5468488230602,헬스장
2510,"서울특별시 성동구 독서당로 272, 상가동 201호 (금호동4가, 금호동 대우아파트)",AII For U GYM,127.017925368592,37.5453300340479,헬스장
2511,"서울특별시 성동구 금호로 100, 상가동 210~216호 (금호동1가, 벽산아파트)",BAN(반),127.026186636459,37.5545314695033,헬스장
2512,"서울특별시 성동구 왕십리로 257, 지하1층 (행당동)",레이 휘트니스,127.038691012755,37.5580442668262,헬스장
2513,서울특별시 성동구 성수일로8길 55 (성수동2가),이루어짐 헬스,127.056686462112,37.5452417439977,헬스장
2514,"서울특별시 성동구 장터길 49, 삼일약국 3층 (금호동3가)",오아시스GYM,127.021385270186,37.5484315073869,헬스장
2515,"서울특별시 성동구 왕십리로 309, 왕십리역이스타빌 지하1,2층 (행당동)",파크짐,127.034582633625,37.5613776986706,헬스장
2516,"서울특별시 성동구 성수이로 89, MG빌딩 B1층 (성수동2가)",탑핏(TOPFIT),127.056314421147,37.5430148320311,헬스장
2517,서울특별시 성동구 왕십리로21길 6 (행당동),스타트짐,127.033385018064,37.5618101613897,헬스장
2518,"서울특별시 성동구 고산자로 177, B01호 (행당동, 서울숲행당푸르지오아파트 근린생활시설동)",파크짐,127.033577643563,37.5557304486542,헬스장
2519,"서울특별시 성동구 아차산로7길 21, 2층 (성수동2가)",퀸스테이지,127.054797141473,37.5472021283742,헬스장
2520,"서울특별시 성동구 왕십리로 386, 삼협빌딩 지하2층 (하왕십리동)",해빗 피트니스,127.027637780108,37.5650919943033,헬스장
2521,"서울특별시 성동구 동일로 273, 경한빌딩 3층 (송정동)",피트니스 에이치(Fitness. H),127.071484123852,37.5559079290212,헬스장
2522,"서울특별시 성동구 마장로 137, 221동 1층 1240호 (상왕십리동, 텐즈힐)",주식회사 엘투휘트니스,127.025053595952,37.5678250213489,헬스장
2523,서울특별시 성동구 아차산로 92 (성수동2가),에코 휘트니스,127.054242462371,37.5447523880259,헬스장
2524,"서울특별시 성동구 마장로 302, 지하1,2층 (마장동)",라온 휘트니스,127.043208744283,37.5659425478425,헬스장
2525,"서울특별시 성동구 연무장5가길 21, 홍일빌딩 지하2층 (성수동2가)",해빗피트니스 성수점,127.055133173171,37.543591938965,헬스장
2526,"서울특별시 성동구 동호로 102, 4층 (금호동3가, 두산아파트상가)",시티짐 금호역점,127.016422502899,37.5488792873374,헬스장
2527,"서울특별시 성동구 상원길 63, A동 지하1층 01호 (성수동1가, 쌍용아파트)",노블휘트니스,127.047109026111,37.5501345022163,헬스장
2528,"서울특별시 성동구 행당로 75, 행당동 대림아파트 6층 (행당동)",고릴라 멀티짐,127.027520677046,37.556602469483,헬스장
2529,"서울특별시 성동구 왕십리로 326, 지하1층 (도선동)",왕십리역점 스포애니 (주)케이디헬스케어,127.033894304026,37.5627268703824,헬스장
2530,"서울특별시 성동구 독서당로40길 39, 옥수 어울림 (옥수동)",센트리얼 휘트니스 옥수점,127.017974967673,37.5417089096844,헬스장
2531,"서울특별시 중랑구 신내로 193, 엘리어트하우스 지하1층 B01호 (신내동)",코어스트롱 휘트니스,127.094437021597,37.6154746292954,헬스장
2532,"서울특별시 중랑구 용마산로 384, A동 201(일부),202,301호 (면목동, 이안애)",바디플레이스,127.095220563756,37.5858710589445,헬스장
2533,"서울특별시 중랑구 사가정로 371-1, 송학드림타워 제1동동 지하1층 (면목동)",크로스핏 레오,127.085993514286,37.5811372961788,헬스장
2534,"서울특별시 중랑구 신내역로1길 127-12, 2층 (신내동)",쑤핏,127.108584266377,37.617950898143,헬스장
2535,"서울특별시 중랑구 면목로 398, 8층 (면목동)",비버스 짐,127.088066640446,37.5874670452343,헬스장
2536,"서울특별시 중랑구 망우로 256, 타임스카이 지하1층 (상봉동)",크로스핏 라온3,127.081014467596,37.594950509413,헬스장
2537,"서울특별시 중랑구 신내로14길 10, 진유빌딩 2층 (신내동)",머시써짐,127.096127771013,37.6054853517217,헬스장
2538,"서울특별시 중랑구 용마산로 426, 광진빌딩 2층 (면목동)",READY FIT,127.097102815176,37.5894287157696,헬스장
2539,"서울특별시 중랑구 봉화산로 218, 지하2층 (신내동)",코어스트롱 중랑구청점,127.097061714442,37.6073860355769,헬스장
2540,"서울특별시 중랑구 망우로 353, C동 209호, 210호 (상봉동, 상봉 프레미어스 엠코)",온리엘,127.091624142481,37.5983328190955,헬스장
2541,"서울특별시 중랑구 겸재로 201, 2층 (면목동, 봄작시티 201)",센츄럴 바디 휘트니스,127.090057975264,37.5891503082831,헬스장
2542,"서울특별시 중랑구 망우로 192, 2층 (상봉동)",프리빗 PT 스튜디오,127.074144907488,37.5931925050475,헬스장
2543,"서울특별시 중랑구 면목로 456, 한성빌딩 2층 201호 (면목동)",비프로PT,127.086896875593,37.5925678878,헬스장
2544,"서울특별시 중랑구 동일로 938, 지하2층 201호 (묵동, 월등스카이뷰아파트)",런앤리프트,127.077134940011,37.6142077135304,헬스장
2545,"서울특별시 중랑구 상봉로 134, 지하 1층 (망우동, 삼부)",콤마짐 망우역점,127.093350939823,37.5979015131308,헬스장
2546,"서울특별시 중랑구 동일로129길 35, 지하1층 (중화동, 태능에셈빌)",뉴온리짐,127.077554696692,37.5992703826018,헬스장
2547,"서울특별시 중랑구 면목로39길 11, 카멜리아쇼핑센타 2층 (면목동)",GOTO 면목,127.086299055242,37.5795516849136,헬스장
2548,"서울특별시 중랑구 숙선옹주로 6-9, 101동 지하2층 (묵동, 묵동자이아파트1단지)",카인드짐 24시 휘트니스&스쿼시 먹골역점,127.077944822519,37.6149132859804,헬스장
2549,"서울특별시 중랑구 망우로30길 3, 안산빌딩 2층 (상봉동)",아크로짐 중랑역점,127.0747508051,37.5930806702101,헬스장
2550,"서울특별시 중랑구 신내로 71, 5층 (신내동)",커브스 신내클럽,127.095110195174,37.60554852465,헬스장
2551,"서울특별시 중랑구 신내로14길 13, 5층 (신내동)",피트니스 에스 핏,127.096079861027,37.6058331727345,헬스장
2552,"서울특별시 중랑구 동일로 851, 3층 (묵동)",바디캠프,127.078240495159,37.6064251434477,헬스장
2553,"서울특별시 중랑구 봉화산로 194, 신아타운 10층 (신내동)",스포웰짐,127.094707041869,37.6064526315197,헬스장
2554,"서울특별시 중랑구 면목로 487, 지하2층 B201호 (상봉동)",스포힐 휘트니스,127.085453248744,37.5953838194036,헬스장
2555,"서울특별시 중랑구 신내로 127, 지하1층 (신내동, 신내9단지신내아파트)",신내헬스,127.095651882252,37.6108674372868,헬스장
2556,"서울특별시 중랑구 면목로44길 28, 지하1층 (면목동, 아람플러스리빙)",사가정역점 스포애니 주)케이디스포츠,127.089807673098,37.5808876739048,헬스장
2557,"서울특별시 중랑구 겸재로49길 18, 신세대프라자 지하1층 (면목동)",올리브짐,127.090492713582,37.5898628407742,헬스장
2558,"서울특별시 중랑구 망우로 454, 3층 (망우동)",라이프 플러스 휘트니스,127.102691740967,37.60008667662,헬스장
2559,"서울특별시 중랑구 면목로37길 17, 세방사우나 4층 (면목동)",세방헬스클럽,127.085266960886,37.5790898647419,헬스장
2560,"서울특별시 중랑구 면목로 220, 6층 (면목동)",유코치의 바디스토리PT,127.084131848552,37.5725809054602,헬스장
2561,"서울특별시 중랑구 용마산로115길 108, 이안빌딩 지하1층 (망우동)",카인드짐 휘트니스 망우점,127.094140301694,37.5980674793635,헬스장
2562,"서울특별시 중랑구 용마산로 296-2, 4층 (면목동)",아모르 PT,127.091684066231,37.5787808796647,헬스장
2563,"서울특별시 중랑구 망우로 186, 2층 (상봉동)",굿모닝 휘트니스,127.073455686987,37.5929757068906,헬스장
2564,"서울특별시 중랑구 신내역로 165 (신내동, 신내우디안 2단지아파트 휘트니스센터)",(주)우원지에스(데시앙포레휘트니스),127.109631685269,37.6165826807685,헬스장
2565,"서울특별시 중랑구 동일로 937, 4층 (묵동)",팀키스짐(TEAM KIS GYM),127.076482000011,37.6140034339301,헬스장
2566,"서울특별시 중랑구 면목로48길 57, 4층 (면목동)",워너비짐,127.091853872122,37.5820926196482,헬스장
2567,"서울특별시 중랑구 용마산로 494, 4층 (망우동)",비바 휘트니스,127.100268095195,37.5949757275537,헬스장
2568,"서울특별시 중랑구 봉화산로56길 153, 대명프라자 4층 408호 (신내동)",운동창고,127.096785094457,37.6014843289566,헬스장
2569,"서울특별시 중랑구 중랑역로 51, 5층 (중화동)",히든 피트니스,127.076920088772,37.5983780061165,헬스장
2570,"서울특별시 중랑구 면목로 426, 3층 (면목동)",운동창고 PT- 면목점,127.087450444888,37.5899467638328,헬스장
2571,"서울특별시 중랑구 상봉로 39, MS빌딩 4층 (면목동)",고구마 휘트니스,127.093436153362,37.5894355494869,헬스장
2572,"서울특별시 중랑구 망우로60길 37, 3층 (망우동, 효성 써너스빌 에코)",팀키스 짐,127.094238280931,37.5971024399369,헬스장
2573,"서울특별시 중랑구 면목로39길 8, 한성빌딩 6층 (면목동)",시너지 짐,127.087172828376,37.5797629566103,헬스장
2574,"서울특별시 중랑구 망우로 328, 시네마시티 3층 (상봉동)",바디톡,127.088961999058,37.5967896562752,헬스장
2575,"서울특별시 중랑구 동일로 802, 대신빌딩 지하1층 (중화동)",카인드짐 휘트니스 중화역점,127.079714349109,37.6020848093367,헬스장
2576,"서울특별시 중랑구 봉화산로 61, 정신빌딩 3층 (중화동)",쉴드짐,127.081319137241,37.6017802609902,헬스장
2577,"서울특별시 중랑구 동일로 887, 삼삼메디컬빌딩 지하1층 (묵동)",애스톤 네이처 24 hour 휘트니스,127.077639279822,37.6095063836351,헬스장
2578,"서울특별시 중랑구 망우로 305, 6층 (상봉동)",커브스상봉클럽,127.086146411099,37.5969077925529,헬스장
2579,"서울특별시 중랑구 면목로 275-1, 2, 3층 (면목동)",트루짐,127.085678663525,37.5774751657917,헬스장
2580,"서울특별시 중랑구 면목로92길 28, 2층 (상봉동, 리더스)",운동자판기 GYM,127.087395464951,37.5952161643686,헬스장
2581,"서울특별시 중랑구 상봉중앙로 41, 2층 (상봉동, 해동 훼미리)",미라클 헬스,127.087200218088,37.6008163273836,헬스장
2582,"서울특별시 중랑구 동일로 608, 6층 (면목동)",짐프릭 면목점,127.080124841926,37.5846436762609,헬스장
2583,"서울특별시 중랑구 공릉로 8, 지하1층 (묵동, 대길빌딩)",엠크루짐,127.078073728968,37.6115670192576,헬스장
2584,"서울특별시 중랑구 봉화산로56길 123, 지층 (신내동, 중앙하이츠아파트)",아인스 코리아 헬스클럽,127.098903547774,37.6035495340772,헬스장
2585,"서울특별시 중랑구 망우로50길 24, 2층 201~206,209,210호 (상봉동, 봄작시티 24)",슈퍼짐프리미엄휘트니스,127.088874421113,37.5959888312639,헬스장
2586,"서울특별시 중랑구 용마산로 670, A동 114호 (망우동, 신내역 프라디움 더 테라스)",움직임의정석 PT전문센터,127.102489000658,37.6119441454331,헬스장
2587,"서울특별시 중랑구 면목로 490, 지하1층 (상봉동, 상봉타워)",BOBS GYM(밥스짐),127.086089016588,37.5956441042638,헬스장
2588,"서울특별시 중랑구 면목로 310, 지하1층 (면목동)",에이블짐,127.087950762615,37.5796278612169,헬스장
2589,"서울특별시 중랑구 면목로 491, 주함해븐타워 지하2층 (상봉동)",에이블짐 상봉역점,127.085343449345,37.5958131310758,헬스장
2590,"서울특별시 중랑구 동일로 767, 지하1층 (중화동)",크로스핏 러쉬,127.079656045146,37.5989139927406,헬스장
2591,"서울특별시 중랑구 면목로 275-1, 3층 (면목동)",트루짐,127.085678663525,37.5774751657917,헬스장
2592,"서울특별시 중랑구 상봉로 7, 서일타운 지하1층 (면목동)",바디메이트짐 2호점,127.09437858522,37.5864359367373,헬스장
2593,"서울특별시 중랑구 봉우재로14길 23, 거흥빌딩 4층 (면목동)",토니바디 휘트니스,127.078400885991,37.5895082116638,헬스장
2594,"서울특별시 중랑구 용마산로 328, 수연one 3층 (면목동)",마스터피스짐 3호,127.093572178923,37.5810577406108,헬스장
2595,"서울특별시 중랑구 용마산로 670, A동 2층 209~216호 (망우동, 신내역 프라디움 더 테라스)",파이어짐 신내역점,127.102489000658,37.6119441454331,헬스장
2596,"서울특별시 중랑구 용마산로 448, 까치유치원 2,3층 (망우동)",리얼타임 피트니스,127.098048924301,37.5911572976479,헬스장
2597,"서울특별시 중랑구 망우로 316, 이지팰리스 4층 402호 (상봉동)",HELIO GYM,127.087565034141,37.5965223858128,헬스장
2598,"서울특별시 중랑구 동일로 822, 3층 (중화동)",BODY EFFECT,127.079334580117,37.6039458801724,헬스장
2599,"서울특별시 중랑구 신내로14길 22, 삼영빌딩 3층 (신내동)",프리빗 PT 스튜디오 신내점,127.096694899779,37.6055553458152,헬스장
2600,"서울특별시 중랑구 동일로92길 57, 메디포레 2층 (면목동)",더바른핏,127.083196727099,37.5834835948977,헬스장
2601,"서울특별시 중랑구 상봉로 81, 청풍빌딩 2층 (면목동)",스트롱라인 면목점,127.093057465632,37.5932034361632,헬스장
2602,"서울특별시 중랑구 사가정로 373, 성윤빌딩 (면목동)",피트니스 에이치,127.086238234068,37.5810982848332,헬스장
2603,"서울특별시 중랑구 면목로 283, 우리은행 4, 5층 (면목동)",시너지 휘트니스,127.085731567122,37.5781978146372,헬스장
2604,"서울특별시 중랑구 망우로 463, 태광치과의원 3층 302호 (망우동)",저스트PT,127.103637419702,37.6006610422709,헬스장
2605,"서울특별시 중랑구 면목로 353, 경희솔한의원 3층 (면목동)",닥터바디짐,127.088222261077,37.5834834597696,헬스장
2606,"서울특별시 중랑구 면목로 469, 2층 (상봉동, 대성타워)",뉴페이스짐,127.085827969116,37.5938323106315,헬스장
2607,"서울특별시 중랑구 사가정로50길 30, 3층 (면목동)",랩 지피티짐,127.085914552064,37.5796130527547,헬스장
2608,"서울특별시 중랑구 공릉로2길 8-4, 지하1층 (묵동, 칼튼테라스)",에이블짐 먹골역점,127.078245490703,37.6118425179795,헬스장
2609,"서울특별시 중랑구 공릉로4길 4, 상가동 102호 (묵동, 묵동해오름아파트)",바디밸런스3.0 PT.필라테스,127.07819152988,37.6129850074314,헬스장
2610,"서울특별시 중랑구 동일로92길 25, 지하1층 (면목동)",토니바디PT,127.08137944946,37.5835402728123,헬스장
2611,"서울특별시 중랑구 중랑역로 62, 5층 (중화동)",퍼플피플,127.078105801132,37.59891376744,헬스장
2612,"서울특별시 중랑구 양원역로10길 3, 제이타워 7층 (망우동)",콤마짐,127.106339503555,37.6066433737247,헬스장
2613,"서울특별시 중랑구 공릉로 18, 3층 (묵동)",J-PT,127.078042411567,37.6124868594094,헬스장
2614,"서울특별시 중랑구 봉우재로33길 65, 4층 (상봉동)",코어핏 PT&필라테스,127.088876000881,37.5952225370413,헬스장
2615,"서울특별시 중랑구 면목로 266-1, 2층 (면목동)",토니바디PT 용마점,127.086042226764,37.5764421819337,헬스장
2616,"서울특별시 중랑구 면목로 368, 지층 (면목동)",불독짐,127.088550929868,37.5848245219132,헬스장
2617,"서울특별시 성동구 천호대로 296, 5층 (용답동)",주식회사 아이앤지짐,127.053138658366,37.5660126480034,헬스장
2618,"서울특별시 성동구 천호대로 308, 인암빌딩 지하2층 (용답동)",시티짐 답십리점,127.054233759933,37.5652248597338,헬스장
2619,서울특별시 성동구 왕십리광장로 17 (행당동),포시즌 휘트니스,127.038394194396,37.5614417528647,헬스장
2620,"서울특별시 성동구 성덕정길 106, 승재빌딩  4층 (성수동2가)",스타트 짐,127.055104789531,37.5371594440377,헬스장
2621,"서울특별시 성동구 성수일로 39, 경동빌딩 지층 (성수동1가)",짐아서 휘트니스,127.049255852172,37.5442368591975,헬스장
2622,"서울특별시 성동구 난계로 84 (하왕십리동, 왕십리풍림아이원)",풍림휘트니스,127.024079949145,37.5591314196289,헬스장
2623,"서울특별시 성동구 독서당로 166, B201호 (옥수동, 성원상떼뷰)",(주)옥수 투엑스 휘트니스,127.011698447614,37.5406062437899,헬스장
2624,"서울특별시 성동구 뚝섬로 400, 뚝섬쇼핑센타 3층 (성수동2가)",시티짐 성수점,127.054998518398,37.5385087414256,헬스장
2625,"서울특별시 성동구 왕십리로 320, W에비뉴타워 503호 (도선동)",더바른몸PT,127.03437221242,37.5623299333488,헬스장
2626,"서울특별시 성동구 왕십리로 115, 지하층 (성수동1가)",빅브로짐 휘트니스 성수점,127.044137696679,37.5479201849315,헬스장
2627,"서울특별시 성동구 왕십리로 284-1, 2층 (행당동)",알엑스 퍼스널 트레이닝,127.036775942401,37.5598913822285,헬스장
2628,"서울특별시 성동구 왕십리로 322, 한성아펠타워 B1~B3호 (도선동)",(주)운동의 정석,127.034056746152,37.5625277935085,헬스장
2629,"서울특별시 성동구 왕십리로 339-1, 3층 (하왕십리동)",브라보 PT,127.031977989515,37.5630150030455,헬스장
2630,"서울특별시 성동구 행당로 84, 행당 한진타운 종합상가 4층 406호 (행당동)",스튜디오에이,127.028745897371,37.556567759443,헬스장
2631,"서울특별시 성동구 왕십리로 340, 위너스 오피스텔 B201호 (도선동)",HUTZ,127.03240688004,37.5633532102577,헬스장
2632,"서울특별시 성동구 독서당로51길 8, 지하1층 (금호동1가)",가미핏,127.02642814203,37.5487528637223,헬스장
2633,"서울특별시 성동구 왕십리로 94-1, 3층 (성수동1가)",퍼먼츠 트레이닝 센터,127.044945651271,37.545999040665,헬스장
2634,"서울특별시 성동구 마장로 284, 복성빌딩 지하1층 (마장동)",리커버리PT,127.041259755727,37.5653572372441,헬스장
2635,"서울특별시 성동구 성수일로8길 39, 지하1층 (성수동2가)",퀄핏 건강운동센터,127.054802213031,37.5457826923407,헬스장
2636,"서울특별시 성동구 성수이로20길 3, 세종빌딩 (성수동2가)",성수역점 스포애니,127.057176304273,37.5437359381593,헬스장
2637,"서울특별시 성동구 한림말3길 10, 교연학원 지하1층 (옥수동)",ST 요가앤PT,127.016319170852,37.5420674777015,헬스장
2638,"서울특별시 성동구 고산자로 284, 성동샤르망 206호 (행당동)",리커버 필라테스 PT,127.036797652702,37.5649128994423,헬스장
2639,"서울특별시 성동구 왕십리로 410, I동 101호 102호 (하왕십리동, 센트라스)",릴리브짐,127.024082467223,37.5666029325047,헬스장
2640,"서울특별시 성동구 왕십리로 348, 5층 (도선동)",하이엔드핏 PT,127.031603632293,37.5636884184575,헬스장
2641,"서울특별시 성동구 아차산로 91, 현진빌딩 7층 (성수동2가)",케이큐 라인 PT,127.054482759879,37.545307923565,헬스장
2642,"서울특별시 성동구 성수일로4길 25, 서울숲코오롱디지털타워 B104호 (성수동2가)",라이프짐,127.051865849456,37.5425050119214,헬스장
2643,"서울특별시 성동구 행당로 1, B03호 (금호동1가)",H-GYM 4호점,127.020335835064,37.5548124720494,헬스장
2644,"서울특별시 성동구 상원6나길 30, 지하2층 B201호 (성수동1가, 서울숲 무지개)",피트니스 비긴즈(Fitness Begins),127.050281580787,37.5477240138297,헬스장
2645,"서울특별시 성동구 마조로 30, 미진빌딩 지층 101호 (행당동)",에이블짐 한양대점,127.041474880283,37.560373300008,헬스장
2646,"서울특별시 성동구 무학로 33, 152동 b107호 (하왕십리동, 텐즈힐)","오늘, 운동",127.02634785313,37.5691641596929,헬스장
2647,"서울특별시 성동구 성수일로 21, 2층 (성수동1가)",PND,127.048675836569,37.5425334900341,헬스장
2648,"서울특별시 성동구 독서당로 202, B103호 (옥수동)",shut up and squat,127.013351442954,37.5429958801414,헬스장
2649,"서울특별시 성동구 행당로17길 1-57, B1층 (행당동)",리메이크 짐,127.033087732894,37.5588440733156,헬스장
2650,"서울특별시 성동구 금호로 117, B218호 (금호동2가, 금호자이1차)",더컨디셔닝,127.021435595291,37.5530604673758,헬스장
2651,"서울특별시 성동구 마장로 191, 성종보습학원 3층 (홍익동)",프로 짐,127.030965101103,37.5668491018047,헬스장
2652,"서울특별시 성동구 금호로 151, 3층 (금호동2가)",동핏,127.02014635581,37.5542856010364,헬스장
2653,"서울특별시 성동구 성수일로6길 53, 유원지식산업센터 3층 (성수동2가)",뉴바디필라테스&멀티트레이닝센터,127.055789372886,37.5442146717831,헬스장
2654,"서울특별시 성동구 한림말5길 9, 5층 (옥수동)",바른피티,127.016716439007,37.542011560152,헬스장
2655,"서울특별시 성동구 행당로 35, 금복빌딩 1층 (금호동1가)",바나나짐,127.023481346734,37.5558884003779,헬스장
2656,"서울특별시 성동구 천호대로 400, B101호 (용답동, 신창비바패밀리)",더 바디 피트니스,127.063321479459,37.5612964964549,헬스장
2657,"서울특별시 성동구 아차산로 97, 남영빌딩 3층 (성수동2가)",빌드업피트니스 &PT 성수역점,127.055123744487,37.5452324827558,헬스장
2658,"서울특별시 성동구 성수일로1길 1, B1층 (성수동1가)",짐타운,127.048132809172,37.5412979916279,헬스장
2659,"서울특별시 성동구 고산자로 255, 케이 타워 7층 (도선동)",PT STUDIO RE . ON,127.035699072815,37.5625820889316,헬스장
2660,"서울특별시 성동구 아차산로 92, S TOWER B102호 (성수동2가)",F45,127.054242462371,37.5447523880259,헬스장
2661,"서울특별시 성동구 마장로 291, 제일은행 2층 (마장동)",굿타임 PT,127.041939050117,37.5658522754099,헬스장
2662,"서울특별시 성동구 상원6길 14, 성수2차대우아파트 상가동 지하1층 (성수동1가)",크로스핏 핏불,127.049576121605,37.5489059718514,헬스장
2663,"서울특별시 성동구 성수일로 1, 2층 2호 (성수동1가)",무브먼트 프로젝트,127.047850218608,37.5408654463888,헬스장
2664,"서울특별시 성동구 왕십리로 410, H동 204,205호 (하왕십리동, 센트라스)",얼라이브짐,127.024082467223,37.5666029325047,헬스장
2665,"서울특별시 성동구 아차산로 91, 현진빌딩 2층 (성수동2가)",퀸 스페셜 PT,127.054482759879,37.545307923565,헬스장
2666,"서울특별시 성동구 왕십리로 363, 성동빌딩 401호 (하왕십리동)",찬스짐 PT,127.029688304878,37.5639812889316,헬스장
2667,"서울특별시 성동구 왕십리로14길 30-3, 2층 (성수동1가)",3GYM,127.047335484326,37.5483678238652,헬스장
2668,"서울특별시 성동구 금호산길 61, 동원빌딩 301호 (금호동2가)",와츠핏(What.s fit),127.019286546294,37.5536723452703,헬스장
2669,"서울특별시 성동구 성수이로 113, 제강빌딩 B1층 (성수동2가)",짐타임 성수역점,127.057127702049,37.5451422412538,헬스장
2670,"서울특별시 성동구 왕십리로 332, B1층 (도선동)",셀바디,127.033158634924,37.563048284529,헬스장
2671,"서울특별시 성동구 연무장17길 5, 지하1층 (성수동2가)",크로스핏 성수,127.060940216094,37.5412530634959,헬스장
2672,서울특별시 광진구 광나루로 566 (구의동),초콜렛 휘트니스(무단폐업),127.092113889874,37.5439145956902,헬스장
2673,"서울특별시 광진구 자양로5길 33 (자양동, 와이엠프라젠스파)",웰플러스,127.084141036038,37.530921726612,헬스장
2674,"서울특별시 광진구 용마산로 44, 5층 (중곡동, 삼경빌딩)",코엑스짐 중곡점,127.088244321697,37.5574688324514,헬스장
2675,"서울특별시 광진구 능동로 373, 3층 (중곡동)",초콜릿 휘트니스,127.082267149875,37.5627301037268,헬스장
2676,서울특별시 광진구 천호대로 527  (중곡동),삼성남녀헬스센타,127.077315045243,37.5583973140118,헬스장
2677,서울특별시 광진구 자양로 52  (자양동),영광헬스피아,127.085623298028,37.53266004369,헬스장
2678,서울특별시 광진구 동일로 222  (군자동),역사헬스,127.069536441929,37.5514477117114,헬스장
2679,서울특별시 광진구 구의로 39  (구의동),멜론짐,127.0897313385,37.5414146254053,헬스장
2680,서울특별시 광진구 면목로11길 10  (중곡동),파워헬스,127.081106387947,37.5668540446479,헬스장
2681,서울특별시 광진구 능동로7길 50 (자양동),세븐짐 휘트니스,127.066411745464,37.537759999792,헬스장
2682,"서울특별시 광진구 천호대로 548, 지하1층 (군자동)",핏퍼스트,127.07899226716,37.5568272074713,헬스장
2683,"서울특별시 광진구 광나루로 604, 지하1층 (구의동, 진넥스 베르디엠)",아크로짐 구의점,127.094914025322,37.5415780693025,헬스장
2684,"서울특별시 광진구 구의강변로 106, 101동 지하1층 114(113호일부포함)호 (구의동, 삼성쉐르빌)",비터스윗코리아,127.09489656845,37.53985699394,헬스장
2685,"서울특별시 광진구 아차산로 477, 지하1층 (구의동)",제이 퍼스널 트레이닝 스튜디오,127.094682805056,37.5407332074799,헬스장
2686,서울특별시 광진구 능동로13길 39  (화양동),역발산센터,127.069757721395,37.543959020957,헬스장
2687,"서울특별시 광진구 아차산로 380, 5층 (자양동, 세화빌딩)",휘트니스피플우먼 구의점,127.085000660297,37.5366171473808,헬스장
2688,서울특별시 광진구 뚝섬로56길 59  (자양동),광운헬스,127.082915384605,37.5288357843457,헬스장
2689,"서울특별시 광진구 아차산로 272, 더샵스타시티 지하1층 (자양동)",주식회사 헬스보이컴퍼니,127.072996184863,37.5385582736952,헬스장
2690,"서울특별시 광진구 천호대로 805, 석원빌딩 4층 (광장동)",바디케어짐,127.103261700163,37.5457429607071,헬스장
2691,"서울특별시 광진구 아차산로 563, 대한제지(주) 사옥 지하2층 (광장동)",짐 퍼스트 광장점,127.10293064906,37.5441340657514,헬스장
2692,"서울특별시 광진구 영화사로 24  (중곡동,동화빌딩  5층)",JM휘트니스,127.089751245244,37.5571691061483,헬스장
2693,"서울특별시 광진구 면목로17길 40 (중곡동, 동방프라자 지하1층 101호, 102호)",광명 휘트니스,127.081074719437,37.5708453857498,헬스장
2694,"서울특별시 광진구 천호대로129길 29  (중곡동,2층)",드림헬스클럽,127.091123493697,37.5531645632465,헬스장
2695,"서울특별시 광진구 천호대로 675, 6층 (구의동, 화동빌딩)",휴먼짐,127.090607062878,37.5509841854276,헬스장
2696,"서울특별시 광진구 구천면로 14 (광장동, 광진구민체육센터)",광진구민체육센터,127.106801004255,37.546009932009,헬스장
2697,"서울특별시 광진구 면목로17길 40, 2층 203호 (중곡동, 동방프라자)",동방헬스,127.081074719437,37.5708453857498,헬스장
2698,"서울특별시 광진구 용마산로 10, 4층 (중곡동, 대붕빌딩)",바디메이트 짐,127.088841013335,37.5545352784401,헬스장
2699,"서울특별시 성북구 보문로 124, 지하1층 (보문동1가)",트러스트짐,127.01920207553,37.5861234210272,헬스장
2700,"서울특별시 성북구 성북로 5-1, 산빌딩 3층 (성북동1가)",라몬 GYM,127.005319480974,37.5887794579466,헬스장
2701,서울특별시 성북구 안암로9가길 10 (안암동4가),스마일 보이짐,127.025082692468,37.5806688754834,헬스장
2702,"서울특별시 성북구 보문로21가길 11, 103호 (보문동6가)",새러데이 PT STUDIO,127.018484548679,37.5822456606813,헬스장
2703,"서울특별시 성북구 보국문로 40-3, 지층 (정릉동)",건강한 정릉,127.010218295973,37.6083631669275,헬스장
2704,"서울특별시 성북구 보국문로 33, 401호 (정릉동)",런앤핏 헬스&PT,127.010124841427,37.6073770418433,헬스장
2705,"서울특별시 성북구 삼선교로14길 32, 지층 (삼선동2가)",프리원핏 한성대점,127.010158048096,37.5867281209395,헬스장
2706,"서울특별시 성북구 아리랑로4길 8, 2층 (동선동4가)",안핏 여성전용피티&그룹운동,127.016621618562,37.5944870033424,헬스장
2707,"서울특별시 성북구 서경로 24, 상익빌딩 201호 (정릉동)",포무브,127.015058120303,37.6058012249129,헬스장
2708,"서울특별시 성북구 아리랑로 19, 서울빌딩 2층 (동소문동6가)",엠에프짐(MF GYM),127.015886405065,37.5945097194796,헬스장
2709,"서울특별시 성북구 서경로11길 6, A동 2, 3층 (정릉동)",디파인더 바디 피트니스,127.015187001238,37.6086004933525,헬스장
2710,"서울특별시 성북구 오패산로 45 (하월곡동,3층)",멋GYM휘트니스(성북월곡점),127.03663965165,37.606048234599,헬스장
2711,"서울특별시 성북구 보문로 94, 7층 (보문동4가, 화성빌딩)",BM 휘트니스클럽,127.020603298681,37.583713478664,헬스장
2712,"서울특별시 성북구 개운사길 18  (안암동5가,청평빌딩 3,4층)",플러스 휘트니스클럽,127.029463467677,37.5871292464272,헬스장
2713,"서울특별시 성북구 화랑로7길 32, 월곡송림건강랜드 (하월곡동)",월곡건강랜드,127.040147324758,37.603696320411,헬스장
2714,서울특별시 성북구 화랑로33길 39  (장위동),청마스포츠클럽,127.054534551063,37.6118494600588,헬스장
2715,"서울특별시 성북구 성북로 18, 3층 (성북동)",바른운동센터,127.004923264707,37.5897975966249,헬스장
2716,"서울특별시 성북구 종암로19길 17, 3층 301호 (종암동, 양지빌딩)",바디어필,127.033758067444,37.5981642561732,헬스장
2717,"서울특별시 성북구 화랑로 77, 그린빌딩 B1층 (하월곡동)",1% 퍼스널 트레이닝,127.040891050055,37.6025209935325,헬스장
2718,"서울특별시 성북구 보문로34길 35, 3층 (동선동1가)",더블와이짐 PT&헬스 성신여대점,127.017277149111,37.5906892281302,헬스장
2719,"서울특별시 성북구 동소문로 43, 흥화브라운 동소문빌딩 지하1층 101호 (동소문동4가)",백퍼센트짐 3호점,127.010147934769,37.5906277076958,헬스장
2720,"서울특별시 성북구 종암로 129 (종암동,청한상가 2층)",스포벡휘트니스 종암1호점,127.032727558227,37.6014264034926,헬스장
2721,"서울특별시 성북구 북악산로 1059  (종암동,3층,4층)",이엑스 휘트니스,127.035624995392,37.5926439632832,헬스장
2722,"서울특별시 성북구 삼양로 22 (길음동,(지하2층))",휘트니스인앤필라테스인,127.024902655048,37.6053814989043,헬스장
2723,"서울특별시 성북구 정릉로 250  (정릉동,정릉빌딩 5층)",비타민 휘트니스클럽,127.011370819691,37.6042686933031,헬스장
2724,서울특별시 성북구 한천로76다길 43 (석관동),블랙멀티짐,127.065025795604,37.6129884914462,헬스장
2725,"서울특별시 성북구 보국문로 164, 202호 (정릉동)",ICWC 벨로드롬,127.003232515252,37.6170029672632,헬스장
2726,"서울특별시 성북구 보문로30길 71, 패션빌딩 지하1층 (동선동2가)",체대입시FA,127.019569294105,37.5906268820981,헬스장
2727,"서울특별시 성북구 서경로11길 6, 3층 (정릉동)",파워라인 휘트니스 클럽,127.015187001238,37.6086004933525,헬스장
2728,"서울특별시 성북구 화랑로 280, 5층 (석관동)",아크로짐 돌곶이점 24시 휘트니스,127.060201606935,37.612321256006,헬스장
2729,"서울특별시 성북구 길음로 20, 상가동 4층 409~412호 (길음동, 길음뉴타운 래미안6단지)",커브스 길음클럽,127.02302105616,37.6047525393951,헬스장
2730,"서울특별시 성북구 동소문로 10, 4층 가1호, 나호 (동소문동2가, 카프리빌딩)",H.M.A.C (HUMAN MOVEMENT ACTIVATION CENTER),127.007333614721,37.5887327686781,헬스장
2731,서울특별시 성북구 돌곶이로25길 76  (장위동),월드헬스클럽,127.052718513823,37.6096980926802,헬스장
2732,"서울특별시 성북구 보문로34길 69, 201호 (동선동1가,창천빌딩)",업타운 휘트니스,127.019058020825,37.59129865544,헬스장
2733,"서울특별시 성북구 종암로 83  (종암동,4층)",스마일 헬스,127.034739947062,37.5976614885114,헬스장
2734,"서울특별시 성북구 아리랑로 9, 2층 201호 (동소문동6가, 산맥프라자)",오라쁘띠휘트니스센터,127.015978183574,37.5937320611385,헬스장
2735,"서울특별시 성북구 동소문로 229, 4층 (길음동, 동궁빌딩)",블랙멀티짐,127.022225104926,37.6027006866987,헬스장
2736,"서울특별시 성북구 화랑로 248, 15층 1501,1502,1503호 (석관동, 장위뉴타워)",무브짐 앤 무브맥스PT 돌곶이점,127.056884690294,37.6103886583338,헬스장
2737,"서울특별시 성북구 종암로 113, 3층 (종암동)",커브스 종암클럽,127.033676640345,37.6001542980723,헬스장
2738,"서울특별시 성북구 종암로 123, 지하2층 (종암동)",스포벡휘트니스 종암2호점,127.033161209581,37.6010153406314,헬스장
2739,"서울특별시 성북구 한천로 509 (석관동,코오롱아파트상가(지하))",힙짐 헬스&PT 석관점,127.065740168378,37.606985165364,헬스장
2740,"서울특별시 성북구 동소문로 248 (길음동,삼부(아) 105동 제2층 2,3,4호)",JM휘트니스클럽,127.024541211803,37.6034576002933,헬스장
2741,서울특별시 성북구 길음로7길 36-12  (길음동),서울레저프라자(주),127.02198306387,37.6033456609214,헬스장
2742,서울특별시 성북구 돌곶이로22가길 27  (석관동),동호헬스,127.060316573105,37.6089651932126,헬스장
2743,"서울특별시 성북구 보국문로 91  (정릉동,지하1층)",오렌지휘트니스,127.007767006217,37.6124187963609,헬스장
2744,"서울특별시 성북구 종암로 37 (종암동,지1층,지2층)",플러스 휘트니스 클럽,127.035753623771,37.5935896054212,헬스장
2745,"서울특별시 성북구 동소문로 190, 지하2층 (돈암동)",아크로짐 헬스PT&골프 돈암점,127.022090691445,37.5988985312292,헬스장
2746,"서울특별시 성북구 장월로1길 106, 4층 (하월곡동)",워너비 짐,127.043064543733,37.6046639464803,헬스장
2747,"서울특별시 성북구 동소문로 48 (동소문동3가,동도빌딩B1)",백퍼센트짐,127.011010678624,37.5903365197632,헬스장
2748,서울특별시 성북구 동소문로 86-15 (동소문동5가),돈암헬스,127.01531217574,37.5916129262739,헬스장
2749,"서울특별시 성북구 동소문로 118 (동선동1가,플라밍스타워B2)",올리브짐,127.018175678094,37.5933260265911,헬스장
2750,서울특별시 성북구 동소문로 18-1  (동소문동2가),챠밍여성헬스,127.008289042894,37.5891500451849,헬스장
2751,서울특별시 성북구 동소문로 260  (하월곡동),동아헬스클럽,127.025843986066,37.6040883757593,헬스장
2752,서울특별시 성북구 장위로 52  (장위동),한스남여헬스타운,127.042434138115,37.6139134611221,헬스장
2753,"서울특별시 성북구 성북로4길 52, 418동 2303호 (돈암동, 한신한진아파트)",암스트롱,127.012706037821,37.5944725333435,헬스장
2754,"서울특별시 성북구 성북로4길 52, 스포츠센터동 지하2층 5301호 (돈암동, 한신한진아파트)",에이블짐 돈암점,127.012706037821,37.5944725333435,헬스장
2755,"서울특별시 성북구 북악산로 809, 정릉우성스카이상가 지하1층 (정릉동)",스타짐 정릉,127.014471992987,37.6008116138803,헬스장
2756,"서울특별시 성북구 동소문로20가길 62, 대은빌딩 (동선동1가)",크로스에듀테크(주),127.019387275479,37.5938740873056,헬스장
2757,서울특별시 성북구 동소문로 295 (길음동),탐휘트니스 길음,127.027680937222,37.6067620073423,헬스장
2758,"서울특별시 성북구 고려대로 102, 지하 1층 (안암동5가)",거츠 트레이닝 센터,127.030553049203,37.5861506714034,헬스장
2759,"서울특별시 성북구 고려대로24길 42, 방주빌딩 5층 (안암동5가)",조인성퍼스널트레이닝No.4,127.029263584786,37.5844055042855,헬스장
2760,"서울특별시 성북구 성북로6길 26, 지하 1층 (성북동)",무브웰 성북 PT,127.004633903092,37.5904811912251,헬스장
2761,"서울특별시 성북구 돌곶이로23길 3, 삼형빌딩 3층 (석관동)",짐욱,127.057600910846,37.6099301579426,헬스장
2762,"서울특별시 성북구 삼선교로 18, 2층 (삼선동1가)",봄핏 바른체형운동&PT,127.007870954774,37.58746945228,헬스장
2763,"서울특별시 성북구 동소문로 248, 지하1층 (길음동, 길음삼부컨버니언아파트)",크로스핏 앤츠,127.024541211803,37.6034576002933,헬스장
2764,"서울특별시 성북구 보문로30길 76, 동선동 우리집 지하1층 (동선동2가)",바디메이킹 PT 필라테스,127.020027816429,37.5908798939048,헬스장
2765,"서울특별시 성북구 보국문로 50, 청수프라자 4층 402,403호 (정릉동)",솜솜 스포츠,127.01008574376,37.6088639482975,헬스장
2766,"서울특별시 성북구 월계로40길 7, 센트럴타운 506,507호 (장위동)",커브스 월계클럽,127.048309344122,37.6229729783825,헬스장
2767,"서울특별시 성북구 보국문로 77, 3층 (정릉동)",슬림라인 휘트니스,127.008614267602,37.6111423965072,헬스장
2768,"서울특별시 성북구 동소문로 106, 유타 4~5층 (동선동1가)",유타짐,127.017088831326,37.5925747617089,헬스장
2769,"서울특별시 성북구 고려대로22길 5, B01호 (안암동5가)",닥터스트렝스,127.028968108615,37.5859196960195,헬스장
2770,"서울특별시 성북구 오패산로 98, 로만플라자 지하2층 b205,206호 (하월곡동)",GYM-H,127.035639686915,37.6108634286384,헬스장
2771,"서울특별시 성북구 고려대로7길 48, 삶과함께빌딩 3층 (안암동1가)",바카티오PT 성북천점,127.020159306903,37.5880671533694,헬스장
2772,"서울특별시 성북구 고려대로26길 49, B01호 (안암동5가)",샤크짐2호점,127.030215687855,37.5839932402134,헬스장
2773,"서울특별시 성북구 화랑로 254, 대성프라자 4층 (석관동)",업타운 휘트니스 돌곶이점,127.057612362235,37.6108273573205,헬스장
2774,"서울특별시 성북구 돌곶이로 217, 2층 (장위동)",핏플랜,127.045900220492,37.6185880226841,헬스장
2775,"서울특별시 성북구 동소문로 98, 메디컬센터빌 1층, 지하2층 (동소문동5가)",짐박스피트니스 성신여대점,127.01617250792,37.5922520653915,헬스장
2776,서울특별시 성북구 보문로 51 (주)참존글로벌워크 5층 (보문동7가),에이티엘(ATL),127.021972113094,37.5799678915577,헬스장
2777,"서울특별시 성북구 장월로1길 57, 3층 (상월곡동)",이너라인GYM 월곡점,127.045229627197,37.6059908353717,헬스장
2778,"서울특별시 성북구 동소문로 92, 강윤빌딩 2층 (동소문동5가)",노바디짐 PT&헬스 성신여대점,127.01549221016,37.5921675534937,헬스장
2779,"서울특별시 성북구 월계로 172, 4층 (장위동)",926fit,127.044900798769,37.619259192659,헬스장
2780,"서울특별시 성북구 도봉로 11, 삼주빌딩 (길음동)",아크로짐 길음점,127.029853346826,37.61023190915,헬스장
2781,"서울특별시 성북구 정릉로 251, 명성빌딩 6층 (정릉동)",운동쟁이,127.0119196884,37.6047223777771,헬스장
2782,"서울특별시 성북구 동소문로 248, 105동 2층 (길음동, 삼부아파트)",당신만의 체인지,127.024541211803,37.6034576002933,헬스장
2783,"서울특별시 성북구 동소문로6길 4-3, 2층 (동소문동2가)",건강한 PT studio,127.007982276973,37.5887651623261,헬스장
2784,"서울특별시 성북구 길음로7길 6, 길음뉴타운9단지래미안 상가 제상가동 제지층 제비1-1호 (길음동)",업투 길음역점,127.02240090837,37.6043692874401,헬스장
2785,"서울특별시 성북구 성북로6길 12, 204호 (성북동, 성북동 근생·도시형생활주택)",유니버설 피트니스,127.005152897104,37.589962738726,헬스장
2786,"서울특별시 성북구 동소문로 13, 일화빌딩 4층 (동소문동1가)",본피트니스,127.007532390232,37.5894060678552,헬스장
2787,"서울특별시 성북구 보문로 152, 윤홍빌딩 B2층 (삼선동5가)",크로스핏로꼬,127.017698158075,37.5884338916422,헬스장
2788,"서울특별시 성북구 아리랑로 18, 4층 (동선동5가)",머슬프렌즈짐,127.016325296009,37.5945180388131,헬스장
2789,"서울특별시 성북구 동소문로20나길 47, 코아루센타시아 지하2층 215~218호 (동선동1가)",투(2J fitness)돈암체육관,127.019152563127,37.5930552141643,헬스장
2790,서울특별시 성북구 고려대로24길 16 (안암동5가),스마일 보이짐,127.029214079522,37.5854892310503,헬스장
2791,"서울특별시 성북구 정릉로 307, 지하2층 213호 (정릉동, 길음뉴타운10단지)",당신의 PT,127.017866208389,37.6032285064084,헬스장
2792,"서울특별시 성북구 보문로 134, 지하1층 (보문동1가)",올인원짐,127.018792434115,37.5869754658165,헬스장
2793,"서울특별시 성북구 종암로 120, 지하1층 (종암동)",더블와이짐 PT&헬스 종암점,127.034438925479,37.6010208311524,헬스장
2794,"서울특별시 성북구 보문로34길 39, 백옥빌딩 2층 (동선동1가)",비프로 PT & 필라테스,127.017457877523,37.5907688492516,헬스장
2795,"서울특별시 성북구 성북로 76, 2층 (성북동)",정필라테스 로날드피티,127.000441374656,37.5935632147633,헬스장
2796,"서울특별시 성북구 화랑로 76, 홈플러스 지하2층 (하월곡동)",멋짐플러스,127.040579524379,37.6017059749991,헬스장
2797,"서울특별시 성북구 성북로 121, 201호 (성북동)",Wellness Studio 성북본점,126.99560798269,37.5937523421512,헬스장
2798,"서울특별시 성북구 아리랑로 3, 지하1층 (동소문동6가)",조인성퍼스널트레이닝 NO.2,127.016174486678,37.5930241251186,헬스장
2799,"서울특별시 성북구 삼양로 17, 지하 1층 (길음동)",그로우 피트니스,127.024571655449,37.6047753821912,헬스장
2800,"서울특별시 성북구 솔샘로 116, 정릉풍림아이원 상가2동 206, 207호 (정릉동)",존버짐,127.009121176859,37.616442424527,헬스장
2801,"서울특별시 광진구 영화사로 1  (중곡동,2층)",파워존,127.088299645079,37.5586988321461,헬스장
2802,서울특별시 광진구 뚝섬로 632 (자양동),타운케이 휘트니스,127.079745148343,37.531792260563,헬스장
2803,"서울특별시 광진구 아차산로 399, 3층 (구의동)",이루어짐 구의점,127.087037269394,37.5375919877085,헬스장
2804,"서울특별시 광진구 아차산로 241, 6층 (화양동, 연한빌딩)",맥스토탈휘트니스,127.070150304742,37.5405050771385,헬스장
2805,"서울특별시 광진구 동일로 190, 비02호 (군자동)",SAP,127.068125738717,37.548756531346,헬스장
2806,"서울특별시 광진구 광나루로 346, 2층 (화양동, 브라운스톤화양)",시너지휘트니스,127.068368353438,37.5480052286217,헬스장
2807,"서울특별시 광진구 능동로 259  (군자동,지하)",휘트니스파크,127.077086878597,37.5533432283603,헬스장
2808,"서울특별시 광진구 군자로 108 (군자동, 군자빌딩)",머슬 H 휘트니스,127.072077273413,37.5526223508227,헬스장
2809,"서울특별시 광진구 뚝섬로23길 43  (자양동,2층)",상록헬스크리닉,127.065791457413,37.5373527344944,헬스장
2810,서울특별시 광진구 아차산로 373  (구의동),메트로헬스,127.084032696421,37.5370119376395,헬스장
2811,서울특별시 광진구 용마산로 120 (중곡동),스타일휘트니스클럽(무단폐업),127.087014436965,37.5643811995883,헬스장
2812,"서울특별시 광진구 뚝섬로 622-1  (자양동,지하1층)",아름다운휘트니스,127.078807204044,37.5320827422087,헬스장
2813,"서울특별시 광진구 광나루로 410, B1층 04~06호 (화양동, KCC파크타운)",샤인휘트니스 어린이대공원역점,127.075047996201,37.5465622772815,헬스장
2814,"서울특별시 광진구 천호대로 646, 지하1층 (능동, 능동나이스빌딩)",휘트니스 트리,127.08858153862,37.5529339501061,헬스장
2815,"서울특별시 광진구 군자로 75 (군자동, 지장빌딩)",시티짐 군자,127.070637248828,37.5499192356639,헬스장
2816,"서울특별시 광진구 구의로 6 (구의동, 신호빌딩)",세종 남여헬스(무단폐업),127.089346755579,37.5384927045864,헬스장
2817,서울특별시 광진구 자양로 173  (구의동),화인헬스,127.084191575904,37.5432717904262,헬스장
2818,서울특별시 광진구 자양로18길 67 (구의동),Choi.s Body Balance,127.087353582064,37.5384268009902,헬스장
2819,"서울특별시 광진구 뚝섬로 656, 2층 (자양동)",NX PT STUDIO,127.082362161048,37.5313027525693,헬스장
2820,"서울특별시 광진구 능동로 268, 2층 (능동)",2MR 휘트니스,127.078035889181,37.5538530201741,헬스장
2821,"서울특별시 광진구 능동로19길 57, 3층 301호 (화양동)",휘트니스 에이치투(폐업),127.070502682444,37.5473821042898,헬스장
2822,"서울특별시 광진구 능동로19길 35, 지하3층 (화양동)",휘트니스베이 24시 건대점,127.07184990385,37.547068014965,헬스장
2823,"서울특별시 광진구 아차산로 484, 지하1층 (구의동)",노경우 퍼스널 트레이닝,127.095646084596,37.5407523432876,헬스장
2824,"서울특별시 광진구 아차산로 599 (광장동, 광장동 신동아 파밀리에)",BODY119(바디119),127.104175719093,37.5469076897327,헬스장
2825,"서울특별시 광진구 뚝섬로 585 (자양동, 신축빌딩)",워라밸피트니스 자양점,127.075051511089,37.5335871571865,헬스장
2826,"서울특별시 광진구 아차산로 438, 지하1층 (구의동)",제이바디웍스,127.091306726945,37.5382364927306,헬스장
2827,"서울특별시 광진구 능동로4길 17, 원우상가 3층 (자양동)",라이크핏,127.068765049014,37.5334117759221,헬스장
2828,"서울특별시 광진구 아차산로 481, 3층 (구의동)",커브스구의클럽,127.09495568783,37.5409712126509,헬스장
2829,"서울특별시 광진구 구의강변로 45, 5층 (구의동, 구의동 복합빌딩)",마크짐 휘트니스 - 강변역점,127.09130727989,37.5348853120226,헬스장
2830,"서울특별시 광진구 광나루로17길 10  (군자동,3층)",원모어 퍼스널트레이닝 스튜디오,127.072861336247,37.5481167883366,헬스장
2831,"서울특별시 광진구 아차산로 453  (구의동,(4층))",프라임헬스클럽,127.092393107943,37.5393804582108,헬스장
2832,서울특별시 광진구 자양로 312  (구의동),아차산헬스클럽,127.093402430842,37.5531023255549,헬스장
2833,"서울특별시 광진구 천호대로 510  (군자동,(3층))",군자휘트니스 크럽,127.074990946567,37.5585175644249,헬스장
2834,"서울특별시 광진구 아차산로 511  (광장동,지층)",순수여성헬스,127.0981487709,37.5421412526484,헬스장
2835,"서울특별시 광진구 자양로26길 31, 2층 201호 (구의동, 명진빌딩)",파나마 헬스클럽,127.085731129431,37.5415636493155,헬스장
2836,"서울특별시 광진구 아차산로70길 62, 지하1,2층 (광장동, 광장현대3단지아파트)",비스코헬스케어,127.098995313099,37.5403766593492,헬스장
2837,"서울특별시 광진구 군자로 137  (군자동,2층)",바디앤소울,127.074345512389,37.5542086826781,헬스장
2838,서울특별시 광진구 자양로 86 (자양동),웨스트짐 헬스&PT,127.084433407506,37.5353618301028,헬스장
2839,"서울특별시 광진구 아차산로78길 44, 지하1층 (광장동)",리버사이드 스포츠,127.10990666093,37.5507930950574,헬스장
2840,서울특별시 광진구 용마산로 111  (중곡동),용곡체육관,127.086643404936,37.5635945424938,헬스장
2841,"서울특별시 광진구 자양번영로 42 (자양동, 공주빌딩)",유진헬스클럽,127.075949906451,37.5333130389845,헬스장
2842,"서울특별시 광진구 천호대로111길 9, 2층 (중곡동)",몸가짐 PT&필라테스,127.081968310919,37.5569150083409,헬스장
2843,"서울특별시 광진구 광나루로56길 34, 구의현대2단지 상가동 304호 (구의동)",드바디샵,127.096635162056,37.5381404407348,헬스장
2844,"서울특별시 광진구 광나루로 582, 지층 (구의동, 세종빌딩)",크로스핏 팀앤디,127.093373585774,37.5431337915553,헬스장
2845,"서울특별시 광진구 광나루로 352, 2층 202호 (화양동)",조승호 아톰 휘트니스 PT,127.068799159528,37.548003086303,헬스장
2846,"서울특별시 광진구 천호대로 666, 그랜드파크 오피스텔 202,203,302호 (구의동)",Youn-A PT샵,127.08931299554,37.5513571934247,헬스장
2847,서울특별시 광진구 광나루로 379  (군자동),동부육체미,127.072086799991,37.5482959317387,헬스장
2848,"서울특별시 광진구 동일로30길 23, 지층 (화양동, 케이타워오피스텔B)",휘트니스우먼,127.068545520549,37.5477092379564,헬스장
2849,"서울특별시 강북구 삼양로 118, 3층 (미아동)",짐코사트 PT 삼양점,127.022406643431,37.614427120808,헬스장
2850,"서울특별시 광진구 뚝섬로 742, 지하2층 (구의동, 광성빌딩)",더케이짐,127.091432175278,37.5342254126939,헬스장
2851,"서울특별시 광진구 광나루로 586, 6층 (구의동)",원모어핏,127.093703340621,37.5428801693639,헬스장
2852,"서울특별시 광진구 뚝섬로56가길 13, 현대3차 301동앞 상가 301호 (자양동)",더블핏(Double Fit),127.083464668368,37.5283483160196,헬스장
2853,"서울특별시 강북구 덕릉로 99, 북한산드림캐슬 지하1층 101호 (번동)",짐초이,127.02459294009,37.6350182933432,헬스장
2854,"서울특별시 강북구 솔샘로 330, 4층 (미아동)",웨일 미아점,127.028593917337,37.61698513145,헬스장
2855,"서울특별시 강북구 도봉로8길 12, 5층 501호 (미아동)",굿핏 PT & 필라테스 미아사거리점,127.030999668026,37.6125449029913,헬스장
2856,"서울특별시 강북구 덕릉로 82, 4층 (수유동, 제네스타워)",피트니스 베네핏,127.022843274109,37.6344266074982,헬스장
2857,"서울특별시 강북구 도봉로 323, 용신빌딩 7층 (수유동)",F45 수유,127.024202760308,37.6371279409738,헬스장
2858,"서울특별시 강북구 삼양로 162, 젬스톤프라자 지하1층 (미아동)",프레스짐(Press GYM),127.021622086882,37.6183872008438,헬스장
2859,"서울특별시 강북구 도봉로77길 6, 수유동 이테크밸리 오피스텔 지층 B102~105호 (수유동)",빌리프짐 수유점,127.022801604586,37.6337580842498,헬스장
2860,"서울특별시 강북구 오현로 194, 지하1층 (번동)",라이프 플러스 휘트니스,127.03987378053,37.6288359683906,헬스장
2861,"서울특별시 강북구 오패산로 411, 지층 (번동)",에브리피티,127.026439292291,37.6372594553038,헬스장
2862,"서울특별시 강북구 삼양로 416, 2층 (수유동)",올레이디짐 가오리점,127.01716146525,37.6406126530701,헬스장
2863,"서울특별시 강북구 도봉로 343, 야산빌딩 4층 (수유동)",조인성 퍼스널 트레이닝 9호점,127.025726289061,37.6385067563721,헬스장
2864,"서울특별시 강북구 도봉로 315, 지하1층 (수유동, 에피소드 수유 838)",에이블짐 수유역점,127.02328159303,37.6369305402999,헬스장
2865,"서울특별시 강북구 도봉로 254, 청암빌딩 지하1층 (미아동)",드로우짐,127.024678231868,37.6311937712697,헬스장
2866,"서울특별시 강북구 도봉로 130, 소림빌딩 2층 (미아동)",허니머슬짐,127.028880419338,37.6206306390013,헬스장
2867,"서울특별시 강북구 삼양로 522, 2층 일부, 지층 (우이동)",사일구짐,127.013864912424,37.6496557214652,헬스장
2868,"서울특별시 강북구 도봉로 98, 2층 (미아동)",데일리P.T샵,127.029822835806,37.6177765255489,헬스장
2869,"서울특별시 강북구 한천로 1127, 성은빌딩 지하1층 (수유동)",머슬엑스짐,127.01905594543,37.6452973902375,헬스장
2870,"서울특별시 강북구 도봉로 34-8, 3층 (미아동)",더 굿핏(The Goodfit),127.030815282333,37.6122735734274,헬스장
2871,"서울특별시 강북구 솔샘로 233, 동북프라자 B01, B02호 (미아동)",삼양사거리점 스포애니 (주)케이디헬스케어,127.019095469624,37.6204222475002,헬스장
2872,"서울특별시 강북구 도봉로67길 18, 수유시장 3층 (수유동)",에스핏휘트니스 수유점,127.022668132796,37.6307289053601,헬스장
2873,서울특별시 강북구 도봉로 350 (미아동),다이어트모드 휘트니스,127.026701363107,37.6385651938447,헬스장
2874,"서울특별시 강북구 도봉로 177, 서광빌딩 3층 2호 (미아동)",더바른 휘트니스,127.026559086559,37.6246354423319,헬스장
2875,"서울특별시 강북구 도봉로 308, 6층 (번동)",레디포짐,127.02383520999,37.6356640949861,헬스장
2876,서울특별시 강북구 삼양로 188 (미아동),Jfit,127.02089791537,37.6206552978643,헬스장
2877,"서울특별시 강북구 노해로8길 22, 경남아너스빌 3층 (수유동)",로아짐 수유역점,127.024224911455,37.6380051354791,헬스장
2878,"서울특별시 강북구 한천로131길 29, 3층 (번동)",더 퍼스트짐,127.027018534163,37.6380672373616,헬스장
2879,"서울특별시 강북구 덕릉로 76, 지층 (수유동, 수유프리미어엠)",알앤엘,127.022160886222,37.6343459192368,헬스장
2880,"서울특별시 강북구 오현로32길 4-8, 동보프라자빌딩 3층 (번동)",라인짐2호점,127.03953745763,37.6282300781091,헬스장
2881,"서울특별시 강북구 한천로144길 11, 태림빌딩 2층 (수유동)",파인드 미 짐,127.025561948799,37.6416490662271,헬스장
2882,"서울특별시 강북구 한천로 1035, 우성빌딩 지하1층 (수유동)",하이엔드짐,127.026606965866,37.6397829862349,헬스장
2883,"서울특별시 광진구 천호대로 653, 지층 (중곡동)",아차산역점 스포애니 주)케이디헬스케어,127.089651674655,37.5528436733499,헬스장
2884,"서울특별시 강북구 노해로 70, 우림빌딩 3층 (수유동)",해가든 필라테스,127.022684079129,37.6418196704175,헬스장
2885,"서울특별시 강북구 삼양로27길 43, 위브 테라스 파크 3층 303호 (미아동)",커브스 미아클럽,127.018847158476,37.6185504851986,헬스장
2886,서울특별시 강북구 노해로 102 (수유동),프리원핏 수유점,127.023532053412,37.6443505491807,헬스장
2887,"서울특별시 강북구 솔샘로 223, 제일은행삼양동지점 5층 (미아동)",아크로짐 미아점 24시 휘트니스,127.017573969681,37.6202802179461,헬스장
2888,"서울특별시 강북구 오패산로30길 10 (미아동,대지빌딩 4층)",소울 휘트니스,127.034811160778,37.6136736801481,헬스장
2889,"서울특별시 강북구 도봉로 352, B1호 (번동, 효성인텔리안)",고릴라멀티짐,127.0270330299,37.6386747681785,헬스장
2890,"서울특별시 강북구 도봉로 358, 코스타타워 12층 (번동)",수유역점 스포애니 (주)케이디헬스케어,127.027474954377,37.6391358802369,헬스장
2891,"서울특별시 강북구 한천로139길 42, 4층 (수유동, 영남빌딩)",위핏헬스앤피티 수유역점,127.024948947089,37.6388575866282,헬스장
2892,"서울특별시 강북구 인수봉로6길 62, 지1층 (미아동)",열정PT,127.016187958605,37.6222764640674,헬스장
2893,"서울특별시 강북구 삼양로 161  (미아동,행전빌딩 4층)",플로리다 피트니스,127.021123478902,37.6183899941147,헬스장
2894,서울특별시 강북구 삼양로 441 (수유동),삼각산 헬스타운,127.016117772283,37.6429370697874,헬스장
2895,"서울특별시 강북구 도봉로 34, 3층 (미아동)",에너메카,127.03072164571,37.6120685327599,헬스장
2896,서울특별시 강북구 삼양로 424 (수유동),가인,127.017117690358,37.6414252573848,헬스장
2897,"서울특별시 강북구 삼양로 181, 지하,2,3층 (미아동)",현대 휘트니스,127.020670730493,37.6199779753242,헬스장
2898,서울특별시 강북구 인수봉로 293  (수유동),Double 휘트니스 클럽,127.010537849777,37.6449369838551,헬스장
2899,"서울특별시 강북구 한천로 1093 (수유동, 하나은행)",노블휘트니스클럽,127.021839242309,37.6432302306561,헬스장
2900,서울특별시 강북구 도봉로 373 (수유동),휘트니스피플 우먼 수유점,127.027976284459,37.640584726018,헬스장
2901,서울특별시 강북구 삼양로 293 (수유동),범 휘트니스,127.017700580857,37.6297231733686,헬스장
2902,"서울특별시 강북구 솔샘로 327 (미아동,2층)",FUN 휘트니스,127.028455452166,37.617439353054,헬스장
2903,"서울특별시 강북구 도봉로 167, 5층 (미아동)",M 휘트니스,127.02683920562,37.6236405990841,헬스장
2904,서울특별시 강북구 삼양로 516 (수유동),제이짐,127.014168603126,37.64907707393,헬스장
2905,서울특별시 강북구 숭인로 63-1 (미아동),이성현 퍼스널 트레이닝,127.028832323622,37.6125335593638,헬스장
2906,"서울특별시 강북구 도봉로 143, 지하층 (미아동)",피트니스팩토리 24,127.027705556921,37.621534791428,헬스장
2907,"서울특별시 강북구 도봉로 136-0, 9층 (미아동)",라이프빌딩짐,127.028623916485,37.6210784923409,헬스장
2908,서울특별시 강북구 도봉로 144  (미아동),국제헬스클럽,127.028417312121,37.6216872494494,헬스장
2909,"서울특별시 강북구 도봉로 41-1, 4층 (미아동)",업타운 휘트니스,127.029674823532,37.6127184136305,헬스장
2910,"서울특별시 강북구 월계로37길 129, 3층 (번동, 기산그린아파트 상가)",번 휘트니스,127.043990325332,37.6277017853264,헬스장
2911,서울특별시 강북구 도봉로 403 (수유동),체대입시 FA,127.030122114029,37.6425386131072,헬스장
2912,"서울특별시 강북구 월계로 43, 앨리스고홈빌딩 5층 (미아동)",블랙핏,127.034330149792,37.6114796428849,헬스장
2913,"서울특별시 강북구 도봉로 204, 3층 (미아동)",버클필라테스앤피티 미아점,127.026192313286,37.626956376356,헬스장
2914,"서울특별시 강북구 도봉로 328, 가든타워빌딩 502호 (번동)",DW휘트니스,127.025191277715,37.6371277340534,헬스장
2915,"서울특별시 강북구 오패산로 114, 스톤브릭 2층 (미아동)",라이프빌딩 PT,127.034983152442,37.6121106839964,헬스장
2916,"서울특별시 강북구 삼양로27길 43, 위브 테라스 파크 5층 503호 (미아동)",존버짐,127.018847158476,37.6185504851986,헬스장
2917,"서울특별시 강북구 도봉로15길 11, 지층 (미아동)",DYB 퍼포먼스 트레이닝,127.029122512244,37.6163526886315,헬스장
2918,"서울특별시 강북구 도봉로 30, 에코피아빌딩 11층 (미아동)",트렌디우먼휘트니스 미아사거리역점,127.030727581204,37.6116298396797,헬스장
2919,"서울특별시 강북구 노해로 1, 지층 (수유동)",건짐,127.022819873995,37.6357065519449,헬스장
2920,"서울특별시 강북구 도봉로 173, 캠프 지층 (미아동)",우주짐,127.026665628867,37.624171500062,헬스장
2921,"서울특별시 광진구 능동로 276, 한성빌딩 지하1층 101호 (능동)",스포니스 군자점 PT&헬스,127.078315811727,37.5544423575864,헬스장
2922,"서울특별시 광진구 능동로 255, B01호 (군자동)",에프에이스포츠,127.076891807291,37.5529357441553,헬스장
2923,"서울특별시 광진구 동일로22길 35, 지하1층 (화양동)",스포츠컨디셔닝센터 FMETS & D.FLAB,127.066299424486,37.542142796519,헬스장
2924,"서울특별시 광진구 면목로 12, 2층 (군자동)",백트니스 GYM,127.075594139455,37.5552233141176,헬스장
2925,"서울특별시 광진구 광나루로56길 66, 강변상가 (구의동)",퍼스트 핏(FIRST FIT),127.095325738894,37.5370965251329,헬스장
2926,"서울특별시 광진구 아차산로65길 14, B1층 (구의동)",삼손스포츠수기명가,127.094069906397,37.5410358024605,헬스장
2927,"서울특별시 광진구 용마산로 36, 지층 (중곡동)",크로스핏 라온2,127.088343328598,37.5567787748257,헬스장
2928,"서울특별시 광진구 영화사로 65, 2층 (구의동)",몸의형태,127.093527500692,37.554927287196,헬스장
2929,"서울특별시 광진구 군자로 31-1, 지층 (화양동)",3R GYM,127.070281435465,37.5460382162637,헬스장
2930,"서울특별시 광진구 아차산로 456, 지층 (구의동)",빌리버짐 구의점 헬스& PT,127.093063747906,37.539111884155,헬스장
2931,"서울특별시 광진구 능동로 405, 2층 (중곡동)",토니바디&PT 중곡점,127.083727984859,37.5653279999838,헬스장
2932,"서울특별시 광진구 광나루로 346, 2층 (화양동, 브라운스톤 화양)",브라운 휘트니스,127.068368353438,37.5480052286217,헬스장
2933,"서울특별시 광진구 아차산로 532, 6층 (광장동)",르와짐,127.10049051852,37.542341287112,헬스장
2934,"서울특별시 광진구 영화사로 37-1, 지하1층 (중곡동)",던전짐,127.091216227485,37.5565462954327,헬스장
2935,"서울특별시 광진구 뚝섬로56길 21, 지층 (자양동)",Must run 스피드 트레이닝 센터,127.082722393703,37.5304877254473,헬스장
2936,"서울특별시 광진구 능동로19길 57, 3층 (화양동)",스포니스 화양점,127.070502682444,37.5473821042898,헬스장
2937,"서울특별시 광진구 아차산로 635, 한수상가 3층 11호 (광장동)",W PT STUDIO,127.107218494339,37.549439564541,헬스장
2938,"서울특별시 광진구 능동로7길 50, 재화빌딩 3층 (자양동)",토니바디PT& 건대점,127.066411745464,37.537759999792,헬스장
2939,"서울특별시 광진구 광나루로 531, 지층 (구의동)",coworker(코워커),127.088660665489,37.5451177300534,헬스장
2940,"서울특별시 광진구 동일로60길 45, 지층 (군자동)",프리원핏 군자점,127.075889563075,37.5578316018186,헬스장
2941,"서울특별시 광진구 자양로41길 10, 델리카빌딩 3층 (구의동)",다이나믹짐스튜디오,127.089932804903,37.5499385519802,헬스장
2942,"서울특별시 광진구 뚝섬로 596, 3층 (자양동)",에이투짐(A2GYM),127.075940379167,37.5329550774725,헬스장
2943,"서울특별시 광진구 능동로 332, 동아빌딩 5,6,7층 (중곡동)",군자역점 스포애니 (주)케이디헬스케어,127.080844369091,37.5591190813765,헬스장
2944,"서울특별시 광진구 자양로18길 33, 2층 (구의동)",몸가짐 휘트니스 구의점,127.085377532762,37.5379950453599,헬스장
2945,"서울특별시 광진구 자양로18길 5, 4층 (구의동)",도움pt,127.083844149774,37.5375769086631,헬스장
2946,"서울특별시 광진구 뚝섬로 741, 2층 (구의동)",어반더핏,127.091241139559,37.5344602710937,헬스장
2947,"서울특별시 광진구 광나루로 619, 2층 (광장동)",휘트니스풀바디,127.096637520597,37.5410200339713,헬스장
2948,"서울특별시 광진구 동일로30길 22-6, 지층 (화양동)",헤이스짐,127.068313013368,37.5473810487753,헬스장
2949,"서울특별시 광진구 아차산로 473, 3층 (구의동)",더 핏 하이브(The Fit Hive),127.094283451142,37.5405187287016,헬스장
2950,"서울특별시 광진구 아차산로 607, 지층 (광장동, 빌딩S존)",버닝타임짐,127.106047380217,37.547378597376,헬스장
2951,"서울특별시 광진구 뚝섬로 535, 2층 (자양동)",그로우무브,127.069731342384,37.5350747269373,헬스장
2952,"서울특별시 광진구 구의강변로 86, 3층 303,304호 (구의동)",바디랩 그룹트레이닝 & PT 강변점,127.094039760254,37.5381146951572,헬스장
2953,"서울특별시 광진구 능동로 271, 동산빌딩 3층 (군자동)",언제나 바디 습관 PT,127.077582721311,37.5542593083439,헬스장
2954,"서울특별시 광진구 면목로 161, 중곡빌딩 4층 (중곡동)",마스터짐,127.082032319458,37.5677094408244,헬스장
2955,"서울특별시 광진구 뚝섬로 548, 이주빌딩 지층 (자양동)",테일러 필라테스&피티,127.07086105894,37.5344644374436,헬스장
2956,"서울특별시 광진구 광나루로 374, 건대 트레비앙 오피스텔 B1,B2층 (화양동)",짐박스피트니스 어린이대공원점,127.071286115641,37.5475204778244,헬스장
2957,"서울특별시 광진구 능동로 90, 4층 (자양동, 더클래식500)",건국AMC The Classic 500,127.070921773952,37.5383625791299,헬스장
2958,"서울특별시 광진구 아차산로 207, 선일빌딩 3층 (화양동)",휘트니스피플우먼 건대점,127.066734169243,37.5415193302309,헬스장
2959,"서울특별시 광진구 능동로 324-1, 3층 (중곡동)",임스타핏,127.080467762317,37.5585364837547,헬스장
2960,"서울특별시 광진구 뚝섬로52길 20, 지하1층 (자양동)",근 & 짐,127.079031371693,37.5311568138115,헬스장
2961,서울특별시 광진구 자양로 138 (구의동),원더바디핏,127.083494049323,37.5399892236669,헬스장
2962,"서울특별시 광진구 자양로 257, 국제빌딩 3층 (구의동)",발레전문체력 능동센터,127.089616584485,37.5492456544444,헬스장
2963,"서울특별시 광진구 천호대로 576, 지층 (능동)",365PT,127.081801499149,37.5558878970515,헬스장
2964,"서울특별시 광진구 뚝섬로 468, 대원빌딩 2층 (자양동)",캐리스타 휘트니스 영동대교 4호점,127.062189987466,37.5367678645195,헬스장
2965,"서울특별시 광진구 구의로 4, 지층 (구의동)",크로스핏 썬즈(CROSSFIT SUNS),127.089289559874,37.538350750252,헬스장
2966,"서울특별시 광진구 아차산로76길 19, 지층 (광장동)",웰니스핏,127.108050511567,37.5473463276468,헬스장
2967,"서울특별시 광진구 구의강변로 88, 4층 (구의동)",정스짐 여성전문 PT & 헬스,127.094162507307,37.5383706615349,헬스장
2968,"서울특별시 광진구 동일로18길 107, 지하2층 (자양동)",휘트니스베이24시 건대역점,127.068709933053,37.538326224975,헬스장
2969,"서울특별시 광진구 아차산로 453, 2층 (구의동)",정스짐,127.092393107943,37.5393804582108,헬스장
2970,"서울특별시 광진구 아차산로51길 32, 한미빌딩 3층 (구의동)",짐유어짐,127.085174920864,37.5383236061814,헬스장
2971,"서울특별시 광진구 광나루로 604, 진넥스 베르디엠 4층 (구의동)",더컨디셔닝 광장점,127.094914025322,37.5415780693025,헬스장
2972,"서울특별시 광진구 광나루로 341, 3층 302호 (군자동)",근모닝PT,127.067906666763,37.5485203256233,헬스장
2973,"서울특별시 광진구 광나루로 369, 지하1층 (군자동, 광진두산위브파크)",에이블짐 어린이대공원역점,127.071049482737,37.5484610827889,헬스장
2974,"서울특별시 광진구 뚝섬로 541, 지하1층 B101호 (자양동)",마일로짐,127.07035980227,37.534904335365,헬스장
2975,"서울특별시 도봉구 도봉로 461, 우림빌딩 2층 (쌍문동)",고핏짐,127.033363647761,37.6470562654681,헬스장
2976,"서울특별시 도봉구 방학로 210, 상가동 2층 (방학동, 신동아타워아파트)",바디페이스,127.028831224421,37.6621722514755,헬스장
2977,"서울특별시 도봉구 마들로13길 61, 씨드큐브 창동 지하1층 B103-9호, B103-10호 (창동)",The5 헬스케어 5,127.049926290286,37.6545399298261,헬스장
2978,"서울특별시 도봉구 도봉로 684, 모비우스스퀘어 10층 (방학동)",콤마짐 방학역점,127.043607120894,37.6653558357799,헬스장
2979,"서울특별시 도봉구 해등로 200, 지층 (쌍문동)",에이트 피티 스튜디오,127.034530737769,37.6582581181515,헬스장
2980,"서울특별시 도봉구 마들로 650, 도봉월드상가 207호 (방학동)",제이핏PT 방학점,127.047064658894,37.6680283468222,헬스장
2981,"서울특별시 도봉구 노해로66길 29, 삼성아파트 상가1동 B01호 (창동)",홍짐,127.047447185739,37.6500274799374,헬스장
2982,"서울특별시 도봉구 해등로 190, 상가동 3층 2호 (쌍문동, 신원주상복합2차아파트)",더나은내일PT스튜디오,127.035759433408,37.6582166673064,헬스장
2983,"서울특별시 도봉구 도봉로104길 96, 성진빌딩 2층 (창동)",짐박스피트니스 쌍문점,127.037195139167,37.6435522746953,헬스장
2984,"서울특별시 도봉구 해등로16길 7, 2층 202호 (창동)",백곰 짐,127.040823902265,37.6563813447683,헬스장
2985,"서울특별시 도봉구 노해로70길 81, 2층 201호 (창동)",리케어짐,127.052567817039,37.6488484451094,헬스장
2986,"서울특별시 도봉구 도봉로110나길 21, 지하1층 (창동, 안강프라자)",워라밸피트니스 24시 쌍문역점,127.034681963129,37.6471447222566,헬스장
2987,"서울특별시 도봉구 시루봉로 70, 동방빌딩 지1층 (쌍문동)",트렌디바디,127.028190605445,37.6569486947202,헬스장
2988,"서울특별시 도봉구 덕릉로 408, 3층 (창동)",리케어짐,127.054236980387,37.6456235200982,헬스장
2989,"서울특별시 도봉구 노해로 334, 주공3단지아파트 상가동 지층 (창동)",마이피트니스 창동,127.045385077438,37.6508205256665,헬스장
2990,"서울특별시 도봉구 방학로3길 6, SYO빌딩 지하1층 (방학동)",짐버튼 방학점,127.040568535069,37.6625507246319,헬스장
2991,"서울특별시 도봉구 덕릉로 249, 2층 (창동)",주식회사 바디크러쉬,127.038975249773,37.6399792068763,헬스장
2992,"서울특별시 도봉구 해등로 144, 2층 (창동)",N 피티짐,127.040401505436,37.6565361888225,헬스장
2993,"서울특별시 도봉구 마들로11길 65 (창동,유진빌딩 6층)",아레나 피트니스,127.049667391336,37.6534171446527,헬스장
2994,"서울특별시 도봉구 방학로 196 (방학동, 미륭프라자 4층)",에스짐,127.030396211934,37.6623079067517,헬스장
2995,서울특별시 도봉구 도봉로113길 16 (쌍문동),펀 휘트니스,127.033276949967,37.6482948719595,헬스장
2996,"서울특별시 도봉구 노해로65길 10 (창동, 7층)",커브스 창동클럽,127.046610571403,37.6518453663653,헬스장
2997,"서울특별시 도봉구 마들로 657, 2층 224호 (방학동, 이에스에이아파트)",핏걸(방학점),127.045337365161,37.6683298607216,헬스장
2998,"서울특별시 도봉구 도봉로 441, 2층 202호 (쌍문동, 드림하우스)",피넛짐 PT,127.03237020583,37.6454117964665,헬스장
2999,"서울특별시 도봉구 도봉로109길 62, 2층 (쌍문동)",Agym 쌍문점,127.030039747238,37.6473371843525,헬스장
3000,"서울특별시 도봉구 해등로16길 52-36, B1층 (창동)",엠엠핏(MMFIT),127.043547629908,37.6547060753909,헬스장
3001,"서울특별시 도봉구 해등로4길 9, 주공3단지아파트 2층 (창동)",팔로우짐 창동점,127.044061327345,37.6485694706115,헬스장
3002,서울특별시 도봉구 방학로 173 (방학동),져스트 짐,127.032918739715,37.6621011753407,헬스장
3003,"서울특별시 도봉구 우이천로 298, 3층 (쌍문동)",수 골프 앤 짐,127.029430765196,37.6443641814751,헬스장
3004,"서울특별시 도봉구 도봉로 445, 2층 2호 (쌍문동)",건운재 피트니스 센터,127.032590678837,37.6458670929817,헬스장
3005,"서울특별시 도봉구 해등로16길 106, 2층 (창동)",김한솔 PT샵,127.045701380051,37.6543864930888,헬스장
3006,"서울특별시 도봉구 도봉로110라길 69-6, 3층 (창동)",U&I Gym,127.036640981521,37.64291383053,헬스장
3007,"서울특별시 도봉구 노해로 379, 501호 (창동)",FIT 36.5,127.050255577194,37.6524755488884,헬스장
3008,"서울특별시 도봉구 도봉로 885, 2층 (도봉동)",에이원 휘트니스,127.045701281341,37.6834304009167,헬스장
3009,서울특별시 도봉구 도봉로181길 60-9  (도봉동),헬스장,127.043143267075,37.6852098046183,헬스장
3010,"서울특별시 도봉구 노해로65길 14-3, 4층 (창동)",핏오짐1,127.046767773309,37.6520703696514,헬스장
3011,"서울특별시 도봉구 도봉로180나길 56, 3층 (도봉동)",하이엔드짐,127.050684707062,37.683788034886,헬스장
3012,"서울특별시 도봉구 도봉로104길 53, 3층 (창동)",휴먼(HUMAN)휘트니스,127.035021358294,37.6433358929241,헬스장
3013,"서울특별시 도봉구 방학로 159, 4층 (방학동, 하나빌딩)",빌리버짐,127.034447487498,37.6622836380009,헬스장
3014,서울특별시 도봉구 시루봉로27길 8 (도봉동),광동헬스사우나,127.042691603377,37.6715652763085,헬스장
3015,"서울특별시 도봉구 해등로 125 (창동,한영프라자 지하1층)",O2 Zone 헬스,127.04047772224,37.6547703275814,헬스장
3016,"서울특별시 도봉구 도봉로 719, 지층 (방학동)",아이언짐 방학점,127.043100948845,37.6686955961496,헬스장
3017,"서울특별시 도봉구 도봉로150가길 27, 지1층 B101호 (방학동)",워라밸 피트니스,127.043924400911,37.6673492277368,헬스장
3018,"서울특별시 도봉구 노해로65길 10, 4층 (창동)",HR Max Gym 스튜디오,127.046610571403,37.6518453663653,헬스장
3019,"서울특별시 도봉구 도봉로 468, 405호 (창동)",쌍문역점 스포애니 주)케이디스포츠,127.034372618396,37.6473861862855,헬스장
3020,서울특별시 도봉구 도당로 145 (방학동),월드헬스크럽,127.042520040314,37.6672787450874,헬스장
3021,"서울특별시 도봉구 방학로 223, 신동아프라자 2, 3층 208호, 309호 (방학동)",올케어핏,127.027500354604,37.6613189795285,헬스장
3022,"서울특별시 도봉구 마들로 649-20, 205호 (방학동, 방학동메인프라자)",Kings Gym,127.044851810275,37.6683516698836,헬스장
3023,"서울특별시 도봉구 삼양로 582, 3층 (쌍문동)",정윤재 헬스클럽,127.01331674508,37.6550474459332,헬스장
3024,"서울특별시 도봉구 도당로 7, 지하층 B01호 (쌍문동, 벽산프라자)",(주)루케테,127.034774417532,37.6587910674163,헬스장
3025,서울특별시 도봉구 도당로13길 8 (방학동),휴먼휘트니스클럽,127.035743923351,37.6653412719347,헬스장
3026,서울특별시 도봉구 도봉산3길 50 (도봉동),도봉헬스클럽,127.04348708601,37.6851533672312,헬스장
3027,서울특별시 도봉구 노해로41길 37 (쌍문동),라이프 휘트니스,127.025375990289,37.649897432848,헬스장
3028,"서울특별시 도봉구 도봉로110길 65, 청마빌딩 5층 (창동)",휘트니스W창동점,127.037139346772,37.646419583413,헬스장
3029,"서울특별시 도봉구 도봉로 454, 지층 (창동)",크로스핏 앤츠,127.03370887958,37.6462366326041,헬스장
3030,"서울특별시 도봉구 도봉로 578, 지1층 (창동)",카인드짐24시 휘트니스& 태닝,127.039703171252,37.6562940617336,헬스장
3031,"서울특별시 도봉구 마들로 664-11, 현대리치타운 7층 (도봉동)",탐 휘트니스,127.047105447248,37.6694384546936,헬스장
3032,"서울특별시 도봉구 도봉로136가길 73, 103동 203호 (창동, 북한산한신휴플러스아파트)",랠리포인트 짐,127.042804882242,37.6556525588698,헬스장
3033,"서울특별시 도봉구 도봉로150다길 64, 여산빌딩 2층 201호 (방학동)",윈썸핏,127.044531851033,37.6689416628853,헬스장
3034,"서울특별시 도봉구 노해로 174 (쌍문동,4층)",J&S GYM,127.028112873669,37.6497629262878,헬스장
3035,서울특별시 도봉구 도봉로 571 (쌍문동),크로스핏 얼티메이트,127.038699298302,37.6560196858691,헬스장
3036,"서울특별시 도봉구 시루봉로 64 (쌍문동,센터빌딩 4층)",지엘 핏,127.028110647016,37.6564817347697,헬스장
3037,"서울특별시 도봉구 해등로 218, 5층 (쌍문동, 보성빌딩)",짐구공 헬스 PT 쌍문점,127.032521026155,37.6581564278861,헬스장
3038,"서울특별시 도봉구 해등로 48 (창동,주공3단지내 상가 지1)",루이 짐,127.043711097054,37.6486118570164,헬스장
3039,"서울특별시 도봉구 도당로 76, 3층 (방학동, 방학프라자)",Fitness Tok,127.035966945313,37.6645720367997,헬스장
3040,"서울특별시 도봉구 덕릉로 221, 2층 (창동)",슈퍼스타S 휘트니스,127.03723805158,37.6380424704376,헬스장
3041,"서울특별시 도봉구 마들로 649-20, 7층 (방학동, 메인프라자)",비타민헬스클럽,127.044851810275,37.6683516698836,헬스장
3042,"서울특별시 도봉구 우이천로32길 38 (쌍문동,동주빌딩 지하1)",스마일보이짐 쌍문점,127.025239329128,37.6492235267175,헬스장
3043,"서울특별시 도봉구 노해로 150, 2층 (쌍문동, 서울도봉우체국)",S gym,127.027242159067,37.6479235028158,헬스장
3044,"서울특별시 도봉구 방학로 102, 3층 (방학동)",건강해GYM,127.041111377118,37.6631015767575,헬스장
3045,"서울특별시 도봉구 도봉로145길 51, 3층 (방학동)",초이스 짐,127.039690102462,37.6645281362816,헬스장
3046,서울특별시 도봉구 우이천로4길 31 (창동),스마일보이짐 창동점,127.041107174419,37.6340960417198,헬스장
3047,"서울특별시 도봉구 마들로 624, 대상타운현대아파트 2층 208,209호 (방학동)",D-GYM,127.046680603721,37.6657841569947,헬스장
3048,"서울특별시 도봉구 도당로 10, 지하2층 비101호 (쌍문동, 쌍문동 LG트윈빌1)",스포벡 휘트니스 쌍문점,127.035308458179,37.6590926475667,헬스장
3049,"서울특별시 도봉구 도봉로 497, 지층 (쌍문동)",다엔 PT&필라테스,127.035115249398,37.6499900796989,헬스장
3050,"서울특별시 도봉구 도봉로136길 7, 한독패밀리타운 3층 304호 (창동)",존버짐,127.04165214437,37.659316184002,헬스장
3051,"서울특별시 도봉구 방학로 169, 지하1층 (방학동)",아트짐,127.033409166237,37.6621584299644,헬스장
3052,"서울특별시 도봉구 도봉로 476, 삼성쉐르빌퍼스티 지하1층 (창동)",글램피트니스,127.034762529441,37.647876747648,헬스장
3053,"서울특별시 도봉구 도봉로118길 26, 지하1층 (창동)",프리원핏 쌍문점,127.036575286249,37.6487360981091,헬스장
3054,"서울특별시 도봉구 도봉로180길 38, 지하1층 (도봉동)",크로스핏라이노,127.048004576613,37.6825624747037,헬스장
3055,"서울특별시 도봉구 방학로 152, 지하1층 (방학동)",프리원핏 방학점,127.035281549232,37.6628193851999,헬스장
3056,"서울특별시 광진구 동일로24길 18-1, 지하1층 (화양동)",우리동네 PT샵,127.066188006511,37.5437216802765,헬스장
3057,"서울특별시 광진구 능동로36길 25, 웅래빌딩 5층 (능동)",해부학적 운동 군자점,127.080569188225,37.5560308316584,헬스장
3058,"서울특별시 광진구 능동로 315, 3층 (중곡동)",지니 짐,127.079606886803,37.5578571749942,헬스장
3059,"서울특별시 광진구 광나루로56길 85, 테크노-마트21 12층 001호 (구의동)",버핏그라운드 강변테크노마트,127.095692162256,37.535725176732,헬스장
3060,"서울특별시 광진구 자양로 65, 지하1층 (자양동)",에이투짐,127.08436627899,37.5336235776274,헬스장
3061,"서울특별시 광진구 아차산로 491, 지하1층 (광장동)",초이스짐,127.096002508411,37.5418096472567,헬스장
3062,"서울특별시 광진구 면목로 127, 지하1층 (중곡동, 신성그랜드타워)",엠크루짐 헬스/PT,127.080415923364,37.5650621660135,헬스장
3063,"서울특별시 광진구 광나루로52길 98, 지하1층 (구의동)",714GYM,127.090589309444,37.5392127380538,헬스장
3064,"서울특별시 광진구 군자로 186, 2층 (군자동)",모두짐,127.078560945637,37.557033283008,헬스장
3065,"서울특별시 광진구 광나루로56길 63, 프라임프라자 206,227호 (구의동)",더프라임PT,127.096160584389,37.5367887874337,헬스장
3066,"서울특별시 광진구 천호대로 531-1, 지하1층 (중곡동)",이너라인 GYM,127.077731570239,37.5583179329896,헬스장
3067,"서울특별시 광진구 강변역로4길 10, 강변역지너스타워 지층 (구의동)",리몸델링짐 PT&필라테스 구의점,127.093405063055,37.5353492183772,헬스장
3068,"서울특별시 광진구 구의로 54, 지층 (구의동)",프리원핏 구의점,127.090311346737,37.5427200917815,헬스장
3069,"서울특별시 광진구 아차산로 208, 상록빌딩 3층 (자양동)",몸가짐휘트니스 건대입구점,127.066489240108,37.5410609496687,헬스장
3070,"서울특별시 광진구 동일로 190, 지하1층 (군자동, 에피소드 1(Episode 1))",위아짐,127.068125738717,37.548756531346,헬스장
3071,"서울특별시 광진구 긴고랑로 57, 2층 (중곡동)",피트니즈 PT 중곡점,127.082817425937,37.5622974209787,헬스장
3072,"서울특별시 광진구 자양로26길 31 (구의동, 명진빌딩)",휘트니스헬스타운,127.085731129431,37.5415636493155,헬스장
3073,서울특별시 광진구 자양로18길 31  (구의동),A.s휘트니스여성헬스,127.085180422232,37.5378880587944,헬스장
3074,"서울특별시 광진구 자양로22길 24 (구의동, 천서빌딩)",나우휘트니스,127.084750927093,37.5394964725263,헬스장
3075,"서울특별시 광진구 구의강변로 106, 2층 201호 (구의동, 삼성쉐르빌)",이지피티스튜디오,127.09489656845,37.53985699394,헬스장
3076,"서울특별시 광진구 아차산로 294 (자양동, 지하1층)",크로스핏 라온,127.075537335663,37.5381863645545,헬스장
3077,"서울특별시 광진구 자양로 109 (자양동, 구의현대홈시티 지하 101호)",엠엔엠 피트니스골프,127.083099910723,37.5374066951935,헬스장
3078,"서울특별시 광진구 군자로 70, 2층 (군자동, 동일흥업주식회사)",시티짐 군자 필라테스&헬스,127.07086163412,37.5490604497643,헬스장
3079,"서울특별시 광진구 능동로13길 39 (화양동, 한아름쇼핑센타 건물 2층)",휘트니스 타운케이,127.069757721395,37.543959020957,헬스장
3080,"서울특별시 광진구 능동로 7, 2층 (자양동)",캐리스타 휘트니스(CALISTA FITNESS),127.066771358767,37.5323407288608,헬스장
3081,"서울특별시 광진구 아차산로 355, 3층 (자양동)",맥 클라우드,127.082565478795,37.5373676062503,헬스장
3082,"서울특별시 광진구 능동로 314, 공영빌딩 6층 전체, 5층 502호 (중곡동)",코엑스짐 군자역점,127.080039873331,37.5576188388403,헬스장
3083,"서울특별시 광진구 아차산로30길 36 (자양동, 서울특별시 동부여성발전센타)",서울특별시 동부여성발전센터,127.066717912956,37.5394028008357,헬스장
3084,"서울특별시 광진구 능동로 76 (자양동, 광진문화예술회관및구의회청사)",광진문화예술회관,127.070576040786,37.5375706269359,헬스장
3085,"서울특별시 광진구 뚝섬로 558, 대양빌딩 405호 (자양동)",커브스 자양클럽,127.071843016145,37.5341117330817,헬스장
3086,"서울특별시 광진구 광나루로 531, 3층 (구의동)",앨리스 핏,127.088660665489,37.5451177300534,헬스장
3087,"서울특별시 광진구 아차산로 292, 7층 (자양동)",클레어 필라테스&PT 건대점,127.075286282926,37.5383197827852,헬스장
3088,"서울특별시 광진구 동일로24길 86, 지층 (화양동)",피티니스,127.069597782507,37.5425668010567,헬스장
3089,"서울특별시 광진구 자양번영로 19, 지하1층 (자양동)",짐에잇,127.074922593307,37.5313872650085,헬스장
3090,"서울특별시 광진구 뚝섬로 607, 3층 (자양동)",피트니즈 자양점,127.077303048476,37.5328640031789,헬스장
3091,"서울특별시 광진구 자양로 281, 누리빌딩 4층 (구의동)",흙감자PT,127.091485930441,37.5510898255209,헬스장
3092,"서울특별시 광진구 용마산로 110, 토끼빌딩 2층 (중곡동)",블랙스짐,127.087235358929,37.5633944458469,헬스장
3093,"서울특별시 광진구 뚝섬로 523, 보은빌딩 지층 (자양동)",에이투짐 건대점,127.068228660088,37.5355317812501,헬스장
3094,"서울특별시 광진구 능동로 389, 201호 (중곡동)",라인피티,127.083028019514,37.5640960219113,헬스장
3095,"서울특별시 광진구 구의강변로 88, 지층 (구의동)",물리치료사의 기능성 트레이닝,127.094162507307,37.5383706615349,헬스장
3096,서울특별시 광진구 자양번영로6길 15 (자양동),프리원핏 건대점,127.076374318503,37.5324493361232,헬스장
3097,"서울특별시 광진구 아차산로 463, 신선 빌딩 지층 (구의동)",도지 휘트니스 강변역,127.093415398066,37.5400062091711,헬스장
3098,"서울특별시 광진구 동일로22길 81, 지하1층 (화양동, 캠퍼스 프라자)",짐박스피트니스 건대입구점,127.068791662125,37.5414450784985,헬스장
3099,"서울특별시 광진구 아차산로30길 26, 지하1층 (자양동)",에이블짐 건대입구역점,127.066887730045,37.5397607621364,헬스장
3100,"서울특별시 광진구 능동로 374, 지하1층 (중곡동)",머슬킹 익스프레스,127.082716519411,37.5625504013882,헬스장
3101,서울특별시 광진구 광나루로 606 (구의동),이타짐 PT 구의점,127.095126583076,37.5413562523983,헬스장
3102,서울특별시 동대문구 천호대로 3 (신설동),스포애니 신설동역점 (주)케이디헬스케어,127.024344406042,37.5753483891625,헬스장
3103,"서울특별시 동대문구 약령시로21길 30, 상가동 지하 1호 (청량리동, 현대아파트)",머슬아카데미 GYM,127.045696927384,37.5841917064823,헬스장
3104,"서울특별시 동대문구 왕산로16길 9, 3층 301호 (용두동)",더밸런스짐,127.031348052175,37.5774468649801,헬스장
3105,"서울특별시 동대문구 무학로36길 56, 3층 (용두동, 홈-스타(home-star))",베일리 짐,127.033652894195,37.5773464002623,헬스장
3106,"서울특별시 동대문구 이문로 9-1, 1~3층 (회기동)",위아짐 회기점,127.054350063716,37.5891370125207,헬스장
3107,서울특별시 동대문구 한빛로 20 (신설동),바디체크짐,127.025484604347,37.5773795305491,헬스장
3108,"서울특별시 동대문구 장한로 98, 케이타워 지하1층 (장안동)",상승짐,127.070165745497,37.5692890566257,헬스장
3109,"서울특별시 노원구 동일로192길 74, 지하1,2층 (공릉동, 우은빌딩)",스포애니 공릉점,127.07710132272,37.6270616730914,헬스장
3110,"서울특별시 노원구 화랑로 335, 3층 (월계동)",휘트니스꿈&필라테스,127.064982783543,37.6151019639314,헬스장
3111,"서울특별시 노원구 한글비석로52길 26, 파인트리학원 B1층 (상계동)",마이피트니스 상계,127.066559965546,37.6656304576093,헬스장
3112,"서울특별시 노원구 상계로1길 14-11, 하이웰빙상가 4층 401호 (상계동)",업트레이닝(UP training PT&PILA),127.061816690873,37.6569098278246,헬스장
3113,"서울특별시 노원구 노원로 257, 인정빌딩 9층 901호 (하계동)",플라이짐,127.072761003099,37.6402669300959,헬스장
3114,"서울특별시 노원구 상계로 64, 화랑빌딩 가동 6층 1,2호 (상계동)",발리짐 노원역점,127.062277905261,37.6557918268818,헬스장
3115,"서울특별시 노원구 섬밭로 258, 건영옴니백화점 지하2층 (중계동)",아폴로휘트니스,127.064915087375,37.6391097783726,헬스장
3116,"서울특별시 노원구 한글비석로 477, 지하1층 (상계동)",운동하는 날 day,127.06498772114,37.6640865127329,헬스장
3117,"서울특별시 노원구 수락산로 212, 4층 (상계동)",블랙맘바짐,127.055377806803,37.6708275957536,헬스장
3118,"서울특별시 노원구 섬밭로 196, 상가동 205호 (하계동, 장미아파트)",헬로헤일리,127.067277883916,37.6339976168528,헬스장
3119,"서울특별시 노원구 덕릉로73길 18, 태인빌딩 3층 (중계동)",레몬핏 휘트니스,127.072435497752,37.6521796648241,헬스장
3120,"서울특별시 노원구 동일로243길 29, 상가동 2층 (상계동)",수호 바디짐,127.05337607997,37.6784299007712,헬스장
3121,"서울특별시 노원구 누원로 22, 크로바프라자 501호 (상계동)",리버PT,127.053059073035,37.6871097060198,헬스장
3122,"서울특별시 노원구 섬밭로 190, 선덕유치원 유치원부지 2층 201호 (하계동)",로즈짐,127.06712319369,37.6330646443357,헬스장
3123,"서울특별시 노원구 덕릉로 688, 3층 (중계동)",피트니스 서울 상계점,127.075590965035,37.6589584765274,헬스장
3124,"서울특별시 노원구 동일로 1389, B1층 5호 (상계동, 상계주공3단지아파트)",짐박스피트니스 노원역점,127.060656763286,37.6525616586009,헬스장
3125,"서울특별시 노원구 한글비석로52길 12, B1층 (상계동)",와일드짐,127.066476089868,37.6649908086308,헬스장
3126,"서울특별시 노원구 동일로 1361, 2단지상가202동 지하층 105호 (상계동, 상계주공2단지아파트)",노원점 스포애니 (주) 케이디헬스케어,127.061284207288,37.6500649811573,헬스장
3127,"서울특별시 노원구 공릉로 172, 반야빌딩 5층 (공릉동)",포미짐,127.080022646504,37.6252765854844,헬스장
3128,"서울특별시 노원구 공릉로51길 14-2, 우림고시원 3층 (공릉동)",공릉 라이크짐,127.076382140937,37.6288763669285,헬스장
3129,"서울특별시 노원구 월계로 338, 상가A동 3, 4층 (월계동, 월계역신도브래뉴)",인헬서짐 월계역점,127.058073069629,37.6292922424687,헬스장
3130,"서울특별시 노원구 광운로 39, 3층 (월계동)",엔비짐PT,127.058914293731,37.6210705907216,헬스장
3131,"서울특별시 노원구 노원로 247, 서울온천 지하 4층, 지하 4PIT층호 (하계동)",원팀월드,127.073402755279,37.6394713236205,헬스장
3132,"서울특별시 노원구 수락산로 190, 희락상가아파트 B1층 (상계동)",휘트니스인X필라테스인,127.057274733282,37.6711773512332,헬스장
3133,"서울특별시 노원구 상계로 70, 화랑빌딩 4층 (상계동)",일상의 운동 PT STUDIO,127.062768782263,37.6560029371167,헬스장
3134,"서울특별시 노원구 공릉로34길 22, 2층 (공릉동)",트레인스마트,127.08039653007,37.6227050948399,헬스장
3135,"서울특별시 노원구 노원로34길 80, 정상빌딩 B1층 (상계동)",크로스핏 오늘 상계보람 신관,127.066118647849,37.6625975537515,헬스장
3136,"서울특별시 노원구 동일로 1354, 명석빌딩 602호 (상계동)",이나핏필라테스&피티,127.062241988995,37.6495558747738,헬스장
3137,"서울특별시 노원구 한글비석로 410, 예공빌딩 B1층 (상계동)",여성헬스&우먼-핏,127.071235040175,37.6612514822701,헬스장
3138,"서울특별시 노원구 동일로227길 26, 지하1층 (상계동, 상계주공15단지아파트)",우리스포츠센터,127.054677638301,37.6701880464645,헬스장
3139,"서울특별시 노원구 동일로 1396, 중원빌딩 9층 (상계동)",재미짐 여성전용 헬스 PT 노원역점,127.061312429354,37.6532426426892,헬스장
3140,"서울특별시 노원구 동일로 1639-6, 주일빌딩 601호 (상계동)",핏케어(Fit&Care),127.05483336974,37.6747987373946,헬스장
3141,"서울특별시 노원구 동일로 1352, 6층 (상계동)",Drop The Fit PT Studio(드랍더핏 피티 스튜디오),127.062302373264,37.6494044777358,헬스장
3142,"서울특별시 노원구 동일로 1649, 윤일빌딩 3층 (상계동)",데일리짐,127.055042131693,37.6756696167505,헬스장
3143,"서울특별시 노원구 동일로217가길 11, 평화빌딩 3, 4층 (상계동)",휘트니스피플 우먼 노원점,127.059885415192,37.6534394295348,헬스장
3144,"서울특별시 노원구 상계로12길 43, 지하1층 (상계동)",마이 피트니스,127.069720286192,37.6563523084707,헬스장
3145,"서울특별시 노원구 노원로34길 112, 코럴빌딩 지하1층 B2호 (상계동)",에스핏,127.066285336934,37.6639682126709,헬스장
3146,"서울특별시 노원구 노해로85길 14, 상계제일빌딩 5층 (상계동)",알지티(Remarkable Group Training),127.065268919304,37.6560678024865,헬스장
3147,"서울특별시 노원구 공릉로20길 28, 지하1층 (공릉동)",스포츠 토탈 케어,127.079796385046,37.619619620487,헬스장
3148,"서울특별시 노원구 상계로7길 23, 문화빌딩 3층 (상계동)",메이트짐 여성전용 헬스 PT 노원역점,127.064758776048,37.6576910224703,헬스장
3149,"서울특별시 노원구 한글비석로49길 63, 이레빌딩 B1층 (상계동)",무드짐,127.066178806399,37.6614229108498,헬스장
3150,"서울특별시 노원구 동일로 1379, 다모아빌딩 3층 302호 (상계동)",데이포짐,127.060894004756,37.6518043505091,헬스장
3151,"서울특별시 노원구 동일로 1533, 백산빌딩 4층 402호 (상계동)",베네핏,127.057246351895,37.6653647809563,헬스장
3152,"서울특별시 노원구 한글비석로 383, 삼창타워프라자 지하1층 1호, 71호 (중계동)",상계역점 스포애니 주)케이디스포츠,127.073074956682,37.6591119674807,헬스장
3153,"서울특별시 노원구 노원로 526, 평화빌딩 2층 201호 (상계동)",핏구공피티스튜디오&소정필라테스,127.060550004743,37.6612007792689,헬스장
3154,"서울특별시 동대문구 전농로 77, 3층 (답십리동)",머슬랭PT,127.057116474083,37.5717980647036,헬스장
3155,"서울특별시 노원구 덕릉로 694, 3층 (중계동)",에이플랜짐,127.075612445638,37.659577527186,헬스장
3156,"서울특별시 노원구 동일로 1101, B1호 (공릉동)",카인드짐휘트니스&스쿼시,127.071009933961,37.6282542576144,헬스장
3157,"서울특별시 노원구 동일로192길 83, 용마빌딩 3층 (공릉동)",위너블 헬스피티 앤 필라,127.077197965689,37.6275129140111,헬스장
3158,"서울특별시 노원구 상계로1길 54-4, 2층 01,02,03,04호 (상계동, 상계동 센트럴타워)",버클다운짐,127.061721168928,37.6581574674605,헬스장
3159,"서울특별시 노원구 석계로 106, 지하1층 (월계동)",버닝존,127.060412203211,37.6231587724471,헬스장
3160,"서울특별시 노원구 상계로 76, 정암빌딩 B1층 (상계동)",리핏트레이닝센터 PT 노원역점,127.063442617087,37.6561357418001,헬스장
3161,서울특별시 노원구 동일로178길 39-30 (공릉동),프리원핏,127.076672519104,37.6221779730756,헬스장
3162,"서울특별시 노원구 동일로 1308, 정안프라자 지하1층 B02호 (중계동)",빌리버짐,127.064166413458,37.6459751467144,헬스장
3163,"서울특별시 노원구 초안산로2라길 27, 2층 (월계동)",윤스피티,127.057963036016,37.631291044077,헬스장
3164,"서울특별시 노원구 한글비석로 444, 교림노원프라자 4층 405,411,412호 (상계동)",바디짐,127.068492606148,37.663613046348,헬스장
3165,"서울특별시 노원구 동일로217가길 23, 백경약국 3층 (상계동)",BODY CPR,127.059074805477,37.6532734267768,헬스장
3166,"서울특별시 노원구 동일로 1529, 합동빌딩 5층 501~509호 (상계동)",Hellene (헬린),127.057311765841,37.6650917520309,헬스장
3167,"서울특별시 노원구 공릉로 198, 2층 (공릉동)",필짐,127.078601108937,37.6274300879998,헬스장
3168,"서울특별시 노원구 한글비석로 325, 2층 204호 (중계동)",YFIT 퍼스널트레이닝,127.077718270787,37.6564417332028,헬스장
3169,"서울특별시 노원구 동일로 1689, 2층 215호 (상계동, 하이베라스)",다올핏,127.054950932229,37.6791213093376,헬스장
3170,"서울특별시 노원구 화랑로43길 2-4, 신궁전빌딩 2층 (월계동)",하디핏,127.063357022491,37.6145985647647,헬스장
3171,"서울특별시 노원구 동일로 1078, 대경상운 지하1층 (공릉동)",S&C 트레이닝 센터,127.073066569824,37.6261419906738,헬스장
3172,"서울특별시 노원구 노원로34길 102, 대명보습학원 B1층 (상계동)",이루어짐,127.066250220665,37.6634789096626,헬스장
3173,"서울특별시 노원구 공릉로 105, 성종빌딩 2층 1호 (공릉동)",빌리핏 PT 스튜디오,127.077885277951,37.6196132389484,헬스장
3174,"서울특별시 노원구 동일로 1545, 현대골드씨티 503호 (상계동)","오늘,운동",127.056973759982,37.6663907694807,헬스장
3175,"서울특별시 노원구 석계로 101, 북부농협 3,4층 (월계동)",oneday PT,127.060937824443,37.6229069465559,헬스장
3176,"서울특별시 노원구 동일로 1548, 세일빌딩 B1층 (상계동)",크로스핏 오늘,127.057626140726,37.6666666030955,헬스장
3177,서울특별시 노원구 동일로 1401 (상계동),에이블짐 노원역 2호점,127.060380855012,37.6535750451494,헬스장
3178,"서울특별시 노원구 한글비석로 232 (중계동, 유경데파트 4층)",고릴라멀티짐,127.076938720805,37.6484456633269,헬스장
3179,"서울특별시 노원구 한글비석로8길 29 (중계동, 중계6단지주공아파트상가동  2층)",시티짐,127.07848718628,37.6482546259351,헬스장
3180,"서울특별시 노원구 동일로204가길 34, 지층 155호 (중계동)",에이블짐 휘트니스,127.068172151465,37.6407495352012,헬스장
3181,"서울특별시 노원구 상계로 97, 4층 402호 (상계동, 위너스빌딩)",FITNESS GOJIB,127.065665868534,37.6570616356487,헬스장
3182,"서울특별시 노원구 상계로 77, 지하1층 (상계동, 다나빌딩)",에이블짐 휘트니스,127.06351419165,37.6567452176387,헬스장
3183,"서울특별시 노원구 상계로3길 58, 지하1층 02호 (상계동, 노원현대아파트상가동)",FITNESS 510 김정민 퍼스널 트레이닝,127.06287126246,37.6588652119297,헬스장
3184,"서울특별시 노원구 동일로 1323, 지하2층 (상계동)",MVGYM,127.062619518352,37.6468094778429,헬스장
3185,"서울특별시 노원구 노해로 507, 6층 (상계동)",와우짐,127.063889081054,37.6554272387774,헬스장
3186,"서울특별시 노원구 덕릉로 730, 상가동 206호 (상계동, 상계불암대림아파트)",K.B샵,127.07619126233,37.6628268139347,헬스장
3187,"서울특별시 노원구 한글비석로44길 31  (상계동,3층)",흥봉헬스클럽,127.069937286633,37.6641842313888,헬스장
3188,"서울특별시 노원구 동일로192길 63, 화랑빌딩 4층 (공릉동)",뉴크로핏,127.07626924961,37.627154835266,헬스장
3189,"서울특별시 노원구 노원로1길 67, 대덕프라자 3층 306, 307, 310, 311호 (공릉동)",워너핏휘트니스,127.083635681247,37.6208254563305,헬스장
3190,"서울특별시 노원구 공릉로63길 13 (하계동,5층)",마이핏 휘트니스,127.070523641075,37.6348836425391,헬스장
3191,"서울특별시 노원구 광운로 52, 2층 (월계동)",머슬톡 휘트니스,127.059747350877,37.6218399755136,헬스장
3192,"서울특별시 노원구 동일로 1596 (상계동,3층)",레몬핏휘트니스,127.056842608831,37.6709781734407,헬스장
3193,"서울특별시 노원구 상계로7길 13, 지하1층 (상계동)",피트니스 고집,127.065050967227,37.6573365055309,헬스장
3194,"서울특별시 노원구 동일로 1341, 지하층 (상계동, 장우빌딩)",펀더멘틀 크로스핏,127.062089919265,37.6483312484445,헬스장
3195,"서울특별시 노원구 노원로34길 72 (상계동,동서상가 2층)",YY헬스센타,127.066032817108,37.6621736001139,헬스장
3196,"서울특별시 노원구 중계로 202, B01호 (중계동, 신아프라자)",SN Fitness,127.077814748223,37.6508298105986,헬스장
3197,"서울특별시 노원구 화랑로 347, 정금당 2층 (월계동)",휘트니스 꿈,127.066427554057,37.615332893707,헬스장
3198,"서울특별시 노원구 동일로 986, 101동 B1층 B01,01-1,02,03,04,04-1,04-2,05호 (공릉동, 노원 프레미어스 엠코)",카인드짐 태릉입구역점,127.07591204414,37.6182161017816,헬스장
3199,"서울특별시 노원구 동일로218길 25, 석창빌딩 4층 2호 (상계동)",트로이짐 다이어트PT 노원역점,127.062249526557,37.6539704160628,헬스장
3200,"서울특별시 노원구 중계로8길 40, 2층 (중계동)",서정피트니스,127.084409797588,37.646277023045,헬스장
3201,"서울특별시 노원구 동일로192길 41, 3층 (공릉동)",리얼리햅 맞춤운동센터,127.075105366947,37.6266809421384,헬스장
3202,"서울특별시 노원구 한글비석로 384, B02,3,4,5호 (중계동, 대호프라자)",밀리언짐 상계,127.073239970178,37.6598085040664,헬스장
3203,"서울특별시 노원구 상계로1길 54-4, 205호 (상계동, 상계동 센트럴타워)",바디라인,127.061721168928,37.6581574674605,헬스장
3204,"서울특별시 노원구 동일로 1077 (공릉동,지하1층)",카인드짐 공릉역 2호점,127.072437435815,37.6260515591195,헬스장
3205,"서울특별시 노원구 덕릉로 699 (중계동,(3층))",발리짐 상계역점,127.075209656625,37.6601294556367,헬스장
3206,"서울특별시 노원구 공릉로 232  (공릉동,외)",서울산업대스포츠센터,127.076794742851,37.6330789279387,헬스장
3207,"서울특별시 노원구 공릉로 146 (공릉동,4층)",FitnessCC,127.079535585961,37.6230811196078,헬스장
3208,서울특별시 노원구 동일로 1551 (상계동),커브스 마들클럽,127.056844136528,37.6668881732629,헬스장
3209,"서울특별시 노원구 한글비석로 269 (중계동,지1층)",FITNESS인,127.076788209393,37.6517182215771,헬스장
3210,"서울특별시 노원구 동일로218길 41 (상계동,영보빌딩 2층)",아이언 휘트니스,127.063182686993,37.6541765152214,헬스장
3211,서울특별시 노원구 상계로1길 62-51 (상계동),김정민 퍼스널 트레이닝 스튜디오,127.062104889178,37.6589594100953,헬스장
3212,서울특별시 노원구 동일로180길 14 (공릉동),부르스타짐 공릉점,127.075326139356,37.6219534132134,헬스장
3213,"서울특별시 노원구 동일로 1673 (상계동,5층)",레몬핏휘트니스,127.054942094267,37.6778972437903,헬스장
3214,"서울특별시 노원구 노원로 449, 5층 (상계동)",바디짐헬스,127.066441585083,37.6566694543257,헬스장
3215,"서울특별시 노원구 화랑로 353 (월계동,3층)",미스.미스터헬스크럽,127.06703545783,37.6154765278796,헬스장
3216,"서울특별시 노원구 덕릉로 781 (상계동,6층)",박흥래남.여헬스,127.078259365507,37.6669845669678,헬스장
3217,"서울특별시 노원구 한글비석로 411 (상계동,문정빌딩 4층)",빅토리헬스크럽,127.070677231522,37.6612727205759,헬스장
3218,"서울특별시 노원구 중계로 205 (중계동,동진빌딩 401)",라인업 휘트니스 클럽,127.077453926342,37.6504855122038,헬스장
3219,"서울특별시 노원구 중계로12가길 29 (중계동,수암빌딩 5층)",굿모닝휘트니스,127.083042245812,37.6483113328021,헬스장
3220,서울특별시 노원구 노원로18길 41 (하계동),동천재활체육센터,127.072925701873,37.64451235583,헬스장
3221,서울특별시 노원구 동일로237나길 1 (상계동),리드 피트니스,127.053433362888,37.6737382965714,헬스장
3222,"서울특별시 노원구 중계로14길 37, 한나약국 2층 (중계동)",소운소 Ark Gym,127.082279392247,37.6500365290941,헬스장
3223,"서울특별시 노원구 공릉로 199, 유성빌딩 4층 401호 (공릉동)",LJ PT,127.078327140426,37.6272728678546,헬스장
3224,"서울특별시 노원구 화랑로 325, 우현빌딩 5층 (월계동)",부르스타짐(주),127.064043360012,37.6149530035255,헬스장
3225,"서울특별시 노원구 섬밭로 258, 건영옴니백화점 8층 (중계동)",건영스파밸리헬스클럽,127.064915087375,37.6391097783726,헬스장
3226,"서울특별시 노원구 동일로 1365, 랑은빌딩 5층 502호 (상계동)",피트니스 뭅,127.061234228831,37.6506100117206,헬스장
3227,"서울특별시 노원구 한글비석로52길 30, 지층 (상계동)",피트니스키 FITNESSKI,127.066593688408,37.665825320681,헬스장
3228,"서울특별시 노원구 노해로 517, 3층 (상계동)",(주)뷰티짐,127.065386326844,37.6556822973147,헬스장
3229,"서울특별시 노원구 노해로 517, 2층 (상계동)",(주)부티짐,127.065386326844,37.6556822973147,헬스장
3230,"서울특별시 노원구 광운로 37-1, 태경빌딩 지층 (월계동)",크로스핏 타키온,127.058795672972,37.6208960385089,헬스장
3231,"서울특별시 노원구 덕릉로 738, 정진145빌딩 2층 (상계동)",조아Gym,127.076221032178,37.6634551388218,헬스장
3232,"서울특별시 노원구 공릉로46길 23, 1층 (공릉동)",스파렉스 공릉,127.080190612101,37.6275709238196,헬스장
3233,"서울특별시 노원구 한글비석로24길 83, B1층 (상계동)",아싸짐,127.074177116255,37.663916302493,헬스장
3234,"서울특별시 노원구 섬밭로 196, 2층 209,210,211호 (하계동, 장미아파트)",유스짐,127.067277883916,37.6339976168528,헬스장
3235,"서울특별시 노원구 상계로9가길 59, B1층 (상계동)",두더짐,127.068585980146,37.660146466966,헬스장
3236,"서울특별시 노원구 덕릉로83길 9-8, 3층 (중계동)",핏피티,127.074625780247,37.6598001573496,헬스장
3237,"서울특별시 노원구 동일로 1593, 서원상가 지하1층 (상계동)",트레이닝브릿지,127.055778970548,37.6707082070833,헬스장
3238,"서울특별시 동대문구 한천로24길 74-1, 진성빌딩 5층 502호 (장안동)",얼라인 짐 여성전용 헬스&PT,127.068801079207,37.5688010698052,헬스장
3239,"서울특별시 동대문구 회기로 148-5, 지하1층 (회기동)",HATTE PT STUDIO,127.0527949935,37.591154048841,헬스장
3240,"서울특별시 동대문구 전농로 94, 한성빌딩 2층 (답십리동)",헬스고 여성전용,127.057770923489,37.5731833863445,헬스장
3241,서울특별시 동대문구 한천로10길 32 (장안동),휴맥스 짐,127.063010979018,37.5662192554916,헬스장
3242,"서울특별시 동대문구 사가정로 122, 전농동하우스토리 2층 (전농동)",어메이징휘트니스,127.058517800585,37.5772114550055,헬스장
3243,"서울특별시 동대문구 왕산로 225, 미주상가 A동 2층 6-2호 (청량리동)",제프짐,127.047209103701,37.5821227010138,헬스장
3244,"서울특별시 동대문구 망우로 60, 5층 (휘경동)",무브짐,127.060027858609,37.5891959795834,헬스장
3245,"서울특별시 동대문구 답십리로 252, 4층 (장안동)",장안휘트니스센터,127.068135827213,37.5722654216607,헬스장
3246,"서울특별시 동대문구 왕산로 68, 지하1층 (용두동)",에이치짐 용두동점,127.030898977222,37.5774850954352,헬스장
3247,"서울특별시 동대문구 경희대로4길 18, 지하1층 (회기동)",나봄PT&필라테스,127.053496797508,37.5922901540487,헬스장
3248,"서울특별시 동대문구 장한로 26, 2층 (장안동)",쉐어짐,127.066356503216,37.5635148848846,헬스장
3249,"서울특별시 동대문구 사가정로25길 22-4, 3층 (장안동)",체크핏,127.070615072414,37.5796614885561,헬스장
3250,"서울특별시 동대문구 장한로18길 57, 축제빌딩 5층 (장안동)",바디공방,127.072067701227,37.5678297398618,헬스장
3251,"서울특별시 동대문구 답십리로 263, 중석빌딩 지하1층 (장안동)",빅풋,127.069573557691,37.5727443628752,헬스장
3252,"서울특별시 동대문구 망우로 40, 초록빌딩 3층 (휘경동)",모던핏,127.057902056687,37.5885940974087,헬스장
3253,"서울특별시 동대문구 왕산로 186, 청량리역 우남SL타워300 B105, 106, 107호 (전농동)",L2 휘트니스 청량리점,127.044171994493,37.5793755754741,헬스장
3254,"서울특별시 동대문구 경희대로4길 44, 지층호 (회기동)",GYM TIME,127.054732827747,37.5917006990258,헬스장
3255,"서울특별시 동대문구 장한로 68, JB타워 2층 (장안동)",장안동점 스포애니 (주)케이디헬스케어,127.068551041724,37.5668325399007,헬스장
3256,"서울특별시 동대문구 사가정로 148, 138동 지하1층 112~116 118 119호 (전농동, 전농 SK아파트)",하나더 짐,127.061567688813,37.5766590358858,헬스장
3257,"서울특별시 동대문구 이문로 136, 1층 (이문동, 이문동 웰츠타워)",미라클 휘트니스,127.061885756308,37.5984917221,헬스장
3258,"서울특별시 동대문구 망우로 60, 4층 (휘경동)",슬림라운지&무브짐 회기점,127.060027858609,37.5891959795834,헬스장
3259,"서울특별시 동대문구 답십리로 140, 세기프라자 5층 503호 (답십리동)",fitpoint gym,127.055597303756,37.5724894025765,헬스장
3260,"서울특별시 동대문구 한천로11길 16, A빌딩 3층 (답십리동)",원오원짐,127.061517245965,37.5673575504382,헬스장
3261,"서울특별시 동대문구 답십리로 309, 2층 (장안동)",더라인핏,127.074804796028,37.5723544570231,헬스장
3262,"서울특별시 동대문구 사가정로 110, 3층 (전농동)",새로핏PT,127.057280978196,37.5770064547491,헬스장
3263,"서울특별시 동대문구 천호대로 389, 지하1층 (장안동)",주식회사 브이엑스이니셔티브 장안지점,127.062373142331,37.5622665636346,헬스장
3264,"서울특별시 동대문구 휘경로 13, 지하1층 (이문동)",짐구공 24시 헬스 PT 외대점,127.061743635095,37.5960166838474,헬스장
3265,"서울특별시 동대문구 전농로 38, 지하1,2층 (답십리동)",답십리점 스포애니 (주)케이디헬스케어,127.057240883237,37.5682540295405,헬스장
3266,"서울특별시 동대문구 황물로 63-1, 3층 (답십리동)",팀웰니스,127.048322022112,37.5721799594209,헬스장
3267,"서울특별시 동대문구 회기로23길 8, 지하1층 (회기동)",밤 피티 앤 필라테스,127.054122101261,37.5911119120482,헬스장
3268,"서울특별시 동대문구 왕산로 122, 3층 (용두동)",에이치짐,127.036911676719,37.5778466493598,헬스장
3269,서울특별시 동대문구 왕산로19라길 12 (제기동),D-GYM,127.033828559167,37.5792786220142,헬스장
3270,"서울특별시 동대문구 천호대로83길 92, 2층 (장안동)",빛나짐 PT,127.067053080766,37.5659518658798,헬스장
3271,"서울특별시 동대문구 장한로 14, 지하 2층 (장안동)","HEY, HONEY, WORKOUT!",127.065754693542,37.5626109816786,헬스장
3272,"서울특별시 동대문구 답십리로 276, 2층 (장안동)",조피티짐,127.070783003428,37.5721698002783,헬스장
3273,"서울특별시 동대문구 전농로 211, 글터빌딩 7층 (전농동)",에이치짐 PT,127.053541589111,37.5830564911453,헬스장
3274,"서울특별시 동대문구 회기로19길 23, 지층, 2층 (회기동, 유경빌딩)",회기동헬스학교 경희대학교점,127.052920730097,37.5926697313193,헬스장
3275,"서울특별시 동대문구 휘경로 39, 농협 서울경기양돈이문지점 지하1층 (이문동)",아크로짐 외대점,127.064273464123,37.5948915267761,헬스장
3276,"서울특별시 동대문구 왕산로 190, 청량리역 렉스프라임 B2층 (전농동)",트렌디우먼휘트니스 청량리역점,127.044447176728,37.579515216337,헬스장
3277,"서울특별시 동대문구 고산자로34길 70, 청량리역 해링턴플레이스 B동 B02호 (용두동)",렛츠붐 스피닝,127.042196782039,37.5782923121696,헬스장
3278,"서울특별시 동대문구 청계천로 471, 2층 1,2,3호 (용두동, 청계천 대성 스카이렉스2)",골든몽키짐 플래티넘 sky,127.029656216242,37.5704044060766,헬스장
3279,"서울특별시 동대문구 장안벚꽃로 167, B101호 (장안동, 래미안장안2차아파트)",어메이징 휘트니스,127.074282139153,37.5750720968253,헬스장
3280,"서울특별시 동대문구 고산자로32길 78, 지하1층 (용두동, 청량리역한양수자인그라시엘)",더비티 소울 피트니스&골프,127.042841437254,37.5775880431542,헬스장
3281,"서울특별시 동대문구 답십리로 9, 6층 (전농동)",브이엠휘트니스 청량리점,127.043528549832,37.5784693244422,헬스장
3282,"서울특별시 동대문구 장한로 25, 9층 (장안동)",오하운GYM,127.06577851377,37.5638282144142,헬스장
3283,"서울특별시 동대문구 하정로3길 6, 지하1층 (신설동)",피트니스131,127.026226962418,37.5756218882769,헬스장
3284,"서울특별시 동대문구 휘경로 5-1, 6층 (이문동)",팻다운핏,127.06094505794,37.5963772251146,헬스장
3285,"서울특별시 동대문구 망우로 123, 4층 1호 (휘경동)",빌리프짐 회기점,127.06659655052,37.591711720367,헬스장
3286,"서울특별시 동대문구 경희대로4길 64, 지하1층 (회기동)",메이크픽스짐,127.055649231405,37.5913085191965,헬스장
3287,"서울특별시 동대문구 서울시립대로 94, 4층 (전농동)",제네핏(Genefit),127.050294994577,37.5789616415787,헬스장
3288,"서울특별시 동대문구 답십리로72길 66, 지하1층 (장안동)",짐 코사트,127.072997968629,37.5693939271102,헬스장
3289,"서울특별시 동대문구 망우로21길 26, 리브인 101동 101, 201호 (휘경동)",애프터짐,127.061632435756,37.5905213231469,헬스장
3290,"서울특별시 동대문구 천호대로85길 32, 동양빌딩 지하1층 (장안동)",크로스핏 온앤온,127.066903609359,37.5633516759971,헬스장
3291,"서울특별시 동대문구 황물로 42, 2층 (답십리동)",쿰짐(제이벌스),127.046204557882,37.573327863786,헬스장
3292,"서울특별시 동대문구 전농로 12, 2층 3,4호 (답십리동)",버닝타임짐,127.056011646763,37.5660351963217,헬스장
3293,"서울특별시 동대문구 사가정로 136, 3층 (전농동)",FITNESS K,127.059888015776,37.577593600245,헬스장
3294,"서울특별시 동대문구 답십리로72길 18, 리더스빌딩 4층 (장안동)",소울핏 2호점,127.07401941641,37.5713194385769,헬스장
3295,"서울특별시 동대문구 고산자로 406, 화성빌딩 지하1층 (용두동)",에이블짐 용두역점,127.038579520544,37.5757971648836,헬스장
3296,"서울특별시 동대문구 회기로13길 21, 지하1층 (회기동)",101퍼센트짐,127.050921636233,37.5924687885201,헬스장
3297,"서울특별시 동대문구 왕산로 254, 3층 (전농동)",피티밤,127.04974754708,37.5834318830902,헬스장
3298,"서울특별시 동대문구 전농로 113, 센타빌딩 2층 (답십리동)",리메디PT,127.057388035162,37.5750420548059,헬스장
3299,"서울특별시 동대문구 한천로 264, 5층 (휘경동)",we body gym(위바디짐),127.068314251007,37.5843095358408,헬스장
3300,"서울특별시 동대문구 이문로 73, 2층 (이문동)",헬스파크,127.058246946933,37.593839052952,헬스장
3301,"서울특별시 동대문구 장안벚꽃로 107, 상가동 311호 (장안동, 장안현대홈타운)",에센휘트니스 크럽,127.075113657819,37.5710568281709,헬스장
3302,"서울특별시 동대문구 전농로 91, 5층 (답십리동)",비피짐,127.057022081587,37.5733020510431,헬스장
3303,서울특별시 동대문구 망우로 101 (휘경동),HTV 휘트니스,127.064416950531,37.5909739363696,헬스장
3304,서울특별시 동대문구 왕산로 211-1 (청량리동),H GYM(에이치 짐),127.046064503977,37.5811892733984,헬스장
3305,"서울특별시 동대문구 왕산로 122, 한방천하 용두동 포스빌 지하2층 (용두동)",크로스핏(헬스),127.036911676719,37.5778466493598,헬스장
3306,서울특별시 동대문구 한천로 264 (휘경동),M&F 스포츠클럽,127.068314251007,37.5843095358408,헬스장
3307,"서울특별시 동대문구 장한로 120, 옥산빌딩 지하층 (장안동)",버닝타임,127.071267102333,37.5710464187721,헬스장
3308,서울특별시 동대문구 천호대로 317 (답십리동),하늘스포츠재활센터,127.055634655029,37.565178527398,헬스장
3309,"서울특별시 동대문구 장한로 91, 2층 (장안동)",에이블짐 휘트니스,127.06933454445,37.569150253828,헬스장
3310,"서울특별시 동대문구 홍릉로 37  (청량리동,2층)",비너스헬스,127.043840017981,37.5835445966036,헬스장
3311,"서울특별시 동대문구 이문로 3, 3층 (회기동)",MJ 스포랜드,127.053686007325,37.5886701518475,헬스장
3312,서울특별시 동대문구 천호대로 23 (신설동),청계스포츠(체력단련장),127.026309807767,37.5746000518528,헬스장
3313,"서울특별시 동대문구 제기로 132 (청량리동,2층)",헬스 119,127.047798338573,37.5863059553443,헬스장
3314,"서울특별시 동대문구 한천로 166, 2층 (장안동)",휘트니스 월드,127.067713923491,37.5757529641751,헬스장
3315,서울특별시 동대문구 천장산로 39 (이문동),에스라인 휘트니스,127.057433338016,37.5993842417809,헬스장
3316,"서울특별시 동대문구 사가정로 6, 2층 201호 (답십리동, 청계 G well estates)",직선 퍼스널트레이닝,127.049533732451,37.5701769955012,헬스장
3317,서울특별시 동대문구 회기로 195 (휘경동),라온 퍼스널트레이닝,127.057623415582,37.5902121456959,헬스장
3318,서울특별시 동대문구 고산자로 534 (제기동),한신휘트니스,127.039218485863,37.5883932941526,헬스장
3319,"서울특별시 동대문구 사가정로 207, 삼협메디스빌딩 6, 7층 (장안동)",뉴파워짐,127.068016203955,37.5788925747579,헬스장
3320,"서울특별시 동대문구 이문로 19, 지,2,3층 (회기동, 한성베스트빌)",에이치짐 회기점,127.055169863095,37.5898253507318,헬스장
3321,"서울특별시 동대문구 장한로 173 (장안동,(2층))",파워헬스클럽,127.071728749046,37.5759163759547,헬스장
3322,"서울특별시 동대문구 약령시로5길 22 (제기동,5층)",동대문종합사회복지관(체력단련장업),127.034196960692,37.5840209857522,헬스장
3323,"서울특별시 동대문구 회기로28길 8, 3층 (휘경동)",스포벡 휘트니스 회기역점,127.055945297168,37.589460624459,헬스장
3324,"서울특별시 동대문구 황물로 103, 지하1층 (답십리동)",쿠타짐 동대문,127.051512234723,37.5696197841676,헬스장
3325,"서울특별시 동대문구 제기로 4, 3층 (제기동)",셀리핏,127.0334555854,37.5862240361471,헬스장
3326,"서울특별시 동대문구 왕산로 22, 맹그로브 신설 지하1층 (신설동)",업타운 휘트니스 신설점,127.026072971627,37.5761751330065,헬스장
3327,"서울특별시 동대문구 사가정로 150, 2층 (전농동)",와치 휘트니스,127.061742980486,37.5778160010547,헬스장
3328,서울특별시 동대문구 장한로 60 (장안동),New Body Gym,127.068263880601,37.5663400418002,헬스장
3329,서울특별시 동대문구 고산자로32길 16 (용두동),에이짐(A GYM),127.039259391403,37.5765963930858,헬스장
3330,"서울특별시 동대문구 망우로21길 52, 지하1층 (휘경동)",크로스핏 리스펙,127.059877891806,37.5903959972497,헬스장
3331,"서울특별시 동대문구 왕산로 211-1, 5층 (청량리동)",H-GYM 투,127.046064503977,37.5811892733984,헬스장
3332,"서울특별시 동대문구 홍릉로 19, 4층 (청량리동)",더블에스 휘트니스,127.044319385424,37.582036064559,헬스장
3333,서울특별시 동대문구 천호대로 281 (답십리동),A True Gym 답십리점,127.052209219835,37.5675757498172,헬스장
3334,"서울특별시 동대문구 무학로42길 45, 지하1호 (제기동)",닥터스트렝스,127.030285719948,37.5821955602691,헬스장
3335,"서울특별시 은평구 갈현로5길 32, 1층 (신사동)",다미넬GYM,126.907685209062,37.6009058704273,헬스장
3336,"서울특별시 은평구 통일로73길 5-10, 1층 (대조동)",한스바디밸런스,126.924032898391,37.6152190196502,헬스장
3337,"서울특별시 은평구 통일로 742, 한화빌딩 B1층 (불광동)",헬스보이짐 필라걸 불광점,126.929364603214,37.6118291183667,헬스장
3338,"서울특별시 은평구 연서로 74, 보광빌딩 5층 (역촌동)",PLEXON TRAINING,126.915724946615,37.6057262353977,헬스장
3339,"서울특별시 은평구 은평로 233, 4층 (녹번동)",퍼센트짐,126.933552363192,37.6012413180321,헬스장
3340,"서울특별시 은평구 통일로 869, 서연빌딩 4층 (갈현동)",온앤온 피트니스 연신내점,126.919808968262,37.6203691547897,헬스장
3341,"서울특별시 은평구 은평로 108, 202호 (응암동, 메트로럭스주상복합APT)",재미짐 여성전용 헬스 PT 응암점,126.919882555261,37.5997123185996,헬스장
3342,"서울특별시 은평구 은평로 98, 2층 (응암동)",휘트니스피플 우먼 응암점,126.91881639591,37.5995052631946,헬스장
3343,"서울특별시 은평구 응암로 337, 빛터룩스 빌딩 4층 (응암동)",바디메카,126.922128486696,37.6013078542665,헬스장
3344,"서울특별시 은평구 불광로 60, 불광동라비앙프라자 지층 (불광동)",(주)에이블짐 불광지점,126.932156008786,37.6122935940935,헬스장
3345,"서울특별시 은평구 통일로 835, 우리은행연신내지점 3층 (대조동)",헬슐랭 피트니스,126.921723576681,37.6179057885639,헬스장
3346,"서울특별시 은평구 은평로 23, 3층 302호 (신사동)",다이어트 캠프 & PT,126.910398815216,37.5981803027596,헬스장
3347,"서울특별시 은평구 진관2로 19, 휴먼프라자 I 6층 607,608호 (진관동)",짐리밋 구파발역점,126.919584718281,37.6348535294175,헬스장
3348,"서울특별시 은평구 진흥로 148, 4층 (녹번동)",제이제이 피트니스 녹번점,126.9263669244,37.6084438918345,헬스장
3349,"서울특별시 은평구 진관2로 15-46, 메트로프라자 8층 802, 803호 (진관동)",피트니스 REX,126.919081540985,37.6386515578411,헬스장
3350,"서울특별시 은평구 연서로26길 12, 지하1층 (대조동)",멋GYM플러스,126.920656394863,37.6167063113678,헬스장
3351,"서울특별시 은평구 진관2로 29-21, 드림스퀘어 지층 (진관동)",니드짐 구파발점,126.919341649662,37.635741734904,헬스장
3352,"서울특별시 은평구 서오릉로 196, 구산빌딩 (갈현동)",스포짐코리아,126.912041219513,37.6138570459169,헬스장
3353,"서울특별시 은평구 통일로 727-3, 지층,1층,2층 (대조동)",불광역점 스포애니 ㈜ 케이디헬스케어,126.929398593704,37.6102579941558,헬스장
3354,"서울특별시 은평구 서오릉로 210, 2층 (갈현동)",Red휘트니스,126.910652702074,37.614459484828,헬스장
3355,"서울특별시 은평구 연서로 1, B1층 B01~B07호 (역촌동, 리더스파크)",니드짐 헬스&PT 응암역점,126.915361951282,37.5992561452512,헬스장
3356,"서울특별시 은평구 증산로 413, 동현빌딩 3층 (신사동)",어라운드짐 새절역점,126.913846721415,37.5931409230026,헬스장
3357,"서울특별시 은평구 통일로 1050, 롯데몰 은평점 4층 (진관동)",밀론앤스마트짐,126.917900261732,37.6375366740938,헬스장
3358,"서울특별시 은평구 응암로 193 (응암동, 2.3층)",스포애니 응암오거리점 (주)케이디헬스케어,126.916767851347,37.5892661408664,헬스장
3359,"서울특별시 은평구 통일로 780 (불광동, 미성아파트)",카프리짐,126.928432696242,37.6158621924384,헬스장
3360,"서울특별시 은평구 연서로 216, 지층 (대조동, 대조동아트캐슬주상복합)",연신내역 스포애니 (주)케이디헬스케어,126.920120155706,37.6178000192821,헬스장
3361,"서울특별시 은평구 서오릉로 110, 삼두빌딩 3층 (대조동)",발리휘트니스,126.92010752188,37.6098111259925,헬스장
3362,"서울특별시 은평구 연서로 130, 대지빌딩 외 1개소(은평로 147, 미주빌딩 3층) (역촌동)",체대입시FA,126.917226001911,37.610282699939,헬스장
3363,"서울특별시 은평구 수색로 195, 지층 (증산동)",드림라인휘트니스,126.900679728066,37.5785684643792,헬스장
3364,"서울특별시 은평구 진관2로 29-21, 드림스퀘어 107동 302호 (진관동)",굿바디퍼스널트레이닝,126.919341649662,37.635741734904,헬스장
3365,"서울특별시 은평구 은평로 170, 상현빌딩 5층 (응암동)",빅브로짐 휘트니스 응암점,126.926662375326,37.6010893852841,헬스장
3366,"서울특별시 은평구 갈현로 82, 4층 (역촌동)",디딤휘트니스,126.910685555782,37.6052664482641,헬스장
3367,"서울특별시 은평구 은평로 63 (역촌동, 비앤케이 빌딩)",커브스응암클럽,126.914846348924,37.5990769277231,헬스장
3368,서울특별시 은평구 은평로 204 (응암동),커브스녹번클럽,126.930384978308,37.6011062357842,헬스장
3369,"서울특별시 은평구 은평로 142, 2층 (응암동)",PT.Dream,126.92349457443,37.600494432506,헬스장
3370,"서울특별시 은평구 응암로 275, 4층 (응암동)",피티디데이,126.919112486218,37.5963970478506,헬스장
3371,서울특별시 은평구 연서로 55 (역촌동),더블업트레이닝,126.915346482159,37.604013903662,헬스장
3372,"서울특별시 은평구 통일로 751, 3층 (대조동)",테크노 헬스,126.927813432964,37.6118071866862,헬스장
3373,서울특별시 은평구 통일로92길 4 (불광동),현봉휘트니스,126.920593494499,37.6259005746136,헬스장
3374,"서울특별시 은평구 백련산로4길 16, 은평청소년수련관 (응암동)",엔젤스 헤이븐,126.924544209302,37.5942157413413,헬스장
3375,서울특별시 은평구 연서로 320 (불광동),청자헬스,126.928166922657,37.623688820303,헬스장
3376,"서울특별시 은평구 진흥로1길 34, 효성빌딩 2층 (역촌동)",컨피던스휘트니스,126.918676419909,37.6034689838461,헬스장
3377,"서울특별시 은평구 응암로22길 22-1, 합도빌딩 4층 (응암동)",브라이언박 트레이닝센터,126.920641115636,37.5932429037821,헬스장
3378,서울특별시 은평구 갈현로 260 (갈현동),에스에스헬스장,126.916221036937,37.6200110422286,헬스장
3379,"서울특별시 은평구 갈현로 219, 3층 (갈현동)",지니짐 헬스,126.914415136662,37.6167664606477,헬스장
3380,"서울특별시 은평구 가좌로 321 (신사동, 백송빌딩)",리마인드짐,126.909330974886,37.5960387326981,헬스장
3381,"서울특별시 은평구 진관2로 15-46, 메트로프라자 6층 607호 (진관동)",플랜짐,126.919081540985,37.6386515578411,헬스장
3382,"서울특별시 은평구 불광로 48, 3층 (불광동)",태민PT GYM,126.930952407506,37.6115513822011,헬스장
3383,"서울특별시 은평구 은평로 194, 202호 (응암동, 더 위일)",피트니스랩,126.929251795239,37.6011896243568,헬스장
3384,"서울특별시 은평구 증산로21길 11, 1층 122호, 129~140호, 145~149호 (신사동, 신흥상가삼부아파트)",짐박스 피트니스 응암2호점,126.913495001001,37.5957074100985,헬스장
3385,"서울특별시 은평구 응암로 215, 2층 204,205호 (응암동, 명남더블레스아파트2차)",해피짐,126.917055760123,37.5912237488191,헬스장
3386,"서울특별시 은평구 진관3로 32, 은평뉴타운파크앤타워 B2층 201호 (진관동)",㈜은평투엑스휘트니스,126.920616902514,37.6393583421412,헬스장
3387,"서울특별시 은평구 증산로 325, 2층 (증산동)",스퀘어 짐,126.911095192309,37.5856468623462,헬스장
3388,"서울특별시 은평구 통일로 815, 성보빌딩 3층 (대조동)",넘버원짐,126.923348583225,37.6164083320596,헬스장
3389,"서울특별시 은평구 진흥로1길 28, 2층 202,209호 (역촌동, 아그네스 풍림아이원)",짐박스 피트니스 응암1호점,126.918961673328,37.6029593097591,헬스장
3390,"서울특별시 은평구 통일로 856, 메트로타워 6층 (불광동)",고릴라멀티짐,126.921522873651,37.6196226675938,헬스장
3391,"서울특별시 은평구 통일로80길 1-1, 201호 (불광동, 베로니스)",커브스 연신내클럽,126.920875014403,37.6201115613091,헬스장
3392,"서울특별시 은평구 연서로 137 (구산동, 영진빌딩)",구산역점 스포애니 (주)케이디헬스케어,126.916842896021,37.6111618859153,헬스장
3393,"서울특별시 은평구 불광로 90, 지층 (불광동, 대호프라자아파트)",제이제이 피트니스,126.933000699618,37.6150686709961,헬스장
3394,"서울특별시 은평구 갈현로 141, 3층 (구산동)",팩토리짐,126.91097126213,37.6106043952413,헬스장
3395,"서울특별시 은평구 연서로 9, 지하1층 (역촌동, 센타폴리스)",응암역점 스포애니 (주)케이디헬스케어,126.91556845327,37.6000995302827,헬스장
3396,서울특별시 은평구 갈현로 44 (신사동),LEO GYM,126.910481637056,37.6017344129321,헬스장
3397,"서울특별시 은평구 연서로 295-1, 파란채빌딩 2,3층 (불광동)",제우스짐,126.926521232798,37.6220835093052,헬스장
3398,서울특별시 은평구 불광로 136 (불광동),수양헬스,126.932901479921,37.6189769206436,헬스장
3399,"서울특별시 은평구 불광로 51, 불광초등학교 (불광동)",아인스포츠 불광스포렉스,126.930718712253,37.6134294463781,헬스장
3400,서울특별시 은평구 서오릉로 205 (구산동),구산헬쓰,126.910658206002,37.6138351941462,헬스장
3401,"서울특별시 은평구 갈현로 277, 지하1층 (갈현동)",월드헬스,126.916561280719,37.621652972432,헬스장
3402,"서울특별시 은평구 서오릉로 150, 우림빌딩 2층 (갈현동)",GYM 3.0,126.916569405965,37.611948526415,헬스장
3403,"서울특별시 은평구 서오릉로 160, 마성빌딩 3층 1호 (갈현동)",에이짐 휘트니스,126.915632831792,37.6126825267479,헬스장
3404,"서울특별시 은평구 은평로20길 6, 지층 (응암동)",프로마인드짐 PT & 태닝 녹번점,126.933269269114,37.6004664866432,헬스장
3405,"서울특별시 은평구 통일로80길 1-1, B2층 (불광동, 베로니스)",크로스핏엠비션,126.920875014403,37.6201115613091,헬스장
3406,"서울특별시 은평구 진관2로 19, 휴먼프라자 I 6층 609,610,611호 (진관동)",라우드짐 앤 피티 구파발역점,126.919584718281,37.6348535294175,헬스장
3407,"서울특별시 은평구 은평로 136, 은경빌딩 4층 (응암동)",응암동점 스포애니 (주) 케이디헬스케어,126.923039015434,37.6002632124439,헬스장
3408,"서울특별시 은평구 통일로 747, 3층 (대조동)",골드문PT,126.928233122488,37.6118562762546,헬스장
3409,"서울특별시 은평구 연서로 73, 4층 (역촌동)",오늘은 헬스,126.915065926274,37.6056457550755,헬스장
3410,"서울특별시 은평구 은평로8길 42-1, 지층 (응암동)",프리원핏 응암점,126.918603313471,37.5968741329927,헬스장
3411,"서울특별시 은평구 서오릉로 175, 엘타워 B2층 (구산동)",크로스핏 카고,126.913978816522,37.6126531317393,헬스장
3412,"서울특별시 은평구 은평로21길 16-1, 1층 (녹번동, DH팰리스)",Timeless PT Studio,126.932508478851,37.6020082794404,헬스장
3413,"서울특별시 은평구 응암로 278, 7층 (응암동)",스테이핏,126.919665022064,37.5963405726811,헬스장
3414,"서울특별시 은평구 연서로 209, 보성빌 6층 (갈현동)",주식회사 비엔아이컴퍼니(BNI COMPANY CO.LTD),126.918847427928,37.6173259520379,헬스장
3415,"서울특별시 은평구 진흥로13길 2, 3층 (대조동)",짐부티킹,126.926174256716,37.609040406579,헬스장
3416,"서울특별시 은평구 은평로 105, 2층 (응암동, 미가마하나임응암Ⅰ)",오엘크루,126.919421158186,37.6000791581677,헬스장
3417,"서울특별시 은평구 진흥로 29, 3층 302호 (역촌동)",해야 GYM·PT,126.918729838319,37.6005851309419,헬스장
3418,"서울특별시 은평구 응암로13길 2, 3층 (응암동)",스윗 PT샵,126.91674586698,37.589994577531,헬스장
3419,"서울특별시 은평구 통일로 1034, 103동 213호 (진관동, 은평 스카이뷰 자이)",에이펙스 피트니스(APEX FITNESS),126.917656215121,37.6352810682306,헬스장
3420,"서울특별시 은평구 통일로83길 6-29, 유진빌딩 2층 (갈현동)",스톤앤짐 연신내점,126.918810200243,37.6214583061816,헬스장
3421,"서울특별시 은평구 은평로8길 7, 주현빌딩 2층 (응암동)",made PT studio,126.920831811999,37.5995335719148,헬스장
3422,"서울특별시 은평구 통일로80길 6, 성준빌딩 지1층 (불광동)",Korean Top Team DOWN GYM,126.921302748638,37.6198758787055,헬스장
3423,"서울특별시 은평구 은평로 200-1, 6층 (응암동, 삼영빌딩)",에르제 스튜디오,126.929999928224,37.6011336684453,헬스장
3424,"서울특별시 은평구 통일로 1020, 은평뉴타운 신한 헤센스마트 (진관동)",오운짐 PT스튜디오,126.917852171711,37.6333643585248,헬스장
3425,"서울특별시 은평구 통일로 633, 1층 (녹번동, 녹번동오피스텔)",짐바코드,126.934651376069,37.6031915846569,헬스장
3426,"서울특별시 은평구 연서로 128, 정진탑 (역촌동)",제이핏,126.917108635384,37.6101082761841,헬스장
3427,"서울특별시 은평구 응암로21길 16, 3층 (응암동)",원트핏,126.916242404972,37.5942923125442,헬스장
3428,"서울특별시 은평구 은평로 103, 2층 (응암동, 조이팰리스아파트)",바른짐 PT,126.919255288821,37.6000527358818,헬스장
3429,"서울특별시 은평구 통일로89길 18-3, 지하1층 (갈현동)",RAPHA Fit,126.917829363815,37.6248568711728,헬스장
3430,"서울특별시 은평구 은평로 233-1, 3층 (녹번동)",슬기로운 GYM,126.933725318075,37.6012037538777,헬스장
3431,"서울특별시 은평구 은평로 116, 위산일리온시티 지하1층, 지하2층 (응암동)",에이블짐 응암점,126.920675858475,37.599874221866,헬스장
3432,"서울특별시 은평구 통일로67길 9, B1층 (대조동, 주주베에이)",피티스테이션,126.928456431246,37.6107131470046,헬스장
3433,"서울특별시 은평구 연서로29길 24, 4층 (갈현동)",15짐,126.91774666938,37.6196145998156,헬스장
3434,"서울특별시 은평구 연서로27길 17, 2층 (갈현동)",디에타,126.91747998166,37.6181215671023,헬스장
3435,"서울특별시 은평구 연서로 78, 2층 202호 (역촌동)",흥바디짐,126.915755340185,37.6061904469727,헬스장
3436,"서울특별시 은평구 진관3로 33, 상가동 1층 112호 (진관동, 은평뉴타운 꿈에그린)",어반컴퍼니,126.919945513653,37.6397528801196,헬스장
3437,"서울특별시 은평구 은평로 96, 미성 프라임팰리스 지하1층 (응암동, 미성 프라임팰리스)",지민혁 PT STUDIO,126.918464074709,37.5994303281973,헬스장
3438,"서울특별시 은평구 은평로3길 6, 역촌빌딩 3,4층 (역촌동)",바디브레인 트레이닝센터,126.914918398779,37.5993492590714,헬스장
3439,"서울특별시 은평구 연서로27길 12, 효성빌딩 3층 (갈현동)",딜라이트짐,126.918199063095,37.6180717926396,헬스장
3440,"서울특별시 은평구 역말로 40, 무궁화빌딩 2층 201호 (역촌동)",헬스고 여성전용,126.914673304323,37.6056339391965,헬스장
3441,"서울특별시 은평구 서오릉로 145, 상원빌딩 B1층 (구산동)",빅브로짐 휘트니스 구산점,126.916477274153,37.611286414672,헬스장
3442,"서울특별시 은평구 통일로 641, 지하1층 (녹번동)",제이에이치짐,126.934542386765,37.6040207054703,헬스장
3443,"서울특별시 은평구 진흥로 103, 기린빌딩 6층 (역촌동)",헬스GO 피트니스,126.922406417484,37.6060733736923,헬스장
3444,"서울특별시 은평구 은평로 52, 명성빌딩 지층 (신사동)",더블에스핏,126.913596458611,37.5984496505553,헬스장
3445,"서울특별시 은평구 진흥로 87, 3층 (역촌동)",머슬메카,126.921721856436,37.604742970607,헬스장
3446,"서울특별시 은평구 진흥로 105-6, 니오빌딩 2층 (역촌동)",플레이스짐,126.922184793676,37.6063933493986,헬스장
3447,"서울특별시 은평구 은평로 63, 비앤케이 빌딩 6층 (역촌동)",디엔드핏 헬스PT 응암역점,126.914846348924,37.5990769277231,헬스장
3448,"서울특별시 은평구 서오릉로2길 12, 3층 301호 (녹번동, 거장메카)",피티스테이션 은평구청점,126.927945816724,37.6021963217194,헬스장
3449,"서울특별시 은평구 연서로21길 3, B1층 (갈현동)",짐라이트 구산/연신내점,126.917233992611,37.6142117371155,헬스장
3450,"서울특별시 은평구 은평로6길 5, 한성빌딩 5층 (응암동)",색다른짐,126.919163447458,37.5993228705922,헬스장
3451,"서울특별시 은평구 통일로 855-20, 2,3,4층 (갈현동)",짐박스피트니스 연신내점,126.919876222163,37.6196577807144,헬스장
3452,"서울특별시 은평구 은평로 108, 3층 (응암동, 메트로럭스주상복합APT)",위캔짐,126.919882555261,37.5997123185996,헬스장
3453,"서울특별시 은평구 역말로 101, 토마스빌딩 4,5층 (역촌동)",글래드짐,126.920160287993,37.6084440907806,헬스장
3454,"서울특별시 은평구 갈현로11길 7, 2층 (역촌동, 현대화타운)",주식회사 프로원 휘트니스 응암점,126.909585699098,37.6051602850867,헬스장
3455,"서울특별시 동대문구 전농로 36, 답십리포레스트스퀘어 2층 203호 (답십리동)",베이스오브바디,127.057406070901,37.5680105003259,헬스장
3456,서울특별시 동대문구 경희대로 19-5 (회기동),101퍼센트짐,127.052221274697,37.5932669499256,헬스장
3457,"서울특별시 동대문구 전농로 104, 2층 (답십리동)",바디온도,127.057816372039,37.5742798746802,헬스장
3458,"서울특별시 동대문구 이문로 62, 지하1층 (휘경동)",동네 운동장,127.057881968224,37.5926259570167,헬스장
3459,"서울특별시 동대문구 서울시립대로 155, 면전빌딩 4층 (전농동)",트리플에이스튜디오,127.054048585999,37.5838665233281,헬스장
3460,"서울특별시 동대문구 무학로23길 8, 보금빌딩 지하1층 (용두동)",꿀핏휘트니스,127.030053518138,37.5726182309002,헬스장
3461,"서울특별시 동대문구 회기로 153, 지하1층 (회기동)",핏레이즈,127.053483705277,37.5912417657061,헬스장
3462,"서울특별시 동대문구 이문로 184, 지하1층 (이문동)",머슬걸,127.062285256594,37.6028323044113,헬스장
3463,"서울특별시 동대문구 한천로46길 42, 2층 (장안동)",휴메이크휘트니스 장안프리미엄점,127.070706551458,37.5814628804522,헬스장
3464,"서울특별시 중랑구 신내로 193, 엘리어트하우스 지하1층 B01호 (신내동)",코어스트롱 휘트니스,127.094437021597,37.6154746292954,헬스장
3465,"서울특별시 중랑구 용마산로 384, A동 201(일부),202,301호 (면목동, 이안애)",바디플레이스,127.095220563756,37.5858710589445,헬스장
3466,"서울특별시 중랑구 사가정로 371-1, 송학드림타워 제1동동 지하1층 (면목동)",크로스핏 레오,127.085993514286,37.5811372961788,헬스장
3467,"서울특별시 중랑구 신내역로1길 127-12, 2층 (신내동)",쑤핏,127.108584266377,37.617950898143,헬스장
3468,"서울특별시 중랑구 면목로 398, 8층 (면목동)",비버스 짐,127.088066640446,37.5874670452343,헬스장
3469,"서울특별시 중랑구 망우로 256, 타임스카이 지하1층 (상봉동)",크로스핏 라온3,127.081014467596,37.594950509413,헬스장
3470,"서울특별시 중랑구 신내로14길 10, 진유빌딩 2층 (신내동)",머시써짐,127.096127771013,37.6054853517217,헬스장
3471,"서울특별시 중랑구 용마산로 426, 광진빌딩 2층 (면목동)",READY FIT,127.097102815176,37.5894287157696,헬스장
3472,"서울특별시 중랑구 봉화산로 218, 지하2층 (신내동)",코어스트롱 중랑구청점,127.097061714442,37.6073860355769,헬스장
3473,"서울특별시 중랑구 망우로 353, C동 209호, 210호 (상봉동, 상봉 프레미어스 엠코)",온리엘,127.091624142481,37.5983328190955,헬스장
3474,"서울특별시 중랑구 겸재로 201, 2층 (면목동, 봄작시티 201)",센츄럴 바디 휘트니스,127.090057975264,37.5891503082831,헬스장
3475,"서울특별시 중랑구 망우로 192, 2층 (상봉동)",프리빗 PT 스튜디오,127.074144907488,37.5931925050475,헬스장
3476,"서울특별시 중랑구 면목로 456, 한성빌딩 2층 201호 (면목동)",비프로PT,127.086896875593,37.5925678878,헬스장
3477,"서울특별시 중랑구 동일로 938, 지하2층 201호 (묵동, 월등스카이뷰아파트)",런앤리프트,127.077134940011,37.6142077135304,헬스장
3478,"서울특별시 중랑구 상봉로 134, 지하 1층 (망우동, 삼부)",콤마짐 망우역점,127.093350939823,37.5979015131308,헬스장
3479,"서울특별시 중랑구 동일로129길 35, 지하1층 (중화동, 태능에셈빌)",뉴온리짐,127.077554696692,37.5992703826018,헬스장
3480,"서울특별시 중랑구 면목로39길 11, 카멜리아쇼핑센타 2층 (면목동)",GOTO 면목,127.086299055242,37.5795516849136,헬스장
3481,"서울특별시 중랑구 숙선옹주로 6-9, 101동 지하2층 (묵동, 묵동자이아파트1단지)",카인드짐 24시 휘트니스&스쿼시 먹골역점,127.077944822519,37.6149132859804,헬스장
3482,"서울특별시 중랑구 망우로30길 3, 안산빌딩 2층 (상봉동)",아크로짐 중랑역점,127.0747508051,37.5930806702101,헬스장
3483,"서울특별시 중랑구 신내로 71, 5층 (신내동)",커브스 신내클럽,127.095110195174,37.60554852465,헬스장
3484,"서울특별시 중랑구 신내로14길 13, 5층 (신내동)",피트니스 에스 핏,127.096079861027,37.6058331727345,헬스장
3485,"서울특별시 중랑구 동일로 851, 3층 (묵동)",바디캠프,127.078240495159,37.6064251434477,헬스장
3486,"서울특별시 중랑구 봉화산로 194, 신아타운 10층 (신내동)",스포웰짐,127.094707041869,37.6064526315197,헬스장
3487,"서울특별시 중랑구 면목로 487, 지하2층 B201호 (상봉동)",스포힐 휘트니스,127.085453248744,37.5953838194036,헬스장
3488,"서울특별시 중랑구 신내로 127, 지하1층 (신내동, 신내9단지신내아파트)",신내헬스,127.095651882252,37.6108674372868,헬스장
3489,"서울특별시 중랑구 면목로44길 28, 지하1층 (면목동, 아람플러스리빙)",사가정역점 스포애니 주)케이디스포츠,127.089807673098,37.5808876739048,헬스장
3490,"서울특별시 중랑구 겸재로49길 18, 신세대프라자 지하1층 (면목동)",올리브짐,127.090492713582,37.5898628407742,헬스장
3491,"서울특별시 중랑구 망우로 454, 3층 (망우동)",라이프 플러스 휘트니스,127.102691740967,37.60008667662,헬스장
3492,"서울특별시 중랑구 면목로37길 17, 세방사우나 4층 (면목동)",세방헬스클럽,127.085266960886,37.5790898647419,헬스장
3493,"서울특별시 중랑구 면목로 220, 6층 (면목동)",유코치의 바디스토리PT,127.084131848552,37.5725809054602,헬스장
3494,"서울특별시 중랑구 용마산로115길 108, 이안빌딩 지하1층 (망우동)",카인드짐 휘트니스 망우점,127.094140301694,37.5980674793635,헬스장
3495,"서울특별시 중랑구 용마산로 296-2, 4층 (면목동)",아모르 PT,127.091684066231,37.5787808796647,헬스장
3496,"서울특별시 중랑구 망우로 186, 2층 (상봉동)",굿모닝 휘트니스,127.073455686987,37.5929757068906,헬스장
3497,"서울특별시 중랑구 신내역로 165 (신내동, 신내우디안 2단지아파트 휘트니스센터)",(주)우원지에스(데시앙포레휘트니스),127.109631685269,37.6165826807685,헬스장
3498,"서울특별시 중랑구 동일로 937, 4층 (묵동)",팀키스짐(TEAM KIS GYM),127.076482000011,37.6140034339301,헬스장
3499,"서울특별시 중랑구 면목로48길 57, 4층 (면목동)",워너비짐,127.091853872122,37.5820926196482,헬스장
3500,"서울특별시 중랑구 용마산로 494, 4층 (망우동)",비바 휘트니스,127.100268095195,37.5949757275537,헬스장
3501,"서울특별시 중랑구 봉화산로56길 153, 대명프라자 4층 408호 (신내동)",운동창고,127.096785094457,37.6014843289566,헬스장
3502,"서울특별시 중랑구 중랑역로 51, 5층 (중화동)",히든 피트니스,127.076920088772,37.5983780061165,헬스장
3503,"서울특별시 중랑구 면목로 426, 3층 (면목동)",운동창고 PT- 면목점,127.087450444888,37.5899467638328,헬스장
3504,"서울특별시 중랑구 상봉로 39, MS빌딩 4층 (면목동)",고구마 휘트니스,127.093436153362,37.5894355494869,헬스장
3505,"서울특별시 중랑구 망우로60길 37, 3층 (망우동, 효성 써너스빌 에코)",팀키스 짐,127.094238280931,37.5971024399369,헬스장
3506,"서울특별시 중랑구 면목로39길 8, 한성빌딩 6층 (면목동)",시너지 짐,127.087172828376,37.5797629566103,헬스장
3507,"서울특별시 중랑구 망우로 328, 시네마시티 3층 (상봉동)",바디톡,127.088961999058,37.5967896562752,헬스장
3508,"서울특별시 중랑구 동일로 802, 대신빌딩 지하1층 (중화동)",카인드짐 휘트니스 중화역점,127.079714349109,37.6020848093367,헬스장
3509,"서울특별시 중랑구 봉화산로 61, 정신빌딩 3층 (중화동)",쉴드짐,127.081319137241,37.6017802609902,헬스장
3510,"서울특별시 중랑구 동일로 887, 삼삼메디컬빌딩 지하1층 (묵동)",애스톤 네이처 24 hour 휘트니스,127.077639279822,37.6095063836351,헬스장
3511,"서울특별시 중랑구 망우로 305, 6층 (상봉동)",커브스상봉클럽,127.086146411099,37.5969077925529,헬스장
3512,"서울특별시 중랑구 면목로 275-1, 2, 3층 (면목동)",트루짐,127.085678663525,37.5774751657917,헬스장
3513,"서울특별시 중랑구 면목로92길 28, 2층 (상봉동, 리더스)",운동자판기 GYM,127.087395464951,37.5952161643686,헬스장
3514,"서울특별시 중랑구 상봉중앙로 41, 2층 (상봉동, 해동 훼미리)",미라클 헬스,127.087200218088,37.6008163273836,헬스장
3515,"서울특별시 중랑구 동일로 608, 6층 (면목동)",짐프릭 면목점,127.080124841926,37.5846436762609,헬스장
3516,"서울특별시 중랑구 공릉로 8, 지하1층 (묵동, 대길빌딩)",엠크루짐,127.078073728968,37.6115670192576,헬스장
3517,"서울특별시 중랑구 봉화산로56길 123, 지층 (신내동, 중앙하이츠아파트)",아인스 코리아 헬스클럽,127.098903547774,37.6035495340772,헬스장
3518,"서울특별시 중랑구 망우로50길 24, 2층 201~206,209,210호 (상봉동, 봄작시티 24)",슈퍼짐프리미엄휘트니스,127.088874421113,37.5959888312639,헬스장
3519,"서울특별시 중랑구 용마산로 670, A동 114호 (망우동, 신내역 프라디움 더 테라스)",움직임의정석 PT전문센터,127.102489000658,37.6119441454331,헬스장
3520,"서울특별시 중랑구 면목로 490, 지하1층 (상봉동, 상봉타워)",BOBS GYM(밥스짐),127.086089016588,37.5956441042638,헬스장
3521,"서울특별시 중랑구 면목로 310, 지하1층 (면목동)",에이블짐,127.087950762615,37.5796278612169,헬스장
3522,"서울특별시 중랑구 면목로 491, 주함해븐타워 지하2층 (상봉동)",에이블짐 상봉역점,127.085343449345,37.5958131310758,헬스장
3523,"서울특별시 중랑구 동일로 767, 지하1층 (중화동)",크로스핏 러쉬,127.079656045146,37.5989139927406,헬스장
3524,"서울특별시 중랑구 면목로 275-1, 3층 (면목동)",트루짐,127.085678663525,37.5774751657917,헬스장
3525,"서울특별시 중랑구 상봉로 7, 서일타운 지하1층 (면목동)",바디메이트짐 2호점,127.09437858522,37.5864359367373,헬스장
3526,"서울특별시 중랑구 봉우재로14길 23, 거흥빌딩 4층 (면목동)",토니바디 휘트니스,127.078400885991,37.5895082116638,헬스장
3527,"서울특별시 중랑구 용마산로 328, 수연one 3층 (면목동)",마스터피스짐 3호,127.093572178923,37.5810577406108,헬스장
3528,"서울특별시 중랑구 용마산로 670, A동 2층 209~216호 (망우동, 신내역 프라디움 더 테라스)",파이어짐 신내역점,127.102489000658,37.6119441454331,헬스장
3529,"서울특별시 중랑구 용마산로 448, 까치유치원 2,3층 (망우동)",리얼타임 피트니스,127.098048924301,37.5911572976479,헬스장
3530,"서울특별시 중랑구 망우로 316, 이지팰리스 4층 402호 (상봉동)",HELIO GYM,127.087565034141,37.5965223858128,헬스장
3531,"서울특별시 중랑구 동일로 822, 3층 (중화동)",BODY EFFECT,127.079334580117,37.6039458801724,헬스장
3532,"서울특별시 중랑구 신내로14길 22, 삼영빌딩 3층 (신내동)",프리빗 PT 스튜디오 신내점,127.096694899779,37.6055553458152,헬스장
3533,"서울특별시 중랑구 동일로92길 57, 메디포레 2층 (면목동)",더바른핏,127.083196727099,37.5834835948977,헬스장
3534,"서울특별시 중랑구 상봉로 81, 청풍빌딩 2층 (면목동)",스트롱라인 면목점,127.093057465632,37.5932034361632,헬스장
3535,"서울특별시 중랑구 사가정로 373, 성윤빌딩 (면목동)",피트니스 에이치,127.086238234068,37.5810982848332,헬스장
3536,"서울특별시 중랑구 면목로 283, 우리은행 4, 5층 (면목동)",시너지 휘트니스,127.085731567122,37.5781978146372,헬스장
3537,"서울특별시 중랑구 망우로 463, 태광치과의원 3층 302호 (망우동)",저스트PT,127.103637419702,37.6006610422709,헬스장
3538,"서울특별시 중랑구 면목로 353, 경희솔한의원 3층 (면목동)",닥터바디짐,127.088222261077,37.5834834597696,헬스장
3539,"서울특별시 중랑구 면목로 469, 2층 (상봉동, 대성타워)",뉴페이스짐,127.085827969116,37.5938323106315,헬스장
3540,"서울특별시 중랑구 사가정로50길 30, 3층 (면목동)",랩 지피티짐,127.085914552064,37.5796130527547,헬스장
3541,"서울특별시 중랑구 공릉로2길 8-4, 지하1층 (묵동, 칼튼테라스)",에이블짐 먹골역점,127.078245490703,37.6118425179795,헬스장
3542,"서울특별시 중랑구 공릉로4길 4, 상가동 102호 (묵동, 묵동해오름아파트)",바디밸런스3.0 PT.필라테스,127.07819152988,37.6129850074314,헬스장
3543,"서울특별시 중랑구 동일로92길 25, 지하1층 (면목동)",토니바디PT,127.08137944946,37.5835402728123,헬스장
3544,"서울특별시 중랑구 중랑역로 62, 5층 (중화동)",퍼플피플,127.078105801132,37.59891376744,헬스장
3545,"서울특별시 중랑구 양원역로10길 3, 제이타워 7층 (망우동)",콤마짐,127.106339503555,37.6066433737247,헬스장
3546,"서울특별시 중랑구 공릉로 18, 3층 (묵동)",J-PT,127.078042411567,37.6124868594094,헬스장
3547,"서울특별시 중랑구 봉우재로33길 65, 4층 (상봉동)",코어핏 PT&필라테스,127.088876000881,37.5952225370413,헬스장
3548,"서울특별시 중랑구 면목로 266-1, 2층 (면목동)",토니바디PT 용마점,127.086042226764,37.5764421819337,헬스장
3549,"서울특별시 서대문구 모래내로 466, 2층 (홍제동)",마이스타,126.946425914819,37.5857468418376,헬스장
3550,"서울특별시 서대문구 통일로35길 14-4, B201호 (홍제동)",마카롱 PT,126.945849840406,37.5865491833974,헬스장
3551,"서울특별시 서대문구 통일로 530, 지층 (홍은동, 홍은동아더프라임)",영짐(YOUNG GYM),126.940648531492,37.5952001712329,헬스장
3552,"서울특별시 서대문구 응암로 112, 3층 (북가좌동)",뉴짐스 증산역점,126.913589367782,37.5824489279945,헬스장
3553,"서울특별시 서대문구 모래내로 221, 3층 (남가좌동)","Dear, Me P.T.",126.923698085645,37.574191167697,헬스장
3554,"서울특별시 서대문구 수색로 56, 성공타워1 B1~B5호 (북가좌동)",오버탑 휘트니스 가좌점,126.912242300278,37.5708154693004,헬스장
3555,"서울특별시 서대문구 증가로 150, DMC2차아이파크 상가동 3층 B115호 (남가좌동)",T.H STUDIO,126.92101916232,37.5780547612815,헬스장
3556,"서울특별시 서대문구 통일로 456, 3층 (홍제동)",익스트림 컴뱃,126.943847935844,37.5893344774486,헬스장
3557,"서울특별시 서대문구 명물길 74, 에스프리 지하1층,1층,2층 (창천동)",짐티피 연대이대 3호점,126.940284342483,37.5588057675887,헬스장
3558,"서울특별시 서대문구 연희맛로 27, 4층 (연희동)",연희 피티＆필라테스,126.930316757969,37.5676349345055,헬스장
3559,"서울특별시 서대문구 성산로 565, 연세대학교 대신빌딩 1층 (대신동)",MCT GYM 신촌,126.946341059136,37.5664179509332,헬스장
3560,"서울특별시 서대문구 연희맛로 22, 2층 (연희동, 삼원빌딩)",연희 피티 앤 피트니스,126.93014671786,37.5669355712865,헬스장
3561,"서울특별시 서대문구 신촌로 119, 신영스카이텔 501호 (창천동)",당근짐 PT 신촌점,126.939018667005,37.5561685325554,헬스장
3562,서울특별시 서대문구 거북골로 33 (남가좌동),새로피티,126.92408384416,37.5794643946748,헬스장
3563,"서울특별시 서대문구 연희로 30, 일광빌딩 지층 (창천동)",SPERO GYM,126.927205409823,37.5614006870569,헬스장
3564,"서울특별시 서대문구 증가로 133, 우리은행 3층 (남가좌동)",Fitness W (피트니스 더블유),126.922548600139,37.5772858752541,헬스장
3565,"서울특별시 서대문구 응암로 113, 3층 (북가좌동)",OPgym,126.913197528872,37.5827454276762,헬스장
3566,"서울특별시 서대문구 증가로10길 50, 지층 (남가좌동)",씰피티클럽,126.924770304995,37.5791692180812,헬스장
3567,"서울특별시 서대문구 거북골로 34, 명지대학교 MCC관 2층 (남가좌동)",주) 건강과땀 휘트니스 명지대,126.921348530876,37.5803770223812,헬스장
3568,"서울특별시 서대문구 통일로 339, B301호 (홍제동, 서대문푸르지오센트럴파크아파트)",1986 피트니스 무악재점,126.950300428316,37.5816007242803,헬스장
3569,"서울특별시 서대문구 연희로 185, 한영빌딩 지하1층 (연희동)",셀프메이드짐 2,126.935310138177,37.5736111039047,헬스장
3570,"서울특별시 서대문구 연희로 107-1, 지하 1층 (연희동)",아지트(Hide out),126.931274542954,37.5676826180132,헬스장
3571,"서울특별시 서대문구 거북골로 13, 3층 (홍은동)",ONDAGYM(온다짐),126.925845653146,37.58067969364,헬스장
3572,"서울특별시 서대문구 명지대길 91, 지층 (남가좌동)",프리원핏 명지대점,126.923088740568,37.5839673661166,헬스장
3573,"서울특별시 서대문구 가재울로 43, 현대아파트 지층 (남가좌동)",피트니스엑스,126.921452672994,37.5748922004571,헬스장
3574,"서울특별시 서대문구 가좌로 84, 4층 (홍은동)",바나나휘트니스,126.928175608675,37.5806146409632,헬스장
3575,"서울특별시 서대문구 증가로 191 (남가좌동, 삼성아파트)",삼성골드헬스,126.917392296871,37.5784968293823,헬스장
3576,"서울특별시 서대문구 통일로 422, 2층 (홍제동)",더 짐(The Gym),126.946437152597,37.5871283392005,헬스장
3577,"서울특별시 서대문구 수색로 18, 지하1층 (남가좌동, 영보웨딩부페)",스퀘어짐,126.916604435974,37.5689948368822,헬스장
3578,"서울특별시 서대문구 통일로 472, 4층 (홍제동, 효신빌딩)",스타칼리 휘트니스,126.942726231995,37.590500092777,헬스장
3579,"서울특별시 서대문구 북아현로 2, 4층 (북아현동)",커브스 아현클럽,126.95640554115,37.5577252269488,헬스장
3580,서울특별시 서대문구 신촌로37길 20 (북아현동),247휘트니스 엔 필라테스,126.957549711959,37.5578073643103,헬스장
3581,"서울특별시 서대문구 연희로 81-21, 6층 (연희동, 정암빌딩)",SU FITNESS,126.928937977566,37.5658386083361,헬스장
3582,"서울특별시 서대문구 독립문공원길 13, 상가동 지층 (현저동)",준일 극동 휘트니스,126.95831483956,37.5719339049306,헬스장
3583,"서울특별시 서대문구 홍제원길 15-6, 102호 (홍제동, 목련빌라)",제이피티샵 홍제점,126.947637529124,37.5871221203528,헬스장
3584,"서울특별시 서대문구 증가로 140, 5층 (남가좌동)",월드휘트니스,126.922019457485,37.5777354833302,헬스장
3585,"서울특별시 서대문구 증가로 246 (북가좌동, 성은빌딩)",성은헬스,126.912685857624,37.5830827425525,헬스장
3586,서울특별시 서대문구 응암로 54 (북가좌동),더짐휘트니스,126.910204528429,37.5778922395463,헬스장
3587,"서울특별시 서대문구 독립문로 10, 3층 (영천동, 삼호아파트)",더루트짐&골프 독립문삼호점,126.958195607419,37.5693625124039,헬스장
3588,서울특별시 서대문구 수색로 145 (북가좌동),명품헬스,126.904567014647,37.575244840592,헬스장
3589,"서울특별시 서대문구 통일로 397, B309호 (홍제동, 인왕산 한신휴플러스)",잇바디 휘트니스 홍제점,126.947398082336,37.5851683009936,헬스장
3590,"서울특별시 서대문구 경기대로 68, 동신빌딩 2,3층 (충정로2가)",VIP 휘트니스,126.96433722518,37.564790622129,헬스장
3591,서울특별시 서대문구 홍은중앙로 115 (홍은동),킹스짐,126.948758363146,37.600746146783,헬스장
3592,서울특별시 서대문구 연희로 82 (연희동),스타칼리 휘트니스,126.930207636674,37.5652132636554,헬스장
3593,서울특별시 서대문구 연희맛로 27 (연희동),제프웰니스센터,126.930316757969,37.5676349345055,헬스장
3594,"서울특별시 서대문구 통일로39가길 30, 5층 (홍제동, 해명빌딩)",커브스홍제클럽,126.942840822033,37.5893092167582,헬스장
3595,서울특별시 서대문구 증가로25길 33 (북가좌동),헬스보이,126.912537687336,37.5808326723478,헬스장
3596,"서울특별시 서대문구 가좌로 79, 2층 (홍은동, 송학빌딩)",고미짐,126.928012415836,37.5800840364942,헬스장
3597,"서울특별시 서대문구 성산로 527, 하늬솔빌딩 503호 (대신동)",리두컴퍼니,126.944090214952,37.5637750959193,헬스장
3598,"서울특별시 서대문구 연희로27길 106, 지하1층 (연희동)",SOMA FITNESS,126.93172844257,37.570162600957,헬스장
3599,"서울특별시 서대문구 신촌로 13, 지하2층 (창천동, 아륭빌딩)",클라우드 짐,126.928532956302,37.5584060442027,헬스장
3600,"서울특별시 서대문구 연세로5다길 22-3, 지하층 (창천동)",크로스핏 스팀펑크 신촌,126.93429944859,37.5567649839046,헬스장
3601,"서울특별시 서대문구 충정로 36, 지하1층 (충정로3가)",파크짐,126.964488428517,37.5619610885508,헬스장
3602,"서울특별시 서대문구 수색로 56, 608호 (북가좌동, 성공타워1)",M-BASE,126.912242300278,37.5708154693004,헬스장
3603,"서울특별시 서대문구 연세로4길 19, 4층 (창천동)",하이핏,126.937809863398,37.557379112725,헬스장
3604,"서울특별시 서대문구 수색로 56, 성공타워1 505호 (북가좌동)",커브스 가재울 클럽,126.912242300278,37.5708154693004,헬스장
3605,"서울특별시 서대문구 통일로 413, 연세24시사우나 7층 (홍제동)",스타칼리 휘트니스,126.946438736626,37.5861817569167,헬스장
3606,"서울특별시 서대문구 통일로 189, 3층 (영천동)",주 PT GYM,126.96198807806,37.5702428956205,헬스장
3607,"서울특별시 서대문구 연희로 181, 지하1층 (연희동)",운동하기 좋은날,126.935304157548,37.5731965529431,헬스장
3608,"서울특별시 서대문구 통일로 430, 3층 (홍제동)",짐굿라이프 홍제점,126.945837802224,37.5876937989938,헬스장
3609,"서울특별시 서대문구 신촌로 155, 해암빌딩 5층 (대현동)",(주)바디채널 신촌이대역점,126.943246389013,37.5569438763223,헬스장
3610,"서울특별시 서대문구 연희로 36, 201호 (연희동)",헬로바디 피트니스,126.927501079858,37.5618289324287,헬스장
3611,"서울특별시 서대문구 연세로4길 1, 4층 (창천동)",빌드업 짐,126.93713955228,37.5570716978985,헬스장
3612,"서울특별시 서대문구 연희로 107-1, 지하 1층 (연희동)",DAYSTAR PLAYGROUND,126.931274542954,37.5676826180132,헬스장
3613,"서울특별시 서대문구 연희맛로 10, 2층 (연희동)",리커버리PT스튜디오,126.929041329438,37.5660664422523,헬스장
3614,"서울특별시 서대문구 응암로 115, 2층 (북가좌동)",STILL WE GO(스틸위고),126.913331122011,37.5829408611608,헬스장
3615,"서울특별시 서대문구 신촌역로 7, 신촌푸르지오시티 306, 307호 (대현동)",GymSH 퍼스널트레이닝,126.942500021232,37.5573527481625,헬스장
3616,"서울특별시 서대문구 연희맛로 28, 연희프라자 3층 (연희동)",짐라이트 연희/연세대점,126.930520718584,37.5672811436291,헬스장
3617,"서울특별시 서대문구 수색로2길 39, 2층 204호 (남가좌동, DMC금호리첸시아)",머슬비트(MUSCLE BEAT),126.915904667901,37.5713138623931,헬스장
3618,"서울특별시 서대문구 통일로 360, 보하빌딩 6층 (홍제동)",피티루트 무악재점,126.950522459088,37.5825965955469,헬스장
3619,"서울특별시 서대문구 신촌역로 13, 세오빌딩 3층 (대현동)",좋은습관 PT studio 신촌,126.94256824987,37.5578167949284,헬스장
3620,"서울특별시 서대문구 통일로 177, 4층 (옥천동)",아벨라 PT&필라테스,126.962768499403,37.5694603595248,헬스장
3621,"서울특별시 서대문구 홍은중앙로 89, 우리은행 4층 (홍은동)",노블핏짐,126.947351976886,37.5990276988425,헬스장
3622,"서울특별시 서대문구 통일로 358, 4층 (홍제동)",피티스튜디오 빛,126.950663254684,37.5823188782038,헬스장
3623,"서울특별시 서대문구 통일로 383, 2층 (홍제동)",짐굿라이프 홍제 무악재점,126.948688074536,37.5842039953121,헬스장
3624,"서울특별시 서대문구 신촌로 231, 백상빌딩 지하1층 8호 (북아현동)",운동하는날,126.951588932214,37.5574231380096,헬스장
3625,"서울특별시 서대문구 거북골로 55, 3층 (남가좌동)",M2 PT SHOP (엠투피티샵),126.922231876932,37.5782383781011,헬스장
3626,"서울특별시 서대문구 연희로25길 18, 지층 1호 (연희동, 대화빌딩)",짐티피 연희5호점,126.934281451132,37.5726160176812,헬스장
3627,"서울특별시 서대문구 응암로 108, 지하1층 (북가좌동)",3Y짐,126.913332740803,37.5821304189353,헬스장
3628,"서울특별시 서대문구 연희로 286, 연희127빌딩 2층 (홍은동)",주식회사 이태원짐 서대문구청점,126.936480812417,37.5825972630148,헬스장
3629,"서울특별시 서대문구 응암로 79, 문화빌딩 201호 (북가좌동)",3Y짐,126.911189682461,37.5802546696289,헬스장
3630,"서울특별시 서대문구 명물길 10, 지층 (창천동)",신인규 PT studio,126.937519988046,37.5574161708704,헬스장
3631,서울특별시 서대문구 연희로 89-8 (연희동),피트니스 소마,126.92998806115,37.5664126294707,헬스장
3632,"서울특별시 서대문구 이화여대5길 35, 영타운 지웰 에스테이트 지하1층 109호 (대현동)",링크짐,126.943762709377,37.5581310070038,헬스장
3633,"서울특별시 서대문구 통일로 484, 유진상가 275,276,277호 (홍제동)",매직짐,126.943075962755,37.5915743346223,헬스장
3634,"서울특별시 서대문구 통일로 107-13, 지하1층 (미근동)",겟투잇(Get to it),126.967286479534,37.5644375648557,헬스장
3635,"서울특별시 서대문구 이화여대2길 10, 3층 (대현동)",오늘부터 핏,126.946482747826,37.5572756031078,헬스장
3636,"서울특별시 서대문구 연희맛로 32, 지하1층 (연희동)",플렉스피티,126.930794394912,37.5675475485859,헬스장
3637,"서울특별시 서대문구 명지대길 103, 7층 (남가좌동)",짐라이트,126.922858586697,37.5846108853475,헬스장
3638,"서울특별시 서대문구 이화여대길 59, 메르체쇼핑몰 지층 (대현동)",짐 코리아,126.945159029873,37.5589881516307,헬스장
3639,"서울특별시 서대문구 성산로 527, 하늬솔빌딩 302호 (대신동)",주식회사 두,126.944090214952,37.5637750959193,헬스장
3640,"서울특별시 서대문구 통일로 203-1, 4층 (영천동)",하이브 PT,126.960853871748,37.5712956983234,헬스장
3641,"서울특별시 서대문구 수색로 144, 국제빌딩 5층 (북가좌동)",GYM THE BLACK,126.905244332721,37.5753161142479,헬스장
3642,"서울특별시 서대문구 신촌역로 15, 201호 (대현동)",김수민 PT STUDIO,126.942535790205,37.558082753492,헬스장
3643,"서울특별시 서대문구 통일로 177, 3층 (옥천동)",아벨라 짐,126.962768499403,37.5694603595248,헬스장
3644,"서울특별시 서대문구 명지대길 103, 1층 (남가좌동)",크로스핏 에볼루션,126.922858586697,37.5846108853475,헬스장
3645,"서울특별시 서대문구 신촌로 225, 지하1층 (북아현동)",더뉴짐,126.951037135129,37.5573456049078,헬스장
3646,"서울특별시 중랑구 면목로 368, 지층 (면목동)",불독짐,127.088550929868,37.5848245219132,헬스장
3647,"서울특별시 성북구 보문로 124, 지하1층 (보문동1가)",트러스트짐,127.01920207553,37.5861234210272,헬스장
3648,"서울특별시 성북구 성북로 5-1, 산빌딩 3층 (성북동1가)",라몬 GYM,127.005319480974,37.5887794579466,헬스장
3649,서울특별시 성북구 안암로9가길 10 (안암동4가),스마일 보이짐,127.025082692468,37.5806688754834,헬스장
3650,"서울특별시 성북구 보문로21가길 11, 103호 (보문동6가)",새러데이 PT STUDIO,127.018484548679,37.5822456606813,헬스장
3651,"서울특별시 성북구 보국문로 40-3, 지층 (정릉동)",건강한 정릉,127.010218295973,37.6083631669275,헬스장
3652,"서울특별시 성북구 보국문로 33, 401호 (정릉동)",런앤핏 헬스&PT,127.010124841427,37.6073770418433,헬스장
3653,"서울특별시 성북구 삼선교로14길 32, 지층 (삼선동2가)",프리원핏 한성대점,127.010158048096,37.5867281209395,헬스장
3654,"서울특별시 성북구 아리랑로4길 8, 2층 (동선동4가)",안핏 여성전용피티&그룹운동,127.016621618562,37.5944870033424,헬스장
3655,"서울특별시 성북구 서경로 24, 상익빌딩 201호 (정릉동)",포무브,127.015058120303,37.6058012249129,헬스장
3656,"서울특별시 성북구 아리랑로 19, 서울빌딩 2층 (동소문동6가)",엠에프짐(MF GYM),127.015886405065,37.5945097194796,헬스장
3657,"서울특별시 성북구 서경로11길 6, A동 2, 3층 (정릉동)",디파인더 바디 피트니스,127.015187001238,37.6086004933525,헬스장
3658,"서울특별시 성북구 오패산로 45 (하월곡동,3층)",멋GYM휘트니스(성북월곡점),127.03663965165,37.606048234599,헬스장
3659,"서울특별시 성북구 보문로 94, 7층 (보문동4가, 화성빌딩)",BM 휘트니스클럽,127.020603298681,37.583713478664,헬스장
3660,"서울특별시 성북구 개운사길 18  (안암동5가,청평빌딩 3,4층)",플러스 휘트니스클럽,127.029463467677,37.5871292464272,헬스장
3661,"서울특별시 성북구 화랑로7길 32, 월곡송림건강랜드 (하월곡동)",월곡건강랜드,127.040147324758,37.603696320411,헬스장
3662,서울특별시 성북구 화랑로33길 39  (장위동),청마스포츠클럽,127.054534551063,37.6118494600588,헬스장
3663,"서울특별시 성북구 성북로 18, 3층 (성북동)",바른운동센터,127.004923264707,37.5897975966249,헬스장
3664,"서울특별시 성북구 종암로19길 17, 3층 301호 (종암동, 양지빌딩)",바디어필,127.033758067444,37.5981642561732,헬스장
3665,"서울특별시 성북구 화랑로 77, 그린빌딩 B1층 (하월곡동)",1% 퍼스널 트레이닝,127.040891050055,37.6025209935325,헬스장
3666,"서울특별시 성북구 보문로34길 35, 3층 (동선동1가)",더블와이짐 PT&헬스 성신여대점,127.017277149111,37.5906892281302,헬스장
3667,"서울특별시 성북구 동소문로 43, 흥화브라운 동소문빌딩 지하1층 101호 (동소문동4가)",백퍼센트짐 3호점,127.010147934769,37.5906277076958,헬스장
3668,"서울특별시 성북구 종암로 129 (종암동,청한상가 2층)",스포벡휘트니스 종암1호점,127.032727558227,37.6014264034926,헬스장
3669,"서울특별시 성북구 북악산로 1059  (종암동,3층,4층)",이엑스 휘트니스,127.035624995392,37.5926439632832,헬스장
3670,"서울특별시 성북구 삼양로 22 (길음동,(지하2층))",휘트니스인앤필라테스인,127.024902655048,37.6053814989043,헬스장
3671,"서울특별시 성북구 정릉로 250  (정릉동,정릉빌딩 5층)",비타민 휘트니스클럽,127.011370819691,37.6042686933031,헬스장
3672,서울특별시 성북구 한천로76다길 43 (석관동),블랙멀티짐,127.065025795604,37.6129884914462,헬스장
3673,"서울특별시 성북구 보국문로 164, 202호 (정릉동)",ICWC 벨로드롬,127.003232515252,37.6170029672632,헬스장
3674,"서울특별시 성북구 보문로30길 71, 패션빌딩 지하1층 (동선동2가)",체대입시FA,127.019569294105,37.5906268820981,헬스장
3675,"서울특별시 성북구 서경로11길 6, 3층 (정릉동)",파워라인 휘트니스 클럽,127.015187001238,37.6086004933525,헬스장
3676,"서울특별시 성북구 화랑로 280, 5층 (석관동)",아크로짐 돌곶이점 24시 휘트니스,127.060201606935,37.612321256006,헬스장
3677,"서울특별시 성북구 길음로 20, 상가동 4층 409~412호 (길음동, 길음뉴타운 래미안6단지)",커브스 길음클럽,127.02302105616,37.6047525393951,헬스장
3678,"서울특별시 성북구 동소문로 10, 4층 가1호, 나호 (동소문동2가, 카프리빌딩)",H.M.A.C (HUMAN MOVEMENT ACTIVATION CENTER),127.007333614721,37.5887327686781,헬스장
3679,서울특별시 성북구 돌곶이로25길 76  (장위동),월드헬스클럽,127.052718513823,37.6096980926802,헬스장
3680,"서울특별시 성북구 보문로34길 69, 201호 (동선동1가,창천빌딩)",업타운 휘트니스,127.019058020825,37.59129865544,헬스장
3681,"서울특별시 성북구 종암로 83  (종암동,4층)",스마일 헬스,127.034739947062,37.5976614885114,헬스장
3682,"서울특별시 성북구 아리랑로 9, 2층 201호 (동소문동6가, 산맥프라자)",오라쁘띠휘트니스센터,127.015978183574,37.5937320611385,헬스장
3683,"서울특별시 성북구 동소문로 229, 4층 (길음동, 동궁빌딩)",블랙멀티짐,127.022225104926,37.6027006866987,헬스장
3684,"서울특별시 성북구 화랑로 248, 15층 1501,1502,1503호 (석관동, 장위뉴타워)",무브짐 앤 무브맥스PT 돌곶이점,127.056884690294,37.6103886583338,헬스장
3685,"서울특별시 성북구 종암로 113, 3층 (종암동)",커브스 종암클럽,127.033676640345,37.6001542980723,헬스장
3686,"서울특별시 성북구 종암로 123, 지하2층 (종암동)",스포벡휘트니스 종암2호점,127.033161209581,37.6010153406314,헬스장
3687,"서울특별시 성북구 한천로 509 (석관동,코오롱아파트상가(지하))",힙짐 헬스&PT 석관점,127.065740168378,37.606985165364,헬스장
3688,"서울특별시 성북구 동소문로 248 (길음동,삼부(아) 105동 제2층 2,3,4호)",JM휘트니스클럽,127.024541211803,37.6034576002933,헬스장
3689,서울특별시 성북구 길음로7길 36-12  (길음동),서울레저프라자(주),127.02198306387,37.6033456609214,헬스장
3690,서울특별시 성북구 돌곶이로22가길 27  (석관동),동호헬스,127.060316573105,37.6089651932126,헬스장
3691,"서울특별시 성북구 보국문로 91  (정릉동,지하1층)",오렌지휘트니스,127.007767006217,37.6124187963609,헬스장
3692,"서울특별시 성북구 종암로 37 (종암동,지1층,지2층)",플러스 휘트니스 클럽,127.035753623771,37.5935896054212,헬스장
3693,"서울특별시 성북구 동소문로 190, 지하2층 (돈암동)",아크로짐 헬스PT&골프 돈암점,127.022090691445,37.5988985312292,헬스장
3694,"서울특별시 성북구 장월로1길 106, 4층 (하월곡동)",워너비 짐,127.043064543733,37.6046639464803,헬스장
3695,"서울특별시 성북구 동소문로 48 (동소문동3가,동도빌딩B1)",백퍼센트짐,127.011010678624,37.5903365197632,헬스장
3696,서울특별시 성북구 동소문로 86-15 (동소문동5가),돈암헬스,127.01531217574,37.5916129262739,헬스장
3697,"서울특별시 성북구 동소문로 118 (동선동1가,플라밍스타워B2)",올리브짐,127.018175678094,37.5933260265911,헬스장
3698,서울특별시 성북구 동소문로 18-1  (동소문동2가),챠밍여성헬스,127.008289042894,37.5891500451849,헬스장
3699,서울특별시 성북구 동소문로 260  (하월곡동),동아헬스클럽,127.025843986066,37.6040883757593,헬스장
3700,서울특별시 성북구 장위로 52  (장위동),한스남여헬스타운,127.042434138115,37.6139134611221,헬스장
3701,"서울특별시 성북구 성북로4길 52, 418동 2303호 (돈암동, 한신한진아파트)",암스트롱,127.012706037821,37.5944725333435,헬스장
3702,"서울특별시 성북구 성북로4길 52, 스포츠센터동 지하2층 5301호 (돈암동, 한신한진아파트)",에이블짐 돈암점,127.012706037821,37.5944725333435,헬스장
3703,"서울특별시 성북구 북악산로 809, 정릉우성스카이상가 지하1층 (정릉동)",스타짐 정릉,127.014471992987,37.6008116138803,헬스장
3704,"서울특별시 성북구 동소문로20가길 62, 대은빌딩 (동선동1가)",크로스에듀테크(주),127.019387275479,37.5938740873056,헬스장
3705,서울특별시 성북구 동소문로 295 (길음동),탐휘트니스 길음,127.027680937222,37.6067620073423,헬스장
3706,"서울특별시 성북구 고려대로 102, 지하 1층 (안암동5가)",거츠 트레이닝 센터,127.030553049203,37.5861506714034,헬스장
3707,"서울특별시 성북구 고려대로24길 42, 방주빌딩 5층 (안암동5가)",조인성퍼스널트레이닝No.4,127.029263584786,37.5844055042855,헬스장
3708,"서울특별시 성북구 성북로6길 26, 지하 1층 (성북동)",무브웰 성북 PT,127.004633903092,37.5904811912251,헬스장
3709,"서울특별시 성북구 돌곶이로23길 3, 삼형빌딩 3층 (석관동)",짐욱,127.057600910846,37.6099301579426,헬스장
3710,"서울특별시 성북구 삼선교로 18, 2층 (삼선동1가)",봄핏 바른체형운동&PT,127.007870954774,37.58746945228,헬스장
3711,"서울특별시 성북구 동소문로 248, 지하1층 (길음동, 길음삼부컨버니언아파트)",크로스핏 앤츠,127.024541211803,37.6034576002933,헬스장
3712,"서울특별시 성북구 보문로30길 76, 동선동 우리집 지하1층 (동선동2가)",바디메이킹 PT 필라테스,127.020027816429,37.5908798939048,헬스장
3713,"서울특별시 성북구 보국문로 50, 청수프라자 4층 402,403호 (정릉동)",솜솜 스포츠,127.01008574376,37.6088639482975,헬스장
3714,"서울특별시 성북구 월계로40길 7, 센트럴타운 506,507호 (장위동)",커브스 월계클럽,127.048309344122,37.6229729783825,헬스장
3715,"서울특별시 성북구 보국문로 77, 3층 (정릉동)",슬림라인 휘트니스,127.008614267602,37.6111423965072,헬스장
3716,"서울특별시 성북구 동소문로 106, 유타 4~5층 (동선동1가)",유타짐,127.017088831326,37.5925747617089,헬스장
3717,"서울특별시 성북구 고려대로22길 5, B01호 (안암동5가)",닥터스트렝스,127.028968108615,37.5859196960195,헬스장
3718,"서울특별시 성북구 오패산로 98, 로만플라자 지하2층 b205,206호 (하월곡동)",GYM-H,127.035639686915,37.6108634286384,헬스장
3719,"서울특별시 성북구 고려대로7길 48, 삶과함께빌딩 3층 (안암동1가)",바카티오PT 성북천점,127.020159306903,37.5880671533694,헬스장
3720,"서울특별시 성북구 고려대로26길 49, B01호 (안암동5가)",샤크짐2호점,127.030215687855,37.5839932402134,헬스장
3721,"서울특별시 성북구 화랑로 254, 대성프라자 4층 (석관동)",업타운 휘트니스 돌곶이점,127.057612362235,37.6108273573205,헬스장
3722,"서울특별시 성북구 돌곶이로 217, 2층 (장위동)",핏플랜,127.045900220492,37.6185880226841,헬스장
3723,"서울특별시 성북구 동소문로 98, 메디컬센터빌 1층, 지하2층 (동소문동5가)",짐박스피트니스 성신여대점,127.01617250792,37.5922520653915,헬스장
3724,"서울특별시 마포구 동교로 207, 현우빌딩 2층 (동교동)",우리짐 홍대점,126.923217592056,37.5585958809292,헬스장
3725,"서울특별시 마포구 신촌로 12, 동우빌딩 지하1층 (동교동)",주식회사 홀리핏(Holyfit) 홍대점,126.927692125953,37.5580882011019,헬스장
3726,"서울특별시 마포구 매봉산로 80, PARK M 10층 (상암동)",짐박스피트니스상암DMC점,126.894284759249,37.5785297541285,헬스장
3727,"서울특별시 마포구 고산2길 6, 지하1층 (노고산동)",힘듦,126.937895380721,37.553204475774,헬스장
3728,"서울특별시 마포구 와우산로13길 6, 지1층 (서교동)",투알짐코퍼레이션,126.922668185082,37.5498732347229,헬스장
3729,"서울특별시 마포구 성암로15길 28, 반석빌딩 2층 (상암동)",해봄PT,126.896025006452,37.5776268821727,헬스장
3730,"서울특별시 마포구 월드컵로 93, 에스케이빌딩 4층 (망원동)",킵(KEEP),126.908890200137,37.5570685955488,헬스장
3731,"서울특별시 마포구 월드컵북로16길 11, 대신마포빌딩 3층 (성산동)",바디앤짐성산점,126.91494252079,37.5630250047226,헬스장
3732,"서울특별시 마포구 독막로 320, 마포 태영 데시앙 지1층 B107,B111,B112,B113호 (도화동)",에이원짐 마포역점,126.94787346379,37.5429644969765,헬스장
3733,"서울특별시 마포구 신촌로 264, 2층 (아현동)",건강해GYM,126.955006155616,37.5570848137034,헬스장
3734,"서울특별시 마포구 만리재로 115, 6층 (공덕동)",당근짐PT공덕애오개점,126.96064264572,37.5504243083986,헬스장
3735,"서울특별시 마포구 마포대로 130, 지하1층 (공덕동, 별정우체국연합회빌딩)",주식회사 엠휘트니스7,126.952989325371,37.5459729185296,헬스장
3736,"서울특별시 마포구 월드컵로 61, 지하1층 (망원동)",셀프메이드짐(SELFMADE GYM),126.911063893831,37.5546544088203,헬스장
3737,"서울특별시 마포구 마포대로 173-14, 마포 센텀 슬로우스퀘어 3층 (아현동)",Playground,126.953625787034,37.55099812968,헬스장
3738,"서울특별시 마포구 양화로 56, 동양한강트레벨 지하1층 B101,102,102-1,103,103-1,104호 (서교동)",바벨피트니스,126.915047112265,37.5497581659117,헬스장
3739,"서울특별시 마포구 독막로 42, 지하1층 (합정동)",로얄짐 2호점,126.917910400658,37.5478025919408,헬스장
3740,"서울특별시 마포구 만리재로 133, 아힐타워(A-HILL TOWER) 2층 201호 (아현동)",에이티에잇 짐,126.962122449453,37.5516706026731,헬스장
3741,"서울특별시 마포구 마포대로 63-8, 삼창주택 지하1층 (도화동)",스포하이 마포점,126.947815114643,37.5422597994869,헬스장
3742,"서울특별시 마포구 창전로 66, 지하1층 (신수동)",나만의짐 프라이빗 대관/PT 서강대점,126.932918259254,37.5483026653971,헬스장
3743,"서울특별시 마포구 월드컵로 80, 서교양경회관 4층 (서교동)",휘트니스피플 우먼 망원역점,126.91044570472,37.5562034768287,헬스장
3744,"서울특별시 마포구 양화로 77, 송원빌딩 지하1층 (서교동)",로얄짐 1호점,126.91636341214,37.5517112081206,헬스장
3745,"서울특별시 마포구 매봉산로 31, S-PLEX CENTER 지하2층 (상암동)",온더피트니스,126.889972593033,37.5757269662412,헬스장
3746,"서울특별시 마포구 성지길 9, 무림빌딩 2층 (합정동)",근육발전소,126.913620287702,37.5482270553206,헬스장
3747,"서울특별시 마포구 백범로20길 24-5, 상수라이크 3층 (대흥동)",프로핏 1:1피티 스튜디오,126.943811380412,37.5459144876248,헬스장
3748,"서울특별시 마포구 독막로 291-5, 3층 (염리동)",핏인라이프,126.94576283089,37.5450994553299,헬스장
3749,"서울특별시 마포구 성암로13길 25, 지하2층  B201호 (상암동, 태림펜트윈)",크로스핏헬퍼2호점 DMC상암점,126.896967436871,37.5769817859429,헬스장
3750,"서울특별시 마포구 동교로12길 38, JH빌딩 지하1층 (서교동)",플루언트(FLUENT) 운동센터,126.912565320478,37.5525471956772,헬스장
3751,"서울특별시 마포구 백범로 124, 지1층 (염리동)",여성전용헬스장PT(메디컬필라테스마마3호점),126.944574806891,37.5464497715049,헬스장
3752,"서울특별시 마포구 백범로 13, 신촌르·메이에르타운(Ⅱ) 제비층 101호,110호,112호,113호,120호 (노고산동)",팀에이팩스,126.937479181431,37.5534277936917,헬스장
3753,"서울특별시 마포구 독막로 91, 4층 (상수동)",윰 신체발전소,126.923594707666,37.5479478636255,헬스장
3754,"서울특별시 마포구 토정로 266, 테라스 494 2층 (용강동)",피트니스랩 용강점,126.939330510819,37.5425660493917,헬스장
3755,"서울특별시 마포구 월드컵로 200, sj 라벨라 B1, B2층 (성산동)",더 짐 프리미엄(THE GYM PREMIUM) 마포구청역점,126.902554646241,37.5649569864623,헬스장
3756,"서울특별시 마포구 양화로 58, 명지한강빌드웰 2층 1호,2호,3호,4호 (서교동)",로마짐 합정,126.915422795699,37.5500793711751,헬스장
3757,"서울특별시 마포구 성미산로1길 61, 지하1층 (성산동)",크로스핏 헬퍼,126.906760271204,37.5603978279604,헬스장
3758,"서울특별시 마포구 월드컵북로 396, 누리꿈스퀘어 지1층 B1057-2~B1057-6호 (상암동)",에프45(F45)상암,126.889782954548,37.5794283422818,헬스장
3759,"서울특별시 마포구 서강로 37-4, 2층 (창전동)",이한갈 PT & 필라테스,126.930640924884,37.5467705529113,헬스장
3760,"서울특별시 마포구 월드컵북로 236, 지하1층 (중동)",더짐(THE GYM),126.903428235454,37.5703001567881,헬스장
3761,"서울특별시 마포구 독막로 10, 지하1층 B101호일부 (합정동)",합정역점 스포애니 (주)케이디헬스케어,126.914498578681,37.5484914168057,헬스장
3762,"서울특별시 마포구 큰우물로 64, 3층 (용강동)",모멘텀(MMT FITNESS),126.944995297191,37.5415366387988,헬스장
3763,"서울특별시 마포구 백범로 8, 우정마샹스 오피스텔 지2층 B203호 (노고산동)",더유,126.936731657301,37.5540039439813,헬스장
3764,"서울특별시 마포구 토정로37길 41, 하나프라자 3층 일부호 (염리동)",턴온피트니스,126.946717429866,37.5427136833578,헬스장
3765,"서울특별시 마포구 양화로6길 60, 3층 (합정동)",LIFE TIME PT (라이프타임피티),126.917403965922,37.548552950744,헬스장
3766,"서울특별시 마포구 월드컵로 73, 지하1층 (망원동)",어라운드짐 망원역점,126.910357684549,37.5554229661709,헬스장
3767,"서울특별시 마포구 마포대로 214, 샵 지1층 B01,B02,B03호 (아현동)",뉴짐스 애오개역점,126.957187094719,37.5528589545742,헬스장
3768,"서울특별시 마포구 창전로 37, 서강한산빌딩 5층 (창전동)",일레븐피티 마포점,126.93187119818,37.5459052290248,헬스장
3769,"서울특별시 마포구 월드컵북로 434, 상암 IT Tower 214호 (상암동)",커브스 상암클럽,126.886049581236,37.5816223202625,헬스장
3770,"서울특별시 마포구 독막로 264, 숭문빌딩 지하1층 (대흥동)",트레인스토밍,126.942562000578,37.5459041557203,헬스장
3771,"서울특별시 마포구 월드컵북로2길 57, 2층 (동교동)",지투짐,126.923364041362,37.5574938764992,헬스장
3772,"서울특별시 마포구 월드컵로 161, 3층 (망원동)",펀짐,126.904422786724,37.561962341184,헬스장
3773,"서울특별시 마포구 신촌로 232, 3층 (아현동)",더뉴짐,126.951398571008,37.5568982288777,헬스장
3774,"서울특별시 마포구 백범로 75, 2층 (신수동)",더나은퍼스널트레이닝스튜디오,126.940373258336,37.5487737429309,헬스장
3775,"서울특별시 마포구 독막로 86, 3층 (상수동)",피트니스안,126.922774296621,37.5474961098136,헬스장
3776,"서울특별시 마포구 양화로 64, 서교제일빌딩 지2층 B202호 (서교동)",올라운드 퍼포먼스 짐(All Round Performance Gym),126.915802998181,37.5503095776344,헬스장
3777,"서울특별시 마포구 월드컵로25길 26, 101동 2-001호 (망원동, 마포영화블렌하임)",바디앤짐 망원점,126.906300605198,37.5585307790582,헬스장
3778,"서울특별시 마포구 모래내로1길 8, B201호 (성산동)",크로스핏 파밀리아,126.904173247441,37.564766939793,헬스장
3779,"서울특별시 마포구 신수로 30, 3층 (현석동)",어반짐,126.934369984357,37.5442145680067,헬스장
3780,"서울특별시 마포구 월드컵로13길 34, 두드림빌딩 5층 (망원동)",(주)뉴홉,126.908260865455,37.5556546238263,헬스장
3781,"서울특별시 마포구 광성로 36, 3층 (신수동)",운동케어센터,126.936952008156,37.5496971109503,헬스장
3782,"서울특별시 마포구 서강로 121, 비103,비104,비105,비106비107호 (노고산동, 맹그로브 신촌)",F45신촌(사운드엑스),126.934014355442,37.5539463245275,헬스장
3783,"서울특별시 마포구 망원로 24, 2층 (망원동)",어라운드짐,126.899636081982,37.5561118914478,헬스장
3784,"서울특별시 마포구 새창로 30, 3층 (도화동)",밸런스랩 근골격 운동센터,126.953119796033,37.5416386229373,헬스장
3785,"서울특별시 마포구 양화로11길 14-5, NFM빌딩 지하1층 (서교동)",와프그룹PT,126.915790633754,37.5522468046823,헬스장
3786,"서울특별시 마포구 신촌로 170, 이대역푸르지오시티 상가304호 (대흥동)",Gooood Gym,126.944361830813,37.5563578579418,헬스장
3787,"서울특별시 마포구 마포대로 156, 공덕푸르지오시티 204호 (공덕동)",이뮨,126.954369685876,37.5479383583415,헬스장
3788,"서울특별시 마포구 월드컵로3길 31-31, 네오빌딩 지1층 (합정동)",달리짐(DALLI GYM),126.91118828743,37.5496804536325,헬스장
3789,"서울특별시 마포구 월드컵로 104, 2층 (성산동)",세이프짐,126.908780776723,37.5578897698614,헬스장
3790,"서울특별시 마포구 마포대로1길 16, A&D빌딩 4층 (용강동)",짐쉐이프,126.943142441441,37.5397308784185,헬스장
3791,"서울특별시 마포구 독막로15길 3-12, 4층,3층 301, 302, 303호 (상수동)",피트니스랩,126.921535972496,37.5484676511038,헬스장
3792,"서울특별시 마포구 포은로2가길 62, 합정글로벌센터 지1층 (합정동)",Strength Museum,126.909931112798,37.5495165107847,헬스장
3793,"서울특별시 마포구 마포대로 201, 205호 (아현동, 마포트라팰리스2차)",레히퍼스널트레이닝스튜디오,126.95550374204,37.5522161008194,헬스장
3794,"서울특별시 마포구 양화로7길 6-5, 1동 601호 (서교동, 와와빌딩)",솔스티스피티스튜디오(SOLSTICE PT STUDIO),126.915198020097,37.5517035293079,헬스장
3795,"서울특별시 마포구 서강로 65, 지하1층 (창전동)",노블핏짐서강점,126.931583339829,37.5491047792517,헬스장
3796,"서울특별시 마포구 양화로 122, LAB7 지1층 일부호 (서교동)",썸원핏,126.920603903509,37.5540720468966,헬스장
3797,"서울특별시 마포구 양화로 176, 동교동 스타피카소 지1층 (동교동)",헬스보이짐필라걸홍대점,126.924986220455,37.5572467836494,헬스장
3798,"서울특별시 마포구 신촌로28가길 19, 2층 (아현동)",알비에프(RBF),126.950891893638,37.5567112424764,헬스장
3799,"서울특별시 마포구 월드컵로1길 14, 지하2층 B215호 (합정동, 마포 한강 푸르지오)",나무트레이닝,126.912061257921,37.5500497954747,헬스장
3800,"서울특별시 마포구 굴레방로 27, 3층 일부호 (아현동)",WONFIT PT(원핏피티스튜디오),126.95532261857,37.5564770309498,헬스장
3801,"서울특별시 마포구 월드컵로 134, 금수빌딩 지하1층,지하2층 일부호 (성산동)",더짐(THE GYM)망원점,126.906919452409,37.5601764885978,헬스장
3802,"서울특별시 마포구 양화로 186, LC TOWER 지하2층 (동교동)",에이블짐 홍대입구역점,126.92589313527,37.5576684824211,헬스장
3803,"서울특별시 마포구 동교로 69, 테바빌딩 지하1층 (망원동)",Sweet spot,126.909846894173,37.5538585357425,헬스장
3804,"서울특별시 마포구 마포대로24길 4, 공덕자이아파트 상가 4층 409호,410호 (아현동)",프리베핏 2호점,126.957893788452,37.5541536723523,헬스장
3805,"서울특별시 마포구 와우산로23길 20-30, 1층 (서교동)",민데이짐,126.925685096225,37.5541559935849,헬스장
3806,"서울특별시 마포구 월드컵로34길 20, 동우 자인채 스토리 상암 지하1층 (성산동)",THE GYM,126.904395377457,37.5654314241142,헬스장
3807,"서울특별시 마포구 동교로8안길 35-1, 지하1층,1층,2층 (합정동)",(주)업짐,126.904111758528,37.5502158783353,헬스장
3808,"서울특별시 마포구 동교로 106, 2층 (서교동)",낭만PT,126.913873930643,37.5544812479636,헬스장
3809,"서울특별시 마포구 백범로31길 7, 상가1동 111호 (공덕동, 공덕SK리더스뷰)",MOVE UP,126.948750766953,37.5452545904697,헬스장
3810,"서울특별시 마포구 동교로22길 38, 지하1층 (서교동)",홍대 프로씨드 짐,126.917916725803,37.5543144698367,헬스장
3811,"서울특별시 마포구 마포대로 137, KPX빌딩 지하1층 (공덕동)",공덕역점 스포애니 (주)케이디헬스케어,126.952614023327,37.5467933983647,헬스장
3812,"서울특별시 마포구 어울마당로5길 42, 상상하는 사람 2층 (서교동)",허니짐,126.918482310878,37.5498894301844,헬스장
3813,"서울특별시 마포구 신촌로 134, 신촌빌딩 지하1층 (노고산동)",에이블짐 신촌점,126.940463306472,37.5559244688398,헬스장
3814,"서울특별시 마포구 월드컵북로 9-1, 4층 (서교동)",빗미PT,126.920389119209,37.555760371591,헬스장
3815,"서울특별시 마포구 만리재옛길 12-1, 2층 (신공덕동)",비타짐(VITAGYM),126.954883485214,37.545236910487,헬스장
3816,"서울특별시 마포구 월드컵북로 220, 2층 일부호 (성산동, 월드컵빌리지)",피티몽키위드레몬,126.904773662408,37.5696031586934,헬스장
3817,"서울특별시 마포구 포은로 75, 3층 (망원동)",부티짐,126.905567945655,37.5538237462899,헬스장
3818,"서울특별시 마포구 도화길 32, 삼성아파트 상가동 지하1층 (도화동)",머슬마인드,126.949581942072,37.5408411321685,헬스장
3819,"서울특별시 마포구 양화로11길 50, 4층 (서교동)",GYM Doit,126.914006649192,37.5523422860741,헬스장
3820,"서울특별시 마포구 독막로 320, 마포 태영 데시앙 2층 (도화동)",F45 공덕,126.94787346379,37.5429644969765,헬스장
3821,"서울특별시 마포구 성암로 255 (주)문화방송 C2동 3층 301,302호 (상암동)",헬스보이짐 상암MBC점,126.89181859148,37.5802785107294,헬스장
3822,"서울특별시 마포구 서강로 106, 신촌크리닉존 지2층 (신수동)",카디오짐,126.933505377894,37.5523436143303,헬스장
3823,"서울특별시 마포구 월드컵북로 402, 케이지아이티센터 3층 314호 (상암동)",다GYM,126.888982346416,37.580107752042,헬스장
3824,"서울특별시 마포구 창전로 60, 서강빌딩 6층 (구수동)",슈퍼바디짐 헬스&PT,126.932894608936,37.5477970115354,헬스장
3825,"서울특별시 마포구 와우산로23길 20-30, 지층 (서교동)",리부스트PT 홍대점,126.925685096225,37.5541559935849,헬스장
3826,"서울특별시 마포구 삼개로 11, 3층 (도화동)",비엠 더 프라이빗 필라테스&PT 마포역점,126.947760216592,37.539367295599,헬스장
3827,"서울특별시 마포구 도화4길 19, 지원빌딩 2층 (도화동)",클럽인디고,126.951023454276,37.5410675293711,헬스장
3828,"서울특별시 마포구 양화로 85, 지하2층 우측호 (서교동)",F45합정,126.917060912191,37.5522809506085,헬스장
3829,"서울특별시 마포구 독막로8길 3, 4층 (합정동)",PUSHUP GYM,126.918462661963,37.5476694465901,헬스장
3830,"서울특별시 마포구 월드컵북로56길 9, 지하1층 (상암동, (주)우리기술사옥)",에이블짐 상암점,126.887439627184,37.581384890718,헬스장
3831,"서울특별시 마포구 동교로27길 102, 지하1층 (연남동)",The Movement,126.919702414981,37.5619508364399,헬스장
3832,"서울특별시 마포구 삼개로 20, 지하1층 (도화동, 근신빌딩)",인어스휘트니스 헬스피티앤골프마포점,126.947204921199,37.5385080351775,헬스장
3833,"서울특별시 마포구 월드컵로 53, 3층 (합정동)",진헬스클럽,126.911506255919,37.5540079150593,헬스장
3834,"서울특별시 마포구 만리재로 111, 1층 (공덕동, 미네뜨오피스텔)",헬스존,126.960337509092,37.5500759704215,헬스장
3835,"서울특별시 마포구 성미산로 112, 2층 (연남동)",FIT360°,126.919574599958,37.5620851781067,헬스장
3836,서울특별시 마포구 토정로32길 4 (용강동),피트니스 온,126.94128505826,37.5410712879596,헬스장
3837,서울특별시 마포구 월드컵로 82 (서교동),B.S.T GYM,126.910256083852,37.5562482025164,헬스장
3838,"서울특별시 마포구 월드컵로14길 42, 성화빌딩 2층 (서교동)",파워존HJ,126.912719557582,37.556245093771,헬스장
3839,"서울특별시 마포구 월드컵북로 30, 지하1층 (동교동)",VIP 휘트니스,126.919370642295,37.5573599416881,헬스장
3840,"서울특별시 마포구 큰우물로 49, 지하1,2호 (염리동, LG상가)",무한 크로스핏,126.944154921165,37.5425902336753,헬스장
3841,"서울특별시 마포구 신촌로 128, 지하1층 (노고산동)",피아트짐,126.93997159818,37.5557422183902,헬스장
3842,"서울특별시 마포구 마포대로11길 7-18, 지하1층 (공덕동)",더건강한피티,126.953090713291,37.5481440056797,헬스장
3843,"서울특별시 마포구 성암로 267 (상암동, MBC 경영센터 지하1층)",MBC 휘트니스센터,126.890988995582,37.5811234199086,헬스장
3844,"서울특별시 마포구 독막로9길 31 (서교동, 지하 1층)",크로스핏 칸,126.920164253311,37.5497033519228,헬스장
3845,"서울특별시 마포구 백범로 199, 메트로디오빌 지하1,2층 (신공덕동)",머슬메이드,126.952779970695,37.5434778780948,헬스장
3846,"서울특별시 마포구 월드컵로13길 34, 두드림빌딩 4층 (망원동)",네이브핏(Nave FIT),126.908260865455,37.5556546238263,헬스장
3847,"서울특별시 마포구 독막로 320, 지하1층 B102,103,105~108, 113호 (도화동, 데시앙 한빛빌딩)",큐어짐,126.94787346379,37.5429644969765,헬스장
3848,"서울특별시 마포구 양화로7안길 12, 지하1층 (서교동)",VKNY Gym(비키니짐),126.915144371559,37.5521090299343,헬스장
3849,"서울특별시 마포구 월드컵북로 207, 2층 (성산동, 근영빌딩)",태영휘트니스,126.905649902888,37.5687954893124,헬스장
3850,"서울특별시 마포구 독막로 100, 세방글로벌시티 지하1층 B101~B104호 (상수동)",엠휘트니스9,126.924711098068,37.5473382442434,헬스장
3851,"서울특별시 마포구 서강로 60, 지하1층 (창전동, 미지빌딩)",데이지라이프 휘트니스,126.932182274794,37.5485252421313,헬스장
3852,"서울특별시 마포구 마포대로 109, 지하2층 (공덕동, 롯데캐슬프레지던트)",주식회사 엠앤짐,126.950847479316,37.5450686146253,헬스장
3853,"서울특별시 마포구 신촌로 92, 15층 (노고산동, 신촌카리스빌딩)",휘트니스 에이든(Aiden),126.935680306816,37.5551779164582,헬스장
3854,"서울특별시 마포구 월드컵북로5나길 18, 지하1층 B101호 (서교동, 대우미래사랑)",스포짐휘트니스,126.916796137041,37.5573352701834,헬스장
3855,"서울특별시 마포구 성지길 22, 4층 (합정동)",플래티넘PT(피티)스튜디오,126.913113106012,37.5477290617288,헬스장
3856,"서울특별시 마포구 독막로 291, 지하2층 (염리동, 한청빌딩)",마포염리동점 스포애니 (주)케이디헬스케어,126.945486650397,37.5447372165955,헬스장
3857,"서울특별시 마포구 마포대로 173, 지층 (공덕동, 현대하이엘)",더 하이엘(THE HYEL),126.954455626109,37.5499015773045,헬스장
3858,"서울특별시 마포구 마포대로 204, 마포에스케이허브블루 지2층,지3층 B201일부호 (아현동)",스포벡휘트니스,126.956533914305,37.5520216887535,헬스장
3859,"서울특별시 마포구 월드컵북로54길 17, 지층 105-106호 (상암동, 사보이시티DMC)",웰니스 휘트니스,126.888548408154,37.581324224744,헬스장
3860,"서울특별시 마포구 월드컵로 29, 4층 (합정동, 제이에이치빌딩)",우리짐 합정점,126.912132850482,37.5520126730141,헬스장
3861,"서울특별시 마포구 독막로 145, 2층 (창전동, 서강쌍용예가 근린시설2단지동 )",S-fit,126.929490110223,37.5490268728869,헬스장
3862,"서울특별시 마포구 토정로 296, 이연빌딩 3층 (용강동)",아이짐,126.942041881097,37.5406951340398,헬스장
3863,"서울특별시 마포구 월드컵로 196, 지하2층 (성산동, 대명비첸시티)",케이불스 휘트니스 마포구청역점,126.902750212857,37.5647995635391,헬스장
3864,"서울특별시 마포구 월드컵북로54길 11, 전자회관 지하1층 101-3호 (상암동)",피트니스플랜비,126.88838954354,37.5808876335017,헬스장
3865,서울특별시 마포구 월드컵로13길 14 (망원동),애프터 피티,126.909344986223,37.5557228557829,헬스장
3866,"서울특별시 마포구 월드컵북로54길 17, 3층 304,305,307호 (상암동, 사보이시티DMC)",엠베이스짐,126.888548408154,37.581324224744,헬스장
3867,"서울특별시 마포구 월드컵로 240, 1층 (성산동)",월드컵스파랜드24 체력단련장,126.897273034482,37.5682884450841,헬스장
3868,"서울특별시 마포구 양화로 64, 지202호 (서교동)",드림핏퍼스널트레이닝(DreamFit Personaltraining),126.915802998181,37.5503095776344,헬스장
3869,"서울특별시 마포구 백범로 202, 2층 (신공덕동, KCC웰츠타워 상가동)",레벨에이치 PT 공덕점,126.952468627776,37.5428481347733,헬스장
3870,"서울특별시 마포구 와우산로23길 9 (서교동, 지하1층)",(주)크로스핏엑스,126.924387637935,37.5534328399931,헬스장
3871,"서울특별시 마포구 양화로 164, 9층 (동교동, 유림빌딩 )",휘트니스피플우먼 홍대점,126.924060032781,37.5565331423821,헬스장
3872,"서울특별시 마포구 월드컵북로60길 24 (상암동, 상암 IT센터 2층)",demarq 상암SDS 피트니스센터,126.887173938012,37.5829465987205,헬스장
3873,"서울특별시 마포구 도화길 43 (도화동, 나눔빌딩)",클락짐 공덕점,126.950254336175,37.5417888185389,헬스장
3874,"서울특별시 마포구 월드컵북로12안길 68, 3층 (성산동, 신한빌딩)",준휘트니스클럽,126.913545606781,37.5645811816359,헬스장
3875,"서울특별시 마포구 토정로 219, 지하1층 (신수동)",U.D.T GYM,126.935309402194,37.5450075151427,헬스장
3876,"서울특별시 마포구 월드컵로 155, 6층 (망원동)",바디앤짐 마포구청역점,126.904931604469,37.561381158832,헬스장
3877,서울특별시 마포구 월드컵로 87 (망원동),ELITE FIT 24,126.909240634072,37.5564742974241,헬스장
3878,"서울특별시 마포구 백범로 23, 4층 (신수동, 구플라자)",미지휘트니스골프클럽,126.93794821763,37.552811217978,헬스장
3879,"서울특별시 마포구 월드컵북로 396, 누리꿈스퀘어 지1층 B1063~B1065호 (상암동)",퍼스트클래스짐,126.889782954548,37.5794283422818,헬스장
3880,"서울특별시 마포구 월드컵북로 109, 2층 (성산동)",다비드짐휘트니스,126.913577767188,37.5629022890294,헬스장
3881,"서울특별시 마포구 연희로1길 57, 2층층 (연남동)",아르케GYM(PT샵),126.926356885091,37.5613973677536,헬스장
3882,"서울특별시 마포구 월드컵북로 502, 3층 (상암동, 월드컵파크 플라자)",블루짐,126.879869563728,37.5850443805494,헬스장
3883,"서울특별시 마포구 월드컵북로4길 72, 2층 (동교동, 한양빌딩)",태그아웃,126.922772642984,37.5589694143558,헬스장
3884,"서울특별시 마포구 양화로 78-9, 지하2층, 6층 (서교동)",소핏짐(So Fit Gym),126.917547122962,37.5514239915803,헬스장
3885,"서울특별시 마포구 굴레방로1길 25, 지하1층 (아현동, 애오개아이파크)",PRIVE FIT (프리베핏),126.955985110458,37.5538409607361,헬스장
3886,"서울특별시 마포구 양화로 127, 지하1층 (서교동)",Muscle96 GYM,126.920497567982,37.5548815216613,헬스장
3887,"서울특별시 마포구 월드컵북로 218, 지하1층 (성산동)",스마트짐,126.904998936389,37.5695010772358,헬스장
3888,"서울특별시 마포구 방울내로 70, 지하1층 (망원동)",행복애짐,126.903335232131,37.5601052228662,헬스장
3889,"서울특별시 마포구 동교로23길 14, 3층 (동교동, 국제빌딩)",엔터짐,126.920849150653,37.5568493559007,헬스장
3890,"서울특별시 마포구 성암로13길 47, 3층 (상암동)",세븐짐,126.897724616956,37.5761109128365,헬스장
3891,"서울특별시 마포구 와우산로18길 12, 지하1층 (서교동, LK빌딩)",크로스핏 뉴젠,126.923730747773,37.5507053669981,헬스장
3892,"서울특별시 마포구 마포대로 33, 지하1층 142호 (도화동, 마포 한화 오벨리스크)",휘트니스엠 마포점,126.945447452979,37.5399847863145,헬스장
3893,"서울특별시 마포구 삼개로 38, 우성상가A동 지층 7호 (도화동, 도화3지구우성아파트)",에스짐 마포역점,126.947112538012,37.5366629254706,헬스장
3894,"서울특별시 마포구 잔다리로 89, 지하1층 (서교동)",맥스짐,126.915365385778,37.5551142860916,헬스장
3895,"서울특별시 마포구 서강로 46, 민주당빌딩 3층 (창전동)",엠제트(MZ)휘트니스,126.931600627596,37.5471520550055,헬스장
3896,"서울특별시 마포구 창전로 20, 성진빌딩 2층 (신정동)",FIT TO BE FITNESS,126.930635917833,37.5446024761561,헬스장
3897,"서울특별시 마포구 마포대로16길 6 (공덕동, 지하1층)",킬러바디,126.956237332474,37.5508057722406,헬스장
3898,"서울특별시 마포구 월드컵북로 35, 지1층 (서교동)",Gym Tipi,126.9184109512,37.5575278589802,헬스장
3899,"서울특별시 마포구 서강로 105, 화일빌딩 4층 (창전동)",짐라이트,126.932819344843,37.5524749518968,헬스장
3900,"서울특별시 마포구 독막로3길 30, 에이치포빌딩 3층 (서교동)",피티(PT)전문 헬스엔 플레이스 합정점,126.917355874781,37.549575099755,헬스장
3901,"서울특별시 마포구 토정로31길 63, 이원빌딩 지1층 (대흥동)",핏인라이프,126.944186638367,37.543455208128,헬스장
3902,"서울특별시 마포구 동교로23길 7, 지1층 (동교동)",짐릿(Gym Lit),126.92082072966,37.5564346979152,헬스장
3903,"서울특별시 마포구 독막로 13, 일호빌딩 B동 3층 (합정동)",피트니스플랜비,126.915065611158,37.548813842869,헬스장
3904,"서울특별시 마포구 신촌로20길 12, 지하1층 102호 (노고산동)",소마앤바디,126.938130028409,37.554654214226,헬스장
3905,"서울특별시 마포구 모래내로 5, 상암우남퍼스트빌스타 2층 201-1일부호, 201-2호 (성산동)",제이짐,126.903705453295,37.5642319982898,헬스장
3906,"서울특별시 마포구 월드컵북로 361, DMC이안상암2단지 3층 303호 (상암동)",이안피티,126.891403860718,37.577109695587,헬스장
3907,"서울특별시 마포구 동교로12안길 29, 2층 (서교동)",짐어웨이크,126.913950063,37.5542140675987,헬스장
3908,"서울특별시 마포구 연남로3길 29, 2층 (연남동)",스튜디오함께갈반(BAN),126.921113504749,37.5607366136962,헬스장
3909,서울특별시 마포구 성암로 223-1 (상암동),서울리프팅클럽,126.894967659324,37.5789933843673,헬스장
3910,"서울특별시 마포구 월드컵북로54길 17, 사보이시티디엠씨 B동 3층 304~305, 307호 (상암동)",헬시온짐,126.888548408154,37.581324224744,헬스장
3911,"서울특별시 마포구 독막로22길 9, 지1층 (창전동)",크로스핏 식스,126.929316968807,37.5471105255565,헬스장
3912,"서울특별시 마포구 와우산로 48, 로하스타워 지층 201호 (상수동)",컷 테니어트,126.923441090646,37.5485560282385,헬스장
3913,서울특별시 성북구 보문로 51 (주)참존글로벌워크 5층 (보문동7가),에이티엘(ATL),127.021972113094,37.5799678915577,헬스장
3914,"서울특별시 성북구 장월로1길 57, 3층 (상월곡동)",이너라인GYM 월곡점,127.045229627197,37.6059908353717,헬스장
3915,"서울특별시 성북구 동소문로 92, 강윤빌딩 2층 (동소문동5가)",노바디짐 PT&헬스 성신여대점,127.01549221016,37.5921675534937,헬스장
3916,"서울특별시 성북구 월계로 172, 4층 (장위동)",926fit,127.044900798769,37.619259192659,헬스장
3917,"서울특별시 성북구 도봉로 11, 삼주빌딩 (길음동)",아크로짐 길음점,127.029853346826,37.61023190915,헬스장
3918,"서울특별시 성북구 정릉로 251, 명성빌딩 6층 (정릉동)",운동쟁이,127.0119196884,37.6047223777771,헬스장
3919,"서울특별시 성북구 동소문로 248, 105동 2층 (길음동, 삼부아파트)",당신만의 체인지,127.024541211803,37.6034576002933,헬스장
3920,"서울특별시 성북구 동소문로6길 4-3, 2층 (동소문동2가)",건강한 PT studio,127.007982276973,37.5887651623261,헬스장
3921,"서울특별시 성북구 길음로7길 6, 길음뉴타운9단지래미안 상가 제상가동 제지층 제비1-1호 (길음동)",업투 길음역점,127.02240090837,37.6043692874401,헬스장
3922,"서울특별시 성북구 성북로6길 12, 204호 (성북동, 성북동 근생·도시형생활주택)",유니버설 피트니스,127.005152897104,37.589962738726,헬스장
3923,"서울특별시 성북구 동소문로 13, 일화빌딩 4층 (동소문동1가)",본피트니스,127.007532390232,37.5894060678552,헬스장
3924,"서울특별시 성북구 보문로 152, 윤홍빌딩 B2층 (삼선동5가)",크로스핏로꼬,127.017698158075,37.5884338916422,헬스장
3925,"서울특별시 성북구 아리랑로 18, 4층 (동선동5가)",머슬프렌즈짐,127.016325296009,37.5945180388131,헬스장
3926,"서울특별시 성북구 동소문로20나길 47, 코아루센타시아 지하2층 215~218호 (동선동1가)",투(2J fitness)돈암체육관,127.019152563127,37.5930552141643,헬스장
3927,서울특별시 성북구 고려대로24길 16 (안암동5가),스마일 보이짐,127.029214079522,37.5854892310503,헬스장
3928,"서울특별시 성북구 정릉로 307, 지하2층 213호 (정릉동, 길음뉴타운10단지)",당신의 PT,127.017866208389,37.6032285064084,헬스장
3929,"서울특별시 성북구 보문로 134, 지하1층 (보문동1가)",올인원짐,127.018792434115,37.5869754658165,헬스장
3930,"서울특별시 성북구 종암로 120, 지하1층 (종암동)",더블와이짐 PT&헬스 종암점,127.034438925479,37.6010208311524,헬스장
3931,"서울특별시 성북구 보문로34길 39, 백옥빌딩 2층 (동선동1가)",비프로 PT & 필라테스,127.017457877523,37.5907688492516,헬스장
3932,"서울특별시 성북구 성북로 76, 2층 (성북동)",정필라테스 로날드피티,127.000441374656,37.5935632147633,헬스장
3933,"서울특별시 성북구 화랑로 76, 홈플러스 지하2층 (하월곡동)",멋짐플러스,127.040579524379,37.6017059749991,헬스장
3934,"서울특별시 성북구 성북로 121, 201호 (성북동)",Wellness Studio 성북본점,126.99560798269,37.5937523421512,헬스장
3935,"서울특별시 성북구 아리랑로 3, 지하1층 (동소문동6가)",조인성퍼스널트레이닝 NO.2,127.016174486678,37.5930241251186,헬스장
3936,"서울특별시 성북구 삼양로 17, 지하 1층 (길음동)",그로우 피트니스,127.024571655449,37.6047753821912,헬스장
3937,"서울특별시 성북구 솔샘로 116, 정릉풍림아이원 상가2동 206, 207호 (정릉동)",존버짐,127.009121176859,37.616442424527,헬스장
3938,"서울특별시 강북구 삼양로 118, 3층 (미아동)",짐코사트 PT 삼양점,127.022406643431,37.614427120808,헬스장
3939,"서울특별시 강북구 덕릉로 99, 북한산드림캐슬 지하1층 101호 (번동)",짐초이,127.02459294009,37.6350182933432,헬스장
3940,"서울특별시 강북구 솔샘로 330, 4층 (미아동)",웨일 미아점,127.028593917337,37.61698513145,헬스장
3941,"서울특별시 강북구 도봉로8길 12, 5층 501호 (미아동)",굿핏 PT & 필라테스 미아사거리점,127.030999668026,37.6125449029913,헬스장
3942,"서울특별시 강북구 덕릉로 82, 4층 (수유동, 제네스타워)",피트니스 베네핏,127.022843274109,37.6344266074982,헬스장
3943,"서울특별시 강북구 도봉로 323, 용신빌딩 7층 (수유동)",F45 수유,127.024202760308,37.6371279409738,헬스장
3944,"서울특별시 강북구 삼양로 162, 젬스톤프라자 지하1층 (미아동)",프레스짐(Press GYM),127.021622086882,37.6183872008438,헬스장
3945,"서울특별시 강북구 도봉로77길 6, 수유동 이테크밸리 오피스텔 지층 B102~105호 (수유동)",빌리프짐 수유점,127.022801604586,37.6337580842498,헬스장
3946,"서울특별시 강북구 오현로 194, 지하1층 (번동)",라이프 플러스 휘트니스,127.03987378053,37.6288359683906,헬스장
3947,"서울특별시 강북구 오패산로 411, 지층 (번동)",에브리피티,127.026439292291,37.6372594553038,헬스장
3948,"서울특별시 강북구 삼양로 416, 2층 (수유동)",올레이디짐 가오리점,127.01716146525,37.6406126530701,헬스장
3949,"서울특별시 강북구 도봉로 343, 야산빌딩 4층 (수유동)",조인성 퍼스널 트레이닝 9호점,127.025726289061,37.6385067563721,헬스장
3950,"서울특별시 강북구 도봉로 315, 지하1층 (수유동, 에피소드 수유 838)",에이블짐 수유역점,127.02328159303,37.6369305402999,헬스장
3951,"서울특별시 강북구 도봉로 254, 청암빌딩 지하1층 (미아동)",드로우짐,127.024678231868,37.6311937712697,헬스장
3952,"서울특별시 강북구 도봉로 130, 소림빌딩 2층 (미아동)",허니머슬짐,127.028880419338,37.6206306390013,헬스장
3953,"서울특별시 강북구 삼양로 522, 2층 일부, 지층 (우이동)",사일구짐,127.013864912424,37.6496557214652,헬스장
3954,"서울특별시 강북구 도봉로 98, 2층 (미아동)",데일리P.T샵,127.029822835806,37.6177765255489,헬스장
3955,"서울특별시 강북구 한천로 1127, 성은빌딩 지하1층 (수유동)",머슬엑스짐,127.01905594543,37.6452973902375,헬스장
3956,"서울특별시 강북구 도봉로 34-8, 3층 (미아동)",더 굿핏(The Goodfit),127.030815282333,37.6122735734274,헬스장
3957,"서울특별시 강북구 솔샘로 233, 동북프라자 B01, B02호 (미아동)",삼양사거리점 스포애니 (주)케이디헬스케어,127.019095469624,37.6204222475002,헬스장
3958,"서울특별시 강북구 도봉로67길 18, 수유시장 3층 (수유동)",에스핏휘트니스 수유점,127.022668132796,37.6307289053601,헬스장
3959,서울특별시 강북구 도봉로 350 (미아동),다이어트모드 휘트니스,127.026701363107,37.6385651938447,헬스장
3960,"서울특별시 강북구 도봉로 177, 서광빌딩 3층 2호 (미아동)",더바른 휘트니스,127.026559086559,37.6246354423319,헬스장
3961,"서울특별시 강북구 도봉로 308, 6층 (번동)",레디포짐,127.02383520999,37.6356640949861,헬스장
3962,서울특별시 강북구 삼양로 188 (미아동),Jfit,127.02089791537,37.6206552978643,헬스장
3963,"서울특별시 강북구 노해로8길 22, 경남아너스빌 3층 (수유동)",로아짐 수유역점,127.024224911455,37.6380051354791,헬스장
3964,"서울특별시 강북구 한천로131길 29, 3층 (번동)",더 퍼스트짐,127.027018534163,37.6380672373616,헬스장
3965,"서울특별시 강북구 덕릉로 76, 지층 (수유동, 수유프리미어엠)",알앤엘,127.022160886222,37.6343459192368,헬스장
3966,"서울특별시 강북구 오현로32길 4-8, 동보프라자빌딩 3층 (번동)",라인짐2호점,127.03953745763,37.6282300781091,헬스장
3967,"서울특별시 강북구 한천로144길 11, 태림빌딩 2층 (수유동)",파인드 미 짐,127.025561948799,37.6416490662271,헬스장
3968,"서울특별시 강북구 한천로 1035, 우성빌딩 지하1층 (수유동)",하이엔드짐,127.026606965866,37.6397829862349,헬스장
3969,"서울특별시 강북구 노해로 70, 우림빌딩 3층 (수유동)",해가든 필라테스,127.022684079129,37.6418196704175,헬스장
3970,"서울특별시 강북구 삼양로27길 43, 위브 테라스 파크 3층 303호 (미아동)",커브스 미아클럽,127.018847158476,37.6185504851986,헬스장
3971,서울특별시 강북구 노해로 102 (수유동),프리원핏 수유점,127.023532053412,37.6443505491807,헬스장
3972,"서울특별시 강북구 솔샘로 223, 제일은행삼양동지점 5층 (미아동)",아크로짐 미아점 24시 휘트니스,127.017573969681,37.6202802179461,헬스장
3973,"서울특별시 강북구 오패산로30길 10 (미아동,대지빌딩 4층)",소울 휘트니스,127.034811160778,37.6136736801481,헬스장
3974,"서울특별시 강북구 도봉로 352, B1호 (번동, 효성인텔리안)",고릴라멀티짐,127.0270330299,37.6386747681785,헬스장
3975,"서울특별시 강북구 도봉로 358, 코스타타워 12층 (번동)",수유역점 스포애니 (주)케이디헬스케어,127.027474954377,37.6391358802369,헬스장
3976,"서울특별시 강북구 한천로139길 42, 4층 (수유동, 영남빌딩)",위핏헬스앤피티 수유역점,127.024948947089,37.6388575866282,헬스장
3977,"서울특별시 강북구 인수봉로6길 62, 지1층 (미아동)",열정PT,127.016187958605,37.6222764640674,헬스장
3978,"서울특별시 강북구 삼양로 161  (미아동,행전빌딩 4층)",플로리다 피트니스,127.021123478902,37.6183899941147,헬스장
3979,서울특별시 강북구 삼양로 441 (수유동),삼각산 헬스타운,127.016117772283,37.6429370697874,헬스장
3980,"서울특별시 강북구 도봉로 34, 3층 (미아동)",에너메카,127.03072164571,37.6120685327599,헬스장
3981,서울특별시 강북구 삼양로 424 (수유동),가인,127.017117690358,37.6414252573848,헬스장
3982,"서울특별시 양천구 등촌로 236, 3층 (목동)",운동플랜,126.864388127861,37.550577791791,헬스장
3983,"서울특별시 양천구 신정로11길 64, 통연빌딩 2층 (신정동)",짐에스디비(GYM SDB),126.837504646144,37.5122562951367,헬스장
3984,"서울특별시 양천구 신월로 348, 준빌딩 2층 (신정동)",라인 피트니스 PT&헬스,126.859596171681,37.5216420753214,헬스장
3985,"서울특별시 양천구 목동로25길 6, 화창빌딩 201호 (신정동)",운동이끌림,126.863261836195,37.5279971763599,헬스장
3986,"서울특별시 양천구 등촌로 160, 2층 (목동)",aways pt,126.862420988508,37.5440383235958,헬스장
3987,"서울특별시 양천구 신월로 350, 4층 (신정동)",714GYM신정,126.859902294552,37.5216949672558,헬스장
3988,"서울특별시 양천구 목동동로 212, 더빌딩 지1층 (목동)",디오필라앤핏 오목교점,126.871734111799,37.5245253018661,헬스장
3989,"서울특별시 양천구 공항대로 566, 클래리티 타워 지하1층 (목동)",같이운동 엣지,126.868067060108,37.5489605239168,헬스장
3990,"서울특별시 양천구 중앙로32길 55, 2층 204.205.206.207(일부)호 (신정동)",산체스짐,126.859448818358,37.5198692682444,헬스장
3991,"서울특별시 양천구 목동중앙서로 48-1, 3층 (목동)",목동PT 프라임짐,126.869226218766,37.5329442090776,헬스장
3992,"서울특별시 양천구 오목로 333, 에이동 3층 (목동)",Life Body shop,126.874554252339,37.5248580074919,헬스장
3993,"서울특별시 양천구 목동중앙로 97, 청우빌딩 2층 201호 (목동)",허니짐,126.872597966008,37.5378165389603,헬스장
3994,"서울특별시 양천구 오목로 77, 지하1층 (신월동)",원에스짐,126.846094840677,37.5231156008957,헬스장
3995,"서울특별시 양천구 목동로 203, 3층 (신정동)",하이랙스 목동역점,126.86380676331,37.5267062206829,헬스장
3996,"서울특별시 양천구 목동서로 213, 세신비젼프라자 3층 319,320호 (목동)",런업PT,126.870615708032,37.5280169945095,헬스장
3997,"서울특별시 양천구 오목로 215-1, 예지2003타운 2층 201호 (신정동)",목동 라이크짐,126.861282668673,37.5260637522079,헬스장
3998,"서울특별시 양천구 목동로 210, 타운빌딩 지하2층 (목동)",피트니스 바이블&스파 헬스 피티 필라테스 목동점,126.864447323512,37.5273834294204,헬스장
3999,"서울특별시 양천구 목동서로 77, 현대월드타워 B116호 (목동)",메이크바디PT,126.877988123429,37.5359631978743,헬스장
4000,"서울특별시 양천구 오목로 340, 협성빌딩 A동 지하1층 (목동)",리폼드 크로스핏,126.875112047588,37.5242678117486,헬스장
4001,"서울특별시 양천구 목동서로 213, 세신비젼프라자 5층 509호 (목동)",엠비엘,126.870615708032,37.5280169945095,헬스장
4002,"서울특별시 양천구 목동중앙서로 36, MD 798 BUILDING 지층 1호 (목동)",브로제이짐(Brojgym),126.867797686169,37.5327724195696,헬스장
4003,"서울특별시 양천구 오목로 322, 보성빌딩 (목동)",트루그릿 피트니스 2호점,126.873059416625,37.524576018542,헬스장
4004,"서울특별시 양천구 남부순환로 609, D&K빌딩 7층 (신월동)",모션,126.840960326595,37.5145460326738,헬스장
4005,"서울특별시 양천구 신목로 78-1, 3층 (신정동)",라이블리짐,126.874308549743,37.5217505507769,헬스장
4006,"서울특별시 양천구 목동중앙북로 81, 하쯔빌딩 3층 (목동)",솔핏PT,126.872191581726,37.546543807741,헬스장
4007,"서울특별시 양천구 신목로 102, 대경프라자 지하1층 1호 (목동)",주식회사 포그로스,126.875774509668,37.5235884341471,헬스장
4008,"서울특별시 양천구 목동중앙북로16길 2, 2층 (목동)",바를정핏PT,126.873591230745,37.5461564434459,헬스장
4009,"서울특별시 양천구 목동동로10길 22, 지층1호 (신정동, 목동캐슬아파트)",테이스트피트니스 헬스&PT 24시 목동점,126.871980858551,37.5191520825622,헬스장
4010,"서울특별시 양천구 중앙로 251, 지하2층 비201호 (신정동)",에이블짐 신정네거리역점,126.853223171816,37.518714899828,헬스장
4011,"서울특별시 양천구 신정이펜2로 12, B101,B201호 (신정동, 이펜하우스타워)",라인짐,126.83282424606,37.5126074619051,헬스장
4012,서울특별시 양천구 목동중앙북로 74 (목동),나다피트니스,126.871256762999,37.5464811639287,헬스장
4013,"서울특별시 양천구 신목로2길 7, 지층01호 (신정동)",목동 홍크짐 헬스＆PT 오목교점,126.875991982951,37.5185022340793,헬스장
4014,"서울특별시 양천구 목동동로 59 (신정동,로얄프라자9층)",노블레스헬스,126.861618186165,37.5150507442326,헬스장
4015,"서울특별시 양천구 지양로 87  (신월동,백마빌딩4층)",스타존 휘트니스,126.83231059552,37.5228295972487,헬스장
4016,"서울특별시 양천구 가로공원로 121, 4층 (신월동)",루나짐,126.829406942333,37.5363857676408,헬스장
4017,"서울특별시 양천구 지양로 22  (신월동,지층)",JS 휘트니스,126.837459487612,37.5186321794455,헬스장
4018,"서울특별시 양천구 목동서로 77, B109호 (목동, 현대월드타워)",로키스,126.877988123429,37.5359631978743,헬스장
4019,"서울특별시 양천구 곰달래로5길 17, 신월프라자 2층 (신월동)",픽스바디짐 신월점,126.833603986348,37.5311113555178,헬스장
4020,"서울특별시 양천구 공항대로 552, B109호 (목동, 대우마이빌)",스카이휘트니스,126.866949534355,37.549554018744,헬스장
4021,"서울특별시 양천구 오목로 279, 현대프라자 지층 101호 (목동)",피트니스포에버,126.868392603335,37.5259285397106,헬스장
4022,서울특별시 양천구 오목로 48 (신월동),바디앤짐 신월2호점,126.842960509946,37.5220328857283,헬스장
4023,"서울특별시 양천구 오목로 344 (목동, 청학빌딩)",파이어짐 오목교역점,126.875143110053,37.5237531022074,헬스장
4024,"서울특별시 양천구 목동서로 133-2 (목동,5층)",커브스 목동클럽,126.875987719154,37.5316029751694,헬스장
4025,서울특별시 양천구 남부순환로30길 17  (신월동),광영문화원,126.823275879439,37.5371981027922,헬스장
4026,"서울특별시 양천구 목동서로 213 (목동,세신비전프라자 909,910호)",큐디짐S,126.870615708032,37.5280169945095,헬스장
4027,"서울특별시 양천구 목동중앙북로 73 (목동,덕수프라자 5층)",염창역점 스포애니 (주)케이디헬스케어,126.871505783093,37.5468366988388,헬스장
4028,"서울특별시 양천구 등촌로 160, 2층층 가호 (목동)",슈퍼맨짐,126.862420988508,37.5440383235958,헬스장
4029,"서울특별시 양천구 신정로 312, 뉴프라자 3층 305,306,307,308호 (신정동)",밀리언짐,126.855504942568,37.5132800705293,헬스장
4030,서울특별시 양천구 오목로 233 (신정동),서문석 헬스GYM (WBPF / ABBF KOREA),126.863281030651,37.5261583449947,헬스장
4031,서울특별시 양천구 중앙로 237 (신정동),에스짐 신정네거리역점,126.853643266456,37.5177429690532,헬스장
4032,서울특별시 양천구 남부순환로 431 (신월동),이강섭헬스클리닉,126.833026406871,37.5294953167323,헬스장
4033,서울특별시 양천구 목동동로12길 42 (신정동),굿모닝 휘트니스,126.87579084464,37.5224012910164,헬스장
4034,"서울특별시 양천구 목동서로 349  (신정동,목동센트럴플라자 15층)",애플짐,126.865306840725,37.517406535882,헬스장
4035,"서울특별시 양천구 신월로 338, 5층 (신정동)",더 스페셜짐,126.858531213565,37.5215359278897,헬스장
4036,서울특별시 양천구 남부순환로 341 (신월동),레벨업휘트니스,126.828209497859,37.5366485652303,헬스장
4037,"서울특별시 양천구 목동동로 55 (신정동,밀레니엄프라자10층)",아노크짐,126.861400362893,37.5155233352627,헬스장
4038,"서울특별시 양천구 목동중앙북로7가길 60 (목동,4층)",머슬365,126.864413888131,37.550038484105,헬스장
4039,"서울특별시 양천구 신목로 97 (목동,601호)",Min.s맞춤운동전문센터,126.874984721209,37.5234220867404,헬스장
4040,"서울특별시 양천구 등촌로 102-1 (목동,2층)",위트짐,126.863977730981,37.5391498643388,헬스장
4041,"서울특별시 양천구 오목로 160, A동 B03~07호 (신정동, 신호아파트)",라이프스포츠,126.855236736982,37.5247098594732,헬스장
4042,"서울특별시 양천구 목동서로 133-2, 목동하나프라자 1201호 (목동)",브이핏,126.875987719154,37.5316029751694,헬스장
4043,"서울특별시 양천구 등촌로 172, 등촌빌딩 3층 (목동)",DAGYM-FITNESS,126.862607834028,37.5451346059769,헬스장
4044,"서울특별시 양천구 목동서로 256, 동문빌딩 지1층 (목동)",비컴스 피트니스,126.869278798476,37.5245984741617,헬스장
4045,"서울특별시 양천구 신목로2길 68 (목동,오목빌딩 지1층)",엘리트핏24 휘트니스,126.877348359324,37.5238327188727,헬스장
4046,"서울특별시 양천구 목동중앙로 45, 4층 (목동)",펌프짐헬스클럽,126.869494835671,37.5338392897314,헬스장
4047,서울특별시 양천구 오목로 146 (신정동),조형기 헬스,126.85361237096,37.5245249539772,헬스장
4048,"서울특별시 양천구 오목로 328, 4층 (목동)",머슬앤모션,126.873821642189,37.5244545693799,헬스장
4049,"서울특별시 양천구 목동동로 177, 2층 201.202.203.204호 (신정동, 삼성쉐르빌2)",휘트니스 파이(FITNESS PI),126.870444168108,37.5216245595859,헬스장
4050,"서울특별시 양천구 오목로 299, 목동트라팰리스 지하층 102호 (목동)",스포짐,126.87035534357,37.5260837006075,헬스장
4051,"서울특별시 양천구 공항대로 558, 지층 101호 (목동)",커브스 염창클럽,126.86740663272,37.5492829721359,헬스장
4052,서울특별시 양천구 신월로 320 (신정동),레이디 휘트니스,126.85645117508,37.5213330352744,헬스장
4053,서울특별시 양천구 목동동로12길 45 (목동),해동24시사우나헬스,126.876366110642,37.5225865099354,헬스장
4054,"서울특별시 양천구 오목로 300, 205동 208호 (목동, 현대하이페리온2)",리오 퍼스널 트레이닝,126.87002254331,37.5248304019543,헬스장
4055,"서울특별시 양천구 목동로 218, 4층 (목동)",머스트 짐,126.864391372696,37.5279188302263,헬스장
4056,"서울특별시 양천구 목동서로 63, 302호 (목동)",브이핏1:1퍼스널트레이닝,126.879183438673,37.5362743708291,헬스장
4057,서울특별시 양천구 국회대로 279 (목동),마이프라이빗짐,126.866101757766,37.5304166446963,헬스장
4058,"서울특별시 양천구 목동로 181, 302호 (신정동)",Fitness2.0 PT Studio,126.864381973286,37.5246744934241,헬스장
4059,"서울특별시 양천구 신월로 173, 4층 (신월동)",신월동 PT 라이프헬스장,126.842278276751,37.5186961063921,헬스장
4060,서울특별시 양천구 중앙로 231 (신정동),양천헬스,126.853986174731,37.5170772821646,헬스장
4061,"서울특별시 양천구 오목로 194, 정우빌딩 5층 (신정동)",목동PT 임펄스핏,126.858942755794,37.5251989024917,헬스장
4062,"서울특별시 양천구 등촌로 228, 청원빌딩 3층 (목동)",센터오브그래비티(등촌점),126.864146952498,37.5499646558658,헬스장
4063,"서울특별시 양천구 목동서로 240, 2층 (목동)",와이트레이닝스튜디오,126.869558702896,37.5259462316036,헬스장
4064,"서울특별시 양천구 목동동로 177, 지하1층 (신정동, 삼성쉐르빌2)",봉스짐,126.870444168108,37.5216245595859,헬스장
4065,"서울특별시 양천구 신목로 33, 요이츠 빌딩 2층 202호 (신정동)",바디끄 PT,126.873578124045,37.5184620131529,헬스장
4066,"서울특별시 양천구 등촌로 102-1, 현정빌딩 6층 (목동)",케이짐,126.863977730981,37.5391498643388,헬스장
4067,"서울특별시 양천구 오목로 147, B101,B201호 (신정동, 제이클래스목동주상복합)",주식회사 브이업짐 신정역점,126.853714930254,37.5250701869996,헬스장
4068,"서울특별시 양천구 신월로 156, 4층 (신월동)",프로원휘트니스 신월,126.841151542143,37.5173474175379,헬스장
4069,"서울특별시 양천구 신월로 149, 2층 (신월동)",워크온짐,126.840294125702,37.5175595286065,헬스장
4070,"서울특별시 양천구 신월로 310, 502호 (신정동, 에비앙빌딩)",mk#,126.855385796456,37.5211563105048,헬스장
4071,"서울특별시 양천구 신월로 376, 법정빌딩 지층 (신정동)",머슬팜짐,126.862685260492,37.521979077908,헬스장
4072,"서울특별시 양천구 신월로 322, 2층 (신정동)",렛츠고짐,126.856722156889,37.5213632775826,헬스장
4073,"서울특별시 양천구 목동중앙북로 13, 3층 (목동)",헬스고 여성전용 등촌점,126.865018371827,37.5486824539925,헬스장
4074,"서울특별시 양천구 목동중앙본로 69, 삼성빌딩 (목동)",클럽페이스메이커 목1점,126.869060611681,37.5421809851093,헬스장
4075,"서울특별시 양천구 신목로 98, 2층 (목동)",FIT U.S.A(피투사),126.875457096452,37.5233066268435,헬스장
4076,"서울특별시 양천구 신정로13길 22, 4층 403호 (신정동, 대림프라자)",GYM I(짐아이),126.843131585044,37.5114254282406,헬스장
4077,"서울특별시 양천구 목동로 189, 지층 (신정동)",목동역점 스포애니 (주)케이디헬스케어,126.864179564702,37.5253121699935,헬스장
4078,"서울특별시 양천구 목동로 185, 지층 (신정동)",(주)짐사이어티,126.864233746536,37.5250035491352,헬스장
4079,"서울특별시 양천구 신월로 293, 3층 (신정동)",ONE FIT,126.853720060465,37.5214576266259,헬스장
4080,"서울특별시 양천구 목동중앙로 71, B1층 (목동)",S-GYM,126.870194217249,37.5360244453731,헬스장
4081,"서울특별시 양천구 목동동로8길 27, 태양빌딩 2층 (신정동)",산체스짐,126.871693862282,37.516452006311,헬스장
4082,"서울특별시 양천구 목동서로 377, 이스타빌 B동 201,208호 (신정동)",미니휘트니스3,126.862314247228,37.5161146511839,헬스장
4083,"서울특별시 양천구 남부순환로 566 (신월동, 경창빌딩)",휘트니스칸 신월점 헬스&PT,126.838571446624,37.5181011219285,헬스장
4084,"서울특별시 양천구 월정로 29, 지하1층 (신월동, 태현빌딩)",에너짐,126.842724699236,37.5224939749944,헬스장
4085,"서울특별시 양천구 중앙로 265, 지층 (신정동)",청춘헬스,126.852698076028,37.5199249230472,헬스장
4086,"서울특별시 양천구 가로공원로 119, 4층 (신월동)",케이불스 휘트니스 신월사거리점,126.829176148835,37.5363765141233,헬스장
4087,"서울특별시 양천구 목동동로 391, 지하1층 (목동, 현대파크빌)",에이앤프리햅,126.880270604347,37.5358735419191,헬스장
4088,"서울특별시 양천구 목동로 234, 경원빌딩 3층 (목동)",뉴블랙짐,126.86452047491,37.5294095945918,헬스장
4089,"서울특별시 양천구 공항대로 556, 지하1층 (목동)",짐스테이,126.867158754094,37.5493108947637,헬스장
4090,"서울특별시 양천구 화곡로 98, 3층 (신월동)",피트니스 클라쓰,126.832823136968,37.5393646717569,헬스장
4091,"서울특별시 양천구 남부순환로 399, 2층 (신월동)",엠에이치(MH)프리미엄,126.831281211996,37.5320020324632,헬스장
4092,"서울특별시 양천구 목동동로8길 29, 5층 (신정동)",제이미휘트니스,126.871831984196,37.5162481691823,헬스장
4093,"서울특별시 양천구 신월로 177, 도이치빌딩 지하1층 (신월동)",팬덤짐,126.84279377753,37.5190624203995,헬스장
4094,"서울특별시 양천구 목동동로 385, 지하1층 (목동, 벽산미라지타워)",주식회사 브이업짐 목동점,126.879499031842,37.5359018594421,헬스장
4095,"서울특별시 양천구 목동중앙서로 32, 2층 (목동)",오오핏,126.867274144065,37.532735612116,헬스장
4096,"서울특별시 양천구 목동중앙북로 19-1, 자성빌딩 3층 (목동)",메이드 헬스장 & PT 등촌역점,126.865862978469,37.5485166417367,헬스장
4097,"서울특별시 양천구 목동남로4길 2, 지하1층 (신정동, 세양청마루2차 주상복합)",운동할래피트니스,126.864535471682,37.508287498257,헬스장
4098,"서울특별시 양천구 목동동로14길 9, 2층 (목동)",빌리먼트,126.872486791948,37.5243634860708,헬스장
4099,"서울특별시 양천구 목동중앙서로 24, 지층 (목동)",Gym BX4,126.866539937096,37.5325722441896,헬스장
4100,"서울특별시 양천구 오목로 178, 3층 (신정동)",엠에스피지컬,126.857213469727,37.524971033491,헬스장
4101,"서울특별시 양천구 목동동로8길 23, 메리트윈 6층 (신정동)",핏플필라테스엔휘트니스,126.871486510512,37.5168554302245,헬스장
4102,"서울특별시 양천구 등촌로 102-1, 현정빌딩 2층 (목동)",휘게짐,126.863977730981,37.5391498643388,헬스장
4103,"서울특별시 양천구 오목로 225, 크로노스 빌딩 9층 (신정동)",럭스짐,126.862593242989,37.5260766368684,헬스장
4104,"서울특별시 양천구 오목로24길 29, B01호 (신정동, 신성 스카이뷰)",리온바디,126.853105881185,37.5218244731928,헬스장
4105,"서울특별시 양천구 오목로 157, 2층 (신정동)",신드롬골프아카데미&PT,126.854873035796,37.5250010673297,헬스장
4106,"서울특별시 양천구 목동로25길 6, 화창빌딩 201호 (신정동)",해부학적운동 목동점,126.863261836195,37.5279971763599,헬스장
4107,"서울특별시 양천구 오목로 350, 썬택씨티빌딩 지층 (목동)",바디바디 피트니스,126.87627211214,37.5241576688964,헬스장
4108,"서울특별시 양천구 등촌로 32, 목동 태영프라자 7층 (목동)",헬린 목동점,126.864166285292,37.5328851583631,헬스장
4109,"서울특별시 양천구 중앙로 251, 206호 (신정동)",엠브이핏(MVFIT),126.853223171816,37.518714899828,헬스장
4110,"서울특별시 양천구 목동서로 63, 목동일번가빌딩 601,602,604,605,606호 (목동)",에스짐 파리공원점,126.879183438673,37.5362743708291,헬스장
4111,"서울특별시 양천구 오목로 169, 2층 (신정동)",PeTer Gym Studio,126.856208163569,37.52517794518,헬스장
4112,"서울특별시 양천구 목동남로4길 80, 지층 203, 204호 (신정동, 목동파크자이)",센트로 짐,126.868469299015,37.508530980501,헬스장
4113,"서울특별시 양천구 목동동로12길 21, 2층 (목동)",머슬 R.O.K.,126.873533539021,37.5228954377892,헬스장
4114,"서울특별시 양천구 목동서로 285, 황금프라자 801,802호 (신정동)",리파인 더 핏,126.869139916545,37.5218566614959,헬스장
4115,"서울특별시 양천구 목동동로 377, 지하1층 (목동)",미니 휘트니스,126.878853892182,37.5353386148924,헬스장
4116,"서울특별시 양천구 목동동로 189, 201호 (신정동, 삼성쉐르빌1)",몬스터핏189,126.870123673009,37.5229412924858,헬스장
4117,"서울특별시 양천구 목동동로 339, B133 ~ 134호 (목동, 목동트윈빌)",스테디 짐,126.876743891714,37.5321753616364,헬스장
4118,"서울특별시 양천구 오목로 180, 평화빌딩 3층 (신정동)",PeTer Gym Studio,126.857399540927,37.5249831515209,헬스장
4119,"서울특별시 양천구 목동동로 339, B-126-3호 (목동, 목동트윈빌)",씨너지핏,126.876743891714,37.5321753616364,헬스장
4120,"서울특별시 양천구 목동중앙본로32길 2, 2층 (목동, 대명국경하임A)",벨류핏,126.871269369787,37.5452698752647,헬스장
4121,"서울특별시 양천구 중앙로 181, 복합메디컬타운 지하2층 201호 (신정동)",메가짐 헬스 & PT,126.855685447508,37.5128194279739,헬스장
4122,"서울특별시 양천구 목동동로 258, 303호 (목동, 목동금호1차아파트)",유얼짐,126.875142725618,37.5253413877993,헬스장
4123,"서울특별시 양천구 중앙로 280, 4층 (신정동)",바디샵필라테스PT,126.852729159683,37.5213761159391,헬스장
4124,서울특별시 양천구 공항대로 540 (목동),비엠더프라이빗 등촌역점,126.865834328557,37.5502322894506,헬스장
4125,"서울특별시 양천구 공항대로 552, 목동대우마이빌 b109호 (목동)",영앤짐 헬스&PT 등촌역점,126.866949534355,37.549554018744,헬스장
4126,"서울특별시 양천구 오목로 287, 4층 (목동)",루티니,126.869414202708,37.5256417135899,헬스장
4127,"서울특별시 양천구 목동동로 411, 지층 110,111호 (목동, 부영그린타운3차)",트루그릿 피트니스,126.882213637856,37.5367262201569,헬스장
4128,"서울특별시 양천구 등촌로 142, 지하1층 (목동)",이끌리짐,126.863137393899,37.5427304553085,헬스장
4129,"서울특별시 양천구 목동중앙본로7길 6, 2층 (목동)",더건PT,126.868352515999,37.5399187798551,헬스장
4130,"서울특별시 양천구 신목로5길 6-4, 지하1층 (신정동)",프리원핏 양천신정점,126.873252348525,37.5182598393949,헬스장
4131,"서울특별시 양천구 신월로 128, 지하1층 (신월동)",하루핏,126.83813644318,37.5164573682518,헬스장
4132,"서울특별시 양천구 목동서로 213, 세신비젼프라자 203호 (목동)",필라테스 온,126.870615708032,37.5280169945095,헬스장
4133,"서울특별시 양천구 중앙로 262, 메디바이오플렉스 7, 8층 (신정동)",신정네거리역점 스포애니 (주)케이디헬스케어,126.853402511465,37.5198467815801,헬스장
4134,"서울특별시 양천구 공항대로 538, 4층 (목동)",뉴워너짐 헬스&PT,126.865588582435,37.5502679597787,헬스장
4135,"서울특별시 강북구 삼양로 181, 지하,2,3층 (미아동)",현대 휘트니스,127.020670730493,37.6199779753242,헬스장
4136,서울특별시 강북구 인수봉로 293  (수유동),Double 휘트니스 클럽,127.010537849777,37.6449369838551,헬스장
4137,"서울특별시 강북구 한천로 1093 (수유동, 하나은행)",노블휘트니스클럽,127.021839242309,37.6432302306561,헬스장
4138,서울특별시 강북구 도봉로 373 (수유동),휘트니스피플 우먼 수유점,127.027976284459,37.640584726018,헬스장
4139,서울특별시 강북구 삼양로 293 (수유동),범 휘트니스,127.017700580857,37.6297231733686,헬스장
4140,"서울특별시 강북구 솔샘로 327 (미아동,2층)",FUN 휘트니스,127.028455452166,37.617439353054,헬스장
4141,"서울특별시 강북구 도봉로 167, 5층 (미아동)",M 휘트니스,127.02683920562,37.6236405990841,헬스장
4142,서울특별시 강북구 삼양로 516 (수유동),제이짐,127.014168603126,37.64907707393,헬스장
4143,서울특별시 강북구 숭인로 63-1 (미아동),이성현 퍼스널 트레이닝,127.028832323622,37.6125335593638,헬스장
4144,"서울특별시 강북구 도봉로 143, 지하층 (미아동)",피트니스팩토리 24,127.027705556921,37.621534791428,헬스장
4145,"서울특별시 강북구 도봉로 136-0, 9층 (미아동)",라이프빌딩짐,127.028623916485,37.6210784923409,헬스장
4146,서울특별시 강북구 도봉로 144  (미아동),국제헬스클럽,127.028417312121,37.6216872494494,헬스장
4147,"서울특별시 강북구 도봉로 41-1, 4층 (미아동)",업타운 휘트니스,127.029674823532,37.6127184136305,헬스장
4148,"서울특별시 강북구 월계로37길 129, 3층 (번동, 기산그린아파트 상가)",번 휘트니스,127.043990325332,37.6277017853264,헬스장
4149,서울특별시 강북구 도봉로 403 (수유동),체대입시 FA,127.030122114029,37.6425386131072,헬스장
4150,"서울특별시 강북구 월계로 43, 앨리스고홈빌딩 5층 (미아동)",블랙핏,127.034330149792,37.6114796428849,헬스장
4151,"서울특별시 강북구 도봉로 204, 3층 (미아동)",버클필라테스앤피티 미아점,127.026192313286,37.626956376356,헬스장
4152,"서울특별시 강북구 도봉로 328, 가든타워빌딩 502호 (번동)",DW휘트니스,127.025191277715,37.6371277340534,헬스장
4153,"서울특별시 강북구 오패산로 114, 스톤브릭 2층 (미아동)",라이프빌딩 PT,127.034983152442,37.6121106839964,헬스장
4154,"서울특별시 강북구 삼양로27길 43, 위브 테라스 파크 5층 503호 (미아동)",존버짐,127.018847158476,37.6185504851986,헬스장
4155,"서울특별시 강북구 도봉로15길 11, 지층 (미아동)",DYB 퍼포먼스 트레이닝,127.029122512244,37.6163526886315,헬스장
4156,"서울특별시 강북구 도봉로 30, 에코피아빌딩 11층 (미아동)",트렌디우먼휘트니스 미아사거리역점,127.030727581204,37.6116298396797,헬스장
4157,"서울특별시 강북구 노해로 1, 지층 (수유동)",건짐,127.022819873995,37.6357065519449,헬스장
4158,"서울특별시 강북구 도봉로 173, 캠프 지층 (미아동)",우주짐,127.026665628867,37.624171500062,헬스장
4159,"서울특별시 도봉구 도봉로 461, 우림빌딩 2층 (쌍문동)",고핏짐,127.033363647761,37.6470562654681,헬스장
4160,"서울특별시 도봉구 방학로 210, 상가동 2층 (방학동, 신동아타워아파트)",바디페이스,127.028831224421,37.6621722514755,헬스장
4161,"서울특별시 도봉구 마들로13길 61, 씨드큐브 창동 지하1층 B103-9호, B103-10호 (창동)",The5 헬스케어 5,127.049926290286,37.6545399298261,헬스장
4162,"서울특별시 도봉구 도봉로 684, 모비우스스퀘어 10층 (방학동)",콤마짐 방학역점,127.043607120894,37.6653558357799,헬스장
4163,"서울특별시 도봉구 해등로 200, 지층 (쌍문동)",에이트 피티 스튜디오,127.034530737769,37.6582581181515,헬스장
4164,"서울특별시 도봉구 마들로 650, 도봉월드상가 207호 (방학동)",제이핏PT 방학점,127.047064658894,37.6680283468222,헬스장
4165,"서울특별시 도봉구 노해로66길 29, 삼성아파트 상가1동 B01호 (창동)",홍짐,127.047447185739,37.6500274799374,헬스장
4166,"서울특별시 도봉구 해등로 190, 상가동 3층 2호 (쌍문동, 신원주상복합2차아파트)",더나은내일PT스튜디오,127.035759433408,37.6582166673064,헬스장
4167,"서울특별시 도봉구 도봉로104길 96, 성진빌딩 2층 (창동)",짐박스피트니스 쌍문점,127.037195139167,37.6435522746953,헬스장
4168,"서울특별시 도봉구 해등로16길 7, 2층 202호 (창동)",백곰 짐,127.040823902265,37.6563813447683,헬스장
4169,"서울특별시 도봉구 노해로70길 81, 2층 201호 (창동)",리케어짐,127.052567817039,37.6488484451094,헬스장
4170,"서울특별시 도봉구 도봉로110나길 21, 지하1층 (창동, 안강프라자)",워라밸피트니스 24시 쌍문역점,127.034681963129,37.6471447222566,헬스장
4171,"서울특별시 도봉구 시루봉로 70, 동방빌딩 지1층 (쌍문동)",트렌디바디,127.028190605445,37.6569486947202,헬스장
4172,"서울특별시 도봉구 덕릉로 408, 3층 (창동)",리케어짐,127.054236980387,37.6456235200982,헬스장
4173,"서울특별시 도봉구 노해로 334, 주공3단지아파트 상가동 지층 (창동)",마이피트니스 창동,127.045385077438,37.6508205256665,헬스장
4174,"서울특별시 도봉구 방학로3길 6, SYO빌딩 지하1층 (방학동)",짐버튼 방학점,127.040568535069,37.6625507246319,헬스장
4175,"서울특별시 도봉구 덕릉로 249, 2층 (창동)",주식회사 바디크러쉬,127.038975249773,37.6399792068763,헬스장
4176,"서울특별시 도봉구 해등로 144, 2층 (창동)",N 피티짐,127.040401505436,37.6565361888225,헬스장
4177,"서울특별시 도봉구 마들로11길 65 (창동,유진빌딩 6층)",아레나 피트니스,127.049667391336,37.6534171446527,헬스장
4178,"서울특별시 도봉구 방학로 196 (방학동, 미륭프라자 4층)",에스짐,127.030396211934,37.6623079067517,헬스장
4179,서울특별시 도봉구 도봉로113길 16 (쌍문동),펀 휘트니스,127.033276949967,37.6482948719595,헬스장
4180,"서울특별시 도봉구 노해로65길 10 (창동, 7층)",커브스 창동클럽,127.046610571403,37.6518453663653,헬스장
4181,"서울특별시 도봉구 마들로 657, 2층 224호 (방학동, 이에스에이아파트)",핏걸(방학점),127.045337365161,37.6683298607216,헬스장
4182,"서울특별시 도봉구 도봉로 441, 2층 202호 (쌍문동, 드림하우스)",피넛짐 PT,127.03237020583,37.6454117964665,헬스장
4183,"서울특별시 도봉구 도봉로109길 62, 2층 (쌍문동)",Agym 쌍문점,127.030039747238,37.6473371843525,헬스장
4184,"서울특별시 도봉구 해등로16길 52-36, B1층 (창동)",엠엠핏(MMFIT),127.043547629908,37.6547060753909,헬스장
4185,"서울특별시 도봉구 해등로4길 9, 주공3단지아파트 2층 (창동)",팔로우짐 창동점,127.044061327345,37.6485694706115,헬스장
4186,서울특별시 도봉구 방학로 173 (방학동),져스트 짐,127.032918739715,37.6621011753407,헬스장
4187,"서울특별시 도봉구 우이천로 298, 3층 (쌍문동)",수 골프 앤 짐,127.029430765196,37.6443641814751,헬스장
4188,"서울특별시 도봉구 도봉로 445, 2층 2호 (쌍문동)",건운재 피트니스 센터,127.032590678837,37.6458670929817,헬스장
4189,"서울특별시 도봉구 해등로16길 106, 2층 (창동)",김한솔 PT샵,127.045701380051,37.6543864930888,헬스장
4190,"서울특별시 도봉구 도봉로110라길 69-6, 3층 (창동)",U&I Gym,127.036640981521,37.64291383053,헬스장
4191,"서울특별시 도봉구 노해로 379, 501호 (창동)",FIT 36.5,127.050255577194,37.6524755488884,헬스장
4192,"서울특별시 도봉구 도봉로 885, 2층 (도봉동)",에이원 휘트니스,127.045701281341,37.6834304009167,헬스장
4193,서울특별시 도봉구 도봉로181길 60-9  (도봉동),헬스장,127.043143267075,37.6852098046183,헬스장
4194,"서울특별시 도봉구 노해로65길 14-3, 4층 (창동)",핏오짐1,127.046767773309,37.6520703696514,헬스장
4195,"서울특별시 도봉구 도봉로180나길 56, 3층 (도봉동)",하이엔드짐,127.050684707062,37.683788034886,헬스장
4196,"서울특별시 도봉구 도봉로104길 53, 3층 (창동)",휴먼(HUMAN)휘트니스,127.035021358294,37.6433358929241,헬스장
4197,"서울특별시 도봉구 방학로 159, 4층 (방학동, 하나빌딩)",빌리버짐,127.034447487498,37.6622836380009,헬스장
4198,서울특별시 도봉구 시루봉로27길 8 (도봉동),광동헬스사우나,127.042691603377,37.6715652763085,헬스장
4199,"서울특별시 도봉구 해등로 125 (창동,한영프라자 지하1층)",O2 Zone 헬스,127.04047772224,37.6547703275814,헬스장
4200,"서울특별시 도봉구 도봉로 719, 지층 (방학동)",아이언짐 방학점,127.043100948845,37.6686955961496,헬스장
4201,"서울특별시 도봉구 도봉로150가길 27, 지1층 B101호 (방학동)",워라밸 피트니스,127.043924400911,37.6673492277368,헬스장
4202,"서울특별시 도봉구 노해로65길 10, 4층 (창동)",HR Max Gym 스튜디오,127.046610571403,37.6518453663653,헬스장
4203,"서울특별시 도봉구 도봉로 468, 405호 (창동)",쌍문역점 스포애니 주)케이디스포츠,127.034372618396,37.6473861862855,헬스장
4204,서울특별시 도봉구 도당로 145 (방학동),월드헬스크럽,127.042520040314,37.6672787450874,헬스장
4205,"서울특별시 도봉구 방학로 223, 신동아프라자 2, 3층 208호, 309호 (방학동)",올케어핏,127.027500354604,37.6613189795285,헬스장
4206,"서울특별시 도봉구 마들로 649-20, 205호 (방학동, 방학동메인프라자)",Kings Gym,127.044851810275,37.6683516698836,헬스장
4207,"서울특별시 도봉구 삼양로 582, 3층 (쌍문동)",정윤재 헬스클럽,127.01331674508,37.6550474459332,헬스장
4208,"서울특별시 도봉구 도당로 7, 지하층 B01호 (쌍문동, 벽산프라자)",(주)루케테,127.034774417532,37.6587910674163,헬스장
4209,서울특별시 도봉구 도당로13길 8 (방학동),휴먼휘트니스클럽,127.035743923351,37.6653412719347,헬스장
4210,서울특별시 도봉구 도봉산3길 50 (도봉동),도봉헬스클럽,127.04348708601,37.6851533672312,헬스장
4211,서울특별시 도봉구 노해로41길 37 (쌍문동),라이프 휘트니스,127.025375990289,37.649897432848,헬스장
4212,"서울특별시 도봉구 도봉로110길 65, 청마빌딩 5층 (창동)",휘트니스W창동점,127.037139346772,37.646419583413,헬스장
4213,"서울특별시 도봉구 도봉로 454, 지층 (창동)",크로스핏 앤츠,127.03370887958,37.6462366326041,헬스장
4214,"서울특별시 도봉구 도봉로 578, 지1층 (창동)",카인드짐24시 휘트니스& 태닝,127.039703171252,37.6562940617336,헬스장
4215,"서울특별시 도봉구 마들로 664-11, 현대리치타운 7층 (도봉동)",탐 휘트니스,127.047105447248,37.6694384546936,헬스장
4216,"서울특별시 도봉구 도봉로136가길 73, 103동 203호 (창동, 북한산한신휴플러스아파트)",랠리포인트 짐,127.042804882242,37.6556525588698,헬스장
4217,"서울특별시 도봉구 도봉로150다길 64, 여산빌딩 2층 201호 (방학동)",윈썸핏,127.044531851033,37.6689416628853,헬스장
4218,"서울특별시 도봉구 노해로 174 (쌍문동,4층)",J&S GYM,127.028112873669,37.6497629262878,헬스장
4219,서울특별시 도봉구 도봉로 571 (쌍문동),크로스핏 얼티메이트,127.038699298302,37.6560196858691,헬스장
4220,"서울특별시 도봉구 시루봉로 64 (쌍문동,센터빌딩 4층)",지엘 핏,127.028110647016,37.6564817347697,헬스장
4221,"서울특별시 도봉구 해등로 218, 5층 (쌍문동, 보성빌딩)",짐구공 헬스 PT 쌍문점,127.032521026155,37.6581564278861,헬스장
4222,"서울특별시 도봉구 해등로 48 (창동,주공3단지내 상가 지1)",루이 짐,127.043711097054,37.6486118570164,헬스장
4223,"서울특별시 도봉구 도당로 76, 3층 (방학동, 방학프라자)",Fitness Tok,127.035966945313,37.6645720367997,헬스장
4224,"서울특별시 도봉구 덕릉로 221, 2층 (창동)",슈퍼스타S 휘트니스,127.03723805158,37.6380424704376,헬스장
4225,"서울특별시 도봉구 마들로 649-20, 7층 (방학동, 메인프라자)",비타민헬스클럽,127.044851810275,37.6683516698836,헬스장
4226,"서울특별시 도봉구 우이천로32길 38 (쌍문동,동주빌딩 지하1)",스마일보이짐 쌍문점,127.025239329128,37.6492235267175,헬스장
4227,"서울특별시 도봉구 노해로 150, 2층 (쌍문동, 서울도봉우체국)",S gym,127.027242159067,37.6479235028158,헬스장
4228,"서울특별시 도봉구 방학로 102, 3층 (방학동)",건강해GYM,127.041111377118,37.6631015767575,헬스장
4229,"서울특별시 도봉구 도봉로145길 51, 3층 (방학동)",초이스 짐,127.039690102462,37.6645281362816,헬스장
4230,서울특별시 도봉구 우이천로4길 31 (창동),스마일보이짐 창동점,127.041107174419,37.6340960417198,헬스장
4231,"서울특별시 도봉구 마들로 624, 대상타운현대아파트 2층 208,209호 (방학동)",D-GYM,127.046680603721,37.6657841569947,헬스장
4232,"서울특별시 도봉구 도당로 10, 지하2층 비101호 (쌍문동, 쌍문동 LG트윈빌1)",스포벡 휘트니스 쌍문점,127.035308458179,37.6590926475667,헬스장
4233,"서울특별시 도봉구 도봉로 497, 지층 (쌍문동)",다엔 PT&필라테스,127.035115249398,37.6499900796989,헬스장
4234,"서울특별시 도봉구 도봉로136길 7, 한독패밀리타운 3층 304호 (창동)",존버짐,127.04165214437,37.659316184002,헬스장
4235,"서울특별시 도봉구 방학로 169, 지하1층 (방학동)",아트짐,127.033409166237,37.6621584299644,헬스장
4236,"서울특별시 도봉구 도봉로 476, 삼성쉐르빌퍼스티 지하1층 (창동)",글램피트니스,127.034762529441,37.647876747648,헬스장
4237,"서울특별시 도봉구 도봉로118길 26, 지하1층 (창동)",프리원핏 쌍문점,127.036575286249,37.6487360981091,헬스장
4238,"서울특별시 도봉구 도봉로180길 38, 지하1층 (도봉동)",크로스핏라이노,127.048004576613,37.6825624747037,헬스장
4239,"서울특별시 도봉구 방학로 152, 지하1층 (방학동)",프리원핏 방학점,127.035281549232,37.6628193851999,헬스장
4240,"서울특별시 노원구 동일로192길 74, 지하1,2층 (공릉동, 우은빌딩)",스포애니 공릉점,127.07710132272,37.6270616730914,헬스장
4241,"서울특별시 노원구 화랑로 335, 3층 (월계동)",휘트니스꿈&필라테스,127.064982783543,37.6151019639314,헬스장
4242,"서울특별시 노원구 한글비석로52길 26, 파인트리학원 B1층 (상계동)",마이피트니스 상계,127.066559965546,37.6656304576093,헬스장
4243,"서울특별시 노원구 상계로1길 14-11, 하이웰빙상가 4층 401호 (상계동)",업트레이닝(UP training PT&PILA),127.061816690873,37.6569098278246,헬스장
4244,"서울특별시 노원구 노원로 257, 인정빌딩 9층 901호 (하계동)",플라이짐,127.072761003099,37.6402669300959,헬스장
4245,"서울특별시 노원구 상계로 64, 화랑빌딩 가동 6층 1,2호 (상계동)",발리짐 노원역점,127.062277905261,37.6557918268818,헬스장
4246,"서울특별시 노원구 섬밭로 258, 건영옴니백화점 지하2층 (중계동)",아폴로휘트니스,127.064915087375,37.6391097783726,헬스장
4247,"서울특별시 노원구 한글비석로 477, 지하1층 (상계동)",운동하는 날 day,127.06498772114,37.6640865127329,헬스장
4248,"서울특별시 노원구 수락산로 212, 4층 (상계동)",블랙맘바짐,127.055377806803,37.6708275957536,헬스장
4249,"서울특별시 노원구 섬밭로 196, 상가동 205호 (하계동, 장미아파트)",헬로헤일리,127.067277883916,37.6339976168528,헬스장
4250,"서울특별시 노원구 덕릉로73길 18, 태인빌딩 3층 (중계동)",레몬핏 휘트니스,127.072435497752,37.6521796648241,헬스장
4251,"서울특별시 노원구 동일로243길 29, 상가동 2층 (상계동)",수호 바디짐,127.05337607997,37.6784299007712,헬스장
4252,"서울특별시 노원구 누원로 22, 크로바프라자 501호 (상계동)",리버PT,127.053059073035,37.6871097060198,헬스장
4253,"서울특별시 노원구 섬밭로 190, 선덕유치원 유치원부지 2층 201호 (하계동)",로즈짐,127.06712319369,37.6330646443357,헬스장
4254,"서울특별시 노원구 덕릉로 688, 3층 (중계동)",피트니스 서울 상계점,127.075590965035,37.6589584765274,헬스장
4255,"서울특별시 노원구 동일로 1389, B1층 5호 (상계동, 상계주공3단지아파트)",짐박스피트니스 노원역점,127.060656763286,37.6525616586009,헬스장
4256,"서울특별시 노원구 한글비석로52길 12, B1층 (상계동)",와일드짐,127.066476089868,37.6649908086308,헬스장
4257,"서울특별시 노원구 동일로 1361, 2단지상가202동 지하층 105호 (상계동, 상계주공2단지아파트)",노원점 스포애니 (주) 케이디헬스케어,127.061284207288,37.6500649811573,헬스장
4258,"서울특별시 노원구 공릉로 172, 반야빌딩 5층 (공릉동)",포미짐,127.080022646504,37.6252765854844,헬스장
4259,"서울특별시 노원구 공릉로51길 14-2, 우림고시원 3층 (공릉동)",공릉 라이크짐,127.076382140937,37.6288763669285,헬스장
4260,"서울특별시 노원구 월계로 338, 상가A동 3, 4층 (월계동, 월계역신도브래뉴)",인헬서짐 월계역점,127.058073069629,37.6292922424687,헬스장
4261,"서울특별시 노원구 광운로 39, 3층 (월계동)",엔비짐PT,127.058914293731,37.6210705907216,헬스장
4262,"서울특별시 노원구 노원로 247, 서울온천 지하 4층, 지하 4PIT층호 (하계동)",원팀월드,127.073402755279,37.6394713236205,헬스장
4263,"서울특별시 노원구 수락산로 190, 희락상가아파트 B1층 (상계동)",휘트니스인X필라테스인,127.057274733282,37.6711773512332,헬스장
4264,"서울특별시 노원구 상계로 70, 화랑빌딩 4층 (상계동)",일상의 운동 PT STUDIO,127.062768782263,37.6560029371167,헬스장
4265,"서울특별시 노원구 공릉로34길 22, 2층 (공릉동)",트레인스마트,127.08039653007,37.6227050948399,헬스장
4266,"서울특별시 노원구 노원로34길 80, 정상빌딩 B1층 (상계동)",크로스핏 오늘 상계보람 신관,127.066118647849,37.6625975537515,헬스장
4267,"서울특별시 노원구 동일로 1354, 명석빌딩 602호 (상계동)",이나핏필라테스&피티,127.062241988995,37.6495558747738,헬스장
4268,"서울특별시 노원구 한글비석로 410, 예공빌딩 B1층 (상계동)",여성헬스&우먼-핏,127.071235040175,37.6612514822701,헬스장
4269,"서울특별시 노원구 동일로227길 26, 지하1층 (상계동, 상계주공15단지아파트)",우리스포츠센터,127.054677638301,37.6701880464645,헬스장
4270,"서울특별시 노원구 동일로 1396, 중원빌딩 9층 (상계동)",재미짐 여성전용 헬스 PT 노원역점,127.061312429354,37.6532426426892,헬스장
4271,"서울특별시 강서구 마곡중앙로 161-17, 보타닉파크타워Ⅰ 12층 (마곡동)",에이블짐 마곡나루점,126.825960812712,37.5680581740122,헬스장
4272,"서울특별시 강서구 공항대로 247, 퀸즈파크나인 331,332,333,410호 (마곡동)",껀바디(kkunbody),126.83523920295,37.5593135416408,헬스장
4273,"서울특별시 강서구 화곡로68길 15, 아벨테크노 B107호 (등촌동)",일상 재활운동센터,126.855322786915,37.5594550069449,헬스장
4274,"서울특별시 강서구 마곡동로 62, 마곡사이언스타워 505호 (마곡동)",건강한 운동,126.833890184435,37.5605537644679,헬스장
4275,"서울특별시 강서구 공항대로 269-15, 힐스테이트에코마곡 303호 (마곡동)",데이빗짐,126.837242277605,37.5596113961056,헬스장
4276,"서울특별시 강서구 수명로 72, 발산신성프라자 402호 (내발산동)",조아짐 Personal Training,126.826125317295,37.5524085692206,헬스장
4277,"서울특별시 강서구 강서로 423, 아르디에 113호,114호 (마곡동)",에이스핏(Ace Fit),126.839361465026,37.5635059695343,헬스장
4278,"서울특별시 강서구 화곡로68길 3, 7층 (등촌동)",바디프로짐 가양점,126.854737852729,37.5595836717982,헬스장
4279,"서울특별시 강서구 강서로 43-4, B101호 (화곡동, 혜성오피아파트)",올데이PT 레이디,126.846204581785,37.5317067892237,헬스장
4280,"서울특별시 강서구 공항대로 426, VIP빌딩 3층 1호 (화곡동)",바디플렉스짐 강서구청 4거리점,126.854229652711,37.5548319100792,헬스장
4281,"서울특별시 강서구 공항대로 30, 지2층 (공항동, 로얄스퀘어호텔서울)",바디플렉스짐 송정역점,126.810277422215,37.5606623413741,헬스장
4282,"서울특별시 강서구 화곡로 141, 월드빌딩 2층 (화곡동)",내 몸 공작소,126.837381947717,37.5410652761464,헬스장
4283,"서울특별시 강서구 양천로 476, 금부빌딩 지하1층 (등촌동)",헬스보이짐 가양역점,126.853271958466,37.5616001805127,헬스장
4284,"서울특별시 강서구 마곡중앙6로 85, 마곡사이언스파크뷰 305호 (마곡동)",웨이트마스터GYM,126.836884719112,37.5602455642568,헬스장
4285,"서울특별시 강서구 강서로 348, B113호,B128호,B129호,B134호 (내발산동, 우장산힐스테이트)",에이블짐 발산역점,126.83808109977,37.5570784073479,헬스장
4286,"서울특별시 강서구 화곡로 274, 크라운뷰, 크라운타워 15층 일부호 (화곡동)",MH 휘트니스,126.847501435204,37.5488379962383,헬스장
4287,"서울특별시 강서구 마곡동로10길 23, 마곡파크뷰대방디엠시티오피스텔 209~211, 213~223호 (마곡동)",헬스보이짐 앤 필라걸 앤 골프인,126.839355910873,37.5686751510585,헬스장
4288,"서울특별시 강서구 마곡서로 133, 704동 201호 (마곡동, 마곡엠밸리7단지)",마곡PT아카데미,126.823838667719,37.5645561030039,헬스장
4289,"서울특별시 강서구 화곡로66길 76, 4층 (등촌동)",무궁화체육관,126.857420654566,37.5566167169327,헬스장
4290,"서울특별시 강서구 방화대로45길 56, 3층 (방화동)",조PT GYM,126.813505212688,37.5743817925351,헬스장
4291,"서울특별시 강서구 양천로 461, 주영빌딩 6층 (가양동)",바디플렉스짐 가양역점,126.852223862157,37.5630457825024,헬스장
4292,"서울특별시 강서구 공항대로 200, 마곡지웰타워 303,304호 (마곡동)",비전PT 마곡역점,126.829473076046,37.5589625253663,헬스장
4293,"서울특별시 강서구 공항대로45길 44, 청림오피스텔 지하1층 (등촌동)",짐박스피트니스 가양점,126.855808218309,37.5568092839784,헬스장
4294,"서울특별시 강서구 공항대로 28, 3층 좌측호 (공항동)",이루어짐,126.810280495789,37.5611463611113,헬스장
4295,"서울특별시 강서구 까치산로 23, 지2층 (화곡동)",피티 홀로서기,126.842891878596,37.5420810431491,헬스장
4296,"서울특별시 강서구 공항대로 525, 비원오피스텔 15층 1502,1503호 (등촌동)",바디채널 등촌역점,126.865288555375,37.5515396464121,헬스장
4297,"서울특별시 강서구 마곡중앙5로 6, 마곡나루역보타닉푸르지오시티 지층 B-104~B-110호 (마곡동)",메이크바디짐 마곡나루역 2호점,126.827554917518,37.5673140391214,헬스장
4298,"서울특별시 강서구 양천로 401, 강서한강자이타워 A동 314호 (가양동)",가양 PT 퓨어바디짐,126.847638315393,37.5657034766638,헬스장
4299,"서울특별시 강서구 공항대로41길 50, 보고시티프라자 302호 (등촌동)",가꿈PT 스튜디오,126.846097891004,37.5598898763249,헬스장
4300,"서울특별시 동작구 장승배기로28길 20, 지1층 (노량진동)",원투원휘트니스,126.941399850813,37.5122185602305,헬스장
4301,"서울특별시 강서구 마곡중앙1로 72, 오피스동 3층 304호 (마곡동, 마곡엠밸리10단지)",뉴핏샵,126.820063226063,37.5590400107717,헬스장
4302,"서울특별시 강서구 마곡중앙1로 10, B104~109호 (마곡동)",정직한 피트니스,126.825706944818,37.5584775157476,헬스장
4303,"서울특별시 강서구 강서로 462, 대룡드림타워-1 B1층 (등촌동)",스퀘어짐 양천향교,126.84140274432,37.5666120273171,헬스장
4304,"서울특별시 강서구 방화동로 40, b1층 (공항동)",바디플렉스짐 공항시장역점,126.811268489685,37.5640509513824,헬스장
4305,"서울특별시 강서구 화곡로 119, 동인빌딩 5층 502호 (화곡동)",캡틴짐,126.835104104883,37.5404442123113,헬스장
4306,서울특별시 강서구 화곡로 112 (화곡동),슬림앤핏 1:1 PT,126.834453929818,37.5397843119547,헬스장
4307,"서울특별시 강서구 양천로 128, 한림리첸빌 101동 203호 (방화동, 한림리첸빌)",라파리메디핏,126.818164008437,37.5731356881546,헬스장
4308,"서울특별시 강서구 강서로 27, 화곡 심포니 타워 504호 (화곡동)",스웻투게더 그룹PT 까치산,126.847206208517,37.5303651480517,헬스장
4309,"서울특별시 강서구 양천로57길 10-10, 탐라영재관 지하1층 (가양동)",스포터짐,126.852598335373,37.5628439770817,헬스장
4310,"서울특별시 강서구 방화대로34길 92, 불해빌딩 201호 (마곡동)",유나짐,126.821409394955,37.5708840128695,헬스장
4311,"서울특별시 강서구 공항대로71길 19, 로보사옥 201호 (염창동)",바이디짐,126.872154626899,37.5482381851298,헬스장
4312,"서울특별시 강서구 금낭화로 128, 하이포트 지1층 비01호 (방화동)",짐박스피트니스 방화역점,126.812685159793,37.5765585554781,헬스장
4313,"서울특별시 강서구 양천로77길 13, 3층 (염창동)",피지컬 스토리,126.876642966532,37.5500357653073,헬스장
4314,"서울특별시 강서구 마곡중앙로 161-17, 보타닉파크타워Ⅰ 4층 410호 (마곡동)",공감PT,126.825960812712,37.5680581740122,헬스장
4315,"서울특별시 강서구 공항대로 519, 신성빌딩 지하1층 101,102호 (등촌동)",에브리바디 멀티짐,126.864130888419,37.5517696060508,헬스장
4316,"서울특별시 강서구 강서로5나길 104, 2층 (화곡동, 웰라이빌아파트)",더블에스휘트니스 까치산역점,126.842384319394,37.5285659999317,헬스장
4317,"서울특별시 강서구 공항대로 209, 지엠지엘스타 지하1층 B108~B111호 (마곡동)",아크로짐 마곡점,126.830889417254,37.5597527538278,헬스장
4318,"서울특별시 강서구 양천로67길 21, 202호,203호 (염창동, 여명로얄페밀리)",다이아짐,126.867724962196,37.5552384722029,헬스장
4319,"서울특별시 강서구 화곡로72길 62, 가양글로벌퍼스트 103동 지층 B101호 (가양동)",에이투피 피트니스,126.858821387363,37.5604142081224,헬스장
4320,"서울특별시 강서구 마곡중앙6로 45, 리더스퀘어마곡 A동 412호 (마곡동)",제이짐(J GYM),126.832720625607,37.5606312206415,헬스장
4321,"서울특별시 강서구 마곡중앙2로 35, 이너매스마곡Ⅱ 6층 625, 626호 (마곡동)",루나짐,126.830661784149,37.5579650314969,헬스장
4322,"서울특별시 강서구 마곡중앙로 59-21, 에이스타워Ⅱ 307~312호 (마곡동)",F45 마곡역점,126.824241089722,37.5588046568145,헬스장
4323,"서울특별시 강서구 양천로 470, 그레이스힐 215호 (등촌동)",다온나 필라테스&PT,126.852482159998,37.562064740914,헬스장
4324,"서울특별시 강서구 등촌로 65, B104호, B108호 B201호, B301호 (등촌동, 동양하우징)",혼 GYM,126.863175745302,37.5359232687599,헬스장
4325,"서울특별시 강서구 마곡중앙6로 93, 열린프라자 402호 (마곡동)",지금 여기,126.837697932979,37.5601356822454,헬스장
4326,"서울특별시 강서구 강서로56길 90, 2층 (등촌동)",엔에이핏,126.843737021078,37.5589919960113,헬스장
4327,"서울특별시 강서구 공항대로61길 39, 2층 (등촌동)",어반 피티 스튜디오,126.866113761234,37.5527475612581,헬스장
4328,"서울특별시 강서구 강서로18길 26, 4층 401호 (화곡동)",젊어GYM,126.847150054804,37.5338767243643,헬스장
4329,"서울특별시 강서구 양천로10길 38, 106동 3층 301호, 303~308호 (방화동, 신마곡벽산블루밍)",바디플렉스짐 개화산역점,126.808641305119,37.571005283099,헬스장
4330,"서울특별시 강서구 마곡서로 158, 마곡센트럴타워Ⅱ 213호, 214호 (마곡동)",짐 410,126.825424095847,37.5680890965874,헬스장
4331,"서울특별시 강서구 마곡중앙6로 93, 열린프라자 B01호 (마곡동)",험블짐 발산본점,126.837697932979,37.5601356822454,헬스장
4332,"서울특별시 강서구 마곡중앙로 59-5, 301호~313호 (마곡동)",브이업짐 신마곡점,126.82593896083,37.5588174434426,헬스장
4333,"서울특별시 강서구 화곡로 350, SJ라벨라 B201호 (화곡동)",여성전용헬스장A 강서구청점,126.852209910209,37.55480957734,헬스장
4334,"서울특별시 강서구 화곡로 158, 세림빌딩 5층 (화곡동)",웨이크짐,126.839204790182,37.5410784040909,헬스장
4335,"서울특별시 강서구 강서로52길 43, B01호 (내발산동, DH647)",레디짐 발산역점 헬스PT,126.840556795103,37.5579923234822,헬스장
4336,"서울특별시 강서구 공항대로 228, 210호 (마곡동)",짐올레,126.832674163293,37.5586327456572,헬스장
4337,"서울특별시 강서구 공항대로 543, B102~B106/B109~B111호 (염창동, 센터스퀘어)",에이블짐 등촌역점,126.866412265444,37.5507388549618,헬스장
4338,"서울특별시 강서구 화곡로59길 73, 성진빌딩 1층 (화곡동)",핏밀리 강서화곡점,126.847922302218,37.5536772558037,헬스장
4339,"서울특별시 강서구 양천로69길 65, 상가동 B101호 (염창동, 강변성원아파트)",골드마운틴 짐,126.872154343908,37.5559565805522,헬스장
4340,"서울특별시 강서구 공항대로 190, 푸리마타워 316~319호 (마곡동)",원바디 PT,126.828637182941,37.5590423146669,헬스장
4341,"서울특별시 강서구 강서로 36, 3층 (화곡동)",커브스 까치산클럽,126.847395750062,37.5311785461535,헬스장
4342,"서울특별시 강서구 양천로 500, 등촌동노블리움오피스텔 3층 307호308호 (등촌동)",1986 피트니스,126.855531211014,37.5605371784027,헬스장
4343,"서울특별시 강서구 양천로 72, 해성빌딩 6층 (방화동)",방화사거리점 스포애니 (주)케이디헬스케어,126.811777075121,37.5732116324409,헬스장
4344,"서울특별시 강서구 등촌로 47, 3층 (화곡동)",바로온 피티&필라테스,126.863271547837,37.5341426431204,헬스장
4345,"서울특별시 강서구 강서로 210, 상광빌딩 5층 (화곡동)",새로고침 PT,126.837700732921,37.5448063005815,헬스장
4346,"서울특별시 강서구 마곡중앙6로 66, 퀸즈파크텐 3층 317-318호 (마곡동)",유핏,126.8343608462,37.559915259194,헬스장
4347,"서울특별시 강서구 마곡중앙6로 21, 이너매스마곡Ⅰ 714,715호 (마곡동)",김사부짐,126.829618546018,37.560835635621,헬스장
4348,"서울특별시 강서구 화곡로13길 28, 태화빌딩 4층 (화곡동)",경춘체육관,126.833481640596,37.5412067034551,헬스장
4349,"서울특별시 강서구 화곡로66길 66, 등촌2차크라운팰리스 B101호 (등촌동)",크로스핏 코알라,126.856954820841,37.5566786826589,헬스장
4350,"서울특별시 강서구 양천로 470, 그레이스힐 B101호 (등촌동)",스토리짐,126.852482159998,37.562064740914,헬스장
4351,"서울특별시 강서구 공항대로61길 10-6, B1층 (염창동, 에이치밸리움2차)",팀초이,126.865710740875,37.5513107333278,헬스장
4352,"서울특별시 강서구 양천로 690, 호서빌딩 7층 (염창동)",웨이트랩,126.872623821398,37.5502195363375,헬스장
4353,"서울특별시 강서구 공항대로59길 80-6, B01호 (등촌동)",좋은습관 PT STUDIO 등촌,126.863576041776,37.5550520202301,헬스장
4354,"서울특별시 강서구 등촌로 75, 지덕빌딩 지하1층 (등촌동)",피트니스클라쓰 등촌동점,126.863203039524,37.5367139277952,헬스장
4355,"서울특별시 강서구 양천로 713, 대영빌딩 4층 전체 및 5층 일부호 (염창동)",바른헬스,126.875250908344,37.5498405882542,헬스장
4356,"서울특별시 강서구 강서로68길 12, 인방빌딩 201호 (등촌동)",운동독립스쿨 PT 스튜디오,126.841550722394,37.5662197525578,헬스장
4357,"서울특별시 강서구 강서로 47-8, 평인빌딩 지층 (화곡동)",나홀로짐에 까치산역점,126.845871655224,37.5320188221345,헬스장
4358,"서울특별시 강서구 공항대로 351-21, 지층 비101호 (등촌동, 미주진로아파트)",스토리짐,126.847618943195,37.5605993113597,헬스장
4359,"서울특별시 강서구 양천로65길 41-22, JK블라썸호텔 지하2층 일부호 (염창동)",JK블라썸호텔(휘트니스),126.867775302197,37.5567881532175,헬스장
4360,"서울특별시 강서구 공항대로 13, 대룡드림타워-II 지하1층 (공항동)",밸런스 22,126.808845694636,37.5618533104125,헬스장
4361,"서울특별시 강서구 공항대로 38, 지하1층 (공항동)",에너짐,126.811572673743,37.5609740878002,헬스장
4362,"서울특별시 강서구 강서로18가길 4, 3층 (화곡동)",올데이,126.847065824984,37.5341243903414,헬스장
4363,"서울특별시 동작구 상도로 78, 3층 (대방동)",바디킹PT샵,126.929148090508,37.4995449770673,헬스장
4364,"서울특별시 강서구 공항대로 164, 류마타워 403호 (마곡동)",윤진화 퍼스널트레이닝,126.825514827621,37.5593259702511,헬스장
4365,"서울특별시 강서구 강서로7길 18, 지하1층 B01호 (화곡동, 한울아파트)",더조은피티,126.846813927331,37.5297213253831,헬스장
4366,"서울특별시 강서구 화곡로 195, 지하1층 (화곡동)",짐스페이스,126.842508438068,37.5433015658335,헬스장
4367,"서울특별시 강서구 양천로 489, 상가동 2층 203호 (가양동, 가양우성아파트)",피지컬 박스 PT,126.854207064138,37.5622435688041,헬스장
4368,"서울특별시 강서구 화곡로 164, 화곡빌딩 4층 (화곡동)",머슬프렌즈짐 3,126.839889999096,37.5412543091125,헬스장
4369,"서울특별시 강서구 강서로 303, 지층 (내발산동)",운동하는 날 우장산점,126.836114473262,37.552983096438,헬스장
4370,"서울특별시 강서구 양천로 583, 우림블루나인비즈니스센터 A동 511호 (염창동)",짐 에브리원 증미역점,126.864347419732,37.5571161918617,헬스장
4371,"서울특별시 강서구 수명로 74, 발산시티타워 10층 1001호 (내발산동)",블롬더바디,126.826197321696,37.5525909469274,헬스장
4372,"서울특별시 강서구 화곡로 318, 2층 (화곡동)",도넛 PT&헬스 스튜디오 여성전용,126.850323319971,37.552210617184,헬스장
4373,"서울특별시 강서구 양천로 628, 홍익빌딩 3층 (염창동)",머슬포인트 짐,126.867326788081,37.5539157220433,헬스장
4374,"서울특별시 강서구 강서로52길 16, 호용빌딩 2층 (내발산동)",액티브핏,126.838934950863,37.5576845042108,헬스장
4375,"서울특별시 강서구 강서로 460, 평안빌딩 303~305호 (등촌동)",코리안탑팀 강서,126.841106001932,37.5663257425795,헬스장
4376,"서울특별시 강서구 공항대로 505, 더프라임 B01~B02호 (등촌동)",봉봉 헬스/PT 등촌역점,126.862699806292,37.5524898298296,헬스장
4377,"서울특별시 강서구 강서로 385, 우성에스비타워 6층 609호 (마곡동)",6층 PT의 자격,126.838304106686,37.5600926354663,헬스장
4378,"서울특별시 강서구 허준로 139, 지하층 (가양동, 강변아파트)",You GYM,126.856278639847,37.564612123403,헬스장
4379,"서울특별시 강서구 화곡로 270, 다빈빌딩 2층 (화곡동)",백짐 (100GYM),126.84723035629,37.5486421292999,헬스장
4380,"서울특별시 강서구 곰달래로 231, 2층 (화곡동)",미스터리,126.858720666417,37.5319277633317,헬스장
4381,"서울특별시 강서구 화곡로 153, 광유빌딩 6층 (화곡동)",휘트니스피플 우먼 화곡점,126.838750382592,37.5414945865523,헬스장
4382,"서울특별시 강서구 화곡로 142, 메가박스 B101호 (화곡동)",자마이카 PT 스튜디오,126.837581836675,37.5405665780291,헬스장
4383,"서울특별시 강서구 마곡중앙6로 11, 보타닉파크타워3 B103, B105,B106호 (마곡동)",핏밤 마곡점,126.828842430746,37.5609479484261,헬스장
4384,"서울특별시 강서구 공항대로55길 47, 대륙빌딩 5층 (등촌동)",클라이짐,126.861602287752,37.5551254069616,헬스장
4385,"서울특별시 강서구 수명로 82, 발산로얄타워 602호 (내발산동)",핏밀리짐(FITMILY GYM),126.826445722129,37.5534716764145,헬스장
4386,"서울특별시 강서구 화곡로64길 50, 상가동 201~202호 (등촌동, 등촌현대2차아파트)",워싱턴짐,126.85565469408,37.5560768563306,헬스장
4387,"서울특별시 강서구 공항대로 194, 문영 퀸즈파크12차 303~309호 (마곡동)",바디프로짐,126.829034127455,37.5589809916906,헬스장
4388,"서울특별시 강서구 강서로 460, 평안빌딩 201~203호 (등촌동)",H 피트니스,126.841106001932,37.5663257425795,헬스장
4389,"서울특별시 강서구 양천로30길 27, A동 (마곡동)",이지 스트랭스,126.822867031496,37.5721248955895,헬스장
4390,"서울특별시 강서구 마곡중앙로 59-17, 류마타워2 301~303호 (마곡동)",제이뷰짐,126.824795871557,37.5589090959127,헬스장
4391,"서울특별시 강서구 마곡중앙6로 42, 사이언스타 304호 (마곡동)",레오핏,126.832082440541,37.5601077371065,헬스장
4392,"서울특별시 강서구 공항대로 227, 마곡센트럴타워Ⅰ 217호 (마곡동)",라인핏,126.832686373319,37.5596003426585,헬스장
4393,"서울특별시 강서구 마곡서1로 115-1, 마곡헤리움1차 212호 (마곡동)",행복해GYM,126.818571159801,37.5667077205368,헬스장
4394,"서울특별시 강서구 강서로 153, 3층 (화곡동)",어뉴바디 PT&Pilates,126.841040534827,37.5404509109854,헬스장
4395,"서울특별시 강서구 강서로56길 16, 연준빌딩 4층 (등촌동)",원픽피트니스 PT 발산역점,126.839626723585,37.5594097724998,헬스장
4396,"서울특별시 강서구 공항대로 186, 로뎀타워 3층 311호 (마곡동)",리프트짐,126.827995667592,37.5590996762805,헬스장
4397,"서울특별시 강서구 화곡로 429, 토피아빌딩 502호 (가양동)",황바디짐,126.855066268266,37.5615280646201,헬스장
4398,"서울특별시 강서구 강서로74길 36, 2층 (가양동)",모티브,126.842805327669,37.566860235203,헬스장
4399,"서울특별시 강서구 강서로45길 49-4, B1호 (내발산동, 태승훼미리아파트5차)",라이크미,126.832971913548,37.547790569435,헬스장
4400,"서울특별시 강서구 강서로 173, 터보빌딩 6층 (화곡동)",바운드 짐 화곡역점,126.83962220933,37.5419221264693,헬스장
4401,"서울특별시 강서구 강서로56길 56, 101동 201,202호 (등촌동, 메종드남광)",더 바른PT STUDIO,126.841831213744,37.5592027241024,헬스장
4402,"서울특별시 강서구 강서로 395, 플레이스에이치 203호 (마곡동)",공간 PT,126.838610552611,37.561058561996,헬스장
4403,"서울특별시 강서구 공항대로45길 15, B102~B103호 (등촌동, 가양역 두산위브)",여성전용헬스장 A,126.854556711293,37.5562925590397,헬스장
4404,"서울특별시 강서구 강서로 59, B1호 (화곡동)",JY GYM,126.845724927769,37.5328367388375,헬스장
4405,"서울특별시 강서구 양천로 551-24, 101호 (가양동, 한화비즈메트로2차)",YoungSan Personal Training Center,126.861958550884,37.5588704565214,헬스장
4406,"서울특별시 강서구 양천로59길 46, 대일빌딩 4층 (가양동)",스타트짐,126.860025023147,37.561041563254,헬스장
4407,"서울특별시 강서구 화곡로 183, 201호 (화곡동)",이든핏,126.841535102195,37.542435575248,헬스장
4408,"서울특별시 강서구 마곡중앙로 171, 마곡나루역프라이빗타워Ⅱ 205호 (마곡동)",DRAW BODY,126.827780298847,37.5690270688312,헬스장
4409,"서울특별시 강서구 강서로33길 23, B01호 (화곡동, 한울에이치밸리움)",The B.,126.838630410809,37.5416662431468,헬스장
4410,"서울특별시 강서구 곰달래로49길 41, 성우빌딩 4층 (화곡동)",아이앤스포츠,126.857337860067,37.533491589186,헬스장
4411,"서울특별시 강서구 양천로 660, 왈도강서캠퍼스 6층 (염창동)",에스짐 염창점,126.870104939409,37.552137629227,헬스장
4412,"서울특별시 노원구 동일로 1639-6, 주일빌딩 601호 (상계동)",핏케어(Fit&Care),127.05483336974,37.6747987373946,헬스장
4413,"서울특별시 강서구 마곡중앙로 171, 마곡나루역프라이빗타워Ⅱ B105호 (마곡동)",리폼드 크로스핏,126.827780298847,37.5690270688312,헬스장
4414,"서울특별시 강서구 양천로26길 18, 4층 (방화동)",팀스파르타짐,126.817935470228,37.5727585403151,헬스장
4415,"서울특별시 강서구 강서로 308, 신양빌딩 지층 (내발산동)",공감 휘트니스,126.836799948563,37.5531353232807,헬스장
4416,"서울특별시 강서구 양천로 606, 8층 (등촌동, 준희빌딩)",위드에이치2,126.865202758265,37.555193002514,헬스장
4417,"서울특별시 강서구 강서로 163, 4층 (화곡동, 콤마빌딩)",스키니짐,126.840345915343,37.5412413213065,헬스장
4418,"서울특별시 강서구 강서로45길 28, 지층 2호 (내발산동)",포에버 퀸즈짐,126.834582814344,37.5480776425205,헬스장
4419,"서울특별시 강서구 공항대로 627, 2층 (염창동)",아이앤지 짐,126.874538741651,37.5472872158845,헬스장
4420,"서울특별시 강서구 마곡중앙5로 81, 10층 1003~1004호 (마곡동, 에스비타운)",옵티멀 무브,126.818597219555,37.5671170824829,헬스장
4421,"서울특별시 강서구 수명로 80, 7층 (내발산동)",애플짐플러스,126.826392872773,37.5532272483636,헬스장
4422,"서울특별시 강서구 화곡로 398, 4층 (등촌동)",인스타일 휘트니스,126.854819012937,37.5584699599397,헬스장
4423,"서울특별시 강서구 강서로 162, 302호 (화곡동, SC제일은행화곡지점)",코카머슬로즈PT,126.841038303492,37.5413953350972,헬스장
4424,"서울특별시 강서구 마곡중앙6로 93, 503호 (마곡동, 열린프라자)",마블짐 휘트니스,126.837697932979,37.5601356822454,헬스장
4425,"서울특별시 강서구 화곡로 161, 대성빌딩 5층,6층 일부호 (화곡동)","자마이카 휘트니스, 필라테스 화곡점",126.839166396503,37.5418323076538,헬스장
4426,"서울특별시 강서구 양천로57길 9-14, 401호 (가양동)",MAREE PT,126.851464062702,37.5638389666009,헬스장
4427,"서울특별시 강서구 강서로 490, 2층 (가양동, 일신건영휴먼빌아파트 상가동)",PT GROUND,126.841805662092,37.5690925562377,헬스장
4428,"서울특별시 강서구 공항대로41길 65, 그랜드종합상가 303호 (등촌동)",회복그리다,126.846120366466,37.5607934244622,헬스장
4429,"서울특별시 강서구 강서로 267, 9층 (내발산동, 송화프라자)",우장산역점 스포애니 (주)케이디헬스케어,126.835941270275,37.5496000614643,헬스장
4430,"서울특별시 강서구 방화동로 120 (방화동,63,158호)",그린헬스크럽,126.812275266689,37.5711378874026,헬스장
4431,"서울특별시 강서구 강서로 61, 5층 (화곡동, 영상빌딩)",하이짐 까치산점,126.845648213354,37.5330044048418,헬스장
4432,"서울특별시 강서구 강서로52길 83  (내발산동,1층, 2층)",태광 스포츠,126.842856725447,37.5575332858908,헬스장
4433,"서울특별시 강서구 공항대로41길 34, 5층 (등촌동, 플러스존)",등촌점 스포애니 (주)케이디헬스케어,126.84571196058,37.5592796685251,헬스장
4434,"서울특별시 강서구 강서로45길 9, 401호 (화곡동)",커브스 우장산클럽,126.835640361502,37.5477983683664,헬스장
4435,"서울특별시 강서구 양천로73가길 74, 당곡빌딩 5층 (염창동)",락 바디 짐,126.876178172454,37.5497772330074,헬스장
4436,"서울특별시 강서구 화곡로 292, B101~102호 (화곡동, 서광프리메라)",(주) 세이브피트니스 화곡,126.848722796198,37.5501868292157,헬스장
4437,"서울특별시 강서구 강서로 297, 3층 (내발산동)",미 앤 스포츠,126.835967816086,37.5524103091281,헬스장
4438,"서울특별시 강서구 곰달래로31가길 27, 2층 (화곡동, 신정초등학교내)",주) 스포웰,126.852593386106,37.5330611210515,헬스장
4439,"서울특별시 강서구 화곡로 191, 1층로비,B1~B2층 (화곡동)",화곡역점 스포애니 주)케이디스포츠,126.842277124123,37.5429376140488,헬스장
4440,"서울특별시 강서구 금낭화로 5  (방화동,5층)",체리휘트니스,126.811572352147,37.5657305309014,헬스장
4441,"서울특별시 강서구 화곡로 347, B202호 (화곡동, 그랜드아이파크)",베뉴지,126.85129237152,37.5548351849155,헬스장
4442,"서울특별시 강서구 양천로 470, 3층 315호 (등촌동, 그레이스힐)",리썸바디 필라니스,126.852482159998,37.562064740914,헬스장
4443,"서울특별시 강서구 방화동로 93, 지층 (방화동)",K-휘트니스1,126.812481320027,37.5688664481818,헬스장
4444,"서울특별시 강서구 화곡로25길 2, 503호 (화곡동, KBH빌딩)",슈퍼바디 짐,126.838497275306,37.5413831475011,헬스장
4445,서울특별시 강서구 곰달래로 236 (화곡동),삼성헬스프라자,126.85919774123,37.5317013710494,헬스장
4446,"서울특별시 관악구 신림로 148, 2층 (신림동)",조이풀 피티샵,126.933777719101,37.4723945221273,헬스장
4447,"서울특별시 강서구 방화대로 294, 10층 1001~1007호 (마곡동, 마곡더블유타워)",에이블짐 신방화역점,126.81705155434,37.5669962165931,헬스장
4448,"서울특별시 강서구 양천로 510, 현대프린스텔 비01호~비03호 (등촌동)",가양역점 스포애니 (주)케이디헬스케어,126.856339450696,37.5601170390069,헬스장
4449,"서울특별시 강서구 강서로74길 3, 202호 (가양동, 가양빌딩)",스카이 핏,126.8415131263,37.5678840200144,헬스장
4450,"서울특별시 강서구 강서로56가길 47, 5층 (등촌동, 동진빌딩)",짐더클래식,126.840099440935,37.5617021869591,헬스장
4451,"서울특별시 강서구 마곡서로 133, 704동 202호 (마곡동, 마곡엠밸리7단지)",더핏불,126.823838667719,37.5645561030039,헬스장
4452,"서울특별시 강서구 강서로17다길 24, 1층층 (화곡동)",헬스-라이프,126.842300101108,37.5336934812168,헬스장
4453,서울특별시 강서구 화곡로65길 62  (등촌동),강서구민올림픽체육센터,126.850583992337,37.5596698491317,헬스장
4454,서울특별시 강서구 공항대로 376 (화곡동),KBS 스포츠월드 헬스클럽,126.84719334651,37.5568482740514,헬스장
4455,서울특별시 강서구 등촌로 47 (화곡동),영헬스피아,126.863271547837,37.5341426431204,헬스장
4456,"서울특별시 강서구 금낭화로 135, 금강프라자빌딩 10층 (방화동)",방화역점 스포애니 (주)케이디헬스케어,126.812438073591,37.5774450106613,헬스장
4457,"서울특별시 강서구 양천로 583, A동 B107호 (염창동, 우림블루나인비즈니스센터)",라이프플러스 휘트니스 강서점,126.864347419732,37.5571161918617,헬스장
4458,"서울특별시 강서구 마곡중앙로 161-8, 두산더랜드파크 A-309~313호 (마곡동)",메이크바디 PT 마곡나루역점,126.827338682565,37.568851450649,헬스장
4459,"서울특별시 강서구 공항대로 637, 101동 106호 (염창동, 현대아이파크아파트)",단하나피티,126.875932640151,37.5475712417486,헬스장
4460,"서울특별시 강서구 방화동로 1, 2층 (방화동)",레몬트리짐,126.808044242886,37.5621635742806,헬스장
4461,"서울특별시 강서구 강서로 385, 901호 (마곡동, 우성에스비타워)",바디코드,126.838304106686,37.5600926354663,헬스장
4462,"서울특별시 강서구 월정로30길 55, 2층 (화곡동, 태영빌딩)",스타짐,126.838986870107,37.5349171634352,헬스장
4463,"서울특별시 강서구 강서로 27, 화곡심포니타워 8층 (화곡동)",랩스휘트니스 까치산,126.847206208517,37.5303651480517,헬스장
4464,"서울특별시 강서구 강서로 385, 우성에스비타워 705,706호 (마곡동)",피트니스 2.0,126.838304106686,37.5600926354663,헬스장
4465,"서울특별시 강서구 공항대로 212, 문영 퀸즈파크11차 317,318호 (마곡동)",쉐어짐,126.831007635455,37.5588248070734,헬스장
4466,"서울특별시 강서구 양천로30길 123-5, 2층 (마곡동)",GGpark,126.823275698958,37.5678042492348,헬스장
4467,"서울특별시 강서구 등촌로 233, 2층 (등촌동)",아이엔지 휘트니스,126.863713710438,37.5506117037104,헬스장
4468,"서울특별시 강서구 방화동로 93, 지층 (방화동)",K-휘트니스2,126.812481320027,37.5688664481818,헬스장
4469,"서울특별시 강서구 마곡중앙5로 81, 에스비타운 305,306호 (마곡동)",바디체크짐,126.818597219555,37.5671170824829,헬스장
4470,"서울특별시 강서구 마곡중앙5로 81, 702호 (마곡동, 에스비타운)",에스핏 피티 스튜디오,126.818597219555,37.5671170824829,헬스장
4471,"서울특별시 강서구 공항대로 621, 3층 (염창동)",슈퍼맨 짐,126.873852622489,37.5472344972859,헬스장
4472,"서울특별시 강서구 양천로69길 19, 세우빌딩 201호, 지층 (염창동)",TNT GYM,126.870760219916,37.5534274053442,헬스장
4473,"서울특별시 강서구 까치산로4길 3, 3층 303,304호 (화곡동)",바디채널 화곡점,126.844138758277,37.5424936410225,헬스장
4474,"서울특별시 강서구 강서로 392-11, B1층 (등촌동, 진성프라자)",AKA 크로스핏,126.839762028661,37.5607577561581,헬스장
4475,"서울특별시 강서구 수명로 68-27, 801호 (내발산동, 웨스트엔드문화센터)",에이블짐 수명산파크점,126.826675489517,37.552676073225,헬스장
4476,"서울특별시 강서구 화곡로 398, 점3층 B3호 (등촌동, 홈플러스 강서점 아놀드 홍코너)",아놀드홍 휘트니스 홈플러스 강서점,126.854819012937,37.5584699599397,헬스장
4477,"서울특별시 강서구 양천로 251  (마곡동,지상 2층)",마곡레포츠센터,126.832148803205,37.5731554994777,헬스장
4478,"서울특별시 강서구 방화대로 294, 604호 (마곡동, 마곡더블유타워)",Recover Fit,126.81705155434,37.5669962165931,헬스장
4479,"서울특별시 강서구 화곡로 154, B1층 (화곡동, 청산빌딩1)",크로스핏 팬덤,126.838937377558,37.5409897417689,헬스장
4480,"서울특별시 강서구 마곡중앙5로 87, 208호 (마곡동, 우성르보아투)",BREAK CALORIE,126.817773482836,37.5671827578116,헬스장
4481,"서울특별시 강서구 공항대로 290, 3층 307호 (내발산동, 순봉빌딩)",WON GYM,126.839771765415,37.5581136160559,헬스장
4482,"서울특별시 강서구 마곡중앙5로 87, 3층 309호 (마곡동, 우성르보아투)",커브스 마곡클럽,126.817773482836,37.5671827578116,헬스장
4483,"서울특별시 강서구 화곡로68길 102, B111호 (등촌동)",S 메디스포,126.859331594729,37.5569887781271,헬스장
4484,"서울특별시 강서구 강서로18길 14, 2층 (화곡동)",까치산역점 스포애니 (주)케이디헬스케어,126.846603753117,37.5335739106854,헬스장
4485,"서울특별시 강서구 곰달래로 101, 한빛 2층 (화곡동)",빌리브 피티 스튜디오,126.844018645943,37.530515772958,헬스장
4486,"서울특별시 강서구 강서로 360, 솔레드림 지하1층 비101호 (내발산동)",H피트니스 발산역점,126.838393605308,37.5576945764491,헬스장
4487,"서울특별시 강서구 강서로 231, B101호 (화곡동, 우장산역 해링턴 타워)",브이업짐 우장산점,126.836117683731,37.546244810291,헬스장
4488,"서울특별시 강서구 마곡중앙6로 16, 마곡지엠지타워 206,207,208호 (마곡동)",파인드짐,126.829006208171,37.5604015515818,헬스장
4489,"서울특별시 강서구 강서로 199, 3층 (화곡동)",밸런스 22,126.838060891221,37.5437173978584,헬스장
4490,"서울특별시 강서구 국회대로7길 213, B101호 (화곡동)",크로스핏 리치,126.849089393035,37.5285450250164,헬스장
4491,서울특별시 강서구 가로공원로76길 100 (화곡동),백제헬스크럽,126.83883535208,37.5328236634124,헬스장
4492,"서울특별시 강서구 화곡로63길 93, 지하1층 B1-01호~B1-03호 (등촌동, 신송타워)",오리진 휘트니스,126.847811653783,37.5585028516812,헬스장
4493,"서울특별시 강서구 강서로 43, B201호 (화곡동, 도양라비앙타워)",렛츠런 24hour 휘트니스,126.846531702129,37.5315215185769,헬스장
4494,"서울특별시 강서구 공항대로 271, 5층(504), 6층 (마곡동, 이천이프라자)",아크로짐 발산역점 24시 휘트니스,126.837818288246,37.5589663547183,헬스장
4495,"서울특별시 강서구 양천로 401, A213-4호 (가양동, 강서한강자이타워)",스포짐 가양점,126.847638315393,37.5657034766638,헬스장
4496,"서울특별시 강서구 강서로 505  (가양동,3층)",가양스포츠클럽,126.841429578672,37.5705593213224,헬스장
4497,"서울특별시 강서구 강서로13길 3, B2, 2층 (화곡동, 동진빌딩)",JY FITNESS,126.846047920456,37.5322957492562,헬스장
4498,서울특별시 강서구 곰달래로 261 (화곡동),바디앤짐,126.8620699203,37.5323372628609,헬스장
4499,"서울특별시 강서구 금낭화로 9 (방화동,용환빌딩 4층 401호)",솔 휘트니스 ＆ 스포츠크리닉,126.811603359943,37.5661373795288,헬스장
4500,"서울특별시 강서구 강서로54길 42 (등촌동,2층)",스카이 토탈 휘트니스 센타,126.841096965391,37.5588030473716,헬스장
4501,"서울특별시 강서구 허준로 139, 2층 (가양동, 강변아파트관리사무동)",가양헬스클럽,126.856278639847,37.564612123403,헬스장
4502,"서울특별시 강서구 곰달래로49길 17, 2층,3층일부호 (화곡동)",에코짐,126.857624885347,37.5325451643989,헬스장
4503,"서울특별시 강서구 허준로 198 (가양동,가양프라자 205호, 206호)",해피 휘트니스 클럽,126.860254088709,37.5612915907155,헬스장
4504,"서울특별시 강서구 강서로 191  (화곡동,3층)",라이프 휘트니스,126.838520714498,37.5432641044882,헬스장
4505,"서울특별시 강서구 화곡로 206, 3층 (화곡동)",헬스와 필라테스 화곡점,126.843620476759,37.5437035376111,헬스장
4506,"서울특별시 강서구 곰달래로25길 75, 2층 (화곡동)",ML GYM,126.84785419628,37.5339550295376,헬스장
4507,"서울특별시 강서구 공항대로 205, B101,B102호 (마곡동, 에스에이치빌딩)",아이언 바디,126.830443547958,37.5597767115477,헬스장
4508,"서울특별시 강서구 공항대로44길 11, 지하1층 (화곡동)",B-GYM,126.850897622159,37.5555757570285,헬스장
4509,"서울특별시 강서구 양천로 658, 201호 (염창동)",MK짐,126.86991587864,37.5523079799238,헬스장
4510,"서울특별시 강서구 공항대로 643, 양화빌딩 3층 (염창동)",ACTIVE 8,126.876390675955,37.5473222356816,헬스장
4511,"서울특별시 강서구 양천로 354, 옥천빌딩 7층 (가양동)",올웨이즈짐,126.841769076075,37.567873371197,헬스장
4512,"서울특별시 강서구 공항대로42길 54-6, B1층 (내발산동)",마운틴짐,126.842607912788,37.555727988023,헬스장
4513,"서울특별시 강서구 등촌로 169, 3층 (등촌동)",마음가짐 P.T 1:1 Studio,126.862007136039,37.5449813664711,헬스장
4514,"서울특별시 강서구 방화대로48길 40, B1층 (방화동, 방화2단지아파트)",크로스핏 라이노,126.820167898164,37.5742556295155,헬스장
4515,"서울특별시 강서구 양천로 38, 2층, 3층 (방화동)",우아짐,126.808170295368,37.5727257772919,헬스장
4516,"서울특별시 강서구 공항대로 212, 문영 퀸즈파크11차 B동 4층 405~407호 (마곡동)",바이브먼트,126.831007635455,37.5588248070734,헬스장
4517,"서울특별시 강서구 공항대로 649, 제성빌딩 지1층 (염창동)",크로스핏 코알라 염창,126.876977705085,37.5473527618794,헬스장
4518,"서울특별시 강서구 등촌로 81, The ZAHA B101호, B102호 (등촌동)",뉴웨이브 크로스핏,126.863190863085,37.5372476659721,헬스장
4519,"서울특별시 강서구 양천로51길 11, 신환빌딩 4층 (가양동)",GnC,126.8428348465,37.5682723137303,헬스장
4520,"서울특별시 강서구 화곡로21길 87, 해온빌딩 지층 (화곡동)",팀 051,126.835916380576,37.544692651418,헬스장
4521,"서울특별시 강서구 곰달래로 111, 3층 (화곡동)",뉴라인 PT 까치산점,126.845280332399,37.5306260031811,헬스장
4522,"서울특별시 강서구 곰달래로 198, 2층 (화곡동)",바디채널 화곡2호점,126.855018112279,37.5311726524005,헬스장
4523,"서울특별시 강서구 곰달래로53길 41, 202호 (화곡동, 재룡빌딩)",Gym Ma Ni,126.85879132648,37.5335150501615,헬스장
4524,"서울특별시 강서구 강서로 454, 웅진프라자 비02호,비03호 (등촌동)",고트,126.840976313968,37.5658868734437,헬스장
4525,"서울특별시 강서구 강서로 385, 우성에스비타워 907호 (마곡동)",바디킥짐,126.838304106686,37.5600926354663,헬스장
4526,"서울특별시 강서구 강서로47길 44, 지하1층 (내발산동)",프리원핏 발산점,126.833771602704,37.552999012574,헬스장
4527,"서울특별시 노원구 동일로 1352, 6층 (상계동)",Drop The Fit PT Studio(드랍더핏 피티 스튜디오),127.062302373264,37.6494044777358,헬스장
4528,"서울특별시 노원구 동일로 1649, 윤일빌딩 3층 (상계동)",데일리짐,127.055042131693,37.6756696167505,헬스장
4529,"서울특별시 노원구 동일로217가길 11, 평화빌딩 3, 4층 (상계동)",휘트니스피플 우먼 노원점,127.059885415192,37.6534394295348,헬스장
4530,"서울특별시 노원구 상계로12길 43, 지하1층 (상계동)",마이 피트니스,127.069720286192,37.6563523084707,헬스장
4531,"서울특별시 노원구 노원로34길 112, 코럴빌딩 지하1층 B2호 (상계동)",에스핏,127.066285336934,37.6639682126709,헬스장
4532,"서울특별시 노원구 노해로85길 14, 상계제일빌딩 5층 (상계동)",알지티(Remarkable Group Training),127.065268919304,37.6560678024865,헬스장
4533,"서울특별시 노원구 공릉로20길 28, 지하1층 (공릉동)",스포츠 토탈 케어,127.079796385046,37.619619620487,헬스장
4534,"서울특별시 노원구 상계로7길 23, 문화빌딩 3층 (상계동)",메이트짐 여성전용 헬스 PT 노원역점,127.064758776048,37.6576910224703,헬스장
4535,"서울특별시 노원구 한글비석로49길 63, 이레빌딩 B1층 (상계동)",무드짐,127.066178806399,37.6614229108498,헬스장
4536,"서울특별시 노원구 동일로 1379, 다모아빌딩 3층 302호 (상계동)",데이포짐,127.060894004756,37.6518043505091,헬스장
4537,"서울특별시 노원구 동일로 1533, 백산빌딩 4층 402호 (상계동)",베네핏,127.057246351895,37.6653647809563,헬스장
4538,"서울특별시 노원구 한글비석로 383, 삼창타워프라자 지하1층 1호, 71호 (중계동)",상계역점 스포애니 주)케이디스포츠,127.073074956682,37.6591119674807,헬스장
4539,"서울특별시 노원구 노원로 526, 평화빌딩 2층 201호 (상계동)",핏구공피티스튜디오&소정필라테스,127.060550004743,37.6612007792689,헬스장
4540,"서울특별시 노원구 덕릉로 694, 3층 (중계동)",에이플랜짐,127.075612445638,37.659577527186,헬스장
4541,"서울특별시 노원구 동일로 1101, B1호 (공릉동)",카인드짐휘트니스&스쿼시,127.071009933961,37.6282542576144,헬스장
4542,"서울특별시 노원구 동일로192길 83, 용마빌딩 3층 (공릉동)",위너블 헬스피티 앤 필라,127.077197965689,37.6275129140111,헬스장
4543,"서울특별시 노원구 상계로1길 54-4, 2층 01,02,03,04호 (상계동, 상계동 센트럴타워)",버클다운짐,127.061721168928,37.6581574674605,헬스장
4544,"서울특별시 노원구 석계로 106, 지하1층 (월계동)",버닝존,127.060412203211,37.6231587724471,헬스장
4545,"서울특별시 노원구 상계로 76, 정암빌딩 B1층 (상계동)",리핏트레이닝센터 PT 노원역점,127.063442617087,37.6561357418001,헬스장
4546,서울특별시 노원구 동일로178길 39-30 (공릉동),프리원핏,127.076672519104,37.6221779730756,헬스장
4547,"서울특별시 노원구 동일로 1308, 정안프라자 지하1층 B02호 (중계동)",빌리버짐,127.064166413458,37.6459751467144,헬스장
4548,"서울특별시 노원구 초안산로2라길 27, 2층 (월계동)",윤스피티,127.057963036016,37.631291044077,헬스장
4549,"서울특별시 노원구 한글비석로 444, 교림노원프라자 4층 405,411,412호 (상계동)",바디짐,127.068492606148,37.663613046348,헬스장
4550,"서울특별시 노원구 동일로217가길 23, 백경약국 3층 (상계동)",BODY CPR,127.059074805477,37.6532734267768,헬스장
4551,"서울특별시 노원구 동일로 1529, 합동빌딩 5층 501~509호 (상계동)",Hellene (헬린),127.057311765841,37.6650917520309,헬스장
4552,"서울특별시 노원구 공릉로 198, 2층 (공릉동)",필짐,127.078601108937,37.6274300879998,헬스장
4553,"서울특별시 노원구 한글비석로 325, 2층 204호 (중계동)",YFIT 퍼스널트레이닝,127.077718270787,37.6564417332028,헬스장
4554,"서울특별시 노원구 동일로 1689, 2층 215호 (상계동, 하이베라스)",다올핏,127.054950932229,37.6791213093376,헬스장
4555,"서울특별시 노원구 화랑로43길 2-4, 신궁전빌딩 2층 (월계동)",하디핏,127.063357022491,37.6145985647647,헬스장
4556,"서울특별시 노원구 동일로 1078, 대경상운 지하1층 (공릉동)",S&C 트레이닝 센터,127.073066569824,37.6261419906738,헬스장
4557,"서울특별시 노원구 노원로34길 102, 대명보습학원 B1층 (상계동)",이루어짐,127.066250220665,37.6634789096626,헬스장
4558,"서울특별시 노원구 공릉로 105, 성종빌딩 2층 1호 (공릉동)",빌리핏 PT 스튜디오,127.077885277951,37.6196132389484,헬스장
4559,"서울특별시 노원구 동일로 1545, 현대골드씨티 503호 (상계동)","오늘,운동",127.056973759982,37.6663907694807,헬스장
4560,"서울특별시 노원구 석계로 101, 북부농협 3,4층 (월계동)",oneday PT,127.060937824443,37.6229069465559,헬스장
4561,"서울특별시 노원구 동일로 1548, 세일빌딩 B1층 (상계동)",크로스핏 오늘,127.057626140726,37.6666666030955,헬스장
4562,서울특별시 노원구 동일로 1401 (상계동),에이블짐 노원역 2호점,127.060380855012,37.6535750451494,헬스장
4563,"서울특별시 노원구 한글비석로 232 (중계동, 유경데파트 4층)",고릴라멀티짐,127.076938720805,37.6484456633269,헬스장
4564,"서울특별시 노원구 한글비석로8길 29 (중계동, 중계6단지주공아파트상가동  2층)",시티짐,127.07848718628,37.6482546259351,헬스장
4565,"서울특별시 노원구 동일로204가길 34, 지층 155호 (중계동)",에이블짐 휘트니스,127.068172151465,37.6407495352012,헬스장
4566,"서울특별시 노원구 상계로 97, 4층 402호 (상계동, 위너스빌딩)",FITNESS GOJIB,127.065665868534,37.6570616356487,헬스장
4567,"서울특별시 노원구 상계로 77, 지하1층 (상계동, 다나빌딩)",에이블짐 휘트니스,127.06351419165,37.6567452176387,헬스장
4568,"서울특별시 노원구 상계로3길 58, 지하1층 02호 (상계동, 노원현대아파트상가동)",FITNESS 510 김정민 퍼스널 트레이닝,127.06287126246,37.6588652119297,헬스장
4569,"서울특별시 노원구 동일로 1323, 지하2층 (상계동)",MVGYM,127.062619518352,37.6468094778429,헬스장
4570,"서울특별시 노원구 노해로 507, 6층 (상계동)",와우짐,127.063889081054,37.6554272387774,헬스장
4571,"서울특별시 노원구 덕릉로 730, 상가동 206호 (상계동, 상계불암대림아파트)",K.B샵,127.07619126233,37.6628268139347,헬스장
4572,"서울특별시 노원구 한글비석로44길 31  (상계동,3층)",흥봉헬스클럽,127.069937286633,37.6641842313888,헬스장
4573,"서울특별시 노원구 동일로192길 63, 화랑빌딩 4층 (공릉동)",뉴크로핏,127.07626924961,37.627154835266,헬스장
4574,"서울특별시 노원구 노원로1길 67, 대덕프라자 3층 306, 307, 310, 311호 (공릉동)",워너핏휘트니스,127.083635681247,37.6208254563305,헬스장
4575,"서울특별시 노원구 공릉로63길 13 (하계동,5층)",마이핏 휘트니스,127.070523641075,37.6348836425391,헬스장
4576,"서울특별시 노원구 광운로 52, 2층 (월계동)",머슬톡 휘트니스,127.059747350877,37.6218399755136,헬스장
4577,"서울특별시 노원구 동일로 1596 (상계동,3층)",레몬핏휘트니스,127.056842608831,37.6709781734407,헬스장
4578,"서울특별시 노원구 상계로7길 13, 지하1층 (상계동)",피트니스 고집,127.065050967227,37.6573365055309,헬스장
4579,"서울특별시 노원구 동일로 1341, 지하층 (상계동, 장우빌딩)",펀더멘틀 크로스핏,127.062089919265,37.6483312484445,헬스장
4580,"서울특별시 노원구 노원로34길 72 (상계동,동서상가 2층)",YY헬스센타,127.066032817108,37.6621736001139,헬스장
4581,"서울특별시 노원구 중계로 202, B01호 (중계동, 신아프라자)",SN Fitness,127.077814748223,37.6508298105986,헬스장
4582,"서울특별시 노원구 화랑로 347, 정금당 2층 (월계동)",휘트니스 꿈,127.066427554057,37.615332893707,헬스장
4583,"서울특별시 노원구 동일로 986, 101동 B1층 B01,01-1,02,03,04,04-1,04-2,05호 (공릉동, 노원 프레미어스 엠코)",카인드짐 태릉입구역점,127.07591204414,37.6182161017816,헬스장
4584,"서울특별시 노원구 동일로218길 25, 석창빌딩 4층 2호 (상계동)",트로이짐 다이어트PT 노원역점,127.062249526557,37.6539704160628,헬스장
4585,"서울특별시 노원구 중계로8길 40, 2층 (중계동)",서정피트니스,127.084409797588,37.646277023045,헬스장
4586,"서울특별시 노원구 동일로192길 41, 3층 (공릉동)",리얼리햅 맞춤운동센터,127.075105366947,37.6266809421384,헬스장
4587,"서울특별시 노원구 한글비석로 384, B02,3,4,5호 (중계동, 대호프라자)",밀리언짐 상계,127.073239970178,37.6598085040664,헬스장
4588,"서울특별시 구로구 오류로 70, 새마을금고회관 4층 (오류동)",남스짐,126.840885013086,37.490768864775,헬스장
4589,"서울특별시 구로구 디지털로 306, 대륭포스트타워2차 구로동동 B130, B131호 (구로동)",휘트니스 피플 우먼 구로디지털단지점,126.897336395657,37.4859231683292,헬스장
4590,"서울특별시 구로구 오리로 1301, 성문빌딩 2층 (궁동)",베르 피티(Verre PT),126.828921218822,37.4975368111729,헬스장
4591,"서울특별시 구로구 디지털로 243, 지하이시티 지층 101호 (구로동)",에이펙스 피트니스 구로디지털점,126.892348937684,37.4819921356854,헬스장
4592,"서울특별시 구로구 새말로 85, B102호 (구로동)",필라트니스,126.889371344865,37.5053620384094,헬스장
4593,"서울특별시 구로구 경인로 619-3, 2층 213호 (신도림동, 신도림3차푸르지오아파트)",엠스트레이닝 2호점,126.884036662859,37.506883854568,헬스장
4594,"서울특별시 구로구 구일로10길 93, 사모아쇼핑센터 5층층 501호 (구로동)",해적짐 3호점,126.876938492422,37.4958697211019,헬스장
4595,"서울특별시 구로구 개봉로3길 6, 4층 (개봉동)",찐핏,126.855863018356,37.4865257835205,헬스장
4596,"서울특별시 구로구 구일로10길 49, 3층 303~304호 (구로동, 다원그린빌)",네스트짐 구일역점,126.874445893777,37.495744201061,헬스장
4597,"서울특별시 구로구 디지털로26길 5, 에이스하이엔드타워1차 1층 108호 (구로동)",크로스핏 503,126.893479312123,37.4816105919768,헬스장
4598,"서울특별시 구로구 경인로 193, 상임빌딩 5층 (오류동)",오렌지 휘트니스,126.842584579433,37.49576046373,헬스장
4599,"서울특별시 구로구 개봉로23가길 70, 3층 (개봉동)",지오필라테스앤헬스,126.859818382428,37.4948276444987,헬스장
4600,"서울특별시 구로구 디지털로33길 11, 에이스테크노타워8차 208호 (구로동)",EMS 바디발전소,126.895512679788,37.4857057781612,헬스장
4601,"서울특별시 구로구 오류로 20, 새롬스타빌 4층 403호 (천왕동)","PT, 여기요",126.839488895877,37.4864228613497,헬스장
4602,"서울특별시 구로구 디지털로32가길 1, 3층 (구로동)",러너스하이 피트니스 구로디지털,126.899390428421,37.4830317080834,헬스장
4603,"서울특별시 구로구 천왕로 106, 골드프라자 701,702호 (오류동)",HJS헬스스튜디오,126.838559499205,37.4860407392631,헬스장
4604,"서울특별시 구로구 경인로 397, 골든타워빌딩 4층 (고척동)",프리덤짐,126.863870881484,37.4976995650402,헬스장
4605,"서울특별시 구로구 연동로 320, 성공회대학교 미가엘관  지층 (항동)",멋GYM,126.826163535057,37.4875235978289,헬스장
4606,"서울특별시 구로구 서해안로 2118, 골든클래스 503,504호 (항동)",드라코짐,126.824776429202,37.4812105324231,헬스장
4607,"서울특별시 구로구 구일로10길 27, SK허브수 B동 2층 209호 (구로동)",그릿 PT&GYM,126.872266560677,37.4959404465654,헬스장
4608,"서울특별시 구로구 가마산로 265, 한솔로이젠트 208호 (구로동)",더 프라이빗 짐,126.889667210668,37.4961374596515,헬스장
4609,"서울특별시 구로구 시흥대로 557, 4층 401호 (구로동)",니나강짐 구디점,126.901044613333,37.4829872437692,헬스장
4610,"서울특별시 구로구 경인로23길 8 (오류동,4층)",해적짐,126.844061756641,37.4968070489532,헬스장
4611,"서울특별시 구로구 고척로 123, 4층 (개봉동)",팀엑스핏 고척,126.847672844757,37.5021739136226,헬스장
4612,"서울특별시 구로구 개봉로20길 78, 3층 (개봉동)",웅핏(Woong fit),126.858686334102,37.4932603468144,헬스장
4613,"서울특별시 구로구 경인로20가길 11, 아델리아 B1~B2층 (오류동)",팀 제이 짐,126.844399456832,37.4956483502265,헬스장
4614,"서울특별시 구로구 경인로3길 77, 세건빌딩 2층 201호 (온수동)",온바디짐,126.823542030769,37.4917369630033,헬스장
4615,"서울특별시 구로구 경인로 403, 원메디타운 A동 401,402호 (고척동)",원메디짐,126.864347749519,37.4979584319431,헬스장
4616,"서울특별시 구로구 고척로 228-6, 종만빌딩 지층 1호 (고척동)",4 in 1 PT,126.85824878572,37.5057871324878,헬스장
4617,"서울특별시 구로구 디지털로 300, 지밸리비즈플라자 판매B101호 (구로동)",짐박스피트니스 구로디지털단지점,126.896538036905,37.4849270383011,헬스장
4618,"서울특별시 구로구 새말로 102, 신도림포스빌 지하101-4호 (구로동)",리커버헬스&필라테스,126.891336035126,37.5055472165422,헬스장
4619,"서울특별시 구로구 디지털로31길 41, 이앤씨벤처드림타워6차 215호 (구로동)",벨로짐 PT전문 구로디지털점,126.892751304432,37.4851717992188,헬스장
4620,"서울특별시 구로구 경인로 393-7, 일이삼전자타운 2동 4층 4109,440,441,442,443호 (고척동)",지니핏 피티짐,126.86304887653,37.4974421887122,헬스장
4621,"서울특별시 구로구 경인로 662, 27층, 28층 (신도림동, 디큐브시티)","버핏그라운드 신도림, 팀버핏 신도림",126.888212953215,37.5081230677129,헬스장
4622,"서울특별시 구로구 가마산로 246, 대신빌딩 1층, 지하1층 (구로동)",헬린 구로구청점,126.888315077346,37.4946886322524,헬스장
4623,"서울특별시 구로구 공원로 63, 305호 (구로동, 희훈타워빌)",드라이다운핏,126.888854942576,37.5020041382799,헬스장
4624,"서울특별시 구로구 디지털로33길 11, 에이스테크노타워8차 비101호 (구로동)",F45 구로디지털단지,126.895512679788,37.4857057781612,헬스장
4625,"서울특별시 구로구 경인로 565, B102호 (구로동)",다가짐,126.879713872189,37.503639878923,헬스장
4626,"서울특별시 구로구 경인로 584, 2층 209호 (신도림동, 신도림팰러티움)",포에프 트레이닝,126.881697047054,37.5038211816766,헬스장
4627,"서울특별시 구로구 디지털로32나길 22, 지하1층 (구로동)",우리 크로스핏 구디,126.900756551498,37.4839940591296,헬스장
4628,"서울특별시 구로구 천왕로 106, 골드프라자 603층 (천왕동)",에이치 제이에스 퍼스널 트레이닝(HJS PT),126.838559499205,37.4860407392631,헬스장
4629,"서울특별시 구로구 경서로 11, 201호 (개봉동)",머슬96 짐(Muscle96 Gym) 개봉점,126.856502579275,37.4985617567135,헬스장
4630,"서울특별시 구로구 남부순환로97길 12, 진영빌딩 5층 (개봉동)",팀엑스핏 개봉,126.858684009816,37.4941938767318,헬스장
4631,"서울특별시 구로구 경인로 204, 지하1층 (오류동)",터치앤고 트레이닝 스튜디오,126.843891478732,37.4957072365586,헬스장
4632,"서울특별시 구로구 디지털로26길 38, G-Tower 지하1층 (구로동)",지핏 지타워피트니스(G-Fit G-Tower Fitness),126.895318461208,37.4798477003537,헬스장
4633,"서울특별시 구로구 고척로 230, 2층 (고척동)",옐로우 팩토리,126.85852096132,37.5059345027204,헬스장
4634,"서울특별시 구로구 경인로67길 67-25, 1층 (신도림동)",로키크로스핏,126.88824577112,37.5115246598316,헬스장
4635,"서울특별시 구로구 서해안로 2108, 아이온타워2 5층 501,502,503,504호 (항동)",혁짐,126.823997084272,37.4806382251407,헬스장
4636,"서울특별시 구로구 도림로 31-1, B1호 (구로동)",남구로PT,126.888023951065,37.4873018107558,헬스장
4637,"서울특별시 구로구 디지털로32가길 18, 지하1층 (구로동, H.K TOWER)",(주)리조트휘트니스 PT 구로디지털단지점,126.898447709523,37.4826911313086,헬스장
4638,"서울특별시 구로구 도림천로 446, 101동 B101호 (구로동,예성유토피아)",IXU 웰니스 짐,126.898472399133,37.4859189241409,헬스장
4639,"서울특별시 구로구 개봉로 72, 3층 (개봉동)",라인팩토리,126.856325030026,37.4920105958203,헬스장
4640,"서울특별시 노원구 상계로1길 54-4, 205호 (상계동, 상계동 센트럴타워)",바디라인,127.061721168928,37.6581574674605,헬스장
4641,"서울특별시 구로구 경인로 240, 예성라온팰리스 101동 2층 (오류동)",다짐 오류점,126.847564779889,37.4974753918896,헬스장
4642,"서울특별시 구로구 경인로 565 (구로동,B01)",제이짐 휘트니스클럽,126.879713872189,37.503639878923,헬스장
4643,서울특별시 구로구 개봉로3길 9 (개봉동),뉴욕휘트니스,126.855789032801,37.4861927709787,헬스장
4644,"서울특별시 구로구 새말로 97, 14층 (구로동, 신도림테크노마트)",영자피트니스 신도림,126.890227293528,37.5070438414784,헬스장
4645,"서울특별시 구로구 가마산로 280, 상가301,302호 (구로동, 구로2차순영웰라이빌)",바운드짐,126.891564274155,37.4960795695469,헬스장
4646,"서울특별시 구로구 안양천로539길 11, 고척지점 (고척동)",제니스 스포츠클럽,126.870256358487,37.5047167522809,헬스장
4647,"서울특별시 구로구 중앙로14길 31 (고척동,신성빌딩 5층)",로망 휘트니스,126.863104491675,37.5076133389724,헬스장
4648,"서울특별시 구로구 고척로 149, 상암빌딩 3층,4층 (고척동)",고척점 스포애니 (주)케이디헬스케어,126.850139541298,37.5031210514888,헬스장
4649,"서울특별시 구로구 중앙로14길 15-1, 4층,5층 (고척동)",리커버리 휘트니스,126.861730619846,37.5070184274417,헬스장
4650,"서울특별시 구로구 구일로 110, 602호 (구로동, 해원리버파크)",에버핏,126.87200783297,37.4950748401596,헬스장
4651,"서울특별시 구로구 부일로1길 30, 2층 (온수동)",조아짐,126.820441580495,37.4923947111819,헬스장
4652,"서울특별시 구로구 구로중앙로 215, 7층 (구로동)",아프로 휘트니스,126.877135134148,37.5049174628463,헬스장
4653,서울특별시 구로구 개봉로 71 (개봉동),아이캔짐,126.855574487587,37.4920938346959,헬스장
4654,"서울특별시 구로구 구로동로5길 2, 오봉빌딩 3, 4층 (가리봉동)",동양휘트니스,126.885750717271,37.485043510919,헬스장
4655,"서울특별시 구로구 경인로 368, 3층 (개봉동, 삼성디지털플라자)",해적짐 2호점,126.8609473327,37.4963835746364,헬스장
4656,"서울특별시 노원구 동일로 1077 (공릉동,지하1층)",카인드짐 공릉역 2호점,127.072437435815,37.6260515591195,헬스장
4657,서울특별시 구로구 구로중앙로 58  (구로동),헬스라이프,126.889479924649,37.4948460523508,헬스장
4658,"서울특별시 구로구 구로중앙로 134, 2층 (구로동, 나인스에비뉴)",함서Gym 휘트니스 구로역점,126.884098218095,37.4999880723052,헬스장
4659,"서울특별시 구로구 경인로65길 44 (신도림동,보미프라자 지하1층)",백본 휘트니스,126.8852006074,37.509594942391,헬스장
4660,"서울특별시 구로구 중앙로1길 18-18 (고척동,신원프라자  지층)",신원 건강랜드,126.86358074399,37.4992309400309,헬스장
4661,"서울특별시 구로구 구일로8길 6 (구로동,근상프리즘팰리스 지하1층)",웰브릿지 스포츠,126.872427757189,37.4939815627221,헬스장
4662,"서울특별시 구로구 디지털로32가길 13, 2층,3층 (구로동)",머슬마인드 구로디지털 본점,126.899051675315,37.4826214603234,헬스장
4663,"서울특별시 구로구 경인로59길 8, 3층 303호 (신도림동, 태영프라자)",PMF(피티마스터필),126.883427027522,37.5063918465946,헬스장
4664,"서울특별시 구로구 오류로8길 57, 6층 (오류동, 대성빌딩)",DOB휘트니스,126.843404613067,37.492424136688,헬스장
4665,"서울특별시 구로구 디지털로32다길 16, B01호 (구로동)",머슬마인드짐,126.899672450385,37.4822405021026,헬스장
4666,"서울특별시 구로구 구로중앙로 68, 지층 B01,09호 (구로동, 신안타워)",랩스 휘트니스 구로구청점,126.888807280468,37.495860314768,헬스장
4667,"서울특별시 구로구 디지털로 273, B층 101호 (구로동, 에이스트윈타워2차)",구로디지털점 스포애니 주)케이디스포츠,126.894103271526,37.4839543151881,헬스장
4668,"서울특별시 구로구 디지털로33길 50, 벽산디지털밸리7차 2층 201, 202호 (구로동)",메이드짐,126.894018381151,37.4875407911229,헬스장
4669,"서울특별시 구로구 구로중앙로 134, 지층 라 88호 외 46호 (구로동, 신구로자이나인스에비뉴)",크로스핏 잭팟,126.884098218095,37.4999880723052,헬스장
4670,"서울특별시 구로구 오리로 1141, 3층 301호 (오류동, 네이처힐)",데일리짐,126.838837793701,37.4859727327486,헬스장
4671,"서울특별시 구로구 신도림로19길 7, 5층 509~511호 (신도림동, 성광빌딩)",엠스트레이닝,126.884470304555,37.5112029731186,헬스장
4672,"서울특별시 구로구 개봉로20길 6, 상가1동 3층 303호 (개봉동, 현대아파트1단지)",즐거운피티샵(개봉점),126.859308079005,37.4928802334449,헬스장
4673,"서울특별시 구로구 공원로 47, B1호 (구로동,두산베어스타워)",카프리짐 플래티넘 구로,126.889643966622,37.5010207998508,헬스장
4674,"서울특별시 구로구 중앙로10길 7, 3층 (고척동, 고척프라자)",리얼바디짐 고척점,126.862614065124,37.5034895022417,헬스장
4675,"서울특별시 구로구 경인로 572, 스타팰리스 301~307호 (구로동)",오버탑휘트니스 헬스 PT & 골프 필라테스 구로점,126.881083869229,37.5033062723055,헬스장
4676,"서울특별시 구로구 경인로 176, 3층  301~304 및 306호 (오류동, 시티월드)",리얼바디짐 오류점,126.841018680923,37.4943907298586,헬스장
4677,"서울특별시 구로구 시흥대로 551 (구로동,광희빌딩 B2)",주식회사 바운드 구로디지털점,126.900246298277,37.4825399425928,헬스장
4678,"서울특별시 구로구 중앙로 91-16, 지층 (고척동)",나홀로짐에 고척점,126.859666480085,37.505601776666,헬스장
4679,"서울특별시 구로구 경인로47길 76, 알앤디타워 지하1호 (고척동)",진트짐,126.864526127173,37.5021926414741,헬스장
4680,"서울특별시 구로구 개봉로20길 6, 상가2동 4층 (개봉동, 현대아파트1단지)",엔짐 개봉점,126.859308079005,37.4928802334449,헬스장
4681,"서울특별시 구로구 구로중앙로 174 (구로동, 구로역)",온리유휘트니스,126.881491595821,37.5024345090279,헬스장
4682,"서울특별시 구로구 고척로 233, 텐타워빌딩 3층 (고척동)",LIGHT FIT,126.858868564946,37.5064475900729,헬스장
4683,"서울특별시 구로구 경인로3길 93, 4층 (온수동)",채워짐,126.822953426072,37.4914659607036,헬스장
4684,"서울특별시 구로구 개봉로 56, 지층 (개봉동)",렉시짐,126.856345223758,37.4906772205495,헬스장
4685,"서울특별시 구로구 디지털로26길 61, 에이스하이엔드타워2차 3층 304호 (구로동)",PK GYM,126.895303784633,37.4811291019439,헬스장
4686,"서울특별시 구로구 디지털로29길 38, 에이스테크노타워Ⅲ B103, 104호호 (구로동)",(주)인스타짐 구로디지털단지역점,126.89331047608,37.4844975405616,헬스장
4687,서울특별시 구로구 개봉로19길 39 (개봉동),피타짐 개봉점 24시 헬스PT,126.855813787742,37.4935498831581,헬스장
4688,"서울특별시 관악구 신림로67길 9, 3층 (신림동)",폴인핏 신림점,126.928812032161,37.4860376883057,헬스장
4689,"서울특별시 구로구 가마산로 291, 지하2층 (구로동, 케이티텔레캅빌딩 )",함서Gym 휘트니스,126.892219821837,37.497337343411,헬스장
4690,"서울특별시 구로구 신도림로 16, 대림2차 상가동 2층 (신도림동, 신도림대림1,2차아파트)",피투사 FIT USA 신도림점 여성전용,126.88219103785,37.5051228166042,헬스장
4691,"서울특별시 구로구 고척로27길 107 (개봉동,3층)",워너비짐,126.845160396874,37.5064896127073,헬스장
4692,"서울특별시 구로구 공원로 63, 지하3층층 301호 (구로동, 희훈타워빌)",붐파크휘트니스,126.888854942576,37.5020041382799,헬스장
4693,"서울특별시 구로구 구일로8길 63, B1호 (구로동, 구로한신아파트)",STAY GYM,126.87362950335,37.4965752295641,헬스장
4694,"서울특별시 구로구 경인로 661, 신도림1차푸르지오 (신도림동)",피티시모,126.887986372819,37.5096619486431,헬스장
4695,"서울특별시 구로구 천왕로 36, 천왕센타프라자 407, 408호 (천왕동)",남스짐 천왕점,126.83937984931,37.4808996260751,헬스장
4696,"서울특별시 구로구 경인로 319, 대림프라자 (개봉동)",체육시설신규신고(비스트짐),126.855572608384,37.497650067091,헬스장
4697,"서울특별시 구로구 경인로 661, 신도림1차푸르지오 5층 501b, 501d호 (신도림동)",주식회사 어반필드,126.887986372819,37.5096619486431,헬스장
4698,"서울특별시 구로구 디지털로 288, 대륭포스트타워1차 B109호 (구로동)",FIT PLE,126.895502765348,37.4835695693308,헬스장
4699,"서울특별시 구로구 오류로8길 16, 세명프라자 301,302호 (오류동)",에버핏,126.841521063759,37.4909827176637,헬스장
4700,"서울특별시 구로구 고척로6길 58-1, 2층 (오류동)",지금부터핏 오류점,126.841945941394,37.4961634418514,헬스장
4701,"서울특별시 구로구 디지털로32나길 38, 서림빌딩 3~4층 (구로동)",에이블짐 구로디지털단지역점,126.901198477768,37.4845445851058,헬스장
4702,"서울특별시 구로구 경서로 12, 대상빌딩 지층 (고척동)",킹짐5호점,126.857000065849,37.4984351379687,헬스장
4703,"서울특별시 구로구 중앙로1길 36, 2001아울렛 3동 4층 (고척동)",짐라이트 고척점,126.862677366638,37.4980725516017,헬스장
4704,"서울특별시 구로구 개봉로23가길 31, 금정빌딩 3층 (개봉동)",조은핏,126.858080217287,37.495298237053,헬스장
4705,"서울특별시 노원구 덕릉로 699 (중계동,(3층))",발리짐 상계역점,127.075209656625,37.6601294556367,헬스장
4706,"서울특별시 노원구 공릉로 232  (공릉동,외)",서울산업대스포츠센터,127.076794742851,37.6330789279387,헬스장
4707,"서울특별시 노원구 공릉로 146 (공릉동,4층)",FitnessCC,127.079535585961,37.6230811196078,헬스장
4708,서울특별시 노원구 동일로 1551 (상계동),커브스 마들클럽,127.056844136528,37.6668881732629,헬스장
4709,"서울특별시 노원구 한글비석로 269 (중계동,지1층)",FITNESS인,127.076788209393,37.6517182215771,헬스장
4710,"서울특별시 노원구 동일로218길 41 (상계동,영보빌딩 2층)",아이언 휘트니스,127.063182686993,37.6541765152214,헬스장
4711,서울특별시 노원구 상계로1길 62-51 (상계동),김정민 퍼스널 트레이닝 스튜디오,127.062104889178,37.6589594100953,헬스장
4712,서울특별시 노원구 동일로180길 14 (공릉동),부르스타짐 공릉점,127.075326139356,37.6219534132134,헬스장
4713,"서울특별시 노원구 동일로 1673 (상계동,5층)",레몬핏휘트니스,127.054942094267,37.6778972437903,헬스장
4714,"서울특별시 노원구 노원로 449, 5층 (상계동)",바디짐헬스,127.066441585083,37.6566694543257,헬스장
4715,"서울특별시 노원구 화랑로 353 (월계동,3층)",미스.미스터헬스크럽,127.06703545783,37.6154765278796,헬스장
4716,"서울특별시 노원구 덕릉로 781 (상계동,6층)",박흥래남.여헬스,127.078259365507,37.6669845669678,헬스장
4717,"서울특별시 노원구 한글비석로 411 (상계동,문정빌딩 4층)",빅토리헬스크럽,127.070677231522,37.6612727205759,헬스장
4718,"서울특별시 노원구 중계로 205 (중계동,동진빌딩 401)",라인업 휘트니스 클럽,127.077453926342,37.6504855122038,헬스장
4719,"서울특별시 노원구 중계로12가길 29 (중계동,수암빌딩 5층)",굿모닝휘트니스,127.083042245812,37.6483113328021,헬스장
4720,서울특별시 노원구 노원로18길 41 (하계동),동천재활체육센터,127.072925701873,37.64451235583,헬스장
4721,서울특별시 노원구 동일로237나길 1 (상계동),리드 피트니스,127.053433362888,37.6737382965714,헬스장
4722,"서울특별시 노원구 중계로14길 37, 한나약국 2층 (중계동)",소운소 Ark Gym,127.082279392247,37.6500365290941,헬스장
4723,"서울특별시 노원구 공릉로 199, 유성빌딩 4층 401호 (공릉동)",LJ PT,127.078327140426,37.6272728678546,헬스장
4724,"서울특별시 노원구 화랑로 325, 우현빌딩 5층 (월계동)",부르스타짐(주),127.064043360012,37.6149530035255,헬스장
4725,"서울특별시 노원구 섬밭로 258, 건영옴니백화점 8층 (중계동)",건영스파밸리헬스클럽,127.064915087375,37.6391097783726,헬스장
4726,"서울특별시 노원구 동일로 1365, 랑은빌딩 5층 502호 (상계동)",피트니스 뭅,127.061234228831,37.6506100117206,헬스장
4727,"서울특별시 노원구 한글비석로52길 30, 지층 (상계동)",피트니스키 FITNESSKI,127.066593688408,37.665825320681,헬스장
4728,"서울특별시 노원구 노해로 517, 3층 (상계동)",(주)뷰티짐,127.065386326844,37.6556822973147,헬스장
4729,"서울특별시 노원구 노해로 517, 2층 (상계동)",(주)부티짐,127.065386326844,37.6556822973147,헬스장
4730,"서울특별시 노원구 광운로 37-1, 태경빌딩 지층 (월계동)",크로스핏 타키온,127.058795672972,37.6208960385089,헬스장
4731,"서울특별시 노원구 덕릉로 738, 정진145빌딩 2층 (상계동)",조아Gym,127.076221032178,37.6634551388218,헬스장
4732,"서울특별시 노원구 공릉로46길 23, 1층 (공릉동)",스파렉스 공릉,127.080190612101,37.6275709238196,헬스장
4733,"서울특별시 노원구 한글비석로24길 83, B1층 (상계동)",아싸짐,127.074177116255,37.663916302493,헬스장
4734,"서울특별시 노원구 섬밭로 196, 2층 209,210,211호 (하계동, 장미아파트)",유스짐,127.067277883916,37.6339976168528,헬스장
4735,"서울특별시 노원구 상계로9가길 59, B1층 (상계동)",두더짐,127.068585980146,37.660146466966,헬스장
4736,"서울특별시 노원구 덕릉로83길 9-8, 3층 (중계동)",핏피티,127.074625780247,37.6598001573496,헬스장
4737,"서울특별시 노원구 동일로 1593, 서원상가 지하1층 (상계동)",트레이닝브릿지,127.055778970548,37.6707082070833,헬스장
4738,"서울특별시 은평구 갈현로5길 32, 1층 (신사동)",다미넬GYM,126.907685209062,37.6009058704273,헬스장
4739,"서울특별시 은평구 통일로73길 5-10, 1층 (대조동)",한스바디밸런스,126.924032898391,37.6152190196502,헬스장
4740,"서울특별시 은평구 통일로 742, 한화빌딩 B1층 (불광동)",헬스보이짐 필라걸 불광점,126.929364603214,37.6118291183667,헬스장
4741,"서울특별시 은평구 연서로 74, 보광빌딩 5층 (역촌동)",PLEXON TRAINING,126.915724946615,37.6057262353977,헬스장
4742,"서울특별시 은평구 은평로 233, 4층 (녹번동)",퍼센트짐,126.933552363192,37.6012413180321,헬스장
4743,"서울특별시 은평구 통일로 869, 서연빌딩 4층 (갈현동)",온앤온 피트니스 연신내점,126.919808968262,37.6203691547897,헬스장
4744,"서울특별시 은평구 은평로 108, 202호 (응암동, 메트로럭스주상복합APT)",재미짐 여성전용 헬스 PT 응암점,126.919882555261,37.5997123185996,헬스장
4745,"서울특별시 은평구 은평로 98, 2층 (응암동)",휘트니스피플 우먼 응암점,126.91881639591,37.5995052631946,헬스장
4746,"서울특별시 은평구 응암로 337, 빛터룩스 빌딩 4층 (응암동)",바디메카,126.922128486696,37.6013078542665,헬스장
4747,"서울특별시 은평구 불광로 60, 불광동라비앙프라자 지층 (불광동)",(주)에이블짐 불광지점,126.932156008786,37.6122935940935,헬스장
4748,"서울특별시 은평구 통일로 835, 우리은행연신내지점 3층 (대조동)",헬슐랭 피트니스,126.921723576681,37.6179057885639,헬스장
4749,"서울특별시 은평구 은평로 23, 3층 302호 (신사동)",다이어트 캠프 & PT,126.910398815216,37.5981803027596,헬스장
4750,"서울특별시 은평구 진관2로 19, 휴먼프라자 I 6층 607,608호 (진관동)",짐리밋 구파발역점,126.919584718281,37.6348535294175,헬스장
4751,"서울특별시 은평구 진흥로 148, 4층 (녹번동)",제이제이 피트니스 녹번점,126.9263669244,37.6084438918345,헬스장
4752,"서울특별시 은평구 진관2로 15-46, 메트로프라자 8층 802, 803호 (진관동)",피트니스 REX,126.919081540985,37.6386515578411,헬스장
4753,"서울특별시 은평구 연서로26길 12, 지하1층 (대조동)",멋GYM플러스,126.920656394863,37.6167063113678,헬스장
4754,"서울특별시 은평구 진관2로 29-21, 드림스퀘어 지층 (진관동)",니드짐 구파발점,126.919341649662,37.635741734904,헬스장
4755,"서울특별시 은평구 서오릉로 196, 구산빌딩 (갈현동)",스포짐코리아,126.912041219513,37.6138570459169,헬스장
4756,"서울특별시 은평구 통일로 727-3, 지층,1층,2층 (대조동)",불광역점 스포애니 ㈜ 케이디헬스케어,126.929398593704,37.6102579941558,헬스장
4757,"서울특별시 은평구 서오릉로 210, 2층 (갈현동)",Red휘트니스,126.910652702074,37.614459484828,헬스장
4758,"서울특별시 은평구 연서로 1, B1층 B01~B07호 (역촌동, 리더스파크)",니드짐 헬스&PT 응암역점,126.915361951282,37.5992561452512,헬스장
4759,"서울특별시 은평구 증산로 413, 동현빌딩 3층 (신사동)",어라운드짐 새절역점,126.913846721415,37.5931409230026,헬스장
4760,"서울특별시 은평구 통일로 1050, 롯데몰 은평점 4층 (진관동)",밀론앤스마트짐,126.917900261732,37.6375366740938,헬스장
4761,"서울특별시 은평구 응암로 193 (응암동, 2.3층)",스포애니 응암오거리점 (주)케이디헬스케어,126.916767851347,37.5892661408664,헬스장
4762,"서울특별시 은평구 통일로 780 (불광동, 미성아파트)",카프리짐,126.928432696242,37.6158621924384,헬스장
4763,"서울특별시 은평구 연서로 216, 지층 (대조동, 대조동아트캐슬주상복합)",연신내역 스포애니 (주)케이디헬스케어,126.920120155706,37.6178000192821,헬스장
4764,"서울특별시 은평구 서오릉로 110, 삼두빌딩 3층 (대조동)",발리휘트니스,126.92010752188,37.6098111259925,헬스장
4765,"서울특별시 은평구 연서로 130, 대지빌딩 외 1개소(은평로 147, 미주빌딩 3층) (역촌동)",체대입시FA,126.917226001911,37.610282699939,헬스장
4766,"서울특별시 은평구 수색로 195, 지층 (증산동)",드림라인휘트니스,126.900679728066,37.5785684643792,헬스장
4767,"서울특별시 은평구 진관2로 29-21, 드림스퀘어 107동 302호 (진관동)",굿바디퍼스널트레이닝,126.919341649662,37.635741734904,헬스장
4768,"서울특별시 은평구 은평로 170, 상현빌딩 5층 (응암동)",빅브로짐 휘트니스 응암점,126.926662375326,37.6010893852841,헬스장
4769,"서울특별시 은평구 갈현로 82, 4층 (역촌동)",디딤휘트니스,126.910685555782,37.6052664482641,헬스장
4770,"서울특별시 은평구 은평로 63 (역촌동, 비앤케이 빌딩)",커브스응암클럽,126.914846348924,37.5990769277231,헬스장
4771,서울특별시 은평구 은평로 204 (응암동),커브스녹번클럽,126.930384978308,37.6011062357842,헬스장
4772,"서울특별시 은평구 은평로 142, 2층 (응암동)",PT.Dream,126.92349457443,37.600494432506,헬스장
4773,"서울특별시 은평구 응암로 275, 4층 (응암동)",피티디데이,126.919112486218,37.5963970478506,헬스장
4774,서울특별시 은평구 연서로 55 (역촌동),더블업트레이닝,126.915346482159,37.604013903662,헬스장
4775,"서울특별시 은평구 통일로 751, 3층 (대조동)",테크노 헬스,126.927813432964,37.6118071866862,헬스장
4776,서울특별시 은평구 통일로92길 4 (불광동),현봉휘트니스,126.920593494499,37.6259005746136,헬스장
4777,"서울특별시 은평구 백련산로4길 16, 은평청소년수련관 (응암동)",엔젤스 헤이븐,126.924544209302,37.5942157413413,헬스장
4778,서울특별시 은평구 연서로 320 (불광동),청자헬스,126.928166922657,37.623688820303,헬스장
4779,"서울특별시 은평구 진흥로1길 34, 효성빌딩 2층 (역촌동)",컨피던스휘트니스,126.918676419909,37.6034689838461,헬스장
4780,"서울특별시 은평구 응암로22길 22-1, 합도빌딩 4층 (응암동)",브라이언박 트레이닝센터,126.920641115636,37.5932429037821,헬스장
4781,서울특별시 은평구 갈현로 260 (갈현동),에스에스헬스장,126.916221036937,37.6200110422286,헬스장
4782,"서울특별시 은평구 갈현로 219, 3층 (갈현동)",지니짐 헬스,126.914415136662,37.6167664606477,헬스장
4783,"서울특별시 은평구 가좌로 321 (신사동, 백송빌딩)",리마인드짐,126.909330974886,37.5960387326981,헬스장
4784,"서울특별시 은평구 진관2로 15-46, 메트로프라자 6층 607호 (진관동)",플랜짐,126.919081540985,37.6386515578411,헬스장
4785,"서울특별시 은평구 불광로 48, 3층 (불광동)",태민PT GYM,126.930952407506,37.6115513822011,헬스장
4786,"서울특별시 은평구 은평로 194, 202호 (응암동, 더 위일)",피트니스랩,126.929251795239,37.6011896243568,헬스장
4787,"서울특별시 은평구 증산로21길 11, 1층 122호, 129~140호, 145~149호 (신사동, 신흥상가삼부아파트)",짐박스 피트니스 응암2호점,126.913495001001,37.5957074100985,헬스장
4788,서울특별시 금천구 가산로 85 (독산동),그린헬스,126.894556374788,37.4736193366473,헬스장
4789,"서울특별시 금천구 시흥대로 362, 지하층 101호 (독산동, 림스빌딩)",슬림한 바디,126.898024774301,37.4658572030965,헬스장
4790,"서울특별시 금천구 디지털로12길 15, B층 201호 (가산동, 비즈트위트바이올렛5차)",벽계수 스파,126.889839590415,37.4781685545737,헬스장
4791,"서울특별시 금천구 가산디지털1로 131, B동 2층 217호 (가산동, BYC HIGHCITY)",스포플렉스(가산점),126.881982164294,37.4770829103065,헬스장
4792,서울특별시 금천구 독산로 281 (독산동),신협헬스장,126.902920668427,37.4718116903818,헬스장
4793,서울특별시 금천구 시흥대로 215 (시흥동),G.X휘트니스센터,126.900840098308,37.4529344020191,헬스장
4794,"서울특별시 금천구 한내로 62, 상가동 4010호 (독산동, 한신아파트)",퍼펙트짐,126.888877618767,37.4553912730949,헬스장
4795,"서울특별시 금천구 시흥대로 202 (시흥동,지하1층)",디지피트니스(DGFIT)&골프,126.902116324348,37.4519657055732,헬스장
4796,"서울특별시 금천구 벚꽃로 278, 비127호 (가산동, SJ테크노빌)",헬스보이짐&골프인 가산역점,126.884634912937,37.4794931161957,헬스장
4797,서울특별시 금천구 독산로 217 (독산동),퍼플짐앤요가,126.901601602577,37.4661443243598,헬스장
4798,"서울특별시 금천구 시흥대로 399 (독산동,시티렉스 3층)",1981골프앤휘트니스,126.897001948519,37.4693591753013,헬스장
4799,"서울특별시 금천구 남부순환로 1372, 현경빌딩 (독산동)",주식회사 더랩스휘트니스 독산,126.903472790688,37.4794589203551,헬스장
4800,"서울특별시 금천구 금하로 720, 4층 402호 (시흥동, 에벤에셀프라자)",시흥동점 스포애니 (주)케이디헬스케어,126.909481684032,37.4504425566682,헬스장
4801,서울특별시 금천구 가산디지털2로 30 (가산동),RSM 휘트니스,126.88367659064,37.4712746104622,헬스장
4802,서울특별시 금천구 시흥대로 392 (독산동),바디채널핏 독산점,126.898315040215,37.4684562386027,헬스장
4803,"서울특별시 금천구 남부순환로 1428, 6층 (독산동, 지오프라자)",난곡점 스포애니 (주)케이디헬스케어,126.909452351605,37.4805802743813,헬스장
4804,"서울특별시 금천구 시흥대로153길 99 (가산동,신평대일타운 6층)",렛츠핏 가산점,126.893363692133,37.4757727604356,헬스장
4805,서울특별시 금천구 독산로 123 (시흥동),브이,126.905070932986,37.4582258288751,헬스장
4806,"서울특별시 금천구 가산로 116, 2층 (가산동)",중앙헬스클럽,126.893144797604,37.4761071074728,헬스장
4807,"서울특별시 금천구 벚꽃로 298, 대륭포스트타워6차 B1층 112호 (가산동)",피티플레이스,126.883871693415,37.4814401689835,헬스장
4808,"서울특별시 금천구 범안로 1130, 디지털엠파이어빌딩 15층 1501호 (가산동)",주식회사 인스타짐 독산역점,126.887672228018,37.4655215598001,헬스장
4809,"서울특별시 금천구 벚꽃로 298, 대륭포스트타워6차 305호 (가산동)",멋을채움 피트니스,126.883871693415,37.4814401689835,헬스장
4810,"서울특별시 금천구 범안로11길 78, 지하1층 (독산동)",더블에스 휘트니스,126.890528202386,37.4701185832764,헬스장
4811,"서울특별시 금천구 탑골로 5, 그레이스빌딩 지하층 (시흥동)",프로바디핏,126.910076371835,37.4511007503903,헬스장
4812,"서울특별시 금천구 시흥대로 426, 영진빌딩 지2층 (독산동)",크로스핏 모브,126.89877216735,37.4715689911066,헬스장
4813,"서울특별시 금천구 시흥대로73길 67, 엠메디컬타워 지하1층 (시흥동)",지7 워크아웃(휘트니스),126.895747370219,37.4559425553098,헬스장
4814,"서울특별시 금천구 시흥대로149길 63, 2층 (독산동)",VIP GYM,126.894719507429,37.4746658246506,헬스장
4815,"서울특별시 금천구 독산로64길 15, 나무빌딩 4층 (독산동)",짐웨이 독산점,126.903435360244,37.4652295989557,헬스장
4816,"서울특별시 금천구 가산디지털1로 168, 우림라이온스밸리 C동 101B호 (가산동)",자연스럽게,126.88263620024,37.479966429878,헬스장
4817,"서울특별시 금천구 가산디지털2로 98, IT캐슬 (가산동)",머슬컴퍼니,126.881057813165,37.4772339836706,헬스장
4818,"서울특별시 금천구 시흥대로 278, BK 힐타운 B동 1층 108호 (독산동)",에펠짐,126.899490734851,37.4585335956346,헬스장
4819,"서울특별시 금천구 시흥대로115길 13, 수아주신독산 B101호 (독산동)",바디다짐,126.896904462737,37.4679083732211,헬스장
4820,"서울특별시 금천구 금하로 793, 상가에이동 306호 (시흥동, 벽산아파트)",일루고짐,126.918245309403,37.4522125872144,헬스장
4821,"서울특별시 금천구 범안로 1174, 지1층 (독산동)",커스텀PT,126.892154388311,37.4663921474407,헬스장
4822,"서울특별시 금천구 시흥대로 172, 서우빌딩 3층 (시흥동)",Just crew(저스트 크루),126.903048444843,37.4494615667668,헬스장
4823,"서울특별시 금천구 벚꽃로 286, 삼성리더스타워 F1,B127호 (가산동)",스포애니 가산디지털단지역점,126.884121140151,37.4803938924495,헬스장
4824,"서울특별시 금천구 벚꽃로 254, 월드메르디앙벤처센타 101호 (가산동)",에프45 가산,126.88549272849,37.4777630224027,헬스장
4825,"서울특별시 금천구 독산로 87, 유명빌딩 3층 (시흥동)",리버스짐 금천점,126.905657370349,37.4551227611782,헬스장
4826,"서울특별시 금천구 디지털로 178, 퍼블릭가산 B동 지1,2층 E-B101,M-B147,E-B201호 (가산동)",버핏그라운드 가산,126.887331650246,37.4764394057239,헬스장
4827,"서울특별시 금천구 시흥대로 310, 5층 501호 (독산동)",짐스터 독산점 헬스PT,126.898433961687,37.4612690652268,헬스장
4828,"서울특별시 금천구 디지털로9길 68, 대륭포스트타워 5차 지하1층 104~105호 (가산동)",리메이크짐,126.886418278694,37.4810758439164,헬스장
4829,"서울특별시 금천구 독산로 167, 1층 (시흥동)",택짐피티샵,126.904201230958,37.4621830920515,헬스장
4830,"서울특별시 금천구 벚꽃로 30, 205동 B118, B119, B120호 (독산동, 금천 롯데캐슬 골드파크 2차)",오운스테이지,126.893710403536,37.4582229148592,헬스장
4831,"서울특별시 금천구 시흥대로 291, west동 244호 (독산동, 금천롯데캐슬골드파크3차)",퍼펙트 P.T,126.896699156299,37.4599560487863,헬스장
4832,"서울특별시 금천구 시흥대로 189, 인피니움타워 311~316호 (시흥동)",프리미엄 데이원 휘트니스,126.901462451125,37.4506395014617,헬스장
4833,"서울특별시 금천구 시흥대로123길 47, 주원블레어시티 102동,101동 B01,B02호,B03,B04호 (독산동)",엔짐 독산점,126.895572172131,37.4713932124864,헬스장
4834,"서울특별시 금천구 벚꽃로36길 30, 3층 308호 (가산동)",마이서킷,126.885102981454,37.480670830247,헬스장
4835,"서울특별시 금천구 가산디지털1로 168, 우림라이온스밸리 B동 지1층 126-1호 (가산동)",우리크로스핏 지엘짐 가산,126.88263620024,37.479966429878,헬스장
4836,"서울특별시 금천구 가산디지털1로 24, 대륭테크노타운13차 3층 (가산동)",빌드업피트니스PT 독산점,126.887662358171,37.4684160473591,헬스장
4837,"서울특별시 금천구 벚꽃로 180, 메종에떼르넬 101동 제지층 01호 (독산동)",평화체육관(Pyeonghwa gym),126.888047058448,37.4709808679905,헬스장
4838,"서울특별시 금천구 디지털로11길 34, 이레빌딩 지하1층 (가산동)",Total Strength GYM,126.887922187973,37.4800352635648,헬스장
4839,"서울특별시 금천구 가산디지털1로 131, BYC HIGHCITY 223호 (가산동)",비트 16 가산점,126.881982164294,37.4770829103065,헬스장
4840,"서울특별시 금천구 벚꽃로 30, 2동 지하1층 B102호 (독산동, 금천롯데캐슬골드파크2차)",ONE PT,126.893710403536,37.4582229148592,헬스장
4841,"서울특별시 금천구 시흥대로153길 95, 지하1층 (가산동)",일루고짐,126.893531526107,37.4759672595125,헬스장
4842,"서울특별시 금천구 시흥대로 315, 금천롯데캐슬골드파크4차 마르쉐도르960동 B05호 (독산동)",SOAR GYM,126.896265163559,37.4609911113644,헬스장
4843,"서울특별시 금천구 시흥대로141길 47, 푸른몬테소리어린이집 2층 (독산동)",에이치 짐 2호점,126.897518617066,37.4749455261473,헬스장
4844,"서울특별시 금천구 독산로 31-1, 대양빌딩 3층 (시흥동)",에스인핏PT,126.905628148555,37.4503145719012,헬스장
4845,"서울특별시 금천구 두산로 70, 현대지식산업센터 A동 티-비201호 (독산동)",팩토리짐,126.895620657193,37.4689627800606,헬스장
4846,"서울특별시 금천구 디지털로10길 69, 가산 센트럴 푸르지오 시티 (가산동)",에스(s) 휘트니스,126.890853923229,37.475300231939,헬스장
4847,"서울특별시 금천구 가산디지털1로 58, 에이스한솔타워 208호 (가산동)",핫해짐,126.886516346106,37.471252684184,헬스장
4848,"서울특별시 금천구 시흥대로 277, 2층 (시흥동)",하이블짐 독산점,126.89852348281,37.458341213864,헬스장
4849,"서울특별시 금천구 금하로 793, 상가B동 406호 (시흥동, 벽산아파트)",일루와짐,126.918245309403,37.4522125872144,헬스장
4850,"서울특별시 금천구 독산로 145, 지하1층 (시흥동)",프리원핏 시흥점,126.904644777412,37.4603087156923,헬스장
4851,"서울특별시 금천구 금하로 644, 새마을금고 지층~3층 (시흥동)",파워짐,126.902359473072,37.4542757434985,헬스장
4852,"서울특별시 금천구 가산디지털2로 67 (가산동, 에이스 하이엔드타워7)",웰메이드피티샵,126.881082370861,37.4742216639032,헬스장
4853,"서울특별시 금천구 시흥대로50길 31, 1층 (시흥동)",day one fitness,126.903779997227,37.451742899682,헬스장
4854,"서울특별시 금천구 시흥대로 266, 3층 (시흥동)",제이미 피티 스튜디오,126.899919212562,37.4575218522908,헬스장
4855,"서울특별시 금천구 가산디지털1로 168, A동 402호 (가산동,우림라이온스밸리)",우림휘트니스클럽,126.88263620024,37.479966429878,헬스장
4856,"서울특별시 금천구 가산디지털1로 186, A동 308호 (가산동,제이플라츠)",와우휘트니스,126.881581110867,37.4819130872905,헬스장
4857,"서울특별시 금천구 금하로 705, 5층 (시흥동)",시티짐 금천점,126.908361346757,37.4515708431855,헬스장
4858,서울특별시 금천구 독산로54길 32 (시흥동),뉴금천휘트니스,126.907134877864,37.4640119642466,헬스장
4859,"서울특별시 금천구 가산디지털1로 186, 제이플라츠 B1층 107호 (가산동)",주) 인스타짐,126.881581110867,37.4819130872905,헬스장
4860,"서울특별시 금천구 시흥대로 82, 금강빌딩 4층 (시흥동)",남진헬스,126.903855459095,37.441348413506,헬스장
4861,"서울특별시 금천구 시흥대로 165, 313동 304~306호 (시흥동, 남서울힐스테이트)",더 보스짐,126.900722652942,37.4479033151811,헬스장
4862,"서울특별시 금천구 금하로 755-3, 2층 (시흥동)",트리니코스,126.913689741519,37.4501942318115,헬스장
4863,"서울특별시 금천구 가산로 96, 4층 (독산동)",비기닝PT스튜디오,126.894322880492,37.4745355450061,헬스장
4864,서울특별시 금천구 시흥대로63길 64 (시흥동),핏메이트 크로스핏,126.896102193289,37.4557478886803,헬스장
4865,"서울특별시 금천구 시흥대로152길 11-43, 삼부 르네상스 플러스 지하1층 201호 (독산동)",스타스파앤휘트니스,126.900571559567,37.4785459548905,헬스장
4866,"서울특별시 금천구 시흥대로 172, 서우빌딩 3층 (시흥동)",뉴마인드짐,126.903048444843,37.4494615667668,헬스장
4867,"서울특별시 금천구 독산로 140-1, 시흥새마을금고 2, 3층 (시흥동)",비버짐,126.905222162303,37.4599276917302,헬스장
4868,"서울특별시 금천구 디지털로9길 68, 대륭포스트타워 5차 B층 104~105호 (가산동)",짐80서울,126.886418278694,37.4810758439164,헬스장
4869,"서울특별시 금천구 범안로 1212, B층 32~33호 (독산동, e편한세상 독산 더타워)",주식회사 짐베스트,126.896264072547,37.4660352420573,헬스장
4870,"서울특별시 은평구 응암로 215, 2층 204,205호 (응암동, 명남더블레스아파트2차)",해피짐,126.917055760123,37.5912237488191,헬스장
4871,"서울특별시 은평구 진관3로 32, 은평뉴타운파크앤타워 B2층 201호 (진관동)",㈜은평투엑스휘트니스,126.920616902514,37.6393583421412,헬스장
4872,"서울특별시 은평구 증산로 325, 2층 (증산동)",스퀘어 짐,126.911095192309,37.5856468623462,헬스장
4873,"서울특별시 은평구 통일로 815, 성보빌딩 3층 (대조동)",넘버원짐,126.923348583225,37.6164083320596,헬스장
4874,"서울특별시 은평구 진흥로1길 28, 2층 202,209호 (역촌동, 아그네스 풍림아이원)",짐박스 피트니스 응암1호점,126.918961673328,37.6029593097591,헬스장
4875,"서울특별시 은평구 통일로 856, 메트로타워 6층 (불광동)",고릴라멀티짐,126.921522873651,37.6196226675938,헬스장
4876,"서울특별시 은평구 통일로80길 1-1, 201호 (불광동, 베로니스)",커브스 연신내클럽,126.920875014403,37.6201115613091,헬스장
4877,"서울특별시 은평구 연서로 137 (구산동, 영진빌딩)",구산역점 스포애니 (주)케이디헬스케어,126.916842896021,37.6111618859153,헬스장
4878,"서울특별시 은평구 불광로 90, 지층 (불광동, 대호프라자아파트)",제이제이 피트니스,126.933000699618,37.6150686709961,헬스장
4879,"서울특별시 은평구 갈현로 141, 3층 (구산동)",팩토리짐,126.91097126213,37.6106043952413,헬스장
4880,"서울특별시 은평구 연서로 9, 지하1층 (역촌동, 센타폴리스)",응암역점 스포애니 (주)케이디헬스케어,126.91556845327,37.6000995302827,헬스장
4881,서울특별시 은평구 갈현로 44 (신사동),LEO GYM,126.910481637056,37.6017344129321,헬스장
4882,"서울특별시 은평구 연서로 295-1, 파란채빌딩 2,3층 (불광동)",제우스짐,126.926521232798,37.6220835093052,헬스장
4883,서울특별시 은평구 불광로 136 (불광동),수양헬스,126.932901479921,37.6189769206436,헬스장
4884,"서울특별시 은평구 불광로 51, 불광초등학교 (불광동)",아인스포츠 불광스포렉스,126.930718712253,37.6134294463781,헬스장
4885,서울특별시 은평구 서오릉로 205 (구산동),구산헬쓰,126.910658206002,37.6138351941462,헬스장
4886,"서울특별시 은평구 갈현로 277, 지하1층 (갈현동)",월드헬스,126.916561280719,37.621652972432,헬스장
4887,"서울특별시 은평구 서오릉로 150, 우림빌딩 2층 (갈현동)",GYM 3.0,126.916569405965,37.611948526415,헬스장
4888,"서울특별시 은평구 서오릉로 160, 마성빌딩 3층 1호 (갈현동)",에이짐 휘트니스,126.915632831792,37.6126825267479,헬스장
4889,"서울특별시 은평구 은평로20길 6, 지층 (응암동)",프로마인드짐 PT & 태닝 녹번점,126.933269269114,37.6004664866432,헬스장
4890,"서울특별시 은평구 통일로80길 1-1, B2층 (불광동, 베로니스)",크로스핏엠비션,126.920875014403,37.6201115613091,헬스장
4891,"서울특별시 은평구 진관2로 19, 휴먼프라자 I 6층 609,610,611호 (진관동)",라우드짐 앤 피티 구파발역점,126.919584718281,37.6348535294175,헬스장
4892,"서울특별시 은평구 은평로 136, 은경빌딩 4층 (응암동)",응암동점 스포애니 (주) 케이디헬스케어,126.923039015434,37.6002632124439,헬스장
4893,"서울특별시 은평구 통일로 747, 3층 (대조동)",골드문PT,126.928233122488,37.6118562762546,헬스장
4894,"서울특별시 은평구 연서로 73, 4층 (역촌동)",오늘은 헬스,126.915065926274,37.6056457550755,헬스장
4895,"서울특별시 은평구 은평로8길 42-1, 지층 (응암동)",프리원핏 응암점,126.918603313471,37.5968741329927,헬스장
4896,"서울특별시 은평구 서오릉로 175, 엘타워 B2층 (구산동)",크로스핏 카고,126.913978816522,37.6126531317393,헬스장
4897,"서울특별시 은평구 은평로21길 16-1, 1층 (녹번동, DH팰리스)",Timeless PT Studio,126.932508478851,37.6020082794404,헬스장
4898,"서울특별시 은평구 응암로 278, 7층 (응암동)",스테이핏,126.919665022064,37.5963405726811,헬스장
4899,"서울특별시 은평구 연서로 209, 보성빌 6층 (갈현동)",주식회사 비엔아이컴퍼니(BNI COMPANY CO.LTD),126.918847427928,37.6173259520379,헬스장
4900,"서울특별시 은평구 진흥로13길 2, 3층 (대조동)",짐부티킹,126.926174256716,37.609040406579,헬스장
4901,"서울특별시 은평구 은평로 105, 2층 (응암동, 미가마하나임응암Ⅰ)",오엘크루,126.919421158186,37.6000791581677,헬스장
4902,"서울특별시 은평구 진흥로 29, 3층 302호 (역촌동)",해야 GYM·PT,126.918729838319,37.6005851309419,헬스장
4903,"서울특별시 은평구 응암로13길 2, 3층 (응암동)",스윗 PT샵,126.91674586698,37.589994577531,헬스장
4904,"서울특별시 은평구 통일로 1034, 103동 213호 (진관동, 은평 스카이뷰 자이)",에이펙스 피트니스(APEX FITNESS),126.917656215121,37.6352810682306,헬스장
4905,"서울특별시 은평구 통일로83길 6-29, 유진빌딩 2층 (갈현동)",스톤앤짐 연신내점,126.918810200243,37.6214583061816,헬스장
4906,"서울특별시 은평구 은평로8길 7, 주현빌딩 2층 (응암동)",made PT studio,126.920831811999,37.5995335719148,헬스장
4907,"서울특별시 은평구 통일로80길 6, 성준빌딩 지1층 (불광동)",Korean Top Team DOWN GYM,126.921302748638,37.6198758787055,헬스장
4908,"서울특별시 은평구 은평로 200-1, 6층 (응암동, 삼영빌딩)",에르제 스튜디오,126.929999928224,37.6011336684453,헬스장
4909,"서울특별시 은평구 통일로 1020, 은평뉴타운 신한 헤센스마트 (진관동)",오운짐 PT스튜디오,126.917852171711,37.6333643585248,헬스장
4910,"서울특별시 은평구 통일로 633, 1층 (녹번동, 녹번동오피스텔)",짐바코드,126.934651376069,37.6031915846569,헬스장
4911,"서울특별시 은평구 연서로 128, 정진탑 (역촌동)",제이핏,126.917108635384,37.6101082761841,헬스장
4912,"서울특별시 은평구 응암로21길 16, 3층 (응암동)",원트핏,126.916242404972,37.5942923125442,헬스장
4913,"서울특별시 은평구 은평로 103, 2층 (응암동, 조이팰리스아파트)",바른짐 PT,126.919255288821,37.6000527358818,헬스장
4914,"서울특별시 은평구 통일로89길 18-3, 지하1층 (갈현동)",RAPHA Fit,126.917829363815,37.6248568711728,헬스장
4915,"서울특별시 은평구 은평로 233-1, 3층 (녹번동)",슬기로운 GYM,126.933725318075,37.6012037538777,헬스장
4916,"서울특별시 은평구 은평로 116, 위산일리온시티 지하1층, 지하2층 (응암동)",에이블짐 응암점,126.920675858475,37.599874221866,헬스장
4917,"서울특별시 은평구 통일로67길 9, B1층 (대조동, 주주베에이)",피티스테이션,126.928456431246,37.6107131470046,헬스장
4918,"서울특별시 은평구 연서로29길 24, 4층 (갈현동)",15짐,126.91774666938,37.6196145998156,헬스장
4919,"서울특별시 은평구 연서로27길 17, 2층 (갈현동)",디에타,126.91747998166,37.6181215671023,헬스장
4920,"서울특별시 은평구 연서로 78, 2층 202호 (역촌동)",흥바디짐,126.915755340185,37.6061904469727,헬스장
4921,"서울특별시 은평구 진관3로 33, 상가동 1층 112호 (진관동, 은평뉴타운 꿈에그린)",어반컴퍼니,126.919945513653,37.6397528801196,헬스장
4922,"서울특별시 은평구 은평로 96, 미성 프라임팰리스 지하1층 (응암동, 미성 프라임팰리스)",지민혁 PT STUDIO,126.918464074709,37.5994303281973,헬스장
4923,"서울특별시 은평구 은평로3길 6, 역촌빌딩 3,4층 (역촌동)",바디브레인 트레이닝센터,126.914918398779,37.5993492590714,헬스장
4924,"서울특별시 은평구 연서로27길 12, 효성빌딩 3층 (갈현동)",딜라이트짐,126.918199063095,37.6180717926396,헬스장
4925,"서울특별시 은평구 역말로 40, 무궁화빌딩 2층 201호 (역촌동)",헬스고 여성전용,126.914673304323,37.6056339391965,헬스장
4926,"서울특별시 은평구 서오릉로 145, 상원빌딩 B1층 (구산동)",빅브로짐 휘트니스 구산점,126.916477274153,37.611286414672,헬스장
4927,"서울특별시 은평구 통일로 641, 지하1층 (녹번동)",제이에이치짐,126.934542386765,37.6040207054703,헬스장
4928,"서울특별시 은평구 진흥로 103, 기린빌딩 6층 (역촌동)",헬스GO 피트니스,126.922406417484,37.6060733736923,헬스장
4929,"서울특별시 은평구 은평로 52, 명성빌딩 지층 (신사동)",더블에스핏,126.913596458611,37.5984496505553,헬스장
4930,"서울특별시 은평구 진흥로 87, 3층 (역촌동)",머슬메카,126.921721856436,37.604742970607,헬스장
4931,"서울특별시 은평구 진흥로 105-6, 니오빌딩 2층 (역촌동)",플레이스짐,126.922184793676,37.6063933493986,헬스장
4932,"서울특별시 은평구 은평로 63, 비앤케이 빌딩 6층 (역촌동)",디엔드핏 헬스PT 응암역점,126.914846348924,37.5990769277231,헬스장
4933,"서울특별시 은평구 서오릉로2길 12, 3층 301호 (녹번동, 거장메카)",피티스테이션 은평구청점,126.927945816724,37.6021963217194,헬스장
4934,"서울특별시 은평구 연서로21길 3, B1층 (갈현동)",짐라이트 구산/연신내점,126.917233992611,37.6142117371155,헬스장
4935,"서울특별시 은평구 은평로6길 5, 한성빌딩 5층 (응암동)",색다른짐,126.919163447458,37.5993228705922,헬스장
4936,"서울특별시 은평구 통일로 855-20, 2,3,4층 (갈현동)",짐박스피트니스 연신내점,126.919876222163,37.6196577807144,헬스장
4937,"서울특별시 은평구 은평로 108, 3층 (응암동, 메트로럭스주상복합APT)",위캔짐,126.919882555261,37.5997123185996,헬스장
4938,"서울특별시 은평구 역말로 101, 토마스빌딩 4,5층 (역촌동)",글래드짐,126.920160287993,37.6084440907806,헬스장
4939,"서울특별시 은평구 갈현로11길 7, 2층 (역촌동, 현대화타운)",주식회사 프로원 휘트니스 응암점,126.909585699098,37.6051602850867,헬스장
4940,"서울특별시 서대문구 모래내로 466, 2층 (홍제동)",마이스타,126.946425914819,37.5857468418376,헬스장
4941,"서울특별시 서대문구 통일로35길 14-4, B201호 (홍제동)",마카롱 PT,126.945849840406,37.5865491833974,헬스장
4942,"서울특별시 서대문구 통일로 530, 지층 (홍은동, 홍은동아더프라임)",영짐(YOUNG GYM),126.940648531492,37.5952001712329,헬스장
4943,"서울특별시 서대문구 응암로 112, 3층 (북가좌동)",뉴짐스 증산역점,126.913589367782,37.5824489279945,헬스장
4944,"서울특별시 서대문구 모래내로 221, 3층 (남가좌동)","Dear, Me P.T.",126.923698085645,37.574191167697,헬스장
4945,"서울특별시 서대문구 수색로 56, 성공타워1 B1~B5호 (북가좌동)",오버탑 휘트니스 가좌점,126.912242300278,37.5708154693004,헬스장
4946,"서울특별시 서대문구 증가로 150, DMC2차아이파크 상가동 3층 B115호 (남가좌동)",T.H STUDIO,126.92101916232,37.5780547612815,헬스장
4947,"서울특별시 서대문구 통일로 456, 3층 (홍제동)",익스트림 컴뱃,126.943847935844,37.5893344774486,헬스장
4948,"서울특별시 서대문구 명물길 74, 에스프리 지하1층,1층,2층 (창천동)",짐티피 연대이대 3호점,126.940284342483,37.5588057675887,헬스장
4949,"서울특별시 서대문구 연희맛로 27, 4층 (연희동)",연희 피티＆필라테스,126.930316757969,37.5676349345055,헬스장
4950,"서울특별시 서대문구 성산로 565, 연세대학교 대신빌딩 1층 (대신동)",MCT GYM 신촌,126.946341059136,37.5664179509332,헬스장
4951,"서울특별시 서대문구 연희맛로 22, 2층 (연희동, 삼원빌딩)",연희 피티 앤 피트니스,126.93014671786,37.5669355712865,헬스장
4952,"서울특별시 서대문구 신촌로 119, 신영스카이텔 501호 (창천동)",당근짐 PT 신촌점,126.939018667005,37.5561685325554,헬스장
4953,서울특별시 서대문구 거북골로 33 (남가좌동),새로피티,126.92408384416,37.5794643946748,헬스장
4954,"서울특별시 서대문구 연희로 30, 일광빌딩 지층 (창천동)",SPERO GYM,126.927205409823,37.5614006870569,헬스장
4955,"서울특별시 서대문구 증가로 133, 우리은행 3층 (남가좌동)",Fitness W (피트니스 더블유),126.922548600139,37.5772858752541,헬스장
4956,"서울특별시 서대문구 응암로 113, 3층 (북가좌동)",OPgym,126.913197528872,37.5827454276762,헬스장
4957,"서울특별시 서대문구 증가로10길 50, 지층 (남가좌동)",씰피티클럽,126.924770304995,37.5791692180812,헬스장
4958,"서울특별시 서대문구 거북골로 34, 명지대학교 MCC관 2층 (남가좌동)",주) 건강과땀 휘트니스 명지대,126.921348530876,37.5803770223812,헬스장
4959,"서울특별시 서대문구 통일로 339, B301호 (홍제동, 서대문푸르지오센트럴파크아파트)",1986 피트니스 무악재점,126.950300428316,37.5816007242803,헬스장
4960,"서울특별시 서대문구 연희로 185, 한영빌딩 지하1층 (연희동)",셀프메이드짐 2,126.935310138177,37.5736111039047,헬스장
4961,"서울특별시 서대문구 연희로 107-1, 지하 1층 (연희동)",아지트(Hide out),126.931274542954,37.5676826180132,헬스장
4962,"서울특별시 서대문구 거북골로 13, 3층 (홍은동)",ONDAGYM(온다짐),126.925845653146,37.58067969364,헬스장
4963,"서울특별시 서대문구 명지대길 91, 지층 (남가좌동)",프리원핏 명지대점,126.923088740568,37.5839673661166,헬스장
4964,"서울특별시 서대문구 가재울로 43, 현대아파트 지층 (남가좌동)",피트니스엑스,126.921452672994,37.5748922004571,헬스장
4965,"서울특별시 서대문구 가좌로 84, 4층 (홍은동)",바나나휘트니스,126.928175608675,37.5806146409632,헬스장
4966,"서울특별시 서대문구 증가로 191 (남가좌동, 삼성아파트)",삼성골드헬스,126.917392296871,37.5784968293823,헬스장
4967,"서울특별시 서대문구 통일로 422, 2층 (홍제동)",더 짐(The Gym),126.946437152597,37.5871283392005,헬스장
4968,"서울특별시 서대문구 수색로 18, 지하1층 (남가좌동, 영보웨딩부페)",스퀘어짐,126.916604435974,37.5689948368822,헬스장
4969,"서울특별시 서대문구 통일로 472, 4층 (홍제동, 효신빌딩)",스타칼리 휘트니스,126.942726231995,37.590500092777,헬스장
4970,"서울특별시 서대문구 북아현로 2, 4층 (북아현동)",커브스 아현클럽,126.95640554115,37.5577252269488,헬스장
4971,서울특별시 서대문구 신촌로37길 20 (북아현동),247휘트니스 엔 필라테스,126.957549711959,37.5578073643103,헬스장
4972,"서울특별시 서대문구 연희로 81-21, 6층 (연희동, 정암빌딩)",SU FITNESS,126.928937977566,37.5658386083361,헬스장
4973,"서울특별시 서대문구 독립문공원길 13, 상가동 지층 (현저동)",준일 극동 휘트니스,126.95831483956,37.5719339049306,헬스장
4974,"서울특별시 서대문구 홍제원길 15-6, 102호 (홍제동, 목련빌라)",제이피티샵 홍제점,126.947637529124,37.5871221203528,헬스장
4975,"서울특별시 서대문구 증가로 140, 5층 (남가좌동)",월드휘트니스,126.922019457485,37.5777354833302,헬스장
4976,"서울특별시 서대문구 증가로 246 (북가좌동, 성은빌딩)",성은헬스,126.912685857624,37.5830827425525,헬스장
4977,서울특별시 서대문구 응암로 54 (북가좌동),더짐휘트니스,126.910204528429,37.5778922395463,헬스장
4978,"서울특별시 서대문구 독립문로 10, 3층 (영천동, 삼호아파트)",더루트짐&골프 독립문삼호점,126.958195607419,37.5693625124039,헬스장
4979,서울특별시 서대문구 수색로 145 (북가좌동),명품헬스,126.904567014647,37.575244840592,헬스장
4980,"서울특별시 서대문구 통일로 397, B309호 (홍제동, 인왕산 한신휴플러스)",잇바디 휘트니스 홍제점,126.947398082336,37.5851683009936,헬스장
4981,"서울특별시 서대문구 경기대로 68, 동신빌딩 2,3층 (충정로2가)",VIP 휘트니스,126.96433722518,37.564790622129,헬스장
4982,서울특별시 서대문구 홍은중앙로 115 (홍은동),킹스짐,126.948758363146,37.600746146783,헬스장
4983,서울특별시 서대문구 연희로 82 (연희동),스타칼리 휘트니스,126.930207636674,37.5652132636554,헬스장
4984,서울특별시 서대문구 연희맛로 27 (연희동),제프웰니스센터,126.930316757969,37.5676349345055,헬스장
4985,"서울특별시 영등포구 버드나루로 88, 인따르시아사옥 402~404호 (영등포동7가)",메디핏,126.909255877212,37.5260672872371,헬스장
4986,"서울특별시 영등포구 여의대방로 219, 3층 (신길동)",웅짐,126.92264425933,37.5065361233638,헬스장
4987,"서울특별시 영등포구 의사당대로 8, 삼환까뮤빌딩 11층 (여의도동)",베이스휘트니스,126.916895169744,37.5278708587376,헬스장
4988,"서울특별시 영등포구 국제금융로 72, 4층 (여의도동)",캔디네체육관,126.930836281461,37.5211195361581,헬스장
4989,"서울특별시 영등포구 문래로26길 6, 지하1층 (문래동3가, 문래동메가트리움)",온더휘트니스,126.897978095586,37.5183114455229,헬스장
4990,"서울특별시 영등포구 가마산로 451, 용성빌딩(JYS빌딩) (신길동)",신길PT,126.90648104784,37.5058559773989,헬스장
4991,서울특별시 영등포구 양산로17길 12 (당산동3가),나의 운동 공간,126.893762462606,37.5254785365599,헬스장
4992,"서울특별시 영등포구 당산로 83 (당산동2가, 한화포레나당산)",스포짐 영등포구청점,126.89528677963,37.522057531502,헬스장
4993,"서울특별시 영등포구 영중로 119, 리마크빌 영등포 (영등포동8가)",어반필드피트니스,126.905231110596,37.5267660967496,헬스장
4994,서울특별시 영등포구 국회대로54길 55 (영등포동2가),고유 피트니스,126.910563039512,37.5209854603998,헬스장
4995,"서울특별시 영등포구 당산로 241, 동화빌딩 (당산동6가)",주식회사 업핏,126.902537470472,37.5352118706163,헬스장
4996,"서울특별시 영등포구 도신로 36, 2층 (대림동)",테라피트,126.897068276641,37.5045691738895,헬스장
4997,"서울특별시 영등포구 국제금융로 10, 서울 국제금융 센터 3층 300호 (여의도동)",주식회사제임스짐아이에프씨,126.924876706923,37.5251775245928,헬스장
4998,"서울특별시 영등포구 양평로 64, 한경빌딩 지층 (당산동6가)",당산역점 스포애니 (주)케이디헬스케어,126.899965832636,37.5351397125293,헬스장
4999,"서울특별시 영등포구 도영로 19, 삼영빌딩 (도림동)",짐야드,126.895520926279,37.508520252922,헬스장
5000,서울특별시 영등포구 문래로 55 (문래동6가),헤이데이 크로스핏,126.887847771379,37.5204279064529,헬스장
5001,"서울특별시 영등포구 선유로 49, 3층 (문래동6가, 미주프라자아파트)",리얼바디짐 문래점,126.888746175591,37.5182931994677,헬스장
5002,"서울특별시 영등포구 영등포로20길 22-8, 지율빌딩 2층 (문래동3가)",파텔라,126.891858691982,37.5199500610359,헬스장
5003,"서울특별시 서대문구 통일로39가길 30, 5층 (홍제동, 해명빌딩)",커브스홍제클럽,126.942840822033,37.5893092167582,헬스장
5004,"서울특별시 영등포구 경인로 775, 에이스하이테크시티 (문래동3가)",헬스보이짐,126.897536835727,37.5147464245043,헬스장
5005,"서울특별시 영등포구 국회대로56길 46, 지하1층 (영등포동2가, 명화오피스텔)",엔짐 영등포점,126.911169044259,37.5212597324276,헬스장
5006,"서울특별시 영등포구 당산로48길 6, 대호빌딩 2층 (당산동6가)",다이브짐 PT&헬스 당산점,126.902999423956,37.5342573706538,헬스장
5007,"서울특별시 영등포구 국회대로 574, K574빌딩 5층 (당산동3가)",러닝랩스,126.897940950106,37.5272290834099,헬스장
5008,"서울특별시 영등포구 선유동2로 9, 케이타워 지하1층 (양평동3가)",쿠타 크로스핏 영등포점,126.894472224155,37.5300586930985,헬스장
5009,서울특별시 영등포구 여의대방로47길 13 (신길동),언더핏,126.922452432161,37.508842299407,헬스장
5010,"서울특별시 영등포구 영중로 28, 영등포 점프밀라노 4층 (영등포동3가)",짐콩고,126.905868124369,37.5188593197234,헬스장
5011,서울특별시 영등포구 선유로 50 (문래동3가),스트롱무브,126.889307696948,37.5182879606278,헬스장
5012,서울특별시 영등포구 국회대로62길 15 (여의도동),뷰에르,126.916930544113,37.5270870121653,헬스장
5013,"서울특별시 영등포구 선유로 130, 에이스 하이테크시티3 (양평동3가)",(주) 스포짐 양평점,126.891376058936,37.5253785170391,헬스장
5014,"서울특별시 영등포구 신풍로 93, 메트하임 지하1층 (신길동)",신길동점 스포애니,126.916644177905,37.5002672614192,헬스장
5015,"서울특별시 영등포구 당산로31길 14, 지하1층 (당산동3가)",코리안탑팀,126.895262810069,37.5268229098053,헬스장
5016,"서울특별시 동작구 사당로 196 (사당동, 거묵프리미엄 상가)",무브짐 남성역점,126.969895596347,37.4849352560532,헬스장
5017,"서울특별시 영등포구 국회대로54길 10, 지하1층 (영등포동7가, 아크로타워 스퀘어)",네이쳐휘트니스클럽,126.906430209934,37.5236586861947,헬스장
5018,"서울특별시 영등포구 국제금융로8길 16, B1층 (여의도동)",F45 여의도,126.928884767419,37.5212973163879,헬스장
5019,"서울특별시 영등포구 신풍로23길 3, 동성빌딩 (신길동)",O.P.T,126.918458053318,37.5003482664051,헬스장
5020,"서울특별시 영등포구 양평로21가길 4, 지에이치GH 2층 (양평동5가)",레드핏휘트니스 프리미엄,126.893265903821,37.5377331424932,헬스장
5021,"서울특별시 영등포구 국회대로70길 23, 용산빌딩 지하1층 B01~05호 (여의도동)",알엔짐,126.921011762639,37.5288760479466,헬스장
5022,"서울특별시 영등포구 선유로54길 14, 지층 (당산동6가)",더 바디 스튜디오,126.899934699731,37.5358311138152,헬스장
5023,"서울특별시 영등포구 가마산로 587, 신화빌딩 3층 (신길동)",더라인핏PT 신길점,126.921585763188,37.5044800527043,헬스장
5024,"서울특별시 영등포구 은행로 37 (여의도동, 기계산업진흥회)",헬스보이짐,126.922617544159,37.5294533915337,헬스장
5025,"서울특별시 영등포구 대림로 152 (대림동, 연희빌딩)",옐로우 짐,126.900464521495,37.4945474934692,헬스장
5026,서울특별시 영등포구 가마산로79길 46 (신길동),푸른숲헬스사우나,126.918520531588,37.5077927754188,헬스장
5027,"서울특별시 영등포구 여의대방로 25, 지하101호 (신길동, 보라매 경남아너스빌)",알파 트레이닝센터,126.90897844388,37.4947116756868,헬스장
5028,"서울특별시 동작구 상도로 222 (상도동, 재웅빌딩)",(주)킹콩휘트니스,126.943208937753,37.5050037477944,헬스장
5029,"서울특별시 영등포구 여의대방로 249, 에어스포렉스 (신길동)",에어 스포렉스,126.922886122395,37.5081305193802,헬스장
5030,"서울특별시 영등포구 국제금융로 78 (여의도동,11층)",디지피트니스(DG FIT)&골프,126.931298156696,37.5208724804701,헬스장
5031,"서울특별시 영등포구 가마산로 538, 지하1층 (신길동)",해군 헬스장,126.915498823781,37.5036602653681,헬스장
5032,"서울특별시 영등포구 신길로 39, 썬프라자 (대림동)",주식회사 영자피트니스 썬프라자,126.907785020768,37.4959665730744,헬스장
5033,서울특별시 영등포구 영등포로 59 (양평동1가),핏타운,126.888050674732,37.5228738698699,헬스장
5034,서울특별시 영등포구 도신로 94 (신길동),진풍헬스,126.902732502848,37.507084984211,헬스장
5035,서울특별시 영등포구 선유로 70 (문래동3가),디지피트니스(DG FIT)&골프,126.890145748505,37.5201626485833,헬스장
5036,서울특별시 영등포구 당산로 238 (당산동6가),이도공감,126.902853446514,37.5345384529263,헬스장
5037,"서울특별시 영등포구 국제금융로6길 26 (여의도동, 한국노총)",헬스보이짐 여의도역점,126.92697361375,37.5219546930167,헬스장
5038,"서울특별시 영등포구 당산로 203, 지하1층 113호 (당산동5가, 데시앙루브)",(주)스퀘어짐 당산점,126.899900651665,37.5323543040223,헬스장
5039,서울특별시 영등포구 양산로19길 13-2 (당산동3가),코리아 스트렝스(Korea Strength),126.894892420121,37.5256149681462,헬스장
5040,"서울특별시 영등포구 영중로 138-1, 201호 (영등포동8가)",바디클래스,126.906054695027,37.528661921447,헬스장
5041,"서울특별시 영등포구 국제금융로 72 (여의도동, 호정빌딩 지하2층)",크로스핏혼,126.930836281461,37.5211195361581,헬스장
5042,"서울특별시 영등포구 영신로 228-6 (영등포동8가, 한양아이클래스오피스텔 B102호)",CrossFit Movement,126.904083326042,37.5273594708584,헬스장
5043,"서울특별시 영등포구 문래로26길 6, 101동 비121호 (문래동3가, 문래동메가트리움)",크로스핏 킹콩,126.897978095586,37.5183114455229,헬스장
5044,"서울특별시 영등포구 여의대방로 394, 우정빌딩 301, 302호 (여의도동)",글래드짐,126.932765535417,37.5193909949479,헬스장
5045,서울특별시 서대문구 증가로25길 33 (북가좌동),헬스보이,126.912537687336,37.5808326723478,헬스장
5046,"서울특별시 영등포구 도신로 85 (도림동, 2층)",프라나(Prana)헬스클럽,126.90170635565,37.5070762059535,헬스장
5047,"서울특별시 영등포구 국제금융로6길 33, 7층 2호 (여의도동)",트레이닝 스튜디오 비칼,126.926911965929,37.5207908297398,헬스장
5048,"서울특별시 영등포구 여의대방로 141 (신길동, 순흥빌딩)",PT PICK(피티픽),126.919957889888,37.4996793942781,헬스장
5049,서울특별시 영등포구 대림로 212 (대림동),이루어짐 대림점,126.898146282157,37.4995960176959,헬스장
5050,서울특별시 영등포구 여의대방로61길 55 (신길동),(주)동진카운티스포츠센터,126.921522936837,37.5156628266601,헬스장
5051,"서울특별시 영등포구 선유서로 67  (양평동2가,신동아하이팰리스101동 지하1층)",팝스짐 스마트,126.884455098241,37.5220933827385,헬스장
5052,"서울특별시 영등포구 영신로 238 (영등포동8가,미소로 6,7층)",테리온 휘트니스,126.904213373698,37.5285509707178,헬스장
5053,"서울특별시 영등포구 당산로44길 3,  708호 (당산동5가,삼성타운 7층)",커브스 당산2클럽,126.901077532801,37.5319143458605,헬스장
5054,"서울특별시 영등포구 국제금융로6길 33, 3층 (여의도동)",휘트니스피플 우먼 여의도점,126.926911965929,37.5207908297398,헬스장
5055,"서울특별시 영등포구 도영로 50, 3층 (도림동)",로망휘트니스 영등포점,126.898453618747,37.5098955806815,헬스장
5056,"서울특별시 영등포구 신길로 59, 지하1층 (신길동, 샘탑빌딩)",아이언짐 신길점,126.907850135006,37.4979170321961,헬스장
5057,"서울특별시 영등포구 문래로 87 (문래동3가, 창대빌딩 3층)",아이케이 헬스케어,126.891649088836,37.5197101121278,헬스장
5058,"서울특별시 영등포구 문래로 83, 아라비즈타워 3층 308호 (문래동3가)",CORE LAB,126.891294037504,37.5199232334161,헬스장
5059,"서울특별시 영등포구 영등포로 364, 5층 (신길동)",바디앤짐 신길점,126.918360951993,37.5141215891197,헬스장
5060,"서울특별시 영등포구 은행로 11, 지하1층 (여의도동, 일신빌딩)",휘트니스 바빌론,126.920238846351,37.5279108261109,헬스장
5061,"서울특별시 영등포구 양평로24길 9 (양평동5가, 양평동한신아파트)",비타민헬스휘트니스,126.891745831623,37.5402803267019,헬스장
5062,"서울특별시 영등포구 당산로33길 9, 4층 401호 (당산동3가)",크리드짐,126.895647530576,37.5271727488824,헬스장
5063,"서울특별시 영등포구 당산로 222 (당산동5가, 당산디오빌 지하1층118호)",스컬짐,126.902291122854,37.5332447828491,헬스장
5064,서울특별시 영등포구 의사당대로 127 (여의도동),김금자 BodyFit,126.926406742546,37.5202405439146,헬스장
5065,"서울특별시 영등포구 국제금융로7길 22 (여의도동, 대교B상가 2층)",백선생운동센터,126.933074070061,37.5232504350637,헬스장
5066,"서울특별시 영등포구 당산로 132 (당산동3가,4층)",머슬 마인드 PT & 헬스 영등포구청점,126.897005507687,37.5262984376337,헬스장
5067,"서울특별시 영등포구 여의동로 213 (여의도동, 여의도금호리첸시아)",스포짐(SPOGYM),126.939629550245,37.5185953328631,헬스장
5068,"서울특별시 영등포구 국회대로66길 3 (여의도동, 한섬빌딩)",현대카드 휘트니스 센터,126.918728485094,37.5295236703044,헬스장
5069,"서울특별시 영등포구 양평로 67, 당산역 한강포스빌 지하 1층 (당산동5가)",터닝핏,126.899311690856,37.5349350800223,헬스장
5070,"서울특별시 영등포구 당산로41길 11 (당산동4가, 당산SKV1center)",큐어짐＆큐어필라테스,126.898319035004,37.5308112501685,헬스장
5071,"서울특별시 영등포구 여의대방로 394 (여의도동, 우정빌딩)",여의도 케틀벨,126.932765535417,37.5193909949479,헬스장
5072,"서울특별시 영등포구 양평로 107, 2층 (양평동4가, 유창빌딩)","몸애, 끌림",126.895368573357,37.5368750196902,헬스장
5073,"서울특별시 영등포구 영등포로 363, 3층 (신길동, HY빌딩)",팀닥터,126.918791878844,37.514562837386,헬스장
5074,"서울특별시 영등포구 선유로 63, EEU동신타워 208호 (문래동6가)",커브스 문래클럽,126.889049579249,37.5196525574619,헬스장
5075,"서울특별시 영등포구 도영로 22, 무명빌딩 지층 (도림동)",Young Gym,126.895896914711,37.5083314640482,헬스장
5076,"서울특별시 영등포구 양평로 6, 3층 (당산동6가)",바디픽스,126.905465690172,37.5323651968333,헬스장
5077,"서울특별시 영등포구 국제금융로 79, 지하1층 (여의도동, 한양아파트)",제이제이 피트니스,126.932482860172,37.5221431269115,헬스장
5078,"서울특별시 영등포구 여의대방로65길 24, 호성빌딩 (여의도동)",(주)바디채널 여의도,126.929293717613,37.5204421498979,헬스장
5079,"서울특별시 영등포구 양평로 22, 8층 (당산동6가)",클락짐 당산점,126.903933458671,37.5331572915693,헬스장
5080,서울특별시 영등포구 신풍로17길 12 (신길동),온앤온짐,126.916718003569,37.5009999212883,헬스장
5081,"서울특별시 영등포구 의사당대로 147, ABL타워 (여의도동)",(주)아이비스마트,126.927839304626,37.5188219877864,헬스장
5082,"서울특별시 영등포구 가마산로 433-1, SG메디피움 2층 (신길동)",머슬베어pt 신길점,126.904712874537,37.5051383554847,헬스장
5083,"서울특별시 영등포구 당산로30길 11, 엔젤빌딩 (당산동3가)",박원짐,126.89795066821,37.5255762942602,헬스장
5084,"서울특별시 영등포구 양평로23길 7, 지하 1층 2호 (양평동5가)",크로스핏 무브먼트,126.892189248024,37.5377793768738,헬스장
5085,"서울특별시 영등포구 선유로 246, 코틴빌딩 지하1층 (양평동4가)",피지컬프로짐,126.897060788943,37.5345590440566,헬스장
5086,"서울특별시 영등포구 당산로36길 15, 지층 (당산동4가)",핏트너(FITTNER),126.899390519301,37.527883643387,헬스장
5087,"서울특별시 영등포구 양산로17길 23, 2층 (당산동3가)",유어무브,126.893757021775,37.5266826303826,헬스장
5088,"서울특별시 영등포구 경인로112길 13, 금반석씨티빌9차 지층 (영등포동1가)",3GYM,126.914396850599,37.5180975236511,헬스장
5089,"서울특별시 영등포구 선유로 59, 문래 아카데미 3층 (문래동6가)",어반필드 문래점,126.88902705298,37.5192811429829,헬스장
5090,서울특별시 영등포구 도신로 227 (신길동),건강더하기헬스,126.916251827294,37.5121497972731,헬스장
5091,서울특별시 영등포구 영등포로72길 5 (신길동),코리아휘트니스,126.918822279044,37.5134388561063,헬스장
5092,서울특별시 영등포구 영신로19길 23 (영등포동),GT휘트니스클럽,126.905423478547,37.5135543074277,헬스장
5093,서울특별시 영등포구 신길로 149 (신길동),이지휘트니스,126.910439338711,37.5056059525097,헬스장
5094,서울특별시 영등포구 국제금융로6길 33 (여의도동),스타트원 헬스앤골프,126.926911965929,37.5207908297398,헬스장
5095,"서울특별시 영등포구 도림로 320, 대덕빌딩 (신길동)",GT휘트니스 2호점,126.90208898029,37.5061186655473,헬스장
5096,"서울특별시 영등포구 영등포로 420-6, 1층 (신길동)",(주)피프티핏,126.924277510876,37.5124877755177,헬스장
5097,"서울특별시 영등포구 영중로 157-11, 2층 (영등포동8가)",FS Garden,126.904878983056,37.5303826136204,헬스장
5098,"서울특별시 영등포구 국제금융로8길 26, 14층 (여의도동)",KB국민은행 피트니스(본관),126.927894008166,37.5208677482908,헬스장
5099,"서울특별시 영등포구 국회대로50길 20, 상가동 2층 21호 (영등포동7가, 포레나 영등포 센트럴)",LIFE STRENGTH GYM,126.905668672663,37.5238208014076,헬스장
5100,서울특별시 영등포구 여의대방로23길 23 (신길동),에디션서울,126.917371990432,37.4983487200805,헬스장
5101,"서울특별시 영등포구 국회대로 800, 여의도파라곤 지하 1층 104호 (여의도동)",여의도 피티 이프로 짐,126.921083475319,37.5309293878191,헬스장
5102,"서울특별시 영등포구 국제금융로 39, 2층 209,210,211,212호 (여의도동, 브라이튼 여의도)",하이랙스 여의도점,126.929338616058,37.5242915298626,헬스장
5103,서울특별시 영등포구 도영로22길 38 (영등포동),더 루트짐 영등포,126.90342088512,37.5102033849059,헬스장
5104,서울특별시 영등포구 당산로 142-1 (당산동3가),디아크하우스 PT 영등포구청점,126.897307869043,37.5273129584825,헬스장
5105,서울특별시 영등포구 선유로49길 4 (양평동4가),레드핏 휘트니스,126.89694987317,37.5359014378577,헬스장
5106,"서울특별시 영등포구 영등포로 33, 목동비즈타워 201,202호 (양평동2가)",올바른 PT,126.885222271529,37.5232920131718,헬스장
5107,"서울특별시 영등포구 63로 50, 63한화생명빌딩 40층 (여의도동)",63 피트니스,126.939909338068,37.5196641552816,헬스장
5108,"서울특별시 영등포구 여의대방로 105, 3층 (신길동)",베르데미,126.91812217316,37.4977612457716,헬스장
5109,"서울특별시 서초구 서래로 31, 2층 (반포동)",히스토리,126.998105573052,37.4980053958067,헬스장
5110,"서울특별시 영등포구 양평로 116-1, 더 레드 빌딩 10층 (양평동4가)",나의 운동일지PT,126.894758573778,37.537704028373,헬스장
5111,"서울특별시 영등포구 도림로 135, 건설스마트빌딩 지하2층 (대림동)",에이블짐 대림역점,126.896859600774,37.4932319948827,헬스장
5112,"서울특별시 동작구 보라매로 113, 코스모빌딩 5층 (대방동)",프레토 휘트니스,126.927896614044,37.4994633095093,헬스장
5113,"서울특별시 영등포구 양평로 136, 파크호텔 지하1층, 지상2층 (양평동5가)",업핏 웰니스 클럽,126.893055462568,37.5386759385728,헬스장
5114,"서울특별시 영등포구 영신로 27, 2층 (영등포동)",휴 휘트니스,126.90810307563,37.5138143799436,헬스장
5115,"서울특별시 영등포구 여의대방로67길 9, 두일빌딩 지하 1층 (여의도동)",슬릭 여의도캠프,126.930488645764,37.5195487940187,헬스장
5116,"서울특별시 영등포구 선유로9길 10, 문래 SK V1 center 305호 (문래동6가)",온바디,126.887153335542,37.517867225916,헬스장
5117,"서울특별시 영등포구 국회대로37길 25, 로얄프라자 (당산동4가)",LAFIT PT STUDIO,126.900578266152,37.5290086485115,헬스장
5118,"서울특별시 영등포구 여의대방로62길 2, 봉덕빌딩 (신길동)",FIT-GYM,126.926676485586,37.5138160173395,헬스장
5119,서울특별시 영등포구 도신로 255 (신길동),데일리프로젝트 피트니스,126.918188815619,37.5138974804882,헬스장
5120,"서울특별시 동작구 사당로 215 (사당동, 서림빌딩)",(주)데일리짐,126.972344800972,37.4844593113614,헬스장
5121,"서울특별시 영등포구 국제금융로 86 (여의도동, 롯데캐슬 아이비)",원앤온리짐,126.931800002781,37.5202061193308,헬스장
5122,"서울특별시 영등포구 버드나루로 88, 인따르시아사옥 지하 2층 (영등포동7가)",해빗 트레이닝,126.909255877212,37.5260672872371,헬스장
5123,"서울특별시 영등포구 대방천로 257, 지층 (신길동)",D-GYM,126.919411823216,37.4990102062751,헬스장
5124,"서울특별시 영등포구 양산로 43, 양평동우림 이 비지센타 지하1층 B123호 (양평동3가)",우림헬스클럽,126.887942282336,37.5257610278541,헬스장
5125,"서울특별시 영등포구 선유로 42, 3층 (문래동3가)",육체미공작소,126.889158092834,37.5176424319228,헬스장
5126,"서울특별시 영등포구 양평로12가길 4, 지하1층 (당산동6가)",크로스핏 긱스,126.90057642467,37.5362767499579,헬스장
5127,"서울특별시 영등포구 국회대로29길 6, 2층 (당산동4가)",위아핏,126.896788865618,37.5286793252818,헬스장
5128,"서울특별시 영등포구 여의대방로55길 18, 2층 (신길동)",바르다짐,126.923257305489,37.5125663153415,헬스장
5129,"서울특별시 영등포구 당산로28길 4, 지하1층 (당산동3가)",운동메이트,126.896964887809,37.5246580382356,헬스장
5130,"서울특별시 영등포구 당산로 42, 홈플러스 지하 2층 (문래동3가)",헬스보이짐 문래역점,126.895880210522,37.5182396969791,헬스장
5131,서울특별시 영등포구 대림로 251 (대림동),포텐 휘트니스 신도림점,126.896021583773,37.5030089776784,헬스장
5132,"서울특별시 영등포구 영신로 259, 호산당빌딩 (당산동5가)",클럽 인디고 당산점,126.904360817521,37.5305639270671,헬스장
5133,"서울특별시 영등포구 신길로8길 9, 1층 (신길동)",바벨 마스터,126.909436637088,37.4957529606994,헬스장
5134,"서울특별시 영등포구 의사당대로 141, KB국민은행 신관 5층 (여의도동)",KB국민은행 피트니스(신관),126.927285646478,37.5193487349967,헬스장
5135,"서울특별시 영등포구 양평로22길 16, 3층 301호 (양평동4가)",클라우드 짐 선유,126.895144631301,37.5389148651217,헬스장
5136,"서울특별시 영등포구 경인로 874, 세림빌딩 2층 (영등포동1가)",위고(WIGO),126.909819072261,37.5171997814518,헬스장
5137,"서울특별시 영등포구 영등포로20길 22, 2층 (문래동3가)",THE VALUE(더 벨류),126.892125694525,37.5199221939163,헬스장
5138,"서울특별시 영등포구 양평로 47, 지하 1층 (당산동5가)",헬스보이짐앤필라걸 당산역점,126.90098183202,37.5338722303791,헬스장
5139,"서울특별시 영등포구 영신로57길 1, 한강아파트 상가동 지하층 B01,B02,B03호 (당산동4가)",P&P(피앤피),126.903380464154,37.5279577936796,헬스장
5140,서울특별시 영등포구 영등포로53길 13 (영등포동2가),프리원핏,126.910903670624,37.5195390678419,헬스장
5141,"서울특별시 영등포구 신길로 167, 지층 (신길동)",투핏 신길점,126.910748289958,37.507058335897,헬스장
5142,"서울특별시 영등포구 영중로 138-1, 드림프라자 (영등포동8가)",김경훈박사의 뉴로트레이닝센터(서울본부),126.905990001256,37.5285572637012,헬스장
5143,"서울특별시 영등포구 영중로 79, 에즈 지하1층 (영등포동7가)",클라우드짐 프라임,126.904908229697,37.5234746572587,헬스장
5144,"서울특별시 영등포구 당산로 214, 지하1층 B04호 (당산동5가, 당산 삼성 래미안)",프라임짐,126.902834034778,37.5329312320335,헬스장
5145,"서울특별시 영등포구 당산로35길 8, 4층 (당산동4가)",WE ARE FITNESS,126.897000673102,37.5290741487772,헬스장
5146,"서울특별시 영등포구 경인로 841, 영등포우체국 지하 1층 (영등포동4가)",에이블짐 영등포역점,126.90604309721,37.5165301858178,헬스장
5147,"서울특별시 영등포구 가마산로89길 17, 서도빌딩 지하1층 (신길동)",크로스핏 바이브온,126.921845546696,37.5058893067629,헬스장
5148,"서울특별시 영등포구 여의나루로 81, 한마루빌딩 지하1층 (여의도동)",(주)벤골프,126.927731741938,37.5243213718368,헬스장
5149,"서울특별시 영등포구 선유서로 117, 3층 302호 (양평동3가)",피티다움,126.886112724011,37.5261628364547,헬스장
5150,"서울특별시 영등포구 도신로 59, 지하1층 (도림동, 브라보주상아파트)",머슬뱅크짐,126.899250887254,37.506028250873,헬스장
5151,"서울특별시 영등포구 선유동1로 31-2, 1,2,3층 (양평동3가)",소울메이트짐,126.891783135093,37.5251927437548,헬스장
5152,"서울특별시 영등포구 양산로17길 12, 2층 201호 (당산동3가)",핏랩(FIT LAB),126.893762462606,37.5254785365599,헬스장
5153,"서울특별시 영등포구 버드나루로19길 3, 양용빌딩 201호 (당산동)",위드핏,126.907717163762,37.5284013110538,헬스장
5154,"서울특별시 영등포구 여의대방로69길 7, 충무빌딩 (여의도동)",피트니스 타운,126.931254830335,37.5197638613541,헬스장
5155,"서울특별시 영등포구 당산로41길 11, 당산 SK V1 center E동 2층 202호 (당산동4가)",어반필드 당산 SK V1센터점,126.898319035004,37.5308112501685,헬스장
5156,"서울특별시 영등포구 영신로9라길 16, 영등포H빌딩 3층 (영등포동)",바디피티 PT센터,126.905397596488,37.5133591292895,헬스장
5157,"서울특별시 영등포구 가마산로 468, 2층 (신길동, 레전드힐스)",짐블랙 피트니스,126.908385786929,37.5056310474546,헬스장
5158,"서울특별시 영등포구 당산로 84-1, 2층 (당산동1가)",구공피티스튜디오,126.896010958788,37.5222445887142,헬스장
5159,"서울특별시 영등포구 국제금융로 86, 2층 204호 (여의도동, 롯데캐슬 아이비)",리프레쉬짐,126.931800002781,37.5202061193308,헬스장
5160,"서울특별시 영등포구 도림로 386, 지하1층 (도림동)",실버짐 헬스&PT 영등포점,126.898624360779,37.5112675061429,헬스장
5161,"서울특별시 영등포구 선유로 76, 동국메뜨리앙 306호 (문래동3가)",투데이핏,126.889905898442,37.5206488765446,헬스장
5162,"서울특별시 영등포구 국제금융로 70, 미원빌딩 407호 (여의도동)",누리예필라테스&PT,126.930677790628,37.5214946207638,헬스장
5163,"서울특별시 영등포구 여의대방로 386, 진주상가 301,302호 (여의도동)",리치업 PT,126.931943269754,37.5188979456571,헬스장
5164,"서울특별시 영등포구 양평로22나길 4, 2층 (양평동5가)",올라운드 BELL,126.894291173823,37.5389004991344,헬스장
5165,"서울특별시 영등포구 양평로 68, 디엔빌딩 9층 (당산동6가)",휘트니스피플 우먼 당산역점,126.899505032826,37.5353702476966,헬스장
5166,"서울특별시 영등포구 선유동2로 74, B1, B2층 (당산동5가)",주식회사 에이블짐 당산역점,126.898837229642,37.5348924176204,헬스장
5167,"서울특별시 서대문구 가좌로 79, 2층 (홍은동, 송학빌딩)",고미짐,126.928012415836,37.5800840364942,헬스장
5168,"서울특별시 서대문구 성산로 527, 하늬솔빌딩 503호 (대신동)",리두컴퍼니,126.944090214952,37.5637750959193,헬스장
5169,"서울특별시 서대문구 연희로27길 106, 지하1층 (연희동)",SOMA FITNESS,126.93172844257,37.570162600957,헬스장
5170,"서울특별시 서대문구 신촌로 13, 지하2층 (창천동, 아륭빌딩)",클라우드 짐,126.928532956302,37.5584060442027,헬스장
5171,"서울특별시 서대문구 연세로5다길 22-3, 지하층 (창천동)",크로스핏 스팀펑크 신촌,126.93429944859,37.5567649839046,헬스장
5172,"서울특별시 서대문구 충정로 36, 지하1층 (충정로3가)",파크짐,126.964488428517,37.5619610885508,헬스장
5173,서울특별시 동작구 장승배기로27길 18 (노량진동),이루어짐,126.939042544418,37.5116890183844,헬스장
5174,"서울특별시 서대문구 수색로 56, 608호 (북가좌동, 성공타워1)",M-BASE,126.912242300278,37.5708154693004,헬스장
5175,"서울특별시 서대문구 연세로4길 19, 4층 (창천동)",하이핏,126.937809863398,37.557379112725,헬스장
5176,"서울특별시 서대문구 수색로 56, 성공타워1 505호 (북가좌동)",커브스 가재울 클럽,126.912242300278,37.5708154693004,헬스장
5177,"서울특별시 서대문구 통일로 413, 연세24시사우나 7층 (홍제동)",스타칼리 휘트니스,126.946438736626,37.5861817569167,헬스장
5178,"서울특별시 서대문구 통일로 189, 3층 (영천동)",주 PT GYM,126.96198807806,37.5702428956205,헬스장
5179,"서울특별시 서대문구 연희로 181, 지하1층 (연희동)",운동하기 좋은날,126.935304157548,37.5731965529431,헬스장
5180,"서울특별시 서대문구 통일로 430, 3층 (홍제동)",짐굿라이프 홍제점,126.945837802224,37.5876937989938,헬스장
5181,"서울특별시 서대문구 신촌로 155, 해암빌딩 5층 (대현동)",(주)바디채널 신촌이대역점,126.943246389013,37.5569438763223,헬스장
5182,"서울특별시 서대문구 연희로 36, 201호 (연희동)",헬로바디 피트니스,126.927501079858,37.5618289324287,헬스장
5183,"서울특별시 서대문구 연세로4길 1, 4층 (창천동)",빌드업 짐,126.93713955228,37.5570716978985,헬스장
5184,"서울특별시 서대문구 연희로 107-1, 지하 1층 (연희동)",DAYSTAR PLAYGROUND,126.931274542954,37.5676826180132,헬스장
5185,"서울특별시 서대문구 연희맛로 10, 2층 (연희동)",리커버리PT스튜디오,126.929041329438,37.5660664422523,헬스장
5186,"서울특별시 서대문구 응암로 115, 2층 (북가좌동)",STILL WE GO(스틸위고),126.913331122011,37.5829408611608,헬스장
5187,"서울특별시 서대문구 신촌역로 7, 신촌푸르지오시티 306, 307호 (대현동)",GymSH 퍼스널트레이닝,126.942500021232,37.5573527481625,헬스장
5188,"서울특별시 서대문구 연희맛로 28, 연희프라자 3층 (연희동)",짐라이트 연희/연세대점,126.930520718584,37.5672811436291,헬스장
5189,"서울특별시 서대문구 수색로2길 39, 2층 204호 (남가좌동, DMC금호리첸시아)",머슬비트(MUSCLE BEAT),126.915904667901,37.5713138623931,헬스장
5190,"서울특별시 서대문구 통일로 360, 보하빌딩 6층 (홍제동)",피티루트 무악재점,126.950522459088,37.5825965955469,헬스장
5191,"서울특별시 서대문구 신촌역로 13, 세오빌딩 3층 (대현동)",좋은습관 PT studio 신촌,126.94256824987,37.5578167949284,헬스장
5192,"서울특별시 서대문구 통일로 177, 4층 (옥천동)",아벨라 PT&필라테스,126.962768499403,37.5694603595248,헬스장
5193,"서울특별시 서대문구 홍은중앙로 89, 우리은행 4층 (홍은동)",노블핏짐,126.947351976886,37.5990276988425,헬스장
5194,"서울특별시 서대문구 통일로 358, 4층 (홍제동)",피티스튜디오 빛,126.950663254684,37.5823188782038,헬스장
5195,"서울특별시 서대문구 통일로 383, 2층 (홍제동)",짐굿라이프 홍제 무악재점,126.948688074536,37.5842039953121,헬스장
5196,"서울특별시 서대문구 신촌로 231, 백상빌딩 지하1층 8호 (북아현동)",운동하는날,126.951588932214,37.5574231380096,헬스장
5197,"서울특별시 서대문구 거북골로 55, 3층 (남가좌동)",M2 PT SHOP (엠투피티샵),126.922231876932,37.5782383781011,헬스장
5198,"서울특별시 서대문구 연희로25길 18, 지층 1호 (연희동, 대화빌딩)",짐티피 연희5호점,126.934281451132,37.5726160176812,헬스장
5199,"서울특별시 서대문구 응암로 108, 지하1층 (북가좌동)",3Y짐,126.913332740803,37.5821304189353,헬스장
5200,"서울특별시 서대문구 연희로 286, 연희127빌딩 2층 (홍은동)",주식회사 이태원짐 서대문구청점,126.936480812417,37.5825972630148,헬스장
5201,"서울특별시 서대문구 응암로 79, 문화빌딩 201호 (북가좌동)",3Y짐,126.911189682461,37.5802546696289,헬스장
5202,"서울특별시 서대문구 명물길 10, 지층 (창천동)",신인규 PT studio,126.937519988046,37.5574161708704,헬스장
5203,서울특별시 서대문구 연희로 89-8 (연희동),피트니스 소마,126.92998806115,37.5664126294707,헬스장
5204,"서울특별시 서대문구 이화여대5길 35, 영타운 지웰 에스테이트 지하1층 109호 (대현동)",링크짐,126.943762709377,37.5581310070038,헬스장
5205,"서울특별시 서대문구 통일로 484, 유진상가 275,276,277호 (홍제동)",매직짐,126.943075962755,37.5915743346223,헬스장
5206,"서울특별시 서대문구 통일로 107-13, 지하1층 (미근동)",겟투잇(Get to it),126.967286479534,37.5644375648557,헬스장
5207,"서울특별시 서대문구 이화여대2길 10, 3층 (대현동)",오늘부터 핏,126.946482747826,37.5572756031078,헬스장
5208,"서울특별시 서대문구 연희맛로 32, 지하1층 (연희동)",플렉스피티,126.930794394912,37.5675475485859,헬스장
5209,"서울특별시 서대문구 명지대길 103, 7층 (남가좌동)",짐라이트,126.922858586697,37.5846108853475,헬스장
5210,"서울특별시 서대문구 이화여대길 59, 메르체쇼핑몰 지층 (대현동)",짐 코리아,126.945159029873,37.5589881516307,헬스장
5211,"서울특별시 서대문구 성산로 527, 하늬솔빌딩 302호 (대신동)",주식회사 두,126.944090214952,37.5637750959193,헬스장
5212,"서울특별시 서대문구 통일로 203-1, 4층 (영천동)",하이브 PT,126.960853871748,37.5712956983234,헬스장
5213,"서울특별시 서대문구 수색로 144, 국제빌딩 5층 (북가좌동)",GYM THE BLACK,126.905244332721,37.5753161142479,헬스장
5214,"서울특별시 서대문구 신촌역로 15, 201호 (대현동)",김수민 PT STUDIO,126.942535790205,37.558082753492,헬스장
5215,"서울특별시 서대문구 통일로 177, 3층 (옥천동)",아벨라 짐,126.962768499403,37.5694603595248,헬스장
5216,"서울특별시 서대문구 명지대길 103, 1층 (남가좌동)",크로스핏 에볼루션,126.922858586697,37.5846108853475,헬스장
5217,"서울특별시 서대문구 신촌로 225, 지하1층 (북아현동)",더뉴짐,126.951037135129,37.5573456049078,헬스장
5218,"서울특별시 마포구 동교로 207, 현우빌딩 2층 (동교동)",우리짐 홍대점,126.923217592056,37.5585958809292,헬스장
5219,"서울특별시 마포구 신촌로 12, 동우빌딩 지하1층 (동교동)",주식회사 홀리핏(Holyfit) 홍대점,126.927692125953,37.5580882011019,헬스장
5220,"서울특별시 마포구 매봉산로 80, PARK M 10층 (상암동)",짐박스피트니스상암DMC점,126.894284759249,37.5785297541285,헬스장
5221,"서울특별시 동작구 성대로39길 2, 사랑빌딩 2층 (상도동)",프루브짐,126.941332692984,37.5006203397632,헬스장
5222,"서울특별시 동작구 만양로18길 15, 3층 (노량진동)",투혼짐,126.945213824561,37.5131871681767,헬스장
5223,"서울특별시 동작구 사당로 219, 지하1층 (사당동)",리턴짐,126.972660477747,37.4841600698068,헬스장
5224,"서울특별시 동작구 상도로 37, 주영빌딩 지하1층 (대방동)",파워 유도 피트니스,126.92468106251,37.5000112771545,헬스장
5225,"서울특별시 서초구 서초대로77길 61, 4층 (서초동, S&GTOWER서초)",하우스필라테스,127.023696439353,37.5024402189894,헬스장
5226,"서울특별시 동작구 보라매로5길 35, 2층 (신대방동, 파크스퀘어,보라매현대APT)",고위드 피트니스,126.923508147169,37.4920901355933,헬스장
5227,"서울특별시 동작구 만양로 37, 1층 (노량진동)",Keep Fit studio,126.947618163481,37.507726820554,헬스장
5228,"서울특별시 동작구 사당로 300, 211호 (사당동, 이수자이)","나의, 체육관",126.980308511151,37.4844359490926,헬스장
5229,"서울특별시 동작구 상도로 357, 지층23호 (상도동)",H GYM FITNESS(에이치짐 휘트니스),126.953540835787,37.4969397553084,헬스장
5230,"서울특별시 동작구 흑석한강로 2, 흑석한강센트레빌 4층 404~405호 (흑석동)",바른핏PT,126.966516645021,37.5065990536717,헬스장
5231,"서울특별시 동작구 여의대방로24길 65, 골든퍼스트 지하1층 (대방동)",바디테일러 PT,126.923918172165,37.4985502575167,헬스장
5232,"서울특별시 동작구 상도로 61, 지1층 (대방동, 대방주상복합빌딩)",피트니스 킹덤,126.927338710386,37.4999679815238,헬스장
5233,"서울특별시 동작구 상도로62길 61, 성심빌딩 지하1층 (상도동)",트루머슬짐,126.952493428412,37.4967835547251,헬스장
5234,"서울특별시 동작구 여의대방로22길 92, 그린씨티24 지층 (신대방동)",왓어무브(WHAT A MOVE),126.92504644676,37.4977567417984,헬스장
5235,"서울특별시 동작구 장승배기로28길 19, 1층 (노량진동, 56빌딩)",피니쉬짐,126.941327354891,37.5124994573248,헬스장
5236,"서울특별시 동작구 보라매로5가길 16, 보라매아카데미타워 B2호 (신대방동, 보라매아카데미타워)",짐박스피트니스 보라매점,126.924094714271,37.4912751024086,헬스장
5237,"서울특별시 동작구 만양로 5-1, 2층 201호 (상도동, 나동)",우리짐 PT 상도점,126.946284192056,37.5052781908153,헬스장
5238,"서울특별시 동작구 만양로14가길 17, 1층 (노량진동)",주-한국스포츠개발짐리턴,126.944863037978,37.5123108685973,헬스장
5239,"서울특별시 동작구 상도로37길 32, 2층 (상도1동)",LIKE PT STUDIO,126.950243229127,37.5009323927231,헬스장
5240,"서울특별시 동작구 여의대방로22길 132, 3층 (신대방동)",주식회사 스포니스 신대방점,126.927168804832,37.4981513585394,헬스장
5241,"서울특별시 동작구 사당로 230-1, 4층 2호 (사당동)",주식회사 웨이트랩 남성역점,126.973071163431,37.4834438623061,헬스장
5242,"서울특별시 동작구 동작대로 187, 201호 (동작동)",VIVA LA GYM (비바라짐),126.982353435887,37.4935252784927,헬스장
5243,"서울특별시 동작구 동작대로 59, 지하2층 (사당동)",업투휘트니스프리미엄이수역 주식회사,126.981487484949,37.4820109847453,헬스장
5244,"서울특별시 동작구 동작대로29길 69, 금강산보석불가마사우나 404호 (사당동)",커브스 사당클럽,126.978107297965,37.4884520759924,헬스장
5245,"서울특별시 동작구 동작대로25길 9-8, 3층 (사당동)",어울림 바디클리닉(P.T 샵),126.981391291925,37.4860204577146,헬스장
5246,"서울특별시 동작구 양녕로 269-1, 상도한의원 지1층 (상도1동)",더 본짐,126.948784268148,37.5040397881991,헬스장
5247,"서울특별시 동작구 상도로 153, 3층 (상도동)",이콩고,126.936286242405,37.5034286832743,헬스장
5248,"서울특별시 서초구 남부순환로347길 101 (서초동, 지하1층)",워너비,127.029849245333,37.4887143289998,헬스장
5249,"서울특별시 동작구 상도로 280, 2층 (상도1동)",아워러스(OUROUS),126.947936181549,37.502385081191,헬스장
5250,"서울특별시 동작구 등용로 123, 3층 (대방동)",피트니스 890,126.931722395828,37.5121432646022,헬스장
5251,"서울특별시 동작구 상도로37길 53, 1층 101호 (상도동)",피지컬리지PT,126.95179608552,37.4995193581493,헬스장
5252,"서울특별시 동작구 동작대로 43, 2,3층 (사당동)",짐박스피트니스 사당1호점,126.98161154289,37.4805110944712,헬스장
5253,"서울특별시 동작구 노량진로 134, 이도타워 지하3,4층 (노량진동)",올데이스포츠,126.940880232779,37.5133653695495,헬스장
5254,"서울특별시 동작구 양녕로 268, 진영빌딩 5층 (상도1동)",위드미짐,126.948856226166,37.5034996666046,헬스장
5255,"서울특별시 동작구 상도로 174, 동서남북빌딩 9층 (상도동)",LIKE PT STUDIO 장승배기점,126.938418532982,37.5042527924312,헬스장
5256,"서울특별시 동작구 사당로17길 21, 4층 (사당동)",이안PT,126.973614747245,37.4841752435092,헬스장
5257,"서울특별시 동작구 상도로31길 83, 지하1층 (상도동)",LIKE PT STUDIO 상도2호점,126.946053312145,37.5053445797862,헬스장
5258,"서울특별시 동작구 동작대로13길 12, 자매빌딩 지층 (사당동)",얼티밋 트레이닝,126.980442816901,37.4818979200336,헬스장
5259,"서울특별시 동작구 노량진로 146, 이데아빌딩 지1층 (노량진동)",J.J GYM,126.942168403859,37.5132655453299,헬스장
5260,"서울특별시 동작구 등용로 124, 삼하빌딩 지1층 (대방동)",모브트레이닝 센터,126.932178750257,37.5121830815913,헬스장
5261,"서울특별시 동작구 사당로 285, 3층 (사당동)",근육형제,126.979182539226,37.4846491148735,헬스장
5262,"서울특별시 동작구 남부순환로 2067, 정석빌딩 5층 (사당동)",주-포스트,126.97856389888,37.4769214100582,헬스장
5263,"서울특별시 동작구 등용로 85, 3층 (대방동)",써킷일레븐11(써킷11),126.931957658906,37.5090297996577,헬스장
5264,"서울특별시 동작구 양녕로26길 27, 5층 (상도동, 삼익아파트)",엔짐,126.944257806099,37.4973902075154,헬스장
5265,"서울특별시 동작구 동작대로29길 69, 금강산보석불가마사우나 6층 601호 (사당동)",주-업투휘트니스,126.978107297965,37.4884520759924,헬스장
5266,"서울특별시 동작구 동작대로29길 36, 지하1층 (사당동)",시드니짐,126.979917728895,37.4883332843569,헬스장
5267,"서울특별시 동작구 노량진로 140, 메가스터디타워 B201, B203~B207호 (노량진동)",엑스 콩고,126.941700638806,37.512756878817,헬스장
5268,"서울특별시 동작구 서달로 166, 우리은행흑석동지점 5층 (흑석동)",마크짐 휘트니스,126.962881274043,37.5077644083105,헬스장
5269,서울특별시 동작구 흑석로6가길 21 (흑석동),헤라클레스,126.955856834488,37.5059379074905,헬스장
5270,"서울특별시 동작구 동작대로 89 (사당동, 골든시네마타워)",주- 이수역 헬스장 영자,126.981665713772,37.4846140265703,헬스장
5271,서울특별시 동작구 국사봉1길 12 (상도동),바디 디자인샵,126.929236790898,37.4987849415093,헬스장
5272,"서울특별시 동작구 만양로 14, 지층 (상도동)",SMART GYM,126.947377654076,37.5058732562978,헬스장
5273,"서울특별시 동작구 보라매로5가길 24, 지하2층 (신대방동, 보라매나산스위트)",크로스핏 보라매. 엘루이짐,126.923944114665,37.4906995321938,헬스장
5274,"서울특별시 동작구 여의대방로 22, 우성상가동 205-1,206호 (신대방동, 우성아파트)",짐퍼스트 헬스(우성점),126.911813692107,37.4910969139998,헬스장
5275,"서울특별시 동작구 등용로 127, 103동 지하2층 201호 (대방동, 대방동현대아파트)",Ground-K,126.930988395318,37.5125587415186,헬스장
5276,"서울특별시 동작구 동작대로27길 5, A동 5층 (사당동)",휘트니스 피플 우먼 이수역점,126.981491819978,37.48735441607,헬스장
5277,"서울특별시 동작구 상도로 352, 3층 (상도동)",커브스 상도클럽,126.952614412075,37.4969894833049,헬스장
5278,"서울특별시 동작구 보라매로 113, 7층 (대방동)",프레토 휘트니스,126.927896614044,37.4994633095093,헬스장
5279,"서울특별시 동작구 보라매로 59, 4층 (신대방동)",보라매 휘트니스,126.927071422699,37.4946774679661,헬스장
5280,서울특별시 동작구 상도로 179 (상도동),에브리데이짐,126.938547350594,37.504803193551,헬스장
5281,서울특별시 동작구 등용로4길 148 (노량진동),국제 헬스,126.93473418566,37.5119384569884,헬스장
5282,"서울특별시 동작구 상도로 241, 지1층 (상도동)",빅브로짐상도점,126.945639286409,37.505310331985,헬스장
5283,"서울특별시 동작구 신대방1가길 38, 105동 지층 101호 (신대방동, 동작상떼빌아파트)",워터힐 헬스,126.906939551385,37.487900996008,헬스장
5284,"서울특별시 동작구 동작대로27가길 36, 조양 4층 (사당동)",어반액티브,126.980955639666,37.4860171446651,헬스장
5285,"서울특별시 동작구 상도로 92, 성대메디컬 B1층 (상도동)",더블다운,126.930939966586,37.4996870456187,헬스장
5286,"서울특별시 동작구 사당로 177, 2층 (사당동)",트루머슬짐2호점사당동PT,126.968736090479,37.4863033162111,헬스장
5287,"서울특별시 동작구 시흥대로 676, 4층 (신대방동)",짐프릭스 신대방점,126.909157592901,37.491701099129,헬스장
5288,"서울특별시 마포구 고산2길 6, 지하1층 (노고산동)",힘듦,126.937895380721,37.553204475774,헬스장
5289,"서울특별시 마포구 와우산로13길 6, 지1층 (서교동)",투알짐코퍼레이션,126.922668185082,37.5498732347229,헬스장
5290,"서울특별시 마포구 성암로15길 28, 반석빌딩 2층 (상암동)",해봄PT,126.896025006452,37.5776268821727,헬스장
5291,"서울특별시 마포구 월드컵로 93, 에스케이빌딩 4층 (망원동)",킵(KEEP),126.908890200137,37.5570685955488,헬스장
5292,"서울특별시 마포구 월드컵북로16길 11, 대신마포빌딩 3층 (성산동)",바디앤짐성산점,126.91494252079,37.5630250047226,헬스장
5293,"서울특별시 마포구 독막로 320, 마포 태영 데시앙 지1층 B107,B111,B112,B113호 (도화동)",에이원짐 마포역점,126.94787346379,37.5429644969765,헬스장
5294,"서울특별시 마포구 신촌로 264, 2층 (아현동)",건강해GYM,126.955006155616,37.5570848137034,헬스장
5295,"서울특별시 마포구 만리재로 115, 6층 (공덕동)",당근짐PT공덕애오개점,126.96064264572,37.5504243083986,헬스장
5296,"서울특별시 마포구 마포대로 130, 지하1층 (공덕동, 별정우체국연합회빌딩)",주식회사 엠휘트니스7,126.952989325371,37.5459729185296,헬스장
5297,"서울특별시 마포구 월드컵로 61, 지하1층 (망원동)",셀프메이드짐(SELFMADE GYM),126.911063893831,37.5546544088203,헬스장
5298,"서울특별시 마포구 마포대로 173-14, 마포 센텀 슬로우스퀘어 3층 (아현동)",Playground,126.953625787034,37.55099812968,헬스장
5299,"서울특별시 마포구 양화로 56, 동양한강트레벨 지하1층 B101,102,102-1,103,103-1,104호 (서교동)",바벨피트니스,126.915047112265,37.5497581659117,헬스장
5300,"서울특별시 마포구 독막로 42, 지하1층 (합정동)",로얄짐 2호점,126.917910400658,37.5478025919408,헬스장
5301,"서울특별시 마포구 만리재로 133, 아힐타워(A-HILL TOWER) 2층 201호 (아현동)",에이티에잇 짐,126.962122449453,37.5516706026731,헬스장
5302,"서울특별시 마포구 마포대로 63-8, 삼창주택 지하1층 (도화동)",스포하이 마포점,126.947815114643,37.5422597994869,헬스장
5303,"서울특별시 마포구 창전로 66, 지하1층 (신수동)",나만의짐 프라이빗 대관/PT 서강대점,126.932918259254,37.5483026653971,헬스장
5304,"서울특별시 마포구 월드컵로 80, 서교양경회관 4층 (서교동)",휘트니스피플 우먼 망원역점,126.91044570472,37.5562034768287,헬스장
5305,"서울특별시 마포구 양화로 77, 송원빌딩 지하1층 (서교동)",로얄짐 1호점,126.91636341214,37.5517112081206,헬스장
5306,"서울특별시 마포구 매봉산로 31, S-PLEX CENTER 지하2층 (상암동)",온더피트니스,126.889972593033,37.5757269662412,헬스장
5307,"서울특별시 마포구 성지길 9, 무림빌딩 2층 (합정동)",근육발전소,126.913620287702,37.5482270553206,헬스장
5308,"서울특별시 마포구 백범로20길 24-5, 상수라이크 3층 (대흥동)",프로핏 1:1피티 스튜디오,126.943811380412,37.5459144876248,헬스장
5309,"서울특별시 마포구 독막로 291-5, 3층 (염리동)",핏인라이프,126.94576283089,37.5450994553299,헬스장
5310,"서울특별시 마포구 성암로13길 25, 지하2층  B201호 (상암동, 태림펜트윈)",크로스핏헬퍼2호점 DMC상암점,126.896967436871,37.5769817859429,헬스장
5311,"서울특별시 마포구 동교로12길 38, JH빌딩 지하1층 (서교동)",플루언트(FLUENT) 운동센터,126.912565320478,37.5525471956772,헬스장
5312,"서울특별시 마포구 백범로 124, 지1층 (염리동)",여성전용헬스장PT(메디컬필라테스마마3호점),126.944574806891,37.5464497715049,헬스장
5313,"서울특별시 마포구 백범로 13, 신촌르·메이에르타운(Ⅱ) 제비층 101호,110호,112호,113호,120호 (노고산동)",팀에이팩스,126.937479181431,37.5534277936917,헬스장
5314,"서울특별시 마포구 독막로 91, 4층 (상수동)",윰 신체발전소,126.923594707666,37.5479478636255,헬스장
5315,"서울특별시 마포구 토정로 266, 테라스 494 2층 (용강동)",피트니스랩 용강점,126.939330510819,37.5425660493917,헬스장
5316,"서울특별시 마포구 월드컵로 200, sj 라벨라 B1, B2층 (성산동)",더 짐 프리미엄(THE GYM PREMIUM) 마포구청역점,126.902554646241,37.5649569864623,헬스장
5317,"서울특별시 마포구 양화로 58, 명지한강빌드웰 2층 1호,2호,3호,4호 (서교동)",로마짐 합정,126.915422795699,37.5500793711751,헬스장
5318,"서울특별시 마포구 성미산로1길 61, 지하1층 (성산동)",크로스핏 헬퍼,126.906760271204,37.5603978279604,헬스장
5319,"서울특별시 마포구 월드컵북로 396, 누리꿈스퀘어 지1층 B1057-2~B1057-6호 (상암동)",에프45(F45)상암,126.889782954548,37.5794283422818,헬스장
5320,"서울특별시 마포구 서강로 37-4, 2층 (창전동)",이한갈 PT & 필라테스,126.930640924884,37.5467705529113,헬스장
5321,"서울특별시 마포구 월드컵북로 236, 지하1층 (중동)",더짐(THE GYM),126.903428235454,37.5703001567881,헬스장
5322,"서울특별시 마포구 독막로 10, 지하1층 B101호일부 (합정동)",합정역점 스포애니 (주)케이디헬스케어,126.914498578681,37.5484914168057,헬스장
5323,"서울특별시 마포구 큰우물로 64, 3층 (용강동)",모멘텀(MMT FITNESS),126.944995297191,37.5415366387988,헬스장
5324,"서울특별시 마포구 백범로 8, 우정마샹스 오피스텔 지2층 B203호 (노고산동)",더유,126.936731657301,37.5540039439813,헬스장
5325,"서울특별시 마포구 토정로37길 41, 하나프라자 3층 일부호 (염리동)",턴온피트니스,126.946717429866,37.5427136833578,헬스장
5326,"서울특별시 마포구 양화로6길 60, 3층 (합정동)",LIFE TIME PT (라이프타임피티),126.917403965922,37.548552950744,헬스장
5327,"서울특별시 마포구 월드컵로 73, 지하1층 (망원동)",어라운드짐 망원역점,126.910357684549,37.5554229661709,헬스장
5328,"서울특별시 마포구 마포대로 214, 샵 지1층 B01,B02,B03호 (아현동)",뉴짐스 애오개역점,126.957187094719,37.5528589545742,헬스장
5329,"서울특별시 마포구 창전로 37, 서강한산빌딩 5층 (창전동)",일레븐피티 마포점,126.93187119818,37.5459052290248,헬스장
5330,"서울특별시 마포구 월드컵북로 434, 상암 IT Tower 214호 (상암동)",커브스 상암클럽,126.886049581236,37.5816223202625,헬스장
5331,"서울특별시 마포구 독막로 264, 숭문빌딩 지하1층 (대흥동)",트레인스토밍,126.942562000578,37.5459041557203,헬스장
5332,"서울특별시 마포구 월드컵북로2길 57, 2층 (동교동)",지투짐,126.923364041362,37.5574938764992,헬스장
5333,"서울특별시 마포구 월드컵로 161, 3층 (망원동)",펀짐,126.904422786724,37.561962341184,헬스장
5334,"서울특별시 마포구 신촌로 232, 3층 (아현동)",더뉴짐,126.951398571008,37.5568982288777,헬스장
5335,"서울특별시 마포구 백범로 75, 2층 (신수동)",더나은퍼스널트레이닝스튜디오,126.940373258336,37.5487737429309,헬스장
5336,"서울특별시 마포구 독막로 86, 3층 (상수동)",피트니스안,126.922774296621,37.5474961098136,헬스장
5337,"서울특별시 마포구 양화로 64, 서교제일빌딩 지2층 B202호 (서교동)",올라운드 퍼포먼스 짐(All Round Performance Gym),126.915802998181,37.5503095776344,헬스장
5338,"서울특별시 마포구 월드컵로25길 26, 101동 2-001호 (망원동, 마포영화블렌하임)",바디앤짐 망원점,126.906300605198,37.5585307790582,헬스장
5339,"서울특별시 마포구 모래내로1길 8, B201호 (성산동)",크로스핏 파밀리아,126.904173247441,37.564766939793,헬스장
5340,"서울특별시 마포구 신수로 30, 3층 (현석동)",어반짐,126.934369984357,37.5442145680067,헬스장
5341,"서울특별시 마포구 월드컵로13길 34, 두드림빌딩 5층 (망원동)",(주)뉴홉,126.908260865455,37.5556546238263,헬스장
5342,"서울특별시 마포구 광성로 36, 3층 (신수동)",운동케어센터,126.936952008156,37.5496971109503,헬스장
5343,"서울특별시 마포구 서강로 121, 비103,비104,비105,비106비107호 (노고산동, 맹그로브 신촌)",F45신촌(사운드엑스),126.934014355442,37.5539463245275,헬스장
5344,"서울특별시 마포구 망원로 24, 2층 (망원동)",어라운드짐,126.899636081982,37.5561118914478,헬스장
5345,"서울특별시 마포구 새창로 30, 3층 (도화동)",밸런스랩 근골격 운동센터,126.953119796033,37.5416386229373,헬스장
5346,"서울특별시 마포구 양화로11길 14-5, NFM빌딩 지하1층 (서교동)",와프그룹PT,126.915790633754,37.5522468046823,헬스장
5347,"서울특별시 마포구 신촌로 170, 이대역푸르지오시티 상가304호 (대흥동)",Gooood Gym,126.944361830813,37.5563578579418,헬스장
5348,"서울특별시 마포구 마포대로 156, 공덕푸르지오시티 204호 (공덕동)",이뮨,126.954369685876,37.5479383583415,헬스장
5349,"서울특별시 마포구 월드컵로3길 31-31, 네오빌딩 지1층 (합정동)",달리짐(DALLI GYM),126.91118828743,37.5496804536325,헬스장
5350,"서울특별시 마포구 월드컵로 104, 2층 (성산동)",세이프짐,126.908780776723,37.5578897698614,헬스장
5351,"서울특별시 마포구 마포대로1길 16, A&D빌딩 4층 (용강동)",짐쉐이프,126.943142441441,37.5397308784185,헬스장
5352,"서울특별시 마포구 독막로15길 3-12, 4층,3층 301, 302, 303호 (상수동)",피트니스랩,126.921535972496,37.5484676511038,헬스장
5353,"서울특별시 마포구 포은로2가길 62, 합정글로벌센터 지1층 (합정동)",Strength Museum,126.909931112798,37.5495165107847,헬스장
5354,"서울특별시 마포구 마포대로 201, 205호 (아현동, 마포트라팰리스2차)",레히퍼스널트레이닝스튜디오,126.95550374204,37.5522161008194,헬스장
5355,"서울특별시 마포구 양화로7길 6-5, 1동 601호 (서교동, 와와빌딩)",솔스티스피티스튜디오(SOLSTICE PT STUDIO),126.915198020097,37.5517035293079,헬스장
5356,"서울특별시 마포구 서강로 65, 지하1층 (창전동)",노블핏짐서강점,126.931583339829,37.5491047792517,헬스장
5357,"서울특별시 마포구 양화로 122, LAB7 지1층 일부호 (서교동)",썸원핏,126.920603903509,37.5540720468966,헬스장
5358,"서울특별시 마포구 양화로 176, 동교동 스타피카소 지1층 (동교동)",헬스보이짐필라걸홍대점,126.924986220455,37.5572467836494,헬스장
5359,"서울특별시 마포구 신촌로28가길 19, 2층 (아현동)",알비에프(RBF),126.950891893638,37.5567112424764,헬스장
5360,"서울특별시 마포구 월드컵로1길 14, 지하2층 B215호 (합정동, 마포 한강 푸르지오)",나무트레이닝,126.912061257921,37.5500497954747,헬스장
5361,"서울특별시 관악구 봉천로31길 6, B01, B02호 (봉천동)",인바이트짐,126.941557923112,37.4839898410815,헬스장
5362,"서울특별시 관악구 관악로 204, 3층 (봉천동)",시즌온짐,126.954294809609,37.482961727606,헬스장
5363,"서울특별시 관악구 남부순환로 1924, 동림오피스텔 지하2층,지하3층 (봉천동)",짐박스피트니스 낙성대점,126.96287811279,37.4769082427966,헬스장
5364,"서울특별시 관악구 남부순환로 1808, 관악센츄리타워 4층 401호 (봉천동)",포인티PT,126.950917798181,37.4810880767354,헬스장
5365,"서울특별시 관악구 신원로 26, 101동 지1층 101호 (신림동, 신림동부아파트)",신림동점 스포애니 (주)케이디헬스케어,126.928270805228,37.4811549763764,헬스장
5366,"서울특별시 관악구 남부순환로 1926, 경동제약빌딩 지하2층 (봉천동)",에프45낙성대(F45낙성대),126.963144853114,37.4768185857401,헬스장
5367,"서울특별시 관악구 남부순환로 1936, 벽천빌딩 3층 (봉천동)",트윈PT,126.963959168601,37.4766192632953,헬스장
5368,"서울특별시 관악구 호암로24길 35, 청송빌딩 지하1층 (신림동)",KuksooL Multi-Gym,126.935103646027,37.4696636645398,헬스장
5369,"서울특별시 관악구 난곡로 84, 큰믿음유신교회 지층 (신림동)",Top-tier GYM,126.919390910287,37.4629028048049,헬스장
5370,서울특별시 관악구 남부순환로185길 33 (신림동),프라이빗 짐 라카브 신림점,126.932055660447,37.4861285276691,헬스장
5371,"서울특별시 관악구 행운2길 20, 5층 (봉천동)",ESC(elite sporst conditioning GYM),126.960037125658,37.4790929847652,헬스장
5372,"서울특별시 관악구 남부순환로180길 6, 2층 (신림동, 최강타워)",그린짐,126.930629680819,37.4837589483107,헬스장
5373,"서울특별시 관악구 은천로 48, 2층 (봉천동)",엠제이핏 PT,126.940505291228,37.4859763994096,헬스장
5374,"서울특별시 관악구 남현1길 68-18, 지하1층 (남현동, 네스코 로와)",크로스핏 타우너,126.981176622724,37.4750121649246,헬스장
5375,"서울특별시 관악구 관악로 1, 서울대학교 919동 1층 146,147호 (신림동)",짐박스피트니스 서울대기숙사점,126.94815644252,37.4662872666604,헬스장
5376,"서울특별시 관악구 남부순환로 1895, 지하1층 B1호 (봉천동)",랩스휘트니스 낙성대점 헬스 PT,126.960284807111,37.4787202306311,헬스장
5377,"서울특별시 관악구 남부순환로246라길 3, 스카이빌 지하1층 (봉천동)",채육관,126.964054437845,37.4748051991994,헬스장
5378,"서울특별시 관악구 호암로26길 47, 신림빌딩 지하1층,2~3층 (신림동)",fitness SUIT,126.936234178886,37.4704845600256,헬스장
5379,"서울특별시 관악구 신림로64길 9, 3층 (신림동)",유앤아이짐,126.930248253503,37.4851598817952,헬스장
5380,"서울특별시 관악구 남부순환로 1832, 오선빌딩 지하 1층 (봉천동)",런 서울대입구,126.953497637127,37.4807059211487,헬스장
5381,"서울특별시 관악구 봉천로 212, 3층 (신림동)",바디클래스,126.925060666631,37.4896370569469,헬스장
5382,"서울특별시 관악구 은천로 23, 4층 (봉천동)",폴인핏(FALL IN FIT),126.937927086846,37.4864072865821,헬스장
5383,"서울특별시 관악구 신림로 266, 3층 (신림동)",동방짐 피트니스,126.932328416894,37.4788188912085,헬스장
5384,"서울특별시 관악구 봉천로 568-1, 브릴란트 빌딩 2층 (봉천동)",움직일 시간,126.960594754919,37.4773196251448,헬스장
5385,"서울특별시 관악구 대학길 6, 3층 (신림동)",밸런스 메이트 PT STUDIO,126.937764733151,37.4703043630397,헬스장
5386,"서울특별시 관악구 남부순환로 1923, 남정빌 3층 (봉천동)",모아핏휘트니스 낙성대역점,126.963099158641,37.4775498308417,헬스장
5387,"서울특별시 관악구 은천로 113, 3층 (봉천동)",텐퍼센트 짐,126.947912510007,37.486967131768,헬스장
5388,"서울특별시 관악구 신림로 99, B1층 (신림동, 센터스퀘어 서울대점)",짐박스피트니스 신림본점,126.938430746227,37.4702240714953,헬스장
5389,"서울특별시 관악구 대학5길 8, 지하1층 (신림동)",With Gym(위드짐),126.938242258684,37.4691758274797,헬스장
5390,"서울특별시 관악구 관악로17길 8, 지층 101호 (봉천동)",Re:BODY 헬스 365,126.951311358341,37.4809223638223,헬스장
5391,"서울특별시 관악구 남부순환로 1798, 예성 아이 라이프 지하1층 (봉천동)",바운드짐,126.949923176815,37.4812917378912,헬스장
5392,"서울특별시 관악구 신림동길 10, 3층 (신림동)",레코브,126.927527171531,37.4875071719379,헬스장
5393,"서울특별시 관악구 남현2길 62, 인성빌딩 1층 (남현동)",천프로짐,126.973966215513,37.4755295977705,헬스장
5394,"서울특별시 관악구 남부순환로 1921, 금강빌딩 지하1층 (봉천동)",에이치코어낙성대점,126.962793626502,37.477661640408,헬스장
5395,"서울특별시 관악구 남부순환로 1603, 지하1층 (신림동)",러너스하이 피트니스 신림,126.928803713296,37.4844379432327,헬스장
5396,"서울특별시 관악구 남부순환로 1836, 호산빌딩 지하1층 (봉천동)",짐박스피트니스 서울대입구점,126.953743537738,37.4805323031355,헬스장
5397,"서울특별시 관악구 신림로58길 13, S-빌딩 201호 (신림동)",주식회사바운드 신림역점,126.93063378688,37.4826196254442,헬스장
5398,"서울특별시 관악구 남부순환로 1931, 케에타워 지하2층 (봉천동)",DYGYM,126.963886972814,37.4772285940493,헬스장
5399,"서울특별시 관악구 봉천로14길 12, 지하1층 (신림동, 관전GT타워)",얼티밋트레이닝 신림점,126.929962905972,37.4875456723701,헬스장
5400,"서울특별시 관악구 대학길 26, 지하1층 (신림동)",메타 크로스핏,126.937716018708,37.4696136226628,헬스장
5401,서울특별시 관악구 남부순환로 2074 (남현동),짐박스피트니스 사당2호점,126.979070603665,37.4761356402384,헬스장
5402,"서울특별시 관악구 난곡로 53, 관악산휴먼시아 2층 206호 (신림동)",박교수 체형교정센터,126.919326648265,37.4602221608432,헬스장
5403,"서울특별시 관악구 신림로 108, 지하1층 (신림동)",원펀짐,126.937597983499,37.4711305016924,헬스장
5404,"서울특별시 관악구 조원로 132, 신림프라자 3층 (신림동)",짐엑스 신사시장점,126.916921480265,37.4852547882808,헬스장
5405,"서울특별시 관악구 남부순환로161가길 34, 2층 (신림동)",짐엑스 신대방점,126.91687203924,37.484976251885,헬스장
5406,"서울특별시 관악구 남부순환로 1905, 5층 (봉천동)",유코치 PT,126.9611391649,37.4783183942378,헬스장
5407,"서울특별시 관악구 신사로 104-1, 6층 (신림동)",더 스테이 짐(The Stay Gym),126.91406597477,37.4872197363608,헬스장
5408,"서울특별시 관악구 남부순환로191길 7, 지하1층 (신림동, 에드원)",고핏 피트니스,126.934001482301,37.4855884851628,헬스장
5409,"서울특별시 관악구 대학5길 6, 2층 (신림동)",힙짐(HIP GYM),126.938005216969,37.469163990217,헬스장
5410,"서울특별시 관악구 남부순환로 1690, 지하1층 (봉천동)",메이크타임PT,126.937988915461,37.4836957346515,헬스장
5411,"서울특별시 관악구 난곡로 357, 2층 (신림동)",유얼스짐PT 신대방역점,126.91344763033,37.4859134542249,헬스장
5412,"서울특별시 관악구 난곡로 227-1, 3층 (신림동)",first-step Gym,126.91670144254,37.474568216729,헬스장
5413,"서울특별시 관악구 난곡로65길 9, 지하1층 (신림동)",설핏,126.913663987458,37.4822280381008,헬스장
5414,"서울특별시 관악구 난곡로 100, 1층 103,104,105호 (신림동, 파로스프라자A동)",데일리 휘트니스,126.919613685063,37.4645001795391,헬스장
5415,"서울특별시 관악구 봉천로 223, 5층 (봉천동)",피지오숲,126.926481457694,37.4900816057024,헬스장
5416,"서울특별시 관악구 보라매로 4, 태영빌딩 3층,4층 (봉천동)",온오프짐 당곡역점,126.92797868299,37.4899597205932,헬스장
5417,"서울특별시 관악구 남부순환로 1944, 지하1층 B01호 (봉천동)",휴코어 낙성대점,126.964798740309,37.4763144345225,헬스장
5418,서울특별시 관악구 난곡로 173 (신림동),바디케이PT 난곡점,126.91963409766,37.4705630954799,헬스장
5419,"서울특별시 관악구 관악로17길 25, 그린피아 오피스텔 B1층 101호 (봉천동)",헤게모니짐PT 서울대입구점,126.95025710316,37.4806955912288,헬스장
5420,"서울특별시 관악구 남부순환로 1940, 지하1층 B101호 (봉천동)",휘트니스 에일린,126.964287094969,37.4764749310155,헬스장
5421,"서울특별시 관악구 보라매로3길 29, 3층 07, 08호 (봉천동, 해태보라매타워)",제이디피티샵,126.924990343437,37.4912113425285,헬스장
5422,"서울특별시 관악구 신림로23길 16, 일성트루엘 1층 1076~1093호 (신림동)",짐박스 신림3호점,126.934476782389,37.4704811658789,헬스장
5423,"서울특별시 관악구 난곡로 194, 4층 (신림동)",무브라이프짐,126.919608982564,37.4722697720366,헬스장
5424,"서울특별시 관악구 조원로 56, 4층 (신림동)",터틀짐(Turtle Gym),126.908704653964,37.4834854516636,헬스장
5425,"서울특별시 관악구 시흥대로 568, 지하1층 (신림동)",정피트니스(2호점),126.902373852685,37.4833757831639,헬스장
5426,"서울특별시 관악구 남부순환로 1934, 낙성대빌딩 지하1층 (봉천동)",오늘부터 운동PT,126.963735538331,37.4766373051657,헬스장
5427,"서울특별시 관악구 신림로 367, 4층 (신림동)",유얼스짐PT 신림역점,126.928744426224,37.4870995755769,헬스장
5428,"서울특별시 관악구 난곡로 100, A동 B1-07호 (신림동, 파로스프라자A동)",Hong gym,126.919613685063,37.4645001795391,헬스장
5429,"서울특별시 관악구 신림로64길 23, 5층,6층 (신림동)",신림헬스 고운짐,126.931021236392,37.4852226853822,헬스장
5430,"서울특별시 관악구 남부순환로 1814, 대연빌딩 지하1층 (봉천동)",슬릭부스트 서울대입구점,126.951566124274,37.4810358154572,헬스장
5431,"서울특별시 관악구 신사로 104, 7층 (신림동)",이너핏,126.91395890169,37.4871172138433,헬스장
5432,"서울특별시 관악구 난우길 41, 3층 (신림동)",GOGO점핑 다이어트,126.917178437411,37.4761787463639,헬스장
5433,"서울특별시 관악구 보라매로 13, 지하2층 (봉천동)",짐 인 더 하우스 2호점,126.927072002784,37.4905918518063,헬스장
5434,"서울특별시 관악구 남부순환로 1817, Q타워 지하1층 B102호 (봉천동)",피트니스 FM,126.952144384523,37.4816411686596,헬스장
5435,"서울특별시 관악구 신원로 38, 4층 (신림동)",피티나인,126.929378426304,37.4819176267219,헬스장
5436,"서울특별시 관악구 쑥고개로 121, 지하2-3층 (봉천동, 삼일빌딩)",우리 크로스핏 지엘짐 역도체육관 본점,126.950064685615,37.4791492883376,헬스장
5437,"서울특별시 관악구 봉천로 485, 6층 (봉천동)",에이치코어,126.953900504959,37.4821241769139,헬스장
5438,"서울특별시 관악구 남부순환로 1951, 3층 (봉천동)",바디에프오 낙성대점,126.966079042098,37.4763892324087,헬스장
5439,"서울특별시 관악구 양녕로 50, 3층 (봉천동)",운동해야짐,126.947220766123,37.4864591968344,헬스장
5440,"서울특별시 관악구 신림로 257, 3층 (신림동)",라이프짐 서원역점,126.932525024133,37.4778130267899,헬스장
5441,"서울특별시 관악구 남부순환로 2064, 지하1층 (남현동)",사당역점 스포애니 (주)케이디헬스케어,126.978098942823,37.4764021630158,헬스장
5442,"서울특별시 관악구 은천로 124, 2층 (봉천동)",무브 유,126.94893008197,37.4865535628013,헬스장
5443,"서울특별시 관악구 남부순환로 1733, 지하1층 (봉천동)",휘트니스 에일린 2호점,126.942759661044,37.4825535910402,헬스장
5444,"서울특별시 관악구 신사로 116-1, 6층 (신림동)",비더원 PT 신대방역점,126.915156444572,37.48790222696,헬스장
5445,"서울특별시 관악구 봉천로 516, 3층 (봉천동)",웨슬리짐,126.955538470679,37.479789029001,헬스장
5446,"서울특별시 관악구 남부순환로246길 18, 3층 (봉천동)",다름 PT STUDIO 낙성대,126.964219398923,37.4757144583192,헬스장
5447,"서울특별시 관악구 조원로 10-1, 2층 (신림동)",유얼스짐PT 구로디지털점,126.903449197834,37.4832968374719,헬스장
5448,서울특별시 관악구 인헌길 68 (봉천동),아크로 휘트니스,126.966353193028,37.4723656704257,헬스장
5449,"서울특별시 관악구 호암로26길 17, 2층 (신림동)",동방헬스타운,126.934607229207,37.4707490184504,헬스장
5450,"서울특별시 관악구 청룡1길 2, 관악중앙새마을금고 5,6,7층 (봉천동)",짐박스피트니스 봉천점,126.946470197661,37.4810921822049,헬스장
5451,"서울특별시 관악구 남부순환로 1855, 지하1층 (봉천동)",서울대입구점 스포애니 (주)케이디헬스케어,126.956245384035,37.4802548443048,헬스장
5452,"서울특별시 관악구 관악로 217, 10층 (봉천동)",블랙멀티짐(서울대점),126.954677353454,37.4843787109112,헬스장
5453,"서울특별시 관악구 난곡로 367, 5층 501호 (신림동)",파운드 짐,126.913354117853,37.4867009567317,헬스장
5454,"서울특별시 관악구 쑥고개로 100, 214호 (봉천동, 생모리츠타운)",선샤인핏,126.947648773898,37.4789463264491,헬스장
5455,"서울특별시 관악구 남부순환로 1369, 3층 (신림동, 관악농협농산물백화점)",업프로짐,126.902907755863,37.4801331328431,헬스장
5456,서울특별시 관악구 봉천로 516 (봉천동),웨슬리짐,126.955538470679,37.479789029001,헬스장
5457,"서울특별시 관악구 남부순환로 2062, 3층 (남현동)",근육터짐 지방빠짐,126.977800930042,37.4764099461867,헬스장
5458,"서울특별시 관악구 신림로67길 3-8, B01호 (신림동, 라임카운티)",R.F Shop(알에프샵),126.929024055899,37.4858968081005,헬스장
5459,"서울특별시 관악구 시흥대로 548, 남문빌딩 2층 (신림동)",정피트니스,126.901084634069,37.4817894766254,헬스장
5460,"서울특별시 관악구 신원로3가길 21, 지하1층 (신림동)",프리원핏 신림점,126.927062906179,37.4807579732135,헬스장
5461,"서울특별시 관악구 신원로 13, 성신빌딩 2층 (신림동)",더짐혼 2호점,126.927698678963,37.4804889623084,헬스장
5462,"서울특별시 관악구 봉천로 575, 6층 (봉천동)",김코치PT(낙성대점),126.961481858172,37.4774028105387,헬스장
5463,"서울특별시 관악구 신림로 368, 3층 (신림동)",바디가드 짐,126.929253228862,37.4871133964642,헬스장
5464,"서울특별시 관악구 호암로26길 17, 지층 (신림동)",동방 짐,126.934607229207,37.4707490184504,헬스장
5465,"서울특별시 관악구 남부순환로 1899, 4층 (봉천동)",파워존 낙성대점,126.960653825896,37.4785065445749,헬스장
5466,"서울특별시 관악구 남부순환로 1799, 지하1층 (봉천동)",얼티밋트레이닝 서울대점,126.950132074266,37.4818623450493,헬스장
5467,서울특별시 관악구 대학5길 26 (신림동),PT DAY,126.939200547417,37.4691487535,헬스장
5468,서울특별시 관악구 양녕로 29 (봉천동),이도 피트니스,126.946395058313,37.4846673504229,헬스장
5469,서울특별시 관악구 신림로 206 (신림동),월드짐 휘트니스,126.937446935701,37.4756288046285,헬스장
5470,"서울특별시 관악구 남부순환로 1820, 13층 (봉천동)",자마이카휘트니스,126.952083773717,37.4809479979455,헬스장
5471,"서울특별시 관악구 행운2길 52, B01호 (봉천동)",HERO GYM,126.961604735187,37.4785357798027,헬스장
5472,서울특별시 관악구 광신길 104 (신림동),헬스119,126.926010030601,37.4637260638889,헬스장
5473,"서울특별시 관악구 청림6길 3, 401호 (봉천동,대우푸르지오 상가)",주식회사 관악투엑스휘트니스,126.959937748135,37.4875621618116,헬스장
5474,"서울특별시 관악구 성현로 80 (봉천동, 관악드림타운 주상가)",오버탑휘트니스 헬스 PT & 골프 필라테스 관악봉천점,126.952985510916,37.4898474387668,헬스장
5475,서울특별시 관악구 인헌6길 15 (봉천동),낙성대점 스포애니 (주)케이디헬스케어,126.965905335066,37.4737750824086,헬스장
5476,"서울특별시 관악구 남현1길 38-10, 1층 (남현동)",교통문화교육원 헬스크럽,126.979245142307,37.4753765702546,헬스장
5477,서울특별시 관악구 봉천로 227 (봉천동),보라매점 스포애니 (주)케이디헬스케어,126.927117551199,37.4900315434017,헬스장
5478,"서울특별시 관악구 은천로 28, 봉일프라자 4층 (봉천동)",봉일스파랜드,126.938389949449,37.4859081000629,헬스장
5479,"서울특별시 관악구 난곡로 210 (신림동,6,7층)",짐박스피트니스 난곡점,126.918544974873,37.4737298508968,헬스장
5480,서울특별시 관악구 신림로 272 (신림동),럭키헬스클럽,126.93201825115,37.4791220829489,헬스장
5481,"서울특별시 관악구 관악로 248, 4층 (봉천동)",SY GYM,126.957149966801,37.4862101220192,헬스장
5482,"서울특별시 관악구 남부순환로 1479 (신림동,3층)",에스엠 휘트니스,126.914940860142,37.4821799493692,헬스장
5483,"서울특별시 관악구 쑥고개로 121, 지하1층 (봉천동, 삼일빌딩)",플렉스짐,126.950064685615,37.4791492883376,헬스장
5484,"서울특별시 관악구 신림로 300, 2층 (신림동, 웅산빌딩)",The Gym : 魂 (더 짐 : 혼),126.930310668665,37.4811405195858,헬스장
5485,"서울특별시 관악구 관악로40길 47, 2층 (봉천동, 현대상가)",제임스짐,126.95892477375,37.4920550488974,헬스장
5486,"서울특별시 관악구 양녕로 58, 301호 (봉천동)",커브스 봉천클럽,126.947036314759,37.4873102965781,헬스장
5487,"서울특별시 관악구 신림로 350, 지하1층 (신림동, 서원프라자, 태영아파트)",파운드짐 헬스&PT 신림역점,126.929948753311,37.4855072234589,헬스장
5488,"서울특별시 관악구 신림로64길 43, 지상1층,지하1층 (신림동)",고핏 퍼스널트레이닝,126.932102303367,37.4853141332225,헬스장
5489,"서울특별시 관악구 서림길 22, 지하1층 (신림동)",동방헬스장,126.937741644199,37.4751081766415,헬스장
5490,"서울특별시 관악구 신림로 276, 3층 (신림동)",Him PT,126.931703726508,37.4793671562516,헬스장
5491,"서울특별시 관악구 봉천로 217-1, 4층 (봉천동)",파인필드,126.925974819591,37.4901461618804,헬스장
5492,"서울특별시 관악구 은천로 95, 벽산블루밍아파트 501동 1층 (봉천동)",에스짐 관악봉천점,126.945894955554,37.4873460900284,헬스장
5493,"서울특별시 관악구 관악로 199, 3층 (봉천동)",휘트니스피플 우먼 서울대점,126.953587750655,37.4830752493665,헬스장
5494,서울특별시 관악구 신림로 340 (신림동),자마이카 짐,126.930096548294,37.4847625375982,헬스장
5495,"서울특별시 관악구 관악로 168, 지하1층 (봉천동, 대우디오슈페리움2단지)",휘트니스에프엠,126.952984762396,37.4802159296703,헬스장
5496,"서울특별시 관악구 관악로 1, 900동 B2호 (봉천동)",서울대학교 Double S Fitness,126.94815644252,37.4662872666604,헬스장
5497,"서울특별시 관악구 남부순환로 1793 (봉천동,백광빌딩 지하1,2층)",운동친구,126.949367719564,37.481942029552,헬스장
5498,"서울특별시 관악구 과천대로 939, B301호 (남현동, 르메이에르강남타운2)",피트니스메이트,126.981430242321,37.4743771732195,헬스장
5499,"서울특별시 관악구 은천로 51, 지하1층 (봉천동, 원익빌딩)",은천점 스포애니 (주)케이디헬스케어,126.941249709289,37.4862967199076,헬스장
5500,"서울특별시 관악구 남부순환로 1685, 지층 (봉천동)",쿠타(본점),126.937870529653,37.4843865657196,헬스장
5501,"서울특별시 관악구 관악로 163, 3층 (봉천동, 효원빌딩)",제임스킬짐PT 서울대입구점,126.952044774856,37.4798753308636,헬스장
5502,"서울특별시 관악구 남부순환로 1464, 지층 (신림동, 승도빌딩)",크로스핏 리치 난곡점,126.913378400019,37.4812406839959,헬스장
5503,서울특별시 관악구 관악로15길 6 (봉천동),JS GYM,126.952064224267,37.4804012577558,헬스장
5504,"서울특별시 관악구 호암로22길 60, 지하1층 (신림동, 태양빌딩)",곰짐(Gom Gym),126.936163594635,37.4685423934803,헬스장
5505,"서울특별시 관악구 남부순환로 1915, 지층 (봉천동)",PURE GYM,126.962205494624,37.4779156285198,헬스장
5506,"서울특별시 관악구 양녕로 59, 3층 302호 (봉천동)",텐 퍼센트(TEN PERCENT),126.946610980182,37.4872589278874,헬스장
5507,"서울특별시 관악구 난곡로 98, 1층 106호 (신림동, 파로스프라자B동)",바디트레이닝(미),126.919458376949,37.4640754271385,헬스장
5508,"서울특별시 관악구 남부순환로 1939, 태양빌딩 2층 (봉천동)",레시핏 낙성대점,126.964839852442,37.476881362041,헬스장
5509,"서울특별시 관악구 쑥고개로 75, 광장빌딩 지1층 (봉천동)",운동하는날 서울대봉천점,126.94493248435,37.4796636465434,헬스장
5510,"서울특별시 관악구 신림로 198, 3층 (신림동)",짐박스피트니스 신림4호점,126.93688000303,37.4750584342666,헬스장
5511,"서울특별시 관악구 남부순환로 1888, GTI 빌딩 지하1층 (봉천동)",리메이크바디샵,126.959002604542,37.4785444562777,헬스장
5512,"서울특별시 관악구 관악로 153, 지하1층 (봉천동)",다조아GYM,126.952039897314,37.4790158562216,헬스장
5513,"서울특별시 관악구 신림로 132, 2층 (신림동)",이너멜 피트니스,126.934971850717,37.4716050894308,헬스장
5514,"서울특별시 관악구 신림로 132, 3층 (신림동)",이너멜핏,126.934971850717,37.4716050894308,헬스장
5515,"서울특별시 관악구 신림로59길 14, 민속순대타운 5층 (신림동)",짐박스피트니스 신림역점,126.928776084349,37.4832898616637,헬스장
5516,"서울특별시 관악구 보라매로 22, 4층 (봉천동)",릿업핏PT,126.927315379523,37.4913690304972,헬스장
5517,"서울특별시 관악구 봉천로 407-1, 지하1층 (봉천동)",탁구앤짐,126.945315710854,37.4831362225828,헬스장
5518,"서울특별시 관악구 쑥고개로 97, 지층 (봉천동)",GYM PRIVATE,126.947484476464,37.4793042245021,헬스장
5519,"서울특별시 관악구 쑥고개로 103, 2층,3층 (봉천동)",봉천동점 스포애니 (주)케이디헬스케어,126.947845935496,37.4792879862365,헬스장
5520,"서울특별시 관악구 봉천로 604, 진원빌딩 지층 (봉천동)",운동하는날 낙성대점,126.964076509702,37.4759302068049,헬스장
5521,"서울특별시 관악구 양녕로 46, 메카플러스 7층 (봉천동)",짐박스피트니스 봉천현대시장점,126.947238616678,37.4861580878937,헬스장
5522,"서울특별시 관악구 신사로20길 53, 지하1층 (신림동)",프리원핏 신대방점,126.917875640317,37.4868182537709,헬스장
5523,"서울특별시 관악구 은천로 37, 정암빌딩 7층 (봉천동)",미래가그려짐 봉천역점 헬스&PT,126.939578517495,37.4863374135421,헬스장
5524,"서울특별시 관악구 남부순환로 1630, 지하1층 (신림동)",핏라운지PT 신림점,126.931755140676,37.4842455175802,헬스장
5525,"서울특별시 관악구 남부순환로 1709, 한성빌딩 301호 (봉천동)",핏티,126.940266155866,37.4832725328964,헬스장
5526,"서울특별시 관악구 난곡로 303, 501호 (신림동)",하이 설핏,126.914411268458,37.4809956415208,헬스장
5527,"서울특별시 관악구 남현2길 8, 지층 (남현동)",프리원핏 사당점,126.976928507994,37.4759896382154,헬스장
5528,"서울특별시 관악구 쑥고개로21길 9, 보은아트빌라 제비01호 (봉천동)",프리원핏 서울대점,126.948461936885,37.4795308983069,헬스장
5529,"서울특별시 관악구 봉천로29길 52, 지하1층 (봉천동)",프리원핏 봉천점,126.942243079231,37.485485401341,헬스장
5530,"서울특별시 마포구 굴레방로 27, 3층 일부호 (아현동)",WONFIT PT(원핏피티스튜디오),126.95532261857,37.5564770309498,헬스장
5531,"서울특별시 마포구 월드컵로 134, 금수빌딩 지하1층,지하2층 일부호 (성산동)",더짐(THE GYM)망원점,126.906919452409,37.5601764885978,헬스장
5532,"서울특별시 마포구 양화로 186, LC TOWER 지하2층 (동교동)",에이블짐 홍대입구역점,126.92589313527,37.5576684824211,헬스장
5533,"서울특별시 마포구 동교로 69, 테바빌딩 지하1층 (망원동)",Sweet spot,126.909846894173,37.5538585357425,헬스장
5534,"서울특별시 마포구 마포대로24길 4, 공덕자이아파트 상가 4층 409호,410호 (아현동)",프리베핏 2호점,126.957893788452,37.5541536723523,헬스장
5535,"서울특별시 마포구 와우산로23길 20-30, 1층 (서교동)",민데이짐,126.925685096225,37.5541559935849,헬스장
5536,"서울특별시 마포구 월드컵로34길 20, 동우 자인채 스토리 상암 지하1층 (성산동)",THE GYM,126.904395377457,37.5654314241142,헬스장
5537,"서울특별시 마포구 동교로8안길 35-1, 지하1층,1층,2층 (합정동)",(주)업짐,126.904111758528,37.5502158783353,헬스장
5538,"서울특별시 마포구 동교로 106, 2층 (서교동)",낭만PT,126.913873930643,37.5544812479636,헬스장
5539,"서울특별시 마포구 백범로31길 7, 상가1동 111호 (공덕동, 공덕SK리더스뷰)",MOVE UP,126.948750766953,37.5452545904697,헬스장
5540,"서울특별시 마포구 동교로22길 38, 지하1층 (서교동)",홍대 프로씨드 짐,126.917916725803,37.5543144698367,헬스장
5541,"서울특별시 마포구 마포대로 137, KPX빌딩 지하1층 (공덕동)",공덕역점 스포애니 (주)케이디헬스케어,126.952614023327,37.5467933983647,헬스장
5542,"서울특별시 마포구 어울마당로5길 42, 상상하는 사람 2층 (서교동)",허니짐,126.918482310878,37.5498894301844,헬스장
5543,"서울특별시 마포구 신촌로 134, 신촌빌딩 지하1층 (노고산동)",에이블짐 신촌점,126.940463306472,37.5559244688398,헬스장
5544,"서울특별시 마포구 월드컵북로 9-1, 4층 (서교동)",빗미PT,126.920389119209,37.555760371591,헬스장
5545,"서울특별시 마포구 만리재옛길 12-1, 2층 (신공덕동)",비타짐(VITAGYM),126.954883485214,37.545236910487,헬스장
5546,"서울특별시 마포구 월드컵북로 220, 2층 일부호 (성산동, 월드컵빌리지)",피티몽키위드레몬,126.904773662408,37.5696031586934,헬스장
5547,"서울특별시 마포구 포은로 75, 3층 (망원동)",부티짐,126.905567945655,37.5538237462899,헬스장
5548,"서울특별시 마포구 도화길 32, 삼성아파트 상가동 지하1층 (도화동)",머슬마인드,126.949581942072,37.5408411321685,헬스장
5549,"서울특별시 마포구 양화로11길 50, 4층 (서교동)",GYM Doit,126.914006649192,37.5523422860741,헬스장
5550,"서울특별시 마포구 독막로 320, 마포 태영 데시앙 2층 (도화동)",F45 공덕,126.94787346379,37.5429644969765,헬스장
5551,"서울특별시 마포구 성암로 255 (주)문화방송 C2동 3층 301,302호 (상암동)",헬스보이짐 상암MBC점,126.89181859148,37.5802785107294,헬스장
5552,"서울특별시 마포구 서강로 106, 신촌크리닉존 지2층 (신수동)",카디오짐,126.933505377894,37.5523436143303,헬스장
5553,"서울특별시 마포구 월드컵북로 402, 케이지아이티센터 3층 314호 (상암동)",다GYM,126.888982346416,37.580107752042,헬스장
5554,"서울특별시 마포구 창전로 60, 서강빌딩 6층 (구수동)",슈퍼바디짐 헬스&PT,126.932894608936,37.5477970115354,헬스장
5555,"서울특별시 마포구 와우산로23길 20-30, 지층 (서교동)",리부스트PT 홍대점,126.925685096225,37.5541559935849,헬스장
5556,"서울특별시 마포구 삼개로 11, 3층 (도화동)",비엠 더 프라이빗 필라테스&PT 마포역점,126.947760216592,37.539367295599,헬스장
5557,"서울특별시 마포구 도화4길 19, 지원빌딩 2층 (도화동)",클럽인디고,126.951023454276,37.5410675293711,헬스장
5558,"서울특별시 마포구 양화로 85, 지하2층 우측호 (서교동)",F45합정,126.917060912191,37.5522809506085,헬스장
5559,"서울특별시 마포구 독막로8길 3, 4층 (합정동)",PUSHUP GYM,126.918462661963,37.5476694465901,헬스장
5560,"서울특별시 마포구 월드컵북로56길 9, 지하1층 (상암동, (주)우리기술사옥)",에이블짐 상암점,126.887439627184,37.581384890718,헬스장
5561,"서울특별시 마포구 동교로27길 102, 지하1층 (연남동)",The Movement,126.919702414981,37.5619508364399,헬스장
5562,"서울특별시 마포구 삼개로 20, 지하1층 (도화동, 근신빌딩)",인어스휘트니스 헬스피티앤골프마포점,126.947204921199,37.5385080351775,헬스장
5563,"서울특별시 마포구 월드컵로 53, 3층 (합정동)",진헬스클럽,126.911506255919,37.5540079150593,헬스장
5564,"서울특별시 마포구 만리재로 111, 1층 (공덕동, 미네뜨오피스텔)",헬스존,126.960337509092,37.5500759704215,헬스장
5565,"서울특별시 마포구 성미산로 112, 2층 (연남동)",FIT360°,126.919574599958,37.5620851781067,헬스장
5566,서울특별시 마포구 토정로32길 4 (용강동),피트니스 온,126.94128505826,37.5410712879596,헬스장
5567,서울특별시 마포구 월드컵로 82 (서교동),B.S.T GYM,126.910256083852,37.5562482025164,헬스장
5568,"서울특별시 마포구 월드컵로14길 42, 성화빌딩 2층 (서교동)",파워존HJ,126.912719557582,37.556245093771,헬스장
5569,"서울특별시 마포구 월드컵북로 30, 지하1층 (동교동)",VIP 휘트니스,126.919370642295,37.5573599416881,헬스장
5570,"서울특별시 마포구 큰우물로 49, 지하1,2호 (염리동, LG상가)",무한 크로스핏,126.944154921165,37.5425902336753,헬스장
5571,"서울특별시 마포구 신촌로 128, 지하1층 (노고산동)",피아트짐,126.93997159818,37.5557422183902,헬스장
5572,"서울특별시 마포구 마포대로11길 7-18, 지하1층 (공덕동)",더건강한피티,126.953090713291,37.5481440056797,헬스장
5573,"서울특별시 마포구 성암로 267 (상암동, MBC 경영센터 지하1층)",MBC 휘트니스센터,126.890988995582,37.5811234199086,헬스장
5574,"서울특별시 마포구 독막로9길 31 (서교동, 지하 1층)",크로스핏 칸,126.920164253311,37.5497033519228,헬스장
5575,"서울특별시 마포구 백범로 199, 메트로디오빌 지하1,2층 (신공덕동)",머슬메이드,126.952779970695,37.5434778780948,헬스장
5576,"서울특별시 마포구 월드컵로13길 34, 두드림빌딩 4층 (망원동)",네이브핏(Nave FIT),126.908260865455,37.5556546238263,헬스장
5577,"서울특별시 마포구 독막로 320, 지하1층 B102,103,105~108, 113호 (도화동, 데시앙 한빛빌딩)",큐어짐,126.94787346379,37.5429644969765,헬스장
5578,"서울특별시 마포구 양화로7안길 12, 지하1층 (서교동)",VKNY Gym(비키니짐),126.915144371559,37.5521090299343,헬스장
5579,"서울특별시 마포구 월드컵북로 207, 2층 (성산동, 근영빌딩)",태영휘트니스,126.905649902888,37.5687954893124,헬스장
5580,"서울특별시 마포구 독막로 100, 세방글로벌시티 지하1층 B101~B104호 (상수동)",엠휘트니스9,126.924711098068,37.5473382442434,헬스장
5581,"서울특별시 마포구 서강로 60, 지하1층 (창전동, 미지빌딩)",데이지라이프 휘트니스,126.932182274794,37.5485252421313,헬스장
5582,"서울특별시 마포구 마포대로 109, 지하2층 (공덕동, 롯데캐슬프레지던트)",주식회사 엠앤짐,126.950847479316,37.5450686146253,헬스장
5583,"서울특별시 마포구 신촌로 92, 15층 (노고산동, 신촌카리스빌딩)",휘트니스 에이든(Aiden),126.935680306816,37.5551779164582,헬스장
5584,"서울특별시 마포구 월드컵북로5나길 18, 지하1층 B101호 (서교동, 대우미래사랑)",스포짐휘트니스,126.916796137041,37.5573352701834,헬스장
5585,"서울특별시 마포구 성지길 22, 4층 (합정동)",플래티넘PT(피티)스튜디오,126.913113106012,37.5477290617288,헬스장
5586,"서울특별시 마포구 독막로 291, 지하2층 (염리동, 한청빌딩)",마포염리동점 스포애니 (주)케이디헬스케어,126.945486650397,37.5447372165955,헬스장
5587,"서울특별시 마포구 마포대로 173, 지층 (공덕동, 현대하이엘)",더 하이엘(THE HYEL),126.954455626109,37.5499015773045,헬스장
5588,"서울특별시 마포구 마포대로 204, 마포에스케이허브블루 지2층,지3층 B201일부호 (아현동)",스포벡휘트니스,126.956533914305,37.5520216887535,헬스장
5589,"서울특별시 마포구 월드컵북로54길 17, 지층 105-106호 (상암동, 사보이시티DMC)",웰니스 휘트니스,126.888548408154,37.581324224744,헬스장
5590,"서울특별시 마포구 월드컵로 29, 4층 (합정동, 제이에이치빌딩)",우리짐 합정점,126.912132850482,37.5520126730141,헬스장
5591,"서울특별시 마포구 독막로 145, 2층 (창전동, 서강쌍용예가 근린시설2단지동 )",S-fit,126.929490110223,37.5490268728869,헬스장
5592,"서울특별시 마포구 토정로 296, 이연빌딩 3층 (용강동)",아이짐,126.942041881097,37.5406951340398,헬스장
5593,"서울특별시 마포구 월드컵로 196, 지하2층 (성산동, 대명비첸시티)",케이불스 휘트니스 마포구청역점,126.902750212857,37.5647995635391,헬스장
5594,"서울특별시 마포구 월드컵북로54길 11, 전자회관 지하1층 101-3호 (상암동)",피트니스플랜비,126.88838954354,37.5808876335017,헬스장
5595,서울특별시 마포구 월드컵로13길 14 (망원동),애프터 피티,126.909344986223,37.5557228557829,헬스장
5596,"서울특별시 마포구 월드컵북로54길 17, 3층 304,305,307호 (상암동, 사보이시티DMC)",엠베이스짐,126.888548408154,37.581324224744,헬스장
5597,"서울특별시 마포구 월드컵로 240, 1층 (성산동)",월드컵스파랜드24 체력단련장,126.897273034482,37.5682884450841,헬스장
5598,"서울특별시 마포구 양화로 64, 지202호 (서교동)",드림핏퍼스널트레이닝(DreamFit Personaltraining),126.915802998181,37.5503095776344,헬스장
5599,"서울특별시 마포구 백범로 202, 2층 (신공덕동, KCC웰츠타워 상가동)",레벨에이치 PT 공덕점,126.952468627776,37.5428481347733,헬스장
5600,"서울특별시 마포구 와우산로23길 9 (서교동, 지하1층)",(주)크로스핏엑스,126.924387637935,37.5534328399931,헬스장
5601,"서울특별시 마포구 양화로 164, 9층 (동교동, 유림빌딩 )",휘트니스피플우먼 홍대점,126.924060032781,37.5565331423821,헬스장
5602,"서울특별시 마포구 월드컵북로60길 24 (상암동, 상암 IT센터 2층)",demarq 상암SDS 피트니스센터,126.887173938012,37.5829465987205,헬스장
5603,"서울특별시 마포구 도화길 43 (도화동, 나눔빌딩)",클락짐 공덕점,126.950254336175,37.5417888185389,헬스장
5604,"서울특별시 마포구 월드컵북로12안길 68, 3층 (성산동, 신한빌딩)",준휘트니스클럽,126.913545606781,37.5645811816359,헬스장
5605,"서울특별시 마포구 토정로 219, 지하1층 (신수동)",U.D.T GYM,126.935309402194,37.5450075151427,헬스장
5606,"서울특별시 마포구 월드컵로 155, 6층 (망원동)",바디앤짐 마포구청역점,126.904931604469,37.561381158832,헬스장
5607,서울특별시 마포구 월드컵로 87 (망원동),ELITE FIT 24,126.909240634072,37.5564742974241,헬스장
5608,"서울특별시 마포구 백범로 23, 4층 (신수동, 구플라자)",미지휘트니스골프클럽,126.93794821763,37.552811217978,헬스장
5609,"서울특별시 마포구 월드컵북로 396, 누리꿈스퀘어 지1층 B1063~B1065호 (상암동)",퍼스트클래스짐,126.889782954548,37.5794283422818,헬스장
5610,"서울특별시 마포구 월드컵북로 109, 2층 (성산동)",다비드짐휘트니스,126.913577767188,37.5629022890294,헬스장
5611,"서울특별시 마포구 연희로1길 57, 2층층 (연남동)",아르케GYM(PT샵),126.926356885091,37.5613973677536,헬스장
5612,"서울특별시 마포구 월드컵북로 502, 3층 (상암동, 월드컵파크 플라자)",블루짐,126.879869563728,37.5850443805494,헬스장
5613,"서울특별시 마포구 월드컵북로4길 72, 2층 (동교동, 한양빌딩)",태그아웃,126.922772642984,37.5589694143558,헬스장
5614,"서울특별시 마포구 양화로 78-9, 지하2층, 6층 (서교동)",소핏짐(So Fit Gym),126.917547122962,37.5514239915803,헬스장
5615,"서울특별시 마포구 굴레방로1길 25, 지하1층 (아현동, 애오개아이파크)",PRIVE FIT (프리베핏),126.955985110458,37.5538409607361,헬스장
5616,"서울특별시 마포구 양화로 127, 지하1층 (서교동)",Muscle96 GYM,126.920497567982,37.5548815216613,헬스장
5617,"서울특별시 마포구 월드컵북로 218, 지하1층 (성산동)",스마트짐,126.904998936389,37.5695010772358,헬스장
5618,"서울특별시 마포구 방울내로 70, 지하1층 (망원동)",행복애짐,126.903335232131,37.5601052228662,헬스장
5619,"서울특별시 마포구 동교로23길 14, 3층 (동교동, 국제빌딩)",엔터짐,126.920849150653,37.5568493559007,헬스장
5620,"서울특별시 마포구 성암로13길 47, 3층 (상암동)",세븐짐,126.897724616956,37.5761109128365,헬스장
5621,"서울특별시 마포구 와우산로18길 12, 지하1층 (서교동, LK빌딩)",크로스핏 뉴젠,126.923730747773,37.5507053669981,헬스장
5622,"서울특별시 마포구 마포대로 33, 지하1층 142호 (도화동, 마포 한화 오벨리스크)",휘트니스엠 마포점,126.945447452979,37.5399847863145,헬스장
5623,"서울특별시 마포구 삼개로 38, 우성상가A동 지층 7호 (도화동, 도화3지구우성아파트)",에스짐 마포역점,126.947112538012,37.5366629254706,헬스장
5624,"서울특별시 마포구 잔다리로 89, 지하1층 (서교동)",맥스짐,126.915365385778,37.5551142860916,헬스장
5625,"서울특별시 마포구 서강로 46, 민주당빌딩 3층 (창전동)",엠제트(MZ)휘트니스,126.931600627596,37.5471520550055,헬스장
5626,"서울특별시 마포구 창전로 20, 성진빌딩 2층 (신정동)",FIT TO BE FITNESS,126.930635917833,37.5446024761561,헬스장
5627,"서울특별시 마포구 마포대로16길 6 (공덕동, 지하1층)",킬러바디,126.956237332474,37.5508057722406,헬스장
5628,"서울특별시 마포구 월드컵북로 35, 지1층 (서교동)",Gym Tipi,126.9184109512,37.5575278589802,헬스장
5629,"서울특별시 마포구 서강로 105, 화일빌딩 4층 (창전동)",짐라이트,126.932819344843,37.5524749518968,헬스장
5630,"서울특별시 마포구 독막로3길 30, 에이치포빌딩 3층 (서교동)",피티(PT)전문 헬스엔 플레이스 합정점,126.917355874781,37.549575099755,헬스장
5631,"서울특별시 마포구 토정로31길 63, 이원빌딩 지1층 (대흥동)",핏인라이프,126.944186638367,37.543455208128,헬스장
5632,"서울특별시 마포구 동교로23길 7, 지1층 (동교동)",짐릿(Gym Lit),126.92082072966,37.5564346979152,헬스장
5633,"서울특별시 마포구 독막로 13, 일호빌딩 B동 3층 (합정동)",피트니스플랜비,126.915065611158,37.548813842869,헬스장
5634,"서울특별시 마포구 신촌로20길 12, 지하1층 102호 (노고산동)",소마앤바디,126.938130028409,37.554654214226,헬스장
5635,"서울특별시 마포구 모래내로 5, 상암우남퍼스트빌스타 2층 201-1일부호, 201-2호 (성산동)",제이짐,126.903705453295,37.5642319982898,헬스장
5636,"서울특별시 마포구 월드컵북로 361, DMC이안상암2단지 3층 303호 (상암동)",이안피티,126.891403860718,37.577109695587,헬스장
5637,"서울특별시 마포구 동교로12안길 29, 2층 (서교동)",짐어웨이크,126.913950063,37.5542140675987,헬스장
5638,"서울특별시 마포구 연남로3길 29, 2층 (연남동)",스튜디오함께갈반(BAN),126.921113504749,37.5607366136962,헬스장
5639,서울특별시 마포구 성암로 223-1 (상암동),서울리프팅클럽,126.894967659324,37.5789933843673,헬스장
5640,"서울특별시 마포구 월드컵북로54길 17, 사보이시티디엠씨 B동 3층 304~305, 307호 (상암동)",헬시온짐,126.888548408154,37.581324224744,헬스장
5641,"서울특별시 마포구 독막로22길 9, 지1층 (창전동)",크로스핏 식스,126.929316968807,37.5471105255565,헬스장
5642,"서울특별시 마포구 와우산로 48, 로하스타워 지층 201호 (상수동)",컷 테니어트,126.923441090646,37.5485560282385,헬스장
5643,"서울특별시 양천구 등촌로 236, 3층 (목동)",운동플랜,126.864388127861,37.550577791791,헬스장
5644,"서울특별시 양천구 신정로11길 64, 통연빌딩 2층 (신정동)",짐에스디비(GYM SDB),126.837504646144,37.5122562951367,헬스장
5645,"서울특별시 양천구 신월로 348, 준빌딩 2층 (신정동)",라인 피트니스 PT&헬스,126.859596171681,37.5216420753214,헬스장
5646,"서울특별시 양천구 목동로25길 6, 화창빌딩 201호 (신정동)",운동이끌림,126.863261836195,37.5279971763599,헬스장
5647,"서울특별시 양천구 등촌로 160, 2층 (목동)",aways pt,126.862420988508,37.5440383235958,헬스장
5648,"서울특별시 양천구 신월로 350, 4층 (신정동)",714GYM신정,126.859902294552,37.5216949672558,헬스장
5649,"서울특별시 양천구 목동동로 212, 더빌딩 지1층 (목동)",디오필라앤핏 오목교점,126.871734111799,37.5245253018661,헬스장
5650,"서울특별시 양천구 공항대로 566, 클래리티 타워 지하1층 (목동)",같이운동 엣지,126.868067060108,37.5489605239168,헬스장
5651,"서울특별시 서초구 반포대로14길 42, 오영빌딩 3층 (서초동)",엠퍼스널트레이닝서초,127.013451848431,37.4858560926799,헬스장
5652,"서울특별시 서초구 사평대로26길 8, 포레 933빌딩 4층 (반포동)",발리휘트니스(BALI Fitness),126.998701396069,37.4997579512068,헬스장
5653,"서울특별시 서초구 동산로12길 4, 유성빌딩 지하1층 (양재동)",퍼스트짐,127.045043136958,37.4715529486838,헬스장
5654,"서울특별시 서초구 서초중앙로22길 92-4, 동구빌딩 지층 (서초동)",팀람다 트레이닝센터,127.018889085316,37.4939732472792,헬스장
5655,"서울특별시 서초구 사임당로 143, Cross 143 4층 407,408호 (서초동)",내셔널짐 서초점,127.025236485997,37.4918506404669,헬스장
5656,"서울특별시 서초구 신반포로33길 62, 202호 (잠원동)",우노짐 잠원,127.008853083538,37.5132017944915,헬스장
5657,"서울특별시 서초구 강남대로83길 24, 2층 (반포동)",머슬메모리,127.022068080934,37.5061429460128,헬스장
5658,"서울특별시 서초구 방배중앙로 181, B1층 (방배동)",아워피트니스 프리미엄,126.985672027908,37.4951050126287,헬스장
5659,"서울특별시 서초구 반포대로14길 71, LG서초에클라트 지하1층 (서초동)",웨이브휘트니스,127.01450471794,37.4869095170024,헬스장
5660,"서울특별시 서초구 효령로 330, 해평빌딩 2층 (서초동)",하이브짐(Hive Gym),127.020252541367,37.4857601563836,헬스장
5661,"서울특별시 서초구 반포대로 58, 상가동 지하1~2층 (서초동, 서초아트자이)","골드에스 휘트니스, 필라테스 서초점",127.011561022005,37.4859515294058,헬스장
5662,"서울특별시 서초구 서초대로 335, 서흥빌딩 5층 (서초동)",피트니스솔루션,127.01808528391,37.4952764993945,헬스장
5663,"서울특별시 서초구 강남대로 210, 행복빌딩 지하1,2층 (양재동)",매일 피트니스 양재역점,127.036163193656,37.4830312576202,헬스장
5664,"서울특별시 서초구 서초대로 320, 하림인터내셔날빌딩 지하2층 (서초동)",(주)에이블짐 교대역점,127.01657607757,37.4942200198785,헬스장
5665,"서울특별시 서초구 서래로 32, 백림제2빌딩 3층 (반포동)",베스트 오브 벨리,126.998544916703,37.4978942178405,헬스장
5666,"서울특별시 서초구 잠원로 148, 4층 402호 (잠원동, 잠원연합상가)",클럽몬스터(CLUB MONSTER),127.010063540612,37.5162644800171,헬스장
5667,"서울특별시 서초구 강남대로47길 52, 지하1층 (서초동)",온더피티스튜디오 서초점,127.028895394529,37.4882042352866,헬스장
5668,"서울특별시 서초구 사임당로 151, 대한무지개종합상가 3층 301호 (서초동)",테디짐PT 강남점,127.025692827371,37.4920676848724,헬스장
5669,"서울특별시 서초구 사임당로17길 123, 맥스빌딩 (서초동)",노련한 PT,127.019323116547,37.4936435887032,헬스장
5670,"서울특별시 서초구 반포대로30길 81, 웅진타워 (서초동)",올데이핏(Allday Fit),127.012979871645,37.4928727432965,헬스장
5671,"서울특별시 서초구 사임당로 31, 궁현빌딩 지하1층 (서초동)",나만의 GYM,127.013488684094,37.4882347498646,헬스장
5672,"서울특별시 서초구 방배로 136, 2층 (방배동)",짐포레스트 방배점,126.994867121185,37.4862999529272,헬스장
5673,"서울특별시 서초구 방배천로18길 11, B동 204호 (방배동)",유앤PT 이수역점,126.983066727938,37.4835761837235,헬스장
5674,"서울특별시 서초구 고무래로 90-7, 서초쇼핑 지층 3,4호 (서초동)",(주)MVM 서초점,127.01745084134,37.4999223644377,헬스장
5675,"서울특별시 서초구 방배로 114, 다이치빌딩 지하1층 (방배동)",반포짐 방배,126.996090968767,37.4843393154443,헬스장
5676,"서울특별시 서초구 법원로1길 5, 우암빌딩 지하101호 (서초동)",예스핏 트레이닝,127.010132692011,37.4931194472693,헬스장
5677,"서울특별시 서초구 청계산로 193, 서초메트하임 1층 102호 (신원동)",헬로우PT,127.055622458729,37.4481456427872,헬스장
5678,"서울특별시 서초구 강남대로43길 26, 일념빌딩 지하1층, 지상3층 (서초동)",비피엠 리프팅 클럽,127.030814477739,37.4874467234597,헬스장
5679,"서울특별시 서초구 남부순환로333길 13, 효봉빌딩 2층 (서초동)",디앤에이 트레이닝 센터,127.020008132847,37.483384328791,헬스장
5680,"서울특별시 서초구 반포대로 287, 래미안퍼스티지 중심상가 3층 327,328호호 (반포동)",리프레쉬 클럽,127.001088324244,37.5043279449175,헬스장
5681,"서울특별시 서초구 사임당로 115, B209호 (서초동)",러브유어바디 피티 스튜디오,127.022363779966,37.4911711387954,헬스장
5682,"서울특별시 서초구 동작대로 70, 6층 (방배동)",에브리데이 PT,126.982355947718,37.482846352786,헬스장
5683,"서울특별시 서초구 사평대로56길 5, 아멜리아 지2층 (서초동)",유얼짐,127.023275952591,37.5035142112248,헬스장
5684,"서울특별시 서초구 사임당로 174, 강남미래타워 5층 503호 (서초동)",(주)다이나믹케어,127.028649677024,37.4923165838485,헬스장
5685,"서울특별시 서초구 양재천로29길 21, 가온 빌딩 2층 (양재동)",울림PT,127.041481919794,37.4797008226468,헬스장
5686,"서울특별시 서초구 사평대로53길 93-19, 지층 (반포동)",매일핏,127.019756177739,37.5081033115199,헬스장
5687,"서울특별시 서초구 서초대로51길 24, 3층 (서초동)",F45 교대,127.01411488983,37.4961190313207,헬스장
5688,"서울특별시 서초구 방배로15길 3, 근복제2빌딩 2층 (방배동)",아틀라스 트레이닝(Atlas),126.995502590698,37.4840480885519,헬스장
5689,"서울특별시 서초구 고무래로 32, 반포트라이엄프메딕스빌딩 지층 (반포동)",글로우짐,127.012154473385,37.5024216076756,헬스장
5690,"서울특별시 서초구 서초대로53길 28, 백석빌딩 지하2층 (서초동)",에이쓰리짐(a3gym),127.014357210245,37.4966151864954,헬스장
5691,"서울특별시 서초구 효령로29길 23, B101호 (방배동)",TOMO PT STUDIO(토모피티),126.995138500642,37.4825949273405,헬스장
5692,"서울특별시 서초구 명달로 104, 모짜르트홀 101호 (서초동)",애플피트니스,127.00452491402,37.4864166583391,헬스장
5693,"서울특별시 서초구 반포대로14길 42, 하이앤드타워 2층 (서초동)",더무브,127.013451848431,37.4858560926799,헬스장
5694,"서울특별시 서초구 강남대로 206, 지하1층 (양재동)",화이트짐 양재점,127.036507410115,37.4826683155589,헬스장
5695,"서울특별시 서초구 강남대로16길 14-2, 동창빌딩 7층 (양재동)",오프더팻(OFF THE FAT),127.039765767034,37.4706825742776,헬스장
5696,"서울특별시 서초구 반포대로3길 57, 지하1층 B01호 (서초동, 서초아이지에이빌라트 1)",이앤플로우,127.00918780981,37.4811823386839,헬스장
5697,"서울특별시 서초구 동산로19길 53, 민영빌딩 1층, 지하1층 (양재동)",펄스그라운드,127.045459514362,37.4747694855841,헬스장
5698,"서울특별시 서초구 사평대로53길 94, 2층 (반포동)",에이엘피트니스,127.020263853583,37.5083799241099,헬스장
5699,"서울특별시 서초구 서초대로 335, 서흥빌딩 지하1층 (서초동)",로운 피트니스,127.01808528391,37.4952764993945,헬스장
5700,"서울특별시 서초구 사평대로 349  (반포동,2층)",서초헬스크럽,127.021292917493,37.5038111062408,헬스장
5701,"서울특별시 서초구 동광로 101, 우림빌딩 2층 (방배동)",the Fitness LAB,126.993579521315,37.4938815989559,헬스장
5702,서울특별시 서초구 남부순환로337가길 33 (서초동),벧쎌RC,127.023504377489,37.4839431212365,헬스장
5703,"서울특별시 서초구 방배로 127 (방배동, 지하1, 지하2)",짐플러스,126.994860973768,37.4852579365619,헬스장
5704,"서울특별시 서초구 방배천로 92 (방배동, 세양아르비채102동 1층)",에이제이짐,126.983403101465,37.484573287516,헬스장
5705,"서울특별시 서초구 사평대로22길 14, 2층 (반포동)",옵티멀휘트니스(optimal fitness),126.99760965781,37.4989604535524,헬스장
5706,"서울특별시 서초구 남부순환로347길 101 (서초동, 지하1층)",(주)그레이트짐,127.029849245333,37.4887143289998,헬스장
5707,"서울특별시 서초구 잠원로 148 (잠원동, 잠원연합상가 지하1층)",드림팩토리(Dream Factory),127.010063540612,37.5162644800171,헬스장
5708,"서울특별시 서초구 남부순환로350길 19-26, 도담빌딩 지하1층 (양재동)",피트니스 타임,127.036819750448,37.4841709208004,헬스장
5709,"서울특별시 서초구 서초중앙로33길 7, 2층 (반포동)",라비아 피트니스,127.011216725546,37.5010538834495,헬스장
5710,"서울특별시 서초구 서초대로 137 (방배동, 신국빌딩 2층)",마커스짐,126.997151687971,37.4890590968177,헬스장
5711,"서울특별시 서초구 서초대로74길 14 (서초동, 삼성물산 서초사옥, 지하1층)",삼성물산 서초사옥휘트니스,127.026124445155,37.4959645356639,헬스장
5712,"서울특별시 서초구 신반포로47길 30  (잠원동,(2,3,4층))",토마토휘트니스클럽,127.019229586534,37.5121141301471,헬스장
5713,"서울특별시 서초구 동작대로 62, 용진빌딩 3층 (방배동)",아유짐,126.982303692025,37.4819733575407,헬스장
5714,"서울특별시 서초구 서초중앙로 217 (반포동, 대동빌딩 지하1층)",잼짐(GEM GYM),127.011632675025,37.501053933323,헬스장
5715,"서울특별시 서초구 서초대로65길 13-10 (서초동, 서초래미안@상가동 207호)",Lion GYM,127.019150618212,37.4974284760361,헬스장
5716,"서울특별시 서초구 서초대로 6 (방배동, 구산빌딩 4층)",파워슈로스 운동센터,126.983004858028,37.4851770867507,헬스장
5717,"서울특별시 서초구 서초중앙로 148 (서초동, 지하2층, 지하3층)",하이드파크,127.013778147123,37.4950009216382,헬스장
5718,"서울특별시 서초구 서초대로 335 (서초동, 다동 5층)",마이다스 스튜디오,127.01808528391,37.4952764993945,헬스장
5719,"서울특별시 서초구 서초대로 341 (서초동, 지하1층, 지상2층)",Training-Parc(트레이닝파크),127.018710910342,37.4954931842039,헬스장
5720,"서울특별시 서초구 동작대로 114 (방배동, 유문빌딩 지하1층)",이수역점 스포애니 (주)케이디헬스케어,126.982679310439,37.4867629041126,헬스장
5721,"서울특별시 서초구 방배로 132, 지하1~2층 (방배동)",비나이더 방배점,126.995187234526,37.486064623049,헬스장
5722,"서울특별시 서초구 마방로10길 15 (양재동,트윈타워 B동(지1층))",(주)더 파스칼,127.043892850214,37.4769039393292,헬스장
5723,"서울특별시 서초구 사평대로22길 6, 2층 (반포동, 삼영빌딩)",베리핏(VERY FIT),126.997378603669,37.4993966257772,헬스장
5724,"서울특별시 서초구 서초중앙로28길 6, 4층 (서초동)",HAVEN,127.013848905206,37.4966685867691,헬스장
5725,"서울특별시 서초구 반포대로 43, 지층 (서초동)",이동근 바디퍼포먼스,127.010841544849,37.4842297705628,헬스장
5726,"서울특별시 서초구 강남대로 305, 지하1층 109호 (서초동, 현대렉시온)",비헬씨 서초점,127.030641805543,37.4901824983595,헬스장
5727,"서울특별시 서초구 효령로 105, 3층 (방배동, 범창빌딩)",대한퍼스널트레이너협회,126.995684117355,37.48110170648,헬스장
5728,"서울특별시 서초구 강남대로93길 38, 지하층 (잠원동, 영신빌딩)",육체미 연구소,127.01839938201,37.5130659030087,헬스장
5729,"서울특별시 서초구 잠원로3길 40, 지층 1호 (잠원동, 태남홀딩스)",(주)잠원투엑스휘트니스,127.003658736923,37.5082128473478,헬스장
5730,"서울특별시 서초구 사평대로55길 133 (반포동, 대영빌딩 2층 전체)",레몬필라테스,127.020098379288,37.5096242399198,헬스장
5731,"서울특별시 서초구 서초중앙로 230, 2층 205호 (반포동, 동화반포프라자빌딩)",테디짐PT,127.012024373585,37.5021563648911,헬스장
5732,"서울특별시 서초구 서초대로 397, 2층 203-1호 (서초동)",주식회사 블레스라이프 필라테스,127.024516764632,37.4974340616184,헬스장
5733,서울특별시 서초구 강남대로 479 (반포동),바디메이크업(256),127.023700440543,37.5050804346935,헬스장
5734,"서울특별시 서초구 강남대로 279, 지하1층 (서초동)",뱅뱅사거리점 스포애니 (주)케이디헬스케어,127.031755273058,37.488092406946,헬스장
5735,"서울특별시 서초구 효령로68길 104, 지하1층 (서초동)",버터짐,127.019216390281,37.4853400090711,헬스장
5736,"서울특별시 서초구 강남대로53길 11  (서초동,지하2층)",코아텔휘트니스클럽,127.02791641287,37.4939616380396,헬스장
5737,"서울특별시 서초구 남부순환로339길 72  (서초동,(지1층))",스카이스포츠,127.021504447703,37.4862096283726,헬스장
5738,"서울특별시 서초구 강남대로 327 (서초동,대륭서초타워(지2층))",휴메이크 휘트니스,127.029795848706,37.4920640182968,헬스장
5739,"서울특별시 서초구 동작대로 172 (방배동,(4층))",딸기짐,126.9831199106,37.4919315087093,헬스장
5740,"서울특별시 서초구 서운로 3 (서초동,(지하1층))",플라이 짐,127.029508644272,37.4843352446262,헬스장
5741,"서울특별시 서초구 동작대로 230 (방배동,(지하1층))",안전지대 휘트니스,126.983668491403,37.4969314536823,헬스장
5742,"서울특별시 서초구 강남대로 359  (서초동,지하1층 B101호)",우정스포츠,127.02860980273,37.4947989581217,헬스장
5743,"서울특별시 서초구 반포대로 63 (서초동,진석빌딩 지하1층)",MKG 피트니스,127.010107986769,37.4860057231492,헬스장
5744,"서울특별시 서초구 서초중앙로22길 25  (서초동,서초리시온 2층)",듀발휘트니스,127.015430187136,37.4934680144084,헬스장
5745,"서울특별시 서초구 방배로42길 61  (방배동,(지1층))",마이짐(MY GYM),126.991189368614,37.493646552336,헬스장
5746,"서울특별시 서초구 논현로 79 (양재동,윈드스톤오피스텔(지1층))",더베스트짐,127.044786556599,37.4769176597084,헬스장
5747,"서울특별시 서초구 사임당로 21 (서초동, 지하1층)",짐트리,127.012481502204,37.4879304099777,헬스장
5748,"서울특별시 서초구 강남대로 156-1, 극동빌딩  4,5층 (양재동)",피트니스팩토리24,127.039049768403,37.4787820814606,헬스장
5749,"서울특별시 서초구 서래로 50 (반포동,(3층))",비컴스 피트니스,126.99845757986,37.4995524287657,헬스장
5750,"서울특별시 서초구 남부순환로364길 8-15, 동일빌딩 3층 (양재동)",부띠끄 피트니스,127.039805640659,37.4846910958487,헬스장
5751,"서울특별시 서초구 반포대로28길 50, 지하1층 (서초동)",김재환짐,127.011283315483,37.4911445151256,헬스장
5752,"서울특별시 서초구 서초중앙로 166 (서초동, 지하1층)",고마워 휘트니스,127.013293304095,37.4965755766092,헬스장
5753,"서울특별시 서초구 방배천로 22  (방배동,3층)",현대헬스,126.982851828231,37.4784686930161,헬스장
5754,"서울특별시 서초구 사평대로 362  (서초동,(3층))",헬스토피아,127.022660298088,37.5036274972267,헬스장
5755,"서울특별시 서초구 사임당로 143  (서초동,(지하1층))",골드헬스클럽,127.025236485997,37.4918506404669,헬스장
5756,"서울특별시 서초구 서초중앙로 199 (반포동,(지하1층))",플레이핏 앤 필라테스,127.01195622147,37.4995883245435,헬스장
5757,"서울특별시 서초구 효령로 190, 비선빌딩 지하1층 (서초동)",티랩스튜디오 시그니처 서초점,127.005063878399,37.4825295056019,헬스장
5758,"서울특별시 서초구 명달로 116 (서초동, 2층)",G.O PT Studio,127.004542057229,37.4875690470589,헬스장
5759,"서울특별시 서초구 서초대로78길 44 (서초동, 나산스위트 지하1층)",강남역2호점 스포애니 (주)케이디헬스케어,127.028452355866,37.493807077575,헬스장
5760,"서울특별시 서초구 서초대로73길 54 (서초동, 디오빌강남오피스텔 201호)",핏바디스튜디오,127.024071206653,37.5020135169887,헬스장
5761,"서울특별시 서초구 남부순환로356길 61, 2층 (양재동)",달라짐,127.038654574861,37.4821828898894,헬스장
5762,"서울특별시 서초구 반포대로 34, 지하1층 (서초동)",휴메이크 휘트니스,127.011991342452,37.4837163548787,헬스장
5763,"서울특별시 서초구 강남대로 349, 지하2층 (서초동, 우남빌딩)",골든 크라운 크로스핏,127.028843765138,37.4939069944418,헬스장
5764,"서울특별시 서초구 남부순환로325길 7, 지하1층 (서초동)",H Core Fitness,127.01440169551,37.4815260036299,헬스장
5765,"서울특별시 서초구 고무래로10길 5, 2층 (반포동)",휴짐나지움,127.010905425887,37.5021095310863,헬스장
5766,"서울특별시 서초구 고무래로 18-4 (반포동, 지하중2층, 지하2층, 지하3층)",4TP fitness,127.010131309177,37.5029725833055,헬스장
5767,서울특별시 서초구 신반포로23길 66 (잠원동),잠원스포츠파크,127.005252082092,37.5109283251988,헬스장
5768,"서울특별시 서초구 사임당로 174 (서초동, 강남미래타워B101호~B103호)",MN휘트니스,127.028649677024,37.4923165838485,헬스장
5769,"서울특별시 서초구 서초중앙로20길 38, 2층 (서초동, 동진빌딩)",펠리체PT스튜디오,127.016239918458,37.4922714584052,헬스장
5770,"서울특별시 서초구 서운로 220, 대지스포츠플라자 2층 (서초동)",비바라짐 (신논현),127.021761944037,37.5027112533189,헬스장
5771,"서울특별시 서초구 방배로 16, 주심빌딩 4층 (방배동)",바디워크,127.001243822693,37.4765227590627,헬스장
5772,"서울특별시 서초구 효령로 221, 3층 (서초동)",썸머짐,127.008320461436,37.4837407273475,헬스장
5773,"서울특별시 서초구 서초대로 254, 오퓨런스 지하3층 (서초동)",주식회사 영자피트니스 서초,127.009620980568,37.4920207116979,헬스장
5774,서울특별시 서초구 동광로 18  (방배동),그린헬스,126.984755365172,37.4907432121464,헬스장
5775,"서울특별시 서초구 서래로8길 7 (반포동, 포도빌딩 지하1층)",크로스핏 제니아,126.998930642785,37.4987206250178,헬스장
5776,"서울특별시 서초구 사평대로56길 7 (서초동, 한일유앤아이주상복합 지하2층)",헬스보이짐 신논현점,127.023519915144,37.5032072803982,헬스장
5777,"서울특별시 서초구 강남대로30길 57 (양재동, 2층)",달라짐(Dalla GYM) PT studio,127.04032204397,37.4826401351447,헬스장
5778,"서울특별시 서초구 동광로27길 20 (방배동, 지층)",피트니스 스퀘어,126.994724058312,37.4947738327371,헬스장
5779,"서울특별시 서초구 동광로 106 (방배동, 2층)",로얄바디짐,126.993857605338,37.4936455498871,헬스장
5780,"서울특별시 서초구 강남대로 557 (잠원동, 성한빌딩 지하2층)",휘트니스피플 우먼 논현점,127.020640675895,37.5115409433608,헬스장
5781,"서울특별시 서초구 바우뫼로 106  (양재동,(2층))",스피드순환운동,127.032924196569,37.4746674142698,헬스장
5782,"서울특별시 서초구 동산로13길 35 (양재동,언남중고공공복합시설 지하중층)",언남문화체육센터,127.043005236379,37.4723300184587,헬스장
5783,"서울특별시 서초구 효령로 321 (서초동,(지하2층))",메가짐&필라퀸&킹골프&펀복싱&메가핏재활아카데미,127.019172155661,37.4861262360947,헬스장
5784,"서울특별시 서초구 서초대로55길 17  (서초동,,42(2층))",소울앤드바디,127.015114339835,37.4961967546591,헬스장
5785,"서울특별시 서초구 서초대로 346 (서초동, 지하 1층 101호)",이루어GYM 서초점,127.019422098841,37.4950975274245,헬스장
5786,"서울특별시 서초구 바우뫼로12길 70 (양재동, 더케이서울호텔 지하1층)",갤럭시아스포츠클럽 더케이호텔점,127.033064735385,37.4682875002518,헬스장
5787,"서울특별시 서초구 방배로 174, 지하1층 (방배동, 태창빌딩)",브랜뉴짐,126.993061030072,37.4891828159505,헬스장
5788,"서울특별시 서초구 서운로 18, 지하1층 (서초동, 영진빌딩)",올핏 운동헬스케어 매니지먼트,127.029817043067,37.4856438818842,헬스장
5789,서울특별시 서초구 사평대로53길 93-19 (반포동),719 studio,127.019756177739,37.5081033115199,헬스장
5790,"서울특별시 서초구 방배로 94, 지하2층 (방배동)",얼티밋 크로스핏 방배점,126.997121512739,37.4827665443634,헬스장
5791,"서울특별시 서초구 서초중앙로 62, 지하1층 (서초동, 우일빌딩)",제이짐(Jgym),127.015269375886,37.4872995571548,헬스장
5792,"서울특별시 서초구 동산로13길 6, 지하층 (양재동)",헐크짐,127.045411598788,37.4721837852043,헬스장
5793,"서울특별시 서초구 방배로 119, 지하1층 (방배동)",SONO STUDIO,126.99522746431,37.4846431037844,헬스장
5794,"서울특별시 서초구 서초중앙로 87 (서초동, 지하2층)",진핏 PT 스튜디오,127.014111745008,37.4896221390159,헬스장
5795,"서울특별시 서초구 효령로53길 45  (서초동,서초이오빌 지1층)",탑,127.012932415371,37.4865276721133,헬스장
5796,"서울특별시 서초구 강남대로61길 23  (서초동,오르시떼빌딩 2층)",발리토탈휘트니스,127.024347163495,37.4982153593758,헬스장
5797,"서울특별시 서초구 사임당로 32  (서초동,(지1층))",C&S휘트니스,127.01352253293,37.4878312746356,헬스장
5798,"서울특별시 서초구 효령로31길 10 (방배동,(3층))",어반액티브,126.996738384466,37.4817448804863,헬스장
5799,"서울특별시 서초구 방배중앙로 187 (방배동, (2,3층))",위아더 휘트니스,126.985532367698,37.4957101117888,헬스장
5800,"서울특별시 서초구 서래로 2 (반포동, (2층))",Finest Private Gym,126.998164901383,37.4951061375372,헬스장
5801,서울특별시 서초구 사평대로 371 (반포동),에이블짐 신논현역,127.023590349784,37.5045712985968,헬스장
5802,"서울특별시 서초구 방배로 81 (방배동,6층)",방배역점 스포애니 (주)케이디헬스케어,126.997118841506,37.4816650609857,헬스장
5803,"서울특별시 서초구 방배로 205 (방배동, 3층)",휘트니스 모션,126.990928299196,37.4915088027577,헬스장
5804,서울특별시 서초구 사임당로 158 (서초동),우성A휘트니스,127.027176779785,37.4918503001644,헬스장
5805,"서울특별시 서초구 방배천로2안길 23  (방배동,2층)",마하헬스크럽,126.983746667049,37.4779865992416,헬스장
5806,"서울특별시 서초구 서초대로 314 (서초동,지1층)",베네짐 교대점,127.015892124665,37.4940331549084,헬스장
5807,"서울특별시 서초구 서초중앙로 188, 상가동 L층 134호 (서초동, 아크로비스타)",썬더짐,127.013538045649,37.4973504144781,헬스장
5808,"서울특별시 서초구 강남대로109길 102, 잠원빌딩 5층 (잠원동)",피트니스 프렌즈,127.016133597337,37.5152673868699,헬스장
5809,"서울특별시 서초구 서래로5길 34, 2층 (반포동)",발할라짐,126.996311340479,37.4980128317622,헬스장
5810,서울특별시 서초구 효령로 36  (방배동),그린짐,126.988778449939,37.4781207138635,헬스장
5811,서울특별시 서초구 효령로72길 60 (서초동),한전아트센터스포츠클럽,127.028078834421,37.4856046634033,헬스장
5812,"서울특별시 서초구 강남대로 617 (잠원동, 대양빌딩 4/5/6층)",국가대표 소유창 휘트니스,127.018891565573,37.5168337332197,헬스장
5813,"서울특별시 서초구 서초중앙로 72  (서초동,지하1층)",우성헬스 2,127.014931006517,37.4881216800977,헬스장
5814,"서울특별시 서초구 반포대로 34, 지하1층 (서초동)",휘트니스짐,127.011991342452,37.4837163548787,헬스장
5815,"서울특별시 서초구 남부순환로 2614 (양재동, 한솔로이젠트 B01호)",SH메디휘트니스,127.036674496114,37.4844741553292,헬스장
5816,"서울특별시 서초구 서초중앙로24길 27 (서초동, G-five B112호, B113호)",피트니스파이브,127.016402306519,37.4954109950647,헬스장
5817,"서울특별시 서초구 신반포로 162 (반포동,르본시티 2층)",애플짐반포점,127.002280487802,37.5048884433907,헬스장
5818,"서울특별시 서초구 바우뫼로6길 16, 2층 (우면동)",운동하는날,127.025921741939,37.4696162017367,헬스장
5819,"서울특별시 서초구 강남대로 359, 대우도씨에빛2 3층 311,312호 (서초동)",바디스펙트럼,127.02860980273,37.4947989581217,헬스장
5820,"서울특별시 서초구 서초대로53길 21, 202호 (서초동)",리버스바디,127.014392947489,37.4960391685763,헬스장
5821,"서울특별시 서초구 방배로 103, 서리풀타워 지하1층 (방배동)",(주)빅브로짐 방배점,126.996121212244,37.4832782887127,헬스장
5822,"서울특별시 서초구 방배로37길 11, 삼호회관 지하1층 (방배동)",바디녹스짐,126.989142752366,37.4935124923204,헬스장
5823,"서울특별시 서초구 방배로 110, 하나은행 지하층 102호 (방배동)",렛츠피티,126.996273694804,37.4841105552808,헬스장
5824,"서울특별시 서초구 효령로77길 14, 1층 (서초동, 풍림아이원플러스)",파프짐,127.029767346477,37.4903376051273,헬스장
5825,"서울특별시 서초구 신반포로47길 47, 인정빌딩 (잠원동)",항구짐,127.018265749639,37.5123955766487,헬스장
5826,"서울특별시 서초구 반포대로 106, 태홍빌딩 지층 (서초동)",반포짐 서초,127.009160353694,37.4896623611196,헬스장
5827,"서울특별시 서초구 사임당로 13, 동화빌딩 5층 (서초동)",짐엑스텐,127.01162720597,37.487661816559,헬스장
5828,"서울특별시 서초구 태봉로 62, 네이처프라자 501호 (우면동)",N피티앤필라테스,127.024997566281,37.464057071815,헬스장
5829,"서울특별시 서초구 명달로13길 4, SK빌딩 301호 (서초동)",롤랜드 헬스클럽PT,127.00359571179,37.48405712952,헬스장
5830,"서울특별시 서초구 사임당로19길 10, 지하1층 (서초동, 서초현대아파트)",제니바디 교대점,127.019834325854,37.4909812977515,헬스장
5831,"서울특별시 서초구 서운로 123, 서초스포츠센터 (서초동)",서초스포츠센터,127.024802451537,37.4944542826474,헬스장
5832,"서울특별시 서초구 헌릉로 170, 서초 케이타운 오피스텔 지하1층 (신원동)",에비뉴,127.058722255907,37.4571148113595,헬스장
5833,"서울특별시 서초구 방배로 169, 한국수입협회(KOIMA)빌딩 지하1층 (방배동)",골핏,126.99261297523,37.4886274075649,헬스장
5834,"서울특별시 서초구 강남대로 603, 인성빌딩 지하1층 (잠원동)",신사 라이크짐,127.019301053284,37.5155601884765,헬스장
5835,"서울특별시 서초구 효령로 426, 지하1층 (서초동)",애니타임 피트니스,127.030483202582,37.4888921161717,헬스장
5836,"서울특별시 서초구 동작대로 108, 지하1층 (방배동, 디오슈페리움2)",스페이스짐 여성전용 헬스&PT 이수점,126.982616599369,37.4860911031957,헬스장
5837,"서울특별시 서초구 서운로6길 26, 지훈빌딩 지하1층 (서초동)",인사이트 그룹PT 양재역점,127.030825791222,37.4855360426104,헬스장
5838,"서울특별시 서초구 반포대로12길 10  (서초동,4층)",제이디아이스포츠,127.01197272013,37.484634304268,헬스장
5839,"서울특별시 서초구 서운로 142-4  (서초동,3층)",코리아짐,127.024916311484,37.4961174271855,헬스장
5840,"서울특별시 서초구 강남대로 27 (양재동,농수산물유통공사 지하1층)",아이러브 휘트니스,127.039136433366,37.4682787075426,헬스장
5841,"서울특별시 서초구 서초대로77길 25  (서초동,경일빌딩 7층)",파워짐헬스크럽,127.025589219735,37.4999383614042,헬스장
5842,"서울특별시 서초구 방배천로24길 11 (방배동, 명림빌딩 지하2층)",9.s(나인스) PT STUDIO,126.984130819637,37.4849988436868,헬스장
5843,"서울특별시 서초구 서래로5길 19, 3층 (반포동, 나눔케어빌딩)",애슬레틱 서래,126.99707185707,37.4977812944037,헬스장
5844,"서울특별시 서초구 강남대로 213 (양재동, 스포타임3층)",하이폭시코리아,127.034949554107,37.4827666361943,헬스장
5845,"서울특별시 서초구 효령로34길 76, 동림빌딩 2층 201호 (방배동)",더쉐이프 엔터테인먼트,127.000947079743,37.4784575897588,헬스장
5846,"서울특별시 서초구 효령로 289 (서초동, 3층)",클래스짐,127.015844898549,37.4851294931638,헬스장
5847,"서울특별시 서초구 서래로3길 3 (반포동, 3층)",Gym 360+,126.998032096864,37.4968579628044,헬스장
5848,"서울특별시 서초구 효령로33길 55 (방배동, 2층)",주식회사 힐링스짐,126.996769169442,37.4836255569436,헬스장
5849,"서울특별시 서초구 사평대로20길 3 (반포동, 신화빌딩 1층)",코어핏(Corefit),126.997212599411,37.49912839242,헬스장
5850,"서울특별시 서초구 서초중앙로33길 20 (반포동, 2층)",TenTen Fitness,127.009916172818,37.5010250774878,헬스장
5851,"서울특별시 서초구 서초중앙로26길 13, B01호 (서초동)",The Better GYM,127.014857118224,37.4958491788929,헬스장
5852,"서울특별시 서초구 방배천로20길 1, 5층 (방배동)",빌더바디(Build The Body),126.982912515477,37.4840374779202,헬스장
5853,"서울특별시 서초구 방배중앙로 196, 후생시설 지하1호 (방배동)",리커버리 퍼스널 트레이닝 센터,126.985719295966,37.4962944373973,헬스장
5854,"서울특별시 서초구 사임당로 171, EWR빌딩 지하1층 (서초동)",아크피티스튜디오,127.028349723754,37.49272886702,헬스장
5855,"서울특별시 서초구 신반포로 지하 241, 반포역 지하1층 733-111(일부)호 (잠원동)",스포니스 반포점,127.011497032246,37.5081263886404,헬스장
5856,"서울특별시 서초구 성촌1길 12, 우면삼성프라자-2 401호 (우면동)",알앤디피티,127.022142311822,37.4656623427545,헬스장
5857,"서울특별시 서초구 방배천로 5-1, 8층 (방배동)",닥터 펠리체 짐,126.982475800902,37.4770127866652,헬스장
5858,서울특별시 서초구 성촌길 56 (주)삼성전자 서울R&D캠퍼스 (우면동),전자서울 R&D 피트니스센터,127.023126796974,37.4665205476411,헬스장
5859,"서울특별시 서초구 신반포로 315, 삼덕빌딩 지층 (잠원동)",주식회사 글로리어스,127.018259841388,37.5104291355274,헬스장
5860,"서울특별시 서초구 방배로6길 10-15, 대영빌딩 (방배동)",윤형준 트레이닝센터,127.000609943539,37.478484171758,헬스장
5861,"서울특별시 서초구 방배로 92, 2층 (방배동)",서리풀PT,126.997210159254,37.4826422973805,헬스장
5862,"서울특별시 서초구 신반포로 194, 강남고속버스터미널 본관 1,2층 (반포동)",헬스보이짐 강남고속버스터미널점,127.006834366246,37.5064357442307,헬스장
5863,"서울특별시 서초구 방배중앙로29길 21, 가우디빌딩 4층 (방배동)",짐 레빗(Gym Revit),126.984329471048,37.4964004899032,헬스장
5864,"서울특별시 서초구 방배로42길 36-4, 세진빌딩 4층 401호 (방배동)",운동록,126.990052578394,37.4944733162391,헬스장
5865,서울특별시 서초구 사평대로53길 94 (반포동),AL피트니스,127.020263853583,37.5083799241099,헬스장
5866,"서울특별시 서초구 강남대로 519, 도충빌딩 (반포동)",아우라짐 논현역점,127.022205905271,37.5082880328998,헬스장
5867,"서울특별시 서초구 방배로 141, 텔콤빌딩 내방 (방배동)",아워피트니스 내방점,126.994140643577,37.4864215552405,헬스장
5868,"서울특별시 서초구 강남대로79길 59, 새로나 빌딩 지하2층 (반포동)",트레이닝 캠프,127.021127174838,37.5040068343972,헬스장
5869,"서울특별시 서초구 강남대로 321, 지하1층 104호 (서초동, 서초동대우디오빌프라임)",바디 아티스트,127.029970916611,37.4915573375838,헬스장
5870,"서울특별시 서초구 서초중앙로8길 7, 2층 (서초동)",라곰(LAGOM),127.015948005292,37.4866756094863,헬스장
5871,"서울특별시 서초구 방배중앙로 91, 석호빌딩 지하1층 (방배동)",PT Lab Bangbae,126.988735323414,37.4875039950758,헬스장
5872,"서울특별시 서초구 강남대로85길 16, 1층 (반포동)",반포휘트니스사우나,127.02177677709,37.5074448623,헬스장
5873,"서울특별시 서초구 서초중앙로22길 17, 지하1층 (서초동)",교대역점 스포애니(주)케이디헬스케어,127.014805731667,37.4933212301559,헬스장
5874,"서울특별시 서초구 서초대로 346, 지하1층 102호 (서초동, 서초동 동아빌라트)",다이아몬드짐 헬스,127.019422098841,37.4950975274245,헬스장
5875,"서울특별시 서초구 방배로42길 19, 지층 (방배동)",피디컬짐,126.989654212132,37.495154533353,헬스장
5876,"서울특별시 서초구 바우뫼로 177, 성문빌딩 지하층 (양재동)",테라피티,127.039388690657,37.4785199554486,헬스장
5877,"서울특별시 서초구 서초대로 13, 방배 마에스트로 204호 (방배동)",에이제이짐,126.983849087155,37.4859076526233,헬스장
5878,"서울특별시 서초구 서초대로 108, 3층 301호 (방배동)",비바라짐 내방점,126.994201615542,37.4875261941992,헬스장
5879,"서울특별시 서초구 고무래로 6-3, 삼공빌딩 지층 201호 (반포동)",PT MATE,127.009915631535,37.5037734153892,헬스장
5880,"서울특별시 서초구 사임당로 180, 보원빌딩 1층 (서초동)",로그짐 서초우성점,127.029267185467,37.4925789859992,헬스장
5881,"서울특별시 서초구 사임당로 80, URBANTREE(어반트리) 204호 (서초동)",교대PT,127.01854622241,37.4893888859233,헬스장
5882,"서울특별시 서초구 동광로19길 16, 3층 (방배동)",일생의 피티,126.989338084331,37.4932094113094,헬스장
5883,"서울특별시 서초구 서초중앙로31길 6-3, 지하2층 (반포동)",어메이징휘트니스 반포점,127.011287031477,37.5000580848817,헬스장
5884,"서울특별시 서초구 동광로 92, 지하1층 (방배동)",랜드마크짐,126.992522835284,37.4933774233316,헬스장
5885,"서울특별시 서초구 효령로31길 10, 나이스빌 (방배동)",크레이지독스짐,126.996738384466,37.4817448804863,헬스장
5886,"서울특별시 서초구 강남대로95길 9-25, 지하1, 1층 (잠원동)",YJ FITNESS,127.019567604716,37.5127457686873,헬스장
5887,"서울특별시 서초구 강남대로 267, B1층 (서초동)",텐핏 양재,127.032334252471,37.4871648423953,헬스장
5888,"서울특별시 서초구 서초중앙로 26, 201호 (서초동, 래미안 서초유니빌)",바른결 PT,127.016991752076,37.4846872089607,헬스장
5889,"서울특별시 서초구 서초대로74길 49, B1층 (서초동)",하이라이트 피트니스,127.028138184682,37.493414584039,헬스장
5890,"서울특별시 서초구 효령로 165, 한진빌딩 2층 (서초동)",바른밸런스 PT STUDIO,127.002237861854,37.4825381525088,헬스장
5891,"서울특별시 서초구 법원로2길 17-5, 백영빌딩 지하1층 (서초동)",슬릭 교대캠프,127.012395177824,37.4944653361174,헬스장
5892,"서울특별시 서초구 사임당로14길 7, 1층 (서초동)",타임 투 짐(TIME TO GYM),127.017675087454,37.4888420176392,헬스장
5893,"서울특별시 서초구 서초대로77길 5, 진영빌딩 13층 (서초동)",로그짐 강남역점,127.026394763383,37.4983516923932,헬스장
5894,"서울특별시 서초구 나루터로 75, 금산빌딩 지하1층 (잠원동)",헬링짐,127.018002243591,37.5158432186369,헬스장
5895,"서울특별시 서초구 성촌4길 11, 하이디하우스 지하1층, 지상4층 (우면동)",네이처바이트 주식회사,127.021814333475,37.4670276160067,헬스장
5896,"서울특별시 서초구 동광로 93, 테라스빌딩 4층 (방배동)",서래마을 체육관,126.992480394027,37.4937404364019,헬스장
5897,"서울특별시 서초구 강남대로53길 7, 강남애니타워 3층 301호 (서초동)",바디스펙트럼2,127.028259839376,37.4942643848404,헬스장
5898,"서울특별시 서초구 방배중앙로 161, 2층 (방배동)",바디메뉴얼,126.986182888306,37.4935086692983,헬스장
5899,"서울특별시 서초구 서초중앙로31길 14-11, 1층 (반포동)",핏플즈,127.010431678679,37.5004732570117,헬스장
5900,"서울특별시 서초구 동광로22길 7, 102동 b01호 (방배동)",S&C physical center,126.992079487564,37.4930220372147,헬스장
5901,"서울특별시 서초구 서초중앙로 115, 서용빌딩 지층 (서초동)",위크로스핏,127.013591703538,37.4920396031671,헬스장
5902,"서울특별시 서초구 바우뫼로7길 3, 중평빌딩 지하1층 (우면동)",주식회사중평알앤에스,127.025100225017,37.4705484746403,헬스장
5903,"서울특별시 서초구 주흥3길 6, 연우빌딩 3층 (반포동)",DOUM PT,127.02017860252,37.5042821673129,헬스장
5904,"서울특별시 서초구 효령로55길 28, 브이 샤르망 6층 606호 (서초동)",마이밸런스 프라이빗 PT짐 서초점,127.01447946651,37.4861327609484,헬스장
5905,"서울특별시 서초구 서래로10길 23, 3층 (반포동)",Hoya Gym,126.999785131391,37.4994167471052,헬스장
5906,"서울특별시 서초구 효령로 336, 윤일빌딩 지하1층 (서초동)",활로 피트 매니지먼트,127.020988802524,37.4860261857246,헬스장
5907,"서울특별시 서초구 서초대로46길 19-7, 지하1층 (서초동)",The rebody PT,127.010466415239,37.4916877176017,헬스장
5908,"서울특별시 서초구 바우뫼로6길 8-4, 2층 (우면동)",BEEFIT STUDIO,127.025424094825,37.4698667908388,헬스장
5909,"서울특별시 서초구 남부순환로347길 23, 유진빌딩 지하1층 (서초동)",빌리프짐 양재역점,127.03135523975,37.4854211148285,헬스장
5910,"서울특별시 서초구 서초중앙로31길 18, 그랑반포 4층 (반포동)",김민철 트레이닝,127.010333744461,37.499667225552,헬스장
5911,"서울특별시 서초구 서초대로38길 12, b115동 116호 (서초동, 마제스타시티, 힐스테이트 서리풀)",HANT,127.005381592272,37.4904950346372,헬스장
5912,"서울특별시 서초구 강남대로53길 8, 스타크 강남빌딩 (서초동)",더짐 주식회사,127.028023386014,37.4945642061782,헬스장
5913,"서울특별시 서초구 신반포로 205, 반포쇼핑타운 6동 5층 4,5호 (잠원동)",더바디코치,127.006460397501,37.5070244820045,헬스장
5914,"서울특별시 서초구 서초중앙로 70, 동명빌딩 3층 (서초동)",라겟옴,127.015010002231,37.4879147085619,헬스장
5915,"서울특별시 서초구 서초대로25길 51, 지하1층 (방배동)",마커스 헬스케어,126.992981470863,37.4899167721412,헬스장
5916,"서울특별시 서초구 서운로 207, 삼호종합상가 223호 (서초동)",바른다짐 퍼스널 트레이닝,127.021753455557,37.5015195846305,헬스장
5917,"서울특별시 서초구 서초대로42길 41, 지하1층 (서초동)",짐파서블,127.009408746972,37.4903216989996,헬스장
5918,"서울특별시 서초구 신반포로 326-16, 2층 (반포동)",파란헬스살롱,127.01959848253,37.5097142441813,헬스장
5919,"서울특별시 서초구 반포대로10길 45, 지하1층 (서초동)",아몬드짐,127.014273308255,37.48417111057,헬스장
5920,"서울특별시 서초구 서래로 15, 범산빌딩 지하1층 (반포동)",바디크러쉬 서래마을점,126.997987326504,37.4964386335607,헬스장
5921,"서울특별시 서초구 신반포로23길 41, 4층 404호 (잠원동, 신반포2지구아파트)",바른자세 Pt짐,127.00446943136,37.5116583511688,헬스장
5922,"서울특별시 서초구 방배중앙로 204, 리첸시아 지하1층 (방배동)",크로스핏 강남 반포,126.985733470434,37.4972785185292,헬스장
5923,"서울특별시 서초구 서초중앙로 110, 지하1층 (서초동, 서초동롯데캐슬메디치)",보리스짐 교대,127.014522584596,37.4915904303325,헬스장
5924,"서울특별시 서초구 서초대로25길 6, 지하1층 (방배동, 희연(HEE YEON))",윌 피티 짐,126.994354657474,37.4882697133922,헬스장
5925,"서울특별시 서초구 서초대로78길 38, 호정빌딩 5층 (서초동)",아고라피트니스 강남역점,127.028232233033,37.4945260438603,헬스장
5926,"서울특별시 서초구 강남대로 349, 우남빌딩 11층 (서초동)",펜타핏 주식회사,127.028843765138,37.4939069944418,헬스장
5927,"서울특별시 서초구 동광로46길 3, 1층 (반포동)",바른길 PT STUDIO,127.000848333113,37.4942340641261,헬스장
5928,"서울특별시 서초구 서래로 48, 3층 (반포동)",서래 퍼스널 트레이닝,126.998558347583,37.4992678021747,헬스장
5929,"서울특별시 서초구 효령로27길 20, 2층 (방배동)",모브핏(Mauve Fit),126.995235107637,37.4817939344105,헬스장
5930,"서울특별시 서초구 강남대로 148, 상록빌딩 지하2층 (양재동)",(주)올리바컴퍼니,127.039180335385,37.4778879666261,헬스장
5931,"서울특별시 서초구 사평대로2길 22, 2층 (방배동)",듀오핏,126.985664065684,37.4977144170726,헬스장
5932,"서울특별시 서초구 서초대로 338, 프로비스타 지하2층 (서초동)",웨이브휘트니스,127.018624694157,37.494848257123,헬스장
5933,"서울특별시 서초구 반포대로21길 23, 세진빌딩 지하1층 (서초동)",핏그라운드,127.008522167735,37.487705960425,헬스장
5934,"서울특별시 서초구 서운로6길 26, 지훈빌딩 지하1층 (서초동)",프로젝트핏,127.030825791222,37.4855360426104,헬스장
5935,"서울특별시 서초구 신반포로 지하 241, 반포역 지하층 (잠원동)",GOTO 서브 반포점,127.011497032246,37.5081263886404,헬스장
5936,"서울특별시 서초구 명달로20길 21, 1층 (서초동, 서초 에스테온)",피치짐,127.005346225598,37.4860984780245,헬스장
5937,"서울특별시 서초구 강남대로 455, 205호 (서초동, 강남태영데시앙루브)",피지오플러스피티,127.024543871587,37.5028594641113,헬스장
5938,"서울특별시 서초구 방배로6길 13, 지하1층 (방배동)",바디어필 PT 스튜디오,127.000069078638,37.4792386785483,헬스장
5939,"서울특별시 서초구 서래로6길 4, 가나빌딩 지하1층 (반포동)",(주)엠알티핏,126.998492674796,37.4976936531468,헬스장
5940,"서울특별시 서초구 동광로 4, 다온빌딩 3층 (방배동)",무브케어랩 퍼스널트레이닝,126.983341474208,37.4907111255772,헬스장
5941,"서울특별시 서초구 양재대로2길 109, 상가동 2층 201호 (우면동, 서초호반써밋)",엑스(x)휘트니스,127.01378344297,37.456115498066,헬스장
5942,"서울특별시 서초구 서초대로78길 30, 3층 (서초동)",아라핏 스튜디오,127.027943870008,37.4951181640471,헬스장
5943,"서울특별시 서초구 서초대로65길 13-10, 2층 207호 (서초동, 서초래미안아파트)",테디짐PT 서초래미안,127.019150618212,37.4974284760361,헬스장
5944,"서울특별시 서초구 서초대로51길 22, 명산빌딩 2층 (서초동)",더 퍼스트 피티 스튜디오,127.014188255063,37.4959808982018,헬스장
5945,"서울특별시 서초구 효령로53길 24, 디아레나 서초 지층 101호 (서초동)",클래시 휘트니스,127.013793744607,37.4857345072402,헬스장
5946,"서울특별시 서초구 서래로1길 8, 97-10 트윈빌 지하2층 (반포동)",아워피트니스,126.997750985843,37.4962577972563,헬스장
5947,"서울특별시 서초구 신반포로23길 41, 410호 (잠원동, 신반포2지구아파트)",자스민 운동센터,127.00446943136,37.5116583511688,헬스장
5948,"서울특별시 서초구 서래로6길 7, 지하1층 (반포동)",움직임 PT Studio,126.99885692234,37.497885481509,헬스장
5949,"서울특별시 서초구 성촌1길 12, 우면삼성프라자-2 401호 (우면동)",알앤디 피티 앤 필라테스,127.022142311822,37.4656623427545,헬스장
5950,"서울특별시 서초구 서초중앙로8길 51, 지하1층 (서초동)",스포애니 남부터미널역점(주)케이디헬스케어,127.018319684484,37.4873260636947,헬스장
5951,"서울특별시 서초구 바우뫼로7길 8, 우면종합상가 3층 305호 (우면동)",우리동네운동박사 서초점,127.025380680694,37.4708545781298,헬스장
5952,"서울특별시 서초구 매헌로 16, 하이브랜드 3층 301호 (양재동)",내추럴홍피트니스,127.036947909974,37.462467348157,헬스장
5953,"서울특별시 서초구 신반포로 지하 241, 반포역 (잠원동)",FIT.Covery핏커버리,127.011497032246,37.5081263886404,헬스장
5954,"서울특별시 서초구 남부순환로 2567, 지하2층 (서초동)",휘트니스엠,127.031299728023,37.4846187815841,헬스장
5955,"서울특별시 서초구 서초대로25길 50, 2층 (방배동)",마커스 그래비티,126.993208400778,37.4900321143845,헬스장
5956,"서울특별시 서초구 사평대로26길 55, 지하1층 (반포동)",베이스 피트니스,126.999151967962,37.497609595814,헬스장
5957,"서울특별시 서초구 서초대로53길 10, 서일빌딩 지하1층 (서초동)",Day 1 피트니스,127.015274497181,37.4952363509414,헬스장
5958,"서울특별시 서초구 사평대로53길 27, 2층 (반포동)",바디에디트,127.021364858536,37.5054420932301,헬스장
5959,"서울특별시 서초구 서초대로27길 51, 제이원타워 방배 지하1층 (방배동)","주식회사 윈핏(Winfit Co., Ltd.)",126.993522738829,37.4901399826507,헬스장
5960,"서울특별시 서초구 방배로 202, 2층 (방배동)",피지오스튜디오 필라테스&PT 방배점,126.991579729701,37.4915537211521,헬스장
5961,"서울특별시 서초구 신반포로 177, 반포쇼핑타운 4층 401호 (잠원동)",박스핏퍼스널트레이닝(PARK.S FIT PERSONAL TRAINING),127.003407328203,37.5060995475667,헬스장
5962,"서울특별시 서초구 강남대로49길 10, 에피소드 서초393 B1층 (서초동)",피트니스리저브 뱅뱅사거리점,127.029899371992,37.4899381551186,헬스장
5963,"서울특별시 서초구 강남대로 527, 브랜드칸 타워 지하2층 (반포동)",위 크로스핏 강남,127.021849979814,37.5090878311164,헬스장
5964,"서울특별시 양천구 중앙로32길 55, 2층 204.205.206.207(일부)호 (신정동)",산체스짐,126.859448818358,37.5198692682444,헬스장
5965,"서울특별시 양천구 목동중앙서로 48-1, 3층 (목동)",목동PT 프라임짐,126.869226218766,37.5329442090776,헬스장
5966,"서울특별시 양천구 오목로 333, 에이동 3층 (목동)",Life Body shop,126.874554252339,37.5248580074919,헬스장
5967,"서울특별시 양천구 목동중앙로 97, 청우빌딩 2층 201호 (목동)",허니짐,126.872597966008,37.5378165389603,헬스장
5968,"서울특별시 양천구 오목로 77, 지하1층 (신월동)",원에스짐,126.846094840677,37.5231156008957,헬스장
5969,"서울특별시 양천구 목동로 203, 3층 (신정동)",하이랙스 목동역점,126.86380676331,37.5267062206829,헬스장
5970,"서울특별시 양천구 목동서로 213, 세신비젼프라자 3층 319,320호 (목동)",런업PT,126.870615708032,37.5280169945095,헬스장
5971,"서울특별시 양천구 오목로 215-1, 예지2003타운 2층 201호 (신정동)",목동 라이크짐,126.861282668673,37.5260637522079,헬스장
5972,"서울특별시 양천구 목동로 210, 타운빌딩 지하2층 (목동)",피트니스 바이블&스파 헬스 피티 필라테스 목동점,126.864447323512,37.5273834294204,헬스장
5973,"서울특별시 양천구 목동서로 77, 현대월드타워 B116호 (목동)",메이크바디PT,126.877988123429,37.5359631978743,헬스장
5974,"서울특별시 양천구 오목로 340, 협성빌딩 A동 지하1층 (목동)",리폼드 크로스핏,126.875112047588,37.5242678117486,헬스장
5975,"서울특별시 양천구 목동서로 213, 세신비젼프라자 5층 509호 (목동)",엠비엘,126.870615708032,37.5280169945095,헬스장
5976,"서울특별시 양천구 목동중앙서로 36, MD 798 BUILDING 지층 1호 (목동)",브로제이짐(Brojgym),126.867797686169,37.5327724195696,헬스장
5977,"서울특별시 양천구 오목로 322, 보성빌딩 (목동)",트루그릿 피트니스 2호점,126.873059416625,37.524576018542,헬스장
5978,"서울특별시 양천구 남부순환로 609, D&K빌딩 7층 (신월동)",모션,126.840960326595,37.5145460326738,헬스장
5979,"서울특별시 양천구 신목로 78-1, 3층 (신정동)",라이블리짐,126.874308549743,37.5217505507769,헬스장
5980,"서울특별시 양천구 목동중앙북로 81, 하쯔빌딩 3층 (목동)",솔핏PT,126.872191581726,37.546543807741,헬스장
5981,"서울특별시 양천구 신목로 102, 대경프라자 지하1층 1호 (목동)",주식회사 포그로스,126.875774509668,37.5235884341471,헬스장
5982,"서울특별시 양천구 목동중앙북로16길 2, 2층 (목동)",바를정핏PT,126.873591230745,37.5461564434459,헬스장
5983,"서울특별시 양천구 목동동로10길 22, 지층1호 (신정동, 목동캐슬아파트)",테이스트피트니스 헬스&PT 24시 목동점,126.871980858551,37.5191520825622,헬스장
5984,"서울특별시 양천구 중앙로 251, 지하2층 비201호 (신정동)",에이블짐 신정네거리역점,126.853223171816,37.518714899828,헬스장
5985,"서울특별시 양천구 신정이펜2로 12, B101,B201호 (신정동, 이펜하우스타워)",라인짐,126.83282424606,37.5126074619051,헬스장
5986,서울특별시 양천구 목동중앙북로 74 (목동),나다피트니스,126.871256762999,37.5464811639287,헬스장
5987,"서울특별시 양천구 신목로2길 7, 지층01호 (신정동)",목동 홍크짐 헬스＆PT 오목교점,126.875991982951,37.5185022340793,헬스장
5988,"서울특별시 양천구 목동동로 59 (신정동,로얄프라자9층)",노블레스헬스,126.861618186165,37.5150507442326,헬스장
5989,"서울특별시 양천구 지양로 87  (신월동,백마빌딩4층)",스타존 휘트니스,126.83231059552,37.5228295972487,헬스장
5990,"서울특별시 양천구 가로공원로 121, 4층 (신월동)",루나짐,126.829406942333,37.5363857676408,헬스장
5991,"서울특별시 양천구 지양로 22  (신월동,지층)",JS 휘트니스,126.837459487612,37.5186321794455,헬스장
5992,"서울특별시 양천구 목동서로 77, B109호 (목동, 현대월드타워)",로키스,126.877988123429,37.5359631978743,헬스장
5993,"서울특별시 양천구 곰달래로5길 17, 신월프라자 2층 (신월동)",픽스바디짐 신월점,126.833603986348,37.5311113555178,헬스장
5994,"서울특별시 양천구 공항대로 552, B109호 (목동, 대우마이빌)",스카이휘트니스,126.866949534355,37.549554018744,헬스장
5995,"서울특별시 양천구 오목로 279, 현대프라자 지층 101호 (목동)",피트니스포에버,126.868392603335,37.5259285397106,헬스장
5996,서울특별시 양천구 오목로 48 (신월동),바디앤짐 신월2호점,126.842960509946,37.5220328857283,헬스장
5997,"서울특별시 양천구 오목로 344 (목동, 청학빌딩)",파이어짐 오목교역점,126.875143110053,37.5237531022074,헬스장
5998,"서울특별시 양천구 목동서로 133-2 (목동,5층)",커브스 목동클럽,126.875987719154,37.5316029751694,헬스장
5999,서울특별시 양천구 남부순환로30길 17  (신월동),광영문화원,126.823275879439,37.5371981027922,헬스장
6000,"서울특별시 양천구 목동서로 213 (목동,세신비전프라자 909,910호)",큐디짐S,126.870615708032,37.5280169945095,헬스장
6001,"서울특별시 양천구 목동중앙북로 73 (목동,덕수프라자 5층)",염창역점 스포애니 (주)케이디헬스케어,126.871505783093,37.5468366988388,헬스장
6002,"서울특별시 양천구 등촌로 160, 2층층 가호 (목동)",슈퍼맨짐,126.862420988508,37.5440383235958,헬스장
6003,"서울특별시 양천구 신정로 312, 뉴프라자 3층 305,306,307,308호 (신정동)",밀리언짐,126.855504942568,37.5132800705293,헬스장
6004,서울특별시 양천구 오목로 233 (신정동),서문석 헬스GYM (WBPF / ABBF KOREA),126.863281030651,37.5261583449947,헬스장
6005,서울특별시 양천구 중앙로 237 (신정동),에스짐 신정네거리역점,126.853643266456,37.5177429690532,헬스장
6006,서울특별시 양천구 남부순환로 431 (신월동),이강섭헬스클리닉,126.833026406871,37.5294953167323,헬스장
6007,서울특별시 양천구 목동동로12길 42 (신정동),굿모닝 휘트니스,126.87579084464,37.5224012910164,헬스장
6008,"서울특별시 양천구 목동서로 349  (신정동,목동센트럴플라자 15층)",애플짐,126.865306840725,37.517406535882,헬스장
6009,"서울특별시 양천구 신월로 338, 5층 (신정동)",더 스페셜짐,126.858531213565,37.5215359278897,헬스장
6010,서울특별시 양천구 남부순환로 341 (신월동),레벨업휘트니스,126.828209497859,37.5366485652303,헬스장
6011,"서울특별시 양천구 목동동로 55 (신정동,밀레니엄프라자10층)",아노크짐,126.861400362893,37.5155233352627,헬스장
6012,"서울특별시 양천구 목동중앙북로7가길 60 (목동,4층)",머슬365,126.864413888131,37.550038484105,헬스장
6013,"서울특별시 양천구 신목로 97 (목동,601호)",Min.s맞춤운동전문센터,126.874984721209,37.5234220867404,헬스장
6014,"서울특별시 양천구 등촌로 102-1 (목동,2층)",위트짐,126.863977730981,37.5391498643388,헬스장
6015,"서울특별시 양천구 오목로 160, A동 B03~07호 (신정동, 신호아파트)",라이프스포츠,126.855236736982,37.5247098594732,헬스장
6016,"서울특별시 양천구 목동서로 133-2, 목동하나프라자 1201호 (목동)",브이핏,126.875987719154,37.5316029751694,헬스장
6017,"서울특별시 양천구 등촌로 172, 등촌빌딩 3층 (목동)",DAGYM-FITNESS,126.862607834028,37.5451346059769,헬스장
6018,"서울특별시 양천구 목동서로 256, 동문빌딩 지1층 (목동)",비컴스 피트니스,126.869278798476,37.5245984741617,헬스장
6019,"서울특별시 양천구 신목로2길 68 (목동,오목빌딩 지1층)",엘리트핏24 휘트니스,126.877348359324,37.5238327188727,헬스장
6020,"서울특별시 양천구 목동중앙로 45, 4층 (목동)",펌프짐헬스클럽,126.869494835671,37.5338392897314,헬스장
6021,서울특별시 양천구 오목로 146 (신정동),조형기 헬스,126.85361237096,37.5245249539772,헬스장
6022,"서울특별시 양천구 오목로 328, 4층 (목동)",머슬앤모션,126.873821642189,37.5244545693799,헬스장
6023,"서울특별시 양천구 목동동로 177, 2층 201.202.203.204호 (신정동, 삼성쉐르빌2)",휘트니스 파이(FITNESS PI),126.870444168108,37.5216245595859,헬스장
6024,"서울특별시 양천구 오목로 299, 목동트라팰리스 지하층 102호 (목동)",스포짐,126.87035534357,37.5260837006075,헬스장
6025,"서울특별시 양천구 공항대로 558, 지층 101호 (목동)",커브스 염창클럽,126.86740663272,37.5492829721359,헬스장
6026,서울특별시 양천구 신월로 320 (신정동),레이디 휘트니스,126.85645117508,37.5213330352744,헬스장
6027,서울특별시 양천구 목동동로12길 45 (목동),해동24시사우나헬스,126.876366110642,37.5225865099354,헬스장
6028,"서울특별시 양천구 오목로 300, 205동 208호 (목동, 현대하이페리온2)",리오 퍼스널 트레이닝,126.87002254331,37.5248304019543,헬스장
6029,"서울특별시 양천구 목동로 218, 4층 (목동)",머스트 짐,126.864391372696,37.5279188302263,헬스장
6030,"서울특별시 양천구 목동서로 63, 302호 (목동)",브이핏1:1퍼스널트레이닝,126.879183438673,37.5362743708291,헬스장
6031,서울특별시 양천구 국회대로 279 (목동),마이프라이빗짐,126.866101757766,37.5304166446963,헬스장
6032,"서울특별시 양천구 목동로 181, 302호 (신정동)",Fitness2.0 PT Studio,126.864381973286,37.5246744934241,헬스장
6033,"서울특별시 양천구 신월로 173, 4층 (신월동)",신월동 PT 라이프헬스장,126.842278276751,37.5186961063921,헬스장
6034,서울특별시 양천구 중앙로 231 (신정동),양천헬스,126.853986174731,37.5170772821646,헬스장
6035,"서울특별시 양천구 오목로 194, 정우빌딩 5층 (신정동)",목동PT 임펄스핏,126.858942755794,37.5251989024917,헬스장
6036,"서울특별시 양천구 등촌로 228, 청원빌딩 3층 (목동)",센터오브그래비티(등촌점),126.864146952498,37.5499646558658,헬스장
6037,"서울특별시 양천구 목동서로 240, 2층 (목동)",와이트레이닝스튜디오,126.869558702896,37.5259462316036,헬스장
6038,"서울특별시 양천구 목동동로 177, 지하1층 (신정동, 삼성쉐르빌2)",봉스짐,126.870444168108,37.5216245595859,헬스장
6039,"서울특별시 양천구 신목로 33, 요이츠 빌딩 2층 202호 (신정동)",바디끄 PT,126.873578124045,37.5184620131529,헬스장
6040,"서울특별시 양천구 등촌로 102-1, 현정빌딩 6층 (목동)",케이짐,126.863977730981,37.5391498643388,헬스장
6041,"서울특별시 양천구 오목로 147, B101,B201호 (신정동, 제이클래스목동주상복합)",주식회사 브이업짐 신정역점,126.853714930254,37.5250701869996,헬스장
6042,"서울특별시 양천구 신월로 156, 4층 (신월동)",프로원휘트니스 신월,126.841151542143,37.5173474175379,헬스장
6043,"서울특별시 양천구 신월로 149, 2층 (신월동)",워크온짐,126.840294125702,37.5175595286065,헬스장
6044,"서울특별시 양천구 신월로 310, 502호 (신정동, 에비앙빌딩)",mk#,126.855385796456,37.5211563105048,헬스장
6045,"서울특별시 양천구 신월로 376, 법정빌딩 지층 (신정동)",머슬팜짐,126.862685260492,37.521979077908,헬스장
6046,"서울특별시 양천구 신월로 322, 2층 (신정동)",렛츠고짐,126.856722156889,37.5213632775826,헬스장
6047,"서울특별시 양천구 목동중앙북로 13, 3층 (목동)",헬스고 여성전용 등촌점,126.865018371827,37.5486824539925,헬스장
6048,"서울특별시 양천구 목동중앙본로 69, 삼성빌딩 (목동)",클럽페이스메이커 목1점,126.869060611681,37.5421809851093,헬스장
6049,"서울특별시 양천구 신목로 98, 2층 (목동)",FIT U.S.A(피투사),126.875457096452,37.5233066268435,헬스장
6050,"서울특별시 양천구 신정로13길 22, 4층 403호 (신정동, 대림프라자)",GYM I(짐아이),126.843131585044,37.5114254282406,헬스장
6051,"서울특별시 양천구 목동로 189, 지층 (신정동)",목동역점 스포애니 (주)케이디헬스케어,126.864179564702,37.5253121699935,헬스장
6052,"서울특별시 양천구 목동로 185, 지층 (신정동)",(주)짐사이어티,126.864233746536,37.5250035491352,헬스장
6053,"서울특별시 양천구 신월로 293, 3층 (신정동)",ONE FIT,126.853720060465,37.5214576266259,헬스장
6054,"서울특별시 양천구 목동중앙로 71, B1층 (목동)",S-GYM,126.870194217249,37.5360244453731,헬스장
6055,"서울특별시 양천구 목동동로8길 27, 태양빌딩 2층 (신정동)",산체스짐,126.871693862282,37.516452006311,헬스장
6056,"서울특별시 양천구 목동서로 377, 이스타빌 B동 201,208호 (신정동)",미니휘트니스3,126.862314247228,37.5161146511839,헬스장
6057,"서울특별시 양천구 남부순환로 566 (신월동, 경창빌딩)",휘트니스칸 신월점 헬스&PT,126.838571446624,37.5181011219285,헬스장
6058,"서울특별시 양천구 월정로 29, 지하1층 (신월동, 태현빌딩)",에너짐,126.842724699236,37.5224939749944,헬스장
6059,"서울특별시 양천구 중앙로 265, 지층 (신정동)",청춘헬스,126.852698076028,37.5199249230472,헬스장
6060,"서울특별시 양천구 가로공원로 119, 4층 (신월동)",케이불스 휘트니스 신월사거리점,126.829176148835,37.5363765141233,헬스장
6061,"서울특별시 양천구 목동동로 391, 지하1층 (목동, 현대파크빌)",에이앤프리햅,126.880270604347,37.5358735419191,헬스장
6062,"서울특별시 양천구 목동로 234, 경원빌딩 3층 (목동)",뉴블랙짐,126.86452047491,37.5294095945918,헬스장
6063,"서울특별시 양천구 공항대로 556, 지하1층 (목동)",짐스테이,126.867158754094,37.5493108947637,헬스장
6064,"서울특별시 양천구 화곡로 98, 3층 (신월동)",피트니스 클라쓰,126.832823136968,37.5393646717569,헬스장
6065,"서울특별시 양천구 남부순환로 399, 2층 (신월동)",엠에이치(MH)프리미엄,126.831281211996,37.5320020324632,헬스장
6066,"서울특별시 양천구 목동동로8길 29, 5층 (신정동)",제이미휘트니스,126.871831984196,37.5162481691823,헬스장
6067,"서울특별시 양천구 신월로 177, 도이치빌딩 지하1층 (신월동)",팬덤짐,126.84279377753,37.5190624203995,헬스장
6068,"서울특별시 양천구 목동동로 385, 지하1층 (목동, 벽산미라지타워)",주식회사 브이업짐 목동점,126.879499031842,37.5359018594421,헬스장
6069,"서울특별시 양천구 목동중앙서로 32, 2층 (목동)",오오핏,126.867274144065,37.532735612116,헬스장
6070,"서울특별시 양천구 목동중앙북로 19-1, 자성빌딩 3층 (목동)",메이드 헬스장 & PT 등촌역점,126.865862978469,37.5485166417367,헬스장
6071,"서울특별시 양천구 목동남로4길 2, 지하1층 (신정동, 세양청마루2차 주상복합)",운동할래피트니스,126.864535471682,37.508287498257,헬스장
6072,"서울특별시 양천구 목동동로14길 9, 2층 (목동)",빌리먼트,126.872486791948,37.5243634860708,헬스장
6073,"서울특별시 양천구 목동중앙서로 24, 지층 (목동)",Gym BX4,126.866539937096,37.5325722441896,헬스장
6074,"서울특별시 양천구 오목로 178, 3층 (신정동)",엠에스피지컬,126.857213469727,37.524971033491,헬스장
6075,"서울특별시 양천구 목동동로8길 23, 메리트윈 6층 (신정동)",핏플필라테스엔휘트니스,126.871486510512,37.5168554302245,헬스장
6076,"서울특별시 양천구 등촌로 102-1, 현정빌딩 2층 (목동)",휘게짐,126.863977730981,37.5391498643388,헬스장
6077,"서울특별시 양천구 오목로 225, 크로노스 빌딩 9층 (신정동)",럭스짐,126.862593242989,37.5260766368684,헬스장
6078,"서울특별시 양천구 오목로24길 29, B01호 (신정동, 신성 스카이뷰)",리온바디,126.853105881185,37.5218244731928,헬스장
6079,"서울특별시 양천구 오목로 157, 2층 (신정동)",신드롬골프아카데미&PT,126.854873035796,37.5250010673297,헬스장
6080,"서울특별시 양천구 목동로25길 6, 화창빌딩 201호 (신정동)",해부학적운동 목동점,126.863261836195,37.5279971763599,헬스장
6081,"서울특별시 양천구 오목로 350, 썬택씨티빌딩 지층 (목동)",바디바디 피트니스,126.87627211214,37.5241576688964,헬스장
6082,"서울특별시 양천구 등촌로 32, 목동 태영프라자 7층 (목동)",헬린 목동점,126.864166285292,37.5328851583631,헬스장
6083,"서울특별시 양천구 중앙로 251, 206호 (신정동)",엠브이핏(MVFIT),126.853223171816,37.518714899828,헬스장
6084,"서울특별시 양천구 목동서로 63, 목동일번가빌딩 601,602,604,605,606호 (목동)",에스짐 파리공원점,126.879183438673,37.5362743708291,헬스장
6085,"서울특별시 양천구 오목로 169, 2층 (신정동)",PeTer Gym Studio,126.856208163569,37.52517794518,헬스장
6086,"서울특별시 양천구 목동남로4길 80, 지층 203, 204호 (신정동, 목동파크자이)",센트로 짐,126.868469299015,37.508530980501,헬스장
6087,"서울특별시 양천구 목동동로12길 21, 2층 (목동)",머슬 R.O.K.,126.873533539021,37.5228954377892,헬스장
6088,"서울특별시 양천구 목동서로 285, 황금프라자 801,802호 (신정동)",리파인 더 핏,126.869139916545,37.5218566614959,헬스장
6089,"서울특별시 양천구 목동동로 377, 지하1층 (목동)",미니 휘트니스,126.878853892182,37.5353386148924,헬스장
6090,"서울특별시 양천구 목동동로 189, 201호 (신정동, 삼성쉐르빌1)",몬스터핏189,126.870123673009,37.5229412924858,헬스장
6091,"서울특별시 양천구 목동동로 339, B133 ~ 134호 (목동, 목동트윈빌)",스테디 짐,126.876743891714,37.5321753616364,헬스장
6092,"서울특별시 양천구 오목로 180, 평화빌딩 3층 (신정동)",PeTer Gym Studio,126.857399540927,37.5249831515209,헬스장
6093,"서울특별시 양천구 목동동로 339, B-126-3호 (목동, 목동트윈빌)",씨너지핏,126.876743891714,37.5321753616364,헬스장
6094,"서울특별시 양천구 목동중앙본로32길 2, 2층 (목동, 대명국경하임A)",벨류핏,126.871269369787,37.5452698752647,헬스장
6095,"서울특별시 양천구 중앙로 181, 복합메디컬타운 지하2층 201호 (신정동)",메가짐 헬스 & PT,126.855685447508,37.5128194279739,헬스장
6096,"서울특별시 양천구 목동동로 258, 303호 (목동, 목동금호1차아파트)",유얼짐,126.875142725618,37.5253413877993,헬스장
6097,"서울특별시 양천구 중앙로 280, 4층 (신정동)",바디샵필라테스PT,126.852729159683,37.5213761159391,헬스장
6098,서울특별시 양천구 공항대로 540 (목동),비엠더프라이빗 등촌역점,126.865834328557,37.5502322894506,헬스장
6099,"서울특별시 양천구 공항대로 552, 목동대우마이빌 b109호 (목동)",영앤짐 헬스&PT 등촌역점,126.866949534355,37.549554018744,헬스장
6100,"서울특별시 양천구 오목로 287, 4층 (목동)",루티니,126.869414202708,37.5256417135899,헬스장
6101,"서울특별시 양천구 목동동로 411, 지층 110,111호 (목동, 부영그린타운3차)",트루그릿 피트니스,126.882213637856,37.5367262201569,헬스장
6102,"서울특별시 양천구 등촌로 142, 지하1층 (목동)",이끌리짐,126.863137393899,37.5427304553085,헬스장
6103,"서울특별시 양천구 목동중앙본로7길 6, 2층 (목동)",더건PT,126.868352515999,37.5399187798551,헬스장
6104,"서울특별시 양천구 신목로5길 6-4, 지하1층 (신정동)",프리원핏 양천신정점,126.873252348525,37.5182598393949,헬스장
6105,"서울특별시 양천구 신월로 128, 지하1층 (신월동)",하루핏,126.83813644318,37.5164573682518,헬스장
6106,"서울특별시 양천구 목동서로 213, 세신비젼프라자 203호 (목동)",필라테스 온,126.870615708032,37.5280169945095,헬스장
6107,"서울특별시 양천구 중앙로 262, 메디바이오플렉스 7, 8층 (신정동)",신정네거리역점 스포애니 (주)케이디헬스케어,126.853402511465,37.5198467815801,헬스장
6108,"서울특별시 양천구 공항대로 538, 4층 (목동)",뉴워너짐 헬스&PT,126.865588582435,37.5502679597787,헬스장
6109,"서울특별시 강서구 마곡중앙로 161-17, 보타닉파크타워Ⅰ 12층 (마곡동)",에이블짐 마곡나루점,126.825960812712,37.5680581740122,헬스장
6110,"서울특별시 강서구 공항대로 247, 퀸즈파크나인 331,332,333,410호 (마곡동)",껀바디(kkunbody),126.83523920295,37.5593135416408,헬스장
6111,"서울특별시 강서구 화곡로68길 15, 아벨테크노 B107호 (등촌동)",일상 재활운동센터,126.855322786915,37.5594550069449,헬스장
6112,"서울특별시 강서구 마곡동로 62, 마곡사이언스타워 505호 (마곡동)",건강한 운동,126.833890184435,37.5605537644679,헬스장
6113,"서울특별시 강서구 공항대로 269-15, 힐스테이트에코마곡 303호 (마곡동)",데이빗짐,126.837242277605,37.5596113961056,헬스장
6114,"서울특별시 강서구 수명로 72, 발산신성프라자 402호 (내발산동)",조아짐 Personal Training,126.826125317295,37.5524085692206,헬스장
6115,"서울특별시 강서구 강서로 423, 아르디에 113호,114호 (마곡동)",에이스핏(Ace Fit),126.839361465026,37.5635059695343,헬스장
6116,"서울특별시 강서구 화곡로68길 3, 7층 (등촌동)",바디프로짐 가양점,126.854737852729,37.5595836717982,헬스장
6117,"서울특별시 강서구 강서로 43-4, B101호 (화곡동, 혜성오피아파트)",올데이PT 레이디,126.846204581785,37.5317067892237,헬스장
6118,"서울특별시 강서구 공항대로 426, VIP빌딩 3층 1호 (화곡동)",바디플렉스짐 강서구청 4거리점,126.854229652711,37.5548319100792,헬스장
6119,"서울특별시 강서구 공항대로 30, 지2층 (공항동, 로얄스퀘어호텔서울)",바디플렉스짐 송정역점,126.810277422215,37.5606623413741,헬스장
6120,"서울특별시 강서구 화곡로 141, 월드빌딩 2층 (화곡동)",내 몸 공작소,126.837381947717,37.5410652761464,헬스장
6121,"서울특별시 강서구 양천로 476, 금부빌딩 지하1층 (등촌동)",헬스보이짐 가양역점,126.853271958466,37.5616001805127,헬스장
6122,"서울특별시 강서구 마곡중앙6로 85, 마곡사이언스파크뷰 305호 (마곡동)",웨이트마스터GYM,126.836884719112,37.5602455642568,헬스장
6123,"서울특별시 강서구 강서로 348, B113호,B128호,B129호,B134호 (내발산동, 우장산힐스테이트)",에이블짐 발산역점,126.83808109977,37.5570784073479,헬스장
6124,"서울특별시 강서구 화곡로 274, 크라운뷰, 크라운타워 15층 일부호 (화곡동)",MH 휘트니스,126.847501435204,37.5488379962383,헬스장
6125,"서울특별시 강서구 마곡동로10길 23, 마곡파크뷰대방디엠시티오피스텔 209~211, 213~223호 (마곡동)",헬스보이짐 앤 필라걸 앤 골프인,126.839355910873,37.5686751510585,헬스장
6126,"서울특별시 강서구 마곡서로 133, 704동 201호 (마곡동, 마곡엠밸리7단지)",마곡PT아카데미,126.823838667719,37.5645561030039,헬스장
6127,"서울특별시 강서구 화곡로66길 76, 4층 (등촌동)",무궁화체육관,126.857420654566,37.5566167169327,헬스장
6128,"서울특별시 강서구 방화대로45길 56, 3층 (방화동)",조PT GYM,126.813505212688,37.5743817925351,헬스장
6129,"서울특별시 강서구 양천로 461, 주영빌딩 6층 (가양동)",바디플렉스짐 가양역점,126.852223862157,37.5630457825024,헬스장
6130,"서울특별시 강서구 공항대로 200, 마곡지웰타워 303,304호 (마곡동)",비전PT 마곡역점,126.829473076046,37.5589625253663,헬스장
6131,"서울특별시 강서구 공항대로45길 44, 청림오피스텔 지하1층 (등촌동)",짐박스피트니스 가양점,126.855808218309,37.5568092839784,헬스장
6132,"서울특별시 강서구 공항대로 28, 3층 좌측호 (공항동)",이루어짐,126.810280495789,37.5611463611113,헬스장
6133,"서울특별시 강서구 까치산로 23, 지2층 (화곡동)",피티 홀로서기,126.842891878596,37.5420810431491,헬스장
6134,"서울특별시 강서구 공항대로 525, 비원오피스텔 15층 1502,1503호 (등촌동)",바디채널 등촌역점,126.865288555375,37.5515396464121,헬스장
6135,"서울특별시 강서구 마곡중앙5로 6, 마곡나루역보타닉푸르지오시티 지층 B-104~B-110호 (마곡동)",메이크바디짐 마곡나루역 2호점,126.827554917518,37.5673140391214,헬스장
6136,"서울특별시 강서구 양천로 401, 강서한강자이타워 A동 314호 (가양동)",가양 PT 퓨어바디짐,126.847638315393,37.5657034766638,헬스장
6137,"서울특별시 강서구 공항대로41길 50, 보고시티프라자 302호 (등촌동)",가꿈PT 스튜디오,126.846097891004,37.5598898763249,헬스장
6138,"서울특별시 동작구 장승배기로28길 20, 지1층 (노량진동)",원투원휘트니스,126.941399850813,37.5122185602305,헬스장
6139,"서울특별시 강서구 마곡중앙1로 72, 오피스동 3층 304호 (마곡동, 마곡엠밸리10단지)",뉴핏샵,126.820063226063,37.5590400107717,헬스장
6140,"서울특별시 강서구 마곡중앙1로 10, B104~109호 (마곡동)",정직한 피트니스,126.825706944818,37.5584775157476,헬스장
6141,"서울특별시 강서구 강서로 462, 대룡드림타워-1 B1층 (등촌동)",스퀘어짐 양천향교,126.84140274432,37.5666120273171,헬스장
6142,"서울특별시 강서구 방화동로 40, b1층 (공항동)",바디플렉스짐 공항시장역점,126.811268489685,37.5640509513824,헬스장
6143,"서울특별시 강서구 화곡로 119, 동인빌딩 5층 502호 (화곡동)",캡틴짐,126.835104104883,37.5404442123113,헬스장
6144,서울특별시 강서구 화곡로 112 (화곡동),슬림앤핏 1:1 PT,126.834453929818,37.5397843119547,헬스장
6145,"서울특별시 강서구 양천로 128, 한림리첸빌 101동 203호 (방화동, 한림리첸빌)",라파리메디핏,126.818164008437,37.5731356881546,헬스장
6146,"서울특별시 강서구 강서로 27, 화곡 심포니 타워 504호 (화곡동)",스웻투게더 그룹PT 까치산,126.847206208517,37.5303651480517,헬스장
6147,"서울특별시 강서구 양천로57길 10-10, 탐라영재관 지하1층 (가양동)",스포터짐,126.852598335373,37.5628439770817,헬스장
6148,"서울특별시 강서구 방화대로34길 92, 불해빌딩 201호 (마곡동)",유나짐,126.821409394955,37.5708840128695,헬스장
6149,"서울특별시 강서구 공항대로71길 19, 로보사옥 201호 (염창동)",바이디짐,126.872154626899,37.5482381851298,헬스장
6150,"서울특별시 강서구 금낭화로 128, 하이포트 지1층 비01호 (방화동)",짐박스피트니스 방화역점,126.812685159793,37.5765585554781,헬스장
6151,"서울특별시 강서구 양천로77길 13, 3층 (염창동)",피지컬 스토리,126.876642966532,37.5500357653073,헬스장
6152,"서울특별시 강서구 마곡중앙로 161-17, 보타닉파크타워Ⅰ 4층 410호 (마곡동)",공감PT,126.825960812712,37.5680581740122,헬스장
6153,"서울특별시 강서구 공항대로 519, 신성빌딩 지하1층 101,102호 (등촌동)",에브리바디 멀티짐,126.864130888419,37.5517696060508,헬스장
6154,"서울특별시 강서구 강서로5나길 104, 2층 (화곡동, 웰라이빌아파트)",더블에스휘트니스 까치산역점,126.842384319394,37.5285659999317,헬스장
6155,"서울특별시 강서구 공항대로 209, 지엠지엘스타 지하1층 B108~B111호 (마곡동)",아크로짐 마곡점,126.830889417254,37.5597527538278,헬스장
6156,"서울특별시 강서구 양천로67길 21, 202호,203호 (염창동, 여명로얄페밀리)",다이아짐,126.867724962196,37.5552384722029,헬스장
6157,"서울특별시 강서구 화곡로72길 62, 가양글로벌퍼스트 103동 지층 B101호 (가양동)",에이투피 피트니스,126.858821387363,37.5604142081224,헬스장
6158,"서울특별시 강서구 마곡중앙6로 45, 리더스퀘어마곡 A동 412호 (마곡동)",제이짐(J GYM),126.832720625607,37.5606312206415,헬스장
6159,"서울특별시 강서구 마곡중앙2로 35, 이너매스마곡Ⅱ 6층 625, 626호 (마곡동)",루나짐,126.830661784149,37.5579650314969,헬스장
6160,"서울특별시 강서구 마곡중앙로 59-21, 에이스타워Ⅱ 307~312호 (마곡동)",F45 마곡역점,126.824241089722,37.5588046568145,헬스장
6161,"서울특별시 강서구 양천로 470, 그레이스힐 215호 (등촌동)",다온나 필라테스&PT,126.852482159998,37.562064740914,헬스장
6162,"서울특별시 강서구 등촌로 65, B104호, B108호 B201호, B301호 (등촌동, 동양하우징)",혼 GYM,126.863175745302,37.5359232687599,헬스장
6163,"서울특별시 강서구 마곡중앙6로 93, 열린프라자 402호 (마곡동)",지금 여기,126.837697932979,37.5601356822454,헬스장
6164,"서울특별시 강서구 강서로56길 90, 2층 (등촌동)",엔에이핏,126.843737021078,37.5589919960113,헬스장
6165,"서울특별시 강서구 공항대로61길 39, 2층 (등촌동)",어반 피티 스튜디오,126.866113761234,37.5527475612581,헬스장
6166,"서울특별시 강서구 강서로18길 26, 4층 401호 (화곡동)",젊어GYM,126.847150054804,37.5338767243643,헬스장
6167,"서울특별시 강서구 양천로10길 38, 106동 3층 301호, 303~308호 (방화동, 신마곡벽산블루밍)",바디플렉스짐 개화산역점,126.808641305119,37.571005283099,헬스장
6168,"서울특별시 강서구 마곡서로 158, 마곡센트럴타워Ⅱ 213호, 214호 (마곡동)",짐 410,126.825424095847,37.5680890965874,헬스장
6169,"서울특별시 강서구 마곡중앙6로 93, 열린프라자 B01호 (마곡동)",험블짐 발산본점,126.837697932979,37.5601356822454,헬스장
6170,"서울특별시 강서구 마곡중앙로 59-5, 301호~313호 (마곡동)",브이업짐 신마곡점,126.82593896083,37.5588174434426,헬스장
6171,"서울특별시 강서구 화곡로 350, SJ라벨라 B201호 (화곡동)",여성전용헬스장A 강서구청점,126.852209910209,37.55480957734,헬스장
6172,"서울특별시 강서구 화곡로 158, 세림빌딩 5층 (화곡동)",웨이크짐,126.839204790182,37.5410784040909,헬스장
6173,"서울특별시 강서구 강서로52길 43, B01호 (내발산동, DH647)",레디짐 발산역점 헬스PT,126.840556795103,37.5579923234822,헬스장
6174,"서울특별시 강서구 공항대로 228, 210호 (마곡동)",짐올레,126.832674163293,37.5586327456572,헬스장
6175,"서울특별시 강서구 공항대로 543, B102~B106/B109~B111호 (염창동, 센터스퀘어)",에이블짐 등촌역점,126.866412265444,37.5507388549618,헬스장
6176,"서울특별시 강서구 화곡로59길 73, 성진빌딩 1층 (화곡동)",핏밀리 강서화곡점,126.847922302218,37.5536772558037,헬스장
6177,"서울특별시 강서구 양천로69길 65, 상가동 B101호 (염창동, 강변성원아파트)",골드마운틴 짐,126.872154343908,37.5559565805522,헬스장
6178,"서울특별시 강서구 공항대로 190, 푸리마타워 316~319호 (마곡동)",원바디 PT,126.828637182941,37.5590423146669,헬스장
6179,"서울특별시 강서구 강서로 36, 3층 (화곡동)",커브스 까치산클럽,126.847395750062,37.5311785461535,헬스장
6180,"서울특별시 강서구 양천로 500, 등촌동노블리움오피스텔 3층 307호308호 (등촌동)",1986 피트니스,126.855531211014,37.5605371784027,헬스장
6181,"서울특별시 강서구 양천로 72, 해성빌딩 6층 (방화동)",방화사거리점 스포애니 (주)케이디헬스케어,126.811777075121,37.5732116324409,헬스장
6182,"서울특별시 강서구 등촌로 47, 3층 (화곡동)",바로온 피티&필라테스,126.863271547837,37.5341426431204,헬스장
6183,"서울특별시 강서구 강서로 210, 상광빌딩 5층 (화곡동)",새로고침 PT,126.837700732921,37.5448063005815,헬스장
6184,"서울특별시 강서구 마곡중앙6로 66, 퀸즈파크텐 3층 317-318호 (마곡동)",유핏,126.8343608462,37.559915259194,헬스장
6185,"서울특별시 강서구 마곡중앙6로 21, 이너매스마곡Ⅰ 714,715호 (마곡동)",김사부짐,126.829618546018,37.560835635621,헬스장
6186,"서울특별시 강서구 화곡로13길 28, 태화빌딩 4층 (화곡동)",경춘체육관,126.833481640596,37.5412067034551,헬스장
6187,"서울특별시 강서구 화곡로66길 66, 등촌2차크라운팰리스 B101호 (등촌동)",크로스핏 코알라,126.856954820841,37.5566786826589,헬스장
6188,"서울특별시 강서구 양천로 470, 그레이스힐 B101호 (등촌동)",스토리짐,126.852482159998,37.562064740914,헬스장
6189,"서울특별시 강서구 공항대로61길 10-6, B1층 (염창동, 에이치밸리움2차)",팀초이,126.865710740875,37.5513107333278,헬스장
6190,"서울특별시 강서구 양천로 690, 호서빌딩 7층 (염창동)",웨이트랩,126.872623821398,37.5502195363375,헬스장
6191,"서울특별시 강서구 공항대로59길 80-6, B01호 (등촌동)",좋은습관 PT STUDIO 등촌,126.863576041776,37.5550520202301,헬스장
6192,"서울특별시 강서구 등촌로 75, 지덕빌딩 지하1층 (등촌동)",피트니스클라쓰 등촌동점,126.863203039524,37.5367139277952,헬스장
6193,"서울특별시 강서구 양천로 713, 대영빌딩 4층 전체 및 5층 일부호 (염창동)",바른헬스,126.875250908344,37.5498405882542,헬스장
6194,"서울특별시 강서구 강서로68길 12, 인방빌딩 201호 (등촌동)",운동독립스쿨 PT 스튜디오,126.841550722394,37.5662197525578,헬스장
6195,"서울특별시 강서구 강서로 47-8, 평인빌딩 지층 (화곡동)",나홀로짐에 까치산역점,126.845871655224,37.5320188221345,헬스장
6196,"서울특별시 강서구 공항대로 351-21, 지층 비101호 (등촌동, 미주진로아파트)",스토리짐,126.847618943195,37.5605993113597,헬스장
6197,"서울특별시 강서구 양천로65길 41-22, JK블라썸호텔 지하2층 일부호 (염창동)",JK블라썸호텔(휘트니스),126.867775302197,37.5567881532175,헬스장
6198,"서울특별시 강서구 공항대로 13, 대룡드림타워-II 지하1층 (공항동)",밸런스 22,126.808845694636,37.5618533104125,헬스장
6199,"서울특별시 강서구 공항대로 38, 지하1층 (공항동)",에너짐,126.811572673743,37.5609740878002,헬스장
6200,"서울특별시 강서구 강서로18가길 4, 3층 (화곡동)",올데이,126.847065824984,37.5341243903414,헬스장
6201,"서울특별시 동작구 상도로 78, 3층 (대방동)",바디킹PT샵,126.929148090508,37.4995449770673,헬스장
6202,"서울특별시 강서구 공항대로 164, 류마타워 403호 (마곡동)",윤진화 퍼스널트레이닝,126.825514827621,37.5593259702511,헬스장
6203,"서울특별시 강서구 강서로7길 18, 지하1층 B01호 (화곡동, 한울아파트)",더조은피티,126.846813927331,37.5297213253831,헬스장
6204,"서울특별시 강서구 화곡로 195, 지하1층 (화곡동)",짐스페이스,126.842508438068,37.5433015658335,헬스장
6205,"서울특별시 강서구 양천로 489, 상가동 2층 203호 (가양동, 가양우성아파트)",피지컬 박스 PT,126.854207064138,37.5622435688041,헬스장
6206,"서울특별시 강서구 화곡로 164, 화곡빌딩 4층 (화곡동)",머슬프렌즈짐 3,126.839889999096,37.5412543091125,헬스장
6207,"서울특별시 강서구 강서로 303, 지층 (내발산동)",운동하는 날 우장산점,126.836114473262,37.552983096438,헬스장
6208,"서울특별시 강서구 양천로 583, 우림블루나인비즈니스센터 A동 511호 (염창동)",짐 에브리원 증미역점,126.864347419732,37.5571161918617,헬스장
6209,"서울특별시 강서구 수명로 74, 발산시티타워 10층 1001호 (내발산동)",블롬더바디,126.826197321696,37.5525909469274,헬스장
6210,"서울특별시 강서구 화곡로 318, 2층 (화곡동)",도넛 PT&헬스 스튜디오 여성전용,126.850323319971,37.552210617184,헬스장
6211,"서울특별시 강서구 양천로 628, 홍익빌딩 3층 (염창동)",머슬포인트 짐,126.867326788081,37.5539157220433,헬스장
6212,"서울특별시 강서구 강서로52길 16, 호용빌딩 2층 (내발산동)",액티브핏,126.838934950863,37.5576845042108,헬스장
6213,"서울특별시 강서구 강서로 460, 평안빌딩 303~305호 (등촌동)",코리안탑팀 강서,126.841106001932,37.5663257425795,헬스장
6214,"서울특별시 강서구 공항대로 505, 더프라임 B01~B02호 (등촌동)",봉봉 헬스/PT 등촌역점,126.862699806292,37.5524898298296,헬스장
6215,"서울특별시 강서구 강서로 385, 우성에스비타워 6층 609호 (마곡동)",6층 PT의 자격,126.838304106686,37.5600926354663,헬스장
6216,"서울특별시 강서구 허준로 139, 지하층 (가양동, 강변아파트)",You GYM,126.856278639847,37.564612123403,헬스장
6217,"서울특별시 강서구 화곡로 270, 다빈빌딩 2층 (화곡동)",백짐 (100GYM),126.84723035629,37.5486421292999,헬스장
6218,"서울특별시 강서구 곰달래로 231, 2층 (화곡동)",미스터리,126.858720666417,37.5319277633317,헬스장
6219,"서울특별시 강서구 화곡로 153, 광유빌딩 6층 (화곡동)",휘트니스피플 우먼 화곡점,126.838750382592,37.5414945865523,헬스장
6220,"서울특별시 강서구 화곡로 142, 메가박스 B101호 (화곡동)",자마이카 PT 스튜디오,126.837581836675,37.5405665780291,헬스장
6221,"서울특별시 강서구 마곡중앙6로 11, 보타닉파크타워3 B103, B105,B106호 (마곡동)",핏밤 마곡점,126.828842430746,37.5609479484261,헬스장
6222,"서울특별시 강서구 공항대로55길 47, 대륙빌딩 5층 (등촌동)",클라이짐,126.861602287752,37.5551254069616,헬스장
6223,"서울특별시 강서구 수명로 82, 발산로얄타워 602호 (내발산동)",핏밀리짐(FITMILY GYM),126.826445722129,37.5534716764145,헬스장
6224,"서울특별시 강서구 화곡로64길 50, 상가동 201~202호 (등촌동, 등촌현대2차아파트)",워싱턴짐,126.85565469408,37.5560768563306,헬스장
6225,"서울특별시 강서구 공항대로 194, 문영 퀸즈파크12차 303~309호 (마곡동)",바디프로짐,126.829034127455,37.5589809916906,헬스장
6226,"서울특별시 강서구 강서로 460, 평안빌딩 201~203호 (등촌동)",H 피트니스,126.841106001932,37.5663257425795,헬스장
6227,"서울특별시 강서구 양천로30길 27, A동 (마곡동)",이지 스트랭스,126.822867031496,37.5721248955895,헬스장
6228,"서울특별시 강서구 마곡중앙로 59-17, 류마타워2 301~303호 (마곡동)",제이뷰짐,126.824795871557,37.5589090959127,헬스장
6229,"서울특별시 강서구 마곡중앙6로 42, 사이언스타 304호 (마곡동)",레오핏,126.832082440541,37.5601077371065,헬스장
6230,"서울특별시 강서구 공항대로 227, 마곡센트럴타워Ⅰ 217호 (마곡동)",라인핏,126.832686373319,37.5596003426585,헬스장
6231,"서울특별시 강서구 마곡서1로 115-1, 마곡헤리움1차 212호 (마곡동)",행복해GYM,126.818571159801,37.5667077205368,헬스장
6232,"서울특별시 강서구 강서로 153, 3층 (화곡동)",어뉴바디 PT&Pilates,126.841040534827,37.5404509109854,헬스장
6233,"서울특별시 강서구 강서로56길 16, 연준빌딩 4층 (등촌동)",원픽피트니스 PT 발산역점,126.839626723585,37.5594097724998,헬스장
6234,"서울특별시 강서구 공항대로 186, 로뎀타워 3층 311호 (마곡동)",리프트짐,126.827995667592,37.5590996762805,헬스장
6235,"서울특별시 강서구 화곡로 429, 토피아빌딩 502호 (가양동)",황바디짐,126.855066268266,37.5615280646201,헬스장
6236,"서울특별시 강서구 강서로74길 36, 2층 (가양동)",모티브,126.842805327669,37.566860235203,헬스장
6237,"서울특별시 강서구 강서로45길 49-4, B1호 (내발산동, 태승훼미리아파트5차)",라이크미,126.832971913548,37.547790569435,헬스장
6238,"서울특별시 강서구 강서로 173, 터보빌딩 6층 (화곡동)",바운드 짐 화곡역점,126.83962220933,37.5419221264693,헬스장
6239,"서울특별시 강서구 강서로56길 56, 101동 201,202호 (등촌동, 메종드남광)",더 바른PT STUDIO,126.841831213744,37.5592027241024,헬스장
6240,"서울특별시 강서구 강서로 395, 플레이스에이치 203호 (마곡동)",공간 PT,126.838610552611,37.561058561996,헬스장
6241,"서울특별시 강서구 공항대로45길 15, B102~B103호 (등촌동, 가양역 두산위브)",여성전용헬스장 A,126.854556711293,37.5562925590397,헬스장
6242,"서울특별시 강서구 강서로 59, B1호 (화곡동)",JY GYM,126.845724927769,37.5328367388375,헬스장
6243,"서울특별시 강서구 양천로 551-24, 101호 (가양동, 한화비즈메트로2차)",YoungSan Personal Training Center,126.861958550884,37.5588704565214,헬스장
6244,"서울특별시 강서구 양천로59길 46, 대일빌딩 4층 (가양동)",스타트짐,126.860025023147,37.561041563254,헬스장
6245,"서울특별시 강서구 화곡로 183, 201호 (화곡동)",이든핏,126.841535102195,37.542435575248,헬스장
6246,"서울특별시 강서구 마곡중앙로 171, 마곡나루역프라이빗타워Ⅱ 205호 (마곡동)",DRAW BODY,126.827780298847,37.5690270688312,헬스장
6247,"서울특별시 강서구 강서로33길 23, B01호 (화곡동, 한울에이치밸리움)",The B.,126.838630410809,37.5416662431468,헬스장
6248,"서울특별시 강서구 곰달래로49길 41, 성우빌딩 4층 (화곡동)",아이앤스포츠,126.857337860067,37.533491589186,헬스장
6249,"서울특별시 강서구 양천로 660, 왈도강서캠퍼스 6층 (염창동)",에스짐 염창점,126.870104939409,37.552137629227,헬스장
6250,"서울특별시 강서구 마곡중앙로 171, 마곡나루역프라이빗타워Ⅱ B105호 (마곡동)",리폼드 크로스핏,126.827780298847,37.5690270688312,헬스장
6251,"서울특별시 강서구 양천로26길 18, 4층 (방화동)",팀스파르타짐,126.817935470228,37.5727585403151,헬스장
6252,"서울특별시 강서구 강서로 308, 신양빌딩 지층 (내발산동)",공감 휘트니스,126.836799948563,37.5531353232807,헬스장
6253,"서울특별시 강서구 양천로 606, 8층 (등촌동, 준희빌딩)",위드에이치2,126.865202758265,37.555193002514,헬스장
6254,"서울특별시 강서구 강서로 163, 4층 (화곡동, 콤마빌딩)",스키니짐,126.840345915343,37.5412413213065,헬스장
6255,"서울특별시 강서구 강서로45길 28, 지층 2호 (내발산동)",포에버 퀸즈짐,126.834582814344,37.5480776425205,헬스장
6256,"서울특별시 강서구 공항대로 627, 2층 (염창동)",아이앤지 짐,126.874538741651,37.5472872158845,헬스장
6257,"서울특별시 강서구 마곡중앙5로 81, 10층 1003~1004호 (마곡동, 에스비타운)",옵티멀 무브,126.818597219555,37.5671170824829,헬스장
6258,"서울특별시 강서구 수명로 80, 7층 (내발산동)",애플짐플러스,126.826392872773,37.5532272483636,헬스장
6259,"서울특별시 강서구 화곡로 398, 4층 (등촌동)",인스타일 휘트니스,126.854819012937,37.5584699599397,헬스장
6260,"서울특별시 강서구 강서로 162, 302호 (화곡동, SC제일은행화곡지점)",코카머슬로즈PT,126.841038303492,37.5413953350972,헬스장
6261,"서울특별시 강서구 마곡중앙6로 93, 503호 (마곡동, 열린프라자)",마블짐 휘트니스,126.837697932979,37.5601356822454,헬스장
6262,"서울특별시 강남구 영동대로 325, B3층 (대치동, 해암빌딩)",(주)바운스 트램폴린파크 삼성센터,127.065495897888,37.5032910260927,헬스장
6263,"서울특별시 강남구 선릉로129길 20, 3층 (논현동)",로그짐 강남구청점,127.03985162272,37.5161163678629,헬스장
6264,"서울특별시 강남구 봉은사로29길 5, B01호 (논현동)",Thera PT,127.034615454935,37.5080107823293,헬스장
6265,"서울특별시 강남구 봉은사로30길 24, 지하 1층 (역삼동)",W gym,127.035338123668,37.5059828565678,헬스장
6266,"서울특별시 강남구 삼성로146길 10, 다인빌딩 4층 (청담동)",우아,127.048886462588,37.5231915241413,헬스장
6267,"서울특별시 강남구 선릉로153길 8, 4층 (신사동)",하이앤드 피티팟,127.038861150532,37.5249691417825,헬스장
6268,"서울특별시 강남구 선릉로 206, 상가동 B11호 (대치동, 동부센트레빌)",KANG GYM,127.055641674701,37.4914644228405,헬스장
6269,"서울특별시 강남구 삼성로 772, 505호 (청담동)",웰니스포유 청담,127.048022340804,37.5236023753763,헬스장
6270,"서울특별시 강남구 테헤란로 512, 신안빌딩 B2호 (대치동)",관악신안스포츠클럽(헬스),127.059248173221,37.5072456831616,헬스장
6271,"서울특별시 강남구 학동로43길 38, 110호 (논현동, 논현웰스톤)",인프핏,127.038022514319,37.518458048048,헬스장
6272,"서울특별시 강남구 논현로131길 28, 3층 (논현동)",올바른몸,127.028107144711,37.5140808650413,헬스장
6273,"서울특별시 강남구 봉은사로22길 18, 지하1층 (역삼동)",주식회사 위너즈,127.031611073902,37.5054531305658,헬스장
6274,"서울특별시 강남구 강남대로 382, 메리츠타워 B2층 (역삼동)",(주) 에이블짐 강남역점,127.028627058312,37.4970486776201,헬스장
6275,"서울특별시 강남구 테헤란로26길 12, 스타빌딩 지하2층 (역삼동)",터치앤고 트레이닝,127.035856382455,37.4994465349977,헬스장
6276,"서울특별시 강남구 도산대로 431, B1호 (청담동)",바디텍처 스튜디오 청담,127.043051274079,37.5239877586278,헬스장
6277,"서울특별시 강남구 봉은사로44길 31, 지하1층 (역삼동)",스카이짐(SKY GYM),127.040879577367,37.5073607778597,헬스장
6278,"서울특별시 강남구 테헤란로 101, 이즈타워 지하3층 (역삼동)",크로스핏 라곰트레이닝,127.028065727387,37.4986232309429,헬스장
6279,"서울특별시 강남구 압구정로 330, B1호 (신사동)",피피랜드 헬스&PT 압구정점,127.037654045502,37.5282720655424,헬스장
6280,"서울특별시 강남구 선릉로130길 5, 2층 (삼성동)",리버스라이프 짐,127.042065496774,37.5167355807058,헬스장
6281,"서울특별시 강남구 남부순환로351길 22-8, 지하1층 (도곡동)",챔스PT,127.034634334006,37.486198580122,헬스장
6282,"서울특별시 강남구 논현로38길 18, 3층 (도곡동)",유레디 PT&PILATES,127.043056353315,37.4851719053083,헬스장
6283,서울특별시 강남구 학동로20길 16 (논현동),블랙포스짐,127.028249040707,37.5121260127092,헬스장
6284,"서울특별시 강남구 테헤란로83길 19, B101호 (삼성동)",어반스튜디오,127.057215209789,37.5086038688713,헬스장
6285,"서울특별시 강남구 남부순환로 2921, 남서울종합상가 308호 (대치동)",최원준 GYM,127.059772967826,37.4934943562011,헬스장
6286,"서울특별시 강남구 언주로85길 14, 엠코스퀘어720 지하2층 (역삼동)",R&FIT,127.041954918916,37.5012617655455,헬스장
6287,"서울특별시 강남구 개포로 233, 유림빌딩 (개포동)",24시 PT&태닝,127.048118503982,37.4790268742332,헬스장
6288,"서울특별시 강남구 선릉로135길 4, 지하2층 (논현동)",BALANCED,127.040263232691,37.5188316723041,헬스장
6289,"서울특별시 강남구 삼성로119길 43, 지하1층 (삼성동)",짐팬지,127.047985333223,37.5150989936091,헬스장
6290,"서울특별시 강남구 선릉로93길 8, 지하1층 (역삼동)",F45,127.047714121429,37.5055537720741,헬스장
6291,"서울특별시 강남구 선릉로129길 9-4, 2층 (논현동)",착한헬스 강남구청점,127.040707479515,37.5159758798372,헬스장
6292,"서울특별시 강남구 영동대로112길 38, NSC빌딩 지하1층 (삼성동)",(주)스포니스,127.063453044325,37.5154188514266,헬스장
6293,"서울특별시 강남구 강남대로 528, 지하1층 (논현동)",코리안 탑팀 강남,127.022643236224,37.5092956336041,헬스장
6294,"서울특별시 강남구 도산대로 542, 우산빌딩 2층 (청담동)",(주)피엠코퍼레이션,127.053011973314,37.5245872892577,헬스장
6295,"서울특별시 강남구 학동로 171, 삼익악기 빌딩 지하1층 (논현동)",헬스보이짐 학동역점,127.029550652058,37.5140467250769,헬스장
6296,"서울특별시 강남구 봉은사로 209, 지하1층 (논현동)",(주)더프라자 언주,127.035012857641,37.5079322777816,헬스장
6297,"서울특별시 강남구 삼성로 317, 우석빌딩 지하2층 (대치동)",오피티스튜디오,127.059830795567,37.5002115104278,헬스장
6298,"서울특별시 강남구 선릉로 822, 유리빌딩 (청담동)",This is fitness,127.040172451405,37.5252591861539,헬스장
6299,"서울특별시 강남구 선릉로 513, APEXTOWER 지하1층 (역삼동)",선릉역점 스포애니,127.048303636953,37.5052784555922,헬스장
6300,"서울특별시 강남구 강남대로 520, 영동빌딩 3층 (논현동)",액트짐 논현점,127.023051010941,37.5086773753858,헬스장
6301,"서울특별시 강남구 도곡로 452, 미즈메디병원 6층 (대치동)",이원다이애그노믹스(주) (EDGC),127.060008815305,37.4981119857603,헬스장
6302,"서울특별시 강남구 선릉로 227, 지하1층 1호 (도곡동)",김대현피티스튜디오 도곡한티역점,127.052736077626,37.4958391534271,헬스장
6303,"서울특별시 강남구 도곡로 151, 대진빌딩 지하1층 (역삼동)",피트리움,127.036515346351,37.4913083497671,헬스장
6304,"서울특별시 강남구 압구정로28길 19, 한익빌딩 (신사동)",피지오스튜디오 필라테스&PT 압구정점,127.027870151153,37.5252631804452,헬스장
6305,"서울특별시 강남구 봉은사로44길 1, 지하1층 (역삼동)",(주)스포니스 선정릉점,127.040347108356,37.5088487902046,헬스장
6306,"서울특별시 강남구 학동로44길 47, 리에이치 B1층 (논현동)",파워에이치,127.037517139426,37.5126510606285,헬스장
6307,"서울특별시 강남구 도산대로49길 22, 아가페 트리 3층 (신사동)",더골든핏 웰니스클럽,127.037376852979,37.5243804554391,헬스장
6308,"서울특별시 강남구 선릉로 840, 로데오빌딩 지하1층 (청담동)",해빗피트니스 압구정로데오점,127.0407234279,37.5267977288219,헬스장
6309,"서울특별시 강남구 테헤란로25길 54, 지하1층 (역삼동)",피티인폼 운동센터,127.03471082886,37.5041654445557,헬스장
6310,"서울특별시 강남구 개포로20길 8, 지하1층 (개포동)",TACHYON,127.04710358008,37.4781226698394,헬스장
6311,"서울특별시 강남구 역삼로 527, 그린메디칼사옥 3층 (대치동)",H컨디셔닝센터,127.06066935795,37.5039860262112,헬스장
6312,"서울특별시 강남구 봉은사로 469, 지하2층 (삼성동)",레블트레이닝 강남 (Revl Training Gangnam),127.050791985991,37.5125880736373,헬스장
6313,"서울특별시 강남구 선릉로 428, B1층 (대치동)",피트니스 리저브 선릉역점,127.049875769645,37.5033532547808,헬스장
6314,"서울특별시 강남구 삼성로 571, 케이빌딩 B1층 (삼성동)",바디쉬휘트니스(삼성중앙역점),127.053210303682,37.5123480626965,헬스장
6315,"서울특별시 강남구 삼성로 512, B2층 (삼성동)",버핏그라운드 삼성,127.056598199615,37.50810735211,헬스장
6316,"서울특별시 강남구 언주로108길 10, 맛미빌딩 2층 (역삼동)",뉴로하이짐,127.040600737552,37.5081101496905,헬스장
6317,"서울특별시 강남구 역삼로14길 7, 2층 (역삼동)",여성전용 비더원PT 역삼점,127.035516726449,37.4940869098918,헬스장
6318,"서울특별시 강남구 도산대로8길 23, 1층 101호 (논현동)",주식회사 피나클 서플라이,127.022617034548,37.5154202147944,헬스장
6319,"서울특별시 강남구 영동대로138길 9, 303호 (청담동)",디엔엘고,127.056494441884,37.5229050350666,헬스장
6320,"서울특별시 강남구 논현로71길 10, 5층 (역삼동)",올플렉스짐,127.038651258422,37.4950579322061,헬스장
6321,"서울특별시 강남구 선릉로120길 34, 2층 (삼성동)",운동중,127.045370638713,37.5143706643262,헬스장
6322,"서울특별시 강남구 도산대로56길 10, 루벤스 빌딩 4층 (청담동)",PT studio one,127.040059175821,37.5224437722644,헬스장
6323,"서울특별시 강남구 언주로151길 18, 지하1층 (신사동)",큐벨로(QVELO),127.031749416456,37.5220642732474,헬스장
6324,"서울특별시 강남구 남부순환로378길 10, 성일빌딩 지하1층 (도곡동)",ROD Fitness,127.045678056371,37.4855639406239,헬스장
6325,"서울특별시 강남구 학동로42길 53, 지하1층 (논현동)",움직이는 공간,127.036861482942,37.5120315563778,헬스장
6326,"서울특별시 강남구 논현로 826, 이가빌딩 지하1층 (신사동)",운동장,127.028546629528,37.5222271811671,헬스장
6327,"서울특별시 강남구 선릉로161길 15-4, 신사동 S빌딩 2층 (신사동)",위고짐(WEGO GYM),127.038900619726,37.5271242356846,헬스장
6328,"서울특별시 강남구 논현로 628, 1층 (논현동)",체육관 1호,127.033082131446,37.5097962922691,헬스장
6329,"서울특별시 강남구 선릉로152길 7, 홍경빌딩 4층 (청담동)",아토즈무브,127.040166698964,37.5242360099173,헬스장
6330,"서울특별시 강남구 논현로 851, 지하1층 (신사동)",피트인 피트니스,127.028019455535,37.5248958965962,헬스장
6331,"서울특별시 강남구 언주로85길 23-10, 역삼동제이빌딩 지하1층 (역삼동)",RF 트레이닝 스튜디오,127.041482156956,37.5001683815758,헬스장
6332,"서울특별시 강남구 논현로38길 32-11, 지하1층 (도곡동)",어반프라이빗짐,127.044871828458,37.4849062432038,헬스장
6333,"서울특별시 강남구 도산대로81길 8, 지하1층 (청담동)",청담짐,127.048022787453,37.5250051457172,헬스장
6334,"서울특별시 강남구 역삼로52길 14, 도곡프라자 3층 (역삼동)",DIVE GYM PRIVATE,127.047989898024,37.4985541072519,헬스장
6335,"서울특별시 강남구 선릉로162길 51, 201호 (청담동)",다짐,127.044800143512,37.5261649206602,헬스장
6336,"서울특별시 강남구 압구정로20길 24, 4층 (신사동)",피티원(PT ONE),127.026059078938,37.5245834273023,헬스장
6337,"서울특별시 강남구 테헤란로1길 28-8, 2층 (역삼동)",노크 프로젝트,127.028131601742,37.5002834993643,헬스장
6338,"서울특별시 강남구 학동로 233, 디와이빌딩 지하1층 (논현동)",바디스 짐,127.034698883723,37.5154979232616,헬스장
6339,"서울특별시 강남구 개포로 623, 대청타워 2층 234-7호 (개포동)",제이투짐,127.079647753194,37.494341198165,헬스장
6340,"서울특별시 강남구 삼성로 642, 삼성빌딩 3층 302호 (삼성동)",짐파티,127.051322820558,37.517401366555,헬스장
6341,"서울특별시 강남구 선릉로119길 15, 지하2층 (논현동)",워너비즈,127.041329688767,37.5132562540005,헬스장
6342,"서울특별시 강남구 선릉로4길 11, 3층 (개포동)",닥터포바디 퍼스널 트레이닝,127.062056902968,37.4826348631148,헬스장
6343,"서울특별시 강남구 영동대로 706, 정원빌딩 4, 5층 (청담동)",에스앤제이코어(제일리핏케어센터),127.0572502961,37.5207780345021,헬스장
6344,"서울특별시 강남구 언주로152길 15-3, 지하1층 (신사동)",유니크바디 PT 압구정,127.034805757216,37.523008113376,헬스장
6345,"서울특별시 강남구 언주로172길 29, 2층 (신사동)",트라이포드스포츠 (TPS Ground),127.036312950316,37.5275201489913,헬스장
6346,"서울특별시 강남구 도산대로25길 36, 지하1층 (신사동)",웰니스라운지 헤이원,127.02647003937,37.5219399746502,헬스장
6347,"서울특별시 강남구 봉은사로26길 13, B1층 (역삼동)",피트니스 컨티뉴 PT 언주역점,127.033404848399,37.5060566708174,헬스장
6348,"서울특별시 강남구 논현로 428, 정진빌딩 B1층 (역삼동)",페레 역삼,127.038463288155,37.4985317342571,헬스장
6349,"서울특별시 강남구 영동대로138길 15, 2층 (청담동)",짐포레스트,127.056436155902,37.5231695071626,헬스장
6350,"서울특별시 강남구 논현로85길 70, 지하2층 (역삼동)",어반필드 역삼점,127.032422058167,37.4977749894834,헬스장
6351,"서울특별시 강남구 삼성로 155, 대치퍼스트빌딩 B121호 (대치동)",최원준 GYM,127.062951852624,37.4938813994708,헬스장
6352,"서울특별시 강남구 언주로65길 13, 제이케이빌딩 2층 (역삼동)",스튜디오 루시,127.044905860235,37.4951038340829,헬스장
6353,"서울특별시 강남구 선릉로93길 22, 지하1층 (역삼동)",(주)화이트짐 선릉점,127.046743275216,37.5049885992418,헬스장
6354,"서울특별시 강남구 삼성로 212, B1층 (대치동, 은마아파트)",옐로우 휘트니스,127.065915414443,37.4996157705058,헬스장
6355,"서울특별시 강남구 압구정로79길 56, 아름다운빌딩 4층 (청담동)",온더휘트니스,127.051781104492,37.5253330542508,헬스장
6356,"서울특별시 강남구 선릉로 704, 청담빌딩 B1층 (청담동)",하이랙스 강남구청역점,127.041389319517,37.5178019769365,헬스장
6357,"서울특별시 강남구 논현로 614, ARTISAN 빌 지하1,2층 (논현동)",백야짐 앤 필라테스,127.033592483965,37.5085912346756,헬스장
6358,"서울특별시 강남구 봉은사로29길 5, 지하1층 (논현동)",테라피티 언주역점,127.034615454935,37.5080107823293,헬스장
6359,"서울특별시 강남구 삼성로71길 12, 주원빌딩 지하1층 (대치동)",제이슨의 V트레이닝(체대친구들 오프라인센터),127.057865053996,37.5022469608017,헬스장
6360,"서울특별시 강남구 영동대로 210, 지하2층 (대치동, 쌍용아파트)",주식회사 어센트 스포츠,127.071367051995,37.4988556676427,헬스장
6361,"서울특별시 강남구 영동대로 706, 소천빌딩 4,5층 (청담동)",에스앤제이헬스케어,127.0572502961,37.5207780345021,헬스장
6362,"서울특별시 강남구 압구정로28길 40, 신사동 더원 빌딩 5층 (신사동)",NP 컨디셔닝,127.027463671663,37.5239973673887,헬스장
6363,"서울특별시 강남구 도곡로 458, 정일빌딩 지하, 2층 202호 (대치동)",숀리엔한진 네츄럴 바디스쿨,127.060454108584,37.4983399836131,헬스장
6364,"서울특별시 강남구 논현로158길 7, 지하1층 (신사동)",에이트바디,127.029062340377,37.522181734959,헬스장
6365,"서울특별시 강남구 논현로 614, ARTISAN 빌 지하3층 (논현동)",크로스핏 강남(언주),127.033592483965,37.5085912346756,헬스장
6366,"서울특별시 강남구 남부순환로355길 13, 지하1층 (도곡동)",위크로스핏 양재,127.035716677085,37.4858253305803,헬스장
6367,"서울특별시 강남구 삼성로 651, 3층 301호 (삼성동, 래미안 라클래시)",소프트 실버타입,127.050036535644,37.5183513056476,헬스장
6368,"서울특별시 강남구 논현로167길 9, 낙산프라자 지하1층 (신사동)",파트너짐,127.027426608456,37.524421297629,헬스장
6369,"서울특별시 강남구 광평로51길 6-11, 문암빌딩 지하1층 (수서동)",엠브이엠 앤 루해빗 여성전용 피트니스 수서역점,127.103229900293,37.4885065847702,헬스장
6370,"서울특별시 강남구 학동로28길 5, 지하1층 (논현동)",바디스 짐,127.030269068815,37.513330335079,헬스장
6371,서울특별시 강남구 선릉로111길 40 (논현동),GYM Y STUDIO,127.040309601915,37.5101921107854,헬스장
6372,"서울특별시 강남구 봉은사로 467, 세창빌딩 3층 (삼성동)",디프로 PT,127.05063313853,37.5125244408451,헬스장
6373,"서울특별시 강남구 도산대로37길 28, 지하1층 (신사동)",비오스짐,127.031537185476,37.522841084498,헬스장
6374,"서울특별시 강남구 개포로 265, 개포동 메디시스빌딩 201호 (개포동)",RE:BORNFIT 개포,127.05299794567,37.4809077151366,헬스장
6375,"서울특별시 강남구 논현로63길 25, 3층 (역삼동)",BMLSTUDIO 비엠엘 스튜디오,127.038911030641,37.4922676984286,헬스장
6376,"서울특별시 강남구 봉은사로30길 11 (역삼동, 역삼동658빌딩)",베러댄 나우 PT STUDIO 언주,127.035451393147,37.5068224692827,헬스장
6377,"서울특별시 강남구 선릉로16길 4, 2층 (개포동)",Wayfit PT,127.059909236798,37.4837346614629,헬스장
6378,"서울특별시 강남구 강남대로84길 15, 2층 208호 (역삼동)",바디아티스트 강남역점,127.02983569457,37.4970034183304,헬스장
6379,"서울특별시 강남구 도산대로50길 17, B1층 (논현동)",피크짐(PEAK GYM),127.037670238659,37.5213277654859,헬스장
6380,"서울특별시 강남구 선릉로 663, 2층 (논현동)",주식회사 닥터핏,127.041486080177,37.5158418999936,헬스장
6381,"서울특별시 강남구 학동로20길 62, 2층 (논현동)",논현PT 미라클 통증케어 체형교정,127.026651081114,37.5099807321602,헬스장
6382,"서울특별시 강남구 학동로55길 26, 4층 (청담동)",스텐셜핏,127.041600941928,37.519194943692,헬스장
6383,"서울특별시 강남구 선릉로112길 64, 3층 (삼성동)",유연바디랩,127.048759778192,37.5124363900198,헬스장
6384,"서울특별시 강남구 논현로176길 22, B1층 (신사동)",압구정 라이크짐 2호점,127.030310574565,37.5272989341349,헬스장
6385,"서울특별시 강남구 개포로 209, 서호빌딩 지하1층 (개포동)",렛츠핏 개포점,127.045660396801,37.4786549219762,헬스장
6386,"서울특별시 강남구 언주로 563, B127호 (역삼동)",웰앤피트니스 강남지점,127.038168392484,37.5079337330229,헬스장
6387,"서울특별시 강남구 학동로 332, 계풍빌딩 지하1층 (논현동)",워터웍스 짐앤풀,127.039221894064,37.516287769335,헬스장
6388,서울특별시 강남구 압구정로29길 68 (압구정동),현대 에프앤에스,127.029186511113,37.5325363787069,헬스장
6389,"서울특별시 강남구 언주로108길 16, B1층 (역삼동)",머슬엑스,127.040688752648,37.5083587967326,헬스장
6390,서울특별시 강남구 압구정로 106 (신사동),플레이존스포츠(Playzone),127.020317951629,37.522695242361,헬스장
6391,"서울특별시 강남구 논현로 523, 노바빌딩 지하2층 (역삼동)",(주)비지엠에이치,127.035476310562,37.5030731984471,헬스장
6392,"서울특별시 강남구 선릉로85길 6, 호텔 뉴브 4층 (역삼동)",피트니스 일레븐,127.04910888682,37.5030264209645,헬스장
6393,"서울특별시 강남구 영동대로 325, 3층 (대치동, S-TOWER)",주식회사 진스엠파워,127.065495897888,37.5032910260927,헬스장
6394,"서울특별시 강남구 개포로82길 13-15, 302호 (개포동)",커브스 개포클럽,127.0683478467,37.4888205064565,헬스장
6395,"서울특별시 강남구 도곡로 181, 일성빌딩 지하1층 (역삼동)",Beyond Fitness Club,127.039034420126,37.4920916009046,헬스장
6396,"서울특별시 강남구 언주로107길 44, 더나무앤 빌딩 (역삼동)",Hoon fit(훈핏),127.035646608789,37.5070712681199,헬스장
6397,"서울특별시 강남구 도곡로 203, 남자빌딩 3층 (역삼동)",피트니스플랜비,127.04106748104,37.4927790108948,헬스장
6398,서울특별시 강남구 학동로53길 17 (논현동),나비드짐,127.039844586701,37.5182006615063,헬스장
6399,서울특별시 강남구 학동로20길 67 (논현동),스카이짐,127.026614838276,37.5095232101913,헬스장
6400,"서울특별시 강남구 도곡로3길 19, 서희스타힐스오피스텔 (역삼동)",화이트짐 강남점,127.032510770743,37.4913752931702,헬스장
6401,"서울특별시 강남구 역삼로5길 19, 지하1층 (역삼동)",하이라이트핏(HILIGHT FIT),127.031861565371,37.4950254499168,헬스장
6402,"서울특별시 강남구 도산대로 518, 더모자익 빌딩 2층 (청담동)",주식회사 기븐 플러스,127.049777176061,37.5241684694236,헬스장
6403,"서울특별시 강남구 삼성로115길 20, B 빌딩 2층 (삼성동)",피지컬 케어&짐,127.050479580009,37.5146033029075,헬스장
6404,"서울특별시 강남구 봉은사로34길 7, 1층 (역삼동)",스웻온 서울,127.036418945515,37.5074852245095,헬스장
6405,"서울특별시 강남구 논현로151길 50, 지하1층 (신사동)",버드레인,127.02402817996,37.5198475570069,헬스장
6406,"서울특별시 강남구 삼성로81길 34, 2층 (대치동)",팀히트짐,127.054877166342,37.5039866965952,헬스장
6407,"서울특별시 강남구 봉은사로72길 6, 지하1층 (삼성동)",더블제이짐,127.050622155241,37.5116696628832,헬스장
6408,"서울특별시 강남구 봉은사로30길 70, 석교빌딩 지하1층 (역삼동)",레벨업핏,127.036701072115,37.502972722557,헬스장
6409,"서울특별시 강남구 영동대로 730, 지하1층 (청담동)",Piot Fitness,127.055969436802,37.5232135179761,헬스장
6410,"서울특별시 강남구 광평로46길 4, 갑산한의원 3층 (수서동)",뭄핏,127.098965629218,37.4858665869505,헬스장
6411,"서울특별시 강남구 강남대로 464, 비제바노 지하1층 (역삼동)",짐박스피트니스 강남점,127.025328684402,37.5036889444016,헬스장
6412,"서울특별시 강남구 언주로106길 27, 지하1층 (역삼동)",프라이빗 PT 올:연,127.0420152048,37.5083396815775,헬스장
6413,"서울특별시 강남구 학동로 208, 용문빌딩 지하1층 (논현동)",주식회사 에이치디휘트니스,127.031988191374,37.5140499644185,헬스장
6414,"서울특별시 강남구 언주로98길 5-4, 2층 (역삼동)",역트피티,127.042486351873,37.5052815020196,헬스장
6415,"서울특별시 강남구 강남대로 374, 1층 (역삼동)",하이랙스 강남점,127.029067230812,37.4962895621722,헬스장
6416,"서울특별시 강남구 역삼로25길 28, 지산빌딩 1층 (역삼동)",하와이짐,127.039470217874,37.4981010814983,헬스장
6417,"서울특별시 강남구 테헤란로52길 15, 금천빌딩 B201호 (역삼동)",휘트니스엠 선릉점,127.047936645535,37.5031717841689,헬스장
6418,"서울특별시 강남구 선릉로 624, 지하2층 (삼성동)",피크타임 헬스앤복싱,127.043410455913,37.5122844954864,헬스장
6419,"서울특별시 강남구 선릉로 424, 302호 (대치동)",힙투게더 선릉점,127.050065020431,37.5029101502925,헬스장
6420,"서울특별시 강남구 압구정로 309, 지하층 (압구정동, 현대아파트)",트레이브짐,127.035538506088,37.5319211463698,헬스장
6421,"서울특별시 강남구 논현로175길 11, 지하1호 (신사동)",트레인트루(Traintrue),127.027559869918,37.5259547724319,헬스장
6422,서울특별시 강남구 강남대로152길 15 (신사동),핏앤 리프트,127.020655761605,37.5174408043264,헬스장
6423,"서울특별시 강남구 압구정로 320, 극동Gallery (신사동)",에이블짐 압구정로데오점,127.036454862155,37.528543282907,헬스장
6424,서울특별시 강남구 광평로56길 10 (수서동),더 클래식 바디랩,127.103769196199,37.4870745013425,헬스장
6425,"서울특별시 강남구 도산대로 518, 더모자익 빌딩 (청담동)",어썸어스,127.049777176061,37.5241684694236,헬스장
6426,"서울특별시 강남구 강남대로158길 26, M SPACE 빌딩 B1층 (신사동)",신사 라이크짐 2호점,127.020925009213,37.5191746477041,헬스장
6427,"서울특별시 강남구 테헤란로98길 16, 제주장학회관 지하2층 (대치동)",주식회사 업투삼성역,127.06236488908,37.5072510165232,헬스장
6428,"서울특별시 강남구 도산대로89길 41, 지하1층 (청담동)",Halona gym(할로나짐),127.052145041803,37.5269655999063,헬스장
6429,"서울특별시 강남구 압구정로 309, 상가A 202동 2층 (압구정동, 현대아파트)",큐짐,127.035538506088,37.5319211463698,헬스장
6430,"서울특별시 강남구 학동로 443, 정한빌딩 402호 (청담동)",바비스튜디오,127.049376884423,37.5189404789391,헬스장
6431,"서울특별시 강남구 개포로 656, 영빌딩 지하1층 (일원동)",에슬레틱 플로우,127.084477448928,37.4950472959834,헬스장
6432,"서울특별시 강남구 삼성로115길 16-5, 2층 (삼성동)",고PT,127.050491466935,37.514954238797,헬스장
6433,"서울특별시 강남구 테헤란로 443, 애플트리타워 지하1층 (삼성동)",스타디온 삼성,127.055596615858,37.5069494959122,헬스장
6434,"서울특별시 강남구 광평로51길 8, 로얄프라자 302호 (수서동)",스케치바디PT&필라테스,127.102475755025,37.4883751535989,헬스장
6435,"서울특별시 강남구 양재대로55길 37, 403호 (일원동)",86 피티(PT),127.08680066221,37.4932376517251,헬스장
6436,"서울특별시 강남구 삼성로86길 6, 2층 (대치동)",오엠짐,127.057973871285,37.5054929596519,헬스장
6437,"서울특별시 강남구 봉은사로63길 14, B1층 (삼성동)",Back Gym(백짐),127.047075838244,37.5122841727439,헬스장
6438,"서울특별시 강남구 봉은사로 211, 그림바우빌딩 지하1층 (논현동)",피크핏(PEAKFIT),127.03520187295,37.5079803352646,헬스장
6439,"서울특별시 강남구 영동대로 737, 리베라호텔 지하2층 (청담동)",(주)신안관광 호텔리베라 체력단련장,127.054240091718,37.523826465874,헬스장
6440,"서울특별시 강남구 논현로152길 37, 한서빌딩 3층 (신사동)",AIM-FIT(에임핏),127.031132557126,37.5217917940292,헬스장
6441,"서울특별시 강남구 언주로85길 13, 지하1층 (역삼동, 경남아파트)",바이젝 월드 피트니스,127.042381786191,37.5005673881078,헬스장
6442,"서울특별시 강남구 봉은사로 203, 명진빌딩 3층 (논현동)",독한GYM,127.034239582576,37.5076856291152,헬스장
6443,"서울특별시 강남구 논현로151길 20, 지하1층 (신사동)",코너맨(CORNER MAN),127.02647640989,37.5201200374952,헬스장
6444,"서울특별시 강남구 압구정로 212, 방우빌딩 2층 (신사동)",리뉴짐,127.030457751829,37.5278408488996,헬스장
6445,"서울특별시 강남구 테헤란로27길 18, 지하2층 (역삼동)",샵피트니스,127.037959267784,37.5025729992498,헬스장
6446,"서울특별시 강남구 논현로168길 47, 지하1층 (신사동)",GYM223,127.031984240681,37.5233448950098,헬스장
6447,"서울특별시 강남구 도곡로 204, 동신빌딩 지하1층 (도곡동)",S&H웰빙휘트니스,127.041422427959,37.4921516958537,헬스장
6448,"서울특별시 강남구 테헤란로 217, 오렌지플래닛 지하1층 (역삼동)",제임스짐,127.03984440325,37.5021097120161,헬스장
6449,"서울특별시 강남구 강남대로 240, 양재SK허브프리모 지하2층 (도곡동)",피트니스지앤지,127.034429700831,37.4852596091178,헬스장
6450,"서울특별시 강남구 도곡로 115, 거암빌딩 지하1층 (역삼동)",다짐 PT,127.03298214223,37.4902444882146,헬스장
6451,"서울특별시 강남구 학동로 413, 청담빌딩 지하1층 (청담동)",비나이더 피트니스 청담점,127.045191941905,37.5181537765035,헬스장
6452,"서울특별시 강남구 선릉로132길 17, 지하1층 (청담동)",휴즈짐,127.042609128796,37.5183306123286,헬스장
6453,"서울특별시 강남구 언주로173길 14, 4층 (신사동)",GAME CHANGER(게임체인저),127.032302508451,37.5281778740192,헬스장
6454,"서울특별시 강남구 언주로113길 10, 4층 (논현동)",니드핏(Need Fit),127.036488016457,37.509507238119,헬스장
6455,"서울특별시 강남구 테헤란로 231, 센터필드 EAST동 3층 (역삼동)",(주)조선호텔앤리조트 센터필드 피트니스클럽,127.041356540268,37.5028813541774,헬스장
6456,"서울특별시 강남구 테헤란로 142, 캐피탈타워 B1층 (역삼동)",버핏그라운드 역삼,127.034954751198,37.4997440471512,헬스장
6457,"서울특별시 강남구 밤고개로23길 10-23, B1층 (율현동, 율현동 196-86 다세대주택)",윔짐,127.108963988358,37.4720564045915,헬스장
6458,"서울특별시 강남구 강남대로 364, 미왕빌딩 지하2층 (역삼동)",슬릭 강남 캠프,127.029293901519,37.4955498697675,헬스장
6459,"서울특별시 강남구 삼성로 416, 은혜빌딩 지하1층 (대치동)",이루짐 피티샵 대치점,127.058295259828,37.5042834722292,헬스장
6460,"서울특별시 강남구 봉은사로 469, B2층 (삼성동)",STV 피지컬 퍼포먼스짐,127.050791985991,37.5125880736373,헬스장
6461,"서울특별시 강남구 언주로150길 34, B1층 (논현동)",Pers fitness,127.037144544436,37.5215211970834,헬스장
6462,"서울특별시 강남구 언주로168길 15, 지하1층 (신사동)",김포도 컴퍼니,127.034901246744,37.5264348672513,헬스장
6463,"서울특별시 강남구 선릉로86길 7, B1층 (대치동)",나비드짐 PT&필라테스 선릉점,127.05031261589,37.5032959457801,헬스장
6464,"서울특별시 강남구 도산대로68길 26, 1층 (청담동)",블루덤벨 휘트니스,127.044368305782,37.5219219030767,헬스장
6465,"서울특별시 강남구 언주로 329, 삼일빌딩 (역삼동)",밸류온피트니스,127.044896498317,37.497221653749,헬스장
6466,"서울특별시 강남구 삼성로 605, 청송빌딩 (삼성동)",206짐,127.052717611728,37.5134844497251,헬스장
6467,서울특별시 강남구 테헤란로14길 13 (역삼동),F45 트레이닝 역삼,127.033524543049,37.4985493670374,헬스장
6468,"서울특별시 강남구 삼성로147길 66, 지하2층 (청담동)",리피트니스,127.044293649188,37.5205897984509,헬스장
6469,"서울특별시 강남구 도산대로96길 13, 6층 (청담동)",MASTER GYM(마스터짐 앤 필라테스),127.050961827844,37.5236628622669,헬스장
6470,"서울특별시 강남구 강남대로 340, 경원빌딩 (역삼동)",바디튜토리얼,127.030306438541,37.4935728051632,헬스장
6471,"서울특별시 강남구 선릉로 324, SH타워 (대치동)",한티역점 스포애니 (주)케이디헬스케어,127.052094163626,37.4985303841214,헬스장
6472,"서울특별시 강남구 봉은사로 116, 은성빌딩 (역삼동)",액트짐 신논현점,127.026388646305,37.5047491056943,헬스장
6473,서울특별시 강남구 역삼로65길 20 (대치동),타잇바디짐,127.052551491306,37.5025677693976,헬스장
6474,"서울특별시 강남구 헌릉로569길 9, 강남지웰파인즈 (세곡동)",커브스 세곡클럽,127.100777255781,37.4667896057922,헬스장
6475,서울특별시 강남구 언주로172길 14 (신사동),짐타운,127.034918660011,37.527629770888,헬스장
6476,"서울특별시 강남구 선릉로 655, 성부빌딩 2, 3층 (논현동)",프로짐,127.041720060155,37.5151391247988,헬스장
6477,"서울특별시 강남구 강남대로62길 18, 2층 202호 (역삼동)",온더피티 스튜디오,127.033046566352,37.490436294722,헬스장
6478,"서울특별시 강남구 학동로97길 20, 성호빌딩 지하1층 (청담동)",청담피트니스,127.055518121661,37.521146560666,헬스장
6479,"서울특별시 강남구 학동로 338, 지하2층층 (논현동, 강남파라곤)",토탈케어 컴퍼니,127.04016223452,37.5165402749359,헬스장
6480,"서울특별시 강남구 논현로176길 20, 지하1층 (신사동)",온유어짐 PT studio 압구정,127.030120378353,37.5272409582709,헬스장
6481,"서울특별시 강남구 삼성로95길 15, 천해빌딩 지하1층 (삼성동)",마이티핏,127.05449627869,37.5077461365963,헬스장
6482,"서울특별시 강남구 학동로4길 18, 스카이 빌딩 지하1층 (논현동)",포텐PT,127.02315340402,37.5102558254223,헬스장
6483,"서울특별시 강남구 강남대로 570, 선양빌딩 지하1층 B01호 (논현동)",바른PT,127.020955251581,37.5128441906133,헬스장
6484,"서울특별시 강남구 봉은사로43길 29, 1층 204호 (논현동)",건강해짐(Gym),127.039166056561,37.5111712566109,헬스장
6485,"서울특별시 강남구 테헤란로 129, B1층 (역삼동)","버핏그라운드 역삼 별관, 팀버핏 역삼",127.032367803374,37.4999326440603,헬스장
6486,"서울특별시 강남구 언주로7길 6, 지하2층 (개포동)",파프짐 개포,127.055483787574,37.4785781862112,헬스장
6487,서울특별시 강남구 선릉로152길 32 (청담동),최용욱PTS(331),127.042213937077,37.5242244839023,헬스장
6488,"서울특별시 강남구 논현로 90, 보성빌딩 지하1층 (개포동)",크로스핏 타키온,127.045069030677,37.4779640748385,헬스장
6489,"서울특별시 강남구 도산대로 454, 201호 (청담동, 청담휴먼스타빌)",움직임플러스 청담,127.046056275002,37.5236847892354,헬스장
6490,"서울특별시 강남구 테헤란로63길 9, B1층 (삼성동)",빌리프짐 선릉역점,127.05011127646,37.5057875814315,헬스장
6491,"서울특별시 강남구 언주로172길 28, 오리엔탈빌딩 지하층 (신사동)",알이에스피(RES.P),127.035987019903,37.527285537763,헬스장
6492,"서울특별시 강남구 논현로 419, PMK 빌딩 지하1층 (역삼동)",김성환짐,127.038091444892,37.4976177837796,헬스장
6493,"서울특별시 강남구 봉은사로1길 8, 3층 (논현동)",펀짐,127.025081045457,37.5054974051802,헬스장
6494,"서울특별시 강남구 논현로95길 10, 지하1층 (역삼동)",강남피티,127.035044325267,37.5024216299947,헬스장
6495,"서울특별시 강남구 압구정로28길 18, 2층 (신사동)",플로우핏,127.0275728109,37.5254603895222,헬스장
6496,"서울특별시 강남구 언주로130길 12, 가동 3층 (논현동)",스타휘트니스 246,127.036571010874,37.514790070497,헬스장
6497,"서울특별시 강남구 강남대로 502, 에임하이타워 지하1층 (논현동)",엠엔휘트니스,127.023676433449,37.507132658988,헬스장
6498,"서울특별시 강남구 도산대로55길 26, 하늘빌딩 4층 (청담동)",트라이앵글,127.040790451167,37.525227889754,헬스장
6499,"서울특별시 강남구 도산대로 326, 대동타워 지하1층 (논현동)",고알레 클럽하우스,127.03774745119,37.5223519106434,헬스장
6500,"서울특별시 강남구 도곡로37길 14, B1층 (역삼동, 동우빌딩)",리미트리스 짐,127.045029564959,37.4947150926491,헬스장
6501,"서울특별시 강남구 테헤란로87길 39, 심스빌딩 B2층 (삼성동)",로그짐 삼성점,127.057642715348,37.5103399869121,헬스장
6502,"서울특별시 강남구 도곡로 505, 지하2,3층 (대치동)",올댓바스켓,127.061708294936,37.4995006419713,헬스장
6503,"서울특별시 강남구 삼성로 605, 청송빌딩 지하1층 (삼성동)",리앤핏PT 삼성점,127.052717611728,37.5134844497251,헬스장
6504,"서울특별시 강남구 도산대로45길 8-3, 쿠키빌딩 지하층 (신사동)",더빠짐(THE BBA ZYM),127.036228526084,37.5230166054488,헬스장
6505,"서울특별시 강남구 삼성로133길 12, 지하1층 (청담동)",짐로드,127.048534028271,37.5196197341193,헬스장
6506,"서울특별시 강남구 압구정로80길 35, 드림빌딩 지하1층 (청담동)",우리짐 청담점,127.043814212044,37.5244045520548,헬스장
6507,"서울특별시 강남구 도산대로 413, 지하2층 (청담동)",(주)피기블라인더스,127.040707974946,37.523759194327,헬스장
6508,서울특별시 강남구 언주로93길 32-8 (역삼동),카노(KANO),127.039253454982,37.503764516583,헬스장
6509,"서울특별시 강남구 도산대로81길 17, 대청빌딩 3층 (청담동)",주식회사 무브옵,127.047454618088,37.5254717341047,헬스장
6510,"서울특별시 강남구 개포로 628, 현대빌딩 지하1층 (일원동)",호짐,127.081570321339,37.4941001284485,헬스장
6511,"서울특별시 강남구 도산대로6길 15, 지하1층 (논현동)",드래곤짐,127.021979411348,37.5157858723767,헬스장
6512,"서울특별시 강남구 언주로113길 16, 지하1층 (논현동)",도넛 PT 스튜디오,127.035964839491,37.5093589130056,헬스장
6513,"서울특별시 강남구 논현로 611, 지하1층 (논현동)",바디스짐 언주역점,127.033102482675,37.5082424138493,헬스장
6514,서울특별시 강남구 도산대로102길 10 (청담동),(주)더프리마,127.052816116488,37.5238964884279,헬스장
6515,"서울특별시 강남구 학동로 513, 지하1층 (청담동, 진흥아파트)",(주)에프엘짐(FL Gym),127.054216748317,37.5200198304195,헬스장
6516,"서울특별시 강남구 선릉로16길 4, 2층 (개포동)",훈짐PT,127.059909236798,37.4837346614629,헬스장
6517,"서울특별시 강남구 테헤란로82길 15, 지하1층 (대치동)",오렌지스웻,127.058228998088,37.5060470424166,헬스장
6518,"서울특별시 강남구 언주로 537, 에이비티타워 2층 (역삼동)",비커스런,127.040712435436,37.5059414823302,헬스장
6519,"서울특별시 강남구 역삼로 458, 지하1층 (대치동, 영미빌딩)",비헬씨 대치점,127.057405670704,37.5025429850853,헬스장
6520,"서울특별시 강남구 삼성로 352 (대치동,창진빌딩 7층)",한마음(125),127.059072270556,37.5030433027391,헬스장
6521,"서울특별시 강남구 강남대로 354  (역삼동,한국빌딩 지하2층)",상아(129),127.029733323803,37.4946490234479,헬스장
6522,"서울특별시 강남구 선릉로 524 (삼성동,대림아크로텔 B201)",클럽케이 서울 휘트니스,127.04838618187,37.5066550675471,헬스장
6523,서울특별시 강남구 선릉로 718 (청담동),앤드핏 청담,127.040920399204,37.518948666968,헬스장
6524,"서울특별시 강남구 도곡로 442 (대치동,402,502)",휘트니스클럽 36.5(288),127.058839031611,37.4979496722429,헬스장
6525,서울특별시 강남구 논현로116길 6 (논현동),잭스 피트니스,127.0336685757,37.5092881401613,헬스장
6526,"서울특별시 강남구 테헤란로20길 19 (역삼동,엘지 에클라트 지하 1층)",제이원 휘트니스,127.03502680361,37.4985646987797,헬스장
6527,"서울특별시 강남구 도곡로 408 (대치동, 지하1층)",(주)케이에스 스포짐컴퍼니,127.055233195315,37.4966225187716,헬스장
6528,서울특별시 강남구 압구정로 208 (신사동),유성 스포츠센터,127.029898895275,37.5275917745892,헬스장
6529,"서울특별시 강남구 봉은사로37길 8, 2층 (논현동, 윤원빌딩)",바디랑 필라테스 스튜디오,127.037095232778,37.5089716720179,헬스장
6530,서울특별시 강남구 논현로176길 14 (신사동),크로스핏 압구정(344),127.029718326693,37.5269934647885,헬스장
6531,"서울특별시 강남구 삼성로149길 10, 201호 (청담동)",에이디스짐(337),127.046743383017,37.5234788204389,헬스장
6532,서울특별시 강남구 영동대로 602 (삼성동),(주)인어스휘트니스,127.060483947525,37.5147215906749,헬스장
6533,"서울특별시 강남구 강남대로110길 32, 2층 (역삼동)",핏엔젤1호,127.027484274765,37.5036785514807,헬스장
6534,"서울특별시 강남구 도곡로 229 (역삼동, 오성빌딩)",참짐(475),127.043801164409,37.4935624457801,헬스장
6535,"서울특별시 강남구 압구정로46길 35, 2층 (신사동)",BNB 퍼스널 트레이닝 스튜디오,127.036286438218,37.5262710080147,헬스장
6536,"서울특별시 강남구 논현로10길 29, 5층 (개포동)",멤버쉽 휘트니스 플레이 바이 어스,127.050395378069,37.4753216045886,헬스장
6537,"서울특별시 강남구 테헤란로81길 51, 3층 (삼성동)",마음가짐,127.055669203417,37.5104218436877,헬스장
6538,"서울특별시 강남구 선릉로157길 14-7, 압구정빌딩 4층 (신사동)",BM,127.038708909936,37.526557388236,헬스장
6539,"서울특별시 강남구 압구정로34길 32, 성우 에이치 지하1층 (신사동)",나아짐,127.030504299987,37.5260214435997,헬스장
6540,서울특별시 강남구 압구정로 467 (청담동),린 필라테스 앤 엑서프리(343),127.0474300231,37.5246839977519,헬스장
6541,"서울특별시 강남구 남부순환로 2912  (대치동,그랑프리엔상가 301호)",라인에 반하다(305),127.056142941592,37.4907059879875,헬스장
6542,"서울특별시 강남구 언주로 118, 129호 (도곡동, 우성캐릭터199)",맥스 퍼스널 트레이닝&테라피 스튜디오(440),127.051855548139,37.4869159664401,헬스장
6543,"서울특별시 강남구 도곡로 116, B2층 (도곡동, 꿈이룸 명진타워)",굿피티,127.033301608314,37.4898014632554,헬스장
6544,"서울특별시 강남구 삼성로 633, 지하1층 (삼성동, 삼광빌딩)",브이엠휘트니스 삼성점,127.051107823804,37.5162938562313,헬스장
6545,"서울특별시 강남구 선릉로131길 8, B2층 (논현동, 노벨빌딩)",휘트니스 M,127.040276007202,37.5179752643562,헬스장
6546,"서울특별시 강남구 논현로 425 (역삼동, 마이다스빌딩)",모션랩(motion lab),127.03793959219,37.4981079801273,헬스장
6547,"서울특별시 강남구 압구정로50길 18, 5층 501호 (신사동)",WAGAGYM 압구정점,127.03773157901,37.5272242657674,헬스장
6548,"서울특별시 강남구 학동로 205  (논현동,지상2층)",B&B(143),127.031350415416,37.5144540554705,헬스장
6549,"서울특별시 강남구 도산대로 442, 3층 일부호 (청담동, 피엔폴루스)",(의)성광의료재단 차움의원(444),127.044119009562,37.5233111622682,헬스장
6550,"서울특별시 강남구 삼성로 352, B1층 (대치동, 창진빌딩)",엠엔휘트니스 3호점(447),127.059072270556,37.5030433027391,헬스장
6551,"서울특별시 강남구 선릉로 418, 지하 1층층 (대치동)",크로스핏 강남(352),127.050333748761,37.5022615823371,헬스장
6552,"서울특별시 강남구 선릉로 647, 영광빌딩 (논현동)",힙업학원,127.042014952824,37.5143472181247,헬스장
6553,서울특별시 강남구 학동로101길 26 (청담동),성피티짐[SungPT Gym](354),127.057620352182,37.5224447996482,헬스장
6554,서울특별시 강남구 언주로30길 10 (도곡동),Ace private gym(355),127.05155394203,37.4873386711834,헬스장
6555,"서울특별시 강남구 학동로 501, B1~B2층 (청담동)",엠엔휘트니스 2호점(436),127.050467942591,37.5191577902364,헬스장
6556,"서울특별시 강남구 도산대로 532, 청담동 (청담동)",휘트니스모션,127.051591952726,37.5243444672802,헬스장
6557,"서울특별시 강남구 도산대로78길 5, 3층 (청담동)",닥터피티,127.047149068926,37.5236895838546,헬스장
6558,서울특별시 강남구 도산대로 537 (청담동),페인스톰 청담(358),127.05237378213,37.5251725046295,헬스장
6559,"서울특별시 강남구 테헤란로48길 10, 지하B101~B108호호 (역삼동, 역삼동 우정에쉐르2)",코어짐(Core Gym),127.045872920554,37.502652453062,헬스장
6560,서울특별시 강남구 선릉로 328 (대치동),라비아 피트니스,127.051899209649,37.4990331412977,헬스장
6561,서울특별시 강남구 압구정로20길 15 (신사동),모모스크린골프,127.025399073485,37.5248457627587,헬스장
6562,"서울특별시 강남구 테헤란로 146, 현익빌딩 지하2,,3층 (역삼동)",역삼역점 스포애니 (주)케이디헬스케어,127.035487192435,37.5000192358695,헬스장
6563,서울특별시 강남구 개포로110길 15 (일원동),우성스포츠센터,127.079114775367,37.4932437695434,헬스장
6564,"서울특별시 강남구 선릉로 619 (논현동,B1)",바디핏 휘트니스,127.042897801711,37.5120028486667,헬스장
6565,"서울특별시 강남구 삼성로 38 (개포동,지상6층)",짐어스,127.066845330996,37.4886879268822,헬스장
6566,"서울특별시 강남구 강남대로 318, 지하2층 (역삼동, TOWER837)",피트니스 에비뉴[Fitness Avenue](454),127.03118027892,37.4915693683974,헬스장
6567,"서울특별시 강남구 압구정로46길 32, 3층 (신사동, 삼일빌딩)",바디바이블(455),127.035985996769,37.526568700914,헬스장
6568,"서울특별시 강남구 도곡로 175 (역삼동, 창림빌딩)",SMFIT운동센터(479),127.03855986743,37.4919384954051,헬스장
6569,서울특별시 강남구 테헤란로43길 27 (역삼동),NY GYM,127.043977528438,37.5050630932079,헬스장
6570,"서울특별시 강남구 역삼로17길 12, 2층 (역삼동)",팀제이티,127.0361984021,37.4955448925108,헬스장
6571,"서울특별시 강남구 테헤란로 121, 지하2층 (역삼동, 원빌딩)",싸다휘트니스,127.031062762603,37.4994161773038,헬스장
6572,"서울특별시 강남구 테헤란로82길 15, 지하층 (대치동)",저스트핏대치점(483),127.058228998088,37.5060470424166,헬스장
6573,"서울특별시 강남구 테헤란로63길 12 (삼성동, LG 선릉에클라트 B)",에클라트 휘트니스(484),127.050947634813,37.5061147390354,헬스장
6574,"서울특별시 강남구 영동대로 722, 풍양빌딩 4-5층 (청담동)",스타짐23,127.056397556014,37.5223856534007,헬스장
6575,"서울특별시 강남구 도곡로77길 14, 지하1층 (대치동, 양지빌딩)",ONE TO ONE GYM(473),127.058617755819,37.499295885528,헬스장
6576,"서울특별시 강남구 봉은사로 109, 지하1층 일부호 (논현동, 싼타홍메디컬타워)",K.P.T(432),127.025598567652,37.5051256294822,헬스장
6577,"서울특별시 강남구 테헤란로108길 12 (대치동, 하나빌딩)",크로스핏 강남 삼성,127.065756496551,37.5086105953986,헬스장
6578,"서울특별시 강남구 광평로 281 (수서동, 수서빌딩)",(주)건강과 땀 휘트니스,127.103147850146,37.4881247193412,헬스장
6579,"서울특별시 강남구 강남대로 390  (역삼동,지하3층)",미진휘트니스(64),127.028578846319,37.4978399531903,헬스장
6580,"서울특별시 강남구 선릉로112길 87, 4층 (삼성동, 명인빌딩)",바디랩,127.05050172139,37.5132180900357,헬스장
6581,"서울특별시 강남구 선릉로94길 7 (삼성동, 현죽빌딩)",보리스 짐,127.048994811304,37.5060243834267,헬스장
6582,"서울특별시 강남구 선릉로 549, 에본빌딩 지하1층 (역삼동)",킬러짐,127.045632031466,37.5076699743623,헬스장
6583,"서울특별시 강남구 압구정로79길 14, 4층 (청담동)",핏플로우 짐,127.048204915417,37.524994169395,헬스장
6584,"서울특별시 강남구 논현로175길 69, 원영빌딩 3층 (신사동)",JP Station,127.023455120787,37.5238371322452,헬스장
6585,"서울특별시 강남구 강남대로 556, 논현빌딩 지하1층 (논현동)",GOTO 논현,127.021573239521,37.511527622057,헬스장
6586,"서울특별시 강남구 논현로 319 (역삼동,(B1))",화이트짐,127.039877071434,37.4937862941316,헬스장
6587,서울특별시 강남구 논현로 626  (논현동),엠투헬스클럽(70),127.033274863786,37.5095470202593,헬스장
6588,서울특별시 강남구 선릉로63길 9 (역삼동),웰씨짐 휘트니스,127.05144014643,37.4971636638659,헬스장
6589,서울특별시 강남구 테헤란로87길 36 (삼성동),제임스짐(100),127.058597240146,37.5102336492314,헬스장
6590,"서울특별시 강남구 테헤란로 204, 3층 (역삼동, 범진빌딩)",FLY GYM 플라이짐,127.038727031821,37.5009866194352,헬스장
6591,"서울특별시 강남구 강남대로118길 39, 4층 (논현동)",골든바디(넘버원),127.026253046099,37.5073409674001,헬스장
6592,"서울특별시 강남구 논현로150길 15, B102층 (논현동)",GYM HOLEEDAY,127.0297286894,37.5194667572471,헬스장
6593,"서울특별시 강남구 봉은사로 163, 지하1층 (논현동, 마르세움)",아트지짐,127.032148755196,37.5070685777585,헬스장
6594,"서울특별시 강남구 압구정로 310, 지하1층 (신사동)",TEAM ANSWER PT SHOP,127.035291971234,37.5287834827873,헬스장
6595,"서울특별시 강남구 봉은사로 107, 지하1층 (논현동)",더바른몸,127.025394503945,37.5050190845973,헬스장
6596,"서울특별시 강남구 광평로 280, 로즈데일오피스텔 101호 (수서동)",짐퍼스트 휘트니스 수서,127.103108072457,37.4873191631489,헬스장
6597,서울특별시 강남구 선릉로146길 15 (청담동),바디스쿨(350),127.040953790913,37.5220931556124,헬스장
6598,서울특별시 강남구 영동대로86길 9  (대치동),광혜헬스스포츠센타(111),127.064771981255,37.508136490079,헬스장
6599,"서울특별시 강남구 강남대로 310 (역삼동,유니온빌딩 지하2층)",휘슬러휘트니스(112),127.031485792815,37.4909831820412,헬스장
6600,서울특별시 강남구 논현로 80 (개포동),알통맨 휘트니스크럽(119),127.045480690923,37.4772540117351,헬스장
6601,"서울특별시 강남구 선릉로 842  (청담동,4층)",PT하우스(253),127.040686405563,37.5269529842189,헬스장
6602,"서울특별시 강남구 봉은사로68길 41, 2층 (삼성동)",크라운육체미도장(88),127.051931200825,37.5096278691478,헬스장
6603,"서울특별시 강남구 테헤란로 317 (역삼동,지층)",헬스보이짐 선릉점,127.045763234822,37.5039741806376,헬스장
6604,"서울특별시 강남구 선릉로132길 69, 지하1층 (청담동)",크라크라짐,127.04691383463,37.5190982574839,헬스장
6605,서울특별시 강남구 도곡로93길 9 (대치동),모건필라테스&PT,127.064501719435,37.500834891089,헬스장
6606,"서울특별시 강남구 학동로101길 33 (청담동, 청담상가)",헤세드(274),127.056828126838,37.5224162613037,헬스장
6607,"서울특별시 강남구 언주로 807 (신사동,6층)",골든핏 프라이빗 짐(275),127.033117111089,37.5224076301961,헬스장
6608,"서울특별시 강남구 선릉로148길 41 (청담동,지하1층)",(주)제이브로짐,127.042880435816,37.5229675255801,헬스장
6609,서울특별시 강남구 역삼로 239 (역삼동),피트니스 카디오(380),127.042509196407,37.4976990792121,헬스장
6610,서울특별시 강남구 논현로 752 (논현동),아크로짐 논현점,127.028644440099,37.5191609544084,헬스장
6611,"서울특별시 강남구 학동로68길 7 (삼성동,힐스테이트1단지 상가 4층)",바로그짐 강남구청,127.046743685239,37.5176166251155,헬스장
6612,"서울특별시 강남구 개포로 506, 청우빌딩 5층 501호 (개포동)",윤형준 트레이닝센터,127.067521234936,37.4891418305896,헬스장
6613,"서울특별시 강남구 언주로153길 12, 태경빌딩 2층 (신사동)",운동장,127.032190748216,37.522945604676,헬스장
6614,"서울특별시 강남구 언주로 311, 로즈1타워 201호 (역삼동)",투스타짐(2star gym),127.045736565773,37.495294979342,헬스장
6615,"서울특별시 강남구 역삼로 310 (역삼동, 한솔필리아 2층 32호)",더스타일짐[386],127.048420861876,37.4992355425931,헬스장
6616,서울특별시 강남구 학동로88길 12 (삼성동),GOTO 청담,127.052659727211,37.5183533187573,헬스장
6617,"서울특별시 강남구 언주로 874 (신사동, 쌍봉빌딩 지하1층)",피트니스 더원,127.034133513054,37.5285885762172,헬스장
6618,"서울특별시 강남구 도곡로 120, 세원빌딩 2층 (도곡동)",빌드업 운동센터,127.033547218949,37.4898313973235,헬스장
6619,"서울특별시 강남구 역삼로 542, 지하1층 (대치동, 신사에스앤지)",에이원짐,127.062343846502,37.5039798384138,헬스장
6620,"서울특별시 강남구 논현로 824, 동양빌딩 7층 703호 (신사동)",식스 밸런스(SIX BALANCE),127.028542466859,37.5219903085592,헬스장
6621,"서울특별시 강남구 삼성로85길 38, 지하2층 (대치동, 대치동 우정에쉐르1)",함스짐(HAMS GYM)2호점,127.054274484491,37.504618129293,헬스장
6622,서울특별시 강남구 테헤란로57길 21 (역삼동),JADE GYM,127.047321239003,37.5059437950506,헬스장
6623,"서울특별시 강남구 학동로 522 (삼성동,2,3층)",청춘웨이트 X Acub휘트니스,127.056075187118,37.5195574689849,헬스장
6624,"서울특별시 강남구 도곡로 184, 지층 101호 (도곡동, 신호빌딩)",정직한 PT&필라테스(430),127.039748870748,37.4917134802222,헬스장
6625,"서울특별시 강남구 남부순환로 2806 (도곡동,군인공제회 지하1층)",군인공제회관 M 스포렉스,127.052914072356,37.489109180937,헬스장
6626,"서울특별시 강남구 도곡로 450, 덕산빌딩 동 지하1층 (대치동)",크로스핏 볼케이노[388],127.059772100614,37.4980817418549,헬스장
6627,"서울특별시 강남구 테헤란로8길 7, 지하2층 (역삼동)",짐 다운 GYM,127.031728667655,37.4984382283431,헬스장
6628,"서울특별시 강남구 테헤란로 441 (삼성동, 지하1층)",테헤란로점 스포애니 (주)케이디헬스케어,127.055382485911,37.5069068888653,헬스장
6629,"서울특별시 강남구 남부순환로 2615 (도곡동,스타클래스 지하2층)",피트니스나인,127.035883711966,37.4851852937745,헬스장
6630,"서울특별시 강남구 선릉로 340  (대치동,대치EM프라자 B101,B102,B201)",애플짐 휘트니스(263),127.051448351881,37.5002229368483,헬스장
6631,"서울특별시 강남구 선릉로126길 14  (삼성동,예우빌딩 3층)",커브스 삼성클럽(264),127.043229960702,37.5152700382785,헬스장
6632,"서울특별시 강남구 도산대로11길 28 (신사동,지하1층)",더블케이짐,127.022592654035,37.5193442696835,헬스장
6633,"서울특별시 강남구 논현로 804  (신사동,서울빌딩 3층)",스타트레인(244),127.028431264318,37.5204922379438,헬스장
6634,"서울특별시 강남구 영동대로 416 (대치동,코스모타워 지하2층)",스포테라,127.065326637295,37.5065841136869,헬스장
6635,"서울특별시 강남구 언주로30길 21, B201-2호 (도곡동, 아카데미스위트)","버핏그라운드 도곡, 팀버핏 도곡",127.052014632509,37.4888657676631,헬스장
6636,"서울특별시 강남구 도곡로63길 34  (대치동,요안빌딩 지하1층)",J Gym(249),127.053773373593,37.4991267285089,헬스장
6637,"서울특별시 강남구 봉은사로 129-1 (논현동,지하2층)",MK 휘트니스(250),127.028081865499,37.5060831041135,헬스장
6638,"서울특별시 강남구 도산대로85길 30, 3층 (청담동)",청담 엑티브짐,127.049680036198,37.526439666489,헬스장
6639,서울특별시 강남구 테헤란로33길 31 (역삼동),JACEANNA Personal training(269),127.038640699776,37.5037549877493,헬스장
6640,"서울특별시 강남구 언주로 314,  501호 (역삼동,강남프라자)",맥스 퍼스널 트레이닝 스튜디오(271),127.046476269108,37.4958917878081,헬스장
6641,"서울특별시 강남구 개포로 615 (개포동,석탑프라자 7층)",피트니스 메이트,127.07558248914,37.4926580850327,헬스장
6642,"서울특별시 강남구 도산대로27길 43, 지하 1,2층 (신사동)",휘트니스2.0,127.027391615846,37.5227742731974,헬스장
6643,"서울특별시 강남구 역삼로 170 (역삼동,B1)",에프엘짐 역삼점,127.037857423,37.4950606219765,헬스장
6644,"서울특별시 강남구 테헤란로70길 12 (대치동,B1)",어썸어스 스튜디오,127.053159553826,37.5047428849251,헬스장
6645,"서울특별시 강서구 화곡로 161, 대성빌딩 5층,6층 일부호 (화곡동)","자마이카 휘트니스, 필라테스 화곡점",126.839166396503,37.5418323076538,헬스장
6646,"서울특별시 강남구 도산대로 134, B02호 (논현동,페이토빌딩)",머슬맥스튜디오(284),127.023380583993,37.5173531693456,헬스장
6647,서울특별시 강남구 테헤란로25길 10 (역삼동),AC호텔 바이메리어트 서울강남,127.035424439728,37.5012416495228,헬스장
6648,서울특별시 강남구 선릉로157길 14-3 (신사동),JP Gym(255),127.038655431788,37.5264005412993,헬스장
6649,"서울특별시 강남구 남부순환로 2633, 지층 B102호 (도곡동)",베드로크리닉(413),127.037772705702,37.4853675195457,헬스장
6650,"서울특별시 강남구 삼성로 212, 편의동 103호 (대치동, 은마상가)",대치 인,127.065915414443,37.4996157705058,헬스장
6651,"서울특별시 강남구 삼성로 155 (대치동,B2)",투엑스 휘트니스(293),127.062951852624,37.4938813994708,헬스장
6652,"서울특별시 강남구 역삼로8길 15, 지하1층, 1층 (역삼동)",저스트짐 하드코어,127.034174004352,37.4930900713112,헬스장
6653,"서울특별시 강남구 도산대로35길 39, 지하1층 (신사동)",STEADY(스테디),127.030341386568,37.5234881373776,헬스장
6654,서울특별시 강남구 압구정로79길 54 (청담동),슬림앤스트롱(328),127.051613918045,37.5253570039895,헬스장
6655,"서울특별시 강남구 학동로97길 42 (청담동,키즈12 빌딩 6층)",헬스 IHL PT studio,127.054764237271,37.5224812075002,헬스장
6656,"서울특별시 강남구 테헤란로19길 12, 401호 (역삼동)",그레이스 프라이빗 짐(427),127.03365791743,37.5009156415017,헬스장
6657,"서울특별시 강남구 영동대로112길 24, B101호 (삼성동, 동구싼타빌)",발레핏 코리아(424),127.062269780876,37.5151589109052,헬스장
6658,"서울특별시 강남구 역삼로 310, 지하1층 (역삼동, 한솔필리아)",주식회사 7스튜디오역삼,127.048420861876,37.4992355425931,헬스장
6659,"서울특별시 강남구 논현로 513 (역삼동,2층)",드림팩토리짐,127.03584672288,37.5024234615446,헬스장
6660,"서울특별시 강남구 도곡로 205 (역삼동,원경빌딩 B1)",역삼 스포애니 주)케이디스포츠,127.041364616509,37.4929198247521,헬스장
6661,서울특별시 강남구 테헤란로52길 17 (역삼동),일모션(329),127.048159675677,37.5030081609422,헬스장
6662,서울특별시 강남구 남부순환로 2921 (대치동),코지짐(330),127.059772967826,37.4934943562011,헬스장
6663,"서울특별시 강남구 봉은사로 214, B2층 (역삼동, 한솔빌딩)",오브 휘트니스,127.035787185493,37.5075305579448,헬스장
6664,서울특별시 강남구 학동로 201 (논현동),드림스타 휘트니스(323),127.030977670749,37.5143511690709,헬스장
6665,"서울특별시 강남구 테헤란로25길 7 (역삼동, 창성재단빌딩)",엑스퍼티짐,127.035059356588,37.5009488414146,헬스장
6666,서울특별시 강남구 봉은사로57길 42 (삼성동),Felix Gym,127.044388626609,37.5134497609338,헬스장
6667,서울특별시 강남구 삼성로147길 24 (청담동),원바디 퍼스널 트레이닝 스튜디오(378),127.046955270203,37.5214995940616,헬스장
6668,"서울특별시 강남구 삼성로145길 11, 2층 (청담동)",청담 바른짐,127.04716866267,37.5222886972963,헬스장
6669,"서울특별시 강남구 압구정로79길 60, 3층 (청담동, 제일빌딩)",매드짐(MAD GYM),127.052218523592,37.5254289985913,헬스장
6670,"서울특별시 강남구 선릉로 703, HS TOWER 지하1층 (논현동)",머슬마인드 강남구청점,127.040753093301,37.5176931767639,헬스장
6671,"서울특별시 강남구 테헤란로87길 45, 3층 (삼성동, 보현빌딩)",1984PTstudio(461),127.057484037939,37.5106469463389,헬스장
6672,"서울특별시 강남구 남부순환로365길 39, 2층 (도곡동)",서프라이즈짐,127.039772467818,37.4880199717505,헬스장
6673,"서울특별시 강남구 테헤란로 501, 브이플렉스 지하층 (삼성동)",바벨피트니스 PT & 바렐필라테스 삼성점,127.056821251348,37.5073809450356,헬스장
6674,"서울특별시 강남구 선릉로 340, 대치 EM 프라자 지하1층층 (대치동)",휴메이크 휘트니스,127.051448351881,37.5002229368483,헬스장
6675,"서울특별시 강남구 테헤란로64길 14, 더 나인 오피스텔 2층 201,202호 (대치동)","펫버닝(201호,202호)",127.050983171007,37.5039867294795,헬스장
6676,"서울특별시 강남구 강남대로66길 8, B1층 (역삼동, 카이로스빌딩)",알파짐(ARPA GYM),127.03159725692,37.4917199961445,헬스장
6677,"서울특별시 강남구 언주로122길 35, 지하1,2층 (논현동)",하와이짐(462),127.03884847919,37.5118753161525,헬스장
6678,"서울특별시 강남구 선릉로148길 40, B1층 (청담동)",(주)제이브로짐,127.042780982772,37.5227399683978,헬스장
6679,"서울특별시 강남구 언주로172길 59, 3층 (신사동)",No.1 GYM(402),127.03865391702,37.5269728582599,헬스장
6680,"서울특별시 강남구 논현로87길 41, 신일유토빌 2층 201호 (역삼동)",바디트레인,127.033517432189,37.4988329157332,헬스장
6681,"서울특별시 강남구 테헤란로8길 30, 지하1층 (역삼동)",애니바디캔 크로스핏(403),127.031818479339,37.4968871215889,헬스장
6682,"서울특별시 강남구 도산대로81길 41, 지하1층 (청담동)",프라이멀짐(404),127.046540948005,37.5268513516178,헬스장
6683,"서울특별시 강남구 도산대로 226, 3층 (논현동)",바디스 20 EMS(406),127.031754953285,37.5204481429662,헬스장
6684,"서울특별시 강남구 언주로 731  (논현동,지상 3층)",나누리운동센터(176),127.033979290041,37.5203066071262,헬스장
6685,"서울특별시 강남구 선릉로157길 15, 지하1층 (신사동)",겟업(GET UP),127.038519985545,37.5259016106048,헬스장
6686,"서울특별시 강남구 압구정로80길 35, 5층 (청담동)",모즈메디짐(409),127.043814212044,37.5244045520548,헬스장
6687,"서울특별시 강남구 도곡로 510, 지하1층 (대치동)",대치동점 스포애니 (주)케이디헬스케어,127.062182304456,37.4990204274664,헬스장
6688,"서울특별시 강남구 역삼로 555, B102호 (대치동)",엑티브짐(416),127.063379187501,37.5049918372132,헬스장
6689,"서울특별시 강남구 남부순환로 2609  (도곡동,12층)",유나이티드스포츠센터(178),127.035096207425,37.4849629812617,헬스장
6690,서울특별시 강남구 압구정로 113  (압구정동),유휘트니스(123),127.018445606778,37.5244043008813,헬스장
6691,"서울특별시 강남구 봉은사로 327, 지하1층 (논현동, 궁도빌딩)",휴메이크 휘트니스(420),127.042653360305,37.5101865123901,헬스장
6692,"서울특별시 강남구 역삼로 414, 지하1층 (대치동)",유니핏 선릉점,127.052460284229,37.5008745498047,헬스장
6693,"서울특별시 강남구 테헤란로2길 27, 지하1,2층 (역삼동)",헬스보이짐 강남역점,127.029697867857,37.4964929427239,헬스장
6694,"서울특별시 강남구 강남대로78길 8 (역삼동,한국빌딩 지하2층)",강남역1호점 스포애니 주)케이디스포츠,127.030080389903,37.4946959681486,헬스장
6695,서울특별시 강남구 언주로30길 27 (도곡동),파프짐 도곡점,127.052589523324,37.4884226678469,헬스장
6696,서울특별시 강남구 삼성로103길 6 (삼성동),하프 앤 더블(319),127.054035580407,37.5105194602734,헬스장
6697,서울특별시 강남구 선릉로 823 (신사동),업투 압구정로데오역점,127.039342517747,37.5256355438421,헬스장
6698,"서울특별시 강남구 언주로 101  (개포동,2층)",투엑스휘트니스컨설팅(주),127.053277552472,37.4810773394702,헬스장
6699,서울특별시 강남구 헌릉로 569 (세곡동),팔로우짐,127.101226214382,37.4657580150675,헬스장
6700,"서울특별시 강남구 선릉로131길 8, 5층 502호 (논현동, 노벨빌딩)",루카(LK)스포츠,127.040276007202,37.5179752643562,헬스장
6701,"서울특별시 강남구 선릉로 340, 9층 (대치동, 대치 EM 프라자)",이엠핏&필라테스,127.051448351881,37.5002229368483,헬스장
6702,"서울특별시 강남구 학동로12길 43, 지하1층 (논현동)",건강한너,127.027704703746,37.5101230286607,헬스장
6703,"서울특별시 강남구 역삼로77길 23, 성도빌딩 2층 (대치동)",슈퍼코어,127.055935727133,37.503967639381,헬스장
6704,"서울특별시 강남구 도곡로 216  (도곡동,2층)",에스화인센터(194),127.042721975071,37.4926493098547,헬스장
6705,"서울특별시 강남구 도곡로3길 13  (역삼동,역삼르메이에르타운 지층)",프라이어강남점(195),127.032654126408,37.4910570178096,헬스장
6706,"서울특별시 강남구 봉은사로 640  (삼성동,에스빌딩 2층)",힐리언스코어운동센타(삼성점)(196),127.065315630352,37.5148497533346,헬스장
6707,"서울특별시 강남구 선릉로62길 29, B1층 (대치동)",The one gym 대치,127.054911551796,37.4979699436304,헬스장
6708,"서울특별시 강남구 선릉로 833, 태영빌딩 4층 (신사동)",킹핏(334),127.039902969159,37.5265110397406,헬스장
6709,"서울특별시 강남구 언주로30길 13 (도곡동, 대림아크로텔 2층)",더핏(335),127.050686658826,37.4881276085659,헬스장
6710,"서울특별시 강남구 도곡로 216  (도곡동,2층)",TDI-SSC스포츠클리닉(184),127.042721975071,37.4926493098547,헬스장
6711,서울특별시 강남구 삼성로63길 17 (대치동),헬스파르타클럽(369),127.058726203289,37.4995790178802,헬스장
6712,서울특별시 강남구 강남대로 546 (논현동),휴메이크 휘트니스,127.021874014059,37.5108312705415,헬스장
6713,"서울특별시 강남구 학동로6길 19, 논현1호주차장 (논현동)",바디스페이스(371),127.024602306929,37.5106817977624,헬스장
6714,서울특별시 강남구 도곡로 182 (도곡동),휴메이크 휘트니스,127.039298630516,37.4915603694977,헬스장
6715,"서울특별시 강남구 도산대로 165, 지하1층 (논현동, 신사힐빌딩)",알엑스메소드(375),127.026639983471,37.519489568865,헬스장
6716,"서울특별시 강남구 압구정로46길 5-2, 원일 3층 (신사동)",본 스토리,127.036869472402,37.5280407556239,헬스장
6717,"서울특별시 강남구 봉은사로 474, 지하1층 (삼성동)",삼성피트니스(217),127.052026639291,37.5123672407678,헬스장
6718,"서울특별시 강남구 압구정로30길 23  (신사동,지하3층)",W 헬스(218),127.029494234094,37.5258914152554,헬스장
6719,서울특별시 강남구 테헤란로 311 (역삼동),바디스페이스(219),127.044854487099,37.5037441420961,헬스장
6720,"서울특별시 강남구 강남대로 578 (논현동,성현빌딩 지하1층)",크로스핏 강남 논현(222),127.020845230694,37.5133737301937,헬스장
6721,"서울특별시 강남구 테헤란로26길 12  (역삼동,지하2층)",스타휘트니스(220),127.035856382455,37.4994465349977,헬스장
6722,"서울특별시 강남구 테헤란로 121, 원빌딩 지하2층 (역삼동)",싸다휘트니스,127.031062762603,37.4994161773038,헬스장
6723,"서울특별시 강남구 논현로 841 (신사동,미소빌딩 지하2층)",엠휘트니스,127.027758806248,37.5239684663137,헬스장
6724,"서울특별시 강남구 논현로94길 11, 4층 (역삼동)",피티 아지트(PT AZIT),127.037210126391,37.50255269467,헬스장
6725,"서울특별시 강남구 도산대로 447 (청담동,(2층))",U.N.D 퍼스널트레이닝,127.045061565922,37.5242526242411,헬스장
6726,"서울특별시 강남구 선릉로 719, 지하2층 (논현동)",더바른케어(367),127.040404675575,37.5189157777001,헬스장
6727,서울특별시 강남구 봉은사로 471 (삼성동),(주)마이다스(362),127.051239538093,37.5127262745682,헬스장
6728,"서울특별시 강남구 남부순환로 2927, B101,B102호 (대치동, 대치클래시아)",파프짐(365),127.060358414855,37.4936757916501,헬스장
6729,"서울특별시 강남구 삼성로96길 6, 지하1층 (삼성동, LG트윈텔1)",엠브이엠,127.056573576289,37.5084506467134,헬스장
6730,"서울특별시 강남구 삼성로51길 11, 지하1층 (대치동, 강남대학교카이로스빌딩)",에듀게이트,127.060603087334,37.49629417224,헬스장
6731,"서울특별시 강남구 도산대로85길 39, 지하1층 (청담동)",김성훈 골프아카데미,127.049491124593,37.5271468521262,헬스장
6732,서울특별시 강남구 논현로 523 (역삼동),MADFIT.PRO(366),127.035476310562,37.5030731984471,헬스장
6733,"서울특별시 강남구 삼성로 612, 지하1층 (삼성동)",바디셀프,127.05291833469,37.514378786536,헬스장
6734,"서울특별시 강남구 선릉로145길 5-12, 2층 (논현동, 상조빌딩)",반듯핏,127.039301614503,37.5207692428371,헬스장
6735,"서울특별시 강남구 논현로85길 59, 6층 (역삼동)",M PT 역삼점,127.033280422536,37.4976095062071,헬스장
6736,"서울특별시 강남구 압구정로8길 10, 지하1층 (신사동, BOGO빌딩)",Golden time studio,127.021309504024,37.5227715627471,헬스장
6737,"서울특별시 강남구 논현로105길 13 (역삼동, DY빌딩, 지하2층)",GYM609,127.033120725394,37.5057577973031,헬스장
6738,"서울특별시 강남구 강남대로146길 23, 3층 (논현동)",다이나믹,127.022011124811,37.5151575965614,헬스장
6739,"서울특별시 강남구 테헤란로43길 17, 4층 (역삼동)",골드짐24시(71),127.043661150546,37.5044034043625,헬스장
6740,"서울특별시 강남구 압구정로10길 13, B2층 (신사동)",젠틀짐(GENTLE GYM),127.022056763287,37.5226433029849,헬스장
6741,"서울특별시 강남구 논현로119길 23, B1층 (논현동)","블랙포스짐 24시 헬스, Pt",127.030818519106,37.5096647271682,헬스장
6742,"서울특별시 강남구 학동로6길 51, 지층 (논현동)",Awaken Strength,127.02666600617,37.5093314648599,헬스장
6743,"서울특별시 강남구 도산대로89길 25, 청맥빌딩 지하1층 (청담동)",에스핏 퍼스널 트레이닝,127.051295594944,37.5262104817512,헬스장
6744,"서울특별시 강남구 선릉로152길 34, 지하1층 (청담동)",주식회사 기븐,127.042398800599,37.5242516279542,헬스장
6745,"서울특별시 강남구 삼성로 150, 319호 (대치동, 한보미도맨션)",미도핏,127.068564672209,37.4956953356085,헬스장
6746,"서울특별시 강남구 선릉로 323, 6층 (역삼동)",Success Gym,127.051567399686,37.4983617666614,헬스장
6747,"서울특별시 강남구 선릉로86길 31, 롯데골드로즈2 2층 214호 (대치동)",로그짐 PT 선릉점,127.052043567109,37.5041662879426,헬스장
6748,"서울특별시 강남구 도곡로 191, 상운빌딩 3층 (역삼동)",CD BOXING FIT,127.040218323216,37.4924754833972,헬스장
6749,"서울특별시 강남구 일원로 115, 삼성생명 일원동 빌딩 B202호 (일원동)",(주)일원투엑스휘트니스,127.084459720088,37.4840224010593,헬스장
6750,"서울특별시 강남구 도산대로75길 26, 가당빌딩 (청담동)",JW Motion Science Lab.(정원 움직임 과학 연구소),127.045536345269,37.5259090248172,헬스장
6751,"서울특별시 강남구 압구정로32길 11, 캐럴라인타워 (신사동)",컴앤씨,127.030240853015,37.5269370195263,헬스장
6752,"서울특별시 강남구 선릉로90길 64, 201호 (대치동)",원픽,127.054386499316,37.5053095993117,헬스장
6753,"서울특별시 강남구 도산대로78길 23-1, 4층 (청담동)",S&R맞춤운동센터,127.046761965531,37.5222581348276,헬스장
6754,"서울특별시 강남구 논현로 406, 다영빌딩 1~2층 (역삼동)",애니타임피트니스 역삼점,127.039300440881,37.496526088671,헬스장
6755,"서울특별시 강남구 밤고개로 231, 훼미리타운 에이동 208호 (자곡동)",프라이빗 짐,127.107316682292,37.4738109169316,헬스장
6756,"서울특별시 강남구 압구정로22길 10, 양남빌딩 지하1층 (신사동)",슈퍼바디짐,127.025779921852,37.5250274124035,헬스장
6757,"서울특별시 강남구 선릉로 28, 일영빌딩 지하1층 (개포동)",쏘.핏,127.061341407851,37.4823218659331,헬스장
6758,"서울특별시 강남구 일원로 35, 남경빌딩 지하1층 (일원동)",라이트짐(LIGHT GYM),127.081185718726,37.4906385440651,헬스장
6759,"서울특별시 강남구 선릉로127길 10, GOOD 401호 (논현동)",AML(Athletic Movement Lab),127.0408502492,37.5155978595145,헬스장
6760,"서울특별시 강남구 도산대로25길 43, 3층 (신사동)",리얼핏짐,127.025825033156,37.5223249357055,헬스장
6761,"서울특별시 강남구 논현로113길 13, 지하1층 (논현동)",제로원짐 헬스&PT 언주역점,127.032076212723,37.5082845937128,헬스장
6762,"서울특별시 강남구 봉은사로 502, 지하1층 (삼성동)",에이블짐 삼성중앙역점,127.053851672121,37.5128826080616,헬스장
6763,"서울특별시 강남구 도곡로 175, 창림빌딩 B01호 (역삼동)",멸치탈출연구소,127.03855986743,37.4919384954051,헬스장
6764,"서울특별시 강남구 언주로133길 31, BOB빌딩 지하 1층 (논현동)",(주)앤트홀딩스/앤트짐(ANT GYM),127.032642620431,37.5157987238621,헬스장
6765,"서울특별시 강남구 남부순환로351길 14, 지하 1층 (도곡동)",블루아짐,127.034571699357,37.4857197125923,헬스장
6766,"서울특별시 강남구 도곡로 323, 다른빌딩 지하1층 (역삼동)",주식회사 데일리앤핏,127.051336283187,37.4960980886032,헬스장
6767,"서울특별시 강남구 일원로 47, 대청빌딩 지하1층 b2호 (일원동)",피티공간,127.081577022386,37.4897602428232,헬스장
6768,"서울특별시 강남구 테헤란로52길 6, 테헤란로오피스빌딩 지하1층 (역삼동)",하이랙스 선릉점,127.047116169573,37.5032097762995,헬스장
6769,"서울특별시 강남구 선릉로94길 3, 3층 (삼성동)",더진심 트레이닝센터,127.048784803848,37.5058764352011,헬스장
6770,"서울특별시 강남구 논현로159길 10, b1층 (신사동)",압구정 라이크짐 1호점,127.027338798625,37.5231163060183,헬스장
6771,"서울특별시 강남구 테헤란로25길 20, 역삼현대벤쳐텔 지하1층 (역삼동)",SUIT GYM(수트짐),127.03565182565,37.50163099585,헬스장
6772,"서울특별시 강남구 도산대로 208, 지하1층 (논현동)",핏커버리 도산2호점,127.029382873419,37.5197266029757,헬스장
6773,"서울특별시 강남구 광평로10길 15, 상가동 213호 (일원동, 상록수아파트)",케이든 헬스&PT,127.083445404216,37.482899384108,헬스장
6774,"서울특별시 강남구 압구정로34길 11, 압구정스퀘어 B103호 (신사동)",크라프트짐(KRAFT GYM),127.030974118804,37.52737633824,헬스장
6775,"서울특별시 강남구 논현로28길 42, B1층 (도곡동)",Gym moment,127.045488849838,37.4841859213298,헬스장
6776,"서울특별시 강남구 논현로136길 6, 3층 (논현동)",트웬티짐,127.030593674888,37.5157780086539,헬스장
6777,"서울특별시 강남구 압구정로29길 69, B1층 (압구정동, 현대아파트)",원스텝짐,127.025108957864,37.5310864337439,헬스장
6778,"서울특별시 강남구 테헤란로 141, B1, B2층 (역삼동)",팜시티 퍼포먼스센터,127.034661988546,37.5005328741212,헬스장
6779,"서울특별시 강남구 도곡로 184, 신호빌딩 B104,B105호 (도곡동)",슬릭부스트 도곡,127.039748870748,37.4917134802222,헬스장
6780,"서울특별시 강남구 언주로113길 16, 지하1층 (논현동)",범블리 PT 스튜디오,127.035964839491,37.5093589130056,헬스장
6781,"서울특별시 강남구 논현로26길 39, 지하1층 (도곡동)",리셋핏,127.045298427322,37.4837786485474,헬스장
6782,"서울특별시 강남구 테헤란로 443, 애플트리타워 지하1층 (삼성동)",리바이벌 피트니스,127.055596615858,37.5069494959122,헬스장
6783,"서울특별시 강남구 남부순환로 2732, 2층 (도곡동)",하이볼짐 헬스&PT,127.044864329262,37.4857901351878,헬스장
6784,"서울특별시 강남구 남부순환로351길 22-3, 2층 1호 (도곡동)",비비드짐,127.034316845262,37.4864642899749,헬스장
6785,"서울특별시 강남구 논현로 839, 서원식스 지하1층 (신사동)",압구정역점 스포애니 (주)케이디헬스케어,127.027941955388,37.5236610911879,헬스장
6786,"서울특별시 강남구 삼성로85길 19, 대치빌딩 지하2층 (대치동)",웰니스웍스 선릉,127.055726266544,37.5047182758352,헬스장
6787,"서울특별시 강남구 남부순환로365길 58, 성암빌딩 4층 (도곡동)",강PT,127.04017575355,37.4892111478251,헬스장
6788,"서울특별시 강남구 일원로 지하 121, 일원역 (일원동)",짐박스피트니스 일원역점,127.084451750048,37.4840735840284,헬스장
6789,"서울특별시 강남구 선릉로 410, 지하1층 (대치동)",뉴본 PT&PL 메디컬트레이닝센터,127.050719379661,37.5015687241818,헬스장
6790,"서울특별시 강남구 선릉로 803, 이니셜타워Ⅱ 지하2,3층 (신사동)",META GYM,127.038970230674,37.523930610552,헬스장
6791,"서울특별시 강남구 일원로9길 24, 지하층 (일원동)",엑스바디짐,127.083536271134,37.4897718482458,헬스장
6792,"서울특별시 강남구 논현로150길 4, 3층 (논현동)",SEQUENCE M.,127.028973733192,37.518881473001,헬스장
6793,"서울특별시 강남구 도곡로 516, 지하1층 4호 (대치동)",베럴짐 대치,127.062987853204,37.4991812807975,헬스장
6794,"서울특별시 강남구 압구정로71길 4, 미산빌딩 지하1층 (청담동)",(주)어뮤즈청담,127.045716712119,37.5269009583537,헬스장
6795,"서울특별시 강남구 논현로26길 8, B1층 (도곡동)",주식회사 바이스앤,127.043796290477,37.4819218756209,헬스장
6796,"서울특별시 강남구 언주로 201, 에스케이리더스뷰 B103호 (도곡동)",루틴 피트니스,127.048777977062,37.4884272763055,헬스장
6797,"서울특별시 강남구 강남대로94길 10, 지하1층 (역삼동)",네이키드짐,127.028227205943,37.4991963225538,헬스장
6798,"서울특별시 강남구 헌릉로571길 60-1, B1층 (세곡동)",책임Gym,127.098207768128,37.4675779911944,헬스장
6799,"서울특별시 강남구 도산대로37길 7, 지하1층 (신사동)",라이프스타일 짐(Life style GYM),127.031318606436,37.5214321546298,헬스장
6800,"서울특별시 강남구 학동로81길 5, 지하층 (청담동)",살롱드머슬,127.050770229487,37.5193752529313,헬스장
6801,"서울특별시 강서구 양천로57길 9-14, 401호 (가양동)",MAREE PT,126.851464062702,37.5638389666009,헬스장
6802,"서울특별시 강서구 강서로 490, 2층 (가양동, 일신건영휴먼빌아파트 상가동)",PT GROUND,126.841805662092,37.5690925562377,헬스장
6803,"서울특별시 강서구 공항대로41길 65, 그랜드종합상가 303호 (등촌동)",회복그리다,126.846120366466,37.5607934244622,헬스장
6804,"서울특별시 강서구 강서로 267, 9층 (내발산동, 송화프라자)",우장산역점 스포애니 (주)케이디헬스케어,126.835941270275,37.5496000614643,헬스장
6805,"서울특별시 강서구 방화동로 120 (방화동,63,158호)",그린헬스크럽,126.812275266689,37.5711378874026,헬스장
6806,"서울특별시 강서구 강서로 61, 5층 (화곡동, 영상빌딩)",하이짐 까치산점,126.845648213354,37.5330044048418,헬스장
6807,"서울특별시 강서구 강서로52길 83  (내발산동,1층, 2층)",태광 스포츠,126.842856725447,37.5575332858908,헬스장
6808,"서울특별시 강서구 공항대로41길 34, 5층 (등촌동, 플러스존)",등촌점 스포애니 (주)케이디헬스케어,126.84571196058,37.5592796685251,헬스장
6809,"서울특별시 강서구 강서로45길 9, 401호 (화곡동)",커브스 우장산클럽,126.835640361502,37.5477983683664,헬스장
6810,"서울특별시 강서구 양천로73가길 74, 당곡빌딩 5층 (염창동)",락 바디 짐,126.876178172454,37.5497772330074,헬스장
6811,"서울특별시 강서구 화곡로 292, B101~102호 (화곡동, 서광프리메라)",(주) 세이브피트니스 화곡,126.848722796198,37.5501868292157,헬스장
6812,"서울특별시 강서구 강서로 297, 3층 (내발산동)",미 앤 스포츠,126.835967816086,37.5524103091281,헬스장
6813,"서울특별시 강서구 곰달래로31가길 27, 2층 (화곡동, 신정초등학교내)",주) 스포웰,126.852593386106,37.5330611210515,헬스장
6814,"서울특별시 강서구 화곡로 191, 1층로비,B1~B2층 (화곡동)",화곡역점 스포애니 주)케이디스포츠,126.842277124123,37.5429376140488,헬스장
6815,"서울특별시 강서구 금낭화로 5  (방화동,5층)",체리휘트니스,126.811572352147,37.5657305309014,헬스장
6816,"서울특별시 강서구 화곡로 347, B202호 (화곡동, 그랜드아이파크)",베뉴지,126.85129237152,37.5548351849155,헬스장
6817,"서울특별시 강서구 양천로 470, 3층 315호 (등촌동, 그레이스힐)",리썸바디 필라니스,126.852482159998,37.562064740914,헬스장
6818,"서울특별시 강서구 방화동로 93, 지층 (방화동)",K-휘트니스1,126.812481320027,37.5688664481818,헬스장
6819,"서울특별시 강서구 화곡로25길 2, 503호 (화곡동, KBH빌딩)",슈퍼바디 짐,126.838497275306,37.5413831475011,헬스장
6820,서울특별시 강서구 곰달래로 236 (화곡동),삼성헬스프라자,126.85919774123,37.5317013710494,헬스장
6821,"서울특별시 관악구 신림로 148, 2층 (신림동)",조이풀 피티샵,126.933777719101,37.4723945221273,헬스장
6822,"서울특별시 강서구 방화대로 294, 10층 1001~1007호 (마곡동, 마곡더블유타워)",에이블짐 신방화역점,126.81705155434,37.5669962165931,헬스장
6823,"서울특별시 강서구 양천로 510, 현대프린스텔 비01호~비03호 (등촌동)",가양역점 스포애니 (주)케이디헬스케어,126.856339450696,37.5601170390069,헬스장
6824,"서울특별시 강서구 강서로74길 3, 202호 (가양동, 가양빌딩)",스카이 핏,126.8415131263,37.5678840200144,헬스장
6825,"서울특별시 강서구 강서로56가길 47, 5층 (등촌동, 동진빌딩)",짐더클래식,126.840099440935,37.5617021869591,헬스장
6826,"서울특별시 강서구 마곡서로 133, 704동 202호 (마곡동, 마곡엠밸리7단지)",더핏불,126.823838667719,37.5645561030039,헬스장
6827,"서울특별시 강서구 강서로17다길 24, 1층층 (화곡동)",헬스-라이프,126.842300101108,37.5336934812168,헬스장
6828,서울특별시 강서구 화곡로65길 62  (등촌동),강서구민올림픽체육센터,126.850583992337,37.5596698491317,헬스장
6829,서울특별시 강서구 공항대로 376 (화곡동),KBS 스포츠월드 헬스클럽,126.84719334651,37.5568482740514,헬스장
6830,서울특별시 강서구 등촌로 47 (화곡동),영헬스피아,126.863271547837,37.5341426431204,헬스장
6831,"서울특별시 강서구 금낭화로 135, 금강프라자빌딩 10층 (방화동)",방화역점 스포애니 (주)케이디헬스케어,126.812438073591,37.5774450106613,헬스장
6832,"서울특별시 강서구 양천로 583, A동 B107호 (염창동, 우림블루나인비즈니스센터)",라이프플러스 휘트니스 강서점,126.864347419732,37.5571161918617,헬스장
6833,"서울특별시 강서구 마곡중앙로 161-8, 두산더랜드파크 A-309~313호 (마곡동)",메이크바디 PT 마곡나루역점,126.827338682565,37.568851450649,헬스장
6834,"서울특별시 강서구 공항대로 637, 101동 106호 (염창동, 현대아이파크아파트)",단하나피티,126.875932640151,37.5475712417486,헬스장
6835,"서울특별시 강서구 방화동로 1, 2층 (방화동)",레몬트리짐,126.808044242886,37.5621635742806,헬스장
6836,"서울특별시 강서구 강서로 385, 901호 (마곡동, 우성에스비타워)",바디코드,126.838304106686,37.5600926354663,헬스장
6837,"서울특별시 강서구 월정로30길 55, 2층 (화곡동, 태영빌딩)",스타짐,126.838986870107,37.5349171634352,헬스장
6838,"서울특별시 강서구 강서로 27, 화곡심포니타워 8층 (화곡동)",랩스휘트니스 까치산,126.847206208517,37.5303651480517,헬스장
6839,"서울특별시 강서구 강서로 385, 우성에스비타워 705,706호 (마곡동)",피트니스 2.0,126.838304106686,37.5600926354663,헬스장
6840,"서울특별시 강서구 공항대로 212, 문영 퀸즈파크11차 317,318호 (마곡동)",쉐어짐,126.831007635455,37.5588248070734,헬스장
6841,"서울특별시 강서구 양천로30길 123-5, 2층 (마곡동)",GGpark,126.823275698958,37.5678042492348,헬스장
6842,"서울특별시 강서구 등촌로 233, 2층 (등촌동)",아이엔지 휘트니스,126.863713710438,37.5506117037104,헬스장
6843,"서울특별시 강서구 방화동로 93, 지층 (방화동)",K-휘트니스2,126.812481320027,37.5688664481818,헬스장
6844,"서울특별시 강서구 마곡중앙5로 81, 에스비타운 305,306호 (마곡동)",바디체크짐,126.818597219555,37.5671170824829,헬스장
6845,"서울특별시 강서구 마곡중앙5로 81, 702호 (마곡동, 에스비타운)",에스핏 피티 스튜디오,126.818597219555,37.5671170824829,헬스장
6846,"서울특별시 강서구 공항대로 621, 3층 (염창동)",슈퍼맨 짐,126.873852622489,37.5472344972859,헬스장
6847,"서울특별시 강서구 양천로69길 19, 세우빌딩 201호, 지층 (염창동)",TNT GYM,126.870760219916,37.5534274053442,헬스장
6848,"서울특별시 강서구 까치산로4길 3, 3층 303,304호 (화곡동)",바디채널 화곡점,126.844138758277,37.5424936410225,헬스장
6849,"서울특별시 강서구 강서로 392-11, B1층 (등촌동, 진성프라자)",AKA 크로스핏,126.839762028661,37.5607577561581,헬스장
6850,"서울특별시 강서구 수명로 68-27, 801호 (내발산동, 웨스트엔드문화센터)",에이블짐 수명산파크점,126.826675489517,37.552676073225,헬스장
6851,"서울특별시 강서구 화곡로 398, 점3층 B3호 (등촌동, 홈플러스 강서점 아놀드 홍코너)",아놀드홍 휘트니스 홈플러스 강서점,126.854819012937,37.5584699599397,헬스장
6852,"서울특별시 강서구 양천로 251  (마곡동,지상 2층)",마곡레포츠센터,126.832148803205,37.5731554994777,헬스장
6853,"서울특별시 강서구 방화대로 294, 604호 (마곡동, 마곡더블유타워)",Recover Fit,126.81705155434,37.5669962165931,헬스장
6854,"서울특별시 강서구 화곡로 154, B1층 (화곡동, 청산빌딩1)",크로스핏 팬덤,126.838937377558,37.5409897417689,헬스장
6855,"서울특별시 강서구 마곡중앙5로 87, 208호 (마곡동, 우성르보아투)",BREAK CALORIE,126.817773482836,37.5671827578116,헬스장
6856,"서울특별시 강서구 공항대로 290, 3층 307호 (내발산동, 순봉빌딩)",WON GYM,126.839771765415,37.5581136160559,헬스장
6857,"서울특별시 강서구 마곡중앙5로 87, 3층 309호 (마곡동, 우성르보아투)",커브스 마곡클럽,126.817773482836,37.5671827578116,헬스장
6858,"서울특별시 강서구 화곡로68길 102, B111호 (등촌동)",S 메디스포,126.859331594729,37.5569887781271,헬스장
6859,"서울특별시 강서구 강서로18길 14, 2층 (화곡동)",까치산역점 스포애니 (주)케이디헬스케어,126.846603753117,37.5335739106854,헬스장
6860,"서울특별시 강서구 곰달래로 101, 한빛 2층 (화곡동)",빌리브 피티 스튜디오,126.844018645943,37.530515772958,헬스장
6861,"서울특별시 강서구 강서로 360, 솔레드림 지하1층 비101호 (내발산동)",H피트니스 발산역점,126.838393605308,37.5576945764491,헬스장
6862,"서울특별시 강서구 강서로 231, B101호 (화곡동, 우장산역 해링턴 타워)",브이업짐 우장산점,126.836117683731,37.546244810291,헬스장
6863,"서울특별시 강서구 마곡중앙6로 16, 마곡지엠지타워 206,207,208호 (마곡동)",파인드짐,126.829006208171,37.5604015515818,헬스장
6864,"서울특별시 강서구 강서로 199, 3층 (화곡동)",밸런스 22,126.838060891221,37.5437173978584,헬스장
6865,"서울특별시 강서구 국회대로7길 213, B101호 (화곡동)",크로스핏 리치,126.849089393035,37.5285450250164,헬스장
6866,서울특별시 강서구 가로공원로76길 100 (화곡동),백제헬스크럽,126.83883535208,37.5328236634124,헬스장
6867,"서울특별시 강서구 화곡로63길 93, 지하1층 B1-01호~B1-03호 (등촌동, 신송타워)",오리진 휘트니스,126.847811653783,37.5585028516812,헬스장
6868,"서울특별시 강서구 강서로 43, B201호 (화곡동, 도양라비앙타워)",렛츠런 24hour 휘트니스,126.846531702129,37.5315215185769,헬스장
6869,"서울특별시 강서구 공항대로 271, 5층(504), 6층 (마곡동, 이천이프라자)",아크로짐 발산역점 24시 휘트니스,126.837818288246,37.5589663547183,헬스장
6870,"서울특별시 강서구 양천로 401, A213-4호 (가양동, 강서한강자이타워)",스포짐 가양점,126.847638315393,37.5657034766638,헬스장
6871,"서울특별시 강서구 강서로 505  (가양동,3층)",가양스포츠클럽,126.841429578672,37.5705593213224,헬스장
6872,"서울특별시 강서구 강서로13길 3, B2, 2층 (화곡동, 동진빌딩)",JY FITNESS,126.846047920456,37.5322957492562,헬스장
6873,서울특별시 강서구 곰달래로 261 (화곡동),바디앤짐,126.8620699203,37.5323372628609,헬스장
6874,"서울특별시 강서구 금낭화로 9 (방화동,용환빌딩 4층 401호)",솔 휘트니스 ＆ 스포츠크리닉,126.811603359943,37.5661373795288,헬스장
6875,"서울특별시 강서구 강서로54길 42 (등촌동,2층)",스카이 토탈 휘트니스 센타,126.841096965391,37.5588030473716,헬스장
6876,"서울특별시 강서구 허준로 139, 2층 (가양동, 강변아파트관리사무동)",가양헬스클럽,126.856278639847,37.564612123403,헬스장
6877,"서울특별시 강서구 곰달래로49길 17, 2층,3층일부호 (화곡동)",에코짐,126.857624885347,37.5325451643989,헬스장
6878,"서울특별시 강서구 허준로 198 (가양동,가양프라자 205호, 206호)",해피 휘트니스 클럽,126.860254088709,37.5612915907155,헬스장
6879,"서울특별시 강서구 강서로 191  (화곡동,3층)",라이프 휘트니스,126.838520714498,37.5432641044882,헬스장
6880,"서울특별시 강서구 화곡로 206, 3층 (화곡동)",헬스와 필라테스 화곡점,126.843620476759,37.5437035376111,헬스장
6881,"서울특별시 강서구 곰달래로25길 75, 2층 (화곡동)",ML GYM,126.84785419628,37.5339550295376,헬스장
6882,"서울특별시 강서구 공항대로 205, B101,B102호 (마곡동, 에스에이치빌딩)",아이언 바디,126.830443547958,37.5597767115477,헬스장
6883,"서울특별시 강서구 공항대로44길 11, 지하1층 (화곡동)",B-GYM,126.850897622159,37.5555757570285,헬스장
6884,"서울특별시 강서구 양천로 658, 201호 (염창동)",MK짐,126.86991587864,37.5523079799238,헬스장
6885,"서울특별시 강서구 공항대로 643, 양화빌딩 3층 (염창동)",ACTIVE 8,126.876390675955,37.5473222356816,헬스장
6886,"서울특별시 강서구 양천로 354, 옥천빌딩 7층 (가양동)",올웨이즈짐,126.841769076075,37.567873371197,헬스장
6887,"서울특별시 강서구 공항대로42길 54-6, B1층 (내발산동)",마운틴짐,126.842607912788,37.555727988023,헬스장
6888,"서울특별시 강서구 등촌로 169, 3층 (등촌동)",마음가짐 P.T 1:1 Studio,126.862007136039,37.5449813664711,헬스장
6889,"서울특별시 강서구 방화대로48길 40, B1층 (방화동, 방화2단지아파트)",크로스핏 라이노,126.820167898164,37.5742556295155,헬스장
6890,"서울특별시 강서구 양천로 38, 2층, 3층 (방화동)",우아짐,126.808170295368,37.5727257772919,헬스장
6891,"서울특별시 강서구 공항대로 212, 문영 퀸즈파크11차 B동 4층 405~407호 (마곡동)",바이브먼트,126.831007635455,37.5588248070734,헬스장
6892,"서울특별시 강서구 공항대로 649, 제성빌딩 지1층 (염창동)",크로스핏 코알라 염창,126.876977705085,37.5473527618794,헬스장
6893,"서울특별시 강서구 등촌로 81, The ZAHA B101호, B102호 (등촌동)",뉴웨이브 크로스핏,126.863190863085,37.5372476659721,헬스장
6894,"서울특별시 강서구 양천로51길 11, 신환빌딩 4층 (가양동)",GnC,126.8428348465,37.5682723137303,헬스장
6895,"서울특별시 강서구 화곡로21길 87, 해온빌딩 지층 (화곡동)",팀 051,126.835916380576,37.544692651418,헬스장
6896,"서울특별시 강서구 곰달래로 111, 3층 (화곡동)",뉴라인 PT 까치산점,126.845280332399,37.5306260031811,헬스장
6897,"서울특별시 강서구 곰달래로 198, 2층 (화곡동)",바디채널 화곡2호점,126.855018112279,37.5311726524005,헬스장
6898,"서울특별시 강서구 곰달래로53길 41, 202호 (화곡동, 재룡빌딩)",Gym Ma Ni,126.85879132648,37.5335150501615,헬스장
6899,"서울특별시 강서구 강서로 454, 웅진프라자 비02호,비03호 (등촌동)",고트,126.840976313968,37.5658868734437,헬스장
6900,"서울특별시 강서구 강서로 385, 우성에스비타워 907호 (마곡동)",바디킥짐,126.838304106686,37.5600926354663,헬스장
6901,"서울특별시 강서구 강서로47길 44, 지하1층 (내발산동)",프리원핏 발산점,126.833771602704,37.552999012574,헬스장
6902,"서울특별시 구로구 오류로 70, 새마을금고회관 4층 (오류동)",남스짐,126.840885013086,37.490768864775,헬스장
6903,"서울특별시 구로구 디지털로 306, 대륭포스트타워2차 구로동동 B130, B131호 (구로동)",휘트니스 피플 우먼 구로디지털단지점,126.897336395657,37.4859231683292,헬스장
6904,"서울특별시 구로구 오리로 1301, 성문빌딩 2층 (궁동)",베르 피티(Verre PT),126.828921218822,37.4975368111729,헬스장
6905,"서울특별시 구로구 디지털로 243, 지하이시티 지층 101호 (구로동)",에이펙스 피트니스 구로디지털점,126.892348937684,37.4819921356854,헬스장
6906,"서울특별시 구로구 새말로 85, B102호 (구로동)",필라트니스,126.889371344865,37.5053620384094,헬스장
6907,"서울특별시 구로구 경인로 619-3, 2층 213호 (신도림동, 신도림3차푸르지오아파트)",엠스트레이닝 2호점,126.884036662859,37.506883854568,헬스장
6908,"서울특별시 구로구 구일로10길 93, 사모아쇼핑센터 5층층 501호 (구로동)",해적짐 3호점,126.876938492422,37.4958697211019,헬스장
6909,"서울특별시 구로구 개봉로3길 6, 4층 (개봉동)",찐핏,126.855863018356,37.4865257835205,헬스장
6910,"서울특별시 구로구 구일로10길 49, 3층 303~304호 (구로동, 다원그린빌)",네스트짐 구일역점,126.874445893777,37.495744201061,헬스장
6911,"서울특별시 구로구 디지털로26길 5, 에이스하이엔드타워1차 1층 108호 (구로동)",크로스핏 503,126.893479312123,37.4816105919768,헬스장
6912,"서울특별시 구로구 경인로 193, 상임빌딩 5층 (오류동)",오렌지 휘트니스,126.842584579433,37.49576046373,헬스장
6913,"서울특별시 구로구 개봉로23가길 70, 3층 (개봉동)",지오필라테스앤헬스,126.859818382428,37.4948276444987,헬스장
6914,"서울특별시 구로구 디지털로33길 11, 에이스테크노타워8차 208호 (구로동)",EMS 바디발전소,126.895512679788,37.4857057781612,헬스장
6915,"서울특별시 구로구 오류로 20, 새롬스타빌 4층 403호 (천왕동)","PT, 여기요",126.839488895877,37.4864228613497,헬스장
6916,"서울특별시 구로구 디지털로32가길 1, 3층 (구로동)",러너스하이 피트니스 구로디지털,126.899390428421,37.4830317080834,헬스장
6917,"서울특별시 구로구 천왕로 106, 골드프라자 701,702호 (오류동)",HJS헬스스튜디오,126.838559499205,37.4860407392631,헬스장
6918,"서울특별시 구로구 경인로 397, 골든타워빌딩 4층 (고척동)",프리덤짐,126.863870881484,37.4976995650402,헬스장
6919,"서울특별시 구로구 연동로 320, 성공회대학교 미가엘관  지층 (항동)",멋GYM,126.826163535057,37.4875235978289,헬스장
6920,"서울특별시 구로구 서해안로 2118, 골든클래스 503,504호 (항동)",드라코짐,126.824776429202,37.4812105324231,헬스장
6921,"서울특별시 구로구 구일로10길 27, SK허브수 B동 2층 209호 (구로동)",그릿 PT&GYM,126.872266560677,37.4959404465654,헬스장
6922,"서울특별시 구로구 가마산로 265, 한솔로이젠트 208호 (구로동)",더 프라이빗 짐,126.889667210668,37.4961374596515,헬스장
6923,"서울특별시 구로구 시흥대로 557, 4층 401호 (구로동)",니나강짐 구디점,126.901044613333,37.4829872437692,헬스장
6924,"서울특별시 구로구 경인로23길 8 (오류동,4층)",해적짐,126.844061756641,37.4968070489532,헬스장
6925,"서울특별시 구로구 고척로 123, 4층 (개봉동)",팀엑스핏 고척,126.847672844757,37.5021739136226,헬스장
6926,"서울특별시 구로구 개봉로20길 78, 3층 (개봉동)",웅핏(Woong fit),126.858686334102,37.4932603468144,헬스장
6927,"서울특별시 구로구 경인로20가길 11, 아델리아 B1~B2층 (오류동)",팀 제이 짐,126.844399456832,37.4956483502265,헬스장
6928,"서울특별시 구로구 경인로3길 77, 세건빌딩 2층 201호 (온수동)",온바디짐,126.823542030769,37.4917369630033,헬스장
6929,"서울특별시 구로구 경인로 403, 원메디타운 A동 401,402호 (고척동)",원메디짐,126.864347749519,37.4979584319431,헬스장
6930,"서울특별시 구로구 고척로 228-6, 종만빌딩 지층 1호 (고척동)",4 in 1 PT,126.85824878572,37.5057871324878,헬스장
6931,"서울특별시 구로구 디지털로 300, 지밸리비즈플라자 판매B101호 (구로동)",짐박스피트니스 구로디지털단지점,126.896538036905,37.4849270383011,헬스장
6932,"서울특별시 구로구 새말로 102, 신도림포스빌 지하101-4호 (구로동)",리커버헬스&필라테스,126.891336035126,37.5055472165422,헬스장
6933,"서울특별시 구로구 디지털로31길 41, 이앤씨벤처드림타워6차 215호 (구로동)",벨로짐 PT전문 구로디지털점,126.892751304432,37.4851717992188,헬스장
6934,"서울특별시 구로구 경인로 393-7, 일이삼전자타운 2동 4층 4109,440,441,442,443호 (고척동)",지니핏 피티짐,126.86304887653,37.4974421887122,헬스장
6935,"서울특별시 구로구 경인로 662, 27층, 28층 (신도림동, 디큐브시티)","버핏그라운드 신도림, 팀버핏 신도림",126.888212953215,37.5081230677129,헬스장
6936,"서울특별시 구로구 가마산로 246, 대신빌딩 1층, 지하1층 (구로동)",헬린 구로구청점,126.888315077346,37.4946886322524,헬스장
6937,"서울특별시 구로구 공원로 63, 305호 (구로동, 희훈타워빌)",드라이다운핏,126.888854942576,37.5020041382799,헬스장
6938,"서울특별시 구로구 디지털로33길 11, 에이스테크노타워8차 비101호 (구로동)",F45 구로디지털단지,126.895512679788,37.4857057781612,헬스장
6939,"서울특별시 구로구 경인로 565, B102호 (구로동)",다가짐,126.879713872189,37.503639878923,헬스장
6940,"서울특별시 구로구 경인로 584, 2층 209호 (신도림동, 신도림팰러티움)",포에프 트레이닝,126.881697047054,37.5038211816766,헬스장
6941,"서울특별시 구로구 디지털로32나길 22, 지하1층 (구로동)",우리 크로스핏 구디,126.900756551498,37.4839940591296,헬스장
6942,"서울특별시 구로구 천왕로 106, 골드프라자 603층 (천왕동)",에이치 제이에스 퍼스널 트레이닝(HJS PT),126.838559499205,37.4860407392631,헬스장
6943,"서울특별시 구로구 경서로 11, 201호 (개봉동)",머슬96 짐(Muscle96 Gym) 개봉점,126.856502579275,37.4985617567135,헬스장
6944,"서울특별시 구로구 남부순환로97길 12, 진영빌딩 5층 (개봉동)",팀엑스핏 개봉,126.858684009816,37.4941938767318,헬스장
6945,"서울특별시 구로구 경인로 204, 지하1층 (오류동)",터치앤고 트레이닝 스튜디오,126.843891478732,37.4957072365586,헬스장
6946,서울특별시 송파구 삼전로 96 (삼전동),삼손헬스,127.090495948108,37.5067958275495,헬스장
6947,"서울특별시 송파구 송이로30길 19, 201호 (문정동, 형정빌딩)",채움 P.T,127.12989992815,37.4866243763878,헬스장
6948,"서울특별시 송파구 백제고분로22길 4-11, 지하1층 (삼전동)",The third Place,127.088646166863,37.5035154093716,헬스장
6949,"서울특별시 송파구 오금로35길 17, 지하상가5호 (오금동, 현대아파트)",한국체육대학교 PT SHOP,127.127363436377,37.5063971034072,헬스장
6950,"서울특별시 송파구 가락로 277, 지하1층 (방이동)",JB GYM,127.119525532299,37.5126289804541,헬스장
6951,"서울특별시 송파구 법원로 128, 문정역SKV1 B동 216-217호 (문정동)",F45 문정,127.120453991896,37.4868314347245,헬스장
6952,"서울특별시 송파구 석촌호수로 172, 정한빌딩 (삼전동)",블루베리짐,127.096065762069,37.5065204970574,헬스장
6953,"서울특별시 송파구 송이로14길 12, 삼원빌딩 5층 (가락동)",트루코치,127.118183389298,37.498999931312,헬스장
6954,"서울특별시 송파구 가락로 157, 지하1층 (송파동)",크리스탈 짐,127.113017905474,37.5033777458567,헬스장
6955,"서울특별시 송파구 송이로21길 44, 영민빌딩 3층 (가락동)",낭만헬스,127.122473130781,37.4993985817354,헬스장
6956,"서울특별시 송파구 백제고분로20길 13-8, 삼우빌딩 (잠실동)",피트니스 가이드,127.085983528198,37.5034755708113,헬스장
6957,"서울특별시 송파구 법원로4길 6, 문정아이파크 B102호 (문정동)",크로스핏 라곰트레이닝 문정,127.122103602934,37.4822689292335,헬스장
6958,"서울특별시 송파구 백제고분로7길 41, 지하1층, 지상3층 (잠실동, NS파인트리)",클래시 휘트니스 잠실점,127.083627305761,37.510973982447,헬스장
6959,"서울특별시 송파구 삼학사로 100, 그랜드빌딩 3층 301호 (석촌동)",아이디얼 필라테스,127.097509133661,37.5061702651501,헬스장
6960,"서울특별시 송파구 가락로 273, 102호 (방이동)",CLUB GYM,127.119331850428,37.512390770704,헬스장
6961,"서울특별시 송파구 마천로 13, 3층 301호 (방이동)",브이아이피짐(VIPGYM) 방이점,127.122489618662,37.5103218067739,헬스장
6962,"서울특별시 송파구 오금로 136, 청양빌딩 (송파동)",Move Gym,127.109939835993,37.5109546754847,헬스장
6963,"서울특별시 송파구 위례성대로18길 31-7, 에벤에셀빌딩 지하1층 (방이동)",테라피티 방이동점,127.125385161335,37.5095412021713,헬스장
6964,"서울특별시 송파구 백제고분로41길 18, 지하1층 (송파동)",코리아짐,127.107749674369,37.5076671270066,헬스장
6965,"서울특별시 송파구 오금로 404, 원일빌딩 402호 (가락동)",바른본 PT,127.135121781578,37.4975927810188,헬스장
6966,"서울특별시 송파구 가락로 116, 2층 (석촌동)",리투퍼 운동센터,127.108941713119,37.5014080132747,헬스장
6967,"서울특별시 송파구 위례광장로 200, 에스비트램스퀘어 10층 (장지동)",짐구석,127.142910913246,37.4812117770773,헬스장
6968,"서울특별시 송파구 법원로4길 10, 힐스테이트에코문정 2층 218,219,215호 (문정동)",더 메이트,127.122826416048,37.4826157890248,헬스장
6969,"서울특별시 송파구 가락로 54, 5층 (석촌동)",커브스 석촌클럽,127.102297968653,37.4993747072008,헬스장
6970,"서울특별시 송파구 송이로 91, 5층 (가락동)",(주)한국그룹운동개발원,127.120952430288,37.4980680114469,헬스장
6971,"서울특별시 송파구 중대로 60-13, 청기와빌딩 3층 (문정동)",위메이트핏,127.115581573153,37.491002199351,헬스장
6972,"서울특별시 송파구 백제고분로27길 11, 2층 (삼전동)",효 GYM,127.092804926725,37.5041830137461,헬스장
6973,"서울특별시 송파구 마천로 79, 장한빌딩 4층 (오금동)",트윈짐,127.12920802596,37.507478828335,헬스장
6974,"서울특별시 송파구 오금로31길 3, 우성빌딩 지하층 (방이동)",라이트짐,127.121154523531,37.5064714803482,헬스장
6975,"서울특별시 송파구 오금로 483, 거여정형외과 5층 (거여동)",박제성 운동케어 CHI & FIT 퍼스널 트레이닝,127.142856289385,37.494088768887,헬스장
6976,"서울특별시 송파구 올림픽로12길 23, 2층 (잠실동)",커브스 잠실클럽,127.083383767141,37.5095315566176,헬스장
6977,"서울특별시 송파구 법원로9길 26, 에이치비지니스파크 c동 지하층 112~119호 (문정동)",올바로 짐,127.116800417724,37.4841745170627,헬스장
6978,"서울특별시 송파구 새말로8길 30, 지하1층 (문정동)",테디피트니스 문정점,127.126649419787,37.4801330788098,헬스장
6979,"서울특별시 송파구 법원로 128, 문정역SKV1 A동 지하1층 101호 (문정동)",GYM ON,127.120453991896,37.4868314347245,헬스장
6980,"서울특별시 송파구 마천로 35, 태웅빌딩 지하1층 (방이동)",크로스핏 라곰트레이닝 방이,127.124872436196,37.5093225310059,헬스장
6981,"서울특별시 송파구 백제고분로21길 20, 지하1층 (삼전동)",크로스핏 라텔,127.090630781872,37.5055951351683,헬스장
6982,"서울특별시 송파구 오금로 400, 4층 402호 (가락동)",개롱 PT,127.134713236243,37.4978635493487,헬스장
6983,"서울특별시 송파구 위례광장로 188, 아이온스퀘어 (장지동)",더블에스휘트니스,127.142394775398,37.481085538274,헬스장
6984,"서울특별시 송파구 올림픽로 100, 효창타워 지하1층 (잠실동)",페인스톰 잠실,127.081689148468,37.5114162901687,헬스장
6985,"서울특별시 송파구 올림픽로 119, 잠실파인애플상가 5층 5비 11호 (잠실동)",가디언 오브 갤럭시 PT,127.084186279267,37.5120843432468,헬스장
6986,"서울특별시 송파구 송파대로28길 43, 송파KCC웰츠타워 2층 205호 (가락동)",바디러너스 주식회사,127.12212959012,37.4957322035314,헬스장
6987,"서울특별시 송파구 삼전로 91, 세형빌딩 지하1층 (잠실동)",유니핏,127.089594261944,37.5066557779398,헬스장
6988,"서울특별시 송파구 백제고분로 162, 대양빌딩 지하1층 (잠실동)",제이크짐,127.084715193777,37.5049982850135,헬스장
6989,"서울특별시 송파구 올림픽로35길 112, 장미아파트 비상가 2동 403호 (신천동)",배럴스트렝스,127.101917258808,37.5178866228576,헬스장
6990,"서울특별시 송파구 백제고분로 438, 3층 301호 (송파동)",바른PT스튜디오,127.112194332317,37.5097139452876,헬스장
6991,"서울특별시 송파구 위례성대로18길 31-20, MIK TOWER 지하1층 (방이동)",스포니스 방이점,127.12577799269,37.5090820833277,헬스장
6992,"서울특별시 송파구 거마로2길 3-4, 301호 (거여동)",민스맞춤운동센터,127.145421989406,37.4935710738219,헬스장
6993,"서울특별시 송파구 백제고분로48길 9, 산수빌딩 지하1층 (방이동)",피트니즈PT 방이점,127.114406084001,37.5115657297137,헬스장
6994,"서울특별시 송파구 가락로 94, 5층 (석촌동)",킹덤 휘트니스,127.106711740392,37.5007506928673,헬스장
6995,"서울특별시 송파구 백제고분로 142, 지층 02호 (잠실동)",엔터핏 잠실점,127.082593642383,37.5056484209846,헬스장
6996,"서울특별시 송파구 오금로 300, 김해빌딩 지하층 B101호 (가락동)",즐거워GYM,127.125670011631,37.503299100149,헬스장
6997,"서울특별시 송파구 오금로 185, 금천빌딩 지하1층 (방이동)",에이엔스포츠,127.114937034877,37.5090751093035,헬스장
6998,"서울특별시 송파구 오금로31길 16-6, 지하층 (방이동)",스틸짐,127.122265853425,37.5072441179941,헬스장
6999,"서울특별시 송파구 위례광장로 230, 제상가 2동 제2층 제비 201호 (장지동, 위례2차아이파크)",(주)굿리프트,127.143533445087,37.478619812243,헬스장
7000,"서울특별시 송파구 마천로45길 7, 2층 201호 (마천동)",비버스필라테스,127.149384933227,37.4967810990649,헬스장
7001,"서울특별시 송파구 오금로11길 11-8, 현대드림밸리 지하층 101~102호 (방이동)",짐팩피트니스 방이점,127.108747772156,37.5149817338907,헬스장
7002,"서울특별시 송파구 동남로4길 18, 2층 (문정동)",원피트니스(One fitness),127.1244072069,37.4885795273678,헬스장
7003,"서울특별시 송파구 중대로 126, 지하층 1호 (가락동)",리커버 피트니스 가락점,127.122247312503,37.4939995366148,헬스장
7004,"서울특별시 송파구 삼전로9길 8, 호수빌딩 4층 (잠실동)",모션퍼포먼스짐 PT 잠실새내점,127.0885691509,37.5063888624645,헬스장
7005,"서울특별시 송파구 가락로 168 (송파동, 부성빌딩)",짐스휘트니스,127.114087155439,37.5037842426424,헬스장
7006,서울특별시 송파구 오금로 307 (오금동),한성기업(주)르네상스휘트니스클럽,127.126673907784,37.5034739040838,헬스장
7007,서울특별시 송파구 동남로 110 (문정동),슈나이더 짐,127.123767341427,37.4898197150575,헬스장
7008,"서울특별시 송파구 가락로 171, 2층 (송파동)",H휘트니스,127.113993867811,37.5042410521594,헬스장
7009,"서울특별시 송파구 양산로 12, 세신거여훼미리타운 707, 708호 (거여동)",피티인거여,127.143590440057,37.489911262721,헬스장
7010,"서울특별시 송파구 백제고분로 122, A동 2층 (잠실동, 성현교회)",엘엑스 피트니스,127.080391938004,37.5062593796605,헬스장
7011,"서울특별시 송파구 송파대로 111, 하비오길 중앙로 202동 202, B01호 (문정동, 파크하비오)",파크하비오휘트니스&골프,127.124979804141,37.4796870553794,헬스장
7012,"서울특별시 송파구 송파대로 167, 지하층 G180호 (문정동, 문정역테라타워)",IGYM(아이짐),127.120933640924,37.4846614982049,헬스장
7013,"서울특별시 송파구 동남로 119 (가락동, 삼광빌딩)",문정1호점 스포애니 (주)케이디스포츠,127.124281497129,37.4907113524996,헬스장
7014,서울특별시 송파구 올림픽로 424 (방이동),재단법인국민체력센터,127.115517876627,37.5203396980951,헬스장
7015,"서울특별시 송파구 법원로 114 (문정동, 엠스테이트)",짐퍼스트 법조타운,127.12100938212,37.4860552797801,헬스장
7016,"서울특별시 송파구 송파대로 468 (송파동, 금남빌딩)",트레이닝타임,127.104980679046,37.5081136353814,헬스장
7017,서울특별시 송파구 백제고분로 460 (방이동),짐타임 송파나루역점,127.113331548837,37.5114786473939,헬스장
7018,서울특별시 송파구 삼학사로 30 (주)크레송 지하층 (석촌동),헬스토피아(WE),127.097065793035,37.4998858478392,헬스장
7019,"서울특별시 송파구 석촌호수로 160, 5층 (삼전동)",JUST 1 PERSONAL TRAINING,127.094781280361,37.5066902027774,헬스장
7020,서울특별시 송파구 풍성로 52 (풍납동),슈퍼스타 휘트니스,127.118097938009,37.5334814070449,헬스장
7021,"서울특별시 송파구 동남로18길 45 (가락동, 용진빌딩)",현민헬스클럽,127.134819333753,37.4928435624626,헬스장
7022,서울특별시 송파구 백제고분로 116 (잠실동),더 세이짐,127.079844485509,37.5064218417535,헬스장
7023,"서울특별시 송파구 올림픽로35길 112, 장미아파트 비상가 5층 (신천동)",카인드짐 24시 휘트니스 잠실점,127.101917258808,37.5178866228576,헬스장
7024,"서울특별시 송파구 마천로 2, 수미르빌 지하1층 (방이동)",쏠 트레이닝 센터(SOL Training Center),127.121234044404,37.5103253546176,헬스장
7025,"서울특별시 송파구 새말로 105 (문정동, 현석빌딩)",라이즈업 피티짐,127.125736105568,37.4828882566881,헬스장
7026,"서울특별시 송파구 거마로 14 (거여동, 청송빌딩)",Rock Body GYM,127.145339751174,37.4940228494892,헬스장
7027,"서울특별시 송파구 삼학사로 100, 3층 (석촌동, 그랜드빌딩)",아이디얼핏,127.097509133661,37.5061702651501,헬스장
7028,서울특별시 송파구 오금로35길 14 (오금동),더 웰짐,127.127219906423,37.5042601649539,헬스장
7029,"서울특별시 송파구 동남로 108, 지하1층 1호 (문정동, 모즈아울렛)",크로스핏 에이블 문정,127.123374305382,37.4896194718557,헬스장
7030,"서울특별시 송파구 위례성대로 52, 지하1층 (방이동)",Elite training center,127.118119692644,37.5151328417999,헬스장
7031,"서울특별시 송파구 새말로 62, 지하1층 B06호 (문정동, 송파 푸르지오시티)",(주) 위메이드핏 문정법조타운점,127.120842269438,37.4807917612963,헬스장
7032,"서울특별시 송파구 새말로 62, 송파 푸르지오시티 (문정동)",바디클락,127.120842269438,37.4807917612963,헬스장
7033,"서울특별시 송파구 석촌호수로 296, 대성빌딩 (송파동)",아미부트캠프,127.107771020245,37.5114222229466,헬스장
7034,"서울특별시 송파구 백제고분로41길 15, 덕원빌딩 (송파동)",피오,127.107689150889,37.5073421898532,헬스장
7035,"서울특별시 송파구 송파대로 562, 지하1층 (신천동, 한빛프라자,삼성웰리스아파트)",잠실피트니스,127.099502662936,37.5153235254771,헬스장
7036,"서울특별시 송파구 양재대로72길 18, 현대백조상가 2동 지하1층 101호 (오금동)",운동케어짐,127.128762671736,37.5090805794175,헬스장
7037,"서울특별시 송파구 백제고분로34길 3, 지하1층 (석촌동)",청우인터엠,127.098906869763,37.5021864801921,헬스장
7038,"서울특별시 송파구 오금로 204, 가동 3,4층 (송파동)",송파동점 스포애니 (주)케이디헬스케어,127.116144982187,37.5076180849028,헬스장
7039,"서울특별시 송파구 삼전로 100, 아카데미빌딩 2층 4-1호 (삼전동)",RESTART GYM,127.090682086454,37.5069630013895,헬스장
7040,"서울특별시 송파구 석촌호수로 156, 삼전동썬프라자 (삼전동)",젠틀브로스짐,127.094364003552,37.5067386505095,헬스장
7041,"서울특별시 송파구 삼학사로 81, 서울빌딩 (삼전동)",근육터짐 지방빠짐 2호점,127.0969075703,37.5044277660581,헬스장
7042,서울특별시 송파구 백제고분로7길 3 (잠실동),이모션 짐,127.079414760374,37.5105280094147,헬스장
7043,"서울특별시 송파구 백제고분로 364, 대준빌딩 (석촌동)",더랩스휘트니스석촌,127.106846702056,37.5045912862017,헬스장
7044,"서울특별시 송파구 동남로 234, 진넥스베르디엠 2층 (가락동)",핏퍼스트,127.133352250049,37.4973590886004,헬스장
7045,"서울특별시 송파구 새말로 177, MK빌딩 (문정동)",크로스핏 힙스터 (Crossfit Hipster),127.132157219215,37.4862886803897,헬스장
7046,"서울특별시 송파구 법원로 128, 문정에스케이브이원지엘메트로시티 (문정동)",엘엑스 피트니스 문정점,127.120453991896,37.4868314347245,헬스장
7047,서울특별시 송파구 올림픽로 120 (잠실동),H2GYM (에치치투짐),127.084072505762,37.5113900204382,헬스장
7048,"서울특별시 송파구 백제고분로 455, 성보빌딩 2층 (방이동)",DOUBLE S GYM,127.112505297459,37.5113241942823,헬스장
7049,"서울특별시 송파구 오금로 300, 김해빌딩 4층, 5층 (가락동)",바디웍,127.125670011631,37.503299100149,헬스장
7050,"서울특별시 송파구 올림픽로 106 (잠실동, 상록빌딩)",골든짐,127.082554280386,37.5113962270067,헬스장
7051,"서울특별시 송파구 오금로 507, 거여빌딩 5층 501호 (거여동)",커브스거여클럽,127.145182400016,37.4932343921124,헬스장
7052,"서울특별시 송파구 송파대로 422, 영빌딩 지하1층 (송파동)",몬스터P.T 뷰티필라테스,127.107853830498,37.5049872636509,헬스장
7053,"서울특별시 송파구 토성로 78 (풍납동, 정민빌딩)",짐퍼스트 휘트니스,127.118409964876,37.5280338232329,헬스장
7054,"서울특별시 송파구 위례성대로22길 18, 2층 (오금동)",이코리아PTGYM,127.13035617547,37.5086858136158,헬스장
7055,"서울특별시 송파구 석촌호수로 272, 지하1층 (송파동)",크로스핏 에이블,127.105927037774,37.5099799418237,헬스장
7056,서울특별시 송파구 백제고분로22길 4 (삼전동),더디젤,127.089185240922,37.503569063928,헬스장
7057,"서울특별시 송파구 삼학사로19길 38-1, 지하1층 (삼전동)",티엔슈튜디오,127.092984497915,37.5066248663562,헬스장
7058,"서울특별시 송파구 새말로8길 14, 건영아파트 상가 2층 (문정동)",flex gym,127.126389567724,37.4814511720735,헬스장
7059,"서울특별시 송파구 양재대로 1220, BNK 올림픽프라자 (방이동)",올림픽선수촌스포츠센타,127.133266146111,37.5153388210257,헬스장
7060,서울특별시 송파구 위례성대로 180 (오금동),에이투에프 송파,127.130972166064,37.510129171453,헬스장
7061,"서울특별시 송파구 위례성대로20길 27, 2층 (오금동)",튼튼해짐,127.1273800302,37.5089743184115,헬스장
7062,"서울특별시 송파구 중대로 68, 7층 (문정동)",GYM1ST(짐퍼스트),127.116437188825,37.4915653895479,헬스장
7063,"서울특별시 송파구 올림픽로35길 112, 장미아파트 비상가 1동 4층 1호 (신천동)",커브스잠실나루클럽,127.101917258808,37.5178866228576,헬스장
7064,"서울특별시 송파구 백제고분로41길 7-15, 굿피플오피스 송파 8층 (송파동)",파이널짐,127.107659180173,37.506397784088,헬스장
7065,"서울특별시 송파구 올림픽로37길 130, 파크리오A상가 305호 (신천동)",본앤머슬,127.104421421949,37.5208819816451,헬스장
7066,서울특별시 송파구 송파대로 406 (송파동),Dr.Line PT GYM,127.109121974761,37.5035793598135,헬스장
7067,서울특별시 송파구 중대로 105 (가락동),2K gym,127.120052549745,37.493586152986,헬스장
7068,"서울특별시 송파구 삼전로 46 (삼전동, 삼삼빌딩)",더 랩스 피트니스 삼전,127.087254746335,37.5030173784604,헬스장
7069,"서울특별시 송파구 중대로9길 41, 익수빌딩 4층 (가락동)",시너지 피티 앤 필라테스,127.118372709683,37.4967859701532,헬스장
7070,서울특별시 송파구 백제고분로 275 (석촌동),휴메이크 휘트니스,127.097338135134,37.5027783021727,헬스장
7071,"서울특별시 송파구 올림픽로 505 (풍납동, 유원빌딩)",V-GYM,127.118351594967,37.5273216401399,헬스장
7072,"서울특별시 송파구 올림픽로 145, 리센츠상가 5층 03호 (잠실동)",몸 PT,127.087041904838,37.5119804600106,헬스장
7073,"서울특별시 송파구 동남로 202 (가락동, 광성빌딩)",데일리 피트니스,127.131071157165,37.4953927630443,헬스장
7074,서울특별시 송파구 오금로24길 13 (송파동),라이트짐 송파점,127.11796886887,37.5056896593404,헬스장
7075,서울특별시 송파구 올림픽로47길 19 (풍납동),프리짐 휘트니스,127.116695589801,37.5283405185836,헬스장
7076,서울특별시 송파구 백제고분로31길 14 (삼전동),글로리짐,127.095613956636,37.5037923501544,헬스장
7077,서울특별시 송파구 동남로20길 25 (가락동),오웰,127.134738245245,37.4956070414678,헬스장
7078,"서울특별시 송파구 중대로 187 (가락동, 가락빌딩 2,3층)",Back Fituess,127.125613249301,37.4987826907499,헬스장
7079,"서울특별시 송파구 충민로 52, 지하1층 (문정동)",스포존,127.122746043108,37.4777176293094,헬스장
7080,"서울특별시 송파구 오금로 111, 지하1층층 (방이동)",마크짐,127.108249353562,37.512600208515,헬스장
7081,서울특별시 송파구 송이로 239 (문정동),퍼스트 휘트니스,127.131727143881,37.4880493688611,헬스장
7082,서울특별시 송파구 석촌호수로 100 (잠실동),바디플래너,127.087997061978,37.5079023473102,헬스장
7083,"서울특별시 송파구 올림픽로35길 93, B2층 (신천동, 더샵스타리버)",큐이디골프아카데미 잠실점,127.10439265685,37.5177732771804,헬스장
7084,"서울특별시 송파구 백제고분로7길 8-12 (잠실동, 승현빌딩)",다이나믹 짐,127.079724097941,37.50988439384,헬스장
7085,서울특별시 송파구 새말로 114 (문정동),콕스다이어트,127.126626946849,37.4826273644389,헬스장
7086,"서울특별시 송파구 백제고분로 202 (삼전동, 두레빌딩)",삼전W짐,127.089004805718,37.5038138229485,헬스장
7087,서울특별시 송파구 송파대로 405 (석촌동),마크짐휘트니스,127.108482563147,37.5032855903505,헬스장
7088,"서울특별시 송파구 올림픽로 145, 지층층 1-19호 (잠실동)",(주)잠실투엑스 휘트니스,127.087041904838,37.5119804600106,헬스장
7089,서울특별시 송파구 동남로4길 10 (문정동),정락신용협동조합,127.123896900777,37.489120758088,헬스장
7090,서울특별시 송파구 오금로 519 (거여동),더블짐휘트니스,127.14651816376,37.4930969613738,헬스장
7091,"서울특별시 송파구 석촌호수로 88, 4층 (잠실동, 대원빌딩)",휴메이크 휘트니스,127.086663272778,37.50850394306,헬스장
7092,"서울특별시 송파구 올림픽로 240 (잠실동, 롯데월드)",롯데호텔 휘트니스센터,127.098141751177,37.5113096112036,헬스장
7093,"서울특별시 송파구 석촌호수로 61, 상가동 B110호 (잠실동, 트리지움)",로그짐 잠실새내점,127.086224807954,37.5106960472158,헬스장
7094,"서울특별시 송파구 오금로32길 14, 101동 208-2호 (송파동, 송파삼성래미안아파트)",Refresh PT Gym,127.117804530879,37.5052537370259,헬스장
7095,"서울특별시 송파구 올림픽로35가길 9, B01호 (신천동, 잠실 푸르지오 월드마크)",MUTO FIT,127.103444795508,37.5174846188512,헬스장
7096,"서울특별시 송파구 올림픽로4길 48, 지하1층 (잠실동)",제임스짐JS점,127.074256049362,37.5065618089885,헬스장
7097,서울특별시 송파구 올림픽로 424 (방이동),올림픽헬스교실,127.115517876627,37.5203396980951,헬스장
7098,"서울특별시 송파구 중대로 24, 2층 (문정동)",커브스문정클럽,127.111059136873,37.488125746629,헬스장
7099,"서울특별시 송파구 백제고분로41길 43-5, 신천빌딩 2층 (송파동)",더드림 피트니스,127.105565349903,37.5091915264878,헬스장
7100,"서울특별시 송파구 올림픽로35가길 16 (신천동, 송파 FUN STADIUM)",(주)옵티멈,127.103006473255,37.5162517087896,헬스장
7101,"서울특별시 송파구 위례성대로 18, 금복빌딩 (방이동)",아이디얼바디(IDEAL BODY),127.114319548742,37.5164544783699,헬스장
7102,"서울특별시 송파구 백제고분로32길 17, 우진빌딩 지하1층 (삼전동)",서세환 짐,127.095097750693,37.5007298889007,헬스장
7103,"서울특별시 송파구 백제고분로 419, 유정빌딩 지하1, 지상2층 (송파동)",오하운 GYM,127.110686594807,37.5084489160985,헬스장
7104,서울특별시 송파구 올림픽로10길 16 (잠실동),Crossfit 피어스 배틀,127.081088024208,37.5101971951265,헬스장
7105,서울특별시 송파구 성내천로47길 38-1 (마천동),위례우일유치원부설 태권도,127.157784930749,37.4965451072588,헬스장
7106,"서울특별시 구로구 디지털로26길 38, G-Tower 지하1층 (구로동)",지핏 지타워피트니스(G-Fit G-Tower Fitness),126.895318461208,37.4798477003537,헬스장
7107,서울특별시 송파구 올림픽로 98 (잠실동),신천점 스포애니 (주)케이디헬스케어,127.081491553364,37.5114185890652,헬스장
7108,서울특별시 송파구 위례성대로18길 31-12 (방이동),BodyCafe,127.125391852502,37.5092815256802,헬스장
7109,"서울특별시 송파구 오금로 508 (거여동, 스타빌딩)",크로스핏거여 앤 탑스포츠클럽,127.145041801116,37.4928621788522,헬스장
7110,"서울특별시 송파구 양재대로71길 1-20, 3층 (방이동)",커브스오금클럽,127.125781167821,37.5093566159107,헬스장
7111,"서울특별시 송파구 올림픽로 74 (잠실동, 잠실월드메르디앙)",에이블짐 종합운동장역점,127.07883210332,37.511340114419,헬스장
7112,서울특별시 송파구 동남로4길 10 (문정동),문정2호점 스포애니 (주)케이디헬스케어,127.123896900777,37.489120758088,헬스장
7113,"서울특별시 송파구 오금로 410, 4층 (가락동)",스카이 휘트니스,127.135434067417,37.4974357385,헬스장
7114,"서울특별시 송파구 오금로 306, 지하1층 (가락동)",주식회사 세이브피트니스 오금,127.126114097948,37.5028743435851,헬스장
7115,"서울특별시 송파구 올림픽로 76, 12층 1201,1202호 (잠실동, J타워)",피트니스비엠,127.079181383259,37.5115603565131,헬스장
7116,"서울특별시 송파구 동남로 198, 3층 (가락동)",커브스가락클럽,127.130842870003,37.4950190985121,헬스장
7117,"서울특별시 송파구 백제고분로 501, 지하2층 (방이동)",카인드짐,127.114798987211,37.5150904350568,헬스장
7118,"서울특별시 송파구 위례성대로20길 23, 5층 (오금동)",바디웍,127.127535037506,37.5092731944313,헬스장
7119,"서울특별시 송파구 풍성로 65, 3층 301호 (풍납동)",풍납 헬스,127.119752025948,37.5336810248553,헬스장
7120,서울특별시 송파구 새말로8길 20 (문정동),엔씨휘트니스&골프,127.126436746242,37.4810674722131,헬스장
7121,"서울특별시 송파구 송파대로28길 27 (가락동, 송파성원쌍떼빌)",(주)잠실투엑스휘트니스,127.120132764747,37.4948121610825,헬스장
7122,서울특별시 송파구 백제고분로 101 (주)서일빌딩 1층 (잠실동),애니타임피트니스 잠실본동점,127.079728406387,37.5076610720883,헬스장
7123,"서울특별시 송파구 위례광장로 136, 4동 D-207~208호 (장지동, 위례아이파크)",제이에이치 피티짐 앤 필라테스(JH PTgym & Pilates),127.142374845651,37.4771958181254,헬스장
7124,"서울특별시 송파구 삼전로9길 5-2, 지하층 B01호 (잠실동)",와이낫짐,127.08864396725,37.5061507608539,헬스장
7125,"서울특별시 송파구 올림픽로34길 5-29, 보광스퀘어 2층 204호 (방이동)",피지컬액티브짐 방이2호점,127.112177066406,37.5166171814415,헬스장
7126,"서울특별시 송파구 위례순환로 478, 센트라포레 1101호 (장지동)",Body Atelier,127.134184877915,37.4775608508793,헬스장
7127,"서울특별시 송파구 올림픽로34길 5-23, 잠실파크웨이 지하1층, 지상2층 (방이동)",피지컬액티브짐,127.111793636499,37.5165606015761,헬스장
7128,"서울특별시 송파구 천호대로 992, 4층 (풍납동)",필짐,127.122360869903,37.5386990833272,헬스장
7129,"서울특별시 송파구 백제고분로 254, 5층 501, 502호 (삼전동)",리핏바디짐 삼전점,127.094530806907,37.5023285476201,헬스장
7130,"서울특별시 송파구 양재대로71길 30, 동호빌딩 201호 (방이동)",리부트짐(Reboot gym),127.123832126995,37.5113188094349,헬스장
7131,"서울특별시 송파구 위례광장로 188, 아이온스퀘어 219,220호 (장지동)",스케일짐,127.142394775398,37.481085538274,헬스장
7132,"서울특별시 송파구 송파대로22길 4, 해성빌딩 3층 (문정동)",바디소울PT 문정점,127.122373972466,37.4872823080564,헬스장
7133,"서울특별시 송파구 가락로 244, 동원빌딩 지하1층 (방이동)",Hell.s GYM,127.118177102688,37.5097919046242,헬스장
7134,"서울특별시 송파구 오금로 525, 지하1층 (거여동)",크로스핏 에이블 거여,127.147126611127,37.4930809781978,헬스장
7135,"서울특별시 송파구 오금로46길 66, 2층 (가락동)",와이피지오(WHY PHYSIO),127.131381214823,37.4928021153112,헬스장
7136,"서울특별시 송파구 백제고분로 121, 베네빌딩 A동 지하1층 (잠실동)",스피크 하이-퍼포먼스센터,127.080512316481,37.5067189002743,헬스장
7137,"서울특별시 송파구 문정로1길 27, 지하1층 (문정동)",트리플 PT STUDIO,127.123813730161,37.4886722337578,헬스장
7138,"서울특별시 송파구 백제고분로 265, 2층 (삼전동)",행콩짐,127.096005110223,37.5026988431754,헬스장
7139,"서울특별시 송파구 중대로23길 21, 혜천빌딩 3층 302호 (가락동)",프레임 체크 하우스,127.125370938819,37.5023894027568,헬스장
7140,"서울특별시 송파구 올림픽로10길 9, 진영빌딩 3층 (잠실동)",피티투그로우 PT,127.081240468854,37.5108040969638,헬스장
7141,"서울특별시 송파구 백제고분로 383, 성일빌딩 지하1층 (송파동)",크로스핏 샷,127.108098645497,37.5062143886807,헬스장
7142,"서울특별시 송파구 새말로 138, 지하1층 (문정동)",프리원핏 송파문정점,127.129266756951,37.4832219642725,헬스장
7143,"서울특별시 송파구 석촌호수로 148, 3층 (삼전동)",원모어렙 PT,127.093368755974,37.5069445100518,헬스장
7144,"서울특별시 송파구 석촌호수로 84, 지하1층 (잠실동)",(주)엠알티핏,127.086665176,37.5087805500559,헬스장
7145,"서울특별시 송파구 법원로4길 6, 문정아이파크 3층 (문정동)",리키PT STUDIO,127.122103602934,37.4822689292335,헬스장
7146,"서울특별시 송파구 올림픽로 119, 잠실파인애플상가 4층 (잠실동)",허니짐 김성권 P.T,127.084186279267,37.5120843432468,헬스장
7147,"서울특별시 송파구 법원로4길 5, 송파법조타운푸르지오 지하1층 B135호 (문정동)",테라피티,127.121873324034,37.482913928496,헬스장
7148,"서울특별시 송파구 석촌호수로 135, 레이크팰리스 3층 310호 (잠실동)",카이로 바른 척추교정,127.09238555868,37.5075719318771,헬스장
7149,"서울특별시 송파구 백제고분로11길 35, 3층 (잠실동)",PT클럽,127.083352243348,37.5084416337197,헬스장
7150,"서울특별시 송파구 백제고분로39길 23, 지층층 02호 (석촌동)",Teddy Fitness,127.103947458972,37.5062938890509,헬스장
7151,"서울특별시 송파구 토성로 59, 선일빌딩 2층 (풍납동)",제이핏 피티 앤 필라테스,127.116768838909,37.5291725208297,헬스장
7152,"서울특별시 송파구 백제고분로18길 10, 2층 (잠실동)",효 GYM,127.084489032702,37.5043252159355,헬스장
7153,"서울특별시 송파구 석촌호수로 114, 지하1층 (잠실동)",아머피티샵,127.089533661546,37.5075256538774,헬스장
7154,"서울특별시 송파구 삼전로13길 51, 유니크빌 지하1층 (잠실동)",트레이닝 메이트,127.084738678818,37.5076652426734,헬스장
7155,"서울특별시 송파구 송파대로 558, 월드타워빌딩 지하1층 (신천동)",F45 트레이닝 잠실,127.099711730295,37.5150948546972,헬스장
7156,"서울특별시 송파구 새말로 128, 지하1층 (문정동)",씨케이짐 PT & 헬스 문정점,127.128301887842,37.4828376548016,헬스장
7157,"서울특별시 송파구 오금로11길 43, 잠실 트리움 2층 202호 (방이동)",피지컬 액티브짐(3호점),127.111848762276,37.5159046190612,헬스장
7158,"서울특별시 송파구 위례송파로 123, 상가1동 105호 (거여동, 위례포레샤인 17단지)",피트니스 신,127.147803459446,37.4845655266198,헬스장
7159,"서울특별시 송파구 백제고분로7길 41, 402호 (잠실동, NS파인트리)",매직바디짐,127.083627305761,37.510973982447,헬스장
7160,"서울특별시 송파구 송이로 166, 지하101호호 (가락동, 가락우성2차아파트)",크로스핏하운드,127.125254461059,37.4923059180233,헬스장
7161,"서울특별시 송파구 송파대로38길 15, 지하1층 (송파동)",피티찬스,127.112278380873,37.5014905746616,헬스장
7162,"서울특별시 송파구 위례광장로 230, 2층 201호 (장지동, 위례2차아이파크)",제이에이치 PT,127.143533445087,37.478619812243,헬스장
7163,"서울특별시 송파구 송파대로37길 22-1, 3층 (석촌동)",929 P.T studio,127.109887658719,37.5010540330696,헬스장
7164,"서울특별시 송파구 동남로 238, 오성빌딩 5층 (가락동)",조이필라위드짐,127.133657123625,37.4976100346005,헬스장
7165,"서울특별시 송파구 백제고분로40길 4, 옥당빌딩 지하1층 (석촌동)",골드스타짐,127.105775606159,37.5040592155588,헬스장
7166,"서울특별시 송파구 백제고분로18길 10, 201호 (잠실동)",탄탄짐&필라테스,127.084489032702,37.5043252159355,헬스장
7167,"서울특별시 송파구 충민로2길 34, 북일PLAZA 104호 (장지동)",라이즈업 필라테스&PT,127.127496170789,37.4768338451182,헬스장
7168,"서울특별시 송파구 백제고분로7길 54, 2층 (잠실동)",모 핏 (MO Fit),127.084850098654,37.5106763196152,헬스장
7169,"서울특별시 송파구 위례성대로12길 34, 2층 (방이동)",더 피지컬PT,127.12113442529,37.5109716568683,헬스장
7170,"서울특별시 송파구 가락로 103, 엄마손백화점 4층 (석촌동)",엑셀휘트니스,127.107601343872,37.5014034753373,헬스장
7171,"서울특별시 송파구 양재대로 1222, 올림픽프라자 2층 32,33호 (방이동)",포지 피티 스튜디오,127.131063164753,37.5157276361757,헬스장
7172,"서울특별시 송파구 마천로5길 6, 가송빌딩 7층 (오금동)",루아짐,127.12683868961,37.5088902065429,헬스장
7173,"서울특별시 송파구 위례성대로 38, 2층 203호 (방이동, 해태그린피아빌라트)",윔 보행운동센터,127.116497173629,37.5156925346572,헬스장
7174,"서울특별시 송파구 오금로36길 37, 2층 (가락동)",슬림 앤 벌크,127.12377594682,37.5005843888228,헬스장
7175,"서울특별시 송파구 송파대로 404-1, 지하1층 (송파동)",단단,127.109231517243,37.5034697864456,헬스장
7176,"서울특별시 송파구 가락로 151, 지하1층 (송파동)",앵글짐&프리모필라테스,127.112114846464,37.5030008149164,헬스장
7177,"서울특별시 송파구 새말로8길 25, 지하1층 (문정동)",라이즈업 피트니스 우먼,127.126956607546,37.480403231907,헬스장
7178,"서울특별시 송파구 오금로 247, 지하1층 101호 (방이동)",머슐랭 가이드,127.120876340354,37.5063567070468,헬스장
7179,"서울특별시 송파구 마천로 250, 4층 (거여동)",GM FITNESS,127.144698156308,37.4989585365381,헬스장
7180,"서울특별시 송파구 법원로 114, 엠스테이트 지하1층 149, 150호 (문정동)",슬릭부스트,127.12100938212,37.4860552797801,헬스장
7181,"서울특별시 송파구 오금로 198, 수정빌딩 2층 (송파동)",지트짐,127.115810191226,37.5079764727789,헬스장
7182,"서울특별시 송파구 마천로 83, 제이에스빌딩 2층 (오금동)",짐엑스 방이역점,127.129505766584,37.5073821849131,헬스장
7183,"서울특별시 송파구 양산로 40, 지하1층, 지상7층 2층 201호 (거여동)",AR휘트니스,127.144392411159,37.492403370911,헬스장
7184,"서울특별시 송파구 백제고분로 490, 거보산업(주) 지하1층 (방이동)",뽀종월드,127.114817090579,37.5139126257688,헬스장
7185,"서울특별시 송파구 백제고분로 276, 공익빌딩 3층 2호 (석촌동)",(주) 더랩스휘트니스 석촌고분,127.097258552535,37.5021081097948,헬스장
7186,"서울특별시 송파구 송파대로 437, 덕일빌딩 (석촌동)",오늘부터 PT & 필라테스,127.106325433287,37.505623046794,헬스장
7187,"서울특별시 송파구 가락로 110, 3층 (석촌동)",AZTPT(아지트피티),127.108231722488,37.5012506295365,헬스장
7188,"서울특별시 송파구 양산로4길 9, 2층 (거여동)",엠브이엠 거여역점,127.144368173223,37.4900916876026,헬스장
7189,"서울특별시 송파구 백제고분로41길 33, 티에스티빌딩 지하1층 (송파동)",THE JUNG FIT,127.106340928586,37.5085737329248,헬스장
7190,"서울특별시 송파구 백제고분로 128, H타워 지하1층 (잠실동)",하이 피트니스,127.081001925378,37.5060910156297,헬스장
7191,"서울특별시 송파구 송파대로 345, B동 2층 92호 (가락동, 헬리오시티)",헬리오 GYM,127.102531804188,37.4976145695004,헬스장
7192,"서울특별시 송파구 정의로7길 13, 힐스테이트에코송파 1층 114호 (문정동)",나홀로짐에,127.115119595215,37.4852878303815,헬스장
7193,"서울특별시 송파구 송이로 31, 지하1층 (송파동)",팀에이치오씨,127.117224965503,37.5025429191305,헬스장
7194,"서울특별시 송파구 오금로32길 30, 2층 (송파동)",어나더 필라테스 라운지,127.119025975571,37.5037526096939,헬스장
7195,"서울특별시 송파구 올림픽로35길 93, B106, B126호 (신천동, 더샵스타리버)",에임트레이닝랩 잠실점,127.10439265685,37.5177732771804,헬스장
7196,"서울특별시 송파구 법원로 90, 파트너스2 B103, 104호 (문정동)",매일 피트니스,127.121346815589,37.4833517296847,헬스장
7197,"서울특별시 송파구 마천로 315, 지하1~20호 (마천동, 현대그린빌)",데일리 피트니스&필라테스,127.151061447823,37.4950016428817,헬스장
7198,"서울특별시 송파구 법원로4길 10, 힐스테이트에코문정 207호 (문정동)",스튜디오 정색,127.122826416048,37.4826157890248,헬스장
7199,"서울특별시 송파구 법원로 128, 문정에스케이브이원지엘메트로시티 지하1층 102호 (문정동)",스트롱피플 PT 문정법조타운점,127.120453991896,37.4868314347245,헬스장
7200,"서울특별시 송파구 새말로 138, 지하1층 (문정동)",P-BOY MMA (피보이 엠엠에이),127.129266756951,37.4832219642725,헬스장
7201,"서울특별시 송파구 백제고분로7길 53, AW TOWER B1층 (잠실동)",발란아워 GYM&PT,127.084866762872,37.5109093974347,헬스장
7202,"서울특별시 송파구 법원로11길 11, 문정현대지식산업센터1-1 A동 지하2층 201~203호 (문정동)",어트루짐,127.118322322397,37.4846302643031,헬스장
7203,"서울특별시 송파구 백제고분로39길 24, 정훈빌딩 지하1층 (석촌동)",저항운동연구소(Weight Training Lab),127.104205017908,37.5063985390802,헬스장
7204,"서울특별시 송파구 석촌호수로 82, 지하1층 (잠실동)",디와이핏 DYFIT,127.086463159272,37.5089636020136,헬스장
7205,"서울특별시 송파구 백제고분로19길 4, 뜨레피움2차 지1층 비01호 (잠실동)",엠알티핏 잠실점,127.086777987501,37.5051091430001,헬스장
7206,"서울특별시 송파구 가락로 209, 사이언스빌딩 4층 (송파동)",V therapy 안티에이징센터,127.116148519048,37.5071999252324,헬스장
7207,"서울특별시 송파구 올림픽로35길 10, 제비동 2층 207호 (신천동, 파크리오)",로그짐 올림픽공원점,127.113265160573,37.5203136784994,헬스장
7208,"서울특별시 송파구 송파대로 451, 지층 (석촌동)",크로스핏 라곰트레이닝 석촌,127.105511182242,37.5065460454027,헬스장
7209,"서울특별시 송파구 석촌호수로 134, 4층 (삼전동)",지금부터 핏,127.091877352413,37.5070750637579,헬스장
7210,"서울특별시 송파구 송이로 194, 레미안빌딩 6층 (문정동)",락 바디짐,127.127346226095,37.49046995263,헬스장
7211,"서울특별시 구로구 고척로 230, 2층 (고척동)",옐로우 팩토리,126.85852096132,37.5059345027204,헬스장
7212,"서울특별시 송파구 마천로8길 21, 지하1층 (오금동)",코드엠 트레이닝,127.128589351923,37.5066143589608,헬스장
7213,"서울특별시 송파구 가락로 205, 송림빌딩 1층 (송파동)",애니타임피트니스 송파동점,127.115854799861,37.5067625056488,헬스장
7214,"서울특별시 송파구 가락로 144, 송파 린 3층 (송파동)",에스바디짐,127.111874878868,37.5024065591495,헬스장
7215,"서울특별시 송파구 석촌호수로 298, 2층 2호 (송파동, 잠실대우레이크월드)",어썸핏,127.10815851038,37.5115694532177,헬스장
7216,"서울특별시 송파구 석촌호수로 146, 지하1층 (삼전동)",테라피티,127.093152370722,37.5068334969018,헬스장
7217,"서울특별시 송파구 중대로9길 30, 다보빌딩 (가락동)",리웰짐,127.118793108964,37.4958265171815,헬스장
7218,"서울특별시 송파구 법원로4길 5, 송파법조타운푸르지오 (문정동)",스파인랩,127.121873324034,37.482913928496,헬스장
7219,"서울특별시 송파구 가락로 241, ING파크뷰 2층 (방이동)",피크닉짐,127.117762271053,37.5098142133215,헬스장
7220,서울특별시 송파구 새말로10길 5 (문정동),아미쿠스짐,127.127514462002,37.4824088164427,헬스장
7221,"서울특별시 송파구 석촌호수로 106, 한경빌딩 3층 (잠실동)",프로닉(PRONIC),127.088655956552,37.507681649089,헬스장
7222,"서울특별시 송파구 송파대로30길 39, 종원빌딩 3층 (가락동)",위스테이 휘트니스,127.121148235378,37.4961401984833,헬스장
7223,"서울특별시 송파구 백제고분로41길 25, 지하1층 (송파동)",근본 PT 스튜디오,127.106929511608,37.508017011539,헬스장
7224,"서울특별시 송파구 위례광장로 290, B-15호 (장지동, 위례중앙푸르지오2단지)",피티스튜디오 건강한 사람들,127.142846458508,37.4749701169654,헬스장
7225,"서울특별시 송파구 가락로 78, B1층 (석촌동)",빌리버짐 석촌헬리오시티점,127.104900510278,37.5001258458779,헬스장
7226,"서울특별시 송파구 백제고분로 433, 장학학원 5층 (송파동)",모어핏 PT&Pilates,127.11137905773,37.5095486617601,헬스장
7227,"서울특별시 송파구 올림픽로 108, 맥스빌딩 10층 (잠실동)",머스트무브짐 PT&Pilates 잠실새내 4호점,127.082765031389,37.5114261730629,헬스장
7228,"서울특별시 송파구 올림픽로32길 22-13, 지층 2호 (방이동)",테디피트니스 방이점,127.10884310222,37.5136414934581,헬스장
7229,"서울특별시 송파구 삼학사로19길 30, 이현빌딩 2층 (삼전동)",아이디얼 핏,127.0937959173,37.5063880714845,헬스장
7230,"서울특별시 송파구 송파대로 167, 문정역테라타워 B1층 G154호 (문정동)",로하핏 스튜디오,127.120933640924,37.4846614982049,헬스장
7231,"서울특별시 송파구 송파대로 145, 문정 오벨리스크 (문정동)",문정법조타운점 스포애니 (주)케이디스포츠,127.123013623398,37.4834277630334,헬스장
7232,"서울특별시 송파구 오금로15길 5, 송파빌딩 지하1층 (방이동)",피티바이패스,127.109057021122,37.5122612287456,헬스장
7233,"서울특별시 송파구 올림픽로 145, 리센츠 2층 A54호 (잠실동)",원핏,127.087041904838,37.5119804600106,헬스장
7234,"서울특별시 송파구 위례광장로 199, 성희프라자 308호 (장지동)",온스바디,127.142760998646,37.4816895827721,헬스장
7235,"서울특별시 송파구 동남로4길 18, 2층 (문정동)",피트니즈 문정점,127.1244072069,37.4885795273678,헬스장
7236,"서울특별시 송파구 백제고분로15길 44, 지하1층 (잠실동)",집나온홈짐,127.084861439577,37.5093044422599,헬스장
7237,"서울특별시 송파구 새말로 134, 지하1층 (문정동)",라이트짐,127.128833865415,37.4829769123873,헬스장
7238,"서울특별시 송파구 송파대로 410, 지하1층 (송파동)",케어바이아터스PT,127.108752885848,37.5040057855066,헬스장
7239,"서울특별시 송파구 백제고분로 377, 301호 (송파동)",세로GYM,127.107512026536,37.5058376733418,헬스장
7240,"서울특별시 송파구 가락로 134, 지하1층 (송파동)",아워피티스튜디오,127.11080481143,37.5020377050145,헬스장
7241,"서울특별시 송파구 백제고분로 204, 에스엔씨빌딩 (삼전동)",GREEN DAY GYM,127.089234537921,37.5037486871523,헬스장
7242,"서울특별시 송파구 올림픽로37길 130, 파크리오상가 A동 5층 11호 (신천동)",로그짐 잠실나루점,127.104421421949,37.5208819816451,헬스장
7243,"서울특별시 송파구 동남로 286, 영재사관학원 3층 (오금동)",플랜비휘트니스,127.13743924294,37.5009819430204,헬스장
7244,"서울특별시 송파구 올림픽로 240, 롯데월드 6층 6층 (잠실동)",헬스보이짐 잠실점,127.098141751177,37.5113096112036,헬스장
7245,"서울특별시 송파구 올림픽로12길 17, 지하 1층 (잠실동)",스포니스 잠실새내점,127.08330002464,37.5101012306694,헬스장
7246,"서울특별시 송파구 백제고분로45길 34, 동방빌딩 3층 (송파동)",리핏바디짐,127.108018582125,37.5106957875782,헬스장
7247,"서울특별시 송파구 가락로 214, 창우빌딩 202호 (송파동)",REFLEX(리플렉스),127.116637709048,37.5072923367808,헬스장
7248,"서울특별시 송파구 올림픽로 108, 맥스빌딩 10층 (잠실동)",머스트무브짐,127.082765031389,37.5114261730629,헬스장
7249,"서울특별시 송파구 가락로11길 8, 영신빌딩 지층 (석촌동)",헬스 Boy,127.104862114003,37.5010541860792,헬스장
7250,"서울특별시 송파구 백제고분로50길 4, 3층 (방이동)",리라이프짐,127.115269508655,37.514264657693,헬스장
7251,"서울특별시 송파구 백제고분로 176, 지하1층 (잠실동)",위스테이 휘트니스 삼전점,127.086139017992,37.5046432504216,헬스장
7252,"서울특별시 송파구 송파대로37길 4-27, 2층 (석촌동)",이볼브 트레이닝,127.110171741462,37.5010525070623,헬스장
7253,"서울특별시 송파구 송파대로 345, 상가A동 4019호 (가락동, 헬리오시티)",리바이브 PT,127.102531804188,37.4976145695004,헬스장
7254,"서울특별시 송파구 중대로 56, 2층 (문정동)",스포메드짐,127.115120725808,37.4911824002089,헬스장
7255,"서울특별시 송파구 백제고분로 490, 거보산업(주) 지하1층 (방이동)",강 PT,127.114817090579,37.5139126257688,헬스장
7256,"서울특별시 송파구 올림픽로35가길 11, 지하1층 (신천동, 한신잠실코아)",에이블짐 잠실역점,127.104060465697,37.5163298028991,헬스장
7257,"서울특별시 송파구 마천로 57, 3층 (오금동)",포우먼핏,127.127199443402,37.5083306553951,헬스장
7258,"서울특별시 송파구 올림픽로35길 125, 삼성SDS 지하2층 (신천동)",주식회사 에스에이치피 코퍼레이션,127.100467802271,37.516297774308,헬스장
7259,"서울특별시 송파구 중대로 68, 훼미리 샤르망 3층 (문정동)",코드엠 트레이닝 그라운드 가락점,127.116437188825,37.4915653895479,헬스장
7260,"서울특별시 송파구 양산로 38, 지하1층 (거여동)",탈로스 역도 전문 체육관,127.144294543134,37.4921394054625,헬스장
7261,"서울특별시 송파구 삼학사로18길 3-27, 평강빌딩 202호 (석촌동)",리빌드짐,127.097621216876,37.5056508333631,헬스장
7262,"서울특별시 송파구 동남로 215, BPL빌딩 2층 (가락동)",랄랄랄 퍼스널트레이닝,127.131552744714,37.4965998462497,헬스장
7263,"서울특별시 송파구 백제고분로 386, 지하층 1호 (송파동)",랜디네짐,127.108956819714,37.5058889682158,헬스장
7264,"서울특별시 송파구 백제고분로 170, 2층 (잠실동)",삼전역점 스마트 (주)케이디헬스케어,127.085573133637,37.5047870116288,헬스장
7265,"서울특별시 송파구 가락로 275, 303호 (방이동)",파트너짐,127.11941833233,37.512503939469,헬스장
7266,"서울특별시 송파구 거마로2길 3-5, 지하1층 (거여동)",제로짐,127.145166720723,37.4936633805126,헬스장
7267,"서울특별시 송파구 법원로 128, 문정역SKV1 C동 지하1층 133호 (문정동)",단단스포츠,127.120453991896,37.4868314347245,헬스장
7268,"서울특별시 송파구 법원로 114, 엠스테이트 지하1층 151호 (문정동)",오아시스 GYM,127.12100938212,37.4860552797801,헬스장
7269,"서울특별시 송파구 백제고분로27길 11, 2층 (삼전동)",아크짐,127.092804926725,37.5041830137461,헬스장
7270,"서울특별시 구로구 경인로67길 67-25, 1층 (신도림동)",로키크로스핏,126.88824577112,37.5115246598316,헬스장
7271,"서울특별시 구로구 서해안로 2108, 아이온타워2 5층 501,502,503,504호 (항동)",혁짐,126.823997084272,37.4806382251407,헬스장
7272,"서울특별시 구로구 도림로 31-1, B1호 (구로동)",남구로PT,126.888023951065,37.4873018107558,헬스장
7273,"서울특별시 구로구 디지털로32가길 18, 지하1층 (구로동, H.K TOWER)",(주)리조트휘트니스 PT 구로디지털단지점,126.898447709523,37.4826911313086,헬스장
7274,"서울특별시 구로구 도림천로 446, 101동 B101호 (구로동,예성유토피아)",IXU 웰니스 짐,126.898472399133,37.4859189241409,헬스장
7275,"서울특별시 구로구 개봉로 72, 3층 (개봉동)",라인팩토리,126.856325030026,37.4920105958203,헬스장
7276,"서울특별시 구로구 경인로 240, 예성라온팰리스 101동 2층 (오류동)",다짐 오류점,126.847564779889,37.4974753918896,헬스장
7277,"서울특별시 구로구 경인로 565 (구로동,B01)",제이짐 휘트니스클럽,126.879713872189,37.503639878923,헬스장
7278,서울특별시 구로구 개봉로3길 9 (개봉동),뉴욕휘트니스,126.855789032801,37.4861927709787,헬스장
7279,"서울특별시 구로구 새말로 97, 14층 (구로동, 신도림테크노마트)",영자피트니스 신도림,126.890227293528,37.5070438414784,헬스장
7280,"서울특별시 구로구 가마산로 280, 상가301,302호 (구로동, 구로2차순영웰라이빌)",바운드짐,126.891564274155,37.4960795695469,헬스장
7281,"서울특별시 구로구 안양천로539길 11, 고척지점 (고척동)",제니스 스포츠클럽,126.870256358487,37.5047167522809,헬스장
7282,"서울특별시 구로구 중앙로14길 31 (고척동,신성빌딩 5층)",로망 휘트니스,126.863104491675,37.5076133389724,헬스장
7283,"서울특별시 구로구 고척로 149, 상암빌딩 3층,4층 (고척동)",고척점 스포애니 (주)케이디헬스케어,126.850139541298,37.5031210514888,헬스장
7284,"서울특별시 구로구 중앙로14길 15-1, 4층,5층 (고척동)",리커버리 휘트니스,126.861730619846,37.5070184274417,헬스장
7285,"서울특별시 구로구 구일로 110, 602호 (구로동, 해원리버파크)",에버핏,126.87200783297,37.4950748401596,헬스장
7286,"서울특별시 구로구 부일로1길 30, 2층 (온수동)",조아짐,126.820441580495,37.4923947111819,헬스장
7287,"서울특별시 구로구 구로중앙로 215, 7층 (구로동)",아프로 휘트니스,126.877135134148,37.5049174628463,헬스장
7288,서울특별시 구로구 개봉로 71 (개봉동),아이캔짐,126.855574487587,37.4920938346959,헬스장
7289,"서울특별시 구로구 구로동로5길 2, 오봉빌딩 3, 4층 (가리봉동)",동양휘트니스,126.885750717271,37.485043510919,헬스장
7290,"서울특별시 구로구 경인로 368, 3층 (개봉동, 삼성디지털플라자)",해적짐 2호점,126.8609473327,37.4963835746364,헬스장
7291,서울특별시 구로구 구로중앙로 58  (구로동),헬스라이프,126.889479924649,37.4948460523508,헬스장
7292,"서울특별시 구로구 구로중앙로 134, 2층 (구로동, 나인스에비뉴)",함서Gym 휘트니스 구로역점,126.884098218095,37.4999880723052,헬스장
7293,"서울특별시 구로구 경인로65길 44 (신도림동,보미프라자 지하1층)",백본 휘트니스,126.8852006074,37.509594942391,헬스장
7294,"서울특별시 구로구 중앙로1길 18-18 (고척동,신원프라자  지층)",신원 건강랜드,126.86358074399,37.4992309400309,헬스장
7295,"서울특별시 구로구 구일로8길 6 (구로동,근상프리즘팰리스 지하1층)",웰브릿지 스포츠,126.872427757189,37.4939815627221,헬스장
7296,"서울특별시 구로구 디지털로32가길 13, 2층,3층 (구로동)",머슬마인드 구로디지털 본점,126.899051675315,37.4826214603234,헬스장
7297,"서울특별시 구로구 경인로59길 8, 3층 303호 (신도림동, 태영프라자)",PMF(피티마스터필),126.883427027522,37.5063918465946,헬스장
7298,"서울특별시 구로구 오류로8길 57, 6층 (오류동, 대성빌딩)",DOB휘트니스,126.843404613067,37.492424136688,헬스장
7299,"서울특별시 구로구 디지털로32다길 16, B01호 (구로동)",머슬마인드짐,126.899672450385,37.4822405021026,헬스장
7300,"서울특별시 구로구 구로중앙로 68, 지층 B01,09호 (구로동, 신안타워)",랩스 휘트니스 구로구청점,126.888807280468,37.495860314768,헬스장
7301,"서울특별시 구로구 디지털로 273, B층 101호 (구로동, 에이스트윈타워2차)",구로디지털점 스포애니 주)케이디스포츠,126.894103271526,37.4839543151881,헬스장
7302,"서울특별시 구로구 디지털로33길 50, 벽산디지털밸리7차 2층 201, 202호 (구로동)",메이드짐,126.894018381151,37.4875407911229,헬스장
7303,"서울특별시 구로구 구로중앙로 134, 지층 라 88호 외 46호 (구로동, 신구로자이나인스에비뉴)",크로스핏 잭팟,126.884098218095,37.4999880723052,헬스장
7304,"서울특별시 구로구 오리로 1141, 3층 301호 (오류동, 네이처힐)",데일리짐,126.838837793701,37.4859727327486,헬스장
7305,"서울특별시 구로구 신도림로19길 7, 5층 509~511호 (신도림동, 성광빌딩)",엠스트레이닝,126.884470304555,37.5112029731186,헬스장
7306,"서울특별시 구로구 개봉로20길 6, 상가1동 3층 303호 (개봉동, 현대아파트1단지)",즐거운피티샵(개봉점),126.859308079005,37.4928802334449,헬스장
7307,"서울특별시 구로구 공원로 47, B1호 (구로동,두산베어스타워)",카프리짐 플래티넘 구로,126.889643966622,37.5010207998508,헬스장
7308,"서울특별시 구로구 중앙로10길 7, 3층 (고척동, 고척프라자)",리얼바디짐 고척점,126.862614065124,37.5034895022417,헬스장
7309,"서울특별시 구로구 경인로 572, 스타팰리스 301~307호 (구로동)",오버탑휘트니스 헬스 PT & 골프 필라테스 구로점,126.881083869229,37.5033062723055,헬스장
7310,"서울특별시 구로구 경인로 176, 3층  301~304 및 306호 (오류동, 시티월드)",리얼바디짐 오류점,126.841018680923,37.4943907298586,헬스장
7311,"서울특별시 구로구 시흥대로 551 (구로동,광희빌딩 B2)",주식회사 바운드 구로디지털점,126.900246298277,37.4825399425928,헬스장
7312,"서울특별시 구로구 중앙로 91-16, 지층 (고척동)",나홀로짐에 고척점,126.859666480085,37.505601776666,헬스장
7313,"서울특별시 구로구 경인로47길 76, 알앤디타워 지하1호 (고척동)",진트짐,126.864526127173,37.5021926414741,헬스장
7314,"서울특별시 구로구 개봉로20길 6, 상가2동 4층 (개봉동, 현대아파트1단지)",엔짐 개봉점,126.859308079005,37.4928802334449,헬스장
7315,"서울특별시 구로구 구로중앙로 174 (구로동, 구로역)",온리유휘트니스,126.881491595821,37.5024345090279,헬스장
7316,"서울특별시 구로구 고척로 233, 텐타워빌딩 3층 (고척동)",LIGHT FIT,126.858868564946,37.5064475900729,헬스장
7317,"서울특별시 구로구 경인로3길 93, 4층 (온수동)",채워짐,126.822953426072,37.4914659607036,헬스장
7318,"서울특별시 구로구 개봉로 56, 지층 (개봉동)",렉시짐,126.856345223758,37.4906772205495,헬스장
7319,"서울특별시 구로구 디지털로26길 61, 에이스하이엔드타워2차 3층 304호 (구로동)",PK GYM,126.895303784633,37.4811291019439,헬스장
7320,"서울특별시 구로구 디지털로29길 38, 에이스테크노타워Ⅲ B103, 104호호 (구로동)",(주)인스타짐 구로디지털단지역점,126.89331047608,37.4844975405616,헬스장
7321,서울특별시 구로구 개봉로19길 39 (개봉동),피타짐 개봉점 24시 헬스PT,126.855813787742,37.4935498831581,헬스장
7322,"서울특별시 관악구 신림로67길 9, 3층 (신림동)",폴인핏 신림점,126.928812032161,37.4860376883057,헬스장
7323,"서울특별시 구로구 가마산로 291, 지하2층 (구로동, 케이티텔레캅빌딩 )",함서Gym 휘트니스,126.892219821837,37.497337343411,헬스장
7324,"서울특별시 구로구 신도림로 16, 대림2차 상가동 2층 (신도림동, 신도림대림1,2차아파트)",피투사 FIT USA 신도림점 여성전용,126.88219103785,37.5051228166042,헬스장
7325,"서울특별시 구로구 고척로27길 107 (개봉동,3층)",워너비짐,126.845160396874,37.5064896127073,헬스장
7326,"서울특별시 구로구 공원로 63, 지하3층층 301호 (구로동, 희훈타워빌)",붐파크휘트니스,126.888854942576,37.5020041382799,헬스장
7327,"서울특별시 구로구 구일로8길 63, B1호 (구로동, 구로한신아파트)",STAY GYM,126.87362950335,37.4965752295641,헬스장
7328,"서울특별시 구로구 경인로 661, 신도림1차푸르지오 (신도림동)",피티시모,126.887986372819,37.5096619486431,헬스장
7329,"서울특별시 구로구 천왕로 36, 천왕센타프라자 407, 408호 (천왕동)",남스짐 천왕점,126.83937984931,37.4808996260751,헬스장
7330,"서울특별시 구로구 경인로 319, 대림프라자 (개봉동)",체육시설신규신고(비스트짐),126.855572608384,37.497650067091,헬스장
7331,"서울특별시 구로구 경인로 661, 신도림1차푸르지오 5층 501b, 501d호 (신도림동)",주식회사 어반필드,126.887986372819,37.5096619486431,헬스장
7332,"서울특별시 구로구 디지털로 288, 대륭포스트타워1차 B109호 (구로동)",FIT PLE,126.895502765348,37.4835695693308,헬스장
7333,"서울특별시 구로구 오류로8길 16, 세명프라자 301,302호 (오류동)",에버핏,126.841521063759,37.4909827176637,헬스장
7334,"서울특별시 구로구 고척로6길 58-1, 2층 (오류동)",지금부터핏 오류점,126.841945941394,37.4961634418514,헬스장
7335,"서울특별시 구로구 디지털로32나길 38, 서림빌딩 3~4층 (구로동)",에이블짐 구로디지털단지역점,126.901198477768,37.4845445851058,헬스장
7336,"서울특별시 구로구 경서로 12, 대상빌딩 지층 (고척동)",킹짐5호점,126.857000065849,37.4984351379687,헬스장
7337,"서울특별시 구로구 중앙로1길 36, 2001아울렛 3동 4층 (고척동)",짐라이트 고척점,126.862677366638,37.4980725516017,헬스장
7338,"서울특별시 구로구 개봉로23가길 31, 금정빌딩 3층 (개봉동)",조은핏,126.858080217287,37.495298237053,헬스장
7339,서울특별시 금천구 가산로 85 (독산동),그린헬스,126.894556374788,37.4736193366473,헬스장
7340,"서울특별시 금천구 시흥대로 362, 지하층 101호 (독산동, 림스빌딩)",슬림한 바디,126.898024774301,37.4658572030965,헬스장
7341,"서울특별시 금천구 디지털로12길 15, B층 201호 (가산동, 비즈트위트바이올렛5차)",벽계수 스파,126.889839590415,37.4781685545737,헬스장
7342,"서울특별시 금천구 가산디지털1로 131, B동 2층 217호 (가산동, BYC HIGHCITY)",스포플렉스(가산점),126.881982164294,37.4770829103065,헬스장
7343,서울특별시 금천구 독산로 281 (독산동),신협헬스장,126.902920668427,37.4718116903818,헬스장
7344,서울특별시 금천구 시흥대로 215 (시흥동),G.X휘트니스센터,126.900840098308,37.4529344020191,헬스장
7345,"서울특별시 금천구 한내로 62, 상가동 4010호 (독산동, 한신아파트)",퍼펙트짐,126.888877618767,37.4553912730949,헬스장
7346,"서울특별시 금천구 시흥대로 202 (시흥동,지하1층)",디지피트니스(DGFIT)&골프,126.902116324348,37.4519657055732,헬스장
7347,"서울특별시 금천구 벚꽃로 278, 비127호 (가산동, SJ테크노빌)",헬스보이짐&골프인 가산역점,126.884634912937,37.4794931161957,헬스장
7348,서울특별시 금천구 독산로 217 (독산동),퍼플짐앤요가,126.901601602577,37.4661443243598,헬스장
7349,"서울특별시 금천구 시흥대로 399 (독산동,시티렉스 3층)",1981골프앤휘트니스,126.897001948519,37.4693591753013,헬스장
7350,"서울특별시 금천구 남부순환로 1372, 현경빌딩 (독산동)",주식회사 더랩스휘트니스 독산,126.903472790688,37.4794589203551,헬스장
7351,"서울특별시 금천구 금하로 720, 4층 402호 (시흥동, 에벤에셀프라자)",시흥동점 스포애니 (주)케이디헬스케어,126.909481684032,37.4504425566682,헬스장
7352,서울특별시 금천구 가산디지털2로 30 (가산동),RSM 휘트니스,126.88367659064,37.4712746104622,헬스장
7353,서울특별시 금천구 시흥대로 392 (독산동),바디채널핏 독산점,126.898315040215,37.4684562386027,헬스장
7354,"서울특별시 금천구 남부순환로 1428, 6층 (독산동, 지오프라자)",난곡점 스포애니 (주)케이디헬스케어,126.909452351605,37.4805802743813,헬스장
7355,"서울특별시 금천구 시흥대로153길 99 (가산동,신평대일타운 6층)",렛츠핏 가산점,126.893363692133,37.4757727604356,헬스장
7356,서울특별시 금천구 독산로 123 (시흥동),브이,126.905070932986,37.4582258288751,헬스장
7357,"서울특별시 금천구 가산로 116, 2층 (가산동)",중앙헬스클럽,126.893144797604,37.4761071074728,헬스장
7358,"서울특별시 금천구 벚꽃로 298, 대륭포스트타워6차 B1층 112호 (가산동)",피티플레이스,126.883871693415,37.4814401689835,헬스장
7359,"서울특별시 금천구 범안로 1130, 디지털엠파이어빌딩 15층 1501호 (가산동)",주식회사 인스타짐 독산역점,126.887672228018,37.4655215598001,헬스장
7360,"서울특별시 금천구 벚꽃로 298, 대륭포스트타워6차 305호 (가산동)",멋을채움 피트니스,126.883871693415,37.4814401689835,헬스장
7361,"서울특별시 금천구 범안로11길 78, 지하1층 (독산동)",더블에스 휘트니스,126.890528202386,37.4701185832764,헬스장
7362,"서울특별시 금천구 탑골로 5, 그레이스빌딩 지하층 (시흥동)",프로바디핏,126.910076371835,37.4511007503903,헬스장
7363,"서울특별시 금천구 시흥대로 426, 영진빌딩 지2층 (독산동)",크로스핏 모브,126.89877216735,37.4715689911066,헬스장
7364,"서울특별시 금천구 시흥대로73길 67, 엠메디컬타워 지하1층 (시흥동)",지7 워크아웃(휘트니스),126.895747370219,37.4559425553098,헬스장
7365,"서울특별시 금천구 시흥대로149길 63, 2층 (독산동)",VIP GYM,126.894719507429,37.4746658246506,헬스장
7366,"서울특별시 금천구 독산로64길 15, 나무빌딩 4층 (독산동)",짐웨이 독산점,126.903435360244,37.4652295989557,헬스장
7367,"서울특별시 금천구 가산디지털1로 168, 우림라이온스밸리 C동 101B호 (가산동)",자연스럽게,126.88263620024,37.479966429878,헬스장
7368,"서울특별시 금천구 가산디지털2로 98, IT캐슬 (가산동)",머슬컴퍼니,126.881057813165,37.4772339836706,헬스장
7369,"서울특별시 금천구 시흥대로 278, BK 힐타운 B동 1층 108호 (독산동)",에펠짐,126.899490734851,37.4585335956346,헬스장
7370,"서울특별시 금천구 시흥대로115길 13, 수아주신독산 B101호 (독산동)",바디다짐,126.896904462737,37.4679083732211,헬스장
7371,"서울특별시 금천구 금하로 793, 상가에이동 306호 (시흥동, 벽산아파트)",일루고짐,126.918245309403,37.4522125872144,헬스장
7372,"서울특별시 금천구 범안로 1174, 지1층 (독산동)",커스텀PT,126.892154388311,37.4663921474407,헬스장
7373,"서울특별시 금천구 시흥대로 172, 서우빌딩 3층 (시흥동)",Just crew(저스트 크루),126.903048444843,37.4494615667668,헬스장
7374,"서울특별시 금천구 벚꽃로 286, 삼성리더스타워 F1,B127호 (가산동)",스포애니 가산디지털단지역점,126.884121140151,37.4803938924495,헬스장
7375,"서울특별시 금천구 벚꽃로 254, 월드메르디앙벤처센타 101호 (가산동)",에프45 가산,126.88549272849,37.4777630224027,헬스장
7376,"서울특별시 금천구 독산로 87, 유명빌딩 3층 (시흥동)",리버스짐 금천점,126.905657370349,37.4551227611782,헬스장
7377,"서울특별시 금천구 디지털로 178, 퍼블릭가산 B동 지1,2층 E-B101,M-B147,E-B201호 (가산동)",버핏그라운드 가산,126.887331650246,37.4764394057239,헬스장
7378,"서울특별시 금천구 시흥대로 310, 5층 501호 (독산동)",짐스터 독산점 헬스PT,126.898433961687,37.4612690652268,헬스장
7379,"서울특별시 금천구 디지털로9길 68, 대륭포스트타워 5차 지하1층 104~105호 (가산동)",리메이크짐,126.886418278694,37.4810758439164,헬스장
7380,"서울특별시 금천구 독산로 167, 1층 (시흥동)",택짐피티샵,126.904201230958,37.4621830920515,헬스장
7381,"서울특별시 금천구 벚꽃로 30, 205동 B118, B119, B120호 (독산동, 금천 롯데캐슬 골드파크 2차)",오운스테이지,126.893710403536,37.4582229148592,헬스장
7382,"서울특별시 금천구 시흥대로 291, west동 244호 (독산동, 금천롯데캐슬골드파크3차)",퍼펙트 P.T,126.896699156299,37.4599560487863,헬스장
7383,"서울특별시 금천구 시흥대로 189, 인피니움타워 311~316호 (시흥동)",프리미엄 데이원 휘트니스,126.901462451125,37.4506395014617,헬스장
7384,"서울특별시 금천구 시흥대로123길 47, 주원블레어시티 102동,101동 B01,B02호,B03,B04호 (독산동)",엔짐 독산점,126.895572172131,37.4713932124864,헬스장
7385,"서울특별시 금천구 벚꽃로36길 30, 3층 308호 (가산동)",마이서킷,126.885102981454,37.480670830247,헬스장
7386,"서울특별시 금천구 가산디지털1로 168, 우림라이온스밸리 B동 지1층 126-1호 (가산동)",우리크로스핏 지엘짐 가산,126.88263620024,37.479966429878,헬스장
7387,"서울특별시 금천구 가산디지털1로 24, 대륭테크노타운13차 3층 (가산동)",빌드업피트니스PT 독산점,126.887662358171,37.4684160473591,헬스장
7388,"서울특별시 금천구 벚꽃로 180, 메종에떼르넬 101동 제지층 01호 (독산동)",평화체육관(Pyeonghwa gym),126.888047058448,37.4709808679905,헬스장
7389,"서울특별시 금천구 디지털로11길 34, 이레빌딩 지하1층 (가산동)",Total Strength GYM,126.887922187973,37.4800352635648,헬스장
7390,"서울특별시 금천구 가산디지털1로 131, BYC HIGHCITY 223호 (가산동)",비트 16 가산점,126.881982164294,37.4770829103065,헬스장
7391,"서울특별시 금천구 벚꽃로 30, 2동 지하1층 B102호 (독산동, 금천롯데캐슬골드파크2차)",ONE PT,126.893710403536,37.4582229148592,헬스장
7392,"서울특별시 금천구 시흥대로153길 95, 지하1층 (가산동)",일루고짐,126.893531526107,37.4759672595125,헬스장
7393,"서울특별시 금천구 시흥대로 315, 금천롯데캐슬골드파크4차 마르쉐도르960동 B05호 (독산동)",SOAR GYM,126.896265163559,37.4609911113644,헬스장
7394,"서울특별시 금천구 시흥대로141길 47, 푸른몬테소리어린이집 2층 (독산동)",에이치 짐 2호점,126.897518617066,37.4749455261473,헬스장
7395,"서울특별시 금천구 독산로 31-1, 대양빌딩 3층 (시흥동)",에스인핏PT,126.905628148555,37.4503145719012,헬스장
7396,"서울특별시 금천구 두산로 70, 현대지식산업센터 A동 티-비201호 (독산동)",팩토리짐,126.895620657193,37.4689627800606,헬스장
7397,"서울특별시 금천구 디지털로10길 69, 가산 센트럴 푸르지오 시티 (가산동)",에스(s) 휘트니스,126.890853923229,37.475300231939,헬스장
7398,"서울특별시 금천구 가산디지털1로 58, 에이스한솔타워 208호 (가산동)",핫해짐,126.886516346106,37.471252684184,헬스장
7399,"서울특별시 금천구 시흥대로 277, 2층 (시흥동)",하이블짐 독산점,126.89852348281,37.458341213864,헬스장
7400,"서울특별시 금천구 금하로 793, 상가B동 406호 (시흥동, 벽산아파트)",일루와짐,126.918245309403,37.4522125872144,헬스장
7401,"서울특별시 금천구 독산로 145, 지하1층 (시흥동)",프리원핏 시흥점,126.904644777412,37.4603087156923,헬스장
7402,"서울특별시 금천구 금하로 644, 새마을금고 지층~3층 (시흥동)",파워짐,126.902359473072,37.4542757434985,헬스장
7403,"서울특별시 금천구 가산디지털2로 67 (가산동, 에이스 하이엔드타워7)",웰메이드피티샵,126.881082370861,37.4742216639032,헬스장
7404,"서울특별시 금천구 시흥대로50길 31, 1층 (시흥동)",day one fitness,126.903779997227,37.451742899682,헬스장
7405,"서울특별시 금천구 시흥대로 266, 3층 (시흥동)",제이미 피티 스튜디오,126.899919212562,37.4575218522908,헬스장
7406,"서울특별시 금천구 가산디지털1로 168, A동 402호 (가산동,우림라이온스밸리)",우림휘트니스클럽,126.88263620024,37.479966429878,헬스장
7407,"서울특별시 금천구 가산디지털1로 186, A동 308호 (가산동,제이플라츠)",와우휘트니스,126.881581110867,37.4819130872905,헬스장
7408,"서울특별시 금천구 금하로 705, 5층 (시흥동)",시티짐 금천점,126.908361346757,37.4515708431855,헬스장
7409,서울특별시 금천구 독산로54길 32 (시흥동),뉴금천휘트니스,126.907134877864,37.4640119642466,헬스장
7410,"서울특별시 금천구 가산디지털1로 186, 제이플라츠 B1층 107호 (가산동)",주) 인스타짐,126.881581110867,37.4819130872905,헬스장
7411,"서울특별시 금천구 시흥대로 82, 금강빌딩 4층 (시흥동)",남진헬스,126.903855459095,37.441348413506,헬스장
7412,"서울특별시 금천구 시흥대로 165, 313동 304~306호 (시흥동, 남서울힐스테이트)",더 보스짐,126.900722652942,37.4479033151811,헬스장
7413,"서울특별시 금천구 금하로 755-3, 2층 (시흥동)",트리니코스,126.913689741519,37.4501942318115,헬스장
7414,"서울특별시 금천구 가산로 96, 4층 (독산동)",비기닝PT스튜디오,126.894322880492,37.4745355450061,헬스장
7415,서울특별시 금천구 시흥대로63길 64 (시흥동),핏메이트 크로스핏,126.896102193289,37.4557478886803,헬스장
7416,"서울특별시 금천구 시흥대로152길 11-43, 삼부 르네상스 플러스 지하1층 201호 (독산동)",스타스파앤휘트니스,126.900571559567,37.4785459548905,헬스장
7417,"서울특별시 금천구 시흥대로 172, 서우빌딩 3층 (시흥동)",뉴마인드짐,126.903048444843,37.4494615667668,헬스장
7418,"서울특별시 금천구 독산로 140-1, 시흥새마을금고 2, 3층 (시흥동)",비버짐,126.905222162303,37.4599276917302,헬스장
7419,"서울특별시 금천구 디지털로9길 68, 대륭포스트타워 5차 B층 104~105호 (가산동)",짐80서울,126.886418278694,37.4810758439164,헬스장
7420,"서울특별시 금천구 범안로 1212, B층 32~33호 (독산동, e편한세상 독산 더타워)",주식회사 짐베스트,126.896264072547,37.4660352420573,헬스장
7421,"서울특별시 영등포구 버드나루로 88, 인따르시아사옥 402~404호 (영등포동7가)",메디핏,126.909255877212,37.5260672872371,헬스장
7422,"서울특별시 영등포구 여의대방로 219, 3층 (신길동)",웅짐,126.92264425933,37.5065361233638,헬스장
7423,"서울특별시 영등포구 의사당대로 8, 삼환까뮤빌딩 11층 (여의도동)",베이스휘트니스,126.916895169744,37.5278708587376,헬스장
7424,"서울특별시 영등포구 국제금융로 72, 4층 (여의도동)",캔디네체육관,126.930836281461,37.5211195361581,헬스장
7425,"서울특별시 영등포구 문래로26길 6, 지하1층 (문래동3가, 문래동메가트리움)",온더휘트니스,126.897978095586,37.5183114455229,헬스장
7426,"서울특별시 영등포구 가마산로 451, 용성빌딩(JYS빌딩) (신길동)",신길PT,126.90648104784,37.5058559773989,헬스장
7427,서울특별시 영등포구 양산로17길 12 (당산동3가),나의 운동 공간,126.893762462606,37.5254785365599,헬스장
7428,"서울특별시 강동구 천호대로 1107, B1층 (길동, 강동역에스케이허브)",화이트짐 강동점,127.134841810959,37.5355802857957,헬스장
7429,"서울특별시 강동구 구천면로 384, 동곡빌딩 (천호동)",다윗헬스클럽,127.141401542747,37.5504524291279,헬스장
7430,"서울특별시 강동구 진황도로 152, B01호 (둔촌동)",아지트,127.141282668081,37.5324959302494,헬스장
7431,"서울특별시 강동구 고덕로 399, 2층 214호 (고덕동, 고덕센트럴푸르지오)",리빌드 바디 상일동역점,127.16967893433,37.5574405229047,헬스장
7432,"서울특별시 강동구 천호대로200길 20, 지하 1층 (둔촌동)",프로 피지컬 센터,127.149318185161,37.5359957094414,헬스장
7433,"서울특별시 강동구 양재대로128길 26, 지하 1층 (길동)",판타짐,127.144119349901,37.544643561852,헬스장
7434,"서울특별시 강동구 올림픽로 697, 호진빌딩 1102호 (천호동)",연세헬스,127.124950128068,37.5437045764792,헬스장
7435,"서울특별시 강동구 구천면로 304, 일주빌딩 (천호동)",스포애니 천호초교점,127.134809493652,37.5467270340876,헬스장
7436,"서울특별시 강동구 고덕로38길 39-17, 프라임빌딩 (명일동)",슬림앤스트롱 강동점,127.142797502261,37.5527973971709,헬스장
7437,서울특별시 강동구 명일로 167 (둔촌동),바디온,127.144558916412,37.5338931109162,헬스장
7438,"서울특별시 강동구 양재대로143길 7, 청안빌딩 (명일동)",짐 클락,127.143470277345,37.5514311200222,헬스장
7439,"서울특별시 강동구 천호대로176길 32, 그린빌딩 B1층 (성내동)",크로스핏 지케이 성내점,127.135670322555,37.5330619422655,헬스장
7440,"서울특별시 강동구 동남로73길 26, 지하 1층 53호 (명일동, 고덕복합빌딩)",고덕 스포짐,127.154782936805,37.5532988356176,헬스장
7441,"서울특별시 강동구 명일로 200-33, 3층 (길동)",UC PT&YOGA,127.147509879628,37.5370665677501,헬스장
7442,"서울특별시 강동구 아리수로93나길 66, 5층 501~504, 506호 (강일동)",트리오짐 헬스&PT 강일점,127.175614430713,37.5723742168444,헬스장
7443,"서울특별시 강동구 올림픽로 786, 지하1층 B02호 (암사동)",주식회사 라이언짐,127.128195779361,37.5511118084619,헬스장
7444,"서울특별시 강동구 올림픽로 786, 지하1층 B01호 (암사동)",라이언 컴퍼니,127.128195779361,37.5511118084619,헬스장
7445,"서울특별시 강동구 고덕로 433, 이레빌딩 지하1층 B03~B06호 (강일동)",주식회사 트렌디우먼 휘트니스 브이아이피,127.173888109708,37.5575054874572,헬스장
7446,"서울특별시 강동구 양재대로 1517, 남해빌딩 (천호동)",김현진153GYM,127.14087262558,37.5412622469126,헬스장
7447,"서울특별시 강동구 상암로3길 8, 암사동정웅빌딩 (암사동)",스포힐 휘트니스,127.126869071397,37.5508126685585,헬스장
7448,"서울특별시 강동구 구천면로 456, 한성빌딩 3층 (명일동)",선물같은시간,127.148851204427,37.5491249330663,헬스장
7449,"서울특별시 강동구 진황도로 81, 강동투웨니퍼스트 B1층 (길동)",미미피티,127.135707130269,37.5367040128134,헬스장
7450,"서울특별시 강동구 성내로 65, 지하1층 (성내동, 집앤사베니아파트)",SOMA FIT-IN,127.127486616671,37.5280823085105,헬스장
7451,"서울특별시 강동구 올림픽로 813, 자하빌딩 3층 301호 (암사동)",봄PT Studio,127.128528805872,37.5536683873012,헬스장
7452,"서울특별시 강동구 올림픽로 796, 4층 (암사동)",암사 라이크짐,127.128534669022,37.5520742461293,헬스장
7453,"서울특별시 강동구 양재대로 1574, 제비2층 제비201호 (명일동)",트렌디우먼휘트니스 굽은다리역점,127.143349163756,37.5459227458636,헬스장
7454,"서울특별시 강동구 양재대로 1384, 미림빌딩 3층 1호 (둔촌동)",여성전용 베이핏 PT&그룹트레이닝 둔촌점,127.137359832048,37.5296679019917,헬스장
7455,"서울특별시 강동구 상일로6길 26, 삼성엔지니어링 지하 1층 (상일동)",엔지니어링 피트니스 센터,127.175324562111,37.5488176629632,헬스장
7456,"서울특별시 강동구 올림픽로 610, 지하1층 B1~B4호 (성내동, 천호역 효성해링턴타워)",천호역점 스포애니 (주)케이디 헬스케어,127.122972414869,37.5357931739397,헬스장
7457,"서울특별시 강동구 성내로14길 42, B1층 (성내동)",웰피티스튜디오 성내점,127.126053481158,37.5262115659083,헬스장
7458,"서울특별시 강동구 동남로75길 29, 세종프라자 (명일동)",TEAMK 퍼스널트레이닝,127.154528830061,37.554156377051,헬스장
7459,"서울특별시 강동구 상일로 15, 2층 (상일동)",로드스타 휘트니스,127.172979013168,37.5484192774053,헬스장
7460,서울특별시 강동구 양재대로 1471 (길동),에이블짐 길동역점,127.139268457231,37.5373607499164,헬스장
7461,"서울특별시 강동구 올림픽로 795, 서울유치원 (암사동)",운동하는날 암사점,127.127923785718,37.5522058244885,헬스장
7462,서울특별시 강동구 양재대로145길 6 (명일동),주식회사 테라피티 명일점,127.14368530703,37.5520268683843,헬스장
7463,"서울특별시 강동구 천호대로175길 14, 지하 1층 (길동, 다성이즈빌)",라이프체인지 그룹PT,127.137038855391,37.5352869139195,헬스장
7464,"서울특별시 강동구 명일로 176, 둔촌푸르지오아파트 상가 지하 1층 (둔촌동)",엠에프 휘트니스,127.145302522709,37.5344998328347,헬스장
7465,"서울특별시 강동구 아리수로50길 50 (고덕동, 래미안힐스테이트고덕)",이재홍 피트니스,127.148577708994,37.5576864625383,헬스장
7466,"서울특별시 강동구 천호대로 1078, 3층 306호 (성내동, 씨제이나인파크)",리핏앤케어,127.131238839368,37.5359460061913,헬스장
7467,"서울특별시 강동구 구천면로 424 (명일동, 명일메가타운)",스포애니 명일역점,127.145579195087,37.5503498644145,헬스장
7468,"서울특별시 강동구 동남로75길 27, 고덕역갑을명가시티 오피스텔 -1층 (명일동)",콤마짐,127.154637177627,37.5539579257605,헬스장
7469,"서울특별시 강동구 풍성로 92, 한스빌딩 -1호 (성내동)",스웨트 원(SWEAT ONE),127.122428449226,37.5326269931652,헬스장
7470,"서울특별시 강동구 풍성로 235, 하이랜드빌딩 (둔촌동)",디 에이펙스(THE APEX),127.137923497687,37.5287013720057,헬스장
7471,"서울특별시 강동구 상일로 33, 유원DH (상일동)",투짐(TWO GYM),127.172712722739,37.5501767024713,헬스장
7472,"서울특별시 강동구 천호대로 1186, 원경빌딩 (둔촌동)",피트니스온 둔촌점,127.143234004803,37.5339935650085,헬스장
7473,"서울특별시 강동구 천호대로 1128, 웰빙메디컬빌딩 (성내동)",피니쉬 짐,127.13651974477,37.5341634273786,헬스장
7474,"서울특별시 강동구 양재대로 1313, 지하1층 (성내동)",크로스핏 지케이,127.134246666959,37.5237068525464,헬스장
7475,"서울특별시 강동구 진황도로 99, 2층 204~227호 (길동, 강동한신휴플러스주상복합)",휘트니스엠 길동점,127.137473996228,37.5360846941657,헬스장
7476,"서울특별시 강동구 양재대로 1602, MY빌딩 3층 (명일동)",피치짐 명일점,127.143840128373,37.5484974718876,헬스장
7477,"서울특별시 강동구 동남로81길 44, 지층 (고덕동)",사운드바디짐,127.154508566649,37.560018557384,헬스장
7478,"서울특별시 강동구 고덕로 103, 3층 (암사동)",테드짐,127.136997370358,37.5549098997675,헬스장
7479,"서울특별시 강동구 풍성로37가길 66, 복지하이츠빌라 지하 1층 (성내동)",테라피티 강동성내점,127.129798751923,37.5324247767426,헬스장
7480,"서울특별시 강동구 양재대로 1621, 3층 (천호동)",엔터핏 명일점,127.143617316818,37.5503289310934,헬스장
7481,"서울특별시 강동구 양재대로111길 27, 301호 (길동, 골드클래스)",모두의운동,127.13805409023,37.5371919769512,헬스장
7482,"서울특별시 강동구 올림픽로 826, 2층 (암사동)",얼티밋 포텐셜짐,127.129451206323,37.554553690624,헬스장
7483,"서울특별시 강동구 상암로 196, 명일동파크빌딩 4, 5층 (명일동)",굽은다리역점 스포애니 (주)케이디헬스케어,127.144194277454,37.5461802133179,헬스장
7484,"서울특별시 강동구 천호대로 1224, 현대크리닉빌딩 201호 (둔촌동)",컨베이지,127.146896026942,37.5355472561559,헬스장
7485,"서울특별시 강동구 양재대로85길 16, 2층 (성내동)",P.E.M Korea,127.133772146057,37.524616141366,헬스장
7486,서울특별시 강동구 천호대로 1469-1 (상일동),VIP짐,127.171296793024,37.5467125369278,헬스장
7487,"서울특별시 강동구 고덕로 353, 고덕그라시움(제1상가) 201, 202, 244호 (고덕동)",바디퓨처 퍼스널트레이닝,127.164510295845,37.557135101795,헬스장
7488,"서울특별시 강동구 아리수로93나길 54, 경서프라자 4층층 405, 406호 (강일동)",핏붐,127.174852988118,37.5722001938647,헬스장
7489,"서울특별시 강동구 천호대로 1120, 2층 201,202,202-1호 (성내동, 엘아이지건영리가 주상복합)",여성 전용 리즈짐 강동역점,127.135629165345,37.534450521112,헬스장
7490,"서울특별시 강동구 상일로 127, 엠에스 3층 (고덕동)",한체대 공감 PT,127.170890765056,37.5585042932875,헬스장
7491,"서울특별시 강동구 올림픽로48길 28, 건창빌딩 401호 (성내동)",제프웰니스,127.121510795471,37.5288703166743,헬스장
7492,"서울특별시 강동구 구천면로 305, 덕송빌딩 3층 301호 (천호동)",인피티샵 헬스& PT 천호점,127.134344875218,37.5469886729228,헬스장
7493,"서울특별시 강동구 성안로 43, 2층 (성내동)",나우피티스튜디오,127.130469225638,37.5276918909975,헬스장
7494,"서울특별시 강동구 상암로4길 10, 엘베강 2층 201호 (암사동)",JYGym,127.126292491049,37.5500760001275,헬스장
7495,"서울특별시 강동구 천호옛길 82, 토바빌딩 -1층 (성내동)",테라피티 천호,127.125402238414,37.5358996397466,헬스장
7496,"서울특별시 강동구 양재대로 1392, 진산빌딩 5, 6층 (둔촌동)",둔촌동역점 스포애니 (주)케이디헬스케어,127.137658565242,37.5302538354278,헬스장
7497,"서울특별시 강동구 암사길 25, 2층 (암사동)",J Class Gym,127.132027328622,37.5517892812087,헬스장
7498,"서울특별시 강동구 동남로81길 8, 고덕크리닉 5층 (고덕동)",더 스탠다드 짐,127.156343594712,37.5606867530587,헬스장
7499,"서울특별시 강동구 고덕로 391, 종점빌딩 -2층 (고덕동)",짐팩피트니스 상일동역,127.168978454847,37.5572260091644,헬스장
7500,"서울특별시 강동구 명일로 189, 초우빌딩 4층 (길동)",드림핏퍼스널트레이닝센터,127.145182687143,37.5356574949286,헬스장
7501,"서울특별시 강동구 성내로6길 34, 덕창빌딩 지하1층 (성내동)",하이짐,127.122130607172,37.528426564946,헬스장
7502,"서울특별시 강동구 상일로10길 36, 세종텔레콤 지식산업센터 지하1층 (상일동)",㈜세종 피트니스 센터(도도한 다짐),127.174104292142,37.5507989598659,헬스장
7503,"서울특별시 강동구 올림픽로 787, 태성프라자 4층 (암사동)",Change Your Body (체인지 유어 바디),127.127723369224,37.5515454300024,헬스장
7504,"서울특별시 강동구 성안로 17, 정안빌딩 5층 (성내동)",해부학적운동 성내점,127.129405097323,37.525522008646,헬스장
7505,"서울특별시 강동구 동남로79길 26, 4층 405호 (고덕동, 고덕아이파크)",식스에이엠(6AM),127.153744243632,37.5591838811941,헬스장
7506,"서울특별시 강동구 천호대로175길 42, 지층 103호 (길동)",크로스핏 강동,127.137425545214,37.5365024541122,헬스장
7507,"서울특별시 강동구 상암로 11 (암사동, 선사현대아파트)",엔터핏 암사점,127.125660013035,37.5534474873056,헬스장
7508,"서울특별시 강동구 양재대로 1550 (길동, 은호빌딩)",썸바디 휘트니스,127.142574185548,37.5439271614814,헬스장
7509,서울특별시 강동구 고덕로 109 (암사동),업투 암사점,127.137534131713,37.5549629751793,헬스장
7510,서울특별시 강동구 천호대로 1200 (둔촌동),노블레스클럽,127.144665419318,37.5345568374059,헬스장
7511,"서울특별시 강동구 올림픽로 808 (암사동, 종로빌딩)",휘트니스J,127.128870388999,37.5530967826472,헬스장
7512,"서울특별시 강동구 올림픽로 660, B201호 (천호동, 엘크루상가)",오늘의 피티(PT),127.124570380688,37.540169637196,헬스장
7513,"서울특별시 강동구 천호대로 1239, 상가동 지층 101호 (길동)",트레이브짐 길동지점,127.148276995511,37.5378612798048,헬스장
7514,"서울특별시 강동구 천호대로 1078 (성내동, 씨제이나인파크)",강동점 스포애니 (주)케이디헬스케어,127.131238839368,37.5359460061913,헬스장
7515,"서울특별시 강동구 동남로73길 17 (명일동, 우진빌딩)",홍.S PT,127.15507536373,37.5527505555431,헬스장
7516,"서울특별시 강동구 성안로 71, 지층 (성내동)",New body PT gym,127.13154949367,37.529997886178,헬스장
7517,"서울특별시 강동구 성안로 7, 201호 (성내동, 강림빌딩)",운동센터+1℃,127.12890032958,37.5245413697762,헬스장
7518,"서울특별시 강동구 올림픽로 780, 예지빌딩 지하1층 (암사동)",GOGO GYM,127.127989379513,37.5505918863599,헬스장
7519,"서울특별시 강동구 풍성로45길 18 (성내동, 중앙아파트)",S휘트니스,127.130403587005,37.5313831843913,헬스장
7520,서울특별시 강동구 풍성로38길 9 (성내동),제스트짐,127.12559371975,37.5316068000518,헬스장
7521,"서울특별시 강동구 명일로 243 (길동, 서울시산림조합빌딩)",스포힐 휘트니스,127.146699285076,37.5404637146353,헬스장
7522,서울특별시 강동구 풍성로 209 (성내동),고고 휘트니스,127.135101909071,37.5293607424181,헬스장
7523,"서울특별시 강동구 천호대로 995, 금복빌딩 (천호동)",아크로짐 천호역점 24시 헬스&PT,127.123013114626,37.5392864881483,헬스장
7524,"서울특별시 강동구 양재대로 1465, 8층 (길동)",화이트짐 길동점,127.139314330701,37.5368399179472,헬스장
7525,서울특별시 강동구 양재대로128길 25 (명일동),M PT GYM,127.144240238074,37.5447800056278,헬스장
7526,서울특별시 강동구 양재대로 1535 (천호동),탑 헬스클럽,127.141259812474,37.5429916123078,헬스장
7527,서울특별시 강동구 양재대로89가길 56 (성내동),올댓컨디셔닝,127.133909572195,37.5241603490433,헬스장
7528,서울특별시 강동구 양재대로 1661 (명일동),고위드 피트니스,127.143944021144,37.5538571094692,헬스장
7529,"서울특별시 강동구 양재대로89길 16 (성내동, 파크프라자)",라피끄&피트니스온 둔촌동역점,127.134695601656,37.5268826423806,헬스장
7530,서울특별시 강동구 양재대로 1371 (성내동),선린남여헬스클럽,127.136066310873,37.5287025352002,헬스장
7531,서울특별시 강동구 양재대로 1626 (명일동),나우휘트니스,127.144288436536,37.5506474264789,헬스장
7532,"서울특별시 강동구 구천면로93길 12 (상일동, 고덕사회체육센터)",한국시각장애인복지재단고덕사회체육센타,127.168742192716,37.5511745316081,헬스장
7533,"서울특별시 강동구 동남로75길 19, 명일빌딩 지하1층 7, 8호 (명일동)",파인짐,127.15517770003,37.5541302080444,헬스장
7534,"서울특별시 강동구 천호대로 997, 502호 (천호동, 신라빌딩)",커브스 천호클럽,127.123301730964,37.5393391659214,헬스장
7535,"서울특별시 강동구 성내로18길 46, -1층 (성내동)",에이앤 프리햅(AN PREHAB),127.128032117228,37.5250909341112,헬스장
7536,서울특별시 강동구 풍성로 204 (성내동),KCA트레이닝센터,127.134367625157,37.5291463309836,헬스장
7537,"서울특별시 강동구 고덕로 256 (명일동, 명성프라자)",MY GYM,127.154105278912,37.5546198628524,헬스장
7538,"서울특별시 강동구 양재대로81길 64 (성내동, 코스카 빌딩)",스타트라인,127.130992455402,37.5240672132671,헬스장
7539,서울특별시 강동구 고덕로 164 (명일동),웰니스프리미엄클럽(AR_지종득),127.143573769632,37.5545287130041,헬스장
7540,"서울특별시 강동구 올림픽로 664, 2층 (천호동, 대우 한강 베네시티)",위너바디&필라테스PT,127.124975762766,37.540555377209,헬스장
7541,"서울특별시 강동구 양재대로81길 32, 지층 (성내동)",MJ fitness,127.132528261747,37.5233052345274,헬스장
7542,서울특별시 강동구 양재대로 1450 (길동),와이키키휘트니스,127.139475951525,37.5352870340168,헬스장
7543,"서울특별시 강동구 진황도로27길 9, 아기천국어린이집 2층 (천호동)",더 어반 핏,127.131586990533,37.5388479192913,헬스장
7544,"서울특별시 강동구 양재대로 1488, 길동 5층 (길동)",휘트니스피플 우먼 길동점,127.14057632813,37.5385752794508,헬스장
7545,"서울특별시 강동구 구천면로 328, 인성빌딩 3층 301호 (천호동)",피트니즈 천호점,127.136051396534,37.548454354945,헬스장
7546,"서울특별시 강동구 아리수로93나길 54, 경서프라자 3층 301~306호 (강일동)",머슬비치짐,127.174852988118,37.5722001938647,헬스장
7547,"서울특별시 강동구 천호대로 1037, 세우빌딩 지하1층 (천호동)",라피끄피트니스온 천호역점,127.12733248525,37.5378379676663,헬스장
7548,"서울특별시 강동구 고덕로 385, 고덕그라시움(제4상가) 지하1층 101,102,115,116,119,120호 (고덕동)",카인드짐 헬스 PT,127.168412440283,37.5573671931016,헬스장
7549,"서울특별시 강동구 상암로 55, 정인빌딩 3층 (암사동)",차선생바디팩토리 시즌2,127.129490429887,37.5494244486092,헬스장
7550,"서울특별시 강동구 올림픽로 552, 홍익빌딩 지하 2호 (성내동)",RP재활운동센터,127.12101233589,37.5308341998326,헬스장
7551,서울특별시 강동구 양재대로89길 54 (성내동),프리원핏 강동성내점,127.132650695315,37.527221030379,헬스장
7552,"서울특별시 강동구 양재대로 1609 (천호동, 조희빌딩)",크로스핏 지케이,127.143452676267,37.549274062835,헬스장
7553,서울특별시 강동구 상암로4가길 7 (암사동),차선생 body factory,127.125881628744,37.5500327404591,헬스장
7554,서울특별시 강동구 강동대로53길 80 (성내동),오륜짐,127.13293281515,37.5262489831553,헬스장
7555,"서울특별시 강동구 성내로 34, 성안빌딩 5층 (성내동)",주식회사 더랩스피트니스 강동구청점,127.124000325503,37.5290968536225,헬스장
7556,"서울특별시 강동구 양재대로 1495 (길동, 만종빌딩)",스포애니 길동역점,127.140289392361,37.5393037183438,헬스장
7557,"서울특별시 강동구 올림픽로 787 (암사동, 태성프라자)",에이블짐 암사역점,127.127723369224,37.5515454300024,헬스장
7558,"서울특별시 강동구 진황도로 185 (둔촌동, 둔촌동현대아파트분산상가동)",스타헬스,127.143119509854,37.529791617611,헬스장
7559,서울특별시 강동구 양재대로 1355 (성내동),엘리트짐,127.135616051172,37.5273952498819,헬스장
7560,"서울특별시 강동구 상암로 41 (암사동, 암사동양덱스빌)",암사점 스포애니 (주)케이디헬스케어,127.128189760726,37.5501745970905,헬스장
7561,서울특별시 강동구 양재대로89가길 14 (성내동),휘트니스 존,127.134545604627,37.5260083013633,헬스장
7562,"서울특별시 강동구 양재대로 1335, 동부빌딩  201호 (성내동)",커브스 둔촌클럽,127.134903109178,37.5255782960195,헬스장
7563,"서울특별시 강동구 아리수로 427, 중앙프라자 10층 (강일동)",카인드짐 24시 휘트니스&스쿼시,127.174603355856,37.5649623335076,헬스장
7564,서울특별시 강동구 천호대로 1116 (성내동),펄스짐,127.135156170058,37.5346033324204,헬스장
7565,"서울특별시 강동구 천호대로 1186, 지하1층 (둔촌동, 원경빌딩)",머슬킹 둔촌점,127.143234004803,37.5339935650085,헬스장
7566,"서울특별시 강동구 양재대로 1484-1, 4층 (길동, 서원빌딩)",커브스 길동클럽,127.140459465668,37.5382235781836,헬스장
7567,"서울특별시 강동구 암사길 49, 한은빌딩 3,4층 (암사동)",고고 피트니스(암사),127.134788556209,37.5520042929532,헬스장
7568,"서울특별시 강동구 양재대로 1457, 부에노빌딩 -1층 (길동)",짐구공 24시 헬스 PT 길동점,127.139022091256,37.5359334960721,헬스장
7569,"서울특별시 강동구 천호대로 1006, 브라운스톤천호 지하2층 (성내동)",에이블짐 천호역점,127.123788971242,37.5380513979559,헬스장
7570,"서울특별시 강동구 양재대로 1462, 남양빌딩 2층 (길동)",라이프체인지 PT,127.139776972253,37.5362289438681,헬스장
7571,"서울특별시 강동구 상암로 197, 현대자동차 공업사 지하1층 (명일동)",훈련소,127.144462158408,37.5466664249676,헬스장
7572,"서울특별시 강동구 상암로4길 16, 동경빌딩 5층 (암사동)",UKK 메디컬 PT 센터,127.126205201629,37.5498514746766,헬스장
7573,"서울특별시 강동구 올림픽로 806, 지하1층 (암사동, 까사팔공육)",크로스핏 쓰리박스,127.128830262682,37.5529279795177,헬스장
7574,"서울특별시 강동구 천호대로173길 39, B1층 (길동, 다성 이즈빌)",모션짐 헬스&PT 길동점,127.135840767389,37.5369606441203,헬스장
7575,"서울특별시 강동구 천호대로 1095, 현대코아아파트 지하 2층 B235호 (천호동, 현대코아아파트)",카인드짐 24시 휘트니스&스쿼시,127.133662259698,37.5359422069464,헬스장
7576,"서울특별시 강동구 아리수로76길 22, 2층 (고덕동)",COUNT PT,127.162348034555,37.5617602046919,헬스장
7577,"서울특별시 강동구 명일로 108, 지하1층 (둔촌동)",라이즈업 피트니스 우먼 둔촌점,127.142705361758,37.5287422724954,헬스장
7578,"서울특별시 강동구 양재대로 1568, 지하1층 (명일동, 원일타워)",W38 휘트니스,127.143225315777,37.545422301431,헬스장
7579,"서울특별시 강동구 양재대로 1619, 가야빌딩 B1층 (천호동)",빅브로짐 명일점,127.143515495266,37.5499891084547,헬스장
7580,"서울특별시 강동구 천호대로157길 14, 나비빌딩 7층 706~710, 720~724호 (천호동)",짐플레임 천호점,127.127289366861,37.5382317510332,헬스장
7581,"서울특별시 강동구 진황도로 123, 지하2층 B204호 (길동, 광남캐스빌아파트201)",바비짐,127.139965700863,37.5347782004407,헬스장
7582,"서울특별시 영등포구 당산로 83 (당산동2가, 한화포레나당산)",스포짐 영등포구청점,126.89528677963,37.522057531502,헬스장
7583,"서울특별시 영등포구 영중로 119, 리마크빌 영등포 (영등포동8가)",어반필드피트니스,126.905231110596,37.5267660967496,헬스장
7584,서울특별시 영등포구 국회대로54길 55 (영등포동2가),고유 피트니스,126.910563039512,37.5209854603998,헬스장
7585,"서울특별시 영등포구 당산로 241, 동화빌딩 (당산동6가)",주식회사 업핏,126.902537470472,37.5352118706163,헬스장
7586,"서울특별시 영등포구 도신로 36, 2층 (대림동)",테라피트,126.897068276641,37.5045691738895,헬스장
7587,"서울특별시 영등포구 국제금융로 10, 서울 국제금융 센터 3층 300호 (여의도동)",주식회사제임스짐아이에프씨,126.924876706923,37.5251775245928,헬스장
7588,"서울특별시 영등포구 양평로 64, 한경빌딩 지층 (당산동6가)",당산역점 스포애니 (주)케이디헬스케어,126.899965832636,37.5351397125293,헬스장
7589,"서울특별시 영등포구 도영로 19, 삼영빌딩 (도림동)",짐야드,126.895520926279,37.508520252922,헬스장
7590,서울특별시 영등포구 문래로 55 (문래동6가),헤이데이 크로스핏,126.887847771379,37.5204279064529,헬스장
7591,"서울특별시 영등포구 선유로 49, 3층 (문래동6가, 미주프라자아파트)",리얼바디짐 문래점,126.888746175591,37.5182931994677,헬스장
7592,"서울특별시 영등포구 영등포로20길 22-8, 지율빌딩 2층 (문래동3가)",파텔라,126.891858691982,37.5199500610359,헬스장
7593,"서울특별시 영등포구 경인로 775, 에이스하이테크시티 (문래동3가)",헬스보이짐,126.897536835727,37.5147464245043,헬스장
7594,"서울특별시 영등포구 국회대로56길 46, 지하1층 (영등포동2가, 명화오피스텔)",엔짐 영등포점,126.911169044259,37.5212597324276,헬스장
7595,"서울특별시 영등포구 당산로48길 6, 대호빌딩 2층 (당산동6가)",다이브짐 PT&헬스 당산점,126.902999423956,37.5342573706538,헬스장
7596,"서울특별시 영등포구 국회대로 574, K574빌딩 5층 (당산동3가)",러닝랩스,126.897940950106,37.5272290834099,헬스장
7597,"서울특별시 영등포구 선유동2로 9, 케이타워 지하1층 (양평동3가)",쿠타 크로스핏 영등포점,126.894472224155,37.5300586930985,헬스장
7598,서울특별시 영등포구 여의대방로47길 13 (신길동),언더핏,126.922452432161,37.508842299407,헬스장
7599,"서울특별시 영등포구 영중로 28, 영등포 점프밀라노 4층 (영등포동3가)",짐콩고,126.905868124369,37.5188593197234,헬스장
7600,서울특별시 영등포구 선유로 50 (문래동3가),스트롱무브,126.889307696948,37.5182879606278,헬스장
7601,서울특별시 영등포구 국회대로62길 15 (여의도동),뷰에르,126.916930544113,37.5270870121653,헬스장
7602,"서울특별시 영등포구 선유로 130, 에이스 하이테크시티3 (양평동3가)",(주) 스포짐 양평점,126.891376058936,37.5253785170391,헬스장
7603,"서울특별시 영등포구 신풍로 93, 메트하임 지하1층 (신길동)",신길동점 스포애니,126.916644177905,37.5002672614192,헬스장
7604,"서울특별시 영등포구 당산로31길 14, 지하1층 (당산동3가)",코리안탑팀,126.895262810069,37.5268229098053,헬스장
7605,"서울특별시 동작구 사당로 196 (사당동, 거묵프리미엄 상가)",무브짐 남성역점,126.969895596347,37.4849352560532,헬스장
7606,"서울특별시 영등포구 국회대로54길 10, 지하1층 (영등포동7가, 아크로타워 스퀘어)",네이쳐휘트니스클럽,126.906430209934,37.5236586861947,헬스장
7607,"서울특별시 영등포구 국제금융로8길 16, B1층 (여의도동)",F45 여의도,126.928884767419,37.5212973163879,헬스장
7608,"서울특별시 영등포구 신풍로23길 3, 동성빌딩 (신길동)",O.P.T,126.918458053318,37.5003482664051,헬스장
7609,"서울특별시 영등포구 양평로21가길 4, 지에이치GH 2층 (양평동5가)",레드핏휘트니스 프리미엄,126.893265903821,37.5377331424932,헬스장
7610,"서울특별시 영등포구 국회대로70길 23, 용산빌딩 지하1층 B01~05호 (여의도동)",알엔짐,126.921011762639,37.5288760479466,헬스장
7611,"서울특별시 영등포구 선유로54길 14, 지층 (당산동6가)",더 바디 스튜디오,126.899934699731,37.5358311138152,헬스장
7612,"서울특별시 영등포구 가마산로 587, 신화빌딩 3층 (신길동)",더라인핏PT 신길점,126.921585763188,37.5044800527043,헬스장
7613,"서울특별시 영등포구 은행로 37 (여의도동, 기계산업진흥회)",헬스보이짐,126.922617544159,37.5294533915337,헬스장
7614,"서울특별시 영등포구 대림로 152 (대림동, 연희빌딩)",옐로우 짐,126.900464521495,37.4945474934692,헬스장
7615,서울특별시 영등포구 가마산로79길 46 (신길동),푸른숲헬스사우나,126.918520531588,37.5077927754188,헬스장
7616,"서울특별시 영등포구 여의대방로 25, 지하101호 (신길동, 보라매 경남아너스빌)",알파 트레이닝센터,126.90897844388,37.4947116756868,헬스장
7617,"서울특별시 동작구 상도로 222 (상도동, 재웅빌딩)",(주)킹콩휘트니스,126.943208937753,37.5050037477944,헬스장
7618,"서울특별시 영등포구 여의대방로 249, 에어스포렉스 (신길동)",에어 스포렉스,126.922886122395,37.5081305193802,헬스장
7619,"서울특별시 영등포구 국제금융로 78 (여의도동,11층)",디지피트니스(DG FIT)&골프,126.931298156696,37.5208724804701,헬스장
7620,"서울특별시 영등포구 가마산로 538, 지하1층 (신길동)",해군 헬스장,126.915498823781,37.5036602653681,헬스장
7621,"서울특별시 영등포구 신길로 39, 썬프라자 (대림동)",주식회사 영자피트니스 썬프라자,126.907785020768,37.4959665730744,헬스장
7622,서울특별시 영등포구 영등포로 59 (양평동1가),핏타운,126.888050674732,37.5228738698699,헬스장
7623,서울특별시 영등포구 도신로 94 (신길동),진풍헬스,126.902732502848,37.507084984211,헬스장
7624,서울특별시 영등포구 선유로 70 (문래동3가),디지피트니스(DG FIT)&골프,126.890145748505,37.5201626485833,헬스장
7625,서울특별시 영등포구 당산로 238 (당산동6가),이도공감,126.902853446514,37.5345384529263,헬스장
7626,"서울특별시 영등포구 국제금융로6길 26 (여의도동, 한국노총)",헬스보이짐 여의도역점,126.92697361375,37.5219546930167,헬스장
7627,"서울특별시 영등포구 당산로 203, 지하1층 113호 (당산동5가, 데시앙루브)",(주)스퀘어짐 당산점,126.899900651665,37.5323543040223,헬스장
7628,서울특별시 영등포구 양산로19길 13-2 (당산동3가),코리아 스트렝스(Korea Strength),126.894892420121,37.5256149681462,헬스장
7629,"서울특별시 영등포구 영중로 138-1, 201호 (영등포동8가)",바디클래스,126.906054695027,37.528661921447,헬스장
7630,"서울특별시 영등포구 국제금융로 72 (여의도동, 호정빌딩 지하2층)",크로스핏혼,126.930836281461,37.5211195361581,헬스장
7631,"서울특별시 영등포구 영신로 228-6 (영등포동8가, 한양아이클래스오피스텔 B102호)",CrossFit Movement,126.904083326042,37.5273594708584,헬스장
7632,"서울특별시 영등포구 문래로26길 6, 101동 비121호 (문래동3가, 문래동메가트리움)",크로스핏 킹콩,126.897978095586,37.5183114455229,헬스장
7633,"서울특별시 영등포구 여의대방로 394, 우정빌딩 301, 302호 (여의도동)",글래드짐,126.932765535417,37.5193909949479,헬스장
7634,"서울특별시 영등포구 도신로 85 (도림동, 2층)",프라나(Prana)헬스클럽,126.90170635565,37.5070762059535,헬스장
7635,"서울특별시 영등포구 국제금융로6길 33, 7층 2호 (여의도동)",트레이닝 스튜디오 비칼,126.926911965929,37.5207908297398,헬스장
7636,"서울특별시 영등포구 여의대방로 141 (신길동, 순흥빌딩)",PT PICK(피티픽),126.919957889888,37.4996793942781,헬스장
7637,서울특별시 영등포구 대림로 212 (대림동),이루어짐 대림점,126.898146282157,37.4995960176959,헬스장
7638,서울특별시 영등포구 여의대방로61길 55 (신길동),(주)동진카운티스포츠센터,126.921522936837,37.5156628266601,헬스장
7639,"서울특별시 영등포구 선유서로 67  (양평동2가,신동아하이팰리스101동 지하1층)",팝스짐 스마트,126.884455098241,37.5220933827385,헬스장
7640,"서울특별시 영등포구 영신로 238 (영등포동8가,미소로 6,7층)",테리온 휘트니스,126.904213373698,37.5285509707178,헬스장
7641,"서울특별시 영등포구 당산로44길 3,  708호 (당산동5가,삼성타운 7층)",커브스 당산2클럽,126.901077532801,37.5319143458605,헬스장
7642,"서울특별시 영등포구 국제금융로6길 33, 3층 (여의도동)",휘트니스피플 우먼 여의도점,126.926911965929,37.5207908297398,헬스장
7643,"서울특별시 영등포구 도영로 50, 3층 (도림동)",로망휘트니스 영등포점,126.898453618747,37.5098955806815,헬스장
7644,"서울특별시 영등포구 신길로 59, 지하1층 (신길동, 샘탑빌딩)",아이언짐 신길점,126.907850135006,37.4979170321961,헬스장
7645,"서울특별시 영등포구 문래로 87 (문래동3가, 창대빌딩 3층)",아이케이 헬스케어,126.891649088836,37.5197101121278,헬스장
7646,"서울특별시 영등포구 문래로 83, 아라비즈타워 3층 308호 (문래동3가)",CORE LAB,126.891294037504,37.5199232334161,헬스장
7647,"서울특별시 영등포구 영등포로 364, 5층 (신길동)",바디앤짐 신길점,126.918360951993,37.5141215891197,헬스장
7648,"서울특별시 영등포구 은행로 11, 지하1층 (여의도동, 일신빌딩)",휘트니스 바빌론,126.920238846351,37.5279108261109,헬스장
7649,"서울특별시 영등포구 양평로24길 9 (양평동5가, 양평동한신아파트)",비타민헬스휘트니스,126.891745831623,37.5402803267019,헬스장
7650,"서울특별시 영등포구 당산로33길 9, 4층 401호 (당산동3가)",크리드짐,126.895647530576,37.5271727488824,헬스장
7651,"서울특별시 영등포구 당산로 222 (당산동5가, 당산디오빌 지하1층118호)",스컬짐,126.902291122854,37.5332447828491,헬스장
7652,서울특별시 영등포구 의사당대로 127 (여의도동),김금자 BodyFit,126.926406742546,37.5202405439146,헬스장
7653,"서울특별시 영등포구 국제금융로7길 22 (여의도동, 대교B상가 2층)",백선생운동센터,126.933074070061,37.5232504350637,헬스장
7654,"서울특별시 영등포구 당산로 132 (당산동3가,4층)",머슬 마인드 PT & 헬스 영등포구청점,126.897005507687,37.5262984376337,헬스장
7655,"서울특별시 영등포구 여의동로 213 (여의도동, 여의도금호리첸시아)",스포짐(SPOGYM),126.939629550245,37.5185953328631,헬스장
7656,"서울특별시 영등포구 국회대로66길 3 (여의도동, 한섬빌딩)",현대카드 휘트니스 센터,126.918728485094,37.5295236703044,헬스장
7657,"서울특별시 영등포구 양평로 67, 당산역 한강포스빌 지하 1층 (당산동5가)",터닝핏,126.899311690856,37.5349350800223,헬스장
7658,"서울특별시 영등포구 당산로41길 11 (당산동4가, 당산SKV1center)",큐어짐＆큐어필라테스,126.898319035004,37.5308112501685,헬스장
7659,"서울특별시 영등포구 여의대방로 394 (여의도동, 우정빌딩)",여의도 케틀벨,126.932765535417,37.5193909949479,헬스장
7660,"서울특별시 영등포구 양평로 107, 2층 (양평동4가, 유창빌딩)","몸애, 끌림",126.895368573357,37.5368750196902,헬스장
7661,"서울특별시 영등포구 영등포로 363, 3층 (신길동, HY빌딩)",팀닥터,126.918791878844,37.514562837386,헬스장
7662,"서울특별시 영등포구 선유로 63, EEU동신타워 208호 (문래동6가)",커브스 문래클럽,126.889049579249,37.5196525574619,헬스장
7663,"서울특별시 영등포구 도영로 22, 무명빌딩 지층 (도림동)",Young Gym,126.895896914711,37.5083314640482,헬스장
7664,"서울특별시 영등포구 양평로 6, 3층 (당산동6가)",바디픽스,126.905465690172,37.5323651968333,헬스장
7665,"서울특별시 영등포구 국제금융로 79, 지하1층 (여의도동, 한양아파트)",제이제이 피트니스,126.932482860172,37.5221431269115,헬스장
7666,"서울특별시 영등포구 여의대방로65길 24, 호성빌딩 (여의도동)",(주)바디채널 여의도,126.929293717613,37.5204421498979,헬스장
7667,"서울특별시 영등포구 양평로 22, 8층 (당산동6가)",클락짐 당산점,126.903933458671,37.5331572915693,헬스장
7668,서울특별시 영등포구 신풍로17길 12 (신길동),온앤온짐,126.916718003569,37.5009999212883,헬스장
7669,"서울특별시 영등포구 의사당대로 147, ABL타워 (여의도동)",(주)아이비스마트,126.927839304626,37.5188219877864,헬스장
7670,"서울특별시 영등포구 가마산로 433-1, SG메디피움 2층 (신길동)",머슬베어pt 신길점,126.904712874537,37.5051383554847,헬스장
7671,"서울특별시 영등포구 당산로30길 11, 엔젤빌딩 (당산동3가)",박원짐,126.89795066821,37.5255762942602,헬스장
7672,"서울특별시 영등포구 양평로23길 7, 지하 1층 2호 (양평동5가)",크로스핏 무브먼트,126.892189248024,37.5377793768738,헬스장
7673,"서울특별시 영등포구 선유로 246, 코틴빌딩 지하1층 (양평동4가)",피지컬프로짐,126.897060788943,37.5345590440566,헬스장
7674,"서울특별시 영등포구 당산로36길 15, 지층 (당산동4가)",핏트너(FITTNER),126.899390519301,37.527883643387,헬스장
7675,"서울특별시 영등포구 양산로17길 23, 2층 (당산동3가)",유어무브,126.893757021775,37.5266826303826,헬스장
7676,"서울특별시 영등포구 경인로112길 13, 금반석씨티빌9차 지층 (영등포동1가)",3GYM,126.914396850599,37.5180975236511,헬스장
7677,"서울특별시 영등포구 선유로 59, 문래 아카데미 3층 (문래동6가)",어반필드 문래점,126.88902705298,37.5192811429829,헬스장
7678,서울특별시 영등포구 도신로 227 (신길동),건강더하기헬스,126.916251827294,37.5121497972731,헬스장
7679,서울특별시 영등포구 영등포로72길 5 (신길동),코리아휘트니스,126.918822279044,37.5134388561063,헬스장
7680,서울특별시 영등포구 영신로19길 23 (영등포동),GT휘트니스클럽,126.905423478547,37.5135543074277,헬스장
7681,서울특별시 영등포구 신길로 149 (신길동),이지휘트니스,126.910439338711,37.5056059525097,헬스장
7682,서울특별시 영등포구 국제금융로6길 33 (여의도동),스타트원 헬스앤골프,126.926911965929,37.5207908297398,헬스장
7683,"서울특별시 영등포구 도림로 320, 대덕빌딩 (신길동)",GT휘트니스 2호점,126.90208898029,37.5061186655473,헬스장
7684,"서울특별시 영등포구 영등포로 420-6, 1층 (신길동)",(주)피프티핏,126.924277510876,37.5124877755177,헬스장
7685,"서울특별시 영등포구 영중로 157-11, 2층 (영등포동8가)",FS Garden,126.904878983056,37.5303826136204,헬스장
7686,"서울특별시 영등포구 국제금융로8길 26, 14층 (여의도동)",KB국민은행 피트니스(본관),126.927894008166,37.5208677482908,헬스장
7687,"서울특별시 영등포구 국회대로50길 20, 상가동 2층 21호 (영등포동7가, 포레나 영등포 센트럴)",LIFE STRENGTH GYM,126.905668672663,37.5238208014076,헬스장
7688,서울특별시 영등포구 여의대방로23길 23 (신길동),에디션서울,126.917371990432,37.4983487200805,헬스장
7689,"서울특별시 영등포구 국회대로 800, 여의도파라곤 지하 1층 104호 (여의도동)",여의도 피티 이프로 짐,126.921083475319,37.5309293878191,헬스장
7690,"서울특별시 영등포구 국제금융로 39, 2층 209,210,211,212호 (여의도동, 브라이튼 여의도)",하이랙스 여의도점,126.929338616058,37.5242915298626,헬스장
7691,서울특별시 영등포구 도영로22길 38 (영등포동),더 루트짐 영등포,126.90342088512,37.5102033849059,헬스장
7692,서울특별시 영등포구 당산로 142-1 (당산동3가),디아크하우스 PT 영등포구청점,126.897307869043,37.5273129584825,헬스장
7693,서울특별시 영등포구 선유로49길 4 (양평동4가),레드핏 휘트니스,126.89694987317,37.5359014378577,헬스장
7694,"서울특별시 영등포구 영등포로 33, 목동비즈타워 201,202호 (양평동2가)",올바른 PT,126.885222271529,37.5232920131718,헬스장
7695,"서울특별시 영등포구 63로 50, 63한화생명빌딩 40층 (여의도동)",63 피트니스,126.939909338068,37.5196641552816,헬스장
7696,"서울특별시 영등포구 여의대방로 105, 3층 (신길동)",베르데미,126.91812217316,37.4977612457716,헬스장
7697,"서울특별시 서초구 서래로 31, 2층 (반포동)",히스토리,126.998105573052,37.4980053958067,헬스장
7698,"서울특별시 영등포구 양평로 116-1, 더 레드 빌딩 10층 (양평동4가)",나의 운동일지PT,126.894758573778,37.537704028373,헬스장
7699,"서울특별시 영등포구 도림로 135, 건설스마트빌딩 지하2층 (대림동)",에이블짐 대림역점,126.896859600774,37.4932319948827,헬스장
7700,"서울특별시 동작구 보라매로 113, 코스모빌딩 5층 (대방동)",프레토 휘트니스,126.927896614044,37.4994633095093,헬스장
7701,"서울특별시 영등포구 양평로 136, 파크호텔 지하1층, 지상2층 (양평동5가)",업핏 웰니스 클럽,126.893055462568,37.5386759385728,헬스장
7702,"서울특별시 영등포구 영신로 27, 2층 (영등포동)",휴 휘트니스,126.90810307563,37.5138143799436,헬스장
7703,"서울특별시 영등포구 여의대방로67길 9, 두일빌딩 지하 1층 (여의도동)",슬릭 여의도캠프,126.930488645764,37.5195487940187,헬스장
7704,"서울특별시 영등포구 선유로9길 10, 문래 SK V1 center 305호 (문래동6가)",온바디,126.887153335542,37.517867225916,헬스장
7705,"서울특별시 영등포구 국회대로37길 25, 로얄프라자 (당산동4가)",LAFIT PT STUDIO,126.900578266152,37.5290086485115,헬스장
7706,"서울특별시 영등포구 여의대방로62길 2, 봉덕빌딩 (신길동)",FIT-GYM,126.926676485586,37.5138160173395,헬스장
7707,서울특별시 영등포구 도신로 255 (신길동),데일리프로젝트 피트니스,126.918188815619,37.5138974804882,헬스장
7708,"서울특별시 동작구 사당로 215 (사당동, 서림빌딩)",(주)데일리짐,126.972344800972,37.4844593113614,헬스장
7709,"서울특별시 영등포구 국제금융로 86 (여의도동, 롯데캐슬 아이비)",원앤온리짐,126.931800002781,37.5202061193308,헬스장
7710,"서울특별시 영등포구 버드나루로 88, 인따르시아사옥 지하 2층 (영등포동7가)",해빗 트레이닝,126.909255877212,37.5260672872371,헬스장
7711,"서울특별시 영등포구 대방천로 257, 지층 (신길동)",D-GYM,126.919411823216,37.4990102062751,헬스장
7712,"서울특별시 영등포구 양산로 43, 양평동우림 이 비지센타 지하1층 B123호 (양평동3가)",우림헬스클럽,126.887942282336,37.5257610278541,헬스장
7713,"서울특별시 영등포구 선유로 42, 3층 (문래동3가)",육체미공작소,126.889158092834,37.5176424319228,헬스장
7714,"서울특별시 영등포구 양평로12가길 4, 지하1층 (당산동6가)",크로스핏 긱스,126.90057642467,37.5362767499579,헬스장
7715,"서울특별시 영등포구 국회대로29길 6, 2층 (당산동4가)",위아핏,126.896788865618,37.5286793252818,헬스장
7716,"서울특별시 영등포구 여의대방로55길 18, 2층 (신길동)",바르다짐,126.923257305489,37.5125663153415,헬스장
7717,"서울특별시 영등포구 당산로28길 4, 지하1층 (당산동3가)",운동메이트,126.896964887809,37.5246580382356,헬스장
7718,"서울특별시 영등포구 당산로 42, 홈플러스 지하 2층 (문래동3가)",헬스보이짐 문래역점,126.895880210522,37.5182396969791,헬스장
7719,서울특별시 영등포구 대림로 251 (대림동),포텐 휘트니스 신도림점,126.896021583773,37.5030089776784,헬스장
7720,"서울특별시 영등포구 영신로 259, 호산당빌딩 (당산동5가)",클럽 인디고 당산점,126.904360817521,37.5305639270671,헬스장
7721,"서울특별시 영등포구 신길로8길 9, 1층 (신길동)",바벨 마스터,126.909436637088,37.4957529606994,헬스장
7722,"서울특별시 영등포구 의사당대로 141, KB국민은행 신관 5층 (여의도동)",KB국민은행 피트니스(신관),126.927285646478,37.5193487349967,헬스장
7723,"서울특별시 영등포구 양평로22길 16, 3층 301호 (양평동4가)",클라우드 짐 선유,126.895144631301,37.5389148651217,헬스장
7724,"서울특별시 영등포구 경인로 874, 세림빌딩 2층 (영등포동1가)",위고(WIGO),126.909819072261,37.5171997814518,헬스장
7725,"서울특별시 영등포구 영등포로20길 22, 2층 (문래동3가)",THE VALUE(더 벨류),126.892125694525,37.5199221939163,헬스장
7726,"서울특별시 영등포구 양평로 47, 지하 1층 (당산동5가)",헬스보이짐앤필라걸 당산역점,126.90098183202,37.5338722303791,헬스장
7727,"서울특별시 영등포구 영신로57길 1, 한강아파트 상가동 지하층 B01,B02,B03호 (당산동4가)",P&P(피앤피),126.903380464154,37.5279577936796,헬스장
7728,서울특별시 영등포구 영등포로53길 13 (영등포동2가),프리원핏,126.910903670624,37.5195390678419,헬스장
7729,"서울특별시 영등포구 신길로 167, 지층 (신길동)",투핏 신길점,126.910748289958,37.507058335897,헬스장
7730,"서울특별시 영등포구 영중로 138-1, 드림프라자 (영등포동8가)",김경훈박사의 뉴로트레이닝센터(서울본부),126.905990001256,37.5285572637012,헬스장
7731,"서울특별시 영등포구 영중로 79, 에즈 지하1층 (영등포동7가)",클라우드짐 프라임,126.904908229697,37.5234746572587,헬스장
7732,"서울특별시 영등포구 당산로 214, 지하1층 B04호 (당산동5가, 당산 삼성 래미안)",프라임짐,126.902834034778,37.5329312320335,헬스장
7733,"서울특별시 영등포구 당산로35길 8, 4층 (당산동4가)",WE ARE FITNESS,126.897000673102,37.5290741487772,헬스장
7734,"서울특별시 영등포구 경인로 841, 영등포우체국 지하 1층 (영등포동4가)",에이블짐 영등포역점,126.90604309721,37.5165301858178,헬스장
7735,"서울특별시 영등포구 가마산로89길 17, 서도빌딩 지하1층 (신길동)",크로스핏 바이브온,126.921845546696,37.5058893067629,헬스장
7736,"서울특별시 영등포구 여의나루로 81, 한마루빌딩 지하1층 (여의도동)",(주)벤골프,126.927731741938,37.5243213718368,헬스장
7737,"서울특별시 영등포구 선유서로 117, 3층 302호 (양평동3가)",피티다움,126.886112724011,37.5261628364547,헬스장
7738,"서울특별시 영등포구 도신로 59, 지하1층 (도림동, 브라보주상아파트)",머슬뱅크짐,126.899250887254,37.506028250873,헬스장
7739,"서울특별시 영등포구 선유동1로 31-2, 1,2,3층 (양평동3가)",소울메이트짐,126.891783135093,37.5251927437548,헬스장
7740,"서울특별시 영등포구 양산로17길 12, 2층 201호 (당산동3가)",핏랩(FIT LAB),126.893762462606,37.5254785365599,헬스장
7741,"서울특별시 영등포구 버드나루로19길 3, 양용빌딩 201호 (당산동)",위드핏,126.907717163762,37.5284013110538,헬스장
7742,"서울특별시 영등포구 여의대방로69길 7, 충무빌딩 (여의도동)",피트니스 타운,126.931254830335,37.5197638613541,헬스장
7743,"서울특별시 영등포구 당산로41길 11, 당산 SK V1 center E동 2층 202호 (당산동4가)",어반필드 당산 SK V1센터점,126.898319035004,37.5308112501685,헬스장
7744,"서울특별시 영등포구 영신로9라길 16, 영등포H빌딩 3층 (영등포동)",바디피티 PT센터,126.905397596488,37.5133591292895,헬스장
7745,"서울특별시 영등포구 가마산로 468, 2층 (신길동, 레전드힐스)",짐블랙 피트니스,126.908385786929,37.5056310474546,헬스장
7746,"서울특별시 영등포구 당산로 84-1, 2층 (당산동1가)",구공피티스튜디오,126.896010958788,37.5222445887142,헬스장
7747,"서울특별시 영등포구 국제금융로 86, 2층 204호 (여의도동, 롯데캐슬 아이비)",리프레쉬짐,126.931800002781,37.5202061193308,헬스장
7748,"서울특별시 영등포구 도림로 386, 지하1층 (도림동)",실버짐 헬스&PT 영등포점,126.898624360779,37.5112675061429,헬스장
7749,"서울특별시 영등포구 선유로 76, 동국메뜨리앙 306호 (문래동3가)",투데이핏,126.889905898442,37.5206488765446,헬스장
7750,"서울특별시 영등포구 국제금융로 70, 미원빌딩 407호 (여의도동)",누리예필라테스&PT,126.930677790628,37.5214946207638,헬스장
7751,"서울특별시 영등포구 여의대방로 386, 진주상가 301,302호 (여의도동)",리치업 PT,126.931943269754,37.5188979456571,헬스장
7752,"서울특별시 영등포구 양평로22나길 4, 2층 (양평동5가)",올라운드 BELL,126.894291173823,37.5389004991344,헬스장
7753,"서울특별시 영등포구 양평로 68, 디엔빌딩 9층 (당산동6가)",휘트니스피플 우먼 당산역점,126.899505032826,37.5353702476966,헬스장
7754,"서울특별시 영등포구 선유동2로 74, B1, B2층 (당산동5가)",주식회사 에이블짐 당산역점,126.898837229642,37.5348924176204,헬스장
7755,서울특별시 동작구 장승배기로27길 18 (노량진동),이루어짐,126.939042544418,37.5116890183844,헬스장
7756,"서울특별시 동작구 성대로39길 2, 사랑빌딩 2층 (상도동)",프루브짐,126.941332692984,37.5006203397632,헬스장
7757,"서울특별시 동작구 만양로18길 15, 3층 (노량진동)",투혼짐,126.945213824561,37.5131871681767,헬스장
7758,"서울특별시 동작구 사당로 219, 지하1층 (사당동)",리턴짐,126.972660477747,37.4841600698068,헬스장
7759,"서울특별시 동작구 상도로 37, 주영빌딩 지하1층 (대방동)",파워 유도 피트니스,126.92468106251,37.5000112771545,헬스장
7760,"서울특별시 서초구 서초대로77길 61, 4층 (서초동, S&GTOWER서초)",하우스필라테스,127.023696439353,37.5024402189894,헬스장
7761,"서울특별시 동작구 보라매로5길 35, 2층 (신대방동, 파크스퀘어,보라매현대APT)",고위드 피트니스,126.923508147169,37.4920901355933,헬스장
7762,"서울특별시 동작구 만양로 37, 1층 (노량진동)",Keep Fit studio,126.947618163481,37.507726820554,헬스장
7763,"서울특별시 동작구 사당로 300, 211호 (사당동, 이수자이)","나의, 체육관",126.980308511151,37.4844359490926,헬스장
7764,"서울특별시 동작구 상도로 357, 지층23호 (상도동)",H GYM FITNESS(에이치짐 휘트니스),126.953540835787,37.4969397553084,헬스장
7765,"서울특별시 동작구 흑석한강로 2, 흑석한강센트레빌 4층 404~405호 (흑석동)",바른핏PT,126.966516645021,37.5065990536717,헬스장
7766,"서울특별시 동작구 여의대방로24길 65, 골든퍼스트 지하1층 (대방동)",바디테일러 PT,126.923918172165,37.4985502575167,헬스장
7767,"서울특별시 동작구 상도로 61, 지1층 (대방동, 대방주상복합빌딩)",피트니스 킹덤,126.927338710386,37.4999679815238,헬스장
7768,"서울특별시 동작구 상도로62길 61, 성심빌딩 지하1층 (상도동)",트루머슬짐,126.952493428412,37.4967835547251,헬스장
7769,"서울특별시 동작구 여의대방로22길 92, 그린씨티24 지층 (신대방동)",왓어무브(WHAT A MOVE),126.92504644676,37.4977567417984,헬스장
7770,"서울특별시 동작구 장승배기로28길 19, 1층 (노량진동, 56빌딩)",피니쉬짐,126.941327354891,37.5124994573248,헬스장
7771,"서울특별시 동작구 보라매로5가길 16, 보라매아카데미타워 B2호 (신대방동, 보라매아카데미타워)",짐박스피트니스 보라매점,126.924094714271,37.4912751024086,헬스장
7772,"서울특별시 동작구 만양로 5-1, 2층 201호 (상도동, 나동)",우리짐 PT 상도점,126.946284192056,37.5052781908153,헬스장
7773,"서울특별시 동작구 만양로14가길 17, 1층 (노량진동)",주-한국스포츠개발짐리턴,126.944863037978,37.5123108685973,헬스장
7774,"서울특별시 동작구 상도로37길 32, 2층 (상도1동)",LIKE PT STUDIO,126.950243229127,37.5009323927231,헬스장
7775,"서울특별시 동작구 여의대방로22길 132, 3층 (신대방동)",주식회사 스포니스 신대방점,126.927168804832,37.4981513585394,헬스장
7776,"서울특별시 동작구 사당로 230-1, 4층 2호 (사당동)",주식회사 웨이트랩 남성역점,126.973071163431,37.4834438623061,헬스장
7777,"서울특별시 동작구 동작대로 187, 201호 (동작동)",VIVA LA GYM (비바라짐),126.982353435887,37.4935252784927,헬스장
7778,"서울특별시 동작구 동작대로 59, 지하2층 (사당동)",업투휘트니스프리미엄이수역 주식회사,126.981487484949,37.4820109847453,헬스장
7779,"서울특별시 동작구 동작대로29길 69, 금강산보석불가마사우나 404호 (사당동)",커브스 사당클럽,126.978107297965,37.4884520759924,헬스장
7780,"서울특별시 동작구 동작대로25길 9-8, 3층 (사당동)",어울림 바디클리닉(P.T 샵),126.981391291925,37.4860204577146,헬스장
7781,"서울특별시 동작구 양녕로 269-1, 상도한의원 지1층 (상도1동)",더 본짐,126.948784268148,37.5040397881991,헬스장
7782,"서울특별시 동작구 상도로 153, 3층 (상도동)",이콩고,126.936286242405,37.5034286832743,헬스장
7783,"서울특별시 서초구 남부순환로347길 101 (서초동, 지하1층)",워너비,127.029849245333,37.4887143289998,헬스장
7784,"서울특별시 동작구 상도로 280, 2층 (상도1동)",아워러스(OUROUS),126.947936181549,37.502385081191,헬스장
7785,"서울특별시 동작구 등용로 123, 3층 (대방동)",피트니스 890,126.931722395828,37.5121432646022,헬스장
7786,"서울특별시 동작구 상도로37길 53, 1층 101호 (상도동)",피지컬리지PT,126.95179608552,37.4995193581493,헬스장
7787,"서울특별시 동작구 동작대로 43, 2,3층 (사당동)",짐박스피트니스 사당1호점,126.98161154289,37.4805110944712,헬스장
7788,"서울특별시 동작구 노량진로 134, 이도타워 지하3,4층 (노량진동)",올데이스포츠,126.940880232779,37.5133653695495,헬스장
7789,"서울특별시 동작구 양녕로 268, 진영빌딩 5층 (상도1동)",위드미짐,126.948856226166,37.5034996666046,헬스장
7790,"서울특별시 동작구 상도로 174, 동서남북빌딩 9층 (상도동)",LIKE PT STUDIO 장승배기점,126.938418532982,37.5042527924312,헬스장
7791,"서울특별시 동작구 사당로17길 21, 4층 (사당동)",이안PT,126.973614747245,37.4841752435092,헬스장
7792,"서울특별시 동작구 상도로31길 83, 지하1층 (상도동)",LIKE PT STUDIO 상도2호점,126.946053312145,37.5053445797862,헬스장
7793,"서울특별시 동작구 동작대로13길 12, 자매빌딩 지층 (사당동)",얼티밋 트레이닝,126.980442816901,37.4818979200336,헬스장
7794,"서울특별시 동작구 노량진로 146, 이데아빌딩 지1층 (노량진동)",J.J GYM,126.942168403859,37.5132655453299,헬스장
7795,"서울특별시 동작구 등용로 124, 삼하빌딩 지1층 (대방동)",모브트레이닝 센터,126.932178750257,37.5121830815913,헬스장
7796,"서울특별시 동작구 사당로 285, 3층 (사당동)",근육형제,126.979182539226,37.4846491148735,헬스장
7797,"서울특별시 동작구 남부순환로 2067, 정석빌딩 5층 (사당동)",주-포스트,126.97856389888,37.4769214100582,헬스장
7798,"서울특별시 동작구 등용로 85, 3층 (대방동)",써킷일레븐11(써킷11),126.931957658906,37.5090297996577,헬스장
7799,"서울특별시 동작구 양녕로26길 27, 5층 (상도동, 삼익아파트)",엔짐,126.944257806099,37.4973902075154,헬스장
7800,"서울특별시 동작구 동작대로29길 69, 금강산보석불가마사우나 6층 601호 (사당동)",주-업투휘트니스,126.978107297965,37.4884520759924,헬스장
7801,"서울특별시 동작구 동작대로29길 36, 지하1층 (사당동)",시드니짐,126.979917728895,37.4883332843569,헬스장
7802,"서울특별시 동작구 노량진로 140, 메가스터디타워 B201, B203~B207호 (노량진동)",엑스 콩고,126.941700638806,37.512756878817,헬스장
7803,"서울특별시 동작구 서달로 166, 우리은행흑석동지점 5층 (흑석동)",마크짐 휘트니스,126.962881274043,37.5077644083105,헬스장
7804,서울특별시 동작구 흑석로6가길 21 (흑석동),헤라클레스,126.955856834488,37.5059379074905,헬스장
7805,"서울특별시 동작구 동작대로 89 (사당동, 골든시네마타워)",주- 이수역 헬스장 영자,126.981665713772,37.4846140265703,헬스장
7806,서울특별시 동작구 국사봉1길 12 (상도동),바디 디자인샵,126.929236790898,37.4987849415093,헬스장
7807,"서울특별시 동작구 만양로 14, 지층 (상도동)",SMART GYM,126.947377654076,37.5058732562978,헬스장
7808,"서울특별시 동작구 보라매로5가길 24, 지하2층 (신대방동, 보라매나산스위트)",크로스핏 보라매. 엘루이짐,126.923944114665,37.4906995321938,헬스장
7809,"서울특별시 동작구 여의대방로 22, 우성상가동 205-1,206호 (신대방동, 우성아파트)",짐퍼스트 헬스(우성점),126.911813692107,37.4910969139998,헬스장
7810,"서울특별시 동작구 등용로 127, 103동 지하2층 201호 (대방동, 대방동현대아파트)",Ground-K,126.930988395318,37.5125587415186,헬스장
7811,"서울특별시 동작구 동작대로27길 5, A동 5층 (사당동)",휘트니스 피플 우먼 이수역점,126.981491819978,37.48735441607,헬스장
7812,"서울특별시 동작구 상도로 352, 3층 (상도동)",커브스 상도클럽,126.952614412075,37.4969894833049,헬스장
7813,"서울특별시 동작구 보라매로 113, 7층 (대방동)",프레토 휘트니스,126.927896614044,37.4994633095093,헬스장
7814,"서울특별시 동작구 보라매로 59, 4층 (신대방동)",보라매 휘트니스,126.927071422699,37.4946774679661,헬스장
7815,서울특별시 동작구 상도로 179 (상도동),에브리데이짐,126.938547350594,37.504803193551,헬스장
7816,서울특별시 동작구 등용로4길 148 (노량진동),국제 헬스,126.93473418566,37.5119384569884,헬스장
7817,"서울특별시 동작구 상도로 241, 지1층 (상도동)",빅브로짐상도점,126.945639286409,37.505310331985,헬스장
7818,"서울특별시 동작구 신대방1가길 38, 105동 지층 101호 (신대방동, 동작상떼빌아파트)",워터힐 헬스,126.906939551385,37.487900996008,헬스장
7819,"서울특별시 동작구 동작대로27가길 36, 조양 4층 (사당동)",어반액티브,126.980955639666,37.4860171446651,헬스장
7820,"서울특별시 동작구 상도로 92, 성대메디컬 B1층 (상도동)",더블다운,126.930939966586,37.4996870456187,헬스장
7821,"서울특별시 동작구 사당로 177, 2층 (사당동)",트루머슬짐2호점사당동PT,126.968736090479,37.4863033162111,헬스장
7822,"서울특별시 동작구 시흥대로 676, 4층 (신대방동)",짐프릭스 신대방점,126.909157592901,37.491701099129,헬스장
7823,"서울특별시 관악구 봉천로31길 6, B01, B02호 (봉천동)",인바이트짐,126.941557923112,37.4839898410815,헬스장
7824,"서울특별시 관악구 관악로 204, 3층 (봉천동)",시즌온짐,126.954294809609,37.482961727606,헬스장
7825,"서울특별시 관악구 남부순환로 1924, 동림오피스텔 지하2층,지하3층 (봉천동)",짐박스피트니스 낙성대점,126.96287811279,37.4769082427966,헬스장
7826,"서울특별시 관악구 남부순환로 1808, 관악센츄리타워 4층 401호 (봉천동)",포인티PT,126.950917798181,37.4810880767354,헬스장
7827,"서울특별시 관악구 신원로 26, 101동 지1층 101호 (신림동, 신림동부아파트)",신림동점 스포애니 (주)케이디헬스케어,126.928270805228,37.4811549763764,헬스장
7828,"서울특별시 관악구 남부순환로 1926, 경동제약빌딩 지하2층 (봉천동)",에프45낙성대(F45낙성대),126.963144853114,37.4768185857401,헬스장
7829,"서울특별시 관악구 남부순환로 1936, 벽천빌딩 3층 (봉천동)",트윈PT,126.963959168601,37.4766192632953,헬스장
7830,"서울특별시 관악구 호암로24길 35, 청송빌딩 지하1층 (신림동)",KuksooL Multi-Gym,126.935103646027,37.4696636645398,헬스장
7831,"서울특별시 관악구 난곡로 84, 큰믿음유신교회 지층 (신림동)",Top-tier GYM,126.919390910287,37.4629028048049,헬스장
7832,서울특별시 관악구 남부순환로185길 33 (신림동),프라이빗 짐 라카브 신림점,126.932055660447,37.4861285276691,헬스장
7833,"서울특별시 관악구 행운2길 20, 5층 (봉천동)",ESC(elite sporst conditioning GYM),126.960037125658,37.4790929847652,헬스장
7834,"서울특별시 관악구 남부순환로180길 6, 2층 (신림동, 최강타워)",그린짐,126.930629680819,37.4837589483107,헬스장
7835,"서울특별시 관악구 은천로 48, 2층 (봉천동)",엠제이핏 PT,126.940505291228,37.4859763994096,헬스장
7836,"서울특별시 관악구 남현1길 68-18, 지하1층 (남현동, 네스코 로와)",크로스핏 타우너,126.981176622724,37.4750121649246,헬스장
7837,"서울특별시 관악구 관악로 1, 서울대학교 919동 1층 146,147호 (신림동)",짐박스피트니스 서울대기숙사점,126.94815644252,37.4662872666604,헬스장
7838,"서울특별시 관악구 남부순환로 1895, 지하1층 B1호 (봉천동)",랩스휘트니스 낙성대점 헬스 PT,126.960284807111,37.4787202306311,헬스장
7839,"서울특별시 관악구 남부순환로246라길 3, 스카이빌 지하1층 (봉천동)",채육관,126.964054437845,37.4748051991994,헬스장
7840,"서울특별시 관악구 호암로26길 47, 신림빌딩 지하1층,2~3층 (신림동)",fitness SUIT,126.936234178886,37.4704845600256,헬스장
7841,"서울특별시 관악구 신림로64길 9, 3층 (신림동)",유앤아이짐,126.930248253503,37.4851598817952,헬스장
7842,"서울특별시 관악구 남부순환로 1832, 오선빌딩 지하 1층 (봉천동)",런 서울대입구,126.953497637127,37.4807059211487,헬스장
7843,"서울특별시 관악구 봉천로 212, 3층 (신림동)",바디클래스,126.925060666631,37.4896370569469,헬스장
7844,"서울특별시 관악구 은천로 23, 4층 (봉천동)",폴인핏(FALL IN FIT),126.937927086846,37.4864072865821,헬스장
7845,"서울특별시 관악구 신림로 266, 3층 (신림동)",동방짐 피트니스,126.932328416894,37.4788188912085,헬스장
7846,"서울특별시 관악구 봉천로 568-1, 브릴란트 빌딩 2층 (봉천동)",움직일 시간,126.960594754919,37.4773196251448,헬스장
7847,"서울특별시 관악구 대학길 6, 3층 (신림동)",밸런스 메이트 PT STUDIO,126.937764733151,37.4703043630397,헬스장
7848,"서울특별시 관악구 남부순환로 1923, 남정빌 3층 (봉천동)",모아핏휘트니스 낙성대역점,126.963099158641,37.4775498308417,헬스장
7849,"서울특별시 관악구 은천로 113, 3층 (봉천동)",텐퍼센트 짐,126.947912510007,37.486967131768,헬스장
7850,"서울특별시 관악구 신림로 99, B1층 (신림동, 센터스퀘어 서울대점)",짐박스피트니스 신림본점,126.938430746227,37.4702240714953,헬스장
7851,"서울특별시 관악구 대학5길 8, 지하1층 (신림동)",With Gym(위드짐),126.938242258684,37.4691758274797,헬스장
7852,"서울특별시 관악구 관악로17길 8, 지층 101호 (봉천동)",Re:BODY 헬스 365,126.951311358341,37.4809223638223,헬스장
7853,"서울특별시 관악구 남부순환로 1798, 예성 아이 라이프 지하1층 (봉천동)",바운드짐,126.949923176815,37.4812917378912,헬스장
7854,"서울특별시 관악구 신림동길 10, 3층 (신림동)",레코브,126.927527171531,37.4875071719379,헬스장
7855,"서울특별시 관악구 남현2길 62, 인성빌딩 1층 (남현동)",천프로짐,126.973966215513,37.4755295977705,헬스장
7856,"서울특별시 관악구 남부순환로 1921, 금강빌딩 지하1층 (봉천동)",에이치코어낙성대점,126.962793626502,37.477661640408,헬스장
7857,"서울특별시 관악구 남부순환로 1603, 지하1층 (신림동)",러너스하이 피트니스 신림,126.928803713296,37.4844379432327,헬스장
7858,"서울특별시 관악구 남부순환로 1836, 호산빌딩 지하1층 (봉천동)",짐박스피트니스 서울대입구점,126.953743537738,37.4805323031355,헬스장
7859,"서울특별시 관악구 신림로58길 13, S-빌딩 201호 (신림동)",주식회사바운드 신림역점,126.93063378688,37.4826196254442,헬스장
7860,"서울특별시 관악구 남부순환로 1931, 케에타워 지하2층 (봉천동)",DYGYM,126.963886972814,37.4772285940493,헬스장
7861,"서울특별시 관악구 봉천로14길 12, 지하1층 (신림동, 관전GT타워)",얼티밋트레이닝 신림점,126.929962905972,37.4875456723701,헬스장
7862,"서울특별시 관악구 대학길 26, 지하1층 (신림동)",메타 크로스핏,126.937716018708,37.4696136226628,헬스장
7863,서울특별시 관악구 남부순환로 2074 (남현동),짐박스피트니스 사당2호점,126.979070603665,37.4761356402384,헬스장
7864,"서울특별시 관악구 난곡로 53, 관악산휴먼시아 2층 206호 (신림동)",박교수 체형교정센터,126.919326648265,37.4602221608432,헬스장
7865,"서울특별시 관악구 신림로 108, 지하1층 (신림동)",원펀짐,126.937597983499,37.4711305016924,헬스장
7866,"서울특별시 관악구 조원로 132, 신림프라자 3층 (신림동)",짐엑스 신사시장점,126.916921480265,37.4852547882808,헬스장
7867,"서울특별시 관악구 남부순환로161가길 34, 2층 (신림동)",짐엑스 신대방점,126.91687203924,37.484976251885,헬스장
7868,"서울특별시 관악구 남부순환로 1905, 5층 (봉천동)",유코치 PT,126.9611391649,37.4783183942378,헬스장
7869,"서울특별시 관악구 신사로 104-1, 6층 (신림동)",더 스테이 짐(The Stay Gym),126.91406597477,37.4872197363608,헬스장
7870,"서울특별시 관악구 남부순환로191길 7, 지하1층 (신림동, 에드원)",고핏 피트니스,126.934001482301,37.4855884851628,헬스장
7871,"서울특별시 관악구 대학5길 6, 2층 (신림동)",힙짐(HIP GYM),126.938005216969,37.469163990217,헬스장
7872,"서울특별시 관악구 남부순환로 1690, 지하1층 (봉천동)",메이크타임PT,126.937988915461,37.4836957346515,헬스장
7873,"서울특별시 관악구 난곡로 357, 2층 (신림동)",유얼스짐PT 신대방역점,126.91344763033,37.4859134542249,헬스장
7874,"서울특별시 관악구 난곡로 227-1, 3층 (신림동)",first-step Gym,126.91670144254,37.474568216729,헬스장
7875,"서울특별시 관악구 난곡로65길 9, 지하1층 (신림동)",설핏,126.913663987458,37.4822280381008,헬스장
7876,"서울특별시 관악구 난곡로 100, 1층 103,104,105호 (신림동, 파로스프라자A동)",데일리 휘트니스,126.919613685063,37.4645001795391,헬스장
7877,"서울특별시 관악구 봉천로 223, 5층 (봉천동)",피지오숲,126.926481457694,37.4900816057024,헬스장
7878,"서울특별시 관악구 보라매로 4, 태영빌딩 3층,4층 (봉천동)",온오프짐 당곡역점,126.92797868299,37.4899597205932,헬스장
7879,"서울특별시 관악구 남부순환로 1944, 지하1층 B01호 (봉천동)",휴코어 낙성대점,126.964798740309,37.4763144345225,헬스장
7880,서울특별시 관악구 난곡로 173 (신림동),바디케이PT 난곡점,126.91963409766,37.4705630954799,헬스장
7881,"서울특별시 관악구 관악로17길 25, 그린피아 오피스텔 B1층 101호 (봉천동)",헤게모니짐PT 서울대입구점,126.95025710316,37.4806955912288,헬스장
7882,"서울특별시 관악구 남부순환로 1940, 지하1층 B101호 (봉천동)",휘트니스 에일린,126.964287094969,37.4764749310155,헬스장
7883,"서울특별시 관악구 보라매로3길 29, 3층 07, 08호 (봉천동, 해태보라매타워)",제이디피티샵,126.924990343437,37.4912113425285,헬스장
7884,"서울특별시 관악구 신림로23길 16, 일성트루엘 1층 1076~1093호 (신림동)",짐박스 신림3호점,126.934476782389,37.4704811658789,헬스장
7885,"서울특별시 관악구 난곡로 194, 4층 (신림동)",무브라이프짐,126.919608982564,37.4722697720366,헬스장
7886,"서울특별시 관악구 조원로 56, 4층 (신림동)",터틀짐(Turtle Gym),126.908704653964,37.4834854516636,헬스장
7887,"서울특별시 관악구 시흥대로 568, 지하1층 (신림동)",정피트니스(2호점),126.902373852685,37.4833757831639,헬스장
7888,"서울특별시 관악구 남부순환로 1934, 낙성대빌딩 지하1층 (봉천동)",오늘부터 운동PT,126.963735538331,37.4766373051657,헬스장
7889,"서울특별시 관악구 신림로 367, 4층 (신림동)",유얼스짐PT 신림역점,126.928744426224,37.4870995755769,헬스장
7890,"서울특별시 관악구 난곡로 100, A동 B1-07호 (신림동, 파로스프라자A동)",Hong gym,126.919613685063,37.4645001795391,헬스장
7891,"서울특별시 관악구 신림로64길 23, 5층,6층 (신림동)",신림헬스 고운짐,126.931021236392,37.4852226853822,헬스장
7892,"서울특별시 관악구 남부순환로 1814, 대연빌딩 지하1층 (봉천동)",슬릭부스트 서울대입구점,126.951566124274,37.4810358154572,헬스장
7893,"서울특별시 관악구 신사로 104, 7층 (신림동)",이너핏,126.91395890169,37.4871172138433,헬스장
7894,"서울특별시 관악구 난우길 41, 3층 (신림동)",GOGO점핑 다이어트,126.917178437411,37.4761787463639,헬스장
7895,"서울특별시 관악구 보라매로 13, 지하2층 (봉천동)",짐 인 더 하우스 2호점,126.927072002784,37.4905918518063,헬스장
7896,"서울특별시 관악구 남부순환로 1817, Q타워 지하1층 B102호 (봉천동)",피트니스 FM,126.952144384523,37.4816411686596,헬스장
7897,"서울특별시 관악구 신원로 38, 4층 (신림동)",피티나인,126.929378426304,37.4819176267219,헬스장
7898,"서울특별시 관악구 쑥고개로 121, 지하2-3층 (봉천동, 삼일빌딩)",우리 크로스핏 지엘짐 역도체육관 본점,126.950064685615,37.4791492883376,헬스장
7899,"서울특별시 관악구 봉천로 485, 6층 (봉천동)",에이치코어,126.953900504959,37.4821241769139,헬스장
7900,"서울특별시 관악구 남부순환로 1951, 3층 (봉천동)",바디에프오 낙성대점,126.966079042098,37.4763892324087,헬스장
7901,"서울특별시 관악구 양녕로 50, 3층 (봉천동)",운동해야짐,126.947220766123,37.4864591968344,헬스장
7902,"서울특별시 관악구 신림로 257, 3층 (신림동)",라이프짐 서원역점,126.932525024133,37.4778130267899,헬스장
7903,"서울특별시 관악구 남부순환로 2064, 지하1층 (남현동)",사당역점 스포애니 (주)케이디헬스케어,126.978098942823,37.4764021630158,헬스장
7904,"서울특별시 관악구 은천로 124, 2층 (봉천동)",무브 유,126.94893008197,37.4865535628013,헬스장
7905,"서울특별시 관악구 남부순환로 1733, 지하1층 (봉천동)",휘트니스 에일린 2호점,126.942759661044,37.4825535910402,헬스장
7906,"서울특별시 관악구 신사로 116-1, 6층 (신림동)",비더원 PT 신대방역점,126.915156444572,37.48790222696,헬스장
7907,"서울특별시 관악구 봉천로 516, 3층 (봉천동)",웨슬리짐,126.955538470679,37.479789029001,헬스장
7908,"서울특별시 관악구 남부순환로246길 18, 3층 (봉천동)",다름 PT STUDIO 낙성대,126.964219398923,37.4757144583192,헬스장
7909,"서울특별시 관악구 조원로 10-1, 2층 (신림동)",유얼스짐PT 구로디지털점,126.903449197834,37.4832968374719,헬스장
7910,서울특별시 관악구 인헌길 68 (봉천동),아크로 휘트니스,126.966353193028,37.4723656704257,헬스장
7911,"서울특별시 관악구 호암로26길 17, 2층 (신림동)",동방헬스타운,126.934607229207,37.4707490184504,헬스장
7912,"서울특별시 관악구 청룡1길 2, 관악중앙새마을금고 5,6,7층 (봉천동)",짐박스피트니스 봉천점,126.946470197661,37.4810921822049,헬스장
7913,"서울특별시 관악구 남부순환로 1855, 지하1층 (봉천동)",서울대입구점 스포애니 (주)케이디헬스케어,126.956245384035,37.4802548443048,헬스장
7914,"서울특별시 관악구 관악로 217, 10층 (봉천동)",블랙멀티짐(서울대점),126.954677353454,37.4843787109112,헬스장
7915,"서울특별시 관악구 난곡로 367, 5층 501호 (신림동)",파운드 짐,126.913354117853,37.4867009567317,헬스장
7916,"서울특별시 관악구 쑥고개로 100, 214호 (봉천동, 생모리츠타운)",선샤인핏,126.947648773898,37.4789463264491,헬스장
7917,"서울특별시 관악구 남부순환로 1369, 3층 (신림동, 관악농협농산물백화점)",업프로짐,126.902907755863,37.4801331328431,헬스장
7918,서울특별시 관악구 봉천로 516 (봉천동),웨슬리짐,126.955538470679,37.479789029001,헬스장
7919,"서울특별시 관악구 남부순환로 2062, 3층 (남현동)",근육터짐 지방빠짐,126.977800930042,37.4764099461867,헬스장
7920,"서울특별시 관악구 신림로67길 3-8, B01호 (신림동, 라임카운티)",R.F Shop(알에프샵),126.929024055899,37.4858968081005,헬스장
7921,"서울특별시 관악구 시흥대로 548, 남문빌딩 2층 (신림동)",정피트니스,126.901084634069,37.4817894766254,헬스장
7922,"서울특별시 관악구 신원로3가길 21, 지하1층 (신림동)",프리원핏 신림점,126.927062906179,37.4807579732135,헬스장
7923,"서울특별시 관악구 신원로 13, 성신빌딩 2층 (신림동)",더짐혼 2호점,126.927698678963,37.4804889623084,헬스장
7924,"서울특별시 관악구 봉천로 575, 6층 (봉천동)",김코치PT(낙성대점),126.961481858172,37.4774028105387,헬스장
7925,"서울특별시 관악구 신림로 368, 3층 (신림동)",바디가드 짐,126.929253228862,37.4871133964642,헬스장
7926,"서울특별시 관악구 호암로26길 17, 지층 (신림동)",동방 짐,126.934607229207,37.4707490184504,헬스장
7927,"서울특별시 관악구 남부순환로 1899, 4층 (봉천동)",파워존 낙성대점,126.960653825896,37.4785065445749,헬스장
7928,"서울특별시 관악구 남부순환로 1799, 지하1층 (봉천동)",얼티밋트레이닝 서울대점,126.950132074266,37.4818623450493,헬스장
7929,서울특별시 관악구 대학5길 26 (신림동),PT DAY,126.939200547417,37.4691487535,헬스장
7930,서울특별시 관악구 양녕로 29 (봉천동),이도 피트니스,126.946395058313,37.4846673504229,헬스장
7931,서울특별시 관악구 신림로 206 (신림동),월드짐 휘트니스,126.937446935701,37.4756288046285,헬스장
7932,"서울특별시 관악구 남부순환로 1820, 13층 (봉천동)",자마이카휘트니스,126.952083773717,37.4809479979455,헬스장
7933,"서울특별시 관악구 행운2길 52, B01호 (봉천동)",HERO GYM,126.961604735187,37.4785357798027,헬스장
7934,서울특별시 관악구 광신길 104 (신림동),헬스119,126.926010030601,37.4637260638889,헬스장
7935,"서울특별시 관악구 청림6길 3, 401호 (봉천동,대우푸르지오 상가)",주식회사 관악투엑스휘트니스,126.959937748135,37.4875621618116,헬스장
7936,"서울특별시 관악구 성현로 80 (봉천동, 관악드림타운 주상가)",오버탑휘트니스 헬스 PT & 골프 필라테스 관악봉천점,126.952985510916,37.4898474387668,헬스장
7937,서울특별시 관악구 인헌6길 15 (봉천동),낙성대점 스포애니 (주)케이디헬스케어,126.965905335066,37.4737750824086,헬스장
7938,"서울특별시 관악구 남현1길 38-10, 1층 (남현동)",교통문화교육원 헬스크럽,126.979245142307,37.4753765702546,헬스장
7939,서울특별시 관악구 봉천로 227 (봉천동),보라매점 스포애니 (주)케이디헬스케어,126.927117551199,37.4900315434017,헬스장
7940,"서울특별시 관악구 은천로 28, 봉일프라자 4층 (봉천동)",봉일스파랜드,126.938389949449,37.4859081000629,헬스장
7941,"서울특별시 관악구 난곡로 210 (신림동,6,7층)",짐박스피트니스 난곡점,126.918544974873,37.4737298508968,헬스장
7942,서울특별시 관악구 신림로 272 (신림동),럭키헬스클럽,126.93201825115,37.4791220829489,헬스장
7943,"서울특별시 관악구 관악로 248, 4층 (봉천동)",SY GYM,126.957149966801,37.4862101220192,헬스장
7944,"서울특별시 관악구 남부순환로 1479 (신림동,3층)",에스엠 휘트니스,126.914940860142,37.4821799493692,헬스장
7945,"서울특별시 관악구 쑥고개로 121, 지하1층 (봉천동, 삼일빌딩)",플렉스짐,126.950064685615,37.4791492883376,헬스장
7946,"서울특별시 관악구 신림로 300, 2층 (신림동, 웅산빌딩)",The Gym : 魂 (더 짐 : 혼),126.930310668665,37.4811405195858,헬스장
7947,"서울특별시 관악구 관악로40길 47, 2층 (봉천동, 현대상가)",제임스짐,126.95892477375,37.4920550488974,헬스장
7948,"서울특별시 관악구 양녕로 58, 301호 (봉천동)",커브스 봉천클럽,126.947036314759,37.4873102965781,헬스장
7949,"서울특별시 관악구 신림로 350, 지하1층 (신림동, 서원프라자, 태영아파트)",파운드짐 헬스&PT 신림역점,126.929948753311,37.4855072234589,헬스장
7950,"서울특별시 관악구 신림로64길 43, 지상1층,지하1층 (신림동)",고핏 퍼스널트레이닝,126.932102303367,37.4853141332225,헬스장
7951,"서울특별시 관악구 서림길 22, 지하1층 (신림동)",동방헬스장,126.937741644199,37.4751081766415,헬스장
7952,"서울특별시 관악구 신림로 276, 3층 (신림동)",Him PT,126.931703726508,37.4793671562516,헬스장
7953,"서울특별시 관악구 봉천로 217-1, 4층 (봉천동)",파인필드,126.925974819591,37.4901461618804,헬스장
7954,"서울특별시 관악구 은천로 95, 벽산블루밍아파트 501동 1층 (봉천동)",에스짐 관악봉천점,126.945894955554,37.4873460900284,헬스장
7955,"서울특별시 관악구 관악로 199, 3층 (봉천동)",휘트니스피플 우먼 서울대점,126.953587750655,37.4830752493665,헬스장
7956,서울특별시 관악구 신림로 340 (신림동),자마이카 짐,126.930096548294,37.4847625375982,헬스장
7957,"서울특별시 관악구 관악로 168, 지하1층 (봉천동, 대우디오슈페리움2단지)",휘트니스에프엠,126.952984762396,37.4802159296703,헬스장
7958,"서울특별시 관악구 관악로 1, 900동 B2호 (봉천동)",서울대학교 Double S Fitness,126.94815644252,37.4662872666604,헬스장
7959,"서울특별시 관악구 남부순환로 1793 (봉천동,백광빌딩 지하1,2층)",운동친구,126.949367719564,37.481942029552,헬스장
7960,"서울특별시 관악구 과천대로 939, B301호 (남현동, 르메이에르강남타운2)",피트니스메이트,126.981430242321,37.4743771732195,헬스장
7961,"서울특별시 관악구 은천로 51, 지하1층 (봉천동, 원익빌딩)",은천점 스포애니 (주)케이디헬스케어,126.941249709289,37.4862967199076,헬스장
7962,"서울특별시 관악구 남부순환로 1685, 지층 (봉천동)",쿠타(본점),126.937870529653,37.4843865657196,헬스장
7963,"서울특별시 관악구 관악로 163, 3층 (봉천동, 효원빌딩)",제임스킬짐PT 서울대입구점,126.952044774856,37.4798753308636,헬스장
7964,"서울특별시 관악구 남부순환로 1464, 지층 (신림동, 승도빌딩)",크로스핏 리치 난곡점,126.913378400019,37.4812406839959,헬스장
7965,서울특별시 관악구 관악로15길 6 (봉천동),JS GYM,126.952064224267,37.4804012577558,헬스장
7966,"서울특별시 관악구 호암로22길 60, 지하1층 (신림동, 태양빌딩)",곰짐(Gom Gym),126.936163594635,37.4685423934803,헬스장
7967,"서울특별시 관악구 남부순환로 1915, 지층 (봉천동)",PURE GYM,126.962205494624,37.4779156285198,헬스장
7968,"서울특별시 관악구 양녕로 59, 3층 302호 (봉천동)",텐 퍼센트(TEN PERCENT),126.946610980182,37.4872589278874,헬스장
7969,"서울특별시 관악구 난곡로 98, 1층 106호 (신림동, 파로스프라자B동)",바디트레이닝(미),126.919458376949,37.4640754271385,헬스장
7970,"서울특별시 관악구 남부순환로 1939, 태양빌딩 2층 (봉천동)",레시핏 낙성대점,126.964839852442,37.476881362041,헬스장
7971,"서울특별시 관악구 쑥고개로 75, 광장빌딩 지1층 (봉천동)",운동하는날 서울대봉천점,126.94493248435,37.4796636465434,헬스장
7972,"서울특별시 관악구 신림로 198, 3층 (신림동)",짐박스피트니스 신림4호점,126.93688000303,37.4750584342666,헬스장
7973,"서울특별시 관악구 남부순환로 1888, GTI 빌딩 지하1층 (봉천동)",리메이크바디샵,126.959002604542,37.4785444562777,헬스장
7974,"서울특별시 관악구 관악로 153, 지하1층 (봉천동)",다조아GYM,126.952039897314,37.4790158562216,헬스장
7975,"서울특별시 관악구 신림로 132, 2층 (신림동)",이너멜 피트니스,126.934971850717,37.4716050894308,헬스장
7976,"서울특별시 관악구 신림로 132, 3층 (신림동)",이너멜핏,126.934971850717,37.4716050894308,헬스장
7977,"서울특별시 관악구 신림로59길 14, 민속순대타운 5층 (신림동)",짐박스피트니스 신림역점,126.928776084349,37.4832898616637,헬스장
7978,"서울특별시 관악구 보라매로 22, 4층 (봉천동)",릿업핏PT,126.927315379523,37.4913690304972,헬스장
7979,"서울특별시 관악구 봉천로 407-1, 지하1층 (봉천동)",탁구앤짐,126.945315710854,37.4831362225828,헬스장
7980,"서울특별시 관악구 쑥고개로 97, 지층 (봉천동)",GYM PRIVATE,126.947484476464,37.4793042245021,헬스장
7981,"서울특별시 관악구 쑥고개로 103, 2층,3층 (봉천동)",봉천동점 스포애니 (주)케이디헬스케어,126.947845935496,37.4792879862365,헬스장
7982,"서울특별시 관악구 봉천로 604, 진원빌딩 지층 (봉천동)",운동하는날 낙성대점,126.964076509702,37.4759302068049,헬스장
7983,"서울특별시 관악구 양녕로 46, 메카플러스 7층 (봉천동)",짐박스피트니스 봉천현대시장점,126.947238616678,37.4861580878937,헬스장
7984,"서울특별시 관악구 신사로20길 53, 지하1층 (신림동)",프리원핏 신대방점,126.917875640317,37.4868182537709,헬스장
7985,"서울특별시 관악구 은천로 37, 정암빌딩 7층 (봉천동)",미래가그려짐 봉천역점 헬스&PT,126.939578517495,37.4863374135421,헬스장
7986,"서울특별시 관악구 남부순환로 1630, 지하1층 (신림동)",핏라운지PT 신림점,126.931755140676,37.4842455175802,헬스장
7987,"서울특별시 관악구 남부순환로 1709, 한성빌딩 301호 (봉천동)",핏티,126.940266155866,37.4832725328964,헬스장
7988,"서울특별시 관악구 난곡로 303, 501호 (신림동)",하이 설핏,126.914411268458,37.4809956415208,헬스장
7989,"서울특별시 관악구 남현2길 8, 지층 (남현동)",프리원핏 사당점,126.976928507994,37.4759896382154,헬스장
7990,"서울특별시 관악구 쑥고개로21길 9, 보은아트빌라 제비01호 (봉천동)",프리원핏 서울대점,126.948461936885,37.4795308983069,헬스장
7991,"서울특별시 관악구 봉천로29길 52, 지하1층 (봉천동)",프리원핏 봉천점,126.942243079231,37.485485401341,헬스장
7992,"서울특별시 서초구 반포대로14길 42, 오영빌딩 3층 (서초동)",엠퍼스널트레이닝서초,127.013451848431,37.4858560926799,헬스장
7993,"서울특별시 서초구 사평대로26길 8, 포레 933빌딩 4층 (반포동)",발리휘트니스(BALI Fitness),126.998701396069,37.4997579512068,헬스장
7994,"서울특별시 서초구 동산로12길 4, 유성빌딩 지하1층 (양재동)",퍼스트짐,127.045043136958,37.4715529486838,헬스장
7995,"서울특별시 서초구 서초중앙로22길 92-4, 동구빌딩 지층 (서초동)",팀람다 트레이닝센터,127.018889085316,37.4939732472792,헬스장
7996,"서울특별시 서초구 사임당로 143, Cross 143 4층 407,408호 (서초동)",내셔널짐 서초점,127.025236485997,37.4918506404669,헬스장
7997,"서울특별시 서초구 신반포로33길 62, 202호 (잠원동)",우노짐 잠원,127.008853083538,37.5132017944915,헬스장
7998,"서울특별시 서초구 강남대로83길 24, 2층 (반포동)",머슬메모리,127.022068080934,37.5061429460128,헬스장
7999,"서울특별시 서초구 방배중앙로 181, B1층 (방배동)",아워피트니스 프리미엄,126.985672027908,37.4951050126287,헬스장
8000,"서울특별시 서초구 반포대로14길 71, LG서초에클라트 지하1층 (서초동)",웨이브휘트니스,127.01450471794,37.4869095170024,헬스장
8001,"서울특별시 서초구 효령로 330, 해평빌딩 2층 (서초동)",하이브짐(Hive Gym),127.020252541367,37.4857601563836,헬스장
8002,"서울특별시 서초구 반포대로 58, 상가동 지하1~2층 (서초동, 서초아트자이)","골드에스 휘트니스, 필라테스 서초점",127.011561022005,37.4859515294058,헬스장
8003,"서울특별시 서초구 서초대로 335, 서흥빌딩 5층 (서초동)",피트니스솔루션,127.01808528391,37.4952764993945,헬스장
8004,"서울특별시 서초구 강남대로 210, 행복빌딩 지하1,2층 (양재동)",매일 피트니스 양재역점,127.036163193656,37.4830312576202,헬스장
8005,"서울특별시 서초구 서초대로 320, 하림인터내셔날빌딩 지하2층 (서초동)",(주)에이블짐 교대역점,127.01657607757,37.4942200198785,헬스장
8006,"서울특별시 서초구 서래로 32, 백림제2빌딩 3층 (반포동)",베스트 오브 벨리,126.998544916703,37.4978942178405,헬스장
8007,"서울특별시 서초구 잠원로 148, 4층 402호 (잠원동, 잠원연합상가)",클럽몬스터(CLUB MONSTER),127.010063540612,37.5162644800171,헬스장
8008,"서울특별시 서초구 강남대로47길 52, 지하1층 (서초동)",온더피티스튜디오 서초점,127.028895394529,37.4882042352866,헬스장
8009,"서울특별시 서초구 사임당로 151, 대한무지개종합상가 3층 301호 (서초동)",테디짐PT 강남점,127.025692827371,37.4920676848724,헬스장
8010,"서울특별시 서초구 사임당로17길 123, 맥스빌딩 (서초동)",노련한 PT,127.019323116547,37.4936435887032,헬스장
8011,"서울특별시 서초구 반포대로30길 81, 웅진타워 (서초동)",올데이핏(Allday Fit),127.012979871645,37.4928727432965,헬스장
8012,"서울특별시 서초구 사임당로 31, 궁현빌딩 지하1층 (서초동)",나만의 GYM,127.013488684094,37.4882347498646,헬스장
8013,"서울특별시 서초구 방배로 136, 2층 (방배동)",짐포레스트 방배점,126.994867121185,37.4862999529272,헬스장
8014,"서울특별시 서초구 방배천로18길 11, B동 204호 (방배동)",유앤PT 이수역점,126.983066727938,37.4835761837235,헬스장
8015,"서울특별시 서초구 고무래로 90-7, 서초쇼핑 지층 3,4호 (서초동)",(주)MVM 서초점,127.01745084134,37.4999223644377,헬스장
8016,"서울특별시 서초구 방배로 114, 다이치빌딩 지하1층 (방배동)",반포짐 방배,126.996090968767,37.4843393154443,헬스장
8017,"서울특별시 서초구 법원로1길 5, 우암빌딩 지하101호 (서초동)",예스핏 트레이닝,127.010132692011,37.4931194472693,헬스장
8018,"서울특별시 서초구 청계산로 193, 서초메트하임 1층 102호 (신원동)",헬로우PT,127.055622458729,37.4481456427872,헬스장
8019,"서울특별시 서초구 강남대로43길 26, 일념빌딩 지하1층, 지상3층 (서초동)",비피엠 리프팅 클럽,127.030814477739,37.4874467234597,헬스장
8020,"서울특별시 서초구 남부순환로333길 13, 효봉빌딩 2층 (서초동)",디앤에이 트레이닝 센터,127.020008132847,37.483384328791,헬스장
8021,"서울특별시 서초구 반포대로 287, 래미안퍼스티지 중심상가 3층 327,328호호 (반포동)",리프레쉬 클럽,127.001088324244,37.5043279449175,헬스장
8022,"서울특별시 서초구 사임당로 115, B209호 (서초동)",러브유어바디 피티 스튜디오,127.022363779966,37.4911711387954,헬스장
8023,"서울특별시 서초구 동작대로 70, 6층 (방배동)",에브리데이 PT,126.982355947718,37.482846352786,헬스장
8024,"서울특별시 서초구 사평대로56길 5, 아멜리아 지2층 (서초동)",유얼짐,127.023275952591,37.5035142112248,헬스장
8025,"서울특별시 서초구 사임당로 174, 강남미래타워 5층 503호 (서초동)",(주)다이나믹케어,127.028649677024,37.4923165838485,헬스장
8026,"서울특별시 서초구 양재천로29길 21, 가온 빌딩 2층 (양재동)",울림PT,127.041481919794,37.4797008226468,헬스장
8027,"서울특별시 서초구 사평대로53길 93-19, 지층 (반포동)",매일핏,127.019756177739,37.5081033115199,헬스장
8028,"서울특별시 서초구 서초대로51길 24, 3층 (서초동)",F45 교대,127.01411488983,37.4961190313207,헬스장
8029,"서울특별시 서초구 방배로15길 3, 근복제2빌딩 2층 (방배동)",아틀라스 트레이닝(Atlas),126.995502590698,37.4840480885519,헬스장
8030,"서울특별시 서초구 고무래로 32, 반포트라이엄프메딕스빌딩 지층 (반포동)",글로우짐,127.012154473385,37.5024216076756,헬스장
8031,"서울특별시 서초구 서초대로53길 28, 백석빌딩 지하2층 (서초동)",에이쓰리짐(a3gym),127.014357210245,37.4966151864954,헬스장
8032,"서울특별시 서초구 효령로29길 23, B101호 (방배동)",TOMO PT STUDIO(토모피티),126.995138500642,37.4825949273405,헬스장
8033,"서울특별시 서초구 명달로 104, 모짜르트홀 101호 (서초동)",애플피트니스,127.00452491402,37.4864166583391,헬스장
8034,"서울특별시 서초구 반포대로14길 42, 하이앤드타워 2층 (서초동)",더무브,127.013451848431,37.4858560926799,헬스장
8035,"서울특별시 서초구 강남대로 206, 지하1층 (양재동)",화이트짐 양재점,127.036507410115,37.4826683155589,헬스장
8036,"서울특별시 서초구 강남대로16길 14-2, 동창빌딩 7층 (양재동)",오프더팻(OFF THE FAT),127.039765767034,37.4706825742776,헬스장
8037,"서울특별시 서초구 반포대로3길 57, 지하1층 B01호 (서초동, 서초아이지에이빌라트 1)",이앤플로우,127.00918780981,37.4811823386839,헬스장
8038,"서울특별시 서초구 동산로19길 53, 민영빌딩 1층, 지하1층 (양재동)",펄스그라운드,127.045459514362,37.4747694855841,헬스장
8039,"서울특별시 서초구 사평대로53길 94, 2층 (반포동)",에이엘피트니스,127.020263853583,37.5083799241099,헬스장
8040,"서울특별시 서초구 서초대로 335, 서흥빌딩 지하1층 (서초동)",로운 피트니스,127.01808528391,37.4952764993945,헬스장
8041,"서울특별시 서초구 사평대로 349  (반포동,2층)",서초헬스크럽,127.021292917493,37.5038111062408,헬스장
8042,"서울특별시 서초구 동광로 101, 우림빌딩 2층 (방배동)",the Fitness LAB,126.993579521315,37.4938815989559,헬스장
8043,서울특별시 서초구 남부순환로337가길 33 (서초동),벧쎌RC,127.023504377489,37.4839431212365,헬스장
8044,"서울특별시 서초구 방배로 127 (방배동, 지하1, 지하2)",짐플러스,126.994860973768,37.4852579365619,헬스장
8045,"서울특별시 서초구 방배천로 92 (방배동, 세양아르비채102동 1층)",에이제이짐,126.983403101465,37.484573287516,헬스장
8046,"서울특별시 서초구 사평대로22길 14, 2층 (반포동)",옵티멀휘트니스(optimal fitness),126.99760965781,37.4989604535524,헬스장
8047,"서울특별시 서초구 남부순환로347길 101 (서초동, 지하1층)",(주)그레이트짐,127.029849245333,37.4887143289998,헬스장
8048,"서울특별시 서초구 잠원로 148 (잠원동, 잠원연합상가 지하1층)",드림팩토리(Dream Factory),127.010063540612,37.5162644800171,헬스장
8049,"서울특별시 서초구 남부순환로350길 19-26, 도담빌딩 지하1층 (양재동)",피트니스 타임,127.036819750448,37.4841709208004,헬스장
8050,"서울특별시 서초구 서초중앙로33길 7, 2층 (반포동)",라비아 피트니스,127.011216725546,37.5010538834495,헬스장
8051,"서울특별시 서초구 서초대로 137 (방배동, 신국빌딩 2층)",마커스짐,126.997151687971,37.4890590968177,헬스장
8052,"서울특별시 서초구 서초대로74길 14 (서초동, 삼성물산 서초사옥, 지하1층)",삼성물산 서초사옥휘트니스,127.026124445155,37.4959645356639,헬스장
8053,"서울특별시 서초구 신반포로47길 30  (잠원동,(2,3,4층))",토마토휘트니스클럽,127.019229586534,37.5121141301471,헬스장
8054,"서울특별시 서초구 동작대로 62, 용진빌딩 3층 (방배동)",아유짐,126.982303692025,37.4819733575407,헬스장
8055,"서울특별시 서초구 서초중앙로 217 (반포동, 대동빌딩 지하1층)",잼짐(GEM GYM),127.011632675025,37.501053933323,헬스장
8056,"서울특별시 서초구 서초대로65길 13-10 (서초동, 서초래미안@상가동 207호)",Lion GYM,127.019150618212,37.4974284760361,헬스장
8057,"서울특별시 서초구 서초대로 6 (방배동, 구산빌딩 4층)",파워슈로스 운동센터,126.983004858028,37.4851770867507,헬스장
8058,"서울특별시 서초구 서초중앙로 148 (서초동, 지하2층, 지하3층)",하이드파크,127.013778147123,37.4950009216382,헬스장
8059,"서울특별시 서초구 서초대로 335 (서초동, 다동 5층)",마이다스 스튜디오,127.01808528391,37.4952764993945,헬스장
8060,"서울특별시 서초구 서초대로 341 (서초동, 지하1층, 지상2층)",Training-Parc(트레이닝파크),127.018710910342,37.4954931842039,헬스장
8061,"서울특별시 서초구 동작대로 114 (방배동, 유문빌딩 지하1층)",이수역점 스포애니 (주)케이디헬스케어,126.982679310439,37.4867629041126,헬스장
8062,"서울특별시 서초구 방배로 132, 지하1~2층 (방배동)",비나이더 방배점,126.995187234526,37.486064623049,헬스장
8063,"서울특별시 서초구 마방로10길 15 (양재동,트윈타워 B동(지1층))",(주)더 파스칼,127.043892850214,37.4769039393292,헬스장
8064,"서울특별시 서초구 사평대로22길 6, 2층 (반포동, 삼영빌딩)",베리핏(VERY FIT),126.997378603669,37.4993966257772,헬스장
8065,"서울특별시 서초구 서초중앙로28길 6, 4층 (서초동)",HAVEN,127.013848905206,37.4966685867691,헬스장
8066,"서울특별시 서초구 반포대로 43, 지층 (서초동)",이동근 바디퍼포먼스,127.010841544849,37.4842297705628,헬스장
8067,"서울특별시 서초구 강남대로 305, 지하1층 109호 (서초동, 현대렉시온)",비헬씨 서초점,127.030641805543,37.4901824983595,헬스장
8068,"서울특별시 서초구 효령로 105, 3층 (방배동, 범창빌딩)",대한퍼스널트레이너협회,126.995684117355,37.48110170648,헬스장
8069,"서울특별시 서초구 강남대로93길 38, 지하층 (잠원동, 영신빌딩)",육체미 연구소,127.01839938201,37.5130659030087,헬스장
8070,"서울특별시 서초구 잠원로3길 40, 지층 1호 (잠원동, 태남홀딩스)",(주)잠원투엑스휘트니스,127.003658736923,37.5082128473478,헬스장
8071,"서울특별시 서초구 사평대로55길 133 (반포동, 대영빌딩 2층 전체)",레몬필라테스,127.020098379288,37.5096242399198,헬스장
8072,"서울특별시 서초구 서초중앙로 230, 2층 205호 (반포동, 동화반포프라자빌딩)",테디짐PT,127.012024373585,37.5021563648911,헬스장
8073,"서울특별시 서초구 서초대로 397, 2층 203-1호 (서초동)",주식회사 블레스라이프 필라테스,127.024516764632,37.4974340616184,헬스장
8074,서울특별시 서초구 강남대로 479 (반포동),바디메이크업(256),127.023700440543,37.5050804346935,헬스장
8075,"서울특별시 서초구 강남대로 279, 지하1층 (서초동)",뱅뱅사거리점 스포애니 (주)케이디헬스케어,127.031755273058,37.488092406946,헬스장
8076,"서울특별시 서초구 효령로68길 104, 지하1층 (서초동)",버터짐,127.019216390281,37.4853400090711,헬스장
8077,"서울특별시 서초구 강남대로53길 11  (서초동,지하2층)",코아텔휘트니스클럽,127.02791641287,37.4939616380396,헬스장
8078,"서울특별시 서초구 남부순환로339길 72  (서초동,(지1층))",스카이스포츠,127.021504447703,37.4862096283726,헬스장
8079,"서울특별시 서초구 강남대로 327 (서초동,대륭서초타워(지2층))",휴메이크 휘트니스,127.029795848706,37.4920640182968,헬스장
8080,"서울특별시 서초구 동작대로 172 (방배동,(4층))",딸기짐,126.9831199106,37.4919315087093,헬스장
8081,"서울특별시 서초구 서운로 3 (서초동,(지하1층))",플라이 짐,127.029508644272,37.4843352446262,헬스장
8082,"서울특별시 서초구 동작대로 230 (방배동,(지하1층))",안전지대 휘트니스,126.983668491403,37.4969314536823,헬스장
8083,"서울특별시 서초구 강남대로 359  (서초동,지하1층 B101호)",우정스포츠,127.02860980273,37.4947989581217,헬스장
8084,"서울특별시 서초구 반포대로 63 (서초동,진석빌딩 지하1층)",MKG 피트니스,127.010107986769,37.4860057231492,헬스장
8085,"서울특별시 서초구 서초중앙로22길 25  (서초동,서초리시온 2층)",듀발휘트니스,127.015430187136,37.4934680144084,헬스장
8086,"서울특별시 서초구 방배로42길 61  (방배동,(지1층))",마이짐(MY GYM),126.991189368614,37.493646552336,헬스장
8087,"서울특별시 서초구 논현로 79 (양재동,윈드스톤오피스텔(지1층))",더베스트짐,127.044786556599,37.4769176597084,헬스장
8088,"서울특별시 서초구 사임당로 21 (서초동, 지하1층)",짐트리,127.012481502204,37.4879304099777,헬스장
8089,"서울특별시 서초구 강남대로 156-1, 극동빌딩  4,5층 (양재동)",피트니스팩토리24,127.039049768403,37.4787820814606,헬스장
8090,"서울특별시 서초구 서래로 50 (반포동,(3층))",비컴스 피트니스,126.99845757986,37.4995524287657,헬스장
8091,"서울특별시 서초구 남부순환로364길 8-15, 동일빌딩 3층 (양재동)",부띠끄 피트니스,127.039805640659,37.4846910958487,헬스장
8092,"서울특별시 서초구 반포대로28길 50, 지하1층 (서초동)",김재환짐,127.011283315483,37.4911445151256,헬스장
8093,"서울특별시 서초구 서초중앙로 166 (서초동, 지하1층)",고마워 휘트니스,127.013293304095,37.4965755766092,헬스장
8094,"서울특별시 서초구 방배천로 22  (방배동,3층)",현대헬스,126.982851828231,37.4784686930161,헬스장
8095,"서울특별시 서초구 사평대로 362  (서초동,(3층))",헬스토피아,127.022660298088,37.5036274972267,헬스장
8096,"서울특별시 서초구 사임당로 143  (서초동,(지하1층))",골드헬스클럽,127.025236485997,37.4918506404669,헬스장
8097,"서울특별시 서초구 서초중앙로 199 (반포동,(지하1층))",플레이핏 앤 필라테스,127.01195622147,37.4995883245435,헬스장
8098,"서울특별시 서초구 효령로 190, 비선빌딩 지하1층 (서초동)",티랩스튜디오 시그니처 서초점,127.005063878399,37.4825295056019,헬스장
8099,"서울특별시 서초구 명달로 116 (서초동, 2층)",G.O PT Studio,127.004542057229,37.4875690470589,헬스장
8100,"서울특별시 서초구 서초대로78길 44 (서초동, 나산스위트 지하1층)",강남역2호점 스포애니 (주)케이디헬스케어,127.028452355866,37.493807077575,헬스장
8101,"서울특별시 서초구 서초대로73길 54 (서초동, 디오빌강남오피스텔 201호)",핏바디스튜디오,127.024071206653,37.5020135169887,헬스장
8102,"서울특별시 서초구 남부순환로356길 61, 2층 (양재동)",달라짐,127.038654574861,37.4821828898894,헬스장
8103,"서울특별시 서초구 반포대로 34, 지하1층 (서초동)",휴메이크 휘트니스,127.011991342452,37.4837163548787,헬스장
8104,"서울특별시 서초구 강남대로 349, 지하2층 (서초동, 우남빌딩)",골든 크라운 크로스핏,127.028843765138,37.4939069944418,헬스장
8105,"서울특별시 서초구 남부순환로325길 7, 지하1층 (서초동)",H Core Fitness,127.01440169551,37.4815260036299,헬스장
8106,"서울특별시 서초구 고무래로10길 5, 2층 (반포동)",휴짐나지움,127.010905425887,37.5021095310863,헬스장
8107,"서울특별시 서초구 고무래로 18-4 (반포동, 지하중2층, 지하2층, 지하3층)",4TP fitness,127.010131309177,37.5029725833055,헬스장
8108,서울특별시 서초구 신반포로23길 66 (잠원동),잠원스포츠파크,127.005252082092,37.5109283251988,헬스장
8109,"서울특별시 서초구 사임당로 174 (서초동, 강남미래타워B101호~B103호)",MN휘트니스,127.028649677024,37.4923165838485,헬스장
8110,"서울특별시 서초구 서초중앙로20길 38, 2층 (서초동, 동진빌딩)",펠리체PT스튜디오,127.016239918458,37.4922714584052,헬스장
8111,"서울특별시 서초구 서운로 220, 대지스포츠플라자 2층 (서초동)",비바라짐 (신논현),127.021761944037,37.5027112533189,헬스장
8112,"서울특별시 서초구 방배로 16, 주심빌딩 4층 (방배동)",바디워크,127.001243822693,37.4765227590627,헬스장
8113,"서울특별시 서초구 효령로 221, 3층 (서초동)",썸머짐,127.008320461436,37.4837407273475,헬스장
8114,"서울특별시 서초구 서초대로 254, 오퓨런스 지하3층 (서초동)",주식회사 영자피트니스 서초,127.009620980568,37.4920207116979,헬스장
8115,서울특별시 서초구 동광로 18  (방배동),그린헬스,126.984755365172,37.4907432121464,헬스장
8116,"서울특별시 서초구 서래로8길 7 (반포동, 포도빌딩 지하1층)",크로스핏 제니아,126.998930642785,37.4987206250178,헬스장
8117,"서울특별시 서초구 사평대로56길 7 (서초동, 한일유앤아이주상복합 지하2층)",헬스보이짐 신논현점,127.023519915144,37.5032072803982,헬스장
8118,"서울특별시 서초구 강남대로30길 57 (양재동, 2층)",달라짐(Dalla GYM) PT studio,127.04032204397,37.4826401351447,헬스장
8119,"서울특별시 서초구 동광로27길 20 (방배동, 지층)",피트니스 스퀘어,126.994724058312,37.4947738327371,헬스장
8120,"서울특별시 서초구 동광로 106 (방배동, 2층)",로얄바디짐,126.993857605338,37.4936455498871,헬스장
8121,"서울특별시 서초구 강남대로 557 (잠원동, 성한빌딩 지하2층)",휘트니스피플 우먼 논현점,127.020640675895,37.5115409433608,헬스장
8122,"서울특별시 서초구 바우뫼로 106  (양재동,(2층))",스피드순환운동,127.032924196569,37.4746674142698,헬스장
8123,"서울특별시 서초구 동산로13길 35 (양재동,언남중고공공복합시설 지하중층)",언남문화체육센터,127.043005236379,37.4723300184587,헬스장
8124,"서울특별시 서초구 효령로 321 (서초동,(지하2층))",메가짐&필라퀸&킹골프&펀복싱&메가핏재활아카데미,127.019172155661,37.4861262360947,헬스장
8125,"서울특별시 서초구 서초대로55길 17  (서초동,,42(2층))",소울앤드바디,127.015114339835,37.4961967546591,헬스장
8126,"서울특별시 서초구 서초대로 346 (서초동, 지하 1층 101호)",이루어GYM 서초점,127.019422098841,37.4950975274245,헬스장
8127,"서울특별시 서초구 바우뫼로12길 70 (양재동, 더케이서울호텔 지하1층)",갤럭시아스포츠클럽 더케이호텔점,127.033064735385,37.4682875002518,헬스장
8128,"서울특별시 서초구 방배로 174, 지하1층 (방배동, 태창빌딩)",브랜뉴짐,126.993061030072,37.4891828159505,헬스장
8129,"서울특별시 서초구 서운로 18, 지하1층 (서초동, 영진빌딩)",올핏 운동헬스케어 매니지먼트,127.029817043067,37.4856438818842,헬스장
8130,서울특별시 서초구 사평대로53길 93-19 (반포동),719 studio,127.019756177739,37.5081033115199,헬스장
8131,"서울특별시 서초구 방배로 94, 지하2층 (방배동)",얼티밋 크로스핏 방배점,126.997121512739,37.4827665443634,헬스장
8132,"서울특별시 서초구 서초중앙로 62, 지하1층 (서초동, 우일빌딩)",제이짐(Jgym),127.015269375886,37.4872995571548,헬스장
8133,"서울특별시 서초구 동산로13길 6, 지하층 (양재동)",헐크짐,127.045411598788,37.4721837852043,헬스장
8134,"서울특별시 서초구 방배로 119, 지하1층 (방배동)",SONO STUDIO,126.99522746431,37.4846431037844,헬스장
8135,"서울특별시 서초구 서초중앙로 87 (서초동, 지하2층)",진핏 PT 스튜디오,127.014111745008,37.4896221390159,헬스장
8136,"서울특별시 서초구 효령로53길 45  (서초동,서초이오빌 지1층)",탑,127.012932415371,37.4865276721133,헬스장
8137,"서울특별시 서초구 강남대로61길 23  (서초동,오르시떼빌딩 2층)",발리토탈휘트니스,127.024347163495,37.4982153593758,헬스장
8138,"서울특별시 서초구 사임당로 32  (서초동,(지1층))",C&S휘트니스,127.01352253293,37.4878312746356,헬스장
8139,"서울특별시 서초구 효령로31길 10 (방배동,(3층))",어반액티브,126.996738384466,37.4817448804863,헬스장
8140,"서울특별시 서초구 방배중앙로 187 (방배동, (2,3층))",위아더 휘트니스,126.985532367698,37.4957101117888,헬스장
8141,"서울특별시 서초구 서래로 2 (반포동, (2층))",Finest Private Gym,126.998164901383,37.4951061375372,헬스장
8142,서울특별시 서초구 사평대로 371 (반포동),에이블짐 신논현역,127.023590349784,37.5045712985968,헬스장
8143,"서울특별시 서초구 방배로 81 (방배동,6층)",방배역점 스포애니 (주)케이디헬스케어,126.997118841506,37.4816650609857,헬스장
8144,"서울특별시 서초구 방배로 205 (방배동, 3층)",휘트니스 모션,126.990928299196,37.4915088027577,헬스장
8145,서울특별시 서초구 사임당로 158 (서초동),우성A휘트니스,127.027176779785,37.4918503001644,헬스장
8146,"서울특별시 서초구 방배천로2안길 23  (방배동,2층)",마하헬스크럽,126.983746667049,37.4779865992416,헬스장
8147,"서울특별시 서초구 서초대로 314 (서초동,지1층)",베네짐 교대점,127.015892124665,37.4940331549084,헬스장
8148,"서울특별시 서초구 서초중앙로 188, 상가동 L층 134호 (서초동, 아크로비스타)",썬더짐,127.013538045649,37.4973504144781,헬스장
8149,"서울특별시 서초구 강남대로109길 102, 잠원빌딩 5층 (잠원동)",피트니스 프렌즈,127.016133597337,37.5152673868699,헬스장
8150,"서울특별시 서초구 서래로5길 34, 2층 (반포동)",발할라짐,126.996311340479,37.4980128317622,헬스장
8151,서울특별시 서초구 효령로 36  (방배동),그린짐,126.988778449939,37.4781207138635,헬스장
8152,서울특별시 서초구 효령로72길 60 (서초동),한전아트센터스포츠클럽,127.028078834421,37.4856046634033,헬스장
8153,"서울특별시 서초구 강남대로 617 (잠원동, 대양빌딩 4/5/6층)",국가대표 소유창 휘트니스,127.018891565573,37.5168337332197,헬스장
8154,"서울특별시 서초구 서초중앙로 72  (서초동,지하1층)",우성헬스 2,127.014931006517,37.4881216800977,헬스장
8155,"서울특별시 서초구 반포대로 34, 지하1층 (서초동)",휘트니스짐,127.011991342452,37.4837163548787,헬스장
8156,"서울특별시 서초구 남부순환로 2614 (양재동, 한솔로이젠트 B01호)",SH메디휘트니스,127.036674496114,37.4844741553292,헬스장
8157,"서울특별시 서초구 서초중앙로24길 27 (서초동, G-five B112호, B113호)",피트니스파이브,127.016402306519,37.4954109950647,헬스장
8158,"서울특별시 서초구 신반포로 162 (반포동,르본시티 2층)",애플짐반포점,127.002280487802,37.5048884433907,헬스장
8159,"서울특별시 서초구 바우뫼로6길 16, 2층 (우면동)",운동하는날,127.025921741939,37.4696162017367,헬스장
8160,"서울특별시 서초구 강남대로 359, 대우도씨에빛2 3층 311,312호 (서초동)",바디스펙트럼,127.02860980273,37.4947989581217,헬스장
8161,"서울특별시 서초구 서초대로53길 21, 202호 (서초동)",리버스바디,127.014392947489,37.4960391685763,헬스장
8162,"서울특별시 서초구 방배로 103, 서리풀타워 지하1층 (방배동)",(주)빅브로짐 방배점,126.996121212244,37.4832782887127,헬스장
8163,"서울특별시 서초구 방배로37길 11, 삼호회관 지하1층 (방배동)",바디녹스짐,126.989142752366,37.4935124923204,헬스장
8164,"서울특별시 서초구 방배로 110, 하나은행 지하층 102호 (방배동)",렛츠피티,126.996273694804,37.4841105552808,헬스장
8165,"서울특별시 서초구 효령로77길 14, 1층 (서초동, 풍림아이원플러스)",파프짐,127.029767346477,37.4903376051273,헬스장
8166,"서울특별시 서초구 신반포로47길 47, 인정빌딩 (잠원동)",항구짐,127.018265749639,37.5123955766487,헬스장
8167,"서울특별시 서초구 반포대로 106, 태홍빌딩 지층 (서초동)",반포짐 서초,127.009160353694,37.4896623611196,헬스장
8168,"서울특별시 서초구 사임당로 13, 동화빌딩 5층 (서초동)",짐엑스텐,127.01162720597,37.487661816559,헬스장
8169,"서울특별시 서초구 태봉로 62, 네이처프라자 501호 (우면동)",N피티앤필라테스,127.024997566281,37.464057071815,헬스장
8170,"서울특별시 서초구 명달로13길 4, SK빌딩 301호 (서초동)",롤랜드 헬스클럽PT,127.00359571179,37.48405712952,헬스장
8171,"서울특별시 서초구 사임당로19길 10, 지하1층 (서초동, 서초현대아파트)",제니바디 교대점,127.019834325854,37.4909812977515,헬스장
8172,"서울특별시 서초구 서운로 123, 서초스포츠센터 (서초동)",서초스포츠센터,127.024802451537,37.4944542826474,헬스장
8173,"서울특별시 서초구 헌릉로 170, 서초 케이타운 오피스텔 지하1층 (신원동)",에비뉴,127.058722255907,37.4571148113595,헬스장
8174,"서울특별시 서초구 방배로 169, 한국수입협회(KOIMA)빌딩 지하1층 (방배동)",골핏,126.99261297523,37.4886274075649,헬스장
8175,"서울특별시 서초구 강남대로 603, 인성빌딩 지하1층 (잠원동)",신사 라이크짐,127.019301053284,37.5155601884765,헬스장
8176,"서울특별시 서초구 효령로 426, 지하1층 (서초동)",애니타임 피트니스,127.030483202582,37.4888921161717,헬스장
8177,"서울특별시 서초구 동작대로 108, 지하1층 (방배동, 디오슈페리움2)",스페이스짐 여성전용 헬스&PT 이수점,126.982616599369,37.4860911031957,헬스장
8178,"서울특별시 서초구 서운로6길 26, 지훈빌딩 지하1층 (서초동)",인사이트 그룹PT 양재역점,127.030825791222,37.4855360426104,헬스장
8179,"서울특별시 서초구 반포대로12길 10  (서초동,4층)",제이디아이스포츠,127.01197272013,37.484634304268,헬스장
8180,"서울특별시 서초구 서운로 142-4  (서초동,3층)",코리아짐,127.024916311484,37.4961174271855,헬스장
8181,"서울특별시 서초구 강남대로 27 (양재동,농수산물유통공사 지하1층)",아이러브 휘트니스,127.039136433366,37.4682787075426,헬스장
8182,"서울특별시 서초구 서초대로77길 25  (서초동,경일빌딩 7층)",파워짐헬스크럽,127.025589219735,37.4999383614042,헬스장
8183,"서울특별시 서초구 방배천로24길 11 (방배동, 명림빌딩 지하2층)",9.s(나인스) PT STUDIO,126.984130819637,37.4849988436868,헬스장
8184,"서울특별시 서초구 서래로5길 19, 3층 (반포동, 나눔케어빌딩)",애슬레틱 서래,126.99707185707,37.4977812944037,헬스장
8185,"서울특별시 서초구 강남대로 213 (양재동, 스포타임3층)",하이폭시코리아,127.034949554107,37.4827666361943,헬스장
8186,"서울특별시 서초구 효령로34길 76, 동림빌딩 2층 201호 (방배동)",더쉐이프 엔터테인먼트,127.000947079743,37.4784575897588,헬스장
8187,"서울특별시 서초구 효령로 289 (서초동, 3층)",클래스짐,127.015844898549,37.4851294931638,헬스장
8188,"서울특별시 서초구 서래로3길 3 (반포동, 3층)",Gym 360+,126.998032096864,37.4968579628044,헬스장
8189,"서울특별시 서초구 효령로33길 55 (방배동, 2층)",주식회사 힐링스짐,126.996769169442,37.4836255569436,헬스장
8190,"서울특별시 서초구 사평대로20길 3 (반포동, 신화빌딩 1층)",코어핏(Corefit),126.997212599411,37.49912839242,헬스장
8191,"서울특별시 서초구 서초중앙로33길 20 (반포동, 2층)",TenTen Fitness,127.009916172818,37.5010250774878,헬스장
8192,"서울특별시 서초구 서초중앙로26길 13, B01호 (서초동)",The Better GYM,127.014857118224,37.4958491788929,헬스장
8193,"서울특별시 서초구 방배천로20길 1, 5층 (방배동)",빌더바디(Build The Body),126.982912515477,37.4840374779202,헬스장
8194,"서울특별시 서초구 방배중앙로 196, 후생시설 지하1호 (방배동)",리커버리 퍼스널 트레이닝 센터,126.985719295966,37.4962944373973,헬스장
8195,"서울특별시 서초구 사임당로 171, EWR빌딩 지하1층 (서초동)",아크피티스튜디오,127.028349723754,37.49272886702,헬스장
8196,"서울특별시 서초구 신반포로 지하 241, 반포역 지하1층 733-111(일부)호 (잠원동)",스포니스 반포점,127.011497032246,37.5081263886404,헬스장
8197,"서울특별시 서초구 성촌1길 12, 우면삼성프라자-2 401호 (우면동)",알앤디피티,127.022142311822,37.4656623427545,헬스장
8198,"서울특별시 서초구 방배천로 5-1, 8층 (방배동)",닥터 펠리체 짐,126.982475800902,37.4770127866652,헬스장
8199,서울특별시 서초구 성촌길 56 (주)삼성전자 서울R&D캠퍼스 (우면동),전자서울 R&D 피트니스센터,127.023126796974,37.4665205476411,헬스장
8200,"서울특별시 서초구 신반포로 315, 삼덕빌딩 지층 (잠원동)",주식회사 글로리어스,127.018259841388,37.5104291355274,헬스장
8201,"서울특별시 서초구 방배로6길 10-15, 대영빌딩 (방배동)",윤형준 트레이닝센터,127.000609943539,37.478484171758,헬스장
8202,"서울특별시 서초구 방배로 92, 2층 (방배동)",서리풀PT,126.997210159254,37.4826422973805,헬스장
8203,"서울특별시 서초구 신반포로 194, 강남고속버스터미널 본관 1,2층 (반포동)",헬스보이짐 강남고속버스터미널점,127.006834366246,37.5064357442307,헬스장
8204,"서울특별시 서초구 방배중앙로29길 21, 가우디빌딩 4층 (방배동)",짐 레빗(Gym Revit),126.984329471048,37.4964004899032,헬스장
8205,"서울특별시 서초구 방배로42길 36-4, 세진빌딩 4층 401호 (방배동)",운동록,126.990052578394,37.4944733162391,헬스장
8206,서울특별시 서초구 사평대로53길 94 (반포동),AL피트니스,127.020263853583,37.5083799241099,헬스장
8207,"서울특별시 서초구 강남대로 519, 도충빌딩 (반포동)",아우라짐 논현역점,127.022205905271,37.5082880328998,헬스장
8208,"서울특별시 서초구 방배로 141, 텔콤빌딩 내방 (방배동)",아워피트니스 내방점,126.994140643577,37.4864215552405,헬스장
8209,"서울특별시 서초구 강남대로79길 59, 새로나 빌딩 지하2층 (반포동)",트레이닝 캠프,127.021127174838,37.5040068343972,헬스장
8210,"서울특별시 서초구 강남대로 321, 지하1층 104호 (서초동, 서초동대우디오빌프라임)",바디 아티스트,127.029970916611,37.4915573375838,헬스장
8211,"서울특별시 서초구 서초중앙로8길 7, 2층 (서초동)",라곰(LAGOM),127.015948005292,37.4866756094863,헬스장
8212,"서울특별시 서초구 방배중앙로 91, 석호빌딩 지하1층 (방배동)",PT Lab Bangbae,126.988735323414,37.4875039950758,헬스장
8213,"서울특별시 서초구 강남대로85길 16, 1층 (반포동)",반포휘트니스사우나,127.02177677709,37.5074448623,헬스장
8214,"서울특별시 서초구 서초중앙로22길 17, 지하1층 (서초동)",교대역점 스포애니(주)케이디헬스케어,127.014805731667,37.4933212301559,헬스장
8215,"서울특별시 서초구 서초대로 346, 지하1층 102호 (서초동, 서초동 동아빌라트)",다이아몬드짐 헬스,127.019422098841,37.4950975274245,헬스장
8216,"서울특별시 서초구 방배로42길 19, 지층 (방배동)",피디컬짐,126.989654212132,37.495154533353,헬스장
8217,"서울특별시 서초구 바우뫼로 177, 성문빌딩 지하층 (양재동)",테라피티,127.039388690657,37.4785199554486,헬스장
8218,"서울특별시 서초구 서초대로 13, 방배 마에스트로 204호 (방배동)",에이제이짐,126.983849087155,37.4859076526233,헬스장
8219,"서울특별시 서초구 서초대로 108, 3층 301호 (방배동)",비바라짐 내방점,126.994201615542,37.4875261941992,헬스장
8220,"서울특별시 서초구 고무래로 6-3, 삼공빌딩 지층 201호 (반포동)",PT MATE,127.009915631535,37.5037734153892,헬스장
8221,"서울특별시 서초구 사임당로 180, 보원빌딩 1층 (서초동)",로그짐 서초우성점,127.029267185467,37.4925789859992,헬스장
8222,"서울특별시 서초구 사임당로 80, URBANTREE(어반트리) 204호 (서초동)",교대PT,127.01854622241,37.4893888859233,헬스장
8223,"서울특별시 서초구 동광로19길 16, 3층 (방배동)",일생의 피티,126.989338084331,37.4932094113094,헬스장
8224,"서울특별시 서초구 서초중앙로31길 6-3, 지하2층 (반포동)",어메이징휘트니스 반포점,127.011287031477,37.5000580848817,헬스장
8225,"서울특별시 서초구 동광로 92, 지하1층 (방배동)",랜드마크짐,126.992522835284,37.4933774233316,헬스장
8226,"서울특별시 서초구 효령로31길 10, 나이스빌 (방배동)",크레이지독스짐,126.996738384466,37.4817448804863,헬스장
8227,"서울특별시 서초구 강남대로95길 9-25, 지하1, 1층 (잠원동)",YJ FITNESS,127.019567604716,37.5127457686873,헬스장
8228,"서울특별시 서초구 강남대로 267, B1층 (서초동)",텐핏 양재,127.032334252471,37.4871648423953,헬스장
8229,"서울특별시 서초구 서초중앙로 26, 201호 (서초동, 래미안 서초유니빌)",바른결 PT,127.016991752076,37.4846872089607,헬스장
8230,"서울특별시 서초구 서초대로74길 49, B1층 (서초동)",하이라이트 피트니스,127.028138184682,37.493414584039,헬스장
8231,"서울특별시 서초구 효령로 165, 한진빌딩 2층 (서초동)",바른밸런스 PT STUDIO,127.002237861854,37.4825381525088,헬스장
8232,"서울특별시 서초구 법원로2길 17-5, 백영빌딩 지하1층 (서초동)",슬릭 교대캠프,127.012395177824,37.4944653361174,헬스장
8233,"서울특별시 서초구 사임당로14길 7, 1층 (서초동)",타임 투 짐(TIME TO GYM),127.017675087454,37.4888420176392,헬스장
8234,"서울특별시 서초구 서초대로77길 5, 진영빌딩 13층 (서초동)",로그짐 강남역점,127.026394763383,37.4983516923932,헬스장
8235,"서울특별시 서초구 나루터로 75, 금산빌딩 지하1층 (잠원동)",헬링짐,127.018002243591,37.5158432186369,헬스장
8236,"서울특별시 서초구 성촌4길 11, 하이디하우스 지하1층, 지상4층 (우면동)",네이처바이트 주식회사,127.021814333475,37.4670276160067,헬스장
8237,"서울특별시 서초구 동광로 93, 테라스빌딩 4층 (방배동)",서래마을 체육관,126.992480394027,37.4937404364019,헬스장
8238,"서울특별시 서초구 강남대로53길 7, 강남애니타워 3층 301호 (서초동)",바디스펙트럼2,127.028259839376,37.4942643848404,헬스장
8239,"서울특별시 서초구 방배중앙로 161, 2층 (방배동)",바디메뉴얼,126.986182888306,37.4935086692983,헬스장
8240,"서울특별시 서초구 서초중앙로31길 14-11, 1층 (반포동)",핏플즈,127.010431678679,37.5004732570117,헬스장
8241,"서울특별시 서초구 동광로22길 7, 102동 b01호 (방배동)",S&C physical center,126.992079487564,37.4930220372147,헬스장
8242,"서울특별시 서초구 서초중앙로 115, 서용빌딩 지층 (서초동)",위크로스핏,127.013591703538,37.4920396031671,헬스장
8243,"서울특별시 서초구 바우뫼로7길 3, 중평빌딩 지하1층 (우면동)",주식회사중평알앤에스,127.025100225017,37.4705484746403,헬스장
8244,"서울특별시 서초구 주흥3길 6, 연우빌딩 3층 (반포동)",DOUM PT,127.02017860252,37.5042821673129,헬스장
8245,"서울특별시 서초구 효령로55길 28, 브이 샤르망 6층 606호 (서초동)",마이밸런스 프라이빗 PT짐 서초점,127.01447946651,37.4861327609484,헬스장
8246,"서울특별시 서초구 서래로10길 23, 3층 (반포동)",Hoya Gym,126.999785131391,37.4994167471052,헬스장
8247,"서울특별시 서초구 효령로 336, 윤일빌딩 지하1층 (서초동)",활로 피트 매니지먼트,127.020988802524,37.4860261857246,헬스장
8248,"서울특별시 서초구 서초대로46길 19-7, 지하1층 (서초동)",The rebody PT,127.010466415239,37.4916877176017,헬스장
8249,"서울특별시 서초구 바우뫼로6길 8-4, 2층 (우면동)",BEEFIT STUDIO,127.025424094825,37.4698667908388,헬스장
8250,"서울특별시 서초구 남부순환로347길 23, 유진빌딩 지하1층 (서초동)",빌리프짐 양재역점,127.03135523975,37.4854211148285,헬스장
8251,"서울특별시 서초구 서초중앙로31길 18, 그랑반포 4층 (반포동)",김민철 트레이닝,127.010333744461,37.499667225552,헬스장
8252,"서울특별시 서초구 서초대로38길 12, b115동 116호 (서초동, 마제스타시티, 힐스테이트 서리풀)",HANT,127.005381592272,37.4904950346372,헬스장
8253,"서울특별시 서초구 강남대로53길 8, 스타크 강남빌딩 (서초동)",더짐 주식회사,127.028023386014,37.4945642061782,헬스장
8254,"서울특별시 서초구 신반포로 205, 반포쇼핑타운 6동 5층 4,5호 (잠원동)",더바디코치,127.006460397501,37.5070244820045,헬스장
8255,"서울특별시 서초구 서초중앙로 70, 동명빌딩 3층 (서초동)",라겟옴,127.015010002231,37.4879147085619,헬스장
8256,"서울특별시 서초구 서초대로25길 51, 지하1층 (방배동)",마커스 헬스케어,126.992981470863,37.4899167721412,헬스장
8257,"서울특별시 서초구 서운로 207, 삼호종합상가 223호 (서초동)",바른다짐 퍼스널 트레이닝,127.021753455557,37.5015195846305,헬스장
8258,"서울특별시 서초구 서초대로42길 41, 지하1층 (서초동)",짐파서블,127.009408746972,37.4903216989996,헬스장
8259,"서울특별시 서초구 신반포로 326-16, 2층 (반포동)",파란헬스살롱,127.01959848253,37.5097142441813,헬스장
8260,"서울특별시 서초구 반포대로10길 45, 지하1층 (서초동)",아몬드짐,127.014273308255,37.48417111057,헬스장
8261,"서울특별시 서초구 서래로 15, 범산빌딩 지하1층 (반포동)",바디크러쉬 서래마을점,126.997987326504,37.4964386335607,헬스장
8262,"서울특별시 서초구 신반포로23길 41, 4층 404호 (잠원동, 신반포2지구아파트)",바른자세 Pt짐,127.00446943136,37.5116583511688,헬스장
8263,"서울특별시 서초구 방배중앙로 204, 리첸시아 지하1층 (방배동)",크로스핏 강남 반포,126.985733470434,37.4972785185292,헬스장
8264,"서울특별시 서초구 서초중앙로 110, 지하1층 (서초동, 서초동롯데캐슬메디치)",보리스짐 교대,127.014522584596,37.4915904303325,헬스장
8265,"서울특별시 서초구 서초대로25길 6, 지하1층 (방배동, 희연(HEE YEON))",윌 피티 짐,126.994354657474,37.4882697133922,헬스장
8266,"서울특별시 서초구 서초대로78길 38, 호정빌딩 5층 (서초동)",아고라피트니스 강남역점,127.028232233033,37.4945260438603,헬스장
8267,"서울특별시 서초구 강남대로 349, 우남빌딩 11층 (서초동)",펜타핏 주식회사,127.028843765138,37.4939069944418,헬스장
8268,"서울특별시 서초구 동광로46길 3, 1층 (반포동)",바른길 PT STUDIO,127.000848333113,37.4942340641261,헬스장
8269,"서울특별시 서초구 서래로 48, 3층 (반포동)",서래 퍼스널 트레이닝,126.998558347583,37.4992678021747,헬스장
8270,"서울특별시 서초구 효령로27길 20, 2층 (방배동)",모브핏(Mauve Fit),126.995235107637,37.4817939344105,헬스장
8271,"서울특별시 서초구 강남대로 148, 상록빌딩 지하2층 (양재동)",(주)올리바컴퍼니,127.039180335385,37.4778879666261,헬스장
8272,"서울특별시 서초구 사평대로2길 22, 2층 (방배동)",듀오핏,126.985664065684,37.4977144170726,헬스장
8273,"서울특별시 서초구 서초대로 338, 프로비스타 지하2층 (서초동)",웨이브휘트니스,127.018624694157,37.494848257123,헬스장
8274,"서울특별시 서초구 반포대로21길 23, 세진빌딩 지하1층 (서초동)",핏그라운드,127.008522167735,37.487705960425,헬스장
8275,"서울특별시 서초구 서운로6길 26, 지훈빌딩 지하1층 (서초동)",프로젝트핏,127.030825791222,37.4855360426104,헬스장
8276,"서울특별시 서초구 신반포로 지하 241, 반포역 지하층 (잠원동)",GOTO 서브 반포점,127.011497032246,37.5081263886404,헬스장
8277,"서울특별시 서초구 명달로20길 21, 1층 (서초동, 서초 에스테온)",피치짐,127.005346225598,37.4860984780245,헬스장
8278,"서울특별시 서초구 강남대로 455, 205호 (서초동, 강남태영데시앙루브)",피지오플러스피티,127.024543871587,37.5028594641113,헬스장
8279,"서울특별시 서초구 방배로6길 13, 지하1층 (방배동)",바디어필 PT 스튜디오,127.000069078638,37.4792386785483,헬스장
8280,"서울특별시 서초구 서래로6길 4, 가나빌딩 지하1층 (반포동)",(주)엠알티핏,126.998492674796,37.4976936531468,헬스장
8281,"서울특별시 서초구 동광로 4, 다온빌딩 3층 (방배동)",무브케어랩 퍼스널트레이닝,126.983341474208,37.4907111255772,헬스장
8282,"서울특별시 서초구 양재대로2길 109, 상가동 2층 201호 (우면동, 서초호반써밋)",엑스(x)휘트니스,127.01378344297,37.456115498066,헬스장
8283,"서울특별시 서초구 서초대로78길 30, 3층 (서초동)",아라핏 스튜디오,127.027943870008,37.4951181640471,헬스장
8284,"서울특별시 서초구 서초대로65길 13-10, 2층 207호 (서초동, 서초래미안아파트)",테디짐PT 서초래미안,127.019150618212,37.4974284760361,헬스장
8285,"서울특별시 서초구 서초대로51길 22, 명산빌딩 2층 (서초동)",더 퍼스트 피티 스튜디오,127.014188255063,37.4959808982018,헬스장
8286,"서울특별시 서초구 효령로53길 24, 디아레나 서초 지층 101호 (서초동)",클래시 휘트니스,127.013793744607,37.4857345072402,헬스장
8287,"서울특별시 서초구 서래로1길 8, 97-10 트윈빌 지하2층 (반포동)",아워피트니스,126.997750985843,37.4962577972563,헬스장
8288,"서울특별시 서초구 신반포로23길 41, 410호 (잠원동, 신반포2지구아파트)",자스민 운동센터,127.00446943136,37.5116583511688,헬스장
8289,"서울특별시 서초구 서래로6길 7, 지하1층 (반포동)",움직임 PT Studio,126.99885692234,37.497885481509,헬스장
8290,"서울특별시 서초구 성촌1길 12, 우면삼성프라자-2 401호 (우면동)",알앤디 피티 앤 필라테스,127.022142311822,37.4656623427545,헬스장
8291,"서울특별시 서초구 서초중앙로8길 51, 지하1층 (서초동)",스포애니 남부터미널역점(주)케이디헬스케어,127.018319684484,37.4873260636947,헬스장
8292,"서울특별시 서초구 바우뫼로7길 8, 우면종합상가 3층 305호 (우면동)",우리동네운동박사 서초점,127.025380680694,37.4708545781298,헬스장
8293,"서울특별시 서초구 매헌로 16, 하이브랜드 3층 301호 (양재동)",내추럴홍피트니스,127.036947909974,37.462467348157,헬스장
8294,"서울특별시 서초구 신반포로 지하 241, 반포역 (잠원동)",FIT.Covery핏커버리,127.011497032246,37.5081263886404,헬스장
8295,"서울특별시 서초구 남부순환로 2567, 지하2층 (서초동)",휘트니스엠,127.031299728023,37.4846187815841,헬스장
8296,"서울특별시 서초구 서초대로25길 50, 2층 (방배동)",마커스 그래비티,126.993208400778,37.4900321143845,헬스장
8297,"서울특별시 서초구 사평대로26길 55, 지하1층 (반포동)",베이스 피트니스,126.999151967962,37.497609595814,헬스장
8298,"서울특별시 서초구 서초대로53길 10, 서일빌딩 지하1층 (서초동)",Day 1 피트니스,127.015274497181,37.4952363509414,헬스장
8299,"서울특별시 서초구 사평대로53길 27, 2층 (반포동)",바디에디트,127.021364858536,37.5054420932301,헬스장
8300,"서울특별시 서초구 서초대로27길 51, 제이원타워 방배 지하1층 (방배동)","주식회사 윈핏(Winfit Co., Ltd.)",126.993522738829,37.4901399826507,헬스장
8301,"서울특별시 서초구 방배로 202, 2층 (방배동)",피지오스튜디오 필라테스&PT 방배점,126.991579729701,37.4915537211521,헬스장
8302,"서울특별시 서초구 신반포로 177, 반포쇼핑타운 4층 401호 (잠원동)",박스핏퍼스널트레이닝(PARK.S FIT PERSONAL TRAINING),127.003407328203,37.5060995475667,헬스장
8303,"서울특별시 서초구 강남대로49길 10, 에피소드 서초393 B1층 (서초동)",피트니스리저브 뱅뱅사거리점,127.029899371992,37.4899381551186,헬스장
8304,"서울특별시 서초구 강남대로 527, 브랜드칸 타워 지하2층 (반포동)",위 크로스핏 강남,127.021849979814,37.5090878311164,헬스장
8305,"서울특별시 강남구 영동대로 325, B3층 (대치동, 해암빌딩)",(주)바운스 트램폴린파크 삼성센터,127.065495897888,37.5032910260927,헬스장
8306,"서울특별시 강남구 선릉로129길 20, 3층 (논현동)",로그짐 강남구청점,127.03985162272,37.5161163678629,헬스장
8307,"서울특별시 강남구 봉은사로29길 5, B01호 (논현동)",Thera PT,127.034615454935,37.5080107823293,헬스장
8308,"서울특별시 강남구 봉은사로30길 24, 지하 1층 (역삼동)",W gym,127.035338123668,37.5059828565678,헬스장
8309,"서울특별시 강남구 삼성로146길 10, 다인빌딩 4층 (청담동)",우아,127.048886462588,37.5231915241413,헬스장
8310,"서울특별시 강남구 선릉로153길 8, 4층 (신사동)",하이앤드 피티팟,127.038861150532,37.5249691417825,헬스장
8311,"서울특별시 강남구 선릉로 206, 상가동 B11호 (대치동, 동부센트레빌)",KANG GYM,127.055641674701,37.4914644228405,헬스장
8312,"서울특별시 강남구 삼성로 772, 505호 (청담동)",웰니스포유 청담,127.048022340804,37.5236023753763,헬스장
8313,"서울특별시 강남구 테헤란로 512, 신안빌딩 B2호 (대치동)",관악신안스포츠클럽(헬스),127.059248173221,37.5072456831616,헬스장
8314,"서울특별시 강남구 학동로43길 38, 110호 (논현동, 논현웰스톤)",인프핏,127.038022514319,37.518458048048,헬스장
8315,"서울특별시 강남구 논현로131길 28, 3층 (논현동)",올바른몸,127.028107144711,37.5140808650413,헬스장
8316,"서울특별시 강남구 봉은사로22길 18, 지하1층 (역삼동)",주식회사 위너즈,127.031611073902,37.5054531305658,헬스장
8317,"서울특별시 강남구 강남대로 382, 메리츠타워 B2층 (역삼동)",(주) 에이블짐 강남역점,127.028627058312,37.4970486776201,헬스장
8318,"서울특별시 강남구 테헤란로26길 12, 스타빌딩 지하2층 (역삼동)",터치앤고 트레이닝,127.035856382455,37.4994465349977,헬스장
8319,"서울특별시 강남구 도산대로 431, B1호 (청담동)",바디텍처 스튜디오 청담,127.043051274079,37.5239877586278,헬스장
8320,"서울특별시 강남구 봉은사로44길 31, 지하1층 (역삼동)",스카이짐(SKY GYM),127.040879577367,37.5073607778597,헬스장
8321,"서울특별시 강남구 테헤란로 101, 이즈타워 지하3층 (역삼동)",크로스핏 라곰트레이닝,127.028065727387,37.4986232309429,헬스장
8322,"서울특별시 강남구 압구정로 330, B1호 (신사동)",피피랜드 헬스&PT 압구정점,127.037654045502,37.5282720655424,헬스장
8323,"서울특별시 강남구 선릉로130길 5, 2층 (삼성동)",리버스라이프 짐,127.042065496774,37.5167355807058,헬스장
8324,"서울특별시 강남구 남부순환로351길 22-8, 지하1층 (도곡동)",챔스PT,127.034634334006,37.486198580122,헬스장
8325,"서울특별시 강남구 논현로38길 18, 3층 (도곡동)",유레디 PT&PILATES,127.043056353315,37.4851719053083,헬스장
8326,서울특별시 강남구 학동로20길 16 (논현동),블랙포스짐,127.028249040707,37.5121260127092,헬스장
8327,"서울특별시 강남구 테헤란로83길 19, B101호 (삼성동)",어반스튜디오,127.057215209789,37.5086038688713,헬스장
8328,"서울특별시 강남구 남부순환로 2921, 남서울종합상가 308호 (대치동)",최원준 GYM,127.059772967826,37.4934943562011,헬스장
8329,"서울특별시 강남구 언주로85길 14, 엠코스퀘어720 지하2층 (역삼동)",R&FIT,127.041954918916,37.5012617655455,헬스장
8330,"서울특별시 강남구 개포로 233, 유림빌딩 (개포동)",24시 PT&태닝,127.048118503982,37.4790268742332,헬스장
8331,"서울특별시 강남구 선릉로135길 4, 지하2층 (논현동)",BALANCED,127.040263232691,37.5188316723041,헬스장
8332,"서울특별시 강남구 삼성로119길 43, 지하1층 (삼성동)",짐팬지,127.047985333223,37.5150989936091,헬스장
8333,"서울특별시 강남구 선릉로93길 8, 지하1층 (역삼동)",F45,127.047714121429,37.5055537720741,헬스장
8334,"서울특별시 강남구 선릉로129길 9-4, 2층 (논현동)",착한헬스 강남구청점,127.040707479515,37.5159758798372,헬스장
8335,"서울특별시 강남구 영동대로112길 38, NSC빌딩 지하1층 (삼성동)",(주)스포니스,127.063453044325,37.5154188514266,헬스장
8336,"서울특별시 강남구 강남대로 528, 지하1층 (논현동)",코리안 탑팀 강남,127.022643236224,37.5092956336041,헬스장
8337,"서울특별시 강남구 도산대로 542, 우산빌딩 2층 (청담동)",(주)피엠코퍼레이션,127.053011973314,37.5245872892577,헬스장
8338,"서울특별시 강남구 학동로 171, 삼익악기 빌딩 지하1층 (논현동)",헬스보이짐 학동역점,127.029550652058,37.5140467250769,헬스장
8339,"서울특별시 강남구 봉은사로 209, 지하1층 (논현동)",(주)더프라자 언주,127.035012857641,37.5079322777816,헬스장
8340,"서울특별시 강남구 삼성로 317, 우석빌딩 지하2층 (대치동)",오피티스튜디오,127.059830795567,37.5002115104278,헬스장
8341,"서울특별시 강남구 선릉로 822, 유리빌딩 (청담동)",This is fitness,127.040172451405,37.5252591861539,헬스장
8342,"서울특별시 강남구 선릉로 513, APEXTOWER 지하1층 (역삼동)",선릉역점 스포애니,127.048303636953,37.5052784555922,헬스장
8343,"서울특별시 강남구 강남대로 520, 영동빌딩 3층 (논현동)",액트짐 논현점,127.023051010941,37.5086773753858,헬스장
8344,"서울특별시 강남구 도곡로 452, 미즈메디병원 6층 (대치동)",이원다이애그노믹스(주) (EDGC),127.060008815305,37.4981119857603,헬스장
8345,"서울특별시 강남구 선릉로 227, 지하1층 1호 (도곡동)",김대현피티스튜디오 도곡한티역점,127.052736077626,37.4958391534271,헬스장
8346,"서울특별시 강남구 도곡로 151, 대진빌딩 지하1층 (역삼동)",피트리움,127.036515346351,37.4913083497671,헬스장
8347,"서울특별시 강남구 압구정로28길 19, 한익빌딩 (신사동)",피지오스튜디오 필라테스&PT 압구정점,127.027870151153,37.5252631804452,헬스장
8348,"서울특별시 강남구 봉은사로44길 1, 지하1층 (역삼동)",(주)스포니스 선정릉점,127.040347108356,37.5088487902046,헬스장
8349,"서울특별시 강남구 학동로44길 47, 리에이치 B1층 (논현동)",파워에이치,127.037517139426,37.5126510606285,헬스장
8350,"서울특별시 강남구 도산대로49길 22, 아가페 트리 3층 (신사동)",더골든핏 웰니스클럽,127.037376852979,37.5243804554391,헬스장
8351,"서울특별시 강남구 선릉로 840, 로데오빌딩 지하1층 (청담동)",해빗피트니스 압구정로데오점,127.0407234279,37.5267977288219,헬스장
8352,"서울특별시 강남구 테헤란로25길 54, 지하1층 (역삼동)",피티인폼 운동센터,127.03471082886,37.5041654445557,헬스장
8353,"서울특별시 강남구 개포로20길 8, 지하1층 (개포동)",TACHYON,127.04710358008,37.4781226698394,헬스장
8354,"서울특별시 강남구 역삼로 527, 그린메디칼사옥 3층 (대치동)",H컨디셔닝센터,127.06066935795,37.5039860262112,헬스장
8355,"서울특별시 강남구 봉은사로 469, 지하2층 (삼성동)",레블트레이닝 강남 (Revl Training Gangnam),127.050791985991,37.5125880736373,헬스장
8356,"서울특별시 강남구 선릉로 428, B1층 (대치동)",피트니스 리저브 선릉역점,127.049875769645,37.5033532547808,헬스장
8357,"서울특별시 강남구 삼성로 571, 케이빌딩 B1층 (삼성동)",바디쉬휘트니스(삼성중앙역점),127.053210303682,37.5123480626965,헬스장
8358,"서울특별시 강남구 삼성로 512, B2층 (삼성동)",버핏그라운드 삼성,127.056598199615,37.50810735211,헬스장
8359,"서울특별시 강남구 언주로108길 10, 맛미빌딩 2층 (역삼동)",뉴로하이짐,127.040600737552,37.5081101496905,헬스장
8360,"서울특별시 강남구 역삼로14길 7, 2층 (역삼동)",여성전용 비더원PT 역삼점,127.035516726449,37.4940869098918,헬스장
8361,"서울특별시 강남구 도산대로8길 23, 1층 101호 (논현동)",주식회사 피나클 서플라이,127.022617034548,37.5154202147944,헬스장
8362,"서울특별시 강남구 영동대로138길 9, 303호 (청담동)",디엔엘고,127.056494441884,37.5229050350666,헬스장
8363,"서울특별시 강남구 논현로71길 10, 5층 (역삼동)",올플렉스짐,127.038651258422,37.4950579322061,헬스장
8364,"서울특별시 강남구 선릉로120길 34, 2층 (삼성동)",운동중,127.045370638713,37.5143706643262,헬스장
8365,"서울특별시 강남구 도산대로56길 10, 루벤스 빌딩 4층 (청담동)",PT studio one,127.040059175821,37.5224437722644,헬스장
8366,"서울특별시 강남구 언주로151길 18, 지하1층 (신사동)",큐벨로(QVELO),127.031749416456,37.5220642732474,헬스장
8367,"서울특별시 강남구 남부순환로378길 10, 성일빌딩 지하1층 (도곡동)",ROD Fitness,127.045678056371,37.4855639406239,헬스장
8368,"서울특별시 강남구 학동로42길 53, 지하1층 (논현동)",움직이는 공간,127.036861482942,37.5120315563778,헬스장
8369,"서울특별시 강남구 논현로 826, 이가빌딩 지하1층 (신사동)",운동장,127.028546629528,37.5222271811671,헬스장
8370,"서울특별시 강남구 선릉로161길 15-4, 신사동 S빌딩 2층 (신사동)",위고짐(WEGO GYM),127.038900619726,37.5271242356846,헬스장
8371,"서울특별시 강남구 논현로 628, 1층 (논현동)",체육관 1호,127.033082131446,37.5097962922691,헬스장
8372,"서울특별시 강남구 선릉로152길 7, 홍경빌딩 4층 (청담동)",아토즈무브,127.040166698964,37.5242360099173,헬스장
8373,"서울특별시 강남구 논현로 851, 지하1층 (신사동)",피트인 피트니스,127.028019455535,37.5248958965962,헬스장
8374,"서울특별시 강남구 언주로85길 23-10, 역삼동제이빌딩 지하1층 (역삼동)",RF 트레이닝 스튜디오,127.041482156956,37.5001683815758,헬스장
8375,"서울특별시 강남구 논현로38길 32-11, 지하1층 (도곡동)",어반프라이빗짐,127.044871828458,37.4849062432038,헬스장
8376,"서울특별시 강남구 도산대로81길 8, 지하1층 (청담동)",청담짐,127.048022787453,37.5250051457172,헬스장
8377,"서울특별시 강남구 역삼로52길 14, 도곡프라자 3층 (역삼동)",DIVE GYM PRIVATE,127.047989898024,37.4985541072519,헬스장
8378,"서울특별시 강남구 선릉로162길 51, 201호 (청담동)",다짐,127.044800143512,37.5261649206602,헬스장
8379,"서울특별시 강남구 압구정로20길 24, 4층 (신사동)",피티원(PT ONE),127.026059078938,37.5245834273023,헬스장
8380,"서울특별시 강남구 테헤란로1길 28-8, 2층 (역삼동)",노크 프로젝트,127.028131601742,37.5002834993643,헬스장
8381,"서울특별시 강남구 학동로 233, 디와이빌딩 지하1층 (논현동)",바디스 짐,127.034698883723,37.5154979232616,헬스장
8382,"서울특별시 강남구 개포로 623, 대청타워 2층 234-7호 (개포동)",제이투짐,127.079647753194,37.494341198165,헬스장
8383,"서울특별시 강남구 삼성로 642, 삼성빌딩 3층 302호 (삼성동)",짐파티,127.051322820558,37.517401366555,헬스장
8384,"서울특별시 강남구 선릉로119길 15, 지하2층 (논현동)",워너비즈,127.041329688767,37.5132562540005,헬스장
8385,"서울특별시 강남구 선릉로4길 11, 3층 (개포동)",닥터포바디 퍼스널 트레이닝,127.062056902968,37.4826348631148,헬스장
8386,"서울특별시 강남구 영동대로 706, 정원빌딩 4, 5층 (청담동)",에스앤제이코어(제일리핏케어센터),127.0572502961,37.5207780345021,헬스장
8387,"서울특별시 강남구 언주로152길 15-3, 지하1층 (신사동)",유니크바디 PT 압구정,127.034805757216,37.523008113376,헬스장
8388,"서울특별시 강남구 언주로172길 29, 2층 (신사동)",트라이포드스포츠 (TPS Ground),127.036312950316,37.5275201489913,헬스장
8389,"서울특별시 강남구 도산대로25길 36, 지하1층 (신사동)",웰니스라운지 헤이원,127.02647003937,37.5219399746502,헬스장
8390,"서울특별시 강남구 봉은사로26길 13, B1층 (역삼동)",피트니스 컨티뉴 PT 언주역점,127.033404848399,37.5060566708174,헬스장
8391,"서울특별시 강남구 논현로 428, 정진빌딩 B1층 (역삼동)",페레 역삼,127.038463288155,37.4985317342571,헬스장
8392,"서울특별시 강남구 영동대로138길 15, 2층 (청담동)",짐포레스트,127.056436155902,37.5231695071626,헬스장
8393,"서울특별시 강남구 논현로85길 70, 지하2층 (역삼동)",어반필드 역삼점,127.032422058167,37.4977749894834,헬스장
8394,"서울특별시 강남구 삼성로 155, 대치퍼스트빌딩 B121호 (대치동)",최원준 GYM,127.062951852624,37.4938813994708,헬스장
8395,"서울특별시 강남구 언주로65길 13, 제이케이빌딩 2층 (역삼동)",스튜디오 루시,127.044905860235,37.4951038340829,헬스장
8396,"서울특별시 강남구 선릉로93길 22, 지하1층 (역삼동)",(주)화이트짐 선릉점,127.046743275216,37.5049885992418,헬스장
8397,"서울특별시 강남구 삼성로 212, B1층 (대치동, 은마아파트)",옐로우 휘트니스,127.065915414443,37.4996157705058,헬스장
8398,"서울특별시 강남구 압구정로79길 56, 아름다운빌딩 4층 (청담동)",온더휘트니스,127.051781104492,37.5253330542508,헬스장
8399,"서울특별시 강남구 선릉로 704, 청담빌딩 B1층 (청담동)",하이랙스 강남구청역점,127.041389319517,37.5178019769365,헬스장
8400,"서울특별시 강남구 논현로 614, ARTISAN 빌 지하1,2층 (논현동)",백야짐 앤 필라테스,127.033592483965,37.5085912346756,헬스장
8401,"서울특별시 강남구 봉은사로29길 5, 지하1층 (논현동)",테라피티 언주역점,127.034615454935,37.5080107823293,헬스장
8402,"서울특별시 강남구 삼성로71길 12, 주원빌딩 지하1층 (대치동)",제이슨의 V트레이닝(체대친구들 오프라인센터),127.057865053996,37.5022469608017,헬스장
8403,"서울특별시 강남구 영동대로 210, 지하2층 (대치동, 쌍용아파트)",주식회사 어센트 스포츠,127.071367051995,37.4988556676427,헬스장
8404,"서울특별시 강남구 영동대로 706, 소천빌딩 4,5층 (청담동)",에스앤제이헬스케어,127.0572502961,37.5207780345021,헬스장
8405,"서울특별시 강남구 압구정로28길 40, 신사동 더원 빌딩 5층 (신사동)",NP 컨디셔닝,127.027463671663,37.5239973673887,헬스장
8406,"서울특별시 강남구 도곡로 458, 정일빌딩 지하, 2층 202호 (대치동)",숀리엔한진 네츄럴 바디스쿨,127.060454108584,37.4983399836131,헬스장
8407,"서울특별시 강남구 논현로158길 7, 지하1층 (신사동)",에이트바디,127.029062340377,37.522181734959,헬스장
8408,"서울특별시 강남구 논현로 614, ARTISAN 빌 지하3층 (논현동)",크로스핏 강남(언주),127.033592483965,37.5085912346756,헬스장
8409,"서울특별시 강남구 남부순환로355길 13, 지하1층 (도곡동)",위크로스핏 양재,127.035716677085,37.4858253305803,헬스장
8410,"서울특별시 강남구 삼성로 651, 3층 301호 (삼성동, 래미안 라클래시)",소프트 실버타입,127.050036535644,37.5183513056476,헬스장
8411,"서울특별시 강남구 논현로167길 9, 낙산프라자 지하1층 (신사동)",파트너짐,127.027426608456,37.524421297629,헬스장
8412,"서울특별시 강남구 광평로51길 6-11, 문암빌딩 지하1층 (수서동)",엠브이엠 앤 루해빗 여성전용 피트니스 수서역점,127.103229900293,37.4885065847702,헬스장
8413,"서울특별시 강남구 학동로28길 5, 지하1층 (논현동)",바디스 짐,127.030269068815,37.513330335079,헬스장
8414,서울특별시 강남구 선릉로111길 40 (논현동),GYM Y STUDIO,127.040309601915,37.5101921107854,헬스장
8415,"서울특별시 강남구 봉은사로 467, 세창빌딩 3층 (삼성동)",디프로 PT,127.05063313853,37.5125244408451,헬스장
8416,"서울특별시 강남구 도산대로37길 28, 지하1층 (신사동)",비오스짐,127.031537185476,37.522841084498,헬스장
8417,"서울특별시 강남구 개포로 265, 개포동 메디시스빌딩 201호 (개포동)",RE:BORNFIT 개포,127.05299794567,37.4809077151366,헬스장
8418,"서울특별시 강남구 논현로63길 25, 3층 (역삼동)",BMLSTUDIO 비엠엘 스튜디오,127.038911030641,37.4922676984286,헬스장
8419,"서울특별시 강남구 봉은사로30길 11 (역삼동, 역삼동658빌딩)",베러댄 나우 PT STUDIO 언주,127.035451393147,37.5068224692827,헬스장
8420,"서울특별시 강남구 선릉로16길 4, 2층 (개포동)",Wayfit PT,127.059909236798,37.4837346614629,헬스장
8421,"서울특별시 강남구 강남대로84길 15, 2층 208호 (역삼동)",바디아티스트 강남역점,127.02983569457,37.4970034183304,헬스장
8422,"서울특별시 강남구 도산대로50길 17, B1층 (논현동)",피크짐(PEAK GYM),127.037670238659,37.5213277654859,헬스장
8423,"서울특별시 강남구 선릉로 663, 2층 (논현동)",주식회사 닥터핏,127.041486080177,37.5158418999936,헬스장
8424,"서울특별시 강남구 학동로20길 62, 2층 (논현동)",논현PT 미라클 통증케어 체형교정,127.026651081114,37.5099807321602,헬스장
8425,"서울특별시 강남구 학동로55길 26, 4층 (청담동)",스텐셜핏,127.041600941928,37.519194943692,헬스장
8426,"서울특별시 강남구 선릉로112길 64, 3층 (삼성동)",유연바디랩,127.048759778192,37.5124363900198,헬스장
8427,"서울특별시 강남구 논현로176길 22, B1층 (신사동)",압구정 라이크짐 2호점,127.030310574565,37.5272989341349,헬스장
8428,"서울특별시 강남구 개포로 209, 서호빌딩 지하1층 (개포동)",렛츠핏 개포점,127.045660396801,37.4786549219762,헬스장
8429,"서울특별시 강남구 언주로 563, B127호 (역삼동)",웰앤피트니스 강남지점,127.038168392484,37.5079337330229,헬스장
8430,"서울특별시 강남구 학동로 332, 계풍빌딩 지하1층 (논현동)",워터웍스 짐앤풀,127.039221894064,37.516287769335,헬스장
8431,서울특별시 강남구 압구정로29길 68 (압구정동),현대 에프앤에스,127.029186511113,37.5325363787069,헬스장
8432,"서울특별시 강남구 언주로108길 16, B1층 (역삼동)",머슬엑스,127.040688752648,37.5083587967326,헬스장
8433,서울특별시 강남구 압구정로 106 (신사동),플레이존스포츠(Playzone),127.020317951629,37.522695242361,헬스장
8434,"서울특별시 강남구 논현로 523, 노바빌딩 지하2층 (역삼동)",(주)비지엠에이치,127.035476310562,37.5030731984471,헬스장
8435,"서울특별시 강남구 선릉로85길 6, 호텔 뉴브 4층 (역삼동)",피트니스 일레븐,127.04910888682,37.5030264209645,헬스장
8436,"서울특별시 강남구 영동대로 325, 3층 (대치동, S-TOWER)",주식회사 진스엠파워,127.065495897888,37.5032910260927,헬스장
8437,"서울특별시 강남구 개포로82길 13-15, 302호 (개포동)",커브스 개포클럽,127.0683478467,37.4888205064565,헬스장
8438,"서울특별시 강남구 도곡로 181, 일성빌딩 지하1층 (역삼동)",Beyond Fitness Club,127.039034420126,37.4920916009046,헬스장
8439,"서울특별시 강남구 언주로107길 44, 더나무앤 빌딩 (역삼동)",Hoon fit(훈핏),127.035646608789,37.5070712681199,헬스장
8440,"서울특별시 강남구 도곡로 203, 남자빌딩 3층 (역삼동)",피트니스플랜비,127.04106748104,37.4927790108948,헬스장
8441,서울특별시 강남구 학동로53길 17 (논현동),나비드짐,127.039844586701,37.5182006615063,헬스장
8442,서울특별시 강남구 학동로20길 67 (논현동),스카이짐,127.026614838276,37.5095232101913,헬스장
8443,"서울특별시 강남구 도곡로3길 19, 서희스타힐스오피스텔 (역삼동)",화이트짐 강남점,127.032510770743,37.4913752931702,헬스장
8444,"서울특별시 강남구 역삼로5길 19, 지하1층 (역삼동)",하이라이트핏(HILIGHT FIT),127.031861565371,37.4950254499168,헬스장
8445,"서울특별시 강남구 도산대로 518, 더모자익 빌딩 2층 (청담동)",주식회사 기븐 플러스,127.049777176061,37.5241684694236,헬스장
8446,"서울특별시 강남구 삼성로115길 20, B 빌딩 2층 (삼성동)",피지컬 케어&짐,127.050479580009,37.5146033029075,헬스장
8447,"서울특별시 강남구 봉은사로34길 7, 1층 (역삼동)",스웻온 서울,127.036418945515,37.5074852245095,헬스장
8448,"서울특별시 강남구 논현로151길 50, 지하1층 (신사동)",버드레인,127.02402817996,37.5198475570069,헬스장
8449,"서울특별시 강남구 삼성로81길 34, 2층 (대치동)",팀히트짐,127.054877166342,37.5039866965952,헬스장
8450,"서울특별시 강남구 봉은사로72길 6, 지하1층 (삼성동)",더블제이짐,127.050622155241,37.5116696628832,헬스장
8451,"서울특별시 강남구 봉은사로30길 70, 석교빌딩 지하1층 (역삼동)",레벨업핏,127.036701072115,37.502972722557,헬스장
8452,"서울특별시 강남구 영동대로 730, 지하1층 (청담동)",Piot Fitness,127.055969436802,37.5232135179761,헬스장
8453,"서울특별시 강남구 광평로46길 4, 갑산한의원 3층 (수서동)",뭄핏,127.098965629218,37.4858665869505,헬스장
8454,"서울특별시 강남구 강남대로 464, 비제바노 지하1층 (역삼동)",짐박스피트니스 강남점,127.025328684402,37.5036889444016,헬스장
8455,"서울특별시 강남구 언주로106길 27, 지하1층 (역삼동)",프라이빗 PT 올:연,127.0420152048,37.5083396815775,헬스장
8456,"서울특별시 강남구 학동로 208, 용문빌딩 지하1층 (논현동)",주식회사 에이치디휘트니스,127.031988191374,37.5140499644185,헬스장
8457,"서울특별시 강남구 언주로98길 5-4, 2층 (역삼동)",역트피티,127.042486351873,37.5052815020196,헬스장
8458,"서울특별시 강남구 강남대로 374, 1층 (역삼동)",하이랙스 강남점,127.029067230812,37.4962895621722,헬스장
8459,"서울특별시 강남구 역삼로25길 28, 지산빌딩 1층 (역삼동)",하와이짐,127.039470217874,37.4981010814983,헬스장
8460,"서울특별시 강남구 테헤란로52길 15, 금천빌딩 B201호 (역삼동)",휘트니스엠 선릉점,127.047936645535,37.5031717841689,헬스장
8461,"서울특별시 강남구 선릉로 624, 지하2층 (삼성동)",피크타임 헬스앤복싱,127.043410455913,37.5122844954864,헬스장
8462,"서울특별시 강남구 선릉로 424, 302호 (대치동)",힙투게더 선릉점,127.050065020431,37.5029101502925,헬스장
8463,"서울특별시 강남구 압구정로 309, 지하층 (압구정동, 현대아파트)",트레이브짐,127.035538506088,37.5319211463698,헬스장
8464,"서울특별시 강남구 논현로175길 11, 지하1호 (신사동)",트레인트루(Traintrue),127.027559869918,37.5259547724319,헬스장
8465,서울특별시 강남구 강남대로152길 15 (신사동),핏앤 리프트,127.020655761605,37.5174408043264,헬스장
8466,"서울특별시 강남구 압구정로 320, 극동Gallery (신사동)",에이블짐 압구정로데오점,127.036454862155,37.528543282907,헬스장
8467,서울특별시 강남구 광평로56길 10 (수서동),더 클래식 바디랩,127.103769196199,37.4870745013425,헬스장
8468,"서울특별시 강남구 도산대로 518, 더모자익 빌딩 (청담동)",어썸어스,127.049777176061,37.5241684694236,헬스장
8469,"서울특별시 강남구 강남대로158길 26, M SPACE 빌딩 B1층 (신사동)",신사 라이크짐 2호점,127.020925009213,37.5191746477041,헬스장
8470,"서울특별시 강남구 테헤란로98길 16, 제주장학회관 지하2층 (대치동)",주식회사 업투삼성역,127.06236488908,37.5072510165232,헬스장
8471,"서울특별시 강남구 도산대로89길 41, 지하1층 (청담동)",Halona gym(할로나짐),127.052145041803,37.5269655999063,헬스장
8472,"서울특별시 강남구 압구정로 309, 상가A 202동 2층 (압구정동, 현대아파트)",큐짐,127.035538506088,37.5319211463698,헬스장
8473,"서울특별시 강남구 학동로 443, 정한빌딩 402호 (청담동)",바비스튜디오,127.049376884423,37.5189404789391,헬스장
8474,"서울특별시 강남구 개포로 656, 영빌딩 지하1층 (일원동)",에슬레틱 플로우,127.084477448928,37.4950472959834,헬스장
8475,"서울특별시 강남구 삼성로115길 16-5, 2층 (삼성동)",고PT,127.050491466935,37.514954238797,헬스장
8476,"서울특별시 강남구 테헤란로 443, 애플트리타워 지하1층 (삼성동)",스타디온 삼성,127.055596615858,37.5069494959122,헬스장
8477,"서울특별시 강남구 광평로51길 8, 로얄프라자 302호 (수서동)",스케치바디PT&필라테스,127.102475755025,37.4883751535989,헬스장
8478,"서울특별시 강남구 양재대로55길 37, 403호 (일원동)",86 피티(PT),127.08680066221,37.4932376517251,헬스장
8479,"서울특별시 강남구 삼성로86길 6, 2층 (대치동)",오엠짐,127.057973871285,37.5054929596519,헬스장
8480,"서울특별시 강남구 봉은사로63길 14, B1층 (삼성동)",Back Gym(백짐),127.047075838244,37.5122841727439,헬스장
8481,"서울특별시 강남구 봉은사로 211, 그림바우빌딩 지하1층 (논현동)",피크핏(PEAKFIT),127.03520187295,37.5079803352646,헬스장
8482,"서울특별시 강남구 영동대로 737, 리베라호텔 지하2층 (청담동)",(주)신안관광 호텔리베라 체력단련장,127.054240091718,37.523826465874,헬스장
8483,"서울특별시 강남구 논현로152길 37, 한서빌딩 3층 (신사동)",AIM-FIT(에임핏),127.031132557126,37.5217917940292,헬스장
8484,"서울특별시 강남구 언주로85길 13, 지하1층 (역삼동, 경남아파트)",바이젝 월드 피트니스,127.042381786191,37.5005673881078,헬스장
8485,"서울특별시 강남구 봉은사로 203, 명진빌딩 3층 (논현동)",독한GYM,127.034239582576,37.5076856291152,헬스장
8486,"서울특별시 강남구 논현로151길 20, 지하1층 (신사동)",코너맨(CORNER MAN),127.02647640989,37.5201200374952,헬스장
8487,"서울특별시 강남구 압구정로 212, 방우빌딩 2층 (신사동)",리뉴짐,127.030457751829,37.5278408488996,헬스장
8488,"서울특별시 강남구 테헤란로27길 18, 지하2층 (역삼동)",샵피트니스,127.037959267784,37.5025729992498,헬스장
8489,"서울특별시 강남구 논현로168길 47, 지하1층 (신사동)",GYM223,127.031984240681,37.5233448950098,헬스장
8490,"서울특별시 강남구 도곡로 204, 동신빌딩 지하1층 (도곡동)",S&H웰빙휘트니스,127.041422427959,37.4921516958537,헬스장
8491,"서울특별시 강남구 테헤란로 217, 오렌지플래닛 지하1층 (역삼동)",제임스짐,127.03984440325,37.5021097120161,헬스장
8492,"서울특별시 강남구 강남대로 240, 양재SK허브프리모 지하2층 (도곡동)",피트니스지앤지,127.034429700831,37.4852596091178,헬스장
8493,"서울특별시 강남구 도곡로 115, 거암빌딩 지하1층 (역삼동)",다짐 PT,127.03298214223,37.4902444882146,헬스장
8494,"서울특별시 강남구 학동로 413, 청담빌딩 지하1층 (청담동)",비나이더 피트니스 청담점,127.045191941905,37.5181537765035,헬스장
8495,"서울특별시 강남구 선릉로132길 17, 지하1층 (청담동)",휴즈짐,127.042609128796,37.5183306123286,헬스장
8496,"서울특별시 강남구 언주로173길 14, 4층 (신사동)",GAME CHANGER(게임체인저),127.032302508451,37.5281778740192,헬스장
8497,"서울특별시 강남구 언주로113길 10, 4층 (논현동)",니드핏(Need Fit),127.036488016457,37.509507238119,헬스장
8498,"서울특별시 강남구 테헤란로 231, 센터필드 EAST동 3층 (역삼동)",(주)조선호텔앤리조트 센터필드 피트니스클럽,127.041356540268,37.5028813541774,헬스장
8499,"서울특별시 강남구 테헤란로 142, 캐피탈타워 B1층 (역삼동)",버핏그라운드 역삼,127.034954751198,37.4997440471512,헬스장
8500,"서울특별시 강남구 밤고개로23길 10-23, B1층 (율현동, 율현동 196-86 다세대주택)",윔짐,127.108963988358,37.4720564045915,헬스장
8501,"서울특별시 강남구 강남대로 364, 미왕빌딩 지하2층 (역삼동)",슬릭 강남 캠프,127.029293901519,37.4955498697675,헬스장
8502,"서울특별시 강남구 삼성로 416, 은혜빌딩 지하1층 (대치동)",이루짐 피티샵 대치점,127.058295259828,37.5042834722292,헬스장
8503,"서울특별시 강남구 봉은사로 469, B2층 (삼성동)",STV 피지컬 퍼포먼스짐,127.050791985991,37.5125880736373,헬스장
8504,"서울특별시 강남구 언주로150길 34, B1층 (논현동)",Pers fitness,127.037144544436,37.5215211970834,헬스장
8505,"서울특별시 강남구 언주로168길 15, 지하1층 (신사동)",김포도 컴퍼니,127.034901246744,37.5264348672513,헬스장
8506,"서울특별시 강남구 선릉로86길 7, B1층 (대치동)",나비드짐 PT&필라테스 선릉점,127.05031261589,37.5032959457801,헬스장
8507,"서울특별시 강남구 도산대로68길 26, 1층 (청담동)",블루덤벨 휘트니스,127.044368305782,37.5219219030767,헬스장
8508,"서울특별시 강남구 언주로 329, 삼일빌딩 (역삼동)",밸류온피트니스,127.044896498317,37.497221653749,헬스장
8509,"서울특별시 강남구 삼성로 605, 청송빌딩 (삼성동)",206짐,127.052717611728,37.5134844497251,헬스장
8510,서울특별시 강남구 테헤란로14길 13 (역삼동),F45 트레이닝 역삼,127.033524543049,37.4985493670374,헬스장
8511,"서울특별시 강남구 삼성로147길 66, 지하2층 (청담동)",리피트니스,127.044293649188,37.5205897984509,헬스장
8512,"서울특별시 강남구 도산대로96길 13, 6층 (청담동)",MASTER GYM(마스터짐 앤 필라테스),127.050961827844,37.5236628622669,헬스장
8513,"서울특별시 강남구 강남대로 340, 경원빌딩 (역삼동)",바디튜토리얼,127.030306438541,37.4935728051632,헬스장
8514,"서울특별시 강남구 선릉로 324, SH타워 (대치동)",한티역점 스포애니 (주)케이디헬스케어,127.052094163626,37.4985303841214,헬스장
8515,"서울특별시 강남구 봉은사로 116, 은성빌딩 (역삼동)",액트짐 신논현점,127.026388646305,37.5047491056943,헬스장
8516,서울특별시 강남구 역삼로65길 20 (대치동),타잇바디짐,127.052551491306,37.5025677693976,헬스장
8517,"서울특별시 강남구 헌릉로569길 9, 강남지웰파인즈 (세곡동)",커브스 세곡클럽,127.100777255781,37.4667896057922,헬스장
8518,서울특별시 강남구 언주로172길 14 (신사동),짐타운,127.034918660011,37.527629770888,헬스장
8519,"서울특별시 강남구 선릉로 655, 성부빌딩 2, 3층 (논현동)",프로짐,127.041720060155,37.5151391247988,헬스장
8520,"서울특별시 강남구 강남대로62길 18, 2층 202호 (역삼동)",온더피티 스튜디오,127.033046566352,37.490436294722,헬스장
8521,"서울특별시 강남구 학동로97길 20, 성호빌딩 지하1층 (청담동)",청담피트니스,127.055518121661,37.521146560666,헬스장
8522,"서울특별시 강남구 학동로 338, 지하2층층 (논현동, 강남파라곤)",토탈케어 컴퍼니,127.04016223452,37.5165402749359,헬스장
8523,"서울특별시 강남구 논현로176길 20, 지하1층 (신사동)",온유어짐 PT studio 압구정,127.030120378353,37.5272409582709,헬스장
8524,"서울특별시 강남구 삼성로95길 15, 천해빌딩 지하1층 (삼성동)",마이티핏,127.05449627869,37.5077461365963,헬스장
8525,"서울특별시 강남구 학동로4길 18, 스카이 빌딩 지하1층 (논현동)",포텐PT,127.02315340402,37.5102558254223,헬스장
8526,"서울특별시 강남구 강남대로 570, 선양빌딩 지하1층 B01호 (논현동)",바른PT,127.020955251581,37.5128441906133,헬스장
8527,"서울특별시 강남구 봉은사로43길 29, 1층 204호 (논현동)",건강해짐(Gym),127.039166056561,37.5111712566109,헬스장
8528,"서울특별시 강남구 테헤란로 129, B1층 (역삼동)","버핏그라운드 역삼 별관, 팀버핏 역삼",127.032367803374,37.4999326440603,헬스장
8529,"서울특별시 강남구 언주로7길 6, 지하2층 (개포동)",파프짐 개포,127.055483787574,37.4785781862112,헬스장
8530,서울특별시 강남구 선릉로152길 32 (청담동),최용욱PTS(331),127.042213937077,37.5242244839023,헬스장
8531,"서울특별시 강남구 논현로 90, 보성빌딩 지하1층 (개포동)",크로스핏 타키온,127.045069030677,37.4779640748385,헬스장
8532,"서울특별시 강남구 도산대로 454, 201호 (청담동, 청담휴먼스타빌)",움직임플러스 청담,127.046056275002,37.5236847892354,헬스장
8533,"서울특별시 강남구 테헤란로63길 9, B1층 (삼성동)",빌리프짐 선릉역점,127.05011127646,37.5057875814315,헬스장
8534,"서울특별시 강남구 언주로172길 28, 오리엔탈빌딩 지하층 (신사동)",알이에스피(RES.P),127.035987019903,37.527285537763,헬스장
8535,"서울특별시 강남구 논현로 419, PMK 빌딩 지하1층 (역삼동)",김성환짐,127.038091444892,37.4976177837796,헬스장
8536,"서울특별시 강남구 봉은사로1길 8, 3층 (논현동)",펀짐,127.025081045457,37.5054974051802,헬스장
8537,"서울특별시 강남구 논현로95길 10, 지하1층 (역삼동)",강남피티,127.035044325267,37.5024216299947,헬스장
8538,"서울특별시 강남구 압구정로28길 18, 2층 (신사동)",플로우핏,127.0275728109,37.5254603895222,헬스장
8539,"서울특별시 강남구 언주로130길 12, 가동 3층 (논현동)",스타휘트니스 246,127.036571010874,37.514790070497,헬스장
8540,"서울특별시 강남구 강남대로 502, 에임하이타워 지하1층 (논현동)",엠엔휘트니스,127.023676433449,37.507132658988,헬스장
8541,"서울특별시 강남구 도산대로55길 26, 하늘빌딩 4층 (청담동)",트라이앵글,127.040790451167,37.525227889754,헬스장
8542,"서울특별시 강남구 도산대로 326, 대동타워 지하1층 (논현동)",고알레 클럽하우스,127.03774745119,37.5223519106434,헬스장
8543,"서울특별시 강남구 도곡로37길 14, B1층 (역삼동, 동우빌딩)",리미트리스 짐,127.045029564959,37.4947150926491,헬스장
8544,"서울특별시 강남구 테헤란로87길 39, 심스빌딩 B2층 (삼성동)",로그짐 삼성점,127.057642715348,37.5103399869121,헬스장
8545,"서울특별시 강남구 도곡로 505, 지하2,3층 (대치동)",올댓바스켓,127.061708294936,37.4995006419713,헬스장
8546,"서울특별시 강남구 삼성로 605, 청송빌딩 지하1층 (삼성동)",리앤핏PT 삼성점,127.052717611728,37.5134844497251,헬스장
8547,"서울특별시 강남구 도산대로45길 8-3, 쿠키빌딩 지하층 (신사동)",더빠짐(THE BBA ZYM),127.036228526084,37.5230166054488,헬스장
8548,"서울특별시 강남구 삼성로133길 12, 지하1층 (청담동)",짐로드,127.048534028271,37.5196197341193,헬스장
8549,"서울특별시 강남구 압구정로80길 35, 드림빌딩 지하1층 (청담동)",우리짐 청담점,127.043814212044,37.5244045520548,헬스장
8550,"서울특별시 강남구 도산대로 413, 지하2층 (청담동)",(주)피기블라인더스,127.040707974946,37.523759194327,헬스장
8551,서울특별시 강남구 언주로93길 32-8 (역삼동),카노(KANO),127.039253454982,37.503764516583,헬스장
8552,"서울특별시 강남구 도산대로81길 17, 대청빌딩 3층 (청담동)",주식회사 무브옵,127.047454618088,37.5254717341047,헬스장
8553,"서울특별시 강남구 개포로 628, 현대빌딩 지하1층 (일원동)",호짐,127.081570321339,37.4941001284485,헬스장
8554,"서울특별시 강남구 도산대로6길 15, 지하1층 (논현동)",드래곤짐,127.021979411348,37.5157858723767,헬스장
8555,"서울특별시 강남구 언주로113길 16, 지하1층 (논현동)",도넛 PT 스튜디오,127.035964839491,37.5093589130056,헬스장
8556,"서울특별시 강남구 논현로 611, 지하1층 (논현동)",바디스짐 언주역점,127.033102482675,37.5082424138493,헬스장
8557,서울특별시 강남구 도산대로102길 10 (청담동),(주)더프리마,127.052816116488,37.5238964884279,헬스장
8558,"서울특별시 강남구 학동로 513, 지하1층 (청담동, 진흥아파트)",(주)에프엘짐(FL Gym),127.054216748317,37.5200198304195,헬스장
8559,"서울특별시 강남구 선릉로16길 4, 2층 (개포동)",훈짐PT,127.059909236798,37.4837346614629,헬스장
8560,"서울특별시 강남구 테헤란로82길 15, 지하1층 (대치동)",오렌지스웻,127.058228998088,37.5060470424166,헬스장
8561,"서울특별시 강남구 언주로 537, 에이비티타워 2층 (역삼동)",비커스런,127.040712435436,37.5059414823302,헬스장
8562,"서울특별시 강남구 역삼로 458, 지하1층 (대치동, 영미빌딩)",비헬씨 대치점,127.057405670704,37.5025429850853,헬스장
8563,"서울특별시 강남구 삼성로 352 (대치동,창진빌딩 7층)",한마음(125),127.059072270556,37.5030433027391,헬스장
8564,"서울특별시 강남구 강남대로 354  (역삼동,한국빌딩 지하2층)",상아(129),127.029733323803,37.4946490234479,헬스장
8565,"서울특별시 강남구 선릉로 524 (삼성동,대림아크로텔 B201)",클럽케이 서울 휘트니스,127.04838618187,37.5066550675471,헬스장
8566,서울특별시 강남구 선릉로 718 (청담동),앤드핏 청담,127.040920399204,37.518948666968,헬스장
8567,"서울특별시 강남구 도곡로 442 (대치동,402,502)",휘트니스클럽 36.5(288),127.058839031611,37.4979496722429,헬스장
8568,서울특별시 강남구 논현로116길 6 (논현동),잭스 피트니스,127.0336685757,37.5092881401613,헬스장
8569,"서울특별시 강남구 테헤란로20길 19 (역삼동,엘지 에클라트 지하 1층)",제이원 휘트니스,127.03502680361,37.4985646987797,헬스장
8570,"서울특별시 강남구 도곡로 408 (대치동, 지하1층)",(주)케이에스 스포짐컴퍼니,127.055233195315,37.4966225187716,헬스장
8571,서울특별시 강남구 압구정로 208 (신사동),유성 스포츠센터,127.029898895275,37.5275917745892,헬스장
8572,"서울특별시 강남구 봉은사로37길 8, 2층 (논현동, 윤원빌딩)",바디랑 필라테스 스튜디오,127.037095232778,37.5089716720179,헬스장
8573,서울특별시 강남구 논현로176길 14 (신사동),크로스핏 압구정(344),127.029718326693,37.5269934647885,헬스장
8574,"서울특별시 강남구 삼성로149길 10, 201호 (청담동)",에이디스짐(337),127.046743383017,37.5234788204389,헬스장
8575,서울특별시 강남구 영동대로 602 (삼성동),(주)인어스휘트니스,127.060483947525,37.5147215906749,헬스장
8576,"서울특별시 강남구 강남대로110길 32, 2층 (역삼동)",핏엔젤1호,127.027484274765,37.5036785514807,헬스장
8577,"서울특별시 강남구 도곡로 229 (역삼동, 오성빌딩)",참짐(475),127.043801164409,37.4935624457801,헬스장
8578,"서울특별시 강남구 압구정로46길 35, 2층 (신사동)",BNB 퍼스널 트레이닝 스튜디오,127.036286438218,37.5262710080147,헬스장
8579,"서울특별시 강남구 논현로10길 29, 5층 (개포동)",멤버쉽 휘트니스 플레이 바이 어스,127.050395378069,37.4753216045886,헬스장
8580,"서울특별시 강남구 테헤란로81길 51, 3층 (삼성동)",마음가짐,127.055669203417,37.5104218436877,헬스장
8581,"서울특별시 강남구 선릉로157길 14-7, 압구정빌딩 4층 (신사동)",BM,127.038708909936,37.526557388236,헬스장
8582,"서울특별시 강남구 압구정로34길 32, 성우 에이치 지하1층 (신사동)",나아짐,127.030504299987,37.5260214435997,헬스장
8583,서울특별시 강남구 압구정로 467 (청담동),린 필라테스 앤 엑서프리(343),127.0474300231,37.5246839977519,헬스장
8584,"서울특별시 강남구 남부순환로 2912  (대치동,그랑프리엔상가 301호)",라인에 반하다(305),127.056142941592,37.4907059879875,헬스장
8585,"서울특별시 강남구 언주로 118, 129호 (도곡동, 우성캐릭터199)",맥스 퍼스널 트레이닝&테라피 스튜디오(440),127.051855548139,37.4869159664401,헬스장
8586,"서울특별시 강남구 도곡로 116, B2층 (도곡동, 꿈이룸 명진타워)",굿피티,127.033301608314,37.4898014632554,헬스장
8587,"서울특별시 강남구 삼성로 633, 지하1층 (삼성동, 삼광빌딩)",브이엠휘트니스 삼성점,127.051107823804,37.5162938562313,헬스장
8588,"서울특별시 강남구 선릉로131길 8, B2층 (논현동, 노벨빌딩)",휘트니스 M,127.040276007202,37.5179752643562,헬스장
8589,"서울특별시 강남구 논현로 425 (역삼동, 마이다스빌딩)",모션랩(motion lab),127.03793959219,37.4981079801273,헬스장
8590,"서울특별시 강남구 압구정로50길 18, 5층 501호 (신사동)",WAGAGYM 압구정점,127.03773157901,37.5272242657674,헬스장
8591,"서울특별시 강남구 학동로 205  (논현동,지상2층)",B&B(143),127.031350415416,37.5144540554705,헬스장
8592,"서울특별시 강남구 도산대로 442, 3층 일부호 (청담동, 피엔폴루스)",(의)성광의료재단 차움의원(444),127.044119009562,37.5233111622682,헬스장
8593,"서울특별시 강남구 삼성로 352, B1층 (대치동, 창진빌딩)",엠엔휘트니스 3호점(447),127.059072270556,37.5030433027391,헬스장
8594,"서울특별시 강남구 선릉로 418, 지하 1층층 (대치동)",크로스핏 강남(352),127.050333748761,37.5022615823371,헬스장
8595,"서울특별시 강남구 선릉로 647, 영광빌딩 (논현동)",힙업학원,127.042014952824,37.5143472181247,헬스장
8596,서울특별시 강남구 학동로101길 26 (청담동),성피티짐[SungPT Gym](354),127.057620352182,37.5224447996482,헬스장
8597,서울특별시 강남구 언주로30길 10 (도곡동),Ace private gym(355),127.05155394203,37.4873386711834,헬스장
8598,"서울특별시 강남구 학동로 501, B1~B2층 (청담동)",엠엔휘트니스 2호점(436),127.050467942591,37.5191577902364,헬스장
8599,"서울특별시 강남구 도산대로 532, 청담동 (청담동)",휘트니스모션,127.051591952726,37.5243444672802,헬스장
8600,"서울특별시 강남구 도산대로78길 5, 3층 (청담동)",닥터피티,127.047149068926,37.5236895838546,헬스장
8601,서울특별시 강남구 도산대로 537 (청담동),페인스톰 청담(358),127.05237378213,37.5251725046295,헬스장
8602,"서울특별시 강남구 테헤란로48길 10, 지하B101~B108호호 (역삼동, 역삼동 우정에쉐르2)",코어짐(Core Gym),127.045872920554,37.502652453062,헬스장
8603,서울특별시 강남구 선릉로 328 (대치동),라비아 피트니스,127.051899209649,37.4990331412977,헬스장
8604,서울특별시 강남구 압구정로20길 15 (신사동),모모스크린골프,127.025399073485,37.5248457627587,헬스장
8605,"서울특별시 강남구 테헤란로 146, 현익빌딩 지하2,,3층 (역삼동)",역삼역점 스포애니 (주)케이디헬스케어,127.035487192435,37.5000192358695,헬스장
8606,서울특별시 강남구 개포로110길 15 (일원동),우성스포츠센터,127.079114775367,37.4932437695434,헬스장
8607,"서울특별시 강남구 선릉로 619 (논현동,B1)",바디핏 휘트니스,127.042897801711,37.5120028486667,헬스장
8608,"서울특별시 강남구 삼성로 38 (개포동,지상6층)",짐어스,127.066845330996,37.4886879268822,헬스장
8609,"서울특별시 강남구 강남대로 318, 지하2층 (역삼동, TOWER837)",피트니스 에비뉴[Fitness Avenue](454),127.03118027892,37.4915693683974,헬스장
8610,"서울특별시 강남구 압구정로46길 32, 3층 (신사동, 삼일빌딩)",바디바이블(455),127.035985996769,37.526568700914,헬스장
8611,"서울특별시 강남구 도곡로 175 (역삼동, 창림빌딩)",SMFIT운동센터(479),127.03855986743,37.4919384954051,헬스장
8612,서울특별시 강남구 테헤란로43길 27 (역삼동),NY GYM,127.043977528438,37.5050630932079,헬스장
8613,"서울특별시 강남구 역삼로17길 12, 2층 (역삼동)",팀제이티,127.0361984021,37.4955448925108,헬스장
8614,"서울특별시 강남구 테헤란로 121, 지하2층 (역삼동, 원빌딩)",싸다휘트니스,127.031062762603,37.4994161773038,헬스장
8615,"서울특별시 강남구 테헤란로82길 15, 지하층 (대치동)",저스트핏대치점(483),127.058228998088,37.5060470424166,헬스장
8616,"서울특별시 강남구 테헤란로63길 12 (삼성동, LG 선릉에클라트 B)",에클라트 휘트니스(484),127.050947634813,37.5061147390354,헬스장
8617,"서울특별시 강남구 영동대로 722, 풍양빌딩 4-5층 (청담동)",스타짐23,127.056397556014,37.5223856534007,헬스장
8618,"서울특별시 강남구 도곡로77길 14, 지하1층 (대치동, 양지빌딩)",ONE TO ONE GYM(473),127.058617755819,37.499295885528,헬스장
8619,"서울특별시 강남구 봉은사로 109, 지하1층 일부호 (논현동, 싼타홍메디컬타워)",K.P.T(432),127.025598567652,37.5051256294822,헬스장
8620,"서울특별시 강남구 테헤란로108길 12 (대치동, 하나빌딩)",크로스핏 강남 삼성,127.065756496551,37.5086105953986,헬스장
8621,"서울특별시 강남구 광평로 281 (수서동, 수서빌딩)",(주)건강과 땀 휘트니스,127.103147850146,37.4881247193412,헬스장
8622,"서울특별시 강남구 강남대로 390  (역삼동,지하3층)",미진휘트니스(64),127.028578846319,37.4978399531903,헬스장
8623,"서울특별시 강남구 선릉로112길 87, 4층 (삼성동, 명인빌딩)",바디랩,127.05050172139,37.5132180900357,헬스장
8624,"서울특별시 강남구 선릉로94길 7 (삼성동, 현죽빌딩)",보리스 짐,127.048994811304,37.5060243834267,헬스장
8625,"서울특별시 강남구 선릉로 549, 에본빌딩 지하1층 (역삼동)",킬러짐,127.045632031466,37.5076699743623,헬스장
8626,"서울특별시 강남구 압구정로79길 14, 4층 (청담동)",핏플로우 짐,127.048204915417,37.524994169395,헬스장
8627,"서울특별시 강남구 논현로175길 69, 원영빌딩 3층 (신사동)",JP Station,127.023455120787,37.5238371322452,헬스장
8628,"서울특별시 강남구 강남대로 556, 논현빌딩 지하1층 (논현동)",GOTO 논현,127.021573239521,37.511527622057,헬스장
8629,"서울특별시 강남구 논현로 319 (역삼동,(B1))",화이트짐,127.039877071434,37.4937862941316,헬스장
8630,서울특별시 강남구 논현로 626  (논현동),엠투헬스클럽(70),127.033274863786,37.5095470202593,헬스장
8631,서울특별시 강남구 선릉로63길 9 (역삼동),웰씨짐 휘트니스,127.05144014643,37.4971636638659,헬스장
8632,서울특별시 강남구 테헤란로87길 36 (삼성동),제임스짐(100),127.058597240146,37.5102336492314,헬스장
8633,"서울특별시 강남구 테헤란로 204, 3층 (역삼동, 범진빌딩)",FLY GYM 플라이짐,127.038727031821,37.5009866194352,헬스장
8634,"서울특별시 강남구 강남대로118길 39, 4층 (논현동)",골든바디(넘버원),127.026253046099,37.5073409674001,헬스장
8635,"서울특별시 강남구 논현로150길 15, B102층 (논현동)",GYM HOLEEDAY,127.0297286894,37.5194667572471,헬스장
8636,"서울특별시 강남구 봉은사로 163, 지하1층 (논현동, 마르세움)",아트지짐,127.032148755196,37.5070685777585,헬스장
8637,"서울특별시 강남구 압구정로 310, 지하1층 (신사동)",TEAM ANSWER PT SHOP,127.035291971234,37.5287834827873,헬스장
8638,"서울특별시 강남구 봉은사로 107, 지하1층 (논현동)",더바른몸,127.025394503945,37.5050190845973,헬스장
8639,"서울특별시 강남구 광평로 280, 로즈데일오피스텔 101호 (수서동)",짐퍼스트 휘트니스 수서,127.103108072457,37.4873191631489,헬스장
8640,서울특별시 강남구 선릉로146길 15 (청담동),바디스쿨(350),127.040953790913,37.5220931556124,헬스장
8641,서울특별시 강남구 영동대로86길 9  (대치동),광혜헬스스포츠센타(111),127.064771981255,37.508136490079,헬스장
8642,"서울특별시 강남구 강남대로 310 (역삼동,유니온빌딩 지하2층)",휘슬러휘트니스(112),127.031485792815,37.4909831820412,헬스장
8643,서울특별시 강남구 논현로 80 (개포동),알통맨 휘트니스크럽(119),127.045480690923,37.4772540117351,헬스장
8644,"서울특별시 강남구 선릉로 842  (청담동,4층)",PT하우스(253),127.040686405563,37.5269529842189,헬스장
8645,"서울특별시 강남구 봉은사로68길 41, 2층 (삼성동)",크라운육체미도장(88),127.051931200825,37.5096278691478,헬스장
8646,"서울특별시 강남구 테헤란로 317 (역삼동,지층)",헬스보이짐 선릉점,127.045763234822,37.5039741806376,헬스장
8647,"서울특별시 강남구 선릉로132길 69, 지하1층 (청담동)",크라크라짐,127.04691383463,37.5190982574839,헬스장
8648,서울특별시 강남구 도곡로93길 9 (대치동),모건필라테스&PT,127.064501719435,37.500834891089,헬스장
8649,"서울특별시 강남구 학동로101길 33 (청담동, 청담상가)",헤세드(274),127.056828126838,37.5224162613037,헬스장
8650,"서울특별시 강남구 언주로 807 (신사동,6층)",골든핏 프라이빗 짐(275),127.033117111089,37.5224076301961,헬스장
8651,"서울특별시 강남구 선릉로148길 41 (청담동,지하1층)",(주)제이브로짐,127.042880435816,37.5229675255801,헬스장
8652,서울특별시 강남구 역삼로 239 (역삼동),피트니스 카디오(380),127.042509196407,37.4976990792121,헬스장
8653,서울특별시 강남구 논현로 752 (논현동),아크로짐 논현점,127.028644440099,37.5191609544084,헬스장
8654,"서울특별시 강남구 학동로68길 7 (삼성동,힐스테이트1단지 상가 4층)",바로그짐 강남구청,127.046743685239,37.5176166251155,헬스장
8655,"서울특별시 강남구 개포로 506, 청우빌딩 5층 501호 (개포동)",윤형준 트레이닝센터,127.067521234936,37.4891418305896,헬스장
8656,"서울특별시 강남구 언주로153길 12, 태경빌딩 2층 (신사동)",운동장,127.032190748216,37.522945604676,헬스장
8657,"서울특별시 강남구 언주로 311, 로즈1타워 201호 (역삼동)",투스타짐(2star gym),127.045736565773,37.495294979342,헬스장
8658,"서울특별시 강남구 역삼로 310 (역삼동, 한솔필리아 2층 32호)",더스타일짐[386],127.048420861876,37.4992355425931,헬스장
8659,서울특별시 강남구 학동로88길 12 (삼성동),GOTO 청담,127.052659727211,37.5183533187573,헬스장
8660,"서울특별시 강남구 언주로 874 (신사동, 쌍봉빌딩 지하1층)",피트니스 더원,127.034133513054,37.5285885762172,헬스장
8661,"서울특별시 강남구 도곡로 120, 세원빌딩 2층 (도곡동)",빌드업 운동센터,127.033547218949,37.4898313973235,헬스장
8662,"서울특별시 강남구 역삼로 542, 지하1층 (대치동, 신사에스앤지)",에이원짐,127.062343846502,37.5039798384138,헬스장
8663,"서울특별시 강남구 논현로 824, 동양빌딩 7층 703호 (신사동)",식스 밸런스(SIX BALANCE),127.028542466859,37.5219903085592,헬스장
8664,"서울특별시 강남구 삼성로85길 38, 지하2층 (대치동, 대치동 우정에쉐르1)",함스짐(HAMS GYM)2호점,127.054274484491,37.504618129293,헬스장
8665,서울특별시 강남구 테헤란로57길 21 (역삼동),JADE GYM,127.047321239003,37.5059437950506,헬스장
8666,"서울특별시 강남구 학동로 522 (삼성동,2,3층)",청춘웨이트 X Acub휘트니스,127.056075187118,37.5195574689849,헬스장
8667,"서울특별시 강남구 도곡로 184, 지층 101호 (도곡동, 신호빌딩)",정직한 PT&필라테스(430),127.039748870748,37.4917134802222,헬스장
8668,"서울특별시 강남구 남부순환로 2806 (도곡동,군인공제회 지하1층)",군인공제회관 M 스포렉스,127.052914072356,37.489109180937,헬스장
8669,"서울특별시 강남구 도곡로 450, 덕산빌딩 동 지하1층 (대치동)",크로스핏 볼케이노[388],127.059772100614,37.4980817418549,헬스장
8670,"서울특별시 강남구 테헤란로8길 7, 지하2층 (역삼동)",짐 다운 GYM,127.031728667655,37.4984382283431,헬스장
8671,"서울특별시 강남구 테헤란로 441 (삼성동, 지하1층)",테헤란로점 스포애니 (주)케이디헬스케어,127.055382485911,37.5069068888653,헬스장
8672,"서울특별시 강남구 남부순환로 2615 (도곡동,스타클래스 지하2층)",피트니스나인,127.035883711966,37.4851852937745,헬스장
8673,"서울특별시 강남구 선릉로 340  (대치동,대치EM프라자 B101,B102,B201)",애플짐 휘트니스(263),127.051448351881,37.5002229368483,헬스장
8674,"서울특별시 강남구 선릉로126길 14  (삼성동,예우빌딩 3층)",커브스 삼성클럽(264),127.043229960702,37.5152700382785,헬스장
8675,"서울특별시 강남구 도산대로11길 28 (신사동,지하1층)",더블케이짐,127.022592654035,37.5193442696835,헬스장
8676,"서울특별시 강남구 논현로 804  (신사동,서울빌딩 3층)",스타트레인(244),127.028431264318,37.5204922379438,헬스장
8677,"서울특별시 강남구 영동대로 416 (대치동,코스모타워 지하2층)",스포테라,127.065326637295,37.5065841136869,헬스장
8678,"서울특별시 강남구 언주로30길 21, B201-2호 (도곡동, 아카데미스위트)","버핏그라운드 도곡, 팀버핏 도곡",127.052014632509,37.4888657676631,헬스장
8679,"서울특별시 강남구 도곡로63길 34  (대치동,요안빌딩 지하1층)",J Gym(249),127.053773373593,37.4991267285089,헬스장
8680,"서울특별시 강남구 봉은사로 129-1 (논현동,지하2층)",MK 휘트니스(250),127.028081865499,37.5060831041135,헬스장
8681,"서울특별시 강남구 도산대로85길 30, 3층 (청담동)",청담 엑티브짐,127.049680036198,37.526439666489,헬스장
8682,서울특별시 강남구 테헤란로33길 31 (역삼동),JACEANNA Personal training(269),127.038640699776,37.5037549877493,헬스장
8683,"서울특별시 강남구 언주로 314,  501호 (역삼동,강남프라자)",맥스 퍼스널 트레이닝 스튜디오(271),127.046476269108,37.4958917878081,헬스장
8684,"서울특별시 강남구 개포로 615 (개포동,석탑프라자 7층)",피트니스 메이트,127.07558248914,37.4926580850327,헬스장
8685,"서울특별시 강남구 도산대로27길 43, 지하 1,2층 (신사동)",휘트니스2.0,127.027391615846,37.5227742731974,헬스장
8686,"서울특별시 강남구 역삼로 170 (역삼동,B1)",에프엘짐 역삼점,127.037857423,37.4950606219765,헬스장
8687,"서울특별시 강남구 테헤란로70길 12 (대치동,B1)",어썸어스 스튜디오,127.053159553826,37.5047428849251,헬스장
8688,"서울특별시 강남구 도산대로 134, B02호 (논현동,페이토빌딩)",머슬맥스튜디오(284),127.023380583993,37.5173531693456,헬스장
8689,서울특별시 강남구 테헤란로25길 10 (역삼동),AC호텔 바이메리어트 서울강남,127.035424439728,37.5012416495228,헬스장
8690,서울특별시 강남구 선릉로157길 14-3 (신사동),JP Gym(255),127.038655431788,37.5264005412993,헬스장
8691,"서울특별시 강남구 남부순환로 2633, 지층 B102호 (도곡동)",베드로크리닉(413),127.037772705702,37.4853675195457,헬스장
8692,"서울특별시 강남구 삼성로 212, 편의동 103호 (대치동, 은마상가)",대치 인,127.065915414443,37.4996157705058,헬스장
8693,"서울특별시 강남구 삼성로 155 (대치동,B2)",투엑스 휘트니스(293),127.062951852624,37.4938813994708,헬스장
8694,"서울특별시 강남구 역삼로8길 15, 지하1층, 1층 (역삼동)",저스트짐 하드코어,127.034174004352,37.4930900713112,헬스장
8695,"서울특별시 강남구 도산대로35길 39, 지하1층 (신사동)",STEADY(스테디),127.030341386568,37.5234881373776,헬스장
8696,서울특별시 강남구 압구정로79길 54 (청담동),슬림앤스트롱(328),127.051613918045,37.5253570039895,헬스장
8697,"서울특별시 강남구 학동로97길 42 (청담동,키즈12 빌딩 6층)",헬스 IHL PT studio,127.054764237271,37.5224812075002,헬스장
8698,"서울특별시 강남구 테헤란로19길 12, 401호 (역삼동)",그레이스 프라이빗 짐(427),127.03365791743,37.5009156415017,헬스장
8699,"서울특별시 강남구 영동대로112길 24, B101호 (삼성동, 동구싼타빌)",발레핏 코리아(424),127.062269780876,37.5151589109052,헬스장
8700,"서울특별시 강남구 역삼로 310, 지하1층 (역삼동, 한솔필리아)",주식회사 7스튜디오역삼,127.048420861876,37.4992355425931,헬스장
8701,"서울특별시 강남구 논현로 513 (역삼동,2층)",드림팩토리짐,127.03584672288,37.5024234615446,헬스장
8702,"서울특별시 강남구 도곡로 205 (역삼동,원경빌딩 B1)",역삼 스포애니 주)케이디스포츠,127.041364616509,37.4929198247521,헬스장
8703,서울특별시 강남구 테헤란로52길 17 (역삼동),일모션(329),127.048159675677,37.5030081609422,헬스장
8704,서울특별시 강남구 남부순환로 2921 (대치동),코지짐(330),127.059772967826,37.4934943562011,헬스장
8705,"서울특별시 강남구 봉은사로 214, B2층 (역삼동, 한솔빌딩)",오브 휘트니스,127.035787185493,37.5075305579448,헬스장
8706,서울특별시 강남구 학동로 201 (논현동),드림스타 휘트니스(323),127.030977670749,37.5143511690709,헬스장
8707,"서울특별시 강남구 테헤란로25길 7 (역삼동, 창성재단빌딩)",엑스퍼티짐,127.035059356588,37.5009488414146,헬스장
8708,서울특별시 강남구 봉은사로57길 42 (삼성동),Felix Gym,127.044388626609,37.5134497609338,헬스장
8709,서울특별시 강남구 삼성로147길 24 (청담동),원바디 퍼스널 트레이닝 스튜디오(378),127.046955270203,37.5214995940616,헬스장
8710,"서울특별시 강남구 삼성로145길 11, 2층 (청담동)",청담 바른짐,127.04716866267,37.5222886972963,헬스장
8711,"서울특별시 강남구 압구정로79길 60, 3층 (청담동, 제일빌딩)",매드짐(MAD GYM),127.052218523592,37.5254289985913,헬스장
8712,"서울특별시 강남구 선릉로 703, HS TOWER 지하1층 (논현동)",머슬마인드 강남구청점,127.040753093301,37.5176931767639,헬스장
8713,"서울특별시 강남구 테헤란로87길 45, 3층 (삼성동, 보현빌딩)",1984PTstudio(461),127.057484037939,37.5106469463389,헬스장
8714,"서울특별시 강남구 남부순환로365길 39, 2층 (도곡동)",서프라이즈짐,127.039772467818,37.4880199717505,헬스장
8715,"서울특별시 강남구 테헤란로 501, 브이플렉스 지하층 (삼성동)",바벨피트니스 PT & 바렐필라테스 삼성점,127.056821251348,37.5073809450356,헬스장
8716,"서울특별시 강남구 선릉로 340, 대치 EM 프라자 지하1층층 (대치동)",휴메이크 휘트니스,127.051448351881,37.5002229368483,헬스장
8717,"서울특별시 강남구 테헤란로64길 14, 더 나인 오피스텔 2층 201,202호 (대치동)","펫버닝(201호,202호)",127.050983171007,37.5039867294795,헬스장
8718,"서울특별시 강남구 강남대로66길 8, B1층 (역삼동, 카이로스빌딩)",알파짐(ARPA GYM),127.03159725692,37.4917199961445,헬스장
8719,"서울특별시 강남구 언주로122길 35, 지하1,2층 (논현동)",하와이짐(462),127.03884847919,37.5118753161525,헬스장
8720,"서울특별시 강남구 선릉로148길 40, B1층 (청담동)",(주)제이브로짐,127.042780982772,37.5227399683978,헬스장
8721,"서울특별시 강남구 언주로172길 59, 3층 (신사동)",No.1 GYM(402),127.03865391702,37.5269728582599,헬스장
8722,"서울특별시 강남구 논현로87길 41, 신일유토빌 2층 201호 (역삼동)",바디트레인,127.033517432189,37.4988329157332,헬스장
8723,"서울특별시 강남구 테헤란로8길 30, 지하1층 (역삼동)",애니바디캔 크로스핏(403),127.031818479339,37.4968871215889,헬스장
8724,"서울특별시 강남구 도산대로81길 41, 지하1층 (청담동)",프라이멀짐(404),127.046540948005,37.5268513516178,헬스장
8725,"서울특별시 강남구 도산대로 226, 3층 (논현동)",바디스 20 EMS(406),127.031754953285,37.5204481429662,헬스장
8726,"서울특별시 강남구 언주로 731  (논현동,지상 3층)",나누리운동센터(176),127.033979290041,37.5203066071262,헬스장
8727,"서울특별시 강남구 선릉로157길 15, 지하1층 (신사동)",겟업(GET UP),127.038519985545,37.5259016106048,헬스장
8728,"서울특별시 강남구 압구정로80길 35, 5층 (청담동)",모즈메디짐(409),127.043814212044,37.5244045520548,헬스장
8729,"서울특별시 강남구 도곡로 510, 지하1층 (대치동)",대치동점 스포애니 (주)케이디헬스케어,127.062182304456,37.4990204274664,헬스장
8730,"서울특별시 강남구 역삼로 555, B102호 (대치동)",엑티브짐(416),127.063379187501,37.5049918372132,헬스장
8731,"서울특별시 강남구 남부순환로 2609  (도곡동,12층)",유나이티드스포츠센터(178),127.035096207425,37.4849629812617,헬스장
8732,서울특별시 강남구 압구정로 113  (압구정동),유휘트니스(123),127.018445606778,37.5244043008813,헬스장
8733,"서울특별시 강남구 봉은사로 327, 지하1층 (논현동, 궁도빌딩)",휴메이크 휘트니스(420),127.042653360305,37.5101865123901,헬스장
8734,"서울특별시 강남구 역삼로 414, 지하1층 (대치동)",유니핏 선릉점,127.052460284229,37.5008745498047,헬스장
8735,"서울특별시 강남구 테헤란로2길 27, 지하1,2층 (역삼동)",헬스보이짐 강남역점,127.029697867857,37.4964929427239,헬스장
8736,"서울특별시 강남구 강남대로78길 8 (역삼동,한국빌딩 지하2층)",강남역1호점 스포애니 주)케이디스포츠,127.030080389903,37.4946959681486,헬스장
8737,서울특별시 강남구 언주로30길 27 (도곡동),파프짐 도곡점,127.052589523324,37.4884226678469,헬스장
8738,서울특별시 강남구 삼성로103길 6 (삼성동),하프 앤 더블(319),127.054035580407,37.5105194602734,헬스장
8739,서울특별시 강남구 선릉로 823 (신사동),업투 압구정로데오역점,127.039342517747,37.5256355438421,헬스장
8740,"서울특별시 강남구 언주로 101  (개포동,2층)",투엑스휘트니스컨설팅(주),127.053277552472,37.4810773394702,헬스장
8741,서울특별시 강남구 헌릉로 569 (세곡동),팔로우짐,127.101226214382,37.4657580150675,헬스장
8742,"서울특별시 강남구 선릉로131길 8, 5층 502호 (논현동, 노벨빌딩)",루카(LK)스포츠,127.040276007202,37.5179752643562,헬스장
8743,"서울특별시 강남구 선릉로 340, 9층 (대치동, 대치 EM 프라자)",이엠핏&필라테스,127.051448351881,37.5002229368483,헬스장
8744,"서울특별시 강남구 학동로12길 43, 지하1층 (논현동)",건강한너,127.027704703746,37.5101230286607,헬스장
8745,"서울특별시 강남구 역삼로77길 23, 성도빌딩 2층 (대치동)",슈퍼코어,127.055935727133,37.503967639381,헬스장
8746,"서울특별시 강남구 도곡로 216  (도곡동,2층)",에스화인센터(194),127.042721975071,37.4926493098547,헬스장
8747,"서울특별시 강남구 도곡로3길 13  (역삼동,역삼르메이에르타운 지층)",프라이어강남점(195),127.032654126408,37.4910570178096,헬스장
8748,"서울특별시 강남구 봉은사로 640  (삼성동,에스빌딩 2층)",힐리언스코어운동센타(삼성점)(196),127.065315630352,37.5148497533346,헬스장
8749,"서울특별시 강남구 선릉로62길 29, B1층 (대치동)",The one gym 대치,127.054911551796,37.4979699436304,헬스장
8750,"서울특별시 강남구 선릉로 833, 태영빌딩 4층 (신사동)",킹핏(334),127.039902969159,37.5265110397406,헬스장
8751,"서울특별시 강남구 언주로30길 13 (도곡동, 대림아크로텔 2층)",더핏(335),127.050686658826,37.4881276085659,헬스장
8752,"서울특별시 강남구 도곡로 216  (도곡동,2층)",TDI-SSC스포츠클리닉(184),127.042721975071,37.4926493098547,헬스장
8753,서울특별시 강남구 삼성로63길 17 (대치동),헬스파르타클럽(369),127.058726203289,37.4995790178802,헬스장
8754,서울특별시 강남구 강남대로 546 (논현동),휴메이크 휘트니스,127.021874014059,37.5108312705415,헬스장
8755,"서울특별시 강남구 학동로6길 19, 논현1호주차장 (논현동)",바디스페이스(371),127.024602306929,37.5106817977624,헬스장
8756,서울특별시 강남구 도곡로 182 (도곡동),휴메이크 휘트니스,127.039298630516,37.4915603694977,헬스장
8757,"서울특별시 강남구 도산대로 165, 지하1층 (논현동, 신사힐빌딩)",알엑스메소드(375),127.026639983471,37.519489568865,헬스장
8758,"서울특별시 강남구 압구정로46길 5-2, 원일 3층 (신사동)",본 스토리,127.036869472402,37.5280407556239,헬스장
8759,"서울특별시 강남구 봉은사로 474, 지하1층 (삼성동)",삼성피트니스(217),127.052026639291,37.5123672407678,헬스장
8760,"서울특별시 강남구 압구정로30길 23  (신사동,지하3층)",W 헬스(218),127.029494234094,37.5258914152554,헬스장
8761,서울특별시 강남구 테헤란로 311 (역삼동),바디스페이스(219),127.044854487099,37.5037441420961,헬스장
8762,"서울특별시 강남구 강남대로 578 (논현동,성현빌딩 지하1층)",크로스핏 강남 논현(222),127.020845230694,37.5133737301937,헬스장
8763,"서울특별시 강남구 테헤란로26길 12  (역삼동,지하2층)",스타휘트니스(220),127.035856382455,37.4994465349977,헬스장
8764,"서울특별시 강남구 테헤란로 121, 원빌딩 지하2층 (역삼동)",싸다휘트니스,127.031062762603,37.4994161773038,헬스장
8765,"서울특별시 강남구 논현로 841 (신사동,미소빌딩 지하2층)",엠휘트니스,127.027758806248,37.5239684663137,헬스장
8766,"서울특별시 강남구 논현로94길 11, 4층 (역삼동)",피티 아지트(PT AZIT),127.037210126391,37.50255269467,헬스장
8767,"서울특별시 강남구 도산대로 447 (청담동,(2층))",U.N.D 퍼스널트레이닝,127.045061565922,37.5242526242411,헬스장
8768,"서울특별시 강남구 선릉로 719, 지하2층 (논현동)",더바른케어(367),127.040404675575,37.5189157777001,헬스장
8769,서울특별시 강남구 봉은사로 471 (삼성동),(주)마이다스(362),127.051239538093,37.5127262745682,헬스장
8770,"서울특별시 강남구 남부순환로 2927, B101,B102호 (대치동, 대치클래시아)",파프짐(365),127.060358414855,37.4936757916501,헬스장
8771,"서울특별시 강남구 삼성로96길 6, 지하1층 (삼성동, LG트윈텔1)",엠브이엠,127.056573576289,37.5084506467134,헬스장
8772,"서울특별시 강남구 삼성로51길 11, 지하1층 (대치동, 강남대학교카이로스빌딩)",에듀게이트,127.060603087334,37.49629417224,헬스장
8773,"서울특별시 강남구 도산대로85길 39, 지하1층 (청담동)",김성훈 골프아카데미,127.049491124593,37.5271468521262,헬스장
8774,서울특별시 강남구 논현로 523 (역삼동),MADFIT.PRO(366),127.035476310562,37.5030731984471,헬스장
8775,"서울특별시 강남구 삼성로 612, 지하1층 (삼성동)",바디셀프,127.05291833469,37.514378786536,헬스장
8776,"서울특별시 강남구 선릉로145길 5-12, 2층 (논현동, 상조빌딩)",반듯핏,127.039301614503,37.5207692428371,헬스장
8777,"서울특별시 강남구 논현로85길 59, 6층 (역삼동)",M PT 역삼점,127.033280422536,37.4976095062071,헬스장
8778,"서울특별시 강남구 압구정로8길 10, 지하1층 (신사동, BOGO빌딩)",Golden time studio,127.021309504024,37.5227715627471,헬스장
8779,"서울특별시 강남구 논현로105길 13 (역삼동, DY빌딩, 지하2층)",GYM609,127.033120725394,37.5057577973031,헬스장
8780,"서울특별시 강남구 강남대로146길 23, 3층 (논현동)",다이나믹,127.022011124811,37.5151575965614,헬스장
8781,"서울특별시 강남구 테헤란로43길 17, 4층 (역삼동)",골드짐24시(71),127.043661150546,37.5044034043625,헬스장
8782,"서울특별시 강남구 압구정로10길 13, B2층 (신사동)",젠틀짐(GENTLE GYM),127.022056763287,37.5226433029849,헬스장
8783,"서울특별시 강남구 논현로119길 23, B1층 (논현동)","블랙포스짐 24시 헬스, Pt",127.030818519106,37.5096647271682,헬스장
8784,"서울특별시 강남구 학동로6길 51, 지층 (논현동)",Awaken Strength,127.02666600617,37.5093314648599,헬스장
8785,"서울특별시 강남구 도산대로89길 25, 청맥빌딩 지하1층 (청담동)",에스핏 퍼스널 트레이닝,127.051295594944,37.5262104817512,헬스장
8786,"서울특별시 강남구 선릉로152길 34, 지하1층 (청담동)",주식회사 기븐,127.042398800599,37.5242516279542,헬스장
8787,"서울특별시 강남구 삼성로 150, 319호 (대치동, 한보미도맨션)",미도핏,127.068564672209,37.4956953356085,헬스장
8788,"서울특별시 강남구 선릉로 323, 6층 (역삼동)",Success Gym,127.051567399686,37.4983617666614,헬스장
8789,"서울특별시 강남구 선릉로86길 31, 롯데골드로즈2 2층 214호 (대치동)",로그짐 PT 선릉점,127.052043567109,37.5041662879426,헬스장
8790,"서울특별시 강남구 도곡로 191, 상운빌딩 3층 (역삼동)",CD BOXING FIT,127.040218323216,37.4924754833972,헬스장
8791,"서울특별시 강남구 일원로 115, 삼성생명 일원동 빌딩 B202호 (일원동)",(주)일원투엑스휘트니스,127.084459720088,37.4840224010593,헬스장
8792,"서울특별시 강남구 도산대로75길 26, 가당빌딩 (청담동)",JW Motion Science Lab.(정원 움직임 과학 연구소),127.045536345269,37.5259090248172,헬스장
8793,"서울특별시 강남구 압구정로32길 11, 캐럴라인타워 (신사동)",컴앤씨,127.030240853015,37.5269370195263,헬스장
8794,"서울특별시 강남구 선릉로90길 64, 201호 (대치동)",원픽,127.054386499316,37.5053095993117,헬스장
8795,"서울특별시 강남구 도산대로78길 23-1, 4층 (청담동)",S&R맞춤운동센터,127.046761965531,37.5222581348276,헬스장
8796,"서울특별시 강남구 논현로 406, 다영빌딩 1~2층 (역삼동)",애니타임피트니스 역삼점,127.039300440881,37.496526088671,헬스장
8797,"서울특별시 강남구 밤고개로 231, 훼미리타운 에이동 208호 (자곡동)",프라이빗 짐,127.107316682292,37.4738109169316,헬스장
8798,"서울특별시 강남구 압구정로22길 10, 양남빌딩 지하1층 (신사동)",슈퍼바디짐,127.025779921852,37.5250274124035,헬스장
8799,"서울특별시 강남구 선릉로 28, 일영빌딩 지하1층 (개포동)",쏘.핏,127.061341407851,37.4823218659331,헬스장
8800,"서울특별시 강남구 일원로 35, 남경빌딩 지하1층 (일원동)",라이트짐(LIGHT GYM),127.081185718726,37.4906385440651,헬스장
8801,"서울특별시 강남구 선릉로127길 10, GOOD 401호 (논현동)",AML(Athletic Movement Lab),127.0408502492,37.5155978595145,헬스장
8802,"서울특별시 강남구 도산대로25길 43, 3층 (신사동)",리얼핏짐,127.025825033156,37.5223249357055,헬스장
8803,"서울특별시 강남구 논현로113길 13, 지하1층 (논현동)",제로원짐 헬스&PT 언주역점,127.032076212723,37.5082845937128,헬스장
8804,"서울특별시 강남구 봉은사로 502, 지하1층 (삼성동)",에이블짐 삼성중앙역점,127.053851672121,37.5128826080616,헬스장
8805,"서울특별시 강남구 도곡로 175, 창림빌딩 B01호 (역삼동)",멸치탈출연구소,127.03855986743,37.4919384954051,헬스장
8806,"서울특별시 강남구 언주로133길 31, BOB빌딩 지하 1층 (논현동)",(주)앤트홀딩스/앤트짐(ANT GYM),127.032642620431,37.5157987238621,헬스장
8807,"서울특별시 강남구 남부순환로351길 14, 지하 1층 (도곡동)",블루아짐,127.034571699357,37.4857197125923,헬스장
8808,"서울특별시 강남구 도곡로 323, 다른빌딩 지하1층 (역삼동)",주식회사 데일리앤핏,127.051336283187,37.4960980886032,헬스장
8809,"서울특별시 강남구 일원로 47, 대청빌딩 지하1층 b2호 (일원동)",피티공간,127.081577022386,37.4897602428232,헬스장
8810,"서울특별시 강남구 테헤란로52길 6, 테헤란로오피스빌딩 지하1층 (역삼동)",하이랙스 선릉점,127.047116169573,37.5032097762995,헬스장
8811,"서울특별시 강남구 선릉로94길 3, 3층 (삼성동)",더진심 트레이닝센터,127.048784803848,37.5058764352011,헬스장
8812,"서울특별시 강남구 논현로159길 10, b1층 (신사동)",압구정 라이크짐 1호점,127.027338798625,37.5231163060183,헬스장
8813,"서울특별시 강남구 테헤란로25길 20, 역삼현대벤쳐텔 지하1층 (역삼동)",SUIT GYM(수트짐),127.03565182565,37.50163099585,헬스장
8814,"서울특별시 강남구 도산대로 208, 지하1층 (논현동)",핏커버리 도산2호점,127.029382873419,37.5197266029757,헬스장
8815,"서울특별시 강남구 광평로10길 15, 상가동 213호 (일원동, 상록수아파트)",케이든 헬스&PT,127.083445404216,37.482899384108,헬스장
8816,"서울특별시 강남구 압구정로34길 11, 압구정스퀘어 B103호 (신사동)",크라프트짐(KRAFT GYM),127.030974118804,37.52737633824,헬스장
8817,"서울특별시 강남구 논현로28길 42, B1층 (도곡동)",Gym moment,127.045488849838,37.4841859213298,헬스장
8818,"서울특별시 강남구 논현로136길 6, 3층 (논현동)",트웬티짐,127.030593674888,37.5157780086539,헬스장
8819,"서울특별시 강남구 압구정로29길 69, B1층 (압구정동, 현대아파트)",원스텝짐,127.025108957864,37.5310864337439,헬스장
8820,"서울특별시 강남구 테헤란로 141, B1, B2층 (역삼동)",팜시티 퍼포먼스센터,127.034661988546,37.5005328741212,헬스장
8821,"서울특별시 강남구 도곡로 184, 신호빌딩 B104,B105호 (도곡동)",슬릭부스트 도곡,127.039748870748,37.4917134802222,헬스장
8822,"서울특별시 강남구 언주로113길 16, 지하1층 (논현동)",범블리 PT 스튜디오,127.035964839491,37.5093589130056,헬스장
8823,"서울특별시 강남구 논현로26길 39, 지하1층 (도곡동)",리셋핏,127.045298427322,37.4837786485474,헬스장
8824,"서울특별시 강남구 테헤란로 443, 애플트리타워 지하1층 (삼성동)",리바이벌 피트니스,127.055596615858,37.5069494959122,헬스장
8825,"서울특별시 강남구 남부순환로 2732, 2층 (도곡동)",하이볼짐 헬스&PT,127.044864329262,37.4857901351878,헬스장
8826,"서울특별시 강남구 남부순환로351길 22-3, 2층 1호 (도곡동)",비비드짐,127.034316845262,37.4864642899749,헬스장
8827,"서울특별시 강남구 논현로 839, 서원식스 지하1층 (신사동)",압구정역점 스포애니 (주)케이디헬스케어,127.027941955388,37.5236610911879,헬스장
8828,"서울특별시 강남구 삼성로85길 19, 대치빌딩 지하2층 (대치동)",웰니스웍스 선릉,127.055726266544,37.5047182758352,헬스장
8829,"서울특별시 강남구 남부순환로365길 58, 성암빌딩 4층 (도곡동)",강PT,127.04017575355,37.4892111478251,헬스장
8830,"서울특별시 강남구 일원로 지하 121, 일원역 (일원동)",짐박스피트니스 일원역점,127.084451750048,37.4840735840284,헬스장
8831,"서울특별시 강남구 선릉로 410, 지하1층 (대치동)",뉴본 PT&PL 메디컬트레이닝센터,127.050719379661,37.5015687241818,헬스장
8832,"서울특별시 강남구 선릉로 803, 이니셜타워Ⅱ 지하2,3층 (신사동)",META GYM,127.038970230674,37.523930610552,헬스장
8833,"서울특별시 강남구 일원로9길 24, 지하층 (일원동)",엑스바디짐,127.083536271134,37.4897718482458,헬스장
8834,"서울특별시 강남구 논현로150길 4, 3층 (논현동)",SEQUENCE M.,127.028973733192,37.518881473001,헬스장
8835,"서울특별시 강남구 도곡로 516, 지하1층 4호 (대치동)",베럴짐 대치,127.062987853204,37.4991812807975,헬스장
8836,"서울특별시 강남구 압구정로71길 4, 미산빌딩 지하1층 (청담동)",(주)어뮤즈청담,127.045716712119,37.5269009583537,헬스장
8837,"서울특별시 강남구 논현로26길 8, B1층 (도곡동)",주식회사 바이스앤,127.043796290477,37.4819218756209,헬스장
8838,"서울특별시 강남구 언주로 201, 에스케이리더스뷰 B103호 (도곡동)",루틴 피트니스,127.048777977062,37.4884272763055,헬스장
8839,"서울특별시 강남구 강남대로94길 10, 지하1층 (역삼동)",네이키드짐,127.028227205943,37.4991963225538,헬스장
8840,"서울특별시 강남구 헌릉로571길 60-1, B1층 (세곡동)",책임Gym,127.098207768128,37.4675779911944,헬스장
8841,"서울특별시 강남구 도산대로37길 7, 지하1층 (신사동)",라이프스타일 짐(Life style GYM),127.031318606436,37.5214321546298,헬스장
8842,"서울특별시 강남구 학동로81길 5, 지하층 (청담동)",살롱드머슬,127.050770229487,37.5193752529313,헬스장
8843,서울특별시 송파구 삼전로 96 (삼전동),삼손헬스,127.090495948108,37.5067958275495,헬스장
8844,"서울특별시 송파구 송이로30길 19, 201호 (문정동, 형정빌딩)",채움 P.T,127.12989992815,37.4866243763878,헬스장
8845,"서울특별시 송파구 백제고분로22길 4-11, 지하1층 (삼전동)",The third Place,127.088646166863,37.5035154093716,헬스장
8846,"서울특별시 송파구 오금로35길 17, 지하상가5호 (오금동, 현대아파트)",한국체육대학교 PT SHOP,127.127363436377,37.5063971034072,헬스장
8847,"서울특별시 송파구 가락로 277, 지하1층 (방이동)",JB GYM,127.119525532299,37.5126289804541,헬스장
8848,"서울특별시 송파구 법원로 128, 문정역SKV1 B동 216-217호 (문정동)",F45 문정,127.120453991896,37.4868314347245,헬스장
8849,"서울특별시 송파구 석촌호수로 172, 정한빌딩 (삼전동)",블루베리짐,127.096065762069,37.5065204970574,헬스장
8850,"서울특별시 송파구 송이로14길 12, 삼원빌딩 5층 (가락동)",트루코치,127.118183389298,37.498999931312,헬스장
8851,"서울특별시 송파구 가락로 157, 지하1층 (송파동)",크리스탈 짐,127.113017905474,37.5033777458567,헬스장
8852,"서울특별시 송파구 송이로21길 44, 영민빌딩 3층 (가락동)",낭만헬스,127.122473130781,37.4993985817354,헬스장
8853,"서울특별시 송파구 백제고분로20길 13-8, 삼우빌딩 (잠실동)",피트니스 가이드,127.085983528198,37.5034755708113,헬스장
8854,"서울특별시 송파구 법원로4길 6, 문정아이파크 B102호 (문정동)",크로스핏 라곰트레이닝 문정,127.122103602934,37.4822689292335,헬스장
8855,"서울특별시 송파구 백제고분로7길 41, 지하1층, 지상3층 (잠실동, NS파인트리)",클래시 휘트니스 잠실점,127.083627305761,37.510973982447,헬스장
8856,"서울특별시 송파구 삼학사로 100, 그랜드빌딩 3층 301호 (석촌동)",아이디얼 필라테스,127.097509133661,37.5061702651501,헬스장
8857,"서울특별시 송파구 가락로 273, 102호 (방이동)",CLUB GYM,127.119331850428,37.512390770704,헬스장
8858,"서울특별시 송파구 마천로 13, 3층 301호 (방이동)",브이아이피짐(VIPGYM) 방이점,127.122489618662,37.5103218067739,헬스장
8859,"서울특별시 송파구 오금로 136, 청양빌딩 (송파동)",Move Gym,127.109939835993,37.5109546754847,헬스장
8860,"서울특별시 송파구 위례성대로18길 31-7, 에벤에셀빌딩 지하1층 (방이동)",테라피티 방이동점,127.125385161335,37.5095412021713,헬스장
8861,"서울특별시 송파구 백제고분로41길 18, 지하1층 (송파동)",코리아짐,127.107749674369,37.5076671270066,헬스장
8862,"서울특별시 송파구 오금로 404, 원일빌딩 402호 (가락동)",바른본 PT,127.135121781578,37.4975927810188,헬스장
8863,"서울특별시 송파구 가락로 116, 2층 (석촌동)",리투퍼 운동센터,127.108941713119,37.5014080132747,헬스장
8864,"서울특별시 송파구 위례광장로 200, 에스비트램스퀘어 10층 (장지동)",짐구석,127.142910913246,37.4812117770773,헬스장
8865,"서울특별시 송파구 법원로4길 10, 힐스테이트에코문정 2층 218,219,215호 (문정동)",더 메이트,127.122826416048,37.4826157890248,헬스장
8866,"서울특별시 송파구 가락로 54, 5층 (석촌동)",커브스 석촌클럽,127.102297968653,37.4993747072008,헬스장
8867,"서울특별시 송파구 송이로 91, 5층 (가락동)",(주)한국그룹운동개발원,127.120952430288,37.4980680114469,헬스장
8868,"서울특별시 송파구 중대로 60-13, 청기와빌딩 3층 (문정동)",위메이트핏,127.115581573153,37.491002199351,헬스장
8869,"서울특별시 송파구 백제고분로27길 11, 2층 (삼전동)",효 GYM,127.092804926725,37.5041830137461,헬스장
8870,"서울특별시 송파구 마천로 79, 장한빌딩 4층 (오금동)",트윈짐,127.12920802596,37.507478828335,헬스장
8871,"서울특별시 송파구 오금로31길 3, 우성빌딩 지하층 (방이동)",라이트짐,127.121154523531,37.5064714803482,헬스장
8872,"서울특별시 송파구 오금로 483, 거여정형외과 5층 (거여동)",박제성 운동케어 CHI & FIT 퍼스널 트레이닝,127.142856289385,37.494088768887,헬스장
8873,"서울특별시 송파구 올림픽로12길 23, 2층 (잠실동)",커브스 잠실클럽,127.083383767141,37.5095315566176,헬스장
8874,"서울특별시 송파구 법원로9길 26, 에이치비지니스파크 c동 지하층 112~119호 (문정동)",올바로 짐,127.116800417724,37.4841745170627,헬스장
8875,"서울특별시 송파구 새말로8길 30, 지하1층 (문정동)",테디피트니스 문정점,127.126649419787,37.4801330788098,헬스장
8876,"서울특별시 송파구 법원로 128, 문정역SKV1 A동 지하1층 101호 (문정동)",GYM ON,127.120453991896,37.4868314347245,헬스장
8877,"서울특별시 송파구 마천로 35, 태웅빌딩 지하1층 (방이동)",크로스핏 라곰트레이닝 방이,127.124872436196,37.5093225310059,헬스장
8878,"서울특별시 송파구 백제고분로21길 20, 지하1층 (삼전동)",크로스핏 라텔,127.090630781872,37.5055951351683,헬스장
8879,"서울특별시 송파구 오금로 400, 4층 402호 (가락동)",개롱 PT,127.134713236243,37.4978635493487,헬스장
8880,"서울특별시 송파구 위례광장로 188, 아이온스퀘어 (장지동)",더블에스휘트니스,127.142394775398,37.481085538274,헬스장
8881,"서울특별시 송파구 올림픽로 100, 효창타워 지하1층 (잠실동)",페인스톰 잠실,127.081689148468,37.5114162901687,헬스장
8882,"서울특별시 송파구 올림픽로 119, 잠실파인애플상가 5층 5비 11호 (잠실동)",가디언 오브 갤럭시 PT,127.084186279267,37.5120843432468,헬스장
8883,"서울특별시 송파구 송파대로28길 43, 송파KCC웰츠타워 2층 205호 (가락동)",바디러너스 주식회사,127.12212959012,37.4957322035314,헬스장
8884,"서울특별시 송파구 삼전로 91, 세형빌딩 지하1층 (잠실동)",유니핏,127.089594261944,37.5066557779398,헬스장
8885,"서울특별시 송파구 백제고분로 162, 대양빌딩 지하1층 (잠실동)",제이크짐,127.084715193777,37.5049982850135,헬스장
8886,"서울특별시 송파구 올림픽로35길 112, 장미아파트 비상가 2동 403호 (신천동)",배럴스트렝스,127.101917258808,37.5178866228576,헬스장
8887,"서울특별시 송파구 백제고분로 438, 3층 301호 (송파동)",바른PT스튜디오,127.112194332317,37.5097139452876,헬스장
8888,"서울특별시 송파구 위례성대로18길 31-20, MIK TOWER 지하1층 (방이동)",스포니스 방이점,127.12577799269,37.5090820833277,헬스장
8889,"서울특별시 송파구 거마로2길 3-4, 301호 (거여동)",민스맞춤운동센터,127.145421989406,37.4935710738219,헬스장
8890,"서울특별시 송파구 백제고분로48길 9, 산수빌딩 지하1층 (방이동)",피트니즈PT 방이점,127.114406084001,37.5115657297137,헬스장
8891,"서울특별시 송파구 가락로 94, 5층 (석촌동)",킹덤 휘트니스,127.106711740392,37.5007506928673,헬스장
8892,"서울특별시 송파구 백제고분로 142, 지층 02호 (잠실동)",엔터핏 잠실점,127.082593642383,37.5056484209846,헬스장
8893,"서울특별시 송파구 오금로 300, 김해빌딩 지하층 B101호 (가락동)",즐거워GYM,127.125670011631,37.503299100149,헬스장
8894,"서울특별시 송파구 오금로 185, 금천빌딩 지하1층 (방이동)",에이엔스포츠,127.114937034877,37.5090751093035,헬스장
8895,"서울특별시 송파구 오금로31길 16-6, 지하층 (방이동)",스틸짐,127.122265853425,37.5072441179941,헬스장
8896,"서울특별시 송파구 위례광장로 230, 제상가 2동 제2층 제비 201호 (장지동, 위례2차아이파크)",(주)굿리프트,127.143533445087,37.478619812243,헬스장
8897,"서울특별시 송파구 마천로45길 7, 2층 201호 (마천동)",비버스필라테스,127.149384933227,37.4967810990649,헬스장
8898,"서울특별시 송파구 오금로11길 11-8, 현대드림밸리 지하층 101~102호 (방이동)",짐팩피트니스 방이점,127.108747772156,37.5149817338907,헬스장
8899,"서울특별시 송파구 동남로4길 18, 2층 (문정동)",원피트니스(One fitness),127.1244072069,37.4885795273678,헬스장
8900,"서울특별시 송파구 중대로 126, 지하층 1호 (가락동)",리커버 피트니스 가락점,127.122247312503,37.4939995366148,헬스장
8901,"서울특별시 송파구 삼전로9길 8, 호수빌딩 4층 (잠실동)",모션퍼포먼스짐 PT 잠실새내점,127.0885691509,37.5063888624645,헬스장
8902,"서울특별시 송파구 가락로 168 (송파동, 부성빌딩)",짐스휘트니스,127.114087155439,37.5037842426424,헬스장
8903,서울특별시 송파구 오금로 307 (오금동),한성기업(주)르네상스휘트니스클럽,127.126673907784,37.5034739040838,헬스장
8904,서울특별시 송파구 동남로 110 (문정동),슈나이더 짐,127.123767341427,37.4898197150575,헬스장
8905,"서울특별시 송파구 가락로 171, 2층 (송파동)",H휘트니스,127.113993867811,37.5042410521594,헬스장
8906,"서울특별시 송파구 양산로 12, 세신거여훼미리타운 707, 708호 (거여동)",피티인거여,127.143590440057,37.489911262721,헬스장
8907,"서울특별시 송파구 백제고분로 122, A동 2층 (잠실동, 성현교회)",엘엑스 피트니스,127.080391938004,37.5062593796605,헬스장
8908,"서울특별시 송파구 송파대로 111, 하비오길 중앙로 202동 202, B01호 (문정동, 파크하비오)",파크하비오휘트니스&골프,127.124979804141,37.4796870553794,헬스장
8909,"서울특별시 송파구 송파대로 167, 지하층 G180호 (문정동, 문정역테라타워)",IGYM(아이짐),127.120933640924,37.4846614982049,헬스장
8910,"서울특별시 송파구 동남로 119 (가락동, 삼광빌딩)",문정1호점 스포애니 (주)케이디스포츠,127.124281497129,37.4907113524996,헬스장
8911,서울특별시 송파구 올림픽로 424 (방이동),재단법인국민체력센터,127.115517876627,37.5203396980951,헬스장
8912,"서울특별시 송파구 법원로 114 (문정동, 엠스테이트)",짐퍼스트 법조타운,127.12100938212,37.4860552797801,헬스장
8913,"서울특별시 송파구 송파대로 468 (송파동, 금남빌딩)",트레이닝타임,127.104980679046,37.5081136353814,헬스장
8914,서울특별시 송파구 백제고분로 460 (방이동),짐타임 송파나루역점,127.113331548837,37.5114786473939,헬스장
8915,서울특별시 송파구 삼학사로 30 (주)크레송 지하층 (석촌동),헬스토피아(WE),127.097065793035,37.4998858478392,헬스장
8916,"서울특별시 송파구 석촌호수로 160, 5층 (삼전동)",JUST 1 PERSONAL TRAINING,127.094781280361,37.5066902027774,헬스장
8917,서울특별시 송파구 풍성로 52 (풍납동),슈퍼스타 휘트니스,127.118097938009,37.5334814070449,헬스장
8918,"서울특별시 송파구 동남로18길 45 (가락동, 용진빌딩)",현민헬스클럽,127.134819333753,37.4928435624626,헬스장
8919,서울특별시 송파구 백제고분로 116 (잠실동),더 세이짐,127.079844485509,37.5064218417535,헬스장
8920,"서울특별시 송파구 올림픽로35길 112, 장미아파트 비상가 5층 (신천동)",카인드짐 24시 휘트니스 잠실점,127.101917258808,37.5178866228576,헬스장
8921,"서울특별시 송파구 마천로 2, 수미르빌 지하1층 (방이동)",쏠 트레이닝 센터(SOL Training Center),127.121234044404,37.5103253546176,헬스장
8922,"서울특별시 송파구 새말로 105 (문정동, 현석빌딩)",라이즈업 피티짐,127.125736105568,37.4828882566881,헬스장
8923,"서울특별시 송파구 거마로 14 (거여동, 청송빌딩)",Rock Body GYM,127.145339751174,37.4940228494892,헬스장
8924,"서울특별시 송파구 삼학사로 100, 3층 (석촌동, 그랜드빌딩)",아이디얼핏,127.097509133661,37.5061702651501,헬스장
8925,서울특별시 송파구 오금로35길 14 (오금동),더 웰짐,127.127219906423,37.5042601649539,헬스장
8926,"서울특별시 송파구 동남로 108, 지하1층 1호 (문정동, 모즈아울렛)",크로스핏 에이블 문정,127.123374305382,37.4896194718557,헬스장
8927,"서울특별시 송파구 위례성대로 52, 지하1층 (방이동)",Elite training center,127.118119692644,37.5151328417999,헬스장
8928,"서울특별시 송파구 새말로 62, 지하1층 B06호 (문정동, 송파 푸르지오시티)",(주) 위메이드핏 문정법조타운점,127.120842269438,37.4807917612963,헬스장
8929,"서울특별시 송파구 새말로 62, 송파 푸르지오시티 (문정동)",바디클락,127.120842269438,37.4807917612963,헬스장
8930,"서울특별시 송파구 석촌호수로 296, 대성빌딩 (송파동)",아미부트캠프,127.107771020245,37.5114222229466,헬스장
8931,"서울특별시 송파구 백제고분로41길 15, 덕원빌딩 (송파동)",피오,127.107689150889,37.5073421898532,헬스장
8932,"서울특별시 송파구 송파대로 562, 지하1층 (신천동, 한빛프라자,삼성웰리스아파트)",잠실피트니스,127.099502662936,37.5153235254771,헬스장
8933,"서울특별시 송파구 양재대로72길 18, 현대백조상가 2동 지하1층 101호 (오금동)",운동케어짐,127.128762671736,37.5090805794175,헬스장
8934,"서울특별시 송파구 백제고분로34길 3, 지하1층 (석촌동)",청우인터엠,127.098906869763,37.5021864801921,헬스장
8935,"서울특별시 송파구 오금로 204, 가동 3,4층 (송파동)",송파동점 스포애니 (주)케이디헬스케어,127.116144982187,37.5076180849028,헬스장
8936,"서울특별시 송파구 삼전로 100, 아카데미빌딩 2층 4-1호 (삼전동)",RESTART GYM,127.090682086454,37.5069630013895,헬스장
8937,"서울특별시 송파구 석촌호수로 156, 삼전동썬프라자 (삼전동)",젠틀브로스짐,127.094364003552,37.5067386505095,헬스장
8938,"서울특별시 송파구 삼학사로 81, 서울빌딩 (삼전동)",근육터짐 지방빠짐 2호점,127.0969075703,37.5044277660581,헬스장
8939,서울특별시 송파구 백제고분로7길 3 (잠실동),이모션 짐,127.079414760374,37.5105280094147,헬스장
8940,"서울특별시 송파구 백제고분로 364, 대준빌딩 (석촌동)",더랩스휘트니스석촌,127.106846702056,37.5045912862017,헬스장
8941,"서울특별시 송파구 동남로 234, 진넥스베르디엠 2층 (가락동)",핏퍼스트,127.133352250049,37.4973590886004,헬스장
8942,"서울특별시 송파구 새말로 177, MK빌딩 (문정동)",크로스핏 힙스터 (Crossfit Hipster),127.132157219215,37.4862886803897,헬스장
8943,"서울특별시 송파구 법원로 128, 문정에스케이브이원지엘메트로시티 (문정동)",엘엑스 피트니스 문정점,127.120453991896,37.4868314347245,헬스장
8944,서울특별시 송파구 올림픽로 120 (잠실동),H2GYM (에치치투짐),127.084072505762,37.5113900204382,헬스장
8945,"서울특별시 송파구 백제고분로 455, 성보빌딩 2층 (방이동)",DOUBLE S GYM,127.112505297459,37.5113241942823,헬스장
8946,"서울특별시 송파구 오금로 300, 김해빌딩 4층, 5층 (가락동)",바디웍,127.125670011631,37.503299100149,헬스장
8947,"서울특별시 송파구 올림픽로 106 (잠실동, 상록빌딩)",골든짐,127.082554280386,37.5113962270067,헬스장
8948,"서울특별시 송파구 오금로 507, 거여빌딩 5층 501호 (거여동)",커브스거여클럽,127.145182400016,37.4932343921124,헬스장
8949,"서울특별시 송파구 송파대로 422, 영빌딩 지하1층 (송파동)",몬스터P.T 뷰티필라테스,127.107853830498,37.5049872636509,헬스장
8950,"서울특별시 송파구 토성로 78 (풍납동, 정민빌딩)",짐퍼스트 휘트니스,127.118409964876,37.5280338232329,헬스장
8951,"서울특별시 송파구 위례성대로22길 18, 2층 (오금동)",이코리아PTGYM,127.13035617547,37.5086858136158,헬스장
8952,"서울특별시 송파구 석촌호수로 272, 지하1층 (송파동)",크로스핏 에이블,127.105927037774,37.5099799418237,헬스장
8953,서울특별시 송파구 백제고분로22길 4 (삼전동),더디젤,127.089185240922,37.503569063928,헬스장
8954,"서울특별시 송파구 삼학사로19길 38-1, 지하1층 (삼전동)",티엔슈튜디오,127.092984497915,37.5066248663562,헬스장
8955,"서울특별시 송파구 새말로8길 14, 건영아파트 상가 2층 (문정동)",flex gym,127.126389567724,37.4814511720735,헬스장
8956,"서울특별시 송파구 양재대로 1220, BNK 올림픽프라자 (방이동)",올림픽선수촌스포츠센타,127.133266146111,37.5153388210257,헬스장
8957,서울특별시 송파구 위례성대로 180 (오금동),에이투에프 송파,127.130972166064,37.510129171453,헬스장
8958,"서울특별시 송파구 위례성대로20길 27, 2층 (오금동)",튼튼해짐,127.1273800302,37.5089743184115,헬스장
8959,"서울특별시 송파구 중대로 68, 7층 (문정동)",GYM1ST(짐퍼스트),127.116437188825,37.4915653895479,헬스장
8960,"서울특별시 송파구 올림픽로35길 112, 장미아파트 비상가 1동 4층 1호 (신천동)",커브스잠실나루클럽,127.101917258808,37.5178866228576,헬스장
8961,"서울특별시 송파구 백제고분로41길 7-15, 굿피플오피스 송파 8층 (송파동)",파이널짐,127.107659180173,37.506397784088,헬스장
8962,"서울특별시 송파구 올림픽로37길 130, 파크리오A상가 305호 (신천동)",본앤머슬,127.104421421949,37.5208819816451,헬스장
8963,서울특별시 송파구 송파대로 406 (송파동),Dr.Line PT GYM,127.109121974761,37.5035793598135,헬스장
8964,서울특별시 송파구 중대로 105 (가락동),2K gym,127.120052549745,37.493586152986,헬스장
8965,"서울특별시 송파구 삼전로 46 (삼전동, 삼삼빌딩)",더 랩스 피트니스 삼전,127.087254746335,37.5030173784604,헬스장
8966,"서울특별시 송파구 중대로9길 41, 익수빌딩 4층 (가락동)",시너지 피티 앤 필라테스,127.118372709683,37.4967859701532,헬스장
8967,서울특별시 송파구 백제고분로 275 (석촌동),휴메이크 휘트니스,127.097338135134,37.5027783021727,헬스장
8968,"서울특별시 송파구 올림픽로 505 (풍납동, 유원빌딩)",V-GYM,127.118351594967,37.5273216401399,헬스장
8969,"서울특별시 송파구 올림픽로 145, 리센츠상가 5층 03호 (잠실동)",몸 PT,127.087041904838,37.5119804600106,헬스장
8970,"서울특별시 송파구 동남로 202 (가락동, 광성빌딩)",데일리 피트니스,127.131071157165,37.4953927630443,헬스장
8971,서울특별시 송파구 오금로24길 13 (송파동),라이트짐 송파점,127.11796886887,37.5056896593404,헬스장
8972,서울특별시 송파구 올림픽로47길 19 (풍납동),프리짐 휘트니스,127.116695589801,37.5283405185836,헬스장
8973,서울특별시 송파구 백제고분로31길 14 (삼전동),글로리짐,127.095613956636,37.5037923501544,헬스장
8974,서울특별시 송파구 동남로20길 25 (가락동),오웰,127.134738245245,37.4956070414678,헬스장
8975,"서울특별시 송파구 중대로 187 (가락동, 가락빌딩 2,3층)",Back Fituess,127.125613249301,37.4987826907499,헬스장
8976,"서울특별시 송파구 충민로 52, 지하1층 (문정동)",스포존,127.122746043108,37.4777176293094,헬스장
8977,"서울특별시 송파구 오금로 111, 지하1층층 (방이동)",마크짐,127.108249353562,37.512600208515,헬스장
8978,서울특별시 송파구 송이로 239 (문정동),퍼스트 휘트니스,127.131727143881,37.4880493688611,헬스장
8979,서울특별시 송파구 석촌호수로 100 (잠실동),바디플래너,127.087997061978,37.5079023473102,헬스장
8980,"서울특별시 송파구 올림픽로35길 93, B2층 (신천동, 더샵스타리버)",큐이디골프아카데미 잠실점,127.10439265685,37.5177732771804,헬스장
8981,"서울특별시 송파구 백제고분로7길 8-12 (잠실동, 승현빌딩)",다이나믹 짐,127.079724097941,37.50988439384,헬스장
8982,서울특별시 송파구 새말로 114 (문정동),콕스다이어트,127.126626946849,37.4826273644389,헬스장
8983,"서울특별시 송파구 백제고분로 202 (삼전동, 두레빌딩)",삼전W짐,127.089004805718,37.5038138229485,헬스장
8984,서울특별시 송파구 송파대로 405 (석촌동),마크짐휘트니스,127.108482563147,37.5032855903505,헬스장
8985,"서울특별시 송파구 올림픽로 145, 지층층 1-19호 (잠실동)",(주)잠실투엑스 휘트니스,127.087041904838,37.5119804600106,헬스장
8986,서울특별시 송파구 동남로4길 10 (문정동),정락신용협동조합,127.123896900777,37.489120758088,헬스장
8987,서울특별시 송파구 오금로 519 (거여동),더블짐휘트니스,127.14651816376,37.4930969613738,헬스장
8988,"서울특별시 송파구 석촌호수로 88, 4층 (잠실동, 대원빌딩)",휴메이크 휘트니스,127.086663272778,37.50850394306,헬스장
8989,"서울특별시 송파구 올림픽로 240 (잠실동, 롯데월드)",롯데호텔 휘트니스센터,127.098141751177,37.5113096112036,헬스장
8990,"서울특별시 송파구 석촌호수로 61, 상가동 B110호 (잠실동, 트리지움)",로그짐 잠실새내점,127.086224807954,37.5106960472158,헬스장
8991,"서울특별시 송파구 오금로32길 14, 101동 208-2호 (송파동, 송파삼성래미안아파트)",Refresh PT Gym,127.117804530879,37.5052537370259,헬스장
8992,"서울특별시 송파구 올림픽로35가길 9, B01호 (신천동, 잠실 푸르지오 월드마크)",MUTO FIT,127.103444795508,37.5174846188512,헬스장
8993,"서울특별시 송파구 올림픽로4길 48, 지하1층 (잠실동)",제임스짐JS점,127.074256049362,37.5065618089885,헬스장
8994,서울특별시 송파구 올림픽로 424 (방이동),올림픽헬스교실,127.115517876627,37.5203396980951,헬스장
8995,"서울특별시 송파구 중대로 24, 2층 (문정동)",커브스문정클럽,127.111059136873,37.488125746629,헬스장
8996,"서울특별시 송파구 백제고분로41길 43-5, 신천빌딩 2층 (송파동)",더드림 피트니스,127.105565349903,37.5091915264878,헬스장
8997,"서울특별시 송파구 올림픽로35가길 16 (신천동, 송파 FUN STADIUM)",(주)옵티멈,127.103006473255,37.5162517087896,헬스장
8998,"서울특별시 송파구 위례성대로 18, 금복빌딩 (방이동)",아이디얼바디(IDEAL BODY),127.114319548742,37.5164544783699,헬스장
8999,"서울특별시 송파구 백제고분로32길 17, 우진빌딩 지하1층 (삼전동)",서세환 짐,127.095097750693,37.5007298889007,헬스장
9000,"서울특별시 송파구 백제고분로 419, 유정빌딩 지하1, 지상2층 (송파동)",오하운 GYM,127.110686594807,37.5084489160985,헬스장
9001,서울특별시 송파구 올림픽로10길 16 (잠실동),Crossfit 피어스 배틀,127.081088024208,37.5101971951265,헬스장
9002,서울특별시 송파구 성내천로47길 38-1 (마천동),위례우일유치원부설 태권도,127.157784930749,37.4965451072588,헬스장
9003,서울특별시 송파구 올림픽로 98 (잠실동),신천점 스포애니 (주)케이디헬스케어,127.081491553364,37.5114185890652,헬스장
9004,서울특별시 송파구 위례성대로18길 31-12 (방이동),BodyCafe,127.125391852502,37.5092815256802,헬스장
9005,"서울특별시 송파구 오금로 508 (거여동, 스타빌딩)",크로스핏거여 앤 탑스포츠클럽,127.145041801116,37.4928621788522,헬스장
9006,"서울특별시 송파구 양재대로71길 1-20, 3층 (방이동)",커브스오금클럽,127.125781167821,37.5093566159107,헬스장
9007,"서울특별시 송파구 올림픽로 74 (잠실동, 잠실월드메르디앙)",에이블짐 종합운동장역점,127.07883210332,37.511340114419,헬스장
9008,서울특별시 송파구 동남로4길 10 (문정동),문정2호점 스포애니 (주)케이디헬스케어,127.123896900777,37.489120758088,헬스장
9009,"서울특별시 송파구 오금로 410, 4층 (가락동)",스카이 휘트니스,127.135434067417,37.4974357385,헬스장
9010,"서울특별시 송파구 오금로 306, 지하1층 (가락동)",주식회사 세이브피트니스 오금,127.126114097948,37.5028743435851,헬스장
9011,"서울특별시 송파구 올림픽로 76, 12층 1201,1202호 (잠실동, J타워)",피트니스비엠,127.079181383259,37.5115603565131,헬스장
9012,"서울특별시 송파구 동남로 198, 3층 (가락동)",커브스가락클럽,127.130842870003,37.4950190985121,헬스장
9013,"서울특별시 송파구 백제고분로 501, 지하2층 (방이동)",카인드짐,127.114798987211,37.5150904350568,헬스장
9014,"서울특별시 송파구 위례성대로20길 23, 5층 (오금동)",바디웍,127.127535037506,37.5092731944313,헬스장
9015,"서울특별시 송파구 풍성로 65, 3층 301호 (풍납동)",풍납 헬스,127.119752025948,37.5336810248553,헬스장
9016,서울특별시 송파구 새말로8길 20 (문정동),엔씨휘트니스&골프,127.126436746242,37.4810674722131,헬스장
9017,"서울특별시 송파구 송파대로28길 27 (가락동, 송파성원쌍떼빌)",(주)잠실투엑스휘트니스,127.120132764747,37.4948121610825,헬스장
9018,서울특별시 송파구 백제고분로 101 (주)서일빌딩 1층 (잠실동),애니타임피트니스 잠실본동점,127.079728406387,37.5076610720883,헬스장
9019,"서울특별시 송파구 위례광장로 136, 4동 D-207~208호 (장지동, 위례아이파크)",제이에이치 피티짐 앤 필라테스(JH PTgym & Pilates),127.142374845651,37.4771958181254,헬스장
9020,"서울특별시 송파구 삼전로9길 5-2, 지하층 B01호 (잠실동)",와이낫짐,127.08864396725,37.5061507608539,헬스장
9021,"서울특별시 송파구 올림픽로34길 5-29, 보광스퀘어 2층 204호 (방이동)",피지컬액티브짐 방이2호점,127.112177066406,37.5166171814415,헬스장
9022,"서울특별시 송파구 위례순환로 478, 센트라포레 1101호 (장지동)",Body Atelier,127.134184877915,37.4775608508793,헬스장
9023,"서울특별시 송파구 올림픽로34길 5-23, 잠실파크웨이 지하1층, 지상2층 (방이동)",피지컬액티브짐,127.111793636499,37.5165606015761,헬스장
9024,"서울특별시 송파구 천호대로 992, 4층 (풍납동)",필짐,127.122360869903,37.5386990833272,헬스장
9025,"서울특별시 송파구 백제고분로 254, 5층 501, 502호 (삼전동)",리핏바디짐 삼전점,127.094530806907,37.5023285476201,헬스장
9026,"서울특별시 송파구 양재대로71길 30, 동호빌딩 201호 (방이동)",리부트짐(Reboot gym),127.123832126995,37.5113188094349,헬스장
9027,"서울특별시 송파구 위례광장로 188, 아이온스퀘어 219,220호 (장지동)",스케일짐,127.142394775398,37.481085538274,헬스장
9028,"서울특별시 송파구 송파대로22길 4, 해성빌딩 3층 (문정동)",바디소울PT 문정점,127.122373972466,37.4872823080564,헬스장
9029,"서울특별시 송파구 가락로 244, 동원빌딩 지하1층 (방이동)",Hell.s GYM,127.118177102688,37.5097919046242,헬스장
9030,"서울특별시 송파구 오금로 525, 지하1층 (거여동)",크로스핏 에이블 거여,127.147126611127,37.4930809781978,헬스장
9031,"서울특별시 송파구 오금로46길 66, 2층 (가락동)",와이피지오(WHY PHYSIO),127.131381214823,37.4928021153112,헬스장
9032,"서울특별시 송파구 백제고분로 121, 베네빌딩 A동 지하1층 (잠실동)",스피크 하이-퍼포먼스센터,127.080512316481,37.5067189002743,헬스장
9033,"서울특별시 송파구 문정로1길 27, 지하1층 (문정동)",트리플 PT STUDIO,127.123813730161,37.4886722337578,헬스장
9034,"서울특별시 송파구 백제고분로 265, 2층 (삼전동)",행콩짐,127.096005110223,37.5026988431754,헬스장
9035,"서울특별시 송파구 중대로23길 21, 혜천빌딩 3층 302호 (가락동)",프레임 체크 하우스,127.125370938819,37.5023894027568,헬스장
9036,"서울특별시 송파구 올림픽로10길 9, 진영빌딩 3층 (잠실동)",피티투그로우 PT,127.081240468854,37.5108040969638,헬스장
9037,"서울특별시 송파구 백제고분로 383, 성일빌딩 지하1층 (송파동)",크로스핏 샷,127.108098645497,37.5062143886807,헬스장
9038,"서울특별시 송파구 새말로 138, 지하1층 (문정동)",프리원핏 송파문정점,127.129266756951,37.4832219642725,헬스장
9039,"서울특별시 송파구 석촌호수로 148, 3층 (삼전동)",원모어렙 PT,127.093368755974,37.5069445100518,헬스장
9040,"서울특별시 송파구 석촌호수로 84, 지하1층 (잠실동)",(주)엠알티핏,127.086665176,37.5087805500559,헬스장
9041,"서울특별시 송파구 법원로4길 6, 문정아이파크 3층 (문정동)",리키PT STUDIO,127.122103602934,37.4822689292335,헬스장
9042,"서울특별시 송파구 올림픽로 119, 잠실파인애플상가 4층 (잠실동)",허니짐 김성권 P.T,127.084186279267,37.5120843432468,헬스장
9043,"서울특별시 송파구 법원로4길 5, 송파법조타운푸르지오 지하1층 B135호 (문정동)",테라피티,127.121873324034,37.482913928496,헬스장
9044,"서울특별시 송파구 석촌호수로 135, 레이크팰리스 3층 310호 (잠실동)",카이로 바른 척추교정,127.09238555868,37.5075719318771,헬스장
9045,"서울특별시 송파구 백제고분로11길 35, 3층 (잠실동)",PT클럽,127.083352243348,37.5084416337197,헬스장
9046,"서울특별시 송파구 백제고분로39길 23, 지층층 02호 (석촌동)",Teddy Fitness,127.103947458972,37.5062938890509,헬스장
9047,"서울특별시 송파구 토성로 59, 선일빌딩 2층 (풍납동)",제이핏 피티 앤 필라테스,127.116768838909,37.5291725208297,헬스장
9048,"서울특별시 송파구 백제고분로18길 10, 2층 (잠실동)",효 GYM,127.084489032702,37.5043252159355,헬스장
9049,"서울특별시 송파구 석촌호수로 114, 지하1층 (잠실동)",아머피티샵,127.089533661546,37.5075256538774,헬스장
9050,"서울특별시 송파구 삼전로13길 51, 유니크빌 지하1층 (잠실동)",트레이닝 메이트,127.084738678818,37.5076652426734,헬스장
9051,"서울특별시 송파구 송파대로 558, 월드타워빌딩 지하1층 (신천동)",F45 트레이닝 잠실,127.099711730295,37.5150948546972,헬스장
9052,"서울특별시 송파구 새말로 128, 지하1층 (문정동)",씨케이짐 PT & 헬스 문정점,127.128301887842,37.4828376548016,헬스장
9053,"서울특별시 송파구 오금로11길 43, 잠실 트리움 2층 202호 (방이동)",피지컬 액티브짐(3호점),127.111848762276,37.5159046190612,헬스장
9054,"서울특별시 송파구 위례송파로 123, 상가1동 105호 (거여동, 위례포레샤인 17단지)",피트니스 신,127.147803459446,37.4845655266198,헬스장
9055,"서울특별시 송파구 백제고분로7길 41, 402호 (잠실동, NS파인트리)",매직바디짐,127.083627305761,37.510973982447,헬스장
9056,"서울특별시 송파구 송이로 166, 지하101호호 (가락동, 가락우성2차아파트)",크로스핏하운드,127.125254461059,37.4923059180233,헬스장
9057,"서울특별시 송파구 송파대로38길 15, 지하1층 (송파동)",피티찬스,127.112278380873,37.5014905746616,헬스장
9058,"서울특별시 송파구 위례광장로 230, 2층 201호 (장지동, 위례2차아이파크)",제이에이치 PT,127.143533445087,37.478619812243,헬스장
9059,"서울특별시 송파구 송파대로37길 22-1, 3층 (석촌동)",929 P.T studio,127.109887658719,37.5010540330696,헬스장
9060,"서울특별시 송파구 동남로 238, 오성빌딩 5층 (가락동)",조이필라위드짐,127.133657123625,37.4976100346005,헬스장
9061,"서울특별시 송파구 백제고분로40길 4, 옥당빌딩 지하1층 (석촌동)",골드스타짐,127.105775606159,37.5040592155588,헬스장
9062,"서울특별시 송파구 백제고분로18길 10, 201호 (잠실동)",탄탄짐&필라테스,127.084489032702,37.5043252159355,헬스장
9063,"서울특별시 송파구 충민로2길 34, 북일PLAZA 104호 (장지동)",라이즈업 필라테스&PT,127.127496170789,37.4768338451182,헬스장
9064,"서울특별시 송파구 백제고분로7길 54, 2층 (잠실동)",모 핏 (MO Fit),127.084850098654,37.5106763196152,헬스장
9065,"서울특별시 송파구 위례성대로12길 34, 2층 (방이동)",더 피지컬PT,127.12113442529,37.5109716568683,헬스장
9066,"서울특별시 송파구 가락로 103, 엄마손백화점 4층 (석촌동)",엑셀휘트니스,127.107601343872,37.5014034753373,헬스장
9067,"서울특별시 송파구 양재대로 1222, 올림픽프라자 2층 32,33호 (방이동)",포지 피티 스튜디오,127.131063164753,37.5157276361757,헬스장
9068,"서울특별시 송파구 마천로5길 6, 가송빌딩 7층 (오금동)",루아짐,127.12683868961,37.5088902065429,헬스장
9069,"서울특별시 송파구 위례성대로 38, 2층 203호 (방이동, 해태그린피아빌라트)",윔 보행운동센터,127.116497173629,37.5156925346572,헬스장
9070,"서울특별시 송파구 오금로36길 37, 2층 (가락동)",슬림 앤 벌크,127.12377594682,37.5005843888228,헬스장
9071,"서울특별시 송파구 송파대로 404-1, 지하1층 (송파동)",단단,127.109231517243,37.5034697864456,헬스장
9072,"서울특별시 송파구 가락로 151, 지하1층 (송파동)",앵글짐&프리모필라테스,127.112114846464,37.5030008149164,헬스장
9073,"서울특별시 송파구 새말로8길 25, 지하1층 (문정동)",라이즈업 피트니스 우먼,127.126956607546,37.480403231907,헬스장
9074,"서울특별시 송파구 오금로 247, 지하1층 101호 (방이동)",머슐랭 가이드,127.120876340354,37.5063567070468,헬스장
9075,"서울특별시 송파구 마천로 250, 4층 (거여동)",GM FITNESS,127.144698156308,37.4989585365381,헬스장
9076,"서울특별시 송파구 법원로 114, 엠스테이트 지하1층 149, 150호 (문정동)",슬릭부스트,127.12100938212,37.4860552797801,헬스장
9077,"서울특별시 송파구 오금로 198, 수정빌딩 2층 (송파동)",지트짐,127.115810191226,37.5079764727789,헬스장
9078,"서울특별시 송파구 마천로 83, 제이에스빌딩 2층 (오금동)",짐엑스 방이역점,127.129505766584,37.5073821849131,헬스장
9079,"서울특별시 송파구 양산로 40, 지하1층, 지상7층 2층 201호 (거여동)",AR휘트니스,127.144392411159,37.492403370911,헬스장
9080,"서울특별시 송파구 백제고분로 490, 거보산업(주) 지하1층 (방이동)",뽀종월드,127.114817090579,37.5139126257688,헬스장
9081,"서울특별시 송파구 백제고분로 276, 공익빌딩 3층 2호 (석촌동)",(주) 더랩스휘트니스 석촌고분,127.097258552535,37.5021081097948,헬스장
9082,"서울특별시 송파구 송파대로 437, 덕일빌딩 (석촌동)",오늘부터 PT & 필라테스,127.106325433287,37.505623046794,헬스장
9083,"서울특별시 송파구 가락로 110, 3층 (석촌동)",AZTPT(아지트피티),127.108231722488,37.5012506295365,헬스장
9084,"서울특별시 송파구 양산로4길 9, 2층 (거여동)",엠브이엠 거여역점,127.144368173223,37.4900916876026,헬스장
9085,"서울특별시 송파구 백제고분로41길 33, 티에스티빌딩 지하1층 (송파동)",THE JUNG FIT,127.106340928586,37.5085737329248,헬스장
9086,"서울특별시 송파구 백제고분로 128, H타워 지하1층 (잠실동)",하이 피트니스,127.081001925378,37.5060910156297,헬스장
9087,"서울특별시 송파구 송파대로 345, B동 2층 92호 (가락동, 헬리오시티)",헬리오 GYM,127.102531804188,37.4976145695004,헬스장
9088,"서울특별시 송파구 정의로7길 13, 힐스테이트에코송파 1층 114호 (문정동)",나홀로짐에,127.115119595215,37.4852878303815,헬스장
9089,"서울특별시 송파구 송이로 31, 지하1층 (송파동)",팀에이치오씨,127.117224965503,37.5025429191305,헬스장
9090,"서울특별시 송파구 오금로32길 30, 2층 (송파동)",어나더 필라테스 라운지,127.119025975571,37.5037526096939,헬스장
9091,"서울특별시 송파구 올림픽로35길 93, B106, B126호 (신천동, 더샵스타리버)",에임트레이닝랩 잠실점,127.10439265685,37.5177732771804,헬스장
9092,"서울특별시 송파구 법원로 90, 파트너스2 B103, 104호 (문정동)",매일 피트니스,127.121346815589,37.4833517296847,헬스장
9093,"서울특별시 송파구 마천로 315, 지하1~20호 (마천동, 현대그린빌)",데일리 피트니스&필라테스,127.151061447823,37.4950016428817,헬스장
9094,"서울특별시 송파구 법원로4길 10, 힐스테이트에코문정 207호 (문정동)",스튜디오 정색,127.122826416048,37.4826157890248,헬스장
9095,"서울특별시 송파구 법원로 128, 문정에스케이브이원지엘메트로시티 지하1층 102호 (문정동)",스트롱피플 PT 문정법조타운점,127.120453991896,37.4868314347245,헬스장
9096,"서울특별시 송파구 새말로 138, 지하1층 (문정동)",P-BOY MMA (피보이 엠엠에이),127.129266756951,37.4832219642725,헬스장
9097,"서울특별시 송파구 백제고분로7길 53, AW TOWER B1층 (잠실동)",발란아워 GYM&PT,127.084866762872,37.5109093974347,헬스장
9098,"서울특별시 송파구 법원로11길 11, 문정현대지식산업센터1-1 A동 지하2층 201~203호 (문정동)",어트루짐,127.118322322397,37.4846302643031,헬스장
9099,"서울특별시 송파구 백제고분로39길 24, 정훈빌딩 지하1층 (석촌동)",저항운동연구소(Weight Training Lab),127.104205017908,37.5063985390802,헬스장
9100,"서울특별시 송파구 석촌호수로 82, 지하1층 (잠실동)",디와이핏 DYFIT,127.086463159272,37.5089636020136,헬스장
9101,"서울특별시 송파구 백제고분로19길 4, 뜨레피움2차 지1층 비01호 (잠실동)",엠알티핏 잠실점,127.086777987501,37.5051091430001,헬스장
9102,"서울특별시 송파구 가락로 209, 사이언스빌딩 4층 (송파동)",V therapy 안티에이징센터,127.116148519048,37.5071999252324,헬스장
9103,"서울특별시 송파구 올림픽로35길 10, 제비동 2층 207호 (신천동, 파크리오)",로그짐 올림픽공원점,127.113265160573,37.5203136784994,헬스장
9104,"서울특별시 송파구 송파대로 451, 지층 (석촌동)",크로스핏 라곰트레이닝 석촌,127.105511182242,37.5065460454027,헬스장
9105,"서울특별시 송파구 석촌호수로 134, 4층 (삼전동)",지금부터 핏,127.091877352413,37.5070750637579,헬스장
9106,"서울특별시 송파구 송이로 194, 레미안빌딩 6층 (문정동)",락 바디짐,127.127346226095,37.49046995263,헬스장
9107,"서울특별시 송파구 마천로8길 21, 지하1층 (오금동)",코드엠 트레이닝,127.128589351923,37.5066143589608,헬스장
9108,"서울특별시 송파구 가락로 205, 송림빌딩 1층 (송파동)",애니타임피트니스 송파동점,127.115854799861,37.5067625056488,헬스장
9109,"서울특별시 송파구 가락로 144, 송파 린 3층 (송파동)",에스바디짐,127.111874878868,37.5024065591495,헬스장
9110,"서울특별시 송파구 석촌호수로 298, 2층 2호 (송파동, 잠실대우레이크월드)",어썸핏,127.10815851038,37.5115694532177,헬스장
9111,"서울특별시 송파구 석촌호수로 146, 지하1층 (삼전동)",테라피티,127.093152370722,37.5068334969018,헬스장
9112,"서울특별시 송파구 중대로9길 30, 다보빌딩 (가락동)",리웰짐,127.118793108964,37.4958265171815,헬스장
9113,"서울특별시 송파구 법원로4길 5, 송파법조타운푸르지오 (문정동)",스파인랩,127.121873324034,37.482913928496,헬스장
9114,"서울특별시 송파구 가락로 241, ING파크뷰 2층 (방이동)",피크닉짐,127.117762271053,37.5098142133215,헬스장
9115,서울특별시 송파구 새말로10길 5 (문정동),아미쿠스짐,127.127514462002,37.4824088164427,헬스장
9116,"서울특별시 송파구 석촌호수로 106, 한경빌딩 3층 (잠실동)",프로닉(PRONIC),127.088655956552,37.507681649089,헬스장
9117,"서울특별시 송파구 송파대로30길 39, 종원빌딩 3층 (가락동)",위스테이 휘트니스,127.121148235378,37.4961401984833,헬스장
9118,"서울특별시 송파구 백제고분로41길 25, 지하1층 (송파동)",근본 PT 스튜디오,127.106929511608,37.508017011539,헬스장
9119,"서울특별시 송파구 위례광장로 290, B-15호 (장지동, 위례중앙푸르지오2단지)",피티스튜디오 건강한 사람들,127.142846458508,37.4749701169654,헬스장
9120,"서울특별시 송파구 가락로 78, B1층 (석촌동)",빌리버짐 석촌헬리오시티점,127.104900510278,37.5001258458779,헬스장
9121,"서울특별시 송파구 백제고분로 433, 장학학원 5층 (송파동)",모어핏 PT&Pilates,127.11137905773,37.5095486617601,헬스장
9122,"서울특별시 송파구 올림픽로 108, 맥스빌딩 10층 (잠실동)",머스트무브짐 PT&Pilates 잠실새내 4호점,127.082765031389,37.5114261730629,헬스장
9123,"서울특별시 송파구 올림픽로32길 22-13, 지층 2호 (방이동)",테디피트니스 방이점,127.10884310222,37.5136414934581,헬스장
9124,"서울특별시 송파구 삼학사로19길 30, 이현빌딩 2층 (삼전동)",아이디얼 핏,127.0937959173,37.5063880714845,헬스장
9125,"서울특별시 송파구 송파대로 167, 문정역테라타워 B1층 G154호 (문정동)",로하핏 스튜디오,127.120933640924,37.4846614982049,헬스장
9126,"서울특별시 송파구 송파대로 145, 문정 오벨리스크 (문정동)",문정법조타운점 스포애니 (주)케이디스포츠,127.123013623398,37.4834277630334,헬스장
9127,"서울특별시 송파구 오금로15길 5, 송파빌딩 지하1층 (방이동)",피티바이패스,127.109057021122,37.5122612287456,헬스장
9128,"서울특별시 송파구 올림픽로 145, 리센츠 2층 A54호 (잠실동)",원핏,127.087041904838,37.5119804600106,헬스장
9129,"서울특별시 송파구 위례광장로 199, 성희프라자 308호 (장지동)",온스바디,127.142760998646,37.4816895827721,헬스장
9130,"서울특별시 송파구 동남로4길 18, 2층 (문정동)",피트니즈 문정점,127.1244072069,37.4885795273678,헬스장
9131,"서울특별시 송파구 백제고분로15길 44, 지하1층 (잠실동)",집나온홈짐,127.084861439577,37.5093044422599,헬스장
9132,"서울특별시 송파구 새말로 134, 지하1층 (문정동)",라이트짐,127.128833865415,37.4829769123873,헬스장
9133,"서울특별시 송파구 송파대로 410, 지하1층 (송파동)",케어바이아터스PT,127.108752885848,37.5040057855066,헬스장
9134,"서울특별시 송파구 백제고분로 377, 301호 (송파동)",세로GYM,127.107512026536,37.5058376733418,헬스장
9135,"서울특별시 송파구 가락로 134, 지하1층 (송파동)",아워피티스튜디오,127.11080481143,37.5020377050145,헬스장
9136,"서울특별시 송파구 백제고분로 204, 에스엔씨빌딩 (삼전동)",GREEN DAY GYM,127.089234537921,37.5037486871523,헬스장
9137,"서울특별시 송파구 올림픽로37길 130, 파크리오상가 A동 5층 11호 (신천동)",로그짐 잠실나루점,127.104421421949,37.5208819816451,헬스장
9138,"서울특별시 송파구 동남로 286, 영재사관학원 3층 (오금동)",플랜비휘트니스,127.13743924294,37.5009819430204,헬스장
9139,"서울특별시 송파구 올림픽로 240, 롯데월드 6층 6층 (잠실동)",헬스보이짐 잠실점,127.098141751177,37.5113096112036,헬스장
9140,"서울특별시 송파구 올림픽로12길 17, 지하 1층 (잠실동)",스포니스 잠실새내점,127.08330002464,37.5101012306694,헬스장
9141,"서울특별시 송파구 백제고분로45길 34, 동방빌딩 3층 (송파동)",리핏바디짐,127.108018582125,37.5106957875782,헬스장
9142,"서울특별시 송파구 가락로 214, 창우빌딩 202호 (송파동)",REFLEX(리플렉스),127.116637709048,37.5072923367808,헬스장
9143,"서울특별시 송파구 올림픽로 108, 맥스빌딩 10층 (잠실동)",머스트무브짐,127.082765031389,37.5114261730629,헬스장
9144,"서울특별시 송파구 가락로11길 8, 영신빌딩 지층 (석촌동)",헬스 Boy,127.104862114003,37.5010541860792,헬스장
9145,"서울특별시 송파구 백제고분로50길 4, 3층 (방이동)",리라이프짐,127.115269508655,37.514264657693,헬스장
9146,"서울특별시 송파구 백제고분로 176, 지하1층 (잠실동)",위스테이 휘트니스 삼전점,127.086139017992,37.5046432504216,헬스장
9147,"서울특별시 송파구 송파대로37길 4-27, 2층 (석촌동)",이볼브 트레이닝,127.110171741462,37.5010525070623,헬스장
9148,"서울특별시 송파구 송파대로 345, 상가A동 4019호 (가락동, 헬리오시티)",리바이브 PT,127.102531804188,37.4976145695004,헬스장
9149,"서울특별시 송파구 중대로 56, 2층 (문정동)",스포메드짐,127.115120725808,37.4911824002089,헬스장
9150,"서울특별시 송파구 백제고분로 490, 거보산업(주) 지하1층 (방이동)",강 PT,127.114817090579,37.5139126257688,헬스장
9151,"서울특별시 송파구 올림픽로35가길 11, 지하1층 (신천동, 한신잠실코아)",에이블짐 잠실역점,127.104060465697,37.5163298028991,헬스장
9152,"서울특별시 송파구 마천로 57, 3층 (오금동)",포우먼핏,127.127199443402,37.5083306553951,헬스장
9153,"서울특별시 송파구 올림픽로35길 125, 삼성SDS 지하2층 (신천동)",주식회사 에스에이치피 코퍼레이션,127.100467802271,37.516297774308,헬스장
9154,"서울특별시 송파구 중대로 68, 훼미리 샤르망 3층 (문정동)",코드엠 트레이닝 그라운드 가락점,127.116437188825,37.4915653895479,헬스장
9155,"서울특별시 송파구 양산로 38, 지하1층 (거여동)",탈로스 역도 전문 체육관,127.144294543134,37.4921394054625,헬스장
9156,"서울특별시 송파구 삼학사로18길 3-27, 평강빌딩 202호 (석촌동)",리빌드짐,127.097621216876,37.5056508333631,헬스장
9157,"서울특별시 송파구 동남로 215, BPL빌딩 2층 (가락동)",랄랄랄 퍼스널트레이닝,127.131552744714,37.4965998462497,헬스장
9158,"서울특별시 송파구 백제고분로 386, 지하층 1호 (송파동)",랜디네짐,127.108956819714,37.5058889682158,헬스장
9159,"서울특별시 송파구 백제고분로 170, 2층 (잠실동)",삼전역점 스마트 (주)케이디헬스케어,127.085573133637,37.5047870116288,헬스장
9160,"서울특별시 송파구 가락로 275, 303호 (방이동)",파트너짐,127.11941833233,37.512503939469,헬스장
9161,"서울특별시 송파구 거마로2길 3-5, 지하1층 (거여동)",제로짐,127.145166720723,37.4936633805126,헬스장
9162,"서울특별시 송파구 법원로 128, 문정역SKV1 C동 지하1층 133호 (문정동)",단단스포츠,127.120453991896,37.4868314347245,헬스장
9163,"서울특별시 송파구 법원로 114, 엠스테이트 지하1층 151호 (문정동)",오아시스 GYM,127.12100938212,37.4860552797801,헬스장
9164,"서울특별시 송파구 백제고분로27길 11, 2층 (삼전동)",아크짐,127.092804926725,37.5041830137461,헬스장
9165,"서울특별시 강동구 천호대로 1107, B1층 (길동, 강동역에스케이허브)",화이트짐 강동점,127.134841810959,37.5355802857957,헬스장
9166,"서울특별시 강동구 구천면로 384, 동곡빌딩 (천호동)",다윗헬스클럽,127.141401542747,37.5504524291279,헬스장
9167,"서울특별시 강동구 진황도로 152, B01호 (둔촌동)",아지트,127.141282668081,37.5324959302494,헬스장
9168,"서울특별시 강동구 고덕로 399, 2층 214호 (고덕동, 고덕센트럴푸르지오)",리빌드 바디 상일동역점,127.16967893433,37.5574405229047,헬스장
9169,"서울특별시 강동구 천호대로200길 20, 지하 1층 (둔촌동)",프로 피지컬 센터,127.149318185161,37.5359957094414,헬스장
9170,"서울특별시 강동구 양재대로128길 26, 지하 1층 (길동)",판타짐,127.144119349901,37.544643561852,헬스장
9171,"서울특별시 강동구 올림픽로 697, 호진빌딩 1102호 (천호동)",연세헬스,127.124950128068,37.5437045764792,헬스장
9172,"서울특별시 강동구 구천면로 304, 일주빌딩 (천호동)",스포애니 천호초교점,127.134809493652,37.5467270340876,헬스장
9173,"서울특별시 강동구 고덕로38길 39-17, 프라임빌딩 (명일동)",슬림앤스트롱 강동점,127.142797502261,37.5527973971709,헬스장
9174,서울특별시 강동구 명일로 167 (둔촌동),바디온,127.144558916412,37.5338931109162,헬스장
9175,"서울특별시 강동구 양재대로143길 7, 청안빌딩 (명일동)",짐 클락,127.143470277345,37.5514311200222,헬스장
9176,"서울특별시 강동구 천호대로176길 32, 그린빌딩 B1층 (성내동)",크로스핏 지케이 성내점,127.135670322555,37.5330619422655,헬스장
9177,"서울특별시 강동구 동남로73길 26, 지하 1층 53호 (명일동, 고덕복합빌딩)",고덕 스포짐,127.154782936805,37.5532988356176,헬스장
9178,"서울특별시 강동구 명일로 200-33, 3층 (길동)",UC PT&YOGA,127.147509879628,37.5370665677501,헬스장
9179,"서울특별시 강동구 아리수로93나길 66, 5층 501~504, 506호 (강일동)",트리오짐 헬스&PT 강일점,127.175614430713,37.5723742168444,헬스장
9180,"서울특별시 강동구 올림픽로 786, 지하1층 B02호 (암사동)",주식회사 라이언짐,127.128195779361,37.5511118084619,헬스장
9181,"서울특별시 강동구 올림픽로 786, 지하1층 B01호 (암사동)",라이언 컴퍼니,127.128195779361,37.5511118084619,헬스장
9182,"서울특별시 강동구 고덕로 433, 이레빌딩 지하1층 B03~B06호 (강일동)",주식회사 트렌디우먼 휘트니스 브이아이피,127.173888109708,37.5575054874572,헬스장
9183,"서울특별시 강동구 양재대로 1517, 남해빌딩 (천호동)",김현진153GYM,127.14087262558,37.5412622469126,헬스장
9184,"서울특별시 강동구 상암로3길 8, 암사동정웅빌딩 (암사동)",스포힐 휘트니스,127.126869071397,37.5508126685585,헬스장
9185,"서울특별시 강동구 구천면로 456, 한성빌딩 3층 (명일동)",선물같은시간,127.148851204427,37.5491249330663,헬스장
9186,"서울특별시 강동구 진황도로 81, 강동투웨니퍼스트 B1층 (길동)",미미피티,127.135707130269,37.5367040128134,헬스장
9187,"서울특별시 강동구 성내로 65, 지하1층 (성내동, 집앤사베니아파트)",SOMA FIT-IN,127.127486616671,37.5280823085105,헬스장
9188,"서울특별시 강동구 올림픽로 813, 자하빌딩 3층 301호 (암사동)",봄PT Studio,127.128528805872,37.5536683873012,헬스장
9189,"서울특별시 강동구 올림픽로 796, 4층 (암사동)",암사 라이크짐,127.128534669022,37.5520742461293,헬스장
9190,"서울특별시 강동구 양재대로 1574, 제비2층 제비201호 (명일동)",트렌디우먼휘트니스 굽은다리역점,127.143349163756,37.5459227458636,헬스장
9191,"서울특별시 강동구 양재대로 1384, 미림빌딩 3층 1호 (둔촌동)",여성전용 베이핏 PT&그룹트레이닝 둔촌점,127.137359832048,37.5296679019917,헬스장
9192,"서울특별시 강동구 상일로6길 26, 삼성엔지니어링 지하 1층 (상일동)",엔지니어링 피트니스 센터,127.175324562111,37.5488176629632,헬스장
9193,"서울특별시 강동구 올림픽로 610, 지하1층 B1~B4호 (성내동, 천호역 효성해링턴타워)",천호역점 스포애니 (주)케이디 헬스케어,127.122972414869,37.5357931739397,헬스장
9194,"서울특별시 강동구 성내로14길 42, B1층 (성내동)",웰피티스튜디오 성내점,127.126053481158,37.5262115659083,헬스장
9195,"서울특별시 강동구 동남로75길 29, 세종프라자 (명일동)",TEAMK 퍼스널트레이닝,127.154528830061,37.554156377051,헬스장
9196,"서울특별시 강동구 상일로 15, 2층 (상일동)",로드스타 휘트니스,127.172979013168,37.5484192774053,헬스장
9197,서울특별시 강동구 양재대로 1471 (길동),에이블짐 길동역점,127.139268457231,37.5373607499164,헬스장
9198,"서울특별시 강동구 올림픽로 795, 서울유치원 (암사동)",운동하는날 암사점,127.127923785718,37.5522058244885,헬스장
9199,서울특별시 강동구 양재대로145길 6 (명일동),주식회사 테라피티 명일점,127.14368530703,37.5520268683843,헬스장
9200,"서울특별시 강동구 천호대로175길 14, 지하 1층 (길동, 다성이즈빌)",라이프체인지 그룹PT,127.137038855391,37.5352869139195,헬스장
9201,"서울특별시 강동구 명일로 176, 둔촌푸르지오아파트 상가 지하 1층 (둔촌동)",엠에프 휘트니스,127.145302522709,37.5344998328347,헬스장
9202,"서울특별시 강동구 아리수로50길 50 (고덕동, 래미안힐스테이트고덕)",이재홍 피트니스,127.148577708994,37.5576864625383,헬스장
9203,"서울특별시 강동구 천호대로 1078, 3층 306호 (성내동, 씨제이나인파크)",리핏앤케어,127.131238839368,37.5359460061913,헬스장
9204,"서울특별시 강동구 구천면로 424 (명일동, 명일메가타운)",스포애니 명일역점,127.145579195087,37.5503498644145,헬스장
9205,"서울특별시 강동구 동남로75길 27, 고덕역갑을명가시티 오피스텔 -1층 (명일동)",콤마짐,127.154637177627,37.5539579257605,헬스장
9206,"서울특별시 강동구 풍성로 92, 한스빌딩 -1호 (성내동)",스웨트 원(SWEAT ONE),127.122428449226,37.5326269931652,헬스장
9207,"서울특별시 강동구 풍성로 235, 하이랜드빌딩 (둔촌동)",디 에이펙스(THE APEX),127.137923497687,37.5287013720057,헬스장
9208,"서울특별시 강동구 상일로 33, 유원DH (상일동)",투짐(TWO GYM),127.172712722739,37.5501767024713,헬스장
9209,"서울특별시 강동구 천호대로 1186, 원경빌딩 (둔촌동)",피트니스온 둔촌점,127.143234004803,37.5339935650085,헬스장
9210,"서울특별시 강동구 천호대로 1128, 웰빙메디컬빌딩 (성내동)",피니쉬 짐,127.13651974477,37.5341634273786,헬스장
9211,"서울특별시 강동구 양재대로 1313, 지하1층 (성내동)",크로스핏 지케이,127.134246666959,37.5237068525464,헬스장
9212,"서울특별시 강동구 진황도로 99, 2층 204~227호 (길동, 강동한신휴플러스주상복합)",휘트니스엠 길동점,127.137473996228,37.5360846941657,헬스장
9213,"서울특별시 강동구 양재대로 1602, MY빌딩 3층 (명일동)",피치짐 명일점,127.143840128373,37.5484974718876,헬스장
9214,"서울특별시 강동구 동남로81길 44, 지층 (고덕동)",사운드바디짐,127.154508566649,37.560018557384,헬스장
9215,"서울특별시 강동구 고덕로 103, 3층 (암사동)",테드짐,127.136997370358,37.5549098997675,헬스장
9216,"서울특별시 강동구 풍성로37가길 66, 복지하이츠빌라 지하 1층 (성내동)",테라피티 강동성내점,127.129798751923,37.5324247767426,헬스장
9217,"서울특별시 강동구 양재대로 1621, 3층 (천호동)",엔터핏 명일점,127.143617316818,37.5503289310934,헬스장
9218,"서울특별시 강동구 양재대로111길 27, 301호 (길동, 골드클래스)",모두의운동,127.13805409023,37.5371919769512,헬스장
9219,"서울특별시 강동구 올림픽로 826, 2층 (암사동)",얼티밋 포텐셜짐,127.129451206323,37.554553690624,헬스장
9220,"서울특별시 강동구 상암로 196, 명일동파크빌딩 4, 5층 (명일동)",굽은다리역점 스포애니 (주)케이디헬스케어,127.144194277454,37.5461802133179,헬스장
9221,"서울특별시 강동구 천호대로 1224, 현대크리닉빌딩 201호 (둔촌동)",컨베이지,127.146896026942,37.5355472561559,헬스장
9222,"서울특별시 강동구 양재대로85길 16, 2층 (성내동)",P.E.M Korea,127.133772146057,37.524616141366,헬스장
9223,서울특별시 강동구 천호대로 1469-1 (상일동),VIP짐,127.171296793024,37.5467125369278,헬스장
9224,"서울특별시 강동구 고덕로 353, 고덕그라시움(제1상가) 201, 202, 244호 (고덕동)",바디퓨처 퍼스널트레이닝,127.164510295845,37.557135101795,헬스장
9225,"서울특별시 강동구 아리수로93나길 54, 경서프라자 4층층 405, 406호 (강일동)",핏붐,127.174852988118,37.5722001938647,헬스장
9226,"서울특별시 강동구 천호대로 1120, 2층 201,202,202-1호 (성내동, 엘아이지건영리가 주상복합)",여성 전용 리즈짐 강동역점,127.135629165345,37.534450521112,헬스장
9227,"서울특별시 강동구 상일로 127, 엠에스 3층 (고덕동)",한체대 공감 PT,127.170890765056,37.5585042932875,헬스장
9228,"서울특별시 강동구 올림픽로48길 28, 건창빌딩 401호 (성내동)",제프웰니스,127.121510795471,37.5288703166743,헬스장
9229,"서울특별시 강동구 구천면로 305, 덕송빌딩 3층 301호 (천호동)",인피티샵 헬스& PT 천호점,127.134344875218,37.5469886729228,헬스장
9230,"서울특별시 강동구 성안로 43, 2층 (성내동)",나우피티스튜디오,127.130469225638,37.5276918909975,헬스장
9231,"서울특별시 강동구 상암로4길 10, 엘베강 2층 201호 (암사동)",JYGym,127.126292491049,37.5500760001275,헬스장
9232,"서울특별시 강동구 천호옛길 82, 토바빌딩 -1층 (성내동)",테라피티 천호,127.125402238414,37.5358996397466,헬스장
9233,"서울특별시 강동구 양재대로 1392, 진산빌딩 5, 6층 (둔촌동)",둔촌동역점 스포애니 (주)케이디헬스케어,127.137658565242,37.5302538354278,헬스장
9234,"서울특별시 강동구 암사길 25, 2층 (암사동)",J Class Gym,127.132027328622,37.5517892812087,헬스장
9235,"서울특별시 강동구 동남로81길 8, 고덕크리닉 5층 (고덕동)",더 스탠다드 짐,127.156343594712,37.5606867530587,헬스장
9236,"서울특별시 강동구 고덕로 391, 종점빌딩 -2층 (고덕동)",짐팩피트니스 상일동역,127.168978454847,37.5572260091644,헬스장
9237,"서울특별시 강동구 명일로 189, 초우빌딩 4층 (길동)",드림핏퍼스널트레이닝센터,127.145182687143,37.5356574949286,헬스장
9238,"서울특별시 강동구 성내로6길 34, 덕창빌딩 지하1층 (성내동)",하이짐,127.122130607172,37.528426564946,헬스장
9239,"서울특별시 강동구 상일로10길 36, 세종텔레콤 지식산업센터 지하1층 (상일동)",㈜세종 피트니스 센터(도도한 다짐),127.174104292142,37.5507989598659,헬스장
9240,"서울특별시 강동구 올림픽로 787, 태성프라자 4층 (암사동)",Change Your Body (체인지 유어 바디),127.127723369224,37.5515454300024,헬스장
9241,"서울특별시 강동구 성안로 17, 정안빌딩 5층 (성내동)",해부학적운동 성내점,127.129405097323,37.525522008646,헬스장
9242,"서울특별시 강동구 동남로79길 26, 4층 405호 (고덕동, 고덕아이파크)",식스에이엠(6AM),127.153744243632,37.5591838811941,헬스장
9243,"서울특별시 강동구 천호대로175길 42, 지층 103호 (길동)",크로스핏 강동,127.137425545214,37.5365024541122,헬스장
9244,"서울특별시 강동구 상암로 11 (암사동, 선사현대아파트)",엔터핏 암사점,127.125660013035,37.5534474873056,헬스장
9245,"서울특별시 강동구 양재대로 1550 (길동, 은호빌딩)",썸바디 휘트니스,127.142574185548,37.5439271614814,헬스장
9246,서울특별시 강동구 고덕로 109 (암사동),업투 암사점,127.137534131713,37.5549629751793,헬스장
9247,서울특별시 강동구 천호대로 1200 (둔촌동),노블레스클럽,127.144665419318,37.5345568374059,헬스장
9248,"서울특별시 강동구 올림픽로 808 (암사동, 종로빌딩)",휘트니스J,127.128870388999,37.5530967826472,헬스장
9249,"서울특별시 강동구 올림픽로 660, B201호 (천호동, 엘크루상가)",오늘의 피티(PT),127.124570380688,37.540169637196,헬스장
9250,"서울특별시 강동구 천호대로 1239, 상가동 지층 101호 (길동)",트레이브짐 길동지점,127.148276995511,37.5378612798048,헬스장
9251,"서울특별시 강동구 천호대로 1078 (성내동, 씨제이나인파크)",강동점 스포애니 (주)케이디헬스케어,127.131238839368,37.5359460061913,헬스장
9252,"서울특별시 강동구 동남로73길 17 (명일동, 우진빌딩)",홍.S PT,127.15507536373,37.5527505555431,헬스장
9253,"서울특별시 강동구 성안로 71, 지층 (성내동)",New body PT gym,127.13154949367,37.529997886178,헬스장
9254,"서울특별시 강동구 성안로 7, 201호 (성내동, 강림빌딩)",운동센터+1℃,127.12890032958,37.5245413697762,헬스장
9255,"서울특별시 강동구 올림픽로 780, 예지빌딩 지하1층 (암사동)",GOGO GYM,127.127989379513,37.5505918863599,헬스장
9256,"서울특별시 강동구 풍성로45길 18 (성내동, 중앙아파트)",S휘트니스,127.130403587005,37.5313831843913,헬스장
9257,서울특별시 강동구 풍성로38길 9 (성내동),제스트짐,127.12559371975,37.5316068000518,헬스장
9258,"서울특별시 강동구 명일로 243 (길동, 서울시산림조합빌딩)",스포힐 휘트니스,127.146699285076,37.5404637146353,헬스장
9259,서울특별시 강동구 풍성로 209 (성내동),고고 휘트니스,127.135101909071,37.5293607424181,헬스장
9260,"서울특별시 강동구 천호대로 995, 금복빌딩 (천호동)",아크로짐 천호역점 24시 헬스&PT,127.123013114626,37.5392864881483,헬스장
9261,"서울특별시 강동구 양재대로 1465, 8층 (길동)",화이트짐 길동점,127.139314330701,37.5368399179472,헬스장
9262,서울특별시 강동구 양재대로128길 25 (명일동),M PT GYM,127.144240238074,37.5447800056278,헬스장
9263,서울특별시 강동구 양재대로 1535 (천호동),탑 헬스클럽,127.141259812474,37.5429916123078,헬스장
9264,서울특별시 강동구 양재대로89가길 56 (성내동),올댓컨디셔닝,127.133909572195,37.5241603490433,헬스장
9265,서울특별시 강동구 양재대로 1661 (명일동),고위드 피트니스,127.143944021144,37.5538571094692,헬스장
9266,"서울특별시 강동구 양재대로89길 16 (성내동, 파크프라자)",라피끄&피트니스온 둔촌동역점,127.134695601656,37.5268826423806,헬스장
9267,서울특별시 강동구 양재대로 1371 (성내동),선린남여헬스클럽,127.136066310873,37.5287025352002,헬스장
9268,서울특별시 강동구 양재대로 1626 (명일동),나우휘트니스,127.144288436536,37.5506474264789,헬스장
9269,"서울특별시 강동구 구천면로93길 12 (상일동, 고덕사회체육센터)",한국시각장애인복지재단고덕사회체육센타,127.168742192716,37.5511745316081,헬스장
9270,"서울특별시 강동구 동남로75길 19, 명일빌딩 지하1층 7, 8호 (명일동)",파인짐,127.15517770003,37.5541302080444,헬스장
9271,"서울특별시 강동구 천호대로 997, 502호 (천호동, 신라빌딩)",커브스 천호클럽,127.123301730964,37.5393391659214,헬스장
9272,"서울특별시 강동구 성내로18길 46, -1층 (성내동)",에이앤 프리햅(AN PREHAB),127.128032117228,37.5250909341112,헬스장
9273,서울특별시 강동구 풍성로 204 (성내동),KCA트레이닝센터,127.134367625157,37.5291463309836,헬스장
9274,"서울특별시 강동구 고덕로 256 (명일동, 명성프라자)",MY GYM,127.154105278912,37.5546198628524,헬스장
9275,"서울특별시 강동구 양재대로81길 64 (성내동, 코스카 빌딩)",스타트라인,127.130992455402,37.5240672132671,헬스장
9276,서울특별시 강동구 고덕로 164 (명일동),웰니스프리미엄클럽(AR_지종득),127.143573769632,37.5545287130041,헬스장
9277,"서울특별시 강동구 올림픽로 664, 2층 (천호동, 대우 한강 베네시티)",위너바디&필라테스PT,127.124975762766,37.540555377209,헬스장
9278,"서울특별시 강동구 양재대로81길 32, 지층 (성내동)",MJ fitness,127.132528261747,37.5233052345274,헬스장
9279,서울특별시 강동구 양재대로 1450 (길동),와이키키휘트니스,127.139475951525,37.5352870340168,헬스장
9280,"서울특별시 강동구 진황도로27길 9, 아기천국어린이집 2층 (천호동)",더 어반 핏,127.131586990533,37.5388479192913,헬스장
9281,"서울특별시 강동구 양재대로 1488, 길동 5층 (길동)",휘트니스피플 우먼 길동점,127.14057632813,37.5385752794508,헬스장
9282,"서울특별시 강동구 구천면로 328, 인성빌딩 3층 301호 (천호동)",피트니즈 천호점,127.136051396534,37.548454354945,헬스장
9283,"서울특별시 강동구 아리수로93나길 54, 경서프라자 3층 301~306호 (강일동)",머슬비치짐,127.174852988118,37.5722001938647,헬스장
9284,"서울특별시 강동구 천호대로 1037, 세우빌딩 지하1층 (천호동)",라피끄피트니스온 천호역점,127.12733248525,37.5378379676663,헬스장
9285,"서울특별시 강동구 고덕로 385, 고덕그라시움(제4상가) 지하1층 101,102,115,116,119,120호 (고덕동)",카인드짐 헬스 PT,127.168412440283,37.5573671931016,헬스장
9286,"서울특별시 강동구 상암로 55, 정인빌딩 3층 (암사동)",차선생바디팩토리 시즌2,127.129490429887,37.5494244486092,헬스장
9287,"서울특별시 강동구 올림픽로 552, 홍익빌딩 지하 2호 (성내동)",RP재활운동센터,127.12101233589,37.5308341998326,헬스장
9288,서울특별시 강동구 양재대로89길 54 (성내동),프리원핏 강동성내점,127.132650695315,37.527221030379,헬스장
9289,"서울특별시 강동구 양재대로 1609 (천호동, 조희빌딩)",크로스핏 지케이,127.143452676267,37.549274062835,헬스장
9290,서울특별시 강동구 상암로4가길 7 (암사동),차선생 body factory,127.125881628744,37.5500327404591,헬스장
9291,서울특별시 강동구 강동대로53길 80 (성내동),오륜짐,127.13293281515,37.5262489831553,헬스장
9292,"서울특별시 강동구 성내로 34, 성안빌딩 5층 (성내동)",주식회사 더랩스피트니스 강동구청점,127.124000325503,37.5290968536225,헬스장
9293,"서울특별시 강동구 양재대로 1495 (길동, 만종빌딩)",스포애니 길동역점,127.140289392361,37.5393037183438,헬스장
9294,"서울특별시 강동구 올림픽로 787 (암사동, 태성프라자)",에이블짐 암사역점,127.127723369224,37.5515454300024,헬스장
9295,"서울특별시 강동구 진황도로 185 (둔촌동, 둔촌동현대아파트분산상가동)",스타헬스,127.143119509854,37.529791617611,헬스장
9296,서울특별시 강동구 양재대로 1355 (성내동),엘리트짐,127.135616051172,37.5273952498819,헬스장
9297,"서울특별시 강동구 상암로 41 (암사동, 암사동양덱스빌)",암사점 스포애니 (주)케이디헬스케어,127.128189760726,37.5501745970905,헬스장
9298,서울특별시 강동구 양재대로89가길 14 (성내동),휘트니스 존,127.134545604627,37.5260083013633,헬스장
9299,"서울특별시 강동구 양재대로 1335, 동부빌딩  201호 (성내동)",커브스 둔촌클럽,127.134903109178,37.5255782960195,헬스장
9300,"서울특별시 강동구 아리수로 427, 중앙프라자 10층 (강일동)",카인드짐 24시 휘트니스&스쿼시,127.174603355856,37.5649623335076,헬스장
9301,서울특별시 강동구 천호대로 1116 (성내동),펄스짐,127.135156170058,37.5346033324204,헬스장
9302,"서울특별시 강동구 천호대로 1186, 지하1층 (둔촌동, 원경빌딩)",머슬킹 둔촌점,127.143234004803,37.5339935650085,헬스장
9303,"서울특별시 강동구 양재대로 1484-1, 4층 (길동, 서원빌딩)",커브스 길동클럽,127.140459465668,37.5382235781836,헬스장
9304,"서울특별시 강동구 암사길 49, 한은빌딩 3,4층 (암사동)",고고 피트니스(암사),127.134788556209,37.5520042929532,헬스장
9305,"서울특별시 강동구 양재대로 1457, 부에노빌딩 -1층 (길동)",짐구공 24시 헬스 PT 길동점,127.139022091256,37.5359334960721,헬스장
9306,"서울특별시 강동구 천호대로 1006, 브라운스톤천호 지하2층 (성내동)",에이블짐 천호역점,127.123788971242,37.5380513979559,헬스장
9307,"서울특별시 강동구 양재대로 1462, 남양빌딩 2층 (길동)",라이프체인지 PT,127.139776972253,37.5362289438681,헬스장
9308,"서울특별시 강동구 상암로 197, 현대자동차 공업사 지하1층 (명일동)",훈련소,127.144462158408,37.5466664249676,헬스장
9309,"서울특별시 강동구 상암로4길 16, 동경빌딩 5층 (암사동)",UKK 메디컬 PT 센터,127.126205201629,37.5498514746766,헬스장
9310,"서울특별시 강동구 올림픽로 806, 지하1층 (암사동, 까사팔공육)",크로스핏 쓰리박스,127.128830262682,37.5529279795177,헬스장
9311,"서울특별시 강동구 천호대로173길 39, B1층 (길동, 다성 이즈빌)",모션짐 헬스&PT 길동점,127.135840767389,37.5369606441203,헬스장
9312,"서울특별시 강동구 천호대로 1095, 현대코아아파트 지하 2층 B235호 (천호동, 현대코아아파트)",카인드짐 24시 휘트니스&스쿼시,127.133662259698,37.5359422069464,헬스장
9313,"서울특별시 강동구 아리수로76길 22, 2층 (고덕동)",COUNT PT,127.162348034555,37.5617602046919,헬스장
9314,"서울특별시 강동구 명일로 108, 지하1층 (둔촌동)",라이즈업 피트니스 우먼 둔촌점,127.142705361758,37.5287422724954,헬스장
9315,"서울특별시 강동구 양재대로 1568, 지하1층 (명일동, 원일타워)",W38 휘트니스,127.143225315777,37.545422301431,헬스장
9316,"서울특별시 강동구 양재대로 1619, 가야빌딩 B1층 (천호동)",빅브로짐 명일점,127.143515495266,37.5499891084547,헬스장
9317,"서울특별시 강동구 천호대로157길 14, 나비빌딩 7층 706~710, 720~724호 (천호동)",짐플레임 천호점,127.127289366861,37.5382317510332,헬스장
9318,"서울특별시 강동구 진황도로 123, 지하2층 B204호 (길동, 광남캐스빌아파트201)",바비짐,127.139965700863,37.5347782004407,헬스장
