id,road_address,business_name,longitude,latitude,category
1,서울특별시 강남구 강남대로 422 (역삼동),메가박스 씨티,127.026984908497,37.5003941401087,영화관
2,"서울특별시 강남구 강남대로 438 (역삼동,스타플렉스 8층)",CGV 강남,127.026336096148,37.5016428104731,영화관
3,서울특별시 강남구 남부순환로 2753 (도곡동),롯데시네마 도곡점,127.04698960023,37.4874807715334,영화관
4,서울특별시 강남구 논현로 848 (신사동),CGV압구정,127.0288370151,37.5245744023832,영화관
5,서울특별시 강남구 도산대로 108  (논현동),클래식시네마스페이스(주),127.020655869811,37.5161918332017,영화관
6,"서울특별시 강남구 도산대로 116 (논현동,외2필지)",메가박스 브로드웨이,127.021516108092,37.5166065016895,영화관
7,서울특별시 강남구 도산대로 128  (논현동),씨네마강남,127.02270573272,37.5169719062298,영화관
8,서울특별시 강남구 도산대로 310  (논현동),씨네하우스,127.035475775373,37.5215381083611,영화관
9,서울특별시 강남구 도산대로 323  (신사동),씨네시티,127.037016265027,37.5228971585502,영화관
10,"서울특별시 강남구 도산대로8길 8, 1층 (논현동)",메가박스 브로드웨이,127.02194180264,37.5163705406376,영화관
11,"서울특별시 강남구 압구정로10길 9, 지하2층 (신사동)",픽처하우스,127.022023606066,37.5229874921731,영화관
12,"서울특별시 강남구 압구정로30길 45, 지하2층, 지하5층 (신사동)",CGV압구정 ART,127.029403239407,37.5243502735902,영화관
13,서울특별시 강남구 언주로150길 14  (논현동),씨네예술관,127.035519854036,37.5209786624562,영화관
14,"서울특별시 강남구 영동대로 513, 코엑스 지하1층 (삼성동)",코엑스 부티크 프라이빗,127.059159043842,37.5118239121138,영화관
15,서울특별시 강남구 학동로 118  (논현동),강남비디오소극장,127.023923410549,37.5116328572551,영화관
16,서울특별시 강남구 학동로 171  (논현동),케이엠티브이,127.029550652058,37.5140467250769,영화관
17,서울특별시 강동구 성내로 48 (성내동),메가박스 강동점,127.125357402766,37.5284455288195,영화관
18,"서울특별시 강동구 양재대로 1571, 4층 (천호동)",CGV 천호점,127.14225531407,37.5457145865749,영화관
19,서울특별시 강동구 천호옛길 85 (성내동),롯데시네마 강동점,127.125335580215,37.5366333948264,영화관
20,서울특별시 강북구 도봉로 308 (번동),롯데시네마 수유점,127.02383520999,37.6356640949861,영화관
21,"서울특별시 강북구 도봉로 34, 9층 (미아동, 트레지오빌딩)",CGV 미아점,127.03072164571,37.6120685327599,영화관
22,"서울특별시 강북구 도봉로 399, 8층 (수유동)",CGV 수유점,127.029806166339,37.6424075100379,영화관
23,"서울특별시 강서구 공항대로 247, 4층 (마곡동, 퀸즈파크나인)",메가박스중앙 마곡지점,126.83523920295,37.5593135416408,영화관
24,"서울특별시 강서구 하늘길 38 (방화동, 스카이파크)",롯데시네마 김포공항점,126.802960133589,37.5713695798026,영화관
25,"서울특별시 관악구 남부순환로 1820, 12층 (봉천동, 에그엘로우)",롯데시네마 서울대입구점,126.952083773717,37.4809479979455,영화관
26,"서울특별시 관악구 신림로 330 (신림동,14층)",롯데시네마 신림점,126.930234545397,37.4838513393186,영화관
27,"서울특별시 광진구 광나루로56길 85, 10층 (구의동, 테크노마트)",CGV 강변점,127.095692162256,37.535725176732,영화관
28,서울특별시 광진구 능동로 289 (군자동),메가박스 군자6,127.078344497368,37.5557904109818,영화관
29,"서울특별시 광진구 아차산로 272, 더샵스타시티 (자양동)",롯데시네마 건대입구점,127.072996184863,37.5385582736952,영화관
30,"서울특별시 광진구 아차산로30길 26, 몰오브케이 4층 (자양동)",CGV 건대입구점,127.066887730045,37.5397607621364,영화관
31,서울특별시 구로구 개봉로3길 109  (개봉동),떼아뜨르 이동영화,126.850751731056,37.4856132040052,영화관
32,"서울특별시 구로구 경인로 662 (신도림동, 디큐브시티 제타워동 7~8층 일부)",롯데시네마 신도림점,126.888212953215,37.5081230677129,영화관
33,"서울특별시 구로구 구로중앙로 152 (구로동, 애경백화점 6층)",CGV 구로점,126.882773011925,37.5011601442131,영화관
34,"서울특별시 구로구 새말로 97, 12층 (구로동, 테크노마트 신도림점)",CINE Q 신도림점,126.890227293528,37.5070438414784,영화관
35,"서울특별시 금천구 디지털로10길 9, 현대시티아울렛 가산점 (가산동)",롯데시네마 가산디지털점,126.88905533739,37.4776190161713,영화관
36,서울특별시 금천구 시흥대로 399 (독산동),롯데시네마 독산점,126.897001948519,37.4693591753013,영화관
37,"서울특별시 노원구 노해로 480 (상계동, 조광빌딩)",더숲 아트시네마,127.061435135164,37.6541794204255,영화관
38,서울특별시 노원구 동일로 1414 (상계동),롯데시네마 노원점,127.061391730931,37.6552787315469,영화관
39,"서울특별시 노원구 동일로204가길 12 (중계동, 홈플러스)",CGV 중계점,127.068668049616,37.6398580838556,영화관
40,서울특별시 노원구 섬밭로 258 (중계동),CGV 하계점,127.064915087375,37.6391097783726,영화관
41,서울특별시 도봉구 도봉로 558 (창동),메가박스 창동점,127.038732219793,37.6546022496976,영화관
42,"서울특별시 동대문구 왕산로 214, 8층,9층 (전농동, 청량리민자역사)",롯데시네마 청량리점,127.05114503929,37.584197400389,영화관
43,"서울특별시 동작구 동작대로 89 (사당동,골든씨네마 7층)",메가박스 이수지점,126.981665713772,37.4846140265703,영화관
44,"서울특별시 동작구 시흥대로 606, 지2층 (신대방동, 동작 협성휴포레 시그니처)",롯데시네마 신대방점,126.905526238207,37.4864917793931,영화관
45,"서울특별시 마포구 양화로 130, 라이즈호텔 4층 (서교동)",모노플렉스 앳 라이즈,126.921207395382,37.5543349117636,영화관
46,"서울특별시 마포구 양화로 147, 아일렉스 7층 (동교동)",메가박스중앙 홍대지점,126.922054509333,37.5560502523992,영화관
47,서울특별시 마포구 양화로 153 (동교동),CGV 홍대점,126.922631917858,37.5564943733388,영화관
48,서울특별시 마포구 양화로 176 (동교동),롯데시네마 홍대입구점,126.924986220455,37.5572467836494,영화관
49,"서울특별시 마포구 양화로 186, LC TOWER 7~10층 (동교동)",CGV 연남점,126.92589313527,37.5576684824211,영화관
50,"서울특별시 마포구 양화로 45, 2층 (서교동, 메세나폴리스)",롯데시네마 합정점,126.91395024016,37.5515008030203,영화관
51,"서울특별시 마포구 어울마당로 65, 상상마당빌딩 지하3층, 4층 (서교동)",KT&G 상상마당 cinema,126.921063042067,37.5509576951977,영화관
52,"서울특별시 마포구 월드컵로 240 (성산동,월드컵쇼핑몰내 1층)",메가박스중앙 상암월드컵경기장지점,126.897273034482,37.5682884450841,영화관
53,"서울특별시 서대문구 성산로 527, 하늬솔빌딩 A동 B1층 (대신동)",필름포럼,126.944090214952,37.5637750959193,영화관
54,"서울특별시 서대문구 신촌로 129, 9층 (창천동, 아트레온)",CGV 신촌아트레온점,126.940328119434,37.5565639285478,영화관
55,서울특별시 서대문구 신촌역로 30 (신촌동),메가박스중앙 신촌지점,126.942386979371,37.5598241279561,영화관
56,"서울특별시 서대문구 연희로8길 18, 지하1층동 (연희동)",라이카시네마,126.930936157626,37.5651674709792,영화관
57,"서울특별시 서대문구 이화여대길 52 (대현동,이화캠퍼스복합단지 지하 4,5층)",아트하우스 모모-이화·KB 시네마,126.950288837762,37.5644645178259,영화관
58,"서울특별시 서초구 서초대로77길 3, 아라타워 9층 (서초동)",메가박스중앙 강남점,127.026504807476,37.4980609129976,영화관
59,"서울특별시 서초구 신반포로 176, 센트럴시티 지하1층 (반포동)",메가박스중앙 센트럴 더부티크,127.002413006799,37.5039351769908,영화관
60,"서울특별시 서초구 효령로 391, B2층 (서초동, 서초그랑자이)",CGV Salon 서초점,127.024591003338,37.4893225494193,영화관
61,"서울특별시 성동구 왕십리광장로 17, 왕십리민자역사 5층 (행당동)",CGV 왕십리점,127.038394194396,37.5614417528647,영화관
62,"서울특별시 성동구 왕십리로 50, 메가박스 스퀘어 3층 (성수동1가)",메가박스중앙(주) 성수지점 더부티크 102호,127.044975552245,37.5419000229184,영화관
63,"서울특별시 성북구 동소문로 106, 11층 (동선동1가)","CGV 성신여대입구 2관 02-3415-6781, ",127.017088831326,37.5925747617089,영화관
64,서울특별시 성북구 아리랑로 82 (돈암동),아리랑시네센터(아리랑인디웨이브),127.013893650352,37.6001190917898,영화관
65,"서울특별시 송파구 송파대로 111, 하비오길동 호텔로202동 214호 (문정동, 파크하비오)",메가박스 송파파크하비오점(1관),127.124979804141,37.4796870553794,영화관
66,"서울특별시 송파구 올림픽로 300, 엔터테인먼트동 5~11층 (신천동, 롯데월드몰)",롯데시네마 월드타워점,127.104301829165,37.5137129859207,영화관
67,"서울특별시 송파구 충민로 66 (문정동, 가든파이브라이프영관 10층)",CGV 송파점,127.124961768886,37.4776148442516,영화관
68,"서울특별시 양천구 목동동로 257 (목동,현대백화점 지하2층)",메가박스중앙 더부티크목동현대백화점,126.874619136454,37.5273217750941,영화관
69,"서울특별시 양천구 목동동로 309 (목동,행복한세상백화점 7층)",메가박스중앙 목동지점 COMFORT,126.875984665042,37.5292109947037,영화관
70,"서울특별시 영등포구 경인로 846, A동 7~9층 (영등포동, 롯데백화점 영등포점)",롯데시네마 영등포점,126.907665995469,37.5156680341198,영화관
71,"서울특별시 영등포구 국제금융로 10, B3층 (여의도동, IFC)",CGV 여의도점,126.924876706923,37.5251775245928,영화관
72,"서울특별시 영등포구 영중로 15, 6층 (영등포동4가, 타임스퀘어)",CGV 영등포점,126.903715993779,37.5172332566615,영화관
73,"서울특별시 용산구 한강대로23길 55, 6층 (한강로3가, 현대아이파크몰)",씨지브이 용산아이파크몰,126.964741503485,37.5297718014452,영화관
74,서울특별시 은평구 녹번로 16  (녹번동),이동상영관,126.927901672834,37.6036996869964,영화관
75,"서울특별시 은평구 불광로 20, 13층 (대조동, 팜스퀘어)",CGV 불광점,126.928938477038,37.6097357749976,영화관
76,서울특별시 은평구 통일로 1050 (진관동),롯데시네마 은평점,126.917900261732,37.6375366740938,영화관
77,"서울특별시 종로구 경희궁1가길 7, 2층 (신문로2가, 복합문화공간에무)",에무 시네마,126.969011116977,37.572068922706,영화관
78,"서울특별시 종로구 대명길 28 (명륜2가,3층)",CGV 대학로점,126.999842630109,37.5834579529328,영화관
79,"서울특별시 종로구 돈화문로5가길 1 (돈의동,지하4층)",CGV 피카디리1958,126.991230294263,37.5710275098022,영화관
80,"서울특별시 종로구 삼일대로 428, 4층 (낙원동)",낭만극장,126.987902476529,37.5727635233966,영화관
81,"서울특별시 종로구 새문안로 68, 흥국생명빌딩 지하2층 (신문로1가)",씨네큐브 광화문점,126.972139469043,37.5696425113058,영화관
82,"서울특별시 중구 마른내로 41  (초동,초동빌딩3층)",시네아스트극장,126.992413746356,37.5645459184175,영화관
83,서울특별시 중구 마른내로 47  (초동),명보아트홀,126.993214191194,37.5647056236712,영화관
84,"서울특별시 중구 명동8나길 15  (충무로1가,캣츠빌딩)",씨큐엔(CQN) 명동,126.984115903127,37.5612633940942,영화관
85,"서울특별시 중구 명동길 14 (명동2가,아바타빌딩 8층)",CGV 명동점,126.98288772495,37.5634116488196,영화관
86,"서울특별시 중구 새문안로 22 (충정로1가, 문화일보)",청춘극장,126.968644839862,37.5671292085624,영화관
87,"서울특별시 중구 장충단로 247 (을지로6가,굿모닝시티)",지원엠엠시네마 동대문지점,127.007358177138,37.5668021171335,영화관
88,"서울특별시 중구 장충단로13길 20, 현대시티타워 10층 (을지로6가)",CGV 동대문,127.007666479829,37.568734553218,영화관
89,"서울특별시 중구 정동길 3, 경향신문사 2층 (정동)",서울아트시네마,126.969976113229,37.5681732680976,영화관
90,"서울특별시 중구 청파로 426 (봉래동2가,서울역)",KTX시네마,126.969512319976,37.5574468761736,영화관
91,서울특별시 중구 퇴계로 123  (충무로2가),인사이드시네마,126.985364301804,37.5612658980395,영화관
92,서울특별시 중구 퇴계로 123 (충무로2가),CGV 명동역 씨네라이브러리,126.985364301804,37.5612658980395,영화관
93,서울특별시 중구 퇴계로 211-5  (충무로4가),극동극장,126.995026731814,37.561929293405,영화관
94,서울특별시 중랑구 동일로 951 (묵동),롯데시네마 중랑점,127.076057076024,37.6151499459916,영화관
95,서울특별시 중랑구 망우로30길 3 (상봉동),메가박스중앙 상봉지점,127.0747508051,37.5930806702101,영화관
96,"서울특별시 중랑구 상봉로 131, 지하1,2층 (상봉동, 상봉듀오트리스주상복합)",CGV 상봉점,127.092177640813,37.5974066200134,영화관
97,서울특별시 종로구 대명길 9 (명륜4가),프리미엄pc방,127.000958936342,37.583376138945,PC방
98,"서울특별시 종로구 수표로 105, 2층 (종로2가, 육의전빌딩)",레벨업 PC방,126.989152966372,37.5705989139519,PC방
99,"서울특별시 종로구 성균관로 12, 유니지오 203.204호 (명륜2가)",레벨업 PC cafe,126.998153324962,37.583982677102,PC방
100,서울특별시 종로구 종로66길 13 (숭인동),사이버존PC방,127.022023632788,37.5742326927433,PC방
101,"서울특별시 종로구 우정국로2길 21, 대왕빌딩 지하1층 (관철동)",옵티멈존 PC카페 종각역점,126.984281413033,37.5697034972222,PC방
102,"서울특별시 종로구 종로 325, 글라스타워 지하1층 (창신동)",BONE pc방,127.013713331944,37.572752624919,PC방
103,"서울특별시 종로구 난계로29길 55, 숭인동 청년주택 2층 (숭인동)",신설PC,127.020174307033,37.5735851179002,PC방
104,"서울특별시 종로구 종로 191, 2층 (종로4가)",행운PC,126.999002281266,37.5711020733218,PC방
105,"서울특별시 종로구 진흥로 456, 2층 (구기동)",덤프pc,126.958441783525,37.6068720018317,PC방
106,"서울특별시 종로구 돈화문로11길 23, 지하1층 (돈의동)",탑 플레이스,126.990100870009,37.5723246733308,PC방
107,"서울특별시 종로구 종로 66, 대한성서공회 종로회관 3층 (종로2가)",포탈 스페이스,126.984705397841,37.5699156472384,PC방
108,"서울특별시 종로구 종로14길 19, 예지빌딩 4층 (관철동)",옵티멈존PC카페 종각2호점,126.987054345753,37.5690689023223,PC방
109,"서울특별시 종로구 삼일대로17길 19, 원산빌딩 2층 (관철동)",아이센스리그PC 종각점,126.986332282651,37.5690623337682,PC방
110,"서울특별시 종로구 종로 308-1, 3층 (창신동)",우림게임장 PC,127.012048006993,37.5717611714478,PC방
111,서울특별시 종로구 창신길 49 (창신동),프렌즈PC방,127.010446207148,37.5738518126169,PC방
112,"서울특별시 종로구 자하문로2길 4 (적선동, 경복빌딩)",제노PC방,126.972859321085,37.576377886406,PC방
113,"서울특별시 종로구 성균관로 58, 청암빌딩 지하1층 (명륜1가)",에이플 PC CAFE,126.996872117628,37.5878579110221,PC방
114,"서울특별시 종로구 창경궁로 236 (명륜4가, 이화빌딩)",스틸시리즈 PC방(steelseries PC),126.998834230134,37.5826436294265,PC방
115,"서울특별시 종로구 진흥로 461, 지하1층 (구기동)",욜로PC,126.959553747038,37.6069647396025,PC방
116,"서울특별시 종로구 종로 383, 2층 (숭인동)",장동민의 옹PC,127.019838583294,37.5745510412021,PC방
117,"서울특별시 종로구 종로66길 13, 2층 (숭인동)",피시스토리,127.022023632788,37.5742326927433,PC방
118,서울특별시 종로구 통일로 252 (무악동),도깨비 pc방,126.957832225139,37.5748334953191,PC방
119,"서울특별시 종로구 종로 335, 지하1층 (창신동)",잇츠PC,127.0148243418,37.5731036083714,PC방
120,"서울특별시 종로구 창경궁로 234, 동화빌딩 (명륜4가)",ESC PC,126.998527082015,37.5824983858422,PC방
121,"서울특별시 중구 장충단로13길 7, 3층 (을지로6가)",긱스타PC카페,127.008181175525,37.5677456759075,PC방
122,"서울특별시 중구 다산로36길 53, 지하1층 (신당동)",제로백 신당점 주식회사,127.017847531193,37.5615295383478,PC방
123,"서울특별시 중구 마장로 99, 2층 (황학동)",메가PC,127.020843801082,37.5683927461518,PC방
124,"서울특별시 중구 마른내로2길 15-9, 1층 (초동)",판도라PC,126.992617007276,37.5636335824284,PC방
125,"서울특별시 중구 난계로 185, 2층 (황학동)",3POP 플러스 PC CAFE,127.023246616858,37.5682512916508,PC방
126,"서울특별시 중구 동호로 196 (신당동,지층)",THE REDS PC방,127.010372365931,37.5556464697381,PC방
127,"서울특별시 중구 다산로 156 (신당동,지상 3층)",W 피씨방,127.012459378311,37.557547102304,PC방
128,서울특별시 중구 퇴계로 42-2 (남창동),남문PC,126.977653922122,37.5577156632633,PC방
129,"서울특별시 중구 중림로 10, 3층 302호 (중림동, 중림동 삼성 사이버 빌리지)",3POP PC방,126.964320892997,37.5589266608979,PC방
130,"서울특별시 중구 다산로44길 53, 삼원상가 지하1층 (신당동)",탑클래스 PC방,127.019933228916,37.5652386068881,PC방
131,서울특별시 중구 남대문로 8-4 (남대문로4가),남문 피씨,126.976849394699,37.5604922911168,PC방
132,"서울특별시 중구 다산로 112, 담스빌딩 지하1층 (신당동)",콤마PC카페약수점,127.010377766718,37.5537867198009,PC방
133,"서울특별시 중구 다산로44길 16, 1층 (신당동)",둥이PC방,127.017855686798,37.564876288419,PC방
134,"서울특별시 중구 서애로1길 11, 지하층 B201호 (충무로5가)",E-SPOrtS Arena,126.998598237823,37.561326262637,PC방
135,"서울특별시 중구 다산로42길 17, 신당밧데리 (신당동)",놀이터 PC,127.017248085681,37.5648330408316,PC방
136,"서울특별시 중구 퇴계로 216, 행복빌딩 지하층 (충무로4가)",GEEK STAR PC CAFE (긱스타 피시 카페),126.995801162333,37.5613712461329,PC방
137,"서울특별시 중구 다산로 132, 우봉빌딩 3층 (신당동)",1프로 pc 아레나,127.01138242008,37.5555099656473,PC방
138,"서울특별시 중구 동호로7길 45 (신당동,2층)",PC토랑,127.010889689197,37.5518020452993,PC방
139,"서울특별시 중구 퇴계로86길 70 (신당동,지상 2층)",HARU PC,127.018696899098,37.5626194326071,PC방
140,"서울특별시 중구 다산로 222, 3층 (신당동)",긱스타PC,127.015591399432,37.5628525208577,PC방
141,"서울특별시 중구 다산로42길 3 (신당동,지상 2층)",액션pc방,127.016545009327,37.5650353249966,PC방
142,서울특별시 중구 다산로29길 51  (신당동),바이러스피시방,127.011408629616,37.5618844278084,PC방
143,서울특별시 중구 충무로4길 2  (초동),pc하우스,126.992993567185,37.5649387886034,PC방
144,서울특별시 중구 다산로 222  (신당동),사이버리아신당2점,127.015591399432,37.5628525208577,PC방
145,"서울특별시 용산구 한강대로77길 11, 2층 (갈월동)",제노PC방(갈월점),126.972130856033,37.5417114040155,PC방
146,"서울특별시 용산구 이태원로 180, 스카이하이 지하1층 (이태원동)",아이뎁스PC,126.994224816687,37.5342217426698,PC방
147,"서울특별시 용산구 녹사평대로 240, 1층 (이태원동)",리얼PC방,126.98763333746,37.5389065292265,PC방
148,"서울특별시 용산구 이촌로 290, 지하층 (이촌동, 전보상가)",포그네PC방,126.978884210078,37.5181933311082,PC방
149,"서울특별시 용산구 보광로 40, 2층 (보광동)",엔탑PC방,126.999577904884,37.528013623307,PC방
150,"서울특별시 용산구 청파로47길 52, 지층 102호 (청파동2가, 명신프라자)",놀숲PC,126.967646680698,37.5449725093355,PC방
151,"서울특별시 용산구 효창원로37길 29, 2층 (용문동)",3POP PC방,126.95877718467,37.5381606210203,PC방
152,"서울특별시 용산구 청파로47길 66, 중하빌딩 (청파동2가)",PC CLUB 블랙,126.966770459878,37.545067501628,PC방
153,"서울특별시 용산구 대사관로 72, 제일빌딩 지하1층 (한남동)",덤프,127.005947068599,37.5330952126175,PC방
154,"서울특별시 용산구 후암로28길 38, 101호/109호 (후암동, 남산리치빌)",3POP,126.979266187454,37.5493219003255,PC방
155,서울특별시 용산구 한강대로21나길 40 (한강로3가),드래곤힐스pc방,126.964227468456,37.5282491342856,PC방
156,"서울특별시 용산구 후암로 46 (후암동, 제일은행)",액션,126.977586978891,37.5499660777672,PC방
157,"서울특별시 용산구 한강대로 297 (갈월동, 우신빌딩)",어메이징파크pc방,126.971683656137,37.5447583877858,PC방
158,"서울특별시 용산구 한강대로 363-1, 2층 (동자동)",동자pc방,126.971797580425,37.5508319577772,PC방
159,"서울특별시 용산구 보광로 46, 지층 1,2호 (보광동)",3POP PC방,126.99921497434,37.5283391534087,PC방
160,"서울특별시 성동구 용답19길 17-1, 새마을금고 지하1층 (용답동)",탑클래스PC 용답점,127.052481864068,37.5638156826095,PC방
161,"서울특별시 성동구 광나루로 337, 2층 (송정동)",행운 PC,127.067234924413,37.5485118802394,PC방
162,"서울특별시 성동구 금호로 86, 금호연풍교회 2층 나호 (금호동1가)",1프로PC아레나,127.025769360191,37.5512121044209,PC방
163,"서울특별시 성동구 천호대로 400, 지1층 B112호 (용답동, 신창비바패밀리)",장한평PC방,127.063321479459,37.5612964964549,PC방
164,"서울특별시 성동구 행당로17길 27, 2층 (행당동, 에뜨롬행당)",레드포스 PC 아레나 왕십리점,127.032586553151,37.5606049409487,PC방
165,서울특별시 성동구 금호산길 71  (금호동2가),검프인터넷게임방,127.019601957921,37.5545554514075,PC방
166,서울특별시 성동구 상원길 58 (성수동1가),프리미엄 본스 PC방,127.048207218373,37.5491362031845,PC방
167,"서울특별시 성동구 마조로3가길 15, 지하 1층 (행당동)",도깨비PC방Ⅱ,127.03989916258,37.55928471794,PC방
168,"서울특별시 성동구 용답15길 14 (용답동, 삼도빌딩)",코아인PC방,127.051947277565,37.5642917351454,PC방
169,"서울특별시 성동구 성덕정길 58, 동현빌딩 (성수동1가)",인디고PC방,127.04983797524,37.5380170136893,PC방
170,서울특별시 성동구 상원길 50 (성수동1가),지투존 PC방(뚝섬역점),127.048435238491,37.5484290061859,PC방
171,서울특별시 성동구 사근동길 52  (사근동),인터뱅크,127.046514947844,37.5607588505651,PC방
172,"서울특별시 성동구 무학봉28길 1, B1층 (하왕십리동)",앤탑 PC,127.032382076511,37.5625318686893,PC방
173,"서울특별시 성동구 마장로 201, 2층 (홍익동)",스타 PC방,127.032188966313,37.5666985784504,PC방
174,"서울특별시 성동구 사근동8길 11, 2층 (사근동)",秀(수)PC방,127.046826592712,37.5601257771204,PC방
175,서울특별시 성동구 왕십리로 236-1 (행당동),아이닉스 PC,127.041298107188,37.5579403096281,PC방
176,서울특별시 성동구 행당로 1 (금호동1가),긱스타 Cafe pc방,127.020335835064,37.5548124720494,PC방
177,"서울특별시 성동구 장터길 34, 남지빌딩 B01층 (금호동4가)",래드포스PC,127.019612621523,37.5481743997868,PC방
178,"서울특별시 성동구 아차산로7길 8, 2층 (성수동2가)",앤탑PC방,127.054482141376,37.5458574431701,PC방
179,"서울특별시 성동구 마조로 17, B1층 (행당동, 한양시장)",비원(BONE) PC,127.040469845279,37.5595557237992,PC방
180,서울특별시 성동구 동일로 187 (송정동),맞짱PC,127.067435713733,37.548931360746,PC방
181,서울특별시 성동구 성덕정길 84 (성수동2가),N JOY PC방,127.052762758573,37.5377619313618,PC방
182,서울특별시 성동구 성수일로12길 15  (성수동2가),올넷(ALL NET),127.052938959553,37.5486887229106,PC방
183,서울특별시 성동구 행당로15길 21 (행당동),원게임 PC방,127.031074791355,37.5597847205551,PC방
184,"서울특별시 성동구 고산자로 234, 지하1층 (행당동)",이스포츠센터,127.03526540093,37.5605265052689,PC방
185,"서울특별시 성동구 성덕정길 86, 2층 (성수동2가)",2RANG PC,127.053043206878,37.5377024298091,PC방
186,서울특별시 성동구 성덕정19길 1 (성수동2가),거북선PC방,127.055463400818,37.5373831747349,PC방
187,"서울특별시 성동구 난계로 32, 2층 (금호동1가)",쓰리팝 PC,127.025029317419,37.5551410652603,PC방
188,"서울특별시 성동구 마장로 137, 2층 2136호, 2137호 (상왕십리동, 텐즈힐)",W PC,127.025053595952,37.5678250213489,PC방
189,"서울특별시 성동구 금호로 86  (금호동1가,가동3층)",듀얼인터넷pc방,127.025769360191,37.5512121044209,PC방
190,서울특별시 성동구 왕십리로21길 14  (행당동),멀티PC게임방,127.032864490866,37.5612978205226,PC방
191,"서울특별시 성동구 마조로 9, 지하1층 (행당동)",G PLUS PC방,127.040554610589,37.5587090278115,PC방
192,"서울특별시 성동구 아차산로 91, 현진빌딩 4층 (성수동2가)",WEST PC방,127.054482759879,37.545307923565,PC방
193,서울특별시 성동구 독서당로39길 43-1  (옥수동),사이버넷,127.010937661597,37.5408854464724,PC방
194,"서울특별시 성동구 왕십리로 333, 유성빌딩 지하1층 (하왕십리동)",텐즈PC (TENZ PC),127.032571064368,37.562723999259,PC방
195,서울특별시 종로구 대명길 9 (명륜4가),프리미엄pc방,127.000958936342,37.583376138945,PC방
196,"서울특별시 종로구 수표로 105, 2층 (종로2가, 육의전빌딩)",레벨업 PC방,126.989152966372,37.5705989139519,PC방
197,"서울특별시 종로구 성균관로 12, 유니지오 203.204호 (명륜2가)",레벨업 PC cafe,126.998153324962,37.583982677102,PC방
198,서울특별시 종로구 종로66길 13 (숭인동),사이버존PC방,127.022023632788,37.5742326927433,PC방
199,"서울특별시 종로구 우정국로2길 21, 대왕빌딩 지하1층 (관철동)",옵티멈존 PC카페 종각역점,126.984281413033,37.5697034972222,PC방
200,"서울특별시 종로구 종로 325, 글라스타워 지하1층 (창신동)",BONE pc방,127.013713331944,37.572752624919,PC방
201,"서울특별시 종로구 난계로29길 55, 숭인동 청년주택 2층 (숭인동)",신설PC,127.020174307033,37.5735851179002,PC방
202,"서울특별시 종로구 종로 191, 2층 (종로4가)",행운PC,126.999002281266,37.5711020733218,PC방
203,"서울특별시 종로구 진흥로 456, 2층 (구기동)",덤프pc,126.958441783525,37.6068720018317,PC방
204,"서울특별시 종로구 돈화문로11길 23, 지하1층 (돈의동)",탑 플레이스,126.990100870009,37.5723246733308,PC방
205,서울특별시 성동구 마장로 283 (마장동),블랙홀PC방,127.041429927751,37.5656518033574,PC방
206,"서울특별시 종로구 종로 66, 대한성서공회 종로회관 3층 (종로2가)",포탈 스페이스,126.984705397841,37.5699156472384,PC방
207,"서울특별시 종로구 종로14길 19, 예지빌딩 4층 (관철동)",옵티멈존PC카페 종각2호점,126.987054345753,37.5690689023223,PC방
208,"서울특별시 종로구 삼일대로17길 19, 원산빌딩 2층 (관철동)",아이센스리그PC 종각점,126.986332282651,37.5690623337682,PC방
209,"서울특별시 종로구 종로 308-1, 3층 (창신동)",우림게임장 PC,127.012048006993,37.5717611714478,PC방
210,서울특별시 종로구 창신길 49 (창신동),프렌즈PC방,127.010446207148,37.5738518126169,PC방
211,"서울특별시 종로구 자하문로2길 4 (적선동, 경복빌딩)",제노PC방,126.972859321085,37.576377886406,PC방
212,"서울특별시 종로구 성균관로 58, 청암빌딩 지하1층 (명륜1가)",에이플 PC CAFE,126.996872117628,37.5878579110221,PC방
213,"서울특별시 종로구 창경궁로 236 (명륜4가, 이화빌딩)",스틸시리즈 PC방(steelseries PC),126.998834230134,37.5826436294265,PC방
214,"서울특별시 종로구 진흥로 461, 지하1층 (구기동)",욜로PC,126.959553747038,37.6069647396025,PC방
215,"서울특별시 종로구 종로 383, 2층 (숭인동)",장동민의 옹PC,127.019838583294,37.5745510412021,PC방
216,"서울특별시 종로구 종로66길 13, 2층 (숭인동)",피시스토리,127.022023632788,37.5742326927433,PC방
217,서울특별시 종로구 통일로 252 (무악동),도깨비 pc방,126.957832225139,37.5748334953191,PC방
218,"서울특별시 종로구 종로 335, 지하1층 (창신동)",잇츠PC,127.0148243418,37.5731036083714,PC방
219,"서울특별시 종로구 창경궁로 234, 동화빌딩 (명륜4가)",ESC PC,126.998527082015,37.5824983858422,PC방
220,서울특별시 성동구 마조로5길 3-3  (행당동),CYBER ZONE,127.040672881648,37.5597496386723,PC방
221,서울특별시 성동구 왕십리로 284  (행당동),단비넷PC방,127.036904798892,37.5597786273063,PC방
222,"서울특별시 성동구 천호대로 304  (용답동,4층)",테크노pc방,127.054020786993,37.5654468726963,PC방
223,서울특별시 성동구 무학봉길 50 (하왕십리동),힘쎈수달 PC방,127.028286038522,37.5603842241488,PC방
224,"서울특별시 성동구 마조로 11, 지하1층 (행당동)",3POP PC2(쓰리팝 PC2),127.040664404256,37.5589370324066,PC방
225,서울특별시 성동구 성덕정17길 12  (성수동2가),사이버피시방,127.055339295186,37.5383228860946,PC방
226,서울특별시 성동구 아차산로 93  (성수동2가),인터뱅크,127.05468798751,37.5452517865527,PC방
227,서울특별시 성동구 마조로1가길 4 (행당동),도깨비 PC방,127.039581541457,37.5602780838591,PC방
228,서울특별시 성동구 장터길 19 (금호동3가),인디고PC방 금호본점,127.018033514449,37.5484801801775,PC방
229,"서울특별시 성동구 마조로5길 7, 지하1층 (행당동)",TEN PC방,127.040381543832,37.5599355242388,PC방
230,서울특별시 성동구 성덕정길 84  (성수동2가),N-JOY,127.052762758573,37.5377619313618,PC방
231,"서울특별시 성동구 마조로 17 (행당동, 한양시장)",본스PC방 (BONS PC),127.040469845279,37.5595557237992,PC방
232,"서울특별시 성동구 왕십리로24길 27, 2층 (도선동)",형네 PC방,127.034286098898,37.5648418461351,PC방
233,"서울특별시 성동구 천호대로 312, 2층 (용답동, 태광빌딩)",하투PC,127.054560923079,37.5649822509522,PC방
234,"서울특별시 성동구 독서당로 329, 2층 (금호동3가)",시티 PC,127.025502304004,37.5482750875088,PC방
235,"서울특별시 성동구 마조로 7, 지하1층 (행당동)",레벨업(LEVEL UP)PC CAFE,127.040443630196,37.5585875213707,PC방
236,"서울특별시 광진구 능동로 373, 3층 (중곡동)",루미너스PC방,127.082267149875,37.5627301037268,PC방
237,서울특별시 광진구 광나루로 392 (화양동),넥스트PC카페,127.073123076689,37.547301943571,PC방
238,"서울특별시 광진구 면목로 195, 진웅빌딩 (중곡동)",두꺼비 PC,127.083087020661,37.5705440453956,PC방
239,"서울특별시 광진구 광나루로 382, 지하1,2층 (화양동, 아스하임)",G PRO PC&CAFE,127.072065060154,37.5474599984908,PC방
240,"서울특별시 광진구 긴고랑로 17-1, 1층 (중곡동)",팝콘PC,127.078419008082,37.5638221169316,PC방
241,"서울특별시 광진구 아차산로 353, 금강태극빌 2층 (자양동)",구의 PC,127.08209431704,37.5372444977042,PC방
242,"서울특별시 광진구 용마산로 52, 2층 201호 (중곡동)",아지트PC,127.088006200556,37.5583365801856,PC방
243,"서울특별시 광진구 긴고랑로 95, 1층 (중곡동)",놀이터 PC,127.086247142946,37.5603553001425,PC방
244,"서울특별시 광진구 긴고랑로 31, 지하층 (중곡동)",노라조PC,127.08002793085,37.5632779168085,PC방
245,"서울특별시 광진구 아차산로 220, 지하1층 (자양동)",메가 PC방,127.067657144585,37.5406341134418,PC방
246,"서울특별시 광진구 광나루로 375-1, 2층 (군자동)",앤유PC 세종대점,127.071743335135,37.5481605406369,PC방
247,"서울특별시 광진구 능동로 314, 공영빌딩 지하1층 (중곡동)",레벨업 PC CAFE,127.080039873331,37.5576188388403,PC방
248,"서울특별시 광진구 아차산로 360, 201호 (자양동)",라이온 PC,127.082634313783,37.5364830461728,PC방
249,"서울특별시 광진구 뚝섬로52길 7, 그랜드 아파트 지하1층 (자양동, 그랜드 아파트)",맥PC카페 자양점,127.079629698305,37.531532669959,PC방
250,"서울특별시 광진구 자양로13길 8 (자양동, 아스하임)",놀이터PC,127.083208933655,37.535732559894,PC방
251,"서울특별시 광진구 용마산로 16, 창성빌딩 (중곡동)",모아 PC,127.088619127555,37.5550506355341,PC방
252,"서울특별시 광진구 군자로 43, 아스하임 지하1층 (화양동)",비원 PC방,127.070101890144,37.5471665537169,PC방
253,"서울특별시 광진구 천호대로129길 29, 2층 (중곡동)",1%PC아레나,127.091123493697,37.5531645632465,PC방
254,"서울특별시 광진구 뚝섬로24길 3, 지하층 (자양동)",제우스 PC,127.06377699944,37.5362819194909,PC방
255,"서울특별시 광진구 아차산로 229 (화양동, 지하1층)",포포PC방 건대점,127.068990676571,37.540809126931,PC방
256,"서울특별시 광진구 능동로37길 6, 지하1층 (중곡동)",세븐PC,127.079576569907,37.558190113832,PC방
257,"서울특별시 광진구 자양로22길 24, 천서빌딩 (구의동)",콤마 PC CAFE,127.084750927093,37.5394964725263,PC방
258,"서울특별시 광진구 능동로 290, 삼일빌딩 (능동)",쿤자PC방,127.078979184085,37.5555832993412,PC방
259,"서울특별시 광진구 동일로 88, 1층 (자양동)",건대PC,127.063308331095,37.5404019046121,PC방
260,"서울특별시 광진구 군자로 144, 지층 (군자동)",옥스피시방 세종대점,127.075438283864,37.5543089012887,PC방
261,"서울특별시 광진구 강변역로4길 10, 강변역지너스타워 지하1층 7,8호 (구의동)",맥스피드 PC 동서울터미널점,127.093405063055,37.5353492183772,PC방
262,"서울특별시 광진구 아차산로 244, 지하1층 (자양동)",5번 출구 피씨방,127.070200722719,37.5397305477366,PC방
263,"서울특별시 광진구 동일로38길 3 (군자동,지하1층)",클릭넷(군자),127.069717899651,37.5516234795333,PC방
264,"서울특별시 광진구 아차산로 377, 지하1층 (구의동)",에코스PC방 구의점,127.084759909345,37.537235766975,PC방
265,"서울특별시 광진구 뚝섬로 613, 우양빌딩 지하1층 (자양동)",맵스 PC방,127.077942462278,37.532708250351,PC방
266,"서울특별시 광진구 아차산로 241, 연한빌딩 b1층 (화양동)",비원 건대2호점,127.070150304742,37.5405050771385,PC방
267,"서울특별시 광진구 아차산로51길 62, 2층 (구의동)",아이넷 폴리스,127.085021066015,37.5397413502913,PC방
268,"서울특별시 광진구 구의로 6, 신호빌딩 지하1층 (구의동)",엔탑 PC방,127.089346755579,37.5384927045864,PC방
269,"서울특별시 광진구 광나루로 614, 만택빌딩 지하1층 (구의동)",PPL PC방,127.09583385236,37.5407914746361,PC방
270,"서울특별시 광진구 자양로15길 18, 혜성빌딩 지하1층 (자양동)",비원PC방,127.082545105767,37.535821774302,PC방
271,"서울특별시 광진구 뚝섬로 503, 선덕빌딩 지하1층 (자양동)",RUNPC,127.066021835302,37.5360837271218,PC방
272,서울특별시 광진구 능동로16길 60 (화양동),제노 PC ZONE,127.076295470745,37.5452297113773,PC방
273,"서울특별시 광진구 긴고랑로 17, 1층 (중곡동)",노다지pc,127.078419008082,37.5638221169316,PC방
274,서울특별시 광진구 용마산로 58 (중곡동),제노PC방,127.088006320923,37.5588238392141,PC방
275,서울특별시 광진구 면목로 203 (중곡동),아레나피씨,127.083229831295,37.5712175286905,PC방
276,"서울특별시 광진구 답십리로 368, 1층 (중곡동)",레이s PC,127.08127497176,37.5714772960538,PC방
277,"서울특별시 광진구 자양번영로 20, 자양빌딩 2층 (자양동)",제트4PC방,127.075360551131,37.5313918517588,PC방
278,서울특별시 광진구 자양로13길 99 (자양동),오엑스피씨방 자양동점,127.080127422591,37.53262182371,PC방
279,"서울특별시 광진구 능동로 372, 지하1층 (중곡동)",나인 PC방,127.082657634876,37.5624218704524,PC방
280,"서울특별시 광진구 아차산로29길 41, 화양동동 지하1층 (화양동)",PPL PC방,127.068894797657,37.542733357585,PC방
281,"서울특별시 광진구 아차산로 288, 지층 (자양동, 대흥빌딩)",쓰리팝PC방,127.074910816116,37.5383893084634,PC방
282,"서울특별시 광진구 자양로 278, 대운빌딩 지하2층 (구의동)",제로백PC 아차산역점,127.091469948053,37.5506056415504,PC방
283,"서울특별시 광진구 천호대로 635, 백철빌딩 (중곡동)",아차산PC,127.088333259008,37.554096693392,PC방
284,"서울특별시 광진구 구의로 4, 2층 (구의동)",리그 PC 카페,127.089289559874,37.538350750252,PC방
285,"서울특별시 광진구 군자로 141, 2층 (군자동)",엔탑 PC방,127.074826250644,37.5543077590397,PC방
286,"서울특별시 광진구 용마산로 40, 3층 (중곡동)",3 pop PC방,127.088249060157,37.5571682562834,PC방
287,"서울특별시 광진구 면목로 161, 중곡빌딩 (중곡동)",팽PC카페 중곡점,127.082032319458,37.5677094408244,PC방
288,"서울특별시 광진구 아차산로 471, CS PLAZA 지하1층 (구의동)",제로백 PC방 구의점,127.093974084703,37.5404187841405,PC방
289,"서울특별시 광진구 뚝섬로59길 81-15, 1층 (자양동)",스마일PC,127.082356422124,37.5349321680697,PC방
290,"서울특별시 광진구 아차산로51길 42, 노블스타 2층 (구의동)",마카오PC,127.085124386664,37.5388588365985,PC방
291,"서울특별시 광진구 광나루로56길 63, 프라임프라자 4층 410, 411호 (구의동)",사이버리아PC방,127.096160584389,37.5367887874337,PC방
292,서울특별시 광진구 긴고랑로 48 (중곡동),제일pc방,127.081435690098,37.5624111868636,PC방
293,"서울특별시 광진구 답십리로 366, 1층 (중곡동)",마카오PC,127.081044868195,37.571502321705,PC방
294,"서울특별시 광진구 영화사로 18, 2층 (중곡동)",물라PC,127.089257377181,37.5575751995081,PC방
295,"서울특별시 광진구 면목로 99, 201호 (중곡동)",모아PC,127.079285001631,37.5625475298728,PC방
296,"서울특별시 광진구 자양로 277, 지층 (구의동)",TEN PC,127.091104212028,37.5508051349791,PC방
297,"서울특별시 광진구 면목로 181, 1층 (중곡동)",브라보 PC방,127.082893808964,37.5693311714022,PC방
298,"서울특별시 광진구 동일로20길 109, 2층 (자양동)",주식회사 나니아(나니아 플스방),127.069481347109,37.5397622378886,PC방
299,서울특별시 도봉구 덕릉로 227 (창동),수작PC,127.037640485246,37.6384863481039,PC방
300,"서울특별시 동대문구 이문로 114, 한국외국어대학교 글로벌홀 지하1층 (이문동)",VRIZ PC CAFE,127.060682416152,37.5967350539561,PC방
301,"서울특별시 동대문구 사가정로25길 50, 2층 (장안동)",해피PC 장안점,127.071105631227,37.5809919617201,PC방
302,"서울특별시 동대문구 서울시립대로 147, 우성빌딩 2층 (전농동)",스토리피씨랩 서울시립대점,127.05314807526,37.5832465983676,PC방
303,"서울특별시 동대문구 약령시로 113, 2층 (제기동)",FOX PC,127.042714806622,37.5832203812477,PC방
304,"서울특별시 동대문구 답십리로63길 131, 3층 (장안동)",아레스PC,127.069336090359,37.5785099656673,PC방
305,"서울특별시 동대문구 장한로21길 9, 2층 202호 (장안동)",세븐 PC,127.06947124402,37.5699615197474,PC방
306,"서울특별시 동대문구 답십리로 267, 지하2층 (장안동)",N-top PC,127.070072727815,37.5727019911814,PC방
307,"서울특별시 동대문구 전농로 94, 3층 (답십리동)",행운피씨방,127.057770923489,37.5731833863445,PC방
308,"서울특별시 동대문구 휘경로 9, 3층 (이문동)",아이센스리그PC 외대점,127.061416705231,37.5961287575383,PC방
309,"서울특별시 동대문구 한천로 184, 2층 (장안동)",전곡PC랜드,127.068209922307,37.5772990550675,PC방
310,"서울특별시 동대문구 전농로 94, 1층 4호 (답십리동)",에스PC,127.057770923489,37.5731833863445,PC방
311,"서울특별시 동대문구 왕산로 106, 지층 (용두동)",PC월드,127.035140711929,37.5779517051493,PC방
312,"서울특별시 동대문구 약령시로 117, 1층 (제기동)",로또PC,127.042964559182,37.5832193896148,PC방
313,"서울특별시 동대문구 고산자로 482, 1층 (제기동)",모두의게임 PC방,127.038824069558,37.5826101307154,PC방
314,"서울특별시 동대문구 장한로21길 11-11, 황금오피스텔 101호 (장안동)",바닐라PC,127.069168834913,37.5694021792349,PC방
315,"서울특별시 동대문구 왕산로35길 51, 1층 (제기동)",골프PC,127.042749992067,37.5819895213922,PC방
316,"서울특별시 동대문구 천호대로 10, 지층 (신설동)",E-SPORTS ARENA,127.024462837927,37.5747206417233,PC방
317,"서울특별시 동대문구 이문로 89, 지하1층 (이문동, 세진빌딩)",제너스PC 외대점,127.059005156761,37.5950014960546,PC방
318,"서울특별시 동대문구 전농로 94, 2층 (답십리동)",세븐티PC방,127.057770923489,37.5731833863445,PC방
319,"서울특별시 동대문구 서울시립대로 164, 도석프라자 5층 (전농동)",제닉스아레나PC방,127.054836496632,37.5833009668774,PC방
320,"서울특별시 동대문구 천장산로7길 8, 지층 (이문동)",리얼PC,127.057384751368,37.5986382449798,PC방
321,"서울특별시 동대문구 사가정로25길 34, 2층 (장안동)",수PC방,127.070855297485,37.580251945991,PC방
322,"서울특별시 동대문구 천장산로7길 19, 지상2층 (이문동)",3POP PC방,127.056800748936,37.5983004756761,PC방
323,"서울특별시 동대문구 전농로 209, 지하1층 (전농동)",리얼PC,127.05374161725,37.5828670114488,PC방
324,"서울특별시 동대문구 장한로 105, 2층 (장안동, 장안NEWCITY)",I AM PC,127.069955043285,37.5700853011061,PC방
325,"서울특별시 동대문구 전농로 116, 2층 (답십리동)",라이또PC방(답십리점),127.057828649691,37.5752252822718,PC방
326,"서울특별시 동대문구 경희대로1길 10, 지하1층 (회기동)",EXIT PC CAFE,127.051674744477,37.5918420916189,PC방
327,"서울특별시 동대문구 천호대로 307, 지하1층 (답십리동, 클래식타워)",명성PC,127.054762202414,37.5657983700541,PC방
328,"서울특별시 동대문구 홍릉로 39-3, 1층 (청량리동)",황금PC,127.043712523291,37.5837149316125,PC방
329,"서울특별시 동대문구 이문로 22, B1층 (휘경동)",레드포스PC 아레나(회기점),127.055622225035,37.5895567328256,PC방
330,"서울특별시 동대문구 사가정로 109, B1층 (전농동)",3POP PC방,127.05690690955,37.5772564813608,PC방
331,"서울특별시 동대문구 장한로 3, 지하1층 (장안동)",스페셜알파PC방,127.064573772246,37.5621355469546,PC방
332,"서울특별시 동대문구 장한로21길 16, 2층 (장안동)",놀이터PC방,127.069311646966,37.5702147932163,PC방
333,"서울특별시 동대문구 왕산로 266, 1층 (전농동)",바닐라PC,127.050607886698,37.5842880916168,PC방
334,"서울특별시 동대문구 한천로24길 74-1, 진성빌딩 4층 (장안동)",아이센스리그PC방 장한평점,127.068801079207,37.5688010698052,PC방
335,"서울특별시 동대문구 장한로23길 11-8, 1층 (장안동)",장안PC,127.069479588181,37.5706578940268,PC방
336,"서울특별시 동대문구 망우로 120, 2층 (휘경동)",오성PC,127.066514951441,37.5911188235532,PC방
337,"서울특별시 동대문구 서울시립대로 58, 욱영58 지1층 B101호 (전농동)",오엑스피씨 시립대로점,127.048084799363,37.5762940881291,PC방
338,"서울특별시 동대문구 전농로 75, 3층 (답십리동)",볼트PC,127.057066968632,37.5716000499341,PC방
339,"서울특별시 동대문구 전농로 222, 3층 (전농동)",RED FORCE PC ARENA(시립대점),127.053599055745,37.5839388978562,PC방
340,"서울특별시 동대문구 한천로 55, 영진빌딩 지하1층 (답십리동)",세븐PC방,127.061880899304,37.5669101962131,PC방
341,"서울특별시 동대문구 회기로28길 8, 지하1층 (휘경동)",제노PC방,127.055945297168,37.589460624459,PC방
342,"서울특별시 동대문구 장한로 126, 지하1층 (장안동)",비원PC방,127.071605589345,37.5715487889832,PC방
343,"서울특별시 동대문구 홍릉로 23, 3층 (청량리동)",엑스코어PC방,127.044175666746,37.5825251776862,PC방
344,"서울특별시 동대문구 휘경로3길 4, 5층 (이문동)",해리PC방,127.062480944175,37.5957907777139,PC방
345,"서울특별시 동대문구 망우로 66, 3층 (휘경동)",GGX PC방,127.060969116205,37.5895017444406,PC방
346,"서울특별시 동대문구 서울시립대로4길 5, 지하1층 (전농동)",더체인지PC,127.047152135126,37.5749067526404,PC방
347,"서울특별시 동대문구 사가정로23가길 11, 소망빌딩 지1층 (장안동)",제로백PC 장안점,127.070549201395,37.580639556591,PC방
348,"서울특별시 동대문구 답십리로72길 40, 2층 (장안동)",아이센스PC방,127.073570628102,37.570438636009,PC방
349,"서울특별시 동대문구 망우로 74, 지하1층 (휘경동)",3POP,127.061365936668,37.5895997469635,PC방
350,"서울특별시 동대문구 경희대로1길 8-11, 지하1층 (회기동)",에이플 PC CAFE,127.051733055169,37.5921664231806,PC방
351,"서울특별시 동대문구 이문로 93, 지하1층 (이문동, 민족통일MJ캠퍼스외대)",1% PC아레나,127.05923135853,37.5953818714405,PC방
352,"서울특별시 동대문구 왕산로33길 74-1, 1층 (제기동)",잭팟PC,127.041819093686,37.5826974951196,PC방
353,"서울특별시 동대문구 경희대로1길 8-6, 1,2층 (회기동)",GEEK STAR PC CAFE,127.051923309488,37.5918832479684,PC방
354,"서울특별시 동대문구 장한로24길 7, 3층 2호 (장안동)",동해 PC,127.071502974477,37.5708963505639,PC방
355,"서울특별시 동대문구 천호대로83길 93, 지하1층 (장안동)",스카이PC,127.066695140607,37.5661656046498,PC방
356,"서울특별시 동대문구 회기로 153  (회기동,3층)",하이웨이네트,127.053483705277,37.5912417657061,PC방
357,"서울특별시 동대문구 한천로36길 16  (장안동,2층)",넷플러스,127.06876311047,37.5756426165824,PC방
358,"서울특별시 동대문구 이문로 100  (이문동,3층)",인터넷뱅크,127.059962082851,37.5956972999549,PC방
359,서울특별시 중랑구 겸재로50길 52  (면목동),애플인터넷,127.093245316201,37.5888481633964,PC방
360,서울특별시 중랑구 면목로 336  (면목동),인터월드,127.088907165024,37.5820122547194,PC방
361,서울특별시 중랑구 면목로 485  (상봉동),인터피아,127.085606482423,37.595210898234,PC방
362,서울특별시 중랑구 망우로32길 20  (상봉동),비트라인,127.076476348168,37.592995952764,PC방
363,"서울특별시 중랑구 용마산로115길 106  (망우동,3층)",좋은친구들,127.094436879226,37.5981631078557,PC방
364,서울특별시 중랑구 용마산로90길 19  (면목동),레드존,127.097248574928,37.587631566731,PC방
365,서울특별시 중랑구 동일로129길 42  (중화동),ACRO PC방,127.077503449289,37.599755419554,PC방
366,서울특별시 중랑구 용마산로 408  (면목동),클릭P.C,127.096233290507,37.5877899824019,PC방
367,서울특별시 중랑구 사가정로 415  (면목동),스피드,127.090876084176,37.5806338572619,PC방
368,서울특별시 중랑구 면목로 318  (면목동),스페이스PC방,127.088455941098,37.5802323207696,PC방
369,서울특별시 중랑구 면목로44길 37  (면목동),넷플레어,127.090647821196,37.5810770512549,PC방
370,서울특별시 중랑구 면목로74길 16  (면목동),인터넷챔피언,127.088238962743,37.5890964512964,PC방
371,서울특별시 중랑구 답십리로77길 110  (면목동),파이날라운드,127.081372479368,37.5765119865545,PC방
372,서울특별시 중랑구 동일로143길 22  (묵동),피터팬PC방,127.077402354981,37.6053582035088,PC방
373,서울특별시 중랑구 동일로 775  (중화동),인터넷프라자,127.079466740593,37.599688702066,PC방
374,서울특별시 중랑구 용마산로 394  (면목동),미르인터넷게임방,127.095551256708,37.5866519523067,PC방
375,"서울특별시 중랑구 공릉로2길 14  (묵동,2층)",blue-net,127.078717550641,37.6119476197328,PC방
376,서울특별시 중랑구 사가정로42길 37  (면목동),사이버존PC방,127.083349048484,37.5793613524266,PC방
377,"서울특별시 중랑구 망우로 478  (망우동,창신빌딩)",엘리테커PC월드,127.105263041953,37.600365610451,PC방
378,서울특별시 중랑구 동일로 865  (묵동),챔프인터넷프라자,127.078008121717,37.607525495606,PC방
379,서울특별시 중랑구 봉우재로33길 65  (상봉동),사이버존,127.088876000881,37.5952225370413,PC방
380,서울특별시 중랑구 사가정로 399  (면목동),클릭PC존,127.089210569993,37.5807727094014,PC방
381,"서울특별시 중랑구 상봉로 36  (면목동,2층)",리얼클릭PC방,127.094092094075,37.5890093997288,PC방
382,서울특별시 중랑구 면목로 311  (면목동),롤클럽,127.087812647104,37.5799175433987,PC방
383,서울특별시 중랑구 면목로 345  (면목동),홍당무PC방,127.088397264563,37.5827894740353,PC방
384,서울특별시 중랑구 면목로55길 13-4  (면목동),세종대왕PC방,127.087439326662,37.5840236470555,PC방
385,서울특별시 중랑구 봉우재로33길 20  (상봉동),클릭,127.087529441688,37.5933976841894,PC방
386,서울특별시 중랑구 용마산로 363  (면목동),엠파이어PC방,127.093739007241,37.5844520098638,PC방
387,서울특별시 중랑구 중랑역로13길 2  (중화동),스피드,127.07535510578,37.5968892270727,PC방
388,서울특별시 중랑구 봉우재로 126  (면목동),토마토인터넷,127.08717065734,37.5926587761808,PC방
389,서울특별시 중랑구 용마산로115길 15  (망우동),PC ＆ 인터넷천국,127.099478231888,37.5988417371883,PC방
390,서울특별시 중랑구 봉화산로 236  (신내동),21C PC방,127.098886474208,37.6078470886249,PC방
391,서울특별시 중랑구 망우로 490  (망우동),싸이버넷트,127.106416819401,37.6003387173582,PC방
392,서울특별시 중랑구 용마산로 494  (망우동),PC방 컴맹이,127.100268095195,37.5949757275537,PC방
393,"서울특별시 중랑구 봉우재로25길 9  (상봉동,지층)",헤커PC방,127.0837218502,37.5926066727534,PC방
394,"서울특별시 중랑구 공릉로 6  (묵동,지층)",인터넷 토탈마켓 러쉬,127.077999134999,37.6113915559544,PC방
395,서울특별시 중랑구 중랑역로 133  (묵동),911 경비구역,127.07683547156,37.6053976768942,PC방
396,서울특별시 중랑구 공릉로12가길 11  (묵동),붐붐인터넷,127.080239345924,37.6167364293941,PC방
397,서울특별시 중랑구 중랑역로 73-1  (중화동),인터플러스중화점,127.077850189065,37.6000791875796,PC방
398,"서울특별시 중랑구 중랑천로10길 4  (면목동,B1)",윈PC방,127.073376684853,37.5915095720344,PC방
399,서울특별시 중랑구 용마산로90길 7  (면목동),캐릭터PC,127.096507550114,37.5879049954081,PC방
400,서울특별시 중랑구 신내로 9  (신내동),네티즌PC방,127.096808256823,37.5999581223455,PC방
401,서울특별시 중랑구 면목로 463  (상봉동),파워인터넷PC방,127.086145042788,37.5931669676714,PC방
402,서울특별시 중랑구 봉우재로33길 62  (상봉동),가메조네,127.08899304315,37.5949026870373,PC방
403,"서울특별시 중랑구 면목로27나길 61  (면목동,2층)",리버PC 면목점,127.082371859715,37.5776468163018,PC방
404,"서울특별시 중랑구 사가정로 363-1  (면목동,2층)",K2 PC방,127.085023465814,37.5811961129344,PC방
405,"서울특별시 중랑구 용마산로90길 9  (면목동,4층)",사이버 클럽,127.096648439327,37.5878487483093,PC방
406,"서울특별시 중랑구 공릉로2길 7  (묵동,지층)",왓츠업(WHATS UP),127.07826300452,37.612235427568,PC방
407,"서울특별시 중랑구 면목로33길 38  (면목동,지층)",카프리 인터넷PC방,127.083699948441,37.5766875848208,PC방
408,서울특별시 중랑구 망우로 417  (망우동),인터파크,127.098539361648,37.5996961232742,PC방
409,"서울특별시 중랑구 봉우재로71길 18  (망우동,용마프라자 401호)",용마 멀티프라자,127.098764864011,37.596385964949,PC방
410,"서울특별시 중랑구 겸재로9길 12  (면목동,1층)",인터넷마을,127.078482757631,37.5869297872684,PC방
411,서울특별시 중랑구 공릉로 56  (묵동),인터피아,127.079115502481,37.6155448205089,PC방
412,서울특별시 중랑구 봉화산로 38  (중화동),사이버월드,127.078469463393,37.6014426067845,PC방
413,서울특별시 중랑구 중랑역로 68  (중화동),인터넷타임,127.078368464938,37.5995129323587,PC방
414,서울특별시 중랑구 용마산로 517  (망우동),용비어천가PC방,127.100019643408,37.597161652605,PC방
415,서울특별시 중랑구 동일로 771  (중화동),버츄얼시티 PC방,127.079614856607,37.5992614425624,PC방
416,서울특별시 중랑구 봉우재로33길 41  (상봉동),매직 스페이스,127.087820271803,37.5944067588229,PC방
417,서울특별시 중랑구 면목로 319  (면목동),컴앤넷,127.088210625453,37.5804345971945,PC방
418,서울특별시 중랑구 동일로109길 55  (면목동),인터넷시이버짱,127.077149931851,37.591328769646,PC방
419,서울특별시 중랑구 답십리로77길 12  (면목동),클릭정보센터면목점,127.081658405492,37.5721300725641,PC방
420,서울특별시 중랑구 동일로118길 44  (상봉동),스피드게임,127.082848657805,37.5948844549129,PC방
421,"서울특별시 중랑구 용마산로94길 24  (면목동,지층)",아이넷피시방,127.098099731803,37.5888040444738,PC방
422,서울특별시 중랑구 공릉로 22  (묵동),드림인터넷PC방,127.078065374442,37.6126759617469,PC방
423,"서울특별시 중랑구 면목로 338  (면목동,3층)",씨앤아이,127.088823247194,37.5821804432414,PC방
424,"서울특별시 중랑구 망우로 206  (상봉동,3층)",야우리PC,127.075795873069,37.5935918570841,PC방
425,"서울특별시 중랑구 면목로56길 55  (면목동,지층)",스페이스,127.091518604391,37.5840003726009,PC방
426,"서울특별시 중랑구 망우로42길 29  (상봉동,2층)",월드컵PC방,127.083354374527,37.5942915168016,PC방
427,"서울특별시 중랑구 동일로 929  (묵동,2층)",와! PC방,127.076760276991,37.6133347197629,PC방
428,서울특별시 중랑구 면목로 245  (면목동),클릭 클릭,127.085068076458,37.5749314700134,PC방
429,"서울특별시 중구 장충단로13길 7, 3층 (을지로6가)",긱스타PC카페,127.008181175525,37.5677456759075,PC방
430,"서울특별시 중구 다산로36길 53, 지하1층 (신당동)",제로백 신당점 주식회사,127.017847531193,37.5615295383478,PC방
431,서울특별시 중랑구 중랑역로 73  (중화동),T-ONE ZONE,127.07786682288,37.5999584438647,PC방
432,"서울특별시 중구 마장로 99, 2층 (황학동)",메가PC,127.020843801082,37.5683927461518,PC방
433,"서울특별시 중구 마른내로2길 15-9, 1층 (초동)",판도라PC,126.992617007276,37.5636335824284,PC방
434,"서울특별시 중구 난계로 185, 2층 (황학동)",3POP 플러스 PC CAFE,127.023246616858,37.5682512916508,PC방
435,"서울특별시 중구 동호로 196 (신당동,지층)",THE REDS PC방,127.010372365931,37.5556464697381,PC방
436,"서울특별시 중구 다산로 156 (신당동,지상 3층)",W 피씨방,127.012459378311,37.557547102304,PC방
437,서울특별시 중구 퇴계로 42-2 (남창동),남문PC,126.977653922122,37.5577156632633,PC방
438,"서울특별시 중구 중림로 10, 3층 302호 (중림동, 중림동 삼성 사이버 빌리지)",3POP PC방,126.964320892997,37.5589266608979,PC방
439,"서울특별시 중구 다산로44길 53, 삼원상가 지하1층 (신당동)",탑클래스 PC방,127.019933228916,37.5652386068881,PC방
440,서울특별시 중구 남대문로 8-4 (남대문로4가),남문 피씨,126.976849394699,37.5604922911168,PC방
441,"서울특별시 중구 다산로 112, 담스빌딩 지하1층 (신당동)",콤마PC카페약수점,127.010377766718,37.5537867198009,PC방
442,"서울특별시 중구 다산로44길 16, 1층 (신당동)",둥이PC방,127.017855686798,37.564876288419,PC방
443,"서울특별시 중구 서애로1길 11, 지하층 B201호 (충무로5가)",E-SPOrtS Arena,126.998598237823,37.561326262637,PC방
444,"서울특별시 중구 다산로42길 17, 신당밧데리 (신당동)",놀이터 PC,127.017248085681,37.5648330408316,PC방
445,"서울특별시 중구 퇴계로 216, 행복빌딩 지하층 (충무로4가)",GEEK STAR PC CAFE (긱스타 피시 카페),126.995801162333,37.5613712461329,PC방
446,"서울특별시 중구 다산로 132, 우봉빌딩 3층 (신당동)",1프로 pc 아레나,127.01138242008,37.5555099656473,PC방
447,"서울특별시 중구 동호로7길 45 (신당동,2층)",PC토랑,127.010889689197,37.5518020452993,PC방
448,"서울특별시 중구 퇴계로86길 70 (신당동,지상 2층)",HARU PC,127.018696899098,37.5626194326071,PC방
449,"서울특별시 중구 다산로 222, 3층 (신당동)",긱스타PC,127.015591399432,37.5628525208577,PC방
450,"서울특별시 중구 다산로42길 3 (신당동,지상 2층)",액션pc방,127.016545009327,37.5650353249966,PC방
451,"서울특별시 중랑구 겸재로 96  (면목동,지하)",에니넷,127.07847879107,37.5861712441786,PC방
452,서울특별시 중랑구 상봉로 83  (면목동),디지탈필,127.093032388887,37.5933429294234,PC방
453,서울특별시 중랑구 면목로21길 36  (면목동),컴마을인터넷PC방,127.081873103029,37.5726104243987,PC방
454,"서울특별시 중랑구 신내로 51,  206호 (신내동,성원아파트상가)",클릭,127.09472455776,37.6059761741832,PC방
455,서울특별시 중랑구 중랑역로 231  (묵동),인터넷클릭I,127.075187440085,37.6141406754902,PC방
456,서울특별시 중랑구 동일로157길 14  (묵동),0828PC방,127.077055231762,37.6099541976253,PC방
457,서울특별시 중랑구 용마산로 558  (망우동),프로게이머,127.100710207035,37.6007255645145,PC방
458,서울특별시 중랑구 망우로 188  (상봉동),HI-SPEED,127.073638159759,37.5930355992376,PC방
459,"서울특별시 중랑구 용마산로 414  (면목동,2층)",사이버리아피씨방,127.09650367473,37.5884111760563,PC방
460,서울특별시 중랑구 봉우재로 178  (면목동),LOGIN PC방,127.092675019508,37.5938800212972,PC방
461,서울특별시 중랑구 동일로109길 46  (면목동),엔월드넷,127.077585187434,37.591664193937,PC방
462,서울특별시 중랑구 상봉로 52  (망우동),리버,127.093804844085,37.5905427564839,PC방
463,서울특별시 중랑구 망우로 306  (상봉동),인터넷짱,127.086437373346,37.5963712198374,PC방
464,서울특별시 중랑구 봉우재로 167  (상봉동),라이프인터넷PC방,127.091560641016,37.594009912996,PC방
465,서울특별시 중랑구 망우로 210  (상봉동),인터넷챔피언,127.07599534973,37.5936673220132,PC방
466,서울특별시 중랑구 동일로163길 23  (묵동),인터넷사랑,127.076014457189,37.6117807267215,PC방
467,서울특별시 중랑구 면목로 419  (면목동),주기네PC게임방,127.086982040873,37.5893716462554,PC방
468,서울특별시 중랑구 봉우재로 180  (면목동),스피드PC프라자,127.092855541014,37.593904566584,PC방
469,서울특별시 중랑구 면목로 365  (면목동),편안한인터넷PC방,127.088187445515,37.5847776721023,PC방
470,서울특별시 중랑구 겸재로54길 26  (면목동),P AND I,127.091705045221,37.588039287941,PC방
471,서울특별시 중랑구 중랑역로 5  (중화동),E.U.NET,127.076707183121,37.5946103798631,PC방
472,서울특별시 중랑구 망우로 216  (상봉동),@CLICK,127.076779236368,37.5938752140491,PC방
473,서울특별시 중랑구 동일로 802  (중화동),인터넷게이트,127.079714349109,37.6020848093367,PC방
474,서울특별시 중랑구 동일로 905  (묵동),싸이버월드,127.0772952912,37.6111164065523,PC방
475,서울특별시 중랑구 용마산로 438  (면목동),인터넷프라자,127.097568272006,37.5902883288454,PC방
476,서울특별시 중랑구 공릉로12가길 29  (묵동),화랑인터넷,127.081018296555,37.6172761295706,PC방
477,서울특별시 중랑구 용마산로86길 21-54  (면목동),인터넷매니아,127.097332072062,37.5873240793004,PC방
478,서울특별시 중랑구 용마산로 248  (면목동),인터텟스쿨,127.08848531425,37.5752055633554,PC방
479,서울특별시 중랑구 면목로 258  (면목동),짱게임방,127.085947592589,37.5757573150628,PC방
480,서울특별시 중랑구 망우로 431  (망우동),인터넷래리,127.100046488756,37.6000432683678,PC방
481,"서울특별시 중랑구 사가정로 373  (면목동,2층)",구문룡PC클럽,127.086238234068,37.5810982848332,PC방
482,"서울특별시 중랑구 봉화산로 121  (상봉동,우암빌딩 3층)",인터플러스 상봉점 (주)다울정보통신,127.087584308356,37.6033051186179,PC방
483,서울특별시 중랑구 용마산로118길 23  (망우동),@ 골뱅이 PC방,127.101910695133,37.600982757854,PC방
484,서울특별시 중랑구 봉우재로 42  (면목동),UNI,127.077966882498,37.5904731013265,PC방
485,서울특별시 중랑구 사가정로39길 79  (면목동),아지트PC방,127.0829668378,37.584652524849,PC방
486,서울특별시 중랑구 용마산로 497  (망우동),사이버리아(용마점),127.099713778759,37.5953699303131,PC방
487,서울특별시 중랑구 동일로 606  (면목동),은성PC방,127.080134858252,37.5843764349464,PC방
488,서울특별시 중랑구 상봉중앙로1길 20  (상봉동),컴매니아,127.087534462118,37.5991335701855,PC방
489,서울특별시 중랑구 망우로 499  (망우동),매직스페이스,127.107766676499,37.6007459114528,PC방
490,서울특별시 중랑구 동일로 822  (중화동),밀레니엄인터넷PC방,127.079334580117,37.6039458801724,PC방
491,서울특별시 중랑구 신내로12길 41  (신내동),워프게이트,127.09736065713,37.6048336463146,PC방
492,서울특별시 중랑구 용마산로94가길 31  (면목동),815PC방,127.096857006921,37.5877706415117,PC방
493,서울특별시 중랑구 신내로 62  (신내동),인터넷스페이스,127.095755033732,37.6047516184082,PC방
494,서울특별시 중랑구 신내로 66  (신내동),인터넷마을,127.095644197753,37.6050433586666,PC방
495,서울특별시 중랑구 망우로 381  (상봉동),홍당무,127.09465851513,37.5988118238417,PC방
496,서울특별시 중랑구 동일로 805-1  (중화동),넷티,127.079005080165,37.6023851358191,PC방
497,"서울특별시 중랑구 신내로14길 26  (신내동,디딤B/D 2층)",테라뷰,127.097037404944,37.6054986627446,PC방
498,서울특별시 중랑구 동일로109길 62  (면목동),조이 인터넷  P.C방,127.0767891677,37.5914186535974,PC방
499,서울특별시 중랑구 용마산로94길 4  (면목동),밤새지마란말이야,127.097053799953,37.5891756673925,PC방
500,서울특별시 중랑구 망우로 221  (중화동),겜돌이 PC방,127.077348305966,37.5945007612958,PC방
501,서울특별시 중랑구 중랑역로 118  (중화동),아지트PC방,127.077498879286,37.6039740394776,PC방
502,서울특별시 중랑구 망우로62길 7  (망우동),월드넷PC방,127.097577900025,37.5987029492424,PC방
503,서울특별시 중랑구 중랑역로 274  (묵동),PC야놀자,127.078583653922,37.616229386298,PC방
504,서울특별시 중랑구 봉화산로 215  (신내동),사이버시티,127.09654291583,37.6076555866366,PC방
505,서울특별시 중랑구 상봉로11길 31  (면목동),스페이스PC게임방,127.091776218164,37.5898476141115,PC방
506,서울특별시 중랑구 동일로123길 46  (중화동),인터넷셀라,127.077635275229,37.5980252504099,PC방
507,"서울특별시 중랑구 동일로 911  (묵동,3층)",울트라PC매니아,127.077201658653,37.6118042827404,PC방
508,서울특별시 중랑구 봉우재로71길 18  (망우동),네이버죤,127.098764864011,37.596385964949,PC방
509,서울특별시 중랑구 용마산로94길 14  (면목동),골뱅이PC게임방,127.097514524739,37.5890134694756,PC방
510,"서울특별시 중랑구 중랑역로 13-1  (중화동,2층)",인터넷SPACE PC방,127.076186411508,37.5953733162723,PC방
511,"서울특별시 중랑구 망우로 426  (망우동,2층 1호)",로그인,127.099528290541,37.5993570616173,PC방
512,서울특별시 중랑구 동일로 873  (묵동),사이버 스토피아,127.077865835158,37.6083544998172,PC방
513,"서울특별시 중랑구 공릉로 52  (묵동,3층)",사이버리아 PC방,127.078879519243,37.615279637443,PC방
514,"서울특별시 중랑구 상봉로 63  (면목동,3층)",45,127.093208717902,37.5916410873439,PC방
515,"서울특별시 중랑구 동일로 616, 1층 (면목동)",VIP PC,127.08004606712,37.5854067805866,PC방
516,"서울특별시 중랑구 망우로32길 28, 2층 (상봉동)",라이또PC방 중랑역점,127.076493371734,37.5927022184336,PC방
517,"서울특별시 중랑구 동일로163길 9, 2층 (묵동)",땁PC,127.076791609002,37.611862664055,PC방
518,"서울특별시 중랑구 면목로56길 23, 1층 (면목동)",공간PC,127.089850840628,37.5841186928383,PC방
519,"서울특별시 중랑구 공릉로 62, 1층 (묵동)",럭키PC,127.07949738317,37.6160328994659,PC방
520,"서울특별시 중랑구 면목로 491, 주함해븐타워 비101호 (상봉동)",STONE PC(스톤PC),127.085343449345,37.5958131310758,PC방
521,"서울특별시 중랑구 중랑역로 197-1, 1층 (묵동)",복돼지PC,127.075774678252,37.6111007244251,PC방
522,"서울특별시 중랑구 답십리로 385, 101호 (면목동, 미소리움)",돈따라PC,127.08316062081,37.5715824804223,PC방
523,"서울특별시 중랑구 용마산로 494, 상아빌딩 2층 203호 (망우동)",크라우드PC방 망우점,127.100268095195,37.5949757275537,PC방
524,"서울특별시 중랑구 망우로 221, 만승빌딩 3층 (중화동)",텐PC방,127.077348305966,37.5945007612958,PC방
525,"서울특별시 중랑구 겸재로 125, 1층 (면목동)",888PC,127.081673673389,37.5872488263764,PC방
526,"서울특별시 중랑구 상봉로 108, 2층 (망우동)",로얄PC,127.093292722403,37.5954420338517,PC방
527,"서울특별시 중랑구 봉우재로 156-1, 1층 (면목동)",오라PC,127.090321324067,37.5933573787324,PC방
528,"서울특별시 중랑구 망우로48길 19, 1층 (상봉동)",스카이pc,127.088178731247,37.5961052205241,PC방
529,"서울특별시 중랑구 중랑역로 119, 1층 (중화동)",놀이터PC,127.077090818215,37.6041617126479,PC방
530,"서울특별시 중랑구 숙선옹주로 18-6, 101호 (묵동, 정윤빌)",신게임PC방,127.078568529907,37.6146655510711,PC방
531,"서울특별시 중랑구 용마산로90길 10, 2층 (면목동)",아레나피씨(ARENA PC),127.096540216084,37.5876868384443,PC방
532,"서울특별시 중랑구 망우로30길 8, 202호 (상봉동)",동부PC,127.07437556869,37.5928619662699,PC방
533,"서울특별시 중랑구 망우로 400, 지하1층 (망우동, 해븐타워)",퍼니홀릭피시카페,127.096589961709,37.5987572807336,PC방
534,서울특별시 중랑구 겸재로 130 (면목동),여우피씨,127.082103633158,37.5869922858088,PC방
535,"서울특별시 중랑구 동일로 843, 유림빌딩 지하1층 (묵동)",레드포스PC아레나 중화점,127.0783680035,37.6056583166235,PC방
536,"서울특별시 중랑구 용마산로 521, LG텔레콤 1층 (망우동)",에이스pc,127.10005522503,37.5975188653309,PC방
537,"서울특별시 중랑구 중랑역로 199, 1층 (묵동)",올나잇PC,127.075749550488,37.6112275997961,PC방
538,"서울특별시 중랑구 중랑천로10길 76, 삼보볼링센타 4층 (면목동)",욜로PC방 면목점,127.077343706007,37.5922443208716,PC방
539,"서울특별시 중랑구 망우로30길 8, 208호 (상봉동)",킹PC,127.07437556869,37.5928619662699,PC방
540,"서울특별시 중랑구 동일로163길 22, 3층 (묵동)",몰라PC,127.076040317185,37.612039564144,PC방
541,"서울특별시 중랑구 상봉로 72, 엘리트학생복 1층 (망우동)",바닐라탑PC,127.093614178344,37.5921759555658,PC방
542,"서울특별시 중랑구 용마산로115길 84, 2층 (망우동)",메이드PC방,127.095691142785,37.59828246998,PC방
543,"서울특별시 중랑구 중랑역로 62, 양지대중사우나 지층 (중화동)",레벨업피시(Level up PC),127.078105801132,37.59891376744,PC방
544,"서울특별시 중랑구 면목로 316, 지하1층 (면목동)",초코게임장,127.088332466633,37.5800732977612,PC방
545,"서울특별시 중랑구 용마산로115길 33, 바울선교회 1층 (망우동)",우림pc,127.098424999288,37.5986724230706,PC방
546,"서울특별시 중랑구 동일로 933, 묵동제일정형외과 3층 (묵동)",제로백PC 묵동점,127.076566670532,37.6137342537603,PC방
547,"서울특별시 중랑구 면목로 399, 1층 (면목동)",율PC,127.087706291973,37.587594623771,PC방
548,"서울특별시 중랑구 망우로58길 31, 201호 (망우동, 더하이어)",NEX PC방,127.094112135913,37.5968329640884,PC방
549,"서울특별시 중랑구 용마산로115길 65 (망우동, 3층)",로웰 PC Cafe,127.09671689534,37.5982268536431,PC방
550,"서울특별시 중랑구 중랑역로 51 (중화동, 2층)",뉴본PC CAFE,127.076920088772,37.5983780061165,PC방
551,"서울특별시 중랑구 동일로123길 10 (중화동, 지상1층)",NY시스템,127.079444403244,37.5977443789555,PC방
552,"서울특별시 중랑구 공릉로2길 7 (묵동, 지하1층)",레벨업 PC방,127.07826300452,37.612235427568,PC방
553,"서울특별시 중랑구 동일로123길 32 (중화동, 지상1층)",행운PC방,127.078335630037,37.5977892686245,PC방
554,"서울특별시 중랑구 중랑역로 120 (중화동, 지상1층)",명품PC,127.07748346429,37.6040702753309,PC방
555,"서울특별시 중랑구 중랑역로 51  (중화동,3층)",서바이벌 PC방,127.076920088772,37.5983780061165,PC방
556,"서울특별시 중랑구 상봉로 39  (면목동,2층)",주니어 인터넷세상,127.093436153362,37.5894355494869,PC방
557,서울특별시 중랑구 동일로 856  (묵동),CMC PC방,127.078758941388,37.6068408755957,PC방
558,서울특별시 중랑구 중랑역로 183  (묵동),인터-죤,127.075964806201,37.6099561659489,PC방
559,"서울특별시 중랑구 동일로143길 29  (중화동,지층)",스피드인터넷,127.076861160036,37.6050489771069,PC방
560,"서울특별시 중랑구 망우로 192  (상봉동,2층)",컴 메니아,127.074144907488,37.5931925050475,PC방
561,"서울특별시 중랑구 중랑역로 203  (묵동,2층)",프로게이머 묵동점,127.075674201707,37.611531011094,PC방
562,"서울특별시 중랑구 용마산로 557  (신내동,2층)",PC 스카이,127.100246556563,37.6006970374489,PC방
563,"서울특별시 중랑구 봉화산로 217 (신내동, 부영빌딩3층)",옵티멈존PC카페 신내점,127.096812829256,37.6077684396848,PC방
564,서울특별시 중랑구 동일로123길 69 (중화동),놀토PC방,127.076301554972,37.5984633710455,PC방
565,"서울특별시 중랑구 상봉로25길 48, 1층 (상봉동)",황금PC,127.090348640141,37.5947849787724,PC방
566,"서울특별시 중랑구 용마산로 408 (면목동, 3층)",뮤토(MUTO)PC,127.096233290507,37.5877899824019,PC방
567,"서울특별시 중랑구 용마산로 405 (면목동, 2층)",아레나피씨(ARENA PC),127.095721998394,37.5878937419635,PC방
568,"서울특별시 중랑구 면목로 341 (면목동, 2층)",오즈PC카페,127.088154488573,37.5821763494967,PC방
569,"서울특별시 중랑구 신내로 193, 지하1층 102호 (신내동, 엘리어트하우스)",BS PC,127.094437021597,37.6154746292954,PC방
570,서울특별시 중랑구 겸재로 117  (면목동),인터넷KJ,127.080792351502,37.5870337352761,PC방
571,서울특별시 중랑구 신내로 7  (신내동),인터넷캠프,127.096842106377,37.5998634905724,PC방
572,서울특별시 중랑구 동일로109길 34  (면목동),레트죤PC방,127.078082869638,37.5918151422894,PC방
573,서울특별시 중랑구 중랑역로 18  (중화동),짱인터넷플라자,127.076479617545,37.5957480291273,PC방
574,서울특별시 중랑구 겸재로54길 21  (면목동),컴토피아인터넷PC게임방,127.091923281587,37.5881771502157,PC방
575,서울특별시 중랑구 용마산로90길 20  (면목동),블루넷,127.097040551307,37.5875175821972,PC방
576,서울특별시 중랑구 용마산로 405  (면목동),넷박스,127.095721998394,37.5878937419635,PC방
577,서울특별시 중랑구 양원역로 1  (망우동),스피드PC프라자,127.108133717439,37.6008407203137,PC방
578,서울특별시 중랑구 중랑역로 162  (묵동),붉은악마,127.076750608038,37.6077835526031,PC방
579,서울특별시 중랑구 동일로139길 42  (중화동),한양인터넷PC방,127.076676071405,37.6033543353564,PC방
580,서울특별시 중랑구 동일로123길 73  (중화동),넷헌터,127.076145719561,37.5985555529521,PC방
581,서울특별시 중랑구 상봉중앙로5길 3  (상봉동),데스나이트PC게임방,127.08723955189,37.6002676852152,PC방
582,서울특별시 중랑구 사가정로50길 6  (면목동),매니아클럽,127.086325455785,37.5805518586235,PC방
583,서울특별시 중랑구 상봉로 108  (망우동),PC마스터,127.093292722403,37.5954420338517,PC방
584,서울특별시 중랑구 중랑역로 122  (중화동),사이버리아PC방,127.077488019983,37.6042043396493,PC방
585,서울특별시 중랑구 동일로95길 9  (면목동),PC매니아,127.079054147757,37.584754409419,PC방
586,서울특별시 중랑구 동일로143길 12  (묵동),블루엔터블런스,127.077906364604,37.6054080570099,PC방
587,서울특별시 중랑구 겸재로 125  (면목동),Hunter PC방,127.081673673389,37.5872488263764,PC방
588,"서울특별시 중랑구 면목로43길 26  (면목동,2층)",자랴2,127.086476433416,37.5814906734103,PC방
589,서울특별시 중구 다산로29길 51  (신당동),바이러스피시방,127.011408629616,37.5618844278084,PC방
590,서울특별시 중랑구 면목로35길 15  (면목동),인터파크 PC방,127.085054590452,37.5782028093159,PC방
591,"서울특별시 중랑구 망우로 202 (상봉동,지하1층)",제로백PC 중랑역점,127.075473622773,37.5934850257791,PC방
592,서울특별시 중랑구 면목로27길 92  (면목동),대박피시방,127.080518532414,37.5742668436457,PC방
593,"서울특별시 중랑구 봉우재로33길 66  (상봉동,3층)",맥스플라이,127.089095987358,37.5950105481337,PC방
594,"서울특별시 중랑구 겸재로 126  (면목동,2층)",노다지인터넷,127.0817995162,37.5868841075423,PC방
595,"서울특별시 중랑구 용마산로118길 7  (망우동,지층)",컴인터넷PC,127.101003129452,37.6007839686705,PC방
596,"서울특별시 중랑구 상봉로 14  (면목동,2층)",블리쟈드,127.094664552908,37.5872195712417,PC방
597,서울특별시 중랑구 중랑천로 117  (중화동),넷매니아PC방,127.072029243323,37.5957084823575,PC방
598,"서울특별시 중랑구 겸재로 115  (면목동,2층)",아이잼,127.080590112573,37.5870096368265,PC방
599,"서울특별시 중랑구 중랑역로13길 10-1 (중화동,1층)",타짱PC클럽,127.074975173293,37.5967509866956,PC방
600,"서울특별시 중랑구 중랑천로10길 57, 2층 (상봉동)",대박PC방,127.076178070389,37.5924115822098,PC방
601,서울특별시 중랑구 동일로143길 19 (중화동),엔탑PC존,127.077618295975,37.605007486547,PC방
602,"서울특별시 중랑구 용마산로117길 34 (신내동,지하1층)",행운PC방,127.098460392974,37.600267146851,PC방
603,"서울특별시 중랑구 봉우재로71길 18 (망우동, 지하001호)",오즈아레나,127.098764864011,37.596385964949,PC방
604,"서울특별시 중랑구 신내로14길 21, 701동 1층 105호 (신내동, 동성7차아파트)",인디고 PC,127.097147956287,37.6061237684817,PC방
605,"서울특별시 중랑구 봉화산로4길 28, 1층 (중화동)",보물섬 PC,127.076192761483,37.6002682158384,PC방
606,"서울특별시 중랑구 면목로 352, 지하1층 (면목동)",콤마피시카페,127.088626152995,37.583335754749,PC방
607,서울특별시 중랑구 겸재로 166 (면목동),PC데이(DAY),127.086287280048,37.5878881317646,PC방
608,"서울특별시 중랑구 망우로 192 (상봉동, 3층 4호)",엔투PC(중랑역점),127.074144907488,37.5931925050475,PC방
609,"서울특별시 중랑구 망우로32길 14 (상봉동, 2층)",홀인원PC,127.076442058316,37.59323581896,PC방
610,"서울특별시 중랑구 망우로 270, 지층 (상봉동)",크라우드PC상봉점(crowd pc),127.082666864382,37.5953470612305,PC방
611,"서울특별시 중랑구 겸재로 198, 지1,2층 (면목동, 건원베스트원)",아이비스PC,127.089622814812,37.5886453630461,PC방
612,서울특별시 중랑구 동일로 764  (중화동),여우밤,127.080310519384,37.598658658925,PC방
613,서울특별시 중랑구 용마산로 563  (신내동),버츄얼 넷,127.100201889918,37.6012512745271,PC방
614,"서울특별시 중랑구 겸재로 237  (망우동,2층)",듀얼인터넷,127.093946205207,37.5900456568688,PC방
615,"서울특별시 중랑구 용마산로94길 65  (면목동,(지하1층))",씨엔에스,127.100203454866,37.5881468955761,PC방
616,서울특별시 중랑구 공릉로12가길 1  (묵동),공간PC방,127.079871085001,37.6164941332357,PC방
617,"서울특별시 중랑구 중랑천로2길 56, 1층 (면목동)",Kim PC,127.078002254729,37.5868279332095,PC방
618,"서울특별시 중랑구 중랑천로12길 41, 지하층 (상봉동)",에이스PC,127.075231858062,37.59290602268,PC방
619,"서울특별시 중랑구 망우로66길 68, 1층 (망우동)",삼팔PC(38PC),127.099383154129,37.5964902312064,PC방
620,"서울특별시 중랑구 망우로 479, 홍림장여관 1층 (망우동)",바닐라PC,127.10533598517,37.6008587474848,PC방
621,"서울특별시 중랑구 중랑천로10길 47, 1층 (상봉동)",황금고래PC,127.075655707318,37.5922637951349,PC방
622,"서울특별시 중랑구 면목로35길 15, 지상2층 (면목동, 매직pc방)",i7 PC방,127.085054590452,37.5782028093159,PC방
623,"서울특별시 중랑구 봉화산로 211, 지하1층 (신내동)",스피트킹피씨(speedking pc),127.096300413242,37.6075450531768,PC방
624,"서울특별시 중랑구 동일로129길 35, B179~B182호 (중화동, 태능에셈빌)",일프로PC카페(1%PC CAFE),127.077554696692,37.5992703826018,PC방
625,서울특별시 중랑구 망우로 217  (중화동),프로게이머,127.07671154412,37.5943361152268,PC방
626,서울특별시 중랑구 동일로96길 10  (면목동),넷스토아,127.080536448153,37.5846998884072,PC방
627,"서울특별시 중랑구 동일로157길 19  (묵동,지상3층)",스피드넷PC방,127.076699482354,37.6097212533874,PC방
628,"서울특별시 중랑구 겸재로 168  (면목동,2층)",무대뽀 인터넷PC방,127.086463046544,37.5879272864148,PC방
629,"서울특별시 중랑구 용마산로 296-2  (면목동,지층)",스타워즈,127.091684066231,37.5787808796647,PC방
630,"서울특별시 중랑구 망우로 463  (망우동,3층)",컴전쟁,127.103637419702,37.6006610422709,PC방
631,서울특별시 중구 충무로4길 2  (초동),pc하우스,126.992993567185,37.5649387886034,PC방
632,서울특별시 중구 다산로 222  (신당동),사이버리아신당2점,127.015591399432,37.5628525208577,PC방
633,"서울특별시 중랑구 사가정로42길 37  (면목동,2층)",플레이어존,127.083349048484,37.5793613524266,PC방
634,"서울특별시 중랑구 중랑역로 219  (묵동,지층)",사이버 테크,127.075429245694,37.6128980579592,PC방
635,"서울특별시 중랑구 겸재로 178, 380동 704호 (면목동,2층)",PC ZOOM,127.087205459165,37.588132346722,PC방
636,"서울특별시 중랑구 중랑천로10길 57-9  (상봉동,지층)",엘도라도,127.0763175789,37.5927540491546,PC방
637,"서울특별시 중랑구 상봉로 32  (면목동,지층)",두리웹,127.094186170143,37.5887293864172,PC방
638,"서울특별시 중랑구 봉화산로 224  (신내동,2층)",클릭-아이,127.09770422186,37.6076679655601,PC방
639,"서울특별시 중랑구 상봉로 38  (면목동,2층)",매직 스페이스,127.094034759149,37.5893347936924,PC방
640,"서울특별시 중랑구 면목로 216  (면목동,2층)",해커인터넷 PC게임방,127.083917538195,37.5722566998678,PC방
641,"서울특별시 중랑구 중랑천로10길 22  (면목동,지층)",밤 셀까,127.074300521879,37.5917478470631,PC방
642,"서울특별시 중랑구 겸재로 215  (면목동,2층)",인터피아,127.091467771608,37.5894606972241,PC방
643,"서울특별시 중랑구 용마산로 412  (면목동,2층)",듀얼 인터넷PC방,127.096385784287,37.5882161174521,PC방
644,"서울특별시 중랑구 망우로 493  (망우동,2층)",딸부자 PC방,127.106964536625,37.600791780771,PC방
645,서울특별시 중랑구 용마산로 418  (면목동),PC 훼미리,127.096701752698,37.5888003326938,PC방
646,"서울특별시 중랑구 중랑역로 203-1  (묵동,2층)",PC 생각,127.075655849144,37.6116381504355,PC방
647,"서울특별시 중랑구 상봉중앙로 37  (상봉동,3층)",사이버리아 상봉1동점,127.087347704275,37.6004674449162,PC방
648,"서울특별시 중랑구 사가정로50길 36 (면목동,3층)",PC & 달인,127.085747943049,37.5792495328325,PC방
649,"서울특별시 중랑구 망우로 439 (망우동, 지층)",엔플세븐PC방,127.100791272803,37.6002104892021,PC방
650,서울특별시 중랑구 중랑천로 43-1  (면목동),게임랜드,127.073299454969,37.5891919079052,PC방
651,"서울특별시 중랑구 용마산로51길 50, 1층 (면목동)",노다지 PC,127.089274747383,37.5801924210484,PC방
652,서울특별시 중랑구 겸재로 189  (면목동),월드PC방,127.088650939657,37.5887711546982,PC방
653,"서울특별시 중랑구 용마산로86길 21-29  (면목동,(지층))",C&S PC방,127.097110108493,37.5873732761071,PC방
654,"서울특별시 중랑구 면목로35길 40  (면목동,(지층))",아이라이프존,127.084001942441,37.5790721211334,PC방
655,"서울특별시 중랑구 봉화산로 217  (신내동,(3층))",사이버리아PC방,127.096812829256,37.6077684396848,PC방
656,서울특별시 중랑구 용마산로 494  (망우동),엔조이피씨방,127.100268095195,37.5949757275537,PC방
657,서울특별시 중랑구 용마산로 405  (면목동),I life Zone 서일대점,127.095721998394,37.5878937419635,PC방
658,서울특별시 중랑구 망우로32길 38  (면목동),컴인터넷,127.076868758159,37.5921808409165,PC방
659,서울특별시 중랑구 망우로 371  (상봉동),방가방가PC방,127.093373838214,37.5985553440342,PC방
660,서울특별시 중랑구 면목로49길 18  (면목동),수호천사,127.087531065648,37.5827952551777,PC방
661,서울특별시 중랑구 중랑역로 69  (중화동),매직스페이스,127.077978446723,37.5996027491597,PC방
662,"서울특별시 중랑구 면목로 478  (상봉동,(3층))",버그버그 상봉점,127.086220214972,37.5944317246699,PC방
663,"서울특별시 중랑구 겸재로 185  (면목동,(지1층))",사이버리아 면목역점,127.088106454619,37.5886819136448,PC방
664,"서울특별시 중랑구 동일로 879  (묵동,2층)",사이버리아 먹골점,127.077741393516,37.6090303238202,PC방
665,"서울특별시 중랑구 상봉로 110  (망우동,(3층))",PC ZONE,127.093345706876,37.5957067932724,PC방
666,"서울특별시 중랑구 봉우재로 239  (망우동,2층)",보스 PC방,127.099509114026,37.5957565381477,PC방
667,서울특별시 중랑구 면목로 260  (면목동),사이버테크PC방,127.085972386977,37.5759565969386,PC방
668,"서울특별시 중랑구 용마산로 495  (망우동,3층)",대한민국멀티방,127.099659148452,37.5951613969904,PC방
669,서울특별시 중랑구 동일로 919  (묵동),아리라이프존먹골로데오점,127.077065869395,37.6124704724842,PC방
670,"서울특별시 중랑구 면목로 341 (면목동,2층)",오즈PC방,127.088154488573,37.5821763494967,PC방
671,서울특별시 중랑구 봉우재로43길 32  (상봉동),레드죤피시방,127.089623413355,37.5949986161335,PC방
672,"서울특별시 중랑구 동일로 938, 비101호 (묵동, 월등스카이뷰아파트)",스마트PC방,127.077134940011,37.6142077135304,PC방
673,"서울특별시 중랑구 상봉로 56, 1층 (망우동)",골드PC,127.093759449196,37.5907303790754,PC방
674,"서울특별시 중랑구 동일로114길 51 (상봉동, 지상1층)",황금PC,127.083051665883,37.5939506148139,PC방
675,"서울특별시 중랑구 봉우재로 175 (상봉동, 지상1층)",우리PC,127.092361475498,37.5941500239053,PC방
676,"서울특별시 중랑구 상봉로 104 (망우동, 2층)",PC클럽,127.093295387739,37.595218766117,PC방
677,서울특별시 중랑구 상봉로25길 36 (상봉동),바닐라pc방,127.090987902814,37.5949298176037,PC방
678,"서울특별시 중랑구 망우로 276 (상봉동, 지상2층)",렛츠겟잇PC(Lets Get it PC),127.083219392463,37.5955032652358,PC방
679,"서울특별시 중랑구 용마산로 434 (면목동, 지층)",아이비스PC방,127.097376830817,37.5899591743596,PC방
680,서울특별시 중랑구 면목로56가길 8  (면목동),인포마이너자랴,127.088932195985,37.584495823372,PC방
681,서울특별시 중랑구 동일로 833  (중화동),사이버뱅크,127.078586882533,37.6047667317581,PC방
682,서울특별시 중랑구 동일로101길 49  (면목동),인터넷과정보,127.077116605805,37.5887688024565,PC방
683,서울특별시 중랑구 중랑역로 46  (중화동),놀이나라,127.076896583659,37.5977648971162,PC방
684,"서울특별시 중랑구 겸재로 205 (면목동,지상2,3층)",일프로PC방,127.090366051267,37.5892378294679,PC방
685,서울특별시 중랑구 용마산로 446  (망우동),카이스트,127.097926438424,37.5910044109148,PC방
686,서울특별시 중랑구 공릉로12가길 45  (묵동),사이버인터넷PC,127.081817184238,37.6176005647243,PC방
687,서울특별시 중랑구 상봉로 11  (면목동),한스넷,127.094308889254,37.5869224383207,PC방
688,서울특별시 중랑구 망우로 461  (망우동),스타PC방,127.103354113526,37.6005970500919,PC방
689,"서울특별시 중랑구 중랑역로 227, 청 1층 (묵동)",봉봉PC,127.075209197903,37.6138146839904,PC방
690,"서울특별시 중랑구 면목로 489, B101,B102,B103,B104호 (상봉동)",TOP PLACE PC(탑플레이스PC 상봉점),127.085323961726,37.595505726956,PC방
691,"서울특별시 중랑구 면목로 314, 지하1층 (면목동)",탑플레이스PC방 사가정역점,127.088209517609,37.5798794057732,PC방
692,"서울특별시 중랑구 상봉로 65, 한국어린이바둑교실 2층 (면목동)",1004피시(PC),127.0931924605,37.5917699420068,PC방
693,"서울특별시 중랑구 면목로45길 3-8, 4층 (면목동)",삼성PC,127.088184513024,37.5813318260092,PC방
694,"서울특별시 중랑구 겸재로64길 19, 내친구피아노학원 1층 (면목동)",놀이터PC,127.09613978916,37.5894782477537,PC방
695,"서울특별시 중랑구 중랑역로 6, 1층 (중화동)",역전PC,127.07706065651,37.5947923300801,PC방
696,"서울특별시 중랑구 봉우재로 178, 1층 (면목동)",대박PC,127.092675019508,37.5938800212972,PC방
697,"서울특별시 성동구 장터길 51, 플레져미디어빌딩 201호 (금호동3가)",2층 PC,127.02165414442,37.5484299266878,PC방
698,"서울특별시 성북구 보문로34길 62, 모아빌딩 3층 (동선동2가)",해피 PC방,127.01885953079,37.5908419743847,PC방
699,"서울특별시 성북구 종암로19길 16, 지하1층 (종암동)",스피드 PC방,127.033832145511,37.5984593996286,PC방
700,"서울특별시 성북구 동소문로 106, 지하1층 (동선동1가)",브리즈 pc 카페,127.017088831326,37.5925747617089,PC방
701,"서울특별시 성북구 월곡로 108, 지하1층 (하월곡동)",파이브 PC방,127.041590961613,37.6016112891976,PC방
702,"서울특별시 성북구 고려대로24길 32, 칠보빌딩 3, 4층 (안암동5가)",나인티 PC카페,127.029234304551,37.5848050119051,PC방
703,"서울특별시 성북구 종암로19길 17, 양지빌딩 2층 (종암동)",샹떼PC방 종암점,127.033758067444,37.5981642561732,PC방
704,"서울특별시 성북구 오패산로 45, 2층 (하월곡동, 농협 하월곡지점)",세븐PC방,127.03663965165,37.606048234599,PC방
705,"서울특별시 성북구 동소문로 120, 2층 (동선동1가)",로제PC방,127.018398672357,37.5935007844555,PC방
706,"서울특별시 성북구 장위로 43, 2층 (장위동)",세븐PC,127.041669507766,37.6143207101458,PC방
707,서울특별시 성북구 화랑로 107 (하월곡동),놀이터 PC,127.043432877303,37.6039733827891,PC방
708,"서울특별시 성북구 오패산로 16, 구원빌딩 1층 (하월곡동)",구원PC (성인시설),127.037521806164,37.6036686229465,PC방
709,"서울특별시 성북구 오패산로 49, 제일은행 하월곡동지점 (하월곡동)",PC나인,127.036435972117,37.6063976114138,PC방
710,"서울특별시 성북구 보국문로 74, 2층 (정릉동)",대박PC (성인용),127.009105782309,37.6109478360516,PC방
711,"서울특별시 성북구 화랑로 316, 1층 (석관동)",석계PC,127.063282910139,37.6140186382359,PC방
712,"서울특별시 성북구 동소문로 277, 1층 (길음동)",겜블러PC,127.026288078421,37.6055201310931,PC방
713,"서울특별시 용산구 한강대로77길 11, 2층 (갈월동)",제노PC방(갈월점),126.972130856033,37.5417114040155,PC방
714,"서울특별시 용산구 이태원로 180, 스카이하이 지하1층 (이태원동)",아이뎁스PC,126.994224816687,37.5342217426698,PC방
715,"서울특별시 용산구 녹사평대로 240, 1층 (이태원동)",리얼PC방,126.98763333746,37.5389065292265,PC방
716,"서울특별시 용산구 이촌로 290, 지하층 (이촌동, 전보상가)",포그네PC방,126.978884210078,37.5181933311082,PC방
717,"서울특별시 용산구 보광로 40, 2층 (보광동)",엔탑PC방,126.999577904884,37.528013623307,PC방
718,"서울특별시 용산구 청파로47길 52, 지층 102호 (청파동2가, 명신프라자)",놀숲PC,126.967646680698,37.5449725093355,PC방
719,"서울특별시 용산구 효창원로37길 29, 2층 (용문동)",3POP PC방,126.95877718467,37.5381606210203,PC방
720,"서울특별시 용산구 청파로47길 66, 중하빌딩 (청파동2가)",PC CLUB 블랙,126.966770459878,37.545067501628,PC방
721,"서울특별시 용산구 대사관로 72, 제일빌딩 지하1층 (한남동)",덤프,127.005947068599,37.5330952126175,PC방
722,"서울특별시 용산구 후암로28길 38, 101호/109호 (후암동, 남산리치빌)",3POP,126.979266187454,37.5493219003255,PC방
723,서울특별시 용산구 한강대로21나길 40 (한강로3가),드래곤힐스pc방,126.964227468456,37.5282491342856,PC방
724,"서울특별시 용산구 후암로 46 (후암동, 제일은행)",액션,126.977586978891,37.5499660777672,PC방
725,"서울특별시 용산구 한강대로 297 (갈월동, 우신빌딩)",어메이징파크pc방,126.971683656137,37.5447583877858,PC방
726,"서울특별시 용산구 한강대로 363-1, 2층 (동자동)",동자pc방,126.971797580425,37.5508319577772,PC방
727,"서울특별시 용산구 보광로 46, 지층 1,2호 (보광동)",3POP PC방,126.99921497434,37.5283391534087,PC방
728,"서울특별시 성북구 장월로 144-1, 2,3층 (장위동)",라이킷 PC,127.051043731077,37.6177097892253,PC방
729,"서울특별시 성북구 동소문로 120, 지하층 (동선동1가)",아크PC방,127.018398672357,37.5935007844555,PC방
730,"서울특별시 성북구 개운사길 8, 타이거빌딩 지층 (안암동5가)",NINE PC방,127.029576068606,37.5869920871665,PC방
731,"서울특별시 성북구 서경로 83, 2층 (정릉동)",매직넷(청소년PC방),127.014261078527,37.6105933270239,PC방
732,"서울특별시 성북구 아리랑로19길 20, 영신빌딩 지하1층 (정릉동)",보아스 셀프 PC - 2022년도 부터 안함 직권말소 대상,127.012281507183,37.6026042927717,PC방
733,"서울특별시 성북구 보국문로16길 65, 샛별중앙교회 1,2층 (정릉동)",PC TAG,127.009960212774,37.6127706479949,PC방
734,"서울특별시 성북구 동소문로 248, 105동 지하1층 2호 (길음동, 삼부아파트)",제로100PC,127.024541211803,37.6034576002933,PC방
735,서울특별시 성북구 북악산로 1059 (종암동),애니락PC방,127.035624995392,37.5926439632832,PC방
736,"서울특별시 성북구 장월로1길 106, 3층 (하월곡동)",덤프 PC방,127.043064543733,37.6046639464803,PC방
737,"서울특별시 성북구 안암로9가길 76, 안암복합빌딩 2층 (안암동5가)",코리아PC2 (청소년PC방),127.028206118118,37.5822567123651,PC방
738,"서울특별시 성북구 성북로 28, 우암빌딩 지층 (성북동)",긱스타 PC방,127.004312680521,37.590493096497,PC방
739,"서울특별시 성북구 서경로 78, 2층 (정릉동)",러쉬PC,127.014888358128,37.6103415131668,PC방
740,"서울특별시 성북구 종암로 129, 청한빌딩 지층 (종암동)",레드포스PC아레나 종암점,127.032727558227,37.6014264034926,PC방
741,"서울특별시 성북구 보국문로18길 1, 지층 (정릉동)",ATOZ 피시방,127.008927474592,37.6115560173195,PC방
742,"서울특별시 성북구 한천로 572, 2층 (석관동)",제로백PC 석관점,127.063017363252,37.6108596433653,PC방
743,"서울특별시 성북구 개운사길 27, 원영스위트 지층 (안암동5가)",Maps PC방,127.02910131363,37.5875251423782,PC방
744,서울특별시 성북구 종암로 108 (종암동),삼시세끼 PC방,127.034482070909,37.5997942097838,PC방
745,"서울특별시 성북구 보문로 94, 화성빌딩 4층 (보문동4가)",앤유PC,127.020603298681,37.583713478664,PC방
746,서울특별시 성북구 동소문로 286 (하월곡동),화이트PC방(성인),127.027392255148,37.6058215314073,PC방
747,"서울특별시 성북구 정릉로 326, 지층 (정릉동)",맥PC카페,127.019324173459,37.6020693327301,PC방
748,"서울특별시 성북구 보국문로20길 22, 2층 (정릉동)",SOOP PC방,127.009634301486,37.6122917994482,PC방
749,서울특별시 성북구 보문로34길 43 (동선동1가),헬리우스,127.017694871938,37.5908139536716,PC방
750,"서울특별시 성북구 고려대로24길 51, 3층 (안암동5가)",레벨업 PC카페(고대점),127.029709018435,37.5839294883991,PC방
751,"서울특별시 성북구 동소문로25길 58, 지하1층 (동선동5가)",일프로 PC 아레나,127.01615614302,37.5956412381816,PC방
752,"서울특별시 성북구 삼선교로10길 23, 욱립빌딩 2,3층 (삼선동2가)",3POP 피시방,127.009471864277,37.5870978553531,PC방
753,"서울특별시 성북구 솔샘로4길 46, 2층 201,202,203호 (정릉동, 성신프라자)",3POP(쓰리팝)PC방,127.007339974507,37.6085252888642,PC방
754,"서울특별시 성북구 한천로 584, 1층 (석관동)",대박 PC (성인PC방),127.06216848064,37.6116526035018,PC방
755,"서울특별시 성북구 돌곶이로 48, 상희빌딩 3층 (석관동)",ㅋㅋPC - 54대,127.059759187102,37.6084640761894,PC방
756,"서울특별시 성북구 화랑로 245, 지하1층 (장위동)",레벨업PC방 돌곶이점,127.056498494404,37.6108496096764,PC방
757,"서울특별시 강동구 천중로53길 6, 1층 103호 (길동, 현대웰하임1단지)",대박PC,127.145448050859,37.5409803636026,PC방
758,"서울특별시 강북구 솔매로 95, 2층 (미아동)",승부PC,127.022861390786,37.6255172017353,PC방
759,"서울특별시 강북구 한천로 1023, 1층 (번동)",봉pc,127.027858439221,37.6390387542455,PC방
760,서울특별시 강북구 인수봉로85길 24 (수유동),탑PC,127.009163517928,37.6467241999934,PC방
761,"서울특별시 강북구 솔매로 83, 2층 (미아동)",옵티멈존피씨카페미아점 (주),127.021554729043,37.6251850735813,PC방
762,"서울특별시 강북구 솔샘로 294, 1층 (미아동)",엔젤PC,127.025084494315,37.6180802698025,PC방
763,"서울특별시 강북구 솔매로 110, 2층 (미아동)",행운PC,127.024544114211,37.6257289560296,PC방
764,서울특별시 강북구 삼양로 623 (우이동),다크pc카페,127.013523839792,37.6584533150352,PC방
765,"서울특별시 강북구 도봉로81길 10-3, 202호 (수유동)",5G PC,127.022277068469,37.6352958964481,PC방
766,"서울특별시 강북구 월계로3길 57, 대성장모텔 2층 (미아동)",레벨업PC방 미아점,127.031006161196,37.61236209064,PC방
767,"서울특별시 강북구 노해로8길 22, 경남아너스빌 102호 (수유동)",와와PC방,127.024224911455,37.6380051354791,PC방
768,"서울특별시 강북구 한천로139길 42, 지하1층 (수유동, 영남빌딩)",레벨업PC방 수유역점,127.024948947089,37.6388575866282,PC방
769,"서울특별시 강북구 삼양로 447, 2층 (수유동)",탑스타PC방,127.015934869853,37.6433428979238,PC방
770,"서울특별시 강북구 덕릉로 46, 신우빌딩 지하1층 (수유동)",불독PC방,127.018655647874,37.6340697427662,PC방
771,"서울특별시 강북구 도봉로 386, 번동빌딩 지하1층 (번동)",플레잇피씨카페(번동점),127.029225259709,37.6409840098933,PC방
772,"서울특별시 강북구 솔매로28길 1, 2층 (미아동)",스카이PC,127.020078245862,37.6247466434881,PC방
773,"서울특별시 강북구 월계로3길 28, 1층 (미아동)",바닐라pc,127.031362337692,37.6109545615904,PC방
774,"서울특별시 강북구 도봉로 377, SD빌딩 2층 (수유동)",승리PC,127.028276542744,37.6409020712986,PC방
775,"서울특별시 강북구 수유로 67, 2층 (수유동)",대박PC방,127.021054426939,37.6362091795037,PC방
776,"서울특별시 강북구 노해로8길 29, 현대크리스탈 지하1층 B101, B102호 (수유동)",옵티멈존PC카페,127.024206386368,37.6385265392717,PC방
777,"서울특별시 강북구 도봉로 247-1, 2층 (미아동)",LO PC방,127.024180366381,37.6306049898494,PC방
778,"서울특별시 강북구 도봉로 399, 2층 (수유동)",BS PC,127.029806166339,37.6424075100379,PC방
779,"서울특별시 강북구 노해로8길 22, 경남아너스빌 2층 201호 (수유동)",이제이,127.024224911455,37.6380051354791,PC방
780,"서울특별시 강북구 도봉로97길 7, 1층 (수유동)",골드PC,127.028833183206,37.6417388610523,PC방
781,"서울특별시 강북구 도봉로77길 18, 1층 (수유동)",트리플PC방,127.022283731099,37.6337055656322,PC방
782,"서울특별시 강북구 삼양로 625-1, 3층 (우이동)",명당PC,127.013629071112,37.6587898196438,PC방
783,"서울특별시 강북구 도봉로82길 11, 지층 (번동)",정민PC,127.02438249679,37.635885625547,PC방
784,"서울특별시 강북구 노해로8길 16, 203호 (수유동, 우암쎈스뷰)",승리PC방,127.024012411578,37.6378023671943,PC방
785,"서울특별시 강북구 솔샘로 254, 삼양아케이트 지하1층 2호 (미아동)",옵티멈존림피씨카페 삼양사거리점 (주),127.020743950051,37.6193297017502,PC방
786,"서울특별시 강북구 도봉로78길 18, 1층 (미아동)",대박PC게임,127.024598145386,37.6336246478048,PC방
787,"서울특별시 강북구 한천로139가길 12, 2층 (수유동)",깐부PC,127.025664512367,37.6400704289305,PC방
788,"서울특별시 강북구 오패산로 385, 2층 (번동)",황금PC,127.028073490379,37.635746864196,PC방
789,"서울특별시 강북구 한천로 1130, 1층 (수유동)",오봉PC게임,127.019199509888,37.6457425430797,PC방
790,"서울특별시 강북구 한천로143길 36, 1층 (수유동)",팔팔PC,127.023284464785,37.6406870159442,PC방
791,"서울특별시 강북구 삼양로 169, 1층 (미아동)",스타PC,127.020814066529,37.6189315428573,PC방
792,"서울특별시 강북구 삼양로 438, 한일빌딩 4층 (수유동)",욜로PC방,127.016678775368,37.64254344188,PC방
793,"서울특별시 강북구 한천로132길 57, 2층 (번동)",마카오PC,127.029927966467,37.6412705269995,PC방
794,"서울특별시 강북구 삼양로28길 5, 1층 (미아동)",대박PC,127.0216707548,37.6186478477381,PC방
795,서울특별시 강북구 노해로11길 31 (수유동),비바PC,127.020881479339,37.6388346807302,PC방
796,"서울특별시 강북구 한천로144길 26, 1층 (수유동)",신바람 P.C,127.026297540097,37.6420321833213,PC방
797,"서울특별시 강북구 오패산로52길 72, 1층 (미아동)",드래곤볼 PC방,127.032432516773,37.6261013214369,PC방
798,"서울특별시 강북구 솔샘로 237, 지하1층 (미아동)",홀릭 PC,127.019292595153,37.6201102033911,PC방
799,"서울특별시 강북구 도봉로77길 15, 동경빌딩 (수유동)",다원PC방,127.022360720421,37.6335413914787,PC방
800,"서울특별시 강북구 수유로 36  (수유동,(지층))",헬로PC플라자,127.019623016721,37.6339338974123,PC방
801,"서울특별시 강북구 삼양로 496  (수유동,2층)",짱PC방,127.014842283514,37.6474745019679,PC방
802,"서울특별시 강북구 한천로160길 5  (수유동,2층)",메이저인터넷프라자,127.020177570806,37.6452021499363,PC방
803,"서울특별시 노원구 덕릉로127길 3, 101호 (상계동)",당고개PC,127.081914848842,37.6713841831673,PC방
804,"서울특별시 강북구 삼양로 206-1, 1층 (미아동)",친구PC,127.020230284236,37.6223081857282,PC방
805,"서울특별시 강북구 삼양로 202  (미아동,2층)",PC아일랜드,127.02056237887,37.6218003318061,PC방
806,"서울특별시 강북구 삼양로 161, 행전빌딩 지하1층 (미아동)",레벨업피시방,127.021123478902,37.6183899941147,PC방
807,"서울특별시 강북구 도봉로28길 5  (미아동,1층)",늑대와여우 PC방,127.029068205609,37.6205822098558,PC방
808,"서울특별시 강북구 오패산로78길 22, 1층 (번동)",에이스PC,127.027502773485,37.6380707294158,PC방
809,"서울특별시 강북구 덕릉로 133  (번동,2층)",스피드인터넷프라자,127.028543926314,37.6352458935583,PC방
810,서울특별시 강북구 월계로7길 63  (미아동),샹떼 PC방,127.033934764054,37.612972245381,PC방
811,"서울특별시 강북구 삼양로 246, 2층 203,204호 (미아동)",제로100 삼양역점,127.018654166348,37.6254230679383,PC방
812,"서울특별시 강북구 오현로32길 30-27  (번동,2층)",윈윈PC방,127.039711042337,37.6272297445737,PC방
813,"서울특별시 강북구 월계로37길 97  (번동,2층)",대한민국 PC방,127.043866363607,37.6263008873698,PC방
814,서울특별시 강북구 월계로37길 91 (번동),W PC방,127.044029484657,37.6261035105171,PC방
815,"서울특별시 강북구 한천로123길 62, 1층 (번동)",별밤PC방,127.028615578426,37.6359674753679,PC방
816,"서울특별시 강북구 도봉로8길 24  (미아동,,2층)",돼지PC방,127.031387170287,37.6123715404014,PC방
817,"서울특별시 강북구 솔매로 75  (미아동,,2층)",드림 스페이스,127.020669965557,37.6249883662314,PC방
818,"서울특별시 강북구 수유로 63  (수유동,,2층)",winner(위너),127.02062919281,37.6360817652029,PC방
819,"서울특별시 강북구 도봉로 30  (미아동,B201)",EOS PC ZONE,127.030727581204,37.6116298396797,PC방
820,"서울특별시 강북구 한천로 1047, 2층 (수유동)",타짜PC,127.025705572221,37.6405289310728,PC방
821,서울특별시 강북구 솔샘로 298 (미아동),놀이터PC,127.02540818642,37.6179965888604,PC방
822,"서울특별시 강북구 도봉로 274, 1층 (미아동)",왕PC,127.023822552267,37.6329231192761,PC방
823,"서울특별시 강북구 도봉로8길 41, 1층 (미아동)",드래곤 PC방,127.032289464644,37.6120064865548,PC방
824,"서울특별시 강북구 삼양로77가길 6  (수유동,,3층)",I.F.O,127.01700615717,37.6298058058402,PC방
825,"서울특별시 강북구 인수봉로 318,  3층호 (수유동,세화빌딩)",밀레니엄인터넷플라자 4.19점,127.01065951818,37.6471375357007,PC방
826,"서울특별시 강북구 삼양로 206-1  (미아동,2층)",토토로PC,127.020230284236,37.6223081857282,PC방
827,"서울특별시 강북구 솔매로 102, 2층 (미아동)",세븐pc방,127.023590672591,37.6254802979209,PC방
828,"서울특별시 강북구 한천로140길 5-34  (수유동,2층)",멘토PC방,127.02563722932,37.6414551580402,PC방
829,서울특별시 강북구 삼각산로20길 27 (수유동),MU피씨방,127.016097081729,37.6394672010607,PC방
830,"서울특별시 강북구 도봉로 113  (미아동,302호)",넷크루,127.028845694825,37.6190010309233,PC방
831,"서울특별시 강북구 솔샘로 294  (미아동,2층)",N세대인터넷PC방,127.025084494315,37.6180802698025,PC방
832,"서울특별시 강북구 덕릉로 14  (수유동,2층)",인터넷PC나라,127.015194855518,37.6338405779784,PC방
833,"서울특별시 강북구 삼양로141길 4-4  (우이동,2층)",넷사이버,127.012802949883,37.6505286238766,PC방
834,"서울특별시 강북구 솔샘로 219  (미아동,3층)",아지트 PC방,127.017102732859,37.6201618073002,PC방
835,"서울특별시 강북구 오패산로 385  (번동,2층)",90210 피씨존,127.028073490379,37.635746864196,PC방
836,"서울특별시 강북구 한천로131길 29  (번동,지층)",아이러브 PC클럽,127.027018534163,37.6380672373616,PC방
837,"서울특별시 강북구 도봉로96길 11  (번동,2층)",벙커속의저글링,127.029578494872,37.6405883896446,PC방
838,"서울특별시 강북구 도봉로24길 16  (미아동,2층)",논스톱PC,127.029892967434,37.619521180855,PC방
839,서울특별시 강북구 삼양로123길 10 (수유동),로마루 PC,127.015299663419,37.6449524999366,PC방
840,"서울특별시 강북구 오패산로 411  (번동,2층)",유니넷PC방 번동점,127.026439292291,37.6372594553038,PC방
841,"서울특별시 강북구 오현로25다길 91  (번동,2층)",사이버 피플,127.033007316373,37.6256226479415,PC방
842,"서울특별시 강북구 덕릉로 1  (수유동,, 2층)",제너시스21,127.013750291232,37.6339698664113,PC방
843,"서울특별시 강북구 도봉로49길 11, 3층 (미아동)",아이리쉬PC,127.025765702919,37.6250118704133,PC방
844,"서울특별시 강북구 도봉로 328  (번동,가든타워201호)",주식회사 게임아이,127.025191277715,37.6371277340534,PC방
845,"서울특별시 강북구 한천로 1077, 현광빌딩 지하1층 (수유동)",BeBe PC 수유점,127.023205205737,37.6423135787989,PC방
846,"서울특별시 강북구 삼양로 346  (수유동,지층)",드림존 PC방,127.017666458347,37.6344097467844,PC방
847,"서울특별시 강북구 오현로20길 46  (번동,솔그린아파트 상가2층)",비타민PC,127.039061654283,37.6266916218151,PC방
848,"서울특별시 강북구 노해로 97  (수유동,지층)",샤인 PC방,127.022945442913,37.644303543265,PC방
849,"서울특별시 강북구 월계로7길 38, 1층 (미아동)",로또PC,127.03348235304,37.6118531662105,PC방
850,"서울특별시 강북구 도봉로 313, 효성 인텔리안 오피스텔 지층 (수유동)",메가런PC방,127.023461920784,37.6364404587321,PC방
851,"서울특별시 강북구 월계로7나길 4, 방천프라자 (미아동)",와우PC방,127.033708462013,37.6129553716493,PC방
852,"서울특별시 강북구 솔매로 89  (미아동,,2층)",X인터넷피시방,127.022065541169,37.6253105767453,PC방
853,"서울특별시 강북구 삼양로 370, 903동 0916호 (수유동,(2층))",우와넷,127.017452700056,37.6364568174109,PC방
854,"서울특별시 강북구 솔샘로 219  (미아동,,47, 3층)",짱 인터넷PC게임방,127.017102732859,37.6201618073002,PC방
855,"서울특별시 강북구 도봉로 249, 2층 (미아동)",해PC 수유시장점,127.024068364748,37.6307272765646,PC방
856,서울특별시 강북구 한천로 1118  (수유동),와후수유점,127.020186917746,37.6449887953472,PC방
857,"서울특별시 강북구 노해로 56  (수유동,(2층))",사이버월드,127.022771649695,37.6406614379771,PC방
858,"서울특별시 강북구 월계로7길 49  (미아동,2층)",파워넷,127.033464453081,37.6123473637194,PC방
859,"서울특별시 강북구 4.19로 3  (수유동,지층)",스피드PC프라자,127.013861190181,37.6479190764902,PC방
860,"서울특별시 강북구 한천로109길 3  (번동,2층)",넷클럽,127.043812914652,37.6284570581872,PC방
861,"서울특별시 강북구 솔샘로 313  (미아동,2층)",허브PC카페,127.027034998142,37.6175237492199,PC방
862,"서울특별시 강북구 도봉로10가길 15  (미아동,, 1층)",아이존,127.031361727002,37.6130064740091,PC방
863,"서울특별시 강북구 삼양로 447  (수유동,2층)",인터넷존,127.015934869853,37.6433428979238,PC방
864,"서울특별시 강북구 삼양로54길 147  (미아동,3층)",바이러스게임방,127.025934549499,37.6238839778191,PC방
865,서울특별시 강북구 삼양로 531 (우이동),사이버프랜드 PC방,127.013097068503,37.6502235187092,PC방
866,"서울특별시 강북구 월계로37길 137, 지하1층 (번동, 기산그린아파트)",라임 PC&CAFE(번동점),127.043435610265,37.627170859251,PC방
867,서울특별시 강북구 도봉로98길 28  (번동),클릭PC방,127.031161643215,37.641068927668,PC방
868,"서울특별시 강북구 한천로131길 33  (번동,3층)",피씨방,127.026890682256,37.6379253614354,PC방
869,"서울특별시 강북구 덕릉로 136-1  (번동,3층)",초콜릿PC존(번동점),127.0289108691,37.6349086554675,PC방
870,서울특별시 강북구 도봉로 259 (수유동),방아간PC방,127.02375274585,37.6314386690103,PC방
871,"서울특별시 강북구 덕릉로 37  (수유동,3층)",고수골,127.017827786225,37.6344040463093,PC방
872,"서울특별시 강북구 도봉로 132, 엠디시빌딩 2층 (미아동)",3POP PC방 미아점,127.028707276977,37.6207624056416,PC방
873,서울특별시 강북구 덕릉로 130 (번동),천지pc,127.028078473772,37.6348393905176,PC방
874,"서울특별시 강북구 노해로 64-1, 1층 (수유동)",다온PC,127.022706251764,37.6413324137641,PC방
875,"서울특별시 강북구 도봉로6길 12  (미아동,3층)",멀티PC방,127.0307538598,37.6124613555372,PC방
876,"서울특별시 강북구 월계로37길 146  (번동,3층)",프로인터넷,127.043618953383,37.6284243341433,PC방
877,"서울특별시 강북구 한천로139길 10  (수유동,3층)",사이버 퀸 PC방,127.026107427602,37.6398017482155,PC방
878,"서울특별시 강북구 한천로140길 49  (수유동,1층)",퓨전,127.028539876058,37.6418362386848,PC방
879,"서울특별시 강북구 한천로143길 36  (수유동,지층)",n스타PC,127.023284464785,37.6406870159442,PC방
880,"서울특별시 강북구 노해로 95  (수유동,3층)",넷 킹,127.022681122062,37.6440189735156,PC방
881,"서울특별시 강북구 오패산로67길 42, 1층 (번동)",셈미PC방,127.025790715108,37.6357653148818,PC방
882,"서울특별시 강북구 도봉로 199  (미아동,2층)",인터넷PC월드,127.025766530318,37.6264243473455,PC방
883,"서울특별시 강북구 한천로144길 11  (수유동,2층)",프로게이머,127.025561948799,37.6416490662271,PC방
884,"서울특별시 강북구 삼양로77길 25  (수유동,2층)",아이지존,127.016878572118,37.6296952731454,PC방
885,"서울특별시 강북구 도봉로87길 43  (수유동,2층)",큐릭스pc방,127.023476311114,37.6389665476182,PC방
886,"서울특별시 강북구 솔샘로 225, 3층 (미아동)",런PC방,127.017759024953,37.6201521598856,PC방
887,"서울특별시 강북구 수유로 38  (수유동,3층)",테라인터넷,127.019579360982,37.6342200576908,PC방
888,"서울특별시 강북구 솔매로 102  (미아동,2층)",U2인터넷PCCLUB,127.023590672591,37.6254802979209,PC방
889,"서울특별시 강북구 솔샘로 327  (미아동,2층)",사이버리아PC방,127.028455452166,37.617439353054,PC방
890,"서울특별시 강북구 삼양로54길 143  (미아동,3층)","마징가PC,방",127.025792259305,37.6238427437952,PC방
891,서울특별시 강북구 수유로 50 (수유동),아이비스 PC방 수유점,127.019633094903,37.6352073486734,PC방
892,"서울특별시 강북구 노해로 124  (수유동,2층)",인터넷뉴월드,127.02493172925,37.6459883405072,PC방
893,"서울특별시 강북구 월계로3길 12  (미아동,2층)",실로암컴퓨터(주),127.031437823398,37.6102810521026,PC방
894,"서울특별시 강북구 오현로 35  (미아동,3층)",마린인터넷플라자,127.033899981641,37.616689463704,PC방
895,"서울특별시 강북구 삼양로77길 25  (수유동,2층)",웹시티 PC방,127.016878572118,37.6296952731454,PC방
896,"서울특별시 강북구 솔샘로64길 7  (미아동,지층)",무한클릭 PC방,127.027551039923,37.6168978935849,PC방
897,"서울특별시 강북구 삼양로 423  (수유동,2층)",아마존PC방,127.016597361265,37.6412513516267,PC방
898,"서울특별시 강북구 노해로 31, 삼오빌딩 2층 (수유동)",여우PC,127.022546310141,37.6384751516532,PC방
899,"서울특별시 강북구 수유로 73-1, 2층 (수유동)",놀이터PC,127.021818998094,37.6363853634038,PC방
900,"서울특별시 강북구 수유로 76  (수유동,지층)",짱PC,127.021933362617,37.6361661324857,PC방
901,"서울특별시 강북구 4.19로 4  (수유동,2층)",넷스페이스,127.013730047776,37.6483246244788,PC방
902,"서울특별시 강북구 삼양로 531  (우이동,2층)",사이버리아말티PC방우이동점,127.013097068503,37.6502235187092,PC방
903,"서울특별시 강북구 삼양로 470  (수유동,지층)",드림피씨방,127.015895706194,37.6451277526052,PC방
904,"서울특별시 강북구 노해로 95 (수유동,3층)",리플레이PC,127.022681122062,37.6440189735156,PC방
905,"서울특별시 강북구 수유로 77, 2층 (수유동)",라스베가스PC,127.022147215854,37.6363827794914,PC방
906,"서울특별시 강북구 노해로33길 23  (수유동,2층)",인터스페이스,127.023124384085,37.6462207119261,PC방
907,"서울특별시 강북구 덕릉로 18, 986동 9180호 (수유동,(2층))",매직스페이스,127.01549632779,37.6338496387237,PC방
908,"서울특별시 강북구 삼양로123길 6-12, 1층 (수유동)",히든PC,127.01533668915,37.6453755971713,PC방
909,"서울특별시 강동구 상암로 73, 1층 (암사동)",세븐 PC,127.131245822201,37.5486440482384,PC방
910,"서울특별시 성동구 용답19길 17-1, 새마을금고 지하1층 (용답동)",탑클래스PC 용답점,127.052481864068,37.5638156826095,PC방
911,"서울특별시 성동구 광나루로 337, 2층 (송정동)",행운 PC,127.067234924413,37.5485118802394,PC방
912,"서울특별시 성동구 금호로 86, 금호연풍교회 2층 나호 (금호동1가)",1프로PC아레나,127.025769360191,37.5512121044209,PC방
913,"서울특별시 성동구 천호대로 400, 지1층 B112호 (용답동, 신창비바패밀리)",장한평PC방,127.063321479459,37.5612964964549,PC방
914,"서울특별시 성동구 행당로17길 27, 2층 (행당동, 에뜨롬행당)",레드포스 PC 아레나 왕십리점,127.032586553151,37.5606049409487,PC방
915,서울특별시 성동구 금호산길 71  (금호동2가),검프인터넷게임방,127.019601957921,37.5545554514075,PC방
916,서울특별시 성동구 상원길 58 (성수동1가),프리미엄 본스 PC방,127.048207218373,37.5491362031845,PC방
917,"서울특별시 성동구 마조로3가길 15, 지하 1층 (행당동)",도깨비PC방Ⅱ,127.03989916258,37.55928471794,PC방
918,"서울특별시 성동구 용답15길 14 (용답동, 삼도빌딩)",코아인PC방,127.051947277565,37.5642917351454,PC방
919,"서울특별시 성동구 성덕정길 58, 동현빌딩 (성수동1가)",인디고PC방,127.04983797524,37.5380170136893,PC방
920,서울특별시 성동구 상원길 50 (성수동1가),지투존 PC방(뚝섬역점),127.048435238491,37.5484290061859,PC방
921,서울특별시 성동구 사근동길 52  (사근동),인터뱅크,127.046514947844,37.5607588505651,PC방
922,"서울특별시 성동구 무학봉28길 1, B1층 (하왕십리동)",앤탑 PC,127.032382076511,37.5625318686893,PC방
923,"서울특별시 성동구 마장로 201, 2층 (홍익동)",스타 PC방,127.032188966313,37.5666985784504,PC방
924,"서울특별시 성동구 사근동8길 11, 2층 (사근동)",秀(수)PC방,127.046826592712,37.5601257771204,PC방
925,서울특별시 성동구 왕십리로 236-1 (행당동),아이닉스 PC,127.041298107188,37.5579403096281,PC방
926,서울특별시 성동구 행당로 1 (금호동1가),긱스타 Cafe pc방,127.020335835064,37.5548124720494,PC방
927,"서울특별시 성동구 장터길 34, 남지빌딩 B01층 (금호동4가)",래드포스PC,127.019612621523,37.5481743997868,PC방
928,"서울특별시 성동구 아차산로7길 8, 2층 (성수동2가)",앤탑PC방,127.054482141376,37.5458574431701,PC방
929,"서울특별시 성동구 마조로 17, B1층 (행당동, 한양시장)",비원(BONE) PC,127.040469845279,37.5595557237992,PC방
930,서울특별시 성동구 동일로 187 (송정동),맞짱PC,127.067435713733,37.548931360746,PC방
931,서울특별시 성동구 성덕정길 84 (성수동2가),N JOY PC방,127.052762758573,37.5377619313618,PC방
932,서울특별시 성동구 성수일로12길 15  (성수동2가),올넷(ALL NET),127.052938959553,37.5486887229106,PC방
933,서울특별시 성동구 행당로15길 21 (행당동),원게임 PC방,127.031074791355,37.5597847205551,PC방
934,"서울특별시 성동구 고산자로 234, 지하1층 (행당동)",이스포츠센터,127.03526540093,37.5605265052689,PC방
935,"서울특별시 성동구 성덕정길 86, 2층 (성수동2가)",2RANG PC,127.053043206878,37.5377024298091,PC방
936,서울특별시 성동구 성덕정19길 1 (성수동2가),거북선PC방,127.055463400818,37.5373831747349,PC방
937,"서울특별시 성동구 난계로 32, 2층 (금호동1가)",쓰리팝 PC,127.025029317419,37.5551410652603,PC방
938,"서울특별시 성동구 마장로 137, 2층 2136호, 2137호 (상왕십리동, 텐즈힐)",W PC,127.025053595952,37.5678250213489,PC방
939,"서울특별시 성동구 금호로 86  (금호동1가,가동3층)",듀얼인터넷pc방,127.025769360191,37.5512121044209,PC방
940,서울특별시 성동구 왕십리로21길 14  (행당동),멀티PC게임방,127.032864490866,37.5612978205226,PC방
941,"서울특별시 성동구 마조로 9, 지하1층 (행당동)",G PLUS PC방,127.040554610589,37.5587090278115,PC방
942,"서울특별시 성동구 아차산로 91, 현진빌딩 4층 (성수동2가)",WEST PC방,127.054482759879,37.545307923565,PC방
943,서울특별시 성동구 독서당로39길 43-1  (옥수동),사이버넷,127.010937661597,37.5408854464724,PC방
944,"서울특별시 성동구 왕십리로 333, 유성빌딩 지하1층 (하왕십리동)",텐즈PC (TENZ PC),127.032571064368,37.562723999259,PC방
945,서울특별시 성동구 마장로 283 (마장동),블랙홀PC방,127.041429927751,37.5656518033574,PC방
946,서울특별시 성동구 마조로5길 3-3  (행당동),CYBER ZONE,127.040672881648,37.5597496386723,PC방
947,서울특별시 성동구 왕십리로 284  (행당동),단비넷PC방,127.036904798892,37.5597786273063,PC방
948,"서울특별시 성동구 천호대로 304  (용답동,4층)",테크노pc방,127.054020786993,37.5654468726963,PC방
949,서울특별시 성동구 무학봉길 50 (하왕십리동),힘쎈수달 PC방,127.028286038522,37.5603842241488,PC방
950,"서울특별시 성동구 마조로 11, 지하1층 (행당동)",3POP PC2(쓰리팝 PC2),127.040664404256,37.5589370324066,PC방
951,서울특별시 성동구 성덕정17길 12  (성수동2가),사이버피시방,127.055339295186,37.5383228860946,PC방
952,서울특별시 성동구 아차산로 93  (성수동2가),인터뱅크,127.05468798751,37.5452517865527,PC방
953,서울특별시 성동구 마조로1가길 4 (행당동),도깨비 PC방,127.039581541457,37.5602780838591,PC방
954,서울특별시 성동구 장터길 19 (금호동3가),인디고PC방 금호본점,127.018033514449,37.5484801801775,PC방
955,"서울특별시 성동구 마조로5길 7, 지하1층 (행당동)",TEN PC방,127.040381543832,37.5599355242388,PC방
956,서울특별시 성동구 성덕정길 84  (성수동2가),N-JOY,127.052762758573,37.5377619313618,PC방
957,"서울특별시 성동구 마조로 17 (행당동, 한양시장)",본스PC방 (BONS PC),127.040469845279,37.5595557237992,PC방
958,"서울특별시 성동구 왕십리로24길 27, 2층 (도선동)",형네 PC방,127.034286098898,37.5648418461351,PC방
959,"서울특별시 성동구 천호대로 312, 2층 (용답동, 태광빌딩)",하투PC,127.054560923079,37.5649822509522,PC방
960,"서울특별시 성동구 독서당로 329, 2층 (금호동3가)",시티 PC,127.025502304004,37.5482750875088,PC방
961,"서울특별시 성동구 마조로 7, 지하1층 (행당동)",레벨업(LEVEL UP)PC CAFE,127.040443630196,37.5585875213707,PC방
962,"서울특별시 강북구 삼양로 516  (수유동,(4층))",블리자드,127.014168603126,37.64907707393,PC방
963,"서울특별시 강북구 노해로 88  (수유동,한영빌딩 3층)",로드넷,127.022676033029,37.6433057554597,PC방
964,"서울특별시 강북구 도봉로 336  (번동,3층)",삼보피씨광장,127.025692922639,37.6376847950519,PC방
965,"서울특별시 강북구 월계로7나길 9  (미아동,2층)",광인터넷PC나라,127.033362173064,37.6125859745342,PC방
966,"서울특별시 강북구 덕릉로 64  (수유동,3층)",네오프러스PC방,127.020807468228,37.6342709333841,PC방
967,"서울특별시 강북구 도봉로 381  (수유동,3층)",에니넷PC죤,127.028561585582,37.6411270685711,PC방
968,"서울특별시 강북구 삼양로 529  (우이동,2층)",고개드니날샛네,127.013182815726,37.650032500731,PC방
969,"서울특별시 강북구 삼양로 337  (수유동,,3층)",리얼탑넷,127.01734565592,37.6336215220719,PC방
970,"서울특별시 강북구 도봉로 130  (미아동,3층)",U2인터넷PC클럽,127.028880419338,37.6206306390013,PC방
971,"서울특별시 강북구 삼양로123길 27  (수유동,2층)",인터파크,127.014064641895,37.6445995580184,PC방
972,"서울특별시 강북구 수유로 42  (수유동,3층)",로그인PC방,127.019575850107,37.6346564956703,PC방
973,"서울특별시 강북구 수유로 69-1  (수유동,2층)",성호인터넷PC방,127.021393439051,37.6363182278353,PC방
974,"서울특별시 강북구 삼양로91길 11-15  (수유동,1층)",루키죤PC방,127.016440995684,37.6360784588166,PC방
975,"서울특별시 강북구 삼양로 346  (수유동,지층)",페스타임,127.017666458347,37.6344097467844,PC방
976,"서울특별시 강북구 도봉로49길 11  (미아동,3층)",인터넷멀티죤ⅡPC방,127.025765702919,37.6250118704133,PC방
977,"서울특별시 강북구 한천로139길 42  (수유동,영남빌딩501호)",썬PC클럽,127.024948947089,37.6388575866282,PC방
978,"서울특별시 강북구 도봉로 337  (수유동,지하1층)",아이닉스 PC방,127.025268963896,37.6380260896375,PC방
979,"서울특별시 강북구 월계로3길 69  (미아동,4층)",싸이버공원,127.031384301029,37.6128206841138,PC방
980,"서울특별시 강북구 한천로 1127, 성은빌딩 3층 (수유동)",오션PC,127.01905594543,37.6452973902375,PC방
981,"서울특별시 강북구 한천로 1105, 1층 (수유동)",백구PC,127.020962124279,37.6439897391917,PC방
982,"서울특별시 강북구 도봉로 385  (수유동,2층)",아마존,127.028764274379,37.6413933503416,PC방
983,"서울특별시 강북구 월계로7나길 29  (미아동,1층)",메게넷인터넷PC방,127.032280468835,37.6124186914476,PC방
984,"서울특별시 강북구 오패산로77길 4  (번동,2층)",JOYFUL(조이풀)PCCLUB,127.026198676491,37.6373384352726,PC방
985,"서울특별시 강북구 솔매로 70  (미아동,지하)",초콜릿PC방,127.019873212319,37.624747579185,PC방
986,"서울특별시 강북구 도봉로96길 24  (번동,2층)",G-zone PC방,127.029827573322,37.6401211664112,PC방
987,"서울특별시 강북구 도봉로13길 47  (미아동,,2층)",컴생컴사인터넷멀티게임장,127.027648004629,37.6150858031305,PC방
988,"서울특별시 강북구 삼양로 292  (수유동,2층)",인터스페이스,127.018128174988,37.6294756976145,PC방
989,"서울특별시 강북구 삼양로 522, 지하1층 (우이동)",소풍PC방 덕성여대점,127.013864912424,37.6496557214652,PC방
990,서울특별시 강북구 노해로 37 (수유동),보고플레이,127.022516986001,37.6389179913251,PC방
991,"서울특별시 강북구 한천로144길 22  (수유동,1층)",스크린도둑,127.02613624169,37.6418438233296,PC방
992,"서울특별시 강북구 도봉로30길 6  (미아동,1층)",영화마을미아9동점,127.028946317748,37.6208558697605,PC방
993,"서울특별시 강북구 도봉로95길 41  (수유동,1층)",신새대컴퓨터게임랜드,127.026794745565,37.642101717538,PC방
994,서울특별시 강북구 인수봉로50길 10  (수유동),홍능과학출판사,127.013561392872,37.6349963811035,PC방
995,"서울특별시 강북구 덕릉로 27  (수유동,2층)",한게임오때,127.01651174301,37.634260530625,PC방
996,"서울특별시 강북구 도봉로87길 48  (수유동,2층)",준피씨방,127.023275387948,37.6391938158003,PC방
997,"서울특별시 강북구 삼양로 625  (우이동,2층)",플레이플보스 PC방,127.013568757639,37.6586695455225,PC방
998,서울특별시 강북구 한천로 1130  (수유동),럭셔리 PC방,127.019199509888,37.6457425430797,PC방
999,"서울특별시 강북구 솔매로 77  (미아동,2층)",라이너 PC방,127.020812941036,37.6250520408791,PC방
1000,"서울특별시 강북구 노해로 53  (수유동,2층)",썬 pc카페,127.022352692152,37.6404004127581,PC방
1001,"서울특별시 강북구 솔샘로 264 (미아동,2층)",비발디 PC방,127.021645846432,37.6190759116726,PC방
1002,"서울특별시 강북구 도봉로 41-1  (미아동,402호)",탑 인터월드,127.029674823532,37.6127184136305,PC방
1003,"서울특별시 강북구 도봉로29길 10  (미아동,지하)",일루젼,127.027664593676,37.6207303993394,PC방
1004,"서울특별시 강북구 도봉로 45  (미아동,(3층))",짱인터넷PC방,127.02945322795,37.6131435556689,PC방
1005,"서울특별시 강북구 도봉로 59  (미아동,4층)",매직캐슬,127.029674064367,37.6142282907429,PC방
1006,"서울특별시 강북구 오현로34길 12  (번동,,2층)",인터라인,127.040039504413,37.6286035478846,PC방
1007,"서울특별시 강북구 노해로 113  (수유동,2층)",IBC-net,127.023887945328,37.6453844468256,PC방
1008,"서울특별시 강북구 삼양로 522  (우이동,,2층)",어라 PC 방이네,127.013864912424,37.6496557214652,PC방
1009,"서울특별시 강북구 솔샘로64길 2  (미아동,,2층)",NetZone,127.027220785164,37.6169805908464,PC방
1010,서울특별시 강북구 도봉로96길 11  (번동),아이닉스 PC방,127.029578494872,37.6405883896446,PC방
1011,"서울특별시 강북구 덕릉로 82, 제네스타워 3층 (수유동)",T-U PC방,127.022843274109,37.6344266074982,PC방
1012,"서울특별시 강북구 솔매로 101  (미아동,2층)",사이버랜드,127.023421827389,37.6256538616326,PC방
1013,"서울특별시 강북구 한천로139나길 1  (수유동,,4층)",ALPHA.net(알파넷),127.025278711331,37.6390404163578,PC방
1014,"서울특별시 강북구 월계로37길 107, 2층 (번동)",인디고PC방,127.043944960774,37.6268447837905,PC방
1015,서울특별시 강북구 솔매로43길 11-3 (미아동),"엔터,인터넷 PC방",127.023983541993,37.6262360565903,PC방
1016,"서울특별시 강북구 노해로11길 15, 지층동 (수유동)",테마PC방,127.02177010717,37.6388966880632,PC방
1017,"서울특별시 강북구 솔매로 79  (미아동,3층)",미션#1미아점,127.021022172022,37.6250699334293,PC방
1018,"서울특별시 영등포구 영등포로 248, 대흥빌딩 104호 (영등포동3가)",수박PC,126.908762583452,37.5188636633622,PC방
1019,"서울특별시 강북구 도봉로 290, 203호 (미아동, 수유역푸르지오시티)",골드PC,127.023773791961,37.6342034297487,PC방
1020,"서울특별시 강북구 월계로3길 28  (미아동,,2층)",SF인터넷PC방,127.031362337692,37.6109545615904,PC방
1021,"서울특별시 강북구 한천로109길 33  (번동,, 지층)",G.M.I,127.042294815654,37.6280914512264,PC방
1022,서울특별시 강북구 인수봉로75길 72  (수유동),디브이드키드,127.007049353103,37.6443796248858,PC방
1023,서울특별시 강북구 삼양로79길 20 (수유동),허브PC,127.016586123075,37.6309623714762,PC방
1024,"서울특별시 강북구 도봉로87길 14  (수유동,5층)",미션,127.024989508928,37.6385208799929,PC방
1025,"서울특별시 강북구 솔매로 99  (미아동,3층)",삼보인터넷PC광장,127.023205783688,37.6255918263219,PC방
1026,"서울특별시 강북구 솔매로 84  (미아동,지층)",프리존PC방,127.021618108086,37.6249875656425,PC방
1027,"서울특별시 강북구 덕릉로40길 79 (번동, 대명빌딩)",게임팩토리,127.033550579883,37.6343855765606,PC방
1028,"서울특별시 강북구 덕릉로40길 66 (번동, 신명타워)",게임팩토리PC,127.033037300442,37.6337330474474,PC방
1029,"서울특별시 강북구 도봉로87길 3  (수유동,덕인빌딩 지층)",나비 PC CLUB,127.025170304196,37.638095126176,PC방
1030,"서울특별시 강북구 한천로 1038, 천지빌딩,유료주차장 4층 (수유동)",1프로 PC 아레나,127.027026777635,37.6401812161408,PC방
1031,"서울특별시 강북구 도봉로30길 15  (미아동,2층)",오렌지pc방,127.029209680277,37.6211559238267,PC방
1032,"서울특별시 강북구 도봉로77길 15  (수유동,2층)",벤처PC,127.022360720421,37.6335413914787,PC방
1033,"서울특별시 강북구 도봉로10가길 16  (미아동,3층)",엘프PC방,127.031231214192,37.6129187523112,PC방
1034,"서울특별시 강북구 오패산로52길 61  (미아동,2층)",PC CLUB EZ,127.032279027625,37.6255907742857,PC방
1035,"서울특별시 강북구 노해로 57  (수유동,3층)",사이버리아PC방,127.022233155548,37.6407709202116,PC방
1036,"서울특별시 강북구 도봉로89길 8  (수유동,2층)",용가리PC방,127.026164986483,37.6391609551032,PC방
1037,"서울특별시 강북구 삼양로 623, 지층 (우이동)",유니넷PC방(우이동점),127.013523839792,37.6584533150352,PC방
1038,"서울특별시 강북구 노해로11길 10  (수유동,지하)",YES SIR PC방,127.022077316681,37.639078179423,PC방
1039,서울특별시 강북구 한천로140길 74 (수유동),타이탄pc,127.029429956149,37.6426006854172,PC방
1040,"서울특별시 강북구 수유로 81, 3층 (수유동)",파라다이스,127.022510327124,37.6363747821024,PC방
1041,"서울특별시 강북구 한천로 1055, 2층 (수유동)",홈런PC,127.025196975735,37.640916283958,PC방
1042,"서울특별시 강북구 도봉로 142  (미아동,,지층)",미아PC게임방,127.028379309336,37.6215396768441,PC방
1043,"서울특별시 강북구 한천로144길 31  (수유동,(2층))",매직스페이스,127.026258097712,37.6423188853258,PC방
1044,"서울특별시 강북구 솔매로 72-1  (미아동,2층)",HAT인터넷피씨방,127.020251787022,37.6247420187973,PC방
1045,"서울특별시 강북구 도봉로4길 37  (미아동,2층)",쌈장 (SSAMJANG),127.032621786863,37.6112750623809,PC방
1046,"서울특별시 강북구 삼양로 424  (수유동,3층)",인터매니아,127.017117690358,37.6414252573848,PC방
1047,"서울특별시 강북구 노해로 53  (수유동,2층)",하루종일PC게임방,127.022352692152,37.6404004127581,PC방
1048,"서울특별시 강북구 한천로139길 33  (수유동,3층)",킹덤,127.025469779274,37.6388376536752,PC방
1049,"서울특별시 강북구 삼양로 422  (수유동,3층)",사이버리아수유본점,127.01707740381,37.6411467689148,PC방
1050,서울특별시 강북구 삼양로 261  (미아동),짱PC방,127.017966762994,37.626734560931,PC방
1051,"서울특별시 강북구 오현로31길 129  (번동,충신빌딩 2층)",우주인터넷프라자,127.034502266654,37.6329712952548,PC방
1052,"서울특별시 강북구 덕릉로40길 79, 989동 6951호 (번동,(2층))",Njoy,127.033550579883,37.6343855765606,PC방
1053,"서울특별시 강북구 도봉로 211  (미아동,2층)",........................................,127.025415047869,37.6275050669958,PC방
1054,"서울특별시 강북구 도봉로 196  (미아동,,3층)",인터피아,127.026574236378,37.6261436910197,PC방
1055,"서울특별시 강북구 도봉로 34, 7층 (미아동, 트레지오빌딩)",레드포스 PC 아레나 미아점,127.03072164571,37.6120685327599,PC방
1056,서울특별시 강북구 도봉로98길 42 (번동),조은PC,127.031994967243,37.6410214029362,PC방
1057,서울특별시 강북구 도봉로 126 (미아동),eco PC cafe,127.028886630245,37.6202886225627,PC방
1058,"서울특별시 강북구 한천로109길 53, 2층동 (번동,유림빌딩)",사이버 길드,127.041410969408,37.6274625157464,PC방
1059,"서울특별시 강북구 도봉로 40  (미아동,(지층))",프리존,127.030433727904,37.6125920819171,PC방
1060,"서울특별시 강북구 도봉로10길 26  (미아동,2,3층)",사이버리아(미아점),127.031009690469,37.6137697946048,PC방
1061,"서울특별시 강북구 삼양로117길 5  (수유동,3층)",스카이PC방,127.015720170082,37.6434196905791,PC방
1062,"서울특별시 강북구 도봉로13길 22  (미아동,3층)",애플인터넷,127.029183096151,37.6151596749424,PC방
1063,"서울특별시 강북구 도봉로98길 28  (번동,2층)",프리타임 PC방,127.031161643215,37.641068927668,PC방
1064,"서울특별시 강북구 노해로23길 59  (수유동,(지층))",넷클럽PC방,127.020129293023,37.6455924643934,PC방
1065,"서울특별시 강북구 도봉로10길 32  (미아동,3층)",인터넷조인클럽,127.031122537382,37.6141334039203,PC방
1066,"서울특별시 강북구 삼각산로34길 46  (수유동,지층)",스카이PC네트웍,127.021651537423,37.6398676110843,PC방
1067,"서울특별시 강북구 노해로8길 33  (수유동,,3층)",스피드PC방,127.024523415758,37.6385815239791,PC방
1068,"서울특별시 강북구 인수봉로72길 41  (수유동,,298-1, 605-241, 지층)",골뱅이 넷,127.013103352406,37.64277634711,PC방
1069,"서울특별시 강북구 덕릉로40길 14  (번동,,2층)",스피드넷,127.030114330565,37.63448381008,PC방
1070,"서울특별시 강북구 인수봉로52길 2  (수유동,,1층)",길드존,127.013398990451,37.6353362513657,PC방
1071,"서울특별시 강북구 덕릉로 8, 지층 (수유동)",3POP PC방 한신대점,127.014423884135,37.6337456207615,PC방
1072,"서울특별시 강북구 삼양로 424, 정암빌딩 (수유동)",리플레이PC,127.017117690358,37.6414252573848,PC방
1073,"서울특별시 강북구 덕릉로19길 8, 1층 (수유동)",별밤PC방,127.020355261544,37.6348994496652,PC방
1074,서울특별시 강북구 한천로 940 (번동),종점PC,127.035597434114,37.6348400645376,PC방
1075,"서울특별시 강북구 삼양로 474-1  (수유동,(2층))",위자드인터넷세상,127.015672707256,37.6456371987219,PC방
1076,"서울특별시 강북구 삼양로 336  (수유동,(1층))",배틀넷,127.017744859649,37.6334675743545,PC방
1077,"서울특별시 강북구 삼양로 430  (수유동,2층)",넷크럽,127.016867270761,37.6418445215144,PC방
1078,"서울특별시 강북구 오현로 137  (번동,번동완성주상복합 210호)",블루넷,127.037072255741,37.6247342390119,PC방
1079,"서울특별시 강북구 도봉로 386  (번동,3층)",아마존인터넷PC방,127.029225259709,37.6409840098933,PC방
1080,"서울특별시 강북구 오패산로 400  (번동,지층)",위너스PC라인,127.027595768771,37.636783650526,PC방
1081,"서울특별시 강북구 노해로 23  (수유동,2층)",큐브 스페이스 PC방,127.022631738465,37.6377305613119,PC방
1082,"서울특별시 강북구 노해로 11  (수유동,,2층)",도깨비 인터넷,127.022764410603,37.6366169181804,PC방
1083,"서울특별시 강북구 삼양로73길 21  (수유동,,2층)",블리자드,127.017066158424,37.6301248364014,PC방
1084,"서울특별시 강북구 도봉로 350  (번동,5층)",인터가이,127.026701363107,37.6385651938447,PC방
1085,"서울특별시 강북구 월계로37길 91, 983동 9471호 (번동,(2층))",엔조이PC방,127.044029484657,37.6261035105171,PC방
1086,"서울특별시 강북구 오현로25다길 95  (번동,410,416 (지층))",PC타고 세계여행,127.032813676893,37.6255213409259,PC방
1087,"서울특별시 강북구 삼양로 267  (미아동,,3층)",사이브보이즈,127.017884900854,37.6273754451897,PC방
1088,"서울특별시 강북구 오현로 163, 3층동 (번동)",컴토피아 인터넷 PC 프라자,127.037029657175,37.6270058203577,PC방
1089,"서울특별시 강북구 도봉로 129,  3층호 (미아동)",사이버21,127.028173848583,37.6203849302826,PC방
1090,"서울특별시 강북구 덕릉로 19-1  (수유동,3층)",알파넷.PC,127.015836276237,37.6341888146687,PC방
1091,"서울특별시 강북구 오패산로 417  (번동,(2층))",지란지교PC방,127.025838717687,37.6376286318446,PC방
1092,"서울특별시 강북구 솔샘로 224  (미아동,(2층))",클릭한번,127.017560848109,37.6198748655135,PC방
1093,"서울특별시 강북구 인수봉로 186  (수유동,, 2층)",레드얼렛,127.013192049467,37.6362480718524,PC방
1094,"서울특별시 강북구 삼양로 258  (미아동,570 (3층))",인터넷유니버스,127.018427740397,37.6264197751681,PC방
1095,"서울특별시 강북구 삼양로 460  (수유동,(2층))",매트릭스게임방,127.016094180485,37.6444006316356,PC방
1096,"서울특별시 강북구 오패산로 402  (번동,(2층))",한게임PC방,127.027492019096,37.6368651238055,PC방
1097,"서울특별시 강북구 삼양로123길 1, 삼원빌딩 지하1층 (수유동)",GEEKSTAR PC cafe,127.015463132055,37.6447775075406,PC방
1098,"서울특별시 강북구 도봉로 394, 세오빌딩 지하1층 (번동)",런PC방,127.030053308433,37.6416222394674,PC방
1099,서울특별시 강북구 솔샘로 238 (미아동),솔샘PC,127.019146718363,37.6197334340672,PC방
1100,"서울특별시 강북구 노해로 23, 한성빌딩 2층 (수유동)",라스PC,127.022631738465,37.6377305613119,PC방
1101,"서울특별시 강북구 도봉로 313, 효성 인텔리안 오피스텔 지하1층 (수유동)",로얄PC,127.023461920784,37.6364404587321,PC방
1102,"서울특별시 강북구 도봉로82길 33, 청도빌딩 3층 (번동)",마카오PC,127.025356154712,37.6352146367142,PC방
1103,"서울특별시 강북구 도봉로 269, 2층 (수유동)",명당PC,127.023418072655,37.6324612648272,PC방
1104,"서울특별시 강북구 도봉로 280, 3층 (미아동)",오공PC,127.023735238193,37.6333833603855,PC방
1105,"서울특별시 도봉구 방학로5길 53  (쌍문동,지하1층)",아이디 PC방,127.037993995373,37.6603177788685,PC방
1106,"서울특별시 도봉구 도봉로 575, 삼환프라자 2층 (쌍문동)",런PC,127.038790046328,37.6564054566286,PC방
1107,"서울특별시 도봉구 도봉로104길 53, 2층 (창동)",니코PC방 창동점,127.035021358294,37.6433358929241,PC방
1108,"서울특별시 도봉구 해등로 242-12, 지층 8호 (쌍문동, 현대아파트)",PDS PC방,127.030724177917,37.6586683068739,PC방
1109,"서울특별시 도봉구 도봉로181길 38  (도봉동,2층)",미르 PC방,127.043803736714,37.684395707925,PC방
1110,"서울특별시 도봉구 노해로69길 15-15, 201호 (창동)",골드PC,127.049976589031,37.6528238071177,PC방
1111,"서울특별시 도봉구 도봉로145길 64, 1층 (방학동)",바다PC,127.039000883716,37.6647337898197,PC방
1112,"서울특별시 도봉구 덕릉로 218, 1층 (창동)",골든PC,127.037156498664,37.6374041482732,PC방
1113,"서울특별시 도봉구 마들로11가길 6-25, 지하1층 (창동, 월가타워)",삼성PC,127.049035628214,37.6522203633914,PC방
1114,"서울특별시 도봉구 방학로 130, 1층 103호 (방학동)",신한PC,127.037809637423,37.6630659212693,PC방
1115,"서울특별시 도봉구 노해로40길 72, 쌍문한양아파트 상가동 3층 (쌍문동)",스톤PC 쌍문점,127.030083812739,37.646742794246,PC방
1116,서울특별시 도봉구 도당로 82 (방학동),도깨비PC,127.036462898274,37.6649991296564,PC방
1117,"서울특별시 도봉구 방학로2길 72, 1층 (방학동)",뚜비PC,127.041041322628,37.6661666479872,PC방
1118,"서울특별시 도봉구 도당로 140, 1층 (방학동)",대박PC방,127.04186989107,37.6670518404844,PC방
1119,"서울특별시 도봉구 도봉로 578, 2층 1호 (창동)",MAXSPEED PC 창동본점,127.039703171252,37.6562940617336,PC방
1120,"서울특별시 도봉구 마들로11가길 6-25, 지층 (창동, 월가타워)",레벨업PC방 창동점,127.049035628214,37.6522203633914,PC방
1121,"서울특별시 도봉구 마들로11길 65, 3층 (창동)",맥스피드PC창동역점,127.049667391336,37.6534171446527,PC방
1122,"서울특별시 도봉구 덕릉로 220, 3층 (창동)",귀족PC방,127.037389882528,37.6376121119885,PC방
1123,"서울특별시 도봉구 도당로 129, 1층 (방학동)",세븐 PC,127.04053459427,37.6674545947006,PC방
1124,"서울특별시 도봉구 도당로 96, 1층 (방학동)",팀PC,127.037568801635,37.6657730854812,PC방
1125,"서울특별시 도봉구 도봉로 663-30, 1층 (방학동)",웰컴PC,127.041561219597,37.6633219792876,PC방
1126,"서울특별시 도봉구 방학로3길 12, 1층 (방학동)",레드PC,127.040748882237,37.6621909006666,PC방
1127,"서울특별시 도봉구 도봉로 891, 3층 (도봉동)",불독PC,127.045739057138,37.6840240406338,PC방
1128,"서울특별시 도봉구 시루봉로 246, 1층 (방학동)",도깨비PC,127.036758971831,37.6694281677539,PC방
1129,"서울특별시 도봉구 덕릉로 251, 1층 (창동)",777PC,127.039151077797,37.6401649316932,PC방
1130,"서울특별시 도봉구 도당로 106, 1층 (방학동)",조은PC,127.038320968142,37.6662877539667,PC방
1131,"서울특별시 도봉구 방학로 106, 1층 (방학동)",VIP PC,127.04048901097,37.6630372817803,PC방
1132,"서울특별시 도봉구 마들로11가길 16, KING 프라자 502호 (창동)",아지트pc,127.048970356141,37.6525659173791,PC방
1133,"서울특별시 도봉구 해등로26길 7  (쌍문동,우진플라자 308)",인터넷PC게임나라,127.03260591856,37.6584359791246,PC방
1134,"서울특별시 도봉구 해등로 132, 1층 (창동)",팡팡PC,127.04080868818,37.6552942248842,PC방
1135,서울특별시 도봉구 덕릉로 263 (창동),아지트PC,127.039979846044,37.6409472489549,PC방
1136,"서울특별시 도봉구 도당로 6, 2층 201호 (쌍문동, 쌍문동 LG트윈빌2)",리플레이PC(REPLAY PC),127.035371175956,37.6587118738827,PC방
1137,"서울특별시 도봉구 덕릉로57길 14, 1층 (창동)",리치PC,127.037728466815,37.6395039823435,PC방
1138,"서울특별시 도봉구 도봉로139길 74  (쌍문동,지하1층)",아지트PC방,127.037694627503,37.6606531301357,PC방
1139,"서울특별시 도봉구 도봉로139길 74  (쌍문동,지1층)",아지트 PC방,127.037694627503,37.6606531301357,PC방
1140,"서울특별시 도봉구 도당로13가길 7  (방학동,2층)",넷크럽 방학점,127.035796667315,37.6656623654809,PC방
1141,"서울특별시 도봉구 도당로 36, 재인상가 203,204호 (방학동)",제로백 방학점,127.035020837016,37.6612887857871,PC방
1142,"서울특별시 도봉구 도봉로157길 10  (도봉동,38 1층106호)",코리아PC클럽,127.043603802025,37.6738252302102,PC방
1143,"서울특별시 도봉구 도당로13길 35  (방학동,2층)",인터넷 월드,127.034563487524,37.6660751121465,PC방
1144,"서울특별시 도봉구 도봉로165길 17  (도봉동,2층)",테라인터넷,127.044010859292,37.6770995978497,PC방
1145,서울특별시 도봉구 도봉로181길 41  (도봉동),스타쉽월드,127.043471536797,37.684346367161,PC방
1146,"서울특별시 도봉구 우이천로38길 51  (쌍문동,지 1층)",SOLO인터넷 PC 게임방,127.023422958455,37.6516330400173,PC방
1147,"서울특별시 도봉구 도봉로181길 34  (도봉동,3층)",인터넷탑,127.044006879835,37.6843718464827,PC방
1148,"서울특별시 도봉구 도봉로169나길 63  (도봉동,지층)",울트라넷 멀티장,127.043781920536,37.6767889354071,PC방
1149,"서울특별시 도봉구 도봉로170길 8,  2호 (도봉동,2층)",늑대와 여우 PC라운지 도봉역점,127.045959117951,37.6803696777252,PC방
1150,"서울특별시 도봉구 도봉로165길 14  (도봉동,1층)",마우스 패밀리,127.044078175661,37.6774520356679,PC방
1151,"서울특별시 도봉구 도봉로177길 13  (도봉동,2층)",클릭인터넷,127.044679926029,37.6813056551256,PC방
1152,"서울특별시 도봉구 도봉로 587  (쌍문동,2층)",버그버그pc방,127.039559615486,37.657415922737,PC방
1153,서울특별시 도봉구 노해로65길 14  (창동),람세스pc방,127.046523773308,37.6520344268197,PC방
1154,"서울특별시 도봉구 도봉로153길 16  (도봉동,지하)",인pc방,127.042598441581,37.6699989563876,PC방
1155,"서울특별시 도봉구 마들로 709  (도봉동,지층)",인터넷세상속으로,127.046506000551,37.673500850142,PC방
1156,"서울특별시 도봉구 마들로11길 73, 402호 (창동)",룰루랄라 PC방,127.049060560533,37.6532567533904,PC방
1157,"서울특별시 도봉구 도봉로169나길 38  (도봉동,2층)",PC 마을,127.043401296558,37.6780083708478,PC방
1158,"서울특별시 도봉구 도봉로109길 35  (쌍문동,2층)",마르까 PC방,127.031408153406,37.6469005717283,PC방
1159,"서울특별시 도봉구 도봉로 869  (도봉동,지층)",PC클럽엔터,127.045402264555,37.6820190441342,PC방
1160,"서울특별시 도봉구 삼양로 544  (쌍문동,지층)",배틀존,127.012997959958,37.6517754729135,PC방
1161,서울특별시 도봉구 도봉로110나길 21 (창동),엔탑PC방,127.034681963129,37.6471447222566,PC방
1162,"서울특별시 도봉구 방학로5길 74, 지층 (쌍문동)",로웰 PC,127.037786888105,37.659550209069,PC방
1163,"서울특별시 도봉구 마들로11가길 15, 3층 (창동)",여우PC,127.049257910527,37.6526568870103,PC방
1164,"서울특별시 도봉구 도봉로181길 34  (도봉동,2층)",PC ZEN,127.044006879835,37.6843718464827,PC방
1165,"서울특별시 도봉구 도봉로133길 13  (쌍문동,2층)",삼보인터넷플라자,127.038878812564,37.6573355111957,PC방
1166,"서울특별시 도봉구 도봉산3길 63  (도봉동,2층)",스타게이트pc방,127.043801548807,37.6845308554121,PC방
1167,"서울특별시 도봉구 도봉산1길 70  (도봉동,2층)",밀레니엄pc방,127.045251329286,37.6841828008894,PC방
1168,"서울특별시 도봉구 도봉로169가길 13  (도봉동,2층)",클릭PC게임방,127.043346439226,37.6803611165411,PC방
1169,"서울특별시 도봉구 노해로63길 84-3, 동선빌딩 지하층 (창동)",쓰리팝PC 창동점,127.046973416955,37.6527394478184,PC방
1170,"서울특별시 도봉구 노해로 341  (창동,신원리베르텔 306, 307호)",PC Z,127.045912956978,37.6514452431588,PC방
1171,"서울특별시 도봉구 마들로 724, 1층 (도봉동)",J J PC,127.047662295599,37.6745440831023,PC방
1172,"서울특별시 도봉구 도봉로 869  (도봉동,지층)",pc클럽엔터,127.045402264555,37.6820190441342,PC방
1173,"서울특별시 도봉구 도봉로 771  (도봉동,1층)",스타 PC 방,127.043868682554,37.6733973469258,PC방
1174,"서울특별시 도봉구 도당로27길 32  (방학동,지하1층)",한두 PC방,127.041047162228,37.6687438104107,PC방
1175,"서울특별시 도봉구 마들로11길 73, 7층 (창동)",스카이 PC,127.049060560533,37.6532567533904,PC방
1176,"서울특별시 도봉구 마들로 693  (도봉동,2층)",오렌지나라,127.046337521476,37.6719824054082,PC방
1177,서울특별시 도봉구 도봉로 585 (쌍문동),미화pc게임랜드,127.039373995084,37.657221733121,PC방
1178,"서울특별시 도봉구 도봉로 765, 지하1층 (도봉동)",Vacation PC Cafe,127.043783062754,37.6727524575616,PC방
1179,"서울특별시 도봉구 도당로 133, 지하1층 (방학동)",REPLAY pc,127.041097340025,37.6674486336944,PC방
1180,"서울특별시 도봉구 방학로6길 8  (방학동,2층)",The Heaven,127.037411985765,37.6633839141932,PC방
1181,"서울특별시 도봉구 도봉로 468, 홍일빌딩 206호 (창동)",레드포스PC아레나 쌍문점,127.034372618396,37.6473861862855,PC방
1182,"서울특별시 도봉구 도봉로157길 10  (도봉동,603-38 1층 106호)",코리아 PC클럽,127.043603802025,37.6738252302102,PC방
1183,"서울특별시 도봉구 도당로 97, 1층 (방학동)",해피PC,127.037449696254,37.666029812755,PC방
1184,"서울특별시 도봉구 도봉로 775  (도봉동,2층)",클릭 pc town,127.044001625232,37.673748228918,PC방
1185,"서울특별시 도봉구 마들로 686  (도봉동,6층)",토네이도,127.04670145023,37.6713785153228,PC방
1186,"서울특별시 도봉구 도봉로156길 21  (도봉동,3층)",인터넷플라자,127.045532202929,37.6727799058561,PC방
1187,"서울특별시 도봉구 도봉로 879  (도봉동,2층)",이카,127.045605667725,37.6829868864524,PC방
1188,"서울특별시 도봉구 우이천로20길 7, 103동 302호 (창동,건영A)",PC 투게더,127.034771563448,37.6417332058849,PC방
1189,"서울특별시 도봉구 도봉로169나길 67  (도봉동,1층)",PC 클럽,127.043824108829,37.6766290860611,PC방
1190,"서울특별시 도봉구 도봉로 875  (도봉동,지층)",스카이넷 PC방,127.045526793033,37.6826627450157,PC방
1191,"서울특별시 도봉구 노해로63길 84-9, 창동 SR스타빌 지층 (창동)",엔플스윙,127.047268829188,37.6525366988117,PC방
1192,"서울특별시 도봉구 도봉로 891  (도봉동,2층)",NOLL 피시방,127.045739057138,37.6840240406338,PC방
1193,"서울특별시 도봉구 도봉로109길 30  (쌍문동,2층)",오렌지존 PC방,127.031681641411,37.6470564588623,PC방
1194,"서울특별시 도봉구 도봉로169나길 43  (도봉동,2층)",사이버 인터넷 게임방,127.043840075352,37.67775638498,PC방
1195,"서울특별시 도봉구 도봉로 727-1, 지하1층 (방학동)",리플레이PC,127.043160675894,37.6694684351132,PC방
1196,"서울특별시 도봉구 도봉산3길 73  (도봉동,2층)",노블레스PC방,127.043705911671,37.684030397694,PC방
1197,"서울특별시 도봉구 도봉로147길 6  (방학동,2층)",초이스,127.042332125004,37.6652959345368,PC방
1198,"서울특별시 도봉구 노해로67길 10, 3층 (창동)",찰리팝PC카페,127.049684921314,37.6523442471361,PC방
1199,"서울특별시 도봉구 도봉로153길 19  (방학동,지하 1층)",c.n.s pc방,127.042367590041,37.6698637123308,PC방
1200,"서울특별시 도봉구 마들로 728  (도봉동,3층)",애플PC방,127.047617465037,37.6749890047892,PC방
1201,"서울특별시 도봉구 도봉로145길 56  (방학동,2층)",사이버존 인터넷 PC게임클럽,127.039537996108,37.6647309981606,PC방
1202,"서울특별시 도봉구 방학로2길 50  (방학동,2층)",BNC 인터넷 PC,127.041014834329,37.6651977425415,PC방
1203,"서울특별시 도봉구 도당로 76 (방학동,지하)",B one PC카페,127.035966945313,37.6645720367997,PC방
1204,"서울특별시 도봉구 도봉산3길 73  (도봉동,2층)",엔조이 PC방,127.043705911671,37.684030397694,PC방
1205,"서울특별시 도봉구 도당로 144, 1층 101호 (방학동, 타운힐하우스)",88PC,127.042165551337,37.6669624479945,PC방
1206,"서울특별시 도봉구 마들로11가길 16, KING 프라자 2층 204호 (창동)",마카오PC,127.048970356141,37.6525659173791,PC방
1207,"서울특별시 도봉구 시루봉로 222, 101호 (방학동)",고니PC,127.034754821262,37.6680495547322,PC방
1208,"서울특별시 도봉구 도당로 118, 거성학마을아파트 2층 201호 (방학동)",보이게임랜드,127.039531845514,37.6670246267585,PC방
1209,"서울특별시 도봉구 노해로65길 17, 중앙빌딩 지층 (창동)",공쥬PC,127.046095779851,37.6520591916627,PC방
1210,"서울특별시 노원구 공릉로 144, 공릉빌딩 3층 (공릉동)",EFCPC방,127.079489105218,37.6226202059241,PC방
1211,"서울특별시 노원구 노해로 507, 지하2층 (상계동, 와우쇼핑몰)",와우pc방,127.063889081054,37.6554272387774,PC방
1212,"서울특별시 노원구 동일로242가길 22, 202호 (상계동)",몽키PC방,127.056028731455,37.6768114134294,PC방
1213,"서울특별시 노원구 한글비석로 77, 2층 (하계동)",셀프PC 하계점,127.070466464149,37.6375614945414,PC방
1214,"서울특별시 노원구 동일로178길 49, 102호 (공릉동)",놀이터PC방,127.077316162454,37.6217579633396,PC방
1215,"서울특별시 노원구 노해로85길 10-55, 소담빌 103호 (상계동)",로또PC게임장,127.06612372319,37.6564361884886,PC방
1216,"서울특별시 노원구 한글비석로24길 24, 홍익교회 1층 우측호 (상계동)",좋은친구들PC방,127.0721214414,37.6618556822404,PC방
1217,"서울특별시 노원구 덕릉로83길 18, 2층 (중계동)",해피시방,127.074419173589,37.6601375252328,PC방
1218,"서울특별시 노원구 공릉로 172, 반야빌딩 3층 (공릉동)",런PC방,127.080022646504,37.6252765854844,PC방
1219,"서울특별시 노원구 상계로 108, SKY미술학원 2층 (상계동)",탑클래스PC방,127.067134913329,37.6570413475281,PC방
1220,"서울특별시 노원구 상계로5길 31, 보광빌딩 지층 (상계동)",크라우드 PC방 노원점,127.063002136433,37.6568270310995,PC방
1221,"서울특별시 노원구 노원로 558, 지층 (상계동)",CORE PC CAFE,127.057103675682,37.6615427085199,PC방
1222,"서울특별시 노원구 한글비석로 326, 중계주공아파트2단지목욕탕상가 지층 (중계동)",오엑스 피씨 중계점,127.078327032564,37.6565230496255,PC방
1223,"서울특별시 노원구 공릉로 101, 경동상가 2층 (공릉동)",맥스피드PC방 태릉역점,127.077841683528,37.6193014358931,PC방
1224,"서울특별시 노원구 상계로1길 54-4, 2층 (상계동, 상계동 센트럴타워)",유지트PC 노원본점,127.061721168928,37.6581574674605,PC방
1225,"서울특별시 노원구 상계로 136, 1층 (상계동)",쓰리랑PC방,127.069864186149,37.6582613138465,PC방
1226,"서울특별시 노원구 동일로173가길 115, 1층 (공릉동, 서진프라자아파트)",놀이터PC,127.071880999099,37.6233418210089,PC방
1227,"서울특별시 노원구 동일로 1551, 삼전빌딩 지하1층 (상계동)",더블랙PC카페,127.056844136528,37.6668881732629,PC방
1228,서울특별시 노원구 동일로 1048 (공릉동),욜로PC공릉점,127.073937845108,37.6236617520042,PC방
1229,"서울특별시 노원구 석계로 103, 동우빌딩 3층 (월계동)",아레나PC방,127.060712349808,37.6228376867667,PC방
1230,"서울특별시 노원구 한글비석로 264, 중계그랜드프라자 지층 (중계동)",더세븐PC방,127.077337907538,37.6511587125973,PC방
1231,"서울특별시 노원구 동일로 1673, 상계빌딩 지하1층 (상계동)",NIC PC,127.054942094267,37.6778972437903,PC방
1232,"서울특별시 노원구 동일로 1651, 2층 3호 (상계동)",홈런PC,127.055010947165,37.6759608277495,PC방
1233,"서울특별시 노원구 상계로 308, 3층 (상계동)",대박PC,127.079755035423,37.670376385862,PC방
1234,"서울특별시 노원구 한글비석로 227, 이진빌딩 지하1층 (중계동)",쇼타임pc방 은행사거리점,127.076251603698,37.6479118263804,PC방
1235,"서울특별시 노원구 노해로 482, 덕영빌딩 지층 101, 102호 (상계동)",있지피씨,127.061716819928,37.6542725250696,PC방
1236,"서울특별시 노원구 공릉로 181, 4층 (공릉동)",라이또PC방 공릉본점,127.079415945795,37.6259363374297,PC방
1237,"서울특별시 노원구 공릉로20길 3, 이룸 빌딩 2층 201호 (공릉동)",라이온PC,127.078407244935,37.619413144326,PC방
1238,"서울특별시 노원구 동일로218길 17, 일신상가 지층 1호 (상계동)",PC 대박,127.061772133025,37.6538758836589,PC방
1239,"서울특별시 노원구 상계로 139, 청양빌딩 1층 (상계동)",메이드 PC방,127.070004291501,37.6585351292261,PC방
1240,"서울특별시 노원구 동일로203가길 29, 279호 (중계동, 브라운스톤중계)",범PC,127.06428375943,37.6398759609875,PC방
1241,"서울특별시 노원구 동일로180길 41, 2층 (공릉동)",깡통로봇 PC방,127.076543157312,37.6227280196366,PC방
1242,"서울특별시 노원구 덕릉로83길 22, 3층 (중계동)",로얄PC,127.074209796325,37.6601982030916,PC방
1243,"서울특별시 노원구 동일로 1596, 송현빌딩 지층 (상계동)",아론PC방 마들점,127.056842608831,37.6709781734407,PC방
1244,"서울특별시 노원구 동일로 1673, 상계빌딩 지층 (상계동)",NIC PC,127.054942094267,37.6778972437903,PC방
1245,"서울특별시 노원구 공릉로34길 34, 지층 (공릉동, 서광빌딩)",이스포츠PC방,127.080954140138,37.6229780730942,PC방
1246,"서울특별시 노원구 한글비석로 273, 지층 (중계동, 대웅빌딩)",펀홀릭 PC방,127.077219064677,37.652170864325,PC방
1247,"서울특별시 노원구 한글비석로 265, 지층 (중계동, 영광프라자)",쇼타임 PC방 은행사거리 2호점,127.076558915758,37.6514499678519,PC방
1248,"서울특별시 노원구 공릉로 198, 2층 (공릉동)",스펀지PC방,127.078601108937,37.6274300879998,PC방
1249,"서울특별시 노원구 월계로 336, 지층 (월계동, 상천빌딩)",샹떼 인터피아 PC방,127.057826925002,37.6291772173172,PC방
1250,"서울특별시 노원구 상계로3길 21, 4층 (상계동, 화일빌딩)",퍼니링크 pc방,127.062275580083,37.6572141183604,PC방
1251,서울특별시 노원구 덕릉로126길 17 (상계동),인터밸리pc방,127.082152522423,37.6707494578532,PC방
1252,"서울특별시 노원구 덕릉로 816, 2층 (상계동)",LED PC방,127.08075967014,37.6694669739467,PC방
1253,"서울특별시 노원구 노해로79길 6-19, 4층 2호 (상계동, 화랑상가)",탑플레이스PC방,127.062451047074,37.6554979250604,PC방
1254,"서울특별시 서초구 강남대로 523, 성창빌딩 지하층 (반포동)",로얄pc랜드,127.022052779902,37.5087231568081,PC방
1255,"서울특별시 노원구 동일로 1045, 3층 (공릉동, 세종빌딩)",에이스PC방,127.073411876507,37.6234059297882,PC방
1256,"서울특별시 노원구 동일로182길 37-14, 101호 (공릉동)",공릉PC,127.076153237632,37.6238126999489,PC방
1257,"서울특별시 노원구 광운로 52, 세영전자학원 401호 (월계동)",엔탑PC방,127.059747350877,37.6218399755136,PC방
1258,"서울특별시 노원구 동일로191가길 34, 금광빌딩 2층 (공릉동)",제로백PC,127.07130486782,37.6266532971327,PC방
1259,"서울특별시 노원구 화랑로 463, 지층 (공릉동)",3POP,127.078649438496,37.6190037545529,PC방
1260,"서울특별시 노원구 상계로 76, 지층 (상계동)",뱅갈PC방,127.063442617087,37.6561357418001,PC방
1261,"서울특별시 노원구 한글비석로24길 13, 2층 (상계동)",포그네 PC방,127.071568873433,37.6615556316622,PC방
1262,"서울특별시 노원구 덕릉로 849, 한양탁구장 1층 (상계동)",대박PC,127.082605479913,37.6720951149989,PC방
1263,"서울특별시 노원구 덕릉로 822, 성우빌딩 4층 (상계동)",퍼플펍PC방,127.081039940065,37.669851410048,PC방
1264,"서울특별시 노원구 상계로 64, 2층 3호 (상계동, 화랑빌딩)",해피로PC방,127.062277905261,37.6557918268818,PC방
1265,"서울특별시 노원구 상계로3길 28, 301호 (상계동, 영빈빌딩)",funnylinkPC 노원2호점,127.062631810118,37.6573981805623,PC방
1266,"서울특별시 노원구 마들로1길 44, 2층 (월계동)",시크릿PC카페,127.063970855033,37.6236591971724,PC방
1267,"서울특별시 노원구 동일로242가길 50, 지상3층 (상계동)",아이닉스 PC방,127.056080622572,37.6781315029878,PC방
1268,"서울특별시 노원구 동일로191가길 6, B01호 (공릉동, 건양오피스텔)",PCCUS,127.07164570234,37.6253252165218,PC방
1269,"서울특별시 노원구 동일로 1678, 지하1층 (상계동)",긱스타PC방 수락산역점,127.055706735633,37.6780947400484,PC방
1270,"서울특별시 노원구 월계로 334, 지층 (월계동, 그랑디오피스텔)",3POP PCcafe,127.057612466252,37.6290173070666,PC방
1271,"서울특별시 노원구 노원로28길 67, 지성빌딩 지층 (상계동)",아토,127.070736973974,37.6548387739853,PC방
1272,"서울특별시 노원구 상계로3길 35 (상계동, 지상2층)",베스타PC방,127.062166684198,37.6577721538837,PC방
1273,"서울특별시 노원구 한글비석로 264, 지층 (중계동, 중계그랜드프라자)",불독PC방,127.077337907538,37.6511587125973,PC방
1274,"서울특별시 노원구 동일로 1593, 2층~3층 (상계동)",큐브PC방,127.055778970548,37.6707082070833,PC방
1275,"서울특별시 노원구 한글비석로24길 37 (상계동, 신천교회)",바닐라PC,127.072380754168,37.6624424225155,PC방
1276,"서울특별시 노원구 광운로 48, 지하1호 (월계동)",닥터PC,127.05950299102,37.6216626945733,PC방
1277,"서울특별시 노원구 누원로 18, 401호 (상계동, 시티플러스상가)",PC Latte,127.05287273244,37.6862145785044,PC방
1278,"서울특별시 노원구 한글비석로 254, B05호 (중계동, 대명프라자)",사이버존PC방,127.077086240765,37.6504043041825,PC방
1279,"서울특별시 노원구 공릉로 211, 동신아파트 102동 상가 1~6호 (공릉동)",리얼(REAL)PC방,127.077315687829,37.6282993079139,PC방
1280,"서울특별시 노원구 공릉로46길 3, 201호 (공릉동, 공릉동평화타운)",1% PC 아레나,127.079141072247,37.6271656479512,PC방
1281,"서울특별시 노원구 덕릉로 740, 2층 (상계동)",애니락 PC방,127.076401677224,37.6636623376578,PC방
1282,"서울특별시 노원구 상계로5길 26, 5층 (상계동, 신일빌딩)",퍼니링크PC,127.063254867375,37.6571079121252,PC방
1283,"서울특별시 노원구 덕릉로83길 20-5 (중계동, 지하전체)",초콜릿PC zone,127.074276928102,37.6603512375802,PC방
1284,"서울특별시 노원구 광운로 68, 1층 102호 (월계동)",바닐라성북역 PC방,127.060282176416,37.6233163314976,PC방
1285,서울특별시 은평구 연서로21길 36 (갈현동),7PC,126.914044556959,37.6158571844366,PC방
1286,"서울특별시 은평구 응암로 340, 지층 (응암동)",펜플PC방,126.922636551293,37.6014709973596,PC방
1287,"서울특별시 은평구 통일로83길 6-5 (갈현동,지층)",테라PC방,126.918922584191,37.6212342178056,PC방
1288,"서울특별시 은평구 역말로 7 (역촌동,1층)",PC클럽,126.911124813587,37.6057710638063,PC방
1289,"서울특별시 은평구 갈현로 82, 5층 (역촌동)",샹떼PC방 역촌점,126.910685555782,37.6052664482641,PC방
1290,"서울특별시 은평구 응암로22길 22-1, 합도빌딩 3층 (응암동)",ZERO100PC 응암점,126.920641115636,37.5932429037821,PC방
1291,"서울특별시 은평구 갈현로 94, 1층 104호 (역촌동)",여우PC,126.910744225634,37.6063031713533,PC방
1292,"서울특별시 은평구 통일로 835, 우리은행연신내지점 지하층 (대조동)",쿡몬스터PC카페,126.921723576681,37.6179057885639,PC방
1293,"서울특별시 은평구 갈현로 181-5, 202호 (갈현동)",프랜즈PC클럽,126.911679928227,37.6142284337903,PC방
1294,"서울특별시 은평구 가좌로 309, 1층 (신사동)",따봉PC,126.910217688373,37.5954023196607,PC방
1295,"서울특별시 은평구 진흥로 158, 지하층 (녹번동)",곤이네 게임장,126.927119371165,37.6088024120643,PC방
1296,서울특별시 은평구 통일로87길 21 (갈현동),짱PC,126.917196109864,37.6233496180056,PC방
1297,"서울특별시 은평구 진관3로 22, 3층 (진관동)",라이또 PC방 구파발,126.919176848907,37.6389439926912,PC방
1298,"서울특별시 은평구 진흥로 113, 201호 (대조동)",정선PC,126.922989081374,37.6069592479391,PC방
1299,"서울특별시 은평구 녹번로4길 2, 103호 (녹번동)",돼지 PC,126.930072837927,37.6056298326491,PC방
1300,"서울특별시 은평구 역말로 41, 2층 (역촌동)",강남PC,126.914747008594,37.6059500596426,PC방
1301,"서울특별시 은평구 연서로 209, 보성빌 2층 (갈현동)",레드포스PC아레나 연신내점,126.918847427928,37.6173259520379,PC방
1302,"서울특별시 은평구 연서로 195, 영보빌딩 지하1층 (갈현동)",제로100PC 연신내점,126.9184483987,37.616382883094,PC방
1303,"서울특별시 은평구 은평로9길 10, 서원빌딩 2층 201호 (응암동)",럭키PC,126.921585009131,37.6011163943598,PC방
1304,"서울특별시 은평구 응암로13길 14, 제지1층 제비01호 (응암동, 디우아르떼 아파트)",패스터PC 응암오거리점,126.915644119577,37.5894477039485,PC방
1305,"서울특별시 은평구 연서로28길 10, 2층 (대조동)",은하수,126.920981012189,37.6177797860508,PC방
1306,"서울특별시 은평구 은평로 56, 안건빌딩 4층 (신사동)",플렉스PC카페,126.914100158896,37.598534441063,PC방
1307,"서울특별시 은평구 갈현로 61, 정화빌딩 지하1층 (역촌동)",아이센스리그PC 역촌점,126.910187567562,37.6035045450476,PC방
1308,"서울특별시 은평구 은평로 169, 2층 (응암동)",TOP PC,126.926314865911,37.6015165986991,PC방
1309,"서울특별시 은평구 통일로 855-8, 연신내진원와이타운 지하1층 (갈현동)",레벨업PC방 연신내점,126.920201767929,37.619122183963,PC방
1310,"서울특별시 은평구 연서로 213 (갈현동,지층)",아이세븐 PC,126.919238535247,37.6176436383991,PC방
1311,"서울특별시 은평구 연서로 247, 2층 (불광동)",퀸PC방,126.922171955937,37.6196909418421,PC방
1312,"서울특별시 은평구 응암로11길 4-4, 1층 (응암동)",오거리PC방,126.916267179284,37.588451560032,PC방
1313,"서울특별시 은평구 연서로 204, 2층 (대조동)",대박PC,126.919299073885,37.6167554858793,PC방
1314,"서울특별시 은평구 연서로32길 3, 지층 (불광동)",긱스타PC CAFE,126.924955472936,37.6203628994073,PC방
1315,"서울특별시 은평구 응암로 247, 2층 (응암동)",탐스PC카페(응암점),126.917854566217,37.5942237088269,PC방
1316,"서울특별시 은평구 통일로 731, 3층 (대조동)",웹시티PC방,126.929466316371,37.6106226649216,PC방
1317,"서울특별시 은평구 진흥로 112 (녹번동,2층,4층)",인터쿨,126.923309144404,37.6065036457261,PC방
1318,"서울특별시 은평구 갈현로41길 10-1 (갈현동,3층)",유비트pc방,126.916247117462,37.6246305120298,PC방
1319,"서울특별시 은평구 은평로 5 (신사동,2층)",제로100PC 신사동점,126.909210968391,37.5967659204537,PC방
1320,"서울특별시 은평구 통일로 855-20, 6층 (갈현동)",G카페PC,126.919876222163,37.6196577807144,PC방
1321,"서울특별시 은평구 은평로 192, 지층 (응암동)",제로100PC 은평구청점,126.928961189816,37.6012158488181,PC방
1322,"서울특별시 은평구 통일로 850, 연서시장 2층 (불광동)",알파PC방,126.921445035076,37.6193203344525,PC방
1323,"서울특별시 은평구 진관2로 15-46, 6층 (진관동)",메트로PC방,126.919081540985,37.6386515578411,PC방
1324,서울특별시 은평구 통일로85길 8-1 (갈현동),부엉이 PC,126.918676816108,37.6222426138322,PC방
1325,"서울특별시 은평구 서오릉로 192, 지층 (갈현동)",N톡PC,126.912315879884,37.6137601237622,PC방
1326,"서울특별시 은평구 은평로 136, 5층 (응암동)",고릴라 응암1호점,126.923039015434,37.6002632124439,PC방
1327,"서울특별시 은평구 서오릉로 178 (갈현동,2층)",토마토PC방,126.913877877072,37.6131657206263,PC방
1328,"서울특별시 은평구 진흥로 144, 지층 (녹번동)",레드포스PC,126.925999860181,37.608110386275,PC방
1329,"서울특별시 은평구 갈현로 39-1, 2층 (신사동)",긱스타PC방,126.910114379709,37.6014595119588,PC방
1330,"서울특별시 은평구 서오릉로 77, 3층 (역촌동)",고릴라PC방(역촌역점),126.921770651639,37.6071360316106,PC방
1331,서울특별시 은평구 통일로65길 10-1 (대조동),짱PC,126.92973977694,37.6091158336056,PC방
1332,"서울특별시 은평구 응암로21길 13, 2층 (응암동)",드림PC,126.916464984026,37.5940200104603,PC방
1333,"서울특별시 은평구 진흥로1길 34, 효성빌딩 3층 (역촌동)",아크PC,126.918676419909,37.6034689838461,PC방
1334,"서울특별시 은평구 역말로 82, 1층 (역촌동)",WIN PC,126.919151135447,37.6067236852176,PC방
1335,"서울특별시 은평구 갈현로 14, 지하1층 (신사동)",에이플 PC CAFE,126.910455000251,37.5991093569636,PC방
1336,"서울특별시 은평구 통일로 905, 1층 나호 (갈현동)",럭키PC,126.919602322714,37.6237703310391,PC방
1337,"서울특별시 은평구 진흥로 148, 2층 (녹번동)",제로100PC 녹번점,126.9263669244,37.6084438918345,PC방
1338,"서울특별시 은평구 연서로 230-2, 1층 (대조동)",스타PC방,126.920869956637,37.6184712197946,PC방
1339,"서울특별시 은평구 진관2로 15-8, 웅신 미켈란의아침 118호 (진관동)",스타PC,126.919559891188,37.6353936531351,PC방
1340,"서울특별시 강서구 곰달래로49길 86, 궁전빌딩 지층 (화곡동)",이스테이션PC방,126.856020026715,37.535127827919,PC방
1341,"서울특별시 영등포구 영등포로 169-1, 2층 (당산동1가)",낙원 PC,126.900492809299,37.5208630683353,PC방
1342,"서울특별시 서대문구 신촌역로 22-8, 대국빌딩 지하1층 (대현동)",리코스타PC방,126.943354842765,37.5588458433014,PC방
1343,"서울특별시 서대문구 증가로 124, 지하1층 (남가좌동)",벙커PC방,126.923876083598,37.5774832455565,PC방
1344,"서울특별시 서대문구 명물길 23, 큐비드빌딩 지하1층 (창천동)",옵티멈존PC카페 신촌역점,126.937854004585,37.5581938175898,PC방
1345,"서울특별시 서대문구 응암로 87, B1층 (북가좌동)",레벨업 PC방 북가좌점,126.911700418318,37.5807945676973,PC방
1346,"서울특별시 서대문구 응암로 90, 지하1층 (북가좌동)",킹콩PC CAFE,126.912322880214,37.5807740385189,PC방
1347,"서울특별시 서대문구 명지대길 54, 2층 (남가좌동)",제로백 명지대점,126.923889462261,37.5824680017546,PC방
1348,"서울특별시 서대문구 증가로 246, 성은빌딩 2층 (북가좌동)",제로100PC 북가좌점,126.912685857624,37.5830827425525,PC방
1349,"서울특별시 서대문구 서소문로 21, 충정타워빌딩 1층 (충정로3가)",타워PC방,126.964085809305,37.5598942603947,PC방
1350,"서울특별시 서대문구 거북골로 10, 송정빌딩 3층 (홍은동)",GEEKSTAR PC CAFE,126.925887718223,37.5810723730505,PC방
1351,"서울특별시 서대문구 북아현로 68 (북아현동,2층)",셀프넷 PC방,126.955084618781,37.5632528878216,PC방
1352,"서울특별시 서대문구 명지대1길 2, 지하1층 (남가좌동)",에이플PC CAFE,126.924697166275,37.5813104729585,PC방
1353,"서울특별시 서대문구 연세로 8-1, VERTIGO 지하2,3층 (창천동)",롤스터PC방,126.937303024246,37.5563412561961,PC방
1354,"서울특별시 서대문구 명물길 6, 지하1층 (창천동)",아이콘 PC,126.937404523407,37.5573105128395,PC방
1355,"서울특별시 서대문구 연희로 271, 2층 (홍은동)",고릴라 PC방,126.935853237611,37.5813094941161,PC방
1356,"서울특별시 서대문구 경기대로 36 (충정로3가,지층)",돌탱이 PC방,126.962037782272,37.5626371546204,PC방
1357,"서울특별시 서대문구 연세로 36, 독수리빌딩 3층 (창천동)",아크PC,126.937240313986,37.5587839163385,PC방
1358,"서울특별시 서대문구 연세로 36, 독수리빌딩 4층 (창천동)",블루포스PC,126.937240313986,37.5587839163385,PC방
1359,"서울특별시 서대문구 홍은중앙로 113, 홍은빌딩 2층 (홍은동)",아이세븐PC방,126.94864901664,37.6005156258528,PC방
1360,"서울특별시 서대문구 세검정로 54, 2층 (홍제동)",제로100 PC홍제점,126.947292236142,37.5925358491224,PC방
1361,"서울특별시 서대문구 통일로36길 5, 옐림빌딩 2, 3층 (홍제동)",Bone PC방,126.946223828461,37.5876216257858,PC방
1362,"서울특별시 서대문구 연세로 12, 지하 2층 (창천동)",갤러리 PC방,126.937200582487,37.556633214994,PC방
1363,서울특별시 서대문구 연희로10길 43-4 (연희동),티온 PC방 서문점,126.932823594828,37.5651378360408,PC방
1364,"서울특별시 서대문구 거북골로 10, 송정빌딩 2층 201호 (홍은동)",3POP(명지대점),126.925887718223,37.5810723730505,PC방
1365,"서울특별시 서대문구 이화여대길 7 (대현동,4층)",PC지엥 이대역점,126.94564199236,37.5572344939529,PC방
1366,"서울특별시 서대문구 경기대로9길 77 (충정로3가,지층)",로하스 PC방 충정로점,126.959856351253,37.5643831946888,PC방
1367,"서울특별시 서대문구 신촌로 127, 신촌르메이에르타운3 지하1층 (창천동)",레드포스PC 아레나 신촌점,126.939992863232,37.5564623964348,PC방
1368,"서울특별시 서대문구 통일로37길 12 (홍제동,3층)",늑대와 여우,126.944136571927,37.5877840964672,PC방
1369,"서울특별시 서대문구 통일로 193 (영천동,2층)",씨씨존,126.961588440235,37.5705740622417,PC방
1370,"서울특별시 서대문구 증가로 259, 3층 (북가좌동, 선정오피스텔)",더쉐프PC 카페,126.911163441601,37.5836644590608,PC방
1371,"서울특별시 서대문구 신촌로 17, 동우빌딩 2층 (창천동)",GEEKSTAR PC방 창천점,126.9290107594,37.5582028873199,PC방
1372,"서울특별시 서대문구 홍은중앙로 89 (홍은동, 우리은행)",3POP PC방,126.947351976886,37.5990276988425,PC방
1373,"서울특별시 서대문구 연희로 103, 지층 (연희동)",LEV9 PC방,126.930907083597,37.567234248303,PC방
1374,서울특별시 서대문구 통일로 428 (홍제동),오셀롯PC 홍제점,126.94603718938,37.587532882934,PC방
1375,"서울특별시 서대문구 거북골로 13, 지하1층 (홍은동)",탑플레이스PC 명지대점,126.925845653146,37.58067969364,PC방
1376,"서울특별시 마포구 월드컵로 85, 지1층 (망원동)",3POP CORE PC방,126.909527814021,37.5563349533576,PC방
1377,서울특별시 마포구 월드컵북로56길 9 (주)우리기술 사옥 2층 202호 (상암동),텐PC CAFE,126.887439627184,37.581384890718,PC방
1378,"서울특별시 마포구 서강로16길 69, 지1층 (신수동)",PC CAFE COZY,126.93718651337,37.5514167009969,PC방
1379,"서울특별시 마포구 양화로 186, LC TOWER 7층 (동교동)",원신PC라운지 인 서울,126.92589313527,37.5576684824211,PC방
1380,"서울특별시 마포구 와우산로29길 15, 3층 (서교동)",두근두근 플스방,126.92886732437,37.5547912647987,PC방
1381,"서울특별시 마포구 동교로 176, 청휘빌딩 2층 (동교동)",나니아 플스방,126.92168983967,37.5561796646134,PC방
1382,"서울특별시 마포구 모래내로3길 3, 태림센트윈상암 지하1층 B101호 (성산동)",라이또PC 마포성산점,126.905391881238,37.564631511842,PC방
1383,"서울특별시 마포구 월드컵로 111, 망원우체국 지하1층 (망원동)",큐스테이지피씨카페,126.907859722016,37.5581818786815,PC방
1384,"서울특별시 마포구 양화로 147, 아일렉스 지하 1층 (동교동)",티원 베이스캠프(T1 BASE CAMP),126.922054509333,37.5560502523992,PC방
1385,"서울특별시 마포구 대흥로 184-2, 1층 (대흥동)",AROHA PC,126.946092732192,37.5555623593394,PC방
1386,"서울특별시 마포구 망원로 24, 지하1층 (망원동)",주식회사 제로백프리미어,126.899636081982,37.5561118914478,PC방
1387,"서울특별시 마포구 홍익로6길 15, 삼주빌딩 4층 (동교동)",박정석 피시방,126.922709032013,37.5553579057749,PC방
1388,"서울특별시 마포구 백범로 28, 제2서강빌딩 1층 101호 (신수동)",레드포스 PC아레나 서강대점,126.936974571542,37.5520644056727,PC방
1389,"서울특별시 마포구 동교로 242, 3층 (연남동)",으뜸 플스방,126.924450876158,37.5614156250297,PC방
1390,"서울특별시 마포구 양화로 192, 1층 104호 (동교동)",칵투스 PC CAFE,126.926246501876,37.5583280533329,PC방
1391,"서울특별시 마포구 신촌로 88, 태영빌딩 지하1층 (노고산동)",아이센스리그PC신촌본점,126.935331733458,37.5553097221974,PC방
1392,"서울특별시 마포구 어울마당로 26 (당인동,지1층)",라인업PC방,126.919932359364,37.5474999833621,PC방
1393,"서울특별시 마포구 월드컵로 155 (망원동,가은빌딩 지하1층)",3POP PC방(마포구청역점),126.904931604469,37.561381158832,PC방
1394,"서울특별시 마포구 월드컵로14길 5, 지하1층 (서교동)",3POP PC,126.910702168336,37.5560051813747,PC방
1395,"서울특별시 마포구 망원로 97, 2층 (망원동)",3POP PC방,126.907521980502,37.5581064714844,PC방
1396,"서울특별시 마포구 매봉산로2길 15, 지하1층 (상암동)",긱스타 PC카페,126.894977598231,37.5785264982816,PC방
1397,"서울특별시 마포구 양화로 156, 2층 (동교동, LG팰리스빌딩)",SNS PC,126.923446601456,37.5561130617043,PC방
1398,"서울특별시 마포구 서강대길 12, 지하1층 (신수동)",공간PC,126.939904866224,37.5492083273558,PC방
1399,"서울특별시 마포구 월드컵북로 328, 1층 (상암동)",OX PC방,126.895729992644,37.5757572395919,PC방
1400,"서울특별시 마포구 월드컵북로16길 27, 3층 (성산동)",탑플레이스 PC,126.915844451516,37.5631601697951,PC방
1401,"서울특별시 마포구 양화로 156, 지하2층 (동교동, LG팰리스빌딩)",I PC CAFE 홍대역점,126.923446601456,37.5561130617043,PC방
1402,"서울특별시 마포구 와우산로 47, 지하1층 (상수동)",3POP PC방(상수점),126.922824724481,37.5487442960797,PC방
1403,"서울특별시 마포구 독막로 147-7, 지하1층 (창전동, 서강쌍용예가)",ZERO100,126.93003258532,37.5480918690059,PC방
1404,"서울특별시 마포구 와우산로 81, 서봉갤러리 지하1층 (서교동)",긱스타 PC방,126.923199830619,37.5517512618431,PC방
1405,"서울특별시 마포구 신촌로16길 34, 지하1층 (노고산동, 백산빌딩)",3POP PC방,126.934204893562,37.5542515086762,PC방
1406,"서울특별시 마포구 연희로 39, 지하1층 (연남동)",샘 피시방 (SAEM PC방),126.927239750975,37.5623999133101,PC방
1407,"서울특별시 마포구 마포대로14길 21, 1층 (공덕동)",레벨업 PC CAFE,126.957016576777,37.5484741843432,PC방
1408,"서울특별시 마포구 양화로3길 6, 지하1층 (합정동)",쓰리팝 PC CAFE,126.911871998628,37.5492247904677,PC방
1409,"서울특별시 마포구 마포대로 38, 지하1층 (도화동)",레벨업 PC CAFE,126.946686455256,37.5394938567133,PC방
1410,"서울특별시 마포구 월드컵북로30길 13, 지하1층 (성산동, 성산월드타운대림아파트)",3POP 빈티지 PC CAFE,126.908363510664,37.568594632553,PC방
1411,"서울특별시 마포구 와우산로 155, 지하 1층 (서교동)",GEEKSTAR PC CAFE,126.929956540282,37.5548638155738,PC방
1412,"서울특별시 마포구 동교로27길 12, 지하1층 (동교동)",제노피시방(동교점),126.922876410496,37.5588764092034,PC방
1413,"서울특별시 마포구 양화로 148, 스칼렛빌딩 지1층 (동교동)",레벨업 PC 카페,126.922661004229,37.5556179021829,PC방
1414,"서울특별시 마포구 월드컵로1길 14, B102~4호 (합정동, 마포 한강 푸르지오)",긱스타 PC CAFE,126.912061257921,37.5500497954747,PC방
1415,"서울특별시 양천구 지양로 79, 2층층 (신월동)",행운PC,126.832990682262,37.5224300656382,PC방
1416,"서울특별시 양천구 오목로 345, 목동 슬로우스퀘어 지하1층 B102~109호 (목동)",긱스타피씨카페,126.875820730078,37.5247775349288,PC방
1417,"서울특별시 양천구 신목로 102, 대경프라자 제지층 03호 (목동)",아이센스리그PC방 오목교점,126.875774509668,37.5235884341471,PC방
1418,"서울특별시 양천구 신정중앙로 107, 지층 (신정동)",제로백피시방,126.863696724211,37.5264375953214,PC방
1419,"서울특별시 양천구 월정로 137, 2층 (신월동)",도깨비 PC,126.837469383438,37.5311741321708,PC방
1420,"서울특별시 양천구 등촌로 230, 동향빌딩 지층 (목동)",레벨업PC방 등촌점,126.864188157127,37.5500824636807,PC방
1421,"서울특별시 양천구 가로공원로71길 2, 2층 (신월동)",포텐PC,126.834826113917,37.5371522934603,PC방
1422,"서울특별시 양천구 가로공원로 119, 2층 201호 (신월동)",월드클래스 PC방,126.829176148835,37.5363765141233,PC방
1423,"서울특별시 양천구 목동서로 77, 현대월드타워 103,104,104-1,104-2호 (목동)",알스타PC[(주)모두피씨],126.877988123429,37.5359631978743,PC방
1424,"서울특별시 양천구 목동중앙북로 11, 지하호 (목동)",코지PC,126.864767649096,37.5486566688707,PC방
1425,"서울특별시 양천구 신정중앙로 88, 지하1층 (신정동)",언더독PC,126.861297660891,37.5264594896402,PC방
1426,"서울특별시 양천구 중앙로 286, 지하1층 B02호 (신정동, 목동미르웰한올림)",경동성인PC,126.852517638229,37.5218276144278,PC방
1427,서울특별시 양천구 목동남로4길 32 (신정동),제로100 PC 신정점,126.866067725231,37.5088235409887,PC방
1428,"서울특별시 양천구 신정중앙로 62, 1층 3호 (신정동)",킹덤PC,126.858637841135,37.5268366486317,PC방
1429,"서울특별시 양천구 월정로 218, 1층 (신월동)",유이PC,126.833711557122,37.5378474721222,PC방
1430,"서울특별시 양천구 월정로 145, 지하1층 (신월동)",단밤PC,126.836971801307,37.531801353487,PC방
1431,"서울특별시 양천구 등촌로 32, 목동 태영프라자 6층 (목동)",스타디움PC CAFE,126.864166285292,37.5328851583631,PC방
1432,"서울특별시 양천구 목동중앙북로 86, 지하층 (목동)",원픽피씨카페,126.872614610362,37.5463224390396,PC방
1433,"서울특별시 양천구 목동로25길 9, 지층 (신정동, 건영아파트)",고고피씨방,126.862750883343,37.5277155614034,PC방
1434,"서울특별시 양천구 곰달래로5길 22, 1층 (신월동)",해피PC,126.833994839407,37.531483748413,PC방
1435,"서울특별시 양천구 목동중앙본로7길 6, 2층 (목동)",유지트PC 목동점,126.868352515999,37.5399187798551,PC방
1436,서울특별시 양천구 곰달래로5길 59-1 (신월동),라이브PC,126.831630541081,37.5346370550625,PC방
1437,"서울특별시 양천구 등촌로 42-1, 2층 (목동)",호호PC,126.863916516818,37.5337333428665,PC방
1438,"서울특별시 양천구 신정중앙로19길 7, 103호 (신정동, 춘당아네시스)",승리PC방,126.861504528447,37.5272800040182,PC방
1439,"서울특별시 양천구 월정로 221, 1층 (신월동)",황소pc,126.833359716242,37.5379288769989,PC방
1440,"서울특별시 양천구 목동서로 389, 테마프라자 3층 301,302호 (신정동)",아이센스리그PC,126.861199902538,37.5157806966376,PC방
1441,"서울특별시 양천구 목동중앙본로 69, 삼성빌딩 2층 (목동)",스타덤PC 목동점,126.869060611681,37.5421809851093,PC방
1442,"서울특별시 양천구 남부순환로40길 6, 지층 (신월동)",초이스PC,126.828015178206,37.5351430724935,PC방
1443,"서울특별시 양천구 중앙로 251 (신정동,지하1층 106~110호)",우리신정PC방,126.853223171816,37.518714899828,PC방
1444,"서울특별시 양천구 지양로 82, 지하1층 (신월동)",잇츠pc방(신월점),126.833094245325,37.5227099730559,PC방
1445,"서울특별시 양천구 목동중앙북로1길 39, 1층 (목동)",명품 PC,126.864514947503,37.5504119735898,PC방
1446,"서울특별시 양천구 오목로 58 (신월동,지층)",레벨업PC카페,126.844066388115,37.5223094268187,PC방
1447,"서울특별시 양천구 남부순환로 353 (신월동, 지하1층)",레벨업 PC CAFE,126.828923065237,37.5356741789955,PC방
1448,"서울특별시 양천구 은행정로 86, 1층 102호 (신정동, sk자이빌)",로데오 PC,126.858969181365,37.5275070292965,PC방
1449,서울특별시 양천구 신월로15길 7 (신월동),신월PC,126.841716283854,37.5190288155623,PC방
1450,"서울특별시 양천구 월정로 213, 1층 (신월동)",와우 PC,126.833714317513,37.5373686849352,PC방
1451,"서울특별시 양천구 곰달래로5길 60, 1층 (신월동)",달마 PC방,126.83191948566,37.5347465777386,PC방
1452,"서울특별시 양천구 목동중앙로 43 (목동, 목동글로리파크 지층 101,102)",PC랑푸드,126.869525224448,37.5335410020886,PC방
1453,서울특별시 양천구 중앙로46길 2 (신정동),놀토PC,126.852594760358,37.5220140379178,PC방
1454,서울특별시 양천구 곰달래로 48 (신월동),쓰리팝 PC방,126.838204204606,37.5298650864067,PC방
1455,"서울특별시 양천구 가로공원로 122, 1층 4호 (신월동)",공원PC,126.829556120901,37.5358151097194,PC방
1456,"서울특별시 양천구 목동중앙북로 16 (목동,지하1층)",탑티어 피씨방(TOP TIER),126.865302393826,37.5483147206199,PC방
1457,"서울특별시 양천구 월정로 139, 1층층 (신월동)",RING PC방,126.837403707491,37.5313045066258,PC방
1458,서울특별시 양천구 남부순환로88길 14 (신정동),라네이즈PC,126.840173516553,37.5118971024706,PC방
1459,"서울특별시 양천구 월정로 211 (신월동,1층)",즐거운PC CLUB,126.833758026031,37.5372513462472,PC방
1460,"서울특별시 양천구 목동동로12길 45, 지층 (목동)",xoxo핫도그 x 3POP,126.876366110642,37.5225865099354,PC방
1461,"서울특별시 양천구 목동중앙본로 95, 지하1층 (목동)",제로백,126.870395488047,37.54420285771,PC방
1462,"서울특별시 양천구 은행정로 74 (신정동, 1층)",황제 PC,126.859076587953,37.5263403608246,PC방
1463,"서울특별시 양천구 목동중앙본로 42, 지층 (목동)",더존플러스 pc방,126.868835232193,37.5398432726571,PC방
1464,"서울특별시 양천구 신월로 164 (신월동, 승일뷰티타워 B104호)",헤라PC방,126.842018042503,37.517760427962,PC방
1465,서울특별시 양천구 곰달래로5길 17 (신월동),아이온PC방,126.833603986348,37.5311113555178,PC방
1466,"서울특별시 양천구 신목로2길 58-1, 2층 (목동)",강구PC,126.877299423799,37.5229055369719,PC방
1467,"서울특별시 양천구 공항대로 626, 지하1층 (목동)",리 PC,126.874274631417,37.5466090237895,PC방
1468,"서울특별시 양천구 곰달래로 47 (신월동, 백석빌딩)",B ONE PC,126.837979822093,37.530248154543,PC방
1469,서울특별시 양천구 중앙로 237 (신정동),옵티멈존PC카페 신정네거리역점,126.853643266456,37.5177429690532,PC방
1470,"서울특별시 양천구 중앙로34길 30, 1층 17호 (신정동)",둘리PC,126.853558140918,37.5208424920255,PC방
1471,"서울특별시 양천구 곰달래로5길 45, 1층 (신월동)",부담없는 PC,126.832373307436,37.5334786149112,PC방
1472,"서울특별시 양천구 신정중앙로 48, 2층 (신정동)",센스PC,126.857119984882,37.5270689923319,PC방
1473,"서울특별시 양천구 신월로36길 19, 지층 (신정동)",짱이PC방,126.85868599823,37.5199585483671,PC방
1474,"서울특별시 양천구 등촌로 32, 106호 (목동, 목동태영프라자)",왠지PC방,126.864166285292,37.5328851583631,PC방
1475,"서울특별시 양천구 목동중앙서로 7-1  (목동,1층)",제이제이 PC방,126.864706138814,37.5326604378483,PC방
1476,서울특별시 양천구 중앙로 280 (신정동),ZERO100 신정네거리점,126.852729159683,37.5213761159391,PC방
1477,"서울특별시 양천구 신정중앙로 82, 지하층 (신정동)",아카PC방,126.860696745163,37.5265052740608,PC방
1478,"서울특별시 양천구 남부순환로88길 10, 3층 (신정동)",잼PC방,126.840498916897,37.512061164533,PC방
1479,"서울특별시 양천구 곰달래로14길 10, 1층 (신월동)",승리 PC,126.83785547145,37.5292098509446,PC방
1480,"서울특별시 양천구 공항대로 620, 지하1층 (목동)",황제PC,126.8738208026,37.5465760136688,PC방
1481,"서울특별시 양천구 가로공원로 131, 지하1층 (신월동)",위너PC,126.830530198086,37.5364543291825,PC방
1482,"서울특별시 양천구 곰달래로5길 49-1, 1층 (신월동)",콩이PC,126.832142728578,37.5338317496892,PC방
1483,"서울특별시 양천구 목동중앙본로 107, 1층 104호 (목동, 대명이튼캐슬)",대박pc,126.870628625751,37.5451643888693,PC방
1484,서울특별시 양천구 중앙로 259-1  (신정동),넷티즌월드,126.852828500541,37.5195229682923,PC방
1485,서울특별시 양천구 목동중앙서로 10  (목동),웹골뱅이,126.864843232656,37.5324265148967,PC방
1486,서울특별시 양천구 목동중앙서로 22-1  (목동),현대PC게임방,126.866365744193,37.5325494320952,PC방
1487,"서울특별시 강서구 강서로 462, 대룡드림타워-1 202호 (등촌동)",맥스피드PC 양천향교직영점,126.84140274432,37.5666120273171,PC방
1488,"서울특별시 강서구 강서로 429, 마곡오드카운티1차 102호 (마곡동)",에바다PC,126.839511274632,37.5640031623664,PC방
1489,"서울특별시 강서구 강서로5나길 104, 101호 (화곡동, 웰라이빌아파트)",행운게임랜드,126.842384319394,37.5285659999317,PC방
1490,"서울특별시 강서구 곰달래로 246, 녹정빌딩 3층 (화곡동)",렉스PC,126.860298516176,37.5318504424101,PC방
1491,"서울특별시 강서구 금낭화로 135, 금강프라자빌딩 지층 (방화동)",OX PC방 방화역점,126.812438073591,37.5774450106613,PC방
1492,"서울특별시 강서구 공항대로 194, 문영 퀸즈파크12차 B103,B104호 (마곡동)",긱스타 PC CAFE 마곡역점,126.829034127455,37.5589809916906,PC방
1493,"서울특별시 강서구 강서로5나길 33, 2층 (화곡동)",제우스PC방,126.846386280915,37.5283965689824,PC방
1494,"서울특별시 강서구 강서로5나길 144, 힐하우스 2층 (화곡동)",로또PC,126.84006674018,37.5283809721254,PC방
1495,"서울특별시 강서구 강서로17길 138, 1층 (화곡동)",별PC,126.838175093499,37.5320285288191,PC방
1496,"서울특별시 강서구 강서로17길 134, 영주빌딩 104호 (화곡동)",고추PC,126.838334291543,37.53207487807,PC방
1497,"서울특별시 강서구 양천로24길 11, 1층 (방화동)",스타PC,126.815616684601,37.572762239511,PC방
1498,"서울특별시 강서구 강서로 53, 형제빌딩 지층 (화곡동)",제로백 PC방 까치산점,126.845921597366,37.5324902906834,PC방
1499,"서울특별시 강서구 화곡로58길 18, 한양빌딩 2층 (화곡동)",제로백PC강서구청점,126.85185286954,37.5527995459334,PC방
1500,"서울특별시 강서구 곰달래로 53-1, 1층 (화곡동)",순이PC,126.838705654765,37.5302678888907,PC방
1501,"서울특별시 강서구 방화대로6라길 17, 1층 (공항동)",당근PC,126.818251122254,37.5557784221645,PC방
1502,"서울특별시 강서구 공항대로45길 68-6, 지층 (등촌동, 서광등촌마을)",텐지 피시방,126.856969456017,37.5579627106862,PC방
1503,"서울특별시 강서구 월정로18길 3, 102호 (화곡동)",아지트 PC,126.839077560778,37.5293583855883,PC방
1504,서울특별시 강서구 남부순환로9길 27 (공항동),반딧불 PC,126.81158023685,37.5573414649494,PC방
1505,"서울특별시 강서구 송정로 13, 부국빌딩 1층 (공항동)",빙고PC,126.812087689477,37.5564064990457,PC방
1506,"서울특별시 강서구 국회대로 85-43, 2층 202호 (화곡동)",짱PC,126.844230798659,37.5282739125721,PC방
1507,"서울특별시 강서구 월정로 106, 지층 (화곡동)",588PC랜드,126.839244133879,37.5287598073377,PC방
1508,"서울특별시 강서구 마곡중앙로 161-8, 두산더랜드파크 A동 114호 (마곡동)",메이드PC,126.827338682565,37.568851450649,PC방
1509,"서울특별시 강서구 강서로17길 117, 1층 (화곡동)",두리PC,126.83926821742,37.5321931927813,PC방
1510,"서울특별시 강서구 월정로 118, 2층 (화곡동)",스타PC게임랜드,126.838697471818,37.529759803473,PC방
1511,"서울특별시 강서구 강서로 43-17, 오거닉스타워 B2층 201호 (화곡동)",아이센스리그PC방 까치산역점,126.846691735763,37.5311063652026,PC방
1512,"서울특별시 강서구 공항대로 635, 동원빌딩 지층 (염창동)",플레이존  PC 염창역점,126.875270707574,37.5472626732763,PC방
1513,"서울특별시 강서구 곰달래로 224, 1층 (화곡동)",태영PC방,126.857846645433,37.5315273910695,PC방
1514,"서울특별시 강서구 강서로 205, 세종빌딩 지하2층 (화곡동)",PC-TAG,126.837621158964,37.5441393622812,PC방
1515,"서울특별시 강서구 곰달래로 83, 101호 (화곡동, 유한빌)",팡팡PC,126.841936405148,37.530399388279,PC방
1516,"서울특별시 강서구 강서로5나길 32, 은하빌딩 2층 (화곡동)",크라운PC,126.846411554218,37.5287609666213,PC방
1517,"서울특별시 강서구 강서로 24, 성지빌딩 4층 (화곡동)",비긴PC방,126.847978671154,37.5300989982156,PC방
1518,"서울특별시 강서구 강서로33가길 68, 프라자빌딩 지층호 (화곡동)",RD PC,126.836965555809,37.5444922810081,PC방
1519,"서울특별시 강서구 곰달래로 222, 3층 (화곡동)",ARENA PC,126.857590954693,37.5314683377829,PC방
1520,"서울특별시 강서구 가로공원로76길 100, 1층 (화곡동)",여우PC,126.83883535208,37.5328236634124,PC방
1521,"서울특별시 강서구 화곡로 176-22, 지층 101호 (화곡동, NS파크APT)",GRAY PC & CAFE,126.841714801479,37.5408779892269,PC방
1522,"서울특별시 강서구 화곡로21길 87, 지층 (화곡동, 해온빌딩)",프라임피시방,126.835916380576,37.544692651418,PC방
1523,"서울특별시 강서구 강서로47길 113, 지층 (내발산동, 성호빌딩)",놀PC방,126.829847684279,37.5532440805507,PC방
1524,"서울특별시 강서구 화곡로58길 17 (화곡동, 2층)",탑피시,126.851939760258,37.5530401310881,PC방
1525,"서울특별시 강서구 강서로5나길 134, 2층 (화곡동)",붕붕PC방,126.840748879491,37.5284038783305,PC방
1526,"서울특별시 강서구 금낭화로 5, 부자빌딩 1층 (방화동)",긱스타PC,126.811572352147,37.5657305309014,PC방
1527,"서울특별시 강서구 화곡로 111, 7층 (화곡동)",JJ Dessert PC Cafe,126.834213654314,37.5402197881037,PC방
1528,"서울특별시 강서구 화곡로 116, 2층 (화곡동)",빅토리PC,126.834722978726,37.539896232504,PC방
1529,"서울특별시 강서구 방화대로7나길 46, 지층 (공항동)",탑클래스PC,126.813193292325,37.5564066316637,PC방
1530,"서울특별시 강서구 화곡로60길 20, 2층 (화곡동)",강구PC,126.85228881538,37.5534212395905,PC방
1531,"서울특별시 강서구 까치산로17길 5, 1층 (화곡동)",골목PC,126.849101574578,37.5480467233076,PC방
1532,"서울특별시 강서구 화곡로21길 78, 2층 (화곡동)",헌터PC방 화곡점,126.836438459202,37.5445499367821,PC방
1533,"서울특별시 강서구 곰달래로 52, 1층 (화곡동)",영자PC,126.838583156306,37.5299403880104,PC방
1534,서울특별시 강서구 양천로16길 16 (방화동),원피스PC방,126.811016266626,37.5725360231686,PC방
1535,"서울특별시 강서구 곰달래로 215-1, 2층 (화곡동)",곰달래PC,126.856975998285,37.5317350116023,PC방
1536,"서울특별시 강서구 공항대로71길 31, 상가동 B01,02호 (염창동, 극동상록수아파트)",제노피시방,126.871995630231,37.5487034685102,PC방
1537,"서울특별시 강서구 송정로 48, 축복빌딩 지층 (공항동)",킹덤PC,126.810578480017,37.5591438361369,PC방
1538,"서울특별시 강서구 초원로 53, 1층 (방화동)",골든PC방,126.811279989308,37.567927499743,PC방
1539,"서울특별시 강서구 화곡로63길 93, 지층 (등촌동, 신송타워)",플렉스피씨(FLEX PC),126.847811653783,37.5585028516812,PC방
1540,"서울특별시 강서구 공항대로 525, 비원오피스텔 (등촌동)",플렉스 피씨 (FLEX PC) 등촌역점,126.865288555375,37.5515396464121,PC방
1541,"서울특별시 강서구 강서로 451, 스카이오피스텔 109호 (마곡동)",와우PC,126.840151682632,37.5658569279715,PC방
1542,"서울특별시 강서구 곰달래로60길 7, 2층 (화곡동)",탑PC,126.86325377335,37.5319180525369,PC방
1543,"서울특별시 강서구 곰달래로 237, 1층 (화곡동)",화곡PC,126.859409970557,37.5320114779772,PC방
1544,"서울특별시 강서구 양천로75길 13, 지층 (염창동)",라이온PC방,126.875066111272,37.5503823431126,PC방
1545,"서울특별시 강서구 까치산로 93, 1층 (화곡동)",공원PC방,126.84816364255,37.5467856553943,PC방
1546,"서울특별시 강서구 등촌로13길 34, 101호 (화곡동, 경흥빌라트)",로또PC 화곡점,126.861486316839,37.5355989214973,PC방
1547,"서울특별시 강서구 공항대로45길 44, 청림오피스텔 206호 (등촌동)",아쿠아PC방,126.855808218309,37.5568092839784,PC방
1548,"서울특별시 강서구 강서로 257, 지층 (내발산동)",제로백PC 우장산점,126.836035160372,37.5486867604595,PC방
1549,"서울특별시 강서구 마곡중앙로 161-17, 보타닉파크타워Ⅰ B1층 (마곡동)",포텐PC(4TEN PC) 마곡나루1호점,126.825960812712,37.5680581740122,PC방
1550,"서울특별시 강서구 까치산로 101, 지층 좌측호 (화곡동)",피시베네 season 2 (PC클럽),126.848580974482,37.5474583358704,PC방
1551,"서울특별시 강서구 방화동로 116-1, 1층 (방화동)",돼지PC,126.812507868932,37.5708287655992,PC방
1552,"서울특별시 강서구 곰달래로 125, 2층 (화곡동, 라인씨티)",세븐스타PC방 까치산역점,126.846767853226,37.5307859780919,PC방
1553,"서울특별시 강서구 강서로 360, 솔레드림 지층 b103호 (내발산동)",3 PoP,126.838393605308,37.5576945764491,PC방
1554,"서울특별시 강서구 강서로18다길 22, 101호 (화곡동, 해풍그랜드타운)",제노PC ZONE,126.847408580799,37.5352096377055,PC방
1555,"서울특별시 강서구 양천로 100-1, 수현빌딩 지층 (방화동)",제로백PC 신방화점,126.815058656627,37.5732017723721,PC방
1556,"서울특별시 강서구 까치산로 101, 지층 우측호 (화곡동)",피시베네 season 2 (PC방),126.848580974482,37.5474583358704,PC방
1557,"서울특별시 강서구 강서로 426, 효성인텔리안 지층 101,110호 (등촌동)",메가쓰리팝PC방,126.840613697454,37.5633706252766,PC방
1558,"서울특별시 강서구 화곡로 341, 그랜드아이파크 (화곡동)",e-sports PC,126.850995581546,37.5542929511592,PC방
1559,"서울특별시 강서구 화곡로 180, 3층 (화곡동)",쿡몬스터PC,126.841722040176,37.541842878658,PC방
1560,"서울특별시 강서구 강서로 43, B301호 (화곡동, 도양라비앙타워 )",더블유피씨방,126.846531702129,37.5315215185769,PC방
1561,"서울특별시 강서구 곰달래로58길 12, 1층 (화곡동)",놀토PC,126.861826845306,37.5316305041818,PC방
1562,"서울특별시 강서구 강서로5나길 50, 108호 (화곡동, 일성스카이빌)",럭키PC,126.845517395793,37.5287943988332,PC방
1563,"서울특별시 강서구 강서로10길 200, 1층 (화곡동)",골드 PC방,126.858985505868,37.5312752148378,PC방
1564,"서울특별시 강서구 양천로 73, 멤브로메디컬센터 지층 (방화동)",레벨업PC방,126.811826043779,37.5737251867757,PC방
1565,"서울특별시 강서구 강서로17길 117, 1층 (화곡동)",스타일PC,126.83926821742,37.5321931927813,PC방
1566,"서울특별시 강서구 곰달래로49길 48, 1층 (화곡동)",나우PC방,126.857389215821,37.5337938466988,PC방
1567,"서울특별시 강서구 강서로 460, 평안빌딩 (등촌동)",게임팩토리PC,126.841106001932,37.5663257425795,PC방
1568,"서울특별시 강서구 강서로5나길 131, 2층 (화곡동)",왕대박PC,126.840885923997,37.52811817546,PC방
1569,"서울특별시 강서구 까치산로 189-1, 지층 (화곡동)",대박PC게임장,126.853888750093,37.5541504250601,PC방
1570,"서울특별시 강서구 양천로57길 16, 영보빌딩 5층 (가양동)",누리터 PC방,126.852504476699,37.5633752671263,PC방
1571,"서울특별시 강서구 양천로 583, 우림블루나인비즈니스센터 b106호 (염창동)",제나두PC 강서본점,126.864347419732,37.5571161918617,PC방
1572,"서울특별시 강서구 까치산로 26, 1층 103호 (화곡동, 더퍼스트빌화곡)",well PC,126.843362773067,37.5420501337519,PC방
1573,"서울특별시 강서구 강서로5나길 59, 2층 (화곡동)",짱구PC 화곡점,126.844884191095,37.5283024332797,PC방
1574,"서울특별시 강서구 강서로 191, 지하층 (화곡동, 화평빌딩)",라이또PC방 화곡점,126.838520714498,37.5432641044882,PC방
1575,"서울특별시 강서구 방화동로 80, 1층 (방화동)",대박PC,126.812869586247,37.5674135799927,PC방
1576,"서울특별시 강서구 양천로16길 7, 1층 2호 (방화동)",방화 PC,126.811019251197,37.5729228245554,PC방
1577,"서울특별시 강서구 공항대로46길 73, 4층 (화곡동)",안다미로,126.85163621947,37.5528217988386,PC방
1578,"서울특별시 강서구 양천로57길 10-11, 이스타빌2차 B07, 08, 09호 (가양동)",투앤투PC방,126.852934754398,37.5631717283618,PC방
1579,"서울특별시 강서구 방화대로6길 43, 2층 (공항동)",스마일PC게임,126.819016172131,37.5546571358773,PC방
1580,"서울특별시 강서구 강서로 411, 107호 (마곡동, 마곡에비앙)",국제PC,126.839010860704,37.5623808692994,PC방
1581,"서울특별시 강서구 공항대로42길 16, 지층 (내발산동)",아이비스PC 내발산점,126.843609294059,37.5572344334833,PC방
1582,"서울특별시 강서구 강서로 261, 지층 1,4호 (내발산동)",비원 PC방,126.835954853373,37.5491854412348,PC방
1583,"서울특별시 강서구 강서로 52, 화곡판타지아 (화곡동)",3POP PC방,126.846651402005,37.5324605164753,PC방
1584,"서울특별시 강서구 강서로 187, 경동엠파이어시티 101동 B01호 (화곡동)",피에스타 PC방 강서 화곡역점,126.838834495799,37.5428947633309,PC방
1585,"서울특별시 강서구 방화대로34길 92, 불해빌딩 지층 (방화동)",ZIO(지오)PC방,126.821409394955,37.5708840128695,PC방
1586,"서울특별시 강서구 송정로 18-2, 1층 (공항동)",애플PC,126.812222037565,37.5567634171884,PC방
1587,"서울특별시 강서구 양천로 452, 어위쉬예다인 지하1층층 (등촌동)",3POP PC CAFE,126.850820066078,37.5628582317658,PC방
1588,"서울특별시 강서구 강서로 391, 1층 106호 (마곡동, 문영비즈웍스)",강구짱PC,126.838427628497,37.5605448342463,PC방
1589,"서울특별시 강서구 화곡로42길 32, 1층 (화곡동)",블루PC,126.847050651331,37.5459847632984,PC방
1590,"서울특별시 강서구 강서로18길 52, 삼광빌딩 102호 (화곡동)",해적PC,126.848504697055,37.5343755516421,PC방
1591,서울특별시 강서구 공항대로45길 12 (등촌동),명품PC,126.854621284509,37.5558519610316,PC방
1592,"서울특별시 강서구 강서로5나길 109, A-2호 (화곡동)",메이드PC방,126.841905897445,37.5279688077685,PC방
1593,"서울특별시 광진구 능동로 373, 3층 (중곡동)",루미너스PC방,127.082267149875,37.5627301037268,PC방
1594,서울특별시 광진구 광나루로 392 (화양동),넥스트PC카페,127.073123076689,37.547301943571,PC방
1595,"서울특별시 광진구 면목로 195, 진웅빌딩 (중곡동)",두꺼비 PC,127.083087020661,37.5705440453956,PC방
1596,"서울특별시 광진구 광나루로 382, 지하1,2층 (화양동, 아스하임)",G PRO PC&CAFE,127.072065060154,37.5474599984908,PC방
1597,"서울특별시 광진구 긴고랑로 17-1, 1층 (중곡동)",팝콘PC,127.078419008082,37.5638221169316,PC방
1598,"서울특별시 광진구 아차산로 353, 금강태극빌 2층 (자양동)",구의 PC,127.08209431704,37.5372444977042,PC방
1599,"서울특별시 광진구 용마산로 52, 2층 201호 (중곡동)",아지트PC,127.088006200556,37.5583365801856,PC방
1600,"서울특별시 광진구 긴고랑로 95, 1층 (중곡동)",놀이터 PC,127.086247142946,37.5603553001425,PC방
1601,"서울특별시 광진구 긴고랑로 31, 지하층 (중곡동)",노라조PC,127.08002793085,37.5632779168085,PC방
1602,"서울특별시 광진구 아차산로 220, 지하1층 (자양동)",메가 PC방,127.067657144585,37.5406341134418,PC방
1603,"서울특별시 광진구 광나루로 375-1, 2층 (군자동)",앤유PC 세종대점,127.071743335135,37.5481605406369,PC방
1604,"서울특별시 광진구 능동로 314, 공영빌딩 지하1층 (중곡동)",레벨업 PC CAFE,127.080039873331,37.5576188388403,PC방
1605,"서울특별시 광진구 아차산로 360, 201호 (자양동)",라이온 PC,127.082634313783,37.5364830461728,PC방
1606,"서울특별시 강서구 강서로5나길 109, A-5호 (화곡동)",스카이PC방,126.841905897445,37.5279688077685,PC방
1607,"서울특별시 광진구 뚝섬로52길 7, 그랜드 아파트 지하1층 (자양동, 그랜드 아파트)",맥PC카페 자양점,127.079629698305,37.531532669959,PC방
1608,"서울특별시 광진구 자양로13길 8 (자양동, 아스하임)",놀이터PC,127.083208933655,37.535732559894,PC방
1609,"서울특별시 광진구 용마산로 16, 창성빌딩 (중곡동)",모아 PC,127.088619127555,37.5550506355341,PC방
1610,"서울특별시 광진구 군자로 43, 아스하임 지하1층 (화양동)",비원 PC방,127.070101890144,37.5471665537169,PC방
1611,"서울특별시 광진구 천호대로129길 29, 2층 (중곡동)",1%PC아레나,127.091123493697,37.5531645632465,PC방
1612,"서울특별시 광진구 뚝섬로24길 3, 지하층 (자양동)",제우스 PC,127.06377699944,37.5362819194909,PC방
1613,"서울특별시 광진구 아차산로 229 (화양동, 지하1층)",포포PC방 건대점,127.068990676571,37.540809126931,PC방
1614,"서울특별시 광진구 능동로37길 6, 지하1층 (중곡동)",세븐PC,127.079576569907,37.558190113832,PC방
1615,"서울특별시 광진구 자양로22길 24, 천서빌딩 (구의동)",콤마 PC CAFE,127.084750927093,37.5394964725263,PC방
1616,"서울특별시 광진구 능동로 290, 삼일빌딩 (능동)",쿤자PC방,127.078979184085,37.5555832993412,PC방
1617,"서울특별시 광진구 동일로 88, 1층 (자양동)",건대PC,127.063308331095,37.5404019046121,PC방
1618,"서울특별시 광진구 군자로 144, 지층 (군자동)",옥스피시방 세종대점,127.075438283864,37.5543089012887,PC방
1619,"서울특별시 광진구 강변역로4길 10, 강변역지너스타워 지하1층 7,8호 (구의동)",맥스피드 PC 동서울터미널점,127.093405063055,37.5353492183772,PC방
1620,"서울특별시 광진구 아차산로 244, 지하1층 (자양동)",5번 출구 피씨방,127.070200722719,37.5397305477366,PC방
1621,"서울특별시 광진구 동일로38길 3 (군자동,지하1층)",클릭넷(군자),127.069717899651,37.5516234795333,PC방
1622,"서울특별시 광진구 아차산로 377, 지하1층 (구의동)",에코스PC방 구의점,127.084759909345,37.537235766975,PC방
1623,"서울특별시 광진구 뚝섬로 613, 우양빌딩 지하1층 (자양동)",맵스 PC방,127.077942462278,37.532708250351,PC방
1624,"서울특별시 광진구 아차산로 241, 연한빌딩 b1층 (화양동)",비원 건대2호점,127.070150304742,37.5405050771385,PC방
1625,"서울특별시 광진구 아차산로51길 62, 2층 (구의동)",아이넷 폴리스,127.085021066015,37.5397413502913,PC방
1626,"서울특별시 광진구 구의로 6, 신호빌딩 지하1층 (구의동)",엔탑 PC방,127.089346755579,37.5384927045864,PC방
1627,"서울특별시 광진구 광나루로 614, 만택빌딩 지하1층 (구의동)",PPL PC방,127.09583385236,37.5407914746361,PC방
1628,"서울특별시 광진구 자양로15길 18, 혜성빌딩 지하1층 (자양동)",비원PC방,127.082545105767,37.535821774302,PC방
1629,"서울특별시 광진구 뚝섬로 503, 선덕빌딩 지하1층 (자양동)",RUNPC,127.066021835302,37.5360837271218,PC방
1630,서울특별시 광진구 능동로16길 60 (화양동),제노 PC ZONE,127.076295470745,37.5452297113773,PC방
1631,"서울특별시 광진구 긴고랑로 17, 1층 (중곡동)",노다지pc,127.078419008082,37.5638221169316,PC방
1632,"서울특별시 강서구 마곡중앙로 165, 안강프라이빗타워 지1층 104호 (마곡동)",포텐PC(4TEN PC) 마곡나루2호점,126.827697450113,37.5685808655445,PC방
1633,서울특별시 광진구 용마산로 58 (중곡동),제노PC방,127.088006320923,37.5588238392141,PC방
1634,서울특별시 광진구 면목로 203 (중곡동),아레나피씨,127.083229831295,37.5712175286905,PC방
1635,"서울특별시 광진구 답십리로 368, 1층 (중곡동)",레이s PC,127.08127497176,37.5714772960538,PC방
1636,"서울특별시 광진구 자양번영로 20, 자양빌딩 2층 (자양동)",제트4PC방,127.075360551131,37.5313918517588,PC방
1637,서울특별시 광진구 자양로13길 99 (자양동),오엑스피씨방 자양동점,127.080127422591,37.53262182371,PC방
1638,"서울특별시 광진구 능동로 372, 지하1층 (중곡동)",나인 PC방,127.082657634876,37.5624218704524,PC방
1639,"서울특별시 광진구 아차산로29길 41, 화양동동 지하1층 (화양동)",PPL PC방,127.068894797657,37.542733357585,PC방
1640,"서울특별시 광진구 아차산로 288, 지층 (자양동, 대흥빌딩)",쓰리팝PC방,127.074910816116,37.5383893084634,PC방
1641,"서울특별시 광진구 자양로 278, 대운빌딩 지하2층 (구의동)",제로백PC 아차산역점,127.091469948053,37.5506056415504,PC방
1642,"서울특별시 광진구 천호대로 635, 백철빌딩 (중곡동)",아차산PC,127.088333259008,37.554096693392,PC방
1643,"서울특별시 광진구 구의로 4, 2층 (구의동)",리그 PC 카페,127.089289559874,37.538350750252,PC방
1644,"서울특별시 광진구 군자로 141, 2층 (군자동)",엔탑 PC방,127.074826250644,37.5543077590397,PC방
1645,"서울특별시 광진구 용마산로 40, 3층 (중곡동)",3 pop PC방,127.088249060157,37.5571682562834,PC방
1646,"서울특별시 광진구 면목로 161, 중곡빌딩 (중곡동)",팽PC카페 중곡점,127.082032319458,37.5677094408244,PC방
1647,"서울특별시 강서구 화곡로 330, 4층 (화곡동)",아레나X PC,126.851201437059,37.553270128542,PC방
1648,"서울특별시 광진구 아차산로 471, CS PLAZA 지하1층 (구의동)",제로백 PC방 구의점,127.093974084703,37.5404187841405,PC방
1649,"서울특별시 광진구 뚝섬로59길 81-15, 1층 (자양동)",스마일PC,127.082356422124,37.5349321680697,PC방
1650,"서울특별시 광진구 아차산로51길 42, 노블스타 2층 (구의동)",마카오PC,127.085124386664,37.5388588365985,PC방
1651,"서울특별시 광진구 광나루로56길 63, 프라임프라자 4층 410, 411호 (구의동)",사이버리아PC방,127.096160584389,37.5367887874337,PC방
1652,서울특별시 광진구 긴고랑로 48 (중곡동),제일pc방,127.081435690098,37.5624111868636,PC방
1653,"서울특별시 광진구 답십리로 366, 1층 (중곡동)",마카오PC,127.081044868195,37.571502321705,PC방
1654,"서울특별시 광진구 영화사로 18, 2층 (중곡동)",물라PC,127.089257377181,37.5575751995081,PC방
1655,"서울특별시 광진구 면목로 99, 201호 (중곡동)",모아PC,127.079285001631,37.5625475298728,PC방
1656,"서울특별시 광진구 자양로 277, 지층 (구의동)",TEN PC,127.091104212028,37.5508051349791,PC방
1657,"서울특별시 광진구 면목로 181, 1층 (중곡동)",브라보 PC방,127.082893808964,37.5693311714022,PC방
1658,"서울특별시 광진구 동일로20길 109, 2층 (자양동)",주식회사 나니아(나니아 플스방),127.069481347109,37.5397622378886,PC방
1659,"서울특별시 강서구 강서로5나길 47, 3층 (화곡동)",블루PC,126.845567415402,37.5283481985032,PC방
1660,"서울특별시 강서구 방화동로 90, 반석빌딩 2층 202호 (방화동)",팡팡PC랜드,126.812938605108,37.5683752306978,PC방
1661,"서울특별시 강서구 마곡중앙6로 69, 4층 (마곡동)",RISE PC,126.835089020911,37.5603375842313,PC방
1662,"서울특별시 강서구 공항대로75길 8, 지층 (염창동)",하이브나인 PC방 염창역점,126.873927429462,37.5474315354119,PC방
1663,"서울특별시 강서구 월정로 96, 한빛빌딩 1층 (화곡동)",동전PC,126.839707806331,37.5279944967274,PC방
1664,"서울특별시 강서구 마곡중앙6로 93, 열린프라자 101-1호 (마곡동)",황금PC,126.837697932979,37.5601356822454,PC방
1665,"서울특별시 강서구 강서로5나길 152, 2층 (화곡동)",금달PC,126.839749100188,37.5283643235343,PC방
1666,"서울특별시 강서구 등촌로 75, 지덕빌딩 4층 (등촌동)",인디고pc방 등촌점,126.863203039524,37.5367139277952,PC방
1667,"서울특별시 강서구 강서로47길 165, 신원메디칼프라자 1001호 (내발산동)",인디고PC방 내발산점,126.826919545523,37.5534315567653,PC방
1668,"서울특별시 강서구 강서로17길 125, 101호 (화곡동, 라피아노)",뭉치PC,126.838925699867,37.532057936472,PC방
1669,"서울특별시 강서구 금낭화로 49, 1층 (방화동)",잭팟 PC,126.811440135664,37.5697765959981,PC방
1670,"서울특별시 강서구 공항대로46길 90, 덕영빌딩 2층 (화곡동)",레벨업PC카페,126.850736714771,37.552385483477,PC방
1671,"서울특별시 강서구 월정로 102, 1층 (화곡동)",황제PC,126.839542740693,37.5283671968499,PC방
1672,"서울특별시 구로구 경인로47길 26  (고척동,(3층))",사이버붐 PC방,126.866606846487,37.5006460911964,PC방
1673,"서울특별시 구로구 새말로 20 (구로동,지층)",스위티PC방,126.883353221179,37.501999824881,PC방
1674,"서울특별시 구로구 구로중앙로28다길 29 (구로동,지층)",인터넷 매니아,126.888184536813,37.50154435326,PC방
1675,"서울특별시 구로구 경인로67길 23, 101동 B102호 (신도림동,신도림2차푸르지오)",본PC방,126.889481191271,37.5104826397728,PC방
1676,"서울특별시 구로구 시흥대로 565, 모나미빌딩 지층 (구로동)",PC CLUB Z,126.901584839285,37.4835856942208,PC방
1677,"서울특별시 구로구 경인로23길 8  (오류동,2층)",웹시티 PC,126.844061756641,37.4968070489532,PC방
1678,서울특별시 구로구 구로동로 74  (구로동),성인오락실,126.886025678508,37.4854273355546,PC방
1679,"서울특별시 구로구 경인로33길 75, 2층 (고척동)",폴라리스PC방,126.850744453383,37.5012039381065,PC방
1680,서울특별시 구로구 중앙로 105 (고척동),사이버리아 PC방,126.859645954857,37.5068391017168,PC방
1681,"서울특별시 구로구 부일로15길 4,  202호 (궁동)",PC 스토리,126.834426968582,37.4935163491463,PC방
1682,"서울특별시 구로구 경인로47길 31, 동양빌딩 지층 (고척동)",찰리팝PC카페,126.866087955132,37.500600724163,PC방
1683,"서울특별시 구로구 경인로40길 47, 2층 (개봉동)",제이제이PC방,126.859102583368,37.4945222528654,PC방
1684,"서울특별시 구로구 구로동로 90-0, 1층 (구로동)",놀토PC방,126.88542299757,37.4867800663132,PC방
1685,"서울특별시 구로구 경인로35길 98-2, 1층 (고척동)",망고톡PC방,126.852501687493,37.5007908719605,PC방
1686,"서울특별시 구로구 구로동로18길 12, 1층 (구로동)",놀토짱PC방,126.885212600264,37.4880937113294,PC방
1687,"서울특별시 구로구 구로동로 138, 3층 (구로동)",스타PC,126.884343821269,37.49083958467,PC방
1688,"서울특별시 구로구 구로동로 179, 1층 (구로동)",the # PC cafe,126.882542067811,37.4944529165006,PC방
1689,서울특별시 구로구 개봉로 70 (개봉동),Zill,126.856274577571,37.4919029542631,PC방
1690,서울특별시 구로구 디지털로19길 28 (가리봉동),놀토PC방,126.889860819622,37.4809589986612,PC방
1691,"서울특별시 구로구 도림로 25, 1층 (구로동)",PC포인트,126.887583857875,37.4867135754316,PC방
1692,서울특별시 구로구 신도림로11길 44 (신도림동),호호PC,126.878507619505,37.50949039901,PC방
1693,"서울특별시 구로구 고척로 184, 1층 (고척동)",백호PC,126.853834345454,37.5041572413913,PC방
1694,"서울특별시 구로구 부일로15길 40, 3층 (궁동)",더엑스PC 궁동점,126.833050661585,37.4946909458995,PC방
1695,"서울특별시 구로구 가마산로 229, 성보빌딩 지층 (구로동)",AURA PC,126.886365763094,37.4942503257886,PC방
1696,"서울특별시 구로구 도림로 27, 1층 (구로동)",88랜드PC,126.887728224962,37.4868798585259,PC방
1697,"서울특별시 구로구 오류로8길 34, 2층 (오류동)",플렉스 피씨(FLEX PC)오류점,126.842626024787,37.4914757839055,PC방
1698,"서울특별시 구로구 부일로15길 20, 골든프라자 지층 (궁동)",아크PC 궁동점,126.833808660826,37.4941742966097,PC방
1699,"서울특별시 구로구 오류로8길 63, 3층 (오류동)",레드PC방,126.843651231218,37.4925351069083,PC방
1700,"서울특별시 구로구 남부순환로105길 32, JS호스텔 201호 (가리봉동)",체리PC,126.891005748124,37.4795068234169,PC방
1701,"서울특별시 구로구 구로동로 103, 2층 (구로동)",광PC,126.884521164276,37.4878753541156,PC방
1702,"서울특별시 구로구 도림로 35-1, a동 1층 (구로동)",골드PC,126.888314523507,37.4875421142199,PC방
1703,"서울특별시 구로구 디지털로 223, 2층 (가리봉동)",국가대표PC,126.890698875644,37.4803044733037,PC방
1704,"서울특별시 구로구 구로동로 9, 1층 (가리봉동)",황금PC,126.886949116632,37.4827159180702,PC방
1705,서울특별시 구로구 고척로 100 (개봉동),불독PC,126.84534230397,37.5009858836234,PC방
1706,"서울특별시 구로구 경인로20길 6, 포스시티 102호 (오류동)",777PC방,126.843376566816,37.4954038170325,PC방
1707,"서울특별시 구로구 도림로 15, 1층 (구로동)",우리PC,126.887058115313,37.4860922796846,PC방
1708,"서울특별시 구로구 경인로 172, 1층 (오류동)",승리PC,126.840594577074,37.4944142152353,PC방
1709,"서울특별시 구로구 디지털로 219, 2층 (가리봉동)",피시랜드,126.89023820898,37.4800368070682,PC방
1710,"서울특별시 구로구 구로동로 6, 105호 (가리봉동)",삼거리PC,126.887239679809,37.4822711877106,PC방
1711,"서울특별시 구로구 구로동로 126-2, 3층 (구로동)",호박PC랜드,126.884569787511,37.4899312300876,PC방
1712,"서울특별시 구로구 구로동로21길 52, 1층 (구로동)",토마토PC랜드,126.881359453411,37.4896701816135,PC방
1713,"서울특별시 구로구 고척로 101, 옥영빌딩 지층 (개봉동)",몽키PC,126.845252696525,37.5012789533329,PC방
1714,"서울특별시 구로구 디지털로 220, 1층 (가리봉동)",바다속PC,126.890683574576,37.4797872801274,PC방
1715,"서울특별시 구로구 구로동로 14, 2층 (가리봉동)",BMW PC방,126.887235763615,37.4829962253712,PC방
1716,"서울특별시 구로구 구로동로 203, 대흥빌딩 204호 (구로동)",우리PC,126.882269943432,37.4967185863828,PC방
1717,"서울특별시 구로구 경인로 611-7, 지하1층 (신도림동, 신도림큐브스테이트)",욜로PC방 신도림점,126.883812092851,37.5064160124939,PC방
1718,"서울특별시 구로구 경인로 182, 1층 (오류동)",놀러와PC,126.841469395063,37.49477795723,PC방
1719,"서울특별시 구로구 구로동로35길 10, 구로본동새마을금고 1층 (구로동)",골드PC,126.88259006863,37.4938402797775,PC방
1720,"서울특별시 구로구 디지털로 227, B02호 (가리봉동)",블루PC,126.890907692931,37.4804629735182,PC방
1721,"서울특별시 구로구 디지털로31길 120, 상가2동 B207호 (구로동, 한신휴플러스아파트)",3POP PC카페,126.890773027393,37.4884700177382,PC방
1722,"서울특별시 구로구 구로동로42길 5, 1층 (구로동)",킹PC랜드,126.882756348237,37.4961220634193,PC방
1723,"서울특별시 구로구 경인로 192, 삼익쇼핑 2층 (오류동)",대박PC,126.842638571132,37.4950354961803,PC방
1724,"서울특별시 구로구 도림로 53, 1층 (구로동)",역전PC,126.889744848965,37.4886327757504,PC방
1725,"서울특별시 구로구 경인로40길 12, 2층 (개봉동)",레아PC,126.859131313522,37.4962642022543,PC방
1726,서울특별시 구로구 고척로25길 33-58 (개봉동),사이버넷,126.84607868685,37.5034419036543,PC방
1727,"서울특별시 구로구 구로중앙로 219  (구로동,금호빌딩 3층)",고스트캐슬 PC방,126.876691479075,37.5053152446857,PC방
1728,"서울특별시 구로구 경인로59길 8, 211호 (신도림동)",센텀PC Cafe,126.883427027522,37.5063918465946,PC방
1729,"서울특별시 구로구 남부순환로95길 44 (개봉동,4층)",PC몽,126.855893365801,37.4941541049918,PC방
1730,"서울특별시 구로구 고척로 140, 지층 (고척동, 제일빌딩)",나는게이머다PC,126.8496311977,37.5023805002833,PC방
1731,"서울특별시 구로구 개봉로 9 (개봉동,3층)",TOP PLACE PC,126.856174385024,37.4865393176791,PC방
1732,"서울특별시 구로구 신도림로11길 44  (신도림동,2층)",황금도끼PC방,126.878507619505,37.50949039901,PC방
1733,"서울특별시 구로구 남부순환로105길 58, 2층 (가리봉동)",구룡PC,126.889521434265,37.4797912448526,PC방
1734,서울특별시 구로구 구로동로 12 (가리봉동),보물PC,126.887351431548,37.4828432544018,PC방
1735,"서울특별시 구로구 부일로15길 23, 1층 101호 (궁동)",골드PC,126.833398724309,37.4940300988606,PC방
1736,"서울특별시 구로구 경인로11길 14-2, 101호 (오류동)",콜PC방,126.838135628866,37.4937854834396,PC방
1737,서울특별시 구로구 개봉로3길 40 (개봉동),4TEN PC(개봉점),126.854038861329,37.4864154231168,PC방
1738,서울특별시 구로구 구로동로28길 64-11 (구로동),보물PC,126.887938080503,37.4904387667209,PC방
1739,"서울특별시 구로구 중앙로 64, 고척프라자 나동 2층 4호 (고척동)",레드PC방,126.862833580926,37.5037992525197,PC방
1740,서울특별시 구로구 경인로47길 96 (고척동),신게임PC방,126.864129212218,37.502981375957,PC방
1741,"서울특별시 구로구 부일로15길 12  (궁동,3층)",라임 PC,126.834099010344,37.4939375599096,PC방
1742,서울특별시 구로구 경인로20길 6 (오류동),퍼니퍼니피시방,126.843376566816,37.4954038170325,PC방
1743,서울특별시 구로구 도림로 81 (구로동),모토 PC존,126.892171200851,37.4902543055104,PC방
1744,"서울특별시 구로구 개봉로17마길 17-1  (개봉동,2층)",아이비스 PC방 개봉점,126.852941968495,37.4920154432103,PC방
1745,"서울특별시 구로구 개봉로20길 105  (개봉동,2층)",파워넷,126.860123663485,37.4928479547591,PC방
1746,"서울특별시 구로구 디지털로 226, 2층 (가리봉동)",다모아인터넷플라자,126.891117191878,37.4800743815029,PC방
1747,"서울특별시 구로구 개봉로17길 18  (개봉동,지하1층)",신 PC,126.854823249622,37.4917176446806,PC방
1748,"서울특별시 구로구 구일로 154-17, 지하1층 (구로동, 우방아파트)",오엑스PC방 구일역점,126.874369837414,37.4978078745679,PC방
1749,"서울특별시 구로구 우마길 1, 3층 (가리봉동)",중한PC방,126.887531176148,37.4825593377162,PC방
1750,"서울특별시 구로구 디지털로31길 120, 상가2동 B208호 (구로동, 한신휴플러스아파트)",3POP PC카페,126.890773027393,37.4884700177382,PC방
1751,"서울특별시 구로구 개봉로3길 34 (개봉동,3층)",EZ PC,126.854434829051,37.4864154611343,PC방
1752,"서울특별시 구로구 고척로 142-1  (고척동,(지층))",Zaii PC Zone,126.849837285068,37.5026470093918,PC방
1753,"서울특별시 구로구 서해안로30길 12  (오류동,지층)",호야 PC방,126.843904125376,37.4932168724157,PC방
1754,"서울특별시 구로구 구로동로 12, 2층 (가리봉동)",제왕의 사치2 PC,126.887351431548,37.4828432544018,PC방
1755,"서울특별시 구로구 공원로7길 41-1 (구로동,지층)",이네이처 PC방 구로5동점,126.887107486742,37.5012192372181,PC방
1756,"서울특별시 구로구 개봉로17길 25  (개봉동,2층)",웹시티 PC방,126.854330766016,37.4915017879843,PC방
1757,"서울특별시 구로구 구로동로 209-1  (구로동,지층)",로그인PC방,126.882283354615,37.497324165936,PC방
1758,"서울특별시 구로구 디지털로32다길 14 (구로동,지하)",TOOL PC,126.899814314405,37.4824321768795,PC방
1759,"서울특별시 구로구 신도림로 57, 2층 (신도림동, 신도림동아성빌딩)",스위티PC방,126.881647346233,37.5092987894825,PC방
1760,"서울특별시 구로구 개봉로 71, 강서프라자 지층 (개봉동)",ARENA PC방,126.855574487587,37.4920938346959,PC방
1761,서울특별시 구로구 오류로8길 88 (오류동),드림넷,126.84493109667,37.4928958448057,PC방
1762,서울특별시 구로구 공원로7길 32 (구로동),미르PC방,126.88734809681,37.5017031266367,PC방
1763,"서울특별시 구로구 경인로47길 26, 지층 (고척동)",제로백,126.866606846487,37.5006460911964,PC방
1764,"서울특별시 구로구 새말로 19, 3층 (구로동)",피에스타PC방 구로역점,126.882924694726,37.5023015080383,PC방
1765,"서울특별시 구로구 구로동로26길 81, 2층 (구로동)",투앤디플레이스 PC zone,126.888507407492,37.4902909094932,PC방
1766,서울특별시 구로구 디지털로 228 (가리봉동),따봉PC,126.891274373938,37.4802882455174,PC방
1767,"서울특별시 구로구 경인로20가길 68, 104호 (오류동, 오류동행복주택)",따봉PC,126.846646657201,37.4955852449417,PC방
1768,"서울특별시 구로구 경인로47길 126-5, 1층 (고척동)",팡팡PC,126.863331006909,37.5046497469025,PC방
1769,"서울특별시 구로구 개봉로11길 13, 현진빌딩 2층 (개봉동)",제로백PC방,126.855447363708,37.4879404879085,PC방
1770,"서울특별시 구로구 구로중앙로 14 (구로동,3층)",유비트 PC방,126.892301347465,37.4915949425815,PC방
1771,"서울특별시 구로구 중앙로 32, 가동 302호 (고척동)",Fall PC방,126.863856941873,37.500768283874,PC방
1772,서울특별시 구로구 도림로 69 (구로동),IDEPS PC (아이뎁스),126.891047234259,37.4896331110441,PC방
1773,"서울특별시 구로구 경인로 193, 상임빌딩 지층 (오류동)",Level up PC CAFE,126.842584579433,37.49576046373,PC방
1774,"서울특별시 구로구 구로동로 166 (구로동,2층)",한게임 PC,126.883427061397,37.4934941309934,PC방
1775,"서울특별시 구로구 경인로 176 (오류동,씨티월드 302호)",사이버리아 PC방,126.841018680923,37.4943907298586,PC방
1776,서울특별시 구로구 부일로13길 52 (궁동),제우스pc방,126.831694668938,37.4954109077701,PC방
1777,서울특별시 구로구 구로중앙로28다길 29 (구로동),인터넷매니아,126.888184536813,37.50154435326,PC방
1778,"서울특별시 구로구 구일로4길 30, 신영상가 지하1층 (구로동)",3POP,126.876446827824,37.4918751361412,PC방
1779,"서울특별시 구로구 디지털로27길 127  (가리봉동,5층)",퍼스트 PC방,126.887109265789,37.4847108131575,PC방
1780,"서울특별시 구로구 공원로7길 32  (구로동,2층)",미르 PC방,126.88734809681,37.5017031266367,PC방
1781,서울특별시 구로구 중앙로 105 (고척동),사이버리아고척2동점,126.859645954857,37.5068391017168,PC방
1782,"서울특별시 구로구 개봉로1나길 1 (개봉동,2층)",타이거 PC방,126.853754645418,37.4837268252569,PC방
1783,서울특별시 구로구 구로중앙로40길 46 (신도림동),유니넷,126.877858739167,37.5075488764968,PC방
1784,서울특별시 구로구 우마길 13 (가리봉동),싸울아비,126.888165771974,37.4817438967725,PC방
1785,서울특별시 구로구 구로동로18길 24  (구로동),넷존,126.885809704182,37.4878887701427,PC방
1786,서울특별시 구로구 고척로 144 (고척동),SKY,126.849970000444,37.5026751992737,PC방
1787,"서울특별시 구로구 우마2길 21 (가리봉동,2층)",짱PC방,126.889147632734,37.4821828022506,PC방
1788,"서울특별시 구로구 개봉로 17, 성림빌딩 1층 (개봉동)",놀러와PC,126.856110752819,37.4871743603099,PC방
1789,서울특별시 구로구 구로동로 126-2  (구로동),티PC스테이션,126.884569787511,37.4899312300876,PC방
1790,서울특별시 구로구 시흥대로163길 12 (구로동),콜PC,126.899290046475,37.4816698383765,PC방
1791,"서울특별시 구로구 고척로 134 (개봉동,6층)",라이킷PC,126.848795513571,37.5022316687641,PC방
1792,"서울특별시 구로구 경인로 340  (개봉동,지층)",썬앤문 PC방,126.857840483824,37.4970276100092,PC방
1793,"서울특별시 구로구 구로동로 35 (가리봉동,지층)",UBIT유비트 PC,126.885897028905,37.4849672468365,PC방
1794,"서울특별시 구로구 남부순환로97길 12  (개봉동,(지1층))",사이버매니아 PC방,126.858684009816,37.4941938767318,PC방
1795,"서울특별시 구로구 공원로6나길 12, 4층 (구로동)",제로100PC 신도림점,126.890779943378,37.5036765777247,PC방
1796,"서울특별시 구로구 경인로33길 63, 1층 (개봉동)",카지노PC,126.850986109922,37.5007016624944,PC방
1797,"서울특별시 구로구 경인로40길 41  (개봉동,3층 301호)",네오플레이,126.859029376899,37.4950263686092,PC방
1798,"서울특별시 구로구 디지털로32다길 46  (구로동,1층)",Ping,126.898879166625,37.4811759149298,PC방
1799,서울특별시 구로구 고척로21가길 60 (개봉동),스카이,126.842757705126,37.5014254957775,PC방
1800,서울특별시 구로구 시흥대로 577 (구로동),블루넷PC방,126.902251260428,37.4844404933455,PC방
1801,서울특별시 구로구 구로동로 12 (가리봉동),뉴월드PC방,126.887351431548,37.4828432544018,PC방
1802,"서울특별시 구로구 경인로20길 9  (오류동,지층)",PC존,126.843960173202,37.4954643260145,PC방
1803,"서울특별시 구로구 경인로40길 23 (개봉동,4층)",초콜릿PC존,126.859308716027,37.4957958905281,PC방
1804,"서울특별시 구로구 구로동로17길 11  (구로동,1층)",한게임PC,126.883862694177,37.4882767382058,PC방
1805,서울특별시 구로구 경인로47길 107 (고척동),싸이버피시방,126.863627327303,37.5034021075538,PC방
1806,서울특별시 구로구 경인로15길 23-4 (오류동),인터넷제국,126.838923923053,37.495148611694,PC방
1807,"서울특별시 구로구 도림로 13 (구로동,2층)",인터넷챔피온,126.886960814588,37.4859831646872,PC방
1808,"서울특별시 구로구 경인로47길 52, 지하1층 (고척동)",잘란PC,126.865502692081,37.5014315069811,PC방
1809,"서울특별시 구로구 부일로1길 26-13  (온수동,(지층))",PC 게임나라,126.82079909404,37.4924584145444,PC방
1810,"서울특별시 구로구 경인로40길 12  (개봉동,2층)",메트로 PC방,126.859131313522,37.4962642022543,PC방
1811,"서울특별시 구로구 경인로40길 25  (개봉동,3층 12호)",이한 PC Zone,126.859741653028,37.4954039270721,PC방
1812,"서울특별시 구로구 경인로47길 13 (고척동,지층)",리그PC (고척스카이돔점),126.86676354913,37.5000325932362,PC방
1813,"서울특별시 구로구 경인로 216, 5층 (오류동)",4TEN PC(오류점),126.84486554294,37.4962152453948,PC방
1814,"서울특별시 구로구 시흥대로163길 33 (구로동, 주호타워)",GRAY PC방,126.898099733933,37.48200020873,PC방
1815,"서울특별시 구로구 구로동로18길 16, 1층 (구로동)",OK PC방,126.885395643321,37.4880327106198,PC방
1816,서울특별시 구로구 고척로 90 (개봉동),상어PC,126.844240681987,37.5006060140872,PC방
1817,"서울특별시 구로구 도림로 83, 1층 (구로동)",황금PC,126.892418210722,37.490295256222,PC방
1818,"서울특별시 구로구 가마산로12길 8-3, 설록빌딩 1층 102호 (구로동)",세븐PC,126.882549304151,37.4924315153136,PC방
1819,"서울특별시 구로구 도림로6길 2, 1층 (구로동)",황제PC,126.887098312178,37.4856032510525,PC방
1820,"서울특별시 구로구 남부순환로105길 62, 2층 (가리봉동)",한중PC랜드,126.889267332044,37.4798308315731,PC방
1821,서울특별시 구로구 중앙로 32  (고척동),파워넷,126.863856941873,37.500768283874,PC방
1822,서울특별시 구로구 개봉로 128  (개봉동),부팅,126.856801477891,37.4970766312713,PC방
1823,서울특별시 구로구 구로동로 9  (가리봉동),네오피시방,126.886949116632,37.4827159180702,PC방
1824,서울특별시 구로구 디지털로27길 86  (구로동),인터넷클럽,126.889450577063,37.4844514644275,PC방
1825,서울특별시 구로구 디지털로27길 124  (구로동),와와PC방,126.887409182642,37.4849692381334,PC방
1826,서울특별시 구로구 디지털로 218  (가리봉동),애플,126.890547038624,37.4796827268067,PC방
1827,"서울특별시 구로구 구로중앙로 12  (구로동,3층)",킹콩PC방,126.892443589685,37.4914431623831,PC방
1828,서울특별시 구로구 새말로16길 15  (구로동),해커스랩,126.89063046851,37.5049692915538,PC방
1829,서울특별시 구로구 남부순환로97길 20-10  (개봉동),매니아PC프라자,126.858574793409,37.4938836196633,PC방
1830,"서울특별시 구로구 구로동로26길 122  (구로동,,118)",무적게임방,126.89064659726,37.4897992470393,PC방
1831,서울특별시 구로구 고척로 185  (고척동),클릭PC방,126.853998854781,37.5045288389685,PC방
1832,서울특별시 구로구 구로동로28길 86  (구로동),바이러스,126.888764578321,37.4914087610896,PC방
1833,서울특별시 구로구 구로동로 8  (가리봉동),샘넷,126.887318909305,37.482440112266,PC방
1834,"서울특별시 금천구 독산로 298, 1층 (독산동)",짱PC,126.903467112788,37.4732378061678,PC방
1835,"서울특별시 금천구 가산로 126, 2층 (가산동)",고고pc방,126.892390322926,37.4767855134829,PC방
1836,"서울특별시 금천구 시흥대로 214, 비즈메드빌딩 2층 201,202호 (시흥동)",메타PC 금천본점,126.901712234507,37.4530428916984,PC방
1837,"서울특별시 금천구 가산로 33, 건설오피스 1층 (독산동)",188PC,126.899187218548,37.4711901107752,PC방
1838,서울특별시 도봉구 덕릉로 227 (창동),수작PC,127.037640485246,37.6384863481039,PC방
1839,"서울특별시 금천구 독산로 248, 1층 (독산동)",오뚝이PC,126.902586072395,37.468918991702,PC방
1840,"서울특별시 금천구 남부순환로108길 27, 가산동빌딩 3층 (가산동)",옥토끼 PC Cafe,126.891984062975,37.4776091156991,PC방
1841,"서울특별시 금천구 금하로 687, 2층층 (시흥동)",스페이스pc,126.906557450598,37.4521462593488,PC방
1842,"서울특별시 금천구 독산로 352, 1층 (독산동)",노란쵸코PC,126.90395033831,37.4781432957275,PC방
1843,"서울특별시 금천구 독산로 284, 1층 (독산동)",로또PC,126.903355228717,37.4720694651831,PC방
1844,"서울특별시 금천구 디지털로10길 78, 가산테라타워 217-222호 (가산동)",레벨업 PC 카페,126.889614189767,37.4745325914718,PC방
1845,"서울특별시 금천구 벚꽃로6길 21, 예일빌딩 지하1층 (독산동)",쇼타임pc방 독산동점,126.893363811885,37.4608862641034,PC방
1846,"서울특별시 금천구 시흥대로152길 11-43, 삼부 르네상스 플러스 지하1층 B101호, B102호 (독산동)",STAR PC,126.900571559567,37.4785459548905,PC방
1847,"서울특별시 금천구 탑골로 2, 관악농협협동조합 지하1층 (시흥동)",레벨업PC카페,126.910224929258,37.4507714528535,PC방
1848,"서울특별시 금천구 독산로102길 1, 1층 (독산동)",콩PC,126.903736720115,37.4758939323532,PC방
1849,"서울특별시 금천구 은행나무로 51, 1층 (시흥동)",두꺼비PC,126.908090501302,37.4511560766684,PC방
1850,"서울특별시 금천구 시흥대로63길 50, 지층 (시흥동)",골드PC랜드,126.896934280371,37.4554917386009,PC방
1851,"서울특별시 금천구 독산로74길 33, 1층 (독산동)",생생PC방,126.904245146011,37.4686959961273,PC방
1852,"서울특별시 금천구 독산로 178 (독산동,2층)",라이또pc방(독산점),126.904042456285,37.4631277638948,PC방
1853,"서울특별시 금천구 독산로 176, 4층층 (독산동)",샹떼pc방독산점,126.904167121542,37.4629594660195,PC방
1854,"서울특별시 금천구 독산로 289  (독산동,3층)",아이러브PC방,126.90301850154,37.4725624922826,PC방
1855,"서울특별시 금천구 독산로64길 15, 4층 (독산동)",기린PC방,126.903435360244,37.4652295989557,PC방
1856,"서울특별시 금천구 독산로 323-1, 지상1층 (독산동)",킹pc,126.903311595103,37.4756654496389,PC방
1857,"서울특별시 금천구 금하로23길 23 (시흥동,2층)",노블pc방,126.90857823852,37.4523031744628,PC방
1858,"서울특별시 금천구 시흥대로123길 7 (독산동,2층)",스위티PC방,126.897299140809,37.4701019566204,PC방
1859,"서울특별시 금천구 독산로108길 105 (독산동, 지하1층)",열라빨라 피시방,126.909797902181,37.4803603321344,PC방
1860,"서울특별시 금천구 가산로 124 (가산동,지하1층)",리버스PC방,126.892559343437,37.4766248371384,PC방
1861,"서울특별시 금천구 시흥대로 226, 지상3층 (시흥동, 배피부비뇨과의원)",PC방 GO,126.901200465907,37.4540886310241,PC방
1862,"서울특별시 금천구 독산로 24, 3층호 (시흥동)",웹시티피시방,126.905662744358,37.4494040353082,PC방
1863,"서울특별시 금천구 독산로 28, 지상1층 (시흥동)",콜PC,126.905938249671,37.4498723314104,PC방
1864,"서울특별시 금천구 시흥대로 426, 지하2층 (독산동, 영진빌딩)",제닉스아레나pc,126.89877216735,37.4715689911066,PC방
1865,"서울특별시 금천구 독산로 50  (시흥동,1층(전체금연))",ACE PC방,126.906195418645,37.4517233072838,PC방
1866,"서울특별시 금천구 가산로5길 65, 3층 (가산동)",아이센스PC방(가산점),126.890951102537,37.473464244273,PC방
1867,"서울특별시 금천구 금하로14길 46, 1층 (시흥동)",신게임PC,126.904059356921,37.4514030844103,PC방
1868,"서울특별시 금천구 남부순환로 1372, 지하1층 (독산동)",4TEN PC 독산점,126.903472790688,37.4794589203551,PC방
1869,"서울특별시 금천구 시흥대로 196, 지하1층 (시흥동)",위너스 피씨(winners pc),126.902238323181,37.4514037545389,PC방
1870,"서울특별시 금천구 독산로 47, 1층 (시흥동)",은행피씨,126.905777534135,37.4515017761264,PC방
1871,"서울특별시 금천구 가산로3길 93, 1층 (독산동)",돼지PC,126.890327938174,37.4721729709167,PC방
1872,서울특별시 금천구 독산로47길 13  (시흥동),메이드PC,126.903556804573,37.4621165237364,PC방
1873,"서울특별시 금천구 독산로 123,  지하1층호 (시흥동)",블루,126.905070932986,37.4582258288751,PC방
1874,"서울특별시 금천구 독산로41길 10-4,  2층호 (시흥동)",이네이처PC방(시흥점),126.904026552591,37.4600942249144,PC방
1875,"서울특별시 금천구 독산로 56, 2층 (시흥동)",제로백피씨방 은행나무사거리점,126.906234386931,37.4523751311113,PC방
1876,"서울특별시 금천구 독산로 280, 1층 (독산동)",PC게임,126.903310316281,37.4716559549102,PC방
1877,서울특별시 금천구 시흥대로28길 15 (시흥동),우리PC방,126.904621332671,37.4424552998283,PC방
1878,"서울특별시 금천구 독산로 191-1, 3층호 (독산동)",뉴스피씨,126.902864594209,37.4641256627696,PC방
1879,"서울특별시 금천구 시흥대로 469 (독산동,3층)",다크써클PC방,126.898165336518,37.475482276062,PC방
1880,"서울특별시 금천구 독산로 194, 지하1층 (독산동)",PC마루,126.903193452311,37.4643593846438,PC방
1881,"서울특별시 금천구 남부순환로108길 20, 지상1층 (가산동)",PC게임천국,126.892151762982,37.4781332056729,PC방
1882,"서울특별시 금천구 시흥대로 89, 지상1층 (시흥동)",놀이터,126.903113783108,37.4421750294665,PC방
1883,"서울특별시 금천구 독산로 120, 지상1층 (시흥동)",로얄PC,126.905509786318,37.4579794834347,PC방
1884,"서울특별시 금천구 독산로 141, 1층 (시흥동)",황금PC,126.904696740832,37.4598872642435,PC방
1885,서울특별시 금천구 독산로 302-1 (독산동),럭키피시,126.903675704472,37.4735778373118,PC방
1886,"서울특별시 금천구 가산로 57, 지층 (독산동)",황금게임랜드,126.896560213006,37.4715465324496,PC방
1887,서울특별시 금천구 독산로 294 (독산동),백억PC,126.903455088918,37.4729178477264,PC방
1888,"서울특별시 금천구 독산로 359, 1층 (독산동)",봉PC,126.903649374668,37.4789411645269,PC방
1889,"서울특별시 금천구 시흥대로 427, 지하층 (독산동)",뉴스타PC방,126.897779055882,37.4716490468666,PC방
1890,"서울특별시 금천구 가산로3길 25, 2층 (독산동)",놀토PC방,126.894218729672,37.4721508392802,PC방
1891,"서울특별시 금천구 남부순환로108길 20, 1층 (가산동)",럭키PC방,126.892151762982,37.4781332056729,PC방
1892,"서울특별시 금천구 금하로24길 9, 2층 (시흥동)",베스트pc,126.908732505043,37.4505380285323,PC방
1893,"서울특별시 금천구 시흥대로 167 (시흥동, 지하1층)",레드PC방,126.902415519167,37.4488042970905,PC방
1894,"서울특별시 금천구 금하로 720, 4층 401호 (시흥동, 에벤에셀프라자)",세븐pc방,126.909481684032,37.4504425566682,PC방
1895,"서울특별시 금천구 시흥대로57길 46, 지하층 (시흥동)",시흥PC,126.90012743209,37.4542721664236,PC방
1896,"서울특별시 금천구 은행나무로 49, 3층 (시흥동)",승리PC방,126.907777895704,37.4510667229373,PC방
1897,서울특별시 금천구 독산로 273-1 (독산동),초롱PC,126.902873411767,37.4712897864772,PC방
1898,"서울특별시 금천구 시흥대로63길 33, 지하1층 (시흥동)",와꾸대장PC,126.897759465115,37.4550712319781,PC방
1899,서울특별시 금천구 시흥대로62길 32  (시흥동),매직스페이스,126.901940197765,37.4559829955093,PC방
1900,"서울특별시 영등포구 신풍로 113, 시원빌딩 제지층 제비103호 (신길동)",미스테리PC,126.918867891098,37.5001399657337,PC방
1901,"서울특별시 영등포구 영등포로42길 21-2, 2층 (영등포동3가)",바다PC,126.906903161752,37.5174876421571,PC방
1902,"서울특별시 영등포구 영등포로 252, 1층 (영등포동3가)",붕붕 PC,126.909277207581,37.5188222532332,PC방
1903,"서울특별시 영등포구 디지털로37길 26 (대림동,2층)",중한 PC방,126.898190044342,37.4908516072911,PC방
1904,"서울특별시 영등포구 선유로 32 (문래동4가, 지하1층)",제로100PC 문래점,126.888857838001,37.5167571845721,PC방
1905,"서울특별시 영등포구 여의대방로 89, 지층 101호 (신길동, 익녕빌딩)",3POP,126.916569895364,37.4973037099433,PC방
1906,"서울특별시 영등포구 영등포로84길 16 (신길동,지하1층)",제로100PC,126.921715255546,37.5118475635779,PC방
1907,"서울특별시 영등포구 경인로 865, 2층 (영등포동3가)",역전PC,126.908708552297,37.5173457918599,PC방
1908,"서울특별시 영등포구 도영로 20, 2층 (도림동, 인수빌딩)",맥스피드 PC,126.895706906665,37.5081663225208,PC방
1909,"서울특별시 영등포구 대림로29길 22, 2층 (대림동)",넘버원PC,126.897062767595,37.4951538390271,PC방
1910,서울특별시 영등포구 도림로 132 (대림동),라이온PC,126.896985908203,37.4927396147597,PC방
1911,서울특별시 영등포구 경인로 857 (영등포동3가),PC 카페,126.90781802619,37.5170420928318,PC방
1912,"서울특별시 영등포구 영등포로37길 8, 2층 (영등포동5가)",행운PC,126.905548063729,37.5208730756996,PC방
1913,"서울특별시 영등포구 영등포로46길 4, 1층 (영등포동3가)",잭팟PC,126.907650487331,37.5189819116591,PC방
1914,"서울특별시 영등포구 도림로31길 2, 3층 (대림동)",로라PC게임랜드,126.895922332338,37.4925465879116,PC방
1915,"서울특별시 영등포구 영등포로 232, 2층 내제2호 (영등포동3가)",태평양,126.907070932403,37.5192960873037,PC방
1916,"서울특별시 영등포구 영등포로 201, 2층 (영등포동6가)",노리터PC,126.903954431027,37.5203302879383,PC방
1917,"서울특별시 영등포구 영중로 22, 남서울빌딩 지하1층 (영등포동3가)",스타PC,126.905950555009,37.5183443720949,PC방
1918,"서울특별시 영등포구 문래북로 52, 2층 (문래동3가)",제너스PC 문래점,126.890835544798,37.5207126294149,PC방
1919,서울특별시 영등포구 영등포로 233 (영등포동5가),엘린PC,126.907432813074,37.5197426381772,PC방
1920,"서울특별시 영등포구 영등포로 234-1, 1층 (영등포동3가)",왕PC,126.907379504684,37.5192171315296,PC방
1921,"서울특별시 영등포구 디지털로 362-1, 에덴빌딩 1층 (대림동)",청도PC,126.900492066041,37.489724696651,PC방
1922,"서울특별시 영등포구 영등포로 251, 2층 (영등포동2가)",대박PC,126.909359491863,37.5192505630959,PC방
1923,서울특별시 영등포구 디지털로 344-1 (대림동),대왕PC,126.899139073454,37.4885087210212,PC방
1924,서울특별시 영등포구 영등포로 182-1 (영등포동4가),영광PC,126.901555895931,37.5201933429327,PC방
1925,"서울특별시 영등포구 영등포로 248, 대흥빌딩 105 ~ 107호 (영등포동3가)",매직PC랜드,126.908762583452,37.5188636633622,PC방
1926,"서울특별시 영등포구 디지털로 349, 현암빌딩 108호 (대림동)",인형뽑기PC,126.899272688257,37.4890412403315,PC방
1927,"서울특별시 영등포구 영등포로 218-1, 지하층 (영등포동3가)",신선PC,126.905743586952,37.5195743463824,PC방
1928,"서울특별시 영등포구 영등포로 247, B01호 (영등포동2가)",THE1975,126.909029174535,37.5194459168674,PC방
1929,"서울특별시 영등포구 영중로8길 15, 더-위일 101호 (영등포동3가)",중앙PC,126.907317209122,37.5184589787907,PC방
1930,"서울특별시 영등포구 영중로10길 16, 3층 (영등포동3가)",월드PC클럽,126.90696016472,37.5188602750991,PC방
1931,"서울특별시 영등포구 디지털로 349, 현암빌딩 3층 301호 (대림동)",팡팡PC,126.899272688257,37.4890412403315,PC방
1932,"서울특별시 영등포구 영등포로 236-1, 2층 (영등포동3가)",포인트PC,126.907594044857,37.5191625185967,PC방
1933,"서울특별시 영등포구 영중로8길 6, 성남빌딩 101호 (영등포동3가)",골드PC,126.906179481554,37.5183625742201,PC방
1934,서울특별시 영등포구 디지털로56길 1 (대림동),Ace PC,126.901883401353,37.4909665473165,PC방
1935,"서울특별시 영등포구 신길로 108, 12동 102-다호 (신길동, 남서울아파트)",리틀세븐PC,126.912436125445,37.502181737466,PC방
1936,"서울특별시 영등포구 디지털로 349, 현암빌딩 1층 (대림동)",카지노PC,126.899272688257,37.4890412403315,PC방
1937,"서울특별시 영등포구 영등포로 236, 2층 (영등포동3가)",라이브PC,126.907484742683,37.5191865799098,PC방
1938,"서울특별시 영등포구 도림로 322, 지하1층 (신길동)",도깨비PC cafe 도림사거리점,126.901914175609,37.5063427806294,PC방
1939,"서울특별시 영등포구 영등포로42길 19, 2층 (영등포동3가)",스카이PC,126.906788963523,37.5178120934134,PC방
1940,"서울특별시 영등포구 영중로10길 6, 델리타운 108호 (영등포동3가)",아자PC게임랜드,126.906180000922,37.5190319297254,PC방
1941,"서울특별시 영등포구 영등포로 222, 1층 (영등포동3가)",맥스PC,126.906111562056,37.519485169884,PC방
1942,"서울특별시 영등포구 영등포로 234-1, 2층 (영등포동3가)",연PC,126.907379504684,37.5192171315296,PC방
1943,"서울특별시 영등포구 영등포로 224, 대륙빌딩 1층 (영등포동3가)",애플PC,126.906257217053,37.5194285223987,PC방
1944,"서울특별시 영등포구 디지털로 392, 정성빌딩 1층 (대림동)",정PC,126.902761155076,37.4916195120765,PC방
1945,"서울특별시 영등포구 영등포로 218-1, 제3호 (영등포동3가)",골프PC,126.905743586952,37.5195743463824,PC방
1946,"서울특별시 영등포구 영등포로 248, 대흥빌딩 1층 106호 (영등포동3가)",쩡PC,126.908762583452,37.5188636633622,PC방
1947,"서울특별시 영등포구 영중로 36, 1층 (영등포동3가)",라이브PC,126.905377660265,37.5194739523818,PC방
1948,"서울특별시 영등포구 영등포로 234, 여의도 포레스트 시티 1층 105호 (영등포동3가)",승리PC,126.907271039064,37.5191135211918,PC방
1949,"서울특별시 영등포구 영등포로 237-1, 성일빌딩 2층 (영등포동5가)",시장PC,126.907892120104,37.5196161360604,PC방
1950,"서울특별시 영등포구 신길로 145, 3층 (신길동)",사러가 PC CAFE,126.910395805911,37.5052191180452,PC방
1951,"서울특별시 영등포구 도림로 331, 2층 (도림동)",NEOX PC 도림사거리점,126.900864114112,37.5069785540028,PC방
1952,"서울특별시 영등포구 양평로 99, 지층 (양평동4가)",긱스타PC,126.89607164408,37.5364773083686,PC방
1953,"서울특별시 영등포구 양산로 128, 2층 (당산동1가)",ZERO100 PC,126.897200709329,37.5237859836516,PC방
1954,"서울특별시 영등포구 영중로10길 6, 델리타운 107호 (영등포동3가)",노라PC,126.906180000922,37.5190319297254,PC방
1955,"서울특별시 영등포구 양평로 113, 2층 (양평동4가)",MIGHTY PC Cafe,126.894768844543,37.5372391215258,PC방
1956,"서울특별시 영등포구 영중로 22, 남서울빌딩 3층 (영등포동3가)",레벨업PC CAFE,126.905950555009,37.5183443720949,PC방
1957,"서울특별시 영등포구 영등포로 225, 24호 (영등포동5가)",콩지pc,126.906654670129,37.5199200639101,PC방
1958,"서울특별시 영등포구 신풍로 23, 지하1층 (신길동)",제노피시방(신풍점),126.908363715093,37.5003710511097,PC방
1959,"서울특별시 영등포구 디지털로54길 3, 동보빌딩 3층 302호 (대림동)",모모PC,126.901704902363,37.4904985059027,PC방
1960,"서울특별시 영등포구 영중로 145, 상가동 지하층 103호 (영등포동8가, 영등포삼환아파트)",앤탑 PC방,126.905079994793,37.5299598453919,PC방
1961,"서울특별시 영등포구 영중로 145, B010호 (영등포동8가, 영등포삼환아파트)",3POP(쓰리팝)PC방,126.905079994793,37.5299598453919,PC방
1962,"서울특별시 영등포구 영등포로 235, 1층 (영등포동5가)",올스타즈 PC방,126.907622887825,37.5196231338181,PC방
1963,"서울특별시 영등포구 도림로 129, 상도빌딩 지하1층 (대림동)",태양성PC방(太陽城),126.896550474113,37.4929625938697,PC방
1964,"서울특별시 영등포구 영신로19길 1 (영등포동,(3층))",SKY PC,126.907525588394,37.5145951895027,PC방
1965,"서울특별시 영등포구 대림로29길 13, 지하2층 B201호 (대림동, 대림동 쌍용 플래티넘-S)",브라더 PC,126.898058257377,37.4953006652838,PC방
1966,"서울특별시 영등포구 당산로 132, 지층 (당산동3가)",GEEK STAR PC CAFE,126.897005507687,37.5262984376337,PC방
1967,"서울특별시 영등포구 디지털로37길 20, 2층 (대림동)",당인가PC4호점,126.898341411466,37.4903815019833,PC방
1968,"서울특별시 영등포구 디지털로37길 29, 대덕빌딩 4층 3호 (대림동)",공팔공칠PC,126.897707090837,37.4913541322857,PC방
1969,"서울특별시 영등포구 도신로 208, 3층 (신길동)",ZOOM PC방,126.914471892191,37.5113180664152,PC방
1970,"서울특별시 영등포구 디지털로 427, 2층 (대림동)",샹떼 PC방,126.905098921176,37.4942901053653,PC방
1971,"서울특별시 영등포구 대림로29길 19, 대화빌딩 2층 (대림동)",해피로 PC 대림점,126.897380928039,37.4951099665035,PC방
1972,"서울특별시 영등포구 영등포로46길 7, 4층 (영등포동3가, 신효빌딩)",버럭PC까페,126.907894167886,37.5185023178629,PC방
1973,"서울특별시 영등포구 신길로 215, 진우빌딩 2층 (도림동)",파우(POW) PC,126.909748053975,37.5113609532519,PC방
1974,"서울특별시 영등포구 국회대로36길 17, 리앤나빌리지 B103호 (당산동3가)",곰PC,126.898359325917,37.5257144999376,PC방
1975,"서울특별시 영등포구 영중로10길 28, 3층 (영등포동3가)",대박PC,126.908298860011,37.5186293137741,PC방
1976,"서울특별시 영등포구 도신로 35, 현대3차아파트 지층 1호 (대림동)",apple PC cafe,126.89677822891,37.5049474330047,PC방
1977,"서울특별시 영등포구 선유서로 117 (양평동3가,지하1층)",피씨마루(PC MARU),126.886112724011,37.5261628364547,PC방
1978,"서울특별시 영등포구 여의대방로 394, 지하1층 4호 (여의도동, 우정빌딩)",ASUS PC,126.932765535417,37.5193909949479,PC방
1979,"서울특별시 영등포구 영등포로42길 19-1, 2층 (영등포동3가)",에이스PC,126.906800800348,37.5177536276532,PC방
1980,"서울특별시 영등포구 대림로29길 41, 3층 (대림동)",당인가 pc,126.895547224791,37.4939461510739,PC방
1981,"서울특별시 영등포구 버드나루로7길 16 (영등포동7가,지하1층)",메타PC 영등포본점,126.909196416053,37.5227636272462,PC방
1982,"서울특별시 영등포구 도림로38길 12, 3층 (대림동)",17 PC CLUB,126.897632133073,37.4920081984576,PC방
1983,"서울특별시 영등포구 경인로 871, 2층 (영등포동3가)",겜노리PC,126.909432079999,37.5175940346352,PC방
1984,"서울특별시 영등포구 영등포로 220, 1층 (영등포동3가)",고래PC,126.905889734329,37.5195763550279,PC방
1985,"서울특별시 영등포구 영등포로 218-1, 1층 5호 (영등포동3가)",로얄 PC,126.905743586952,37.5195743463824,PC방
1986,"서울특별시 영등포구 디지털로54길 4-2, 2층 (대림동)",동보PC,126.901501831886,37.4904027399056,PC방
1987,"서울특별시 영등포구 영등포로 248, 대흥빌딩 401호 (영등포동3가)",송천PC,126.908762583452,37.5188636633622,PC방
1988,"서울특별시 영등포구 영등포로 248, 대흥빌딩 402호 (영등포동3가)",송천2PC,126.908762583452,37.5188636633622,PC방
1989,"서울특별시 영등포구 영등포로 220, 1층 (영등포동3가)",런던PC,126.905889734329,37.5195763550279,PC방
1990,"서울특별시 영등포구 영등포로 224, 대륙빌딩 (영등포동3가)",도그PC,126.906257217053,37.5194285223987,PC방
1991,"서울특별시 영등포구 영중로8길 22, 여의시티파크 B동 1층 101호 (영등포동3가)",거봉PC방,126.908063084407,37.5181073596394,PC방
1992,서울특별시 영등포구 영등포로 180-1 (영등포동4가),미녀PC,126.901518198221,37.5202152058714,PC방
1993,"서울특별시 영등포구 디지털로 379, 1층 (대림동)",마라공장PC,126.90154510272,37.4910339315147,PC방
1994,"서울특별시 영등포구 영등포로 234, 여의도 포레스트 시티 1동 1층 106호 (영등포동3가)",신고래PC,126.907271039064,37.5191135211918,PC방
1995,"서울특별시 영등포구 영등포로 185, 1층 (영등포동6가)",조광P.C,126.902116792006,37.5205904304753,PC방
1996,"서울특별시 영등포구 도신로 100, 상가동 지하1층 (신길동, 신길우성5차아파트)",원투쓰리 PC CAFE,126.90308671235,37.5067509124905,PC방
1997,서울특별시 영등포구 디지털로 450  (대림동),@세대 인터넷PC클럽,126.906995144642,37.4955008543369,PC방
1998,서울특별시 동작구 사당로 230-1 (사당동),Zero100PC방 남성역점,126.973243297085,37.4833057767884,PC방
1999,"서울특별시 동작구 보라매로 91, 2층 (신대방동)",NEOX PC,126.927667322196,37.4975333042265,PC방
2000,"서울특별시 동작구 흑석로 112, 중앙타워빌 지하1층 (흑석동)",레벨업PC방 흑석점,126.961636282395,37.5083731799022,PC방
2001,"서울특별시 동작구 상도로15길 72, 101호 (상도동, 드림팰리스-2)",홈런PC,126.935216389442,37.5035322576258,PC방
2002,"서울특별시 동작구 흑석로 110, 지층 (흑석동)",슈프림 PC cafe 2,126.961423329898,37.5081164142775,PC방
2003,"서울특별시 동작구 만양로 84, 지층 (노량진동, 삼익주상복합아파트)",루나틱하이PC방 노량진3호점,126.945225673807,37.5113671453073,PC방
2004,"서울특별시 동작구 남부순환로 2067, 정석빌딩 3층 (사당동)",아이센스리그PC방 사당점,126.97856389888,37.4769214100582,PC방
2005,서울특별시 동작구 대림로 39-1 (신대방동),타짜 PC,126.908710576293,37.4873529432175,PC방
2006,서울특별시 동작구 성대로2길 1-1 (상도동),상도PC,126.932250374177,37.4997636691144,PC방
2007,서울특별시 동작구 동작대로3길 29 (사당동),돼지PC,126.979691780913,37.478418816822,PC방
2008,"서울특별시 동작구 상도로 102, 성대시장 지하1층 (상도동)",제로100PC 신대방삼거리점,126.931776254273,37.4999426964441,PC방
2009,"서울특별시 동작구 국사봉1길 11, 대룡빌딩 지하1층 (상도동)",망고 PC,126.929243360392,37.4990136207961,PC방
2010,"서울특별시 동작구 사당로 30, 지하1층 (상도동)",에이플 PC CAFE,126.957611682315,37.4949163636825,PC방
2011,"서울특별시 동작구 보라매로5가길 16, 지하2층 201호 (신대방동, 보라매아카데미타워)",피에스타PC방 보라매점,126.924094714271,37.4912751024086,PC방
2012,"서울특별시 동작구 사당로16길 7  (사당동,3층)",시즌아이 PC방,126.973850815896,37.4829138839281,PC방
2013,"서울특별시 동작구 사당로 10  (상도동,2층)",떴다 PC방,126.955437668044,37.4953202958926,PC방
2014,"서울특별시 동작구 국사봉5길 1  (상도동,지상2층)",제우스 PC방,126.930333780857,37.4977695288126,PC방
2015,"서울특별시 동작구 상도로62길 45  (상도동,지상2층)",매직월드 PC방,126.95300945859,37.4962031524693,PC방
2016,"서울특별시 동작구 동작대로27가길 44, 5층 (사당동)",3POP PC카페(이수역점),126.98081473562,37.4856557274483,PC방
2017,"서울특별시 동작구 국사봉1길 11, 지층 (상도동, 대룡빌딩)",망고PC,126.929243360392,37.4990136207961,PC방
2018,"서울특별시 동작구 시흥대로 658 (신대방동,지하1층)",멜론PC방,126.908076731256,37.4903749716012,PC방
2019,"서울특별시 동작구 성대로 80  (상도동,2층)",배틀짱PC방,126.934976916217,37.4975922447346,PC방
2020,"서울특별시 동작구 상도로63길 15 (상도동,지층)",더블유PC방,126.956319389288,37.4947093821664,PC방
2021,"서울특별시 동작구 흑석로13가길 33 (흑석동,1층)",주식회사 명택,126.960004298309,37.5077968064111,PC방
2022,"서울특별시 동작구 양녕로26길 27, 3층 1호 (상도동, 삼익아파트)",제로백 PC 상도점,126.944257806099,37.4973902075154,PC방
2023,"서울특별시 동작구 노량진로16길 16 (노량진동,2층)",루나틱하이 PC,126.943485898065,37.5128243306674,PC방
2024,"서울특별시 동작구 국사봉1길 24  (상도동,2층)",캡틴잭의모험PC방,126.929813809564,37.4988578167321,PC방
2025,"서울특별시 동작구 사당로 30  (상도동,2층)",enter pc방,126.957611682315,37.4949163636825,PC방
2026,"서울특별시 동작구 여의대방로22길 80  (신대방동,지하1층)",로하스PC방 신대방2호점,126.924490881768,37.4977293578132,PC방
2027,"서울특별시 동작구 상도로 88  (상도동,지상3층)",존앤존PC방 (신대방삼거리역점),126.930559045616,37.4996046505724,PC방
2028,서울특별시 동작구 흑석로9길 4 (흑석동),헬로PC방,126.959981630398,37.5076741719689,PC방
2029,"서울특별시 동작구 성대로 23 (상도동,3층)",메인PC방,126.932946211731,37.4996378351879,PC방
2030,"서울특별시 동작구 보라매로3길 29  (신대방동,해태보라매 2층 44호, 45호)",수피아PC방,126.924990343437,37.4912113425285,PC방
2031,"서울특별시 동작구 만양로 105, 지층 (노량진동, 한성빌딩)",포포PC방 노량진점,126.944007081257,37.5128549427149,PC방
2032,"서울특별시 동작구 보라매로 91, 2층 (신대방동)",시즌아이PC방 신대방점,126.927667322196,37.4975333042265,PC방
2033,서울특별시 동작구 흑석로 110 (흑석동),몬스터PC방 3호점,126.961423329898,37.5081164142775,PC방
2034,"서울특별시 동작구 사당로 285  (사당동,지상3층)",Camp PC방,126.979182539226,37.4846491148735,PC방
2035,"서울특별시 동작구 만양로 10  (상도동,지상1층)",하이넷 PC방,126.947140586127,37.5055716741287,PC방
2036,"서울특별시 동작구 노량진로12길 13  (노량진동,지상1,2층)",풀하우스 PC,126.93841346308,37.5126269076646,PC방
2037,"서울특별시 동작구 신대방3길 91, 1층 (신대방동)",파이터PC방,126.906974343488,37.48874896166,PC방
2038,서울특별시 동작구 상도로67길 32 (상도동),긱스타 숭실2호점,126.956654524108,37.4949727798048,PC방
2039,서울특별시 동작구 동작대로29나길 15 (사당동),아이닉스 PC방,126.980407335775,37.4887471093766,PC방
2040,서울특별시 동작구 등용로14길 66 (노량진동),에버피씨,126.93515919634,37.5122551237078,PC방
2041,"서울특별시 동작구 노량진로16길 14  (노량진동,3층)",매니아존 PC방,126.943619710576,37.5129685552608,PC방
2042,"서울특별시 동작구 사당로16가길 9 (사당동,2층)",포그네 PC방,126.972789971529,37.4828205701797,PC방
2043,"서울특별시 동작구 만양로14가길 18  (노량진동,2층)",아지트피씨존,126.94515908462,37.5124073237593,PC방
2044,"서울특별시 동작구 만양로8길 63  (노량진동,지하1층)",와우PC존,126.9458007938,37.5103107126825,PC방
2045,"서울특별시 동작구 만양로14길 37  (노량진동,지하1층)",와우PC방,126.946108052539,37.5122652216841,PC방
2046,"서울특별시 동작구 상도로 372  (상도동,외 2필지 지상3층)",인터파크 수 PC방,126.9540168575,37.4953876873201,PC방
2047,"서울특별시 동작구 만양로8길 68  (노량진동,지하1층)",준 PC방,126.945805667761,37.5104527132174,PC방
2048,"서울특별시 동작구 만양로 90-1  (노량진동,지상2층)",게이트 PC방,126.944501000368,37.5115178153565,PC방
2049,"서울특별시 동작구 만양로 84  (노량진동,삼익주상복합 지하1층 4호)",인터쿨 PC방,126.945225673807,37.5113671453073,PC방
2050,"서울특별시 동작구 노량진로 178, 지하1층 (노량진동)",피에스타PC방 노량진본점,126.945695397962,37.5134079563364,PC방
2051,"서울특별시 동작구 사당로 202, 1층 (사당동)",남성PC,126.970534752558,37.4846753861519,PC방
2052,"서울특별시 동작구 여의대방로24길 65, 골든퍼스트 3층 (대방동)",아이센스 PC방,126.923918172165,37.4985502575167,PC방
2053,서울특별시 동작구 등용로14길 71 (노량진동),피씨앤푸드 노량진점,126.935396215873,37.5125814170562,PC방
2054,"서울특별시 동작구 사당로16길 27  (사당동,지층)",씨월드 피시,126.973130969148,37.4821962491378,PC방
2055,"서울특별시 동작구 노량진로8길 21  (노량진동,지하1층)",싸이월드넷 PC방,126.9366435051,37.512800676241,PC방
2056,서울특별시 동작구 사당로 216 (사당동),샵 PC방,126.972029606384,37.4840649558424,PC방
2057,"서울특별시 동작구 신대방3길 25, 1층 (신대방동)",번개 PC방,126.910352130654,37.4875450336519,PC방
2058,"서울특별시 동작구 신대방길 88, 2층 (신대방동)",멜론 ASSEMBLE PC,126.909650623594,37.4897174592335,PC방
2059,"서울특별시 동작구 상도로 73, 보광빌딩 지층 (대방동)",어셈블,126.928915695415,37.4999001041175,PC방
2060,"서울특별시 동작구 상도로 114, 2층 (상도동)",장동민의 옹PC,126.933067057266,37.5009570664864,PC방
2061,"서울특별시 동작구 시흥대로 646, 2층 2호 (신대방동)",시즌아이PC방(신대방본점),126.907213384594,37.4893843599148,PC방
2062,"서울특별시 동작구 양녕로 280-1, 지하1층 (상도1동)",e-sports center 상도동점,126.950123964573,37.5042628196748,PC방
2063,서울특별시 동작구 흑석로 105 (흑석동),몬스터PC방 1호점,126.960938746172,37.5080056116351,PC방
2064,서울특별시 동작구 남부순환로 2055 (사당동),굿센스 PC방,126.977094087349,37.4768743718646,PC방
2065,"서울특별시 동작구 만양로 104, 2층 (노량진동, 한서고시원)",비원PC,126.944489643789,37.5128015607415,PC방
2066,"서울특별시 동작구 상도로47길 4 (상도동, 이화빌딩)",이스포츠센터-중앙대점,126.951448103234,37.4995313792265,PC방
2067,"서울특별시 동작구 국사봉1길 32, 성대빌딩 6층 (상도동)",호야PC월드 본점,126.930349426426,37.4988226340989,PC방
2068,"서울특별시 동작구 등용로 124, 지하1층 (대방동)",엔큐브 대방점,126.932178750257,37.5121830815913,PC방
2069,"서울특별시 동작구 만양로14길 28  (노량진동,지상2층)",인터페이스 PC존,126.94573627465,37.511941050376,PC방
2070,"서울특별시 동작구 만양로14길 28  (노량진동,지하1층)",인터페이스 PC존,126.94573627465,37.511941050376,PC방
2071,"서울특별시 동작구 노량진로 114  (노량진동,지하1층)",타잔 PC방,126.938612219414,37.5130113794472,PC방
2072,"서울특별시 동작구 흑석로 94  (흑석동,2층)",늑대와여우PC라운지 중앙지점,126.959980376481,37.5072688094279,PC방
2073,"서울특별시 동작구 상도로 130  (상도동,지하1층)",아이비스 PC방,126.934326748325,37.5017661558763,PC방
2074,"서울특별시 동작구 국사봉5길 4, 101호 (상도동)",황제PC,126.930439539235,37.4976230875076,PC방
2075,"서울특별시 동작구 동작대로3길 6, 해암빌딩 4층 (사당동)",3POP PC CAFE,126.981129392759,37.4785067233821,PC방
2076,"서울특별시 동작구 노량진로14길 25 (노량진동,지하1층)",루키2 PC방,126.942588015381,37.5125600836707,PC방
2077,서울특별시 동작구 남부순환로 2061 (사당동),쇼PC방,126.977787556475,37.4769040573805,PC방
2078,"서울특별시 동작구 남부순환로271길 24  (사당동,지하1층)",몽키아일랜드 PC방,126.980214576913,37.4779140699266,PC방
2079,"서울특별시 동작구 노량진로14가길 16  (노량진동,지하1층)",A플러스 PC방,126.943482559841,37.5126013305635,PC방
2080,"서울특별시 동작구 사당로16길 15  (사당동,3층)",인터라켄PC방(남성역점),126.973600083418,37.4827912008828,PC방
2081,"서울특별시 동작구 등용로 123 (대방동,지하1층)",3POP PC,126.931722395828,37.5121432646022,PC방
2082,"서울특별시 동작구 동작대로25길 54  (사당동,지하1층)",펀조아 PC방,126.979624751663,37.4850306789307,PC방
2083,서울특별시 동작구 흑석로 79 (흑석동),에이플PC CAFE,126.958421417835,37.5070293244615,PC방
2084,"서울특별시 동작구 노량진로 184, 미도빌 지하1층 (노량진동)",제로100PC방 노량진점,126.946185910688,37.5133125843081,PC방
2085,"서울특별시 동작구 국사봉1길 18 (상도동, 상진빌딩 3층)",갤러리 PC방,126.929518840656,37.4986551850367,PC방
2086,서울특별시 동작구 동작대로 141 (사당동),4uPC,126.982053443172,37.4892376993356,PC방
2087,"서울특별시 동작구 상도로37길 69, 지하1층 (상도동)",본PC방(숭실대점),126.952761819279,37.4983346547989,PC방
2088,"서울특별시 동작구 동작대로25길 34, 2층 (사당동)",놀토PC방,126.980417755908,37.4856480037481,PC방
2089,"서울특별시 동작구 국사봉길 12  (신대방동,3층)",와우PC방,126.928697264633,37.4985308036648,PC방
2090,"서울특별시 동작구 동작대로29길 9  (사당동,3층)",인터라켄 PC방,126.98149880399,37.4879197996861,PC방
2091,"서울특별시 동작구 만양로14길 43  (노량진동,지하1층)",샤인 PC방,126.946455207821,37.5123864745196,PC방
2092,"서울특별시 동작구 남부순환로271길 55  (사당동,지상2층)",시즌아이 PC방,126.979789394488,37.4790901756328,PC방
2093,"서울특별시 동작구 성대로2길 7, 지층 (상도동)",7seven PC,126.931709717703,37.4993656537497,PC방
2094,"서울특별시 동작구 사당로29가길 41, 2층 (사당동)",황제PC,126.979723409321,37.4868886650318,PC방
2095,"서울특별시 동작구 국사봉1길 4, 지하1층 (상도동)",topstar PC,126.928852981582,37.4987738088069,PC방
2096,"서울특별시 동작구 상도로37길 60, 2층 (상도동)",원픽PC방,126.951965775693,37.4989009766383,PC방
2097,"서울특별시 동작구 장승배기로 98, 지하1층 (노량진동)",PNP PC,126.940127058426,37.5063972521794,PC방
2098,"서울특별시 동작구 노량진로16길 22  (노량진동,지하1층)",컬러PC방,126.943726367207,37.5126743381986,PC방
2099,"서울특별시 동작구 노량진로 180, 지층 (노량진동)",싸이버파크PC방 노량진점,126.945898678252,37.5133775956849,PC방
2100,"서울특별시 동작구 보라매로 59  (신대방동,4층)",슈가젬PC방 신대방점,126.927071422699,37.4946774679661,PC방
2101,"서울특별시 동작구 상도로 102 (상도동, 성대시장)",엔탑피씨방(N-Top PC),126.931776254273,37.4999426964441,PC방
2102,"서울특별시 동작구 상도로 169, 교보증권 지하1층 (상도동)",세븐PC방,126.937557355363,37.5043302773119,PC방
2103,서울특별시 동작구 동작대로27길 6 (사당동),아이닉스PC방,126.981596074684,37.4878004313222,PC방
2104,서울특별시 동작구 사당로 28 (상도동),긱스타 PC방 1호점,126.957457993298,37.4949351394814,PC방
2105,서울특별시 동작구 사당로 4 (상도동),하늘다리PC,126.95485331925,37.4954053993678,PC방
2106,"서울특별시 동작구 노량진로 156, 지하1층 (노량진동)",POPO PC,126.943292835393,37.5134034035131,PC방
2107,"서울특별시 동작구 양녕로22가길 68  (상도동,2층)",JAM PC방,126.944149044524,37.4970504767188,PC방
2108,"서울특별시 동작구 흑석로 110  (흑석동,지상6층)",클랜PC방,126.961423329898,37.5081164142775,PC방
2109,"서울특별시 동작구 노량진로 118 (노량진동,지하1층)",PC락,126.939117411727,37.5132326571999,PC방
2110,"서울특별시 동작구 노량진로 162 (노량진동,지하1층)",아이닉스 PC방,126.943957579056,37.5134071445935,PC방
2111,"서울특별시 동작구 흑석로 106-5  (흑석동,지상3층)",이재승컴퍼니 PC방,126.961459298755,37.507891625309,PC방
2112,"서울특별시 동작구 노량진로6길 21  (노량진동,외 1필지, 지하1층)",트릭PC방 중계점,126.935915556935,37.5121148897426,PC방
2113,"서울특별시 동작구 상도로 93 (상도동,지상2층)",겜노리 PC방,126.930835747931,37.5001237923409,PC방
2114,"서울특별시 동작구 노량진로8길 40  (노량진동,2층)",호야 PC월드,126.937465103696,37.5124234131715,PC방
2115,"서울특별시 동작구 서달로15길 23, 한신빌딩 (흑석동)",매직엔PC방(중대점),126.961652170904,37.5084883334727,PC방
2116,"서울특별시 동작구 사당로 286  (사당동,지상2층)",아이닉스PC방,126.979385845879,37.4841898163908,PC방
2117,"서울특별시 동작구 상도로 82, 지층 (대방동)",콤마PC카페 신대방삼거리역점,126.929701388226,37.4994737677406,PC방
2118,서울특별시 동작구 상도로67길 17 (상도동),개컨PC방,126.956345163007,37.4943361045367,PC방
2119,"서울특별시 동작구 만양로 100  (노량진동,지하1층)",행복한 PC방,126.944401840416,37.5123857060582,PC방
2120,"서울특별시 동작구 상도로34길 16  (상도동,지하1층)",오투 PC존,126.945558089006,37.5042108879341,PC방
2121,"서울특별시 동작구 동작대로 121  (사당동,지층)",존앤존PC방,126.981886636778,37.4874603457045,PC방
2122,"서울특별시 동작구 만양로 94 (노량진동,3층)",몽키타운 PC방,126.944447779056,37.5117527722431,PC방
2123,"서울특별시 동작구 사당로 34  (상도동,지하1층)",사이버플러스 PC방,126.958158541528,37.4949254785989,PC방
2124,"서울특별시 동작구 만양로 75  (노량진동,지층)",탑 피시,126.944828799966,37.5101136635189,PC방
2125,"서울특별시 동작구 만양로18길 21  (노량진동,지층)",이네이처 PC방,126.945569381852,37.5131126393253,PC방
2126,"서울특별시 동작구 상도로 169, 교보증권 지하1층 (상도동)",G plus 피씨방,126.937557355363,37.5043302773119,PC방
2127,"서울특별시 동작구 노들로2길 7, 노량진 드림스퀘어 복합빌딩 C동 B09호 (노량진동)",유진PC,126.938586139882,37.5141942939247,PC방
2128,"서울특별시 동작구 만양로14가길 10  (노량진동,지하1층)",와우PC방 3호점,126.945260351819,37.512049311684,PC방
2129,"서울특별시 동작구 장승배기로 35  (상도동,지하1층)",사이버펠리스 PC방,126.941107893311,37.5011653364565,PC방
2130,"서울특별시 동작구 동작대로3길 15  (사당동,지상2층)",파라다이스 PC방,126.98048898118,37.4782852413538,PC방
2131,"서울특별시 동작구 흑석로7길 8 (흑석동,지하1층)",TOP PC방,126.958241333342,37.5072843354434,PC방
2132,서울특별시 동작구 상도로 204 (상도동),제노pc,126.94131526696,37.5049680434096,PC방
2133,"서울특별시 동작구 사당로16길 18  (사당동,2층)",SKY PC방,126.973227566476,37.4827130897035,PC방
2134,"서울특별시 동작구 만양로 83 (노량진동,지상2층)",와우PC방,126.944396906689,37.5109554496203,PC방
2135,"서울특별시 동작구 만양로8길 64  (노량진동,지하1층)",매니아존 PC방,126.945937226686,37.5104286265851,PC방
2136,"서울특별시 동작구 흑석로 87  (흑석동,지하1층)",너구리와 여우소굴,126.959367056377,37.507432582948,PC방
2137,"서울특별시 동작구 흑석로 85-5  (흑석동,지하1층)",사이버파크,126.959175823917,37.5073939540013,PC방
2138,서울특별시 동작구 상도로67길 32  (상도동),아우토반 PC방,126.956654524108,37.4949727798048,PC방
2139,"서울특별시 동작구 성대로 3  (상도동,지하1층)",좋은친구들 PC방,126.932216932407,37.5003530880246,PC방
2140,"서울특별시 동작구 상도로 313  (상도1동,지하1층)",DT PC방,126.950642842417,37.5001498564897,PC방
2141,"서울특별시 동작구 성대로2길 9  (상도동,지상4층)",자이PC존,126.931548790182,37.4992443752959,PC방
2142,"서울특별시 동작구 만양로 81, 지하1층 (노량진동)",마일하이(MILEHIGH) PC방,126.944450626548,37.5108103230947,PC방
2143,"서울특별시 동작구 상도로61길 37  (상도동,2층)",피시트릭 PC방,126.957036661919,37.4949140836487,PC방
2144,"서울특별시 동작구 만양로14가길 26 (노량진동, 노량진 거성빌딩)",존앤존 PC방,126.944975816586,37.5127598014303,PC방
2145,"서울특별시 동작구 남부순환로269길 21 (사당동,3층)",인터넷카페 YAK,126.977833486886,37.4775674793661,PC방
2146,"서울특별시 동작구 동작대로27가길 44  (사당동,지층)",프로 PC방,126.98081473562,37.4856557274483,PC방
2147,"서울특별시 동작구 양녕로 182  (상도동,지하1층)",진 PC방,126.943442696438,37.4975244304507,PC방
2148,"서울특별시 동작구 사당로 234, 호림빌딩 지하1층 (사당동)",SUPREME PC CAFE,126.973527010263,37.4832080812583,PC방
2149,"서울특별시 관악구 관악로30길 15, 2층 (봉천동)",스타덤PC관악점,126.958833779086,37.4866379787681,PC방
2150,"서울특별시 관악구 시흥대로 566, 지하101호 (신림동)",골라 게임랜드,126.902357685701,37.4832010642873,PC방
2151,"서울특별시 관악구 신림로 354, 201호 (신림동)",김여사+PC,126.929945820012,37.4859846659272,PC방
2152,"서울특별시 관악구 남부순환로 1377, 2층 (신림동)",오렌지 PC,126.903829385724,37.4801583039286,PC방
2153,"서울특별시 관악구 난곡로63길 60, 1층 (신림동)",본PC,126.911311140444,37.4806105165308,PC방
2154,"서울특별시 관악구 호암로 587, 1층 (신림동)",호박 PC,126.932884506288,37.4698888489177,PC방
2155,"서울특별시 관악구 난곡로 357, 3층 (신림동)",긱스타 PC(GEEK STAR PC CAFE),126.91344763033,37.4859134542249,PC방
2156,"서울특별시 관악구 난곡로66길 12, 2층 (신림동)",타임PC랜드,126.91503253072,37.4825000535711,PC방
2157,"서울특별시 관악구 호암로24길 77, 지하1층 (신림동)",3S PC 녹두거리점,126.937601300726,37.4693157781194,PC방
2158,"서울특별시 관악구 신림동길 26, 신림빌딩 104호 (신림동)",대박PC,126.925828834235,37.4871786916872,PC방
2159,"서울특별시 관악구 난곡로63가길 1, 1층 (신림동)",콩PC,126.914193963141,37.4809975562282,PC방
2160,"서울특별시 관악구 시흥대로 560, 1층 (신림동)",럭키짱PC,126.901999065663,37.4829262301224,PC방
2161,서울특별시 관악구 시흥대로 566 (신림동),공단PC,126.902357685701,37.4832010642873,PC방
2162,"서울특별시 관악구 남부순환로214길 40, 지하1층 (봉천동)",욜로PC방 봉천점,126.947344732144,37.4799546008071,PC방
2163,"서울특별시 관악구 신림동5길 45, 지하1층 (신림동)",황금PC방,126.927830453385,37.4852468185612,PC방
2164,"서울특별시 관악구 조원로2가길 34, 1층 (신림동)",제우스PC,126.904550468698,37.4826561241956,PC방
2165,"서울특별시 관악구 남부순환로181길 46, 금강빌딩 1층 (신림동)",행운PC,126.930688324152,37.4866144579726,PC방
2166,"서울특별시 관악구 중앙길 7, 2층 우측호 (봉천동)",에이스피씨,126.953823855277,37.4837665956628,PC방
2167,서울특별시 관악구 난곡로 211 (신림동),가비,126.918018871999,37.4735972187998,PC방
2168,"서울특별시 관악구 법원단지길 22, 2층 (신림동)",황제PC,126.918978548757,37.4741236199998,PC방
2169,"서울특별시 관악구 신림동길 23-1, 지층 (신림동)",율PC,126.92616007342,37.4868916578486,PC방
2170,"서울특별시 관악구 관악로17길 9, 지하1층 B01호 (봉천동)",맥스피드PC 서울대입구역점,126.951245075921,37.4806186063628,PC방
2171,"서울특별시 관악구 신원로 22, 1층 (신림동)",히든PC,126.92809980254,37.4810935137384,PC방
2172,"서울특별시 관악구 남부순환로180길 6, 지하2층 (신림동, 최강타워)",레벨업 PC카페,126.930629680819,37.4837589483107,PC방
2173,"서울특별시 관악구 조원로8길 6, 1층 (신림동)",조원PC,126.905403700478,37.483060822581,PC방
2174,"서울특별시 관악구 남부순환로180길 6, 지하2층 B204호 (신림동, 최강타워)",레벨업플러스,126.930629680819,37.4837589483107,PC방
2175,"서울특별시 관악구 남부순환로 1483, 2층 (신림동)",EXIT PC CAFE 난곡점,126.915294416313,37.4822721062451,PC방
2176,"서울특별시 관악구 보라매로 17, 3층 가호 (봉천동)",제로백PC 봉천점,126.926926728097,37.4910282099961,PC방
2177,"서울특별시 관악구 신림로 353, 2층 (신림동)",ZERO100 PC,126.929190502039,37.485766892503,PC방
2178,"서울특별시 관악구 신림로 344, SK허브그린 지하1층 B01호 (신림동)",SNS PC,126.929977240424,37.4851501707989,PC방
2179,"서울특별시 관악구 남부순환로 1377, 1층 101호 (신림동)",사거리PC,126.903829385724,37.4801583039286,PC방
2180,"서울특별시 관악구 관악로 158, BS TOWER 지하2층 (봉천동)",레벨업PC방 서울대점,126.952808280216,37.4793104352293,PC방
2181,"서울특별시 관악구 봉천로 472, 제지1층 제비103호 (봉천동)",에이스PC,126.952225627266,37.4818953761288,PC방
2182,"서울특별시 관악구 난곡로66길 7, 1층 3호 (신림동)",뉴왕PC게임랜드,126.914793328054,37.4826647658698,PC방
2183,"서울특별시 관악구 조원로 123, 1층 (신림동)",신사PC,126.915905394653,37.48531038244,PC방
2184,"서울특별시 관악구 신림로64길 32, 1층 (신림동)",한수PC,126.931500008304,37.4850497000506,PC방
2185,"서울특별시 관악구 봉천로 461-1, 지층 (봉천동)",매니아 PC,126.951378697167,37.482562858333,PC방
2186,"서울특별시 관악구 신림로65길 10-23, 코끼리 1층 (신림동)",고래PC,126.928785213534,37.4855837442563,PC방
2187,"서울특별시 관악구 신림로65길 40, 지하1층 (신림동)",당근PC,126.927225743639,37.48492343619,PC방
2188,"서울특별시 관악구 은천로 31, 1층 (봉천동)",강남PC,126.938850219252,37.486362897773,PC방
2189,"서울특별시 관악구 신림로68길 18, 1층 (신림동)",스마일PC,126.930403774049,37.486565275862,PC방
2190,"서울특별시 관악구 은천로 14, 2층 (봉천동, 쁘띠그린힐)",키키슬롯,126.936759768287,37.4861307788499,PC방
2191,"서울특별시 관악구 남부순환로 1597-15, 3층 (신림동)",꼬마PC,126.92752794785,37.4847136870226,PC방
2192,"서울특별시 관악구 조원로18길 29, 1층 (신림동)",언니PC,126.913958485406,37.4828463447803,PC방
2193,"서울특별시 관악구 신림로 362, 1층 (신림동)",까치PC방,126.929487813026,37.4866709615955,PC방
2194,"서울특별시 관악구 남부순환로 1680, 관동캐슬오피스텔 1층 (신림동)",에이스피시방,126.937097299683,37.4840824266542,PC방
2195,"서울특별시 관악구 호암로22길 70-3, 지하1층 (신림동)",Yak PC방,126.936695536584,37.4683153546224,PC방
2196,"서울특별시 관악구 신원로 23, 2층 (신림동, 관악종합시장)",인터파크秀,126.928063159676,37.4815767925511,PC방
2197,"서울특별시 관악구 신림동5길 31, 지층 (신림동)",뉴탑,126.927636033729,37.4858919115747,PC방
2198,"서울특별시 관악구 남부순환로 1873, 지하1층 (봉천동)",콤마 피시방,126.957986449117,37.4795481840524,PC방
2199,"서울특별시 관악구 신림로 206, 태영빌딩 5층 (신림동)",보야르,126.937446935701,37.4756288046285,PC방
2200,"서울특별시 관악구 대학길 47, 지하1층 (신림동)",레드포스PC아레나 신림녹두점,126.937803548906,37.4686171509232,PC방
2201,"서울특별시 관악구 청룡1길 42, 지하1층 (봉천동)",이스테이션PC방,126.948600646271,37.4808713899046,PC방
2202,"서울특별시 관악구 신림로 84, 지층 (신림동)",SKY PC,126.940177514769,37.4709316312582,PC방
2203,"서울특별시 관악구 복은4길 3, 1층 (신림동)",시즌PC방,126.937819783753,37.4742646022584,PC방
2204,"서울특별시 관악구 봉천로12길 39, 1층 108호 (신림동, 가야위드안)",왕PC방,126.930110949482,37.4870238962652,PC방
2205,"서울특별시 관악구 남부순환로161가길 5, 1층 (신림동, 하나빌딩)",수 PC방,126.918506808414,37.4850367672133,PC방
2206,"서울특별시 관악구 남현길 7, 지하1층 (남현동)",레드포스PC아레나 사당점,126.977671473431,37.4760625825389,PC방
2207,"서울특별시 관악구 관악로 163, 지하1층 (봉천동, 효원빌딩)",긱스타 PC방(Geek Star PC cafe),126.952044774856,37.4798753308636,PC방
2208,"서울특별시 관악구 난곡로65길 33, 1층 (신림동)",秀PC,126.912401747831,37.4820399695335,PC방
2209,"서울특별시 관악구 은천로 27, 지하1층 (봉천동)",아센PC방 봉일시장점,126.938558361976,37.4863947321423,PC방
2210,"서울특별시 관악구 신림로 362, 3층 (신림동)",한게임PC방,126.929487813026,37.4866709615955,PC방
2211,"서울특별시 관악구 쑥고개로 80, 2층 (봉천동)",Q PC,126.945267468435,37.4792117658952,PC방
2212,"서울특별시 관악구 인헌6길 16, 3층 (봉천동)",푸룬PC 2호점,126.966007272791,37.4740985743928,PC방
2213,"서울특별시 관악구 관악로 268, 1층 (봉천동)",녹스PC방 관악점,126.958274612985,37.4879253230576,PC방
2214,"서울특별시 관악구 양녕로 58, 지하1층 (봉천동)",이네이처PC방,126.947036314759,37.4873102965781,PC방
2215,"서울특별시 관악구 신림로 90, 지하1층 (신림동)",인터매니아,126.939362676994,37.4709361714829,PC방
2216,"서울특별시 관악구 남부순환로 1931, 케에타워 지하1층 (봉천동)",제로백 낙성대점,126.963886972814,37.4772285940493,PC방
2217,"서울특별시 관악구 대학14길 18, 지하1층 (신림동)",Cool.K.PC방,126.936842153058,37.4664327706546,PC방
2218,"서울특별시 관악구 호암로24길 12, 지하1층 (신림동)",PC club,126.933807682397,37.4698242265904,PC방
2219,"서울특별시 관악구 청룡1길 33, 지하1층 (봉천동, 관악하우팰리스)",더블m PC방,126.948113779028,37.4812382481402,PC방
2220,"서울특별시 관악구 법원단지길 28, 지하1층 (신림동, 우석빌딩)",맥PC토랑,126.919248807252,37.4741658821631,PC방
2221,"서울특별시 관악구 남부순환로 1934, 낙성대빌딩 4층 (봉천동)",이스포츠,126.963735538331,37.4766373051657,PC방
2222,"서울특별시 관악구 시흥대로166길 59, 1층 (신림동)",나래PC,126.903839713146,37.4809219172653,PC방
2223,"서울특별시 관악구 난곡로 184, 지하1층 (신림동, 대원빌딩)",나는 게이머다 PC,126.919981209825,37.471670222214,PC방
2224,"서울특별시 관악구 신원로 10, 남영빌딩 지하1층 (신림동)",이네이쳐,126.928063499366,37.4802789796022,PC방
2225,"서울특별시 관악구 쑥고개로 95, 지하1층 (봉천동)",탑티어 PC방 서울대점,126.947204153908,37.4793763605135,PC방
2226,"서울특별시 관악구 신림로70길 23, 1층 (신림동)",스타PC방,126.93028924443,37.4877717480379,PC방
2227,"서울특별시 관악구 은천로 109, 지하1층 (봉천동)",레드포스PC아레나 봉천점,126.947493902254,37.4869996530658,PC방
2228,"서울특별시 관악구 남부순환로 1716, 은혜빌딩 지하1층 (봉천동)",3POP PC방,126.940613730465,37.4825397376028,PC방
2229,"서울특별시 관악구 신림로17길 76, 1층 (신림동)",해커스 PC방,126.936195521263,37.4674210125893,PC방
2230,"서울특별시 관악구 남부순환로 1929-5, 지하1층 (봉천동)",스위티PC방 낙성대점,126.963658934093,37.4774748601413,PC방
2231,"서울특별시 관악구 난곡로 100, A동 205~206호 (신림동, 파로스프라자)",5스타 PC방,126.919613685063,37.4645001795391,PC방
2232,"서울특별시 관악구 난우길 2, 프린스빌딩 3층 (신림동)",인터라켄pc방,126.919149562512,37.4732085813656,PC방
2233,"서울특별시 관악구 신림로 224-1, 1층 (신림동)",신림 PC,126.936542759177,37.4776103633224,PC방
2234,"서울특별시 관악구 대학길 52, 2층 (신림동)",Steam PC cafe,126.937556388983,37.4682688699968,PC방
2235,"서울특별시 관악구 호암로24길 24, 지하1층 (신림동, 대학관고시텔)",피씨태그 PC방,126.934472868269,37.4695260024167,PC방
2236,"서울특별시 관악구 대학길 36, 2층 (신림동)",스타PC방,126.93757500788,37.4691242093594,PC방
2237,"서울특별시 관악구 신림로17길 41, 1층 (신림동)",망고톡 PC,126.936503924501,37.4688572098031,PC방
2238,"서울특별시 관악구 남부순환로 1485, 삼남빌딩 지하1층 (신림동)",인터라켄PC방,126.915650135223,37.4823520999904,PC방
2239,"서울특별시 관악구 관악로 199, 지하1층 (봉천동)",3POP 피시방,126.953587750655,37.4830752493665,PC방
2240,"서울특별시 관악구 봉천로31길 9, 지하1층 (봉천동)",스타덤PC 봉천점,126.941358237708,37.4841495810369,PC방
2241,"서울특별시 관악구 인헌6길 9, 지하1층 (봉천동)",푸룬PC방,126.966198319678,37.4738666191079,PC방
2242,"서울특별시 관악구 조원중앙로 22, 1층 (신림동)",딸기 PC,126.905814303617,37.4814757360238,PC방
2243,"서울특별시 관악구 난곡로65길 3, 1층 (신림동)",공주PC,126.914052039759,37.4823086008844,PC방
2244,"서울특별시 관악구 신림로 141, 401호 (신림동)",메타PC 신림본점,126.933441547933,37.4715917133189,PC방
2245,"서울특별시 관악구 조원중앙로 6, 101호 (신림동)",별PC,126.904609170104,37.4804158136657,PC방
2246,"서울특별시 관악구 봉천로12길 49, 2층 (신림동)",토마토PC방,126.930168216331,37.4864806223175,PC방
2247,"서울특별시 관악구 관악로14길 10, 준우지하우스 3층 (봉천동)",드림게임랜드,126.953154491288,37.4790873930145,PC방
2248,"서울특별시 관악구 봉천로12길 69, 2층 (신림동)",세븐PC방,126.930309116095,37.485733589617,PC방
2249,"서울특별시 관악구 신림로64길 23, 지하1층 (신림동)",골드PC게임장,126.931021236392,37.4852226853822,PC방
2250,"서울특별시 관악구 남부순환로 1933, B1층 (봉천동)",콤마PC,126.964147271643,37.4771332564053,PC방
2251,"서울특별시 관악구 봉천로12길 39, 101호 (신림동, 가야위드안)",김여사PC,126.930110949482,37.4870238962652,PC방
2252,"서울특별시 관악구 조원로18길 22, 102호 (신림동)",본PC,126.913046035227,37.483063810931,PC방
2253,"서울특별시 관악구 봉천로12길 39, 1층 106호 (신림동, 가야위드안)",바닐라pc방,126.930110949482,37.4870238962652,PC방
2254,"서울특별시 관악구 신림로 321, 2층 (신림동)",SNS PC방,126.929546648038,37.4828969433377,PC방
2255,"서울특별시 관악구 봉천로12길 39, 2층 (신림동, 가야위드안)",가야PC방,126.930110949482,37.4870238962652,PC방
2256,"서울특별시 관악구 관악로15길 23-11, 관악맥스텔 101호 (봉천동)",왕바다PC랜드,126.951181288015,37.479783254518,PC방
2257,"서울특별시 관악구 난곡로66길 14, 3층 (신림동)",라이또PC,126.915238397077,37.4825193028191,PC방
2258,"서울특별시 관악구 관천로 42, SU모텔 1층 (신림동)",제우스PC,126.927261669777,37.4834373351336,PC방
2259,"서울특별시 관악구 조원중앙로 43, 1층 (신림동)",팡PC,126.906776883785,37.4830443443596,PC방
2260,"서울특별시 관악구 신림로 356, 2층 (신림동)",밤샘PC,126.929683383167,37.4861105610582,PC방
2261,"서울특별시 관악구 남부순환로 1631-1, 2층 (신림동)",썬PC,126.932009130194,37.4848212281323,PC방
2262,"서울특별시 관악구 신림로67길 6, 1층 (신림동)",아지트PC,126.928833194073,37.4862570064168,PC방
2263,"서울특별시 서초구 서초대로 108, 지하1층 (방배동)",제로백 PC 내방역점,126.994201615542,37.4875261941992,PC방
2264,"서울특별시 서초구 강남대로69길 8, 5층 (서초동)",게임이너스 신논현점,127.024653352058,37.5018444583427,PC방
2265,"서울특별시 서초구 방배로 141, 극동빌딩 지하1층 (방배동)",후PC방,126.994140643577,37.4864215552405,PC방
2266,"서울특별시 서초구 강남대로 483, 지하1층 (반포동)",라인업 PC방,127.023648945463,37.5053254283579,PC방
2267,"서울특별시 서초구 반포대로28길 15, 아카디아빌딩 지하1층 (서초동)",3pop pc방(서초역점),127.009272526225,37.4906021033287,PC방
2268,"서울특별시 서초구 동산로19길 50, 봉산빌딩 지하1층 (양재동)",프렌즈PC방,127.045829250229,37.4748631378886,PC방
2269,"서울특별시 서초구 마방로10길 25, 트윈타워 지하1층 5호 (양재동)",트윈PC방,127.043922527512,37.4766148844181,PC방
2270,"서울특별시 서초구 강남대로 595, 경승빌딩 지하1층 (잠원동)",탑플레이스PC방 신사역점,127.019539877754,37.5148563751516,PC방
2271,"서울특별시 서초구 서초대로 302, 교대역인앤인오피스 지하1층 (서초동)",크라우드PC방 교대점,127.014695217773,37.4937188583914,PC방
2272,"서울특별시 서초구 반포대로 300-3, 상화빌딩 지하1층층 (잠원동)",제니스 센트럴,127.001236730369,37.5057814452923,PC방
2273,"서울특별시 서초구 사평대로56길 14, 3층 (서초동)",아이센스리그PC방 신논현점,127.02290679626,37.5027263539627,PC방
2274,"서울특별시 서초구 서초대로77길 62, 강남역 IPARK 지하2층 (서초동)",Portal,127.023903040367,37.5027308418076,PC방
2275,"서울특별시 서초구 서초중앙로5길 10-24, 3층 (서초동)",노블존PC방,127.01462673757,37.4864179119086,PC방
2276,"서울특별시 서초구 효령로31길 28, 지하1층 (방배동)",블랙몬스터 PC zone,126.996241327651,37.4824598162513,PC방
2277,"서울특별시 서초구 효령로55길 28, 브이 샤르망 202,203,204호 (서초동)",레벨업 피시방,127.01447946651,37.4861327609484,PC방
2278,"서울특별시 서초구 논현로17길 3, 2층 (양재동)",골드 PC 게임랜드,127.045493395099,37.4763907495514,PC방
2279,"서울특별시 서초구 강남대로97길 16, 서원빌딩 지하1층 (잠원동)",마우스헌터 PC방,127.018812332612,37.5148223452221,PC방
2280,"서울특별시 서초구 효령로 276, B02, B03호 (서초동)",맥스피드PC 남부터미널점,127.014453689027,37.484383366249,PC방
2281,"서울특별시 서초구 강남대로 523, 성창빌딩 1층 B호 (반포동)",조커 게임랜드,127.022052779902,37.5087231568081,PC방
2282,"서울특별시 서초구 동산로19길 35-1, 명우빌딩 104호 (양재동)",잭PC,127.046263193186,37.4740279127572,PC방
2283,"서울특별시 서초구 사평대로55길 139, 미성빌딩 지하1층 (반포동)",3POP PC CAFE,127.019980401098,37.5100088988029,PC방
2284,"서울특별시 서초구 마방로10길 53, 2층 (양재동)",금강PC,127.045214384379,37.4754634473284,PC방
2285,"서울특별시 서초구 사평대로55길 140, 2층 (반포동)",플레이PC방,127.020295166733,37.5099911854509,PC방
2286,"서울특별시 서초구 방배로13길 19, 진덕빌딩 지하1층 (방배동)",옵티멈존PC카페,126.995401139741,37.4827114382902,PC방
2287,"서울특별시 서초구 신반포로 334, 지층 (반포동)",탑플레이스PC 반포본점,127.02030809339,37.5105294433427,PC방
2288,"서울특별시 서초구 논현로17길 19, 덕산빌딩 지하1층 (양재동)",덤프PC방 양재점,127.044851166001,37.4758748066181,PC방
2289,"서울특별시 서초구 효령로53길 45, 지하 비층 103호 (서초동, 서초이오빌)",메이드PC방,127.012932415371,37.4865276721133,PC방
2290,"서울특별시 서초구 반포대로14길 42, 오영빌딩 4층 (서초동)",고릴라 PC방(서초점),127.013451848431,37.4858560926799,PC방
2291,"서울특별시 서초구 서초중앙로22길 25, 201호 (서초동, 서초리시온)",초콜릿PC방(교대점),127.015430187136,37.4934680144084,PC방
2292,"서울특별시 서초구 사평대로57길 45, 지층 (반포동)",고고PC방,127.022516661801,37.5062451254438,PC방
2293,"서울특별시 서초구 남부순환로356길 23, 3층 (양재동)",플렉스PC(FLEX PC),127.038148024061,37.483903620675,PC방
2294,"서울특별시 서초구 남부순환로356길 39  (양재동,지층)",에스존피씨방,127.038420614459,37.4832213787469,PC방
2295,"서울특별시 서초구 신반포로 157, 지하1층 (잠원동)",ZENITH(제니스) PC방,127.001460546765,37.5055133936715,PC방
2296,"서울특별시 서초구 바우뫼로6길 16, 지하1층 (우면동)",제로백PC,127.025921741939,37.4696162017367,PC방
2297,"서울특별시 서초구 강남대로30길 35, 삼중빌딩 (양재동)",힘쎈수달 PC방,127.039148625825,37.4823358086155,PC방
2298,서울특별시 서초구 강남대로 531  (반포동),로마루 PC방,127.021605856873,37.5093207857364,PC방
2299,"서울특별시 서초구 신반포로 329, 세기빌딩 2층 (잠원동)",논현바닐라PC,127.019505342,37.5108041146939,PC방
2300,"서울특별시 서초구 반포대로 300, 지하1층 (잠원동)",스타덤PC 고속터미널본점,127.001104294395,37.5059297520655,PC방
2301,"서울특별시 서초구 동광로 56-1, 방배오피스텔 지하1층 (방배동)",세븐PC방,126.988969504993,37.492036266032,PC방
2302,"서울특별시 서초구 고무래로 26, 쌍동빌딩 지하1층 (반포동)",레벨업 PC방,127.011242817338,37.5023470946819,PC방
2303,서울특별시 서초구 사평대로55길 75-1 (반포동),샤넬노리터PC,127.021331763841,37.5071830213509,PC방
2304,"서울특별시 서초구 주흥길 64-27, 1층 (반포동)",심봉사가 눈뜨고간 놀토PC방,127.01962930294,37.5090644344911,PC방
2305,"서울특별시 서초구 서초대로54길 15, 지하1층 (서초동)",맥스피드 PC방 교대점,127.01612200377,37.4934428740272,PC방
2306,"서울특별시 서초구 언남11길 34-11, 1층 (양재동)",놀토PC방,127.043453389273,37.475898394772,PC방
2307,"서울특별시 서초구 서초중앙로22길 53, 지층 (서초동)",3POP PC방,127.016829031244,37.4936790194885,PC방
2308,"서울특별시 서초구 남부순환로356길 33, 3층 (양재동, 광성빌딩)",3POP PC방(양재동),127.038220097756,37.483559952717,PC방
2309,"서울특별시 서초구 동산로 7, 지하1층 (양재동)",아이언피쉬,127.040533696282,37.4692386239733,PC방
2310,"서울특별시 서초구 방배로 83, 방배센트럴빌딩 지하1층 (방배동)",주식회사 옵티멈존피씨방방배역점,126.997007580557,37.4818646316946,PC방
2311,"서울특별시 서초구 동산로15길 6  (양재동,(3층))",번개PC방,127.04666870084,37.4727481387274,PC방
2312,"서울특별시 서초구 사평대로55길 33  (반포동,1층)",라프시스템,127.022032365057,37.5054527826798,PC방
2313,"서울특별시 서초구 강남대로61길 10,  203호 (서초동,프라자센타)",GO PC 방,127.025484268881,37.4992617284625,PC방
2314,"서울특별시 서초구 방배로35길 41  (방배동,(2층))",제네시스21피시방방배점,126.987303974524,37.4920971870838,PC방
2315,"서울특별시 강남구 삼성로 349, 우진빌딩 지하1층 (대치동)",G PC방 대치점,127.058505388195,37.5026839034347,PC방
2316,"서울특별시 강남구 논현로 612, M빌딩 지하1층 (논현동)",탑플레이스 PC방 (언주역점),127.033735588603,37.5084063077102,PC방
2317,"서울특별시 강남구 테헤란로4길 6, 강남역 센트럴 푸르지오 시티 B2층 (역삼동)",셰프PC방 강남점,127.029286360295,37.4976674173806,PC방
2318,"서울특별시 강남구 테헤란로20길 20, 지하2층 (역삼동)",SOUND PC,127.03451238865,37.498362123762,PC방
2319,"서울특별시 강남구 논현로 405, 해은빌딩 지층 (역삼동)",리얼피시방(Real PC방),127.038722085697,37.4962263345506,PC방
2320,"서울특별시 강남구 삼성로 706, 추탄빌딩 지하1층 (청담동)",ing pc cafe,127.050302008586,37.5193424765552,PC방
2321,서울특별시 강남구 학동로20길 40 (논현동),논현24PC방,127.027646765019,37.5109643101244,PC방
2322,"서울특별시 강남구 강남대로94길 10, 지하2층 (역삼동)",오즈피씨카페리저브 강남점,127.028227205943,37.4991963225538,PC방
2323,"서울특별시 강남구 자곡로 110, 고수일레븐 지하1층 (자곡동)",OZ ARENA PC CAFE,127.095704619971,37.4720314869522,PC방
2324,"서울특별시 강남구 강남대로 492, 한맥빌딩 지하2층 (논현동)",옵티멈존피씨카페논현점,127.024113155649,37.5062072384237,PC방
2325,"서울특별시 강남구 봉은사로29길 5, 1층 (논현동)",논현PC,127.034615454935,37.5080107823293,PC방
2326,"서울특별시 강남구 선릉로 663, 영창빌딩 지하1층 (논현동)",맥스피드PC 강남구청점,127.041486080177,37.5158418999936,PC방
2327,"서울특별시 강남구 봉은사로50길 8, 지하1층 (역삼동)",네오PC방 선정릉역점,127.042421178616,37.5092275667302,PC방
2328,"서울특별시 강남구 봉은사로 467, 세창빌딩 지하1층 (삼성동)",제로백PC방,127.05063313853,37.5125244408451,PC방
2329,"서울특별시 강남구 개포로 237, 유진빌딩 지하1층 (개포동)",NEOX PC방,127.048623118642,37.4790837015379,PC방
2330,"서울특별시 강남구 삼성로 430, 하이글로빌딩 지하1층 (대치동)",3POP PC CAFE,127.057775113361,37.5052878981505,PC방
2331,"서울특별시 강남구 강남대로 522, 범성빌딩 (논현동)",에이스PC,127.022822366763,37.5088399610431,PC방
2332,"서울특별시 강남구 광평로56길 8-13, 수서타워 지하111~117층 (수서동)",바나나PC,127.103173559444,37.4867575979651,PC방
2333,"서울특별시 강남구 봉은사로29길 21, 성우빌딩 1층 201호 (논현동)",헌터피씨방 언주역점,127.034008002419,37.5087955537566,PC방
2334,"서울특별시 강남구 남부순환로 2935, 대치 프라자 B1호 (대치동)",제너스 PC 대치점,127.061334443036,37.4939940652114,PC방
2335,"서울특별시 강남구 논현로 868, 구정빌딩 지하1층 (신사동)",단골PC cafe,127.028885110878,37.5260853713573,PC방
2336,"서울특별시 강남구 압구정로 344, 지하1층 (신사동)",OX PC 압구정로데오역점,127.039850205178,37.5277013711974,PC방
2337,"서울특별시 강남구 강남대로 478, 제우빌딩 지하 1층 (논현동)",옵티멈존피씨카페 신논현역점,127.024669466556,37.5051062753525,PC방
2338,"서울특별시 강남구 테헤란로70길 14-12, 지하1층 (대치동)",선릉PC,127.052792649128,37.5042343418543,PC방
2339,서울특별시 강남구 언주로85길 23-6 (역삼동),피크PC방 역삼,127.041365611314,37.5004640425171,PC방
2340,서울특별시 강남구 학동로20길 39 (논현동),친친 피씨(PC)방,127.027854694435,37.51076838291,PC방
2341,"서울특별시 강남구 역삼로 419, 지하1층 (대치동)",엔탑pc,127.05285965095,37.5014163267969,PC방
2342,"서울특별시 강남구 압구정로28길 28, 지하 1층 (신사동)",인디고PC 압구정점,127.027513165818,37.5247718575064,PC방
2343,"서울특별시 강남구 선릉로 313, 3층 301~302호 (역삼동, 삼미빌딩)",F3PC방,127.051936356113,37.4976408900635,PC방
2344,"서울특별시 강남구 도곡로 445 (대치동, 현민빌딩)",파빌리온PC카페,127.059038034124,37.4986301029887,PC방
2345,"서울특별시 강남구 압구정로2길 60, 지하1층 (신사동, MG타워)",IRIS PC POP 신사점,127.0213097141,37.5179415559451,PC방
2346,"서울특별시 강남구 도곡로 526, 남평빌딩 지하 1층 (대치동)",레벨업PC 대치점,127.063898080574,37.4995548896881,PC방
2347,서울특별시 강남구 남부순환로 2732 (도곡동),GEEKSTAR PC CAFE,127.044864329262,37.4857901351878,PC방
2348,"서울특별시 강남구 역삼로 149, 녹동빌딩 지하1층 (역삼동)",강남탑PC방,127.035461246887,37.4948954901706,PC방
2349,"서울특별시 강남구 영동대로 221, 지층 2호 (대치동)",더나인PC방,127.068117178661,37.4986572925855,PC방
2350,"서울특별시 강남구 삼성로92길 13, 비1층 (삼성동)",주식회사 리그넷,127.057579050714,37.5080017308129,PC방
2351,"서울특별시 강남구 남부순환로 2609, 하늘빌딩 지하 1층 (도곡동)",게임이너스 양재점,127.035096207425,37.4849629812617,PC방
2352,서울특별시 강남구 도산대로 113 (신사동),오즈 쓰리팝 PC방,127.020850541799,37.5170146855589,PC방
2353,"서울특별시 강남구 광평로10길 6, 지하1층 (일원동, 한솔마을아파트)",웨이브피씨방(WAVE PC),127.076520309277,37.4826291743574,PC방
2354,"서울특별시 강남구 개포로 615 (개포동, 석탑프라자)",유니넷PC방,127.07558248914,37.4926580850327,PC방
2355,"서울특별시 강남구 일원로9길 58, 지층 (일원동)",PC베네일원점,127.086198098506,37.4906125582372,PC방
2356,"서울특별시 강남구 논현로 328, 지하1층 (역삼동)",탑 플레이스 pc방,127.04021882471,37.4946760127449,PC방
2357,서울특별시 강남구 역삼로 417 (대치동),제로100PC대치점,127.052694154026,37.5013541412334,PC방
2358,"서울특별시 강남구 일원로9길 24, 지하1층 (일원동)",덤프PC방,127.083536271134,37.4897718482458,PC방
2359,"서울특별시 강남구 삼성로 549, 정화빌딩 지하1층 (삼성동)",미슐랭PC,127.054270559443,37.5106008934452,PC방
2360,"서울특별시 강남구 학동로20길 13, 논현2호주차장 지하1 층 (논현동)",3POP PC cafe,127.028563172387,37.5122073879479,PC방
2361,"서울특별시 강남구 일원로 53, 소림빌딩 지하1층 (일원동)",독스 PC방 일원점,127.081809638604,37.4892626357407,PC방
2362,"서울특별시 강남구 강남대로94길 13, 지하1층층 (역삼동)",THE MAZE VR,127.028419603321,37.4995844298918,PC방
2363,서울특별시 강남구 언주로93길 30 (역삼동),피씨앤쿡 PC방,127.039576076366,37.5034754564683,PC방
2364,"서울특별시 강남구 강남대로124길 3-6, 지하1층 (논현동, 호은빌딩)",엔탑PC방,127.023046835449,37.5090755301994,PC방
2365,서울특별시 강남구 영동대로112길 5 (삼성동),3 POP PC CAFE (쓰리팝 PC CAFE),127.060674563027,37.515168030351,PC방
2366,"서울특별시 강남구 압구정로 328, 효정빌딩 지하1층 (신사동)",포텐(4TEN) PC,127.037467975824,37.5283378978473,PC방
2367,"서울특별시 강남구 선릉로 667, 라이즈스퀘어 지하1층  호 (논현동)",픽(PICK) PC방,127.04132524415,37.5162728163012,PC방
2368,"서울특별시 강남구 테헤란로4길 29, 정우씨티 지하2층 (역삼동)",3POP PC방,127.030533475533,37.4965606656082,PC방
2369,"서울특별시 강남구 선릉로8길 20, 지하1층 (개포동)",제로백PC,127.06221238153,37.4833363967378,PC방
2370,서울특별시 강남구 압구정로30길 12 (신사동),오즈쓰리팝 PC방,127.029081289706,37.5267021492241,PC방
2371,"서울특별시 강남구 선릉로93길 18, 지하1층 (역삼동)",긱스타 피시 카페,127.046910806699,37.5052246863106,PC방
2372,"서울특별시 강남구 선릉로86길 15, 현대선릉 GOLD TOWER 지하1층 (대치동)",쓰리팝피씨카페,127.05083685187,37.5035255678446,PC방
2373,"서울특별시 강남구 논현로 867, 한승빌딩 지하1층 (신사동)",콤마PC카페 압구정역점,127.028189969547,37.5261817663485,PC방
2374,서울특별시 강남구 개포로 233 (개포동),스타일 PC방,127.048118503982,37.4790268742332,PC방
2375,"서울특별시 강남구 도산대로50길 9, 지하1층 (논현동)",맥스피드PC방,127.037636286238,37.521746562403,PC방
2376,"서울특별시 강남구 논현로63길 19, 지상2층 (역삼동)",제로백PC 역삼점,127.039290058825,37.4924661549789,PC방
2377,"서울특별시 강남구 도곡로 448 (대치동, 동서빌딩)",반트PC,127.059547645759,37.498109786403,PC방
2378,"서울특별시 강남구 남부순환로 2942, 지층 (대치동, 풍림프라자)",풀타임 pc방,127.062321346803,37.4936457600425,PC방
2379,서울특별시 강남구 일원로9길 40 (일원동),덤프PC방,127.084869861401,37.4901658994189,PC방
2380,서울특별시 강남구 개포로 223 (개포동),매직엔PC방,127.047255591553,37.4789414464188,PC방
2381,"서울특별시 강남구 일원로9길 30, 지하1층 (일원동)",이스포츠PC방  강남일원점(E-SPORTS PC),127.084104094843,37.4899425466984,PC방
2382,"서울특별시 강남구 압구정로 334, 지하1층 (신사동)",피크 PC방,127.038060817396,37.5281701219536,PC방
2383,"서울특별시 강남구 도산대로 549, 지층 (청담동)",스콜피언,127.05394252645,37.5256493296837,PC방
2384,"서울특별시 강남구 논현로63길 16, 109호 (역삼동, 강남서해그랑블)",아우디PC방24,127.039114558338,37.4928940114283,PC방
2385,"서울특별시 강남구 봉은사로 467  (삼성동,3층)",사이버리아멀티PC방,127.05063313853,37.5125244408451,PC방
2386,서울특별시 강남구 테헤란로64길 20  (대치동),사이버리아 선릉점,127.051264642306,37.5036212499537,PC방
2387,서울특별시 송파구 새말로5길 28  (문정동),프리존,127.123828547161,37.4851127877889,PC방
2388,"서울특별시 관악구 신림동길 7-1, 영지오피스텔 2층 201호 (신림동)",초콜릿PC,126.927813421746,37.4872013649081,PC방
2389,"서울특별시 송파구 중대로9길 54, 201호 (가락동)",메가PC,127.119633600715,37.4973508922167,PC방
2390,"서울특별시 송파구 오금로11길 11-8, 현대드림밸리 203, 204호 (방이동)",X PC Cafe,127.108747772156,37.5149817338907,PC방
2391,"서울특별시 송파구 백제고분로 454, 영빌딩 2층 (방이동)",에코스PC방,127.112989070614,37.5110346904453,PC방
2392,"서울특별시 송파구 동남로20길 31, 1층 102호 (가락동)",골드PC,127.135144578111,37.4952449134611,PC방
2393,"서울특별시 송파구 중대로9길 48, MOXENHOUSE 지하1층 (가락동)",크로스PC,127.119162146982,37.4970662002956,PC방
2394,"서울특별시 송파구 중대로9길 43, 2층 (가락동)",황금성PC방,127.118471249154,37.4969561615283,PC방
2395,"서울특별시 송파구 동남로18길 41, 102호 (가락동)",대박PC,127.134412295922,37.4931214461811,PC방
2396,"서울특별시 송파구 백제고분로7길 28-17, 성경빌딩 지층 (잠실동)",황금PC,127.08235996733,37.5099590806724,PC방
2397,"서울특별시 송파구 중대로9길 30, 다보빌딩 101호 (가락동)",PC고래,127.118793108964,37.4958265171815,PC방
2398,"서울특별시 송파구 마천로 251, 대산빌딩 2층 (마천동)",인디고PC방 마천점,127.145366951043,37.4990130371988,PC방
2399,"서울특별시 송파구 오금로36길 27, 1층 (가락동)",물라PC,127.124305426735,37.5012608483399,PC방
2400,"서울특별시 송파구 중대로 135, 아이티벤처타워 지층 105호 (가락동)",도그PC,127.122426977874,37.4950959654807,PC방
2401,"서울특별시 송파구 송파대로28길 35, 2층 206호 (가락동, 송파 N-Suite)",황금바다PC,127.121466959558,37.4954056412176,PC방
2402,"서울특별시 송파구 송파대로30길 8, 훼밀리오피스텔 1층 7호 (가락동)",경희 게임랜드,127.118405222237,37.4942436581716,PC방
2403,"서울특별시 송파구 법원로4길 5, 송파법조타운푸르지오 지1층 B115호 (문정동)",퍼플인PC방,127.121873324034,37.482913928496,PC방
2404,"서울특별시 송파구 중대로9길 50, 유일빌딩 B02호 (가락동)",고고PC,127.119387448007,37.497159497251,PC방
2405,"서울특별시 송파구 백제고분로7길 32-10, 남광빌딩 2층 (잠실동)",골드9 pc,127.082479429053,37.5102885847034,PC방
2406,"서울특별시 송파구 성내천로 261, 구본빌딩 지층 (마천동)",모아 PC,127.154353660275,37.4972270164146,PC방
2407,"서울특별시 송파구 백제고분로48길 8 (방이동,2층)",쿨라인,127.114054055606,37.5114655181139,PC방
2408,"서울특별시 송파구 동남로18길 31  (가락동,2층)",뉴,127.133553323084,37.4938068248688,PC방
2409,"서울특별시 송파구 백제고분로 378 (송파동,지층)",메가웹스테이션,127.108244727875,37.5054023594673,PC방
2410,"서울특별시 송파구 올림픽로35가길 9, B06~B11호 (신천동, 잠실 푸르지오 월드마크)",RUN 2 PC CAFE,127.103444795508,37.5174846188512,PC방
2411,"서울특별시 송파구 백제고분로 63, 위너스오피스텔1 지하101호 (잠실동)",아이리스PC 잠실점,127.07891303376,37.5110739938422,PC방
2412,"서울특별시 송파구 송파대로 437, 지하1층 (석촌동)",탑스타PC방 석촌역점,127.106325433287,37.505623046794,PC방
2413,"서울특별시 송파구 오금로15길 2, 욱일빌딩 2층 (방이동)",복PC,127.109206950727,37.5119928613791,PC방
2414,"서울특별시 송파구 중대로9길 29, 보광빌라 103호 (가락동)",단골PC,127.118513633851,37.4957256148739,PC방
2415,"서울특별시 송파구 송파대로 286, 2층 201호 (가락동)",마카오PC,127.117167801024,37.4949097445699,PC방
2416,"서울특별시 송파구 중대로9길 46, 2층 201호 (가락동)",쎄븐 PC,127.118999690366,37.4970243771691,PC방
2417,"서울특별시 송파구 송파대로32길 4, 1층 (가락동)",판도라PC,127.117235587428,37.4951589857894,PC방
2418,"서울특별시 송파구 양재대로62길 36-1, 1층 (가락동)",스타PC,127.119706367824,37.4966756946576,PC방
2419,"서울특별시 송파구 양재대로62길 37-1, 2층 (가락동)",퍼펙트PC,127.120215208735,37.496651030994,PC방
2420,서울특별시 송파구 백제고분로7길 16 (잠실동),로또PC,127.080562243241,37.5104486647966,PC방
2421,"서울특별시 송파구 백제고분로 198, 지층 B01호 (삼전동)",제로백PC 삼전역점,127.088561618297,37.5039376838599,PC방
2422,"서울특별시 송파구 송파대로28길 24, 밀리아나2차오피스텔 1층 일부105호 (가락동)",썬PC,127.120544891541,37.4942847426139,PC방
2423,"서울특별시 송파구 중대로9길 40, 2층 (가락동)",역전PC,127.118608589528,37.4964905639557,PC방
2424,"서울특별시 송파구 백제고분로9길 27, 향원빌딩 2층 (잠실동)",ZOO PC방,127.082114763805,37.5097592284137,PC방
2425,"서울특별시 송파구 삼전로6길 15 (삼전동,지층)",뮤토PC,127.088889014623,37.5028755130831,PC방
2426,"서울특별시 송파구 올림픽로12길 21, 3층 (잠실동)",스토지안PC카페,127.083323705114,37.5097316219785,PC방
2427,"서울특별시 송파구 거마로 76  (마천동,1층)",왕pc방,127.147507318502,37.4994476419741,PC방
2428,"서울특별시 송파구 마천로7가길 5, 지하1층 (오금동)",힘쎈수달PC방,127.127673994251,37.5089132733626,PC방
2429,"서울특별시 송파구 성내천로21길 12  (마천동,2층)",호박,127.144743251824,37.5004094604254,PC방
2430,"서울특별시 송파구 백제고분로45길 23-5, 1층 (송파동)",대박PC,127.108680651225,37.5098800418418,PC방
2431,"서울특별시 송파구 오금로46길 30, 2층 (가락동, 경원빌딩)",라이온PC,127.134222861335,37.4951283829592,PC방
2432,"서울특별시 송파구 가락로28길 5, 지하1층 (송파동)",샤먼PC CAFE,127.116639701972,37.5066105446509,PC방
2433,"서울특별시 송파구 송이로19길 42-3, 1층 (가락동)",놀토PC방,127.124978586801,37.4997919496411,PC방
2434,"서울특별시 송파구 삼전로6길 8, 103호 (삼전동)",달려라PC방,127.087944955678,37.5029173956341,PC방
2435,"서울특별시 송파구 올림픽로 120 (잠실동,지층)",짱빨라PC방,127.084072505762,37.5113900204382,PC방
2436,"서울특별시 송파구 백제고분로31길 14, 201호 (삼전동)",라온PC클럽,127.095613956636,37.5037923501544,PC방
2437,"서울특별시 송파구 백제고분로41길 39 (송파동,2층)",엣지,127.105894953242,37.5089654397773,PC방
2438,"서울특별시 송파구 백제고분로32길 7, 지층 (삼전동)",엔트,127.095259078048,37.5016673453649,PC방
2439,"서울특별시 송파구 동남로6길 6, 2층 (문정동)",JMT PC,127.124137336585,37.4896246192276,PC방
2440,"서울특별시 송파구 거마로20길 23, 202호 (마천동)",망고톡PC방,127.148999750435,37.4973420111008,PC방
2441,"서울특별시 송파구 오금로36길 16 (가락동,2층)",크리스탈,127.124853987288,37.5023198520593,PC방
2442,"서울특별시 송파구 마천로 349  (마천동,2층)",디프,127.153106464318,37.4928064116194,PC방
2443,"서울특별시 송파구 백제고분로41길 24, 지층 (송파동)",오케이PC방,127.107271771624,37.5080270627702,PC방
2444,"서울특별시 송파구 마천로41길 22, 지층 (마천동)",비타민PC방,127.14994730411,37.4968946341351,PC방
2445,"서울특별시 송파구 토성로 26, 지하1층 (풍납동)",스카이캐슬,127.113171175011,37.5304350820703,PC방
2446,"서울특별시 송파구 삼전로12길 7, 1층 (삼전동)",삼전PC,127.091039605159,37.5065050159512,PC방
2447,"서울특별시 송파구 백제고분로27길 33, 2층 (삼전동, 암태빌딩)",아이비스PC,127.093613765382,37.5060665572441,PC방
2448,"서울특별시 송파구 백제고분로50길 27, 지층 (방이동, 경일빌딩)",와드PC,127.117760154013,37.5135781589756,PC방
2449,"서울특별시 송파구 마천로 349, 1층 101호 (마천동)",올스타,127.153106464318,37.4928064116194,PC방
2450,서울특별시 송파구 양재대로62길 41-1 (가락동),에이스PC,127.120481874877,37.4963774841726,PC방
2451,"서울특별시 송파구 오금로46길 25, 일정빌딩 지층 (가락동)",시즌PC,127.13480194333,37.4951846672063,PC방
2452,"서울특별시 송파구 문정로 143, 지층 (가락동)",셀프넷PC방,127.135605953678,37.4924927112115,PC방
2453,"서울특별시 송파구 동남로2길 33, 지층 (문정동)",아이비스,127.123627376911,37.4864706369344,PC방
2454,"서울특별시 송파구 삼학사로12길 14 (석촌동,2층)",로하스,127.09859524555,37.5015438732762,PC방
2455,"서울특별시 송파구 오금로36길 22  (가락동,지층)",사이버파크,127.124420535865,37.5018634096248,PC방
2456,"서울특별시 송파구 바람드리길 21 (풍납동,지층)",작지만 큰 PC방,127.118223831326,37.5379766411933,PC방
2457,"서울특별시 송파구 동남로20길 21  (가락동,지층)",AGAIN,127.134593251787,37.4957212741239,PC방
2458,"서울특별시 송파구 송파대로27길 30, 지층 (문정동)",힘쎈수달PC방,127.11577628751,37.4909273152145,PC방
2459,"서울특별시 송파구 송파대로32길 6-7, 1층 (가락동)",메이드PC,127.117695691666,37.4950694187729,PC방
2460,"서울특별시 송파구 가락로28길 9, 지1층 (송파동, 명동빌딩)",핫플PC방,127.116954142891,37.5061910863799,PC방
2461,"서울특별시 송파구 위례광장로 199, 성희프라자 4층 407,408,409호 (장지동)",topstar PC 위례점,127.142760998646,37.4816895827721,PC방
2462,"서울특별시 송파구 오금로24길 13, 미성상가 1층 6호 (송파동)",올스타PC방,127.11796886887,37.5056896593404,PC방
2463,"서울특별시 송파구 성내천로32길 20-3, 지층 (마천동)",그린PC,127.151252266338,37.4979977837515,PC방
2464,"서울특별시 송파구 중대로9길 24, 301호 (가락동)",투카PC방,127.119140285549,37.4952639396378,PC방
2465,"서울특별시 송파구 마천로 144 (오금동,지층)",버팔로PC방,127.135301130663,37.504358765295,PC방
2466,"서울특별시 송파구 법원로11길 11, 문정현대지식산업센터1-1 A동 1층 117호 (문정동)",문정PC,127.118322322397,37.4846302643031,PC방
2467,"서울특별시 송파구 송파대로 396, 지하1층 (송파동)",Play# PC,127.109801165729,37.5028451320194,PC방
2468,"서울특별시 송파구 마천로7길 5, 지층 (오금동)",NU PC,127.127752514132,37.5085969359927,PC방
2469,서울특별시 송파구 마천로41길 20 (마천동),제노 PC cafe,127.149631601697,37.4969665742871,PC방
2470,"서울특별시 송파구 백제고분로21길 5, 2층 (삼전동)",힘쎈수달,127.089690068942,37.5044911308581,PC방
2471,"서울특별시 송파구 오금로46길 29, 시온빌딩 2층 (가락동)",샤먼 PC cafe,127.134432593103,37.4949192011388,PC방
2472,"서울특별시 송파구 마천로 335 (마천동,2층)",상상PC방,127.152163901234,37.493672415267,PC방
2473,"서울특별시 송파구 백제고분로19길 14 (잠실동,2층)",샹떼 PC방,127.087118886126,37.5060052118567,PC방
2474,"서울특별시 송파구 석촌호수로 144 (삼전동,지층)",피크PC방 삼전,127.092992583428,37.5069430948791,PC방
2475,"서울특별시 송파구 동남로18길 34 (가락동,2층)",올래PC방,127.133510399257,37.49345187684,PC방
2476,"서울특별시 송파구 오금로36길 39 (가락동,2층)",위즈PC존,127.123654767631,37.5004112523716,PC방
2477,"서울특별시 송파구 오금로19길 6, 강호빌딩 102호 (방이동)",대박PC방,127.113586150261,37.5102083475935,PC방
2478,"서울특별시 송파구 오금로 485  (거여동,2층)",아이팝,127.143012725972,37.4939943343576,PC방
2479,"서울특별시 송파구 백제고분로 207, 지하1층 (삼전동)",엔플PC방,127.089795706905,37.5041183948621,PC방
2480,"서울특별시 송파구 백제고분로7길 9, 지하1층층 (잠실동)",딘PC방,127.079865189251,37.5105682509183,PC방
2481,"서울특별시 송파구 문정로 9, 지층 (문정동)",비원PC,127.123810718767,37.4863680003765,PC방
2482,서울특별시 송파구 삼전로8길 9 (삼전동),로하스PC방(잠실정),127.090069671623,37.5051928150991,PC방
2483,"서울특별시 송파구 동남로18길 31-1 (가락동,2층)",아이비스PC방 가락동점,127.133689818035,37.4936839534089,PC방
2484,"서울특별시 송파구 중대로9길 44, 지층 (가락동)",이스포츠센터PC,127.118883305945,37.4968691608981,PC방
2485,"서울특별시 송파구 오금로17길 6 (방이동,지하)",월드PC방,127.11162553962,37.5112386226643,PC방
2486,"서울특별시 송파구 새말로 183, 금성빌딩 (문정동)",PDS PC,127.132518991882,37.4864537001564,PC방
2487,"서울특별시 송파구 백제고분로46길 43, 1층 (송파동)",봉봉PC게임,127.115624287487,37.5068260721295,PC방
2488,"서울특별시 송파구 바람드리길 41, 지층 (풍납동)",제노PC카페,127.120450241299,37.5374958702838,PC방
2489,서울특별시 송파구 백제고분로32길 5 (삼전동),아이닉스,127.095268788644,37.5018333027531,PC방
2490,"서울특별시 송파구 동남로4길 12  (문정동,2층)",이네이처,127.124095513204,37.4889495384625,PC방
2491,"서울특별시 송파구 삼전로6길 16 (삼전동,2층)",마우스2,127.088811432301,37.502684648388,PC방
2492,"서울특별시 송파구 오금로36길 60 (가락동,지하1층)",TEMA PC방,127.122055977325,37.4990699661926,PC방
2493,"서울특별시 송파구 삼전로9길 19, 지층 (잠실동)",망고피시방,127.087343203156,37.5065269983435,PC방
2494,"서울특별시 송파구 송파대로28길 12, 2층 (가락동, 밀리아나1차오피스텔)",룰루PC Zone,127.119449271668,37.4937301146394,PC방
2495,"서울특별시 송파구 가락로 173-1, 2층 (송파동)",몽키타운,127.114207097572,37.5043441013731,PC방
2496,"서울특별시 송파구 성내천로 124, 2층 (거여동)",이스포츠카페PC,127.142029936425,37.4990660209644,PC방
2497,"서울특별시 송파구 새말로 100, 2층 (문정동)",가자PC방,127.125045476866,37.4825278655442,PC방
2498,"서울특별시 송파구 성내천로 332, 1층 101호 (마천동)",산성바닐라PC방,127.156869077528,37.4913085978676,PC방
2499,"서울특별시 송파구 마천로 277, 1층 (마천동)",물라PC,127.147534389311,37.4974574670409,PC방
2500,"서울특별시 송파구 중대로9길 47, 101호 (가락동)",뉴가락PC,127.118977113347,37.4973347063923,PC방
2501,서울특별시 송파구 도곡로64길 24 (잠실동),웹씨티,127.080450404481,37.5046731204516,PC방
2502,"서울특별시 송파구 백제고분로45길 14, 지하1층 (송파동)",LEO PC방,127.11000582851,37.5096796932223,PC방
2503,"서울특별시 송파구 마천로 349  (마천동,2층)",디프,127.153106464318,37.4928064116194,PC방
2504,"서울특별시 송파구 오금로 477 (거여동,지층)",유니넷 PC방 거여동점,127.142349617166,37.4943492306914,PC방
2505,서울특별시 송파구 석촌호수로 140 (삼전동),리얼큐브,127.092502611525,37.5070165510727,PC방
2506,"서울특별시 송파구 송파대로 453, 지하1층 (석촌동, 레이크빌 빌딩)",라인업PC방,127.105303053837,37.5067695000894,PC방
2507,"서울특별시 송파구 올림픽로 289 (신천동,시그마타워 B101-3,4호)",젤존,127.102522142353,37.5146152773177,PC방
2508,"서울특별시 송파구 마천로 264, 지층 (거여동)",Raid PC,127.146149512256,37.4980805219712,PC방
2509,"서울특별시 송파구 중대로9길 42-25, 1층 (가락동)",PC게임,127.119610157667,37.4959821975548,PC방
2510,"서울특별시 송파구 거마로20길 18 (마천동,지층)",스피드,127.148371257876,37.4974748895631,PC방
2511,"서울특별시 송파구 석촌호수로 94, 지층 (잠실동, 서원빌딩)",조이PC방,127.087510540145,37.5081311134172,PC방
2512,"서울특별시 송파구 양재대로 1222, 지층 (방이동)",스카이넷PC방,127.131063164753,37.5157276361757,PC방
2513,"서울특별시 송파구 마천로41길 15, 지하1층 (마천동)",으리PC방,127.149373752739,37.4972995519266,PC방
2514,"서울특별시 송파구 백제고분로50길 16, 2층 (방이동)",캐리피씨,127.11656482329,37.5137340469481,PC방
2515,"서울특별시 송파구 송파대로30길 8, 지층 101호 (가락동)",골드PC방,127.118405222237,37.4942436581716,PC방
2516,"서울특별시 송파구 중대로9길 43 (가락동,2층)",넷존,127.118471249154,37.4969561615283,PC방
2517,"서울특별시 송파구 오금로46길 25, 2층 (가락동)",유니넷PC존,127.13480194333,37.4951846672063,PC방
2518,"서울특별시 송파구 백제고분로48길 18 (방이동,지층)",인터파이오니아,127.115126679684,37.5110443394104,PC방
2519,"서울특별시 송파구 위례성대로20길 27 (오금동,2층)",FUN,127.1273800302,37.5089743184115,PC방
2520,"서울특별시 송파구 올림픽로 104, 지층 (잠실동)",TgameLand 신천직영점,127.082263786514,37.5114667980986,PC방
2521,"서울특별시 송파구 마천로39길 16, 1층 (마천동)",레드PC,127.147912296379,37.4988206664976,PC방
2522,"서울특별시 송파구 백제고분로7길 8-8, 3층 (잠실동)",헤라PC방,127.079681659568,37.5100744442975,PC방
2523,"서울특별시 송파구 송파대로 447 (석촌동,지층)",제로렉,127.105682261718,37.5063572220761,PC방
2524,"서울특별시 송파구 중대로 60 (문정동,지층)",J-Top PC방,127.115559066882,37.491366498495,PC방
2525,"서울특별시 금천구 독산로 347, 지상2층 (독산동)",CASTLE PC,126.903501360033,37.4778152328687,PC방
2526,"서울특별시 송파구 토성로 59, 지하1층 (풍납동)",제로백PC방 송파풍납점,127.116768838909,37.5291725208297,PC방
2527,"서울특별시 송파구 백제고분로27길 30 (삼전동,2층)",패밀리,127.093759645449,37.5056909927988,PC방
2528,"서울특별시 송파구 가락로 68 (석촌동,지층)",인터칸,127.103924126009,37.4998230699273,PC방
2529,"서울특별시 송파구 오금로 527, 2층 (거여동)",3POP PC방,127.147334414767,37.493062789198,PC방
2530,"서울특별시 송파구 문정로13길 19, 1층 (가락동)",드레곤볼PC방,127.134795266065,37.4946783093136,PC방
2531,"서울특별시 송파구 백제고분로 128, 지층 (잠실동)",피에스타PC방,127.081001925378,37.5060910156297,PC방
2532,"서울특별시 송파구 삼학사로18길 16, 102호 (석촌동)",스타PC방,127.098972854805,37.504367668593,PC방
2533,"서울특별시 송파구 백제고분로48길 44, 지층 (방이동)",아이비,127.117662908316,37.5100660528881,PC방
2534,"서울특별시 송파구 오금로11길 21 (방이동,3층)",조이팝,127.109455511345,37.5150566743515,PC방
2535,"서울특별시 송파구 백제고분로48길 14 (방이동,지층)",룰루,127.114719523615,37.5112093489668,PC방
2536,서울특별시 송파구 가락로 260 (방이동),엔조이,127.118975805301,37.5110492648692,PC방
2537,"서울특별시 송파구 백제고분로31길 18, 지층 (삼전동)",SRR PC,127.095657721796,37.5041447879531,PC방
2538,"서울특별시 송파구 올림픽로 106, 상록빌딩 지하1층 (잠실동)",THE CAMP PC,127.082554280386,37.5113962270067,PC방
2539,"서울특별시 송파구 중대로9길 40, 201호 (가락동)",아지트PC,127.118608589528,37.4964905639557,PC방
2540,"서울특별시 송파구 삼학사로18길 13, 2층 (석촌동)",게임이너스 석촌점,127.098611498178,37.5045287101103,PC방
2541,"서울특별시 성동구 성덕정길 106, 국민은행 4층 (성수동2가)",솔라PC방,127.055104789531,37.5371594440377,PC방
2542,"서울특별시 송파구 새말로8길 6, 지층 (문정동)",DUMP PC,127.126350492288,37.4822158095347,PC방
2543,"서울특별시 송파구 송파대로28길 35,  302호 (가락동)",게임나라,127.121466959558,37.4954056412176,PC방
2544,"서울특별시 송파구 백제고분로45길 11, 2층 (송파동)",놀토게임PC,127.109998298112,37.5094038127388,PC방
2545,"서울특별시 송파구 거마로 49 (거여동,2층)",PC헤카,127.145982383873,37.4975066077838,PC방
2546,"서울특별시 송파구 위례성대로20길 23, 3층 (오금동)",어반노매드,127.127535037506,37.5092731944313,PC방
2547,서울특별시 송파구 올림픽로12길 5 (잠실동),스타,127.08309038088,37.5110669845906,PC방
2548,"서울특별시 송파구 오금로 20, 504호 (신천동,장미C상가)",우리,127.103811089444,37.5206867318088,PC방
2549,"서울특별시 송파구 바람드리길 50 (풍납동,2층)",피씨쿡,127.12107770865,37.5372604280479,PC방
2550,"서울특별시 송파구 송이로27길 5  (가락동,지층)",아이칸스,127.125633212445,37.4933504132781,PC방
2551,"서울특별시 송파구 백제고분로41길 22, 2층 (송파동)",클릭조이,127.107411606061,37.5078976415547,PC방
2552,"서울특별시 송파구 마천로 184 (오금동,지층)",수피아,127.139243754425,37.5028257190211,PC방
2553,서울특별시 송파구 송파대로30길 41-5 (가락동),황금PC,127.121262475596,37.4963658734224,PC방
2554,"서울특별시 동대문구 이문로 114, 한국외국어대학교 글로벌홀 지하1층 (이문동)",VRIZ PC CAFE,127.060682416152,37.5967350539561,PC방
2555,"서울특별시 동대문구 사가정로25길 50, 2층 (장안동)",해피PC 장안점,127.071105631227,37.5809919617201,PC방
2556,"서울특별시 동대문구 서울시립대로 147, 우성빌딩 2층 (전농동)",스토리피씨랩 서울시립대점,127.05314807526,37.5832465983676,PC방
2557,"서울특별시 동대문구 약령시로 113, 2층 (제기동)",FOX PC,127.042714806622,37.5832203812477,PC방
2558,"서울특별시 동대문구 답십리로63길 131, 3층 (장안동)",아레스PC,127.069336090359,37.5785099656673,PC방
2559,"서울특별시 동대문구 장한로21길 9, 2층 202호 (장안동)",세븐 PC,127.06947124402,37.5699615197474,PC방
2560,"서울특별시 동대문구 답십리로 267, 지하2층 (장안동)",N-top PC,127.070072727815,37.5727019911814,PC방
2561,"서울특별시 동대문구 전농로 94, 3층 (답십리동)",행운피씨방,127.057770923489,37.5731833863445,PC방
2562,"서울특별시 동대문구 휘경로 9, 3층 (이문동)",아이센스리그PC 외대점,127.061416705231,37.5961287575383,PC방
2563,"서울특별시 동대문구 한천로 184, 2층 (장안동)",전곡PC랜드,127.068209922307,37.5772990550675,PC방
2564,"서울특별시 동대문구 전농로 94, 1층 4호 (답십리동)",에스PC,127.057770923489,37.5731833863445,PC방
2565,"서울특별시 동대문구 왕산로 106, 지층 (용두동)",PC월드,127.035140711929,37.5779517051493,PC방
2566,"서울특별시 동대문구 약령시로 117, 1층 (제기동)",로또PC,127.042964559182,37.5832193896148,PC방
2567,"서울특별시 동대문구 고산자로 482, 1층 (제기동)",모두의게임 PC방,127.038824069558,37.5826101307154,PC방
2568,"서울특별시 동대문구 장한로21길 11-11, 황금오피스텔 101호 (장안동)",바닐라PC,127.069168834913,37.5694021792349,PC방
2569,"서울특별시 동대문구 왕산로35길 51, 1층 (제기동)",골프PC,127.042749992067,37.5819895213922,PC방
2570,"서울특별시 동대문구 천호대로 10, 지층 (신설동)",E-SPORTS ARENA,127.024462837927,37.5747206417233,PC방
2571,"서울특별시 동대문구 이문로 89, 지하1층 (이문동, 세진빌딩)",제너스PC 외대점,127.059005156761,37.5950014960546,PC방
2572,"서울특별시 동대문구 전농로 94, 2층 (답십리동)",세븐티PC방,127.057770923489,37.5731833863445,PC방
2573,"서울특별시 동대문구 서울시립대로 164, 도석프라자 5층 (전농동)",제닉스아레나PC방,127.054836496632,37.5833009668774,PC방
2574,"서울특별시 동대문구 천장산로7길 8, 지층 (이문동)",리얼PC,127.057384751368,37.5986382449798,PC방
2575,"서울특별시 동대문구 사가정로25길 34, 2층 (장안동)",수PC방,127.070855297485,37.580251945991,PC방
2576,"서울특별시 동대문구 천장산로7길 19, 지상2층 (이문동)",3POP PC방,127.056800748936,37.5983004756761,PC방
2577,"서울특별시 동대문구 전농로 209, 지하1층 (전농동)",리얼PC,127.05374161725,37.5828670114488,PC방
2578,"서울특별시 동대문구 장한로 105, 2층 (장안동, 장안NEWCITY)",I AM PC,127.069955043285,37.5700853011061,PC방
2579,"서울특별시 동대문구 전농로 116, 2층 (답십리동)",라이또PC방(답십리점),127.057828649691,37.5752252822718,PC방
2580,"서울특별시 동대문구 경희대로1길 10, 지하1층 (회기동)",EXIT PC CAFE,127.051674744477,37.5918420916189,PC방
2581,"서울특별시 동대문구 천호대로 307, 지하1층 (답십리동, 클래식타워)",명성PC,127.054762202414,37.5657983700541,PC방
2582,"서울특별시 동대문구 홍릉로 39-3, 1층 (청량리동)",황금PC,127.043712523291,37.5837149316125,PC방
2583,"서울특별시 동대문구 이문로 22, B1층 (휘경동)",레드포스PC 아레나(회기점),127.055622225035,37.5895567328256,PC방
2584,"서울특별시 동대문구 사가정로 109, B1층 (전농동)",3POP PC방,127.05690690955,37.5772564813608,PC방
2585,"서울특별시 동대문구 장한로 3, 지하1층 (장안동)",스페셜알파PC방,127.064573772246,37.5621355469546,PC방
2586,"서울특별시 동대문구 장한로21길 16, 2층 (장안동)",놀이터PC방,127.069311646966,37.5702147932163,PC방
2587,"서울특별시 동대문구 왕산로 266, 1층 (전농동)",바닐라PC,127.050607886698,37.5842880916168,PC방
2588,"서울특별시 동대문구 한천로24길 74-1, 진성빌딩 4층 (장안동)",아이센스리그PC방 장한평점,127.068801079207,37.5688010698052,PC방
2589,"서울특별시 동대문구 장한로23길 11-8, 1층 (장안동)",장안PC,127.069479588181,37.5706578940268,PC방
2590,"서울특별시 동대문구 망우로 120, 2층 (휘경동)",오성PC,127.066514951441,37.5911188235532,PC방
2591,"서울특별시 동대문구 서울시립대로 58, 욱영58 지1층 B101호 (전농동)",오엑스피씨 시립대로점,127.048084799363,37.5762940881291,PC방
2592,"서울특별시 동대문구 전농로 75, 3층 (답십리동)",볼트PC,127.057066968632,37.5716000499341,PC방
2593,"서울특별시 동대문구 전농로 222, 3층 (전농동)",RED FORCE PC ARENA(시립대점),127.053599055745,37.5839388978562,PC방
2594,"서울특별시 동대문구 한천로 55, 영진빌딩 지하1층 (답십리동)",세븐PC방,127.061880899304,37.5669101962131,PC방
2595,"서울특별시 동대문구 회기로28길 8, 지하1층 (휘경동)",제노PC방,127.055945297168,37.589460624459,PC방
2596,"서울특별시 동대문구 장한로 126, 지하1층 (장안동)",비원PC방,127.071605589345,37.5715487889832,PC방
2597,"서울특별시 동대문구 홍릉로 23, 3층 (청량리동)",엑스코어PC방,127.044175666746,37.5825251776862,PC방
2598,"서울특별시 동대문구 휘경로3길 4, 5층 (이문동)",해리PC방,127.062480944175,37.5957907777139,PC방
2599,"서울특별시 동대문구 망우로 66, 3층 (휘경동)",GGX PC방,127.060969116205,37.5895017444406,PC방
2600,"서울특별시 동대문구 서울시립대로4길 5, 지하1층 (전농동)",더체인지PC,127.047152135126,37.5749067526404,PC방
2601,"서울특별시 동대문구 사가정로23가길 11, 소망빌딩 지1층 (장안동)",제로백PC 장안점,127.070549201395,37.580639556591,PC방
2602,"서울특별시 동대문구 답십리로72길 40, 2층 (장안동)",아이센스PC방,127.073570628102,37.570438636009,PC방
2603,"서울특별시 동대문구 망우로 74, 지하1층 (휘경동)",3POP,127.061365936668,37.5895997469635,PC방
2604,"서울특별시 동대문구 경희대로1길 8-11, 지하1층 (회기동)",에이플 PC CAFE,127.051733055169,37.5921664231806,PC방
2605,"서울특별시 동대문구 이문로 93, 지하1층 (이문동, 민족통일MJ캠퍼스외대)",1% PC아레나,127.05923135853,37.5953818714405,PC방
2606,"서울특별시 동대문구 왕산로33길 74-1, 1층 (제기동)",잭팟PC,127.041819093686,37.5826974951196,PC방
2607,"서울특별시 동대문구 경희대로1길 8-6, 1,2층 (회기동)",GEEK STAR PC CAFE,127.051923309488,37.5918832479684,PC방
2608,"서울특별시 동대문구 장한로24길 7, 3층 2호 (장안동)",동해 PC,127.071502974477,37.5708963505639,PC방
2609,"서울특별시 동대문구 천호대로83길 93, 지하1층 (장안동)",스카이PC,127.066695140607,37.5661656046498,PC방
2610,"서울특별시 송파구 성내천로 314, 2층 (마천동)",프렌즈,127.155607287778,37.4928491855811,PC방
2611,서울특별시 송파구 가락로 239 (방이동),사이버굿,127.117680951717,37.5096718456107,PC방
2612,"서울특별시 송파구 천호대로152길 17 (풍납동,지층)",고스트캐슬,127.121602309454,37.5373651258061,PC방
2613,"서울특별시 송파구 가락로 171 (송파동,3층)",존앤존,127.113993867811,37.5042410521594,PC방
2614,"서울특별시 송파구 가락로28길 11 (송파동,지층)",피씨클럽거기,127.117128842613,37.5060943255808,PC방
2615,"서울특별시 송파구 백제고분로41길 24 (송파동,지층)",메가스테이션,127.107271771624,37.5080270627702,PC방
2616,"서울특별시 송파구 마천로 194  (오금동,2층)",강추,127.140155267419,37.5022689011655,PC방
2617,"서울특별시 송파구 올림픽로12길 29, 2층 (잠실동)",엔터PC,127.08352142288,37.508929858684,PC방
2618,"서울특별시 송파구 가락로 241 (방이동,2층)",기분 존,127.117762271053,37.5098142133215,PC방
2619,"서울특별시 송파구 백제고분로22길 4 (삼전동,2층)",조이웹플러스,127.089185240922,37.503569063928,PC방
2620,"서울특별시 송파구 오금로53길 47 (거여동,1층)",메카,127.144297873134,37.4982195708627,PC방
2621,"서울특별시 송파구 바람드리길 34 (풍납동,지층)",ZIA,127.119492682314,37.5375648685747,PC방
2622,"서울특별시 송파구 마천로 138, 2층 (오금동)",써플라이PC,127.134751696433,37.5045401348894,PC방
2623,"서울특별시 송파구 가락로 64, 2층 (석촌동)",VIBE PC,127.103444528105,37.4996691485766,PC방
2624,"서울특별시 송파구 백제고분로22길 10 (삼전동,지층)",몽키타운,127.088977862805,37.5030293379148,PC방
2625,"서울특별시 송파구 가락로 260 (방이동,지층)",톰과제리,127.118975805301,37.5110492648692,PC방
2626,"서울특별시 송파구 오금로 400  (가락동,2층)",메카클럽,127.134713236243,37.4978635493487,PC방
2627,"서울특별시 송파구 올림픽로10길 8, 보명장 지층 (잠실동)",고앤고 PC방 이스포츠,127.080874987447,37.5109801336915,PC방
2628,서울특별시 송파구 백제고분로9길 36 (잠실동),BoBo 9 PC방,127.082886358764,37.5096545333968,PC방
2629,"서울특별시 송파구 백제고분로41길 25, 지층 (송파동)",게임팩토리,127.106929511608,37.508017011539,PC방
2630,"서울특별시 송파구 백제고분로 258 (삼전동,지층)",PC공간,127.095067821599,37.5022777504616,PC방
2631,"서울특별시 송파구 삼전로7길 3 (잠실동,지층)",pc mong,127.088094450601,37.5051181697269,PC방
2632,"서울특별시 송파구 중대로9길 29, 1층 (가락동, 보광빌라)",승부PC,127.118513633851,37.4957256148739,PC방
2633,"서울특별시 송파구 새말로 62, 2층 (문정동, 송파 푸르지오시티)",유니넷PC방 문정점,127.120842269438,37.4807917612963,PC방
2634,"서울특별시 송파구 동남로 161, 지1층 (가락동, 현대빌리지)",앤탑PC방,127.128089095334,37.4927672575467,PC방
2635,"서울특별시 송파구 마천로61길 25, 2층 (마천동)",하늘다리,127.154932781914,37.4942767253669,PC방
2636,"서울특별시 송파구 송파대로30길 5-8, 지층 제2호 (가락동)",룰루PC존,127.117851909588,37.4947423779125,PC방
2637,"서울특별시 송파구 중대로9길 42-16 (가락동,1층)",한게임PC방,127.119083378421,37.4962442017309,PC방
2638,서울특별시 송파구 삼학사로11길 3 (삼전동),샤먼PC,127.096455421765,37.5013588613944,PC방
2639,"서울특별시 송파구 마천로41길 17, 지층 (마천동)",3 POP,127.149650425385,37.497275775621,PC방
2640,"서울특별시 송파구 바람드리길 42, 2층 (풍납동)",이네이처PC방,127.120315622171,37.5373000400387,PC방
2641,"서울특별시 송파구 마천로 250, 2층 (거여동)",Raid PC,127.144698156308,37.4989585365381,PC방
2642,"서울특별시 송파구 백제고분로19길 31, 지1층 (잠실동, 서경빌딩)",아이센스PC방 잠실본점,127.087470970303,37.5076600073971,PC방
2643,"서울특별시 송파구 삼전로4길 22, 2층 (삼전동)",아이센스PC방 삼전점,127.088619660701,37.5015661940567,PC방
2644,"서울특별시 송파구 백제고분로42길 26-1, 1층 (송파동)",딸기PC방,127.11092396566,37.5043767828743,PC방
2645,"서울특별시 송파구 송이로 102, 2층 (가락동)",시즌아이 PC방(가락점),127.121146035937,37.4971587881478,PC방
2646,"서울특별시 송파구 잠실로 15 (잠실동,101)",테바코,127.093448536452,37.5162342491269,PC방
2647,"서울특별시 송파구 백제고분로19길 5 (잠실동,1층)",잠실PC클럽,127.086461337655,37.5054229249496,PC방
2648,"서울특별시 송파구 마천로 254 (거여동,지층)",임요환의 드랍쉽,127.145199865991,37.4986931154138,PC방
2649,"서울특별시 송파구 충민로2길 28 (장지동,4층)",샹떼PC방,127.127416903996,37.4771576631775,PC방
2650,"서울특별시 송파구 올림픽로32길 53 (방이동,지층)",오렌지PC방,127.112100318854,37.5124962447277,PC방
2651,"서울특별시 송파구 백제고분로7길 7-5, 2층 (잠실동)",랭커PC방 잠실본점,127.079539895478,37.5106727166058,PC방
2652,"서울특별시 송파구 백제고분로7길 24, 2층 (잠실동)",탑플레이스PC방,127.081490412315,37.5104730760303,PC방
2653,"서울특별시 송파구 중대로9길 48, 1층 (가락동)",여우PC,127.119162146982,37.4970662002956,PC방
2654,"서울특별시 송파구 삼전로10길 55, 1층 (삼전동)",미녀PC,127.095428226404,37.5045702479935,PC방
2655,"서울특별시 송파구 올림픽로10길 9, 진영빌딩 3층 (잠실동)",캠프VR,127.081240468854,37.5108040969638,PC방
2656,"서울특별시 송파구 송파대로 391, 지하1층 (석촌동)",B-ONE PC,127.109419287195,37.5022521743632,PC방
2657,"서울특별시 송파구 문정로 261, 101호 (오금동, 광남캐스빌)",물라PC,127.142267032375,37.5015432300894,PC방
2658,"서울특별시 송파구 중대로9길 50, 유일빌딩 3층 301호 (가락동)",비엠에스라운지,127.119387448007,37.497159497251,PC방
2659,"서울특별시 송파구 오금로46길 36, 1층 (가락동)",물러 PC,127.133732491208,37.4947222248519,PC방
2660,"서울특별시 송파구 마천로 240, 석일빌딩 2층 (마천동)",툰게임PC방,127.144036671537,37.4995299516986,PC방
2661,"서울특별시 송파구 백제고분로18길 23, 지하1층 (잠실동)",넘버나인 PC(NO9.PC),127.084291787802,37.5030127723111,PC방
2662,"서울특별시 강동구 천호대로175길 42, 지하1층 101,102(일부)호 (길동, 강동 와이시티)",썬PC,127.137425545214,37.5365024541122,PC방
2663,"서울특별시 강동구 상일로 39, 3층 (상일동)",이스포츠PC CAFE2,127.172620191715,37.5505858004812,PC방
2664,서울특별시 강동구 양재대로 1464 (길동),포텐PC 길동점,127.139781554171,37.5365014909044,PC방
2665,"서울특별시 강동구 천호옛길 55, 1층 (성내동)",골드PC,127.123643420085,37.5341870710999,PC방
2666,"서울특별시 강동구 성안로 87, 1층 (성내동)",쓰리랑PC,127.132258102451,37.531369138776,PC방
2667,"서울특별시 강동구 천호대로170길 47, 1층 (성내동)",인디오PC방,127.132635269698,37.5332682051547,PC방
2668,"서울특별시 강동구 천호대로157길 14, 나비빌딩 7층 (천호동)",나비PC,127.127289366861,37.5382317510332,PC방
2669,"서울특별시 강동구 진황도로 147, 삼진빌딩 1층 (둔촌동)",어덜트피씨까페,127.141453683521,37.5328887419148,PC방
2670,"서울특별시 강동구 양재대로 1303, 평원빌딩 지층 (성내동)",아크PC아레나(ARKPCARENA),127.133949850418,37.5227713188467,PC방
2671,"서울특별시 강동구 양재대로 1371, 둔촌빌딩 지하층 (성내동)",레드포스PC아레나 둔촌점,127.136066310873,37.5287025352002,PC방
2672,"서울특별시 강동구 천호대로175길 42, 102호 (길동, 강동 와이시티)",라이브PC,127.137425545214,37.5365024541122,PC방
2673,"서울특별시 강동구 양재대로 1459, 대진빌딩 201호 (길동)",앤유 nu PC(길동점),127.139076929268,37.5361574200836,PC방
2674,"서울특별시 강동구 양재대로 1484-1, 지층 (길동)",미스테리PC,127.140459465668,37.5382235781836,PC방
2675,"서울특별시 강동구 천중로40길 78, 1층 107호 (길동)",은성PC,127.137353320911,37.5377154640378,PC방
2676,"서울특별시 강동구 구천면로 168, 영화빌딩 2층 (천호동)",골드 PC,127.123209925828,37.5415144544971,PC방
2677,"서울특별시 강동구 아리수로91길 24-5, 아르페온1 (강일동)",라이또 PC방 강일점(RAITTO),127.173216558742,37.5651481793183,PC방
2678,"서울특별시 강동구 양재대로 1576, 삼익빌딩 지하1층 (명일동)",쿡몬스터,127.143454293865,37.5461618332538,PC방
2679,"서울특별시 강동구 천호대로 1135, 209호 (길동)",타짜PC방,127.13778857408,37.534629212477,PC방
2680,"서울특별시 강동구 고덕로 391, 지층 (고덕동)",GEEK STAR PC CAFE,127.168978454847,37.5572260091644,PC방
2681,"서울특별시 강동구 천호대로176길 13, 영재1빌딩 1층 101호 (성내동)",스타PC,127.136307621333,37.5337371388776,PC방
2682,"서울특별시 강동구 상암로 42, 암사오피스텔 123호 (천호동)",대박 PC,127.127883987264,37.5495780175349,PC방
2683,"서울특별시 강동구 천호옛길 55, 1층 (성내동)",행복PC,127.123643420085,37.5341870710999,PC방
2684,"서울특별시 강동구 천호대로157길 6, 지층 (천호동)",레벨업PC방 천호점,127.127023590071,37.5380352588745,PC방
2685,"서울특별시 강동구 천호대로157길 18, 원방빌딩 301,302호 (천호동)",앤유PC 천호로데오점,127.127484882745,37.5384960736319,PC방
2686,"서울특별시 강동구 성내로 34, 2층 (성내동)",BLITZ PC,127.124000325503,37.5290968536225,PC방
2687,"서울특별시 강동구 고덕로83길 6, 쌍용상가 지층 (고덕동)",옥스피씨 상일동역점,127.168923741679,37.5574047550303,PC방
2688,"서울특별시 강동구 진황도로 36, 1층 12호 (천호동)",천호PC,127.131089712,37.5384645564276,PC방
2689,"서울특별시 강동구 구천면로 434, 2층 (명일동)",SS PC방 1호점,127.14658137515,37.5498803760623,PC방
2690,"서울특별시 강동구 천중로35길 67 (천호동,2층)",PC Class J&S PC방,127.138374977732,37.5441752463432,PC방
2691,서울특별시 강동구 천호대로170길 34 (성내동),아이비스 PC,127.132619944897,37.533878379811,PC방
2692,서울특별시 강동구 천호옛12길 52 (성내동),OK PC방,127.127391122726,37.5345950251986,PC방
2693,서울특별시 강동구 풍성로37가길 61 (성내동),유니넷(성내본점),127.129745335735,37.532612153454,PC방
2694,서울특별시 강동구 풍성로 196 (성내동),아잉,127.132988049315,37.5294505387599,PC방
2695,서울특별시 강동구 양재대로103길 37 (성내동),스타게이트PC방,127.135793984896,37.5332496587191,PC방
2696,서울특별시 강동구 올림픽로98길 37 (암사동),카시오페아 PC방,127.129871391192,37.5504972087947,PC방
2697,서울특별시 강동구 양재대로99길 7 (성내동),달빛 PC방,127.137007562497,37.531787645161,PC방
2698,"서울특별시 강동구 천호대로157길 37 (천호동,4층)",게임이너스 천호점,127.127266796306,37.5395978709474,PC방
2699,서울특별시 강동구 양재대로114길 19 (길동),ZIO,127.141308553969,37.537700616138,PC방
2700,"서울특별시 강동구 진황도로27길 9, 1층 (천호동)",PC 팝,127.131586990533,37.5388479192913,PC방
2701,서울특별시 강동구 올림픽로 715 (천호동),인토피아 PC방,127.125519124034,37.5452866674524,PC방
2702,"서울특별시 강동구 구천면로 323, 개나리프라자 2층 (암사동)",피에스타PC방(강동암사직영점),127.135241872797,37.5484151003879,PC방
2703,서울특별시 강동구 양재대로128길 41 (명일동),엠티PC방,127.145105986585,37.5445962224323,PC방
2704,"서울특별시 강동구 암사길 41, 2층 (암사동)",고스트 캐슬 PC방 암사점,127.133886998971,37.5519705401703,PC방
2705,서울특별시 강동구 상암로 47 (암사동),NIC PC방,127.128786968437,37.5497341701579,PC방
2706,"서울특별시 강동구 양재대로 1579, 지1층 (천호동)",비원(B1) PC방,127.142841394568,37.5465618086041,PC방
2707,서울특별시 강동구 구천면로34길 48 (천호동),Game-Zone PC방,127.133811919937,37.5423842739655,PC방
2708,서울특별시 강동구 성안로 88 (성내동),인터웹 PC방,127.132556149557,37.5312664509373,PC방
2709,서울특별시 강동구 구천면로 238 (천호동),가은PC방,127.130879328565,37.5416772129928,PC방
2710,"서울특별시 강동구 양재대로 1562  (길동,A동2층)",시즌아이PC존,127.142999883738,37.5448781012584,PC방
2711,서울특별시 강동구 상암로 62 (천호동),여우 PC방,127.129991413909,37.5489067252912,PC방
2712,"서울특별시 강동구 풍성로37가길 36  (성내동,지층)",익사이팅 PC방,127.128224156827,37.5328600583194,PC방
2713,서울특별시 강동구 양재대로87길 14 (성내동),수 PC방,127.134303904341,37.525660879973,PC방
2714,서울특별시 강동구 진황도로47길 74 (길동),스타캐슬 PC방,127.140940884103,37.5377905247848,PC방
2715,서울특별시 강동구 동남로71길 19 (명일동),스타존 PC방(고덕점),127.154720559859,37.551044532043,PC방
2716,서울특별시 강동구 구천면로 662 (상일동),PC겜방,127.171422355716,37.5507448596839,PC방
2717,"서울특별시 강동구 진황도로 32, 2층 (천호동)",황금PC,127.130562896655,37.5387240873469,PC방
2718,"서울특별시 강동구 구천면로 361, 창용빌딩 나동 2층 (암사동)",N-TOP PC방,127.138746210279,37.5505680236251,PC방
2719,"서울특별시 강동구 풍성로58길 20  (성내동,2층)",두리,127.135336928726,37.5281308771651,PC방
2720,"서울특별시 강동구 올림픽로 769 (암사동,지층)",콤마이스포츠카페,127.127179067345,37.5499665683994,PC방
2721,"서울특별시 강동구 천호대로199길 10, 204호 (길동, GS강동자이아파트상가)",쟈스민,127.148033137289,37.5371034846719,PC방
2722,"서울특별시 강동구 진황도로 100, 105호 (길동, 하이브)",길동 PC,127.137382093544,37.5353900400256,PC방
2723,서울특별시 강동구 고덕로83길 6 (고덕동),라네이즈 PC방,127.168923741679,37.5574047550303,PC방
2724,"서울특별시 강동구 진황도로 156, 2층 (둔촌동)",WA PC방,127.141458403887,37.5320933330706,PC방
2725,서울특별시 강동구 동남로71길 32 (명일동),인터크레이지PC방,127.154500056801,37.5520049235939,PC방
2726,서울특별시 강동구 명일로 200-33 (길동),아이비스PC 길동점,127.147509879628,37.5370665677501,PC방
2727,서울특별시 강동구 풍성로 193 (성내동),세븐PC,127.133357685276,37.5298471029709,PC방
2728,"서울특별시 강동구 천호대로170길 33, 2층 (성내동)",SELF PC CAFE,127.132941640149,37.5338988312204,PC방
2729,"서울특별시 강동구 올림픽로70길 51, 4층 (천호동)",더메이즈VR 천호점,127.126553393554,37.5393323021794,PC방
2730,"서울특별시 강동구 상암로 81-1, 1층 (암사동)",행운PC,127.132219273556,37.5482728322168,PC방
2731,"서울특별시 강동구 진황도로 147, 삼진빌딩 (둔촌동)",mendota pc cafe,127.141453683521,37.5328887419148,PC방
2732,"서울특별시 강동구 동남로73길 17, 우진빌딩 지하1층 1,2호 (명일동)",제로백PC 고덕역점,127.15507536373,37.5527505555431,PC방
2733,"서울특별시 강동구 양재대로136길 24  (명일동,2층)",늑대와여우PC라운지명일점,127.145053011834,37.5483832733263,PC방
2734,"서울특별시 강동구 고덕로 96, 진주빌딩 지층 (암사동)",제로백PC방 암사점,127.135832933352,37.554532736215,PC방
2735,"서울특별시 강동구 풍성로 147-12  (성내동,2층)",인토피아,127.12890556006,37.5315256554157,PC방
2736,서울특별시 강동구 구천면로29길 64 (천호동),늑대와여우 PC라운지 천호2호점,127.131048157449,37.5426500146444,PC방
2737,"서울특별시 강동구 성내로14길 37  (성내동,지층)",2안 PC방,127.126424403608,37.5262620760242,PC방
2738,서울특별시 강동구 성안로3길 13 (성내동),웹시티 PC방,127.12875745701,37.5257298567481,PC방
2739,"서울특별시 강동구 성안로 10  (성내동,3층)",마크원,127.129477360783,37.5247218399502,PC방
2740,서울특별시 강동구 천호옛길 94 (성내동),레인보우,127.126054014422,37.5369483405201,PC방
2741,서울특별시 강동구 천호대로 1196 (둔촌동),버즈넷 PC방,127.144298586046,37.5343661840804,PC방
2742,"서울특별시 강동구 천호대로 1034 (성내동,지하1층)",스마트PC방,127.12676817356,37.5372073343198,PC방
2743,"서울특별시 강동구 상암로 88  (천호동,1층)",럭키 PC방,127.132467669442,37.5478916117998,PC방
2744,서울특별시 강동구 구천면로34길 70 (천호동),팩토리 PC방,127.135132115178,37.5426533405726,PC방
2745,"서울특별시 강동구 양재대로 1549, 삼정빌딩 지하1층 (천호동)",Hype PC 굽은다리역점,127.142054351358,37.5440484317022,PC방
2746,"서울특별시 강동구 성안로 172, 지층 (길동, 한빛아파트)",앤유PC카페,127.136298611505,37.5382358420709,PC방
2747,서울특별시 강동구 양재대로116길 30 (길동),별,127.142070168416,37.5381912877155,PC방
2748,서울특별시 강동구 천호대로199길 19 (길동),블루포인트 PC방,127.147785337821,37.5374420303052,PC방
2749,서울특별시 강동구 올림픽로 688 (천호동),인터라켄 PC CAFE,127.125188441813,37.542694394336,PC방
2750,서울특별시 강동구 양재대로 1392 (둔촌동),크라우드PC,127.137658565242,37.5302538354278,PC방
2751,"서울특별시 강동구 양재대로114길 38, 2층 (길동)",스위티,127.142048034723,37.5373193268984,PC방
2752,"서울특별시 강동구 양재대로87길 11, 2층 (성내동)",Rose PC방,127.134331136971,37.5254541592414,PC방
2753,"서울특별시 강동구 양재대로112길 16, 1층 (길동)",한게임 PC,127.140593867789,37.5366477499805,PC방
2754,"서울특별시 강동구 구천면로 291, 대황빌딩 1층 (천호동)",오엑스 피씨(OX PC)천호동점,127.133552374339,37.5459525227775,PC방
2755,서울특별시 강동구 양재대로 1400 (둔촌동),아우토반 인터넷 PC방,127.13785884319,37.5309455704002,PC방
2756,서울특별시 강동구 상암로 27 (암사동),프리넷 PC방,127.126774152632,37.5506286065571,PC방
2757,"서울특별시 강동구 동남로75길 13-15, 성은빌딩 3층 (명일동)",스마트PC방,127.155504731039,37.5536236877644,PC방
2758,서울특별시 강동구 올림픽로 774 (암사동),콤마(COMMA)PC카페 암사역점,127.127855040205,37.5501877541705,PC방
2759,서울특별시 강동구 천호대로162길 34 (성내동),스타캐슬 성내점,127.127952286718,37.5355771394189,PC방
2760,"서울특별시 강동구 양재대로 1371  (성내동,지층)",UNINET,127.136066310873,37.5287025352002,PC방
2761,"서울특별시 강동구 구천면로 438 (명일동,2층)",SS PC방 2호점,127.146979064904,37.5496643630436,PC방
2762,"서울특별시 강동구 올림픽로98가길 72, 1층 (암사동)",놀 PC방,127.133428069413,37.5515710167382,PC방
2763,"서울특별시 강동구 상암로 42, 1층 129호 (천호동)",포바PC방,127.127883987264,37.5495780175349,PC방
2764,서울특별시 강동구 양재대로 1376 (둔촌동),인터넷 천국,127.137121186952,37.5288399792125,PC방
2765,"서울특별시 강동구 양재대로116길 16, 지하1층 (길동)",The Seven PC,127.141194244696,37.5384040731489,PC방
2766,"서울특별시 강동구 진황도로 15  (천호동,3층)",인터쿨 PC방,127.129312483825,37.5396986327999,PC방
2767,"서울특별시 강동구 고덕로83길 28  (고덕동,1층2호)",체리 PC방,127.169009316732,37.5582627414073,PC방
2768,"서울특별시 강동구 풍성로39길 38, 지층 (성내동)",소울,127.127525449568,37.5330165077647,PC방
2769,"서울특별시 강동구 양재대로128길 25  (명일동,지층)",쟈스민,127.144240238074,37.5447800056278,PC방
2770,서울특별시 강동구 올림픽로 667 (천호동),갤럭시PC존,127.123951125424,37.5411360700303,PC방
2771,서울특별시 강동구 양재대로103길 19 (성내동),성내 PC방,127.136733587947,37.5329275481301,PC방
2772,서울특별시 강동구 천호대로 1196 (둔촌동),이네이처PC방,127.144298586046,37.5343661840804,PC방
2773,"서울특별시 강동구 천호대로170길 56, 1층 (성내동)",청개구리PC,127.132292738993,37.5330439699506,PC방
2774,서울특별시 강동구 양재대로128길 20 (길동),아이비스PC방 굽은다리점,127.143857591075,37.5446884804623,PC방
2775,서울특별시 강동구 아리수로93길 33 (강일동),비타민PC방 강일점,127.173539404835,37.5658948102878,PC방
2776,서울특별시 강동구 천중로 208 (길동),7번가 PC방,127.143227263627,37.5406438518667,PC방
2777,서울특별시 강동구 상암로 423 (상일동),에코스 PC방,127.169701024925,37.5457705050372,PC방
2778,"서울특별시 강동구 상암로 93, 동진빌딩 지하1층 (암사동)",엔젤PC방,127.133404605734,37.5477400001926,PC방
2779,"서울특별시 강동구 풍성로37가길 17, 102호 (성내동)",신게임,127.12731141569,37.5332979409416,PC방
2780,서울특별시 강동구 구천면로41길 13 (천호동),인테크 PC방,127.133183294497,37.5464228103138,PC방
2781,서울특별시 강동구 올림픽로 801 (암사동),해피데이 PC방,127.128170596073,37.5526626328776,PC방
2782,서울특별시 강동구 암사길 68 (암사동),아이라면 PC방,127.136993482485,37.5519203952787,PC방
2783,서울특별시 강동구 구천면로 236 (천호동),풀 PC방,127.130577994613,37.5414125627311,PC방
2784,서울특별시 강동구 양재대로89길 36 (성내동),론똔 PC방,127.133562201687,37.5269744802108,PC방
2785,서울특별시 강동구 상일로15길 34 (고덕동),WOW PC방,127.16930066098,37.558223941567,PC방
2786,"서울특별시 강동구 양재대로 1365, 심포니타워 (성내동)",아레나PC,127.135874866354,37.5280657478158,PC방
2787,"서울특별시 강동구 양재대로124길 77, 2층 (길동)",패밀리PC존,127.146443668974,37.5423104492198,PC방
2788,"서울특별시 강동구 동남로71길 38, 지층 101호 (명일동, 동양타워)",독스PC,127.154068058218,37.5520423388557,PC방
2789,서울특별시 강동구 진황도로27길 15 (천호동),아이템 벨리,127.131757661029,37.539193893014,PC방
2790,서울특별시 강동구 구천면로34길 10 (천호동),네이쳐 PC방,127.13182324617,37.5423197466954,PC방
2791,서울특별시 강동구 천호대로 1092 (성내동),지투존PC방(강동역점),127.132663780085,37.5352477607977,PC방
2792,서울특별시 강동구 성내로10길 12 (성내동),엔씨,127.124537634413,37.5284392781969,PC방
2793,서울특별시 강동구 올림픽로 778 (암사동),카이젠 암사점 PC방,127.127916738477,37.5503999624409,PC방
2794,"서울특별시 강동구 풍성로 213  (성내동,2층)",아이비스 둔촌역점,127.135556215963,37.5292143497768,PC방
2795,"서울특별시 강동구 양재대로103길 44  (성내동,1층)",게임왕 PC방,127.135475734105,37.5335686179609,PC방
2796,"서울특별시 강동구 상암로 62-1, 크리스탈빌딩 103호 (천호동)",싹쓰리PC,127.130092937199,37.5488506615037,PC방
2797,"서울특별시 강동구 양재대로89길 17, 지하1층호 (성내동)",제로백피씨 둔촌동역점(ZERO100 PC),127.134379483293,37.5265490012703,PC방
2798,"서울특별시 강동구 천중로42길 70, 1층 102호 (길동, 길동청광플러스원큐브1차)",나이스PC,127.138275222668,37.5379520718765,PC방
2799,"서울특별시 강동구 진황도로 5, 103호 (천호동)",MAX PC,127.128501648287,37.540222367879,PC방
2800,"서울특별시 강동구 양재대로111길 15, 탑스위트 1층 124호 (길동)",보석PC,127.138561502491,37.5369836121307,PC방
2801,"서울특별시 강동구 천호대로 1196, 도성빌딩 지층 (둔촌동)",라이또PC 둔촌점,127.144298586046,37.5343661840804,PC방
2802,"서울특별시 강동구 아리수로93길 33, 베스트프라자 501호 (강일동)",PC&,127.173539404835,37.5658948102878,PC방
2803,"서울특별시 강동구 상일로 39, 2층 (상일동)",e-SPORTS PC,127.172620191715,37.5505858004812,PC방
2804,"서울특별시 강동구 천호대로 1178, 알레소빌딩 3층 (둔촌동)",에코스 PC방,127.142325672312,37.5336759794198,PC방
2805,"서울특별시 강동구 양재대로 1481, 길빌딩 지층 (길동)",이츠PC방,127.139901172837,37.538271092885,PC방
2806,"서울특별시 강동구 진황도로 152, 201호 (둔촌동)",고래바다PC,127.141282668081,37.5324959302494,PC방
2807,"서울특별시 강동구 구천면로 192, 천호역 한강 푸르지오시티 102호 (천호동)",나이스PC 게임장,127.125817158927,37.5403575252794,PC방
2808,"서울특별시 강동구 상암로12길 4, 2층 (천호동)",스마일PC,127.128266262401,37.5494493007863,PC방
2809,"서울특별시 강동구 구천면로 347, 2층 (암사동)",럭키 PC,127.137298433781,37.5500498402417,PC방
2810,"서울특별시 강동구 상암로 195, 에이플러스 1층 103호 (명일동)",모아게임,127.144190381388,37.5466249508301,PC방
2811,"서울특별시 강동구 진황도로 99, 1층 115호 (길동, 강동한신휴플러스주상복합)",놀러와PC,127.137473996228,37.5360846941657,PC방
2812,"서울특별시 강동구 올림픽로 796, 2층 (암사동)",COMON PC PLEX (커먼피씨플렉스),127.128534669022,37.5520742461293,PC방
2813,"서울특별시 강동구 아리수로91길 32-6, 지하1층 (강일동, 유러피안하우스2)",유니넷PC 강일본점,127.173066682613,37.5653372476859,PC방
2814,"서울특별시 강동구 상일로 33, 4층 (상일동)",랩터PC CAFE,127.172712722739,37.5501767024713,PC방
2815,"서울특별시 강동구 구천면로42길 83  (천호동,지층)",누나랑 PC할래,127.137224986244,37.5439366523799,PC방
2816,"서울특별시 강동구 상암로 195, 에이플러스 401호 (명일동)",7PC,127.144190381388,37.5466249508301,PC방
2817,"서울특별시 강동구 구천면로17길 32, 1층 (천호동)",스타PC방,127.123851338427,37.5429907012707,PC방
2818,"서울특별시 강동구 암사길 40, 2층 (암사동)",하루애 PC방,127.133757333524,37.5517312920762,PC방
2819,"서울특별시 강동구 천호대로 1057  (천호동,1층(103,104,105호))",트레벨 PC 하우스,127.129503776794,37.5372532002413,PC방
2820,서울특별시 강동구 진황도로 26 (천호동),오렌지존 PC방,127.130054709077,37.5389617011046,PC방
2821,서울특별시 강동구 풍성로57길 3 (성내동),무대뽀 PC방,127.135809705245,37.529315331061,PC방
2822,"서울특별시 강동구 구천면로42길 97  (천호동,지층)",프로게이머 PC방,127.13748197924,37.5433291703749,PC방
2823,서울특별시 강동구 천호옛14길 28 (성내동),블루스카이,127.126959027511,37.5359258172496,PC방
2824,서울특별시 강동구 구천면로 250 (천호동),아이클랜 PC방,127.131456746578,37.542515581948,PC방
2825,서울특별시 강동구 풍성로45길 28 (성내동),OUR BASE,127.13049828855,37.5318411485316,PC방
2826,서울특별시 강동구 올림픽로98길 21 (암사동),디저트 피앤씨,127.129341077489,37.5512721984493,PC방
2827,"서울특별시 강동구 양재대로124길 25, 1층 (길동)",놀토PC방,127.143545009244,37.5430139944025,PC방
2828,"서울특별시 강동구 천중로40길 78, 109호 (길동)",비바PC,127.137353320911,37.5377154640378,PC방
2829,"서울특별시 강동구 천호대로170길 53, 1층 (성내동)",대박 PC,127.132502945682,37.5329764295547,PC방
2830,서울특별시 강동구 상암로 28 (암사동),PCon (피씨온),127.126744210638,37.5503222093375,PC방
2831,"서울특별시 강동구 천호대로 1132, 106호 (성내동)",성내PC,127.136981871571,37.5340717110259,PC방
2832,"서울특별시 강동구 양재대로111길 10, 2층 (길동)",최PC,127.139111133009,37.537211279292,PC방
2833,"서울특별시 강동구 진황도로 87, 1층 102호 (길동, 청광플러스원큐브3차)",따봉PC,127.136442751206,37.5363674526244,PC방
2834,"서울특별시 강동구 명일로 167, 102호 (둔촌동)",윈PC,127.144558916412,37.5338931109162,PC방
2835,"서울특별시 강동구 구천면로 353, 1층 (암사동)",꾸러기 PC,127.137845483212,37.550362119404,PC방
2836,"서울특별시 강동구 상암로 41, 1층 114,115호 (암사동, 암사동양덱스빌)",물라PC,127.128189760726,37.5501745970905,PC방
2837,"서울특별시 양천구 중앙로 251, 4층 401호 (신정동)",대성PC,126.853223171816,37.518714899828,PC방
2838,"서울특별시 광진구 면목로 104, 1층 (중곡동)",따따블 PC,127.07974369209,37.5628242773194,PC방
2839,서울특별시 광진구 면목로 173 (중곡동),놀이터 PC,127.082600970933,37.5686097694919,PC방
2840,"서울특별시 노원구 동일로217가길 17, 승경빌딩 지층 (상계동)",쇼타임PC 노원역점,127.05936970723,37.6533222020818,PC방
2841,"서울특별시 관악구 신림로66길 20, 2층 (신림동)",해피PC,126.930756026865,37.4854174183208,PC방
2842,서울특별시 광진구 면목로 165 (중곡동),레고 PC,127.082256268911,37.5679661588224,PC방
2843,"서울특별시 동작구 동작대로27길 5, 지안플라자 4층 (사당동)",옵티멈존피씨카페이수역점,126.981491819978,37.48735441607,PC방
2844,서울특별시 영등포구 영신로 32-2 (영등포동),팡팡PC,126.908238980528,37.5144126619349,PC방
2845,서울특별시 영등포구 대림로27가길 10 (대림동),돈통PC,126.898866167409,37.4959353978947,PC방
2846,"서울특별시 구로구 디지털로32길 79, 조영빌딩 지층 (구로동)",헤라PC CAFE,126.899752015371,37.4835332463617,PC방
2847,"서울특별시 양천구 오목로 172, 지하1층 103호,104호 (신정동, 뉴타운아파트)",nu PC CAFE,126.856585484969,37.5249200868153,PC방
2848,"서울특별시 중랑구 신내로14길 21, 107호 (신내동, 동성7차아파트)",서킷스토리 아카데미 PSR 신내,127.097147956287,37.6061237684817,PC방
2849,"서울특별시 영등포구 양평로 64, 한경빌딩 지하1층 (당산동6가)",제우스 PC방 당산점,126.899965832636,37.5351397125293,PC방
2850,"서울특별시 서초구 신반포로 219, 반포쇼핑타운 (잠원동)",PC CAFE 로가,127.008065342049,37.5075121874388,PC방
2851,"서울특별시 동대문구 망우로16길 20, 지하1층 (휘경동)",늑대와여우,127.060971952229,37.5893695674034,PC방
2852,"서울특별시 관악구 신림로64길 32, 1층 (신림동)",무등산PC,126.931500008304,37.4850497000506,PC방
2853,"서울특별시 관악구 청룡길 9, 2층 (봉천동)",브라보PC,126.946522694417,37.4815170316646,PC방
2854,"서울특별시 도봉구 덕릉로 226, 2층 (창동)",SK PC방,127.037732453196,37.6379769919489,PC방
2855,"서울특별시 양천구 월정로 220, 1층 (신월동)",세븐PC,126.833627948763,37.5379971004507,PC방
2856,"서울특별시 강동구 상암로 84, 성진빌딩 102호 (천호동)",자유인 PC,127.132133391881,37.5480212795705,PC방
2857,"서울특별시 양천구 곰달래로5길 62, 1층 (신월동)",스타PC,126.831836340906,37.5348912500382,PC방
2858,"서울특별시 강북구 도봉로95길 19, 1층 (수유동)",쉼터PC,127.027613003151,37.6414115550023,PC방
2859,"서울특별시 은평구 진흥로 166, 1층 (녹번동)",로얄PC,126.927858880966,37.6086089735349,PC방
2860,"서울특별시 중랑구 겸재로 100, 1층 (면목동)",ACE PC,127.078897719973,37.5862932296203,PC방
2861,"서울특별시 구로구 개봉로6길 5-6, 1층 (개봉동)",럭키PC,126.856890098175,37.4870807011219,PC방
2862,"서울특별시 강서구 강서로5나길 83, 202호 (화곡동, 궁전아파트)",명당PC,126.843630611134,37.528175721234,PC방
2863,서울특별시 양천구 월정로 107 (신월동),88PC,126.83890637207,37.5288403470745,PC방
2864,"서울특별시 성북구 화랑로23길 29, 1층 (상월곡동)",삼거리PC (성인PC방),127.05031739033,37.6090351117513,PC방
2865,"서울특별시 용산구 청파로47나길 13, 지하1층 (청파동2가)",피씨나인,126.96681153698,37.5455760371033,PC방
2866,"서울특별시 강남구 테헤란로 107, 메디타워 지하1층 (역삼동)",3 POP PC CAFE,127.028754000454,37.4986813605293,PC방
2867,"서울특별시 동대문구 회기로 153  (회기동,3층)",하이웨이네트,127.053483705277,37.5912417657061,PC방
2868,"서울특별시 동대문구 한천로36길 16  (장안동,2층)",넷플러스,127.06876311047,37.5756426165824,PC방
2869,"서울특별시 동대문구 이문로 100  (이문동,3층)",인터넷뱅크,127.059962082851,37.5956972999549,PC방
2870,서울특별시 중랑구 겸재로50길 52  (면목동),애플인터넷,127.093245316201,37.5888481633964,PC방
2871,서울특별시 중랑구 면목로 336  (면목동),인터월드,127.088907165024,37.5820122547194,PC방
2872,서울특별시 중랑구 면목로 485  (상봉동),인터피아,127.085606482423,37.595210898234,PC방
2873,서울특별시 중랑구 망우로32길 20  (상봉동),비트라인,127.076476348168,37.592995952764,PC방
2874,"서울특별시 중랑구 용마산로115길 106  (망우동,3층)",좋은친구들,127.094436879226,37.5981631078557,PC방
2875,서울특별시 중랑구 용마산로90길 19  (면목동),레드존,127.097248574928,37.587631566731,PC방
2876,서울특별시 중랑구 동일로129길 42  (중화동),ACRO PC방,127.077503449289,37.599755419554,PC방
2877,서울특별시 중랑구 용마산로 408  (면목동),클릭P.C,127.096233290507,37.5877899824019,PC방
2878,서울특별시 중랑구 사가정로 415  (면목동),스피드,127.090876084176,37.5806338572619,PC방
2879,서울특별시 중랑구 면목로 318  (면목동),스페이스PC방,127.088455941098,37.5802323207696,PC방
2880,서울특별시 중랑구 면목로44길 37  (면목동),넷플레어,127.090647821196,37.5810770512549,PC방
2881,서울특별시 중랑구 면목로74길 16  (면목동),인터넷챔피언,127.088238962743,37.5890964512964,PC방
2882,서울특별시 중랑구 답십리로77길 110  (면목동),파이날라운드,127.081372479368,37.5765119865545,PC방
2883,서울특별시 중랑구 동일로143길 22  (묵동),피터팬PC방,127.077402354981,37.6053582035088,PC방
2884,서울특별시 중랑구 동일로 775  (중화동),인터넷프라자,127.079466740593,37.599688702066,PC방
2885,서울특별시 중랑구 용마산로 394  (면목동),미르인터넷게임방,127.095551256708,37.5866519523067,PC방
2886,"서울특별시 중랑구 공릉로2길 14  (묵동,2층)",blue-net,127.078717550641,37.6119476197328,PC방
2887,서울특별시 중랑구 사가정로42길 37  (면목동),사이버존PC방,127.083349048484,37.5793613524266,PC방
2888,"서울특별시 중랑구 망우로 478  (망우동,창신빌딩)",엘리테커PC월드,127.105263041953,37.600365610451,PC방
2889,서울특별시 중랑구 동일로 865  (묵동),챔프인터넷프라자,127.078008121717,37.607525495606,PC방
2890,서울특별시 중랑구 봉우재로33길 65  (상봉동),사이버존,127.088876000881,37.5952225370413,PC방
2891,서울특별시 중랑구 사가정로 399  (면목동),클릭PC존,127.089210569993,37.5807727094014,PC방
2892,"서울특별시 중랑구 상봉로 36  (면목동,2층)",리얼클릭PC방,127.094092094075,37.5890093997288,PC방
2893,서울특별시 중랑구 면목로 311  (면목동),롤클럽,127.087812647104,37.5799175433987,PC방
2894,서울특별시 중랑구 면목로 345  (면목동),홍당무PC방,127.088397264563,37.5827894740353,PC방
2895,서울특별시 중랑구 면목로55길 13-4  (면목동),세종대왕PC방,127.087439326662,37.5840236470555,PC방
2896,서울특별시 중랑구 봉우재로33길 20  (상봉동),클릭,127.087529441688,37.5933976841894,PC방
2897,서울특별시 중랑구 용마산로 363  (면목동),엠파이어PC방,127.093739007241,37.5844520098638,PC방
2898,서울특별시 중랑구 중랑역로13길 2  (중화동),스피드,127.07535510578,37.5968892270727,PC방
2899,서울특별시 중랑구 봉우재로 126  (면목동),토마토인터넷,127.08717065734,37.5926587761808,PC방
2900,서울특별시 중랑구 용마산로115길 15  (망우동),PC ＆ 인터넷천국,127.099478231888,37.5988417371883,PC방
2901,서울특별시 중랑구 봉화산로 236  (신내동),21C PC방,127.098886474208,37.6078470886249,PC방
2902,서울특별시 중랑구 망우로 490  (망우동),싸이버넷트,127.106416819401,37.6003387173582,PC방
2903,서울특별시 중랑구 용마산로 494  (망우동),PC방 컴맹이,127.100268095195,37.5949757275537,PC방
2904,"서울특별시 중랑구 봉우재로25길 9  (상봉동,지층)",헤커PC방,127.0837218502,37.5926066727534,PC방
2905,"서울특별시 중랑구 공릉로 6  (묵동,지층)",인터넷 토탈마켓 러쉬,127.077999134999,37.6113915559544,PC방
2906,서울특별시 중랑구 중랑역로 133  (묵동),911 경비구역,127.07683547156,37.6053976768942,PC방
2907,서울특별시 중랑구 공릉로12가길 11  (묵동),붐붐인터넷,127.080239345924,37.6167364293941,PC방
2908,서울특별시 중랑구 중랑역로 73-1  (중화동),인터플러스중화점,127.077850189065,37.6000791875796,PC방
2909,"서울특별시 중랑구 중랑천로10길 4  (면목동,B1)",윈PC방,127.073376684853,37.5915095720344,PC방
2910,서울특별시 중랑구 용마산로90길 7  (면목동),캐릭터PC,127.096507550114,37.5879049954081,PC방
2911,서울특별시 중랑구 신내로 9  (신내동),네티즌PC방,127.096808256823,37.5999581223455,PC방
2912,서울특별시 중랑구 면목로 463  (상봉동),파워인터넷PC방,127.086145042788,37.5931669676714,PC방
2913,서울특별시 중랑구 봉우재로33길 62  (상봉동),가메조네,127.08899304315,37.5949026870373,PC방
2914,"서울특별시 중랑구 면목로27나길 61  (면목동,2층)",리버PC 면목점,127.082371859715,37.5776468163018,PC방
2915,"서울특별시 중랑구 사가정로 363-1  (면목동,2층)",K2 PC방,127.085023465814,37.5811961129344,PC방
2916,"서울특별시 중랑구 용마산로90길 9  (면목동,4층)",사이버 클럽,127.096648439327,37.5878487483093,PC방
2917,"서울특별시 중랑구 공릉로2길 7  (묵동,지층)",왓츠업(WHATS UP),127.07826300452,37.612235427568,PC방
2918,"서울특별시 중랑구 면목로33길 38  (면목동,지층)",카프리 인터넷PC방,127.083699948441,37.5766875848208,PC방
2919,서울특별시 중랑구 망우로 417  (망우동),인터파크,127.098539361648,37.5996961232742,PC방
2920,"서울특별시 중랑구 봉우재로71길 18  (망우동,용마프라자 401호)",용마 멀티프라자,127.098764864011,37.596385964949,PC방
2921,"서울특별시 중랑구 겸재로9길 12  (면목동,1층)",인터넷마을,127.078482757631,37.5869297872684,PC방
2922,서울특별시 중랑구 공릉로 56  (묵동),인터피아,127.079115502481,37.6155448205089,PC방
2923,서울특별시 중랑구 봉화산로 38  (중화동),사이버월드,127.078469463393,37.6014426067845,PC방
2924,서울특별시 중랑구 중랑역로 68  (중화동),인터넷타임,127.078368464938,37.5995129323587,PC방
2925,서울특별시 중랑구 용마산로 517  (망우동),용비어천가PC방,127.100019643408,37.597161652605,PC방
2926,서울특별시 중랑구 동일로 771  (중화동),버츄얼시티 PC방,127.079614856607,37.5992614425624,PC방
2927,서울특별시 중랑구 봉우재로33길 41  (상봉동),매직 스페이스,127.087820271803,37.5944067588229,PC방
2928,서울특별시 중랑구 면목로 319  (면목동),컴앤넷,127.088210625453,37.5804345971945,PC방
2929,서울특별시 중랑구 동일로109길 55  (면목동),인터넷시이버짱,127.077149931851,37.591328769646,PC방
2930,서울특별시 중랑구 답십리로77길 12  (면목동),클릭정보센터면목점,127.081658405492,37.5721300725641,PC방
2931,서울특별시 중랑구 동일로118길 44  (상봉동),스피드게임,127.082848657805,37.5948844549129,PC방
2932,"서울특별시 중랑구 용마산로94길 24  (면목동,지층)",아이넷피시방,127.098099731803,37.5888040444738,PC방
2933,서울특별시 중랑구 공릉로 22  (묵동),드림인터넷PC방,127.078065374442,37.6126759617469,PC방
2934,"서울특별시 중랑구 면목로 338  (면목동,3층)",씨앤아이,127.088823247194,37.5821804432414,PC방
2935,"서울특별시 중랑구 망우로 206  (상봉동,3층)",야우리PC,127.075795873069,37.5935918570841,PC방
2936,"서울특별시 중랑구 면목로56길 55  (면목동,지층)",스페이스,127.091518604391,37.5840003726009,PC방
2937,"서울특별시 중랑구 망우로42길 29  (상봉동,2층)",월드컵PC방,127.083354374527,37.5942915168016,PC방
2938,"서울특별시 중랑구 동일로 929  (묵동,2층)",와! PC방,127.076760276991,37.6133347197629,PC방
2939,서울특별시 중랑구 면목로 245  (면목동),클릭 클릭,127.085068076458,37.5749314700134,PC방
2940,서울특별시 중랑구 중랑역로 73  (중화동),T-ONE ZONE,127.07786682288,37.5999584438647,PC방
2941,"서울특별시 중랑구 겸재로 96  (면목동,지하)",에니넷,127.07847879107,37.5861712441786,PC방
2942,서울특별시 중랑구 상봉로 83  (면목동),디지탈필,127.093032388887,37.5933429294234,PC방
2943,서울특별시 중랑구 면목로21길 36  (면목동),컴마을인터넷PC방,127.081873103029,37.5726104243987,PC방
2944,"서울특별시 중랑구 신내로 51,  206호 (신내동,성원아파트상가)",클릭,127.09472455776,37.6059761741832,PC방
2945,서울특별시 중랑구 중랑역로 231  (묵동),인터넷클릭I,127.075187440085,37.6141406754902,PC방
2946,서울특별시 중랑구 동일로157길 14  (묵동),0828PC방,127.077055231762,37.6099541976253,PC방
2947,서울특별시 중랑구 용마산로 558  (망우동),프로게이머,127.100710207035,37.6007255645145,PC방
2948,서울특별시 중랑구 망우로 188  (상봉동),HI-SPEED,127.073638159759,37.5930355992376,PC방
2949,"서울특별시 중랑구 용마산로 414  (면목동,2층)",사이버리아피씨방,127.09650367473,37.5884111760563,PC방
2950,서울특별시 중랑구 봉우재로 178  (면목동),LOGIN PC방,127.092675019508,37.5938800212972,PC방
2951,서울특별시 중랑구 동일로109길 46  (면목동),엔월드넷,127.077585187434,37.591664193937,PC방
2952,서울특별시 중랑구 상봉로 52  (망우동),리버,127.093804844085,37.5905427564839,PC방
2953,서울특별시 중랑구 망우로 306  (상봉동),인터넷짱,127.086437373346,37.5963712198374,PC방
2954,서울특별시 중랑구 봉우재로 167  (상봉동),라이프인터넷PC방,127.091560641016,37.594009912996,PC방
2955,서울특별시 중랑구 망우로 210  (상봉동),인터넷챔피언,127.07599534973,37.5936673220132,PC방
2956,서울특별시 중랑구 동일로163길 23  (묵동),인터넷사랑,127.076014457189,37.6117807267215,PC방
2957,서울특별시 중랑구 면목로 419  (면목동),주기네PC게임방,127.086982040873,37.5893716462554,PC방
2958,서울특별시 중랑구 봉우재로 180  (면목동),스피드PC프라자,127.092855541014,37.593904566584,PC방
2959,서울특별시 중랑구 면목로 365  (면목동),편안한인터넷PC방,127.088187445515,37.5847776721023,PC방
2960,서울특별시 중랑구 겸재로54길 26  (면목동),P AND I,127.091705045221,37.588039287941,PC방
2961,서울특별시 중랑구 중랑역로 5  (중화동),E.U.NET,127.076707183121,37.5946103798631,PC방
2962,서울특별시 중랑구 망우로 216  (상봉동),@CLICK,127.076779236368,37.5938752140491,PC방
2963,서울특별시 중랑구 동일로 802  (중화동),인터넷게이트,127.079714349109,37.6020848093367,PC방
2964,서울특별시 중랑구 동일로 905  (묵동),싸이버월드,127.0772952912,37.6111164065523,PC방
2965,서울특별시 중랑구 용마산로 438  (면목동),인터넷프라자,127.097568272006,37.5902883288454,PC방
2966,서울특별시 중랑구 공릉로12가길 29  (묵동),화랑인터넷,127.081018296555,37.6172761295706,PC방
2967,서울특별시 중랑구 용마산로86길 21-54  (면목동),인터넷매니아,127.097332072062,37.5873240793004,PC방
2968,서울특별시 중랑구 용마산로 248  (면목동),인터텟스쿨,127.08848531425,37.5752055633554,PC방
2969,서울특별시 중랑구 면목로 258  (면목동),짱게임방,127.085947592589,37.5757573150628,PC방
2970,서울특별시 중랑구 망우로 431  (망우동),인터넷래리,127.100046488756,37.6000432683678,PC방
2971,"서울특별시 중랑구 사가정로 373  (면목동,2층)",구문룡PC클럽,127.086238234068,37.5810982848332,PC방
2972,"서울특별시 중랑구 봉화산로 121  (상봉동,우암빌딩 3층)",인터플러스 상봉점 (주)다울정보통신,127.087584308356,37.6033051186179,PC방
2973,서울특별시 중랑구 용마산로118길 23  (망우동),@ 골뱅이 PC방,127.101910695133,37.600982757854,PC방
2974,서울특별시 중랑구 봉우재로 42  (면목동),UNI,127.077966882498,37.5904731013265,PC방
2975,서울특별시 중랑구 사가정로39길 79  (면목동),아지트PC방,127.0829668378,37.584652524849,PC방
2976,서울특별시 중랑구 용마산로 497  (망우동),사이버리아(용마점),127.099713778759,37.5953699303131,PC방
2977,서울특별시 중랑구 동일로 606  (면목동),은성PC방,127.080134858252,37.5843764349464,PC방
2978,서울특별시 중랑구 상봉중앙로1길 20  (상봉동),컴매니아,127.087534462118,37.5991335701855,PC방
2979,서울특별시 중랑구 망우로 499  (망우동),매직스페이스,127.107766676499,37.6007459114528,PC방
2980,서울특별시 중랑구 동일로 822  (중화동),밀레니엄인터넷PC방,127.079334580117,37.6039458801724,PC방
2981,서울특별시 중랑구 신내로12길 41  (신내동),워프게이트,127.09736065713,37.6048336463146,PC방
2982,서울특별시 중랑구 용마산로94가길 31  (면목동),815PC방,127.096857006921,37.5877706415117,PC방
2983,서울특별시 중랑구 신내로 62  (신내동),인터넷스페이스,127.095755033732,37.6047516184082,PC방
2984,서울특별시 중랑구 신내로 66  (신내동),인터넷마을,127.095644197753,37.6050433586666,PC방
2985,서울특별시 중랑구 망우로 381  (상봉동),홍당무,127.09465851513,37.5988118238417,PC방
2986,서울특별시 중랑구 동일로 805-1  (중화동),넷티,127.079005080165,37.6023851358191,PC방
2987,"서울특별시 중랑구 신내로14길 26  (신내동,디딤B/D 2층)",테라뷰,127.097037404944,37.6054986627446,PC방
2988,서울특별시 중랑구 동일로109길 62  (면목동),조이 인터넷  P.C방,127.0767891677,37.5914186535974,PC방
2989,서울특별시 중랑구 용마산로94길 4  (면목동),밤새지마란말이야,127.097053799953,37.5891756673925,PC방
2990,서울특별시 중랑구 망우로 221  (중화동),겜돌이 PC방,127.077348305966,37.5945007612958,PC방
2991,서울특별시 중랑구 중랑역로 118  (중화동),아지트PC방,127.077498879286,37.6039740394776,PC방
2992,서울특별시 중랑구 망우로62길 7  (망우동),월드넷PC방,127.097577900025,37.5987029492424,PC방
2993,서울특별시 중랑구 중랑역로 274  (묵동),PC야놀자,127.078583653922,37.616229386298,PC방
2994,서울특별시 중랑구 봉화산로 215  (신내동),사이버시티,127.09654291583,37.6076555866366,PC방
2995,서울특별시 중랑구 상봉로11길 31  (면목동),스페이스PC게임방,127.091776218164,37.5898476141115,PC방
2996,서울특별시 중랑구 동일로123길 46  (중화동),인터넷셀라,127.077635275229,37.5980252504099,PC방
2997,"서울특별시 중랑구 동일로 911  (묵동,3층)",울트라PC매니아,127.077201658653,37.6118042827404,PC방
2998,서울특별시 중랑구 봉우재로71길 18  (망우동),네이버죤,127.098764864011,37.596385964949,PC방
2999,서울특별시 중랑구 용마산로94길 14  (면목동),골뱅이PC게임방,127.097514524739,37.5890134694756,PC방
3000,"서울특별시 중랑구 중랑역로 13-1  (중화동,2층)",인터넷SPACE PC방,127.076186411508,37.5953733162723,PC방
3001,"서울특별시 중랑구 망우로 426  (망우동,2층 1호)",로그인,127.099528290541,37.5993570616173,PC방
3002,서울특별시 중랑구 동일로 873  (묵동),사이버 스토피아,127.077865835158,37.6083544998172,PC방
3003,"서울특별시 중랑구 공릉로 52  (묵동,3층)",사이버리아 PC방,127.078879519243,37.615279637443,PC방
3004,"서울특별시 중랑구 상봉로 63  (면목동,3층)",45,127.093208717902,37.5916410873439,PC방
3005,"서울특별시 중랑구 동일로 616, 1층 (면목동)",VIP PC,127.08004606712,37.5854067805866,PC방
3006,"서울특별시 중랑구 망우로32길 28, 2층 (상봉동)",라이또PC방 중랑역점,127.076493371734,37.5927022184336,PC방
3007,"서울특별시 중랑구 동일로163길 9, 2층 (묵동)",땁PC,127.076791609002,37.611862664055,PC방
3008,"서울특별시 중랑구 면목로56길 23, 1층 (면목동)",공간PC,127.089850840628,37.5841186928383,PC방
3009,"서울특별시 중랑구 공릉로 62, 1층 (묵동)",럭키PC,127.07949738317,37.6160328994659,PC방
3010,"서울특별시 중랑구 면목로 491, 주함해븐타워 비101호 (상봉동)",STONE PC(스톤PC),127.085343449345,37.5958131310758,PC방
3011,"서울특별시 중랑구 중랑역로 197-1, 1층 (묵동)",복돼지PC,127.075774678252,37.6111007244251,PC방
3012,"서울특별시 중랑구 답십리로 385, 101호 (면목동, 미소리움)",돈따라PC,127.08316062081,37.5715824804223,PC방
3013,"서울특별시 중랑구 용마산로 494, 상아빌딩 2층 203호 (망우동)",크라우드PC방 망우점,127.100268095195,37.5949757275537,PC방
3014,"서울특별시 중랑구 망우로 221, 만승빌딩 3층 (중화동)",텐PC방,127.077348305966,37.5945007612958,PC방
3015,"서울특별시 중랑구 겸재로 125, 1층 (면목동)",888PC,127.081673673389,37.5872488263764,PC방
3016,"서울특별시 중랑구 상봉로 108, 2층 (망우동)",로얄PC,127.093292722403,37.5954420338517,PC방
3017,"서울특별시 중랑구 봉우재로 156-1, 1층 (면목동)",오라PC,127.090321324067,37.5933573787324,PC방
3018,"서울특별시 중랑구 망우로48길 19, 1층 (상봉동)",스카이pc,127.088178731247,37.5961052205241,PC방
3019,"서울특별시 중랑구 중랑역로 119, 1층 (중화동)",놀이터PC,127.077090818215,37.6041617126479,PC방
3020,"서울특별시 중랑구 숙선옹주로 18-6, 101호 (묵동, 정윤빌)",신게임PC방,127.078568529907,37.6146655510711,PC방
3021,"서울특별시 중랑구 용마산로90길 10, 2층 (면목동)",아레나피씨(ARENA PC),127.096540216084,37.5876868384443,PC방
3022,"서울특별시 중랑구 망우로30길 8, 202호 (상봉동)",동부PC,127.07437556869,37.5928619662699,PC방
3023,"서울특별시 중랑구 망우로 400, 지하1층 (망우동, 해븐타워)",퍼니홀릭피시카페,127.096589961709,37.5987572807336,PC방
3024,서울특별시 중랑구 겸재로 130 (면목동),여우피씨,127.082103633158,37.5869922858088,PC방
3025,"서울특별시 중랑구 동일로 843, 유림빌딩 지하1층 (묵동)",레드포스PC아레나 중화점,127.0783680035,37.6056583166235,PC방
3026,"서울특별시 중랑구 용마산로 521, LG텔레콤 1층 (망우동)",에이스pc,127.10005522503,37.5975188653309,PC방
3027,"서울특별시 중랑구 중랑역로 199, 1층 (묵동)",올나잇PC,127.075749550488,37.6112275997961,PC방
3028,"서울특별시 중랑구 중랑천로10길 76, 삼보볼링센타 4층 (면목동)",욜로PC방 면목점,127.077343706007,37.5922443208716,PC방
3029,"서울특별시 중랑구 망우로30길 8, 208호 (상봉동)",킹PC,127.07437556869,37.5928619662699,PC방
3030,"서울특별시 중랑구 동일로163길 22, 3층 (묵동)",몰라PC,127.076040317185,37.612039564144,PC방
3031,"서울특별시 중랑구 상봉로 72, 엘리트학생복 1층 (망우동)",바닐라탑PC,127.093614178344,37.5921759555658,PC방
3032,"서울특별시 중랑구 용마산로115길 84, 2층 (망우동)",메이드PC방,127.095691142785,37.59828246998,PC방
3033,"서울특별시 중랑구 중랑역로 62, 양지대중사우나 지층 (중화동)",레벨업피시(Level up PC),127.078105801132,37.59891376744,PC방
3034,"서울특별시 중랑구 면목로 316, 지하1층 (면목동)",초코게임장,127.088332466633,37.5800732977612,PC방
3035,"서울특별시 중랑구 용마산로115길 33, 바울선교회 1층 (망우동)",우림pc,127.098424999288,37.5986724230706,PC방
3036,"서울특별시 중랑구 동일로 933, 묵동제일정형외과 3층 (묵동)",제로백PC 묵동점,127.076566670532,37.6137342537603,PC방
3037,"서울특별시 중랑구 면목로 399, 1층 (면목동)",율PC,127.087706291973,37.587594623771,PC방
3038,"서울특별시 중랑구 망우로58길 31, 201호 (망우동, 더하이어)",NEX PC방,127.094112135913,37.5968329640884,PC방
3039,"서울특별시 중랑구 용마산로115길 65 (망우동, 3층)",로웰 PC Cafe,127.09671689534,37.5982268536431,PC방
3040,"서울특별시 중랑구 중랑역로 51 (중화동, 2층)",뉴본PC CAFE,127.076920088772,37.5983780061165,PC방
3041,"서울특별시 중랑구 동일로123길 10 (중화동, 지상1층)",NY시스템,127.079444403244,37.5977443789555,PC방
3042,"서울특별시 중랑구 공릉로2길 7 (묵동, 지하1층)",레벨업 PC방,127.07826300452,37.612235427568,PC방
3043,"서울특별시 중랑구 동일로123길 32 (중화동, 지상1층)",행운PC방,127.078335630037,37.5977892686245,PC방
3044,"서울특별시 중랑구 중랑역로 120 (중화동, 지상1층)",명품PC,127.07748346429,37.6040702753309,PC방
3045,"서울특별시 중랑구 중랑역로 51  (중화동,3층)",서바이벌 PC방,127.076920088772,37.5983780061165,PC방
3046,"서울특별시 중랑구 상봉로 39  (면목동,2층)",주니어 인터넷세상,127.093436153362,37.5894355494869,PC방
3047,서울특별시 중랑구 동일로 856  (묵동),CMC PC방,127.078758941388,37.6068408755957,PC방
3048,서울특별시 중랑구 중랑역로 183  (묵동),인터-죤,127.075964806201,37.6099561659489,PC방
3049,"서울특별시 중랑구 동일로143길 29  (중화동,지층)",스피드인터넷,127.076861160036,37.6050489771069,PC방
3050,"서울특별시 중랑구 망우로 192  (상봉동,2층)",컴 메니아,127.074144907488,37.5931925050475,PC방
3051,"서울특별시 중랑구 중랑역로 203  (묵동,2층)",프로게이머 묵동점,127.075674201707,37.611531011094,PC방
3052,"서울특별시 중랑구 용마산로 557  (신내동,2층)",PC 스카이,127.100246556563,37.6006970374489,PC방
3053,"서울특별시 중랑구 봉화산로 217 (신내동, 부영빌딩3층)",옵티멈존PC카페 신내점,127.096812829256,37.6077684396848,PC방
3054,서울특별시 중랑구 동일로123길 69 (중화동),놀토PC방,127.076301554972,37.5984633710455,PC방
3055,"서울특별시 중랑구 상봉로25길 48, 1층 (상봉동)",황금PC,127.090348640141,37.5947849787724,PC방
3056,"서울특별시 중랑구 용마산로 408 (면목동, 3층)",뮤토(MUTO)PC,127.096233290507,37.5877899824019,PC방
3057,"서울특별시 중랑구 용마산로 405 (면목동, 2층)",아레나피씨(ARENA PC),127.095721998394,37.5878937419635,PC방
3058,"서울특별시 중랑구 면목로 341 (면목동, 2층)",오즈PC카페,127.088154488573,37.5821763494967,PC방
3059,"서울특별시 중랑구 신내로 193, 지하1층 102호 (신내동, 엘리어트하우스)",BS PC,127.094437021597,37.6154746292954,PC방
3060,서울특별시 중랑구 겸재로 117  (면목동),인터넷KJ,127.080792351502,37.5870337352761,PC방
3061,서울특별시 중랑구 신내로 7  (신내동),인터넷캠프,127.096842106377,37.5998634905724,PC방
3062,서울특별시 중랑구 동일로109길 34  (면목동),레트죤PC방,127.078082869638,37.5918151422894,PC방
3063,서울특별시 중랑구 중랑역로 18  (중화동),짱인터넷플라자,127.076479617545,37.5957480291273,PC방
3064,서울특별시 중랑구 겸재로54길 21  (면목동),컴토피아인터넷PC게임방,127.091923281587,37.5881771502157,PC방
3065,서울특별시 중랑구 용마산로90길 20  (면목동),블루넷,127.097040551307,37.5875175821972,PC방
3066,서울특별시 중랑구 용마산로 405  (면목동),넷박스,127.095721998394,37.5878937419635,PC방
3067,서울특별시 중랑구 양원역로 1  (망우동),스피드PC프라자,127.108133717439,37.6008407203137,PC방
3068,서울특별시 중랑구 중랑역로 162  (묵동),붉은악마,127.076750608038,37.6077835526031,PC방
3069,서울특별시 중랑구 동일로139길 42  (중화동),한양인터넷PC방,127.076676071405,37.6033543353564,PC방
3070,서울특별시 중랑구 동일로123길 73  (중화동),넷헌터,127.076145719561,37.5985555529521,PC방
3071,서울특별시 중랑구 상봉중앙로5길 3  (상봉동),데스나이트PC게임방,127.08723955189,37.6002676852152,PC방
3072,서울특별시 중랑구 사가정로50길 6  (면목동),매니아클럽,127.086325455785,37.5805518586235,PC방
3073,서울특별시 중랑구 상봉로 108  (망우동),PC마스터,127.093292722403,37.5954420338517,PC방
3074,서울특별시 중랑구 중랑역로 122  (중화동),사이버리아PC방,127.077488019983,37.6042043396493,PC방
3075,서울특별시 중랑구 동일로95길 9  (면목동),PC매니아,127.079054147757,37.584754409419,PC방
3076,서울특별시 중랑구 동일로143길 12  (묵동),블루엔터블런스,127.077906364604,37.6054080570099,PC방
3077,서울특별시 중랑구 겸재로 125  (면목동),Hunter PC방,127.081673673389,37.5872488263764,PC방
3078,"서울특별시 중랑구 면목로43길 26  (면목동,2층)",자랴2,127.086476433416,37.5814906734103,PC방
3079,서울특별시 중랑구 면목로35길 15  (면목동),인터파크 PC방,127.085054590452,37.5782028093159,PC방
3080,"서울특별시 중랑구 망우로 202 (상봉동,지하1층)",제로백PC 중랑역점,127.075473622773,37.5934850257791,PC방
3081,서울특별시 중랑구 면목로27길 92  (면목동),대박피시방,127.080518532414,37.5742668436457,PC방
3082,"서울특별시 중랑구 봉우재로33길 66  (상봉동,3층)",맥스플라이,127.089095987358,37.5950105481337,PC방
3083,"서울특별시 중랑구 겸재로 126  (면목동,2층)",노다지인터넷,127.0817995162,37.5868841075423,PC방
3084,"서울특별시 중랑구 용마산로118길 7  (망우동,지층)",컴인터넷PC,127.101003129452,37.6007839686705,PC방
3085,"서울특별시 중랑구 상봉로 14  (면목동,2층)",블리쟈드,127.094664552908,37.5872195712417,PC방
3086,서울특별시 중랑구 중랑천로 117  (중화동),넷매니아PC방,127.072029243323,37.5957084823575,PC방
3087,"서울특별시 중랑구 겸재로 115  (면목동,2층)",아이잼,127.080590112573,37.5870096368265,PC방
3088,"서울특별시 중랑구 중랑역로13길 10-1 (중화동,1층)",타짱PC클럽,127.074975173293,37.5967509866956,PC방
3089,"서울특별시 중랑구 중랑천로10길 57, 2층 (상봉동)",대박PC방,127.076178070389,37.5924115822098,PC방
3090,서울특별시 중랑구 동일로143길 19 (중화동),엔탑PC존,127.077618295975,37.605007486547,PC방
3091,"서울특별시 중랑구 용마산로117길 34 (신내동,지하1층)",행운PC방,127.098460392974,37.600267146851,PC방
3092,"서울특별시 중랑구 봉우재로71길 18 (망우동, 지하001호)",오즈아레나,127.098764864011,37.596385964949,PC방
3093,"서울특별시 중랑구 신내로14길 21, 701동 1층 105호 (신내동, 동성7차아파트)",인디고 PC,127.097147956287,37.6061237684817,PC방
3094,"서울특별시 중랑구 봉화산로4길 28, 1층 (중화동)",보물섬 PC,127.076192761483,37.6002682158384,PC방
3095,"서울특별시 중랑구 면목로 352, 지하1층 (면목동)",콤마피시카페,127.088626152995,37.583335754749,PC방
3096,서울특별시 중랑구 겸재로 166 (면목동),PC데이(DAY),127.086287280048,37.5878881317646,PC방
3097,"서울특별시 중랑구 망우로 192 (상봉동, 3층 4호)",엔투PC(중랑역점),127.074144907488,37.5931925050475,PC방
3098,"서울특별시 중랑구 망우로32길 14 (상봉동, 2층)",홀인원PC,127.076442058316,37.59323581896,PC방
3099,"서울특별시 중랑구 망우로 270, 지층 (상봉동)",크라우드PC상봉점(crowd pc),127.082666864382,37.5953470612305,PC방
3100,"서울특별시 중랑구 겸재로 198, 지1,2층 (면목동, 건원베스트원)",아이비스PC,127.089622814812,37.5886453630461,PC방
3101,서울특별시 중랑구 동일로 764  (중화동),여우밤,127.080310519384,37.598658658925,PC방
3102,서울특별시 중랑구 용마산로 563  (신내동),버츄얼 넷,127.100201889918,37.6012512745271,PC방
3103,"서울특별시 중랑구 겸재로 237  (망우동,2층)",듀얼인터넷,127.093946205207,37.5900456568688,PC방
3104,"서울특별시 중랑구 용마산로94길 65  (면목동,(지하1층))",씨엔에스,127.100203454866,37.5881468955761,PC방
3105,서울특별시 중랑구 공릉로12가길 1  (묵동),공간PC방,127.079871085001,37.6164941332357,PC방
3106,"서울특별시 중랑구 중랑천로2길 56, 1층 (면목동)",Kim PC,127.078002254729,37.5868279332095,PC방
3107,"서울특별시 중랑구 중랑천로12길 41, 지하층 (상봉동)",에이스PC,127.075231858062,37.59290602268,PC방
3108,"서울특별시 중랑구 망우로66길 68, 1층 (망우동)",삼팔PC(38PC),127.099383154129,37.5964902312064,PC방
3109,"서울특별시 중랑구 망우로 479, 홍림장여관 1층 (망우동)",바닐라PC,127.10533598517,37.6008587474848,PC방
3110,"서울특별시 중랑구 중랑천로10길 47, 1층 (상봉동)",황금고래PC,127.075655707318,37.5922637951349,PC방
3111,"서울특별시 중랑구 면목로35길 15, 지상2층 (면목동, 매직pc방)",i7 PC방,127.085054590452,37.5782028093159,PC방
3112,"서울특별시 중랑구 봉화산로 211, 지하1층 (신내동)",스피트킹피씨(speedking pc),127.096300413242,37.6075450531768,PC방
3113,"서울특별시 중랑구 동일로129길 35, B179~B182호 (중화동, 태능에셈빌)",일프로PC카페(1%PC CAFE),127.077554696692,37.5992703826018,PC방
3114,서울특별시 중랑구 망우로 217  (중화동),프로게이머,127.07671154412,37.5943361152268,PC방
3115,서울특별시 중랑구 동일로96길 10  (면목동),넷스토아,127.080536448153,37.5846998884072,PC방
3116,"서울특별시 중랑구 동일로157길 19  (묵동,지상3층)",스피드넷PC방,127.076699482354,37.6097212533874,PC방
3117,"서울특별시 중랑구 겸재로 168  (면목동,2층)",무대뽀 인터넷PC방,127.086463046544,37.5879272864148,PC방
3118,"서울특별시 중랑구 용마산로 296-2  (면목동,지층)",스타워즈,127.091684066231,37.5787808796647,PC방
3119,"서울특별시 중랑구 망우로 463  (망우동,3층)",컴전쟁,127.103637419702,37.6006610422709,PC방
3120,"서울특별시 중랑구 사가정로42길 37  (면목동,2층)",플레이어존,127.083349048484,37.5793613524266,PC방
3121,"서울특별시 중랑구 중랑역로 219  (묵동,지층)",사이버 테크,127.075429245694,37.6128980579592,PC방
3122,"서울특별시 중랑구 겸재로 178, 380동 704호 (면목동,2층)",PC ZOOM,127.087205459165,37.588132346722,PC방
3123,"서울특별시 중랑구 중랑천로10길 57-9  (상봉동,지층)",엘도라도,127.0763175789,37.5927540491546,PC방
3124,"서울특별시 중랑구 상봉로 32  (면목동,지층)",두리웹,127.094186170143,37.5887293864172,PC방
3125,"서울특별시 중랑구 봉화산로 224  (신내동,2층)",클릭-아이,127.09770422186,37.6076679655601,PC방
3126,"서울특별시 중랑구 상봉로 38  (면목동,2층)",매직 스페이스,127.094034759149,37.5893347936924,PC방
3127,"서울특별시 중랑구 면목로 216  (면목동,2층)",해커인터넷 PC게임방,127.083917538195,37.5722566998678,PC방
3128,"서울특별시 중랑구 중랑천로10길 22  (면목동,지층)",밤 셀까,127.074300521879,37.5917478470631,PC방
3129,"서울특별시 중랑구 겸재로 215  (면목동,2층)",인터피아,127.091467771608,37.5894606972241,PC방
3130,"서울특별시 중랑구 용마산로 412  (면목동,2층)",듀얼 인터넷PC방,127.096385784287,37.5882161174521,PC방
3131,"서울특별시 중랑구 망우로 493  (망우동,2층)",딸부자 PC방,127.106964536625,37.600791780771,PC방
3132,서울특별시 중랑구 용마산로 418  (면목동),PC 훼미리,127.096701752698,37.5888003326938,PC방
3133,"서울특별시 중랑구 중랑역로 203-1  (묵동,2층)",PC 생각,127.075655849144,37.6116381504355,PC방
3134,"서울특별시 중랑구 상봉중앙로 37  (상봉동,3층)",사이버리아 상봉1동점,127.087347704275,37.6004674449162,PC방
3135,"서울특별시 중랑구 사가정로50길 36 (면목동,3층)",PC & 달인,127.085747943049,37.5792495328325,PC방
3136,"서울특별시 중랑구 망우로 439 (망우동, 지층)",엔플세븐PC방,127.100791272803,37.6002104892021,PC방
3137,서울특별시 중랑구 중랑천로 43-1  (면목동),게임랜드,127.073299454969,37.5891919079052,PC방
3138,"서울특별시 중랑구 용마산로51길 50, 1층 (면목동)",노다지 PC,127.089274747383,37.5801924210484,PC방
3139,서울특별시 중랑구 겸재로 189  (면목동),월드PC방,127.088650939657,37.5887711546982,PC방
3140,"서울특별시 중랑구 용마산로86길 21-29  (면목동,(지층))",C&S PC방,127.097110108493,37.5873732761071,PC방
3141,"서울특별시 중랑구 면목로35길 40  (면목동,(지층))",아이라이프존,127.084001942441,37.5790721211334,PC방
3142,"서울특별시 중랑구 봉화산로 217  (신내동,(3층))",사이버리아PC방,127.096812829256,37.6077684396848,PC방
3143,서울특별시 중랑구 용마산로 494  (망우동),엔조이피씨방,127.100268095195,37.5949757275537,PC방
3144,서울특별시 중랑구 용마산로 405  (면목동),I life Zone 서일대점,127.095721998394,37.5878937419635,PC방
3145,서울특별시 중랑구 망우로32길 38  (면목동),컴인터넷,127.076868758159,37.5921808409165,PC방
3146,서울특별시 중랑구 망우로 371  (상봉동),방가방가PC방,127.093373838214,37.5985553440342,PC방
3147,서울특별시 중랑구 면목로49길 18  (면목동),수호천사,127.087531065648,37.5827952551777,PC방
3148,서울특별시 중랑구 중랑역로 69  (중화동),매직스페이스,127.077978446723,37.5996027491597,PC방
3149,"서울특별시 중랑구 면목로 478  (상봉동,(3층))",버그버그 상봉점,127.086220214972,37.5944317246699,PC방
3150,"서울특별시 중랑구 겸재로 185  (면목동,(지1층))",사이버리아 면목역점,127.088106454619,37.5886819136448,PC방
3151,"서울특별시 중랑구 동일로 879  (묵동,2층)",사이버리아 먹골점,127.077741393516,37.6090303238202,PC방
3152,"서울특별시 중랑구 상봉로 110  (망우동,(3층))",PC ZONE,127.093345706876,37.5957067932724,PC방
3153,"서울특별시 중랑구 봉우재로 239  (망우동,2층)",보스 PC방,127.099509114026,37.5957565381477,PC방
3154,서울특별시 중랑구 면목로 260  (면목동),사이버테크PC방,127.085972386977,37.5759565969386,PC방
3155,"서울특별시 중랑구 용마산로 495  (망우동,3층)",대한민국멀티방,127.099659148452,37.5951613969904,PC방
3156,서울특별시 중랑구 동일로 919  (묵동),아리라이프존먹골로데오점,127.077065869395,37.6124704724842,PC방
3157,"서울특별시 중랑구 면목로 341 (면목동,2층)",오즈PC방,127.088154488573,37.5821763494967,PC방
3158,서울특별시 중랑구 봉우재로43길 32  (상봉동),레드죤피시방,127.089623413355,37.5949986161335,PC방
3159,"서울특별시 중랑구 동일로 938, 비101호 (묵동, 월등스카이뷰아파트)",스마트PC방,127.077134940011,37.6142077135304,PC방
3160,"서울특별시 중랑구 상봉로 56, 1층 (망우동)",골드PC,127.093759449196,37.5907303790754,PC방
3161,"서울특별시 중랑구 동일로114길 51 (상봉동, 지상1층)",황금PC,127.083051665883,37.5939506148139,PC방
3162,"서울특별시 중랑구 봉우재로 175 (상봉동, 지상1층)",우리PC,127.092361475498,37.5941500239053,PC방
3163,"서울특별시 중랑구 상봉로 104 (망우동, 2층)",PC클럽,127.093295387739,37.595218766117,PC방
3164,서울특별시 중랑구 상봉로25길 36 (상봉동),바닐라pc방,127.090987902814,37.5949298176037,PC방
3165,"서울특별시 중랑구 망우로 276 (상봉동, 지상2층)",렛츠겟잇PC(Lets Get it PC),127.083219392463,37.5955032652358,PC방
3166,"서울특별시 중랑구 용마산로 434 (면목동, 지층)",아이비스PC방,127.097376830817,37.5899591743596,PC방
3167,서울특별시 중랑구 면목로56가길 8  (면목동),인포마이너자랴,127.088932195985,37.584495823372,PC방
3168,서울특별시 중랑구 동일로 833  (중화동),사이버뱅크,127.078586882533,37.6047667317581,PC방
3169,서울특별시 중랑구 동일로101길 49  (면목동),인터넷과정보,127.077116605805,37.5887688024565,PC방
3170,서울특별시 중랑구 중랑역로 46  (중화동),놀이나라,127.076896583659,37.5977648971162,PC방
3171,"서울특별시 중랑구 겸재로 205 (면목동,지상2,3층)",일프로PC방,127.090366051267,37.5892378294679,PC방
3172,서울특별시 중랑구 용마산로 446  (망우동),카이스트,127.097926438424,37.5910044109148,PC방
3173,서울특별시 중랑구 공릉로12가길 45  (묵동),사이버인터넷PC,127.081817184238,37.6176005647243,PC방
3174,서울특별시 중랑구 상봉로 11  (면목동),한스넷,127.094308889254,37.5869224383207,PC방
3175,서울특별시 중랑구 망우로 461  (망우동),스타PC방,127.103354113526,37.6005970500919,PC방
3176,"서울특별시 중랑구 중랑역로 227, 청 1층 (묵동)",봉봉PC,127.075209197903,37.6138146839904,PC방
3177,"서울특별시 중랑구 면목로 489, B101,B102,B103,B104호 (상봉동)",TOP PLACE PC(탑플레이스PC 상봉점),127.085323961726,37.595505726956,PC방
3178,"서울특별시 중랑구 면목로 314, 지하1층 (면목동)",탑플레이스PC방 사가정역점,127.088209517609,37.5798794057732,PC방
3179,"서울특별시 중랑구 상봉로 65, 한국어린이바둑교실 2층 (면목동)",1004피시(PC),127.0931924605,37.5917699420068,PC방
3180,"서울특별시 중랑구 면목로45길 3-8, 4층 (면목동)",삼성PC,127.088184513024,37.5813318260092,PC방
3181,"서울특별시 중랑구 겸재로64길 19, 내친구피아노학원 1층 (면목동)",놀이터PC,127.09613978916,37.5894782477537,PC방
3182,"서울특별시 중랑구 중랑역로 6, 1층 (중화동)",역전PC,127.07706065651,37.5947923300801,PC방
3183,"서울특별시 중랑구 봉우재로 178, 1층 (면목동)",대박PC,127.092675019508,37.5938800212972,PC방
3184,"서울특별시 성동구 장터길 51, 플레져미디어빌딩 201호 (금호동3가)",2층 PC,127.02165414442,37.5484299266878,PC방
3185,"서울특별시 성북구 보문로34길 62, 모아빌딩 3층 (동선동2가)",해피 PC방,127.01885953079,37.5908419743847,PC방
3186,"서울특별시 성북구 종암로19길 16, 지하1층 (종암동)",스피드 PC방,127.033832145511,37.5984593996286,PC방
3187,"서울특별시 성북구 동소문로 106, 지하1층 (동선동1가)",브리즈 pc 카페,127.017088831326,37.5925747617089,PC방
3188,"서울특별시 성북구 월곡로 108, 지하1층 (하월곡동)",파이브 PC방,127.041590961613,37.6016112891976,PC방
3189,"서울특별시 성북구 고려대로24길 32, 칠보빌딩 3, 4층 (안암동5가)",나인티 PC카페,127.029234304551,37.5848050119051,PC방
3190,"서울특별시 성북구 종암로19길 17, 양지빌딩 2층 (종암동)",샹떼PC방 종암점,127.033758067444,37.5981642561732,PC방
3191,"서울특별시 성북구 오패산로 45, 2층 (하월곡동, 농협 하월곡지점)",세븐PC방,127.03663965165,37.606048234599,PC방
3192,"서울특별시 성북구 동소문로 120, 2층 (동선동1가)",로제PC방,127.018398672357,37.5935007844555,PC방
3193,"서울특별시 성북구 장위로 43, 2층 (장위동)",세븐PC,127.041669507766,37.6143207101458,PC방
3194,서울특별시 성북구 화랑로 107 (하월곡동),놀이터 PC,127.043432877303,37.6039733827891,PC방
3195,"서울특별시 성북구 오패산로 16, 구원빌딩 1층 (하월곡동)",구원PC (성인시설),127.037521806164,37.6036686229465,PC방
3196,"서울특별시 성북구 오패산로 49, 제일은행 하월곡동지점 (하월곡동)",PC나인,127.036435972117,37.6063976114138,PC방
3197,"서울특별시 성북구 보국문로 74, 2층 (정릉동)",대박PC (성인용),127.009105782309,37.6109478360516,PC방
3198,"서울특별시 성북구 화랑로 316, 1층 (석관동)",석계PC,127.063282910139,37.6140186382359,PC방
3199,"서울특별시 성북구 동소문로 277, 1층 (길음동)",겜블러PC,127.026288078421,37.6055201310931,PC방
3200,"서울특별시 성북구 장월로 144-1, 2,3층 (장위동)",라이킷 PC,127.051043731077,37.6177097892253,PC방
3201,"서울특별시 성북구 동소문로 120, 지하층 (동선동1가)",아크PC방,127.018398672357,37.5935007844555,PC방
3202,"서울특별시 성북구 개운사길 8, 타이거빌딩 지층 (안암동5가)",NINE PC방,127.029576068606,37.5869920871665,PC방
3203,"서울특별시 성북구 서경로 83, 2층 (정릉동)",매직넷(청소년PC방),127.014261078527,37.6105933270239,PC방
3204,"서울특별시 성북구 아리랑로19길 20, 영신빌딩 지하1층 (정릉동)",보아스 셀프 PC - 2022년도 부터 안함 직권말소 대상,127.012281507183,37.6026042927717,PC방
3205,"서울특별시 성북구 보국문로16길 65, 샛별중앙교회 1,2층 (정릉동)",PC TAG,127.009960212774,37.6127706479949,PC방
3206,"서울특별시 성북구 동소문로 248, 105동 지하1층 2호 (길음동, 삼부아파트)",제로100PC,127.024541211803,37.6034576002933,PC방
3207,서울특별시 성북구 북악산로 1059 (종암동),애니락PC방,127.035624995392,37.5926439632832,PC방
3208,"서울특별시 성북구 장월로1길 106, 3층 (하월곡동)",덤프 PC방,127.043064543733,37.6046639464803,PC방
3209,"서울특별시 성북구 안암로9가길 76, 안암복합빌딩 2층 (안암동5가)",코리아PC2 (청소년PC방),127.028206118118,37.5822567123651,PC방
3210,"서울특별시 성북구 성북로 28, 우암빌딩 지층 (성북동)",긱스타 PC방,127.004312680521,37.590493096497,PC방
3211,"서울특별시 성북구 서경로 78, 2층 (정릉동)",러쉬PC,127.014888358128,37.6103415131668,PC방
3212,"서울특별시 성북구 종암로 129, 청한빌딩 지층 (종암동)",레드포스PC아레나 종암점,127.032727558227,37.6014264034926,PC방
3213,"서울특별시 성북구 보국문로18길 1, 지층 (정릉동)",ATOZ 피시방,127.008927474592,37.6115560173195,PC방
3214,"서울특별시 성북구 한천로 572, 2층 (석관동)",제로백PC 석관점,127.063017363252,37.6108596433653,PC방
3215,"서울특별시 성북구 개운사길 27, 원영스위트 지층 (안암동5가)",Maps PC방,127.02910131363,37.5875251423782,PC방
3216,서울특별시 성북구 종암로 108 (종암동),삼시세끼 PC방,127.034482070909,37.5997942097838,PC방
3217,"서울특별시 성북구 보문로 94, 화성빌딩 4층 (보문동4가)",앤유PC,127.020603298681,37.583713478664,PC방
3218,서울특별시 성북구 동소문로 286 (하월곡동),화이트PC방(성인),127.027392255148,37.6058215314073,PC방
3219,"서울특별시 성북구 정릉로 326, 지층 (정릉동)",맥PC카페,127.019324173459,37.6020693327301,PC방
3220,"서울특별시 성북구 보국문로20길 22, 2층 (정릉동)",SOOP PC방,127.009634301486,37.6122917994482,PC방
3221,서울특별시 성북구 보문로34길 43 (동선동1가),헬리우스,127.017694871938,37.5908139536716,PC방
3222,"서울특별시 성북구 고려대로24길 51, 3층 (안암동5가)",레벨업 PC카페(고대점),127.029709018435,37.5839294883991,PC방
3223,"서울특별시 성북구 동소문로25길 58, 지하1층 (동선동5가)",일프로 PC 아레나,127.01615614302,37.5956412381816,PC방
3224,"서울특별시 성북구 삼선교로10길 23, 욱립빌딩 2,3층 (삼선동2가)",3POP 피시방,127.009471864277,37.5870978553531,PC방
3225,"서울특별시 성북구 솔샘로4길 46, 2층 201,202,203호 (정릉동, 성신프라자)",3POP(쓰리팝)PC방,127.007339974507,37.6085252888642,PC방
3226,"서울특별시 성북구 한천로 584, 1층 (석관동)",대박 PC (성인PC방),127.06216848064,37.6116526035018,PC방
3227,"서울특별시 성북구 돌곶이로 48, 상희빌딩 3층 (석관동)",ㅋㅋPC - 54대,127.059759187102,37.6084640761894,PC방
3228,"서울특별시 성북구 화랑로 245, 지하1층 (장위동)",레벨업PC방 돌곶이점,127.056498494404,37.6108496096764,PC방
3229,"서울특별시 강동구 천중로53길 6, 1층 103호 (길동, 현대웰하임1단지)",대박PC,127.145448050859,37.5409803636026,PC방
3230,"서울특별시 강북구 솔매로 95, 2층 (미아동)",승부PC,127.022861390786,37.6255172017353,PC방
3231,"서울특별시 강북구 한천로 1023, 1층 (번동)",봉pc,127.027858439221,37.6390387542455,PC방
3232,서울특별시 강북구 인수봉로85길 24 (수유동),탑PC,127.009163517928,37.6467241999934,PC방
3233,"서울특별시 강북구 솔매로 83, 2층 (미아동)",옵티멈존피씨카페미아점 (주),127.021554729043,37.6251850735813,PC방
3234,"서울특별시 강북구 솔샘로 294, 1층 (미아동)",엔젤PC,127.025084494315,37.6180802698025,PC방
3235,"서울특별시 강북구 솔매로 110, 2층 (미아동)",행운PC,127.024544114211,37.6257289560296,PC방
3236,서울특별시 강북구 삼양로 623 (우이동),다크pc카페,127.013523839792,37.6584533150352,PC방
3237,"서울특별시 강북구 도봉로81길 10-3, 202호 (수유동)",5G PC,127.022277068469,37.6352958964481,PC방
3238,"서울특별시 강북구 월계로3길 57, 대성장모텔 2층 (미아동)",레벨업PC방 미아점,127.031006161196,37.61236209064,PC방
3239,"서울특별시 강북구 노해로8길 22, 경남아너스빌 102호 (수유동)",와와PC방,127.024224911455,37.6380051354791,PC방
3240,"서울특별시 강북구 한천로139길 42, 지하1층 (수유동, 영남빌딩)",레벨업PC방 수유역점,127.024948947089,37.6388575866282,PC방
3241,"서울특별시 강북구 삼양로 447, 2층 (수유동)",탑스타PC방,127.015934869853,37.6433428979238,PC방
3242,"서울특별시 강북구 덕릉로 46, 신우빌딩 지하1층 (수유동)",불독PC방,127.018655647874,37.6340697427662,PC방
3243,"서울특별시 강북구 도봉로 386, 번동빌딩 지하1층 (번동)",플레잇피씨카페(번동점),127.029225259709,37.6409840098933,PC방
3244,"서울특별시 강북구 솔매로28길 1, 2층 (미아동)",스카이PC,127.020078245862,37.6247466434881,PC방
3245,"서울특별시 강북구 월계로3길 28, 1층 (미아동)",바닐라pc,127.031362337692,37.6109545615904,PC방
3246,"서울특별시 강북구 도봉로 377, SD빌딩 2층 (수유동)",승리PC,127.028276542744,37.6409020712986,PC방
3247,"서울특별시 강북구 수유로 67, 2층 (수유동)",대박PC방,127.021054426939,37.6362091795037,PC방
3248,"서울특별시 강북구 노해로8길 29, 현대크리스탈 지하1층 B101, B102호 (수유동)",옵티멈존PC카페,127.024206386368,37.6385265392717,PC방
3249,"서울특별시 강북구 도봉로 247-1, 2층 (미아동)",LO PC방,127.024180366381,37.6306049898494,PC방
3250,"서울특별시 강북구 도봉로 399, 2층 (수유동)",BS PC,127.029806166339,37.6424075100379,PC방
3251,"서울특별시 강북구 노해로8길 22, 경남아너스빌 2층 201호 (수유동)",이제이,127.024224911455,37.6380051354791,PC방
3252,"서울특별시 강북구 도봉로97길 7, 1층 (수유동)",골드PC,127.028833183206,37.6417388610523,PC방
3253,"서울특별시 강북구 도봉로77길 18, 1층 (수유동)",트리플PC방,127.022283731099,37.6337055656322,PC방
3254,"서울특별시 강북구 삼양로 625-1, 3층 (우이동)",명당PC,127.013629071112,37.6587898196438,PC방
3255,"서울특별시 강북구 도봉로82길 11, 지층 (번동)",정민PC,127.02438249679,37.635885625547,PC방
3256,"서울특별시 강북구 노해로8길 16, 203호 (수유동, 우암쎈스뷰)",승리PC방,127.024012411578,37.6378023671943,PC방
3257,"서울특별시 강북구 솔샘로 254, 삼양아케이트 지하1층 2호 (미아동)",옵티멈존림피씨카페 삼양사거리점 (주),127.020743950051,37.6193297017502,PC방
3258,"서울특별시 강북구 도봉로78길 18, 1층 (미아동)",대박PC게임,127.024598145386,37.6336246478048,PC방
3259,"서울특별시 강북구 한천로139가길 12, 2층 (수유동)",깐부PC,127.025664512367,37.6400704289305,PC방
3260,"서울특별시 강북구 오패산로 385, 2층 (번동)",황금PC,127.028073490379,37.635746864196,PC방
3261,"서울특별시 강북구 한천로 1130, 1층 (수유동)",오봉PC게임,127.019199509888,37.6457425430797,PC방
3262,"서울특별시 강북구 한천로143길 36, 1층 (수유동)",팔팔PC,127.023284464785,37.6406870159442,PC방
3263,"서울특별시 강북구 삼양로 169, 1층 (미아동)",스타PC,127.020814066529,37.6189315428573,PC방
3264,"서울특별시 강북구 삼양로 438, 한일빌딩 4층 (수유동)",욜로PC방,127.016678775368,37.64254344188,PC방
3265,"서울특별시 강북구 한천로132길 57, 2층 (번동)",마카오PC,127.029927966467,37.6412705269995,PC방
3266,"서울특별시 강북구 삼양로28길 5, 1층 (미아동)",대박PC,127.0216707548,37.6186478477381,PC방
3267,서울특별시 강북구 노해로11길 31 (수유동),비바PC,127.020881479339,37.6388346807302,PC방
3268,"서울특별시 강북구 한천로144길 26, 1층 (수유동)",신바람 P.C,127.026297540097,37.6420321833213,PC방
3269,"서울특별시 강북구 오패산로52길 72, 1층 (미아동)",드래곤볼 PC방,127.032432516773,37.6261013214369,PC방
3270,"서울특별시 강북구 솔샘로 237, 지하1층 (미아동)",홀릭 PC,127.019292595153,37.6201102033911,PC방
3271,"서울특별시 강북구 도봉로77길 15, 동경빌딩 (수유동)",다원PC방,127.022360720421,37.6335413914787,PC방
3272,"서울특별시 강북구 수유로 36  (수유동,(지층))",헬로PC플라자,127.019623016721,37.6339338974123,PC방
3273,"서울특별시 강북구 삼양로 496  (수유동,2층)",짱PC방,127.014842283514,37.6474745019679,PC방
3274,"서울특별시 강북구 한천로160길 5  (수유동,2층)",메이저인터넷프라자,127.020177570806,37.6452021499363,PC방
3275,"서울특별시 노원구 덕릉로127길 3, 101호 (상계동)",당고개PC,127.081914848842,37.6713841831673,PC방
3276,"서울특별시 강북구 삼양로 206-1, 1층 (미아동)",친구PC,127.020230284236,37.6223081857282,PC방
3277,"서울특별시 강북구 삼양로 202  (미아동,2층)",PC아일랜드,127.02056237887,37.6218003318061,PC방
3278,"서울특별시 강북구 삼양로 161, 행전빌딩 지하1층 (미아동)",레벨업피시방,127.021123478902,37.6183899941147,PC방
3279,"서울특별시 강북구 도봉로28길 5  (미아동,1층)",늑대와여우 PC방,127.029068205609,37.6205822098558,PC방
3280,"서울특별시 강북구 오패산로78길 22, 1층 (번동)",에이스PC,127.027502773485,37.6380707294158,PC방
3281,"서울특별시 강북구 덕릉로 133  (번동,2층)",스피드인터넷프라자,127.028543926314,37.6352458935583,PC방
3282,서울특별시 강북구 월계로7길 63  (미아동),샹떼 PC방,127.033934764054,37.612972245381,PC방
3283,"서울특별시 강북구 삼양로 246, 2층 203,204호 (미아동)",제로100 삼양역점,127.018654166348,37.6254230679383,PC방
3284,"서울특별시 강북구 오현로32길 30-27  (번동,2층)",윈윈PC방,127.039711042337,37.6272297445737,PC방
3285,"서울특별시 강북구 월계로37길 97  (번동,2층)",대한민국 PC방,127.043866363607,37.6263008873698,PC방
3286,서울특별시 강북구 월계로37길 91 (번동),W PC방,127.044029484657,37.6261035105171,PC방
3287,"서울특별시 강북구 한천로123길 62, 1층 (번동)",별밤PC방,127.028615578426,37.6359674753679,PC방
3288,"서울특별시 강북구 도봉로8길 24  (미아동,,2층)",돼지PC방,127.031387170287,37.6123715404014,PC방
3289,"서울특별시 강북구 솔매로 75  (미아동,,2층)",드림 스페이스,127.020669965557,37.6249883662314,PC방
3290,"서울특별시 강북구 수유로 63  (수유동,,2층)",winner(위너),127.02062919281,37.6360817652029,PC방
3291,"서울특별시 강북구 도봉로 30  (미아동,B201)",EOS PC ZONE,127.030727581204,37.6116298396797,PC방
3292,"서울특별시 강북구 한천로 1047, 2층 (수유동)",타짜PC,127.025705572221,37.6405289310728,PC방
3293,서울특별시 강북구 솔샘로 298 (미아동),놀이터PC,127.02540818642,37.6179965888604,PC방
3294,"서울특별시 강북구 도봉로 274, 1층 (미아동)",왕PC,127.023822552267,37.6329231192761,PC방
3295,"서울특별시 강북구 도봉로8길 41, 1층 (미아동)",드래곤 PC방,127.032289464644,37.6120064865548,PC방
3296,"서울특별시 강북구 삼양로77가길 6  (수유동,,3층)",I.F.O,127.01700615717,37.6298058058402,PC방
3297,"서울특별시 강북구 인수봉로 318,  3층호 (수유동,세화빌딩)",밀레니엄인터넷플라자 4.19점,127.01065951818,37.6471375357007,PC방
3298,"서울특별시 강북구 삼양로 206-1  (미아동,2층)",토토로PC,127.020230284236,37.6223081857282,PC방
3299,"서울특별시 강북구 솔매로 102, 2층 (미아동)",세븐pc방,127.023590672591,37.6254802979209,PC방
3300,"서울특별시 강북구 한천로140길 5-34  (수유동,2층)",멘토PC방,127.02563722932,37.6414551580402,PC방
3301,서울특별시 강북구 삼각산로20길 27 (수유동),MU피씨방,127.016097081729,37.6394672010607,PC방
3302,"서울특별시 강북구 도봉로 113  (미아동,302호)",넷크루,127.028845694825,37.6190010309233,PC방
3303,"서울특별시 강북구 솔샘로 294  (미아동,2층)",N세대인터넷PC방,127.025084494315,37.6180802698025,PC방
3304,"서울특별시 강북구 덕릉로 14  (수유동,2층)",인터넷PC나라,127.015194855518,37.6338405779784,PC방
3305,"서울특별시 강북구 삼양로141길 4-4  (우이동,2층)",넷사이버,127.012802949883,37.6505286238766,PC방
3306,"서울특별시 강북구 솔샘로 219  (미아동,3층)",아지트 PC방,127.017102732859,37.6201618073002,PC방
3307,"서울특별시 강북구 오패산로 385  (번동,2층)",90210 피씨존,127.028073490379,37.635746864196,PC방
3308,"서울특별시 강북구 한천로131길 29  (번동,지층)",아이러브 PC클럽,127.027018534163,37.6380672373616,PC방
3309,"서울특별시 강북구 도봉로96길 11  (번동,2층)",벙커속의저글링,127.029578494872,37.6405883896446,PC방
3310,"서울특별시 강북구 도봉로24길 16  (미아동,2층)",논스톱PC,127.029892967434,37.619521180855,PC방
3311,서울특별시 강북구 삼양로123길 10 (수유동),로마루 PC,127.015299663419,37.6449524999366,PC방
3312,"서울특별시 강북구 오패산로 411  (번동,2층)",유니넷PC방 번동점,127.026439292291,37.6372594553038,PC방
3313,"서울특별시 강북구 오현로25다길 91  (번동,2층)",사이버 피플,127.033007316373,37.6256226479415,PC방
3314,"서울특별시 강북구 덕릉로 1  (수유동,, 2층)",제너시스21,127.013750291232,37.6339698664113,PC방
3315,"서울특별시 강북구 도봉로49길 11, 3층 (미아동)",아이리쉬PC,127.025765702919,37.6250118704133,PC방
3316,"서울특별시 강북구 도봉로 328  (번동,가든타워201호)",주식회사 게임아이,127.025191277715,37.6371277340534,PC방
3317,"서울특별시 강북구 한천로 1077, 현광빌딩 지하1층 (수유동)",BeBe PC 수유점,127.023205205737,37.6423135787989,PC방
3318,"서울특별시 강북구 삼양로 346  (수유동,지층)",드림존 PC방,127.017666458347,37.6344097467844,PC방
3319,"서울특별시 강북구 오현로20길 46  (번동,솔그린아파트 상가2층)",비타민PC,127.039061654283,37.6266916218151,PC방
3320,"서울특별시 강북구 노해로 97  (수유동,지층)",샤인 PC방,127.022945442913,37.644303543265,PC방
3321,"서울특별시 강북구 월계로7길 38, 1층 (미아동)",로또PC,127.03348235304,37.6118531662105,PC방
3322,"서울특별시 강북구 도봉로 313, 효성 인텔리안 오피스텔 지층 (수유동)",메가런PC방,127.023461920784,37.6364404587321,PC방
3323,"서울특별시 강북구 월계로7나길 4, 방천프라자 (미아동)",와우PC방,127.033708462013,37.6129553716493,PC방
3324,"서울특별시 강북구 솔매로 89  (미아동,,2층)",X인터넷피시방,127.022065541169,37.6253105767453,PC방
3325,"서울특별시 강북구 삼양로 370, 903동 0916호 (수유동,(2층))",우와넷,127.017452700056,37.6364568174109,PC방
3326,"서울특별시 강북구 솔샘로 219  (미아동,,47, 3층)",짱 인터넷PC게임방,127.017102732859,37.6201618073002,PC방
3327,"서울특별시 강북구 도봉로 249, 2층 (미아동)",해PC 수유시장점,127.024068364748,37.6307272765646,PC방
3328,서울특별시 강북구 한천로 1118  (수유동),와후수유점,127.020186917746,37.6449887953472,PC방
3329,"서울특별시 강북구 노해로 56  (수유동,(2층))",사이버월드,127.022771649695,37.6406614379771,PC방
3330,"서울특별시 강북구 월계로7길 49  (미아동,2층)",파워넷,127.033464453081,37.6123473637194,PC방
3331,"서울특별시 강북구 4.19로 3  (수유동,지층)",스피드PC프라자,127.013861190181,37.6479190764902,PC방
3332,"서울특별시 강북구 한천로109길 3  (번동,2층)",넷클럽,127.043812914652,37.6284570581872,PC방
3333,"서울특별시 강북구 솔샘로 313  (미아동,2층)",허브PC카페,127.027034998142,37.6175237492199,PC방
3334,"서울특별시 강북구 도봉로10가길 15  (미아동,, 1층)",아이존,127.031361727002,37.6130064740091,PC방
3335,"서울특별시 강북구 삼양로 447  (수유동,2층)",인터넷존,127.015934869853,37.6433428979238,PC방
3336,"서울특별시 강북구 삼양로54길 147  (미아동,3층)",바이러스게임방,127.025934549499,37.6238839778191,PC방
3337,서울특별시 강북구 삼양로 531 (우이동),사이버프랜드 PC방,127.013097068503,37.6502235187092,PC방
3338,"서울특별시 강북구 월계로37길 137, 지하1층 (번동, 기산그린아파트)",라임 PC&CAFE(번동점),127.043435610265,37.627170859251,PC방
3339,서울특별시 강북구 도봉로98길 28  (번동),클릭PC방,127.031161643215,37.641068927668,PC방
3340,"서울특별시 강북구 한천로131길 33  (번동,3층)",피씨방,127.026890682256,37.6379253614354,PC방
3341,"서울특별시 강북구 덕릉로 136-1  (번동,3층)",초콜릿PC존(번동점),127.0289108691,37.6349086554675,PC방
3342,서울특별시 강북구 도봉로 259 (수유동),방아간PC방,127.02375274585,37.6314386690103,PC방
3343,"서울특별시 강북구 덕릉로 37  (수유동,3층)",고수골,127.017827786225,37.6344040463093,PC방
3344,"서울특별시 강북구 도봉로 132, 엠디시빌딩 2층 (미아동)",3POP PC방 미아점,127.028707276977,37.6207624056416,PC방
3345,서울특별시 강북구 덕릉로 130 (번동),천지pc,127.028078473772,37.6348393905176,PC방
3346,"서울특별시 강북구 노해로 64-1, 1층 (수유동)",다온PC,127.022706251764,37.6413324137641,PC방
3347,"서울특별시 강북구 도봉로6길 12  (미아동,3층)",멀티PC방,127.0307538598,37.6124613555372,PC방
3348,"서울특별시 강북구 월계로37길 146  (번동,3층)",프로인터넷,127.043618953383,37.6284243341433,PC방
3349,"서울특별시 강북구 한천로139길 10  (수유동,3층)",사이버 퀸 PC방,127.026107427602,37.6398017482155,PC방
3350,"서울특별시 강북구 한천로140길 49  (수유동,1층)",퓨전,127.028539876058,37.6418362386848,PC방
3351,"서울특별시 강북구 한천로143길 36  (수유동,지층)",n스타PC,127.023284464785,37.6406870159442,PC방
3352,"서울특별시 강북구 노해로 95  (수유동,3층)",넷 킹,127.022681122062,37.6440189735156,PC방
3353,"서울특별시 강북구 오패산로67길 42, 1층 (번동)",셈미PC방,127.025790715108,37.6357653148818,PC방
3354,"서울특별시 강북구 도봉로 199  (미아동,2층)",인터넷PC월드,127.025766530318,37.6264243473455,PC방
3355,"서울특별시 강북구 한천로144길 11  (수유동,2층)",프로게이머,127.025561948799,37.6416490662271,PC방
3356,"서울특별시 강북구 삼양로77길 25  (수유동,2층)",아이지존,127.016878572118,37.6296952731454,PC방
3357,"서울특별시 강북구 도봉로87길 43  (수유동,2층)",큐릭스pc방,127.023476311114,37.6389665476182,PC방
3358,"서울특별시 강북구 솔샘로 225, 3층 (미아동)",런PC방,127.017759024953,37.6201521598856,PC방
3359,"서울특별시 강북구 수유로 38  (수유동,3층)",테라인터넷,127.019579360982,37.6342200576908,PC방
3360,"서울특별시 강북구 솔매로 102  (미아동,2층)",U2인터넷PCCLUB,127.023590672591,37.6254802979209,PC방
3361,"서울특별시 강북구 솔샘로 327  (미아동,2층)",사이버리아PC방,127.028455452166,37.617439353054,PC방
3362,"서울특별시 강북구 삼양로54길 143  (미아동,3층)","마징가PC,방",127.025792259305,37.6238427437952,PC방
3363,서울특별시 강북구 수유로 50 (수유동),아이비스 PC방 수유점,127.019633094903,37.6352073486734,PC방
3364,"서울특별시 강북구 노해로 124  (수유동,2층)",인터넷뉴월드,127.02493172925,37.6459883405072,PC방
3365,"서울특별시 강북구 월계로3길 12  (미아동,2층)",실로암컴퓨터(주),127.031437823398,37.6102810521026,PC방
3366,"서울특별시 강북구 오현로 35  (미아동,3층)",마린인터넷플라자,127.033899981641,37.616689463704,PC방
3367,"서울특별시 강북구 삼양로77길 25  (수유동,2층)",웹시티 PC방,127.016878572118,37.6296952731454,PC방
3368,"서울특별시 강북구 솔샘로64길 7  (미아동,지층)",무한클릭 PC방,127.027551039923,37.6168978935849,PC방
3369,"서울특별시 강북구 삼양로 423  (수유동,2층)",아마존PC방,127.016597361265,37.6412513516267,PC방
3370,"서울특별시 강북구 노해로 31, 삼오빌딩 2층 (수유동)",여우PC,127.022546310141,37.6384751516532,PC방
3371,"서울특별시 강북구 수유로 73-1, 2층 (수유동)",놀이터PC,127.021818998094,37.6363853634038,PC방
3372,"서울특별시 강북구 수유로 76  (수유동,지층)",짱PC,127.021933362617,37.6361661324857,PC방
3373,"서울특별시 강북구 4.19로 4  (수유동,2층)",넷스페이스,127.013730047776,37.6483246244788,PC방
3374,"서울특별시 강북구 삼양로 531  (우이동,2층)",사이버리아말티PC방우이동점,127.013097068503,37.6502235187092,PC방
3375,"서울특별시 강북구 삼양로 470  (수유동,지층)",드림피씨방,127.015895706194,37.6451277526052,PC방
3376,"서울특별시 강북구 노해로 95 (수유동,3층)",리플레이PC,127.022681122062,37.6440189735156,PC방
3377,"서울특별시 강북구 수유로 77, 2층 (수유동)",라스베가스PC,127.022147215854,37.6363827794914,PC방
3378,"서울특별시 강북구 노해로33길 23  (수유동,2층)",인터스페이스,127.023124384085,37.6462207119261,PC방
3379,"서울특별시 강북구 덕릉로 18, 986동 9180호 (수유동,(2층))",매직스페이스,127.01549632779,37.6338496387237,PC방
3380,"서울특별시 강북구 삼양로123길 6-12, 1층 (수유동)",히든PC,127.01533668915,37.6453755971713,PC방
3381,"서울특별시 강동구 상암로 73, 1층 (암사동)",세븐 PC,127.131245822201,37.5486440482384,PC방
3382,"서울특별시 강북구 삼양로 516  (수유동,(4층))",블리자드,127.014168603126,37.64907707393,PC방
3383,"서울특별시 강북구 노해로 88  (수유동,한영빌딩 3층)",로드넷,127.022676033029,37.6433057554597,PC방
3384,"서울특별시 강북구 도봉로 336  (번동,3층)",삼보피씨광장,127.025692922639,37.6376847950519,PC방
3385,"서울특별시 강북구 월계로7나길 9  (미아동,2층)",광인터넷PC나라,127.033362173064,37.6125859745342,PC방
3386,"서울특별시 강북구 덕릉로 64  (수유동,3층)",네오프러스PC방,127.020807468228,37.6342709333841,PC방
3387,"서울특별시 강북구 도봉로 381  (수유동,3층)",에니넷PC죤,127.028561585582,37.6411270685711,PC방
3388,"서울특별시 강북구 삼양로 529  (우이동,2층)",고개드니날샛네,127.013182815726,37.650032500731,PC방
3389,"서울특별시 강북구 삼양로 337  (수유동,,3층)",리얼탑넷,127.01734565592,37.6336215220719,PC방
3390,"서울특별시 강북구 도봉로 130  (미아동,3층)",U2인터넷PC클럽,127.028880419338,37.6206306390013,PC방
3391,"서울특별시 강북구 삼양로123길 27  (수유동,2층)",인터파크,127.014064641895,37.6445995580184,PC방
3392,"서울특별시 강북구 수유로 42  (수유동,3층)",로그인PC방,127.019575850107,37.6346564956703,PC방
3393,"서울특별시 강북구 수유로 69-1  (수유동,2층)",성호인터넷PC방,127.021393439051,37.6363182278353,PC방
3394,"서울특별시 강북구 삼양로91길 11-15  (수유동,1층)",루키죤PC방,127.016440995684,37.6360784588166,PC방
3395,"서울특별시 강북구 삼양로 346  (수유동,지층)",페스타임,127.017666458347,37.6344097467844,PC방
3396,"서울특별시 강북구 도봉로49길 11  (미아동,3층)",인터넷멀티죤ⅡPC방,127.025765702919,37.6250118704133,PC방
3397,"서울특별시 강북구 한천로139길 42  (수유동,영남빌딩501호)",썬PC클럽,127.024948947089,37.6388575866282,PC방
3398,"서울특별시 강북구 도봉로 337  (수유동,지하1층)",아이닉스 PC방,127.025268963896,37.6380260896375,PC방
3399,"서울특별시 강북구 월계로3길 69  (미아동,4층)",싸이버공원,127.031384301029,37.6128206841138,PC방
3400,"서울특별시 강북구 한천로 1127, 성은빌딩 3층 (수유동)",오션PC,127.01905594543,37.6452973902375,PC방
3401,"서울특별시 강북구 한천로 1105, 1층 (수유동)",백구PC,127.020962124279,37.6439897391917,PC방
3402,"서울특별시 강북구 도봉로 385  (수유동,2층)",아마존,127.028764274379,37.6413933503416,PC방
3403,"서울특별시 강북구 월계로7나길 29  (미아동,1층)",메게넷인터넷PC방,127.032280468835,37.6124186914476,PC방
3404,"서울특별시 강북구 오패산로77길 4  (번동,2층)",JOYFUL(조이풀)PCCLUB,127.026198676491,37.6373384352726,PC방
3405,"서울특별시 강북구 솔매로 70  (미아동,지하)",초콜릿PC방,127.019873212319,37.624747579185,PC방
3406,"서울특별시 강북구 도봉로96길 24  (번동,2층)",G-zone PC방,127.029827573322,37.6401211664112,PC방
3407,"서울특별시 강북구 도봉로13길 47  (미아동,,2층)",컴생컴사인터넷멀티게임장,127.027648004629,37.6150858031305,PC방
3408,"서울특별시 강북구 삼양로 292  (수유동,2층)",인터스페이스,127.018128174988,37.6294756976145,PC방
3409,"서울특별시 강북구 삼양로 522, 지하1층 (우이동)",소풍PC방 덕성여대점,127.013864912424,37.6496557214652,PC방
3410,서울특별시 강북구 노해로 37 (수유동),보고플레이,127.022516986001,37.6389179913251,PC방
3411,"서울특별시 강북구 한천로144길 22  (수유동,1층)",스크린도둑,127.02613624169,37.6418438233296,PC방
3412,"서울특별시 강북구 도봉로30길 6  (미아동,1층)",영화마을미아9동점,127.028946317748,37.6208558697605,PC방
3413,"서울특별시 강북구 도봉로95길 41  (수유동,1층)",신새대컴퓨터게임랜드,127.026794745565,37.642101717538,PC방
3414,서울특별시 강북구 인수봉로50길 10  (수유동),홍능과학출판사,127.013561392872,37.6349963811035,PC방
3415,"서울특별시 강북구 덕릉로 27  (수유동,2층)",한게임오때,127.01651174301,37.634260530625,PC방
3416,"서울특별시 강북구 도봉로87길 48  (수유동,2층)",준피씨방,127.023275387948,37.6391938158003,PC방
3417,"서울특별시 강북구 삼양로 625  (우이동,2층)",플레이플보스 PC방,127.013568757639,37.6586695455225,PC방
3418,서울특별시 강북구 한천로 1130  (수유동),럭셔리 PC방,127.019199509888,37.6457425430797,PC방
3419,"서울특별시 강북구 솔매로 77  (미아동,2층)",라이너 PC방,127.020812941036,37.6250520408791,PC방
3420,"서울특별시 강북구 노해로 53  (수유동,2층)",썬 pc카페,127.022352692152,37.6404004127581,PC방
3421,"서울특별시 강북구 솔샘로 264 (미아동,2층)",비발디 PC방,127.021645846432,37.6190759116726,PC방
3422,"서울특별시 강북구 도봉로 41-1  (미아동,402호)",탑 인터월드,127.029674823532,37.6127184136305,PC방
3423,"서울특별시 강북구 도봉로29길 10  (미아동,지하)",일루젼,127.027664593676,37.6207303993394,PC방
3424,"서울특별시 강북구 도봉로 45  (미아동,(3층))",짱인터넷PC방,127.02945322795,37.6131435556689,PC방
3425,"서울특별시 강북구 도봉로 59  (미아동,4층)",매직캐슬,127.029674064367,37.6142282907429,PC방
3426,"서울특별시 강북구 오현로34길 12  (번동,,2층)",인터라인,127.040039504413,37.6286035478846,PC방
3427,"서울특별시 강북구 노해로 113  (수유동,2층)",IBC-net,127.023887945328,37.6453844468256,PC방
3428,"서울특별시 강북구 삼양로 522  (우이동,,2층)",어라 PC 방이네,127.013864912424,37.6496557214652,PC방
3429,"서울특별시 강북구 솔샘로64길 2  (미아동,,2층)",NetZone,127.027220785164,37.6169805908464,PC방
3430,서울특별시 강북구 도봉로96길 11  (번동),아이닉스 PC방,127.029578494872,37.6405883896446,PC방
3431,"서울특별시 강북구 덕릉로 82, 제네스타워 3층 (수유동)",T-U PC방,127.022843274109,37.6344266074982,PC방
3432,"서울특별시 강북구 솔매로 101  (미아동,2층)",사이버랜드,127.023421827389,37.6256538616326,PC방
3433,"서울특별시 강북구 한천로139나길 1  (수유동,,4층)",ALPHA.net(알파넷),127.025278711331,37.6390404163578,PC방
3434,"서울특별시 강북구 월계로37길 107, 2층 (번동)",인디고PC방,127.043944960774,37.6268447837905,PC방
3435,서울특별시 강북구 솔매로43길 11-3 (미아동),"엔터,인터넷 PC방",127.023983541993,37.6262360565903,PC방
3436,"서울특별시 강북구 노해로11길 15, 지층동 (수유동)",테마PC방,127.02177010717,37.6388966880632,PC방
3437,"서울특별시 강북구 솔매로 79  (미아동,3층)",미션#1미아점,127.021022172022,37.6250699334293,PC방
3438,"서울특별시 영등포구 영등포로 248, 대흥빌딩 104호 (영등포동3가)",수박PC,126.908762583452,37.5188636633622,PC방
3439,"서울특별시 강북구 도봉로 290, 203호 (미아동, 수유역푸르지오시티)",골드PC,127.023773791961,37.6342034297487,PC방
3440,"서울특별시 강북구 월계로3길 28  (미아동,,2층)",SF인터넷PC방,127.031362337692,37.6109545615904,PC방
3441,"서울특별시 강북구 한천로109길 33  (번동,, 지층)",G.M.I,127.042294815654,37.6280914512264,PC방
3442,서울특별시 강북구 인수봉로75길 72  (수유동),디브이드키드,127.007049353103,37.6443796248858,PC방
3443,서울특별시 강북구 삼양로79길 20 (수유동),허브PC,127.016586123075,37.6309623714762,PC방
3444,"서울특별시 강북구 도봉로87길 14  (수유동,5층)",미션,127.024989508928,37.6385208799929,PC방
3445,"서울특별시 강북구 솔매로 99  (미아동,3층)",삼보인터넷PC광장,127.023205783688,37.6255918263219,PC방
3446,"서울특별시 강북구 솔매로 84  (미아동,지층)",프리존PC방,127.021618108086,37.6249875656425,PC방
3447,"서울특별시 강북구 덕릉로40길 79 (번동, 대명빌딩)",게임팩토리,127.033550579883,37.6343855765606,PC방
3448,"서울특별시 강북구 덕릉로40길 66 (번동, 신명타워)",게임팩토리PC,127.033037300442,37.6337330474474,PC방
3449,"서울특별시 강북구 도봉로87길 3  (수유동,덕인빌딩 지층)",나비 PC CLUB,127.025170304196,37.638095126176,PC방
3450,"서울특별시 강북구 한천로 1038, 천지빌딩,유료주차장 4층 (수유동)",1프로 PC 아레나,127.027026777635,37.6401812161408,PC방
3451,"서울특별시 강북구 도봉로30길 15  (미아동,2층)",오렌지pc방,127.029209680277,37.6211559238267,PC방
3452,"서울특별시 강북구 도봉로77길 15  (수유동,2층)",벤처PC,127.022360720421,37.6335413914787,PC방
3453,"서울특별시 강북구 도봉로10가길 16  (미아동,3층)",엘프PC방,127.031231214192,37.6129187523112,PC방
3454,"서울특별시 강북구 오패산로52길 61  (미아동,2층)",PC CLUB EZ,127.032279027625,37.6255907742857,PC방
3455,"서울특별시 강북구 노해로 57  (수유동,3층)",사이버리아PC방,127.022233155548,37.6407709202116,PC방
3456,"서울특별시 강북구 도봉로89길 8  (수유동,2층)",용가리PC방,127.026164986483,37.6391609551032,PC방
3457,"서울특별시 강북구 삼양로 623, 지층 (우이동)",유니넷PC방(우이동점),127.013523839792,37.6584533150352,PC방
3458,"서울특별시 강북구 노해로11길 10  (수유동,지하)",YES SIR PC방,127.022077316681,37.639078179423,PC방
3459,서울특별시 강북구 한천로140길 74 (수유동),타이탄pc,127.029429956149,37.6426006854172,PC방
3460,"서울특별시 강북구 수유로 81, 3층 (수유동)",파라다이스,127.022510327124,37.6363747821024,PC방
3461,"서울특별시 강북구 한천로 1055, 2층 (수유동)",홈런PC,127.025196975735,37.640916283958,PC방
3462,"서울특별시 강북구 도봉로 142  (미아동,,지층)",미아PC게임방,127.028379309336,37.6215396768441,PC방
3463,"서울특별시 강북구 한천로144길 31  (수유동,(2층))",매직스페이스,127.026258097712,37.6423188853258,PC방
3464,"서울특별시 강북구 솔매로 72-1  (미아동,2층)",HAT인터넷피씨방,127.020251787022,37.6247420187973,PC방
3465,"서울특별시 강북구 도봉로4길 37  (미아동,2층)",쌈장 (SSAMJANG),127.032621786863,37.6112750623809,PC방
3466,"서울특별시 강북구 삼양로 424  (수유동,3층)",인터매니아,127.017117690358,37.6414252573848,PC방
3467,"서울특별시 강북구 노해로 53  (수유동,2층)",하루종일PC게임방,127.022352692152,37.6404004127581,PC방
3468,"서울특별시 강북구 한천로139길 33  (수유동,3층)",킹덤,127.025469779274,37.6388376536752,PC방
3469,"서울특별시 강북구 삼양로 422  (수유동,3층)",사이버리아수유본점,127.01707740381,37.6411467689148,PC방
3470,서울특별시 강북구 삼양로 261  (미아동),짱PC방,127.017966762994,37.626734560931,PC방
3471,"서울특별시 강북구 오현로31길 129  (번동,충신빌딩 2층)",우주인터넷프라자,127.034502266654,37.6329712952548,PC방
3472,"서울특별시 강북구 덕릉로40길 79, 989동 6951호 (번동,(2층))",Njoy,127.033550579883,37.6343855765606,PC방
3473,"서울특별시 강북구 도봉로 211  (미아동,2층)",........................................,127.025415047869,37.6275050669958,PC방
3474,"서울특별시 강북구 도봉로 196  (미아동,,3층)",인터피아,127.026574236378,37.6261436910197,PC방
3475,"서울특별시 강북구 도봉로 34, 7층 (미아동, 트레지오빌딩)",레드포스 PC 아레나 미아점,127.03072164571,37.6120685327599,PC방
3476,서울특별시 강북구 도봉로98길 42 (번동),조은PC,127.031994967243,37.6410214029362,PC방
3477,서울특별시 강북구 도봉로 126 (미아동),eco PC cafe,127.028886630245,37.6202886225627,PC방
3478,"서울특별시 강북구 한천로109길 53, 2층동 (번동,유림빌딩)",사이버 길드,127.041410969408,37.6274625157464,PC방
3479,"서울특별시 강북구 도봉로 40  (미아동,(지층))",프리존,127.030433727904,37.6125920819171,PC방
3480,"서울특별시 강북구 도봉로10길 26  (미아동,2,3층)",사이버리아(미아점),127.031009690469,37.6137697946048,PC방
3481,"서울특별시 강북구 삼양로117길 5  (수유동,3층)",스카이PC방,127.015720170082,37.6434196905791,PC방
3482,"서울특별시 강북구 도봉로13길 22  (미아동,3층)",애플인터넷,127.029183096151,37.6151596749424,PC방
3483,"서울특별시 강북구 도봉로98길 28  (번동,2층)",프리타임 PC방,127.031161643215,37.641068927668,PC방
3484,"서울특별시 강북구 노해로23길 59  (수유동,(지층))",넷클럽PC방,127.020129293023,37.6455924643934,PC방
3485,"서울특별시 강북구 도봉로10길 32  (미아동,3층)",인터넷조인클럽,127.031122537382,37.6141334039203,PC방
3486,"서울특별시 강북구 삼각산로34길 46  (수유동,지층)",스카이PC네트웍,127.021651537423,37.6398676110843,PC방
3487,"서울특별시 강북구 노해로8길 33  (수유동,,3층)",스피드PC방,127.024523415758,37.6385815239791,PC방
3488,"서울특별시 강북구 인수봉로72길 41  (수유동,,298-1, 605-241, 지층)",골뱅이 넷,127.013103352406,37.64277634711,PC방
3489,"서울특별시 강북구 덕릉로40길 14  (번동,,2층)",스피드넷,127.030114330565,37.63448381008,PC방
3490,"서울특별시 강북구 인수봉로52길 2  (수유동,,1층)",길드존,127.013398990451,37.6353362513657,PC방
3491,"서울특별시 강북구 덕릉로 8, 지층 (수유동)",3POP PC방 한신대점,127.014423884135,37.6337456207615,PC방
3492,"서울특별시 강북구 삼양로 424, 정암빌딩 (수유동)",리플레이PC,127.017117690358,37.6414252573848,PC방
3493,"서울특별시 강북구 덕릉로19길 8, 1층 (수유동)",별밤PC방,127.020355261544,37.6348994496652,PC방
3494,서울특별시 강북구 한천로 940 (번동),종점PC,127.035597434114,37.6348400645376,PC방
3495,"서울특별시 강북구 삼양로 474-1  (수유동,(2층))",위자드인터넷세상,127.015672707256,37.6456371987219,PC방
3496,"서울특별시 강북구 삼양로 336  (수유동,(1층))",배틀넷,127.017744859649,37.6334675743545,PC방
3497,"서울특별시 강북구 삼양로 430  (수유동,2층)",넷크럽,127.016867270761,37.6418445215144,PC방
3498,"서울특별시 강북구 오현로 137  (번동,번동완성주상복합 210호)",블루넷,127.037072255741,37.6247342390119,PC방
3499,"서울특별시 강북구 도봉로 386  (번동,3층)",아마존인터넷PC방,127.029225259709,37.6409840098933,PC방
3500,"서울특별시 강북구 오패산로 400  (번동,지층)",위너스PC라인,127.027595768771,37.636783650526,PC방
3501,"서울특별시 강북구 노해로 23  (수유동,2층)",큐브 스페이스 PC방,127.022631738465,37.6377305613119,PC방
3502,"서울특별시 강북구 노해로 11  (수유동,,2층)",도깨비 인터넷,127.022764410603,37.6366169181804,PC방
3503,"서울특별시 강북구 삼양로73길 21  (수유동,,2층)",블리자드,127.017066158424,37.6301248364014,PC방
3504,"서울특별시 강북구 도봉로 350  (번동,5층)",인터가이,127.026701363107,37.6385651938447,PC방
3505,"서울특별시 강북구 월계로37길 91, 983동 9471호 (번동,(2층))",엔조이PC방,127.044029484657,37.6261035105171,PC방
3506,"서울특별시 강북구 오현로25다길 95  (번동,410,416 (지층))",PC타고 세계여행,127.032813676893,37.6255213409259,PC방
3507,"서울특별시 강북구 삼양로 267  (미아동,,3층)",사이브보이즈,127.017884900854,37.6273754451897,PC방
3508,"서울특별시 강북구 오현로 163, 3층동 (번동)",컴토피아 인터넷 PC 프라자,127.037029657175,37.6270058203577,PC방
3509,"서울특별시 강북구 도봉로 129,  3층호 (미아동)",사이버21,127.028173848583,37.6203849302826,PC방
3510,"서울특별시 강북구 덕릉로 19-1  (수유동,3층)",알파넷.PC,127.015836276237,37.6341888146687,PC방
3511,"서울특별시 강북구 오패산로 417  (번동,(2층))",지란지교PC방,127.025838717687,37.6376286318446,PC방
3512,"서울특별시 강북구 솔샘로 224  (미아동,(2층))",클릭한번,127.017560848109,37.6198748655135,PC방
3513,"서울특별시 강북구 인수봉로 186  (수유동,, 2층)",레드얼렛,127.013192049467,37.6362480718524,PC방
3514,"서울특별시 강북구 삼양로 258  (미아동,570 (3층))",인터넷유니버스,127.018427740397,37.6264197751681,PC방
3515,"서울특별시 강북구 삼양로 460  (수유동,(2층))",매트릭스게임방,127.016094180485,37.6444006316356,PC방
3516,"서울특별시 강북구 오패산로 402  (번동,(2층))",한게임PC방,127.027492019096,37.6368651238055,PC방
3517,"서울특별시 강북구 삼양로123길 1, 삼원빌딩 지하1층 (수유동)",GEEKSTAR PC cafe,127.015463132055,37.6447775075406,PC방
3518,"서울특별시 강북구 도봉로 394, 세오빌딩 지하1층 (번동)",런PC방,127.030053308433,37.6416222394674,PC방
3519,서울특별시 강북구 솔샘로 238 (미아동),솔샘PC,127.019146718363,37.6197334340672,PC방
3520,"서울특별시 강북구 노해로 23, 한성빌딩 2층 (수유동)",라스PC,127.022631738465,37.6377305613119,PC방
3521,"서울특별시 강북구 도봉로 313, 효성 인텔리안 오피스텔 지하1층 (수유동)",로얄PC,127.023461920784,37.6364404587321,PC방
3522,"서울특별시 강북구 도봉로82길 33, 청도빌딩 3층 (번동)",마카오PC,127.025356154712,37.6352146367142,PC방
3523,"서울특별시 강북구 도봉로 269, 2층 (수유동)",명당PC,127.023418072655,37.6324612648272,PC방
3524,"서울특별시 강북구 도봉로 280, 3층 (미아동)",오공PC,127.023735238193,37.6333833603855,PC방
3525,"서울특별시 도봉구 방학로5길 53  (쌍문동,지하1층)",아이디 PC방,127.037993995373,37.6603177788685,PC방
3526,"서울특별시 도봉구 도봉로 575, 삼환프라자 2층 (쌍문동)",런PC,127.038790046328,37.6564054566286,PC방
3527,"서울특별시 도봉구 도봉로104길 53, 2층 (창동)",니코PC방 창동점,127.035021358294,37.6433358929241,PC방
3528,"서울특별시 도봉구 해등로 242-12, 지층 8호 (쌍문동, 현대아파트)",PDS PC방,127.030724177917,37.6586683068739,PC방
3529,"서울특별시 도봉구 도봉로181길 38  (도봉동,2층)",미르 PC방,127.043803736714,37.684395707925,PC방
3530,"서울특별시 도봉구 노해로69길 15-15, 201호 (창동)",골드PC,127.049976589031,37.6528238071177,PC방
3531,"서울특별시 도봉구 도봉로145길 64, 1층 (방학동)",바다PC,127.039000883716,37.6647337898197,PC방
3532,"서울특별시 도봉구 덕릉로 218, 1층 (창동)",골든PC,127.037156498664,37.6374041482732,PC방
3533,"서울특별시 도봉구 마들로11가길 6-25, 지하1층 (창동, 월가타워)",삼성PC,127.049035628214,37.6522203633914,PC방
3534,"서울특별시 도봉구 방학로 130, 1층 103호 (방학동)",신한PC,127.037809637423,37.6630659212693,PC방
3535,"서울특별시 도봉구 노해로40길 72, 쌍문한양아파트 상가동 3층 (쌍문동)",스톤PC 쌍문점,127.030083812739,37.646742794246,PC방
3536,서울특별시 도봉구 도당로 82 (방학동),도깨비PC,127.036462898274,37.6649991296564,PC방
3537,"서울특별시 도봉구 방학로2길 72, 1층 (방학동)",뚜비PC,127.041041322628,37.6661666479872,PC방
3538,"서울특별시 도봉구 도당로 140, 1층 (방학동)",대박PC방,127.04186989107,37.6670518404844,PC방
3539,"서울특별시 도봉구 도봉로 578, 2층 1호 (창동)",MAXSPEED PC 창동본점,127.039703171252,37.6562940617336,PC방
3540,"서울특별시 도봉구 마들로11가길 6-25, 지층 (창동, 월가타워)",레벨업PC방 창동점,127.049035628214,37.6522203633914,PC방
3541,"서울특별시 도봉구 마들로11길 65, 3층 (창동)",맥스피드PC창동역점,127.049667391336,37.6534171446527,PC방
3542,"서울특별시 도봉구 덕릉로 220, 3층 (창동)",귀족PC방,127.037389882528,37.6376121119885,PC방
3543,"서울특별시 도봉구 도당로 129, 1층 (방학동)",세븐 PC,127.04053459427,37.6674545947006,PC방
3544,"서울특별시 도봉구 도당로 96, 1층 (방학동)",팀PC,127.037568801635,37.6657730854812,PC방
3545,"서울특별시 도봉구 도봉로 663-30, 1층 (방학동)",웰컴PC,127.041561219597,37.6633219792876,PC방
3546,"서울특별시 도봉구 방학로3길 12, 1층 (방학동)",레드PC,127.040748882237,37.6621909006666,PC방
3547,"서울특별시 도봉구 도봉로 891, 3층 (도봉동)",불독PC,127.045739057138,37.6840240406338,PC방
3548,"서울특별시 도봉구 시루봉로 246, 1층 (방학동)",도깨비PC,127.036758971831,37.6694281677539,PC방
3549,"서울특별시 도봉구 덕릉로 251, 1층 (창동)",777PC,127.039151077797,37.6401649316932,PC방
3550,"서울특별시 도봉구 도당로 106, 1층 (방학동)",조은PC,127.038320968142,37.6662877539667,PC방
3551,"서울특별시 도봉구 방학로 106, 1층 (방학동)",VIP PC,127.04048901097,37.6630372817803,PC방
3552,"서울특별시 도봉구 마들로11가길 16, KING 프라자 502호 (창동)",아지트pc,127.048970356141,37.6525659173791,PC방
3553,"서울특별시 도봉구 해등로26길 7  (쌍문동,우진플라자 308)",인터넷PC게임나라,127.03260591856,37.6584359791246,PC방
3554,"서울특별시 도봉구 해등로 132, 1층 (창동)",팡팡PC,127.04080868818,37.6552942248842,PC방
3555,서울특별시 도봉구 덕릉로 263 (창동),아지트PC,127.039979846044,37.6409472489549,PC방
3556,"서울특별시 도봉구 도당로 6, 2층 201호 (쌍문동, 쌍문동 LG트윈빌2)",리플레이PC(REPLAY PC),127.035371175956,37.6587118738827,PC방
3557,"서울특별시 도봉구 덕릉로57길 14, 1층 (창동)",리치PC,127.037728466815,37.6395039823435,PC방
3558,"서울특별시 도봉구 도봉로139길 74  (쌍문동,지하1층)",아지트PC방,127.037694627503,37.6606531301357,PC방
3559,"서울특별시 도봉구 도봉로139길 74  (쌍문동,지1층)",아지트 PC방,127.037694627503,37.6606531301357,PC방
3560,"서울특별시 도봉구 도당로13가길 7  (방학동,2층)",넷크럽 방학점,127.035796667315,37.6656623654809,PC방
3561,"서울특별시 도봉구 도당로 36, 재인상가 203,204호 (방학동)",제로백 방학점,127.035020837016,37.6612887857871,PC방
3562,"서울특별시 도봉구 도봉로157길 10  (도봉동,38 1층106호)",코리아PC클럽,127.043603802025,37.6738252302102,PC방
3563,"서울특별시 도봉구 도당로13길 35  (방학동,2층)",인터넷 월드,127.034563487524,37.6660751121465,PC방
3564,"서울특별시 도봉구 도봉로165길 17  (도봉동,2층)",테라인터넷,127.044010859292,37.6770995978497,PC방
3565,서울특별시 도봉구 도봉로181길 41  (도봉동),스타쉽월드,127.043471536797,37.684346367161,PC방
3566,"서울특별시 도봉구 우이천로38길 51  (쌍문동,지 1층)",SOLO인터넷 PC 게임방,127.023422958455,37.6516330400173,PC방
3567,"서울특별시 도봉구 도봉로181길 34  (도봉동,3층)",인터넷탑,127.044006879835,37.6843718464827,PC방
3568,"서울특별시 도봉구 도봉로169나길 63  (도봉동,지층)",울트라넷 멀티장,127.043781920536,37.6767889354071,PC방
3569,"서울특별시 도봉구 도봉로170길 8,  2호 (도봉동,2층)",늑대와 여우 PC라운지 도봉역점,127.045959117951,37.6803696777252,PC방
3570,"서울특별시 도봉구 도봉로165길 14  (도봉동,1층)",마우스 패밀리,127.044078175661,37.6774520356679,PC방
3571,"서울특별시 도봉구 도봉로177길 13  (도봉동,2층)",클릭인터넷,127.044679926029,37.6813056551256,PC방
3572,"서울특별시 도봉구 도봉로 587  (쌍문동,2층)",버그버그pc방,127.039559615486,37.657415922737,PC방
3573,서울특별시 도봉구 노해로65길 14  (창동),람세스pc방,127.046523773308,37.6520344268197,PC방
3574,"서울특별시 도봉구 도봉로153길 16  (도봉동,지하)",인pc방,127.042598441581,37.6699989563876,PC방
3575,"서울특별시 도봉구 마들로 709  (도봉동,지층)",인터넷세상속으로,127.046506000551,37.673500850142,PC방
3576,"서울특별시 도봉구 마들로11길 73, 402호 (창동)",룰루랄라 PC방,127.049060560533,37.6532567533904,PC방
3577,"서울특별시 도봉구 도봉로169나길 38  (도봉동,2층)",PC 마을,127.043401296558,37.6780083708478,PC방
3578,"서울특별시 도봉구 도봉로109길 35  (쌍문동,2층)",마르까 PC방,127.031408153406,37.6469005717283,PC방
3579,"서울특별시 도봉구 도봉로 869  (도봉동,지층)",PC클럽엔터,127.045402264555,37.6820190441342,PC방
3580,"서울특별시 도봉구 삼양로 544  (쌍문동,지층)",배틀존,127.012997959958,37.6517754729135,PC방
3581,서울특별시 도봉구 도봉로110나길 21 (창동),엔탑PC방,127.034681963129,37.6471447222566,PC방
3582,"서울특별시 도봉구 방학로5길 74, 지층 (쌍문동)",로웰 PC,127.037786888105,37.659550209069,PC방
3583,"서울특별시 도봉구 마들로11가길 15, 3층 (창동)",여우PC,127.049257910527,37.6526568870103,PC방
3584,"서울특별시 도봉구 도봉로181길 34  (도봉동,2층)",PC ZEN,127.044006879835,37.6843718464827,PC방
3585,"서울특별시 도봉구 도봉로133길 13  (쌍문동,2층)",삼보인터넷플라자,127.038878812564,37.6573355111957,PC방
3586,"서울특별시 도봉구 도봉산3길 63  (도봉동,2층)",스타게이트pc방,127.043801548807,37.6845308554121,PC방
3587,"서울특별시 도봉구 도봉산1길 70  (도봉동,2층)",밀레니엄pc방,127.045251329286,37.6841828008894,PC방
3588,"서울특별시 도봉구 도봉로169가길 13  (도봉동,2층)",클릭PC게임방,127.043346439226,37.6803611165411,PC방
3589,"서울특별시 도봉구 노해로63길 84-3, 동선빌딩 지하층 (창동)",쓰리팝PC 창동점,127.046973416955,37.6527394478184,PC방
3590,"서울특별시 도봉구 노해로 341  (창동,신원리베르텔 306, 307호)",PC Z,127.045912956978,37.6514452431588,PC방
3591,"서울특별시 도봉구 마들로 724, 1층 (도봉동)",J J PC,127.047662295599,37.6745440831023,PC방
3592,"서울특별시 도봉구 도봉로 869  (도봉동,지층)",pc클럽엔터,127.045402264555,37.6820190441342,PC방
3593,"서울특별시 도봉구 도봉로 771  (도봉동,1층)",스타 PC 방,127.043868682554,37.6733973469258,PC방
3594,"서울특별시 도봉구 도당로27길 32  (방학동,지하1층)",한두 PC방,127.041047162228,37.6687438104107,PC방
3595,"서울특별시 도봉구 마들로11길 73, 7층 (창동)",스카이 PC,127.049060560533,37.6532567533904,PC방
3596,"서울특별시 도봉구 마들로 693  (도봉동,2층)",오렌지나라,127.046337521476,37.6719824054082,PC방
3597,서울특별시 도봉구 도봉로 585 (쌍문동),미화pc게임랜드,127.039373995084,37.657221733121,PC방
3598,"서울특별시 도봉구 도봉로 765, 지하1층 (도봉동)",Vacation PC Cafe,127.043783062754,37.6727524575616,PC방
3599,"서울특별시 도봉구 도당로 133, 지하1층 (방학동)",REPLAY pc,127.041097340025,37.6674486336944,PC방
3600,"서울특별시 도봉구 방학로6길 8  (방학동,2층)",The Heaven,127.037411985765,37.6633839141932,PC방
3601,"서울특별시 도봉구 도봉로 468, 홍일빌딩 206호 (창동)",레드포스PC아레나 쌍문점,127.034372618396,37.6473861862855,PC방
3602,"서울특별시 도봉구 도봉로157길 10  (도봉동,603-38 1층 106호)",코리아 PC클럽,127.043603802025,37.6738252302102,PC방
3603,"서울특별시 도봉구 도당로 97, 1층 (방학동)",해피PC,127.037449696254,37.666029812755,PC방
3604,"서울특별시 도봉구 도봉로 775  (도봉동,2층)",클릭 pc town,127.044001625232,37.673748228918,PC방
3605,"서울특별시 도봉구 마들로 686  (도봉동,6층)",토네이도,127.04670145023,37.6713785153228,PC방
3606,"서울특별시 도봉구 도봉로156길 21  (도봉동,3층)",인터넷플라자,127.045532202929,37.6727799058561,PC방
3607,"서울특별시 도봉구 도봉로 879  (도봉동,2층)",이카,127.045605667725,37.6829868864524,PC방
3608,"서울특별시 도봉구 우이천로20길 7, 103동 302호 (창동,건영A)",PC 투게더,127.034771563448,37.6417332058849,PC방
3609,"서울특별시 도봉구 도봉로169나길 67  (도봉동,1층)",PC 클럽,127.043824108829,37.6766290860611,PC방
3610,"서울특별시 도봉구 도봉로 875  (도봉동,지층)",스카이넷 PC방,127.045526793033,37.6826627450157,PC방
3611,"서울특별시 도봉구 노해로63길 84-9, 창동 SR스타빌 지층 (창동)",엔플스윙,127.047268829188,37.6525366988117,PC방
3612,"서울특별시 도봉구 도봉로 891  (도봉동,2층)",NOLL 피시방,127.045739057138,37.6840240406338,PC방
3613,"서울특별시 도봉구 도봉로109길 30  (쌍문동,2층)",오렌지존 PC방,127.031681641411,37.6470564588623,PC방
3614,"서울특별시 도봉구 도봉로169나길 43  (도봉동,2층)",사이버 인터넷 게임방,127.043840075352,37.67775638498,PC방
3615,"서울특별시 도봉구 도봉로 727-1, 지하1층 (방학동)",리플레이PC,127.043160675894,37.6694684351132,PC방
3616,"서울특별시 도봉구 도봉산3길 73  (도봉동,2층)",노블레스PC방,127.043705911671,37.684030397694,PC방
3617,"서울특별시 도봉구 도봉로147길 6  (방학동,2층)",초이스,127.042332125004,37.6652959345368,PC방
3618,"서울특별시 도봉구 노해로67길 10, 3층 (창동)",찰리팝PC카페,127.049684921314,37.6523442471361,PC방
3619,"서울특별시 도봉구 도봉로153길 19  (방학동,지하 1층)",c.n.s pc방,127.042367590041,37.6698637123308,PC방
3620,"서울특별시 도봉구 마들로 728  (도봉동,3층)",애플PC방,127.047617465037,37.6749890047892,PC방
3621,"서울특별시 도봉구 도봉로145길 56  (방학동,2층)",사이버존 인터넷 PC게임클럽,127.039537996108,37.6647309981606,PC방
3622,"서울특별시 도봉구 방학로2길 50  (방학동,2층)",BNC 인터넷 PC,127.041014834329,37.6651977425415,PC방
3623,"서울특별시 도봉구 도당로 76 (방학동,지하)",B one PC카페,127.035966945313,37.6645720367997,PC방
3624,"서울특별시 도봉구 도봉산3길 73  (도봉동,2층)",엔조이 PC방,127.043705911671,37.684030397694,PC방
3625,"서울특별시 도봉구 도당로 144, 1층 101호 (방학동, 타운힐하우스)",88PC,127.042165551337,37.6669624479945,PC방
3626,"서울특별시 도봉구 마들로11가길 16, KING 프라자 2층 204호 (창동)",마카오PC,127.048970356141,37.6525659173791,PC방
3627,"서울특별시 도봉구 시루봉로 222, 101호 (방학동)",고니PC,127.034754821262,37.6680495547322,PC방
3628,"서울특별시 도봉구 도당로 118, 거성학마을아파트 2층 201호 (방학동)",보이게임랜드,127.039531845514,37.6670246267585,PC방
3629,"서울특별시 도봉구 노해로65길 17, 중앙빌딩 지층 (창동)",공쥬PC,127.046095779851,37.6520591916627,PC방
3630,"서울특별시 노원구 공릉로 144, 공릉빌딩 3층 (공릉동)",EFCPC방,127.079489105218,37.6226202059241,PC방
3631,"서울특별시 노원구 노해로 507, 지하2층 (상계동, 와우쇼핑몰)",와우pc방,127.063889081054,37.6554272387774,PC방
3632,"서울특별시 노원구 동일로242가길 22, 202호 (상계동)",몽키PC방,127.056028731455,37.6768114134294,PC방
3633,"서울특별시 노원구 한글비석로 77, 2층 (하계동)",셀프PC 하계점,127.070466464149,37.6375614945414,PC방
3634,"서울특별시 노원구 동일로178길 49, 102호 (공릉동)",놀이터PC방,127.077316162454,37.6217579633396,PC방
3635,"서울특별시 노원구 노해로85길 10-55, 소담빌 103호 (상계동)",로또PC게임장,127.06612372319,37.6564361884886,PC방
3636,"서울특별시 노원구 한글비석로24길 24, 홍익교회 1층 우측호 (상계동)",좋은친구들PC방,127.0721214414,37.6618556822404,PC방
3637,"서울특별시 노원구 덕릉로83길 18, 2층 (중계동)",해피시방,127.074419173589,37.6601375252328,PC방
3638,"서울특별시 노원구 공릉로 172, 반야빌딩 3층 (공릉동)",런PC방,127.080022646504,37.6252765854844,PC방
3639,"서울특별시 노원구 상계로 108, SKY미술학원 2층 (상계동)",탑클래스PC방,127.067134913329,37.6570413475281,PC방
3640,"서울특별시 노원구 상계로5길 31, 보광빌딩 지층 (상계동)",크라우드 PC방 노원점,127.063002136433,37.6568270310995,PC방
3641,"서울특별시 노원구 노원로 558, 지층 (상계동)",CORE PC CAFE,127.057103675682,37.6615427085199,PC방
3642,"서울특별시 노원구 한글비석로 326, 중계주공아파트2단지목욕탕상가 지층 (중계동)",오엑스 피씨 중계점,127.078327032564,37.6565230496255,PC방
3643,"서울특별시 노원구 공릉로 101, 경동상가 2층 (공릉동)",맥스피드PC방 태릉역점,127.077841683528,37.6193014358931,PC방
3644,"서울특별시 노원구 상계로1길 54-4, 2층 (상계동, 상계동 센트럴타워)",유지트PC 노원본점,127.061721168928,37.6581574674605,PC방
3645,"서울특별시 노원구 상계로 136, 1층 (상계동)",쓰리랑PC방,127.069864186149,37.6582613138465,PC방
3646,"서울특별시 노원구 동일로173가길 115, 1층 (공릉동, 서진프라자아파트)",놀이터PC,127.071880999099,37.6233418210089,PC방
3647,"서울특별시 노원구 동일로 1551, 삼전빌딩 지하1층 (상계동)",더블랙PC카페,127.056844136528,37.6668881732629,PC방
3648,서울특별시 노원구 동일로 1048 (공릉동),욜로PC공릉점,127.073937845108,37.6236617520042,PC방
3649,"서울특별시 노원구 석계로 103, 동우빌딩 3층 (월계동)",아레나PC방,127.060712349808,37.6228376867667,PC방
3650,"서울특별시 노원구 한글비석로 264, 중계그랜드프라자 지층 (중계동)",더세븐PC방,127.077337907538,37.6511587125973,PC방
3651,"서울특별시 노원구 동일로 1673, 상계빌딩 지하1층 (상계동)",NIC PC,127.054942094267,37.6778972437903,PC방
3652,"서울특별시 노원구 동일로 1651, 2층 3호 (상계동)",홈런PC,127.055010947165,37.6759608277495,PC방
3653,"서울특별시 노원구 상계로 308, 3층 (상계동)",대박PC,127.079755035423,37.670376385862,PC방
3654,"서울특별시 노원구 한글비석로 227, 이진빌딩 지하1층 (중계동)",쇼타임pc방 은행사거리점,127.076251603698,37.6479118263804,PC방
3655,"서울특별시 노원구 노해로 482, 덕영빌딩 지층 101, 102호 (상계동)",있지피씨,127.061716819928,37.6542725250696,PC방
3656,"서울특별시 노원구 공릉로 181, 4층 (공릉동)",라이또PC방 공릉본점,127.079415945795,37.6259363374297,PC방
3657,"서울특별시 노원구 공릉로20길 3, 이룸 빌딩 2층 201호 (공릉동)",라이온PC,127.078407244935,37.619413144326,PC방
3658,"서울특별시 노원구 동일로218길 17, 일신상가 지층 1호 (상계동)",PC 대박,127.061772133025,37.6538758836589,PC방
3659,"서울특별시 노원구 상계로 139, 청양빌딩 1층 (상계동)",메이드 PC방,127.070004291501,37.6585351292261,PC방
3660,"서울특별시 노원구 동일로203가길 29, 279호 (중계동, 브라운스톤중계)",범PC,127.06428375943,37.6398759609875,PC방
3661,"서울특별시 노원구 동일로180길 41, 2층 (공릉동)",깡통로봇 PC방,127.076543157312,37.6227280196366,PC방
3662,"서울특별시 노원구 덕릉로83길 22, 3층 (중계동)",로얄PC,127.074209796325,37.6601982030916,PC방
3663,"서울특별시 노원구 동일로 1596, 송현빌딩 지층 (상계동)",아론PC방 마들점,127.056842608831,37.6709781734407,PC방
3664,"서울특별시 노원구 동일로 1673, 상계빌딩 지층 (상계동)",NIC PC,127.054942094267,37.6778972437903,PC방
3665,"서울특별시 노원구 공릉로34길 34, 지층 (공릉동, 서광빌딩)",이스포츠PC방,127.080954140138,37.6229780730942,PC방
3666,"서울특별시 노원구 한글비석로 273, 지층 (중계동, 대웅빌딩)",펀홀릭 PC방,127.077219064677,37.652170864325,PC방
3667,"서울특별시 노원구 한글비석로 265, 지층 (중계동, 영광프라자)",쇼타임 PC방 은행사거리 2호점,127.076558915758,37.6514499678519,PC방
3668,"서울특별시 노원구 공릉로 198, 2층 (공릉동)",스펀지PC방,127.078601108937,37.6274300879998,PC방
3669,"서울특별시 노원구 월계로 336, 지층 (월계동, 상천빌딩)",샹떼 인터피아 PC방,127.057826925002,37.6291772173172,PC방
3670,"서울특별시 노원구 상계로3길 21, 4층 (상계동, 화일빌딩)",퍼니링크 pc방,127.062275580083,37.6572141183604,PC방
3671,서울특별시 노원구 덕릉로126길 17 (상계동),인터밸리pc방,127.082152522423,37.6707494578532,PC방
3672,"서울특별시 노원구 덕릉로 816, 2층 (상계동)",LED PC방,127.08075967014,37.6694669739467,PC방
3673,"서울특별시 노원구 노해로79길 6-19, 4층 2호 (상계동, 화랑상가)",탑플레이스PC방,127.062451047074,37.6554979250604,PC방
3674,"서울특별시 서초구 강남대로 523, 성창빌딩 지하층 (반포동)",로얄pc랜드,127.022052779902,37.5087231568081,PC방
3675,"서울특별시 노원구 동일로 1045, 3층 (공릉동, 세종빌딩)",에이스PC방,127.073411876507,37.6234059297882,PC방
3676,"서울특별시 노원구 동일로182길 37-14, 101호 (공릉동)",공릉PC,127.076153237632,37.6238126999489,PC방
3677,"서울특별시 노원구 광운로 52, 세영전자학원 401호 (월계동)",엔탑PC방,127.059747350877,37.6218399755136,PC방
3678,"서울특별시 노원구 동일로191가길 34, 금광빌딩 2층 (공릉동)",제로백PC,127.07130486782,37.6266532971327,PC방
3679,"서울특별시 노원구 화랑로 463, 지층 (공릉동)",3POP,127.078649438496,37.6190037545529,PC방
3680,"서울특별시 노원구 상계로 76, 지층 (상계동)",뱅갈PC방,127.063442617087,37.6561357418001,PC방
3681,"서울특별시 노원구 한글비석로24길 13, 2층 (상계동)",포그네 PC방,127.071568873433,37.6615556316622,PC방
3682,"서울특별시 노원구 덕릉로 849, 한양탁구장 1층 (상계동)",대박PC,127.082605479913,37.6720951149989,PC방
3683,"서울특별시 노원구 덕릉로 822, 성우빌딩 4층 (상계동)",퍼플펍PC방,127.081039940065,37.669851410048,PC방
3684,"서울특별시 노원구 상계로 64, 2층 3호 (상계동, 화랑빌딩)",해피로PC방,127.062277905261,37.6557918268818,PC방
3685,"서울특별시 노원구 상계로3길 28, 301호 (상계동, 영빈빌딩)",funnylinkPC 노원2호점,127.062631810118,37.6573981805623,PC방
3686,"서울특별시 노원구 마들로1길 44, 2층 (월계동)",시크릿PC카페,127.063970855033,37.6236591971724,PC방
3687,"서울특별시 노원구 동일로242가길 50, 지상3층 (상계동)",아이닉스 PC방,127.056080622572,37.6781315029878,PC방
3688,"서울특별시 노원구 동일로191가길 6, B01호 (공릉동, 건양오피스텔)",PCCUS,127.07164570234,37.6253252165218,PC방
3689,"서울특별시 노원구 동일로 1678, 지하1층 (상계동)",긱스타PC방 수락산역점,127.055706735633,37.6780947400484,PC방
3690,"서울특별시 노원구 월계로 334, 지층 (월계동, 그랑디오피스텔)",3POP PCcafe,127.057612466252,37.6290173070666,PC방
3691,"서울특별시 노원구 노원로28길 67, 지성빌딩 지층 (상계동)",아토,127.070736973974,37.6548387739853,PC방
3692,"서울특별시 노원구 상계로3길 35 (상계동, 지상2층)",베스타PC방,127.062166684198,37.6577721538837,PC방
3693,"서울특별시 노원구 한글비석로 264, 지층 (중계동, 중계그랜드프라자)",불독PC방,127.077337907538,37.6511587125973,PC방
3694,"서울특별시 노원구 동일로 1593, 2층~3층 (상계동)",큐브PC방,127.055778970548,37.6707082070833,PC방
3695,"서울특별시 노원구 한글비석로24길 37 (상계동, 신천교회)",바닐라PC,127.072380754168,37.6624424225155,PC방
3696,"서울특별시 노원구 광운로 48, 지하1호 (월계동)",닥터PC,127.05950299102,37.6216626945733,PC방
3697,"서울특별시 노원구 누원로 18, 401호 (상계동, 시티플러스상가)",PC Latte,127.05287273244,37.6862145785044,PC방
3698,"서울특별시 노원구 한글비석로 254, B05호 (중계동, 대명프라자)",사이버존PC방,127.077086240765,37.6504043041825,PC방
3699,"서울특별시 노원구 공릉로 211, 동신아파트 102동 상가 1~6호 (공릉동)",리얼(REAL)PC방,127.077315687829,37.6282993079139,PC방
3700,"서울특별시 노원구 공릉로46길 3, 201호 (공릉동, 공릉동평화타운)",1% PC 아레나,127.079141072247,37.6271656479512,PC방
3701,"서울특별시 노원구 덕릉로 740, 2층 (상계동)",애니락 PC방,127.076401677224,37.6636623376578,PC방
3702,"서울특별시 노원구 상계로5길 26, 5층 (상계동, 신일빌딩)",퍼니링크PC,127.063254867375,37.6571079121252,PC방
3703,"서울특별시 노원구 덕릉로83길 20-5 (중계동, 지하전체)",초콜릿PC zone,127.074276928102,37.6603512375802,PC방
3704,"서울특별시 노원구 광운로 68, 1층 102호 (월계동)",바닐라성북역 PC방,127.060282176416,37.6233163314976,PC방
3705,서울특별시 은평구 연서로21길 36 (갈현동),7PC,126.914044556959,37.6158571844366,PC방
3706,"서울특별시 은평구 응암로 340, 지층 (응암동)",펜플PC방,126.922636551293,37.6014709973596,PC방
3707,"서울특별시 은평구 통일로83길 6-5 (갈현동,지층)",테라PC방,126.918922584191,37.6212342178056,PC방
3708,"서울특별시 은평구 역말로 7 (역촌동,1층)",PC클럽,126.911124813587,37.6057710638063,PC방
3709,"서울특별시 은평구 갈현로 82, 5층 (역촌동)",샹떼PC방 역촌점,126.910685555782,37.6052664482641,PC방
3710,"서울특별시 은평구 응암로22길 22-1, 합도빌딩 3층 (응암동)",ZERO100PC 응암점,126.920641115636,37.5932429037821,PC방
3711,"서울특별시 은평구 갈현로 94, 1층 104호 (역촌동)",여우PC,126.910744225634,37.6063031713533,PC방
3712,"서울특별시 은평구 통일로 835, 우리은행연신내지점 지하층 (대조동)",쿡몬스터PC카페,126.921723576681,37.6179057885639,PC방
3713,"서울특별시 은평구 갈현로 181-5, 202호 (갈현동)",프랜즈PC클럽,126.911679928227,37.6142284337903,PC방
3714,"서울특별시 은평구 가좌로 309, 1층 (신사동)",따봉PC,126.910217688373,37.5954023196607,PC방
3715,"서울특별시 은평구 진흥로 158, 지하층 (녹번동)",곤이네 게임장,126.927119371165,37.6088024120643,PC방
3716,서울특별시 은평구 통일로87길 21 (갈현동),짱PC,126.917196109864,37.6233496180056,PC방
3717,"서울특별시 은평구 진관3로 22, 3층 (진관동)",라이또 PC방 구파발,126.919176848907,37.6389439926912,PC방
3718,"서울특별시 은평구 진흥로 113, 201호 (대조동)",정선PC,126.922989081374,37.6069592479391,PC방
3719,"서울특별시 은평구 녹번로4길 2, 103호 (녹번동)",돼지 PC,126.930072837927,37.6056298326491,PC방
3720,"서울특별시 은평구 역말로 41, 2층 (역촌동)",강남PC,126.914747008594,37.6059500596426,PC방
3721,"서울특별시 은평구 연서로 209, 보성빌 2층 (갈현동)",레드포스PC아레나 연신내점,126.918847427928,37.6173259520379,PC방
3722,"서울특별시 은평구 연서로 195, 영보빌딩 지하1층 (갈현동)",제로100PC 연신내점,126.9184483987,37.616382883094,PC방
3723,"서울특별시 은평구 은평로9길 10, 서원빌딩 2층 201호 (응암동)",럭키PC,126.921585009131,37.6011163943598,PC방
3724,"서울특별시 은평구 응암로13길 14, 제지1층 제비01호 (응암동, 디우아르떼 아파트)",패스터PC 응암오거리점,126.915644119577,37.5894477039485,PC방
3725,"서울특별시 은평구 연서로28길 10, 2층 (대조동)",은하수,126.920981012189,37.6177797860508,PC방
3726,"서울특별시 은평구 은평로 56, 안건빌딩 4층 (신사동)",플렉스PC카페,126.914100158896,37.598534441063,PC방
3727,"서울특별시 은평구 갈현로 61, 정화빌딩 지하1층 (역촌동)",아이센스리그PC 역촌점,126.910187567562,37.6035045450476,PC방
3728,"서울특별시 은평구 은평로 169, 2층 (응암동)",TOP PC,126.926314865911,37.6015165986991,PC방
3729,"서울특별시 은평구 통일로 855-8, 연신내진원와이타운 지하1층 (갈현동)",레벨업PC방 연신내점,126.920201767929,37.619122183963,PC방
3730,"서울특별시 은평구 연서로 213 (갈현동,지층)",아이세븐 PC,126.919238535247,37.6176436383991,PC방
3731,"서울특별시 은평구 연서로 247, 2층 (불광동)",퀸PC방,126.922171955937,37.6196909418421,PC방
3732,"서울특별시 은평구 응암로11길 4-4, 1층 (응암동)",오거리PC방,126.916267179284,37.588451560032,PC방
3733,"서울특별시 은평구 연서로 204, 2층 (대조동)",대박PC,126.919299073885,37.6167554858793,PC방
3734,"서울특별시 은평구 연서로32길 3, 지층 (불광동)",긱스타PC CAFE,126.924955472936,37.6203628994073,PC방
3735,"서울특별시 은평구 응암로 247, 2층 (응암동)",탐스PC카페(응암점),126.917854566217,37.5942237088269,PC방
3736,"서울특별시 은평구 통일로 731, 3층 (대조동)",웹시티PC방,126.929466316371,37.6106226649216,PC방
3737,"서울특별시 은평구 진흥로 112 (녹번동,2층,4층)",인터쿨,126.923309144404,37.6065036457261,PC방
3738,"서울특별시 은평구 갈현로41길 10-1 (갈현동,3층)",유비트pc방,126.916247117462,37.6246305120298,PC방
3739,"서울특별시 은평구 은평로 5 (신사동,2층)",제로100PC 신사동점,126.909210968391,37.5967659204537,PC방
3740,"서울특별시 은평구 통일로 855-20, 6층 (갈현동)",G카페PC,126.919876222163,37.6196577807144,PC방
3741,"서울특별시 은평구 은평로 192, 지층 (응암동)",제로100PC 은평구청점,126.928961189816,37.6012158488181,PC방
3742,"서울특별시 은평구 통일로 850, 연서시장 2층 (불광동)",알파PC방,126.921445035076,37.6193203344525,PC방
3743,"서울특별시 은평구 진관2로 15-46, 6층 (진관동)",메트로PC방,126.919081540985,37.6386515578411,PC방
3744,서울특별시 은평구 통일로85길 8-1 (갈현동),부엉이 PC,126.918676816108,37.6222426138322,PC방
3745,"서울특별시 은평구 서오릉로 192, 지층 (갈현동)",N톡PC,126.912315879884,37.6137601237622,PC방
3746,"서울특별시 은평구 은평로 136, 5층 (응암동)",고릴라 응암1호점,126.923039015434,37.6002632124439,PC방
3747,"서울특별시 은평구 서오릉로 178 (갈현동,2층)",토마토PC방,126.913877877072,37.6131657206263,PC방
3748,"서울특별시 은평구 진흥로 144, 지층 (녹번동)",레드포스PC,126.925999860181,37.608110386275,PC방
3749,"서울특별시 은평구 갈현로 39-1, 2층 (신사동)",긱스타PC방,126.910114379709,37.6014595119588,PC방
3750,"서울특별시 은평구 서오릉로 77, 3층 (역촌동)",고릴라PC방(역촌역점),126.921770651639,37.6071360316106,PC방
3751,서울특별시 은평구 통일로65길 10-1 (대조동),짱PC,126.92973977694,37.6091158336056,PC방
3752,"서울특별시 은평구 응암로21길 13, 2층 (응암동)",드림PC,126.916464984026,37.5940200104603,PC방
3753,"서울특별시 은평구 진흥로1길 34, 효성빌딩 3층 (역촌동)",아크PC,126.918676419909,37.6034689838461,PC방
3754,"서울특별시 은평구 역말로 82, 1층 (역촌동)",WIN PC,126.919151135447,37.6067236852176,PC방
3755,"서울특별시 은평구 갈현로 14, 지하1층 (신사동)",에이플 PC CAFE,126.910455000251,37.5991093569636,PC방
3756,"서울특별시 은평구 통일로 905, 1층 나호 (갈현동)",럭키PC,126.919602322714,37.6237703310391,PC방
3757,"서울특별시 은평구 진흥로 148, 2층 (녹번동)",제로100PC 녹번점,126.9263669244,37.6084438918345,PC방
3758,"서울특별시 은평구 연서로 230-2, 1층 (대조동)",스타PC방,126.920869956637,37.6184712197946,PC방
3759,"서울특별시 은평구 진관2로 15-8, 웅신 미켈란의아침 118호 (진관동)",스타PC,126.919559891188,37.6353936531351,PC방
3760,"서울특별시 강서구 곰달래로49길 86, 궁전빌딩 지층 (화곡동)",이스테이션PC방,126.856020026715,37.535127827919,PC방
3761,"서울특별시 영등포구 영등포로 169-1, 2층 (당산동1가)",낙원 PC,126.900492809299,37.5208630683353,PC방
3762,"서울특별시 서대문구 신촌역로 22-8, 대국빌딩 지하1층 (대현동)",리코스타PC방,126.943354842765,37.5588458433014,PC방
3763,"서울특별시 서대문구 증가로 124, 지하1층 (남가좌동)",벙커PC방,126.923876083598,37.5774832455565,PC방
3764,"서울특별시 서대문구 명물길 23, 큐비드빌딩 지하1층 (창천동)",옵티멈존PC카페 신촌역점,126.937854004585,37.5581938175898,PC방
3765,"서울특별시 서대문구 응암로 87, B1층 (북가좌동)",레벨업 PC방 북가좌점,126.911700418318,37.5807945676973,PC방
3766,"서울특별시 서대문구 응암로 90, 지하1층 (북가좌동)",킹콩PC CAFE,126.912322880214,37.5807740385189,PC방
3767,"서울특별시 서대문구 명지대길 54, 2층 (남가좌동)",제로백 명지대점,126.923889462261,37.5824680017546,PC방
3768,"서울특별시 서대문구 증가로 246, 성은빌딩 2층 (북가좌동)",제로100PC 북가좌점,126.912685857624,37.5830827425525,PC방
3769,"서울특별시 서대문구 서소문로 21, 충정타워빌딩 1층 (충정로3가)",타워PC방,126.964085809305,37.5598942603947,PC방
3770,"서울특별시 서대문구 거북골로 10, 송정빌딩 3층 (홍은동)",GEEKSTAR PC CAFE,126.925887718223,37.5810723730505,PC방
3771,"서울특별시 서대문구 북아현로 68 (북아현동,2층)",셀프넷 PC방,126.955084618781,37.5632528878216,PC방
3772,"서울특별시 서대문구 명지대1길 2, 지하1층 (남가좌동)",에이플PC CAFE,126.924697166275,37.5813104729585,PC방
3773,"서울특별시 서대문구 연세로 8-1, VERTIGO 지하2,3층 (창천동)",롤스터PC방,126.937303024246,37.5563412561961,PC방
3774,"서울특별시 서대문구 명물길 6, 지하1층 (창천동)",아이콘 PC,126.937404523407,37.5573105128395,PC방
3775,"서울특별시 서대문구 연희로 271, 2층 (홍은동)",고릴라 PC방,126.935853237611,37.5813094941161,PC방
3776,"서울특별시 서대문구 경기대로 36 (충정로3가,지층)",돌탱이 PC방,126.962037782272,37.5626371546204,PC방
3777,"서울특별시 서대문구 연세로 36, 독수리빌딩 3층 (창천동)",아크PC,126.937240313986,37.5587839163385,PC방
3778,"서울특별시 서대문구 연세로 36, 독수리빌딩 4층 (창천동)",블루포스PC,126.937240313986,37.5587839163385,PC방
3779,"서울특별시 서대문구 홍은중앙로 113, 홍은빌딩 2층 (홍은동)",아이세븐PC방,126.94864901664,37.6005156258528,PC방
3780,"서울특별시 서대문구 세검정로 54, 2층 (홍제동)",제로100 PC홍제점,126.947292236142,37.5925358491224,PC방
3781,"서울특별시 서대문구 통일로36길 5, 옐림빌딩 2, 3층 (홍제동)",Bone PC방,126.946223828461,37.5876216257858,PC방
3782,"서울특별시 서대문구 연세로 12, 지하 2층 (창천동)",갤러리 PC방,126.937200582487,37.556633214994,PC방
3783,서울특별시 서대문구 연희로10길 43-4 (연희동),티온 PC방 서문점,126.932823594828,37.5651378360408,PC방
3784,"서울특별시 서대문구 거북골로 10, 송정빌딩 2층 201호 (홍은동)",3POP(명지대점),126.925887718223,37.5810723730505,PC방
3785,"서울특별시 서대문구 이화여대길 7 (대현동,4층)",PC지엥 이대역점,126.94564199236,37.5572344939529,PC방
3786,"서울특별시 서대문구 경기대로9길 77 (충정로3가,지층)",로하스 PC방 충정로점,126.959856351253,37.5643831946888,PC방
3787,"서울특별시 서대문구 신촌로 127, 신촌르메이에르타운3 지하1층 (창천동)",레드포스PC 아레나 신촌점,126.939992863232,37.5564623964348,PC방
3788,"서울특별시 서대문구 통일로37길 12 (홍제동,3층)",늑대와 여우,126.944136571927,37.5877840964672,PC방
3789,"서울특별시 서대문구 통일로 193 (영천동,2층)",씨씨존,126.961588440235,37.5705740622417,PC방
3790,"서울특별시 서대문구 증가로 259, 3층 (북가좌동, 선정오피스텔)",더쉐프PC 카페,126.911163441601,37.5836644590608,PC방
3791,"서울특별시 서대문구 신촌로 17, 동우빌딩 2층 (창천동)",GEEKSTAR PC방 창천점,126.9290107594,37.5582028873199,PC방
3792,"서울특별시 서대문구 홍은중앙로 89 (홍은동, 우리은행)",3POP PC방,126.947351976886,37.5990276988425,PC방
3793,"서울특별시 서대문구 연희로 103, 지층 (연희동)",LEV9 PC방,126.930907083597,37.567234248303,PC방
3794,서울특별시 서대문구 통일로 428 (홍제동),오셀롯PC 홍제점,126.94603718938,37.587532882934,PC방
3795,"서울특별시 서대문구 거북골로 13, 지하1층 (홍은동)",탑플레이스PC 명지대점,126.925845653146,37.58067969364,PC방
3796,"서울특별시 마포구 월드컵로 85, 지1층 (망원동)",3POP CORE PC방,126.909527814021,37.5563349533576,PC방
3797,서울특별시 마포구 월드컵북로56길 9 (주)우리기술 사옥 2층 202호 (상암동),텐PC CAFE,126.887439627184,37.581384890718,PC방
3798,"서울특별시 마포구 서강로16길 69, 지1층 (신수동)",PC CAFE COZY,126.93718651337,37.5514167009969,PC방
3799,"서울특별시 마포구 양화로 186, LC TOWER 7층 (동교동)",원신PC라운지 인 서울,126.92589313527,37.5576684824211,PC방
3800,"서울특별시 마포구 와우산로29길 15, 3층 (서교동)",두근두근 플스방,126.92886732437,37.5547912647987,PC방
3801,"서울특별시 마포구 동교로 176, 청휘빌딩 2층 (동교동)",나니아 플스방,126.92168983967,37.5561796646134,PC방
3802,"서울특별시 마포구 모래내로3길 3, 태림센트윈상암 지하1층 B101호 (성산동)",라이또PC 마포성산점,126.905391881238,37.564631511842,PC방
3803,"서울특별시 마포구 월드컵로 111, 망원우체국 지하1층 (망원동)",큐스테이지피씨카페,126.907859722016,37.5581818786815,PC방
3804,"서울특별시 마포구 양화로 147, 아일렉스 지하 1층 (동교동)",티원 베이스캠프(T1 BASE CAMP),126.922054509333,37.5560502523992,PC방
3805,"서울특별시 마포구 대흥로 184-2, 1층 (대흥동)",AROHA PC,126.946092732192,37.5555623593394,PC방
3806,"서울특별시 마포구 망원로 24, 지하1층 (망원동)",주식회사 제로백프리미어,126.899636081982,37.5561118914478,PC방
3807,"서울특별시 마포구 홍익로6길 15, 삼주빌딩 4층 (동교동)",박정석 피시방,126.922709032013,37.5553579057749,PC방
3808,"서울특별시 마포구 백범로 28, 제2서강빌딩 1층 101호 (신수동)",레드포스 PC아레나 서강대점,126.936974571542,37.5520644056727,PC방
3809,"서울특별시 마포구 동교로 242, 3층 (연남동)",으뜸 플스방,126.924450876158,37.5614156250297,PC방
3810,"서울특별시 마포구 양화로 192, 1층 104호 (동교동)",칵투스 PC CAFE,126.926246501876,37.5583280533329,PC방
3811,"서울특별시 마포구 신촌로 88, 태영빌딩 지하1층 (노고산동)",아이센스리그PC신촌본점,126.935331733458,37.5553097221974,PC방
3812,"서울특별시 마포구 어울마당로 26 (당인동,지1층)",라인업PC방,126.919932359364,37.5474999833621,PC방
3813,"서울특별시 마포구 월드컵로 155 (망원동,가은빌딩 지하1층)",3POP PC방(마포구청역점),126.904931604469,37.561381158832,PC방
3814,"서울특별시 마포구 월드컵로14길 5, 지하1층 (서교동)",3POP PC,126.910702168336,37.5560051813747,PC방
3815,"서울특별시 마포구 망원로 97, 2층 (망원동)",3POP PC방,126.907521980502,37.5581064714844,PC방
3816,"서울특별시 마포구 매봉산로2길 15, 지하1층 (상암동)",긱스타 PC카페,126.894977598231,37.5785264982816,PC방
3817,"서울특별시 마포구 양화로 156, 2층 (동교동, LG팰리스빌딩)",SNS PC,126.923446601456,37.5561130617043,PC방
3818,"서울특별시 마포구 서강대길 12, 지하1층 (신수동)",공간PC,126.939904866224,37.5492083273558,PC방
3819,"서울특별시 마포구 월드컵북로 328, 1층 (상암동)",OX PC방,126.895729992644,37.5757572395919,PC방
3820,"서울특별시 마포구 월드컵북로16길 27, 3층 (성산동)",탑플레이스 PC,126.915844451516,37.5631601697951,PC방
3821,"서울특별시 마포구 양화로 156, 지하2층 (동교동, LG팰리스빌딩)",I PC CAFE 홍대역점,126.923446601456,37.5561130617043,PC방
3822,"서울특별시 마포구 와우산로 47, 지하1층 (상수동)",3POP PC방(상수점),126.922824724481,37.5487442960797,PC방
3823,"서울특별시 마포구 독막로 147-7, 지하1층 (창전동, 서강쌍용예가)",ZERO100,126.93003258532,37.5480918690059,PC방
3824,"서울특별시 마포구 와우산로 81, 서봉갤러리 지하1층 (서교동)",긱스타 PC방,126.923199830619,37.5517512618431,PC방
3825,"서울특별시 마포구 신촌로16길 34, 지하1층 (노고산동, 백산빌딩)",3POP PC방,126.934204893562,37.5542515086762,PC방
3826,"서울특별시 마포구 연희로 39, 지하1층 (연남동)",샘 피시방 (SAEM PC방),126.927239750975,37.5623999133101,PC방
3827,"서울특별시 마포구 마포대로14길 21, 1층 (공덕동)",레벨업 PC CAFE,126.957016576777,37.5484741843432,PC방
3828,"서울특별시 마포구 양화로3길 6, 지하1층 (합정동)",쓰리팝 PC CAFE,126.911871998628,37.5492247904677,PC방
3829,"서울특별시 마포구 마포대로 38, 지하1층 (도화동)",레벨업 PC CAFE,126.946686455256,37.5394938567133,PC방
3830,"서울특별시 마포구 월드컵북로30길 13, 지하1층 (성산동, 성산월드타운대림아파트)",3POP 빈티지 PC CAFE,126.908363510664,37.568594632553,PC방
3831,"서울특별시 마포구 와우산로 155, 지하 1층 (서교동)",GEEKSTAR PC CAFE,126.929956540282,37.5548638155738,PC방
3832,"서울특별시 마포구 동교로27길 12, 지하1층 (동교동)",제노피시방(동교점),126.922876410496,37.5588764092034,PC방
3833,"서울특별시 마포구 양화로 148, 스칼렛빌딩 지1층 (동교동)",레벨업 PC 카페,126.922661004229,37.5556179021829,PC방
3834,"서울특별시 마포구 월드컵로1길 14, B102~4호 (합정동, 마포 한강 푸르지오)",긱스타 PC CAFE,126.912061257921,37.5500497954747,PC방
3835,"서울특별시 양천구 지양로 79, 2층층 (신월동)",행운PC,126.832990682262,37.5224300656382,PC방
3836,"서울특별시 양천구 오목로 345, 목동 슬로우스퀘어 지하1층 B102~109호 (목동)",긱스타피씨카페,126.875820730078,37.5247775349288,PC방
3837,"서울특별시 양천구 신목로 102, 대경프라자 제지층 03호 (목동)",아이센스리그PC방 오목교점,126.875774509668,37.5235884341471,PC방
3838,"서울특별시 양천구 신정중앙로 107, 지층 (신정동)",제로백피시방,126.863696724211,37.5264375953214,PC방
3839,"서울특별시 양천구 월정로 137, 2층 (신월동)",도깨비 PC,126.837469383438,37.5311741321708,PC방
3840,"서울특별시 양천구 등촌로 230, 동향빌딩 지층 (목동)",레벨업PC방 등촌점,126.864188157127,37.5500824636807,PC방
3841,"서울특별시 양천구 가로공원로71길 2, 2층 (신월동)",포텐PC,126.834826113917,37.5371522934603,PC방
3842,"서울특별시 양천구 가로공원로 119, 2층 201호 (신월동)",월드클래스 PC방,126.829176148835,37.5363765141233,PC방
3843,"서울특별시 양천구 목동서로 77, 현대월드타워 103,104,104-1,104-2호 (목동)",알스타PC[(주)모두피씨],126.877988123429,37.5359631978743,PC방
3844,"서울특별시 양천구 목동중앙북로 11, 지하호 (목동)",코지PC,126.864767649096,37.5486566688707,PC방
3845,"서울특별시 양천구 신정중앙로 88, 지하1층 (신정동)",언더독PC,126.861297660891,37.5264594896402,PC방
3846,"서울특별시 양천구 중앙로 286, 지하1층 B02호 (신정동, 목동미르웰한올림)",경동성인PC,126.852517638229,37.5218276144278,PC방
3847,서울특별시 양천구 목동남로4길 32 (신정동),제로100 PC 신정점,126.866067725231,37.5088235409887,PC방
3848,"서울특별시 양천구 신정중앙로 62, 1층 3호 (신정동)",킹덤PC,126.858637841135,37.5268366486317,PC방
3849,"서울특별시 양천구 월정로 218, 1층 (신월동)",유이PC,126.833711557122,37.5378474721222,PC방
3850,"서울특별시 양천구 월정로 145, 지하1층 (신월동)",단밤PC,126.836971801307,37.531801353487,PC방
3851,"서울특별시 양천구 등촌로 32, 목동 태영프라자 6층 (목동)",스타디움PC CAFE,126.864166285292,37.5328851583631,PC방
3852,"서울특별시 양천구 목동중앙북로 86, 지하층 (목동)",원픽피씨카페,126.872614610362,37.5463224390396,PC방
3853,"서울특별시 양천구 목동로25길 9, 지층 (신정동, 건영아파트)",고고피씨방,126.862750883343,37.5277155614034,PC방
3854,"서울특별시 양천구 곰달래로5길 22, 1층 (신월동)",해피PC,126.833994839407,37.531483748413,PC방
3855,"서울특별시 양천구 목동중앙본로7길 6, 2층 (목동)",유지트PC 목동점,126.868352515999,37.5399187798551,PC방
3856,서울특별시 양천구 곰달래로5길 59-1 (신월동),라이브PC,126.831630541081,37.5346370550625,PC방
3857,"서울특별시 양천구 등촌로 42-1, 2층 (목동)",호호PC,126.863916516818,37.5337333428665,PC방
3858,"서울특별시 양천구 신정중앙로19길 7, 103호 (신정동, 춘당아네시스)",승리PC방,126.861504528447,37.5272800040182,PC방
3859,"서울특별시 양천구 월정로 221, 1층 (신월동)",황소pc,126.833359716242,37.5379288769989,PC방
3860,"서울특별시 양천구 목동서로 389, 테마프라자 3층 301,302호 (신정동)",아이센스리그PC,126.861199902538,37.5157806966376,PC방
3861,"서울특별시 양천구 목동중앙본로 69, 삼성빌딩 2층 (목동)",스타덤PC 목동점,126.869060611681,37.5421809851093,PC방
3862,"서울특별시 양천구 남부순환로40길 6, 지층 (신월동)",초이스PC,126.828015178206,37.5351430724935,PC방
3863,"서울특별시 양천구 중앙로 251 (신정동,지하1층 106~110호)",우리신정PC방,126.853223171816,37.518714899828,PC방
3864,"서울특별시 양천구 지양로 82, 지하1층 (신월동)",잇츠pc방(신월점),126.833094245325,37.5227099730559,PC방
3865,"서울특별시 양천구 목동중앙북로1길 39, 1층 (목동)",명품 PC,126.864514947503,37.5504119735898,PC방
3866,"서울특별시 양천구 오목로 58 (신월동,지층)",레벨업PC카페,126.844066388115,37.5223094268187,PC방
3867,"서울특별시 양천구 남부순환로 353 (신월동, 지하1층)",레벨업 PC CAFE,126.828923065237,37.5356741789955,PC방
3868,"서울특별시 양천구 은행정로 86, 1층 102호 (신정동, sk자이빌)",로데오 PC,126.858969181365,37.5275070292965,PC방
3869,서울특별시 양천구 신월로15길 7 (신월동),신월PC,126.841716283854,37.5190288155623,PC방
3870,"서울특별시 양천구 월정로 213, 1층 (신월동)",와우 PC,126.833714317513,37.5373686849352,PC방
3871,"서울특별시 양천구 곰달래로5길 60, 1층 (신월동)",달마 PC방,126.83191948566,37.5347465777386,PC방
3872,"서울특별시 양천구 목동중앙로 43 (목동, 목동글로리파크 지층 101,102)",PC랑푸드,126.869525224448,37.5335410020886,PC방
3873,서울특별시 양천구 중앙로46길 2 (신정동),놀토PC,126.852594760358,37.5220140379178,PC방
3874,서울특별시 양천구 곰달래로 48 (신월동),쓰리팝 PC방,126.838204204606,37.5298650864067,PC방
3875,"서울특별시 양천구 가로공원로 122, 1층 4호 (신월동)",공원PC,126.829556120901,37.5358151097194,PC방
3876,"서울특별시 양천구 목동중앙북로 16 (목동,지하1층)",탑티어 피씨방(TOP TIER),126.865302393826,37.5483147206199,PC방
3877,"서울특별시 양천구 월정로 139, 1층층 (신월동)",RING PC방,126.837403707491,37.5313045066258,PC방
3878,서울특별시 양천구 남부순환로88길 14 (신정동),라네이즈PC,126.840173516553,37.5118971024706,PC방
3879,"서울특별시 양천구 월정로 211 (신월동,1층)",즐거운PC CLUB,126.833758026031,37.5372513462472,PC방
3880,"서울특별시 양천구 목동동로12길 45, 지층 (목동)",xoxo핫도그 x 3POP,126.876366110642,37.5225865099354,PC방
3881,"서울특별시 양천구 목동중앙본로 95, 지하1층 (목동)",제로백,126.870395488047,37.54420285771,PC방
3882,"서울특별시 양천구 은행정로 74 (신정동, 1층)",황제 PC,126.859076587953,37.5263403608246,PC방
3883,"서울특별시 양천구 목동중앙본로 42, 지층 (목동)",더존플러스 pc방,126.868835232193,37.5398432726571,PC방
3884,"서울특별시 양천구 신월로 164 (신월동, 승일뷰티타워 B104호)",헤라PC방,126.842018042503,37.517760427962,PC방
3885,서울특별시 양천구 곰달래로5길 17 (신월동),아이온PC방,126.833603986348,37.5311113555178,PC방
3886,"서울특별시 양천구 신목로2길 58-1, 2층 (목동)",강구PC,126.877299423799,37.5229055369719,PC방
3887,"서울특별시 양천구 공항대로 626, 지하1층 (목동)",리 PC,126.874274631417,37.5466090237895,PC방
3888,"서울특별시 양천구 곰달래로 47 (신월동, 백석빌딩)",B ONE PC,126.837979822093,37.530248154543,PC방
3889,서울특별시 양천구 중앙로 237 (신정동),옵티멈존PC카페 신정네거리역점,126.853643266456,37.5177429690532,PC방
3890,"서울특별시 양천구 중앙로34길 30, 1층 17호 (신정동)",둘리PC,126.853558140918,37.5208424920255,PC방
3891,"서울특별시 양천구 곰달래로5길 45, 1층 (신월동)",부담없는 PC,126.832373307436,37.5334786149112,PC방
3892,"서울특별시 양천구 신정중앙로 48, 2층 (신정동)",센스PC,126.857119984882,37.5270689923319,PC방
3893,"서울특별시 양천구 신월로36길 19, 지층 (신정동)",짱이PC방,126.85868599823,37.5199585483671,PC방
3894,"서울특별시 양천구 등촌로 32, 106호 (목동, 목동태영프라자)",왠지PC방,126.864166285292,37.5328851583631,PC방
3895,"서울특별시 양천구 목동중앙서로 7-1  (목동,1층)",제이제이 PC방,126.864706138814,37.5326604378483,PC방
3896,서울특별시 양천구 중앙로 280 (신정동),ZERO100 신정네거리점,126.852729159683,37.5213761159391,PC방
3897,"서울특별시 양천구 신정중앙로 82, 지하층 (신정동)",아카PC방,126.860696745163,37.5265052740608,PC방
3898,"서울특별시 양천구 남부순환로88길 10, 3층 (신정동)",잼PC방,126.840498916897,37.512061164533,PC방
3899,"서울특별시 양천구 곰달래로14길 10, 1층 (신월동)",승리 PC,126.83785547145,37.5292098509446,PC방
3900,"서울특별시 양천구 공항대로 620, 지하1층 (목동)",황제PC,126.8738208026,37.5465760136688,PC방
3901,"서울특별시 양천구 가로공원로 131, 지하1층 (신월동)",위너PC,126.830530198086,37.5364543291825,PC방
3902,"서울특별시 양천구 곰달래로5길 49-1, 1층 (신월동)",콩이PC,126.832142728578,37.5338317496892,PC방
3903,"서울특별시 양천구 목동중앙본로 107, 1층 104호 (목동, 대명이튼캐슬)",대박pc,126.870628625751,37.5451643888693,PC방
3904,서울특별시 양천구 중앙로 259-1  (신정동),넷티즌월드,126.852828500541,37.5195229682923,PC방
3905,서울특별시 양천구 목동중앙서로 10  (목동),웹골뱅이,126.864843232656,37.5324265148967,PC방
3906,서울특별시 양천구 목동중앙서로 22-1  (목동),현대PC게임방,126.866365744193,37.5325494320952,PC방
3907,"서울특별시 강서구 강서로 462, 대룡드림타워-1 202호 (등촌동)",맥스피드PC 양천향교직영점,126.84140274432,37.5666120273171,PC방
3908,"서울특별시 강서구 강서로 429, 마곡오드카운티1차 102호 (마곡동)",에바다PC,126.839511274632,37.5640031623664,PC방
3909,"서울특별시 강서구 강서로5나길 104, 101호 (화곡동, 웰라이빌아파트)",행운게임랜드,126.842384319394,37.5285659999317,PC방
3910,"서울특별시 강서구 곰달래로 246, 녹정빌딩 3층 (화곡동)",렉스PC,126.860298516176,37.5318504424101,PC방
3911,"서울특별시 강서구 금낭화로 135, 금강프라자빌딩 지층 (방화동)",OX PC방 방화역점,126.812438073591,37.5774450106613,PC방
3912,"서울특별시 강서구 공항대로 194, 문영 퀸즈파크12차 B103,B104호 (마곡동)",긱스타 PC CAFE 마곡역점,126.829034127455,37.5589809916906,PC방
3913,"서울특별시 강서구 강서로5나길 33, 2층 (화곡동)",제우스PC방,126.846386280915,37.5283965689824,PC방
3914,"서울특별시 강서구 강서로5나길 144, 힐하우스 2층 (화곡동)",로또PC,126.84006674018,37.5283809721254,PC방
3915,"서울특별시 강서구 강서로17길 138, 1층 (화곡동)",별PC,126.838175093499,37.5320285288191,PC방
3916,"서울특별시 강서구 강서로17길 134, 영주빌딩 104호 (화곡동)",고추PC,126.838334291543,37.53207487807,PC방
3917,"서울특별시 강서구 양천로24길 11, 1층 (방화동)",스타PC,126.815616684601,37.572762239511,PC방
3918,"서울특별시 강서구 강서로 53, 형제빌딩 지층 (화곡동)",제로백 PC방 까치산점,126.845921597366,37.5324902906834,PC방
3919,"서울특별시 강서구 화곡로58길 18, 한양빌딩 2층 (화곡동)",제로백PC강서구청점,126.85185286954,37.5527995459334,PC방
3920,"서울특별시 강서구 곰달래로 53-1, 1층 (화곡동)",순이PC,126.838705654765,37.5302678888907,PC방
3921,"서울특별시 강서구 방화대로6라길 17, 1층 (공항동)",당근PC,126.818251122254,37.5557784221645,PC방
3922,"서울특별시 강서구 공항대로45길 68-6, 지층 (등촌동, 서광등촌마을)",텐지 피시방,126.856969456017,37.5579627106862,PC방
3923,"서울특별시 강서구 월정로18길 3, 102호 (화곡동)",아지트 PC,126.839077560778,37.5293583855883,PC방
3924,서울특별시 강서구 남부순환로9길 27 (공항동),반딧불 PC,126.81158023685,37.5573414649494,PC방
3925,"서울특별시 강서구 송정로 13, 부국빌딩 1층 (공항동)",빙고PC,126.812087689477,37.5564064990457,PC방
3926,"서울특별시 강서구 국회대로 85-43, 2층 202호 (화곡동)",짱PC,126.844230798659,37.5282739125721,PC방
3927,"서울특별시 강서구 월정로 106, 지층 (화곡동)",588PC랜드,126.839244133879,37.5287598073377,PC방
3928,"서울특별시 강서구 마곡중앙로 161-8, 두산더랜드파크 A동 114호 (마곡동)",메이드PC,126.827338682565,37.568851450649,PC방
3929,"서울특별시 강서구 강서로17길 117, 1층 (화곡동)",두리PC,126.83926821742,37.5321931927813,PC방
3930,"서울특별시 강서구 월정로 118, 2층 (화곡동)",스타PC게임랜드,126.838697471818,37.529759803473,PC방
3931,"서울특별시 강서구 강서로 43-17, 오거닉스타워 B2층 201호 (화곡동)",아이센스리그PC방 까치산역점,126.846691735763,37.5311063652026,PC방
3932,"서울특별시 강서구 공항대로 635, 동원빌딩 지층 (염창동)",플레이존  PC 염창역점,126.875270707574,37.5472626732763,PC방
3933,"서울특별시 강서구 곰달래로 224, 1층 (화곡동)",태영PC방,126.857846645433,37.5315273910695,PC방
3934,"서울특별시 강서구 강서로 205, 세종빌딩 지하2층 (화곡동)",PC-TAG,126.837621158964,37.5441393622812,PC방
3935,"서울특별시 강서구 곰달래로 83, 101호 (화곡동, 유한빌)",팡팡PC,126.841936405148,37.530399388279,PC방
3936,"서울특별시 강서구 강서로5나길 32, 은하빌딩 2층 (화곡동)",크라운PC,126.846411554218,37.5287609666213,PC방
3937,"서울특별시 강서구 강서로 24, 성지빌딩 4층 (화곡동)",비긴PC방,126.847978671154,37.5300989982156,PC방
3938,"서울특별시 강서구 강서로33가길 68, 프라자빌딩 지층호 (화곡동)",RD PC,126.836965555809,37.5444922810081,PC방
3939,"서울특별시 강서구 곰달래로 222, 3층 (화곡동)",ARENA PC,126.857590954693,37.5314683377829,PC방
3940,"서울특별시 강서구 가로공원로76길 100, 1층 (화곡동)",여우PC,126.83883535208,37.5328236634124,PC방
3941,"서울특별시 강서구 화곡로 176-22, 지층 101호 (화곡동, NS파크APT)",GRAY PC & CAFE,126.841714801479,37.5408779892269,PC방
3942,"서울특별시 강서구 화곡로21길 87, 지층 (화곡동, 해온빌딩)",프라임피시방,126.835916380576,37.544692651418,PC방
3943,"서울특별시 강서구 강서로47길 113, 지층 (내발산동, 성호빌딩)",놀PC방,126.829847684279,37.5532440805507,PC방
3944,"서울특별시 강서구 화곡로58길 17 (화곡동, 2층)",탑피시,126.851939760258,37.5530401310881,PC방
3945,"서울특별시 강서구 강서로5나길 134, 2층 (화곡동)",붕붕PC방,126.840748879491,37.5284038783305,PC방
3946,"서울특별시 강서구 금낭화로 5, 부자빌딩 1층 (방화동)",긱스타PC,126.811572352147,37.5657305309014,PC방
3947,"서울특별시 강서구 화곡로 111, 7층 (화곡동)",JJ Dessert PC Cafe,126.834213654314,37.5402197881037,PC방
3948,"서울특별시 강서구 화곡로 116, 2층 (화곡동)",빅토리PC,126.834722978726,37.539896232504,PC방
3949,"서울특별시 강서구 방화대로7나길 46, 지층 (공항동)",탑클래스PC,126.813193292325,37.5564066316637,PC방
3950,"서울특별시 강서구 화곡로60길 20, 2층 (화곡동)",강구PC,126.85228881538,37.5534212395905,PC방
3951,"서울특별시 강서구 까치산로17길 5, 1층 (화곡동)",골목PC,126.849101574578,37.5480467233076,PC방
3952,"서울특별시 강서구 화곡로21길 78, 2층 (화곡동)",헌터PC방 화곡점,126.836438459202,37.5445499367821,PC방
3953,"서울특별시 강서구 곰달래로 52, 1층 (화곡동)",영자PC,126.838583156306,37.5299403880104,PC방
3954,서울특별시 강서구 양천로16길 16 (방화동),원피스PC방,126.811016266626,37.5725360231686,PC방
3955,"서울특별시 강서구 곰달래로 215-1, 2층 (화곡동)",곰달래PC,126.856975998285,37.5317350116023,PC방
3956,"서울특별시 강서구 공항대로71길 31, 상가동 B01,02호 (염창동, 극동상록수아파트)",제노피시방,126.871995630231,37.5487034685102,PC방
3957,"서울특별시 강서구 송정로 48, 축복빌딩 지층 (공항동)",킹덤PC,126.810578480017,37.5591438361369,PC방
3958,"서울특별시 강서구 초원로 53, 1층 (방화동)",골든PC방,126.811279989308,37.567927499743,PC방
3959,"서울특별시 강서구 화곡로63길 93, 지층 (등촌동, 신송타워)",플렉스피씨(FLEX PC),126.847811653783,37.5585028516812,PC방
3960,"서울특별시 강서구 공항대로 525, 비원오피스텔 (등촌동)",플렉스 피씨 (FLEX PC) 등촌역점,126.865288555375,37.5515396464121,PC방
3961,"서울특별시 강서구 강서로 451, 스카이오피스텔 109호 (마곡동)",와우PC,126.840151682632,37.5658569279715,PC방
3962,"서울특별시 강서구 곰달래로60길 7, 2층 (화곡동)",탑PC,126.86325377335,37.5319180525369,PC방
3963,"서울특별시 강서구 곰달래로 237, 1층 (화곡동)",화곡PC,126.859409970557,37.5320114779772,PC방
3964,"서울특별시 강서구 양천로75길 13, 지층 (염창동)",라이온PC방,126.875066111272,37.5503823431126,PC방
3965,"서울특별시 강서구 까치산로 93, 1층 (화곡동)",공원PC방,126.84816364255,37.5467856553943,PC방
3966,"서울특별시 강서구 등촌로13길 34, 101호 (화곡동, 경흥빌라트)",로또PC 화곡점,126.861486316839,37.5355989214973,PC방
3967,"서울특별시 강서구 공항대로45길 44, 청림오피스텔 206호 (등촌동)",아쿠아PC방,126.855808218309,37.5568092839784,PC방
3968,"서울특별시 강서구 강서로 257, 지층 (내발산동)",제로백PC 우장산점,126.836035160372,37.5486867604595,PC방
3969,"서울특별시 강서구 마곡중앙로 161-17, 보타닉파크타워Ⅰ B1층 (마곡동)",포텐PC(4TEN PC) 마곡나루1호점,126.825960812712,37.5680581740122,PC방
3970,"서울특별시 강서구 까치산로 101, 지층 좌측호 (화곡동)",피시베네 season 2 (PC클럽),126.848580974482,37.5474583358704,PC방
3971,"서울특별시 강서구 방화동로 116-1, 1층 (방화동)",돼지PC,126.812507868932,37.5708287655992,PC방
3972,"서울특별시 강서구 곰달래로 125, 2층 (화곡동, 라인씨티)",세븐스타PC방 까치산역점,126.846767853226,37.5307859780919,PC방
3973,"서울특별시 강서구 강서로 360, 솔레드림 지층 b103호 (내발산동)",3 PoP,126.838393605308,37.5576945764491,PC방
3974,"서울특별시 강서구 강서로18다길 22, 101호 (화곡동, 해풍그랜드타운)",제노PC ZONE,126.847408580799,37.5352096377055,PC방
3975,"서울특별시 강서구 양천로 100-1, 수현빌딩 지층 (방화동)",제로백PC 신방화점,126.815058656627,37.5732017723721,PC방
3976,"서울특별시 강서구 까치산로 101, 지층 우측호 (화곡동)",피시베네 season 2 (PC방),126.848580974482,37.5474583358704,PC방
3977,"서울특별시 강서구 강서로 426, 효성인텔리안 지층 101,110호 (등촌동)",메가쓰리팝PC방,126.840613697454,37.5633706252766,PC방
3978,"서울특별시 강서구 화곡로 341, 그랜드아이파크 (화곡동)",e-sports PC,126.850995581546,37.5542929511592,PC방
3979,"서울특별시 강서구 화곡로 180, 3층 (화곡동)",쿡몬스터PC,126.841722040176,37.541842878658,PC방
3980,"서울특별시 강서구 강서로 43, B301호 (화곡동, 도양라비앙타워 )",더블유피씨방,126.846531702129,37.5315215185769,PC방
3981,"서울특별시 강서구 곰달래로58길 12, 1층 (화곡동)",놀토PC,126.861826845306,37.5316305041818,PC방
3982,"서울특별시 강서구 강서로5나길 50, 108호 (화곡동, 일성스카이빌)",럭키PC,126.845517395793,37.5287943988332,PC방
3983,"서울특별시 강서구 강서로10길 200, 1층 (화곡동)",골드 PC방,126.858985505868,37.5312752148378,PC방
3984,"서울특별시 강서구 양천로 73, 멤브로메디컬센터 지층 (방화동)",레벨업PC방,126.811826043779,37.5737251867757,PC방
3985,"서울특별시 강서구 강서로17길 117, 1층 (화곡동)",스타일PC,126.83926821742,37.5321931927813,PC방
3986,"서울특별시 강서구 곰달래로49길 48, 1층 (화곡동)",나우PC방,126.857389215821,37.5337938466988,PC방
3987,"서울특별시 강서구 강서로 460, 평안빌딩 (등촌동)",게임팩토리PC,126.841106001932,37.5663257425795,PC방
3988,"서울특별시 강서구 강서로5나길 131, 2층 (화곡동)",왕대박PC,126.840885923997,37.52811817546,PC방
3989,"서울특별시 강서구 까치산로 189-1, 지층 (화곡동)",대박PC게임장,126.853888750093,37.5541504250601,PC방
3990,"서울특별시 강서구 양천로57길 16, 영보빌딩 5층 (가양동)",누리터 PC방,126.852504476699,37.5633752671263,PC방
3991,"서울특별시 강서구 양천로 583, 우림블루나인비즈니스센터 b106호 (염창동)",제나두PC 강서본점,126.864347419732,37.5571161918617,PC방
3992,"서울특별시 강서구 까치산로 26, 1층 103호 (화곡동, 더퍼스트빌화곡)",well PC,126.843362773067,37.5420501337519,PC방
3993,"서울특별시 강서구 강서로5나길 59, 2층 (화곡동)",짱구PC 화곡점,126.844884191095,37.5283024332797,PC방
3994,"서울특별시 강서구 강서로 191, 지하층 (화곡동, 화평빌딩)",라이또PC방 화곡점,126.838520714498,37.5432641044882,PC방
3995,"서울특별시 강서구 방화동로 80, 1층 (방화동)",대박PC,126.812869586247,37.5674135799927,PC방
3996,"서울특별시 강서구 양천로16길 7, 1층 2호 (방화동)",방화 PC,126.811019251197,37.5729228245554,PC방
3997,"서울특별시 강서구 공항대로46길 73, 4층 (화곡동)",안다미로,126.85163621947,37.5528217988386,PC방
3998,"서울특별시 강서구 양천로57길 10-11, 이스타빌2차 B07, 08, 09호 (가양동)",투앤투PC방,126.852934754398,37.5631717283618,PC방
3999,"서울특별시 강서구 방화대로6길 43, 2층 (공항동)",스마일PC게임,126.819016172131,37.5546571358773,PC방
4000,"서울특별시 강서구 강서로 411, 107호 (마곡동, 마곡에비앙)",국제PC,126.839010860704,37.5623808692994,PC방
4001,"서울특별시 강서구 공항대로42길 16, 지층 (내발산동)",아이비스PC 내발산점,126.843609294059,37.5572344334833,PC방
4002,"서울특별시 강서구 강서로 261, 지층 1,4호 (내발산동)",비원 PC방,126.835954853373,37.5491854412348,PC방
4003,"서울특별시 강서구 강서로 52, 화곡판타지아 (화곡동)",3POP PC방,126.846651402005,37.5324605164753,PC방
4004,"서울특별시 강서구 강서로 187, 경동엠파이어시티 101동 B01호 (화곡동)",피에스타 PC방 강서 화곡역점,126.838834495799,37.5428947633309,PC방
4005,"서울특별시 강서구 방화대로34길 92, 불해빌딩 지층 (방화동)",ZIO(지오)PC방,126.821409394955,37.5708840128695,PC방
4006,"서울특별시 강서구 송정로 18-2, 1층 (공항동)",애플PC,126.812222037565,37.5567634171884,PC방
4007,"서울특별시 강서구 양천로 452, 어위쉬예다인 지하1층층 (등촌동)",3POP PC CAFE,126.850820066078,37.5628582317658,PC방
4008,"서울특별시 강서구 강서로 391, 1층 106호 (마곡동, 문영비즈웍스)",강구짱PC,126.838427628497,37.5605448342463,PC방
4009,"서울특별시 강서구 화곡로42길 32, 1층 (화곡동)",블루PC,126.847050651331,37.5459847632984,PC방
4010,"서울특별시 강서구 강서로18길 52, 삼광빌딩 102호 (화곡동)",해적PC,126.848504697055,37.5343755516421,PC방
4011,서울특별시 강서구 공항대로45길 12 (등촌동),명품PC,126.854621284509,37.5558519610316,PC방
4012,"서울특별시 강서구 강서로5나길 109, A-2호 (화곡동)",메이드PC방,126.841905897445,37.5279688077685,PC방
4013,"서울특별시 강서구 강서로5나길 109, A-5호 (화곡동)",스카이PC방,126.841905897445,37.5279688077685,PC방
4014,"서울특별시 강서구 마곡중앙로 165, 안강프라이빗타워 지1층 104호 (마곡동)",포텐PC(4TEN PC) 마곡나루2호점,126.827697450113,37.5685808655445,PC방
4015,"서울특별시 강서구 화곡로 330, 4층 (화곡동)",아레나X PC,126.851201437059,37.553270128542,PC방
4016,"서울특별시 강서구 강서로5나길 47, 3층 (화곡동)",블루PC,126.845567415402,37.5283481985032,PC방
4017,"서울특별시 강서구 방화동로 90, 반석빌딩 2층 202호 (방화동)",팡팡PC랜드,126.812938605108,37.5683752306978,PC방
4018,"서울특별시 강서구 마곡중앙6로 69, 4층 (마곡동)",RISE PC,126.835089020911,37.5603375842313,PC방
4019,"서울특별시 강서구 공항대로75길 8, 지층 (염창동)",하이브나인 PC방 염창역점,126.873927429462,37.5474315354119,PC방
4020,"서울특별시 강서구 월정로 96, 한빛빌딩 1층 (화곡동)",동전PC,126.839707806331,37.5279944967274,PC방
4021,"서울특별시 강서구 마곡중앙6로 93, 열린프라자 101-1호 (마곡동)",황금PC,126.837697932979,37.5601356822454,PC방
4022,"서울특별시 강서구 강서로5나길 152, 2층 (화곡동)",금달PC,126.839749100188,37.5283643235343,PC방
4023,"서울특별시 강서구 등촌로 75, 지덕빌딩 4층 (등촌동)",인디고pc방 등촌점,126.863203039524,37.5367139277952,PC방
4024,"서울특별시 강서구 강서로47길 165, 신원메디칼프라자 1001호 (내발산동)",인디고PC방 내발산점,126.826919545523,37.5534315567653,PC방
4025,"서울특별시 강서구 강서로17길 125, 101호 (화곡동, 라피아노)",뭉치PC,126.838925699867,37.532057936472,PC방
4026,"서울특별시 강서구 금낭화로 49, 1층 (방화동)",잭팟 PC,126.811440135664,37.5697765959981,PC방
4027,"서울특별시 강서구 공항대로46길 90, 덕영빌딩 2층 (화곡동)",레벨업PC카페,126.850736714771,37.552385483477,PC방
4028,"서울특별시 강서구 월정로 102, 1층 (화곡동)",황제PC,126.839542740693,37.5283671968499,PC방
4029,"서울특별시 구로구 경인로47길 26  (고척동,(3층))",사이버붐 PC방,126.866606846487,37.5006460911964,PC방
4030,"서울특별시 구로구 새말로 20 (구로동,지층)",스위티PC방,126.883353221179,37.501999824881,PC방
4031,"서울특별시 구로구 구로중앙로28다길 29 (구로동,지층)",인터넷 매니아,126.888184536813,37.50154435326,PC방
4032,"서울특별시 구로구 경인로67길 23, 101동 B102호 (신도림동,신도림2차푸르지오)",본PC방,126.889481191271,37.5104826397728,PC방
4033,"서울특별시 구로구 시흥대로 565, 모나미빌딩 지층 (구로동)",PC CLUB Z,126.901584839285,37.4835856942208,PC방
4034,"서울특별시 구로구 경인로23길 8  (오류동,2층)",웹시티 PC,126.844061756641,37.4968070489532,PC방
4035,서울특별시 구로구 구로동로 74  (구로동),성인오락실,126.886025678508,37.4854273355546,PC방
4036,"서울특별시 구로구 경인로33길 75, 2층 (고척동)",폴라리스PC방,126.850744453383,37.5012039381065,PC방
4037,서울특별시 구로구 중앙로 105 (고척동),사이버리아 PC방,126.859645954857,37.5068391017168,PC방
4038,"서울특별시 구로구 부일로15길 4,  202호 (궁동)",PC 스토리,126.834426968582,37.4935163491463,PC방
4039,"서울특별시 구로구 경인로47길 31, 동양빌딩 지층 (고척동)",찰리팝PC카페,126.866087955132,37.500600724163,PC방
4040,"서울특별시 구로구 경인로40길 47, 2층 (개봉동)",제이제이PC방,126.859102583368,37.4945222528654,PC방
4041,"서울특별시 구로구 구로동로 90-0, 1층 (구로동)",놀토PC방,126.88542299757,37.4867800663132,PC방
4042,"서울특별시 구로구 경인로35길 98-2, 1층 (고척동)",망고톡PC방,126.852501687493,37.5007908719605,PC방
4043,"서울특별시 구로구 구로동로18길 12, 1층 (구로동)",놀토짱PC방,126.885212600264,37.4880937113294,PC방
4044,"서울특별시 구로구 구로동로 138, 3층 (구로동)",스타PC,126.884343821269,37.49083958467,PC방
4045,"서울특별시 구로구 구로동로 179, 1층 (구로동)",the # PC cafe,126.882542067811,37.4944529165006,PC방
4046,서울특별시 구로구 개봉로 70 (개봉동),Zill,126.856274577571,37.4919029542631,PC방
4047,서울특별시 구로구 디지털로19길 28 (가리봉동),놀토PC방,126.889860819622,37.4809589986612,PC방
4048,"서울특별시 구로구 도림로 25, 1층 (구로동)",PC포인트,126.887583857875,37.4867135754316,PC방
4049,서울특별시 구로구 신도림로11길 44 (신도림동),호호PC,126.878507619505,37.50949039901,PC방
4050,"서울특별시 구로구 고척로 184, 1층 (고척동)",백호PC,126.853834345454,37.5041572413913,PC방
4051,"서울특별시 구로구 부일로15길 40, 3층 (궁동)",더엑스PC 궁동점,126.833050661585,37.4946909458995,PC방
4052,"서울특별시 구로구 가마산로 229, 성보빌딩 지층 (구로동)",AURA PC,126.886365763094,37.4942503257886,PC방
4053,"서울특별시 구로구 도림로 27, 1층 (구로동)",88랜드PC,126.887728224962,37.4868798585259,PC방
4054,"서울특별시 구로구 오류로8길 34, 2층 (오류동)",플렉스 피씨(FLEX PC)오류점,126.842626024787,37.4914757839055,PC방
4055,"서울특별시 구로구 부일로15길 20, 골든프라자 지층 (궁동)",아크PC 궁동점,126.833808660826,37.4941742966097,PC방
4056,"서울특별시 구로구 오류로8길 63, 3층 (오류동)",레드PC방,126.843651231218,37.4925351069083,PC방
4057,"서울특별시 구로구 남부순환로105길 32, JS호스텔 201호 (가리봉동)",체리PC,126.891005748124,37.4795068234169,PC방
4058,"서울특별시 구로구 구로동로 103, 2층 (구로동)",광PC,126.884521164276,37.4878753541156,PC방
4059,"서울특별시 구로구 도림로 35-1, a동 1층 (구로동)",골드PC,126.888314523507,37.4875421142199,PC방
4060,"서울특별시 구로구 디지털로 223, 2층 (가리봉동)",국가대표PC,126.890698875644,37.4803044733037,PC방
4061,"서울특별시 구로구 구로동로 9, 1층 (가리봉동)",황금PC,126.886949116632,37.4827159180702,PC방
4062,서울특별시 구로구 고척로 100 (개봉동),불독PC,126.84534230397,37.5009858836234,PC방
4063,"서울특별시 구로구 경인로20길 6, 포스시티 102호 (오류동)",777PC방,126.843376566816,37.4954038170325,PC방
4064,"서울특별시 구로구 도림로 15, 1층 (구로동)",우리PC,126.887058115313,37.4860922796846,PC방
4065,"서울특별시 구로구 경인로 172, 1층 (오류동)",승리PC,126.840594577074,37.4944142152353,PC방
4066,"서울특별시 구로구 디지털로 219, 2층 (가리봉동)",피시랜드,126.89023820898,37.4800368070682,PC방
4067,"서울특별시 구로구 구로동로 6, 105호 (가리봉동)",삼거리PC,126.887239679809,37.4822711877106,PC방
4068,"서울특별시 구로구 구로동로 126-2, 3층 (구로동)",호박PC랜드,126.884569787511,37.4899312300876,PC방
4069,"서울특별시 구로구 구로동로21길 52, 1층 (구로동)",토마토PC랜드,126.881359453411,37.4896701816135,PC방
4070,"서울특별시 구로구 고척로 101, 옥영빌딩 지층 (개봉동)",몽키PC,126.845252696525,37.5012789533329,PC방
4071,"서울특별시 구로구 디지털로 220, 1층 (가리봉동)",바다속PC,126.890683574576,37.4797872801274,PC방
4072,"서울특별시 구로구 구로동로 14, 2층 (가리봉동)",BMW PC방,126.887235763615,37.4829962253712,PC방
4073,"서울특별시 구로구 구로동로 203, 대흥빌딩 204호 (구로동)",우리PC,126.882269943432,37.4967185863828,PC방
4074,"서울특별시 구로구 경인로 611-7, 지하1층 (신도림동, 신도림큐브스테이트)",욜로PC방 신도림점,126.883812092851,37.5064160124939,PC방
4075,"서울특별시 구로구 경인로 182, 1층 (오류동)",놀러와PC,126.841469395063,37.49477795723,PC방
4076,"서울특별시 구로구 구로동로35길 10, 구로본동새마을금고 1층 (구로동)",골드PC,126.88259006863,37.4938402797775,PC방
4077,"서울특별시 구로구 디지털로 227, B02호 (가리봉동)",블루PC,126.890907692931,37.4804629735182,PC방
4078,"서울특별시 구로구 디지털로31길 120, 상가2동 B207호 (구로동, 한신휴플러스아파트)",3POP PC카페,126.890773027393,37.4884700177382,PC방
4079,"서울특별시 구로구 구로동로42길 5, 1층 (구로동)",킹PC랜드,126.882756348237,37.4961220634193,PC방
4080,"서울특별시 구로구 경인로 192, 삼익쇼핑 2층 (오류동)",대박PC,126.842638571132,37.4950354961803,PC방
4081,"서울특별시 구로구 도림로 53, 1층 (구로동)",역전PC,126.889744848965,37.4886327757504,PC방
4082,"서울특별시 구로구 경인로40길 12, 2층 (개봉동)",레아PC,126.859131313522,37.4962642022543,PC방
4083,서울특별시 구로구 고척로25길 33-58 (개봉동),사이버넷,126.84607868685,37.5034419036543,PC방
4084,"서울특별시 구로구 구로중앙로 219  (구로동,금호빌딩 3층)",고스트캐슬 PC방,126.876691479075,37.5053152446857,PC방
4085,"서울특별시 구로구 경인로59길 8, 211호 (신도림동)",센텀PC Cafe,126.883427027522,37.5063918465946,PC방
4086,"서울특별시 구로구 남부순환로95길 44 (개봉동,4층)",PC몽,126.855893365801,37.4941541049918,PC방
4087,"서울특별시 구로구 고척로 140, 지층 (고척동, 제일빌딩)",나는게이머다PC,126.8496311977,37.5023805002833,PC방
4088,"서울특별시 구로구 개봉로 9 (개봉동,3층)",TOP PLACE PC,126.856174385024,37.4865393176791,PC방
4089,"서울특별시 구로구 신도림로11길 44  (신도림동,2층)",황금도끼PC방,126.878507619505,37.50949039901,PC방
4090,"서울특별시 구로구 남부순환로105길 58, 2층 (가리봉동)",구룡PC,126.889521434265,37.4797912448526,PC방
4091,서울특별시 구로구 구로동로 12 (가리봉동),보물PC,126.887351431548,37.4828432544018,PC방
4092,"서울특별시 구로구 부일로15길 23, 1층 101호 (궁동)",골드PC,126.833398724309,37.4940300988606,PC방
4093,"서울특별시 구로구 경인로11길 14-2, 101호 (오류동)",콜PC방,126.838135628866,37.4937854834396,PC방
4094,서울특별시 구로구 개봉로3길 40 (개봉동),4TEN PC(개봉점),126.854038861329,37.4864154231168,PC방
4095,서울특별시 구로구 구로동로28길 64-11 (구로동),보물PC,126.887938080503,37.4904387667209,PC방
4096,"서울특별시 구로구 중앙로 64, 고척프라자 나동 2층 4호 (고척동)",레드PC방,126.862833580926,37.5037992525197,PC방
4097,서울특별시 구로구 경인로47길 96 (고척동),신게임PC방,126.864129212218,37.502981375957,PC방
4098,"서울특별시 구로구 부일로15길 12  (궁동,3층)",라임 PC,126.834099010344,37.4939375599096,PC방
4099,서울특별시 구로구 경인로20길 6 (오류동),퍼니퍼니피시방,126.843376566816,37.4954038170325,PC방
4100,서울특별시 구로구 도림로 81 (구로동),모토 PC존,126.892171200851,37.4902543055104,PC방
4101,"서울특별시 구로구 개봉로17마길 17-1  (개봉동,2층)",아이비스 PC방 개봉점,126.852941968495,37.4920154432103,PC방
4102,"서울특별시 구로구 개봉로20길 105  (개봉동,2층)",파워넷,126.860123663485,37.4928479547591,PC방
4103,"서울특별시 구로구 디지털로 226, 2층 (가리봉동)",다모아인터넷플라자,126.891117191878,37.4800743815029,PC방
4104,"서울특별시 구로구 개봉로17길 18  (개봉동,지하1층)",신 PC,126.854823249622,37.4917176446806,PC방
4105,"서울특별시 구로구 구일로 154-17, 지하1층 (구로동, 우방아파트)",오엑스PC방 구일역점,126.874369837414,37.4978078745679,PC방
4106,"서울특별시 구로구 우마길 1, 3층 (가리봉동)",중한PC방,126.887531176148,37.4825593377162,PC방
4107,"서울특별시 구로구 디지털로31길 120, 상가2동 B208호 (구로동, 한신휴플러스아파트)",3POP PC카페,126.890773027393,37.4884700177382,PC방
4108,"서울특별시 구로구 개봉로3길 34 (개봉동,3층)",EZ PC,126.854434829051,37.4864154611343,PC방
4109,"서울특별시 구로구 고척로 142-1  (고척동,(지층))",Zaii PC Zone,126.849837285068,37.5026470093918,PC방
4110,"서울특별시 구로구 서해안로30길 12  (오류동,지층)",호야 PC방,126.843904125376,37.4932168724157,PC방
4111,"서울특별시 구로구 구로동로 12, 2층 (가리봉동)",제왕의 사치2 PC,126.887351431548,37.4828432544018,PC방
4112,"서울특별시 구로구 공원로7길 41-1 (구로동,지층)",이네이처 PC방 구로5동점,126.887107486742,37.5012192372181,PC방
4113,"서울특별시 구로구 개봉로17길 25  (개봉동,2층)",웹시티 PC방,126.854330766016,37.4915017879843,PC방
4114,"서울특별시 구로구 구로동로 209-1  (구로동,지층)",로그인PC방,126.882283354615,37.497324165936,PC방
4115,"서울특별시 구로구 디지털로32다길 14 (구로동,지하)",TOOL PC,126.899814314405,37.4824321768795,PC방
4116,"서울특별시 구로구 신도림로 57, 2층 (신도림동, 신도림동아성빌딩)",스위티PC방,126.881647346233,37.5092987894825,PC방
4117,"서울특별시 구로구 개봉로 71, 강서프라자 지층 (개봉동)",ARENA PC방,126.855574487587,37.4920938346959,PC방
4118,서울특별시 구로구 오류로8길 88 (오류동),드림넷,126.84493109667,37.4928958448057,PC방
4119,서울특별시 구로구 공원로7길 32 (구로동),미르PC방,126.88734809681,37.5017031266367,PC방
4120,"서울특별시 구로구 경인로47길 26, 지층 (고척동)",제로백,126.866606846487,37.5006460911964,PC방
4121,"서울특별시 구로구 새말로 19, 3층 (구로동)",피에스타PC방 구로역점,126.882924694726,37.5023015080383,PC방
4122,"서울특별시 구로구 구로동로26길 81, 2층 (구로동)",투앤디플레이스 PC zone,126.888507407492,37.4902909094932,PC방
4123,서울특별시 구로구 디지털로 228 (가리봉동),따봉PC,126.891274373938,37.4802882455174,PC방
4124,"서울특별시 구로구 경인로20가길 68, 104호 (오류동, 오류동행복주택)",따봉PC,126.846646657201,37.4955852449417,PC방
4125,"서울특별시 구로구 경인로47길 126-5, 1층 (고척동)",팡팡PC,126.863331006909,37.5046497469025,PC방
4126,"서울특별시 구로구 개봉로11길 13, 현진빌딩 2층 (개봉동)",제로백PC방,126.855447363708,37.4879404879085,PC방
4127,"서울특별시 구로구 구로중앙로 14 (구로동,3층)",유비트 PC방,126.892301347465,37.4915949425815,PC방
4128,"서울특별시 구로구 중앙로 32, 가동 302호 (고척동)",Fall PC방,126.863856941873,37.500768283874,PC방
4129,서울특별시 구로구 도림로 69 (구로동),IDEPS PC (아이뎁스),126.891047234259,37.4896331110441,PC방
4130,"서울특별시 구로구 경인로 193, 상임빌딩 지층 (오류동)",Level up PC CAFE,126.842584579433,37.49576046373,PC방
4131,"서울특별시 구로구 구로동로 166 (구로동,2층)",한게임 PC,126.883427061397,37.4934941309934,PC방
4132,"서울특별시 구로구 경인로 176 (오류동,씨티월드 302호)",사이버리아 PC방,126.841018680923,37.4943907298586,PC방
4133,서울특별시 구로구 부일로13길 52 (궁동),제우스pc방,126.831694668938,37.4954109077701,PC방
4134,서울특별시 구로구 구로중앙로28다길 29 (구로동),인터넷매니아,126.888184536813,37.50154435326,PC방
4135,"서울특별시 구로구 구일로4길 30, 신영상가 지하1층 (구로동)",3POP,126.876446827824,37.4918751361412,PC방
4136,"서울특별시 구로구 디지털로27길 127  (가리봉동,5층)",퍼스트 PC방,126.887109265789,37.4847108131575,PC방
4137,"서울특별시 구로구 공원로7길 32  (구로동,2층)",미르 PC방,126.88734809681,37.5017031266367,PC방
4138,서울특별시 구로구 중앙로 105 (고척동),사이버리아고척2동점,126.859645954857,37.5068391017168,PC방
4139,"서울특별시 구로구 개봉로1나길 1 (개봉동,2층)",타이거 PC방,126.853754645418,37.4837268252569,PC방
4140,서울특별시 구로구 구로중앙로40길 46 (신도림동),유니넷,126.877858739167,37.5075488764968,PC방
4141,서울특별시 구로구 우마길 13 (가리봉동),싸울아비,126.888165771974,37.4817438967725,PC방
4142,서울특별시 구로구 구로동로18길 24  (구로동),넷존,126.885809704182,37.4878887701427,PC방
4143,서울특별시 구로구 고척로 144 (고척동),SKY,126.849970000444,37.5026751992737,PC방
4144,"서울특별시 구로구 우마2길 21 (가리봉동,2층)",짱PC방,126.889147632734,37.4821828022506,PC방
4145,"서울특별시 구로구 개봉로 17, 성림빌딩 1층 (개봉동)",놀러와PC,126.856110752819,37.4871743603099,PC방
4146,서울특별시 구로구 구로동로 126-2  (구로동),티PC스테이션,126.884569787511,37.4899312300876,PC방
4147,서울특별시 구로구 시흥대로163길 12 (구로동),콜PC,126.899290046475,37.4816698383765,PC방
4148,"서울특별시 구로구 고척로 134 (개봉동,6층)",라이킷PC,126.848795513571,37.5022316687641,PC방
4149,"서울특별시 구로구 경인로 340  (개봉동,지층)",썬앤문 PC방,126.857840483824,37.4970276100092,PC방
4150,"서울특별시 구로구 구로동로 35 (가리봉동,지층)",UBIT유비트 PC,126.885897028905,37.4849672468365,PC방
4151,"서울특별시 구로구 남부순환로97길 12  (개봉동,(지1층))",사이버매니아 PC방,126.858684009816,37.4941938767318,PC방
4152,"서울특별시 구로구 공원로6나길 12, 4층 (구로동)",제로100PC 신도림점,126.890779943378,37.5036765777247,PC방
4153,"서울특별시 구로구 경인로33길 63, 1층 (개봉동)",카지노PC,126.850986109922,37.5007016624944,PC방
4154,"서울특별시 구로구 경인로40길 41  (개봉동,3층 301호)",네오플레이,126.859029376899,37.4950263686092,PC방
4155,"서울특별시 구로구 디지털로32다길 46  (구로동,1층)",Ping,126.898879166625,37.4811759149298,PC방
4156,서울특별시 구로구 고척로21가길 60 (개봉동),스카이,126.842757705126,37.5014254957775,PC방
4157,서울특별시 구로구 시흥대로 577 (구로동),블루넷PC방,126.902251260428,37.4844404933455,PC방
4158,서울특별시 구로구 구로동로 12 (가리봉동),뉴월드PC방,126.887351431548,37.4828432544018,PC방
4159,"서울특별시 구로구 경인로20길 9  (오류동,지층)",PC존,126.843960173202,37.4954643260145,PC방
4160,"서울특별시 구로구 경인로40길 23 (개봉동,4층)",초콜릿PC존,126.859308716027,37.4957958905281,PC방
4161,"서울특별시 구로구 구로동로17길 11  (구로동,1층)",한게임PC,126.883862694177,37.4882767382058,PC방
4162,서울특별시 구로구 경인로47길 107 (고척동),싸이버피시방,126.863627327303,37.5034021075538,PC방
4163,서울특별시 구로구 경인로15길 23-4 (오류동),인터넷제국,126.838923923053,37.495148611694,PC방
4164,"서울특별시 구로구 도림로 13 (구로동,2층)",인터넷챔피온,126.886960814588,37.4859831646872,PC방
4165,"서울특별시 구로구 경인로47길 52, 지하1층 (고척동)",잘란PC,126.865502692081,37.5014315069811,PC방
4166,"서울특별시 구로구 부일로1길 26-13  (온수동,(지층))",PC 게임나라,126.82079909404,37.4924584145444,PC방
4167,"서울특별시 구로구 경인로40길 12  (개봉동,2층)",메트로 PC방,126.859131313522,37.4962642022543,PC방
4168,"서울특별시 구로구 경인로40길 25  (개봉동,3층 12호)",이한 PC Zone,126.859741653028,37.4954039270721,PC방
4169,"서울특별시 구로구 경인로47길 13 (고척동,지층)",리그PC (고척스카이돔점),126.86676354913,37.5000325932362,PC방
4170,"서울특별시 구로구 경인로 216, 5층 (오류동)",4TEN PC(오류점),126.84486554294,37.4962152453948,PC방
4171,"서울특별시 구로구 시흥대로163길 33 (구로동, 주호타워)",GRAY PC방,126.898099733933,37.48200020873,PC방
4172,"서울특별시 구로구 구로동로18길 16, 1층 (구로동)",OK PC방,126.885395643321,37.4880327106198,PC방
4173,서울특별시 구로구 고척로 90 (개봉동),상어PC,126.844240681987,37.5006060140872,PC방
4174,"서울특별시 구로구 도림로 83, 1층 (구로동)",황금PC,126.892418210722,37.490295256222,PC방
4175,"서울특별시 구로구 가마산로12길 8-3, 설록빌딩 1층 102호 (구로동)",세븐PC,126.882549304151,37.4924315153136,PC방
4176,"서울특별시 구로구 도림로6길 2, 1층 (구로동)",황제PC,126.887098312178,37.4856032510525,PC방
4177,"서울특별시 구로구 남부순환로105길 62, 2층 (가리봉동)",한중PC랜드,126.889267332044,37.4798308315731,PC방
4178,서울특별시 구로구 중앙로 32  (고척동),파워넷,126.863856941873,37.500768283874,PC방
4179,서울특별시 구로구 개봉로 128  (개봉동),부팅,126.856801477891,37.4970766312713,PC방
4180,서울특별시 구로구 구로동로 9  (가리봉동),네오피시방,126.886949116632,37.4827159180702,PC방
4181,서울특별시 구로구 디지털로27길 86  (구로동),인터넷클럽,126.889450577063,37.4844514644275,PC방
4182,서울특별시 구로구 디지털로27길 124  (구로동),와와PC방,126.887409182642,37.4849692381334,PC방
4183,서울특별시 구로구 디지털로 218  (가리봉동),애플,126.890547038624,37.4796827268067,PC방
4184,"서울특별시 구로구 구로중앙로 12  (구로동,3층)",킹콩PC방,126.892443589685,37.4914431623831,PC방
4185,서울특별시 구로구 새말로16길 15  (구로동),해커스랩,126.89063046851,37.5049692915538,PC방
4186,서울특별시 구로구 남부순환로97길 20-10  (개봉동),매니아PC프라자,126.858574793409,37.4938836196633,PC방
4187,"서울특별시 구로구 구로동로26길 122  (구로동,,118)",무적게임방,126.89064659726,37.4897992470393,PC방
4188,서울특별시 구로구 고척로 185  (고척동),클릭PC방,126.853998854781,37.5045288389685,PC방
4189,서울특별시 구로구 구로동로28길 86  (구로동),바이러스,126.888764578321,37.4914087610896,PC방
4190,서울특별시 구로구 구로동로 8  (가리봉동),샘넷,126.887318909305,37.482440112266,PC방
4191,"서울특별시 금천구 독산로 298, 1층 (독산동)",짱PC,126.903467112788,37.4732378061678,PC방
4192,"서울특별시 금천구 가산로 126, 2층 (가산동)",고고pc방,126.892390322926,37.4767855134829,PC방
4193,"서울특별시 금천구 시흥대로 214, 비즈메드빌딩 2층 201,202호 (시흥동)",메타PC 금천본점,126.901712234507,37.4530428916984,PC방
4194,"서울특별시 금천구 가산로 33, 건설오피스 1층 (독산동)",188PC,126.899187218548,37.4711901107752,PC방
4195,"서울특별시 금천구 독산로 248, 1층 (독산동)",오뚝이PC,126.902586072395,37.468918991702,PC방
4196,"서울특별시 금천구 남부순환로108길 27, 가산동빌딩 3층 (가산동)",옥토끼 PC Cafe,126.891984062975,37.4776091156991,PC방
4197,"서울특별시 금천구 금하로 687, 2층층 (시흥동)",스페이스pc,126.906557450598,37.4521462593488,PC방
4198,"서울특별시 금천구 독산로 352, 1층 (독산동)",노란쵸코PC,126.90395033831,37.4781432957275,PC방
4199,"서울특별시 금천구 독산로 284, 1층 (독산동)",로또PC,126.903355228717,37.4720694651831,PC방
4200,"서울특별시 금천구 디지털로10길 78, 가산테라타워 217-222호 (가산동)",레벨업 PC 카페,126.889614189767,37.4745325914718,PC방
4201,"서울특별시 금천구 벚꽃로6길 21, 예일빌딩 지하1층 (독산동)",쇼타임pc방 독산동점,126.893363811885,37.4608862641034,PC방
4202,"서울특별시 금천구 시흥대로152길 11-43, 삼부 르네상스 플러스 지하1층 B101호, B102호 (독산동)",STAR PC,126.900571559567,37.4785459548905,PC방
4203,"서울특별시 금천구 탑골로 2, 관악농협협동조합 지하1층 (시흥동)",레벨업PC카페,126.910224929258,37.4507714528535,PC방
4204,"서울특별시 금천구 독산로102길 1, 1층 (독산동)",콩PC,126.903736720115,37.4758939323532,PC방
4205,"서울특별시 금천구 은행나무로 51, 1층 (시흥동)",두꺼비PC,126.908090501302,37.4511560766684,PC방
4206,"서울특별시 금천구 시흥대로63길 50, 지층 (시흥동)",골드PC랜드,126.896934280371,37.4554917386009,PC방
4207,"서울특별시 금천구 독산로74길 33, 1층 (독산동)",생생PC방,126.904245146011,37.4686959961273,PC방
4208,"서울특별시 금천구 독산로 178 (독산동,2층)",라이또pc방(독산점),126.904042456285,37.4631277638948,PC방
4209,"서울특별시 금천구 독산로 176, 4층층 (독산동)",샹떼pc방독산점,126.904167121542,37.4629594660195,PC방
4210,"서울특별시 금천구 독산로 289  (독산동,3층)",아이러브PC방,126.90301850154,37.4725624922826,PC방
4211,"서울특별시 금천구 독산로64길 15, 4층 (독산동)",기린PC방,126.903435360244,37.4652295989557,PC방
4212,"서울특별시 금천구 독산로 323-1, 지상1층 (독산동)",킹pc,126.903311595103,37.4756654496389,PC방
4213,"서울특별시 금천구 금하로23길 23 (시흥동,2층)",노블pc방,126.90857823852,37.4523031744628,PC방
4214,"서울특별시 금천구 시흥대로123길 7 (독산동,2층)",스위티PC방,126.897299140809,37.4701019566204,PC방
4215,"서울특별시 금천구 독산로108길 105 (독산동, 지하1층)",열라빨라 피시방,126.909797902181,37.4803603321344,PC방
4216,"서울특별시 금천구 가산로 124 (가산동,지하1층)",리버스PC방,126.892559343437,37.4766248371384,PC방
4217,"서울특별시 금천구 시흥대로 226, 지상3층 (시흥동, 배피부비뇨과의원)",PC방 GO,126.901200465907,37.4540886310241,PC방
4218,"서울특별시 금천구 독산로 24, 3층호 (시흥동)",웹시티피시방,126.905662744358,37.4494040353082,PC방
4219,"서울특별시 금천구 독산로 28, 지상1층 (시흥동)",콜PC,126.905938249671,37.4498723314104,PC방
4220,"서울특별시 금천구 시흥대로 426, 지하2층 (독산동, 영진빌딩)",제닉스아레나pc,126.89877216735,37.4715689911066,PC방
4221,"서울특별시 금천구 독산로 50  (시흥동,1층(전체금연))",ACE PC방,126.906195418645,37.4517233072838,PC방
4222,"서울특별시 금천구 가산로5길 65, 3층 (가산동)",아이센스PC방(가산점),126.890951102537,37.473464244273,PC방
4223,"서울특별시 금천구 금하로14길 46, 1층 (시흥동)",신게임PC,126.904059356921,37.4514030844103,PC방
4224,"서울특별시 금천구 남부순환로 1372, 지하1층 (독산동)",4TEN PC 독산점,126.903472790688,37.4794589203551,PC방
4225,"서울특별시 금천구 시흥대로 196, 지하1층 (시흥동)",위너스 피씨(winners pc),126.902238323181,37.4514037545389,PC방
4226,"서울특별시 금천구 독산로 47, 1층 (시흥동)",은행피씨,126.905777534135,37.4515017761264,PC방
4227,"서울특별시 금천구 가산로3길 93, 1층 (독산동)",돼지PC,126.890327938174,37.4721729709167,PC방
4228,서울특별시 금천구 독산로47길 13  (시흥동),메이드PC,126.903556804573,37.4621165237364,PC방
4229,"서울특별시 금천구 독산로 123,  지하1층호 (시흥동)",블루,126.905070932986,37.4582258288751,PC방
4230,"서울특별시 금천구 독산로41길 10-4,  2층호 (시흥동)",이네이처PC방(시흥점),126.904026552591,37.4600942249144,PC방
4231,"서울특별시 금천구 독산로 56, 2층 (시흥동)",제로백피씨방 은행나무사거리점,126.906234386931,37.4523751311113,PC방
4232,"서울특별시 금천구 독산로 280, 1층 (독산동)",PC게임,126.903310316281,37.4716559549102,PC방
4233,서울특별시 금천구 시흥대로28길 15 (시흥동),우리PC방,126.904621332671,37.4424552998283,PC방
4234,"서울특별시 금천구 독산로 191-1, 3층호 (독산동)",뉴스피씨,126.902864594209,37.4641256627696,PC방
4235,"서울특별시 금천구 시흥대로 469 (독산동,3층)",다크써클PC방,126.898165336518,37.475482276062,PC방
4236,"서울특별시 금천구 독산로 194, 지하1층 (독산동)",PC마루,126.903193452311,37.4643593846438,PC방
4237,"서울특별시 금천구 남부순환로108길 20, 지상1층 (가산동)",PC게임천국,126.892151762982,37.4781332056729,PC방
4238,"서울특별시 금천구 시흥대로 89, 지상1층 (시흥동)",놀이터,126.903113783108,37.4421750294665,PC방
4239,"서울특별시 금천구 독산로 120, 지상1층 (시흥동)",로얄PC,126.905509786318,37.4579794834347,PC방
4240,"서울특별시 금천구 독산로 141, 1층 (시흥동)",황금PC,126.904696740832,37.4598872642435,PC방
4241,서울특별시 금천구 독산로 302-1 (독산동),럭키피시,126.903675704472,37.4735778373118,PC방
4242,"서울특별시 금천구 가산로 57, 지층 (독산동)",황금게임랜드,126.896560213006,37.4715465324496,PC방
4243,서울특별시 금천구 독산로 294 (독산동),백억PC,126.903455088918,37.4729178477264,PC방
4244,"서울특별시 금천구 독산로 359, 1층 (독산동)",봉PC,126.903649374668,37.4789411645269,PC방
4245,"서울특별시 금천구 시흥대로 427, 지하층 (독산동)",뉴스타PC방,126.897779055882,37.4716490468666,PC방
4246,"서울특별시 금천구 가산로3길 25, 2층 (독산동)",놀토PC방,126.894218729672,37.4721508392802,PC방
4247,"서울특별시 금천구 남부순환로108길 20, 1층 (가산동)",럭키PC방,126.892151762982,37.4781332056729,PC방
4248,"서울특별시 금천구 금하로24길 9, 2층 (시흥동)",베스트pc,126.908732505043,37.4505380285323,PC방
4249,"서울특별시 금천구 시흥대로 167 (시흥동, 지하1층)",레드PC방,126.902415519167,37.4488042970905,PC방
4250,"서울특별시 금천구 금하로 720, 4층 401호 (시흥동, 에벤에셀프라자)",세븐pc방,126.909481684032,37.4504425566682,PC방
4251,"서울특별시 금천구 시흥대로57길 46, 지하층 (시흥동)",시흥PC,126.90012743209,37.4542721664236,PC방
4252,"서울특별시 금천구 은행나무로 49, 3층 (시흥동)",승리PC방,126.907777895704,37.4510667229373,PC방
4253,서울특별시 금천구 독산로 273-1 (독산동),초롱PC,126.902873411767,37.4712897864772,PC방
4254,"서울특별시 금천구 시흥대로63길 33, 지하1층 (시흥동)",와꾸대장PC,126.897759465115,37.4550712319781,PC방
4255,서울특별시 금천구 시흥대로62길 32  (시흥동),매직스페이스,126.901940197765,37.4559829955093,PC방
4256,"서울특별시 영등포구 신풍로 113, 시원빌딩 제지층 제비103호 (신길동)",미스테리PC,126.918867891098,37.5001399657337,PC방
4257,"서울특별시 영등포구 영등포로42길 21-2, 2층 (영등포동3가)",바다PC,126.906903161752,37.5174876421571,PC방
4258,"서울특별시 영등포구 영등포로 252, 1층 (영등포동3가)",붕붕 PC,126.909277207581,37.5188222532332,PC방
4259,"서울특별시 영등포구 디지털로37길 26 (대림동,2층)",중한 PC방,126.898190044342,37.4908516072911,PC방
4260,"서울특별시 영등포구 선유로 32 (문래동4가, 지하1층)",제로100PC 문래점,126.888857838001,37.5167571845721,PC방
4261,"서울특별시 영등포구 여의대방로 89, 지층 101호 (신길동, 익녕빌딩)",3POP,126.916569895364,37.4973037099433,PC방
4262,"서울특별시 영등포구 영등포로84길 16 (신길동,지하1층)",제로100PC,126.921715255546,37.5118475635779,PC방
4263,"서울특별시 영등포구 경인로 865, 2층 (영등포동3가)",역전PC,126.908708552297,37.5173457918599,PC방
4264,"서울특별시 영등포구 도영로 20, 2층 (도림동, 인수빌딩)",맥스피드 PC,126.895706906665,37.5081663225208,PC방
4265,"서울특별시 영등포구 대림로29길 22, 2층 (대림동)",넘버원PC,126.897062767595,37.4951538390271,PC방
4266,서울특별시 영등포구 도림로 132 (대림동),라이온PC,126.896985908203,37.4927396147597,PC방
4267,서울특별시 영등포구 경인로 857 (영등포동3가),PC 카페,126.90781802619,37.5170420928318,PC방
4268,"서울특별시 영등포구 영등포로37길 8, 2층 (영등포동5가)",행운PC,126.905548063729,37.5208730756996,PC방
4269,"서울특별시 영등포구 영등포로46길 4, 1층 (영등포동3가)",잭팟PC,126.907650487331,37.5189819116591,PC방
4270,"서울특별시 영등포구 도림로31길 2, 3층 (대림동)",로라PC게임랜드,126.895922332338,37.4925465879116,PC방
4271,"서울특별시 영등포구 영등포로 232, 2층 내제2호 (영등포동3가)",태평양,126.907070932403,37.5192960873037,PC방
4272,"서울특별시 영등포구 영등포로 201, 2층 (영등포동6가)",노리터PC,126.903954431027,37.5203302879383,PC방
4273,"서울특별시 영등포구 영중로 22, 남서울빌딩 지하1층 (영등포동3가)",스타PC,126.905950555009,37.5183443720949,PC방
4274,"서울특별시 영등포구 문래북로 52, 2층 (문래동3가)",제너스PC 문래점,126.890835544798,37.5207126294149,PC방
4275,서울특별시 영등포구 영등포로 233 (영등포동5가),엘린PC,126.907432813074,37.5197426381772,PC방
4276,"서울특별시 영등포구 영등포로 234-1, 1층 (영등포동3가)",왕PC,126.907379504684,37.5192171315296,PC방
4277,"서울특별시 영등포구 디지털로 362-1, 에덴빌딩 1층 (대림동)",청도PC,126.900492066041,37.489724696651,PC방
4278,"서울특별시 영등포구 영등포로 251, 2층 (영등포동2가)",대박PC,126.909359491863,37.5192505630959,PC방
4279,서울특별시 영등포구 디지털로 344-1 (대림동),대왕PC,126.899139073454,37.4885087210212,PC방
4280,서울특별시 영등포구 영등포로 182-1 (영등포동4가),영광PC,126.901555895931,37.5201933429327,PC방
4281,"서울특별시 영등포구 영등포로 248, 대흥빌딩 105 ~ 107호 (영등포동3가)",매직PC랜드,126.908762583452,37.5188636633622,PC방
4282,"서울특별시 영등포구 디지털로 349, 현암빌딩 108호 (대림동)",인형뽑기PC,126.899272688257,37.4890412403315,PC방
4283,"서울특별시 영등포구 영등포로 218-1, 지하층 (영등포동3가)",신선PC,126.905743586952,37.5195743463824,PC방
4284,"서울특별시 영등포구 영등포로 247, B01호 (영등포동2가)",THE1975,126.909029174535,37.5194459168674,PC방
4285,"서울특별시 영등포구 영중로8길 15, 더-위일 101호 (영등포동3가)",중앙PC,126.907317209122,37.5184589787907,PC방
4286,"서울특별시 영등포구 영중로10길 16, 3층 (영등포동3가)",월드PC클럽,126.90696016472,37.5188602750991,PC방
4287,"서울특별시 영등포구 디지털로 349, 현암빌딩 3층 301호 (대림동)",팡팡PC,126.899272688257,37.4890412403315,PC방
4288,"서울특별시 영등포구 영등포로 236-1, 2층 (영등포동3가)",포인트PC,126.907594044857,37.5191625185967,PC방
4289,"서울특별시 영등포구 영중로8길 6, 성남빌딩 101호 (영등포동3가)",골드PC,126.906179481554,37.5183625742201,PC방
4290,서울특별시 영등포구 디지털로56길 1 (대림동),Ace PC,126.901883401353,37.4909665473165,PC방
4291,"서울특별시 영등포구 신길로 108, 12동 102-다호 (신길동, 남서울아파트)",리틀세븐PC,126.912436125445,37.502181737466,PC방
4292,"서울특별시 영등포구 디지털로 349, 현암빌딩 1층 (대림동)",카지노PC,126.899272688257,37.4890412403315,PC방
4293,"서울특별시 영등포구 영등포로 236, 2층 (영등포동3가)",라이브PC,126.907484742683,37.5191865799098,PC방
4294,"서울특별시 영등포구 도림로 322, 지하1층 (신길동)",도깨비PC cafe 도림사거리점,126.901914175609,37.5063427806294,PC방
4295,"서울특별시 영등포구 영등포로42길 19, 2층 (영등포동3가)",스카이PC,126.906788963523,37.5178120934134,PC방
4296,"서울특별시 영등포구 영중로10길 6, 델리타운 108호 (영등포동3가)",아자PC게임랜드,126.906180000922,37.5190319297254,PC방
4297,"서울특별시 영등포구 영등포로 222, 1층 (영등포동3가)",맥스PC,126.906111562056,37.519485169884,PC방
4298,"서울특별시 영등포구 영등포로 234-1, 2층 (영등포동3가)",연PC,126.907379504684,37.5192171315296,PC방
4299,"서울특별시 영등포구 영등포로 224, 대륙빌딩 1층 (영등포동3가)",애플PC,126.906257217053,37.5194285223987,PC방
4300,"서울특별시 영등포구 디지털로 392, 정성빌딩 1층 (대림동)",정PC,126.902761155076,37.4916195120765,PC방
4301,"서울특별시 영등포구 영등포로 218-1, 제3호 (영등포동3가)",골프PC,126.905743586952,37.5195743463824,PC방
4302,"서울특별시 영등포구 영등포로 248, 대흥빌딩 1층 106호 (영등포동3가)",쩡PC,126.908762583452,37.5188636633622,PC방
4303,"서울특별시 영등포구 영중로 36, 1층 (영등포동3가)",라이브PC,126.905377660265,37.5194739523818,PC방
4304,"서울특별시 영등포구 영등포로 234, 여의도 포레스트 시티 1층 105호 (영등포동3가)",승리PC,126.907271039064,37.5191135211918,PC방
4305,"서울특별시 영등포구 영등포로 237-1, 성일빌딩 2층 (영등포동5가)",시장PC,126.907892120104,37.5196161360604,PC방
4306,"서울특별시 영등포구 신길로 145, 3층 (신길동)",사러가 PC CAFE,126.910395805911,37.5052191180452,PC방
4307,"서울특별시 영등포구 도림로 331, 2층 (도림동)",NEOX PC 도림사거리점,126.900864114112,37.5069785540028,PC방
4308,"서울특별시 영등포구 양평로 99, 지층 (양평동4가)",긱스타PC,126.89607164408,37.5364773083686,PC방
4309,"서울특별시 영등포구 양산로 128, 2층 (당산동1가)",ZERO100 PC,126.897200709329,37.5237859836516,PC방
4310,"서울특별시 영등포구 영중로10길 6, 델리타운 107호 (영등포동3가)",노라PC,126.906180000922,37.5190319297254,PC방
4311,"서울특별시 영등포구 양평로 113, 2층 (양평동4가)",MIGHTY PC Cafe,126.894768844543,37.5372391215258,PC방
4312,"서울특별시 영등포구 영중로 22, 남서울빌딩 3층 (영등포동3가)",레벨업PC CAFE,126.905950555009,37.5183443720949,PC방
4313,"서울특별시 영등포구 영등포로 225, 24호 (영등포동5가)",콩지pc,126.906654670129,37.5199200639101,PC방
4314,"서울특별시 영등포구 신풍로 23, 지하1층 (신길동)",제노피시방(신풍점),126.908363715093,37.5003710511097,PC방
4315,"서울특별시 영등포구 디지털로54길 3, 동보빌딩 3층 302호 (대림동)",모모PC,126.901704902363,37.4904985059027,PC방
4316,"서울특별시 영등포구 영중로 145, 상가동 지하층 103호 (영등포동8가, 영등포삼환아파트)",앤탑 PC방,126.905079994793,37.5299598453919,PC방
4317,"서울특별시 영등포구 영중로 145, B010호 (영등포동8가, 영등포삼환아파트)",3POP(쓰리팝)PC방,126.905079994793,37.5299598453919,PC방
4318,"서울특별시 영등포구 영등포로 235, 1층 (영등포동5가)",올스타즈 PC방,126.907622887825,37.5196231338181,PC방
4319,"서울특별시 영등포구 도림로 129, 상도빌딩 지하1층 (대림동)",태양성PC방(太陽城),126.896550474113,37.4929625938697,PC방
4320,"서울특별시 영등포구 영신로19길 1 (영등포동,(3층))",SKY PC,126.907525588394,37.5145951895027,PC방
4321,"서울특별시 영등포구 대림로29길 13, 지하2층 B201호 (대림동, 대림동 쌍용 플래티넘-S)",브라더 PC,126.898058257377,37.4953006652838,PC방
4322,"서울특별시 영등포구 당산로 132, 지층 (당산동3가)",GEEK STAR PC CAFE,126.897005507687,37.5262984376337,PC방
4323,"서울특별시 영등포구 디지털로37길 20, 2층 (대림동)",당인가PC4호점,126.898341411466,37.4903815019833,PC방
4324,"서울특별시 영등포구 디지털로37길 29, 대덕빌딩 4층 3호 (대림동)",공팔공칠PC,126.897707090837,37.4913541322857,PC방
4325,"서울특별시 영등포구 도신로 208, 3층 (신길동)",ZOOM PC방,126.914471892191,37.5113180664152,PC방
4326,"서울특별시 영등포구 디지털로 427, 2층 (대림동)",샹떼 PC방,126.905098921176,37.4942901053653,PC방
4327,"서울특별시 영등포구 대림로29길 19, 대화빌딩 2층 (대림동)",해피로 PC 대림점,126.897380928039,37.4951099665035,PC방
4328,"서울특별시 영등포구 영등포로46길 7, 4층 (영등포동3가, 신효빌딩)",버럭PC까페,126.907894167886,37.5185023178629,PC방
4329,"서울특별시 영등포구 신길로 215, 진우빌딩 2층 (도림동)",파우(POW) PC,126.909748053975,37.5113609532519,PC방
4330,"서울특별시 영등포구 국회대로36길 17, 리앤나빌리지 B103호 (당산동3가)",곰PC,126.898359325917,37.5257144999376,PC방
4331,"서울특별시 영등포구 영중로10길 28, 3층 (영등포동3가)",대박PC,126.908298860011,37.5186293137741,PC방
4332,"서울특별시 영등포구 도신로 35, 현대3차아파트 지층 1호 (대림동)",apple PC cafe,126.89677822891,37.5049474330047,PC방
4333,"서울특별시 영등포구 선유서로 117 (양평동3가,지하1층)",피씨마루(PC MARU),126.886112724011,37.5261628364547,PC방
4334,"서울특별시 영등포구 여의대방로 394, 지하1층 4호 (여의도동, 우정빌딩)",ASUS PC,126.932765535417,37.5193909949479,PC방
4335,"서울특별시 영등포구 영등포로42길 19-1, 2층 (영등포동3가)",에이스PC,126.906800800348,37.5177536276532,PC방
4336,"서울특별시 영등포구 대림로29길 41, 3층 (대림동)",당인가 pc,126.895547224791,37.4939461510739,PC방
4337,"서울특별시 영등포구 버드나루로7길 16 (영등포동7가,지하1층)",메타PC 영등포본점,126.909196416053,37.5227636272462,PC방
4338,"서울특별시 영등포구 도림로38길 12, 3층 (대림동)",17 PC CLUB,126.897632133073,37.4920081984576,PC방
4339,"서울특별시 영등포구 경인로 871, 2층 (영등포동3가)",겜노리PC,126.909432079999,37.5175940346352,PC방
4340,"서울특별시 영등포구 영등포로 220, 1층 (영등포동3가)",고래PC,126.905889734329,37.5195763550279,PC방
4341,"서울특별시 영등포구 영등포로 218-1, 1층 5호 (영등포동3가)",로얄 PC,126.905743586952,37.5195743463824,PC방
4342,"서울특별시 영등포구 디지털로54길 4-2, 2층 (대림동)",동보PC,126.901501831886,37.4904027399056,PC방
4343,"서울특별시 영등포구 영등포로 248, 대흥빌딩 401호 (영등포동3가)",송천PC,126.908762583452,37.5188636633622,PC방
4344,"서울특별시 영등포구 영등포로 248, 대흥빌딩 402호 (영등포동3가)",송천2PC,126.908762583452,37.5188636633622,PC방
4345,"서울특별시 영등포구 영등포로 220, 1층 (영등포동3가)",런던PC,126.905889734329,37.5195763550279,PC방
4346,"서울특별시 영등포구 영등포로 224, 대륙빌딩 (영등포동3가)",도그PC,126.906257217053,37.5194285223987,PC방
4347,"서울특별시 영등포구 영중로8길 22, 여의시티파크 B동 1층 101호 (영등포동3가)",거봉PC방,126.908063084407,37.5181073596394,PC방
4348,서울특별시 영등포구 영등포로 180-1 (영등포동4가),미녀PC,126.901518198221,37.5202152058714,PC방
4349,"서울특별시 영등포구 디지털로 379, 1층 (대림동)",마라공장PC,126.90154510272,37.4910339315147,PC방
4350,"서울특별시 영등포구 영등포로 234, 여의도 포레스트 시티 1동 1층 106호 (영등포동3가)",신고래PC,126.907271039064,37.5191135211918,PC방
4351,"서울특별시 영등포구 영등포로 185, 1층 (영등포동6가)",조광P.C,126.902116792006,37.5205904304753,PC방
4352,"서울특별시 영등포구 도신로 100, 상가동 지하1층 (신길동, 신길우성5차아파트)",원투쓰리 PC CAFE,126.90308671235,37.5067509124905,PC방
4353,서울특별시 영등포구 디지털로 450  (대림동),@세대 인터넷PC클럽,126.906995144642,37.4955008543369,PC방
4354,서울특별시 동작구 사당로 230-1 (사당동),Zero100PC방 남성역점,126.973243297085,37.4833057767884,PC방
4355,"서울특별시 동작구 보라매로 91, 2층 (신대방동)",NEOX PC,126.927667322196,37.4975333042265,PC방
4356,"서울특별시 동작구 흑석로 112, 중앙타워빌 지하1층 (흑석동)",레벨업PC방 흑석점,126.961636282395,37.5083731799022,PC방
4357,"서울특별시 동작구 상도로15길 72, 101호 (상도동, 드림팰리스-2)",홈런PC,126.935216389442,37.5035322576258,PC방
4358,"서울특별시 동작구 흑석로 110, 지층 (흑석동)",슈프림 PC cafe 2,126.961423329898,37.5081164142775,PC방
4359,"서울특별시 동작구 만양로 84, 지층 (노량진동, 삼익주상복합아파트)",루나틱하이PC방 노량진3호점,126.945225673807,37.5113671453073,PC방
4360,"서울특별시 동작구 남부순환로 2067, 정석빌딩 3층 (사당동)",아이센스리그PC방 사당점,126.97856389888,37.4769214100582,PC방
4361,서울특별시 동작구 대림로 39-1 (신대방동),타짜 PC,126.908710576293,37.4873529432175,PC방
4362,서울특별시 동작구 성대로2길 1-1 (상도동),상도PC,126.932250374177,37.4997636691144,PC방
4363,서울특별시 동작구 동작대로3길 29 (사당동),돼지PC,126.979691780913,37.478418816822,PC방
4364,"서울특별시 동작구 상도로 102, 성대시장 지하1층 (상도동)",제로100PC 신대방삼거리점,126.931776254273,37.4999426964441,PC방
4365,"서울특별시 동작구 국사봉1길 11, 대룡빌딩 지하1층 (상도동)",망고 PC,126.929243360392,37.4990136207961,PC방
4366,"서울특별시 동작구 사당로 30, 지하1층 (상도동)",에이플 PC CAFE,126.957611682315,37.4949163636825,PC방
4367,"서울특별시 동작구 보라매로5가길 16, 지하2층 201호 (신대방동, 보라매아카데미타워)",피에스타PC방 보라매점,126.924094714271,37.4912751024086,PC방
4368,"서울특별시 동작구 사당로16길 7  (사당동,3층)",시즌아이 PC방,126.973850815896,37.4829138839281,PC방
4369,"서울특별시 동작구 사당로 10  (상도동,2층)",떴다 PC방,126.955437668044,37.4953202958926,PC방
4370,"서울특별시 동작구 국사봉5길 1  (상도동,지상2층)",제우스 PC방,126.930333780857,37.4977695288126,PC방
4371,"서울특별시 동작구 상도로62길 45  (상도동,지상2층)",매직월드 PC방,126.95300945859,37.4962031524693,PC방
4372,"서울특별시 동작구 동작대로27가길 44, 5층 (사당동)",3POP PC카페(이수역점),126.98081473562,37.4856557274483,PC방
4373,"서울특별시 동작구 국사봉1길 11, 지층 (상도동, 대룡빌딩)",망고PC,126.929243360392,37.4990136207961,PC방
4374,"서울특별시 동작구 시흥대로 658 (신대방동,지하1층)",멜론PC방,126.908076731256,37.4903749716012,PC방
4375,"서울특별시 동작구 성대로 80  (상도동,2층)",배틀짱PC방,126.934976916217,37.4975922447346,PC방
4376,"서울특별시 동작구 상도로63길 15 (상도동,지층)",더블유PC방,126.956319389288,37.4947093821664,PC방
4377,"서울특별시 동작구 흑석로13가길 33 (흑석동,1층)",주식회사 명택,126.960004298309,37.5077968064111,PC방
4378,"서울특별시 동작구 양녕로26길 27, 3층 1호 (상도동, 삼익아파트)",제로백 PC 상도점,126.944257806099,37.4973902075154,PC방
4379,"서울특별시 동작구 노량진로16길 16 (노량진동,2층)",루나틱하이 PC,126.943485898065,37.5128243306674,PC방
4380,"서울특별시 동작구 국사봉1길 24  (상도동,2층)",캡틴잭의모험PC방,126.929813809564,37.4988578167321,PC방
4381,"서울특별시 동작구 사당로 30  (상도동,2층)",enter pc방,126.957611682315,37.4949163636825,PC방
4382,"서울특별시 동작구 여의대방로22길 80  (신대방동,지하1층)",로하스PC방 신대방2호점,126.924490881768,37.4977293578132,PC방
4383,"서울특별시 동작구 상도로 88  (상도동,지상3층)",존앤존PC방 (신대방삼거리역점),126.930559045616,37.4996046505724,PC방
4384,서울특별시 동작구 흑석로9길 4 (흑석동),헬로PC방,126.959981630398,37.5076741719689,PC방
4385,"서울특별시 동작구 성대로 23 (상도동,3층)",메인PC방,126.932946211731,37.4996378351879,PC방
4386,"서울특별시 동작구 보라매로3길 29  (신대방동,해태보라매 2층 44호, 45호)",수피아PC방,126.924990343437,37.4912113425285,PC방
4387,"서울특별시 동작구 만양로 105, 지층 (노량진동, 한성빌딩)",포포PC방 노량진점,126.944007081257,37.5128549427149,PC방
4388,"서울특별시 동작구 보라매로 91, 2층 (신대방동)",시즌아이PC방 신대방점,126.927667322196,37.4975333042265,PC방
4389,서울특별시 동작구 흑석로 110 (흑석동),몬스터PC방 3호점,126.961423329898,37.5081164142775,PC방
4390,"서울특별시 동작구 사당로 285  (사당동,지상3층)",Camp PC방,126.979182539226,37.4846491148735,PC방
4391,"서울특별시 동작구 만양로 10  (상도동,지상1층)",하이넷 PC방,126.947140586127,37.5055716741287,PC방
4392,"서울특별시 동작구 노량진로12길 13  (노량진동,지상1,2층)",풀하우스 PC,126.93841346308,37.5126269076646,PC방
4393,"서울특별시 동작구 신대방3길 91, 1층 (신대방동)",파이터PC방,126.906974343488,37.48874896166,PC방
4394,서울특별시 동작구 상도로67길 32 (상도동),긱스타 숭실2호점,126.956654524108,37.4949727798048,PC방
4395,서울특별시 동작구 동작대로29나길 15 (사당동),아이닉스 PC방,126.980407335775,37.4887471093766,PC방
4396,서울특별시 동작구 등용로14길 66 (노량진동),에버피씨,126.93515919634,37.5122551237078,PC방
4397,"서울특별시 동작구 노량진로16길 14  (노량진동,3층)",매니아존 PC방,126.943619710576,37.5129685552608,PC방
4398,"서울특별시 동작구 사당로16가길 9 (사당동,2층)",포그네 PC방,126.972789971529,37.4828205701797,PC방
4399,"서울특별시 동작구 만양로14가길 18  (노량진동,2층)",아지트피씨존,126.94515908462,37.5124073237593,PC방
4400,"서울특별시 동작구 만양로8길 63  (노량진동,지하1층)",와우PC존,126.9458007938,37.5103107126825,PC방
4401,"서울특별시 동작구 만양로14길 37  (노량진동,지하1층)",와우PC방,126.946108052539,37.5122652216841,PC방
4402,"서울특별시 동작구 상도로 372  (상도동,외 2필지 지상3층)",인터파크 수 PC방,126.9540168575,37.4953876873201,PC방
4403,"서울특별시 동작구 만양로8길 68  (노량진동,지하1층)",준 PC방,126.945805667761,37.5104527132174,PC방
4404,"서울특별시 동작구 만양로 90-1  (노량진동,지상2층)",게이트 PC방,126.944501000368,37.5115178153565,PC방
4405,"서울특별시 동작구 만양로 84  (노량진동,삼익주상복합 지하1층 4호)",인터쿨 PC방,126.945225673807,37.5113671453073,PC방
4406,"서울특별시 동작구 노량진로 178, 지하1층 (노량진동)",피에스타PC방 노량진본점,126.945695397962,37.5134079563364,PC방
4407,"서울특별시 동작구 사당로 202, 1층 (사당동)",남성PC,126.970534752558,37.4846753861519,PC방
4408,"서울특별시 동작구 여의대방로24길 65, 골든퍼스트 3층 (대방동)",아이센스 PC방,126.923918172165,37.4985502575167,PC방
4409,서울특별시 동작구 등용로14길 71 (노량진동),피씨앤푸드 노량진점,126.935396215873,37.5125814170562,PC방
4410,"서울특별시 동작구 사당로16길 27  (사당동,지층)",씨월드 피시,126.973130969148,37.4821962491378,PC방
4411,"서울특별시 동작구 노량진로8길 21  (노량진동,지하1층)",싸이월드넷 PC방,126.9366435051,37.512800676241,PC방
4412,서울특별시 동작구 사당로 216 (사당동),샵 PC방,126.972029606384,37.4840649558424,PC방
4413,"서울특별시 동작구 신대방3길 25, 1층 (신대방동)",번개 PC방,126.910352130654,37.4875450336519,PC방
4414,"서울특별시 동작구 신대방길 88, 2층 (신대방동)",멜론 ASSEMBLE PC,126.909650623594,37.4897174592335,PC방
4415,"서울특별시 동작구 상도로 73, 보광빌딩 지층 (대방동)",어셈블,126.928915695415,37.4999001041175,PC방
4416,"서울특별시 동작구 상도로 114, 2층 (상도동)",장동민의 옹PC,126.933067057266,37.5009570664864,PC방
4417,"서울특별시 동작구 시흥대로 646, 2층 2호 (신대방동)",시즌아이PC방(신대방본점),126.907213384594,37.4893843599148,PC방
4418,"서울특별시 동작구 양녕로 280-1, 지하1층 (상도1동)",e-sports center 상도동점,126.950123964573,37.5042628196748,PC방
4419,서울특별시 동작구 흑석로 105 (흑석동),몬스터PC방 1호점,126.960938746172,37.5080056116351,PC방
4420,서울특별시 동작구 남부순환로 2055 (사당동),굿센스 PC방,126.977094087349,37.4768743718646,PC방
4421,"서울특별시 동작구 만양로 104, 2층 (노량진동, 한서고시원)",비원PC,126.944489643789,37.5128015607415,PC방
4422,"서울특별시 동작구 상도로47길 4 (상도동, 이화빌딩)",이스포츠센터-중앙대점,126.951448103234,37.4995313792265,PC방
4423,"서울특별시 동작구 국사봉1길 32, 성대빌딩 6층 (상도동)",호야PC월드 본점,126.930349426426,37.4988226340989,PC방
4424,"서울특별시 동작구 등용로 124, 지하1층 (대방동)",엔큐브 대방점,126.932178750257,37.5121830815913,PC방
4425,"서울특별시 동작구 만양로14길 28  (노량진동,지상2층)",인터페이스 PC존,126.94573627465,37.511941050376,PC방
4426,"서울특별시 동작구 만양로14길 28  (노량진동,지하1층)",인터페이스 PC존,126.94573627465,37.511941050376,PC방
4427,"서울특별시 동작구 노량진로 114  (노량진동,지하1층)",타잔 PC방,126.938612219414,37.5130113794472,PC방
4428,"서울특별시 동작구 흑석로 94  (흑석동,2층)",늑대와여우PC라운지 중앙지점,126.959980376481,37.5072688094279,PC방
4429,"서울특별시 동작구 상도로 130  (상도동,지하1층)",아이비스 PC방,126.934326748325,37.5017661558763,PC방
4430,"서울특별시 동작구 국사봉5길 4, 101호 (상도동)",황제PC,126.930439539235,37.4976230875076,PC방
4431,"서울특별시 동작구 동작대로3길 6, 해암빌딩 4층 (사당동)",3POP PC CAFE,126.981129392759,37.4785067233821,PC방
4432,"서울특별시 동작구 노량진로14길 25 (노량진동,지하1층)",루키2 PC방,126.942588015381,37.5125600836707,PC방
4433,서울특별시 동작구 남부순환로 2061 (사당동),쇼PC방,126.977787556475,37.4769040573805,PC방
4434,"서울특별시 동작구 남부순환로271길 24  (사당동,지하1층)",몽키아일랜드 PC방,126.980214576913,37.4779140699266,PC방
4435,"서울특별시 동작구 노량진로14가길 16  (노량진동,지하1층)",A플러스 PC방,126.943482559841,37.5126013305635,PC방
4436,"서울특별시 동작구 사당로16길 15  (사당동,3층)",인터라켄PC방(남성역점),126.973600083418,37.4827912008828,PC방
4437,"서울특별시 동작구 등용로 123 (대방동,지하1층)",3POP PC,126.931722395828,37.5121432646022,PC방
4438,"서울특별시 동작구 동작대로25길 54  (사당동,지하1층)",펀조아 PC방,126.979624751663,37.4850306789307,PC방
4439,서울특별시 동작구 흑석로 79 (흑석동),에이플PC CAFE,126.958421417835,37.5070293244615,PC방
4440,"서울특별시 동작구 노량진로 184, 미도빌 지하1층 (노량진동)",제로100PC방 노량진점,126.946185910688,37.5133125843081,PC방
4441,"서울특별시 동작구 국사봉1길 18 (상도동, 상진빌딩 3층)",갤러리 PC방,126.929518840656,37.4986551850367,PC방
4442,서울특별시 동작구 동작대로 141 (사당동),4uPC,126.982053443172,37.4892376993356,PC방
4443,"서울특별시 동작구 상도로37길 69, 지하1층 (상도동)",본PC방(숭실대점),126.952761819279,37.4983346547989,PC방
4444,"서울특별시 동작구 동작대로25길 34, 2층 (사당동)",놀토PC방,126.980417755908,37.4856480037481,PC방
4445,"서울특별시 동작구 국사봉길 12  (신대방동,3층)",와우PC방,126.928697264633,37.4985308036648,PC방
4446,"서울특별시 동작구 동작대로29길 9  (사당동,3층)",인터라켄 PC방,126.98149880399,37.4879197996861,PC방
4447,"서울특별시 동작구 만양로14길 43  (노량진동,지하1층)",샤인 PC방,126.946455207821,37.5123864745196,PC방
4448,"서울특별시 동작구 남부순환로271길 55  (사당동,지상2층)",시즌아이 PC방,126.979789394488,37.4790901756328,PC방
4449,"서울특별시 동작구 성대로2길 7, 지층 (상도동)",7seven PC,126.931709717703,37.4993656537497,PC방
4450,"서울특별시 동작구 사당로29가길 41, 2층 (사당동)",황제PC,126.979723409321,37.4868886650318,PC방
4451,"서울특별시 동작구 국사봉1길 4, 지하1층 (상도동)",topstar PC,126.928852981582,37.4987738088069,PC방
4452,"서울특별시 동작구 상도로37길 60, 2층 (상도동)",원픽PC방,126.951965775693,37.4989009766383,PC방
4453,"서울특별시 동작구 장승배기로 98, 지하1층 (노량진동)",PNP PC,126.940127058426,37.5063972521794,PC방
4454,"서울특별시 동작구 노량진로16길 22  (노량진동,지하1층)",컬러PC방,126.943726367207,37.5126743381986,PC방
4455,"서울특별시 동작구 노량진로 180, 지층 (노량진동)",싸이버파크PC방 노량진점,126.945898678252,37.5133775956849,PC방
4456,"서울특별시 동작구 보라매로 59  (신대방동,4층)",슈가젬PC방 신대방점,126.927071422699,37.4946774679661,PC방
4457,"서울특별시 동작구 상도로 102 (상도동, 성대시장)",엔탑피씨방(N-Top PC),126.931776254273,37.4999426964441,PC방
4458,"서울특별시 동작구 상도로 169, 교보증권 지하1층 (상도동)",세븐PC방,126.937557355363,37.5043302773119,PC방
4459,서울특별시 동작구 동작대로27길 6 (사당동),아이닉스PC방,126.981596074684,37.4878004313222,PC방
4460,서울특별시 동작구 사당로 28 (상도동),긱스타 PC방 1호점,126.957457993298,37.4949351394814,PC방
4461,서울특별시 동작구 사당로 4 (상도동),하늘다리PC,126.95485331925,37.4954053993678,PC방
4462,"서울특별시 동작구 노량진로 156, 지하1층 (노량진동)",POPO PC,126.943292835393,37.5134034035131,PC방
4463,"서울특별시 동작구 양녕로22가길 68  (상도동,2층)",JAM PC방,126.944149044524,37.4970504767188,PC방
4464,"서울특별시 동작구 흑석로 110  (흑석동,지상6층)",클랜PC방,126.961423329898,37.5081164142775,PC방
4465,"서울특별시 동작구 노량진로 118 (노량진동,지하1층)",PC락,126.939117411727,37.5132326571999,PC방
4466,"서울특별시 동작구 노량진로 162 (노량진동,지하1층)",아이닉스 PC방,126.943957579056,37.5134071445935,PC방
4467,"서울특별시 동작구 흑석로 106-5  (흑석동,지상3층)",이재승컴퍼니 PC방,126.961459298755,37.507891625309,PC방
4468,"서울특별시 동작구 노량진로6길 21  (노량진동,외 1필지, 지하1층)",트릭PC방 중계점,126.935915556935,37.5121148897426,PC방
4469,"서울특별시 동작구 상도로 93 (상도동,지상2층)",겜노리 PC방,126.930835747931,37.5001237923409,PC방
4470,"서울특별시 동작구 노량진로8길 40  (노량진동,2층)",호야 PC월드,126.937465103696,37.5124234131715,PC방
4471,"서울특별시 동작구 서달로15길 23, 한신빌딩 (흑석동)",매직엔PC방(중대점),126.961652170904,37.5084883334727,PC방
4472,"서울특별시 동작구 사당로 286  (사당동,지상2층)",아이닉스PC방,126.979385845879,37.4841898163908,PC방
4473,"서울특별시 동작구 상도로 82, 지층 (대방동)",콤마PC카페 신대방삼거리역점,126.929701388226,37.4994737677406,PC방
4474,서울특별시 동작구 상도로67길 17 (상도동),개컨PC방,126.956345163007,37.4943361045367,PC방
4475,"서울특별시 동작구 만양로 100  (노량진동,지하1층)",행복한 PC방,126.944401840416,37.5123857060582,PC방
4476,"서울특별시 동작구 상도로34길 16  (상도동,지하1층)",오투 PC존,126.945558089006,37.5042108879341,PC방
4477,"서울특별시 동작구 동작대로 121  (사당동,지층)",존앤존PC방,126.981886636778,37.4874603457045,PC방
4478,"서울특별시 동작구 만양로 94 (노량진동,3층)",몽키타운 PC방,126.944447779056,37.5117527722431,PC방
4479,"서울특별시 동작구 사당로 34  (상도동,지하1층)",사이버플러스 PC방,126.958158541528,37.4949254785989,PC방
4480,"서울특별시 동작구 만양로 75  (노량진동,지층)",탑 피시,126.944828799966,37.5101136635189,PC방
4481,"서울특별시 동작구 만양로18길 21  (노량진동,지층)",이네이처 PC방,126.945569381852,37.5131126393253,PC방
4482,"서울특별시 동작구 상도로 169, 교보증권 지하1층 (상도동)",G plus 피씨방,126.937557355363,37.5043302773119,PC방
4483,"서울특별시 동작구 노들로2길 7, 노량진 드림스퀘어 복합빌딩 C동 B09호 (노량진동)",유진PC,126.938586139882,37.5141942939247,PC방
4484,"서울특별시 동작구 만양로14가길 10  (노량진동,지하1층)",와우PC방 3호점,126.945260351819,37.512049311684,PC방
4485,"서울특별시 동작구 장승배기로 35  (상도동,지하1층)",사이버펠리스 PC방,126.941107893311,37.5011653364565,PC방
4486,"서울특별시 동작구 동작대로3길 15  (사당동,지상2층)",파라다이스 PC방,126.98048898118,37.4782852413538,PC방
4487,"서울특별시 동작구 흑석로7길 8 (흑석동,지하1층)",TOP PC방,126.958241333342,37.5072843354434,PC방
4488,서울특별시 동작구 상도로 204 (상도동),제노pc,126.94131526696,37.5049680434096,PC방
4489,"서울특별시 동작구 사당로16길 18  (사당동,2층)",SKY PC방,126.973227566476,37.4827130897035,PC방
4490,"서울특별시 동작구 만양로 83 (노량진동,지상2층)",와우PC방,126.944396906689,37.5109554496203,PC방
4491,"서울특별시 동작구 만양로8길 64  (노량진동,지하1층)",매니아존 PC방,126.945937226686,37.5104286265851,PC방
4492,"서울특별시 동작구 흑석로 87  (흑석동,지하1층)",너구리와 여우소굴,126.959367056377,37.507432582948,PC방
4493,"서울특별시 동작구 흑석로 85-5  (흑석동,지하1층)",사이버파크,126.959175823917,37.5073939540013,PC방
4494,서울특별시 동작구 상도로67길 32  (상도동),아우토반 PC방,126.956654524108,37.4949727798048,PC방
4495,"서울특별시 동작구 성대로 3  (상도동,지하1층)",좋은친구들 PC방,126.932216932407,37.5003530880246,PC방
4496,"서울특별시 동작구 상도로 313  (상도1동,지하1층)",DT PC방,126.950642842417,37.5001498564897,PC방
4497,"서울특별시 동작구 성대로2길 9  (상도동,지상4층)",자이PC존,126.931548790182,37.4992443752959,PC방
4498,"서울특별시 동작구 만양로 81, 지하1층 (노량진동)",마일하이(MILEHIGH) PC방,126.944450626548,37.5108103230947,PC방
4499,"서울특별시 동작구 상도로61길 37  (상도동,2층)",피시트릭 PC방,126.957036661919,37.4949140836487,PC방
4500,"서울특별시 동작구 만양로14가길 26 (노량진동, 노량진 거성빌딩)",존앤존 PC방,126.944975816586,37.5127598014303,PC방
4501,"서울특별시 동작구 남부순환로269길 21 (사당동,3층)",인터넷카페 YAK,126.977833486886,37.4775674793661,PC방
4502,"서울특별시 동작구 동작대로27가길 44  (사당동,지층)",프로 PC방,126.98081473562,37.4856557274483,PC방
4503,"서울특별시 동작구 양녕로 182  (상도동,지하1층)",진 PC방,126.943442696438,37.4975244304507,PC방
4504,"서울특별시 동작구 사당로 234, 호림빌딩 지하1층 (사당동)",SUPREME PC CAFE,126.973527010263,37.4832080812583,PC방
4505,"서울특별시 관악구 관악로30길 15, 2층 (봉천동)",스타덤PC관악점,126.958833779086,37.4866379787681,PC방
4506,"서울특별시 관악구 시흥대로 566, 지하101호 (신림동)",골라 게임랜드,126.902357685701,37.4832010642873,PC방
4507,"서울특별시 관악구 신림로 354, 201호 (신림동)",김여사+PC,126.929945820012,37.4859846659272,PC방
4508,"서울특별시 관악구 남부순환로 1377, 2층 (신림동)",오렌지 PC,126.903829385724,37.4801583039286,PC방
4509,"서울특별시 관악구 난곡로63길 60, 1층 (신림동)",본PC,126.911311140444,37.4806105165308,PC방
4510,"서울특별시 관악구 호암로 587, 1층 (신림동)",호박 PC,126.932884506288,37.4698888489177,PC방
4511,"서울특별시 관악구 난곡로 357, 3층 (신림동)",긱스타 PC(GEEK STAR PC CAFE),126.91344763033,37.4859134542249,PC방
4512,"서울특별시 관악구 난곡로66길 12, 2층 (신림동)",타임PC랜드,126.91503253072,37.4825000535711,PC방
4513,"서울특별시 관악구 호암로24길 77, 지하1층 (신림동)",3S PC 녹두거리점,126.937601300726,37.4693157781194,PC방
4514,"서울특별시 관악구 신림동길 26, 신림빌딩 104호 (신림동)",대박PC,126.925828834235,37.4871786916872,PC방
4515,"서울특별시 관악구 난곡로63가길 1, 1층 (신림동)",콩PC,126.914193963141,37.4809975562282,PC방
4516,"서울특별시 관악구 시흥대로 560, 1층 (신림동)",럭키짱PC,126.901999065663,37.4829262301224,PC방
4517,서울특별시 관악구 시흥대로 566 (신림동),공단PC,126.902357685701,37.4832010642873,PC방
4518,"서울특별시 관악구 남부순환로214길 40, 지하1층 (봉천동)",욜로PC방 봉천점,126.947344732144,37.4799546008071,PC방
4519,"서울특별시 관악구 신림동5길 45, 지하1층 (신림동)",황금PC방,126.927830453385,37.4852468185612,PC방
4520,"서울특별시 관악구 조원로2가길 34, 1층 (신림동)",제우스PC,126.904550468698,37.4826561241956,PC방
4521,"서울특별시 관악구 남부순환로181길 46, 금강빌딩 1층 (신림동)",행운PC,126.930688324152,37.4866144579726,PC방
4522,"서울특별시 관악구 중앙길 7, 2층 우측호 (봉천동)",에이스피씨,126.953823855277,37.4837665956628,PC방
4523,서울특별시 관악구 난곡로 211 (신림동),가비,126.918018871999,37.4735972187998,PC방
4524,"서울특별시 관악구 법원단지길 22, 2층 (신림동)",황제PC,126.918978548757,37.4741236199998,PC방
4525,"서울특별시 관악구 신림동길 23-1, 지층 (신림동)",율PC,126.92616007342,37.4868916578486,PC방
4526,"서울특별시 관악구 관악로17길 9, 지하1층 B01호 (봉천동)",맥스피드PC 서울대입구역점,126.951245075921,37.4806186063628,PC방
4527,"서울특별시 관악구 신원로 22, 1층 (신림동)",히든PC,126.92809980254,37.4810935137384,PC방
4528,"서울특별시 관악구 남부순환로180길 6, 지하2층 (신림동, 최강타워)",레벨업 PC카페,126.930629680819,37.4837589483107,PC방
4529,"서울특별시 관악구 조원로8길 6, 1층 (신림동)",조원PC,126.905403700478,37.483060822581,PC방
4530,"서울특별시 관악구 남부순환로180길 6, 지하2층 B204호 (신림동, 최강타워)",레벨업플러스,126.930629680819,37.4837589483107,PC방
4531,"서울특별시 관악구 남부순환로 1483, 2층 (신림동)",EXIT PC CAFE 난곡점,126.915294416313,37.4822721062451,PC방
4532,"서울특별시 관악구 보라매로 17, 3층 가호 (봉천동)",제로백PC 봉천점,126.926926728097,37.4910282099961,PC방
4533,"서울특별시 관악구 신림로 353, 2층 (신림동)",ZERO100 PC,126.929190502039,37.485766892503,PC방
4534,"서울특별시 관악구 신림로 344, SK허브그린 지하1층 B01호 (신림동)",SNS PC,126.929977240424,37.4851501707989,PC방
4535,"서울특별시 관악구 남부순환로 1377, 1층 101호 (신림동)",사거리PC,126.903829385724,37.4801583039286,PC방
4536,"서울특별시 관악구 관악로 158, BS TOWER 지하2층 (봉천동)",레벨업PC방 서울대점,126.952808280216,37.4793104352293,PC방
4537,"서울특별시 관악구 봉천로 472, 제지1층 제비103호 (봉천동)",에이스PC,126.952225627266,37.4818953761288,PC방
4538,"서울특별시 관악구 난곡로66길 7, 1층 3호 (신림동)",뉴왕PC게임랜드,126.914793328054,37.4826647658698,PC방
4539,"서울특별시 관악구 조원로 123, 1층 (신림동)",신사PC,126.915905394653,37.48531038244,PC방
4540,"서울특별시 관악구 신림로64길 32, 1층 (신림동)",한수PC,126.931500008304,37.4850497000506,PC방
4541,"서울특별시 관악구 봉천로 461-1, 지층 (봉천동)",매니아 PC,126.951378697167,37.482562858333,PC방
4542,"서울특별시 관악구 신림로65길 10-23, 코끼리 1층 (신림동)",고래PC,126.928785213534,37.4855837442563,PC방
4543,"서울특별시 관악구 신림로65길 40, 지하1층 (신림동)",당근PC,126.927225743639,37.48492343619,PC방
4544,"서울특별시 관악구 은천로 31, 1층 (봉천동)",강남PC,126.938850219252,37.486362897773,PC방
4545,"서울특별시 관악구 신림로68길 18, 1층 (신림동)",스마일PC,126.930403774049,37.486565275862,PC방
4546,"서울특별시 관악구 은천로 14, 2층 (봉천동, 쁘띠그린힐)",키키슬롯,126.936759768287,37.4861307788499,PC방
4547,"서울특별시 관악구 남부순환로 1597-15, 3층 (신림동)",꼬마PC,126.92752794785,37.4847136870226,PC방
4548,"서울특별시 관악구 조원로18길 29, 1층 (신림동)",언니PC,126.913958485406,37.4828463447803,PC방
4549,"서울특별시 관악구 신림로 362, 1층 (신림동)",까치PC방,126.929487813026,37.4866709615955,PC방
4550,"서울특별시 관악구 남부순환로 1680, 관동캐슬오피스텔 1층 (신림동)",에이스피시방,126.937097299683,37.4840824266542,PC방
4551,"서울특별시 관악구 호암로22길 70-3, 지하1층 (신림동)",Yak PC방,126.936695536584,37.4683153546224,PC방
4552,"서울특별시 관악구 신원로 23, 2층 (신림동, 관악종합시장)",인터파크秀,126.928063159676,37.4815767925511,PC방
4553,"서울특별시 관악구 신림동5길 31, 지층 (신림동)",뉴탑,126.927636033729,37.4858919115747,PC방
4554,"서울특별시 관악구 남부순환로 1873, 지하1층 (봉천동)",콤마 피시방,126.957986449117,37.4795481840524,PC방
4555,"서울특별시 관악구 신림로 206, 태영빌딩 5층 (신림동)",보야르,126.937446935701,37.4756288046285,PC방
4556,"서울특별시 관악구 대학길 47, 지하1층 (신림동)",레드포스PC아레나 신림녹두점,126.937803548906,37.4686171509232,PC방
4557,"서울특별시 관악구 청룡1길 42, 지하1층 (봉천동)",이스테이션PC방,126.948600646271,37.4808713899046,PC방
4558,"서울특별시 관악구 신림로 84, 지층 (신림동)",SKY PC,126.940177514769,37.4709316312582,PC방
4559,"서울특별시 관악구 복은4길 3, 1층 (신림동)",시즌PC방,126.937819783753,37.4742646022584,PC방
4560,"서울특별시 관악구 봉천로12길 39, 1층 108호 (신림동, 가야위드안)",왕PC방,126.930110949482,37.4870238962652,PC방
4561,"서울특별시 관악구 남부순환로161가길 5, 1층 (신림동, 하나빌딩)",수 PC방,126.918506808414,37.4850367672133,PC방
4562,"서울특별시 관악구 남현길 7, 지하1층 (남현동)",레드포스PC아레나 사당점,126.977671473431,37.4760625825389,PC방
4563,"서울특별시 관악구 관악로 163, 지하1층 (봉천동, 효원빌딩)",긱스타 PC방(Geek Star PC cafe),126.952044774856,37.4798753308636,PC방
4564,"서울특별시 관악구 난곡로65길 33, 1층 (신림동)",秀PC,126.912401747831,37.4820399695335,PC방
4565,"서울특별시 관악구 은천로 27, 지하1층 (봉천동)",아센PC방 봉일시장점,126.938558361976,37.4863947321423,PC방
4566,"서울특별시 관악구 신림로 362, 3층 (신림동)",한게임PC방,126.929487813026,37.4866709615955,PC방
4567,"서울특별시 관악구 쑥고개로 80, 2층 (봉천동)",Q PC,126.945267468435,37.4792117658952,PC방
4568,"서울특별시 관악구 인헌6길 16, 3층 (봉천동)",푸룬PC 2호점,126.966007272791,37.4740985743928,PC방
4569,"서울특별시 관악구 관악로 268, 1층 (봉천동)",녹스PC방 관악점,126.958274612985,37.4879253230576,PC방
4570,"서울특별시 관악구 양녕로 58, 지하1층 (봉천동)",이네이처PC방,126.947036314759,37.4873102965781,PC방
4571,"서울특별시 관악구 신림로 90, 지하1층 (신림동)",인터매니아,126.939362676994,37.4709361714829,PC방
4572,"서울특별시 관악구 남부순환로 1931, 케에타워 지하1층 (봉천동)",제로백 낙성대점,126.963886972814,37.4772285940493,PC방
4573,"서울특별시 관악구 대학14길 18, 지하1층 (신림동)",Cool.K.PC방,126.936842153058,37.4664327706546,PC방
4574,"서울특별시 관악구 호암로24길 12, 지하1층 (신림동)",PC club,126.933807682397,37.4698242265904,PC방
4575,"서울특별시 관악구 청룡1길 33, 지하1층 (봉천동, 관악하우팰리스)",더블m PC방,126.948113779028,37.4812382481402,PC방
4576,"서울특별시 관악구 법원단지길 28, 지하1층 (신림동, 우석빌딩)",맥PC토랑,126.919248807252,37.4741658821631,PC방
4577,"서울특별시 관악구 남부순환로 1934, 낙성대빌딩 4층 (봉천동)",이스포츠,126.963735538331,37.4766373051657,PC방
4578,"서울특별시 관악구 시흥대로166길 59, 1층 (신림동)",나래PC,126.903839713146,37.4809219172653,PC방
4579,"서울특별시 관악구 난곡로 184, 지하1층 (신림동, 대원빌딩)",나는 게이머다 PC,126.919981209825,37.471670222214,PC방
4580,"서울특별시 관악구 신원로 10, 남영빌딩 지하1층 (신림동)",이네이쳐,126.928063499366,37.4802789796022,PC방
4581,"서울특별시 관악구 쑥고개로 95, 지하1층 (봉천동)",탑티어 PC방 서울대점,126.947204153908,37.4793763605135,PC방
4582,"서울특별시 관악구 신림로70길 23, 1층 (신림동)",스타PC방,126.93028924443,37.4877717480379,PC방
4583,"서울특별시 관악구 은천로 109, 지하1층 (봉천동)",레드포스PC아레나 봉천점,126.947493902254,37.4869996530658,PC방
4584,"서울특별시 관악구 남부순환로 1716, 은혜빌딩 지하1층 (봉천동)",3POP PC방,126.940613730465,37.4825397376028,PC방
4585,"서울특별시 관악구 신림로17길 76, 1층 (신림동)",해커스 PC방,126.936195521263,37.4674210125893,PC방
4586,"서울특별시 관악구 남부순환로 1929-5, 지하1층 (봉천동)",스위티PC방 낙성대점,126.963658934093,37.4774748601413,PC방
4587,"서울특별시 관악구 난곡로 100, A동 205~206호 (신림동, 파로스프라자)",5스타 PC방,126.919613685063,37.4645001795391,PC방
4588,"서울특별시 관악구 난우길 2, 프린스빌딩 3층 (신림동)",인터라켄pc방,126.919149562512,37.4732085813656,PC방
4589,"서울특별시 관악구 신림로 224-1, 1층 (신림동)",신림 PC,126.936542759177,37.4776103633224,PC방
4590,"서울특별시 관악구 대학길 52, 2층 (신림동)",Steam PC cafe,126.937556388983,37.4682688699968,PC방
4591,"서울특별시 관악구 호암로24길 24, 지하1층 (신림동, 대학관고시텔)",피씨태그 PC방,126.934472868269,37.4695260024167,PC방
4592,"서울특별시 관악구 대학길 36, 2층 (신림동)",스타PC방,126.93757500788,37.4691242093594,PC방
4593,"서울특별시 관악구 신림로17길 41, 1층 (신림동)",망고톡 PC,126.936503924501,37.4688572098031,PC방
4594,"서울특별시 관악구 남부순환로 1485, 삼남빌딩 지하1층 (신림동)",인터라켄PC방,126.915650135223,37.4823520999904,PC방
4595,"서울특별시 관악구 관악로 199, 지하1층 (봉천동)",3POP 피시방,126.953587750655,37.4830752493665,PC방
4596,"서울특별시 관악구 봉천로31길 9, 지하1층 (봉천동)",스타덤PC 봉천점,126.941358237708,37.4841495810369,PC방
4597,"서울특별시 관악구 인헌6길 9, 지하1층 (봉천동)",푸룬PC방,126.966198319678,37.4738666191079,PC방
4598,"서울특별시 관악구 조원중앙로 22, 1층 (신림동)",딸기 PC,126.905814303617,37.4814757360238,PC방
4599,"서울특별시 관악구 난곡로65길 3, 1층 (신림동)",공주PC,126.914052039759,37.4823086008844,PC방
4600,"서울특별시 관악구 신림로 141, 401호 (신림동)",메타PC 신림본점,126.933441547933,37.4715917133189,PC방
4601,"서울특별시 관악구 조원중앙로 6, 101호 (신림동)",별PC,126.904609170104,37.4804158136657,PC방
4602,"서울특별시 관악구 봉천로12길 49, 2층 (신림동)",토마토PC방,126.930168216331,37.4864806223175,PC방
4603,"서울특별시 관악구 관악로14길 10, 준우지하우스 3층 (봉천동)",드림게임랜드,126.953154491288,37.4790873930145,PC방
4604,"서울특별시 관악구 봉천로12길 69, 2층 (신림동)",세븐PC방,126.930309116095,37.485733589617,PC방
4605,"서울특별시 관악구 신림로64길 23, 지하1층 (신림동)",골드PC게임장,126.931021236392,37.4852226853822,PC방
4606,"서울특별시 관악구 남부순환로 1933, B1층 (봉천동)",콤마PC,126.964147271643,37.4771332564053,PC방
4607,"서울특별시 관악구 봉천로12길 39, 101호 (신림동, 가야위드안)",김여사PC,126.930110949482,37.4870238962652,PC방
4608,"서울특별시 관악구 조원로18길 22, 102호 (신림동)",본PC,126.913046035227,37.483063810931,PC방
4609,"서울특별시 관악구 봉천로12길 39, 1층 106호 (신림동, 가야위드안)",바닐라pc방,126.930110949482,37.4870238962652,PC방
4610,"서울특별시 관악구 신림로 321, 2층 (신림동)",SNS PC방,126.929546648038,37.4828969433377,PC방
4611,"서울특별시 관악구 봉천로12길 39, 2층 (신림동, 가야위드안)",가야PC방,126.930110949482,37.4870238962652,PC방
4612,"서울특별시 관악구 관악로15길 23-11, 관악맥스텔 101호 (봉천동)",왕바다PC랜드,126.951181288015,37.479783254518,PC방
4613,"서울특별시 관악구 난곡로66길 14, 3층 (신림동)",라이또PC,126.915238397077,37.4825193028191,PC방
4614,"서울특별시 관악구 관천로 42, SU모텔 1층 (신림동)",제우스PC,126.927261669777,37.4834373351336,PC방
4615,"서울특별시 관악구 조원중앙로 43, 1층 (신림동)",팡PC,126.906776883785,37.4830443443596,PC방
4616,"서울특별시 관악구 신림로 356, 2층 (신림동)",밤샘PC,126.929683383167,37.4861105610582,PC방
4617,"서울특별시 관악구 남부순환로 1631-1, 2층 (신림동)",썬PC,126.932009130194,37.4848212281323,PC방
4618,"서울특별시 관악구 신림로67길 6, 1층 (신림동)",아지트PC,126.928833194073,37.4862570064168,PC방
4619,"서울특별시 서초구 서초대로 108, 지하1층 (방배동)",제로백 PC 내방역점,126.994201615542,37.4875261941992,PC방
4620,"서울특별시 서초구 강남대로69길 8, 5층 (서초동)",게임이너스 신논현점,127.024653352058,37.5018444583427,PC방
4621,"서울특별시 서초구 방배로 141, 극동빌딩 지하1층 (방배동)",후PC방,126.994140643577,37.4864215552405,PC방
4622,"서울특별시 서초구 강남대로 483, 지하1층 (반포동)",라인업 PC방,127.023648945463,37.5053254283579,PC방
4623,"서울특별시 서초구 반포대로28길 15, 아카디아빌딩 지하1층 (서초동)",3pop pc방(서초역점),127.009272526225,37.4906021033287,PC방
4624,"서울특별시 서초구 동산로19길 50, 봉산빌딩 지하1층 (양재동)",프렌즈PC방,127.045829250229,37.4748631378886,PC방
4625,"서울특별시 서초구 마방로10길 25, 트윈타워 지하1층 5호 (양재동)",트윈PC방,127.043922527512,37.4766148844181,PC방
4626,"서울특별시 서초구 강남대로 595, 경승빌딩 지하1층 (잠원동)",탑플레이스PC방 신사역점,127.019539877754,37.5148563751516,PC방
4627,"서울특별시 서초구 서초대로 302, 교대역인앤인오피스 지하1층 (서초동)",크라우드PC방 교대점,127.014695217773,37.4937188583914,PC방
4628,"서울특별시 서초구 반포대로 300-3, 상화빌딩 지하1층층 (잠원동)",제니스 센트럴,127.001236730369,37.5057814452923,PC방
4629,"서울특별시 서초구 사평대로56길 14, 3층 (서초동)",아이센스리그PC방 신논현점,127.02290679626,37.5027263539627,PC방
4630,"서울특별시 서초구 서초대로77길 62, 강남역 IPARK 지하2층 (서초동)",Portal,127.023903040367,37.5027308418076,PC방
4631,"서울특별시 서초구 서초중앙로5길 10-24, 3층 (서초동)",노블존PC방,127.01462673757,37.4864179119086,PC방
4632,"서울특별시 서초구 효령로31길 28, 지하1층 (방배동)",블랙몬스터 PC zone,126.996241327651,37.4824598162513,PC방
4633,"서울특별시 서초구 효령로55길 28, 브이 샤르망 202,203,204호 (서초동)",레벨업 피시방,127.01447946651,37.4861327609484,PC방
4634,"서울특별시 서초구 논현로17길 3, 2층 (양재동)",골드 PC 게임랜드,127.045493395099,37.4763907495514,PC방
4635,"서울특별시 서초구 강남대로97길 16, 서원빌딩 지하1층 (잠원동)",마우스헌터 PC방,127.018812332612,37.5148223452221,PC방
4636,"서울특별시 서초구 효령로 276, B02, B03호 (서초동)",맥스피드PC 남부터미널점,127.014453689027,37.484383366249,PC방
4637,"서울특별시 서초구 강남대로 523, 성창빌딩 1층 B호 (반포동)",조커 게임랜드,127.022052779902,37.5087231568081,PC방
4638,"서울특별시 서초구 동산로19길 35-1, 명우빌딩 104호 (양재동)",잭PC,127.046263193186,37.4740279127572,PC방
4639,"서울특별시 서초구 사평대로55길 139, 미성빌딩 지하1층 (반포동)",3POP PC CAFE,127.019980401098,37.5100088988029,PC방
4640,"서울특별시 서초구 마방로10길 53, 2층 (양재동)",금강PC,127.045214384379,37.4754634473284,PC방
4641,"서울특별시 서초구 사평대로55길 140, 2층 (반포동)",플레이PC방,127.020295166733,37.5099911854509,PC방
4642,"서울특별시 서초구 방배로13길 19, 진덕빌딩 지하1층 (방배동)",옵티멈존PC카페,126.995401139741,37.4827114382902,PC방
4643,"서울특별시 서초구 신반포로 334, 지층 (반포동)",탑플레이스PC 반포본점,127.02030809339,37.5105294433427,PC방
4644,"서울특별시 서초구 논현로17길 19, 덕산빌딩 지하1층 (양재동)",덤프PC방 양재점,127.044851166001,37.4758748066181,PC방
4645,"서울특별시 서초구 효령로53길 45, 지하 비층 103호 (서초동, 서초이오빌)",메이드PC방,127.012932415371,37.4865276721133,PC방
4646,"서울특별시 서초구 반포대로14길 42, 오영빌딩 4층 (서초동)",고릴라 PC방(서초점),127.013451848431,37.4858560926799,PC방
4647,"서울특별시 서초구 서초중앙로22길 25, 201호 (서초동, 서초리시온)",초콜릿PC방(교대점),127.015430187136,37.4934680144084,PC방
4648,"서울특별시 서초구 사평대로57길 45, 지층 (반포동)",고고PC방,127.022516661801,37.5062451254438,PC방
4649,"서울특별시 서초구 남부순환로356길 23, 3층 (양재동)",플렉스PC(FLEX PC),127.038148024061,37.483903620675,PC방
4650,"서울특별시 서초구 남부순환로356길 39  (양재동,지층)",에스존피씨방,127.038420614459,37.4832213787469,PC방
4651,"서울특별시 서초구 신반포로 157, 지하1층 (잠원동)",ZENITH(제니스) PC방,127.001460546765,37.5055133936715,PC방
4652,"서울특별시 서초구 바우뫼로6길 16, 지하1층 (우면동)",제로백PC,127.025921741939,37.4696162017367,PC방
4653,"서울특별시 서초구 강남대로30길 35, 삼중빌딩 (양재동)",힘쎈수달 PC방,127.039148625825,37.4823358086155,PC방
4654,서울특별시 서초구 강남대로 531  (반포동),로마루 PC방,127.021605856873,37.5093207857364,PC방
4655,"서울특별시 서초구 신반포로 329, 세기빌딩 2층 (잠원동)",논현바닐라PC,127.019505342,37.5108041146939,PC방
4656,"서울특별시 서초구 반포대로 300, 지하1층 (잠원동)",스타덤PC 고속터미널본점,127.001104294395,37.5059297520655,PC방
4657,"서울특별시 서초구 동광로 56-1, 방배오피스텔 지하1층 (방배동)",세븐PC방,126.988969504993,37.492036266032,PC방
4658,"서울특별시 서초구 고무래로 26, 쌍동빌딩 지하1층 (반포동)",레벨업 PC방,127.011242817338,37.5023470946819,PC방
4659,서울특별시 서초구 사평대로55길 75-1 (반포동),샤넬노리터PC,127.021331763841,37.5071830213509,PC방
4660,"서울특별시 서초구 주흥길 64-27, 1층 (반포동)",심봉사가 눈뜨고간 놀토PC방,127.01962930294,37.5090644344911,PC방
4661,"서울특별시 서초구 서초대로54길 15, 지하1층 (서초동)",맥스피드 PC방 교대점,127.01612200377,37.4934428740272,PC방
4662,"서울특별시 서초구 언남11길 34-11, 1층 (양재동)",놀토PC방,127.043453389273,37.475898394772,PC방
4663,"서울특별시 서초구 서초중앙로22길 53, 지층 (서초동)",3POP PC방,127.016829031244,37.4936790194885,PC방
4664,"서울특별시 서초구 남부순환로356길 33, 3층 (양재동, 광성빌딩)",3POP PC방(양재동),127.038220097756,37.483559952717,PC방
4665,"서울특별시 서초구 동산로 7, 지하1층 (양재동)",아이언피쉬,127.040533696282,37.4692386239733,PC방
4666,"서울특별시 서초구 방배로 83, 방배센트럴빌딩 지하1층 (방배동)",주식회사 옵티멈존피씨방방배역점,126.997007580557,37.4818646316946,PC방
4667,"서울특별시 서초구 동산로15길 6  (양재동,(3층))",번개PC방,127.04666870084,37.4727481387274,PC방
4668,"서울특별시 서초구 사평대로55길 33  (반포동,1층)",라프시스템,127.022032365057,37.5054527826798,PC방
4669,"서울특별시 서초구 강남대로61길 10,  203호 (서초동,프라자센타)",GO PC 방,127.025484268881,37.4992617284625,PC방
4670,"서울특별시 서초구 방배로35길 41  (방배동,(2층))",제네시스21피시방방배점,126.987303974524,37.4920971870838,PC방
4671,"서울특별시 강남구 삼성로 349, 우진빌딩 지하1층 (대치동)",G PC방 대치점,127.058505388195,37.5026839034347,PC방
4672,"서울특별시 강남구 논현로 612, M빌딩 지하1층 (논현동)",탑플레이스 PC방 (언주역점),127.033735588603,37.5084063077102,PC방
4673,"서울특별시 강남구 테헤란로4길 6, 강남역 센트럴 푸르지오 시티 B2층 (역삼동)",셰프PC방 강남점,127.029286360295,37.4976674173806,PC방
4674,"서울특별시 강남구 테헤란로20길 20, 지하2층 (역삼동)",SOUND PC,127.03451238865,37.498362123762,PC방
4675,"서울특별시 강남구 논현로 405, 해은빌딩 지층 (역삼동)",리얼피시방(Real PC방),127.038722085697,37.4962263345506,PC방
4676,"서울특별시 강남구 삼성로 706, 추탄빌딩 지하1층 (청담동)",ing pc cafe,127.050302008586,37.5193424765552,PC방
4677,서울특별시 강남구 학동로20길 40 (논현동),논현24PC방,127.027646765019,37.5109643101244,PC방
4678,"서울특별시 강남구 강남대로94길 10, 지하2층 (역삼동)",오즈피씨카페리저브 강남점,127.028227205943,37.4991963225538,PC방
4679,"서울특별시 강남구 자곡로 110, 고수일레븐 지하1층 (자곡동)",OZ ARENA PC CAFE,127.095704619971,37.4720314869522,PC방
4680,"서울특별시 강남구 강남대로 492, 한맥빌딩 지하2층 (논현동)",옵티멈존피씨카페논현점,127.024113155649,37.5062072384237,PC방
4681,"서울특별시 강남구 봉은사로29길 5, 1층 (논현동)",논현PC,127.034615454935,37.5080107823293,PC방
4682,"서울특별시 강남구 선릉로 663, 영창빌딩 지하1층 (논현동)",맥스피드PC 강남구청점,127.041486080177,37.5158418999936,PC방
4683,"서울특별시 강남구 봉은사로50길 8, 지하1층 (역삼동)",네오PC방 선정릉역점,127.042421178616,37.5092275667302,PC방
4684,"서울특별시 강남구 봉은사로 467, 세창빌딩 지하1층 (삼성동)",제로백PC방,127.05063313853,37.5125244408451,PC방
4685,"서울특별시 강남구 개포로 237, 유진빌딩 지하1층 (개포동)",NEOX PC방,127.048623118642,37.4790837015379,PC방
4686,"서울특별시 강남구 삼성로 430, 하이글로빌딩 지하1층 (대치동)",3POP PC CAFE,127.057775113361,37.5052878981505,PC방
4687,"서울특별시 강남구 강남대로 522, 범성빌딩 (논현동)",에이스PC,127.022822366763,37.5088399610431,PC방
4688,"서울특별시 강남구 광평로56길 8-13, 수서타워 지하111~117층 (수서동)",바나나PC,127.103173559444,37.4867575979651,PC방
4689,"서울특별시 강남구 봉은사로29길 21, 성우빌딩 1층 201호 (논현동)",헌터피씨방 언주역점,127.034008002419,37.5087955537566,PC방
4690,"서울특별시 강남구 남부순환로 2935, 대치 프라자 B1호 (대치동)",제너스 PC 대치점,127.061334443036,37.4939940652114,PC방
4691,"서울특별시 강남구 논현로 868, 구정빌딩 지하1층 (신사동)",단골PC cafe,127.028885110878,37.5260853713573,PC방
4692,"서울특별시 강남구 압구정로 344, 지하1층 (신사동)",OX PC 압구정로데오역점,127.039850205178,37.5277013711974,PC방
4693,"서울특별시 강남구 강남대로 478, 제우빌딩 지하 1층 (논현동)",옵티멈존피씨카페 신논현역점,127.024669466556,37.5051062753525,PC방
4694,"서울특별시 강남구 테헤란로70길 14-12, 지하1층 (대치동)",선릉PC,127.052792649128,37.5042343418543,PC방
4695,서울특별시 강남구 언주로85길 23-6 (역삼동),피크PC방 역삼,127.041365611314,37.5004640425171,PC방
4696,서울특별시 강남구 학동로20길 39 (논현동),친친 피씨(PC)방,127.027854694435,37.51076838291,PC방
4697,"서울특별시 강남구 역삼로 419, 지하1층 (대치동)",엔탑pc,127.05285965095,37.5014163267969,PC방
4698,"서울특별시 강남구 압구정로28길 28, 지하 1층 (신사동)",인디고PC 압구정점,127.027513165818,37.5247718575064,PC방
4699,"서울특별시 강남구 선릉로 313, 3층 301~302호 (역삼동, 삼미빌딩)",F3PC방,127.051936356113,37.4976408900635,PC방
4700,"서울특별시 강남구 도곡로 445 (대치동, 현민빌딩)",파빌리온PC카페,127.059038034124,37.4986301029887,PC방
4701,"서울특별시 강남구 압구정로2길 60, 지하1층 (신사동, MG타워)",IRIS PC POP 신사점,127.0213097141,37.5179415559451,PC방
4702,"서울특별시 강남구 도곡로 526, 남평빌딩 지하 1층 (대치동)",레벨업PC 대치점,127.063898080574,37.4995548896881,PC방
4703,서울특별시 강남구 남부순환로 2732 (도곡동),GEEKSTAR PC CAFE,127.044864329262,37.4857901351878,PC방
4704,"서울특별시 강남구 역삼로 149, 녹동빌딩 지하1층 (역삼동)",강남탑PC방,127.035461246887,37.4948954901706,PC방
4705,"서울특별시 강남구 영동대로 221, 지층 2호 (대치동)",더나인PC방,127.068117178661,37.4986572925855,PC방
4706,"서울특별시 강남구 삼성로92길 13, 비1층 (삼성동)",주식회사 리그넷,127.057579050714,37.5080017308129,PC방
4707,"서울특별시 강남구 남부순환로 2609, 하늘빌딩 지하 1층 (도곡동)",게임이너스 양재점,127.035096207425,37.4849629812617,PC방
4708,서울특별시 강남구 도산대로 113 (신사동),오즈 쓰리팝 PC방,127.020850541799,37.5170146855589,PC방
4709,"서울특별시 강남구 광평로10길 6, 지하1층 (일원동, 한솔마을아파트)",웨이브피씨방(WAVE PC),127.076520309277,37.4826291743574,PC방
4710,"서울특별시 강남구 개포로 615 (개포동, 석탑프라자)",유니넷PC방,127.07558248914,37.4926580850327,PC방
4711,"서울특별시 강남구 일원로9길 58, 지층 (일원동)",PC베네일원점,127.086198098506,37.4906125582372,PC방
4712,"서울특별시 강남구 논현로 328, 지하1층 (역삼동)",탑 플레이스 pc방,127.04021882471,37.4946760127449,PC방
4713,서울특별시 강남구 역삼로 417 (대치동),제로100PC대치점,127.052694154026,37.5013541412334,PC방
4714,"서울특별시 강남구 일원로9길 24, 지하1층 (일원동)",덤프PC방,127.083536271134,37.4897718482458,PC방
4715,"서울특별시 강남구 삼성로 549, 정화빌딩 지하1층 (삼성동)",미슐랭PC,127.054270559443,37.5106008934452,PC방
4716,"서울특별시 강남구 학동로20길 13, 논현2호주차장 지하1 층 (논현동)",3POP PC cafe,127.028563172387,37.5122073879479,PC방
4717,"서울특별시 강남구 일원로 53, 소림빌딩 지하1층 (일원동)",독스 PC방 일원점,127.081809638604,37.4892626357407,PC방
4718,"서울특별시 강남구 강남대로94길 13, 지하1층층 (역삼동)",THE MAZE VR,127.028419603321,37.4995844298918,PC방
4719,서울특별시 강남구 언주로93길 30 (역삼동),피씨앤쿡 PC방,127.039576076366,37.5034754564683,PC방
4720,"서울특별시 강남구 강남대로124길 3-6, 지하1층 (논현동, 호은빌딩)",엔탑PC방,127.023046835449,37.5090755301994,PC방
4721,서울특별시 강남구 영동대로112길 5 (삼성동),3 POP PC CAFE (쓰리팝 PC CAFE),127.060674563027,37.515168030351,PC방
4722,"서울특별시 강남구 압구정로 328, 효정빌딩 지하1층 (신사동)",포텐(4TEN) PC,127.037467975824,37.5283378978473,PC방
4723,"서울특별시 강남구 선릉로 667, 라이즈스퀘어 지하1층  호 (논현동)",픽(PICK) PC방,127.04132524415,37.5162728163012,PC방
4724,"서울특별시 강남구 테헤란로4길 29, 정우씨티 지하2층 (역삼동)",3POP PC방,127.030533475533,37.4965606656082,PC방
4725,"서울특별시 강남구 선릉로8길 20, 지하1층 (개포동)",제로백PC,127.06221238153,37.4833363967378,PC방
4726,서울특별시 강남구 압구정로30길 12 (신사동),오즈쓰리팝 PC방,127.029081289706,37.5267021492241,PC방
4727,"서울특별시 강남구 선릉로93길 18, 지하1층 (역삼동)",긱스타 피시 카페,127.046910806699,37.5052246863106,PC방
4728,"서울특별시 강남구 선릉로86길 15, 현대선릉 GOLD TOWER 지하1층 (대치동)",쓰리팝피씨카페,127.05083685187,37.5035255678446,PC방
4729,"서울특별시 강남구 논현로 867, 한승빌딩 지하1층 (신사동)",콤마PC카페 압구정역점,127.028189969547,37.5261817663485,PC방
4730,서울특별시 강남구 개포로 233 (개포동),스타일 PC방,127.048118503982,37.4790268742332,PC방
4731,"서울특별시 강남구 도산대로50길 9, 지하1층 (논현동)",맥스피드PC방,127.037636286238,37.521746562403,PC방
4732,"서울특별시 강남구 논현로63길 19, 지상2층 (역삼동)",제로백PC 역삼점,127.039290058825,37.4924661549789,PC방
4733,"서울특별시 강남구 도곡로 448 (대치동, 동서빌딩)",반트PC,127.059547645759,37.498109786403,PC방
4734,"서울특별시 강남구 남부순환로 2942, 지층 (대치동, 풍림프라자)",풀타임 pc방,127.062321346803,37.4936457600425,PC방
4735,서울특별시 강남구 일원로9길 40 (일원동),덤프PC방,127.084869861401,37.4901658994189,PC방
4736,서울특별시 강남구 개포로 223 (개포동),매직엔PC방,127.047255591553,37.4789414464188,PC방
4737,"서울특별시 강남구 일원로9길 30, 지하1층 (일원동)",이스포츠PC방  강남일원점(E-SPORTS PC),127.084104094843,37.4899425466984,PC방
4738,"서울특별시 강남구 압구정로 334, 지하1층 (신사동)",피크 PC방,127.038060817396,37.5281701219536,PC방
4739,"서울특별시 강남구 도산대로 549, 지층 (청담동)",스콜피언,127.05394252645,37.5256493296837,PC방
4740,"서울특별시 강남구 논현로63길 16, 109호 (역삼동, 강남서해그랑블)",아우디PC방24,127.039114558338,37.4928940114283,PC방
4741,"서울특별시 강남구 봉은사로 467  (삼성동,3층)",사이버리아멀티PC방,127.05063313853,37.5125244408451,PC방
4742,서울특별시 강남구 테헤란로64길 20  (대치동),사이버리아 선릉점,127.051264642306,37.5036212499537,PC방
4743,서울특별시 송파구 새말로5길 28  (문정동),프리존,127.123828547161,37.4851127877889,PC방
4744,"서울특별시 관악구 신림동길 7-1, 영지오피스텔 2층 201호 (신림동)",초콜릿PC,126.927813421746,37.4872013649081,PC방
4745,"서울특별시 송파구 중대로9길 54, 201호 (가락동)",메가PC,127.119633600715,37.4973508922167,PC방
4746,"서울특별시 송파구 오금로11길 11-8, 현대드림밸리 203, 204호 (방이동)",X PC Cafe,127.108747772156,37.5149817338907,PC방
4747,"서울특별시 송파구 백제고분로 454, 영빌딩 2층 (방이동)",에코스PC방,127.112989070614,37.5110346904453,PC방
4748,"서울특별시 송파구 동남로20길 31, 1층 102호 (가락동)",골드PC,127.135144578111,37.4952449134611,PC방
4749,"서울특별시 송파구 중대로9길 48, MOXENHOUSE 지하1층 (가락동)",크로스PC,127.119162146982,37.4970662002956,PC방
4750,"서울특별시 송파구 중대로9길 43, 2층 (가락동)",황금성PC방,127.118471249154,37.4969561615283,PC방
4751,"서울특별시 송파구 동남로18길 41, 102호 (가락동)",대박PC,127.134412295922,37.4931214461811,PC방
4752,"서울특별시 송파구 백제고분로7길 28-17, 성경빌딩 지층 (잠실동)",황금PC,127.08235996733,37.5099590806724,PC방
4753,"서울특별시 송파구 중대로9길 30, 다보빌딩 101호 (가락동)",PC고래,127.118793108964,37.4958265171815,PC방
4754,"서울특별시 송파구 마천로 251, 대산빌딩 2층 (마천동)",인디고PC방 마천점,127.145366951043,37.4990130371988,PC방
4755,"서울특별시 송파구 오금로36길 27, 1층 (가락동)",물라PC,127.124305426735,37.5012608483399,PC방
4756,"서울특별시 송파구 중대로 135, 아이티벤처타워 지층 105호 (가락동)",도그PC,127.122426977874,37.4950959654807,PC방
4757,"서울특별시 송파구 송파대로28길 35, 2층 206호 (가락동, 송파 N-Suite)",황금바다PC,127.121466959558,37.4954056412176,PC방
4758,"서울특별시 송파구 송파대로30길 8, 훼밀리오피스텔 1층 7호 (가락동)",경희 게임랜드,127.118405222237,37.4942436581716,PC방
4759,"서울특별시 송파구 법원로4길 5, 송파법조타운푸르지오 지1층 B115호 (문정동)",퍼플인PC방,127.121873324034,37.482913928496,PC방
4760,"서울특별시 송파구 중대로9길 50, 유일빌딩 B02호 (가락동)",고고PC,127.119387448007,37.497159497251,PC방
4761,"서울특별시 송파구 백제고분로7길 32-10, 남광빌딩 2층 (잠실동)",골드9 pc,127.082479429053,37.5102885847034,PC방
4762,"서울특별시 송파구 성내천로 261, 구본빌딩 지층 (마천동)",모아 PC,127.154353660275,37.4972270164146,PC방
4763,"서울특별시 송파구 백제고분로48길 8 (방이동,2층)",쿨라인,127.114054055606,37.5114655181139,PC방
4764,"서울특별시 송파구 동남로18길 31  (가락동,2층)",뉴,127.133553323084,37.4938068248688,PC방
4765,"서울특별시 송파구 백제고분로 378 (송파동,지층)",메가웹스테이션,127.108244727875,37.5054023594673,PC방
4766,"서울특별시 송파구 올림픽로35가길 9, B06~B11호 (신천동, 잠실 푸르지오 월드마크)",RUN 2 PC CAFE,127.103444795508,37.5174846188512,PC방
4767,"서울특별시 송파구 백제고분로 63, 위너스오피스텔1 지하101호 (잠실동)",아이리스PC 잠실점,127.07891303376,37.5110739938422,PC방
4768,"서울특별시 송파구 송파대로 437, 지하1층 (석촌동)",탑스타PC방 석촌역점,127.106325433287,37.505623046794,PC방
4769,"서울특별시 송파구 오금로15길 2, 욱일빌딩 2층 (방이동)",복PC,127.109206950727,37.5119928613791,PC방
4770,"서울특별시 송파구 중대로9길 29, 보광빌라 103호 (가락동)",단골PC,127.118513633851,37.4957256148739,PC방
4771,"서울특별시 송파구 송파대로 286, 2층 201호 (가락동)",마카오PC,127.117167801024,37.4949097445699,PC방
4772,"서울특별시 송파구 중대로9길 46, 2층 201호 (가락동)",쎄븐 PC,127.118999690366,37.4970243771691,PC방
4773,"서울특별시 송파구 송파대로32길 4, 1층 (가락동)",판도라PC,127.117235587428,37.4951589857894,PC방
4774,"서울특별시 송파구 양재대로62길 36-1, 1층 (가락동)",스타PC,127.119706367824,37.4966756946576,PC방
4775,"서울특별시 송파구 양재대로62길 37-1, 2층 (가락동)",퍼펙트PC,127.120215208735,37.496651030994,PC방
4776,서울특별시 송파구 백제고분로7길 16 (잠실동),로또PC,127.080562243241,37.5104486647966,PC방
4777,"서울특별시 송파구 백제고분로 198, 지층 B01호 (삼전동)",제로백PC 삼전역점,127.088561618297,37.5039376838599,PC방
4778,"서울특별시 송파구 송파대로28길 24, 밀리아나2차오피스텔 1층 일부105호 (가락동)",썬PC,127.120544891541,37.4942847426139,PC방
4779,"서울특별시 송파구 중대로9길 40, 2층 (가락동)",역전PC,127.118608589528,37.4964905639557,PC방
4780,"서울특별시 송파구 백제고분로9길 27, 향원빌딩 2층 (잠실동)",ZOO PC방,127.082114763805,37.5097592284137,PC방
4781,"서울특별시 송파구 삼전로6길 15 (삼전동,지층)",뮤토PC,127.088889014623,37.5028755130831,PC방
4782,"서울특별시 송파구 올림픽로12길 21, 3층 (잠실동)",스토지안PC카페,127.083323705114,37.5097316219785,PC방
4783,"서울특별시 송파구 거마로 76  (마천동,1층)",왕pc방,127.147507318502,37.4994476419741,PC방
4784,"서울특별시 송파구 마천로7가길 5, 지하1층 (오금동)",힘쎈수달PC방,127.127673994251,37.5089132733626,PC방
4785,"서울특별시 송파구 성내천로21길 12  (마천동,2층)",호박,127.144743251824,37.5004094604254,PC방
4786,"서울특별시 송파구 백제고분로45길 23-5, 1층 (송파동)",대박PC,127.108680651225,37.5098800418418,PC방
4787,"서울특별시 송파구 오금로46길 30, 2층 (가락동, 경원빌딩)",라이온PC,127.134222861335,37.4951283829592,PC방
4788,"서울특별시 송파구 가락로28길 5, 지하1층 (송파동)",샤먼PC CAFE,127.116639701972,37.5066105446509,PC방
4789,"서울특별시 송파구 송이로19길 42-3, 1층 (가락동)",놀토PC방,127.124978586801,37.4997919496411,PC방
4790,"서울특별시 송파구 삼전로6길 8, 103호 (삼전동)",달려라PC방,127.087944955678,37.5029173956341,PC방
4791,"서울특별시 송파구 올림픽로 120 (잠실동,지층)",짱빨라PC방,127.084072505762,37.5113900204382,PC방
4792,"서울특별시 송파구 백제고분로31길 14, 201호 (삼전동)",라온PC클럽,127.095613956636,37.5037923501544,PC방
4793,"서울특별시 송파구 백제고분로41길 39 (송파동,2층)",엣지,127.105894953242,37.5089654397773,PC방
4794,"서울특별시 송파구 백제고분로32길 7, 지층 (삼전동)",엔트,127.095259078048,37.5016673453649,PC방
4795,"서울특별시 송파구 동남로6길 6, 2층 (문정동)",JMT PC,127.124137336585,37.4896246192276,PC방
4796,"서울특별시 송파구 거마로20길 23, 202호 (마천동)",망고톡PC방,127.148999750435,37.4973420111008,PC방
4797,"서울특별시 송파구 오금로36길 16 (가락동,2층)",크리스탈,127.124853987288,37.5023198520593,PC방
4798,"서울특별시 송파구 마천로 349  (마천동,2층)",디프,127.153106464318,37.4928064116194,PC방
4799,"서울특별시 송파구 백제고분로41길 24, 지층 (송파동)",오케이PC방,127.107271771624,37.5080270627702,PC방
4800,"서울특별시 송파구 마천로41길 22, 지층 (마천동)",비타민PC방,127.14994730411,37.4968946341351,PC방
4801,"서울특별시 송파구 토성로 26, 지하1층 (풍납동)",스카이캐슬,127.113171175011,37.5304350820703,PC방
4802,"서울특별시 송파구 삼전로12길 7, 1층 (삼전동)",삼전PC,127.091039605159,37.5065050159512,PC방
4803,"서울특별시 송파구 백제고분로27길 33, 2층 (삼전동, 암태빌딩)",아이비스PC,127.093613765382,37.5060665572441,PC방
4804,"서울특별시 송파구 백제고분로50길 27, 지층 (방이동, 경일빌딩)",와드PC,127.117760154013,37.5135781589756,PC방
4805,"서울특별시 송파구 마천로 349, 1층 101호 (마천동)",올스타,127.153106464318,37.4928064116194,PC방
4806,서울특별시 송파구 양재대로62길 41-1 (가락동),에이스PC,127.120481874877,37.4963774841726,PC방
4807,"서울특별시 송파구 오금로46길 25, 일정빌딩 지층 (가락동)",시즌PC,127.13480194333,37.4951846672063,PC방
4808,"서울특별시 송파구 문정로 143, 지층 (가락동)",셀프넷PC방,127.135605953678,37.4924927112115,PC방
4809,"서울특별시 송파구 동남로2길 33, 지층 (문정동)",아이비스,127.123627376911,37.4864706369344,PC방
4810,"서울특별시 송파구 삼학사로12길 14 (석촌동,2층)",로하스,127.09859524555,37.5015438732762,PC방
4811,"서울특별시 송파구 오금로36길 22  (가락동,지층)",사이버파크,127.124420535865,37.5018634096248,PC방
4812,"서울특별시 송파구 바람드리길 21 (풍납동,지층)",작지만 큰 PC방,127.118223831326,37.5379766411933,PC방
4813,"서울특별시 송파구 동남로20길 21  (가락동,지층)",AGAIN,127.134593251787,37.4957212741239,PC방
4814,"서울특별시 송파구 송파대로27길 30, 지층 (문정동)",힘쎈수달PC방,127.11577628751,37.4909273152145,PC방
4815,"서울특별시 송파구 송파대로32길 6-7, 1층 (가락동)",메이드PC,127.117695691666,37.4950694187729,PC방
4816,"서울특별시 송파구 가락로28길 9, 지1층 (송파동, 명동빌딩)",핫플PC방,127.116954142891,37.5061910863799,PC방
4817,"서울특별시 송파구 위례광장로 199, 성희프라자 4층 407,408,409호 (장지동)",topstar PC 위례점,127.142760998646,37.4816895827721,PC방
4818,"서울특별시 송파구 오금로24길 13, 미성상가 1층 6호 (송파동)",올스타PC방,127.11796886887,37.5056896593404,PC방
4819,"서울특별시 송파구 성내천로32길 20-3, 지층 (마천동)",그린PC,127.151252266338,37.4979977837515,PC방
4820,"서울특별시 송파구 중대로9길 24, 301호 (가락동)",투카PC방,127.119140285549,37.4952639396378,PC방
4821,"서울특별시 송파구 마천로 144 (오금동,지층)",버팔로PC방,127.135301130663,37.504358765295,PC방
4822,"서울특별시 송파구 법원로11길 11, 문정현대지식산업센터1-1 A동 1층 117호 (문정동)",문정PC,127.118322322397,37.4846302643031,PC방
4823,"서울특별시 송파구 송파대로 396, 지하1층 (송파동)",Play# PC,127.109801165729,37.5028451320194,PC방
4824,"서울특별시 송파구 마천로7길 5, 지층 (오금동)",NU PC,127.127752514132,37.5085969359927,PC방
4825,서울특별시 송파구 마천로41길 20 (마천동),제노 PC cafe,127.149631601697,37.4969665742871,PC방
4826,"서울특별시 송파구 백제고분로21길 5, 2층 (삼전동)",힘쎈수달,127.089690068942,37.5044911308581,PC방
4827,"서울특별시 송파구 오금로46길 29, 시온빌딩 2층 (가락동)",샤먼 PC cafe,127.134432593103,37.4949192011388,PC방
4828,"서울특별시 송파구 마천로 335 (마천동,2층)",상상PC방,127.152163901234,37.493672415267,PC방
4829,"서울특별시 송파구 백제고분로19길 14 (잠실동,2층)",샹떼 PC방,127.087118886126,37.5060052118567,PC방
4830,"서울특별시 송파구 석촌호수로 144 (삼전동,지층)",피크PC방 삼전,127.092992583428,37.5069430948791,PC방
4831,"서울특별시 송파구 동남로18길 34 (가락동,2층)",올래PC방,127.133510399257,37.49345187684,PC방
4832,"서울특별시 송파구 오금로36길 39 (가락동,2층)",위즈PC존,127.123654767631,37.5004112523716,PC방
4833,"서울특별시 송파구 오금로19길 6, 강호빌딩 102호 (방이동)",대박PC방,127.113586150261,37.5102083475935,PC방
4834,"서울특별시 송파구 오금로 485  (거여동,2층)",아이팝,127.143012725972,37.4939943343576,PC방
4835,"서울특별시 송파구 백제고분로 207, 지하1층 (삼전동)",엔플PC방,127.089795706905,37.5041183948621,PC방
4836,"서울특별시 송파구 백제고분로7길 9, 지하1층층 (잠실동)",딘PC방,127.079865189251,37.5105682509183,PC방
4837,"서울특별시 송파구 문정로 9, 지층 (문정동)",비원PC,127.123810718767,37.4863680003765,PC방
4838,서울특별시 송파구 삼전로8길 9 (삼전동),로하스PC방(잠실정),127.090069671623,37.5051928150991,PC방
4839,"서울특별시 송파구 동남로18길 31-1 (가락동,2층)",아이비스PC방 가락동점,127.133689818035,37.4936839534089,PC방
4840,"서울특별시 송파구 중대로9길 44, 지층 (가락동)",이스포츠센터PC,127.118883305945,37.4968691608981,PC방
4841,"서울특별시 송파구 오금로17길 6 (방이동,지하)",월드PC방,127.11162553962,37.5112386226643,PC방
4842,"서울특별시 송파구 새말로 183, 금성빌딩 (문정동)",PDS PC,127.132518991882,37.4864537001564,PC방
4843,"서울특별시 송파구 백제고분로46길 43, 1층 (송파동)",봉봉PC게임,127.115624287487,37.5068260721295,PC방
4844,"서울특별시 송파구 바람드리길 41, 지층 (풍납동)",제노PC카페,127.120450241299,37.5374958702838,PC방
4845,서울특별시 송파구 백제고분로32길 5 (삼전동),아이닉스,127.095268788644,37.5018333027531,PC방
4846,"서울특별시 송파구 동남로4길 12  (문정동,2층)",이네이처,127.124095513204,37.4889495384625,PC방
4847,"서울특별시 송파구 삼전로6길 16 (삼전동,2층)",마우스2,127.088811432301,37.502684648388,PC방
4848,"서울특별시 송파구 오금로36길 60 (가락동,지하1층)",TEMA PC방,127.122055977325,37.4990699661926,PC방
4849,"서울특별시 송파구 삼전로9길 19, 지층 (잠실동)",망고피시방,127.087343203156,37.5065269983435,PC방
4850,"서울특별시 송파구 송파대로28길 12, 2층 (가락동, 밀리아나1차오피스텔)",룰루PC Zone,127.119449271668,37.4937301146394,PC방
4851,"서울특별시 송파구 가락로 173-1, 2층 (송파동)",몽키타운,127.114207097572,37.5043441013731,PC방
4852,"서울특별시 송파구 성내천로 124, 2층 (거여동)",이스포츠카페PC,127.142029936425,37.4990660209644,PC방
4853,"서울특별시 송파구 새말로 100, 2층 (문정동)",가자PC방,127.125045476866,37.4825278655442,PC방
4854,"서울특별시 송파구 성내천로 332, 1층 101호 (마천동)",산성바닐라PC방,127.156869077528,37.4913085978676,PC방
4855,"서울특별시 송파구 마천로 277, 1층 (마천동)",물라PC,127.147534389311,37.4974574670409,PC방
4856,"서울특별시 송파구 중대로9길 47, 101호 (가락동)",뉴가락PC,127.118977113347,37.4973347063923,PC방
4857,서울특별시 송파구 도곡로64길 24 (잠실동),웹씨티,127.080450404481,37.5046731204516,PC방
4858,"서울특별시 송파구 백제고분로45길 14, 지하1층 (송파동)",LEO PC방,127.11000582851,37.5096796932223,PC방
4859,"서울특별시 송파구 마천로 349  (마천동,2층)",디프,127.153106464318,37.4928064116194,PC방
4860,"서울특별시 송파구 오금로 477 (거여동,지층)",유니넷 PC방 거여동점,127.142349617166,37.4943492306914,PC방
4861,서울특별시 송파구 석촌호수로 140 (삼전동),리얼큐브,127.092502611525,37.5070165510727,PC방
4862,"서울특별시 송파구 송파대로 453, 지하1층 (석촌동, 레이크빌 빌딩)",라인업PC방,127.105303053837,37.5067695000894,PC방
4863,"서울특별시 송파구 올림픽로 289 (신천동,시그마타워 B101-3,4호)",젤존,127.102522142353,37.5146152773177,PC방
4864,"서울특별시 송파구 마천로 264, 지층 (거여동)",Raid PC,127.146149512256,37.4980805219712,PC방
4865,"서울특별시 송파구 중대로9길 42-25, 1층 (가락동)",PC게임,127.119610157667,37.4959821975548,PC방
4866,"서울특별시 송파구 거마로20길 18 (마천동,지층)",스피드,127.148371257876,37.4974748895631,PC방
4867,"서울특별시 송파구 석촌호수로 94, 지층 (잠실동, 서원빌딩)",조이PC방,127.087510540145,37.5081311134172,PC방
4868,"서울특별시 송파구 양재대로 1222, 지층 (방이동)",스카이넷PC방,127.131063164753,37.5157276361757,PC방
4869,"서울특별시 송파구 마천로41길 15, 지하1층 (마천동)",으리PC방,127.149373752739,37.4972995519266,PC방
4870,"서울특별시 송파구 백제고분로50길 16, 2층 (방이동)",캐리피씨,127.11656482329,37.5137340469481,PC방
4871,"서울특별시 송파구 송파대로30길 8, 지층 101호 (가락동)",골드PC방,127.118405222237,37.4942436581716,PC방
4872,"서울특별시 송파구 중대로9길 43 (가락동,2층)",넷존,127.118471249154,37.4969561615283,PC방
4873,"서울특별시 송파구 오금로46길 25, 2층 (가락동)",유니넷PC존,127.13480194333,37.4951846672063,PC방
4874,"서울특별시 송파구 백제고분로48길 18 (방이동,지층)",인터파이오니아,127.115126679684,37.5110443394104,PC방
4875,"서울특별시 송파구 위례성대로20길 27 (오금동,2층)",FUN,127.1273800302,37.5089743184115,PC방
4876,"서울특별시 송파구 올림픽로 104, 지층 (잠실동)",TgameLand 신천직영점,127.082263786514,37.5114667980986,PC방
4877,"서울특별시 송파구 마천로39길 16, 1층 (마천동)",레드PC,127.147912296379,37.4988206664976,PC방
4878,"서울특별시 송파구 백제고분로7길 8-8, 3층 (잠실동)",헤라PC방,127.079681659568,37.5100744442975,PC방
4879,"서울특별시 송파구 송파대로 447 (석촌동,지층)",제로렉,127.105682261718,37.5063572220761,PC방
4880,"서울특별시 송파구 중대로 60 (문정동,지층)",J-Top PC방,127.115559066882,37.491366498495,PC방
4881,"서울특별시 금천구 독산로 347, 지상2층 (독산동)",CASTLE PC,126.903501360033,37.4778152328687,PC방
4882,"서울특별시 송파구 토성로 59, 지하1층 (풍납동)",제로백PC방 송파풍납점,127.116768838909,37.5291725208297,PC방
4883,"서울특별시 송파구 백제고분로27길 30 (삼전동,2층)",패밀리,127.093759645449,37.5056909927988,PC방
4884,"서울특별시 송파구 가락로 68 (석촌동,지층)",인터칸,127.103924126009,37.4998230699273,PC방
4885,"서울특별시 송파구 오금로 527, 2층 (거여동)",3POP PC방,127.147334414767,37.493062789198,PC방
4886,"서울특별시 송파구 문정로13길 19, 1층 (가락동)",드레곤볼PC방,127.134795266065,37.4946783093136,PC방
4887,"서울특별시 송파구 백제고분로 128, 지층 (잠실동)",피에스타PC방,127.081001925378,37.5060910156297,PC방
4888,"서울특별시 송파구 삼학사로18길 16, 102호 (석촌동)",스타PC방,127.098972854805,37.504367668593,PC방
4889,"서울특별시 송파구 백제고분로48길 44, 지층 (방이동)",아이비,127.117662908316,37.5100660528881,PC방
4890,"서울특별시 송파구 오금로11길 21 (방이동,3층)",조이팝,127.109455511345,37.5150566743515,PC방
4891,"서울특별시 송파구 백제고분로48길 14 (방이동,지층)",룰루,127.114719523615,37.5112093489668,PC방
4892,서울특별시 송파구 가락로 260 (방이동),엔조이,127.118975805301,37.5110492648692,PC방
4893,"서울특별시 송파구 백제고분로31길 18, 지층 (삼전동)",SRR PC,127.095657721796,37.5041447879531,PC방
4894,"서울특별시 송파구 올림픽로 106, 상록빌딩 지하1층 (잠실동)",THE CAMP PC,127.082554280386,37.5113962270067,PC방
4895,"서울특별시 송파구 중대로9길 40, 201호 (가락동)",아지트PC,127.118608589528,37.4964905639557,PC방
4896,"서울특별시 송파구 삼학사로18길 13, 2층 (석촌동)",게임이너스 석촌점,127.098611498178,37.5045287101103,PC방
4897,"서울특별시 성동구 성덕정길 106, 국민은행 4층 (성수동2가)",솔라PC방,127.055104789531,37.5371594440377,PC방
4898,"서울특별시 송파구 새말로8길 6, 지층 (문정동)",DUMP PC,127.126350492288,37.4822158095347,PC방
4899,"서울특별시 송파구 송파대로28길 35,  302호 (가락동)",게임나라,127.121466959558,37.4954056412176,PC방
4900,"서울특별시 송파구 백제고분로45길 11, 2층 (송파동)",놀토게임PC,127.109998298112,37.5094038127388,PC방
4901,"서울특별시 송파구 거마로 49 (거여동,2층)",PC헤카,127.145982383873,37.4975066077838,PC방
4902,"서울특별시 송파구 위례성대로20길 23, 3층 (오금동)",어반노매드,127.127535037506,37.5092731944313,PC방
4903,서울특별시 송파구 올림픽로12길 5 (잠실동),스타,127.08309038088,37.5110669845906,PC방
4904,"서울특별시 송파구 오금로 20, 504호 (신천동,장미C상가)",우리,127.103811089444,37.5206867318088,PC방
4905,"서울특별시 송파구 바람드리길 50 (풍납동,2층)",피씨쿡,127.12107770865,37.5372604280479,PC방
4906,"서울특별시 송파구 송이로27길 5  (가락동,지층)",아이칸스,127.125633212445,37.4933504132781,PC방
4907,"서울특별시 송파구 백제고분로41길 22, 2층 (송파동)",클릭조이,127.107411606061,37.5078976415547,PC방
4908,"서울특별시 송파구 마천로 184 (오금동,지층)",수피아,127.139243754425,37.5028257190211,PC방
4909,서울특별시 송파구 송파대로30길 41-5 (가락동),황금PC,127.121262475596,37.4963658734224,PC방
4910,"서울특별시 송파구 성내천로 314, 2층 (마천동)",프렌즈,127.155607287778,37.4928491855811,PC방
4911,서울특별시 송파구 가락로 239 (방이동),사이버굿,127.117680951717,37.5096718456107,PC방
4912,"서울특별시 송파구 천호대로152길 17 (풍납동,지층)",고스트캐슬,127.121602309454,37.5373651258061,PC방
4913,"서울특별시 송파구 가락로 171 (송파동,3층)",존앤존,127.113993867811,37.5042410521594,PC방
4914,"서울특별시 송파구 가락로28길 11 (송파동,지층)",피씨클럽거기,127.117128842613,37.5060943255808,PC방
4915,"서울특별시 송파구 백제고분로41길 24 (송파동,지층)",메가스테이션,127.107271771624,37.5080270627702,PC방
4916,"서울특별시 송파구 마천로 194  (오금동,2층)",강추,127.140155267419,37.5022689011655,PC방
4917,"서울특별시 송파구 올림픽로12길 29, 2층 (잠실동)",엔터PC,127.08352142288,37.508929858684,PC방
4918,"서울특별시 송파구 가락로 241 (방이동,2층)",기분 존,127.117762271053,37.5098142133215,PC방
4919,"서울특별시 송파구 백제고분로22길 4 (삼전동,2층)",조이웹플러스,127.089185240922,37.503569063928,PC방
4920,"서울특별시 송파구 오금로53길 47 (거여동,1층)",메카,127.144297873134,37.4982195708627,PC방
4921,"서울특별시 송파구 바람드리길 34 (풍납동,지층)",ZIA,127.119492682314,37.5375648685747,PC방
4922,"서울특별시 송파구 마천로 138, 2층 (오금동)",써플라이PC,127.134751696433,37.5045401348894,PC방
4923,"서울특별시 송파구 가락로 64, 2층 (석촌동)",VIBE PC,127.103444528105,37.4996691485766,PC방
4924,"서울특별시 송파구 백제고분로22길 10 (삼전동,지층)",몽키타운,127.088977862805,37.5030293379148,PC방
4925,"서울특별시 송파구 가락로 260 (방이동,지층)",톰과제리,127.118975805301,37.5110492648692,PC방
4926,"서울특별시 송파구 오금로 400  (가락동,2층)",메카클럽,127.134713236243,37.4978635493487,PC방
4927,"서울특별시 송파구 올림픽로10길 8, 보명장 지층 (잠실동)",고앤고 PC방 이스포츠,127.080874987447,37.5109801336915,PC방
4928,서울특별시 송파구 백제고분로9길 36 (잠실동),BoBo 9 PC방,127.082886358764,37.5096545333968,PC방
4929,"서울특별시 송파구 백제고분로41길 25, 지층 (송파동)",게임팩토리,127.106929511608,37.508017011539,PC방
4930,"서울특별시 송파구 백제고분로 258 (삼전동,지층)",PC공간,127.095067821599,37.5022777504616,PC방
4931,"서울특별시 송파구 삼전로7길 3 (잠실동,지층)",pc mong,127.088094450601,37.5051181697269,PC방
4932,"서울특별시 송파구 중대로9길 29, 1층 (가락동, 보광빌라)",승부PC,127.118513633851,37.4957256148739,PC방
4933,"서울특별시 송파구 새말로 62, 2층 (문정동, 송파 푸르지오시티)",유니넷PC방 문정점,127.120842269438,37.4807917612963,PC방
4934,"서울특별시 송파구 동남로 161, 지1층 (가락동, 현대빌리지)",앤탑PC방,127.128089095334,37.4927672575467,PC방
4935,"서울특별시 송파구 마천로61길 25, 2층 (마천동)",하늘다리,127.154932781914,37.4942767253669,PC방
4936,"서울특별시 송파구 송파대로30길 5-8, 지층 제2호 (가락동)",룰루PC존,127.117851909588,37.4947423779125,PC방
4937,"서울특별시 송파구 중대로9길 42-16 (가락동,1층)",한게임PC방,127.119083378421,37.4962442017309,PC방
4938,서울특별시 송파구 삼학사로11길 3 (삼전동),샤먼PC,127.096455421765,37.5013588613944,PC방
4939,"서울특별시 송파구 마천로41길 17, 지층 (마천동)",3 POP,127.149650425385,37.497275775621,PC방
4940,"서울특별시 송파구 바람드리길 42, 2층 (풍납동)",이네이처PC방,127.120315622171,37.5373000400387,PC방
4941,"서울특별시 송파구 마천로 250, 2층 (거여동)",Raid PC,127.144698156308,37.4989585365381,PC방
4942,"서울특별시 송파구 백제고분로19길 31, 지1층 (잠실동, 서경빌딩)",아이센스PC방 잠실본점,127.087470970303,37.5076600073971,PC방
4943,"서울특별시 송파구 삼전로4길 22, 2층 (삼전동)",아이센스PC방 삼전점,127.088619660701,37.5015661940567,PC방
4944,"서울특별시 송파구 백제고분로42길 26-1, 1층 (송파동)",딸기PC방,127.11092396566,37.5043767828743,PC방
4945,"서울특별시 송파구 송이로 102, 2층 (가락동)",시즌아이 PC방(가락점),127.121146035937,37.4971587881478,PC방
4946,"서울특별시 송파구 잠실로 15 (잠실동,101)",테바코,127.093448536452,37.5162342491269,PC방
4947,"서울특별시 송파구 백제고분로19길 5 (잠실동,1층)",잠실PC클럽,127.086461337655,37.5054229249496,PC방
4948,"서울특별시 송파구 마천로 254 (거여동,지층)",임요환의 드랍쉽,127.145199865991,37.4986931154138,PC방
4949,"서울특별시 송파구 충민로2길 28 (장지동,4층)",샹떼PC방,127.127416903996,37.4771576631775,PC방
4950,"서울특별시 송파구 올림픽로32길 53 (방이동,지층)",오렌지PC방,127.112100318854,37.5124962447277,PC방
4951,"서울특별시 송파구 백제고분로7길 7-5, 2층 (잠실동)",랭커PC방 잠실본점,127.079539895478,37.5106727166058,PC방
4952,"서울특별시 송파구 백제고분로7길 24, 2층 (잠실동)",탑플레이스PC방,127.081490412315,37.5104730760303,PC방
4953,"서울특별시 송파구 중대로9길 48, 1층 (가락동)",여우PC,127.119162146982,37.4970662002956,PC방
4954,"서울특별시 송파구 삼전로10길 55, 1층 (삼전동)",미녀PC,127.095428226404,37.5045702479935,PC방
4955,"서울특별시 송파구 올림픽로10길 9, 진영빌딩 3층 (잠실동)",캠프VR,127.081240468854,37.5108040969638,PC방
4956,"서울특별시 송파구 송파대로 391, 지하1층 (석촌동)",B-ONE PC,127.109419287195,37.5022521743632,PC방
4957,"서울특별시 송파구 문정로 261, 101호 (오금동, 광남캐스빌)",물라PC,127.142267032375,37.5015432300894,PC방
4958,"서울특별시 송파구 중대로9길 50, 유일빌딩 3층 301호 (가락동)",비엠에스라운지,127.119387448007,37.497159497251,PC방
4959,"서울특별시 송파구 오금로46길 36, 1층 (가락동)",물러 PC,127.133732491208,37.4947222248519,PC방
4960,"서울특별시 송파구 마천로 240, 석일빌딩 2층 (마천동)",툰게임PC방,127.144036671537,37.4995299516986,PC방
4961,"서울특별시 송파구 백제고분로18길 23, 지하1층 (잠실동)",넘버나인 PC(NO9.PC),127.084291787802,37.5030127723111,PC방
4962,"서울특별시 강동구 천호대로175길 42, 지하1층 101,102(일부)호 (길동, 강동 와이시티)",썬PC,127.137425545214,37.5365024541122,PC방
4963,"서울특별시 강동구 상일로 39, 3층 (상일동)",이스포츠PC CAFE2,127.172620191715,37.5505858004812,PC방
4964,서울특별시 강동구 양재대로 1464 (길동),포텐PC 길동점,127.139781554171,37.5365014909044,PC방
4965,"서울특별시 강동구 천호옛길 55, 1층 (성내동)",골드PC,127.123643420085,37.5341870710999,PC방
4966,"서울특별시 강동구 성안로 87, 1층 (성내동)",쓰리랑PC,127.132258102451,37.531369138776,PC방
4967,"서울특별시 강동구 천호대로170길 47, 1층 (성내동)",인디오PC방,127.132635269698,37.5332682051547,PC방
4968,"서울특별시 강동구 천호대로157길 14, 나비빌딩 7층 (천호동)",나비PC,127.127289366861,37.5382317510332,PC방
4969,"서울특별시 강동구 진황도로 147, 삼진빌딩 1층 (둔촌동)",어덜트피씨까페,127.141453683521,37.5328887419148,PC방
4970,"서울특별시 강동구 양재대로 1303, 평원빌딩 지층 (성내동)",아크PC아레나(ARKPCARENA),127.133949850418,37.5227713188467,PC방
4971,"서울특별시 강동구 양재대로 1371, 둔촌빌딩 지하층 (성내동)",레드포스PC아레나 둔촌점,127.136066310873,37.5287025352002,PC방
4972,"서울특별시 강동구 천호대로175길 42, 102호 (길동, 강동 와이시티)",라이브PC,127.137425545214,37.5365024541122,PC방
4973,"서울특별시 강동구 양재대로 1459, 대진빌딩 201호 (길동)",앤유 nu PC(길동점),127.139076929268,37.5361574200836,PC방
4974,"서울특별시 강동구 양재대로 1484-1, 지층 (길동)",미스테리PC,127.140459465668,37.5382235781836,PC방
4975,"서울특별시 강동구 천중로40길 78, 1층 107호 (길동)",은성PC,127.137353320911,37.5377154640378,PC방
4976,"서울특별시 강동구 구천면로 168, 영화빌딩 2층 (천호동)",골드 PC,127.123209925828,37.5415144544971,PC방
4977,"서울특별시 강동구 아리수로91길 24-5, 아르페온1 (강일동)",라이또 PC방 강일점(RAITTO),127.173216558742,37.5651481793183,PC방
4978,"서울특별시 강동구 양재대로 1576, 삼익빌딩 지하1층 (명일동)",쿡몬스터,127.143454293865,37.5461618332538,PC방
4979,"서울특별시 강동구 천호대로 1135, 209호 (길동)",타짜PC방,127.13778857408,37.534629212477,PC방
4980,"서울특별시 강동구 고덕로 391, 지층 (고덕동)",GEEK STAR PC CAFE,127.168978454847,37.5572260091644,PC방
4981,"서울특별시 강동구 천호대로176길 13, 영재1빌딩 1층 101호 (성내동)",스타PC,127.136307621333,37.5337371388776,PC방
4982,"서울특별시 강동구 상암로 42, 암사오피스텔 123호 (천호동)",대박 PC,127.127883987264,37.5495780175349,PC방
4983,"서울특별시 강동구 천호옛길 55, 1층 (성내동)",행복PC,127.123643420085,37.5341870710999,PC방
4984,"서울특별시 강동구 천호대로157길 6, 지층 (천호동)",레벨업PC방 천호점,127.127023590071,37.5380352588745,PC방
4985,"서울특별시 강동구 천호대로157길 18, 원방빌딩 301,302호 (천호동)",앤유PC 천호로데오점,127.127484882745,37.5384960736319,PC방
4986,"서울특별시 강동구 성내로 34, 2층 (성내동)",BLITZ PC,127.124000325503,37.5290968536225,PC방
4987,"서울특별시 강동구 고덕로83길 6, 쌍용상가 지층 (고덕동)",옥스피씨 상일동역점,127.168923741679,37.5574047550303,PC방
4988,"서울특별시 강동구 진황도로 36, 1층 12호 (천호동)",천호PC,127.131089712,37.5384645564276,PC방
4989,"서울특별시 강동구 구천면로 434, 2층 (명일동)",SS PC방 1호점,127.14658137515,37.5498803760623,PC방
4990,"서울특별시 강동구 천중로35길 67 (천호동,2층)",PC Class J&S PC방,127.138374977732,37.5441752463432,PC방
4991,서울특별시 강동구 천호대로170길 34 (성내동),아이비스 PC,127.132619944897,37.533878379811,PC방
4992,서울특별시 강동구 천호옛12길 52 (성내동),OK PC방,127.127391122726,37.5345950251986,PC방
4993,서울특별시 강동구 풍성로37가길 61 (성내동),유니넷(성내본점),127.129745335735,37.532612153454,PC방
4994,서울특별시 강동구 풍성로 196 (성내동),아잉,127.132988049315,37.5294505387599,PC방
4995,서울특별시 강동구 양재대로103길 37 (성내동),스타게이트PC방,127.135793984896,37.5332496587191,PC방
4996,서울특별시 강동구 올림픽로98길 37 (암사동),카시오페아 PC방,127.129871391192,37.5504972087947,PC방
4997,서울특별시 강동구 양재대로99길 7 (성내동),달빛 PC방,127.137007562497,37.531787645161,PC방
4998,"서울특별시 강동구 천호대로157길 37 (천호동,4층)",게임이너스 천호점,127.127266796306,37.5395978709474,PC방
4999,서울특별시 강동구 양재대로114길 19 (길동),ZIO,127.141308553969,37.537700616138,PC방
5000,"서울특별시 강동구 진황도로27길 9, 1층 (천호동)",PC 팝,127.131586990533,37.5388479192913,PC방
5001,서울특별시 강동구 올림픽로 715 (천호동),인토피아 PC방,127.125519124034,37.5452866674524,PC방
5002,"서울특별시 강동구 구천면로 323, 개나리프라자 2층 (암사동)",피에스타PC방(강동암사직영점),127.135241872797,37.5484151003879,PC방
5003,서울특별시 강동구 양재대로128길 41 (명일동),엠티PC방,127.145105986585,37.5445962224323,PC방
5004,"서울특별시 강동구 암사길 41, 2층 (암사동)",고스트 캐슬 PC방 암사점,127.133886998971,37.5519705401703,PC방
5005,서울특별시 강동구 상암로 47 (암사동),NIC PC방,127.128786968437,37.5497341701579,PC방
5006,"서울특별시 강동구 양재대로 1579, 지1층 (천호동)",비원(B1) PC방,127.142841394568,37.5465618086041,PC방
5007,서울특별시 강동구 구천면로34길 48 (천호동),Game-Zone PC방,127.133811919937,37.5423842739655,PC방
5008,서울특별시 강동구 성안로 88 (성내동),인터웹 PC방,127.132556149557,37.5312664509373,PC방
5009,서울특별시 강동구 구천면로 238 (천호동),가은PC방,127.130879328565,37.5416772129928,PC방
5010,"서울특별시 강동구 양재대로 1562  (길동,A동2층)",시즌아이PC존,127.142999883738,37.5448781012584,PC방
5011,서울특별시 강동구 상암로 62 (천호동),여우 PC방,127.129991413909,37.5489067252912,PC방
5012,"서울특별시 강동구 풍성로37가길 36  (성내동,지층)",익사이팅 PC방,127.128224156827,37.5328600583194,PC방
5013,서울특별시 강동구 양재대로87길 14 (성내동),수 PC방,127.134303904341,37.525660879973,PC방
5014,서울특별시 강동구 진황도로47길 74 (길동),스타캐슬 PC방,127.140940884103,37.5377905247848,PC방
5015,서울특별시 강동구 동남로71길 19 (명일동),스타존 PC방(고덕점),127.154720559859,37.551044532043,PC방
5016,서울특별시 강동구 구천면로 662 (상일동),PC겜방,127.171422355716,37.5507448596839,PC방
5017,"서울특별시 강동구 진황도로 32, 2층 (천호동)",황금PC,127.130562896655,37.5387240873469,PC방
5018,"서울특별시 강동구 구천면로 361, 창용빌딩 나동 2층 (암사동)",N-TOP PC방,127.138746210279,37.5505680236251,PC방
5019,"서울특별시 강동구 풍성로58길 20  (성내동,2층)",두리,127.135336928726,37.5281308771651,PC방
5020,"서울특별시 강동구 올림픽로 769 (암사동,지층)",콤마이스포츠카페,127.127179067345,37.5499665683994,PC방
5021,"서울특별시 강동구 천호대로199길 10, 204호 (길동, GS강동자이아파트상가)",쟈스민,127.148033137289,37.5371034846719,PC방
5022,"서울특별시 강동구 진황도로 100, 105호 (길동, 하이브)",길동 PC,127.137382093544,37.5353900400256,PC방
5023,서울특별시 강동구 고덕로83길 6 (고덕동),라네이즈 PC방,127.168923741679,37.5574047550303,PC방
5024,"서울특별시 강동구 진황도로 156, 2층 (둔촌동)",WA PC방,127.141458403887,37.5320933330706,PC방
5025,서울특별시 강동구 동남로71길 32 (명일동),인터크레이지PC방,127.154500056801,37.5520049235939,PC방
5026,서울특별시 강동구 명일로 200-33 (길동),아이비스PC 길동점,127.147509879628,37.5370665677501,PC방
5027,서울특별시 강동구 풍성로 193 (성내동),세븐PC,127.133357685276,37.5298471029709,PC방
5028,"서울특별시 강동구 천호대로170길 33, 2층 (성내동)",SELF PC CAFE,127.132941640149,37.5338988312204,PC방
5029,"서울특별시 강동구 올림픽로70길 51, 4층 (천호동)",더메이즈VR 천호점,127.126553393554,37.5393323021794,PC방
5030,"서울특별시 강동구 상암로 81-1, 1층 (암사동)",행운PC,127.132219273556,37.5482728322168,PC방
5031,"서울특별시 강동구 진황도로 147, 삼진빌딩 (둔촌동)",mendota pc cafe,127.141453683521,37.5328887419148,PC방
5032,"서울특별시 강동구 동남로73길 17, 우진빌딩 지하1층 1,2호 (명일동)",제로백PC 고덕역점,127.15507536373,37.5527505555431,PC방
5033,"서울특별시 강동구 양재대로136길 24  (명일동,2층)",늑대와여우PC라운지명일점,127.145053011834,37.5483832733263,PC방
5034,"서울특별시 강동구 고덕로 96, 진주빌딩 지층 (암사동)",제로백PC방 암사점,127.135832933352,37.554532736215,PC방
5035,"서울특별시 강동구 풍성로 147-12  (성내동,2층)",인토피아,127.12890556006,37.5315256554157,PC방
5036,서울특별시 강동구 구천면로29길 64 (천호동),늑대와여우 PC라운지 천호2호점,127.131048157449,37.5426500146444,PC방
5037,"서울특별시 강동구 성내로14길 37  (성내동,지층)",2안 PC방,127.126424403608,37.5262620760242,PC방
5038,서울특별시 강동구 성안로3길 13 (성내동),웹시티 PC방,127.12875745701,37.5257298567481,PC방
5039,"서울특별시 강동구 성안로 10  (성내동,3층)",마크원,127.129477360783,37.5247218399502,PC방
5040,서울특별시 강동구 천호옛길 94 (성내동),레인보우,127.126054014422,37.5369483405201,PC방
5041,서울특별시 강동구 천호대로 1196 (둔촌동),버즈넷 PC방,127.144298586046,37.5343661840804,PC방
5042,"서울특별시 강동구 천호대로 1034 (성내동,지하1층)",스마트PC방,127.12676817356,37.5372073343198,PC방
5043,"서울특별시 강동구 상암로 88  (천호동,1층)",럭키 PC방,127.132467669442,37.5478916117998,PC방
5044,서울특별시 강동구 구천면로34길 70 (천호동),팩토리 PC방,127.135132115178,37.5426533405726,PC방
5045,"서울특별시 강동구 양재대로 1549, 삼정빌딩 지하1층 (천호동)",Hype PC 굽은다리역점,127.142054351358,37.5440484317022,PC방
5046,"서울특별시 강동구 성안로 172, 지층 (길동, 한빛아파트)",앤유PC카페,127.136298611505,37.5382358420709,PC방
5047,서울특별시 강동구 양재대로116길 30 (길동),별,127.142070168416,37.5381912877155,PC방
5048,서울특별시 강동구 천호대로199길 19 (길동),블루포인트 PC방,127.147785337821,37.5374420303052,PC방
5049,서울특별시 강동구 올림픽로 688 (천호동),인터라켄 PC CAFE,127.125188441813,37.542694394336,PC방
5050,서울특별시 강동구 양재대로 1392 (둔촌동),크라우드PC,127.137658565242,37.5302538354278,PC방
5051,"서울특별시 강동구 양재대로114길 38, 2층 (길동)",스위티,127.142048034723,37.5373193268984,PC방
5052,"서울특별시 강동구 양재대로87길 11, 2층 (성내동)",Rose PC방,127.134331136971,37.5254541592414,PC방
5053,"서울특별시 강동구 양재대로112길 16, 1층 (길동)",한게임 PC,127.140593867789,37.5366477499805,PC방
5054,"서울특별시 강동구 구천면로 291, 대황빌딩 1층 (천호동)",오엑스 피씨(OX PC)천호동점,127.133552374339,37.5459525227775,PC방
5055,서울특별시 강동구 양재대로 1400 (둔촌동),아우토반 인터넷 PC방,127.13785884319,37.5309455704002,PC방
5056,서울특별시 강동구 상암로 27 (암사동),프리넷 PC방,127.126774152632,37.5506286065571,PC방
5057,"서울특별시 강동구 동남로75길 13-15, 성은빌딩 3층 (명일동)",스마트PC방,127.155504731039,37.5536236877644,PC방
5058,서울특별시 강동구 올림픽로 774 (암사동),콤마(COMMA)PC카페 암사역점,127.127855040205,37.5501877541705,PC방
5059,서울특별시 강동구 천호대로162길 34 (성내동),스타캐슬 성내점,127.127952286718,37.5355771394189,PC방
5060,"서울특별시 강동구 양재대로 1371  (성내동,지층)",UNINET,127.136066310873,37.5287025352002,PC방
5061,"서울특별시 강동구 구천면로 438 (명일동,2층)",SS PC방 2호점,127.146979064904,37.5496643630436,PC방
5062,"서울특별시 강동구 올림픽로98가길 72, 1층 (암사동)",놀 PC방,127.133428069413,37.5515710167382,PC방
5063,"서울특별시 강동구 상암로 42, 1층 129호 (천호동)",포바PC방,127.127883987264,37.5495780175349,PC방
5064,서울특별시 강동구 양재대로 1376 (둔촌동),인터넷 천국,127.137121186952,37.5288399792125,PC방
5065,"서울특별시 강동구 양재대로116길 16, 지하1층 (길동)",The Seven PC,127.141194244696,37.5384040731489,PC방
5066,"서울특별시 강동구 진황도로 15  (천호동,3층)",인터쿨 PC방,127.129312483825,37.5396986327999,PC방
5067,"서울특별시 강동구 고덕로83길 28  (고덕동,1층2호)",체리 PC방,127.169009316732,37.5582627414073,PC방
5068,"서울특별시 강동구 풍성로39길 38, 지층 (성내동)",소울,127.127525449568,37.5330165077647,PC방
5069,"서울특별시 강동구 양재대로128길 25  (명일동,지층)",쟈스민,127.144240238074,37.5447800056278,PC방
5070,서울특별시 강동구 올림픽로 667 (천호동),갤럭시PC존,127.123951125424,37.5411360700303,PC방
5071,서울특별시 강동구 양재대로103길 19 (성내동),성내 PC방,127.136733587947,37.5329275481301,PC방
5072,서울특별시 강동구 천호대로 1196 (둔촌동),이네이처PC방,127.144298586046,37.5343661840804,PC방
5073,"서울특별시 강동구 천호대로170길 56, 1층 (성내동)",청개구리PC,127.132292738993,37.5330439699506,PC방
5074,서울특별시 강동구 양재대로128길 20 (길동),아이비스PC방 굽은다리점,127.143857591075,37.5446884804623,PC방
5075,서울특별시 강동구 아리수로93길 33 (강일동),비타민PC방 강일점,127.173539404835,37.5658948102878,PC방
5076,서울특별시 강동구 천중로 208 (길동),7번가 PC방,127.143227263627,37.5406438518667,PC방
5077,서울특별시 강동구 상암로 423 (상일동),에코스 PC방,127.169701024925,37.5457705050372,PC방
5078,"서울특별시 강동구 상암로 93, 동진빌딩 지하1층 (암사동)",엔젤PC방,127.133404605734,37.5477400001926,PC방
5079,"서울특별시 강동구 풍성로37가길 17, 102호 (성내동)",신게임,127.12731141569,37.5332979409416,PC방
5080,서울특별시 강동구 구천면로41길 13 (천호동),인테크 PC방,127.133183294497,37.5464228103138,PC방
5081,서울특별시 강동구 올림픽로 801 (암사동),해피데이 PC방,127.128170596073,37.5526626328776,PC방
5082,서울특별시 강동구 암사길 68 (암사동),아이라면 PC방,127.136993482485,37.5519203952787,PC방
5083,서울특별시 강동구 구천면로 236 (천호동),풀 PC방,127.130577994613,37.5414125627311,PC방
5084,서울특별시 강동구 양재대로89길 36 (성내동),론똔 PC방,127.133562201687,37.5269744802108,PC방
5085,서울특별시 강동구 상일로15길 34 (고덕동),WOW PC방,127.16930066098,37.558223941567,PC방
5086,"서울특별시 강동구 양재대로 1365, 심포니타워 (성내동)",아레나PC,127.135874866354,37.5280657478158,PC방
5087,"서울특별시 강동구 양재대로124길 77, 2층 (길동)",패밀리PC존,127.146443668974,37.5423104492198,PC방
5088,"서울특별시 강동구 동남로71길 38, 지층 101호 (명일동, 동양타워)",독스PC,127.154068058218,37.5520423388557,PC방
5089,서울특별시 강동구 진황도로27길 15 (천호동),아이템 벨리,127.131757661029,37.539193893014,PC방
5090,서울특별시 강동구 구천면로34길 10 (천호동),네이쳐 PC방,127.13182324617,37.5423197466954,PC방
5091,서울특별시 강동구 천호대로 1092 (성내동),지투존PC방(강동역점),127.132663780085,37.5352477607977,PC방
5092,서울특별시 강동구 성내로10길 12 (성내동),엔씨,127.124537634413,37.5284392781969,PC방
5093,서울특별시 강동구 올림픽로 778 (암사동),카이젠 암사점 PC방,127.127916738477,37.5503999624409,PC방
5094,"서울특별시 강동구 풍성로 213  (성내동,2층)",아이비스 둔촌역점,127.135556215963,37.5292143497768,PC방
5095,"서울특별시 강동구 양재대로103길 44  (성내동,1층)",게임왕 PC방,127.135475734105,37.5335686179609,PC방
5096,"서울특별시 강동구 상암로 62-1, 크리스탈빌딩 103호 (천호동)",싹쓰리PC,127.130092937199,37.5488506615037,PC방
5097,"서울특별시 강동구 양재대로89길 17, 지하1층호 (성내동)",제로백피씨 둔촌동역점(ZERO100 PC),127.134379483293,37.5265490012703,PC방
5098,"서울특별시 강동구 천중로42길 70, 1층 102호 (길동, 길동청광플러스원큐브1차)",나이스PC,127.138275222668,37.5379520718765,PC방
5099,"서울특별시 강동구 진황도로 5, 103호 (천호동)",MAX PC,127.128501648287,37.540222367879,PC방
5100,"서울특별시 강동구 양재대로111길 15, 탑스위트 1층 124호 (길동)",보석PC,127.138561502491,37.5369836121307,PC방
5101,"서울특별시 강동구 천호대로 1196, 도성빌딩 지층 (둔촌동)",라이또PC 둔촌점,127.144298586046,37.5343661840804,PC방
5102,"서울특별시 강동구 아리수로93길 33, 베스트프라자 501호 (강일동)",PC&,127.173539404835,37.5658948102878,PC방
5103,"서울특별시 강동구 상일로 39, 2층 (상일동)",e-SPORTS PC,127.172620191715,37.5505858004812,PC방
5104,"서울특별시 강동구 천호대로 1178, 알레소빌딩 3층 (둔촌동)",에코스 PC방,127.142325672312,37.5336759794198,PC방
5105,"서울특별시 강동구 양재대로 1481, 길빌딩 지층 (길동)",이츠PC방,127.139901172837,37.538271092885,PC방
5106,"서울특별시 강동구 진황도로 152, 201호 (둔촌동)",고래바다PC,127.141282668081,37.5324959302494,PC방
5107,"서울특별시 강동구 구천면로 192, 천호역 한강 푸르지오시티 102호 (천호동)",나이스PC 게임장,127.125817158927,37.5403575252794,PC방
5108,"서울특별시 강동구 상암로12길 4, 2층 (천호동)",스마일PC,127.128266262401,37.5494493007863,PC방
5109,"서울특별시 강동구 구천면로 347, 2층 (암사동)",럭키 PC,127.137298433781,37.5500498402417,PC방
5110,"서울특별시 강동구 상암로 195, 에이플러스 1층 103호 (명일동)",모아게임,127.144190381388,37.5466249508301,PC방
5111,"서울특별시 강동구 진황도로 99, 1층 115호 (길동, 강동한신휴플러스주상복합)",놀러와PC,127.137473996228,37.5360846941657,PC방
5112,"서울특별시 강동구 올림픽로 796, 2층 (암사동)",COMON PC PLEX (커먼피씨플렉스),127.128534669022,37.5520742461293,PC방
5113,"서울특별시 강동구 아리수로91길 32-6, 지하1층 (강일동, 유러피안하우스2)",유니넷PC 강일본점,127.173066682613,37.5653372476859,PC방
5114,"서울특별시 강동구 상일로 33, 4층 (상일동)",랩터PC CAFE,127.172712722739,37.5501767024713,PC방
5115,"서울특별시 강동구 구천면로42길 83  (천호동,지층)",누나랑 PC할래,127.137224986244,37.5439366523799,PC방
5116,"서울특별시 강동구 상암로 195, 에이플러스 401호 (명일동)",7PC,127.144190381388,37.5466249508301,PC방
5117,"서울특별시 강동구 구천면로17길 32, 1층 (천호동)",스타PC방,127.123851338427,37.5429907012707,PC방
5118,"서울특별시 강동구 암사길 40, 2층 (암사동)",하루애 PC방,127.133757333524,37.5517312920762,PC방
5119,"서울특별시 강동구 천호대로 1057  (천호동,1층(103,104,105호))",트레벨 PC 하우스,127.129503776794,37.5372532002413,PC방
5120,서울특별시 강동구 진황도로 26 (천호동),오렌지존 PC방,127.130054709077,37.5389617011046,PC방
5121,서울특별시 강동구 풍성로57길 3 (성내동),무대뽀 PC방,127.135809705245,37.529315331061,PC방
5122,"서울특별시 강동구 구천면로42길 97  (천호동,지층)",프로게이머 PC방,127.13748197924,37.5433291703749,PC방
5123,서울특별시 강동구 천호옛14길 28 (성내동),블루스카이,127.126959027511,37.5359258172496,PC방
5124,서울특별시 강동구 구천면로 250 (천호동),아이클랜 PC방,127.131456746578,37.542515581948,PC방
5125,서울특별시 강동구 풍성로45길 28 (성내동),OUR BASE,127.13049828855,37.5318411485316,PC방
5126,서울특별시 강동구 올림픽로98길 21 (암사동),디저트 피앤씨,127.129341077489,37.5512721984493,PC방
5127,"서울특별시 강동구 양재대로124길 25, 1층 (길동)",놀토PC방,127.143545009244,37.5430139944025,PC방
5128,"서울특별시 강동구 천중로40길 78, 109호 (길동)",비바PC,127.137353320911,37.5377154640378,PC방
5129,"서울특별시 강동구 천호대로170길 53, 1층 (성내동)",대박 PC,127.132502945682,37.5329764295547,PC방
5130,서울특별시 강동구 상암로 28 (암사동),PCon (피씨온),127.126744210638,37.5503222093375,PC방
5131,"서울특별시 강동구 천호대로 1132, 106호 (성내동)",성내PC,127.136981871571,37.5340717110259,PC방
5132,"서울특별시 강동구 양재대로111길 10, 2층 (길동)",최PC,127.139111133009,37.537211279292,PC방
5133,"서울특별시 강동구 진황도로 87, 1층 102호 (길동, 청광플러스원큐브3차)",따봉PC,127.136442751206,37.5363674526244,PC방
5134,"서울특별시 강동구 명일로 167, 102호 (둔촌동)",윈PC,127.144558916412,37.5338931109162,PC방
5135,"서울특별시 강동구 구천면로 353, 1층 (암사동)",꾸러기 PC,127.137845483212,37.550362119404,PC방
5136,"서울특별시 강동구 상암로 41, 1층 114,115호 (암사동, 암사동양덱스빌)",물라PC,127.128189760726,37.5501745970905,PC방
5137,"서울특별시 양천구 중앙로 251, 4층 401호 (신정동)",대성PC,126.853223171816,37.518714899828,PC방
5138,"서울특별시 광진구 면목로 104, 1층 (중곡동)",따따블 PC,127.07974369209,37.5628242773194,PC방
5139,서울특별시 광진구 면목로 173 (중곡동),놀이터 PC,127.082600970933,37.5686097694919,PC방
5140,"서울특별시 노원구 동일로217가길 17, 승경빌딩 지층 (상계동)",쇼타임PC 노원역점,127.05936970723,37.6533222020818,PC방
5141,"서울특별시 관악구 신림로66길 20, 2층 (신림동)",해피PC,126.930756026865,37.4854174183208,PC방
5142,서울특별시 광진구 면목로 165 (중곡동),레고 PC,127.082256268911,37.5679661588224,PC방
5143,"서울특별시 동작구 동작대로27길 5, 지안플라자 4층 (사당동)",옵티멈존피씨카페이수역점,126.981491819978,37.48735441607,PC방
5144,서울특별시 영등포구 영신로 32-2 (영등포동),팡팡PC,126.908238980528,37.5144126619349,PC방
5145,서울특별시 영등포구 대림로27가길 10 (대림동),돈통PC,126.898866167409,37.4959353978947,PC방
5146,"서울특별시 구로구 디지털로32길 79, 조영빌딩 지층 (구로동)",헤라PC CAFE,126.899752015371,37.4835332463617,PC방
5147,"서울특별시 양천구 오목로 172, 지하1층 103호,104호 (신정동, 뉴타운아파트)",nu PC CAFE,126.856585484969,37.5249200868153,PC방
5148,"서울특별시 중랑구 신내로14길 21, 107호 (신내동, 동성7차아파트)",서킷스토리 아카데미 PSR 신내,127.097147956287,37.6061237684817,PC방
5149,"서울특별시 영등포구 양평로 64, 한경빌딩 지하1층 (당산동6가)",제우스 PC방 당산점,126.899965832636,37.5351397125293,PC방
5150,"서울특별시 서초구 신반포로 219, 반포쇼핑타운 (잠원동)",PC CAFE 로가,127.008065342049,37.5075121874388,PC방
5151,"서울특별시 동대문구 망우로16길 20, 지하1층 (휘경동)",늑대와여우,127.060971952229,37.5893695674034,PC방
5152,"서울특별시 관악구 신림로64길 32, 1층 (신림동)",무등산PC,126.931500008304,37.4850497000506,PC방
5153,"서울특별시 관악구 청룡길 9, 2층 (봉천동)",브라보PC,126.946522694417,37.4815170316646,PC방
5154,"서울특별시 도봉구 덕릉로 226, 2층 (창동)",SK PC방,127.037732453196,37.6379769919489,PC방
5155,"서울특별시 양천구 월정로 220, 1층 (신월동)",세븐PC,126.833627948763,37.5379971004507,PC방
5156,"서울특별시 강동구 상암로 84, 성진빌딩 102호 (천호동)",자유인 PC,127.132133391881,37.5480212795705,PC방
5157,"서울특별시 양천구 곰달래로5길 62, 1층 (신월동)",스타PC,126.831836340906,37.5348912500382,PC방
5158,"서울특별시 강북구 도봉로95길 19, 1층 (수유동)",쉼터PC,127.027613003151,37.6414115550023,PC방
5159,"서울특별시 은평구 진흥로 166, 1층 (녹번동)",로얄PC,126.927858880966,37.6086089735349,PC방
5160,"서울특별시 중랑구 겸재로 100, 1층 (면목동)",ACE PC,127.078897719973,37.5862932296203,PC방
5161,"서울특별시 구로구 개봉로6길 5-6, 1층 (개봉동)",럭키PC,126.856890098175,37.4870807011219,PC방
5162,"서울특별시 강서구 강서로5나길 83, 202호 (화곡동, 궁전아파트)",명당PC,126.843630611134,37.528175721234,PC방
5163,서울특별시 양천구 월정로 107 (신월동),88PC,126.83890637207,37.5288403470745,PC방
5164,"서울특별시 성북구 화랑로23길 29, 1층 (상월곡동)",삼거리PC (성인PC방),127.05031739033,37.6090351117513,PC방
5165,"서울특별시 용산구 청파로47나길 13, 지하1층 (청파동2가)",피씨나인,126.96681153698,37.5455760371033,PC방
5166,"서울특별시 강남구 테헤란로 107, 메디타워 지하1층 (역삼동)",3 POP PC CAFE,127.028754000454,37.4986813605293,PC방
5167,"서울특별시 종로구 자하문로 18-1, 3층 (통의동)",락휴코인노래연습장(경복궁점),126.972328763113,37.5778156600465,노래방
5168,"서울특별시 종로구 수표로 118, 지층 (낙원동)",송해길 노래연습장,126.989291247381,37.571702735843,노래방
5169,"서울특별시 종로구 돈화문로11길 38, 경한빌딩 2층 (낙원동)",세븐틴코인노래연습장 종로3가점,126.989314540628,37.5726737403515,노래방
5170,"서울특별시 종로구 종로51나길 2, 지하1층 (창신동)",차차차 노래연습장,127.012277154999,37.5726650260989,노래방
5171,"서울특별시 종로구 삼일대로 391, 4층 (관철동)",뮤직파워노래연습장,126.987383331119,37.5694808730925,노래방
5172,서울특별시 종로구 대명길 4 (명륜2가),즐거운,127.001182657148,37.5838016760698,노래방
5173,"서울특별시 종로구 수표로 96 (관수동,국일관 드림펠리스 12층)",국일관12 노래연습장,126.99002424417,37.5697050231621,노래방
5174,"서울특별시 종로구 삼일대로17길 35, 지하 1층 (관철동)",썬노래연습장,126.985450378737,37.5691127742254,노래방
5175,서울특별시 종로구 창신길 21 (창신동),우정노래방,127.010594566773,37.5727198794876,노래방
5176,"서울특별시 종로구 진흥로 435-2  (구기동,3층)",경복궁,126.957353525333,37.6085065493019,노래방
5177,서울특별시 종로구 수표로 111 (낙원동),차노래연습장,126.989051902985,37.5712295112157,노래방
5178,"서울특별시 종로구 비봉길 5, 지하1층 (구기동)",유,126.956459475551,37.608938157169,노래방
5179,서울특별시 종로구 종로10길 20 (관철동),힐링노래연습장,126.984301453169,37.5691420895937,노래방
5180,"서울특별시 종로구 창경궁로29길 25, 지하1층 (명륜3가, 명륜빌딩)",리코스타 코인 노래연습장,126.997420142523,37.5837539011569,노래방
5181,"서울특별시 종로구 삼일대로19길 18, 수지빌딩 3층 (관철동)",락휴 코인노래연습장 관철점,126.986572598966,37.5696619738573,노래방
5182,서울특별시 종로구 사직로 103-15  (필운동),21세기 노래연습장,126.970223128301,37.5763461665809,노래방
5183,"서울특별시 종로구 종로66길 10  (숭인동,2층)",정든노래방,127.02156033066,37.5743463036051,노래방
5184,"서울특별시 종로구 종로12길 14, 3층 (관철동, 해덕빌딩)",드림코인노래연습장,126.98558580983,37.5694353472354,노래방
5185,"서울특별시 종로구 우정국로2길 42, 지하1층 (관철동)",고래고래코인노래연습장,126.985386475342,37.5694299167566,노래방
5186,"서울특별시 종로구 대명길 40, 지하1층 (명륜2가)",에코코인노래연습장,126.999321387035,37.5832119798947,노래방
5187,"서울특별시 종로구 성균관로 49  (명륜3가,(지하1층))",앵콜,126.996439874739,37.5870121368817,노래방
5188,"서울특별시 종로구 사직로 105, 정남빌딩 B1층 101호 (내자동)",렉스코인노래연습장 경복궁점,126.970574538673,37.5762899425461,노래방
5189,"서울특별시 종로구 종로 210, 하이뷰더광장 214호 (종로5가)",렉스코인노래연습장,127.001207239452,37.5706678817379,노래방
5190,"서울특별시 종로구 종로 370-1 (숭인동,(지상2층))",우리,127.018666932808,37.5736156393021,노래방
5191,"서울특별시 종로구 자하문로 32 (통의동,(지하1층))",신명,126.971789009927,37.5789661918648,노래방
5192,서울특별시 종로구 종로67길 4 (숭인동),3학년3반,127.021078054811,37.5750234882066,노래방
5193,서울특별시 종로구 율곡로 229-1 (이화동),영광노래방,127.004548788438,37.5761145847409,노래방
5194,"서울특별시 종로구 자하문로 3  (내자동,(3층))",킹노래방,126.972264842484,37.5764830744797,노래방
5195,"서울특별시 종로구 종로14길 26 (관철동,3층)",오렌지 노래연습장,126.986756331605,37.5689245297777,노래방
5196,서울특별시 종로구 북촌로 2 (재동),재동,126.986178862502,37.577254432098,노래방
5197,서울특별시 종로구 대명길 15  (명륜4가),질러,127.000730693444,37.5833558682276,노래방
5198,"서울특별시 종로구 종로 69, 지하1층 (종로2가, YMCA)",락 노래연습장,126.98531414524,37.5705768749389,노래방
5199,"서울특별시 종로구 삼일대로19길 19 (관철동,(2층))",프라하1,126.986346922097,37.5694774241,노래방
5200,"서울특별시 종로구 대명길 26 (명륜2가,지하1층)",하나,127.000095893688,37.5834182191915,노래방
5201,서울특별시 종로구 창경궁로 258-15 (명륜2가),인디안노래방,127.00065076533,37.5835966141203,노래방
5202,서울특별시 종로구 삼일대로19길 16 (관철동),럭셔리,126.986757447162,37.5696564085647,노래방
5203,서울특별시 종로구 삼일대로19길 28 (관철동),칼라노래연습장,126.986005152645,37.5696645208411,노래방
5204,"서울특별시 종로구 북촌로 3 (재동,(3층))",소나타,126.98559247667,37.5771346198438,노래방
5205,"서울특별시 종로구 자하문로 5 (체부동,(지상3층))",경희궁,126.972230037403,37.5766206481405,노래방
5206,서울특별시 종로구 대학로12길 4  (동숭동),S.B.S노래연습장,127.002197716421,37.5825159439465,노래방
5207,"서울특별시 종로구 난계로29길 14 (숭인동,(지하1층))",폭스,127.022377495871,37.574592032993,노래방
5208,"서울특별시 종로구 종로50길 8 (창신동,지하1층)",키스,127.012436695015,37.5715564250404,노래방
5209,"서울특별시 종로구 종로 389 (숭인동,(지하1층))",월드컵,127.020515362043,37.5747538295343,노래방
5210,"서울특별시 종로구 북촌로 2 (재동,(4층))",재동2,126.986178862502,37.577254432098,노래방
5211,"서울특별시 종로구 대학로11길 46  (명륜4가,(지하1층))",영노래방,126.999503667558,37.582644535133,노래방
5212,"서울특별시 종로구 숭인동길 35 (숭인동,지하1층)",피렌체,127.021817505815,37.5766069418164,노래방
5213,서울특별시 종로구 삼일대로15길 20 (관철동),블루,126.986394791393,37.5689211549831,노래방
5214,서울특별시 종로구 종로10길 13 (관철동),락,126.984587656519,37.569454952948,노래방
5215,"서울특별시 종로구 인사동길 60  (관훈동,(지하1층))",인사동,126.983634642346,37.5752792170686,노래방
5216,서울특별시 종로구 종로 309-3 (창신동),싱싱 노래연습장,127.012030439086,37.5723268179637,노래방
5217,서울특별시 종로구 사직로 103-4 (내자동),골드,126.970607440318,37.5763941957968,노래방
5218,"서울특별시 종로구 돈화문로 33 (묘동,지하1층)",오케이노래연습장,126.991694015973,37.5714427219396,노래방
5219,서울특별시 종로구 종로 307 (창신동),25시 노래연습장,127.011854397226,37.5722159232795,노래방
5220,"서울특별시 종로구 지봉로 57  (창신동,(지하1층))",우즈,127.015435621835,37.575295740398,노래방
5221,서울특별시 종로구 통일로12길 8 (행촌동),강변노래연습장,126.960100323231,37.5731939326525,노래방
5222,"서울특별시 종로구 대명길 9 (명륜4가,외5(지상3층))",악쓰는하마코인노래연습장,127.000958936342,37.583376138945,노래방
5223,"서울특별시 종로구 종로 374 (숭인동,(지하1층))",팡팡,127.019067471795,37.5737505443154,노래방
5224,"서울특별시 종로구 자하문로2길 4 (적선동,(지하1층))",베르사유,126.972859321085,37.576377886406,노래방
5225,"서울특별시 종로구 삼일대로19길 19 (관철동,(3,4층))",프라하,126.986346922097,37.5694774241,노래방
5226,서울특별시 종로구 대학로2길 4 (종로5가),차차차노래방,127.002295758575,37.5714067718014,노래방
5227,"서울특별시 종로구 창경궁로34길 14  (명륜2가,19번지)",보스노래방,127.00085275134,37.5843627274196,노래방
5228,"서울특별시 종로구 돈화문로11길 31, 3층 (낙원동)",대빵오락실 노래연습장,126.989693681416,37.5724130260993,노래방
5229,"서울특별시 종로구 종로10길 14, 3층 (관철동)",피버 코인노래연습장,126.984306605861,37.5694005858939,노래방
5230,서울특별시 종로구 삼일대로 393  (관철동),괴짜노래연습실,126.987390656141,37.5696744077038,노래방
5231,"서울특별시 중구 다산로 114-8 (신당동,지하1층)",세븐노래연습장,127.010691824169,37.5538451665433,노래방
5232,"서울특별시 중구 퇴계로44길 8-10 (필동2가,지하1층)",미쳐날뛸 창 노래방,126.996987541128,37.5613283048194,노래방
5233,서울특별시 중구 다산로 243 (무학동),센스,127.015835599839,37.5647463827023,노래방
5234,"서울특별시 중구 다산로 117 (신당동,지상4층)",용가리 노래연습장,127.010244789868,37.5546053780447,노래방
5235,서울특별시 중구 다산로 222 (신당동),쿨,127.015591399432,37.5628525208577,노래방
5236,"서울특별시 중구 다산로44길 33 (신당동,지하 1층)",성우노래연습장,127.018750393932,37.5651642882882,노래방
5237,"서울특별시 중구 동호로 194 (신당동,지하 1층)",가요톱10 노래연습장,127.010501578779,37.5554222000065,노래방
5238,"서울특별시 중구 다산로 227 (무학동,지층)",해피데이 노래연습장,127.015411239382,37.5635464919783,노래방
5239,"서울특별시 중구 서애로1길 10, 지하1층 (필동3가)",골든싱어 코인노래연습장 (동국대점),126.998466728,37.5609382016912,노래방
5240,서울특별시 중구 동호로 196 (신당동),풀 코인 노래연습장,127.010372365931,37.5556464697381,노래방
5241,"서울특별시 중구 퇴계로 222, 지하층 (필동2가)",리코스타코인 노래연습장 동대점,126.996408264215,37.5615394822515,노래방
5242,서울특별시 중구 퇴계로8길 10 (회현동1가),호박 노래연습장,126.979847873129,37.558905915002,노래방
5243,서울특별시 중구 남대문로1길 26 (북창동),동큐,126.977524799094,37.5621982787179,노래방
5244,서울특별시 중구 다산로44길 72 (신당동),탈랜트,127.021000870732,37.5650171371491,노래방
5245,서울특별시 중구 퇴계로 226 (필동2가),대한,126.996855331452,37.5616329283639,노래방
5246,"서울특별시 중구 퇴계로 453 (황학동,지하1층)",앵콜,127.022147980233,37.5656156394493,노래방
5247,서울특별시 중구 퇴계로76길 39 (무학동),우리노래연습장,127.015252657587,37.5635035350435,노래방
5248,"서울특별시 중구 명동8가길 7 (충무로2가,지하1층)",루키,126.985404271845,37.5617602798822,노래방
5249,"서울특별시 중구 퇴계로76길 32, 지하1층 (무학동)",그리스,127.015116562486,37.5638356598127,노래방
5250,"서울특별시 중구 동호로12길 33 (신당동,지하 1층)",팡팡,127.011237512786,37.556715784534,노래방
5251,"서울특별시 중구 퇴계로76길 50, 지층 3호 (신당동)",악쓰는 하마,127.01473974302,37.5631438323172,노래방
5252,"서울특별시 중구 다산로10길 26 (신당동,지하1층)",신안,127.011473709471,37.5530241939225,노래방
5253,"서울특별시 중구 장충단로 175 (장충동1가,지상 3,4층)",특급노래연습장,127.005562066074,37.560663366702,노래방
5254,서울특별시 중구 서소문로 8 (중림동),에이스,126.962934879011,37.5589845284339,노래방
5255,"서울특별시 중구 중림로 17, 2층 (중림동)",소울노래연습장,126.965406209707,37.5590698820143,노래방
5256,"서울특별시 중구 동호로 186-3, 2층 (신당동)",플로렌스노래연습장,127.011165580511,37.5547565720844,노래방
5257,"서울특별시 중구 명동8길 11-6 (명동2가,지상2층)",뮤지컬,126.984974235146,37.563160464697,노래방
5258,"서울특별시 중구 동호로 169, 지하층 (신당동)",엄지노래연습장,127.011491862858,37.5533253056848,노래방
5259,"서울특별시 중구 다산로11길 13, 지하1층 (신당동, 복장문화회관)",썸뮤직 노래연습장,127.009633208843,37.5546125474078,노래방
5260,서울특별시 중구 퇴계로86길 40 (신당동),해뜰노래연습장,127.019468683306,37.5638516907949,노래방
5261,서울특별시 중구 다산로44길 53 (신당동),따봉노래연습장,127.019933228916,37.5652386068881,노래방
5262,서울특별시 중구 퇴계로44길 17 (필동3가),싱싱 노래연습장,126.997230211626,37.5611190993139,노래방
5263,"서울특별시 중구 동호로 189 (신당동, 톰캣프라자)",베스타코인 노래연습장,127.010232717796,37.5548784715093,노래방
5264,서울특별시 중구 퇴계로86길 23 (신당동),노찾사,127.019816107072,37.5644893581721,노래방
5265,서울특별시 중구 퇴계로4길 5 (남창동),신바람,126.977578255585,37.557553018907,노래방
5266,서울특별시 중구 동호로12길 13 (신당동),약수,127.010715214714,37.5559661130655,노래방
5267,"서울특별시 중구 다산로44길 56  (신당동,지하1층)",신바람,127.020098541292,37.565031890345,노래방
5268,"서울특별시 중구 동호로12길 7 (신당동,지하1층)",다산노래연습장,127.010551994975,37.5558056600972,노래방
5269,"서울특별시 중구 다산로42길 3  (신당동,지하1층)",리치,127.016545009327,37.5650353249966,노래방
5270,"서울특별시 중구 퇴계로76길 32, 지하1층 (무학동)",쭈쭈바 노래연습장,127.015116562486,37.5638356598127,노래방
5271,"서울특별시 중구 동호로17길 295, 지하1층 (신당동)",티티카카 노래연습장,127.006943208627,37.5483764768575,노래방
5272,"서울특별시 중구 퇴계로76길 29, 지하1층 (무학동)",준노래연습장,127.015465072594,37.5638853496743,노래방
5273,"서울특별시 중구 중림로 10 (중림동,삼성사이버빌리지상가2(지하1층))",WOW락노래연습장,126.964320892997,37.5589266608979,노래방
5274,"서울특별시 중구 다산로 135-1 (신당동,지상2층)",차차차 노래연습장,127.011074553174,37.5560374389147,노래방
5275,"서울특별시 중구 다산로35길 14 (무학동,지하1층)",다온다 노래연습장,127.014943590996,37.5637194533019,노래방
5276,"서울특별시 중구 퇴계로 438 (신당동, 지상2층 모아노래방)",모아노래방,127.020215688067,37.5654409225886,노래방
5277,"서울특별시 중구 동호로24길 33, 지하1층 (장충동2가)",천수,127.0052163024,37.560735642431,노래방
5278,서울특별시 중구 다산로 133-1 (신당동),놀이터노래연습장,127.0109910091,37.5558912148166,노래방
5279,"서울특별시 중구 다산로 135-1 (신당동,지하 1층)",따봉,127.011074553174,37.5560374389147,노래방
5280,서울특별시 중구 동호로30길 43 (장충동2가),대박 노래연습장,127.005378298432,37.5612018109069,노래방
5281,"서울특별시 중구 필동로 3, 삼지빌딩 지하1층 (필동2가)",제이코인노래연습장,126.996164934268,37.5612939529888,노래방
5282,"서울특별시 중구 을지로43길 38, 지하1층 (을지로6가)",뮤직이너스 노래연습장,127.007765983844,37.5677113760105,노래방
5283,"서울특별시 중구 동호로 193, 지하1층 (신당동)",티파니 노래연습장,127.009980266603,37.5551532974187,노래방
5284,"서울특별시 중구 세종대로14길 26, 지하 2층 (북창동)",파티노래연습장,126.978088868479,37.5627128537817,노래방
5285,"서울특별시 중구 명동4길 2, 3층 (명동2가)",K-POP 코인 노래연습장,126.983437910806,37.5634495691314,노래방
5286,"서울특별시 중구 을지로 110-1, 2층 (을지로3가)",세븐틴코인노래연습장 을지로3가점,126.990158299018,37.5660201420261,노래방
5287,"서울특별시 중구 을지로 254, B1층 (을지로6가)",캐슬 노래연습장,127.006297400517,37.565992994002,노래방
5288,"서울특별시 중구 장충단로13길 20, 현대시티타워 10층 (을지로6가)",미디어스코프 주식회사,127.007666479829,37.568734553218,노래방
5289,서울특별시 중구 다산로44길 20 (신당동),렉스코인노래연습장(신당점),127.018059431206,37.5649040081114,노래방
5290,서울특별시 중구 다산로 159 (신당동),스타,127.012177070294,37.5579615004095,노래방
5291,"서울특별시 중구 남대문로 73, AVENUEL 6층 (남대문로2가)",미디어스코프 주식회사,126.981781474221,37.56424508512,노래방
5292,서울특별시 성동구 광나루로 305  (송정동),키노래방,127.063688369397,37.548342206164,노래방
5293,서울특별시 용산구 대사관로30길 4 (한남동),썸,127.00549745307,37.5331107316214,노래방
5294,"서울특별시 용산구 우사단로2길 1, 지층 (보광동)",왕십리,126.996881063967,37.5307956056068,노래방
5295,서울특별시 용산구 보광로59길 14 (이태원동),보스노래연습장,126.993354208737,37.5340620395259,노래방
5296,서울특별시 용산구 회나무로 25 (이태원동),싸이노래연습장,126.989572384828,37.539546516555,노래방
5297,서울특별시 용산구 청파로45길 37 (청파동2가),퀸,126.968542763626,37.5444611640746,노래방
5298,서울특별시 용산구 한강대로 373 (동자동),노래마을,126.971994273965,37.5517115590906,노래방
5299,서울특별시 용산구 한강대로104길 51 (동자동),피노키오 노래연습장,126.974983863027,37.5505828289778,노래방
5300,서울특별시 용산구 효창원로42길 16 (용문동),GO래GO래 노래연습장,126.959913130701,37.5365669622615,노래방
5301,서울특별시 용산구 한강대로 180 (한강로1가),환타지,126.973359125512,37.5344018722304,노래방
5302,"서울특별시 용산구 신흥로12길 1, 지층 (용산동2가, 종점약국)",구찌노래연습장,126.987849043321,37.5435093091909,노래방
5303,서울특별시 용산구 한강대로 279 (갈월동),새로노래연습장,126.972200485609,37.5431254492172,노래방
5304,서울특별시 용산구 원효로 220 (원효로2가),카니발,126.966369327926,37.5377353223699,노래방
5305,"서울특별시 용산구 한강대로 289, 지층 (갈월동)",별노래연습장,126.971964095596,37.5440581079411,노래방
5306,서울특별시 용산구 한강대로62길 11 (한강로1가),한강노래연습장,126.973914997696,37.5343795613992,노래방
5307,"서울특별시 용산구 새창로 213-17 (한강로2가, 성광빌딩)",발리노래연습장,126.967895218955,37.5308818336555,노래방
5308,서울특별시 용산구 후암로 32 (후암동),브라보 노래연습장,126.97794121759,37.5487053771864,노래방
5309,서울특별시 용산구 한강대로62나길 2 (한강로1가),민들레,126.973875029144,37.534140066535,노래방
5310,서울특별시 용산구 원효로41길 21 (원효로3가),베토벤,126.958569447398,37.5346820557123,노래방
5311,서울특별시 용산구 한강대로 288-3 (남영동),위아더월드,126.972653202948,37.5440951204131,노래방
5312,"서울특별시 용산구 한남대로21길 33, 3층 (한남동)",25시 그리스,127.006595381257,37.5333552070916,노래방
5313,서울특별시 용산구 대사관로30길 17 (한남동),한강,127.005659084915,37.5325199375614,노래방
5314,"서울특별시 용산구 보광로 46, 1층 109호 (보광동)",월드노래연습장,126.99921497434,37.5283391534087,노래방
5315,서울특별시 용산구 대사관로31길 12 (한남동),스타,127.005981863322,37.5338573676103,노래방
5316,서울특별시 용산구 원효로93길 22 (원효로1가),2차노래연습장,126.968550841176,37.540855816461,노래방
5317,"서울특별시 용산구 청파로 333 (청파동1가, 홍신빌딩)",청파,126.969693974817,37.5493254177173,노래방
5318,서울특별시 용산구 보광로60길 22 (이태원동),나이스,126.995455586573,37.5339072570248,노래방
5319,"서울특별시 용산구 원효로41길 18, 지층 (원효로3가)",짝,126.958615841346,37.5344669129937,노래방
5320,서울특별시 용산구 한강대로 55 (한강로3가),필,126.964425882678,37.5259083911788,노래방
5321,"서울특별시 용산구 한강대로 280-1, 2층 (남영동)",필하모니,126.972838722074,37.5433166096361,노래방
5322,서울특별시 용산구 청파로 391 (서계동),드림21,126.968744854057,37.5545066304684,노래방
5323,서울특별시 용산구 한강대로15길 9 (한강로3가),용산,126.963886338534,37.5257428034399,노래방
5324,서울특별시 용산구 이촌로75길 12 (이촌동),하모니,126.974263969076,37.5204240193546,노래방
5325,서울특별시 용산구 대사관로 73 (한남동),로데오노래연습장,127.006164887562,37.533402352702,노래방
5326,"서울특별시 용산구 청파로 285, 지층 (청파동2가)",파랑새노래연습장,126.970291459739,37.5451025878356,노래방
5327,서울특별시 용산구 새창로 119 (용문동),신세계,126.960888047776,37.5368827294338,노래방
5328,서울특별시 용산구 후암로 35-1 (후암동),무지개,126.977417722253,37.5490889234468,노래방
5329,서울특별시 용산구 보광로 51 (보광동),오디션,126.99846829513,37.5286046713074,노래방
5330,"서울특별시 용산구 한강대로 282, 지층 (남영동, 신한은행)",올인노래연습장,126.972749951979,37.5434720115918,노래방
5331,서울특별시 용산구 한강대로104길 80 (후암동),연출,126.97658725684,37.5500358913535,노래방
5332,"서울특별시 용산구 만리재로 134, 지층 (서계동)",HOLLYWOOD,126.962570190199,37.5513452148053,노래방
5333,"서울특별시 용산구 대사관로 56, 지층 (한남동)",꼬끼오,127.004186627406,37.5332845884683,노래방
5334,"서울특별시 용산구 한강대로40길 14, 지하층 102호,103호 (한강로2가)",테마노래연습장,126.969969527032,37.5301466215658,노래방
5335,"서울특별시 용산구 한강대로 284, 3층 (남영동)",신데렐라 노래연습장,126.972706418316,37.5436970711962,노래방
5336,서울특별시 용산구 효창원로 114 (용문동),세븐,126.960955827997,37.5381728942386,노래방
5337,"서울특별시 용산구 원효로41길 9, 2층 (원효로3가)",스마일노래연습장,126.958124219166,37.5343034783453,노래방
5338,"서울특별시 용산구 원효로 184, 2층 (원효로2가)",산울림 노래연습장,126.963074834878,37.5359079201913,노래방
5339,"서울특별시 용산구 원효로53길 9, 지하층 (원효로2가)",궁노래연습장,126.961991202294,37.5360147954612,노래방
5340,"서울특별시 용산구 원효로41길 15, 2층 (원효로3가)",행운노래연습장,126.958314957366,37.534539427835,노래방
5341,"서울특별시 용산구 한강대로39길 20, 지층 (한강로2가)",아리수노래연습장,126.968123984925,37.5311370592046,노래방
5342,"서울특별시 용산구 보광로 31-1, 2층 (보광동, LG전자프라자)",샘노래연습장,126.999828833439,37.5271372193807,노래방
5343,서울특별시 용산구 한강대로62길 13 (한강로1가),낭낭노래연습장,126.973870792784,37.5342837752364,노래방
5344,서울특별시 용산구 한강대로62길 23 (한강로1가),데코,126.973847053613,37.5339010248046,노래방
5345,"서울특별시 용산구 효창원로 93, 지층 (용문동)",용문노래연습장,126.959170224245,37.5371851544368,노래방
5346,"서울특별시 용산구 청파로47길 49, 3층 (청파동3가, 캠퍼스프라자)",Joyking동전노래연습장,126.967563904498,37.5445841559546,노래방
5347,"서울특별시 용산구 이태원로 176, 3층 (이태원동)",적셔,126.993425922089,37.5342678321451,노래방
5348,서울특별시 용산구 한강대로84길 4 (남영동),황금,126.972876339986,37.5434897002793,노래방
5349,"서울특별시 용산구 녹사평대로54길 6, 지1층 (이태원동)",K-POP,126.98755859772,37.5392786344347,노래방
5350,서울특별시 용산구 신흥로36길 8 (용산동2가),자기연출,126.981954784528,37.5463207544107,노래방
5351,"서울특별시 용산구 한남대로21길 32, 3층 (한남동)",지코인 노래연습장 한남점,127.006301905644,37.5334676680432,노래방
5352,"서울특별시 용산구 이태원로27가길 37, 3층 (이태원동)",큐브코인노래연습장 이태원점,126.99309990579,37.5348765297121,노래방
5353,"서울특별시 용산구 원효로 249, 지하1층 (원효로1가)",오엑스코인노래연습장 남영역점,126.968357599455,37.5400035991267,노래방
5354,"서울특별시 용산구 청파로 337, 명성카인테리어제일공사 지층 (서계동)",제일 노래연습장,126.969631362533,37.5496845396412,노래방
5355,"서울특별시 용산구 이태원로 203, 2층 (이태원동)",코니코인 노래연습장 이태원점,126.996617727643,37.5348204604086,노래방
5356,"서울특별시 용산구 한강대로 287-1, 2층 (갈월동)",KPOPSTAR 코인노래연습장,126.971801285107,37.5440018468138,노래방
5357,"서울특별시 용산구 이태원로19길 1, 2층 (이태원동)",세븐틴코인노래연습장 이태원점,126.991811476161,37.5345610971177,노래방
5358,"서울특별시 용산구 이태원로27가길 58, 3층 (이태원동)",노래야노래야노래연습장,126.992104923919,37.5349599000579,노래방
5359,"서울특별시 용산구 청파로47길 66, 중하빌딩 1층 (청파동2가)",락휴코인노래연습장 숙대입구점,126.966770459878,37.545067501628,노래방
5360,"서울특별시 용산구 대사관로 72, 제일빌딩 지층 107,108호 (한남동)",소다코인노래연습장,127.005947068599,37.5330952126175,노래방
5361,"서울특별시 용산구 이태원로 203, 3층 (이태원동)",코니코인 노래연습장 이태원점2(주식회사 디귿),126.996617727643,37.5348204604086,노래방
5362,"서울특별시 용산구 새창로45길 3, 2층 (신계동)",키스노래연습장,126.962533201343,37.5345791339816,노래방
5363,"서울특별시 성동구 연무장길 50, 3층 (성수동2가)",밀리언코인 노래연습장,127.054837828936,37.5424988037749,노래방
5364,"서울특별시 성동구 연무장길 37, 지하1층 (성수동2가)",골든싱어코인노래연습장 성수점,127.053642544846,37.543073559768,노래방
5365,"서울특별시 성동구 마조로 11, 지하1층 (행당동)",포텐코인노래연습장,127.040664404256,37.5589370324066,노래방
5366,"서울특별시 성동구 상원길 38, 2층 (성수동1가)",팡팡노래연습장,127.048787682143,37.5472978373972,노래방
5367,서울특별시 성동구 성덕정길 54 (성수동1가),공주 노래연습장,127.049404269631,37.5381685639649,노래방
5368,서울특별시 성동구 독서당로 290-1 (금호동4가),라이브 노래방,127.021404107728,37.547823690218,노래방
5369,"서울특별시 성동구 장터길 33, 지층 (금호동3가)",삼거리 노래연습장,127.019704598036,37.5485112678947,노래방
5370,"서울특별시 성동구 왕십리로4길 19-1, 지층 (성수동1가)",렉스 코인 노래연습장,127.046175148363,37.5465880899084,노래방
5371,"서울특별시 성동구 고산자로 346 (마장동,2층)",화이트 노래연습장,127.038024868301,37.570325602822,노래방
5372,"서울특별시 성동구 왕십리로21길 6 (행당동,지층)",필(feel) 노래연습장,127.033385018064,37.5618101613897,노래방
5373,"서울특별시 성동구 마조로 7 (행당동,2층)",필하모니 노래연습장,127.040443630196,37.5585875213707,노래방
5374,"서울특별시 성동구 장터길 37 (금호동3가,2, 3층)",로얄 노래연습장,127.020096565001,37.5484024512915,노래방
5375,"서울특별시 성동구 금호로 148, 4층 (금호동1가, 금호아이타워)",알앤비 노래연습장,127.020745815008,37.554246754326,노래방
5376,"서울특별시 성동구 왕십리로14길 8-1 (성수동1가,지층)",고고싱 노래연습장,127.044912306232,37.5492668857872,노래방
5377,서울특별시 성동구 마장로 202-1  (홍익동),앗~~싸노래방,127.032226308114,37.5664102495724,노래방
5378,서울특별시 성동구 마조로5길 6 (행당동),방가방가노래연습장,127.040423653207,37.5601567946637,노래방
5379,"서울특별시 성동구 독서당로 208, 지1층 (옥수동)",스타 노래연습장,127.013977925667,37.5433130495767,노래방
5380,"서울특별시 성동구 용답중앙15길 2, 지층 (용답동)",파티파티 노래연습장,127.053095664605,37.5638055873065,노래방
5381,서울특별시 성동구 마조로5길 3 (행당동),악쓰는 하마 코인노래연습장,127.040736086668,37.5598426898639,노래방
5382,"서울특별시 성동구 무학봉길 97, 지하1층 (하왕십리동)",오후 노래연습장,127.032211610975,37.5627707694942,노래방
5383,서울특별시 성동구 마장로39나길 17-2 (마장동),명가노래연습장,127.044644732628,37.567956099602,노래방
5384,서울특별시 성동구 마조로5길 8 (행당동),짱노래연습장,127.040238925747,37.5601253228753,노래방
5385,서울특별시 성동구 금호로 64 (금호동1가),사이버 노래연습장,127.026132568067,37.5491010753728,노래방
5386,서울특별시 성동구 마장로 319-1 (마장동),럭키노래연습장,127.04455987874,37.5674537364575,노래방
5387,"서울특별시 성동구 마장로35길 68,  302호 (마장동,마축일축산물시장)",쏭 노래연습장,127.041275257984,37.5706824765816,노래방
5388,"서울특별시 성동구 왕십리로4길 16, 지하층 (성수동1가)",스타노래연습장,127.046160644423,37.5461894936415,노래방
5389,서울특별시 성동구 마장로 192  (홍익동),팡팡노래방,127.030980140691,37.5665401463681,노래방
5390,서울특별시 성동구 독서당로48길 5-1 (금호동4가),열창노래방,127.022004187214,37.5477634832989,노래방
5391,서울특별시 성동구 천호대로 294 (용답동),쟁반 노래연습장,127.053081600066,37.5661568330181,노래방
5392,서울특별시 성동구 마조로3가길 15 (행당동),킹노래방,127.03989916258,37.55928471794,노래방
5393,서울특별시 성동구 용답중앙15길 12-1 (용답동),에이스 노래연습장,127.053856513732,37.5644524282652,노래방
5394,"서울특별시 성동구 성수일로8길 40, B1층 (성수동2가)",씽 노래연습장,127.05459372098,37.5455539351627,노래방
5395,서울특별시 성동구 무학봉길 83  (하왕십리동),아리랑노래방,127.031488604986,37.5617334669893,노래방
5396,서울특별시 성동구 성덕정17길 12 (성수동2가),사이버노래연습장,127.055339295186,37.5383228860946,노래방
5397,서울특별시 성동구 금호로 141-2  (금호동2가),애모노래방,127.02082932018,37.5537847079277,노래방
5398,서울특별시 성동구 성덕정길 55 (성수동1가),열창노래방,127.049666766146,37.53833153489,노래방
5399,서울특별시 성동구 연무장7길 12  (성수동2가),환희노래방,127.054840383995,37.5436698315466,노래방
5400,"서울특별시 성동구 한림말3길 30, 지하1층 (옥수동)",VIP 노래연습장,127.01559417396,37.5435782816435,노래방
5401,"서울특별시 성동구 동일로 191 (송정동,2층)",차차차 노래연습장,127.067615950858,37.5491461458077,노래방
5402,"서울특별시 성동구 왕십리로 295 (행당동,지층)",즐거운 노래연습장,127.035736080166,37.560441309643,노래방
5403,서울특별시 성동구 아차산로 113 (성수동2가),뮤지컬 노래연습장,127.056933860698,37.5446930967018,노래방
5404,서울특별시 성동구 상원10길 4-1 (성수동1가),코코 노래연습장,127.048540337588,37.5490821870028,노래방
5405,"서울특별시 성동구 성덕정길 145, 지하 1층 (성수동2가)",아방궁노래연습장,127.059544814571,37.5365418153962,노래방
5406,서울특별시 성동구 마조로 9 (행당동),락스타 노래연습장,127.040554610589,37.5587090278115,노래방
5407,"서울특별시 성동구 왕십리로 114, 신한빌딩 지하1층 (성수동1가)",땡큐 노래연습장,127.044746028256,37.5476854260016,노래방
5408,서울특별시 성동구 왕십리로21길 27 (행당동),동네노래연습장,127.03196910348,37.5602312861584,노래방
5409,서울특별시 성동구 용답29길 23  (용답동),즐거운노래방,127.053641125075,37.564618850212,노래방
5410,"서울특별시 성동구 용답중앙15길 16, 지하층 (용답동)",마돈나 노래연습장,127.05414418323,37.5646936735562,노래방
5411,서울특별시 성동구 성덕정17길 9 (성수동2가),발리노래연습장,127.055158964724,37.5380517694093,노래방
5412,"서울특별시 성동구 광나루로11길 46, 지하1층 (송정동)",라라라 노래연습장,127.068244794506,37.5516201054427,노래방
5413,서울특별시 성동구 마조로3가길 14 (행당동),팡팡노래연습장,127.040127144174,37.5591459772373,노래방
5414,서울특별시 성동구 성덕정길 84 (성수동2가),영심이 노래연습장,127.052762758573,37.5377619313618,노래방
5415,서울특별시 성동구 성덕정길 149  (성수동2가),스크린노래연습장,127.059845876254,37.5365211204018,노래방
5416,서울특별시 성동구 마장로 305 (마장동),팡팡노래연습장,127.043316238277,37.5666626744894,노래방
5417,"서울특별시 성동구 아차산로 91 (성수동2가,3층)",V코인 노래연습장 성수점,127.054482759879,37.545307923565,노래방
5418,"서울특별시 성동구 아차산로7길 2, 지하층 (성수동2가)",이브노래연습장,127.054282513964,37.545368292626,노래방
5419,"서울특별시 성동구 아차산로7길 4, 지하1층 (성수동2가)",대박노래연습장,127.054379079618,37.5455816047743,노래방
5420,"서울특별시 성동구 성덕정길 57, 지하1층 (성수동1가)",자두노래연습장,127.049864160736,37.5382598221905,노래방
5421,서울특별시 성동구 성덕정길 146 (성수동2가),앗싸 노래연습장,127.05939042711,37.5363260134377,노래방
5422,서울특별시 성동구 상원길 40 (성수동1가),히트노래방,127.048747341011,37.5475596843054,노래방
5423,"서울특별시 성동구 왕십리로22길 3, 2층 (도선동)",왕십리 노래연습장,127.034236977625,37.5626205440226,노래방
5424,서울특별시 성동구 무학로2길 46 (도선동),에쿠스노래연습장,127.034559245245,37.5624452063071,노래방
5425,서울특별시 성동구 왕십리로24길 13 (도선동),59년 노래연습장,127.034099246236,37.5636441158247,노래방
5426,"서울특별시 성동구 천호대로 288, 지1층 (용답동)",짱노래연습장,127.052737136057,37.5664379179081,노래방
5427,서울특별시 성동구 성덕정길 25 (성수동1가),톡톡노래방,127.046715226488,37.5392790597832,노래방
5428,"서울특별시 성동구 고산자로 293  (홍익동,동아상가 지층 A2)",동아노래연습장,127.036058755483,37.5658353870174,노래방
5429,"서울특별시 성동구 상원길 24, 지하층 (성수동1가)",썸노래연습장,127.049059872946,37.5461479599334,노래방
5430,서울특별시 성동구 아차산로7길 3 (성수동2가),세븐틴코인노래연습장(성수점),127.054064012749,37.5456914911303,노래방
5431,서울특별시 성동구 왕십리로6길 4-11 (성수동1가),싱싱,127.045265921917,37.5458623268737,노래방
5432,서울특별시 성동구 독서당로 312  (금호동4가),"1,2,3노래연습장",127.023557055187,37.547962394545,노래방
5433,"서울특별시 성동구 마조로 15-10, 지하1층 (행당동)",도깨비 코인 노래연습장,127.040275957632,37.5591146619706,노래방
5434,"서울특별시 성동구 마조로3가길 27, B1층 (행당동)",리코스타 코인노래연습장,127.040057874998,37.5597733649523,노래방
5435,"서울특별시 성동구 마장로37길 59, 3층 (마장동)",한우타운 노래연습장,127.041860535436,37.570573250077,노래방
5436,서울특별시 성동구 광나루로11길 5 (송정동),기린노래방,127.065371480713,37.5487813340464,노래방
5437,서울특별시 성동구 행당로17길 23-1 (행당동),올래 노래연습장,127.032840003771,37.5604336813264,노래방
5438,"서울특별시 성동구 행당로17길 26, 3층 (행당동)",엠젯 코인노래연습장 왕십리점,127.033029239873,37.5606847363543,노래방
5439,서울특별시 성동구 성수일로8길 53  (성수동2가),얼짱 노래연습장,127.056449654682,37.5452842944977,노래방
5440,서울특별시 성동구 성덕정길 116 (성수동2가),1060@뮤직클럽,127.056189353148,37.5367897931264,노래방
5441,서울특별시 성동구 상원8길 1  (성수동1가),도레미노래연습장,127.048267961626,37.5489208397177,노래방
5442,서울특별시 성동구 장터길 26  (금호동4가),엠티노래연습장,127.018755993619,37.5482189581995,노래방
5443,서울특별시 성동구 성덕정길 142 (성수동2가),킹콩노래연습장,127.059022101604,37.5364183704435,노래방
5444,서울특별시 성동구 용답19길 18-1  (용답동),커플노래연습장,127.052877636195,37.5635998976062,노래방
5445,"서울특별시 성동구 연무장7길 5, 지하1층 (성수동2가)",우주 노래연습장,127.054348975494,37.5432380295407,노래방
5446,서울특별시 성동구 마조로1길 40  (행당동),왕십리노래연습장,127.039425784633,37.5608840563242,노래방
5447,서울특별시 성동구 무학로2길 23-1 (도선동),보보스노래연습장,127.032571179987,37.5637695154663,노래방
5448,"서울특별시 성동구 마조로 15-8, 지하1층 (행당동)",슈퍼스타코인노래연습장,127.040306937781,37.5592674604922,노래방
5449,"서울특별시 성동구 무학봉28길 6 (하왕십리동, 금용빌딩)",도깨비코인노래연습장,127.032677655069,37.5621394032508,노래방
5450,서울특별시 성동구 행당로 76 (행당동),가보자 노래방,127.027536046634,37.5562344985329,노래방
5451,서울특별시 성동구 행당로 75 (행당동),보이스코드 코인노래연습장,127.027520677046,37.556602469483,노래방
5452,서울특별시 성동구 행당로8길 6 (행당동),행당노래방,127.030312432969,37.5573233945631,노래방
5453,서울특별시 성동구 연무장길 116  (성수동2가),야야노래연습장업,127.061754314567,37.5403943482092,노래방
5454,"서울특별시 성동구 연무장길 44 (성수동2가,지하1층)",DDR노래연습장,127.054071597609,37.5427191811958,노래방
5455,서울특별시 성동구 독서당로 312-1 (금호동4가),혜성노래연습장,127.023734617071,37.547995966242,노래방
5456,서울특별시 성동구 성덕정길 92-1 (성수동2가),타타타노래연습실,127.053769889299,37.5374645073972,노래방
5457,"서울특별시 성동구 왕십리로21길 8, 한희빌딩 지하1층 (행당동)",남사이곤 노래연습장,127.033269634984,37.561698560476,노래방
5458,"서울특별시 성동구 무학로 24-1, 지하1층 (홍익동)",스타 노래연습장,127.030294719471,37.5664044540536,노래방
5459,"서울특별시 성동구 용답중앙15길 1  (용답동,(지하))",옥소리 노래방,127.05284380209,37.56393229028,노래방
5460,"서울특별시 성동구 왕십리로4길 19-1 (성수동1가,(지하))",허니노래연습장,127.046175148363,37.5465880899084,노래방
5461,"서울특별시 성동구 아차산로 97 (성수동2가,(지하))",히트 노래방,127.055123744487,37.5452324827558,노래방
5462,"서울특별시 성동구 성수일로12길 44 (성수동2가,(지하))",아미가,127.055355062685,37.5471005958802,노래방
5463,"서울특별시 성동구 광나루로 325, B1층 (송정동)",와와노래연습장,127.065908705027,37.5484392866604,노래방
5464,서울특별시 성동구 아차산로 93 (성수동2가),해피노래연습장,127.05468798751,37.5452517865527,노래방
5465,서울특별시 성동구 독서당로 292  (금호동4가),쏘나타노래방,127.021545351371,37.5478851126482,노래방
5466,서울특별시 성동구 아차산로7길 8 (성수동2가),민트 노래연습장,127.054482141376,37.5458574431701,노래방
5467,"서울특별시 성동구 마조로 19-10, B1층 (행당동)",리코스타 코인노래연습장 한양대2호점,127.040476760242,37.5597852954493,노래방
5468,"서울특별시 성동구 마조로3길 6, B1층 (행당동)",코인싱어 동전노래연습장,127.040156615372,37.5585965392078,노래방
5469,"서울특별시 성동구 용답29길 18, 2층 (용답동)",딴따라 코인노래연습장,127.054357753046,37.5643619187354,노래방
5470,서울특별시 성동구 성덕정17길 4-10 (성수동2가),뚝섬노래방,127.05566213214,37.5374462413516,노래방
5471,서울특별시 성동구 성덕정길 152  (성수동2가),테마 노래방,127.060200286648,37.5362907346562,노래방
5472,"서울특별시 성동구 용답중앙15길 13, 지하1층 (용답동)",악쓰는하마노래연습장,127.05378270602,37.5647536649211,노래방
5473,서울특별시 성동구 아차산로7길 18 (성수동2가),SBS노래연습장,127.05489600427,37.5466849091209,노래방
5474,서울특별시 성동구 장터길 22  (금호동4가),탈렌트노래연습장,127.018266115488,37.5482272340846,노래방
5475,서울특별시 성동구 마장로 283 (마장동),SBS 노래연습장,127.041429927751,37.5656518033574,노래방
5476,서울특별시 성동구 성덕정길 30 (성수동1가),번개노래연습장,127.046879460329,37.5390050906811,노래방
5477,서울특별시 성동구 행당로17길 20 (행당동),소리꾼노래방,127.033264858904,37.5601207362776,노래방
5478,"서울특별시 성동구 장터길 22-2  (금호동4가,지하)",신바람노래방,127.018448528916,37.5482092758508,노래방
5479,"서울특별시 성동구 한림말5길 17 (옥수동,지하)",세븐노래연습장,127.016542686978,37.5427547291187,노래방
5480,서울특별시 성동구 연무장길 16-2 (성수동1가),파랑새 노래연습장,127.051230667752,37.543590182633,노래방
5481,서울특별시 성동구 금호로 158-1  (금호동1가),스타노래연습실,127.02022735147,37.5549927803262,노래방
5482,"서울특별시 성동구 독서당로60길 2  (응봉동,지하)",SBS 노래연습장,127.030785551487,37.5497221835162,노래방
5483,서울특별시 성동구 동일로 41  (성수동2가),호박노래연습장,127.060577576886,37.5369328649047,노래방
5484,서울특별시 성동구 무학봉15길 27  (하왕십리동),성산노래방,127.030171840031,37.5637091555598,노래방
5485,서울특별시 성동구 왕십리로 106  (성수동1가),탑노래연습장,127.044819520067,37.5470128025159,노래방
5486,서울특별시 성동구 금호로3길 18  (금호동4가),즐거운 투 노래연습장,127.024063537334,37.5478655251471,노래방
5487,"서울특별시 성동구 성덕정길 145, 지하 1층 (성수동2가)",엘리트,127.059544814571,37.5365418153962,노래방
5488,"서울특별시 성동구 금호로 151, 지하1층 (금호동2가)",SKY 노래연습장,127.02014635581,37.5542856010364,노래방
5489,"서울특별시 성동구 아차산로 116 (성수동2가,지하1층)",스타 노래연습장,127.056627617429,37.5440415512187,노래방
5490,서울특별시 성동구 용답중앙15길 14 (용답동),게임 노래방,127.054019717981,37.5645934497013,노래방
5491,"서울특별시 성동구 왕십리로21다길 39, 지층 (행당동)",열창 노래연습장,127.033217906716,37.5596506994,노래방
5492,서울특별시 성동구 마장로 296  (마장동),세림노래방,127.042757434672,37.5657022363224,노래방
5493,서울특별시 성동구 아차산로7길 3 (성수동2가),빙고노래연습장,127.054064012749,37.5456914911303,노래방
5494,"서울특별시 성동구 무학봉28길 20, 지1층 (행당동)",악쓰는하마노래연습장,127.033953035197,37.5614544661258,노래방
5495,서울특별시 성동구 왕십리로24길 8 (도선동),25시노래방,127.03408302525,37.5630694650085,노래방
5496,서울특별시 성동구 왕십리로 102 (성수동1가),서울숲노래연습장,127.044872021901,37.5466274253498,노래방
5497,서울특별시 성동구 아차산로7길 20  (성수동2가),성수25시노래방,127.054945670351,37.5468238200462,노래방
5498,서울특별시 성동구 무수막길 93 (금호동2가),신세대 노래연습장,127.019877520001,37.554085084485,노래방
5499,서울특별시 성동구 성덕정17길 3 (성수동2가),한강 노래방,127.055197516506,37.5375487229641,노래방
5500,서울특별시 성동구 성덕정길 103 (성수동2가),팡팡노래연습실,127.054954336318,37.5375094626668,노래방
5501,서울특별시 성동구 마조로5길 3-3 (행당동),파티파티노래연습장,127.040672881648,37.5597496386723,노래방
5502,서울특별시 성동구 아차산로 7  (성수동1가),소풍노래연습장,127.045641393072,37.5481060299191,노래방
5503,서울특별시 성동구 둘레15길 24 (성수동2가),강변노래연습장,127.05561193622,37.5368919695969,노래방
5504,서울특별시 성동구 마조로 15-3 (행당동),채널VJ노래연습장,127.04049844419,37.5590718786064,노래방
5505,"서울특별시 성동구 장터길 35, 지1층 (금호동3가)",룰루랄라노래연습장,127.019817056424,37.5484149323138,노래방
5506,서울특별시 성동구 무수막길 94 (금호동2가),신금호 노래연습장,127.020160781167,37.5540606194171,노래방
5507,서울특별시 성동구 성수이로 108 (성수동2가),킹카 노래연습장,127.057373589713,37.544546201202,노래방
5508,서울특별시 성동구 아차산로 87 (성수동2가),탐나 노래연습장,127.054007834941,37.5454637442777,노래방
5509,"서울특별시 성동구 장터길 44-2, 지하1층 (금호동4가)",REX코인노래연습장 금호점,127.020866686438,37.5481731036344,노래방
5510,서울특별시 성동구 성덕정길 83  (성수동2가),와우경품게림랜드,127.052945166071,37.5379434012697,노래방
5511,"서울특별시 성동구 연무장7길 5  (성수동2가,지하)",우주노래연습장,127.054348975494,37.5432380295407,노래방
5512,"서울특별시 광진구 뚝섬로 613-1 (자양동,B1)",파티 노래연습장,127.078074863382,37.5326270728118,노래방
5513,"서울특별시 광진구 긴고랑로 85 (중곡동,2층, 3층)",럭셔리락노래연습장,127.085292516929,37.5608987539786,노래방
5514,"서울특별시 광진구 동일로22길 33 (화양동,지하1층 층)",드루와,127.066164365225,37.5421944995428,노래방
5515,"서울특별시 광진구 긴고랑로 60 (중곡동,3층)",S 노래연습장,127.082685560137,37.5618816134715,노래방
5516,서울특별시 광진구 자양로18길 19 (구의동),이브,127.08467273635,37.5377912960925,노래방
5517,"서울특별시 광진구 뚝섬로 476 (자양동,지하1층)",히트,127.063177388779,37.5364806420847,노래방
5518,"서울특별시 광진구 자양로18길 31  (구의동,지하1층)",데몰리션,127.085180422232,37.5378880587944,노래방
5519,"서울특별시 광진구 자양로18길 44 (구의동,지하1층)",올레노래연습장,127.085956590004,37.5378713684858,노래방
5520,서울특별시 광진구 능동로36길 30 (능동),짝,127.080587072191,37.5557178129746,노래방
5521,서울특별시 광진구 뚝섬로 612 (자양동),미소랑노래연습장,127.077579142107,37.5324599034225,노래방
5522,서울특별시 광진구 동일로22길 64 (화양동),락휴코인노래연습장 건대점,127.067676459516,37.5414729330796,노래방
5523,"서울특별시 광진구 광나루로56길 5 (구의동, 현대프라임아파트)",테크노노래연습장(광나루로56길 63 수정 필요),127.098357196735,37.5387800804493,노래방
5524,"서울특별시 광진구 능동로36길 22 (능동,지하1층)",쥬라기노래방,127.080268134995,37.5559161595454,노래방
5525,"서울특별시 광진구 동일로22길 32, 지하1층 (화양동)",OK 노래연습장,127.066035660944,37.5420106775817,노래방
5526,서울특별시 광진구 자양로 277 (구의동),렛츠코인 노래연습장 아차산점,127.091104212028,37.5508051349791,노래방
5527,"서울특별시 광진구 자양로18길 19, 해민빌딩 3층 (구의동)",도깨비코인노래연습장,127.08467273635,37.5377912960925,노래방
5528,"서울특별시 광진구 능동로 127, 지하1층 (화양동)",프렌즈코인노래연습장 건대점,127.071424709163,37.5422712635479,노래방
5529,"서울특별시 광진구 긴고랑로 79, 2층 (중곡동)",잇츠코인노래연습장(중곡점),127.084702394418,37.5612041661408,노래방
5530,"서울특별시 광진구 영화사로 1, 2층 (중곡동)",스위티 코인노래연습장,127.088299645079,37.5586988321461,노래방
5531,"서울특별시 광진구 뚝섬로 605, 신전빌딩 지하1층 (자양동)",렛츠코인 노래연습장 자양점,127.077088180682,37.5329579378219,노래방
5532,"서울특별시 광진구 천호대로 546, 2층 (군자동)",렉스코인 노래연습장 군자점,127.078664401829,37.5571538576473,노래방
5533,서울특별시 광진구 능동로 339 (중곡동),핑크,127.080746993399,37.5599193232613,노래방
5534,"서울특별시 광진구 아차산로51길 23, 현덕빌딩 지하층 (구의동)",365노래연습장,127.084876576098,37.5380462228813,노래방
5535,서울특별시 광진구 동일로18길 32 (자양동),앵콜노래연습장,127.064540890189,37.5394942008282,노래방
5536,"서울특별시 광진구 자양로18길 41, 지하1층 (구의동)",갈채,127.085929228496,37.5380860066115,노래방
5537,서울특별시 광진구 자양로 49 (자양동),마돈나,127.085189541528,37.5321785020915,노래방
5538,"서울특별시 광진구 광장로 80, 의성빌딩 (광장동)",열창노래방,127.105990131213,37.5477057112156,노래방
5539,"서울특별시 광진구 아차산로51길 11, 2층 (구의동)",서울 노래연습장,127.085134450744,37.5375596774095,노래방
5540,서울특별시 광진구 아차산로30길 33 (자양동),부킹,127.067225432496,37.5392018603192,노래방
5541,"서울특별시 광진구 아차산로65길 8  (구의동,지하1층)",갈채노래연습장,127.094277405312,37.5408393992816,노래방
5542,"서울특별시 광진구 긴고랑로 78 (중곡동,지하1층)",자유인 노래연습장,127.084284393433,37.5609857033236,노래방
5543,서울특별시 광진구 동일로22길 80  (화양동),건대노래연습장,127.068519211274,37.5412191760908,노래방
5544,서울특별시 광진구 긴고랑로 21 (중곡동),딩동댕,127.078904868204,37.5636698852667,노래방
5545,서울특별시 광진구 능동로13길 58 (화양동),로또 노래연습장,127.069683975538,37.5443579368441,노래방
5546,서울특별시 광진구 자양번영로 70-1 (자양동),테크노,127.076654911098,37.5357742974092,노래방
5547,서울특별시 광진구 뚝섬로 514 (자양동),와와노래연습장,127.067293695355,37.5354625802819,노래방
5548,"서울특별시 광진구 구의로 10-1 (구의동,지층)",스마일 노래연습장,127.08946475232,37.5389525757101,노래방
5549,서울특별시 광진구 아차산로51길 37 (구의동),블랙홀,127.084788370009,37.5386886992464,노래방
5550,"서울특별시 광진구 구의로 68  (구의동,2층)",앵콜노래연습장,127.090656034669,37.5439519440769,노래방
5551,"서울특별시 광진구 군자로 81 (군자동,지하1층)",순자,127.070848331432,37.5504290742234,노래방
5552,서울특별시 광진구 용마산로 191 (중곡동),MBC노래연습장,127.085926341036,37.5707593329671,노래방
5553,서울특별시 광진구 동일로22길 37 (화양동),딩동댕,127.066407564552,37.5421039927751,노래방
5554,서울특별시 광진구 아차산로40길 9-1 (자양동),앵콜,127.078604268073,37.5370735198721,노래방
5555,서울특별시 광진구 아차산로51길 96 (구의동),25시노래방,127.085501398584,37.5411396252921,노래방
5556,서울특별시 광진구 광나루로 381-1 (군자동),영해노래방,127.072324363402,37.5480981974837,노래방
5557,서울특별시 광진구 능동로19길 21-2 (화양동),CNN노래연습장,127.072547789797,37.5469761368823,노래방
5558,"서울특별시 광진구 면목로 128 (중곡동,지층)",OK노래연습장,127.080930080374,37.5648016070512,노래방
5559,"서울특별시 광진구 천호대로 573 (중곡동,2층)",센스,127.081842329438,37.5565889347448,노래방
5560,"서울특별시 광진구 능동로 297, 2층 (군자동)",세븐틴코인노래연습장 군자역점,127.078755167824,37.5565076019386,노래방
5561,서울특별시 광진구 능동로38길 30 (중곡동),예스 노래방,127.081395363659,37.5571787661791,노래방
5562,"서울특별시 광진구 영화사로 30  (중곡동,지하1층)",야호,127.090242778033,37.556895639262,노래방
5563,"서울특별시 광진구 동일로22길 92, 지층 (화양동)",테크노,127.069083099506,37.5410309891241,노래방
5564,"서울특별시 광진구 뚝섬로 484  (자양동,지층)",25시노래연습장,127.064008262268,37.5362769289674,노래방
5565,"서울특별시 광진구 능동로 376  (중곡동,지하1층)",마돈나,127.0827745228,37.5627007370196,노래방
5566,서울특별시 광진구 면목로 116 (중곡동),한바탕,127.080266560751,37.563838534835,노래방
5567,서울특별시 광진구 자양번영로 29 (자양동),딩동댕노래연습장,127.075186270265,37.5322437692418,노래방
5568,"서울특별시 광진구 자양로 237 (구의동,2층)",탤런트 노래연습장,127.088162228775,37.5479237231993,노래방
5569,"서울특별시 광진구 뚝섬로 743  (구의동,지하1층)",발리,127.091335040148,37.5346401283168,노래방
5570,서울특별시 광진구 면목로 151  (중곡동),로얄노래연습장,127.081600749795,37.5668039690293,노래방
5571,"서울특별시 광진구 뚝섬로 678  (자양동,지하1층)",싱글벙글,127.084765507611,37.5319855424998,노래방
5572,서울특별시 광진구 면목로 17-1 (군자동),패밀리,127.075546207198,37.5559485576197,노래방
5573,서울특별시 광진구 능동로19길 7 (화양동),S.B.S,127.073364979703,37.5469195898615,노래방
5574,서울특별시 광진구 답십리로 388 (중곡동),행복노래연습장,127.08354782056,37.5712339724849,노래방
5575,서울특별시 광진구 동일로22길 105 (화양동),악어떼 노래연습장,127.069868188188,37.5409561046533,노래방
5576,"서울특별시 광진구 자양로18길 60  (구의동,지하1층)",SBS노래연습장,127.086786802287,37.5381136708841,노래방
5577,"서울특별시 광진구 용마산로 46, 지하1층 (중곡동)",세븐스타,127.088102193113,37.5577750072843,노래방
5578,서울특별시 광진구 광나루로 344 (화양동),들국화노래연습장,127.068023950703,37.5480741737221,노래방
5579,"서울특별시 광진구 아차산로49길 11, 지층 (구의동)",스타노래방,127.084462182162,37.5374004128214,노래방
5580,서울특별시 광진구 동일로24길 67 (화양동),탈렌트노래연습장,127.068778210549,37.543061119028,노래방
5581,서울특별시 광진구 뚝섬로 642 (자양동),방방노래연습장,127.080762180981,37.5315136106132,노래방
5582,"서울특별시 광진구 자양로13길 62, 지층 (자양동)",팡팡,127.081205436048,37.5338986164114,노래방
5583,"서울특별시 광진구 용마산로7길 8 (중곡동,지하1층)",미미,127.087179145155,37.5591542177191,노래방
5584,"서울특별시 광진구 긴고랑로 127 (중곡동,지층)",차차차노래연습장,127.089024220919,37.5589915625102,노래방
5585,서울특별시 광진구 동일로18길 78 (자양동),포그니노래방,127.066927133176,37.5386516989483,노래방
5586,서울특별시 광진구 아차산로 360 (자양동),스카이 노래연습장,127.082634313783,37.5364830461728,노래방
5587,서울특별시 광진구 자양로13길 107 (자양동),와와 노래연습장,127.079881487917,37.5322248291032,노래방
5588,"서울특별시 광진구 능동로36길 7 (능동,지하1층)",비,127.079637107368,37.5563705092931,노래방
5589,"서울특별시 광진구 동일로72길 16 (중곡동,지하)",가족노래연습장,127.078368049213,37.5658510135391,노래방
5590,"서울특별시 광진구 구의강변로 35  (구의동,지하1층)",동서울노래방,127.091376264718,37.5339318198672,노래방
5591,서울특별시 광진구 아차산로51길 58 (구의동),띵가띵가 노래연습장,127.085026496154,37.539541144225,노래방
5592,서울특별시 광진구 면목로 37  (군자동),짱,127.07640680589,37.5574119441746,노래방
5593,서울특별시 광진구 자양로18길 56 (구의동),장박사노래연습장,127.086647241261,37.5379721361606,노래방
5594,"서울특별시 광진구 용마산로27길 4 (중곡동,지하1층)",초원 노래연습장,127.085929095292,37.5676390041129,노래방
5595,서울특별시 광진구 아차산로33길 36 (화양동),베스트노래방,127.070659044383,37.5418387038103,노래방
5596,"서울특별시 광진구 천호대로127길 10 (중곡동,지하1층)",스카이,127.089519485525,37.5534998801748,노래방
5597,"서울특별시 광진구 천호대로112길 10 (능동,지층)",팝콘 노래연습장,127.081335533536,37.5557577545413,노래방
5598,"서울특별시 광진구 답십리로 392-1 (중곡동,지층)",무쏘,127.084128166483,37.5711189537851,노래방
5599,"서울특별시 광진구 뚝섬로23길 44 (자양동,지층)",은 노래연습장,127.065825173128,37.5372219805667,노래방
5600,서울특별시 광진구 면목로17길 6 (중곡동),즐거운노래,127.082788533171,37.5705538056395,노래방
5601,서울특별시 광진구 자양번영로6길 68 (자양동),스타노래연습장,127.079164472627,37.5314203575925,노래방
5602,"서울특별시 광진구 아차산로51길 32 (구의동,지하1층)",VIP,127.085174920864,37.5383236061814,노래방
5603,서울특별시 광진구 뚝섬로 634 (자양동),망고 노래연습장,127.0800041848,37.5317467650138,노래방
5604,서울특별시 광진구 능동로19길 10-1 (화양동),골든벨,127.073256375299,37.5471811271222,노래방
5605,"서울특별시 광진구 아차산로 235  (화양동,2층, 3층)",희스토리,127.069530225646,37.5406129331373,노래방
5606,"서울특별시 광진구 아차산로 473 (구의동,지하1층)",탑,127.094283451142,37.5405187287016,노래방
5607,"서울특별시 광진구 능동로 384  (중곡동,지층)",갈채노래연습장,127.083110714341,37.5633428210587,노래방
5608,"서울특별시 광진구 자양번영로 23  (자양동,지하1층)",한강노래연습장,127.075019199396,37.5317132759794,노래방
5609,"서울특별시 광진구 능동로36길 32 (능동,지하1층)",춤추는노래방,127.080805023929,37.5556984727721,노래방
5610,"서울특별시 광진구 용마산로 4 (중곡동,지하1층)",코알라,127.088755555726,37.5540473624408,노래방
5611,"서울특별시 광진구 뚝섬로52나길 2 (자양동,지하1층)",킹,127.079188225403,37.5307726119439,노래방
5612,"서울특별시 광진구 아차산로30길 8, 지층 (자양동)",예림,127.067613370282,37.5404002389743,노래방
5613,서울특별시 광진구 뚝섬로 462 (자양동),세븐클럽,127.06179229115,37.5369155670428,노래방
5614,"서울특별시 광진구 뚝섬로 486 (자양동,지하1층)",핑클,127.06426801833,37.5362496677771,노래방
5615,"서울특별시 광진구 아차산로51길 36 (구의동,지하 1층)",지인,127.085120597592,37.5385116840487,노래방
5616,"서울특별시 광진구 뚝섬로23길 43, 지하1층 (자양동)",SBS노래연습장,127.065791457413,37.5373527344944,노래방
5617,"서울특별시 광진구 면목로 38 (군자동,2층)",만남,127.076766229611,37.5574986572567,노래방
5618,"서울특별시 광진구 아차산로 443  (구의동,지층)",틴틴,127.09165459526,37.5389272901931,노래방
5619,"서울특별시 광진구 동일로18길 37 (자양동,2층)",사과배 노래연습장,127.06499908577,37.5395568393118,노래방
5620,"서울특별시 광진구 광나루로22가길 18 (화양동,지하1층)",쏘렌토노래연습장,127.07592026926,37.5457056806586,노래방
5621,"서울특별시 광진구 뚝섬로 509-1 (자양동,지층)",별들의,127.067043952287,37.5358013183229,노래방
5622,"서울특별시 광진구 능동로 179-1 (화양동,지층)",샹떼 코인,127.073504929363,37.5467739915258,노래방
5623,서울특별시 광진구 광나루로 352 (화양동),파파,127.068799159528,37.548003086303,노래방
5624,"서울특별시 광진구 긴고랑로 31  (중곡동,지상2층)",황금노래연습장,127.08002793085,37.5632779168085,노래방
5625,"서울특별시 광진구 동일로26길 16 (화양동,지하1층)",동해노래연습장,127.066766689332,37.5452498995811,노래방
5626,"서울특별시 광진구 아차산로51길 36-1 (구의동,지층)",뱅뱅 노래연습장,127.085148238872,37.5386404170168,노래방
5627,서울특별시 광진구 면목로 8 (군자동),최고야노래연습장,127.075462037795,37.554970308423,노래방
5628,"서울특별시 광진구 면목로 158 (중곡동, 영조빌딩)",럭셔리,127.082153568196,37.5672125475578,노래방
5629,"서울특별시 광진구 동일로22길 85 (화양동,지하1층)",짱 노래연습장,127.068903630779,37.5412656241917,노래방
5630,"서울특별시 광진구 긴고랑로 59 (중곡동,지하1층)",비투,127.082926753442,37.5621881434807,노래방
5631,서울특별시 광진구 아차산로76가길 16 (광장동),귀빈,127.106953253823,37.5471542426209,노래방
5632,서울특별시 광진구 능동로7길 50 (자양동),스타,127.066411745464,37.537759999792,노래방
5633,"서울특별시 광진구 용마산로 28 (중곡동,지층)",연예인,127.088400160122,37.5562187625259,노래방
5634,서울특별시 광진구 긴고랑로 115 (중곡동),SBS노래연습장,127.087932298738,37.5593024137751,노래방
5635,"서울특별시 광진구 뚝섬로 626 (자양동,지층)",OK,127.079112284718,37.5320329831779,노래방
5636,서울특별시 광진구 아차산로29길 25 (화양동),슈퍼스타코인노래연습장,127.068496887628,37.542049189865,노래방
5637,"서울특별시 광진구 자양로18길 37 (구의동,지층)",타임 노래연습장,127.085559557632,37.537970046018,노래방
5638,"서울특별시 광진구 아차산로33길 24 (화양동,지층)",핑클 노래연습장,127.070425022371,37.541334013539,노래방
5639,"서울특별시 광진구 긴고랑로 91 (중곡동,지층)",아롱이노래연습장,127.085828152787,37.5606556373392,노래방
5640,"서울특별시 광진구 동일로22길 22 (화양동,지층)",아모르파티 노래연습장,127.065551614036,37.5421647478951,노래방
5641,"서울특별시 광진구 동일로20길 116  (자양동,지층)",큐노래연습장,127.06975614997,37.5394789817144,노래방
5642,"서울특별시 광진구 자양로18길 9 (구의동,2층)",월드노래연습장,127.084029537076,37.5376247101008,노래방
5643,"서울특별시 광진구 자양로 293 (구의동,지상2층)",떳다 노래연습장,127.092174272972,37.551967582982,노래방
5644,"서울특별시 광진구 뚝섬로 630 (자양동,지층)",자양노래연습장,127.079396504367,37.5319424220395,노래방
5645,"서울특별시 광진구 능동로 300 (능동,지층)",쎄븐,127.079445590694,37.5564535300615,노래방
5646,서울특별시 광진구 뚝섬로 599 (자양동),짱,127.076551138742,37.5330984828917,노래방
5647,서울특별시 광진구 천호대로129길 5 (중곡동),연일노래연습장,127.089912092716,37.5525738066992,노래방
5648,서울특별시 광진구 자양로 286 (구의동),와와,127.091881506175,37.5512292631568,노래방
5649,서울특별시 광진구 자양로 71 (자양동),팡팡,127.08416611644,37.5342122540991,노래방
5650,"서울특별시 광진구 면목로 165 (중곡동,지하1층)",빙고,127.082256268911,37.5679661588224,노래방
5651,"서울특별시 광진구 천호대로110길 27 (능동,지하1층)",놀자 노래연습장,127.079754599587,37.5559615574095,노래방
5652,"서울특별시 광진구 동일로18길 56 (자양동,지하1층)",S노래연습장,127.0657669542,37.5390838396862,노래방
5653,서울특별시 광진구 용마산로 31 (중곡동),수,127.087931851374,37.5564176019109,노래방
5654,"서울특별시 광진구 면목로 169, 2층 (중곡동)",2002노래연습장,127.082483906516,37.568383971791,노래방
5655,"서울특별시 광진구 아차산로33길 20  (화양동,지하1층)",지지배배,127.07032435279,37.5411310783136,노래방
5656,"서울특별시 광진구 자양로 283 (구의동,지하1층)",올래노래연습장,127.091566065343,37.5511928375771,노래방
5657,"서울특별시 광진구 천호대로 571 (중곡동,(지층))",블루노래연습장,127.081686841221,37.5567057215613,노래방
5658,"서울특별시 광진구 아차산로51길 35, 지층 (구의동)",연예인노래연습장,127.08483113517,37.5385846030381,노래방
5659,"서울특별시 광진구 자양로18길 59 (구의동,(지층))",슈노래연습장,127.08679556141,37.5383492759492,노래방
5660,"서울특별시 광진구 아차산로51길 27 (구의동,(지층))",원.투.쓰리노래연습장,127.084856169486,37.5382104898534,노래방
5661,"서울특별시 광진구 능동로36길 12 (능동,지층)",궁,127.079830804012,37.5561035030897,노래방
5662,"서울특별시 광진구 뚝섬로 499 (자양동,지하1층)",사이버,127.065827941467,37.5361236595816,노래방
5663,"서울특별시 광진구 긴고랑로 12 (중곡동,지하1층)",오디션,127.077547587888,37.5637117798954,노래방
5664,"서울특별시 광진구 능동로 338-1 (중곡동,지하1층)",모이세,127.081141615618,37.5596766845933,노래방
5665,"서울특별시 광진구 자양로18길 6 (구의동,지하1층)",베토벤 노래연습장,127.084007130999,37.5373193770935,노래방
5666,"서울특별시 광진구 능동로 368 (중곡동,2층)",로데오 노래연습장,127.082400052226,37.5620324596772,노래방
5667,"서울특별시 광진구 동일로22길 71, 지하층 (화양동)",영해노래방,127.068206835338,37.5415074065133,노래방
5668,"서울특별시 광진구 면목로 114  (중곡동,지하1층)",즐거운노래방,127.080181686286,37.5636413644505,노래방
5669,"서울특별시 광진구 동일로22길 49 (화양동,지하1층)",안 노래연습장,127.067099540764,37.5419012371097,노래방
5670,"서울특별시 광진구 아차산로51길 39 (구의동,지층)",하하,127.084800821084,37.5387928458995,노래방
5671,"서울특별시 광진구 아차산로51길 33  (구의동,지하1층)",풀잎노래연습장,127.084842882461,37.5384670141018,노래방
5672,"서울특별시 광진구 면목로 164 (중곡동,2층)",용가리노래연습장,127.082427940853,37.5677237613952,노래방
5673,"서울특별시 광진구 뚝섬로 596 (자양동,지하1층)",월드,127.075940379167,37.5329550774725,노래방
5674,서울특별시 광진구 영화사로 62  (중곡동),갈채,127.092888336849,37.5550463630168,노래방
5675,"서울특별시 광진구 영화사로 10 (중곡동,(지층))",청춘 노래연습장,127.088477361799,37.5579558271387,노래방
5676,"서울특별시 광진구 동일로60길 40 (군자동, 영범빌딩)",딩동댕,127.075466376963,37.5578142135208,노래방
5677,"서울특별시 광진구 능동로 315 (중곡동,지하)",스카이노래연습장,127.079606886803,37.5578571749942,노래방
5678,서울특별시 광진구 동일로22길 57 (화양동),쿨 노래연습장,127.067459385253,37.5417960656413,노래방
5679,"서울특별시 광진구 면목로 1  (군자동,지하1층)",자운영,127.07488453817,37.554538107174,노래방
5680,"서울특별시 광진구 뚝섬로 476-5 (자양동,지층)",잊지마노래연습장,127.062856931148,37.5364426106709,노래방
5681,서울특별시 광진구 면목로 136-1 (중곡동),티나 노래연습장,127.081232340376,37.5655767965581,노래방
5682,"서울특별시 광진구 동일로22길 47 (화양동,(지층))",K-1노래연습장,127.066943637148,37.5419247515829,노래방
5683,"서울특별시 광진구 면목로 203 (중곡동,(지층))",필 노래연습장,127.083229831295,37.5712175286905,노래방
5684,"서울특별시 광진구 용마산로 9 (중곡동,지층)",유니버셜,127.088178496125,37.5544318900602,노래방
5685,"서울특별시 광진구 면목로 188 (중곡동,(지층))",떳따 노래연습장,127.083270365641,37.569802847709,노래방
5686,"서울특별시 광진구 능동로36길 24 (능동,(지층))",산소,127.080452095308,37.5558597220073,노래방
5687,"서울특별시 광진구 능동로 326  (중곡동,지층)",뻐꾹,127.080605424704,37.5586767651748,노래방
5688,서울특별시 광진구 아차산로29길 36 (화양동),돌체,127.068937131616,37.542380231195,노래방
5689,"서울특별시 광진구 긴고랑로 99 (중곡동,(4층))",킹노래연습장,127.086470116013,37.5602634155945,노래방
5690,"서울특별시 광진구 능동로 272  (능동,(지층))",노라조 노래연습장,127.07819174674,37.5541982694614,노래방
5691,서울특별시 광진구 뚝섬로56길 47 (자양동),둥근달 노래연습장,127.082848898451,37.5292775920094,노래방
5692,"서울특별시 광진구 영화사로 11-1 (중곡동,지하1층)",르네상스 노래연습장,127.088975658688,37.5581277233008,노래방
5693,"서울특별시 광진구 뚝섬로 472 (자양동,지하1층)",둥지 노래연습장,127.06281092898,37.5366343680318,노래방
5694,"서울특별시 광진구 자양로15길 27, 지하1층 (자양동)",킹 노래연습장,127.082184343093,37.5355602852928,노래방
5695,"서울특별시 광진구 천호대로129길 16 (구의동,(지상2층))",BM노래연습장,127.090674227245,37.5526189044777,노래방
5696,서울특별시 광진구 아차산로34길 5-3 (자양동),펌프노래방,127.06992901323,37.5398117088353,노래방
5697,서울특별시 광진구 구의로 17 (구의동),아하노래방,127.089267911038,37.5394580954855,노래방
5698,"서울특별시 광진구 동일로22길 13 (화양동,지하1층)",코끼리 노래연습장,127.065222308231,37.5425201943402,노래방
5699,서울특별시 광진구 광나루로 404 (화양동),테크노노래연습장,127.07433110762,37.546997372538,노래방
5700,"서울특별시 광진구 아차산로29길 18  (화양동,(지층))",웰빙노래연습장,127.06860643013,37.5416899878511,노래방
5701,"서울특별시 광진구 동일로18길 70 (자양동,(지층))",즐거운,127.066561675272,37.5387902090107,노래방
5702,"서울특별시 광진구 능동로36길 40 (능동,지하1층)",스타 노래연습장,127.081211814908,37.5555310586611,노래방
5703,"서울특별시 광진구 능동로17길 5 (화양동,지하1층)",퍼스트,127.073018997047,37.546055025643,노래방
5704,"서울특별시 광진구 아차산로33길 7, 지하1층 (화양동)",놀자,127.069929398224,37.5407085638025,노래방
5705,"서울특별시 광진구 아차산로51길 50 (구의동,(지층))",하트 노래연습장,127.085047398464,37.539215597929,노래방
5706,"서울특별시 광진구 면목로 191 (중곡동,(지층))",오색무지개,127.083070021274,37.5703222323631,노래방
5707,서울특별시 광진구 능동로11길 8-6 (화양동),두리,127.071176983846,37.5421180630111,노래방
5708,"서울특별시 광진구 동일로22길 70, 지하1층 (화양동)",몽노래연습장,127.067965117897,37.5413560878439,노래방
5709,서울특별시 광진구 동일로22길 69 (화양동),찐 노래연습장,127.068035571859,37.5415613850867,노래방
5710,"서울특별시 광진구 긴고랑로 48 (중곡동,지하1층)",아라,127.081435690098,37.5624111868636,노래방
5711,"서울특별시 광진구 긴고랑로 45  (중곡동,지하1층)",멜론,127.081351249986,37.5628230003912,노래방
5712,서울특별시 광진구 동일로22길 25 (화양동),벅스,127.065811322437,37.5423181337586,노래방
5713,"서울특별시 광진구 천호대로 647, 지하1층 (중곡동)",쿨 노래연습장,127.089558340012,37.5532471208621,노래방
5714,"서울특별시 광진구 뚝섬로30길 2 (자양동,지하1층)",아름다운노래연습장,127.065656951908,37.5358327316198,노래방
5715,"서울특별시 광진구 용마산로 26 (중곡동,지하1층)",팡팡,127.088436846063,37.5560419593906,노래방
5716,"서울특별시 광진구 아차산로 218 (자양동,지하1층)",하트노래연습장,127.067396804898,37.5407827470696,노래방
5717,"서울특별시 광진구 면목로 36 (군자동,지하1층)",조이 노래연습장,127.076636342788,37.5572059175622,노래방
5718,"서울특별시 광진구 면목로 113-1 (중곡동,지층)",우리 노래연습장,127.079976761581,37.5639042339208,노래방
5719,"서울특별시 광진구 동일로18길 42 (자양동,지하1층)",와우,127.065043583752,37.539331204425,노래방
5720,"서울특별시 광진구 면목로 181 (중곡동,2층)",스타 노래연습장,127.082893808964,37.5693311714022,노래방
5721,"서울특별시 광진구 긴고랑로 25 (중곡동,2층)",딸기노래연습장,127.079296570847,37.5635316803178,노래방
5722,"서울특별시 광진구 동일로18길 61, 지하1층 (자양동)",쏭 노래연습장,127.066262710527,37.5391429384474,노래방
5723,서울특별시 광진구 용마산로 50 (중곡동),꿈 노래연습장,127.088050830536,37.5580803033791,노래방
5724,"서울특별시 광진구 아차산로33길 21  (화양동,지하1층)",더소울(The soul),127.070190204227,37.5413044203583,노래방
5725,서울특별시 광진구 동일로30길 52 (화양동),파라오,127.070183245867,37.5474005848572,노래방
5726,"서울특별시 광진구 천호대로 527 (중곡동,지하)",S.B.S노래연습장,127.077315045243,37.5583973140118,노래방
5727,"서울특별시 광진구 긴고랑로 50  (중곡동,2층)",용궁노래연습장,127.081663665128,37.5623283179321,노래방
5728,서울특별시 광진구 능동로13길 50  (화양동),너랑나랑,127.069915484385,37.5441054301271,노래방
5729,"서울특별시 광진구 자양번영로 34 (자양동,(지층))",제이 원,127.075820421522,37.5327019732956,노래방
5730,"서울특별시 광진구 자양로18길 45  (구의동,(지층))",춤추는,127.086065504275,37.5381266325731,노래방
5731,"서울특별시 광진구 자양로18길 65 (구의동,(지층))",쑝쑝노래연습장,127.087131522825,37.538372094143,노래방
5732,"서울특별시 광진구 아차산로33길 23 (화양동,지하1층)",쟁반노래연습장,127.070232599521,37.5413859356175,노래방
5733,"서울특별시 광진구 면목로 120 (중곡동,지하1층)",캔디 노래연습장,127.080499547929,37.5640957006959,노래방
5734,"서울특별시 광진구 군자로 180  (군자동,지하1층)",진짜노래연습장,127.078166018297,37.5565451145267,노래방
5735,"서울특별시 광진구 아차산로29길 16 (화양동,지하1층)",인싸노인코래방코인노래연습장,127.068527362452,37.5415947080048,노래방
5736,"서울특별시 광진구 자양로13길 16 (자양동,지하1층)",노래짱,127.08302221796,37.5355023955955,노래방
5737,"서울특별시 광진구 자양로13길 88-1 (자양동,(지층))",썬,127.080181002823,37.5330001176132,노래방
5738,"서울특별시 광진구 동일로22길 26, 태영빌딩 (화양동)",네박자,127.065671409771,37.5421264789542,노래방
5739,"서울특별시 광진구 아차산로57길 4  (구의동,(지층))",돌핀,127.088325964529,37.5387078203852,노래방
5740,"서울특별시 광진구 동일로18길 28 (자양동,(지층))",OK,127.064343397081,37.5395703529954,노래방
5741,서울특별시 광진구 능동로 298 (능동),킹,127.079304808205,37.5562465755289,노래방
5742,"서울특별시 광진구 용마산로 16 (중곡동,2층)",산,127.088619127555,37.5550506355341,노래방
5743,서울특별시 광진구 아차산로25길 7 (화양동),짝 노래연습장,127.066570736939,37.5418556755251,노래방
5744,"서울특별시 광진구 군자로 145 (군자동,2층)",양지,127.075322758666,37.554556659282,노래방
5745,"서울특별시 광진구 아차산로 224 (자양동,지층)",악쓰는하마 코인노래연습장,127.068080611331,37.5405711604806,노래방
5746,"서울특별시 광진구 능동로36길 13 (능동,지하1층)",쉬리 노래연습장,127.079932599626,37.5562580453573,노래방
5747,"서울특별시 광진구 아차산로55길 20 (구의동,지하1층)",콘서트,127.086638283045,37.5382485695422,노래방
5748,서울특별시 광진구 뚝섬로27길 54 (자양동),낭낭 노래연습장,127.066618622705,37.5380652322258,노래방
5749,"서울특별시 광진구 뚝섬로 493 (자양동,지층)",샤크라,127.065208385049,37.5362775337859,노래방
5750,"서울특별시 광진구 자양로18길 91 (구의동,지층)",파티파티,127.088552467385,37.5387870288479,노래방
5751,"서울특별시 광진구 자양로18길 63, 지층 (구의동)",영심이 노래연습장,127.086951602426,37.5383584414576,노래방
5752,서울특별시 광진구 동일로22길 82 (화양동),빵빵 노래연습장,127.068661170391,37.5411685475544,노래방
5753,"서울특별시 광진구 뚝섬로 741 (구의동,지하1층)",팡팡,127.091241139559,37.5344602710937,노래방
5754,"서울특별시 광진구 동일로22길 96 (화양동,지층)",대~한민국,127.069367021329,37.540935406818,노래방
5755,"서울특별시 광진구 동일로20길 72 (자양동,지층)",스카이(SKY),127.067455026988,37.5402240038692,노래방
5756,"서울특별시 광진구 능동로 109, 지하1층 (화양동)",락휴코인노래연습장 건대입구역점,127.070780906837,37.5408778949327,노래방
5757,서울특별시 광진구 아차산로29길 15 (화양동),춤추는 돌고래 노래연습장,127.06828785536,37.5416347610324,노래방
5758,"서울특별시 광진구 아차산로29길 29, 지하1층 (화양동)",리코스타코인노래연습장 건대점,127.068554802458,37.5421514197024,노래방
5759,"서울특별시 광진구 구의강변로 48 (구의동,(지층))",럭셔리,127.092123886882,37.5351175864448,노래방
5760,"서울특별시 광진구 동일로22길 63, 지하1층 (화양동)",썸 노래연습장,127.06776850926,37.5416609189072,노래방
5761,"서울특별시 광진구 동일로22길 100, B1층 (화양동)",악쓰는 하마 노래연습장,127.069502963331,37.5408643281089,노래방
5762,"서울특별시 광진구 자양로15길 34, 지하1층 (자양동)",아리아노래연습장,127.081764556489,37.5356409459254,노래방
5763,서울특별시 광진구 뚝섬로23길 51 (자양동),상하이,127.066172234237,37.537398652955,노래방
5764,"서울특별시 광진구 뚝섬로 628 (자양동, 지층)",드라마,127.079237145834,37.5319921742236,노래방
5765,"서울특별시 광진구 동일로18길 44 (자양동, 지하)",홍콩노래연습장,127.065167442616,37.539286086141,노래방
5766,"서울특별시 광진구 자양로43길 42, 지하층 (구의동)",히트 노래연습장,127.090448142743,37.5525478089539,노래방
5767,서울특별시 광진구 뚝섬로52길 19 (자양동),우리,127.079332202659,37.5310506543784,노래방
5768,"서울특별시 광진구 동일로18길 65 (자양동, 지하)",차이나,127.066418016212,37.5390894219011,노래방
5769,"서울특별시 광진구 군자로 50 (화양동, 지층)",스피드,127.070614554909,37.5475754818592,노래방
5770,"서울특별시 광진구 천호대로 667 (구의동, 지하)",락 노래연습장,127.090238922614,37.5515395722126,노래방
5771,"서울특별시 광진구 군자로 186 (군자동, 지층)",히트,127.078560945637,37.557033283008,노래방
5772,"서울특별시 광진구 아차산로29길 12, 지하층 (화양동)",악쓰는 하마,127.068441103959,37.5414311365009,노래방
5773,서울특별시 광진구 아차산로30길 15 (자양동),휴 노래연습장,127.067644815652,37.5400128811458,노래방
5774,"서울특별시 광진구 군자로 49, 지하1층 (화양동)",짱 노래연습장,127.070204197523,37.5477805235422,노래방
5775,서울특별시 광진구 동일로22길 104 (화양동),악쓰는 하마,127.069803274848,37.5407515260094,노래방
5776,"서울특별시 광진구 동일로22길 50, 지하1층 (화양동)",W노래연습장,127.066970597831,37.5417056132002,노래방
5777,"서울특별시 광진구 능동로36길 18 (능동, 진주빌딩)",락휴 노래연습장,127.080074143457,37.5559056594974,노래방
5778,"서울특별시 광진구 천호대로 673 (구의동, 신제빌딩)",바람개비,127.090498344676,37.5511066243349,노래방
5779,서울특별시 광진구 동일로20길 78 (자양동),휴 노래연습장,127.067705695062,37.5401432209325,노래방
5780,"서울특별시 광진구 광나루로 388, 지층 (화양동)",락휴 코인 노래연습장 세종대점,127.072775695441,37.5474420832764,노래방
5781,"서울특별시 광진구 구의강변로 85-1, 지층 (구의동)",핑크 노래연습장,127.093600528983,37.5383909303027,노래방
5782,"서울특별시 광진구 자양로18길 68, 지하1층 (구의동)",별 노래연습장,127.087273244714,37.5382304423914,노래방
5783,"서울특별시 광진구 동일로18길 68 (자양동, 줄라이뮤직아카데미)",신동두,127.066422037167,37.5387752409345,노래방
5784,"서울특별시 광진구 아차산로29길 19, 지하1층 (화양동)",놀러와,127.068377090199,37.541836082801,노래방
5785,"서울특별시 광진구 능동로 107, 지층 (화양동)",악쓰는 하마 코인 노래연습장,127.070736495822,37.5406991632015,노래방
5786,"서울특별시 광진구 아차산로 370, 지하1층 (자양동)",빈티지 코인 노래연습장,127.084052089481,37.5364473570775,노래방
5787,"서울특별시 광진구 능동로36길 25, 4층 (능동)",애플,127.080569188225,37.5560308316584,노래방
5788,"서울특별시 광진구 광나루로 394, 지하1층 (화양동)",크레이지 더 코인,127.073422768994,37.5472293173073,노래방
5789,"서울특별시 광진구 아차산로33길 63, 지하1층 (화양동)",하비코인노래연습장,127.070973144286,37.5430195455351,노래방
5790,"서울특별시 광진구 능동로13길 5, 지하1층 (화양동)",락휴코인노래연습장 건대중문점,127.071307159853,37.5424080162085,노래방
5791,"서울특별시 광진구 강변역로4길 10 (구의동, 강변역지너스타워)",나루 코인노래연습장,127.093405063055,37.5353492183772,노래방
5792,"서울특별시 광진구 동일로22길 115, 3층 (화양동)",엔젤 코인노래연습장,127.070462165241,37.5407636585904,노래방
5793,서울특별시 광진구 능동로19길 17 (화양동),리코스타 코인노래연습장,127.072784329147,37.5470109500703,노래방
5794,"서울특별시 광진구 아차산로29길 28, 지하1층 (화양동)",BJ stage 코인노래연습장,127.068809693589,37.5421045095767,노래방
5795,"서울특별시 광진구 면목로 172, 2층 (중곡동)",락 코인 노래연습장,127.082839887989,37.5684769755662,노래방
5796,"서울특별시 광진구 동일로18길 51, 지하1층 (자양동, 옥동빌딩)",짱 노래연습장,127.065686390762,37.539339948719,노래방
5797,"서울특별시 광진구 아차산로 463, 2층 (구의동)",강변코인 노래연습장,127.093415398066,37.5400062091711,노래방
5798,"서울특별시 광진구 능동로36길 29, 지하1층 B01호 (능동)",썸 노래연습장,127.080787354388,37.5559995981781,노래방
5799,"서울특별시 광진구 광나루로24길 8, 건국빌딩 지하1층 (화양동)",리코스타코인노래연습장 건대후문점,127.076149360901,37.5458745605407,노래방
5800,"서울특별시 광진구 아차산로 481, 지하1층 (구의동)",렛츠코인노래연습장,127.09495568783,37.5409712126509,노래방
5801,"서울특별시 광진구 능동로35길 41, 지하층 (군자동)",Sing 노래연습장,127.076735138254,37.5573092878693,노래방
5802,"서울특별시 광진구 자양로 112, 201호 (구의동)",세븐스타 코인노래연습장 구의역점,127.083667631804,37.5376694764699,노래방
5803,"서울특별시 동대문구 전농로2길 3, 2층 (답십리동)",종달새,127.057001668155,37.5668661614423,노래방
5804,"서울특별시 동대문구 전농로 96-1, 지하1층 (답십리동)",JH브라보 노래연습장,127.057803133254,37.5735551210259,노래방
5805,"서울특별시 동대문구 왕산로 16, 지하1층 (신설동)",도깨비코인노래연습장,127.025465004529,37.5760055183618,노래방
5806,"서울특별시 동대문구 천호대로 305, 3층 (답십리동)",퀸덤코인노래연습장,127.054536940859,37.5659324524229,노래방
5807,"서울특별시 동대문구 회기로 145, 지하1층 (회기동)",99 KTV 노래연습장,127.052774749082,37.5916680738555,노래방
5808,"서울특별시 동대문구 전농로 217-3, 지하1층 (전농동)",세븐스타코인(서울시립대점),127.053070513757,37.5835529709752,노래방
5809,"서울특별시 동대문구 답십리로 237, 지하층 (장안동)",와와 노래연습장,127.066787665355,37.5729391451261,노래방
5810,"서울특별시 동대문구 경희대로1길 11, 지하1층 (회기동)",큐,127.051476114964,37.5916387344182,노래방
5811,"서울특별시 동대문구 천호대로 74, 지하1층 (용두동)",VIP,127.031592256225,37.5737364143139,노래방
5812,"서울특별시 동대문구 답십리로 168, 지하1층 (답십리동)",팝콘 노래연습장,127.058680995709,37.5726776595702,노래방
5813,"서울특별시 동대문구 고산자로30길 28, 지하1층 (용두동)",스타,127.039861327268,37.5757900716642,노래방
5814,"서울특별시 동대문구 장한로 116, 지상3층 (장안동)",민,127.071061465051,37.5707327261364,노래방
5815,서울특별시 동대문구 전농로 211 (전농동),오즈,127.053541589111,37.5830564911453,노래방
5816,"서울특별시 동대문구 휘경로 32, 지하1층 (휘경동)",소나타,127.063392818993,37.5948541614064,노래방
5817,서울특별시 동대문구 서울시립대로 36 (전농동),크리스탈,127.046901294623,37.5745726736618,노래방
5818,"서울특별시 동대문구 답십리로 305, 지하1층 (장안동)",수,127.074433539605,37.5723906413801,노래방
5819,"서울특별시 동대문구 천호대로85길 17, 지하1층 (장안동)",돈,127.066204031365,37.5628630095551,노래방
5820,"서울특별시 동대문구 답십리로63길 131, 지상2층 (장안동)",강남,127.069336090359,37.5785099656673,노래방
5821,"서울특별시 동대문구 왕산로2길 22, 지상2층 (신설동)",무지개투,127.025422980299,37.5752649099128,노래방
5822,"서울특별시 동대문구 고산자로28길 39, 지하1층 (용두동)",솔로몬,127.04048067638,37.5749707667743,노래방
5823,서울특별시 동대문구 제기로 126 (청량리동),아모르,127.047045012022,37.5865488953579,노래방
5824,"서울특별시 동대문구 왕산로2길 18, 지하1층 (신설동)",앵콜,127.025168985802,37.5753653351353,노래방
5825,"서울특별시 동대문구 회기로 143, 3층 (회기동)",질러질러,127.052469763717,37.5917411901774,노래방
5826,서울특별시 동대문구 장한로2길 7 (장안동),영노래연습장,127.066005079294,37.5623797363841,노래방
5827,서울특별시 동대문구 회기로 160 (회기동),짱,127.0536445706,37.590725334129,노래방
5828,"서울특별시 동대문구 장한로 65, 2층 (장안동)",별밤,127.067909278328,37.5668623733538,노래방
5829,서울특별시 동대문구 경희대로 5-1 (회기동),라이트 코인노래연습장,127.052186076042,37.5921548712567,노래방
5830,"서울특별시 동대문구 장한로2길 41, 2층 (장안동)",뉴쟁반2,127.067569528171,37.5620281835846,노래방
5831,"서울특별시 동대문구 사가정로25길 66, 지하1층 (장안동)",힐링,127.071246436166,37.5816724873141,노래방
5832,"서울특별시 동대문구 장한로2길 24, 지하1층 (장안동)",따봉,127.066511623538,37.5619229172028,노래방
5833,"서울특별시 동대문구 전농로 146, 지하1층 (전농동)",소리모아,127.057782109981,37.5781383096603,노래방
5834,서울특별시 동대문구 천호대로 69 (용두동),연승,127.031216138751,37.574126284711,노래방
5835,"서울특별시 동대문구 한천로10길 32, 지하1층 (장안동)",무지개,127.063010979018,37.5662192554916,노래방
5836,"서울특별시 동대문구 신이문로 33, 지하1층 (이문동)",콘서트,127.065864876421,37.6031526451979,노래방
5837,"서울특별시 동대문구 답십리로 145-1, 지하1층 (답십리동)",킹,127.05632402826,37.5730721819771,노래방
5838,"서울특별시 동대문구 신이문로 40, 지하1층 (이문동)",팡팡,127.066498799945,37.602869919385,노래방
5839,"서울특별시 동대문구 장한로24길 46, 지하2층 (장안동)",KBS,127.073278284,37.5699029959844,노래방
5840,"서울특별시 동대문구 답십리로 233, 지하1층 (답십리동)",터보2,127.066082002731,37.5729673829785,노래방
5841,"서울특별시 동대문구 한천로 59, 지하1층 (답십리동)",양지,127.062183372272,37.5672155649375,노래방
5842,"서울특별시 동대문구 답십리로 251, 지상2층 (장안동)",소리꾼,127.068440714439,37.5728071036108,노래방
5843,"서울특별시 동대문구 제기로38길 4, 2층 (청량리동)",거북이 노래연습장,127.050329044745,37.5856505123095,노래방
5844,"서울특별시 동대문구 무학로 112, 지상3층 (용두동)",고향산천,127.030889482614,37.5742321474187,노래방
5845,"서울특별시 동대문구 홍릉로 51-1, 지하1층 (청량리동)",만남,127.043455757113,37.5848973096453,노래방
5846,"서울특별시 동대문구 답십리로 318, 지하1층 (장안동)",딩동댕,127.07557816414,37.5718995927236,노래방
5847,"서울특별시 동대문구 천호대로 126, 지하1층 (용두동, 대원빌딩)",즐거운,127.037492128016,37.5738576738021,노래방
5848,"서울특별시 동대문구 전농로29길 97, 지하1층 (전농동)",소풍,127.056458452925,37.5786945030542,노래방
5849,"서울특별시 동대문구 휘경로 29-5, 지하1층 (이문동)",둥근달,127.063341295731,37.5953858641122,노래방
5850,"서울특별시 동대문구 홍릉로 28, 지하1층 (청량리동, 성일빌딩)",서울,127.044683044631,37.5828224947419,노래방
5851,"서울특별시 동대문구 회기로13길 9, 지하1층 (회기동)",조아라,127.050794237117,37.5919453671031,노래방
5852,"서울특별시 동대문구 사가정로 233, 지하1층 (장안동)",불씨,127.07096352308,37.5790549107664,노래방
5853,서울특별시 동대문구 회기로 193 (휘경동),소리골,127.057441553909,37.5901851144732,노래방
5854,"서울특별시 동대문구 제기로6길 4, 지하1층 (제기동)",윤,127.034361563438,37.5862069273241,노래방
5855,"서울특별시 동대문구 서울시립대로 45, 지상2층 (전농동)",궁전,127.046883524896,37.5754803426518,노래방
5856,서울특별시 동대문구 답십리로66길 105 (장안동),파티파티,127.065934633451,37.5682355288333,노래방
5857,"서울특별시 동대문구 신이문로28길 4, 지하1층 (이문동)",따봉,127.066838755709,37.6027364708916,노래방
5858,서울특별시 동대문구 서울시립대로 160 (전농동),골든싱어 코인,127.05454674953,37.5834168787586,노래방
5859,"서울특별시 동대문구 한천로 196, 지하1층 (장안동)",샤방샤방 노래연습장,127.068366653594,37.5778529856705,노래방
5860,"서울특별시 동대문구 천호대로 13, 지하1층 (신설동)",마돈나,127.025105231447,37.5749662081003,노래방
5861,서울특별시 동대문구 왕산로43길 10 (청량리동),와,127.04862701447,37.5835492989337,노래방
5862,"서울특별시 동대문구 장한로 173, 지하1층 (장안동)",소리샘,127.071728749046,37.5759163759547,노래방
5863,"서울특별시 동대문구 천호대로 7-6, 2층 (신설동)",궁전,127.024722931067,37.5752655991935,노래방
5864,"서울특별시 동대문구 장한로21길 9, 지하1층 (장안동)",라라,127.06947124402,37.5699615197474,노래방
5865,서울특별시 동대문구 무학로 102 (용두동),라이브,127.030936971094,37.5732751883951,노래방
5866,서울특별시 동대문구 답십리로30길 54 (전농동),골드,127.047374810578,37.5731285504009,노래방
5867,"서울특별시 동대문구 답십리로 159-11, 지하1층 (답십리동)",열창,127.057901213525,37.5734714606475,노래방
5868,"서울특별시 동대문구 왕산로2길 19, 지하1층 (신설동)",블루,127.025433699093,37.5754933097282,노래방
5869,서울특별시 동대문구 한천로14길 70 (장안동),킹 노래연습장,127.06644401534,37.5663407196399,노래방
5870,"서울특별시 동대문구 망우로21길 52, 지하1층 (휘경동)",친구,127.059877891806,37.5903959972497,노래방
5871,"서울특별시 동대문구 이문로 100, 지하1층 (이문동)",리코스타코인노래연습장(외대2호점),127.059962082851,37.5956972999549,노래방
5872,서울특별시 동대문구 홍릉로 28 (청량리동),한양,127.044683044631,37.5828224947419,노래방
5873,"서울특별시 동대문구 왕산로16길 9, 지하1층 (용두동)",사구금,127.031348052175,37.5774468649801,노래방
5874,"서울특별시 동대문구 사가정로2길 139, 지하1층 (답십리동)",차차차,127.056374337257,37.5672789385188,노래방
5875,"서울특별시 동대문구 천호대로 265, 지하1층 (답십리동)",하와이,127.051368142068,37.5683074569306,노래방
5876,"서울특별시 동대문구 사가정로13길 3, 2층 (전농동)",WOW 코인노래연습장,127.057938659665,37.5781169694689,노래방
5877,"서울특별시 동대문구 안암로22길 9, 지하1층 (제기동)",Name-ez 코인노래연습장,127.035363831632,37.5882178273015,노래방
5878,"서울특별시 동대문구 전농로 70, 지하1층 (답십리동)",빵빵,127.057516283366,37.571053828854,노래방
5879,"서울특별시 동대문구 사가정로 229, 5층 (장안동)",장안락코인노래연습장,127.070553264702,37.5789468572164,노래방
5880,"서울특별시 동대문구 답십리로72길 28, 2층 (장안동)",세븐스타코인(장안점),127.073815892236,37.5709800710744,노래방
5881,"서울특별시 동대문구 장한로26길 24, 지하1층 (장안동)",쿨노래연습장,127.072950880405,37.5714836342971,노래방
5882,"서울특별시 동대문구 서울시립대로 147, 4층 (전농동, 우성빌딩)",K.POP코인노래연습장,127.05314807526,37.5832465983676,노래방
5883,"서울특별시 동대문구 한천로 86, 지하1층 (장안동)",소리바다,127.064148625984,37.5690973238702,노래방
5884,"서울특별시 동대문구 회기로 194, 3층 (휘경동)",더(the)코인 노래연습장,127.057355809021,37.5898471939807,노래방
5885,"서울특별시 동대문구 이문로 118, 지하1층 (이문동)",리코스타 코인노래연습장,127.060918834447,37.5971294761998,노래방
5886,"서울특별시 동대문구 왕산로 175-1, 지상3층 (제기동)",밀레니엄,127.042658968115,37.5796079576696,노래방
5887,"서울특별시 동대문구 한천로 89, 지하1층 (답십리동)",통나무,127.063984681811,37.569580706757,노래방
5888,"서울특별시 동대문구 경희대로1길 8-6, 지하1층 (회기동)",락 코인노래연습장,127.051923309488,37.5918832479684,노래방
5889,"서울특별시 동대문구 왕산로 112-1, 2층 (용두동)",킹,127.035764275811,37.5779882784407,노래방
5890,"서울특별시 동대문구 제기로 132, 4층 (청량리동)",MBC,127.047798338573,37.5863059553443,노래방
5891,"서울특별시 동대문구 한천로 142, 지하1층 (장안동)",짱!,127.067020330316,37.5734883497786,노래방
5892,"서울특별시 동대문구 왕산로2길 34, 지하1층 (신설동)",우리,127.026011513271,37.574907267038,노래방
5893,"서울특별시 동대문구 천호대로81길 32, 지하1층 (장안동)",만남,127.064565399575,37.5637127456497,노래방
5894,서울특별시 동대문구 외대역동로 19 (휘경동),YTN,127.067369937252,37.5911257267864,노래방
5895,"서울특별시 동대문구 장한로 199, 지상2층 (장안동)",오케바리,127.07189534616,37.5782300275956,노래방
5896,"서울특별시 동대문구 답십리로 151, 지하1층 (답십리동)",스타,127.056912682497,37.5730908205504,노래방
5897,"서울특별시 동대문구 전농로 99, 지하1층 (답십리동)",짱,127.05726659937,37.5738999228993,노래방
5898,"서울특별시 동대문구 한천로18길 15, 지하1층 (장안동)",렛츠고 노래연습장,127.064926108314,37.568912555189,노래방
5899,"서울특별시 동대문구 천호대로85길 32, 지상2층 (장안동)",파티파티,127.066903609359,37.5633516759971,노래방
5900,"서울특별시 동대문구 한천로33길 56, 지하1층 (장안동)",썬,127.067683835011,37.5779054566004,노래방
5901,"서울특별시 동대문구 전농로 91, 지하1층 (답십리동)",웰빙,127.057022081587,37.5733020510431,노래방
5902,"서울특별시 동대문구 전농로16길 9, 지상2층 (전농동)",팡팡,127.057936659679,37.578457906592,노래방
5903,"서울특별시 동대문구 정릉천동로 90, 지하1층 (제기동)",현대,127.035616821712,37.5804808327149,노래방
5904,"서울특별시 동대문구 왕산로 211-1, 4층 (청량리동)",아바,127.046064503977,37.5811892733984,노래방
5905,"서울특별시 동대문구 신이문로 38, 지하1층 (이문동)",환성,127.066218619149,37.6028560214719,노래방
5906,"서울특별시 동대문구 휘경로 7-1, 지하1층 (이문동)",뉴쟁반,127.06116031488,37.5962347571491,노래방
5907,"서울특별시 동대문구 황물로 179, 지상2층 (답십리동)",신선,127.057483867215,37.5649604113576,노래방
5908,"서울특별시 동대문구 한빛로 52, 지하1층 (용두동)",앵콜,127.02829441539,37.5786414536449,노래방
5909,"서울특별시 동대문구 사가정로25길 23, 지하1층 (장안동)",그린,127.070387250878,37.5799765219309,노래방
5910,"서울특별시 동대문구 회기로 188, 지하1층 (휘경동, 두리빌딩)",락소,127.056819285026,37.5897656433708,노래방
5911,"서울특별시 동대문구 홍릉로 22-1, 2,3층 (청량리동)",체리,127.044766764847,37.5823462879978,노래방
5912,"서울특별시 동대문구 장한로27길 21, 지하1층 (장안동)",한돌림,127.070522429597,37.5730201349612,노래방
5913,서울특별시 동대문구 무학로 116 (용두동),쉬리,127.03087486972,37.5744824475741,노래방
5914,"서울특별시 동대문구 회기로 122, 지하1층 (회기동)",가수,127.050033494696,37.5913293233884,노래방
5915,"서울특별시 동대문구 장한로 120, 지상3층 (장안동)",옥산,127.071267102333,37.5710464187721,노래방
5916,"서울특별시 동대문구 사가정로 231, 지하1층 (장안동)",열린,127.070682108957,37.578960114849,노래방
5917,"서울특별시 동대문구 장한로5길 37, 지하1층 (장안동)",25시,127.064361980854,37.5648691951705,노래방
5918,"서울특별시 동대문구 한천로24길 74-1, 지상3층 (장안동)",미소,127.068801079207,37.5688010698052,노래방
5919,"서울특별시 동대문구 회기로13길 10, 지하1층 (회기동)",청하2,127.051057380967,37.5919462446599,노래방
5920,"서울특별시 동대문구 경희대로 6-1, 지하1층 (회기동)",딩가,127.052604912122,37.5921581992014,노래방
5921,"서울특별시 동대문구 고미술로 16, 지하1층 (답십리동)",씨티,127.050338098806,37.5695015394499,노래방
5922,"서울특별시 동대문구 회기로 192, 지하1층 (휘경동)",한우리,127.057196487895,37.5898302425368,노래방
5923,"서울특별시 동대문구 답십리로 275, 지하1층층 (장안동)",VIP,127.071027166354,37.5726397026552,노래방
5924,"서울특별시 동대문구 장한로2길 19, 지하1층 (장안동)",앵콜,127.066250485183,37.5621504755369,노래방
5925,"서울특별시 동대문구 망우로 78, 지하1층 (휘경동)",KBS,127.062022206819,37.5897577082906,노래방
5926,서울특별시 동대문구 천호대로83길 46 (장안동),펑키,127.065639525396,37.5640908420588,노래방
5927,"서울특별시 동대문구 고산자로 410, 지하1층 (용두동)",신강동,127.038769042278,37.5762685931865,노래방
5928,"서울특별시 동대문구 서울시립대로 55, 2층 (전농동)",딩동댕,127.047550401605,37.5763609781769,노래방
5929,서울특별시 동대문구 홍릉로 64-2 (청량리동),보고파,127.043497200078,37.586073720918,노래방
5930,"서울특별시 동대문구 사가정로 226, 지하1층 (장안동)",벤처,127.070007470242,37.57856876472,노래방
5931,서울특별시 동대문구 천호대로 9 (신설동),신바람,127.024798274831,37.5751158380876,노래방
5932,"서울특별시 동대문구 천호대로 7-10, 지상2층 (신설동)",신세대,127.02487172271,37.5753932388711,노래방
5933,서울특별시 동대문구 전농로 217 (전농동),궁전,127.053238266914,37.5835069447802,노래방
5934,"서울특별시 동대문구 왕산로26길 23, 지하1층 (용두동)",가족,127.036558615077,37.5769854087377,노래방
5935,서울특별시 동대문구 전농로14길 14 (전농동),화이팅,127.058222525553,37.5761512208429,노래방
5936,서울특별시 동대문구 전농로 130 (전농동),딩동댕 노래연습장,127.057926520861,37.5764764452173,노래방
5937,"서울특별시 동대문구 장한로2길 41, 지상2층 (장안동)",NEW쟁반,127.067569528171,37.5620281835846,노래방
5938,서울특별시 동대문구 전농로 83 (답십리동),팝콘 노래연습장,127.057122265633,37.5724150632641,노래방
5939,"서울특별시 동대문구 답십리로67길 2, 지하1층 (장안동)",쉘브르 노래연습장,127.069832410327,37.5727072692518,노래방
5940,"서울특별시 동대문구 장한로 76, 지하1층 (장안동)",퀸,127.068989164005,37.5675273127626,노래방
5941,"서울특별시 동대문구 장한로 54, 지하1층 (장안동)",마돈나,127.067843772033,37.5657733773696,노래방
5942,"서울특별시 동대문구 사가정로 214, 지상1층 (장안동)",세븐,127.068757353353,37.5784920139968,노래방
5943,"서울특별시 동대문구 안암로22길 2, 지층 (제기동)",GF노래연습장,127.034916707858,37.5882042653254,노래방
5944,"서울특별시 동대문구 경희대로 12-1, 2-3층 (회기동)",세븐스타코인노래연습장(경희대점),127.052713194758,37.5926905469995,노래방
5945,"서울특별시 동대문구 휘경로 23, 지하1층 (이문동)",노래야노래야코인노래연습장,127.062610736569,37.5955512254331,노래방
5946,"서울특별시 동대문구 왕산로 209, 2층 (청량리동)",비트앤코인노래연습장,127.045866593178,37.580979148645,노래방
5947,서울특별시 동대문구 홍릉로 23 (청량리동),차차차,127.044175666746,37.5825251776862,노래방
5948,서울특별시 동대문구 홍릉로 6 (청량리동),로타리,127.045177438825,37.5809245438911,노래방
5949,서울특별시 동대문구 회기로8길 36 (청량리동),홍능,127.041078720146,37.5906173016916,노래방
5950,"서울특별시 동대문구 회기로8길 36, 지하1층 (청량리동)",홍릉,127.041078720146,37.5906173016916,노래방
5951,"서울특별시 동대문구 한천로 45, 지하1층 (답십리동)",필,127.061271930579,37.566215755962,노래방
5952,"서울특별시 동대문구 전농로 86, 지상2층 (답십리동)",라이브노래연습장,127.057700712074,37.572561103532,노래방
5953,서울특별시 동대문구 천호대로85길 10 (장안동),OK,127.066264977371,37.5625391572655,노래방
5954,"서울특별시 동대문구 전농로 12, 지하1층 (답십리동)",하오,127.056011646763,37.5660351963217,노래방
5955,"서울특별시 동대문구 장한로 165, 지하1층 (장안동)",아지트,127.071666424993,37.5751432705208,노래방
5956,"서울특별시 동대문구 경희대로 8-1, 지하1층 (회기동)",스위트,127.052645112433,37.5923246845844,노래방
5957,"서울특별시 동대문구 회기로13길 6, 지상2층 (회기동)",청하,127.051067302674,37.5917184695937,노래방
5958,"서울특별시 동대문구 답십리로 276, 지하1층 (장안동)",코요테,127.070783003428,37.5721698002783,노래방
5959,"서울특별시 동대문구 전농로 70-1, 지하1층 (답십리동)",가고파,127.057530662678,37.5712052791286,노래방
5960,"서울특별시 동대문구 전농로 227, 지하1층 (전농동)",팝콘,127.052770713267,37.5841876748907,노래방
5961,"서울특별시 동대문구 장한로13길 11-6, 지하1층 (장안동)",명,127.066909026474,37.5664978609856,노래방
5962,서울특별시 동대문구 경희대로 3 (회기동),리코스타 코인노래연습장,127.052126009364,37.5919131616584,노래방
5963,"서울특별시 동대문구 장한로 194, 지하1층 (장안동)",가족,127.072440488991,37.577694503881,노래방
5964,"서울특별시 동대문구 이문로 108, 지하1층 (이문동)",외대락코인노래연습장,127.060295043987,37.596183215149,노래방
5965,"서울특별시 동대문구 이문로 93, 지하2층 (이문동, 민족통일MJ캠퍼스외대)",고래고래코인노래연습장,127.05923135853,37.5953818714405,노래방
5966,"서울특별시 중랑구 망우로 290-2, 2층 (상봉동)",노래야노래야 코인노래연습장 상봉점,127.084970198173,37.5959854896925,노래방
5967,"서울특별시 중랑구 망우로50길 15, 2층 (상봉동)",지니노래연습장,127.089173653509,37.5964239644782,노래방
5968,"서울특별시 중랑구 용마산로 519, 지층 (망우동)",옥소리노래연습장,127.100050404812,37.5973017306175,노래방
5969,"서울특별시 중랑구 동일로109길 21, 진성종합건설 지층 (면목동)",로또노래연습장,127.078835640938,37.5918426627524,노래방
5970,"서울특별시 중랑구 중랑천로10길 57, 지1층 (상봉동)",엣지노래연습장,127.076178070389,37.5924115822098,노래방
5971,"서울특별시 중랑구 면목로74길 16, 지하층 (면목동)",K-POP코인노래연습장,127.088238962743,37.5890964512964,노래방
5972,"서울특별시 중랑구 망우로 214, 우도빌딩 지하1층 (상봉동)",판타스틱코인노래연습장 중랑역점,127.076630319913,37.5937481809153,노래방
5973,"서울특별시 중랑구 봉화산로 39, gs25시 지1층 (중화동)",더코인노래연습장,127.078635147658,37.6017746916569,노래방
5974,서울특별시 중랑구 면목로48길 8 (면목동),연예인노래연습장,127.089118582261,37.5821471541906,노래방
5975,"서울특별시 중랑구 동일로129길 35, 지하1층 (중화동, 태능에셈빌)",1%코인노래연습장,127.077554696692,37.5992703826018,노래방
5976,서울특별시 중랑구 신내로14길 26 (신내동),스카이 노래연습장,127.097037404944,37.6054986627446,노래방
5977,서울특별시 중랑구 면목로49길 6 (면목동),무지개노래연습장,127.088198338536,37.5827828653861,노래방
5978,서울특별시 중랑구 상봉로25길 36 (상봉동),뉴월드노래연습장,127.090987902814,37.5949298176037,노래방
5979,"서울특별시 중랑구 용마산로 554, 파라다이스빌딩 지층 (망우동)",궁전노래연습장,127.100711968645,37.6004362550004,노래방
5980,서울특별시 중랑구 면목로 354 (면목동),샤방샤방노래연습장,127.088517070844,37.5836712763191,노래방
5981,"서울특별시 중랑구 중랑역로 205, 지층 (묵동)",즐거운노래연습장,127.075620631865,37.6117560223473,노래방
5982,"서울특별시 중랑구 공릉로 6, 2층 (묵동)",노래야노래야 코인노래연습장 먹골점,127.077999134999,37.6113915559544,노래방
5983,"서울특별시 중랑구 중랑천로12길 40, 지층 (상봉동)",썸노래연습장,127.075152064957,37.592714702869,노래방
5984,"서울특별시 중랑구 망우로66길 10, 지층 (망우동)",콩깍찌노래연습장,127.099409044133,37.5990980372198,노래방
5985,"서울특별시 중랑구 사가정로 385, 지하층 (면목동)",코리아노래연습장,127.0874601865,37.5809507040691,노래방
5986,"서울특별시 중랑구 면목로91길 9, 지층 (상봉동)",틴틴코인노래연습장,127.085468656584,37.5943018077251,노래방
5987,"서울특별시 중랑구 중랑역로 16, 지하1층 (중화동)",썸노래연습장,127.07654537222,37.5956038278966,노래방
5988,"서울특별시 중랑구 겸재로 169-1, 2층 (면목동)",진주노래연습장,127.086494360364,37.588276488121,노래방
5989,"서울특별시 중랑구 용마산로 670, B동 207,208호 (망우동, 신내역 프라디움 더 테라스)",세븐스타코인노래연습장 신내역점,127.102489000658,37.6119441454331,노래방
5990,서울특별시 중랑구 공릉로12가길 14 (묵동),우주코인노래연습장,127.080536992227,37.616405473914,노래방
5991,"서울특별시 중랑구 용마산로115길 55, 지하1층 (망우동)",초원노래연습장,127.097278532193,37.5983823535715,노래방
5992,"서울특별시 중랑구 동일로114길 43 (상봉동,지하1층)",스카이노래연습장,127.082625611486,37.5938809067944,노래방
5993,"서울특별시 중랑구 망우로 217, 2층 (중화동)",뉴첼시노래연습장,127.07671154412,37.5943361152268,노래방
5994,"서울특별시 중랑구 동일로157길 14 (묵동,지하1층)",SBS노래연습장,127.077055231762,37.6099541976253,노래방
5995,서울특별시 중랑구 면목로 495 (상봉동),솔로몬노래연습장,127.085325030592,37.5960451496247,노래방
5996,서울특별시 중랑구 상봉로 95 (상봉동),핑클노래연습장,127.092948656453,37.5943912088565,노래방
5997,서울특별시 중랑구 면목로 259 (면목동),S.B.S노래연습장,127.0856516729,37.575951243905,노래방
5998,서울특별시 중랑구 겸재로 102 (면목동),에프엠노래연습장,127.079209111836,37.5863279795911,노래방
5999,"서울특별시 중랑구 용마산로115길 65, 2층 (망우동)",캔디노래연습장,127.09671689534,37.5982268536431,노래방
6000,"서울특별시 중랑구 용마산로 514 (망우동,지하1층)",커플노래연습장,127.100496652152,37.5968670738732,노래방
6001,서울특별시 중랑구 망우로32길 12 (상봉동),럭셔리노래연습장,127.076375151111,37.5933583971368,노래방
6002,서울특별시 중랑구 겸재로 209 (면목동),서일노래연습장,127.090811981892,37.5892811853504,노래방
6003,서울특별시 중랑구 망우로 422 (망우동),꿈1노래연습장,127.098975506863,37.5993115759551,노래방
6004,서울특별시 중랑구 면목로48길 9 (면목동),더블노래연습장,127.089190770682,37.5823018002127,노래방
6005,서울특별시 중랑구 상봉중앙로1길 12 (상봉동),열린노래연습장,127.087415682008,37.5996244278284,노래방
6006,"서울특별시 중랑구 신내로 225 (신내동,디아뜨갤러리1층114,115,116,117호)",팡팡노래연습장,127.091360778797,37.6169671050345,노래방
6007,서울특별시 중랑구 면목로48길 15 (면목동),진 노래연습장,127.089524667161,37.5823256039761,노래방
6008,서울특별시 중랑구 겸재로 125 (면목동),신바람노래연습장,127.081673673389,37.5872488263764,노래방
6009,서울특별시 중랑구 면목로 303 (면목동),sbs노래연습장,127.087135917032,37.5794673678363,노래방
6010,서울특별시 중랑구 용마산로90길 7 (면목동),핑클노래연습장,127.096507550114,37.5879049954081,노래방
6011,서울특별시 중랑구 망우로 467 (망우동),영구노래연습장,127.103999248142,37.6006761309267,노래방
6012,"서울특별시 중랑구 용마산로 498 (망우동,지상2층)",썸노래연습장,127.100311220234,37.5954693439901,노래방
6013,"서울특별시 중랑구 면목로 320 (면목동,지상2층)",도드리노래연습장,127.088570793911,37.580376033223,노래방
6014,"서울특별시 중랑구 중랑천로10길 39 (상봉동,지하1층)",더블노래연습장,127.075127808426,37.5921262805741,노래방
6015,"서울특별시 중랑구 중랑천로12길 53 (상봉동,지하1층)",신바람,127.075820935375,37.5930715183124,노래방
6016,서울특별시 중랑구 사가정로 405 (면목동),짱노래연습장,127.089727794396,37.5806453674013,노래방
6017,"서울특별시 중랑구 사가정로51길 15 (면목동,지하1층)",테크노노래연습장,127.087842779165,37.5814747080603,노래방
6018,"서울특별시 중랑구 면목로 216 (면목동,지하1층)",팡팡노래연습장,127.083917538195,37.5722566998678,노래방
6019,"서울특별시 중랑구 봉우재로33길 72 (상봉동,지상2층)",케이비에스(KBS)노래연습장,127.089346020256,37.5952116405838,노래방
6020,서울특별시 중랑구 망우로32길 20 (상봉동),씽노래연습장,127.076476348168,37.592995952764,노래방
6021,"서울특별시 중랑구 봉우재로33길 66 (상봉동,지하1층)",SBS노래연습장,127.089095987358,37.5950105481337,노래방
6022,"서울특별시 중랑구 면목로 485 (상봉동,지상2층)",필노래연습장,127.085606482423,37.595210898234,노래방
6023,"서울특별시 중랑구 중랑역로 133 (묵동,지하1층)",별노래연습장,127.07683547156,37.6053976768942,노래방
6024,"서울특별시 중랑구 면목로 332 (면목동,지하1층)",궁노래연습장,127.088817467227,37.5816035415684,노래방
6025,서울특별시 중랑구 봉화산로56길 46 (신내동),테크노노래방,127.098103465671,37.6063104739952,노래방
6026,"서울특별시 중랑구 면목로 480 (상봉동,지하)",하마노래연습장,127.086194638998,37.5948370092756,노래방
6027,서울특별시 중랑구 송림길 1 (상봉동),요요노래연습장,127.095089588942,37.5989686101003,노래방
6028,"서울특별시 중랑구 봉화산로56길 153, 대명프라자 지층 102호 (신내동)",세븐스타 코인노래연습장 신내점,127.096785094457,37.6014843289566,노래방
6029,서울특별시 중랑구 동일로109길 54 (면목동),큐노래연습장,127.077127125103,37.591611425717,노래방
6030,서울특별시 중랑구 신내로14길 22 (신내동),SBSⅡ노래연습장,127.096694899779,37.6055553458152,노래방
6031,"서울특별시 중랑구 용마산로 495 (망우동,지하1층)",럭셔리노래연습장,127.099659148452,37.5951613969904,노래방
6032,서울특별시 중랑구 용마산로115길 84 (망우동),스카이노래연습장,127.095691142785,37.59828246998,노래방
6033,"서울특별시 중랑구 동일로 858 (묵동,지하1층)",미소노래연습장,127.078736475894,37.6070161330531,노래방
6034,서울특별시 중랑구 겸재로 168 (면목동),지오노래연습장,127.086463046544,37.5879272864148,노래방
6035,"서울특별시 중랑구 상봉로 81, 지하층 (면목동)",아지트노래연습장,127.093057465632,37.5932034361632,노래방
6036,"서울특별시 중랑구 용마산로 558-1, 지하1층 (망우동)",줌노래연습장,127.100704563229,37.6008231465852,노래방
6037,"서울특별시 중랑구 면목로21길 36 (면목동,지하1층)",불러불러노래연습장,127.081873103029,37.5726104243987,노래방
6038,"서울특별시 중랑구 상봉로 100 (망우동,지하1층)",체리노래연습장,127.093363482501,37.5947081205085,노래방
6039,서울특별시 중랑구 신내로14길 18 (신내동),첼로노래연습장,127.096562744911,37.6054731035639,노래방
6040,서울특별시 중랑구 용마산로 443 (망우동),테크노노래방,127.097416691814,37.5910059139135,노래방
6041,서울특별시 중랑구 봉화산로 236 (신내동),쥬얼리노래연습장,127.098886474208,37.6078470886249,노래방
6042,"서울특별시 중랑구 봉우재로33길 65 (상봉동,지상2층)",칸노래연습장,127.088876000881,37.5952225370413,노래방
6043,"서울특별시 중랑구 망우로30길 8 (상봉동,지상1층)",싸이노래연습장,127.07437556869,37.5928619662699,노래방
6044,"서울특별시 중랑구 면목로45길 3-8 (면목동,지상3층)",명품노래연습장,127.088184513024,37.5813318260092,노래방
6045,서울특별시 중랑구 중랑천로12길 34 (상봉동),뉴앵콜노래연습장,127.07483370796,37.5926466099654,노래방
6046,"서울특별시 중랑구 망우로 206, 지하1층 (상봉동)",SM노래연습장,127.075795873069,37.5935918570841,노래방
6047,서울특별시 중랑구 동일로109길 72 (면목동),스타노래연습장,127.076214031018,37.5912558567212,노래방
6048,"서울특별시 중랑구 공릉로12가길 7, 2층 (묵동)",행운노래연습장,127.080054848388,37.6166429420423,노래방
6049,서울특별시 중랑구 동일로109길 66 (면목동),핑클노래방,127.076539428362,37.5913482681375,노래방
6050,서울특별시 중랑구 용마산로 557 (신내동),오성노래연습장,127.100246556563,37.6006970374489,노래방
6051,"서울특별시 중랑구 동일로129길 16 (중화동, lg25시)",무지개노래연습장,127.078804845424,37.5995760715395,노래방
6052,서울특별시 중랑구 동일로109길 25 (면목동),솜사탕노래연습장,127.07869236098,37.5917989701595,노래방
6053,서울특별시 중랑구 봉화산로 38 (중화동),123 노래연습장,127.078469463393,37.6014426067845,노래방
6054,"서울특별시 중랑구 망우로 431 (망우동,지하)",둘리 노래연습장,127.100046488756,37.6000432683678,노래방
6055,"서울특별시 중랑구 봉우재로33길 31 (상봉동,2층)",25시 노래연습장,127.087519084534,37.5940291067259,노래방
6056,서울특별시 중랑구 중랑역로 68 (중화동),더질러 노래연습장,127.078368464938,37.5995129323587,노래방
6057,"서울특별시 중랑구 망우로 198, 지하 (상봉동)",럭셔리 노래연습장,127.074871189969,37.5933277359226,노래방
6058,서울특별시 중랑구 면목로 488 (상봉동),스타 노래연습장,127.0860287123,37.5953920508814,노래방
6059,서울특별시 중랑구 중랑역로 73-1 (중화동),궁전노래연습장,127.077850189065,37.6000791875796,노래방
6060,"서울특별시 중랑구 용마산로115길 15 (망우동,지하)",파랑새노래방,127.099478231888,37.5988417371883,노래방
6061,서울특별시 중랑구 용마산로115길 92 (망우동),상록수 노래연습장,127.095273890863,37.5982177560005,노래방
6062,서울특별시 중랑구 겸재로 167 (면목동),대박노래연습장,127.086191566126,37.588245355078,노래방
6063,서울특별시 중랑구 면목로35길 35 (면목동),수노래연습장,127.083997239381,37.5787150606341,노래방
6064,서울특별시 중랑구 사가정로51길 27 (면목동),붐붐노래연습장,127.087838925754,37.5821456806664,노래방
6065,"서울특별시 중랑구 상봉중앙로 62 (상봉동,(지층))",성민노래연습장,127.087373602925,37.6027626084629,노래방
6066,서울특별시 중랑구 겸재로 208 (면목동),팡팡노래연습장,127.090575405848,37.5888661899152,노래방
6067,서울특별시 중랑구 면목로 348 (면목동),SBS 노래연습장,127.088601665124,37.5830210562338,노래방
6068,서울특별시 중랑구 용마산로115길 106 (망우동),팡팡 노래연습장,127.094436879226,37.5981631078557,노래방
6069,서울특별시 중랑구 봉우재로 75 (상봉동),쿨 노래연습장,127.0815991108,37.5918582638925,노래방
6070,서울특별시 중랑구 동일로143길 24 (묵동),킹노래연습장,127.077243462681,37.6053542531571,노래방
6071,서울특별시 중랑구 사가정로 375 (면목동),땡큐노래연습장,127.086433400074,37.5810881410649,노래방
6072,서울특별시 중랑구 망우로 497 (망우동),궁노래연습장,127.107464245134,37.6007721357345,노래방
6073,서울특별시 중랑구 중랑역로 20 (중화동),파도노래연습장,127.076387538849,37.5959508117886,노래방
6074,"서울특별시 중랑구 망우로 264, 지하층 (상봉동)",썸노래연습장,127.082042715884,37.5949306981381,노래방
6075,서울특별시 중랑구 중랑역로 204 (묵동),유플노래연습장,127.076016250801,37.6116512534712,노래방
6076,"서울특별시 중랑구 봉화산로 34 (중화동, 지하)",스카이노래연습장,127.07816740372,37.6012954952967,노래방
6077,"서울특별시 중랑구 공릉로12길 3, 2층 (묵동)",짱노래연습장,127.079750069195,37.6166613483675,노래방
6078,"서울특별시 중랑구 공릉로 18, 2층 (묵동)",W노래연습장,127.078042411567,37.6124868594094,노래방
6079,서울특별시 중랑구 면목로 311 (면목동),불꽃노래연습장,127.087812647104,37.5799175433987,노래방
6080,"서울특별시 중랑구 중랑역로 22, 지하층 (중화동)",팡팡노래연습장,127.076342319579,37.5960238213357,노래방
6081,"서울특별시 중랑구 망우로67길 7, 2층 (망우동)",럭셔리노래연습장,127.10103837814,37.6005552671454,노래방
6082,서울특별시 중랑구 봉우재로28길 2 (면목동),뉴 한양 노래연습장,127.084137991273,37.5919225240991,노래방
6083,서울특별시 중랑구 동일로157길 11 (묵동),신바람노래연습장,127.077091464379,37.6097257732224,노래방
6084,서울특별시 중랑구 면목천로6길 24 (면목동),짱노래연습장,127.082290327946,37.5778318472319,노래방
6085,서울특별시 중랑구 망우로50길 34 (상봉동),386노래연습장,127.089183767503,37.5956002707211,노래방
6086,서울특별시 중랑구 면목로35길 51 (면목동),핑크노래연습장,127.083117525689,37.5790474292441,노래방
6087,서울특별시 중랑구 망우로50길 31 (상봉동),궁전노래연습장,127.089441761151,37.5958282064689,노래방
6088,서울특별시 중랑구 면목로49길 18 (면목동),아리수노래연습장,127.087531065648,37.5827952551777,노래방
6089,서울특별시 중랑구 봉우재로33길 58 (상봉동),찬스노래연습장,127.088782532141,37.5947030056921,노래방
6090,서울특별시 중랑구 중랑역로 116 (중화동),짝노래연습장,127.07753300565,37.6037934586631,노래방
6091,서울특별시 중랑구 겸재로 181 (면목동),초원노래연습장,127.087781697905,37.588655215938,노래방
6092,서울특별시 중랑구 면목로92길 4 (상봉동),2짱노래연습장,127.086286256224,37.5946510678147,노래방
6093,서울특별시 중랑구 면목로 378 (면목동),고래고래노래연습장,127.088594618368,37.5856728639584,노래방
6094,서울특별시 중랑구 망우로 454 (망우동),짱노래연습장,127.102691740967,37.60008667662,노래방
6095,서울특별시 중랑구 봉우재로 179 (상봉동),우리노래연습장,127.09276706884,37.5942385435762,노래방
6096,서울특별시 중랑구 상봉중앙로1길 18 (상봉동),톱스타노래연습장,127.087386039111,37.5993562248676,노래방
6097,서울특별시 중랑구 봉화산로52길 13 (신내동),팝콘노래연습장,127.097278216042,37.6069234695591,노래방
6098,서울특별시 중랑구 봉우재로 141 (상봉동),우승노래연습장,127.08864325631,37.5933669400348,노래방
6099,서울특별시 중랑구 사가정로 377 (면목동),신바람노래연습장,127.086670059376,37.5810301237635,노래방
6100,서울특별시 중랑구 용마산로 391 (면목동),SBS노래연습장,127.095082119956,37.5866906233196,노래방
6101,서울특별시 중랑구 용마산로115길 72 (망우동),엔돌핀노래연습장,127.096307067496,37.5984755018172,노래방
6102,서울특별시 중랑구 답십리로 367 (면목동),썬노래연습장,127.081328191946,37.5717014269436,노래방
6103,서울특별시 중랑구 중랑역로 267 (묵동),썬노래연습장,127.077833033426,37.6162190719093,노래방
6104,서울특별시 중랑구 중랑역로 257 (묵동),콘서트노래연습장,127.076666723448,37.6158721440681,노래방
6105,서울특별시 중랑구 답십리로77길 11 (면목동),앵콜노래연습장,127.081454758083,37.5721271498692,노래방
6106,서울특별시 중랑구 면목로 463 (상봉동),싱글노래연습장,127.086145042788,37.5931669676714,노래방
6107,"서울특별시 중랑구 중랑역로 122 (중화동,(지하))",로또노래연습장,127.077488019983,37.6042043396493,노래방
6108,서울특별시 중랑구 겸재로 215 (면목동),해와달노래연습장,127.091467771608,37.5894606972241,노래방
6109,서울특별시 중랑구 양원역로 14 (망우동),소리골 노래연습장,127.108336237894,37.6017299020315,노래방
6110,서울특별시 중랑구 용마산로 296-1 (면목동),찬스 노래연습장,127.091583076267,37.5786820289401,노래방
6111,서울특별시 중랑구 동일로163길 9 (묵동),거기노래연습장,127.076791609002,37.611862664055,노래방
6112,서울특별시 중랑구 봉우재로33길 86 (상봉동),힐링노래연습장,127.08991474541,37.5955491705172,노래방
6113,서울특별시 중랑구 면목로 396 (면목동),썸노래연습장,127.088134678027,37.5872676048156,노래방
6114,서울특별시 중랑구 면목로56길 6 (면목동),박사노래연습장,127.088689814144,37.5839370296986,노래방
6115,"서울특별시 중랑구 중랑역로 179, 지하 (묵동)",첼로노래연습장,127.076067575567,37.6094455993062,노래방
6116,"서울특별시 중랑구 중랑역로 228 (묵동,지하)",여신 노래연습장,127.075623158708,37.6136921552987,노래방
6117,"서울특별시 중랑구 동일로 852 (묵동,(2층))",마돈나노래연습장,127.078841890102,37.6064579897336,노래방
6118,"서울특별시 중랑구 중랑역로 108 (중화동,지하1층)",신바람노래연습장,127.077640785031,37.6031095363331,노래방
6119,서울특별시 중랑구 중랑역로 3 (중화동),부엉이노래연습장,127.076784064788,37.5944969851484,노래방
6120,서울특별시 중랑구 상봉로 51 (면목동),인하노래연습장,127.093335250732,37.590508080159,노래방
6121,서울특별시 중랑구 중랑역로 15 (중화동),씽씽노래연습장,127.076129343778,37.5954865176051,노래방
6122,"서울특별시 중랑구 면목로 347, 지하1층 (면목동)",앵콜노래연습장,127.088314262142,37.5829675724139,노래방
6123,서울특별시 중랑구 중랑천로10길 68 (면목동),올래노래연습장,127.076809702718,37.5923397242164,노래방
6124,서울특별시 중랑구 용마산로 494 (망우동),피플노래연습장,127.100268095195,37.5949757275537,노래방
6125,서울특별시 중랑구 면목로 483 (상봉동),카스노래연습장,127.085613055015,37.5950176308295,노래방
6126,서울특별시 중랑구 신내로 56-1 (신내동),악쓰는하마노래연습장,127.095704448716,37.6042499883106,노래방
6127,"서울특별시 중랑구 면목로27길 76 (면목동,(지하))",미소노래연습장,127.081273711454,37.5743800316622,노래방
6128,서울특별시 중랑구 면목로56길 26 (면목동),SBS노래연습장,127.089761403518,37.5839335167242,노래방
6129,서울특별시 중랑구 동일로163길 23 (묵동),25시노래방,127.076014457189,37.6117807267215,노래방
6130,서울특별시 중랑구 봉화산로 40 (중화동),도레미노래연습장,127.078673448427,37.6013677788816,노래방
6131,"서울특별시 중랑구 동일로143길 18, 전승빌딩 지하1층 (묵동)",우주노래연습장,127.077582344051,37.6053934041259,노래방
6132,서울특별시 중랑구 면목로 373 (면목동),힐링노래연습장,127.088210644442,37.5853442891641,노래방
6133,"서울특별시 중랑구 봉우재로 240 (망우동,지하)",큐브노래연습장,127.099371847976,37.5953112037654,노래방
6134,서울특별시 중랑구 공릉로 59 (묵동),샤방샤방노래연습장,127.079087432433,37.6159910086777,노래방
6135,"서울특별시 중랑구 봉우재로33길 49 (상봉동,(지하))",달맞이 노래연습장,127.088305347512,37.5946845329475,노래방
6136,서울특별시 중랑구 망우로30길 20 (상봉동),꿈노래연습장,127.074631542293,37.5924823970688,노래방
6137,"서울특별시 중랑구 겸재로 115, 지하 (면목동)",맹꽁이노래연습장,127.080590112573,37.5870096368265,노래방
6138,서울특별시 중랑구 겸재로3길 30 (면목동),쟁반노래연습장,127.076684075662,37.5873191170999,노래방
6139,서울특별시 중랑구 면목로56길 8 (면목동),써니노래연습장,127.088821577408,37.5839196315599,노래방
6140,서울특별시 중랑구 겸재로 217 (면목동),더블노래연습장,127.091735641774,37.5894446318813,노래방
6141,서울특별시 중랑구 용마산로116길 14 (망우동),유성노래연습장,127.101220979254,37.5992589457785,노래방
6142,서울특별시 중랑구 면목로44길 10 (면목동),MBC 노래연습장,127.089043109485,37.5812308108107,노래방
6143,서울특별시 중랑구 동일로109길 49 (면목동),짱 노래연습장,127.077448829593,37.591415609721,노래방
6144,서울특별시 중랑구 공릉로12가길 29 (묵동),축제노래연습장,127.081018296555,37.6172761295706,노래방
6145,서울특별시 중랑구 봉우재로 69 (상봉동),알라딘노래연습장,127.080870900361,37.5917182103463,노래방
6146,서울특별시 중랑구 면목로 365 (면목동),차차차노래연습장,127.088187445515,37.5847776721023,노래방
6147,서울특별시 중랑구 면목로 302 (면목동),놀이터 노래연습장,127.087266988496,37.5792516632171,노래방
6148,"서울특별시 중랑구 동일로123길 49, 지하 (중화동)",쿨노래연습장,127.077247266095,37.5979706346489,노래방
6149,서울특별시 중랑구 중랑천로10길 94 (면목동),애플노래연습장,127.078169341511,37.5927563511788,노래방
6150,서울특별시 중랑구 답십리로 371 (면목동),세븐노래연습장,127.081706553348,37.5716471960875,노래방
6151,서울특별시 중랑구 상봉중앙로 38 (상봉동),월드노래연습장,127.087701543763,37.6005297112537,노래방
6152,서울특별시 중랑구 중랑역로 33 (중화동),스카이 노래연습장,127.075807476142,37.5972164476447,노래방
6153,서울특별시 중랑구 동일로 762 (중화동),열린노래연습장,127.080341398553,37.5985207863145,노래방
6154,서울특별시 중랑구 중랑역로 245 (묵동),쎄시봉노래연습장,127.075490004254,37.6153014058481,노래방
6155,서울특별시 중랑구 면목로 338 (면목동),도레미노래연습장,127.088823247194,37.5821804432414,노래방
6156,"서울특별시 중랑구 면목로58길 9 (면목동,(지하))",스타노래연습장,127.088983689174,37.5846686851045,노래방
6157,서울특별시 중랑구 면목로45길 8 (면목동),천사노래연습장,127.088096340006,37.5818287896898,노래방
6158,서울특별시 중랑구 망우로 503 (망우동),쿡노래연습장,127.108074671483,37.60073004269,노래방
6159,서울특별시 중랑구 상봉로 96 (망우동),울랄라노래연습장,127.093403426312,37.5944144558243,노래방
6160,서울특별시 중랑구 동일로143길 16 (묵동),고래고래 노래연습장,127.07772290063,37.6054074571836,노래방
6161,서울특별시 중랑구 동일로 607 (면목동),쇼킹노래연습장,127.079538570699,37.584721017557,노래방
6162,"서울특별시 중랑구 숙선옹주로 5-2, 2층 (묵동)",찐노래연습장,127.078250406332,37.6156691030044,노래방
6163,서울특별시 중랑구 면목로74길 7 (면목동),썬 노래연습장,127.087998050553,37.589217274004,노래방
6164,서울특별시 중랑구 겸재로 225 (면목동),SBS 노래연습장,127.092568372609,37.5896886912179,노래방
6165,서울특별시 중랑구 겸재로 187 (면목동),파일럿 노래연습장,127.088343566809,37.5887962525363,노래방
6166,"서울특별시 중랑구 용마산로 405 (면목동,지하1층)",민트노래연습장,127.095721998394,37.5878937419635,노래방
6167,"서울특별시 중랑구 용마산로 558 (망우동,지하)",O2 노래연습장,127.100710207035,37.6007255645145,노래방
6168,"서울특별시 중랑구 겸재로 199 (면목동,지층)",KBS노래연습장,127.089663161784,37.589055734374,노래방
6169,서울특별시 중랑구 상봉로 97 (상봉동),도레미노래연습장,127.092939613622,37.5944949200844,노래방
6170,서울특별시 중랑구 상봉로 13 (면목동),신나는노래연습장,127.094219556435,37.5871907351264,노래방
6171,서울특별시 중랑구 면목로 283 (면목동),우리 노래연습장,127.085731567122,37.5781978146372,노래방
6172,서울특별시 중랑구 망우로71길 16 (망우동),쉼터노래연습장,127.102219468267,37.6011201621482,노래방
6173,서울특별시 중랑구 사가정로 363-1 (면목동),작은별노래연습장,127.085023465814,37.5811961129344,노래방
6174,서울특별시 중랑구 동일로123길 22 (중화동),샛별노래연습장,127.078886405528,37.5976712323649,노래방
6175,서울특별시 중랑구 중랑역로 73 (중화동),로데오노래연습장,127.07786682288,37.5999584438647,노래방
6176,서울특별시 중랑구 봉우재로33길 12 (상봉동),샴푸노래연습장,127.087098152348,37.5931119384055,노래방
6177,서울특별시 중랑구 봉우재로 180 (면목동),짱노래연습장,127.092855541014,37.593904566584,노래방
6178,"서울특별시 중랑구 망우로42길 25 (상봉동,지하)",행운노래연습장,127.083264146165,37.5944089796729,노래방
6179,"서울특별시 중랑구 용마산로94길 13, 지하 (면목동)",속풀이노래연습장,127.09762965798,37.5892615075419,노래방
6180,서울특별시 중랑구 사가정로 387 (면목동),스타진노래연습장,127.087733678026,37.580926444595,노래방
6181,"서울특별시 중랑구 망우로60길 31, 지하1층 (망우동)",백악관 노래연습장,127.094554988033,37.5971800322572,노래방
6182,서울특별시 중랑구 동일로163길 17 (묵동),팝콘노래연습장,127.07634160145,37.611832862996,노래방
6183,서울특별시 중랑구 용마산로118길 23 (망우동),칠성노래연습장,127.101910695133,37.600982757854,노래방
6184,"서울특별시 중랑구 공릉로 81 (묵동,2층)",강원도노래연습장,127.078881606317,37.6175769754888,노래방
6185,서울특별시 중랑구 동일로123길 43 (중화동),25시 노래연습장,127.077566160819,37.5978782541319,노래방
6186,"서울특별시 중랑구 사가정로51길 21 (면목동,(지하1층))",놀자노래연습장,127.08789167014,37.5819418367214,노래방
6187,"서울특별시 중랑구 용마산로94길 4 (면목동,(지하1층))",얼렁뚱당노래연습장,127.097053799953,37.5891756673925,노래방
6188,"서울특별시 중랑구 봉우재로33길 62 (상봉동,(지하1층))",썬노래연습장,127.08899304315,37.5949026870373,노래방
6189,서울특별시 중랑구 동일로151길 21 (묵동),스타노래연습장,127.076853394471,37.6079580974608,노래방
6190,"서울특별시 중랑구 상봉로 11 (면목동,지하1층)",힐링노래연습장,127.094308889254,37.5869224383207,노래방
6191,서울특별시 중랑구 동일로130길 16 (중화동),중화노래연습장,127.08092537579,37.599571933646,노래방
6192,서울특별시 중랑구 봉화산로 55-1 (중화동),스카이노래연습장,127.080508392235,37.601747840574,노래방
6193,서울특별시 중랑구 중랑역로 94 (중화동),우리노래연습장,127.077900697468,37.6019283470717,노래방
6194,서울특별시 중랑구 망우로32길 40 (면목동),짠짠노래연습장,127.076909982846,37.5920799029776,노래방
6195,"서울특별시 중랑구 면목로48길 75 (면목동,지하)",씽씽노래연습장,127.09284629119,37.5819920131863,노래방
6196,서울특별시 중랑구 사가정로50길 102 (면목동),오거리노래연습장,127.083821874885,37.5767922839273,노래방
6197,"서울특별시 중랑구 용마산로 502 (망우동,외2필지(지하))",싸이노래연습장,127.100439904769,37.5957598942954,노래방
6198,서울특별시 중랑구 용마산로115길 27 (망우동),스타노래연습장,127.098779634366,37.5987363674333,노래방
6199,서울특별시 중랑구 사가정로51길 3 (면목동),뉴하트노래연습장,127.08767752155,37.5810200995396,노래방
6200,서울특별시 중랑구 공릉로 55 (묵동),라이브노래연습장,127.078833444526,37.6157312435349,노래방
6201,서울특별시 중랑구 송림길 4 (망우동),대박노래연습장,127.09566452573,37.5992506060563,노래방
6202,서울특별시 중랑구 용마산로115길 34 (망우동),송대관네박자노래연습장,127.098430829521,37.5988861331958,노래방
6203,"서울특별시 중랑구 면목로91길 6 (상봉동,남양빌딩3층)",핑클노래연습장,127.085550332539,37.5946296193296,노래방
6204,서울특별시 중랑구 면목로44다길 22 (면목동),나이트노래연습장,127.091119529919,37.5819681309136,노래방
6205,서울특별시 중랑구 상봉로 108 (망우동),디딤돌노래연습장,127.093292722403,37.5954420338517,노래방
6206,"서울특별시 중랑구 면목로 414, 2층 (면목동)",스타노래연습장,127.087677745544,37.588933609712,노래방
6207,서울특별시 중랑구 중랑역로 125 (중화동),동그라미노래연습장,127.076962304565,37.6046225627817,노래방
6208,"서울특별시 중랑구 사가정로52길 22, 301호 (면목동,광현빌딩)",오케이노래연습장,127.086776011283,37.579847041388,노래방
6209,서울특별시 중랑구 겸재로 185 (면목동),하마노래연습장,127.088106454619,37.5886819136448,노래방
6210,서울특별시 중랑구 봉화산로 218 (신내동),KBS노래연습장,127.097061714442,37.6073860355769,노래방
6211,서울특별시 중랑구 동일로 911 (묵동),파티파티노래연습장,127.077201658653,37.6118042827404,노래방
6212,서울특별시 중랑구 중랑역로 160 (묵동),둘리노래연습장,127.076766589424,37.6076857848548,노래방
6213,"서울특별시 중랑구 동일로 756, 지층 (중화동)",앵콜노래연습장,127.080466520378,37.5979887560695,노래방
6214,"서울특별시 중랑구 동일로129길 42 (중화동,(지하))",뮤직노래연습장,127.077503449289,37.599755419554,노래방
6215,"서울특별시 중랑구 신내로 110, B동 지층 (신내동, 상가)",거래처노래연습장,127.096294599887,37.6097999635226,노래방
6216,서울특별시 중랑구 용마산로 411 (면목동),차차차노래연습장,127.095994810818,37.5883809572552,노래방
6217,서울특별시 중랑구 공릉로 52 (묵동),스타노래연습장,127.078879519243,37.615279637443,노래방
6218,"서울특별시 중랑구 망우로 426 (망우동,(지하2호))",영노래연습장,127.099528290541,37.5993570616173,노래방
6219,"서울특별시 중랑구 면목로 336 (면목동,3층)",소리선언노래연습장,127.088907165024,37.5820122547194,노래방
6220,서울특별시 중랑구 면목로 305 (면목동),SM노래연습장,127.087437887012,37.5796950058533,노래방
6221,서울특별시 중랑구 용마산로115길 71 (망우동),붕붕노래연습장,127.096422325382,37.5981976322633,노래방
6222,서울특별시 중랑구 면목로45길 7 (면목동),돌고래노래연습장,127.088081425923,37.5816621170502,노래방
6223,"서울특별시 중랑구 봉화산로 217 (지하)동 (신내동,83,84)",X-tro 노래연습장,127.096812829256,37.6077684396848,노래방
6224,서울특별시 중랑구 동일로163길 22 (묵동),청개구리노래연습장,127.076040317185,37.612039564144,노래방
6225,서울특별시 중랑구 망우로32길 6 (상봉동),SBS노래연습장,127.076316137215,37.5935598970354,노래방
6226,서울특별시 중랑구 망우로32길 7 (상봉동),FM노래연습장,127.076580861111,37.5935499047661,노래방
6227,서울특별시 중랑구 겸재로 100 (면목동),명성노래연습장,127.078897719973,37.5862932296203,노래방
6228,서울특별시 중랑구 공릉로 22 (묵동),썸앤썸노래연습장,127.078065374442,37.6126759617469,노래방
6229,"서울특별시 중랑구 면목로 275-1 (면목동,지하)",앵콜 노래연습장,127.085678663525,37.5774751657917,노래방
6230,서울특별시 중랑구 동일로143길 10 (묵동),친구노래연습장,127.078055195598,37.6054289517318,노래방
6231,서울특별시 중랑구 동일로109길 62 (면목동),따봉노래연습장,127.0767891677,37.5914186535974,노래방
6232,서울특별시 중랑구 중랑역로 42 (중화동),서울노래연습장,127.0766321442,37.5975146837133,노래방
6233,서울특별시 중랑구 망우로 210 (상봉동),OK노래연습장,127.07599534973,37.5936673220132,노래방
6234,서울특별시 중랑구 중랑역로 227 (묵동),24시노래연습장,127.075209197903,37.6138146839904,노래방
6235,서울특별시 중랑구 면목로 295 (면목동),1.2.3 노래연습장,127.086510243353,37.5791072503273,노래방
6236,서울특별시 중랑구 상봉로 45 (면목동),한울노래연습장,127.093382213962,37.5899437517151,노래방
6237,서울특별시 중랑구 면목로 465 (상봉동),MBC노래연습장,127.086029571385,37.5934825791452,노래방
6238,서울특별시 중랑구 동일로123길 68 (중화동),영노래연습장,127.076507701594,37.5985147742724,노래방
6239,서울특별시 중랑구 중랑천로12길 59 (상봉동),땡뻘노래연습장,127.076118920596,37.5931464692233,노래방
6240,"서울특별시 중랑구 동일로 614-1, 지상2층 (면목동)",재즈노래연습장,127.080138957202,37.5852429170594,노래방
6241,서울특별시 중랑구 면목로37길 13 (면목동),세븐노래연습장,127.085579847979,37.578970977444,노래방
6242,"서울특별시 중랑구 중랑역로 112, 2층 (중화동)",필노래연습장,127.077619752822,37.6034667927466,노래방
6243,"서울특별시 중랑구 면목로 484, 2층 (상봉동)",OK(오케이)노래연습장,127.086076104409,37.595149559573,노래방
6244,"서울특별시 중랑구 봉우재로33길 42, 지하1층 (상봉동)",엔젤노래연습장,127.088288523407,37.594245582524,노래방
6245,서울특별시 중랑구 중랑역로 127 (중화동),해마노래연습장,127.076973910251,37.6047852739885,노래방
6246,"서울특별시 중랑구 중랑역로 69, 2층 (중화동)",탑노래연습장,127.077978446723,37.5996027491597,노래방
6247,서울특별시 중랑구 용마산로90길 10 (면목동),코인조이노래연습장,127.096540216084,37.5876868384443,노래방
6248,"서울특별시 중랑구 중랑역로 18 (중화동, 우정마트)",영광노래연습장,127.076479617545,37.5957480291273,노래방
6249,서울특별시 중랑구 망우로55길 8 (상봉동),코인 노래연습장,127.093062043655,37.5986071269626,노래방
6250,"서울특별시 중랑구 망우로30길 3 (상봉동, 안산빌딩)",메가박스동전노래연습장,127.0747508051,37.5930806702101,노래방
6251,"서울특별시 중랑구 면목로 341 (면목동, 혜원동물병원)",와썹코인노래연습장,127.088154488573,37.5821763494967,노래방
6252,"서울특별시 중랑구 중랑역로 57, 지하1층 (중화동, 태성태권도)",큐코인노래연습장,127.07748295435,37.5988833640931,노래방
6253,서울특별시 중랑구 동일로129길 19 (중화동),야노래연습장,127.078605320889,37.5992575241826,노래방
6254,"서울특별시 중랑구 망우로32길 8, 2층 (상봉동)",쇼미(SHOW ME)노래연습장,127.076329403589,37.5934669962214,노래방
6255,"서울특별시 중랑구 용마공원로 1, 2층 (망우동)",더코인노래연습장,127.100445618784,37.5952933562127,노래방
6256,"서울특별시 중랑구 동일로 819, 훼미리마트 지하1층 (중화동)",오썸코인노래연습장,127.078782801754,37.6035856735839,노래방
6257,"서울특별시 중랑구 겸재로 186, 2층 (면목동)",풀코인노래연습장,127.088351946056,37.5884136849361,노래방
6258,서울특별시 중랑구 동일로109길 42 (면목동),앵콜노래연습장,127.077735254835,37.5917027477518,노래방
6259,서울특별시 중랑구 면목로 243 (면목동),리멘스타노래연습장,127.085023757353,37.574781936868,노래방
6260,서울특별시 중랑구 중랑역로 21 (중화동),재미나노래연습장,127.075950973413,37.5959056835653,노래방
6261,서울특별시 중랑구 송림길 5 (상봉동),열린노래연습장,127.095186801431,37.5993659587079,노래방
6262,"서울특별시 중랑구 면목로 290, 지하1층 (면목동)",황금노래연습장,127.086315342927,37.5785584174746,노래방
6263,"서울특별시 중랑구 망우로30길 22 (상봉동,지하)",필노래연습장,127.07467650304,37.5923777634851,노래방
6264,서울특별시 중랑구 면목로91길 37 (상봉동),와와노래연습장,127.083915344031,37.5939037830681,노래방
6265,서울특별시 중랑구 동일로 873 (묵동),룰루랄라노래연습장,127.077865835158,37.6083544998172,노래방
6266,"서울특별시 중랑구 봉우재로 157 (상봉동,(2층))",앵콜노래연습장,127.090453114645,37.5937233506659,노래방
6267,서울특별시 중랑구 중랑역로 38 (중화동),갈채노래연습장,127.076330857506,37.5972183628008,노래방
6268,서울특별시 중랑구 답십리로77길 3 (면목동),부영노래연습장,127.081400537978,37.5718169747296,노래방
6269,서울특별시 중랑구 중랑역로 76 (중화동),쥬디노래연습장,127.078285968786,37.6002146786113,노래방
6270,서울특별시 중랑구 망우로32길 13 (상봉동),쉐르빌노래연습장,127.076717839873,37.5932993401402,노래방
6271,"서울특별시 중랑구 면목로 319 (면목동, 삼성종합프라자)",보가코인노래연습장,127.088210625453,37.5804345971945,노래방
6272,서울특별시 중랑구 동일로109길 46 (면목동),킹노래연습장,127.077585187434,37.591664193937,노래방
6273,서울특별시 중랑구 망우로 381 (상봉동),별빛코인노래연습장,127.09465851513,37.5988118238417,노래방
6274,"서울특별시 중랑구 겸재로 119-1 (면목동,지하1층)",월드컵노래연습장,127.081113783325,37.5871353269923,노래방
6275,서울특별시 중랑구 용마산로116길 38 (망우동),모모노래연습장,127.102634569186,37.5994380131971,노래방
6276,서울특별시 중랑구 면목로 325 (면목동),토마토노래연습장,127.088173980648,37.5811367688006,노래방
6277,"서울특별시 중랑구 봉우재로 239, 천우빌딩 2층 (망우동)",VOX(복스)코인노래연습장,127.099509114026,37.5957565381477,노래방
6278,"서울특별시 중랑구 면목로45길 11, 예본음악학원 (면목동)",와썹노래연습장,127.087874213284,37.581634160492,노래방
6279,"서울특별시 중랑구 봉우재로33길 55-6, 지하1층 (상봉동, 라엘103)",세븐틴코인노래연습장 상봉점,127.088510920288,37.5951137013364,노래방
6280,"서울특별시 강동구 강동대로53길 69, 지하1층 (성내동)",유진노래연습장,127.132396659776,37.5259083761397,노래방
6281,"서울특별시 성북구 삼선교로10길 23, 욱립빌딩 지층 (삼선동2가)",SBS노래연습장,127.009471864277,37.5870978553531,노래방
6282,"서울특별시 성북구 장위로 42-1, 2층 (장위동)",나의 콘서트 동전 노래연습장,127.041296768184,37.6141292008999,노래방
6283,"서울특별시 성북구 아리랑로 115, 지1층 (정릉동)",아리랑 노래연습장,127.013609433224,37.6020815726467,노래방
6284,서울특별시 성북구 고려대로27길 17 (안암동5가),판타스틱 코인 노래연습장,127.029670655957,37.5871123459644,노래방
6285,"서울특별시 성북구 고려대로27길 13, 지1층 (안암동5가)",리코퀸 노래연습장(고려대점),127.029755364504,37.5868757239354,노래방
6286,"서울특별시 성북구 고려대로24길 51, 지1층 (안암동5가)",닥터브이 코인노래연습장,127.029709018435,37.5839294883991,노래방
6287,"서울특별시 성북구 보문로 113, 2층 (보문동2가)",솔티 노래연습장,127.019288526529,37.5850562707991,노래방
6288,"서울특별시 성북구 종암로 103, 지1층 (종암동)",코노코노 코인노래연습장,127.034053021803,37.5993392438749,노래방
6289,"서울특별시 성북구 고려대로 94, 지층 (안암동5가)",夜宴 KTV 노래연습장,127.029820858086,37.5861543725237,노래방
6290,"서울특별시 성북구 동소문로20길 37-24, 지층 (동선동1가)",골든싱어 코인노래연습장,127.018019904307,37.5911092497406,노래방
6291,서울특별시 성북구 동소문로 289 (길음동),SBS 노래연습장,127.027166140765,37.6062570320801,노래방
6292,"서울특별시 성북구 성북로 20-1, 지1층 (성북동)",씽어송 코인노래연습장,127.004751740897,37.5899957318775,노래방
6293,"서울특별시 성북구 장월로1길 112, 우천빌딩 2층 (하월곡동)",리코스타코인노래연습장 동덕여대점,127.042903341334,37.6045757081665,노래방
6294,"서울특별시 성북구 보문로34길 59, 지하1층 (동선동1가)",메타 코인노래연습장,127.01858128589,37.5911110547847,노래방
6295,"서울특별시 성북구 동소문로20길 29-18, 지1층 (동선동1가)",시티 노래연습장,127.017688782938,37.5913990589046,노래방
6296,"서울특별시 성북구 보문로30라길 14, 지1층 (동선동2가)",초콜렛 노래연습장,127.018981712905,37.5899906972912,노래방
6297,"서울특별시 성북구 동소문로22길 57-1, 지1층 (동선동2가)",송대관 네박자 노래연습장,127.018642088413,37.5906548728409,노래방
6298,"서울특별시 성북구 정릉로 251, 명성빌딩 지1층 (정릉동)",힐링 노래연습장,127.0119196884,37.6047223777771,노래방
6299,"서울특별시 성북구 오패산로 12, 대영빌딩 2층 (하월곡동)",씽 노래연습장,127.037704020008,37.6034451192974,노래방
6300,"서울특별시 성북구 동소문로20길 37-13, 지1층 (동선동1가)",M럭셔리 노래연습장,127.017524431281,37.5911510402807,노래방
6301,"서울특별시 성북구 오패산로13길 31-1, 지1층 (하월곡동)",쓰리고 노래연습장,127.034945448256,37.6068090937108,노래방
6302,"서울특별시 성북구 월계로 172, 소산빌딩 지1층 (장위동)",K2 노래연습장,127.044900798769,37.619259192659,노래방
6303,"서울특별시 성북구 동소문로20다길 4, 지1층 (동선동1가)",원&올 노래연습장,127.01704228702,37.5915511513904,노래방
6304,"서울특별시 성북구 보문로 167, 광남 제니텔 지1층 (삼선동5가)",뮤즈 노래연습장,127.016071740439,37.5891224825957,노래방
6305,"서울특별시 성북구 동소문로6길 3, 지1층 (동소문동2가)",팝콘 노래연습장,127.008193918808,37.5890076049129,노래방
6306,"서울특별시 성북구 돌곶이로 75, 용호빌딩 지1층 (석관동)",K2 노래연습장,127.057476007618,37.6101006859925,노래방
6307,"서울특별시 성북구 돌곶이로8길 25, 지1층 (석관동)",산천 노래연습장,127.062685641924,37.6070921530149,노래방
6308,"서울특별시 성북구 동소문로23길 31, 미성빌딩 지1층 (동선동5가)",즐거운 노래연습장,127.016496542907,37.5946963212493,노래방
6309,"서울특별시 성북구 종암로19길 17, 양지빌딩 지1층 (종암동)",훼미리 노래연습장,127.033758067444,37.5981642561732,노래방
6310,"서울특별시 성북구 아리랑로 19, 서울빌딩 지1층 (동소문동6가)",방실방실 노래연습장,127.015886405065,37.5945097194796,노래방
6311,"서울특별시 성북구 돌곶이로27길 75, 지1층 (장위동)",만남 노래연습장,127.052163721715,37.6102512762847,노래방
6312,"서울특별시 성북구 보국문로 45, 지1층 (정릉동)",락 코인노래연습장,127.009773233467,37.6085443035194,노래방
6313,"서울특별시 성북구 동소문로24길 13, 용빌딩 2층 (동선동1가)",코인쏭 코인노래연습장,127.01874177951,37.593118439636,노래방
6314,서울특별시 성북구 도봉로 31-1 (길음동),잇츠 코인노래연습장,127.029922492773,37.612076756897,노래방
6315,서울특별시 성북구 동소문로22길 43 (동선동1가),코인오디션 동전 노래연습장,127.018356102744,37.5912170466979,노래방
6316,"서울특별시 성북구 동소문로22길 5, 3층 (동선동1가)",JOY 노래연습장,127.017589586485,37.5928044410906,노래방
6317,"서울특별시 성북구 정릉로 322, 정릉제일정형외과내과의원 지1층 (정릉동)",팡팡 노래연습장,127.018987413184,37.6021764250588,노래방
6318,서울특별시 성북구 동소문로 225-9 (길음동),선샤인 노래연습장,127.021561704469,37.6022673432652,노래방
6319,"서울특별시 성북구 종암로19길 7, 지1층 (종암동)",짱구 노래연습장,127.034245108772,37.5984213488082,노래방
6320,"서울특별시 성북구 화랑로11길 7, 지1층 (하월곡동)",탑 노래연습장,127.041373250531,37.6027342700967,노래방
6321,"서울특별시 성북구 화랑로40길 61, 지1층 (석관동)",수 노래연습장,127.064941301023,37.6137673525469,노래방
6322,"서울특별시 성북구 보문로30가길 3, 지1층 (동선동2가)",MBC 노래연습장,127.01994852073,37.5894693137605,노래방
6323,"서울특별시 성북구 종암로 83, 해원빌딩 (종암동)",TOMATO 노래연습장,127.034739947062,37.5976614885114,노래방
6324,서울특별시 성북구 동소문로20길 28-3 (동소문동5가),궁전 노래연습장,127.016472437328,37.5911593007111,노래방
6325,"서울특별시 성북구 종암로 182-1, 2층 (하월곡동)",SBS 노래연습장,127.031560208587,37.6061541269702,노래방
6326,"서울특별시 성북구 돌곶이로 61, 2층 (석관동)",샾 노래연습장,127.058503984538,37.609170900567,노래방
6327,"서울특별시 성북구 화랑로11길 31, 지1층 (하월곡동)",럭셔리준 노래연습장,127.04199200953,37.6037213567041,노래방
6328,"서울특별시 성북구 종암로21가길 4, 세창한의원 2층 (종암동)",스타 노래연습장,127.033934234628,37.599092947174,노래방
6329,"서울특별시 성북구 동소문로20길 31, 성신빌딩 지1층 (동선동1가)",블링블링 노래연습장,127.016975506071,37.5911564363567,노래방
6330,"서울특별시 성북구 화랑로 99, 지1층 (하월곡동)",스카이 노래연습장,127.042692556537,37.6035310865334,노래방
6331,"서울특별시 성북구 보국문로 43, 야원빌딩 지1층 (정릉동)",뮤젠 노래연습장,127.009889042894,37.6081729059815,노래방
6332,"서울특별시 성북구 한천로78길 61, 3층 (석관동)",용가리 노래연습장,127.064832266538,37.6131570828083,노래방
6333,"서울특별시 성북구 동소문로20길 29-8, 신영빌딩 지1층 (동선동1가)",팡팡 노래연습장,127.017284520327,37.5912284708834,노래방
6334,"서울특별시 성북구 동소문로20가길 22, 지1층 (동선동1가)",판도라 노래연습장,127.017736971593,37.5926349424525,노래방
6335,"서울특별시 성북구 오패산로 79, 지1층 (하월곡동)",특급 노래연습장,127.035756080813,37.6091352059453,노래방
6336,"서울특별시 성북구 오패산로 55, 지1층 (하월곡동)",우리 노래연습장,127.036422356995,37.6070429945761,노래방
6337,"서울특별시 성북구 동소문로 231, 서우철강빌딩 (길음동)",뉴타운 노래연습장,127.022383813341,37.6028752686413,노래방
6338,"서울특별시 성북구 월계로 170, 새로남교회 2층 (장위동)",2020 노래연습장,127.044657641581,37.6191258486344,노래방
6339,"서울특별시 성북구 정릉로10길 36, 북악교회 (정릉동)",피플 노래연습장,126.999770662981,37.6079415855576,노래방
6340,"서울특별시 성북구 월곡로 114, 지1층 (하월곡동)",라이브 노래연습장,127.041909878985,37.6020585181567,노래방
6341,"서울특별시 성북구 돌곶이로23길 3, 삼형빌딩 지1층 (석관동)",필 노래연습장,127.057600910846,37.6099301579426,노래방
6342,서울특별시 성북구 동소문로20다길 16 (동선동1가),엣지코인노래연습장,127.017635080895,37.5917429756275,노래방
6343,"서울특별시 성북구 돌곶이로 48, 지1층 (석관동, 상희빌딩)",퀸 노래연습장,127.059759187102,37.6084640761894,노래방
6344,서울특별시 성북구 동소문로20가길 12 (동선동1가),리코스타 코인노래연습장,127.017109140536,37.5922597719712,노래방
6345,서울특별시 성북구 화랑로13길 10 (하월곡동),빈티지코인 노래연습장,127.042747008533,37.6038929945849,노래방
6346,"서울특별시 성북구 삼선교로10길 16, 2층 (삼선동1가)",리코스타 코인노래연습장,127.009109230658,37.587213391171,노래방
6347,"서울특별시 성북구 안암로 81-4, 2층 (안암동5가)",HUE 노래연습장,127.030050724,37.5836933416656,노래방
6348,"서울특별시 성북구 보국문로 20, 지1층 (정릉동)",秀 노래연습장,127.011180305601,37.6063237796254,노래방
6349,"서울특별시 성북구 종암로22길 12, 보정빌딩 지1층 (종암동)",송송 노래연습장,127.034898285123,37.5996703814084,노래방
6350,"서울특별시 성북구 화랑로5길 41, 지1층 (하월곡동)",열린 노래연습장,127.039197355266,37.6044478853286,노래방
6351,"서울특별시 성북구 동소문로20길 29-6, 젬스톤빌딩 3, 4층 (동선동1가)",락휴 노래연습장,127.017136748795,37.5911865061953,노래방
6352,"서울특별시 성북구 종암로23길 10, 지1층 (종암동)",팡팡 노래연습장,127.033411044856,37.6000531021947,노래방
6353,"서울특별시 성북구 보국문로8길 4, 지1층 (정릉동)",V 노래연습장,127.010819600344,37.6070866813069,노래방
6354,"서울특별시 성북구 숭인로 70-2, 지1층 (길음동)",라이브 노래연습장,127.029541791898,37.6122695743449,노래방
6355,"서울특별시 성북구 동소문로22길 30, 지1층 (동선동1가)",닥터브이 코인노래연습장(성신여대점),127.017855746133,37.5916730254664,노래방
6356,"서울특별시 성북구 화랑로11길 37, 지1층 (하월곡동)",놀자 노래연습장,127.042225428038,37.603952827898,노래방
6357,"서울특별시 성북구 보문로39길 4, 지1층 (동소문동3가)",아리랑 노래연습장,127.013229537703,37.5914231588375,노래방
6358,"서울특별시 성북구 장월로 138, 지1층 (장위동)",음이온 노래연습장,127.050489977279,37.61739215887,노래방
6359,"서울특별시 성북구 오패산로 16, 구원빌딩 (하월곡동)",한우리 노래연습장,127.037521806164,37.6036686229465,노래방
6360,"서울특별시 성북구 돌곶이로 217, 2층 (장위동)",불러불러 노래연습장,127.045900220492,37.6185880226841,노래방
6361,"서울특별시 성북구 돌곶이로 60, 서울치과의원 (석관동)",즐거운 노래연습장,127.058990218645,37.6092110228425,노래방
6362,"서울특별시 성북구 한천로 578, 2층 (석관동)",스마일 노래연습장,127.062758465172,37.6112735154762,노래방
6363,"서울특별시 성북구 화랑로13길 14, 지1층 (하월곡동)",짱 노래연습장,127.042706682947,37.6040740181058,노래방
6364,"서울특별시 성북구 오패산로3길 3, 홍진빌딩 지1층 (하월곡동)",팡팡 노래연습장,127.036860908839,37.6036857698286,노래방
6365,서울특별시 성북구 삼선교로 34 (삼선동2가),MBC 노래연습장,127.009370981608,37.5879808362824,노래방
6366,서울특별시 성북구 동소문로6길 7 (동소문동2가),도레미 노래연습장,127.008249271597,37.5888823630974,노래방
6367,"서울특별시 성북구 동소문로6길 4-7, 지1층 (동소문동2가)",명동 노래연습장,127.007869500875,37.5887157054078,노래방
6368,"서울특별시 성북구 정릉로36길 47, 지1층 (정릉동)",가족 노래연습장,127.01610185083,37.602226318391,노래방
6369,"서울특별시 성북구 정릉로38나길 2, 지1층 (정릉동)",컬투 노래연습장,127.018886439597,37.6018873134074,노래방
6370,"서울특별시 성북구 솔샘로 7, 지1층 (정릉동)",아리랑 노래연습장,127.00436558756,37.6084546185972,노래방
6371,"서울특별시 성북구 한천로78길 68, 석계고운이치과 (석관동)",뮤직랜드 노래연습장,127.065226257907,37.6134971691088,노래방
6372,"서울특별시 성북구 삼선교로 34-1, 지1층 (삼선동2가)",임프 노래연습장,127.009493381633,37.5880311919914,노래방
6373,"서울특별시 성북구 삼선교로 31, 지1층 (삼선동2가)",새서울 노래연습장,127.009342934343,37.5882363600198,노래방
6374,"서울특별시 성북구 종암로19길 6, 지1층 (종암동)",뮤즈피아 노래연습장,127.034052107807,37.598576104807,노래방
6375,"서울특별시 성북구 동소문로22길 44, 지1층 (동선동1가)",악쓰는하마코인노래연습장 2호점,127.018093857111,37.5911726682762,노래방
6376,"서울특별시 성북구 돌곶이로 59, 우성연합의원 지1층 (석관동)",진 노래연습장,127.058657150199,37.608940171272,노래방
6377,"서울특별시 성북구 아리랑로 127, 국민은행 (정릉동)",국민 노래연습장,127.013078274631,37.6031217360459,노래방
6378,"서울특별시 성북구 한천로76길 15, 우진빌딩 (석관동)",에델바이스 노래방,127.06356752369,37.611341017016,노래방
6379,"서울특별시 성북구 삼선교로23길 15, 지1층 (삼선동4가)",뉴필립스 노래연습장,127.014085540888,37.5902264520161,노래방
6380,서울특별시 성북구 보문로37길 9 (삼선동4가),칭찬 노래연습장,127.013131177843,37.5909785301857,노래방
6381,"서울특별시 성북구 동소문로24길 23, 지1층 (동선동1가)",로데오 노래연습장,127.019006843969,37.5926423131274,노래방
6382,"서울특별시 성북구 화랑로 91, 국민은행 월곡동지점 지1층 (하월곡동)",필 노래연습장,127.042115487349,37.6029873660466,노래방
6383,"서울특별시 성북구 종암로 116, 지층호 (종암동)",투투 노래연습장,127.034110111274,37.6006158412401,노래방
6384,"서울특별시 성북구 보국문로16길 65, 샛별중앙교회 지1층 (정릉동)",까치 노래연습장,127.009960212774,37.6127706479949,노래방
6385,"서울특별시 성북구 성북로 16, 東元 지1층 (성북동)",짱 노래연습장,127.005125696965,37.5895836924109,노래방
6386,"서울특별시 성북구 장위로 42, 2층 (장위동)",KBS 노래연습장,127.041186574197,37.6141476195778,노래방
6387,"서울특별시 성북구 삼선교로 40, 지1층 (삼선동2가)",휴 노래연습장,127.01009143535,37.5881167366784,노래방
6388,"서울특별시 성북구 동소문로23길 23, 지1층 (동선동4가)",영 노래연습장,127.016796533436,37.5943567852838,노래방
6389,"서울특별시 성북구 보국문로 70, 지1층 (정릉동)",올스타 노래연습장,127.009299766229,37.610738881537,노래방
6390,"서울특별시 성북구 한천로78길 71, 선우빌딩 4층 (석관동)",LA 노래연습장,127.064964215616,37.6135480393122,노래방
6391,"서울특별시 성북구 한천로78길 53, 지1층 (석관동)",고래고래 노래연습장,127.064638200037,37.6128366174883,노래방
6392,"서울특별시 성북구 보문로 161, 대명빌딩 지1층 (삼선동5가)",747 노래연습장,127.016565201879,37.5887461599019,노래방
6393,"서울특별시 성북구 화랑로 103, 지1층 (하월곡동)",J2 노래연습장,127.043076458489,37.6037231282483,노래방
6394,"서울특별시 성북구 동소문로20나길 13, 지1층 (동선동1가)",코인 노래연습장,127.017391860099,37.5922019770641,노래방
6395,"서울특별시 성북구 장위로 54, 2층 (장위동)",찬찬 노래연습장,127.042608429118,37.6138800617418,노래방
6396,"서울특별시 성북구 돌곶이로 77, 석산빌딩 지1층 (석관동)",진 노래연습장,127.057305051564,37.6103273679001,노래방
6397,"서울특별시 성북구 보국문로11길 37, 지1층 (정릉동)",스타 노래연습장,127.007974199453,37.608563089274,노래방
6398,"서울특별시 성북구 오패산로 22, 지1층 (하월곡동)",테마 노래연습장,127.037687191876,37.604208803959,노래방
6399,"서울특별시 성북구 화랑로 279, 온누리치과 2층 (장위동)",팝콘 노래연습장,127.059658629345,37.6125902066075,노래방
6400,"서울특별시 성북구 보국문로 75, 대영빌딩 지1층 (정릉동)",KBS 노래연습장,127.008678466219,37.6109831870239,노래방
6401,"서울특별시 성북구 장위로 47, 2층 (장위동)",1060@뮤직클럽 노래연습장,127.04198239753,37.6142236528769,노래방
6402,서울특별시 성북구 장월로 115  (장위동),25시 노래연습장,127.048491115235,37.6161153959346,노래방
6403,서울특별시 성북구 종암로 176  (하월곡동),태평양 노래연습장,127.031740620825,37.6056323153412,노래방
6404,서울특별시 강북구 삼양로 167  (미아동),앗싸노래방,127.021046703129,37.618864197797,노래방
6405,"서울특별시 강북구 도봉로97길 45  (수유동,지하)",다정노래연습장,127.026993589862,37.642712990065,노래방
6406,"서울특별시 강북구 한천로140길 29, 2층 (수유동)",앗싸 노래연습장,127.02774390166,37.6411951078215,노래방
6407,"서울특별시 강북구 수유로 71, 지1층 (수유동)",바비노래방,127.021545719612,37.6363558613086,노래방
6408,"서울특별시 강북구 도봉로87길 46, 4층호 (수유동)",궁 노래연습장,127.023442065146,37.6392336063292,노래방
6409,"서울특별시 강북구 한천로140길 23, 지1층 (수유동)",신나라노래방,127.027483792026,37.6409819056675,노래방
6410,"서울특별시 강북구 한천로140길 11, 2층 (수유동)",우리 노래연습장,127.02707316339,37.6406183632425,노래방
6411,"서울특별시 강북구 삼양로 491  (수유동,(1층))",청해수산노래연습장,127.014553367201,37.6470549499071,노래방
6412,"서울특별시 강북구 삼양로 651  (우이동,(2층))",산울림노래연습장,127.013288690284,37.661048619473,노래방
6413,"서울특별시 강북구 한천로140길 14, 1층 (수유동)",님따라 노래연습장,127.027378041857,37.6405682882432,노래방
6414,"서울특별시 강북구 월계로7길 34, 2층 (미아동)",차플러스,127.033300333764,37.6115712982559,노래방
6415,"서울특별시 강북구 한천로 1044, 2층 (수유동)",콩 노래연습장,127.026403294244,37.640547247175,노래방
6416,"서울특별시 강북구 솔매로 115  (미아동,지하)",팡팡노래방,127.024933219136,37.626034308992,노래방
6417,"서울특별시 강북구 도봉로 377, 1층 (수유동)",허브 노래연습장,127.028276542744,37.6409020712986,노래방
6418,"서울특별시 강북구 한천로 1043, 2층 (수유동)",무인도 노래연습장,127.026037240696,37.640297845887,노래방
6419,"서울특별시 강북구 한천로139길 42, 2층 (수유동, 영남빌딩)",세븐틴코인 노래연습장,127.024948947089,37.6388575866282,노래방
6420,"서울특별시 강북구 삼양로 643, 지층 (우이동)",신바람노래연습장,127.013410517672,37.6603846723988,노래방
6421,"서울특별시 강북구 도봉로87길 33, 2층 (수유동)",블링 노래연습장,127.023981271669,37.6389130176586,노래방
6422,"서울특별시 강북구 도봉로10가길 11, 지층 (미아동)",질러U 코인노래연습장,127.031241266477,37.6131228236137,노래방
6423,"서울특별시 강북구 삼양로 466, 2층 (수유동)",히든싱어 코인노래연습장,127.015974837679,37.644792936286,노래방
6424,"서울특별시 강북구 한천로 1058, 지층 (수유동)",토토 노래연습장,127.025268175689,37.641385861855,노래방
6425,"서울특별시 강북구 도봉로 363, 구봉빌딩 지층 (수유동)",타짜 노래연습장,127.027252613138,37.6399397002997,노래방
6426,"서울특별시 강북구 한천로 1048, 2층 (수유동)",황제 노래연습장,127.02599799341,37.6408195246228,노래방
6427,"서울특별시 강북구 도봉로97길 1, 2층 (수유동)",황금 노래연습장,127.029003893391,37.6416381792494,노래방
6428,"서울특별시 강북구 솔샘로 223, 4층 (미아동)",자메이카 코인 노래연습장,127.017573969681,37.6202802179461,노래방
6429,"서울특별시 강북구 노해로 42, 지층 (수유동)",보스,127.022955422684,37.6391765795801,노래방
6430,"서울특별시 강북구 한천로 1042, 지층 (수유동)",파랑새 노래연습장,127.026512715111,37.6404651429394,노래방
6431,"서울특별시 강북구 도봉로87길 3, 3층 (수유동)",와우 노래연습장,127.025170304196,37.638095126176,노래방
6432,"서울특별시 강북구 도봉로8길 57, 지층 (미아동)",차 노래연습장,127.032963947405,37.6115507600485,노래방
6433,"서울특별시 강북구 한천로 1098, 지층 (수유동)",오렌지 노래연습장,127.02184517254,37.6437479350529,노래방
6434,"서울특별시 강북구 솔매로 102, 1층 (미아동)",코인박스동전 노래연습장,127.023590672591,37.6254802979209,노래방
6435,"서울특별시 강북구 수유로 53, 명성빌딩 지층 (수유동)",룰라 노래연습장,127.01951347463,37.6357110193489,노래방
6436,"서울특별시 강북구 한천로 1065, 2층 (수유동)",썬 노래연습장,127.024233788571,37.6416159199929,노래방
6437,"서울특별시 강북구 솔매로 106, 2층 (미아동)",123 노래연습장,127.0239358649,37.6255733003499,노래방
6438,"서울특별시 강북구 한천로140길 26, 2층 (수유동)",스크린노래방,127.027752199968,37.6409635528501,노래방
6439,"서울특별시 강북구 도봉로87길 8, 3층동 (수유동)",스카이노래방,127.025190232805,37.6383953301086,노래방
6440,"서울특별시 강북구 삼양로 524, 2층 (우이동)",삼삼 노래연습장,127.013770772248,37.6497941235127,노래방
6441,"서울특별시 강북구 삼양로173길 35, 지하1층 (우이동)",백운대노래연습장,127.010555073878,37.6625582197324,노래방
6442,서울특별시 강북구 4.19로8길 2  (수유동),야호,127.009339103002,37.6472452250592,노래방
6443,서울특별시 강북구 삼각산로 94 (수유동),동그라미 노래연습장,127.014738453863,37.640415124417,노래방
6444,"서울특별시 강북구 도봉로 249  (미아동,(3층))",수유노래방,127.024068364748,37.6307272765646,노래방
6445,"서울특별시 강북구 삼양로 172, 983동 2277호 (미아동,(지하))",사거리노래연습장,127.021334713257,37.6191416503515,노래방
6446,"서울특별시 강북구 도봉로98길 21, 988동 2338호 (번동,(1층))",알프스노래연습장,127.030851873318,37.6413448905293,노래방
6447,"서울특별시 강북구 도봉로 379, 2층 (수유동)",샤인노래연습장,127.028441903472,37.6410380802142,노래방
6448,"서울특별시 강북구 한천로140길 7, 2층 (수유동)",소나무 노래연습장,127.026979085236,37.6405156725497,노래방
6449,"서울특별시 강북구 한천로 1075, 2층 (수유동)",코리아나 노래연습장,127.023420323196,37.6421582966892,노래방
6450,"서울특별시 강북구 한천로140길 21 (수유동,(지하))",소풍노래연습장,127.027412616836,37.6409249800039,노래방
6451,서울특별시 강북구 삼양로 469 (수유동),썬노래연습장,127.015469662461,37.645123754812,노래방
6452,"서울특별시 강북구 도봉로8길 65-2, 지층 (미아동)",코코 노래연습장,127.033434073058,37.6112762766302,노래방
6453,서울특별시 강북구 한천로 1017 (번동),파티 노래연습장,127.028312444645,37.6387723150508,노래방
6454,"서울특별시 강북구 노해로8길 1, 지층 (수유동)",올,127.023161798832,37.6378984020527,노래방
6455,서울특별시 강북구 솔샘로 213  (미아동),팡파레노래연습장,127.016187629057,37.6202341955982,노래방
6456,"서울특별시 강북구 솔매로 59, 지층 (미아동)",대성 노래방,127.018818425469,37.6249897572285,노래방
6457,서울특별시 강북구 솔매로 119  (미아동),부르자노래방,127.025261351529,37.6262490344539,노래방
6458,서울특별시 강북구 노해로 56  (수유동),쎄븐노래방,127.022771649695,37.6406614379771,노래방
6459,서울특별시 강북구 솔샘로 219 (미아동),솔샘노래연습장,127.017102732859,37.6201618073002,노래방
6460,"서울특별시 강북구 도봉로 229  (미아동,지하)",앵콜노래방,127.024780384765,37.629047240347,노래방
6461,"서울특별시 강북구 오패산로77길 14 (번동,지하)",퀸 노래연습장,127.02582842783,37.637032542362,노래방
6462,"서울특별시 강북구 노해로 88, 지하동 (수유동)",25시노래방,127.022676033029,37.6433057554597,노래방
6463,"서울특별시 강북구 4.19로 4, 999동 1199호 (수유동,(지하))",뮤직타운노래연습장,127.013730047776,37.6483246244788,노래방
6464,"서울특별시 강북구 삼양로 421, 지층 (수유동)",필 노래연습장,127.016600156219,37.6410822364397,노래방
6465,"서울특별시 강북구 도봉로8길 11, 2층 (미아동)",그랜드노래연습장,127.03097519745,37.6128024120314,노래방
6466,"서울특별시 강북구 솔샘로64길 29, 2층 (미아동)",앵콜노래연습장,127.028183413005,37.6160151361297,노래방
6467,"서울특별시 강북구 솔샘로 293 (미아동,지하)",가족노래연습장,127.025112795738,37.6183705621218,노래방
6468,"서울특별시 강북구 도봉로 379, 1층 (수유동)",오페라노래연습장,127.028441903472,37.6410380802142,노래방
6469,"서울특별시 강북구 노해로 41  (수유동,지하)",두리노래방,127.022452181913,37.6393058776416,노래방
6470,"서울특별시 강북구 삼양로 671 (우이동,지하)",썬노래연습장,127.012597392308,37.6626044198352,노래방
6471,"서울특별시 강북구 한천로 1042, 998동 5757호 (수유동,(지하))",신한국관노래연습장,127.026512715111,37.6404651429394,노래방
6472,"서울특별시 강북구 솔샘로 225, 지층호 (미아동)",경진 노래연습장,127.017759024953,37.6201521598856,노래방
6473,서울특별시 강북구 도봉로38길 10 (미아동),명랑노래연습장,127.028328965265,37.622600241235,노래방
6474,"서울특별시 강북구 한천로132길 48, 지층 (번동)",고래고래 노래연습장,127.02999611624,37.640842271754,노래방
6475,"서울특별시 강북구 월계로7나길 9 (미아동,2층)",OK 노래연습장,127.033362173064,37.6125859745342,노래방
6476,"서울특별시 강북구 덕릉로40길 67 (번동, 지1층)",미소노래연습장,127.032982951048,37.6340589491449,노래방
6477,"서울특별시 강북구 한천로140길 21, 2층 (수유동)",마돈나 노래연습장,127.027412616836,37.6409249800039,노래방
6478,"서울특별시 강북구 한천로140길 22, 지층 (수유동)",엄지 노래연습장,127.027688023051,37.6408357182225,노래방
6479,"서울특별시 강북구 솔샘로67길 142, 2층 (미아동)",SBS 노래연습장,127.026540067817,37.6233946972381,노래방
6480,"서울특별시 강북구 솔샘로 272, 지층 (미아동)",동굴속노래방,127.022651154404,37.6188313750626,노래방
6481,"서울특별시 강북구 도봉로8길 37, 지층호 (미아동)",앗싸 노래연습장,127.032198910006,37.6121284151011,노래방
6482,"서울특별시 강북구 한천로140길 23-6, 지층 (수유동)",꿍따리 노래연습장,127.027461465127,37.6412728387634,노래방
6483,"서울특별시 강북구 솔매로46길 14, 2층 (미아동)",로얄노래연습장,127.025588238764,37.6254696103967,노래방
6484,"서울특별시 강북구 삼양로 434, 2층 (수유동)",가족 노래연습장,127.016758259581,37.6422934975647,노래방
6485,"서울특별시 강북구 한천로 1130, 2층 (수유동)",둥지,127.019199509888,37.6457425430797,노래방
6486,"서울특별시 강북구 월계로37길 143, 980동 7726호 (번동,(2층))",씽어송 코인노래연습장,127.043592827878,37.6281101698287,노래방
6487,"서울특별시 강북구 도봉로 376, 2층 (번동)",스카이노래연습장,127.028639931748,37.6403813947561,노래방
6488,"서울특별시 강북구 도봉로49길 8, 986동 1981호 (미아동,(지하))",차차차 노래연습장,127.0259544037,37.62527554794,노래방
6489,"서울특별시 강북구 덕릉로28길 55, 지지층 (미아동)",포시즌노래연습장,127.024737128482,37.6321792573754,노래방
6490,"서울특별시 강북구 수유로 83, 지층 (수유동)",차차차노래방,127.02276229552,37.6363686070609,노래방
6491,서울특별시 강북구 한천로150길 20 (수유동),타짜노래연습장,127.023670792482,37.6434367433626,노래방
6492,"서울특별시 강북구 노해로 20  (수유동,3층)",킹노래연습장,127.023163299127,37.6372568102989,노래방
6493,"서울특별시 강북구 도봉로53길 18, 2층 (미아동)",앵커 노래연습장,127.024764252888,37.6268617207142,노래방
6494,"서울특별시 강북구 4.19로 25, 지층 (수유동)",줄줄이 노래연습장,127.011366854776,37.647406503368,노래방
6495,"서울특별시 강북구 삼양로 587, 2층 (우이동)",태양노래방,127.012897383231,37.6553457176934,노래방
6496,"서울특별시 강북구 한천로140길 23-3, 지층 (수유동)",ABC노래연습장,127.027379809193,37.6410617570733,노래방
6497,"서울특별시 강북구 한천로 1053-1, 2층 (수유동)",V 노래연습장,127.025284976434,37.640811120234,노래방
6498,"서울특별시 강북구 도봉로10길 6, 지하1층 (미아동)",즐거운 노래연습장,127.030784883447,37.6129877952316,노래방
6499,"서울특별시 강북구 도봉로10길 6, 지하2층 (미아동)",수 노래연습장,127.030784883447,37.6129877952316,노래방
6500,"서울특별시 강북구 도봉로 308  (번동,(4층))",초원노래연습장,127.02383520999,37.6356640949861,노래방
6501,"서울특별시 강북구 한천로 1024, 2층 (번동)",콜노래연습장,127.028070704254,37.6394836102233,노래방
6502,"서울특별시 강북구 도봉로73길 43  (수유동,지하)",오픈,127.022374619693,37.6334226389303,노래방
6503,"서울특별시 강북구 삼양로 422, 2층 (수유동)",돌핀노래방,127.01707740381,37.6411467689148,노래방
6504,"서울특별시 강북구 삼양로 294, 지하동 (수유동)",삼성 노래연습장,127.018089140664,37.6296786057175,노래방
6505,서울특별시 강북구 도봉로 253 (수유동),비엔나노래연습장,127.023987912301,37.6310225460872,노래방
6506,서울특별시 중랑구 망우로32길 23 (상봉동),팡팡노래연습장,127.077121249138,37.5929396716668,노래방
6507,"서울특별시 강북구 도봉로87길 25 (수유동,3층)",야우노래연습장,127.024243160199,37.6387261899738,노래방
6508,"서울특별시 강북구 도봉로 142, 1층 (미아동)",킹노래연습장,127.028379309336,37.6215396768441,노래방
6509,"서울특별시 강북구 도봉로30길 16, 지하동 (미아동)",스카이노래방,127.029413041337,37.6209603590086,노래방
6510,서울특별시 강북구 한천로123길 54  (번동),혜성노래연습장,127.029055187535,37.6360267428593,노래방
6511,서울특별시 강북구 한천로 1020 (번동),깨비 노래연습장,127.02850403693,37.6390757206131,노래방
6512,"서울특별시 강북구 덕릉로 159 (번동,2층)",뮤즈노래연습장,127.031406452041,37.6355925862765,노래방
6513,서울특별시 강북구 삼양로 184 (미아동),에드원,127.021299905099,37.6202124806401,노래방
6514,"서울특별시 강북구 솔샘로 254, 3층동 (미아동)",하모니 노래방,127.020743950051,37.6193297017502,노래방
6515,"서울특별시 강북구 도봉로87길 9, 3층 (수유동)",등대노래연습장,127.024961317244,37.6382414905337,노래방
6516,"서울특별시 강북구 노해로 42-1 (수유동,지하)",두리노래연습장,127.022891943466,37.6394445447913,노래방
6517,"서울특별시 강북구 도봉로87길 9, 5층 (수유동)",뉴등대노래연습장,127.024961317244,37.6382414905337,노래방
6518,"서울특별시 강북구 도봉로87길 12 (수유동,4층)",앵콜 노래연습장,127.025090779601,37.6384648172381,노래방
6519,"서울특별시 강북구 도봉로 382, 지층 (번동)",만남 노래연습장,127.028966284679,37.6407838749956,노래방
6520,"서울특별시 강북구 삼양로 681 (우이동,4층)",왕가,127.012024045928,37.6634288774486,노래방
6521,"서울특별시 강북구 도봉로53길 19 (미아동,(지하))",엑센트노래방,127.024680244982,37.6266612687724,노래방
6522,"서울특별시 강북구 도봉로6길 8, 5층 (미아동)",팝스노래연습장,127.030626358361,37.6125320262238,노래방
6523,서울특별시 강북구 도봉로 389 (수유동),김가네노래방,127.029104361658,37.641845651217,노래방
6524,서울특별시 강북구 수유로 42 (수유동),깨비노래연습장,127.019575850107,37.6346564956703,노래방
6525,"서울특별시 강북구 도봉로 40 (미아동,6층)",스카이노래방,127.030433727904,37.6125920819171,노래방
6526,"서울특별시 강북구 도봉로8길 35, 지층 (미아동)",카스,127.03209690879,37.6122338585921,노래방
6527,"서울특별시 강북구 오패산로 383, 2층 (번동)",와바,127.028124049106,37.6355235879868,노래방
6528,서울특별시 강북구 솔매로 97 (미아동),K-1 노래연습장,127.022974113789,37.6255493450742,노래방
6529,"서울특별시 강북구 노해로 41 (수유동,2층)",땡큐 노래연습장,127.022452181913,37.6393058776416,노래방
6530,서울특별시 강북구 한천로140길 20 (수유동),캐슬 노래연습장,127.027568243831,37.6407864624167,노래방
6531,"서울특별시 강북구 한천로140길 20, 3층층 (수유동)",뉴캐슬 노래연습장,127.027568243831,37.6407864624167,노래방
6532,서울특별시 강북구 한천로139나길 7  (수유동),꽃,127.025062356642,37.6391844398891,노래방
6533,"서울특별시 강북구 도봉로 323, 지하동 (수유동)",멀티노래방,127.024202760308,37.6371279409738,노래방
6534,"서울특별시 강북구 도봉로 259, 2층 (수유동)",SBS 노래연습장,127.02375274585,37.6314386690103,노래방
6535,서울특별시 강북구 도봉로 255  (수유동),화성노래방,127.023904344275,37.6311424842904,노래방
6536,"서울특별시 강북구 한천로140길 43, 지층 (수유동)",성원노래연습장,127.028412549713,37.6416113837076,노래방
6537,"서울특별시 강북구 한천로 1068, 지층 (수유동)",궁전 노래 연습장,127.024319015375,37.6420317067588,노래방
6538,"서울특별시 강북구 한천로140길 10, 2층 (수유동)",해와달 노래연습장,127.027199439388,37.6404641757339,노래방
6539,"서울특별시 강북구 수유로 81, 2층 (수유동)",하바하바노래연습장,127.022510327124,37.6363747821024,노래방
6540,"서울특별시 강북구 덕릉로 75  (수유동,지하)",아리랑노래연습장,127.022055665522,37.6348253533462,노래방
6541,"서울특별시 강북구 삼양로 169, 2층 (미아동)",코노902코인노래연습장,127.020814066529,37.6189315428573,노래방
6542,"서울특별시 강북구 도봉로10가길 16, 지층 (미아동)",OK노래연습장,127.031231214192,37.6129187523112,노래방
6543,"서울특별시 강북구 한천로 1152 (수유동,지하)",딩동댕노래연습장,127.017428866175,37.6469479737772,노래방
6544,"서울특별시 강북구 도봉로95길 6, 지층 (수유동)",더블유 노래연습장,127.028310972799,37.6411637089459,노래방
6545,서울특별시 강북구 솔매로 109  (미아동),스타노래연습장,127.024253256568,37.6258673176542,노래방
6546,서울특별시 강북구 솔매로 84 (미아동),청개구리노래연습장,127.021618108086,37.6249875656425,노래방
6547,"서울특별시 강북구 도봉로 383-1, 2층 (수유동)",떳다노래연습장,127.028695828747,37.6413666978691,노래방
6548,서울특별시 강북구 도봉로 138 (미아동),DREAM(드림) 노래연습장,127.028442557838,37.6213523463111,노래방
6549,"서울특별시 강북구 한천로139길 42 (수유동, 영남빌딩)",와라코인노래연습장,127.024948947089,37.6388575866282,노래방
6550,"서울특별시 강북구 한천로140길 35, 지층 (수유동)",얼짱 노래연습장,127.028042851437,37.6413431589916,노래방
6551,"서울특별시 강북구 솔매로 89, 2층 (미아동)",비트코인 노래연습장,127.022065541169,37.6253105767453,노래방
6552,"서울특별시 강북구 삼양로 460, 지층 (수유동)",샾노래연습장,127.016094180485,37.6444006316356,노래방
6553,"서울특별시 강북구 노해로 69-1, 2층 (수유동)",나이스노래연습장,127.022155646913,37.6418831100401,노래방
6554,"서울특별시 강북구 도봉로 45, 숭인시장 3층 308호 (미아동)",아지트코인 노래연습장,127.02945322795,37.6131435556689,노래방
6555,"서울특별시 강북구 한천로 1060, 1층 (수유동)",하트 노래연습장,127.025231624125,37.6415203866576,노래방
6556,서울특별시 강북구 도봉로8길 12 (미아동),악쓰는 하마 코인노래연습장,127.030999668026,37.6125449029913,노래방
6557,"서울특별시 강북구 도봉로87길 13 (수유동, 지층)",악쓰는하마코인 노래연습장,127.024784849558,37.6383976684265,노래방
6558,서울특별시 강북구 한천로140길 38 (수유동),즐거운노래연습장,127.028199963405,37.6412372558665,노래방
6559,서울특별시 강북구 솔매로 79 (미아동),뉴mbc,127.021022172022,37.6250699334293,노래방
6560,"서울특별시 강북구 한천로 1172, 997동 0086호 (수유동,지하)",놀부노래연습장,127.015497393467,37.6482526872703,노래방
6561,"서울특별시 강북구 노해로33길 4, 지하동 (수유동)",크로바노래연습장,127.024298689713,37.6460703720131,노래방
6562,서울특별시 강북구 도봉로87길 3-10  (수유동),캐피탈,127.024784585267,37.637943121568,노래방
6563,"서울특별시 강북구 도봉로 371, 1층 (수유동)",동경 노래연습장,127.027836761941,37.6404579904869,노래방
6564,"서울특별시 강북구 도봉로95길 20, 지층 (수유동)",신세계 노래연습장,127.027815648252,37.6415676480047,노래방
6565,"서울특별시 강북구 삼양로 461, 2층 (수유동)",황금빛 노래연습장,127.015659199043,37.6444418651428,노래방
6566,"서울특별시 강북구 덕릉로 19-1 (수유동,지하)",네박자노래연습장,127.015836276237,37.6341888146687,노래방
6567,"서울특별시 강북구 솔매로 119, 2층 (미아동)",천국 노래연습장,127.025261351529,37.6262490344539,노래방
6568,"서울특별시 강북구 솔매로 62, 2층 (미아동)",조이903코인노래연습장,127.018972885637,37.6247852084435,노래방
6569,"서울특별시 강북구 솔샘로 253 (미아동,3층)",SM노래연습장,127.020754386165,37.6197920868637,노래방
6570,서울특별시 강북구 솔매로 74  (미아동),MS노래연습장,127.020440509996,37.6247466713887,노래방
6571,"서울특별시 강북구 도봉로 257, 2층 (수유동)",천국 노래연습장,127.023782816128,37.6312363915935,노래방
6572,"서울특별시 강북구 한천로 1180 (수유동,2층)",MP3,127.014769714494,37.6483725213141,노래방
6573,"서울특별시 강북구 한천로140길 30, 2층 (수유동)",천지노래연습장,127.027969673854,37.6410849542073,노래방
6574,서울특별시 강북구 도봉로20가길 64 (미아동),준노래연습장,127.029098888497,37.6214185890675,노래방
6575,서울특별시 강북구 도봉로 388 (번동),테마,127.029629106136,37.6413563761545,노래방
6576,"서울특별시 강북구 솔샘로 242, 지층 (미아동)",오페라노래연습장,127.019383084992,37.6196202314106,노래방
6577,"서울특별시 강북구 한천로 1040, 지층 1호 (수유동)",탑 노래연습장,127.026687837786,37.6403462635848,노래방
6578,"서울특별시 강북구 삼양로 625-1, 우이동동 (우이동)",골드 노래연습장,127.013629071112,37.6587898196438,노래방
6579,"서울특별시 강북구 도봉로98길 56, 지1층 (번동)",우이천노래연습장,127.032707702561,37.6408979528152,노래방
6580,"서울특별시 강북구 도봉로10가길 15, 2층 (미아동)",오렌지노래연습장,127.031361727002,37.6130064740091,노래방
6581,"서울특별시 강북구 한천로140길 7, 3층 (수유동)",솔방울 노래연습장,127.026979085236,37.6405156725497,노래방
6582,"서울특별시 강북구 월계로7나길 10, 지층 (미아동)",울랄라 노래연습장,127.0332934863,37.612725016512,노래방
6583,"서울특별시 강북구 한천로140길 5-8, 2층 (수유동)",아테네 노래연습장,127.026747779053,37.6406748390948,노래방
6584,"서울특별시 강북구 도봉로87길 41, 지층 (수유동)",모모 노래연습장,127.023684005878,37.6390169612591,노래방
6585,"서울특별시 강북구 삼각산로 151, 지하동 (수유동)",팡팡노래방,127.020898247686,37.6416660220277,노래방
6586,"서울특별시 강북구 노해로23길 79 (수유동,지하)",21세기노래방,127.019293455982,37.6462267164344,노래방
6587,"서울특별시 강북구 삼양로 311, 2층 (수유동)",MBC노래연습장,127.017548783229,37.6311918034754,노래방
6588,"서울특별시 강북구 한천로140길 11-3, 지층 (수유동)",로망스노래연습장,127.026952074608,37.6407056062739,노래방
6589,"서울특별시 강북구 노해로 38, 두온오피스텔 B01호 (수유동)",히어로 노래연습장,127.023125180875,37.6389221083124,노래방
6590,"서울특별시 강북구 한천로 1005, 지층 (번동)",KBS노래연습장,127.029391007151,37.6380702741461,노래방
6591,"서울특별시 강북구 삼양로 451, 2층 (수유동)",쇼킹노래연습장,127.015923930948,37.6435857146334,노래방
6592,"서울특별시 강북구 도봉로 385, 2층 (수유동)",홀인원 노래연습장,127.028764274379,37.6413933503416,노래방
6593,"서울특별시 강북구 한천로 1051, 2층 (수유동)",쟁반노래연습장,127.025513694963,37.6406951142808,노래방
6594,서울특별시 강북구 인수봉로55길 4 (수유동),청수노래방,127.012655253175,37.6369113458734,노래방
6595,"서울특별시 강북구 덕릉로 27, 지하동 (수유동)",까치노래연습장,127.01651174301,37.634260530625,노래방
6596,"서울특별시 강북구 노해로33길 4, 지층 (수유동)",도도 노래연습장,127.024298689713,37.6460703720131,노래방
6597,"서울특별시 강북구 노해로 97, 2층 (수유동)",프랜드 노래연습장,127.022945442913,37.644303543265,노래방
6598,"서울특별시 강북구 월계로37길 146 (번동,2층)",라이브,127.043618953383,37.6284243341433,노래방
6599,"서울특별시 강북구 솔매로 93 (미아동,(지하))",모모 노래연습장,127.022678654473,37.6254629975862,노래방
6600,"서울특별시 강북구 삼양로77길 32, 지하동 (수유동)",씽씽노래방,127.016351215984,37.6296473248354,노래방
6601,"서울특별시 강북구 한천로 1101, 2층 (수유동)",샤방샤방 노래연습장,127.021286224055,37.6437334412833,노래방
6602,"서울특별시 강북구 노해로 56, 지층호 (수유동)",올레 노래연습장,127.022771649695,37.6406614379771,노래방
6603,"서울특별시 강북구 삼양로 198, 지층 (미아동)",럭키노래연습장,127.020640341089,37.6214983972838,노래방
6604,서울특별시 강북구 도봉로20가길 8 (미아동),신나는노래연습장,127.030081789714,37.6189601778349,노래방
6605,서울특별시 강북구 도봉로34길 23  (미아동),하나로,127.029350188137,37.6221461643055,노래방
6606,"서울특별시 강북구 오현로31길 125-2, 지하동 (번동)",25시노래방,127.034490636079,37.6328092113185,노래방
6607,서울특별시 강북구 오현로31길 7 (번동),팡팡 노래연습장,127.039036963525,37.6290829382707,노래방
6608,"서울특별시 강북구 월계로3길 69, 지1층 (미아동)",팡팡노래방,127.031384301029,37.6128206841138,노래방
6609,서울특별시 강북구 솔샘로 212  (미아동),동심노래방,127.016238768666,37.6199624506687,노래방
6610,"서울특별시 강북구 솔샘로 237, 2층 (미아동)",갈채노래연습장,127.019292595153,37.6201102033911,노래방
6611,"서울특별시 강북구 한천로140길 17, 2층 (수유동)",꼬리 노래연습장,127.027296787593,37.6408329262394,노래방
6612,"서울특별시 강북구 한천로131길 13 (번동,2층)",세븐 노래연습장,127.027619775305,37.6385866961556,노래방
6613,"서울특별시 강북구 한천로140길 5, 2층 (수유동)",챔프노래연습장,127.026836744758,37.6404244352725,노래방
6614,"서울특별시 강북구 솔샘로 220  (미아동,(지하))",부르리노래연습장,127.016980682617,37.6199113503317,노래방
6615,"서울특별시 강북구 한천로 1127, 4층 (수유동)",MS 노래연습장,127.01905594543,37.6452973902375,노래방
6616,"서울특별시 강북구 삼양로 167, 2층 (미아동)",신기루 노래연습장,127.021046703129,37.618864197797,노래방
6617,"서울특별시 강북구 솔매로 62, 985동 9230호 (미아동,(2층))",카스노래연습장,127.018972885637,37.6247852084435,노래방
6618,"서울특별시 강북구 한천로140길 15, 지층 (수유동)",빙고노래연습장,127.027213592252,37.6407476222211,노래방
6619,"서울특별시 강북구 도봉로87길 8, 4층 (수유동)",판싱코인,127.025190232805,37.6383953301086,노래방
6620,"서울특별시 강북구 덕릉로 133  (번동,지하)",준노래연습장,127.028543926314,37.6352458935583,노래방
6621,서울특별시 도봉구 덕릉로 229 (창동),슈가 코인노래연습장,127.037703316411,37.6386118352354,노래방
6622,서울특별시 도봉구 덕릉로 226 (창동),대왕 노래연습장,127.037732453196,37.6379769919489,노래방
6623,"서울특별시 도봉구 도봉로 588, 지층 (창동)",MS 노래연습장,127.040104413029,37.657050480671,노래방
6624,"서울특별시 도봉구 방학로6길 41, 지층 (방학동)",YOUTUB 코인노래연습장,127.036279040235,37.6644894113722,노래방
6625,"서울특별시 도봉구 도봉로109길 16, 2층 (쌍문동)",킹노래연습장,127.032392169018,37.6469338222413,노래방
6626,"서울특별시 도봉구 마들로11길 57, EQ빌딩 202,203호 (창동)",세븐스타 코인노래연습장 창동역점,127.05015756821,37.6535060444313,노래방
6627,"서울특별시 도봉구 도봉로 679, 지1층 (방학동)",사계절 노래연습장,127.04247889907,37.6650950531538,노래방
6628,"서울특별시 도봉구 도봉로156길 18, 2층 (도봉동)",VIP 노래연습장,127.045237486336,37.6725879304039,노래방
6629,"서울특별시 도봉구 도봉로 578, 2층 (창동)",큐코인 노래연습장 창동점,127.039703171252,37.6562940617336,노래방
6630,서울특별시 도봉구 덕릉로 226-1 (창동),MS,127.037811455968,37.6380436395435,노래방
6631,"서울특별시 도봉구 도봉산길 51 (도봉동,2층)",즐거운노래연습장,127.039921284031,37.6868995515059,노래방
6632,"서울특별시 도봉구 도당로 54  (방학동,지하1층)",한가족노래연습장,127.034854023313,37.6630149351122,노래방
6633,"서울특별시 도봉구 노해로 379 (창동,대성빌딩지하1층)",메들리노래연습장,127.050255577194,37.6524755488884,노래방
6634,"서울특별시 도봉구 방학로 183 (방학동,지1층)",올레 노래연습장,127.032332990019,37.6617613971042,노래방
6635,"서울특별시 도봉구 우이천로 216  (창동,지1층)",팡팡노래연습장,127.034762674103,37.6384612827571,노래방
6636,"서울특별시 도봉구 덕릉로60다길 43 (창동,지1층)",따봉노래연습장,127.038929217952,37.6370960704726,노래방
6637,"서울특별시 도봉구 방학로 133 (방학동,지층)",2000노래방,127.037312210122,37.6626265810558,노래방
6638,"서울특별시 도봉구 방학로5길 17 (방학동,지층)",SBS노래연습장,127.037799375102,37.6620495276658,노래방
6639,"서울특별시 도봉구 도봉로 773  (도봉동,지층)",썬 노래연습장,127.043942361422,37.6735894083298,노래방
6640,"서울특별시 도봉구 노해로60길 86  (쌍문동,지층)",아리랑노래방,127.032973689655,37.6477103089563,노래방
6641,"서울특별시 도봉구 도봉로110길 68  (창동,지1층)",MBC 노래연습장,127.037374768708,37.6461159676582,노래방
6642,"서울특별시 도봉구 해등로16길 12, 상가지하동 (창동,현대아파트)",팅가팅가,127.040572917949,37.6562348415638,노래방
6643,"서울특별시 도봉구 도당로 122 (방학동,지1층)",태평양노래연습장,127.039845618116,37.6671002035428,노래방
6644,"서울특별시 도봉구 우이천로4길 50  (창동,지1층)",신창노래연습장,127.04207542832,37.6341953494062,노래방
6645,"서울특별시 도봉구 도봉로 693 (방학동,지1층)",센스 노래연습장,127.042686492725,37.6664026615961,노래방
6646,서울특별시 도봉구 도봉로 462 (창동),팝콘노래연습장,127.034118660279,37.6468375610077,노래방
6647,서울특별시 도봉구 도당로 142 (방학동),KBS노래연습장,127.042001244097,37.6670322425077,노래방
6648,서울특별시 도봉구 덕릉로57길 14  (창동),앵콜노래방,127.037728466815,37.6395039823435,노래방
6649,"서울특별시 도봉구 도봉로 590 (창동,2층)",퀸 노래연습장,127.040165721346,37.6572575054805,노래방
6650,서울특별시 도봉구 도당로 137 (방학동),수 노래연습장,127.041584438088,37.6673571936529,노래방
6651,서울특별시 도봉구 해등로 145  (창동),에코노래연습장,127.040170760491,37.6563036340377,노래방
6652,"서울특별시 도봉구 마들로 650  (방학동,213,214호)",도봉월드노래연습장,127.047064658894,37.6680283468222,노래방
6653,"서울특별시 도봉구 노해로69길 21-11  (창동,영진빌딩 501,502호)",뉴월드,127.050075370396,37.6531099173117,노래방
6654,서울특별시 도봉구 덕릉로59길 9  (창동),월드컵,127.03888739785,37.6403308901658,노래방
6655,"서울특별시 도봉구 노해로69길 15-15  (창동,지1층)",점보노래연습장,127.049976589031,37.6528238071177,노래방
6656,서울특별시 도봉구 도봉로 787  (도봉동),은하수 노래연습장,127.044179171177,37.6747640168111,노래방
6657,"서울특별시 도봉구 방학로6길 20  (방학동,지1층)",스타노래연습장,127.037248720186,37.6639437453784,노래방
6658,"서울특별시 도봉구 도봉로170길 30  (도봉동,지1층)",퀸노래연습장,127.047160719289,37.6801196323211,노래방
6659,"서울특별시 도봉구 방학로7길 7  (방학동,지1층)",스타탄생노래연습장,127.036316395226,37.6622996554691,노래방
6660,"서울특별시 도봉구 도당로 117 (방학동,지층)",팡파르 노래연습장,127.039394717469,37.6672701898217,노래방
6661,"서울특별시 도봉구 도당로 94 (방학동,지1층)",애플 노래연습장,127.037366644592,37.665632146213,노래방
6662,"서울특별시 도봉구 노해로63다길 9 (창동,지1층)",세븐 노래연습장,127.046385867547,37.6533167596877,노래방
6663,서울특별시 도봉구 도봉로181길 60  (도봉동),팡팡노래연습장,127.042899119429,37.6849060839872,노래방
6664,"서울특별시 도봉구 도봉로181길 6, 지층 (도봉동)",풍차노래방,127.045604897044,37.6839501223041,노래방
6665,서울특별시 도봉구 도봉로112길 14 (창동),대박노래연습장,127.035402203023,37.6467233885878,노래방
6666,"서울특별시 도봉구 시루봉로 228  (방학동,지층)",스카이노래방,127.035269285774,37.6682796925989,노래방
6667,"서울특별시 도봉구 노해로63다길 6  (창동,신성B/D 지 5)",미래노래연습장,127.04679058523,37.6532092027291,노래방
6668,서울특별시 도봉구 도봉로 570 (창동),즐거운노래연습장,127.03923504158,37.655687947439,노래방
6669,서울특별시 도봉구 방학로6길 12  (방학동),앵콜노래연습장,127.037388356581,37.6635000581447,노래방
6670,"서울특별시 도봉구 도봉로 585  (쌍문동,지1층)",샤방 노래연습장,127.039373995084,37.657221733121,노래방
6671,"서울특별시 도봉구 도봉로 763, 나동 2층 (도봉동)",딸기 노래연습장,127.043750686185,37.6726307472275,노래방
6672,"서울특별시 도봉구 노해로63길 79 (창동,지1층)",스마일 코인 노래연습장,127.046291895459,37.6530884876081,노래방
6673,"서울특별시 도봉구 마들로11가길 15  (창동,지1층)",MBC노래방,127.049257910527,37.6526568870103,노래방
6674,"서울특별시 도봉구 도봉로 587 (쌍문동,지층)",첼로 노래연습장,127.039559615486,37.657415922737,노래방
6675,서울특별시 도봉구 방학로 117 (방학동),LA노래연습장,127.039313172917,37.6626607090148,노래방
6676,"서울특별시 도봉구 노해로60길 102  (쌍문동,지하)",가족노래연습장,127.032617514655,37.6471198132646,노래방
6677,"서울특별시 도봉구 덕릉로 251 (창동,지1층)",K.S 노래방,127.039151077797,37.6401649316932,노래방
6678,"서울특별시 도봉구 도봉로 457 (쌍문동,지1층)",SBS노래연습장,127.033254629653,37.6467757299533,노래방
6679,"서울특별시 도봉구 도당로 80 (방학동,지하1층)",시월디자인노래연습장,127.036344945016,37.6648346469578,노래방
6680,"서울특별시 도봉구 시루봉로 290 (도봉동,지1층)",SBS노래연습장,127.041091414413,37.6710913886587,노래방
6681,"서울특별시 도봉구 도봉로 787  (도봉동,지1층)",준 노래연습장,127.044179171177,37.6747640168111,노래방
6682,"서울특별시 도봉구 도봉로 749 (도봉동,지1층)",KBS 노래연습장,127.043524069593,37.671418743033,노래방
6683,"서울특별시 도봉구 도봉로133길 45 (쌍문동,지1층)",천국 노래연습장,127.03707509342,37.6578045124081,노래방
6684,서울특별시 도봉구 도봉로150길 34 (방학동),SBS 노래연습장,127.045086552662,37.6659254201564,노래방
6685,"서울특별시 도봉구 도봉로110나길 25 (창동,지1층)",팡팡노래연습장,127.03477541377,37.6473190350649,노래방
6686,"서울특별시 도봉구 삼양로 536 (쌍문동,지1층)",974A,127.013270792541,37.6509111295818,노래방
6687,"서울특별시 도봉구 마들로 728 (도봉동,지1층)",황금 노래연습장,127.047617465037,37.6749890047892,노래방
6688,"서울특별시 도봉구 도봉로 669, 지층 (방학동)",MS 노래연습장,127.042312187739,37.6643162151208,노래방
6689,서울특별시 도봉구 도당로 138 (방학동),벤큐노래연습장,127.041614651688,37.6670664365971,노래방
6690,"서울특별시 도봉구 노해로65길 18-0, 지층 (창동)",We코인 노래연습장,127.046473323775,37.652180586111,노래방
6691,"서울특별시 도봉구 해등로 200-15, 지층 (쌍문동)",Bang 코인,127.034479911505,37.6588748550747,노래방
6692,"서울특별시 도봉구 도봉로150길 31, 지층 (방학동, ESA아파트)",스마일 코인노래연습장(방학점),127.045042050462,37.6663679988439,노래방
6693,"서울특별시 도봉구 도봉로 468, 지층 (창동, 흥일빌딩)",가왕코인노래연습장,127.034372618396,37.6473861862855,노래방
6694,"서울특별시 도봉구 도봉로 492, 2층 (창동)",음악대장,127.035455630968,37.6492293678813,노래방
6695,서울특별시 도봉구 도봉로 735  (도봉동),궁전노래방,127.043279608762,37.6701101596423,노래방
6696,"서울특별시 도봉구 마들로 734 (도봉동,지1층)",진 노래연습장,127.047896547893,37.6753473914247,노래방
6697,"서울특별시 도봉구 덕릉로54길 9 (창동,2층)",송송 노래연습장,127.037988438989,37.6376196692553,노래방
6698,"서울특별시 도봉구 도봉산3길 63 (도봉동,지1층)",도봉산,127.043801548807,37.6845308554121,노래방
6699,"서울특별시 도봉구 노해로60길 83 (쌍문동,지1층)",까치노래연습장,127.033242845141,37.6477924932116,노래방
6700,"서울특별시 도봉구 덕릉로63가길 15 (창동,지1층)",팡팡 노래연습장,127.039536473118,37.6434777227061,노래방
6701,"서울특별시 도봉구 방학로 101  (방학동,지1층)",찬찬찬 노래연습장,127.041048322882,37.6626189431173,노래방
6702,서울특별시 도봉구 덕릉로54길 23 (창동),애니 노래연습장,127.038528789888,37.6372454050451,노래방
6703,"서울특별시 도봉구 도봉로181길 22 (도봉동,2층)",킹 노래방,127.044616017727,37.6841934942898,노래방
6704,"서울특별시 도봉구 도봉로 737, 620동 31호 (도봉동)",블루노래방,127.043373284297,37.6703920418765,노래방
6705,서울특별시 도봉구 도봉로153길 18 (도봉동),티파니 노래연습장,127.042474556072,37.6700039564551,노래방
6706,서울특별시 도봉구 도봉로145길 46 (방학동),영 노래연습장,127.040105596757,37.6647283738897,노래방
6707,"서울특별시 도봉구 도당로13길 22  (방학동,지하)",앵콜노래연습장,127.035296884561,37.6657654080945,노래방
6708,"서울특별시 도봉구 도봉로 821 (도봉동,2층)",코코,127.044761237034,37.6777687427787,노래방
6709,"서울특별시 도봉구 도봉로169나길 46  (도봉동,지1층)",SBS노래연습장,127.043573242113,37.6775857483671,노래방
6710,"서울특별시 도봉구 노해로63길 78 (창동,지1층)",비젼 노래연습장,127.046332152249,37.652585903674,노래방
6711,"서울특별시 도봉구 도봉로 689  (방학동,지1층)",태평양2노래연습장,127.042638537797,37.6659864258898,노래방
6712,서울특별시 도봉구 도봉로 586  (창동),큐 노래연습장,127.04000514919,37.6568596863776,노래방
6713,서울특별시 도봉구 도당로 121 (방학동),코러스 노래방,127.03968208823,37.6673573985006,노래방
6714,"서울특별시 도봉구 도봉로 517 (쌍문동,2층)",킹노래연습장,127.036088180096,37.6516165108997,노래방
6715,"서울특별시 도봉구 마들로 689 (도봉동,지1층)",아리랑 노래연습장,127.046309804456,37.6717041036481,노래방
6716,서울특별시 도봉구 방학로 130 (방학동),궁전노래연습장,127.037809637423,37.6630659212693,노래방
6717,"서울특별시 도봉구 덕릉로 244 (창동,지1층)",가요사랑 노래연습장,127.038994138248,37.6392659811392,노래방
6718,"서울특별시 도봉구 도당로 77 (방학동,지1층)",행복노래연습장,127.035740521384,37.6648648343099,노래방
6719,"서울특별시 도봉구 도봉로 519  (쌍문동,2층)",사계절,127.036320646169,37.6519488121315,노래방
6720,"서울특별시 도봉구 도봉로 492 (창동,지1층)",열창,127.035455630968,37.6492293678813,노래방
6721,서울특별시 도봉구 도당로15길 9 (방학동),골든벨,127.036593050166,37.6660003492625,노래방
6722,"서울특별시 도봉구 노해로63길 84-9  (창동,지층)",비틀즈,127.047268829188,37.6525366988117,노래방
6723,서울특별시 도봉구 도봉로156길 22  (도봉동),땡벌,127.045548056649,37.6725691605997,노래방
6724,"서울특별시 도봉구 방학로 155  (방학동,지층)",황제노래연습장,127.034935640942,37.6623222366279,노래방
6725,서울특별시 도봉구 도봉로114길 21 (창동),파티 파티 노래연습장,127.035534041191,37.6475558577679,노래방
6726,서울특별시 도봉구 도봉로150길 27 (방학동),와와 노래연습장,127.044752583125,37.6661908861393,노래방
6727,"서울특별시 도봉구 도당로13길 60 (방학동,지1층)",고향 노래연습장,127.033919123469,37.6670278158908,노래방
6728,서울특별시 도봉구 방학로 117  (방학동),창창노래방,127.039313172917,37.6626607090148,노래방
6729,"서울특별시 도봉구 덕릉로59라길 10  (창동,2층)",테마,127.03874355733,37.6410874942101,노래방
6730,"서울특별시 도봉구 덕릉로59길 25  (창동,지1층)",요요노래연습장,127.038149797839,37.6407661263282,노래방
6731,"서울특별시 도봉구 방학로 124 (방학동,2층)",즐거운 노래연습장,127.038347192398,37.6630654774435,노래방
6732,"서울특별시 도봉구 방학로6길 4 (방학동,지1층)",비엔나 노래연습장,127.037463547219,37.663144687348,노래방
6733,"서울특별시 도봉구 마들로 551, 지하7호 (창동, 쌍용아파트)",원(one) 노래연습장,127.048035937611,37.6594619686214,노래방
6734,서울특별시 도봉구 도봉로153길 30 (도봉동),수 노래연습장,127.041711756749,37.6700514400328,노래방
6735,서울특별시 도봉구 방학로 102  (방학동),에쿠스 노래연습장,127.041111377118,37.6631015767575,노래방
6736,서울특별시 도봉구 마들로 735 (도봉동),에코 노래연습장,127.047643656956,37.6757090567985,노래방
6737,서울특별시 도봉구 노해로69길 26  (창동),스카이 노래연습장,127.05093802275,37.6536805907236,노래방
6738,서울특별시 도봉구 해등로 180 (쌍문동),MS 노래연습장,127.036857259563,37.6577713344378,노래방
6739,서울특별시 도봉구 방학로6길 37  (방학동),747 노래연습장,127.036377937244,37.6643917145821,노래방
6740,서울특별시 도봉구 도봉로153길 14 (도봉동),뮤지컬 노래연습장,127.042732069546,37.6699845824683,노래방
6741,"서울특별시 도봉구 도봉로 879 (도봉동,지하 1층)",OK 노래연습장,127.045605667725,37.6829868864524,노래방
6742,"서울특별시 도봉구 덕릉로54길 8 (창동,지1층)",세븐 노래연습장,127.037711700686,37.6374912775695,노래방
6743,"서울특별시 도봉구 노해로63다길 10  (창동,지층)",풀타임,127.046554623903,37.6533493087801,노래방
6744,"서울특별시 도봉구 마들로11길 57,  지층 101호 (창동)",우리노래연습장,127.05015756821,37.6535060444313,노래방
6745,"서울특별시 도봉구 도봉로167길 3  (도봉동,1층)",등대 노래연습장,127.044644206801,37.6778847431131,노래방
6746,"서울특별시 도봉구 도봉로167길 3  (도봉동,2층)",등대투 노래연습장,127.044644206801,37.6778847431131,노래방
6747,서울특별시 도봉구 도당로 55  (방학동),팝콘 노래방,127.034462398198,37.6631570448056,노래방
6748,"서울특별시 도봉구 도봉로 887 (도봉동,지1층)",MBC 노래연습장,127.045652721176,37.6837369324256,노래방
6749,서울특별시 도봉구 도당로 55  (방학동),팝콘(2)노래연습장,127.034462398198,37.6631570448056,노래방
6750,"서울특별시 도봉구 방학로 214  (방학동,6층)",탑노래연습장,127.028254093346,37.6620975195808,노래방
6751,"서울특별시 도봉구 마들로11가길 13 (창동,3층)",팡팡노래연습장,127.049203340119,37.652904680016,노래방
6752,"서울특별시 도봉구 해등로 146, 지층 (창동)",인코인노래연습장,127.040284368676,37.6566156955046,노래방
6753,"서울특별시 도봉구 해등로 176, 지층 (쌍문동)",자메이카 코인 노래연습장,127.037106410224,37.6576534078895,노래방
6754,"서울특별시 도봉구 도당로 141, 지층 (방학동)",킹콩코인노래연습장,127.041926498665,37.6673415756987,노래방
6755,"서울특별시 도봉구 도봉로169나길 42-1, 지층 (도봉동)",비트코인 노래연습장(도봉점),127.043573206634,37.6777189130576,노래방
6756,"서울특별시 도봉구 우이천로 216 (창동,지층)",토마토 노래연습장,127.034762674103,37.6384612827571,노래방
6757,"서울특별시 도봉구 도봉로145길 34 (방학동,지층)",K-팝 노래연습장,127.040648936717,37.6647145830879,노래방
6758,"서울특별시 도봉구 도봉로181길 13  (도봉동,지층)",럭셔리 노래연습장,127.045170763739,37.6838741567493,노래방
6759,"서울특별시 도봉구 덕릉로59길 25 (창동,지층)",요요 노래연습장,127.038149797839,37.6407661263282,노래방
6760,"서울특별시 도봉구 해등로16길 7  (창동,지층)",드림 노래연습장,127.040823902265,37.6563813447683,노래방
6761,"서울특별시 도봉구 도봉로181길 21  (도봉동,지층)",센스 노래연습장,127.044666471118,37.6840116578554,노래방
6762,"서울특별시 도봉구 덕릉로 220-0, 2층 (창동)",소리샘 노래연습장,127.037389882528,37.6376121119885,노래방
6763,"서울특별시 도봉구 노해로63다길 6, 204호 (창동)",물 노래연습장,127.04679058523,37.6532092027291,노래방
6764,"서울특별시 도봉구 도봉로145길 5,  지1층호 (방학동)",쎄븐 노래연습장,127.042195662831,37.6644934798063,노래방
6765,"서울특별시 도봉구 노해로63길 84-9 (창동,지층 101호)",뉴비틀즈 노래연습장,127.047268829188,37.6525366988117,노래방
6766,"서울특별시 도봉구 덕릉로 244-1 (창동,2층)",쿨 노래연습장,127.03908028701,37.6393432571271,노래방
6767,"서울특별시 도봉구 도봉로 464 (창동,2층)",쿨 노래연습장,127.03419454014,37.6469994457923,노래방
6768,"서울특별시 도봉구 방학로 132 (방학동,지하 1층)",대박노래연습장,127.037549973923,37.6630470836118,노래방
6769,서울특별시 도봉구 도봉로181길 18 (도봉동),게코 노래연습장,127.044903275309,37.6841625718239,노래방
6770,"서울특별시 도봉구 덕릉로 223, 2층 (창동)",카라 노래연습장,127.037330665726,37.6381409188252,노래방
6771,"서울특별시 도봉구 도당로 90, 지층 (방학동)",대박 노래연습장,127.036903264953,37.6653145161836,노래방
6772,서울특별시 도봉구 방학로6길 37 (방학동),747 노래연습장,127.036377937244,37.6643917145821,노래방
6773,서울특별시 도봉구 도봉로110나길 25 (창동),팡팡노래연습장,127.03477541377,37.6473190350649,노래방
6774,"서울특별시 도봉구 우이천로4길 31  (창동,지1층)",네박자 노래연습장,127.041107174419,37.6340960417198,노래방
6775,"서울특별시 도봉구 도봉로 467 (쌍문동,2층)",최신노래연습장,127.033646804049,37.6475344271176,노래방
6776,"서울특별시 도봉구 도봉로 891 (도봉동,지하)",오란다,127.045739057138,37.6840240406338,노래방
6777,"서울특별시 도봉구 도봉로145나길 12 (방학동,지하)",퀸노래연습장,127.042090564851,37.6652379077218,노래방
6778,"서울특별시 도봉구 해등로 200 (쌍문동,2층)",필노래연습장,127.034530737769,37.6582581181515,노래방
6779,"서울특별시 도봉구 덕릉로59길 6  (창동,지1층)",하트노래연습장,127.039115153473,37.6403664037678,노래방
6780,"서울특별시 도봉구 도당로 145 (방학동,지1층)",즐거운노래연습장,127.042520040314,37.6672787450874,노래방
6781,서울특별시 도봉구 방학로2길 11 (방학동),친구노래방,127.040782983819,37.663411357954,노래방
6782,"서울특별시 도봉구 시루봉로 306 (도봉동,지1층)",오렌지 노래연습장,127.043134330014,37.6711453487247,노래방
6783,"서울특별시 도봉구 시루봉로 220  (방학동,지1층)",은하수노래방,127.034505516055,37.6679167333215,노래방
6784,서울특별시 도봉구 덕릉로 222 (창동),용궁노래방,127.037625298928,37.6378039469551,노래방
6785,"서울특별시 도봉구 삼양로144길 3  (쌍문동,지1층)",맨하탄노래방,127.013157826643,37.6516226484899,노래방
6786,"서울특별시 도봉구 덕릉로54길 7 (창동,지1층)",하모니 노래연습장,127.037836757238,37.6376671999064,노래방
6787,서울특별시 도봉구 덕릉로 236 (창동),오페라노래연습장,127.038510983653,37.6387460013087,노래방
6788,"서울특별시 도봉구 방학로5길 10 (방학동,지1층)",지구노래연습장,127.03739615016,37.662317247623,노래방
6789,"서울특별시 도봉구 도봉로169나길 42-1, 지층 (도봉동)",도봉코인노래연습장,127.043573206634,37.6777189130576,노래방
6790,"서울특별시 도봉구 도봉로181길 8, 지층 (도봉동)",팝콘 노래연습장,127.045469024742,37.6840423448057,노래방
6791,"서울특별시 도봉구 삼양로 536, 지민빌딩 지층 (쌍문동)",코인홀릭 코인노래연습장 덕성여대점,127.013270792541,37.6509111295818,노래방
6792,"서울특별시 도봉구 노해로69길 21-11, 2층 (창동)",#아레나 노래연습장,127.050075370396,37.6531099173117,노래방
6793,"서울특별시 도봉구 도봉로165길 8 (도봉동,지층)",마루노래연습장,127.044468079375,37.6775594661848,노래방
6794,"서울특별시 도봉구 도당로 130 (방학동,지층)",맘모스 노래연습장,127.040789432183,37.6671178104486,노래방
6795,"서울특별시 도봉구 도봉로110나길 31 (창동,지층)",캉캉노래연습장,127.034969423959,37.6476012558533,노래방
6796,"서울특별시 도봉구 도당로 81 (방학동,지층)",쌩큐노래연습장,127.036020942905,37.6651410798294,노래방
6797,"서울특별시 도봉구 방학로 159, 지층동 (방학동,하나빌딩)",K2노래연습장,127.034447487498,37.6622836380009,노래방
6798,"서울특별시 도봉구 마들로11가길 12  (창동,다모아빌딩 404호)",빙고노래연습장,127.048802690211,37.6528132165075,노래방
6799,"서울특별시 도봉구 도봉로 581 (쌍문동,지층)",SBS노래연습장,127.039323680367,37.6570120913861,노래방
6800,서울특별시 도봉구 도봉로181길 15  (도봉동),스타노래연습장,127.044960509031,37.6839458648362,노래방
6801,"서울특별시 도봉구 노해로63길 84-9  (창동,지층)",비틀즈 노래연습장,127.047268829188,37.6525366988117,노래방
6802,"서울특별시 도봉구 도당로 14 (쌍문동,다보빌딩 3층)",O2노래연습장,127.035163698697,37.6594959702199,노래방
6803,"서울특별시 도봉구 도봉로 463-1  (쌍문동,2층)",스피드노래연습장,127.033498612569,37.6473307569141,노래방
6804,"서울특별시 도봉구 해등로 161 (쌍문동,2층)",커플 노래연습장,127.038464142509,37.6568893006367,노래방
6805,"서울특별시 도봉구 노해로67길 2  (창동,한국빌딩 지층)",레인보우 노래연습장,127.050028339319,37.6524302359464,노래방
6806,"서울특별시 도봉구 방학로 137 (방학동,지층)",샾 노래연습장,127.037014012845,37.662605231652,노래방
6807,서울특별시 도봉구 덕릉로54길 8  (창동),OK노래연습장,127.037711700686,37.6374912775695,노래방
6808,서울특별시 도봉구 도봉로145길 8 (방학동),루팡 노래연습장,127.042102633443,37.6647325432745,노래방
6809,"서울특별시 도봉구 노해로65길 11  (창동,지1층)",서라벌 노래방,127.046193194873,37.6518116535822,노래방
6810,"서울특별시 도봉구 도봉로125길 75 (쌍문동,지1층)",와와 노래연습장,127.036818454363,37.6558404518518,노래방
6811,서울특별시 도봉구 도당로13길 52 (방학동),일번지 노래연습장,127.034143441422,37.6668088128997,노래방
6812,"서울특별시 도봉구 도봉로153길 14  (도봉동,지1층)",까치,127.042732069546,37.6699845824683,노래방
6813,서울특별시 도봉구 방학로 192 (방학동),공간,127.030855447811,37.6623100399717,노래방
6814,"서울특별시 도봉구 덕릉로60다길 21  (창동,지층)",궁전노래방,127.039636754377,37.6379419499396,노래방
6815,"서울특별시 도봉구 방학로6길 30 (방학동,지층)",악쓰는하마,127.036964849706,37.6642547632104,노래방
6816,"서울특별시 도봉구 도당로 92 (방학동,2층)",별노래연습장,127.037169132341,37.6654853487563,노래방
6817,서울특별시 도봉구 도당로13길 15 (방학동),도깨비 노래연습장,127.035334324739,37.6653668931008,노래방
6818,서울특별시 도봉구 노해로63다길 6  (창동),사랑방 노래연습장,127.04679058523,37.6532092027291,노래방
6819,"서울특별시 도봉구 도봉로133길 9 (쌍문동,지1층)",MBC 노래연습장,127.039087653089,37.6572922851424,노래방
6820,"서울특별시 도봉구 도당로27길 48 (방학동,지1층)",럭키 노래연습장,127.041067864224,37.6694936890142,노래방
6821,"서울특별시 도봉구 해등로 129  (창동,5층)",썬노래연습장,127.040436964996,37.6550518985483,노래방
6822,"서울특별시 도봉구 해등로26길 21  (쌍문동,지1층)",파티 노래연습장,127.032696274346,37.6590261872914,노래방
6823,"서울특별시 도봉구 도당로 75  (방학동,2층)",도레미노래방,127.035389753704,37.6649014297959,노래방
6824,"서울특별시 도봉구 도봉로150길 28 (방학동,2층)",두배로노래연습장,127.044716380663,37.6659242996967,노래방
6825,"서울특별시 도봉구 도봉로 728  (방학동,2층)",큐 노래 연습장,127.043857993293,37.6692947392108,노래방
6826,"서울특별시 도봉구 방학로3길 102 (쌍문동,지1층)",팡팡 노래연습장,127.038838868495,37.6587572737742,노래방
6827,"서울특별시 도봉구 도봉로 675 (방학동,지층)",OK노래연습장,127.0423790577,37.6647154157462,노래방
6828,서울특별시 도봉구 도봉로 460-1 (창동),아트 노래연습장,127.034078514825,37.6467652236262,노래방
6829,"서울특별시 도봉구 마들로11길 57, EQ빌딩 B101호 (창동)",슈노래연습장,127.05015756821,37.6535060444313,노래방
6830,"서울특별시 도봉구 도봉로181길 41, 2층 (도봉동)",엔젤스 코인노래연습장 도봉점,127.043471536797,37.684346367161,노래방
6831,"서울특별시 도봉구 노해로63길 84-4  (창동,지1층)",별노래방,127.04660633588,37.65268364239,노래방
6832,"서울특별시 도봉구 노해로60길 102  (쌍문동,지1층)",가족노래방,127.032617514655,37.6471198132646,노래방
6833,서울특별시 도봉구 도당로 55  (방학동),팝콘노래방,127.034462398198,37.6631570448056,노래방
6834,"서울특별시 도봉구 도봉로109길 11  (쌍문동,지1층)",한양 노래방,127.032607458599,37.6466671618778,노래방
6835,"서울특별시 도봉구 도봉로 891  (도봉동,지1층)",신나는,127.045739057138,37.6840240406338,노래방
6836,"서울특별시 도봉구 도봉로145나길 12  (방학동,지1층)",만남,127.042090564851,37.6652379077218,노래방
6837,"서울특별시 노원구 동일로 1095, 지층 (공릉동)",토마토,127.071663729948,37.6277019180959,노래방
6838,"서울특별시 노원구 한글비석로23길 38, 지층 (상계동)",노다지노래연습장,127.07088953315,37.6591561877939,노래방
6839,"서울특별시 노원구 동일로 1061, 지층 (공릉동, 남경빌딩)",코리아나노래연습장,127.072968062631,37.6246833540824,노래방
6840,"서울특별시 노원구 덕릉로83길 6, 2층 (중계동)",MS 노래연습장,127.075043966683,37.660018380053,노래방
6841,"서울특별시 노원구 동일로180길 17, 지하층 (공릉동)",도깨비 노래연습장,127.075278728314,37.6224531309862,노래방
6842,"서울특별시 노원구 노해로85길 14, 지층 (상계동)",썬,127.065268919304,37.6560678024865,노래방
6843,"서울특별시 노원구 공릉로 208, 202호 (공릉동)",락휴,127.077780007937,37.6282707117848,노래방
6844,"서울특별시 노원구 동일로242가길 22, 202호 (상계동, SN타워)",팡팡 노래연습장,127.056028731455,37.6768114134294,노래방
6845,"서울특별시 노원구 덕릉로83길 26, 지층 (중계동)",럭셔리 노래연습장,127.074066323885,37.6603183940862,노래방
6846,"서울특별시 노원구 상계로3길 21, 3층 302호 (상계동)",스타동전 노래연습장,127.062275580083,37.6572141183604,노래방
6847,"서울특별시 노원구 석계로 4, 지층 (월계동)",악쓰는하마 코인 노래연습장,127.064782434157,37.6153793082007,노래방
6848,"서울특별시 노원구 노해로81길 12-21, 4층 (상계동)",악쓰는 하마,127.063400497207,37.6557798765077,노래방
6849,"서울특별시 노원구 한글비석로20길 38, 지층 (중계동)",청개구리노래연습장,127.074290524104,37.6608022602873,노래방
6850,"서울특별시 노원구 덕릉로126길 48, 2층 (상계동)",짱,127.08311754447,37.6720486251052,노래방
6851,"서울특별시 노원구 석계로 9, 4층 (월계동, 성문내과)",심포니,127.064437714692,37.615707276481,노래방
6852,"서울특별시 노원구 동일로191길 28, 지층 (공릉동)",즐거운,127.071377694405,37.6250994114601,노래방
6853,서울특별시 노원구 동일로 1644 (상계동),수락,127.055575761515,37.6751482401534,노래방
6854,"서울특별시 노원구 한글비석로 227, 지층 (중계동, 이진빌딩)",MC,127.076251603698,37.6479118263804,노래방
6855,"서울특별시 노원구 동일로 1593, 지층 (상계동, 서원상가)",딩동댕,127.055778970548,37.6707082070833,노래방
6856,"서울특별시 노원구 석계로 15, 지층 (월계동)",놀러와 노래연습장,127.064303872811,37.616144689183,노래방
6857,"서울특별시 노원구 덕릉로83길 15, 지층 (중계동)",킹노래연습장,127.074430798468,37.6598620878697,노래방
6858,"서울특별시 노원구 노해로85길 15-7, 2층 (상계동)",궁,127.065509661031,37.6563685069535,노래방
6859,"서울특별시 노원구 한글비석로24길 56, 1층 (상계동)",K-1노래연습장,127.073258497008,37.6628618279185,노래방
6860,"서울특별시 노원구 동일로 1063, 2층 (공릉동)",해성노래연습장,127.072920488967,37.624918541058,노래방
6861,"서울특별시 노원구 석계로7길 4, 지층 (월계동)",썸 노래연습장,127.063907031859,37.6167214470894,노래방
6862,서울특별시 노원구 상계로 96-0 (상계동),로또,127.065555570438,37.6566402176287,노래방
6863,"서울특별시 노원구 한글비석로22길 18, 지층 (중계동)",초이스 노래연습장,127.073424691032,37.6603741154768,노래방
6864,"서울특별시 노원구 석계로3길 3, 5층 (월계동, 한주빌딩)",락 노래연습장,127.064332704491,37.6155596617944,노래방
6865,"서울특별시 노원구 한글비석로23길 39, 지층 (상계동)",금잔디 노래연습장,127.071117242227,37.659066673356,노래방
6866,"서울특별시 노원구 동일로 1370, 지층 (상계동, 현대프라자빌딩)",필 노래연습장,127.061845828421,37.6509128734287,노래방
6867,"서울특별시 노원구 한글비석로23길 34, 2층 (상계동)",황금 노래연습장,127.070949591159,37.6593868029702,노래방
6868,"서울특별시 노원구 한글비석로20길 16, 지층 (중계동)",킹콩,127.073843870102,37.6598784942207,노래방
6869,"서울특별시 노원구 석계로 21, 지층 (월계동)",오디션,127.064136815562,37.6166826700344,노래방
6870,"서울특별시 노원구 상계로 96-1, 지층 (상계동)",발리 노래연습장,127.065745113539,37.6567091273636,노래방
6871,"서울특별시 노원구 노해로83길 10-4, 4층 (상계동)",하트,127.064597827562,37.6557032741273,노래방
6872,"서울특별시 노원구 덕릉로83길 20-5, 2층 (중계동)",케이팝,127.074276928102,37.6603512375802,노래방
6873,"서울특별시 노원구 상계로5길 31, 5층 (상계동)",프리미엄청개구리 노래연습장,127.063002136433,37.6568270310995,노래방
6874,"서울특별시 노원구 상계로 65, B02호, B03호 (상계동)",조아코인 노래연습장,127.062249590194,37.6563543249568,노래방
6875,"서울특별시 노원구 석계로 12, 지층 (월계동)",라이브노래방,127.064633685036,37.6158642115638,노래방
6876,"서울특별시 노원구 한글비석로31길 27, 2층 (상계동, 진영빌딩)",영상노래연습장,127.069442880921,37.6606297926415,노래방
6877,서울특별시 노원구 동일로 1032 (공릉동),물방아,127.07442041985,37.6223143828035,노래방
6878,"서울특별시 노원구 상계로 135, 3층 (상계동, 들무새교회)",요기요,127.069518404775,37.6584894665077,노래방
6879,"서울특별시 노원구 동일로180길 24, 지하층 (공릉동)",해피 노래연습장,127.075662646292,37.6223705352101,노래방
6880,"서울특별시 노원구 덕릉로83길 5, 지층 (중계동)",코코 노래연습장,127.075020979461,37.6596995373339,노래방
6881,"서울특별시 노원구 동일로242길 23, 지층 (상계동)",팝콘 노래연습장,127.056834245967,37.6756180416625,노래방
6882,"서울특별시 노원구 노해로81길 12-15, 3층 (상계동)",락휴 노래연습장,127.063095172733,37.6557494969152,노래방
6883,"서울특별시 노원구 공릉로 137, 2층 (공릉동)",쏭쏭 노래방,127.079082259164,37.6224422640289,노래방
6884,"서울특별시 노원구 한글비석로20길 32, 지층 (중계동)",SBS,127.074216505012,37.6605619250583,노래방
6885,"서울특별시 노원구 석계로 12-1, 지하층 (월계동)",필 노래연습장,127.064602958158,37.6159580212655,노래방
6886,"서울특별시 노원구 동일로242가길 52, 2층 (상계동)",스타 노래연습장,127.055884751891,37.6783018809437,노래방
6887,"서울특별시 노원구 동일로218길 25, 지층 (상계동, 석창빌딩)",은하수,127.062249526557,37.6539704160628,노래방
6888,"서울특별시 노원구 섬밭로 316 (중계동, 시영1단지b상가지하)",신바람노래연습장,127.063052005752,37.6439662833968,노래방
6889,"서울특별시 노원구 상계로 320, 지층 (상계동, 불암빌딩)",썬 노래연습장,127.080774845468,37.6702915403602,노래방
6890,"서울특별시 노원구 화랑로 325, 지층 (월계동, 우현빌딩)",JK노래연습장,127.064043360012,37.6149530035255,노래방
6891,"서울특별시 노원구 상계로 64, 2층 (상계동, 화랑빌딩)",코인별 노래연습장,127.062277905261,37.6557918268818,노래방
6892,"서울특별시 노원구 공릉로20길 4 (공릉동, 지하)",여왕 노래연습장,127.078640163094,37.6192308997295,노래방
6893,"서울특별시 노원구 석계로 103, 지하호 (월계동, 동우빌딩)",J코인 노래연습장,127.060712349808,37.6228376867667,노래방
6894,"서울특별시 노원구 공릉로 221, 2층 (공릉동)",케이팝코인 노래연습장,127.076926380319,37.6288960152578,노래방
6895,"서울특별시 노원구 상계로 301-1, 2층 (상계동)",신앗싸 노래연습장,127.078661772791,37.6704603705757,노래방
6896,"서울특별시 노원구 석계로 8-1, 지층 (월계동)",25시,127.064695026076,37.615677493182,노래방
6897,"서울특별시 노원구 덕릉로 795, 지층 (상계동)",한마음,127.079104514056,37.668008868263,노래방
6898,"서울특별시 노원구 석계로 101, 2층 (월계동, 북부농협)",스타노래연습장,127.060937824443,37.6229069465559,노래방
6899,"서울특별시 노원구 상계로5길 26, 2층 (상계동)",락휴,127.063254867375,37.6571079121252,노래방
6900,"서울특별시 노원구 덕릉로 823, 지층 (상계동)",월드컵노래방,127.080633953793,37.6700813480645,노래방
6901,"서울특별시 노원구 화랑로 335, 4층 (월계동)",팡팡노래연습장,127.064982783543,37.6151019639314,노래방
6902,"서울특별시 노원구 덕릉로 824, 2층 (상계동)",판타스틱 코인노래연습장,127.081225505529,37.6700747254168,노래방
6903,"서울특별시 노원구 덕릉로 814, 재원빌딩 지층 (상계동)",럭셔리노래연습장,127.080589613615,37.6693277987565,노래방
6904,"서울특별시 노원구 노해로 495, 삼성빌딩 지층 (상계동)",시그니처코인노래연습장,127.063089199491,37.6551188125687,노래방
6905,"서울특별시 노원구 동일로241가길 6, 지층 (상계동)",자메이카 코인노래연습장 수락산점,127.054612963193,37.6765923287223,노래방
6906,"서울특별시 노원구 공릉로 101, 경동상가 (공릉동)",청춘 노래연습장,127.077841683528,37.6193014358931,노래방
6907,"서울특별시 노원구 월계로 338, 2층 (월계동, 월계역신도브래뉴)",팝스타 코인노래연습장,127.058073069629,37.6292922424687,노래방
6908,"서울특별시 노원구 동일로203가길 29, 2층 228, 229호 (중계동, 브라운스톤중계)",세븐스타코인노래연습장 중계점,127.06428375943,37.6398759609875,노래방
6909,"서울특별시 노원구 노해로79길 6-19, 화랑상가 지층호 (상계동)",투에이스 코인 노래연습장,127.062451047074,37.6554979250604,노래방
6910,"서울특별시 노원구 한글비석로20길 10, 지층 (중계동)",골드문 노래연습장,127.07371762424,37.6596549495786,노래방
6911,"서울특별시 노원구 한글비석로 250, 그린코아상가 B02호 (중계동)",판타스틱 코인노래연습장 중계점,127.077011970264,37.6500289131025,노래방
6912,"서울특별시 노원구 덕릉로 789, 지층 (상계동)",와우 노래연습장,127.078754520703,37.6675921288169,노래방
6913,"서울특별시 노원구 동일로 1045, 세종빌딩 지하1층 (공릉동)",코코,127.073411876507,37.6234059297882,노래방
6914,"서울특별시 노원구 공릉로 198, 지층 (공릉동)",리코스타코인 노래연습장 과기대점,127.078601108937,37.6274300879998,노래방
6915,"서울특별시 노원구 상계로 98, 광복빌딩 지층 (상계동)",명작 노래연습장,127.065871190478,37.6566458981912,노래방
6916,"서울특별시 노원구 동일로 1066, 지층 (공릉동)",첼로 노래연습장,127.073431821839,37.6252572652872,노래방
6917,"서울특별시 노원구 한글비석로20길 14, 지층 (중계동)",탑 노래연습장,127.073780654431,37.6597876247461,노래방
6918,"서울특별시 노원구 노해로81길 22-22, 지층 (상계동)",팡팡 노래연습장,127.063754864032,37.6559102378314,노래방
6919,"서울특별시 노원구 공릉로 191-4, 지층 B01호 (공릉동)",썸 노래연습장,127.07867755799,37.6269844992523,노래방
6920,"서울특별시 노원구 상계로 70, 지층 (상계동, 화랑빌딩)",준노래연습장,127.062768782263,37.6560029371167,노래방
6921,"서울특별시 노원구 동일로173가길 148, 지층 (공릉동)",팡팡 노래연습장,127.071806733088,37.6247998433269,노래방
6922,"서울특별시 노원구 석계로 11, 지층 (월계동)",짱노래연습장,127.064404529069,37.6158396497738,노래방
6923,"서울특별시 노원구 동일로242길 25, 지층 (상계동, 재성빌딩)",귀빈노래연습장,127.056974075564,37.6755510314488,노래방
6924,"서울특별시 노원구 덕릉로83길 14-7, 지층 (중계동, 희재빌딩)",명 노래연습장,127.07467480747,37.6603206232995,노래방
6925,"서울특별시 노원구 동일로192길 85, 지층 (공릉동)",허스키노래연습장,127.077393797652,37.6276991097115,노래방
6926,"서울특별시 노원구 공릉로 199, 지층 (공릉동, 유성빌딩)",애플,127.078327140426,37.6272728678546,노래방
6927,"서울특별시 노원구 동일로 1595, 2층 (상계동)",블루,127.055696156352,37.6709178141373,노래방
6928,"서울특별시 노원구 동일로239가길 22, 지층 (상계동, 한올빌딩)",황진이 노래연습장,127.054845931436,37.6761566873541,노래방
6929,"서울특별시 노원구 동일로192길 83, 지층 (공릉동)",VIP노래연습장,127.077197965689,37.6275129140111,노래방
6930,"서울특별시 노원구 중계로 201, 지층 (중계동)",O₂노래연습장,127.077782301891,37.650467997279,노래방
6931,"서울특별시 노원구 덕릉로 771, 지층 (상계동, 상계동교회)",황금,127.077749095853,37.6662222244933,노래방
6932,"서울특별시 노원구 광운로 61, 지층 (월계동, 국민은행)",환타지아,127.059896839864,37.6230700176402,노래방
6933,"서울특별시 노원구 상계로 97, 지층 (상계동, 노원위너스빌딩)",올래 노래연습장,127.065665868534,37.6570616356487,노래방
6934,"서울특별시 노원구 석계로3길 16, 지층 (월계동)",킹카 노래연습장,127.063933091898,37.6159380237475,노래방
6935,"서울특별시 노원구 동일로242가길 16, 지층 (상계동, 은혜선교유아교실)",노원노래연습장,127.056017330175,37.6765734702975,노래방
6936,"서울특별시 노원구 월계로49길 5, 지층 (월계동, 월계1단지주공아파트)",궁노래연습장,127.056189741784,37.6293440600851,노래방
6937,"서울특별시 노원구 한글비석로24길 56, 2층 (상계동)",K-1노래연습장,127.073258497008,37.6628618279185,노래방
6938,"서울특별시 노원구 상계로 64 (상계동, 화랑빌딩)",별노래연습장,127.062277905261,37.6557918268818,노래방
6939,"서울특별시 노원구 덕릉로83길 16, 지층 (중계동)",팝콘노래연습장,127.07456850641,37.6600986887251,노래방
6940,"서울특별시 노원구 상계로3길 9, 2층 (상계동, 성광빌딩)",더샾노래연습장,127.06221518856,37.6566853639068,노래방
6941,"서울특별시 노원구 공릉로 207, 지층 (공릉동, 세림빌딩)",영순이 노래연습장,127.077654342837,37.6279118416065,노래방
6942,"서울특별시 노원구 덕릉로83길 20-4, 지층 (중계동)",로데오노래연습장,127.074519071543,37.6603033328447,노래방
6943,"서울특별시 노원구 석계로3길 10, 지층 (월계동)",팝콘노래연습장,127.064114695854,37.6158529620278,노래방
6944,"서울특별시 노원구 동일로246길 12, 2층 (상계동, 서울해장국)",SBS노래연습장,127.056003935715,37.6785095901011,노래방
6945,"서울특별시 노원구 동일로192길 91, 지층 (공릉동)",엣지코인 노래연습장,127.077782501543,37.6277284965685,노래방
6946,"서울특별시 노원구 덕릉로83길 22, 2층 (중계동)",아지트 코인노래연습장,127.074209796325,37.6601982030916,노래방
6947,"서울특별시 노원구 석계로3길 21, 지층 (월계동)",노다지 노래연습장,127.063505656195,37.6159688881465,노래방
6948,"서울특별시 노원구 노해로85길 10-2, 2층 (상계동, 백영빌딩)",뱅크,127.065330490291,37.6558491000452,노래방
6949,"서울특별시 노원구 광운로 66-1, 지층 (월계동)",짱,127.060294553538,37.6232132522452,노래방
6950,"서울특별시 노원구 노해로83길 10-11, 지층 (상계동, 영창빌딩)",핫 노래연습장,127.0649427189,37.6560121216298,노래방
6951,"서울특별시 노원구 섬밭로 263, 지층 31-1호 (중계동, 롯데상가)",딩동댕 노래연습장,127.06381950095,37.6391399283859,노래방
6952,"서울특별시 노원구 상계로 59, 4층 (상계동, 동익빌딩)",탈렌트노래연습장,127.06151518884,37.6561602782805,노래방
6953,"서울특별시 노원구 상계로 76, 지층 (상계동, 정암빌딩)",앗싸노래연습장,127.063442617087,37.6561357418001,노래방
6954,"서울특별시 노원구 동일로242가길 9, 지층 (상계동, 수연빌딩)",탑,127.055676315367,37.6763726233535,노래방
6955,"서울특별시 노원구 노해로83길 10-2, 지층 (상계동, 한성빌딩)",장터노래연습장,127.064464972554,37.6556596491696,노래방
6956,"서울특별시 노원구 동일로242나길 14, 지층 (상계동)",수락산노래연습장,127.05649475172,37.6762237528162,노래방
6957,"서울특별시 노원구 동일로 1533, 지층 (상계동, 백산빌딩)",해성노래연습장,127.057246351895,37.6653647809563,노래방
6958,"서울특별시 노원구 동일로 1048, 지층 (공릉동)",태양노래연습장,127.073937845108,37.6236617520042,노래방
6959,"서울특별시 송파구 송파대로30길 3-6, 지하1층 (가락동)",탐탐 노래연습장,127.117813137356,37.4944638253892,노래방
6960,"서울특별시 노원구 노원로 468, 지층 (상계동, 주양빌딩)",폭스,127.065958514344,37.6581254418568,노래방
6961,"서울특별시 노원구 공릉로 223, 지층 (공릉동, 도곡빌딩)",세븐스타코인노래연습장(서울과기대점),127.076784410758,37.6290929732108,노래방
6962,"서울특별시 노원구 덕릉로 822, 2층 (상계동, 한길로약국)",뮤직큐,127.081039940065,37.669851410048,노래방
6963,"서울특별시 노원구 노원로34길 66, 지층 (상계동)",보람,127.065998195167,37.6619837827574,노래방
6964,"서울특별시 노원구 한글비석로24길 10, 지층 (상계동)",하모니,127.071622477252,37.661316298509,노래방
6965,"서울특별시 노원구 동일로242길 16-1, 지층 (상계동, 태석빌딩)",파워노래연습장,127.056327364533,37.6753775431965,노래방
6966,"서울특별시 노원구 노해로75길 14-18, 2층 (상계동, 도영빌딩)",로즈,127.05839332581,37.6544780192312,노래방
6967,"서울특별시 노원구 동일로 1352, 지층 (상계동)",꿈돌이,127.062302373264,37.6494044777358,노래방
6968,"서울특별시 노원구 석계로 17, 지하호 (월계동, 농협)",만점 노래연습장,127.064258253225,37.6163068919087,노래방
6969,"서울특별시 노원구 동일로 1099, 지층 (공릉동)",바이킹,127.071549981192,37.6279248911589,노래방
6970,"서울특별시 노원구 동일로 1053, 지층 (공릉동, 영진빌딩)",펑키,127.073193070818,37.624028557637,노래방
6971,"서울특별시 노원구 노해로81길 12-4, 3층 (상계동, 화랑상가)",블루,127.063087616437,37.6553908199503,노래방
6972,"서울특별시 노원구 노해로85길 15-5, 지층 (상계동)",마돈나,127.065345577197,37.6563830136738,노래방
6973,"서울특별시 노원구 상계로 61 (상계동, 성임빌딩)",슈퍼스타 코인 노래연습장,127.061896573549,37.6562116149579,노래방
6974,"서울특별시 노원구 상계로3길 15 (상계동, 현우빌딩)",리코스타 코인 노래연습장,127.062174097413,37.6568770244428,노래방
6975,"서울특별시 노원구 한글비석로 271 (중계동, 태경빌딩)",리코스타 코인노래연습장,127.077056587374,37.6519742860545,노래방
6976,"서울특별시 노원구 덕릉로83길 25, 지하층 (중계동)",세븐스타 코인노래연습장(상계역점),127.073977711215,37.6601032953297,노래방
6977,서울특별시 노원구 공릉로 219 (공릉동),코인스타 노래연습장,127.077009452707,37.6288199178337,노래방
6978,"서울특별시 노원구 상계로3길 28, 2층 (상계동, 영빈빌딩)",큐코인노래연습장,127.062631810118,37.6573981805623,노래방
6979,서울특별시 노원구 석계로 98-1 (월계동),휴코인노래연습장,127.061060877189,37.62350432752,노래방
6980,"서울특별시 노원구 동일로 1547, 지층 (상계동, 동남빌딩)",히든코인싱어 노래연습장,127.056931384286,37.6665575614389,노래방
6981,"서울특별시 노원구 동일로 1323, 지하1층 (상계동, 하라프라자센타)",아프리카마이크노래연습장,127.062619518352,37.6468094778429,노래방
6982,"서울특별시 노원구 동일로 1672, 지층 (상계동)",372코인 노래연습장,127.055567353012,37.6775530472449,노래방
6983,"서울특별시 노원구 상계로 74, 지층 (상계동)",악쓰는하마 코인노래연습장,127.063126699198,37.6560432002233,노래방
6984,"서울특별시 노원구 덕릉로83길 18, 지층호 (중계동)",스타 노래연습장,127.074419173589,37.6601375252328,노래방
6985,"서울특별시 노원구 석계로 4, 지하1층 (월계동)",악쓰는 하마 코인노래연습장,127.064782434157,37.6153793082007,노래방
6986,"서울특별시 노원구 한글비석로52길 8, 2층 (상계동)",솔로몬1,127.066475087214,37.6648832320965,노래방
6987,"서울특별시 노원구 상계로 55, 지층 2호 (상계동, 위성프라자)",위성Q,127.061162881077,37.656050001067,노래방
6988,"서울특별시 노원구 공릉로 168, 지층 (공릉동)",비바 노래연습장,127.079990282962,37.6249914451201,노래방
6989,"서울특별시 노원구 상계로3길 32, 지층 (상계동)",앵콜,127.062662029942,37.6576217882174,노래방
6990,"서울특별시 노원구 한글비석로 415, 2층 (상계동, 민지유치원)",린스,127.070496623969,37.6614417626383,노래방
6991,"서울특별시 노원구 동일로 1650, 지층 (상계동)",버즈,127.055546879508,37.6754838685069,노래방
6992,"서울특별시 노원구 동일로217가길 23, 3층 (상계동, 백경약국)",로데오,127.059074805477,37.6532734267768,노래방
6993,"서울특별시 노원구 석계로8가길 29, 지층 (월계동)",세븐,127.064931994418,37.6154386912313,노래방
6994,"서울특별시 노원구 동일로242길 109, 지층 (상계동)",만남 노래연습장,127.061272430853,37.6747572764361,노래방
6995,"서울특별시 노원구 덕릉로 779, 지층 (상계동)",필노래연습장,127.078210225365,37.6668166568199,노래방
6996,"서울특별시 노원구 동일로241길 44, 2층 (상계동, 수락네스트존)",O2(오투) 노래연습장,127.054205727679,37.6780723744073,노래방
6997,"서울특별시 노원구 상계로1길 38-11, 지층 (상계동, 우창프라자)",SBS,127.062090238273,37.6579692388731,노래방
6998,"서울특별시 노원구 공릉로 133, 2층 (공릉동)",SBS,127.078987062324,37.6220776081714,노래방
6999,"서울특별시 노원구 동일로242길 12, 2층 (상계동, 슬기미술학원)",나들목(2),127.055928275774,37.6755753178475,노래방
7000,"서울특별시 노원구 동일로195길 16, 지층 (공릉동)",씨티노래연습장,127.070987534838,37.6273340035876,노래방
7001,"서울특별시 노원구 덕릉로83길 17, 지층 (중계동, 원할머니보쌈)",JJ노래연습장,127.074304669484,37.6599849711604,노래방
7002,"서울특별시 노원구 공릉로 186, 지하층 (공릉동)",두리두리 노래연습장,127.079515550589,37.6264976750956,노래방
7003,"서울특별시 노원구 노해로81길 16, 3층 (상계동)",킹덤,127.062868428662,37.6556388872669,노래방
7004,"서울특별시 노원구 석계로1길 22, 지층 (월계동)",빛나리노래연습장,127.063392316941,37.6156145903995,노래방
7005,"서울특별시 노원구 공릉로 146, 지층 (공릉동)",대박 노래연습장,127.079535585961,37.6230811196078,노래방
7006,"서울특별시 노원구 석계로 95, 지하층 (월계동)",성북,127.061174803696,37.6229152932161,노래방
7007,"서울특별시 노원구 동일로 1651, 지층 (상계동, GS 25)",앵콜,127.055010947165,37.6759608277495,노래방
7008,"서울특별시 노원구 노해로 509, 지층 (상계동, 대국빌딩)",얼짱,127.064555531072,37.655411288958,노래방
7009,"서울특별시 노원구 한글비석로48길 9, 2층 (상계동, 영산교회)",씽 노래연습장,127.067003379583,37.664651020741,노래방
7010,"서울특별시 노원구 동일로218길 17, 지층 (상계동, 일신상가)",불러불러 찐,127.061772133025,37.6538758836589,노래방
7011,"서울특별시 노원구 동일로242길 17, 지층 (상계동, 동창빌딩)",특급,127.056482850452,37.6757766926967,노래방
7012,서울특별시 노원구 상계로 311 (상계동),119,127.080206924417,37.6708769341023,노래방
7013,"서울특별시 노원구 동일로217가길 13, 지층 (상계동, 광일빌딩)",VIP노래연습장,127.059640820591,37.653381980665,노래방
7014,"서울특별시 노원구 동일로 1372, 지층 (상계동, 동보빌딩)",에스에스노래연습장,127.06179804049,37.6510885901347,노래방
7015,"서울특별시 노원구 한글비석로52길 8, 3층 (상계동)",솔로몬2,127.066475087214,37.6648832320965,노래방
7016,"서울특별시 노원구 동일로192길 80, 2층 (공릉동)",용가리,127.077253399908,37.6272223096072,노래방
7017,"서울특별시 노원구 동일로191가길 48, 지층 (공릉동)",스카이,127.071015669965,37.6271391032819,노래방
7018,"서울특별시 노원구 상계로5길 12, 지층 (상계동, 동양메이저아파트상가)",도깨비 노래연습장,127.064264260882,37.6573543256891,노래방
7019,"서울특별시 노원구 석계로 14-1, 2층 (월계동)",명성 노래연습장,127.064540838676,37.6161619488912,노래방
7020,"서울특별시 노원구 노해로81길 12-20, 3층 (상계동, 민진빌딩)",양지,127.063976365165,37.655587205909,노래방
7021,"서울특별시 노원구 동일로 1545, 지층 (상계동, 현대골드씨티)",배트맨,127.056973759982,37.6663907694807,노래방
7022,"서울특별시 노원구 공릉로 209, 지층 (공릉동)",샵# 노래연습장,127.077496497098,37.6280892594919,노래방
7023,"서울특별시 노원구 상계로3길 38-2, 지층 (상계동)",팡팡,127.062725135159,37.6578690741966,노래방
7024,"서울특별시 노원구 상계로27길 7, 지층 (상계동, 중앙빌딩)",초원노래연습장,127.070571523437,37.658912392654,노래방
7025,"서울특별시 노원구 석계로3길 17, 지층 (월계동)",스타,127.063621004247,37.615887917271,노래방
7026,"서울특별시 노원구 동일로242길 55, 지층 (상계동)",25시,127.058357765878,37.6749203902747,노래방
7027,"서울특별시 노원구 동일로 1062, 2층 (공릉동)",뽀,127.073507034169,37.6249070949876,노래방
7028,"서울특별시 노원구 공릉로38길 17, 지층 (공릉동)",팡팡,127.080425266234,37.6233027900856,노래방
7029,"서울특별시 노원구 광운로 39, 지층 (월계동)",리코스타코인 노래연습장(광운대점),127.058914293731,37.6210705907216,노래방
7030,"서울특별시 노원구 동일로217가길 35, 지층 (상계동, 보람빌딩)",두루와 노래연습장,127.058425916201,37.6531166185788,노래방
7031,"서울특별시 노원구 덕릉로126길 35, 지층 (상계동)",대박,127.08259190064,37.6715020096402,노래방
7032,"서울특별시 노원구 한글비석로 362, 지층 (중계동, 중석빌딩)",까치노래방,127.074855922137,37.6581855426006,노래방
7033,"서울특별시 노원구 동일로 1426, 지층 2호 (상계동, 미도빌딩)",TOP,127.060540212422,37.6559805862521,노래방
7034,"서울특별시 노원구 공릉로 203, 지층 (공릉동)",불러불러 노래연습장,127.078053585084,37.6275096481621,노래방
7035,"서울특별시 노원구 노해로83길 10-1, 4층 (상계동, 대화빌딩)",즐거운,127.06445782216,37.6559092251302,노래방
7036,"서울특별시 노원구 덕릉로 816, 5층 (상계동)",MS노래연습장,127.08075967014,37.6694669739467,노래방
7037,"서울특별시 노원구 동일로 1363, 지층 (상계동, 명지프라자빌딩)",마니아 노래연습장,127.061280549621,37.6504403325764,노래방
7038,"서울특별시 노원구 한글비석로24길 33, 지층 (상계동, 전우체육관)",천국,127.072289974103,37.6623273328009,노래방
7039,"서울특별시 노원구 동일로192길 87, 지층 (공릉동)",파티파티,127.077575923673,37.6276676357869,노래방
7040,"서울특별시 노원구 동일로 1676, 지층 (상계동, 한사랑메디컬빌딩)",천국,127.055661285205,37.6779519563714,노래방
7041,"서울특별시 노원구 공릉로 204, 지층 (공릉동)",팝콘 노래연습장,127.078156882221,37.6278184379162,노래방
7042,"서울특별시 노원구 상계로3길 10, 지층 4,5호 (상계동, 한일빌딩)",엔노래방,127.062549747122,37.6567065402567,노래방
7043,"서울특별시 노원구 동일로 1550, 지층 (상계동, 고려프라자빌딩)",K2 노래연습장,127.057549710711,37.666911617005,노래방
7044,"서울특별시 노원구 덕릉로60길 188, 지층 (월계동)",칼라노래연습장,127.043903178248,37.6324609167557,노래방
7045,"서울특별시 노원구 노해로85길 17, 2층 (상계동)",탑 노래연습장,127.064898982046,37.6562804581649,노래방
7046,"서울특별시 노원구 노해로75길 14-25, 지층 (상계동, 동신빌딩)",망고,127.058763443184,37.6547693032306,노래방
7047,"서울특별시 노원구 동일로242가길 28, 3층 (상계동)",로또,127.056007444276,37.6771449659408,노래방
7048,서울특별시 노원구 상계로37길 10 (상계동),은혜,127.079235138481,37.6707231629966,노래방
7049,"서울특별시 노원구 노해로81길 12-26, 3층 (상계동, 삼원빌딩)",쏭쏭 노래연습장,127.06422343671,37.6556135605308,노래방
7050,"서울특별시 노원구 한글비석로 77, 지층 (하계동, 한성여객(주))",하트,127.070466464149,37.6375614945414,노래방
7051,"서울특별시 노원구 한글비석로 369, 지층 (중계동, 롯데리아)",제네스 노래연습장,127.073988938422,37.6583977301857,노래방
7052,"서울특별시 노원구 석계로 11-1, 지층 (월계동)",MC MC,127.0643715478,37.6159464348768,노래방
7053,"서울특별시 노원구 한글비석로24길 27, 지층 (상계동, 상계약국)",꿀 노래연습장,127.072075644626,37.6620802347373,노래방
7054,"서울특별시 노원구 상계로 117, 지층 (상계동)",별밤 노래연습장,127.06762290422,37.6577946500371,노래방
7055,"서울특별시 노원구 한글비석로 254, 지층 (중계동, 대명프라자)",코인박스 노래연습장,127.077086240765,37.6504043041825,노래방
7056,"서울특별시 노원구 한글비석로24길 57, 지층 (상계동)",명가노래연습장,127.073317767119,37.6630874868334,노래방
7057,"서울특별시 노원구 노해로 485, 지층 (상계동, 금정빌딩)",톡톡노래연습장,127.06192277535,37.6548752644222,노래방
7058,"서울특별시 노원구 상계로7길 1, 지층 (상계동, 블루빌)",오필승,127.065284914825,37.6569927417811,노래방
7059,"서울특별시 노원구 한글비석로20길 18, 지층 (중계동)",벤,127.073905629942,37.6599868436122,노래방
7060,"서울특별시 노원구 상계로3길 29, 지층 (상계동)",미라클노래연습장,127.0623774075,37.6575558069964,노래방
7061,"서울특별시 노원구 중계로 120, 지층 (중계동, 현대교회)",짱,127.081789770722,37.6463348196304,노래방
7062,"서울특별시 노원구 노해로77길 14-7, 4층 (상계동)",황금노래연습장,127.059554925332,37.6549461295262,노래방
7063,"서울특별시 노원구 동일로 1651, 지하층 (상계동)",가야,127.055010947165,37.6759608277495,노래방
7064,"서울특별시 노원구 동일로 1596, 지층 (상계동)",KBS,127.056842608831,37.6709781734407,노래방
7065,"서울특별시 노원구 덕릉로83길 12, 지층 (중계동, 우일빌딩)",썬노래연습장,127.074816358475,37.6600936664852,노래방
7066,"서울특별시 노원구 한글비석로8길 41, 지층 (중계동, 중계6단지주공아파트상가)",쟁반,127.077598436703,37.6486635394573,노래방
7067,"서울특별시 노원구 상계로 314, 지층 (상계동)",킹,127.080165251065,37.6703861987424,노래방
7068,"서울특별시 노원구 공릉로 115-1, 지층 (공릉동)",우정,127.07799616678,37.620694621037,노래방
7069,"서울특별시 노원구 한글비석로23길 2, 지층 (상계동)",까치노래연습장,127.071219678999,37.6607129750144,노래방
7070,"서울특별시 노원구 동일로241가길 14, 지층 (상계동)",킹노래방,127.054241040561,37.6765951131926,노래방
7071,"서울특별시 노원구 상계로 71-1, 지층 (상계동)",나나노래연습장,127.062989409627,37.6566524275838,노래방
7072,"서울특별시 노원구 공릉로63길 20, 지층 (하계동)",미성,127.07006615592,37.6349987907284,노래방
7073,"서울특별시 노원구 중계로 202, 지층 1,2,3호 (중계동, 신아프라자)",피노키오,127.077814748223,37.6508298105986,노래방
7074,"서울특별시 노원구 동일로192길 83, 용마빌딩 지하1층 (공릉동)",악쓰는 하마 코인 노래연습장,127.077197965689,37.6275129140111,노래방
7075,"서울특별시 노원구 노해로79길 6-20, 지하1층 (상계동)",Zest 코인노래연습장,127.062556384592,37.6552975809022,노래방
7076,"서울특별시 노원구 동일로 1530, 다모아빌딩 지층 (상계동)",nu 코인노래연습장,127.058023631956,37.665066086443,노래방
7077,"서울특별시 노원구 노해로81길 12-33, 3층 (상계동)",온앤온코인노래연습장 노원점,127.063642107113,37.6557799266027,노래방
7078,"서울특별시 강남구 언주로172길 54, 3층 (신사동)",프렌즈코인노래연습장,127.038032539484,37.5268432256129,노래방
7079,"서울특별시 양천구 목동중앙서로7가길 38 (목동,2층)",신월노래연습장,126.864111904376,37.533549583587,노래방
7080,서울특별시 은평구 통일로85길 6-5 (갈현동),붐비오노래연습장,126.918841644302,37.6224383316287,노래방
7081,서울특별시 은평구 통일로 855-14 (갈현동),샤인노래연습장,126.920052238244,37.6193464286781,노래방
7082,서울특별시 은평구 통일로66길 8 (불광동),산울림노래연습장,126.93109348662,37.6104907303425,노래방
7083,서울특별시 은평구 통일로87길 6-5 (갈현동),째즈노래연습장,126.918957618862,37.6236034777201,노래방
7084,서울특별시 은평구 연서로27길 16-13 (갈현동),청개구리노래연습장,126.918041593612,37.6187152589447,노래방
7085,서울특별시 은평구 통일로 863-13 (갈현동),미투노래연습장,126.919318390439,37.6199482394169,노래방
7086,서울특별시 은평구 응암로11길 11 (응암동),짱노래연습장,126.915395674416,37.5885739240409,노래방
7087,"서울특별시 은평구 역말로 40 (역촌동, 무궁화빌딩)",행운노래연습장,126.914673304323,37.6056339391965,노래방
7088,"서울특별시 은평구 은평로 187-3 (녹번동, 지층)",궁노래연습장,126.928622436059,37.6019741882548,노래방
7089,"서울특별시 은평구 진흥로 13, 2층 (역촌동)",갈채노래연습장,126.916951549283,37.600023476916,노래방
7090,서울특별시 은평구 은평로11길 5 (응암동),토마토 노래연습장,126.923327506583,37.6013025125538,노래방
7091,서울특별시 은평구 진흥로 105-5 (역촌동),더킹노래연습장,126.922167104491,37.606197192287,노래방
7092,서울특별시 은평구 통일로85길 8 (갈현동),스타노래연습장,126.918818837255,37.6222656867977,노래방
7093,서울특별시 은평구 응암로13길 27 (응암동),동경노래연습장,126.914395246145,37.5886603286877,노래방
7094,서울특별시 은평구 통일로 863-17 (갈현동),파티노래연습장,126.919222953719,37.6202154070254,노래방
7095,서울특별시 은평구 은평로11길 6 (응암동),동경노래연습장,126.923508467248,37.6014143527857,노래방
7096,서울특별시 은평구 불광로 78 (불광동),CF노래연습장,126.932229819045,37.6138297320809,노래방
7097,서울특별시 은평구 통일로77길 17 (대조동),원노래연습장,126.921401595513,37.615931329595,노래방
7098,서울특별시 은평구 통일로87길 17-4 (갈현동),톱노래연습장,126.917653463555,37.6231946078956,노래방
7099,서울특별시 은평구 통일로83길 5-8 (갈현동),해피노래연습장,126.919129535456,37.6206053805173,노래방
7100,"서울특별시 은평구 은평로 63, 지층 (역촌동)",힐링 노래연습장,126.914846348924,37.5990769277231,노래방
7101,"서울특별시 은평구 역말로 37, 지층 (역촌동)",힐링노래연습장,126.914338377835,37.6059722884928,노래방
7102,"서울특별시 은평구 진흥로 156, 지층 (녹번동)",샤방샤방 노래연습장,126.926978658641,37.6087386251395,노래방
7103,서울특별시 은평구 갈현로 181-2 (갈현동),행운노래연습장,126.911895147225,37.6144030260145,노래방
7104,서울특별시 은평구 은평로 37 (신사동),대박노래연습장,126.912115127208,37.5985002736896,노래방
7105,서울특별시 은평구 연서로27길 8 (갈현동),락노래연습장,126.91862119337,37.6178825166628,노래방
7106,서울특별시 은평구 응암로21길 6-1 (응암동),황제노래연습장,126.917304358198,37.5941336759658,노래방
7107,"서울특별시 은평구 은평로13길 11-9, 지하1층 (응암동)",씽씽노래연습장,126.925052027686,37.6020325214855,노래방
7108,"서울특별시 은평구 진흥로1다길 2, 지하1층 (역촌동)",이브노래연습장,126.918298088835,37.6038612839025,노래방
7109,"서울특별시 은평구 통일로 728, 지하1층 (불광동)",큐코인노래연습장,126.930171610875,37.6105757824283,노래방
7110,"서울특별시 은평구 진흥로 148, 3층 (녹번동)",큐코인노래연습장 불광2호점,126.9263669244,37.6084438918345,노래방
7111,"서울특별시 은평구 연서로29길 14-14, 지하1층 (갈현동)",온에어코인노래연습장 연신내점,126.919300480716,37.6194361959264,노래방
7112,"서울특별시 은평구 응암로 340-1, 대진빌딩 2층 202호 (응암동)",비젼노래연습장,126.922831645421,37.6014938300396,노래방
7113,"서울특별시 은평구 진흥로 105, 지하층 (역촌동)",금호노래연습장,126.922521696521,37.6063008592212,노래방
7114,"서울특별시 은평구 서오릉로 168, 지층 (갈현동)",크로바노래연습장,126.914939734516,37.6128340259899,노래방
7115,"서울특별시 은평구 통일로 855-9, 3층 (갈현동)",연인노래연습장,126.919884176889,37.6188948297727,노래방
7116,"서울특별시 은평구 응암로13길 7, 2층 (응암동)",보가코인노래연습장,126.916413140929,37.5894489718289,노래방
7117,"서울특별시 은평구 응암로21길 5-1, 지층동 (응암동)",스타노래연습장,126.917172151808,37.5938856304029,노래방
7118,"서울특별시 은평구 진흥로 15, 2층 (역촌동)",랩스테이션 스튜디오노래연습장,126.917198672112,37.6000973515757,노래방
7119,"서울특별시 은평구 진흥로 33, 2층 (역촌동)",세븐스타코인노래연습장역촌동점,126.91910211177,37.6006453025675,노래방
7120,"서울특별시 은평구 진흥로 145, 2층 (대조동)",꽃바람노래연습장,126.925756073996,37.6086320861929,노래방
7121,"서울특별시 은평구 은평로 205-1, 지층 (녹번동)",탑코인노래연습장녹번점,126.930941842263,37.6015413809264,노래방
7122,"서울특별시 은평구 응암로13길 5, 2층호 (응암동)",보스코인노래연습장,126.916537924048,37.5895419524226,노래방
7123,"서울특별시 은평구 통일로83길 6-4, 지하층 (갈현동)",제비노래연습장,126.919254456338,37.6212505730376,노래방
7124,"서울특별시 은평구 진흥로 196, 지층 (녹번동)",나가수노래연습장,126.931246408666,37.6084944977449,노래방
7125,"서울특별시 은평구 서오릉로 71, 영화마스타골프랜드 (역촌동)",너짱코인노래연습장,126.921952781175,37.6070075809917,노래방
7126,"서울특별시 은평구 응암로 247, 외환은행 지층 (응암동)",아미고노래연습장,126.917854566217,37.5942237088269,노래방
7127,"서울특별시 은평구 연서로29길 8-8, 인락빌딩 3층 (갈현동)",락휴코인노래연습장,126.919713153262,37.618987875665,노래방
7128,"서울특별시 은평구 서오릉로 150 (갈현동, 우림빌딩)",소리빛노래연습장,126.916569405965,37.611948526415,노래방
7129,"서울특별시 은평구 진관2로 29-21, 드림스퀘어 209호 (진관동)",구파발코인노래연습장,126.919341649662,37.635741734904,노래방
7130,서울특별시 은평구 통일로87길 8-1 (갈현동),세븐노래연습장,126.918765858296,37.6234840551845,노래방
7131,서울특별시 은평구 응암로 326 (응암동),몬스터코인노래연습장,126.922476675657,37.6000295779501,노래방
7132,서울특별시 은평구 응암로11길 5 (응암동),부킹노래연습장,126.915996053167,37.588311983872,노래방
7133,서울특별시 은평구 응암로11길 3 (응암동),장군노래연습장,126.916272039636,37.5882567689311,노래방
7134,서울특별시 은평구 가좌로 238 (응암동),낙원노래연습장,126.916278626267,37.5910694909325,노래방
7135,서울특별시 은평구 서오릉로 216 (갈현동),와우노래연습장,126.910060330649,37.6145597653371,노래방
7136,서울특별시 은평구 가좌로12길 20-29 (신사동),새황금노래연습장,126.90934511658,37.5988492045626,노래방
7137,서울특별시 은평구 연서로29길 17-5 (갈현동),연신노래연습장,126.918421803399,37.6188507606586,노래방
7138,서울특별시 은평구 응암로22길 5 (응암동),아싸노래연습장,126.918832460631,37.5938901175104,노래방
7139,서울특별시 은평구 연서로29길 8-3 (갈현동),조이노래연습장,126.919412238407,37.6190535327466,노래방
7140,"서울특별시 은평구 응암로 343-1 (녹번동, 선재빌딩)",SBS노래연습장,126.922052682474,37.6017849687298,노래방
7141,"서울특별시 은평구 응암로 343-1 (녹번동, 선재빌딩)",무지개노래연습장,126.922052682474,37.6017849687298,노래방
7142,"서울특별시 은평구 연서로29길 8-8 (갈현동, 인락빌딩)",레인보우락노래연습장,126.919713153262,37.618987875665,노래방
7143,서울특별시 은평구 서오릉로 93 (역촌동),신남노래연습장,126.920788502823,37.6082331420116,노래방
7144,서울특별시 은평구 대서문길 36 (진관동),북한산노래연습장,126.948552831595,37.6554709821584,노래방
7145,서울특별시 은평구 응암로 172-1 (응암동),궁전노래연습장,126.916834474855,37.5871882290906,노래방
7146,"서울특별시 은평구 갈현로 8 (신사동, 신창빌딩)",멜론노래연습장,126.910404378951,37.5985454785523,노래방
7147,서울특별시 은평구 은평로13길 12-6 (응암동),땡큐노래연습장,126.925791230588,37.6021999420929,노래방
7148,서울특별시 은평구 통일로 863-11 (갈현동),민지노래연습장,126.919385791094,37.6198392659872,노래방
7149,서울특별시 은평구 가좌로 251 (응암동),코리아노래연습장,126.91515406552,37.5914576461333,노래방
7150,"서울특별시 은평구 연서로 270 (불광동, 동현빌딩)",탑노래연습장,126.924654535143,37.620338110681,노래방
7151,서울특별시 은평구 통일로83길 6-8 (갈현동),엔젤노래연습장,126.919299034549,37.6214028703923,노래방
7152,서울특별시 은평구 갈현로 186 (갈현동),스타노래연습장,126.91228165976,37.6142551013642,노래방
7153,서울특별시 은평구 통일로 747 (대조동),빅스타노래방,126.928233122488,37.6118562762546,노래방
7154,"서울특별시 은평구 진흥로 184 (녹번동, 제현빌딩)",럭키노래연습장,126.929856361605,37.6082230225338,노래방
7155,서울특별시 은평구 통일로80길 8 (불광동),얄리얄리노래연습장,126.921550078765,37.6199268590915,노래방
7156,서울특별시 은평구 갈현로 45 (신사동),쿨노래연습장,126.910178867677,37.6018866304506,노래방
7157,"서울특별시 은평구 응암로 294, 지층 (응암동)",하이루노래연습장,126.920622249193,37.5976795524519,노래방
7158,"서울특별시 은평구 연서로27길 16-14, 지층 (갈현동)",JOY노래연습장,126.918294478707,37.6186528156646,노래방
7159,서울특별시 은평구 증산로23길 27 (신사동),즐거운노래연습장,126.912357519429,37.5980614011054,노래방
7160,서울특별시 은평구 갈현로1길 20 (신사동),공감노래연습장,126.908063528029,37.5994521472612,노래방
7161,서울특별시 은평구 응암로 173-1 (응암동),질러노래연습장,126.916393135894,37.5875949857295,노래방
7162,서울특별시 은평구 통일로 803-1 (대조동),파티노래연습장,126.924254403993,37.6157036234221,노래방
7163,"서울특별시 은평구 응암로 177, 지층 (응암동)",항아리노래연습장,126.916361767602,37.5879037336212,노래방
7164,"서울특별시 은평구 진흥로 150 (녹번동, 안성빌딩)",월드컵노래연습장,126.926642499915,37.608644443479,노래방
7165,"서울특별시 은평구 응암로 181, 지층 (응암동)",드루와노래연습장,126.916517333562,37.5882093702744,노래방
7166,"서울특별시 은평구 연서로29길 6, 지층 (갈현동)",악쓰는하마코인노래연습장2호점,126.919582181082,37.6188077691384,노래방
7167,서울특별시 은평구 통일로 863-4 (갈현동),리코스타 코인 노래연습장,126.919820528195,37.6199414638712,노래방
7168,서울특별시 은평구 통일로66길 4-1 (불광동),도미솔노래방,126.930836532319,37.6103412861421,노래방
7169,서울특별시 은평구 연서로29길 14-9 (갈현동),노리타 노래연습장,126.918990290097,37.6194884208668,노래방
7170,서울특별시 은평구 연서로 283 (불광동),요요노래방,126.925572442176,37.6212934695977,노래방
7171,서울특별시 은평구 통일로87길 16 (갈현동),도레미노래연습장,126.918034794274,37.6235673414237,노래방
7172,서울특별시 은평구 증산로 257 (증산동),짱노래연습장,126.906347109765,37.5811410184949,노래방
7173,"서울특별시 은평구 통일로85길 7, 지층 (갈현동)",황제노래연습장,126.918778562601,37.6220104995061,노래방
7174,서울특별시 은평구 연서로29길 17-3 (갈현동),스타노래연습장,126.918486366448,37.6189549594526,노래방
7175,서울특별시 은평구 통일로 839 (대조동),만남 노래연습장,126.921640216343,37.6181170148908,노래방
7176,"서울특별시 은평구 응암로 340 (응암동, 서원빌딩)",더 노래연습장,126.922636551293,37.6014709973596,노래방
7177,"서울특별시 은평구 통일로 708-6 (불광동, 벨라지오빌딩)",벨라지오노래연습장,126.93190629258,37.6096621119416,노래방
7178,"서울특별시 은평구 통일로 708-6 (불광동, 벨라지오빌딩)",호텔노래연습장,126.93190629258,37.6096621119416,노래방
7179,"서울특별시 은평구 은평로 23, 2층 203호 (신사동)",몬스터코인노래연습장,126.910398815216,37.5981803027596,노래방
7180,서울특별시 은평구 역말로 36 (역촌동),스카이노래연습장,126.914356980854,37.605649747689,노래방
7181,서울특별시 은평구 증산로21길 19 (신사동),노사모노래연습장,126.91250777792,37.5960374362864,노래방
7182,서울특별시 은평구 은평터널로 3 (수색동),킹노래연습장,126.895675523366,37.5825859122816,노래방
7183,"서울특별시 은평구 증산서길 111 (증산동, 바게뜨프라자)",영선노래방,126.908873262281,37.585652285771,노래방
7184,서울특별시 은평구 연서로29길 10-1 (갈현동),밀레니엄노래연습장,126.919112129773,37.6191063955877,노래방
7185,서울특별시 은평구 가좌로 322 (신사동),동심초노래방,126.909632474095,37.5963568335906,노래방
7186,서울특별시 은평구 증산로15길 19-2 (증산동),차차차노래방,126.910653859988,37.5891554443061,노래방
7187,서울특별시 은평구 진흥로 112 (녹번동),당신의노래연습장,126.923309144404,37.6065036457261,노래방
7188,서울특별시 은평구 은평로 59 (신사동),투투노래연습장,126.914484870551,37.5989939554203,노래방
7189,서울특별시 은평구 증산서길 160 (증산동),행운노래연습장,126.912521186868,37.5885484930133,노래방
7190,"서울특별시 은평구 역말로 8 (역촌동, 한솔빌딩)",웰빙노래연습장,126.911148014292,37.6054032071838,노래방
7191,서울특별시 은평구 연서로29길 11 (갈현동),팡팡노래방,126.918760032371,37.6189487511628,노래방
7192,서울특별시 은평구 연서로29길 8-10 (갈현동),뉴월드노래연습장,126.919802949202,37.6191183096436,노래방
7193,서울특별시 은평구 응암로 173 (응암동),필노래연습장,126.916285555414,37.5875113874773,노래방
7194,서울특별시 은평구 은평로 5 (신사동),심쿵노래연습장,126.909210968391,37.5967659204537,노래방
7195,"서울특별시 은평구 증산서길 98 (증산동, 세영 프라임 아파트)",세영노래연습장,126.907749703001,37.5846216683642,노래방
7196,서울특별시 은평구 응암로22길 3-1 (응암동),용가리노래연습장,126.918694299261,37.5939075016544,노래방
7197,서울특별시 은평구 연서로29길 20-18 (갈현동),대박노래연습장,126.919092384219,37.6197673465703,노래방
7198,서울특별시 은평구 연서로 80 (역촌동),보람노래방,126.915611966433,37.6063900939383,노래방
7199,서울특별시 은평구 연서로29길 14-12 (갈현동),수노래연습장,126.919227198516,37.6193281173709,노래방
7200,서울특별시 은평구 통일로 745 (대조동),TOP코인노래연습장,126.928393960285,37.6117273523536,노래방
7201,"서울특별시 은평구 은평로 46 (신사동, 두원빌딩)",SBS노래연습장,126.913096566963,37.5983041339208,노래방
7202,서울특별시 은평구 갈현로 193 (갈현동),서광노래연습장,126.91258703444,37.6150126987401,노래방
7203,서울특별시 은평구 통일로85길 7-1 (갈현동),노리노래연습장,126.918814420503,37.621952320407,노래방
7204,"서울특별시 은평구 서오릉로 106 (대조동, 태영빌딩)",조아라노래연습장,126.920421342774,37.6095021185562,노래방
7205,서울특별시 은평구 통일로 858 (불광동),와와노래연습장,126.920991343827,37.619683580064,노래방
7206,서울특별시 은평구 불광로 95 (불광동),킹노래연습장,126.932670141856,37.6153803149222,노래방
7207,"서울특별시 은평구 응암로 338 (응암동, 성은교회)",백조노래연습장,126.922601267432,37.6012060830451,노래방
7208,서울특별시 은평구 통일로 739 (대조동),큐노래연습장,126.928734302655,37.6112521966343,노래방
7209,서울특별시 은평구 통일로85길 6-4 (갈현동),산울림노래연습장,126.919081594455,37.6223023572561,노래방
7210,서울특별시 은평구 응암로22길 22 (응암동),월드컵노래연습장,126.920450928132,37.593311881814,노래방
7211,서울특별시 은평구 통일로71길 32 (대조동),필통노래연습장,126.927750110193,37.61228701457,노래방
7212,"서울특별시 은평구 역말로 20 (역촌동, 역촌빌딩)",동네노래연습장,126.91258278887,37.60547996179,노래방
7213,서울특별시 은평구 진관3로 22 (진관동),Eco노래연습장,126.919176848907,37.6389439926912,노래방
7214,서울특별시 은평구 은평로 57 (신사동),탑코인노래연습장(응암역2호점),126.914250410365,37.598943149631,노래방
7215,"서울특별시 은평구 연서로27길 8-7, 지층 (갈현동)",락 코인노래연습장(연신내점),126.918779175838,37.6181149001701,노래방
7216,서울특별시 은평구 진흥로1길 21 (역촌동),씽스타코인 노래연습장,126.91842651128,37.602408616278,노래방
7217,서울특별시 은평구 연서로29길 13 (갈현동),악쓰는하마코인노래연습장,126.918639609689,37.6189645255796,노래방
7218,"서울특별시 은평구 서오릉로 156, 삼진빌딩 (갈현동)",탑코인노래연습장(구산역점),126.916017465777,37.6122769958038,노래방
7219,"서울특별시 은평구 역말로 105, 2층 (역촌동)",나가수노래연습장,126.920336247232,37.6086909906564,노래방
7220,서울특별시 은평구 진흥로 120-1 (녹번동),수노래연습장,126.923853247539,37.6071240590735,노래방
7221,"서울특별시 은평구 진흥로 143, 지층 (대조동)",옥동노래연습장,126.92558959919,37.6085099873913,노래방
7222,서울특별시 은평구 응암로 169 (응암동),피플노래연습장,126.916208443002,37.5872158072184,노래방
7223,서울특별시 은평구 연서로 182 (대조동),짱노래연습장,126.918192940334,37.6149759934129,노래방
7224,서울특별시 은평구 응암로21길 4 (응암동),골든벨노래연습장,126.917645706766,37.5940722868127,노래방
7225,"서울특별시 은평구 은평로 64, 지층 (신사동)",탑코인노래연습장(응암역1호점),126.914843349966,37.5987275213509,노래방
7226,서울특별시 은평구 응암로11길 12-1 (응암동),샾노래연습장,126.91545025561,37.5887674962979,노래방
7227,"서울특별시 은평구 수색로 340 (수색동, 동일빌딩)",열린노래연습장,126.888312573495,37.5864861502708,노래방
7228,서울특별시 은평구 연서로29길 4-1 (갈현동),도깨비 코인노래연습장,126.919760994271,37.6187386950036,노래방
7229,서울특별시 은평구 통일로83길 7 (갈현동),힐링노래연습장,126.919096164116,37.6208784469298,노래방
7230,서울특별시 은평구 연서로29길 14-16 (갈현동),까치노래연습장,126.919424448933,37.6194943042425,노래방
7231,서울특별시 은평구 연서로29길 7-2 (갈현동),큐노래방,126.919179197454,37.6186767605045,노래방
7232,"서울특별시 은평구 은평로 203-3, 지층 (녹번동)",인연노래연습장,126.930035616444,37.6017203244798,노래방
7233,"서울특별시 은평구 진흥로 9, 지하1층 (역촌동)",카페노래연습장,126.916575431535,37.5998609432542,노래방
7234,"서울특별시 은평구 응암로 286 (응암동, 성림빌딩)",성림노래연습장,126.920063262195,37.5969833398303,노래방
7235,서울특별시 은평구 은평로13길 9-1 (응암동),록경노래연습장,126.92543810351,37.6021184502036,노래방
7236,서울특별시 은평구 연서로29길 14-15 (갈현동),콩닥콩노래연습장,126.919386634638,37.6196874501574,노래방
7237,"서울특별시 은평구 진흥로 51 (역촌동, 은혜빌딩)",샤인노래연습장,126.920278517529,37.6017654935532,노래방
7238,서울특별시 은평구 응암로12길 9-10 (응암동),SBS노래연습장,126.91799921404,37.5882952825271,노래방
7239,서울특별시 은평구 은평로8길 8 (응암동),하나노래연습장,126.920618192163,37.5996863265464,노래방
7240,서울특별시 은평구 증산로21길 6 (신사동),윙크노래연습장,126.914212232013,37.5959002051114,노래방
7241,서울특별시 은평구 갈현로 7 (신사동),썬노래연습장,126.910030981908,37.5986806134193,노래방
7242,서울특별시 은평구 갈현로 11 (신사동),팡팡노래연습장,126.910005362886,37.598985128751,노래방
7243,서울특별시 은평구 연서로26길 9-4 (대조동),썬노래방,126.920866234868,37.6170666672818,노래방
7244,서울특별시 은평구 진흥로 11 (역촌동),올래노래연습장,126.916769438096,37.5999397367057,노래방
7245,"서울특별시 은평구 은평로8길 3 (응암동, 한마음빌딩)",금영노래연습장,126.921131327918,37.5997519923811,노래방
7246,서울특별시 은평구 연서로17길 45-1 (갈현동),유앤아이노래연습장,126.912470676306,37.6139808907458,노래방
7247,서울특별시 은평구 통일로85길 5 (갈현동),하이노래연습장,126.919094218781,37.6220463954482,노래방
7248,서울특별시 은평구 연서로27길 16-8 (갈현동),소리야노래연습장,126.918162558866,37.6184108991369,노래방
7249,서울특별시 은평구 응암로22길 11 (응암동),영상노래연습장,126.919359986199,37.5938038037143,노래방
7250,서울특별시 은평구 응암로 343 (녹번동),놀러와노래연습장,126.922194853623,37.6017364090617,노래방
7251,"서울특별시 은평구 연서로29길 14-13 (갈현동, 남경빌딩)",25시노래연습장,126.919167569469,37.6195826055425,노래방
7252,서울특별시 은평구 서오릉로 180 (갈현동),신바람,126.913568094422,37.6132761355377,노래방
7253,"서울특별시 은평구 갈현로 89, 2층 (역촌동)",불러불러노래연습장,126.910384801313,37.6058987150373,노래방
7254,서울특별시 은평구 수색로 264-1 (수색동),앵콜노래연습장,126.895056464137,37.5826687054056,노래방
7255,서울특별시 은평구 갈현로11길 10 (구산동),아싸노래연습장,126.909376479212,37.605481327454,노래방
7256,서울특별시 은평구 역말로 94 (역촌동),웰빙노래연습장,126.920003279702,37.6077401315665,노래방
7257,서울특별시 은평구 가좌로7다길 2 (응암동),한마음노래방,126.918129448966,37.5857883610948,노래방
7258,서울특별시 은평구 응암로 174-1 (응암동),빙고노래연습장,126.916911297122,37.5874414620912,노래방
7259,서울특별시 은평구 연서로29길 5 (갈현동),21세기노래연습장,126.919505132934,37.6186208517501,노래방
7260,"서울특별시 은평구 응암로14길 4, 지층 (응암동)",큐노래연습장,126.917727078706,37.5900987895276,노래방
7261,"서울특별시 은평구 은평로 112, 3층 (응암동)",판타스틱 코인노래연습장(응암점),126.920289994893,37.5998176499827,노래방
7262,"서울특별시 양천구 목동중앙북로7가길 55 (목동,2층)",톱스타노래연습장,126.864561375101,37.5497076267605,노래방
7263,"서울특별시 구로구 개봉로20길 78 (개봉동,(지층))",휘파람노래연습장,126.858686334102,37.4932603468144,노래방
7264,"서울특별시 강북구 오패산로 399, 지하동 (번동)",짱노래연습장,127.027376822552,37.636627831096,노래방
7265,"서울특별시 서대문구 명물길 41, 지하1층 (창천동)",블링블링 노래연습장,126.938591196325,37.5586641633737,노래방
7266,"서울특별시 서대문구 연세로9길 3, 지층 (창천동)",리코스타 코인노래연습장 연대점,126.936627443408,37.5583943582622,노래방
7267,"서울특별시 서대문구 명지대1길 2, 2층 (남가좌동)",리코스타 코인노래연습장 명지대1호점,126.924697166275,37.5813104729585,노래방
7268,"서울특별시 서대문구 증가로10길 63, 지층 (홍은동)",리코스타 코인노래연습장 명지대2호점,126.925277979388,37.5796913961199,노래방
7269,"서울특별시 서대문구 통일로 455, 경인주유소 지층 (홍제동)",고래고래 코인노래연습장,126.943337675172,37.5891287172466,노래방
7270,"서울특별시 서대문구 연희로 97, 신라빌딩 2층 (연희동)",ZI 코인노래연습장,126.930516521058,37.5668038837366,노래방
7271,"서울특별시 서대문구 통일로37길 19, 지하1층 (홍제동)",원 코인노래연습장,126.944270672881,37.5874189875497,노래방
7272,"서울특별시 서대문구 응암로 82 (북가좌동,2층)",OK 노래연습장,126.911824253496,37.5801381963688,노래방
7273,"서울특별시 서대문구 통일로 422, 지층 (홍제동)",센스 노래연습장,126.946437152597,37.5871283392005,노래방
7274,"서울특별시 서대문구 세검정로 62, 2층 (홍제동)",씽씽 노래연습장,126.947836612155,37.5932296744633,노래방
7275,"서울특별시 서대문구 경기대로 25 (충정로3가,지층)",축제노래연습장,126.961677970222,37.5617520795571,노래방
7276,"서울특별시 서대문구 증가로 111 (남가좌동,지층)",노래천국노래연습장,126.924861588467,37.5766540613479,노래방
7277,"서울특별시 서대문구 응암로 81, 지층호 (북가좌동)",영 노래연습장,126.911430149209,37.5804400044725,노래방
7278,"서울특별시 서대문구 응암로 106, 지층 (북가좌동)",코스모스노래연습장,126.913233209058,37.5819498768576,노래방
7279,서울특별시 서대문구 명물길 33 (창천동),와라 코인 노래연습장,126.938228336494,37.5584026849485,노래방
7280,"서울특별시 서대문구 명물길 16, 지층 (창천동)",히든코인싱어 노래연습장,126.937791354253,37.5575891254207,노래방
7281,"서울특별시 서대문구 이화여대길 66, 3층 (대현동)",락휴코인노래연습장 이대점,126.94476075397,37.5592948455348,노래방
7282,"서울특별시 서대문구 명지대1길 38, 2층 (남가좌동)",큐노래연습장,126.923883441217,37.5821547224917,노래방
7283,서울특별시 서대문구 연세로7안길 14 (창천동),락휴 코인노래연습장 신촌 연대점,126.936056431661,37.5581642961444,노래방
7284,서울특별시 서대문구 응암로 108 (북가좌동),세븐노래연습장,126.913332740803,37.5821304189353,노래방
7285,서울특별시 서대문구 명물길 24 (창천동),더 스타 노래연습장,126.938137498354,37.5578023030191,노래방
7286,서울특별시 서대문구 이화여대1길 42-14 (대현동),쎄쎄노래연습장,126.943563729711,37.5578491702543,노래방
7287,서울특별시 서대문구 모래내로 350-1 (홍은동),용가리노래연습장,126.935451410484,37.5810889821499,노래방
7288,"서울특별시 서대문구 통일로9안길 38, 지층 (충정로2가)",브르지오노래연습장,126.965606844775,37.5657850678073,노래방
7289,"서울특별시 서대문구 연세로5나길 14, 스타렛빌딩 지층 (창천동)",스타렛노래연습장,126.935518998494,37.5570595615344,노래방
7290,"서울특별시 서대문구 증가로 117-1 (남가좌동, 2층)",가자노래연습장,126.924272409355,37.5770467886207,노래방
7291,"서울특별시 서대문구 통일로 203-1, 지층 (영천동)",독립문 노래연습장,126.960853871748,37.5712956983234,노래방
7292,서울특별시 서대문구 증가로10길 41 (남가좌동),솔바람노래연습장,126.924248772573,37.5790352671797,노래방
7293,"서울특별시 서대문구 통일로 191, 지층 (영천동)",통일 노래연습장,126.961779824258,37.5704128461994,노래방
7294,"서울특별시 서대문구 증가로 129 (남가좌동,지하1층)",또와노래연습장,126.923236232043,37.5772699263115,노래방
7295,"서울특별시 서대문구 북아현로2안길 6 (북아현동,지층)",서울노래연습장,126.956846647222,37.5582167027617,노래방
7296,"서울특별시 서대문구 세무서9길 19 (홍제동,지층)",송원노래연습장,126.946015701372,37.5918888104788,노래방
7297,"서울특별시 서대문구 통일로9안길 33  (충정로2가,지1)",모모노래연습장,126.965584574472,37.5659703961962,노래방
7298,"서울특별시 서대문구 응암로 89 (북가좌동,지층)",팡팡노래연습장,126.911920498745,37.5810854827082,노래방
7299,"서울특별시 서대문구 충정로11길 12 (충정로2가,지층)",스타노래연습장,126.965666894851,37.5656545309606,노래방
7300,"서울특별시 서대문구 통일로 205-3 (영천동,2층)",로또노래연습장,126.960744660652,37.5712493509078,노래방
7301,"서울특별시 서대문구 증가로 255 (북가좌동,지하1층)",KBS노래방,126.911647700219,37.5833485739437,노래방
7302,서울특별시 서대문구 수색로2길 7 (남가좌동),준 노래연습장,126.915981995677,37.5691852263581,노래방
7303,서울특별시 서대문구 연세로5가길 8-3 (창천동),싼타노래연습장,126.93614721844,37.5574794973537,노래방
7304,"서울특별시 서대문구 명지대2길 2, 지층 (홍은동)",슈퍼스타 코인노래연습장,126.925101807185,37.5814039832182,노래방
7305,서울특별시 서대문구 통일로 107-15 (미근동),세븐노래연습장,126.967153140573,37.5644483397888,노래방
7306,서울특별시 서대문구 연세로5가길 8-6 (창천동),불러불러 노래연습장,126.936437946856,37.557505152443,노래방
7307,"서울특별시 서대문구 홍은중앙로 75-6 (홍은동,지층)",열창노래연습장,126.94630960035,37.5980940729401,노래방
7308,"서울특별시 서대문구 통일로 350, 지층 (홍제동)",가족노래연습장,126.950993822214,37.5816545331972,노래방
7309,서울특별시 서대문구 연세로5가길 8-3 (창천동),콜노래연습장,126.93614721844,37.5574794973537,노래방
7310,"서울특별시 서대문구 연세로7안길 1, 지층 (창천동)",어썸코인노래연습장 신촌3호점,126.936184642231,37.5577890101131,노래방
7311,서울특별시 서대문구 통일로 478  (홍제동),방콕노래연습장,126.942293177063,37.5908933451168,노래방
7312,서울특별시 서대문구 통일로 107-7 (미근동),바르셀로나노래연습장,126.967248637327,37.564265283882,노래방
7313,"서울특별시 서대문구 통일로37길 15, 2층 (홍제동)",팡팡노래연습장,126.944303982046,37.5875414481703,노래방
7314,"서울특별시 서대문구 응암로 79, 2층 (북가좌동)",보보노래연습장,126.911189682461,37.5802546696289,노래방
7315,"서울특별시 서대문구 증가로 133, 우리은행 지층 (남가좌동)",비엔나 노래연습장,126.922548600139,37.5772858752541,노래방
7316,서울특별시 서대문구 통일로 473 (홍제동),파랑새 노래연습장,126.942148261713,37.5901422972131,노래방
7317,"서울특별시 서대문구 통일로 456 (홍제동,지층)",짱가노래연습장,126.943847935844,37.5893344774486,노래방
7318,"서울특별시 서대문구 통일로 107-29 (미근동,2층)",우리,126.966993777832,37.5644381140867,노래방
7319,"서울특별시 서대문구 증가로 140 (남가좌동,지층)",올스타,126.922019457485,37.5777354833302,노래방
7320,"서울특별시 서대문구 세무서길 12 (홍제동,지하)",와,126.945642117262,37.588523252875,노래방
7321,서울특별시 서대문구 통일로 189-1 (영천동),텔렌트노래연습장,126.961866338275,37.570349534206,노래방
7322,"서울특별시 서대문구 통일로37길 12, 지층 (홍제동)",썸데이 노래연습장,126.944136571927,37.5877840964672,노래방
7323,서울특별시 서대문구 연세로5가길 3 (창천동),코코노래연습장,126.936189320885,37.5572130952403,노래방
7324,서울특별시 서대문구 응암로 84 (북가좌동),동심초2노래연습장,126.911891450924,37.580276458959,노래방
7325,서울특별시 서대문구 증가로 101 (남가좌동),좋아좋아노래연습장,126.925550444548,37.5760844387339,노래방
7326,"서울특별시 서대문구 연세로7길 20 (창천동,지층)",럭셔리노래연습장,126.935728203561,37.5577847080442,노래방
7327,"서울특별시 서대문구 통일로 470 (홍제동,지층)",휘노래연습장,126.942821684939,37.5903480515753,노래방
7328,"서울특별시 서대문구 연세로7길 15 (창천동,지층)",리코스타 코인노래연습장 신촌점,126.935850154455,37.5575834015011,노래방
7329,서울특별시 서대문구 연세로7길 18 (창천동),MC,126.935870123899,37.5577887496011,노래방
7330,"서울특별시 서대문구 연희로 81-21, 정암빌딩 지층 (연희동)",K2노래연습장,126.928937977566,37.5658386083361,노래방
7331,"서울특별시 서대문구 연희로 163-1, 지층 (연희동)",드루와 노래연습장,126.934694570601,37.5719046411458,노래방
7332,"서울특별시 서대문구 증가로 248, 2층 (북가좌동)",오스카노래연습장,126.912406611409,37.5832285866554,노래방
7333,서울특별시 서대문구 홍제내길 128 (홍제동),스위스노래연습장,126.936722236706,37.5880207394477,노래방
7334,"서울특별시 서대문구 신촌로35길 7 (북아현동,지층)",공간노래연습장,126.955124555895,37.5578090803673,노래방
7335,서울특별시 서대문구 홍은중앙로 104 (홍은동),스타노래연습장,126.948715565353,37.5995801561163,노래방
7336,"서울특별시 서대문구 북아현로2길 10 (북아현동,2층)",팡팡노래연습장,126.957130235674,37.5584744011515,노래방
7337,서울특별시 서대문구 증가로 259 (북가좌동),선정노래연습장,126.911163441601,37.5836644590608,노래방
7338,서울특별시 서대문구 증가로 223 (북가좌동),파티파티노래연습장,126.914213583462,37.5814048617152,노래방
7339,"서울특별시 서대문구 모래내로 470, 2층 (홍제동)",연정 노래연습장,126.946796104272,37.5859583822057,노래방
7340,"서울특별시 서대문구 통일로 412-1 (홍제동,지층)",크크노래연습장,126.947158114482,37.5863718302377,노래방
7341,"서울특별시 서대문구 세검정로 74 (홍제동,지상2층)",라이브노래연습장,126.948344153682,37.5941514319867,노래방
7342,서울특별시 서대문구 통일로37길 16 (홍제동),훼미리,126.944104971029,37.5876485722206,노래방
7343,서울특별시 서대문구 증가로10길 59 (남가좌동),별빛,126.925066268951,37.5795861159496,노래방
7344,"서울특별시 서대문구 모래내로 364 (홍은동,지층)",애창,126.936508595384,37.5818772040339,노래방
7345,서울특별시 서대문구 세검정로 46 (홍제동),목화,126.946324798515,37.5920696904303,노래방
7346,서울특별시 서대문구 거북골로 41-1 (남가좌동),새턴노래연습장,126.923354641281,37.5789310757344,노래방
7347,"서울특별시 서대문구 이화여대길 75, 2층 (대현동)",이화 코노 노래연습장,126.944304398824,37.5590132497902,노래방
7348,"서울특별시 서대문구 통일로 189, 지하1층 (영천동)",럭키노래연습장,126.96198807806,37.5702428956205,노래방
7349,"서울특별시 서대문구 거북골로 31, 지하1층 (남가좌동)",인서트 코인노래연습장,126.924347175515,37.5795707007953,노래방
7350,"서울특별시 서대문구 연세로 29, 지하1층 (창천동)",어썸 코인노래연습장 신촌2호점,126.936708737412,37.5582223114286,노래방
7351,"서울특별시 서대문구 명물길 23, 큐비드빌딩 4층 (창천동)",휴 코인노래연습장 신촌 명물거리점,126.937854004585,37.5581938175898,노래방
7352,"서울특별시 서대문구 거북골로 39, 지층 (남가좌동)",엠제이 코인노래연습장,126.923573936896,37.5791427712657,노래방
7353,"서울특별시 서대문구 통일로 424, 지하층 (홍제동)",베스타코인노래연습장,126.946364518423,37.5872110173475,노래방
7354,"서울특별시 서대문구 통일로37길 4, 지층 (홍제동)",테크노 노래연습장,126.944447890233,37.5881466226014,노래방
7355,"서울특별시 서대문구 응암로 86, 지층 (북가좌동)",탑 코인 노래연습장,126.912032288965,37.5804657726427,노래방
7356,"서울특별시 서대문구 신촌역로 22-8, 대국빌딩 지하2층 (대현동)",리코스타 코인노래연습장 이대점,126.943354842765,37.5588458433014,노래방
7357,"서울특별시 서대문구 충정로11길 8, 3층 (충정로2가)",스마일 코인노래연습장,126.96585283391,37.5657205377965,노래방
7358,"서울특별시 서대문구 연세로4길 19, 지층 (창천동)",와라코인 노래연습장,126.937809863398,37.557379112725,노래방
7359,"서울특별시 서대문구 모래내로 350-1  (홍은동,지층)",용가리노래연습장,126.935451410484,37.5810889821499,노래방
7360,"서울특별시 서대문구 명물길 17, 31동 32호 (창천동,지층)",고래고래노래연습장,126.937505781432,37.55789405225,노래방
7361,"서울특별시 서대문구 홍은중앙로 75-6  (홍은동,지층)",열창노래연습장,126.94630960035,37.5980940729401,노래방
7362,"서울특별시 서대문구 연세로7길 14  (창천동,2층)",짱이야노래연습장,126.936053020581,37.5577854250109,노래방
7363,서울특별시 서대문구 연세로 32  (창천동),칼라비디오극장,126.937132516256,37.5584415702212,노래방
7364,"서울특별시 서대문구 홍은중앙로 96  (홍은동,지층)",팡팡노래연습장,126.948070271067,37.599165958771,노래방
7365,"서울특별시 서대문구 연세로 20  (창천동,지층)",X(eks)노래연습장,126.937068700844,37.5574794515001,노래방
7366,"서울특별시 마포구 동교로 251, 지1층 (연남동)",K 노래연습장,126.924202913917,37.5624010661205,노래방
7367,"서울특별시 마포구 동교로 233, 지하 1층 (연남동, 파크연남)",골든싱어코인노래연습장 연남점,126.924024982068,37.5609588167788,노래방
7368,"서울특별시 마포구 월드컵로 196, 대명비첸시티오피스텔 2층 202호 (성산동)",세븐스타코인노래연습장 마포구청역점,126.902750212857,37.5647995635391,노래방
7369,"서울특별시 마포구 월드컵로 73, 일부 지하 1층 (망원동)",연인 노래연습장,126.910357684549,37.5554229661709,노래방
7370,"서울특별시 마포구 독막로 13, 지하 1층 (합정동)",렉스코인노래연습장 합정점,126.915065611158,37.548813842869,노래방
7371,"서울특별시 마포구 잔다리로 14, 3층, 4층 (서교동)",세븐틴코인 노래연습장 홍대점,126.921649135142,37.5509543013654,노래방
7372,"서울특별시 마포구 희우정로 82-1, 지하1층 (망원동)",와우노래연습장,126.903461698512,37.5532283756696,노래방
7373,"서울특별시 마포구 성미산로 199, 지하1층 (연남동)",씨티 노래연습장,126.927113322711,37.5625180460536,노래방
7374,"서울특별시 마포구 포은로 44, 지하1층 (합정동)",로즈 노래연습장,126.907205510093,37.5514650611558,노래방
7375,"서울특별시 마포구 백범로26길 8, 지하1층 (염리동)",옥소리노래연습장,126.945993890183,37.5455821363431,노래방
7376,"서울특별시 마포구 성미산로 26, 지하1층 (성산동)",서울 노래연습장,126.911142289603,37.558494247576,노래방
7377,"서울특별시 마포구 마포대로4길 30, 지하1층 (도화동)",부부 노래연습장,126.946584461933,37.5384478396485,노래방
7378,"서울특별시 마포구 홍익로6길 15, 지하층 (동교동, 삼주빌딩)",홍대 코인 노래연습장,126.922709032013,37.5553579057749,노래방
7379,"서울특별시 마포구 와우산로21길 4, 3층 (서교동)",어썸 코인 노래연습장,126.92372929902,37.5526823359007,노래방
7380,"서울특별시 마포구 동교로 221, 지하1층 (동교동)",바비노래연습장,126.92362144615,37.5597815844476,노래방
7381,"서울특별시 마포구 마포대로4길 30-3, 지1층 (도화동)",수 노래연습장 도화점,126.946453315336,37.5383014578297,노래방
7382,"서울특별시 마포구 방울내로 67, 2층 (망원동)",두바이 노래연습장,126.902778121521,37.5601335973222,노래방
7383,"서울특별시 마포구 어울마당로 133, 지1층 (동교동)",큐코인 노래연습장,126.924659229855,37.5562598933684,노래방
7384,"서울특별시 마포구 월드컵로 137, 지하1층 (망원동)",쿨2 노래연습장,126.906120670985,37.5601395459984,노래방
7385,"서울특별시 마포구 도화길 42-1, 지하1층 (도화동)",영희 노래연습장,126.950471067372,37.5415515863287,노래방
7386,"서울특별시 마포구 망원로 24, 3층 (망원동)",토마토노래연습장,126.899636081982,37.5561118914478,노래방
7387,"서울특별시 마포구 토정로32길 3, 2층 (용강동)",뉴월드 노래연습장,126.941676555911,37.5407896492483,노래방
7388,"서울특별시 마포구 잔다리로 19, 지하1층 (서교동)",L(엘) 노래연습장,126.920869639143,37.5506378015082,노래방
7389,"서울특별시 마포구 잔다리로2길 19, 3층 (서교동)",빅코인 노래연습장,126.920986742713,37.5517318717902,노래방
7390,"서울특별시 마포구 양화로6길 73, 지하1층 (서교동)",J 노래연습장,126.91831258774,37.5486228696036,노래방
7391,"서울특별시 마포구 포은로 67, 2층 (망원동)",K팝스타 코인노래연습장,126.906035897936,37.5532902785265,노래방
7392,"서울특별시 마포구 월드컵로 103-1, 2층 (망원동)",힐링 노래연습장,126.90823736548,37.5577446486628,노래방
7393,"서울특별시 마포구 홍익로6길 10, 지하1층 (동교동, 준봉빌딩)",락휴 코인 노래연습장 홍대점,126.922687318825,37.5550137105249,노래방
7394,"서울특별시 마포구 잔다리로6길 19, 지하1층 (서교동)",탑코인 노래연습장,126.920225211701,37.5522866447739,노래방
7395,"서울특별시 마포구 토정로 314, 2층 (용강동)",OK노래연습장,126.943572359369,37.5396477421375,노래방
7396,"서울특별시 마포구 성미산로 85, 지하1층 (성산동)",우리 노래연습장,126.916984290685,37.5609583108942,노래방
7397,"서울특별시 마포구 월드컵북로2길 93, 지하1층 (동교동)",락휴 코인노래연습장 홍대연남점,126.924816169617,37.5587712526005,노래방
7398,"서울특별시 마포구 양화로18길 9, 지하1층 (동교동)",i 코인 노래연습장,126.924699552205,37.5567902460891,노래방
7399,"서울특별시 마포구 동교로 266, 2층 (연남동)",M 노래연습장,126.925473216007,37.5631565493367,노래방
7400,"서울특별시 마포구 잔다리로6길 39, 지하1층 (서교동)",고음불가3 노래연습장,126.921375976802,37.552438063498,노래방
7401,서울특별시 마포구 토정로 319 (용강동),팡팡 노래연습장,126.944221562956,37.5397122017629,노래방
7402,"서울특별시 마포구 신촌로12가길 37, 3층 (노고산동)",앵콜 노래연습장 2,126.934657807495,37.5554163896692,노래방
7403,"서울특별시 마포구 월드컵로 146, 2층 (성산동, 송원빌딩)",킹 노래연습장 성산점,126.905980430636,37.5609579897712,노래방
7404,"서울특별시 마포구 토정로 315, 지하1층 (용강동)",쿨 노래연습장,126.944149311847,37.5399466077937,노래방
7405,"서울특별시 마포구 삼개로3길 6, 지하1층 (도화동)",발리 노래연습장,126.94775992308,37.5386527123196,노래방
7406,"서울특별시 마포구 대흥로30길 12, 지하1층 (염리동)",붕붕 노래연습장,126.946750230253,37.5562548940559,노래방
7407,"서울특별시 마포구 토정로 307, 지1층 (용강동)",키스 노래연습장,126.943204503104,37.5404033244962,노래방
7408,"서울특별시 마포구 월드컵로1길 17, 지하1층 (합정동)",넘버원 노래연습장,126.911994534229,37.5494350847627,노래방
7409,"서울특별시 마포구 월드컵로 89, 지1층 (망원동)",킹덤 노래연습장,126.909173511781,37.5567619342064,노래방
7410,"서울특별시 마포구 도화길 10, 에벤에셀 지하 1층 (도화동)",세븐틴코인노래연습장(마포점),126.947408013992,37.5398073678554,노래방
7411,"서울특별시 마포구 월드컵로 164, 지하1층 (성산동)",쿨 노래연습장,126.90495579097,37.5622992935812,노래방
7412,"서울특별시 마포구 와우산로 67, 3층 (서교동)",스포츠게임 노래연습장,126.922852641945,37.5505338771894,노래방
7413,"서울특별시 마포구 월드컵로 81, 3층 (망원동)",맥코인 노래연습장,126.909723811632,37.5560708408877,노래방
7414,"서울특별시 마포구 월드컵북로44길 49, 지하1층 (상암동)",럭키코인 노래연습장,126.894733339323,37.5768061933577,노래방
7415,"서울특별시 마포구 어울마당로 140, 지하1층 (서교동)",뉴코인싱어 노래연습장,126.925668458382,37.5560946594281,노래방
7416,"서울특별시 마포구 동교로 226, 3층 (동교동)",렉스코인 노래연습장,126.924030674209,37.5600344879606,노래방
7417,"서울특별시 마포구 동교로9길 48, 베스트힐 3층 (망원동)",세븐스타 코인노래연습장 망원역점,126.909502042286,37.5559340799314,노래방
7418,"서울특별시 마포구 월드컵북로 324, 지하1층 (상암동)",DMC 노래연습장,126.8957742125,37.5753819244659,노래방
7419,"서울특별시 마포구 동교로 259, 지하1층 (연남동)",렉스코인노래연습장 연남점,126.924853547951,37.563024160597,노래방
7420,"서울특별시 마포구 잔다리로 5-1, 4층 (서교동)",樂巢KTV&락소노래연습장,126.922326661681,37.5505195668914,노래방
7421,"서울특별시 마포구 어울마당로 62, 지하1층 (서교동)",악쓰는하마 코인노래연습장,126.921429397327,37.5506007838824,노래방
7422,"서울특별시 마포구 와우산로 77, 지하1층 (서교동)",망고 노래연습장,126.923083088381,37.5513752894754,노래방
7423,"서울특별시 마포구 어울마당로 74, 금광빌딩 지하2층, 지하3층 (서교동)",락휴코인노래연습장 홍대본점,126.921631639385,37.5515597604562,노래방
7424,"서울특별시 마포구 서강로16길 69, 3층 (신수동)",지코인 노래연습장,126.93718651337,37.5514167009969,노래방
7425,"서울특별시 마포구 토정로 229-1, 지하1층 (신수동)",밤섬 노래연습장,126.936330984637,37.5443469172087,노래방
7426,"서울특별시 마포구 월드컵북로1길 30, 지하1층 (서교동)",라이브 노래연습장,126.91964516352,37.5546608309389,노래방
7427,"서울특별시 마포구 새창로 21, 지하1층 (도화동)",스카이 노래연습장,126.952254531308,37.5421517559542,노래방
7428,"서울특별시 마포구 마포대로1길 16, 지하1층 (용강동)",후 노래연습장,126.943142441441,37.5397308784185,노래방
7429,"서울특별시 마포구 월드컵로 95, 지하1층 (망원동)",아지트 노래연습장,126.90875552122,37.5571612041475,노래방
7430,"서울특별시 마포구 월드컵로28길 6, 지하1층 (성산동)",애플 노래연습장,126.907601859028,37.5595012771117,노래방
7431,"서울특별시 마포구 토정로37길 46, 지하1층 27호 (도화동, 정우빌딩)",번개 노래연습장,126.947307540814,37.5425353700491,노래방
7432,서울특별시 마포구 어울마당로 67 (서교동),럭셔리 수 노래연습장,126.921103458554,37.5511572031882,노래방
7433,"서울특별시 마포구 마포대로4나길 7, 지하1층 (도화동)",힐링 노래연습장 도화점,126.946445880461,37.5385719347018,노래방
7434,"서울특별시 마포구 월드컵북로 190, 지하1층 (성산동)",하모니 노래연습장,126.907895859387,37.5683595593483,노래방
7435,"서울특별시 마포구 양화로7길 24, 지하1층 (서교동)",보이스 노래연습장,126.914770521024,37.5518598149497,노래방
7436,"서울특별시 마포구 토정로 261, 지하1층 (용강동)",소리샘 노래연습장,126.939396951664,37.5431010969782,노래방
7437,"서울특별시 마포구 월드컵로 149, 지하1층 (망원동)",즐거운 노래연습장,126.905318082006,37.5609655694352,노래방
7438,"서울특별시 마포구 월드컵로 65, 지하1층 (망원동)",엔돌핀 노래연습장,126.910869330338,37.5548617618262,노래방
7439,"서울특별시 마포구 독막로 266, 지층 (대흥동, 태영아파트상가 중앙동)",태영콘서트 노래연습장,126.942389642584,37.5438675433938,노래방
7440,"서울특별시 마포구 마포대로4길 31, 지하1층 (도화동)",디프 노래연습장,126.94680864621,37.5382339533018,노래방
7441,"서울특별시 마포구 잔다리로 17, 지하1층 (서교동)",악쓰는하마코인노래연습장 홍대3호점,126.921038579505,37.5506535018717,노래방
7442,"서울특별시 마포구 월드컵북로 184, 3층 (성산동)",앵콜 노래연습장,126.908374154783,37.5681293668049,노래방
7443,"서울특별시 마포구 토정로 304, 지하1층 (용강동)",이브 노래연습장,126.942687855943,37.5402574733073,노래방
7444,"서울특별시 마포구 토정로 294, 지하1층 (용강동)",써니 노래연습장,126.941858135997,37.5408251480812,노래방
7445,"서울특별시 마포구 마포대로1길 26, 지하1층 (용강동)",코러스 노래연습장,126.942323015666,37.540313878466,노래방
7446,"서울특별시 마포구 토정로 318, 지하1층 (용강동)",썸씽 노래연습장,126.943764535727,37.5394324047183,노래방
7447,"서울특별시 마포구 토정로 263, 지하1층 (용강동)",신나는 노래연습장,126.939543358748,37.5429796272045,노래방
7448,"서울특별시 마포구 대흥로 83, 지하 1층 102호 (대흥동)",팔도강산 노래연습장,126.941372151118,37.547616910374,노래방
7449,"서울특별시 마포구 동교로 127, 지하1층 (서교동)",슈퍼스타 노래연습장,126.916213410544,37.5551967915779,노래방
7450,"서울특별시 마포구 독막로9길 43, 지하1층 (서교동)",별 노래연습장,126.920519899336,37.5501583256716,노래방
7451,"서울특별시 마포구 월드컵로 102, 3층 (성산동)",젠틀맨 노래연습장,126.908894089878,37.5577779535259,노래방
7452,"서울특별시 마포구 월드컵로 87, 205호 (망원동, 로얄프라자)",도토리 노래연습장,126.909240634072,37.5564742974241,노래방
7453,"서울특별시 마포구 어울마당로 116, 지하1층 (서교동)",슈퍼스타 코인 노래연습장,126.923358838488,37.554949096298,노래방
7454,"서울특별시 마포구 방울내로 68, 지하층 (망원동)",구찌 노래연습장,126.903125061762,37.5600135093522,노래방
7455,"서울특별시 마포구 독막로 11, 2층 (합정동)",큐 노래연습장,126.914798492771,37.5488604122461,노래방
7456,"서울특별시 마포구 백범로 122, 지하1층 (염리동)",와이티티 노래연습장,126.944436221506,37.5465546727469,노래방
7457,"서울특별시 마포구 망원로 82, 지하1층 (망원동)",파티파티 노래연습장,126.905900464832,37.5574054760448,노래방
7458,"서울특별시 마포구 새창로 14, 2층 (도화동)",고래고래 노래연습장,126.95157580749,37.5420241683344,노래방
7459,"서울특별시 마포구 월드컵로 113, 지하1층 (망원동)",수화 노래연습장,126.90761416969,37.558422252973,노래방
7460,"서울특별시 마포구 월드컵로 133, 2층 (망원동)",궁전 노래연습장,126.906392442114,37.559848199268,노래방
7461,"서울특별시 마포구 망원로11길 29, 지하1층 (망원동)",샾 노래연습장 망원점,126.906323381008,37.5589612033156,노래방
7462,"서울특별시 마포구 월드컵로13길 13, 지하1층 (망원동)",고고 노래연습장,126.909456803262,37.5555346331413,노래방
7463,"서울특별시 마포구 만리재로 15, 3층 (공덕동)",삼층 노래연습장,126.95276773044,37.5445849310546,노래방
7464,"서울특별시 마포구 월드컵로 111, 2층 (망원동)",무한도전 노래연습장,126.907859722016,37.5581818786815,노래방
7465,"서울특별시 마포구 독막로 9, 지하1층 (합정동)",아이앤지 노래연습장,126.914614565555,37.5488926252306,노래방
7466,"서울특별시 마포구 백범로37길 22, 지하 1층 (신공덕동)",뮤즈 코인노래연습장,126.954809626584,37.54405666336,노래방
7467,"서울특별시 마포구 양화로18안길 10, 지하1층 (동교동)",샾 노래연습장,126.925199145717,37.5566395565112,노래방
7468,"서울특별시 마포구 도화길 26, 지하1층 (도화동)",친구야노래하자 노래연습장,126.948952495639,37.5404885708205,노래방
7469,"서울특별시 마포구 대흥로30길 17, 지하1층 (염리동)",열린 노래연습장,126.947029743255,37.5564545907097,노래방
7470,"서울특별시 마포구 월드컵로1길 52, 지하1층 (합정동)",놀러와 노래연습장,126.910190278694,37.5491229719336,노래방
7471,"서울특별시 마포구 신촌로12가길 34, 지하층 (노고산동)",스타 노래연습장,126.934366352967,37.5553253173684,노래방
7472,"서울특별시 마포구 잔다리로 60, 지1층 (서교동)",성원 노래연습장,126.917795305093,37.553272832072,노래방
7473,"서울특별시 마포구 숭문길 209, 지하1층 (대흥동)",둘둘 노래연습장,126.946448660302,37.5557241602598,노래방
7474,"서울특별시 마포구 도화2길 2, 2층 (도화동)",메인 노래연습장,126.948603959103,37.5403707490602,노래방
7475,"서울특별시 마포구 독막로 82, 2층 (상수동)",스타 노래연습장 상수점,126.922479635855,37.5475944859874,노래방
7476,"서울특별시 마포구 도화길 44, 지하1층 (도화동)",비젼 노래연습장,126.950577268325,37.5416259632978,노래방
7477,"서울특별시 마포구 월드컵로 117, 지하1층 (망원동)",바다 노래연습장,126.907464580208,37.5586712614622,노래방
7478,"서울특별시 마포구 동교로 248-2, 지하1층 (연남동)",연남 노래연습장,126.924542744133,37.5621247680055,노래방
7479,"서울특별시 마포구 만리재옛길 40, 지하1층 (신공덕동)",큐 노래연습장,126.956499925596,37.5474141503406,노래방
7480,"서울특별시 마포구 신촌로14길 12, 지하1층 (노고산동)",FM 노래연습장,126.933642480341,37.5555998971993,노래방
7481,서울특별시 마포구 월드컵로 113 (망원동),월드 노래연습장,126.90761416969,37.558422252973,노래방
7482,"서울특별시 마포구 만리재로 23, 2층 (공덕동)",토토노래연습장,126.953746742484,37.544803180199,노래방
7483,"서울특별시 마포구 동교로 156, 지하1층 (서교동)",짱 노래연습장,126.919415676193,37.5554776990457,노래방
7484,"서울특별시 마포구 와우산로21길 10, 지하1층 (서교동)",K·POP코인노래연습장,126.92339045641,37.552585619668,노래방
7485,"서울특별시 마포구 숭문길 226, 지하1층 (염리동)",수 노래연습장,126.946747056181,37.5564212167459,노래방
7486,"서울특별시 마포구 월드컵로 94, 지하1층 (서교동)",영 노래연습장,126.909494710567,37.5571302381779,노래방
7487,"서울특별시 마포구 성미산로 5, 2층 (성산동)",탑 노래연습장,126.908960995504,37.5583212161955,노래방
7488,"서울특별시 마포구 월드컵로13길 50, 지하1층 (망원동)",카카 노래연습장,126.907420572464,37.5554544871422,노래방
7489,"서울특별시 마포구 동교로 24, 지하1층 (합정동)",뮤즈 노래연습장,126.905274033823,37.5520410670922,노래방
7490,"서울특별시 마포구 양화로6길 103, 지하1층 (서교동, 준영빌딩)",프라임 노래연습장,126.919915168072,37.5484433171965,노래방
7491,"서울특별시 마포구 마포대로14길 21, 2층 (공덕동)",와이드 노래연습장,126.957016576777,37.5484741843432,노래방
7492,"서울특별시 마포구 월드컵로 118, 2층 (성산동)",3040 노래연습장,126.907891297796,37.5589180177603,노래방
7493,서울특별시 양천구 목동동로 293 (목동),타워노래연습장,126.875771989415,37.5281783139269,노래방
7494,"서울특별시 마포구 망원로 86, 지하1층 (망원동)",M.W 노래연습장,126.906276336192,37.5574855132449,노래방
7495,"서울특별시 마포구 삼개로 15-10, 지하1층 (도화동)",코노코노 혜자 노래연습장,126.947941557446,37.5390950934712,노래방
7496,"서울특별시 마포구 월드컵북로1길 60, 지하1층 (서교동)",서교 노래연습장,126.918422364162,37.553806747709,노래방
7497,"서울특별시 마포구 어울마당로 70, 2층 (서교동, 서포빌딩)",N2 노래연습장 2호점,126.921555321059,37.5513852765591,노래방
7498,"서울특별시 마포구 월드컵로3길 31, 지하1층 (합정동)",보리노래연습장,126.91105093822,37.5502243729623,노래방
7499,"서울특별시 마포구 홍익로3길 8, 지하1층 (서교동)",코인악쓰는하마 노래연습장 홍대1호점,126.922065320318,37.5541457310575,노래방
7500,"서울특별시 마포구 월드컵로3길 28, 지하1층 (합정동)",보그 노래연습장,126.911160932182,37.5504174495736,노래방
7501,"서울특별시 마포구 월드컵북로 221, 지하1층 (성산동)",모두랑 노래연습장,126.904325487726,37.5692778974779,노래방
7502,"서울특별시 마포구 양화로3길 15, 2층 (합정동)",퀸 노래연습장,126.911480973563,37.5496445433809,노래방
7503,서울특별시 마포구 어울마당로5길 3 (서교동),신바람 노래연습장,126.920175850477,37.5488034425956,노래방
7504,"서울특별시 마포구 도화2길 8, 지하1층 (도화동)",쏭쏭 노래연습장,126.948762009763,37.5400702441827,노래방
7505,"서울특별시 마포구 월드컵로 82-1, 지하1층 (서교동)",카카오song,126.910226957389,37.5563763922796,노래방
7506,"서울특별시 마포구 포은로 63, 지하1층 (망원동)",두꺼비 노래연습장,126.906238553093,37.5529548179871,노래방
7507,"서울특별시 마포구 삼개로 11, 지하1층 (도화동)",월드컵 노래연습장,126.947760216592,37.539367295599,노래방
7508,"서울특별시 마포구 도화길 20, 지하1층 (도화동)",스팅 노래연습장,126.948258594304,37.5402494137595,노래방
7509,"서울특별시 마포구 월드컵북로 18, 지하1층 (동교동)",2차는 노래연습장,126.920297150034,37.5565718378207,노래방
7510,"서울특별시 마포구 동교로 200, 지하1층 (동교동, 법정빌딩)",홍박스 코인노래연습장,126.923123267715,37.5577603250168,노래방
7511,"서울특별시 마포구 어울마당로 144, 지하1층 (서교동)",퀸 노래연습장,126.92585135552,37.5562013624141,노래방
7512,"서울특별시 마포구 만리재옛길 46, 지하1층 (신공덕동)",한성 노래연습장,126.956914425831,37.547823445856,노래방
7513,"서울특별시 마포구 신촌로12다길 15, 지하1층 (노고산동)",궁 노래연습장,126.93349020295,37.554902169142,노래방
7514,"서울특별시 마포구 어울마당로 109, 지하1층 (동교동)",노랫마을 노래연습장,126.922688929419,37.554769270953,노래방
7515,"서울특별시 마포구 포은로 89, 지하1층 (망원동)",영 노래연습장,126.905032372607,37.5550213730909,노래방
7516,"서울특별시 마포구 양화로3길 10, 지하1층 (합정동)",신바람 노래연습장,126.911818779169,37.5493483677038,노래방
7517,"서울특별시 마포구 숭문길 186, 지하1층 (염리동)",모닥불 노래연습장,126.946659679023,37.5546833332726,노래방
7518,"서울특별시 마포구 망원로 70, 2층 (망원동)",만남 노래연습장,126.904629851217,37.5571261385691,노래방
7519,"서울특별시 마포구 월드컵북로 126, 2층 (성산동)",스타 노래연습장,126.912978191017,37.5642966807285,노래방
7520,"서울특별시 마포구 만리재로 19, 2층 (공덕동)",썬크루즈노래연습장,126.953258247848,37.5447947887537,노래방
7521,"서울특별시 마포구 와우산로32길 20, 2층 (창전동)",땡땡이 노래연습장,126.931286002864,37.5545892518917,노래방
7522,"서울특별시 마포구 삼개로 15, 지하1층 (도화동)",ENCORE 노래연습장,126.947652764863,37.5389865755009,노래방
7523,"서울특별시 마포구 월드컵북로44길 50, 지하1층 (상암동)",슈퍼스타 노래연습장,126.894893274345,37.5769041838122,노래방
7524,"서울특별시 마포구 양화로6길 65, 지하1층 (서교동)",VIP 노래연습장,126.91781430833,37.5487465913286,노래방
7525,"서울특별시 마포구 백범로 3, 지하1층 (노고산동)",허브 노래연습장,126.937204830762,37.5544027979569,노래방
7526,"서울특별시 마포구 양화로18안길 22, 지하1층 (동교동)",스토리엠 노래연습장,126.925815364934,37.5567732928865,노래방
7527,"서울특별시 마포구 도화길 20-1, 지하1층 (도화동)",홍노래연습장,126.948382814306,37.540277128818,노래방
7528,"서울특별시 마포구 독막로7길 41, 지하1층 (서교동)",질러 노래연습장,126.919465468441,37.5496970209014,노래방
7529,"서울특별시 마포구 월드컵로 105, 2층 (망원동)",캔디 노래연습장,126.907927949286,37.5577371998067,노래방
7530,"서울특별시 마포구 동교로27길 83, 지하1층 (연남동)",질러 노래연습장,126.920029400635,37.561210078869,노래방
7531,"서울특별시 마포구 마포대로 63-8, 지하1층 (도화동)",오디션 노래연습장,126.947815114643,37.5422597994869,노래방
7532,"서울특별시 마포구 양화로7안길 2-1, 지하1층 (서교동)",파티파티 노래연습장,126.915068576637,37.5516855965118,노래방
7533,"서울특별시 마포구 양화로6길 67, 지하1층 (서교동)",원투 노래연습장,126.918000732191,37.5487063562061,노래방
7534,"서울특별시 마포구 월드컵북로44길 46, 2층 (상암동)",케이팝 노래연습장,126.895074461334,37.5767823504105,노래방
7535,"서울특별시 마포구 월드컵북로48길 31, 지하1층 (상암동)",스페셜 노래연습장,126.895233592292,37.5773737239705,노래방
7536,"서울특별시 마포구 토정로 286-1, 2층 (용강동)",짝 노래연습장,126.941158209622,37.5413664824219,노래방
7537,"서울특별시 마포구 월드컵로34길 6, 태림센트윈Ⅱ 2층 207호 (성산동)",옥스코인 노래연습장 마포구청점,126.903064600183,37.564574122614,노래방
7538,"서울특별시 마포구 월드컵로30길 5, 지하1층 (성산동)",2차는노래연습장,126.905768766573,37.5615086001538,노래방
7539,"서울특별시 마포구 백범로 74, 2층 (신수동)",케이팝 서강 코인 노래연습장,126.939845937571,37.5486080521382,노래방
7540,"서울특별시 마포구 월드컵로 151, 2층 (망원동)",봉봉 노래연습장,126.905169288161,37.5612018714899,노래방
7541,"서울특별시 마포구 마포대로 180, 지1층 (공덕동)",슈가코인노래연습장 공덕점,126.955540593824,37.5501896795951,노래방
7542,"서울특별시 마포구 동교로 158, 지하1층 (서교동)",깨비 노래연습장,126.919651670263,37.5555574179464,노래방
7543,"서울특별시 마포구 와우산로 73, 3층 (서교동)",마이슨 노래연습장,126.923009896315,37.5510188970321,노래방
7544,"서울특별시 마포구 동교로 239, 창무빌딩 지층 (연남동)",일번지 노래연습장,126.924089410133,37.5612661881516,노래방
7545,"서울특별시 마포구 도화길 29-1, 3층 (도화동)",지코인 노래연습장,126.949230752419,37.5409609948758,노래방
7546,"서울특별시 마포구 양화로6길 91, 지하1층 (서교동)",레드 코인 노래연습장,126.919248127986,37.5484979139161,노래방
7547,서울특별시 마포구 양화로 136  (서교동),짱노래연습장,126.921532386619,37.5546947163181,노래방
7548,"서울특별시 양천구 오목로 320 (목동,지하1층)",JUNE코인노래연습장,126.872886978621,37.5245954749181,노래방
7549,"서울특별시 양천구 남부순환로 357-1 (신월동,2층)",코러스II노래연습장,126.829201627201,37.5353751800232,노래방
7550,"서울특별시 양천구 목동중앙본로7길 48 (목동,지하1층)",아자노래연습장,126.866063044983,37.5396645561937,노래방
7551,"서울특별시 양천구 중앙로 288 (신정동,3층)",오디션노래연습장,126.852346956783,37.521932097607,노래방
7552,서울특별시 양천구 신목로 100-2 (목동),M노래연습장,126.875626432198,37.5233138331006,노래방
7553,"서울특별시 양천구 목동중앙북로 81 (목동,지하1층)",멜로디노래연습장,126.872191581726,37.546543807741,노래방
7554,"서울특별시 양천구 오목로 313-7 (목동,지하1층)",스타노래연습장,126.872408429421,37.5256720163355,노래방
7555,"서울특별시 양천구 신정중앙로 94 (신정동, 목마빌딩 2층)",폭스노래연습장,126.862015078003,37.5262409361592,노래방
7556,"서울특별시 양천구 목동중앙북로7길 5 (목동,지하1층)",빙고노래연습장,126.866981042204,37.5483806845397,노래방
7557,"서울특별시 양천구 오목로 337-10 (목동,지하-105호)",SBS노래연습장,126.875367274981,37.5252109797259,노래방
7558,서울특별시 양천구 목동중앙북로7가길 14 (목동),소리노래연습장,126.866641017834,37.5488089057842,노래방
7559,"서울특별시 양천구 신월로 175, 2층 (신월동)",더 큰 코인노래연습장,126.842539608321,37.5188434986601,노래방
7560,"서울특별시 양천구 월정로 97 (신월동,2층)",칭구칭구노래연습장,126.839373632136,37.5279865643939,노래방
7561,"서울특별시 양천구 은행정로18길 20-1 (신정동,지하1층)",준 노래연습장,126.861085856992,37.5261682172495,노래방
7562,"서울특별시 양천구 신월로 320 (신정동,지하1층)",삼박자노래연습장,126.85645117508,37.5213330352744,노래방
7563,"서울특별시 양천구 곰달래로 20 (신월동,지하1층)",로망스노래연습장,126.834716458194,37.529675281305,노래방
7564,"서울특별시 양천구 오목로 224 (신정동,지하1층)",M코인노래연습장,126.862429602385,37.5256144128021,노래방
7565,서울특별시 양천구 지양로 64 (신월동),킹노래연습장,126.83425351744,37.5214918294231,노래방
7566,"서울특별시 양천구 오목로 337-2, 3,4층 (목동, 보산빌등)",퀸스애비뉴노래연습장,126.875229238172,37.5248840406486,노래방
7567,"서울특별시 양천구 중앙로 252, 지하1층 (신정동)",슈퍼스타 코인노래연습장 신정점,126.853683543784,37.5190713670064,노래방
7568,"서울특별시 양천구 신월로 165 (신월동,지층)",팡팡노래연습장,126.841777782827,37.5182964731309,노래방
7569,서울특별시 양천구 지양로 87 (신월동),특급노래연습장,126.83231059552,37.5228295972487,노래방
7570,서울특별시 양천구 중앙로46길 3 (신정동),써니노래연습장,126.852545692143,37.522172733215,노래방
7571,"서울특별시 양천구 신월로 303 (신정동,지하1층)",유성노래연습장,126.854701801791,37.5215384870309,노래방
7572,"서울특별시 양천구 목동중앙본로 109 (목동, 지하1층)",대박노래연습장,126.870933652367,37.5453883505145,노래방
7573,"서울특별시 양천구 화곡로4길 23-1 (신월동,지층)",선구자노래연습장,126.828401135269,37.5374516343242,노래방
7574,"서울특별시 양천구 오목로 47 (신월동,지층)",팔도노래연습장,126.842810072169,37.5223490273562,노래방
7575,서울특별시 양천구 지양로 74 (신월동),파티파티노래방,126.833816052734,37.5222668871463,노래방
7576,서울특별시 양천구 목동중앙북로16길 2 (목동),골드노래연습장,126.873591230745,37.5461564434459,노래방
7577,서울특별시 양천구 목동중앙서로 6 (목동),용가리노래연습장,126.864542149241,37.5323760743085,노래방
7578,"서울특별시 양천구 목동중앙북로 93 (목동,지하1층)",아리랑노래연습장,126.873533422962,37.5463475734256,노래방
7579,"서울특별시 양천구 중앙로 292-1 (신정동,2층)",특급노래방,126.852057049623,37.5224344939132,노래방
7580,"서울특별시 양천구 은행정로2길 3 (신정동,지하1층)",럭키노래연습장,126.860382727588,37.5206007283895,노래방
7581,"서울특별시 양천구 신월로 168 (신월동,지하1층)",큐노래연습장,126.842246985447,37.5180312149122,노래방
7582,서울특별시 양천구 월정로 14 (신월동),아싸노래연습장,126.843869453246,37.5212719332375,노래방
7583,서울특별시 양천구 오목로 128 (신정동),테마노래연습장,126.851807383459,37.5240945470007,노래방
7584,서울특별시 양천구 목동중앙남로11길 3 (목동),차차차노래연습장,126.865744817396,37.5391883770204,노래방
7585,서울특별시 양천구 은행정로 16 (신정동),스타노래연습장,126.859937727936,37.5210758406008,노래방
7586,서울특별시 양천구 신월로 167 (신월동),DJ노래연습장,126.842004407025,37.5184870682077,노래방
7587,서울특별시 양천구 오목로32길 4 (신정동),금잔디노래연습장,126.854492949998,37.5245238797344,노래방
7588,서울특별시 양천구 신정중앙로 107 (신정동),로데오노래방,126.863696724211,37.5264375953214,노래방
7589,"서울특별시 양천구 오목로 38-1 (신월동,2층)",당신의노래연습장,126.841885616197,37.5218190854932,노래방
7590,"서울특별시 양천구 오목로 62, 지하1층 (신월동)",파브노래연습장,126.844436527017,37.5223639750294,노래방
7591,"서울특별시 양천구 중앙로 269 (신정동,지하1층)",히트노래방,126.852503942423,37.5204524878978,노래방
7592,"서울특별시 양천구 오목로 148 (신정동,지하1층)",원노래연습장,126.853984539719,37.5245919986985,노래방
7593,"서울특별시 양천구 남부순환로 356 (신월동,지층)",팡팡노래연습장,126.828393719255,37.5352566085309,노래방
7594,"서울특별시 양천구 오목로 149 (신정동,지하1층)",스타노래연습장,126.853912712822,37.5248777075774,노래방
7595,"서울특별시 양천구 목동중앙북로 3 (목동,지하1층)",파티파티노래연습장,126.864035750314,37.5488217922193,노래방
7596,"서울특별시 양천구 신목로 78-1, 2층 (신정동)",룰루랄라 코인노래연습장,126.874308549743,37.5217505507769,노래방
7597,"서울특별시 양천구 화곡로 105 (신월동,지층)",소나타노래연습장,126.833600490747,37.5400681885507,노래방
7598,"서울특별시 양천구 신정중앙로 67 (신정동,2층)",채플린노래연습장신정점,126.859394307477,37.5270959588225,노래방
7599,"서울특별시 양천구 신목로6길 27 (신정동, 지하1층)",둘리노래연습장,126.874882870588,37.5210739672504,노래방
7600,서울특별시 양천구 등촌로 220 (목동),골드노래연습장,126.864025876203,37.5493360704849,노래방
7601,"서울특별시 양천구 곰달래로5길 47 (신월동,지하1층)",엔젤노래연습장,126.832273417043,37.5336247053818,노래방
7602,"서울특별시 양천구 신목로2길 7-20 (신정동,지하1층)",뽀뽀뽀노래연습장,126.874585448756,37.5185211116251,노래방
7603,서울특별시 양천구 오목로 236 (신정동),올래노래연습장,126.863682572204,37.5258840036904,노래방
7604,"서울특별시 양천구 오목로 215-1 (신정동,예지2003타운 102호)",희락노래연습장,126.861282668673,37.5260637522079,노래방
7605,"서울특별시 양천구 곰달래로 25, 지층 (신월동)",명품노래연습장,126.835759007538,37.5300287567051,노래방
7606,서울특별시 양천구 오목로 203-2 (신정동),노라 노래연습장,126.860008660492,37.525976924134,노래방
7607,"서울특별시 양천구 신월로 348  (신정동,지하1층)",백십일노래연습장,126.859596171681,37.5216420753214,노래방
7608,"서울특별시 양천구 등촌로 178 (목동,지하1층)",카라 노래연습장,126.86269396164,37.5454968174628,노래방
7609,서울특별시 양천구 오목로 183 (신정동),해피노래연습장,126.857735959051,37.5254118933694,노래방
7610,"서울특별시 양천구 오목로50길 23 (신정동, 지하1층)",파티파티노래연습장,126.86435883953,37.523955557562,노래방
7611,서울특별시 양천구 오목로 10 (신월동),앵콜노래방,126.838984117343,37.5211448201387,노래방
7612,"서울특별시 양천구 월정로29길 17 (신월동,지하1층)",신월노래연습장,126.834280886307,37.5328989907973,노래방
7613,서울특별시 양천구 화곡로 54 (신월동),탑노래연습장,126.827834126539,37.5391396419643,노래방
7614,"서울특별시 양천구 남부순환로 358 (신월동,2층)",짱노래연습장,126.828493882542,37.5350450191098,노래방
7615,서울특별시 양천구 신월로 192 (신월동),탈렌트노래연습장,126.844287275211,37.5195537331482,노래방
7616,"서울특별시 양천구 지양로7길 1 (신월동,지하1층)",차차차노래연습장,126.83344870406,37.5218259600363,노래방
7617,"서울특별시 양천구 공항대로 634 (목동,1층)",팡팡노래방,126.875163932834,37.5466903363672,노래방
7618,"서울특별시 양천구 목동중앙북로 10 (목동,지하1층)",카카노래연습장,126.864703900749,37.548427021542,노래방
7619,"서울특별시 양천구 신정중앙로 96 (신정동,지하1층)",보이스노래연습장,126.862423828915,37.5262325831954,노래방
7620,서울특별시 양천구 오목로 215 (신정동),MBC노래연습장,126.861414089931,37.5258989331251,노래방
7621,"서울특별시 양천구 중앙로 259 (신정동,지하1층)",파티파티노래연습장,126.852875354529,37.5193961655306,노래방
7622,"서울특별시 양천구 목동동로 385, 지1층 (목동, 벽산미라지타워)",세븐스타코인노래연습장 목동점,126.879499031842,37.5359018594421,노래방
7623,"서울특별시 양천구 지양로 79 (신월동,지하1층)",카네기노래연습장,126.832990682262,37.5224300656382,노래방
7624,"서울특별시 양천구 목동동로 391, 지1층 (목동, 현대파크빌)",COINBOX동전노래연습장,126.880270604347,37.5358735419191,노래방
7625,"서울특별시 양천구 곰달래로14길 14 (신월동,지하1층)",엔돌핀노래연습장,126.838024642405,37.5289314936547,노래방
7626,"서울특별시 양천구 월정로 127 (신월동,지하1층)",채플린노래연습장,126.83790163027,37.5304121194462,노래방
7627,"서울특별시 양천구 등촌로 36 (목동,2층)",와우노래연습장,126.86398491838,37.5331993086611,노래방
7628,서울특별시 양천구 목동동로12길 37 (목동),가자노래연습장,126.875328309716,37.5226573189881,노래방
7629,"서울특별시 양천구 오목로 193 (신정동,지하1층)",팬클럽노래연습장,126.858867366666,37.5255837202815,노래방
7630,"서울특별시 양천구 월정로 53 (신월동,지하1층)",신월노래연습장,126.841526115844,37.5244384462917,노래방
7631,서울특별시 양천구 목동로21길 2 (신정동),라이브노래연습장,126.863578405179,37.5255599733648,노래방
7632,"서울특별시 양천구 신정중앙로 85  (신정동,2층)",MUSE캐슬노래연습장,126.861389810629,37.526853785922,노래방
7633,"서울특별시 양천구 지양로 73 (신월동,지하1층)",MBC노래연습장,126.833568304452,37.5219652433064,노래방
7634,"서울특별시 양천구 지양로5길 2 (신월동,지하1층)",월드노래연습장,126.833918680632,37.5209285932767,노래방
7635,서울특별시 양천구 신월로 173 (신월동),궁전노래연습장,126.842278276751,37.5186961063921,노래방
7636,서울특별시 양천구 화곡로4길 17 (신월동),질러봐노래연습장,126.828016402538,37.5380093338088,노래방
7637,"서울특별시 양천구 신정중앙로23길 5 (신정동, 지하1층)",모델노래방,126.863377868195,37.5267791569273,노래방
7638,"서울특별시 양천구 지양로 36 (신월동,지하1층)",올포유 노래연습장,126.836177140369,37.519636286677,노래방
7639,서울특별시 양천구 목동중앙본로 53 (목동),행운노래연습장,126.868717620862,37.5407745950884,노래방
7640,서울특별시 양천구 등촌로 42-1 (목동),은하수노래연습장,126.863916516818,37.5337333428665,노래방
7641,서울특별시 양천구 목동중앙북로 25 (목동),테크노노래연습장,126.866350203356,37.5483568165537,노래방
7642,"서울특별시 양천구 중앙로46길 7 (신정동,지하1층)",로또노래연습장,126.852962027686,37.5222084814386,노래방
7643,"서울특별시 양천구 가로공원로 104 (신월동,지층)",OK노래연습장,126.827442129579,37.5355279545057,노래방
7644,"서울특별시 양천구 목동중앙본로 36 (목동,목동프라자 201호 2층)",씽씽노래연습장,126.869312710375,37.5395917023953,노래방
7645,"서울특별시 양천구 지양로 75 (신월동,지하1층)",우성노래연습장,126.833339992573,37.5221823330859,노래방
7646,"서울특별시 양천구 신월로 170 (신월동,지하1층)",스타노래연습장,126.842475437099,37.518159822566,노래방
7647,서울특별시 양천구 신정중앙로 83 (신정동),정든노래연습장,126.861094042489,37.5268176686749,노래방
7648,"서울특별시 양천구 신월로 317 (신정동,지하1층)",미소노래연습장,126.856089965611,37.5217514715837,노래방
7649,"서울특별시 양천구 목동중앙북로7길 10 (목동,지하1층)",MBC노래방,126.86735403192,37.5483774100372,노래방
7650,"서울특별시 양천구 신목로 119 (목동,지하1층)",오목노래연습장,126.876243682609,37.5250690925454,노래방
7651,서울특별시 양천구 목동남로4길 17 (신정동),주얼리노래연습장,126.865317041511,37.50896063118,노래방
7652,"서울특별시 양천구 월정로 137 (신월동,지하1층)",HERA노래연습장,126.837469383438,37.5311741321708,노래방
7653,"서울특별시 양천구 신월로15길 8 (신월동,2층)",정든노래연습장,126.842061353904,37.519107934995,노래방
7654,"서울특별시 양천구 목동중앙서로 10 (목동,지하1층)",메들리노래연습장,126.864843232656,37.5324265148967,노래방
7655,"서울특별시 양천구 공항대로 620 (목동,지하1층)",찬찬찬노래연습장,126.8738208026,37.5465760136688,노래방
7656,"서울특별시 양천구 곰달래로13길 6 (신월동,지하1층)",행운노래연습장,126.837454977063,37.530461781373,노래방
7657,서울특별시 양천구 등촌로 66 (목동),수 노래연습장,126.863704882809,37.5358808128398,노래방
7658,"서울특별시 양천구 은행정로4길 1 (신정동,지하1층)",쎄븐노래연습장,126.860062241438,37.5210935577345,노래방
7659,서울특별시 양천구 가로공원로 105 (신월동),황제노래연습장,126.827637332743,37.5360059495591,노래방
7660,"서울특별시 양천구 목동동로12길 25 (목동,지하1층)",파티파티 노래연습장,126.874278673241,37.5228364968711,노래방
7661,"서울특별시 양천구 중앙로 235 (신정동,지하1층)",MBC노래연습장,126.853830060932,37.5173747803726,노래방
7662,서울특별시 양천구 목동중앙서로 5 (목동),메카노래연습장,126.864485115384,37.532632884119,노래방
7663,서울특별시 양천구 신월로 152 (신월동),서울노래연습장,126.840706215364,37.5172364449726,노래방
7664,"서울특별시 양천구 신목로 90 (목동,지하1층)",앵콜노래방,126.875038604502,37.5227223354795,노래방
7665,"서울특별시 양천구 신정중앙로 99 (신정동,2층)",환상노래연습장,126.862806329004,37.5265974832117,노래방
7666,"서울특별시 양천구 신월로15길 2 (신월동,지하1층)",파티파티노래연습장,126.842197607482,37.5189187264252,노래방
7667,서울특별시 양천구 곰달래로5길 26 (신월동),열정 노래연습장,126.833698262468,37.5319115765941,노래방
7668,서울특별시 양천구 중앙로 268-1 (신정동),소양강노래연습장,126.853130074929,37.5203313625499,노래방
7669,"서울특별시 양천구 목동로25길 1 (신정동,지하1층)",짱노래연습장,126.863528938915,37.52762537181,노래방
7670,서울특별시 양천구 목동중앙서로6길 20-29 (목동),와와노래연습장,126.864351401596,37.5314994520984,노래방
7671,"서울특별시 양천구 중앙로34길 21-1, 지층 (신정동)",뮤직노래연습장,126.853676487845,37.520193827002,노래방
7672,서울특별시 양천구 신목로2길 54 (목동),K ZONE(케이존) 코인노래연습장,126.877283698061,37.5226301743902,노래방
7673,"서울특별시 양천구 목동중앙북로 83-1 (목동,지하1층)",파티파티노래연습장,126.872580884237,37.546524586703,노래방
7674,"서울특별시 양천구 오목로 55 (신월동,지층)",갈채노래연습장,126.844530543737,37.5229582194078,노래방
7675,"서울특별시 양천구 신월로 124 (신월동,지하1층)",신나네노래연습장,126.837758430715,37.5162411495783,노래방
7676,서울특별시 양천구 곰달래로 40 (신월동),SBS노래연습장,126.837192468407,37.529852974097,노래방
7677,서울특별시 양천구 신월로 389 (신정동),준노래연습장,126.864303918068,37.5226745400703,노래방
7678,"서울특별시 양천구 목동동로 309, 중소기업유통센터(행복한백화점) 6층 (목동)",메가박스 중앙(주)목동지점 퍼니벌스,126.875984665042,37.5292109947037,노래방
7679,"서울특별시 양천구 목동중앙북로7길 6, 3층 (목동)",에코인노래연습장,126.867243541452,37.5482744819814,노래방
7680,"서울특별시 양천구 중앙로 255 (신정동,3층)",테크노노래연습장,126.853028167988,37.5190552362693,노래방
7681,"서울특별시 양천구 오목로 339, 지하1층 (목동)",엔젤스코인노래연습장 오목교역점,126.875304115928,37.5247555467752,노래방
7682,"서울특별시 양천구 신정중앙로 93, 202호 (신정동)",엔젤스코인노래연습장 목동역점,126.862266700102,37.5266592044205,노래방
7683,"서울특별시 양천구 신월로 184, 2층 (신월동)",댄싱스타노래연습장,126.84360654079,37.5190583636743,노래방
7684,"서울특별시 양천구 목동중앙북로 19-1, 자성빌딩 2층 (목동)",잭슨코인노래연습장,126.865862978469,37.5485166417367,노래방
7685,"서울특별시 양천구 목동동로 65, 202호 (신정동, 센타프라자)",슈퍼스타 코인노래연습장(목동점),126.862198355976,37.5155950877917,노래방
7686,"서울특별시 양천구 목동중앙북로7가길 60, 202호 (목동)",뮤노래연습장,126.864413888131,37.550038484105,노래방
7687,"서울특별시 양천구 목동중앙북로16길 3 (목동,지하1층)",뉴스타노래연습장,126.873886642688,37.5460499008958,노래방
7688,"서울특별시 양천구 화곡로4길 32 (신월동,지층)",24시 노래연습장,126.82850978347,37.5366982863479,노래방
7689,"서울특별시 양천구 신정중앙로 78 (신정동,지층)",은하수노래연습장,126.860277891684,37.5265916358124,노래방
7690,서울특별시 양천구 목동동로8길 7 (신정동),K2노래연습장,126.870606801231,37.5180428024557,노래방
7691,서울특별시 양천구 신월로 117 (신월동),코리아나노래연습장,126.836750941864,37.5164407750987,노래방
7692,서울특별시 양천구 남부순환로70길 19 (신월동),수 노래연습장,126.834781109927,37.5214955419393,노래방
7693,"서울특별시 양천구 신정중앙로 76, 지1층 (신정동)",연노래연습장,126.860004409062,37.5266174409923,노래방
7694,"서울특별시 양천구 오목로 151, 지층 (신정동)",잇츠코인 노래연습장,126.854133368117,37.5249062717537,노래방
7695,"서울특별시 양천구 가로공원로 119 (신월동,지층)",테마노래연습장,126.829176148835,37.5363765141233,노래방
7696,"서울특별시 양천구 등촌로 28 (목동,지하1층)",핑클노래연습장,126.864029064379,37.5325642442893,노래방
7697,"서울특별시 양천구 신월로 165 (신월동,지하2호)",팽팽노래연습장,126.841777782827,37.5182964731309,노래방
7698,서울특별시 양천구 신월로15길 1 (신월동),봉선화 노래연습장,126.841930929583,37.5187856521856,노래방
7699,"서울특별시 양천구 월정로17길 5 (신월동, 지상2층)",갈채노래연습장,126.838890712088,37.5280208654396,노래방
7700,서울특별시 양천구 등촌로 30 (목동),예랑노래연습장,126.864091469555,37.5327150535023,노래방
7701,서울특별시 양천구 신정중앙로 86 (신정동),컵앤팝 노래연습장,126.861090027675,37.5264814102451,노래방
7702,"서울특별시 양천구 지양로 68, 2층 (신월동)",잼존코인 노래연습장,126.834108366768,37.5217541775735,노래방
7703,"서울특별시 양천구 신정중앙로 89, 2층 (신정동)",M노래연습장,126.861854406729,37.5268081990058,노래방
7704,서울특별시 양천구 지양로 62 (신월동),궁노래연습장,126.834390948765,37.5212412733829,노래방
7705,서울특별시 양천구 곰달래로3길 30 (신월동),용성노래연습장,126.832662799288,37.5321263540008,노래방
7706,서울특별시 양천구 화곡로 98 (신월동),아싸노래연습장,126.832823136968,37.5393646717569,노래방
7707,"서울특별시 양천구 목동로23길 1 (신정동,지하1층)",꼭지점노래연습장,126.863290831849,37.5271107148036,노래방
7708,"서울특별시 양천구 가로공원로 122 (신월동,지하1층)",파랑새노래연습장,126.829556120901,37.5358151097194,노래방
7709,"서울특별시 양천구 신월로 282 (신정동,지하1층)",신타임노래연습장,126.852158162788,37.5210682509655,노래방
7710,서울특별시 양천구 곰달래로5길 31 (신월동),쟁반노래연습장,126.833097749524,37.5323079804396,노래방
7711,서울특별시 양천구 중앙로 288 (신정동),퓨전노래연습장,126.852346956783,37.521932097607,노래방
7712,"서울특별시 양천구 남부순환로 354 (신월동,2층)",뉴서울노래연습장,126.828219142784,37.5354033978653,노래방
7713,"서울특별시 양천구 월정로 139 (신월동,지하1층)",황제노래연습장,126.837403707491,37.5313045066258,노래방
7714,"서울특별시 양천구 가로공원로 171 (신월동,지하1층)",24시 노래연습장,126.835028809232,37.5371288805076,노래방
7715,"서울특별시 양천구 등촌로 224 (목동,지하1층)",보이스노래연습장,126.86404437345,37.5495569263704,노래방
7716,서울특별시 양천구 월정로 57 (신월동),훼밀리노래연습장,126.841409684242,37.5246638106753,노래방
7717,서울특별시 양천구 신목로 102 (목동),팝콘노래연습장,126.875774509668,37.5235884341471,노래방
7718,서울특별시 양천구 목동남로4길 14 (신정동),승리노래연습장,126.865139705032,37.5087040931757,노래방
7719,서울특별시 양천구 목동남로4길 54 (신정동),태양노래연습장,126.867284818142,37.5091468434766,노래방
7720,"서울특별시 양천구 목동중앙서로7가길 31 (목동,지하1층)",에코노래연습장,126.86447076392,37.5334361996223,노래방
7721,"서울특별시 양천구 목동동로 266 (목동,지하1층)",현대노래연습장,126.875431269839,37.5256404646423,노래방
7722,"서울특별시 양천구 화곡로 103 (신월동,지층)",브이아이피노래연습장,126.833345365308,37.5399540326012,노래방
7723,"서울특별시 양천구 중앙로 258, 지하1층 (신정동)",애플노래연습장,126.853465930621,37.5194627629755,노래방
7724,서울특별시 양천구 오목로 337-4 (목동),M노래연습장,126.875416734402,37.5248572085243,노래방
7725,서울특별시 양천구 목동중앙북로 90 (목동),까치노래연습장,126.873066933577,37.5462411154717,노래방
7726,"서울특별시 양천구 등촌로 236, 지하1층 (목동)",럭키스타코인노래연습장,126.864388127861,37.550577791791,노래방
7727,"서울특별시 양천구 목동남로 48, 지하층 (신정동)",짬짬이코인노래연습장,126.864959367589,37.5088584093563,노래방
7728,"서울특별시 양천구 중앙로34길 15, 지하1층 (신정동)",골드노래연습장,126.853643186754,37.5195212776081,노래방
7729,"서울특별시 양천구 신정중앙로23길 7, 지하1층 (신정동)",둥지노래연습장,126.863389800478,37.5269358548649,노래방
7730,"서울특별시 양천구 신월로 164, 2층 (신월동, 승일뷰티타워2)",코인박스 동전노래연습장 신월점,126.842018042503,37.517760427962,노래방
7731,"서울특별시 양천구 중앙로 263, 2층 (신정동)",팝스타코인노래연습장,126.852762218782,37.5197502085761,노래방
7732,"서울특별시 양천구 목동동로 339, 지하1층 125호 (목동, 목동트윈빌)",판타스틱동전노래연습장,126.876743891714,37.5321753616364,노래방
7733,"서울특별시 양천구 중앙로46길 2 (신정동,지하1층(우측))",VIP노래연습장,126.852594760358,37.5220140379178,노래방
7734,"서울특별시 양천구 중앙로46길 2 (신정동,지하1층(좌측))",귀빈노래연습장,126.852594760358,37.5220140379178,노래방
7735,서울특별시 양천구 신월로 321 (신정동),월드노래연습장,126.856513468306,37.5217657721739,노래방
7736,"서울특별시 양천구 목동로 219, 지하층 (신정동)",로데오 코인 노래연습장,126.863821477728,37.5279467362177,노래방
7737,"서울특별시 양천구 오목로 333, 2층 (목동)",PLAY코인노래연습장,126.874554252339,37.5248580074919,노래방
7738,"서울특별시 양천구 신월로 332 (신정동,지하1층)",해남노래연습장,126.857884917799,37.5214919038994,노래방
7739,서울특별시 양천구 남부순환로40길 2 (신월동),꾀꼬리코인노래연습장,126.828194694711,37.5351608131875,노래방
7740,"서울특별시 양천구 은행정로7길 27 (신정동,지하1층)",만남노래연습장,126.856528679015,37.5220338387589,노래방
7741,서울특별시 양천구 목동동로8길 27 (신정동),SBS노래연습장,126.871693862282,37.516452006311,노래방
7742,"서울특별시 양천구 가로공원로 124 (신월동, 지하1층)",수노래연습장,126.829795633552,37.5358205007621,노래방
7743,"서울특별시 양천구 목동동로10길 16 (신정동,지하1층)",파티랑노래연습장,126.871522398881,37.5189486789659,노래방
7744,"서울특별시 양천구 남부순환로59길 14 (신월동,지하1층)",팝콘노래연습장,126.832657604027,37.5322742007722,노래방
7745,서울특별시 양천구 가로공원로 121 (신월동),올래노래연습장,126.829406942333,37.5363857676408,노래방
7746,"서울특별시 양천구 월정로 33, 지하1층 (신월동)",쎄븐노래연습장,126.842618781324,37.522725751763,노래방
7747,"서울특별시 강서구 강서로 61, 영상빌딩 지층 (화곡동)",황제노래연습장,126.845648213354,37.5330044048418,노래방
7748,"서울특별시 강서구 강서로 360, 솔레드림 지하1층 B104호 (내발산동)",앤유코인노래연습장,126.838393605308,37.5576945764491,노래방
7749,"서울특별시 강서구 마곡서로 158, 마곡센트럴타워Ⅱ 317, 318호 (마곡동)",써니코인노래연습장,126.825424095847,37.5680890965874,노래방
7750,"서울특별시 강서구 마곡동로4길 23, 루체브릿지 305,306호 (마곡동)",광장노래연습장,126.836199032381,37.5596431100254,노래방
7751,"서울특별시 강서구 마곡중앙로 161-17, 보타닉파크타워Ⅰ 302호 (마곡동)",팝콘노래연습장,126.825960812712,37.5680581740122,노래방
7752,"서울특별시 강서구 금낭화로 80, 3층 (방화동)",왕 코인 노래연습장,126.811691923196,37.5725923337639,노래방
7753,"서울특별시 강서구 공항대로46길 81, 2층 (화곡동)",케이팝스타 코인노래연습장,126.851299511013,37.552438091031,노래방
7754,"서울특별시 강서구 강서로 375, 지층 (마곡동)",마곡노래연습장,126.83809728245,37.5591190960732,노래방
7755,"서울특별시 강서구 마곡중앙6로 66, 퀸즈파크텐 307호 (마곡동)",산노래연습장,126.8343608462,37.559915259194,노래방
7756,"서울특별시 강서구 마곡중앙로 161-17, 보타닉파크타워Ⅰ 202, 202-1호 (마곡동)",수노래연습장 마곡점,126.825960812712,37.5680581740122,노래방
7757,"서울특별시 강서구 마곡중앙로 161-8, 두산더랜드파크 D동 206호 (마곡동)",만남노래연습장,126.827338682565,37.568851450649,노래방
7758,"서울특별시 강서구 등촌로 169, 2층 (등촌동)",큐코인노래연습장,126.862007136039,37.5449813664711,노래방
7759,"서울특별시 강서구 화곡로68길 91, 2층 (등촌동)",엔젤스코인노래연습장 증미역점,126.85909392664,37.5575894595019,노래방
7760,"서울특별시 강서구 강서로5나길 147, 지층 (화곡동)",션샤인노래연습장,126.839928847543,37.5280559744882,노래방
7761,"서울특별시 강서구 화곡로52길 39, 지층 (화곡동)",싸이노래방,126.850530320419,37.5495960944304,노래방
7762,"서울특별시 강서구 마곡동로4길 15, 엠팰리체 202, 203호 (마곡동)",M노래연습장,126.83524805093,37.5598184721733,노래방
7763,"서울특별시 강서구 마곡중앙4로 10, 에이동 116호 (마곡동)",그랑코인 노래연습장,126.827940700651,37.5585909839084,노래방
7764,"서울특별시 강서구 마곡중앙6로 63, 마곡테크노타워 301호 (마곡동)",에코인노래연습장 마곡점,126.83439426731,37.5604628413112,노래방
7765,"서울특별시 강서구 공항대로71길 49, 지층 14호 (염창동, 송촌스페이스향)",엔돌핀코인노래연습장,126.872808008605,37.5495140733123,노래방
7766,"서울특별시 강서구 초록마을로 4, 지층 (화곡동)",고고노래연습장,126.844774059558,37.5450314195255,노래방
7767,"서울특별시 강서구 금낭화로 136, 에어뷰21-2오피스텔 2층 (방화동)",에코인노래연습장,126.812998103224,37.5773556196369,노래방
7768,"서울특별시 강서구 화곡로58길 22-3, 지층 (화곡동)",알파고노래연습장,126.85217431287,37.5527206610456,노래방
7769,"서울특별시 강서구 마곡중앙로 161-22, 마곡일성트루엘플래닛 220, 221호 (마곡동)",히든노래연습장,126.82578514534,37.568638335633,노래방
7770,"서울특별시 강서구 양천로 452, 어위쉬예다인 지1층 (등촌동)",주니코인노래연습장,126.850820066078,37.5628582317658,노래방
7771,"서울특별시 강서구 공항대로 629, 301호 (염창동)",엠젯코인노래연습장,126.87486403523,37.5472459349377,노래방
7772,"서울특별시 강서구 공항대로59가길 25-6, 지층 (등촌동)",신나라 노래연습장,126.865471738181,37.5518110555308,노래방
7773,"서울특별시 강서구 강서로 271, 지하1층 (내발산동)",제로백 코인노래연습장,126.835973411049,37.5499605952374,노래방
7774,"서울특별시 강서구 마곡중앙5로1길 20, 마곡나루역보타닉비즈타워 306~8호 (마곡동)",럭키코인노래연습장,126.826712019131,37.5686664592954,노래방
7775,"서울특별시 강서구 송정로 38, 지층 (공항동)",S노래연습장,126.811081476579,37.5582802266013,노래방
7776,"서울특별시 강서구 화곡로 145, 양지빌딩 2층 (화곡동)",렉스코인노래연습장,126.83791154301,37.5412007035967,노래방
7777,"서울특별시 강서구 월정로 134, 지층 (화곡동)",영노래연습장,126.837972561322,37.5309896679975,노래방
7778,서울특별시 강서구 가로공원로 197-1 (화곡동),잉꼬노래연습장,126.837921447216,37.5375660865598,노래방
7779,서울특별시 강서구 방화동로 100 (방화동),라이브노래연습장,126.813047065251,37.5692271124693,노래방
7780,"서울특별시 강서구 강서로18길 5 (화곡동,지층 (강서로18길5))",MBC노래연습장,126.846020169846,37.5337419986449,노래방
7781,서울특별시 강서구 양천로 460 (등촌동),sky(스카이)노래연습장,126.851699824488,37.5625850769996,노래방
7782,"서울특별시 강서구 화곡로58길 25, 지층 (화곡동, 성희빌딩)",페스티벌노래연습장,126.852324160753,37.5529440255777,노래방
7783,"서울특별시 강서구 강서로45길 6 (내발산동,(수명산길 4))",엔젤스코인노래연습장 우장산점,126.835817470595,37.5481028817244,노래방
7784,서울특별시 강서구 양천로 63-1 (방화동),앵콜노래연습장,126.810877922873,37.5733922862282,노래방
7785,"서울특별시 강서구 화곡로 164 (화곡동,지층 (화곡로 293))",슈퍼스타 코인노래연습장 (화곡역점),126.839889999096,37.5412543091125,노래방
7786,"서울특별시 강서구 화곡로53길 14, 지층 (화곡동)",아름다운노래연습장,126.848168662792,37.5514516591127,노래방
7787,"서울특별시 강서구 공항대로46길 73, 지하1층 (화곡동)",J2노래연습장,126.85163621947,37.5528217988386,노래방
7788,"서울특별시 강서구 화곡로 130, 지층 (화곡동, 동원빌딩)",골드노래연습장,126.836199087429,37.540226072686,노래방
7789,"서울특별시 강서구 까치산로 19, 지층 (화곡동)",까치노래연습장,126.842743598998,37.5418889330289,노래방
7790,"서울특별시 강서구 곰달래로60길 11, 지층 (화곡동)",킹노래연습장,126.863221423629,37.53172799405,노래방
7791,"서울특별시 강서구 금낭화로 25, 지층 (방화동)",JIN(진)노래연습장,126.81157554164,37.5674750418828,노래방
7792,서울특별시 강서구 가로공원로76길 94 (화곡동),메카노래연습장,126.838700603144,37.5330339530834,노래방
7793,서울특별시 강서구 등촌로 223-1 (등촌동),에이스노래연습장,126.863424774363,37.5497562328656,노래방
7794,"서울특별시 강서구 강서로10길 185, 지층 (화곡동)",수노래연습장,126.858128515789,37.5313837501217,노래방
7795,"서울특별시 강서구 곰달래로49길 14, 지층 (화곡동)",황금노래연습장,126.858017541473,37.5323318297176,노래방
7796,서울특별시 강서구 가로공원로76길 9 (화곡동),D.J노래연습장,126.837331684939,37.5365967912759,노래방
7797,서울특별시 강서구 방화대로21길 84 (방화동),특급노래연습장,126.812224837116,37.5641263578919,노래방
7798,"서울특별시 강서구 화곡로 205, 2층 (화곡동)",불새노래연습장,126.843161905816,37.543896554025,노래방
7799,"서울특별시 강서구 까치산로 83, 지층 (화곡동)",플러스노래연습장,126.847568591974,37.5460899488359,노래방
7800,"서울특별시 강서구 강서로5나길 141, 지하1층 (화곡동)",모모노래연습장,126.840152694257,37.5280752887893,노래방
7801,서울특별시 강서구 양천로 701 (염창동),시카고노래연습장,126.874030342856,37.5501588763859,노래방
7802,"서울특별시 강서구 강서로 239, 지층 (화곡동)",차차차노래방,126.836000888891,37.5471811454819,노래방
7803,서울특별시 강서구 우장산로 19-1 (내발산동),고래고래노래연습장,126.839464516438,37.5546717521506,노래방
7804,"서울특별시 강서구 양천로 711 (염창동,지층(양천로711))",반달노래연습장,126.874971203942,37.5498849819149,노래방
7805,서울특별시 강서구 강서로 293-1 (내발산동),락스타 코인노래연습장,126.836006032497,37.5520645594958,노래방
7806,"서울특별시 강서구 화곡로 200, 지층 (화곡동)",쏭쏭노래연습장,126.843248648486,37.5433248955047,노래방
7807,"서울특별시 강서구 공항대로 38-9, 지층 (공항동)",하이노래연습장,126.812019329631,37.5608674912247,노래방
7808,"서울특별시 강서구 공항대로46길 57, 지층 (화곡동, 정원빌딩)",오페라노래방,126.852023133482,37.553514610629,노래방
7809,"서울특별시 강서구 가로공원로 183, 지층 (화곡동)",스타노래연습장,126.836268218344,37.5372782792369,노래방
7810,"서울특별시 강서구 화곡로61길 130 (등촌동,지층 <등삼동길 59>)",짱 노래연습장,126.845276067546,37.5586424541538,노래방
7811,"서울특별시 강서구 화곡로66길 196, 지층 (등촌동)",스타노래연습장,126.863266165246,37.5537565684976,노래방
7812,서울특별시 강서구 화곡로 206  (화곡동),광명노래방,126.843620476759,37.5437035376111,노래방
7813,"서울특별시 강서구 가로공원로 235, 지층 (화곡동)",콘테스트노래연습장,126.841701025252,37.5385632138272,노래방
7814,"서울특별시 강서구 가로공원로76길 39, 지층 (화곡동)",KBS노래연습장,126.837700686471,37.5353269795294,노래방
7815,"서울특별시 강서구 강서로 301, 지층 (내발산동)",애플노래연습장,126.836083347206,37.5527784367946,노래방
7816,서울특별시 강서구 곰달래로59길 28 (화곡동),큰소리뻥뻥노래연습장,126.863036223334,37.5335809571594,노래방
7817,"서울특별시 강서구 화곡로 135 (화곡동,지층(화곡로135))",타임노래연습장,126.836696038489,37.5409026903888,노래방
7818,"서울특별시 강서구 화곡로21길 78, 지층 (화곡동)",딸기노래연습장,126.836438459202,37.5445499367821,노래방
7819,서울특별시 강서구 등촌로 19 (화곡동),MP3노래연습장,126.863480151296,37.5317376638256,노래방
7820,서울특별시 강서구 월정로 152 (화곡동),태영노래연습장,126.837019262798,37.5325031179978,노래방
7821,"서울특별시 강서구 강서로18길 10 (화곡동,지층(강서로18길10))",이브로노래연습장,126.846369884307,37.5336329825883,노래방
7822,"서울특별시 강서구 월정로30길 44, 지층 (화곡동)",뉴스타노래연습장,126.838437404224,37.5345195225518,노래방
7823,서울특별시 강서구 까치산로 29 (화곡동),앵콜노래연습장,126.843494308118,37.542512790831,노래방
7824,"서울특별시 강서구 방화대로44길 5-1, 지층 (마곡동)",팡팡노래연습장,126.817352831641,37.5729908175132,노래방
7825,서울특별시 강서구 방화대로7나길 60 (공항동),핑클노래연습장,126.81242897651,37.556335232316,노래방
7826,서울특별시 강서구 등촌로5길 100 (화곡동),모퉁이노래연습장,126.857897087321,37.5327887623558,노래방
7827,서울특별시 강서구 양천로14길 13 (방화동),22세기노래방,126.810307741017,37.5724964143803,노래방
7828,"서울특별시 강서구 양천로 86, 2층 (방화동)",발리노래연습장,126.813351208227,37.5733132410405,노래방
7829,"서울특별시 강서구 양천로14길 6, 지층 (방화동)",천지노래연습장,126.810103146087,37.5728705384463,노래방
7830,"서울특별시 강서구 금낭화로 15, 지층 (방화동)",사랑의노래연습장,126.811602046212,37.5667938421686,노래방
7831,"서울특별시 강서구 가로공원로 192, 2층 (화곡동)",공원 노래연습장,126.837264410462,37.5368877214468,노래방
7832,"서울특별시 강서구 등촌로 23, 지층 (화곡동, 세진빌딩)",미라클노래연습장,126.863463055475,37.5319925371278,노래방
7833,"서울특별시 강서구 공항대로61길 28, 지층 (염창동)",Luxury SS노래연습장,126.865966637278,37.552117867412,노래방
7834,"서울특별시 강서구 송정로 51, B02호 (공항동)",빙고노래연습장,126.810129336098,37.5594313432507,노래방
7835,"서울특별시 강서구 화곡로27가길 1, 지층 (화곡동)",신바람노래연습장,126.840654173252,37.5423957369617,노래방
7836,"서울특별시 강서구 송정로 70 (공항동,지층[좌측] (송정로70))",스타노래연습장,126.809964180375,37.5609571839439,노래방
7837,"서울특별시 강서구 금낭화로 135  (방화동,금강프라자 503,504호 (금낭화길127))",오선지노래연습장,126.812438073591,37.5774450106613,노래방
7838,"서울특별시 강서구 화곡로 242, B01호 (화곡동)",락휴노래연습장,126.845702608957,37.5464690980502,노래방
7839,"서울특별시 강서구 양천로14길 13-5, 지층 (방화동, 문화빌딩)",올레노래연습장,126.810449172894,37.5725674596618,노래방
7840,서울특별시 강서구 강서로 39 (화곡동),앤동전노래연습장,126.846695520611,37.5313576591579,노래방
7841,"서울특별시 강서구 공항대로61길 13, 지층 (등촌동)",k팝 노래연습장,126.865393400996,37.5516991524549,노래방
7842,"서울특별시 강서구 강서로5나길 148 (화곡동,4층(배다리서길82))",디바노래연습장,126.83989560842,37.5283634410379,노래방
7843,"서울특별시 강서구 공항대로46길 78, 2층 (화곡동)",NEW 몽 노래연습장,126.851115720367,37.5527817700934,노래방
7844,"서울특별시 강서구 양천로 709, 지층 (염창동)",미소노래연습장,126.874825496512,37.5499233902524,노래방
7845,"서울특별시 강서구 강서로 381, 지층 (마곡동, 수창빌딩)",별빛노래연습장,126.838208851776,37.5595493845585,노래방
7846,"서울특별시 강서구 양천로14길 7, 지층 (방화동)",스타노래연습장,126.810422758983,37.5728505995761,노래방
7847,"서울특별시 강서구 곰달래로 206, 2층 (화곡동)",소리노래연습장,126.855844479286,37.5312811533583,노래방
7848,서울특별시 강서구 송정로 64 (공항동),활주로노래방,126.810075112352,37.5604165849098,노래방
7849,"서울특별시 강서구 공항대로46길 85 (화곡동,월드B/D 4층)",하루노래연습장,126.851163973005,37.5523051132551,노래방
7850,"서울특별시 강서구 강서로54길 27, 3층 (등촌동)",메카노래연습장,126.840049245584,37.5591868085176,노래방
7851,"서울특별시 강서구 공항대로 291, 2층 (등촌동, 성원상떼뷰오피스텔)",성원노래방,126.840006908063,37.5588203160036,노래방
7852,"서울특별시 강서구 공항대로45길 24, 상가동 202호 (등촌동, 등촌현대아파트)",청춘노래연습장,126.855292147594,37.556219490843,노래방
7853,"서울특별시 강서구 가로공원로 193, 지층 (화곡동)",로또 노래연습장,126.837347765257,37.5374239309851,노래방
7854,"서울특별시 강서구 공항대로46길 78  (화곡동,3층)",몽노래방,126.851115720367,37.5527817700934,노래방
7855,"서울특별시 강서구 강서로5나길 21, 지층 (화곡동)",귀빈노래연습장,126.84711351429,37.5283875115391,노래방
7856,서울특별시 강서구 화곡로 133 (화곡동),울랄라노래연습장,126.83649036711,37.5408336595688,노래방
7857,"서울특별시 강서구 양천로 362, 2층 (가양동)",비바노래연습장,126.842458458849,37.5675303833963,노래방
7858,"서울특별시 강서구 화곡로27길 14 (화곡동,,2층(화곡로27길14))",CNN노래연습장,126.840601739165,37.5425227070158,노래방
7859,"서울특별시 강서구 금낭화로 91-2, 대승프라자 B02호 (방화동)",수노래연습장,126.811081371114,37.5736503862521,노래방
7860,"서울특별시 강서구 양천로 60 (방화동,지층)",짱노래연습장,126.810574972525,37.5730897874382,노래방
7861,"서울특별시 강서구 공항대로46길 21 (화곡동,3층 (방죽길 11))",인디아나노래연습장,126.853219684878,37.5543794395739,노래방
7862,"서울특별시 강서구 초원로 66, 지층 (방화동)",수노래연습장,126.812596690853,37.5675455933224,노래방
7863,"서울특별시 강서구 공항대로46길 97, 4층 (화곡동)",와우노래연습장,126.850869810561,37.5518695603647,노래방
7864,"서울특별시 강서구 송정로 66, 김포빌딩 201호 (공항동)",별노래연습장,126.809969375452,37.5606496825277,노래방
7865,"서울특별시 강서구 공항대로59길 26, 지층 (등촌동)",한마음노래연습장,126.86388170668,37.5528199722038,노래방
7866,"서울특별시 강서구 월정로 118, 지층 (화곡동)",연수노래연습장,126.838697471818,37.529759803473,노래방
7867,"서울특별시 강서구 곰달래로60길 7, 지층 (화곡동)",금잔디노래연습장,126.86325377335,37.5319180525369,노래방
7868,"서울특별시 강서구 강서로5나길 80, 2층 (화곡동)",황실노래연습장,126.843827055165,37.5285873781839,노래방
7869,"서울특별시 강서구 곰달래로 261, 2층 (화곡동, 창신빌딩)",헤라 노래연습장,126.8620699203,37.5323372628609,노래방
7870,서울특별시 강서구 강서로18길 9 (화곡동),최신노래연습장,126.846239721154,37.5338235549143,노래방
7871,서울특별시 강서구 방화대로7길 67 (공항동),준노래연습장,126.812452817589,37.5558539579683,노래방
7872,서울특별시 강서구 방화대로6길 39 (공항동),달밤 노래연습장,126.818834630627,37.5548029991147,노래방
7873,"서울특별시 강서구 방화동로12길 10, 지층 (방화동)",스마일노래연습장,126.813135033661,37.5664565134334,노래방
7874,"서울특별시 강서구 공항대로 24, 지층 (공항동)",라이브 노래연습장,126.809951413051,37.5611712399241,노래방
7875,"서울특별시 강서구 양천로 88, 2층 (방화동)",오즈노래연습장,126.813542139445,37.5732829089751,노래방
7876,"서울특별시 강서구 공항대로 423, 지층 (등촌동)",야후노래연습장,126.854371723846,37.555567479084,노래방
7877,"서울특별시 강서구 양천로26길 57 (마곡동,2층)",스튜디오 노래연습장,126.819930319587,37.5722208234306,노래방
7878,"서울특별시 강서구 양천로 42 (방화동,지층 (양천로42))",스튜디오노래연습장,126.808508553577,37.5727627266019,노래방
7879,서울특별시 강서구 초록마을로 6 (화곡동),은하수노래연습장,126.844941756892,37.5449231596458,노래방
7880,"서울특별시 강서구 강서로 239, 2층 (화곡동)",슈퍼파워코인노래연습장,126.836000888891,37.5471811454819,노래방
7881,"서울특별시 강서구 화곡로 121, 3층 (화곡동)",와우 노래연습장,126.835393435366,37.5404936303149,노래방
7882,"서울특별시 강서구 강서로 43-17, 3층 (화곡동, 오거닉스타워)",코인박스 동전노래연습장,126.846691735763,37.5311063652026,노래방
7883,"서울특별시 강서구 강서로 378, 2층 (등촌동)",모이락노래연습장,126.838822654561,37.55927244697,노래방
7884,"서울특별시 강서구 곰달래로60길 17, 2층 (화곡동)",세븐노래연습장,126.863237521999,37.5315241162532,노래방
7885,"서울특별시 강서구 양천로 25, 지층 (방화동)",파티파티노래연습장,126.806604096187,37.5728029598624,노래방
7886,"서울특별시 강서구 강서로5나길 15, 3층 (화곡동)",테마노래연습장,126.847404355161,37.5283985194954,노래방
7887,"서울특별시 강서구 공항대로46길 85 (화곡동,월드빌딩 5층)",오광노래연습장,126.851163973005,37.5523051132551,노래방
7888,"서울특별시 강서구 양천로 27, 2층 (방화동)",나이스 노래연습장,126.806789727835,37.5728089400799,노래방
7889,"서울특별시 강서구 양천로49길 53 (가양동,지층)",궁산 노래연습장,126.84039879516,37.5710460009549,노래방
7890,"서울특별시 강서구 방화대로6길 37, 지층 (공항동)",베스트노래연습장,126.818724411558,37.5548920286084,노래방
7891,"서울특별시 강서구 방화동로 77, 지층 (방화동)",Play(플레이)노래연습장,126.812526379263,37.5673276212061,노래방
7892,"서울특별시 강서구 등촌로3길 17, 2층 (화곡동)",뉴월드노래연습장,126.862682234867,37.5312828146296,노래방
7893,"서울특별시 강서구 강서로39길 13, 지층 (화곡동)",신나는노래연습장,126.836970017103,37.5441583771611,노래방
7894,서울특별시 강서구 우장산로16길 46 (화곡동),성지노래연습장,126.848456413066,37.5514684269253,노래방
7895,"서울특별시 강서구 수명로 68-35, 302호 (내발산동, 웨스트앤드중정)",나가수 노래연습장,126.82677164429,37.5529862473925,노래방
7896,"서울특별시 강서구 곰달래로 266-1, 2층 (화곡동)",악쓰는하마 명품노래연습장,126.862698033164,37.5321074287515,노래방
7897,"서울특별시 강서구 강서로5나길 104, 110호 (화곡동)",귀빈노래연습장,126.842384319394,37.5285659999317,노래방
7898,"서울특별시 강서구 강서로 489-4 (가양동,지층)",렉스 노래연습장,126.841148570087,37.5695196463689,노래방
7899,"서울특별시 강서구 강서로5나길 77, 지층 (화곡동)",등대노래연습장,126.843938521145,37.5281927069296,노래방
7900,"서울특별시 강서구 양천로 93, 지층 (방화동)",오디션노래연습장,126.81420587479,37.573584707128,노래방
7901,서울특별시 강서구 곰달래로 147-1 (화곡동),등대노래방,126.849415879405,37.5308594820364,노래방
7902,"서울특별시 강서구 강서로5나길 83, 3층 (화곡동)",팰리스노래연습장,126.843630611134,37.528175721234,노래방
7903,"서울특별시 강서구 화곡로 205-10, 지층 (화곡동)",굿타임노래연습장(2호점),126.842780181727,37.5440279525921,노래방
7904,"서울특별시 강서구 곰달래로 51, 지층 (화곡동)",M노래연습장,126.838443252608,37.5301822955697,노래방
7905,"서울특별시 강서구 등촌로55길 6, 지층 (등촌동)",스타노래연습장,126.863525114974,37.5504589469648,노래방
7906,"서울특별시 강서구 곰달래로 247, 지하층 (화곡동)",가왕 노래연습장,126.860515572123,37.5321837988702,노래방
7907,"서울특별시 강서구 공항대로59가길 23, 2층 (등촌동)",앵콜노래연습장,126.865100997889,37.5518125246467,노래방
7908,"서울특별시 강서구 공항대로46길 77, 3층 (화곡동)",골든벨노래연습장,126.851494489315,37.5526149318914,노래방
7909,"서울특별시 강서구 곰달래로60길 5 (화곡동,지층 (곰달래로60길 5))",홍콩노래연습장,126.863221691705,37.5320148729461,노래방
7910,"서울특별시 강서구 화곡로 141, 지층 (화곡동)",빙고노래연습장,126.837381947717,37.5410652761464,노래방
7911,"서울특별시 강서구 양천로 94-1 (방화동,지층A)",락노래연습장,126.814403441374,37.5732527314322,노래방
7912,"서울특별시 강서구 양천로 94-1 (방화동,지층B)",맥스노래연습장,126.814403441374,37.5732527314322,노래방
7913,"서울특별시 강서구 화곡로60길 22, 2층 (화곡동)",이벤트노래연습장,126.852463386776,37.55333189873,노래방
7914,"서울특별시 강서구 공항대로46길 65, 지층 (화곡동)",칸소네노래연습장,126.85173867031,37.5530909653025,노래방
7915,"서울특별시 강서구 곰달래로59길 9, 지층 (화곡동)",황실노래연습장,126.862886472209,37.5327521333369,노래방
7916,"서울특별시 강서구 공항대로 272, 7층 (내발산동)",왈츠노래연습장,126.837758006168,37.5581117670688,노래방
7917,"서울특별시 강서구 초록마을로2길 48, 지층 (화곡동)",설악산노래연습장,126.843502478979,37.5432592790771,노래방
7918,"서울특별시 강서구 화곡로 195, 2층 (화곡동)",번개노래연습장,126.842508438068,37.5433015658335,노래방
7919,"서울특별시 강서구 방화대로6바길 4, 지층 (공항동)",25시노래연습장,126.819131862998,37.5547387632452,노래방
7920,"서울특별시 강서구 가로공원로 186, 지층 (화곡동)",다온 노래연습장,126.836691380554,37.5368645856117,노래방
7921,"서울특별시 강서구 화곡로58길 36, 3층 (화곡동)",세분노래연습장,126.852856661625,37.5526366394033,노래방
7922,"서울특별시 강서구 강서로5나길 62 (화곡동,2층)",특급노래연습장,126.844759634588,37.5286289725507,노래방
7923,"서울특별시 강서구 화곡로63길 121, 2층 (등촌동)",흥날터노래연습장,126.846393060099,37.5587341924698,노래방
7924,"서울특별시 강서구 강서로54길 42 (등촌동,지하1층)",쿨노래연습장,126.841096965391,37.5588030473716,노래방
7925,"서울특별시 강서구 화곡로 119, 2층 (화곡동)",테마노래연습장,126.835104104883,37.5404442123113,노래방
7926,"서울특별시 강서구 양천로 723, 지층 (염창동)",퀸노래연습장,126.876367234255,37.5495252417773,노래방
7927,"서울특별시 강서구 곰달래로 142, 지층 (화곡동)",JJ 노래연습장,126.848710679367,37.5305346710326,노래방
7928,"서울특별시 강서구 우장산로15길 25, 지층 (화곡동)",JJ노래연습장,126.850561695472,37.5542861859343,노래방
7929,"서울특별시 강서구 강서로 45, 지층 (화곡동)",썬노래연습장,126.846410780104,37.5317868862074,노래방
7930,서울특별시 강서구 화곡로 194-9 (화곡동),열린노래방,126.843311796532,37.5428346558417,노래방
7931,서울특별시 강서구 양천로 351 (가양동),엣지노래연습장,126.841860529114,37.5683581388462,노래방
7932,"서울특별시 강서구 화곡로 241 (화곡동,지층)",꼭지노래연습장,126.845153335737,37.5466860601912,노래방
7933,"서울특별시 강서구 방화동로 43, 지층 (방화동)",파티파티노래연습장,126.811111114745,37.5646071542253,노래방
7934,"서울특별시 강서구 방화동로 44, 지층 (방화동)",킹노래방,126.81156917558,37.564520129281,노래방
7935,"서울특별시 강서구 강서로 34, 지층 (화곡동)",와우노래방,126.847442851913,37.5309937216972,노래방
7936,"서울특별시 강서구 화곡로61길 109, 2층 (등촌동)",마운틴노래연습장,126.846467967864,37.5583008205634,노래방
7937,"서울특별시 강서구 강서로5나길 47 (화곡동,지층 (강서로5나길47))",월드노래방,126.845567415402,37.5283481985032,노래방
7938,"서울특별시 강서구 화곡로44나길 40, 지층 (화곡동)",앵콜송노래방,126.849839911292,37.5487464785291,노래방
7939,"서울특별시 강서구 곰달래로 233-1, 2층 (화곡동)",파랑새노래연습장,126.859015173928,37.5319224389778,노래방
7940,"서울특별시 강서구 우현로 1, 지층 (화곡동)",찬찬찬노래연습장,126.844787056391,37.5465674584466,노래방
7941,"서울특별시 강서구 양천로24길 69, 지층 (방화동)",엔젤노래연습장,126.815516887264,37.5701742486775,노래방
7942,서울특별시 강서구 양천로16길 2 (방화동),승리노래연습장,126.810669958055,37.572951366983,노래방
7943,"서울특별시 강서구 양천로 611, 지층 (염창동)",유토피아노래연습장,126.86611318766,37.5550924960251,노래방
7944,"서울특별시 강서구 공항대로45길 68-6 (등촌동,서광아파트상가 204,205호   (등촌길42))",오르노래연습장,126.856969456017,37.5579627106862,노래방
7945,서울특별시 강서구 양천로 85 (방화동),라이브노래연습장,126.813275787804,37.5736422547515,노래방
7946,"서울특별시 강서구 화곡로61길 100, 2층 (등촌동, 청석빌딩)",원 노래연습장,126.847003570425,37.5584442336471,노래방
7947,"서울특별시 강서구 곰달래로60길 4 (화곡동,지하)",놀이터노래연습장,126.862913108361,37.5320456897674,노래방
7948,"서울특별시 강서구 금낭화로 29, 지층 (방화동)",우리노래방,126.81150216438,37.5679807430624,노래방
7949,"서울특별시 강서구 등촌로 35, 지층 (화곡동)",SBS노래연습장,126.863332855465,37.5330967428172,노래방
7950,"서울특별시 강서구 화곡로 143, 지층 (화곡동)",스타노래연습장,126.83762776249,37.5411467043016,노래방
7951,서울특별시 강서구 양천로 101 (방화동),열창노래연습장,126.815236016373,37.5735325345756,노래방
7952,"서울특별시 강서구 양천로 73 (방화동,멤브로메디컬 B04호 (양천로73))",궁 노래연습장,126.811826043779,37.5737251867757,노래방
7953,"서울특별시 강서구 화곡로 173, 지층 (화곡동, 청도빌딩)",궁노래연습장,126.840750757758,37.5420461896332,노래방
7954,"서울특별시 강서구 강서로56가길 47 (등촌동,동진빌딩 지층)",서울 노래방,126.840099440935,37.5617021869591,노래방
7955,"서울특별시 강서구 송정로 68 (공항동,지층)",와우노래연습장,126.809951974293,37.5608166089944,노래방
7956,"서울특별시 강서구 양천로 344, 마곡센트럴대방디엠시티오피스텔 2층 207호 (마곡동)",대방코인노래연습장,126.840359563104,37.5682660192783,노래방
7957,"서울특별시 강서구 송정로 63, 2층 (공항동)",럭키코인 노래연습장,126.80977602391,37.5603976330005,노래방
7958,"서울특별시 강서구 화곡로68길 132, 지층 (등촌동)",굿 노래연습장,126.860755730933,37.5565374450753,노래방
7959,"서울특별시 강서구 곰달래로 203, 2층 (화곡동)",COIN BOX 동전노래연습장,126.855633832006,37.5315090293931,노래방
7960,"서울특별시 강서구 곰달래로 266 (화곡동,지층 (곰달래길65))",방가방가노래연습장,126.862497962937,37.5320688133544,노래방
7961,"서울특별시 강서구 곰달래로 269, 지층 (화곡동)",미소노래연습장,126.862896341365,37.5324288658261,노래방
7962,"서울특별시 강서구 방화대로6길 43, 지층 (공항동)",부킹노래연습장,126.819016172131,37.5546571358773,노래방
7963,"서울특별시 강서구 강서로 205, 지층 (화곡동)",CNN노래연습장,126.837621158964,37.5441393622812,노래방
7964,"서울특별시 강서구 송정로 44-1, 지층 (공항동)",앵콜노래연습장,126.810837553142,37.5588277316594,노래방
7965,"서울특별시 강서구 화곡로60길 26, 지층 (화곡동)",신나는노래연습장,126.852629734117,37.5533383233479,노래방
7966,"서울특별시 강서구 양천로16길 8 (방화동,지층 (양천로16길8))",도레미노래연습장,126.810802147416,37.5728281427728,노래방
7967,"서울특별시 강서구 강서로 207 (화곡동,지층(강서로207))",애플노래방,126.837392186235,37.5443743879828,노래방
7968,"서울특별시 강서구 공항대로 284 (내발산동,지하1층)",궁 노래연습장,126.839101262993,37.5581849641381,노래방
7969,"서울특별시 강서구 강서로17길 131, 지층 (화곡동)",스타노래연습장,126.838625412711,37.531909311976,노래방
7970,"서울특별시 강서구 금낭화로 80, 2층 (방화동)",코인박스동전노래연습장 방화점,126.811691923196,37.5725923337639,노래방
7971,"서울특별시 강서구 공항대로45길 28, 지층 (등촌동)",K노래연습장,126.85525668327,37.5563575701776,노래방
7972,"서울특별시 강서구 화곡로53길 11, 지층 (화곡동)",짱구노래연습장,126.84815053955,37.5511808860718,노래방
7973,"서울특별시 강서구 양천로 694, 지층 (염창동)",수노래연습장,126.87285045317,37.5501089578592,노래방
7974,"서울특별시 강서구 등촌로39길 14, 지층 (등촌동)",스윙노래연습장,126.861530416077,37.5457088152061,노래방
7975,"서울특별시 강서구 화곡로63길 133 (등촌동,지하)",빛노래연습장,126.84564881658,37.5588359354426,노래방
7976,서울특별시 강서구 화곡로27길 16  (화곡동),나래 노래연습장,126.84046105637,37.5425911731334,노래방
7977,"서울특별시 강서구 초원로 43, 지층 (방화동)",공항노래연습장,126.810207960638,37.5679221772299,노래방
7978,"서울특별시 강서구 가로공원로76가길 9, 지층 (화곡동)",킹데이 노래연습장,126.839502893073,37.5332364196781,노래방
7979,"서울특별시 강서구 까치산로27길 18 (화곡동,지층 (까치산로27길18))",J노래연습장,126.851734844367,37.5519945368764,노래방
7980,"서울특별시 강서구 양천로57길 16, 지층 (가양동)",리베노래연습장,126.852504476699,37.5633752671263,노래방
7981,"서울특별시 강서구 등촌로3길 14, 지층 (화곡동)",승리노래연습장,126.862979123635,37.5315203929324,노래방
7982,"서울특별시 강서구 곰달래로 55, 2층 (화곡동)",빙고노래연습장,126.838862293164,37.5301877334644,노래방
7983,"서울특별시 강서구 화곡로25길 2, 5층 (화곡동, KBH빌딩)",매드락코인노래연습장,126.838497275306,37.5413831475011,노래방
7984,"서울특별시 강서구 곰달래로 243, 지층 (화곡동)",연예인노래연습장,126.859943910773,37.5320491435237,노래방
7985,"서울특별시 강서구 방화동로 90 (방화동, 반석빌딩)",스카이노래연습장,126.812938605108,37.5683752306978,노래방
7986,"서울특별시 강서구 월정로 124, 2층 (화곡동)",세븐스타코인노래연습장 화곡점,126.838331825273,37.5303345923833,노래방
7987,서울특별시 강서구 방화대로6마길 3 (공항동),연인노래방,126.818713976547,37.5544343964169,노래방
7988,"서울특별시 강서구 강서로 47, 3층 (화곡동)",쓰리스타 코인노래연습장,126.846339260429,37.5319605060512,노래방
7989,"서울특별시 강서구 화곡로 197, 지하2호 (화곡동)",실로코인노래연습장,126.842690208306,37.5433885742887,노래방
7990,"서울특별시 강서구 강서로 385, 4층 405호 (마곡동, 우성에스비타워)",코인박스 동전노래연습장 (발산점),126.838304106686,37.5600926354663,노래방
7991,"서울특별시 강서구 강서로 243-8, 2층 (화곡동)",락휴코인노래연습장 우장산점,126.835774245891,37.5476371859303,노래방
7992,"서울특별시 강서구 공항대로59길 32, 지층 (등촌동)",난노래연습장,126.863829622525,37.5530210147624,노래방
7993,"서울특별시 강서구 마곡중앙6로 93, 406호 (마곡동, 열린프라자)",세븐스타코인노래연습장 마곡지구점,126.837697932979,37.5601356822454,노래방
7994,"서울특별시 강서구 화곡로 330, 2층 (화곡동)",코인 락스타 노래연습장 강서구청점,126.851201437059,37.553270128542,노래방
7995,"서울특별시 강서구 공항대로46길 31, 지층 (화곡동)",땡큐노래연습장,126.852704803667,37.5542391438461,노래방
7996,"서울특별시 강서구 양천로 360, 2층 (가양동)",마니아노래연습장,126.842241895256,37.5676510978243,노래방
7997,"서울특별시 강서구 우장산로 123, 지층 (화곡동)",플레이노래연습장,126.849728797038,37.5533061955069,노래방
7998,"서울특별시 강서구 공항대로44길 61, 지층 (화곡동)",빙빙노래연습장,126.849859482147,37.5536013482209,노래방
7999,"서울특별시 강서구 강서로74길 21, 2층 (가양동)",네박자노래연습장,126.842366155902,37.5673938495571,노래방
8000,"서울특별시 강서구 우장산로16길 20  (화곡동,지층 (사랑길 54))",귀빈노래방,126.849359225224,37.5524422088362,노래방
8001,"서울특별시 강서구 강서로5나길 89, 지층 (화곡동)",킹노래연습장,126.843238022193,37.528185652396,노래방
8002,"서울특별시 강서구 강서로5나길 31 (화곡동,지하)",정다운노래방,126.846517483136,37.5283566450211,노래방
8003,"서울특별시 강서구 강서로45가길 19 (화곡동,지층)",빙고노래연습장,126.835694609343,37.5471083695671,노래방
8004,서울특별시 강서구 가로공원로76길 107 (화곡동),e 노래방,126.839366916241,37.5325954434816,노래방
8005,서울특별시 강서구 양천로 52 (방화동),가왕노래연습장,126.809642538427,37.5729144859153,노래방
8006,"서울특별시 강서구 가로공원로76길 91, 지층 (화곡동)",대박노래연습장,126.838983943062,37.5332263428651,노래방
8007,서울특별시 강서구 양천로 90 (방화동),파티파티노래연습장,126.813688968939,37.5732793566193,노래방
8008,"서울특별시 강서구 양천로 349, 2층 (가양동)",MBC노래연습장,126.84165226231,37.5685148129766,노래방
8009,"서울특별시 강서구 화곡로 281, 지층 (화곡동)",로또노래연습장,126.847615822241,37.5498488831901,노래방
8010,"서울특별시 강서구 마곡중앙6로 89, 뉴골든타워 306호 (마곡동)",Mega코인노래연습장(제이티알 주식회사),126.837293234957,37.5601717056669,노래방
8011,"서울특별시 강서구 마곡중앙로 161-8, 두산더랜드파크 C동 319호 (마곡동)",비트2노래연습장,126.827338682565,37.568851450649,노래방
8012,"서울특별시 강서구 강서로 381-7, 정원빌딩 지1층 (마곡동)",순노래연습장,126.837929966546,37.559554498142,노래방
8013,"서울특별시 강서구 마곡중앙로 161-11, 힐스테이트에코마곡나루역라마다앙코르서울 지층 103,104호 (마곡동)",앙코르노래연습장,126.826732885929,37.5680142599276,노래방
8014,"서울특별시 강서구 마곡중앙로 161-17, 보타닉파크타워Ⅰ 303호 (마곡동)",에코인노래연습장,126.825960812712,37.5680581740122,노래방
8015,"서울특별시 강서구 마곡중앙로 161-8, 두산더랜드파크 C동 312,313호 (마곡동)",비트노래연습장,126.827338682565,37.568851450649,노래방
8016,"서울특별시 강서구 화곡로63길 139, 신성빌딩 2층 (등촌동)",세븐틴 코인노래연습장,126.845320138149,37.5588400102848,노래방
8017,"서울특별시 강서구 화곡로63길 129, 2층 (등촌동)",윙스코인노래연습장,126.845956211534,37.5587797543334,노래방
8018,"서울특별시 강서구 마곡중앙6로 16, 마곡지엠지타워 213호 (마곡동)",마곡 코인노래연습장,126.829006208171,37.5604015515818,노래방
8019,"서울특별시 강서구 공항대로59길 20, 2층 (등촌동)",써니노래연습장,126.863936404278,37.5524884681992,노래방
8020,"서울특별시 강서구 공항대로46길 47, 다원빌딩 지층 (화곡동)",썬노래연습장,126.852170595358,37.553915198469,노래방
8021,"서울특별시 강서구 강서로5나길 32, 은하빌딩 2층 (화곡동)",궁전노래연습장,126.846411554218,37.5287609666213,노래방
8022,"서울특별시 강서구 화곡로63길 137, 지층 (등촌동)",신선노래연습장,126.845467861404,37.5588276798742,노래방
8023,서울특별시 강서구 금낭화로 60 (방화동),스타노래연습장,126.811739439874,37.5707592473546,노래방
8024,"서울특별시 강서구 공항대로 32, 지층 (공항동)",스카이노래연습장,126.810709978338,37.5610289299524,노래방
8025,서울특별시 강서구 방화동로 105 (방화동),둘리노래연습장,126.812685041359,37.5698264205882,노래방
8026,"서울특별시 강서구 곰달래로49길 11, 지하동 1층호 (화곡동)",스타노래연습장,126.857567234879,37.5322212753215,노래방
8027,"서울특별시 강서구 화곡로21길 7, 지층 (화곡동)",강남노래연습장,126.836644682935,37.5411550792494,노래방
8028,"서울특별시 강서구 금낭화로 135, 209호 (방화동,금강프라자빌딩)",광장 노래연습장,126.812438073591,37.5774450106613,노래방
8029,"서울특별시 강서구 방화동로 72, 지층 (방화동)",신바람노래연습장,126.812860558257,37.566859724295,노래방
8030,"서울특별시 강서구 양천로 706 (염창동,태진가람상가 B04호(양천로706))",힐링노래연습장,126.874338257036,37.5496247325042,노래방
8031,"서울특별시 강서구 화곡로 226, 지층 (화곡동)",스타노래연습장,126.844819791417,37.5452419528509,노래방
8032,"서울특별시 강서구 화곡로42가길 9  (화곡동,지층)",아싸노래방,126.845830874522,37.54616734109,노래방
8033,"서울특별시 강서구 강서로 160, 성지빌딩 지층 (화곡동)",NEW팡팡노래연습장,126.841229083157,37.5411793520195,노래방
8034,"서울특별시 강서구 등촌로 21, 일호빌딩 지층 (화곡동)",스마일코인노래연습장,126.86346848547,37.5318687459262,노래방
8035,"서울특별시 강서구 마곡중앙8로 85, 파인스퀘어Ⅱ B105,B106,B107호 (마곡동)",K노래연습장,126.836985456641,37.5611255258819,노래방
8036,"서울특별시 강서구 강서로 471, 엠코지니어스타 B동 지하1층 02호 (마곡동)",테스형 노래연습장,126.840573315951,37.5674482048077,노래방
8037,"서울특별시 강서구 공항대로 621, 지하1층 (염창동)",염창코노노래연습장,126.873852622489,37.5472344972859,노래방
8038,"서울특별시 강서구 강서로5나길 65, 5층 (화곡동)",부킹노래연습장,126.844536702947,37.5282763879479,노래방
8039,"서울특별시 강서구 마곡중앙6로 93, 열린프라자 305호 (마곡동)",판타스틱 코인노래연습장 발산역점,126.837697932979,37.5601356822454,노래방
8040,서울특별시 강서구 공항대로 32  (공항동),스카이노래연습장,126.810709978338,37.5610289299524,노래방
8041,서울특별시 은평구 응암로22길 7 (응암동),바다노래연습장,126.918950699365,37.5938670432792,노래방
8042,서울특별시 구로구 고척로 142 (고척동),킹노래연습장,126.849651976952,37.5025646020402,노래방
8043,"서울특별시 구로구 남부순환로105라길 8, 지층 (가리봉동)",썸TA 노래연습장,126.889259495092,37.4801615845378,노래방
8044,"서울특별시 구로구 디지털로32나길 34, 케이제이빌딩 3층 (구로동)",세븐틴코인노래연습장,126.901029847293,37.4843243276778,노래방
8045,"서울특별시 구로구 도림로 35, 지층 (구로동)",태영노래연습장,126.888181751475,37.4874843241484,노래방
8046,"서울특별시 구로구 구로동로2길 10, 금천교회 지층 (가리봉동)",동북삼성노래연습장,126.88734180715,37.4836055882923,노래방
8047,"서울특별시 구로구 경인로67길 23, 101동 B102호 (신도림동, 신도림2차푸르지오)",퀸비코인노래연습장 신도림역점,126.889481191271,37.5104826397728,노래방
8048,"서울특별시 구로구 구로동로 137, GS 칼텍스 지층 (구로동)",야즈연노래연습장,126.883528041948,37.4910179935409,노래방
8049,"서울특별시 구로구 개봉로20길 74, 지하층 (개봉동)",세븐스타코인노래연습장(개봉역점),126.858419299721,37.4932889494046,노래방
8050,"서울특별시 구로구 가마산로 225, 동남빌딩 2층 (구로동)",K-POP코인노래연습장,126.886039306291,37.4940963897119,노래방
8051,"서울특별시 구로구 공원로6가길 43, 지층 (구로동)",렉스코인노래연습장,126.889962169032,37.5032800973255,노래방
8052,"서울특별시 구로구 경인로35길 115, 2층 (고척동)",영 노래연습장,126.851979057592,37.5015547211314,노래방
8053,"서울특별시 구로구 구로동로28길 90, 2층 (구로동)",스타노래연습장,126.888921730639,37.491501442368,노래방
8054,"서울특별시 구로구 구로동로 167, 지층 (구로동, 조일뉴타워)",중화노래연습장,126.882981230582,37.4935392811694,노래방
8055,"서울특별시 구로구 우마길 13, 3층 (가리봉동)",신행운노래연습장,126.888165771974,37.4817438967725,노래방
8056,"서울특별시 구로구 구로동로 215-1, 지하1층 (구로동)",대한노래연습장,126.882276534236,37.4978508872457,노래방
8057,서울특별시 구로구 디지털로32길 97-6 (구로동),소풍노래연습장,126.900765644388,37.4831031497728,노래방
8058,서울특별시 구로구 새말로16길 18 (구로동),WA노래연습장,126.890477219596,37.5047386724999,노래방
8059,서울특별시 구로구 고척로 144 (고척동),수노래연습장,126.849970000444,37.5026751992737,노래방
8060,서울특별시 구로구 새말로 17 (구로동),궁노래연습장,126.882757572406,37.502210520957,노래방
8061,"서울특별시 구로구 중앙로10길 7, 지층 (고척동)",랄랄라노래연습장,126.862614065124,37.5034895022417,노래방
8062,서울특별시 구로구 디지털로32길 97-33 (구로동),플레이뮤직타운 노래연습장,126.901135139947,37.4840454636946,노래방
8063,"서울특별시 구로구 구로동로 96-2 (구로동,2층)",미노래연습장,126.885441004027,37.4873538454339,노래방
8064,서울특별시 구로구 디지털로 224 (가리봉동),별노래연습장,126.890863229511,37.4799399869928,노래방
8065,서울특별시 구로구 우마길 10 (가리봉동),명품노래연습장,126.887704023117,37.4819728555645,노래방
8066,서울특별시 구로구 우마길 19 (가리봉동),봉황노래연습장,126.888586196439,37.4812467570678,노래방
8067,서울특별시 구로구 구로동로 104-1 (구로동),황제노래연습장,126.884992878336,37.488035472767,노래방
8068,"서울특별시 구로구 구로중앙로 17, 종로프라자 지층 (구로동)",복노래연습장,126.891546570869,37.4915868638553,노래방
8069,서울특별시 구로구 경인로47길 30 (고척동),킹노래연습장,126.866416066559,37.5007709351623,노래방
8070,"서울특별시 구로구 우마길 23, 지층 (가리봉동)",키스노래연습장,126.888825830285,37.4809030678171,노래방
8071,"서울특별시 구로구 구로동로 128, 지층 (구로동)",푸른꿈노래연습장,126.884393931097,37.4900946810418,노래방
8072,"서울특별시 구로구 개봉로 59, 지층 102호 (개봉동)",코노코노 동전노래연습장,126.855709869345,37.4910212615802,노래방
8073,서울특별시 구로구 구로중앙로 4 (구로동),팡팡노래연습장,126.892908231368,37.4908819867753,노래방
8074,"서울특별시 구로구 우마2길 20 (가리봉동,(지층))",에이비씨노래연습장,126.889074050905,37.4820149654241,노래방
8075,서울특별시 구로구 고척로 134 (개봉동),황토노래연습장,126.848795513571,37.5022316687641,노래방
8076,"서울특별시 구로구 고척로52길 12 (고척동,지층)",제이엔제이노래연습장,126.855895417839,37.5044438604672,노래방
8077,"서울특별시 구로구 우마길 15 (가리봉동,(지층))",가고파 노래연습장,126.888301516929,37.481544632003,노래방
8078,서울특별시 구로구 새말로18길 28 (구로동),원더풀노래연습장,126.89259041829,37.5054585335963,노래방
8079,"서울특별시 구로구 도림로 44-4, 2층 (구로동)",열린노래연습장,126.889227174212,37.4878102122826,노래방
8080,"서울특별시 구로구 우마길 7 (가리봉동,(3층))",상해 노래연습장,126.887861755873,37.482116986519,노래방
8081,서울특별시 구로구 구로동로 138 (구로동),쏭노래연습장,126.884343821269,37.49083958467,노래방
8082,"서울특별시 구로구 시흥대로 571 (구로동,(지층))",슈퍼스타코인노래연습장,126.901809898362,37.48397178331,노래방
8083,서울특별시 구로구 시흥대로 565 (구로동),락휴코인노래연습장,126.901584839285,37.4835856942208,노래방
8084,"서울특별시 구로구 구로중앙로 228 (신도림동,지층)",그린노래연습장,126.876605252712,37.506167775395,노래방
8085,"서울특별시 구로구 경인로 554  (구로동,(지층))",아싸노래연습장,126.879262144908,37.5023214277524,노래방
8086,"서울특별시 구로구 도림로 83 (구로동,2층)",뮤직스타코인노래연습장,126.892418210722,37.490295256222,노래방
8087,"서울특별시 구로구 구로동로42길 68 (구로동,지1층)",금성노래연습장,126.884200549658,37.4986060298362,노래방
8088,"서울특별시 구로구 고척로25길 33-28, 지층 (개봉동)",부부노래연습장,126.846327840579,37.5033837528289,노래방
8089,"서울특별시 구로구 신도림로11길 45 (신도림동,지층)",한마당노래방,126.878193030871,37.5093799723198,노래방
8090,서울특별시 구로구 경인로 338 (개봉동),꾀꼬리노래연습장,126.857662089429,37.4970588403066,노래방
8091,서울특별시 구로구 구로동로 110-1 (구로동),앵콜노래연습장,126.884855469352,37.4884951230271,노래방
8092,서울특별시 구로구 경인로47길 18 (고척동),쎄븐노래연습장,126.866878282855,37.5003805106905,노래방
8093,서울특별시 구로구 경인로20길 10 (오류동),건전25시노래연습장,126.843693613741,37.4953128749348,노래방
8094,서울특별시 구로구 경인로19가길 14-1 (오류동),에프엠노래연습장,126.843788454934,37.496686944218,노래방
8095,서울특별시 구로구 시흥대로 563 (구로동),도레미노래연습장,126.901424316011,37.4833916634154,노래방
8096,서울특별시 구로구 구로동로28길 98 (구로동),궁전노래연습장,126.889264134323,37.4917262947396,노래방
8097,서울특별시 구로구 개봉로3길 70 (개봉동),오뚜기노래연습장,126.852343251095,37.4862567210743,노래방
8098,"서울특별시 구로구 개봉로3길 6 (개봉동,(3층))",영상시티노래연습장,126.855863018356,37.4865257835205,노래방
8099,"서울특별시 구로구 디지털로32길 87 (구로동,(지층))",블랙홀 노래연습장,126.900113502548,37.4832640609377,노래방
8100,"서울특별시 구로구 구로중앙로 8 (구로동,지층)",자기야 노래연습장,126.892684786465,37.4912030831451,노래방
8101,"서울특별시 구로구 신도림로11길 48 (신도림동,(지층))",테크노에스에프노래연습장,126.878266870197,37.5095299755297,노래방
8102,서울특별시 구로구 경인로47길 22 (고척동),FULL동전노래연습장,126.866777953225,37.5005183415175,노래방
8103,"서울특별시 구로구 디지털로32나길 20, 2층 (구로동)",K2 노래연습장,126.900653384572,37.4838619747212,노래방
8104,"서울특별시 구로구 디지털로32나길 20, 2층 (구로동)",K1노래연습장,126.900653384572,37.4838619747212,노래방
8105,서울특별시 구로구 공원로6나길 18 (구로동),퀸노래연습장,126.89098406174,37.5037669568869,노래방
8106,서울특별시 구로구 구로동로 21-1 (가리봉동),진달래노래연습장,126.886347953227,37.4835401242737,노래방
8107,"서울특별시 구로구 새말로16길 24, 지층 (구로동)",애플노래연습장,126.890664946591,37.5045153070653,노래방
8108,서울특별시 구로구 새말로16길 33 (구로동),샾노래연습장,126.891257364527,37.5041902306818,노래방
8109,서울특별시 구로구 고척로 123 (개봉동),에이스노래연습장,126.847672844757,37.5021739136226,노래방
8110,서울특별시 구로구 새말로16길 29 (구로동),오렌지노래연습장,126.891153571708,37.5043259165509,노래방
8111,"서울특별시 구로구 디지털로32길 97-22 (구로동, 덕성빌딩)",귀빈노래연습장,126.901291908268,37.483742405498,노래방
8112,서울특별시 구로구 경인로47길 14 (고척동),K-POP코인노래연습장,126.867046354752,37.5002416748291,노래방
8113,"서울특별시 구로구 경인로40길 11 (개봉동, 영화아파트)",코인스타노래연습장,126.859422554119,37.4960567771925,노래방
8114,"서울특별시 구로구 개봉로 19 (개봉동,1층)",삐뚜리노래연습장,126.855918089639,37.487464339968,노래방
8115,"서울특별시 구로구 구로동로 77 (구로동, 동해빌딩)",천외천노래연습장,126.88557910404,37.4855477290698,노래방
8116,서울특별시 구로구 고척로 134 (개봉동),T코인노래연습장,126.848795513571,37.5022316687641,노래방
8117,"서울특별시 구로구 부일로15길 29 (궁동, 비치빌딩)",씽송코인노래연습장,126.833050861858,37.4941437652518,노래방
8118,"서울특별시 구로구 개봉로17가길 43 (개봉동,지층)",가요무대노래연습장,126.855277009872,37.49360229609,노래방
8119,"서울특별시 구로구 새말로12길 33 (구로동,지층)",쌍쌍노래연습장,126.886793692962,37.5020201109415,노래방
8120,"서울특별시 구로구 구로중앙로8길 41 (구로동,지층)",추억노래연습장,126.893813266873,37.4928953829375,노래방
8121,"서울특별시 구로구 공원로11길 4 (구로동,지층)",뉴노래연습장,126.887308164064,37.5038174775653,노래방
8122,"서울특별시 구로구 중앙로15길 103 (고척동,1층)",잉꼬노래연습장,126.854109918494,37.507258839504,노래방
8123,"서울특별시 구로구 구로동로 214-15 (구로동,지층)",비바리노래연습장,126.883521412395,37.497762651335,노래방
8124,"서울특별시 구로구 경인로35길 94-2 (고척동,지층)",ABC노래연습장,126.85252025423,37.5005507772441,노래방
8125,"서울특별시 구로구 구로동로17길 7 (구로동,지층)",카리브노래연습장,126.884100264808,37.4882724664624,노래방
8126,"서울특별시 구로구 고척로51길 5 (고척동,지층)",VIP노래연습장,126.855473025112,37.5053126337009,노래방
8127,"서울특별시 구로구 경인로 197 (오류동,지층)",즐거운노래연습장,126.842960894429,37.4958807082444,노래방
8128,서울특별시 구로구 디지털로32길 96 (구로동),스타노래연습장,126.900230157228,37.4827747317582,노래방
8129,"서울특별시 구로구 중앙로 105 (고척동,지1층)",K-POP노래연습장,126.859645954857,37.5068391017168,노래방
8130,"서울특별시 구로구 고척로 151 (고척동,지층)",열린음악노래연습장,126.850573204247,37.5032613466946,노래방
8131,"서울특별시 구로구 경인로 544-6 (구로동,지층)",FM노래연습장,126.878604887267,37.5015986885117,노래방
8132,서울특별시 구로구 시흥대로 563 (구로동),마돈나연습장,126.901424316011,37.4833916634154,노래방
8133,"서울특별시 구로구 구로동로 203 (구로동,지층)",별성노래연습장,126.882269943432,37.4967185863828,노래방
8134,"서울특별시 구로구 중앙로10길 8 (고척동,지층)",아리랑노래연습장,126.862709274248,37.5033750952073,노래방
8135,"서울특별시 구로구 경인로47길 100 (고척동,지층)",톱스타노래연습장,126.864057720043,37.5031153632495,노래방
8136,"서울특별시 구로구 구로동로 171 (구로동,지층)",따봉노래연습장,126.882927650548,37.4938163777158,노래방
8137,서울특별시 구로구 고척로21길 17-1 (개봉동),따봉노래연습장,126.845941153619,37.5021808581894,노래방
8138,"서울특별시 구로구 서해안로 2316, 1층 (오류동)",당신의노래연습장,126.842387222686,37.4924907196399,노래방
8139,"서울특별시 구로구 구로동로28길 16-7 (구로동,1층)",공룡노래연습장,126.885070184909,37.4904934057885,노래방
8140,"서울특별시 구로구 경인로 18 (오류동,지층)",K-팝 노래연습장,126.824888214231,37.4890722571031,노래방
8141,"서울특별시 구로구 중앙로 32 (고척동,지층)",25시노래연습장,126.863856941873,37.500768283874,노래방
8142,서울특별시 구로구 서해안로30길 14 (오류동),역전노래연습장,126.84388969834,37.4931399074152,노래방
8143,"서울특별시 구로구 구로동로 27 (가리봉동,(2층))",콩깍지노래연습장,126.886242924791,37.4840563909613,노래방
8144,"서울특별시 구로구 구로동로 9 (가리봉동,(지층))",송화강노래연습장,126.886949116632,37.4827159180702,노래방
8145,"서울특별시 구로구 경서로 6 (고척동,(지층))",세븐노래연습장,126.856926652502,37.4980305876387,노래방
8146,서울특별시 구로구 구로동로 12 (가리봉동),신선노래연습장,126.887351431548,37.4828432544018,노래방
8147,"서울특별시 구로구 공원로7길 36 (구로동,(지층))",혜진 노래연습장,126.887201892427,37.5016121657769,노래방
8148,"서울특별시 구로구 디지털로32길 97-27 (구로동,9)",야우노래연습장,126.901006424159,37.4837384725133,노래방
8149,"서울특별시 구로구 구로동로 14 (가리봉동,(3층))",중화노래방,126.887235763615,37.4829962253712,노래방
8150,"서울특별시 구로구 도림로12길 5 (구로동,(지층))",엠비씨노래연습장,126.888479390469,37.4870031069934,노래방
8151,"서울특별시 구로구 남부순환로105라길 17 (가리봉동,(지층))",대륙 노래연습장,126.889467110735,37.4805962453323,노래방
8152,"서울특별시 구로구 구로동로 17-1 (가리봉동,(지층))",하얼빈노래연습장,126.886605514629,37.4833157504042,노래방
8153,"서울특별시 구로구 도림로 44 (구로동,(지층))",개구리노래연습장,126.889229023418,37.4876299224031,노래방
8154,"서울특별시 구로구 구일로4길 30 (구로동,(지층))",세븐스타코인노래연습장,126.876446827824,37.4918751361412,노래방
8155,서울특별시 구로구 공원로8길 19 (구로동),테크노 노래연습장,126.890396754834,37.5033050086862,노래방
8156,"서울특별시 구로구 구로동로 109 (구로동,2층)",환상노래연습장,126.884326781703,37.4884704595858,노래방
8157,"서울특별시 구로구 남부순환로105길 134 (가리봉동,(2층))",쿨노래연습장,126.88675249051,37.4821972895658,노래방
8158,"서울특별시 구로구 개봉로 8 (개봉동,3층)",K4노바노래연습장,126.85684038742,37.486348662469,노래방
8159,"서울특별시 구로구 신도림로11길 39 (신도림동,지층)",딴따라노래연습장,126.878487675725,37.509164665488,노래방
8160,"서울특별시 구로구 개봉로17길 34 (개봉동,지층)",엔돌핀노래연습장,126.854071610666,37.4917839337419,노래방
8161,"서울특별시 구로구 구로동로 112-3 (구로동,(지층))",쟁반노래연습장,126.884799359552,37.48873293428,노래방
8162,"서울특별시 구로구 구로동로 6, 2층 (가리봉동)",따봉노래연습장,126.887239679809,37.4822711877106,노래방
8163,서울특별시 구로구 공원로6나길 49-16 (구로동),콘서트노래연습장,126.892004796847,37.5053022159095,노래방
8164,서울특별시 구로구 경인로 584 (신도림동),라프노래연습장,126.881697047054,37.5038211816766,노래방
8165,"서울특별시 구로구 시흥대로 577-11, A동 지층 (구로동)",별노래연습장,126.901864172583,37.4844882862976,노래방
8166,"서울특별시 구로구 구로동로5길 2 (가리봉동,(지층))",장백산노래연습장,126.885750717271,37.485043510919,노래방
8167,"서울특별시 구로구 경인로47길 13, 3층 (고척동)",별 노래연습장,126.86676354913,37.5000325932362,노래방
8168,"서울특별시 구로구 디지털로32길 79, 지하1층층 (구로동)",궁전노래연습장,126.899752015371,37.4835332463617,노래방
8169,서울특별시 구로구 디지털로32길 97-13 (구로동),큐 노래연습장,126.900708161658,37.4835652286465,노래방
8170,"서울특별시 구로구 새말로16길 30 (구로동, 지층)",럭셔리노래연습장,126.890833889496,37.5042981409004,노래방
8171,"서울특별시 구로구 구로중앙로 18 (구로동, 지층)",홍콩노래연습장,126.891941446608,37.4919715051585,노래방
8172,"서울특별시 구로구 디지털로32나길 29, B1호 (구로동)",KISS노래연습장,126.900607102495,37.4844884067906,노래방
8173,"서울특별시 구로구 디지털로32나길 35 (구로동,(2층))",독도노래연습장,126.900843792828,37.4847126863894,노래방
8174,"서울특별시 구로구 경인로13길 5 (오류동,(지층))",까치노래연습장,126.839039160627,37.4943550725759,노래방
8175,"서울특별시 구로구 구로동로 213 (구로동,(2층))",스타노래연습장,126.882319187724,37.4976219841247,노래방
8176,"서울특별시 구로구 새말로 18 (구로동,(지층))",피터팬노래연습장,126.883145604592,37.5019861046095,노래방
8177,"서울특별시 구로구 고척로 233 (고척동,(지층))",인디아나노래연습장,126.858868564946,37.5064475900729,노래방
8178,서울특별시 구로구 도림로 67 (구로동),스카이 노래연습장,126.891011550623,37.4895224344356,노래방
8179,서울특별시 구로구 디지털로32나길 12 (구로동),쭌 노래연습장,126.900317682304,37.4836153563124,노래방
8180,"서울특별시 구로구 구로동로 222 (구로동,2층)",노곤륜 노래연습장,126.882748516131,37.4983106894616,노래방
8181,서울특별시 구로구 도림로12길 21 (구로동),팡팡 노래연습장,126.889370436669,37.4866592191596,노래방
8182,서울특별시 구로구 구로동로 184 (구로동),골든벨 노래연습장,126.88296421454,37.4948783402028,노래방
8183,"서울특별시 구로구 경인로 661, 2층 (신도림동)",궁 노래연습장,126.887986372819,37.5096619486431,노래방
8184,"서울특별시 구로구 고척로 126 (개봉동,(지층))",피망노래연습장,126.847914494502,37.5019654621258,노래방
8185,"서울특별시 구로구 새말로 34 (구로동,(지층))",천국노래연습장,126.884740353949,37.5026279257309,노래방
8186,"서울특별시 구로구 공원로6나길 29-2 (구로동,지층)",파워노래연습장,126.891483143586,37.5043191018282,노래방
8187,"서울특별시 구로구 개봉로 57-1 (개봉동,지층)",씨티노래연습장,126.855759594087,37.4908597717871,노래방
8188,서울특별시 구로구 구로동로 108 (구로동),뮤직뱅크노래연습장,126.884851092632,37.4882525675621,노래방
8189,"서울특별시 구로구 경인로25길 22 (오류동,지층)",엄지노래연습장,126.843939321694,37.4972245935229,노래방
8190,"서울특별시 구로구 공원로8길 13 (구로동,지층)",BOSS노래연습장,126.890079421946,37.5031436141005,노래방
8191,"서울특별시 구로구 고척로21나길 18 (개봉동,지층)",클릭노래연습장,126.844666182116,37.5028727821132,노래방
8192,"서울특별시 구로구 경서로 82-2 (고척동,2층)",팡팡노래연습장,126.860851101192,37.5038169362088,노래방
8193,"서울특별시 구로구 구로동로42길 28 (구로동,지층)",팡팡노래연습장,126.883521572502,37.4968586721228,노래방
8194,서울특별시 구로구 가마산로22길 5 (구로동),준노래연습장,126.887560109713,37.494108659017,노래방
8195,"서울특별시 구로구 구로중앙로28길 25 (구로동,지층)",미소노래연습장,126.887110268562,37.4994466014243,노래방
8196,서울특별시 구로구 부일로15길 20 (궁동),앵콜노래연습장,126.833808660826,37.4941742966097,노래방
8197,"서울특별시 구로구 구일로2길 60 (구로동,우성(아)상가 지층)",나드리노래연습장,126.877081155332,37.4897580709997,노래방
8198,서울특별시 구로구 디지털로27길 127 (가리봉동),한영노래연습장,126.887109265789,37.4847108131575,노래방
8199,"서울특별시 구로구 우마길 17 (가리봉동,지층)",소리새 노래연습장,126.888574092618,37.4814032508362,노래방
8200,"서울특별시 구로구 구로동로 10, 2층 (가리봉동)",신바람노래연습장,126.887503602649,37.4827762742694,노래방
8201,"서울특별시 구로구 새말로 18-29 (구로동,지층)",에이비씨노래연습장,126.883187024004,37.5018232438079,노래방
8202,"서울특별시 구로구 구로동로 73 (구로동,지층)",도레미노래연습장,126.885684969257,37.4853029376046,노래방
8203,"서울특별시 구로구 구로동로28길 86 (구로동,지층)",쎄븐노래연습장,126.888764578321,37.4914087610896,노래방
8204,"서울특별시 구로구 개봉로23가길 30 (개봉동,(지층))",똥쌍피 노래연습장,126.858046508329,37.4950647458627,노래방
8205,"서울특별시 구로구 우마길 13 (가리봉동,(2층))",행운노래연습장,126.888165771974,37.4817438967725,노래방
8206,"서울특별시 구로구 경인로15길 1 (오류동,(지층))",달님노래연습장,126.839846023492,37.4945528587715,노래방
8207,"서울특별시 구로구 남부순환로105라길 5 (가리봉동,(2층))",차이나노래연습장,126.889018321637,37.4802496571046,노래방
8208,"서울특별시 구로구 구로중앙로19길 11 (구로동,(지층))",고고노래방,126.888556853012,37.4944554097867,노래방
8209,"서울특별시 구로구 구로동로 107-2 (구로동,(지층))",코리아나노래방,126.88440793308,37.4881259036675,노래방
8210,"서울특별시 구로구 우마길 1 (가리봉동,(지층))",수 노래연습장,126.887531176148,37.4825593377162,노래방
8211,"서울특별시 구로구 우마길 4, 2층 (가리봉동)",금탑 노래연습장,126.887421511003,37.4823291157412,노래방
8212,"서울특별시 구로구 디지털로32나길 34 (구로동,(지층))",1.2.3노래연습장,126.901029847293,37.4843243276778,노래방
8213,"서울특별시 구로구 디지털로32나길 23 (구로동,(지층))",에스비에스노래방,126.900495331728,37.4842789184152,노래방
8214,"서울특별시 구로구 오류로8길 85 (오류동,지층)",명성노래연습장,126.844707276028,37.4931325154748,노래방
8215,"서울특별시 구로구 구로동로25길 7 (구로동,지층)",일번지노래연습장,126.883489370311,37.4904353642473,노래방
8216,서울특별시 구로구 새말로 18  (구로동),아카디아노래연습장,126.883145604592,37.5019861046095,노래방
8217,"서울특별시 구로구 서해안로 2330, 1층 (오류동)",와와노래연습장,126.843266566639,37.4931712482896,노래방
8218,"서울특별시 구로구 구로동로 97 (구로동,지층)",호가 노래연습장,126.884808526664,37.48732845276,노래방
8219,"서울특별시 구로구 고척로40길 33-5 (고척동,지층)",맘보노래연습장,126.851146266459,37.5016599031868,노래방
8220,"서울특별시 구로구 경인로3길 77 (온수동,(지층))",질러노래연습장,126.823542030769,37.4917369630033,노래방
8221,"서울특별시 구로구 남부순환로105길 154 (가리봉동,(지층))",아리랑노래연습장,126.8857496786,37.4829783092459,노래방
8222,"서울특별시 구로구 고척로21길 3 (개봉동,(지층))",쟁반노래연습장,126.846191189678,37.5016905867959,노래방
8223,"서울특별시 구로구 우마길 27 (가리봉동,(2층))",자금성노래연습장,126.889009148369,37.4807187135997,노래방
8224,서울특별시 구로구 구로중앙로 6 (구로동),북경노래연습장,126.892776770451,37.4910869367518,노래방
8225,"서울특별시 구로구 우마길 22 (가리봉동,(지층))",홍루몽노래연습장,126.888459819868,37.4810011129982,노래방
8226,서울특별시 구로구 구로중앙로28길 7 (구로동),몸부림노래연습장,126.886287457179,37.4989844973089,노래방
8227,"서울특별시 구로구 새말로16길 27 (구로동,(지층))",짱노래연습장,126.89104774396,37.5044607895441,노래방
8228,"서울특별시 구로구 구로중앙로 16 (구로동,(지층))",수노래연습장,126.892042966311,37.4918309507861,노래방
8229,"서울특별시 구로구 경인로 373 (고척동,(지층))",엠노래연습장,126.861897972524,37.4969063722102,노래방
8230,서울특별시 구로구 도림로 93 (구로동),럭셔리노래연습장,126.893403628599,37.4909530737524,노래방
8231,"서울특별시 구로구 경인로47길 40 (고척동,(2층))",테마노래연습장,126.866007599867,37.501077895582,노래방
8232,"서울특별시 구로구 구로동로 212  (구로동,(지층))",비젼노래연습장,126.882689365502,37.4974471066298,노래방
8233,"서울특별시 구로구 디지털로32나길 8 (구로동,(3층))",고추노래연습장,126.900246603764,37.4835007781702,노래방
8234,"서울특별시 구로구 경인로47길 45 (고척동,(2층))",로데오노래연습장,126.865576042757,37.5010785766004,노래방
8235,"서울특별시 구로구 구로중앙로 219 (구로동,(2층))",라이브노래연습장,126.876691479075,37.5053152446857,노래방
8236,"서울특별시 구로구 우마길 7 (가리봉동,(2층))",신상해노래연습장,126.887861755873,37.482116986519,노래방
8237,"서울특별시 구로구 개봉로 49 (개봉동,(지층))",스카이노래연습장,126.855811237106,37.4901119991549,노래방
8238,"서울특별시 구로구 구로동로28길 93 (구로동,(지층))",짠짜라노래연습장,126.888974980318,37.491813421031,노래방
8239,"서울특별시 구로구 구로중앙로 12 (구로동,(지층))",쿨노래연습장,126.892443589685,37.4914431623831,노래방
8240,"서울특별시 구로구 서해안로 2338 (오류동,(지층))",딩가딩가노래연습장,126.844151443881,37.4934821848779,노래방
8241,서울특별시 구로구 구로동로 15 (가리봉동),테크노 노래연습장,126.886773779971,37.4830740811658,노래방
8242,서울특별시 구로구 구로중앙로 14 (구로동),보스 노래방,126.892301347465,37.4915949425815,노래방
8243,"서울특별시 구로구 구로동로26길 121  (구로동,지층)",짱구 노래연습장,126.890797669445,37.4900287832176,노래방
8244,"서울특별시 구로구 디지털로32길 97-12, 지층 (구로동)",첼로 노래연습장,126.900974623277,37.4834182275202,노래방
8245,"서울특별시 구로구 디지털로32나길 4 (구로동,2층)",MW노래연습장,126.900088436575,37.4834081109734,노래방
8246,서울특별시 구로구 구로동로 126-16 (구로동),신궁전노래연습장,126.885114678947,37.4900142033653,노래방
8247,서울특별시 구로구 새말로 102 (구로동),포스빌노래연습장,126.891336035126,37.5055472165422,노래방
8248,서울특별시 구로구 구로중앙로8길 28 (구로동),쵸이스노래연습장,126.893345850508,37.4923819285944,노래방
8249,서울특별시 구로구 구로동로28길 63 (구로동),황금노래연습장,126.88765160912,37.4910019844826,노래방
8250,서울특별시 구로구 공원로6나길 43-15 (구로동),수 노래연습장,126.891608691181,37.5050938110798,노래방
8251,서울특별시 구로구 개봉로23가길 31 (개봉동),라이브노래연습장,126.858080217287,37.495298237053,노래방
8252,서울특별시 구로구 구로동로 126-16 (구로동),야래향노래연습장,126.885114678947,37.4900142033653,노래방
8253,"서울특별시 구로구 경인로35길 113-4 (고척동,2층)",차차차노래연습장,126.851842522534,37.5015142750425,노래방
8254,"서울특별시 구로구 구로동로18길 34 (구로동,지층)",수석노래연습장,126.886307523056,37.4876874245592,노래방
8255,서울특별시 구로구 가마산로21길 1 (구로동),영 노래연습장,126.885731594012,37.4939609414966,노래방
8256,"서울특별시 구로구 남부순환로105라길 6 (가리봉동,(지층))",동북노래연습장,126.88916333794,37.4800467058634,노래방
8257,서울특별시 구로구 개봉로 9 (개봉동),라이브노래연습장,126.856174385024,37.4865393176791,노래방
8258,"서울특별시 구로구 경인로59길 8 (신도림동,(2층))",K-POP코인노래연습장,126.883427027522,37.5063918465946,노래방
8259,서울특별시 구로구 도림로 47 (구로동),퀸노래연습장,126.889179420184,37.4882951798424,노래방
8260,"서울특별시 구로구 오류로8길 8, 지층 (오류동)",풀잎노래연습장,126.841248004705,37.4909736112962,노래방
8261,"서울특별시 구로구 구일로8길 131 (구로동,(지층))",샤방샤방노래연습장,126.876753842288,37.4985442550449,노래방
8262,"서울특별시 구로구 구로중앙로34길 74, 지층 (구로동)",행운 노래연습장,126.886706601255,37.501577904103,노래방
8263,"서울특별시 구로구 서해안로 2102, 202호,203호 (항동)",세븐스타코인노래연습장(구로항동점),126.823394728559,37.4801452858596,노래방
8264,"서울특별시 구로구 경인로3길 86, 지하1층 (온수동)",유 노래연습장,126.823106036704,37.4918197441706,노래방
8265,서울특별시 구로구 고척로52길 112 (개봉동),엄지노래연습장,126.855518052416,37.5001991252576,노래방
8266,"서울특별시 구로구 고척로 198 (고척동,지층)",갈채노래연습장,126.855308820037,37.5047201122538,노래방
8267,"서울특별시 구로구 도림로 103 (구로동,2층)",코러스 노래연습장,126.894216578627,37.4914808935891,노래방
8268,"서울특별시 구로구 신도림로11길 9 (신도림동,지층)",가족노래연습장,126.879762967458,37.5083571389605,노래방
8269,서울특별시 구로구 구로중앙로34길 20 (구로동),애경노래연습장,126.88424035771,37.5005098939215,노래방
8270,서울특별시 구로구 디지털로32길 82 (구로동),불러불러노래연습장,126.899563285224,37.4830451900738,노래방
8271,"서울특별시 구로구 경인로47길 23 (고척동,(5층))",보가코인노래연습장,126.866417206715,37.5003848556388,노래방
8272,"서울특별시 구로구 개봉로12길 5-2 (개봉동,(2층))",콜노래연습장,126.85677504412,37.488238356051,노래방
8273,"서울특별시 구로구 구로동로 126-2, 지층 (구로동)",별 노래연습장,126.884569787511,37.4899312300876,노래방
8274,"서울특별시 구로구 새말로18길 32, 지층 (구로동, 신흥빌딩)",랑데뷰노래연습장,126.892513452906,37.505262945527,노래방
8275,서울특별시 구로구 새말로 18-31 (구로동),짝 노래연습장,126.883300504638,37.50179173068,노래방
8276,"서울특별시 구로구 공원로6나길 40 (구로동, 알파빌딩)",쿨노래연습장,126.892119358304,37.5043634734113,노래방
8277,"서울특별시 구로구 우마1길 5 (가리봉동,(지층))",북경노래연습장,126.887794180735,37.4824707483551,노래방
8278,"서울특별시 구로구 개봉로20길 66 (개봉동,(지층))",월드노래방,126.858033757981,37.4933772358687,노래방
8279,"서울특별시 구로구 경인로47길 8 (고척동,지층)",대학노래연습장,126.867226989966,37.500096635908,노래방
8280,서울특별시 구로구 구로동로19길 2 (구로동),텔미 노래연습장,126.884227876958,37.4889616820277,노래방
8281,"서울특별시 구로구 공원로6나길 36 (구로동,지층)",방방 노래연습장,126.891849034124,37.5042235704447,노래방
8282,서울특별시 구로구 공원로6나길 26 (구로동),앗싸 노래연습장,126.891443091624,37.5040176788336,노래방
8283,서울특별시 구로구 경인로 584 (신도림동),비엔나 노래연습장,126.881697047054,37.5038211816766,노래방
8284,서울특별시 구로구 경인로 211-1 (오류동),걸어서 벤츠까지 노래연습장,126.844358057597,37.496525424891,노래방
8285,"서울특별시 구로구 구로중앙로 20, 백제빌딩 지층 (구로동)",3:30 노래연습장,126.891864108808,37.4920449565612,노래방
8286,서울특별시 구로구 새말로16길 34 (구로동),별노래연습장,126.891012101068,37.5040838662534,노래방
8287,서울특별시 구로구 고척로 231 (고척동),둘리노래연습장,126.858690686718,37.5063733148532,노래방
8288,서울특별시 구로구 고척로 104 (개봉동),팡팡 노래연습장,126.845747017258,37.5011149862104,노래방
8289,서울특별시 구로구 새말로16길 32 (구로동),쌍쌍 노래연습장,126.890917961994,37.5041914494664,노래방
8290,서울특별시 구로구 경인로 618 (신도림동),궁전노래연습장,126.884717375676,37.5062451679653,노래방
8291,"서울특별시 구로구 중앙로 101, 지층 (고척동)",짱노래연습장,126.859932571013,37.5062829815918,노래방
8292,서울특별시 구로구 우마길 3 (가리봉동),천리마노래연습장,126.887638596905,37.482401222855,노래방
8293,"서울특별시 구로구 고척로25길 33-58 (개봉동,(지층))",앵콜노래연습장,126.84607868685,37.5034419036543,노래방
8294,"서울특별시 구로구 부일로15길 36-2 (궁동,지층)",제일노래연습장,126.833215031562,37.4945102560725,노래방
8295,서울특별시 구로구 경인로47길 107 (고척동),월드 노래연습장,126.863627327303,37.5034021075538,노래방
8296,서울특별시 구로구 구로동로28길 10 (구로동),팔도강산 노래연습장,126.884594039307,37.4907046782984,노래방
8297,서울특별시 구로구 시흥대로 577-11 (구로동),K-2 노래연습장,126.901864172583,37.4844882862976,노래방
8298,서울특별시 구로구 경인로 435 (고척동),스타 노래연습장,126.867242549453,37.4998037365062,노래방
8299,"서울특별시 구로구 디지털로32길 97-15, 지층 (구로동)",발리노래연습장,126.900875788364,37.4836018602337,노래방
8300,"서울특별시 구로구 디지털로32나길 23, 지층 (구로동)",SES 노래연습장,126.900495331728,37.4842789184152,노래방
8301,"서울특별시 구로구 구로동로18길 16, 지층 (구로동)",본전노래연습장,126.885395643321,37.4880327106198,노래방
8302,서울특별시 구로구 남부순환로97길 20-10 (개봉동),보가코인노래연습장,126.858574793409,37.4938836196633,노래방
8303,"서울특별시 구로구 새말로16길 26, 지층 (구로동)",M 노래연습장,126.890745059503,37.5044097834002,노래방
8304,"서울특별시 구로구 경인로20길 7, 지층 (오류동)",K-POP코인 노래연습장,126.843892114113,37.4955649685637,노래방
8305,"서울특별시 구로구 디지털로32나길 26, 지층 (구로동)",킹노래연습장,126.900893698548,37.4841662668179,노래방
8306,"서울특별시 구로구 디지털로32나길 26, 지층 (구로동)",킹1노래연습장,126.900893698548,37.4841662668179,노래방
8307,"서울특별시 구로구 시흥대로163길 12, 지층 (구로동)",애플노래연습장,126.899290046475,37.4816698383765,노래방
8308,"서울특별시 구로구 구로동로42길 69 (구로동, B102호)",중화노래연습장,126.883913701549,37.4987167522292,노래방
8309,"서울특별시 구로구 개봉로 59, 지층 102호 (개봉동)",카이저노래연습장,126.855709869345,37.4910212615802,노래방
8310,"서울특별시 구로구 구로동로 174-3, 1층 (구로동)",OK노래연습장,126.883088305598,37.4944172378672,노래방
8311,"서울특별시 구로구 디지털로27길 131, 3층 (가리봉동)",캔디 노래연습장,126.886873659595,37.4847696038267,노래방
8312,"서울특별시 구로구 구로동로 102, 2층 (구로동)",스타노래연습장,126.885002762227,37.4877837408929,노래방
8313,서울특별시 구로구 새말로18길 20-7 (구로동),탤런트노래연습장,126.892468922094,37.505557713797,노래방
8314,서울특별시 구로구 공원로6나길 43-16 (구로동),1박2일노래연습장,126.891743727469,37.5051734035435,노래방
8315,서울특별시 구로구 구로동로 132 (구로동),456노래연습장,126.884314729652,37.4904198670905,노래방
8316,서울특별시 구로구 새말로18길 20-15 (구로동),금 노래연습장,126.892100960148,37.5053596977975,노래방
8317,서울특별시 구로구 경인로20가길 5 (오류동),오션노래연습장,126.844131191934,37.4954461712563,노래방
8318,"서울특별시 양천구 신정중앙로 90 (신정동,지하1층)",파티파티노래연습장,126.861638302851,37.5263320371033,노래방
8319,서울특별시 구로구 개봉로 67 (개봉동),사랑노래연습장,126.855638371689,37.491743781606,노래방
8320,서울특별시 구로구 남부순환로105라길 11 (가리봉동),베이징노래연습장,126.889202757631,37.4804553502822,노래방
8321,서울특별시 구로구 도림로 99 (구로동),양귀비노래연습장,126.893918998677,37.4912941183066,노래방
8322,서울특별시 금천구 금하로 634 (시흥동),빈티지노래연습장,126.901629676102,37.4546379761298,노래방
8323,"서울특별시 금천구 벚꽃로38길 29, 지하1층 (가산동)",넘버원 노래연습장,126.884442402655,37.482411204692,노래방
8324,"서울특별시 금천구 벚꽃로 298, 대륭포스트타워6차 지하1층 B118호 (가산동)",판타스틱 코인노래연습장 가산디지털단지역점,126.883871693415,37.4814401689835,노래방
8325,"서울특별시 금천구 남부순환로108길 27, 가산동빌딩 지하1층 (가산동)",옥토끼 코인노래연습장,126.891984062975,37.4776091156991,노래방
8326,"서울특별시 금천구 시흥대로52길 51, 지하1층 (시흥동)",온에어코인노래연습장,126.901753326299,37.4535973191109,노래방
8327,서울특별시 금천구 독산로75길 17 (독산동),뉴월드,126.901350774653,37.4688936396098,노래방
8328,서울특별시 금천구 시흥대로62길 61 (시흥동),땡큐,126.902684685824,37.4571140210889,노래방
8329,서울특별시 금천구 시흥대로50길 26 (시흥동),스타,126.903611019056,37.4514926407281,노래방
8330,"서울특별시 금천구 가산로 150, 지하1층 (가산동)",힐링노래연습장,126.890767357739,37.4786955150643,노래방
8331,"서울특별시 금천구 시흥대로 214, 비즈메드빌딩 2층 (시흥동)",노래야노래야 코인노래연습장 시흥사거리점,126.901712234507,37.4530428916984,노래방
8332,"서울특별시 금천구 금하로24길 9, 동원빌딩 3층 (시흥동)",동원노래방,126.908732505043,37.4505380285323,노래방
8333,서울특별시 금천구 남부순환로112길 52 (가산동),에이스,126.893377966395,37.477423061941,노래방
8334,"서울특별시 금천구 독산로 250, 2층 (독산동)",K-TOP PC & COIN 노래연습장,126.902647833034,37.4690630240818,노래방
8335,"서울특별시 금천구 벚꽃로38길 5, 301호 (가산동)",럭셔리노래연습장,126.883328254464,37.4819182492886,노래방
8336,서울특별시 금천구 독산로106길 6 (독산동),팡팡,126.904090456256,37.477934465524,노래방
8337,서울특별시 금천구 가산디지털2로 142-3 (가산동),아싸가오리,126.879090864665,37.4805403115028,노래방
8338,서울특별시 금천구 가산로 145  (가산동),불,126.890713253539,37.478039890883,노래방
8339,서울특별시 금천구 시흥대로52길 24 (시흥동),쟁반,126.902494762313,37.4524447266522,노래방
8340,"서울특별시 금천구 가산디지털1로 168, A동 B108호 (가산동,우림라이온스밸리)",에피소드,126.88263620024,37.479966429878,노래방
8341,서울특별시 금천구 시흥대로116길 2 (독산동),호텔,126.898889137648,37.4680685758584,노래방
8342,서울특별시 금천구 벚꽃로 312 (가산동),미소,126.882995347282,37.4822414721915,노래방
8343,서울특별시 금천구 가산로 148 (가산동),벤허,126.890867171917,37.4785507250567,노래방
8344,서울특별시 금천구 금하로1길 71 (독산동),오렌지,126.890788560071,37.454408878392,노래방
8345,서울특별시 금천구 독산로75길 3 (독산동),쟁반,126.902115203907,37.4687804776745,노래방
8346,"서울특별시 금천구 벚꽃로 130 (독산동,3층)",팔마,126.889600670464,37.4668142554181,노래방
8347,서울특별시 금천구 시흥대로 100 (시흥동),여우,126.904039948048,37.4429741740338,노래방
8348,서울특별시 금천구 디지털로12길 41 (가산동),베르사유,126.890453798208,37.4771041328474,노래방
8349,서울특별시 금천구 시흥대로 405 (독산동),샤넬,126.897565001295,37.4699510879557,노래방
8350,"서울특별시 금천구 남부순환로 1372 (독산동,지층)",DI,126.903472790688,37.4794589203551,노래방
8351,서울특별시 금천구 범안로 1255 (독산동),끌리오,126.901452445974,37.466619663525,노래방
8352,서울특별시 금천구 독산로39길 42 (시흥동),콘서트,126.903378689283,37.4579691105762,노래방
8353,서울특별시 금천구 시흥대로 474 (독산동),토크쇼,126.899010685082,37.4758621463823,노래방
8354,서울특별시 금천구 은행나무로 49 (시흥동),희,126.907777895704,37.4510667229373,노래방
8355,서울특별시 금천구 시흥대로 392 (독산동),스타,126.898315040215,37.4684562386027,노래방
8356,"서울특별시 금천구 가산디지털1로 186,  B106호 (가산동,제이플라츠)",제이럭셔리,126.881581110867,37.4819130872905,노래방
8357,"서울특별시 금천구 가산로 137 (가산동,지층)",스타,126.891210134081,37.4774957795187,노래방
8358,"서울특별시 금천구 디지털로12길 21 (가산동,2층)",영 노래연습장,126.889876396125,37.4777408798821,노래방
8359,서울특별시 금천구 시흥대로52길 52 (시흥동),우지트 노래연습장,126.902035799388,37.453655668925,노래방
8360,서울특별시 금천구 시흥대로 270  (시흥동),토토,126.899829333588,37.4577937917364,노래방
8361,서울특별시 금천구 금하로1마길 15-9  (독산동),스타,126.889585139181,37.4527000706613,노래방
8362,서울특별시 금천구 독산로 112 (시흥동),스타 노래연습장,126.905615989913,37.4573826476709,노래방
8363,서울특별시 금천구 독산로 49 (시흥동),궁전,126.905754989553,37.451725209425,노래방
8364,서울특별시 금천구 가산로 149  (가산동),웰빙,126.890369530966,37.4785253965237,노래방
8365,서울특별시 금천구 금하로 695 (시흥동),쥬쥬,126.907335986988,37.4519047700975,노래방
8366,"서울특별시 금천구 독산로75길 12 (독산동,지하1층)",커플,126.90179167419,37.4690412319832,노래방
8367,"서울특별시 금천구 가산로 69  (독산동,지층)",비엔나,126.895453059804,37.4724206189956,노래방
8368,"서울특별시 금천구 독산로 285 (독산동,지하1층)",웃찾사,126.90297534372,37.4722795397121,노래방
8369,서울특별시 금천구 시흥대로 93 (시흥동),콜라노래연습장,126.903242295931,37.4424157957415,노래방
8370,"서울특별시 금천구 시흥대로141길 66 (독산동,지하)",MC,126.897882432674,37.4757654894869,노래방
8371,서울특별시 금천구 삼성산길 7 (시흥동),왕,126.904242938855,37.4341661043202,노래방
8372,"서울특별시 금천구 벚꽃로 73 (독산동,상가1동 지하4,5호)",와,126.890423305457,37.4629100391456,노래방
8373,"서울특별시 금천구 시흥대로 149 (시흥동,지하1층)",신세계,126.902950900644,37.4473724865128,노래방
8374,"서울특별시 금천구 시흥대로122길 24, 지하1층호 (독산동)",정노래연습장,126.899527758635,37.4692138544847,노래방
8375,"서울특별시 금천구 금하로9길 1, 지하1층 (시흥동)",광땡 노래연습장,126.902062809102,37.4548707070332,노래방
8376,"서울특별시 금천구 독산로 74-1, 2층 (시흥동)",아성,126.906284597009,37.453981496853,노래방
8377,서울특별시 금천구 금하로 726 (시흥동),앤노래연습장,126.910272639649,37.450378016537,노래방
8378,서울특별시 금천구 금하로23길 23 (시흥동),은행나무,126.90857823852,37.4523031744628,노래방
8379,서울특별시 금천구 가산로 132-1 (가산동),영영,126.89192191754,37.4773491177317,노래방
8380,서울특별시 금천구 시흥대로51길 19 (시흥동),우리들,126.900696087556,37.4509870115608,노래방
8381,"서울특별시 금천구 시흥대로64길 19 (시흥동,지하1층)",수 노래연습장,126.900842757353,37.456056863857,노래방
8382,서울특별시 금천구 독산로65길 26 (독산동),서울,126.901461470437,37.463963940886,노래방
8383,서울특별시 금천구 독산로75길 39 (독산동),수,126.900206052439,37.4691027039649,노래방
8384,"서울특별시 금천구 시흥대로52길 38 (시흥동,2층)",12,126.902250286031,37.4530668543821,노래방
8385,서울특별시 금천구 시흥대로122길 15 (독산동),궁전,126.899051709868,37.4694838419946,노래방
8386,서울특별시 금천구 금하로 726 (시흥동),101코인노래연습장,126.910272639649,37.450378016537,노래방
8387,"서울특별시 금천구 독산로75길 16, 지하층 (독산동)",보노코인 노래연습장,126.901516042865,37.4690661407775,노래방
8388,서울특별시 금천구 가산로 118 (가산동),애플 노래연습장,126.892888670055,37.4762292326406,노래방
8389,"서울특별시 금천구 시흥대로138길 29, 지하1층 (독산동)",행운노래연습장,126.900125741966,37.4727937145327,노래방
8390,"서울특별시 금천구 금하로 690, 지하층 (시흥동)",쌍쌍,126.906631793465,37.45180077956,노래방
8391,"서울특별시 금천구 가산로 134, 2층 (가산동)",중앙 노래연습장,126.891779103535,37.4774448543885,노래방
8392,"서울특별시 금천구 시흥대로138길 18, 지하1층 (독산동)",상해 노래연습장,126.899612586346,37.4725611795241,노래방
8393,"서울특별시 금천구 독산로 195, 지상2층 (독산동)",킹카 노래연습장,126.902702232196,37.4643333023941,노래방
8394,서울특별시 금천구 금하로24길 28 (시흥동),여우,126.908283476335,37.4498137166277,노래방
8395,서울특별시 금천구 시흥대로52길 8 (시흥동),썸,126.902762074793,37.4518142377172,노래방
8396,서울특별시 금천구 문성로 2  (독산동),우정,126.903931723668,37.4760809604233,노래방
8397,서울특별시 금천구 금하로24길 7 (시흥동),로비,126.90881587743,37.4506581078675,노래방
8398,"서울특별시 금천구 독산로 134, 금천빌딩 지하1층 (시흥동)",커플,126.905252937482,37.4592758342418,노래방
8399,서울특별시 금천구 독산로 353 (독산동),대박,126.903599725683,37.4784260171557,노래방
8400,"서울특별시 금천구 독산로 305, 지하1층 (독산동)",OK,126.90315591493,37.4740056623962,노래방
8401,서울특별시 금천구 범안로 1194 (독산동),파파코 노래연습장,126.894576737016,37.4663654108853,노래방
8402,서울특별시 금천구 범안로 1249 (독산동),알사탕,126.900846750427,37.4666432138415,노래방
8403,"서울특별시 금천구 금하로 632  (시흥동,지하1층)",짱,126.901338630982,37.454649716986,노래방
8404,서울특별시 금천구 독산로 74 (시흥동),태양,126.906327345277,37.4538695348459,노래방
8405,서울특별시 금천구 시흥대로 224  (시흥동),불러라,126.901396188424,37.4539384154465,노래방
8406,서울특별시 금천구 시흥대로149길 23 (독산동),씨티,126.896477423237,37.4755915433587,노래방
8407,"서울특별시 금천구 시흥대로 192 (시흥동,정암산빌딩지하)",까르푸,126.902336027059,37.4510985720341,노래방
8408,서울특별시 금천구 독산로 248 (독산동),탤런트,126.902586072395,37.468918991702,노래방
8409,서울특별시 금천구 가산로 128 (가산동),즐거운,126.89230726454,37.4769962739728,노래방
8410,서울특별시 금천구 독산로85길 37 (독산동),불러봐,126.900840630708,37.4724744580803,노래방
8411,"서울특별시 금천구 독산로64길 13 (독산동,지하)",파티파티,126.903295117565,37.4651135241412,노래방
8412,"서울특별시 금천구 독산로 201 (독산동,지하)",어머나,126.902442919096,37.4647751246974,노래방
8413,서울특별시 금천구 벚꽃로38길 5 (가산동),올레,126.883328254464,37.4819182492886,노래방
8414,서울특별시 금천구 시흥대로 339 (독산동),만남,126.897082476929,37.4638865055811,노래방
8415,서울특별시 금천구 시흥대로50길 18 (시흥동),뉴OK,126.903108843306,37.4513510413305,노래방
8416,"서울특별시 금천구 독산로75길 9, 지하1층 (독산동)",애플노래연습장,126.901754156676,37.4688587461649,노래방
8417,"서울특별시 금천구 벚꽃로40길 3, 지하1층 (가산동)",땡벌,126.883141195287,37.4821707972764,노래방
8418,서울특별시 금천구 독산로75길 20 (독산동),팝 노래연습장,126.901369585981,37.4691165653138,노래방
8419,"서울특별시 금천구 벚꽃로 298, 지1층 비101호 (가산동, 대륭포스트타워6차)",오페라,126.883871693415,37.4814401689835,노래방
8420,"서울특별시 금천구 시흥대로 163, 지하1층 (시흥동)",엠엔스타,126.902474031868,37.4484774576417,노래방
8421,"서울특별시 금천구 가산로 147-7, 지하1층 (가산동)",빵빵노래연습장,126.89040927998,37.4780157325976,노래방
8422,서울특별시 금천구 독산로85길 16 (독산동),네박자,126.902234890915,37.4725320231091,노래방
8423,서울특별시 금천구 독산로50길 101 (시흥동),대박노래연습장,126.909994933587,37.4624738981221,노래방
8424,서울특별시 금천구 독산로 266 (독산동),유행가,126.90302640621,37.4703816037051,노래방
8425,서울특별시 금천구 시흥대로122길 22 (독산동),팡팡,126.899403481095,37.4692460049257,노래방
8426,서울특별시 금천구 독산로 284 (독산동),싸이 노래연습장,126.903355228717,37.4720694651831,노래방
8427,"서울특별시 금천구 독산로 288 (독산동,지하1층)",붕붕,126.90343659908,37.4724394864261,노래방
8428,"서울특별시 금천구 가산로 49-16 (독산동,지하1층)",하하,126.896689675122,37.4708722396168,노래방
8429,"서울특별시 금천구 벚꽃로38길 21, 지하1층 (가산동)",행운,126.884252042172,37.4822401871755,노래방
8430,"서울특별시 금천구 독산로64길 5, 지하1층 (독산동)",현대,126.902923385445,37.464990051129,노래방
8431,서울특별시 금천구 금하로24길 16 (시흥동),샛별,126.908375577589,37.4502812338472,노래방
8432,서울특별시 금천구 가산로 85 (독산동),스타,126.894556374788,37.4736193366473,노래방
8433,서울특별시 금천구 독산로 139 (시흥동),라이브,126.90475879797,37.4597057603662,노래방
8434,서울특별시 금천구 시흥대로76길 9  (독산동),팡팡,126.899966019999,37.4581895419666,노래방
8435,"서울특별시 금천구 독산로 254 (독산동,지하1층)",차차차,126.90268854743,37.4693972424082,노래방
8436,서울특별시 금천구 시흥대로 409 (독산동),21세기,126.897654997064,37.4701906544809,노래방
8437,서울특별시 금천구 금하로 642 (시흥동),앵콜,126.902254532875,37.4543195360739,노래방
8438,서울특별시 금천구 시흥대로 473 (독산동),호수,126.898090103796,37.4759374011815,노래방
8439,서울특별시 금천구 시흥대로62길 9 (시흥동),한강공일오비(015B),126.901097127692,37.4553187873265,노래방
8440,서울특별시 금천구 독산로 54 (시흥동),꿈,126.906219541282,37.451954796711,노래방
8441,서울특별시 금천구 시흥대로 337 (독산동),스타삘 노래연습장,126.897073074331,37.4636542166832,노래방
8442,서울특별시 금천구 두산로13길 42 (독산동),산울림,126.895078135899,37.4720568192559,노래방
8443,"서울특별시 금천구 금하로25길 1, 지하1층 (시흥동)",써니,126.908832540484,37.4512689176534,노래방
8444,서울특별시 금천구 시흥대로50길 11 (시흥동),히트,126.902840755828,37.4515357091534,노래방
8445,"서울특별시 금천구 벚꽃로 310 (가산동, 지하)",한가족,126.882998838244,37.4821054233863,노래방
8446,서울특별시 금천구 가산로3길 105 (독산동),중앙,126.889641373557,37.471960233949,노래방
8447,서울특별시 금천구 가산로3길 51 (독산동),둘리,126.892655379439,37.4721613227371,노래방
8448,서울특별시 금천구 독산로 318 (독산동),얼씨구,126.903630338895,37.4751000562346,노래방
8449,서울특별시 금천구 가산로 147  (가산동),죠이,126.890452959941,37.4783754559067,노래방
8450,서울특별시 금천구 시흥대로138길 33 (독산동),스타,126.90057988637,37.4728577088165,노래방
8451,서울특별시 금천구 시흥대로64길 14 (시흥동),미주,126.901141041843,37.4558731269967,노래방
8452,서울특별시 금천구 시흥대로 274 (독산동),한마음,126.899680142861,37.4581295625294,노래방
8453,서울특별시 금천구 시흥대로 94-1 (시흥동),파티파티,126.903974095507,37.4425096475531,노래방
8454,"서울특별시 금천구 가산로3길 33, 지하층 101호 (독산동)",웰빙,126.893678104223,37.4720935003383,노래방
8455,서울특별시 금천구 시흥대로138길 19  (독산동),한마음,126.899758412191,37.4728198931759,노래방
8456,"서울특별시 금천구 가산로 142 (가산동,(지하1층))",아방궁 노래연습장,126.891338804572,37.4780332597461,노래방
8457,서울특별시 금천구 독산로 352 (독산동),핑크,126.90395033831,37.4781432957275,노래방
8458,"서울특별시 금천구 가산로 145-1, 2층 (가산동)",쿨 노래연습장,126.890685888247,37.4781989837655,노래방
8459,"서울특별시 금천구 독산로 53 (시흥동,2층)",럭셔리 노래연습장,126.905826965358,37.452008365135,노래방
8460,"서울특별시 금천구 금하로29길 6 (시흥동,2층)",싸이 노래연습장,126.912565316276,37.4503285573311,노래방
8461,"서울특별시 금천구 가산로3길 13 (독산동,2층)",다모아 노래연습장,126.894863040995,37.4721936716882,노래방
8462,서울특별시 금천구 시흥대로62길 13 (시흥동),피앙새,126.901372406209,37.4553520845413,노래방
8463,서울특별시 금천구 시흥대로141길 71 (독산동),월드,126.897613411359,37.4760640314096,노래방
8464,"서울특별시 금천구 독산로85길 35, 202호 (독산동)",신나는 노래연습장,126.901154564678,37.472474901311,노래방
8465,"서울특별시 금천구 독산로85길 21, 지하1층 (독산동)",헤라동전노래연습장,126.901918666487,37.4723809319768,노래방
8466,서울특별시 금천구 독산로 349 (독산동),와와,126.90353415477,37.4779845592707,노래방
8467,"서울특별시 금천구 독산로75길 15 (독산동,지하1층)",브아이피(VIP) 노래연습장,126.901492066524,37.4689024071813,노래방
8468,"서울특별시 금천구 금하로 635, 지하1층 (시흥동)",스타코인노래연습장,126.901852743154,37.4549256747411,노래방
8469,"서울특별시 금천구 가산로 144, 지하1층 (가산동)",오거리 노래연습장,126.891170691088,37.4781881686801,노래방
8470,"서울특별시 금천구 시흥대로123길 17, 지하호 (독산동, 현대빌딩)",오디션노래연습장,126.896877599044,37.4703479257093,노래방
8471,서울특별시 금천구 독산로84길 9 (독산동),뚱딴지,126.903769832865,37.4723761469704,노래방
8472,"서울특별시 금천구 시흥대로52길 65, 2층 (시흥동)",코인스타 동전 노래연습장,126.901518940632,37.4541876478374,노래방
8473,"서울특별시 금천구 독산로64길 2 (독산동,지하)",정훈,126.903025507284,37.4646891071479,노래방
8474,서울특별시 금천구 독산로 348 (독산동),세기,126.903901719085,37.4778822338426,노래방
8475,서울특별시 금천구 가산로 71 (독산동),디엠헨68,126.895160806982,37.4725994808323,노래방
8476,서울특별시 금천구 독산로 289 (독산동),올인,126.90301850154,37.4725624922826,노래방
8477,서울특별시 금천구 독산로 247 (독산동),텐시,126.902087352565,37.4689866959124,노래방
8478,서울특별시 금천구 가산로3길 87 (독산동),뮤직,126.890690921943,37.472181326248,노래방
8479,서울특별시 금천구 금하로28길 4  (시흥동),엘리제,126.912186020608,37.4498606501257,노래방
8480,서울특별시 금천구 은행나무로 47 (시흥동),우정,126.907639018936,37.4510506665532,노래방
8481,서울특별시 금천구 시흥대로41길 3  (시흥동),짱,126.902665362334,37.4476042627615,노래방
8482,"서울특별시 금천구 벚꽃로 308, 2층 (가산동)",엠넷,126.883088116031,37.4819870291587,노래방
8483,서울특별시 금천구 시흥대로 196 (시흥동),플러스코인 노래연습장,126.902238323181,37.4514037545389,노래방
8484,"서울특별시 금천구 범안로 1256 (독산동,지하)",FM,126.901540911606,37.466308528102,노래방
8485,서울특별시 금천구 시흥대로 471-1 (독산동),노노,126.898197650111,37.4757466600885,노래방
8486,서울특별시 금천구 시흥대로28길 15 (시흥동),엔젤,126.904621332671,37.4424552998283,노래방
8487,서울특별시 금천구 남부순환로108길 26 (가산동),목화,126.891893613403,37.4779264584855,노래방
8488,서울특별시 금천구 시흥대로153길 89 (가산동),부영,126.893791551573,37.4761250800663,노래방
8489,서울특별시 금천구 금하로23길 4 (시흥동),카멜,126.908798868928,37.4513560196577,노래방
8490,서울특별시 금천구 가산로 126 (가산동),"1,2,3",126.892390322926,37.4767855134829,노래방
8491,서울특별시 금천구 독산로 281-2 (독산동),천지,126.902957096458,37.4719657930287,노래방
8492,서울특별시 금천구 금하로14길 6 (시흥동),테마,126.903806273048,37.4532877980485,노래방
8493,서울특별시 금천구 남부순환로112길 31 (가산동),팡팡,126.894263565627,37.477398088901,노래방
8494,"서울특별시 금천구 탑골로 1 (시흥동,지하1층)",한마음토마토,126.90979321087,37.4508650998223,노래방
8495,서울특별시 금천구 범안로 1206 (독산동),쟁반,126.895771930858,37.466341152711,노래방
8496,서울특별시 금천구 독산로 268-1 (독산동),황제,126.903100115255,37.4706414254406,노래방
8497,"서울특별시 금천구 범안로 1138 (가산동,고려테크온 4층)",금천골,126.888393904496,37.4657958806101,노래방
8498,서울특별시 금천구 디지털로12길 29-5 (가산동),주부열창,126.889996301501,37.4776187246391,노래방
8499,"서울특별시 금천구 벚꽃로 316, 씨엔에스타워 B01호 (가산동)",777노래연습장,126.882846933196,37.4827244457815,노래방
8500,"서울특별시 금천구 독산로 216 (독산동,지하)",해피,126.902064168328,37.4661351579108,노래방
8501,서울특별시 금천구 금하로 633 (시흥동),K-POP코인노래연습장,126.901552759864,37.4549438058901,노래방
8502,서울특별시 금천구 시흥대로 406 (독산동),OZ코인노래연습장,126.898493915166,37.4696788834165,노래방
8503,"서울특별시 금천구 독산로 181, 2층 (독산동)",텐코인 코인노래연습장,126.90342122126,37.4633914343583,노래방
8504,서울특별시 금천구 가산로 149  (가산동),25시,126.890369530966,37.4785253965237,노래방
8505,"서울특별시 영등포구 대림로29길 33 (대림동, 지하1층)",대동강 노래연습장,126.896239135631,37.4943753696551,노래방
8506,"서울특별시 영등포구 디지털로 350 (대림동, 지하1층 B01호(대림동, 해피웰즈빌))",대림(大林)노래연습장,126.899539787096,37.4887727873273,노래방
8507,"서울특별시 영등포구 신길로 39, A동 2층 (대림동)",썬프라자 노래연습장,126.907785020768,37.4959665730744,노래방
8508,"서울특별시 영등포구 도림로39길 11-12, 지하1층 (대림동)",야상해 노래연습장,126.897079510786,37.4945718934964,노래방
8509,"서울특별시 영등포구 도신로 145, 2층 (도림동)",월드노래연습장,126.907662951521,37.5096920333963,노래방
8510,"서울특별시 영등포구 도림로41길 15 (대림동, 지하1층 우측)",수정노래연습장,126.897639795044,37.4952596680574,노래방
8511,"서울특별시 영등포구 가마산로 587, 지1층 (신길동)",또땡기네 노래연습장,126.921585763188,37.5044800527043,노래방
8512,"서울특별시 영등포구 도림로139길 8 (문래동2가, 영일빌딩)",너랑나랑 노래연습장,126.893044124348,37.5142869844802,노래방
8513,"서울특별시 영등포구 대림로29길 8, 지하1층 (대림동)",마카오 노래연습장,126.898534761089,37.4958213166159,노래방
8514,"서울특별시 영등포구 도림로 128-1, 지하1층 (대림동)",황궁노래연습장,126.896733731741,37.492583430314,노래방
8515,"서울특별시 영등포구 도림로38길 6-1, 지하1층 (대림동)",오페라노래연습장,126.89736650738,37.4924262154184,노래방
8516,"서울특별시 영등포구 도림로39길 11-8, 지1층 좌측호 (대림동)",라스베가스 노래연습장,126.897173397027,37.4943860074911,노래방
8517,"서울특별시 영등포구 도림로39길 17, 지하층 (대림동)",선녀노래연습장,126.897602883611,37.4943826864033,노래방
8518,"서울특별시 영등포구 당산로30길 11, 지1층 (당산동3가)",우끼는 노래연습장,126.89795066821,37.5255762942602,노래방
8519,"서울특별시 영등포구 선유로 83, 지하1층 (양평동1가)",삼차노래연습장,126.889582812269,37.5213488340703,노래방
8520,"서울특별시 영등포구 당산로28길 4, 지하1층 (당산동3가, 송암빌딩)",OK노래연습장,126.896964887809,37.5246580382356,노래방
8521,서울특별시 영등포구 가마산로89길 3-1 (신길동),드림 노래연습장,126.921411615939,37.5047835757267,노래방
8522,서울특별시 영등포구 도신로60길 6  (신길동),은하수 노래연습장,126.916963493272,37.5114432818117,노래방
8523,서울특별시 영등포구 도림로 136 (대림동),차이나노래연습장,126.897423264149,37.4930111983658,노래방
8524,"서울특별시 영등포구 당산로32길 5, 지하1층 (당산동3가)",서편제노래연습장,126.897473959605,37.5264757118622,노래방
8525,서울특별시 영등포구 당산로31길 18 (당산동3가),한마음노래연습장,126.894775798829,37.5268937461354,노래방
8526,"서울특별시 영등포구 당산로30길 8 (당산동3가,지하1층)",빙고노래연습장,126.897402662467,37.5254204867615,노래방
8527,"서울특별시 영등포구 도신로 94 (신길동,지하1층)",필노래연습장,126.902732502848,37.507084984211,노래방
8528,"서울특별시 영등포구 도신로 208 (신길동,지하1층)",오빠야노래연습장,126.914471892191,37.5113180664152,노래방
8529,"서울특별시 영등포구 도림로 479 (문래동4가,지하1층)",파티파티노래연습장,126.8903033109,37.5163083946927,노래방
8530,"서울특별시 영등포구 양평로 126 (양평동5가,지하1층)",애플노래연습장,126.893922350178,37.5382334285342,노래방
8531,"서울특별시 영등포구 신길로 81 (신길동,지하1층)",어머나노래연습장,126.908495409419,37.4998606433022,노래방
8532,"서울특별시 영등포구 당산로38길 10, 지하1층 (당산동4가)",럭키노래연습장,126.899142461336,37.5287783965301,노래방
8533,서울특별시 영등포구 당산로20길 20 (당산동1가),샛별노래연습장,126.898400081964,37.5231899273528,노래방
8534,"서울특별시 영등포구 영신로 37-3 (영등포동, 지하)",해바라기 노래연습장,126.907569911454,37.5143335727474,노래방
8535,"서울특별시 영등포구 버드나루로7길 7, 카보드동우빌딩 303호 (영등포동2가)",멋쟁이,126.909993627521,37.522835236452,노래방
8536,"서울특별시 영등포구 영등포로 225, 지1층 (영등포동5가)",킹,126.906654670129,37.5199200639101,노래방
8537,"서울특별시 영등포구 신길로 250, 2층 (영등포동)",팡파레노래연습장,126.911518667593,37.5139132151284,노래방
8538,"서울특별시 영등포구 영등포로 196, 지1층 (영등포동4가)",뮤지컬노래연습장,126.903193087442,37.5200143154253,노래방
8539,"서울특별시 영등포구 당산로45길 13, 지하1층 (당산동5가)",젬노래연습장,126.900652351704,37.5341391003344,노래방
8540,"서울특별시 영등포구 영신로9나길 17, 윤석빌딩 지층 (영등포동)",뮤직박스코인노래연습장,126.905678307426,37.5136505581906,노래방
8541,"서울특별시 영등포구 영중로4길 18, 지상2,3층 (영등포동3가)",락휴코인노래연습장 영등포점,126.908410779605,37.5173883589833,노래방
8542,"서울특별시 영등포구 영등포로 378, 지하1층 (신길동)",아이러브코인노래연습장,126.920011072355,37.5136427533954,노래방
8543,"서울특별시 영등포구 도림로139길 2, 대철빌딩 지하 1층 (문래동2가)",세븐틴코인노래연습장 문래역점,126.89353497659,37.514640711406,노래방
8544,"서울특별시 영등포구 영중로4길 3-1, 2층 (영등포동3가)",슈퍼스타코인노래연습장 영등포점1,126.906769736253,37.5173554498542,노래방
8545,"서울특별시 영등포구 영중로4길 3-1, 3층 (영등포동3가)",슈퍼스타코인노래연습장 영등포점2,126.906769736253,37.5173554498542,노래방
8546,"서울특별시 영등포구 영중로4길 3-1, 4층 (영등포동3가)",슈퍼스타코인노래연습장 영등포점3,126.906769736253,37.5173554498542,노래방
8547,"서울특별시 영등포구 여의대방로 379, 제일빌딩 304호 (여의도동)",민트박스(MINT BOX) 코인노래연습장,126.930928156399,37.5191340498827,노래방
8548,"서울특별시 영등포구 신길로 225, 2층 (도림동)",삼거리 노래연습장,126.909868370981,37.5123252996272,노래방
8549,"서울특별시 영등포구 선유로 54, 2층 (문래동3가)",헬로코인노래연습장,126.88939924229,37.5188017081123,노래방
8550,"서울특별시 영등포구 디지털로 386, 제중빌딩 지하1층 (대림동)",장백산노래연습장,126.902285806629,37.4913383660679,노래방
8551,"서울특별시 영등포구 디지털로 362, 지하1층 (대림동)",로망노래연습장,126.900383350271,37.4895932381623,노래방
8552,"서울특별시 영등포구 도림로 135, 지하1층 (대림동)",키스노래연습장,126.896859600774,37.4932319948827,노래방
8553,"서울특별시 영등포구 영중로 12, 에쉐르아이 시네마 쇼핑몰 15층 1501호 (영등포동3가)",하늘공원노래연습장,126.906506980596,37.5176176142762,노래방
8554,"서울특별시 영등포구 영등포로 363, HY빌딩 4층 (신길동)",세븐스타 코인노래연습장 신길점,126.918791878844,37.514562837386,노래방
8555,"서울특별시 영등포구 국제금융로 70, 미원빌딩 제지하층17,18호 (여의도동)",판타스틱코인노래연습장 여의도점,126.930677790628,37.5214946207638,노래방
8556,"서울특별시 영등포구 여의대방로 383, 경도빌딩 지하층 1-1호 (여의도동)",세븐틴코인노래연습장 여의도점,126.931504190261,37.5193436883433,노래방
8557,"서울특별시 영등포구 디지털로 343, 지하1층 (대림동)",나비노래연습장,126.898911464968,37.4887560332513,노래방
8558,"서울특별시 영등포구 도림로 207, 백조빌딩 지층 (대림동)",무조건노래연습장,126.903327164447,37.4972760457629,노래방
8559,"서울특별시 영등포구 디지털로 343, B02호 (대림동)",888노래연습장,126.898911464968,37.4887560332513,노래방
8560,"서울특별시 영등포구 도림로 140, 대림빌딩 샹그릴라 노래연습장 3층 (대림동)",샹그릴라KTV노래연습장,126.897628371815,37.4930241705718,노래방
8561,"서울특별시 영등포구 디지털로 387, 국제빌딩 지하1층 우측호 (대림동)",타타타노래연습장,126.902185445265,37.49164642744,노래방
8562,"서울특별시 영등포구 영중로2길 1, 지하1층 (영등포동3가)",싱어삘3 코인노래연습장,126.906811269539,37.5168847084598,노래방
8563,서울특별시 영등포구 대림로27길 5-1 (대림동),차차차 노래연습장,126.899057705328,37.4949460764186,노래방
8564,"서울특별시 영등포구 영중로 15, 타임스퀘어 4층 (영등포동4가)",ACTION 코인노래연습장,126.903715993779,37.5172332566615,노래방
8565,"서울특별시 영등포구 양평로14길 4, 1동 지하1층 (당산동6가)",K팝노래연습장,126.899312647851,37.5356538989303,노래방
8566,"서울특별시 영등포구 대방천로 233, 지하1층 (신길동)",은하수노래연습장,126.916901531683,37.4986696888635,노래방
8567,"서울특별시 영등포구 도영로 19, 삼영빌딩 지하1층 (도림동)",준코인노래연습장(신도림점),126.895520926279,37.508520252922,노래방
8568,"서울특별시 영등포구 도림로39길 9, 지하1층 (대림동)",망고노래연습장,126.897032470191,37.4939943973638,노래방
8569,"서울특별시 영등포구 대림로29길 43, 영진빌딩 지하1층 (대림동)",영진노래연습장,126.895406910107,37.493770961335,노래방
8570,"서울특별시 영등포구 도림로38길 5, 3층 (대림동)",용궁노래연습장,126.897450341655,37.4926426199728,노래방
8571,"서울특별시 영등포구 도림로38길 5, 2층 (대림동)",황태자노래연습장,126.897450341655,37.4926426199728,노래방
8572,"서울특별시 영등포구 디지털로 349, 지하1층 (대림동, 현암빌딩)",무지개노래연습장,126.899272688257,37.4890412403315,노래방
8573,"서울특별시 영등포구 대림로29길 35, 지하1층 (대림동)",행복 노래연습장,126.896071702226,37.494265119473,노래방
8574,"서울특별시 영등포구 영등포로5길 32, 지층 (양평동2가)",신모아노래연습장,126.884806112497,37.524598961898,노래방
8575,"서울특별시 영등포구 영신로19길 5-4, 지하1층 (영등포동)",K-POP 코인노래연습장,126.907254696362,37.5141298790394,노래방
8576,"서울특별시 영등포구 영등포로 418-1, 지1층 (신길동)",떴다노래연습장,126.924374784993,37.512599021731,노래방
8577,서울특별시 영등포구 신풍로 46 (신길동),고고고노래연습장,126.911028107793,37.4999038440249,노래방
8578,"서울특별시 영등포구 영등포로35길 6, 지하1층 (영등포동6가, 덕성빌딩)",해피 노래연습장,126.904080320627,37.5206057366575,노래방
8579,"서울특별시 영등포구 당산로30길 6, 2층 (당산동3가)",카펠라 코인노래연습장,126.897211181371,37.5254705060708,노래방
8580,서울특별시 영등포구 도림로38길 6 (대림동),노다지 노래연습장,126.897302564095,37.4925483363862,노래방
8581,"서울특별시 영등포구 당산로32길 1-15, 지하1층 (당산동3가)",코인박스(COINBOX) 동전노래연습장,126.897270391508,37.5271707478396,노래방
8582,"서울특별시 영등포구 도림로31길 22, 지하1층 (대림동, 대영빌딩)",北京노래연습장,126.895174711818,37.4942883838505,노래방
8583,"서울특별시 영등포구 영등포로37길 4, 3층 (영등포동5가, 동남상가아파트)",특실노래연습장,126.905659835007,37.5205974582229,노래방
8584,"서울특별시 영등포구 대림로 83, 광진빌딩 지1층 (대림동)",소시대(小時代) 노래연습장,126.904777548225,37.4895667678952,노래방
8585,"서울특별시 영등포구 도림로 157, 대림빌딩 지1층 (대림동)",프라이빗 노래연습장,126.899021008362,37.4945695144155,노래방
8586,서울특별시 영등포구 도림천로11길 15-7 (대림동),아지트 노래연습장,126.89743334179,37.4920089270474,노래방
8587,"서울특별시 영등포구 도림로39길 19, 지하1층 (대림동)",99 노래연습장,126.897766279194,37.4944704958563,노래방
8588,"서울특별시 영등포구 도림로41길 11-4, B01호 (대림동)",天上人間(천상인간)노래연습장,126.897584484717,37.4949379608008,노래방
8589,"서울특별시 영등포구 도림로 124-5, 2층 (대림동)",1916 KTV 노래연습장,126.896465014401,37.4922050425264,노래방
8590,"서울특별시 영등포구 디지털로37길 30, 지하1층 (대림동)",SBS 노래연습장,126.8980743131,37.4913079577078,노래방
8591,"서울특별시 영등포구 영중로4길 25, 2층 (영등포동3가)",에코인동전노래연습장,126.909075250259,37.5177379209843,노래방
8592,"서울특별시 영등포구 영신로 25 (영등포동, 균영빌딩 지하)",수 노래연습장,126.908272747777,37.5136242198416,노래방
8593,"서울특별시 영등포구 양평로 59, 6층 (당산동5가, 대영빌딩)",COINBOX 동전노래연습장,126.899923178483,37.5346312418462,노래방
8594,"서울특별시 영등포구 디지털로 357, 지하1층 (대림동, YCH)",7호공관 노래연습장,126.899938620704,37.4896854858939,노래방
8595,서울특별시 영등포구 도림로 155 (대림동),신세계 노래연습장,126.898823331787,37.4944095067151,노래방
8596,"서울특별시 영등포구 도림로41길 10, 2층 (대림동)",황룡노래연습장,126.898112616542,37.4949091347525,노래방
8597,"서울특별시 영등포구 도림로41길 11-11, 지하1층 (대림동, 리빙스톤즈)",소평과노래연습장,126.897437638749,37.494572475251,노래방
8598,"서울특별시 영등포구 영등포로 21, 지하1층 106호 (양평동2가)",아라리 노래연습장,126.884063073804,37.5235170324827,노래방
8599,"서울특별시 영등포구 도신로 90, 서울크리닉빌딩 (신길동)",휴가코인노래연습장,126.902458643025,37.5069450125587,노래방
8600,"서울특별시 영등포구 대림로29길 24, 지하1층 (대림동)",QQ노래연습장,126.896876820116,37.4950186159854,노래방
8601,"서울특별시 영등포구 대림로29길 42, 지하1층 (대림동)",신안전지대 노래연습장,126.895391559922,37.4940746770897,노래방
8602,"서울특별시 영등포구 디지털로 354 (대림동, 지하1층)",신동방(新東方)노래연습장,126.899856804712,37.489140126903,노래방
8603,서울특별시 영등포구 도신로 42 (대림동),얼쑤노래연습장,126.897625891757,37.5048641970007,노래방
8604,서울특별시 영등포구 디지털로 362-1 (대림동),홍콩노래연습장,126.900492066041,37.489724696651,노래방
8605,서울특별시 영등포구 도림로41길 8 (대림동),Big마마 노래연습장,126.898183014681,37.4946974589068,노래방
8606,"서울특별시 영등포구 디지털로 392 (대림동,지하1층)",파란 노래연습장,126.902761155076,37.4916195120765,노래방
8607,서울특별시 영등포구 도림로54길 4-1 (대림동),만남노래연습장,126.90214609408,37.4958070637824,노래방
8608,서울특별시 영등포구 대림로 73 (대림동),대지노래연습장,126.905645376519,37.4890381222932,노래방
8609,"서울특별시 영등포구 대림로 157, 4층 (대림동, 일승빌딩)",명품관노래연습장,126.89946162017,37.4948720878104,노래방
8610,서울특별시 영등포구 당산로31길 22 (당산동3가),와와노래연습장,126.894291274137,37.5269655737832,노래방
8611,"서울특별시 영등포구 도림로37길 5, 지1층 (대림동)",정(井)노래연습장,126.89650861909,37.4934657694979,노래방
8612,"서울특별시 영등포구 대림로 86, 2층 (대림동)",킹카 노래연습장,126.904817697542,37.4899168416107,노래방
8613,"서울특별시 영등포구 도림로41길 11-2, 2층 (대림동, 다우빌딩)",K왕 노래연습장,126.897720082744,37.4950115103061,노래방
8614,서울특별시 영등포구 대림로 76 (대림동),사계절노래연습장,126.905765382908,37.4894596192584,노래방
8615,"서울특별시 영등포구 양평로 64, 지하1층 (당산동6가, 한경빌딩)",퍼니퍼니(FUNNY FUNNY) 코인노래연습장,126.899965832636,37.5351397125293,노래방
8616,"서울특별시 영등포구 디지털로 349, 지하1층 (대림동, 현암빌딩)",K7 노래연습장,126.899272688257,37.4890412403315,노래방
8617,서울특별시 영등포구 도림로 193 (대림동),영스타노래연습장,126.902270791679,37.4965268007914,노래방
8618,"서울특별시 영등포구 도신로 222, 지하1층 (신길동)",장윤정노래연습장,126.916006405901,37.5116247881491,노래방
8619,"서울특별시 영등포구 영신로 3, 지하2층 (도림동)",자기야노래연습장,126.9094365948,37.511985831473,노래방
8620,서울특별시 영등포구 도영로 45-1 (도림동),친구노래연습장,126.897799026357,37.5100200755182,노래방
8621,"서울특별시 영등포구 양평로 119-1 (양평동4가,지하1층)",스타노래연습장,126.894153174189,37.537510493104,노래방
8622,"서울특별시 영등포구 신길로 209, 지하1층 (도림동)",쿨(Cool)노래연습장,126.909912029623,37.5107264111059,노래방
8623,서울특별시 영등포구 당산로35길 6-1 (당산동4가),밀크노래연습장,126.897094627104,37.5290353975237,노래방
8624,"서울특별시 영등포구 선유로 40, 중원빌딩 지하층 (문래동3가)",스카이노래연습장,126.889131430811,37.5173904864584,노래방
8625,"서울특별시 영등포구 양평로 113, 지하1층 (양평동4가)",앵콜노래연습장,126.894768844543,37.5372391215258,노래방
8626,"서울특별시 영등포구 도신로 69, 지1층 (도림동)",코코 노래연습장,126.900078687919,37.5063440353853,노래방
8627,서울특별시 영등포구 영중로 95-1 (영등포동7가),고바우노래연습장,126.905087792624,37.5248769411722,노래방
8628,"서울특별시 영등포구 신길로 67, 지하1층 (신길동)",K-POP 코인노래연습장,126.908122989471,37.4987666231463,노래방
8629,"서울특별시 영등포구 대방천로 247, 이화빌딩 지하 1층 (신길동)",337노래연습장,126.918300903497,37.4989571848572,노래방
8630,"서울특별시 영등포구 도림로38길 9, 지하1층 (대림동)",제호노래연습장,126.897759119739,37.4922566259376,노래방
8631,"서울특별시 영등포구 대림로 180, 3층 (대림동)",금상첨화뮤직타운노래연습장,126.899308011933,37.4969256208488,노래방
8632,"서울특별시 영등포구 대림로 180, 3층 (대림동)",금상첨화노래연습장,126.899308011933,37.4969256208488,노래방
8633,"서울특별시 영등포구 대림로 170, 지하1층 (대림동, 세종빌딩)",플레이보이노래연습장,126.899622309781,37.4961392197235,노래방
8634,서울특별시 영등포구 도신로 193 (신길동),아리노래연습장,126.912709997008,37.5114432785065,노래방
8635,"서울특별시 영등포구 도신로 106, 지하1층 (신길동)",빙고 노래연습장,126.903833277307,37.5075495424975,노래방
8636,서울특별시 영등포구 도림로 129 (대림동),어머나노래연습장,126.896550474113,37.4929625938697,노래방
8637,서울특별시 영등포구 당산로32길 12 (당산동3가),무쏘노래연습장,126.89808624901,37.5262024273793,노래방
8638,서울특별시 영등포구 영등포로 363-1 (신길동),첼로노래연습장,126.918914202359,37.5145166999349,노래방
8639,서울특별시 영등포구 영등포로42길 17 (영등포동3가),팡팡노래연습장,126.906749452832,37.5179295530282,노래방
8640,"서울특별시 영등포구 신길로39길 4, 지1층 (신길동)",정원노래연습장,126.910366309143,37.5069983100503,노래방
8641,서울특별시 영등포구 대림로 173 (대림동),니나노래연습장,126.899020902836,37.4963276482223,노래방
8642,서울특별시 영등포구 대림로7길 15 (대림동),꿀단지 노래연습장,126.903487739544,37.4886686782649,노래방
8643,"서울특별시 영등포구 디지털로54길 3, 지하1층 (대림동, 동보빌딩)",동보노래연습장,126.901704902363,37.4904985059027,노래방
8644,서울특별시 영등포구 대림로22길 44-1 (대림동),앵콜노래연습장,126.905124378998,37.4958876104324,노래방
8645,"서울특별시 영등포구 대림로29길 37-2, 2층 (대림동)",아리랑 노래연습장,126.895803028813,37.4940973856804,노래방
8646,"서울특별시 영등포구 도림로 208, 지하1층 (대림동)",축제노래연습장,126.903794692499,37.4970742416285,노래방
8647,서울특별시 영등포구 디지털로 412 (대림동),월드컵 노래연습장,126.904210243978,37.4930300509914,노래방
8648,서울특별시 영등포구 도림로41길 9 (대림동),백두산노래연습장,126.897807913595,37.4947874158895,노래방
8649,서울특별시 영등포구 도림로 140 (대림동),황궁노래연습장,126.897628371815,37.4930241705718,노래방
8650,"서울특별시 영등포구 도신로 85, 지하1층 (도림동)",핑크노래연습장,126.90170635565,37.5070762059535,노래방
8651,서울특별시 영등포구 여의대방로53길 23 (신길동),큐노래연습장,126.921975227536,37.5117985407663,노래방
8652,서울특별시 영등포구 영중로 95 (영등포동7가),나루터노래연습장,126.905043298168,37.5247264380713,노래방
8653,서울특별시 영등포구 당산로 34 (문래동3가),로데오노래연습장,126.896493699106,37.5174631210953,노래방
8654,서울특별시 영등포구 도림로112길 1 (도림동),스타노래방,126.900303381501,37.5087511689671,노래방
8655,"서울특별시 영등포구 영등포로19길 11, 지하1층 (당산동2가)",태양노래연습장,126.892758337318,37.5229502283196,노래방
8656,서울특별시 영등포구 당산로 139 (당산동3가),스타노래연습장,126.896722619276,37.5270843145482,노래방
8657,"서울특별시 영등포구 도림로64길 4 (신길동,(지하1층))",똥쌍피노래연습장,126.904352755053,37.4971729044549,노래방
8658,"서울특별시 영등포구 도림로41길 20, 지층 (대림동)",수 노래연습장,126.897813326221,37.4956286002244,노래방
8659,서울특별시 영등포구 신길로 36 (신길동),골뱅이노래연습장,126.908729270224,37.4957789059089,노래방
8660,"서울특별시 영등포구 가마산로 375, 용진빌딩 2층 (대림동)",골든벨 노래연습장,126.899362882935,37.5021315892158,노래방
8661,"서울특별시 영등포구 대방천로 260, 지하1층 (신길동)",우정 노래연습장,126.91964845225,37.4985425651036,노래방
8662,서울특별시 영등포구 영신로19길 1 (영등포동),퀸노래연습장,126.907525588394,37.5145951895027,노래방
8663,"서울특별시 영등포구 도림로 134, 지하1층 (대림동)",따봉노래연습장,126.897112386799,37.4927807207883,노래방
8664,서울특별시 영등포구 가마산로89길 3 (신길동),만남 노래연습장,126.921360616524,37.504668843827,노래방
8665,"서울특별시 영등포구 도림천로 367, 금창빌딩 지하1층 (대림동)",파티노래연습장,126.896012695274,37.492129140882,노래방
8666,"서울특별시 영등포구 시흥대로 667-1, 지하1층 (대림동)",짱노래연습장,126.908023622042,37.4914521744885,노래방
8667,"서울특별시 영등포구 디지털로 356-1 (대림동, 지하1층)",천지 노래연습장,126.900055777056,37.4893372556113,노래방
8668,서울특별시 영등포구 신길로60길 16 (신길동),신미노래방,126.912264839653,37.513155937446,노래방
8669,서울특별시 영등포구 영등포로80길 12-1 (신길동),대박노래연습장,126.92025032271,37.512558737186,노래방
8670,"서울특별시 영등포구 신길로 71 (신길동,지하1층)",123노래연습장,126.908200841307,37.4990973528659,노래방
8671,"서울특별시 영등포구 도신로 108 (신길동,지하1층)",아미노래연습장,126.904069259395,37.5076845246708,노래방
8672,"서울특별시 영등포구 영등포로 194 (영등포동4가,지하1층)",향노래연습장,126.902954625951,37.5200181742472,노래방
8673,"서울특별시 영등포구 가마산로 358 (대림동,지하1층)",썬시티노래연습장,126.898662178483,37.5005280112151,노래방
8674,"서울특별시 영등포구 신길로 163, 2층 (신길동)",센스노래연습장,126.910807561045,37.5066725704141,노래방
8675,"서울특별시 영등포구 디지털로37길 20, 지하1층 (대림동)",상하이노래연습장,126.898341411466,37.4903815019833,노래방
8676,"서울특별시 영등포구 대림로27길 9-1, 지하1층 (대림동)",별빛노래연습장,126.898745299264,37.4947493896456,노래방
8677,"서울특별시 영등포구 영등포로 384-1, 지층 (신길동)",SBS노래연습장,126.920809996055,37.5134035346014,노래방
8678,"서울특별시 영등포구 버드나루로19길 5, 지하1층 (당산동)",수정노래연습장,126.907392914566,37.5284106979613,노래방
8679,"서울특별시 영등포구 가마산로 455, 2층 (신길동)",코끼리노래연습장,126.906937438579,37.5060070759566,노래방
8680,서울특별시 영등포구 영신로19길 5 (영등포동),F.M 노래연습장,126.907224612845,37.5144007872075,노래방
8681,서울특별시 영등포구 당산로30길 8-1 (당산동3가),당산동노래연습장,126.897619916085,37.5254681580871,노래방
8682,"서울특별시 영등포구 국회대로34길 15-1 (당산동3가,(지하1층))",빅타운노래연습장,126.897475461692,37.5260394481263,노래방
8683,서울특별시 영등포구 도신로 88 (신길동),승지노래연습장,126.902130892298,37.5068482438587,노래방
8684,"서울특별시 영등포구 영등포로 396-1, 지1층 (신길동)",샴푸노래연습장,126.922044287367,37.5131504527664,노래방
8685,"서울특별시 영등포구 선유로 62 (문래동3가,지하1층)",특급 노래연습장,126.889587931305,37.5194102417196,노래방
8686,서울특별시 영등포구 도림로 188-1 (대림동),네박자노래연습장,126.902026776632,37.4959048141873,노래방
8687,서울특별시 영등포구 신풍로 90 (신길동),불러불러노래연습장,126.915974595459,37.499842683595,노래방
8688,서울특별시 영등포구 영등포로33길 9 (영등포동6가),투투노래연습장,126.902504295836,37.5212355084329,노래방
8689,서울특별시 영등포구 도림로 133 (대림동),타조노래연습장,126.896801463629,37.4930780521529,노래방
8690,"서울특별시 영등포구 영신로38길 24, 지하1층 (영등포동6가)",정노래연습장,126.903689122768,37.5206264116716,노래방
8691,"서울특별시 영등포구 도신로 195, 2층 (신길동)",딱이야노래연습장,126.91303193907,37.5115063159663,노래방
8692,"서울특별시 영등포구 양평로 105, 지하층 (양평동4가)",태양 노래연습장,126.89553688698,37.5368272354928,노래방
8693,"서울특별시 영등포구 도신로 121, 지하1층 (도림동)",파티파티노래연습장,126.905175369572,37.5085939006794,노래방
8694,서울특별시 영등포구 디지털로 377 (대림동),OK 노래연습장,126.901429435862,37.4909403105236,노래방
8695,서울특별시 영등포구 영신로19길 16 (영등포동),스타노래연습장,126.906016081367,37.5140800655909,노래방
8696,"서울특별시 영등포구 가마산로 412, 지층 (신길동)",갈채노래연습장,126.902631459592,37.5038102885651,노래방
8697,서울특별시 영등포구 여의대방로 87 (신길동),공원노래연습장,126.916309950292,37.4971678345299,노래방
8698,서울특별시 영등포구 도림로 128 (대림동),코리아노래연습장,126.896595884089,37.4925051023443,노래방
8699,서울특별시 영등포구 영신로9길 1 (영등포동),행운노래연습장,126.908758516668,37.5129130733785,노래방
8700,서울특별시 영등포구 영신로9길 4 (영등포동),코러스노래연습장,126.908467250416,37.5131068341549,노래방
8701,"서울특별시 영등포구 선유로49길 2-1, 지1층 (양평동4가)",KBS노래연습장,126.897151890558,37.5357784472316,노래방
8702,서울특별시 영등포구 도신로 214 (신길동),아유미노래연습장,126.914883159084,37.511407923298,노래방
8703,서울특별시 영등포구 대림로29길 42 (대림동),안전지대노래방,126.895391559922,37.4940746770897,노래방
8704,서울특별시 영등포구 경인로 836-1 (영등포동),영심이노래연습장,126.90583608244,37.5159121128797,노래방
8705,서울특별시 영등포구 양평로 52 (당산동6가),아랴노래연습장,126.900875347752,37.5346558313138,노래방
8706,서울특별시 영등포구 영중로10길 5 (영등포동3가),씨에프노래연습장,126.906063254991,37.5193088953179,노래방
8707,"서울특별시 영등포구 영등포로5길 31, 지1층 (양평동2가)",팡팡노래연습장,126.884538606022,37.5246476250864,노래방
8708,"서울특별시 영등포구 영등포로 103, 지1층 (당산동2가)",하나노래연습장,126.893196256907,37.5220662013046,노래방
8709,"서울특별시 영등포구 디지털로 359-1, 지하1층 (대림동)",777노래연습장,126.90003431829,37.4897426006703,노래방
8710,"서울특별시 영등포구 여의대방로 93, 3층 (신길동)",진 노래연습장,126.916881874796,37.4975290012254,노래방
8711,"서울특별시 영등포구 대림로27길 9, 지하1층 (대림동)",드라마노래연습장,126.898856717333,37.4948090416213,노래방
8712,"서울특별시 영등포구 양평로 93, 지하1층 (양평동4가, 양화빌딩)",파티파티노래연습장,126.896735692122,37.5362295752496,노래방
8713,"서울특별시 영등포구 디지털로37길 8, 지하1층 (대림동)",한중노래연습장,126.898844941491,37.4893702831791,노래방
8714,"서울특별시 영등포구 대림로7길 5, 지하1층 (대림동, 청담빌)",윤회노래연습장,126.904272536098,37.4895858215429,노래방
8715,"서울특별시 영등포구 디지털로 372, 2층 (대림동)",천궁노래연습장,126.901267791695,37.4903835332972,노래방
8716,"서울특별시 영등포구 디지털로37길 29, 201호 (대림동, 대덕빌딩)",명품노래연습장,126.897707090837,37.4913541322857,노래방
8717,"서울특별시 영등포구 도림천로11길 20, 지하1층 (대림동)",천상노래연습장,126.897721774454,37.4916148964394,노래방
8718,"서울특별시 영등포구 양평로 89, 지하1층 (양평동4가)",대박노래연습장,126.8971751262,37.5360780500496,노래방
8719,"서울특별시 영등포구 도림로39길 11-16, 지1층 (대림동)",테라노래연습장,126.897002656096,37.4947069775015,노래방
8720,서울특별시 영등포구 신풍로10길 2-16  (신길동),불새노래연습장,126.910708424825,37.4997913374922,노래방
8721,서울특별시 영등포구 신길로 108 (신길동),대지,126.912436125445,37.502181737466,노래방
8722,서울특별시 영등포구 도신로 234 (신길동),코리아노래연습장,126.917389995654,37.5119777861909,노래방
8723,서울특별시 영등포구 가마산로 352 (대림동),앵무새 노래연습장,126.898156393045,37.4999785033691,노래방
8724,"서울특별시 영등포구 당산로28길 2 (당산동3가,지하)",돌출노래연습장,126.896729557663,37.5247592855213,노래방
8725,서울특별시 영등포구 신풍로 23 (신길동),백악관노래연습장,126.908363715093,37.5003710511097,노래방
8726,"서울특별시 영등포구 대림로 191, 유림빌딩 지하호 (대림동)",오렌지 노래연습장,126.898325249785,37.4977995659931,노래방
8727,"서울특별시 영등포구 당산로 232, 지하1층 (당산동6가)",벤츠노래연습장,126.90256383234,37.5342555704657,노래방
8728,"서울특별시 영등포구 대림로29길 13, B105호 (대림동, 쌍용플래티넘S)",중화(中華)노래연습장,126.898058257377,37.4953006652838,노래방
8729,"서울특별시 영등포구 대림로29길 13, 지하1층 B106호 (대림동, 쌍용플래티넘S)",KBS노래연습장,126.898058257377,37.4953006652838,노래방
8730,"서울특별시 영등포구 대림로7나길 2, 2층 (대림동)",궁노래연습장,126.903767730502,37.489443682977,노래방
8731,"서울특별시 영등포구 신풍로24길 10, 2층 (신길동)",땡기네 노래연습장,126.918426809261,37.4990254780214,노래방
8732,"서울특별시 영등포구 영신로38길 22, 지하1층 (영등포동6가)",팡팡노래연습장,126.903498611227,37.5206390504062,노래방
8733,"서울특별시 영등포구 선유동1로 4, 2층 (당산동2가)",샤방샤방노래연습장,126.89164862983,37.5224525830612,노래방
8734,서울특별시 영등포구 대림로40길 15 (대림동),신나는노래연습장,126.898391311412,37.5019583050815,노래방
8735,"서울특별시 영등포구 영중로10길 25, 2층 (영등포동3가)",수Ⅱ노래연습장,126.908257745371,37.5188573256947,노래방
8736,서울특별시 영등포구 영등포로 231-1 (영등포동5가),대영,126.907273082927,37.5196557463138,노래방
8737,"서울특별시 영등포구 도림로31길 22 (대림동,2층)",궁노래연습장,126.895174711818,37.4942883838505,노래방
8738,"서울특별시 영등포구 도림로 132 (대림동,지하1층)",자기야노래연습장,126.896985908203,37.4927396147597,노래방
8739,"서울특별시 영등포구 대방천로 249, 지1층 (신길동)",금두꺼비노래연습장,126.9186717301,37.4990513255611,노래방
8740,"서울특별시 영등포구 대림로29길 41, 지하1층 (대림동)",홍콩노래연습장,126.895547224791,37.4939461510739,노래방
8741,"서울특별시 영등포구 선유로49길 29  (양평동4가,지하1층)",궁노래연습장,126.894470464171,37.5368482717367,노래방
8742,"서울특별시 영등포구 대림로 94 (대림동,지하1층)",딱이야 노래연습장,126.904257302344,37.4903586932861,노래방
8743,"서울특별시 영등포구 영등포로 219, 지1층 (영등포동5가)",상아,126.905749544283,37.5201441452888,노래방
8744,"서울특별시 영등포구 가마산로 399, 지1층 (신길동)",앤노래연습장,126.901213750817,37.5035974653745,노래방
8745,서울특별시 영등포구 대림로 188 (대림동),나인 노래연습장,126.89903201415,37.497733948218,노래방
8746,"서울특별시 영등포구 도신로4길 13, 지하1층 (대림동)",현대노래연습장,126.896069502985,37.5023798478281,노래방
8747,"서울특별시 영등포구 대림로 88 (대림동,2층)",친구 노래연습장,126.904554178297,37.4901385471167,노래방
8748,"서울특별시 영등포구 대림로 88 (대림동,2층)",북경 노래연습장,126.904554178297,37.4901385471167,노래방
8749,"서울특별시 영등포구 대방천로 256-1, 지1층 (신길동)",소리쳐노래연습장,126.919274631859,37.4986043895713,노래방
8750,"서울특별시 영등포구 대림로29길 29, 지하1층 (대림동)",한강 노래연습장,126.896638513522,37.4945572725796,노래방
8751,"서울특별시 영등포구 신길로39길 6 (신길동,지하1층)",쥬라기노래연습장,126.910203552468,37.5070029617632,노래방
8752,서울특별시 영등포구 가마산로 437-2 (신길동),시티노래연습장,126.905166581782,37.5053482042589,노래방
8753,"서울특별시 영등포구 영등포로 382 (신길동,(2층))",정다운노래연습장,126.920351286997,37.5135558562281,노래방
8754,서울특별시 영등포구 여의대방로53길 28 (신길동),천궁 노래연습장,126.921720367776,37.5121510251372,노래방
8755,서울특별시 영등포구 대림로 167 (대림동),뮤지컬노래연습장,126.899219751579,37.4957877548093,노래방
8756,서울특별시 영등포구 도신로 191 (신길동),차차차노래연습장,126.912313487319,37.5114065842574,노래방
8757,"서울특별시 영등포구 대림로29길 27, 지하1층 (대림동)",사랑노래연습장,126.896731937478,37.4947079124777,노래방
8758,"서울특별시 영등포구 대림로29길 19 (대림동, 지층)",하와이 노래연습장,126.897380928039,37.4951099665035,노래방
8759,"서울특별시 영등포구 도림로38길 8, 지하1층 (대림동)",老百姓(로백성)노래연습장,126.897454809245,37.4922696970942,노래방
8760,"서울특별시 영등포구 영중로 62 (영등포동5가, 지하1층)",나가수노래연습장,126.90529784102,37.5217672104585,노래방
8761,"서울특별시 영등포구 대림로29길 12, 지하1층 (대림동)",美 노래연습장,126.898009557424,37.4956880560201,노래방
8762,"서울특별시 영등포구 대림로29길 34-1, 지하1층 (대림동)",천지노래연습장,126.896053739702,37.4944973831705,노래방
8763,서울특별시 영등포구 도신로29길 1 (도림동),비엔나노래연습장,126.905230992952,37.5087016153541,노래방
8764,"서울특별시 영등포구 도신로64길 9 (신길동,지하)",별 노래연습장,126.91830246398,37.5124701888172,노래방
8765,서울특별시 영등포구 대림로27길 11 (대림동),OK노래연습장,126.898630290166,37.4946694618353,노래방
8766,"서울특별시 영등포구 가마산로 366-1, 지하1층 (대림동)",요기요 노래연습장,126.899534303493,37.5010553038325,노래방
8767,서울특별시 영등포구 대림로 87 (대림동),MC노래연습장,126.904460640887,37.4898027561811,노래방
8768,"서울특별시 영등포구 당산로47길 8 (당산동6가,당일빌딩 지하1층)",용가리노래연습장,126.901987599522,37.5348639897675,노래방
8769,서울특별시 영등포구 대림로34나길 17 (대림동),신세계노래연습장,126.89869063424,37.4999739171047,노래방
8770,서울특별시 영등포구 영신로9라길 16 (영등포동),얼짱노래연습장,126.905397596488,37.5133591292895,노래방
8771,"서울특별시 영등포구 영등포로36길 3 (영등포동4가,지하1층)",파티파티노래연습장,126.903876093078,37.5197588082779,노래방
8772,"서울특별시 영등포구 신풍로 92 (신길동,지하1층)",따봉노래연습장,126.91635731063,37.4998240340683,노래방
8773,"서울특별시 영등포구 당산로32길 13 (당산동3가,3층)",씽쿠스노래연습장,126.898421367119,37.5263474169613,노래방
8774,서울특별시 영등포구 영신로43길 11 (당산동1가),질러노래연습장,126.900053184874,37.5221621229099,노래방
8775,"서울특별시 영등포구 당산로32길 8-2 (당산동3가,2층)",우리노래연습장,126.897636235074,37.5262751995397,노래방
8776,"서울특별시 영등포구 도신로 228 (신길동,지하1층)",황금노래연습장,126.916496155038,37.5117305528664,노래방
8777,"서울특별시 영등포구 도림로38길 1-1 (대림동,지하1층)",구구아리랑 노래연습장,126.897466502035,37.4928979793418,노래방
8778,서울특별시 영등포구 영신로15길 3 (영등포동),신세계 노래연습장,126.907845881714,37.5139827573553,노래방
8779,"서울특별시 영등포구 영등포로84길 7, 지하1층 (신길동)",스타노래연습장,126.922177582742,37.512555247358,노래방
8780,"서울특별시 영등포구 양평로 67 (당산동5가,B105(지하1층))",쥬크노래연습장,126.899311690856,37.5349350800223,노래방
8781,서울특별시 영등포구 영중로 50 (영등포동5가),현노래방,126.905314037171,37.5206774608478,노래방
8782,"서울특별시 영등포구 국회대로34길 18, 지하1층 (당산동3가)",발리노래연습장,126.897156086579,37.525966009106,노래방
8783,"서울특별시 영등포구 당산로32길 7, 2층 (당산동3가)",앙코르노래연습장,126.897833460536,37.5264108809746,노래방
8784,"서울특별시 영등포구 여의대방로67길 18 (여의도동,스타빌딩 4층)",스타노래연습장,126.930363683538,37.5203638577335,노래방
8785,"서울특별시 영등포구 영신로19길 18 (영등포동,(지하1층))",칸노래연습장,126.905776763166,37.5139707633835,노래방
8786,서울특별시 영등포구 영등포로 199 (영등포동6가),드림노래연습장,126.903768511113,37.5203796016522,노래방
8787,"서울특별시 영등포구 디지털로 387 (대림동, (지하1층,좌측)",신타타노래연습장,126.902185445265,37.49164642744,노래방
8788,"서울특별시 영등포구 디지털로 361 (대림동, 지하1층)",친구친구 노래연습장,126.900148041069,37.4898499167124,노래방
8789,"서울특별시 영등포구 도림로39길 21, 지하1층 (대림동)",황금노래연습장,126.897941380436,37.4945988604913,노래방
8790,"서울특별시 영등포구 양평로 90 (양평동4가,(지하1층))",행운노래연습장,126.897332588157,37.5364333613287,노래방
8791,서울특별시 영등포구 국회대로34길 9 (당산동3가),짱노래연습장,126.897507044481,37.526603772919,노래방
8792,"서울특별시 영등포구 도신로 99 (도림동, 2층)",즐거운노래연습장,126.903137420061,37.507683584032,노래방
8793,"서울특별시 영등포구 영중로10길 10-1 (영등포동3가,(2층))",럭셔리 가 노래연습장,126.906494827049,37.519017583135,노래방
8794,"서울특별시 영등포구 대림로 202 (대림동,지하1층)",띠풀이노래연습장,126.898531196757,37.4987064254264,노래방
8795,"서울특별시 영등포구 대림로29길 22 (대림동,지하1층)",발리노래연습장,126.897062767595,37.4951538390271,노래방
8796,서울특별시 영등포구 신길로 169  (신길동),달빛노래방,126.910739722296,37.5072248351007,노래방
8797,"서울특별시 영등포구 영중로 64 (영등포동5가,지하)",SBS노래연습장,126.905304308899,37.5219304772908,노래방
8798,"서울특별시 영등포구 신길로38길 11, 지층 (신길동)",유희노래연습장,126.912379998325,37.5059842082047,노래방
8799,"서울특별시 영등포구 도림로33길 5, 지하1층 (대림동)",형제노래연습장,126.89605344341,37.4929161161512,노래방
8800,"서울특별시 영등포구 디지털로 372, 2층 (대림동)",신천궁노래연습장,126.901267791695,37.4903835332972,노래방
8801,"서울특별시 영등포구 영중로4길 16, 1층 (영등포동3가)",지투존 코인노래연습장,126.90805593128,37.5172994245774,노래방
8802,"서울특별시 영등포구 대림로23길 29, 해성빌딩 (대림동)",수노래연습장,126.897785301832,37.4924607266604,노래방
8803,"서울특별시 영등포구 신풍로 16, 2층 (신길동)",조쿠먼 노래연습장,126.907606604216,37.4999814971852,노래방
8804,"서울특별시 영등포구 당산로30길 5, 지하1층 (당산동3가)",아이러브코인노래연습장 영등포구청점,126.897338858482,37.5256680266244,노래방
8805,"서울특별시 영등포구 영등포로 33, 목동비즈타워 204호 (양평동2가)",판타스틱코인노래연습장 서울양평역점,126.885222271529,37.5232920131718,노래방
8806,서울특별시 동작구 국사봉1길 4 (상도동),가수코인 노래연습장,126.928852981582,37.4987738088069,노래방
8807,서울특별시 동작구 만양로 110 (노량진동),노래야노래야 코인노래연습장(노량진점),126.944437777194,37.5131913106977,노래방
8808,"서울특별시 동작구 양녕로 262, 3층 (상도1동)",로로코인노래연습장,126.948287124424,37.5031837065081,노래방
8809,서울특별시 동작구 만양로 89-1 (노량진동),팍스코인노래연습장,126.944194837851,37.5114935241946,노래방
8810,"서울특별시 동작구 노량진로16길 14, 지층 (노량진동)",에너지코인노래연습장,126.943619710576,37.5129685552608,노래방
8811,"서울특별시 동작구 노들로2길 7, 노량진 드림스퀘어 복합빌딩 A동 지하1층 2호 (노량진동)",별 노래연습장,126.938586139882,37.5141942939247,노래방
8812,"서울특별시 동작구 만양로18길 11, 지층 (노량진동)",동네스타 코인노래연습장,126.945062465672,37.5132122358874,노래방
8813,"서울특별시 동작구 흑석로 94, 지층 (흑석동)",블라블라 코인노래연습장,126.959980376481,37.5072688094279,노래방
8814,"서울특별시 동작구 흑석로 75-4, 지하1층 (흑석동)",제이 노래연습장,126.958040530875,37.5069675610384,노래방
8815,"서울특별시 동작구 만양로14가길 22, 휘소항쉬법빌딩 지층 (노량진동)",리코퀸 코인노래연습장,126.945120731775,37.5125742620077,노래방
8816,"서울특별시 동작구 동작대로29길 18, 삼성상가 지하1층 (사당동)",킹노래연습장,126.980996931051,37.4881647040882,노래방
8817,"서울특별시 동작구 여의대방로22길 80, 지하1층 (신대방동)",판타스틱 코인노래연습장 신대방점,126.924490881768,37.4977293578132,노래방
8818,서울특별시 동작구 국사봉1길 7 (대방동),보가2코인노래연습장,126.928944136335,37.4990061430466,노래방
8819,"서울특별시 동작구 국사봉1길 12, 진선빌딩 (상도동)",보가코인 노래연습장,126.929236790898,37.4987849415093,노래방
8820,"서울특별시 동작구 만양로 108, 지층 (노량진동)",RICOSTAR코인노래연습장 노량진점,126.944433457305,37.5130680513174,노래방
8821,"서울특별시 동작구 동작대로27가길 23, 이오빌딩 (사당동)",골든싱어(Golden Singer) 코인노래연습장,126.981350232461,37.486537990357,노래방
8822,서울특별시 동작구 상도로 370 (상도동),SBS 노래연습장,126.953749557299,37.4957103235862,노래방
8823,"서울특별시 동작구 상도로 129, 남광빌딩 (상도동)",조은노래연습장,126.934097934607,37.5020554314725,노래방
8824,서울특별시 동작구 상도로 101  (상도동),5030 노래연습장,126.931561556124,37.5004977721076,노래방
8825,"서울특별시 동작구 양녕로27길 6 (상도동,지층)",베토벤노래연습장,126.943473816708,37.498845951269,노래방
8826,"서울특별시 동작구 성대로1길 4 (상도동,2층)",파크노래연습장,126.932751396867,37.5002264417514,노래방
8827,"서울특별시 동작구 상도로 148 (상도동,지층)",디지털 노래연습장,126.935915680455,37.5027090299286,노래방
8828,서울특별시 동작구 동작대로3길 20 (사당동),팬클럽노래연습장,126.980351915332,37.4784414536743,노래방
8829,"서울특별시 동작구 보라매로5길 51  (신대방동,롯데타워 201호,202호)",파크 노래연습장,126.923271180059,37.4909420086406,노래방
8830,"서울특별시 동작구 상도로62길 37 (상도동,지하 1층)",고고노래연습장,126.953313283266,37.495890803822,노래방
8831,"서울특별시 동작구 동작대로1길 18 (사당동,외 3)",열창 노래연습장,126.980318707705,37.4774604290224,노래방
8832,"서울특별시 동작구 남부순환로271길 17 (사당동,지층)",와와노래연습장,126.979936662007,37.4775751533846,노래방
8833,"서울특별시 동작구 동작대로27가길 6  (사당동,5층)",프로방스 노래연습장,126.980969446517,37.4873051380436,노래방
8834,"서울특별시 동작구 동작대로1길 33 (사당동,지층)",파파코노래연습장,126.979522978355,37.4772062992001,노래방
8835,"서울특별시 동작구 동작대로1길 27 (사당동,지층)",원노래연습장,126.979871074889,37.4772086115373,노래방
8836,서울특별시 동작구 상도로 179 (상도동),파파코노래연습장,126.938547350594,37.504803193551,노래방
8837,서울특별시 동작구 동작대로27다길 11 (사당동),파티파티 노래연습장,126.980577731521,37.4870184636297,노래방
8838,서울특별시 동작구 성대로2길 9 (상도동),명성노래연습장,126.931548790182,37.4992443752959,노래방
8839,서울특별시 동작구 성대로 23  (상도동),휠,126.932946211731,37.4996378351879,노래방
8840,서울특별시 동작구 노량진로 126 (노량진동),비타민노래연습장,126.939680746379,37.5131717680502,노래방
8841,"서울특별시 동작구 사당로16가길 34 (사당동,지층)",짱노래연습장,126.971647574877,37.4834211842526,노래방
8842,"서울특별시 동작구 동작대로3길 10 (사당동,지하 2층)",해성 노래연습장,126.980824601943,37.4784618941439,노래방
8843,"서울특별시 동작구 양녕로26길 24  (상도동,지층)",팡팡노래방(연소자실5),126.943908231997,37.4975765503763,노래방
8844,"서울특별시 동작구 사당로 24-1 (상도동,지하)",고고씽R노래연습장,126.957132578501,37.4950715243841,노래방
8845,"서울특별시 동작구 노량진로8길 39, 지하1층 (노량진동)",가수코인노래연습장,126.937511222115,37.5125948085533,노래방
8846,"서울특별시 동작구 국사봉1길 21, 지층 (상도동, 광성빌딩)",청개구리 노래연습장,126.92970202423,37.4990365999776,노래방
8847,"서울특별시 동작구 동작대로 21, 지층 (사당동, 양지빌딩)",스타코인노래연습장,126.981362070757,37.4784816221514,노래방
8848,"서울특별시 동작구 사당로17가길 16, 지층 (사당동, 영아탕(여관))",이화노래연습장,126.973057051642,37.4840142876256,노래방
8849,"서울특별시 동작구 노량진로16길 16, 지층 (노량진동, 청암빌딩)",SBS노래연습장,126.943485898065,37.5128243306674,노래방
8850,"서울특별시 동작구 상도로61길 34, 지층 (상도동)",비트코인동전노래연습장,126.956796440952,37.4947783945129,노래방
8851,"서울특별시 동작구 사당로16길 15, 지층 (사당동)",불놀이야노래연습장,126.973600083418,37.4827912008828,노래방
8852,"서울특별시 동작구 만양로 90-1 (노량진동, 예뜰미술학원)",샤우팅노래연습장,126.944501000368,37.5115178153565,노래방
8853,"서울특별시 동작구 사당로 200, 사당동B상가 (사당동)",코노코노 코인노래연습장,126.970395108209,37.4846936417148,노래방
8854,"서울특별시 동작구 성대로 18 (상도동, 도도음악학원)",짱코인노래연습장,126.932491719625,37.4996236107452,노래방
8855,"서울특별시 동작구 노량진로 162 (노량진동, 한주실업)",슈퍼밴드 코인 노래연습장,126.943957579056,37.5134071445935,노래방
8856,서울특별시 동작구 상도로 82 (대방동),준코인노래연습장,126.929701388226,37.4994737677406,노래방
8857,"서울특별시 동작구 사당로30길 91 (사당동,(지하1층))",르네상스 노래연습장,126.980900225782,37.4807276743097,노래방
8858,"서울특별시 동작구 동작대로27길 20-6 (사당동,(지하1층))",허브 노래연습장,126.980890955267,37.4878288813327,노래방
8859,"서울특별시 동작구 성대로2길 12 (상도동,(지하1층))",어머나 노래연습장,126.931230488992,37.499444303876,노래방
8860,"서울특별시 동작구 동작대로7길 59 (사당동,지하)",앵콜 노래연습장,126.979200162207,37.4781786122893,노래방
8861,서울특별시 동작구 동작대로7길 44 (사당동),25시노래방,126.979619492713,37.4789997752146,노래방
8862,"서울특별시 동작구 상도로 140 (상도동,(지하1층))",열린노래연습장,126.935210895959,37.502298597842,노래방
8863,서울특별시 동작구 동작대로 123 (사당동),뮤로이엔동전노래연습장,126.981874355001,37.4877506486014,노래방
8864,서울특별시 동작구 흑석로 85-5 (흑석동),비트코인동전노래연습장,126.959175823917,37.5073939540013,노래방
8865,"서울특별시 동작구 흑석로 81-5  (흑석동,(지층))",울트라모던2노래연습장,126.958527315059,37.5071697382642,노래방
8866,"서울특별시 동작구 사당로 192 (사당동,지층)",라이브노래연습장,126.969522946282,37.485168161281,노래방
8867,"서울특별시 동작구 사당로16가길 97 (사당동,지층)",모모노래연습장,126.968694925169,37.4849681011305,노래방
8868,"서울특별시 동작구 대방동길 4 (대방동,지하)",오딧세이노래연습장,126.928164380104,37.5002010361225,노래방
8869,"서울특별시 동작구 노량진로6길 6-9 (노량진동,지층)",팡팡노래연습장,126.935325703831,37.5128961892768,노래방
8870,"서울특별시 동작구 만양로 11  (상도동,지하1층)",장윤정 노래연습장,126.946901515612,37.5058646638827,노래방
8871,"서울특별시 동작구 동작대로27나길 21 (사당동,지하1층)",별밤지기 노래연습장,126.980660156307,37.4865925706079,노래방
8872,"서울특별시 동작구 동작대로1길 16 (사당동,2층)",짱노래연습장,126.980472021282,37.4774215308471,노래방
8873,"서울특별시 동작구 사당로 222-1 (사당동,지하1층)",K2 노래연습장,126.972443302318,37.4837872721169,노래방
8874,"서울특별시 동작구 사당로 229 (사당동,지층)",궁전노래연습장,126.973408132195,37.4836610817032,노래방
8875,"서울특별시 동작구 노량진로8길 3 (노량진동,지하1층)",어시장 노래연습장,126.93649160368,37.5129296184414,노래방
8876,"서울특별시 동작구 동작대로 121  (사당동,외 1 7층)",수노래연습장총신대점1,126.981886636778,37.4874603457045,노래방
8877,"서울특별시 동작구 동작대로 121  (사당동,외 1)",(주)에스알디컨티넨탈,126.981886636778,37.4874603457045,노래방
8878,"서울특별시 동작구 동작대로 121  (사당동,외 1 9층)",수노래연습장총신대점3,126.981886636778,37.4874603457045,노래방
8879,"서울특별시 동작구 여의대방로22길 78 (신대방동,지층)",쿨노래연습장,126.924293682807,37.497706255944,노래방
8880,"서울특별시 동작구 노량진로8길 20, 지층 (노량진동, 안정모치과)",뮤직박스 코인노래연습장,126.936483162136,37.5126135416892,노래방
8881,"서울특별시 동작구 상도로 96  (상도동,지층)",서울노래연습장,126.931383839639,37.4999361621243,노래방
8882,"서울특별시 동작구 동작대로 21  (사당동,지층)",현대노래연습장,126.981362070757,37.4784816221514,노래방
8883,서울특별시 동작구 노량진로12길 12-6 (노량진동),진진노래연습장,126.938081462097,37.5129335259683,노래방
8884,"서울특별시 동작구 흑석로13가길 42 (흑석동,지층)",코러스노래연습장,126.959542745979,37.5075605859504,노래방
8885,서울특별시 동작구 동작대로25길 41 (사당동),일번지노래연습장,126.980240663554,37.4853246023737,노래방
8886,"서울특별시 동작구 국사봉1길 12  (상도동,지층)",i럭셔리노래연습장,126.929236790898,37.4987849415093,노래방
8887,"서울특별시 동작구 보라매로5가길 16,  601호 (신대방동,보라매아카데미타워6층)",스핑크스 노래연습장,126.924094714271,37.4912751024086,노래방
8888,"서울특별시 동작구 대림로 12 (신대방동,지층)",짱노래연습장,126.911886047135,37.4875468183154,노래방
8889,서울특별시 동작구 국사봉1길 4  (상도동),타임,126.928852981582,37.4987738088069,노래방
8890,서울특별시 동작구 상도로62길 25 (상도동),MBC 노래연습장,126.95356710306,37.4954276062051,노래방
8891,서울특별시 동작구 성대로 46  (상도동),뉴스타 노래연습장,126.933511778587,37.4987354368535,노래방
8892,서울특별시 동작구 동작대로25길 40 (사당동),탈렌트 노래연습장,126.980229304284,37.4855239035183,노래방
8893,"서울특별시 동작구 대림로 33-1 (신대방동,지하 1층)",소원 노래연습장,126.909305752886,37.4870943618615,노래방
8894,"서울특별시 동작구 동작대로29가길 23 (사당동,지층)",코리아 노래연습장,126.981414762205,37.4889526118304,노래방
8895,"서울특별시 동작구 양녕로 282-1 (상도1동,지하 1층)",신바람노래연습장,126.950452188385,37.504405046349,노래방
8896,"서울특별시 동작구 동작대로1길 12 (사당동,지하1층)",네트노래연습장,126.980784965271,37.4773976152987,노래방
8897,"서울특별시 동작구 여의대방로 134-1 (대방동,지상 2층)",신바람2노래연습장,126.920710960087,37.4990283846892,노래방
8898,"서울특별시 동작구 사당로 218-1  (사당동,지하)",테마파티 노래연습장,126.972164181139,37.4839929970419,노래방
8899,서울특별시 동작구 여의대방로24가길 16 (대방동),소리샘노래연습장,126.921175207741,37.4990085128352,노래방
8900,"서울특별시 동작구 노량진로12길 8 (노량진동,지층)",사계절노래연습장,126.938319662082,37.5129430210358,노래방
8901,"서울특별시 동작구 노량진로8길 40 (노량진동,지층)",파티파티노래연습장,126.937465103696,37.5124234131715,노래방
8902,서울특별시 동작구 노량진로 110 (노량진동),SBS노래연습장,126.938038724901,37.5131853341731,노래방
8903,"서울특별시 동작구 상도로 178, 지층 (상도동, 최안과)",뉴스타노래연습장,126.938750545876,37.5042981054139,노래방
8904,서울특별시 동작구 만양로 100 (노량진동),OK,126.944401840416,37.5123857060582,노래방
8905,서울특별시 동작구 사당로30길 142 (사당동),신세계노래연습장,126.980546001845,37.4785670864995,노래방
8906,"서울특별시 동작구 동작대로1길 9-1 (사당동,외1(지하1층))",까치노래연습장,126.980868933106,37.4770813745569,노래방
8907,서울특별시 동작구 사당로 279 (사당동),해피데이,126.978469376611,37.4844375203764,노래방
8908,"서울특별시 동작구 사당로 18, 지층 (상도동)",리코스타 코인 노래연습장(숭실대2호점),126.956243783563,37.4952122060983,노래방
8909,"서울특별시 동작구 신대방길 107 (신대방동,지층)",따봉노래연습장,126.908483307937,37.4901307538599,노래방
8910,"서울특별시 동작구 장승배기로 110-1 (노량진동,2층)",앵콜노래연습장,126.940163219013,37.507428200355,노래방
8911,"서울특별시 동작구 노량진로6길 18 (노량진동,지하)",란노래연습장,126.93572833783,37.5122766083592,노래방
8912,서울특별시 동작구 보라매로 99 (신대방동),무조건 노래연습장,126.927769476569,37.4981984895548,노래방
8913,"서울특별시 동작구 동작대로33가길 8  (사당동,지층)",에이스노래연습장,126.981890681875,37.489907753932,노래방
8914,"서울특별시 동작구 동작대로29길 18  (사당동,지층)",디노사이버,126.980996931051,37.4881647040882,노래방
8915,서울특별시 동작구 동작대로13길 7 (사당동),태양노래방,126.980971114513,37.4816203153551,노래방
8916,서울특별시 동작구 동작대로25길 9-8  (사당동),열린노래연습장,126.981391291925,37.4860204577146,노래방
8917,서울특별시 동작구 신대방길 95  (신대방동),훼미리노래방,126.90899764013,37.4897947150047,노래방
8918,서울특별시 동작구 흑석로 111  (흑석동),S.F. 노래연습장,126.961227428565,37.508570997158,노래방
8919,"서울특별시 동작구 여의대방로24길 30 (신대방동,지하1층)",프라하 노래연습장,126.921826141155,37.4978168241412,노래방
8920,"서울특별시 동작구 상도로 321 (상도동,지층)",골든벨노래연습장,126.951234405459,37.4994694821854,노래방
8921,서울특별시 동작구 국사봉1길 33  (상도동),네박자노래연습장,126.930362165612,37.4991089813509,노래방
8922,서울특별시 동작구 국사봉1길 11  (상도동),궁전노래연습장,126.929243360392,37.4990136207961,노래방
8923,"서울특별시 동작구 상도로 114 (상도동,지하)",특급노래연습장,126.933067057266,37.5009570664864,노래방
8924,"서울특별시 동작구 동작대로29가길 20  (사당동,지하1층)",으랏차차 노래연습장,126.981664103562,37.4888893099418,노래방
8925,"서울특별시 동작구 남부순환로271길 14 (사당동,지하1층)",보스노래연습장,126.980124605559,37.4774060656549,노래방
8926,서울특별시 동작구 사당로30길 148  (사당동),제일노래연습장,126.980613005791,37.4782805765197,노래방
8927,"서울특별시 동작구 동작대로7길 80  (사당동,지하)",큐노래연습장,126.978300770962,37.4778739994415,노래방
8928,"서울특별시 동작구 동작대로7길 11  (사당동,지층)",호박노래연습장,126.980869476454,37.4798283721243,노래방
8929,"서울특별시 동작구 장승배기로 118 (노량진동,2층)",에이스노래연습장,126.940265231044,37.5080021019545,노래방
8930,"서울특별시 동작구 신대방길 113 (신대방동,2층)",땡큐노래연습장,126.908257113028,37.4902604135827,노래방
8931,"서울특별시 동작구 동작대로 129 (사당동,지층)",SBS노래연습장,126.981882930793,37.4882917952892,노래방
8932,"서울특별시 동작구 남부순환로 2061 (사당동,지층)",알파고노래연습장,126.977787556475,37.4769040573805,노래방
8933,"서울특별시 동작구 동작대로27가길 12 (사당동,지층)",K2 노래연습장,126.980965877503,37.4871110603306,노래방
8934,서울특별시 동작구 상도로 174 (상도동),앵무새노래연습실(연소자실2),126.938418532982,37.5042527924312,노래방
8935,서울특별시 동작구 시흥대로 658 (신대방동),청개구리노래연습장,126.908076731256,37.4903749716012,노래방
8936,"서울특별시 동작구 대림로 41  (신대방동,지층)",평화노래연습장,126.908515095034,37.4874311796859,노래방
8937,서울특별시 동작구 만양로 104  (노량진동),짱노래연습장,126.944489643789,37.5128015607415,노래방
8938,"서울특별시 동작구 동작대로27가길 11 (사당동,(지층))",오디션 노래연습장,126.98124369234,37.4871055185114,노래방
8939,"서울특별시 동작구 동작대로27다길 9  (사당동,지층)",쿨노래연습장(연소자실7),126.980580854639,37.4871839793282,노래방
8940,"서울특별시 동작구 사당로16길 21  (사당동,지층)",시작 노래연습장,126.973286797415,37.4824358627132,노래방
8941,"서울특별시 동작구 신대방길 116 (신대방동,지층)",골드노래연습장,126.908309569171,37.4905466142209,노래방
8942,서울특별시 동작구 동작대로27길 16-4 (사당동),파티노래연습장,126.98128887869,37.4877261400122,노래방
8943,"서울특별시 동작구 사당로 229-1 (사당동,지층)",불타는노래연습장,126.973508642889,37.4836726371922,노래방
8944,"서울특별시 동작구 사당로16길 18 (사당동,지층)",스타노래연습장,126.973227566476,37.4827130897035,노래방
8945,서울특별시 동작구 여의대방로 134-1  (대방동),신바람노래연습장,126.920710960087,37.4990283846892,노래방
8946,"서울특별시 동작구 보라매로5가길 16  (신대방동,보라매아카데미타워)",홍콩노래연습장,126.924094714271,37.4912751024086,노래방
8947,서울특별시 동작구 보라매로 67 (신대방동),원 노래연습장,126.927232306937,37.4954085539035,노래방
8948,서울특별시 동작구 상도로 274  (상도1동),KBS노래연습장,126.947490135764,37.5028783645425,노래방
8949,서울특별시 동작구 상도로41길 7 (상도1동),보가코인 노래연습장,126.949516202338,37.5017197435625,노래방
8950,"서울특별시 동작구 상도로15길 120 (상도동,지층)",자기야노래연습장,126.937339433799,37.5045833444076,노래방
8951,"서울특별시 동작구 남부순환로271길 24  (사당동,지하 1층)",라이브노래연습장,126.980214576913,37.4779140699266,노래방
8952,서울특별시 동작구 상도로 293 (상도1동),나가수노래연습장,126.949349110112,37.5016338061861,노래방
8953,서울특별시 동작구 노량진로10길 28 (노량진동),베토벤노래연습장,126.937437835801,37.5121629184451,노래방
8954,서울특별시 동작구 대림로 40-1 (신대방동),청와대노래연습장,126.908950357189,37.4875736048432,노래방
8955,"서울특별시 동작구 동작대로27길 16-5, 2층 (사당동)",락휴코인노래연습장이수점,126.981008338888,37.4877670911129,노래방
8956,"서울특별시 동작구 상도로 136, 지층 (상도동)",월드노래연습장,126.935032328128,37.502161006311,노래방
8957,"서울특별시 동작구 여의대방로24가길 22, 3층 (대방동)",일번지노래연습장,126.921168663875,37.4992091625135,노래방
8958,"서울특별시 동작구 등용로 9, 지하1층 (상도동)",쟁반노래연습장,126.936986471116,37.5049732919265,노래방
8959,"서울특별시 동작구 성대로 35, 2층 (상도동)",딱이야노래연습장,126.933368508737,37.4992307292974,노래방
8960,"서울특별시 동작구 동작대로23길 17, 지층 (사당동)",나성 노래연습장,126.980728861047,37.4841128266479,노래방
8961,"서울특별시 동작구 흑석로 81, 3층 (흑석동)",잇츠코인노래연습장,126.958601000146,37.5070670495441,노래방
8962,"서울특별시 동작구 보라매로 93 (신대방동, 2호 2층)",필하모니노래연습장,126.927714337339,37.4977975981503,노래방
8963,"서울특별시 동작구 여의대방로24길 52 (신대방동,지하)",청춘 노래연습장,126.923162309005,37.4979856483328,노래방
8964,"서울특별시 동작구 동작대로27길 5 (사당동,지하 1층)",리코스타 코인노래연습장 이수점,126.981491819978,37.48735441607,노래방
8965,"서울특별시 동작구 국사봉길 12 (신대방동,지하 1층)",끌리오노래연습장,126.928697264633,37.4985308036648,노래방
8966,"서울특별시 동작구 흑석로9길 7, 지층 (흑석동)",RICOSTAR코인노래연습장 중앙대점,126.959736016421,37.5075963317812,노래방
8967,"서울특별시 동작구 상도로67길 31, 지층 (상도동)",RICOSTAR코인노래연습장 숭실대점,126.956405826345,37.495025036791,노래방
8968,"서울특별시 동작구 상도로 264, 주유노빌딩 B1호 (상도1동)",Zicoin노래연습장,126.947126393377,37.5035655794162,노래방
8969,서울특별시 동작구 사당로 24 (상도동),숭실코인노래연습장,126.95702853765,37.4950806768557,노래방
8970,"서울특별시 동작구 노량진로 152-1, 지하1층 (노량진동)",락휴 코인노래연습장(노량진점),126.942857209421,37.5134559023022,노래방
8971,"서울특별시 관악구 난곡로 194, 지하1층 (신림동)",궁전 노래연습장,126.919608982564,37.4722697720366,노래방
8972,"서울특별시 관악구 난곡로 317, 3층 (신림동)",난사 노래연습장,126.91425577063,37.4823160470791,노래방
8973,"서울특별시 관악구 남부순환로 1597-11, 2층 (신림동)",와드 코인 노래연습장,126.927594204434,37.4845969569718,노래방
8974,"서울특별시 관악구 남부순환로 1905, 지하1층 (봉천동)",베스타코인노래연습장,126.9611391649,37.4783183942378,노래방
8975,"서울특별시 관악구 남부순환로 1927, 지하1층 (봉천동)",코인스타 코인 노래연습장,126.963446067997,37.4774384837956,노래방
8976,"서울특별시 관악구 남부순환로 1727-7, 정원빌딩 지하1층 (봉천동)",수아노래연습장,126.942047558993,37.4828843645842,노래방
8977,"서울특별시 관악구 은천로 35, 지하1층 (봉천동)",카드OK코인노래연습장,126.939238906026,37.4864179696983,노래방
8978,"서울특별시 관악구 남부순환로 1711, 지1층 (봉천동)",코캉스코인노래연습장,126.940485895128,37.4832029958243,노래방
8979,"서울특별시 관악구 신림로 349, 지하1층 (신림동)",해롱이 노래연습장,126.929191982615,37.4855159626231,노래방
8980,"서울특별시 관악구 봉천로 471-1, 지하1층 (봉천동)",팡팡 노래연습장,126.952523992536,37.4824412374072,노래방
8981,"서울특별시 관악구 남부순환로 1734, 주원빌딩 지하2층 (봉천동)",용가리,126.942772870325,37.4819856916434,노래방
8982,"서울특별시 관악구 관악로 153, 3층 (봉천동)",세븐스타코인노래연습장서울대입구점,126.952039897314,37.4790158562216,노래방
8983,"서울특별시 관악구 법원단지길 12, 지하1층 (신림동)",아리랑 노래연습장,126.91856896247,37.473918899305,노래방
8984,"서울특별시 관악구 남부순환로 1608, 2층 (신림동)",세븐스타코인노래연습장 신림역점,126.929180600544,37.4839187384192,노래방
8985,"서울특별시 관악구 과천대로 955, 지하1층 (남현동)",세븐틴코인노래연습장 사당역점,126.981163275417,37.4759416445717,노래방
8986,"서울특별시 관악구 남부순환로 1601, 지하1층 (신림동)",별코인 노래연습장,126.928466170334,37.4843618744481,노래방
8987,"서울특별시 관악구 남부순환로 1820, 에그엘로우 15층 15006호 (봉천동)",오투 노래연습장 2,126.952083773717,37.4809479979455,노래방
8988,"서울특별시 관악구 대학길 30, 지하1층 (신림동)",룰루랄라,126.937672295301,37.4694479037512,노래방
8989,"서울특별시 관악구 난곡로 366, 지하1층 (신림동)",고고노래연습장,126.913798991428,37.4866504653066,노래방
8990,"서울특별시 관악구 은천로 33, 2층 (봉천동)",스타노래연습장,126.938966238525,37.4863500733487,노래방
8991,"서울특별시 관악구 신림로 381, 2층 (신림동)",팡팡,126.928253949209,37.4881413844075,노래방
8992,"서울특별시 관악구 대학5길 21, 지하1층 (신림동)",인터넷,126.938918324769,37.4693700763807,노래방
8993,"서울특별시 관악구 신림로65길 38, 지하1층 (신림동)",풀잎,126.927350774233,37.4849454977377,노래방
8994,"서울특별시 관악구 신림로 315, 지하1층 (신림동)",뮤직스테이션,126.929627531813,37.4824892851521,노래방
8995,"서울특별시 관악구 신원로3길 32, 지하1층 (신림동)",씽씽,126.926907864108,37.4823038282294,노래방
8996,"서울특별시 관악구 남부순환로 1625, 지하1층 (신림동)",뮤직비 노래연습장,126.931176647175,37.4846682955318,노래방
8997,"서울특별시 관악구 남부순환로149길 10, 지하1층 (신림동)",체인지,126.916122806332,37.4826959910476,노래방
8998,"서울특별시 관악구 난곡로66길 21, 지하1층 (신림동)",하모니 노래연습장,126.915578530041,37.4827863349628,노래방
8999,"서울특별시 관악구 남부순환로230길 20, 지하1층 (봉천동)",샛별,126.955344145379,37.479179783403,노래방
9000,"서울특별시 관악구 낙성대로 24, 지하1층 (봉천동)",서울,126.958770567715,37.4763596076737,노래방
9001,"서울특별시 관악구 관천로19길 75, 지하1층 (신림동)",뉴월드,126.917820568559,37.4869276879362,노래방
9002,"서울특별시 관악구 봉천로 616, 지하1층 (봉천동)",행운노래연습장,126.965487417133,37.475434621439,노래방
9003,"서울특별시 관악구 남부순환로 1387, 지하1층 (신림동)",열창 노래연습장,126.904870692394,37.4803152917303,노래방
9004,"서울특별시 관악구 호암로24길 51, 지하1층 (신림동)",우주노래연습장,126.936045199345,37.4695183042661,노래방
9005,"서울특별시 관악구 남부순환로 1645, 2층 (신림동)",SBS동영상,126.933588301198,37.4849849385326,노래방
9006,"서울특별시 관악구 시흥대로 560, 지하1층 (신림동)",개구리 노래연습장,126.901999065663,37.4829262301224,노래방
9007,"서울특별시 관악구 신림로59길 14, 2층 (신림동)",앤 노래연습장,126.928776084349,37.4832898616637,노래방
9008,"서울특별시 관악구 신림로67길 9, 2층 (신림동)",용가리,126.928812032161,37.4860376883057,노래방
9009,"서울특별시 관악구 신림로11길 41, 지하1층 (신림동)",봉봉,126.938899363812,37.4686383557641,노래방
9010,"서울특별시 관악구 쑥고개로 62-1, 대아빌딩 지하1층 (봉천동)",둘리,126.943330835716,37.4794377270375,노래방
9011,"서울특별시 관악구 낙성대로 8, 지하1층 (봉천동)",낙성대,126.959246043436,37.4778709458685,노래방
9012,"서울특별시 관악구 난우길 26-1, 지하1층 (신림동)",우성,126.918361349771,37.4753182044152,노래방
9013,"서울특별시 관악구 신사로 92, 지하1층 (신림동)",우정 노래연습장,126.913007568349,37.4865960049563,노래방
9014,"서울특별시 관악구 조원중앙로 9, 지하1층 (신림동)",수 노래연습장,126.904459257231,37.4807672661597,노래방
9015,"서울특별시 관악구 쑥고개로 3, 지하1층 (신림동)",카멜레온,126.937673380473,37.4773986873012,노래방
9016,"서울특별시 관악구 신림로 359, 3층 (신림동)",엔젤스코인노래연습장(신림점),126.929067283516,37.4863376072077,노래방
9017,"서울특별시 관악구 봉천로 606, 지층 (봉천동)",헤라노래연습장,126.964478230112,37.4758416688945,노래방
9018,"서울특별시 관악구 봉천로 599, 지하1층 (봉천동)",엄지척노래연습장,126.963990732463,37.476338428203,노래방
9019,"서울특별시 관악구 신림로 255, 지하`층 (신림동)",로하스 노래연습장,126.932742129152,37.4777715239385,노래방
9020,"서울특별시 관악구 양녕로 17, 지하1층 (봉천동)",라라노래연습장,126.946363522801,37.4837043382898,노래방
9021,"서울특별시 관악구 신림로67길 5, 2층 (신림동)",24시,126.928946319973,37.4860774134975,노래방
9022,"서울특별시 관악구 신림로 305, 지하1층 (신림동)",샛별노래연습장,126.929722982285,37.4816174358534,노래방
9023,"서울특별시 관악구 난곡로66길 12, 지하1층 (신림동)",카라 노래연습장,126.91503253072,37.4825000535711,노래방
9024,"서울특별시 관악구 봉천로 393, 지하1층 (봉천동)",싱싱노래연습장,126.943784005485,37.4833203005892,노래방
9025,"서울특별시 관악구 은천로 1, 2층 (봉천동)",ABC노래연습장,126.935397169098,37.4865344140628,노래방
9026,"서울특별시 관악구 남부순환로 1730, 지하1층 (봉천동)",윙크노래연습장,126.942250799054,37.4820661680091,노래방
9027,"서울특별시 관악구 난곡로 368, 지하1층 (신림동)",빅토리,126.913752282818,37.4868566719231,노래방
9028,"서울특별시 관악구 남현1길 40, 3층 4호 (남현동)",짱노래연습장,126.979713536137,37.4757308385713,노래방
9029,"서울특별시 관악구 남부순환로 1403, 지하1층 (신림동)",궁전노래연습장,126.906486814893,37.4806427470477,노래방
9030,"서울특별시 관악구 봉천로 593, 지하1층 (봉천동, 좌측)",청개구리,126.963432692238,37.4765826106448,노래방
9031,"서울특별시 관악구 난곡로66길 15, 2층 (신림동)",정,126.915263946329,37.4827222282651,노래방
9032,"서울특별시 관악구 관천로 19, 2층 (신림동)",로얄노래연습장,126.928218754074,37.4817908767576,노래방
9033,"서울특별시 관악구 청룡길 9, 지층 (봉천동)",영노래연습장,126.946522694417,37.4815170316646,노래방
9034,"서울특별시 관악구 봉천로 600, 지하1층 (봉천동)",쏭쏭 노래연습장,126.963677000575,37.4761196571183,노래방
9035,"서울특별시 관악구 조원로 43, 지하1층 (신림동)",윙크 노래연습장,126.907375319069,37.4837872459014,노래방
9036,"서울특별시 관악구 신림로 353, 3층 (신림동)",샵인,126.929190502039,37.485766892503,노래방
9037,"서울특별시 관악구 난곡로78길 28, 지하1층 (신림동, 신세계도시형생활주택)",하이난노래연습장,126.915157178588,37.4868532742098,노래방
9038,"서울특별시 관악구 호암로22길 49, 지하1층 (신림동)",전국노래자랑,126.935472786288,37.4688141235227,노래방
9039,"서울특별시 관악구 난곡로 332, 지하1층 (신림동)",별빛노래연습장,126.914419693814,37.4836205558833,노래방
9040,"서울특별시 관악구 남부순환로 1631-1, 지하1층 (신림동)",파티 노래연습장,126.932009130194,37.4848212281323,노래방
9041,"서울특별시 관악구 남부순환로230길 14, 지하1층 (봉천동)",샤로수 노래연습장,126.955301475135,37.4794489888224,노래방
9042,"서울특별시 관악구 조원로 11, 지하1층 (신림동)",큐 노래연습장,126.903717864994,37.4836288980809,노래방
9043,"서울특별시 관악구 조원로 7, 2층 (신림동)",스카이 노래연습장,126.903296803507,37.4836349513621,노래방
9044,"서울특별시 관악구 관악로16길 13, 준빌딩 지하1층 (봉천동)",타임노래연습장,126.953453156798,37.4804180312521,노래방
9045,"서울특별시 관악구 남부순환로 1913, 지하1층 (봉천동)",청와대 노래연습장,126.962024579044,37.4779659369405,노래방
9046,"서울특별시 관악구 보라매로 7, 지하1층 (봉천동)",시티노래연습장,126.927381721873,37.490118923594,노래방
9047,"서울특별시 관악구 남부순환로176길 6, 2층 (신림동)",차차차,126.92816860269,37.4836301652014,노래방
9048,"서울특별시 관악구 남부순환로 1726, 3층 (봉천동)",한마음,126.94179717933,37.482082523984,노래방
9049,"서울특별시 관악구 관악로 173, 지하1층 (봉천동)",슈가,126.952254874294,37.4807083087218,노래방
9050,"서울특별시 관악구 난곡로65길 2, 2층 우측 (신림동)",유정,126.914026607268,37.482500136799,노래방
9051,"서울특별시 관악구 은천로 38, 지하1층 (봉천동)",버즈노래연습장,126.93942599805,37.4860441474069,노래방
9052,"서울특별시 관악구 봉천로 611, 지하1층 (봉천동)",수 노래연습장,126.965074664097,37.4759162701,노래방
9053,"서울특별시 관악구 신림로 216, 2층 (신림동)",오디션노래연습장,126.937592508219,37.4767640636308,노래방
9054,"서울특별시 관악구 대학길 39-4, 지하1층 (신림동)",OK 노래연습장,126.937984398622,37.4689125973019,노래방
9055,"서울특별시 관악구 남부순환로 1383, 지하1층 (신림동)",파티 노래연습장,126.904469638268,37.4802505460195,노래방
9056,"서울특별시 관악구 남현1길 47, 4층 (남현동)",궁노래연습장,126.980145439681,37.4760034673992,노래방
9057,"서울특별시 관악구 남부순환로 1622, 지층 (신림동)",짱 노래연습장,126.93084876383,37.4841673236479,노래방
9058,"서울특별시 관악구 봉천로 593, 지하1층 2호 (봉천동, 형제빌딩)",초이스노래연습장,126.963432692238,37.4765826106448,노래방
9059,"서울특별시 관악구 봉천로 609, 지하1층 (봉천동)",우정,126.964917828088,37.4759827181586,노래방
9060,"서울특별시 관악구 남부순환로 1937, 우송빌딩 지하1층 (봉천동)",짝꿍댕이,126.964677712885,37.4769217690137,노래방
9061,"서울특별시 관악구 인헌길 12, 지하1층 (봉천동)",팝콘 노래연습장,126.966797487556,37.4751406369046,노래방
9062,"서울특별시 관악구 남부순환로 2060, 지하1층 (남현동)",앵콜,126.977525428045,37.476374033919,노래방
9063,"서울특별시 관악구 호암로26길 1, 지하1층 (신림동)",도레미,126.933898672188,37.4709918069211,노래방
9064,"서울특별시 관악구 신사로 104, 3층 (신림동, 혜성빌딩)",오렌지,126.91395890169,37.4871172138433,노래방
9065,"서울특별시 관악구 신원로 13, 지하1층 (신림동)",월드컵,126.927698678963,37.4804889623084,노래방
9066,"서울특별시 관악구 대학5길 13, 지하1층 (신림동)",클라스코인노래연습장,126.938502567393,37.4693500385041,노래방
9067,"서울특별시 관악구 남부순환로 1596, 지하1층 (신림동)",조아 코인노래연습장,126.928093624319,37.4837651807575,노래방
9068,"서울특별시 관악구 난곡로 320, 4층 (신림동, 세인빌딩)",세븐스타코인노래연습장,126.914620577796,37.4826553607747,노래방
9069,"서울특별시 관악구 봉천로62길 10, 지하1층 (봉천동)",SBS노래연습장,126.95868222141,37.4774792614353,노래방
9070,"서울특별시 관악구 남부순환로 1907, 지하1층 (봉천동)",비트코인,126.961376517086,37.4782296325366,노래방
9071,"서울특별시 관악구 난곡로 359, 지하1층 (신림동)",가수코인노래연습장,126.913488126277,37.48609440629,노래방
9072,"서울특별시 관악구 남부순환로226길 31, 지하1층 (봉천동, 청운고시텔)",샤로스타코인노래연습장,126.953773403418,37.4792187336193,노래방
9073,"서울특별시 관악구 관악로 174, 지하1층 (봉천동)",스타버스코인 노래연습장,126.952973957665,37.480678953914,노래방
9074,"서울특별시 관악구 승방2길 39, 지하1층 (남현동)",영상,126.98089901545,37.4757106733343,노래방
9075,"서울특별시 관악구 남부순환로143길 16, 지하1층 (신림동)",K2 노래연습장,126.910877758611,37.4820564895862,노래방
9076,"서울특별시 관악구 남부순환로 1597-15, 지하1층 (신림동)",궁,126.92752794785,37.4847136870226,노래방
9077,"서울특별시 관악구 신원로 8, 지하1층 (신림동)",명품노래연습장,126.928079334952,37.4800355366177,노래방
9078,"서울특별시 관악구 남부순환로214길 41, 지하1층 (봉천동)",우정,126.947541880769,37.4798314304563,노래방
9079,"서울특별시 관악구 은천로 3, 2층 (봉천동)",앵콜,126.935639375254,37.4865207608295,노래방
9080,"서울특별시 관악구 난곡로66길 11, 지하1층 (신림동)",팡팡 노래연습장,126.91508012749,37.4827023642044,노래방
9081,"서울특별시 관악구 난곡로 247, 지하1층 (신림동)",용 노래연습장,126.915770311901,37.47611531101,노래방
9082,서울특별시 관악구 남부순환로 1713-20 (봉천동),24시 노래연습장,126.94098414386,37.4832355018541,노래방
9083,"서울특별시 관악구 신림로59길 8, 지하1층 (신림동)",S노래연습장,126.929370338491,37.4831829082846,노래방
9084,"서울특별시 관악구 보라매로3길 17, 21호 (봉천동, 동방파레스)",공원,126.926195745169,37.4913182403557,노래방
9085,"서울특별시 관악구 난곡로 85, 지하1층 (신림동)",정 노래연습장,126.918699910093,37.4631348825143,노래방
9086,"서울특별시 관악구 관악로16길 26, 지하1층 (봉천동)",고래,126.953976180577,37.4800366587974,노래방
9087,"서울특별시 관악구 신사로 90, 지하1층 (신림동)",발리,126.912799571383,37.4864551141882,노래방
9088,서울특별시 관악구 신림로65길 16 (신림동),발리,126.928504709959,37.4852091158504,노래방
9089,"서울특별시 관악구 관악로17길 32, 지하1층 (봉천동)",별,126.949948413888,37.4810856878466,노래방
9090,"서울특별시 관악구 대학길 16, 지하1층 (신림동)",BE 노래연습장,126.937899701248,37.470040077553,노래방
9091,"서울특별시 관악구 남부순환로172길 7, 지하1층 (신림동)",장수,126.925373033363,37.4832148696379,노래방
9092,"서울특별시 관악구 난곡로 202, 지하1층 (신림동)",딩가딩가,126.919154714755,37.4730432495559,노래방
9093,"서울특별시 관악구 남부순환로 1647, 지하1층 (신림동)",특급,126.933768410023,37.4849926982048,노래방
9094,"서울특별시 관악구 신림동7길 46, 지하1층 (신림동)",영,126.926628443209,37.4850065001339,노래방
9095,"서울특별시 관악구 난곡로 367, 지하1층 (신림동, 경신빌딩)",특급,126.913354117853,37.4867009567317,노래방
9096,"서울특별시 관악구 양녕로 42, 지하1층 (봉천동)",둘리,126.947087251957,37.4857887870539,노래방
9097,"서울특별시 관악구 남현1길 53, 3층 (남현동)",밀레니엄,126.980572342042,37.4759550640351,노래방
9098,"서울특별시 관악구 신원로1길 1, 지하1층 (신림동)",둘리,126.927804196413,37.4801028543936,노래방
9099,"서울특별시 관악구 난곡로75길 7, 2층 (신림동)",놀러와,126.913311886772,37.4856731459643,노래방
9100,"서울특별시 관악구 남부순환로 1729, 지하1층 (봉천동)",코인쏭동전노래연습장,126.942236041763,37.4825836100965,노래방
9101,"서울특별시 관악구 관악로 222, 지하1층 (봉천동)",아담,126.955533502141,37.4843576823304,노래방
9102,"서울특별시 관악구 남부순환로 1597-12, 지하1층 (신림동)",필링,126.927898614686,37.484677603172,노래방
9103,"서울특별시 관악구 봉천로 485, 2층 (봉천동)",둥지,126.953900504959,37.4821241769139,노래방
9104,"서울특별시 관악구 조원로 16, 지하1층 (신림동)",SBS 노래연습장,126.903987072292,37.4832756515884,노래방
9105,"서울특별시 관악구 신원로 2, 지하1층 (신림동)",플러스,126.928154170428,37.4795735447168,노래방
9106,"서울특별시 관악구 남현3길 78, 3층 (남현동)",몰디브 노래연습장,126.980862131803,37.4753785551349,노래방
9107,"서울특별시 관악구 난곡로65길 6, 2층 (신림동)",짝 노래연습장,126.91377791936,37.482455625959,노래방
9108,"서울특별시 관악구 봉천로 234, 지하1층 (신림동)",샛별,126.927350812044,37.4892266368485,노래방
9109,"서울특별시 관악구 관악로 146, 지하1층 (봉천동)",샤 노래연습장,126.952535894024,37.4782829052335,노래방
9110,"서울특별시 관악구 신림동길 8, 지하1층 (신림동)",수빈,126.927786331214,37.4875056187113,노래방
9111,"서울특별시 관악구 관악로14길 15, 지하1층 (봉천동)",지은노래연습장,126.953504196407,37.4792433156421,노래방
9112,"서울특별시 관악구 봉천로 230, 2층 (신림동)",뮤직박스,126.927056282032,37.4893161056233,노래방
9113,"서울특별시 관악구 신원로 34, B01호 (신림동)",OK 노래연습장,126.929215594935,37.4818206708457,노래방
9114,"서울특별시 관악구 낙성대로 14, 2층 (봉천동)",JJ노래연습장,126.958738857522,37.4772823205448,노래방
9115,"서울특별시 관악구 봉천로 217-1, 지하1층 (봉천동)",브이아이피 노래연습장,126.925974819591,37.4901461618804,노래방
9116,"서울특별시 관악구 남부순환로 1507, 2층 (신림동)",앵콜,126.917965256661,37.482725756528,노래방
9117,"서울특별시 관악구 낙성대로 9, 지하1층 (봉천동)",여상노래연습장,126.959623492141,37.4775364405334,노래방
9118,"서울특별시 관악구 남부순환로 1539, 지하1층 (신림동)",큐,126.921605185455,37.4834125436773,노래방
9119,"서울특별시 관악구 신림로68길 7, 지하1층 (신림동)",가자,126.929719265446,37.4865511753391,노래방
9120,"서울특별시 관악구 봉천로 580, 지하1층 (봉천동)",골드,126.961791215406,37.4768855512872,노래방
9121,"서울특별시 관악구 남현1길 59, 지하1층 (남현동)",별밤지기,126.980753226723,37.4759578867679,노래방
9122,"서울특별시 관악구 봉천로 309, 지층 (봉천동)",킹노래연습장,126.935159351764,37.4865721261227,노래방
9123,"서울특별시 관악구 신림로 206, 태영빌딩 지하1층 (신림동)",찬찬찬,126.937446935701,37.4756288046285,노래방
9124,"서울특별시 관악구 난곡로 355, 2층 (신림동)",좋은노래연습장,126.913554323021,37.4856571054516,노래방
9125,"서울특별시 관악구 난곡로 228, 지하1층 (신림동)",현대,126.917135436386,37.4746796163839,노래방
9126,"서울특별시 관악구 쑥고개로 83, 지하1층 (봉천동)",짝노래연습장,126.945755793903,37.4794875196969,노래방
9127,"서울특별시 관악구 조원로2길 54, 지하1층 (신림동)",스카이 노래연습장,126.901256815373,37.4814551662605,노래방
9128,"서울특별시 관악구 봉천로 333, 2층 (봉천동)",웃음잔치,126.93765234674,37.4854334224228,노래방
9129,"서울특별시 관악구 미성3길 4, 지하1층 (신림동)",MBC,126.916238585386,37.474185681173,노래방
9130,"서울특별시 관악구 관악로 268, 지하1층 (봉천동)",스타,126.958274612985,37.4879253230576,노래방
9131,"서울특별시 관악구 신림로 361, 3층 (신림동)",WINNER 노래연습장,126.929000270731,37.4864178467712,노래방
9132,"서울특별시 관악구 봉천로 216, 지하1층 (신림동)",원 노래연습장,126.925520785086,37.489616444532,노래방
9133,서울특별시 관악구 보라매로 17 (봉천동),큐 노래연습장,126.926926728097,37.4910282099961,노래방
9134,"서울특별시 관악구 신림로59길 11, 지하1층 (신림동)",고래고래 코인노래연습장,126.929004529702,37.4829924861404,노래방
9135,"서울특별시 관악구 대학길 36, 지하1층 (신림동)",비투박스코인노래연습장,126.93757500788,37.4691242093594,노래방
9136,"서울특별시 관악구 과천대로 951, 연송빌딩 3층 (남현동)",ON코인노래연습장,126.981275188365,37.4755280988508,노래방
9137,"서울특별시 관악구 신림로 328, 지하1층 (신림동)",스타버스코인노래연습장 신림2호점,126.929982893039,37.4834547467373,노래방
9138,"서울특별시 관악구 시흥대로 558, 지하1층 (신림동)",팔천냥 노래연습장,126.901794859232,37.4826771119431,노래방
9139,"서울특별시 관악구 관악로 1, 서울대학교 900동 B106호 (신림동)",휴 코인노래연습장,126.94815644252,37.4662872666604,노래방
9140,"서울특별시 관악구 호암로22길 61, 지하1층 (신림동)",멜로디팩토리 노래연습장(코인),126.936214326413,37.468703882007,노래방
9141,"서울특별시 관악구 은천로 28, 봉일프라자 가동 2층 (봉천동)",슈노래연습장,126.938389949449,37.4859081000629,노래방
9142,"서울특별시 관악구 봉천로 463, 금강빌딩 지하1층 (봉천동)",전국,126.951472324938,37.4825453271554,노래방
9143,"서울특별시 관악구 난우2길 1, 지하1층 (신림동)",카톡노래연습장,126.918970922999,37.4736476112498,노래방
9144,"서울특별시 관악구 남현1길 58, 3층 (남현동)",세븐,126.980498725427,37.4755925756593,노래방
9145,"서울특별시 관악구 봉천로 615, 지하1층 (봉천동)",비엔나,126.965544818355,37.4757451261734,노래방
9146,"서울특별시 관악구 관악로30길 15, 지하1층 (봉천동)",쎄븐,126.958833779086,37.4866379787681,노래방
9147,"서울특별시 관악구 신림로11길 18-9, 지하1층 (신림동)",쇼킹이벤트 노래연습장,126.938209189839,37.4695236904136,노래방
9148,"서울특별시 관악구 관악로17길 46, 아비숑 지하1층 (봉천동)",에이스,126.949208315362,37.4810865433233,노래방
9149,"서울특별시 관악구 조원로 6, 정화빌딩 지하1층 (신림동)",둘리노래연습장,126.902743197396,37.4834043794316,노래방
9150,"서울특별시 관악구 신림로 375, 지하1층 (신림동)",타임노래연습장,126.928516176109,37.4876524763285,노래방
9151,"서울특별시 관악구 신원로1길 2, 지하1층 (신림동)",스타,126.927769925725,37.4802344708588,노래방
9152,"서울특별시 관악구 은천로 27, 지상4층 (봉천동)",소나타,126.938558361976,37.4863947321423,노래방
9153,서울특별시 관악구 신림동7길 51 (신림동),미팅,126.926925956652,37.4848553151336,노래방
9154,"서울특별시 관악구 관악로 148, 지하1층 (봉천동)",고고,126.952584285368,37.4784570897706,노래방
9155,"서울특별시 관악구 신림동길 25, 지하1층 (신림동)",짠짜라,126.925956863933,37.4869149568776,노래방
9156,"서울특별시 관악구 신림로65길 19, 지하1층 (신림동)",샤인 노래연습장,126.928442650702,37.4849566157763,노래방
9157,"서울특별시 관악구 신림로67길 28, 지하1층 (신림동)",해피,126.927793385814,37.485932463109,노래방
9158,"서울특별시 관악구 봉천로 379, 대성빌딩 지하1층 (봉천동)",월드컵,126.942251044267,37.4835103948741,노래방
9159,"서울특별시 관악구 조원로4길 25, 지하1층 (신림동)",엑스포,126.905106252803,37.4824161828217,노래방
9160,"서울특별시 관악구 당곡길 76, 지하1층 (봉천동)",꽃노래연습장,126.927102533278,37.4921043014314,노래방
9161,"서울특별시 관악구 난곡로 170, 지하1층 (신림동)",열린노래연습장,126.920111683421,37.4702729335697,노래방
9162,"서울특별시 관악구 남부순환로 1597-10, 2층 (신림동)",위드,126.927938385033,37.4845901395306,노래방
9163,"서울특별시 관악구 남부순환로 1743, 지층 (봉천동)",패밀리노래연습장,126.943900677311,37.4824272762888,노래방
9164,"서울특별시 관악구 남부순환로 1677, 2층 (봉천동)",대흥노래연습장,126.937123317751,37.4847415281238,노래방
9165,"서울특별시 관악구 호암로 602, 지하1층 (신림동, 도원빌딩)",멋진동전노래연습장,126.933789521062,37.4708055970592,노래방
9166,"서울특별시 관악구 남부순환로 1929, 지하1층 (봉천동)",실로코인노래연습장,126.963570478352,37.4773371586458,노래방
9167,"서울특별시 관악구 남부순환로 1597-4, 2층 (신림동)",진,126.928033543858,37.4843992738704,노래방
9168,서울특별시 관악구 양녕로 66 (봉천동),스마일(코인),126.946766630066,37.4879640368171,노래방
9169,"서울특별시 관악구 봉천로 533, 지하1층 (봉천동)",딱이야,126.957194097067,37.479016844813,노래방
9170,"서울특별시 관악구 양녕로 13, 2층 (봉천동)",라이브,126.946278009024,37.4832817264304,노래방
9171,"서울특별시 관악구 신림로 312, 지층 (신림동)",슈퍼스타코인노래연습장,126.93014846789,37.4821884771875,노래방
9172,"서울특별시 관악구 시흥대로 548, 2층 (신림동)",필 노래연습장,126.901084634069,37.4817894766254,노래방
9173,"서울특별시 관악구 청룡2길 1, 지하1층 (봉천동)",썬 노래연습장,126.946078363361,37.4812001251018,노래방
9174,"서울특별시 관악구 난곡로 263, 지층 (신림동)",뉴서울디스코,126.915142626366,37.4775257525325,노래방
9175,"서울특별시 관악구 장군봉1길 3, 지하1층 (봉천동)",신세대노래연습장,126.940355235869,37.4822954340398,노래방
9176,"서울특별시 관악구 봉천로 446, 지하1층 (봉천동)",우리노래연습장,126.949355633225,37.4822602606696,노래방
9177,"서울특별시 관악구 호암로 590, 지하1층 (신림동)",수,126.933281768953,37.4698604217502,노래방
9178,"서울특별시 관악구 은천로5길 3, 지하1층 (봉천동)",가족 노래연습장,126.937990983399,37.4865289562227,노래방
9179,"서울특별시 관악구 난곡로26길 10, 지하1층 (신림동)",난곡노래연습장,126.920423412605,37.4705318240026,노래방
9180,"서울특별시 관악구 은천로 119-1, 2층 (봉천동)",성현노래연습장,126.948674892667,37.4868721387703,노래방
9181,"서울특별시 관악구 난곡로 205, 2층 (신림동)",조아조아 노래연습장,126.918374477796,37.473226338987,노래방
9182,"서울특별시 관악구 신림로65길 15-2, 지하1층 (신림동, YJ빌딩)",힐링노래연습장,126.928584322012,37.4849582332089,노래방
9183,"서울특별시 관악구 호암로24길 63, 지하1층 (신림동, 분창학당독서실)",착한동전노래연습장,126.936646318556,37.4694400599512,노래방
9184,"서울특별시 관악구 호암로24길 37, 지하1층 (신림동)",킹 노래연습장,126.935269728393,37.4696394283484,노래방
9185,"서울특별시 관악구 호암로24길 46, 지하1층 (신림동)",코인스테이지동전노래연습장,126.935608622691,37.4693888622453,노래방
9186,서울특별시 관악구 신림동5길 49 (신림동),돌고래 노래연습장,126.927870341054,37.4850377189136,노래방
9187,"서울특별시 관악구 신림동5가길 16, 로데오오피스텔 지하1층 (신림동)",로데오 노래연습장,126.926277609124,37.4867194585284,노래방
9188,"서울특별시 관악구 난곡로63길 65, 지하1층 (신림동)",푸른 노래연습장,126.91109520611,37.4804104203911,노래방
9189,"서울특별시 관악구 남현길 6, 지하1층 (남현동)",윈스타코인 노래연습장,126.977420778667,37.4762456200812,노래방
9190,"서울특별시 관악구 신림로 351, 지하1층 (신림동, 동산빌딩)",호박 노래연습장,126.929244209238,37.4856471806983,노래방
9191,"서울특별시 관악구 신림로65길 42, 지하1층 (신림동)",햇살 노래연습장,126.927057418795,37.4848908059925,노래방
9192,"서울특별시 관악구 난곡로66길 7, 지하1층 (신림동)",M노래연습장,126.914793328054,37.4826647658698,노래방
9193,"서울특별시 관악구 신사로 102, 지하1층 (신림동, 소준빌딩)",뉴팡팡노래연습장,126.913803168154,37.487050065344,노래방
9194,"서울특별시 관악구 신림로 212, 2층 (신림동)",와썸 코인노래연습장 신림점,126.937546743966,37.4763290320296,노래방
9195,"서울특별시 관악구 관악로 194, 지하1층 (봉천동)",칸소네 노래연습장,126.953733187372,37.4822829593592,노래방
9196,"서울특별시 관악구 난우길 14, 지하1층 (신림동)",궁,126.918828331269,37.4743079536145,노래방
9197,"서울특별시 관악구 신림로 363-1, 화산빌딩 3층 (신림동)",선물 노래연습장,126.928906419704,37.4866603416892,노래방
9198,"서울특별시 관악구 봉천로 608, 지하1층 (봉천동)",스타노래연습장,126.964593456431,37.4757884538005,노래방
9199,"서울특별시 관악구 보라매로 4, 지하1층 (봉천동)",라이브,126.92797868299,37.4899597205932,노래방
9200,"서울특별시 관악구 대학길 31, 지하1층 (신림동)",피노키오,126.937895218559,37.4693096258849,노래방
9201,"서울특별시 관악구 남부순환로 1483, 지하1층 (신림동)",둘리,126.915294416313,37.4822721062451,노래방
9202,"서울특별시 관악구 신림로 127, 지하1층 (신림동)",sbs노래연습장,126.935250407313,37.4708080284167,노래방
9203,"서울특별시 관악구 신림로 351, 6층 (신림동, 동산빌딩)",BEST,126.929244209238,37.4856471806983,노래방
9204,"서울특별시 관악구 신림로 269, 지하1층 (신림동)",7,126.931552572263,37.4787419486296,노래방
9205,"서울특별시 관악구 남부순환로 1908, 지하1층 (봉천동)",원투,126.961205621131,37.4777033870366,노래방
9206,"서울특별시 관악구 은천로2길 35, 지하1층 (봉천동)",봉일,126.938805047911,37.4856008017048,노래방
9207,"서울특별시 관악구 조원로 106, 대신빌딩 지하1층 (신림동)",발리노래연습장,126.914219971478,37.4847518972461,노래방
9208,"서울특별시 관악구 관악로14길 11, 지하1층 (봉천동)",골든싱어코인노래연습장 서울대점,126.953258518036,37.4792475435531,노래방
9209,"서울특별시 관악구 난우길 10, 지하1층 (신림동)",데일리 코인노래연습장,126.918879281753,37.4740269636356,노래방
9210,"서울특별시 관악구 관천로 54, 지하1층 (신림동)",팝콘 노래연습장,126.926543883028,37.4844148455613,노래방
9211,서울특별시 서초구 동산로19길 35-1  (양재동),마리,127.046263193186,37.4740279127572,노래방
9212,"서울특별시 서초구 바우뫼로6길 8-4 (우면동,,10)",우면,127.025424094825,37.4698667908388,노래방
9213,"서울특별시 서초구 논현로 169, 지1층 (양재동, 영민빌딩)",가자노래연습장,127.04139915401,37.4846070247538,노래방
9214,"서울특별시 서초구 사임당로 181, 지하1층 (서초동)",석노래연습장,127.02932311263,37.4930381253974,노래방
9215,서울특별시 서초구 동광로 56-4 (방배동),큐노래연습장,126.988759408831,37.4920226410184,노래방
9216,서울특별시 서초구 매헌로 25 (양재동),수노래연습장,127.035071053211,37.4633159523289,노래방
9217,"서울특별시 서초구 반포대로10길 7 (서초동,(지하1층))",왕노래연습장,127.012245063852,37.4837370520536,노래방
9218,서울특별시 서초구 강남대로10길 8  (양재동),어울림노래연습장,127.041340828869,37.4682190307831,노래방
9219,"서울특별시 서초구 서초대로 275, 지하1층 (서초동, 중앙빌딩)",플로라노래연습장,127.011641325349,37.4933972689503,노래방
9220,"서울특별시 서초구 방배로11길 3, 지층 (방배동, 성암빌딩)",K2노래연습장,126.996377605321,37.4817029730613,노래방
9221,"서울특별시 서초구 강남대로10길 5, 지하1층 (양재동)",33노래연습장,127.041200505157,37.4679421090277,노래방
9222,서울특별시 서초구 동산로 14 (양재동),궁전노래연습장,127.041263819781,37.4694026255299,노래방
9223,"서울특별시 서초구 서초대로50길 41, 백송빌딩 지하1층 (서초동)",제이노래연습장,127.013569321577,37.4914554826548,노래방
9224,"서울특별시 서초구 동광로 66 (방배동,(지하1층))",덩쿨,126.98984885751,37.4924210749833,노래방
9225,서울특별시 서초구 나루터로 59 (잠원동),야노노래연습장,127.016471245035,37.5152966228905,노래방
9226,"서울특별시 서초구 반포대로22길 89 (서초동,지하1층)",아라 노래연습장,127.0129988099,37.4912273216184,노래방
9227,"서울특별시 서초구 반포대로24길 96, 지층 (서초동, 구산빌딩)",럭셔리노래연습장,127.014017292973,37.4888282723171,노래방
9228,"서울특별시 서초구 방배중앙로 148 (방배동,지상2층)",방가방가노래연습장,126.98697772885,37.4921922078459,노래방
9229,"서울특별시 서초구 논현로17길 19, 덕산빌딩 지하1층 (양재동)",본코인노래연습장,127.044851166001,37.4758748066181,노래방
9230,"서울특별시 서초구 방배로13길 7, 지하1층 (방배동)",악쓰는하마코인노래연습장,126.995952085138,37.4829584249486,노래방
9231,"서울특별시 서초구 고무래로 26, 지1층 (반포동, 쌍동빌딩)",슈퍼스타코인노래연습장 반포점,127.011242817338,37.5023470946819,노래방
9232,"서울특별시 서초구 강남대로53길 7, 지하1층 (서초동, 강남애니타워)",러블리2노래연습장,127.028259839376,37.4942643848404,노래방
9233,"서울특별시 서초구 강남대로 437, 지하1층 (서초동, 대원빌딩)",고래고래코인노래연습장,127.025511220431,37.5013634093685,노래방
9234,"서울특별시 서초구 강남대로 222-6, 지1층 (양재동)",싱싱노래연습장,127.035731329216,37.4838278806282,노래방
9235,"서울특별시 서초구 방배로13길 10, 의성빌딩 지하1층 (방배동)",리코스타코인노래연습장,126.995864791571,37.4831074487678,노래방
9236,서울특별시 서초구 방배중앙로 170  (방배동),런던노래연습장,126.986319913252,37.4942811185908,노래방
9237,"서울특별시 서초구 남부순환로350길 25 (양재동,지하)",M노래연습장,127.036198694448,37.483731600749,노래방
9238,서울특별시 서초구 효령로 314 (서초동),로얄노래연습장,127.018559459555,37.4853058757741,노래방
9239,"서울특별시 서초구 신반포로 205  (잠원동,반포쇼핑타운6동 지하10,11)",모아,127.006460397501,37.5070244820045,노래방
9240,"서울특별시 서초구 주흥16길 22 (반포동,지하1층)",팡팡노래연습장,127.019783823758,37.5095752783696,노래방
9241,"서울특별시 서초구 서초대로46길 100, 2층 (서초동)",썸노래연습장,127.013515118273,37.4899808098296,노래방
9242,서울특별시 서초구 청계산로 189 (신원동),대박노래연습장,127.055346341681,37.4482583991528,노래방
9243,"서울특별시 서초구 사임당로 175, 지층 (서초동, 갤럭시타워)",썸노래연습장,127.028677182607,37.4929803491944,노래방
9244,"서울특별시 서초구 서초대로77길 37, 402호 (서초동, 서초동월드)",슈퍼스타코인노래연습장,127.025104306207,37.5009946247186,노래방
9245,"서울특별시 서초구 반포대로 30, 지층 (서초동, 성원빌딩)",테마노래연습장,127.012232768385,37.4832191535572,노래방
9246,"서울특별시 서초구 마방로6길 7-39 (양재동,지하1층)",코리아노래연습장,127.043381657145,37.4763876693999,노래방
9247,서울특별시 서초구 방배로 83-13 (방배동),알라딘 노래연습장,126.996406413745,37.4821705975535,노래방
9248,"서울특별시 서초구 반포대로22길 91 (서초동,(지하1층))",파브노래연습장,127.013171270919,37.4913384868369,노래방
9249,서울특별시 서초구 동광로 65  (방배동),E.V노래연습장,126.989685077776,37.4927301963872,노래방
9250,"서울특별시 서초구 강남대로10길 29 (양재동,지하1층)",청계산 노래연습장,127.0409794887,37.4689396049364,노래방
9251,서울특별시 서초구 남부순환로350길 19-6 (양재동),칼라노래연습장,127.036175924594,37.4838753185875,노래방
9252,서울특별시 서초구 양재천로17길 26 (양재동),쟁반노래연습장,127.037071616217,37.4762993562556,노래방
9253,서울특별시 서초구 서래로8길 3 (반포동),SBS노래연습장,126.998756374481,37.4987308947839,노래방
9254,서울특별시 서초구 남부순환로356길 18-3 (양재동),콘서트노래연습장,127.037755779902,37.4840876425097,노래방
9255,서울특별시 서초구 논현로19길 5 (양재동),플레이 노래연습장,127.045102227937,37.4765784897197,노래방
9256,서울특별시 서초구 효령로31길 21 (방배동),비너스노래연습장,126.996078081511,37.4821328348401,노래방
9257,서울특별시 서초구 강남대로30길 22 (양재동),디스 노래연습장,127.038474222068,37.4819278731599,노래방
9258,서울특별시 서초구 나루터로 69 (잠원동),제일노래연습장,127.017376361713,37.5157364533318,노래방
9259,서울특별시 서초구 서초대로46길 9 (서초동),놀러와 노래연습장,127.010062888266,37.4920242789136,노래방
9260,"서울특별시 서초구 서초대로50길 63, 지층 (서초동)",룰루랄라노래연습장,127.013770639952,37.4904511963986,노래방
9261,"서울특별시 서초구 신반포로 177, 반포쇼핑타운 3동 지하1층 11~16호 (잠원동)",판타스타 코인노래연습장,127.003407328203,37.5060995475667,노래방
9262,"서울특별시 서초구 서래로 43, 지하1층 (반포동)",레디액션코인노래연습장,126.998218186102,37.4988983849648,노래방
9263,"서울특별시 서초구 남부순환로347길 13, 동흥빌딩 지하1층 (서초동)",히트노래연습장,127.031688484376,37.4849669177093,노래방
9264,"서울특별시 서초구 강남대로37길 51, 요한빌딩 지하1층 (서초동)",와와노래연습장,127.030728846459,37.4845964062297,노래방
9265,"서울특별시 서초구 반포대로28길 63, 지하1층 (서초동)",원투노래연습장,127.011762392042,37.4916896679975,노래방
9266,"서울특별시 서초구 반포대로28길 79, 지하1층 (서초동)",칼라노래연습장,127.012583272329,37.4920097113348,노래방
9267,"서울특별시 서초구 방배천로 5-2, 지하1층 (방배동)",벅스(Bucks)노래연습장,126.982289296798,37.477336761911,노래방
9268,"서울특별시 서초구 서초중앙로22길 43, 지하1층 (서초동)",필드스타코인노래연습장,127.016286091652,37.4934851988554,노래방
9269,"서울특별시 서초구 서초대로50길 79, 지하1층 (서초동)",코코노래연습장,127.0138967008,37.4897435302428,노래방
9270,"서울특별시 서초구 동산로 7, 지하1층 (양재동)",판타스틱코인노래연습장 양재동시민의숲점,127.040533696282,37.4692386239733,노래방
9271,"서울특별시 서초구 반포대로28길 51, 정연빌딩 (서초동)",특급노래연습장,127.011236322064,37.4914536552611,노래방
9272,"서울특별시 서초구 마방로10길 18-4, 영진빌딩 지하호 (양재동)",VIP노래연습장,127.043525655096,37.4765259214262,노래방
9273,"서울특별시 서초구 서초대로77길 62, 강남역 IPARK B2층 B206호 (서초동)",포탈코인노래연습장,127.023903040367,37.5027308418076,노래방
9274,서울특별시 서초구 서초중앙로22길 43 (서초동),필드스타코인2노래연습장,127.016286091652,37.4934851988554,노래방
9275,"서울특별시 서초구 신반포로 325, 반포빌딩 지하1층 (잠원동)",어여와노래연습장,127.01924347787,37.5107109036829,노래방
9276,"서울특별시 서초구 신반포로 194  (반포동,경부고속터미널지하8호)",시티노래연습장,127.006834366246,37.5064357442307,노래방
9277,"서울특별시 서초구 효령로31길 19 (방배동,지하1층)",명품노래연습장,126.996134165863,37.4820307523841,노래방
9278,"서울특별시 서초구 강남대로95길 15 (잠원동,외 2)",MK노래연습장,127.019157367211,37.5136632383032,노래방
9279,"서울특별시 서초구 반포대로26길 56, 서진빌딩 지하1층 (서초동)",탑노래연습장,127.012186553813,37.4910527929473,노래방
9280,"서울특별시 서초구 서래로 45, 지하1층 (반포동)",JOO노래연습장,126.998231866191,37.4990491235214,노래방
9281,"서울특별시 서초구 신반포로47길 9-3, 백상빌딩 지하1층 (잠원동)",맨하탄노래연습장,127.019404064527,37.5110568631202,노래방
9282,"서울특별시 서초구 서초중앙로 75, 동궁빌딩 지하1층 (서초동)",엔젤스코인노래연습장 교대점,127.014286230696,37.4885005435472,노래방
9283,"서울특별시 서초구 서초대로77길 43, 경원빌딩 4층 (서초동)",닥터브이 코인노래연습장 강남점,127.024910034409,37.5013914688515,노래방
9284,"서울특별시 서초구 방배중앙로 172, 지하1층 (방배동)",판타스틱코인노래연습장 방배카페거리점,126.98627793396,37.4944245540339,노래방
9285,"서울특별시 서초구 서초대로46길 106, 남일빌딩 지하1층 (서초동)",뱅뱅노래연습장,127.013806176476,37.4900047429788,노래방
9286,"서울특별시 서초구 방배천로 5-3 (방배동,(지하1층))",슈퍼스타코인노래연습장 사당점,126.982257596187,37.4770492449913,노래방
9287,"서울특별시 서초구 사평대로26길 47 (반포동,지하)",TOP노래연습장,126.999213708341,37.498046944776,노래방
9288,"서울특별시 서초구 사임당로 39, 한성빌딩 지하1층 (서초동)",엄지척노래연습장,127.014095010132,37.4884189352008,노래방
9289,서울특별시 서초구 서초대로26길 3 (방배동),행복한 노래연습장,126.994539234638,37.487668479453,노래방
9290,"서울특별시 서초구 신반포로 165 (잠원동,반포쇼핑2동 지하)",스타노래연습장,127.002171712729,37.5057251189753,노래방
9291,서울특별시 서초구 주흥길 12 (반포동),민들레노래연습장,127.020698222766,37.5044881373528,노래방
9292,"서울특별시 서초구 나루터로 73, 라전빌딩 (잠원동)",美노래연습장,127.017808675422,37.5157130529455,노래방
9293,서울특별시 서초구 동산로19길 35-1 (양재동),마리,127.046263193186,37.4740279127572,노래방
9294,서울특별시 서초구 서초대로50길 94 (서초동),수노래연습장,127.013652331411,37.4890335646337,노래방
9295,"서울특별시 서초구 신반포로47길 33-2  (잠원동,지하1층)",스타노래방,127.018907695569,37.5121700443755,노래방
9296,서울특별시 서초구 강남대로12길 8  (양재동),알라딘노래연습장,127.040128200027,37.4694312182693,노래방
9297,"서울특별시 서초구 반포대로28길 56-3  (서초동,지하1층)",팡팡,127.011591359711,37.491302882416,노래방
9298,서울특별시 서초구 서초중앙로20길 15 (서초동),디제이,127.014864001042,37.4923485855521,노래방
9299,"서울특별시 서초구 신반포로 189 (잠원동,반포쇼핑5동지하22,23,24)",강남,127.004868141536,37.50654540385,노래방
9300,서울특별시 서초구 남부순환로356길 26 (양재동),코러스코인노래연습장,127.037905407615,37.4837229564462,노래방
9301,"서울특별시 서초구 강남대로101길 17, 아이미 서초빌딩 3층 (잠원동)",청개구리노래연습장,127.018391335228,37.5166881198946,노래방
9302,"서울특별시 서초구 서초대로46길 16 (서초동,지하1층)",파티파티,127.00988327959,37.4917096623033,노래방
9303,서울특별시 서초구 방배로 212 (방배동),하늘소노래연습장,126.991090483873,37.4921870033469,노래방
9304,"서울특별시 서초구 서초중앙로33길 6-6  (반포동,(지하1층))",큐앤드큐노래방,127.01118120668,37.5017571219267,노래방
9305,"서울특별시 서초구 방배중앙로 151 (방배동,지하1층)",레이노래연습실,126.986398680536,37.4926870658968,노래방
9306,서울특별시 서초구 강남대로99길 19  (잠원동),스타워즈노래연습장,127.018538526201,37.5149747482622,노래방
9307,서울특별시 서초구 강남대로34길 43 (양재동),고고싱노래연습장,127.038240001241,37.4837897935629,노래방
9308,"서울특별시 서초구 마방로10길 18-16 (양재동,(지하1층))",월드컵노래연습장,127.043120231358,37.4761127769354,노래방
9309,"서울특별시 서초구 서초대로75길 34, 지층 (서초동)",토토노래연습장,127.025182878969,37.5005817670536,노래방
9310,"서울특별시 서초구 강남대로97길 19 (잠원동,지하1층)",개구리노래연습장,127.018629007448,37.5144853988295,노래방
9311,"서울특별시 서초구 서초대로77길 55  (서초동,3층)",오페라노래연습장,127.024465815419,37.5021008334827,노래방
9312,"서울특별시 서초구 반포대로30길 12-3 (서초동,지하1층)",앵콜노래연습장,127.009428917535,37.4915649976511,노래방
9313,"서울특별시 서초구 신반포로47길 105 (잠원동,지하1층)",SBS노래연습장,127.018724250256,37.5149499413614,노래방
9314,"서울특별시 서초구 서초중앙로22길 34 (서초동,지하1층)",딸기노래연습장,127.015781346201,37.49315099371,노래방
9315,서울특별시 서초구 남부순환로356길 18-5 (양재동),팡팡노래연습장,127.037560260553,37.484029950182,노래방
9316,서울특별시 서초구 강남대로18길 15-3 (양재동),해피노래연습장,127.039623264649,37.4720582848971,노래방
9317,"서울특별시 서초구 효령로 330 (서초동,지하1층)",렉시노래연습장,127.020252541367,37.4857601563836,노래방
9318,"서울특별시 서초구 강남대로10길 12, 지1층 (양재동)",큐노래연습장,127.041245472018,37.4683106969154,노래방
9319,"서울특별시 서초구 강남대로37길 38, 지층 (서초동, 범경빌딩)",탬버린노래연습장,127.031416883965,37.4849344638394,노래방
9320,서울특별시 서초구 나루터로 70 (잠원동),빌보드노래연습장,127.017751581004,37.5153529303454,노래방
9321,"서울특별시 서초구 방배천로 5-2  (방배동,지상3층)",조이,126.982289296798,37.477336761911,노래방
9322,서울특별시 서초구 방배천로2길 12 (방배동),열린노래연습장,126.983563797689,37.4766986708511,노래방
9323,"서울특별시 서초구 신반포로47길 36 (잠원동,(지하1층))",청춘노래연습장,127.019027068855,37.512344820029,노래방
9324,"서울특별시 서초구 강남대로101길 44, 지1층 (잠원동, 잠원그린빌)",SOO 노래연습장,127.01760452304,37.5177122302467,노래방
9325,"서울특별시 서초구 강남대로10길 21, 지하1층 (양재동)",24시노래연습장,127.040482595477,37.4686000050228,노래방
9326,서울특별시 서초구 동산로2길 11 (양재동),킹노래연습장,127.041964869314,37.4693198460582,노래방
9327,서울특별시 서초구 강남대로 545-12 (반포동),뮤즈노래연습장,127.020712079242,37.5104317043076,노래방
9328,"서울특별시 서초구 서초대로 20, 지하1층 (방배동)",짱노래연습장,126.984468013521,37.4854093879134,노래방
9329,"서울특별시 서초구 서초대로24길 25 (방배동,지하)",美노래연습장,126.993763906293,37.4863117931563,노래방
9330,서울특별시 서초구 방배천로 8 (방배동),줌노래연습장,126.982945722882,37.477221979757,노래방
9331,서울특별시 서초구 사평대로52길 1  (서초동),올리브,127.022220997528,37.5034951328617,노래방
9332,"서울특별시 서초구 방배천로2길 2 (방배동,지하1층)",웃찾사 노래연습장,126.982958112955,37.4769267206921,노래방
9333,"서울특별시 서초구 서초대로77길 37, 7층 (서초동, 서초동월드)",마네키네코노래연습장((주)한국코시다카),127.025104306207,37.5009946247186,노래방
9334,"서울특별시 서초구 강남대로8길 23-1 (양재동,지하1층)",방가방가노래연습장,127.042053508443,37.4683342889027,노래방
9335,"서울특별시 서초구 서초대로48길 16, 지층 (서초동)",신나는노래연습장,127.011320881073,37.4920545290117,노래방
9336,서울특별시 서초구 서초중앙로20길 18 (서초동),MBC노래연습장,127.015164646675,37.4922051970824,노래방
9337,서울특별시 서초구 사평대로55길 45 (반포동),도레미노래연습장,127.021903800868,37.5059359255975,노래방
9338,서울특별시 서초구 강남대로97길 17 (잠원동),열창노래연습장,127.018840215099,37.5145988918198,노래방
9339,"서울특별시 서초구 강남대로 212 (양재동,지하1층)",휴노래연습장,127.036028236967,37.4831182461864,노래방
9340,"서울특별시 서초구 강남대로101안길 8, 지하1층 (잠원동)",해피노래연습장,127.018022002359,37.51663384631,노래방
9341,서울특별시 서초구 효령로52길 1  (서초동),알프스,127.012829790189,37.4841270366188,노래방
9342,"서울특별시 서초구 동광로12가길 42  (방배동,(지하1층))",째즈,126.982600664877,37.4875183878328,노래방
9343,서울특별시 서초구 동산로 10 (양재동),떳다Q,127.040909969094,37.4691501952484,노래방
9344,서울특별시 서초구 바우뫼로 182-1 (양재동),우리노래연습장,127.040058756633,37.4784744995051,노래방
9345,"서울특별시 서초구 효령로31길 27, 지층 (방배동)",볼케이노 노래연습장,126.99597676771,37.4823124925971,노래방
9346,서울특별시 서초구 동산로19길 49 (양재동),쿨노래연습장,127.045571043458,37.4746824951663,노래방
9347,서울특별시 서초구 마방로6길 7-51 (양재동),스타노래연습장,127.043895175211,37.4760467178815,노래방
9348,서울특별시 서초구 바우뫼로 177 (양재동),콘서트노래연습장,127.039388690657,37.4785199554486,노래방
9349,"서울특별시 서초구 강남대로 359 (서초동,B104호)",문노래연습장,127.02860980273,37.4947989581217,노래방
9350,서울특별시 서초구 강남대로95길 47-9 (잠원동),갤러리노래연습장,127.018113038265,37.5128009619491,노래방
9351,서울특별시 서초구 남부순환로350길 21  (양재동),사운드노래연습장,127.036048938896,37.4838475162363,노래방
9352,"서울특별시 서초구 서초대로50길 76 (서초동,(지상2층))",웰빙노래연습장,127.013551723943,37.4898121370017,노래방
9353,"서울특별시 서초구 바우뫼로35길 22 (양재동,지하1층)",모창노래연습장,127.039035125242,37.4795385736716,노래방
9354,"서울특별시 서초구 신반포로 189 (잠원동,반포쇼핑타운4동 지하)",4동노래연습장,127.004868141536,37.50654540385,노래방
9355,서울특별시 서초구 효령로31길 48  (방배동),실버노래연습장,126.995700835112,37.4833418853768,노래방
9356,"서울특별시 서초구 강남대로 160-2, 라이온스빌딩 지하1층 (양재동)",수노래연습장,127.039018187695,37.4789271543915,노래방
9357,서울특별시 서초구 언남길 75 (양재동),지엠(GM)노래연습장,127.044994209055,37.4749831129275,노래방
9358,"서울특별시 서초구 남부순환로356길 23 (양재동,지하1층)",대주노래연습장,127.038148024061,37.483903620675,노래방
9359,"서울특별시 서초구 강남대로10길 19 (양재동,15호 지층)",와노래연습장,127.040709352983,37.4683817022849,노래방
9360,"서울특별시 서초구 서초대로40길 77, 2층 1호 (서초동)",큐노래연습장,127.008752442726,37.4882396106063,노래방
9361,"서울특별시 서초구 효령로53길 21 (서초동,지하1층(104,105,106호))",스타노래연습장,127.013496898963,37.485501901176,노래방
9362,서울특별시 서초구 방배천로 5-1 (방배동),문노래연습장,126.982475800902,37.4770127866652,노래방
9363,"서울특별시 서초구 서초대로54길 24 (서초동,지하1층)",체리 노래연습장,127.015950282617,37.4931319597713,노래방
9364,서울특별시 서초구 효령로31길 36 (방배동),궁전,126.996092181785,37.4827580453201,노래방
9365,서울특별시 서초구 강남대로101길 28  (잠원동),도레미노래연습장,127.018209336486,37.5171658601622,노래방
9366,서울특별시 서초구 강남대로8길 30 (양재동),XG노래연습장,127.042539309508,37.4684402541002,노래방
9367,서울특별시 서초구 마방로2길 15-5 (양재동),산노래연습장,127.039407439349,37.4731013665514,노래방
9368,서울특별시 서초구 마방로10길 33 (양재동),코러스노래연습장,127.044449102405,37.4761785087251,노래방
9369,"서울특별시 서초구 방배천로 21 (방배동,지상3층)",타임노래연습장,126.982281906997,37.478468969332,노래방
9370,서울특별시 서초구 서초대로77길 31 (서초동),에스비에스노래연습장,127.025375937177,37.5006193877919,노래방
9371,서울특별시 서초구 반포대로26길 73 (서초동),토토노래연습장,127.012930575783,37.4915987243701,노래방
9372,서울특별시 서초구 동광로11길 69 (방배동),투투노래연습장,126.985291334113,37.4942525231863,노래방
9373,"서울특별시 서초구 서래로 31 (반포동,지하1층)",스마일노래연습장,126.998105573052,37.4980053958067,노래방
9374,"서울특별시 서초구 동광로49길 7 (반포동,양지빌딩 지하1층)",라이브존노래연습장,127.001997216453,37.4935252280345,노래방
9375,"서울특별시 서초구 반포대로24길 75 (서초동,지하1층)",H노래연습장,127.013047601483,37.4889469560155,노래방
9376,"서울특별시 서초구 방배로 83-11  (방배동,지하1층)",샴푸노래연습장,126.996510209203,37.482087617749,노래방
9377,서울특별시 서초구 신반포로45길 50-10 (잠원동),채플린노래연습장,127.018039924248,37.5126113117601,노래방
9378,"서울특별시 서초구 서초대로48길 15 (서초동,지하1층)",D데이노래연습장,127.011570559556,37.4920743269838,노래방
9379,"서울특별시 서초구 사임당로 33 (서초동,지하1층)",쿨노래연습장,127.013729882838,37.4883244624687,노래방
9380,서울특별시 서초구 서초대로46길 99 (서초동),조이노래연습장,127.01348530141,37.4901744397779,노래방
9381,"서울특별시 서초구 남부순환로350길 8 (양재동,지하1층)",어린왕자노래연습장,127.035329770856,37.4841728173494,노래방
9382,"서울특별시 서초구 방배로 83-18, 지하1층 (방배동)",보스노래연습장,126.997007580557,37.4818646316946,노래방
9383,"서울특별시 서초구 서초중앙로24길 19, 나라빌딩 지하1층 (서초동)",퀸노래연습장,127.015683475534,37.4950411392692,노래방
9384,"서울특별시 서초구 강남대로 243 (서초동,지하)",김노래연습장,127.033293431719,37.4851359560245,노래방
9385,"서울특별시 서초구 강남대로95길 19-4 (잠원동,지하2층)",킹노래연습장,127.018747659494,37.5135734739406,노래방
9386,"서울특별시 서초구 서초대로 96 (방배동,지하)",서리풀노래연습장,126.992853503947,37.4871931077676,노래방
9387,"서울특별시 서초구 효령로31길 16, 지하1층 (방배동)",인템포노래연습장,126.996533166568,37.4819652614198,노래방
9388,"서울특별시 서초구 남부순환로356길 33 (양재동,지하1층)",짱노래연습장,127.038220097756,37.483559952717,노래방
9389,서울특별시 서초구 방배로 113 (방배동),파레스노래연습장,126.995614970299,37.4841777479071,노래방
9390,서울특별시 서초구 매헌로 23 (양재동),도레미노래연습장,127.035179179486,37.4632143761717,노래방
9391,"서울특별시 서초구 강남대로65길 7 (서초동,4층)",소리궁노래연습장,127.025329335344,37.5002593557814,노래방
9392,"서울특별시 서초구 주흥길 8 (반포동,지하)",오페라노래연습장,127.02091132863,37.504198336469,노래방
9393,서울특별시 서초구 서초대로 95 (방배동),와 노래연습장,126.99263037356,37.4876273799397,노래방
9394,서울특별시 서초구 신반포로47길 72 (잠원동),수노래연습장,127.018657255574,37.5134571686325,노래방
9395,서울특별시 서초구 남부순환로350길 29-19 (양재동),카리브노래연습장,127.037169706396,37.4839779053012,노래방
9396,서울특별시 서초구 주흥길 3 (반포동),더블유(W)노래연습장,127.020793020651,37.5037558735508,노래방
9397,서울특별시 서초구 반포대로28길 69 (서초동),에프엠노래연습장,127.012074506431,37.4918239767111,노래방
9398,"서울특별시 서초구 방배중앙로 140 (방배동,2층)",콘서트노래연습장,126.987055961437,37.4916371058111,노래방
9399,"서울특별시 서초구 신반포로47길 77 (잠원동,지상2층)",솔로몬노래연습장,127.018476031463,37.5138266988703,노래방
9400,"서울특별시 서초구 동산로 92 (양재동,지하1층)",모이라노래연습장,127.048411134315,37.4732993064272,노래방
9401,"서울특별시 서초구 반포대로30길 63 (서초동,지하1층)",상하이노래연습장,127.01201131661,37.4926574149115,노래방
9402,"서울특별시 서초구 남부순환로356길 37 (양재동,2층)",K2노래연습장,127.038309303304,37.4833334102636,노래방
9403,"서울특별시 서초구 방배로43길 43 (방배동,지하1층)",보니노래연습장,126.986055349266,37.4952525533191,노래방
9404,"서울특별시 서초구 신반포로 219, 반포쇼핑타운 8동 지층 1-4호 (잠원동)",어썸코인노래연습장,127.008065342049,37.5075121874388,노래방
9405,"서울특별시 서초구 논현로17길 3  (양재동,지하1층)",S노래연습장,127.045493395099,37.4763907495514,노래방
9406,서울특별시 서초구 반포대로28길 15  (서초동),야호노래방,127.009272526225,37.4906021033287,노래방
9407,"서울특별시 서초구 나루터로15길 7-2 (잠원동,지하1층)",컴백노래연습장,127.018322883722,37.5161557275044,노래방
9408,"서울특별시 서초구 동산로 13, 지1층 (양재동, 정선빌딩)",우리들노래연습장,127.041018992161,37.4696545432677,노래방
9409,"서울특별시 서초구 반포대로28길 46 (서초동,지하1층)",로데오노래연습장,127.011028772579,37.4910885865973,노래방
9410,"서울특별시 서초구 강남대로34길 69 (양재동,지하1층)",뉴칼라노래연습장,127.039653822713,37.4841068429171,노래방
9411,"서울특별시 서초구 방배천로 40-2, 지하1층 (방배동)",나우노래연습장,126.982712949081,37.4801361706526,노래방
9412,"서울특별시 서초구 신반포로 165, 반포쇼핑타운 2동 지층 18~20호 (잠원동)",핵인싸 코인 노래연습장,127.002171712729,37.5057251189753,노래방
9413,"서울특별시 서초구 서초중앙로20길 34-5, 지하1층 (서초동)",브레이크타임코인노래연습장,127.016101623528,37.4922687743127,노래방
9414,"서울특별시 서초구 효령로 289, 지하1층 (서초동)",엔젤스코인노래연습장 남부터미널점,127.015844898549,37.4851294931638,노래방
9415,"서울특별시 서초구 방배로 81, 유경빌딩 지하1층 (방배동)",판타스틱코인노래연습장 방배역점,126.997118841506,37.4816650609857,노래방
9416,서울특별시 서초구 강남대로18길 15-3  (양재동),떳다노래방,127.039623264649,37.4720582848971,노래방
9417,서울특별시 서초구 동광로49길 7  (반포동),라이브존노래연습장,127.001997216453,37.4935252280345,노래방
9418,서울특별시 서초구 강남대로99길 19  (잠원동),스타워즈,127.018538526201,37.5149747482622,노래방
9419,서울특별시 서초구 동산로 13  (양재동),보라노래방,127.041018992161,37.4696545432677,노래방
9420,"서울특별시 서초구 나루터로 78  (잠원동,(지하1층))",보니엔클라이드,127.018322808953,37.5153872614585,노래방
9421,"서울특별시 서초구 동산로19길 49  (양재동,지하1층)",하나비,127.045571043458,37.4746824951663,노래방
9422,"서울특별시 서초구 강남대로30길 28  (양재동,은경빌딩)",e노래방,127.038803832793,37.4819934489121,노래방
9423,서울특별시 서초구 서초대로52길 19  (서초동),싱싱노래연습장,127.014785972718,37.492899651375,노래방
9424,서울특별시 서초구 서초대로 20  (방배동),불꽃노래연습장,126.984468013521,37.4854093879134,노래방
9425,서울특별시 서초구 방배천로4안길 87  (방배동),만남노래연습장,126.983280191977,37.4820648620597,노래방
9426,"서울특별시 서초구 신반포로 205  (잠원동,반포쇼핑타운 6동 지하10,11호)",모아,127.006460397501,37.5070244820045,노래방
9427,"서울특별시 서초구 방배로 73  (방배동,지하2층)",1.2.3노래방,126.997500112448,37.4808865078009,노래방
9428,서울특별시 서초구 반포대로 37  (서초동),진실,127.011150367386,37.4837361693265,노래방
9429,"서울특별시 서초구 방배로43길 37  (방배동,지하1층)",사계절노래연습장,126.986392549863,37.4953148522127,노래방
9430,서울특별시 서초구 서초중앙로20길 18  (서초동),MBC노래방,127.015164646675,37.4922051970824,노래방
9431,서울특별시 서초구 강남대로97길 26  (잠원동),K.M.S TV노래방,127.018309619817,37.5146457373618,노래방
9432,"서울특별시 서초구 사임당로 171  (서초동,지하1층)",호수노래방,127.028349723754,37.49272886702,노래방
9433,서울특별시 서초구 방배로 146  (방배동),싱싱,126.994411632147,37.4869341519122,노래방
9434,서울특별시 서초구 마방로10길 54-7  (양재동),산타모노래연습장,127.04484607481,37.4751116532499,노래방
9435,서울특별시 서초구 바우뫼로 175  (양재동),샤데이노래방,127.039125008109,37.478456521896,노래방
9436,"서울특별시 서초구 강남대로99길 43  (잠원동,자무빌딩 지하)",넷싱노래연습장,127.017263898968,37.5146325599756,노래방
9437,서울특별시 서초구 서운로 16  (서초동),신나는노래연습장,127.029840173692,37.4855224201259,노래방
9438,서울특별시 서초구 효령로31길 10  (방배동),나이스노래연습장,126.996738384466,37.4817448804863,노래방
9439,서울특별시 서초구 강남대로101길 28  (잠원동),도레미노래방,127.018209336486,37.5171658601622,노래방
9440,"서울특별시 서초구 강남대로69길 8  (서초동,지하1층)",TOP노래방,127.024653352058,37.5018444583427,노래방
9441,서울특별시 서초구 반포대로28길 79  (서초동),칼라노래방,127.012583272329,37.4920097113348,노래방
9442,서울특별시 서초구 사평대로52길 13  (서초동),레이노래방,127.022651154386,37.5025607083093,노래방
9443,"서울특별시 서초구 동산로19길 1  (양재동,지하1층)",별들가요방,127.047350528983,37.4729787062819,노래방
9444,서울특별시 서초구 반포대로30길 63  (서초동),오페라노래방,127.01201131661,37.4926574149115,노래방
9445,서울특별시 서초구 강남대로 222-6  (양재동),싱싱,127.035731329216,37.4838278806282,노래방
9446,서울특별시 서초구 서초대로50길 94  (서초동),바우노래연습장,127.013652331411,37.4890335646337,노래방
9447,서울특별시 서초구 나루터로 76  (잠원동),스피드노래방,127.018092866991,37.5154553226881,노래방
9448,서울특별시 서초구 서초대로77길 24  (서초동),아이팅노래방,127.025991620906,37.5000209859136,노래방
9449,서울특별시 서초구 방배로 143  (방배동),오비노래방,126.993887693326,37.4866003024494,노래방
9450,"서울특별시 서초구 나루터로 78  (잠원동,,9)",투스,127.018322808953,37.5153872614585,노래방
9451,서울특별시 서초구 남부순환로350길 29-19  (양재동),카리브,127.037169706396,37.4839779053012,노래방
9452,"서울특별시 서초구 효령로 303  (서초동,지층 102호)",시티노래방,127.017334073774,37.4854765326893,노래방
9453,"서울특별시 서초구 사평대로55길 20  (반포동,지하1층)",119노래연습장,127.022707988238,37.5050023322812,노래방
9454,"서울특별시 서초구 신반포로 194  (반포동,2층)",노블레스노래방,127.006834366246,37.5064357442307,노래방
9455,"서울특별시 서초구 바우뫼로33길 7-8  (양재동,지하1층)",뮤직뱅크노래연습장,127.037222459713,37.4779546436207,노래방
9456,서울특별시 서초구 고무래로8길 4  (반포동),파티노래방,127.010307014669,37.5026616310415,노래방
9457,"서울특별시 서초구 서초대로77길 45  (서초동,실버타운 3층)",디노텍노래연습장,127.024883450255,37.5017093493239,노래방
9458,"서울특별시 강남구 강남대로94길 83, 지하층 (역삼동)",홀릭노래연습장,127.033927271368,37.5008519534307,노래방
9459,"서울특별시 강남구 테헤란로68길 25, 2층 (대치동)",OK노래연습장,127.052845839308,37.5036422674073,노래방
9460,"서울특별시 강남구 논현로85길 35, 세하빌딩 지하1층 (역삼동)",싱싱 노래연습장,127.035264360146,37.4982387341174,노래방
9461,"서울특별시 강남구 강남대로118길 7, 지하1층 (논현동)",쁘띠미누 노래연습장,127.024345065834,37.5063836076629,노래방
9462,"서울특별시 강남구 봉은사로1길 33, 지하1층 (논현동)",슈퍼스타코인노래연습장,127.024120944672,37.5068642497565,노래방
9463,"서울특별시 강남구 선릉로86길 28, 4층 (대치동)",세븐틴 코인노래연습장,127.052047914889,37.5035868494312,노래방
9464,"서울특별시 강남구 강남대로 428, 만이빌딩 지하2층 (역삼동)",삼삼코인노래연습장,127.026869951723,37.5008659330556,노래방
9465,"서울특별시 강남구 헌릉로 569, 강남리더스프라자 3층 303호 (세곡동)",NB코인노래연습장,127.101226214382,37.4657580150675,노래방
9466,"서울특별시 강남구 역삼로 413, 대치상부타워 지하1층 (대치동)",세븐스타코인노래연습장 대치점,127.052198463689,37.50117785426,노래방
9467,"서울특별시 강남구 테헤란로6길 47, 3층 (역삼동)",노래야노래야코인노래연습장(역삼점),127.0318423512,37.4955811960962,노래방
9468,"서울특별시 강남구 광평로56길 8-13, 수서타워 지하1층 B101~B105호 (수서동)",오디션노래연습장,127.103173559444,37.4867575979651,노래방
9469,"서울특별시 강남구 학동로2길 50, 지하1층 (논현동)",탑스타 노래연습장,127.023417918506,37.508322938026,노래방
9470,"서울특별시 강남구 강남대로78길 25, 지하1층 (역삼동)",프랜드 노래연습장,127.031269411977,37.4954349355334,노래방
9471,"서울특별시 강남구 일원로9길 50, 지하1층 (일원동)",판타스틱 코인노래연습장,127.085664026169,37.4903995881618,노래방
9472,"서울특별시 강남구 양재대로49길 5, 지하1층 (일원동)",하모니 노래연습장,127.086422977136,37.4908823357284,노래방
9473,"서울특별시 강남구 강남대로 442, B동 2층 (역삼동)",짱노래연습장,127.026069579038,37.5020858941495,노래방
9474,"서울특별시 강남구 논현로 872, 영빌딩 지하1층 (신사동)",보이스코드코인노래연습장,127.028832956642,37.5263746958707,노래방
9475,"서울특별시 강남구 테헤란로13길 8-10, 동영빌딩 지하1층 (역삼동)",비비 노래연습장,127.033247714364,37.5003558725424,노래방
9476,"서울특별시 강남구 테헤란로8길 28, 송강원빌딩 지하1층 (역삼동)",울리 노래연습장,127.031746860247,37.4970684233751,노래방
9477,"서울특별시 강남구 강남대로 248, 목원빌딩 지하1층 (도곡동)",뮤직이너스 코인노래연습장 양재점,127.033915562524,37.4857136858072,노래방
9478,"서울특별시 강남구 언주로98길 11, 지하1층 (역삼동)",탕탕 노래연습장,127.042787081177,37.5050883080457,노래방
9479,"서울특별시 강남구 선릉로86길 40, 지하1층 (대치동)",SOM(솜) 노래연습장,127.052903804259,37.5038879456482,노래방
9480,"서울특별시 강남구 선릉로157길 27, 지하1층 (신사동)",세븐틴(SEVENTEEN) 코인노래연습장 압구정로데오점,127.037554691235,37.526192945168,노래방
9481,"서울특별시 강남구 강남대로96길 5, 지하1층 (역삼동)",스튜디오 노래연습장,127.027457189603,37.4998211716146,노래방
9482,"서울특별시 강남구 테헤란로34길 14, 지하1층 (역삼동)",비타민 노래연습장,127.040166727404,37.5006499733708,노래방
9483,"서울특별시 강남구 테헤란로70길 26, 지하1층 (대치동)",궁 노래연습장,127.053714054756,37.5039361441915,노래방
9484,"서울특별시 강남구 봉은사로 506, 지하1층 (삼성동, 경원빌딩)",시넬 노래연습장,127.054337199334,37.5129697830986,노래방
9485,"서울특별시 강남구 개포로82길 7, 지하1층 (개포동, 삼성빌딩)",아베크 노래연습장,127.067287344121,37.48870191189,노래방
9486,"서울특별시 강남구 압구정로50길 5-9, 지하1층 (신사동)",스타 노래연습장,127.039213095161,37.5277895222311,노래방
9487,"서울특별시 강남구 도곡로 183, 지하1층 (역삼동, 현진빌딩)",마타하리노래연습장,127.039407878096,37.4922351875816,노래방
9488,"서울특별시 강남구 역삼로 406, 지하1층 (대치동)",SBS노래연습장,127.051662924506,37.5006107262726,노래방
9489,"서울특별시 강남구 선릉로129길 11, 지하1층 (논현동)",아바 노래연습장,127.040651461041,37.5161342955651,노래방
9490,"서울특별시 강남구 논현로38길 22, 지하1층 (도곡동)",멜론 노래연습장,127.043324239146,37.4852229846532,노래방
9491,"서울특별시 강남구 논현로94길 19, 지하1층 (역삼동)",놀러와 노래연습장,127.037798994712,37.5027584776087,노래방
9492,"서울특별시 강남구 테헤란로64길 18, 지하1층 (대치동, 세화빌딩)",벅스 노래연습장,127.05119768025,37.5037725578123,노래방
9493,"서울특별시 강남구 학동로2길 39, 지하1층 (논현동, LS빌딩)",거침없이달려 노래연습장,127.023450826915,37.5090322024595,노래방
9494,"서울특별시 강남구 강남대로152길 17, 지하1층 (신사동, 미학빌딩)",칸 노래연습장,127.020805316747,37.5174979917958,노래방
9495,"서울특별시 강남구 강남대로118길 19, 지하1층 (논현동)",와드코인노래연습장,127.024947034971,37.5068885855194,노래방
9496,"서울특별시 강남구 강남대로110길 12, 지하1층층 (역삼동)",몽노래연습장,127.025820706527,37.5038575962146,노래방
9497,"서울특별시 강남구 테헤란로1길 40, 4층 (역삼동)",악쓰는하마 코인노래연습장,127.027276867288,37.500905574162,노래방
9498,"서울특별시 강남구 선릉로 313, 1층 하호 (역삼동, 삼미빌딩)",큐코인노래연습장,127.051936356113,37.4976408900635,노래방
9499,"서울특별시 강남구 테헤란로1길 28, 4층 (역삼동)",슈퍼스타 코인 노래연습장,127.027612921336,37.5001491916371,노래방
9500,"서울특별시 강남구 도곡로77길 3, 2층 (대치동)",슈퍼스타 코인 노래연습장,127.05849096702,37.4984047631609,노래방
9501,"서울특별시 강남구 테헤란로25길 17, 지하1층 (역삼동)",타임 노래연습장,127.035240588466,37.5017984360259,노래방
9502,"서울특별시 강남구 영동대로138길 9, 2층 (청담동)",별 노래연습장,127.056494441884,37.5229050350666,노래방
9503,"서울특별시 강남구 테헤란로64길 24, 지하2층 (대치동, 유경빌딩)",별밤노래연습장,127.051440761262,37.5033351942461,노래방
9504,"서울특별시 강남구 선릉로6길 8, 지하층 (개포동)",싸이 노래연습장,127.06168982887,37.4825494595214,노래방
9505,"서울특별시 강남구 논현로38길 38-8, 지하1층 (도곡동)",엔비 노래연습장,127.044944318987,37.4851194843256,노래방
9506,"서울특별시 강남구 선릉로129길 17, 지하1층 (논현동)",올레노래연습장,127.040142360831,37.5159711177288,노래방
9507,서울특별시 강남구 강남대로110길 11 (역삼동),앵콜 노래연습장,127.025722496305,37.5040607943802,노래방
9508,"서울특별시 강남구 테헤란로64길 25, 지하1층 (대치동)",샵 노래연습장,127.051767915837,37.5032943258802,노래방
9509,"서울특별시 강남구 강남대로116길 8, 지하1층 (논현동)",멜로디 노래연습장,127.024750885542,37.5061004275107,노래방
9510,"서울특별시 강남구 도산대로101길 3, 5층 (청담동)",타임노래연습장,127.052593679812,37.5253017908224,노래방
9511,"서울특별시 강남구 압구정로28길 40, 지하1층 (신사동, 신사동 더원 빌딩)",오페라노래연습장,127.027463671663,37.5239973673887,노래방
9512,"서울특별시 강남구 강남대로128길 27, 지하1층 (논현동, 새호시티라이프빌딩)",난타노래연습장,127.024327715701,37.5104241673508,노래방
9513,"서울특별시 강남구 영동대로86길 12, 지하1층 (대치동, 동남유화빌딩)",대박노래연습장,127.065187924005,37.507823522519,노래방
9514,"서울특별시 강남구 언주로69길 6, 지하1층 (역삼동)",클릭 노래연습장,127.044772668509,37.4966512735153,노래방
9515,"서울특별시 강남구 봉은사로2길 24, 지하층 (역삼동)",삼삼 노래연습장,127.025893953062,37.5030888422286,노래방
9516,"서울특별시 강남구 강남대로78길 27, 지하1층 (역삼동)",씽씽 노래연습장,127.031447428131,37.495492012111,노래방
9517,"서울특별시 강남구 삼성로 231, 지하층 3,4호 (대치동, 금마빌딩)",락스타코인노래연습장 대치점,127.060983611087,37.4978190199265,노래방
9518,"서울특별시 강남구 도곡로 443, 3층 (대치동)",킹콩코인노래연습장 대치점,127.0588349858,37.4985584841936,노래방
9519,"서울특별시 강남구 논현로 64, 지하1층 (개포동, 삼우빌딩)",토마토 노래연습장,127.046877547541,37.4758989780329,노래방
9520,"서울특별시 강남구 일원로9길 6, 지하1층 (일원동)",엠비씨(MBC) 노래연습장,127.082010298535,37.4893245760406,노래방
9521,"서울특별시 강남구 강남대로152길 21, 지하1층 (신사동)",슈 노래연습장,127.021072766686,37.5176532773727,노래방
9522,"서울특별시 강남구 강남대로98길 8, 지하1층 (역삼동)",몰 노래연습장,127.027390617525,37.5005431632337,노래방
9523,"서울특별시 강남구 일원로9길 56, 지하층 (일원동)",다모아 노래연습장,127.086016664393,37.4905592607409,노래방
9524,"서울특별시 강남구 일원로9길 16, 지하1층 (일원동)",퀸 노래연습장,127.082930553043,37.4895855862344,노래방
9525,"서울특별시 강남구 논현로38길 46, 지하1층 (도곡동)",썬 노래연습장,127.0453859536,37.4856706424704,노래방
9526,"서울특별시 강남구 도산대로11길 4, 지하1층 (신사동)",락휴코인 노래연습장 신사역점,127.022603980433,37.5178923908626,노래방
9527,서울특별시 강남구 학동로1길 8 (논현동),티카 노래연습장,127.022077034062,37.5119656873678,노래방
9528,"서울특별시 강남구 테헤란로81길 47, 지하1층 (삼성동, 태령빌딩)",블링블링 노래연습장,127.05571644311,37.5102181043117,노래방
9529,"서울특별시 강남구 선릉로82길 19, 지하1층 (대치동, 동선빌딩)",수 노래연습장,127.051641117606,37.5029380336826,노래방
9530,"서울특별시 강남구 삼성로104길 17, 2층 (삼성동, 대모빌딩)",보노 노래연습장,127.055954807579,37.5111971130935,노래방
9531,"서울특별시 강남구 논현로85길 7, 지하1층 (역삼동)",뮤즈 노래연습장,127.036816730065,37.4989811402062,노래방
9532,"서울특별시 강남구 언주로98길 5, 지하1층 (역삼동)",차차차 노래연습장,127.042175840233,37.5051770065812,노래방
9533,"서울특별시 강남구 언주로98길 19, 지하1층 (역삼동)",엔돌핀 노래연습장,127.04345326854,37.5049696727712,노래방
9534,"서울특별시 강남구 양재대로35길 6, 지하1층 (일원동)",허브 노래연습장,127.083686888247,37.4900779940726,노래방
9535,"서울특별시 강남구 테헤란로43길 19, 지하1층 (역삼동)",물 노래연습장,127.043719287128,37.5046061090683,노래방
9536,"서울특별시 강남구 봉은사로2길 7, 지하1층 (역삼동)",더놀자(The놀자) 노래연습장,127.0256884019,37.504237398871,노래방
9537,"서울특별시 강남구 봉은사로1길 38, 지하1층 (논현동)",락 노래연습장,127.024231112321,37.5072397661041,노래방
9538,"서울특별시 강남구 봉은사로84길 29, 지하1층 (삼성동)",싱싱 노래연습장,127.056374263987,37.5114239667275,노래방
9539,"서울특별시 강남구 역삼로63길 23, 지상3층 (대치동)",올리브 노래연습장,127.051761523113,37.502716784111,노래방
9540,"서울특별시 강남구 봉은사로1길 42, 지하1층 (논현동)",씽씽 노래연습장,127.024147490919,37.5074663859805,노래방
9541,"서울특별시 강남구 봉은사로1길 18, 지하1층 (논현동)",창 노래연습장,127.024819611827,37.5059862557343,노래방
9542,"서울특별시 강남구 봉은사로2길 37, 지하1층 (역삼동)",에스오에스(SOS)노래연습장,127.026586691351,37.5022330933426,노래방
9543,"서울특별시 강남구 역삼로3길 22, 지상2층 (역삼동)",킹 노래연습장,127.031235648614,37.4950080474332,노래방
9544,"서울특별시 강남구 개포로 218, 지하1층 (개포동, 영신빌딩)",애플노래연습장,127.046611902693,37.4784962431058,노래방
9545,"서울특별시 강남구 선릉로96길 2, 지하1층 (삼성동, 금성빌딩)",대박노래연습장,127.048605280918,37.5059958923857,노래방
9546,"서울특별시 강남구 양재대로33길 6, 지하1층 (일원동)",빙고 노래연습장,127.083265997061,37.4899514296184,노래방
9547,"서울특별시 강남구 압구정로50길 28, 지하1층 9호 (신사동, 로데오현대아파트)",알피엠 노래연습장,127.037303318538,37.5266478506594,노래방
9548,"서울특별시 강남구 개포로22길 13, 지하1층 (개포동)",티파니 노래연습장,127.048213320797,37.4780865422542,노래방
9549,"서울특별시 강남구 도산대로11길 25, 지하1층 (신사동)",빈티지코인노래연습장,127.022310476084,37.5191439402181,노래방
9550,"서울특별시 강남구 역삼로20길 12, 지하1층 (역삼동, 성우빌딩)",스타 노래연습장,127.037624052477,37.4944462999401,노래방
9551,"서울특별시 강남구 개포로24길 6, 지하1층호 (개포동)",S노래연습장,127.048082170647,37.4784324030915,노래방
9552,"서울특별시 강남구 봉은사로 467 (삼성동, 2층202)",엠 노래연습장,127.05063313853,37.5125244408451,노래방
9553,"서울특별시 강남구 압구정로 436 (청담동, 지하2,3층)",코다(coda)노래연습장,127.044623881773,37.5265336774182,노래방
9554,"서울특별시 강남구 역삼로3길 10, 지하1층 (역삼동)",팡팡 노래연습장,127.031629083812,37.4942572237962,노래방
9555,"서울특별시 강남구 광평로39길 3 (수서동, 동익아파트 상가 지하1층 2호)",궁마을 노래연습장,127.097263256365,37.4857662768639,노래방
9556,"서울특별시 강남구 광평로39길 3 (수서동, 동익아파트 상가 지하1층 1호)",궁말 노래연습장,127.097263256365,37.4857662768639,노래방
9557,"서울특별시 강남구 삼성로 38, 205호 (개포동, 개포빌딩)",그랜드 노래연습장,127.066845330996,37.4886879268822,노래방
9558,"서울특별시 강남구 논현로95길 29-11, 지하1층 (역삼동, 삼아빌딩)",비올렛트노래연습장,127.034160196221,37.5012553567577,노래방
9559,"서울특별시 강남구 선릉로157길 26, 지층 (신사동)",채널브이제이(VJ) 노래연습장,127.037822999771,37.5263500844056,노래방
9560,"서울특별시 강남구 밤고개로34길 4, 지상1층 (세곡동)",대왕 노래연습장,127.107288856842,37.463992360853,노래방
9561,"서울특별시 강남구 영동대로112길 9, 지하1층 (삼성동, 제일빌딩)",새천년 노래연습장,127.060943454087,37.5151959131335,노래방
9562,"서울특별시 강남구 역삼로 211, 담곡빌딩 지하1층 (역삼동)",둘리 노래연습장,127.04024038228,37.4964963994266,노래방
9563,"서울특별시 강남구 일원로9길 72, 지하1층 (일원동)",오 신바람 노래연습장,127.08733606995,37.490886980203,노래방
9564,"서울특별시 강남구 압구정로28길 21, 지하1층 (신사동)",두드락노래연습장,127.027859682086,37.5250982995039,노래방
9565,"서울특별시 강남구 개포로 228, 지하1층 (개포동, 영원빌딩)",불꽃 노래연습장,127.047717596057,37.4786645607887,노래방
9566,"서울특별시 강남구 테헤란로1길 32, 지하1층 (역삼동)",라라코인 노래연습장,127.027463167361,37.5003951110995,노래방
9567,"서울특별시 강남구 강남대로114길 18 (논현동, 지하1층)",초코렛노래연습장,127.025711703676,37.5058979466194,노래방
9568,서울특별시 강남구 언주로65길 7 (역삼동),제일 노래연습장,127.045317535203,37.4951959399783,노래방
9569,서울특별시 강남구 논현로38길 36 (도곡동),청개구리 노래연습장,127.044712978205,37.4854899766145,노래방
9570,"서울특별시 강남구 개포로25길 8, 지하1층 (개포동)",신에스비에스(SBS)노래연습장,127.048364345257,37.4794602493928,노래방
9571,"서울특별시 강남구 선릉로86길 48, 동창빌딩 지하2층 (대치동)",와와 노래연습장,127.053629812213,37.5041133201303,노래방
9572,"서울특별시 강남구 선릉로 654, 지하1층 (삼성동, 예인빌딩)",우리 노래연습장,127.042368837099,37.5150752829968,노래방
9573,"서울특별시 강남구 양재대로29길 6, 지하1층 (일원동)",쉬즈노래연습장,127.082454969713,37.4896934093006,노래방
9574,"서울특별시 강남구 개포로22길 6, 지하1층 (개포동)",와와노래연습장,127.047452826556,37.4783244462957,노래방
9575,"서울특별시 강남구 강남대로122길 5, 지하1층 (논현동, 유창빌딩)",축제노래연습장,127.023732247261,37.5076646912251,노래방
9576,"서울특별시 강남구 압구정로2길 60, 지하2층동 (신사동)",물(MOOL) 노래연습장,127.0213097141,37.5179415559451,노래방
9577,"서울특별시 강남구 삼성로100길 27, 지하1층 (삼성동)",텐텐 노래연습장,127.057537046938,37.5101559632233,노래방
9578,"서울특별시 강남구 테헤란로8길 26 (역삼동, 지하1층)",앵콜 노래연습장,127.031715700902,37.4971917795382,노래방
9579,"서울특별시 강남구 강남대로152길 40, 지하1층 (신사동, 석천빌딩)",가로수 노래연습장,127.022536590979,37.5179856575883,노래방
9580,"서울특별시 강남구 논현로85길 7, 지하1층 (역삼동)",뉴스타 노래연습장,127.036816730065,37.4989811402062,노래방
9581,"서울특별시 강남구 도곡로27길 6, 지하1층 (역삼동)",골든벨 노래연습장,127.042349360935,37.4934143089615,노래방
9582,"서울특별시 강남구 강남대로152길 35, 지하1층 (신사동)",야놀자 노래연습장,127.022201116436,37.5180860928953,노래방
9583,"서울특별시 강남구 논현로 148, 지하1층 (도곡동)",휴앤락 노래연습장,127.042834985331,37.483024432034,노래방
9584,"서울특별시 강남구 역삼로19길 5, 지하1층 (역삼동)",벅스 노래연습장,127.036754684605,37.4956014841768,노래방
9585,"서울특별시 강남구 봉은사로 478, 2층 (삼성동, 창우빌딩)",스타 노래연습장,127.052772890864,37.5126363099479,노래방
9586,"서울특별시 강남구 일원로9길 26, 지하1층 (일원동)",나가수 노래연습장,127.083724377185,37.4898289290635,노래방
9587,"서울특별시 강남구 개포로124길 9, 지하1층 (일원동)",황태자 노래연습장,127.082965353394,37.4939576989322,노래방
9588,"서울특별시 강남구 개포로82길 9-11, 지하1층 (개포동, 한국빌딩)",슈퍼스타코인 노래연습장,127.068021608717,37.4889197154795,노래방
9589,"서울특별시 강남구 광평로56길 8-9, 지하1층 (수서동, 목화오피스텔)",모카노래연습장,127.103413871844,37.4869502936243,노래방
9590,"서울특별시 강남구 압구정로54길 6, 지하1층 (신사동)",큐 노래연습장,127.039507893974,37.5275332691592,노래방
9591,"서울특별시 강남구 테헤란로43길 26, 지하1층 (역삼동)",짱 노래연습장,127.04414704689,37.5048466986042,노래방
9592,"서울특별시 강남구 강남대로152길 30, 지하1층 (신사동)",유에프오 노래연습장,127.02183833898,37.5176583641248,노래방
9593,"서울특별시 강남구 논현로38길 34, 지하1층 (도곡동)",SBS노래연습장,127.044485775755,37.4854067191142,노래방
9594,"서울특별시 강남구 개포로22길 19, 지하1층 (개포동)",호박 노래연습장,127.048554541134,37.4777611381286,노래방
9595,"서울특별시 강남구 학동로101길 33, 지하1층 (청담동, 청담상가)",발리노래연습장,127.056828126838,37.5224162613037,노래방
9596,"서울특별시 강남구 강남대로94길 88, 지하1층 (역삼동)",싱싱 노래연습장,127.034284818157,37.5007499464286,노래방
9597,서울특별시 강남구 학동로2길 54 (논현동),나는가수다 프리웨이 노래연습장,127.023498732327,37.5081499290465,노래방
9598,"서울특별시 강남구 봉은사로1길 32, 지하1층 (논현동)",스타일 노래연습장,127.024515199807,37.5068294798978,노래방
9599,"서울특별시 강남구 언주로 407, 지하1층 (역삼동)",개나리 노래연습장,127.043914402162,37.4994325517909,노래방
9600,"서울특별시 강남구 테헤란로87길 39, 지하1층 (삼성동, 심스빌딩)",수엔수 노래연습장,127.057642715348,37.5103399869121,노래방
9601,"서울특별시 강남구 강남대로106길 7, 지하1층 (역삼동)",스타코인노래연습장 강남직영점,127.026223922998,37.5029768645382,노래방
9602,"서울특별시 강남구 삼성로 233, 지하1층 101, 102호 (대치동, 신사빌딩)",베카코인 노래연습장,127.060901364297,37.4980568379199,노래방
9603,"서울특별시 강남구 헌릉로569길 13, 2층 201,202호 (세곡동, 라온프라이빗시티강남)",라온노래연습장,127.100039368895,37.4668160016853,노래방
9604,"서울특별시 강남구 강남대로 524, 2층 (논현동)",영심이 노래연습장,127.02276666505,37.5090310748975,노래방
9605,"서울특별시 강남구 도산대로37길 18, 2층 (신사동)",입큰 노래연습장,127.031508265034,37.5221275882167,노래방
9606,"서울특별시 강남구 삼성로96길 13, 지하1층 (삼성동)",엔비(NB) 노래연습장,127.056934892805,37.508986390695,노래방
9607,"서울특별시 강남구 언주로108길 12, 지하1층 (역삼동)",히스 노래연습장,127.040523134105,37.5082905575019,노래방
9608,"서울특별시 강남구 논현로94길 21, 지하1층 (역삼동)",파티 노래연습장,127.037995812915,37.5028276117008,노래방
9609,"서울특별시 강남구 삼성로81길 30, 지하1층 (대치동)",엔젤 노래연습장,127.055240972615,37.5041098746658,노래방
9610,"서울특별시 강남구 일원로9길 48, 지하1층 (일원동)",신바람 노래연습장,127.085485529715,37.4903434945946,노래방
9611,"서울특별시 강남구 일원로9길 62, 지하1층 (일원동)",천당 노래연습장,127.086569791135,37.4907223895525,노래방
9612,"서울특별시 강남구 학동로2길 29, 지상2층 (논현동)",파티파티 노래연습장,127.023103539972,37.5095715221991,노래방
9613,"서울특별시 강남구 언주로93길 32, 지하1층 (역삼동)",마이다스 노래연습장,127.039450713479,37.5033732342719,노래방
9614,"서울특별시 강남구 선릉로6길 13, 지하1층 (개포동)",파티 노래연습장,127.061973316696,37.4830063027382,노래방
9615,"서울특별시 강남구 봉은사로1길 34, 지하1층 (논현동)",쿨 노래연습장,127.024380312634,37.5069556485217,노래방
9616,"서울특별시 강남구 논현로176길 24, 지하1층 (신사동)",토마토 노래연습장,127.030456228161,37.5274323350464,노래방
9617,"서울특별시 강남구 선릉로6길 5, 지하층 (개포동)",스타 노래연습장,127.061517156648,37.4826574002867,노래방
9618,"서울특별시 강남구 도산대로50길 16, 지하1층 (논현동)",파티 노래연습장,127.037396394799,37.5213758759591,노래방
9619,"서울특별시 강남구 언주로113길 10, 지하1층 (논현동)",레드폭스 노래연습장,127.036488016457,37.509507238119,노래방
9620,"서울특별시 강남구 선릉로 420, 지하1층 (대치동)",쿵짝 노래연습장,127.050272610094,37.5024968609524,노래방
9621,"서울특별시 강남구 선릉로86길 39, 지하1층 (대치동)",놀러와 노래연습장,127.052878172597,37.5041064509375,노래방
9622,"서울특별시 강남구 테헤란로20길 19, 111호 (역삼동)",웨이브 노래연습장,127.03502680361,37.4985646987797,노래방
9623,"서울특별시 강남구 일원로5길 8, 지하1층 (일원동)",로즈노래연습장,127.081586620395,37.4907876549039,노래방
9624,"서울특별시 강남구 강남대로154길 11, 지하1층 (신사동)",럭스노래연습장,127.020181321788,37.5177435333928,노래방
9625,"서울특별시 강남구 봉은사로30길 74, 지하1층 (역삼동)",조이 노래연습장,127.036691011944,37.502752249602,노래방
9626,"서울특별시 강남구 강남대로114길 14, 지하1층 (논현동)",물음표 노래연습장,127.025416941812,37.5058179110476,노래방
9627,"서울특별시 강남구 선릉로64길 9, 지하1층 (대치동)",샵 노래연습장,127.053059427689,37.4979803406838,노래방
9628,"서울특별시 강남구 언주로98길 7, 지하1층 (역삼동)",에덴 노래연습장,127.042455855974,37.5051532098345,노래방
9629,"서울특별시 강남구 개포로 230, 지하1층 (개포동)",퀸 노래연습장,127.047916266713,37.4787095308532,노래방
9630,"서울특별시 강남구 논현로94길 13, 지하1층 (역삼동)",명품 노래연습장,127.037374605852,37.5026360758715,노래방
9631,"서울특별시 강남구 논현로38길 32, 지하1층 (도곡동)",빙고 노래연습장,127.044257350422,37.4853579702516,노래방
9632,서울특별시 강남구 삼성로104길 11 (삼성동),나르샤 노래연습장,127.05560858029,37.5110334740126,노래방
9633,"서울특별시 강남구 강남대로102길 11, 지하1층 (역삼동)",팝스타코인 노래연습장,127.026734169327,37.5019291508086,노래방
9634,"서울특별시 강남구 일원로9길 14, 지하1층 (일원동)",플레이코인 노래연습장,127.082750366544,37.489531381827,노래방
9635,"서울특별시 강남구 남부순환로 2730, 지하1층 (도곡동, 비엠빌딩)",오키도키노래연습장,127.044695036913,37.4857410043023,노래방
9636,"서울특별시 강남구 언주로98길 23, 지하1층 (역삼동)",즐거운 노래연습장,127.043785737502,37.5049071103369,노래방
9637,서울특별시 강남구 언주로146길 37 (논현동),홈 노래연습장,127.03787679411,37.5206466313603,노래방
9638,"서울특별시 강남구 논현로 339 (역삼동, 양양빌딩)",보스노래연습장,127.039122332684,37.495441606041,노래방
9639,"서울특별시 강남구 논현로 333, 지하1층 (역삼동, 역삼빌딩)",가자 노래연습장,127.039410295564,37.4948991943308,노래방
9640,"서울특별시 강남구 역삼로14길 14, 지하1층 (역삼동)",엠브이존(MV ZONE) 노래연습장,127.035481335775,37.4936164146599,노래방
9641,"서울특별시 강남구 학동로2길 45, 지하1층 (논현동)",에이치(H) 노래연습장,127.023588823983,37.5087080835741,노래방
9642,"서울특별시 강남구 압구정로79길 20, 지하1층 (청담동)",M노래연습장,127.048802382646,37.5250583456851,노래방
9643,"서울특별시 강남구 강남대로118길 52 (논현동, 지하)",팡팡 노래연습장,127.027255087154,37.5072555053766,노래방
9644,"서울특별시 강남구 언주로148길 14 (논현동, 청호불교문화원)",사이먼 노래연습장,127.036162554013,37.5206301397046,노래방
9645,"서울특별시 강남구 도산대로11길 5, 지하1층 (신사동)",락스타코인노래연습장,127.022276381395,37.5178475831346,노래방
9646,"서울특별시 강남구 학동로2길 28, 1층 (논현동)",RG노래연습장,127.02285470834,37.50956265066,노래방
9647,"서울특별시 강남구 삼성로104길 18, 삼성빌딩 지하1층 (삼성동)",킹 노래연습장,127.056250776941,37.5110059596045,노래방
9648,"서울특별시 강남구 논현로94길 31, 지하1층 (역삼동)",팡팡 노래연습장,127.038787839408,37.5031043234215,노래방
9649,"서울특별시 강남구 도산대로37길 5, 지하2층 (신사동)",몽 노래연습장,127.031313331058,37.5212604248898,노래방
9650,"서울특별시 강남구 강남대로58길 11, 지하1층 (도곡동)",센스 노래연습장,127.032997288198,37.4894595261308,노래방
9651,"서울특별시 강남구 압구정로2길 62, 지하1층 (신사동)",악쓰는하마코인노래연습장 가로수길점,127.021441559996,37.5177732246531,노래방
9652,"서울특별시 강남구 영동대로 513, 코엑스 B2층 K203A호 (삼성동)",펀시티 노래연습장,127.059159043842,37.5118239121138,노래방
9653,"서울특별시 강남구 강남대로118길 8, 지하1층 (논현동)",짱가 노래연습장,127.024474037356,37.5061547257052,노래방
9654,"서울특별시 강남구 봉은사로1길 37, 호서빌딩 지하1층 (논현동)",킹 노래연습장,127.023980783923,37.5071243984477,노래방
9655,"서울특별시 강남구 테헤란로20길 25, 지하 1층 (역삼동)",판타스틱 코인 노래연습장(역삼점),127.034913082441,37.4981751373056,노래방
9656,"서울특별시 강남구 선릉로129길 9-7, 미림빌딩 지하1층층 (논현동)",판타스틱코인노래연습장 강남구청역점,127.041040623155,37.5158126828943,노래방
9657,"서울특별시 강남구 선릉로161길 22, 지하1층 (신사동)",판타스틱코인노래연습장 압구정로데오점,127.038651951846,37.5275493199209,노래방
9658,서울특별시 송파구 백제고분로18길 21 (잠실동),은하수,127.084336654941,37.5031860937258,노래방
9659,"서울특별시 송파구 올림픽로32길 18-23, 지1층 (방이동)",if 노래연습장,127.108164290678,37.5138506092525,노래방
9660,"서울특별시 송파구 송이로17길 50-27, 지층 (가락동)",도레미노래연습장,127.126204518358,37.5006917419242,노래방
9661,서울특별시 송파구 중대로9길 53 (가락동),탈렌트노래연습장,127.119471959747,37.4976086534119,노래방
9662,서울특별시 송파구 백제고분로33길 31 (석촌동),OK,127.098621771626,37.5054605209185,노래방
9663,서울특별시 송파구 중대로9길 23 (가락동),앵글노래연습장,127.11876519642,37.4951958408319,노래방
9664,"서울특별시 송파구 송이로20길 18, 지하 1층 (가락동)",대박노래연습장,127.119565193204,37.4956543668964,노래방
9665,서울특별시 송파구 오금로 517 (거여동),수,127.146334221223,37.4931160203914,노래방
9666,서울특별시 송파구 백제고분로7길 48 (잠실동),뉴로데오노래연습장,127.084158681466,37.5106744716474,노래방
9667,"서울특별시 송파구 오금로36길 27, 지층 (가락동)",희노래연습장,127.124305426735,37.5012608483399,노래방
9668,"서울특별시 송파구 오금로 491, 지층 (거여동)",일번출구 노래연습장,127.143504791536,37.4937262288873,노래방
9669,서울특별시 송파구 송파대로 381 (석촌동),뮤젠,127.110169891842,37.5014100277705,노래방
9670,"서울특별시 송파구 성내천로 229, 지층 (마천동)",보이스,127.153129890332,37.4995169828835,노래방
9671,서울특별시 송파구 백제고분로50길 40 (방이동),큐노래연습장,127.11887975942,37.5128916440189,노래방
9672,서울특별시 송파구 오금로59길 5 (거여동),엔젤노래연습장,127.143899541448,37.4939554152343,노래방
9673,"서울특별시 송파구 송파대로 383, 지층 (석촌동)","1,2,3 노래연습장",127.110039723141,37.5015640408283,노래방
9674,"서울특별시 송파구 양재대로71길 7, 지하1층 (방이동)",바다,127.125793453995,37.5103424814619,노래방
9675,"서울특별시 송파구 백제고분로48길 16, 지층 (방이동)",라라노래연습장,127.114901882041,37.511155652084,노래방
9676,서울특별시 송파구 백제고분로7길 56 (잠실동),띵가띵가노래연습장,127.084970666264,37.5106736200341,노래방
9677,"서울특별시 송파구 풍성로26길 53 (풍납동,지하1층)",SBS,127.116382967459,37.5295541153057,노래방
9678,"서울특별시 송파구 올림픽로12길 14  (잠실동,지하1층)",브이,127.082893801007,37.5103500134322,노래방
9679,"서울특별시 송파구 석촌호수로 272, 대림빌딩 지하1층 (송파동)",샵,127.105927037774,37.5099799418237,노래방
9680,"서울특별시 송파구 송파대로30길 3, 2층 (가락동)",AmPm,127.117929771132,37.4943499119006,노래방
9681,"서울특별시 송파구 백제고분로 438, 지1층 (송파동)",체리노래연습장,127.112194332317,37.5097139452876,노래방
9682,"서울특별시 송파구 송이로 93-1, 지하1층 (가락동)",리멤버 노래연습장,127.121130955393,37.4978340174945,노래방
9683,"서울특별시 송파구 가락로 173-1, 지층 (송파동)",신도깨비노래연습장,127.114207097572,37.5043441013731,노래방
9684,"서울특별시 송파구 오금로46길 28, 중원빌딩 지층 (가락동)",비타민 노래연습장,127.134348287589,37.4952647428302,노래방
9685,서울특별시 송파구 마천로 264 (거여동),신로또노래연습장,127.146149512256,37.4980805219712,노래방
9686,"서울특별시 송파구 중대로9길 43-4, 지하층 (가락동)",꿀달콤한노래연습장,127.118632205604,37.4971222356259,노래방
9687,서울특별시 송파구 오금로13길 12 (방이동),애플노래연습장,127.109194541893,37.5133353684567,노래방
9688,"서울특별시 송파구 오금로46길 10, 지하1층 (가락동)",나투노래연습장,127.135811921897,37.4964560914661,노래방
9689,"서울특별시 송파구 백제고분로18길 3 (잠실동,지층)",매직노래연습장,127.085081149732,37.5047757440376,노래방
9690,"서울특별시 송파구 중대로9길 45-5, 지1층 (가락동)",짱 노래연습장,127.118700952057,37.4973306593692,노래방
9691,"서울특별시 송파구 거마로20길 18, 지1층 (마천동)",앙노래연습장,127.148371257876,37.4974748895631,노래방
9692,서울특별시 송파구 백제고분로 454 (방이동),챔프,127.112989070614,37.5110346904453,노래방
9693,"서울특별시 송파구 풍성로26길 54, 지층 (풍납동)",금강산노래연습장,127.116298355093,37.5297804400349,노래방
9694,서울특별시 송파구 동남로18길 31 (가락동),악쓰는하마노래연습장,127.133553323084,37.4938068248688,노래방
9695,서울특별시 송파구 가락로30길 14 (송파동),썬,127.117743482616,37.5065654805704,노래방
9696,"서울특별시 송파구 마천로41길 15, 지하1층 (마천동)",21세기,127.149373752739,37.4972995519266,노래방
9697,"서울특별시 송파구 마천로41길 34, 지1층 (마천동)",짱구 노래연습장,127.151154426611,37.4968657953188,노래방
9698,서울특별시 송파구 동남로20길 50-37 (가락동),비발디,127.135414102768,37.4925790675004,노래방
9699,"서울특별시 송파구 오금로11길 16, 3층 (방이동)",베스트코인노래연습장,127.109114086775,37.5146327077334,노래방
9700,서울특별시 송파구 백제고분로50길 11 (방이동),달빛노래연습장,127.116249335133,37.5141563879111,노래방
9701,"서울특별시 송파구 올림픽로12길 23, 지1층 (잠실동)",열린노래연습장,127.083383767141,37.5095315566176,노래방
9702,"서울특별시 송파구 백제고분로41길 16, 지층 (송파동)",SBS 노래연습장,127.107892262861,37.5074876969499,노래방
9703,서울특별시 송파구 삼전로 94 (삼전동),신원샷,127.090405967533,37.5066471405559,노래방
9704,"서울특별시 송파구 위례성대로18길 31, 지1층 (방이동)",SBS노래연습장,127.125058103724,37.5096323700991,노래방
9705,"서울특별시 송파구 백제고분로22길 3, 지1층 (삼전동)",헤라 노래연습장,127.08947376709,37.5034918097903,노래방
9706,"서울특별시 송파구 동남로24길 13, 지1층 (오금동)",우창 노래연습장,127.137663158438,37.4995009700063,노래방
9707,"서울특별시 송파구 마천로 61, 201호 (오금동)",케이비에스,127.12744116849,37.5082128137916,노래방
9708,서울특별시 송파구 마천로41길 22  (마천동),금강산,127.14994730411,37.4968946341351,노래방
9709,서울특별시 송파구 백제고분로7길 28 (잠실동),CNN,127.08193090824,37.5106346817839,노래방
9710,서울특별시 송파구 삼전로13길 36 (잠실동),호수,127.086278321079,37.5081533736736,노래방
9711,"서울특별시 송파구 양재대로71길 9, 지층 (방이동)",행운노래연습장,127.125568735081,37.5104225495148,노래방
9712,"서울특별시 송파구 오금로36길 71, 시우빌딩 지층 (가락동)",해운대노래연습장,127.121100974171,37.4981758898724,노래방
9713,"서울특별시 송파구 백제고분로15길 55, 지층 (잠실동)",럭키 노래연습장,127.08437657699,37.5103204918258,노래방
9714,서울특별시 송파구 백제고분로41길 31 (송파동),놀이터 노래연습장,127.106489453655,37.508429618615,노래방
9715,서울특별시 송파구 백제고분로22길 4 (삼전동),썸 노래연습장,127.089185240922,37.503569063928,노래방
9716,서울특별시 송파구 백제고분로45길 10 (송파동),온에어코인노래연습장,127.110365156274,37.5095232140061,노래방
9717,서울특별시 송파구 백제고분로21길 8 (삼전동),마야노래연습장,127.090054236935,37.5045833870255,노래방
9718,"서울특별시 송파구 마천로 138, 지층 (오금동)",만남,127.134751696433,37.5045401348894,노래방
9719,서울특별시 송파구 올림픽로 342 (방이동),MGM,127.108276419724,37.515676660308,노래방
9720,"서울특별시 송파구 백제고분로41길 17, 부림빌딩 지층 (송파동)",비타민 노래연습장,127.107521973314,37.5074895662914,노래방
9721,"서울특별시 송파구 삼학사로 78-1, 지층 (석촌동)",씨씨노래연습장,127.097350820898,37.5042738703281,노래방
9722,"서울특별시 송파구 올림픽로32길 36, 지층 (방이동)",짱노래연습장,127.110130066381,37.5130235635358,노래방
9723,"서울특별시 송파구 백제고분로9길 47, 지층 (잠실동)",오케이노래연습장,127.084299542858,37.5101108831248,노래방
9724,"서울특별시 송파구 거마로 62 (마천동,B02)",베스트,127.147016756977,37.4984181338934,노래방
9725,"서울특별시 송파구 백제고분로 276, 공익빌딩 지하1층 (석촌동)",세븐스타코인노래연습장 석촌고분역점,127.097258552535,37.5021081097948,노래방
9726,"서울특별시 송파구 법원로4길 10, 힐스테이트에코문정 B106호 (문정동)",탄탄코인노래연습장,127.122826416048,37.4826157890248,노래방
9727,"서울특별시 송파구 백제고분로7길 45, 페로스 2층 (잠실동)",리코스타 코인노래연습장,127.083934679287,37.5109302459295,노래방
9728,"서울특별시 송파구 양재대로62길 42-1, 지층 (가락동)",쟁반노래연습장,127.120159277623,37.4962560868001,노래방
9729,"서울특별시 송파구 백제고분로 206, 경인빌딩 지하1층 (삼전동)",코드코인노래연습장,127.089518874081,37.5036663003414,노래방
9730,"서울특별시 송파구 강동대로9길 14-1, 지하1층 (풍납동)",엔젤스코인노래연습장,127.116544636683,37.5275911246087,노래방
9731,"서울특별시 송파구 송파대로30길 8, 훼밀리오피스텔 지하1층 101,102호 (가락동)",발리노래연습장,127.118405222237,37.4942436581716,노래방
9732,"서울특별시 송파구 송파대로30길 11, 207호 (가락동, 이연파레스)",은영 노래연습장,127.118465891551,37.4947814982071,노래방
9733,"서울특별시 송파구 송파대로 404, 우일빌딩 지하1층 (송파동)",피그코인노래연습장,127.109316641637,37.5033675337152,노래방
9734,"서울특별시 송파구 백제고분로7길 54, 지층 (잠실동)",어썸코인노래연습장 잠실1호점,127.084850098654,37.5106763196152,노래방
9735,"서울특별시 송파구 송파대로30길 7, 지층 (가락동)",하루에노래연습장,127.118295097992,37.4945409204301,노래방
9736,"서울특별시 송파구 양재대로62길 43, 3층 (가락동)",공룡노래연습장,127.120518085476,37.4963218551574,노래방
9737,"서울특별시 송파구 법원로 128, 문정에스케이브이원지엘메트로시티 CG동 지하층 103호 (문정동)",탄2코인노래연습장,127.120453991896,37.4868314347245,노래방
9738,"서울특별시 송파구 백제고분로 132, 정방빌딩 2층 (잠실동)",코드코인 노래연습장,127.081550511569,37.5059355752219,노래방
9739,"서울특별시 송파구 위례광장로 290, B09,10-1,10-2호 (장지동, 위례중앙푸르지오2단지)",락휴코인노래연습장 위례신도시점,127.142846458508,37.4749701169654,노래방
9740,"서울특별시 송파구 중대로9길 26, 2층 (가락동)",나이스 노래연습장,127.118965209141,37.4954621572608,노래방
9741,"서울특별시 송파구 중대로9길 22, 2층 (가락동)",허니노래연습장,127.119295274439,37.495092141522,노래방
9742,서울특별시 송파구 오금로15길 16  (방이동),S.B.S,127.109849770376,37.5130158056097,노래방
9743,서울특별시 송파구 토성로 34-1 (풍납동),소리사랑,127.114065832865,37.5300520167187,노래방
9744,서울특별시 송파구 삼학사로18길 13 (석촌동),허니노래연습장,127.098611498178,37.5045287101103,노래방
9745,"서울특별시 송파구 송파대로28길 20, 지층 108,109호 (가락동, 세화오피스텔)",홍콩,127.12022159525,37.4941449655427,노래방
9746,"서울특별시 송파구 오금로11길 11-8, 현대드림밸리 5층 503,504,505호 (방이동)",스타코인노래연습장,127.108747772156,37.5149817338907,노래방
9747,"서울특별시 송파구 오금로13길 8, 부흥빌딩 지층 (방이동)",Kstar코인노래연습장(방이점),127.108585120773,37.513188796365,노래방
9748,"서울특별시 송파구 중대로 105, 가락 ID TOWER B02호 (가락동)",티티노래연습장,127.120052549745,37.493586152986,노래방
9749,"서울특별시 송파구 중대로9길 30, 다보빌딩 지층 (가락동)",엔돌핀,127.118793108964,37.4958265171815,노래방
9750,"서울특별시 송파구 중대로9길 21, 센터빌딩 2층 202호 (가락동)",백마 노래연습장,127.118939895855,37.4950451970127,노래방
9751,"서울특별시 송파구 송파대로30길 3, 지하1층 (가락동)",키스 노래연습장,127.117929771132,37.4943499119006,노래방
9752,"서울특별시 송파구 법원로 128, 문정에스케이브이원지엘메트로시티 B동 209,210호 (문정동)",이안노래연습장,127.120453991896,37.4868314347245,노래방
9753,"서울특별시 송파구 양재대로62길 38, 정민빌딩 지층 (가락동)",쏭쏭노래연습장,127.119817278762,37.4965892658337,노래방
9754,"서울특별시 송파구 중대로9길 24, 2층 (가락동)",호수노래연습장,127.119140285549,37.4952639396378,노래방
9755,"서울특별시 송파구 마천로 307, 2층 (마천동)",POP코인노래연습장,127.150157693789,37.495621515886,노래방
9756,"서울특별시 송파구 송이로20길 10, 리치월드 지하층 (가락동)",썸노래연습장,127.120327941657,37.4960794981157,노래방
9757,"서울특별시 송파구 중대로9길 32, 상원빌딩 지하층 (가락동)",궁노래연습장,127.118761211298,37.4960355827,노래방
9758,"서울특별시 송파구 송파대로30길 21, 3층 (가락동)",엄지노래연습장,127.119646367926,37.4952881157506,노래방
9759,"서울특별시 송파구 삼전로9길 19, 거북이빌딩 지층 (잠실동)",힐링노래연습장,127.087343203156,37.5065269983435,노래방
9760,"서울특별시 송파구 백제고분로7길 24, 3층 (잠실동)",와썹노래연습장,127.081490412315,37.5104730760303,노래방
9761,"서울특별시 송파구 송파대로30길 27-1, 2층 (가락동)",헤라노래연습장,127.120155239637,37.4955708756674,노래방
9762,"서울특별시 송파구 송파대로28길 24, 밀리아나2차오피스텔 202호 (가락동)",왁스노래연습장,127.120544891541,37.4942847426139,노래방
9763,"서울특별시 송파구 중대로9길 22, 지하1층 (가락동)",거송노래연습장,127.119295274439,37.495092141522,노래방
9764,"서울특별시 송파구 오금로 505, 상호빌딩 지하층 (거여동)",Kstar 코인노래연습장,127.144848887595,37.49321290704,노래방
9765,"서울특별시 송파구 새말로8길 6, 지하1층 (문정동)",건영 노래연습장,127.126350492288,37.4822158095347,노래방
9766,"서울특별시 송파구 백제고분로41길 11, 지하1층 (송파동)",세븐틴코인노래연습장 석촌호수점,127.107986537871,37.5070596336207,노래방
9767,"서울특별시 송파구 올림픽로 300, 롯데월드타워앤드롯데월드몰 10층 (신천동)",(주)미디어스코프 싱잇박스,127.104301829165,37.5137129859207,노래방
9768,"서울특별시 송파구 오금로 504, 하나메디칼크리닉BD 지층 (거여동)",텐코인코인노래연습장,127.144647366813,37.4928541028823,노래방
9769,"서울특별시 송파구 오금로11길 14, 동성빌딩 지층 (방이동)",락휴코인노래연습장 송파구청점,127.108893037866,37.5144572160495,노래방
9770,"서울특별시 송파구 중대로9길 21, 센터빌딩 3층 일부호 (가락동)",백호 노래연습장,127.118939895855,37.4950451970127,노래방
9771,"서울특별시 송파구 중대로9길 32, 상원빌딩 2층 (가락동)",엔젤 노래연습장,127.118761211298,37.4960355827,노래방
9772,"서울특별시 송파구 오금로11길 12, 효창플라자 4층 일부호 (방이동)",오아시스메타 코인노래연습장 송파방이점,127.1085536341,37.5144091445735,노래방
9773,"서울특별시 송파구 새말로 154, 아이원빌딩 지층 (문정동)",딩동댕 노래연습장,127.130604643648,37.4843896409066,노래방
9774,"서울특별시 송파구 송파대로30길 13, 지층 (가락동)",입큰 노래연습장,127.118784040716,37.4948847043839,노래방
9775,"서울특별시 송파구 문정로 7, 지층 (문정동, 진주빌딩)",문노래연습장,127.123682750013,37.4863147947562,노래방
9776,"서울특별시 송파구 백제고분로22길 11, 지층 (삼전동, 유라빌라트)",별노래연습장,127.089192564994,37.5027857243429,노래방
9777,"서울특별시 송파구 송파대로30길 19, 2층 201호 (가락동)",람보노래연습장,127.119443821814,37.4951364110394,노래방
9778,"서울특별시 송파구 동남로18길 33, 2층 (가락동)",세븐스타 코인노래연습장 송파가락점,127.133844363262,37.4936008858265,노래방
9779,"서울특별시 송파구 새말로8길 4, 2층 (문정동)",THE HIT 코인노래연습장,127.126324636909,37.4824386565225,노래방
9780,"서울특별시 송파구 중대로9길 21, 센터빌딩 B102호 (가락동)",홈런노래연습장,127.118939895855,37.4950451970127,노래방
9781,"서울특별시 송파구 마천로 43, 칠보빌딩 지하1층 (방이동)",악쓰는하마 코인노래연습장,127.125676024116,37.5089773149742,노래방
9782,"서울특별시 송파구 중대로9길 23, 5층 (가락동)",차차노래연습장,127.11876519642,37.4951958408319,노래방
9783,"서울특별시 송파구 동남로 147, 수동빌딩 지하1층 (가락동)",피그코인노래연습장,127.126898861916,37.4921180151743,노래방
9784,서울특별시 송파구 백제고분로40길 36 (석촌동),악쓰는하마,127.10775486675,37.5017582414529,노래방
9785,서울특별시 송파구 마천로39길 21  (마천동),하나,127.148274466983,37.4994247871491,노래방
9786,"서울특별시 송파구 거마로2길 3, 지하1층 (거여동)",산들,127.145109611881,37.4935446980362,노래방
9787,서울특별시 송파구 백제고분로 204 (삼전동),파티파티,127.089234537921,37.5037486871523,노래방
9788,서울특별시 송파구 성내천로63길 6 (거여동),당신의 노래연습장,127.15725704504,37.4903388692437,노래방
9789,서울특별시 송파구 가락로42길 15 (방이동),올레노래연습장,127.121348154509,37.5121338225358,노래방
9790,"서울특별시 송파구 오금로13길 10-1, 지하1층 (방이동)",카라노래연습장,127.108970516765,37.5132886330539,노래방
9791,"서울특별시 송파구 오금로11길 22, 2층 (방이동)",동산 노래연습장,127.10965576201,37.5147760963519,노래방
9792,"서울특별시 송파구 동남로20길 27 (가락동,지층)",울랄라,127.135032959853,37.4953672175341,노래방
9793,서울특별시 송파구 오금로 410 (가락동),제로백코인노래연습장,127.135434067417,37.4974357385,노래방
9794,서울특별시 송파구 가락로 133 (송파동),준,127.110795590394,37.502302879539,노래방
9795,"서울특별시 송파구 오금로36길 32, 지층 (가락동)",FM노래연습장,127.123598086561,37.5009462386387,노래방
9796,"서울특별시 송파구 성내천로 142, 2층 (거여동)",와우 노래연습장,127.144148450898,37.4989664166199,노래방
9797,"서울특별시 송파구 올림픽로32길 13, 3층 (방이동)",세븐스타 코인노래연습장 송파구청점,127.109292108824,37.514932216889,노래방
9798,"서울특별시 송파구 중대로9길 21, 센터빌딩 지층 101호 (가락동)",킹노래연습장,127.118939895855,37.4950451970127,노래방
9799,서울특별시 송파구 백제고분로48길 41 (방이동),베스트,127.117547762781,37.5103514254188,노래방
9800,서울특별시 송파구 가락로 248 (방이동),앵콜,127.118347213696,37.5100797853236,노래방
9801,서울특별시 송파구 위례성대로18길 27-10 (방이동),MBC,127.125621220622,37.5095479791936,노래방
9802,"서울특별시 송파구 바람드리길 62, 지층 (풍납동)",뮤직Q노래연습장,127.122365863486,37.5367003001398,노래방
9803,서울특별시 송파구 오금로 551 (거여동),빅토리,127.150367774224,37.4931824051771,노래방
9804,"서울특별시 송파구 오금로 481, 지1층 (거여동, 동진빌딩)",하트노래연습장,127.142685130171,37.4941717782107,노래방
9805,서울특별시 송파구 마천로 184 (오금동),킹,127.139243754425,37.5028257190211,노래방
9806,서울특별시 송파구 가락로 114 (석촌동),월드,127.108699560729,37.5013140812678,노래방
9807,서울특별시 송파구 백제고분로7길 24-12 (잠실동),비,127.081576549277,37.5101159485648,노래방
9808,서울특별시 송파구 올림픽로32길 42 (방이동),레인보우노래연습장,127.110595347528,37.5128362606358,노래방
9809,서울특별시 송파구 위례성대로20길 10 (오금동),탈렌트,127.128030816905,37.5104924373575,노래방
9810,"서울특별시 송파구 오금로 144, 지층 (송파동)",애플노래연습장,127.110584500442,37.5106973776609,노래방
9811,서울특별시 송파구 오금로46길 17 (가락동),앵콜,127.135479904856,37.4957664822508,노래방
9812,"서울특별시 송파구 거마로 55 (거여동,지층)",퀸 노래연습장,127.146253556315,37.4978508169634,노래방
9813,서울특별시 송파구 오금로 485 (거여동),M노래연습장,127.143012725972,37.4939943343576,노래방
9814,"서울특별시 송파구 동남로4길 15, 지1층 (문정동)",뮤직애빠지다 노래연습장,127.124540512875,37.4889162735463,노래방
9815,"서울특별시 송파구 중대로9길 24, 지1층 (가락동)",블루 노래연습장,127.119140285549,37.4952639396378,노래방
9816,서울특별시 송파구 새말로8길 30 (문정동),윙크노래연습장,127.126649419787,37.4801330788098,노래방
9817,"서울특별시 송파구 문정로4길 28, 지1층 (문정동, 삼중빌딩)",히트노래연습장,127.126126878109,37.4837770450795,노래방
9818,"서울특별시 송파구 동남로4길 20, 지층 (문정동)",로데오노래연습장,127.124533961794,37.4883756760691,노래방
9819,"서울특별시 송파구 송파대로42길 3, 지층 (송파동)",만남노래연습장,127.108474786909,37.5046333209176,노래방
9820,"서울특별시 송파구 가락로 245, 지층 (방이동)",도레미,127.11797580084,37.5101663829521,노래방
9821,"서울특별시 송파구 송파대로49길 65 (석촌동,2층)",누이노래연습장,127.097647258428,37.5057599235339,노래방
9822,서울특별시 영등포구 영등포로47길 17  (영등포동2가),실크로드,126.908751132279,37.5208359496288,노래방
9823,"서울특별시 송파구 백제고분로40길 4-3, 지층 (석촌동)",만남노래연습장,127.105859685516,37.503853801175,노래방
9824,"서울특별시 송파구 백제고분로31길 19, 지1층 (삼전동, 정은빌딩)",힐링노래연습장,127.095407713973,37.5043595194657,노래방
9825,서울특별시 송파구 오금로 527 (거여동),앵콜,127.147334414767,37.493062789198,노래방
9826,서울특별시 송파구 가락로16길 2-6 (석촌동),송파,127.108127719057,37.501043583607,노래방
9827,"서울특별시 송파구 백제고분로7길 28-7, 지1층 (잠실동, 해경빌딩)",비타민노래연습장,127.08226683029,37.5104270371211,노래방
9828,서울특별시 송파구 오금로13길 10 (방이동),쿨노래연습장,127.108825879796,37.5132315526676,노래방
9829,"서울특별시 송파구 위례성대로18길 28-1, 지하1층 (방이동)",O2노래연습장,127.124803323145,37.5098619451029,노래방
9830,"서울특별시 송파구 오금로13길 3-20, 지1층 (방이동)",다모아노래연습장,127.108032797947,37.5140455265646,노래방
9831,서울특별시 송파구 올림픽로32길 59 (방이동),초이스노래연습장,127.112794583659,37.5121991535542,노래방
9832,"서울특별시 송파구 송파대로 387, 3층 (석촌동)",SBS 노래연습장,127.109546043899,37.5019285058551,노래방
9833,서울특별시 송파구 가락로 115 (석촌동),큐,127.108872498897,37.5017181130638,노래방
9834,서울특별시 송파구 백제고분로7길 24-14 (잠실동),리치,127.081594543549,37.510021781182,노래방
9835,서울특별시 송파구 동남로 132  (문정동),스카이,127.125727674615,37.4909461564527,노래방
9836,서울특별시 송파구 올림픽로32길 56 (방이동),땡겨노래연습장,127.112229161781,37.5122023951453,노래방
9837,"서울특별시 송파구 가락로 264, 지층 (방이동)",SBS,127.119158355214,37.5113316356814,노래방
9838,서울특별시 송파구 성내천로 223 (마천동),산울,127.152558499514,37.499762345118,노래방
9839,서울특별시 송파구 오금로11길 23-8 (방이동),차차차,127.110080299839,37.515488935735,노래방
9840,서울특별시 송파구 백제고분로7길 33 (잠실동),해븐,127.082608288208,37.5109337939061,노래방
9841,"서울특별시 송파구 중대로9길 21, 센터빌딩 502호 (가락동)",카스 노래연습장,127.118939895855,37.4950451970127,노래방
9842,"서울특별시 송파구 법원로 114, 엠스테이트 B동 220호 (문정동)",놀러와2 노래연습장,127.12100938212,37.4860552797801,노래방
9843,서울특별시 송파구 올림픽로47길 15 (풍납동),써니 노래연습장,127.117025208871,37.5282370277792,노래방
9844,"서울특별시 송파구 마천로 192, 지층 (오금동)",엔젤노래연습장,127.139945334649,37.5024334032765,노래방
9845,서울특별시 송파구 백제고분로9길 17  (잠실동),도레미,127.081036569278,37.5095767087223,노래방
9846,서울특별시 송파구 풍성로25길 36-1 (풍납동),영상,127.121506282373,37.5365491889969,노래방
9847,서울특별시 송파구 백제고분로 257 (삼전동),앵콜,127.095138109323,37.502768291324,노래방
9848,서울특별시 송파구 백제고분로27길 33 (삼전동),하트노래연습장,127.093613765382,37.5060665572441,노래방
9849,서울특별시 송파구 문정로4길 34 (문정동),MBC,127.126173382225,37.4833940669999,노래방
9850,서울특별시 송파구 올림픽로32길 18 (방이동),KBS,127.109129830721,37.5144143800455,노래방
9851,"서울특별시 송파구 백제고분로12길 4, 지하1층 (잠실동)",파티 노래연습장,127.081030674331,37.5059019650687,노래방
9852,"서울특별시 송파구 성내천로 260, 지층 (마천동)",산성노래연습장,127.153978421607,37.497381758272,노래방
9853,서울특별시 송파구 마천로51길 22 (마천동),KBS노래연습장,127.152128953144,37.4966239758501,노래방
9854,서울특별시 송파구 마천로8길 23 (오금동),K2,127.128777957427,37.5065226114374,노래방
9855,"서울특별시 송파구 오금로36길 18-1, 지층 (가락동)",삐삐네 노래연습장,127.124577707566,37.5020515540812,노래방
9856,서울특별시 송파구 백제고분로7길 19 (잠실동),NBC,127.080942428,37.5106930275481,노래방
9857,"서울특별시 송파구 백제고분로41길 6-5, 지1층 (송파동, 곡성빌딩)",수노래연습장,127.10869249158,37.5068913091853,노래방
9858,"서울특별시 송파구 마천로 235, 3층 (마천동)",ABC노래연습장,127.143980825023,37.4999523210187,노래방
9859,서울특별시 송파구 백제고분로22길 6  (삼전동),라이브,127.089112418342,37.5033876564161,노래방
9860,서울특별시 송파구 삼전로8길 12 (삼전동),몽,127.090225525802,37.5049158173051,노래방
9861,"서울특별시 송파구 백제고분로40길 10, 2층 (석촌동)",모이세노래연습장,127.106289720961,37.5035677062861,노래방
9862,"서울특별시 송파구 백제고분로22길 27, 지하1층 (삼전동)",킹노래연습장,127.088513619323,37.5014075163695,노래방
9863,"서울특별시 송파구 천호대로152길 17, 지층 (풍납동)",코러스,127.121602309454,37.5373651258061,노래방
9864,서울특별시 송파구 백제고분로22길 5 (삼전동),앵커노래연습장,127.08937822425,37.5033207812082,노래방
9865,서울특별시 송파구 백제고분로9길 22 (잠실동),파티파티노래연습장,127.081537509339,37.509474820796,노래방
9866,서울특별시 송파구 오금로46길 40 (가락동),아하노래연습장,127.133486091667,37.4945345536032,노래방
9867,서울특별시 송파구 가락로 274 (방이동),가자,127.119760577127,37.5122782519338,노래방
9868,"서울특별시 송파구 백제고분로7길 31, 지하1층 (잠실동)",팝스타2코인노래연습장,127.082425966591,37.5109386965951,노래방
9869,서울특별시 송파구 백제고분로21길 23 (삼전동),뚜뚜루,127.090563386998,37.5059791951651,노래방
9870,서울특별시 송파구 오금로15길 5 (방이동),인생 노래연습장,127.109057021122,37.5122612287456,노래방
9871,서울특별시 송파구 올림픽로32길 27 (방이동),인스타 노래연습장,127.109787348807,37.5137980249084,노래방
9872,"서울특별시 송파구 오금로44길 3, 지층 (가락동)",품바노래연습장,127.136017691875,37.4968686956662,노래방
9873,서울특별시 송파구 삼학사로18길 12 (석촌동),오디션,127.098591781163,37.5043276222298,노래방
9874,"서울특별시 송파구 오금로17길 20, 지층 (방이동)",궁노래연습장,127.112331122251,37.5123868238022,노래방
9875,"서울특별시 송파구 백제고분로9길 35, 지층 (잠실동)",진노래연습장,127.0830224109,37.5098477933923,노래방
9876,서울특별시 송파구 백제고분로 358 (석촌동),뉴타운,127.106094189934,37.5042941822869,노래방
9877,서울특별시 송파구 백제고분로39길 6-5 (석촌동),원스타,127.105385395742,37.5052445661179,노래방
9878,"서울특별시 송파구 동남로18길 35, 불산빌딩 지층 (가락동)",바나나 노래연습장,127.133972264608,37.4934787445775,노래방
9879,서울특별시 송파구 동남로18길 34 (가락동),채플린,127.133510399257,37.49345187684,노래방
9880,"서울특별시 송파구 석촌호수로 194, 지층 (석촌동)",SBS노래연습장,127.098577221469,37.5062425402419,노래방
9881,서울특별시 송파구 오금로15길 16 (방이동),에스비에스노래연습장,127.109849770376,37.5130158056097,노래방
9882,서울특별시 송파구 마천로51길 4 (마천동),청춘,127.150686619978,37.4956401239415,노래방
9883,"서울특별시 송파구 백제고분로7길 58 (잠실동,지층 102호)",디바Ⅰ노래연습장,127.085254901041,37.5106737756287,노래방
9884,서울특별시 송파구 중대로16길 3 (가락동),행운노래연습장,127.125528800792,37.4965024246301,노래방
9885,"서울특별시 송파구 마천로 191 (오금동,지층)",테마노래연습장,127.14017880194,37.5026378348069,노래방
9886,서울특별시 송파구 백제고분로45길 23 (송파동),마야노래연습장,127.108831954167,37.5100146026602,노래방
9887,"서울특별시 송파구 삼전로13길 4, 지층 (잠실동)",진선미노래연습장,127.089895412511,37.5072878742908,노래방
9888,서울특별시 송파구 송파대로30길 3-6 (가락동),대룡,127.117813137356,37.4944638253892,노래방
9889,서울특별시 송파구 올림픽로32길 19 (방이동),째즈,127.109545975492,37.5143426353537,노래방
9890,서울특별시 송파구 오금로 173-1 (방이동),이브,127.11394549988,37.5096230696043,노래방
9891,서울특별시 송파구 백제고분로7길 28-13 (잠실동),선수입장 노래연습장,127.082316651242,37.5101677834728,노래방
9892,서울특별시 송파구 가락로 65 (석촌동),어울림,127.103615264668,37.5000581433341,노래방
9893,"서울특별시 송파구 중대로9길 23, 4층 (가락동)",올인노래연습장,127.11876519642,37.4951958408319,노래방
9894,서울특별시 송파구 백제고분로46길 3 (송파동),SBS노래연습장,127.111968261218,37.5086700760483,노래방
9895,서울특별시 송파구 중대로12길 8 (가락동),열린,127.123261064175,37.4939903742034,노래방
9896,서울특별시 송파구 풍성로25길 39 (풍납동),악쓰는하마,127.121354852407,37.5368721730017,노래방
9897,"서울특별시 송파구 백제고분로31길 2, 지층 (삼전동)",센스노래연습장,127.095424274043,37.5028866328151,노래방
9898,"서울특별시 송파구 백제고분로31길 38, 지층 (삼전동)",블루 노래연습장,127.095998720219,37.5060109432241,노래방
9899,"서울특별시 송파구 중대로9길 56, 지층 (가락동)",퀸노래연습장,127.119806008666,37.4974627125433,노래방
9900,"서울특별시 송파구 백제고분로41길 14, 지층 (송파동)",에이스노래연습장,127.108029164606,37.5073652154067,노래방
9901,서울특별시 송파구 올림픽로32길 33 (방이동),와와노래연습장,127.110096719817,37.5135766306676,노래방
9902,서울특별시 송파구 오금로44가길 8 (가락동),고래고래노래연습장,127.135355596493,37.4973162649565,노래방
9903,서울특별시 송파구 백제고분로34길 11 (석촌동),행운노래연습장,127.098879933759,37.5013995645374,노래방
9904,서울특별시 송파구 거마로24길 5 (마천동),좋은날 노래연습장,127.148205038648,37.4998866395339,노래방
9905,서울특별시 송파구 삼학사로12길 13 (석촌동),골드스타 노래연습장,127.098434917807,37.5017440302081,노래방
9906,"서울특별시 송파구 송파대로30길 41-4, 지층 (가락동)",뮤직,127.121466844168,37.4964515293551,노래방
9907,서울특별시 송파구 동남로13길 47 (가락동),송파,127.124867137072,37.493848941475,노래방
9908,서울특별시 송파구 백제고분로39길 30 (석촌동),핑클,127.103833897654,37.5068583782924,노래방
9909,"서울특별시 송파구 동남로4길 11, 지하1층 (문정동)",타임노래연습장,127.1243298928,37.4891418372932,노래방
9910,"서울특별시 송파구 올림픽로32길 58, 지층 (방이동)",가왕노래연습장,127.112433147977,37.5120866023654,노래방
9911,서울특별시 송파구 백제고분로41길 39 (송파동),아우성노래연습장,127.105894953242,37.5089654397773,노래방
9912,서울특별시 송파구 가락로 84 (석촌동),친구,127.105690808919,37.5003859826032,노래방
9913,서울특별시 송파구 오금로36길 22-1 (가락동),BM,127.124323930359,37.5017803485461,노래방
9914,"서울특별시 송파구 중대로 188, 지층 (가락동)",토탈노래연습장,127.126150309049,37.4986519231359,노래방
9915,"서울특별시 송파구 백제고분로9길 37, 지층 (잠실동)",애플,127.083283001352,37.5099476214322,노래방
9916,"서울특별시 송파구 올림픽로32길 21, 지층 (방이동)",악쓰는하마 코인노래연습장,127.109683504373,37.5141782547838,노래방
9917,서울특별시 송파구 백제고분로27길 27 (삼전동),즐거운노래연습장,127.093419055827,37.5055592654157,노래방
9918,"서울특별시 송파구 오금로42길 5, 지층 (가락동)",샵노래연습장,127.134596785291,37.4973750666174,노래방
9919,서울특별시 송파구 새말로 157 (문정동),해피데이,127.130702739273,37.4848826540315,노래방
9920,서울특별시 송파구 백제고분로42길 11 (송파동),테크노,127.110033651239,37.5055181075855,노래방
9921,서울특별시 송파구 양재대로62길 31-6 (가락동),야옹이노래연습장,127.120021761888,37.4971711081955,노래방
9922,서울특별시 송파구 백제고분로50길 21 (방이동),우리,127.117316801267,37.5137473581174,노래방
9923,"서울특별시 송파구 백제고분로19길 7 (잠실동,지층)",초이스 노래연습장,127.086624353419,37.5055570552677,노래방
9924,서울특별시 송파구 석촌호수로18길 11 (석촌동),가인노래연습장,127.101246352747,37.5059876409173,노래방
9925,"서울특별시 송파구 송이로20길 11, 지층 (가락동)",가왕노래연습장,127.120181146598,37.4957894334357,노래방
9926,서울특별시 송파구 오금로46길 42  (가락동),올레,127.133364602351,37.4944484645072,노래방
9927,"서울특별시 송파구 백제고분로48길 12, 지1층 (방이동)",MBC노래연습장,127.114483073804,37.5113199513542,노래방
9928,서울특별시 송파구 백제고분로 255 (삼전동),써니노래연습장,127.094927439825,37.502787381916,노래방
9929,서울특별시 송파구 오금로46길 30 (가락동),수,127.134222861335,37.4951283829592,노래방
9930,서울특별시 송파구 올림픽로32길 51 (방이동),탑(TOP),127.111873857154,37.5125595296963,노래방
9931,"서울특별시 송파구 동남로4길 19, 지층 (문정동)",소리질러노래연습장,127.124816541556,37.488519268742,노래방
9932,"서울특별시 송파구 백제고분로19길 13, 지층 (잠실동)",힐링,127.086929790358,37.5062047435539,노래방
9933,"서울특별시 송파구 송이로 93, 지층 (가락동)",꾼 노래연습장,127.121042137108,37.4979459233669,노래방
9934,서울특별시 송파구 삼학사로 78 (석촌동),아띠,127.097341254608,37.504135754123,노래방
9935,서울특별시 송파구 송이로17길 41 (가락동),SBS,127.124256156749,37.5009424848652,노래방
9936,서울특별시 송파구 중대로9길 40 (가락동),팡팡 노래연습장,127.118608589528,37.4964905639557,노래방
9937,"서울특별시 송파구 가락로 111, 영보빌딩 지층 (석촌동)",스카이,127.108341744476,37.5015526358242,노래방
9938,서울특별시 송파구 동남로18길 23 (가락동),바다노래연습장,127.133062150257,37.4942160756109,노래방
9939,서울특별시 송파구 동남로4길 10 (문정동),가수된베짱이노래연습장,127.123896900777,37.489120758088,노래방
9940,서울특별시 송파구 바람드리길 51 (풍납동),토성노래연습장,127.121680076419,37.5372478256159,노래방
9941,"서울특별시 송파구 백제고분로17길 55, 지층 (잠실동)",부엉이,127.085005901866,37.5105268210903,노래방
9942,"서울특별시 송파구 문정로4길 10-46, 지1층 (문정동)",스타노래연습장,127.123614536255,37.4854711625045,노래방
9943,서울특별시 송파구 새말로 146 (문정동),우리,127.129979195927,37.4837562913348,노래방
9944,서울특별시 송파구 백제고분로22길 10 (삼전동),SBS,127.088977862805,37.5030293379148,노래방
9945,"서울특별시 송파구 송이로20길 12, 지층 (가락동)",벌떼노래연습장,127.12014040677,37.4959825605099,노래방
9946,"서울특별시 송파구 동남로4길 28, 지층 (문정동)",펜더노래연습장,127.12460648106,37.4877871516796,노래방
9947,서울특별시 송파구 양재대로62길 31-5 (가락동),보스노래연습장,127.119930957768,37.4973146405745,노래방
9948,"서울특별시 송파구 마천로 139, 2층 (오금동)",우리노래연습장,127.135060715972,37.5047507972925,노래방
9949,"서울특별시 송파구 마천로 143, 지층 (오금동)",친구노래연습장,127.135505965213,37.504618740685,노래방
9950,"서울특별시 송파구 오금로13길 14 (방이동,지하1층)",엔젤노래연습장,127.109328406328,37.513373537285,노래방
9951,서울특별시 송파구 백제고분로7길 50-1 (잠실동),싸이보그,127.084531228353,37.5106538429326,노래방
9952,서울특별시 송파구 마천로51길 19 (마천동),신세대,127.151909127152,37.4966848063151,노래방
9953,서울특별시 송파구 오금로36길 23 (가락동),콘서트,127.124564573401,37.5015657458776,노래방
9954,"서울특별시 송파구 백제고분로7길 58 (잠실동,지층 101호)",디바Ⅱ노래연습장,127.085254901041,37.5106737756287,노래방
9955,서울특별시 송파구 삼학사로14길 15 (석촌동),붐붐노래연습장,127.098620216722,37.5034186644632,노래방
9956,"서울특별시 송파구 백제고분로41길 19-1, 지1층 (송파동)",빈티지코인노래연습장,127.10722953587,37.5077557185607,노래방
9957,서울특별시 송파구 오금로11길 6 (방이동),야호노래연습장,127.107952307168,37.5142331890942,노래방
9958,서울특별시 송파구 위례성대로20길 23 (오금동),청개구리노래연습장,127.127535037506,37.5092731944313,노래방
9959,서울특별시 송파구 오금로 490 (거여동),모아노래연습장,127.143100247656,37.4934002849876,노래방
9960,"서울특별시 송파구 마천로41길 5, 자매빌딩 지하층 101호 (마천동)",바비킹,127.148131799561,37.4973321103558,노래방
9961,서울특별시 송파구 송파대로 288 (가락동),태평양 노래연습장,127.117042586324,37.495033486768,노래방
9962,"서울특별시 송파구 송이로 98, 지층 (가락동)",힐링노래연습장,127.120952239116,37.4973885630572,노래방
9963,서울특별시 송파구 백제고분로9길 30 (잠실동),쇼,127.082440458235,37.5096145705464,노래방
9964,서울특별시 송파구 백제고분로9길 43 (잠실동),엿장수노래연습장,127.083968988297,37.5100553464,노래방
9965,"서울특별시 송파구 위례성대로18길 30, 지층 (방이동)",방이노래연습장,127.124853104663,37.5097354816242,노래방
9966,"서울특별시 송파구 중대로9길 62, 지층 (가락동)",애플 노래연습장,127.120339225143,37.4977553579262,노래방
9967,서울특별시 송파구 가락로 79 (석촌동),썬노래연습장,127.105164556631,37.5005966568786,노래방
9968,"서울특별시 송파구 송파대로27길 30, 2층 (문정동)",훼미리,127.11577628751,37.4909273152145,노래방
9969,"서울특별시 송파구 토성로 34-1, 지하1층 (풍납동)",싸이 노래연습장,127.114065832865,37.5300520167187,노래방
9970,서울특별시 송파구 백제고분로48길 17 (방이동),뉴스타노래연습장,127.115254335933,37.511238561472,노래방
9971,서울특별시 송파구 백제고분로 379 (송파동),샤방샤방,127.107707408308,37.5059587706017,노래방
9972,"서울특별시 송파구 백제고분로33길 26, 지1층 (석촌동, 삼우빌딩)",씽씽노래연습장,127.098923179215,37.5049476871618,노래방
9973,서울특별시 송파구 올림픽로32길 9 (방이동),방방,127.109195730029,37.5152377461781,노래방
9974,서울특별시 송파구 백제고분로7길 20 (잠실동),뮤즈 노래연습장,127.081009064953,37.510500076852,노래방
9975,"서울특별시 송파구 백제고분로7길 29 (잠실동,지하1층)",멜론노래연습장,127.082175193388,37.5109231938477,노래방
9976,"서울특별시 송파구 오금로44가길 12, 지하1층 (가락동)",명품노래연습장,127.134880553138,37.4975837763268,노래방
9977,"서울특별시 송파구 동남로4길 27, 지하1층 (문정동)",참새노래연습장,127.124929414451,37.4877205865994,노래방
9978,"서울특별시 송파구 송이로19길 4, 지층 (가락동)",나예노래연습장,127.121845361109,37.4973015991911,노래방
9979,서울특별시 송파구 백제고분로7길 23 (잠실동),락휴노래연습장 신천점,127.081416348773,37.510804336269,노래방
9980,서울특별시 송파구 백제고분로7길 28-6 (잠실동),킹,127.081962939776,37.5104485120791,노래방
9981,서울특별시 송파구 백제고분로15길 59 (잠실동),더비파크,127.084324922867,37.5105526274134,노래방
9982,서울특별시 송파구 가락로 241 (방이동),컴백,127.117762271053,37.5098142133215,노래방
9983,서울특별시 송파구 백제고분로9길 49 (잠실동),빙고노래연습장,127.084431109257,37.5101334944661,노래방
9984,서울특별시 송파구 동남로4길 30-1 (문정동),명품,127.124639477019,37.4875023985184,노래방
9985,서울특별시 송파구 마천로 24 (방이동),큐R노래연습장,127.123596310574,37.5094733497482,노래방
9986,"서울특별시 송파구 오금로46길 14, 지하1층 (가락동)",뉴스타노래연습장,127.135540341907,37.4962325033702,노래방
9987,"서울특별시 송파구 백제고분로41길 13, 지층 (송파동)",원더풀,127.107812224531,37.5071989079576,노래방
9988,서울특별시 송파구 백제고분로41길 43-5 (송파동),샵 노래연습장,127.105565349903,37.5091915264878,노래방
9989,"서울특별시 송파구 토성로 55 (풍납동,2층)",엘리스,127.116374296966,37.5293619403073,노래방
9990,"서울특별시 송파구 중대로9길 22, 3층 (가락동)",파파야노래연습장,127.119295274439,37.495092141522,노래방
9991,"서울특별시 송파구 마천로15길 2, 지하1층 (오금동)",콜노래연습장,127.134922616425,37.5049974700011,노래방
9992,서울특별시 송파구 가락로 112 (석촌동),세븐틴 코인노래연습장,127.108509506025,37.5012719988373,노래방
9993,"서울특별시 송파구 마천로 145, 2층 (오금동)",매너짱,127.135640689736,37.5045709229115,노래방
9994,서울특별시 송파구 오금로11길 8 (방이동),히트,127.108136509162,37.5142728449564,노래방
9995,서울특별시 송파구 동남로6길 9 (문정동),동호노래연습장,127.124589862694,37.4894910641202,노래방
9996,서울특별시 송파구 송이로 103 (가락동),루루,127.121689345501,37.4971883233456,노래방
9997,"서울특별시 송파구 송파대로30길 21, 지층 (가락동)",다이아몬드 노래연습장,127.119646367926,37.4952881157506,노래방
9998,"서울특별시 송파구 오금로11길 22, 지층 (방이동)",럭셔리,127.10965576201,37.5147760963519,노래방
9999,"서울특별시 송파구 새말로 167, 지층 (문정동)",수,127.131336912625,37.485453640206,노래방
10000,"서울특별시 송파구 송파대로32길 6-11, 지층 (가락동)",수정노래연습장,127.117690049646,37.4948609315131,노래방
10001,서울특별시 송파구 바람드리길 59 (풍납동),청개구리,127.122458121728,37.5369354555966,노래방
10002,"서울특별시 송파구 오금로36길 20, 지층 (가락동)",이브노래연습장,127.124510857043,37.5019757599183,노래방
10003,서울특별시 송파구 풍성로20길 9 (풍납동),여기는,127.117340440483,37.5332490732869,노래방
10004,서울특별시 송파구 백제고분로7길 30 (잠실동),베스트노래연습장,127.08220083084,37.5106826078794,노래방
10005,"서울특별시 송파구 마천로 333-1, 지층 (마천동)",미소노래연습장,127.152053687792,37.4938034733793,노래방
10006,서울특별시 송파구 올림픽로45길 20 (풍납동),쿨,127.116073940223,37.5273994946511,노래방
10007,"서울특별시 송파구 거마로 63 (마천동,지층)",엠비씨,127.146561500643,37.4986662058097,노래방
10008,서울특별시 송파구 위례성대로18길 29 (방이동),홈런노래연습장,127.125142148654,37.5097730179266,노래방
10009,서울특별시 송파구 송파대로 278 (가락동),조은,127.117732564407,37.4942820826033,노래방
10010,서울특별시 송파구 올림픽로 104 (잠실동),엔,127.082263786514,37.5114667980986,노래방
10011,"서울특별시 송파구 송파대로30길 41-15, 지하1층 (가락동)",퐁퐁노래연습장,127.120955881646,37.496702172917,노래방
10012,"서울특별시 송파구 송파대로32길 4, 지하1층 (가락동, 파크빌딩)",신바람노래연습장,127.117235587428,37.4951589857894,노래방
10013,"서울특별시 송파구 송파대로22길 21, 지1층 (문정동)",반딧불노래연습장,127.124021490176,37.4883580147924,노래방
10014,서울특별시 송파구 올림픽로32길 28 (방이동),오케이노래연습장,127.109502262351,37.5136875562032,노래방
10015,"서울특별시 송파구 송파대로30길 8, 훼밀리오피스텔 지하2층 1호 일부호 (가락동)",샤방샤방노래연습장,127.118405222237,37.4942436581716,노래방
10016,"서울특별시 송파구 풍성로25길 25-1, 지층 (풍납동)",신바람 노래연습장,127.120770803112,37.5357535494775,노래방
10017,서울특별시 송파구 백제고분로50길 16 (방이동),짠짜라,127.11656482329,37.5137340469481,노래방
10018,"서울특별시 송파구 삼학사로 45, 지1층 (삼전동, 대림통상)",궁노래연습장,127.096640896486,37.501362313829,노래방
10019,서울특별시 송파구 위례성대로18길 28 (방이동),오늘짱,127.1249301805,37.5100380473931,노래방
10020,"서울특별시 송파구 송파대로49길 33, 지하1층 (석촌동)",수우노래연습장,127.101088430775,37.5065478407515,노래방
10021,"서울특별시 송파구 올림픽로12길 22, 지층 (잠실동)",로또노래연습장,127.083082480715,37.509653945113,노래방
10022,서울특별시 송파구 가락로 209 (송파동),울타리노래연습장,127.116148519048,37.5071999252324,노래방
10023,서울특별시 송파구 마천로 335 (마천동),타타타노래연습장,127.152163901234,37.493672415267,노래방
10024,"서울특별시 송파구 문정로4길 36 (문정동,지하1층)",킹,127.126182656002,37.4831938530945,노래방
10025,"서울특별시 송파구 백제고분로39길 31, 지층호 (석촌동, 한흥빌딩)",하모니노래연습장,127.103420453826,37.5068942405773,노래방
10026,"서울특별시 송파구 마천로41길 1, 지층 (마천동)",서울노래연습장,127.147777073785,37.497401391458,노래방
10027,"서울특별시 송파구 올림픽로 116-1, 지1층 (잠실동, 신원빌딩)",슈퍼스타코인노래연습장,127.083630948129,37.5114000647377,노래방
10028,"서울특별시 송파구 중대로9길 46, 지층 (가락동)",77노래연습장,127.118999690366,37.4970243771691,노래방
10029,서울특별시 송파구 오금로 532 (거여동),영,127.147900108008,37.4927551094698,노래방
10030,서울특별시 송파구 백제고분로17길 45 (잠실동),소라노래연습장,127.085210925886,37.5096990107993,노래방
10031,"서울특별시 송파구 오금로36길 22, 지층 (가락동)",놀이터노래연습장,127.124420535865,37.5018634096248,노래방
10032,"서울특별시 송파구 중대로 60-6, 2층 (문정동, 공간빌딩)",우리노래연습장,127.115636901507,37.4912444259921,노래방
10033,"서울특별시 송파구 중대로9길 51, 지층 (가락동, 부성빌딩)",빙고 노래연습장,127.119125677988,37.4974583549023,노래방
10034,"서울특별시 송파구 동남로4길 12, 지층 (문정동)",준노래연습장,127.124095513204,37.4889495384625,노래방
10035,"서울특별시 송파구 백제고분로33길 35, 지층 (석촌동)",짝 노래연습장,127.098557101479,37.5057352011928,노래방
10036,서울특별시 송파구 문정로 19  (문정동),MBC,127.12464393305,37.4864413673155,노래방
10037,서울특별시 송파구 위례성대로18길 5 (방이동),올림픽노래연습장,127.126291743824,37.5115874074166,노래방
10038,서울특별시 송파구 오금로 498 (거여동),스타노래연습장,127.143890000738,37.4929904490217,노래방
10039,서울특별시 송파구 중대로9길 62 (가락동),야화,127.120339225143,37.4977553579262,노래방
10040,서울특별시 송파구 백제고분로39길 5 (석촌동),팡팡노래연습장,127.104990862714,37.5050480478563,노래방
10041,"서울특별시 송파구 바람드리길 27-1, 지1층 (풍납동)",태영노래연습장,127.119041002747,37.5378497704024,노래방
10042,서울특별시 송파구 새말로8길 4 (문정동),스타,127.126324636909,37.4824386565225,노래방
10043,"서울특별시 송파구 백제고분로41길 19-1, 138동 170호 (송파동)",한강,127.10722953587,37.5077557185607,노래방
10044,"서울특별시 송파구 오금로46길 22, 지층 (가락동)",SBS노래연습장,127.134879080198,37.495695900165,노래방
10045,"서울특별시 송파구 마천로 252, 지1층 (거여동)",얌코인 노래연습장,127.144964671116,37.498882705528,노래방
10046,"서울특별시 송파구 중대로9길 24, 3층 (가락동)",체크노래연습장,127.119140285549,37.4952639396378,노래방
10047,"서울특별시 송파구 백제고분로48길 6, 지1층 (방이동)",도깨비코인노래연습장,127.113870739314,37.5115596696844,노래방
10048,"서울특별시 송파구 마천로41길 1, 3층 (마천동)",힐링노래연습장,127.147777073785,37.497401391458,노래방
10049,"서울특별시 송파구 마천로 29, 지1층 (방이동)",슈퍼스타코인노래연습장(방이점),127.124243586707,37.5095312359703,노래방
10050,"서울특별시 송파구 백제고분로40길 32, 2층 (석촌동, 남승빌딩)",힐링코인노래연습장,127.107648557931,37.5019143024162,노래방
10051,"서울특별시 송파구 가락로 214, 지1층 (송파동, 창우빌딩)",잇츠코인노래연습장,127.116637709048,37.5072923367808,노래방
10052,"서울특별시 송파구 백제고분로7길 28-11 (잠실동,지층)",찐노래연습장,127.082287593435,37.5102800688571,노래방
10053,"서울특별시 송파구 중대로23길 20 (가락동,우정에쉐르 지층)",부활,127.125798271054,37.5026311386484,노래방
10054,서울특별시 송파구 오금로 487  (거여동),구찌,127.143183666858,37.4939158298536,노래방
10055,"서울특별시 송파구 양재대로62길 43, 2층 (가락동)",연궁노래연습장,127.120518085476,37.4963218551574,노래방
10056,"서울특별시 송파구 양재대로62길 43, 지하1층 (가락동)",가자노래연습장,127.120518085476,37.4963218551574,노래방
10057,"서울특별시 송파구 올림픽로12길 21, 지1층 (잠실동)",라이브노래연습장,127.083323705114,37.5097316219785,노래방
10058,"서울특별시 송파구 송파대로30길 41-5, 지1층 (가락동)",각시노래연습장,127.121262475596,37.4963658734224,노래방
10059,서울특별시 송파구 양재대로62길 41-1 (가락동),올레 노래연습장,127.120481874877,37.4963774841726,노래방
10060,"서울특별시 송파구 올림픽로32길 18, 지하2층 (방이동, 경진빌딩)",VIP노래연습장,127.109129830721,37.5144143800455,노래방
10061,"서울특별시 송파구 송파대로30길 11, 2층 205호 (가락동, 이연파레스)",탑노래연습장,127.118465891551,37.4947814982071,노래방
10062,"서울특별시 송파구 백제고분로40길 31, 지층 (석촌동)",궁노래연습장,127.107907121544,37.5020166910285,노래방
10063,"서울특별시 송파구 오금로11길 26, 지층 (방이동)",오페라,127.110031216245,37.5149546864741,노래방
10064,서울특별시 송파구 가락로 243 (방이동),수궁,127.117866205062,37.5099524137901,노래방
10065,서울특별시 송파구 백제고분로32길 3 (삼전동),조아조아,127.095291769578,37.5020295232164,노래방
10066,"서울특별시 송파구 새말로 62, B02호 (문정동)",나가수 노래연습장,127.120842269438,37.4807917612963,노래방
10067,"서울특별시 송파구 양재대로62길 35-1, 지층 (가락동)",강남노래연습장,127.120031792668,37.4968673688598,노래방
10068,"서울특별시 송파구 오금로15길 7-1, 지층 (방이동)",큐노래연습장,127.109256533917,37.5125648628524,노래방
10069,"서울특별시 송파구 오금로11길 23-9, 2층 (방이동)",JJ노래연습장,127.109801580292,37.5154054018545,노래방
10070,"서울특별시 송파구 송이로 90, 지층 (가락동)",웬노래연습장,127.120521772573,37.4978421189051,노래방
10071,"서울특별시 송파구 송파대로30길 27, 2층 (가락동)",오투노래연습장,127.120023099355,37.4955337083304,노래방
10072,"서울특별시 송파구 백제고분로9길 29, 지층 (잠실동)",제니스,127.082413140381,37.5097659583484,노래방
10073,"서울특별시 송파구 송이로20길 20, 지층 (가락동)",씽씽노래연습장,127.119413889428,37.4955841513411,노래방
10074,"서울특별시 송파구 올림픽로32길 22-6, 지층 (방이동)",끌림 노래연습장,127.1091090929,37.5139994870795,노래방
10075,"서울특별시 송파구 양재대로62길 48, 2층 (가락동)",에이스노래연습장,127.120552874386,37.4958039212946,노래방
10076,"서울특별시 송파구 중대로9길 29, 2층 (가락동)",앙,127.118513633851,37.4957256148739,노래방
10077,"서울특별시 송파구 법원로 114, B동 221호 (문정동, 엠스테이트)",놀러와 노래연습장,127.12100938212,37.4860552797801,노래방
10078,"서울특별시 송파구 거마로3길 4, 지1층 (거여동, 뉴비전빌딩)",오렌지코인노래연습장,127.14424410398,37.4941351962948,노래방
10079,"서울특별시 송파구 올림픽로12길 8, 지1층 (잠실동, 제일빌딩)",악쓰는하마코인노래연습장,127.082785706876,37.5109956587836,노래방
10080,"서울특별시 송파구 중대로9길 21, 4층 (가락동, 센터빌딩)",캔디노래연습장,127.118939895855,37.4950451970127,노래방
10081,서울특별시 송파구 백제고분로 184 (잠실동),체리 노래연습장,127.087035225978,37.5043773375841,노래방
10082,서울특별시 송파구 오금로46길 36 (가락동),OK노래연습장,127.133732491208,37.4947222248519,노래방
10083,"서울특별시 송파구 삼전로12길 7, 지1층 (삼전동)",체리노래연습장,127.091039605159,37.5065050159512,노래방
10084,"서울특별시 송파구 오금로 91 (방이동,지층)",케이팝,127.107667014282,37.5140570329962,노래방
10085,서울특별시 송파구 가락로 85 (석촌동),샘터노래연습장,127.105749983585,37.5007269602804,노래방
10086,"서울특별시 송파구 송파대로28길 27, 101동 124호 (가락동)",문노래연습장,127.120132764747,37.4948121610825,노래방
10087,"서울특별시 송파구 송이로20길 12-1, 지층 (가락동)",시크노래연습장,127.119947076017,37.4958674281633,노래방
10088,"서울특별시 송파구 송파대로30길 11, 202호 (가락동)",팝콘노래연습장,127.118465891551,37.4947814982071,노래방
10089,서울특별시 송파구 중대로9길 48 (가락동),요요노래연습장,127.119162146982,37.4970662002956,노래방
10090,"서울특별시 송파구 송이로 159, 지층 (가락동)",가윤 노래연습장,127.125346805693,37.4929585994279,노래방
10091,"서울특별시 송파구 올림픽로8길 20, 잠실아이파크 A101호 (잠실동)",스타코인노래연습장,127.080060894393,37.5099633643304,노래방
10092,"서울특별시 송파구 백제고분로7길 26, 지하1층 (잠실동)",엔젤스코인노래연습장 잠실신천점,127.081745167222,37.5105111926852,노래방
10093,"서울특별시 송파구 송파대로30길 29, 삼궁빌딩 지층 (가락동)",소풍노래연습장,127.120290707572,37.4956380429769,노래방
10094,"서울특별시 송파구 송이로 105, 지층 (가락동)",0.5 노래연습장,127.121801428012,37.4970582827684,노래방
10095,"서울특별시 송파구 송파대로30길 21, 4층 (가락동)",스토리 노래연습장,127.119646367926,37.4952881157506,노래방
10096,"서울특별시 송파구 중대로9길 21, 센터빌딩 2층 (가락동)",주니 노래연습장,127.118939895855,37.4950451970127,노래방
10097,"서울특별시 송파구 송파대로30길 41, 광명빌딩 지하1층 (가락동)",판타스틱 코인노래연습장 가락시장점,127.121376142837,37.4962370930126,노래방
10098,"서울특별시 송파구 백제고분로7길 52, 지하1층 (잠실동)",온에어코인노래연습장 새내역점,127.084651697791,37.5106643885096,노래방
10099,"서울특별시 송파구 오금로36길 10, 지층 (가락동)",판타스틱 코인노래연습장 오금역점,127.125126609686,37.5026317619017,노래방
10100,"서울특별시 강동구 동남로75길 19, 명일빌딩 지하1층 9호 (명일동)",엔젤스코인노래연습장,127.15517770003,37.5541302080444,노래방
10101,"서울특별시 강동구 올림픽로70길 60, 3층 (천호동)",세븐스타 코인노래연습장 천호로데오점,127.126857329881,37.5389423838563,노래방
10102,"서울특별시 강동구 구천면로 328, 인성빌딩 지층 101호 (천호동)",K Star 코인노래연습장,127.136051396534,37.548454354945,노래방
10103,"서울특별시 강동구 양재대로 1481, 길빌딩 302호 (길동)",판타스틱 코인노래연습장 길동역점,127.139901172837,37.538271092885,노래방
10104,"서울특별시 강동구 양재대로 1626, 지하층 1호-나호 (명일동)",SBS노래연습장,127.144288436536,37.5506474264789,노래방
10105,"서울특별시 강동구 고덕로83길 12, 아주빌딩 지층 (고덕동)",세이렌 노래연습장,127.168910907677,37.557585333053,노래방
10106,"서울특별시 강동구 구천면로41길 13, 지층 (천호동)",천궁노래연습장,127.133183294497,37.5464228103138,노래방
10107,"서울특별시 강동구 구천면로 297, 이수빌딩 지층 (천호동)",울랄라 노래연습장,127.133904900422,37.5464155070304,노래방
10108,"서울특별시 강동구 양재대로147길 7, 지하층 (명일동)",슈퍼스타코인노래연습장 명일점,127.143534849647,37.5521741842574,노래방
10109,"서울특별시 강동구 천중로 18, 지층 (천호동)",우리 노래연습장,127.123769932558,37.5456311636136,노래방
10110,"서울특별시 강동구 천호대로197길 33, 지층 (길동)",하늘노래연습장,127.146643228556,37.5374353450722,노래방
10111,서울특별시 강동구 상암로23길 41 (암사동),J 노래연습장,127.135150402977,37.5489601287241,노래방
10112,"서울특별시 강동구 천중로 203, 지층 (길동)",SBS노래연습장,127.142751018487,37.5410629426411,노래방
10113,서울특별시 강동구 양재대로 1488 (길동),파도노래연습장,127.14057632813,37.5385752794508,노래방
10114,서울특별시 강동구 천호대로219길 10 (상일동),스타노래연습장,127.170584976291,37.5464466016925,노래방
10115,"서울특별시 강동구 양재대로 1329, 지하층 (성내동, 서경빌딩)",플로렌스코인노래연습장,127.134828787213,37.5252029335254,노래방
10116,서울특별시 강동구 올림픽로100길 6 (암사동),가시노래연습장,127.128862765073,37.5522839110457,노래방
10117,"서울특별시 강동구 구천면로41길 14, 2층 (천호동)",팡팡노래연습장,127.133276874799,37.5466755248722,노래방
10118,서울특별시 강동구 구천면로 490 (명일동),킹노래연습장,127.152778255008,37.5490355839082,노래방
10119,서울특별시 강동구 구천면로 339 (암사동),유성노래연습장,127.136673411965,37.5494860901959,노래방
10120,"서울특별시 강동구 명일로 191, 2층 (길동)",에쿠스,127.145312032147,37.5358438428231,노래방
10121,"서울특별시 강동구 풍성로 209, 2층 (성내동)",스카이 노래연습장,127.135101909071,37.5293607424181,노래방
10122,"서울특별시 강동구 천호대로157길 18, 1층 (천호동)",악쓰는 하마 2,127.127484882745,37.5384960736319,노래방
10123,"서울특별시 강동구 양재대로89가길 30, 지층 (성내동)",데몰리션노래연습장,127.134244601379,37.5252688315044,노래방
10124,서울특별시 강동구 상암로 55 (암사동),청송노래연습장,127.129490429887,37.5494244486092,노래방
10125,서울특별시 강동구 올림픽로98길 7 (암사동),우리노래연습장,127.128548506314,37.5514332613576,노래방
10126,"서울특별시 강동구 양재대로 1319, 지층 (성내동, 경일빌딩)",씽씽,127.134439064819,37.5241954271851,노래방
10127,서울특별시 강동구 성내로5길 20 (성내동),앵콜 노래연습장,127.123713299249,37.5306683201968,노래방
10128,서울특별시 강동구 양재대로103길 29 (성내동),가야,127.136092713766,37.5331471414018,노래방
10129,"서울특별시 강동구 풍성로 215, 지층 (성내동)",짱노래연습장,127.135757638609,37.5291766367702,노래방
10130,서울특별시 강동구 성안로3길 121 (성내동),친친노래연습장,127.12340431892,37.5280549293954,노래방
10131,"서울특별시 강동구 양재대로 1376, 지층 1호 (둔촌동)",수노래연습장,127.137121186952,37.5288399792125,노래방
10132,"서울특별시 강동구 양재대로85길 23, 지층 (성내동)",우리노래연습장,127.1333472323,37.5244834538224,노래방
10133,"서울특별시 강동구 상암로 201, 2층 (명일동)",앵콜노래연습장,127.144998298515,37.5466602717434,노래방
10134,서울특별시 강동구 구천면로 305 (천호동),썬노래연습장,127.134344875218,37.5469886729228,노래방
10135,서울특별시 강동구 천중로 171 (천호동),칭구노래연습장,127.139238085203,37.5412287762587,노래방
10136,서울특별시 강동구 올림픽로 775 (암사동),나이스노래연습장,127.127315684764,37.5503817811933,노래방
10137,서울특별시 강동구 진황도로 178 (둔촌동),전국노래연습장,127.142437237579,37.5303490807467,노래방
10138,서울특별시 강동구 천호옛길 82 (성내동),O.K 노래연습장,127.125402238414,37.5358996397466,노래방
10139,서울특별시 강동구 양재대로 1462 (길동),두리노래연습장,127.139776972253,37.5362289438681,노래방
10140,서울특별시 강동구 고덕로 96-7 (암사동),SBS노래연습장,127.135994227958,37.5543594689991,노래방
10141,"서울특별시 강동구 명일로 200, 지하1층 (길동)",가자노래연습장,127.145928885855,37.5365378431537,노래방
10142,서울특별시 강동구 양재대로124길 65 (길동),만남노래연습장,127.145743909763,37.542475296742,노래방
10143,서울특별시 강동구 올림픽로77길 10 (천호동),친구노래연습장,127.12435399797,37.5428709708303,노래방
10144,서울특별시 강동구 상암로 177-1 (천호동),이벤트노래연습장,127.142209560549,37.546350115832,노래방
10145,서울특별시 강동구 고덕로61길 150 (고덕동),M노래연습장,127.151335608407,37.561385153225,노래방
10146,"서울특별시 강동구 구천면로 140, 3층 (천호동)",스타노래연습장,127.120513718462,37.5422777703067,노래방
10147,"서울특별시 강동구 성안로 119, 지층 (성내동)",파티파티노래연습장,127.133505672683,37.5339769423619,노래방
10148,"서울특별시 강동구 천중로 222, 지층 (길동)",수 노래연습장,127.144952877103,37.5405592147685,노래방
10149,"서울특별시 강동구 양재대로143길 5, 2층 (명일동)",인디아나 노래연습장,127.143622319237,37.5514025537621,노래방
10150,"서울특별시 강동구 상암로 32, 2층 (암사동)",럭셔리 노래연습장,127.12701712219,37.5501630701564,노래방
10151,"서울특별시 강동구 구천면로 418, 지층 (명일동)",플레이코인노래연습장,127.14502941322,37.5505129007445,노래방
10152,서울특별시 강동구 천호대로157길 26 (천호동),빈티지코인노래연습장,127.127552334563,37.5388374796553,노래방
10153,"서울특별시 강동구 명일로 171, 지층 (둔촌동)",슈스K코인노래연습장,127.144614705551,37.5341330690596,노래방
10154,"서울특별시 강동구 아리수로93길 27, 강일타워 306,307호 (강일동)",101코인노래연습장 강일점,127.17381574584,37.5656225735773,노래방
10155,"서울특별시 강동구 천호대로157길 7, 1층 2호 (천호동)",악쓰는하마 코인노래연습장,127.126599987466,37.5383145731704,노래방
10156,"서울특별시 강동구 천호대로170길 53, 지하층 (성내동)",황진이 노래연습장,127.132502945682,37.5329764295547,노래방
10157,서울특별시 강동구 양재대로 1484 (길동),케이스타코인동전노래연습장,127.140384340752,37.5381054563689,노래방
10158,서울특별시 강동구 양재대로134길 14 (명일동),스타노래연습장,127.144320638196,37.5475691278934,노래방
10159,"서울특별시 강동구 명일로13길 19, 지층 (둔촌동)",퍼플 노래연습장,127.143724484543,37.5337061807368,노래방
10160,서울특별시 강동구 명일로13길 8 (둔촌동),오디션노래연습장,127.144142150047,37.5340922908784,노래방
10161,서울특별시 강동구 명일로 167 (둔촌동),짝노래연습장,127.144558916412,37.5338931109162,노래방
10162,"서울특별시 강동구 양재대로 1470, 지하1층 (길동)",스타노래연습장,127.139918515802,37.5370162500978,노래방
10163,"서울특별시 강동구 동남로73길 9, 지하1층 (명일동)",베짱이노래연습장,127.155564135586,37.5525299791779,노래방
10164,서울특별시 강동구 풍성로58길 20 (성내동),화이트 노래연습장,127.135336928726,37.5281308771651,노래방
10165,"서울특별시 강동구 천호대로176길 19, 지하1층 (성내동)",MBC노래연습장,127.136287518309,37.5335703869207,노래방
10166,"서울특별시 강동구 동남로73길 23, 지하층 (명일동)",오로라 노래연습장,127.154990554271,37.5525645208733,노래방
10167,서울특별시 강동구 양재대로85길 24 (성내동),뮤직,127.133407119521,37.5246983652042,노래방
10168,"서울특별시 강동구 천중로 214, 지층 (길동)",썸노래연습장,127.143909870269,37.5406857293327,노래방
10169,"서울특별시 강동구 천호대로157길 38, 2층 (천호동)",악쓰는하마 코인 노래연습장,127.127761823242,37.5393318118571,노래방
10170,"서울특별시 강동구 동남로73길 17, 지층3호 (명일동)",고덕코인노래연습장,127.15507536373,37.5527505555431,노래방
10171,"서울특별시 강동구 상암로 44, 지층 (천호동)",FULL 코인노래연습장,127.1282987378,37.5496457731598,노래방
10172,서울특별시 강동구 양재대로141길 6 (명일동),명일 코인노래연습장,127.143622245432,37.5512461406788,노래방
10173,서울특별시 강동구 천호옛길 94 (성내동),도깨비 코인노래연습장,127.126054014422,37.5369483405201,노래방
10174,"서울특별시 강동구 천호대로157길 51, 3층 (천호동)",STAR 코인노래연습장,127.127660387997,37.5400302862501,노래방
10175,"서울특별시 강동구 양재대로143길 13, 지층 (명일동)",알라딘노래연습장,127.143151144186,37.5514302459606,노래방
10176,"서울특별시 강서구 양천로57길 9-8, 지층 (가양동)",MBC노래연습장,126.851764453544,37.5636699569707,노래방
10177,서울특별시 강동구 구천면로34길 48 (천호동),스카이노래연습장,127.133811919937,37.5423842739655,노래방
10178,"서울특별시 강동구 양재대로 1377, 지층 (성내동)",만냥,127.136262071919,37.5292227276953,노래방
10179,서울특별시 강동구 양재대로85길 15 (성내동),MBC노래연습장,127.133894728466,37.5243366919197,노래방
10180,서울특별시 강동구 올림픽로 766 (천호동),스타,127.127512614976,37.549464713218,노래방
10181,"서울특별시 강동구 양재대로111길 15, 3층 (길동)",탑노래연습장,127.138561502491,37.5369836121307,노래방
10182,서울특별시 강동구 고덕로10길 19 (암사동),팡팡노래연습장,127.130173074237,37.55380588018,노래방
10183,서울특별시 강동구 성안로13길 20 (성내동),복 노래연습장,127.131356579076,37.5315994496252,노래방
10184,"서울특별시 강동구 명일로 243, 지층 (길동)",SBS노래방,127.146699285076,37.5404637146353,노래방
10185,서울특별시 강동구 풍성로 173 (성내동),아우성노래방,127.1312685687,37.5304433833003,노래방
10186,서울특별시 강동구 양재대로 1479 (길동),MBC노래연습장,127.139809407179,37.5380875778472,노래방
10187,서울특별시 강동구 양재대로 1550 (길동),SBS노래연습장,127.142574185548,37.5439271614814,노래방
10188,"서울특별시 강동구 양재대로89가길 14, 지층 (성내동, 천우빌딩)",디바,127.134545604627,37.5260083013633,노래방
10189,서울특별시 강동구 양재대로87길 14 (성내동),블루 노래연습장,127.134303904341,37.525660879973,노래방
10190,"서울특별시 강동구 양재대로 1637, 지층 2호 (명일동)",썸 노래연습장,127.143821523561,37.5517127049321,노래방
10191,서울특별시 강동구 진황도로 166 (둔촌동),장원 노래연습장,127.141906221256,37.5313858707884,노래방
10192,서울특별시 강동구 올림픽로 754 (천호동),하트 노래연습장,127.12716639086,37.548433353714,노래방
10193,서울특별시 강동구 양재대로87길 11 (성내동),핑크 노래연습장,127.134331136971,37.5254541592414,노래방
10194,"서울특별시 강동구 풍성로 216, 지층 (성내동)",MBC노래연습장,127.135619141402,37.528914694694,노래방
10195,"서울특별시 강동구 올림픽로 800, 지층 (암사동)",엠제이노래연습장,127.128586566479,37.552310521282,노래방
10196,"서울특별시 강동구 올림픽로48길 34, 지층 (성내동)",띵까띵까,127.121878988859,37.5286974856488,노래방
10197,"서울특별시 강동구 구천면로 358, 지층 (천호동)",풀잎노래연습장,127.138378051252,37.5502455380661,노래방
10198,서울특별시 강동구 상일로15길 34 (고덕동),핑크노래연습장,127.16930066098,37.558223941567,노래방
10199,서울특별시 강동구 올림픽로 777 (암사동),꿈의궁전노래연습장,127.127405764319,37.5505145812121,노래방
10200,"서울특별시 강동구 상암로47길 90, 지층 (명일동)",명보노래연습장,127.144747978807,37.5504590060233,노래방
10201,서울특별시 강동구 양재대로91길 16 (성내동),올래노래연습장,127.135295152581,37.5279887470442,노래방
10202,"서울특별시 강동구 양재대로143길 6, 지층 (명일동)",청개구리 노래방,127.143644643063,37.5516539950114,노래방
10203,서울특별시 강동구 고덕로10길 47 (암사동),수 노래연습장,127.129709267911,37.5525465259464,노래방
10204,서울특별시 강동구 구천면로 349 (암사동),엔젤노래연습장,127.13747091463,37.550182446633,노래방
10205,서울특별시 강동구 양재대로 1335 (성내동),빈티지코인노래연습장(둔촌점),127.134903109178,37.5255782960195,노래방
10206,"서울특별시 강동구 구천면로 438, 지하층 (명일동)",COIN SONG 동전노래연습장,127.146979064904,37.5496643630436,노래방
10207,서울특별시 강동구 천호대로157길 19 (천호동),고래고래노래방,127.127033137082,37.5387940705311,노래방
10208,"서울특별시 강동구 동남로75길 13-10, 지층 (명일동)",악쓰는하마,127.155039194888,37.5539196467931,노래방
10209,"서울특별시 강동구 양재대로89가길 62, 지층 (성내동)",큐노래방,127.133799212971,37.5238726040385,노래방
10210,"서울특별시 강동구 양재대로85길 30, B1층 (성내동)",팡팡노래연습장,127.133042860708,37.5247674324239,노래방
10211,"서울특별시 강동구 올림픽로 653, 지하1층 (천호동)",오투,127.123465335346,37.5399513142557,노래방
10212,"서울특별시 강동구 양재대로96길 11, 지층 (둔촌동)",둘리노래방,127.137968179926,37.5298041450051,노래방
10213,"서울특별시 강동구 양재대로 1633, 지층 (명일동)",로데오 노래연습장,127.143787220352,37.5514111828456,노래방
10214,"서울특별시 강동구 상암로 78, 2층 (천호동)",천사 노래연습장,127.131540147546,37.5482510657567,노래방
10215,"서울특별시 강동구 올림픽로 790, 지층 (암사동)",채플린,127.128346826812,37.5515561966329,노래방
10216,"서울특별시 강동구 양재대로 1466, 지하1층 (길동)",로미오,127.139869723538,37.5367597031589,노래방
10217,"서울특별시 강동구 진황도로 7, 3층 (천호동)",환희 노래연습장,127.128644995469,37.5401482397549,노래방
10218,"서울특별시 강동구 양재대로145길 13, 지하1층 (명일동)",짱2,127.143188873213,37.5518083488643,노래방
10219,"서울특별시 강동구 양재대로 1594, 지층 (명일동)",희,127.143727996055,37.5476786012161,노래방
10220,"서울특별시 강동구 구천면로 245, 지하1층 (천호동)",25시 노래연습장,127.130896791016,37.5422808630307,노래방
10221,"서울특별시 강동구 천호대로170길 42, 2층 (성내동)",필 노래연습장,127.13254859602,37.5336469028273,노래방
10222,"서울특별시 강동구 양재대로 1474, 지층 (길동)",킹스타일,127.140033919531,37.5373163264222,노래방
10223,"서울특별시 강동구 동남로75길 13-21, 지층 (명일동)",룰라코인노래연습장,127.155472639896,37.5533205445048,노래방
10224,서울특별시 강동구 양재대로 1400 (둔촌동),스타노래연습장,127.13785884319,37.5309455704002,노래방
10225,서울특별시 강동구 구천면로 250 (천호동),삼성노래연습장,127.131456746578,37.542515581948,노래방
10226,서울특별시 강동구 강동대로53길 94 (성내동),우리노래연습장,127.133053454352,37.5268467518582,노래방
10227,"서울특별시 강동구 진황도로 103, 3층 (길동)",현대노래방,127.137862186816,37.5357123989475,노래방
10228,서울특별시 강동구 암사길 27-1 (암사동),신바람노래연습장,127.132449367669,37.5518738627213,노래방
10229,서울특별시 강동구 고덕로38길 53 (명일동),방방노래방,127.142746424374,37.5522431653522,노래방
10230,서울특별시 강동구 천중로 231 (길동),즐거운노래연습장,127.145944543504,37.5408562240549,노래방
10231,"서울특별시 강동구 구천면로 309, 2층 (암사동)",땡겨노래연습장,127.134586982129,37.5473978108325,노래방
10232,서울특별시 강동구 구천면로 434 (명일동),미소노래연습장,127.14658137515,37.5498803760623,노래방
10233,서울특별시 강동구 고덕로10길 37 (암사동),스타노래연습장,127.12988441279,37.5529796230909,노래방
10234,서울특별시 강동구 천호대로158길 18 (성내동),썸 노래연습장,127.1262206845,37.5366839893173,노래방
10235,"서울특별시 강동구 천호옛길 83, 태양빌딩 2층 (성내동)",세븐노래연습장,127.125253589497,37.5362510073205,노래방
10236,서울특별시 강동구 천호옛14길 10 (성내동),가고픈노래연습장,127.12601859301,37.5361373882512,노래방
10237,서울특별시 강동구 천호옛길 70 (성내동),가족노래연습장,127.12477015344,37.5351141866373,노래방
10238,서울특별시 강동구 성안로3길 124 (성내동),도레미,127.123401243903,37.5283172140784,노래방
10239,"서울특별시 강동구 양재대로 1631, 지층 (명일동)",질러노래연습장,127.143771397691,37.5512452383659,노래방
10240,서울특별시 강동구 상일로 39-11 (상일동),둥지노래방,127.171912327613,37.5504822274111,노래방
10241,"서울특별시 강동구 올림픽로 770, 지층 (천호동)",빈티지 코인 노래연습장,127.127658691274,37.5497854908523,노래방
10242,서울특별시 강동구 동남로82길 115 (고덕동),팡팡노래연습장,127.163290311327,37.5604256116033,노래방
10243,서울특별시 강동구 상일로 39-12 (상일동),세시봉 노래연습장,127.171889719423,37.5506409259563,노래방
10244,"서울특별시 강동구 양재대로89길 61, 지층 (성내동)",NEW축제 노래연습장,127.132124347382,37.5271845892337,노래방
10245,서울특별시 강동구 양재대로89길 80 (성내동),당신의 노래연습장,127.131319313897,37.5276384204605,노래방
10246,"서울특별시 강동구 양재대로 1611, 지층 (천호동)",땡큐 노래연습장,127.143453866604,37.5494818314908,노래방
10247,"서울특별시 강동구 양재대로 1465, B03호 (길동)",악쓰는하마 노래연습장,127.139314330701,37.5368399179472,노래방
10248,"서울특별시 강동구 양재대로 1570, 지층 (명일동)",플러스 노래연습장,127.143242072187,37.5456635684848,노래방
10249,"서울특별시 강동구 양재대로145길 7, 2층 (명일동)",궁 노래연습장,127.143499840576,37.5517991415752,노래방
10250,"서울특별시 강동구 양재대로 1504, C동 지층 (길동)",갤럭시,127.141195166053,37.5399127955849,노래방
10251,"서울특별시 강동구 양재대로89가길 34, 지하층 (성내동)",와와 노래연습장,127.13420076051,37.5251087733386,노래방
10252,"서울특별시 강동구 고덕로83길 18, 지층 (고덕동)",카카오쏭 노래연습장,127.168895943174,37.5579753056471,노래방
10253,서울특별시 강동구 상일로 27-1 (상일동),K-POP 노래연습장,127.172808983039,37.5495697398606,노래방
10254,"서울특별시 강동구 천호대로157길 24, 지층 (천호동)",로데오하마,127.127521742632,37.5387464216336,노래방
10255,서울특별시 강동구 올림픽로 741 (천호동),야후노래연습장,127.126268219133,37.5475615206132,노래방
10256,서울특별시 강동구 명일로 249 (길동),악쓰는하마,127.146867463769,37.5409440084265,노래방
10257,서울특별시 강동구 성내로10길 16 (성내동),스크린,127.124430972501,37.5283163138549,노래방
10258,"서울특별시 강동구 양재대로 1629, 5층 (명일동)",악쓰는하마2 노래연습장,127.143672912956,37.5510529952601,노래방
10259,"서울특별시 강동구 양재대로 1491, 지층 (길동)",영심 노래연습장,127.140132295925,37.5389164751075,노래방
10260,서울특별시 강동구 풍성로37가길 32 (성내동),공간노래연습장,127.128053959291,37.5329050227149,노래방
10261,서울특별시 강동구 진황도로 15 (천호동),월드노래연습장,127.129312483825,37.5396986327999,노래방
10262,서울특별시 강동구 천중로40길 58 (길동),팡팡,127.13776655007,37.5385248912411,노래방
10263,"서울특별시 강동구 천중로 211, 지층 (길동)",좋은노래연습장,127.143842309348,37.5409751224721,노래방
10264,"서울특별시 강동구 양재대로128길 20, 지층 (길동)",제이노래연습장,127.143857591075,37.5446884804623,노래방
10265,"서울특별시 강동구 양재대로113길 60, 지층 (길동)",빵빵노래연습장,127.136674117143,37.5387772692129,노래방
10266,서울특별시 강동구 상암로 83 (암사동),영,127.132358067398,37.5481769006211,노래방
10267,"서울특별시 강동구 양재대로 1482, 지층 (길동)",팡팡노래연습장,127.140336709704,37.53792639426,노래방
10268,서울특별시 강동구 풍성로37가길 17 (성내동),발리노래연습장,127.12731141569,37.5332979409416,노래방
10269,"서울특별시 강동구 양재대로 1495, 지층 (길동)",오투 노래연습장,127.140289392361,37.5393037183438,노래방
10270,서울특별시 강동구 천호대로 1074 (성내동),에이스노래방,127.130869511439,37.536060302454,노래방
10271,서울특별시 강동구 동남로81길 34 (고덕동),팡팡노래방,127.154817872233,37.5601750156243,노래방
10272,서울특별시 강동구 양재대로116길 28 (길동),장희빈노래연습장,127.141900289005,37.5382269913507,노래방
10273,"서울특별시 강동구 성내로 8, 경성빌딩 지층 (성내동)",첼로노래연습장,127.121528587646,37.530283608653,노래방
10274,서울특별시 강동구 올림픽로 698 (천호동),테크노노래연습장,127.125431067443,37.5434513364088,노래방
10275,서울특별시 강동구 올림픽로 813 (암사동),모모노래연습장,127.128528805872,37.5536683873012,노래방
10276,"서울특별시 강동구 구천면로41길 7, 지하층 (천호동)",마이다스,127.133452388214,37.5462959162245,노래방
10277,서울특별시 강동구 구천면로 238 (천호동),방방노래연습장,127.130879328565,37.5416772129928,노래방
10278,"서울특별시 강동구 양재대로 1641, 지층 (명일동)",파티노래연습장,127.143854955739,37.5520908128356,노래방
10279,서울특별시 강동구 구천면로47길 68 (암사동),방울노래연습장,127.1351349142,37.5510993855826,노래방
10280,"서울특별시 강동구 올림픽로 804, 지하층 (암사동)",VIP노래연습장,127.128752498408,37.5527208349249,노래방
10281,서울특별시 강동구 상일로 21 (상일동),2080,127.172950146289,37.5489535211746,노래방
10282,"서울특별시 강동구 올림픽로 746, 지층 (천호동)",바바라 노래연습장,127.126982162082,37.5476995988425,노래방
10283,"서울특별시 강동구 양재대로 1448, 지층 (길동)",쟁반,127.139330614953,37.5350716863657,노래방
10284,서울특별시 강동구 동남로85길 16 (고덕동),입큰,127.155821097682,37.5614766261178,노래방
10285,"서울특별시 강동구 양재대로85길 14, 2층 (성내동)",락,127.134032764917,37.5246021506631,노래방
10286,"서울특별시 강동구 천호대로176길 9, 지층 (성내동)",황제노래연습장,127.136374855526,37.5339393358203,노래방
10287,"서울특별시 강동구 천호대로 1158, 2층 (둔촌동)",갈래노래연습장,127.14010906777,37.5333352587892,노래방
10288,"서울특별시 강동구 고덕로 100, 지하층 (암사동)",써니노래연습장,127.136297743617,37.5545400392518,노래방
10289,서울특별시 강동구 천호대로 1196 (둔촌동),조은노래연습장,127.144298586046,37.5343661840804,노래방
10290,서울특별시 강동구 천호대로 1467 (상일동),정통노래연습장,127.171205007181,37.5463604699387,노래방
10291,서울특별시 강동구 진황도로27길 90 (천호동),스타노래방,127.133468954123,37.5421952721112,노래방
10292,서울특별시 강동구 상암로 105 (암사동),청개구리,127.13450034623,37.5472971779438,노래방
10293,서울특별시 강동구 천호옛길 42 (성내동),썬 노래연습장,127.123121224877,37.5330562304173,노래방
10294,서울특별시 강동구 상일로 31-1 (상일동),짱노래연습장,127.172743178673,37.5499378035071,노래방
10295,"서울특별시 강동구 천중로51길 73, 지층 (길동)",진주노래연습장,127.144988804937,37.5440955913529,노래방
10296,"서울특별시 강동구 상일로 163, 지층 (고덕동)",신나는노래연습장,127.170234080909,37.5615770072926,노래방
10297,서울특별시 강동구 성내로8길 24 (성내동),MBC노래연습장,127.122967588509,37.5285121925643,노래방
10298,"서울특별시 강동구 양재대로89가길 42, 지층 (성내동)",땡겨노래연습장,127.134099739577,37.5247938078007,노래방
10299,서울특별시 강동구 풍성로 117 (성내동),킹노래연습장,127.125296396119,37.5320808620373,노래방
10300,서울특별시 강동구 상일로 25 (상일동),대박 노래연습장,127.172864392024,37.5493067476858,노래방
10301,"서울특별시 강동구 천중로51길 24, 지층 (길동)",짱구노래연습장,127.144448492179,37.5419295316123,노래방
10302,서울특별시 강동구 양재대로128길 36 (길동),자유인,127.144724340816,37.5444958690564,노래방
10303,서울특별시 강동구 상암로47길 77 (명일동),카네기 노래연습장,127.144326128746,37.550005960161,노래방
10304,"서울특별시 강동구 상암로 199, 지하1층 (명일동, 한강훼미리아파트)",머코 코인노래연습장,127.144679928879,37.5466340828073,노래방
10305,"서울특별시 강동구 양재대로111길 27, 지층 B02호 (길동, 골드클래스)",허브노래연습장,127.13805409023,37.5371919769512,노래방
10306,"서울특별시 강동구 진황도로 85, B03호 (길동, 강동 큐브 2차)",에이스노래연습장,127.136132976612,37.5366245950933,노래방
10307,서울특별시 강동구 천호옛14길 23-5 (성내동),방방노래연습장,127.126698103267,37.536318392886,노래방
10308,"서울특별시 강동구 천중로52길 27, 지하층 (길동)",대박노래연습장,127.143961328091,37.5395541016533,노래방
10309,서울특별시 강동구 천호대로170길 33 (성내동),엘지,127.132941640149,37.5338988312204,노래방
10310,서울특별시 강동구 풍성로 114 (성내동),오랜지,127.124713680948,37.531980116259,노래방
10311,서울특별시 강동구 상암로 48 (천호동),킹노래연습장,127.128630922343,37.549475393442,노래방
10312,서울특별시 강동구 올림픽로 814 (암사동),아지트 노래연습장,127.129026174652,37.5535278298609,노래방
10313,"서울특별시 강동구 구천면로 324, 지하1층 (천호동)",축제 노래연습장,127.13574856091,37.548198009131,노래방
10314,서울특별시 강동구 암사길 40 (암사동),엣지노래연습장,127.133757333524,37.5517312920762,노래방
10315,서울특별시 강동구 천중로 68 (천호동),신나는노래연습장,127.129430583763,37.5447878867492,노래방
10316,"서울특별시 강동구 구천면로42길 96, 지층 (천호동)",방방노래연습장,127.137236168724,37.5433084630334,노래방
10317,"서울특별시 강동구 올림픽로93길 5, 지층 (암사동)",암사노래연습장,127.126638055862,37.5491149859828,노래방
10318,"서울특별시 강동구 양재대로 1476, 씨엘엘 지하층 (길동)",금빛노래연습장,127.140171182253,37.5375066349127,노래방
10319,"서울특별시 강동구 양재대로 1371, 둔촌빌딩 지하층 (성내동)",세븐틴코인노래연습장 둔촌동역점,127.136066310873,37.5287025352002,노래방
10320,"서울특별시 노원구 동일로242가길 12, 지층 (상계동)",상계노래연습장,127.055931948589,37.6763908823739,노래방
10321,"서울특별시 영등포구 영중로10길 23, 지층 (영등포동3가)",썸머타임노래연습장,126.908088356665,37.5188989104385,노래방
10322,"서울특별시 강서구 공항대로46길 90, 덕영빌딩 3층 (화곡동)",스마일코인노래연습장 강서구청점,126.850736714771,37.552385483477,노래방
10323,"서울특별시 동대문구 전농로 94, 지상2층 (답십리동)",팡세 노래연습장,127.057770923489,37.5731833863445,노래방
10324,"서울특별시 강서구 화곡로15길 10, 지층 (화곡동)",신밧드노래연습장,126.834220375209,37.5404038716307,노래방
10325,서울특별시 은평구 가좌로7길 24-1 (응암동),베이스노래연습장,126.918643860973,37.5860481125745,노래방
10326,서울특별시 은평구 연서로27길 16-15 (갈현동),짱노래연습장,126.918134957417,37.6187911869186,노래방
10327,"서울특별시 강북구 한천로140길 25 (수유동,지하)",부킹노래연습장,127.027644162474,37.6411080060324,노래방
10328,서울특별시 중랑구 용마산로115길 30 (망우동),밀레올래 노래연습장,127.098638683425,37.598931729992,노래방
10329,서울특별시 금천구 독산로 359 (독산동),에덴,126.903649374668,37.4789411645269,노래방
10330,"서울특별시 동대문구 왕산로 272-1, 지상2층 (전농동)",아르돌 노래연습장,127.051104159661,37.5848476648176,노래방
10331,"서울특별시 관악구 원신길 11, 지하1층 (신림동, 동방빌딩)",아싸노래연습장,126.933163254319,37.4715607416834,노래방
10332,"서울특별시 양천구 목동중앙북로7가길 53, 2층 (목동)",유토피아 노래연습장,126.864814708058,37.54966854346,노래방
10333,"서울특별시 성북구 종암로 108, 기업은행종암동지점 지1층 (종암동)",영 노래연습장,127.034482070909,37.5997942097838,노래방
10334,"서울특별시 강서구 곰달래로 212, 지층 (화곡동)",여신노래연습장,126.856494051695,37.5313708732239,노래방
10335,"서울특별시 용산구 한강대로 276, 2층 (남영동)",사운드 노래연습장,126.972897267203,37.542882521525,노래방
10336,서울특별시 강동구 구천면로 313 (암사동),정화 노래연습장,127.134812345051,37.5476819988861,노래방
10337,"서울특별시 강남구 선릉로82길 23, 5층 (대치동)",쥬코인동전노래연습장,127.051916440449,37.5030130568675,노래방
10338,"서울특별시 노원구 공릉로 131, 지층 (공릉동)",또행운,127.079000225693,37.6218857791754,노래방
10339,서울특별시 구로구 디지털로32길 97-3 (구로동),팡팡노래연습장,126.900493504342,37.4832696975346,노래방
10340,서울특별시 양천구 목동중앙남로11길 29 (목동),VIP노래연습장,126.864297700151,37.5390333728288,노래방
10341,"서울특별시 관악구 남현길 3, 지하1층 (남현동)",럭키노래연습장,126.977802096426,37.476288760598,노래방
10342,"서울특별시 노원구 노해로81길 12-33, 4층 (상계동)",테마5.1,127.063642107113,37.6557799266027,노래방
10343,"서울특별시 영등포구 선유로 70, 지1층 108,109호 (문래동3가, 우리벤처타운2)",금빛노래연습장,126.890145748505,37.5201626485833,노래방
10344,"서울특별시 종로구 우정국로2길 35, 3층 (관철동)",알파코인노래연습장,126.985012325914,37.5696373691098,노래방
10345,"서울특별시 마포구 양화로23길 30, 지하1층 (동교동)",애플 노래연습장 동교점,126.924992904688,37.5597238988937,노래방
10346,서울특별시 강동구 성안로3길 13 (성내동),로망스노래연습장,127.12875745701,37.5257298567481,노래방
10347,"서울특별시 강남구 테헤란로81길 51, 연남(Yeon nam)빌딩 지하1층 (삼성동)",판타스틱코인노래연습장 삼성동 코엑스점,127.055669203417,37.5104218436877,노래방
10348,"서울특별시 구로구 디지털로32나길 16, 3층 (구로동)",골든싱어코인노래연습장 구디점,126.900561041672,37.4837529651417,노래방
10349,"서울특별시 강남구 일원로9길 22, 지하1층 (일원동)",월드컵 노래연습장,127.083357221902,37.4897243114169,노래방
10350,"서울특별시 서초구 마방로6길 7-46, 지하1층 (양재동, 성풍빌딩)",모모노래연습장,127.043471589844,37.4760918348659,노래방
10351,"서울특별시 도봉구 해등로 174 (쌍문동,지층)",제이제이 노래연습장,127.037538574702,37.6575149704247,노래방
10352,"서울특별시 구로구 경인로43길 18 (고척동,(지층))",싸이노래연습장,126.862072964786,37.4974325838784,노래방
10353,"서울특별시 구로구 구로동로 33 (가리봉동,(지층))",천안문노래연습장,126.8860293447,37.4845769677862,노래방
10354,"서울특별시 송파구 양재대로62길 35-1, 2층 (가락동)",조아노래연습장,127.120031792668,37.4968673688598,노래방
10355,"서울특별시 은평구 은평로 191 (녹번동, 제일의원)",골든벨노래연습장,126.928859732441,37.6016831314412,노래방
10356,"서울특별시 마포구 토정로 288-1, 지하1층 (용강동)",만남 노래연습장,126.941284109767,37.541270768823,노래방
10357,"서울특별시 은평구 은평로 197, 지하1층 (녹번동)",엔탑 노래연습장 녹번점,126.92951057903,37.6016437882797,노래방
10358,서울특별시 중랑구 봉우재로33길 47 (상봉동),파티파티 노래연습장,127.088231208808,37.5946129595778,노래방
10359,"서울특별시 광진구 능동로 137 (화양동,지하1층)",프렌즈 코인 노래연습장 건대2호점,127.071814757048,37.54310544254,노래방
10360,"서울특별시 금천구 시흥대로71길 44, 지층 (시흥동)",탑 노래연습장,126.899439299848,37.4549940148812,노래방
10361,"서울특별시 관악구 남부순환로 1740, 지하1층 (봉천동, 명당빌딩)",명노래연습장,126.943337342715,37.4819000975612,노래방
10362,"서울특별시 강동구 성내로 4, 지하층 (성내동)",SBS노래연습장,127.121184404916,37.5304078499593,노래방
10363,"서울특별시 송파구 삼학사로 96, 지하1층 (석촌동)",에이스노래연습장,127.097455125368,37.5056889929139,노래방
10364,"서울특별시 송파구 위례성대로20길 26, 지하1층 (오금동)",에스에스노래연습장,127.127175813507,37.5091356380001,노래방
10365,"서울특별시 강동구 명일로 199, 지층 (길동)",러브송노래연습장,127.145529160806,37.5366038391067,노래방
10366,"서울특별시 노원구 공릉로20길 3, 이룸 빌딩 지하1층 (공릉동)",가을 코인노래연습장,127.078407244935,37.619413144326,노래방
10367,"서울특별시 광진구 능동로36길 9 (능동,지층)",사브노래연습장,127.079793213635,37.5563003063104,노래방
10368,"서울특별시 영등포구 도림로 153, 지하1층 (대림동)",궁전 노래연습장,126.89859855894,37.4942182104952,노래방
10369,"서울특별시 광진구 용마산로6길 6 (중곡동,지하1층)",빅뱅 노래연습장,127.0885178,37.5572191416498,노래방
10370,서울특별시 은평구 연서로4길 17 (역촌동),옥소리노래연습장,126.917793168844,37.6026867629989,노래방
10371,서울특별시 광진구 긴고랑로 42-1 (중곡동),퀸 노래연습장,127.081024421917,37.5625544579393,노래방
10372,"서울특별시 송파구 양재대로62길 47, 지하1층 (가락동)",행운 노래연습장,127.120734050989,37.4960253838063,노래방
10373,서울특별시 은평구 진흥로13길 13 (대조동),황금2노래연습장,126.92500044949,37.6095290837878,노래방
10374,"서울특별시 중구 퇴계로76길 24 (무학동,지상2층)",오렌지 노래연습장,127.015330782118,37.5641852187651,노래방
