id,business_name,longitude,latitude,category
1,종로2가사거리,126.987752,37.569808,버스
2,창경궁.서울대학교병원,126.996522,37.579433,버스
3,명륜3가.성대입구,126.998251,37.582581,버스
4,종로2가.삼일교,126.9876131,37.56857927,버스
5,혜화동로터리.여운형활동터,127.001744,37.586243,버스
6,서대문역사거리,126.966893,37.566137,버스
7,서울역사박물관.경희궁앞,126.97038,37.569135,버스
8,서울역사박물관.경희궁앞,126.97076,37.569515,버스
9,광화문,126.976357,37.570142,버스
10,광화문,126.9778895,37.57026794,버스
11,종로1가,126.9810661,37.57014825,버스
12,종로1가,126.98163,37.570271,버스
13,종로2가,126.984991,37.57017,버스
14,종로2가,126.986536,37.570238,버스
15,종로3가.탑골공원,126.989269,37.57025677,버스
16,종로3가.탑골공원,126.9899878,37.57036054,버스
17,종로4가.종묘,126.9947219,37.570507,버스
18,종로4가.종묘,126.995396,37.570637,버스
19,종로5가.광장시장,126.999061,37.570787,버스
20,종로5가.광장시장,126.999606,37.570931,버스
21,종로6가.동대문종합시장,127.004464,37.57101,버스
22,종로6가.동대문종합시장,127.0057137,37.57112723,버스
23,동대문역.흥인지문,127.013813,37.572449,버스
24,동대문(흥인지문),127.012453,37.572102,버스
25,동묘앞,127.0185893,37.57385218,버스
26,동묘앞,127.0195286,37.57428153,버스
27,경기상고,126.9693635,37.58755022,버스
28,신교동,126.9702627,37.58329552,버스
29,경기상고,126.9697701,37.58719079,버스
30,경복고교,126.970884,37.58516,버스
31,청운중학교,126.972673,37.587809,버스
32,자하문고개.윤동주문학관,126.9671262,37.59218662,버스
33,자하문고개.윤동주문학관,126.9671907,37.59233532,버스
34,청운중학교,126.972266,37.588421,버스
35,경복고교,126.971404,37.585067,버스
36,통인시장종로구보건소,126.97105,37.5803257,버스
37,통인시장종로구보건소,126.9713851,37.58051321,버스
38,효자동,126.970621,37.58309104,버스
39,사직단.어린이도서관,126.9679907,37.57513553,버스
40,경복궁역1번출구,126.971415,37.576162,버스
41,경복궁역,126.972198,37.577038,버스
42,경복궁역,126.9722829,37.57767139,버스
43,경복궁,126.9787471,37.57557679,버스
44,KT광화문지사,126.9774187,37.57220974,버스
45,국립고궁박물관,126.973979,37.578928,버스
46,광화문,126.976408,37.570045,버스
47,서울역사박물관.경교장.강북삼성병원,126.971248,37.570023,버스
48,광화문.금호아시아나본관앞,126.972839,37.570332,버스
49,광화문,126.975837,37.570365,버스
50,세종문화회관,126.976997,37.573648,버스
51,서울경찰청.경복궁역,126.9714843,37.57574466,버스
52,사직단,126.968189,37.57485535,버스
53,광화문.광화문빌딩,126.976545,37.569495,버스
54,덕성여중고,126.981972,37.575768,버스
55,안국역.서울공예박물관,126.9839958,37.57606956,버스
56,국민은행세검정지점,126.960888,37.60466298,버스
57,세검정초등학교,126.9612198,37.60250228,버스
58,세검정.상명대,126.958292,37.600477,버스
59,상명대입구.석파랑,126.9585702,37.59941335,버스
60,하림각,126.9617068,37.59813307,버스
61,자하문터널입구.석파정,126.9636435,37.59559351,버스
62,부암동주민센터.무계원,126.96422,37.592766,버스
63,부암동주민센터.무계원,126.9651419,37.59278617,버스
64,자하문터널입구.석파정,126.9639776,37.59555757,버스
65,하림각,126.9622153,37.59814765,버스
66,상명대입구.세검정교회,126.9592406,37.59961633,버스
67,세검정.상명대,126.959155,37.600648,버스
68,세검정초등학교,126.9614329,37.60226807,버스
69,국민은행세검정지점,126.961195,37.604846,버스
70,승가사입구,126.956306,37.61158441,버스
71,구기동현대빌라,126.9564576,37.6100355,버스
72,구기터널.삼성출판박물관,126.9562103,37.60860989,버스
73,구기터널.삼성출판박물관,126.9564167,37.6083054,버스
74,구기동,126.9585298,37.60696445,버스
75,구기동,126.9591017,37.6070088,버스
76,승가사입구,126.956482,37.61148,버스
77,갑을씨티텔앞,126.963535,37.60437097,버스
78,평창파출소,126.9660433,37.60532237,버스
79,평창동주민센터,126.9695663,37.60660737,버스
80,일성아파트,126.972925,37.608873,버스
81,롯데아파트,126.976317,37.61039,버스
82,롯데아파트,126.976652,37.610248,버스
83,벽산평창힐스아파트,126.972797,37.60819,버스
84,예능교회,126.97,37.606517,버스
85,서울예술고등학교.평창동주민센터,126.9676276,37.60577876,버스
86,화정박물관,126.9648103,37.60450382,버스
87,강북삼성병원,126.9686005,37.56814593,버스
88,독립문역.서대문형무소역사관,126.959322,37.573395,버스
89,서대문.서울시교육청,126.9645273,37.56825381,버스
90,서대문역사거리.적십자병원,126.9675878,37.56710815,버스
91,독립문,126.96143,37.571342,버스
92,창덕궁.서울돈화문국악당,126.9885394,37.57754057,버스
93,서린동.SK서린빌딩,126.980095,37.569263,버스
94,청계1가.광교,126.9849267,37.56868439,버스
95,청계2가.수표교,126.99082,37.568442,버스
96,청계4가.세운교,126.996555,37.568927,버스
97,청계5가.광장시장,126.9997974,37.56945128,버스
98,원남동,126.9973383,37.57453251,버스
99,창덕궁.우리소리박물관,126.988954,37.577272,버스
100,안국역.인사동,126.984133,37.575798,버스
101,조계사.종로경찰서,126.9831556,37.57252231,버스
102,조계사.종로경찰서,126.9828259,37.57248581,버스
103,안국동,126.9827201,37.57461057,버스
104,종로5가.효제동.김상옥의거터,127.00223,37.5745,버스
105,종로5가.효제초등학교,127.0021442,37.57287901,버스
106,창덕궁.돈화문국악당,126.991233,37.577431,버스
107,종로5가,127.0021827,37.5705596,버스
108,청계6가.동대문시장,127.0028494,37.56983511,버스
109,동대문,127.0084126,37.57172624,버스
110,충신동,127.0062788,37.57402235,버스
111,충신동,127.0063434,37.57446028,버스
112,현대그룹빌딩,127.000807,37.575912,버스
113,방송통신대.이화장,127.002437,37.578043,버스
114,혜화역.마로니에공원,127.0022769,37.58111949,버스
115,혜화역.서울대병원입구,127.00185,37.580957,버스
116,방송통신대.이화장,127.001977,37.577788,버스
117,이화동(이화장),127.0006951,37.57611936,버스
118,창경궁.서울대학교병원,126.9968717,37.57882799,버스
119,이화동(이화장),127.0032708,37.57593729,버스
120,혜화동로터리,127.000687,37.58558,버스
121,명륜동2가.성균관대입구,126.9993988,37.58333349,버스
122,혜화역.서울연극센터(장면총리가옥),127.0013282,37.58402281,버스
123,혜화역.동성중고(장면총리가옥),127.0017177,37.58456977,버스
124,종로구민회관.창신동두산아파트,127.0155555,37.57409268,버스
125,동묘역앞,127.0156014,37.57168496,버스
126,동묘역앞,127.015945,37.57192215,버스
127,청계2가교차로,126.9878779,37.5684809,버스
128,창신3동주민센터,127.015178,37.578413,버스
129,숭인1동주민센터.창신역4번출구,127.015462,37.578625,버스
130,동묘역.롯데캐슬천지인,127.0158024,37.57418005,버스
131,신설동로터리,127.022841,37.575695,버스
132,동묘앞,127.017524,37.573643,버스
133,구기동현대빌라,126.956622,37.609682,버스
134,광장시장,126.9977438,37.5694708,버스
135,혜화경찰서,126.9974788,37.57258074,버스
136,서울역사박물관.김구집무실(경교장),126.9721318,37.56990034,버스
137,청계3가.관수교,126.9937794,37.56868879,버스
138,청계6가.버들다리,127.0080377,37.56993039,버스
139,청계7가.맑은내다리,127.013093,37.57004,버스
140,청계8가.영도교,127.018128,37.570895,버스
141,원남동사거리,126.998113,37.575761,버스
142,숭인동,127.0204373,37.57427215,버스
143,조계사,126.9831609,37.57280034,버스
144,세종문화회관,126.977009,37.573222,버스
145,이화동(이화장),127.002955,37.576257,버스
146,상명대정문,126.9550207,37.60161972,버스
147,이북오도청,126.955973,37.612723,버스
148,경복궁역(효자로입구),126.974305,37.576715,버스
149,상명대입구.세검정교회,126.9597922,37.59944351,버스
150,상명대입구.석파랑,126.9581941,37.59957181,버스
151,종로중부새마을금고,127.0065911,37.57241749,버스
152,신설동로터리.신한은행앞.서울풍물시장,127.023192,37.574258,버스
153,청계2가.삼일교,126.986988,37.568344,버스
154,청계8가.황학교,127.022787,37.57213073,버스
155,평창동삼성아파트,126.978799,37.611179,버스
156,안국역.인사동,126.9855365,37.57633293,버스
157,안국역.서울공예박물관,126.984888,37.576413,버스
158,창덕궁,126.9890031,37.57722809,버스
159,남인사마당,126.9874286,37.57131917,버스
160,평창파출소,126.9668167,37.60568122,버스
161,삼청공원,126.9816469,37.58822768,버스
162,수성동계곡,126.964469,37.582082,버스
163,명륜3가종점,126.9928637,37.59094838,버스
164,명륜새마을금고,126.996798,37.587785,버스
165,서대문3번출구,126.966397,37.566336,버스
166,낙산공원,127.0087216,37.58040372,버스
167,인사미술공간.세탁소,126.9893671,37.58141098,버스
168,화정박물관,126.9648837,37.6048012,버스
169,금융연수원,126.981657,37.586641,버스
170,박노수미술관,126.9666035,37.58099674,버스
171,샘미용실,126.9932227,37.59030953,버스
172,서울국제고등학교,126.9972903,37.58907159,버스
173,화정박물관,126.9652008,37.60498061,버스
174,적십자병원후문앞,126.9652273,37.56752954,버스
175,서울성곽.성대후문,126.9896321,37.5892577,버스
176,빨래터.고희동미술관,126.989067,37.58299,버스
177,세검초등학교,126.9614908,37.60425228,버스
178,삼청동주민센터,126.9819072,37.58426383,버스
179,통인시장,126.968753,37.580468,버스
180,양현관,126.9936044,37.58979142,버스
181,국민생활관,126.998862,37.58974563,버스
182,오거리,126.9622629,37.60706212,버스
183,경희궁자이2.3단지,126.9640686,37.56878711,버스
184,창신쌍용2단지.한성대후문,127.0127581,37.5812648,버스
185,통일부,126.9859477,37.58759481,버스
186,원서고개,126.9878088,37.58308055,버스
187,종로5가입구.혜화경찰서,126.997681,37.571797,버스
188,삼청파출소,126.981251,37.58181366,버스
189,오거리.한옥마을입구,126.969561,37.579537,버스
190,명륜시장.성대후문,126.9952543,37.58851105,버스
191,혜화초등학교,126.9998517,37.58725323,버스
192,청련사입구,126.9624312,37.60798038,버스
193,영천시장,126.962735,37.570084,버스
194,명신초.삼선푸르지오.힐스테이트,127.0145563,37.58210621,버스
195,감사원,126.9852901,37.58621065,버스
196,중앙중고,126.9869653,37.58309218,버스
197,인왕빌딩,126.9577443,37.60792833,버스
198,종로4가.종묘공원,126.994624,37.570689,버스
199,국립민속박물관,126.9795534,37.57925518,버스
200,광화문새마을금고,126.9711466,37.57936877,버스
201,새마을금고,126.9965181,37.58773706,버스
202,혜화우체국,127.0006137,37.58603766,버스
203,언덕앞,126.9637922,37.60895398,버스
204,경희궁자이4단지,126.961358,37.57136,버스
205,종로센트레빌후문.e편한세상보문아파트,127.0161855,37.58177439,버스
206,사우디대사관앞.경남빌라,126.9850312,37.58410567,버스
207,안국선원.삼거리,126.9849941,37.58279098,버스
208,구기터널입구,126.9567769,37.60820461,버스
209,종로3가.1.3.5호선,126.991965,37.57158,버스
210,경복궁,126.9793378,37.57695016,버스
211,소나무집,126.9641105,37.61127707,버스
212,독립문역3번출구,126.9597453,37.57287848,버스
213,청룡사.보문파크뷰자이아파트,127.0170071,37.58001895,버스
214,북촌한옥마을입구.정세권활동터,126.9849422,37.58159973,버스
215,종로1.2.3.4가동주민센터,126.9911314,37.57438371,버스
216,창덕궁,126.990385,37.57676,버스
217,아름다운실버,126.9654637,37.61201006,버스
218,독립문초등학교,126.9607207,37.57384748,버스
219,종로센트레빌아파트,127.0156927,37.58035344,버스
220,가회동주민센터,126.984957,37.579973,버스
221,구기빌라,126.9579797,37.60626861,버스
222,원남로터리,126.9975115,37.57623737,버스
223,보현산신각,126.9657791,37.61348252,버스
224,천사유치원,126.9618604,37.57464802,버스
225,쌍용아파트입구.창신역,127.0149636,37.58051123,버스
226,아름다운가게.정독도서관,126.985123,37.57895,버스
227,산정빌라,126.9574922,37.60515199,버스
228,이화사거리,127.002101,37.576513,버스
229,박종화고택입구,126.9676873,37.61431026,버스
230,무악현대아파트후문,126.962001,37.57630608,버스
231,헌법재판소.안국역,126.985816,37.577387,버스
232,청구빌라,126.956984,37.60461026,버스
233,서울대어린이병원응급실.갑상선센터,126.99984,37.578686,버스
234,화인빌라,126.9685386,37.61293453,버스
235,넓은마당,126.962888,37.57527281,버스
236,창신초등학교,127.0153886,37.5769032,버스
237,수운회관,126.986671,37.575219,버스
238,상명대후문,126.9573354,37.60402558,버스
239,힐탑,126.9690206,37.61160556,버스
240,신학대학교총회본부,126.9634446,37.57397631,버스
241,낙원상가,126.987417,37.57376,버스
242,완성빌라,126.9575011,37.60340209,버스
243,서울대병원장례식장,126.997431,37.5805554,버스
244,혜화역1번출구,127.001843,37.583485,버스
245,감나무골공원,126.9699479,37.61240596,버스
246,한국사회과학자료원,126.9641433,37.57363321,버스
247,동묘역,127.0142454,37.57269435,버스
248,금강제화,126.98756,37.57057,버스
249,경진빌라,126.9578304,37.60200372,버스
250,성균관대학교앞,126.9993359,37.58325978,버스
251,청와대,126.973762,37.582971,버스
252,춘추문,126.979657,37.583126,버스
253,경복궁.국립민속박물관,126.97959,37.579407,버스
254,효자로입구(가상),126.9744334,37.57626474,버스
255,EN갤러리,126.970607,37.613411,버스
256,성균관대정문,126.99662,37.584957,버스
257,600주년기념관,126.993942,37.587329,버스
258,성균관대운동장,126.99237,37.587863,버스
259,학생회관,126.993738,37.587445,버스
260,종로문화센터,126.9646262,37.57464708,버스
261,동대문역.2번출구,127.0117218,37.57204945,버스
262,종각역YMCA,126.985096,37.570379,버스
263,서교빌라,126.9571554,37.60198906,버스
264,경복궁역,126.9724733,37.57707221,버스
265,성대입구,126.998853,37.5832668,버스
266,무애사,126.9718458,37.61390043,버스
267,단군성전앞,126.9653175,37.57556009,버스
268,동대문종합시장,127.00496,37.571212,버스
269,상명초등학교,126.9567154,37.60092381,버스
270,법련사,126.9796651,37.57658798,버스
271,광화문새마을금고,126.9710277,37.57949309,버스
272,성균관대학교,126.996857,37.586047,버스
273,참샘골공원,126.974255,37.614612,버스
274,활터앞,126.9653294,37.57681261,버스
275,종로5가.3번출구,127.0020898,37.57141925,버스
276,인사동들머리.3.1독립선언터,126.983297,37.57194702,버스
277,정독도서관,126.980074,37.580262,버스
278,오거리.한옥마을입구,126.9697393,37.57946844,버스
279,평창공원지킴터입구,126.9757439,37.6163964,버스
280,창경궁.고궁호텔.메이플레이스호텔,126.9974492,37.57655816,버스
281,광화문,126.975569,37.570337,버스
282,종로1가,126.980129,37.57037,버스
283,종로2가,126.986463,37.570083,버스
284,종로3가,126.99321,37.570635,버스
285,종로3가,126.9909932,37.57010243,버스
286,종로4가,126.996252,37.57047,버스
287,동대문종합시장종로6가,127.003292,37.570862,버스
288,종로도서관,126.9671252,37.57648423,버스
289,경복궁역,126.9715056,37.57617809,버스
290,경복궁역,126.97168,37.575816,버스
291,안국역,126.9852296,37.57661375,버스
292,안국역,126.985506,37.57631851,버스
293,창덕궁,126.988901,37.577519,버스
294,성대입구,126.999229,37.583283,버스
295,종로사우나,126.9877504,37.57380111,버스
296,엄마분식,126.9557163,37.60124243,버스
297,삼청파출소,126.9813258,37.58164517,버스
298,통인시장.종로구보건소,126.9687505,37.58033503,버스
299,종로5가역,127.0000249,37.57067136,버스
300,평창동산림제3초소,126.977104,37.617356,버스
301,배화여중고,126.9678157,37.57675563,버스
302,대학로입구.이화사거리,127.0025802,37.57598417,버스
303,운현궁,126.9869814,37.57527161,버스
304,상명대입구,126.9569583,37.60002101,버스
305,삼청동주민센터,126.9822105,37.58468468,버스
306,박노수미술관,126.9668945,37.58102656,버스
307,김창열.윤명로화실,126.9783685,37.616305,버스
308,사직공원.경복궁역입구,126.9689039,37.57622069,버스
309,충신시장,127.0054049,37.57497665,버스
310,안국역2번출구앞,126.9861183,37.57717282,버스
311,금융연수원,126.9818479,37.58587767,버스
312,감람산기도원,126.979873,37.61594393,버스
313,카센터.터널앞,126.9658593,37.57416446,버스
314,재동초등학교,126.9853617,37.57879109,버스
315,삼청공원삼거리.옥호정터,126.9817445,37.58741852,버스
316,이화사거리,127.0022813,37.57532007,버스
317,연화정사,126.9794938,37.614649,버스
318,대신중고,126.9616893,37.57261781,버스
319,현대사거리,126.987,37.579306,버스
320,교남동주민센터,126.96128,37.5721523,버스
321,부암동주민센터.무계원,126.9637682,37.59293534,버스
322,형제봉입구,126.9816862,37.61286432,버스
323,교남동새마을금고,126.9623375,37.57149436,버스
324,창신초교,127.0157201,37.57603721,버스
325,가회동주민센터,126.9851294,37.57994265,버스
326,볼링장,126.98817,37.579317,버스
327,부암슈퍼,126.9638602,37.59476007,버스
328,지구촌교회,126.979238,37.613106,버스
329,월암공원,126.964693,37.571226,버스
330,숭인1동주민센터,127.0155607,37.577415,버스
331,북촌한옥마을입구.정세권활동터,126.9851687,37.58128077,버스
332,하림각,126.9629664,37.59768473,버스
333,보현빌라,126.978421,37.615382,버스
334,스위스대사관,126.965696,37.570137,버스
335,안국선원.삼거리,126.9852205,37.58274325,버스
336,세검정교회,126.960029,37.599386,버스
337,혜화동로터리,127.0010032,37.58591961,버스
338,김종영미술관,126.9781123,37.61326379,버스
339,서울시교육청,126.966702,37.569383,버스
340,창신쌍용1단지.종로센트레빌아파트,127.0155693,37.58032282,버스
341,사우디대사관,126.9852486,37.58386331,버스
342,상명대입구,126.9574023,37.59985447,버스
343,혜화초등학교,126.9999909,37.58738929,버스
344,강북삼성병원,126.9683377,37.56853152,버스
345,청룡사.보문파크뷰자이아파트,127.0171509,37.57978465,버스
346,감사원,126.9855618,37.58626565,버스
347,국민생활관,126.9993138,37.5896276,버스
348,종로센트레빌후문.e편한세상보문아파트,127.015935,37.581911,버스
349,통일부,126.9861073,37.58753085,버스
350,서울국제고등학교,126.9971408,37.58907429,버스
351,성대후문.와룡공원,126.989734,37.58915228,버스
352,상명초등학교,126.9568174,37.60090493,버스
353,새마을금고,126.996569,37.58784069,버스
354,경진빌라,126.9579482,37.60186409,버스
355,명륜시장.성대후문,126.9952305,37.58872461,버스
356,완성빌라,126.9576665,37.60333997,버스
357,양현관,126.9937686,37.589768,버스
358,상명대후문,126.9574634,37.60407158,버스
359,샘미용실,126.9934084,37.59025457,버스
360,산정빌라,126.9575782,37.60528358,버스
361,구기빌라,126.9579809,37.60613345,버스
362,마트앞,126.9587565,37.60669871,버스
363,국민은행.세검정지점,126.960876,37.604952,버스
364,혜화역4번출구,127.001555,37.583509,버스
365,방송통신대앞,127.0019927,37.57869736,버스
366,서울대치과대학,126.997802,37.577411,버스
367,효제초교.연동교회.김마리아활동터,127.0022088,37.57364134,버스
368,성균관대학교,126.9900036,37.58846387,버스
369,독립문역,126.9594078,37.57328385,버스
370,서울대치과대학,126.99787,37.577572,버스
371,이화사거리,127.0020085,37.57694834,버스
372,서울대학교병원현관.암병원현관,126.9981568,37.57895147,버스
373,종각.공평유적전시관,126.9832427,37.57159379,버스
374,조계사,126.9831364,37.57360211,버스
375,동대문역JW메리어트동대문호텔,127.009186,37.570859,버스
376,대학로,127.0021204,37.58189612,버스
377,창경궁,126.9964163,37.57915963,버스
378,창덕궁,126.9901776,37.57753017,버스
379,인사동.북촌,126.9837978,37.57589502,버스
380,경복궁.국립민속박물관,126.9794465,37.5794474,버스
381,세종문화회관,126.977004,37.573219,버스
382,통인시장,126.9713316,37.57911876,버스
383,세종문화회관,126.977017,37.573219,버스
384,종각역,126.9828944,37.56937996,버스
385,인사동.탑골공원,126.9888006,37.57011554,버스
386,종묘.세운상가,126.9935557,37.57035485,버스
387,광장시장,126.9996734,37.57062373,버스
388,동묘.숭인동도깨비시장,127.0180439,37.5734766,버스
389,서울풍물시장,127.0231781,37.57334003,버스
390,청와대,126.97376,37.58268481,버스
391,남대문세무서.서울백병원,126.9875299,37.56498481,버스
392,서울백병원.국가인권위.안중근활동터,126.9878515,37.56435047,버스
393,서울역버스환승센터,126.9722571,37.55514602,버스
394,서울역버스환승센터,126.9725951,37.55538899,버스
395,서울역버스환승센터,126.9727617,37.5553877,버스
396,서울역버스환승센터,126.9728548,37.55547941,버스
397,서울역버스환승센터.강우규의거터,126.972926,37.555411,버스
398,숭례문,126.9737784,37.55863886,버스
399,숭례문(가상),126.9743556,37.55979677,버스
400,서울시청,126.9806321,37.56613826,버스
401,만리동고개,126.9626582,37.55178706,버스
402,손기정체육공원입구,126.9662339,37.55444595,버스
403,서울의료보건고등학교.서울역서부,126.968902,37.555848,버스
404,서울역서부,126.969153,37.556235,버스
405,서울역서부,126.969212,37.557133,버스
406,중림동교차로,126.9691354,37.55838363,버스
407,종근당.충정로역,126.964543,37.559648,버스
408,한국경제신문사.서소문역사공원,126.967868,37.56021115,버스
409,한국경제신문사.서소문역사공원,126.9681135,37.56062347,버스
410,경찰청.동북아역사재단,126.9691267,37.56304949,버스
411,장충동써미트호텔,127.00667,37.562273,버스
412,서대문경찰서.농협은행.유관순활동터,126.9677868,37.56490628,버스
413,염천교,126.973113,37.559869,버스
414,숭례문,126.973359,37.558401,버스
415,숭례문.한국일보,126.9737376,37.55877131,버스
416,후암삼거리,126.975993,37.553408,버스
417,숭례문,126.9743627,37.55876338,버스
418,숭례문,126.9740437,37.55841953,버스
419,숭례문,126.9736279,37.55800065,버스
420,남대문시장악세사리전문상가,126.976,37.558873,버스
421,숭례문남산방향,126.9756721,37.55855816,버스
422,남대문시장,126.9800598,37.56119108,버스
423,북창동.남대문시장,126.978282,37.56123,버스
424,시청앞,126.976443,37.562197,버스
425,삼성본관앞,126.9759075,37.56205175,버스
426,시청앞,126.9761487,37.56276421,버스
427,서소문,126.974652,37.563191,버스
428,시청.서소문청사,126.9749539,37.56352484,버스
429,서울신문사,126.9773647,37.56836329,버스
430,우리은행종로지점,126.9829289,37.567519,버스
431,롯데백화점,126.982205,37.56451,버스
432,해운센터.롯데영프라자,126.9815478,37.56289078,버스
433,롯데영프라자,126.982008,37.562885,버스
434,신세계백화점,126.981432,37.561128,버스
435,남대문시장.회현역,126.9777651,37.55826752,버스
436,남대문시장.회현역,126.9784645,37.55849203,버스
437,남산3호터널,126.98274,37.558312,버스
438,남산3호터널.서울애니메이션센터,126.9826359,37.55952609,버스
439,명동역4번출구,126.984917,37.560657,버스
440,퇴계로2가.명동역5번출구,126.984362,37.56093,버스
441,퇴계로3가.한옥마을.한국의집,126.9917772,37.56125082,버스
442,퇴계로3가.한옥마을.한국의집,126.99241,37.560902,버스
443,충무로역2번출구.대한극장앞,126.994728,37.561238,버스
444,충무로역8번출구.대한극장앞,126.9964922,37.56203716,버스
445,초동,126.993112,37.56334618,버스
446,을지로입구.로얄호텔,126.9853903,37.56587574,버스
447,을지로입구.시청입구,126.9811712,37.56613826,버스
448,을지로2가.기업은행본점.서울노동청,126.9865234,37.56624623,버스
449,을지로2가.파인에비뉴,126.98867,37.566072,버스
450,을지로3가,126.990263,37.566375,버스
451,을지로3가,126.9913276,37.56612052,버스
452,을지로4가,126.995933,37.566687,버스
453,을지로4가.베스트웨스턴국도,126.9968473,37.56640104,버스
454,중구청앞.덕수중학교,126.9981401,37.5647746,버스
455,방산시장.을지로4가역6번출구,126.9992585,37.56681829,버스
456,을지로5가.중부시장,127.001115,37.56662004,버스
457,방산시장.훈련원종합체육관,127.0024045,37.56796085,버스
458,을지로5가.훈련원종합체육관,127.0025946,37.56582435,버스
459,을지로6가.국립중앙의료원,127.006233,37.566173,버스
460,광희동,127.0072097,37.56505283,버스
461,광희동,127.00772,37.565171,버스
462,을지로6가.국립중앙의료원,127.0058435,37.56646311,버스
463,동대문역사문화공원,127.0083555,37.56735414,버스
464,동대문역사문화공원,127.00917,37.567483,버스
465,충무아트센터.스포츠센터.중부소방서,127.013527,37.565168,버스
466,충무아트센터.스포츠센터.중부소방서,127.0147409,37.56501789,버스
467,성동공업고등학교(무궁화회관),127.0157558,37.56834819,버스
468,성동공업고등학교앞,127.0161295,37.56869506,버스
469,신당역.중앙시장앞,127.0187427,37.56572828,버스
470,신당역.중앙시장앞,127.0194795,37.56549207,버스
471,성동고등학교,127.022183,37.565595,버스
472,성동고등학교,127.022398,37.56524,버스
473,신당동떡볶이타운.중구여성플라자,127.015095,37.562798,버스
474,신당동떡볶이타운.중구여성플라자,127.0151909,37.56231004,버스
475,신당동.청구역,127.0132161,37.5589483,버스
476,신당동.청구역,127.0130317,37.5592574,버스
477,약수역2번출구.가온도서관,127.011043,37.555794,버스
478,약수역3번출구.약수하이츠,127.0113797,37.55574961,버스
479,약수역4번출구.금호터널입구,127.012012,37.553399,버스
480,약수역5번출구.금호터널입구,127.0118693,37.55292373,버스
481,약수역8번출구.신당사회복지관,127.0099567,37.55386465,버스
482,약수역7번출구.약수동주민센터,127.0092978,37.55285097,버스
483,송도병원앞,127.0077187,37.55026765,버스
484,송도병원앞,127.0073984,37.55022712,버스
485,약수역1번출구,127.009758,37.556253,버스
486,장충체육관앞,127.008065,37.558336,버스
487,장충체육관앞,127.0078282,37.55800173,버스
488,장충동.동국대입구,127.0058213,37.56058093,버스
489,장충동.동국대입구,127.0056291,37.56066639,버스
490,퇴계로6가,127.0039011,37.56340113,버스
491,퇴계로6가,127.003375,37.56353,버스
492,퇴계로5가,126.999966,37.56238041,버스
493,퇴계로5가,126.9997252,37.56278042,버스
494,국립극장.반얀트리호텔,127.0010947,37.55148182,버스
495,국립극장.반얀트리호텔,127.000752,37.551535,버스
496,청구역,127.0146561,37.55996006,버스
497,청구역,127.0142192,37.55993038,버스
498,동화동,127.018124,37.560025,버스
499,동화동,127.0182737,37.55981268,버스
500,백범광장,126.980093,37.555737,버스
501,남대문경찰서,126.973838,37.554127,버스
502,남대문시장앞.이회영활동터,126.9785804,37.56093942,버스
503,남산케이블카.남산산책로입구,126.9839798,37.55526518,버스
504,동대입구역.장충동,127.005445,37.558362,버스
505,약수역10번출구,127.009322,37.556256,버스
506,청계1가.광교,126.983392,37.568572,버스
507,청계2가.삼일교,126.9885302,37.56784047,버스
508,청계4가.배오개다리,126.9971755,37.56848437,버스
509,청계5가.방산시장,127.000827,37.569215,버스
510,청계6가.평화시장,127.004387,37.569443,버스
511,청계7가.동평화.청평화시장,127.0138508,37.56951354,버스
512,청계8가.영도교,127.019,37.570725,버스
513,신한은행본점,126.9755852,37.56119655,버스
514,동대문역사문화공원,127.0091092,37.56541133,버스
515,버티고개,127.0060242,37.54780415,버스
516,버티고개,127.006189,37.547652,버스
517,청계3가.관수교,126.992961,37.568214,버스
518,청계6가.오간수교,127.0090361,37.56948518,버스
519,충무로역.매일경제,126.9933889,37.56169057,버스
520,을지로입구역.광교,126.982562,37.56765,버스
521,신당파인힐하나유보라,127.024858,37.564982,버스
522,명동입구,126.982588,37.564545,버스
523,남산북측순환로입구,126.9988218,37.55069862,버스
524,신당동삼성아파트.금호여중,127.0187299,37.5585545,버스
525,신당동대우푸르지오.금호여중,127.019292,37.557805,버스
526,황학동주민센터,127.0234024,37.56685562,버스
527,신당초등학교앞,127.023723,37.564662,버스
528,금호베스트빌.래미안하이베르,127.024067,37.561643,버스
529,금호베스트빌.래미안하이베르,127.0243472,37.56225445,버스
530,신당초등학교,127.0242404,37.56450284,버스
531,서대문경찰서.농협은행.유관순활동터,126.967647,37.565132,버스
532,방산종합시장,127.0019301,37.56780587,버스
533,황학동롯데캐슬,127.022033,37.571662,버스
534,광희문.광희동사거리,127.008611,37.56454992,버스
535,광희문.광희동사거리,127.009677,37.564402,버스
536,황학동롯데캐슬,127.023297,37.57082,버스
537,한국은행.신세계앞,126.97929,37.56140811,버스
538,서울기동대.광희초등학교,127.014485,37.567922,버스
539,동대문디자인플라자,127.0119962,37.56770075,버스
540,서대문역사거리.농협중앙회,126.9678855,37.56692224,버스
541,서울스퀘어앞,126.9732317,37.55534163,버스
542,북창동.남대문시장,126.9769187,37.56084629,버스
543,힐튼호텔,126.976562,37.556367,버스
544,힐튼호텔,126.9767113,37.55662674,버스
545,시청앞.덕수궁,126.9768356,37.56621228,버스
546,남대문세무서.국가인권위원회,126.9878661,37.56508396,버스
547,장충문화체육센터.권기옥활동터,127.0025921,37.5601745,버스
548,남산1호터널,126.9921666,37.55740518,버스
549,남산예장버스환승주차장,126.989029,37.560033,버스
550,약수역.3.6호선,127.011707,37.553305,버스
551,조선일보,126.976885,37.568735,버스
552,시청역,126.977006,37.565673,버스
553,서울역,126.9713291,37.55820126,버스
554,숭례문앞,126.976236,37.561517,버스
555,프레스센터,126.97734,37.567396,버스
556,신당역하나은행,127.021586,37.565422,버스
557,염천교,126.971117,37.559798,버스
558,서울역서부,126.9692313,37.55597897,버스
559,한국경제신문사,126.9679526,37.56093341,버스
560,응봉근린공원.금호산,127.016922,37.553522,버스
561,서울방송고등학교.남산타운아파트,127.0124098,37.54958602,버스
562,서울방송고등학교.남산타운아파트,127.012293,37.549618,버스
563,중구청소년센터.남산타운2상가,127.012751,37.551656,버스
564,중구청소년센터.남산타운2상가,127.012175,37.551906,버스
565,약수시장.남산타운동문,127.010786,37.55160463,버스
566,약수지구대,127.0121072,37.55279283,버스
567,남대문시장,126.979324,37.56138346,버스
568,을지로입구역롯데호텔,126.9803053,37.56580472,버스
569,소공동웨스틴조선호텔,126.979645,37.564518,버스
570,서울광장,126.978885,37.565352,버스
571,광화문코리아나호텔,126.976776,37.56842265,버스
572,서소문KAL빌딩,126.974319,37.563334,버스
573,동국대입구앰배서더호텔,127.0026102,37.55977171,버스
574,광화문,126.9767623,37.56875876,버스
575,시청덕수궁,126.9767781,37.56547157,버스
576,바비엥스위트,126.9676373,37.56510899,버스
577,서울역,126.9728596,37.55781956,버스
578,명동역.세종호텔,126.986449,37.561088,버스
579,충무로역.호텔피제이,126.9955605,37.56171802,버스
580,남대문시장,126.9787309,37.56096738,버스
581,이비스엠버서더호텔,126.9826126,37.56460933,버스
582,프레이저플레이스,126.9692683,37.56284768,버스
583,서울역,126.971336,37.55816,버스
584,아카시아호텔.웨스턴코업레지던스,127.0034787,37.56655061,버스
585,을지로코업레지던스,127.0053975,37.56623336,버스
586,토요코인호텔.이비스버젯호텔,127.0089473,37.56459135,버스
587,약수역,127.0098978,37.55378896,버스
588,남산밀레니엄힐튼호텔,126.9759753,37.55546657,버스
589,서울역,126.9720457,37.5580158,버스
590,숭례문라마다&스위트호텔,126.9720685,37.56061096,버스
591,시청역더플라자호텔,126.9779059,37.5641562,버스
592,시청.서울신문사,126.9773647,37.56829932,버스
593,프레이저플레이스남대문,126.9762666,37.561376,버스
594,프레이저플레이스남대문,126.9755366,37.56106678,버스
595,동대문역사문화공원,127.0092451,37.56538519,버스
596,광희동더스프라지르서울동대문,127.007526,37.564536,버스
597,동대문디자인플라자DDP,127.009213,37.567853,버스
598,베이튼호텔,127.0026364,37.56499932,버스
599,광화문,126.9767086,37.5689379,버스
600,덕수궁,126.9767268,37.56558455,버스
601,남대문시장,126.9753967,37.56092315,버스
602,명동,126.9856195,37.56075833,버스
603,남산골한옥마을,126.9924384,37.56099506,버스
604,앰버서더호텔,127.0026254,37.5604635,버스
605,신라호텔,127.0054272,37.5583034,버스
606,동대문디자인플라자.동대문시장,127.0085549,37.5668754,버스
607,서울애니메이션센터,126.987253,37.55851302,버스
608,남산케이블카,126.9836038,37.55511729,버스
609,동대문디자인프라자,127.0091304,37.56776256,버스
610,방산.중부시장,126.9994423,37.56685688,버스
611,을지로3가,126.9923256,37.56653491,버스
612,을지로입구,126.9810013,37.56613096,버스
613,명동입구,126.9823774,37.56418743,버스
614,신당동중앙시장,127.0194166,37.56575532,버스
615,남산오르미,126.9831349,37.55819405,버스
616,한강대교북단.LG유플러스,126.963121,37.524049,버스
617,한강대교북단.LG유플러스,126.9631848,37.52430606,버스
618,신용산역,126.966207,37.527293,버스
619,신용산역,126.9666192,37.52792049,버스
620,용산우체국,126.970235,37.53149701,버스
621,용산우체국,126.9705641,37.53205037,버스
622,삼각지역,126.973683,37.535181,버스
623,삼각지역,126.9741609,37.5359845,버스
624,숙대입구역,126.9725378,37.54329563,버스
625,숙대입구역,126.9722321,37.54375602,버스
626,갈월동,126.9722373,37.5509756,버스
627,갈월동,126.9717082,37.54953372,버스
628,남영역,126.9719272,37.54200692,버스
629,남영역,126.972069,37.541823,버스
630,신용산역3번출구,126.967351,37.528889,버스
631,서울드래곤시티,126.96306,37.53216,버스
632,용산역3번출구.용산차고지,126.964215,37.531808,버스
633,한강대교북단,126.96357,37.524968,버스
634,서계동,126.9693405,37.5524743,버스
635,서계동,126.969222,37.5516705,버스
636,청파동,126.970122,37.548992,버스
637,청파시장,126.9698626,37.54867903,버스
638,숙대입구역.청파동주민센터,126.9707772,37.54538125,버스
639,숙대입구역.청파동주민센터,126.970416,37.545486,버스
640,남영역,126.971032,37.540813,버스
641,남영역,126.9706761,37.54057027,버스
642,용산전자상가17동,126.9660271,37.53377926,버스
643,용산전자상가19동,126.965707,37.533513,버스
644,용산전자상가10동,126.9619641,37.5332725,버스
645,용산전자상가12동,126.962168,37.533052,버스
646,용산전자상가.전자랜드,126.958328,37.532778,버스
647,용산전자상가.전자랜드,126.958339,37.533058,버스
648,원효대교북단,126.956112,37.531985,버스
649,용산경찰서,126.9691858,37.54050321,버스
650,용산경찰서,126.9690615,37.53999946,버스
651,용산꿈나무종합타운.원효로우체국,126.9669291,37.5386139,버스
652,용산e편한세상,126.965469,37.53746,버스
653,남정초등학교,126.9636632,37.53631875,버스
654,원효로2가,126.9629911,37.53623744,버스
655,원효로2가사거리,126.9610704,37.53493384,버스
656,원효로3가,126.9581798,37.53404076,버스
657,원효로3가,126.9583248,37.53379572,버스
658,용암초등학교입구.이태원주공아파트,126.988666,37.544109,버스
659,이태원동남산대림아파트.용산동아파트,126.987478,37.539873,버스
660,용산한신아파트,126.9871086,37.53980547,버스
661,해방촌,126.986605,37.537816,버스
662,국군재정관리단,126.986848,37.537318,버스
663,용산구청,126.9912039,37.53028395,버스
664,용산구청,126.99116,37.529405,버스
665,한강중학교,126.992155,37.52545,버스
666,한강중학교앞,126.9924288,37.52450259,버스
667,서빙고역1번출구,126.989955,37.520046,버스
668,장충단로입구,127.002202,37.545795,버스
669,남산예술원,127.00204,37.544437,버스
670,서울중부기술교육원.블루스퀘어,127.0035398,37.54157768,버스
671,서울시중부기술교육원.블루스퀘어,127.0031776,37.5411749,버스
672,순천향대학병원,127.0057302,37.53644224,버스
673,순천향대학병원,127.0062994,37.5356114,버스
674,순천향대학병원,127.0054994,37.53579346,버스
675,순천향대학병원.한남오거리,127.005729,37.53549068,버스
676,한남5거리,127.0083381,37.53286563,버스
677,남산도서관.용산도서관,126.980835,37.552282,버스
678,남산도서관.용산도서관,126.981134,37.55204425,버스
679,후암약수터,126.98432,37.54869,버스
680,후암약수터,126.9841669,37.54839526,버스
681,보성여중고입구,126.98584,37.54639685,버스
682,보성여중고입구,126.9856318,37.54625985,버스
683,남산체육관,126.9927902,37.54270388,버스
684,남산체육관,126.992917,37.54250475,버스
685,하얏트호텔,126.996128,37.541753,버스
686,하얏트호텔,126.997422,37.540867,버스
687,용마루고개(서울자동차고등학교),126.9584647,37.54063689,버스
688,용마루고개.효창파크푸르지오아파트,126.958552,37.54029991,버스
689,효창공원앞역.이봉창역사울림관,126.9619,37.539267,버스
690,효창공원앞역.이봉창역사울림관,126.962698,37.538826,버스
691,용산꿈나무종합타운.보건분소,126.9649998,37.53842682,버스
692,용산꿈나무종합타운.보건분소,126.964648,37.538295,버스
693,원효로제1동주민센터,126.966993,37.53766,버스
694,전쟁기념관,126.9768578,37.53475867,버스
695,전쟁기념관,126.975382,37.534652,버스
696,녹사평역,126.9851183,37.53510696,버스
697,녹사평역,126.9853047,37.53475822,버스
698,용산구청.이태원시장,126.99046,37.534375,버스
699,용산구청.이태원시장,126.990007,37.534113,버스
700,이태원역1번출구.해밀턴호텔,126.9929958,37.53451833,버스
701,이태원역4번출구.해밀턴호텔,126.993431,37.534355,버스
702,이태원119안전센터,126.996387,37.53479,버스
703,이태원119안전센터,126.997181,37.534605,버스
704,한남동주민센터,127.000468,37.537047,버스
705,한남동주민센터,127.000807,37.537013,버스
706,한강진역.블루스퀘어,127.0016696,37.54072646,버스
707,한강진역.블루스퀘어,127.002023,37.54093,버스
708,서울역,126.973897,37.553622,버스
709,후암3거리,126.9765772,37.55254084,버스
710,후암시장,126.9770645,37.55068919,버스
711,후암시장,126.9775446,37.54974673,버스
712,용산중고,126.978182,37.54666,버스
713,용산중고,126.9783502,37.54679039,버스
714,후암동종점,126.9809588,37.54669893,버스
715,용산중고,126.977563,37.54574,버스
716,남영동주민센터,126.976872,37.545815,버스
717,남영동주민센터,126.9750573,37.5453624,버스
718,남영우체국,126.9732354,37.54512412,버스
719,남영우체국,126.973482,37.54537,버스
720,한남시범아파트,127.0122608,37.53794297,버스
721,한남시범아파트,127.0126715,37.53770414,버스
722,한남동,127.0084446,37.5339127,버스
723,한남동,127.0087003,37.53375499,버스
724,이촌동동부센트레빌,126.966008,37.521567,버스
725,이촌동두산위브트레지움.한강대우아파트,126.967528,37.521573,버스
726,이촌1동충신교회앞,126.96848,37.521285,버스
727,이촌동한가람아파트.이촌역,126.9718843,37.5206563,버스
728,이촌동한강맨션.이촌역,126.97271,37.52018,버스
729,신용산초등학교,126.974505,37.519848,버스
730,신용산초등학교.중경고등학교,126.976238,37.51908,버스
731,중경고등학교.이촌동강촌아파트,126.977522,37.518917,버스
732,이촌동점보아파트,126.9783561,37.51834003,버스
733,이촌동현대아파트,126.978712,37.51853368,버스
734,금강병원.반도아파트,126.9811234,37.51770433,버스
735,서빙고신동아아파트,126.985098,37.517927,버스
736,서빙고신동아아파트,126.9853714,37.51748597,버스
737,만리동고개,126.962825,37.55167,버스
738,손기정체육공원,126.966423,37.55421533,버스
739,숙대입구역,126.9708399,37.5444252,버스
740,남영역,126.9709245,37.54222024,버스
741,숙명여대도서관앞,126.9672217,37.54484687,버스
742,숙명여대도서관앞,126.9664465,37.54484124,버스
743,숙명여대정문,126.9641095,37.5449595,버스
744,숙명여대정문,126.9643097,37.54513077,버스
745,숙명여대후문.이봉창활동터,126.963307,37.546091,버스
746,효창공원후문,126.962579,37.546794,버스
747,한겨레신문사입구,126.9591929,37.54588062,버스
748,대한노인회,126.957683,37.5438,버스
749,효창운동장.효창동주민센터,126.9617671,37.54220952,버스
750,효창동주민센터.금양초등학교,126.9622337,37.54162396,버스
751,금양초등학교,126.962009,37.541299,버스
752,효창공원역,126.9610379,37.53878602,버스
753,도원삼성래미안아파트,126.9574339,37.5397768,버스
754,도원삼성래미안아파트,126.9572103,37.53962541,버스
755,중앙하이츠빌라앞,126.960035,37.538013,버스
756,중앙하이츠빌라앞,126.959878,37.537972,버스
757,용문시장,126.960969,37.536348,버스
758,용문시장,126.9613596,37.5359792,버스
759,용산전자상가입구,126.9622225,37.53457017,버스
760,용산전자상가입구,126.961938,37.534658,버스
761,신용산.지하차도,126.963667,37.532835,버스
762,신용산.지하차도,126.9638382,37.53255041,버스
763,신용산역,126.9676785,37.53003386,버스
764,용산역,126.965822,37.528869,버스
765,용산푸르지오써밋,126.964759,37.527574,버스
766,용산푸르지오써밋,126.964573,37.527237,버스
767,용산역광장앞,126.9655853,37.52826803,버스
768,용산역사박물관.용산철도고등학교,126.966015,37.52559728,버스
769,용산역사박물관.용산철도고등학교,126.967123,37.525305,버스
770,용산세무서,126.969243,37.523735,버스
771,용산세무서,126.9701544,37.52362139,버스
772,이촌역,126.9739086,37.52266892,버스
773,이촌역,126.974028,37.522364,버스
774,국립중앙박물관용산가족공원,126.97865,37.520898,버스
775,국립중앙박물관용산가족공원,126.979955,37.520873,버스
776,서빙고역교차로,126.9899,37.520427,버스
777,서빙고초등학교,126.9908894,37.52117112,버스
778,한강중학교,126.991363,37.525117,버스
779,금호베스트빌앞,126.990717,37.522638,버스
780,서빙고동,126.9934203,37.51980432,버스
781,서빙고동주민센터,126.994885,37.520382,버스
782,동빙고동,126.996692,37.520817,버스
783,동빙고동,126.997038,37.521265,버스
784,보광신동아아파트삼성리버빌아파트,127.0020297,37.524738,버스
785,보광동신동아아파트,127.0015149,37.52562379,버스
786,보광동주민센터,127.0005046,37.52645912,버스
787,기업은행보광동지점,126.999303,37.528008,버스
788,기업은행보광동지점,126.9988968,37.52818201,버스
789,한국폴리텍1대학,126.996792,37.530195,버스
790,한국폴리텍1대학,126.996572,37.530532,버스
791,이태원역.보광동입구,126.994165,37.533478,버스
792,이태원역.보광동입구,126.994222,37.53382,버스
793,한남역.용산노인종합복지관,127.0067957,37.53122393,버스
794,한남역.용산노인종합복지관,127.0077699,37.53066879,버스
795,이촌119안전센터.성촌공원,126.952943,37.530082,버스
796,성촌공원.포르쉐센터용산,126.9546065,37.53017103,버스
797,성촌공원.포르쉐센터용산,126.9543511,37.52974742,버스
798,이촌2동주민센터,126.955064,37.52773644,버스
799,이촌2동주민센터,126.954862,37.527703,버스
800,이촌2동대림아파트.새남터성지,126.9563231,37.52617531,버스
801,이촌2동대림아파트.새남터성지,126.9561659,37.52602927,버스
802,서부이촌동입구,126.959497,37.523863,버스
803,이촌2동강변아파트,126.959781,37.52344621,버스
804,원효2동산호아파트후문,126.950016,37.53226,버스
805,청암동강변삼성아파트,126.9482435,37.53461443,버스
806,청암동강변삼성아파트,126.9493177,37.53396791,버스
807,원효2동산호아파트,126.9505416,37.53301777,버스
808,원효2동산호아파트,126.9508278,37.5331089,버스
809,원효로풍전아파트,126.9535225,37.53212865,버스
810,원효로풍전아파트,126.9545136,37.53236877,버스
811,원효풍전아파트,126.955917,37.532743,버스
812,원효2동주민센터,126.951395,37.534494,버스
813,산천동리버힐삼성아파트,126.9511923,37.53450034,버스
814,산천동,126.953643,37.535322,버스
815,산천동,126.953382,37.535408,버스
816,신창동세방아파트,126.954955,37.535708,버스
817,신창동세방아파트,126.9549471,37.53583005,버스
818,남이장군사당,126.9578221,37.53660802,버스
819,남이장군사당,126.9577035,37.53682386,버스
820,새마을금고,126.9595338,37.53707162,버스
821,새마을금고,126.959197,37.537149,버스
822,순천향병원입구,127.0067506,37.53263055,버스
823,남산서울타워,126.991197,37.551016,버스
824,청심경로당,126.950688,37.533887,버스
825,삼성테마트,126.9503849,37.53374669,버스
826,서빙고동금호베스트빌,126.990991,37.52261379,버스
827,한남동하이페리온,127.0055474,37.52784398,버스
828,서빙고역1번출구,126.989482,37.520036,버스
829,문배동이안아파트앞,126.9710604,37.53887,버스
830,갈월동4호선숙대입구,126.971658,37.546385,버스
831,삼각지역11번출구,126.974548,37.536204,버스
832,숙대입구,126.9705229,37.54453055,버스
833,원효대교북단,126.955607,37.532135,버스
834,문배동이안아파트앞,126.970803,37.538363,버스
835,순천향병원입구,127.0069961,37.53269451,버스
836,숙명여대입구,126.9696435,37.54488446,버스
837,서빙고초등학교,126.99061,37.52084129,버스
838,한강대교전망카페,126.9608162,37.52133077,버스
839,한강대교전망카페,126.961342,37.521235,버스
840,노들섬,126.95861,37.517515,버스
841,노들섬,126.9590377,37.51736384,버스
842,용암초등학교.이태원2동주민센터,126.990733,37.544673,버스
843,용암초등학교.이태원2동주민센터,126.9909321,37.54484967,버스
844,효창공원삼거리.윤봉길의사등묘역,126.9638369,37.54460709,버스
845,서울역공항철도15번출구.국립극단,126.9688468,37.55307791,버스
846,용산꿈나무종합타운,126.9672403,37.53848693,버스
847,남산도서관,126.9818462,37.55234367,버스
848,하얏트호텔,126.9969933,37.54066038,버스
849,한신아파트,126.9866957,37.53898273,버스
850,순천향병원,127.003953,37.533377,버스
851,용암경로당입구,126.987047,37.541035,버스
852,한남오거리,127.0066567,37.53309011,버스
853,가야랑앞,126.9936041,37.54019528,버스
854,용암한신아파트,126.987563,37.542602,버스
855,효창공원후문,126.9608921,37.54706884,버스
856,디지텍고등학교앞,126.991626,37.53980318,버스
857,우리들가정의원,126.987795,37.54323151,버스
858,도원삼성래미안아파트101동앞,126.956232,37.53907,버스
859,성도약국,126.9895541,37.53945068,버스
860,남산교회입구,126.9866472,37.54467134,버스
861,신애교회,126.9584869,37.54551904,버스
862,시장,126.98876,37.539016,버스
863,해방촌오거리,126.9851475,37.54572995,버스
864,보광동주민센터,127.0000973,37.52614734,버스
865,대한노인회중앙회,126.957635,37.544035,버스
866,도원삼성래미안아파트101동앞,126.956297,37.539022,버스
867,신흥교회앞,126.982858,37.544864,버스
868,군인아파트,126.996318,37.526004,버스
869,원효사.백범김구기념관,126.9585663,37.54314017,버스
870,녹사평역,126.98586,37.535021,버스
871,큰빛의집앞,126.9819982,37.54454818,버스
872,몬드리안서울이태원,126.9926264,37.52853051,버스
873,도원삼성래미안아파트,126.957686,37.539689,버스
874,후암동종점,126.9813662,37.54670079,버스
875,용산구청,126.9914495,37.53031911,버스
876,용산고등학교,126.9795092,37.5461364,버스
877,외빈차고,126.9921712,37.53172938,버스
878,효창공원앞역.이봉창역사울림관,126.9614323,37.53967102,버스
879,갈월동사회복지회관,126.9740852,37.54539013,버스
880,청화아파트,126.995136,37.531422,버스
881,동작대로(가상),126.9829602,37.51590858,버스
882,용산경찰서,126.9698057,37.5410233,버스
883,숙대역7번출구,126.972309,37.543486,버스
884,보광동삼거리,126.9968251,37.53073299,버스
885,중앙하이츠빌라,126.9594786,37.53856833,버스
886,원효우체국,126.967738,37.539285,버스
887,보광초등학교,126.9967764,37.53134303,버스
888,용문동시장.새마을금고,126.9596343,37.5373483,버스
889,수미용실,126.997906,37.531468,버스
890,용문동주민센터,126.959119,37.53814739,버스
891,문배어린이공원,126.969723,37.536941,버스
892,문배어린이공원,126.96959,37.53714312,버스
893,영동김밥,127.0007739,37.53103579,버스
894,한강대교(가상),126.9606612,37.52172772,버스
895,도깨비시장,127.002246,37.53085466,버스
896,리버힐빌라앞,127.0008837,37.53172603,버스
897,신용산역,126.9674545,37.52991665,버스
898,보광교회,126.9991865,37.532273,버스
899,용산우체국,126.9703154,37.53137629,버스
900,숙대역5번출구,126.9725115,37.54403813,버스
901,이슬람사원,126.9979655,37.53298846,버스
902,삼각지역,126.973264,37.534513,버스
903,갈월동,126.9720931,37.54632411,버스
904,보광초등학교후문앞,126.995698,37.53309022,버스
905,반포대교(가상),126.9940056,37.5188785,버스
906,동자경로당,126.9741955,37.55028671,버스
907,이태원역앞,126.9957002,37.53418055,버스
908,녹사평역.용산구청,126.987177,37.535133,버스
909,후암시장,126.976548,37.550118,버스
910,후암동주민센터앞,126.9777058,37.54836448,버스
911,제일기획,126.9984396,37.53487086,버스
912,대성교회,126.988712,37.538891,버스
913,용산고,126.9789525,37.54590833,버스
914,성도약국,126.9894308,37.53927766,버스
915,후암동종점,126.9813595,37.54650165,버스
916,디지텍고등학교앞,126.991572,37.539731,버스
917,큰빛의집앞,126.9819077,37.54448328,버스
918,가야랑앞,126.9937523,37.54008896,버스
919,신흥교회앞,126.9833879,37.54462317,버스
920,해방촌오거리,126.9853965,37.54570295,버스
921,남산교회입구,126.9866223,37.54455059,버스
922,우리들가정의원,126.9876592,37.54324231,버스
923,용암한신아파트,126.9874137,37.54238805,버스
924,용암경로당입구,126.9869602,37.54109853,버스
925,한신아파트,126.9865577,37.53898812,버스
926,갑을빌딩,126.9720388,37.54909587,버스
927,리버힐삼성아파트후문,126.9487208,37.53494624,버스
928,만리시장입구,126.9630413,37.5515678,버스
929,배문중고등학교,126.9636168,37.55037493,버스
930,청파초등학교,126.9633755,37.54858348,버스
931,동부이촌동,126.972673,37.52013925,버스
932,강촌APT,126.976196,37.5191,버스
933,남산그랜드하얏트호텔,126.9973679,37.53982597,버스
934,청파초등학교,126.9635057,37.54846998,버스
935,청암자이아파트,126.947027,37.534535,버스
936,배문중고교,126.9637289,37.55038127,버스
937,만리시장입구,126.9631453,37.55177599,버스
938,청암자이아파트,126.9486032,37.53481193,버스
939,신동아APT,126.9853624,37.5175986,버스
940,신동아APT,126.9853035,37.51792209,버스
941,강촌APT,126.9773129,37.51890573,버스
942,동부이촌동,126.9718175,37.52067791,버스
943,이촌동두산위브트레지움,126.9659919,37.52149367,버스
944,이촌동두산위브트레지움,126.9675735,37.52152836,버스
945,이촌현대아파트.금강병원,126.9810408,37.51771874,버스
946,이촌현대아파트.금강병원,126.978747,37.51851,버스
947,한남역,127.0067323,37.53120681,버스
948,도원삼성래미안아파트단지내,126.9553881,37.5381983,버스
949,한남동주민센터,127.000606,37.534115,버스
950,용산CJ나인파크,126.969554,37.535873,버스
951,용산e편한세상,126.9672466,37.53434189,버스
952,이집트대사관.한남더힐아파트,127.011276,37.535259,버스
953,이집트대사관.한남더힐아파트,127.011431,37.53624088,버스
954,한남역,127.0077438,37.53058499,버스
955,한남동,127.008572,37.533755,버스
956,한남동,127.0085657,37.53396315,버스
957,필리핀대사관,126.9950933,37.54069996,버스
958,필리핀대사관,126.99516,37.54057021,버스
959,전쟁기념관,126.9734852,37.53840147,버스
960,용산역,126.9658972,37.52907676,버스
961,국립중앙박물관,126.9785496,37.52084762,버스
962,이태원,126.9904417,37.53433859,버스
963,남산서울타워,126.9909862,37.55114199,버스
964,하얏트호텔,126.9972013,37.54089188,버스
965,힐튼호텔,126.9772255,37.55477707,버스
966,남산도서관,126.9815511,37.55208859,버스
967,답십리역사거리,127.0543962,37.56544961,버스
968,청년회의소.서울새활용플라자,127.060482,37.562035,버스
969,장한평역,127.066093,37.561188,버스
970,상왕십리역,127.029075,37.564338,버스
971,상왕십리역,127.0286813,37.56469363,버스
972,왕십리센트라스아파트,127.024807,37.565215,버스
973,왕십리교회,127.023678,37.56663,버스
974,뉴타운아파트,127.026968,37.564877,버스
975,청계벽산아파트.텐즈힐아파트,127.030377,37.568863,버스
976,청계벽산아파트.텐즈힐아파트,127.03004,37.567955,버스
977,왕십리도선동주민센터,127.024642,37.567617,버스
978,왕십리2동주민센터,127.0332626,37.56244961,버스
979,코스모타워.서울신용보증재단성동지점,127.0329029,37.56298226,버스
980,성동구청,127.035915,37.563127,버스
981,상왕십리역,127.0302446,37.56487166,버스
982,상왕십리역.센트라스아파트,127.029978,37.565859,버스
983,신금호역4번출구,127.02053,37.554143,버스
984,마장동주민센터,127.0445738,37.5673235,버스
985,마장역,127.0423252,37.56558251,버스
986,성동노인복지관,127.0415861,37.56493759,버스
987,마장축산물시장,127.0380207,37.57095053,버스
988,마장축산물시장,127.0375114,37.57025901,버스
989,도선사거리,127.036955,37.567023,버스
990,도선사거리,127.036487,37.566648,버스
991,마장동금호아파트,127.041859,37.56307133,버스
992,마장동금호아파트,127.0415812,37.56215772,버스
993,한양대부속고등학교,127.041413,37.560925,버스
994,한양대부속고등학교,127.0411546,37.56038812,버스
995,한양대앞.한양시장,127.0409668,37.5585824,버스
996,한양대앞,127.040647,37.558525,버스
997,한양대정문,127.0431286,37.55638837,버스
998,한양대정문앞,127.043138,37.556996,버스
999,무학여고앞,127.034232,37.557855,버스
1000,무학여고,127.0338673,37.55789531,버스
1001,왕십리역,127.036192,37.55994731,버스
1002,왕십리역,127.0362669,37.56033656,버스
1003,왕십리역,127.034688,37.560723,버스
1004,행당1동주민센터.성동소방서,127.038407,37.558268,버스
1005,서울숲삼부아파트,127.0379493,37.55872308,버스
1006,응봉동주민센터,127.0335008,37.55339896,버스
1007,응봉동주민센터,127.0334387,37.55376121,버스
1008,응봉사거리,127.034458,37.55529188,버스
1009,응봉동현대아파트,127.030578,37.549732,버스
1010,응봉동현대아파트,127.0309,37.550222,버스
1011,대현산배수지공원입구,127.0200974,37.55627838,버스
1012,신금호역,127.0201176,37.55560517,버스
1013,신금호역,127.019922,37.555678,버스
1014,금호고등학교,127.021945,37.553475,버스
1015,금호고등학교.금호자이1차아파트입구,127.0229329,37.55310773,버스
1016,금호동벽산아파트,127.0256791,37.5511644,버스
1017,래미안하이리버아파트,127.0254234,37.55145821,버스
1018,금호사거리,127.0260631,37.54887914,버스
1019,금호사거리,127.0259773,37.54946397,버스
1020,금남시장앞.백범학원터,127.0218686,37.54808522,버스
1021,금남시장앞.백범학원터,127.0224878,37.54828876,버스
1022,금호역,127.016267,37.547728,버스
1023,금호역,127.0155079,37.54850311,버스
1024,금옥초등학교앞,127.0198923,37.54696731,버스
1025,금옥초등학교앞,127.018237,37.546254,버스
1026,힐스테이트서울숲리버아파트,127.0270576,37.54788771,버스
1027,삼성래미안아파트앞,127.0275127,37.54834987,버스
1028,옥수삼성아파트.래미안옥수리버젠,127.0148476,37.54362049,버스
1029,옥수삼성아파트.래미안옥수리버젠,127.0146552,37.54380343,버스
1030,미타사입구,127.0168373,37.54485562,버스
1031,래미안옥수리버젠.옥수중앙교회,127.0148446,37.54591558,버스
1032,래미안옥수리버젠.옥수중앙교회,127.014698,37.545782,버스
1033,옥수파크힐스아파트앞,127.013038,37.547113,버스
1034,옥수파크힐스아파트앞,127.013019,37.547018,버스
1035,옥수동종점,127.012585,37.549335,버스
1036,옥정중학교입구,127.0113027,37.54090407,버스
1037,옥정중학교입구,127.0109995,37.54087707,버스
1038,성수1가1동새마을금고,127.04955,37.53822,버스
1039,성수1가새마을금고,127.04951,37.53833,버스
1040,천주교성수동성당앞,127.046139,37.53937,버스
1041,천주교성수동성당앞,127.046074,37.53930553,버스
1042,뚝도아리수정수센터수도박물관,127.0442,37.540977,버스
1043,뚝도아리수정수센터수도박물관,127.04399,37.541407,버스
1044,서울숲역2번출구,127.0447086,37.54293173,버스
1045,서울숲역3번출구,127.044501,37.543064,버스
1046,성동구민종합체육센터,127.0448961,37.54607197,버스
1047,성동구민종합체육센터,127.044533,37.546493,버스
1048,성수공고앞,127.050314,37.539973,버스
1049,성수공고앞,127.050759,37.540039,버스
1050,경일초등학교입구,127.046372,37.541079,버스
1051,경일초등학교입구,127.046014,37.541382,버스
1052,성동교남단,127.044457,37.549515,버스
1053,성동교남단,127.0439628,37.55050752,버스
1054,상원,127.04605,37.55144,버스
1055,상원,127.046662,37.551748,버스
1056,영동대교북단,127.060742,37.536945,버스
1057,경수중학교,127.0622986,37.53969986,버스
1058,성수119안전센터,127.0601321,37.53734169,버스
1059,성수119안전센터,127.059997,37.537532,버스
1060,경수중학교,127.0570118,37.53816503,버스
1061,경수중학교,127.0572982,37.53828654,버스
1062,뚝도시장,127.0553996,37.53858661,버스
1063,뚝도시장,127.05526,37.53885,버스
1064,성원중성수동이마트앞,127.0534265,37.53909394,버스
1065,성원중성수동이마트앞,127.0533,37.53936,버스
1066,서울숲지구대앞,127.052342,37.537868,버스
1067,서울숲지구대앞,127.0522589,37.53805092,버스
1068,뚝도시장구길,127.05527,37.537192,버스
1069,뚝도시장구길,127.0549268,37.53755207,버스
1070,성수동진주타운,127.057488,37.536623,버스
1071,성수동진주타운,127.0574923,37.53675909,버스
1072,영동대교,127.059982,37.536356,버스
1073,영동대교,127.060066,37.536435,버스
1074,화양사거리,127.066622,37.547187,버스
1075,성수사거리.성수초등학교,127.064153,37.542825,버스
1076,서울효사랑병원,127.063275,37.541263,버스
1077,성수2가3동주민센터,127.055392,37.549622,버스
1078,제인병원,127.056837,37.549348,버스
1079,성동세무서앞,127.062185,37.547995,버스
1080,성동세무서,127.0643373,37.54823913,버스
1081,송정동서울숲아이파크,127.069252,37.55182,버스
1082,송정동건영아파트,127.07115,37.555205,버스
1083,군자교남단,127.072438,37.557542,버스
1084,신답역,127.047505,37.570207,버스
1085,용답동.로데오거리.답십리역,127.053945,37.565703,버스
1086,서울교통공사.서울새활용플라자,127.0569134,37.5620495,버스
1087,뚝섬서울숲,127.0366012,37.54461804,버스
1088,뚝섬서울숲,127.036397,37.545672,버스
1089,사근동하이츠아파트앞,127.048603,37.561201,버스
1090,사근동하이츠아파트앞,127.0486882,37.56130618,버스
1091,사근동주민센터,127.04565,37.560815,버스
1092,사근동주민센터,127.045712,37.560933,버스
1093,사근고개,127.0446,37.561162,버스
1094,사근고개,127.0445102,37.56125556,버스
1095,한양지구대,127.042025,37.560218,버스
1096,한양지구대,127.0419242,37.56024458,버스
1097,사근동벽산아파트,127.0499269,37.5601892,버스
1098,뚝섬역8번출구,127.045506,37.547696,버스
1099,뚝섬역2번출구,127.046846,37.547575,버스
1100,뚝섬역5번출구,127.049272,37.546482,버스
1101,뚝섬역4번출구,127.04927,37.5468,버스
1102,성수역1번출구,127.05383,37.54542,버스
1103,SK테크노빌딩앞,127.050228,37.545888,버스
1104,SK테크노빌딩앞,127.0500259,37.54576985,버스
1105,경동초등학교입구,127.04948,37.54377,버스
1106,경동초등학교입구,127.0492129,37.5433913,버스
1107,경일초등학교앞,127.048207,37.540772,버스
1108,경일초등학교앞,127.048175,37.540917,버스
1109,한양여대앞,127.0503,37.55951,버스
1110,도선고등학교.꽃재교회,127.027782,37.567093,버스
1111,성수역4번출구,127.054582,37.544788,버스
1112,리버하우스,127.0510061,37.55090026,버스
1113,리버하우스,127.0506905,37.5512302,버스
1114,성수사거리,127.062352,37.542562,버스
1115,성수사거리,127.062362,37.542795,버스
1116,성동제일새마을금고,127.0471,37.56081,버스
1117,성동제일새마을금고,127.0473013,37.56088413,버스
1118,청계9가.텐즈힐2단지 정문앞,127.025565,37.57075,버스
1119,뚝섬서울숲,127.037565,37.543457,버스
1120,서울숲1번출입구,127.042695,37.542222,버스
1121,서울숲1번출입구,127.0429744,37.54197811,버스
1122,용답휴식공원,127.048053,37.569314,버스
1123,용답휴식공원,127.0479373,37.56955418,버스
1124,성수2가3동주민센터,127.054782,37.55023742,버스
1125,극동그린아파트앞,127.011393,37.542003,버스
1126,마장역,127.043037,37.566346,버스
1127,행당신동아.행당푸르지오아파트,127.0340193,37.55614084,버스
1128,숭신초등학교,127.028196,37.56717,버스
1129,극동아파트,127.023935,37.558095,버스
1130,풍림아파트,127.023905,37.559145,버스
1131,벽산아파트,127.0256886,37.55560229,버스
1132,대림아파트,127.024926,37.55657383,버스
1133,행당역,127.0290983,37.5570009,버스
1134,행당역,127.0287644,37.55707937,버스
1135,무학여고,127.0330163,37.55839115,버스
1136,극동그린아파트,127.011905,37.54206463,버스
1137,성수동차고지,127.055682,37.535793,버스
1138,제민약국,127.058517,37.536593,버스
1139,왕십리자이.신당현대아파트,127.02363,37.560847,버스
1140,왕십리자이.신당현대아파트,127.024101,37.561152,버스
1141,제민약국,127.058488,37.536507,버스
1142,우리은행화양동지점,127.066129,37.548118,버스
1143,황학교.텐즈힐몰,127.0236037,37.57005175,버스
1144,마장동주민센터,127.04464,37.567063,버스
1145,왕십리광장.왕십리역7번출구,127.036895,37.561133,버스
1146,왕십리광장.왕십리역4번출구,127.0371334,37.56136444,버스
1147,한양대동문앞,127.049676,37.55564329,버스
1148,왕십리도선동주민센터,127.024413,37.567817,버스
1149,한양여대앞,127.050625,37.559227,버스
1150,행당중학교,127.043024,37.553781,버스
1151,살곶이체육공원앞,127.0509355,37.55631791,버스
1152,송정동현대아이파크아파트,127.0686201,37.55218712,버스
1153,극동아파트5동,127.011079,37.54315954,버스
1154,대우아파트관리실,127.019985,37.546215,버스
1155,신금호역,127.0204908,37.55459318,버스
1156,옥수역,127.0168166,37.54148275,버스
1157,송정동자치회관,127.068764,37.550884,버스
1158,대우아파트후문,127.0216589,37.54693907,버스
1159,금호1가동주민센터,127.0221955,37.55512902,버스
1160,왕십리민자역사,127.0378535,37.56184269,버스
1161,무쇠막,127.0246948,37.54527775,버스
1162,송정어린이집,127.0677474,37.54900258,버스
1163,대경생활과학고등학교,127.017537,37.55597143,버스
1164,금북초등학교.e편한세상금호105동,127.0237361,37.55553782,버스
1165,무학여고,127.0339124,37.55749161,버스
1166,힐스테이트서울숲리버,127.0253856,37.54674459,버스
1167,성수SKV1센터1동,127.065585,37.545818,버스
1168,극동아파트상가,127.0121009,37.54291975,버스
1169,금호4가동주민센터.대도빌딩,127.0225635,37.54805265,버스
1170,화단삼거리,127.0198712,37.54831986,버스
1171,금호어린이집,127.01862,37.556734,버스
1172,논골.금호벽산아파트.성동공유센터,127.025349,37.5555492,버스
1173,행당서울숲푸르지오상가앞,127.033891,37.555614,버스
1174,법학학술정보관,127.048574,37.55704,버스
1175,성수이비즈센터,127.063058,37.546576,버스
1176,한남하이츠아파트,127.0115923,37.54005431,버스
1177,금호사거리,127.025272,37.548008,버스
1178,금호산입구,127.019575,37.556722,버스
1179,한진아파트후문,127.0269971,37.5560183,버스
1180,신동아아파트후문,127.0326937,37.55489468,버스
1181,올림픽체육관맞은편,127.049294,37.556934,버스
1182,경수중학교입구,127.060089,37.543514,버스
1183,제일감리교회,127.0269037,37.54786612,버스
1184,신금호역,127.019638,37.554381,버스
1185,제3법학관,127.048637,37.556233,버스
1186,행당서울숲푸르지오109동앞,127.031711,37.554456,버스
1187,벽산아파트정문,127.02528,37.552658,버스
1188,성수역2번출구,127.057638,37.544268,버스
1189,옥수종합사회복지관,127.0128519,37.54088049,버스
1190,응봉동현대아파트,127.0307682,37.54980253,버스
1191,행당2동주민센터,127.0306538,37.5577376,버스
1192,응봉경로당앞,127.0316422,37.55262793,버스
1193,금호119안전센터,127.024731,37.554187,버스
1194,경동초등학교입구,127.051155,37.545895,버스
1195,옥수삼성아파트,127.0139485,37.54063526,버스
1196,현대공업사앞,127.0325678,37.54995073,버스
1197,두산상가후문.106동,127.0167387,37.5491854,버스
1198,중앙병원,127.0193176,37.55196128,버스
1199,무학중학교.무학여고,127.0331283,37.55821,버스
1200,만물상회앞,127.031224,37.552829,버스
1201,논골사거리,127.0248124,37.55531503,버스
1202,응봉초등학교.대림아파트,127.0334307,37.55106784,버스
1203,한신아파트,127.0192957,37.55075381,버스
1204,올림픽체육관앞,127.049632,37.557015,버스
1205,상봉노인정앞,127.0302832,37.55287394,버스
1206,논골신협.대림아파트후문,127.0245744,37.55770298,버스
1207,옥수삼성아파트,127.0143208,37.54075326,버스
1208,응봉역.광희중,127.0344339,37.55204254,버스
1209,우리은행.백범학원터,127.021174,37.548008,버스
1210,금호공원,127.019575,37.54967696,버스
1211,대현산체육관입구,127.029853,37.55308,버스
1212,한양대학교경영대학,127.04853,37.557084,버스
1213,지하철2호선성수역,127.0546618,37.54477028,버스
1214,옥수종합사회복지관,127.0132276,37.54088675,버스
1215,대우아파트입구,127.0191632,37.54598344,버스
1216,원형화단,127.0194898,37.54859296,버스
1217,성동구청,127.036403,37.564136,버스
1218,금봉어린이집.또또와마트,127.0288091,37.55290619,버스
1219,한양대병원후문,127.041957,37.560011,버스
1220,경수중학교입구,127.059621,37.543363,버스
1221,옥정중학교,127.0113322,37.54133299,버스
1222,응봉사거리,127.0345427,37.55486744,버스
1223,천은교회.성동청소년상담복지센터,127.026797,37.554691,버스
1224,극동아파트상가,127.0123679,37.54291161,버스
1225,무학여고,127.0342554,37.55771859,버스
1226,한전입구,127.0351185,37.5662652,버스
1227,논골입구.성동공유센터,127.02557,37.55554,버스
1228,극동아파트7동,127.012754,37.54361893,버스
1229,성동보건소,127.0331863,37.56649464,버스
1230,행당역.대림아파트정문,127.0286716,37.55704966,버스
1231,청계벽산아파트,127.0303705,37.56826244,버스
1232,논골.e편한세상금호114동,127.0246041,37.55519162,버스
1233,코스모타워,127.033286,37.562788,버스
1234,화단앞,127.019654,37.54862447,버스
1235,성동사회복지관.청계천박물관,127.0334778,37.57030347,버스
1236,금호119안전센터,127.024578,37.554264,버스
1237,왕약국,127.0655473,37.54834119,버스
1238,상왕십리역,127.0302514,37.5647437,버스
1239,금호공원,127.0197742,37.5496508,버스
1240,성동구도시관리공단.서울시시설관리공단,127.0368612,37.57182891,버스
1241,e편한세상금호117동,127.024679,37.552657,버스
1242,왕십리자이.신당현대아파트,127.0236902,37.56084707,버스
1243,중앙슈퍼,127.0665318,37.54951566,버스
1244,한신아파트,127.0194078,37.5507583,버스
1245,금호고등학교,127.023552,37.553096,버스
1246,극동.풍림아파트,127.023641,37.55904489,버스
1247,GS25,127.0671618,37.55030467,버스
1248,중앙병원앞,127.0194715,37.55212796,버스
1249,도선동사거리,127.0365327,37.56676758,버스
1250,논골신협.대림아파트후문,127.0245189,37.55751195,버스
1251,송정동자치회관입구,127.0678257,37.5511351,버스
1252,성동구청,127.036042,37.563354,버스
1253,논골사거리,127.0247742,37.55612602,버스
1254,신금호역,127.0197856,37.55433559,버스
1255,성동중앙교회.벽산아파트정문,127.024877,37.553011,버스
1256,무학중학교.무학여고,127.0332891,37.55842262,버스
1257,천은교회.성동청소년상담복지센터,127.0266661,37.55459194,버스
1258,금호어린이집,127.018232,37.556743,버스
1259,행당2동주민센터,127.0304206,37.55782957,버스
1260,금봉어린이집.또또와마트,127.0287944,37.55264238,버스
1261,대경생활과학고등학교,127.0175178,37.55606875,버스
1262,대현산체육관입구,127.0297135,37.55296294,버스
1263,GS주유소,127.0251254,37.54681133,버스
1264,대림아파트후문,127.0269327,37.5561715,버스
1265,상봉노인정앞,127.03022,37.552674,버스
1266,서울숲푸르지오아파트정문,127.0243938,37.54525619,버스
1267,대림상가,127.034468,37.55388,버스
1268,충북상회,127.0310094,37.5527923,버스
1269,서울숲푸르지오아파트후문,127.022805,37.543544,버스
1270,무학여고,127.033877,37.558122,버스
1271,무학여고,127.034245,37.5581,버스
1272,응봉사거리,127.0340902,37.5553019,버스
1273,응봉사거리,127.0344919,37.55508011,버스
1274,응봉역.광희중,127.0344034,37.55220114,버스
1275,응봉경로당앞,127.031694,37.55238843,버스
1276,금호초등학교,127.0194943,37.55268843,버스
1277,응봉초등학교.대림아파트,127.033168,37.5508021,버스
1278,행당서울숲푸르지오109동앞,127.0318012,37.55438612,버스
1279,현대공업사앞,127.032439,37.550105,버스
1280,신동아아파트후문,127.0328358,37.55468771,버스
1281,신동아아파트,127.0300982,37.54976756,버스
1282,행당서울숲푸르지오상가앞,127.0340187,37.55557299,버스
1283,삼성래미안아파트,127.0275591,37.54837509,버스
1284,금호사거리,127.0250613,37.5481765,버스
1285,금남시장앞.백범학원터,127.021648,37.54827449,버스
1286,왕십리광장.왕십리역7번출구,127.0365163,37.56104655,버스
1287,두산상가후문.106동,127.0167172,37.54925208,버스
1288,극동아파트7동,127.0126657,37.54372076,버스
1289,두산아파트113동,127.0160758,37.5505885,버스
1290,두산아파트109동,127.0167637,37.54981796,버스
1291,극동아파트4동,127.0115883,37.54353164,버스
1292,극동아파트4동,127.0116845,37.5435055,버스
1293,두산아파트109동,127.0168498,37.5498567,버스
1294,두산아파트115동,127.0161121,37.55095794,버스
1295,금호역,127.0168517,37.54845459,버스
1296,금호역.두산상가경비실,127.0166706,37.54851409,버스
1297,금호역,127.0164273,37.54842402,버스
1298,금호역.3호선,127.0166253,37.54829423,버스
1299,화단삼거리,127.0196278,37.54821898,버스
1300,두산아파트113동,127.0161833,37.55068039,버스
1301,벽산아파트501동앞,127.0254789,37.55483821,버스
1302,벽산아파트505동앞,127.0262518,37.55440101,버스
1303,벽산아파트111동앞,127.026992,37.553193,버스
1304,벽산아파트206동앞,127.0272674,37.55215254,버스
1305,벽산아파트202동앞,127.027356,37.551491,버스
1306,벽산하이피아상가앞,127.0256433,37.55219616,버스
1307,우리은행.백범학원터,127.021122,37.548263,버스
1308,행당푸르지오아파트,127.0340035,37.55623906,버스
1309,왕십리역,127.0369827,37.56105361,버스
1310,옥정중학교,127.0113005,37.54124739,버스
1311,옥정중학교,127.0109935,37.54097445,버스
1312,옥수삼성아파트,127.0148091,37.54360878,버스
1313,옥수삼성아파트,127.0146145,37.54379082,버스
1314,금옥초등학교.금호대우아파트,127.0189291,37.54647457,버스
1315,금옥초등학교.금호대우아파트,127.0186519,37.54658996,버스
1316,금호사거리,127.0241853,37.54797844,버스
1317,금호사거리,127.0250025,37.54817651,버스
1318,금호삼성래미안,127.0269818,37.54787691,버스
1319,금호삼성래미안,127.0275354,37.54836158,버스
1320,응봉현대아파트,127.0307014,37.5497629,버스
1321,응봉현대아파트,127.0309019,37.55013049,버스
1322,응봉주민센터,127.0335212,37.55344401,버스
1323,응봉주민센터,127.0336018,37.55399906,버스
1324,래미안옥수리버젠아파트상가,127.015727,37.54437279,버스
1325,옥수동주민센터.옥수동성당,127.0140192,37.54360617,버스
1326,국민은행,127.0122219,37.54269716,버스
1327,국민은행,127.0127561,37.5427782,버스
1328,옥수동주민센터.옥수동성당,127.0136717,37.54323766,버스
1329,삼성아파트정문,127.0152935,37.54382678,버스
1330,성동노인종합복지관,127.0414403,37.56520977,버스
1331,중앙하이츠아파트,127.0389001,37.56525269,버스
1332,민자역사후문,127.038365,37.563549,버스
1333,금호1가동주민센터,127.0208123,37.55472829,버스
1334,금호정형외과,127.0204579,37.55408677,버스
1335,금호고등학교앞,127.0233929,37.55297995,버스
1336,벽산하이피아상가,127.0259454,37.5519501,버스
1337,벽산노인정,127.0268505,37.55105871,버스
1338,벽산아파트107동,127.0274313,37.55168754,버스
1339,벽산아파트109동,127.0273705,37.55261388,버스
1340,벽산아파트505동,127.0263706,37.55432168,버스
1341,벽산아파트501동,127.0255027,37.55495534,버스
1342,광희중학교.응봉역,127.0350585,37.55191103,버스
1343,한신아파트후문,127.037073,37.5537403,버스
1344,한신아파트정문,127.0353825,37.55483475,버스
1345,민자역사후문,127.038505,37.56358,버스
1346,중앙하이츠아파트,127.03845,37.565054,버스
1347,삼성래미안아파트,127.0402756,37.56549402,버스
1348,금북초등학교입구,127.0236162,37.55565589,버스
1349,대현산배수지공원앞,127.0220575,37.55517771,버스
1350,선영약국,127.030619,37.566775,버스
1351,텐즈힐아파트101동.115동,127.029276,37.56698,버스
1352,숭신초등학교.도선고등학교앞,127.0271676,37.56732969,버스
1353,왕십리도선동주민센터,127.0259157,37.56770843,버스
1354,텐즈힐아파트120동.213동앞,127.026001,37.569125,버스
1355,왕십리중앙교회,127.026563,37.57015475,버스
1356,마장동현대아파트,127.043027,37.570169,버스
1357,청계장원아파트,127.044743,37.569336,버스
1358,마장2교사거리,127.045459,37.567977,버스
1359,마장2교사거리,127.0456033,37.56818275,버스
1360,청계장원아파트,127.0448455,37.56934274,버스
1361,옥수교회,127.016005,37.54524,버스
1362,텐즈힐아파트107동앞,127.0285145,37.56956858,버스
1363,응봉동현대아파트,127.030938,37.54986196,버스
1364,논골.대림아파트107동.금호동벽산아파트,127.0249544,37.5558964,버스
1365,옥수역5.6번출구,127.017002,37.541854,버스
1366,서울숲푸르지오아파트,127.023747,37.545015,버스
1367,언더스탠드에비뉴,127.042776,37.543572,버스
1368,성동구민체육센터,127.044474,37.545138,버스
1369,경일중고등학교,127.049131,37.542316,버스
1370,이마트.서울숲힐스테이트아파트,127.052766,37.540475,버스
1371,서울숲코오롱디지털타워2차,127.05399,37.541411,버스
1372,서울경찰청제6기동단,127.054739,37.540076,버스
1373,한라시그마밸리앞,127.05532,37.539647,버스
1374,성수역3번출구,127.057104,37.543944,버스
1375,서울숲코오롱디지털타워2차,127.053848,37.541461,버스
1376,이마트.서울숲힐스테이트아파트,127.05257,37.540528,버스
1377,현대그린아파트,127.049622,37.540523,버스
1378,성수역3번출구,127.0566907,37.54355983,버스
1379,경일중고등학교,127.04921,37.542503,버스
1380,한라시그마밸리,127.0551786,37.53990607,버스
1381,서울경찰청제6기동단,127.054772,37.540228,버스
1382,서울숲역,127.045146,37.543869,버스
1383,성동구민종합체육센터,127.044515,37.54527,버스
1384,서울숲2번출입구,127.04255,37.543527,버스
1385,서울숲9번출입구,127.037555,37.543638,버스
1386,옥수역4번출구,127.0176125,37.54181185,버스
1387,성수대교북단교차로,127.035516,37.544291,버스
1388,마장역,127.0426522,37.56611408,버스
1389,마장역,127.0423948,37.56564741,버스
1390,옥정초등학교,127.0154196,37.54088924,버스
1391,e편한세상금호109동,127.021876,37.553483,버스
1392,왕십리자이아파트107동,127.0259693,37.55971284,버스
1393,왕십리KCC스위첸아파트,127.026824,37.560369,버스
1394,금호베스트빌아파트노인정앞,127.0250695,37.56187332,버스
1395,풍림아이원아파트후문,127.02685,37.56019425,버스
1396,응봉역.광희중학교,127.035298,37.551878,버스
1397,대림강변타운아파트A상가,127.035718,37.55479,버스
1398,리버그린동아아파트정문,127.0375237,37.55349324,버스
1399,서울숲리버뷰자이아파트제2주차장,127.039405,37.556168,버스
1400,서울숲리버뷰자이아파트제2주차장,127.039281,37.555721,버스
1401,서울숲리버뷰자이아파트제1주차장,127.038889,37.55419708,버스
1402,왕십리로교차로,127.0389354,37.55771977,버스
1403,왕십리로교차로,127.0391339,37.55776761,버스
1404,리버그린동아아파트,127.0382721,37.55334439,버스
1405,서울숲리버뷰자이아파트제1주차장,127.03924,37.554509,버스
1406,왕십리역6-1번출구,127.037912,37.560793,버스
1407,행당동서울숲더샵,127.039717,37.557808,버스
1408,행당동서울숲더샵,127.039904,37.558001,버스
1409,서울숲공원,127.0425737,37.5420906,버스
1410,성수역수제화거리,127.054619,37.545157,버스
1411,한양대역,127.0432471,37.55686515,버스
1412,한양대학교병원본관1층,127.0438016,37.55945987,버스
1413,한양대학교병원본관1층,127.0435712,37.55945161,버스
1414,한양대학교병원응급실,127.0446,37.559812,버스
1415,한양대학교류마티스병원동관,127.044651,37.559973,버스
1416,한양대학교백남학술정보관,127.045845,37.55773422,버스
1417,한양종합기술연구원.생활과학대학,127.0460706,37.5576911,버스
1418,한양대학교생활과학대학,127.0465029,37.55680349,버스
1419,한양대학교제2의학관,127.042132,37.559328,버스
1420,한양대학교정문,127.0421228,37.55777611,버스
1421,군자교입구,127.0756461,37.55874099,버스
1422,군자교입구,127.0749003,37.55879373,버스
1423,군자역.용마초등학교,127.0824731,37.55609891,버스
1424,군자역.용마초등학교,127.081557,37.556267,버스
1425,중곡동입구삼거리,127.0865505,37.55449655,버스
1426,어린이대공원후문아차산역,127.0901492,37.55120847,버스
1427,어린이대공원후문아차산역,127.0891817,37.55273374,버스
1428,중곡동입구삼거리,127.085229,37.554926,버스
1429,새밭교회,127.093185,37.548983,버스
1430,새밭교회,127.0926378,37.54909358,버스
1431,광나루역,127.102649,37.545741,버스
1432,광나루역,127.103764,37.545156,버스
1433,군자교,127.075203,37.56153286,버스
1434,군자교,127.0752287,37.56238618,버스
1435,메리놀외방선교회,127.077338,37.55895,버스
1436,메리놀외방선교회,127.0776319,37.55908662,버스
1437,중곡1동주민센터입구,127.078383,37.560522,버스
1438,중곡1동주민센터입구,127.078402,37.560877,버스
1439,중곡1동사거리,127.0794725,37.56245368,버스
1440,중곡1동사거리,127.079283,37.562482,버스
1441,중마초등학교.중곡제일골목시장앞,127.080843,37.56498,버스
1442,용마사거리,127.0818721,37.56229075,버스
1443,중곡2동주민센터앞,127.0808553,37.55988373,버스
1444,중곡2동주민센터앞,127.0811552,37.55984027,버스
1445,중곡동성당앞,127.082935,37.563169,버스
1446,종합의료복합단지,127.0833601,37.56388824,버스
1447,중곡동종점,127.0870619,37.56207257,버스
1448,중곡보건지소,127.086988,37.55992,버스
1449,신성시장앞,127.0876755,37.55831636,버스
1450,중곡우체국앞,127.083883,37.561577,버스
1451,면곡시장,127.0797293,37.56974605,버스
1452,면곡시장,127.079442,37.570028,버스
1453,중곡아파트,127.0778997,37.56640123,버스
1454,중곡아파트,127.077177,37.56579555,버스
1455,중마초등학교.중곡제일골목시장앞,127.080851,37.565232,버스
1456,중곡역입구,127.081615,37.56634043,버스
1457,중곡역입구,127.081645,37.56666,버스
1458,중곡3동주민센터앞,127.082792,37.568537,버스
1459,중곡3동주민센터앞,127.0826419,37.56849153,버스
1460,면곡시장앞,127.083282,37.570795,버스
1461,면곡시장앞,127.083445,37.57108,버스
1462,용암사입구,127.0860566,37.56791599,버스
1463,용곡삼거리,127.0855902,37.56793345,버스
1464,중곡역.국립정신건강센터,127.0845455,37.56604642,버스
1465,대원고교앞,127.0867086,37.56396603,버스
1466,용암사입구,127.0863735,37.567868,버스
1467,대원고교앞,127.0869681,37.56419922,버스
1468,중곡동종점,127.0873094,37.56269505,버스
1469,신성시장,127.0879298,37.55831895,버스
1470,중곡동입구,127.088669,37.55419672,버스
1471,어린이대공원앞,127.0770315,37.55204586,버스
1472,능동사거리.군자역,127.0786347,37.55517668,버스
1473,구의사거리.광진소방서앞,127.0839777,37.54524958,버스
1474,어린이회관,127.077067,37.546155,버스
1475,구의사거리.광진소방서앞,127.084305,37.544998,버스
1476,광진경찰서,127.0836883,37.54153366,버스
1477,광진경찰서,127.0846474,37.54308737,버스
1478,광진경찰서,127.08424,37.54221,버스
1479,광진구청,127.083407,37.538964,버스
1480,구의역2번출구,127.0879773,37.53770269,버스
1481,래미안구의파크스위트,127.089012,37.544713,버스
1482,구의2동주민센터입구,127.0897847,37.54925157,버스
1483,구의2동주민센터입구,127.0895859,37.54864168,버스
1484,구의사거리,127.085747,37.54565109,버스
1485,구의사거리,127.0863481,37.54581736,버스
1486,래미안구의파크스위트,127.0890507,37.54496382,버스
1487,현대아파트앞,127.0940087,37.5395525,버스
1488,현대아파트앞,127.09417,37.539643,버스
1489,광진우체국,127.090409,37.537998,버스
1490,강변역A,127.0934996,37.53602601,버스
1491,테크노마트앞.강변역,127.093756,37.536867,버스
1492,현대2단지,127.0965438,37.53785446,버스
1493,올림픽대교북단사거리,127.09321,37.5433927,버스
1494,올림픽대교북단사거리,127.0936876,37.54338872,버스
1495,광장동현대아파트앞,127.097768,37.54191,버스
1496,광장동현대아파트앞,127.098974,37.542071,버스
1497,광나루역.극동아파트,127.102963,37.543536,버스
1498,광나루역.극동아파트,127.10332,37.544242,버스
1499,워커힐아파트.광장동,127.106715,37.54789576,버스
1500,워커힐아파트앞,127.1090264,37.55049601,버스
1501,워커힐입구,127.1087232,37.55061343,버스
1502,광진구청,127.083188,37.538762,버스
1503,자양사거리,127.082432,37.536933,버스
1504,자양사거리,127.0821045,37.5367503,버스
1505,자양초등학교앞,127.078467,37.537947,버스
1506,자양초등학교앞,127.079265,37.537422,버스
1507,건국대학교앞,127.075048,37.538743,버스
1508,자양미소약국.자양골목시장,127.077319,37.53275,버스
1509,국민은행자양지점앞,127.0814131,37.53157273,버스
1510,자양하늘채베르아파트앞,127.084608,37.53219224,버스
1511,자양동잠실대교북단,127.0848057,37.53295532,버스
1512,신자초등학교앞,127.074911,37.530442,버스
1513,자양미소약국.자양골목시장,127.0768713,37.53270034,버스
1514,국민은행자양지점앞,127.0807387,37.53153084,버스
1515,동서울우편집중국앞,127.084333,37.535052,버스
1516,자양하늘채베르아파트앞,127.0846733,37.53197322,버스
1517,자양동잠실대교북단,127.0858514,37.53212015,버스
1518,구의역3번출구,127.0882894,37.53751863,버스
1519,국민은행신자양지점,127.0668747,37.53557191,버스
1520,신양초등학교앞,127.0692877,37.53491182,버스
1521,신양초등학교앞,127.0689474,37.53523371,버스
1522,뚝도변전소앞,127.068908,37.536091,버스
1523,광진문화예술회관,127.0701692,37.53856525,버스
1524,건국대학교앞,127.0748754,37.53844611,버스
1525,신자초등학교앞,127.074922,37.530768,버스
1526,자양우성아파트앞,127.073412,37.533798,버스
1527,자양우성아파트앞,127.0734067,37.53394696,버스
1528,자양고교앞,127.0711714,37.53457909,버스
1529,자양고교앞,127.0713601,37.53431586,버스
1530,대동아파트앞,127.068967,37.536419,버스
1531,국민은행신자양지점,127.067195,37.53573,버스
1532,노룬산시장,127.0626913,37.53950299,버스
1533,건대입구역6번출구,127.0672789,37.54082688,버스
1534,건대로데오거리입구,127.0699258,37.53891929,버스
1535,노룬산시장앞,127.0629447,37.53680587,버스
1536,영동대교북단,127.061193,37.536723,버스
1537,노룬산시장앞,127.0628993,37.53660675,버스
1538,신양초등학교앞,127.067918,37.533802,버스
1539,자양4동주민센터앞,127.067497,37.533632,버스
1540,성수사거리,127.0647766,37.54315851,버스
1541,화양사거리,127.0670886,37.54723184,버스
1542,광진광장,127.0715209,37.54771517,버스
1543,어린이대공원역.화양천주교회,127.0736285,37.54662164,버스
1544,한아름공원,127.072222,37.543765,버스
1545,건대입구역사거리.건대병원,127.07095,37.540929,버스
1546,건대입구역1번출구,127.0681673,37.54089575,버스
1547,어린이대공원역3번출구,127.075148,37.546807,버스
1548,건대입구역사거리.건대병원,127.071248,37.540822,버스
1549,어린이회관,127.079592,37.545273,버스
1550,어린이대공원역.화양천주교회,127.0735882,37.54590439,버스
1551,송정동서울숲아이파크,127.0695975,37.55170446,버스
1552,송정동건영아파트,127.071302,37.554752,버스
1553,군자교남단,127.0727879,37.55741097,버스
1554,KEB.하나은행.군자동.지점,127.0767091,37.55770855,버스
1555,KEB.하나은행.군자동.지점,127.0765591,37.55715628,버스
1556,능동우편취급국,127.0760329,37.55616091,버스
1557,군자삼거리,127.0752869,37.55497555,버스
1558,군자삼거리,127.0753228,37.55464662,버스
1559,세종초등학교.세종사이버대학교앞,127.073395,37.553525,버스
1560,세종초교앞,127.074363,37.553868,버스
1561,군자새마을금고.성동광진위센터,127.0713225,37.55185121,버스
1562,군자새마을금고앞,127.0710878,37.55135665,버스
1563,장안초등학교,127.0707548,37.54869231,버스
1564,장안초등학교,127.070483,37.54858,버스
1565,화양사거리,127.0686842,37.5483289,버스
1566,광진광장,127.07154,37.548002,버스
1567,어린이대공원앞.세종대학교,127.07544,37.549752,버스
1568,능동교회앞,127.0769927,37.55287399,버스
1569,능동사거리.군자역,127.07882,37.556322,버스
1570,아차산역삼거리,127.086857,37.55451229,버스
1571,용마초등학교,127.0816967,37.55652793,버스
1572,어린이대공원후문,127.0905076,37.55086668,버스
1573,서울화양동우체국,127.068776,37.548113,버스
1574,중곡동입구,127.0882622,37.55479896,버스
1575,제일은행사거리,127.0747506,37.53355053,버스
1576,동곡삼거리,127.077955,37.563673,버스
1577,건대병원입구,127.0714728,37.54210848,버스
1578,광진청소년수련관,127.1053745,37.54595149,버스
1579,강변역B,127.0935346,37.53597462,버스
1580,테크노마트앞.강변역,127.093802,37.536907,버스
1581,중곡동성당,127.082402,37.562765,버스
1582,종합의료복합단지,127.083307,37.564373,버스
1583,중곡역.국립정신건강센터,127.084325,37.5662295,버스
1584,용곡삼거리,127.0855998,37.5685783,버스
1585,구의3동주민센터,127.092544,37.539065,버스
1586,구의3동주민센터,127.092102,37.539049,버스
1587,광진구민체육센터,127.1077985,37.54686717,버스
1588,광나루우편취급국,127.106316,37.547401,버스
1589,건대입구(가상),127.0709898,37.54019114,버스
1590,중곡4동경로당입구앞,127.0939631,37.55913062,버스
1591,중곡아파트.종점,127.0779156,37.56637898,버스
1592,긴고랑종점,127.0960429,37.56219447,버스
1593,정보도서관,127.1104622,37.55024867,버스
1594,강원설비앞,127.0901359,37.55900294,버스
1595,강원설비앞,127.0899354,37.55884901,버스
1596,중앙상회앞,127.0947975,37.560159,버스
1597,한강호텔입구,127.1094523,37.54845463,버스
1598,중곡4동경로당입구앞,127.0942812,37.55919254,버스
1599,중곡아파트.기점,127.078165,37.566876,버스
1600,구.새마을금고앞,127.0871709,37.56144173,버스
1601,CU중곡긴고랑점앞,127.0930312,37.558916,버스
1602,광나루현대아파트,127.107587,37.54672174,버스
1603,긴고랑주차장,127.0956309,37.56096064,버스
1604,신성시장입구,127.0880097,37.55852697,버스
1605,중곡4동어린이집입구,127.0917044,37.55868455,버스
1606,신동아아파트,127.10533,37.54635,버스
1607,마을금고.브레드제과점,127.0892469,37.55763396,버스
1608,긴고랑입구,127.0886688,37.558877,버스
1609,우리들약국,127.0902851,37.55690148,버스
1610,광남고.삼성아파트,127.1014183,37.54194779,버스
1611,해오름공원입구,127.0911231,37.55630792,버스
1612,현대3차아파트,127.0996487,37.54046519,버스
1613,기업은행.용마사거리,127.0814331,37.56244604,버스
1614,기원정사입구,127.0931372,37.55488262,버스
1615,송림식당앞,127.07663,37.53682211,버스
1616,중곡우체국앞,127.0840578,37.56116374,버스
1617,영화사입구,127.0941176,37.55422855,버스
1618,군자역,127.0800823,37.55787481,버스
1619,강변역.테크노마트앞,127.094859,37.53639347,버스
1620,자양중학교앞,127.0759964,37.53469053,버스
1621,성안약국,127.0932969,37.55321006,버스
1622,지영슈퍼,127.0921939,37.55181874,버스
1623,구의역,127.0892373,37.53823879,버스
1624,국민은행자양지점,127.0792388,37.53198601,버스
1625,아차산역사거리,127.091307,37.550722,버스
1626,중곡보건지소,127.0870747,37.55953058,버스
1627,미니스톱구의중앙점앞,127.0900165,37.54155063,버스
1628,영동대교입구.성수사거리,127.0643414,37.54239913,버스
1629,선화예고앞,127.0900588,37.54948475,버스
1630,긴고랑입구,127.0886687,37.55873643,버스
1631,구의홈마트앞,127.089723,37.54029022,버스
1632,화양동현대아파트,127.0652402,37.54398276,버스
1633,성자초등학교앞,127.0822557,37.53130001,버스
1634,한국켄트외국인학교,127.0880988,37.54772999,버스
1635,중곡4동어린이집입구,127.0916679,37.55851698,버스
1636,래미안구의파크스위트사거리,127.0906,37.54404893,버스
1637,성수대우프레시아1차아파트,127.0659848,37.54529434,버스
1638,CU중곡긴고랑점앞,127.0930028,37.55875923,버스
1639,화양사거리SKV1센터,127.06641,37.546257,버스
1640,행운슈퍼앞,127.0870099,37.53295012,버스
1641,중앙상회앞,127.094972,37.56016,버스
1642,한창주택,127.0891357,37.53361444,버스
1643,광장중학교앞,127.1024015,37.54679033,버스
1644,구의아크로리버앞,127.0921363,37.53529269,버스
1645,구의역4번출구,127.0848371,37.53665431,버스
1646,장신대앞,127.1052274,37.54753936,버스
1647,강변역A,127.093833,37.535988,버스
1648,워커힐아파트입구,127.1066257,37.54792033,버스
1649,동서울호텔앞,127.0920686,37.53453492,버스
1650,워커힐아파트,127.1075883,37.55000352,버스
1651,한창주택,127.0891188,37.53371538,버스
1652,행운슈퍼앞,127.0870462,37.53306994,버스
1653,워커힐아파트입구,127.1064755,37.54809046,버스
1654,구의역1번출구,127.084791,37.536929,버스
1655,장신대앞,127.1051324,37.54763045,버스
1656,성자초등학교앞,127.0825683,37.53151966,버스
1657,광장중학교앞,127.1024889,37.54694794,버스
1658,광진경찰서앞,127.0843546,37.54234688,버스
1659,한전삼거리,127.0979657,37.54544335,버스
1660,자양동,127.067637,37.535609,버스
1661,자양동,127.066848,37.535636,버스
1662,국민은행자양지점,127.079026,37.532277,버스
1663,청구아파트앞,127.0967938,37.5423896,버스
1664,광장자이아파트,127.094923,37.542253,버스
1665,서울서광교회앞,127.088351,37.54758473,버스
1666,자양중학교앞,127.0762758,37.53463538,버스
1667,래미안구의파크스위트사거리,127.0904643,37.54413013,버스
1668,자양1파출소앞,127.0769071,37.53676516,버스
1669,면곡시장,127.081375,37.57146241,버스
1670,동곡삼거리,127.078265,37.563803,버스
1671,광진구의회,127.0701166,37.53919695,버스
1672,광진구의회,127.070083,37.538333,버스
1673,건대입구역,127.072093,37.54338045,버스
1674,건대입구역,127.0719007,37.54228033,버스
1675,세종대학교,127.0755659,37.54986166,버스
1676,세종대학교,127.076031,37.54985505,버스
1677,군자역,127.0788605,37.5563636,버스
1678,군자역,127.078641,37.555206,버스
1679,지영슈퍼,127.0923105,37.55177449,버스
1680,미니스톱구의중앙점앞,127.0898705,37.54156336,버스
1681,성안약국,127.0933919,37.5531415,버스
1682,구의홈마트앞,127.0895646,37.54031918,버스
1683,종로약국앞,127.0881059,37.55758796,버스
1684,영화사입구,127.0941503,37.55408344,버스
1685,구의역,127.0890926,37.53827585,버스
1686,기원정사입구,127.0930431,37.55527915,버스
1687,테크노마트.광진문화원,127.0961012,37.53702053,버스
1688,해오름공원입구,127.0913642,37.55633026,버스
1689,프라임아파트앞,127.0970324,37.53783797,버스
1690,용마사거리,127.0812432,37.56275704,버스
1691,우리들약국,127.090369,37.55704379,버스
1692,현대3.5차아파트,127.1003519,37.54077907,버스
1693,마을금고앞,127.089393,37.55773117,버스
1694,광남고.삼성아파트,127.1017493,37.54234308,버스
1695,자양종합복지관앞,127.075441,37.532469,버스
1696,신성시장입구,127.088063,37.5586702,버스
1697,대순진리회앞.구.새마을금고,127.0875677,37.56095484,버스
1698,대원외고앞,127.0871413,37.56324484,버스
1699,광나루현대아파트,127.1077533,37.54669365,버스
1700,중곡4동파출소,127.0867703,37.56541945,버스
1701,한강호텔입구,127.1093151,37.54827454,버스
1702,워커힐팰리스,127.1096719,37.55001332,버스
1703,워커힐호텔비스타워커힐,127.1102655,37.5542416,버스
1704,아차산역사거리,127.0914351,37.55067193,버스
1705,중곡119안전센터,127.0862442,37.56675676,버스
1706,구의3동주민센터,127.091613,37.538005,버스
1707,뚝섬유원지,127.0667913,37.53108178,버스
1708,건국대입구,127.0675636,37.54111501,버스
1709,광장자이아파트,127.0949109,37.54216725,버스
1710,한전삼거리,127.0980186,37.54524056,버스
1711,청구아파트앞,127.0961816,37.54326056,버스
1712,용마사거리,127.08221,37.561856,버스
1713,강변역.테크노마트앞,127.094792,37.536342,버스
1714,답십리역사거리,127.0550605,37.56518709,버스
1715,청년회의소,127.0612838,37.56196532,버스
1716,장한평역,127.067287,37.56115106,버스
1717,신답초등학교.청계한신휴플러스,127.044292,37.571753,버스
1718,신답초등학교.청계한신휴플러스,127.0447281,37.57175591,버스
1719,동대문구청,127.038322,37.5741,버스
1720,서울시동부병원,127.0309536,37.57392925,버스
1721,신설동역.서울풍물시장,127.0257177,37.57442791,버스
1722,중랑교,127.0676665,37.59175755,버스
1723,중랑교,127.066835,37.591426,버스
1724,삼육서울병원,127.060685,37.589692,버스
1725,삼육서울병원,127.061955,37.59,버스
1726,시조사삼거리,127.056888,37.588707,버스
1727,떡전교사거리.동대문노인복지관,127.0520133,37.58644477,버스
1728,청량리역환승센타,127.0454307,37.58040251,버스
1729,청량리역환승센타,127.0460771,37.58025088,버스
1730,동대문구청,127.0399889,37.57345887,버스
1731,청량리역환승센터,127.045748,37.580223,버스
1732,청량리역환승센터,127.045721,37.580304,버스
1733,청량리역환승센터,127.045381,37.580672,버스
1734,청량리미주아파트.동대문세무서,127.048395,37.58278,버스
1735,청량리.청과물도매시장,127.040598,37.578798,버스
1736,제기동역.서울약령시,127.037779,37.578144,버스
1737,제기동역.서울약령시,127.0365057,37.57823385,버스
1738,용두동사거리,127.0299882,37.57753206,버스
1739,용두동사거리.한국의류시험연구원,127.028236,37.57717239,버스
1740,신설동역,127.0250446,37.57615004,버스
1741,신설동역,127.0238433,37.5758268,버스
1742,신설동역,127.0255837,37.57645359,버스
1743,신설동역,127.025947,37.57624536,버스
1744,용두동한국의류시험연구원,127.0291142,37.57751877,버스
1745,용두로타리한국의류시험연구원,127.029482,37.57725646,버스
1746,제기역약령시장,127.0366096,37.57829702,버스
1747,제기역약령시장,127.036835,37.578056,버스
1748,신설동역1번출구,127.0233167,37.57663033,버스
1749,청량리미주상가앞,127.047678,37.58189023,버스
1750,서울성심병원,127.0502443,37.58439239,버스
1751,서울성심병원,127.0508977,37.58460747,버스
1752,시조사,127.0522796,37.58684878,버스
1753,휘경동입구,127.055203,37.587663,버스
1754,삼육서울병원,127.06061,37.589765,버스
1755,중랑교,127.0664307,37.59114436,버스
1756,회기시장,127.0566389,37.59120263,버스
1757,회기시장,127.056588,37.590807,버스
1758,경희중고,127.057747,37.592923,버스
1759,경희중고,127.0583347,37.59334729,버스
1760,외대앞,127.0596059,37.59562821,버스
1761,외대앞,127.0597678,37.59548126,버스
1762,이문동우체국,127.061746,37.59938825,버스
1763,이문동교회,127.062108,37.600254,버스
1764,의릉입구,127.061923,37.60387558,버스
1765,의릉입구,127.0621764,37.60348527,버스
1766,한천로쌍용아파트앞,127.0676193,37.59819109,버스
1767,한천로쌍용아파트앞,127.067887,37.59866491,버스
1768,이문동삼익아파트,127.0682139,37.59454856,버스
1769,이문동삼익아파트,127.0683628,37.59510354,버스
1770,동일스위트리버아파트.휘봉고교,127.0677526,37.58779877,버스
1771,휘경유수지견인차고지앞,127.068577,37.58842,버스
1772,답십리래미안엘파인아파트,127.0672934,37.57572014,버스
1773,서울준법지원센터.동성빌라,127.0673893,37.58555526,버스
1774,서울준법지원센터.동성빌라,127.0676702,37.58567945,버스
1775,휘경여중고휘경주공아파트앞,127.068289,37.582603,버스
1776,휘경여중고휘경주공아파트,127.0685434,37.58215749,버스
1777,장안동현대아파트앞,127.0685412,37.57974617,버스
1778,전곡시장앞,127.0677951,37.57723707,버스
1779,전곡시장앞,127.068143,37.57733,버스
1780,답십리촬영소.우성그린아파트,127.066852,37.57419,버스
1781,촬영소사거리.우성그린아파트,127.0669165,37.57351066,버스
1782,풍안시장.동답초교,127.065489,37.57103976,버스
1783,동답한신동아아파트,127.06411,37.569627,버스
1784,동답한신동아아파트,127.0639045,37.56888162,버스
1785,동아.위더스빌아파트,127.062259,37.56669825,버스
1786,동아.위더스빌아파트,127.061465,37.56615891,버스
1787,하나은행장안동지점,127.058557,37.563405,버스
1788,장한평,127.0671377,37.56131154,버스
1789,청년회의소앞,127.0615307,37.56211026,버스
1790,고미술상가,127.057297,37.563612,버스
1791,답십리역.동부시장,127.0525194,37.56725625,버스
1792,신답역앞,127.0470914,37.57084309,버스
1793,동대문구청.용두역4번출구,127.039718,37.573438,버스
1794,용두역,127.037268,37.573977,버스
1795,용두동신동아아파트,127.0317925,37.57377044,버스
1796,동대문우체국.서울풍물시장,127.0245653,37.57475976,버스
1797,동대문구청.용두역3번출구,127.0383452,37.57553746,버스
1798,동대문구청.용신동주민센터,127.0384169,37.57658077,버스
1799,동대문구청.용신동주민센터,127.037988,37.575307,버스
1800,경동시장앞,127.0387559,37.58199892,버스
1801,제기동주민센터.서울약령시앞,127.0383947,37.58192515,버스
1802,경동시장,127.0382839,37.57996441,버스
1803,홍파초등학교,127.038639,37.585531,버스
1804,홍파초등학교,127.0383377,37.58559711,버스
1805,제기동한신아파트앞,127.037888,37.587603,버스
1806,고려대역.고대앞삼거리,127.0366856,37.58943377,버스
1807,고려대역.고대앞삼거리,127.036872,37.588548,버스
1808,고려대학교앞,127.03468,37.588138,버스
1809,우신향병원,127.032383,37.585725,버스
1810,안암오거리,127.029893,37.582468,버스
1811,대광고등학교앞,127.0255621,37.57977772,버스
1812,종암초등학교앞,127.0295992,37.58161861,버스
1813,용두시장앞,127.0303342,37.57911159,버스
1814,용두시장앞,127.030161,37.579035,버스
1815,서울시동부병원,127.0304302,37.57589647,버스
1816,서울시동부병원,127.0306953,37.57619016,버스
1817,동아제약앞,127.0304425,37.57259937,버스
1818,동아제약앞,127.0307312,37.57271644,버스
1819,떡전교앞,127.0526949,37.58490404,버스
1820,떡전교앞,127.0525769,37.58461845,버스
1821,서울시립대입구,127.0540557,37.58300573,버스
1822,서울시립대학교앞,127.0539399,37.58268049,버스
1823,서울시동부교육지원청.해성국제컨벤션고교,127.056865,37.579183,버스
1824,전농로터리시장.동부교육지원청,127.05676,37.578817,버스
1825,전농우체국앞,127.057575,37.576367,버스
1826,전농우체국앞,127.05789,37.576523,버스
1827,청솔우성아파트.답십리시장,127.057648,37.57370928,버스
1828,청솔우성아파트.답십리시장,127.057389,37.57411129,버스
1829,답십리2동시온교회앞,127.0573999,37.57059613,버스
1830,답십리1동희망샘교회앞,127.0571055,37.57052419,버스
1831,답십리초등학교.현대시장,127.057202,37.568453,버스
1832,답십리초등학교앞,127.0569309,37.56862657,버스
1833,답십리역사거리,127.0552011,37.56550601,버스
1834,황물로사거리,127.055992,37.56654189,버스
1835,답십리1동주민센터.래미안위브,127.0510037,37.57236701,버스
1836,답십리1동주민센터.래미안위브,127.051142,37.5721,버스
1837,동대문중학교,127.053755,37.575014,버스
1838,동대문중학교,127.0532772,37.5741763,버스
1839,전농래미안크레시티아파트,127.055592,37.576277,버스
1840,대한노인회동대문구지회,127.055902,37.576208,버스
1841,전농사거리,127.059038,37.577818,버스
1842,전농사거리,127.0592406,37.57756336,버스
1843,배봉초등학교.전농우성아파트,127.0672948,37.57869532,버스
1844,배봉초등학교.전농우성아파트,127.0674157,37.57844024,버스
1845,장안2동주민센터,127.070404,37.57884038,버스
1846,장안2동주민센터,127.070461,37.578696,버스
1847,장안교앞,127.07397,37.579653,버스
1848,장안교은석초등학교,127.074689,37.57962,버스
1849,청량리역6번출구,127.0431144,37.57865435,버스
1850,청량리역6번출구,127.043786,37.577945,버스
1851,롯데캐슬노블레스,127.0484717,37.57555526,버스
1852,전농시장앞,127.0471184,37.57608472,버스
1853,래미안크레시티.답십리도서관,127.050244,37.57456175,버스
1854,동대문구답십리도서관앞,127.051028,37.57388,버스
1855,답십리래미안위브아파트,127.054827,37.572769,버스
1856,답십리래미안미드카운티,127.055558,37.57298,버스
1857,답십리종합상가,127.0567076,37.57273205,버스
1858,답십리2동두산아파트,127.058512,37.572755,버스
1859,한양아파트.청솔우성아파트후문,127.058758,37.57295362,버스
1860,답십리2동한양아파트앞,127.0614069,37.57267023,버스
1861,답십리2동한양아파트앞,127.06112,37.57295,버스
1862,동답한신.대림아파트동대문체육관,127.063768,37.572663,버스
1863,촬영소사거리.동답초등학교,127.065212,37.572642,버스
1864,촬영소사거리.세양청마루아파트앞,127.065358,37.572887,버스
1865,동대문구.성동구선거관리위원회,127.068203,37.572487,버스
1866,동대문구.성동구선거관리위원회,127.067877,37.572768,버스
1867,장안사거리,127.070338,37.572585,버스
1868,국민은행장안동지점,127.073497,37.572362,버스
1869,국민은행장안동지점,127.07421,37.572055,버스
1870,장안동근린공원,127.0719536,37.57732381,버스
1871,장안동근린공원,127.072382,37.578312,버스
1872,동대문더퍼스트데시앙아파트,127.071777,37.574993,버스
1873,NH농협장안평지점,127.0721655,37.57515296,버스
1874,코리아병원,127.0716599,37.57320691,버스
1875,새서울병원,127.0720051,37.57310127,버스
1876,장안동삼성쉐르빌아파트,127.071355,37.5714,버스
1877,장안동삼성쉐르빌아파트,127.070843,37.571238,버스
1878,(구)경남호텔앞,127.070183,37.569605,버스
1879,현대벤처빌.현대썬앤빌,127.0694007,37.56892086,버스
1880,현대벤처빌,127.0690489,37.56791449,버스
1881,우리은행장안지점앞,127.067727,37.566393,버스
1882,우리은행장안지점앞,127.0676385,37.56559866,버스
1883,북한연구소앞,127.0661435,37.56346482,버스
1884,장한평역,127.064928,37.562295,버스
1885,장한평역,127.0654362,37.56243706,버스
1886,신이문역,127.067899,37.602617,버스
1887,이문동현대아파트앞,127.070708,37.601002,버스
1888,이문동현대아파트,127.0709847,37.60085902,버스
1889,휘경2동주민센터,127.0680485,37.59073615,버스
1890,휘경2동주민센터,127.068086,37.590505,버스
1891,동부아동상담소.동국대부속중고,127.0763834,37.57683354,버스
1892,장안삼성래미안2차아파트,127.0766223,37.57468158,버스
1893,장안삼성래미안2차아파트.성복교회,127.076813,37.572847,버스
1894,장안현대홈타운아파트앞,127.0733886,37.56975917,버스
1895,구민회관앞,127.073943,37.566387,버스
1896,파라브아파트,127.072374,37.56358281,버스
1897,장안현대홈타운상가,127.074378,37.571308,버스
1898,장안현대홈타운앞,127.075618,37.56929,버스
1899,장안치안센터,127.072502,37.567945,버스
1900,장안치안센터,127.072702,37.568223,버스
1901,장평중학교,127.0709395,37.5657454,버스
1902,회기역종점,127.0588619,37.58990037,버스
1903,경희대입구,127.053012,37.591272,버스
1904,경희대입구,127.052713,37.591583,버스
1905,서울바이오허브.농촌경제연구원,127.050135,37.591388,버스
1906,서울바이오허브.농촌경제연구원,127.049277,37.591608,버스
1907,한국과학기술원.홍릉초등학교,127.045747,37.591769,버스
1908,한국과학기술원.홍릉초등학교,127.046963,37.591545,버스
1909,국방연구원,127.041182,37.591413,버스
1910,국방연구원,127.0400584,37.59110399,버스
1911,세종대왕기념관,127.0423802,37.58985337,버스
1912,세종대왕기념관,127.0425674,37.59046154,버스
1913,영휘원사거리.(구)홍릉사거리,127.0431752,37.58600093,버스
1914,영휘원사거리.(구)홍릉사거리,127.0434662,37.58601434,버스
1915,동대문경찰서,127.0438782,37.58381733,버스
1916,동대문경찰서,127.0442607,37.58355857,버스
1917,현대코아,127.0448734,37.58181203,버스
1918,현대코아,127.0446558,37.58148592,버스
1919,동대문중앙새마을금고,127.041213,37.583118,버스
1920,동대문중앙새마을금고,127.042218,37.582988,버스
1921,제기동주민센터앞,127.0378676,37.58297689,버스
1922,제기동한신아파트,127.037361,37.58663818,버스
1923,제기시장,127.03522,37.586385,버스
1924,제기시장,127.03467,37.586625,버스
1925,외대역앞,127.0609471,37.59600959,버스
1926,외대역앞,127.0613605,37.59606615,버스
1927,이경시장,127.0649927,37.59526404,버스
1928,청랑리한신아파트.청량사입구,127.047414,37.586742,버스
1929,전동초등학교.전농동SK아파트,127.0609446,37.57775082,버스
1930,벽산아파트,127.030517,37.582758,버스
1931,제기동천주교회,127.033572,37.582855,버스
1932,이문동쌍용아파트,127.06898,37.59881566,버스
1933,이문동쌍용아파트,127.069119,37.598831,버스
1934,이문1동주민센터,127.065257,37.597807,버스
1935,전동초등학교.전농동SK아파트,127.061495,37.57812,버스
1936,한국산업인력공단서울지역본부,127.07297,37.58375,버스
1937,휘경공고휘경주공아파트,127.069252,37.584163,버스
1938,e편한세상청계센트럴포레아파트,127.03029,37.570818,버스
1939,한천로입구,127.067351,37.599119,버스
1940,래미안장안1차아파트앞,127.072023,37.566832,버스
1941,장평중학교앞,127.070252,37.56496,버스
1942,청량리미주상가앞,127.0472557,37.58195798,버스
1943,동대문구청.용두역,127.04015,37.572834,버스
1944,종로사약국,127.0653058,37.59452137,버스
1945,회기동현대아파트,127.05446,37.589113,버스
1946,우산빌딩앞,127.0546771,37.58888235,버스
1947,배봉산입구,127.068212,37.580325,버스
1948,면곡시장,127.0810661,37.57164464,버스
1949,동부아파트,127.045232,37.586688,버스
1950,자동차부품상가,127.0577757,37.56459467,버스
1951,청랑리한신아파트.청량사입구,127.047667,37.586516,버스
1952,장안동삼성쉐르빌아파트앞,127.070211,37.57230849,버스
1953,동대문노인종합복지관,127.0497131,37.58594609,버스
1954,쌍용아파트,127.068471,37.601422,버스
1955,쌍용아파트,127.0685216,37.6014515,버스
1956,삼육서울병원,127.0623613,37.59028334,버스
1957,동일스위트리버앞.휘봉고교,127.0676591,37.58718067,버스
1958,청량리수산시장,127.0408714,37.57864345,버스
1959,휘봉초등학교,127.069695,37.587707,버스
1960,휘경미소지움아파트,127.0645643,37.59092823,버스
1961,휘경공고.휘경주공아파트,127.069714,37.584471,버스
1962,용두동신동아아파트,127.0325998,37.57404505,버스
1963,청량리수산시장,127.0418951,37.57895216,버스
1964,답십리역,127.0531915,37.56676846,버스
1965,가든아파트.수사연구소,127.072077,37.58455,버스
1966,회기역,127.0577964,37.58993424,버스
1967,농협답십리역지점,127.050678,37.568489,버스
1968,동일하이빌.현대베스트빌아파트,127.0739978,37.58247318,버스
1969,동안교회,127.0577734,37.59382695,버스
1970,경희대입구,127.0527811,37.59156575,버스
1971,청계한신휴플러스,127.045036,37.571806,버스
1972,경희중고,127.0564273,37.59435924,버스
1973,경희대의료원,127.0522472,37.59406201,버스
1974,한신휴플러스정문,127.0450796,37.57273526,버스
1975,경희맨션,127.0570001,37.59561508,버스
1976,동아아파트,127.0455832,37.5742471,버스
1977,미니슈퍼,127.0568673,37.59667122,버스
1978,전농119안전센터,127.0456082,37.57618354,버스
1979,외대.경희대후문,127.0571505,37.59831287,버스
1980,전농1동치안센터,127.0480957,37.57642224,버스
1981,휘경여중고.휘경주공아파트,127.0685629,37.58245484,버스
1982,신성미소지움아파트,127.0501308,37.57893183,버스
1983,삼성래미안,127.0574111,37.59991488,버스
1984,청량리소화물취급소,127.0514146,37.58050909,버스
1985,영광빌딩,127.0525059,37.58184312,버스
1986,새마을금고앞,127.0601637,37.59778874,버스
1987,시립대입구,127.0534664,37.58385212,버스
1988,외대앞역,127.062826,37.595336,버스
1989,새마을금고앞,127.0602362,37.59786079,버스
1990,회기역종점,127.0587396,37.58985177,버스
1991,외대.경희대후문,127.0569625,37.59830395,버스
1992,신설동역1번출구,127.023871,37.575968,버스
1993,미니슈퍼,127.0567462,37.59674067,버스
1994,딩동슈퍼,127.0569107,37.59565568,버스
1995,경희중고,127.0563426,37.59465124,버스
1996,동안교회,127.0573015,37.59286031,버스
1997,동대부고.은석초교앞,127.073669,37.57926,버스
1998,서울시립대,127.0531816,37.58311516,버스
1999,영광빌딩,127.0521992,37.58198112,버스
2000,청량리소화물취급소,127.051135,37.58059031,버스
2001,신성미소지움아파트,127.0495758,37.57865813,버스
2002,전농1동치안센터,127.0476065,37.57627826,버스
2003,동대문해병전우회,127.0455245,37.5763719,버스
2004,태양어린이.동아아파트,127.0454348,37.57406424,버스
2005,한신휴플러스후문,127.0467316,37.57298963,버스
2006,신답역,127.0492346,37.57114047,버스
2007,장미예식장,127.0505437,37.57015863,버스
2008,동부자동차매매시장,127.0514871,37.56899581,버스
2009,답십리역.경우회매장입구,127.0534864,37.56747388,버스
2010,답십리쌍마사거리,127.0552016,37.56618994,버스
2011,부속상가,127.0566147,37.5651431,버스
2012,고려대역3번출구,127.0365261,37.59048339,버스
2013,의료원입구사거리,127.0526585,37.59269938,버스
2014,삼육서울병원,127.062222,37.5902762,버스
2015,장안삼거리,127.0723517,37.57802912,버스
2016,장안사거리삼성래미안,127.0720255,37.57320939,버스
2017,장안사거리삼성래미안,127.0716865,37.57378629,버스
2018,장한평역,127.067083,37.561336,버스
2019,청량리역,127.0462731,37.58043552,버스
2020,서울시립대입구,127.0538031,37.58285626,버스
2021,전농로터리시장,127.0571016,37.57725264,버스
2022,신답역,127.047784,37.57054815,버스
2023,장안삼거리,127.0719972,37.57784732,버스
2024,신설동로터리.서울풍물시장,127.0234166,37.57427559,버스
2025,경동시장앞,127.0386578,37.58056802,버스
2026,경동시장사거리,127.0381091,37.57722935,버스
2027,경남관광호텔,127.070482,37.570577,버스
2028,경남관광호텔,127.070739,37.57034109,버스
2029,동답초교.대림아파트,127.06523,37.571208,버스
2030,정화여자중.상업고등학교,127.041754,37.586801,버스
2031,정화여자중.상업고등학교,127.041841,37.586612,버스
2032,동대문노인종합복지관,127.0492582,37.58631032,버스
2033,망우역.상봉터미널,127.0911205,37.59786852,버스
2034,망우역.상봉터미널,127.090466,37.597605,버스
2035,상봉역.중랑우체국,127.0837436,37.59595909,버스
2036,상봉역.중랑우체국,127.0832728,37.59575029,버스
2037,중랑역.동부시장,127.0760312,37.59400834,버스
2038,중랑역.동부시장,127.074938,37.593613,버스
2039,망우역.망우지구대,127.09539,37.598848,버스
2040,망우역.망우지구대,127.0948711,37.598558,버스
2041,우림시장.망우사거리,127.098635,37.599565,버스
2042,우림시장.망우사거리,127.098222,37.599368,버스
2043,금란교회,127.1040334,37.6005298,버스
2044,금란교회,127.1033575,37.60036404,버스
2045,동부제일병원.망우리공원,127.1089022,37.6004643,버스
2046,동부제일병원.망우리공원,127.107756,37.600478,버스
2047,극동늘푸른아파트,127.076404,37.61470265,버스
2048,묵동자이.신도브래뉴아파트,127.0765886,37.61527027,버스
2049,묵동삼거리.먹골역,127.0771199,37.6125567,버스
2050,먹골역.묵동자이아파트,127.077084,37.613832,버스
2051,한국전력동대문중랑지사,127.07826,37.606957,버스
2052,한국전력동대문중랑지사,127.078747,37.606223,버스
2053,지하철7호선중화역,127.0791563,37.60264857,버스
2054,지하철7호선중화역,127.0794498,37.60284415,버스
2055,국민은행중화동지점,127.0798617,37.59884151,버스
2056,중화동한신아파트,127.0801695,37.59907622,버스
2057,상봉2동복합청사.도서관,127.0799783,37.59189107,버스
2058,상봉2동복합청사.도서관,127.080285,37.592033,버스
2059,면목2동주민센터,127.079859,37.58938252,버스
2060,중목초등학교,127.080195,37.589732,버스
2061,면목2동,127.079732,37.587152,버스
2062,면목2동,127.0801196,37.58747924,버스
2063,면목5동주민센터,127.079633,37.584885,버스
2064,장안시장,127.080023,37.585525,버스
2065,면목신우아파트,127.0794405,37.58027099,버스
2066,면목신우아파트,127.0798123,37.58063297,버스
2067,면목119안전센터,127.0799088,37.5735215,버스
2068,경남아너스빌아파트앞,127.0801547,37.57474952,버스
2069,늘푸른동아아파트,127.0803572,37.57249846,버스
2070,중랑역동부시장1,127.075519,37.593925,버스
2071,중랑역.동부시장1,127.0767666,37.59394994,버스
2072,한샘교회,127.082492,37.59542,버스
2073,국민은행망우동지점,127.0971022,37.59947349,버스
2074,지하철7호선상봉역,127.0872459,37.59662384,버스
2075,국민은행망우동지점,127.0973547,37.5994814,버스
2076,지하철7호선상봉역,127.088627,37.597363,버스
2077,망우역,127.094072,37.59864,버스
2078,망우역,127.095541,37.598691,버스
2079,망우지구대,127.095842,37.599037,버스
2080,양원숲초등학교,127.1049085,37.60968844,버스
2081,하나은행망우동지점,127.098587,37.599627,버스
2082,양원숲초등학교,127.1047154,37.6100539,버스
2083,금란교회앞,127.103792,37.600599,버스
2084,금란교회앞,127.102679,37.600172,버스
2085,능산사거리,127.101942,37.60848,버스
2086,망우동고개,127.107379,37.60069,버스
2087,서울우유앞,127.072817,37.592108,버스
2088,서울우유앞,127.073171,37.591323,버스
2089,중랑초등학교,127.074318,37.58932,버스
2090,중랑초등학교,127.07427,37.589507,버스
2091,동부시장남문입구,127.077666,37.59043,버스
2092,동부시장남문입구,127.0782593,37.59077037,버스
2093,88병원,127.080896,37.59131195,버스
2094,상봉2동주민센터,127.081088,37.591647,버스
2095,서울창업카페상봉점,127.083885,37.592028,버스
2096,서울창업카페상봉점,127.083713,37.59224,버스
2097,면목6거리,127.087857,37.59288,버스
2098,면목6거리,127.0872031,37.59294023,버스
2099,상봉신협,127.0899025,37.59336525,버스
2100,상봉신협,127.0905684,37.59365316,버스
2101,상봉터미널입구,127.092532,37.59388,버스
2102,상봉터미널입구,127.093677,37.594368,버스
2103,혜원여중고입구,127.09505,37.594427,버스
2104,혜원여중고입구,127.095553,37.594772,버스
2105,봉우재고개,127.097837,37.595025,버스
2106,봉우재고개,127.0973049,37.59511206,버스
2107,우림시장,127.09954,37.595398,버스
2108,우림시장,127.099288,37.595575,버스
2109,지하철7호선상봉역,127.0861766,37.59439714,버스
2110,지하철7호선상봉역,127.0859397,37.59419727,버스
2111,면목초등학교,127.0869725,37.59134367,버스
2112,면목초등학교,127.086678,37.59130244,버스
2113,지하철7호선면목역,127.0872406,37.5891322,버스
2114,지하철7호선면목역,127.0875226,37.58916623,버스
2115,면목본동주민센터.면목정보도서관,127.088244,37.586909,버스
2116,면목본동주민센터.면목정보도서관,127.0880981,37.5865148,버스
2117,면동초등학교,127.0884544,37.5842573,버스
2118,면동초등학교,127.08836,37.5848548,버스
2119,면목우체국.녹색병원,127.0887178,37.58205484,버스
2120,면목우체국.녹색병원,127.088455,37.582733,버스
2121,지하철7호선사가정역,127.088067,37.579857,버스
2122,지하철7호선사가정역,127.0884338,37.58122425,버스
2123,면목시장,127.0876507,37.57964703,버스
2124,면남초등학교,127.0863248,37.57863428,버스
2125,면남초등학교,127.085932,37.5783,버스
2126,방약국앞,127.0858494,37.57577456,버스
2127,방약국앞,127.08574,37.575997,버스
2128,중곡초등학교,127.084205,37.572917,버스
2129,중곡초등학교,127.0841788,37.57315089,버스
2130,삼용사입구,127.1001746,37.59768317,버스
2131,삼용사입구,127.1004182,37.59694407,버스
2132,용마공원입구,127.099437,37.59392,버스
2133,용마공원입구,127.099292,37.594253,버스
2134,면일초등학교,127.0984,37.592017,버스
2135,우리은행망우동지점,127.097627,37.591217,버스
2136,서일대학교,127.0967,37.58951,버스
2137,서일대학교,127.09687,37.589193,버스
2138,용마문화복지센터,127.0953482,37.5863677,버스
2139,용마문화복지센터,127.095167,37.586712,버스
2140,중화중학교.면목고등학교,127.0940498,37.58399797,버스
2141,중화중학교.다문화가족지원센터,127.0941651,37.58475479,버스
2142,면중초등학교,127.0934632,37.58123119,버스
2143,면중초등학교,127.0933286,37.58226935,버스
2144,한양수자인사가정파크,127.092889,37.580071,버스
2145,묵동공감대아파트,127.078121,37.613841,버스
2146,면목동금호어울림아파트,127.091719,37.579245,버스
2147,면목동금호어울림아파트,127.090708,37.577838,버스
2148,면목동대원칸타빌아파트,127.090284,37.577761,버스
2149,용마폭포공원,127.088742,37.57569223,버스
2150,용마폭포공원,127.0885475,37.57592666,버스
2151,용마산역,127.0866709,37.57338157,버스
2152,용마산역,127.0863982,37.57350612,버스
2153,용마산하늘채아파트,127.086307,37.57102368,버스
2154,용마산하늘채아파트,127.0860197,37.57125817,버스
2155,묵동구길,127.0790555,37.61551908,버스
2156,묵동구길,127.07907,37.615893,버스
2157,묵1동주민센터입구.먹골역,127.0779517,37.61186322,버스
2158,묵1동주민센터입구.먹골역,127.0777996,37.61258959,버스
2159,신성은하수아파트,127.073707,37.588578,버스
2160,신성은하수아파트,127.0734455,37.58845406,버스
2161,면목2동한신아파트,127.074047,37.587332,버스
2162,면목2동한신아파트,127.074238,37.586758,버스
2163,면목5동,127.0758896,37.58560777,버스
2164,면목5동,127.0761,37.585908,버스
2165,동서그랜드맨션,127.077953,37.586112,버스
2166,동서그랜드맨션,127.07881,37.586482,버스
2167,하나은행면목지점,127.08111,37.586817,버스
2168,하나은행면목지점,127.081042,37.587028,버스
2169,면목복개천,127.086043,37.587913,버스
2170,면목복개천,127.08567,37.58805,버스
2171,지하철7호선면목역,127.088633,37.588495,버스
2172,면목역,127.0885502,37.58867888,버스
2173,농협앞,127.0919716,37.58918267,버스
2174,농협앞,127.0919969,37.58944667,버스
2175,혜원여중고후문,127.09618,37.590197,버스
2176,혜원여중고후문,127.096388,37.590465,버스
2177,면목마젤란아파트,127.0837401,37.58682434,버스
2178,면목마젤란아파트,127.0839472,37.58670525,버스
2179,녹색병원입구,127.0836907,37.58415445,버스
2180,녹색병원입구,127.0833643,37.58490259,버스
2181,면목두산아파트1차,127.0838864,37.58193312,버스
2182,면목두산아파트1차,127.0834866,37.58183068,버스
2183,면목두산아파트4.5단지,127.081197,37.578455,버스
2184,면목두산아파트4.5단지,127.081028,37.578533,버스
2185,사가정센트럴아이파크아파트,127.081988,37.581373,버스
2186,홈플러스면목동점,127.0817184,37.58113087,버스
2187,면목두산아파트2차,127.0848478,37.58110794,버스
2188,면목두산아파트2차,127.084642,37.580998,버스
2189,사가정역,127.087622,37.580905,버스
2190,사가정역,127.087297,37.580663,버스
2191,사가정시장,127.089433,37.580642,버스
2192,사가정시장,127.089307,37.580439,버스
2193,용마산교차로,127.092499,37.580637,버스
2194,중화2동주민센터,127.076759,37.601637,버스
2195,중화2동주민센터,127.077011,37.60141304,버스
2196,지하철7호선중화역3번출구,127.078733,37.601707,버스
2197,지하철7호선중화역3번출구,127.0789975,37.60145047,버스
2198,지하철7호선중화역2번출구,127.080683,37.60169442,버스
2199,지하철7호선중화역2번출구,127.080945,37.601522,버스
2200,중흥초등학교,127.0827319,37.60178942,버스
2201,중흥초등학교,127.083092,37.601683,버스
2202,이화연립경동제일교회앞,127.0849966,37.60235189,버스
2203,이화연립경동제일교회앞,127.085312,37.602297,버스
2204,쌍용아파트신내테크노타운앞,127.0879638,37.60328775,버스
2205,쌍용아파트신내테크노타운앞,127.0880531,37.60311558,버스
2206,엘지아파트앞,127.089863,37.6041,버스
2207,엘지아파트앞,127.090003,37.603949,버스
2208,신현중학교,127.091763,37.605312,버스
2209,신현중학교,127.0914212,37.60479174,버스
2210,중랑구청,127.094183,37.606645,버스
2211,중랑구청,127.0936349,37.60620561,버스
2212,동성프라자앞,127.0971854,37.60777153,버스
2213,동성프라자앞,127.0976237,37.60770719,버스
2214,성원아파트경남아너스빌앞,127.0954657,37.60395684,버스
2215,성원아파트경남아너스빌앞,127.0958887,37.60345008,버스
2216,중랑구청사거리,127.095212,37.605617,버스
2217,중랑구청사거리,127.095368,37.606057,버스
2218,신내동성3차아파트,127.09524,37.607645,버스
2219,신내동성1.2차아파트,127.096062,37.609753,버스
2220,신내10단지아파트,127.095563,37.60914701,버스
2221,신내9단지아파트,127.0959907,37.61056948,버스
2222,신내8단지아파트.서울의료원,127.0961797,37.61311489,버스
2223,신내9단지아파트.서울의료원,127.096622,37.61262614,버스
2224,신내7단지아파트홈플러스,127.0938875,37.61525321,버스
2225,신내7단지아파트홈플러스,127.093707,37.615523,버스
2226,봉화초등학교,127.0917244,37.61376091,버스
2227,봉화초등학교,127.0915286,37.6138773,버스
2228,신내6단지아파트.옹기테마공원,127.0904185,37.61389708,버스
2229,신내6단지,127.091775,37.616207,버스
2230,신내6단지아파트.옹기테마공원,127.090082,37.613983,버스
2231,신내우체국.5단지두산대림아파트,127.0900173,37.6165664,버스
2232,신내우체국.5단지두산대림아파트,127.08977,37.616633,버스
2233,구립도서관체육관,127.087083,37.61561,버스
2234,구립도서관체육관,127.087137,37.615712,버스
2235,신내4단지아파트,127.086081,37.61659277,버스
2236,신내4단지아파트,127.086243,37.61653,버스
2237,지하철6호선화랑대역,127.085768,37.619727,버스
2238,지하철6호선화랑대역,127.086185,37.61985,버스
2239,봉화산역2번출구,127.093173,37.616705,버스
2240,봉화산역3번출구,127.0929081,37.61645874,버스
2241,중랑경찰서후문,127.105557,37.619875,버스
2242,새우개마을,127.1033559,37.61824411,버스
2243,신내능마을,127.1016593,37.61436191,버스
2244,신내능마을,127.1014319,37.61455944,버스
2245,신내교회.신내데시앙아파트,127.1013329,37.61054059,버스
2246,신내교회.신내데시앙아파트,127.1010153,37.61053825,버스
2247,신내초등학교,127.10075,37.6061556,버스
2248,신내새한아파트앞,127.1010485,37.60583816,버스
2249,능산지하차도,127.1006376,37.60094741,버스
2250,능산지하차도,127.100349,37.60108192,버스
2251,상봉터미널,127.0931425,37.59646615,버스
2252,상봉터미널,127.0928591,37.59622669,버스
2253,망우3동주민센터.혜원여중고후문,127.0935437,37.59216765,버스
2254,망우3동주민센터.혜원여중고후문,127.0932383,37.59246525,버스
2255,동원시장,127.0937069,37.59045815,버스
2256,동원시장,127.0934407,37.59039979,버스
2257,면목본동파출소,127.0941327,37.58867095,버스
2258,면목본동파출소,127.0942916,37.58717592,버스
2259,중화2동체육공원,127.073872,37.60036,버스
2260,중화빗물펌프장,127.072015,37.598335,버스
2261,중화2동새마을금고,127.072125,37.595615,버스
2262,중화2동새마을금고,127.072348,37.595532,버스
2263,중랑교동부시장,127.0724587,37.59381705,버스
2264,중랑교동부시장,127.0726966,37.59388448,버스
2265,아남리치카운티아파트,127.085383,37.590405,버스
2266,망우동고개,127.1083598,37.60128299,버스
2267,망우금호어울림아파트,127.108052,37.602019,버스
2268,망우동금호어울림아파트,127.1080906,37.60236274,버스
2269,경남아파트,127.1071131,37.60382609,버스
2270,서울특별시북부병원,127.107178,37.604098,버스
2271,양원역입구,127.1061947,37.60553989,버스
2272,양원역입구,127.1063013,37.60563981,버스
2273,양원리,127.106587,37.609532,버스
2274,양원리,127.106506,37.609634,버스
2275,동서울교회,127.105265,37.611755,버스
2276,동서울교회,127.1052575,37.61158521,버스
2277,중랑공영차고지,127.1020231,37.61364523,버스
2278,면목아남아파트,127.0850893,37.5903178,버스
2279,중랑소방서,127.0952203,37.61487459,버스
2280,세방아파트입구,127.08462,37.61511,버스
2281,원묵고등학교,127.0855859,37.61560103,버스
2282,먹골파출소.신안아파트입구,127.08234,37.61456,버스
2283,먹골파출소.신안아파트입구,127.08124,37.61441,버스
2284,신안2차아파트,127.078895,37.61479742,버스
2285,신안2차아파트입구,127.080063,37.614411,버스
2286,중랑소방서,127.095217,37.61468,버스
2287,송곡여고양원역,127.105802,37.605722,버스
2288,송곡여고양원역,127.1056,37.605473,버스
2289,엘림재가방문요양센터,127.103524,37.60468533,버스
2290,엘림재가방문요양센터,127.103255,37.604392,버스
2291,이화미디어고.중랑숲어린이도서관,127.1021142,37.6032313,버스
2292,이화미디어고.중랑숲어린이도서관,127.1023247,37.60311939,버스
2293,금란교회,127.10199,37.601288,버스
2294,금란교회,127.10215,37.60118,버스
2295,망우사거리,127.1001455,37.60053784,버스
2296,망우사거리,127.099922,37.600378,버스
2297,국민은행망우동지점,127.0974108,37.59992018,버스
2298,국민은행망우동지점,127.0974548,37.59976155,버스
2299,신내6단지아파트,127.091705,37.616412,버스
2300,이수아파트앞시장입구,127.083077,37.618275,버스
2301,이수아파트앞시장입구,127.082953,37.618177,버스
2302,묵동교,127.079282,37.618035,버스
2303,묵동교,127.079462,37.618,버스
2304,동양쇼핑,127.078388,37.61544,버스
2305,우리은행,127.0767891,37.61576658,버스
2306,목동교입구.로프트원오피스텔,127.0768501,37.61558452,버스
2307,한국아파트,127.073243,37.614932,버스
2308,동구햇살아파트,127.0740059,37.6134823,버스
2309,묵동롯데시네마,127.075273,37.614848,버스
2310,묵동롯데시네마,127.075498,37.615033,버스
2311,브라운캐슬,127.0753177,37.6135896,버스
2312,브라운캐슬,127.0755737,37.61361918,버스
2313,먹골역입구,127.075802,37.611463,버스
2314,먹골역입구,127.07589,37.611487,버스
2315,묵2동주민센터,127.0760355,37.60989469,버스
2316,묵2동주민센터,127.076185,37.609907,버스
2317,금보당금은방,127.076422,37.608187,버스
2318,금보당금은방,127.0766496,37.60792632,버스
2319,신묵초등학교입구,127.076707,37.606737,버스
2320,신묵초등학교,127.076797,37.60674,버스
2321,제일시장,127.076992,37.60496964,버스
2322,제일프라자,127.077127,37.604997,버스
2323,신동신약국,127.0772499,37.60353674,버스
2324,신동신약국,127.07742,37.603468,버스
2325,중화역입구대원사약국,127.0777108,37.60125308,버스
2326,중화역입구대원사입구,127.077742,37.601903,버스
2327,태릉시장입구,127.0780328,37.59947863,버스
2328,태릉프라자약국농협,127.077145,37.59834,버스
2329,태릉시장입구굴다리,127.075747,37.596675,버스
2330,우남푸르미아아파트,127.099208,37.607243,버스
2331,우남푸르미아아파트,127.0992198,37.60698499,버스
2332,신내초등학교,127.097703,37.605195,버스
2333,신내초등학교,127.097937,37.605377,버스
2334,경남아파트,127.096948,37.602835,버스
2335,대명프라자,127.0970064,37.60246338,버스
2336,건영아파트,127.096077,37.602475,버스
2337,상봉1동주민센터,127.087649,37.60043785,버스
2338,상봉1동주민센터,127.0873673,37.60066513,버스
2339,신내쌍용아파트,127.0874691,37.60153821,버스
2340,신내쌍용아파트,127.0871091,37.60226342,버스
2341,면목두산아파트2.3단지,127.0826783,37.57981406,버스
2342,망우역,127.092981,37.59862979,버스
2343,중랑공영차고지.신내역,127.1027997,37.61354475,버스
2344,서울특별시북부병원,127.108843,37.605022,버스
2345,양원역,127.107417,37.606348,버스
2346,성은교회앞,127.071965,37.597175,버스
2347,해모로아파트앞,127.111338,37.601927,버스
2348,먹골역,127.0778547,37.60893655,버스
2349,먹골역,127.0781825,37.60936435,버스
2350,중화2동체육공원,127.073695,37.60036268,버스
2351,태릉고등학교앞,127.085377,37.61843759,버스
2352,태릉고등학교.원묵초등학교,127.0874435,37.61863293,버스
2353,태릉고등학교.원묵초등학교,127.08734,37.618038,버스
2354,서울의료원후문,127.097435,37.613773,버스
2355,서울의료원후문,127.098397,37.613665,버스
2356,신내데시앙아파트후문,127.099442,37.61316,버스
2357,신내데시앙아파트후문,127.1002632,37.61307545,버스
2358,중화중학교삼거리,127.0948851,37.58644917,버스
2359,새우개마을입구,127.099763,37.614242,버스
2360,신내차량사업소입구,127.1018666,37.61267309,버스
2361,용마산빌라,127.084125,37.571309,버스
2362,신내역1번출구,127.103338,37.612477,버스
2363,능말입구,127.105677,37.613847,버스
2364,망우리역사문화공원,127.115214,37.601549,버스
2365,망우리역사문화공원,127.1153104,37.60184609,버스
2366,신내SKV1센터,127.113272,37.614464,버스
2367,능말입구,127.105478,37.613782,버스
2368,중랑경찰서후문,127.1048419,37.61968904,버스
2369,당너머,127.107552,37.612948,버스
2370,당너머,127.1079642,37.61283071,버스
2371,신내데시앙포레아파트220동앞,127.112802,37.615403,버스
2372,신내데시앙포레아파트220동앞,127.1127216,37.61580441,버스
2373,신내데시앙포레아파트정문앞,127.110883,37.61649908,버스
2374,새솔초등학교입구,127.109803,37.6172677,버스
2375,새솔초등학교,127.108382,37.617433,버스
2376,중랑경찰서정문.우디안101동앞,127.1054963,37.61782141,버스
2377,중랑경찰서정문.우디안101동앞,127.105355,37.61769,버스
2378,신내우디안아파트107동앞,127.1054535,37.6156282,버스
2379,신내우디안아파트107동앞,127.105899,37.615298,버스
2380,신내10단지아파트,127.095293,37.610387,버스
2381,중랑공영차고지삼거리,127.104668,37.612974,버스
2382,우디안아파트114동앞,127.107416,37.618859,버스
2383,우디안아파트114동앞,127.10715,37.619084,버스
2384,늘푸른근린공원,127.0796406,37.58310843,버스
2385,늘푸른근린공원,127.079919,37.583045,버스
2386,브라운캐슬B동,127.074999,37.613647,버스
2387,진로아파트앞.종점,127.1019812,37.58764536,버스
2388,중화동종점,127.0825318,37.60006038,버스
2389,진주빌라.바다약국,127.100031,37.58827,버스
2390,정신교회,127.0813967,37.59979444,버스
2391,마을금고,127.0804464,37.59967885,버스
2392,공판장,127.0991229,37.58862902,버스
2393,수협,127.0793874,37.59955342,버스
2394,새마을금고,127.097652,37.589166,버스
2395,태릉시장,127.0782426,37.59977225,버스
2396,서일대정문,127.09608,37.588306,버스
2397,서울동부새마을금고본점,127.0944316,37.58779305,버스
2398,서일대정문,127.096119,37.587816,버스
2399,면목역,127.0869543,37.58831332,버스
2400,중랑초교정문.면목2동치안센터,127.076024,37.5896743,버스
2401,한신아파트상가,127.0765526,37.58842145,버스
2402,IBK기업은행면목동지점,127.0850097,37.58765506,버스
2403,한신아파트후문,127.0765028,37.58735639,버스
2404,마을금고,127.0803975,37.59950498,버스
2405,정신교회,127.0816027,37.59965553,버스
2406,중화동종점,127.0826438,37.59993325,버스
2407,지하철7호선면목역,127.0883234,37.588388,버스
2408,면목지구대,127.0941044,37.58781584,버스
2409,새마을금고,127.0973219,37.58909458,버스
2410,공판장,127.0990423,37.58849032,버스
2411,진주빌라.바다약국,127.0999211,37.5881373,버스
2412,진로아파트앞.종점,127.101985,37.587547,버스
2413,수협,127.0794314,37.59938308,버스
2414,중랑공영차고지.신내역,127.103628,37.613209,버스
2415,중랑공영차고지.종점,127.1044676,37.61338394,버스
2416,사가정역,127.0870023,37.58073582,버스
2417,망우역,127.092596,37.59866073,버스
2418,길음2동주민센터,127.0282093,37.60690619,버스
2419,길음2동주민센터,127.02747,37.60611,버스
2420,길음뉴타운,127.0242689,37.60375024,버스
2421,길음뉴타운,127.023443,37.603112,버스
2422,미아리고개.미아리예술극장,127.0217091,37.5988113,버스
2423,미아리고개.미아리예술극장,127.0218209,37.597921,버스
2424,돈암사거리.성신여대입구,127.0181314,37.59374328,버스
2425,돈암사거리.성신여대입구,127.017684,37.593251,버스
2426,삼선교.한성대학교,127.0093351,37.58996484,버스
2427,삼선교.한성대학교.조소앙활동터,127.0082049,37.5893633,버스
2428,숭곡초교입구,127.03204,37.609848,버스
2429,창문여고,127.03582,37.61185059,버스
2430,동방고개,127.038267,37.613712,버스
2431,장위동그린빌아파트,127.0431131,37.61785258,버스
2432,북서울꿈의숲,127.0453451,37.62031711,버스
2433,장월초등학교,127.0487106,37.62346595,버스
2434,국민대앞,126.9940273,37.61067955,버스
2435,국민대앞,126.994079,37.61109,버스
2436,국민대학교앞,126.994644,37.610809,버스
2437,청덕초등학교,126.999112,37.608787,버스
2438,청덕초교,126.998859,37.609034,버스
2439,북악중학교,127.002908,37.607386,버스
2440,고려대사범대학부속고등학교,127.002378,37.607888,버스
2441,봉국사,127.008008,37.60571,버스
2442,봉국사,127.007657,37.606138,버스
2443,정릉2동주민센터,127.011258,37.604593,버스
2444,정릉2동주민센터,127.0112,37.604978,버스
2445,숭덕초교,127.0146827,37.60335836,버스
2446,숭덕초교,127.0151143,37.60369802,버스
2447,정릉길음시장,127.019326,37.602215,버스
2448,정릉길음시장.길음뉴타운9단지,127.019578,37.602522,버스
2449,돈암동삼성아파트입구,127.0245753,37.60187443,버스
2450,길음역,127.023771,37.602042,버스
2451,돈암1동주민센터,127.026423,37.603672,버스
2452,돈암1동주민센터,127.026568,37.604513,버스
2453,종암사거리,127.031172,37.603607,버스
2454,KT월곡지사,127.034373,37.602447,버스
2455,KT월곡지사,127.034699,37.603029,버스
2456,종암SK아파트,127.037613,37.602052,버스
2457,성북구보건소,127.039162,37.602583,버스
2458,월곡역,127.041452,37.60163,버스
2459,월곡역,127.042348,37.603073,버스
2460,동덕여대앞,127.0428339,37.60300278,버스
2461,한국과학기술연구원입구,127.047274,37.605587,버스
2462,상월곡역,127.046447,37.605489,버스
2463,월곡중학교,127.049787,37.606895,버스
2464,월곡중학교,127.049235,37.606968,버스
2465,새석관시장,127.053096,37.608644,버스
2466,새석관시장,127.052105,37.608448,버스
2467,돌곶이역,127.058482,37.611453,버스
2468,돌곶이역,127.0562085,37.61058612,버스
2469,장위동동원베네스트.온누리병원,127.058969,37.612043,버스
2470,석관동주민센터,127.061917,37.613393,버스
2471,석관동주민센터,127.061432,37.61344,버스
2472,석계역굴다리앞,127.0657966,37.61433148,버스
2473,석계역,127.067112,37.615104,버스
2474,성가복지병원,127.0311379,37.60588272,버스
2475,성가복지병원,127.03153,37.605922,버스
2476,종암사거리입구,127.0330444,37.60143263,버스
2477,종암사거리입구,127.033673,37.601095,버스
2478,종암동주민센터,127.0341075,37.59941526,버스
2479,종암동주민센터,127.034953,37.598373,버스
2480,숭례초교,127.0356812,37.59480527,버스
2481,숭례초등학교,127.0361702,37.59439692,버스
2482,고대앞,127.0348108,37.58856369,버스
2483,우신향병원,127.0316105,37.58513594,버스
2484,안암오거리,127.029065,37.582482,버스
2485,대광초교,127.0250277,37.57970665,버스
2486,정릉북한산국립공원입구,126.999296,37.617721,버스
2487,정릉산장아파트,127.003343,37.616712,버스
2488,정릉대우아파트,127.00386,37.616708,버스
2489,정릉4동주민센터.경국사,127.006345,37.613529,버스
2490,정릉4동주민센터.경국사,127.006681,37.613335,버스
2491,성북청수도서관.정릉4동성당,127.0084194,37.61156967,버스
2492,성북청수도서관.정릉4동성당,127.009045,37.610876,버스
2493,정릉시장입구,127.0098213,37.60846533,버스
2494,정릉시장입구,127.0101519,37.60803278,버스
2495,정릉우체국앞,127.0114121,37.6051645,버스
2496,정릉우체국앞,127.011524,37.605393,버스
2497,미아초교,127.022039,37.61153187,버스
2498,미아초교,127.0224658,37.61088662,버스
2499,길음동동부아파트,127.023531,37.607288,버스
2500,길음동동부아파트,127.023455,37.608022,버스
2501,삼선동주민센터,127.0143473,37.59061071,버스
2502,삼선동주민센터,127.0147154,37.59069177,버스
2503,성북구청.성북경찰서,127.017432,37.588152,버스
2504,성북구청.성북경찰서,127.0172299,37.58860541,버스
2505,보문역,127.0189209,37.58585142,버스
2506,보문역,127.01977,37.584875,버스
2507,보문동성당,127.0207962,37.58239632,버스
2508,보문동성당,127.0211155,37.58239897,버스
2509,보문동주민센터,127.0218635,37.5804515,버스
2510,보문동주민센터,127.022377,37.580047,버스
2511,월계2교.참누리아파트,127.0503746,37.62321836,버스
2512,월계2교,127.050133,37.623825,버스
2513,광운초교앞,127.052958,37.619952,버스
2514,광운초교,127.053112,37.620285,버스
2515,장위3동주민센터,127.056887,37.616488,버스
2516,장위3동주민센터,127.0570264,37.61661532,버스
2517,장삼주유소,127.0592242,37.6141178,버스
2518,장삼주유소,127.0597361,37.61397337,버스
2519,장위사거리,127.061832,37.61159,버스
2520,장위사거리,127.0618299,37.61192533,버스
2521,석관중고등학교앞,127.0640252,37.60926115,버스
2522,석관고등학교,127.0643618,37.60943547,버스
2523,석관동코오롱아파트,127.0661262,37.60658528,버스
2524,석관동코오롱아파트,127.0663652,37.60669897,버스
2525,북서울꿈의숲,127.045103,37.619247,버스
2526,북서울꿈의숲,127.045647,37.619118,버스
2527,장곡초교앞,127.047712,37.617652,버스
2528,장곡초교앞,127.0479422,37.61770654,버스
2529,하나은행장위동지점,127.050021,37.61621078,버스
2530,하나은행장위동지점,127.050048,37.61643,버스
2531,장위동원천주유소,127.052571,37.614699,버스
2532,장위동원천주유소,127.0529741,37.61463079,버스
2533,장위2동주민센터,127.0555323,37.61209215,버스
2534,돌곶이역,127.0575579,37.61020459,버스
2535,돌곶이역,127.056203,37.611744,버스
2536,석관시장,127.0590704,37.60868974,버스
2537,석관시장,127.059062,37.609002,버스
2538,석관동새마을금고,127.0604,37.607457,버스
2539,석관동새마을금고,127.0609376,37.60727176,버스
2540,한국예술종합학교,127.0618293,37.60564716,버스
2541,한국예술종합학교,127.062017,37.605762,버스
2542,돈암힐스테이트.코오롱하늘채,127.0142965,37.59843701,버스
2543,꿈의숲아이파크아파트,127.051383,37.618015,버스
2544,꿈의숲아이파크아파트,127.051061,37.617995,버스
2545,장곡초교사거리,127.050007,37.617145,버스
2546,장곡초교사거리,127.049918,37.617257,버스
2547,서울다원학교.한용운활동터,126.991816,37.594506,버스
2548,동방문화대학원대학교,126.993163,37.594498,버스
2549,동방문화대학원대학교,126.993402,37.594733,버스
2550,성북구립미술관.쌍다리앞,126.9958338,37.59359412,버스
2551,성북구립미술관.쌍다리앞,126.9959436,37.5937446,버스
2552,성북초교.성북선잠박물관,126.998772,37.593069,버스
2553,성북초교.성북선잠박물관,126.9978246,37.59307695,버스
2554,홍익대부속중고등학교입구,127.0006477,37.59321753,버스
2555,홍익대부속중고등학교입구,127.001531,37.59327249,버스
2556,경신중고입구,127.0028344,37.59178657,버스
2557,경신중고입구,127.002668,37.592406,버스
2558,성북동주민센터.동구마케팅고,127.0036474,37.59074669,버스
2559,성북동주민센터.동구마케팅고,127.003877,37.590938,버스
2560,삼선교.성북문화원,127.0051299,37.58920075,버스
2561,삼선교.성북문화원,127.005614,37.589091,버스
2562,서울다원학교.한용운활동터,126.991655,37.594738,버스
2563,장위래미안아파트,127.052473,37.618894,버스
2564,신종월교,127.041248,37.59731,버스
2565,창문여고,127.035696,37.611781,버스
2566,장위래미안아파트,127.05266,37.618853,버스
2567,남대문중학교,127.0546975,37.61805562,버스
2568,남대문중학교,127.0553788,37.61776668,버스
2569,길음시장,127.023597,37.603094,버스
2570,길음시장,127.0230921,37.60314977,버스
2571,길음역,127.025955,37.604682,버스
2572,길음역,127.0259217,37.60508777,버스
2573,미아사거리,127.0300444,37.61016767,버스
2574,서경로꿈마루도서관앞,127.0133874,37.61150524,버스
2575,길원초등학교입구,127.0143749,37.61043824,버스
2576,길원초등학교입구,127.014672,37.610337,버스
2577,길음뉴타운11단지롯데캐슬,127.015362,37.608835,버스
2578,길음뉴타운11단지롯데캐슬,127.015477,37.608783,버스
2579,정릉동아.길음뉴타운데시앙아파트,127.0149529,37.60629227,버스
2580,길음뉴타운데시앙.정릉동아아파트,127.015123,37.60641,버스
2581,숭덕초교,127.0145783,37.6038077,버스
2582,성북생태체험관,127.006498,37.620221,버스
2583,정릉초교,127.00634,37.619058,버스
2584,정릉동풍림상가앞,127.0077086,37.6167005,버스
2585,정릉동풍림상가앞,127.008189,37.616763,버스
2586,정릉동풍림아파트.청소년문화의집,127.008677,37.616477,버스
2587,정릉입구.정릉역,127.0135091,37.60242575,버스
2588,정릉입구.정릉역,127.013502,37.602875,버스
2589,아리랑고개.아리랑시네미디어센터,127.0137784,37.60063178,버스
2590,아리랑고개.아리랑시네미디어센터,127.013738,37.600468,버스
2591,돈암2동주민센터입구.흥천사,127.015117,37.596722,버스
2592,돈암2동주민센터입구.흥천사,127.015603,37.596197,버스
2593,성신여대입구역,127.016139,37.59374,버스
2594,성신여대입구역,127.016419,37.593748,버스
2595,한국과학기술연구원입구,127.044818,37.603913,버스
2596,대농빌라앞,127.043213,37.601615,버스
2597,월곡샹그레빌아파트,127.0408149,37.59547762,버스
2598,월곡샹그레빌아파트,127.040878,37.5954,버스
2599,장위동고개,127.0406506,37.6142455,버스
2600,장위동고개,127.040918,37.61438,버스
2601,장위1동주민센터,127.0427869,37.61386179,버스
2602,장위1동주민센터,127.043464,37.613973,버스
2603,장위1동치안센터,127.045172,37.613833,버스
2604,장위1동치안센터,127.046111,37.613943,버스
2605,청소년문화누림센터,127.048435,37.613592,버스
2606,청소년문화누림센터,127.0487689,37.6138829,버스
2607,월곡1동주민센터,127.035227,37.61083,버스
2608,월곡1동주민센터,127.035622,37.61033,버스
2609,밤나무골시장,127.0356802,37.60945334,버스
2610,월곡삼성래미안아파트,127.035937,37.609399,버스
2611,월곡동두산아파트,127.0365918,37.60661914,버스
2612,월곡동두산아파트,127.036703,37.606802,버스
2613,생명의전화,127.037215,37.604518,버스
2614,생명의전화,127.037535,37.604178,버스
2615,장곡초교,127.0485302,37.61620243,버스
2616,장곡초교,127.0487985,37.61611957,버스
2617,보문역,127.0202536,37.58546373,버스
2618,보문역,127.0200804,37.58565118,버스
2619,안암동주민센터,127.0219386,37.58604643,버스
2620,안암동주민센터,127.022369,37.58626802,버스
2621,고려대이공대.고대병원,127.025987,37.586177,버스
2622,고려대이공대.고대병원,127.02588,37.586431,버스
2623,안암역,127.0305239,37.58622925,버스
2624,안암전철역,127.030276,37.58636448,버스
2625,안암오거리,127.0295931,37.58329644,버스
2626,개운사입구,127.0294582,37.58583034,버스
2627,돈암시장입구,127.016715,37.591444,버스
2628,돈암시장입구,127.016772,37.591715,버스
2629,성북구청,127.01817,37.589376,버스
2630,성북구청,127.0175711,37.58993356,버스
2631,보문2교,127.019434,37.589125,버스
2632,보문2교,127.019146,37.58904935,버스
2633,성신여대후문,127.022099,37.589053,버스
2634,성신여대후문,127.022108,37.589132,버스
2635,용문중고교,127.0229775,37.58769433,버스
2636,용문중고교,127.0231483,37.58735639,버스
2637,안암초교,127.0233962,37.58692021,버스
2638,안암초교,127.023433,37.587107,버스
2639,돈암초교입구,127.012142,37.591078,버스
2640,정릉3동주민센터앞,127.00441,37.608447,버스
2641,정릉3동주민센터앞,127.004703,37.608522,버스
2642,삼덕단지.성북구최만린미술관,127.0050597,37.61038674,버스
2643,삼덕단지.성북구최만린미술관,127.005238,37.610417,버스
2644,솔샘사거리,127.006957,37.612776,버스
2645,솔샘사거리,127.006943,37.612605,버스
2646,보문역3번출구,127.019202,37.585933,버스
2647,성북우체국현대백화점,127.0293808,37.6078214,버스
2648,정릉동풍림아파트,127.008891,37.616485,버스
2649,현대백화점,127.029292,37.608328,버스
2650,돈암동일신건영휴먼빌아파트,127.013386,37.601461,버스
2651,석계역,127.0654245,37.61371625,버스
2652,석계역,127.065462,37.613598,버스
2653,월곡2SH빌아파트,127.042217,37.597512,버스
2654,석관고등학교후문,127.0665,37.610699,버스
2655,길음역,127.024315,37.60221,버스
2656,청소년문화의집.정릉e편한세상,127.0089069,37.6151911,버스
2657,상진운수종점,127.065254,37.611201,버스
2658,상진운수종점,127.065628,37.611267,버스
2659,대진여객차고지,127.000797,37.617689,버스
2660,정릉북한산국립공원입구,126.999331,37.617839,버스
2661,풍림아파트삼거리,127.007432,37.617339,버스
2662,성북생태체험관,127.006495,37.620153,버스
2663,정릉초교,127.006424,37.618938,버스
2664,파크빌라앞,127.005912,37.598225,버스
2665,골드하우스,127.004559,37.598485,버스
2666,월곡중학교,127.0478487,37.60623486,버스
2667,508단지삼거리,127.0055357,37.59933309,버스
2668,산장빌라,127.0072873,37.59925268,버스
2669,산장빌라,127.0073998,37.59877612,버스
2670,성북참노인전문병원,127.0056794,37.59763003,버스
2671,교수단지,127.009284,37.599665,버스
2672,우방아파트,127.0094555,37.6002114,버스
2673,일신건영아파트.꿈에그린아파트,127.012109,37.60149142,버스
2674,일신건영아파트.꿈에그린아파트,127.012227,37.60145104,버스
2675,돈암힐스테이트.코오롱하늘채,127.014404,37.598831,버스
2676,돈암동일신건영휴먼빌아파트,127.013626,37.601643,버스
2677,구민회관입구,127.0064557,37.59670335,버스
2678,508단지입구,127.0063862,37.59917446,버스
2679,스카이힐스,127.0036633,37.59948326,버스
2680,508단지삼거리,127.0056343,37.59922586,버스
2681,대일외고서경대정문,127.013145,37.612945,버스
2682,서경대본관,127.011423,37.61546,버스
2683,서경대본관,127.011687,37.615626,버스
2684,길음뉴타운8단지,127.015877,37.60757,버스
2685,길음뉴타운8단지,127.015704,37.60740681,버스
2686,서경로꿈마루도서관앞,127.013476,37.611633,버스
2687,국민커뮤니티센터,127.0044097,37.61228265,버스
2688,정릉연립,127.004373,37.612212,버스
2689,국민대후문,126.999453,37.611197,버스
2690,국민대후문,126.999865,37.611173,버스
2691,고려대사범대학부속고등학교.후문,126.999294,37.609505,버스
2692,고려대사범대학부속고등학교.후문,126.9995107,37.60946143,버스
2693,월곡래미안루나밸리,127.041163,37.599653,버스
2694,길음뉴타운10단지.라온유아파트,127.0181336,37.60298754,버스
2695,숭곡초교후문,127.0328338,37.60927755,버스
2696,월곡아남아파트,127.0345111,37.6064774,버스
2697,월곡동신아파트,127.0360245,37.6045306,버스
2698,돌곶이역8번출구,127.056327,37.610303,버스
2699,한성대입구역,127.0047237,37.58936299,버스
2700,장위동입구,127.0390305,37.61373132,버스
2701,북한산보국문역2번출구,127.0079858,37.6122939,버스
2702,북한산보국문역1번출구,127.0083291,37.61208355,버스
2703,일신초교.래미안라센트아파트,127.039436,37.598242,버스
2704,서울사대부설중학교,127.0383641,37.59614341,버스
2705,서울사대부설고등학교,127.037164,37.593648,버스
2706,일신휴먼빌.우정아파트,127.011252,37.60044,버스
2707,고려아파트,127.0272458,37.59856235,버스
2708,장월초교.참누리아파트,127.0484023,37.62328857,버스
2709,동방주택,127.0437264,37.61658542,버스
2710,장위중학교,127.0405011,37.61190904,버스
2711,신안APT.길음초등학교,127.0164202,37.61422433,버스
2712,정릉4동종점,127.0101775,37.61294369,버스
2713,산림초소,126.9979441,37.61391999,버스
2714,정릉2동주민센터,127.0110779,37.60460856,버스
2715,성신여대입구역3번출구,127.0164517,37.59229187,버스
2716,삼선푸르지오APT앞,127.013573,37.585159,버스
2717,한성대정문,127.0112286,37.58256252,버스
2718,한신113동앞,127.0085998,37.59434268,버스
2719,낙산삼거리,127.0105671,37.5802666,버스
2720,돈암2동주민센터,127.0109908,37.5975864,버스
2721,종암중학교,127.0348753,37.59328447,버스
2722,종암교통정보센터,127.035902,37.594027,버스
2723,고려슈퍼,127.0277679,37.59864062,버스
2724,슈퍼앞,127.0422166,37.61580872,버스
2725,월곡청소년센터,127.0404315,37.61101519,버스
2726,대우APT211동,127.016796,37.61294023,버스
2727,KEB하나은행.오렌지마트,127.0091703,37.6113038,버스
2728,중앙하이츠정문,127.010978,37.60269737,버스
2729,한양슈퍼앞,127.0111699,37.58346812,버스
2730,구민회관201동앞,127.0092873,37.59558793,버스
2731,돈암지구대.현대아파트,127.0127098,37.59697889,버스
2732,선경아파트,127.0344613,37.59437491,버스
2733,세븐마트,127.0356654,37.59254985,버스
2734,죽림정사,127.0292269,37.59953144,버스
2735,나약국,127.0413542,37.61433447,버스
2736,동아아파트,127.0474094,37.60815435,버스
2737,월곡인조잔디구장,127.0394709,37.60866188,버스
2738,대우APT정문.대림APT후문,127.0176159,37.61196514,버스
2739,넓은마당,126.9997044,37.61460573,버스
2740,중앙하이츠후문,127.009355,37.603539,버스
2741,성신여대정문앞,127.0197375,37.59076583,버스
2742,한성대입구3거리,127.010945,37.586412,버스
2743,(구)법화사,127.0110898,37.58474164,버스
2744,이수아파트.한신휴아파트입구,127.0141174,37.5966165,버스
2745,극동아파트정문,127.034369,37.5954238,버스
2746,고려대법과대학.한국어교육관입구,127.0330195,37.59135577,버스
2747,래미안세레니티,127.0293309,37.59904844,버스
2748,장위1동주민센터,127.0432921,37.61381835,버스
2749,이지마트,127.0476777,37.60978611,버스
2750,월곡1동밤골경로당,127.0403854,37.60741717,버스
2751,새생명교회,127.018246,37.611032,버스
2752,도광사,127.0014669,37.61540949,버스
2753,정수초교,127.008832,37.604372,버스
2754,성신여대평생교육원,127.020334,37.589302,버스
2755,성신여대입구역,127.0162096,37.59350747,버스
2756,극동아파트후문,127.0334882,37.59602238,버스
2757,고려대안암학사,127.0305848,37.59125821,버스
2758,통일교회,127.0297868,37.59775706,버스
2759,장위1동치안센터,127.0455235,37.613804,버스
2760,GS25장위제일점,127.0482277,37.61085547,버스
2761,초림빌라,127.041067,37.607459,버스
2762,대림상가앞,127.0199286,37.61080237,버스
2763,현대아파트앞,127.020319,37.609086,버스
2764,산장아파트,127.003503,37.616657,버스
2765,그린빌라,127.0082441,37.6038645,버스
2766,삼선시장앞,127.0088742,37.58811073,버스
2767,종암아이파크2차정문,127.0326607,37.59689216,버스
2768,고려대아이스링크,127.0278066,37.59304125,버스
2769,그린마트,127.0310202,37.59798292,버스
2770,장위천주교앞,127.0489731,37.61261138,버스
2771,동덕여대후문,127.040839,37.606657,버스
2772,대림APT정문,127.0216764,37.61111294,버스
2773,래미안821동앞,127.021798,37.606389,버스
2774,정수빌라,127.0078193,37.60343921,버스
2775,한성대입구역.성북천분수마루,127.00704,37.587917,버스
2776,삼선시장,127.0091097,37.58814495,버스
2777,동방고개,127.0383227,37.61375249,버스
2778,정덕초교입구.이수아파트,127.0143711,37.59666242,버스
2779,현대홈마트,127.0330031,37.59774179,버스
2780,성북구의회,127.0264562,37.59455809,버스
2781,종암아이파크2차후문,127.0319703,37.59780245,버스
2782,장위시장,127.0500349,37.61330871,버스
2783,두산아파트후문,127.0402906,37.60596285,버스
2784,파리바게트앞,127.0226563,37.61138848,버스
2785,길음시장입구,127.02237,37.60517,버스
2786,길음역출구,127.0243523,37.60221058,버스
2787,그린빌라,127.0082622,37.60372483,버스
2788,한신105동앞,127.00899,37.592584,버스
2789,장위동그린빌아파트,127.0430066,37.61777873,버스
2790,돈암지구대.현대아파트,127.0126589,37.59707441,버스
2791,개운중학교,127.0248944,37.59417817,버스
2792,성북노인정입구,127.0327767,37.59785269,버스
2793,어해랑앞,127.0529125,37.61397753,버스
2794,자산약국.월곡전철역입구.6호선,127.0392307,37.60434125,버스
2795,동부아파트.샘물교회앞,127.0238854,37.61183698,버스
2796,길음전철역,127.024301,37.604133,버스
2797,수녀원,127.0053135,37.61192038,버스
2798,정수초교,127.0087719,37.60418164,버스
2799,고려대이공대,127.0250423,37.58612781,버스
2800,삼선교.한성대입구역,127.0051557,37.58947881,버스
2801,한신103동앞,127.0082621,37.59220352,버스
2802,북서울꿈의숲,127.0451512,37.61994503,버스
2803,돈암신일해피트리아파트,127.0110067,37.59778824,버스
2804,통일교회,127.0297529,37.5978598,버스
2805,풍림아파트.성신초교,127.0235199,37.59519308,버스
2806,한미약국,127.0342981,37.59886958,버스
2807,세광빌라,127.0541544,37.61460863,버스
2808,래미안길음센터피스120동앞,127.0255415,37.61200784,버스
2809,중앙하이츠후문,127.009261,37.603448,버스
2810,고대병원,127.0271631,37.58611383,버스
2811,풍림106동,127.0220507,37.59761279,버스
2812,성북노인정입구,127.0328514,37.5979671,버스
2813,장위3동주민센터,127.0569016,37.61638067,버스
2814,관문약국,127.0553083,37.6156128,버스
2815,동덕여대부속유치원앞,127.045275,37.606123,버스
2816,영훈중고후문.길음래미안센터피스,127.0274933,37.61245434,버스
2817,길음시장앞,127.022741,37.60329401,버스
2818,구.정릉3동주민센터,127.0058967,37.60948832,버스
2819,중앙하이츠정문,127.0108058,37.60273072,버스
2820,한성대입구역5번출구,127.00509,37.589225,버스
2821,참누리아파트,127.0477971,37.62293379,버스
2822,고명중고교,127.0203281,37.5987114,버스
2823,종암아이파크2차후문,127.0319114,37.59790248,버스
2824,장위119안전센터,127.0581116,37.61521768,버스
2825,우리랜드사우나,127.0563241,37.61670624,버스
2826,석계역5번출구,127.065067,37.614014,버스
2827,석관두산아파트,127.067625,37.614168,버스
2828,성북레포츠타운,127.070302,37.610083,버스
2829,미아사거리전철역,127.029704,37.612328,버스
2830,길음시장입구,127.0226203,37.60480516,버스
2831,정든마을,127.007299,37.609463,버스
2832,국민은행장위동지점,127.0481921,37.61357676,버스
2833,고대사거리,127.0322869,37.58627744,버스
2834,한성대입구역2번출구,127.0067964,37.58853078,버스
2835,삼선교제1시장,127.0068903,37.58779458,버스
2836,개운초등학교,127.0288154,37.60133012,버스
2837,브라운스톤,127.01759,37.599545,버스
2838,그린마트,127.0309919,37.59809646,버스
2839,래미안610동앞,127.022283,37.60555492,버스
2840,수보약국,127.0078742,37.60868624,버스
2841,쌍다리,126.9958836,37.59342471,버스
2842,녹십자약국,127.009282,37.58963444,버스
2843,삼선교제2시장,127.0086669,37.58777915,버스
2844,종암래미안,127.029768,37.60174078,버스
2845,힐스테이트,127.0170332,37.59980236,버스
2846,현대백화점,127.0293255,37.60832062,버스
2847,래미안609동앞,127.0218416,37.60653989,버스
2848,오렌지마트,127.009364,37.61136145,버스
2849,정릉시장입구,127.0098054,37.60827069,버스
2850,용광교회,126.9948588,37.59253079,버스
2851,삼영탕앞,127.0100293,37.58881169,버스
2852,성북세무서앞,127.0101255,37.5881656,버스
2853,종암아이파크1차후문,127.0304477,37.60218394,버스
2854,우성APT정문,127.0152066,37.60060187,버스
2855,길음2동주민센터,127.0278026,37.60667921,버스
2856,래미안501동앞,127.0206925,37.6086973,버스
2857,북정마을삼거리,126.9925917,37.5925496,버스
2858,성북세무서앞,127.0104481,37.58787632,버스
2859,본교회앞,127.0116236,37.58864214,버스
2860,성북소방서,127.030928,37.602575,버스
2861,장위119안전센터,127.0588114,37.61489835,버스
2862,석계역,127.06471,37.614627,버스
2863,길음전철역,127.024158,37.60424,버스
2864,길음1동주민센터.길음중앙새마을금고앞,127.0197437,37.60992294,버스
2865,국민은행사거리,127.0482092,37.61370561,버스
2866,슈퍼앞,126.9927208,37.5931263,버스
2867,한성대입구사거리,127.0109053,37.58586144,버스
2868,고려삼계탕,127.0147163,37.58962488,버스
2869,종암아이파크1차정문,127.0303645,37.60352297,버스
2870,꿈의숲대명루첸아파트,127.048003,37.619748,버스
2871,돈암힐스테이트.코오롱하늘채,127.014262,37.598517,버스
2872,고려슈퍼,127.0276683,37.59865957,버스
2873,새생명교회,127.0183055,37.61099997,버스
2874,돈암코오롱하늘채.일신휴먼빌,127.011342,37.599603,버스
2875,서경대정문.대일외고,127.013025,37.613128,버스
2876,북정경로당,126.9909758,37.5926486,버스
2877,(구)법화사,127.010998,37.5845909,버스
2878,범양APT입구,127.0272104,37.60395266,버스
2879,선잠로3길입구,126.9972124,37.59595261,버스
2880,선잠로3길입구,126.9968838,37.59602798,버스
2881,원진프라자앞,127.032945,37.59954398,버스
2882,대우APT정문.대림APT후문앞,127.0176896,37.61229132,버스
2883,선잠단지.성락원앞,126.998925,37.594727,버스
2884,선잠단지.성락원앞,126.998918,37.594596,버스
2885,북정마을삼거리.모정앞,126.9922226,37.59236034,버스
2886,성북동성당,126.997778,37.595446,버스
2887,성북동성당,126.997653,37.595476,버스
2888,성북빌리지,126.9966105,37.59671461,버스
2889,성북빌리지,126.996591,37.596666,버스
2890,한양슈퍼앞,127.0110533,37.58358708,버스
2891,돈암초등학교,127.0123873,37.59153996,버스
2892,길음역,127.0256431,37.60444771,버스
2893,북악슈퍼,126.9949423,37.59750841,버스
2894,래미안장위퍼스트하이아파트,127.0505519,37.61950399,버스
2895,북악슈퍼,126.994835,37.597552,버스
2896,우리랜드사우나,127.056127,37.61670813,버스
2897,대우APT211동앞,127.0168878,37.61306277,버스
2898,용광교회,126.9947886,37.59244068,버스
2899,길상사,126.9938902,37.59831844,버스
2900,수협동소문동지점,127.0102798,37.59043362,버스
2901,길상사,126.993605,37.598455,버스
2902,정릉꿈에그린아파트,127.0115042,37.60157044,버스
2903,종암사거리입구,127.03341,37.600991,버스
2904,정릉꿈에그린아파트,127.0112628,37.60157044,버스
2905,아리랑시장,127.0114967,37.60241978,버스
2906,아리랑시장,127.011371,37.602268,버스
2907,중앙하이츠빌아파트,127.010793,37.602557,버스
2908,세계문화유산정릉,127.009674,37.601537,버스
2909,정릉꿈에그린1단지,127.010935,37.60216863,버스
2910,일신휴먼빌.우정아파트,127.011293,37.600083,버스
2911,돈암코오롱하늘채아파트,127.011319,37.598883,버스
2912,돈암코오롱하늘채아파트,127.01137,37.598794,버스
2913,힐스테이트입구,127.0280771,37.60647833,버스
2914,한국가구박물관입구,126.992609,37.599294,버스
2915,우리옛돌박물관.정법사,126.990568,37.600969,버스
2916,한국가구박물관입구,126.992192,37.599778,버스
2917,북서울꿈의숲,127.045299,37.620359,버스
2918,관문약국,127.0552994,37.6158597,버스
2919,쌍다리,126.9959969,37.59338237,버스
2920,삼선교,127.00719,37.589082,버스
2921,현대백화점별관주차장,127.0291417,37.60753672,버스
2922,세광빌라,127.0544843,37.61490944,버스
2923,간대어린이공원,127.051184,37.618638,버스
2924,돌곶이역2번출구,127.0561143,37.61153596,버스
2925,성가복지병원앞,127.0311141,37.60593949,버스
2926,꿈의숲코오롱하늘채아파트,127.045616,37.619142,버스
2927,어해랑앞,127.052652,37.614046,버스
2928,고대병원,127.0262695,37.58637983,버스
2929,한신103동앞,127.0082088,37.59202331,버스
2930,성북소방서,127.0315251,37.6028,버스
2931,장위시장,127.0505764,37.6134406,버스
2932,생명의전화로터리,127.0378091,37.6038353,버스
2933,정릉시장입구.정릉약국,127.0097442,37.60837072,버스
2934,꿈의숲동문앞,127.045828,37.620922,버스
2935,꿈의숲대명루첸아파트,127.046968,37.619379,버스
2936,종암아이파크1차후문,127.0302915,37.6022065,버스
2937,돈암힐스테이트.코오롱하늘채,127.014367,37.59879169,버스
2938,자산약국.월곡전철역입구.6호선,127.0393383,37.60417271,버스
2939,수보약국,127.0080441,37.60870425,버스
2940,종암래미안,127.0298304,37.6018588,버스
2941,장위천주교앞,127.0487838,37.6123943,버스
2942,월곡시장.동덕여대오거리,127.0427145,37.60412738,버스
2943,정든마을,127.0073695,37.60961673,버스
2944,개운초등학교,127.0284325,37.60120225,버스
2945,우성APT정문,127.0152062,37.60045094,버스
2946,나약국,127.0414528,37.61429479,버스
2947,GS25장위제일점,127.0481667,37.61105374,버스
2948,월곡로데오거리,127.0438729,37.60489939,버스
2949,대동슈퍼,127.0058855,37.61117786,버스
2950,한진206동앞,127.0107233,37.5954941,버스
2951,죽림정사앞,127.0291749,37.5996513,버스
2952,쌍용APT,127.0164194,37.60002772,버스
2953,슈퍼앞,127.042313,37.615649,버스
2954,이지마트,127.0476291,37.60998707,버스
2955,동아아파트정문앞,127.0461343,37.60688703,버스
2956,수녀원입구,127.005548,37.61189514,버스
2957,성신여대평생교육원,127.020258,37.58934382,버스
2958,명신초.삼선푸르지오.힐스테이트,127.0145993,37.58225939,버스
2959,브라운스톤,127.0176786,37.59929765,버스
2960,동아아파트,127.0472756,37.60803185,버스
2961,월곡중학교입구,127.0471292,37.60759128,버스
2962,돈암시장,127.0134834,37.59130195,버스
2963,창신쌍용2단지.한성대후문,127.0127355,37.58139636,버스
2964,고명중고교,127.0202967,37.59846102,버스
2965,상월곡역,127.0478038,37.60686383,버스
2966,월곡초교,127.0461799,37.60912891,버스
2967,산장아파트,127.0034686,37.61660879,버스
2968,성북구청.경동고입구,127.0175977,37.58780158,버스
2969,한신301동앞,127.0089861,37.59621511,버스
2970,낙산삼거리,127.0103599,37.58028014,버스
2971,풍림아파트,127.022079,37.59743346,버스
2972,월곡중학교,127.048839,37.606796,버스
2973,월곡초등학교후문,127.0454756,37.61137919,버스
2974,도광사,127.0013582,37.61543202,버스
2975,경동고앞,127.0149049,37.58704143,버스
2976,구민회관201동앞,127.0091967,37.59552847,버스
2977,현대홈마트,127.0328695,37.59777427,버스
2978,풍림아파트.성신초교,127.0230545,37.59526977,버스
2979,누구나교회,127.044896,37.61190835,버스
2980,넓은마당,126.9997383,37.61468593,버스
2981,삼선노인정,127.0138721,37.58637475,버스
2982,한신113동앞,127.0085262,37.59446343,버스
2983,종암아이파크2차정문,127.0325169,37.5969733,버스
2984,개운중학교,127.0250869,37.59404657,버스
2985,태광빌라,127.0439311,37.61220878,버스
2986,삼선초교,127.013358,37.585164,버스
2987,동구고등학교후문,127.008419,37.593705,버스
2988,극동아파트후문,127.033333,37.59601611,버스
2989,성북구의회,127.0261062,37.59448608,버스
2990,장위1동노인정,127.043045,37.61161439,버스
2991,고려대역.숭례초교,127.0360345,37.59489256,버스
2992,극동아파트정문,127.034267,37.59541933,버스
2993,고려대아이스링크,127.0278066,37.5929133,버스
2994,하트마트편의점,127.0414141,37.61203037,버스
2995,선경아파트,127.0343481,37.59436413,버스
2996,고려대안암학사,127.030334,37.591162,버스
2997,종암중학교,127.0347677,37.59323044,버스
2998,고려대법과대학.한국어교육관입구,127.0331735,37.59128274,버스
2999,종암로한진택배,127.0356891,37.59242909,버스
3000,성북세무서앞,127.010533,37.588102,버스
3001,꿈의숲대명루첸아파트,127.0456216,37.62081958,버스
3002,래미안세레니티,127.0294148,37.59905652,버스
3003,양광교회.죽림정사앞,127.029364,37.59957016,버스
3004,석관동주민센터,127.0613211,37.61298587,버스
3005,한신105동앞,127.0090684,37.59255399,버스
3006,한신108동앞,127.0094569,37.59353344,버스
3007,스카이프라자앞.111동앞,127.0104117,37.59451104,버스
3008,한진207동앞,127.0106667,37.59631409,버스
3009,한진202동앞,127.009801,37.596549,버스
3010,한진204동앞,127.009958,37.596461,버스
3011,한진207동앞,127.010583,37.596345,버스
3012,스카이프라자앞.111동,127.010379,37.594611,버스
3013,한신108동앞,127.009698,37.593948,버스
3014,삼선동주민센터,127.0142591,37.59100901,버스
3015,수유3동우체국,127.029165,37.641345,버스
3016,수유3동우체국,127.02883,37.640892,버스
3017,수유역,127.023995,37.63653249,버스
3018,수유역.강북구청,127.025327,37.637582,버스
3019,수유시장.성신여대미아캠퍼스앞,127.024172,37.63122621,버스
3020,수유시장.성신여대미아캠퍼스앞,127.0246442,37.63034517,버스
3021,미아역.신일중고,127.0266493,37.62486968,버스
3022,미아역.신일중고,127.0270667,37.62430924,버스
3023,도봉세무서.성북시장,127.0287194,37.61971409,버스
3024,도봉세무서.성북시장,127.0292481,37.61883721,버스
3025,미아사거리역,127.0299325,37.61376212,버스
3026,미아사거리역,127.0302131,37.61289431,버스
3027,수유(강북구청)역,127.025873,37.63829,버스
3028,우이동도선사입구.북한산우이역,127.012719,37.662647,버스
3029,우이동성원아파트,127.013424,37.660809,버스
3030,우이동성원아파트,127.013357,37.662045,버스
3031,진성빌라사거리,127.013785,37.659077,버스
3032,서라벌중학교.우이동대우아파트,127.012933,37.6551,버스
3033,덕성여대솔밭근린공원,127.0126092,37.65138093,버스
3034,4.19민주묘지역,127.0137115,37.64911099,버스
3035,4.19민주묘지역,127.014019,37.649113,버스
3036,국립4.19민주묘지입구사거리,127.013448,37.648147,버스
3037,국립4.19민주묘지입구사거리,127.013467,37.647984,버스
3038,국립419묘지삼거리.윤극영가옥,127.010438,37.64653,버스
3039,국립419묘지삼거리.윤극영가옥,127.0106932,37.64632246,버스
3040,인수동백운교회입구,127.0106566,37.64458788,버스
3041,인수동백운교회입구,127.0109422,37.64430942,버스
3042,인수중학교.극동아파트,127.0108286,37.64250367,버스
3043,인수중학교.극동아파트,127.0110529,37.64231082,버스
3044,서울영어마을수유캠프국립재활원입구,127.011902,37.640048,버스
3045,서울영어마을수유캠프국립재활원입구,127.01185,37.64031,버스
3046,인수동장미원,127.0155272,37.64503338,버스
3047,인수동장미원,127.0159997,37.64459989,버스
3048,가오리역,127.0165778,37.64189779,버스
3049,가오리역,127.0168114,37.64168058,버스
3050,북부성모의원,127.01746,37.646853,버스
3051,북부성모병원,127.0170949,37.64675783,버스
3052,수유2동주민센터우이시장,127.0194289,37.64508867,버스
3053,수유2동주민센터우이시장,127.020202,37.644893,버스
3054,광산사거리,127.021765,37.643365,버스
3055,광산사거리,127.021913,37.643647,버스
3056,우이초등학교후문,127.0136268,37.63839715,버스
3057,우이초등학교후문,127.0138285,37.63842866,버스
3058,인수동청수탕입구,127.012868,37.637168,버스
3059,인수동청수탕입구,127.0130724,37.63651846,버스
3060,우이초등학교,127.0171141,37.63650893,버스
3061,우이초등학교,127.017357,37.63681,버스
3062,화계사입구.한신대학교대학원,127.013957,37.633975,버스
3063,화계사입구.한신대학교대학원,127.0139522,37.6337259,버스
3064,수유동삼양탕앞,127.015551,37.63408,버스
3065,수유동삼양탕앞,127.0149108,37.6338204,버스
3066,화계사입구사거리,127.0168991,37.63428662,버스
3067,화계사입구사거리,127.0168721,37.63399314,버스
3068,강북노인종합복지관,127.0189956,37.63443345,버스
3069,강북노인종합복지관,127.01914,37.634218,버스
3070,신일병원,127.022267,37.634723,버스
3071,신일병원,127.0212163,37.63438712,버스
3072,강북구청,127.02602,37.640412,버스
3073,강북구청,127.026213,37.640615,버스
3074,강북경찰서입구,127.0286868,37.63514335,버스
3075,강북경찰서입구,127.029118,37.634985,버스
3076,북부시장입구,127.031872,37.635428,버스
3077,북부시장입구,127.0322809,37.63516855,버스
3078,번동사거리,127.03503,37.636125,버스
3079,번동사거리,127.03451,37.635633,버스
3080,북부수도사업소,127.0361604,37.63423504,버스
3081,북부수도사업소,127.0352743,37.63495684,버스
3082,수유보건지소,127.0174697,37.63334035,버스
3083,수유보건지소,127.0177048,37.63325388,버스
3084,빨래골입구.수유1동주민센터,127.0177651,37.62985885,버스
3085,빨래골입구.서울수유초등학교,127.017982,37.630007,버스
3086,롯데마트삼양점.래미안1차아파트,127.018224,37.62529479,버스
3087,롯데마트삼양점.래미안1차아파트,127.01844,37.62547,버스
3088,삼양초등학교,127.018997,37.623249,버스
3089,삼양초등학교,127.019088,37.623407,버스
3090,강북청소년문화정보도서관입구,127.020175,37.621833,버스
3091,강북청소년문화정보도서관입구,127.0205867,37.62151722,버스
3092,삼양동사거리,127.021308,37.6180883,버스
3093,삼양동사거리,127.0214576,37.61853341,버스
3094,송천초등학교.미아뉴타운입구,127.0221104,37.61545969,버스
3095,송천초등학교.미아뉴타운입구,127.0223139,37.61409631,버스
3096,삼양동사거리,127.022342,37.619154,버스
3097,삼양동사거리,127.021773,37.619143,버스
3098,성암국제무역고등학교,127.024985,37.618327,버스
3099,성암국제무역고등학교,127.0255231,37.61794239,버스
3100,삼양동사거리입구,127.02838,37.61729,버스
3101,삼양동사거리입구,127.028487,37.61706,버스
3102,강북보건소,127.039033,37.632253,버스
3103,신창교,127.0385729,37.6332852,버스
3104,강북보건소,127.039233,37.632478,버스
3105,번동주공4단지,127.0399848,37.63137804,버스
3106,초안교,127.04109,37.63111,버스
3107,번동주공3단지,127.0434629,37.62901958,버스
3108,번동주공3단지,127.044375,37.628652,버스
3109,번동주공1단지,127.0481296,37.62550715,버스
3110,번동주공1단지,127.047227,37.627015,버스
3111,오현초등학교,127.0479844,37.62341309,버스
3112,북서울꿈의숲,127.0442547,37.61917134,버스
3113,송중동한일유엔아이,127.0379534,37.61374991,버스
3114,창문여고앞,127.0354112,37.61199777,버스
3115,숭곡초등학교입구,127.031828,37.610022,버스
3116,강북청소년수련관,127.006839,37.645667,버스
3117,강북청소년수련관,127.006806,37.645786,버스
3118,국립4.19민주묘지,127.009145,37.646899,버스
3119,국립4.19민주묘지,127.008957,37.64695,버스
3120,강북중학교,127.0235481,37.64484192,버스
3121,한성운수차고지,127.036702,37.634382,버스
3122,광산사거리,127.0229921,37.64252355,버스
3123,광산사거리,127.0231024,37.64384451,버스
3124,수유중앙시장,127.0227228,37.64036011,버스
3125,대한병원,127.0231693,37.63673375,버스
3126,삼성화재강북지점,127.0248073,37.63551007,버스
3127,강북구청사거리,127.0283154,37.63882255,버스
3128,강북구청사거리,127.0285954,37.63896035,버스
3129,수송초등학교,127.0313717,37.63678353,버스
3130,수송초등학교,127.0316539,37.63696007,버스
3131,수유중학교혜화여고,127.013588,37.63211,버스
3132,혜화여고,127.013792,37.631977,버스
3133,서울정인학교,127.013002,37.62921339,버스
3134,우광타운,127.013128,37.629297,버스
3135,구세군강북종합사회복지관입구,127.012386,37.62477382,버스
3136,구세군강북종합사회복지관입구,127.012504,37.62492,버스
3137,솔샘중고등학교.팔팔·미송경로당,127.013138,37.623368,버스
3138,솔샘중고등학교.팔팔·미송경로당,127.013027,37.62326083,버스
3139,동북프라자,127.018418,37.619885,버스
3140,동북시장,127.018796,37.619995,버스
3141,두산위브아파트입구,127.016258,37.620027,버스
3142,두산위브아파트입구,127.016195,37.6201499,버스
3143,삼각산동SK아파트북한산시티미양초등학교,127.013398,37.620197,버스
3144,삼양동벽산라이브파크미양초등학교,127.012611,37.620308,버스
3145,SK아파트.벽산아파트상가,127.0111969,37.61973237,버스
3146,SK아파트.벽산아파트상가,127.0113419,37.61993691,버스
3147,솔샘터널,127.009232,37.618778,버스
3148,번동주공아파트3단지4단지,127.039935,37.629378,버스
3149,번동주공아파트3단지4단지,127.041138,37.63011,버스
3150,번동초등학교,127.0398419,37.62893886,버스
3151,번동한솔솔파크,127.03828,37.627663,버스
3152,번동한솔솔파크,127.037812,37.62753384,버스
3153,번동해모로아파트,127.036817,37.626375,버스
3154,번동해모로아파트,127.036975,37.626853,버스
3155,강북문화정보도서관,127.037288,37.625232,버스
3156,강북문화정보도서관,127.036928,37.625388,버스
3157,동문굿모닝힐,127.0377556,37.62354746,버스
3158,동문굿모닝힐,127.0374544,37.62374039,버스
3159,북서울꿈의숲,127.0375263,37.62258428,버스
3160,꿈의숲롯데캐슬아파트,127.035814,37.617995,버스
3161,꿈의숲롯데캐슬아파트,127.0359375,37.61859889,버스
3162,경남아너스빌.꿈의숲해링턴아파트,127.034503,37.616498,버스
3163,경남아너스빌.꿈의숲해링턴아파트,127.0345744,37.61674879,버스
3164,송중초등학교,127.031159,37.616419,버스
3165,송중초등학교,127.0316487,37.61655414,버스
3166,수유3동우체국,127.0275794,37.64002567,버스
3167,수유3동우체국,127.028118,37.64006,버스
3168,수유역.노스페이스문화센터,127.026899,37.638953,버스
3169,수유역.강북구청,127.0250607,37.63769333,버스
3170,미아역8번출구.신일중고,127.0255444,37.62737854,버스
3171,영신여객차고지(우이동종점),127.011345,37.662778,버스
3172,영신여객차고지(우이동종점),127.011263,37.662914,버스
3173,미아사거리역,127.029735,37.61538503,버스
3174,미아사거리역,127.0304393,37.61177844,버스
3175,한신대학교,127.013071,37.63537589,버스
3176,수유사거리,127.024333,37.63462,버스
3177,수유사거리,127.024917,37.634925,버스
3178,송중동주민센터앞,127.0333692,37.61605807,버스
3179,송중동경남아너스빌정문,127.0340849,37.61329784,버스
3180,북서울꿈의숲,127.0378334,37.62271754,버스
3181,수유역.강북구청,127.0260514,37.63863114,버스
3182,삼각산보건지소,127.015455,37.61704,버스
3183,삼각산보건지소,127.0152814,37.61746839,버스
3184,삼각산동삼각산아이원아파트후문,127.0188312,37.61634783,버스
3185,삼각산동삼각산아이원아파트후문,127.018745,37.616273,버스
3186,롯데백화점미아점,127.0307562,37.61470941,버스
3187,우이동주민센터입구,127.0123581,37.64766401,버스
3188,창문여고,127.0358639,37.61213401,버스
3189,솔샘터널,127.009213,37.618743,버스
3190,우이동도선사입구,127.012956,37.662789,버스
3191,우이동차고지기점,127.012021,37.662987,버스
3192,한성운수종점,127.035297,37.634618,버스
3193,화계사입구.종점,127.013707,37.632628,버스
3194,SK아파트벽산아파트상가,127.0111164,37.61969724,버스
3195,우이동차고지종점,127.012302,37.663158,버스
3196,삼각산동삼각산아이원아파트정문,127.016688,37.61617785,버스
3197,삼각산동삼각산아이원아파트정문,127.0164422,37.6163581,버스
3198,삼각산고.래미안트리베라,127.021813,37.61443,버스
3199,삼각산고.래미안트리베라,127.021202,37.614468,버스
3200,방천시장입구,127.033147,37.611208,버스
3201,화계사입구.한신대학교대학원,127.01343,37.633257,버스
3202,미아사거리역.롯데백화점,127.0302283,37.61407923,버스
3203,삼각산119안전센터,127.015178,37.619548,버스
3204,삼각산119안전센터,127.015343,37.619795,버스
3205,무량사입구,127.0079439,37.64621004,버스
3206,무량사입구,127.007842,37.646323,버스
3207,꿈의숲주차장입구,127.0453126,37.62086498,버스
3208,수유중앙시장,127.0223876,37.64089361,버스
3209,대한병원,127.022882,37.636835,버스
3210,우이동,127.0122905,37.66343097,버스
3211,미송경로당,127.0127201,37.62417727,버스
3212,번동초교.솔그린APT.하나은행,127.0395643,37.62899212,버스
3213,연일슈퍼,127.030351,37.62890113,버스
3214,빨래골,127.010183,37.627439,버스
3215,본원정사,127.0063794,37.63810131,버스
3216,아카데미하우스.통일교육원,127.0020125,37.64204009,버스
3217,성원아파트,127.0134,37.661095,버스
3218,번동슈퍼,127.0378427,37.62764826,버스
3219,샛별슈퍼,127.0310972,37.6278746,버스
3220,수연슈퍼,127.01135,37.627719,버스
3221,모아빌라,127.0074386,37.63820046,버스
3222,신성빌라,127.003531,37.64350251,버스
3223,송중동주민센터,127.0333692,37.61610853,버스
3224,마을버스사무실,127.012914,37.62497741,버스
3225,청화슈퍼,127.0366464,37.62781895,버스
3226,믿음슈퍼,127.0321222,37.62708859,버스
3227,다리앞,127.0122019,37.62788258,버스
3228,해청빌라,127.0076914,37.63753425,버스
3229,백련사,127.0045158,37.6441927,버스
3230,구세군강북종합사회복지관,127.0138351,37.62516653,버스
3231,교육촌경로당,127.03564,37.62716,버스
3232,당진슈퍼,127.0323277,37.62551434,버스
3233,삼흥연립,127.013346,37.628087,버스
3234,기도원입구,127.007915,37.637014,버스
3235,강북청소년수련관,127.0070203,37.64569739,버스
3236,보람미용실,127.0154053,37.62525735,버스
3237,영순슈퍼,127.0344606,37.6266121,버스
3238,동문굿모닝힐,127.0374658,37.62389988,버스
3239,삼광학원,127.0321494,37.62449886,버스
3240,한빛맹아학교,127.015218,37.62871129,버스
3241,형제슈퍼,127.0098046,37.63668277,버스
3242,쌍문교,127.0246386,37.646178,버스
3243,페리카나치킨,127.0165405,37.62540677,버스
3244,당진슈퍼,127.0324829,37.62546654,버스
3245,동성마트,127.0321875,37.62362751,버스
3246,한빛예술단,127.016291,37.629395,버스
3247,삼성하이츠빌라,127.011015,37.636735,버스
3248,도일타운,127.011938,37.636753,버스
3249,강북중학교,127.0232862,37.6445347,버스
3250,삼양시장.롯데마트,127.0174162,37.62507054,버스
3251,한영교회,127.0323754,37.62307779,버스
3252,수유1동주민센터.파출소,127.017525,37.63015263,버스
3253,광산사거리,127.0230566,37.64248029,버스
3254,삼양부동산,127.0180166,37.62487762,버스
3255,제일슈퍼,127.0326718,37.62219915,버스
3256,진주빌딩,127.0179523,37.63091128,버스
3257,청수탕,127.0126566,37.63674467,버스
3258,강북구청,127.025984,37.64038106,버스
3259,삼양오거리,127.0188481,37.62478918,버스
3260,도일타운,127.0118238,37.63690215,버스
3261,홈빌라트,127.0329274,37.62124033,버스
3262,광성슈퍼,127.0186381,37.63214836,버스
3263,인수초중학교,127.0107834,37.64355613,버스
3264,수유역,127.0249678,37.63759063,버스
3265,오현초등학교,127.0459679,37.62353554,버스
3266,구.삼양극장,127.02114,37.62486359,버스
3267,꿈의숲해링턴아파트101동앞,127.033175,37.62013733,버스
3268,화계유치원,127.0195268,37.63387289,버스
3269,한신대신학대학원.화계사,127.013984,37.63373041,버스
3270,주공1.2단지한진아파트,127.04475,37.62533727,버스
3271,삼양신협,127.0232915,37.62541735,버스
3272,번3동주민센터,127.046604,37.62615924,버스
3273,미아사거리전철역,127.030484,37.612966,버스
3274,꿈의숲해링턴아파트105동앞,127.033583,37.618384,버스
3275,삼양탕,127.0149765,37.6338294,버스
3276,국립재활원,127.0115682,37.6402545,버스
3277,신원아파트.북서울꿈의교회,127.0442248,37.62611601,버스
3278,미아역6번출구,127.0253865,37.62593954,버스
3279,꿈의숲해링턴아파트108동앞,127.033989,37.616662,버스
3280,북한산스카이빌딩,127.0236086,37.63568602,버스
3281,송암교회.화계사거리.수유보건지소,127.0168166,37.63397783,버스
3282,강북구의회.강북문화예술회관,127.0142821,37.64034161,버스
3283,경남아너스빌정문,127.0344292,37.61306886,버스
3284,기산아파트.2단지후문,127.0442393,37.6276136,버스
3285,미아역7번출구,127.025885,37.626782,버스
3286,수유역,127.0253881,37.63748151,버스
3287,가오리,127.0162844,37.64063059,버스
3288,송중동주민센터,127.033624,37.61598681,버스
3289,쌍문교,127.0245795,37.64564277,버스
3290,주공3단지정문,127.0423068,37.62824867,버스
3291,깨순이김밥,127.0253321,37.62604678,버스
3292,8번지입구,127.0378209,37.61374004,버스
3293,번동삼거리,127.0279469,37.63509757,버스
3294,벽산아파트,127.0199332,37.64098236,버스
3295,한양아파트입구.삼덕상운,127.0409777,37.62798963,버스
3296,삼양신협,127.023522,37.625637,버스
3297,미아사거리역2번출구,127.03086,37.613971,버스
3298,양지빌라,127.0380243,37.61505105,버스
3299,성당앞,127.0220299,37.64225701,버스
3300,하나은행.새마을금고,127.039527,37.628747,버스
3301,북서울꿈의숲,127.044096,37.618983,버스
3302,강북반석교회,127.021441,37.625108,버스
3303,8번지슈퍼,127.0380372,37.61585031,버스
3304,롯데백화점,127.030938,37.614457,버스
3305,중앙시장,127.022469,37.64039,버스
3306,강북구민운동장.4단지,127.0385974,37.63010798,버스
3307,훌랄라치킨,127.0188731,37.62489911,버스
3308,산장빌라,127.0380477,37.6164279,버스
3309,화계유치원,127.0193274,37.63399367,버스
3310,강북보건소.번2동주민센터,127.0370685,37.63154479,버스
3311,삼일약국.롯데마트,127.017932,37.625035,버스
3312,삼우하이츠빌라,127.0372251,37.61608124,버스
3313,꿈의숲해링턴아파트108동앞,127.03406,37.61671,버스
3314,성일빌딩,127.0183911,37.63226194,버스
3315,금호.현대아파트,127.0363141,37.63186942,버스
3316,삼양시장,127.017349,37.625226,버스
3317,한일아파트후문,127.0371512,37.61548565,버스
3318,꿈의숲해링턴아파트105동앞,127.03367,37.618395,버스
3319,수유1동주민센터.파출소,127.0175704,37.63040223,버스
3320,수유역,127.024586,37.636852,버스
3321,로얄공인중계사무소,127.0350082,37.63273395,버스
3322,페리카나치킨,127.0165825,37.62548426,버스
3323,장미맨션,127.0371418,37.61474406,버스
3324,꿈의숲해링턴아파트101동앞,127.0333154,37.62003097,버스
3325,한빛예술단,127.0162721,37.62962684,버스
3326,주공5단지,127.034374,37.63339553,버스
3327,보람미용실,127.0154325,37.62534024,버스
3328,한일아파트정문,127.0371221,37.61397724,버스
3329,홈빌라트,127.0330531,37.62118443,버스
3330,한빛맹아학교,127.015161,37.628796,버스
3331,송암교회.화계사거리.수유보건지소,127.0170114,37.63427327,버스
3332,강북종합시장,127.0253985,37.64116062,버스
3333,금강산병원.전자공단,127.0337456,37.63440853,버스
3334,구세군강북종합사회복지관,127.0137637,37.6253035,버스
3335,8번지입구,127.0377246,37.61370763,버스
3336,제일슈퍼,127.0327828,37.62222706,버스
3337,삼흥연립,127.01344,37.628212,버스
3338,성당앞,127.0218894,37.64236697,버스
3339,번동5거리.북부노동지청,127.034011,37.63504642,버스
3340,다리앞,127.0122245,37.62796908,버스
3341,한신대신학대학원.화계사,127.0135376,37.63411973,버스
3342,벽산아파트,127.019914,37.64114095,버스
3343,월산슈퍼,127.0125153,37.62529013,버스
3344,방천시장입구,127.033402,37.61095521,버스
3345,한영교회,127.032525,37.622997,버스
3346,수연슈퍼,127.011384,37.627803,버스
3347,유진슈퍼,127.0132671,37.63553896,버스
3348,가오리,127.0162289,37.64076306,버스
3349,정은빌라,127.0124497,37.62599658,버스
3350,미아사거리역,127.0309029,37.61272653,버스
3351,삼광학원,127.0322762,37.62442224,버스
3352,빨래골,127.01008,37.627491,버스
3353,청수탕,127.0126679,37.63695876,버스
3354,강북구의회.강북문화예술회관,127.0140985,37.64043895,버스
3355,빨래골입구,127.0123648,37.62655166,버스
3356,삼성하이츠빌라,127.0110801,37.63689079,버스
3357,국립재활원,127.0119761,37.64022562,버스
3358,성원아파트,127.0134032,37.66171532,버스
3359,수유역.강북구청,127.025923,37.63763998,버스
3360,청소년독서실,127.0122707,37.62603535,버스
3361,믿음슈퍼,127.0322944,37.62710205,버스
3362,형제슈퍼,127.0097996,37.63688643,버스
3363,당진슈퍼,127.032697,37.62549621,버스
3364,우광슈퍼,127.031599,37.628003,버스
3365,기도원입구,127.007973,37.637072,버스
3366,인수초중학교,127.0110191,37.64353989,버스
3367,솔샘중고등학교,127.0125898,37.62406194,버스
3368,영순슈퍼,127.0345928,37.62646704,버스
3369,해청빌라,127.007837,37.637507,버스
3370,벽산아파트,127.0110032,37.61980268,버스
3371,금강슈퍼,127.0357113,37.62707674,버스
3372,모아빌라,127.0077504,37.63823093,버스
3373,국립419민주묘지삼거리.윤극영가옥,127.0107158,37.64615846,버스
3374,청화슈퍼,127.036703,37.62777658,버스
3375,동문굿모닝힐,127.0377523,37.62359522,버스
3376,본원정사,127.0064916,37.63813464,버스
3377,주공5단지,127.0341463,37.63358572,버스
3378,번동초등학교,127.0393341,37.62853174,버스
3379,로얄공인중계사무소,127.0347759,37.63281061,버스
3380,강북문화정보도서관.해모로아파트,127.0370107,37.62581278,버스
3381,금호.현대아파트,127.0364126,37.63173693,버스
3382,강북보건소앞.번2동주민센터,127.0376226,37.63165635,버스
3383,백련사,127.0048037,37.64458646,버스
3384,강북보건소.번2동주민센터,127.0373743,37.63126896,버스
3385,신성빌라,127.0034868,37.64367732,버스
3386,강북구민운동장.4단지,127.0385078,37.63003862,버스
3387,아카데미하우스.통일교육원,127.0019309,37.64216084,버스
3388,번동슈퍼,127.0376037,37.62771772,버스
3389,한양아파트입구.삼덕상운,127.0410989,37.62781207,버스
3390,주공3단지정문,127.0422331,37.62807028,버스
3391,기산아파트.2단지후문,127.0440252,37.6277957,버스
3392,신원아파트.북서울꿈의교회,127.0441737,37.62597726,버스
3393,주공1.2단지한진아파트,127.0448959,37.62492362,버스
3394,오현초등학교,127.0460254,37.62309669,버스
3395,주공1.2단지한진아파트,127.0446457,37.62523639,버스
3396,번3동주민센터,127.0466752,37.62602405,버스
3397,현대백화점.E마트.빅토리아호텔,127.0304771,37.61017927,버스
3398,미아사거리역.롯데백화점,127.030113,37.61424,버스
3399,광산사거리,127.0227669,37.64349135,버스
3400,보람빌딩,127.0250915,37.63489637,버스
3401,번동5거리.북부노동지청,127.0338943,37.63505096,버스
3402,금강산병원.전자공단,127.0336731,37.63435358,버스
3403,하나은행.새마을금고,127.0396899,37.62855415,버스
3404,우이3교,127.035708,37.636407,버스
3405,당진슈퍼,127.0324444,37.62550439,버스
3406,삼성래미안아파트,127.0210555,37.61449482,버스
3407,성우아파트,127.0217994,37.6174097,버스
3408,미아사거리역,127.0297586,37.61508496,버스
3409,두산위브아파트,127.0154199,37.61909483,버스
3410,한영교회,127.0318418,37.62314282,버스
3411,달팽이계단,127.0311295,37.62391524,버스
3412,대성빌라정문,127.0304264,37.62483272,버스
3413,신구한일아파트입구,127.0297855,37.62574298,버스
3414,실버복지센터,127.029372,37.627171,버스
3415,남양빌라,127.0284627,37.62685705,버스
3416,미아역3번출구,127.0269694,37.62648975,버스
3417,미아역1번출구,127.0258844,37.62755688,버스
3418,수유시장,127.0240584,37.63219244,버스
3419,요진아파트,127.0265539,37.63362462,버스
3420,우일빌딩앞,127.0274879,37.63481113,버스
3421,신구한일아파트입구,127.0296337,37.62565741,버스
3422,대성빌라정문,127.0301941,37.62482557,버스
3423,달팽이계단,127.0309177,37.62382068,버스
3424,한영교회,127.0320253,37.6231743,버스
3425,한국전력공사,127.0247049,37.63053701,버스
3426,창문여고앞,127.035382,37.611885,버스
3427,도봉산역,127.0455054,37.68903596,버스
3428,도봉산역,127.0457253,37.68858174,버스
3429,도봉한신아파트,127.0459837,37.68392307,버스
3430,도봉한신아파트,127.046067,37.682672,버스
3431,서울북부지방법원.검찰청.도봉역성황당,127.0448851,37.67768248,버스
3432,서울북부지방법원.검찰청.도봉역성황당,127.045103,37.677262,버스
3433,신도봉사거리,127.044163,37.67331264,버스
3434,신도봉사거리,127.044333,37.67275,버스
3435,도봉소방서.방학역남부,127.0429312,37.66617392,버스
3436,도봉소방서.방학역남부,127.0430251,37.66570289,버스
3437,도봉보건소,127.0407624,37.65893642,버스
3438,도봉보건소.북한산아이파크아파트,127.040517,37.658205,버스
3439,도봉구민회관.도봉문화원,127.0381737,37.65455985,버스
3440,도봉구민회관.도봉문화원,127.037977,37.653968,버스
3441,쌍문역,127.0347687,37.64881742,버스
3442,쌍문역,127.0344601,37.64807141,버스
3443,우이1교앞,127.0326524,37.645293,버스
3444,우이1교앞,127.03242,37.644652,버스
3445,신도봉시장.도봉구청.방학역북부,127.043625,37.66997038,버스
3446,신도봉시장.도봉구청.방학역북부,127.0436336,37.66922248,버스
3447,도봉동한신아파트,127.0456109,37.68261403,버스
3448,도봉동한신아파트,127.0459587,37.68210479,버스
3449,녹천역,127.052427,37.643223,버스
3450,서울북부지방법원.검찰청.도봉역성황당,127.0451326,37.67718344,버스
3451,서울북부지방법원.검찰청.도봉역성황당,127.0446529,37.67702774,버스
3452,도봉견인차량보관소,127.0446002,37.67416324,버스
3453,도봉견인차량보관소,127.0441501,37.67410483,버스
3454,방학역,127.0437946,37.66918426,버스
3455,도봉소방서,127.0431884,37.66567562,버스
3456,도봉소방서,127.0425798,37.66510078,버스
3457,방학사거리.바로선병원,127.042275,37.661215,버스
3458,방학사거리,127.0421039,37.66221767,버스
3459,도봉보건소,127.040227,37.657513,버스
3460,도봉보건소,127.04,37.657913,버스
3461,함석헌기념관.정의여중고,127.0373873,37.65263089,버스
3462,함석헌기념관.정의여중고,127.0365881,37.6521851,버스
3463,도봉구민회관.도봉문화원,127.0382222,37.65410478,버스
3464,도봉구민회관.도봉문화원,127.0381421,37.65482027,버스
3465,쌍문역.쌍문시장,127.0340974,37.64802466,버스
3466,쌍문역.쌍리단길,127.034272,37.647535,버스
3467,우이1교앞,127.0321793,37.64399377,버스
3468,서울북부지방법원.검찰청.성우아파트,127.0483743,37.6761342,버스
3469,서울북부지방법원.검찰청.성우아파트,127.047788,37.675807,버스
3470,법조타운공영주차장,127.047318,37.674737,버스
3471,법조타운공영주차장,127.046582,37.673315,버스
3472,도봉구청,127.0463337,37.66895525,버스
3473,도봉구청,127.0460575,37.66892213,버스
3474,방학1동대상타운현대삼성아파트,127.046438,37.665833,버스
3475,방학1동대상타운현대삼성아파트,127.046003,37.666388,버스
3476,창동쌍용.성원아파트,127.0494952,37.66042516,버스
3477,창동쌍용아파트,127.048778,37.660497,버스
3478,자운고등학교앞,127.0500066,37.65893286,버스
3479,자운고등학교앞,127.0496686,37.6586807,버스
3480,창동동아청솔아파트,127.049804,37.65668,버스
3481,창동동아청솔아파트,127.0495823,37.65667134,버스
3482,창동농협물류센터,127.050328,37.654932,버스
3483,창동농협물류센터,127.0512467,37.65421248,버스
3484,창동농협물류센터,127.051022,37.65383,버스
3485,창동역동측,127.05058,37.653483,버스
3486,창동동아아파트,127.051465,37.651933,버스
3487,창동동아아파트,127.051443,37.651353,버스
3488,창동주공19단지,127.05239,37.64904068,버스
3489,창동주공19단지,127.0520286,37.64922647,버스
3490,창동주공18단지,127.0530436,37.64706252,버스
3491,창동주공18단지,127.0527729,37.64726539,버스
3492,도봉산입구,127.040722,37.687083,버스
3493,도봉고등학교,127.044188,37.687318,버스
3494,김근태기념도서관.도봉고등학교,127.044031,37.687489,버스
3495,도봉역,127.046683,37.680322,버스
3496,도봉역,127.0470846,37.68039591,버스
3497,노원교,127.049017,37.67942376,버스
3498,노원교,127.0491191,37.6796544,버스
3499,성대야구장노원교앞,127.04939,37.67907,버스
3500,천주교도봉동교회,127.042713,37.671205,버스
3501,천주교도봉동교회,127.0428108,37.67131199,버스
3502,오봉초등학교,127.0391794,37.67052031,버스
3503,오봉초등학교,127.03934,37.670787,버스
3504,방학2동공영주차장,127.036635,37.669435,버스
3505,방학2동공영주차장,127.0367134,37.66960831,버스
3506,방학2동주민센터,127.034807,37.668217,버스
3507,방학2동주민센터,127.0346224,37.66827084,버스
3508,신방학중학교앞,127.027995,37.66372,버스
3509,방학동신우빌라,127.03514,37.664078,버스
3510,방학동신우빌라,127.0348959,37.66411589,버스
3511,방학동삼익세라믹,127.03493,37.661672,버스
3512,방학동삼익세라믹,127.0346738,37.66175514,버스
3513,쌍문동청구아파트,127.035081,37.659737,버스
3514,쌍문동청구아파트,127.0348107,37.65962432,버스
3515,샘말어린이공원,127.0318159,37.66866721,버스
3516,방학중학교정문,127.034428,37.666488,버스
3517,방학중학교정문,127.034145,37.666548,버스
3518,신한은행방학동지점,127.037293,37.663457,버스
3519,신한은행방학동지점,127.0371976,37.66323123,버스
3520,연산군.정의공주묘,127.023323,37.661732,버스
3521,연산군정의공주묘,127.0231446,37.66200152,버스
3522,방학동신동아타워,127.028111,37.66168029,버스
3523,방학동신동아타워,127.028692,37.662028,버스
3524,방학3동신동아프라자,127.0274841,37.66137047,버스
3525,방학동신동아아파트,127.0313835,37.66198313,버스
3526,방학동신동아아파트,127.03202,37.662362,버스
3527,국민은행방학지점,127.034242,37.662362,버스
3528,국민은행방학지점,127.034113,37.662595,버스
3529,신한은행방학동지점,127.0370024,37.66265461,버스
3530,신한은행방학동지점,127.036807,37.662933,버스
3531,방학사거리,127.040618,37.66272,버스
3532,방학사거리,127.040387,37.66298,버스
3533,서울문화고등학교,127.0463095,37.66287208,버스
3534,서울문화고등학교,127.048067,37.662327,버스
3535,서울문화고등학교,127.048068,37.662625,버스
3536,쌍문동청한빌라,127.0150062,37.65745933,버스
3537,쌍문동청한빌라,127.014762,37.657732,버스
3538,쌍문동우이빌라,127.0191018,37.65721824,버스
3539,쌍문동우이빌라,127.01802,37.657407,버스
3540,초당초등학교,127.023049,37.657406,버스
3541,초당초등학교,127.022295,37.657531,버스
3542,방학동우성아파트,127.0242706,37.65740463,버스
3543,방학동우성.청구아파트,127.0251,37.657656,버스
3544,방학3동신동아프라자,127.0277401,37.66083427,버스
3545,방학3동주민센터,127.0276286,37.65981337,버스
3546,쌍문동성원아파트,127.0289335,37.65764777,버스
3547,쌍문동성원아파트,127.028738,37.657845,버스
3548,쌍문동한양.현대아파트,127.031452,37.657838,버스
3549,쌍문동현대.한양아파트,127.0313206,37.65800038,버스
3550,쌍문동삼익금호1차아파트,127.034792,37.658051,버스
3551,쌍문동금호1차삼익아파트,127.0345433,37.65825142,버스
3552,도봉구보건소앞,127.03753,37.657248,버스
3553,도봉구보건소앞,127.0375892,37.65743898,버스
3554,북서울교회,127.0136533,37.65725622,버스
3555,서라벌중학교.우이동대우아파트,127.013223,37.655025,버스
3556,덕성여대입구,127.013138,37.65106,버스
3557,쌍문초등학교,127.0256815,37.64697433,버스
3558,쌍문초등학교,127.02539,37.647095,버스
3559,숭미초등학교,127.027789,37.649556,버스
3560,숭미초등학교,127.027818,37.649833,버스
3561,둘리뮤지엄.대우이안극동아파트,127.0284258,37.65177105,버스
3562,둘리뮤지엄.대우이안극동아파트,127.028262,37.651532,버스
3563,창동주공1단지,127.0410046,37.65427055,버스
3564,창동주공1단지아파트,127.040882,37.65367,버스
3565,서울북부지방법원등기국,127.044525,37.651106,버스
3566,서울북부지방법원등기국,127.0445412,37.65142456,버스
3567,창동역서측,127.0461228,37.65233585,버스
3568,창4동주민센터,127.052332,37.652513,버스
3569,창4동주민센터,127.0519925,37.652747,버스
3570,창동주공4단지,127.048225,37.6451,버스
3571,창동주공4단지,127.0480755,37.64530574,버스
3572,도봉문화정보도서관,127.044358,37.644087,버스
3573,도봉문화정보도서관,127.0440281,37.64421251,버스
3574,창림초교창동신창아파트앞,127.0410384,37.64153557,버스
3575,창림초교창동신창아파트앞,127.0407269,37.64162849,버스
3576,국립현대미술관창동레지던시,127.0394443,37.63985019,버스
3577,국립현대미술관창동레지던시,127.039542,37.6404,버스
3578,창동서울탁주앞,127.037383,37.637708,버스
3579,창동서울탁주앞,127.036931,37.63758839,버스
3580,창2동주민센터.보건지소,127.0336398,37.64089905,버스
3581,창2동주민센터.보건지소,127.033467,37.640778,버스
3582,창2동한일아파트,127.0372571,37.64615397,버스
3583,창1동제1공영주차장입구,127.037605,37.64638,버스
3584,한신아파트101동앞,127.0348523,37.64598169,버스
3585,KT도봉지점,127.035125,37.646192,버스
3586,창동청구빌라,127.039792,37.645895,버스
3587,창동청구빌라,127.0395258,37.64612439,버스
3588,창림초등학교후문,127.040517,37.643092,버스
3589,창림초등학교후문,127.040335,37.643407,버스
3590,창동대우아파트,127.036716,37.64261019,버스
3591,창동역동측(도봉방면),127.0499898,37.65397438,버스
3592,창동역동측(노원방면),127.050183,37.653635,버스
3593,서울가든아파트앞,127.0442009,37.646931,버스
3594,창1동주민센터,127.0430117,37.6487636,버스
3595,창1동주민센터,127.042778,37.648735,버스
3596,창동주공3단지,127.041717,37.650998,버스
3597,창동주공3단지,127.0414767,37.65132295,버스
3598,세그루학원,127.0279901,37.65654237,버스
3599,세그루학원,127.0278333,37.65562421,버스
3600,창동주공17단지,127.0537657,37.64574121,버스
3601,창동주공17단지,127.05361,37.646105,버스
3602,창3동염광아트필,127.0423499,37.63449251,버스
3603,창3동염광아트빌,127.04252,37.634407,버스
3604,한승미메이드아파트,127.043635,37.633173,버스
3605,한승미메이드아파트,127.043506,37.633177,버스
3606,북서울농협창동지점,127.04149,37.634107,버스
3607,북서울농협창동지점,127.0412155,37.63385199,버스
3608,신화초교입구,127.0402309,37.63370446,버스
3609,신화초교입구,127.0400822,37.63340725,버스
3610,서울외국어고등학교,127.052529,37.645154,버스
3611,서울외국어고등학교,127.0527024,37.645247,버스
3612,방학동도깨비시장입구,127.036817,37.665298,버스
3613,거성학마을아파트,127.03834,37.666342,버스
3614,도봉새마을금고본점,127.0412482,37.66714588,버스
3615,창5동현대아파트,127.040403,37.655623,버스
3616,창5동현대1차아파트,127.040602,37.65587,버스
3617,창동아이파크,127.046752,37.661613,버스
3618,창번교,127.0384278,37.63548391,버스
3619,방학3동주민센터,127.0279038,37.65916813,버스
3620,도봉동서광아파트,127.0494617,37.67819902,버스
3621,정병원,127.04192,37.661947,버스
3622,창동고등학교,127.038457,37.651367,버스
3623,정의여중고입구,127.033138,37.650997,버스
3624,도깨비시장,127.035503,37.665505,버스
3625,방학동도깨비시장,127.03533,37.665458,버스
3626,태영데시앙아파트,127.0324449,37.64238437,버스
3627,창번교앞,127.038224,37.63546864,버스
3628,금용아파트,127.0351771,37.63773671,버스
3629,창번2교앞,127.034453,37.63859,버스
3630,대우아파트104동,127.0383492,37.64325664,버스
3631,도봉산입구,127.040693,37.687222,버스
3632,샘말어린이공원,127.031945,37.668748,버스
3633,안방학동,127.0299513,37.66906777,버스
3634,동아운수앞,127.013997,37.658907,버스
3635,창동.신창시장,127.0384761,37.63884671,버스
3636,신창.창동시장,127.038458,37.63926,버스
3637,안방학동,127.03301,37.667618,버스
3638,안방학동,127.032893,37.667887,버스
3639,창동농협물류센터,127.0500842,37.65489497,버스
3640,태영데시앙아파트,127.031783,37.64263,버스
3641,방학중학교,127.032371,37.666728,버스
3642,도봉산역광역환승센터,127.0444996,37.68987622,버스
3643,도봉산역광역환승센터,127.0443522,37.68994836,버스
3644,도봉산역광역환승센터,127.044267,37.690177,버스
3645,한국사회봉사회,127.0147587,37.66181384,버스
3646,한국사회봉사회,127.014675,37.662163,버스
3647,창동교,127.053249,37.65173,버스
3648,창동교,127.053492,37.652111,버스
3649,녹천교,127.05452,37.644731,버스
3650,녹천교,127.0549536,37.64503448,버스
3651,도봉여성센터,127.0302538,37.6628827,버스
3652,한일병원,127.0284575,37.64586897,버스
3653,동익아파트,127.0252306,37.65069499,버스
3654,꽃동네,127.0224988,37.65275721,버스
3655,한일병원입구,127.0286428,37.64456146,버스
3656,용호약국,127.0252111,37.64996332,버스
3657,에덴약국,127.0233665,37.65143696,버스
3658,청한빌라,127.0151682,37.65726468,버스
3659,사거리슈퍼,127.0258094,37.64973792,버스
3660,쌍문1동현대아파트,127.0226716,37.65058648,버스
3661,우이성당,127.015745,37.655704,버스
3662,방학동성원아파트.방학3동주민센터,127.0276883,37.65869332,버스
3663,믿음주유소,127.0265164,37.64937463,버스
3664,오복슈퍼,127.0231778,37.64953842,버스
3665,쌍문1동주민센터,127.0263789,37.64820956,버스
3666,환승장.기숙사,127.0229272,37.64891763,버스
3667,덕성여대후문.효문중고교앞,127.0171019,37.65269144,버스
3668,창동아이파크,127.0478602,37.66123781,버스
3669,도봉구보건소앞,127.0377807,37.65738215,버스
3670,쌍문초등학교,127.025013,37.647649,버스
3671,쌍문1치안센터,127.0202836,37.65009582,버스
3672,신일라이프아파트,127.0294952,37.6506913,버스
3673,시립도봉노인종합복지관,127.0355267,37.65810101,버스
3674,경기푸른미래관,127.021968,37.649549,버스
3675,방학삼성래미안1단지아파트,127.0462738,37.66739551,버스
3676,소피아호텔,127.0349114,37.65112144,버스
3677,쌍문동현대1차아파트,127.032386,37.65806227,버스
3678,미래빌라,127.026463,37.64797,버스
3679,도봉중학교.서원아파트,127.0457717,37.67127394,버스
3680,창동한신아파트,127.0347141,37.64599615,버스
3681,성원아파트,127.0301169,37.65791599,버스
3682,세무서앞,127.0509355,37.65328901,버스
3683,창동중앙약국,127.0371449,37.646154,버스
3684,선덕사거리.세그루학원입구,127.0282852,37.65780381,버스
3685,서울북부지방검찰청.한양수자인아파트,127.0472922,37.67467017,버스
3686,오봉초등학교,127.0398564,37.67102378,버스
3687,방학3동주민센터,127.0274082,37.65846361,버스
3688,청구아파트,127.0265443,37.65771501,버스
3689,엘지전자,127.0313946,37.6508503,버스
3690,시온슈퍼,127.0409094,37.67281386,버스
3691,창성빌라,127.040309,37.64419491,버스
3692,김수영문학관,127.0251961,37.65942465,버스
3693,서울북부지방법원,127.0492414,37.67767018,버스
3694,부부슈퍼,127.0425394,37.67445144,버스
3695,벽산아파트,127.0249781,37.65832268,버스
3696,삼거리슈퍼,127.0436465,37.67567019,버스
3697,방학3동주민센터,127.0274592,37.65832213,버스
3698,믿음주유소,127.0266535,37.64939262,버스
3699,쌍문초등학교,127.024913,37.64783,버스
3700,창동고등학교,127.0379918,37.65125024,버스
3701,도봉역,127.04578,37.68098753,버스
3702,성황당,127.0437721,37.67718756,버스
3703,창2동주민센터·보건지소,127.0357876,37.64233818,버스
3704,금호타운,127.029388,37.65767739,버스
3705,사거리슈퍼앞,127.0259102,37.64979827,버스
3706,대우.삼성서비스센터,127.047119,37.683131,버스
3707,도봉1동주민센터.럭키아파트,127.0437151,37.67862029,버스
3708,창2동건영아파트,127.0337768,37.64076745,버스
3709,용호약국,127.0251556,37.65008588,버스
3710,오복슈퍼,127.023247,37.64960149,버스
3711,도봉경찰서.창4동주민센터,127.0516851,37.65231101,버스
3712,유원극동아파트,127.0489114,37.68270102,버스
3713,도봉1파출소,127.043648,37.67952,버스
3714,쌍문동한양아파트,127.0325684,37.65786849,버스
3715,거성학마을아파트,127.0378895,37.66625503,버스
3716,쌍문1동현대아파트,127.0227441,37.65051888,버스
3717,한신아파트후문,127.049504,37.68382801,버스
3718,창북중학교,127.0381461,37.6515935,버스
3719,윤성빌라.다리앞,127.0423594,37.67901455,버스
3720,에덴약국,127.0234515,37.65137477,버스
3721,도봉파크빌2단지,127.0515735,37.68423171,버스
3722,녹천북부역,127.050588,37.645672,버스
3723,창1동대우그린아파트,127.0486326,37.64699598,버스
3724,창일중학교,127.0478674,37.64866104,버스
3725,창동역서측,127.0463384,37.65232919,버스
3726,상아아파트,127.043215,37.653057,버스
3727,옛고을길입구,127.0315854,37.65085709,버스
3728,창일중학교,127.047398,37.649152,버스
3729,주공4단지후문,127.0483172,37.64685882,버스
3730,창동아이파크,127.047165,37.660955,버스
3731,북한산아이파크,127.04191,37.659193,버스
3732,북한산아이파크,127.042117,37.659079,버스
3733,창동아이파크,127.047497,37.661037,버스
3734,도봉초등학교,127.040717,37.67847,버스
3735,도봉구보건소앞,127.037699,37.65715781,버스
3736,경기푸른미래관,127.022036,37.649656,버스
3737,서원아파트,127.0466778,37.67169528,버스
3738,창동이마트,127.0461709,37.65133292,버스
3739,누원고등학교.한신아파트정문,127.0509577,37.68580165,버스
3740,서울문화고등학교,127.0467521,37.66364684,버스
3741,부대앞,127.0389714,37.67811825,버스
3742,소피아호텔,127.0351189,37.65136196,버스
3743,청구아파트,127.0264128,37.6575159,버스
3744,쌍문1치안센터,127.0204615,37.6501841,버스
3745,무수골,127.0361868,37.6777533,버스
3746,정의여중고,127.0331242,37.65120125,버스
3747,덕성여대후문.효문중고교앞,127.0172527,37.65277161,버스
3748,부대앞,127.0390076,37.67802002,버스
3749,신일라이프아파트,127.0298772,37.65094621,버스
3750,약초원.동아슈퍼,127.0160925,37.65456042,버스
3751,도봉초등학교,127.0404397,37.67831779,버스
3752,우이1교,127.031755,37.643926,버스
3753,우이성당,127.0157596,37.65603283,버스
3754,엘지전자,127.0313539,37.65106296,버스
3755,한신아파트정문,127.0504502,37.68647317,버스
3756,윤성빌라.다리앞,127.0423843,37.67893795,버스
3757,한일병원입구,127.029172,37.64442166,버스
3758,청한빌라,127.0152986,37.65731062,버스
3759,도봉파크빌3단지,127.0493866,37.68798832,버스
3760,도봉1파출소,127.0433971,37.67955752,버스
3761,도봉1동주민센터.럭키아파트,127.0435712,37.67863746,버스
3762,신동아아파트16동,127.0278033,37.66019629,버스
3763,도봉산역,127.0466117,37.68935007,버스
3764,성황당,127.043628,37.67694882,버스
3765,도봉파크빌3단지,127.049145,37.68793977,버스
3766,삼거리슈퍼,127.043448,37.67559265,버스
3767,대원그린아파트.도봉실버센터,127.0276625,37.66255895,버스
3768,부부슈퍼,127.0425258,37.67459652,버스
3769,방학동극동아파트.방학동천주교성당,127.028216,37.66365182,버스
3770,시온슈퍼,127.041074,37.67312738,버스
3771,방학중학교,127.0325923,37.6666528,버스
3772,오봉초등학교,127.0397113,37.67103554,버스
3773,누원고등학교.한신아파트정문,127.0506753,37.68567472,버스
3774,도봉파크빌2단지앞,127.051338,37.684151,버스
3775,도봉중학교.서원아파트,127.046316,37.670555,버스
3776,극동유원아파트후문,127.0506853,37.68200013,버스
3777,삼환아파트후문,127.0495742,37.68022008,버스
3778,삼환.동아에코빌아파트,127.0475733,37.68055701,버스
3779,대상타운현대아파트,127.046214,37.665799,버스
3780,서울문화고등학교,127.046483,37.663969,버스
3781,서울북부지방법원,127.0485936,37.67698563,버스
3782,서울북부지방검찰청.한양수자인아파트,127.0470617,37.67472996,버스
3783,하나약국,127.0464731,37.67246308,버스
3784,한신아파트정문,127.050075,37.686613,버스
3785,약초원.동아슈퍼,127.016021,37.654286,버스
3786,환승장.기숙사,127.0232739,37.64885358,버스
3787,법종사,127.0183106,37.65724585,버스
3788,효문중학교,127.01862,37.651528,버스
3789,효문중학교,127.018379,37.651493,버스
3790,도봉중학교후문,127.0450449,37.67111683,버스
3791,방학동도깨비시장입구,127.036319,37.66518685,버스
3792,온누리교회,127.040385,37.66738866,버스
3793,공릉시장,127.0741782,37.62274084,버스
3794,공릉시장,127.0736212,37.62311604,버스
3795,태릉입구역4번출구,127.0752003,37.6195891,버스
3796,태릉입구역3번출구,127.074841,37.61942533,버스
3797,태릉입구역,127.074378,37.617403,버스
3798,태릉입구역,127.0745338,37.61701603,버스
3799,공릉1동삼익아파트,127.07276,37.61795,버스
3800,공릉초등학교,127.0735465,37.61865211,버스
3801,대주아파트,127.0719632,37.62131669,버스
3802,공릉행복발전소,127.0723922,37.62214903,버스
3803,공릉대아2차아파트,127.0713043,37.62299041,버스
3804,태릉사거리,127.078135,37.619715,버스
3805,경춘선숲길.토끼굴앞,127.07968,37.619205,버스
3806,주유소앞다운복지관,127.079792,37.618947,버스
3807,태릉사거리,127.078377,37.618882,버스
3808,서울생활사박물관.농협앞,127.077998,37.618683,버스
3809,태릉입구역7번출구.서울생활사박물관,127.076678,37.617859,버스
3810,화랑대역1번출구,127.0832854,37.61978101,버스
3811,공연초등학교,127.076127,37.626815,버스
3812,공릉역,127.07413,37.625982,버스
3813,서울과학기술대앞,127.076147,37.630347,버스
3814,동신아파트,127.077577,37.627625,버스
3815,현대성우아파트,127.077707,37.62747,버스
3816,동부아파트,127.078517,37.62739,버스
3817,한보아파트.삼익아파트,127.0804799,37.62754669,버스
3818,삼익아파트.한보아파트,127.080105,37.627342,버스
3819,원자력병원,127.082092,37.628407,버스
3820,원자력병원입구,127.079457,37.626273,버스
3821,안마을,127.07952,37.623458,버스
3822,두산힐스빌아파트,127.0788884,37.62138706,버스
3823,두산힐스빌아파트,127.0790469,37.621341,버스
3824,안마을,127.0794301,37.62369707,버스
3825,공릉해링턴플레이스,127.0850408,37.62826706,버스
3826,원자력병원.공릉해링턴플레이스,127.085318,37.627145,버스
3827,공릉우방아파트,127.086035,37.626095,버스
3828,태릉해링턴플레이스아파트,127.085922,37.625332,버스
3829,화랑타운아파트,127.086747,37.623608,버스
3830,청솔아파트,127.086528,37.623303,버스
3831,화랑대역2번출구,127.0835907,37.62022142,버스
3832,화랑대사거리,127.08812,37.621812,버스
3833,화랑대사거리,127.087887,37.621976,버스
3834,경춘선숲길.화랑대역공원,127.091127,37.623845,버스
3835,경춘선숲길.화랑대역공원,127.0902614,37.6235352,버스
3836,서울여대.육군사관학교행정안내소,127.094735,37.625902,버스
3837,서울여대.육군사관학교행정안내소,127.0945527,37.62616751,버스
3838,태릉국제사격장,127.0962778,37.62764749,버스
3839,태릉국제사격장,127.0961867,37.62819453,버스
3840,태릉,127.0985753,37.63018935,버스
3841,태릉,127.098258,37.63046,버스
3842,태릉선수촌,127.1032736,37.63330218,버스
3843,태릉선수촌,127.1035996,37.63389841,버스
3844,한국스포츠정책과학원,127.1062794,37.63559186,버스
3845,한국스포츠정책과학원,127.105305,37.635152,버스
3846,삼육대앞,127.1084329,37.63841539,버스
3847,삼육대앞,127.1084,37.638788,버스
3848,담터고개,127.1112874,37.64083694,버스
3849,원자력병원공릉동삼익2차아파트,127.0797928,37.62604325,버스
3850,예수사랑교회,127.0871774,37.62230484,버스
3851,서울과학기술대입구,127.0718013,37.6284741,버스
3852,서울과학기술대입구,127.071373,37.628345,버스
3853,공릉역1번출구,127.072703,37.626687,버스
3854,공릉역4번출구,127.072314,37.62661,버스
3855,공릉신도2차아파트,127.07131,37.62539,버스
3856,공릉대동2차아파트,127.071052,37.62687062,버스
3857,공릉대동2차아파트,127.07075,37.62713,버스
3858,노원문화원,127.0699477,37.62837789,버스
3859,노원문화원,127.0698346,37.62861134,버스
3860,용원초등학교,127.06871,37.62866,버스
3861,용원초등학교,127.06867,37.62827,버스
3862,공릉동.동신아파트앞,127.077542,37.62823,버스
3863,공릉2단지,127.06757,37.63064,버스
3864,서울과학기술대학교후문,127.083106,37.631122,버스
3865,영화교회,127.071683,37.630567,버스
3866,서울과학기술대학교후문,127.083299,37.632518,버스
3867,공릉삼익아파트,127.0733714,37.62947964,버스
3868,공연초등학교,127.0755405,37.62672366,버스
3869,공릉역,127.0736172,37.62598959,버스
3870,공릉1단지후문,127.0697,37.63132,버스
3871,상계주공9단지,127.058456,37.6629604,버스
3872,노원고등학교,127.0545597,37.66139271,버스
3873,임광아파트상가,127.0574569,37.66115961,버스
3874,상계주공7단지,127.0591136,37.66036677,버스
3875,대림아파트상가,127.0586795,37.66034356,버스
3876,도봉면허시험장,127.0599659,37.65744685,버스
3877,도봉면허시험장,127.0595396,37.65733803,버스
3878,상계주공7단지,127.0598156,37.66090526,버스
3879,상계주공7단지.광림교회앞,127.062616,37.660576,버스
3880,상계10동우체국,127.0628214,37.6607334,버스
3881,청원고등학교,127.0617199,37.66504924,버스
3882,상계주공9단지,127.0587962,37.66457677,버스
3883,온곡중학교.노원중앙도서관,127.0645319,37.6595872,버스
3884,온곡중학교.노원중앙도서관,127.064485,37.659298,버스
3885,두산아파트.도심공항수락터미널,127.053177,37.678717,버스
3886,두산아파트.도심공항수락터미널,127.053318,37.678501,버스
3887,수락산역3번출구,127.0555615,37.67717088,버스
3888,수락산역,127.0551013,37.67735401,버스
3889,노일초등학교,127.055256,37.67351355,버스
3890,노원초등학교,127.055736,37.67292,버스
3891,상계현대2차아파트,127.0509549,37.67171784,버스
3892,상계현대3차아파트,127.0525754,37.67095212,버스
3893,수락리버시티아파트,127.0552031,37.68933105,버스
3894,수락리버시티아파트,127.0556485,37.68901186,버스
3895,수락중고등학교,127.0552709,37.68283878,버스
3896,수락중고등학교,127.055555,37.682928,버스
3897,은빛아파트2단지,127.0552746,37.68020944,버스
3898,홍파복지원.수락산벨리체아파트,127.055504,37.680261,버스
3899,상계초등학교,127.065995,37.657616,버스
3900,상계초등학교,127.0659,37.658106,버스
3901,노원역9번출구,127.061986,37.656087,버스
3902,노원역1번출구,127.063365,37.656202,버스
3903,롯데백화점노원점.노원역4번출구,127.062274,37.65483,버스
3904,와우패션클럽,127.063605,37.655122,버스
3905,중앙하이츠2차아파트,127.06749,37.654765,버스
3906,상계중학교정문,127.068137,37.65259,버스
3907,상계중학교,127.069417,37.65158,버스
3908,코오롱아파트.양지대림아파트,127.070716,37.65249758,버스
3909,상계119안전센터,127.071558,37.65408,버스
3910,상계119안전센터,127.071837,37.654227,버스
3911,상계동주유소,127.0716241,37.65752144,버스
3912,상계동주유소,127.0718499,37.65775198,버스
3913,상계중앙시장입구,127.070695,37.658467,버스
3914,상계중앙시장입구,127.070791,37.65866722,버스
3915,흥안운수종점,127.0809233,37.66976648,버스
3916,흥안운수종점,127.080593,37.66967,버스
3917,불암현대아파트,127.079355,37.668205,버스
3918,동아불암아파트,127.0777874,37.66614806,버스
3919,동아불암아파트,127.078702,37.66705,버스
3920,노원롯데캐슬시그니처아파트,127.07712,37.664861,버스
3921,노원롯데캐슬시그니처아파트,127.076952,37.66495,버스
3922,상계불암대림아파트,127.0761129,37.66317395,버스
3923,흥안운수상계4동종점,127.082537,37.67092,버스
3924,상계역,127.072128,37.659743,버스
3925,상신교회,127.07079,37.661247,버스
3926,상신교회,127.0708752,37.66143167,버스
3927,계상초등학교,127.06898,37.66283,버스
3928,상계5동주민센터,127.0691877,37.66286449,버스
3929,상계한신2차아파트,127.066593,37.664262,버스
3930,상계한신2차아파트,127.0666569,37.66444373,버스
3931,상계벽산아파트,127.073492,37.661293,버스
3932,당고개입구오거리,127.0753926,37.6629882,버스
3933,상계2동주민센터,127.067777,37.65757,버스
3934,벽산아파트103동,127.0718187,37.66070483,버스
3935,상계주공3단지,127.061033,37.651943,버스
3936,상계주공2단지,127.061738,37.649375,버스
3937,상계주공1단지,127.062782,37.647297,버스
3938,마들근린공원.노원에코센터,127.059495,37.64505,버스
3939,마들근린공원.노원에코센터,127.0595368,37.6452861,버스
3940,노원구청,127.058153,37.65393,버스
3941,노원구청,127.057241,37.6542764,버스
3942,노원구청,127.057487,37.65430872,버스
3943,상계주공2단지223동,127.056991,37.647906,버스
3944,상계주공2단지,127.0604209,37.65110933,버스
3945,상계주공6단지,127.0611445,37.65318414,버스
3946,상계주공4단지,127.0617647,37.65077523,버스
3947,백병원,127.0628821,37.64801824,버스
3948,상계6.7동주민센터,127.0672044,37.65442073,버스
3949,상계중학교,127.0678157,37.6523542,버스
3950,상계2동주민센터,127.067489,37.657637,버스
3951,상경초등학교,127.0520711,37.67079715,버스
3952,상계주공15단지,127.0565592,37.6682903,버스
3953,상계주공11단지,127.057356,37.66531365,버스
3954,상계주공10단지,127.0582162,37.66214414,버스
3955,노원고등학교,127.054463,37.66169,버스
3956,상계주공10단지상가,127.057598,37.661425,버스
3957,상계주공14단지,127.056828,37.669103,버스
3958,상계주공12단지,127.057562,37.666492,버스
3959,보람아파트1단지,127.065452,37.66440836,버스
3960,보람아파트2단지,127.064385,37.664782,버스
3961,청원고등학교,127.0616146,37.66522951,버스
3962,상계주공12단지1202동,127.0597894,37.66492228,버스
3963,광운대역,127.0616089,37.62260119,버스
3964,광운대역,127.061827,37.622605,버스
3965,월계현대아파트,127.06336,37.619835,버스
3966,월계현대아파트,127.063398,37.61932,버스
3967,물류센터,127.064175,37.617162,버스
3968,석계역1번출구.A,127.065197,37.61493,버스
3969,석계역2번출구,127.0669732,37.61527426,버스
3970,광운대학교,127.058482,37.619962,버스
3971,월계삼거리,127.060007,37.6226678,버스
3972,청백아파트1단지,127.052187,37.635412,버스
3973,대우아파트,127.0521635,37.63310967,버스
3974,청백아파트3단지4단지,127.050935,37.631737,버스
3975,청백아파트3단지4단지,127.0510635,37.63162877,버스
3976,초안아파트.흥화브라운빌아파트,127.044295,37.63207,버스
3977,초안아파트.흥화브라운빌아파트,127.04406,37.632292,버스
3978,쌍용스윗닷홈아파트,127.045424,37.630397,버스
3979,신창중학교후문,127.047397,37.627968,버스
3980,신창중학교후문,127.047275,37.62792,버스
3981,염광고등학교,127.0503112,37.62754013,버스
3982,염광고등학교,127.050238,37.627302,버스
3983,월계주공1단지상가,127.051624,37.626691,버스
3984,월계공단,127.0518547,37.62713016,버스
3985,월계종합사회복지관,127.052597,37.627488,버스
3986,월계종합사회복지관,127.052763,37.627487,버스
3987,월계주공2단지,127.0538076,37.62835008,버스
3988,월계주공1단지,127.054101,37.628286,버스
3989,인덕대학교,127.055175,37.628658,버스
3990,인덕대학교,127.055407,37.628672,버스
3991,월계주공108동앞롯데캐슬루나아파트,127.0525926,37.62618916,버스
3992,인덕대학,127.0552744,37.6279838,버스
3993,한진한화그랑빌아파트,127.0692324,37.61580549,버스
3994,한진한화그랑빌아파트,127.0698589,37.61825517,버스
3995,한천초등학교,127.069878,37.619455,버스
3996,한천초등학교,127.0699692,37.61998609,버스
3997,월계동대우아파트,127.0521986,37.63300062,버스
3998,월계미성아파트,127.069345,37.621683,버스
3999,월계미륭아파트,127.0683895,37.62310657,버스
4000,월계미륭아파트,127.0686266,37.62338397,버스
4001,월계삼호아파트,127.0672914,37.62517519,버스
4002,월계삼호아파트,127.0675294,37.62532103,버스
4003,월계삼호4차아파트,127.0658231,37.62646547,버스
4004,월계삼호4차아파트,127.0659819,37.62666271,버스
4005,녹천초등학교월계이마트,127.064709,37.62746513,버스
4006,녹천초등학교월계이마트,127.0649064,37.62755178,버스
4007,월계사슴아파트2단지,127.0605823,37.63210184,버스
4008,월계사슴아파트3단지,127.060419,37.63198028,버스
4009,월계역,127.0592762,37.6339281,버스
4010,월계역,127.0590506,37.63373538,버스
4011,대우아파트,127.0523148,37.63389355,버스
4012,인덕삼거리,127.057478,37.628462,버스
4013,신도브래뉴.한전노원변전소,127.059202,37.628184,버스
4014,광운중.광운인공지능고등학교,127.0563054,37.61895535,버스
4015,광운중.광운인공지능고등학교,127.056528,37.618947,버스
4016,광운대학교,127.0581458,37.61984293,버스
4017,월계삼거리,127.05962,37.622613,버스
4018,롯데캐슬루나아파트,127.05153,37.625218,버스
4019,인덕대앞,127.0575128,37.6290379,버스
4020,월계보건지소,127.061623,37.631974,버스
4021,월계보건지소,127.061715,37.631739,버스
4022,교육촌.벼루말,127.052715,37.621967,버스
4023,장석교회,127.050608,37.624205,버스
4024,쌍용스윗닷홈아파트,127.0450262,37.6306058,버스
4025,인덕삼거리,127.0571623,37.62869931,버스
4026,신도브래뉴.한전노원변전소,127.058804,37.628399,버스
4027,상명고등학교.성원아파트,127.069155,37.64991,버스
4028,중계1동주민센터,127.076938,37.651725,버스
4029,은행사거리,127.0764226,37.6488502,버스
4030,양지근린공원,127.076373,37.646722,버스
4031,서라벌고등학교,127.0750013,37.64484116,버스
4032,불암중학교,127.07429,37.646531,버스
4033,불암중학교,127.074127,37.64653754,버스
4034,중계주공10단지.중계건영3차아파트,127.073627,37.647708,버스
4035,롯데우성아파트,127.073828,37.64751,버스
4036,중계구민체육센터,127.07121,37.647602,버스
4037,중계구민체육센터,127.0712793,37.64776837,버스
4038,롯데마트,127.070212,37.647192,버스
4039,을지중학교,127.071798,37.650542,버스
4040,을지중학교,127.0709042,37.65020872,버스
4041,청암중.고등학교,127.07395,37.65289,버스
4042,중계주공5단지514동,127.0749325,37.65081085,버스
4043,원광초등학교,127.076603,37.654492,버스
4044,중계역,127.064373,37.644069,버스
4045,노원구민의전당,127.0664181,37.63939116,버스
4046,건영옴니백화점,127.064113,37.638902,버스
4047,브라운스톤중계.우리은행앞,127.064092,37.639455,버스
4048,서울아이티고등학교,127.062437,37.64263,버스
4049,서울아이티고등학교,127.0631034,37.64169794,버스
4050,어린이교통공원,127.062874,37.645358,버스
4051,중계역,127.065089,37.64322,버스
4052,서울시립북서울미술관,127.066741,37.639748,버스
4053,중계건영2차아파트,127.065243,37.646097,버스
4054,중계역2번출구,127.0649391,37.64561755,버스
4055,상명초등학교,127.0677842,37.64785061,버스
4056,중계3단지목련아파트,127.0679665,37.6475,버스
4057,상명고등학교,127.0690665,37.64948354,버스
4058,목련아파트상가,127.0698766,37.64685822,버스
4059,중계목화아파트4단지,127.0714067,37.64353141,버스
4060,용동초등학교,127.0691311,37.64211627,버스
4061,용동초등학교,127.0690118,37.64187215,버스
4062,2001아울렛중계점,127.0676632,37.64168821,버스
4063,서울시립북서울미술관후문,127.066847,37.641308,버스
4064,홈플러스중계점,127.0686266,37.64072259,버스
4065,노원평생학습관,127.0689347,37.63934286,버스
4066,대진여자고등학교,127.067158,37.644552,버스
4067,청계초등학교,127.0669303,37.64450811,버스
4068,중계역1번출구,127.063757,37.646265,버스
4069,상계역,127.073973,37.661365,버스
4070,상계역,127.0730189,37.65934553,버스
4071,상계역,127.073408,37.659257,버스
4072,중계주공3단지,127.0773101,37.6569324,버스
4073,중계주공2단지,127.07783,37.657048,버스
4074,중계주공4단지,127.0780504,37.65563878,버스
4075,중계주공4단지,127.078357,37.65414,버스
4076,중계1동주민센터,127.0775629,37.65186702,버스
4077,신한은행중계동지점,127.077402,37.650543,버스
4078,기업은행중계동WM센터,127.077627,37.650735,버스
4079,공릉신도2차아파트,127.0715005,37.62541227,버스
4080,노원문화예술회관.불암초등학교,127.0801603,37.65067766,버스
4081,노원문화예술회관.불암초등학교,127.0809178,37.65004819,버스
4082,영신여자고등학교입구,127.081118,37.64982,버스
4083,불암고등학교,127.080575,37.64850217,버스
4084,중계본동주민센터,127.0806838,37.64747397,버스
4085,노원우체국,127.081718,37.64603243,버스
4086,노원우체국,127.0819108,37.64615845,버스
4087,중계본동종점,127.083058,37.644643,버스
4088,중계주공7단지,127.079788,37.647938,버스
4089,중계주공6단지상가,127.0794425,37.64812629,버스
4090,대림벽산아파트,127.077428,37.647837,버스
4091,중계주공6단지,127.07758,37.648085,버스
4092,은행사거리,127.076862,37.64989,버스
4093,대림벽산아파트,127.076745,37.646757,버스
4094,하계역,127.068123,37.63664,버스
4095,하계미성아파트,127.068822,37.635092,버스
4096,서울과학기술대앞,127.0760826,37.63055652,버스
4097,중계주공9단지후문,127.0766,37.643023,버스
4098,중계주공9단지후문,127.076223,37.64303,버스
4099,삼익선경아파트후문.시립과학관,127.076359,37.639898,버스
4100,한신동성아파트.시립과학관,127.076093,37.640197,버스
4101,삼익선경아파트,127.0775271,37.63810845,버스
4102,대진고등학교.하계우방아파트,127.0773942,37.63787606,버스
4103,하계미성아파트.을지병원,127.0694328,37.6365848,버스
4104,하계역,127.0694876,37.63685375,버스
4105,한성여객종점,127.070056,37.63813,버스
4106,한성여객종점,127.070816,37.63727106,버스
4107,상계중앙하이츠2단지,127.0674044,37.65498919,버스
4108,북부여성발전센터앞,127.0623625,37.64326081,버스
4109,그린아파트101동앞,127.061918,37.6443054,버스
4110,대진고등학교,127.0736491,37.63793622,버스
4111,골마을근린공원,127.074233,37.638345,버스
4112,서울온천,127.074308,37.63936483,버스
4113,하계1동주민센터,127.0728303,37.64042632,버스
4114,노원경찰서.혜성여고,127.072526,37.6420899,버스
4115,노원경찰서,127.072132,37.642018,버스
4116,동천학교,127.07424,37.644083,버스
4117,동천학교,127.073769,37.644076,버스
4118,서라벌고등학교,127.07474,37.645015,버스
4119,하계현대아파트,127.0711485,37.64495798,버스
4120,홈플러스중계점,127.068993,37.640465,버스
4121,하계한신청구아파트,127.068945,37.639192,버스
4122,경기기계공업고등학교,127.0740538,37.63092906,버스
4123,한천중학교,127.0734431,37.63094205,버스
4124,하계역,127.067613,37.636803,버스
4125,하계장미아파트,127.0688041,37.63407882,버스
4126,하계2동주민센터,127.0681322,37.6319907,버스
4127,하계2동주민센터,127.068115,37.631773,버스
4128,중평초등학교,127.065373,37.636602,버스
4129,하계극동아파트,127.064587,37.633833,버스
4130,하계시영아파트,127.065452,37.634055,버스
4131,하계우성아파트,127.066652,37.63514,버스
4132,하계장미아파트,127.0669625,37.63492779,버스
4133,중평초등학교,127.065006,37.636961,버스
4134,석계역1번출구,127.064818,37.615168,버스
4135,중계1동신안아파트,127.07229,37.65125,버스
4136,하계5단지아파트,127.0663249,37.63394147,버스
4137,그린아파트101동앞,127.0616415,37.64434339,버스
4138,북부여성발전센터앞,127.0621743,37.64317531,버스
4139,당현초등학교,127.058925,37.648347,버스
4140,상계주공2단지상가,127.057071,37.650412,버스
4141,월계미성아파트,127.0691618,37.62146705,버스
4142,벼루말교,127.0552208,37.61984884,버스
4143,청구빌라.연촌초등학교,127.071477,37.635092,버스
4144,청구빌라.연촌초등학교,127.071537,37.63528,버스
4145,벼루말교,127.0552252,37.61966502,버스
4146,하계1치안센터,127.072415,37.63311,버스
4147,하계1치안센터,127.0722633,37.63294949,버스
4148,월계중학교,127.0511179,37.63005456,버스
4149,염광중학교후문,127.0510739,37.63033662,버스
4150,물류센터,127.0640318,37.61705373,버스
4151,월계역신도브래뉴아파트앞,127.059074,37.629878,버스
4152,태릉입구,127.0786053,37.61833077,버스
4153,석계역1번출구.B,127.065202,37.614924,버스
4154,삼화상운차고지,127.052946,37.62608628,버스
4155,월계동진아교통,127.064418,37.627735,버스
4156,월계동진아교통,127.06447,37.627618,버스
4157,중계본동종점,127.082796,37.644617,버스
4158,한성여객종점,127.070635,37.637536,버스
4159,흥안운수상계4동종점,127.0822757,37.67083422,버스
4160,삼화상운,127.05038,37.627217,버스
4161,유원극동아파트,127.046128,37.62960157,버스
4162,유원극동아파트,127.0462391,37.62967271,버스
4163,월계미륭아파트,127.068042,37.624038,버스
4164,7단지영업소,127.0637357,37.66027786,버스
4165,수락리버시티3.4단지,127.052687,37.68721,버스
4166,7단지영업소,127.0641071,37.65964199,버스
4167,경춘선숲길방문자센터,127.070397,37.631832,버스
4168,월계주공1단지아파트앞,127.05156,37.62626,버스
4169,불암산스포츠타운,127.082806,37.639013,버스
4170,중계본동종점,127.0828808,37.64447649,버스
4171,불암산스포츠타운,127.082437,37.638684,버스
4172,수락현대아파트,127.0602824,37.67463564,버스
4173,서울특별시북부기술교육원,127.0571173,37.64216054,버스
4174,상계8동주민센터,127.051943,37.666974,버스
4175,온곡초등학교,127.0664538,37.66671546,버스
4176,상계역,127.0736492,37.66064423,버스
4177,수락산디자인거리,127.057874,37.674971,버스
4178,상계주공11단지,127.0551197,37.66701776,버스
4179,보람아파트앞,127.06617,37.66496663,버스
4180,노원센트럴푸르지오아파트상가,127.0751188,37.6638676,버스
4181,7호선수락산역,127.055857,37.675835,버스
4182,마들역,127.057475,37.665561,버스
4183,오뚜기슈퍼,127.0727574,37.66437525,버스
4184,상계주공9단지,127.0593675,37.66467109,버스
4185,대동아파트,127.072241,37.620137,버스
4186,또또슈퍼,127.0716044,37.66530677,버스
4187,상계주공14단지,127.0578625,37.67092171,버스
4188,청원고등학교,127.061113,37.66451702,버스
4189,수락산역,127.055226,37.677823,버스
4190,대동택시,127.0708375,37.66588212,버스
4191,14단지상가,127.0595053,37.6697567,버스
4192,상계주공9단지.포레나노원,127.0616938,37.66226492,버스
4193,상계금호어울림아파트입구,127.0695324,37.66659204,버스
4194,상원초등학교,127.060307,37.668107,버스
4195,주유소앞,127.0658942,37.6556172,버스
4196,건민약국앞,127.0719758,37.62501383,버스
4197,노일중학교,127.0546942,37.67253975,버스
4198,한신1차아파트후문,127.0692075,37.66590651,버스
4199,청원고등학교후문,127.0616682,37.66699559,버스
4200,벽산상가,127.0655683,37.63559988,버스
4201,롯데백화점.노원역4번출구,127.0621375,37.65478394,버스
4202,상계1차현대아파트,127.0528007,37.67206214,버스
4203,상계한신1차아파트상가,127.0689224,37.66526601,버스
4204,상계주공13단지,127.0634329,37.66674686,버스
4205,노원역10번출구,127.0644342,37.65664073,버스
4206,노원구청앞,127.058277,37.653934,버스
4207,한신1차아파트정문,127.0682379,37.6654268,버스
4208,보람아파트정문,127.0644308,37.6645549,버스
4209,한신3차아파트,127.0672197,37.66568297,버스
4210,상계주공15단지,127.053617,37.67063808,버스
4211,광운대역,127.061412,37.62292118,버스
4212,청솔7단지아파트,127.0722281,37.63173035,버스
4213,대림아파트105동앞,127.073725,37.662867,버스
4214,상계6동우체국,127.0588726,37.65369891,버스
4215,상신교회,127.0710327,37.66130543,버스
4216,석계역,127.0644586,37.61542163,버스
4217,노원역2번출구,127.063159,37.656281,버스
4218,노원역5번출구,127.0616022,37.65432737,버스
4219,장미6단지아파트,127.0669925,37.63295981,버스
4220,화진연립,127.060756,37.61588135,버스
4221,KT플라자노원점,127.063664,37.654889,버스
4222,중계센트럴파크아파트,127.05969,37.64379,버스
4223,장석교회,127.0509399,37.62426686,버스
4224,교육촌.벼루말,127.052674,37.621867,버스
4225,꿈의숲SK뷰아파트,127.053655,37.620868,버스
4226,석계역문화공원,127.064422,37.615372,버스
4227,꿈의숲SK뷰아파트,127.053777,37.620879,버스
4228,장미5단지아파트,127.066487,37.63408285,버스
4229,당고개역,127.0784856,37.6692446,버스
4230,동신아파트,127.0609645,37.61730405,버스
4231,순복음교회,127.0659778,37.65530988,버스
4232,수락산역,127.055286,37.68025899,버스
4233,하계역,127.068366,37.635345,버스
4234,지에스마트,127.0659762,37.66379083,버스
4235,보람아파트상가,127.0651801,37.66465901,버스
4236,삼창아파트,127.0596523,37.6181959,버스
4237,포레나노원,127.0616934,37.66318582,버스
4238,청솔7단지앞,127.0723073,37.63159604,버스
4239,경춘선숲길방문자센터,127.070405,37.63161521,버스
4240,메디아이산부인과,127.0669717,37.65649154,버스
4241,보람1차후문,127.0656993,37.66210327,버스
4242,상계주공13단지,127.063863,37.666671,버스
4243,노일초교,127.0559096,37.67277346,버스
4244,노일초교앞,127.055255,37.67358744,버스
4245,마들역,127.0574058,37.66514513,버스
4246,마들역,127.0575484,37.66640296,버스
4247,노원역,127.0609915,37.6518335,버스
4248,노원역,127.0612203,37.65295252,버스
4249,중계역,127.0627647,37.6472686,버스
4250,중계역,127.0628447,37.64808494,버스
4251,하계역,127.0688594,37.63504024,버스
4252,하계역,127.0683473,37.63515587,버스
4253,동신아파트,127.0586613,37.61708085,버스
4254,청백아파트,127.052348,37.63221,버스
4255,청백아파트,127.0525502,37.63252842,버스
4256,월계주공2단지앞,127.054667,37.6292,버스
4257,인덕대앞,127.054777,37.62934,버스
4258,청원고등학교,127.0613183,37.66462144,버스
4259,청백아파트종점,127.0524832,37.63555897,버스
4260,롯데캐슬루나아파트,127.0515463,37.62522907,버스
4261,인덕대학,127.0554494,37.62869647,버스
4262,인덕대학,127.0551905,37.62792256,버스
4263,롯데캐슬루나아파트,127.0513039,37.62538597,버스
4264,수락터미널,127.053626,37.678762,버스
4265,상계2동주민센터,127.068271,37.65804613,버스
4266,온곡중학교,127.0653476,37.66042115,버스
4267,청원고등학교후문,127.0619732,37.66707743,버스
4268,화진연립,127.0607955,37.61575067,버스
4269,석계역,127.0639696,37.6152948,버스
4270,마들역,127.05686,37.664477,버스
4271,수락리버시티3.4단지,127.0528499,37.68705601,버스
4272,14단지상가,127.0596913,37.66987825,버스
4273,농협,127.064309,37.6166562,버스
4274,동일초등학교,127.0557934,37.66441243,버스
4275,월계1동주민센터,127.0635603,37.61938599,버스
4276,주공11단지성당,127.053488,37.664495,버스
4277,건민약국앞,127.0718695,37.62524187,버스
4278,상계주공14단지,127.0566789,37.67066368,버스
4279,광운대역,127.0613442,37.62318794,버스
4280,대아아파트,127.071166,37.622991,버스
4281,대주아파트,127.071688,37.621562,버스
4282,7호선수락산역,127.0560307,37.67556944,버스
4283,대동아파트,127.0721221,37.619658,버스
4284,성원아파트,127.0655776,37.6603174,버스
4285,수락산디자인거리,127.057699,37.67487391,버스
4286,공릉초등학교,127.072547,37.618327,버스
4287,보람1차후문,127.0659577,37.66211664,버스
4288,수락현대아파트,127.0595714,37.67434225,버스
4289,하계실버센터,127.064896,37.633742,버스
4290,지에스마트,127.0661459,37.66340778,버스
4291,벽산상가,127.065882,37.6354312,버스
4292,현대우성아파트,127.06519,37.63703,버스
4293,미도아파트앞,127.0608645,37.64479703,버스
4294,상계현대3차아파트,127.0537429,37.67073083,버스
4295,24시편의점,127.0706292,37.66137145,버스
4296,원자력병원입구,127.0775986,37.62736931,버스
4297,상원초등학교,127.0606,37.667989,버스
4298,상원중학교,127.05795,37.671119,버스
4299,노원역8번출구,127.059262,37.65532,버스
4300,서울과학기술대학교정문앞,127.0771009,37.63029274,버스
4301,대학본부앞,127.0787105,37.63212989,버스
4302,붕어방,127.07799,37.634002,버스
4303,대학본부앞,127.0784952,37.63206335,버스
4304,서울과학기술대학교정문앞,127.0775867,37.6311854,버스
4305,중계그린아파트,127.064179,37.64070167,버스
4306,브라운스톤중계,127.0640735,37.64047916,버스
4307,석계역문화공원(북),127.064422,37.615372,버스
4308,당고개역,127.0797113,37.67061702,버스
4309,동막골유원지,127.0866349,37.6751004,버스
4310,상계3.4동주민센터,127.0831809,37.67231586,버스
4311,상계3.4동주민센터,127.083425,37.67300371,버스
4312,상계4동,127.0844988,37.67387919,버스
4313,동막골유원지,127.0864366,37.67522759,버스
4314,덕은교.은평차고지앞,126.8840903,37.58958074,버스
4315,덕은교.은평차고지앞,126.8848376,37.58919899,버스
4316,수색교,126.888672,37.585759,버스
4317,수색교,126.89018,37.584698,버스
4318,수색역앞,126.893238,37.58322303,버스
4319,수색역앞,126.894103,37.583047,버스
4320,디지털미디어시티역,126.900505,37.579047,버스
4321,디지털미디어시티역,126.901345,37.578622,버스
4322,은평뉴타운10단지,126.915165,37.642948,버스
4323,은평뉴타운10단지,126.91373,37.643407,버스
4324,구파발역입구,126.917023,37.636164,버스
4325,구파발역입구,126.916837,37.637116,버스
4326,박석고개.신도고등학교,126.919374,37.629919,버스
4327,박석고개.신도고등학교,126.919061,37.63108727,버스
4328,세명컴퓨터고등학교,126.9199735,37.62421479,버스
4329,세명컴퓨터고등학교,126.9199961,37.62528259,버스
4330,연신내역.연서시장,126.9218398,37.6183599,버스
4331,연신내역.연서시장,126.9210382,37.61925805,버스
4332,동명여고.천주교불광동성당,126.9250457,37.61560299,버스
4333,동명여고.천주교불광동성당,126.9240393,37.61618535,버스
4334,불광역3.6호선,126.9287979,37.6119113,버스
4335,불광역3.6호선,126.9281552,37.61244739,버스
4336,불광역3호선.서울혁신파크,126.931625,37.60865,버스
4337,불광역3호선.서울혁신파크,126.931067,37.609067,버스
4338,한전서대문은평.북한산푸르지오,126.9343059,37.60555327,버스
4339,한전서대문은평.북한산푸르지오,126.933807,37.606093,버스
4340,녹번역,126.935322,37.60186197,버스
4341,녹번역,126.9350486,37.60243491,버스
4342,불광역1번출구,126.9304603,37.61008793,버스
4343,불광역3.6호선,126.9283886,37.61248358,버스
4344,동명여고,126.924228,37.616295,버스
4345,연신내역,126.9221617,37.61819251,버스
4346,선일하이츠빌라,126.919943,37.62279,버스
4347,세명컴퓨터고등학교,126.9202811,37.62574865,버스
4348,구파발역2번출구,126.918989,37.636768,버스
4349,구파발역.롯데몰,126.918577,37.637248,버스
4350,구파발역.롯데몰,126.918533,37.637246,버스
4351,박석고개,126.9198716,37.62623738,버스
4352,신한은행갈현지점,126.9196884,37.62384696,버스
4353,연신내역,126.92256,37.617346,버스
4354,동명여고,126.9240648,37.61597708,버스
4355,불광역3.6호선,126.927845,37.612663,버스
4356,불광역4번출구,126.930336,37.609758,버스
4357,녹번역,126.933176,37.601187,버스
4358,은평구청,126.9304072,37.60142755,버스
4359,은평세무서,126.9263379,37.60139985,버스
4360,본서부병원,126.9238,37.6009,버스
4361,신진과학기술고교.이마트은평점,126.9185107,37.59985981,버스
4362,응암역신사오거리,126.914866,37.599036,버스
4363,응암역신사오거리,126.9149894,37.59875925,버스
4364,신진과학기술고교.이마트은평점,126.9186296,37.59953765,버스
4365,본서부병원,126.9235788,37.60055018,버스
4366,은평세무서,126.926653,37.60122164,버스
4367,은평구청,126.930393,37.601197,버스
4368,녹번초등학교.은평세무서,126.9261579,37.60283911,버스
4369,역촌역.역촌오거리,126.9224758,37.60695709,버스
4370,삼성타운,126.920971,37.60870329,버스
4371,구산역1번출구.예일여고,126.91818,37.61085228,버스
4372,역촌중앙시장,126.914718,37.612813,버스
4373,구산사거리,126.912487,37.613613,버스
4374,선진운수종점,126.910458,37.614342,버스
4375,선정중고등학교,126.908392,37.615836,버스
4376,서울경찰청86.87기동대.우남아파트,126.906434,37.618049,버스
4377,서울경찰청86.87기동대.우남아파트,126.9058308,37.61852843,버스
4378,선정중고등학교,126.90808,37.615714,버스
4379,선진운수종점,126.910862,37.613895,버스
4380,구산사거리,126.9125387,37.61324062,버스
4381,역촌중앙시장,126.914677,37.612525,버스
4382,구산역2번출구.예일여고,126.9177586,37.6107738,버스
4383,하나은행역촌동지점,126.9200382,37.60926765,버스
4384,역촌역.역촌오거리,126.9224015,37.60657407,버스
4385,녹번초등학교.은평세무서,126.925031,37.60366617,버스
4386,응암초등학교,126.921124,37.58707937,버스
4387,은평문화예술정보학교,126.918898,37.588893,버스
4388,응암오거리,126.9165522,37.59073618,버스
4389,신사초등학교,126.9135452,37.59313992,버스
4390,신사동고개사거리,126.909871,37.596033,버스
4391,신사동고개사거리,126.9099683,37.59560713,버스
4392,신사초등학교,126.9128485,37.59335837,버스
4393,응암오거리,126.9161468,37.59073228,버스
4394,은평문화예술정보학교,126.918622,37.588822,버스
4395,응암초등학교,126.920307,37.587477,버스
4396,대림시장,126.9165436,37.5878269,버스
4397,대림시장,126.9170369,37.58868474,버스
4398,응암역.신사오거리,126.9152248,37.59793582,버스
4399,신흥시장,126.914564,37.59540149,버스
4400,새절역,126.9134546,37.59118719,버스
4401,와산교,126.9126986,37.58788955,버스
4402,증산종합시장.증산중학교입구,126.90615,37.580827,버스
4403,증산종합시장.증산중학교입구,126.9063881,37.5805913,버스
4404,증산역.증산동주민센터,126.9096815,37.583681,버스
4405,와산교,126.9130845,37.58809438,버스
4406,새절역.숭실고입구,126.913892,37.591681,버스
4407,신흥시장,126.9148958,37.59540173,버스
4408,응암역.신사오거리,126.9156062,37.5981073,버스
4409,역촌초등학교,126.9160547,37.60218144,버스
4410,역말사거리,126.9155586,37.60614947,버스
4411,구산역2번출구.예일여고,126.9169034,37.60995121,버스
4412,구산역1번출구,126.9175369,37.61165831,버스
4413,대조동주민센터,126.9179364,37.61407259,버스
4414,연신내역.로데오거리,126.9199962,37.61782072,버스
4415,연서시장,126.9225911,37.61924256,버스
4416,종로약국,126.9246381,37.62037654,버스
4417,불광지구대,126.9267891,37.62177458,버스
4418,북한산대창센시티아파트,126.9288095,37.62480706,버스
4419,은평경찰서,126.9294752,37.62763236,버스
4420,폭포동,126.931032,37.630715,버스
4421,신도중학교,126.9315291,37.63334827,버스
4422,은평노인종합복지관.신도중학교,126.931533,37.632495,버스
4423,폭포동.은평노인종합복지관,126.9310069,37.63138267,버스
4424,은평경찰서,126.929277,37.628117,버스
4425,연신초등학교,126.9287702,37.62562342,버스
4426,불광지구대,126.9265058,37.6218555,버스
4427,새장골유래비,126.9243797,37.62051965,버스
4428,연서시장,126.9225341,37.61959665,버스
4429,연신내역.로데오거리,126.919655,37.61801332,버스
4430,은평연세병원,126.917738,37.61474,버스
4431,구산역4번출구,126.917187,37.611892,버스
4432,구산역3번출구.예일여고,126.916776,37.610497,버스
4433,역말사거리,126.9151429,37.60621045,버스
4434,역촌초등학교,126.9155726,37.60279293,버스
4435,응암역2번출구,126.9158607,37.60042148,버스
4436,신사동고개.은평지역자활센터,126.9102537,37.59841333,버스
4437,서울기독대학교입구,126.9103848,37.60143748,버스
4438,시립서북병원세현교회앞,126.9106589,37.60614586,버스
4439,구산중학교.구산교회,126.91102,37.608955,버스
4440,구산동주민센터.구산치안센터,126.911363,37.61138,버스
4441,구산동주민센터.구산치안센터,126.91129,37.612207,버스
4442,구산중학교.구산교회,126.9108336,37.6088024,버스
4443,시립서북병원세현교회앞,126.9104597,37.60601686,버스
4444,서울기독대학교입구,126.9102267,37.60203208,버스
4445,우남교통,126.9101252,37.59976667,버스
4446,신사동고개.은평지역자활센터,126.9100666,37.59860061,버스
4447,갈현1동주민센터,126.916924,37.62396759,버스
4448,한일탕,126.9184103,37.62608257,버스
4449,한일탕,126.918749,37.62614948,버스
4450,갈현1동주민센터,126.9170449,37.62324681,버스
4451,불광롯데캐슬아파트,126.9320721,37.6130745,버스
4452,진관초교입구,126.9258465,37.64690517,버스
4453,푸르지오625동앞.관음사입구,126.928667,37.648985,버스
4454,삼천리골입구56사단북한산부대,126.9351168,37.65034464,버스
4455,백화사,126.9389595,37.65355093,버스
4456,흥국사,126.9420102,37.65676212,버스
4457,북한산성입구,126.9453652,37.6580874,버스
4458,북한산성입구,126.9453413,37.65818741,버스
4459,흥국사,126.94219,37.657265,버스
4460,백화사,126.9390035,37.65374469,버스
4461,삼천리골입구56사단북한산부대,126.933315,37.650083,버스
4462,진관초교관음사입구,126.926869,37.64777354,버스
4463,푸르지오618동앞.관음사입구,126.929232,37.649682,버스
4464,진관중고교약수사입구,126.9236855,37.64570265,버스
4465,응암2동주민센터,126.9236016,37.59592455,버스
4466,응암2동주민센터,126.923082,37.595649,버스
4467,이마트.은평점,126.918586,37.600054,버스
4468,서부경찰서,126.920592,37.601367,버스
4469,해주드림빌APT,126.9220665,37.60416705,버스
4470,역촌역.역촌오거리,126.9232432,37.60680159,버스
4471,대조시장앞,126.9265165,37.60865551,버스
4472,양광교회앞,126.9282418,37.60846194,버스
4473,불광역.불광1동주민센터,126.9322904,37.60909599,버스
4474,독박골.북한산래미안APT앞,126.9397955,37.61051296,버스
4475,구기터널입구,126.944938,37.610411,버스
4476,구기터널입구,126.9457747,37.61075195,버스
4477,독박골.북한산래미안APT,126.9396027,37.61074354,버스
4478,불광역.불광1동주민센터,126.9326083,37.6095287,버스
4479,양광교회,126.9289519,37.60854527,버스
4480,대조시장,126.926162,37.608786,버스
4481,역촌오거리,126.9239679,37.6076555,버스
4482,역촌역1번출구,126.9221735,37.60524067,버스
4483,서부경찰서,126.920548,37.602018,버스
4484,이마트.은평점,126.918138,37.600238,버스
4485,응암1동주민센터,126.926767,37.600152,버스
4486,영락중학교입구,126.92434,37.597337,버스
4487,시립은평병원,126.922968,37.5932,버스
4488,백련산힐스테이트4차,126.922674,37.590011,버스
4489,충암고교앞.대주피오레아파트,126.922653,37.58684583,버스
4490,충암고교앞.대주피오레아파트,126.9228521,37.58695679,버스
4491,백련산힐스테이트2차,126.9228702,37.59031336,버스
4492,시립은평병원,126.923127,37.593283,버스
4493,영락중학교입구,126.9241657,37.59690926,버스
4494,응암1동주민센터,126.9270456,37.60039648,버스
4495,한솔아파트입구선정중학교후문,126.913707,37.61579605,버스
4496,갈현동미미아파트,126.9151519,37.618203,버스
4497,선일여고입구,126.9157125,37.61934237,버스
4498,갈현동성당앞,126.9165922,37.62079464,버스
4499,갈현동성당앞,126.916227,37.62054,버스
4500,선일여고입구,126.915519,37.619392,버스
4501,갈현동미미아파트,126.9149435,37.61818573,버스
4502,한솔아파트입구선정중학교후문,126.9137542,37.61607813,버스
4503,불광역9번출구.불광초등학교,126.930517,37.611288,버스
4504,불광대호아파트,126.93247,37.614479,버스
4505,불광1동공동주차장앞,126.933002,37.615697,버스
4506,불광1치안센터.독바위역,126.933141,37.617356,버스
4507,수리초등학교입구,126.932557,37.619248,버스
4508,북한산수자인아파트,126.9316656,37.62168061,버스
4509,불광중학교,126.930952,37.622872,버스
4510,북한산대창센시티아파트,126.9299355,37.62372824,버스
4511,북한산대창센시티아파트,126.9296816,37.62384883,버스
4512,불광중학교,126.9310525,37.62250072,버스
4513,북한산수자인아파트,126.931655,37.621045,버스
4514,수리초등학교입구,126.932512,37.619092,버스
4515,불광1치안센터.독바위역,126.933077,37.617938,버스
4516,불광1동공동주차장앞,126.932728,37.6163,버스
4517,불광대호아파트,126.932333,37.614533,버스
4518,불광초등학교,126.9304574,37.61157019,버스
4519,신사동고개사거리,126.9103319,37.59561942,버스
4520,백련산SK뷰아이파크아파트,126.919156,37.595846,버스
4521,서부경찰서후문,126.9223367,37.60243264,버스
4522,신진과학기술고등학교,126.920325,37.59791,버스
4523,응암시장,126.9179796,37.5943145,버스
4524,서서울농협본점,126.9181312,37.59344415,버스
4525,신진과학기술고등학교,126.9206733,37.59782247,버스
4526,서부경찰서후문,126.9226456,37.60186953,버스
4527,디지털미디어시티역,126.900601,37.579265,버스
4528,수색역,126.896196,37.581891,버스
4529,덕은교.은평차고지앞,126.8856592,37.58859448,버스
4530,덕은교.은평차고지앞,126.8834469,37.58996113,버스
4531,수색교,126.88869,37.585563,버스
4532,수색119안전센터,126.8924281,37.5834692,버스
4533,수색역,126.8972984,37.58072521,버스
4534,디지털미디어시티역,126.9012939,37.57827045,버스
4535,수색초등학교,126.897645,37.58389645,버스
4536,e편한세상수색에코포레,126.900207,37.58587113,버스
4537,은평터널앞,126.9058342,37.59161298,버스
4538,e편한세상수색에코포레,126.900269,37.58610186,버스
4539,수색초등학교,126.8978676,37.5844411,버스
4540,새마을금고앞,126.911854,37.588999,버스
4541,새마을금고앞,126.9123692,37.58872192,버스
4542,미성아파트앞,126.910122,37.589962,버스
4543,미성아파트앞,126.9101747,37.58972408,버스
4544,상신중학교앞,126.906454,37.590611,버스
4545,상신중학교앞,126.906192,37.590528,버스
4546,숭실고입구,126.906391,37.591947,버스
4547,현대아파트앞,126.907944,37.593711,버스
4548,현대아파트앞,126.907713,37.593637,버스
4549,신사사거리,126.9089728,37.59567935,버스
4550,신사사거리,126.9088142,37.59572609,버스
4551,동명여고후문,126.92432,37.61339654,버스
4552,동명탕앞,126.9220488,37.61137753,버스
4553,하나은행역촌동지점,126.9204238,37.6083362,버스
4554,충북슈퍼앞,126.9178318,37.60598439,버스
4555,역촌동주민센터,126.914828,37.605725,버스
4556,제각말5단지.은평뉴타운도서관,126.93551,37.638398,버스
4557,제각말5단지.은평뉴타운도서관,126.9344375,37.63673615,버스
4558,연신초등학교,126.92919,37.625899,버스
4559,증산역.증산동주민센터,126.9093224,37.58375461,버스
4560,연신초등학교.연신내성당,126.929043,37.626872,버스
4561,신사동고개,126.9108259,37.59816326,버스
4562,시립서북병원,126.9103118,37.60468944,버스
4563,신사동고개,126.909917,37.59776699,버스
4564,녹번역,126.934225,37.600877,버스
4565,시립서북병원,126.910563,37.605176,버스
4566,구산동사거리,126.9122339,37.61427123,버스
4567,구산동사거리,126.912121,37.614367,버스
4568,역촌동성당,126.912148,37.60556,버스
4569,역촌동성당,126.9125362,37.60573728,버스
4570,호림아파트앞,126.9208187,37.60915193,버스
4571,은평권역공영차고지,126.884374,37.591459,버스
4572,응암정보도서관,126.919898,37.586568,버스
4573,응암정보도서관,126.9201891,37.58674957,버스
4574,서울중앙교회앞,126.9181435,37.58523704,버스
4575,우성공인중개사,126.9188764,37.58504291,버스
4576,응암오거리,126.9159858,37.59085922,버스
4577,갈현노인복지센터,126.9172143,37.624722,버스
4578,녹번동대림JR아파트앞,126.937212,37.599268,버스
4579,연서중학교입구,126.9122782,37.58622944,버스
4580,연서중학교입구,126.911754,37.58617137,버스
4581,지축교앞,126.917493,37.645043,버스
4582,지축교앞,126.919686,37.6448504,버스
4583,진관중고교약수사입구,126.922962,37.64516063,버스
4584,응암3동주민센터,126.9173132,37.5911611,버스
4585,롯데캐슬823동앞,126.9217561,37.64207273,버스
4586,진관중고교.약수사앞,126.923136,37.64341084,버스
4587,아이파크701동앞,126.9280934,37.64604512,버스
4588,푸르지오621동앞,126.930478,37.648436,버스
4589,진관초교앞,126.9294,37.64627,버스
4590,생태공원앞,126.9289702,37.64407499,버스
4591,진관중고교.약수사앞,126.924132,37.643627,버스
4592,래미안909동앞,126.9215474,37.64115349,버스
4593,하나고.삼천사.진관사입구,126.938408,37.641815,버스
4594,응암3동주민센터,126.917696,37.59162906,버스
4595,입곡삼거리,126.936408,37.649733,버스
4596,입곡삼거리,126.937378,37.651691,버스
4597,아이파크709동앞,126.9266769,37.64485753,버스
4598,은진초교입구.은뜨락도서관,126.9208,37.63076,버스
4599,은진초교입구.은뜨락도서관,126.9209179,37.63101951,버스
4600,은평구민체육센터앞,126.922569,37.631421,버스
4601,은평구민체육센터앞,126.923248,37.631655,버스
4602,신도초중교입구.한국고전번역원,126.925337,37.631487,버스
4603,신도초중교입구.한국고전번역원,126.9269041,37.63156312,버스
4604,은평성모병원,126.917492,37.633809,버스
4605,아이파크714동앞,126.926202,37.644767,버스
4606,푸르지오604동앞,126.930083,37.647765,버스
4607,푸르지오614동앞,126.931495,37.649745,버스
4608,아이파크708동앞,126.92713,37.645634,버스
4609,진관동주민센터.은평우체국,126.919781,37.634545,버스
4610,진관동주민센터.은평우체국,126.91982,37.634698,버스
4611,동부센트레빌324동앞,126.924645,37.634163,버스
4612,두산위브253동앞,126.923168,37.634275,버스
4613,동부센트레빌320동앞,126.9278047,37.63408976,버스
4614,신도초교.은평메디텍고등학교,126.929245,37.634313,버스
4615,하나고.삼천사.진관사입구,126.9381068,37.64176436,버스
4616,두산위브205동앞,126.9262624,37.63426686,버스
4617,래미안922동앞,126.921341,37.64408,버스
4618,롯데캐슬820동앞,126.9215693,37.64400182,버스
4619,진관공영차고지,126.9079339,37.64672726,버스
4620,진관공영차고지,126.908116,37.64666583,버스
4621,기자촌11단지앞,126.93258,37.634757,버스
4622,수국사입구,126.906785,37.616775,버스
4623,응암초교.백련산힐스테이트3차,126.9227144,37.5887751,버스
4624,신도초교.은평메디텍고등학교,126.930538,37.634092,버스
4625,응암초교.백련산힐스테이트3차,126.922555,37.588335,버스
4626,녹번센트레빌아파트,126.9259022,37.59879995,버스
4627,녹번센트레빌아파트,126.9259811,37.59915953,버스
4628,선진운수종점,126.909608,37.614378,버스
4629,기자촌사거리,126.932131,37.634432,버스
4630,갈현중앙시장,126.918397,37.623464,버스
4631,갈현중앙시장,126.9189696,37.62328419,버스
4632,덕산중학교.씨티아파트,126.9045107,37.6001888,버스
4633,덕산중학교.두산위브아파트,126.9045805,37.60037156,버스
4634,대성중.고등학교,126.9113648,37.62224184,버스
4635,시립은평병원.파크자이아파트,126.921958,37.593376,버스
4636,경향파크아파트,126.9064059,37.60981269,버스
4637,12번지건영아파트,126.913999,37.629087,버스
4638,상신초교.두산.한신아파트,126.9060258,37.59950075,버스
4639,선일여고.빅데이터고,126.9127522,37.62051343,버스
4640,신비로마트,126.920713,37.59350809,버스
4641,대동슈퍼,126.9069187,37.60914539,버스
4642,미미슈퍼,126.9144806,37.62869653,버스
4643,신사1동경로당,126.9065878,37.60110474,버스
4644,미니마트,126.9131286,37.62614368,버스
4645,미미아파트,126.9145752,37.61932984,버스
4646,응암시장입구,126.9184082,37.59385073,버스
4647,구산근린공원.GS편의점,126.9081005,37.60784425,버스
4648,충남슈퍼,126.915238,37.62818887,버스
4649,라이프씨티후문.광성교회,126.9065369,37.60195712,버스
4650,후레쉬유통,126.915051,37.6252521,버스
4651,갈현초교.로데오거리,126.9171433,37.61830173,버스
4652,구산마트,126.9099347,37.60751496,버스
4653,신창슈퍼,126.9162131,37.62753988,버스
4654,역촌센트레빌,126.906673,37.60364407,버스
4655,그린마트,126.9158414,37.62458677,버스
4656,연신내역.물빛공원,126.920064,37.617937,버스
4657,금호아파트,126.9215938,37.59914588,버스
4658,엔에스아파트,126.9129601,37.60740099,버스
4659,대한슈퍼,126.917039,37.62649161,버스
4660,천사원입구.서북병원,126.9072233,37.60460596,버스
4661,갈현1동주민센터,126.9168212,37.6237008,버스
4662,서부경찰서후문,126.9225034,37.60115771,버스
4663,미주아트빌,126.914462,37.60736064,버스
4664,한일탕,126.9181149,37.6258625,버스
4665,GS편의점.제일영광교회,126.9088695,37.60387343,버스
4666,은평세무서,126.92665,37.602627,버스
4667,동아문구,126.9172321,37.62506533,버스
4668,역촌노인복지관,126.9110909,37.60290228,버스
4669,불광보건소,126.9276959,37.62122638,버스
4670,은평문화예술회관,126.9275532,37.60365783,버스
4671,구산전철역,126.9176987,37.61078887,버스
4672,갈현1동주민센터,126.9169038,37.62379817,버스
4673,역촌초등학교후문,126.9130783,37.60216577,버스
4674,금강골드,126.9300583,37.62203968,버스
4675,현대아파트,126.9289335,37.60520223,버스
4676,삼성아파트후문,126.9212919,37.60945411,버스
4677,우리들약국,126.9155822,37.60232708,버스
4678,불광중학교,126.9315965,37.62231181,버스
4679,삼거리,126.9308933,37.60602699,버스
4680,동명탕,126.9222595,37.61137046,버스
4681,갈현1동주민센터,126.9168721,37.62381347,버스
4682,불광동팀수양관,126.9337169,37.62258154,버스
4683,서울혁신파크,126.9332873,37.60643385,버스
4684,동명여고후문,126.9245556,37.6134048,버스
4685,그린마트,126.9160804,37.62458694,버스
4686,불광중학교,126.9315479,37.6225288,버스
4687,녹번전철역,126.935223,37.601652,버스
4688,대조동우체국,126.926633,37.613091,버스
4689,하나은행역촌지점,126.9203621,37.60824333,버스
4690,후레쉬유통,126.9153286,37.62522167,버스
4691,금강골드,126.930021,37.622154,버스
4692,불광전철역,126.930403,37.609785,버스
4693,갈헌1동주민센터,126.9171783,37.62346677,버스
4694,미니마트,126.9133371,37.62606454,버스
4695,불광보건소,126.9277285,37.62147507,버스
4696,양광교회앞,126.9288805,37.60855244,버스
4697,갈현노인복지센터,126.9173681,37.62497081,버스
4698,석광사,126.9117132,37.62647062,버스
4699,한일탕,126.9182679,37.62574907,버스
4700,연신내역.물빛공원,126.9196188,37.61794841,버스
4701,서강스카이빌,126.9215786,37.59963787,버스
4702,금원빌라,126.918217,37.627308,버스
4703,갈현초교.로데오거리,126.9172044,37.61838918,버스
4704,영진빌라,126.91723,37.628026,버스
4705,미미아파트,126.9147744,37.61948361,버스
4706,응암시장입구,126.9191082,37.59363405,버스
4707,일진빌라,126.916511,37.628647,버스
4708,선일여고.빅데이터고,126.912867,37.620586,버스
4709,신비로마트,126.9203269,37.59346548,버스
4710,미주아트빌,126.9148764,37.60747628,버스
4711,미곡빌라,126.91571,37.6292,버스
4712,시립은평병원.파크자이아파트,126.922315,37.593162,버스
4713,엔에스아파트,126.9131548,37.60751467,버스
4714,양지빌라,126.9149121,37.62871042,버스
4715,구산마트,126.9100252,37.60761595,버스
4716,구파발역.롯데몰,126.918503,37.637573,버스
4717,하나은행역촌지점,126.9201615,37.60835493,버스
4718,구산근린공원.GS편의점,126.9085219,37.60782655,버스
4719,은평마을,126.9071997,37.6081355,버스
4720,대동슈퍼,126.9070931,37.60916806,버스
4721,우리들약국,126.9155447,37.60242076,버스
4722,역촌초등학교후문,126.9130431,37.60226576,버스
4723,역촌노인복지관,126.9110704,37.60300769,버스
4724,GS편의점.제일영광교회,126.9089627,37.60391258,버스
4725,천사원입구,126.907281,37.60471143,버스
4726,역촌센트레빌,126.9065348,37.60361152,버스
4727,라이프씨티아파트후문.광성교회,126.9063998,37.60199847,버스
4728,신사1동경로당,126.9064259,37.60105595,버스
4729,은평공영차고지(가상),126.8832625,37.59133871,버스
4730,연신내역6번출구,126.92061,37.61879413,버스
4731,상신초교.두산.한신아파트,126.9063507,37.59962586,버스
4732,청구성심병원후문,126.9193773,37.62032351,버스
4733,역촌역,126.923438,37.605524,버스
4734,역촌역,126.9219467,37.60496984,버스
4735,응암역,126.9151515,37.59768167,버스
4736,응암역,126.9156178,37.59790006,버스
4737,새절역,126.9134207,37.59113671,버스
4738,새절역,126.914027,37.59166969,버스
4739,증산역,126.9097618,37.58372792,버스
4740,증산역,126.9093756,37.58381863,버스
4741,연갈현공판장후문,126.9191125,37.62319418,버스
4742,삼성래미안아파트,126.937962,37.611396,버스
4743,현대힐스테이트1차정문,126.937086,37.612018,버스
4744,현대힐스테이트1차후문,126.9358352,37.6122743,버스
4745,현대홈타운아파트,126.9332607,37.61212059,버스
4746,불광역9번출구,126.9302407,37.61105196,버스
4747,현대홈타운아파트,126.9333186,37.61197645,버스
4748,현대힐스테이트1차후문,126.9352812,37.61241187,버스
4749,현대힐스테이트1차정문,126.93671,37.612039,버스
4750,삼성래미안아파트,126.9380065,37.61109144,버스
4751,힐스테이트302동앞,126.9253747,37.58834248,버스
4752,힐스테이트116동앞,126.9249092,37.58962985,버스
4753,서울연은초등학교,126.9245151,37.59074784,버스
4754,힐스테이트1단지정문앞,126.9242437,37.59150368,버스
4755,힐스테이트상가앞,126.9232775,37.59284028,버스
4756,힐스테이트2단지후문앞,126.923985,37.59200723,버스
4757,서울연은초등학교,126.9244417,37.59054055,버스
4758,힐스테이트212동앞,126.924821,37.58949372,버스
4759,힐스테이트302동앞,126.925316,37.588117,버스
4760,태평양약국,126.917828,37.593111,버스
4761,국민은행,126.9166597,37.58980363,버스
4762,풍림아그네스앞,126.9186054,37.60300682,버스
4763,역촌유치원입구,126.9184603,37.60416101,버스
4764,새생명약국앞,126.9182216,37.60602249,버스
4765,새생명약국앞,126.9180755,37.60595841,버스
4766,역촌유치원입구,126.9182961,37.60414738,버스
4767,풍림아그네스앞,126.9184492,37.60294994,버스
4768,대림e편한세상1단지,126.906143,37.612225,버스
4769,대림e편한세상2단지,126.9066309,37.61283331,버스
4770,현대아파트입구,126.9064105,37.61333774,버스
4771,임창빌라,126.907981,37.613632,버스
4772,온누리약국,126.9091981,37.61431129,버스
4773,G캐슬아파트,126.9150772,37.61520594,버스
4774,길마어린이공원,126.9160552,37.61480115,버스
4775,길천사우나,126.9172395,37.61429017,버스
4776,대림모터스,126.9180073,37.61450066,버스
4777,연서시장,126.921011,37.619575,버스
4778,청구성심병원,126.9193323,37.62102993,버스
4779,아름다운교회,126.918541,37.616314,버스
4780,길마어린이공원,126.91616,37.614929,버스
4781,G캐슬아파트,126.915376,37.615245,버스
4782,한솔아파트입구,126.913895,37.61584215,버스
4783,온누리약국,126.9092716,37.61439334,버스
4784,임창빌라,126.9083379,37.61374835,버스
4785,현대아파트입구,126.906535,37.61345948,버스
4786,대림e편한세상2단지,126.9065109,37.61277644,버스
4787,대림e편한세상1단지,126.906101,37.612291,버스
4788,와산교,126.9141943,37.58888545,버스
4789,서울정형외과,126.9187565,37.59528821,버스
4790,벧엘블래스빌,126.9185163,37.59540338,버스
4791,숭실고등학교,126.903749,37.592443,버스
4792,숭실고등학교입구,126.905843,37.592284,버스
4793,서신초교.내를건너서숲으로도서관,126.9074274,37.59165038,버스
4794,삼거리.명진아파트,126.910658,37.590419,버스
4795,안디옥교회.새절역,126.91301,37.590379,버스
4796,신사초등학교.새절역,126.9134794,37.59316459,버스
4797,상신초등학교입구,126.9080526,37.59673508,버스
4798,행운슈퍼,126.9059418,37.5958756,버스
4799,상신초교후문.산새마을종점,126.9051264,37.59686169,버스
4800,행운슈퍼,126.905852,37.59591,버스
4801,상신초등학교입구,126.90848,37.5966,버스
4802,새절역,126.9134734,37.59123547,버스
4803,삼거리.명진아파트,126.9104975,37.5905859,버스
4804,서신초교.내를건너서숲으로도서관,126.907347,37.591809,버스
4805,숭실고등학교입구,126.905773,37.59242,버스
4806,경남아너스빌.서북병원,126.9055113,37.6048442,버스
4807,힐스테이트상가,126.923802,37.592643,버스
4808,서부중앙교회,126.922394,37.589092,버스
4809,응암초등학교,126.9212382,37.58937642,버스
4810,성암문구사거리,126.9200406,37.58970267,버스
4811,응암감리교회대림시장앞,126.918663,37.588801,버스
4812,응암동성당,126.9195323,37.58904061,버스
4813,성암문구사거리,126.9200062,37.58957428,버스
4814,응암초등학교,126.921364,37.589164,버스
4815,백련산힐스테이트2차앞,126.922784,37.58935,버스
4816,백련산힐스테이트2차상가앞,126.923008,37.591972,버스
4817,은평세무서음식문화거리,126.9251391,37.60204435,버스
4818,은평여성인력개발센터,126.932141,37.607211,버스
4819,대조시장.NC백화점,126.9278361,37.60951756,버스
4820,행정연구원건너편,126.936464,37.609607,버스
4821,파크자이105동앞,126.92292,37.591968,버스
4822,브라운스톤빌앞,126.9124578,37.59054374,버스
4823,구파발(가상),126.919089,37.63484804,버스
4824,6번지입구,126.9190319,37.62686866,버스
4825,북가좌동삼거리,126.9045265,37.57544638,버스
4826,북가좌동삼거리,126.905143,37.575143,버스
4827,DMC래미안e.편한세상요진아파트,126.9096099,37.57167752,버스
4828,DMC래미안e.편한세상요진아파트,126.910313,37.571577,버스
4829,모래내시장.가좌역,126.9150628,37.56907741,버스
4830,모래내시장.가좌역,126.913786,37.569862,버스
4831,사천교,126.918153,37.567558,버스
4832,연희104고지앞.구성산회관,126.925081,37.566285,버스
4833,연희104고지앞.구성산회관,126.9257861,37.56635703,버스
4834,서대문우체국,126.931992,37.561955,버스
4835,서대문우체국,126.9314621,37.56253262,버스
4836,연세대앞,126.935341,37.559959,버스
4837,연세대앞,126.9354996,37.56015691,버스
4838,세브란스병원앞,126.9384507,37.55996746,버스
4839,세브란스병원앞,126.9389237,37.5601326,버스
4840,이대후문,126.9433012,37.56260018,버스
4841,이대후문,126.9436484,37.5630635,버스
4842,동교동삼거리,126.9295196,37.55776469,버스
4843,신촌오거리.현대백화점,126.9345038,37.5559834,버스
4844,신촌오거리.2호선신촌역,126.938693,37.555731,버스
4845,이대역,126.9472705,37.55687557,버스
4846,산골고개,126.9399957,37.59530182,버스
4847,산골고개,126.9404876,37.59496464,버스
4848,홍제역.서대문세무서,126.9443653,37.58849083,버스
4849,홍제역.서대문세무서,126.9453226,37.58784339,버스
4850,홍제삼거리.인왕산한신휴플러스,126.9478427,37.58520705,버스
4851,무악재역,126.9498098,37.58315431,버스
4852,무악재역,126.9506553,37.58186521,버스
4853,안산초등학교,126.951572,37.580686,버스
4854,독립문역.한성과학고,126.9575775,37.57468891,버스
4855,독립문역.한성과학고,126.95656,37.575642,버스
4856,영천시장,126.962533,37.56993913,버스
4857,영천시장,126.9631797,37.56951594,버스
4858,서대문역,126.96583,37.56647453,버스
4859,경찰청.동북아역사재단,126.9692243,37.56247642,버스
4860,인왕산.홍제원아파트,126.9488624,37.58439651,버스
4861,웨딩타운,126.952552,37.55724,버스
4862,아현역,126.956889,37.557396,버스
4863,충정로역,126.963315,37.560855,버스
4864,충정로역,126.962471,37.55984298,버스
4865,서대문역사거리,126.966565,37.565579,버스
4866,모래내시장.가좌역,126.913963,37.569921,버스
4867,사천교,126.9175934,37.56808209,버스
4868,연희104고지앞.구성산회관,126.92421,37.566297,버스
4869,연희104고지앞.구성산회관,126.924998,37.56655,버스
4870,서대문우체국,126.930445,37.56323,버스
4871,서대문우체국,126.9311629,37.56300102,버스
4872,연세대학교앞,126.935305,37.55982,버스
4873,연대앞,126.934836,37.560453,버스
4874,세브란스병원,126.9378407,37.55986802,버스
4875,세브란스병원,126.939242,37.560268,버스
4876,이대부중,126.9429925,37.56221616,버스
4877,이대부중,126.944163,37.56364405,버스
4878,이대부고,126.946423,37.565531,버스
4879,이대부고,126.946476,37.56631776,버스
4880,홍은동동부센트레빌,126.938705,37.596757,버스
4881,산골고개,126.9405746,37.59506873,버스
4882,홍은사거리.북한산더샵아파트앞,126.941265,37.592378,버스
4883,홍제우체국,126.946047,37.586895,버스
4884,영천시장,126.962027,37.57022,버스
4885,금화초등학교.서울시교육청,126.964326,37.56790142,버스
4886,충정로역2호선,126.9640266,37.55961127,버스
4887,이대역,126.946575,37.556982,버스
4888,신촌기차역입구,126.9438433,37.55680821,버스
4889,신촌역2호선,126.93964,37.556188,버스
4890,신촌아트레온,126.940788,37.55650963,버스
4891,동교동삼거리연희동방면,126.9274995,37.55865826,버스
4892,연세로.명물거리,126.936975,37.558149,버스
4893,연세로.스타광장,126.936767,37.55641,버스
4894,연희동대우아파트,126.9279552,37.56262335,버스
4895,연희교차로,126.930163,37.5657,버스
4896,연희교차로,126.930035,37.565947,버스
4897,연희3거리,126.9319225,37.56786646,버스
4898,연희3거리,126.93161,37.567933,버스
4899,한성화교중고교.서대문소방서,126.9354133,37.57230089,버스
4900,한성화교중고교.서대문소방서,126.9352093,37.57247739,버스
4901,서대문자연사박물관입구,126.935406,37.575177,버스
4902,서대문자연사박물관입구,126.935243,37.575229,버스
4903,서대문구청.보건소.구의회,126.936066,37.57824484,버스
4904,서대문구청.서대문구의회,126.9358426,37.57861597,버스
4905,동신병원,126.93601,37.58083,버스
4906,서대문구보건소별관,126.936284,37.582662,버스
4907,정원여중,126.9349879,37.58624953,버스
4908,정원여중.스위스그랜드호텔,126.93526,37.587662,버스
4909,홍은현대아파트.스위스그랜드호텔,126.936427,37.588639,버스
4910,홍은현대아파트,126.938345,37.590057,버스
4911,유진상가,126.942865,37.591753,버스
4912,유진상가,126.943133,37.59218,버스
4913,문화촌현대아파트,126.946542,37.59225,버스
4914,문화촌현대아파트,126.946808,37.592652,버스
4915,서울여자간호대학교.홍은초등학교,126.9492224,37.59610722,버스
4916,서울여자간호대학교.홍은초등학교,126.9487052,37.59564203,버스
4917,유원하나아파트,126.9526777,37.59588428,버스
4918,유원하나아파트,126.952061,37.59574,버스
4919,홍지문.옥천암,126.9565922,37.59657241,버스
4920,홍지문,126.956263,37.59691,버스
4921,북가좌2동주민센터,126.911478,37.579833,버스
4922,북가좌2동주민센터,126.9114609,37.58029965,버스
4923,KT가좌지사,126.913138,37.58204,버스
4924,KT가좌지사,126.913399,37.582861,버스
4925,동도하이츠아파트,126.9150179,37.58467706,버스
4926,동도하이츠아파트,126.9147685,37.58490125,버스
4927,DMC.파크뷰자이,126.916234,37.573861,버스
4928,삼성래미안2차아파트,126.913812,37.57125,버스
4929,모래내삼거리,126.913295,37.570778,버스
4930,DMC래미안e.편한세상2.4단지,126.9109918,37.5767409,버스
4931,모래내우체국.증가교회,126.911825,37.576322,버스
4932,북가좌삼호.DMC아이파크아파트,126.91331,37.57526844,버스
4933,북가좌삼호.DMC아이파크아파트,126.913058,37.57553,버스
4934,DMC센트레빌아파트,126.915772,37.575307,버스
4935,DMC파크뷰자이.별동상가,126.916089,37.575188,버스
4936,래미안루센티아.DMC쌍용,126.918536,37.575566,버스
4937,명지대사거리,126.920981,37.577378,버스
4938,DMC에코자이아파트,126.9195565,37.57643359,버스
4939,DMC센트럴아이파크아파트,126.921853,37.578217,버스
4940,명지대,126.9235486,37.57913668,버스
4941,명지대,126.924292,37.579882,버스
4942,명지대삼거리,126.926105,37.580957,버스
4943,명지대삼거리,126.9263634,37.58127045,버스
4944,고은초등학교.홍제센트럴아이파크,126.9446994,37.58522994,버스
4945,신연중학교서대문도서관,126.9408336,37.58395753,버스
4946,백련교,126.9375486,37.58290066,버스
4947,서대문문화체육회관입구,126.9353907,37.5814082,버스
4948,홍연2교두산아파트앞,126.9308803,37.57842123,버스
4949,홍남교,126.927497,37.576642,버스
4950,연가교,126.9221821,37.57256143,버스
4951,연희파크푸르지오앞,126.9280833,37.57574802,버스
4952,홍연시장,126.930688,37.577128,버스
4953,연희홍연아파트,126.9323548,37.57799767,버스
4954,서대문구청,126.9348719,37.57905066,버스
4955,남가좌현대아파트,126.9218592,37.57491757,버스
4956,신촌기차역,126.94245,37.558777,버스
4957,신촌기차역,126.94293,37.558355,버스
4958,증산교앞,126.9048029,37.57803995,버스
4959,연희지하차도,126.932553,37.577152,버스
4960,연희지하차도,126.932202,37.577503,버스
4961,홍연2교현대교통종점,126.929983,37.578217,버스
4962,홍연2교현대교통종점,126.930207,37.578402,버스
4963,명지대입구.서울무용센터,126.927408,37.580847,버스
4964,명지중고등학교,126.925698,37.58256,버스
4965,명지중고등학교,126.925685,37.582933,버스
4966,명지전문대.충암중고등학교,126.923595,37.584667,버스
4967,명지전문대.충암중고등학교,126.923958,37.584668,버스
4968,연희동자치회관,126.931267,37.569517,버스
4969,연희동자치회관,126.9312959,37.56974757,버스
4970,서대문구보훈회관,126.9293639,37.5717018,버스
4971,서대문구보훈회관,126.929537,37.57183076,버스
4972,홍남교.서대문두바퀴환경센터,126.926983,37.57464,버스
4973,홍남교.서대문두바퀴환경센터,126.927027,37.574885,버스
4974,백련시장,126.9249301,37.57664696,버스
4975,백련시장,126.924702,37.577092,버스
4976,명지대사거리.우리은행,126.922584,37.577431,버스
4977,명지대사거리국민은행앞,126.922413,37.577607,버스
4978,연가초교.DMC래미안클라시스,126.9172943,37.57911895,버스
4979,연가초.연희중.래미안클라시스,126.918066,37.578957,버스
4980,북가좌사거리,126.914667,37.581185,버스
4981,북가좌사거리,126.9141425,37.58183799,버스
4982,북가좌119안전센터,126.9125104,37.5827921,버스
4983,북가좌119안전센터,126.912037,37.583448,버스
4984,충정로역5호선,126.964018,37.561714,버스
4985,미동초등학교,126.9644505,37.5631581,버스
4986,DMC한양아파트,126.90852,37.57649,버스
4987,북가좌초교·DMC현대아파트,126.9084365,37.5767876,버스
4988,독립문역,126.956433,37.575418,버스
4989,서대문경찰서,126.968395,37.563413,버스
4990,충정로역2호선,126.964211,37.55972126,버스
4991,연가교,126.92215,37.572816,버스
4992,명지대입구.신원지벤스타,126.928147,37.580458,버스
4993,현대백화점,126.9330023,37.55666649,버스
4994,서대문종합사회복지관,126.9200245,37.57125972,버스
4995,서대문종합사회복지관,126.9201437,37.57096334,버스
4996,홍남교백련시장입구,126.925184,37.57528557,버스
4997,북가좌초교사거리,126.9102547,37.57872634,버스
4998,북가좌초교사거리,126.910333,37.578365,버스
4999,은가어린이공원구150번종점,126.9196203,37.58293397,버스
5000,증산교앞,126.904788,37.578309,버스
5001,DMC두산위브아파트,126.9153237,37.5805575,버스
5002,DMC두산위브아파트,126.915942,37.580345,버스
5003,독립문공원.극동아파트,126.9593191,37.57185289,버스
5004,봉원동사거리,126.9464767,37.56686112,버스
5005,봉원사,126.946105,37.570102,버스
5006,봉원사,126.94611,37.570109,버스
5007,봉원동사거리,126.9467009,37.56679635,버스
5008,삼호아파트,126.95941,37.57149,버스
5009,서부운수기점,126.910257,37.581632,버스
5010,중소기업은행,126.912993,37.582257,버스
5011,봉원사길,126.9460172,37.56835402,버스
5012,봉원사길,126.94611,37.568603,버스
5013,연세로.문학의거리,126.937003,37.55626,버스
5014,독립문역.서대문형무소역사관,126.9553087,37.57639384,버스
5015,독립문공원,126.9552249,37.57648752,버스
5016,남가좌동현대아파트후문,126.9189767,37.5739821,버스
5017,남가좌동현대아파트후문,126.9187611,37.5744343,버스
5018,산골고개,126.940303,37.594833,버스
5019,DMC래미안e-편한세상3단지,126.906764,37.57516613,버스
5020,DMC래미안e-편한세상3단지,126.9070551,37.57504742,버스
5021,연흥교회,126.921163,37.572607,버스
5022,홍제역4번출구,126.9430828,37.58937328,버스
5023,남가좌동새마을금고,126.917304,37.574429,버스
5024,국립대한민국임시정부기념관,126.953572,37.57583,버스
5025,독립문파크빌,126.9518579,37.57457769,버스
5026,두산아파트,126.932058,37.578768,버스
5027,DMC.파크뷰자이,126.916328,37.573768,버스
5028,아현가구단지,126.9608924,37.55866131,버스
5029,DMC쌍용.래미안루센티아,126.91881,37.575594,버스
5030,독립문(가상),126.960083,37.572263,버스
5031,정원슈퍼,126.9317244,37.58643602,버스
5032,홍은동국민주택,126.949851,37.605675,버스
5033,백련사,126.9285294,37.58483559,버스
5034,풍진베이스타운.안산자락길입구,126.943324,37.582426,버스
5035,개미마을,126.9539148,37.58979768,버스
5036,두산아파트,126.9492611,37.55912016,버스
5037,북아현삼거리,126.9529748,37.56480507,버스
5038,궁동근린공원입구,126.9241991,37.56957653,버스
5039,뜨란채아파트101동,126.9587733,37.56583701,버스
5040,삼성빌라,126.933839,37.5956,버스
5041,소공원,126.9325183,37.58633645,버스
5042,풍림.극동아파트,126.949474,37.603637,버스
5043,명지고후문,126.9290895,37.58410695,버스
5044,명진아트빌라,126.9436822,37.58281454,버스
5045,홍은초등학교,126.9503226,37.59688983,버스
5046,삼거리연탄가게,126.9533843,37.59049155,버스
5047,초원약국,126.9500338,37.55977108,버스
5048,추계초등학교,126.9541935,37.5635916,버스
5049,궁동근린공원회관,126.9253683,37.57094333,버스
5050,서서울농협홍은지점.동신병원,126.936114,37.580977,버스
5051,뜨란채아파트.노인복지관,126.9590155,37.5680673,버스
5052,금화장오거리,126.9592915,37.564363,버스
5053,미성아파트,126.9344643,37.59328945,버스
5054,삼성그린빌,126.9326751,37.58697091,버스
5055,팔각정,126.930167,37.58329932,버스
5056,고은초교삼거리,126.943852,37.58431223,버스
5057,문화촌주유소,126.948602,37.59527,버스
5058,버드나무가게,126.9528846,37.59103651,버스
5059,신촌푸르지오1단지후문.힐스테이트신촌,126.951642,37.560852,버스
5060,새마을금고,126.9548741,37.56311969,버스
5061,서대문지역자활센터,126.9262762,37.57212343,버스
5062,산경아파트,126.960299,37.568526,버스
5063,경기대후문,126.9614459,37.56391498,버스
5064,홍은중학교,126.934601,37.59233618,버스
5065,동원빌라,126.9332967,37.58705416,버스
5066,포방공영주차장,126.9489372,37.60088916,버스
5067,서대문문화체육회관,126.9319953,37.58122878,버스
5068,성원아파트,126.9427866,37.58423243,버스
5069,홍은사회복지관별관,126.948048,37.594174,버스
5070,금강빌라.인왕중학교,126.9519918,37.5918228,버스
5071,중앙여고,126.9555538,37.56222156,버스
5072,홍제초등학교,126.9434056,37.592238,버스
5073,천연동마을금고,126.9614503,37.56843847,버스
5074,미동초교,126.9649492,37.56427381,버스
5075,차고앞,126.9348869,37.5917254,버스
5076,싸이버아파트,126.934002,37.58712214,버스
5077,포방시장,126.9483923,37.59946521,버스
5078,서대문등기소,126.9333967,37.58020864,버스
5079,문화촌현대아파트,126.947358,37.592324,버스
5080,오동나무앞,126.95111,37.592868,버스
5081,경남아파트.북아현119안전센터,126.955862,37.56103,버스
5082,행복하우스,126.928697,37.573132,버스
5083,삼거리,126.9352938,37.59002166,버스
5084,정원여중입구,126.9345801,37.58643673,버스
5085,호박골다리,126.946708,37.59814527,버스
5086,송죽원,126.939074,37.583949,버스
5087,홍제역해링턴플레이스,126.9467051,37.59109425,버스
5088,동성교회,126.9496042,37.59417905,버스
5089,중앙여고,126.9548553,37.56186925,버스
5090,한성고교,126.9564975,37.55945226,버스
5091,현대그린마트,126.961027,37.571348,버스
5092,충정로역8번출구,126.9630695,37.56090585,버스
5093,스위스그랜드호텔앞,126.9363704,37.58897698,버스
5094,간호대정문,126.947429,37.597,버스
5095,홍은사거리,126.9413334,37.59210273,버스
5096,인왕초등학교,126.945505,37.58925008,버스
5097,문화공원입구,126.948395,37.594406,버스
5098,충정로역7번출구,126.962423,37.559865,버스
5099,산골고개,126.9405233,37.59508876,버스
5100,홍은초등학교.간호대입구,126.9489116,37.59640449,버스
5101,가산빌라,126.9360671,37.58488227,버스
5102,사러가쇼핑,126.930254,37.567293,버스
5103,영천시장입구,126.9630257,37.5692775,버스
5104,한우리독서운동본부,126.9619046,37.56123978,버스
5105,반석블레스아파트,126.9410116,37.59516717,버스
5106,평화슈퍼,126.9357069,37.58626885,버스
5107,북아현로입구,126.956271,37.557825,버스
5108,아현역1번출구,126.9553925,37.55750698,버스
5109,육교앞,126.9643011,37.56793836,버스
5110,광염교회,126.961869,37.56214807,버스
5111,풍림1차아파트,126.9420858,37.59435402,버스
5112,스위스그랜드호텔,126.9364417,37.58776776,버스
5113,웨딩타운,126.9515261,37.55727207,버스
5114,서대문문화체육회관,126.9349135,37.58074834,버스
5115,서대문사거리,126.9654575,37.56669519,버스
5116,경기대사회교육원,126.962426,37.563362,버스
5117,팔각정,126.9432425,37.59527549,버스
5118,남양아파트,126.9383406,37.589124,버스
5119,서대문전철역,126.9659992,37.56527973,버스
5120,인창중고,126.9636418,37.56421304,버스
5121,홍은유원아파트,126.9450464,37.59696498,버스
5122,유진상가다리앞,126.9446843,37.59192052,버스
5123,문화촌현대아파트입구,126.9471389,37.59260484,버스
5124,바비엥스위트,126.9673182,37.5647773,버스
5125,종근당,126.9629183,37.55982719,버스
5126,이대농협,126.9440526,37.55682362,버스
5127,미동초등학교,126.9651506,37.56439641,버스
5128,인창중고,126.9641668,37.56466374,버스
5129,사천교,126.9180639,37.5680631,버스
5130,벽산아파트후문,126.9459766,37.5962887,버스
5131,현대백화점,126.9347143,37.55616941,버스
5132,아트레온,126.9400904,37.556263,버스
5133,신촌자이엘라,126.942534,37.556764,버스
5134,인창중고,126.964204,37.564489,버스
5135,연희초등학교,126.9335746,37.56995703,버스
5136,광산사우나,126.9645784,37.56560911,버스
5137,스위스그랜드호텔.현대아파트,126.9363779,37.58933243,버스
5138,모래내시장,126.9156152,37.5690929,버스
5139,연희초등학교,126.93303,37.56972,버스
5140,홍은성당,126.9464083,37.59602127,버스
5141,간호대입구올해피장애인복지센터,126.9491285,37.59593146,버스
5142,우리은행홍제동지점,126.9451782,37.59177922,버스
5143,미동초등학교,126.9650063,37.56309249,버스
5144,충정로역,126.9645315,37.55953483,버스
5145,연희삼거리,126.934498,37.5715705,버스
5146,연희삼거리,126.9332682,37.56951262,버스
5147,서대문구청,126.9357997,37.57846456,버스
5148,서대문구청,126.9361314,37.5785143,버스
5149,그랜드힐튼호텔,126.9357565,37.58785389,버스
5150,그랜드힐튼호텔,126.9355163,37.58804029,버스
5151,CGV신촌아트레온,126.9385549,37.55579274,버스
5152,경기대후문,126.9616722,37.56400606,버스
5153,서대문성당,126.9640444,37.56727147,버스
5154,삼거리,126.9354331,37.59000462,버스
5155,벽산아파트정문,126.9460106,37.59464513,버스
5156,서대문역7번출구,126.9669875,37.56523946,버스
5157,신촌전철역,126.937149,37.555388,버스
5158,금화장오거리,126.9593378,37.56448647,버스
5159,동명여중,126.9629449,37.56794605,버스
5160,차고앞,126.9351294,37.59157054,버스
5161,고은초교삼거리,126.9436845,37.58426169,버스
5162,영천시장입구,126.9618816,37.56845302,버스
5163,홍은중학교,126.9347015,37.59267144,버스
5164,정원여중입구,126.9346366,37.58656022,버스
5165,명진아트빌라,126.9435462,37.5829136,버스
5166,문화공원입구,126.9484966,37.59429121,버스
5167,가재울초등학교,126.918356,37.574565,버스
5168,연대앞.세브란스병원,126.935592,37.560294,버스
5169,미성아파트,126.9346803,37.59365451,버스
5170,남가좌동아이파크후문,126.9206143,37.57450404,버스
5171,싸이버아파트,126.9340393,37.58721948,버스
5172,동신병원사거리,126.9356034,37.58156691,버스
5173,동성교회,126.9494683,37.59414025,버스
5174,연희성당,126.9311005,37.56305144,버스
5175,남가좌동아이파크정문,126.9215739,37.57494892,버스
5176,동원빌라,126.9333034,37.58715869,버스
5177,홍은2동주민센터,126.9347152,37.58090862,버스
5178,오동나무,126.9507352,37.59300902,버스
5179,연희브라운스톤,126.9302298,37.56570825,버스
5180,3호선독립문역,126.9584504,37.57245992,버스
5181,삼성그린빌,126.9325461,37.58689785,버스
5182,서대문등기소,126.9334963,37.58032133,버스
5183,금강빌라.인왕중학교,126.951628,37.592209,버스
5184,하나은행연희동지점,126.9312475,37.56699381,버스
5185,이진아기념도서관,126.9565857,37.57270885,버스
5186,서대문문화체육회관,126.931859,37.581535,버스
5187,버드나무가게,126.952751,37.5909941,버스
5188,종근당후문,126.9637437,37.55946971,버스
5189,사러가쇼핑,126.930373,37.567212,버스
5190,국민은행,126.9318332,37.56775647,버스
5191,극동아파트119동,126.9547527,37.57296768,버스
5192,사천교,126.9185424,37.56831664,버스
5193,팔각정,126.9303357,37.58331383,버스
5194,삼거리연탄.약수터입구,126.9532666,37.59047258,버스
5195,민속식당,126.9296164,37.56796152,버스
5196,이진아기념도서관,126.9564805,37.57264213,버스
5197,유진상가,126.9426779,37.59166005,버스
5198,명지고후문,126.9292207,37.5841656,버스
5199,개미마을,126.95378,37.589712,버스
5200,아현전철역,126.957723,37.55749071,버스
5201,서연중학교,126.9285897,37.56914223,버스
5202,3호선독립문역,126.9583837,37.57240493,버스
5203,이대입구,126.9452863,37.55689989,버스
5204,백련사,126.9286278,37.58490594,버스
5205,평화교회,126.9260014,37.56950468,버스
5206,극동아파트입구,126.9585323,37.5719202,버스
5207,신촌아트레온,126.9407252,37.5564895,버스
5208,북아현동주민센터,126.956777,37.559643,버스
5209,삼호아파트.천연동주민센터,126.959391,37.57079143,버스
5210,홍은초등학교.간호대입구,126.9483676,37.59679261,버스
5211,경남아파트.북아현119안전센터,126.9560391,37.56078089,버스
5212,하나로마트.동신병원,126.9354666,37.58003858,버스
5213,영천시장입구,126.961441,37.56895479,버스
5214,간호대정문,126.947135,37.597314,버스
5215,중앙여고,126.954952,37.562059,버스
5216,중앙여고,126.955617,37.56245046,버스
5217,홍은2동어린이집앞,126.934174,37.57954678,버스
5218,감리신학대학교,126.9625725,37.5679216,버스
5219,추계초등학교,126.9542625,37.56369525,버스
5220,두산아파트,126.9320428,37.57872017,버스
5221,서대문센트레빌,126.9639358,37.56717232,버스
5222,포방시장,126.9485645,37.59935085,버스
5223,홍은2동주민센터,126.9344518,37.58041378,버스
5224,광산사우나,126.9644312,37.56561087,버스
5225,포방공영주차장,126.9491591,37.60085952,버스
5226,힐스테이트신촌.신촌푸르지오1단지후문,126.95155,37.560896,버스
5227,인창중고,126.964122,37.564719,버스
5228,호박골다리,126.946883,37.598138,버스
5229,초원약국,126.9498696,37.55981066,버스
5230,홍은동국민주택,126.9499071,37.60519678,버스
5231,풍림.극동아파트,126.9495051,37.60347553,버스
5232,홍은동국민주택,126.9499657,37.60564644,버스
5233,홍제역.3번출구,126.9442328,37.5884322,버스
5234,홍제우체국,126.946335,37.586761,버스
5235,홍제2동주민센터,126.9496492,37.58618551,버스
5236,인왕산현대아파트입구,126.9479674,37.58544775,버스
5237,삼호아파트.천연동주민센터,126.9601124,37.57048463,버스
5238,홍제역.1번출구,126.9440478,37.58903494,버스
5239,유진상가.인왕시장,126.9421882,37.59078846,버스
5240,연희브라운스톤,126.930131,37.56604971,버스
5241,신촌기차역,126.942636,37.558729,버스
5242,인왕산현대아파트입구,126.9487531,37.58518131,버스
5243,인왕산현대아파트117동,126.951019,37.586306,버스
5244,북아현로입구,126.9564549,37.55817959,버스
5245,인왕산현대아파트117동,126.9510203,37.58641587,버스
5246,이대전철역,126.9468188,37.55697448,버스
5247,유진상가,126.941944,37.590665,버스
5248,인왕산현대아파트101동,126.9504374,37.58612277,버스
5249,홍은2동주민센터,126.934161,37.58019555,버스
5250,뜨란채아파트101동,126.958565,37.56585496,버스
5251,뜨란채아파트101동,126.9586262,37.5657892,버스
5252,홍지문35통,126.956141,37.596795,버스
5253,옥천교앞,126.954365,37.59636,버스
5254,대명빌라,126.9270219,37.57292701,버스
5255,인왕시장,126.9429124,37.591139,버스
5256,창덕에버빌,126.917428,37.569392,버스
5257,영천동,126.9605121,37.57013221,버스
5258,독립문,126.9593725,37.57148166,버스
5259,영천동,126.960382,37.57006278,버스
5260,동원베네스트아파트입구,126.944763,37.598258,버스
5261,홍은유원아파트입구,126.945185,37.597227,버스
5262,동원베네스트주차장.두산위브입구,126.944217,37.599114,버스
5263,홍은사회복지관별관,126.947438,37.594126,버스
5264,서강아파트1차정문앞,126.9340654,37.5949184,버스
5265,연희상가아파트,126.928045,37.573124,버스
5266,봉원사입구,126.946423,37.566731,버스
5267,증산역(증산2교),126.911353,37.583707,버스
5268,행운부동산앞,126.9167322,37.58102059,버스
5269,은가경로당앞,126.917958,37.58104,버스
5270,삼성유치원(씨유앞),126.9185478,37.58164947,버스
5271,두란노어린이집앞,126.920715,37.58163246,버스
5272,은혜감사어린이집,126.92247,37.582046,버스
5273,백련어린이공원(공영주차장),126.923673,37.582627,버스
5274,상록운수,126.9233328,37.58409831,버스
5275,명지대학교교회,126.925364,37.58258,버스
5276,명지대후문(세븐일레븐),126.9248408,37.58149776,버스
5277,백련어린이공원,126.923995,37.582254,버스
5278,은혜감사어린이집앞,126.922361,37.582089,버스
5279,두란노어린이집,126.9204912,37.58180144,버스
5280,삼성유치원앞(씨유),126.918481,37.581742,버스
5281,행운부동산앞,126.9171077,37.58104185,버스
5282,북가좌사거리,126.9137969,37.58154924,버스
5283,북가좌오거리,126.912496,37.581156,버스
5284,북가좌2동주민센터,126.911175,37.581368,버스
5285,해담는다리앞,126.909381,37.582228,버스
5286,이마트24앞,126.921477,37.581934,버스
5287,증산2교,126.910934,37.583907,버스
5288,홍제천입구,126.93194,37.578691,버스
5289,연희IC(가상),126.9180003,37.56885232,버스
5290,홍은IC(가상),126.949733,37.59501873,버스
5291,마포역,126.947967,37.540947,버스
5292,마포역,126.9467854,37.54027718,버스
5293,공덕역,126.9509046,37.54360491,버스
5294,공덕역,126.9513544,37.54450168,버스
5295,아현동주민센터,126.9529071,37.54636488,버스
5296,아현동주민센터,126.9532416,37.54707778,버스
5297,마포경찰서,126.9552123,37.55019993,버스
5298,마포경찰서,126.9553048,37.55077036,버스
5299,아현초등학교,126.9571002,37.55407804,버스
5300,아현초등학교,126.9573351,37.55489813,버스
5301,합정역,126.91299,37.549002,버스
5302,합정역,126.9137991,37.54954591,버스
5303,서교동,126.9195816,37.55363674,버스
5304,서교동,126.9200217,37.55417248,버스
5305,홍대입구역,126.923466,37.556641,버스
5306,홍대입구역,126.924317,37.557325,버스
5307,동교동삼거리,126.928546,37.558069,버스
5308,신촌오거리.현대백화점,126.9358931,37.55539665,버스
5309,신촌오거리.2호선신촌역,126.94015,37.55611,버스
5310,이대역,126.944495,37.556652,버스
5311,웨딩타운,126.951517,37.557092,버스
5312,아현역,126.954943,37.557293,버스
5313,홍대입구역(가상),126.9218644,37.55522606,버스
5314,홍대입구역(가상),126.9259252,37.55865155,버스
5315,합정역(가상),126.9099653,37.54785379,버스
5316,합정역(가상),126.9161215,37.55146138,버스
5317,아현동가구단지,126.960662,37.557975,버스
5318,마포구청.성산자동차검사소,126.9024231,37.56495385,버스
5319,마포구청,126.9018904,37.5649024,버스
5320,마포농수산물시장.월드컵공원,126.897454,37.566106,버스
5321,월드컵경기장남측.월드컵공원,126.896317,37.566664,버스
5322,월드컵경기장서측.문화비축기지,126.8954678,37.5692365,버스
5323,월드컵경기장서측.문화비축기지,126.8949636,37.56949827,버스
5324,월드컵파크3단지.난지천공원,126.887954,37.573349,버스
5325,월드컵파크3단지.난지천공원,126.888463,37.57232,버스
5326,서부면허시험장,126.8804372,37.57788262,버스
5327,서부면허시험장,126.8802387,37.57740124,버스
5328,DMC첨단산업센터,126.885192,37.585347,버스
5329,DMC첨단산업센터,126.884787,37.585598,버스
5330,월드컵공원입구.문화비축기지입구,126.892748,37.568523,버스
5331,월드컵파크3단지정문,126.889228,37.573822,버스
5332,월드컵파크2단지.에스플렉스센터,126.890647,37.575267,버스
5333,월드컵파크2단지.에스플렉스센터,126.890291,37.5753385,버스
5334,합정역,126.9143006,37.5485905,버스
5335,합정역,126.9146252,37.54879709,버스
5336,서울화력발전소입구,126.9175062,37.54818909,버스
5337,서울화력발전소입구,126.9174453,37.54793674,버스
5338,상수역,126.921584,37.547684,버스
5339,상수역,126.9215638,37.54787377,버스
5340,서강초등학교,126.925363,37.547801,버스
5341,서강초등학교,126.9261941,37.54749109,버스
5342,광흥창역,126.930541,37.54760906,버스
5343,광흥창역,126.9305842,37.54735228,버스
5344,광흥창역,126.933942,37.547313,버스
5345,마포세무서,126.9390917,37.5469713,버스
5346,중앙잔디광장,126.879248,37.566485,버스
5347,마포역,126.9457368,37.53970901,버스
5348,노을공원입구(난지미술창작스튜디오),126.8806949,37.56940636,버스
5349,공덕역10번출구,126.952877,37.541936,버스
5350,공덕역10번출구,126.952932,37.54175,버스
5351,난지천공원다목적구장,126.883441,37.57356,버스
5352,난지천공원,126.886101,37.574169,버스
5353,월드컵경기장역,126.9001971,37.56952624,버스
5354,마포구청.농수산물시장,126.8995834,37.56629891,버스
5355,난지천공원다목적구장,126.883275,37.573856,버스
5356,공덕역.공덕시장,126.95303,37.544413,버스
5357,공덕시장,126.954148,37.54435,버스
5358,신덕성결교회,126.9566906,37.54594101,버스
5359,신덕성결교회,126.956162,37.545893,버스
5360,한겨레신문사,126.9588159,37.54814675,버스
5361,한겨레신문사,126.958985,37.547997,버스
5362,노을공원입구(난지미술창작스튜디오),126.880488,37.569581,버스
5363,공덕오거리,126.9531626,37.54307327,버스
5364,공덕오거리,126.953331,37.542752,버스
5365,용마루고개.신공덕삼성아파트,126.955885,37.541871,버스
5366,서울대동창회관,126.9507441,37.54244496,버스
5367,공덕역,126.951633,37.543495,버스
5368,도화동현대아파트,126.9557015,37.54033222,버스
5369,도화동현대아파트,126.9558315,37.54045031,버스
5370,중동초등학교,126.9104195,37.56687261,버스
5371,중동초등학교,126.9103077,37.56662202,버스
5372,성산2동주민센터,126.9083263,37.56779282,버스
5373,성산2동주민센터,126.908437,37.56800376,버스
5374,성산119안전센터,126.9038567,37.56986178,버스
5375,성산119안전센터,126.903712,37.569712,버스
5376,성산아파트,126.9014985,37.57159714,버스
5377,성산아파트,126.901416,37.571461,버스
5378,DMC상암센트럴파크,126.89604,37.575185,버스
5379,DMC상암센트럴파크,126.895487,37.575152,버스
5380,상암초등학교,126.893423,37.576392,버스
5381,상암초등학교,126.89372,37.576549,버스
5382,신촌로터리,126.9368825,37.55380945,버스
5383,신촌로터리,126.9372676,37.55352401,버스
5384,서강대학교,126.93797,37.5511,버스
5385,서강대학교,126.9373154,37.55182728,버스
5386,광성중고등학교,126.9386715,37.54935481,버스
5387,광성중고등학교,126.93986,37.548952,버스
5388,대흥역,126.9409887,37.54810675,버스
5389,대흥역,126.94272,37.547675,버스
5390,용강초등학교,126.9435145,37.54697711,버스
5391,동도중학교.서울디자인고등학교,126.9454015,37.54647789,버스
5392,동도중학교.서울디자인고등학교,126.946768,37.54564,버스
5393,공덕역2번출구,126.948339,37.545201,버스
5394,공덕역1번출구,126.9493208,37.54443234,버스
5395,서서울농협홍대역점,126.91986,37.556405,버스
5396,동교로사거리,126.9209476,37.55584624,버스
5397,성산동,126.906904,37.564767,버스
5398,성산2교,126.9124764,37.56425386,버스
5399,성산2교,126.9132055,37.56386324,버스
5400,성미약수터,126.915105,37.56179661,버스
5401,성미약수터,126.9140662,37.56246357,버스
5402,경성중고.홍대부속여중고입구,126.9158071,37.56055181,버스
5403,경성중고.홍대부속여중고입구,126.916614,37.55965129,버스
5404,경성중고.홍대부속여중고입구,126.917281,37.55940936,버스
5405,서울도시가스마포사옥,126.919321,37.557227,버스
5406,서울도시가스마포사옥,126.9182029,37.55787904,버스
5407,마포구청역,126.9026626,37.56272775,버스
5408,마포구청역,126.902475,37.562458,버스
5409,마포중앙도서관,126.9067285,37.56367628,버스
5410,마포중앙도서관,126.907457,37.564253,버스
5411,성산2교,126.913555,37.56567,버스
5412,성산2교,126.9126441,37.56569295,버스
5413,광흥창역.서강동주민센터,126.9319143,37.54827848,버스
5414,광흥창역.서강동주민센터,126.931413,37.548255,버스
5415,창전현대홈타운,126.932665,37.550872,버스
5416,창전현대홈타운,126.9321995,37.5507125,버스
5417,신촌로터리,126.934562,37.553892,버스
5418,신촌로터리,126.9356826,37.5540512,버스
5419,이대역6번출구,126.9447875,37.55648966,버스
5420,이화여대입구,126.9457319,37.5559161,버스
5421,이대역5번출구,126.9460206,37.55579909,버스
5422,대흥교회,126.9457581,37.55404995,버스
5423,대흥교회,126.9460582,37.55378877,버스
5424,서강대학교후문,126.9439465,37.55049519,버스
5425,마포자이2차아파트.대흥역,126.942535,37.548758,버스
5426,굴레방다리.아현역,126.9574606,37.55715181,버스
5427,양화진성지공원입구,126.9122481,37.54865754,버스
5428,홍대입구,126.9203755,37.55459448,버스
5429,홀트아동복지회,126.9121781,37.54901065,버스
5430,합정역,126.9156095,37.55106044,버스
5431,합정역,126.9153072,37.5502177,버스
5432,홍대입구역,126.923044,37.556562,버스
5433,홍대입구역,126.9226012,37.5557706,버스
5434,연남동,126.927541,37.56252217,버스
5435,신촌역,126.934761,37.55563752,버스
5436,극동방송,126.9231512,37.5494238,버스
5437,극동방송,126.9229225,37.54942905,버스
5438,홍익대학교,126.9238048,37.55219058,버스
5439,홍익대학교,126.9246414,37.55307059,버스
5440,산울림소극장,126.9298078,37.55437031,버스
5441,산울림소극장,126.9301572,37.55495817,버스
5442,신수중학교,126.9326481,37.54524221,버스
5443,신수중학교,126.9327521,37.545436,버스
5444,래미안웰스트림아파트,126.9362365,37.54423137,버스
5445,한국출판콘텐츠센터,126.935409,37.5446548,버스
5446,용강동주민센터,126.9404187,37.54191773,버스
5447,용강동주민센터,126.9411794,37.54170996,버스
5448,용강동입구,126.9441051,37.53963255,버스
5449,메세나폴리스,126.912933,37.550946,버스
5450,마포한강푸르지오,126.912592,37.550787,버스
5451,성산초등학교입구,126.9118677,37.55313023,버스
5452,성산초등학교입구,126.912262,37.553218,버스
5453,기업은행서교동지점(최규하대통령가옥),126.9114639,37.55479154,버스
5454,기업은행서교동지점(최규하대통령가옥),126.9108956,37.55486951,버스
5455,망원시장.망원동월드컵시장입구,126.908759,37.557338,버스
5456,망원시장.망원동월드컵시장입구,126.9089433,37.55759113,버스
5457,마포구청역입구,126.9063647,37.56042755,버스
5458,마포구청역입구,126.9057249,37.56059465,버스
5459,성서초등학교,126.9114976,37.55880324,버스
5460,성서초등학교,126.9111731,37.55851374,버스
5461,새서울의원,126.9072377,37.55109381,버스
5462,미원아파트입구,126.9032162,37.55912293,버스
5463,미원아파트입구,126.9033226,37.55916537,버스
5464,망원2동주민센터,126.9030951,37.56000591,버스
5465,망원2동주민센터,126.9029286,37.56008056,버스
5466,청기와빌라,126.904392,37.560782,버스
5467,청기와빌라,126.9047513,37.56076057,버스
5468,망원정입구,126.9069936,37.55259394,버스
5469,성산초등학교,126.9100992,37.55359386,버스
5470,서서울농협,126.906064,37.553553,버스
5471,서서울농협,126.9060056,37.55340865,버스
5472,망원1동주민센터,126.9048936,37.55562355,버스
5473,망원1동주민센터,126.9051055,37.5554408,버스
5474,동교초등학교,126.904216,37.557947,버스
5475,동교초등학교,126.9040871,37.55789095,버스
5476,월드컵파크7단지,126.8784199,37.58114971,버스
5477,월드컵파크7단지,126.878963,37.581876,버스
5478,월드컵경기장북측,126.899468,37.572855,버스
5479,월드컵경기장북측,126.898104,37.573967,버스
5480,경성중고.홍대부속여중고입구,126.9156529,37.5597317,버스
5481,삼진제약,126.926719,37.553351,버스
5482,홍대입구역사거리,126.92221,37.55473,버스
5483,상암DMC홍보관.YTN,126.891323,37.577985,버스
5484,상암DMC홍보관.YTN,126.8912876,37.57746059,버스
5485,월드컵파크5단지.상암중고등학교입구,126.886335,37.580921,버스
5486,월드컵파크5단지,126.8865178,37.58033328,버스
5487,구룡근린공원,126.8826124,37.58343101,버스
5488,상암고등학교,126.8840462,37.58177983,버스
5489,월드컵파크3단지후문,126.889762,37.571242,버스
5490,마포아트센터,126.943779,37.549827,버스
5491,월드컵파크4단지후문.JTBC,126.889893,37.577357,버스
5492,디지털미디어시티역2번출구,126.8996741,37.57520782,버스
5493,월드컵파크4단지후문.JTBC,126.889942,37.577856,버스
5494,누리꿈스퀘어.MBC,126.889637,37.578988,버스
5495,월드메르디앙아파트,126.9234284,37.54507349,버스
5496,월드메르디앙아파트,126.924291,37.54480912,버스
5497,한강밤섬자이아파트,126.9277927,37.54573584,버스
5498,한강밤섬자이아파트,126.9277295,37.54554928,버스
5499,서강해모로아파트,126.9294971,37.54568641,버스
5500,서강해모로아파트,126.9296149,37.54549455,버스
5501,서교동주민센터.마포신문사,126.9163533,37.55489152,버스
5502,동교로사거리,126.9198284,37.55564455,버스
5503,월드컵경기장북측,126.897992,37.573757,버스
5504,강변한신코아,126.943978,37.537435,버스
5505,난지한강공원,126.878193,37.568006,버스
5506,난지한강공원,126.875258,37.568751,버스
5507,월드컵공원입구.문화비축기지입구,126.892749,37.568177,버스
5508,디지털미디어시티역,126.900747,37.575079,버스
5509,월드컵파크9.10.11.12단지,126.878833,37.58533,버스
5510,월드컵파크9.10.11.12단지,126.879965,37.584397,버스
5511,용마루고개.브라운스톤공덕아파트,126.956831,37.54113,버스
5512,하늘초등학교,126.879658,37.585322,버스
5513,월드컵파크10단지,126.88135,37.586203,버스
5514,월드컵파크11.12단지,126.8808993,37.58627043,버스
5515,수색교,126.883985,37.587217,버스
5516,수색교,126.8839599,37.58708175,버스
5517,가좌역1번출구,126.914942,37.568313,버스
5518,가좌역,126.9153689,37.5678974,버스
5519,디지털미디어시티역,126.90078,37.575527,버스
5520,청구아파트.참누리아파트,126.9028582,37.57423215,버스
5521,청구아파트.참누리아파트,126.9031032,37.57383317,버스
5522,중동현대아파트,126.9072676,37.57168561,버스
5523,중동현대아파트,126.907287,37.571463,버스
5524,가좌행복주택.건영월드컵아파트,126.912103,37.569452,버스
5525,가좌행복주택.건영월드컵아파트,126.912038,37.569305,버스
5526,월드컵아이파크,126.913607,37.56673,버스
5527,월드컵아이파크,126.9136847,37.56647135,버스
5528,DMC첨단산업센터,126.886547,37.58406,버스
5529,DMC첨단산업센터,126.8866227,37.58361875,버스
5530,SBS.YTN,126.894375,37.579827,버스
5531,SBS.YTN,126.893961,37.579836,버스
5532,공항철도디지털미디어시티역,126.899007,37.576698,버스
5533,공항철도디지털미디어시티역,126.8982,37.576962,버스
5534,디지털미디어시티역,126.900585,37.575355,버스
5535,상암동주민센터앞,126.894031,37.57863,버스
5536,MBC,126.89073,37.582084,버스
5537,MBC,126.890791,37.581821,버스
5538,성산대교(가상),126.8946245,37.55770659,버스
5539,난지천공원.박정희대통령기념관,126.886182,37.57451296,버스
5540,공덕시장,126.9541673,37.54438686,버스
5541,마포16번종점,126.8988594,37.5608656,버스
5542,서부면허시험장.월드컵파크8단지,126.882112,37.578532,버스
5543,창전중앙하이츠아파트,126.927529,37.549918,버스
5544,망원유수지.마포구민체육센터,126.8985925,37.55649687,버스
5545,양화진성지,126.9119308,37.54564037,버스
5546,홍대입구역,126.9236679,37.55732547,버스
5547,홍대입구역,126.923439,37.557726,버스
5548,아현전철역,126.956245,37.557136,버스
5549,샛별문방구.마포전철역,126.9476288,37.5398243,버스
5550,청암대,126.9477584,37.53568922,버스
5551,한겨레신문사,126.9589794,37.5471556,버스
5552,동원데자뷰아파트,126.8992212,37.56033787,버스
5553,창전삼성아파트109동,126.9302782,37.55024461,버스
5554,홍대후문,126.9273675,37.55120613,버스
5555,신촌수정탕,126.9375706,37.54979815,버스
5556,태양빌딩,126.8993651,37.55606411,버스
5557,난지천공원.박정희대통령기념관,126.8860527,37.57408838,버스
5558,다운교회,126.912826,37.545625,버스
5559,동교로사거리,126.9210303,37.55579133,버스
5560,코오롱아파트106동앞,126.9231009,37.56090911,버스
5561,가든호텔.삼성프라자,126.94921,37.540748,버스
5562,우성아파트3동,126.9475069,37.53616489,버스
5563,대상아파트,126.899642,37.55974261,버스
5564,창전삼성아파트107동,126.9309953,37.55073162,버스
5565,서강유치원,126.927995,37.55191207,버스
5566,삼익아파트입구,126.9356035,37.54990702,버스
5567,용약국,126.936862,37.55448,버스
5568,월드컵파크3단지,126.888357,37.572626,버스
5569,한이맨션,126.9141581,37.54551586,버스
5570,코오롱아파트104동앞,126.9219754,37.56229335,버스
5571,돼지슈퍼,126.9614846,37.55692161,버스
5572,하나님의교회,126.959881,37.546219,버스
5573,신부파스카아파트,126.9003564,37.55875742,버스
5574,창전삼성아파트104동,126.9315847,37.55107709,버스
5575,유관순무용원,126.9290988,37.55273544,버스
5576,신수경남아파트,126.9336172,37.55001045,버스
5577,성원아파트,126.901618,37.55653457,버스
5578,서일빌딩,126.9159826,37.54541625,버스
5579,청원빌딩,126.918165,37.55841517,버스
5580,코오롱아파트사거리,126.9213939,37.56303456,버스
5581,신일약국,126.9625988,37.55601006,버스
5582,아현실버복지관,126.9602156,37.55764126,버스
5583,S마트,126.947562,37.538799,버스
5584,동교초등학교,126.9014439,37.55722737,버스
5585,창전삼성아파트입구,126.9324081,37.55162993,버스
5586,와우공원입구,126.9300208,37.55318113,버스
5587,마포소방서,126.9326945,37.5490809,버스
5588,광흥창역.서강동주민센터,126.93264,37.548295,버스
5589,대흥역,126.9410725,37.54807164,버스
5590,동교초등학교,126.9029521,37.55681141,버스
5591,마포농수산물시장.월드컵경기장,126.8972676,37.56606894,버스
5592,마포새빛문화숲,126.9179054,37.54528965,버스
5593,경성고교입구,126.9166359,37.56011118,버스
5594,대룡빌딩,126.9222717,37.56368213,버스
5595,열린마트,126.9515801,37.54203638,버스
5596,성원아파트,126.9015668,37.55671025,버스
5597,한강공원입구,126.8992249,37.55622911,버스
5598,금호태영아파트,126.9317249,37.55372008,버스
5599,경의선책거리.산울림소극장,126.9303701,37.55492495,버스
5600,신수동성당.신수동주민센터,126.9338505,37.54726044,버스
5601,서강수협.신수중학교,126.93239,37.54531505,버스
5602,용강초등학교,126.943554,37.547055,버스
5603,하나은행망원동지점,126.9042806,37.55708913,버스
5604,마포구청.마포구청역,126.9009459,37.56575039,버스
5605,마포새빛문화숲후문,126.921036,37.54502866,버스
5606,마포FM,126.9177139,37.56099649,버스
5607,연남동주민센터,126.9230682,37.56408634,버스
5608,도화현대1차아파트111동앞,126.9543656,37.54117514,버스
5609,성원아파트,126.9371835,37.54717215,버스
5610,한국출판콘텐츠센터,126.9354914,37.54464004,버스
5611,서울여자중고등학교,126.9471496,37.54705538,버스
5612,망원시장,126.9059847,37.55743923,버스
5613,월드컵경기장역,126.9002903,37.56927041,버스
5614,상수동,126.92305,37.54649067,버스
5615,경성중고.홍익디자인고,126.9192591,37.56191397,버스
5616,에덴지우아파트,126.9242178,37.5645908,버스
5617,도화현대1차아파트,126.9554309,37.5404826,버스
5618,망원유수지.마포구민체육센터,126.8990019,37.55590701,버스
5619,마포세무서,126.9389468,37.54701628,버스
5620,신수현대아파트.래미안웰스트림,126.936702,37.54371799,버스
5621,염리삼성아파트,126.9475662,37.54848561,버스
5622,구)망원우체국사거리,126.9076978,37.55782498,버스
5623,상수역,126.923594,37.547637,버스
5624,코오롱아파트사거리,126.920851,37.56369831,버스
5625,에덴맨션,126.9249462,37.56398392,버스
5626,서부수도사업소,126.9598728,37.55680483,버스
5627,화평교회,126.9011589,37.55443735,버스
5628,신촌역,126.9348063,37.55562043,버스
5629,굴다리시장,126.9414168,37.54627864,버스
5630,신석초등학교,126.9386569,37.54316395,버스
5631,일성여자중고등학교,126.9484113,37.54887345,버스
5632,망원전철역,126.909936,37.556111,버스
5633,상수두산아파트,126.924441,37.54754675,버스
5634,경성중고후문,126.9202968,37.56437916,버스
5635,하모니마트사거리,126.9253883,37.56336606,버스
5636,만물사부동산,126.9607372,37.55534805,버스
5637,하나님의교회,126.9553128,37.53933186,버스
5638,MBC,126.8917373,37.57962812,버스
5639,월드컵파크4단지,126.8877411,37.57780148,버스
5640,상암중학교,126.887243,37.578973,버스
5641,서울산업진흥원.국악방송,126.888953,37.580736,버스
5642,우리기술사옥.한국지역정보개발원,126.887877,37.582262,버스
5643,DMC빌,126.885591,37.582393,버스
5644,우리금융상암센터.DMC빌,126.885579,37.581936,버스
5645,도화현대1차아파트단지내,126.954589,37.539784,버스
5646,양화대교북단(가상),126.9042671,37.54992182,버스
5647,상암고등학교,126.8825327,37.58097801,버스
5648,상암월드컵파크6.7단지,126.8805398,37.58127348,버스
5649,상암월드컵파크6.7단지,126.8806238,37.58105871,버스
5650,상암고등학교,126.8836708,37.5806846,버스
5651,스탠포드호텔,126.8861172,37.58242252,버스
5652,스탠포드호텔,126.8856847,37.58245094,버스
5653,월드컵파크6단지상가,126.8856639,37.57980675,버스
5654,공덕역10번출구,126.953092,37.54185,버스
5655,공덕역10번출구,126.95289,37.541839,버스
5656,웨딩타운,126.951584,37.556973,버스
5657,상지초등학교,126.8814544,37.57972097,버스
5658,아현전철역,126.9568347,37.55717411,버스
5659,스탠포드호텔,126.886563,37.58256,버스
5660,우리기술사옥.한국지역정보개발원,126.8878117,37.58202676,버스
5661,전자회관,126.8886559,37.58080568,버스
5662,상암중학교,126.8872133,37.57933049,버스
5663,월드컵파크6단지,126.8873114,37.57817863,버스
5664,YTN뉴스퀘어.CJE&M,126.891577,37.579007,버스
5665,마포한강아이파크아파트,126.9041145,37.55242313,버스
5666,중동초등학교,126.9101093,37.56682282,버스
5667,대흥태영아파트,126.9430639,37.5457514,버스
5668,용강동주민센터,126.940554,37.541885,버스
5669,서강대교북단(가상),126.9289184,37.54370958,버스
5670,양화대교북단(가상),126.9082297,37.54740637,버스
5671,마포현대아파트,126.9491538,37.54877555,버스
5672,성산초등학교,126.9123429,37.55422631,버스
5673,서강초등학교,126.9262643,37.54749023,버스
5674,경의선숲길공원입구,126.9190511,37.56589395,버스
5675,대명아파트,126.9243117,37.56245057,버스
5676,환일고등학교,126.9608191,37.55456232,버스
5677,용산성당.현대홈타운,126.9531661,37.53760632,버스
5678,가구단지,126.9607211,37.55802339,버스
5679,하모니마트,126.905998,37.55228047,버스
5680,성모병원사거리,126.9121224,37.56461395,버스
5681,마포대교북단(가상),126.9396617,37.54052155,버스
5682,창전삼성아파트입구,126.9325189,37.55177868,버스
5683,대흥세양아파트,126.944727,37.54484569,버스
5684,아현1동경로당,126.9610258,37.55360566,버스
5685,마포전철역,126.9445498,37.53961835,버스
5686,공덕삼성3차아파트후문,126.951238,37.54915261,버스
5687,고니빌딩,126.9140403,37.55451411,버스
5688,서강쌍용아파트.광흥창역,126.9302872,37.54794592,버스
5689,사천고가앞,126.917561,37.567173,버스
5690,원효초등학교,126.9509197,37.53621232,버스
5691,새서울의원,126.9070201,37.55125951,버스
5692,창전삼성아파트104동,126.93149,37.55128247,버스
5693,와우산로오거리,126.929964,37.55444232,버스
5694,산울림포스트극장,126.93037,37.554667,버스
5695,마포자이아파트,126.9460098,37.54410468,버스
5696,성지빌딩,126.9457763,37.54147337,버스
5697,엘지빌딩,126.953912,37.54833417,버스
5698,서교동주민센터,126.9153507,37.55474033,버스
5699,이랜드,126.9315366,37.54919918,버스
5700,만리동고개,126.9622626,37.55161892,버스
5701,한강타운.우성아파트16동앞,126.9495167,37.53593869,버스
5702,공덕전철역,126.9526849,37.54328394,버스
5703,남경장,126.9098198,37.54875837,버스
5704,창전삼성아파트107동,126.930916,37.55084962,버스
5705,와우공원입구,126.929943,37.55326,버스
5706,염리초등학교,126.94676,37.54260289,버스
5707,염리초등학교,126.9471368,37.54262649,버스
5708,아현동주민센터,126.9531058,37.54711827,버스
5709,우리은행서교동지점,126.9173478,37.55325944,버스
5710,마포노인복지관,126.9323104,37.54952942,버스
5711,공덕동주민센터,126.960085,37.550516,버스
5712,청암대,126.9479213,37.5357713,버스
5713,성산대교북단(가상),126.893128,37.55799147,버스
5714,성서초등학교,126.9126082,37.55866259,버스
5715,마포역서울가든호텔,126.9471087,37.54074048,버스
5716,창전어린이공원,126.929512,37.550275,버스
5717,창전어린이공원,126.9293289,37.5502454,버스
5718,창전삼성아파트109동,126.9302994,37.55048603,버스
5719,유관순무용원,126.92905,37.55285,버스
5720,중부여성발전센터,126.9451382,37.54121807,버스
5721,재화스퀘어,126.9468983,37.54389603,버스
5722,공덕전철역,126.9510177,37.54552068,버스
5723,월드컵경기장입구,126.9028169,37.5624161,버스
5724,월드컵경기장입구,126.9029579,37.56282351,버스
5725,월드컵파크7단지,126.8804641,37.58225564,버스
5726,월드컵파크7단지,126.87924,37.58198,버스
5727,상암동입구,126.8994147,37.57378466,버스
5728,상암동입구,126.8983845,37.5738247,버스
5729,상암월드컵파크5단지,126.886475,37.580846,버스
5730,상암월드컵파크5단지,126.88641,37.580475,버스
5731,성산대교북단(가상),126.8914902,37.56029858,버스
5732,홍은IC(가상),126.8845383,37.56374227,버스
5733,홍대입구역사거리,126.9209776,37.55452595,버스
5734,창전현대홈타운,126.9327234,37.55087409,버스
5735,삼우빌딩,126.957945,37.54921154,버스
5736,합정역,126.9147926,37.54984878,버스
5737,희성교회,126.9140807,37.55680382,버스
5738,서강유치원,126.927969,37.552039,버스
5739,마포전철역,126.9442692,37.53962092,버스
5740,한국컴퓨터,126.9449341,37.54492869,버스
5741,신촌연세병원.기업은행,126.9332204,37.55199173,버스
5742,공덕동성당,126.9568867,37.54838123,버스
5743,우리은행서교동지점,126.9175337,37.55194307,버스
5744,서교동주민센터.마포신문사,126.9162481,37.55487253,버스
5745,홍대후문,126.927311,37.551306,버스
5746,대흥태영아파트,126.9430909,37.54595146,버스
5747,동도중학교.서울디지인고등학교,126.9455045,37.54644639,버스
5748,서울서부지방법원,126.955346,37.5488,버스
5749,세븐일레븐,126.9559493,37.54036655,버스
5750,동교로사거리,126.9198714,37.55565809,버스
5751,난지한강공원(가상),126.8735248,37.57071805,버스
5752,신석초등학교,126.9388467,37.54342321,버스
5753,굴다리시장,126.9417133,37.54638962,버스
5754,서교동주민센터,126.9150521,37.55559976,버스
5755,난지한강공원(가상),126.8730875,37.57021838,버스
5756,서교푸르지오아파트,126.9231792,37.55362727,버스
5757,홍대입구역,126.923217,37.55669,버스
5758,신수현대아파트.래미안웰스트림,126.9369441,37.54383346,버스
5759,마포세무서,126.9390394,37.54729837,버스
5760,대흥역사거리,126.9423208,37.5481047,버스
5761,신촌역,126.9356328,37.55532442,버스
5762,마포경찰서,126.955324,37.55034,버스
5763,도화현대1차아파트111동앞,126.954561,37.54124,버스
5764,홍대정문,126.9238877,37.5529818,버스
5765,동교로사거리,126.9197614,37.55586887,버스
5766,한국출판콘텐츠센터,126.9355502,37.54474732,버스
5767,신수세양아파트,126.9373248,37.54740921,버스
5768,서교동교회,126.9192023,37.55166218,버스
5769,애오개역,126.956534,37.55259464,버스
5770,열린마트,126.951624,37.54222,버스
5771,레드로드입구,126.9214305,37.55081936,버스
5772,서교동주민센터.마포신문사,126.9161415,37.55506619,버스
5773,서강수협.신수중학교,126.9325019,37.54547551,버스
5774,신수동성당.신수동주민센터,126.934707,37.54748258,버스
5775,숭문중고등학교후문,126.9453442,37.55209168,버스
5776,레드로드입구,126.9214466,37.55064276,버스
5777,가든호텔.삼성프라자,126.949055,37.540742,버스
5778,희성교회,126.9142956,37.55687155,버스
5779,광흥창역.서강동주민센터,126.9328324,37.54793659,버스
5780,마포프레스티지자이아파트,126.9460687,37.5534761,버스
5781,홍대정문,126.923651,37.55200396,버스
5782,아현초등학교,126.955808,37.555839,버스
5783,샛별문방구.마포전철역,126.947596,37.540055,버스
5784,상지초등학교,126.881401,37.579565,버스
5785,합정역,126.9149514,37.55058599,버스
5786,성서초등학교,126.9128379,37.55868529,버스
5787,마포소방서,126.9331169,37.5504232,버스
5788,이대전철역,126.9460216,37.55591353,버스
5789,홍대정문,126.9248315,37.55315091,버스
5790,라사라패션직업전문학교,126.9295117,37.55412787,버스
5791,사천고가앞,126.9174119,37.56691465,버스
5792,S마트,126.94745,37.538833,버스
5793,경성중고사거리,126.9161669,37.56064397,버스
5794,서교푸르지오아파트,126.923179,37.55391,버스
5795,경의선숲길공원입구,126.919186,37.565464,버스
5796,우성아파트입구,126.947384,37.537967,버스
5797,성미약수터,126.9146652,37.5622973,버스
5798,홍대입구,126.9224698,37.55453611,버스
5799,공항철도.홍대입구역,126.9252621,37.55772216,버스
5800,경성중고후문,126.920127,37.564438,버스
5801,우성아파트3동,126.947396,37.536403,버스
5802,하모니마트,126.9061199,37.55252116,버스
5803,성모병원사거리,126.9125265,37.56464399,버스
5804,코오롱아파트사거리,126.920842,37.563581,버스
5805,도화현대1차아파트,126.9553042,37.54045372,버스
5806,마포한강아이파크아파트,126.9041742,37.55263854,버스
5807,중동초등학교,126.9107017,37.56657456,버스
5808,신한은행서교동금융센터점,126.918354,37.55738535,버스
5809,경성중고.홍익디자인고,126.9194964,37.56228718,버스
5810,망원1동파출소,126.902646,37.55368977,버스
5811,대우미래사랑아파트,126.9169681,37.556741,버스
5812,효성약국,126.9177091,37.56120824,버스
5813,화평교회,126.9013092,37.55461589,버스
5814,성산시영아파트,126.9036833,37.56997337,버스
5815,한국해양전략연구소,126.9157158,37.55615891,버스
5816,망원1동파출소,126.902746,37.55346,버스
5817,망원유수지.마포구민체육센터,126.8992531,37.55598562,버스
5818,서교동주민센터,126.9146083,37.55564539,버스
5819,창전삼성아파트,126.932527,37.55158314,버스
5820,임오빌딩,126.9173994,37.55877057,버스
5821,월드컵경기장역,126.8983131,37.5738733,버스
5822,새화빌딩,126.9134454,37.5551111,버스
5823,신촌이랜드청년주택,126.93152,37.549509,버스
5824,성산초등학교,126.9119273,37.55441974,버스
5825,우리은행서교동지점,126.9175609,37.55336318,버스
5826,서강쌍용아파트.광흥창역,126.9301264,37.54797196,버스
5827,동교로사거리,126.9210454,37.55605972,버스
5828,동교초등학교,126.9016286,37.55708966,버스
5829,망원전철역,126.9102977,37.55609815,버스
5830,서교동주민센터,126.9152772,37.55565038,버스
5831,서강초등학교,126.9263557,37.5477462,버스
5832,신부파스카아파트,126.9004729,37.55878545,버스
5833,KBS미디어센터,126.8912678,37.5762495,버스
5834,구)망원우체국사거리,126.9072824,37.55790161,버스
5835,홍대후문,126.9254084,37.54776813,버스
5836,대상아파트,126.8998549,37.55965628,버스
5837,월드컵파크2단지,126.890323,37.57525,버스
5838,망원동월드컵시장,126.905989,37.55762576,버스
5839,상수역,126.9223889,37.54783917,버스
5840,동원데자뷰아파트,126.8994205,37.56026595,버스
5841,하나은행망원동지점,126.9047035,37.55736161,버스
5842,레드로드입구,126.920503,37.547926,버스
5843,마포16번종점,126.8989567,37.56092786,버스
5844,서부면허시험장.월드컵파크8단지,126.881973,37.578253,버스
5845,동교초등학교,126.9029564,37.55700155,버스
5846,합정동,126.9181202,37.54760741,버스
5847,마포새빛문화숲,126.9171164,37.54550986,버스
5848,서일빌딩,126.9159632,37.5455541,버스
5849,성우맨션,126.9142497,37.54563577,버스
5850,다운교회,126.9127953,37.54573653,버스
5851,월드컵경기장역,126.9001897,37.56959385,버스
5852,마포구청.마포구청역,126.8995256,37.56631497,버스
5853,원효대교북단(가상),126.951978,37.53049434,버스
5854,우성아파트입구,126.9475018,37.53798007,버스
5855,망원교회,126.9001617,37.55623509,버스
5856,망원교회,126.9005292,37.55649582,버스
5857,신촌역,126.9359752,37.55469925,버스
5858,경성중고사거리,126.9157402,37.56062024,버스
5859,삼진제약,126.92683,37.553212,버스
5860,한국영화아카데미,126.9294391,37.55429814,버스
5861,서교동교회,126.9194138,37.55175064,버스
5862,성산2동주민센터,126.9083872,37.56802445,버스
5863,원효대교북단(가상),126.9502787,37.53045371,버스
5864,월드컵파크7단지,126.879876,37.580411,버스
5865,창전삼성아파트110동,126.928352,37.549935,버스
5866,신촌역,126.935896,37.554288,버스
5867,신촌역,126.9356256,37.5544909,버스
5868,신촌농협.하나로마트,126.9332008,37.55618812,버스
5869,기업은행.신촌연세병원,126.9334876,37.55316601,버스
5870,세븐일레븐,126.956005,37.540239,버스
5871,아현고개,126.9469798,37.55662043,버스
5872,양화대교북단(가상),126.9059337,37.54757215,버스
5873,백합아파트,126.9009302,37.55795052,버스
5874,백합아파트,126.9010706,37.55793892,버스
5875,서강대교북단(가상),126.9280834,37.54308918,버스
5876,홍익병원목동관,126.86403,37.53091,버스
5877,금호어울림.대원칸타빌아파트,126.866545,37.53269,버스
5878,목동3단지후문,126.8699099,37.53432434,버스
5879,영도초등학교,126.8705188,37.53555591,버스
5880,신목중학교.목동2단지후문,126.873548,37.538155,버스
5881,목동2단지,126.877988,37.5366,버스
5882,목동3단지,126.875742,37.534747,버스
5883,목동4단지상가.목동종합운동장,126.875115,37.53229799,버스
5884,목동3.4단지사잇길,126.871977,37.532797,버스
5885,목동사거리,126.8638355,37.53326952,버스
5886,영도중.강서고입구.기아양서대리점,126.863622,37.53617351,버스
5887,목동시장.대일고교.배광교회,126.8638409,37.539005,버스
5888,신목중학교,126.8719,37.537122,버스
5889,목동스카이아파트.목동3단지,126.869706,37.534189,버스
5890,금호어울림.대원칸타빌아파트,126.866862,37.532875,버스
5891,신목동역2번출구,126.8823418,37.54385476,버스
5892,신목동역1번출구,126.882069,37.54392207,버스
5893,경서농협,126.856298,37.521363,버스
5894,목동성원아파트,126.8631752,37.54229504,버스
5895,목3동주민센터.현대아이파크.실로암안과,126.862401,37.54483252,버스
5896,등촌역6번출구.목동깨비시장,126.8639369,37.54969481,버스
5897,월촌초등학교,126.8770703,37.54118755,버스
5898,월촌초등학교.우성아파트,126.87537,37.540498,버스
5899,목원초등학교.서울지방식품의약품안전청,126.8811364,37.54253255,버스
5900,용왕산,126.874232,37.539131,버스
5901,신목동역,126.8814977,37.54594356,버스
5902,목동한신청구아파트,126.8801651,37.54063836,버스
5903,목동한신청구아파트,126.8803505,37.54072866,버스
5904,목동1.2단지사잇길,126.8784758,37.5383884,버스
5905,월촌중학교.목동1단지,126.881672,37.537913,버스
5906,목동YMCA.서울에너지공사,126.8826598,37.53884228,버스
5907,목동YMCA.서울에너지공사,126.882858,37.539032,버스
5908,목동5단지C상가.목동운동장북문,126.877573,37.53295,버스
5909,파리공원,126.8783258,37.53462166,버스
5910,목동5단지B상가.목5동주민센터,126.881295,37.53576,버스
5911,이대목동병원.목동6단지앞,126.884428,37.536847,버스
5912,목동아파트601동앞.이대병원,126.8832528,37.53589268,버스
5913,목동아파트5.6단지사잇길.경인초교,126.8838504,37.53287009,버스
5914,오목교역,126.8763829,37.52506981,버스
5915,양정고등학교,126.8879022,37.53522316,버스
5916,목1동주민센터,126.87358,37.529802,버스
5917,목동역.홍익병원,126.864433,37.527382,버스
5918,CBS방송국,126.874148,37.528097,버스
5919,목운초등학교.목운중학교,126.8737705,37.5264187,버스
5920,목동7단지,126.870233,37.52851,버스
5921,목운초등학교.목운중학교,126.873394,37.526127,버스
5922,목동운동장남문.아이스링크,126.8765922,37.52847438,버스
5923,목동7단지.종로학원,126.868759,37.525671,버스
5924,목동대학학원,126.873313,37.524957,버스
5925,오목교역.동신한방병원,126.876825,37.524447,버스
5926,갈산초등학교정문,126.8704858,37.51280494,버스
5927,오목교역.청학스포츠타운,126.875447,37.523427,버스
5928,새마을금고,126.8736392,37.52106964,버스
5929,신정2동주민센터,126.8714242,37.518983,버스
5930,오목교역.동신한방병원,126.8769219,37.52408548,버스
5931,신목초등학교입구,126.870927,37.517471,버스
5932,목동14단지상가,126.871891,37.514711,버스
5933,현대아파트정문,126.8774211,37.51978505,버스
5934,현대아파트정문,126.8782363,37.52078792,버스
5935,삼성아파트정문,126.8769041,37.51634952,버스
5936,삼성아파트후문,126.87715,37.51811503,버스
5937,현대아파트후문,126.8781722,37.52193044,버스
5938,목동14단지C상가앞,126.874176,37.514047,버스
5939,목일중학교,126.873928,37.51402,버스
5940,목동13단지,126.869395,37.514267,버스
5941,목동14단지,126.8695819,37.51474221,버스
5942,신트리공원,126.8579171,37.51448906,버스
5943,목동12.13단지사잇길,126.8635453,37.51305394,버스
5944,목동12.13단지사잇길,126.86327,37.513233,버스
5945,신목초등학교입구,126.8707857,37.51730176,버스
5946,목동14단지관리사무소앞,126.872213,37.515142,버스
5947,목동11단지,126.8583087,37.51321989,버스
5948,목동14단지관리사무소앞,126.8716908,37.51479619,버스
5949,양천구청역,126.8653279,37.51256669,버스
5950,양천공원,126.869642,37.517872,버스
5951,양천구청,126.86703,37.516543,버스
5952,양천구민체육센터.양천일자리센터,126.8642388,37.51554358,버스
5953,목동12단지,126.8603283,37.51418196,버스
5954,갈산초등학교정문,126.870105,37.512822,버스
5955,갈산초등학교후문,126.868713,37.51109,버스
5956,갈산초등학교후문,126.869212,37.511285,버스
5957,은정초등학교,126.866702,37.51033,버스
5958,은정초등학교,126.867106,37.51009428,버스
5959,목동우성아파트,126.865711,37.507195,버스
5960,목동우성아파트입구,126.864212,37.508448,버스
5961,양천아파트,126.8633495,37.50817426,버스
5962,봉영여중.목동고,126.8618411,37.50728131,버스
5963,봉영여중.목동고,126.8614269,37.50739076,버스
5964,봉영여중.목동고,126.861867,37.508692,버스
5965,양천노인종합복지관,126.85918,37.510288,버스
5966,양천구청역,126.866609,37.512871,버스
5967,양천아파트,126.862762,37.510264,버스
5968,신정네거리해누리분수광장,126.8515144,37.52188642,버스
5969,신정네거리.신정119안전센터,126.8507301,37.5220233,버스
5970,동방아파트,126.8463249,37.52188249,버스
5971,동방아파트.신월종합사회복지관,126.8462897,37.52142649,버스
5972,신곡시장.금빛새마을금고,126.8437433,37.51964347,버스
5973,신곡시장.금빛새마을금고,126.8438199,37.51928494,버스
5974,신한은행신월동지점,126.841605,37.518022,버스
5975,신한은행신월동지점,126.8418635,37.51782796,버스
5976,양강중학교,126.8499936,37.52371103,버스
5977,신월2동주민센터입구,126.84569,37.522757,버스
5978,강서초등학교,126.841932,37.521878,버스
5979,한빛종합사회복지관,126.839252,37.521257,버스
5980,신월동남부주유소,126.838583,37.519392,버스
5981,신월2동우체국,126.851248,37.523082,버스
5982,신트리사거리,126.8559491,37.51311521,버스
5983,신트리아파트,126.854138,37.5129,버스
5984,정랑고개.양천벤처타운,126.8503821,37.51157732,버스
5985,신정학마을아파트,126.8439634,37.50742085,버스
5986,양천고등학교,126.8456572,37.50992673,버스
5987,계남초등학교,126.858427,37.509753,버스
5988,목동아파트11단지(1117동),126.859905,37.507307,버스
5989,신정1동주민센터.신오새마을금고,126.8543711,37.51720336,버스
5990,양명초교.신서중,126.8557025,37.51430526,버스
5991,신트리공원.목동아파트11단지,126.8571829,37.51392049,버스
5992,목동10단지상가,126.859673,37.515967,버스
5993,양천문화회관.양천일자리센터,126.862381,37.51693324,버스
5994,목동10단지농협,126.856382,37.517802,버스
5995,목동13단지,126.869302,37.514516,버스
5996,목동13단지,126.8680275,37.5135267,버스
5997,신서초등학교,126.8618413,37.52064102,버스
5998,신정1동우체국,126.861673,37.521953,버스
5999,우리은행신정동지점,126.859385,37.521705,버스
6000,목동프라자,126.8602781,37.51987595,버스
6001,목동10단지,126.856654,37.519087,버스
6002,신정네거리역,126.853402,37.521037,버스
6003,신정네거리역,126.853398,37.519463,버스
6004,길훈로즈빌아파트,126.871157,37.52243302,버스
6005,하이스트학원.종로학원,126.869403,37.524815,버스
6006,목동역,126.865402,37.525797,버스
6007,목동8단지지하도,126.866912,37.52005,버스
6008,양천구청.양천보건소,126.8661629,37.51816257,버스
6009,목동8단지.한전,126.8683292,37.52018346,버스
6010,진명여고,126.8651038,37.52394011,버스
6011,서울남부지방법원.서울남부지방검찰청,126.865547,37.52179,버스
6012,서울남부지방법원.서울남부지방검찰청,126.8659323,37.5218496,버스
6013,오목교역.청학스포츠타운,126.875315,37.52362783,버스
6014,현대아이파크아파트,126.8732569,37.52103408,버스
6015,목동중학교.서울출입국.외국인청,126.8708457,37.51987716,버스
6016,목동대학학원,126.872863,37.524727,버스
6017,목동7단지,126.867124,37.525588,버스
6018,제일은행앞,126.8640996,37.5193001,버스
6019,서울남부지방법원.서울남부지방검찰청,126.8633685,37.52219405,버스
6020,목동중학교,126.870348,37.519063,버스
6021,진명여고,126.8645744,37.52450719,버스
6022,우리은행신정동지점,126.85871,37.521902,버스
6023,목동역.목동오거리,126.8631069,37.52580579,버스
6024,신서고등학교.영상고등학교입구,126.8599725,37.52539572,버스
6025,신정역(은행정).신정4동주민센터,126.8542989,37.52463013,버스
6026,신정1동우체국,126.8614154,37.52215256,버스
6027,서울남부지방법원.서울남부지방검찰청,126.864355,37.52253,버스
6028,신정네거리역,126.8534321,37.52127697,버스
6029,신서고등학교.영상고등학교앞,126.85945,37.522625,버스
6030,제일여성병원,126.851877,37.522473,버스
6031,신정4동경서농협,126.855172,37.521515,버스
6032,목동역.홍익병원,126.8639152,37.52804955,버스
6033,목동역.목동오거리,126.862791,37.52595861,버스
6034,신서고교.영상고교입구,126.8603986,37.52565303,버스
6035,신정역(은행정).신정4동주민센터,126.854377,37.524902,버스
6036,양강중학교,126.850553,37.525068,버스
6037,신월문화체육센터,126.835249,37.519969,버스
6038,신월동우성상가,126.833838,37.52179,버스
6039,중부운수앞,126.8307798,37.52410407,버스
6040,신월문화체육센터,126.836198,37.520117,버스
6041,신월동우성상가,126.83399,37.521717,버스
6042,국립과학수사연구소입구,126.837035,37.522355,버스
6043,신안파크아파트후문,126.8288365,37.52392556,버스
6044,신안파크아파트후문,126.828906,37.5241,버스
6045,국립과학수사연구소.고강동종점,126.8257795,37.52345522,버스
6046,신정1동주민센터.신오새마을금고,126.8538762,37.51760318,버스
6047,신정네거리역,126.8528217,37.51985338,버스
6048,신트리아파트,126.853865,37.513032,버스
6049,정랑고개.양천벤처타운,126.8498548,37.51166135,버스
6050,서부트럭터미널.신정동일하이빌아파트,126.842363,37.510935,버스
6051,강신중학교,126.8403599,37.51527132,버스
6052,남명초교.신정3동주민센터,126.8549126,37.51507653,버스
6053,금옥중.금옥여고.백암고등학교,126.8445827,37.50985233,버스
6054,양강중학교,126.85028,37.524862,버스
6055,양강중학교,126.849502,37.52385,버스
6056,신월2동주민센터입구.경창전통시장,126.8460404,37.52310058,버스
6057,강서초등학교,126.841675,37.522025,버스
6058,한빛종합사회복지관,126.838743,37.521342,버스
6059,과학수사연구소입구,126.836962,37.521905,버스
6060,서부트럭터미널.신정동일하이빌아파트,126.8424,37.510088,버스
6061,신정현대아파트.서부트럭터미널,126.8429841,37.5083598,버스
6062,넓은들공원,126.839199,37.510795,버스
6063,넓은들공원,126.838648,37.511066,버스
6064,신정현대아파트,126.842139,37.508781,버스
6065,신정숲속마을아파트,126.834138,37.506447,버스
6066,신정숲속마을아파트.댓골마을입구,126.835613,37.506761,버스
6067,양천중앙도서관.푸른마을2단지,126.8340906,37.51419128,버스
6068,양천중앙도서관.푸른마을2단지,126.833988,37.514032,버스
6069,신월시영아파트.강월초등학교,126.83553,37.515731,버스
6070,신월시영아파트.강월초등학교,126.835305,37.515937,버스
6071,강월초교입구사거리,126.8377839,37.51635995,버스
6072,강월초교입구사거리,126.8378579,37.51669255,버스
6073,금실어린이공원,126.8377739,37.51795429,버스
6074,금실어린이공원,126.8378532,37.51742852,버스
6075,강신중학교,126.839809,37.515863,버스
6076,양서중학교,126.830955,37.531548,버스
6077,신월1동주민센터.신월보건지소,126.83105,37.532183,버스
6078,신월3동주민센터.신월3동우체국,126.8288289,37.53466482,버스
6079,서부여성발전센터,126.8290122,37.5351643,버스
6080,가로공원공영주차장.신영시장,126.833023,37.536378,버스
6081,국민은행신월동지점,126.829107,37.535805,버스
6082,서서울호수공원,126.8325722,37.52903473,버스
6083,서서울호수공원,126.8329213,37.52925059,버스
6084,하나은행신월동지점,126.837995,37.530478,버스
6085,가로공원공영주차장,126.832582,37.536653,버스
6086,양원초교.광영여고,126.8235072,37.5390246,버스
6087,국민은행신월동지점,126.8296039,37.53621493,버스
6088,메디힐병원.서울금융고등학교,126.8277769,37.53699263,버스
6089,신화중학교,126.83135,37.539653,버스
6090,신월5동주민센터.신월중학교,126.8275324,37.53947839,버스
6091,신월5동주민센터.신월중학교,126.827617,37.539253,버스
6092,신월중학교입구,126.825283,37.539898,버스
6093,신월중학교입구,126.82566,37.540132,버스
6094,광영고.신동아파밀리에아파트,126.8233616,37.53935779,버스
6095,서울금융고등학교,126.8270247,37.53732043,버스
6096,신화중학교,126.830763,37.539355,버스
6097,경창빌딩,126.838582,37.51866,버스
6098,신월시영아파트중문,126.836715,37.519088,버스
6099,신월시영아파트중문,126.83658,37.519083,버스
6100,목원초등학교.서울지방식품의약품안전청,126.881355,37.543038,버스
6101,양천노인종합복지관,126.859079,37.510413,버스
6102,양서중학교,126.8302431,37.53279646,버스
6103,양명초등학교,126.857243,37.516086,버스
6104,신목동역-서울지방식품의약품안전청,126.88336,37.543635,버스
6105,목동파라곤,126.8755215,37.5300691,버스
6106,신정현대아파트.서부트럭터미널,126.8420066,37.50901089,버스
6107,대일관광고.푸른마을3단지,126.836222,37.51118,버스
6108,대일관광고.푸른마을3단지,126.835885,37.511319,버스
6109,신정현대아파트,126.8410742,37.50863659,버스
6110,신월문화체육센터,126.836879,37.520513,버스
6111,목동아파트1102동앞,126.860129,37.511596,버스
6112,트럭터미널주유소앞,126.8415438,37.50908777,버스
6113,목동아파트1434동앞,126.871975,37.515655,버스
6114,목동아파트1216동앞,126.862188,37.511505,버스
6115,신월동기점,126.8385294,37.52947735,버스
6116,목동아파트1218동앞,126.863621,37.51171675,버스
6117,양천공영차고지,126.8372191,37.50849276,버스
6118,국립과학수사연구소.고강동종점,126.825713,37.523548,버스
6119,신월동기점,126.838662,37.529577,버스
6120,양천공영차고지,126.837646,37.508701,버스
6121,신정이펜하우스3단지,126.8304154,37.51412118,버스
6122,푸른마을1단지.이든채아파트,126.8353881,37.51265311,버스
6123,신교정입구,126.8738695,37.51866695,버스
6124,중부운수앞,126.8307795,37.52422031,버스
6125,푸른마을1단지.이든채아파트,126.83488,37.512878,버스
6126,신정교입구,126.873613,37.518575,버스
6127,신월청소년문화센터,126.8264418,37.5354516,버스
6128,계남초등학교,126.857763,37.510125,버스
6129,신목동역-서울지방식품의약품안전청,126.8835304,37.54364328,버스
6130,보람쉬움아파트,126.835482,37.5298,버스
6131,보람쉬움아파트.신영시장,126.8352416,37.52990444,버스
6132,신정이펜하우스2단지,126.830539,37.514504,버스
6133,신정이펜하우스1단지아파트,126.8280797,37.51398714,버스
6134,이펜하우스1단지.어르신요양센터,126.828913,37.513244,버스
6135,양천어르신요양센터,126.8284426,37.51361822,버스
6136,신정이펜하우스3.4단지,126.83046,37.511293,버스
6137,신정이펜하우스5단지.서남병원,126.833468,37.511199,버스
6138,푸른마을아파트3단지,126.8365885,37.51207898,버스
6139,강서보건소.9호선등촌역,126.8680475,37.54903807,버스
6140,목2동주민센터,126.871381,37.546175,버스
6141,동일하이빌아파트,126.8408156,37.51001402,버스
6142,팔복부동산.목동교회,126.8703833,37.5438945,버스
6143,신정현대아파트.서부트럭터미널,126.8412612,37.50842688,버스
6144,목동문화체육센터.건영아파트,126.8690347,37.54175562,버스
6145,한성교회.금옥여고.백암고,126.843065,37.51078477,버스
6146,우신웨스트빌.목동보건지소,126.8690376,37.53946323,버스
6147,대림.수정아파트,126.842443,37.51233834,버스
6148,벽산.대주아파트,126.8415303,37.51438982,버스
6149,성원.극동아파트,126.8716473,37.53800362,버스
6150,목동센트럴2단지,126.8410313,37.51552994,버스
6151,목동센트럴1단지,126.8407068,37.51642688,버스
6152,농협.영도초등학교,126.8705499,37.53591818,버스
6153,학마을2단지아파트,126.8442805,37.5088382,버스
6154,한신청구아파트,126.8815755,37.53969003,버스
6155,학마을2단지아파트,126.844108,37.508967,버스
6156,신정1동주민센터,126.8547129,37.51836539,버스
6157,목동10단지,126.8566247,37.51893713,버스
6158,오목교역.대학학원,126.8741567,37.52481065,버스
6159,목동프라자,126.8593706,37.51939999,버스
6160,신서초교,126.8621672,37.52063509,버스
6161,서울남부지법,126.8629843,37.52168132,버스
6162,한신청구아파트정문,126.8816171,37.53981803,버스
6163,목동8단지천주교,126.8688815,37.52259812,버스
6164,목동3.4단지사잇길,126.8716438,37.53279798,버스
6165,용왕산입구,126.8731058,37.53808809,버스
6166,성원.극동아파트,126.8717854,37.53800737,버스
6167,목동9단지B상가,126.860685,37.51826527,버스
6168,현대아파트.월드메르디앙아파트,126.869913,37.5390524,버스
6169,목동프라자,126.8592177,37.51950794,버스
6170,우신웨스트빌.목동보건지소,126.8688076,37.54023882,버스
6171,목동문화체육센터.건영아파트,126.8691975,37.54185041,버스
6172,신정1동주민센터,126.8543801,37.51840905,버스
6173,팔복부동산.목동교회,126.8704988,37.54384867,버스
6174,목2동주민센터,126.8713325,37.54669524,버스
6175,양동중학교,126.8687519,37.54752231,버스
6176,수명산입구,126.8288757,37.54341363,버스
6177,거산아파트,126.8319712,37.54019666,버스
6178,신곡시장,126.8425811,37.51874534,버스
6179,목동센트럴1단지,126.8404714,37.51655194,버스
6180,목동센트럴2단지.이마트24,126.8408153,37.51574513,버스
6181,벽산.대주아파트,126.8413478,37.51456079,버스
6182,대림.수정아파트,126.8423503,37.51229857,버스
6183,한성교회.백암고,126.842932,37.51110809,버스
6184,금옥여고.대우미래사랑아파트,126.8436827,37.50966462,버스
6185,동일하이빌아파트,126.8406524,37.51014356,버스
6186,현대아파트.월드메르디앙아파트,126.8703584,37.53871227,버스
6187,롯데캐슬아파트.목3동시장,126.8670352,37.54807006,버스
6188,신정이펜하우스1단지,126.828095,37.515057,버스
6189,서남병원,126.832599,37.511742,버스
6190,신은초등학교,126.833538,37.513337,버스
6191,신은초등학교,126.8336316,37.5134859,버스
6192,서남병원,126.8325259,37.511757,버스
6193,이펜하우스3.4단지,126.830252,37.51157533,버스
6194,양천어르신요양센터,126.828909,37.513441,버스
6195,신정이펜하우스1단지.새금성교회,126.828504,37.514448,버스
6196,목동역,126.8642855,37.52536741,버스
6197,목동역,126.8647257,37.52533548,버스
6198,갈산초등학교,126.8700048,37.51293597,버스
6199,갈산초등학교,126.8703835,37.51304632,버스
6200,화곡입구,126.8272224,37.53699272,버스
6201,화곡입구,126.827728,37.53709889,버스
6202,국립과학수사연구소,126.836618,37.523023,버스
6203,서부트럭터미널,126.8437883,37.50782651,버스
6204,대일고등학교,126.8638776,37.53940874,버스
6205,양천공영차고지,126.8374185,37.5084115,버스
6206,오목교역,126.875152,37.52344,버스
6207,오목교역,126.875375,37.523328,버스
6208,신도림4차e편한세상,126.8877444,37.51219814,버스
6209,목동현대백화점,126.8741805,37.52816907,버스
6210,강서양천교육지원청,126.8306668,37.54108456,버스
6211,거산아파트,126.831693,37.540714,버스
6212,우리은행앞,126.8277442,37.53593379,버스
6213,염창역.서울도시가스,126.875895,37.547145,버스
6214,염창역.서울도시가스,126.8750053,37.54696382,버스
6215,등촌역.강서보건소,126.86872,37.549115,버스
6216,등촌역.강서보건소,126.8675998,37.54941062,버스
6217,등촌중학교.백석초등학교,126.8614641,37.55267372,버스
6218,등촌중학교.백석초등학교,126.86068,37.552903,버스
6219,강서구청사거리.서울디지털대학교,126.855528,37.554887,버스
6220,강서구청사거리.서울디지털대학교,126.8540843,37.55523558,버스
6221,KBS스포츠월드,126.850512,37.556782,버스
6222,KBS스포츠월드,126.8489377,37.5570387,버스
6223,한국가스기술공사,126.845633,37.558022,버스
6224,한국가스기술공사,126.843735,37.557972,버스
6225,발산역,126.83922,37.558502,버스
6226,송정역,126.8097997,37.56143796,버스
6227,송정역,126.810938,37.561353,버스
6228,"공항중학교.마곡엠밸리9,10단지",126.815552,37.5608,버스
6229,발산역,126.8376109,37.55857335,버스
6230,마곡역,126.827513,37.559695,버스
6231,마곡역,126.826223,37.559729,버스
6232,"공항중학교.마곡엠밸리9,10단지",126.817152,37.560738,버스
6233,마곡동로사거리,126.83399,37.559073,버스
6234,마곡동로사거리,126.832479,37.559102,버스
6235,강서세무서,126.822202,37.560136,버스
6236,강서세무서,126.82286,37.560159,버스
6237,화원중학교,126.841037,37.537835,버스
6238,서울식물원.식물문화센터,126.8349619,37.56838835,버스
6239,백석초등학교.한국임업진흥원,126.8616543,37.55270361,버스
6240,등촌중학교.한국임업진흥원,126.8601041,37.55295219,버스
6241,강서대학교.강서LG베스트샵,126.856033,37.55484,버스
6242,하이웨이주유소.강서대학교,126.855795,37.554537,버스
6243,서울식물원.숲문화학교,126.83415,37.566225,버스
6244,LG사이언스파크,126.833526,37.561979,버스
6245,등촌주공5단지아파트,126.843795,37.558187,버스
6246,발산역4번출구,126.8392815,37.558627,버스
6247,발산역5번출구,126.8394839,37.55821097,버스
6248,공항중학교,126.814653,37.56112,버스
6249,송정역,126.81072,37.561178,버스
6250,송정역,126.8090169,37.56167898,버스
6251,공항시장,126.808837,37.562263,버스
6252,공항시장,126.808751,37.562423,버스
6253,공항시장역3번출구,126.8109494,37.56382489,버스
6254,공항시장역.공항성산교회,126.811384,37.5647465,버스
6255,방화주유소,126.812578,37.566218,버스
6256,방화2동청성아파트앞,126.811615,37.56697617,버스
6257,방신전통시장,126.812862,37.569958,버스
6258,방화2동우촌연립,126.8114749,37.57002343,버스
6259,국민은행방화동지점,126.8115903,37.57271878,버스
6260,국민은행방화동지점,126.8113414,37.57265711,버스
6261,한서고등학교.보람아파트,126.811733,37.57483,버스
6262,한서고등학교.보람아파트,126.8114186,37.57481624,버스
6263,방화역2번출구,126.812627,37.576742,버스
6264,방화역,126.8123587,37.57691187,버스
6265,방화3동주민센터.국립국어원,126.813513,37.57913,버스
6266,방화도시7단지.국립국어원,126.813355,37.579305,버스
6267,가양8단지아파트.가양역,126.8559124,37.56186214,버스
6268,가양역.마포중고등학교,126.8542039,37.55892751,버스
6269,가양역.마포중고등학교,126.8541936,37.55955916,버스
6270,경복비즈니스고등학교,126.8534483,37.55752808,버스
6271,경복비즈니스고등학교,126.853122,37.55766284,버스
6272,강서구청.한국건강관리협회,126.8505842,37.55262795,버스
6273,강서구청.한국건강관리협회,126.8501699,37.55266887,버스
6274,우장초등학교,126.8481814,37.55035323,버스
6275,우장초등학교,126.8477783,37.54936691,버스
6276,한국폴리텍1.서울강서대학교,126.8452748,37.54608728,버스
6277,한국폴리텍1.서울강서대학교,126.8447321,37.54584327,버스
6278,화곡본동시장,126.8426282,37.54317865,버스
6279,화곡본동시장,126.8432514,37.54334348,버스
6280,화곡역,126.838753,37.541038,버스
6281,화곡역7번출구,126.837005,37.540872,버스
6282,강서구청소년상담복지센터,126.83556,37.540192,버스
6283,화곡푸르지오,126.834479,37.54015064,버스
6284,외발산신광명마을,126.8215259,37.54606458,버스
6285,외발산신광명마을,126.821132,37.545958,버스
6286,강서면허시험장.메이필드호텔,126.819496,37.5496839,버스
6287,강서면허시험장.메이필드호텔,126.820227,37.547798,버스
6288,강서농수산물도매시장,126.81998,37.55187,버스
6289,영인운수.차고지,126.8179353,37.54533512,버스
6290,대한항공.메이필드호텔,126.816819,37.549722,버스
6291,공항동송정중학교,126.815117,37.552778,버스
6292,공항동송정중학교,126.815368,37.55313,버스
6293,국립항공박물관.공항동천주교회,126.811917,37.555638,버스
6294,국립항공박물관.공항동천주교회,126.811943,37.555152,버스
6295,공항동지하도입구,126.808185,37.559087,버스
6296,영인운수.차고지,126.818291,37.545213,버스
6297,방화중학교,126.8059168,37.5646214,버스
6298,서울방화초등학교,126.8056215,37.56719893,버스
6299,방화동도시개발11단지,126.804202,37.570852,버스
6300,개화119안전센터,126.8026,37.575195,버스
6301,개화119안전센터,126.802225,37.575128,버스
6302,개화역1번출구.개화검문소,126.800345,37.578455,버스
6303,개화역1번출구.개화검문소,126.7997884,37.57849426,버스
6304,상사마을,126.7985641,37.58249255,버스
6305,상사마을,126.798335,37.58182,버스
6306,영일고등학교.강서도서관,126.8633554,37.54898858,버스
6307,아이파크아파트.백석중학교.실로암안과,126.8621413,37.5451449,버스
6308,등촌2동주민센터.등촌동대림아파트,126.8629699,37.54194247,버스
6309,대일고교.임광아파트.배광교회,126.8635679,37.53979135,버스
6310,용문사.시립화곡청소년센터,126.8633458,37.53709721,버스
6311,목동사거리,126.863521,37.533198,버스
6312,목동사거리,126.8636088,37.53163377,버스
6313,화곡동남부시장,126.8588539,37.53183633,버스
6314,성석교회,126.8575906,37.53151222,버스
6315,서울신정초등학교,126.852907,37.531128,버스
6316,서울신정초등학교,126.85253,37.530934,버스
6317,화곡8동주민센터,126.849587,37.530822,버스
6318,화곡8동주민센터.까치산시장,126.8488201,37.53058851,버스
6319,KT강서지사,126.8475167,37.52997229,버스
6320,KT강서지사,126.8478811,37.52995383,버스
6321,화곡동유림아파트,126.844302,37.530479,버스
6322,화곡동유림아파트,126.844427,37.530353,버스
6323,황외과앞,126.8378394,37.53096322,버스
6324,까치산역2번출구,126.8468456,37.53177067,버스
6325,까치산역4번출구,126.8461928,37.53223863,버스
6326,화곡동백구사,126.842518,37.5326,버스
6327,화곡동백구사,126.840795,37.532383,버스
6328,화곡대림아파트,126.83893,37.533003,버스
6329,화곡동대림아파트.화곡중앙시장,126.838322,37.53418,버스
6330,가로공원.나누리병원,126.837192,37.5367735,버스
6331,가로공원.나누리병원,126.8368737,37.53743987,버스
6332,가로공원.나누리병원,126.836673,37.536907,버스
6333,가로공원.나누리병원,126.8362927,37.53717865,버스
6334,다운어린이공원.치유하는교회,126.8437952,37.53256448,버스
6335,화원중학교,126.840433,37.537977,버스
6336,신월초등학교,126.8389691,37.5386349,버스
6337,신월초등학교,126.8394912,37.53896541,버스
6338,화곡역5번출구,126.8409451,37.54064792,버스
6339,화곡역4번출구,126.8411221,37.54095273,버스
6340,화곡역1번출구,126.839517,37.542798,버스
6341,화곡역8번출구,126.8388886,37.54292941,버스
6342,대원시장,126.8382264,37.54406298,버스
6343,대원시장,126.8373132,37.54452489,버스
6344,화곡중고등학교,126.836224,37.547224,버스
6345,화곡중고등학교,126.836467,37.547421,버스
6346,우장산역,126.8365028,37.549241,버스
6347,우장산역,126.8361293,37.54980277,버스
6348,명덕고등학교.서울스타병원,126.836523,37.553092,버스
6349,명덕고등학교.서울스타병원,126.8363717,37.55329124,버스
6350,발산역.우장산힐스테이트,126.8376255,37.5560386,버스
6351,발산역.우장산힐스테이트,126.8374836,37.55676559,버스
6352,발산역2번출구,126.838558,37.56009,버스
6353,발산역3번출구,126.8389703,37.56017015,버스
6354,서울호서전문학교.등촌주공3단지아파트,126.8394809,37.56274927,버스
6355,서울호서전문학교.등촌주공3단지아파트,126.839755,37.562662,버스
6356,서울강서우체국,126.84037,37.564569,버스
6357,서울강서우체국,126.8400518,37.56456734,버스
6358,양천향교역.휴먼빌아파트,126.841602,37.569217,버스
6359,양천향교입구,126.841425,37.57003,버스
6360,가양한강타운아파트,126.843453,37.570403,버스
6361,가양한강타운아파트,126.8438103,37.57050587,버스
6362,가양2단지성지아파트.동양고등학교,126.846542,37.569627,버스
6363,가양2단지성지아파트.동양고등학교,126.847348,37.569643,버스
6364,한보구암마을아파트,126.849027,37.568767,버스
6365,가양동천주교영등포공업고등학교,126.8496503,37.56848329,버스
6366,서울서진학교.우체국앞.허준박물관,126.85133,37.566848,버스
6367,탑산초등학교.허준박물관,126.8517606,37.56669819,버스
6368,가양4단지아파트,126.85329,37.56526,버스
6369,대림경동아파트,126.8532162,37.56558806,버스
6370,가양5단지아파트,126.85513,37.564242,버스
6371,가양2동강변아파트,126.8556381,37.56417994,버스
6372,가양6단지아파트,126.8579044,37.56294639,버스
6373,가양초등학교,126.85982,37.561717,버스
6374,강서구청별관,126.85976,37.561198,버스
6375,가양3동주민센터,126.860753,37.56141252,버스
6376,가양9단지아파트,126.863307,37.559812,버스
6377,가양9단지아파트.세현고등학교,126.86361,37.559813,버스
6378,염창동아3차아파트.나이아가라호텔,126.8776266,37.54912227,버스
6379,염창동아3차아파트,126.8776893,37.54881687,버스
6380,염창동새마을금고,126.873324,37.55023509,버스
6381,염창동새마을금고,126.8727945,37.55015703,버스
6382,염창동한마음.관음삼성아파트,126.8697189,37.55304709,버스
6383,염창동관음삼성아파트,126.8693581,37.55292955,버스
6384,태영.삼성한사랑아파트,126.8654574,37.55506527,버스
6385,금호.한솔아파트,126.865485,37.55544736,버스
6386,블루나인비지니스센터,126.8637439,37.55624283,버스
6387,블루나인비지니스센터,126.8639189,37.55650706,버스
6388,증미역.강서소방서,126.861431,37.557866,버스
6389,증미역.강서소방서,126.8617195,37.55723078,버스
6390,가양역.현대프린스텔,126.8563498,37.56021961,버스
6391,가양역.현대아파트,126.856722,37.560412,버스
6392,가양역.우성아파트,126.8539737,37.56145209,버스
6393,가양역.우성아파트,126.853228,37.562223,버스
6394,SBS공개홀,126.8508002,37.5634891,버스
6395,SBS공개홀,126.849849,37.5636591,버스
6396,가양4.5단지상가앞,126.8526273,37.56408453,버스
6397,서울서진학교,126.850292,37.566287,버스
6398,등촌동대림아파트,126.848394,37.56440514,버스
6399,강서한강자이아파트,126.847871,37.56501451,버스
6400,가양동CJ주식회사,126.844935,37.566652,버스
6401,가양동CJ주식회사,126.844067,37.566813,버스
6402,양천초등학교.겸재정선미술관,126.8403425,37.56906849,버스
6403,양천초등학교.겸재정선미술관,126.840489,37.568749,버스
6404,겸재정선미술관.서울식물원,126.838568,37.569779,버스
6405,겸재정선미술관.서울식물원,126.8372947,37.57077334,버스
6406,마곡실내배드민턴장,126.829851,37.572618,버스
6407,마곡실내배드민턴장,126.8319559,37.57267477,버스
6408,서남물재생센터,126.827321,37.573004,버스
6409,서남물재생센터,126.827155,37.572769,버스
6410,서남환경공원.마곡청구아파트,126.8233293,37.57328221,버스
6411,서남환경공원.마곡청구아파트,126.822208,37.573136,버스
6412,방화동도시개발2단지아파트,126.8185241,37.57324952,버스
6413,방화동도시개발2단지아파트,126.818829,37.573514,버스
6414,방화동동부센트레빌아파트,126.8138644,37.57332251,버스
6415,방화동동부센트레빌아파트,126.814217,37.573528,버스
6416,방화사거리,126.8104924,37.57308557,버스
6417,방화사거리,126.809421,37.573162,버스
6418,개화산역,126.806172,37.572521,버스
6419,개화산역,126.8052934,37.57277106,버스
6420,등촌3동천주교회,126.845797,37.560082,버스
6421,등촌3동천주교회,126.8460351,37.5599579,버스
6422,등촌3동5단지아파트.등촌고등학교,126.84519,37.561745,버스
6423,등촌3동5단지아파트.등촌고등학교,126.845205,37.56195,버스
6424,등촌3동주공4단지아파트,126.843177,37.562433,버스
6425,등촌동부영아파트,126.84275,37.562722,버스
6426,등촌3동주공10단지아파트,126.8474153,37.56196643,버스
6427,등촌3동대림아파트,126.84749,37.56259,버스
6428,마곡13단지힐스테이트아파트,126.817975,37.556702,버스
6429,다솔마을.강서농수산물도매시장,126.8198769,37.55481797,버스
6430,강서공업고등학교,126.816628,37.57553,버스
6431,방화동도시개발1.2단지아파트,126.816875,37.57522,버스
6432,서울항공비지니스고등학교,126.8168323,37.56951691,버스
6433,서울항공비지니스고등학교,126.8163793,37.56896517,버스
6434,공항중학교,126.816255,37.56344918,버스
6435,공항중학교.마곡엠밸리9단지,126.81676,37.562458,버스
6436,양천향교역,126.8407488,37.56700014,버스
6437,방신전통시장,126.8126603,37.57005257,버스
6438,방화주유소,126.8125292,37.56669108,버스
6439,제과점앞,126.809942,37.56021,버스
6440,공항동천주교회,126.811612,37.557387,버스
6441,강서한방병원,126.8390315,37.53012593,버스
6442,강서한방병원,126.8393407,37.52999299,버스
6443,강서한강자이아파트,126.8500719,37.56636461,버스
6444,강서구청별관,126.859807,37.561162,버스
6445,우장산동주민센터,126.841575,37.547926,버스
6446,문성유치원,126.844227,37.546913,버스
6447,우장산투웨니퍼스트오피스텔,126.845782,37.547202,버스
6448,가양7단지상가,126.861713,37.560708,버스
6449,등촌주공9단지,126.850602,37.561643,버스
6450,강서구민올림픽체육센터,126.850182,37.559912,버스
6451,등촌주공6단지,126.848477,37.560553,버스
6452,등현초등학교,126.847267,37.5611,버스
6453,가양7단지상가앞,126.86182,37.560737,버스
6454,우장산휴먼빌아파트,126.8434782,37.54743835,버스
6455,우장산동주민센터,126.841394,37.548077,버스
6456,양서1단지우장산아이파크이편한세상,126.83702,37.547995,버스
6457,우장산파크빌,126.845337,37.546653,버스
6458,강서힐스테이트아파트,126.8369631,37.54785305,버스
6459,등촌주공6단지앞,126.848447,37.560355,버스
6460,강서구민올림픽체육센터,126.850322,37.559795,버스
6461,등촌9단지SBS공개홀,126.850932,37.561875,버스
6462,가양4.5단지상가앞,126.852823,37.563943,버스
6463,삼정그린코아아파트,126.8117012,37.57159607,버스
6464,강서농협,126.812885,37.568327,버스
6465,강서농협,126.812767,37.568388,버스
6466,서울방화초등학교,126.805304,37.568165,버스
6467,공항동주민센터,126.810557,37.55883,버스
6468,천주교성당,126.8123522,37.55602997,버스
6469,마곡나루역4번출구.서울식물원,126.827772,37.565259,버스
6470,마곡나루역5번출구.서울식물원,126.8275,37.565369,버스
6471,마곡역교차로,126.828571,37.559349,버스
6472,이대서울병원,126.834829,37.55874,버스
6473,김포공항국내선,126.80421,37.55874,버스
6474,김포공항국내선,126.80465,37.558392,버스
6475,김포공항국제선,126.801112,37.56531,버스
6476,김포공항국제선,126.8010313,37.56499803,버스
6477,발산역7번출구,126.837903,37.557738,버스
6478,신방화역5번출구,126.817444,37.567393,버스
6479,마곡엠밸리6.7단지.마곡중학교,126.821451,37.567107,버스
6480,마곡나루역,126.825808,37.566759,버스
6481,마곡역,126.826913,37.56138,버스
6482,마곡역,126.827173,37.561329,버스
6483,마곡나루역1번출구.웰튼병원,126.8265563,37.56695587,버스
6484,마곡동로사거리,126.8314961,37.55946749,버스
6485,마곡엠밸리11.12단지,126.82157,37.560066,버스
6486,마곡13단지힐스테이트후문,126.818732,37.556634,버스
6487,공진초등학교,126.8216429,37.55843228,버스
6488,송정역,126.8122235,37.56132008,버스
6489,외발산동기점,126.8213322,37.54520915,버스
6490,한국공항공사,126.798872,37.562433,버스
6491,한국공항공사,126.798863,37.56242,버스
6492,이마트(가상),126.7984631,37.56254745,버스
6493,개화동상사마을종점,126.80181,37.588697,버스
6494,마곡수명산파크7단지,126.823065,37.549218,버스
6495,마곡수명산파크5단지6단지,126.82535,37.55131,버스
6496,마곡수명산파크2단지,126.8264227,37.55490711,버스
6497,마곡수명산파크2단지,126.826058,37.554787,버스
6498,마곡수명산파크3단지4단지,126.8252226,37.55168483,버스
6499,마곡수명산파크7단지,126.822762,37.549322,버스
6500,마곡역6번출구,126.825491,37.559571,버스
6501,마곡역,126.8243288,37.56021843,버스
6502,화곡2동주민센터,126.8552227,37.53137688,버스
6503,화곡2동주민센터,126.854478,37.531179,버스
6504,마곡엠밸리14단지아파트,126.826412,37.557467,버스
6505,마곡엠밸리15단지아파트,126.8267496,37.55743876,버스
6506,발산역9번출구,126.836511,37.558922,버스
6507,공항동주민센터,126.810619,37.558964,버스
6508,신방화사거리,126.816922,37.572868,버스
6509,신방화사거리,126.816537,37.572787,버스
6510,방화2동우촌연립,126.8117127,37.5701349,버스
6511,개화역광역환승센터,126.797811,37.57845,버스
6512,개화역광역환승센터,126.797978,37.57822,버스
6513,방화2동청성아파트,126.8118934,37.56656391,버스
6514,핑크힐병원,126.8755585,37.54931475,버스
6515,롯데몰.김포공항역,126.803024,37.562379,버스
6516,송정중학교정문,126.81623,37.554337,버스
6517,염창동주민센터,126.871126,37.553683,버스
6518,대통마트,126.8560563,37.53505528,버스
6519,강원슈퍼,126.856939,37.53559701,버스
6520,화곡보람3차아파트,126.8582738,37.53645556,버스
6521,에이엔케슬,126.8591687,37.53713606,버스
6522,한광고,126.8584806,37.53779304,버스
6523,신정여상,126.8575412,37.53728369,버스
6524,명지해드는터아파트,126.8563782,37.53654698,버스
6525,동우아트빌,126.855948,37.536478,버스
6526,미주아파트,126.8549372,37.53741388,버스
6527,방송인아파트,126.854109,37.53703347,버스
6528,곰달래약국,126.858041,37.53151997,버스
6529,중앙하이츠빌라,126.8581895,37.53076413,버스
6530,곰달래아파트,126.856579,37.529662,버스
6531,삼성아파트,126.8541282,37.52921921,버스
6532,은창아파트,126.8518828,37.52893527,버스
6533,화곡전화국,126.847914,37.529481,버스
6534,까치산역4번출구,126.846073,37.532641,버스
6535,까치시장,126.846278,37.53374267,버스
6536,화곡탑건진선미아파트,126.846713,37.53617,버스
6537,개나리슈퍼,126.848008,37.536642,버스
6538,빨래세탁소,126.8491624,37.53716878,버스
6539,공작세탁소,126.8545741,37.53659151,버스
6540,주영렉스빌,126.855148,37.53604702,버스
6541,대통마트,126.8559979,37.53484255,버스
6542,국민약국,126.857847,37.53175403,버스
6543,주영렉스빌,126.855048,37.535899,버스
6544,약수터,126.8516393,37.53877765,버스
6545,신광명마을,126.8240687,37.54710826,버스
6546,수명중고등학교,126.8240952,37.54930247,버스
6547,마곡.수명산파크4단지,126.8244871,37.55061504,버스
6548,방화중학교,126.8065584,37.56426742,버스
6549,한마음아파트,126.8680232,37.55510781,버스
6550,우성아파트앞,126.8708997,37.55551558,버스
6551,우성아파트,126.8709494,37.55556159,버스
6552,봉제산정상,126.85174,37.536704,버스
6553,생태공원,126.818551,37.583442,버스
6554,NC백화점앞,126.840246,37.559471,버스
6555,염창역1번출구.강서평생학습관,126.8737556,37.54729799,버스
6556,명지해드는터아파트,126.8563185,37.53669741,버스
6557,하이웨이주유소,126.854287,37.554465,버스
6558,서광아파트,126.8194426,37.57883323,버스
6559,마곡엠밸리7단지앞,126.824463,37.565419,버스
6560,대림아파트,126.8751414,37.54833031,버스
6561,하나마트,126.8531016,37.55249234,버스
6562,정곡초교,126.8186173,37.57600074,버스
6563,등명중학교,126.8429615,37.55909511,버스
6564,동아3차아파트,126.8760291,37.54946212,버스
6565,미주아파트,126.8551022,37.53750509,버스
6566,백연공원,126.8520878,37.55062851,버스
6567,방화4단지,126.813401,37.576744,버스
6568,등촌3동성당사거리,126.8458654,37.55882591,버스
6569,새마을금고,126.8732765,37.55023775,버스
6570,방송인아파트,126.854055,37.537196,버스
6571,강서대학교,126.8512243,37.54947853,버스
6572,방화3동주민센터,126.8135875,37.57859255,버스
6573,등촌6단지,126.8476783,37.55956986,버스
6574,관음삼성.보람더하임아파트,126.8703833,37.55242246,버스
6575,공작세탁소,126.8543809,37.53646602,버스
6576,골목시장,126.8502357,37.54861944,버스
6577,등촌9단지,126.8487623,37.56140678,버스
6578,염창중학교,126.870934,37.55335209,버스
6579,대통마트,126.8558936,37.53496227,버스
6580,SK브로드밴드강서방송,126.8492844,37.54780995,버스
6581,정곡초교,126.819574,37.575846,버스
6582,강서세무서.공항초교,126.820612,37.562005,버스
6583,남부시장,126.8576985,37.53251978,버스
6584,수정빌딩,126.84754,37.545809,버스
6585,다솔마을,126.816664,37.555154,버스
6586,화곡유치원,126.8461327,37.5444216,버스
6587,마곡엠밸리14단지,126.8256188,37.55799191,버스
6588,등촌7단지아파트,126.853035,37.561265,버스
6589,삼천리아파트,126.8698493,37.55617403,버스
6590,화곡중앙하이츠빌라,126.8580424,37.53074774,버스
6591,본동시장,126.84422,37.54283113,버스
6592,마곡엠밸리14단지,126.824727,37.558322,버스
6593,한서고등학교.보람아파트,126.8114927,37.57486654,버스
6594,한마음아파트,126.8678151,37.5550445,버스
6595,곰달래아파트,126.8572149,37.52979428,버스
6596,본동사무소,126.8479741,37.5426468,버스
6597,볏골어린이공원,126.841979,37.540965,버스
6598,방신시장.LG베스트샵,126.812587,37.57334232,버스
6599,마곡엠밸리11.12단지상가,126.821038,37.558666,버스
6600,삼성아파트,126.8542115,37.52943377,버스
6601,거성빌라,126.8490739,37.54217874,버스
6602,마곡13단지힐스테이트상가,126.820138,37.558364,버스
6603,겸재정선미술관입구,126.8376286,37.5717978,버스
6604,한국건강관리협회,126.8509972,37.55382512,버스
6605,증미역2번출구,126.8626081,37.55718046,버스
6606,은창아파트,126.8518067,37.5291208,버스
6607,강서구립봉제산어르신복지센터,126.8502913,37.54177299,버스
6608,본동시장.새마을금고본점,126.8427421,37.54281926,버스
6609,금호APT,126.8371205,37.57433998,버스
6610,강서구청입구,126.8496142,37.55320432,버스
6611,등촌강변샤르망오피스텔,126.8571485,37.55862474,버스
6612,마곡13단지힐스테이트후문,126.8179906,37.55673739,버스
6613,대영마트,126.8510552,37.5405746,버스
6614,우체국,126.84593,37.544197,버스
6615,벽산아파트,126.8367589,37.57556406,버스
6616,우장산꿈에그린아파트,126.8477997,37.5532921,버스
6617,등촌현대아파트,126.8550856,37.55661729,버스
6618,까치산역1번출구,126.8463346,37.53260556,버스
6619,정은파크빌,126.8514174,37.54000556,버스
6620,화곡초교,126.8465565,37.54358481,버스
6621,벽산아파트,126.836678,37.575737,버스
6622,롯데3차APT,126.8465771,37.55287241,버스
6623,하이웨이주유소,126.854095,37.555586,버스
6624,까치시장,126.8460804,37.53354057,버스
6625,약수터,126.8515081,37.53877208,버스
6626,금호APT,126.8369598,37.5742938,버스
6627,강서구민회관,126.8442712,37.55306583,버스
6628,선교교회,126.8477613,37.53434202,버스
6629,겸재정선미술관입구,126.8374305,37.57183087,버스
6630,발산어린이집,126.8416539,37.55436714,버스
6631,화곡탑건진선미아파트,126.8468187,37.53599341,버스
6632,삼거리,126.850132,37.53739,버스
6633,롯데1차,126.8405796,37.55447022,버스
6634,개나리슈퍼,126.848043,37.53657,버스
6635,강서노인회관,126.8399796,37.55453248,버스
6636,빨래터세탁소,126.8492383,37.5369625,버스
6637,안골공원,126.8512591,37.53593151,버스
6638,우장산월드메르디앙아파트,126.837889,37.554791,버스
6639,방화동동부센트레빌아파트,126.813811,37.573366,버스
6640,삼거리,126.8502334,37.53733682,버스
6641,강남슈퍼,126.8510241,37.53519411,버스
6642,프라임마트,126.818237,37.572874,버스
6643,태창아파트,126.8508561,37.53757663,버스
6644,신정초교,126.851208,37.53259739,버스
6645,정은파크빌,126.8515067,37.5400282,버스
6646,마곡한솔솔파크,126.82266,37.570045,버스
6647,가양역,126.856651,37.560449,버스
6648,길훈아파트,126.822572,37.568681,버스
6649,마곡중학교,126.8217566,37.56863459,버스
6650,김포공항국내선,126.8033334,37.55954037,버스
6651,마곡나루역,126.82779,37.567223,버스
6652,롯데R&D센터,126.828429,37.571318,버스
6653,마곡나루역,126.828066,37.567163,버스
6654,대한항공,126.8150621,37.54998341,버스
6655,LG사이언스파크,126.833982,37.562768,버스
6656,김포공항국내선,126.804054,37.559288,버스
6657,마곡엠밸리1단지,126.819153,37.56781,버스
6658,마곡나루역,126.825813,37.566687,버스
6659,마곡나루역5번출구,126.827481,37.565315,버스
6660,대한항공,126.8164831,37.54988855,버스
6661,서울식물원.숲문화학교,126.83451,37.566316,버스
6662,마곡역2번출구,126.825997,37.559964,버스
6663,강서세무서.공항초교,126.8209337,37.56190171,버스
6664,강서세무서,126.821392,37.562354,버스
6665,마곡엠밸리7단지입구,126.824649,37.565005,버스
6666,마곡엠밸리7단지,126.823576,37.56717,버스
6667,마곡역,126.826841,37.561203,버스
6668,마곡엠밸리3단지입구,126.819998,37.567457,버스
6669,마곡중학교후문,126.8217854,37.56844809,버스
6670,길훈아파트,126.8227,37.5688329,버스
6671,마곡한솔솔파크,126.822845,37.569673,버스
6672,프라임마트,126.818187,37.572986,버스
6673,방화동동부센트레빌아파트,126.8142,37.573523,버스
6674,방신시장,126.8129196,37.5736123,버스
6675,한서고등학교.보람아파트,126.811744,37.575013,버스
6676,마곡역,126.827158,37.56047383,버스
6677,동아1.2차아파트,126.871881,37.554667,버스
6678,약수터,126.851516,37.538286,버스
6679,동아1.2차아파트,126.8720632,37.55465858,버스
6680,화곡역7번출구,126.8387732,37.54132981,버스
6681,마곡우림필유아파트,126.8206648,37.57201904,버스
6682,마곡우림필유아파트,126.8202678,37.5720488,버스
6683,대영마트,126.8511435,37.54059814,버스
6684,롯데R&D센터,126.828546,37.570309,버스
6685,마곡엠밸리7단지.712동,126.8235422,37.56723824,버스
6686,신방화역4번출구.마곡중학교,126.819928,37.567457,버스
6687,신방화역7번출구,126.816377,37.56661,버스
6688,마곡엠밸리4단지,126.8249811,37.56893158,버스
6689,마곡엠밸리5단지,126.816778,37.566192,버스
6690,화곡중앙골목시장,126.8377759,37.53470178,버스
6691,송화시장,126.8352516,37.54798224,버스
6692,삼천리아파트,126.8698053,37.55611181,버스
6693,LG주유소,126.8568371,37.53143399,버스
6694,오쇠동꽃단지,126.7978638,37.53822117,버스
6695,오쇠동꽃단지,126.7974938,37.53820882,버스
6696,강서구립봉제산어르신복지센터,126.850392,37.54177762,버스
6697,화곡중.고등학교,126.833278,37.548014,버스
6698,증미역,126.863636,37.556687,버스
6699,삼거리,126.8501047,37.53717987,버스
6700,남부시장,126.8578071,37.53253613,버스
6701,송정역,126.809145,37.561345,버스
6702,거성빌라,126.849595,37.542193,버스
6703,김포공항국내선,126.8030851,37.55970576,버스
6704,강서면허시험장,126.8188279,37.55027309,버스
6705,덕원여자고등학교.덕원예술고등학교,126.8321738,37.54925115,버스
6706,증미역,126.86384,37.55629,버스
6707,봉제산정상,126.8516123,37.53667755,버스
6708,김포공항국내선,126.803681,37.55950851,버스
6709,성우빌딩,126.8574555,37.53357287,버스
6710,발산초등학교,126.8314178,37.55078824,버스
6711,김포공항국내선,126.8044803,37.5585727,버스
6712,로미오이발클럽,126.8530366,37.53603466,버스
6713,방화대교남단(가상),126.8160003,37.58358116,버스
6714,강서면허시험장메이필트호텔,126.8181908,37.55024778,버스
6715,강서구의회,126.8621435,37.54518365,버스
6716,강서구의회,126.8629064,37.54634875,버스
6717,대일고등학교,126.8634754,37.53900909,버스
6718,목동사거리,126.8636807,37.53067508,버스
6719,김포공항국제선,126.8021757,37.56587131,버스
6720,강서면허시험장.강서농수산물시장,126.8184685,37.55009773,버스
6721,염창역2번출구,126.87631,37.547248,버스
6722,태영송화아파트,126.8675138,37.55387545,버스
6723,김포공항국제선,126.801935,37.56570601,버스
6724,대통마트,126.8561245,37.53488686,버스
6725,화곡초교,126.8467696,37.54342829,버스
6726,수명산근린공원,126.830814,37.55201286,버스
6727,관음삼성.보람더하임아파트,126.8703511,37.55205208,버스
6728,청송평화아파트,126.853737,37.535303,버스
6729,아람마트,126.8550235,37.53433945,버스
6730,수명산파크1단지,126.829825,37.55341895,버스
6731,새마을금고,126.8724183,37.55039001,버스
6732,성심사,126.8539817,37.53357223,버스
6733,성심사,126.8539521,37.53364879,버스
6734,마곡.수명산파크2단지,126.8278597,37.55361795,버스
6735,아람마트,126.85507,37.53426471,버스
6736,현대빌라,126.8538522,37.53443442,버스
6737,화곡역7번출구,126.8386545,37.54127017,버스
6738,마곡.수명산파크3단지,126.8258981,37.55318615,버스
6739,가양대교남단(가상),126.8668036,37.56055986,버스
6740,청송평화아파트,126.853823,37.53522,버스
6741,가양대교남단(가상),126.8671119,37.56094137,버스
6742,마곡수명산파크3단지.4단지,126.8252405,37.55174523,버스
6743,화곡보람3차아파트,126.8583825,37.53639532,버스
6744,로미오이발클럽,126.853115,37.536154,버스
6745,푸르지오APT,126.8311221,37.54185797,버스
6746,염동초교.염창보람더하임아파트,126.870441,37.552059,버스
6747,에이엔케슬,126.8592863,37.53716954,버스
6748,염동초교.염창보람더하임아파트,126.870603,37.552272,버스
6749,화곡유치원,126.846235,37.544244,버스
6750,나이아가라.리버파크.골든서울호텔,126.877841,37.548858,버스
6751,한광고,126.8585947,37.53785535,버스
6752,수정빌딩,126.8476446,37.54568011,버스
6753,수명산파크7단지정문,126.8242285,37.54796995,버스
6754,신정여상,126.8575206,37.5373927,버스
6755,SK브로드밴드강서방송,126.849183,37.54758725,버스
6756,나이아가라.리버파크.골든서울호텔,126.877891,37.549122,버스
6757,골목시장,126.8502247,37.54847525,버스
6758,서울자동차학원,126.8215964,37.54690451,버스
6759,강서대학교,126.8513127,37.54940115,버스
6760,백연공원,126.852444,37.551068,버스
6761,하나마트,126.853192,37.552447,버스
6762,강서구청후문,126.8502252,37.55045586,버스
6763,화곡보람2차아파트,126.854029,37.553886,버스
6764,강서아파트,126.8507266,37.55157295,버스
6765,개화동상사마을종점(가상),126.7985207,37.58257404,버스
6766,본동사무소,126.847717,37.542748,버스
6767,황제참치,126.8514758,37.55277415,버스
6768,청과시장2,126.8212167,37.55185365,버스
6769,콘티넨탈호텔,126.8522417,37.55409071,버스
6770,강서면허시험장,126.819099,37.549503,버스
6771,등촌역1번출구,126.862807,37.552202,버스
6772,발산역3번출구,126.8386305,37.55924607,버스
6773,수명산파크7단지상가,126.8222347,37.54738305,버스
6774,수명산파크7단지정문,126.8242775,37.54785107,버스
6775,수명중.고등학교,126.8241693,37.55006761,버스
6776,기업은행,126.8408607,37.56608841,버스
6777,마곡수명산파크5단지.6단지,126.8253975,37.55140845,버스
6778,김포공항국내선(11-2번홈),126.8027332,37.55985521,버스
6779,수명산파크상가,126.826193,37.553341,버스
6780,변전소,126.8378903,37.57070784,버스
6781,수명산파크5단지아파트,126.828134,37.553482,버스
6782,김포공항국내선(11-3번홈),126.802614,37.56001617,버스
6783,수명산파크1단지아파트앞,126.8297394,37.55325753,버스
6784,방화대교(가상),126.8204379,37.58354775,버스
6785,수명산근린공원,126.8309217,37.55158209,버스
6786,방화대교(가상),126.8217039,37.58424493,버스
6787,발산초등학교,126.8318357,37.54962732,버스
6788,변전소,126.8377373,37.57074728,버스
6789,화곡중.고등학교,126.8331242,37.54787562,버스
6790,마곡철교(가상),126.8368633,37.5774689,버스
6791,송화시장,126.8353186,37.54787149,버스
6792,마곡철교(가상),126.8370996,37.57776068,버스
6793,우장산월드메르디앙아파트,126.8379443,37.55462522,버스
6794,강서노인회관,126.8395111,37.55447057,버스
6795,롯데1차,126.8404847,37.55437097,버스
6796,김포공항국제선(1경기),126.8013317,37.56527679,버스
6797,발산어린이집,126.8415568,37.55426969,버스
6798,강서구민회관,126.8442048,37.55288372,버스
6799,방화3동주민센터,126.8136548,37.57838631,버스
6800,롯데3차APT,126.8464574,37.5527407,버스
6801,방화동삼익아파트,126.8132285,37.57680692,버스
6802,공영주차장,126.8478384,37.55318672,버스
6803,방화중학교(시외버스),126.8066857,37.56386543,버스
6804,강서구청입구,126.8498215,37.55309512,버스
6805,서광아파트,126.8196509,37.57883265,버스
6806,생태공원,126.8185765,37.58348242,버스
6807,등촌7단지,126.8532,37.561276,버스
6808,등촌10단지,126.8486444,37.56153368,버스
6809,등촌미주.진로아파트,126.8477466,37.55990696,버스
6810,등촌3동성당사거리,126.8456364,37.55896348,버스
6811,등촌5단지,126.8439156,37.55914234,버스
6812,공원앞,126.8417736,37.55935034,버스
6813,발산역.NC백화점,126.8394595,37.5597454,버스
6814,동우아트빌,126.8560381,37.53665141,버스
6815,태창아파트,126.850788,37.537744,버스
6816,김포공항역3번출구,126.80188,37.562495,버스
6817,강서농수산물도매시장,126.818103,37.553498,버스
6818,강서농수산물도매시장종점,126.8226727,37.55451677,버스
6819,등촌동주공9단지,126.849752,37.56291828,버스
6820,등촌주공9단지,126.849984,37.562737,버스
6821,등촌동주공8단지,126.8513905,37.56210126,버스
6822,화훼단지,126.7692004,37.55629322,버스
6823,화훼단지,126.7688707,37.55639891,버스
6824,국립항공박물관,126.8076814,37.55633063,버스
6825,등촌주공8단지,126.8521,37.56162367,버스
6826,대한항공화물청사,126.8132205,37.55143217,버스
6827,대한항공훈련센터,126.8131745,37.54628775,버스
6828,가양대교(가상),126.8585762,37.56545633,버스
6829,가양대교(가상),126.8585869,37.56586878,버스
6830,김포공항화물청사,126.8112609,37.55342047,버스
6831,김포공항세관.국립항공박물관,126.8080679,37.55566085,버스
6832,강원슈퍼,126.8570263,37.53551602,버스
6833,대한항공빌딩,126.8145691,37.55073415,버스
6834,대한항공,126.8168536,37.549578,버스
6835,김포공항국제선,126.8008097,37.56488592,버스
6836,신도림역,126.8891801,37.5097163,버스
6837,신도림역,126.8884639,37.50910805,버스
6838,신도림동.구로역,126.884125,37.506145,버스
6839,신도림동.구로역,126.883228,37.50534359,버스
6840,구일역.중앙유통상가,126.874701,37.499883,버스
6841,구일역.제일제당,126.87453,37.49971,버스
6842,동양미래대학.구로성심병원,126.8679977,37.4996344,버스
6843,동양미래대학.구로성심병원,126.8670187,37.49937648,버스
6844,개봉역.영화아파트,126.8602005,37.49694182,버스
6845,개봉역.한마을아파트,126.8620566,37.49647736,버스
6846,경인중학교.개봉사거리,126.8554374,37.49744859,버스
6847,경인중학교.개봉사거리,126.8551547,37.49730686,버스
6848,구로디지털단지역,126.9015481,37.48309943,버스
6849,신도림역,126.892103,37.506549,버스
6850,신도림역,126.8915708,37.50701588,버스
6851,서울미래초등학교,126.889452,37.505102,버스
6852,서울미래초등학교,126.8893191,37.50525394,버스
6853,한국SGI,126.889783,37.502477,버스
6854,거리공원.구로신협본점앞,126.888566,37.502787,버스
6855,거리공원,126.891835,37.499974,버스
6856,구로도서관.대성스카이렉스,126.891075,37.499565,버스
6857,구로고등학교,126.891578,37.496567,버스
6858,영림중학교,126.891622,37.496915,버스
6859,구로구청,126.8879268,37.49456195,버스
6860,구로구청,126.8876042,37.49475088,버스
6861,고대구로병원후문,126.884567,37.493233,버스
6862,대림역,126.893978,37.490945,버스
6863,대림역,126.893798,37.491138,버스
6864,영서중학교,126.892204,37.489831,버스
6865,영서중학교,126.89234,37.490202,버스
6866,구로두산아파트,126.890072,37.488807,버스
6867,구로종합사회복지관,126.889168,37.487893,버스
6868,남구로역,126.886787,37.485278,버스
6869,남구로역,126.886453,37.48531,버스
6870,한국산업단지공단.이마트구로점,126.896751,37.484138,버스
6871,고용노동부관악지청.이마트구로점,126.89805,37.48365,버스
6872,디지털산업1단지,126.895035,37.483846,버스
6873,디지털산업1단지,126.894763,37.483965,버스
6874,하이엔드1차·보건지소·치매센터,126.89293,37.481748,버스
6875,지하이시티·보건지소·치매센터,126.8926352,37.48169766,버스
6876,디지털단지오거리,126.8906988,37.47989622,버스
6877,디지털단지오거리,126.890398,37.479933,버스
6878,퀸즈빌,126.832802,37.487314,버스
6879,가리봉시장,126.887123,37.48301,버스
6880,가리봉시장,126.8869929,37.4824286,버스
6881,남구로역,126.886268,37.48418,버스
6882,구로4동자치회관,126.8856451,37.4860984,버스
6883,구로시장,126.88486,37.487987,버스
6884,구로시장,126.88461,37.48798,버스
6885,구로4동우체국.고대구로병원정문,126.8842399,37.49024842,버스
6886,구로4동우체국.고대구로병원정문,126.8840651,37.48990222,버스
6887,구로119안전센터,126.8832313,37.49378426,버스
6888,구로119안전센터,126.8829564,37.49383625,버스
6889,우리유앤미아파트,126.8823841,37.49677418,버스
6890,구로변전소.구로초등학교,126.8840767,37.49778869,버스
6891,쌍용구로정비사업소,126.8823344,37.49957385,버스
6892,구로역·NC신구로점,126.8828494,37.50003843,버스
6893,구로역·NC신구로점,126.88258,37.500848,버스
6894,구로역.구로기계공구상가,126.8793093,37.50356809,버스
6895,구로역.구로기계공구상가,126.8789985,37.50341729,버스
6896,기업은행구로중앙지점,126.877402,37.50516558,버스
6897,기업은행구로중앙지점,126.8772441,37.50487346,버스
6898,두암빌라,126.825715,37.495086,버스
6899,항동우남퍼스트빌,126.819012,37.476619,버스
6900,신도림중학교,126.8849527,37.50649443,버스
6901,신도림중학교,126.884705,37.506772,버스
6902,구로역,126.882277,37.50455,버스
6903,구로역,126.8821395,37.5048451,버스
6904,초롱타운회전교차로,126.879839,37.495703,버스
6905,솔길공원,126.880367,37.489291,버스
6906,GS25,126.880194,37.492841,버스
6907,한일유앤아이아파트,126.8760349,37.48564621,버스
6908,항동우남퍼스트빌,126.818752,37.476683,버스
6909,구로SKV1지식산업센터,126.8172857,37.47774675,버스
6910,구로SKV1.제일풍경채포레스트,126.817092,37.477579,버스
6911,개봉사거리,126.8573774,37.49725179,버스
6912,경인중학교,126.8563,37.496893,버스
6913,개봉치안센터,126.8518576,37.49819602,버스
6914,오류1동주민센터.오류문화센터,126.8461421,37.49683797,버스
6915,오류1동주민센터.오류문화센터,126.844586,37.49652412,버스
6916,오류동역,126.843351,37.495698,버스
6917,오류동역,126.842537,37.49560231,버스
6918,씨티월드,126.840682,37.494463,버스
6919,오류지구대.신오류주유소,126.8394648,37.49426454,버스
6920,서울가든빌라앞,126.8313416,37.49113271,버스
6921,서울가든빌라앞,126.8316708,37.491563,버스
6922,성공회대학교유한공고앞,126.825182,37.48948272,버스
6923,영풍마드레빌아파트.소공원사거리,126.8395381,37.49113093,버스
6924,연세중앙교회,126.8354231,37.49310828,버스
6925,궁동청소년문화의집,126.832823,37.493319,버스
6926,궁동청소년문화의집.구로검사소,126.833633,37.493133,버스
6927,우신고등학교,126.830847,37.4933,버스
6928,우신고등학교,126.8304506,37.4930634,버스
6929,온수역,126.8238226,37.49282656,버스
6930,온수역,126.8244009,37.49277702,버스
6931,온수동새마을금고,126.8243872,37.49605595,버스
6932,정진학교.온수힐스테이트아파트,126.8221461,37.49697459,버스
6933,수궁동주민센터,126.830866,37.494651,버스
6934,수궁동주민센터,126.830852,37.494359,버스
6935,수궁119안전센터,126.829596,37.496815,버스
6936,수궁119안전센터,126.8293339,37.49678424,버스
6937,예림디자인고.오류고.서울공연예술고,126.829242,37.498605,버스
6938,예림디자인고.오류고.서울공연예술고,126.82904,37.4984,버스
6939,서서울생활과학고.궁동도서관,126.828968,37.502837,버스
6940,서서울생활과학고.궁동도서관,126.829187,37.502207,버스
6941,오남중학교.삼미주택,126.8367979,37.48853275,버스
6942,오남중학교,126.837161,37.488103,버스
6943,구로2동지하차도입구,126.8812188,37.49021728,버스
6944,구로우체국.이펜하우스5단지후문,126.842284,37.481946,버스
6945,천왕역4번출구,126.8393715,37.4859414,버스
6946,오류2동주민센터,126.839775,37.488647,버스
6947,오류2동주민센터,126.839681,37.488887,버스
6948,오류2동새마을금고,126.8406512,37.49052297,버스
6949,오류2동새마을금고,126.840575,37.49062,버스
6950,대원주유소,126.8565298,37.4869344,버스
6951,대원주유소,126.8561852,37.4873584,버스
6952,현대아파트.개봉중앙시장,126.856119,37.490752,버스
6953,현대아파트.개봉중앙시장,126.855865,37.490533,버스
6954,덕의초등학교,126.8594403,37.50633773,버스
6955,덕의초등학교,126.8583582,37.50615802,버스
6956,고척근린공원,126.8552979,37.50472246,버스
6957,고척근린공원.고척도서관,126.8544694,37.50463373,버스
6958,세곡초등학교,126.8498423,37.50266835,버스
6959,세곡초등학교,126.850607,37.50318205,버스
6960,개봉푸르지오아파트,126.8478312,37.50213683,버스
6961,개봉푸르지오아파트,126.8480532,37.50199384,버스
6962,고척근린시장,126.850809,37.50112329,버스
6963,용두연립,126.851795,37.49900153,버스
6964,우리유엔미아파트,126.882629,37.497217,버스
6965,쌍용구로정비사업소,126.8825792,37.49983757,버스
6966,고척파크푸르지오아파트,126.859315,37.507543,버스
6967,고척시장,126.861938,37.503852,버스
6968,고척시장,126.86199,37.503137,버스
6969,고척중학교,126.863863,37.500468,버스
6970,고척중학교,126.863243,37.500962,버스
6971,구로디지털단지역,126.901646,37.48348969,버스
6972,삼부르네상스.효성아파트,126.894635,37.478747,버스
6973,구일우성아파트,126.8757,37.489495,버스
6974,구일우성아파트,126.875812,37.49013,버스
6975,개봉역,126.85672,37.493978,버스
6976,개봉역,126.857569,37.493481,버스
6977,개봉1동사거리.개봉푸르지오아파트,126.846791,37.501413,버스
6978,개봉1동사거리,126.8469151,37.50046951,버스
6979,구로1동우체국,126.874502,37.491568,버스
6980,구일우성아파트,126.8762607,37.48871476,버스
6981,디지털단지입구,126.876458,37.486425,버스
6982,구로보건소,126.889167,37.50023,버스
6983,궁동삼거리,126.8284512,37.50640132,버스
6984,구일우성아파트,126.8758257,37.48974303,버스
6985,개봉역,126.8570002,37.49344724,버스
6986,웰크론,126.8936972,37.48273209,버스
6987,남구로역,126.88737,37.484932,버스
6988,개봉고가,126.855587,37.493655,버스
6989,구로남초등학교,126.89101,37.48399,버스
6990,연세중앙교회,126.8359814,37.49330279,버스
6991,가리봉파출소,126.891739,37.479247,버스
6992,동양빌라,126.8315971,37.49518984,버스
6993,남구로역6번출구,126.888568,37.487735,버스
6994,궁동입구,126.83408,37.4934389,버스
6995,현대아파트,126.886618,37.504635,버스
6996,롯데아파트,126.884727,37.502823,버스
6997,구로역·NC신구로점,126.8832785,37.50213129,버스
6998,롯데아파트,126.8847504,37.50272117,버스
6999,제중병원,126.8866148,37.50361498,버스
7000,구로역,126.882775,37.50207124,버스
7001,구로중앙하이츠아파트.화원복지관,126.87982,37.498288,버스
7002,신동아미래지움아파트,126.880378,37.50012,버스
7003,초롱타운아파트,126.8800117,37.49582924,버스
7004,한양수자인아파트앞,126.824632,37.478107,버스
7005,온수동종점,126.821273,37.491642,버스
7006,온수동종점,126.82122,37.491968,버스
7007,신도림생활체육관.우성3차아파트,126.8832045,37.51318585,버스
7008,우성3차아파트,126.885488,37.51285,버스
7009,구로구청,126.8884812,37.49592855,버스
7010,대림역,126.8943735,37.49350098,버스
7011,구로중학교,126.8908083,37.49309315,버스
7012,우신고등학교후문,126.824903,37.49604407,버스
7013,동양빌라,126.831304,37.49532,버스
7014,궁동입구,126.8342168,37.49345532,버스
7015,동부골든아파트,126.840162,37.49873,버스
7016,거성푸르뫼아파트,126.8433198,37.50032244,버스
7017,거성푸르뫼아파트,126.843553,37.500614,버스
7018,오류동삼거리,126.8408784,37.49537031,버스
7019,오류동삼거리,126.8403656,37.49578512,버스
7020,동부골든.한신플러스타운,126.840383,37.49863,버스
7021,구로역.나인스애비뉴,126.8834798,37.49982279,버스
7022,개봉1동사거리,126.8453709,37.50121091,버스
7023,개봉1동사거리,126.8455329,37.50106785,버스
7024,동부골든아파트후문,126.842048,37.499917,버스
7025,동부골든아파트후문,126.8419151,37.49956847,버스
7026,항동하버라인3단지,126.822944,37.478746,버스
7027,항동하버라인3단지,126.8230451,37.47916111,버스
7028,푸른수목원,126.824438,37.481497,버스
7029,항동복합행정센터,126.822093,37.479629,버스
7030,푸른수목원,126.8245518,37.48119036,버스
7031,항동복합행정센터,126.822276,37.479519,버스
7032,푸른수목원후문.저수지앞,126.8224245,37.48428958,버스
7033,매화빌라,126.823154,37.476655,버스
7034,그린빌라정문,126.823435,37.486043,버스
7035,매화빌라,126.82332,37.476712,버스
7036,푸른수목원후문.저수지앞,126.822295,37.483782,버스
7037,항동중흥S클래스,126.8216009,37.48108359,버스
7038,항동하버라인2단지,126.821658,37.481273,버스
7039,디지털단지오거리,126.8887535,37.48011533,버스
7040,연지타운2단지,126.8408329,37.48373069,버스
7041,연지타운2단지,126.84123,37.4838,버스
7042,원각사입구,126.8295257,37.50055659,버스
7043,삼각공원,126.892516,37.50185,버스
7044,고척고교.한일유앤아이.삼익아파트,126.852461,37.50823595,버스
7045,삼덕마을입구,126.8500804,37.50747963,버스
7046,삼덕마을입구,126.8501021,37.50734089,버스
7047,그랜드아파트.홍진연립,126.8479449,37.50800765,버스
7048,그랜드아파트.홍진연립,126.8479791,37.50786172,버스
7049,오류중학교,126.846905,37.50797,버스
7050,연지마을,126.8422699,37.48276303,버스
7051,신도림역,126.890052,37.510456,버스
7052,경남아너스빌아파트,126.8394522,37.49084575,버스
7053,서울남부교정시설,126.8397338,37.47688081,버스
7054,오류남초등학교후문,126.837192,37.489316,버스
7055,서울남부교정시설입구,126.841643,37.476796,버스
7056,천왕이펜하우스6단지후문,126.841953,37.477261,버스
7057,미래여성병원,126.840201,37.491286,버스
7058,동부그린아파트,126.832306,37.49005,버스
7059,오류동푸르지오아파트.송기산내과의원,126.8415591,37.49129846,버스
7060,1호선구일역,126.8722336,37.49547596,버스
7061,SK허브수.한신아파트,126.8733862,37.49548273,버스
7062,그린빌라정문,126.8234379,37.4858461,버스
7063,경서농협앞,126.8640032,37.50262693,버스
7064,고척고교.한일유앤아이.삼익아파트,126.852639,37.508044,버스
7065,구로디지털단지역,126.9014954,37.48448438,버스
7066,천왕역3번출구,126.8386191,37.48719299,버스
7067,대림역4번출구,126.894201,37.494421,버스
7068,동아1차APT105동,126.882003,37.510083,버스
7069,오류동역.시장입구,126.843812,37.493467,버스
7070,개봉한진아파트.기점,126.8520773,37.48604673,버스
7071,개봉역,126.8586856,37.4951118,버스
7072,개봉역,126.8581281,37.49503364,버스
7073,구.사조참치,126.9000464,37.48317476,버스
7074,신도림중학교,126.8844436,37.51069733,버스
7075,개봉사거리,126.8559171,37.49744142,버스
7076,우리은행앞,126.84346,37.49226585,버스
7077,123전자타운.2001아울렛,126.8623394,37.49709674,버스
7078,개봉3동주민센터,126.8540164,37.48616087,버스
7079,국민은행.구로구민회관.구로아트밸리,126.8896836,37.49582064,버스
7080,1호선구일역,126.872227,37.495307,버스
7081,용두연립,126.8520611,37.49879912,버스
7082,남부종합상가,126.842483,37.491665,버스
7083,고척공구상가,126.860409,37.498677,버스
7084,개봉전화국,126.856005,37.486357,버스
7085,세븐일레븐편의점,126.8557099,37.49165158,버스
7086,대림6차태영프라자,126.883187,37.50625186,버스
7087,고척초등학교,126.858038,37.499641,버스
7088,개봉1동주민센터,126.8510152,37.50038644,버스
7089,보람아파트,126.8968737,37.48628535,버스
7090,개봉역.림괄아파트,126.858684,37.49388204,버스
7091,덕의초등학교.고척동성당,126.8576518,37.5056425,버스
7092,이마트,126.8540092,37.49157109,버스
7093,구로고대병원정문,126.8834654,37.49235083,버스
7094,대림5차아파트.신도림주민센터,126.8813606,37.50744851,버스
7095,세곡초등학교,126.8493638,37.5027164,버스
7096,새마을금고사거리,126.859043,37.50169929,버스
7097,삼환로노즈빌아파트,126.856788,37.498884,버스
7098,낙원할인마트,126.849556,37.49993765,버스
7099,오류고등학교.수궁동복지회관,126.8286519,37.49876118,버스
7100,경북슈퍼마켓,126.8568382,37.48817832,버스
7101,오류동삼거리,126.8404273,37.49567606,버스
7102,대림5차아파트702동,126.8796862,37.50765857,버스
7103,서울가든아파트,126.8603584,37.50107368,버스
7104,성화단지앞,126.8557461,37.5004599,버스
7105,현대별장맨션타운4차.덕성교회,126.8265496,37.49815347,버스
7106,구로2동지하차도입구,126.8811731,37.49016427,버스
7107,대림3차아파트,126.8784998,37.50688061,버스
7108,고척1동주민센터.한효아파트,126.8620827,37.50077474,버스
7109,대우아파트,126.856127,37.50235628,버스
7110,개봉1치안센터,126.8469793,37.50337745,버스
7111,우신중.고후문,126.8255107,37.49600732,버스
7112,항동중학교,126.822022,37.483237,버스
7113,항동중학교,126.821535,37.482759,버스
7114,한일유엔아이APT.현대로얄APT,126.876791,37.486463,버스
7115,신도림미성아파트,126.8764811,37.50600355,버스
7116,금강수목원아파트정문.동도아트빌,126.8325389,37.48922497,버스
7117,청구아파트후문,126.8635071,37.50114585,버스
7118,경남아파트앞,126.8564113,37.50391553,버스
7119,삼원목욕탕,126.8462945,37.50472371,버스
7120,온수초교후문,126.8247852,37.49434461,버스
7121,월드아파트,126.876845,37.50539,버스
7122,서해그랑블아파트.금강수목원아파트후문,126.830948,37.48832,버스
7123,고척시장,126.862377,37.50310353,버스
7124,양우아파트,126.8559186,37.5048737,버스
7125,경북슈퍼마켓,126.856917,37.48811,버스
7126,오류중학교,126.8454007,37.50649681,버스
7127,온수역,126.8250915,37.49295466,버스
7128,센추리아파트,126.8612662,37.50496571,버스
7129,고척2동주민센터.고척지구대,126.8585226,37.50652587,버스
7130,철산교앞,126.859418,37.48809308,버스
7131,우신중.고후문,126.8255144,37.49587216,버스
7132,오류동교회,126.8396348,37.49673019,버스
7133,리가아파트,126.860804,37.506062,버스
7134,덕의공원,126.8557781,37.50690112,버스
7135,현대IPARK후문,126.8600859,37.48891659,버스
7136,건강약국,126.844646,37.5027959,버스
7137,현대별장맨션타운4차.덕성교회,126.8266538,37.49810496,버스
7138,항아리,126.8864312,37.49867586,버스
7139,한일유엔아이APT,126.8759504,37.48561824,버스
7140,럭비구장,126.827002,37.491279,버스
7141,세양청마루아파트,126.8623952,37.50672328,버스
7142,진성아파트,126.8550186,37.50702353,버스
7143,현대IPARK정문,126.8609086,37.49104416,버스
7144,개봉전화국,126.85601,37.486438,버스
7145,개봉중학교,126.8431461,37.50229561,버스
7146,오류중학교,126.8452627,37.50649843,버스
7147,오류고등학교.수궁동복지회관,126.8284021,37.4986707,버스
7148,온수역,126.8238225,37.49203726,버스
7149,경남1차.중앙하이츠아파트,126.863013,37.50536335,버스
7150,구민체육센터후문,126.8539612,37.50752685,버스
7151,현대2차APT,126.860544,37.49188086,버스
7152,개봉3동주민센터,126.8540082,37.4862735,버스
7153,건강약국,126.8447062,37.50266532,버스
7154,삼원목욕탕,126.8461848,37.50471005,버스
7155,거성아파트,126.850769,37.489858,버스
7156,GS25.한신아파트,126.8740427,37.49573382,버스
7157,구로고.구로도서관,126.890803,37.498569,버스
7158,천왕역1번출구,126.839171,37.485768,버스
7159,오류동역2번출구,126.84379,37.493629,버스
7160,미래빌라,126.84199,37.492708,버스
7161,우림필유아파트,126.847189,37.49424505,버스
7162,동부에이스,126.849718,37.494906,버스
7163,개봉푸르지오후문,126.8491645,37.50017011,버스
7164,개봉푸르지오정문,126.8487501,37.50104575,버스
7165,개봉1동사거리,126.845544,37.501416,버스
7166,신도림역.아이파크아파트,126.888462,37.510607,버스
7167,동아2차아파트상가,126.886786,37.508611,버스
7168,동진빌라.오정초등학교,126.8253388,37.49066893,버스
7169,마젤란아파트.예인학원앞,126.8633575,37.50441127,버스
7170,개봉한진아파트.기점,126.8520748,37.48614945,버스
7171,정도주택,126.851695,37.494105,버스
7172,신세기아파트,126.853449,37.493909,버스
7173,브라운스톤,126.853149,37.490894,버스
7174,개웅어린이공원,126.853242,37.489956,버스
7175,거성슈퍼,126.852691,37.489957,버스
7176,대림그린빌라,126.851854,37.489906,버스
7177,에덴맨션,126.851464,37.492712,버스
7178,구로보건소.금호새솔아파트,126.890564,37.500349,버스
7179,구로공구상가,126.8774141,37.50471684,버스
7180,한화비즈메트로,126.893565,37.48065,버스
7181,한국산업기술시험원.디지털탑프라자,126.8973623,37.48161251,버스
7182,구로디지털단지우체국,126.898154,37.482986,버스
7183,JNK디지털타워,126.897473,37.48209,버스
7184,에이스하이엔드타워2차.G밸리산업박물관,126.895785,37.48081,버스
7185,에이스하이엔드타워1차,126.892915,37.481225,버스
7186,천왕이펜하우스6단지후문,126.8427844,37.47790676,버스
7187,천왕이펜하우스6단지후문,126.8426741,37.47820668,버스
7188,연지타운2단지,126.8448667,37.48193475,버스
7189,연지타운2단지,126.8452305,37.48210554,버스
7190,남부교도소,126.8407003,37.47643247,버스
7191,남부교도소,126.8409403,37.4762796,버스
7192,지타워.G밸리산업박물관,126.894942,37.480562,버스
7193,개봉1치안센터,126.8466956,37.50328877,버스
7194,하이츠.영화.우방.한국현대,126.874964,37.496861,버스
7195,영림중학교,126.891504,37.497675,버스
7196,유한공고.성공회대앞,126.824599,37.488482,버스
7197,우성꿈동산.산업인아파트,126.8636136,37.50353479,버스
7198,삼성그린빌라,126.8516795,37.49048506,버스
7199,SK허브수.구로우성APT,126.8738019,37.495684,버스
7200,구로구민회관,126.890557,37.496298,버스
7201,KEB하나은행,126.8957737,37.48449299,버스
7202,동삼빌라,126.8239106,37.48726514,버스
7203,천왕이펜하우스2단지,126.8379747,37.48565247,버스
7204,구로우체국.이펜하우스3단지후문,126.842149,37.481893,버스
7205,금강수목원아파트,126.834398,37.489298,버스
7206,덕성빌라,126.8516375,37.49111488,버스
7207,현대상선.구일중학교,126.8745919,37.4953253,버스
7208,구로구청,126.889183,37.494691,버스
7209,오류동교회,126.8397315,37.49697722,버스
7210,한일한의원,126.8644523,37.50193991,버스
7211,항동하버라인10단지,126.825695,37.479763,버스
7212,항동제일풍경채,126.816872,37.47589344,버스
7213,선경아트빌라,126.851535,37.492001,버스
7214,구로중학교,126.890181,37.4932861,버스
7215,항동생활체육관,126.822707,37.4774,버스
7216,디지털단지오거리,126.89081,37.479993,버스
7217,디지털1단지,126.8948984,37.4837488,버스
7218,코오롱싸이언스밸리.베스트웨스턴구로호텔,126.8991865,37.48351825,버스
7219,베스트웨스턴구로호텔코오롱싸이언스밸리,126.8992,37.483303,버스
7220,유풍약국,126.8653108,37.50127317,버스
7221,구민체육관후문,126.8537205,37.5074094,버스
7222,개봉교입구,126.8561472,37.48595984,버스
7223,크로바마트,126.8514133,37.49354758,버스
7224,동구로새마을금고,126.892158,37.491113,버스
7225,동양미래대학교.구로성심병원,126.8664493,37.50029407,버스
7226,진성아파트,126.8549532,37.50691982,버스
7227,대원카센터,126.8546041,37.48512353,버스
7228,낙원할인마트,126.8496003,37.49983678,버스
7229,개봉사거리,126.855836,37.497226,버스
7230,구로주공APT,126.8759202,37.49155739,버스
7231,구로시장.남구로시장,126.8909462,37.48929152,버스
7232,푸른수목원후문,126.822527,37.484203,버스
7233,청구아파트.동아한신아파트,126.8644775,37.50050808,버스
7234,덕의공원,126.8559436,37.50657321,버스
7235,한진APT후문,126.8539078,37.48381246,버스
7236,개봉1동주민센터,126.8510595,37.50031802,버스
7237,롯데시티호텔구로,126.897994,37.485089,버스
7238,롯데시티호텔구로,126.897008,37.485405,버스
7239,알뜰슈퍼,126.8799022,37.50838778,버스
7240,성락교회크리스천선교센터,126.882139,37.509412,버스
7241,구일우성아파트,126.8757444,37.48982889,버스
7242,구로3동주민센터.삼성래미안아파트,126.890517,37.487409,버스
7243,신도림역,126.887724,37.508551,버스
7244,고척1동주민센터.한효아파트,126.8624422,37.50083373,버스
7245,금강수목원아파트,126.834458,37.489458,버스
7246,항동하버라인4단지,126.825394,37.481904,버스
7247,고척2동주민센터.고척지구대,126.858576,37.50640248,버스
7248,별장쉐르빌앞,126.83341,37.487297,버스
7249,덕일전자공업고등학교,126.83753,37.489847,버스
7250,개명초교,126.8526749,37.48228086,버스
7251,항동하버라인4단지.푸른수목원,126.825953,37.482717,버스
7252,항동하버라인3단지아파트,126.825543,37.479718,버스
7253,세븐일레븐,126.878574,37.50924427,버스
7254,하나마트,126.8795879,37.51043657,버스
7255,진흥슈퍼,126.8804731,37.5114476,버스
7256,신도림자동차학원,126.881548,37.512327,버스
7257,우성아파트,126.885607,37.511592,버스
7258,신도림역,126.889775,37.510557,버스
7259,도림천역2번출구,126.8831161,37.51457321,버스
7260,구로3파출소,126.8916518,37.48614912,버스
7261,동삼빌라,126.8239763,37.48719856,버스
7262,천왕이펜하우스3단지입구,126.838209,37.482418,버스
7263,신도림동아3차아파트,126.883688,37.510209,버스
7264,구로보건소,126.8889644,37.50035972,버스
7265,서울가든아파트,126.8604736,37.50116123,버스
7266,구로역(NC백화점),126.8831339,37.4996999,버스
7267,구로역(NC백화점),126.8829913,37.50048011,버스
7268,구로구청,126.8903215,37.4957879,버스
7269,구로구청,126.8885413,37.49587003,버스
7270,오류동입구,126.846946,37.500482,버스
7271,개봉역입구,126.855844,37.491225,버스
7272,개봉역입구,126.856151,37.49103306,버스
7273,개봉교,126.856136,37.48764669,버스
7274,개봉교,126.8565859,37.48658033,버스
7275,대림역,126.8944156,37.49335324,버스
7276,고척사거리.고척파크프리지오,126.8596543,37.50682458,버스
7277,대상APT,126.8499947,37.48190533,버스
7278,구로시장.남구로시장입구,126.8815338,37.49017455,버스
7279,에이스테크노타워,126.894149,37.485025,버스
7280,구로공구상가,126.8795721,37.5033557,버스
7281,보성운수기종점,126.892827,37.490156,버스
7282,새마을금고사거리,126.8586283,37.50150325,버스
7283,양우아파트,126.8557649,37.50481765,버스
7284,영화APT,126.8485658,37.48227206,버스
7285,천왕역,126.8386352,37.48629922,버스
7286,대우자동차정비소,126.8821344,37.49154212,버스
7287,고척초등학교,126.85815,37.499467,버스
7288,경남아파트,126.856363,37.503879,버스
7289,남부주유소,126.847273,37.482341,버스
7290,신도림역2번출구,126.891884,37.507635,버스
7291,구로고대병원후문,126.8856372,37.49347753,버스
7292,구로3동현대아파트,126.897856,37.486987,버스
7293,공구상가,126.860118,37.498624,버스
7294,대우아파트,126.8559981,37.50235252,버스
7295,123전자타운.2001아울렛,126.8618086,37.49729256,버스
7296,성화단지앞,126.8556554,37.50057963,버스
7297,구로디지털단지입구,126.9006494,37.48292657,버스
7298,삼환로즈빌아파트,126.856646,37.498706,버스
7299,문성골,126.8999955,37.48149236,버스
7300,에이스테크노타워,126.8937835,37.48526977,버스
7301,구로3파출소,126.891792,37.48618349,버스
7302,구로3동주민센터.삼성래미안아파트,126.8905622,37.48738713,버스
7303,구로시장.남구로시장,126.891194,37.4891692,버스
7304,구로구청후문,126.888052,37.496042,버스
7305,동구로새마을금고,126.8922617,37.49140762,버스
7306,구로구청,126.8894341,37.49473188,버스
7307,강서수도사업소.민원센터,126.8908356,37.49609204,버스
7308,영림중학교,126.8916635,37.49761747,버스
7309,구로고.구로도서관,126.8908715,37.49862057,버스
7310,항아리,126.8862918,37.49885324,버스
7311,미성아파트,126.8774688,37.50581985,버스
7312,대림1.2차아파트,126.8782394,37.50634689,버스
7313,대림5차아파트702동,126.8798403,37.5074731,버스
7314,대림5차아파트.신도림주민센터,126.8813246,37.50734214,버스
7315,대림6차태영프라자,126.8830796,37.50622022,버스
7316,신도림역,126.8899932,37.51066478,버스
7317,현대우성아파트,126.8854408,37.51174628,버스
7318,동아1차아파트102동,126.884131,37.510818,버스
7319,동아1차아파트105동,126.8824063,37.51000237,버스
7320,1호선구일역,126.8722148,37.49521732,버스
7321,금강수목원아파트정문,126.8329902,37.48920579,버스
7322,고척근린시장,126.8510129,37.50098477,버스
7323,구로시장.남구로시장입구,126.883867,37.49076619,버스
7324,구로주공.구일우성APT,126.8759759,37.49137813,버스
7325,구로1동주민센터.연예인APT,126.8761587,37.49295615,버스
7326,천왕이펜하우스5단지입구,126.8421808,37.47944324,버스
7327,구일고교.구일초등학교,126.874768,37.493192,버스
7328,구로1동주민센터.연예인APT,126.876008,37.493082,버스
7329,구로디지털단지역,126.901827,37.484059,버스
7330,구일초등학교.구일고등학교,126.874804,37.493264,버스
7331,개봉역,126.8586581,37.49526586,버스
7332,개봉역,126.8587649,37.49501638,버스
7333,KEB하나은행,126.895851,37.48495713,버스
7334,천왕이펜하우스3단지입구,126.838378,37.482726,버스
7335,천왕역2번출구,126.83834,37.486362,버스
7336,천왕이펜하우스1단지,126.8377362,37.48562961,버스
7337,천왕이펜하우스4단지,126.838628,37.481043,버스
7338,천왕이펜하우스6단지,126.8406703,37.47937634,버스
7339,천왕이펜하우스5단지,126.840309,37.479894,버스
7340,천왕이펜하우스3.4단지,126.8386561,37.48116951,버스
7341,온수남부역,126.8242097,37.49184319,버스
7342,온수남부,126.8243078,37.4919749,버스
7343,궁동사거리,126.8279101,37.50609686,버스
7344,유한공고.성공회대학교,126.824741,37.48954527,버스
7345,문성초등학교,126.8986661,37.47536371,버스
7346,문성초등학교,126.89833,37.474034,버스
7347,금천우체국,126.898028,37.468978,버스
7348,금천우체국,126.898003,37.470136,버스
7349,말미고개.금천소방서,126.897555,37.463604,버스
7350,말미고개.금천소방서,126.897496,37.464832,버스
7351,금천구청.금천경찰서,126.8988722,37.45920883,버스
7352,금천구청.금천경찰서,126.8993,37.457841,버스
7353,시흥사거리,126.901652,37.45218243,버스
7354,시흥사거리,126.901123,37.453086,버스
7355,박미삼거리.국립전통예술중고,126.9032727,37.44784322,버스
7356,박미삼거리.국립전통예술중고,126.902663,37.449067,버스
7357,시흥유통센터,126.903622,37.44019,버스
7358,시흥유통센터,126.903369,37.440958,버스
7359,한일유엔아이아파트,126.8762259,37.48545902,버스
7360,디지털3단지.롯데정보통신,126.876718,37.48487,버스
7361,에이스하이엔드타워5차,126.879317,37.485702,버스
7362,디지털3단지.영창실업,126.879078,37.483259,버스
7363,디지털3단지운동장,126.877893,37.48216273,버스
7364,가산디지털단지역,126.881042,37.481293,버스
7365,가산디지털단지역,126.8814808,37.48080391,버스
7366,디지털3단지.월드벤처센터,126.879443,37.478902,버스
7367,디지털3단지.(주)로옴코리아,126.88022,37.479611,버스
7368,디지털3단지사거리,126.8805771,37.47667143,버스
7369,디지털3단지사거리,126.8804495,37.47584499,버스
7370,디지털3단지사거리,126.8813406,37.4757765,버스
7371,금천패션아울렛사거리.마리오,126.888333,37.478263,버스
7372,금천패션아울렛사거리.W몰,126.8878763,37.47766169,버스
7373,금천패션아울렛사거리.현대아울렛,126.888492,37.478117,버스
7374,디지털단지오거리,126.8907158,37.47821042,버스
7375,디지털단지오거리,126.890965,37.47829,버스
7376,디지털단지오거리,126.893432,37.478558,버스
7377,가산초등학교,126.8955562,37.47823462,버스
7378,가산동주민센터.금천글로벌센터,126.8920987,37.47661223,버스
7379,가산동주민센터.금천글로벌센터,126.8927188,37.47624424,버스
7380,구립가산도서관.두산위브아파트,126.893887,37.474622,버스
7381,구립가산도서관.두산위브아파트,126.894568,37.474095,버스
7382,독산사거리,126.895962,37.472015,버스
7383,독산사거리,126.8965997,37.47178362,버스
7384,독산주공13단지,126.8876203,37.45684407,버스
7385,독산1동한신코아,126.8882117,37.45671307,버스
7386,독산주공14단지,126.8868621,37.46113533,버스
7387,독산주공14단지,126.887089,37.46137163,버스
7388,독산근린공원,126.884413,37.464177,버스
7389,독산근린공원,126.8844061,37.46455446,버스
7390,독산동우시장.금천50플러스센터,126.8950253,37.46659366,버스
7391,독산동우시장.금천50플러스센터,126.895487,37.46642,버스
7392,시흥사거리.시흥대교,126.8995918,37.45448536,버스
7393,시흥사거리.금천파출소,126.8996881,37.45429668,버스
7394,벽산아파트1단지.호압사입구,126.9207601,37.45275737,버스
7395,벽산아파트1단지.호압사입구,126.92119,37.453078,버스
7396,벽산아파트5단지,126.918953,37.446768,버스
7397,벽산아파트5단지,126.918683,37.446355,버스
7398,시흥동은행나무.은행나무시장,126.9090455,37.45103052,버스
7399,시흥동은행나무.은행나무시장,126.909058,37.450843,버스
7400,은행나무입구사거리,126.9072079,37.45178422,버스
7401,은행나무입구사거리,126.906735,37.451855,버스
7402,독산한신아파트,126.88995,37.456923,버스
7403,금하마을,126.891509,37.454119,버스
7404,독산고개,126.898463,37.475516,버스
7405,독산고개,126.898921,37.476441,버스
7406,독산사거리.한국전력구로금천지사,126.898103,37.472075,버스
7407,남문시장.청춘삘딩,126.8986309,37.47296493,버스
7408,금천우체국.독산1동주민센터,126.897787,37.470191,버스
7409,디지털단지오거리.가산파출소,126.888329,37.479826,버스
7410,홈플러스금천점,126.897671,37.468914,버스
7411,시흥사거리,126.900957,37.452863,버스
7412,문일고입구,126.90173,37.451115,버스
7413,문일고입구,126.9023184,37.45080258,버스
7414,남서울힐스테이트.국립전통예술고,126.90338,37.446811,버스
7415,금천폭포공원.천주교시흥성당,126.903517,37.44771275,버스
7416,박미마을,126.903205,37.441353,버스
7417,박미마을.금천고등학교,126.903938,37.44301,버스
7418,기아대교,126.9029829,37.43948788,버스
7419,시흥3동주민센터앞,126.9036272,37.44016703,버스
7420,석수역,126.9033112,37.43552416,버스
7421,백산초등학교,126.903978,37.44876292,버스
7422,백산초등학교,126.904297,37.448727,버스
7423,은행나무입구사거리,126.9057879,37.45111177,버스
7424,은행나무입구사거리,126.905973,37.451427,버스
7425,경남아파트,126.9062606,37.45361543,버스
7426,시흥초등학교.금천구보훈회관,126.9058231,37.45456755,버스
7427,시흥초등학교.금천구보훈회관,126.9059442,37.45535252,버스
7428,동산교회앞,126.9052839,37.45734705,버스
7429,동산교회앞,126.9056143,37.45702652,버스
7430,현대시장.시흥4동주민센터,126.9048243,37.45960215,버스
7431,현대시장.시흥4동주민센터,126.9051696,37.45924018,버스
7432,남부여성발전센터,126.904105,37.462457,버스
7433,남부여성발전센터,126.9043527,37.46245738,버스
7434,독산동정훈단지,126.902145,37.465534,버스
7435,독산동정훈단지,126.903006,37.46445224,버스
7436,독산초등학교,126.899411,37.466593,버스
7437,독산초등학교,126.9000327,37.46631415,버스
7438,독산4동주민센터,126.902037,37.46758,버스
7439,독산동성당앞,126.9022258,37.46891568,버스
7440,독산동성당앞,126.9027437,37.46970728,버스
7441,독산동쌈지공원,126.9029464,37.47126546,버스
7442,독산동쌈지공원,126.903195,37.471413,버스
7443,독산3동주민센터,126.9033549,37.47532708,버스
7444,독산3동주민센터,126.9036415,37.47582293,버스
7445,모두의학교.금천문화예술정보학교,126.9036964,37.47883897,버스
7446,모두의학교.금천문화예술정보학교,126.9039352,37.47865894,버스
7447,모두의학교.금천문화예술정보학교,126.9055934,37.47994976,버스
7448,관악구보훈회관.신림푸르지오,126.90914,37.48064,버스
7449,독산고등학교,126.911463,37.477328,버스
7450,독산고등학교,126.911502,37.477132,버스
7451,독산3치안센터.꿈꾸는나무,126.907187,37.476766,버스
7452,독산3치안센터.꿈꾸는나무,126.907331,37.47653685,버스
7453,금천우체국.독산1동주민센터,126.897265,37.46975761,버스
7454,진도아파트,126.8924286,37.47041562,버스
7455,제일모직아울렛,126.88609,37.474538,버스
7456,벽산디지털밸리,126.885215,37.476722,버스
7457,마리오아울렛,126.8843812,37.47854591,버스
7458,국민연금공단구로금천지사앞,126.884015,37.480692,버스
7459,가산디지털단지역,126.882972,37.481143,버스
7460,마리오아울렛,126.884006,37.47882,버스
7461,벽산디지털밸리,126.885145,37.476226,버스
7462,제일모직아울렛,126.885906,37.474504,버스
7463,진도아파트,126.892317,37.47019926,버스
7464,현대지식산업센터,126.895545,37.469907,버스
7465,가산디지털단지역입구,126.886717,37.481437,버스
7466,가산동기점,126.875255,37.48522703,버스
7467,가산동종점,126.875163,37.485215,버스
7468,가산디지털단지역1번출구,126.8834001,37.48173801,버스
7469,범일운수종점,126.91173,37.450409,버스
7470,삼익아파트앞,126.909455,37.462545,버스
7471,삼익아파트,126.909395,37.462425,버스
7472,디지털3단지.영창실업,126.8789631,37.48332716,버스
7473,디지털3단지.가산비즈니스센터,126.879733,37.47961,버스
7474,디지털3단지운동장,126.878015,37.482523,버스
7475,남문시장입구,126.9008469,37.47124119,버스
7476,가산디지털단지역,126.8831991,37.48143938,버스
7477,스타밸리앞,126.884864,37.481157,버스
7478,독산동남문시장,126.903198,37.473748,버스
7479,독산동남문시장,126.903414,37.4733474,버스
7480,금빛공원앞,126.9042968,37.45310743,버스
7481,금빛공원앞,126.904456,37.45327967,버스
7482,경동택배,126.9040103,37.45027868,버스
7483,삼화약국,126.904057,37.450172,버스
7484,대우당약국,126.9065092,37.4507504,버스
7485,화인전자산업,126.906159,37.45086967,버스
7486,은행나무로입구,126.9079435,37.45099182,버스
7487,시흥대교,126.8972683,37.45328039,버스
7488,가산디지털단지역1호선,126.881153,37.481675,버스
7489,가산한화비즈메트로2차,126.882162,37.47253424,버스
7490,RSM타워.르노코리아서부사업소,126.883112,37.471015,버스
7491,시흥1동공영주차장.금천노인종합복지관,126.8968969,37.45131521,버스
7492,독산한신코아.한신아파트,126.88771,37.45657923,버스
7493,가산디지털단지역,126.882956,37.481315,버스
7494,벽산3단지,126.917506,37.453382,버스
7495,성지아파트,126.8986162,37.45118514,버스
7496,롯데캐슬1차서문.해가든아파트,126.892449,37.460088,버스
7497,무지개아파트,126.8986617,37.45685676,버스
7498,벽산3단지앞,126.916912,37.452985,버스
7499,독산역,126.8892263,37.46700017,버스
7500,문성중학교,126.9058668,37.47562467,버스
7501,홈플러스.문일중고입구,126.9002035,37.45091976,버스
7502,금천현대아파트,126.8916623,37.46170031,버스
7503,독산주공1319동,126.8876303,37.45846157,버스
7504,시흥사거리,126.9010149,37.4527569,버스
7505,아톰주식회사,126.882985,37.470774,버스
7506,호남슈퍼,126.915182,37.452221,버스
7507,남문교회,126.90599,37.473712,버스
7508,문일고입구,126.9016534,37.45112282,버스
7509,탑동초등학교.청담종합사회복지관,126.913913,37.452015,버스
7510,태영빌라,126.9063091,37.47181965,버스
7511,무지개아파트,126.8986084,37.45699188,버스
7512,두산초등학교,126.89164,37.466498,버스
7513,독산주공14단지,126.885831,37.459399,버스
7514,온누리아파트,126.886709,37.47349206,버스
7515,어울샘.동산중앙교회,126.9118509,37.45205088,버스
7516,구민문화체육센터,126.9066831,37.47017903,버스
7517,독산현대아파트.금천50플러스센터,126.8944525,37.4671221,버스
7518,시흥유통상가.금천고,126.903527,37.443249,버스
7519,에이스하이엔드타워클래식,126.889316,37.473581,버스
7520,새마을금고,126.910498,37.451361,버스
7521,해찬아파트,126.9070812,37.46824647,버스
7522,진도3차아파트,126.8939001,37.46840839,버스
7523,박미마을,126.9031686,37.44093161,버스
7524,가산테라타워,126.8900377,37.47402682,버스
7525,시흥동은행나무,126.9079384,37.45145409,버스
7526,시흥사거리.대명시장,126.9012542,37.45466295,버스
7527,구립독산도서관,126.9077733,37.46719362,버스
7528,유창슈퍼,126.892472,37.46854496,버스
7529,구립가산도서관.두산위브아파트,126.8924061,37.47352352,버스
7530,은행나무입구사거리,126.9054639,37.45262538,버스
7531,시흥초등학교.시흥1동주민센터,126.903583,37.4535493,버스
7532,산기슭공원,126.9067112,37.46397673,버스
7533,독산역,126.8898144,37.46605005,버스
7534,진도2차아파트,126.8917891,37.47013389,버스
7535,시흥초등학교.금빛공원,126.90424,37.45336781,버스
7536,삼익APT.금강APT,126.9069298,37.46272707,버스
7537,두산로입구,126.8872684,37.47185601,버스
7538,빅마켓.청광아파트,126.8937185,37.47051862,버스
7539,대륭테크노2차,126.8844198,37.46886627,버스
7540,두산위브아파트정문,126.8938819,37.47488012,버스
7541,남부여성발전센터,126.9051799,37.46269144,버스
7542,길상마트,126.8938893,37.47202091,버스
7543,대륭테크노타운,126.8837224,37.46949005,버스
7544,가산동주민센터.금천글로벌센터,126.8936891,37.47607571,버스
7545,대륭테크노타운19차,126.881666,37.474269,버스
7546,에이스태세라타워,126.8824731,37.47245526,버스
7547,고원약국,126.894742,37.4767,버스
7548,꿈나래어린이집,126.8972131,37.45482801,버스
7549,우방아파트.범일운수종점,126.913244,37.449984,버스
7550,가산초교,126.896508,37.477082,버스
7551,STXV타워,126.8832544,37.47677684,버스
7552,독산고개입구,126.897701,37.475903,버스
7553,벽산아파트5단지,126.921016,37.450056,버스
7554,빅마켓,126.8954116,37.47002992,버스
7555,한신IT타워,126.8862425,37.47993001,버스
7556,가산동주민센터,126.890959,37.476908,버스
7557,SG세계물산,126.8894662,37.47630403,버스
7558,가산로데오거리,126.887811,37.478393,버스
7559,호압사입구,126.9205758,37.45172277,버스
7560,이앤씨드림타워7차,126.886662,37.479796,버스
7561,LG전자.W몰,126.8886452,37.4769118,버스
7562,가산디지털단지역1호선앞,126.8814207,37.48091469,버스
7563,금천육교앞,126.8915244,37.45541586,버스
7564,벽산1단지입구,126.9198493,37.450143,버스
7565,시흥모터스,126.889442,37.470577,버스
7566,문성초등학교,126.8981181,37.4739744,버스
7567,섭리의집,126.908762,37.44634212,버스
7568,섭리의집,126.908789,37.44622806,버스
7569,가산디지털단지역,126.8833101,37.48020471,버스
7570,KCC웰츠밸리,126.8798436,37.48355333,버스
7571,독산고개입구,126.8984628,37.47716188,버스
7572,벽산6단지입구,126.9181166,37.44995987,버스
7573,독산역,126.8876525,37.46631024,버스
7574,독산역,126.887883,37.466501,버스
7575,남부여성발전센터앞,126.905319,37.46264,버스
7576,남부여성발전센터앞,126.90515,37.462753,버스
7577,산업단지백양사,126.8829205,37.47700899,버스
7578,에이스하이엔드10차,126.8869686,37.46849567,버스
7579,대륭테크노타운17차,126.8866427,37.46851437,버스
7580,금천패션아울렛사거리.마리오,126.8874418,37.47781653,버스
7581,범일운수종점,126.911602,37.450285,버스
7582,한울중학교,126.907372,37.462648,버스
7583,한울중학교,126.907302,37.462522,버스
7584,STXV타워,126.8831443,37.47704706,버스
7585,가산초교,126.896484,37.477164,버스
7586,동일여고.금천사이언스큐브,126.916774,37.450027,버스
7587,두산로입구,126.887058,37.47191,버스
7588,석수역,126.902775,37.434857,버스
7589,가산디지털단지역,126.884208,37.480783,버스
7590,가산디지털단지역,126.8828484,37.48116031,버스
7591,패션단지,126.8885942,37.47849049,버스
7592,패션단지,126.888745,37.47823922,버스
7593,벽산디지털밸리2차,126.8773485,37.48394996,버스
7594,고원약국,126.89467,37.47686941,버스
7595,안천중학교,126.887341,37.458656,버스
7596,제일교회,126.9134643,37.45021353,버스
7597,서울디자인직업전문학교.청년취업사관학교,126.8958617,37.4723732,버스
7598,대륭테크노타운8차,126.8768958,37.48487852,버스
7599,가산동주민센터.금천글로벌센터,126.893529,37.476139,버스
7600,범일운수종점,126.911085,37.450593,버스
7601,벽산디지털밸리6차,126.879154,37.48564,버스
7602,두산위브아파트정문,126.8936139,37.47488708,버스
7603,독산한신아파트,126.8892871,37.45719077,버스
7604,길상마트,126.893783,37.47206677,버스
7605,가산디지털단지역1호선,126.881297,37.480969,버스
7606,한국건설생활환경시험연구원,126.8800924,37.48331446,버스
7607,빅마켓.청광아파트,126.8936133,37.47050951,버스
7608,롯데캐슬2차,126.893438,37.458024,버스
7609,문일고입구,126.9022459,37.45093588,버스
7610,구립가산도서관.두산위브아파트,126.8923053,37.47364057,버스
7611,롯데캐슬2차,126.893469,37.457662,버스
7612,진도2차아파트,126.891707,37.470251,버스
7613,한진택배,126.881079,37.475086,버스
7614,가산테라타워,126.8902582,37.47412979,버스
7615,금천구종합청사.금천구청역,126.8953639,37.45604028,버스
7616,유창슈퍼,126.8927663,37.46849457,버스
7617,마이크로오피스사거리앞,126.8826579,37.47211392,버스
7618,성지아트빌,126.889197,37.473607,버스
7619,시흥모터스,126.889171,37.470419,버스
7620,홈플러스.문일중고입구,126.8996929,37.45092973,버스
7621,진도3차아파트,126.8937009,37.46859474,버스
7622,대륭테크노타운,126.8836704,37.4691596,버스
7623,온누리아파트,126.887418,37.473662,버스
7624,성지아파트,126.8987382,37.45126274,버스
7625,독산현대아파트.금천50플러스센터,126.894378,37.46703733,버스
7626,대륭테크노2차.12차,126.8847975,37.46882969,버스
7627,시흥1동공영주차장.금천노인종합복지관,126.8968278,37.45138724,버스
7628,두산초등학교,126.8916077,37.46663743,버스
7629,교학사,126.8862112,37.46924106,버스
7630,홈플러스금천점,126.897548,37.46949113,버스
7631,독산역,126.8896698,37.46600036,버스
7632,서울디자인직업전문학교.청년취업사관학교,126.8955994,37.47237927,버스
7633,가산디지털단지역,126.8831128,37.48128853,버스
7634,새마을금고,126.9105225,37.45121007,버스
7635,금천구종합청사.금천구청역,126.8945087,37.45606105,버스
7636,어울샘.동산중앙교회,126.9117006,37.45183018,버스
7637,삼익APT.금강APT,126.9070655,37.46272357,버스
7638,탑동초등학교.청담종합사회복지관,126.9140494,37.451875,버스
7639,산기슭공원B,126.906804,37.46393175,버스
7640,안천초등학교,126.8881257,37.4575384,버스
7641,호남슈퍼,126.9157184,37.45221142,버스
7642,구립독산도서관,126.907918,37.46721446,버스
7643,벽산3단지앞,126.91707,37.45302,버스
7644,해찬아파트,126.9072452,37.46824119,버스
7645,구민문화체육센터,126.9068155,37.4701485,버스
7646,한일유엔아이,126.876009,37.485528,버스
7647,태영빌라,126.9064958,37.47172699,버스
7648,남문교회,126.9060943,37.47363431,버스
7649,문성중학교,126.9060093,37.4756347,버스
7650,난곡중학교,126.911018,37.477083,버스
7651,산기슭공원,126.906723,37.463855,버스
7652,하안주공1317동,126.8882725,37.45760703,버스
7653,금천현대아파트,126.8915232,37.46167676,버스
7654,롯데캐슬1차서문.해가든아파트,126.8922978,37.45992534,버스
7655,금빛공원,126.905136,37.452724,버스
7656,시흥사거리.대명시장,126.9018204,37.45476434,버스
7657,시흥동은행나무,126.9092629,37.45068376,버스
7658,시흥2동주민센터.동일여고,126.9140087,37.44992497,버스
7659,두산어린이공원,126.8941392,37.47362781,버스
7660,금천구종합청사.금천구청역,126.8954899,37.45637456,버스
7661,두산어린이공원,126.8941642,37.473517,버스
7662,롯데캐슬3차,126.8962926,37.45997185,버스
7663,롯데캐슬1차정문.해가든아파트,126.8942482,37.46080402,버스
7664,롯데캐슬1차동문,126.896464,37.459168,버스
7665,롯데캐슬1차정문.해가든아파트,126.8940924,37.46100249,버스
7666,백운한비치.금광포란재아파트,126.9117159,37.45126552,버스
7667,시흥5동주민센터,126.9087037,37.45135285,버스
7668,삼성산자연공원.삼성체육공원,126.9094953,37.45482454,버스
7669,시흥아파트앞,126.9081188,37.45643105,버스
7670,신흥초등학교,126.9082693,37.45935713,버스
7671,한빛무궁화아파트,126.9079251,37.46047057,버스
7672,한울중학교앞,126.9071956,37.46261554,버스
7673,금천폭포공원,126.9037053,37.44721189,버스
7674,영일빌라,126.9064018,37.44735012,버스
7675,시흥계곡앞,126.9103494,37.44664491,버스
7676,시흥5동성당,126.9115228,37.44832817,버스
7677,한울중학교앞,126.907784,37.462329,버스
7678,한빛무궁화아파트,126.907927,37.460613,버스
7679,신흥초등학교,126.908134,37.459322,버스
7680,시흥아파트앞,126.9078869,37.4566174,버스
7681,삼성체육공원.삼성산자연공원,126.9092909,37.4546757,버스
7682,시흥5동주민센터,126.9085768,37.4516321,버스
7683,금광포란재.백운한비치아파트,126.9113929,37.45113233,버스
7684,관악우방아파트,126.9122579,37.44990836,버스
7685,시흥5동성당,126.9116502,37.44862022,버스
7686,시흥계곡앞,126.9103583,37.44678099,버스
7687,영일빌라,126.9060637,37.44750575,버스
7688,금천문화원.국립전통예술중고,126.9045191,37.44646059,버스
7689,금천고등학교,126.9047098,37.44472204,버스
7690,시흥3동공영주차장앞,126.9044714,37.44287907,버스
7691,기아대교앞,126.9027905,37.43795943,버스
7692,석수역,126.902857,37.434974,버스
7693,석수역,126.9033006,37.43500421,버스
7694,시흥사거리,126.9016076,37.45267344,버스
7695,안양천로입구,126.8931359,37.45248151,버스
7696,남문시장입구.청춘삘딩,126.900008,37.471228,버스
7697,LG전자,126.8858636,37.47106285,버스
7698,LG전자,126.8859089,37.47025181,버스
7699,구로세관,126.885225,37.47242282,버스
7700,구로세관,126.88494,37.47248742,버스
7701,7호선가산디지털단지역,126.8820731,37.47950241,버스
7702,문래동남성아파트,126.893705,37.511828,버스
7703,문래동남성아파트,126.892312,37.511202,버스
7704,남부지방법원등기국.구로세무서(에이스하이테크시티),126.9011874,37.51448389,버스
7705,남부지방법원등기국.구로세무서(에이스하이테크시티),126.8997458,37.51404034,버스
7706,영등포역,126.905092,37.515863,버스
7707,영등포역,126.9070304,37.51658793,버스
7708,여의도환승센터,126.924244,37.525517,버스
7709,여의도환승센터,126.9243582,37.52592311,버스
7710,서울영림초등학교,126.904837,37.487149,버스
7711,강남성심병원.대림성모병원,126.907999,37.490979,버스
7712,경남아너스빌아파트,126.9115746,37.49558675,버스
7713,보라매공원,126.9163884,37.49701386,버스
7714,보라매역.동작세무서,126.920261,37.49897649,버스
7715,서울지방병무청,126.9219622,37.50439333,버스
7716,대방역,126.9248246,37.51265738,버스
7717,여의도환승센터,126.9243413,37.5261697,버스
7718,여의도환승센터,126.9241,37.525316,버스
7719,대성병원,126.9099271,37.51228562,버스
7720,영등포공원.영등포문화원,126.9114185,37.5138042,버스
7721,영등포공원.영등포문화원,126.9119431,37.51495079,버스
7722,영등포시장,126.905199,37.52185521,버스
7723,영등포시장입구,126.906653,37.519735,버스
7724,영등포로터리,126.9097732,37.5191224,버스
7725,영등포시장로터리방면,126.909291,37.51892,버스
7726,영등포시장,126.9064499,37.51944576,버스
7727,경방타임스퀘어.신세계백화점,126.9057837,37.51838374,버스
7728,경방타임스퀘어.신세계백화점,126.9062396,37.51750823,버스
7729,영등포역.패어필드호텔,126.9075734,37.51689774,버스
7730,영등포역,126.909045,37.51706,버스
7731,경방타임스퀘어.신세계백화점,126.9053991,37.5183573,버스
7732,김안과병원,126.9030257,37.52007107,버스
7733,김안과병원,126.9028341,37.52041603,버스
7734,영등포시장,126.904785,37.521318,버스
7735,신화병원,126.9051549,37.52453053,버스
7736,신화병원,126.9055402,37.52489489,버스
7737,영동초교,126.9068195,37.52515902,버스
7738,영동초교.영등포평생학습관,126.907365,37.525498,버스
7739,삼환아파트,126.905597,37.529082,버스
7740,당산푸르지오아파트,126.905958,37.529032,버스
7741,하이서울유스호스텔,126.9036578,37.52563767,버스
7742,국회의사당,126.9180242,37.5298981,버스
7743,KBS,126.918112,37.524653,버스
7744,국회의사당,126.917883,37.529418,버스
7745,국회의사당역.국민은행,126.918192,37.528518,버스
7746,국회의사당역,126.91758,37.527993,버스
7747,여의도순복음교회,126.924752,37.53091,버스
7748,여의도순복음교회,126.922932,37.53169,버스
7749,여의도공원,126.927892,37.52952968,버스
7750,여의나루역,126.93148,37.527457,버스
7751,여의나루역,126.9320238,37.52738751,버스
7752,여의도중학교,126.9356353,37.52440959,버스
7753,여의도중학교,126.935963,37.524458,버스
7754,63빌딩.가톨릭대학교여의도성모병원,126.937606,37.519404,버스
7755,63빌딩.가톨릭대학교여의도성모병원,126.9377093,37.51916181,버스
7756,시범아파트,126.9351905,37.52104285,버스
7757,시범아파트.대교아파트,126.934428,37.521032,버스
7758,여의동주민센터,126.934219,37.518704,버스
7759,여의동주민센터,126.933972,37.518519,버스
7760,진주아파트,126.9323106,37.51924625,버스
7761,KBS별관,126.931585,37.519192,버스
7762,샛강역.앙카라공원,126.930299,37.518109,버스
7763,여의도공원,126.920262,37.523605,버스
7764,샛강역1번출구.여의도자이,126.9272111,37.518817,버스
7765,샛강역4번출구.여의도자이,126.926742,37.518679,버스
7766,여의도역,126.92492,37.520614,버스
7767,여의도역,126.924816,37.521291,버스
7768,한국거래소,126.927069,37.523351,버스
7769,한국거래소,126.9270706,37.52366933,버스
7770,삼부아파트,126.9301172,37.52512645,버스
7771,여의도공작아파트,126.9309977,37.52599202,버스
7772,전경련회관,126.9188837,37.52189063,버스
7773,당산동진로아파트,126.8968775,37.5213256,버스
7774,당산동진로아파트,126.8969911,37.5210022,버스
7775,필립메디컬센터,126.8952459,37.5206988,버스
7776,양남동로타리,126.8917786,37.52212031,버스
7777,교보앞,126.8920699,37.52172139,버스
7778,현대아파트,126.8961601,37.52305598,버스
7779,영등포구청,126.8969364,37.52622132,버스
7780,영등포구청,126.8963809,37.52541345,버스
7781,영등포구민회관.영등포경찰서,126.8997281,37.52674095,버스
7782,당산동삼익아파트,126.8959427,37.5280731,버스
7783,당산역,126.900525,37.534729,버스
7784,당산119안전센터.당산역,126.8994546,37.53492539,버스
7785,당산역삼성래미안아파트,126.903388,37.533022,버스
7786,당산역삼성래미안아파트,126.9035824,37.53318971,버스
7787,당산역,126.9024102,37.53486299,버스
7788,당산역,126.9008639,37.5328063,버스
7789,당산역,126.9013,37.532825,버스
7790,페어몬트앰배서더,126.929282,37.524976,버스
7791,당산삼성아파트,126.898133,37.528832,버스
7792,당산유원제일1차아파트,126.8976085,37.52871704,버스
7793,서울영등포우체국,126.8960123,37.52848316,버스
7794,도림동자치회관,126.9074658,37.50959698,버스
7795,도림마을금고,126.900315,37.508423,버스
7796,도림마을금고,126.9000627,37.50825878,버스
7797,신길가마산로교차로,126.9111163,37.50651496,버스
7798,문래역,126.894219,37.519234,버스
7799,문래역,126.894412,37.519063,버스
7800,문래동대림아파트,126.8896944,37.51690823,버스
7801,국화아파트,126.89237,37.51565,버스
7802,현대6차아파트,126.884328,37.518198,버스
7803,문래롯데캐슬,126.884568,37.51841,버스
7804,문래중학교,126.8847215,37.51976357,버스
7805,문래중학교,126.884948,37.519955,버스
7806,문래동국화아파트,126.8913941,37.51577982,버스
7807,대림아파트,126.889272,37.516857,버스
7808,양평1동주민센터,126.8881931,37.52275277,버스
7809,양평신동아아파트,126.8873567,37.52248022,버스
7810,관악고등학교,126.8840592,37.52299426,버스
7811,관악고등학교,126.8848486,37.52316173,버스
7812,당중초등학교,126.890987,37.526998,버스
7813,당중초등학교,126.891292,37.526904,버스
7814,남부고용노동지청,126.890208,37.52382,버스
7815,남부고용노동지청,126.8905443,37.52368798,버스
7816,한신아파트.선유도역,126.8932341,37.53835761,버스
7817,한신아파트.선유도역,126.893278,37.538037,버스
7818,선유도역.롯데제과,126.8948754,37.53719667,버스
7819,선유도역.롯데제과,126.8955567,37.53714501,버스
7820,양평한신아파트.선유도공원입구,126.8944278,37.54164859,버스
7821,영등포아리수정수센터,126.8841131,37.54752411,버스
7822,양평한신아파트.선유도공원입구,126.894667,37.542032,버스
7823,안양천입구,126.883465,37.54747,버스
7824,양평동한솔아파트,126.8903472,37.54391653,버스
7825,신풍역,126.9080214,37.49998322,버스
7826,당산초등학교앞,126.894498,37.538813,버스
7827,선유고등학교,126.8962261,37.5342684,버스
7828,선유고등학교,126.896787,37.534373,버스
7829,선유중학교,126.8945217,37.53205199,버스
7830,선유중학교,126.894225,37.531135,버스
7831,신길역1호선,126.916956,37.516815,버스
7832,신길새마을금고,126.9200351,37.51364094,버스
7833,신길새마을금고,126.9195132,37.51408303,버스
7834,대신시장,126.9164649,37.51172994,버스
7835,대윤병원,126.918149,37.514525,버스
7836,대신시장,126.916298,37.512068,버스
7837,영등포농협.신길2동새마을금고,126.913177,37.511377,버스
7838,우신초등학교,126.9106003,37.5093089,버스
7839,포레나신길아파트,126.910152,37.503411,버스
7840,성락교회,126.902587,37.504583,버스
7841,성락교회,126.9028725,37.50474953,버스
7842,도림동자치회관,126.9076717,37.50929403,버스
7843,우신초등학교,126.910838,37.50958,버스
7844,신길힐스테이트클래시안아파트,126.9108113,37.50498918,버스
7845,신길동홍어거리,126.911476,37.51082,버스
7846,신풍역.백악관웨딩문화원앞,126.909775,37.501432,버스
7847,신길5동주민센터,126.905383,37.500959,버스
7848,신길5동주민센터,126.9049278,37.50105488,버스
7849,신풍역,126.9068971,37.50001207,버스
7850,영등포농협도림로지점.우리시장,126.9045628,37.49817827,버스
7851,영등포농협도림로지점,126.9045221,37.49866963,버스
7852,태양의집.KT대방지사,126.908808,37.495092,버스
7853,신길주유소,126.9083965,37.49840117,버스
7854,신풍역.백악관웨딩문화원앞,126.910085,37.50132384,버스
7855,레미안에스티움북문,126.916458,37.501245,버스
7856,신길3동주민센터,126.90639,37.507364,버스
7857,대방역,126.9237906,37.51276936,버스
7858,대방역,126.9242224,37.51300482,버스
7859,공군호텔,126.9240537,37.50987069,버스
7860,서울지방병무청,126.9221593,37.50517472,버스
7861,대방초등학교,126.9210085,37.50238414,버스
7862,태양의집,126.908237,37.496148,버스
7863,대림동우체국,126.9054526,37.48943828,버스
7864,흰돌교회,126.902954,37.491316,버스
7865,대동초등학교,126.900633,37.494183,버스
7866,대림역12번출구,126.8966231,37.49252167,버스
7867,대동초등학교.명지성모병원,126.899241,37.494301,버스
7868,대동초등학교,126.9006612,37.49366143,버스
7869,흰돌교회,126.9032573,37.49054306,버스
7870,대림동우체국,126.9047297,37.48962784,버스
7871,대림동우성아파트,126.902035,37.495993,버스
7872,대림역,126.896585,37.49288,버스
7873,대동초등학교.명지성모병원,126.8986961,37.49417159,버스
7874,대림동우성아파트,126.902348,37.496514,버스
7875,YDP미래평생학습관,126.895506,37.503784,버스
7876,대림동현대3차아파트,126.8964336,37.50449265,버스
7877,신영초등학교,126.8971376,37.50162686,버스
7878,YDP미래평생학습관,126.8961721,37.50301282,버스
7879,선유도공원,126.902595,37.542245,버스
7880,선유도공원,126.902915,37.542025,버스
7881,신길역5호선,126.914837,37.518563,버스
7882,국회의사당,126.9191537,37.53064228,버스
7883,산업은행본점,126.9208526,37.52796717,버스
7884,더현대서울,126.9277728,37.52548682,버스
7885,유진투자증권,126.926988,37.525532,버스
7886,파크원타워.LG트윈타워,126.927207,37.527087,버스
7887,신길파크자이아파트,126.91325,37.50506,버스
7888,여의도한양아파트,126.9320647,37.52092035,버스
7889,하나은행여의도지점,126.931147,37.521328,버스
7890,여의도수정아파트,126.930479,37.522464,버스
7891,신풍역,126.9104305,37.50031683,버스
7892,여의도지하차도입구,126.923253,37.523355,버스
7893,영진시장,126.9155,37.500155,버스
7894,문래우체국.문래예술공단,126.8951938,37.51425859,버스
7895,문래우체국.문래예술공단,126.8947765,37.5141627,버스
7896,대림3동주민센터,126.898808,37.497847,버스
7897,대방역,126.923495,37.512907,버스
7898,신길가마산로교차로,126.910908,37.506372,버스
7899,대길초등학교,126.9122243,37.4989132,버스
7900,미보빌딩,126.916713,37.498418,버스
7901,신길역1호선,126.9166369,37.5167591,버스
7902,신길보라매SK뷰아파트,126.919364,37.50407,버스
7903,현대아파트,126.8957767,37.52298716,버스
7904,여의도순복음교회,126.9241543,37.53001122,버스
7905,래미안에스티움,126.912767,37.500162,버스
7906,문래자이아파트,126.894587,37.516625,버스
7907,대방역,126.9265562,37.51374786,버스
7908,대방역,126.926049,37.513513,버스
7909,대길초등학교,126.914572,37.498592,버스
7910,대방천사거리,126.9196869,37.49872928,버스
7911,대방천사거리,126.9197991,37.49848876,버스
7912,대림코오롱아파트,126.894291,37.506903,버스
7913,영등포로터리,126.910372,37.51861348,버스
7914,새길어린이집.신풍역3번출구,126.907408,37.499347,버스
7915,새길어린이집.신풍역3번출구,126.906998,37.499578,버스
7916,영문초등학교,126.887835,37.520197,버스
7917,영문초등학교,126.887963,37.52004,버스
7918,문래역,126.8942561,37.51663125,버스
7919,양화중학교.홈플러스,126.8952833,37.519369,버스
7920,기계회관,126.9226787,37.52909926,버스
7921,신동아아파트,126.8946317,37.49807251,버스
7922,신영초교,126.8963033,37.49893094,버스
7923,우성5차아파트,126.903206,37.507604,버스
7924,우성5차아파트,126.903033,37.507339,버스
7925,현대3차성원아파트,126.896617,37.504293,버스
7926,래미안에스티움(신길파크자이),126.9129971,37.50216418,버스
7927,대림3동사거리.명지춘혜병원,126.8976369,37.50047659,버스
7928,현대2차아파트,126.895203,37.503352,버스
7929,성원아파트.한국상하수도협회,126.896755,37.502577,버스
7930,베뢰아국제대학원대학교,126.898966,37.501072,버스
7931,영등포역후문,126.9079819,37.51465312,버스
7932,성원아파트입구,126.8979949,37.50496619,버스
7933,신길우성1차.건영아파트,126.899589,37.506057,버스
7934,건영아파트농협,126.900855,37.506357,버스
7935,영등포동.영등포푸르지오아파트,126.904673,37.50966,버스
7936,신길바다마을아파트.보라매sk뷰,126.916049,37.502859,버스
7937,성애병원,126.9230916,37.51151277,버스
7938,신길보라매sk뷰.바다마을아파트,126.916172,37.502907,버스
7939,우성2차아파트,126.910453,37.499258,버스
7940,보라매역,126.919317,37.499847,버스
7941,영진시장,126.917065,37.49989,버스
7942,신길광장공원,126.903993,37.499937,버스
7943,대성아파트.건영아파트후문,126.9003307,37.50323086,버스
7944,대성유니드아파트,126.9027079,37.50083681,버스
7945,레미안에스티움북문,126.916628,37.50142,버스
7946,건영아파트후문,126.90056,37.502692,버스
7947,대림동코오롱아파트,126.894568,37.507695,버스
7948,문래동종점,126.886402,37.515676,버스
7949,문래동시점,126.886709,37.515548,버스
7950,KT&G영등포지사.문래동종점,126.88726,37.515427,버스
7951,신길1차우성아파트,126.8998713,37.5058716,버스
7952,보라매역.5번출구,126.918913,37.50004166,버스
7953,영등포동.영등포푸르지오아파트,126.904671,37.510141,버스
7954,우신사거리,126.9099821,37.51098383,버스
7955,크라운사거리,126.9053801,37.50830191,버스
7956,고추말,126.90627,37.511953,버스
7957,코끼리유통,126.90704,37.505855,버스
7958,성락교회,126.904153,37.504783,버스
7959,동양볼링장,126.8884242,37.51676826,버스
7960,보라매공원입구,126.916577,37.498569,버스
7961,현대2차아파트후문,126.8940864,37.50301006,버스
7962,크라운사거리,126.90517,37.509135,버스
7963,신길3동주민센터,126.906498,37.506967,버스
7964,꼬추말,126.90611,37.511958,버스
7965,SG메디피움,126.9047286,37.50508007,버스
7966,도림사거리,126.9012712,37.50705052,버스
7967,기림약국,126.9008725,37.49977289,버스
7968,신길광장공원,126.904502,37.499968,버스
7969,코사마트,126.902027,37.4984,버스
7970,해오름식당,126.89948,37.500908,버스
7971,우리은행,126.903258,37.497463,버스
7972,두산위브진주아파트,126.8853096,37.51642062,버스
7973,현대3차아파트,126.884898,37.516298,버스
7974,CM충무병원,126.9027079,37.51835277,버스
7975,대방역,126.9241172,37.51302007,버스
7976,타임스퀘어,126.904592,37.51801,버스
7977,당산신동아파밀리에,126.900813,37.519678,버스
7978,영등포청과시장,126.9018128,37.52366996,버스
7979,영등포청과시장,126.9017747,37.52248498,버스
7980,서울시립청소년성문화센터,126.9023143,37.52515178,버스
7981,서울시립청소년성문화센터,126.902386,37.52468,버스
7982,한강아파트,126.9034084,37.52774784,버스
7983,빅마켓영등포점,126.903873,37.52806631,버스
7984,당산센트럴아이파크아파트,126.9043581,37.53009057,버스
7985,영등포농협당산역지점,126.904965,37.530815,버스
7986,신풍시장,126.9090859,37.50579791,버스
7987,신길건영아파트,126.901587,37.50344,버스
7988,신길건영아파트,126.901688,37.503735,버스
7989,수정교회,126.898662,37.501143,버스
7990,대림3동주민센터,126.89831,37.49816725,버스
7991,대영중학교.신길센트럴아이파크,126.9037579,37.50331589,버스
7992,당산역,126.901306,37.533321,버스
7993,대림역,126.8949855,37.49418817,버스
7994,현대2.3차아파트,126.8962827,37.53174087,버스
7995,한국수자원연구소,126.8895618,37.5439176,버스
7996,성애병원,126.9218041,37.51175342,버스
7997,당산우편물취급소,126.8987625,37.52959661,버스
7998,기아자동차서비스센터,126.8913397,37.54154486,버스
7999,놀이터,126.9219968,37.5102388,버스
8000,대림역7호선,126.8973316,37.49296383,버스
8001,효성아파트,126.8998638,37.53099515,버스
8002,한신아파트.선유도공원,126.8923573,37.54061046,버스
8003,돈보스코.홈플러스,126.913239,37.496651,버스
8004,오거리,126.9215459,37.50881476,버스
8005,우성2차아파트,126.899862,37.495361,버스
8006,당산역.삼성래미안APT,126.901535,37.533225,버스
8007,경남아너스빌,126.9108451,37.49465175,버스
8008,골프장,126.9204516,37.50919069,버스
8009,코스트코,126.891661,37.52836662,버스
8010,대림3동주민센터,126.8985174,37.49836066,버스
8011,삼성래미안4차아파트북문,126.903011,37.533228,버스
8012,선유도역.롯데홈쇼핑,126.893134,37.537028,버스
8013,강남성심병원.대림성모병원,126.9080614,37.49130653,버스
8014,대신시장.기업은행,126.917377,37.511861,버스
8015,당중초등학교.노동부남부지청,126.890734,37.525423,버스
8016,정현부페,126.8980363,37.49954069,버스
8017,당산중학교.한국소방안전원,126.9065022,37.53188907,버스
8018,영등포동.영등포푸르지오아파트,126.9053948,37.51101964,버스
8019,신대림한솔솔파크아파트.충심교회,126.8990679,37.48846972,버스
8020,영은교회,126.888207,37.52536169,버스
8021,삼성래미안3차아파트,126.9072184,37.53009826,버스
8022,SK엔카,126.8923382,37.53423608,버스
8023,중앙시장,126.9007035,37.48990476,버스
8024,양평역,126.886085,37.525056,버스
8025,대림요양병원,126.9001498,37.50233141,버스
8026,한국산업인력공단,126.9077327,37.52870015,버스
8027,거성파스텔아파트,126.8924532,37.53211681,버스
8028,농협.대림2동주민센터,126.9017291,37.49081213,버스
8029,삼성아파트.오목교아래,126.88346,37.52341538,버스
8030,인구보건복지협회.제일빌딩,126.9087701,37.52603821,버스
8031,선유고등학교,126.8945892,37.53313337,버스
8032,대림포교원,126.903088,37.49205588,버스
8033,벽산아파트,126.882439,37.523283,버스
8034,성락교회,126.9029769,37.5044937,버스
8035,한강성심병원,126.910544,37.52332997,버스
8036,대림1동새마을금고,126.9042356,37.49308948,버스
8037,신동아아파트.관악고교,126.885255,37.521661,버스
8038,도림사거리,126.9017767,37.50631744,버스
8039,근로복지공단.서울남부지사,126.9119175,37.52132966,버스
8040,대림1동주민센터,126.9064554,37.49506377,버스
8041,e편한세상문래에듀플라츠,126.8858599,37.52031164,버스
8042,선의원,126.90925,37.512505,버스
8043,태양의집.썬프라자,126.9073027,37.49581776,버스
8044,영신고등학교,126.9083814,37.49759253,버스
8045,신풍역.수녀원,126.9077008,37.49944141,버스
8046,근로복지공단.서울남부지사,126.912138,37.52140371,버스
8047,현대홈타운아파트,126.8958915,37.52341618,버스
8048,삼성래미안아파트1단지,126.916231,37.505206,버스
8049,벽산메가트리움APT,126.897913,37.518568,버스
8050,약산약국,126.9142969,37.51131388,버스
8051,한강성심병원,126.9107747,37.52339863,버스
8052,문래역.홈플러스,126.895271,37.520453,버스
8053,대영초중고,126.9045861,37.50208367,버스
8054,삼성래미안아파트2단지,126.9142275,37.50671281,버스
8055,영일시장.록스,126.900864,37.518355,버스
8056,인구보건복지협회.갤럭시관광호텔,126.9089588,37.52621678,버스
8057,교보생명,126.8927265,37.52065869,버스
8058,한국산업인력공단,126.908186,37.528297,버스
8059,GS홈쇼핑앞,126.8900549,37.52103289,버스
8060,영등포역,126.906089,37.51715665,버스
8061,마포대교(가상),126.9408122,37.53723852,버스
8062,켄싱턴호텔.여의도,126.9220913,37.53039645,버스
8063,문래힐스테이트,126.8893961,37.51896245,버스
8064,래미안에스티움,126.9137184,37.49985866,버스
8065,삼성래미안3차아파트,126.9073493,37.53041014,버스
8066,GS25앞,126.8879275,37.52137241,버스
8067,당산역.지하철2호선,126.902439,37.534696,버스
8068,당산중학교.한국소방안전원,126.906607,37.53223157,버스
8069,모랫말.도림새마을금고,126.9002173,37.50852023,버스
8070,삼성래미안동문,126.9047437,37.53111633,버스
8071,양평역,126.886255,37.52533294,버스
8072,도림고가.영등포아트자이,126.8989591,37.51046734,버스
8073,남성아파트,126.8923336,37.51302512,버스
8074,당산센트럴아이파크아파트,126.9025106,37.52944737,버스
8075,영은교회,126.8888972,37.52508675,버스
8076,도림교회,126.8973227,37.50934676,버스
8077,선화약국,126.917242,37.510655,버스
8078,문래자이아파트상가,126.8945641,37.51643869,버스
8079,효성아파트,126.9009081,37.53017333,버스
8080,노동부남부지청.영등포세무서,126.8917297,37.52463884,버스
8081,도림동주민센터,126.8964095,37.50879719,버스
8082,푸른숲아파트,126.9174162,37.50870291,버스
8083,문래자이정문,126.896353,37.5169494,버스
8084,대신시장,126.9165402,37.51212378,버스
8085,현대APT후문,126.8944185,37.52422857,버스
8086,코오롱아파트,126.894832,37.50803,버스
8087,대성유니드아파트,126.9027188,37.50116752,버스
8088,골프장,126.9199045,37.50883348,버스
8089,문래자이후문,126.8986416,37.51689912,버스
8090,농협,126.9130017,37.51136093,버스
8091,영등포구청.우리은행,126.8966954,37.52543985,버스
8092,오거리,126.9202844,37.50904062,버스
8093,문래주민센터,126.8993511,37.51760168,버스
8094,놀이터,126.9224212,37.51001921,버스
8095,금호아파트,126.8979309,37.51877189,버스
8096,크라운사거리,126.9049107,37.50833757,버스
8097,도림동주민센터,126.8960877,37.50847527,버스
8098,도림교회,126.8973308,37.50922692,버스
8099,현대홈타운아파트,126.8915322,37.51957718,버스
8100,건영아파트,126.9018102,37.5057687,버스
8101,선유고등학교,126.8945867,37.53329016,버스
8102,도림고가.동아에코빌,126.8988261,37.5101176,버스
8103,거성현대6차아파트,126.8920914,37.5327076,버스
8104,도림새마을금고,126.8999436,37.50848576,버스
8105,e편한세상문래에듀플라츠,126.8858416,37.52044949,버스
8106,SK엔카,126.8925203,37.53430293,버스
8107,도림사거리,126.9009386,37.50709079,버스
8108,대림요양병원,126.8999335,37.50253217,버스
8109,선유도역.롯데홈쇼핑,126.8934442,37.53704851,버스
8110,정현부페,126.8977582,37.49938636,버스
8111,당산초등학교,126.8947636,37.5386978,버스
8112,대영초중고,126.904047,37.502528,버스
8113,노동부남부지청,126.8909005,37.52537247,버스
8114,대림3동주민센터,126.8983425,37.49807937,버스
8115,한신아파트.선유도공원,126.8924693,37.54065922,버스
8116,우성2차아파트,126.8994441,37.49555362,버스
8117,동양아파트,126.89027,37.54176104,버스
8118,현대6차아파트.거성아파트,126.893948,37.530741,버스
8119,대동초등학교.명지성모병원,126.8987628,37.49420138,버스
8120,지적공사.여의도자이,126.927352,37.518791,버스
8121,지적공사.여의도자이,126.926491,37.5189481,버스
8122,여의도메리어트호텔,126.918463,37.521715,버스
8123,여의도메리어트호텔,126.919287,37.521042,버스
8124,구립복지관,126.9080396,37.49804045,버스
8125,대림역7호선,126.8966204,37.49282264,버스
8126,한솔아파트,126.8880522,37.54389185,버스
8127,문래주민자치센터,126.898688,37.516952,버스
8128,태양의집.썬프라자,126.9073566,37.49612237,버스
8129,신길동오거리,126.915945,37.510392,버스
8130,신기목련아파트,126.915823,37.509015,버스
8131,영등포역.페어필드메리어트,126.9081072,37.51672755,버스
8132,영등포시장전철역,126.9051913,37.52168219,버스
8133,경방타임스퀘어.신세계백화점,126.9059322,37.51729803,버스
8134,영등포전화국,126.9059276,37.52907539,버스
8135,영등포전화국,126.9055997,37.52887238,버스
8136,영등포시장전철역,126.904781,37.52141063,버스
8137,당산역,126.9039757,37.53265658,버스
8138,대영고등학교.신길센트럴아이파크,126.904912,37.504883,버스
8139,대림1동주민센터,126.9061885,37.49509149,버스
8140,대림1동새마을금고,126.9042511,37.49335802,버스
8141,대림포교원,126.9032198,37.49243715,버스
8142,농협.대림2동주민센터,126.9014159,37.49081097,버스
8143,신대림한솔솔파크아파트.충심교회,126.8992325,37.48889338,버스
8144,대림역,126.8951274,37.49379542,버스
8145,당서초교,126.8995389,37.53111111,버스
8146,국회의사당,126.9181628,37.52827531,버스
8147,현대3차유원아파트,126.8973008,37.53193459,버스
8148,양화대교전망카페,126.901182,37.53982,버스
8149,신풍프라자,126.9015123,37.50178648,버스
8150,양화대교전망카페,126.900755,37.539938,버스
8151,문래힐스테이트아파트,126.8914974,37.51942396,버스
8152,문래힐스테이트아파트,126.891508,37.519647,버스
8153,영등포소방서.타임스퀘어,126.9036355,37.51827387,버스
8154,영등포구청,126.895222,37.524315,버스
8155,해군호텔,126.916046,37.504339,버스
8156,진로A,126.8956158,37.52064331,버스
8157,현대2.3차아파트,126.896939,37.5326083,버스
8158,신동아아파트.관악고교,126.8855026,37.52235589,버스
8159,한국거래소공항방면,126.9269644,37.52350346,버스
8160,당산역,126.9010481,37.53300289,버스
8161,삼성래미안아파트,126.913044,37.507407,버스
8162,골프장,126.919914,37.508689,버스
8163,삼환아파트,126.9200285,37.50713139,버스
8164,병무청,126.9216231,37.50636562,버스
8165,성당,126.921656,37.50515997,버스
8166,신길한성아파트,126.9199107,37.50415136,버스
8167,신길중앙새마을금고신길4동지점,126.9126669,37.50542579,버스
8168,래미안영등포프레비뉴아파트,126.9069365,37.50563536,버스
8169,신길힐스테이트클래시안아파트,126.911453,37.50559069,버스
8170,신길파크자이아파트,126.913562,37.504935,버스
8171,서울해군호텔,126.9159722,37.50422668,버스
8172,신길보라매SK뷰아파트,126.9198893,37.50399546,버스
8173,성당,126.9217263,37.50504467,버스
8174,병무청,126.9217498,37.506363,버스
8175,삼환아파트,126.919882,37.507491,버스
8176,오거리,126.9215732,37.5086679,버스
8177,서울해군호텔,126.915978,37.504543,버스
8178,영등포역후문,126.907824,37.514591,버스
8179,신길GS자이아파트정문,126.9171066,37.50629856,버스
8180,신길GS자이아파트후문,126.9157993,37.50610029,버스
8181,신길4동주민센터,126.9115552,37.50818054,버스
8182,우신초등학교,126.9108194,37.50959291,버스
8183,우신초등학교,126.910685,37.509377,버스
8184,신길GS자이아파트정문,126.9172437,37.50613105,버스
8185,63빌딩.한강유람선,126.940164,37.52129875,버스
8186,여의나루역,126.9321281,37.52727034,버스
8187,성산대교남단(가상),126.889006,37.54683353,버스
8188,여의2교(가상),126.9110464,37.52516769,버스
8189,여의2교(가상),126.9113834,37.52529139,버스
8190,근로복지공단(가상),126.9163165,37.51999923,버스
8191,양화한강공원(가상),126.9035092,37.53642189,버스
8192,양화한강공원(가상),126.904003,37.5370044,버스
8193,푸른숲아파트,126.9176243,37.50871567,버스
8194,공군호텔,126.9241282,37.51004555,버스
8195,공군호텔,126.9246178,37.51020175,버스
8196,성산대교(가상),126.888743,37.54753988,버스
8197,성산대교(가상),126.8887539,37.54788278,버스
8198,양화대교(가상),126.9004416,37.53881345,버스
8199,양화대교(가상),126.9006839,37.53919168,버스
8200,여의하류IC(가상),126.9090792,37.5318708,버스
8201,여의하류IC(가상),126.9095942,37.5320282,버스
8202,여의2교(가상),126.9107877,37.52629139,버스
8203,영등포푸르지오,126.9034754,37.51177321,버스
8204,대우미래사랑,126.9009464,37.51230006,버스
8205,영등포아트자이,126.898855,37.51099,버스
8206,영등포아트자이,126.899518,37.51146,버스
8207,대우미래사랑,126.9004177,37.51181032,버스
8208,영등포푸르지오후문,126.904886,37.513267,버스
8209,대한항공훈련센터,126.8123007,37.54588628,버스
8210,여의나루역,126.9328494,37.52647067,버스
8211,여의2교(가상),126.9116112,37.52660834,버스
8212,당산역,126.8998731,37.53502216,버스
8213,여의도지하차도(가상),126.9185467,37.52679004,버스
8214,은성병원,126.9058034,37.52706584,버스
8215,동작상떼빌아파트,126.904448,37.486449,버스
8216,신대방경남아파트,126.907593,37.490249,버스
8217,신대방현대아파트,126.911479,37.495282,버스
8218,보라매공원,126.916221,37.496899,버스
8219,보라매역.동작세무서,126.9201964,37.4981412,버스
8220,강남중학교,126.9218984,37.50378955,버스
8221,현대아파트,126.931437,37.513174,버스
8222,현대아파트.유한양행,126.9323737,37.51323685,버스
8223,노량진수산시장.CTS기독교TV,126.938456,37.513423,버스
8224,노량진수산시장.CTS기독교TV,126.9388656,37.51348008,버스
8225,노량진역,126.943811,37.513733,버스
8226,노량진역,126.9447115,37.51383259,버스
8227,노들역,126.949256,37.512825,버스
8228,노들역,126.9509622,37.5127342,버스
8229,갯마을앞,126.9833117,37.49755505,버스
8230,정금마을.방배경찰서,126.9826144,37.49423389,버스
8231,경문고교.배나무골앞,126.9825871,37.49159468,버스
8232,총신대입구역.남성시장입구앞,126.9822244,37.48821683,버스
8233,사당동우체국앞,126.9819451,37.48322737,버스
8234,방배노인종합복지관,126.9818146,37.48067903,버스
8235,서울지방병무청앞,126.923275,37.506935,버스
8236,공군호텔,126.9245411,37.51001067,버스
8237,대방역,126.9263634,37.51258813,버스
8238,KT동작지사,126.9356601,37.51303954,버스
8239,노량진역3번출구,126.941878,37.513495,버스
8240,노량진역2번출구,126.943467,37.513905,버스
8241,사육신공원,126.946297,37.513367,버스
8242,사육신공원,126.947977,37.513315,버스
8243,노들역,126.951048,37.512865,버스
8244,노들역,126.951007,37.512565,버스
8245,흑석동효사정앞,126.960745,37.511554,버스
8246,흑석동효사정앞,126.9612375,37.5115729,버스
8247,흑석역.흑석동빗물펌프장,126.963213,37.508297,버스
8248,흑석역.명수대현대아파트,126.9650448,37.50749841,버스
8249,흑석역.명수대현대아파트,126.9655922,37.50758507,버스
8250,흑석동명수대현대아파트,126.966272,37.507348,버스
8251,비계,126.9680258,37.50630169,버스
8252,비계,126.9685845,37.506437,버스
8253,흑석동한강현대아파트,126.971748,37.505867,버스
8254,흑석동한강현대아파트,126.9711242,37.5054978,버스
8255,동작역.국립현충원,126.976865,37.502586,버스
8256,동작역.국립현충원,126.9766526,37.5031886,버스
8257,부평IC(미정차),126.7210313,37.52086121,버스
8258,사당1동관악시장앞,126.977827,37.476833,버스
8259,예술인마을,126.9728451,37.47604923,버스
8260,서울공업고등학교,126.922337,37.499775,버스
8261,서울공업고등학교,126.921571,37.49996145,버스
8262,대림초등학교,126.926481,37.49960777,버스
8263,대림초등학교,126.9261279,37.49985536,버스
8264,성대시장,126.9309086,37.49999612,버스
8265,성대시장,126.931693,37.500285,버스
8266,상도초등학교입구,126.9367656,37.50330554,버스
8267,상도초등학교입구,126.9357683,37.50295988,버스
8268,장승배기역,126.9385221,37.50467614,버스
8269,동작문화복지센터.동작보건소,126.9407909,37.50493772,버스
8270,동작문화복지센터.동작보건소,126.94173,37.505327,버스
8271,상도노빌리티아파트,126.94594,37.504793,버스
8272,상도노빌리티아파트,126.9468675,37.50432696,버스
8273,상도터널노량진동,126.954114,37.512057,버스
8274,상도터널노량진동,126.9536979,37.51200632,버스
8275,상도터널상도동,126.9495037,37.50459881,버스
8276,상도터널상도동,126.9495191,37.50385865,버스
8277,상도역,126.9486225,37.50162713,버스
8278,상도역,126.9495197,37.50124906,버스
8279,상도동중앙하이츠빌.상도전통시장,126.951185,37.49881318,버스
8280,상도동중앙하이츠빌.상도전통시장,126.9517744,37.49868997,버스
8281,숭실대입구역,126.9528,37.496923,버스
8282,숭실대입구역,126.9533492,37.49616661,버스
8283,숭실대입구역,126.9537335,37.49646142,버스
8284,봉현초등학교,126.956215,37.491679,버스
8285,봉천고개.관악현대아파트,126.9565953,37.49173261,버스
8286,숭실대정문앞,126.957055,37.49515,버스
8287,숭실대정문앞,126.9572808,37.49531836,버스
8288,숭실대별관앞,126.9602929,37.49463907,버스
8289,숭실대별관앞,126.959895,37.494983,버스
8290,사당5치안센터,126.9656493,37.48902778,버스
8291,총신대,126.9661798,37.48874228,버스
8292,총신대,126.966476,37.487863,버스
8293,사당중학교,126.968275,37.486355,버스
8294,사당중학교,126.9681789,37.48663695,버스
8295,남성역,126.9707465,37.48492912,버스
8296,남성역,126.971093,37.484588,버스
8297,남성역골목시장,126.973014,37.483805,버스
8298,남성역골목시장,126.972782,37.483676,버스
8299,남성초등학교,126.978585,37.484075,버스
8300,남성초등학교,126.97843,37.48429923,버스
8301,이수역9번출구,126.979895,37.484445,버스
8302,이수역10번출구,126.9801875,37.48483286,버스
8303,신대방삼거리,126.9278411,37.49777487,버스
8304,신대방삼거리,126.928253,37.498328,버스
8305,보라매병원입구,126.927191,37.494757,버스
8306,동작구청.노량진초등학교앞,126.940053,37.51055,버스
8307,동작구청.노량진초등학교앞,126.940337,37.510453,버스
8308,장성교회,126.9399682,37.50821101,버스
8309,청화병원,126.9400798,37.50724508,버스
8310,중앙대학교,126.961323,37.508167,버스
8311,중앙대학교,126.9615072,37.50850924,버스
8312,중앙대학교,126.9614383,37.50834522,버스
8313,7호선장승배기역.상도2치안센터,126.9391356,37.50417184,버스
8314,7호선장승배기역.상도2치안센터,126.9393255,37.50434045,버스
8315,상도2동아이파크.포스코더샵아파트,126.9408309,37.50147931,버스
8316,상도2동아이파크.포스코더샵아파트,126.941136,37.501514,버스
8317,신상도초등학교,126.943532,37.499316,버스
8318,중앙대후문,126.9536356,37.50480829,버스
8319,중앙대후문,126.953431,37.5045505,버스
8320,중앙대정문,126.958294,37.506811,버스
8321,중앙대중문,126.957272,37.50664,버스
8322,중앙대정문,126.959113,37.507237,버스
8323,신대방역,126.9123159,37.48737915,버스
8324,신대방역,126.911743,37.487413,버스
8325,동작상떼빌아파트,126.9071028,37.48825374,버스
8326,신대방경남아파트,126.907227,37.48842865,버스
8327,서울특별시.보라매병원,126.924482,37.492755,버스
8328,신상도초등학교,126.9436737,37.49937392,버스
8329,상도4동약수맨션,126.943548,37.497943,버스
8330,경향렉스빌.롯데캐슬비엔,126.942914,37.49592954,버스
8331,경향렉스빌.롯데캐슬비엔,126.9427353,37.49598532,버스
8332,상도4동약수맨션,126.9433569,37.49795904,버스
8333,래미안상도3차중문,126.953869,37.499874,버스
8334,금양빌딩,126.9535019,37.49950651,버스
8335,동작구청정문,126.9400622,37.51237684,버스
8336,상도SH빌아파트상도팰리스후문,126.953972,37.502655,버스
8337,상도SH빌아파트상도팰리스후문,126.9542926,37.50314151,버스
8338,상도3차삼성래미안후문,126.9538227,37.50105476,버스
8339,상도3차삼성래미안후문,126.953569,37.50094074,버스
8340,상도1동주민센터.상도3차래미안,126.953358,37.498407,버스
8341,상도1동주민센터.상도3차래미안,126.953262,37.49822,버스
8342,노들역앞,126.9522639,37.51326188,버스
8343,대방역1번출구앞,126.927473,37.513095,버스
8344,대방역.여의교앞,126.92733,37.514757,버스
8345,노들역4번출구앞,126.9533594,37.51245728,버스
8346,동작실버센터입구,126.956612,37.513122,버스
8347,사당동대아신협앞,126.97629,37.483377,버스
8348,사당역9번출구앞,126.9813959,37.47739263,버스
8349,사당롯데캐슬골든포레.사당해그린,126.963072,37.492436,버스
8350,사당솔밭도서관,126.967056,37.48401713,버스
8351,효주파크빌,126.9267494,37.50272846,버스
8352,남성초등학교입구,126.9769232,37.48375635,버스
8353,벽산아파트,126.9218266,37.49773319,버스
8354,정금마을,126.9812426,37.49374405,버스
8355,이수힐스테이트,126.9797406,37.49418445,버스
8356,사당역10번출구,126.9815811,37.47868741,버스
8357,현대2차아파트후문,126.932045,37.510707,버스
8358,극동상가,126.9740958,37.49168729,버스
8359,삼성래미안.롯데캐슬,126.97115,37.489628,버스
8360,자이아파트정문앞,126.9627803,37.48913684,버스
8361,달마사,126.960569,37.500332,버스
8362,상도4동성문교회,126.9395008,37.49865999,버스
8363,사자암,126.936319,37.49376893,버스
8364,노들역.노량진교회,126.954474,37.512428,버스
8365,대림현대아파트,126.9724841,37.48615684,버스
8366,행복유치원,126.9408686,37.496166,버스
8367,이수역,126.9806262,37.48500144,버스
8368,보라매공원,126.918577,37.49462,버스
8369,신대방삼거리역,126.928182,37.4999673,버스
8370,현대2차아파트후문,126.9321404,37.51106326,버스
8371,극동아파트110동,126.9746719,37.49036369,버스
8372,극동아파트110동,126.974121,37.49084746,버스
8373,대림아파트후문,126.9721846,37.48865193,버스
8374,자이아파트상가앞,126.963156,37.4886828,버스
8375,삼성래미안아파트,126.959261,37.497806,버스
8376,충남정육점,126.9399699,37.49897651,버스
8377,당곡중.고등학교,126.9354613,37.49297099,버스
8378,대림프라자.사당3동주민센터,126.9738758,37.48392602,버스
8379,롯데캐슬,126.9712716,37.48982344,버스
8380,보라매공원입구,126.918086,37.496008,버스
8381,강현중학교,126.9278709,37.50206774,버스
8382,구중앙슈퍼앞,126.935504,37.49461192,버스
8383,유앤미아파트,126.960459,37.500707,버스
8384,로고스교회,126.931715,37.497757,버스
8385,극동아파트112동,126.976344,37.488596,버스
8386,삼일공원,126.9738555,37.48685101,버스
8387,사당종합체육관,126.9696348,37.49252403,버스
8388,숭실대후문,126.9610346,37.49509528,버스
8389,화성목욕탕,126.9406673,37.49962656,버스
8390,갑을명가아파트,126.934574,37.49369409,버스
8391,사당시장,126.9751267,37.48309007,버스
8392,롯데캐슬비엔,126.9430909,37.49684335,버스
8393,삼거리,126.9683026,37.48559981,버스
8394,대방어린이도서관,126.9254813,37.50296195,버스
8395,성심슈퍼,126.9344156,37.49514297,버스
8396,중앙빌리지.동부센트레빌,126.960711,37.502722,버스
8397,롯데캐슬.샤인,126.971489,37.490918,버스
8398,남성초등학교.사당청소년문화의집,126.9748407,37.48601049,버스
8399,신남성초교후문,126.9645999,37.48902837,버스
8400,현대아이파크,126.9416028,37.50088857,버스
8401,영은교회,126.934095,37.49439578,버스
8402,이수시너스.이수역7번출구,126.981878,37.483918,버스
8403,갑을명가,126.966767,37.482572,버스
8404,성남중고,126.9253134,37.50457842,버스
8405,청운종합복지관,126.9334403,37.49556685,버스
8406,은로초등학교,126.960921,37.503266,버스
8407,롯데캐슬.샤인,126.971203,37.491098,버스
8408,동작삼일수영장,126.9747984,37.48739368,버스
8409,삼거리우편물취급소,126.9770554,37.48416458,버스
8410,사당.인정아파트,126.9649636,37.48997103,버스
8411,선재유통,126.9328022,37.49465817,버스
8412,중앙대병원,126.9607328,37.50768989,버스
8413,밤골터널.상도역롯데캐슬파크엘,126.946013,37.501866,버스
8414,동작고교,126.9664294,37.48182186,버스
8415,대림아파트후문.성남중.고교,126.9248146,37.50567475,버스
8416,구동사무소,126.9324299,37.49610964,버스
8417,중대부속초등학교,126.9610502,37.50537246,버스
8418,국사봉중학교,126.9437281,37.49318067,버스
8419,국민은행4번출구,126.9377215,37.50448109,버스
8420,빙수골공영주차장,126.9321581,37.49527957,버스
8421,상도역7호선,126.9472102,37.50274748,버스
8422,이수역,126.979985,37.484516,버스
8423,성원샹떼빌앞,126.9080421,37.4877057,버스
8424,대방동주민센터,126.926167,37.508177,버스
8425,빙수골마을공원,126.9321117,37.4965519,버스
8426,중앙대병원후문.흑석시장,126.961844,37.507138,버스
8427,방범초소,126.943742,37.49416828,버스
8428,주택가,126.9368294,37.50536009,버스
8429,백경세탁소,126.9308348,37.49664487,버스
8430,중앙대중문,126.957288,37.50673852,버스
8431,중대후문입구,126.9501363,37.50434551,버스
8432,신대방1동주민센터,126.9095786,37.48704097,버스
8433,주공아파트.남도학숙,126.9289889,37.50870233,버스
8434,상도3동주민센터,126.9312735,37.49917272,버스
8435,삼성래미안.동작청소년문화의집,126.934549,37.505625,버스
8436,푸른초장교회,126.9300612,37.49781765,버스
8437,중앙대후문,126.953542,37.50505,버스
8438,이화약국,126.9505375,37.50495121,버스
8439,숭의여중.고교,126.9299523,37.50791444,버스
8440,현대한의원,126.932562,37.50015927,버스
8441,사당문화복지관,126.969576,37.485346,버스
8442,효사정앞,126.9608619,37.51150703,버스
8443,효사정앞,126.9613179,37.51153682,버스
8444,사회복지관앞,126.9330781,37.50606719,버스
8445,7호선신대방삼거리역2번출구.국민은행,126.928419,37.498966,버스
8446,대림프라자.사당3동주민센터,126.974379,37.483807,버스
8447,상도은빛어르신복지관.터널경로당,126.9512513,37.50657169,버스
8448,동광교회,126.9344857,37.50155436,버스
8449,남성역.남성역골목시장,126.972224,37.484187,버스
8450,대방목욕탕,126.9323906,37.50710487,버스
8451,건영아파트,126.9515988,37.50788294,버스
8452,갯마을,126.982546,37.496232,버스
8453,현대아파트,126.9320468,37.51205262,버스
8454,경문고등학교,126.982453,37.49018,버스
8455,삼거리우편물취급소,126.9772691,37.48421778,버스
8456,밤골.상도역롯데캐슬파크엘,126.9455944,37.50215202,버스
8457,남부교회,126.9322871,37.50897099,버스
8458,정금마을,126.982565,37.494339,버스
8459,동작고등학교,126.9664442,37.48157226,버스
8460,KT동작지사,126.9344731,37.51218014,버스
8461,7호선장승배기역2번출구,126.9389672,37.50393206,버스
8462,총신대역,126.982049,37.487354,버스
8463,남성초등학교.사당청소년문화의집,126.9749764,37.48613757,버스
8464,동원베네스트,126.9451749,37.50345392,버스
8465,신동아정문,126.9512523,37.51014997,버스
8466,사당솔밭도서관,126.967088,37.48342692,버스
8467,해태타워앞,126.9246607,37.4910939,버스
8468,경성의원.새마을금고앞,126.9359546,37.51261889,버스
8469,상도2동주민센터,126.9417827,37.50505265,버스
8470,상도은빛어르신복지관,126.9505398,37.5063886,버스
8471,삼일공원,126.9740161,37.48697269,버스
8472,부강탕,126.9459909,37.50436711,버스
8473,대방역1번출구,126.9274282,37.51306991,버스
8474,극동아파트앞,126.9513637,37.51107274,버스
8475,이수역,126.982089,37.486574,버스
8476,삼거리,126.9684496,37.48553497,버스
8477,전문건설회관.보라매병원,126.924958,37.49235924,버스
8478,대림아파트후문,126.9725907,37.48846189,버스
8479,상도브라운스톤,126.943805,37.50528612,버스
8480,흑석동,126.9654485,37.50767604,버스
8481,흑석역.명수현대아파트,126.9650934,37.50745607,버스
8482,노들역5번출구,126.9521593,37.51229045,버스
8483,대림아파트,126.946671,37.50518002,버스
8484,상도역.하나은행,126.9473327,37.50381985,버스
8485,봉천고개관악현대아파트,126.9566324,37.4921183,버스
8486,동작삼일수영장,126.9747872,37.48717651,버스
8487,동작고교.사당5동주민센터,126.9674875,37.48509948,버스
8488,건영아파트,126.948004,37.506971,버스
8489,우성201동.극동112동,126.9760206,37.48817068,버스
8490,삼호APT.오네뜨아파트,126.9656301,37.48654523,버스
8491,상도감리교회,126.9415426,37.50549137,버스
8492,남부교회,126.932072,37.50919524,버스
8493,도시가스.두산아파트,126.9447021,37.50505316,버스
8494,핸드픽트호텔,126.9334329,37.50129574,버스
8495,핸드픽트호텔,126.93353,37.501611,버스
8496,7호선신대방삼거리역4번출구,126.9267443,37.4998233,버스
8497,우성아파트,126.9471192,37.50835319,버스
8498,숭실대입구역2번출구,126.953556,37.496203,버스
8499,시장입구,126.9771578,37.4894721,버스
8500,신남성초교입구,126.9645032,37.48790286,버스
8501,새소망교회,126.9420034,37.50639721,버스
8502,대방목욕탕,126.932243,37.506937,버스
8503,본동초등학교,126.953555,37.5107267,버스
8504,코오롱하늘채아파트,126.9240091,37.49917007,버스
8505,강남교회.오거리,126.944929,37.51027785,버스
8506,봉천고개현대아파트,126.956251,37.491908,버스
8507,신동아아파트,126.9765787,37.49000725,버스
8508,LG아파트상가,126.9635608,37.48860093,버스
8509,신동아아파트701동앞,126.9432253,37.50748092,버스
8510,사회복지관앞,126.9330952,37.5059023,버스
8511,동작우체국,126.9238815,37.49781023,버스
8512,테니스장.우성아파트304동,126.9759361,37.49061897,버스
8513,자이아파트정문앞,126.9628435,37.48930537,버스
8514,신동아관리사무소,126.9440018,37.5083076,버스
8515,삼성래미안.동작청소년문화의집,126.9348171,37.50553561,버스
8516,대방역2번출구앞,126.927588,37.51277896,버스
8517,경성의원.새마을금고앞,126.9359804,37.51279371,버스
8518,노량진역,126.9414536,37.51372379,버스
8519,신동아상가,126.9463254,37.5079978,버스
8520,주택가,126.9364798,37.50550408,버스
8521,예스플러스,126.9224942,37.50396386,버스
8522,KT동작전화국,126.9345611,37.51236942,버스
8523,9호선노량진역.동작구청,126.9400888,37.51301484,버스
8524,숭실대후문,126.9611601,37.49504846,버스
8525,건영아파트,126.947662,37.507372,버스
8526,국민은행,126.9375688,37.50441973,버스
8527,테니스장앞,126.9593671,37.49811161,버스
8528,동작대교(가상),126.9796763,37.50451971,버스
8529,숭의여중고교.공군항공안전단,126.929696,37.50738263,버스
8530,7호선장승배기역5번출구,126.9389753,37.50509629,버스
8531,명창빌딩,126.9365067,37.50449666,버스
8532,화성목욕탕,126.940666,37.49977524,버스
8533,본동시장,126.9519738,37.51223991,버스
8534,성원아파트,126.9254189,37.50882177,버스
8535,충남정육점,126.9399947,37.49914503,버스
8536,극동아파트,126.9512098,37.51111052,버스
8537,대방동주민센터,126.926169,37.508388,버스
8538,쌍용아파트,126.932986,37.50150396,버스
8539,삼성래미안아파트,126.9510848,37.51034544,버스
8540,대림아파트후문.성남중.고교,126.924992,37.50586589,버스
8541,성대시장,126.932299,37.500081,버스
8542,노량진역,126.9432479,37.51350389,버스
8543,강현중학교.동작청소년문화의집,126.9345123,37.50300042,버스
8544,한신아파트,126.9512589,37.50873975,버스
8545,대방교회,126.9230394,37.50397142,버스
8546,계령약국,126.933383,37.498978,버스
8547,건영아파트후문,126.9515027,37.5078063,버스
8548,홍원사,126.9241422,37.5039451,버스
8549,강남교회.오거리,126.9447876,37.51024624,버스
8550,상도은빛어르신복지관.터널경로당,126.9509538,37.50654093,버스
8551,영동슈퍼,126.9241105,37.50286916,버스
8552,사거리,126.9367943,37.49603636,버스
8553,우성아파트,126.9469767,37.50830267,버스
8554,범한택시,126.9240184,37.50006127,버스
8555,제일성민교회,126.9373309,37.49539146,버스
8556,신동아리버파크,126.9477108,37.50667651,버스
8557,안일약국,126.9345558,37.49776166,버스
8558,상도역7호선,126.9470766,37.50290692,버스
8559,달마사,126.960694,37.499535,버스
8560,동작하이슈퍼,126.9366392,37.49494234,버스
8561,대림아파트,126.9466417,37.50538385,버스
8562,밤골.상도역롯데캐슬파크엘,126.945916,37.50196,버스
8563,한강대교(가상),126.956781,37.51373682,버스
8564,상도역,126.9489458,37.50357996,버스
8565,약수맨션.약수당약국,126.943517,37.498251,버스
8566,현진빌라.고마트,126.9430024,37.49721095,버스
8567,중앙대후문,126.9539816,37.50501298,버스
8568,건영아파트,126.9476345,37.50744782,버스
8569,중앙대중문,126.9573559,37.50648935,버스
8570,신동아상가,126.9460742,37.50813015,버스
8571,중앙대정문,126.9582233,37.50674377,버스
8572,신동아관리사무소,126.9445446,37.50849799,버스
8573,여의상류(가상),126.94061,37.51656215,버스
8574,중앙대병원,126.9613765,37.50754052,버스
8575,신동아아파트701동앞,126.9429719,37.50750243,버스
8576,보라매어린이집.문창중학교,126.923186,37.497719,버스
8577,중앙대병원후문.흑석시장,126.9612696,37.50646276,버스
8578,여의교(가상),126.9276683,37.51480272,버스
8579,새소망교회,126.9415658,37.50620956,버스
8580,동작우체국,126.9245071,37.49772953,버스
8581,중앙대부속초등학교.롯데캐슬에듀포레,126.960786,37.504918,버스
8582,신대방삼거리역.성대시장,126.9279312,37.49822547,버스
8583,은로초등학교,126.9607815,37.50325738,버스
8584,신대방1동경남아파트,126.907561,37.48993195,버스
8585,중앙빌리지.동부센트레빌,126.96033,37.502218,버스
8586,부강탕,126.9459783,37.50454733,버스
8587,유앤미아파트,126.960133,37.500922,버스
8588,동원베네스트,126.9447645,37.50320593,버스
8589,전문건설회관.보라매병원,126.924779,37.492411,버스
8590,동양아파트,126.959859,37.499561,버스
8591,밤골.상도역롯데캐슬파크엘,126.9455074,37.50196545,버스
8592,아카데미타워,126.9244164,37.49121269,버스
8593,서울교(가상),126.9151853,37.5198554,버스
8594,신대방역,126.913014,37.487502,버스
8595,빌라삼거리.영도교회.약수터,126.9436054,37.49535407,버스
8596,신대방1동주민센터,126.9097457,37.48721231,버스
8597,방범초소,126.9436277,37.49433944,버스
8598,신대방현대아파트,126.9115434,37.49522804,버스
8599,국사봉중학교,126.943573,37.49338424,버스
8600,신대방우성아파트앞,126.9103818,37.493343,버스
8601,교수아파트,126.9134228,37.49629638,버스
8602,보라매공원입구,126.917914,37.495679,버스
8603,보라매공원,126.918239,37.494769,버스
8604,삼일초등학교앞,126.9756633,37.48810573,버스
8605,동작경희병원,126.9360217,37.50285279,버스
8606,신동아상가,126.9514071,37.50875963,버스
8607,현대아파트,126.931932,37.512343,버스
8608,서달산약수터,126.9620217,37.49984892,버스
8609,신대방역,126.9130382,37.48660473,버스
8610,신대방역,126.9129713,37.48676868,버스
8611,장성교회,126.939904,37.507439,버스
8612,숭의여중고교.공군항공안전단,126.9301467,37.50799926,버스
8613,대방동주공아파트,126.92888,37.50905279,버스
8614,노량진신한은행,126.9441708,37.51215539,버스
8615,노량진한국법학교육원,126.9443313,37.5123537,버스
8616,7호선신대방삼거리역2번출구.국민은행,126.928523,37.498836,버스
8617,푸른초장교회,126.9300251,37.4977131,버스
8618,백경세탁소,126.9307149,37.49659074,버스
8619,빙수골공영주차장,126.932011,37.49529931,버스
8620,선재유통,126.9327547,37.49455452,버스
8621,영은교회,126.9339921,37.4943795,버스
8622,갑을명가아파트,126.9344802,37.49360122,버스
8623,당곡중.고등학교,126.9354998,37.49289802,버스
8624,사자암,126.936405,37.49371671,버스
8625,동작하이슈퍼,126.9367297,37.49491806,버스
8626,제일성민교회,126.9374011,37.49533743,버스
8627,보문사,126.9386456,37.49612024,버스
8628,동아아파트,126.9401507,37.4963535,버스
8629,행복유치원,126.9412494,37.49575211,버스
8630,동아아파트,126.9401307,37.49660586,버스
8631,보문사,126.9385856,37.49618689,버스
8632,사당1동주민센터입구,126.9787426,37.4840874,버스
8633,노들역5번출구앞,126.952533,37.512541,버스
8634,한강대교남단(가상),126.9554511,37.51421559,버스
8635,한강대교남단(가상),126.9555809,37.51461663,버스
8636,동작대교남단(가상),126.9735854,37.50572365,버스
8637,동작대교남단(가상),126.9739596,37.50614095,버스
8638,청호아파트,126.963789,37.500751,버스
8639,푸르지오후문,126.964318,37.501598,버스
8640,푸르지오상가,126.965036,37.503417,버스
8641,흑석한강푸르지오,126.965352,37.504296,버스
8642,흑석동주민센터,126.9664605,37.50586692,버스
8643,대방중학교,126.914493,37.495492,버스
8644,상도감리교회.보건소,126.9413119,37.50549486,버스
8645,수도여고,126.9152513,37.49355475,버스
8646,동작구민체육센터.기상청,126.9172421,37.4942401,버스
8647,동작구민체육센터.기상청,126.9171797,37.49441397,버스
8648,수도여고,126.91488,37.493877,버스
8649,대방중학교,126.9145762,37.49553129,버스
8650,정금마을,126.9812176,37.49383867,버스
8651,경동아파트,126.9537175,37.50948414,버스
8652,동양중학교,126.9548037,37.50911421,버스
8653,극락정사,126.9518057,37.50804792,버스
8654,흑석역,126.962302,37.509202,버스
8655,중앙대병원,126.9603642,37.50743565,버스
8656,상도역1번출구,126.9478369,37.50258556,버스
8657,봉천고개관악현대아파트,126.9566012,37.49134514,버스
8658,동작대교(가상),126.9797337,37.50511884,버스
8659,상도3동주민센터,126.9298934,37.49950352,버스
8660,양녕공영주차장,126.936145,37.49671925,버스
8661,두산위브아파트,126.9708755,37.48487779,버스
8662,서울교(가상),126.9159846,37.52034469,버스
8663,보라매역.동작세무서,126.920193,37.499231,버스
8664,여의교(가상),126.9279151,37.51551756,버스
8665,보라매역.동작세무서,126.9202294,37.49799255,버스
8666,한강대교(가상),126.9571941,37.51411978,버스
8667,신남성초교입구,126.9645406,37.48770913,버스
8668,삼호.오네뜨아파트,126.9653451,37.48660372,버스
8669,사당5동주민센터,126.967507,37.485085,버스
8670,구로디지털단지역,126.9024471,37.4839346,버스
8671,구로디지털단지역,126.902468,37.483978,버스
8672,사당자동차학원,126.983297,37.471303,버스
8673,사당역,126.981722,37.474823,버스
8674,서울미술고.인헌중고,126.9655544,37.47646634,버스
8675,낙성대입구,126.9618757,37.47790968,버스
8676,행운동주민센터,126.956869,37.47984444,버스
8677,서울대입구역5번출구,126.9510142,37.48162815,버스
8678,KT관악지점,126.947188,37.482039,버스
8679,봉천역.관악초등학교,126.943153,37.48244,버스
8680,KT&G관악지점,126.9373129,37.48447547,버스
8681,신림사거리.신림역,126.9278542,37.48414928,버스
8682,남부초등학교,126.922045,37.483405,버스
8683,호림박물관,126.918377,37.482723,버스
8684,난곡입구,126.915721,37.482236,버스
8685,관악구보훈회관.신림푸르지오,126.9112397,37.48136167,버스
8686,천주교성령봉사회관.등불교회,126.9079579,37.48075541,버스
8687,KT구로지사,126.904998,37.480267,버스
8688,난곡입구,126.916138,37.481941,버스
8689,남서울중학교.성보중고등학교,126.921012,37.482817,버스
8690,신림사거리.신림역,126.9280626,37.4838178,버스
8691,KT&G관악지점,126.936125,37.484533,버스
8692,봉천역.관악초등학교,126.943115,37.482057,버스
8693,KT관악지점,126.9484611,37.48148289,버스
8694,봉천사거리,126.954587,37.480368,버스
8695,낙성대동,126.957392,37.479278,버스
8696,낙성대입구,126.9608875,37.47784448,버스
8697,인헌중고.서울미술고,126.966623,37.475655,버스
8698,예술인마을.사당초등학교,126.973885,37.475937,버스
8699,남서울농협남현동지점,126.9773009,37.47637096,버스
8700,서울대학교,126.9479523,37.46674146,버스
8701,서울대학교,126.948727,37.466827,버스
8702,서울여상.서울문영여중고앞,126.9533001,37.47316048,버스
8703,관악구청,126.9524978,37.47798198,버스
8704,봉천사거리.봉천중앙시장,126.9542258,37.48288738,버스
8705,봉원중학교.행운동우성아파트,126.9559129,37.48490109,버스
8706,관악푸르지오아파트,126.9581661,37.48770344,버스
8707,성현동동아아파트,126.9577326,37.48840165,버스
8708,봉원중학교.행운동우성아파트,126.955342,37.484857,버스
8709,봉천사거리.봉천중앙시장,126.953838,37.483155,버스
8710,관악구청,126.952188,37.47935,버스
8711,관악경찰서.관악소방서,126.952572,37.475253,버스
8712,서울여상.서울문영여중고앞,126.952845,37.473002,버스
8713,신림중.삼성고.관악아트홀·도서관,126.944132,37.47055,버스
8714,서울산업정보학교.삼성교,126.9411248,37.47101429,버스
8715,신성초등학교,126.937427,37.471078,버스
8716,서울대벤처타운역1번출구,126.9336863,37.47320697,버스
8717,쑥고개입구,126.9374951,37.47619171,버스
8718,서원역1번출구,126.9323857,37.47864981,버스
8719,신림사거리,126.9300715,37.48192579,버스
8720,신림동별빛거리입구,126.929633,37.485847,버스
8721,당곡역.보라매공원.보라매병원,126.92762,37.49044,버스
8722,당곡역2번출구.롯데백화점관악점,126.927485,37.490008,버스
8723,신림동별빛거리입구,126.929057,37.486415,버스
8724,신림사거리,126.9296378,37.4827671,버스
8725,서원역,126.932724,37.477918,버스
8726,서림동주민센터.신화단지,126.936618,37.475874,버스
8727,서울대벤처타운역.삼성동시장,126.9329597,37.47271275,버스
8728,대학동고시촌입구,126.936456,37.470773,버스
8729,서울산업정보학교.삼성교,126.9420277,37.47057382,버스
8730,관악산입구.관악아트홀·중앙도서관,126.946871,37.467758,버스
8731,당곡역.당곡사거리.롯데백화점,126.9270747,37.49100414,버스
8732,사당역4번출구,126.981359,37.47554085,버스
8733,남현동홈플러스앞,126.98253,37.472373,버스
8734,남태령역,126.987784,37.46557,버스
8735,낙성대입구,126.9579938,37.47829314,버스
8736,삼성동주민센터,126.933025,37.470005,버스
8737,미림고개,126.931983,37.468114,버스
8738,미림여고.미림여자정보과학고,126.931333,37.465575,버스
8739,신우초등학교,126.931693,37.462721,버스
8740,삼성산성지,126.929865,37.458825,버스
8741,산장아파트,126.927725,37.459955,버스
8742,삼성산주공아파트,126.925109,37.461345,버스
8743,산복터널.관악산휴먼시아2단지,126.922015,37.458697,버스
8744,산복터널.관악산휴먼시아2단지,126.922572,37.459082,버스
8745,삼성산주공아파트,126.925091,37.46110627,버스
8746,산장아파트,126.9275,37.459798,버스
8747,삼성산성지,126.92989,37.458613,버스
8748,신우초등학교,126.9319561,37.46241072,버스
8749,미림여고.미림여자정보과학고,126.9316212,37.46511295,버스
8750,미림고개.고시촌입구,126.932,37.467637,버스
8751,서울대벤처타운역,126.933592,37.470692,버스
8752,쑥고개,126.9403975,37.47853539,버스
8753,e편한세상서울대입구아파트,126.942828,37.47953,버스
8754,영락고교.영락의료과학고,126.9456223,37.47921263,버스
8755,생모리츠타운,126.94776,37.479052,버스
8756,관악구청,126.950798,37.478727,버스
8757,생모리츠타운,126.947667,37.479247,버스
8758,영락고교.영락의료과학고,126.945438,37.479465,버스
8759,e편한세상서울대입구아파트,126.942933,37.479723,버스
8760,쑥고개,126.9401212,37.47862692,버스
8761,은천교,126.9358165,37.48623002,버스
8762,봉일시장,126.938717,37.486138,버스
8763,은천초등학교,126.9424345,37.48608434,버스
8764,두산.벽산아파트.서울관광고등학교,126.9452561,37.48678625,버스
8765,현대시장앞,126.948496,37.486675,버스
8766,관악동부센트레빌아파트앞,126.9519972,37.48623951,버스
8767,중앙동성당앞,126.954663,37.485802,버스
8768,중앙동성당앞,126.955195,37.485921,버스
8769,관악동부센트레빌아파트앞,126.9513016,37.48647441,버스
8770,대학동고시촌입구,126.939236,37.470437,버스
8771,벽산.두산아파트.서울관광고등학교,126.9451745,37.48696463,버스
8772,은천초등학교,126.942447,37.48632,버스
8773,봉일시장,126.9389873,37.48626234,버스
8774,은천교,126.93555,37.486487,버스
8775,신림청소년독서실.신림체육센터,126.914797,37.480922,버스
8776,난곡우체국사거리,126.915602,37.477188,버스
8777,신일교회앞,126.916767,37.475448,버스
8778,세이브마트앞,126.918037,37.473862,버스
8779,남강중고등학교입구,126.9195219,37.47225742,버스
8780,우림시장.난곡보건분소,126.919998,37.470547,버스
8781,난우중학교입구,126.9205408,37.46669197,버스
8782,신림복지관앞,126.9196774,37.46528249,버스
8783,신림복지관앞,126.919495,37.465357,버스
8784,난우중학교입구,126.920348,37.467392,버스
8785,우림시장.난곡보건분소,126.9197418,37.47066711,버스
8786,남강중고등학교입구,126.919146,37.472558,버스
8787,세이브마트앞,126.917433,37.473958,버스
8788,신일교회앞,126.916574,37.475399,버스
8789,난곡우체국사거리,126.9154306,37.47698086,버스
8790,신림청소년독서실.신림체육센터,126.9146625,37.4803153,버스
8791,KT구로지사,126.9053999,37.48127456,버스
8792,골목시장앞,126.90538,37.48150941,버스
8793,조원동주민센터,126.907417,37.483437,버스
8794,조원동주민센터,126.907055,37.483185,버스
8795,신대방역,126.9130032,37.48657947,버스
8796,신대방역,126.912694,37.48667,버스
8797,보라매공원입구,126.9174897,37.4891229,버스
8798,보라매공원입구,126.917802,37.489435,버스
8799,보라매갑을아파트,126.9220386,37.48964863,버스
8800,롯데관악점,126.925162,37.48973,버스
8801,롯데관악점,126.925707,37.49013,버스
8802,당곡역,126.9270622,37.48929951,버스
8803,당곡중학교,126.9304831,37.48797335,버스
8804,당곡중학교,126.93191,37.48795,버스
8805,봉현초등학교,126.9554673,37.49071575,버스
8806,동아아파트105동앞,126.955413,37.49053,버스
8807,관악드림타운115동,126.952787,37.490522,버스
8808,관악드림타운115동,126.953011,37.490144,버스
8809,관악드림타운북문,126.9512768,37.49160078,버스
8810,관악드림타운북문,126.951076,37.491545,버스
8811,구암중학교,126.948341,37.492466,버스
8812,구암중학교,126.948465,37.492287,버스
8813,벽산아파트.적십자남부봉사관,126.946532,37.492953,버스
8814,벽산아파트.적십자남부봉사관,126.946158,37.493053,버스
8815,벽산블루밍벽산아파트303동앞,126.94437,37.491943,버스
8816,구로디지털단지역,126.902687,37.483824,버스
8817,현대시장,126.9478365,37.48688113,버스
8818,서울대입구역,126.95273,37.480108,버스
8819,신봉초등학교입구,126.946823,37.48419,버스
8820,구암초등학교,126.9461217,37.48918809,버스
8821,은천동벽산블루밍아파트105동,126.9458637,37.48936819,버스
8822,은천동두산아파트3단지,126.946547,37.484362,버스
8823,봉일시장,126.9372434,37.48507287,버스
8824,봉천역,126.9420825,37.48302172,버스
8825,현대시장,126.9465909,37.48767895,버스
8826,현대시장,126.946518,37.487438,버스
8827,관악우체국.에이치플러스양지병원,126.933157,37.48484806,버스
8828,관악우체국.에이치플러스양지병원,126.9331483,37.48445247,버스
8829,보라매삼성아파트.모자원고개,126.9273976,37.4945144,버스
8830,조원동기점,126.9058409,37.48352961,버스
8831,관악산휴먼시아.신림푸르지오2차,126.919524,37.46038,버스
8832,관악산휴먼시아아파트1단지입구,126.9219633,37.46092763,버스
8833,관악산휴먼시아아파트1단지입구,126.92163,37.460993,버스
8834,난향동주민센터,126.919167,37.461001,버스
8835,서울대정문,126.94839,37.465733,버스
8836,법대.사회대입구,126.948992,37.462798,버스
8837,자연대.행정관입구,126.9488328,37.46027459,버스
8838,농생대,126.94917,37.457163,버스
8839,공대입구,126.949846,37.454936,버스
8840,신소재,126.950227,37.453496,버스
8841,제2공학관,126.95205,37.448828,버스
8842,유회진학술정보관.제1공학관,126.952595,37.451283,버스
8843,유전공학연구소.반도체공동연구소,126.9539021,37.45401037,버스
8844,교수회관입구,126.9553488,37.45607086,버스
8845,관악사삼거리,126.956725,37.460787,버스
8846,국제대학원,126.9553135,37.46417722,버스
8847,수의대입구.보건대학원앞,126.954632,37.466119,버스
8848,경영대.행정대학원,126.952053,37.466135,버스
8849,경영대.행정대학원,126.9509996,37.46580585,버스
8850,수의대입구.보건대학원앞,126.9546455,37.46583771,버스
8851,국제대학원,126.954927,37.46371,버스
8852,관악사삼거리,126.95666,37.460528,버스
8853,공동기기원,126.9544666,37.45511895,버스
8854,유전공학연구소.반도체공동연구소,126.953553,37.453746,버스
8855,에너지자원연구소,126.9522142,37.45359525,버스
8856,공대입구,126.9498964,37.455364,버스
8857,농생대,126.9493877,37.45711284,버스
8858,자연대.행정관입구,126.948957,37.45999,버스
8859,문화관입구,126.9494504,37.46148685,버스
8860,법대.사회대입구,126.949075,37.46326,버스
8861,서울대정문,126.948633,37.465375,버스
8862,우방아파트,126.919247,37.489233,버스
8863,은천성결교회,126.921427,37.488327,버스
8864,남부초교후문,126.92264,37.486717,버스
8865,봉림교,126.9245167,37.48477707,버스
8866,봉림교,126.9246318,37.48497178,버스
8867,남부초교후문,126.922237,37.486452,버스
8868,청담고시원,126.940757,37.471038,버스
8869,우리슈퍼,126.939338,37.472345,버스
8870,명호고시원,126.938728,37.473505,버스
8871,동작마트,126.93835,37.474283,버스
8872,제일성도교회,126.9404393,37.47483346,버스
8873,삼양슈퍼,126.9420978,37.47502442,버스
8874,금성마트용천사,126.9428078,37.47502927,버스
8875,삼양슈퍼,126.9421136,37.47493431,버스
8876,제일성도교회,126.940479,37.47465776,버스
8877,동작마트,126.938032,37.474938,버스
8878,고시촌입구,126.93784,37.470302,버스
8879,대학동치안센터,126.93765,37.46904,버스
8880,대학동노인정,126.93757,37.46735,버스
8881,금호타운아파트,126.93766,37.46574,버스
8882,금호타운아파트,126.93783,37.46571,버스
8883,대학동노인정,126.9376869,37.46715911,버스
8884,대학동치안센터,126.9377736,37.46893795,버스
8885,서울대입구역,126.952444,37.48070059,버스
8886,청림동현대아파트,126.957561,37.491334,버스
8887,청림동현대아파트,126.959384,37.491948,버스
8888,보성운수기종점,126.919021,37.464132,버스
8889,난곡공영차고지,126.918963,37.463938,버스
8890,한남운수대학동차고지,126.9398176,37.47037897,버스
8891,한남운수대학동차고지,126.93969,37.470195,버스
8892,제2공학관,126.9521426,37.44808487,버스
8893,건설환경종합연구소앞,126.949693,37.447203,버스
8894,봉일시장,126.937288,37.485532,버스
8895,보라매공영주차장,126.9342323,37.48870449,버스
8896,당곡중고교,126.9340425,37.49112294,버스
8897,연희빌라,126.933808,37.492583,버스
8898,재넘이고개,126.935368,37.492825,버스
8899,연희빌라,126.933738,37.49253,버스
8900,당곡중고교,126.933883,37.49113277,버스
8901,보라매공영주차장,126.9341339,37.48872606,버스
8902,신림사거리.신림역,126.928276,37.4841991,버스
8903,신사동주민센터.신사시장,126.9178057,37.4855926,버스
8904,건영유치원,126.914593,37.48505,버스
8905,신대방역,126.9136841,37.48644841,버스
8906,난곡사거리,126.9143778,37.48327404,버스
8907,난곡사거리,126.914237,37.48277,버스
8908,신대방역,126.9134841,37.48636536,버스
8909,신사시장.평화교회,126.913877,37.484465,버스
8910,신사시장.선한이웃교회,126.914038,37.48452751,버스
8911,신림청소년독서실.신림체육센터,126.9148891,37.48040043,버스
8912,신사동진양빌딩앞,126.914612,37.487695,버스
8913,호림박물관,126.9186189,37.48236721,버스
8914,보성운수차고지맞은편,126.9192632,37.46467082,버스
8915,조원아파트,126.90782,37.484088,버스
8916,성원홈아파트,126.9344142,37.49023106,버스
8917,성원홈아파트,126.9343,37.49020396,버스
8918,신림빗물펌프장,126.907633,37.484773,버스
8919,봉천사거리.위버폴리스,126.9535723,37.48279341,버스
8920,서원동승리교앞,126.929906,37.481586,버스
8921,서울난향초등학교.난향동주민센터,126.9188889,37.46273678,버스
8922,은천길입구,126.93361,37.486647,버스
8923,대학동샘말공원,126.9383465,37.46513827,버스
8924,서울대학교.치과병원.동물병원,126.9520816,37.46927442,버스
8925,서울대학교.치과병원.동물병원,126.951937,37.470034,버스
8926,신림2교,126.93678,37.477526,버스
8927,서울대학교,126.9496319,37.46766096,버스
8928,신림역2번출구,126.9298972,37.48332204,버스
8929,벽산블루밍아파트종점,126.944636,37.492105,버스
8930,청림동현대아파트입구,126.957416,37.491076,버스
8931,아카시아마을.민방위교육장,126.911063,37.47207654,버스
8932,난향동공영차고지,126.9189073,37.46347841,버스
8933,청림동푸르지오아파트121동앞,126.9606641,37.48558671,버스
8934,보명사.법화사,126.9248319,37.47607349,버스
8935,현대아파트후문,126.9304689,37.47525514,버스
8936,GS편의점.소망유통,126.9686577,37.46931873,버스
8937,국사봉,126.941744,37.491065,버스
8938,봉천역,126.940902,37.483597,버스
8939,뉴서울아파트,126.911122,37.471416,버스
8940,푸르지오122동,126.9596642,37.4860982,버스
8941,승산밝은빛교회.구무림비디오,126.9242273,37.47572798,버스
8942,코사마트,126.9302023,37.47621916,버스
8943,인수당약국,126.9681362,37.47016743,버스
8944,벽산아파트후문.만물슈퍼,126.9418504,37.49078823,버스
8945,신협,126.9465738,37.48319505,버스
8946,쌍용아파트후문,126.9117542,37.47267719,버스
8947,관악로입구,126.9580221,37.48642653,버스
8948,한마음슈퍼,126.9234985,37.47531751,버스
8949,미성빌라,126.9302988,37.47707707,버스
8950,우리현대마트,126.9675399,37.47107829,버스
8951,우리슈퍼,126.9421119,37.49038376,버스
8952,두산아파트입구,126.9468248,37.484773,버스
8953,벽산아파트501동.적십자센터,126.9465804,37.49290535,버스
8954,신라놀이터,126.9125495,37.47324818,버스
8955,충남슈퍼.생각대로통신,126.9227888,37.47491876,버스
8956,혜성세탁소,126.9303177,37.47738346,버스
8957,동인약국.인헌중고입구,126.9669822,37.47197203,버스
8958,수정슈퍼,126.942101,37.48980254,버스
8959,현대시장,126.9469476,37.48707357,버스
8960,벽산아파트,126.9438939,37.49229316,버스
8961,두영아파트,126.913775,37.47429887,버스
8962,삼성산주공정문,126.926287,37.46106287,버스
8963,서울대입구역2호선,126.953836,37.48246641,버스
8964,제일교회입구,126.9220871,37.47452632,버스
8965,GS편의점,126.930639,37.47843794,버스
8966,오리사랑,126.9668389,37.47374176,버스
8967,서울관광고등학교,126.9418664,37.48907524,버스
8968,구암초등학교정문,126.9464345,37.48816638,버스
8969,현대홈타운아파트,126.9637778,37.47968636,버스
8970,미성중학교,126.9131844,37.4755708,버스
8971,삼성산주공307동앞,126.9273355,37.46171592,버스
8972,관악프라자,126.9547331,37.48357602,버스
8973,남강중고등학교입구,126.9213944,37.47414559,버스
8974,동산교회,126.9297927,37.47900154,버스
8975,인헌연세약국,126.9667445,37.47506636,버스
8976,산성교회,126.9415478,37.48867229,버스
8977,방앗간,126.9460929,37.48997114,버스
8978,낙성대역,126.9624207,37.47779001,버스
8979,라이프아파트,126.9136959,37.47717334,버스
8980,2단지종합상가,126.926319,37.463576,버스
8981,애동유치원,126.9202354,37.47426917,버스
8982,서강약국,126.9281245,37.47947091,버스
8983,인헌시장입구,126.965772,37.47542833,버스
8984,경천교회,126.9404797,37.48802746,버스
8985,대학원생활관,126.9573923,37.46233612,버스
8986,성현동주민센터,126.947285,37.489861,버스
8987,사랑의병원,126.9564304,37.47962441,버스
8988,신림고등학교,126.9160901,37.47768059,버스
8989,203동앞,126.9264977,37.4644447,버스
8990,관악로입구,126.9577949,37.48627596,버스
8991,세이브마트,126.9188188,37.47417629,버스
8992,동부아파트,126.9284314,37.48130124,버스
8993,파리바게트.낙성대지하철,126.964373,37.476139,버스
8994,국회단지입구,126.9393195,37.48659952,버스
8995,학부생활관,126.958073,37.463749,버스
8996,구암어린이집앞,126.9476358,37.49095584,버스
8997,낙성대역,126.9626593,37.47787569,버스
8998,난곡터널,126.918397,37.478035,버스
8999,광신고등학교.주공1단지,126.927109,37.466028,버스
9000,우성아파트103동,126.9592458,37.48609174,버스
9001,난우초등학교,126.9177304,37.47594711,버스
9002,삼모타워앞.건강보험관악지사,126.9284597,37.48240061,버스
9003,인헌초등학교,126.9617606,37.47710724,버스
9004,은천교앞,126.935882,37.48640037,버스
9005,BK국제관,126.95791,37.465448,버스
9006,관악드림타운2단지.관악선의복지관,126.9469498,37.49193954,버스
9007,현대홈타운아파트,126.9634797,37.47912966,버스
9008,갑을아파트,126.922047,37.489754,버스
9009,신원동치안센터,126.9270326,37.47909088,버스
9010,유완약국.성림교회,126.9300283,37.46684751,버스
9011,행운동우성아파트109동앞,126.961219,37.485287,버스
9012,신림고등학교,126.916073,37.477891,버스
9013,낙성대입구,126.9599796,37.47780813,버스
9014,신림성모성당앞,126.9326665,37.48707441,버스
9015,가족생활동,126.957872,37.466978,버스
9016,롯데백화점,126.9244827,37.49042787,버스
9017,삼성전자,126.9310842,37.46769431,버스
9018,신림청소년독서실.신림체육센터,126.9148759,37.48049969,버스
9019,낙성대동시장입구,126.9575345,37.47875434,버스
9020,관악우체국,126.934147,37.485139,버스
9021,신림고등학교,126.9168167,37.47798108,버스
9022,신림사거리.신원시장,126.9273006,37.48370921,버스
9023,삼성동시장,126.9316311,37.46920398,버스
9024,난곡사거리,126.9144634,37.48230119,버스
9025,신림역,126.9296507,37.48548832,버스
9026,인헌아파트,126.9612872,37.46802075,버스
9027,서울대벤처타운역.삼성동시장입구,126.9332126,37.47185504,버스
9028,동부아파트,126.9282143,37.48132003,버스
9029,낙성대역,126.9648558,37.47632106,버스
9030,당곡역.당곡사거리,126.9287658,37.48873105,버스
9031,서울과학전시관,126.9579992,37.46872249,버스
9032,은천교입구,126.9342753,37.4868363,버스
9033,은천교입구,126.9340849,37.48693633,버스
9034,삼성아파트,126.927383,37.494576,버스
9035,조원경로당,126.90827,37.48353917,버스
9036,서강약국,126.9279662,37.47947352,버스
9037,인헌연세약국,126.9668226,37.47484832,버스
9038,낙성대공원.관악복합평생교육센터,126.958766,37.472205,버스
9039,신도브래뉴.구펭귄아파트,126.911039,37.484211,버스
9040,동산교회,126.929898,37.47877903,버스
9041,오리사랑,126.9666848,37.47368455,버스
9042,봉일시장,126.9386493,37.48609276,버스
9043,낙성대입구,126.9595879,37.47874515,버스
9044,낙성대현대아파트,126.9591501,37.47487295,버스
9045,성지빌딩,126.9308322,37.47861197,버스
9046,펭귄시장,126.912358,37.483576,버스
9047,동인약국.인헌중고입구,126.9668511,37.47191522,버스
9048,국회단지입구,126.9394213,37.4865356,버스
9049,봉천역,126.941979,37.483129,버스
9050,봉천역,126.9414681,37.4835774,버스
9051,인헌초등학교,126.9591594,37.47658776,버스
9052,난곡사거리,126.914064,37.48251537,버스
9053,우리현대마트,126.9673568,37.47112059,버스
9054,경천교회,126.9405544,37.4879473,버스
9055,낙성대입구,126.9594607,37.4775169,버스
9056,신림체육센터,126.914615,37.481016,버스
9057,서림동주민센터,126.9349783,37.47485311,버스
9058,인수당약국,126.9677946,37.47044307,버스
9059,산성교회,126.941601,37.48859121,버스
9060,신원동치안센터,126.926202,37.479222,버스
9061,현대아파트109동,126.933312,37.474872,버스
9062,개미유통,126.9668429,37.46998685,버스
9063,서울관광고등학교,126.941975,37.48904105,버스
9064,낙성대역,126.9619752,37.47707918,버스
9065,서울대호암교수회관,126.9583174,37.46772958,버스
9066,봉천로사거리,126.9524255,37.48234217,버스
9067,관악세무서,126.9244976,37.47903792,버스
9068,난우초등학교,126.9171837,37.47647388,버스
9069,현대아파트106동,126.9325314,37.47509774,버스
9070,세진아파트,126.9659804,37.46963157,버스
9071,수정슈퍼,126.9421499,37.48956378,버스
9072,낙성대입구,126.9591814,37.4775943,버스
9073,구로디지털단지역,126.905796,37.484549,버스
9074,구로디지털단지역,126.905813,37.484369,버스
9075,난곡터널,126.919017,37.478276,버스
9076,난곡종점,126.9192838,37.46411007,버스
9077,세이브마트,126.9185745,37.47424731,버스
9078,봉천역,126.9414274,37.4835909,버스
9079,은천아파트,126.9651699,37.46930423,버스
9080,우리슈퍼,126.9423213,37.49015138,버스
9081,인헌초등학교,126.958967,37.476522,버스
9082,서울대벤처타운역.삼성동시장입구,126.932981,37.47168821,버스
9083,애동유치원,126.9202107,37.47415561,버스
9084,인헌아파트,126.961683,37.46826,버스
9085,롯데백화점관악점,126.924916,37.489744,버스
9086,롯데백화점관악점,126.925983,37.49009,버스
9087,신림역,126.932989,37.484495,버스
9088,신림역,126.9301935,37.48446517,버스
9089,봉천역,126.944142,37.481993,버스
9090,봉천역,126.941497,37.482711,버스
9091,서울대학교입구전철역,126.951428,37.48159318,버스
9092,관악구청,126.9522794,37.47990936,버스
9093,관악구청,126.9524998,37.47825141,버스
9094,서울대학교,126.9489516,37.46685724,버스
9095,신림2동차고지,126.938321,37.470982,버스
9096,신림2동차고지,126.938768,37.470929,버스
9097,벽산아파트후문.만물슈퍼,126.941856,37.491067,버스
9098,낙성대현대아파트,126.959068,37.474424,버스
9099,사당역4번출구A,126.981484,37.47500152,버스
9100,사당역4번출구B,126.9815173,37.4748086,버스
9101,봉천역,126.9416183,37.48313729,버스
9102,관악드림타운2단지.관악선의복지관,126.946875,37.491928,버스
9103,라이프아파트,126.9135636,37.47716694,버스
9104,삼성동시장,126.931472,37.469153,버스
9105,남강중고등학교입구,126.9214522,37.47408436,버스
9106,은천아파트,126.9651417,37.46918348,버스
9107,낙성대공원.관악복합평생교육센터,126.958413,37.471697,버스
9108,구암어린이집앞,126.947528,37.491085,버스
9109,미성중학교,126.9130747,37.47560406,버스
9110,삼성전자,126.931094,37.467902,버스
9111,제일교회입구,126.9221437,37.4744768,버스
9112,세진아파트,126.9659793,37.46951623,버스
9113,서울과학전시관,126.957989,37.469566,버스
9114,성현동주민센터,126.947986,37.490021,버스
9115,두영아파트,126.913664,37.474346,버스
9116,유완약국.성림교회,126.9300278,37.46690792,버스
9117,충남슈퍼.생각대로통신,126.9228522,37.47485933,버스
9118,개미유통,126.966852,37.46987962,버스
9119,호암교수회관,126.958334,37.46841173,버스
9120,현대시장,126.9466523,37.48722392,버스
9121,신라놀이터,126.9124929,37.47331302,버스
9122,광신고등학교.주공1단지,126.9268061,37.46554169,버스
9123,한마음슈퍼,126.9235494,37.47525537,버스
9124,소망유통,126.968401,37.46947004,버스
9125,두산아파트,126.946679,37.48473599,버스
9126,쌍용아파트후문,126.9116693,37.4727366,버스
9127,201동.동신교회,126.9258566,37.46421557,버스
9128,승산밝은빛교회.구무림비디오,126.9242602,37.4756424,버스
9129,군인아파트,126.9686942,37.46896724,버스
9130,호암교수회관,126.957816,37.468262,버스
9131,신협,126.946455,37.48321392,버스
9132,뉴서울아파트,126.9110761,37.47151245,버스
9133,3단지종합상가,126.92665,37.46324467,버스
9134,보명사.법화사,126.9248625,37.4759816,버스
9135,가족생활동,126.957684,37.466361,버스
9136,봉천로사거리,126.9514911,37.48204466,버스
9137,봉천역6번출구,126.943536,37.483212,버스
9138,아카시아마을.민방위교육장,126.9111579,37.47209914,버스
9139,삼성산주공307동앞,126.9273071,37.46182493,버스
9140,서울대후문.연구공원,126.957782,37.465104,버스
9141,봉천역4번출구,126.941515,37.483584,버스
9142,삼성산주공아파트정문,126.9257025,37.46121839,버스
9143,학부생활관,126.9577174,37.46314183,버스
9144,대학원생활관,126.9567821,37.46197275,버스
9145,기숙사삼거리,126.956764,37.460463,버스
9146,제2파워플랜트,126.949654,37.449125,버스
9147,건설환경종합연구소,126.949997,37.447194,버스
9148,보라매노인복지회관,126.9258907,37.49267792,버스
9149,신한은행앞.롯데백화점,126.924334,37.490522,버스
9150,벽산아파트,126.943717,37.492322,버스
9151,적십자센터,126.946361,37.493009,버스
9152,봉림교,126.9269361,37.48368797,버스
9153,서원치안센터.건강보험관악지사,126.9291589,37.48199283,버스
9154,노천강당,126.955328,37.4587949,버스
9155,신림역4번출구,126.9290486,37.48391302,버스
9156,서원역2번출구.서원동성당앞,126.9344657,37.47783639,버스
9157,신림복지관앞,126.919765,37.4653,버스
9158,교육개발원입구,127.038482,37.47859,버스
9159,교육개발원입구,127.038758,37.477818,버스
9160,양재역.서초문화예술회관,127.035902,37.48261,버스
9161,양재역.서초문화예술회관,127.036827,37.481927,버스
9162,뱅뱅사거리,127.032432,37.487667,버스
9163,뱅뱅사거리,127.033097,37.486653,버스
9164,래미안아파트.파이낸셜뉴스,127.030405,37.491895,버스
9165,래미안아파트.파이낸셜뉴스,127.030987,37.491087,버스
9166,신분당선강남역,127.028538,37.495848,버스
9167,신분당선강남역,127.029112,37.494993,버스
9168,지하철2호선강남역,127.02574,37.501795,버스
9169,지하철2호선강남역,127.02637,37.500785,버스
9170,논현역,127.0230319,37.5072265,버스
9171,논현역,127.023728,37.506367,버스
9172,신사역.푸른저축은행,127.0200637,37.51413699,버스
9173,신사역,127.020607,37.512972,버스
9174,반포역,127.0120079,37.5083482,버스
9175,반포역,127.011155,37.507995,버스
9176,고속터미널,127.005137,37.506295,버스
9177,고속터미널,127.003922,37.505843,버스
9178,신반포역.세화여중고,126.9956954,37.50345786,버스
9179,신반포역.세화여중고,126.994697,37.503052,버스
9180,구반포역.세화고등학교,126.9899766,37.50203716,버스
9181,구반포역.세화고등학교,126.98907,37.501735,버스
9182,아리랑TV.국립국악원,127.0090806,37.47883642,버스
9183,남태령역,126.9880882,37.46569518,버스
9184,이수역,126.9820742,37.4823317,버스
9185,사당역,126.9820504,37.47421898,버스
9186,총신대입구역.남성시장입구앞,126.982301,37.487308,버스
9187,경문고등학교,126.9827418,37.49043723,버스
9188,정금마을,126.982748,37.4932972,버스
9189,염곡마을.서초50플러스센터,127.05081,37.461125,버스
9190,염곡마을.서초50플러스센터,127.049473,37.46156,버스
9191,탑성마을.서초포레스타입구,127.05869,37.457758,버스
9192,탑성마을.서초포레스타입구,127.058726,37.457572,버스
9193,안골마을.서울언남초등학교,127.063306,37.45575,버스
9194,안골마을.서울언남초등학교,127.063129,37.455708,버스
9195,샘마을.서울특별시어린이병원,127.070905,37.457177,버스
9196,샘마을.서울특별시어린이병원,127.070106,37.456805,버스
9197,서초포레스타5단지정문,127.058395,37.451777,버스
9198,서초종합체육관,127.042175,37.45851,버스
9199,서울추모공원,127.042698,37.45415582,버스
9200,양재동화물터미널,127.036776,37.460125,버스
9201,양재동화물터미널,127.037076,37.4602,버스
9202,서울추모공원,127.0428812,37.45426839,버스
9203,한국소비자원,127.043825,37.466093,버스
9204,지하철3호선교대역,127.0141904,37.49178209,버스
9205,서울교대사거리,127.0150603,37.48732872,버스
9206,지하철2호선교대역2,127.01538,37.494022,버스
9207,서초동유원아파트,127.020216,37.49545694,버스
9208,창신교회앞.서리풀노리학교,127.0213791,37.49049062,버스
9209,창신교회.서리풀노리학교,127.02128,37.490303,버스
9210,서울교대정문앞,127.0162096,37.48893434,버스
9211,서울교대정문앞,127.016373,37.488798,버스
9212,남부터미널,127.0174997,37.48334911,버스
9213,서울시인재개발원입구,127.022222,37.483108,버스
9214,서울시인재개발원.한우리문화센터,127.021742,37.482652,버스
9215,서일초등학교,127.0213147,37.48650685,버스
9216,서일초등학교,127.021085,37.48614105,버스
9217,롯데칠성,127.0240036,37.49665727,버스
9218,롯데칠성,127.02522,37.49507739,버스
9219,서초포레스타2단지앞,127.063037,37.455488,버스
9220,래미안에스티지에스,127.026468,37.492538,버스
9221,래미안에스티지,127.025942,37.493118,버스
9222,서초청소년도서관,127.0285678,37.49267338,버스
9223,서초청소년도서관,127.028881,37.492622,버스
9224,서초동신동아아파트,127.025385,37.491745,버스
9225,서초2동주민센터서이초등학교,127.025548,37.491595,버스
9226,래미안리더스원아파트,127.0275566,37.49021755,버스
9227,추모공원입구,127.038906,37.458317,버스
9228,뱅뱅사거리,127.0294,37.489022,버스
9229,뱅뱅사거리,127.0298928,37.48881543,버스
9230,서초그랑자이아파트,127.026038,37.488001,버스
9231,서초그랑자이아파트,127.0260532,37.48762958,버스
9232,서초구청,127.030748,37.484277,버스
9233,서초구청,127.030587,37.483857,버스
9234,수협서초지점,127.029385,37.493517,버스
9235,서초문화예술정보학교,127.0320162,37.488021,버스
9236,법조단지,127.013,37.496385,버스
9237,교대역10번출구,127.012781,37.493554,버스
9238,서초역.서울중앙지법등기국,127.007328,37.4931,버스
9239,서초역1번출구,127.00891,37.492017,버스
9240,서울중앙지방검찰청,127.006543,37.494768,버스
9241,서울중앙지방검찰청대검찰청,127.006115,37.494383,버스
9242,서초아트자이아파트,127.010842,37.485861,버스
9243,서초동삼성아파트,127.009342,37.488918,버스
9244,서초유스센터.서초아트자이,127.0105006,37.48548015,버스
9245,서초동삼성아파트,127.0089653,37.48851159,버스
9246,서초3동주민센터,127.0116355,37.48312906,버스
9247,서초3동주민센터,127.0120799,37.48322183,버스
9248,서초동예술의전당,127.012886,37.48168573,버스
9249,서초중학교,127.0085384,37.48360511,버스
9250,서초중학교,127.0088053,37.48338792,버스
9251,서울고등학교,127.0050002,37.48293038,버스
9252,서울고등학교,127.0055791,37.48274743,버스
9253,상문고교,127.0047242,37.48190494,버스
9254,서초동예술의전당,127.011232,37.479433,버스
9255,서초동예술의전당,127.0108028,37.47969863,버스
9256,남부터미널.기쁨병원,127.0168662,37.48195789,버스
9257,남부터미널.기쁨병원,127.0176022,37.48173611,버스
9258,남부터미널,127.0156,37.4842,버스
9259,남부터미널.한일시멘트,127.0142185,37.48473184,버스
9260,남부터미널,127.015601,37.484755,버스
9261,서울교대사거리,127.0146476,37.48738464,버스
9262,서울교대사거리,127.0133427,37.48805071,버스
9263,서울교대사거리,127.01314,37.487837,버스
9264,지하철3호선교대역,127.0138184,37.49182448,버스
9265,KCC사옥,127.020282,37.503035,버스
9266,서초푸르지오써밋,127.021736,37.502037,버스
9267,서초푸르지오써밋.롯데캐슬클래식,127.0221683,37.50147583,버스
9268,진흥아파트,127.0237031,37.49772334,버스
9269,진흥아파트,127.023901,37.497889,버스
9270,강남역.강남역사거리,127.0266041,37.497784,버스
9271,서초동진흥아파트,127.0227753,37.49657912,버스
9272,서초동유원아파트,127.01977,37.49575,버스
9273,지하철2호선교대역4출구,127.0158387,37.49447257,버스
9274,법조단지,127.0132447,37.49628501,버스
9275,신논현역.구교보타워사거리,127.02511,37.50262,버스
9276,강남역,127.026407,37.499878,버스
9277,잠원한신아파트,127.0100875,37.51650064,버스
9278,래미안신반포리오센트아파트,127.013905,37.519627,버스
9279,신반포18차아파트,127.014195,37.520158,버스
9280,롯데캐슬아파트,127.0155352,37.51969445,버스
9281,롯데캐슬아파트,127.0154198,37.51996389,버스
9282,신반포13차아파트,127.0144202,37.51671188,버스
9283,신반포13차아파트,127.014347,37.517147,버스
9284,신동중학교,127.0132334,37.51559202,버스
9285,신동중학교,127.013018,37.515502,버스
9286,논현역7번출구,127.019358,37.51066,버스
9287,신사역4번출구,127.019707,37.514985,버스
9288,신사역5번출구,127.0189942,37.51697853,버스
9289,논현역6번출구,127.019213,37.51029082,버스
9290,논현역,127.0219545,37.5091091,버스
9291,반포동,127.023498,37.505962,버스
9292,신논현역.구교보타워사거리,127.023023,37.504227,버스
9293,제일약품사옥,127.02025,37.503387,버스
9294,사평역,127.013887,37.504917,버스
9295,사평역,127.015802,37.503816,버스
9296,디에이치반포라클라스,127.0124492,37.49966282,버스
9297,삼호가든사거리.반포도서관,127.0116013,37.50279745,버스
9298,삼성래미안,126.995162,37.502853,버스
9299,서초구민체육센터.심산문화센터,126.990517,37.498388,버스
9300,잠원한신아파트,127.00984,37.516795,버스
9301,잠원성당.아크로리버뷰아파트,127.006645,37.513683,버스
9302,잠원성당,127.0069649,37.51347046,버스
9303,뉴코아아울렛,127.0077586,37.50920911,버스
9304,신반포자이아파트,127.0080007,37.50947582,버스
9305,고속터미널,127.0093531,37.50626419,버스
9306,서울지방조달청.서울성모병원,127.003934,37.49926,버스
9307,센트럴시티,127.00634,37.503553,버스
9308,서울지방조달청.서울성모병원,127.004092,37.500676,버스
9309,서울성모병원,127.005395,37.502675,버스
9310,서초구민체육센터.심산문화센터,126.9910969,37.49796057,버스
9311,반포미도아파트앞,127.011583,37.50170172,버스
9312,고속터미널호남선,127.0030788,37.50535171,버스
9313,삼호아파트,126.987806,37.496634,버스
9314,방배사이길,126.990277,37.493328,버스
9315,방배동삼호아파트,126.988245,37.49653,버스
9316,가야메디컬센터,126.9898749,37.49339188,버스
9317,이수교,126.9833194,37.49661979,버스
9318,롯데캐슬헤론아파트,126.9852046,37.49727424,버스
9319,방배동신동아아파트,127.0016995,37.48230781,버스
9320,방배역.방배서리풀이편한세상,126.99647,37.483588,버스
9321,내방역2번출구,126.9943844,37.48677537,버스
9322,내방역,126.9940949,37.48662307,버스
9323,방배1동주민센터.방배아크로타워,126.9961464,37.48344946,버스
9324,지하철2호선방배역,126.996712,37.481352,버스
9325,서울교통공사,126.9861652,37.47671115,버스
9326,종로교회,126.9890956,37.47864162,버스
9327,대우효령아파트,126.9933661,37.48020356,버스
9328,이수중학교,126.9930506,37.48091001,버스
9329,방배브라운가아파트,126.9910194,37.48406284,버스
9330,사당역,126.98209,37.479003,버스
9331,사당역3번출구,126.9820179,37.47507949,버스
9332,경남임광아파트,127.000632,37.4772,버스
9333,방배그랑자이아파트,127.000283,37.477254,버스
9334,서울지방법무사회,126.9987551,37.48003973,버스
9335,현대멤피스2차아파트,126.9984453,37.47981445,버스
9336,신동아아파트앞,127.0018917,37.48200504,버스
9337,방배역.백석예술대학교,126.996763,37.481038,버스
9338,방배동대우효령아파트앞,126.994093,37.480167,버스
9339,종로교회앞,126.9887158,37.47809462,버스
9340,서울교통공사,126.986414,37.4763264,버스
9341,방배동래미안아트힐.국립국악원,127.006302,37.477503,버스
9342,방배그랑자이아파트,127.0008921,37.47481873,버스
9343,성뒤마을.교육연수원,126.994633,37.4737472,버스
9344,방배동래미안타워,126.9905863,37.47467418,버스
9345,대항병원.연세사랑병원,126.9871072,37.47564164,버스
9346,대항병원.연세사랑병원,126.9867647,37.47538659,버스
9347,방배동래미안타워.동덕여중고,126.9906565,37.47428761,버스
9348,성뒤마을.교육연수원,126.997146,37.473395,버스
9349,방배그랑자이아파트,127.0016643,37.47477367,버스
9350,방배동래미안아트힐.국립국악원,127.006845,37.477275,버스
9351,서문여고입구,126.987153,37.490238,버스
9352,방배동고개,126.989307,37.486753,버스
9353,예술의전당,127.013341,37.48042,버스
9354,방배열린문화센터(방배4동주민센터),126.9920624,37.49050491,버스
9355,방배열린문화센터(방배4동주민센터),126.9916055,37.49061841,버스
9356,양재역.양재1동민원분소,127.0374188,37.48476913,버스
9357,양재노인종합복지관,127.0421051,37.48332398,버스
9358,블랙야크양재사옥,127.0411739,37.4801407,버스
9359,현대빌라.에코맘코리아,127.0356383,37.47613979,버스
9360,현대빌라.에코맘코리아,127.036092,37.476303,버스
9361,우성아파트.양재초등학교,127.031828,37.474572,버스
9362,우성아파트.양재초등학교,127.032753,37.474668,버스
9363,코오롱아파트.양재1동주민센터,127.0281898,37.47235525,버스
9364,우면코오롱아파트,127.0280952,37.47203728,버스
9365,우면주공아파트.우면한라아파트,127.0256889,37.4707123,버스
9366,우면주공아파트.양재1동주민센터,127.026143,37.470782,버스
9367,서울시품질시험소한국교원단체총연합회,127.0280065,37.46743264,버스
9368,서울시품질시험소한국교원단체총연합회,127.0283841,37.46744697,버스
9369,네이처힐3.4단지,127.026143,37.465352,버스
9370,성촌마을입구,127.024963,37.465357,버스
9371,송동마을.서초힐스아파트,127.0179066,37.45902997,버스
9372,송동마을.서초힐스아파트,127.0178421,37.45850283,버스
9373,식유촌우면성당.서초호반써밋,127.0127201,37.45743838,버스
9374,식유촌우면성당.서초호반써밋,127.0142947,37.45723906,버스
9375,양재역,127.03471,37.483686,버스
9376,양재역,127.035493,37.483427,버스
9377,일동제약사거리,127.038295,37.478931,버스
9378,일동제약사거리,127.038605,37.479563,버스
9379,양재2동주민센터.양재꽃시장,127.0394643,37.46958572,버스
9380,매헌시민의숲,127.038353,37.473135,버스
9381,언남고교,127.0389281,37.47327954,버스
9382,매헌시민의숲.양재꽃시장,127.03836,37.470867,버스
9383,매헌시민의숲.양재꽃시장,127.039043,37.471255,버스
9384,AT센터.양재꽃시장,127.039655,37.468707,버스
9385,양곡도매시장,127.035197,37.460342,버스
9386,양곡도매시장,127.035252,37.460023,버스
9387,하나로마트.코트라,127.0444478,37.46384119,버스
9388,코트라,127.044273,37.464867,버스
9389,구룡사앞,127.048848,37.47021,버스
9390,구룡사,127.048132,37.474022,버스
9391,구룡사입구,127.050237,37.472103,버스
9392,동원산업앞,127.0453961,37.47664737,버스
9393,언남고포이성당앞,127.0458263,37.47203264,버스
9394,양재119안전센터앞,127.041248,37.469496,버스
9395,소방서앞,127.0417268,37.46993097,버스
9396,꽃마을,127.046364,37.460633,버스
9397,꽃마을,127.0465823,37.46043058,버스
9398,개나리골입구,127.0476272,37.45744118,버스
9399,개나리골입구,127.048026,37.457284,버스
9400,새원마을,127.0507076,37.45429143,버스
9401,새원마을,127.0507925,37.45447612,버스
9402,본마을,127.051185,37.45326305,버스
9403,본마을,127.051343,37.453454,버스
9404,청계산.원터골,127.0577012,37.4444526,버스
9405,청계산.원터골,127.0576688,37.44489506,버스
9406,관현사입구,127.0632388,37.43732107,버스
9407,관현사입구,127.063704,37.437154,버스
9408,새쟁이마을,127.066179,37.434511,버스
9409,새쟁이마을,127.0660516,37.43479642,버스
9410,옛골,127.070438,37.430946,버스
9411,염곡마을.서초50플러스센터,127.048863,37.46160761,버스
9412,염곡마을.서초50플러스센터,127.0491561,37.46200197,버스
9413,탑성마을,127.056619,37.458377,버스
9414,탑성마을,127.054865,37.459469,버스
9415,안골마을,127.0623889,37.4562836,버스
9416,서울특별시어린이병원.강동송파과학화예비군훈련장,127.070208,37.456646,버스
9417,서울특별시어린이병원.강동송파과학화예비군훈련장,127.0718263,37.45758665,버스
9418,헌인릉.강남서초과학화예비군훈련장,127.079544,37.459744,버스
9419,헌인릉.강남서초과학화예비군훈련장,127.082683,37.4611155,버스
9420,헌인농장,127.0847576,37.46142131,버스
9421,헌인마을.서울농업기술센터,127.0914525,37.46364025,버스
9422,헌인마을.서울농업기술센터,127.08959,37.463344,버스
9423,서초소방서,126.992552,37.49835057,버스
9424,강남역,127.0268505,37.49750099,버스
9425,방배동래미안타워.동덕여중고,126.990623,37.474758,버스
9426,옛골,127.0707733,37.43053703,버스
9427,헌인가구단지,127.086699,37.459688,버스
9428,내방역8번출구,126.9947563,37.48803513,버스
9429,교대역5번출구,127.014737,37.49379959,버스
9430,서초힐스아파트,127.0168336,37.4577875,버스
9431,강남역하나은행,127.027797,37.49695831,버스
9432,사당역1번출구,126.982701,37.47617453,버스
9433,남부시장,126.9858169,37.49507652,버스
9434,강남의림한방병원,126.983416,37.490811,버스
9435,염곡동구룡사,127.047211,37.468475,버스
9436,국제전자센터,127.017723,37.485159,버스
9437,염곡동구룡사,127.0471332,37.46832811,버스
9438,형촌마을입구(서초네이처힐1.2단지),127.021443,37.463688,버스
9439,국제전자센터,127.017758,37.48543513,버스
9440,도로교통공단서울지부.코트라,127.0443893,37.46624087,버스
9441,서초역3번출구,127.007737,37.491127,버스
9442,서초구민체육센터,126.990307,37.498382,버스
9443,반포대교남단.한강시민공원입구,126.999468,37.507812,버스
9444,반포대교남단.한강시민공원입구,127.0003902,37.50694399,버스
9445,헌인마을,127.0901409,37.46153988,버스
9446,하이브랜드,127.036788,37.46209117,버스
9447,이수역,126.984201,37.485494,버스
9448,방배초등학교,126.9864538,37.48574026,버스
9449,방배고개,126.99018,37.486497,버스
9450,방배역,126.998422,37.481445,버스
9451,내방역3번출구,126.9939999,37.48677625,버스
9452,방일초교,126.994948,37.485952,버스
9453,내방역,126.992748,37.487527,버스
9454,방배고개,126.988805,37.486386,버스
9455,이수역,126.984646,37.485864,버스
9456,방배역,126.9983469,37.48144074,버스
9457,방배역,126.997238,37.482326,버스
9458,동작대교전망카페,126.9802792,37.50576281,버스
9459,동작대교전망카페,126.980812,37.505858,버스
9460,서초포레스타입구,127.06016,37.456753,버스
9461,삼성래미안아파트,127.0184931,37.49496599,버스
9462,청계산입구역,127.054443,37.448455,버스
9463,청계산입구역,127.053685,37.449475,버스
9464,서초포레스타7단지,127.055573,37.447572,버스
9465,반포한강공원.세빛섬,126.997266,37.512668,버스
9466,반포한강공원.세빛섬,126.99776,37.51225,버스
9467,신논현역.주류성빌딩,127.0257864,37.50105879,버스
9468,신논현역.BSX빌딩,127.0256745,37.50128318,버스
9469,신논현역.유화빌딩,127.025549,37.50153192,버스
9470,신논현역.금강빌딩,127.0255227,37.50173116,버스
9471,신논현역.우신빌딩,127.0253196,37.50199513,버스
9472,신논현역.인터파크,127.0252427,37.50217176,버스
9473,신논현역.영신빌딩,127.0251478,37.50237814,버스
9474,신논현역.씨티은행,127.0249636,37.50276835,버스
9475,내방역1번출구,126.995335,37.487993,버스
9476,매헌시민의숲,127.0389144,37.4730822,버스
9477,동덕여중고,126.9924723,37.4741688,버스
9478,유경약국,126.9862028,37.49366544,버스
9479,남부터미널,127.0155438,37.48468392,버스
9480,동부센트레빌2,126.9880579,37.49803239,버스
9481,헌인마을.서울농업기술센터,127.089608,37.463382,버스
9482,잔디마을,127.0352321,37.46352711,버스
9483,방일초등학교,126.9950042,37.48522189,버스
9484,네이처힐5단지,127.023893,37.463322,버스
9485,대법원앞,127.006529,37.49167,버스
9486,교육개발원입구사거리,127.0386623,37.47956304,버스
9487,방배래미안타워,126.9908068,37.47463365,버스
9488,이수역5번출구,126.9841847,37.48546784,버스
9489,이수중앙시장,126.9889557,37.49211403,버스
9490,국제전자센터,127.0176222,37.48508282,버스
9491,방배신삼호아파트,126.9916918,37.4979489,버스
9492,헌인릉.꽃시장,127.08362,37.461503,버스
9493,더케이호텔후문,127.0343342,37.465335,버스
9494,방배1동주민센터.방배아크로타워,126.996256,37.483491,버스
9495,삼성레포츠,127.0208164,37.49220643,버스
9496,원불교,127.0424409,37.48333107,버스
9497,양재역7번출구.프라자약국,127.035159,37.48372183,버스
9498,연세사랑병원,126.986388,37.47627774,버스
9499,방배초등학교,126.986368,37.485736,버스
9500,함지박사거리,126.9912671,37.49302884,버스
9501,서일초등학교,127.0209866,37.48611313,버스
9502,이수화학,126.9933543,37.4980301,버스
9503,예비군훈련장,127.0807711,37.45554347,버스
9504,더케이호텔정문,127.0341151,37.46830151,버스
9505,방배역1번출구,126.9985454,37.48146628,버스
9506,대림약국,127.0208736,37.49043575,버스
9507,반포래미안아이파크아파트,127.0121586,37.50096275,버스
9508,방배고개,126.9894179,37.48621184,버스
9509,함지박사거리,126.9905853,37.49226556,버스
9510,서래초교,126.9889993,37.49529673,버스
9511,방배성당앞,126.9936239,37.49363634,버스
9512,현대아파트.한국상담대학원대학교,127.0235052,37.48689031,버스
9513,한국회관.ROTC중앙회,126.995407,37.49870423,버스
9514,신흥마을입구,127.0816843,37.45861021,버스
9515,예술공원,127.0325353,37.46998883,버스
9516,사당역13번출구,126.982641,37.477118,버스
9517,서초구립반포도서관.반포리체,127.012497,37.50262075,버스
9518,서초문화예술정보학교후문,127.0291942,37.48671423,버스
9519,장자터빌딩,126.9903544,37.48510626,버스
9520,동부센트레빌1,126.9874959,37.49765297,버스
9521,필리핀대사관,126.9958665,37.49394912,버스
9522,서초그랑자이아파트,127.0263472,37.48774486,버스
9523,삼성래미안,126.995422,37.502693,버스
9524,kt연구소,127.0309239,37.47170857,버스
9525,상문고등학교,127.0046089,37.48214554,버스
9526,반포리체,127.0140047,37.50238449,버스
9527,백산빌딩,126.9910358,37.47913739,버스
9528,방배브라운가아파트,126.9909866,37.48410879,버스
9529,방배열린문화센터.가야치과병원,126.992378,37.48935782,버스
9530,방배중학교,126.9981113,37.49538734,버스
9531,반포래미안,127.000397,37.50458401,버스
9532,우성아파트,127.0328539,37.47466278,버스
9533,삼환아파트,127.0056276,37.4800297,버스
9534,반포래미안아이파크아파트후문,127.0145622,37.50209787,버스
9535,반포고교,127.0158855,37.50170302,버스
9536,서초문화예술정보학교,127.03217,37.488067,버스
9537,교총회관,127.0282687,37.46739293,버스
9538,대우효령아파트,126.9935074,37.47993864,버스
9539,동문빌라,126.991841,37.48299,버스
9540,효성빌라,126.998332,37.496675,버스
9541,서초포레스타3단지정문,127.0593385,37.45542821,버스
9542,호남고속터미널,127.0032236,37.50543641,버스
9543,서초포레스타3단지정문,127.0595498,37.45532628,버스
9544,현대빌라,127.036092,37.476304,버스
9545,방배빌딩.방배아트힐아파트정문,127.0064743,37.47828061,버스
9546,반포고교,127.016141,37.50128577,버스
9547,반포리체,127.014206,37.50252414,버스
9548,언남초등학교,127.0614219,37.45430797,버스
9549,서초2동주민센터,127.025341,37.49171354,버스
9550,삽준네마을,127.0268099,37.46926938,버스
9551,방배역.백석대,126.9967265,37.48097865,버스
9552,이수중학교,126.9924466,37.48185613,버스
9553,서래마을.서래글로벌빌리지센터,126.9984381,37.49789692,버스
9554,언남초등학교,127.0616074,37.45445836,버스
9555,경부고속터미널,127.0068478,37.50653379,버스
9556,서초더샵포레,127.064302,37.454499,버스
9557,반포센트럴푸르지오써밋아파트,127.0169971,37.50092161,버스
9558,서초더샵포레,127.0636983,37.45471003,버스
9559,양재시민의숲매헌역입구,127.037521,37.469172,버스
9560,대우효령아파트,126.9942333,37.48015765,버스
9561,서래마을입구,126.9984523,37.49912353,버스
9562,강남역9번출구,127.0265475,37.49772724,버스
9563,반포자이아파트,127.0093837,37.5061939,버스
9564,임광아파트후문,127.0030268,37.47581892,버스
9565,방현초교,126.988713,37.475831,버스
9566,세탁소,126.9874848,37.48254866,버스
9567,현대4차아파트,127.0179935,37.50057003,버스
9568,반포자이아파트,127.0101482,37.50563336,버스
9569,서초1동주민센터,127.0184669,37.48959452,버스
9570,매헌시민의숲,127.038547,37.472966,버스
9571,서래마을입구,126.9984709,37.49990367,버스
9572,팔래스호텔,127.000069,37.50054166,버스
9573,반포미도아파트앞,127.0116068,37.50184319,버스
9574,여의3교,127.055801,37.452533,버스
9575,임광아파트정문,127.0010131,37.47656687,버스
9576,대성유니드아파트,126.986917,37.48348665,버스
9577,서초래미안아파트정문,127.0187319,37.50028517,버스
9578,뉴코아백화점,127.0080753,37.50930911,버스
9579,서울교대정문,127.0163713,37.48895774,버스
9580,일동제약,127.0376175,37.47735116,버스
9581,롯데캐슬클래식.사랑의교회,127.0229573,37.49973745,버스
9582,반포래미안아이파크아파트,127.0120275,37.50035183,버스
9583,언남중고교,127.0457968,37.47187946,버스
9584,방배3동주민센터,126.999815,37.47845,버스
9585,우리수퍼,126.9861977,37.48467062,버스
9586,서초래미안아파트남문,127.0204175,37.4974383,버스
9587,경원중학교,127.0095535,37.51187332,버스
9588,청호나이스,127.0130611,37.48795883,버스
9589,구름다리,126.9922196,37.47979979,버스
9590,서울지방조달청.서울성모병원,127.003962,37.499527,버스
9591,아크로비스타.미도아파트,127.0124974,37.49804585,버스
9592,방배(백석예술대)역,126.9980947,37.48097868,버스
9593,잠원역,127.0117465,37.51292942,버스
9594,주택단지,126.9891702,37.47868038,버스
9595,국립중앙도서관,127.0044199,37.49792207,버스
9596,반포1동성당,127.0207028,37.50411683,버스
9597,여의3교,127.055672,37.45251,버스
9598,방배(백석예술대)역.서초프라자약국,126.9973009,37.4822348,버스
9599,동덕여고,126.9929347,37.47453557,버스
9600,이수역4번출구,126.9828786,37.4855776,버스
9601,신사역,127.019599,37.51535,버스
9602,유원아파트,127.017861,37.4953797,버스
9603,서초역2번출구,127.0081469,37.49129877,버스
9604,국립국악원,127.0087097,37.47817053,버스
9605,종로교회,126.9881108,37.47811168,버스
9606,서초푸르지오써밋,127.0216821,37.50196612,버스
9607,원불교,127.0419263,37.48099108,버스
9608,일동제약,127.0370543,37.47718824,버스
9609,방일초등학교,126.9949736,37.48584365,버스
9610,논현역,127.021496,37.510289,버스
9611,매일상가,127.013197,37.513269,버스
9612,청계산입구역,127.055303,37.448959,버스
9613,예술의전당,127.0135449,37.48058323,버스
9614,서울교통공사,126.9868536,37.47744653,버스
9615,경원중학교,127.0068991,37.51149706,버스
9616,대법원,127.0064913,37.49160705,버스
9617,롯데캐슬클래식,127.0225773,37.50008324,버스
9618,청계산입구역,127.055016,37.449126,버스
9619,내방역,126.9943312,37.48684926,버스
9620,강남역도시에빛,127.0288628,37.49482982,버스
9621,KT삼거리,127.03021,37.472187,버스
9622,KT연구개발센터정문,127.030017,37.470431,버스
9623,형촌마을입구,127.022193,37.46232848,버스
9624,서초호반써밋,127.0146463,37.45756702,버스
9625,LH서초아파트,127.025622,37.460042,버스
9626,서리풀문화광장,127.005496,37.491003,버스
9627,서초포레스타5단지정문,127.058457,37.451765,버스
9628,한남대교남단(가상),127.0116254,37.51987512,버스
9629,서초호반써밋,127.0151306,37.45634492,버스
9630,서초포레스타3단지후문,127.059588,37.453804,버스
9631,서초힐스아파트,127.019578,37.456464,버스
9632,LH3.4단지,127.0229573,37.45795457,버스
9633,교보사거리,127.023557,37.506063,버스
9634,서초IC(가상),127.0260796,37.48231936,버스
9635,서초IC(가상),127.0266045,37.48235909,버스
9636,강남역서초현대타워앞,127.0280085,37.49646881,버스
9637,강남역우리은행,127.0283766,37.49562094,버스
9638,강남역티월드,127.02887,37.4947,버스
9639,LH5단지,127.024081,37.45950105,버스
9640,LH3.4단지,127.0227162,37.45798656,버스
9641,서초힐스아파트,127.01736,37.456142,버스
9642,성촌마을입구,127.0246,37.464327,버스
9643,2호선교대역7번출구,127.0145663,37.49407986,버스
9644,교대역,127.0143808,37.49403212,버스
9645,서초경찰서,127.005994,37.49568276,버스
9646,원불교,127.0420565,37.48341411,버스
9647,남부터미널.기쁨병원,127.0178114,37.48183701,버스
9648,이수교(방배본동),126.9834607,37.49689645,버스
9649,사당역,126.9820773,37.47886604,버스
9650,서울교통공사,126.986117,37.47662,버스
9651,임광아파트,127.0009712,37.47673989,버스
9652,방배동래미안아파트,126.9852744,37.47571171,버스
9653,삼성전자서울R&D,127.023308,37.465844,버스
9654,사당역13번출구,126.983118,37.47708201,버스
9655,KT연구개발센터,127.030494,37.470634,버스
9656,네이처힐.LH서초아파트,127.024156,37.460467,버스
9657,서초호반써밋,127.015374,37.45642792,버스
9658,도심공항터미널(가상),127.0590298,37.50869367,버스
9659,강남고속버스터미널,127.0039283,37.50606806,버스
9660,내방역제일병원,126.995317,37.488025,버스
9661,대우효령아파트,126.993244,37.4801666,버스
9662,한신2차후문,127.005228,37.512161,버스
9663,방배역,126.9964065,37.4811877,버스
9664,서울고교,127.0054039,37.4827141,버스
9665,서울고교,127.004991,37.483001,버스
9666,서초아트자이아파트,127.0111869,37.48515569,버스
9667,서울교육대앞,127.0145108,37.48784332,버스
9668,남부터미널,127.0143056,37.48474445,버스
9669,신사동.더리버사이드호텔,127.0186555,37.51779298,버스
9670,반포미도아파트앞,127.011655,37.501834,버스
9671,삼풍아파트,127.0128918,37.49633101,버스
9672,교대역,127.0157244,37.49408331,버스
9673,프로비스타호텔.서초동유원아파트,127.019981,37.495429,버스
9674,서초아르누보호텔.유원아파트,127.0197747,37.49570739,버스
9675,삼풍아파트,127.013095,37.497139,버스
9676,반포래미안아이파크아파트,127.0120987,37.50145746,버스
9677,서초고후문,127.004482,37.48912,버스
9678,우성아파트,127.031816,37.474539,버스
9679,내방역1번출구,126.994578,37.487795,버스
9680,내방역8번출구,126.9951882,37.48832883,버스
9681,교보타워앞,127.02488,37.503279,버스
9682,잠원역,127.0114648,37.51300424,버스
9683,동원산업,127.0454402,37.47659509,버스
9684,서울시인재개발원,127.021689,37.4826059,버스
9685,한신2차정문,127.003086,37.508651,버스
9686,미켈란아파트,127.0040325,37.48620323,버스
9687,롯데칠성,127.024805,37.49540277,버스
9688,kt연구소,127.0306514,37.47170504,버스
9689,오거리,126.996936,37.48849,버스
9690,사당역,126.9827574,37.47659626,버스
9691,강남역.서초초교앞,127.0265,37.499836,버스
9692,사당역14번출구,126.9829132,37.47666333,버스
9693,경원중학교,127.0092996,37.51197087,버스
9694,외교안보연구원.서초구청,127.0305444,37.4837943,버스
9695,호남고속.신세계,127.0032972,37.5058392,버스
9696,서울고사거리,127.0041759,37.48305387,버스
9697,문화예술공원,127.0321148,37.47014303,버스
9698,강남역.삼성전자,127.027872,37.497056,버스
9699,반포종합운동장,126.996503,37.500511,버스
9700,반포종합운동장,126.996274,37.499477,버스
9701,언남중고교,127.0456986,37.47198673,버스
9702,서초구청,127.0324035,37.48406144,버스
9703,경남상가,126.9997733,37.50472438,버스
9704,제약회관,127.0017934,37.48232854,버스
9705,진흥아파트,127.0226916,37.4965521,버스
9706,더케이호텔정문,127.0343726,37.46772923,버스
9707,황실자이아파트,126.998635,37.489275,버스
9708,우성아파트사거리,127.029447,37.493708,버스
9709,서초역4번출구,127.006826,37.49138445,버스
9710,매헌초교,127.0422087,37.47046876,버스
9711,반포2동주민센터,126.9970536,37.50385318,버스
9712,방배(백석예술대)역2번출구,126.998062,37.480727,버스
9713,서초그랑자이후문,127.027541,37.489782,버스
9714,유원아파트,127.019434,37.495649,버스
9715,더케이호텔후문,127.034187,37.465992,버스
9716,오거리,126.996798,37.488814,버스
9717,현대렉시온오피스텔.파이낸셜뉴스,127.030732,37.491002,버스
9718,서초역3번출구,127.0077861,37.49108433,버스
9719,양재근린공원,127.0415088,37.47240909,버스
9720,방배누리시아웨딩홀,126.9991554,37.47888542,버스
9721,서초그랑자이정문,127.0259361,37.48796269,버스
9722,강남역10번출구,127.0264406,37.49920958,버스
9723,뱅뱅사거리,127.0303046,37.48923163,버스
9724,언남고,127.0433501,37.47359429,버스
9725,남부터미널.기쁨병원,127.0169521,37.48197951,버스
9726,방배그랑자이아파트,127.000412,37.477194,버스
9727,풍림아이원,127.0238377,37.48724798,버스
9728,하이브랜드.코스트코.이마트,127.0361834,37.462368,버스
9729,서초유스센터,127.0101626,37.48617223,버스
9730,예술의전당,127.0140414,37.48111032,버스
9731,교대역6번출구,127.0137374,37.49417187,버스
9732,신중초등학교,127.0106965,37.47964638,버스
9733,동덕여고,126.9929415,37.47403997,버스
9734,국제전자센터,127.0179152,37.48545132,버스
9735,양재역9번출구,127.0355509,37.48266382,버스
9736,국립국악원,127.0073811,37.47794354,버스
9737,래미안아파트.파이낸셜뉴스,127.0302287,37.49167094,버스
9738,삼호아파트,126.9873512,37.49733396,버스
9739,성지마을입구,126.9922654,37.47387142,버스
9740,남부터미널.한일시멘트,127.014396,37.48475525,버스
9741,양재역엘타워빌딩,127.03563,37.48256107,버스
9742,서초1동사무소,127.0196817,37.49035575,버스
9743,양재시민의숲매헌역입구,127.037376,37.469293,버스
9744,방배빌딩,127.006759,37.478281,버스
9745,서래초등학교,126.9883727,37.49573641,버스
9746,복지관,127.016719,37.4915718,버스
9747,삼환아파트,127.0058933,37.48001076,버스
9748,세빛섬,126.9980215,37.51058231,버스
9749,세빛섬,126.9945427,37.50874826,버스
9750,양재역커피빈앞,127.0353406,37.48283689,버스
9751,교육개발원입구사거리,127.0394643,37.47821021,버스
9752,교대역.법원검찰청,127.0127927,37.49327888,버스
9753,서초고후문,127.0047485,37.4893769,버스
9754,상문고등학교.수표교교회,127.0050035,37.48185626,버스
9755,빛교회.이수중앙시장,126.9890269,37.49229336,버스
9756,현대캐피탈,127.0410922,37.47971901,버스
9757,본마을노인복지센터,127.052974,37.4544488,버스
9758,본마을노인복지센터,127.0530736,37.45458238,버스
9759,방배열린문화센터.가야치과병원,126.9928643,37.4891551,버스
9760,카페골목입구,126.9873182,37.49161375,버스
9761,원불교,127.0426751,37.48143055,버스
9762,방배열린문화센터(방배4동주민센터),126.9921144,37.49039408,버스
9763,노인정,126.9872326,37.48939252,버스
9764,뉴코아백화점,127.0080547,37.50728253,버스
9765,함지박사거리,126.99136,37.491597,버스
9766,청호나이스,127.0129084,37.48771645,버스
9767,코오롱아파트,127.028118,37.47231031,버스
9768,이수역2번출구,126.98242,37.48721,버스
9769,HCN서초방송,127.0120493,37.4822973,버스
9770,서초포레스타3단지후문,127.059523,37.453882,버스
9771,서울교대,127.0162208,37.48872528,버스
9772,삼성딜라이트,127.0264935,37.49743288,버스
9773,유경약국,126.9863781,37.49363392,버스
9774,고속터미널,127.0012438,37.50438387,버스
9775,서래마을,127.0038071,37.50017746,버스
9776,서초1동주민센터,127.0192223,37.48963675,버스
9777,삽준네마을,127.0267443,37.4691973,버스
9778,남부시장,126.9858858,37.49539012,버스
9779,교총회관,127.0279737,37.46738579,버스
9780,롯데캐슬헤론아파트,126.9853505,37.49733013,버스
9781,서래마을입구,126.998353,37.49922,버스
9782,서래마을.서래글로벌빌리지센터,126.9982345,37.49792485,버스
9783,서초문화예술정보학교후문,127.0289839,37.48668184,버스
9784,송동마을.서초힐스아파트,127.0178478,37.4589669,버스
9785,효성빌라,126.9981271,37.49628664,버스
9786,방배중학교,126.9974475,37.49494038,버스
9787,필리핀대사관,126.9957647,37.49406896,버스
9788,서초고후문,127.004662,37.48892218,버스
9789,방배4동성당,126.9935357,37.49374627,버스
9790,함지박사거리,126.9911416,37.49312435,버스
9791,구룡사입구,127.050231,37.472057,버스
9792,서울남부터미널,127.0159,37.4843,버스
9793,서문여고,126.98502,37.487456,버스
9794,카페골목입구,126.9873115,37.49147048,버스
9795,반포종합운동장,126.996671,37.500218,버스
9796,서울교통공사,126.987351,37.477477,버스
9797,서초구청맞은편,127.0306011,37.48418897,버스
9798,방배(백석예술대)역.3번출구,126.9964879,37.48121113,버스
9799,서초롯데캐슬프레지던트아파트,127.0197759,37.49606423,버스
9800,대검찰청.서초경찰서,127.006246,37.494511,버스
9801,불교TV.서초어린이집,127.0002024,37.47450064,버스
9802,구룡사거리,127.0481442,37.47399432,버스
9803,서이초등학교,127.0268381,37.49116354,버스
9804,서울고사거리,127.0043331,37.48321696,버스
9805,반포대교(가상),126.9974278,37.50901913,버스
9806,사당역12번출구,126.9819883,37.47783426,버스
9807,삼성래미안.이수역방향,127.001955,37.503804,버스
9808,더미켈란아파트,127.0041602,37.48555804,버스
9809,서울성모병원.서울지방조달청,127.0041237,37.50034966,버스
9810,아크로비스타,127.0128254,37.49802148,버스
9811,서초성당,127.021284,37.493191,버스
9812,강남역나라빌딩앞,127.028331,37.49581459,버스
9813,반포대교(가상),126.9969557,37.50982765,버스
9814,양재역신한은행앞,127.0352378,37.48290901,버스
9815,신사중학교,127.0204991,37.52292774,버스
9816,신사중학교,127.02155,37.52386,버스
9817,광림교회.현대고등학교,127.0252664,37.52538681,버스
9818,광림교회.현대고등학교,127.0244393,37.52527795,버스
9819,압구정역4번출구,127.02819,37.525735,버스
9820,국민은행,127.0281189,37.52309828,버스
9821,신사동고개,127.025755,37.518898,버스
9822,신사역8번출구.가로수길,127.0221753,37.51743974,버스
9823,신사역6번출구,127.019435,37.517422,버스
9824,신사역3번출구,127.020079,37.515232,버스
9825,신사역1번출구,127.0218267,37.51679281,버스
9826,신사동고개,127.0260153,37.51855451,버스
9827,강남을지병원,127.028629,37.518221,버스
9828,학동역,127.0301679,37.51478423,버스
9829,학동역6번출구,127.029634,37.51378,버스
9830,영동시장,127.0234689,37.51185086,버스
9831,영동시장,127.0224778,37.51126444,버스
9832,학동역5번출구,127.0301493,37.51357315,버스
9833,논현동고개,127.0323028,37.51025653,버스
9834,삼정호텔,127.0316905,37.50678565,버스
9835,신논현역,127.025847,37.505076,버스
9836,교보타워,127.0241456,37.5057773,버스
9837,영동시장논현역,127.022458,37.509376,버스
9838,언북중학교입구,127.0308206,37.52029789,버스
9839,제일은행.호림아트센터앞,127.0349369,37.52157901,버스
9840,영동119안전센터,127.0381007,37.52255572,버스
9841,강남구청역,127.0406406,37.51846568,버스
9842,강남구청역,127.039948,37.516954,버스
9843,세관앞,127.0360666,37.51575936,버스
9844,서울세관,127.0356283,37.51702735,버스
9845,서울세관,127.035172,37.517333,버스
9846,학동역,127.030375,37.51515813,버스
9847,강남을지병원,127.0287813,37.51856649,버스
9848,세관앞,127.036421,37.515601,버스
9849,강남구청역,127.040165,37.51677,버스
9850,한국토지주택공사앞,127.042662,37.51319,버스
9851,선정릉역1번출구.시니어플라자,127.0431,37.510235,버스
9852,아크로힐스논현,127.0396749,37.50922287,버스
9853,논현아이파크,127.036438,37.511223,버스
9854,임피리얼팰리스호텔.펜트힐루논현,127.035601,37.51432856,버스
9855,펜트힐루논현.임피리얼팰리스호텔,127.0351526,37.51354654,버스
9856,논현아이파크,127.03592,37.511143,버스
9857,국민은행논현동지점,127.037383,37.508573,버스
9858,언주역4번출구.차병원사거리,127.03515,37.507842,버스
9859,언주역3번출구,127.0335056,37.50847832,버스
9860,논현고개,127.0321076,37.51144604,버스
9861,서울세관사거리,127.034607,37.515313,버스
9862,현대아파트,127.0305807,37.52843848,버스
9863,현대아파트,127.0311226,37.52829867,버스
9864,고속철도수서역,127.104391,37.484874,버스
9865,신사동교회,127.030625,37.52069983,버스
9866,도산공원.호림아트센터앞,127.0333295,37.52211382,버스
9867,신구중학교,127.0332343,37.52673198,버스
9868,압구정중고등학교.현대아파트,127.033683,37.529758,버스
9869,도산공원사거리,127.034595,37.52203,버스
9870,압구정파출소,127.036279,37.529112,버스
9871,압구정파출소,127.0360581,37.52874691,버스
9872,한양아파트.압구정로데오역,127.039579,37.52827,버스
9873,한양아파트.압구정로데오역,127.0392574,37.5279295,버스
9874,일지아트홀,127.039498,37.524912,버스
9875,씨네시티앞,127.037602,37.522898,버스
9876,도산공원,127.0335301,37.52281302,버스
9877,신구중학교,127.0335404,37.52564607,버스
9878,성수대교남단.현대아파트,127.0341409,37.52991981,버스
9879,청담초등학교,127.0451221,37.52680283,버스
9880,청담동주민센터,127.049332,37.524615,버스
9881,청담동주민센터,127.051348,37.524522,버스
9882,영동교입구.청담자이아파트,127.0560023,37.52278378,버스
9883,영동교입구,127.055452,37.522278,버스
9884,청담역.경기고교,127.056165,37.520982,버스
9885,우리은행청담지점.청담삼익아파트,127.056898,37.521076,버스
9886,청담역.경기고교,127.056114,37.520026,버스
9887,진흥아파트,127.0520899,37.5192911,버스
9888,청담천주교회,127.0495735,37.5204992,버스
9889,청담2치안센터,127.048215,37.523026,버스
9890,강남구청.강남세무서,127.047293,37.518429,버스
9891,청담동래미안아파트,127.042911,37.517654,버스
9892,강남구청역,127.04094,37.518505,버스
9893,프라마호텔,127.0511569,37.52487292,버스
9894,농협앞,127.0443867,37.5240778,버스
9895,일지아트홀.압구정동노인복지관,127.0396346,37.52431596,버스
9896,청담초등학교앞,127.0450857,37.52646133,버스
9897,청담2치안센터,127.0477909,37.52293516,버스
9898,청담동성당앞,127.0492045,37.52025832,버스
9899,차병원차움,127.04417,37.523668,버스
9900,진흥아파트청담역,127.05213,37.519045,버스
9901,청담역.경기고교,127.056455,37.519823,버스
9902,청담역.경기고교,127.057852,37.519306,버스
9903,봉은사.삼성1파출소앞,127.0594354,37.51496776,버스
9904,봉은사.코엑스북문,127.058828,37.51417,버스
9905,봉은사.코엑스북문,127.057639,37.51354672,버스
9906,봉은사역3번출구.삼성1파출소,127.0601629,37.51510797,버스
9907,봉은사역5번출구.광동한방병원,127.062201,37.514458,버스
9908,노블발렌티웨딩홀,127.0647589,37.5148307,버스
9909,서울의료원강남분원,127.065604,37.512568,버스
9910,강남경찰서면허시험장,127.06591,37.509894,버스
9911,삼성역7번출구,127.0622993,37.51112489,버스
9912,무역센터,127.0608285,37.51246288,버스
9913,무역센터,127.0618556,37.51056733,버스
9914,강남구보건소,127.041773,37.515478,버스
9915,한국무역센터.삼성역,127.0617006,37.50866701,버스
9916,포스코사거리,127.056318,37.50782266,버스
9917,한별구립어린이집,127.0549014,37.51041039,버스
9918,센트럴아이파크.강남구도시관리공단,127.0520467,37.51577954,버스
9919,삼성동서광아파트,127.042455,37.517323,버스
9920,강남구청.강남세무서,127.047658,37.518249,버스
9921,청담역7번출구,127.0506188,37.51763565,버스
9922,센트럴아이파크.강남구도시관리공단,127.0518696,37.5153174,버스
9923,한별구립어린이집,127.0546027,37.5102276,버스
9924,삼성중앙역.플래티넘아파트,127.0515287,37.51266376,버스
9925,삼성중앙역.플래티넘아파트,127.0518271,37.51237798,버스
9926,삼성2문화센터,127.0461375,37.51109176,버스
9927,삼성2문화센터,127.0465129,37.51081047,버스
9928,선릉역8번출구.선정릉,127.048337,37.506203,버스
9929,선정릉역.무형문화재전수회관,127.0442024,37.5096985,버스
9930,한국토지주택공사앞,127.043208,37.512637,버스
9931,포스코건너편,127.0554269,37.50668319,버스
9932,선릉역,127.050205,37.505143,버스
9933,도곡역2번출구.동부센트레빌,127.0565229,37.49158559,버스
9934,중대부고,127.0550937,37.49188724,버스
9935,단대부고.대치아이파크아파트,127.0537771,37.49467496,버스
9936,한티역3번출구.서울강남고용노동지청,127.0541425,37.49644636,버스
9937,삼성아파트입구,127.0595601,37.4981982,버스
9938,농협대치지점,127.0611545,37.49793697,버스
9939,대치SK.VIEW아파트.서울교회,127.0620557,37.49626135,버스
9940,대치역1번출구,127.0614984,37.4938593,버스
9941,래미안대치팰리스,127.0585796,37.49255959,버스
9942,도곡역3번출구,127.0565475,37.49118189,버스
9943,대치동우성아파트,127.059611,37.49257709,버스
9944,대치역8번출구,127.06223,37.493865,버스
9945,대치역7번출구.선경아파트,127.06408,37.492458,버스
9946,그랑프리백화점,127.0557033,37.49025786,버스
9947,은마아파트,127.0628615,37.49559591,버스
9948,은마파출소,127.0615234,37.49809897,버스
9949,은마아파트,127.063132,37.499483,버스
9950,대치동은마아파트,127.068456,37.498904,버스
9951,은마아파트,127.0669738,37.49576666,버스
9952,대치동미도아파트,127.0677076,37.49560494,버스
9953,대치역6번출구.강남구민회관,127.064278,37.492785,버스
9954,쌍용아파트,127.069323,37.498082,버스
9955,선릉역,127.051217,37.505447,버스
9956,삼성역,127.0643833,37.50731821,버스
9957,강남경찰서.강남운전면허시험장,127.067028,37.509799,버스
9958,삼성역,127.063686,37.507145,버스
9959,휘문고.대치2동주민센터,127.0656234,37.50353402,버스
9960,래미안하이스턴.대치순복음교회,127.0638661,37.49994499,버스
9961,대치현대아파트,127.060062,37.500825,버스
9962,휘문중고등학교,127.0618981,37.50396586,버스
9963,휘문중고등학교,127.0614966,37.5040742,버스
9964,대치사거리,127.058578,37.50366,버스
9965,한국무역센터.삼성역,127.060548,37.507841,버스
9966,한티역,127.0521475,37.4981161,버스
9967,도성초등학교,127.0512136,37.50012236,버스
9968,도성초교사거리,127.051957,37.50082,버스
9969,영동농협풍림아이원아파트,127.0563511,37.50219797,버스
9970,영동농협풍림아이원아파트,127.056883,37.502615,버스
9971,도성초교사거리,127.051612,37.500882,버스
9972,진선여자중고등학교,127.0499655,37.5027442,버스
9973,선릉역,127.0504623,37.5047612,버스
9974,포스코빌딩,127.0548888,37.50604938,버스
9975,대치사거리,127.0582126,37.50342527,버스
9976,대치동현대아파트,127.0591749,37.50164601,버스
9977,은마아파트입구사거리,127.0600675,37.49872738,버스
9978,도곡초등학교,127.0566485,37.49768961,버스
9979,한티역2번출구.서울강남고용노동지청,127.053929,37.49677356,버스
9980,신논현역,127.0257548,37.50463617,버스
9981,삼정호텔앞,127.0311108,37.50624203,버스
9982,차병원,127.0344861,37.50553234,버스
9983,차병원,127.034549,37.506356,버스
9984,언주역5번출구.차병원사거리,127.035323,37.507558,버스
9985,시티프라디움더강남.라움아트센터,127.03893,37.507862,버스
9986,라움아트센터.시티프라디움더강남,127.039648,37.507745,버스
9987,아크로힐스논현,127.040648,37.50910775,버스
9988,선정릉역4번출구.시니어플라자,127.042892,37.509842,버스
9989,선정릉역.무형문화재전수회관,127.0440935,37.50923357,버스
9990,선릉역,127.048176,37.50588439,버스
9991,서울상록회관.한국기술센터,127.044057,37.503232,버스
9992,KT강남지사,127.0419791,37.50475497,버스
9993,KT강남지사,127.0414645,37.50475785,버스
9994,아가방빌딩.하나은행,127.038772,37.50164,버스
9995,역삼역7번출구.GS타워,127.036765,37.501505,버스
9996,역삼역6번출구,127.036385,37.501542,버스
9997,역삼역4번출구,127.034735,37.500428,버스
9998,강남역12번출구,127.029558,37.49881,버스
9999,강남역,127.0269679,37.49993485,버스
10000,신논현역.구교보타워사거리,127.0257902,37.50235998,버스
10001,강남역.역삼세무서,127.0291478,37.49813573,버스
10002,역삼역.포스코타워역삼,127.033598,37.49949,버스
10003,영동중앙교회,127.0379751,37.49815395,버스
10004,강남구보건소,127.042155,37.515333,버스
10005,역삼럭키아파트.역삼월드메르디앙아파트,127.0387195,37.49183877,버스
10006,역삼초등학교,127.034183,37.494218,버스
10007,역삼초등학교,127.0341054,37.49433084,버스
10008,뱅뱅사거리.역삼동,127.0335981,37.49026251,버스
10009,역삼초등학교,127.030653,37.49219527,버스
10010,역삼2동주민센터.대림역삼아파트,127.0459927,37.49624526,버스
10011,래미안.그레이튼.아파트,127.045708,37.496049,버스
10012,역삼자이아파트,127.044322,37.499811,버스
10013,역삼동성당.역삼자이아파트,127.0437951,37.49987934,버스
10014,역삼동개나리아파트,127.047595,37.499378,버스
10015,역삼동개나리아파트,127.0473485,37.49945085,버스
10016,총지사,127.040453,37.496322,버스
10017,총지사,127.0408425,37.4966905,버스
10018,영동중앙교회,127.0385755,37.49771852,버스
10019,대한사회복지회,127.038818,37.501137,버스
10020,한국자산신탁.센터필드,127.044247,37.502783,버스
10021,진선여자중고등학교,127.0498725,37.50226486,버스
10022,역삼e-편한세상아파트,127.0512978,37.49925456,버스
10023,한티역,127.0522475,37.49720234,버스
10024,한티역7번출구,127.05148,37.49601,버스
10025,역삼중학교.강남세브란스병원,127.0476983,37.49471181,버스
10026,도곡1차아이파크.역삼청소년수련관,127.0417859,37.49280822,버스
10027,총지사,127.0398633,37.49494269,버스
10028,도곡1동주민센터.역삼럭키아파트,127.0390292,37.49158005,버스
10029,도곡1차아이파크.도곡중학교,127.0424021,37.49263498,버스
10030,매봉삼성아파트SK리더스뷰,127.0489607,37.48814495,버스
10031,매봉역양재최의원,127.0445617,37.48616426,버스
10032,양재역말죽거리.강남베드로병원,127.0379686,37.48525104,버스
10033,뱅뱅사거리.구영동중학교,127.0328076,37.48772432,버스
10034,고속철도수서역,127.103737,37.484498,버스
10035,뱅뱅사거리뱅뱅프라자,127.0328764,37.48974728,버스
10036,원불교앞,127.0423551,37.48355818,버스
10037,매봉역,127.044855,37.485917,버스
10038,도곡개포한신아파트,127.04938,37.487972,버스
10039,도곡동개포한신아파트,127.0502898,37.48704685,버스
10040,우성캐릭터빌아파트,127.0508009,37.48700968,버스
10041,군인공제회관,127.052019,37.489211,버스
10042,선정릉역라마다서울호텔,127.045337,37.510554,버스
10043,숙명여고,127.05237,37.489722,버스
10044,도곡렉슬아파트.강남세브란스병원,127.0481867,37.49443678,버스
10045,한티역6번출구,127.05194,37.495722,버스
10046,도곡렉슬아파트정문,127.0534356,37.49475081,버스
10047,중대부고앞,127.054525,37.492538,버스
10048,구룡중학교앞,127.057243,37.485803,버스
10049,개포고등학교앞,127.058605,37.484231,버스
10050,개포1단지,127.0605892,37.48258339,버스
10051,개포파크빌리지,127.0583604,37.47675071,버스
10052,하나은행사거리,127.0542195,37.48085632,버스
10053,현대아파트경남아파트,127.053115,37.482875,버스
10054,우성3차아파트,127.0568897,37.48317361,버스
10055,개일초등학교앞,127.057216,37.486174,버스
10056,개포고등학교,127.0586456,37.48437482,버스
10057,개포1단지연금매장,127.06097,37.482501,버스
10058,래미안블레스티지아파트,127.063217,37.480651,버스
10059,개포도서관,127.063897,37.483697,버스
10060,수도전기공고후문,127.065624,37.48478206,버스
10061,수도전기공고후문,127.065984,37.485273,버스
10062,디에이치아너힐즈,127.068697,37.48373,버스
10063,개포자이프레지던스,127.0692036,37.48374423,버스
10064,경기여고,127.067244,37.48653,버스
10065,개포동역7번출구.개포시장,127.066165,37.488648,버스
10066,개포주공5단지경기여고,127.0674712,37.48670758,버스
10067,개포동역6번출구.개포시장,127.06658,37.488545,버스
10068,개포시장.개포5단지상가,127.068071,37.48952,버스
10069,개포시장.개포5단지상가,127.0684494,37.48931301,버스
10070,양전초등학교,127.070593,37.490243,버스
10071,개포6단지앞,127.07042,37.489962,버스
10072,디에이치자이개포아파트,127.075568,37.4923,버스
10073,개원중학교.대모산입구역2번출구,127.072156,37.492262,버스
10074,개포주공7단지앞,127.073811,37.489156,버스
10075,일원초등학교,127.074692,37.488338,버스
10076,현대아파트,127.0528285,37.48226538,버스
10077,개포래미안포레스트,127.054609,37.479942,버스
10078,능인선원앞,127.052254,37.47242465,버스
10079,구룡산입구,127.061771,37.477298,버스
10080,능인선원앞,127.052327,37.47206,버스
10081,구룡사입구,127.0507511,37.47192069,버스
10082,국악고교사거리,127.048045,37.47452692,버스
10083,삼호물산,127.0452517,37.47724305,버스
10084,구룡초등학교,127.0530683,37.48075394,버스
10085,광수빌딩,127.0493324,37.47906075,버스
10086,국민은행그린공원,127.0468255,37.47876982,버스
10087,포이사거리삼호물산,127.0451417,37.47843796,버스
10088,포이사거리삼호물산,127.0451927,37.4782848,버스
10089,국민은행그린공원,127.0472426,37.4785642,버스
10090,광수빌딩,127.049378,37.478898,버스
10091,개포지구대,127.0512071,37.47944529,버스
10092,구룡초등학교,127.052903,37.480467,버스
10093,수서삼성아파트앞,127.0909893,37.4843994,버스
10094,일원본동주민센터,127.0847498,37.48348852,버스
10095,푸른마을아파트앞,127.0805834,37.48291292,버스
10096,상록수아파트앞,127.0821222,37.48280463,버스
10097,일원본동주민센터,127.0859754,37.4833831,버스
10098,수서119.안전센터앞,127.093848,37.484246,버스
10099,삼성서울병원정문,127.0829903,37.48654451,버스
10100,삼성서울병원정문건너편,127.0824492,37.48702518,버스
10101,일원역,127.083302,37.484912,버스
10102,삼성서울병원후문,127.0875201,37.49019972,버스
10103,글래드라이브강남호텔,127.036999,37.508085,버스
10104,을지병원포포인츠강남&호텔선샤인,127.0288548,37.5201297,버스
10105,삼성서울병원사거리,127.082446,37.489117,버스
10106,강남한양수자인아파트,127.11335,37.478158,버스
10107,강남한양수자인아파트,127.113478,37.477818,버스
10108,대치아파트.대모산입구역3번출구,127.0724873,37.492414,버스
10109,삼성서초역삼세무서,127.0297942,37.49841237,버스
10110,대청역,127.078603,37.493243,버스
10111,마루공원,127.083308,37.494823,버스
10112,대청초등학교,127.0865721,37.49387062,버스
10113,일원1동주민센터,127.08763,37.491997,버스
10114,수서역현대벤쳐빌,127.102118,37.487678,버스
10115,수서역,127.1006809,37.4884602,버스
10116,수서역KT수서지점,127.099868,37.488547,버스
10117,수서역KT수서지점,127.1007358,37.48718852,버스
10118,세곡동주민센터,127.108095,37.469635,버스
10119,궁마을,127.097328,37.485427,버스
10120,궁마을,127.0976066,37.4852808,버스
10121,수서역,127.102045,37.486788,버스
10122,수서역5번출구,127.102594,37.486861,버스
10123,수서역.로즈데일빌딩,127.1028677,37.48739844,버스
10124,세곡동주민센터,127.107673,37.469462,버스
10125,은곡마을.LH이편한세상,127.102535,37.465344,버스
10126,강남신동아파밀리에1단지,127.099922,37.465433,버스
10127,대왕초등학교,127.1068385,37.46467083,버스
10128,세곡동사거리,127.1078295,37.46357779,버스
10129,세곡동,127.109506,37.464611,버스
10130,광연자동차학원앞,127.116361,37.4656909,버스
10131,삼일자동차학원.강남자동차검사소,127.1211805,37.4679154,버스
10132,삼일자동차학원.강남자동차검사소,127.120768,37.46799872,버스
10133,광연자동차학원앞,127.1188445,37.46702297,버스
10134,세곡동,127.109393,37.464935,버스
10135,세곡동사거리,127.108547,37.465806,버스
10136,방죽마을,127.10735,37.472383,버스
10137,래미안포레아파트,127.106784,37.474548,버스
10138,쟁골마을,127.105076,37.481887,버스
10139,쟁골마을,127.104399,37.48265458,버스
10140,래미안포레아파트,127.106266,37.475134,버스
10141,방죽마을,127.1069205,37.47222473,버스
10142,압구정역3번출구,127.028714,37.52600147,버스
10143,국민은행압구정지점,127.02851,37.52327,버스
10144,언주역2번출구.차병원사거리,127.0333617,37.50795302,버스
10145,영동고교앞,127.0398933,37.52150355,버스
10146,개포우성6차아파트,127.057883,37.475732,버스
10147,은곡마을진입로,127.098699,37.465764,버스
10148,대치유수지체육공원,127.068123,37.501358,버스
10149,우성아파트,127.06841,37.501145,버스
10150,세곡푸르지오.은곡삼거리,127.094703,37.464972,버스
10151,삼성역3번출구,127.063711,37.507158,버스
10152,세곡푸르지오.은곡삼거리,127.096478,37.465062,버스
10153,LH수서아파트,127.105958,37.478021,버스
10154,LH수서아파트,127.105347,37.478608,버스
10155,세곡2지구3.4단지,127.110063,37.47693,버스
10156,개포우성아파트,127.0578639,37.47656443,버스
10157,래미안강남힐즈,127.0973807,37.47234832,버스
10158,세곡중학교.세명초등학교,127.091797,37.470248,버스
10159,세곡중학교.세명초등학교,127.092048,37.470412,버스
10160,일원동한솔아파트,127.079314,37.482544,버스
10161,시립수서청소년수련관,127.089107,37.483863,버스
10162,포스코사거리,127.05574,37.50808,버스
10163,대왕초등학교,127.106555,37.465069,버스
10164,그랑프리백화점,127.055608,37.489975,버스
10165,개포중학교,127.063512,37.480169,버스
10166,구룡마을,127.064041,37.478975,버스
10167,개포주공1단지아파트,127.0567996,37.47839195,버스
10168,영희초등학교,127.0804871,37.49119143,버스
10169,못골마을.강남자곡아이파크,127.101727,37.47326,버스
10170,못골마을,127.1018882,37.47310235,버스
10171,태화기독교.사회복지관,127.0933528,37.48452821,버스
10172,개포도서관,127.063564,37.483553,버스
10173,도곡교회.인바디빌딩,127.0554585,37.47443356,버스
10174,강남세브란스병원,127.04746,37.493352,버스
10175,도곡교회.인바디빌딩.건너,127.055993,37.474276,버스
10176,래미안강남힐즈,127.09525,37.472291,버스
10177,도곡중학교.강남세브란스병원,127.0467216,37.49360204,버스
10178,강남경찰서.강남운전면허시험장,127.0660087,37.5095036,버스
10179,수도공고앞,127.06196,37.48716746,버스
10180,개포4단지5단지,127.068121,37.486307,버스
10181,개포4단지6단지,127.072076,37.486853,버스
10182,개포4단지7단지,127.0736027,37.48788296,버스
10183,개포동역1번출구,127.0654139,37.4889678,버스
10184,세곡푸르지오,127.093839,37.467538,버스
10185,경남아파트,127.0413201,37.48897598,버스
10186,세곡푸르지오,127.093912,37.467688,버스
10187,구룡역5번출구,127.059199,37.486106,버스
10188,구룡역1번출구,127.0589614,37.48616967,버스
10189,럭키아파트,127.041126,37.491638,버스
10190,래미안개포루체하임아파트,127.081473,37.4893,버스
10191,수도공고,127.0623425,37.48756284,버스
10192,개포4단지6단지,127.071998,37.486918,버스
10193,개포4단지5단지,127.068237,37.486497,버스
10194,강남역12번출구A,127.0294749,37.49873765,버스
10195,학여울역,127.071451,37.497144,버스
10196,학여울역,127.0713978,37.49667869,버스
10197,도곡한신아파트,127.0411576,37.48687583,버스
10198,현대1차아파트,127.0550786,37.48211747,버스
10199,영동고등학교현대아파트,127.03953,37.52135499,버스
10200,개포4단지7단지,127.072767,37.487433,버스
10201,총회회관.휘문고입구,127.065961,37.504256,버스
10202,예림당아트홀.신한은행전산센터,127.044293,37.498223,버스
10203,새마을운동중앙회,127.067238,37.501889,버스
10204,총지사,127.039592,37.49471,버스
10205,신한은행데이터센터,127.043699,37.498146,버스
10206,포스코사거리,127.0575279,37.50731926,버스
10207,우성3차아파트,127.057183,37.483822,버스
10208,우성6차아파트,127.0552,37.477546,버스
10209,포이초교,127.052693,37.475212,버스
10210,국악중고교,127.050648,37.475652,버스
10211,풍양빌딩,127.048815,37.47739,버스
10212,코원에너지서비스,127.0760972,37.49806976,버스
10213,코원에너지서비스,127.0761621,37.49848963,버스
10214,현대1차우성아파트,127.055112,37.48195,버스
10215,포스코사거리,127.057907,37.507031,버스
10216,국민은행그린공원,127.047966,37.478785,버스
10217,삼익아파트앞,127.0417,37.489895,버스
10218,래미안포레아파트,127.1072951,37.47565851,버스
10219,래미안포레아파트,127.1076847,37.4760979,버스
10220,세곡2지구3.4단지,127.110393,37.476668,버스
10221,도곡한신아파트,127.0414336,37.48654618,버스
10222,강남더샵라르고오피스텔,127.1048166,37.47522745,버스
10223,한남대교전망카페,127.015683,37.524552,버스
10224,서울의료원후문,127.0670298,37.51285422,버스
10225,구룡마을,127.061071,37.476907,버스
10226,학동역,127.03,37.515378,버스
10227,은곡마을.강남신동아파밀리에,127.102457,37.465026,버스
10228,강남현대힐스테이트에코,127.1049628,37.47501091,버스
10229,대왕초등학교,127.1060868,37.46473368,버스
10230,수서역5번출구.이마트앞,127.1026711,37.48678908,버스
10231,개포4복합문화센터.달터공원,127.0496564,37.47655014,버스
10232,일원역,127.0837488,37.48427409,버스
10233,삼성서울병원정문,127.0831279,37.48622092,버스
10234,국민은행,127.047728,37.478396,버스
10235,삼성의료원,127.0843626,37.48808713,버스
10236,한아름아파트.사이룩스오피스텔,127.1043696,37.48828832,버스
10237,암센터후문.장례식장,127.087704,37.489905,버스
10238,암센터정문,127.0877106,37.48872808,버스
10239,신분당선.강남역4번출구,127.029565,37.494539,버스
10240,영동2교,127.0436209,37.48241061,버스
10241,강남교육청,127.0474431,37.51145259,버스
10242,래미안루체하임.일원동맛의거리,127.0816026,37.4895038,버스
10243,신논현역,127.0259767,37.50195985,버스
10244,영희초등학교,127.0807474,37.49135165,버스
10245,개포동역8번출구,127.0653368,37.4886858,버스
10246,강남우체국,127.0782615,37.49331773,버스
10247,도성초등학교앞,127.0503203,37.50046426,버스
10248,개포3동주민센터,127.0753813,37.49238876,버스
10249,LH이-편한세상,127.101834,37.467409,버스
10250,신논현역,127.026579,37.500755,버스
10251,동영문화센터,127.044823,37.498017,버스
10252,도곡2동주민센터대치중학교,127.045402,37.484253,버스
10253,도곡2동주민센터대치중학교,127.045332,37.484487,버스
10254,대청역,127.079653,37.493292,버스
10255,영동2교,127.043651,37.482774,버스
10256,강남세브란스병원,127.0460355,37.49410242,버스
10257,삼성역,127.0643377,37.50736076,버스
10258,매봉역입구,127.046452,37.485055,버스
10259,역삼청소년수련관.도곡1차아이파크,127.0427156,37.49310435,버스
10260,ST송은빌딩,127.0440702,37.52405227,버스
10261,삼성역,127.0631256,37.50975478,버스
10262,코엑스도심공항,127.058892,37.509275,버스
10263,삼성역그랜드인터컨티넨탈,127.0610138,37.50848985,버스
10264,포스코사거리,127.0551984,37.50662833,버스
10265,역삼역,127.036278,37.500375,버스
10266,역삼역,127.0348445,37.50037703,버스
10267,강남역,127.0301126,37.49836707,버스
10268,강남역12번출구,127.0293968,37.49871237,버스
10269,영희초등학교정문,127.0826658,37.49177024,버스
10270,봉은사역코엑스인터컨티넨탈,127.057443,37.513612,버스
10271,코엑스동문,127.0608107,37.51236538,버스
10272,일원지구대,127.0844467,37.49250248,버스
10273,대청초교삼거리,127.0862704,37.49330698,버스
10274,대청초교삼거리,127.0863915,37.49316699,버스
10275,양재역,127.038498,37.485,버스
10276,도곡동,127.0492206,37.48784928,버스
10277,타워펠리스,127.0520995,37.4892408,버스
10278,대치동,127.061606,37.493578,버스
10279,학여울역,127.067629,37.495636,버스
10280,개포동,127.0737651,37.48885926,버스
10281,학여울역,127.0672657,37.49585931,버스
10282,대치동,127.061372,37.493886,버스
10283,타워펠리스,127.052447,37.489825,버스
10284,양재역,127.03885,37.485411,버스
10285,신사동,127.019358,37.517654,버스
10286,미성아파트,127.021536,37.523524,버스
10287,리베라호텔,127.05463,37.52377,버스
10288,압구정역,127.03092,37.528598,버스
10289,한남대교(가상),127.010968,37.528851,버스
10290,한남대교(가상),127.0113976,37.52922088,버스
10291,노블발렌티웨딩홀,127.0648044,37.51513435,버스
10292,양재전화국,127.04079,37.485645,버스
10293,대치2동주민센터.래미안하이스턴,127.066772,37.50199,버스
10294,봉은사역.삼성래미안아파트,127.062293,37.514719,버스
10295,강남구민체육관,127.053878,37.47599,버스
10296,LPG가스충전소,127.035808,37.49063762,버스
10297,수서역,127.099809,37.488706,버스
10298,일원1동주민센터,127.087793,37.49202,버스
10299,일원지구대,127.084155,37.49256036,버스
10300,동영문화센터,127.0450699,37.49821633,버스
10301,영희초등학교,127.0824081,37.49181728,버스
10302,삼성서울병원정문건너편,127.0827109,37.48644558,버스
10303,일원역,127.083599,37.484031,버스
10304,탄천교(가상),127.0732324,37.50153631,버스
10305,탄천교(가상),127.0727086,37.50131857,버스
10306,강남더드림병원.도성초등학교,127.0507991,37.50101373,버스
10307,대왕파출소,127.1077414,37.46520256,버스
10308,언주역삼정&베스트웨스턴강남,127.03114,37.506341,버스
10309,강남신동아파밀리에2단지,127.101708,37.464601,버스
10310,한신휴플러스6단지,127.1039562,37.46897554,버스
10311,강남역,127.0267345,37.50021148,버스
10312,르메르디앙호텔.노보텔,127.027832,37.50535775,버스
10313,삼정호텔,127.0313097,37.50640233,버스
10314,선릉과정릉.라마다서울호텔,127.0454157,37.5105758,버스
10315,봉은사.롯데면세점,127.0583371,37.51372735,버스
10316,코엑스.에스엠타운,127.061937,37.51045044,버스
10317,삼성역,127.0626911,37.51018882,버스
10318,SM엔터테인먼트,127.050776,37.51854566,버스
10319,한류스타거리,127.04335,37.52725187,버스
10320,압구정로데오,127.0388063,37.52842606,버스
10321,강남관광정보센터,127.0270046,37.52662649,버스
10322,중동고등학교,127.0800445,37.49288671,버스
10323,역삼아르누보&조선팰리스강남,127.042679,37.50327145,버스
10324,가로수길,127.0230095,37.5245381,버스
10325,영희초등학교후문,127.080479,37.491521,버스
10326,양재역4번출구,127.03684,37.48506487,버스
10327,양재역.종합복지관,127.036193,37.48471,버스
10328,양재역5번출구,127.0366159,37.48467026,버스
10329,삼성역7번출구,127.0626121,37.51098362,버스
10330,삼성역7번출구,127.0623912,37.51100216,버스
10331,도곡중학교.강남세브란스병원,127.043781,37.49315,버스
10332,역삼2동주민센터.래미안그레이튼아파트,127.046636,37.494825,버스
10333,신논현역르메르디앙서울호텔,127.0271088,37.50494134,버스
10334,노보텔앰배서더호텔,127.0287672,37.50551134,버스
10335,방죽마을입구,127.106467,37.47122,버스
10336,방죽마을입구,127.106377,37.471284,버스
10337,한신휴플러스6단지,127.103892,37.469051,버스
10338,LH이-편한세상,127.101745,37.46752,버스
10339,은곡마을,127.097637,37.466996,버스
10340,상업지역,127.10091,37.466983,버스
10341,강남신동아파밀리에,127.101311,37.465498,버스
10342,세종고등학교,127.1029015,37.48786397,버스
10343,세곡푸르지오,127.094527,37.466836,버스
10344,세곡푸르지오,127.094374,37.466784,버스
10345,상업지역,127.099996,37.467068,버스
10346,은곡마을,127.096766,37.467142,버스
10347,강남스포츠문화센터,127.105059,37.488578,버스
10348,삼정호텔,127.0310908,37.50623704,버스
10349,리엔파크3단지,127.103828,37.463042,버스
10350,포스코사거리,127.055511,37.508666,버스
10351,서울요양원.강남구립행복요양병원,127.10349,37.460694,버스
10352,LH이편한세상,127.1017346,37.46650368,버스
10353,강남데시앙포레정문,127.089059,37.481418,버스
10354,강남데시앙포레상가앞,127.0918529,37.48136201,버스
10355,강남더샵포레스트아파트,127.094432,37.482128,버스
10356,강남신동아파밀리에1단지,127.1013912,37.46339528,버스
10357,강남더샵포레스트아파트,127.0942668,37.4820891,버스
10358,강남데시앙포레상가앞,127.0927451,37.48142709,버스
10359,강남데시앙포레정문,127.0895875,37.48184764,버스
10360,수서교회.수서동성당앞,127.094572,37.483484,버스
10361,수서교회.수서동성당앞,127.094652,37.483477,버스
10362,삼성서울병원사거리,127.0827,37.48884,버스
10363,한남대교(가상),127.0160423,37.52311157,버스
10364,한남대교(가상),127.0155275,37.5237076,버스
10365,동호대교(가상),127.0241642,37.53115265,버스
10366,동호대교(가상),127.0237344,37.53174245,버스
10367,성수대교(가상),127.0344578,37.53256766,버스
10368,성수대교(가상),127.0345544,37.53309516,버스
10369,영동대교(가상),127.0551806,37.52596087,버스
10370,영동대교(가상),127.0556204,37.52662455,버스
10371,성수대교남단(가상),127.0308815,37.53362782,버스
10372,강남신동아파밀리에2단지,127.102259,37.463471,버스
10373,일원주유소.삼성서울병원후문,127.0876823,37.49065376,버스
10374,리엔파크4단지.강남데시앙파크,127.101871,37.461224,버스
10375,잠실역.잠실대교.남단,127.0985467,37.51553097,버스
10376,잠실역.잠실대교.남단,127.09964,37.513785,버스
10377,석촌호수.한솔병원,127.1058262,37.50680017,버스
10378,석촌호수.한솔병원,127.105252,37.50710526,버스
10379,석촌역,127.1089443,37.5034083,버스
10380,석촌역,127.1084538,37.50366286,버스
10381,송파역,127.1118384,37.50020848,버스
10382,송파역,127.1112328,37.50059923,버스
10383,가락시장.가락시장역,127.1171609,37.4943822,버스
10384,가락시장.가락시장역,127.1164834,37.49493147,버스
10385,문정로데오거리입구,127.1214199,37.48821271,버스
10386,문정로데오거리입구,127.1208866,37.48903284,버스
10387,문정법조단지.건영아파트,127.124748,37.482125,버스
10388,문정법조단지.건영아파트,127.123873,37.48309,버스
10389,장지역.가든파이브,127.1261442,37.47903951,버스
10390,장지역.가든파이브,127.125472,37.479907,버스
10391,잠실역.롯데월드몰,127.1006716,37.5127262,버스
10392,잠실광역환승센터,127.1007211,37.51234296,버스
10393,천호역.풍납시장,127.122575,37.537038,버스
10394,풍납1치안센터입구,127.121588,37.53428,버스
10395,파크데일아파트2단지앞,127.1584215,37.49794506,버스
10396,파크데일아파트1단지앞,127.15843,37.498135,버스
10397,풍납1동동아한가람아파트,127.114445,37.537019,버스
10398,풍납동신성노바빌,127.115876,37.53814628,버스
10399,풍납동씨티극동아파트,127.117117,37.539287,버스
10400,풍납토성.천호역10번출구,127.121963,37.538935,버스
10401,영파여고.강동구청역,127.120507,37.531253,버스
10402,풍납동극동.쌍용아파트,127.1180236,37.52656325,버스
10403,풍납중학교,127.1149376,37.52463794,버스
10404,풍성중학교.잠실올림픽아이파크,127.113565,37.52481093,버스
10405,울산대학교의과대학,127.109976,37.524831,버스
10406,서울아산병원동관,127.1071795,37.52688807,버스
10407,서울아산병원동관,127.1075881,37.52702557,버스
10408,풍납토성서성벽,127.110738,37.531455,버스
10409,송파두산위브.송파소방서,127.1416514,37.50012662,버스
10410,송파두산위브.송파소방서,127.1418762,37.50003166,버스
10411,토성초등학교.현대리버빌아파트,127.114543,37.530065,버스
10412,풍납동영어체험마을,127.112223,37.531107,버스
10413,올림픽대교남단,127.1154307,37.52674423,버스
10414,마천역.송파파크센트럴,127.1513064,37.49424769,버스
10415,잠실파크리오아파트상가.올림픽회관,127.1146492,37.52102392,버스
10416,잠실파크리오아파트앞,127.109917,37.519605,버스
10417,잠실나루역,127.1058908,37.51888567,버스
10418,잠실진주아파트,127.109298,37.519198,버스
10419,몽촌토성역,127.113012,37.518369,버스
10420,신천동진주아파트,127.109278,37.516633,버스
10421,잠실나루역,127.1044328,37.51826521,버스
10422,잠실중학교.장미종합상가,127.10066,37.51715,버스
10423,잠실중학교,127.100445,37.516785,버스
10424,잠실역8번출구,127.101538,37.51401,버스
10425,잠실역7번출구,127.0994435,37.51460655,버스
10426,잠실역1번.11번출구,127.103242,37.514064,버스
10427,잠실역9번출구,127.104215,37.514917,버스
10428,송파구청.방이맛골,127.107219,37.513997,버스
10429,잠실역6번출구,127.0988018,37.51439262,버스
10430,잠실역.롯데월드,127.097765,37.512951,버스
10431,잠실5단지,127.0939144,37.51221325,버스
10432,잠실리센츠아파트앞,127.0913236,37.51191521,버스
10433,잠실새내역.잠실2동주민센터,127.0872805,37.51177229,버스
10434,잠실엘스아파트앞,127.0833905,37.51187062,버스
10435,종합운동장사거리,127.079682,37.51206,버스
10436,잠실종합운동장,127.0720733,37.51111753,버스
10437,잠실트리지움아파트앞,127.091105,37.511516,버스
10438,잠실역.롯데월드,127.0981962,37.51241161,버스
10439,갤러리아팰리스,127.0929235,37.51131743,버스
10440,잠실트리지움,127.0926278,37.51097795,버스
10441,영동일고레이크팰리스앞,127.0921467,37.50880848,버스
10442,영동일고트리지움APT정문앞,127.091732,37.509037,버스
10443,위례포레샤인15단지,127.143618,37.485173,버스
10444,잠실트리지움,127.0902574,37.50768266,버스
10445,잠실119안전센터,127.0947494,37.50700782,버스
10446,잠실종합운동장,127.0728158,37.51041873,버스
10447,아시아선수촌아파트,127.0784475,37.51041,버스
10448,아주중학교,127.076602,37.504784,버스
10449,종합운동장사거리,127.0795555,37.51161284,버스
10450,잠실새내역4번출구,127.08436,37.511447,버스
10451,영빌딩앞,127.089623,37.506535,버스
10452,잠실우성4차현대아파트,127.0852076,37.50526245,버스
10453,잠실우성4차현대아파트,127.085368,37.50496,버스
10454,잠실근린공원.성현교회,127.0814987,37.50632205,버스
10455,아시아선수촌아파트삼거리.성현교회,127.080994,37.506194,버스
10456,아시아선수촌아파트,127.0790367,37.50985695,버스
10457,아주중학교,127.077932,37.50537,버스
10458,삼전역,127.088965,37.503933,버스
10459,삼전역,127.0897903,37.50395426,버스
10460,송파구민회관구의회,127.0947576,37.50270595,버스
10461,송파구민회관구의회,127.09456,37.502428,버스
10462,삼학사길사거리,127.096998,37.504692,버스
10463,잠실119안전센터,127.0929453,37.50700385,버스
10464,삼전삼밭나루공원입구,127.08983,37.506282,버스
10465,삼전역.잠실현대아파트,127.08747,37.503429,버스
10466,삼전동현대APT,127.0874665,37.50043063,버스
10467,삼전동쌍용하이츠빌라,127.0908501,37.49922536,버스
10468,삼전사회복지관,127.094243,37.498092,버스
10469,배명중고교,127.0966612,37.50015519,버스
10470,석촌고분역.올림픽병원,127.0983927,37.50267054,버스
10471,석촌고분역.올림픽병원,127.098638,37.502428,버스
10472,석촌역.잠실한솔아파트,127.1052846,37.50451546,버스
10473,석촌역.잠실한솔아파트,127.105635,37.504398,버스
10474,송파레이크파크호반써밋2차정문,127.143348,37.48504208,버스
10475,삼학사길사거리,127.097258,37.504039,버스
10476,배명중고교,127.0969106,37.49970985,버스
10477,석촌동남현교회앞,127.1006952,37.49902004,버스
10478,석촌동남현교회앞,127.10027,37.498804,버스
10479,송파책박물관.헬리오시티,127.1044857,37.50023414,버스
10480,송파책박물관.헬리오시티,127.1040227,37.49991736,버스
10481,송파사거리.석촌시장,127.109178,37.5015446,버스
10482,송파사거리,127.10875,37.501603,버스
10483,송파역.헬리오시티,127.1110145,37.50058141,버스
10484,위례포레샤인13단지공원,127.136244,37.48315,버스
10485,송파여성문화회관,127.1094494,37.50693564,버스
10486,송파여성문화회관,127.109617,37.506738,버스
10487,송파초등학교.송파동성당,127.1112976,37.50916247,버스
10488,송파초등학교.송파동성당,127.1113793,37.50873661,버스
10489,방이동사거리,127.1107862,37.51066766,버스
10490,포레나송파후문,127.1469872,37.48464498,버스
10491,송파나루역,127.113213,37.509562,버스
10492,송파2동한양아파트,127.1138832,37.50387311,버스
10493,송파동한양1차아파트,127.115413,37.505957,버스
10494,서울방이동고분군,127.1151708,37.50842451,버스
10495,송파역,127.1129081,37.49929285,버스
10496,성지아파트,127.1174306,37.49978314,버스
10497,송파동삼익아파트,127.1219128,37.5029233,버스
10498,삼익아파트미성아파트,127.1203825,37.50608698,버스
10499,송파2동한양삼성아파트,127.1157234,37.50599792,버스
10500,한양공원,127.113797,37.503707,버스
10501,잠실여고후문,127.11201,37.502575,버스
10502,방이중학교,127.114367,37.514164,버스
10503,한성백제역4번출구,127.115367,37.514997,버스
10504,송파나루역.방이시장,127.1124464,37.51100323,버스
10505,송파나루역.방이시장,127.112945,37.511085,버스
10506,송파나루역,127.1116742,37.51067944,버스
10507,송파구청.방이맛골,127.107792,37.513352,버스
10508,잠실진주아파트,127.109619,37.51617537,버스
10509,올림픽베어스타운아파트앞,127.1191036,37.51482805,버스
10510,방이초등학교,127.119108,37.51187,버스
10511,방이시장입구,127.118048,37.510113,버스
10512,방이우체국,127.1139246,37.50951307,버스
10513,올림픽공원남2문,127.121407,37.514023,버스
10514,올림픽공원장미광장,127.1249202,37.5126513,버스
10515,방이역3번출구대림아파트,127.1256144,37.50841809,버스
10516,한양삼익아파트,127.121715,37.505915,버스
10517,방이시장입구,127.118117,37.509897,버스
10518,방이초등학교,127.11946,37.512017,버스
10519,신구블레스밸리앞,127.121497,37.51141,버스
10520,신구블레스밸리,127.12188,37.511615,버스
10521,방이동대림코오롱아파트,127.124238,37.50918638,버스
10522,방이동대림코오롱아파트,127.1240112,37.50955878,버스
10523,올림픽회관,127.1151502,37.52091259,버스
10524,풍납동극동.쌍용아파트,127.1187,37.526842,버스
10525,한성백제박물관,127.1193,37.515525,버스
10526,서울체육중.고등학교,127.131378,37.52220315,버스
10527,둔촌오륜역.서문교회,127.139743,37.518467,버스
10528,서하남IC입구,127.142813,37.517107,버스
10529,효죽동입구,127.1418483,37.51246818,버스
10530,포레나송파정문,127.1475594,37.48670402,버스
10531,올림픽공원장미광장,127.126158,37.512882,버스
10532,올림픽공원남2문,127.12181,37.514625,버스
10533,몽촌토성역.한성백제역,127.11463,37.517203,버스
10534,보성중고등학교,127.13357,37.520023,버스
10535,보성중고등학교,127.133004,37.519734,버스
10536,올림픽공원역,127.1308989,37.51671779,버스
10537,올림픽공원역,127.1314785,37.51632427,버스
10538,올림픽공원테니스장,127.1286,37.513298,버스
10539,올림픽선수촌아파트,127.1292816,37.51336633,버스
10540,방이역,127.126495,37.508848,버스
10541,오금역.오금동현대아파트,127.1264326,37.50329446,버스
10542,오금공원앞,127.13297,37.499213,버스
10543,개롱역.오금동상아아파트,127.135938,37.49765382,버스
10544,보인고교.오금동삼성아파트,127.138228,37.496447,버스
10545,송파사회복지관.성요셉성당,127.1407037,37.49807896,버스
10546,거여초등학교,127.1402155,37.50254811,버스
10547,거여초등학교,127.140012,37.50241,버스
10548,송파참병원,127.1375165,37.50361999,버스
10549,송파참병원,127.1374118,37.50386251,버스
10550,신흥운수입구,127.1353926,37.50435053,버스
10551,신흥운수입구,127.134153,37.505033,버스
10552,송파레미니스후문,127.13545,37.50615316,버스
10553,송파레미니스후문,127.135317,37.506195,버스
10554,오금공원사거리,127.1310601,37.50603417,버스
10555,오금공원사거리,127.1310587,37.50637915,버스
10556,오금동대림아파트,127.12799,37.507917,버스
10557,오금동대림아파트,127.128115,37.507652,버스
10558,송파도서관,127.1358518,37.49997876,버스
10559,우창아파트,127.136064,37.49975054,버스
10560,오금동사거리,127.1378916,37.50274368,버스
10561,오금동사거리,127.138162,37.502775,버스
10562,거여역,127.1426662,37.49405409,버스
10563,거여역현대아파트,127.142477,37.493818,버스
10564,체육문화회관,127.1433758,37.49080385,버스
10565,거여역2번출구,127.1447634,37.49431196,버스
10566,송파사회복지관.성요셉성당,127.140953,37.498118,버스
10567,거여아파트단지앞,127.1435753,37.49046389,버스
10568,거여역5번출구,127.145677,37.492903,버스
10569,거여역4번출구,127.1456918,37.49313922,버스
10570,송파파크센트럴,127.148924,37.492941,버스
10571,종점,127.152763,37.492768,버스
10572,비호아파트,127.154185,37.492007,버스
10573,인애가요양병원,127.1350449,37.50535737,버스
10574,마천1동주민센터,127.149613,37.495774,버스
10575,마천2동주민센터,127.148233,37.496742,버스
10576,거여역3번출구.현대2차아파트,127.145095,37.494278,버스
10577,마천1동주민센터,127.1498825,37.49571039,버스
10578,마천역.송파파크센트럴,127.1522337,37.49345553,버스
10579,비호아파트,127.15409,37.492178,버스
10580,남한산성입구,127.157155,37.490972,버스
10581,송파구립마천청소년센터,127.156552,37.491982,버스
10582,송파구립마천청소년센터,127.15679,37.491832,버스
10583,송파보훈회관.금호어울림2차,127.1558085,37.4939681,버스
10584,송파보훈회관.금호어울림2차,127.155567,37.493992,버스
10585,마천동금호어울림1차아파트,127.154198,37.497198,버스
10586,마천동금호어울림1차아파트,127.154075,37.497978,버스
10587,마천시장마천동우방아파트앞,127.15151,37.499937,버스
10588,남천초교마천동우방아파트앞,127.1519313,37.49991862,버스
10589,청암노인요양원,127.148553,37.501352,버스
10590,청암노인요양원,127.150052,37.501079,버스
10591,마천동사거리,127.146632,37.498527,버스
10592,마천동사거리,127.1471,37.49872,버스
10593,마천2동윤진빌딩.신동아아파트,127.144058,37.499635,버스
10594,마천2동윤진빌딩.신동아아파트,127.1442444,37.49967595,버스
10595,마천2동주민센터,127.1480088,37.49701395,버스
10596,복정역1번출구,127.1271368,37.47232366,버스
10597,거여1동주민센터,127.1457581,37.49647895,버스
10598,건영아파트,127.126677,37.481675,버스
10599,문현중학교,127.12675,37.479987,버스
10600,문현중학교,127.1269148,37.48007431,버스
10601,문덕초등학교.문정고등학교,127.1264052,37.48368108,버스
10602,문정대우아파트,127.12834,37.486465,버스
10603,삼성래미안아파트후문,127.131928,37.488922,버스
10604,문정시영가락프라자아파트,127.13457,37.491223,버스
10605,문정시영.세양청마루아파트,127.1359636,37.49238684,버스
10606,한림연예예술고교,127.1314175,37.48536878,버스
10607,한림연예예술고교,127.131745,37.485403,버스
10608,구송파세무서,127.128678,37.482985,버스
10609,구송파세무서,127.128968,37.483383,버스
10610,문정1동주민센터.로데오거리,127.124523,37.490393,버스
10611,위례포레샤인18단지,127.152664,37.489242,버스
10612,위례포레샤인18단지,127.151798,37.489008,버스
10613,문덕초등학교.문정고등학교,127.126295,37.483395,버스
10614,문정동푸르지오아파트,127.1271778,37.48715761,버스
10615,문정동대우아파트,127.126833,37.486845,버스
10616,문정동래미안아파트,127.129332,37.492042,버스
10617,문정래미안현대아파트앞,127.128978,37.491672,버스
10618,문정현대아파트,127.127618,37.49066063,버스
10619,문정동현대아파트,127.1276151,37.49032632,버스
10620,문정현대아파트,127.128952,37.492752,버스
10621,문정동제일은행앞,127.1245155,37.48625123,버스
10622,문정동제일은행,127.124606,37.486123,버스
10623,삼성래미안아파트후문,127.131877,37.48921,버스
10624,문정2동주민센터.청소년수련관,127.1125409,37.49047681,버스
10625,훼미리근린공원,127.11491,37.4911855,버스
10626,문정로데오거리입구,127.11942,37.491027,버스
10627,포레나송파정문,127.148588,37.487072,버스
10628,서울위례별초교,127.143837,37.478319,버스
10629,오금역2번출구,127.1287989,37.50183266,버스
10630,오금역3번출구,127.128894,37.501292,버스
10631,장지동,127.1263367,37.46914722,버스
10632,위례포레샤인18단지남문,127.152767,37.4869,버스
10633,힐스테이트센트럴위례,127.1533209,37.48678316,버스
10634,가윤예식장,127.1253326,37.49275093,버스
10635,가락동미륭아파트,127.1282355,37.49266221,버스
10636,가락동쌍용아파트,127.1304313,37.49438361,버스
10637,송파중학교,127.1315012,37.49637296,버스
10638,개롱역3번출구,127.135372,37.49767,버스
10639,삼환아파트,127.137465,37.496575,버스
10640,송파배드민턴체육관,127.1380347,37.49446328,버스
10641,문정시영.세영청마루아파트,127.1357194,37.49245561,버스
10642,문정시영가락프라자아파트,127.1337169,37.49072687,버스
10643,가락2동프라자아파트,127.134058,37.493108,버스
10644,가락2동프라자아파트,127.1342993,37.49306077,버스
10645,극동아파트,127.132135,37.494885,버스
10646,가락2동극동아파트,127.1313315,37.49528444,버스
10647,가락동극동아파트,127.1318313,37.49625726,버스
10648,가락동쌍용아파트앞,127.1298583,37.49394541,버스
10649,가주초등학교,127.1288572,37.49714542,버스
10650,가동초등학교,127.128657,37.497543,버스
10651,가락2동주민센터,127.1268493,37.49886329,버스
10652,가락2동주민센터,127.1267123,37.49876612,버스
10653,가락시장.가락시장역,127.1172843,37.49444786,버스
10654,문정로데오거리입구,127.1204717,37.49045997,버스
10655,문정1동주민센터.로데오거리,127.124333,37.490657,버스
10656,건너말공원입구,127.1250181,37.49271432,버스
10657,가락대림아파트,127.1208958,37.49753951,버스
10658,샛별어린이공원입구,127.121255,37.497584,버스
10659,송파경찰서.오금역,127.126868,37.50267,버스
10660,가락동쌍용아파트,127.122097,37.50252,버스
10661,가락대림아파트,127.117985,37.499682,버스
10662,신가초등학교,127.120215,37.498817,버스
10663,신가초등학교,127.12017,37.498427,버스
10664,석촌중학교후문,127.122922,37.499832,버스
10665,석촌중학교후문,127.1232035,37.49985836,버스
10666,포레나송파,127.149252,37.484705,버스
10667,경찰병원.KT가락지사,127.122243,37.495927,버스
10668,경찰병원.KT가락지사,127.1223708,37.49623499,버스
10669,경찰병원.서울동부고용노동지청,127.122337,37.494675,버스
10670,가락시장역4번출구.제일오피스텔,127.119723,37.493218,버스
10671,위례호반써밋,127.1496483,37.48432115,버스
10672,경찰병원.서울동부고용노동지청,127.12262,37.494428,버스
10673,북위례입구,127.1564418,37.48906187,버스
10674,위례포레자이,127.1567449,37.48866602,버스
10675,가락시장.가락시장역,127.1171509,37.49376287,버스
10676,가락시장.가락몰,127.115874,37.491843,버스
10677,가락시장남문,127.11225,37.490783,버스
10678,가락시장?헬리오시티,127.104966,37.494381,버스
10679,가락시장.헬리오시티,127.1062543,37.4951999,버스
10680,가락1동주민센터,127.1098466,37.49629776,버스
10681,서울방이동고분군,127.1161985,37.50820966,버스
10682,문정동대우아파트,127.128305,37.486665,버스
10683,토성오거리,127.119084,37.532057,버스
10684,풍납토성서성벽,127.109875,37.529799,버스
10685,가락시장동문,127.116007,37.495147,버스
10686,몽촌토성역.한성백제역,127.1134131,37.51687735,버스
10687,풍납동강변현대아파트,127.111217,37.533635,버스
10688,서울위례별초교.위례별유치원,127.144875,37.478031,버스
10689,송례중학교.송파꿈에그린,127.141494,37.477311,버스
10690,홍이공원,127.124792,37.50020542,버스
10691,홍이공원,127.124825,37.500417,버스
10692,송파파크센트럴,127.1495066,37.49265523,버스
10693,거여역7번출구,127.1440063,37.49233632,버스
10694,거여역6번출구,127.14409,37.49196,버스
10695,덕수고등학교,127.146229,37.485555,버스
10696,풍납2동주민센터,127.1157438,37.52947245,버스
10697,복정역환승센터1번승강장,127.1273151,37.47012477,버스
10698,오륜사거리,127.139223,37.505397,버스
10699,오륜사거리,127.1392429,37.506252,버스
10700,위례중앙푸르지오.신안인스빌,127.143303,37.474841,버스
10701,위례신안인스빌.중앙푸르지오,127.143922,37.475712,버스
10702,송파와이즈더샵.엠코타운센트로엘,127.1440332,37.47722569,버스
10703,송파와이즈더샵.엠코타운센트로엘,127.144389,37.477613,버스
10704,위례별초등학교.위례2차아이파크,127.144235,37.479538,버스
10705,위례별초등학교.위례스타힐스,127.144559,37.480338,버스
10706,위례동주민센터.위례스타힐스,127.1436199,37.48127816,버스
10707,위례동주민센터.위례송파푸르지오,127.142872,37.48157,버스
10708,힐스테이트송파.송파더센트레,127.1419922,37.47948437,버스
10709,송파더센트레.힐스테이트송파,127.141643,37.479448,버스
10710,복정역2번출구,127.1268695,37.46928382,버스
10711,세계로병원,127.141844,37.486552,버스
10712,세계로병원,127.141787,37.487287,버스
10713,덕수고등학교,127.146291,37.485431,버스
10714,송파레이크파크호반써밋1차,127.140419,37.483895,버스
10715,송파레이크파크호반써밋2차,127.140616,37.483469,버스
10716,위례포레샤인13단지,127.13867,37.482961,버스
10717,송파레이크파크호반써밋1차정문,127.138072,37.483192,버스
10718,송파위례리슈빌,127.147845,37.484189,버스
10719,남한산성입구,127.157278,37.49096,버스
10720,서울아산병원장례식장,127.1074534,37.52463958,버스
10721,갑을.미성아파트,127.11248,37.535297,버스
10722,송파배드민턴체육관,127.1380636,37.49420734,버스
10723,위례31단지정문,127.1327886,37.47348826,버스
10724,풍납중학교앞,127.1152308,37.52477282,버스
10725,복정역3번출구,127.123962,37.469732,버스
10726,새마을시장,127.086736,37.508856,버스
10727,잠실트리지움,127.0893716,37.50758601,버스
10728,삼전역.잠실현대아파트,127.087268,37.503762,버스
10729,위례포레샤인.위례31단지후문,127.133969,37.474853,버스
10730,위례31단지.위례포레샤인후문,127.133738,37.47465,버스
10731,위례송파더센트레.송파푸르지오,127.138469,37.479472,버스
10732,장지역2번출구,127.126673,37.478273,버스
10733,위례송파푸르지오.송파더센트레,127.1388561,37.48074332,버스
10734,가락시장역5번출구,127.119535,37.492673,버스
10735,올림픽대교남단교차로,127.11681,37.525152,버스
10736,장지공영차고지,127.135886,37.480507,버스
10737,장지공영차고지,127.135645,37.480562,버스
10738,아이코리아,127.1334,37.480972,버스
10739,송파파인타운11단지,127.132114,37.479127,버스
10740,송파파인타운7단지,127.131653,37.479031,버스
10741,송파파인타운10단지.13단지,127.129235,37.477599,버스
10742,송파파인타운8단지.9단지,127.1274733,37.47808677,버스
10743,송파구립산모건강증진센터,127.12731,37.477983,버스
10744,장지동주민센터앞,127.1328865,37.48669447,버스
10745,장지동주민센터.송파파인타운1단지,127.132993,37.486505,버스
10746,잠실여고후문,127.111619,37.50250109,버스
10747,건영아파트앞,127.126489,37.481838,버스
10748,잠실새내역앞,127.0860381,37.51042245,버스
10749,가락래미안앞,127.132413,37.499257,버스
10750,서울버스종점,127.1369279,37.4806082,버스
10751,서울버스종점,127.137777,37.48038,버스
10752,송파파인타운2단지.구립송파복지센터,127.132647,37.485133,버스
10753,송파파인타운3단지.한림예고,127.132797,37.484968,버스
10754,송파글마루도서관.버들어린이집,127.131555,37.481607,버스
10755,송파글마루도서관.버들어린이집,127.131337,37.481598,버스
10756,문현고등학교.송파파인타운5단지,127.129475,37.480632,버스
10757,문현고등학교,127.1292062,37.48070913,버스
10758,풍납현대아파트,127.1193611,37.52875878,버스
10759,문정3차푸르지오아파트.송파파인타운1단지,127.1335864,37.48667385,버스
10760,문정3차푸르지오아파트.송파파인타운1단지,127.1333837,37.48648395,버스
10761,아이코리아앞,127.13364,37.48096,버스
10762,가든파이브.웍스동,127.121195,37.478215,버스
10763,가든파이브.웍스동,127.1212594,37.47825461,버스
10764,위례31단지정문,127.132279,37.47258995,버스
10765,장지역가든파이브라이프동,127.124615,37.479072,버스
10766,장지역가든파이브라이프동,127.1249012,37.47892757,버스
10767,가든파이프툴동,127.1193612,37.47914773,버스
10768,가든파이브툴동,127.119308,37.478998,버스
10769,잠실대교전망쉼터,127.0951336,37.52010715,버스
10770,잠실대교전망쉼터,127.09479,37.519993,버스
10771,석촌호수서호사거리,127.098408,37.506324,버스
10772,석촌호수서호사거리,127.0992351,37.50658902,버스
10773,미켈란호수가아파트,127.1026501,37.50765632,버스
10774,미켈란호수가아파트,127.1031125,37.50819775,버스
10775,호수임광아파트,127.1067264,37.51062634,버스
10776,호수임광아파트,127.1072025,37.51138824,버스
10777,송파파인타운아파트11단지,127.133242,37.478367,버스
10778,송파파인타운아파트11단지,127.133178,37.478458,버스
10779,문정중학교후문,127.130275,37.488649,버스
10780,문정동래미안아파트남문,127.130442,37.488828,버스
10781,파크데일아파트입구,127.154895,37.497538,버스
10782,위례아이파크아파트앞,127.1411478,37.47586878,버스
10783,송파더센트레.송례초앞,127.139157,37.478535,버스
10784,송파더센트레.송례중앞,127.1407082,37.47821593,버스
10785,송파꿈에그린아파트,127.1407699,37.47494484,버스
10786,송파푸르지오시티.한화오벨리스크,127.120178,37.481026,버스
10787,송파푸르지오시티.한화오벨리스크,127.120387,37.480797,버스
10788,파크데일아파트입구,127.1547623,37.49777754,버스
10789,복정역,127.1257548,37.47006516,버스
10790,복정역환승센터2번승강장,127.12741,37.469827,버스
10791,송파.잠실세무서,127.1153595,37.52678395,버스
10792,복정역환승센터3번승강장,127.1275898,37.46992977,버스
10793,풍납동극동.쌍용아파트,127.1184114,37.52639886,버스
10794,송파역,127.1123582,37.49987368,버스
10795,복정역환승센터4번승강장,127.12764,37.469822,버스
10796,송파역.헬리오시티,127.11185,37.499696,버스
10797,송례중학교.위례아이파크,127.141823,37.477692,버스
10798,잠실4동주민센터.파크리오B상가,127.113228,37.520113,버스
10799,송파호반베르디움더퍼스트,127.140918,37.50685,버스
10800,오륜사거리,127.139031,37.507604,버스
10801,세륜중학교,127.1327576,37.50772209,버스
10802,오금공원,127.131895,37.506373,버스
10803,오금역.오금고교,127.1288164,37.50297922,버스
10804,송파삼성래미안아파트,127.119976,37.504681,버스
10805,송파현대아파트.가락중학교,127.118207,37.502994,버스
10806,가락고등학교,127.117336,37.50162059,버스
10807,가락동부센트레빌아파트,127.117396,37.499294,버스
10808,가락중학교,127.117415,37.502089,버스
10809,가락중학교.래미안송파파인탑,127.118549,37.503047,버스
10810,가락삼익맨숀,127.120767,37.505321,버스
10811,오금역.오금고교,127.129057,37.502638,버스
10812,오금공원,127.131669,37.50532728,버스
10813,세륜중학교,127.1327475,37.50696611,버스
10814,송파호반베르디움더퍼스트,127.140875,37.506608,버스
10815,송파파인타운1단지,127.133556,37.485924,버스
10816,송파파인타운2단지,127.131225,37.483166,버스
10817,송파파크하비오푸르지오,127.12215,37.481234,버스
10818,서울동부지방법원.검찰청,127.120922,37.48351,버스
10819,문정법조단지,127.1177643,37.48579799,버스
10820,올림픽훼밀리타운아파트,127.114338,37.486399,버스
10821,올림픽훼밀리타운아파트,127.11431,37.48618,버스
10822,문정법조단지,127.117208,37.485463,버스
10823,서울동부지방법원.검찰청,127.120423,37.483932,버스
10824,송파아이파크오피스텔,127.122354,37.480133,버스
10825,송파파인타운3단지,127.1316666,37.48343262,버스
10826,송파파인타운1단지,127.133627,37.485657,버스
10827,석촌역4번출구,127.108209,37.504497,버스
10828,잠실역.롯데호텔,127.100995,37.511745,버스
10829,석촌역5번출구,127.107574,37.504389,버스
10830,위례포레샤인15단지,127.143146,37.486076,버스
10831,송파레이크파크호반써밋2차정문,127.142073,37.485415,버스
10832,송파레이크파크호반써밋1차후문,127.140211,37.48538,버스
10833,문정역테라타워,127.120333,37.484709,버스
10834,서울한방병원,127.115478,37.485606,버스
10835,가원초등학교,127.109841,37.48915,버스
10836,힐스테이트에코송파,127.115279,37.485607,버스
10837,문정현대지식산업센터,127.119656,37.485501,버스
10838,송파레이크파크호반써밋1차후문,127.140378,37.485079,버스
10839,롯데월드.샤롯데,127.10062,37.510766,버스
10840,잠실롯데월드,127.098662,37.51013,버스
10841,레이크팰리스아파트,127.097273,37.50892,버스
10842,삼전동주민센터,127.092051,37.503387,버스
10843,삼전역,127.089035,37.503906,버스
10844,레이크팰리스아파트,127.097566,37.508372,버스
10845,잠실롯데월드,127.0985558,37.50980658,버스
10846,롯데월드.샤롯데,127.100878,37.510569,버스
10847,송파구청,127.106421,37.516187,버스
10848,잠실역.시그마타워,127.10259,37.514368,버스
10849,장미아파트,127.101971,37.51735,버스
10850,잠실파크리오아파트,127.1090124,37.51914595,버스
10851,잠실롯데월드호텔롯데타워,127.1006521,37.5107407,버스
10852,위례포레샤인.송파꿈에그린서문,127.137293,37.477324,버스
10853,송파꿈에그린서문.위례포레샤인,127.137459,37.476613,버스
10854,복정역환승주차장,127.128144,37.470728,버스
10855,잠실새내역,127.08406,37.511957,버스
10856,잠실종합운동장,127.0721955,37.51110665,버스
10857,잠실종합운동장,127.072464,37.51044057,버스
10858,잠실역,127.0969964,37.51266671,버스
10859,잠실새내역,127.0836049,37.5114109,버스
10860,가락동,127.114655,37.491262,버스
10861,경찰병원.서울동부고용노동지청,127.12216,37.494165,버스
10862,경찰병원.서울동부고용노동지청,127.1221914,37.49445009,버스
10863,가락동,127.115336,37.491693,버스
10864,올림픽선수촌아파트,127.131173,37.516164,버스
10865,올림픽선수촌아파트,127.130871,37.516446,버스
10866,오금역,127.127648,37.501179,버스
10867,오금역,127.12665,37.500602,버스
10868,오금동,127.132164,37.506099,버스
10869,오금동,127.1320894,37.50668181,버스
10870,방이동,127.12967,37.511496,버스
10871,방이동,127.1287692,37.51109547,버스
10872,장지역,127.126369,37.47751317,버스
10873,장미광장,127.1270391,37.51255285,버스
10874,한성백제박물관,127.119601,37.51541885,버스
10875,올림픽공원평화의문,127.115008,37.51707048,버스
10876,롯데월드,127.0970648,37.51214677,버스
10877,잠실종합운동장,127.0753392,37.5115431,버스
10878,송파레미니스아파트,127.136911,37.507867,버스
10879,송파레미니스아파트,127.1371836,37.50823863,버스
10880,한강극동아파트후문,127.1124924,37.53072807,버스
10881,토성초등학교.한강극동아파트,127.114404,37.5298706,버스
10882,풍납2동주민센터,127.1168542,37.52877621,버스
10883,잠실역,127.0991375,37.51506727,버스
10884,상일초교,127.171362,37.546131,버스
10885,상일초교,127.1706309,37.5457941,버스
10886,초이동,127.161596,37.542139,버스
10887,초이동,127.1610838,37.54184634,버스
10888,강동자이.프라자아파트,127.148815,37.53677576,버스
10889,강동자이·프라자아파트,127.147785,37.53621,버스
10890,길동주민센터.둔촌2동주민센터,127.1429329,37.53427435,버스
10891,길동주민센터.둔촌2동주민센터,127.142105,37.533887,버스
10892,길동사거리.강동세무서,127.1368249,37.5345322,버스
10893,길동사거리.강동세무서,127.135862,37.534742,버스
10894,강동역,127.13245,37.535907,버스
10895,강동역,127.131516,37.536106,버스
10896,천호역,127.127052,37.537655,버스
10897,천호역,127.125539,37.537949,버스
10898,강동공영차고지,127.173885,37.564066,버스
10899,강동공영차고지,127.174323,37.564179,버스
10900,고덕리엔파크1단지,127.1704714,37.56115952,버스
10901,고덕리엔파크1단지,127.170696,37.561365,버스
10902,해뜨는주유소,127.170805,37.559102,버스
10903,해뜨는주유소,127.170989,37.559757,버스
10904,고덕천교차로,127.1711474,37.55632413,버스
10905,고덕천교차로,127.171447,37.55641,버스
10906,고덕자이.고덕천물놀이장,127.1720517,37.55346669,버스
10907,강명초등학교,127.172373,37.553372,버스
10908,고덕자이,127.1725023,37.55160257,버스
10909,고덕리엔파크3단지,127.172726,37.55189,버스
10910,상일동산.롯데캐슬베네루체,127.165199,37.549972,버스
10911,상일동산.롯데캐슬베네루체,127.165437,37.549945,버스
10912,상일근린공원,127.167006,37.547315,버스
10913,상일근린공원,127.16724,37.547395,버스
10914,GS강동자이아파트.둔촌동프라자아파트,127.1490316,37.53700164,버스
10915,둔촌동프라자아파트.GS강동자이아파트,127.1481011,37.53613651,버스
10916,둔촌푸르지오아파트,127.144197,37.53503,버스
10917,둔촌푸르지오아파트,127.1446716,37.53464259,버스
10918,길동주민센터.서울양병원,127.141825,37.534121,버스
10919,둔촌2동주민센터.서울양병원,127.141927,37.533652,버스
10920,길동사거리.강동세무서,127.1375233,37.53444568,버스
10921,길동사거리.강동세무서,127.137182,37.534125,버스
10922,강동역1번출구.동신중학교,127.131857,37.536283,버스
10923,강동역.강풀만화거리입구,127.13097,37.536052,버스
10924,천호역5번출구.천호사거리,127.127032,37.537773,버스
10925,천호역6번출구.천호사거리,127.127293,37.53723,버스
10926,상일동역4번출구.센트럴푸르지오,127.169638,37.557235,버스
10927,상일동역6번출구.고덕아르테온,127.1679351,37.5568295,버스
10928,상일동역1번출구,127.163945,37.556517,버스
10929,상일동역8번출구,127.164852,37.55639,버스
10930,고덕그라시움,127.160702,37.556107,버스
10931,고덕그라시움,127.160272,37.55572789,버스
10932,고덕평생학습관.온조대왕체육관,127.1581417,37.55568841,버스
10933,고덕평생학습관.온조대왕체육관,127.158091,37.555507,버스
10934,고덕역,127.155862,37.555437,버스
10935,고덕역,127.154997,37.55504,버스
10936,배재중고등학교,127.149323,37.554855,버스
10937,배재중고등학교,127.149718,37.55454,버스
10938,동부기술교육원.장애인종합복지관,127.1465849,37.55479232,버스
10939,동부기술교육원.장애인종합복지관,127.145752,37.554617,버스
10940,명일초등학교,127.1434374,37.55486737,버스
10941,명일초등학교,127.143468,37.554602,버스
10942,암사3동주민센터(강동롯데캐슬퍼스트),127.139195,37.554877,버스
10943,암사3동주민센터프라이어팰리스,127.1393191,37.55455872,버스
10944,강일중.선사고,127.137023,37.554863,버스
10945,강일중.선사고,127.136093,37.554623,버스
10946,신암중학교,127.1313639,37.55483907,버스
10947,신암중학교,127.1313205,37.55461384,버스
10948,삼성광나루아파트.암사동유적,127.128468,37.553257,버스
10949,삼성광나루아파트.암사동유적,127.128813,37.553233,버스
10950,암사역선사현대아파트,127.127558,37.5507,버스
10951,암사역2번출구.암사종합시장,127.1275283,37.54960071,버스
10952,천호동공원,127.1259117,37.54596923,버스
10953,천호동공원,127.126227,37.546075,버스
10954,서울현대요양병원,127.124773,37.542905,버스
10955,서울현대요양병원,127.124856,37.5420614,버스
10956,천호역2번출구.현대백화점,127.123927,37.540348,버스
10957,천호역3번출구.현대백화점,127.1240057,37.53995311,버스
10958,천호역,127.12274,37.53590076,버스
10959,강동구청역1번출구.영파여고,127.121355,37.53215,버스
10960,상일동역2번출구,127.1651252,37.55733807,버스
10961,상일동역2번출구,127.1654239,37.55718019,버스
10962,고덕초등학교,127.165391,37.560169,버스
10963,고덕초등학교,127.165644,37.56004,버스
10964,강덕초등학교.고덕그라시움,127.1627959,37.56037858,버스
10965,강덕초등학교.고덕그라시움,127.162887,37.560255,버스
10966,광문고.서울컨벤션고,127.1576291,37.56058564,버스
10967,광문고.서울컨벤션고,127.156515,37.56044925,버스
10968,고덕아이파크아파트,127.154067,37.559738,버스
10969,고덕아이파크아파트,127.1537815,37.55936883,버스
10970,명일중학교,127.1487292,37.55824272,버스
10971,명일중학교,127.1488762,37.55842356,버스
10972,강동경희대병원.명일동이마트,127.1567608,37.55454947,버스
10973,강동아트센터.강동경희대병원,127.1561087,37.55234446,버스
10974,강동아트센터.강동경희대병원후문,127.156446,37.551068,버스
10975,한영중고한영외고,127.155872,37.548057,버스
10976,한영중고한영외고,127.156277,37.548007,버스
10977,길동자연생태공원,127.1525923,37.53903988,버스
10978,길동자연생태공원,127.1530135,37.53917991,버스
10979,일자산입구.둔촌도서관,127.149623,37.531993,버스
10980,일자산입구.둔촌도서관,127.1498681,37.53148948,버스
10981,서부입구,127.143333,37.517615,버스
10982,동북고등학교.둔촌오륜역,127.140043,37.518958,버스
10983,오륜교회앞,127.1320754,37.52247631,버스
10984,보훈병원,127.143506,37.528915,버스
10985,보훈병원,127.1428079,37.52987986,버스
10986,약수터,127.141638,37.532323,버스
10987,약수터,127.141383,37.532505,버스
10988,명일여자고등학교,127.149073,37.548425,버스
10989,명일여자고등학교,127.1493032,37.5483515,버스
10990,길동성당,127.14797,37.54441,버스
10991,길동성당,127.148191,37.544388,버스
10992,길동신동아아파트,127.1471322,37.54130405,버스
10993,길동신동아아파트,127.1473293,37.54138761,버스
10994,미사강변18단지.강일리버10단지,127.18176,37.56,버스
10995,윤슬중학교.강솔초등학교,127.18176,37.56198,버스
10996,강일리버5단지.미사강변루나리움,127.17919,37.567494,버스
10997,미사강변17단지.강일리버7단지,127.18013,37.56425,버스
10998,보훈회관,127.1452996,37.52645625,버스
10999,보훈회관,127.145385,37.526297,버스
11000,대순진리회,127.1312576,37.53035372,버스
11001,대순진리회,127.130955,37.530253,버스
11002,성내2동주민센터.성내복지관,127.128032,37.531257,버스
11003,성내2동주민센터.성내복지관,127.1281258,37.53103748,버스
11004,성내삼성청구아파트,127.1255463,37.53192153,버스
11005,성내삼성청구아파트,127.1260703,37.53164575,버스
11006,성내주유소,127.1220777,37.53292481,버스
11007,성내주유소,127.122282,37.532703,버스
11008,강동농협,127.1427532,37.54096431,버스
11009,강동농협,127.1431647,37.54073313,버스
11010,참잘함한방병원,127.1398826,37.54113355,버스
11011,참잘함한방병원,127.140043,37.54093,버스
11012,천동초등학교.천호도서관,127.1366641,37.54042365,버스
11013,천동초등학교.천호도서관,127.136948,37.540437,버스
11014,강동성심병원(동신중학교),127.1355,37.537458,버스
11015,강동성심병원(동신중학교),127.1352327,37.53734265,버스
11016,조은마디병원,127.1339143,37.53414706,버스
11017,조은마디병원,127.133768,37.534472,버스
11018,JYP엔터테인먼트.윤선생영어교실,127.1291706,37.52477282,버스
11019,JYP엔터테인먼트.윤선생영어교실,127.1294413,37.52495905,버스
11020,명일역3번출구.래미안솔베뉴,127.1442239,37.5518874,버스
11021,명일역2번출구,127.1439709,37.55214992,버스
11022,명일역1번출구.명일전통시장,127.1436703,37.55002461,버스
11023,명일역4번출구.명일전통시장,127.1440658,37.55031428,버스
11024,굽은다리사거리,127.1433278,37.54791016,버스
11025,굽은다리사거리,127.1435586,37.54726559,버스
11026,십자성마을,127.1419715,37.54345768,버스
11027,십자성마을,127.1421222,37.54297902,버스
11028,길동역1번출구,127.1399401,37.53797243,버스
11029,길동역3번출구,127.1400079,37.53731365,버스
11030,서울프라임한방병원,127.1389352,37.53552534,버스
11031,서울프라임한방병원,127.139365,37.535437,버스
11032,강동리바트,127.1373321,37.53136415,버스
11033,동명약국앞,127.137687,37.530813,버스
11034,둔촌동역4번출구,127.1361248,37.52825586,버스
11035,둔촌동역2번출구,127.136254,37.527242,버스
11036,서울성내동우체국,127.1343603,37.52351991,버스
11037,한국전력공사강동송파지사,127.13533,37.524488,버스
11038,고덕자이.상일여고,127.171294,37.550913,버스
11039,고덕자이.상일여고,127.1721418,37.55084618,버스
11040,상일1동주민센터.고덕사회체육센터,127.168167,37.550467,버스
11041,상일1동주민센터.롯데캐슬베네루체,127.1682563,37.5502886,버스
11042,고덕숲아이파크,127.164629,37.55063415,버스
11043,고덕숲아이파크,127.1647425,37.55045395,버스
11044,강동고등학교,127.1603417,37.55022121,버스
11045,강동고등학교,127.160682,37.550262,버스
11046,한영중고한영외고,127.1567383,37.54922764,버스
11047,명일동현대아파트,127.153213,37.549277,버스
11048,한영중고한영외고,127.155655,37.549082,버스
11049,고덕삼환.주공9단지아파트,127.151608,37.549272,버스
11050,고덕삼환.주공9단지아파트,127.152089,37.549126,버스
11051,명일여자고등학교,127.1484178,37.5494552,버스
11052,명일여자고등학교,127.14885,37.54915,버스
11053,명일1동주민센터,127.1462721,37.55047806,버스
11054,명일1동주민센터,127.146368,37.550193,버스
11055,강동구청,127.12254,37.530205,버스
11056,강동구청,127.122567,37.529925,버스
11057,강동보건소앞,127.125492,37.528822,버스
11058,강동보건소건너,127.125423,37.52855966,버스
11059,한양수자인아파트,127.1286297,37.52735145,버스
11060,한양수자인아파트,127.128557,37.527221,버스
11061,서울장애인복지관,127.1490837,37.55520009,버스
11062,서울장애인복지관,127.1488865,37.55508049,버스
11063,명일동신동아아파트,127.152322,37.554952,버스
11064,명일동신동아아파트,127.1518429,37.5545613,버스
11065,상일동동아아파트,127.1675513,37.54578773,버스
11066,상일동동아아파트,127.1675745,37.54554801,버스
11067,상일동주몽재활원,127.1642692,37.54597942,버스
11068,상일동주몽재활원,127.163691,37.545756,버스
11069,상일동빌라단지,127.159111,37.545463,버스
11070,상일동빌라단지,127.159568,37.545618,버스
11071,중앙보훈병원역1번출구,127.1480519,37.52799195,버스
11072,중앙보훈병원역1번출구,127.148076,37.527208,버스
11073,강동첨단업무단지.상일여고입구,127.1730829,37.54864253,버스
11074,강동첨단업무단지.상일여고입구,127.1732465,37.54940462,버스
11075,천동초교입구사거리,127.141012,37.53995537,버스
11076,천동초교입구사거리,127.1406623,37.53994047,버스
11077,강동구청역농협중앙회,127.120115,37.529145,버스
11078,성내구립도서관.사회적경제지원센터,127.1332543,37.53269253,버스
11079,성내구립도서관.사회적경제지원센터,127.132767,37.53226596,버스
11080,둔촌습지앞,127.1456204,37.52190041,버스
11081,강일리버파크6단지,127.175519,37.563881,버스
11082,강일동주민센터,127.173929,37.566015,버스
11083,강일동주민센터,127.173874,37.565716,버스
11084,강일리버파크4단지.2단지,127.176556,37.568441,버스
11085,강일리버파크2단지.4단지,127.1765457,37.56862184,버스
11086,강일고등학교.강일리버파크7단지,127.177918,37.565067,버스
11087,강일고등학교.강일리버파크7단지,127.1784008,37.56471101,버스
11088,강일리버파크6단지,127.17623,37.562806,버스
11089,강일초등학교,127.175752,37.565095,버스
11090,강일초등학교,127.176868,37.565868,버스
11091,강일리버파크9단지.10단지,127.1794627,37.55955336,버스
11092,강일리버파크10단지.9단지,127.1797197,37.55955837,버스
11093,중앙보훈병원역2번출구,127.1486791,37.52959797,버스
11094,중앙보훈병원역3번출구,127.148934,37.529326,버스
11095,강일리버파크8단지,127.1777181,37.56227189,버스
11096,강일리버파크8단지,127.177967,37.562648,버스
11097,강일리버파크4단지.5단지,127.177374,37.56656,버스
11098,강일리버파크5단지.4단지,127.177484,37.56712372,버스
11099,강일리버파크1단지.3단지,127.173301,37.567036,버스
11100,강일리버파크3단지.1단지,127.174408,37.568207,버스
11101,상일파출소.고덕아르테온,127.165766,37.555557,버스
11102,강일리버파크9단지후문,127.1801379,37.56169242,버스
11103,강일리버파크9단지후문,127.1799003,37.56171621,버스
11104,강동공영차고지,127.174627,37.564251,버스
11105,강일역.고덕리엔파크2단지.3단지,127.1737391,37.55733802,버스
11106,강일역.고덕리엔파크3단지.2단지,127.174125,37.557097,버스
11107,고덕리엔파크2단지,127.1730238,37.55683896,버스
11108,강명초등학교.고덕리엔파크3단지,127.173785,37.554043,버스
11109,강명초등학교.고덕리엔파크3단지,127.173335,37.553825,버스
11110,고덕리엔파크2단지,127.1733644,37.55683486,버스
11111,굽은다리역구민회관.강동홈플러스,127.14279,37.545698,버스
11112,굽은다리역구민회관.강동홈플러스,127.143063,37.545612,버스
11113,삼성엔지니어링,127.17495,37.54991,버스
11114,삼성엔지니어링,127.17478,37.54987,버스
11115,고덕리엔파크3단지서문,127.1738484,37.55125728,버스
11116,고덕리엔파크3단지서문,127.1738479,37.55107076,버스
11117,천동초교삼거리,127.1367999,37.54156668,버스
11118,천동초교삼거리,127.136237,37.54193,버스
11119,동아하이빌,127.134127,37.544085,버스
11120,동아하이빌,127.134087,37.543892,버스
11121,천일초교사거리,127.132309,37.54460068,버스
11122,천일초교사거리,127.1312463,37.54453699,버스
11123,천일중.구강사,127.129015,37.545113,버스
11124,천일중.구강사,127.1290019,37.54493529,버스
11125,고덕센트럴.고덕숲아이파크,127.1654104,37.55101169,버스
11126,고덕숲.고덕센트럴아이파크,127.1651421,37.55153019,버스
11127,고현초등학교.고덕센트럴아이파크,127.1653277,37.55304107,버스
11128,고현초등학교.고덕숲아이파크,127.165072,37.553965,버스
11129,현대토파즈아파트,127.1258611,37.52530533,버스
11130,채선당앞,127.1218419,37.52708021,버스
11131,서울시동부기술교육원.명덕초교,127.144808,37.556223,버스
11132,아남.대우아파트,127.14476,37.557713,버스
11133,강동롯데캐슬퍼스트아파트,127.144559,37.556909,버스
11134,천호역1번출구.문구거리,127.122232,37.539294,버스
11135,강동리버스트7.6단지,127.172133,37.570644,버스
11136,강동리버스트6.7단지,127.17195,37.570491,버스
11137,강동리버스트상가,127.174004,37.572099,버스
11138,강동리버스트상가,127.1746744,37.57247694,버스
11139,강동리버스트8단지,127.177054,37.572949,버스
11140,강일역3번출구,127.1772713,37.55762529,버스
11141,강동리엔파크9단지,127.1794171,37.5560067,버스
11142,강동리엔파크9단지,127.179726,37.556268,버스
11143,강동리엔파크11단지,127.179383,37.554057,버스
11144,강동리엔파크11단지,127.179833,37.553587,버스
11145,강동리엔파크13.14단지,127.181663,37.55126,버스
11146,강동리엔파크13.14단지,127.181737,37.551373,버스
11147,강일역2번출구,127.177373,37.55793,버스
11148,가래여울,127.1688783,37.57651372,버스
11149,신명초교입구교차로,127.146753,37.54008805,버스
11150,강일리버파크3단지301동,127.1742419,37.56812425,버스
11151,길동초등학교,127.1464238,37.53900264,버스
11152,강일리버파크1단지103동,127.1727485,37.56800029,버스
11153,길동우성아파트.은평교회맞은편,127.145545,37.53632566,버스
11154,둔촌푸르지오아파트사거리,127.14493,37.534371,버스
11155,강일고등학교.강일리버파크7단지,127.1779895,37.56502882,버스
11156,둔촌고앞,127.1437301,37.53168544,버스
11157,구립둔촌어린이집,127.1430346,37.53008773,버스
11158,고덕1동주민센터.두레근린공원,127.151465,37.55816,버스
11159,고덕역1번출구,127.153148,37.555318,버스
11160,명일신동아아파트,127.152717,37.552739,버스
11161,강일리버파크3단지308동,127.1757123,37.56517821,버스
11162,둔촌주공아파트1.4단지후문,127.1416277,37.52745192,버스
11163,상일동역3.4번출구,127.167976,37.557034,버스
11164,한산중학교,127.1389985,37.52818853,버스
11165,주양쇼핑,127.152898,37.552198,버스
11166,고덕리엔파크1단지,127.170521,37.561242,버스
11167,둔촌역,127.1372435,37.52870061,버스
11168,고덕역1번출구,127.1533776,37.55550559,버스
11169,고덕1동주민센터.두레근린공원,127.151716,37.558277,버스
11170,우리은행둔촌역지점.발리호텔,127.1360979,37.52901642,버스
11171,둔촌청구아파트,127.1342126,37.52950517,버스
11172,고덕중학교,127.1610298,37.56077028,버스
11173,대순진리회,127.1313345,37.5303284,버스
11174,농협둔촌동지점,127.143694,37.529086,버스
11175,성내2동주민센터.성내복지관,127.1280943,37.53119251,버스
11176,고덕아이파크101동,127.1559731,37.56057252,버스
11177,성내삼성아파트.공안과,127.1256097,37.53189983,버스
11178,9호선중앙보훈병원역1번출구,127.147509,37.527796,버스
11179,성내주유소,127.1221432,37.53289918,버스
11180,묘곡초교사거리,127.1516273,37.55931935,버스
11181,선린초등학교,127.145196,37.528832,버스
11182,아남.대우아파트,127.144594,37.55751,버스
11183,롯데캐슬아파트,127.1444777,37.5561042,버스
11184,명일동국민은행.래미안솔베뉴,127.1441673,37.55372892,버스
11185,명일역,127.1439571,37.55204722,버스
11186,성덕고등학교,127.1433061,37.55076485,버스
11187,천호우성아파트,127.1397441,37.55059521,버스
11188,성내주유소,127.122264,37.53270893,버스
11189,약국앞,127.1375045,37.5500707,버스
11190,성내삼성아파트.공안과,127.1261793,37.53161774,버스
11191,강동농협,127.1353709,37.54808355,버스
11192,성내2동주민센터.성내복지관,127.1280545,37.53105829,버스
11193,대순진리회,127.1312629,37.53014556,버스
11194,고분다리,127.131286,37.54266537,버스
11195,둔촌청구아파트,127.1336775,37.52949856,버스
11196,천호시장,127.1301021,37.54124745,버스
11197,둔촌시장.발리호텔,127.1359946,37.528821,버스
11198,천호동로데오거리,127.1271983,37.54056488,버스
11199,서울.경기양돈농협,127.1334688,37.54763426,버스
11200,둔촌역,127.1372148,37.52848798,버스
11201,브라운스톤,127.1300716,37.54908071,버스
11202,둔촌주공아파트1.4단지후문,127.1421804,37.52710703,버스
11203,암사종합시장,127.1283514,37.54982509,버스
11204,천호역5번출구,127.1270532,37.53775272,버스
11205,암사역,127.1278571,37.55063301,버스
11206,암사삼성.현대아파트,127.128864,37.553522,버스
11207,둔촌고등학교,127.1439442,37.53178069,버스
11208,천호우체국,127.1253621,37.5408597,버스
11209,고덕주유소.선사초등학교,127.129451,37.555068,버스
11210,둔촌푸르지오아파트사거리,127.1450863,37.53433571,버스
11211,천호동로데오거리,127.1271889,37.54036214,버스
11212,선사마을,127.1304453,37.55767079,버스
11213,길동은평교회,127.1458326,37.53642353,버스
11214,천호시장,127.1293712,37.54065263,버스
11215,서울암사동유적,127.1311704,37.55936818,버스
11216,길동초등학교,127.1465127,37.53872949,버스
11217,고분다리,127.1316893,37.54293435,버스
11218,서원마을,127.133091,37.563753,버스
11219,신명초교입구교차로,127.146925,37.540325,버스
11220,서울암사동유적,127.1308364,37.5593289,버스
11221,강동농협,127.1358972,37.54840916,버스
11222,선사마을,127.1300088,37.55726451,버스
11223,약국앞,127.13752,37.54991479,버스
11224,선사초등학교,127.129285,37.555166,버스
11225,천호우성아파트,127.1391292,37.55037877,버스
11226,암사역,127.127763,37.550955,버스
11227,고덕한양아파트,127.1556459,37.54909122,버스
11228,지식산업센터,127.159978,37.565373,버스
11229,온조대왕문화체육관,127.156585,37.557771,버스
11230,온조대왕문화체육관,127.156813,37.556495,버스
11231,광문고.컨벤션고,127.156912,37.558451,버스
11232,천호우체국,127.1254334,37.5408398,버스
11233,강동구청,127.1218466,37.53140727,버스
11234,고분다리시장입구,127.1315503,37.54304353,버스
11235,고분다리시장입구,127.1317313,37.54297665,버스
11236,천호우성아파트,127.1376866,37.550002,버스
11237,성덕중고등학교,127.142691,37.550645,버스
11238,성덕중고등학교,127.1429223,37.55070224,버스
11239,강동농협,127.1353379,37.54807047,버스
11240,강동농협,127.1359045,37.54840012,버스
11241,천호우성아파트,127.1377662,37.55019474,버스
11242,천호초교입구사거리,127.134214,37.546492,버스
11243,천호시장,127.1291639,37.54058257,버스
11244,천호초교입구사거리,127.133649,37.545888,버스
11245,천호시장,127.1290759,37.54069711,버스
11246,암사종합시장,127.1282505,37.54969905,버스
11247,명일동국민은행.래미안솔베뉴,127.144359,37.5534443,버스
11248,브라운스톤,127.1301482,37.54887157,버스
11249,삼익가든아파트,127.14854,37.54630481,버스
11250,삼익가든아파트,127.14878,37.546158,버스
11251,둔촌신성미소지움아파트,127.144295,37.52678495,버스
11252,둔촌신성미소지움아파트,127.144261,37.526637,버스
11253,9호선중앙보훈병원역1번출구,127.1475394,37.52791119,버스
11254,상일초등학교,127.1714625,37.54577311,버스
11255,길동LG자이아파트,127.1480055,37.53611239,버스
11256,강동구청역,127.1212544,37.53180617,버스
11257,천호역,127.1270546,37.53728465,버스
11258,길동사거리,127.136998,37.534205,버스
11259,상일초등학교,127.171582,37.546425,버스
11260,길동LG자이아파트,127.14913,37.537081,버스
11261,길동사거리,127.137085,37.534662,버스
11262,천호역,127.127292,37.537724,버스
11263,강동구청역,127.1205586,37.53117972,버스
11264,둔촌동역,127.1362223,37.5271572,버스
11265,둔촌동역,127.135892,37.527387,버스
11266,서울.경기양돈농협,127.1332864,37.54754436,버스
11267,고덕래미안힐스테이트시니어센터,127.147944,37.559295,버스
11268,고덕1동주민센터.고덕래미안힐스테이트,127.150546,37.55871,버스
11269,고덕중학교,127.1606413,37.56062303,버스
11270,상일동역5번출구,127.168426,37.556891,버스
11271,강일리버파크1단지.금화사,127.173373,37.567027,버스
11272,강일리버파크6단지,127.1754977,37.56393051,버스
11273,강일리버파크6단지610동,127.1759067,37.56506438,버스
11274,강일리버파크1단지정문,127.1728698,37.56809653,버스
11275,가래여울,127.1690128,37.57656426,버스
11276,강동리버스트4단지,127.171993,37.573778,버스
11277,강동리버스트8단지,127.176671,37.573007,버스
11278,강동리버스트8단지,127.1761086,37.57259633,버스
11279,강빛초.중학교,127.1728,37.57415,버스
11280,굽은다리역,127.143019,37.545412,버스
11281,굽은다리역,127.142752,37.545591,버스
11282,명일동국민은행.래미안솔베뉴,127.144192,37.554146,버스
11283,명일동국민은행.래미안솔베뉴,127.144359,37.553372,버스
11284,암사삼성.현대아파트,127.1285487,37.55331842,버스
11285,천호우체국.로데오거리,127.1272741,37.54055579,버스
11286,우성아파트,127.1393385,37.55038573,버스
11287,우성아파트,127.1400464,37.55064261,버스
11288,조일약국,127.1235962,37.53363026,버스
11289,성내시장,127.1254968,37.53615493,버스
11290,천호우체국.로데오거리,127.1273371,37.54034306,버스
11291,03호선 가락시장역,127.118046,37.4930418,지하철
11292,08호선 가락시장역,127.118046,37.4930418,지하철
11293,05호선 개롱역,127.131129,37.4999389,지하철
11294,03호선 경찰병원역,127.127014,37.5007812,지하철
11295,08호선 송파역,127.112232,37.4997779,지하철
11296,01호선 가산디지털단지역,126.882476,37.4818041,지하철
11297,07호선 가산디지털단지역,126.882239,37.4817048,지하철
11298,01호선 독산역,126.889419,37.4661244,지하철
11299,09호선 가양역,126.8536,37.5619422,지하철
11300,09호선 양천향교역,126.840774,37.5686739,지하철
11301,01호선 남영역,126.971216,37.5416053,지하철
11302,04호선 숙대입구(갈월)역,126.971916,37.5455519,지하철
11303,03호선 연신내역,126.920837,37.6189135,지하철
11304,06호선 연신내역,126.920837,37.6189135,지하철
11305,01호선 개봉역,126.854218,37.4954765,지하철
11306,수인분당선 개포동역,127.067802,37.4893596,지하철
11307,수인분당선 구룡역,127.058618,37.487166,지하철
11308,09호선 개화역,126.79618,37.5793356,지하철
11309,05호선 거여역,127.142009,37.4942321,지하철
11310,05호선 고덕역,127.153838,37.5556113,지하철
11311,경의선 공덕역,126.951493,37.542842,지하철
11312,05호선 공덕역,126.951232,37.5445358,지하철
11313,06호선 공덕역,126.951945,37.5434999,지하철
11314,공항철도 공덕역,126.951493,37.542842,지하철
11315,07호선 공릉역,127.072896,37.6257037,지하철
11316,06호선 태릉입구역,127.07511,37.6191252,지하철
11317,07호선 태릉입구역,127.07511,37.6191252,지하철
11318,06호선 화랑대(서울여대입구)역,127.083266,37.6198766,지하철
11319,09호선 공항시장역,126.810564,37.5635834,지하철
11320,05호선 송정역,126.81049,37.5614569,지하철
11321,05호선 광나루역,127.103484,37.545151,지하철
11322,01호선 구로역,126.882284,37.5026981,지하철
11323,02호선 구로디지털단지역,126.901058,37.4853443,지하철
11324,01호선 구일역,126.870545,37.496631,지하철
11325,07호선 남구로역,126.88662,37.4849167,지하철
11326,02호선 대림(구로구청)역,126.894783,37.4934118,지하철
11327,07호선 대림(구로구청)역,126.896842,37.492882,지하철
11328,06호선 구산역,126.917165,37.6111986,지하철
11329,02호선 강변역,127.094521,37.5353646,지하철
11330,02호선 구의(광진구청)역,127.089874,37.5380892,지하철
11331,05호선 신금호역,127.019739,37.554555,지하철
11332,03호선 금호역,127.015879,37.5480954,지하철
11333,05호선 길동역,127.139975,37.5377977,지하철
11334,04호선 길음역,127.024813,37.6031895,지하철
11335,경의선 가좌역,126.915118,37.5688237,지하철
11336,경의선 서울역,126.972785,37.5530934,지하철
11337,공항철도 서울역,126.969593,37.553453,지하철
11338,01호선 서울역,126.972534,37.5568865,지하철
11339,경의선 서강대역,126.935236,37.5522945,지하철
11340,02호선 신촌(지하)역,126.937656,37.5545393,지하철
11341,01호선 노량진역,126.942893,37.5139431,지하철
11342,09호선 노량진역,126.940473,37.5135455,지하철
11343,03호선 녹번역,126.935555,37.6010111,지하철
11344,06호선 역촌역,126.922969,37.6060489,지하철
11345,07호선 논현역,127.022126,37.509685,지하철
11346,09호선 언주역,127.034238,37.5074838,지하철
11347,07호선 학동역,127.036267,37.5156733,지하철
11348,05호선 군자(능동)역,127.080514,37.5567103,지하철
11349,07호선 군자(능동)역,127.080514,37.5567103,지하철
11350,05호선 아차산(어린이대공원후문)역,127.084474,37.5550768,지하철
11351,02호선 당산역,126.902836,37.5350809,지하철
11352,09호선 당산역,126.902181,37.5340082,지하철
11353,05호선 영등포구청역,126.89492,37.5242891,지하철
11354,02호선 영등포구청역,126.89751,37.5246608,지하철
11355,07호선 보라매역,126.920999,37.4998837,지하철
11356,신림선 보라매역,126.920918,37.5013432,지하철
11357,신림선 서울지방병무청역,126.922509,37.5052456,지하철
11358,07호선 신대방삼거리역,126.927558,37.4997438,지하철
11359,06호선 불광역,126.929272,37.6105218,지하철
11360,03호선 불광역,126.929272,37.6105218,지하철
11361,03호선 대치역,127.063079,37.4944438,지하철
11362,03호선 학여울역,127.072309,37.4968623,지하철
11363,수인분당선 한티역,127.050679,37.501045,지하철
11364,06호선 대흥역,126.942505,37.5476402,지하철
11365,03호선 도곡역,127.05515,37.4908437,지하철
11366,수인분당선 도곡역,127.055093,37.4905464,지하철
11367,03호선 매봉역,127.046147,37.4867659,지하철
11368,01호선 도봉역,127.044968,37.6757937,지하철
11369,01호선 도봉산역,127.046189,37.689452,지하철
11370,07호선 도봉산역,127.046642,37.6890193,지하철
11371,05호선 마포역,126.945895,37.5395599,지하철
11372,경의선 홍대입구역,126.923654,37.5568735,지하철
11373,02호선 홍대입구역,126.929982,37.5559044,지하철
11374,공항철도 홍대입구역,126.929982,37.5559044,지하철
11375,우이신설경전철 성신여대입구역,127.016533,37.5924241,지하철
11376,04호선 성신여대입구(돈암)역,127.016759,37.5930818,지하철
11377,04호선 서울(4호선)역,126.972785,37.5530934,지하철
11378,04호선 동작(현충원)역,126.979963,37.5028463,지하철
11379,09호선 동작(현충원)역,126.978232,37.5031433,지하철
11380,05호선 둔촌동역,127.136348,37.5281162,지하철
11381,09호선 둔촌오륜역,127.142291,37.517937,지하철
11382,09호선 중앙보훈병원역,127.148329,37.5283362,지하철
11383,09호선 등촌역,126.864734,37.5511798,지하철
11384,09호선 증미역,126.861565,37.557528,지하철
11385,05호선 마곡역,126.825479,37.5602098,지하철
11386,09호선 마곡나루역,126.827093,37.5666453,지하철
11387,공항철도 마곡나루역,126.827606,37.5653396,지하철
11388,05호선 발산역,126.837286,37.5590105,지하철
11389,05호선 마장역,127.040885,37.5655419,지하철
11390,05호선 마천역,127.151938,37.4944091,지하철
11391,06호선 망원역,126.910018,37.5560348,지하철
11392,07호선 면목역,127.087331,37.5892042,지하철
11393,07호선 사가정역,127.08637,37.5809609,지하철
11394,07호선 용마산역,127.087042,37.5740138,지하철
11395,04호선 혜화역,127.001824,37.5819285,지하철
11396,05호선 굽은다리(강동구민회관앞)역,127.143148,37.546038,지하철
11397,05호선 명일역,127.143983,37.5512448,지하철
11398,05호선 목동역,126.866274,37.5259537,지하철
11399,09호선 신목동역,126.882818,37.544595,지하철
11400,05호선 오목교(목동운동장앞)역,126.872769,37.5248437,지하철
11401,07호선 먹골역,127.077695,37.6108525,지하철
11402,02호선 문래역,126.894928,37.518748,지하철
11403,08호선 문정역,127.122151,37.4863793,지하철
11404,04호선 미아(서울사이버대학)역,127.024719,37.6294351,지하철
11405,04호선 미아사거리역,127.030015,37.6149732,지하철
11406,우이신설경전철 삼양역,127.01808,37.6274541,지하철
11407,우이신설경전철 삼양사거리역,127.020107,37.622165,지하철
11408,우이신설경전철 솔샘역,127.013016,37.6202469,지하철
11409,03호선 고속터미널역,127.004821,37.5049926,지하철
11410,07호선 고속터미널역,127.004821,37.5049926,지하철
11411,09호선 고속터미널역,127.004821,37.5049926,지하철
11412,09호선 구반포역,126.986104,37.5011354,지하철
11413,09호선 사평역,127.011821,37.5048751,지하철
11414,09호선 신반포역,126.998895,37.5043079,지하철
11415,04호선 남태령역,126.989254,37.4643658,지하철
11416,07호선 내방역,126.993151,37.4875129,지하철
11417,02호선 방배역,126.997335,37.4813773,지하철
11418,05호선 방이역,127.12423,37.5059829,지하철
11419,09호선 송파나루역,127.112996,37.5114091,지하철
11420,05호선 올림픽공원(한국체대)역,127.131102,37.5164722,지하철
11421,09호선 올림픽공원(한국체대)역,127.131102,37.5164722,지하철
11422,09호선 한성백제역,127.11547,37.5166866,지하철
11423,01호선 방학역,127.044609,37.6635856,지하철
11424,05호선 개화산역,126.805606,37.5723148,지하철
11425,05호선 김포공항역,126.802954,37.5650124,지하철
11426,09호선 김포공항역,126.802954,37.5650124,지하철
11427,공항철도 김포공항역,126.802954,37.5650124,지하철
11428,김포도시철도 김포공항역,126.802954,37.5650124,지하철
11429,05호선 방화역,126.812624,37.5771736,지하철
11430,09호선 신방화역,126.815987,37.5675023,지하철
11431,06호선 보문역,127.01969,37.5854229,지하철
11432,우이신설경전철 보문역,127.019509,37.5849455,지하철
11433,09호선 노들역,126.952045,37.5125237,지하철
11434,02호선 낙성대(강감찬)역,126.968191,37.4753901,지하철
11435,신림선 당곡역,126.927715,37.4898419,지하철
11436,02호선 봉천역,126.941471,37.4825425,지하철
11437,02호선 서울대입구(관악구청)역,126.952009,37.4813491,지하철
11438,06호선 독바위역,126.932833,37.6183625,지하철
11439,07호선 남성역,126.971092,37.4847162,지하철
11440,04호선 사당역,126.981609,37.4768977,지하철
11441,02호선 사당역,126.9759,37.4765092,지하철
11442,07호선 이수역,126.980658,37.4849526,지하철
11443,04호선 총신대입구(이수)역,126.982386,37.4890614,지하철
11444,04호선 한성대입구(삼선교)역,127.005787,37.5880552,지하철
11445,수인분당선 강남구청역,127.041301,37.517168,지하철
11446,07호선 강남구청역,127.041301,37.517168,지하철
11447,09호선 봉은사역,127.06184,37.5145097,지하철
11448,02호선 삼성(무역센터)역,127.058001,37.5073938,지하철
11449,09호선 삼성중앙역,127.04848,37.5116236,지하철
11450,수인분당선 선릉역,127.058001,37.5073938,지하철
11451,02호선 선릉역,127.058001,37.5073938,지하철
11452,수인분당선 선정릉역,127.043244,37.5120581,지하철
11453,09호선 선정릉역,127.043244,37.5120581,지하철
11454,09호선 석촌고분역,127.096924,37.503179,지하철
11455,04호선 노원역,127.06268,37.6561896,지하철
11456,07호선 노원역,127.060752,37.6535687,지하철
11457,04호선 불암산역,127.0794,37.6706224,지하철
11458,07호선 마들역,127.057463,37.6658056,지하철
11459,04호선 상계역,127.073973,37.6613728,지하철
11460,07호선 수락산역,127.055317,37.6762849,지하철
11461,07호선 상도역,126.947188,37.5035927,지하철
11462,07호선 숭실대입구역,126.953978,37.495856,지하철
11463,07호선 장승배기역,126.944551,37.5052223,지하철
11464,경의선 망우역,127.091838,37.5995442,지하철
11465,경춘선 망우역,127.091838,37.5995442,지하철
11466,경춘선 상봉(시외버스터미널)역,127.085256,37.59672,지하철
11467,07호선 상봉(시외버스터미널)역,127.085256,37.59672,지하철
11468,경의선 상봉(시외버스터미널)역,127.085256,37.59672,지하철
11469,06호선 상수역,126.922917,37.5479261,지하철
11470,06호선 상월곡(한국과학기술연구원)역,127.050636,37.6075153,지하철
11471,05호선 강일역,127.176168,37.5560488,지하철
11472,05호선 상일동역,127.156866,37.55349,지하철
11473,06호선 합정역,126.914608,37.5500917,지하철
11474,02호선 합정역,126.913648,37.5489197,지하철
11475,경의선 서빙고역,126.990161,37.5199217,지하철
11476,"03호선 교대(법원, 검찰청)역",127.01917,37.4954317,지하철
11477,"02호선 교대(법원, 검찰청)역",127.01917,37.4954317,지하철
11478,03호선 남부터미널(예술의전당)역,127.0159,37.4855932,지하철
11479,02호선 서초역,127.008959,37.4922883,지하철
11480,03호선 양재(서초구청)역,127.033369,37.4847608,지하철
11481,신분당선 양재(서초구청)역,127.033369,37.4847608,지하철
11482,06호선 돌곶이역,127.057331,37.6104945,지하철
11483,08호선 석촌역,127.104598,37.5078217,지하철
11484,09호선 석촌역,127.104598,37.5078217,지하철
11485,08호선 강동구청역,127.120559,37.530656,지하철
11486,06호선 마포구청역,126.903342,37.5633995,지하철
11487,06호선 월드컵경기장(성산)역,126.899009,37.569937,지하철
11488,02호선 뚝섬역,127.047337,37.5471774,지하철
11489,수인분당선 서울숲역,127.044936,37.544205,지하철
11490,02호선 성수역,127.056965,37.5446685,지하철
11491,05호선 광화문(세종문화회관)역,126.976661,37.5706546,지하철
11492,03호선 수서역,127.10067,37.4880842,지하철
11493,수인분당선 수서역,127.10067,37.4880842,지하철
11494,우이신설경전철 가오리역,127.016758,37.6416447,지하철
11495,04호선 수유(강북구청)역,127.027782,37.6401291,지하철
11496,우이신설경전철 화계역,127.017527,37.6335358,지하철
11497,06호선 동묘앞역,127.0156,37.5727646,지하철
11498,01호선 동묘앞역,127.017117,37.5735843,지하철
11499,01호선 금천구청역,126.89476,37.4539387,지하철
11500,01호선 대방역,126.925679,37.5132936,지하철
11501,신림선 대방역,126.925476,37.5128971,지하철
11502,07호선 신풍역,126.909384,37.5002896,지하철
11503,06호선 봉화산역,127.090943,37.6175015,지하철
11504,경춘선 신내역,127.103803,37.6126888,지하철
11505,06호선 신내역,127.107314,37.6124424,지하철
11506,06호선 버티고개역,127.00721,37.5484205,지하철
11507,06호선 신당역,127.016075,37.5674758,지하철
11508,02호선 신당역,127.022266,37.5653214,지하철
11509,03호선 약수역,127.010968,37.5544299,지하철
11510,06호선 약수역,127.01047,37.5547453,지하철
11511,05호선 청구역,127.013855,37.5603311,지하철
11512,06호선 청구역,127.013855,37.5603311,지하철
11513,신림선 보라매공원역,126.919096,37.4926473,지하철
11514,신림선 보라매병원역,126.924751,37.491615,지하철
11515,02호선 신대방역,126.912939,37.4875342,지하철
11516,02호선 도림천역,126.882843,37.5143486,지하철
11517,01호선 신도림역,126.891085,37.5087254,지하철
11518,02호선 신도림역,126.891085,37.5087254,지하철
11519,신림선 관악산역,126.945099,37.4688941,지하철
11520,신림선 서울대벤처타운역,126.934097,37.472186,지하철
11521,신림선 서원역,126.933052,37.4782131,지하철
11522,신림선 신림역,126.927981,37.4840126,지하철
11523,02호선 신림역,126.927981,37.4840126,지하철
11524,03호선 신사역,127.018283,37.5209301,지하철
11525,신분당선 신사역,127.031596,37.4910143,지하철
11526,03호선 압구정역,127.028318,37.5239556,지하철
11527,06호선 새절(신사)역,126.91327,37.5911398,지하철
11528,06호선 응암역,126.914461,37.59879,지하철
11529,02호선 신설동역,127.02665,37.576646,지하철
11530,우이신설경전철 신설동역,127.023208,37.5765566,지하철
11531,01호선 신설동역,127.02665,37.576646,지하철
11532,신분당선 청계산입구역,127.054792,37.4483975,지하철
11533,05호선 신정역,126.855947,37.5249864,지하철
11534,02호선 신정네거리역,126.852971,37.5197479,지하철
11535,02호선 양천구청역,126.865981,37.5126366,지하철
11536,08호선 몽촌토성역,127.111704,37.5172938,지하철
11537,02호선 잠실(송파구청)역,127.076163,37.5174028,지하철
11538,08호선 잠실(송파구청)역,127.104133,37.514958,지하철
11539,02호선 잠실나루역,127.103914,37.5204723,지하철
11540,경의선 신촌역,126.941194,37.5597128,지하철
11541,02호선 아현역,126.956601,37.5547372,지하철
11542,05호선 애오개역,126.95659,37.5533496,지하철
11543,03호선 안국역,126.984651,37.5762061,지하철
11544,06호선 안암(고대병원앞)역,127.029348,37.5860788,지하철
11545,08호선 암사역,127.128185,37.5511547,지하철
11546,수인분당선 압구정로데오역,127.04124,37.529421,지하철
11547,신분당선 양재시민의숲역,127.038314,37.4698928,지하철
11548,05호선 양평역,126.885517,37.5256678,지하철
11549,09호선 선유도역,126.89352,37.538028,지하철
11550,09호선 국회의사당역,126.918537,37.5273714,지하철
11551,09호선 샛강역,126.929838,37.5170894,지하철
11552,신림선 샛강역,126.930437,37.5175133,지하철
11553,05호선 여의나루역,126.931422,37.5286772,지하철
11554,05호선 여의도역,126.924234,37.521681,지하철
11555,09호선 여의도역,126.922184,37.5234276,지하철
11556,신분당선 강남역,127.027619,37.497952,지하철
11557,02호선 강남역,127.027619,37.497952,지하철
11558,09호선 신논현역,127.028356,37.5055482,지하철
11559,신분당선 신논현역,127.031483,37.4903385,지하철
11560,02호선 역삼역,127.043612,37.5028587,지하철
11561,02호선 이대역,126.948315,37.5568691,지하철
11562,09호선 염창역,126.87573,37.5470744,지하철
11563,01호선 영등포역,126.906334,37.5156493,지하철
11564,01호선 신길역,126.917655,37.5169643,지하철
11565,05호선 신길역,126.914487,37.5177008,지하철
11566,05호선 영등포시장역,126.90593,37.5220821,지하철
11567,03호선 오금역,127.124905,37.5042523,지하철
11568,05호선 오금역,127.124905,37.5042523,지하철
11569,01호선 오류동역,126.845364,37.495357,지하철
11570,03호선 옥수역,127.016963,37.5393647,지하철
11571,경의선 옥수역,127.016963,37.5393647,지하철
11572,01호선 온수(성공회대입구)역,126.821863,37.4916836,지하철
11573,07호선 온수(성공회대입구)역,126.823298,37.4921003,지하철
11574,05호선 답십리역,127.053167,37.5664292,지하철
11575,02호선 신답역,127.045099,37.5710185,지하철
11576,02호선 용답역,127.045914,37.5710452,지하철
11577,02호선 용두(동대문구청)역,127.040674,37.5733085,지하철
11578,06호선 녹사평(용산구청)역,126.985588,37.5344542,지하철
11579,04호선 이촌(국립중앙박물관)역,126.976009,37.5217305,지하철
11580,경의선 이촌(국립중앙박물관)역,126.973577,37.5222165,지하철
11581,우이신설경전철 4·19 민주묘지역,127.013394,37.6500603,지하철
11582,우이신설경전철 북한산우이역,127.012875,37.6624217,지하철
11583,우이신설경전철 솔밭공원역,127.013361,37.6566194,지하철
11584,01호선 광운대역,127.061126,37.625485,지하철
11585,경춘선 광운대역,127.061126,37.625485,지하철
11586,01호선 석계역,127.065614,37.6153196,지하철
11587,06호선 석계역,127.066792,37.6152559,지하철
11588,01호선 월계역,127.058913,37.6350636,지하철
11589,02호선 을지로입구역,126.982061,37.5660425,지하철
11590,03호선 을지로3가역,126.993686,37.5663862,지하철
11591,02호선 을지로3가역,126.990211,37.5661967,지하철
11592,05호선 을지로4가역,126.99801,37.5674316,지하철
11593,02호선 을지로4가역,126.996527,37.5665125,지하철
11594,04호선 동대문역사문화공원(DDP)역,127.007415,37.5647285,지하철
11595,05호선 동대문역사문화공원(DDP)역,127.005503,37.5646925,지하철
11596,02호선 동대문역사문화공원(DDP)역,127.008864,37.5656835,지하철
11597,경의선 응봉역,127.034902,37.5504342,지하철
11598,01호선 신이문역,127.069105,37.6051816,지하철
11599,01호선 외대앞역,127.065748,37.5991018,지하철
11600,06호선 이태원역,126.99585,37.5346083,지하철
11601,수인분당선 대모산입구역,127.072892,37.4913389,지하철
11602,03호선 대청역,127.079543,37.4936412,지하철
11603,03호선 일원역,127.084429,37.4839881,지하철
11604,07호선 뚝섬유원지역,127.066934,37.5318692,지하철
11605,09호선 삼전역,127.087199,37.5035379,지하철
11606,02호선 잠실새내역,127.087411,37.5114305,지하철
11607,02호선 종합운동장역,127.074268,37.511097,지하철
11608,09호선 종합운동장역,127.076881,37.5115368,지하철
11609,07호선 반포역,127.010374,37.5078485,지하철
11610,03호선 잠원역,127.011743,37.5130561,지하철
11611,05호선 장한평역,127.060634,37.5621459,지하철
11612,수인분당선 복정역,127.126693,37.4707512,지하철
11613,08호선 복정역,127.126693,37.4707512,지하철
11614,08호선 장지역,127.126906,37.4767426,지하철
11615,03호선 동대입구역,127.004902,37.5591695,지하철
11616,03호선 경복궁역,126.973003,37.5757443,지하철
11617,경의선 청량리(서울시립대입구)역,127.047878,37.5801444,지하철
11618,경춘선 청량리(서울시립대입구)역,127.047878,37.5801444,지하철
11619,수인분당선 청량리(서울시립대입구)역,127.047878,37.5801444,지하철
11620,01호선 청량리(서울시립대입구)역,127.045976,37.5797397,지하철
11621,01호선 시청역,126.976923,37.5655911,지하철
11622,02호선 시청역,126.975509,37.5635545,지하철
11623,우이신설경전철 북한산보국문역,127.008688,37.6114716,지하철
11624,우이신설경전철 정릉역,127.013466,37.6026416,지하철
11625,01호선 제기동역,127.038764,37.5782556,지하철
11626,01호선 종각역,126.981392,37.570214,지하철
11627,03호선 종로3가역,126.991727,37.5724227,지하철
11628,05호선 종로3가역,126.990334,37.5725397,지하철
11629,01호선 종로3가역,126.990878,37.5704314,지하철
11630,01호선 종로5가역,127.002764,37.5710085,지하철
11631,06호선 고려대역,127.035916,37.589672,지하철
11632,07호선 중계역,127.066168,37.6404386,지하철
11633,07호선 중곡역,127.084044,37.5654926,지하철
11634,경춘선 중랑역,127.075765,37.5947982,지하철
11635,07호선 중화역,127.077912,37.6015542,지하철
11636,경의선 디지털미디어시티역,126.899904,37.5781548,지하철
11637,06호선 디지털미디어시티역,126.901954,37.5771745,지하철
11638,공항철도 디지털미디어시티역,126.899317,37.5767488,지하철
11639,06호선 증산(명지대앞)역,126.909361,37.5836316,지하철
11640,03호선 구파발역,126.918222,37.6381296,지하철
11641,04호선 쌍문역,127.034935,37.6488488,지하철
11642,04호선 창동역,127.047708,37.6532592,지하철
11643,01호선 창동역,127.047708,37.6532592,지하철
11644,04호선 회현(남대문시장)역,126.976722,37.5576713,지하철
11645,04호선 동대문역,127.009272,37.5708821,지하철
11646,01호선 동대문역,127.011401,37.571783,지하철
11647,06호선 창신역,127.015285,37.5793148,지하철
11648,06호선 광흥창(서강)역,126.932298,37.5475535,지하철
11649,07호선 천왕역,126.839422,37.4872671,지하철
11650,05호선 강동역,127.134111,37.5357682,지하철
11651,05호선 천호(풍납토성)역,127.125086,37.53849,지하철
11652,08호선 천호(풍납토성)역,127.125086,37.53849,지하철
11653,07호선 청담역,127.049186,37.5187052,지하철
11654,04호선 명동역,126.985718,37.5608263,지하철
11655,05호선 충정로(경기대입구)역,126.963478,37.5611096,지하철
11656,02호선 충정로(경기대입구)역,126.96392,37.559569,지하철
11657,05호선 서대문역,126.966668,37.5659939,지하철
11658,04호선 충무로역,126.994388,37.5612326,지하철
11659,03호선 충무로역,126.994388,37.5612326,지하철
11660,07호선 하계역,127.068509,37.6352387,지하철
11661,02호선 상왕십리역,127.029792,37.5639594,지하철
11662,06호선 월곡(동덕여대)역,127.041391,37.6017344,지하철
11663,04호선 삼각지역,126.973448,37.5348304,지하철
11664,06호선 삼각지역,126.973006,37.5360646,지하철
11665,04호선 신용산역,126.968404,37.5291528,지하철
11666,01호선 용산역,126.963935,37.529584,지하철
11667,경의선 용산역,126.963935,37.529584,지하철
11668,06호선 한강진역,127.001824,37.5409064,지하철
11669,경의선 한남역,127.008963,37.5292743,지하철
11670,경의선 왕십리(성동구청)역,127.038416,37.5610558,지하철
11671,수인분당선 왕십리(성동구청)역,127.038416,37.5610558,지하철
11672,05호선 왕십리(성동구청)역,127.036627,37.5612095,지하철
11673,02호선 왕십리(성동구청)역,127.036627,37.5612095,지하철
11674,02호선 한양대역,127.043562,37.555567,지하철
11675,05호선 행당역,127.029212,37.5572652,지하철
11676,03호선 독립문역,126.956147,37.5741984,지하철
11677,03호선 무악재역,126.95055,37.5824041,지하철
11678,03호선 홍제역,126.947343,37.5857724,지하철
11679,05호선 까치산역,126.846316,37.5323893,지하철
11680,02호선 까치산역,126.846316,37.5323893,지하철
11681,05호선 우장산역,126.836391,37.5492064,지하철
11682,05호선 화곡역,126.840458,37.5415446,지하철
11683,07호선 건대입구역,127.069262,37.5407337,지하철
11684,02호선 건대입구역,127.069262,37.5407337,지하철
11685,07호선 어린이대공원역,127.073941,37.547119,지하철
11686,경의선 효창공원앞역,126.961736,37.5386202,지하철
11687,06호선 효창공원앞역,126.960966,37.5396021,지하철
11688,01호선 회기역,127.057882,37.5896995,지하철
11689,경춘선 회기역,127.057882,37.5896995,지하철
11690,경의선 회기역,127.057882,37.5896995,지하철
11691,09호선 흑석역,126.964082,37.5083835,지하철
11692,GTX-A 연신내,126.9205134,37.6185886,지하철
11693,GTX-A 서울역,126.9726,37.55319,지하철
11694,GTX-A 수서역,127.101639,37.487306,지하철
