정류장명,위도,경도
종로2가사거리,37.569808,126.987752
창경궁.서울대학교병원,37.579433,126.996522
명륜3가.성대입구,37.582581,126.998251
종로2가.삼일교,37.56857927,126.9876131
혜화동로터리.여운형활동터,37.586243,127.001744
서대문역사거리,37.566137,126.966893
서울역사박물관.경희궁앞,37.569135,126.97038
서울역사박물관.경희궁앞,37.569515,126.97076
광화문,37.570142,126.976357
광화문,37.57026794,126.9778895
종로1가,37.57014825,126.9810661
종로1가,37.570271,126.98163
종로2가,37.57017,126.984991
종로2가,37.570238,126.986536
종로3가.탑골공원,37.57025677,126.989269
종로3가.탑골공원,37.57036054,126.9899878
종로4가.종묘,37.570507,126.9947219
종로4가.종묘,37.570637,126.995396
종로5가.광장시장,37.570787,126.999061
종로5가.광장시장,37.570931,126.999606
종로6가.동대문종합시장,37.57101,127.004464
종로6가.동대문종합시장,37.57112723,127.0057137
동대문역.흥인지문,37.572449,127.013813
동대문(흥인지문),37.572102,127.012453
동묘앞,37.57385218,127.0185893
동묘앞,37.57428153,127.0195286
경기상고,37.58755022,126.9693635
신교동,37.58329552,126.9702627
경기상고,37.58719079,126.9697701
경복고교,37.58516,126.970884
청운중학교,37.587809,126.972673
자하문고개.윤동주문학관,37.59218662,126.9671262
자하문고개.윤동주문학관,37.59233532,126.9671907
청운중학교,37.588421,126.972266
경복고교,37.585067,126.971404
통인시장종로구보건소,37.5803257,126.97105
통인시장종로구보건소,37.58051321,126.9713851
효자동,37.58309104,126.970621
사직단.어린이도서관,37.57513553,126.9679907
경복궁역1번출구,37.576162,126.971415
경복궁역,37.577038,126.972198
경복궁역,37.57767139,126.9722829
경복궁,37.57557679,126.9787471
KT광화문지사,37.57220974,126.9774187
국립고궁박물관,37.578928,126.973979
광화문,37.570045,126.976408
서울역사박물관.경교장.강북삼성병원,37.570023,126.971248
광화문.금호아시아나본관앞,37.570332,126.972839
광화문,37.570365,126.975837
세종문화회관,37.573648,126.976997
서울경찰청.경복궁역,37.57574466,126.9714843
사직단,37.57485535,126.968189
광화문.광화문빌딩,37.569495,126.976545
덕성여중고,37.575768,126.981972
안국역.서울공예박물관,37.57606956,126.9839958
국민은행세검정지점,37.60466298,126.960888
세검정초등학교,37.60250228,126.9612198
세검정.상명대,37.600477,126.958292
상명대입구.석파랑,37.59941335,126.9585702
하림각,37.59813307,126.9617068
자하문터널입구.석파정,37.59559351,126.9636435
부암동주민센터.무계원,37.592766,126.96422
부암동주민센터.무계원,37.59278617,126.9651419
자하문터널입구.석파정,37.59555757,126.9639776
하림각,37.59814765,126.9622153
상명대입구.세검정교회,37.59961633,126.9592406
세검정.상명대,37.600648,126.959155
세검정초등학교,37.60226807,126.9614329
국민은행세검정지점,37.604846,126.961195
승가사입구,37.61158441,126.956306
구기동현대빌라,37.6100355,126.9564576
구기터널.삼성출판박물관,37.60860989,126.9562103
구기터널.삼성출판박물관,37.6083054,126.9564167
구기동,37.60696445,126.9585298
구기동,37.6070088,126.9591017
승가사입구,37.61148,126.956482
갑을씨티텔앞,37.60437097,126.963535
평창파출소,37.60532237,126.9660433
평창동주민센터,37.60660737,126.9695663
일성아파트,37.608873,126.972925
롯데아파트,37.61039,126.976317
롯데아파트,37.610248,126.976652
벽산평창힐스아파트,37.60819,126.972797
예능교회,37.606517,126.97
서울예술고등학교.평창동주민센터,37.60577876,126.9676276
화정박물관,37.60450382,126.9648103
강북삼성병원,37.56814593,126.9686005
독립문역.서대문형무소역사관,37.573395,126.959322
서대문.서울시교육청,37.56825381,126.9645273
서대문역사거리.적십자병원,37.56710815,126.9675878
독립문,37.571342,126.96143
창덕궁.서울돈화문국악당,37.57754057,126.9885394
서린동.SK서린빌딩,37.569263,126.980095
청계1가.광교,37.56868439,126.9849267
청계2가.수표교,37.568442,126.99082
청계4가.세운교,37.568927,126.996555
청계5가.광장시장,37.56945128,126.9997974
원남동,37.57453251,126.9973383
창덕궁.우리소리박물관,37.577272,126.988954
안국역.인사동,37.575798,126.984133
조계사.종로경찰서,37.57252231,126.9831556
조계사.종로경찰서,37.57248581,126.9828259
안국동,37.57461057,126.9827201
종로5가.효제동.김상옥의거터,37.5745,127.00223
종로5가.효제초등학교,37.57287901,127.0021442
창덕궁.돈화문국악당,37.577431,126.991233
종로5가,37.5705596,127.0021827
청계6가.동대문시장,37.56983511,127.0028494
동대문,37.57172624,127.0084126
충신동,37.57402235,127.0062788
충신동,37.57446028,127.0063434
현대그룹빌딩,37.575912,127.000807
방송통신대.이화장,37.578043,127.002437
혜화역.마로니에공원,37.58111949,127.0022769
혜화역.서울대병원입구,37.580957,127.00185
방송통신대.이화장,37.577788,127.001977
이화동(이화장),37.57611936,127.0006951
창경궁.서울대학교병원,37.57882799,126.9968717
이화동(이화장),37.57593729,127.0032708
혜화동로터리,37.58558,127.000687
명륜동2가.성균관대입구,37.58333349,126.9993988
혜화역.서울연극센터(장면총리가옥),37.58402281,127.0013282
혜화역.동성중고(장면총리가옥),37.58456977,127.0017177
종로구민회관.창신동두산아파트,37.57409268,127.0155555
동묘역앞,37.57168496,127.0156014
동묘역앞,37.57192215,127.015945
청계2가교차로,37.5684809,126.9878779
창신3동주민센터,37.578413,127.015178
숭인1동주민센터.창신역4번출구,37.578625,127.015462
동묘역.롯데캐슬천지인,37.57418005,127.0158024
신설동로터리,37.575695,127.022841
동묘앞,37.573643,127.017524
구기동현대빌라,37.609682,126.956622
광장시장,37.5694708,126.9977438
혜화경찰서,37.57258074,126.9974788
서울역사박물관.김구집무실(경교장),37.56990034,126.9721318
청계3가.관수교,37.56868879,126.9937794
청계6가.버들다리,37.56993039,127.0080377
청계7가.맑은내다리,37.57004,127.013093
청계8가.영도교,37.570895,127.018128
원남동사거리,37.575761,126.998113
숭인동,37.57427215,127.0204373
조계사,37.57280034,126.9831609
세종문화회관,37.573222,126.977009
이화동(이화장),37.576257,127.002955
상명대정문,37.60161972,126.9550207
이북오도청,37.612723,126.955973
경복궁역(효자로입구),37.576715,126.974305
상명대입구.세검정교회,37.59944351,126.9597922
상명대입구.석파랑,37.59957181,126.9581941
종로중부새마을금고,37.57241749,127.0065911
신설동로터리.신한은행앞.서울풍물시장,37.574258,127.023192
청계2가.삼일교,37.568344,126.986988
청계8가.황학교,37.57213073,127.022787
평창동삼성아파트,37.611179,126.978799
안국역.인사동,37.57633293,126.9855365
안국역.서울공예박물관,37.576413,126.984888
창덕궁,37.57722809,126.9890031
남인사마당,37.57131917,126.9874286
평창파출소,37.60568122,126.9668167
삼청공원,37.58822768,126.9816469
수성동계곡,37.582082,126.964469
명륜3가종점,37.59094838,126.9928637
명륜새마을금고,37.587785,126.996798
서대문3번출구,37.566336,126.966397
낙산공원,37.58040372,127.0087216
인사미술공간.세탁소,37.58141098,126.9893671
화정박물관,37.6048012,126.9648837
금융연수원,37.586641,126.981657
박노수미술관,37.58099674,126.9666035
샘미용실,37.59030953,126.9932227
서울국제고등학교,37.58907159,126.9972903
화정박물관,37.60498061,126.9652008
적십자병원후문앞,37.56752954,126.9652273
서울성곽.성대후문,37.5892577,126.9896321
빨래터.고희동미술관,37.58299,126.989067
세검초등학교,37.60425228,126.9614908
삼청동주민센터,37.58426383,126.9819072
통인시장,37.580468,126.968753
양현관,37.58979142,126.9936044
국민생활관,37.58974563,126.998862
오거리,37.60706212,126.9622629
경희궁자이2.3단지,37.56878711,126.9640686
창신쌍용2단지.한성대후문,37.5812648,127.0127581
통일부,37.58759481,126.9859477
원서고개,37.58308055,126.9878088
종로5가입구.혜화경찰서,37.571797,126.997681
삼청파출소,37.58181366,126.981251
오거리.한옥마을입구,37.579537,126.969561
명륜시장.성대후문,37.58851105,126.9952543
혜화초등학교,37.58725323,126.9998517
청련사입구,37.60798038,126.9624312
영천시장,37.570084,126.962735
명신초.삼선푸르지오.힐스테이트,37.58210621,127.0145563
감사원,37.58621065,126.9852901
중앙중고,37.58309218,126.9869653
인왕빌딩,37.60792833,126.9577443
종로4가.종묘공원,37.570689,126.994624
국립민속박물관,37.57925518,126.9795534
광화문새마을금고,37.57936877,126.9711466
새마을금고,37.58773706,126.9965181
혜화우체국,37.58603766,127.0006137
언덕앞,37.60895398,126.9637922
경희궁자이4단지,37.57136,126.961358
종로센트레빌후문.e편한세상보문아파트,37.58177439,127.0161855
사우디대사관앞.경남빌라,37.58410567,126.9850312
안국선원.삼거리,37.58279098,126.9849941
구기터널입구,37.60820461,126.9567769
종로3가.1.3.5호선,37.57158,126.991965
경복궁,37.57695016,126.9793378
소나무집,37.61127707,126.9641105
독립문역3번출구,37.57287848,126.9597453
청룡사.보문파크뷰자이아파트,37.58001895,127.0170071
북촌한옥마을입구.정세권활동터,37.58159973,126.9849422
종로1.2.3.4가동주민센터,37.57438371,126.9911314
창덕궁,37.57676,126.990385
아름다운실버,37.61201006,126.9654637
독립문초등학교,37.57384748,126.9607207
종로센트레빌아파트,37.58035344,127.0156927
가회동주민센터,37.579973,126.984957
구기빌라,37.60626861,126.9579797
원남로터리,37.57623737,126.9975115
보현산신각,37.61348252,126.9657791
천사유치원,37.57464802,126.9618604
쌍용아파트입구.창신역,37.58051123,127.0149636
아름다운가게.정독도서관,37.57895,126.985123
산정빌라,37.60515199,126.9574922
이화사거리,37.576513,127.002101
박종화고택입구,37.61431026,126.9676873
무악현대아파트후문,37.57630608,126.962001
헌법재판소.안국역,37.577387,126.985816
청구빌라,37.60461026,126.956984
서울대어린이병원응급실.갑상선센터,37.578686,126.99984
화인빌라,37.61293453,126.9685386
넓은마당,37.57527281,126.962888
창신초등학교,37.5769032,127.0153886
수운회관,37.575219,126.986671
상명대후문,37.60402558,126.9573354
힐탑,37.61160556,126.9690206
신학대학교총회본부,37.57397631,126.9634446
낙원상가,37.57376,126.987417
완성빌라,37.60340209,126.9575011
서울대병원장례식장,37.5805554,126.997431
혜화역1번출구,37.583485,127.001843
감나무골공원,37.61240596,126.9699479
한국사회과학자료원,37.57363321,126.9641433
동묘역,37.57269435,127.0142454
금강제화,37.57057,126.98756
경진빌라,37.60200372,126.9578304
성균관대학교앞,37.58325978,126.9993359
청와대,37.582971,126.973762
춘추문,37.583126,126.979657
경복궁.국립민속박물관,37.579407,126.97959
효자로입구(가상),37.57626474,126.9744334
EN갤러리,37.613411,126.970607
성균관대정문,37.584957,126.99662
600주년기념관,37.587329,126.993942
성균관대운동장,37.587863,126.99237
학생회관,37.587445,126.993738
종로문화센터,37.57464708,126.9646262
동대문역.2번출구,37.57204945,127.0117218
종각역YMCA,37.570379,126.985096
서교빌라,37.60198906,126.9571554
경복궁역,37.57707221,126.9724733
성대입구,37.5832668,126.998853
무애사,37.61390043,126.9718458
단군성전앞,37.57556009,126.9653175
동대문종합시장,37.571212,127.00496
상명초등학교,37.60092381,126.9567154
법련사,37.57658798,126.9796651
광화문새마을금고,37.57949309,126.9710277
성균관대학교,37.586047,126.996857
참샘골공원,37.614612,126.974255
활터앞,37.57681261,126.9653294
종로5가.3번출구,37.57141925,127.0020898
인사동들머리.3.1독립선언터,37.57194702,126.983297
정독도서관,37.580262,126.980074
오거리.한옥마을입구,37.57946844,126.9697393
평창공원지킴터입구,37.6163964,126.9757439
창경궁.고궁호텔.메이플레이스호텔,37.57655816,126.9974492
광화문,37.570337,126.975569
종로1가,37.57037,126.980129
종로2가,37.570083,126.986463
종로3가,37.570635,126.99321
종로3가,37.57010243,126.9909932
종로4가,37.57047,126.996252
동대문종합시장종로6가,37.570862,127.003292
종로도서관,37.57648423,126.9671252
경복궁역,37.57617809,126.9715056
경복궁역,37.575816,126.97168
안국역,37.57661375,126.9852296
안국역,37.57631851,126.985506
창덕궁,37.577519,126.988901
성대입구,37.583283,126.999229
종로사우나,37.57380111,126.9877504
엄마분식,37.60124243,126.9557163
삼청파출소,37.58164517,126.9813258
통인시장.종로구보건소,37.58033503,126.9687505
종로5가역,37.57067136,127.0000249
평창동산림제3초소,37.617356,126.977104
배화여중고,37.57675563,126.9678157
대학로입구.이화사거리,37.57598417,127.0025802
운현궁,37.57527161,126.9869814
상명대입구,37.60002101,126.9569583
삼청동주민센터,37.58468468,126.9822105
박노수미술관,37.58102656,126.9668945
김창열.윤명로화실,37.616305,126.9783685
사직공원.경복궁역입구,37.57622069,126.9689039
충신시장,37.57497665,127.0054049
안국역2번출구앞,37.57717282,126.9861183
금융연수원,37.58587767,126.9818479
감람산기도원,37.61594393,126.979873
카센터.터널앞,37.57416446,126.9658593
재동초등학교,37.57879109,126.9853617
삼청공원삼거리.옥호정터,37.58741852,126.9817445
이화사거리,37.57532007,127.0022813
연화정사,37.614649,126.9794938
대신중고,37.57261781,126.9616893
현대사거리,37.579306,126.987
교남동주민센터,37.5721523,126.96128
부암동주민센터.무계원,37.59293534,126.9637682
형제봉입구,37.61286432,126.9816862
교남동새마을금고,37.57149436,126.9623375
창신초교,37.57603721,127.0157201
가회동주민센터,37.57994265,126.9851294
볼링장,37.579317,126.98817
부암슈퍼,37.59476007,126.9638602
지구촌교회,37.613106,126.979238
월암공원,37.571226,126.964693
숭인1동주민센터,37.577415,127.0155607
북촌한옥마을입구.정세권활동터,37.58128077,126.9851687
하림각,37.59768473,126.9629664
보현빌라,37.615382,126.978421
스위스대사관,37.570137,126.965696
안국선원.삼거리,37.58274325,126.9852205
세검정교회,37.599386,126.960029
혜화동로터리,37.58591961,127.0010032
김종영미술관,37.61326379,126.9781123
서울시교육청,37.569383,126.966702
창신쌍용1단지.종로센트레빌아파트,37.58032282,127.0155693
사우디대사관,37.58386331,126.9852486
상명대입구,37.59985447,126.9574023
혜화초등학교,37.58738929,126.9999909
강북삼성병원,37.56853152,126.9683377
청룡사.보문파크뷰자이아파트,37.57978465,127.0171509
감사원,37.58626565,126.9855618
국민생활관,37.5896276,126.9993138
종로센트레빌후문.e편한세상보문아파트,37.581911,127.015935
통일부,37.58753085,126.9861073
서울국제고등학교,37.58907429,126.9971408
성대후문.와룡공원,37.58915228,126.989734
상명초등학교,37.60090493,126.9568174
새마을금고,37.58784069,126.996569
경진빌라,37.60186409,126.9579482
명륜시장.성대후문,37.58872461,126.9952305
완성빌라,37.60333997,126.9576665
양현관,37.589768,126.9937686
상명대후문,37.60407158,126.9574634
샘미용실,37.59025457,126.9934084
산정빌라,37.60528358,126.9575782
구기빌라,37.60613345,126.9579809
마트앞,37.60669871,126.9587565
국민은행.세검정지점,37.604952,126.960876
혜화역4번출구,37.583509,127.001555
방송통신대앞,37.57869736,127.0019927
서울대치과대학,37.577411,126.997802
효제초교.연동교회.김마리아활동터,37.57364134,127.0022088
성균관대학교,37.58846387,126.9900036
독립문역,37.57328385,126.9594078
서울대치과대학,37.577572,126.99787
이화사거리,37.57694834,127.0020085
서울대학교병원현관.암병원현관,37.57895147,126.9981568
종각.공평유적전시관,37.57159379,126.9832427
조계사,37.57360211,126.9831364
동대문역JW메리어트동대문호텔,37.570859,127.009186
대학로,37.58189612,127.0021204
창경궁,37.57915963,126.9964163
창덕궁,37.57753017,126.9901776
인사동.북촌,37.57589502,126.9837978
경복궁.국립민속박물관,37.5794474,126.9794465
세종문화회관,37.573219,126.977004
통인시장,37.57911876,126.9713316
세종문화회관,37.573219,126.977017
종각역,37.56937996,126.9828944
인사동.탑골공원,37.57011554,126.9888006
종묘.세운상가,37.57035485,126.9935557
광장시장,37.57062373,126.9996734
동묘.숭인동도깨비시장,37.5734766,127.0180439
서울풍물시장,37.57334003,127.0231781
청와대,37.58268481,126.97376
남대문세무서.서울백병원,37.56498481,126.9875299
서울백병원.국가인권위.안중근활동터,37.56435047,126.9878515
서울역버스환승센터,37.55514602,126.9722571
서울역버스환승센터,37.55538899,126.9725951
서울역버스환승센터,37.5553877,126.9727617
서울역버스환승센터,37.55547941,126.9728548
서울역버스환승센터.강우규의거터,37.555411,126.972926
숭례문,37.55863886,126.9737784
숭례문(가상),37.55979677,126.9743556
서울시청,37.56613826,126.9806321
만리동고개,37.55178706,126.9626582
손기정체육공원입구,37.55444595,126.9662339
서울의료보건고등학교.서울역서부,37.555848,126.968902
서울역서부,37.556235,126.969153
서울역서부,37.557133,126.969212
중림동교차로,37.55838363,126.9691354
종근당.충정로역,37.559648,126.964543
한국경제신문사.서소문역사공원,37.56021115,126.967868
한국경제신문사.서소문역사공원,37.56062347,126.9681135
경찰청.동북아역사재단,37.56304949,126.9691267
장충동써미트호텔,37.562273,127.00667
서대문경찰서.농협은행.유관순활동터,37.56490628,126.9677868
염천교,37.559869,126.973113
숭례문,37.558401,126.973359
숭례문.한국일보,37.55877131,126.9737376
후암삼거리,37.553408,126.975993
숭례문,37.55876338,126.9743627
숭례문,37.55841953,126.9740437
숭례문,37.55800065,126.9736279
남대문시장악세사리전문상가,37.558873,126.976
숭례문남산방향,37.55855816,126.9756721
남대문시장,37.56119108,126.9800598
북창동.남대문시장,37.56123,126.978282
시청앞,37.562197,126.976443
삼성본관앞,37.56205175,126.9759075
시청앞,37.56276421,126.9761487
서소문,37.563191,126.974652
시청.서소문청사,37.56352484,126.9749539
서울신문사,37.56836329,126.9773647
우리은행종로지점,37.567519,126.9829289
롯데백화점,37.56451,126.982205
해운센터.롯데영프라자,37.56289078,126.9815478
롯데영프라자,37.562885,126.982008
신세계백화점,37.561128,126.981432
남대문시장.회현역,37.55826752,126.9777651
남대문시장.회현역,37.55849203,126.9784645
남산3호터널,37.558312,126.98274
남산3호터널.서울애니메이션센터,37.55952609,126.9826359
명동역4번출구,37.560657,126.984917
퇴계로2가.명동역5번출구,37.56093,126.984362
퇴계로3가.한옥마을.한국의집,37.56125082,126.9917772
퇴계로3가.한옥마을.한국의집,37.560902,126.99241
충무로역2번출구.대한극장앞,37.561238,126.994728
충무로역8번출구.대한극장앞,37.56203716,126.9964922
초동,37.56334618,126.993112
을지로입구.로얄호텔,37.56587574,126.9853903
을지로입구.시청입구,37.56613826,126.9811712
을지로2가.기업은행본점.서울노동청,37.56624623,126.9865234
을지로2가.파인에비뉴,37.566072,126.98867
을지로3가,37.566375,126.990263
을지로3가,37.56612052,126.9913276
을지로4가,37.566687,126.995933
을지로4가.베스트웨스턴국도,37.56640104,126.9968473
중구청앞.덕수중학교,37.5647746,126.9981401
방산시장.을지로4가역6번출구,37.56681829,126.9992585
을지로5가.중부시장,37.56662004,127.001115
방산시장.훈련원종합체육관,37.56796085,127.0024045
을지로5가.훈련원종합체육관,37.56582435,127.0025946
을지로6가.국립중앙의료원,37.566173,127.006233
광희동,37.56505283,127.0072097
광희동,37.565171,127.00772
을지로6가.국립중앙의료원,37.56646311,127.0058435
동대문역사문화공원,37.56735414,127.0083555
동대문역사문화공원,37.567483,127.00917
충무아트센터.스포츠센터.중부소방서,37.565168,127.013527
충무아트센터.스포츠센터.중부소방서,37.56501789,127.0147409
성동공업고등학교(무궁화회관),37.56834819,127.0157558
성동공업고등학교앞,37.56869506,127.0161295
신당역.중앙시장앞,37.56572828,127.0187427
신당역.중앙시장앞,37.56549207,127.0194795
성동고등학교,37.565595,127.022183
성동고등학교,37.56524,127.022398
신당동떡볶이타운.중구여성플라자,37.562798,127.015095
신당동떡볶이타운.중구여성플라자,37.56231004,127.0151909
신당동.청구역,37.5589483,127.0132161
신당동.청구역,37.5592574,127.0130317
약수역2번출구.가온도서관,37.555794,127.011043
약수역3번출구.약수하이츠,37.55574961,127.0113797
약수역4번출구.금호터널입구,37.553399,127.012012
약수역5번출구.금호터널입구,37.55292373,127.0118693
약수역8번출구.신당사회복지관,37.55386465,127.0099567
약수역7번출구.약수동주민센터,37.55285097,127.0092978
송도병원앞,37.55026765,127.0077187
송도병원앞,37.55022712,127.0073984
약수역1번출구,37.556253,127.009758
장충체육관앞,37.558336,127.008065
장충체육관앞,37.55800173,127.0078282
장충동.동국대입구,37.56058093,127.0058213
장충동.동국대입구,37.56066639,127.0056291
퇴계로6가,37.56340113,127.0039011
퇴계로6가,37.56353,127.003375
퇴계로5가,37.56238041,126.999966
퇴계로5가,37.56278042,126.9997252
국립극장.반얀트리호텔,37.55148182,127.0010947
국립극장.반얀트리호텔,37.551535,127.000752
청구역,37.55996006,127.0146561
청구역,37.55993038,127.0142192
동화동,37.560025,127.018124
동화동,37.55981268,127.0182737
백범광장,37.555737,126.980093
남대문경찰서,37.554127,126.973838
남대문시장앞.이회영활동터,37.56093942,126.9785804
남산케이블카.남산산책로입구,37.55526518,126.9839798
동대입구역.장충동,37.558362,127.005445
약수역10번출구,37.556256,127.009322
청계1가.광교,37.568572,126.983392
청계2가.삼일교,37.56784047,126.9885302
청계4가.배오개다리,37.56848437,126.9971755
청계5가.방산시장,37.569215,127.000827
청계6가.평화시장,37.569443,127.004387
청계7가.동평화.청평화시장,37.56951354,127.0138508
청계8가.영도교,37.570725,127.019
신한은행본점,37.56119655,126.9755852
동대문역사문화공원,37.56541133,127.0091092
버티고개,37.54780415,127.0060242
버티고개,37.547652,127.006189
청계3가.관수교,37.568214,126.992961
청계6가.오간수교,37.56948518,127.0090361
충무로역.매일경제,37.56169057,126.9933889
을지로입구역.광교,37.56765,126.982562
신당파인힐하나유보라,37.564982,127.024858
명동입구,37.564545,126.982588
남산북측순환로입구,37.55069862,126.9988218
신당동삼성아파트.금호여중,37.5585545,127.0187299
신당동대우푸르지오.금호여중,37.557805,127.019292
황학동주민센터,37.56685562,127.0234024
신당초등학교앞,37.564662,127.023723
금호베스트빌.래미안하이베르,37.561643,127.024067
금호베스트빌.래미안하이베르,37.56225445,127.0243472
신당초등학교,37.56450284,127.0242404
서대문경찰서.농협은행.유관순활동터,37.565132,126.967647
방산종합시장,37.56780587,127.0019301
황학동롯데캐슬,37.571662,127.022033
광희문.광희동사거리,37.56454992,127.008611
광희문.광희동사거리,37.564402,127.009677
황학동롯데캐슬,37.57082,127.023297
한국은행.신세계앞,37.56140811,126.97929
서울기동대.광희초등학교,37.567922,127.014485
동대문디자인플라자,37.56770075,127.0119962
서대문역사거리.농협중앙회,37.56692224,126.9678855
서울스퀘어앞,37.55534163,126.9732317
북창동.남대문시장,37.56084629,126.9769187
힐튼호텔,37.556367,126.976562
힐튼호텔,37.55662674,126.9767113
시청앞.덕수궁,37.56621228,126.9768356
남대문세무서.국가인권위원회,37.56508396,126.9878661
장충문화체육센터.권기옥활동터,37.5601745,127.0025921
남산1호터널,37.55740518,126.9921666
남산예장버스환승주차장,37.560033,126.989029
약수역.3.6호선,37.553305,127.011707
조선일보,37.568735,126.976885
시청역,37.565673,126.977006
서울역,37.55820126,126.9713291
숭례문앞,37.561517,126.976236
프레스센터,37.567396,126.97734
신당역하나은행,37.565422,127.021586
염천교,37.559798,126.971117
서울역서부,37.55597897,126.9692313
한국경제신문사,37.56093341,126.9679526
응봉근린공원.금호산,37.553522,127.016922
서울방송고등학교.남산타운아파트,37.54958602,127.0124098
서울방송고등학교.남산타운아파트,37.549618,127.012293
중구청소년센터.남산타운2상가,37.551656,127.012751
중구청소년센터.남산타운2상가,37.551906,127.012175
약수시장.남산타운동문,37.55160463,127.010786
약수지구대,37.55279283,127.0121072
남대문시장,37.56138346,126.979324
을지로입구역롯데호텔,37.56580472,126.9803053
소공동웨스틴조선호텔,37.564518,126.979645
서울광장,37.565352,126.978885
광화문코리아나호텔,37.56842265,126.976776
서소문KAL빌딩,37.563334,126.974319
동국대입구앰배서더호텔,37.55977171,127.0026102
광화문,37.56875876,126.9767623
시청덕수궁,37.56547157,126.9767781
바비엥스위트,37.56510899,126.9676373
서울역,37.55781956,126.9728596
명동역.세종호텔,37.561088,126.986449
충무로역.호텔피제이,37.56171802,126.9955605
남대문시장,37.56096738,126.9787309
이비스엠버서더호텔,37.56460933,126.9826126
프레이저플레이스,37.56284768,126.9692683
서울역,37.55816,126.971336
아카시아호텔.웨스턴코업레지던스,37.56655061,127.0034787
을지로코업레지던스,37.56623336,127.0053975
토요코인호텔.이비스버젯호텔,37.56459135,127.0089473
약수역,37.55378896,127.0098978
남산밀레니엄힐튼호텔,37.55546657,126.9759753
서울역,37.5580158,126.9720457
숭례문라마다&스위트호텔,37.56061096,126.9720685
시청역더플라자호텔,37.5641562,126.9779059
시청.서울신문사,37.56829932,126.9773647
프레이저플레이스남대문,37.561376,126.9762666
프레이저플레이스남대문,37.56106678,126.9755366
동대문역사문화공원,37.56538519,127.0092451
광희동더스프라지르서울동대문,37.564536,127.007526
동대문디자인플라자DDP,37.567853,127.009213
베이튼호텔,37.56499932,127.0026364
광화문,37.5689379,126.9767086
덕수궁,37.56558455,126.9767268
남대문시장,37.56092315,126.9753967
명동,37.56075833,126.9856195
남산골한옥마을,37.56099506,126.9924384
앰버서더호텔,37.5604635,127.0026254
신라호텔,37.5583034,127.0054272
동대문디자인플라자.동대문시장,37.5668754,127.0085549
서울애니메이션센터,37.55851302,126.987253
남산케이블카,37.55511729,126.9836038
동대문디자인프라자,37.56776256,127.0091304
방산.중부시장,37.56685688,126.9994423
을지로3가,37.56653491,126.9923256
을지로입구,37.56613096,126.9810013
명동입구,37.56418743,126.9823774
신당동중앙시장,37.56575532,127.0194166
남산오르미,37.55819405,126.9831349
한강대교북단.LG유플러스,37.524049,126.963121
한강대교북단.LG유플러스,37.52430606,126.9631848
신용산역,37.527293,126.966207
신용산역,37.52792049,126.9666192
용산우체국,37.53149701,126.970235
용산우체국,37.53205037,126.9705641
삼각지역,37.535181,126.973683
삼각지역,37.5359845,126.9741609
숙대입구역,37.54329563,126.9725378
숙대입구역,37.54375602,126.9722321
갈월동,37.5509756,126.9722373
갈월동,37.54953372,126.9717082
남영역,37.54200692,126.9719272
남영역,37.541823,126.972069
신용산역3번출구,37.528889,126.967351
서울드래곤시티,37.53216,126.96306
용산역3번출구.용산차고지,37.531808,126.964215
한강대교북단,37.524968,126.96357
서계동,37.5524743,126.9693405
서계동,37.5516705,126.969222
청파동,37.548992,126.970122
청파시장,37.54867903,126.9698626
숙대입구역.청파동주민센터,37.54538125,126.9707772
숙대입구역.청파동주민센터,37.545486,126.970416
남영역,37.540813,126.971032
남영역,37.54057027,126.9706761
용산전자상가17동,37.53377926,126.9660271
용산전자상가19동,37.533513,126.965707
용산전자상가10동,37.5332725,126.9619641
용산전자상가12동,37.533052,126.962168
용산전자상가.전자랜드,37.532778,126.958328
용산전자상가.전자랜드,37.533058,126.958339
원효대교북단,37.531985,126.956112
용산경찰서,37.54050321,126.9691858
용산경찰서,37.53999946,126.9690615
용산꿈나무종합타운.원효로우체국,37.5386139,126.9669291
용산e편한세상,37.53746,126.965469
남정초등학교,37.53631875,126.9636632
원효로2가,37.53623744,126.9629911
원효로2가사거리,37.53493384,126.9610704
원효로3가,37.53404076,126.9581798
원효로3가,37.53379572,126.9583248
용암초등학교입구.이태원주공아파트,37.544109,126.988666
이태원동남산대림아파트.용산동아파트,37.539873,126.987478
용산한신아파트,37.53980547,126.9871086
해방촌,37.537816,126.986605
국군재정관리단,37.537318,126.986848
용산구청,37.53028395,126.9912039
용산구청,37.529405,126.99116
한강중학교,37.52545,126.992155
한강중학교앞,37.52450259,126.9924288
서빙고역1번출구,37.520046,126.989955
장충단로입구,37.545795,127.002202
남산예술원,37.544437,127.00204
서울중부기술교육원.블루스퀘어,37.54157768,127.0035398
서울시중부기술교육원.블루스퀘어,37.5411749,127.0031776
순천향대학병원,37.53644224,127.0057302
순천향대학병원,37.5356114,127.0062994
순천향대학병원,37.53579346,127.0054994
순천향대학병원.한남오거리,37.53549068,127.005729
한남5거리,37.53286563,127.0083381
남산도서관.용산도서관,37.552282,126.980835
남산도서관.용산도서관,37.55204425,126.981134
후암약수터,37.54869,126.98432
후암약수터,37.54839526,126.9841669
보성여중고입구,37.54639685,126.98584
보성여중고입구,37.54625985,126.9856318
남산체육관,37.54270388,126.9927902
남산체육관,37.54250475,126.992917
하얏트호텔,37.541753,126.996128
하얏트호텔,37.540867,126.997422
용마루고개(서울자동차고등학교),37.54063689,126.9584647
용마루고개.효창파크푸르지오아파트,37.54029991,126.958552
효창공원앞역.이봉창역사울림관,37.539267,126.9619
효창공원앞역.이봉창역사울림관,37.538826,126.962698
용산꿈나무종합타운.보건분소,37.53842682,126.9649998
용산꿈나무종합타운.보건분소,37.538295,126.964648
원효로제1동주민센터,37.53766,126.966993
전쟁기념관,37.53475867,126.9768578
전쟁기념관,37.534652,126.975382
녹사평역,37.53510696,126.9851183
녹사평역,37.53475822,126.9853047
용산구청.이태원시장,37.534375,126.99046
용산구청.이태원시장,37.534113,126.990007
이태원역1번출구.해밀턴호텔,37.53451833,126.9929958
이태원역4번출구.해밀턴호텔,37.534355,126.993431
이태원119안전센터,37.53479,126.996387
이태원119안전센터,37.534605,126.997181
한남동주민센터,37.537047,127.000468
한남동주민센터,37.537013,127.000807
한강진역.블루스퀘어,37.54072646,127.0016696
한강진역.블루스퀘어,37.54093,127.002023
서울역,37.553622,126.973897
후암3거리,37.55254084,126.9765772
후암시장,37.55068919,126.9770645
후암시장,37.54974673,126.9775446
용산중고,37.54666,126.978182
용산중고,37.54679039,126.9783502
후암동종점,37.54669893,126.9809588
용산중고,37.54574,126.977563
남영동주민센터,37.545815,126.976872
남영동주민센터,37.5453624,126.9750573
남영우체국,37.54512412,126.9732354
남영우체국,37.54537,126.973482
한남시범아파트,37.53794297,127.0122608
한남시범아파트,37.53770414,127.0126715
한남동,37.5339127,127.0084446
한남동,37.53375499,127.0087003
이촌동동부센트레빌,37.521567,126.966008
이촌동두산위브트레지움.한강대우아파트,37.521573,126.967528
이촌1동충신교회앞,37.521285,126.96848
이촌동한가람아파트.이촌역,37.5206563,126.9718843
이촌동한강맨션.이촌역,37.52018,126.97271
신용산초등학교,37.519848,126.974505
신용산초등학교.중경고등학교,37.51908,126.976238
중경고등학교.이촌동강촌아파트,37.518917,126.977522
이촌동점보아파트,37.51834003,126.9783561
이촌동현대아파트,37.51853368,126.978712
금강병원.반도아파트,37.51770433,126.9811234
서빙고신동아아파트,37.517927,126.985098
서빙고신동아아파트,37.51748597,126.9853714
만리동고개,37.55167,126.962825
손기정체육공원,37.55421533,126.966423
숙대입구역,37.5444252,126.9708399
남영역,37.54222024,126.9709245
숙명여대도서관앞,37.54484687,126.9672217
숙명여대도서관앞,37.54484124,126.9664465
숙명여대정문,37.5449595,126.9641095
숙명여대정문,37.54513077,126.9643097
숙명여대후문.이봉창활동터,37.546091,126.963307
효창공원후문,37.546794,126.962579
한겨레신문사입구,37.54588062,126.9591929
대한노인회,37.5438,126.957683
효창운동장.효창동주민센터,37.54220952,126.9617671
효창동주민센터.금양초등학교,37.54162396,126.9622337
금양초등학교,37.541299,126.962009
효창공원역,37.53878602,126.9610379
도원삼성래미안아파트,37.5397768,126.9574339
도원삼성래미안아파트,37.53962541,126.9572103
중앙하이츠빌라앞,37.538013,126.960035
중앙하이츠빌라앞,37.537972,126.959878
용문시장,37.536348,126.960969
용문시장,37.5359792,126.9613596
용산전자상가입구,37.53457017,126.9622225
용산전자상가입구,37.534658,126.961938
신용산.지하차도,37.532835,126.963667
신용산.지하차도,37.53255041,126.9638382
신용산역,37.53003386,126.9676785
용산역,37.528869,126.965822
용산푸르지오써밋,37.527574,126.964759
용산푸르지오써밋,37.527237,126.964573
용산역광장앞,37.52826803,126.9655853
용산역사박물관.용산철도고등학교,37.52559728,126.966015
용산역사박물관.용산철도고등학교,37.525305,126.967123
용산세무서,37.523735,126.969243
용산세무서,37.52362139,126.9701544
이촌역,37.52266892,126.9739086
이촌역,37.522364,126.974028
국립중앙박물관용산가족공원,37.520898,126.97865
국립중앙박물관용산가족공원,37.520873,126.979955
서빙고역교차로,37.520427,126.9899
서빙고초등학교,37.52117112,126.9908894
한강중학교,37.525117,126.991363
금호베스트빌앞,37.522638,126.990717
서빙고동,37.51980432,126.9934203
서빙고동주민센터,37.520382,126.994885
동빙고동,37.520817,126.996692
동빙고동,37.521265,126.997038
보광신동아아파트삼성리버빌아파트,37.524738,127.0020297
보광동신동아아파트,37.52562379,127.0015149
보광동주민센터,37.52645912,127.0005046
기업은행보광동지점,37.528008,126.999303
기업은행보광동지점,37.52818201,126.9988968
한국폴리텍1대학,37.530195,126.996792
한국폴리텍1대학,37.530532,126.996572
이태원역.보광동입구,37.533478,126.994165
이태원역.보광동입구,37.53382,126.994222
한남역.용산노인종합복지관,37.53122393,127.0067957
한남역.용산노인종합복지관,37.53066879,127.0077699
이촌119안전센터.성촌공원,37.530082,126.952943
성촌공원.포르쉐센터용산,37.53017103,126.9546065
성촌공원.포르쉐센터용산,37.52974742,126.9543511
이촌2동주민센터,37.52773644,126.955064
이촌2동주민센터,37.527703,126.954862
이촌2동대림아파트.새남터성지,37.52617531,126.9563231
이촌2동대림아파트.새남터성지,37.52602927,126.9561659
서부이촌동입구,37.523863,126.959497
이촌2동강변아파트,37.52344621,126.959781
원효2동산호아파트후문,37.53226,126.950016
청암동강변삼성아파트,37.53461443,126.9482435
청암동강변삼성아파트,37.53396791,126.9493177
원효2동산호아파트,37.53301777,126.9505416
원효2동산호아파트,37.5331089,126.9508278
원효로풍전아파트,37.53212865,126.9535225
원효로풍전아파트,37.53236877,126.9545136
원효풍전아파트,37.532743,126.955917
원효2동주민센터,37.534494,126.951395
산천동리버힐삼성아파트,37.53450034,126.9511923
산천동,37.535322,126.953643
산천동,37.535408,126.953382
신창동세방아파트,37.535708,126.954955
신창동세방아파트,37.53583005,126.9549471
남이장군사당,37.53660802,126.9578221
남이장군사당,37.53682386,126.9577035
새마을금고,37.53707162,126.9595338
새마을금고,37.537149,126.959197
순천향병원입구,37.53263055,127.0067506
남산서울타워,37.551016,126.991197
청심경로당,37.533887,126.950688
삼성테마트,37.53374669,126.9503849
서빙고동금호베스트빌,37.52261379,126.990991
한남동하이페리온,37.52784398,127.0055474
서빙고역1번출구,37.520036,126.989482
문배동이안아파트앞,37.53887,126.9710604
갈월동4호선숙대입구,37.546385,126.971658
삼각지역11번출구,37.536204,126.974548
숙대입구,37.54453055,126.9705229
원효대교북단,37.532135,126.955607
문배동이안아파트앞,37.538363,126.970803
순천향병원입구,37.53269451,127.0069961
숙명여대입구,37.54488446,126.9696435
서빙고초등학교,37.52084129,126.99061
한강대교전망카페,37.52133077,126.9608162
한강대교전망카페,37.521235,126.961342
노들섬,37.517515,126.95861
노들섬,37.51736384,126.9590377
용암초등학교.이태원2동주민센터,37.544673,126.990733
용암초등학교.이태원2동주민센터,37.54484967,126.9909321
효창공원삼거리.윤봉길의사등묘역,37.54460709,126.9638369
서울역공항철도15번출구.국립극단,37.55307791,126.9688468
용산꿈나무종합타운,37.53848693,126.9672403
남산도서관,37.55234367,126.9818462
하얏트호텔,37.54066038,126.9969933
한신아파트,37.53898273,126.9866957
순천향병원,37.533377,127.003953
용암경로당입구,37.541035,126.987047
한남오거리,37.53309011,127.0066567
가야랑앞,37.54019528,126.9936041
용암한신아파트,37.542602,126.987563
효창공원후문,37.54706884,126.9608921
디지텍고등학교앞,37.53980318,126.991626
우리들가정의원,37.54323151,126.987795
도원삼성래미안아파트101동앞,37.53907,126.956232
성도약국,37.53945068,126.9895541
남산교회입구,37.54467134,126.9866472
신애교회,37.54551904,126.9584869
시장,37.539016,126.98876
해방촌오거리,37.54572995,126.9851475
보광동주민센터,37.52614734,127.0000973
대한노인회중앙회,37.544035,126.957635
도원삼성래미안아파트101동앞,37.539022,126.956297
신흥교회앞,37.544864,126.982858
군인아파트,37.526004,126.996318
원효사.백범김구기념관,37.54314017,126.9585663
녹사평역,37.535021,126.98586
큰빛의집앞,37.54454818,126.9819982
몬드리안서울이태원,37.52853051,126.9926264
도원삼성래미안아파트,37.539689,126.957686
후암동종점,37.54670079,126.9813662
용산구청,37.53031911,126.9914495
용산고등학교,37.5461364,126.9795092
외빈차고,37.53172938,126.9921712
효창공원앞역.이봉창역사울림관,37.53967102,126.9614323
갈월동사회복지회관,37.54539013,126.9740852
청화아파트,37.531422,126.995136
동작대로(가상),37.51590858,126.9829602
용산경찰서,37.5410233,126.9698057
숙대역7번출구,37.543486,126.972309
보광동삼거리,37.53073299,126.9968251
중앙하이츠빌라,37.53856833,126.9594786
원효우체국,37.539285,126.967738
보광초등학교,37.53134303,126.9967764
용문동시장.새마을금고,37.5373483,126.9596343
수미용실,37.531468,126.997906
용문동주민센터,37.53814739,126.959119
문배어린이공원,37.536941,126.969723
문배어린이공원,37.53714312,126.96959
영동김밥,37.53103579,127.0007739
한강대교(가상),37.52172772,126.9606612
도깨비시장,37.53085466,127.002246
리버힐빌라앞,37.53172603,127.0008837
신용산역,37.52991665,126.9674545
보광교회,37.532273,126.9991865
용산우체국,37.53137629,126.9703154
숙대역5번출구,37.54403813,126.9725115
이슬람사원,37.53298846,126.9979655
삼각지역,37.534513,126.973264
갈월동,37.54632411,126.9720931
보광초등학교후문앞,37.53309022,126.995698
반포대교(가상),37.5188785,126.9940056
동자경로당,37.55028671,126.9741955
이태원역앞,37.53418055,126.9957002
녹사평역.용산구청,37.535133,126.987177
후암시장,37.550118,126.976548
후암동주민센터앞,37.54836448,126.9777058
제일기획,37.53487086,126.9984396
대성교회,37.538891,126.988712
용산고,37.54590833,126.9789525
성도약국,37.53927766,126.9894308
후암동종점,37.54650165,126.9813595
디지텍고등학교앞,37.539731,126.991572
큰빛의집앞,37.54448328,126.9819077
가야랑앞,37.54008896,126.9937523
신흥교회앞,37.54462317,126.9833879
해방촌오거리,37.54570295,126.9853965
남산교회입구,37.54455059,126.9866223
우리들가정의원,37.54324231,126.9876592
용암한신아파트,37.54238805,126.9874137
용암경로당입구,37.54109853,126.9869602
한신아파트,37.53898812,126.9865577
갑을빌딩,37.54909587,126.9720388
리버힐삼성아파트후문,37.53494624,126.9487208
만리시장입구,37.5515678,126.9630413
배문중고등학교,37.55037493,126.9636168
청파초등학교,37.54858348,126.9633755
동부이촌동,37.52013925,126.972673
강촌APT,37.5191,126.976196
남산그랜드하얏트호텔,37.53982597,126.9973679
청파초등학교,37.54846998,126.9635057
청암자이아파트,37.534535,126.947027
배문중고교,37.55038127,126.9637289
만리시장입구,37.55177599,126.9631453
청암자이아파트,37.53481193,126.9486032
신동아APT,37.5175986,126.9853624
신동아APT,37.51792209,126.9853035
강촌APT,37.51890573,126.9773129
동부이촌동,37.52067791,126.9718175
이촌동두산위브트레지움,37.52149367,126.9659919
이촌동두산위브트레지움,37.52152836,126.9675735
이촌현대아파트.금강병원,37.51771874,126.9810408
이촌현대아파트.금강병원,37.51851,126.978747
한남역,37.53120681,127.0067323
도원삼성래미안아파트단지내,37.5381983,126.9553881
한남동주민센터,37.534115,127.000606
용산CJ나인파크,37.535873,126.969554
용산e편한세상,37.53434189,126.9672466
이집트대사관.한남더힐아파트,37.535259,127.011276
이집트대사관.한남더힐아파트,37.53624088,127.011431
한남역,37.53058499,127.0077438
한남동,37.533755,127.008572
한남동,37.53396315,127.0085657
필리핀대사관,37.54069996,126.9950933
필리핀대사관,37.54057021,126.99516
전쟁기념관,37.53840147,126.9734852
용산역,37.52907676,126.9658972
국립중앙박물관,37.52084762,126.9785496
이태원,37.53433859,126.9904417
남산서울타워,37.55114199,126.9909862
하얏트호텔,37.54089188,126.9972013
힐튼호텔,37.55477707,126.9772255
남산도서관,37.55208859,126.9815511
답십리역사거리,37.56544961,127.0543962
청년회의소.서울새활용플라자,37.562035,127.060482
장한평역,37.561188,127.066093
상왕십리역,37.564338,127.029075
상왕십리역,37.56469363,127.0286813
왕십리센트라스아파트,37.565215,127.024807
왕십리교회,37.56663,127.023678
뉴타운아파트,37.564877,127.026968
청계벽산아파트.텐즈힐아파트,37.568863,127.030377
청계벽산아파트.텐즈힐아파트,37.567955,127.03004
왕십리도선동주민센터,37.567617,127.024642
왕십리2동주민센터,37.56244961,127.0332626
코스모타워.서울신용보증재단성동지점,37.56298226,127.0329029
성동구청,37.563127,127.035915
상왕십리역,37.56487166,127.0302446
상왕십리역.센트라스아파트,37.565859,127.029978
신금호역4번출구,37.554143,127.02053
마장동주민센터,37.5673235,127.0445738
마장역,37.56558251,127.0423252
성동노인복지관,37.56493759,127.0415861
마장축산물시장,37.57095053,127.0380207
마장축산물시장,37.57025901,127.0375114
도선사거리,37.567023,127.036955
도선사거리,37.566648,127.036487
마장동금호아파트,37.56307133,127.041859
마장동금호아파트,37.56215772,127.0415812
한양대부속고등학교,37.560925,127.041413
한양대부속고등학교,37.56038812,127.0411546
한양대앞.한양시장,37.5585824,127.0409668
한양대앞,37.558525,127.040647
한양대정문,37.55638837,127.0431286
한양대정문앞,37.556996,127.043138
무학여고앞,37.557855,127.034232
무학여고,37.55789531,127.0338673
왕십리역,37.55994731,127.036192
왕십리역,37.56033656,127.0362669
왕십리역,37.560723,127.034688
행당1동주민센터.성동소방서,37.558268,127.038407
서울숲삼부아파트,37.55872308,127.0379493
응봉동주민센터,37.55339896,127.0335008
응봉동주민센터,37.55376121,127.0334387
응봉사거리,37.55529188,127.034458
응봉동현대아파트,37.549732,127.030578
응봉동현대아파트,37.550222,127.0309
대현산배수지공원입구,37.55627838,127.0200974
신금호역,37.55560517,127.0201176
신금호역,37.555678,127.019922
금호고등학교,37.553475,127.021945
금호고등학교.금호자이1차아파트입구,37.55310773,127.0229329
금호동벽산아파트,37.5511644,127.0256791
래미안하이리버아파트,37.55145821,127.0254234
금호사거리,37.54887914,127.0260631
금호사거리,37.54946397,127.0259773
금남시장앞.백범학원터,37.54808522,127.0218686
금남시장앞.백범학원터,37.54828876,127.0224878
금호역,37.547728,127.016267
금호역,37.54850311,127.0155079
금옥초등학교앞,37.54696731,127.0198923
금옥초등학교앞,37.546254,127.018237
힐스테이트서울숲리버아파트,37.54788771,127.0270576
삼성래미안아파트앞,37.54834987,127.0275127
옥수삼성아파트.래미안옥수리버젠,37.54362049,127.0148476
옥수삼성아파트.래미안옥수리버젠,37.54380343,127.0146552
미타사입구,37.54485562,127.0168373
래미안옥수리버젠.옥수중앙교회,37.54591558,127.0148446
래미안옥수리버젠.옥수중앙교회,37.545782,127.014698
옥수파크힐스아파트앞,37.547113,127.013038
옥수파크힐스아파트앞,37.547018,127.013019
옥수동종점,37.549335,127.012585
옥정중학교입구,37.54090407,127.0113027
옥정중학교입구,37.54087707,127.0109995
성수1가1동새마을금고,37.53822,127.04955
성수1가새마을금고,37.53833,127.04951
천주교성수동성당앞,37.53937,127.046139
천주교성수동성당앞,37.53930553,127.046074
뚝도아리수정수센터수도박물관,37.540977,127.0442
뚝도아리수정수센터수도박물관,37.541407,127.04399
서울숲역2번출구,37.54293173,127.0447086
서울숲역3번출구,37.543064,127.044501
성동구민종합체육센터,37.54607197,127.0448961
성동구민종합체육센터,37.546493,127.044533
성수공고앞,37.539973,127.050314
성수공고앞,37.540039,127.050759
경일초등학교입구,37.541079,127.046372
경일초등학교입구,37.541382,127.046014
성동교남단,37.549515,127.044457
성동교남단,37.55050752,127.0439628
상원,37.55144,127.04605
상원,37.551748,127.046662
영동대교북단,37.536945,127.060742
경수중학교,37.53969986,127.0622986
성수119안전센터,37.53734169,127.0601321
성수119안전센터,37.537532,127.059997
경수중학교,37.53816503,127.0570118
경수중학교,37.53828654,127.0572982
뚝도시장,37.53858661,127.0553996
뚝도시장,37.53885,127.05526
성원중성수동이마트앞,37.53909394,127.0534265
성원중성수동이마트앞,37.53936,127.0533
서울숲지구대앞,37.537868,127.052342
서울숲지구대앞,37.53805092,127.0522589
뚝도시장구길,37.537192,127.05527
뚝도시장구길,37.53755207,127.0549268
성수동진주타운,37.536623,127.057488
성수동진주타운,37.53675909,127.0574923
영동대교,37.536356,127.059982
영동대교,37.536435,127.060066
화양사거리,37.547187,127.066622
성수사거리.성수초등학교,37.542825,127.064153
서울효사랑병원,37.541263,127.063275
성수2가3동주민센터,37.549622,127.055392
제인병원,37.549348,127.056837
성동세무서앞,37.547995,127.062185
성동세무서,37.54823913,127.0643373
송정동서울숲아이파크,37.55182,127.069252
송정동건영아파트,37.555205,127.07115
군자교남단,37.557542,127.072438
신답역,37.570207,127.047505
용답동.로데오거리.답십리역,37.565703,127.053945
서울교통공사.서울새활용플라자,37.5620495,127.0569134
뚝섬서울숲,37.54461804,127.0366012
뚝섬서울숲,37.545672,127.036397
사근동하이츠아파트앞,37.561201,127.048603
사근동하이츠아파트앞,37.56130618,127.0486882
사근동주민센터,37.560815,127.04565
사근동주민센터,37.560933,127.045712
사근고개,37.561162,127.0446
사근고개,37.56125556,127.0445102
한양지구대,37.560218,127.042025
한양지구대,37.56024458,127.0419242
사근동벽산아파트,37.5601892,127.0499269
뚝섬역8번출구,37.547696,127.045506
뚝섬역2번출구,37.547575,127.046846
뚝섬역5번출구,37.546482,127.049272
뚝섬역4번출구,37.5468,127.04927
성수역1번출구,37.54542,127.05383
SK테크노빌딩앞,37.545888,127.050228
SK테크노빌딩앞,37.54576985,127.0500259
경동초등학교입구,37.54377,127.04948
경동초등학교입구,37.5433913,127.0492129
경일초등학교앞,37.540772,127.048207
경일초등학교앞,37.540917,127.048175
한양여대앞,37.55951,127.0503
도선고등학교.꽃재교회,37.567093,127.027782
성수역4번출구,37.544788,127.054582
리버하우스,37.55090026,127.0510061
리버하우스,37.5512302,127.0506905
성수사거리,37.542562,127.062352
성수사거리,37.542795,127.062362
성동제일새마을금고,37.56081,127.0471
성동제일새마을금고,37.56088413,127.0473013
청계9가.텐즈힐2단지 정문앞,37.57075,127.025565
뚝섬서울숲,37.543457,127.037565
서울숲1번출입구,37.542222,127.042695
서울숲1번출입구,37.54197811,127.0429744
용답휴식공원,37.569314,127.048053
용답휴식공원,37.56955418,127.0479373
성수2가3동주민센터,37.55023742,127.054782
극동그린아파트앞,37.542003,127.011393
마장역,37.566346,127.043037
행당신동아.행당푸르지오아파트,37.55614084,127.0340193
숭신초등학교,37.56717,127.028196
극동아파트,37.558095,127.023935
풍림아파트,37.559145,127.023905
벽산아파트,37.55560229,127.0256886
대림아파트,37.55657383,127.024926
행당역,37.5570009,127.0290983
행당역,37.55707937,127.0287644
무학여고,37.55839115,127.0330163
극동그린아파트,37.54206463,127.011905
성수동차고지,37.535793,127.055682
제민약국,37.536593,127.058517
왕십리자이.신당현대아파트,37.560847,127.02363
왕십리자이.신당현대아파트,37.561152,127.024101
제민약국,37.536507,127.058488
우리은행화양동지점,37.548118,127.066129
황학교.텐즈힐몰,37.57005175,127.0236037
마장동주민센터,37.567063,127.04464
왕십리광장.왕십리역7번출구,37.561133,127.036895
왕십리광장.왕십리역4번출구,37.56136444,127.0371334
한양대동문앞,37.55564329,127.049676
왕십리도선동주민센터,37.567817,127.024413
한양여대앞,37.559227,127.050625
행당중학교,37.553781,127.043024
살곶이체육공원앞,37.55631791,127.0509355
송정동현대아이파크아파트,37.55218712,127.0686201
극동아파트5동,37.54315954,127.011079
대우아파트관리실,37.546215,127.019985
신금호역,37.55459318,127.0204908
옥수역,37.54148275,127.0168166
송정동자치회관,37.550884,127.068764
대우아파트후문,37.54693907,127.0216589
금호1가동주민센터,37.55512902,127.0221955
왕십리민자역사,37.56184269,127.0378535
무쇠막,37.54527775,127.0246948
송정어린이집,37.54900258,127.0677474
대경생활과학고등학교,37.55597143,127.017537
금북초등학교.e편한세상금호105동,37.55553782,127.0237361
무학여고,37.55749161,127.0339124
힐스테이트서울숲리버,37.54674459,127.0253856
성수SKV1센터1동,37.545818,127.065585
극동아파트상가,37.54291975,127.0121009
금호4가동주민센터.대도빌딩,37.54805265,127.0225635
화단삼거리,37.54831986,127.0198712
금호어린이집,37.556734,127.01862
논골.금호벽산아파트.성동공유센터,37.5555492,127.025349
행당서울숲푸르지오상가앞,37.555614,127.033891
법학학술정보관,37.55704,127.048574
성수이비즈센터,37.546576,127.063058
한남하이츠아파트,37.54005431,127.0115923
금호사거리,37.548008,127.025272
금호산입구,37.556722,127.019575
한진아파트후문,37.5560183,127.0269971
신동아아파트후문,37.55489468,127.0326937
올림픽체육관맞은편,37.556934,127.049294
경수중학교입구,37.543514,127.060089
제일감리교회,37.54786612,127.0269037
신금호역,37.554381,127.019638
제3법학관,37.556233,127.048637
행당서울숲푸르지오109동앞,37.554456,127.031711
벽산아파트정문,37.552658,127.02528
성수역2번출구,37.544268,127.057638
옥수종합사회복지관,37.54088049,127.0128519
응봉동현대아파트,37.54980253,127.0307682
행당2동주민센터,37.5577376,127.0306538
응봉경로당앞,37.55262793,127.0316422
금호119안전센터,37.554187,127.024731
경동초등학교입구,37.545895,127.051155
옥수삼성아파트,37.54063526,127.0139485
현대공업사앞,37.54995073,127.0325678
두산상가후문.106동,37.5491854,127.0167387
중앙병원,37.55196128,127.0193176
무학중학교.무학여고,37.55821,127.0331283
만물상회앞,37.552829,127.031224
논골사거리,37.55531503,127.0248124
응봉초등학교.대림아파트,37.55106784,127.0334307
한신아파트,37.55075381,127.0192957
올림픽체육관앞,37.557015,127.049632
상봉노인정앞,37.55287394,127.0302832
논골신협.대림아파트후문,37.55770298,127.0245744
옥수삼성아파트,37.54075326,127.0143208
응봉역.광희중,37.55204254,127.0344339
우리은행.백범학원터,37.548008,127.021174
금호공원,37.54967696,127.019575
대현산체육관입구,37.55308,127.029853
한양대학교경영대학,37.557084,127.04853
지하철2호선성수역,37.54477028,127.0546618
옥수종합사회복지관,37.54088675,127.0132276
대우아파트입구,37.54598344,127.0191632
원형화단,37.54859296,127.0194898
성동구청,37.564136,127.036403
금봉어린이집.또또와마트,37.55290619,127.0288091
한양대병원후문,37.560011,127.041957
경수중학교입구,37.543363,127.059621
옥정중학교,37.54133299,127.0113322
응봉사거리,37.55486744,127.0345427
천은교회.성동청소년상담복지센터,37.554691,127.026797
극동아파트상가,37.54291161,127.0123679
무학여고,37.55771859,127.0342554
한전입구,37.5662652,127.0351185
논골입구.성동공유센터,37.55554,127.02557
극동아파트7동,37.54361893,127.012754
성동보건소,37.56649464,127.0331863
행당역.대림아파트정문,37.55704966,127.0286716
청계벽산아파트,37.56826244,127.0303705
논골.e편한세상금호114동,37.55519162,127.0246041
코스모타워,37.562788,127.033286
화단앞,37.54862447,127.019654
성동사회복지관.청계천박물관,37.57030347,127.0334778
금호119안전센터,37.554264,127.024578
왕약국,37.54834119,127.0655473
상왕십리역,37.5647437,127.0302514
금호공원,37.5496508,127.0197742
성동구도시관리공단.서울시시설관리공단,37.57182891,127.0368612
e편한세상금호117동,37.552657,127.024679
왕십리자이.신당현대아파트,37.56084707,127.0236902
중앙슈퍼,37.54951566,127.0665318
한신아파트,37.5507583,127.0194078
금호고등학교,37.553096,127.023552
극동.풍림아파트,37.55904489,127.023641
GS25,37.55030467,127.0671618
중앙병원앞,37.55212796,127.0194715
도선동사거리,37.56676758,127.0365327
논골신협.대림아파트후문,37.55751195,127.0245189
송정동자치회관입구,37.5511351,127.0678257
성동구청,37.563354,127.036042
논골사거리,37.55612602,127.0247742
신금호역,37.55433559,127.0197856
성동중앙교회.벽산아파트정문,37.553011,127.024877
무학중학교.무학여고,37.55842262,127.0332891
천은교회.성동청소년상담복지센터,37.55459194,127.0266661
금호어린이집,37.556743,127.018232
행당2동주민센터,37.55782957,127.0304206
금봉어린이집.또또와마트,37.55264238,127.0287944
대경생활과학고등학교,37.55606875,127.0175178
대현산체육관입구,37.55296294,127.0297135
GS주유소,37.54681133,127.0251254
대림아파트후문,37.5561715,127.0269327
상봉노인정앞,37.552674,127.03022
서울숲푸르지오아파트정문,37.54525619,127.0243938
대림상가,37.55388,127.034468
충북상회,37.5527923,127.0310094
서울숲푸르지오아파트후문,37.543544,127.022805
무학여고,37.558122,127.033877
무학여고,37.5581,127.034245
응봉사거리,37.5553019,127.0340902
응봉사거리,37.55508011,127.0344919
응봉역.광희중,37.55220114,127.0344034
응봉경로당앞,37.55238843,127.031694
금호초등학교,37.55268843,127.0194943
응봉초등학교.대림아파트,37.5508021,127.033168
행당서울숲푸르지오109동앞,37.55438612,127.0318012
현대공업사앞,37.550105,127.032439
신동아아파트후문,37.55468771,127.0328358
신동아아파트,37.54976756,127.0300982
행당서울숲푸르지오상가앞,37.55557299,127.0340187
삼성래미안아파트,37.54837509,127.0275591
금호사거리,37.5481765,127.0250613
금남시장앞.백범학원터,37.54827449,127.021648
왕십리광장.왕십리역7번출구,37.56104655,127.0365163
두산상가후문.106동,37.54925208,127.0167172
극동아파트7동,37.54372076,127.0126657
두산아파트113동,37.5505885,127.0160758
두산아파트109동,37.54981796,127.0167637
극동아파트4동,37.54353164,127.0115883
극동아파트4동,37.5435055,127.0116845
두산아파트109동,37.5498567,127.0168498
두산아파트115동,37.55095794,127.0161121
금호역,37.54845459,127.0168517
금호역.두산상가경비실,37.54851409,127.0166706
금호역,37.54842402,127.0164273
금호역.3호선,37.54829423,127.0166253
화단삼거리,37.54821898,127.0196278
두산아파트113동,37.55068039,127.0161833
벽산아파트501동앞,37.55483821,127.0254789
벽산아파트505동앞,37.55440101,127.0262518
벽산아파트111동앞,37.553193,127.026992
벽산아파트206동앞,37.55215254,127.0272674
벽산아파트202동앞,37.551491,127.027356
벽산하이피아상가앞,37.55219616,127.0256433
우리은행.백범학원터,37.548263,127.021122
행당푸르지오아파트,37.55623906,127.0340035
왕십리역,37.56105361,127.0369827
옥정중학교,37.54124739,127.0113005
옥정중학교,37.54097445,127.0109935
옥수삼성아파트,37.54360878,127.0148091
옥수삼성아파트,37.54379082,127.0146145
금옥초등학교.금호대우아파트,37.54647457,127.0189291
금옥초등학교.금호대우아파트,37.54658996,127.0186519
금호사거리,37.54797844,127.0241853
금호사거리,37.54817651,127.0250025
금호삼성래미안,37.54787691,127.0269818
금호삼성래미안,37.54836158,127.0275354
응봉현대아파트,37.5497629,127.0307014
응봉현대아파트,37.55013049,127.0309019
응봉주민센터,37.55344401,127.0335212
응봉주민센터,37.55399906,127.0336018
래미안옥수리버젠아파트상가,37.54437279,127.015727
옥수동주민센터.옥수동성당,37.54360617,127.0140192
국민은행,37.54269716,127.0122219
국민은행,37.5427782,127.0127561
옥수동주민센터.옥수동성당,37.54323766,127.0136717
삼성아파트정문,37.54382678,127.0152935
성동노인종합복지관,37.56520977,127.0414403
중앙하이츠아파트,37.56525269,127.0389001
민자역사후문,37.563549,127.038365
금호1가동주민센터,37.55472829,127.0208123
금호정형외과,37.55408677,127.0204579
금호고등학교앞,37.55297995,127.0233929
벽산하이피아상가,37.5519501,127.0259454
벽산노인정,37.55105871,127.0268505
벽산아파트107동,37.55168754,127.0274313
벽산아파트109동,37.55261388,127.0273705
벽산아파트505동,37.55432168,127.0263706
벽산아파트501동,37.55495534,127.0255027
광희중학교.응봉역,37.55191103,127.0350585
한신아파트후문,37.5537403,127.037073
한신아파트정문,37.55483475,127.0353825
민자역사후문,37.56358,127.038505
중앙하이츠아파트,37.565054,127.03845
삼성래미안아파트,37.56549402,127.0402756
금북초등학교입구,37.55565589,127.0236162
대현산배수지공원앞,37.55517771,127.0220575
선영약국,37.566775,127.030619
텐즈힐아파트101동.115동,37.56698,127.029276
숭신초등학교.도선고등학교앞,37.56732969,127.0271676
왕십리도선동주민센터,37.56770843,127.0259157
텐즈힐아파트120동.213동앞,37.569125,127.026001
왕십리중앙교회,37.57015475,127.026563
마장동현대아파트,37.570169,127.043027
청계장원아파트,37.569336,127.044743
마장2교사거리,37.567977,127.045459
마장2교사거리,37.56818275,127.0456033
청계장원아파트,37.56934274,127.0448455
옥수교회,37.54524,127.016005
텐즈힐아파트107동앞,37.56956858,127.0285145
응봉동현대아파트,37.54986196,127.030938
논골.대림아파트107동.금호동벽산아파트,37.5558964,127.0249544
옥수역5.6번출구,37.541854,127.017002
서울숲푸르지오아파트,37.545015,127.023747
언더스탠드에비뉴,37.543572,127.042776
성동구민체육센터,37.545138,127.044474
경일중고등학교,37.542316,127.049131
이마트.서울숲힐스테이트아파트,37.540475,127.052766
서울숲코오롱디지털타워2차,37.541411,127.05399
서울경찰청제6기동단,37.540076,127.054739
한라시그마밸리앞,37.539647,127.05532
성수역3번출구,37.543944,127.057104
서울숲코오롱디지털타워2차,37.541461,127.053848
이마트.서울숲힐스테이트아파트,37.540528,127.05257
현대그린아파트,37.540523,127.049622
성수역3번출구,37.54355983,127.0566907
경일중고등학교,37.542503,127.04921
한라시그마밸리,37.53990607,127.0551786
서울경찰청제6기동단,37.540228,127.054772
서울숲역,37.543869,127.045146
성동구민종합체육센터,37.54527,127.044515
서울숲2번출입구,37.543527,127.04255
서울숲9번출입구,37.543638,127.037555
옥수역4번출구,37.54181185,127.0176125
성수대교북단교차로,37.544291,127.035516
마장역,37.56611408,127.0426522
마장역,37.56564741,127.0423948
옥정초등학교,37.54088924,127.0154196
e편한세상금호109동,37.553483,127.021876
왕십리자이아파트107동,37.55971284,127.0259693
왕십리KCC스위첸아파트,37.560369,127.026824
금호베스트빌아파트노인정앞,37.56187332,127.0250695
풍림아이원아파트후문,37.56019425,127.02685
응봉역.광희중학교,37.551878,127.035298
대림강변타운아파트A상가,37.55479,127.035718
리버그린동아아파트정문,37.55349324,127.0375237
서울숲리버뷰자이아파트제2주차장,37.556168,127.039405
서울숲리버뷰자이아파트제2주차장,37.555721,127.039281
서울숲리버뷰자이아파트제1주차장,37.55419708,127.038889
왕십리로교차로,37.55771977,127.0389354
왕십리로교차로,37.55776761,127.0391339
리버그린동아아파트,37.55334439,127.0382721
서울숲리버뷰자이아파트제1주차장,37.554509,127.03924
왕십리역6-1번출구,37.560793,127.037912
행당동서울숲더샵,37.557808,127.039717
행당동서울숲더샵,37.558001,127.039904
서울숲공원,37.5420906,127.0425737
성수역수제화거리,37.545157,127.054619
한양대역,37.55686515,127.0432471
한양대학교병원본관1층,37.55945987,127.0438016
한양대학교병원본관1층,37.55945161,127.0435712
한양대학교병원응급실,37.559812,127.0446
한양대학교류마티스병원동관,37.559973,127.044651
한양대학교백남학술정보관,37.55773422,127.045845
한양종합기술연구원.생활과학대학,37.5576911,127.0460706
한양대학교생활과학대학,37.55680349,127.0465029
한양대학교제2의학관,37.559328,127.042132
한양대학교정문,37.55777611,127.0421228
군자교입구,37.55874099,127.0756461
군자교입구,37.55879373,127.0749003
군자역.용마초등학교,37.55609891,127.0824731
군자역.용마초등학교,37.556267,127.081557
중곡동입구삼거리,37.55449655,127.0865505
어린이대공원후문아차산역,37.55120847,127.0901492
어린이대공원후문아차산역,37.55273374,127.0891817
중곡동입구삼거리,37.554926,127.085229
새밭교회,37.548983,127.093185
새밭교회,37.54909358,127.0926378
광나루역,37.545741,127.102649
광나루역,37.545156,127.103764
군자교,37.56153286,127.075203
군자교,37.56238618,127.0752287
메리놀외방선교회,37.55895,127.077338
메리놀외방선교회,37.55908662,127.0776319
중곡1동주민센터입구,37.560522,127.078383
중곡1동주민센터입구,37.560877,127.078402
중곡1동사거리,37.56245368,127.0794725
중곡1동사거리,37.562482,127.079283
중마초등학교.중곡제일골목시장앞,37.56498,127.080843
용마사거리,37.56229075,127.0818721
중곡2동주민센터앞,37.55988373,127.0808553
중곡2동주민센터앞,37.55984027,127.0811552
중곡동성당앞,37.563169,127.082935
종합의료복합단지,37.56388824,127.0833601
중곡동종점,37.56207257,127.0870619
중곡보건지소,37.55992,127.086988
신성시장앞,37.55831636,127.0876755
중곡우체국앞,37.561577,127.083883
면곡시장,37.56974605,127.0797293
면곡시장,37.570028,127.079442
중곡아파트,37.56640123,127.0778997
중곡아파트,37.56579555,127.077177
중마초등학교.중곡제일골목시장앞,37.565232,127.080851
중곡역입구,37.56634043,127.081615
중곡역입구,37.56666,127.081645
중곡3동주민센터앞,37.568537,127.082792
중곡3동주민센터앞,37.56849153,127.0826419
면곡시장앞,37.570795,127.083282
면곡시장앞,37.57108,127.083445
용암사입구,37.56791599,127.0860566
용곡삼거리,37.56793345,127.0855902
중곡역.국립정신건강센터,37.56604642,127.0845455
대원고교앞,37.56396603,127.0867086
용암사입구,37.567868,127.0863735
대원고교앞,37.56419922,127.0869681
중곡동종점,37.56269505,127.0873094
신성시장,37.55831895,127.0879298
중곡동입구,37.55419672,127.088669
어린이대공원앞,37.55204586,127.0770315
능동사거리.군자역,37.55517668,127.0786347
구의사거리.광진소방서앞,37.54524958,127.0839777
어린이회관,37.546155,127.077067
구의사거리.광진소방서앞,37.544998,127.084305
광진경찰서,37.54153366,127.0836883
광진경찰서,37.54308737,127.0846474
광진경찰서,37.54221,127.08424
광진구청,37.538964,127.083407
구의역2번출구,37.53770269,127.0879773
래미안구의파크스위트,37.544713,127.089012
구의2동주민센터입구,37.54925157,127.0897847
구의2동주민센터입구,37.54864168,127.0895859
구의사거리,37.54565109,127.085747
구의사거리,37.54581736,127.0863481
래미안구의파크스위트,37.54496382,127.0890507
현대아파트앞,37.5395525,127.0940087
현대아파트앞,37.539643,127.09417
광진우체국,37.537998,127.090409
강변역A,37.53602601,127.0934996
테크노마트앞.강변역,37.536867,127.093756
현대2단지,37.53785446,127.0965438
올림픽대교북단사거리,37.5433927,127.09321
올림픽대교북단사거리,37.54338872,127.0936876
광장동현대아파트앞,37.54191,127.097768
광장동현대아파트앞,37.542071,127.098974
광나루역.극동아파트,37.543536,127.102963
광나루역.극동아파트,37.544242,127.10332
워커힐아파트.광장동,37.54789576,127.106715
워커힐아파트앞,37.55049601,127.1090264
워커힐입구,37.55061343,127.1087232
광진구청,37.538762,127.083188
자양사거리,37.536933,127.082432
자양사거리,37.5367503,127.0821045
자양초등학교앞,37.537947,127.078467
자양초등학교앞,37.537422,127.079265
건국대학교앞,37.538743,127.075048
자양미소약국.자양골목시장,37.53275,127.077319
국민은행자양지점앞,37.53157273,127.0814131
자양하늘채베르아파트앞,37.53219224,127.084608
자양동잠실대교북단,37.53295532,127.0848057
신자초등학교앞,37.530442,127.074911
자양미소약국.자양골목시장,37.53270034,127.0768713
국민은행자양지점앞,37.53153084,127.0807387
동서울우편집중국앞,37.535052,127.084333
자양하늘채베르아파트앞,37.53197322,127.0846733
자양동잠실대교북단,37.53212015,127.0858514
구의역3번출구,37.53751863,127.0882894
국민은행신자양지점,37.53557191,127.0668747
신양초등학교앞,37.53491182,127.0692877
신양초등학교앞,37.53523371,127.0689474
뚝도변전소앞,37.536091,127.068908
광진문화예술회관,37.53856525,127.0701692
건국대학교앞,37.53844611,127.0748754
신자초등학교앞,37.530768,127.074922
자양우성아파트앞,37.533798,127.073412
자양우성아파트앞,37.53394696,127.0734067
자양고교앞,37.53457909,127.0711714
자양고교앞,37.53431586,127.0713601
대동아파트앞,37.536419,127.068967
국민은행신자양지점,37.53573,127.067195
노룬산시장,37.53950299,127.0626913
건대입구역6번출구,37.54082688,127.0672789
건대로데오거리입구,37.53891929,127.0699258
노룬산시장앞,37.53680587,127.0629447
영동대교북단,37.536723,127.061193
노룬산시장앞,37.53660675,127.0628993
신양초등학교앞,37.533802,127.067918
자양4동주민센터앞,37.533632,127.067497
성수사거리,37.54315851,127.0647766
화양사거리,37.54723184,127.0670886
광진광장,37.54771517,127.0715209
어린이대공원역.화양천주교회,37.54662164,127.0736285
한아름공원,37.543765,127.072222
건대입구역사거리.건대병원,37.540929,127.07095
건대입구역1번출구,37.54089575,127.0681673
어린이대공원역3번출구,37.546807,127.075148
건대입구역사거리.건대병원,37.540822,127.071248
어린이회관,37.545273,127.079592
어린이대공원역.화양천주교회,37.54590439,127.0735882
송정동서울숲아이파크,37.55170446,127.0695975
송정동건영아파트,37.554752,127.071302
군자교남단,37.55741097,127.0727879
KEB.하나은행.군자동.지점,37.55770855,127.0767091
KEB.하나은행.군자동.지점,37.55715628,127.0765591
능동우편취급국,37.55616091,127.0760329
군자삼거리,37.55497555,127.0752869
군자삼거리,37.55464662,127.0753228
세종초등학교.세종사이버대학교앞,37.553525,127.073395
세종초교앞,37.553868,127.074363
군자새마을금고.성동광진위센터,37.55185121,127.0713225
군자새마을금고앞,37.55135665,127.0710878
장안초등학교,37.54869231,127.0707548
장안초등학교,37.54858,127.070483
화양사거리,37.5483289,127.0686842
광진광장,37.548002,127.07154
어린이대공원앞.세종대학교,37.549752,127.07544
능동교회앞,37.55287399,127.0769927
능동사거리.군자역,37.556322,127.07882
아차산역삼거리,37.55451229,127.086857
용마초등학교,37.55652793,127.0816967
어린이대공원후문,37.55086668,127.0905076
서울화양동우체국,37.548113,127.068776
중곡동입구,37.55479896,127.0882622
제일은행사거리,37.53355053,127.0747506
동곡삼거리,37.563673,127.077955
건대병원입구,37.54210848,127.0714728
광진청소년수련관,37.54595149,127.1053745
강변역B,37.53597462,127.0935346
테크노마트앞.강변역,37.536907,127.093802
중곡동성당,37.562765,127.082402
종합의료복합단지,37.564373,127.083307
중곡역.국립정신건강센터,37.5662295,127.084325
용곡삼거리,37.5685783,127.0855998
구의3동주민센터,37.539065,127.092544
구의3동주민센터,37.539049,127.092102
광진구민체육센터,37.54686717,127.1077985
광나루우편취급국,37.547401,127.106316
건대입구(가상),37.54019114,127.0709898
중곡4동경로당입구앞,37.55913062,127.0939631
중곡아파트.종점,37.56637898,127.0779156
긴고랑종점,37.56219447,127.0960429
정보도서관,37.55024867,127.1104622
강원설비앞,37.55900294,127.0901359
강원설비앞,37.55884901,127.0899354
중앙상회앞,37.560159,127.0947975
한강호텔입구,37.54845463,127.1094523
중곡4동경로당입구앞,37.55919254,127.0942812
중곡아파트.기점,37.566876,127.078165
구.새마을금고앞,37.56144173,127.0871709
CU중곡긴고랑점앞,37.558916,127.0930312
광나루현대아파트,37.54672174,127.107587
긴고랑주차장,37.56096064,127.0956309
신성시장입구,37.55852697,127.0880097
중곡4동어린이집입구,37.55868455,127.0917044
신동아아파트,37.54635,127.10533
마을금고.브레드제과점,37.55763396,127.0892469
긴고랑입구,37.558877,127.0886688
우리들약국,37.55690148,127.0902851
광남고.삼성아파트,37.54194779,127.1014183
해오름공원입구,37.55630792,127.0911231
현대3차아파트,37.54046519,127.0996487
기업은행.용마사거리,37.56244604,127.0814331
기원정사입구,37.55488262,127.0931372
송림식당앞,37.53682211,127.07663
중곡우체국앞,37.56116374,127.0840578
영화사입구,37.55422855,127.0941176
군자역,37.55787481,127.0800823
강변역.테크노마트앞,37.53639347,127.094859
자양중학교앞,37.53469053,127.0759964
성안약국,37.55321006,127.0932969
지영슈퍼,37.55181874,127.0921939
구의역,37.53823879,127.0892373
국민은행자양지점,37.53198601,127.0792388
아차산역사거리,37.550722,127.091307
중곡보건지소,37.55953058,127.0870747
미니스톱구의중앙점앞,37.54155063,127.0900165
영동대교입구.성수사거리,37.54239913,127.0643414
선화예고앞,37.54948475,127.0900588
긴고랑입구,37.55873643,127.0886687
구의홈마트앞,37.54029022,127.089723
화양동현대아파트,37.54398276,127.0652402
성자초등학교앞,37.53130001,127.0822557
한국켄트외국인학교,37.54772999,127.0880988
중곡4동어린이집입구,37.55851698,127.0916679
래미안구의파크스위트사거리,37.54404893,127.0906
성수대우프레시아1차아파트,37.54529434,127.0659848
CU중곡긴고랑점앞,37.55875923,127.0930028
화양사거리SKV1센터,37.546257,127.06641
행운슈퍼앞,37.53295012,127.0870099
중앙상회앞,37.56016,127.094972
한창주택,37.53361444,127.0891357
광장중학교앞,37.54679033,127.1024015
구의아크로리버앞,37.53529269,127.0921363
구의역4번출구,37.53665431,127.0848371
장신대앞,37.54753936,127.1052274
강변역A,37.535988,127.093833
워커힐아파트입구,37.54792033,127.1066257
동서울호텔앞,37.53453492,127.0920686
워커힐아파트,37.55000352,127.1075883
한창주택,37.53371538,127.0891188
행운슈퍼앞,37.53306994,127.0870462
워커힐아파트입구,37.54809046,127.1064755
구의역1번출구,37.536929,127.084791
장신대앞,37.54763045,127.1051324
성자초등학교앞,37.53151966,127.0825683
광장중학교앞,37.54694794,127.1024889
광진경찰서앞,37.54234688,127.0843546
한전삼거리,37.54544335,127.0979657
자양동,37.535609,127.067637
자양동,37.535636,127.066848
국민은행자양지점,37.532277,127.079026
청구아파트앞,37.5423896,127.0967938
광장자이아파트,37.542253,127.094923
서울서광교회앞,37.54758473,127.088351
자양중학교앞,37.53463538,127.0762758
래미안구의파크스위트사거리,37.54413013,127.0904643
자양1파출소앞,37.53676516,127.0769071
면곡시장,37.57146241,127.081375
동곡삼거리,37.563803,127.078265
광진구의회,37.53919695,127.0701166
광진구의회,37.538333,127.070083
건대입구역,37.54338045,127.072093
건대입구역,37.54228033,127.0719007
세종대학교,37.54986166,127.0755659
세종대학교,37.54985505,127.076031
군자역,37.5563636,127.0788605
군자역,37.555206,127.078641
지영슈퍼,37.55177449,127.0923105
미니스톱구의중앙점앞,37.54156336,127.0898705
성안약국,37.5531415,127.0933919
구의홈마트앞,37.54031918,127.0895646
종로약국앞,37.55758796,127.0881059
영화사입구,37.55408344,127.0941503
구의역,37.53827585,127.0890926
기원정사입구,37.55527915,127.0930431
테크노마트.광진문화원,37.53702053,127.0961012
해오름공원입구,37.55633026,127.0913642
프라임아파트앞,37.53783797,127.0970324
용마사거리,37.56275704,127.0812432
우리들약국,37.55704379,127.090369
현대3.5차아파트,37.54077907,127.1003519
마을금고앞,37.55773117,127.089393
광남고.삼성아파트,37.54234308,127.1017493
자양종합복지관앞,37.532469,127.075441
신성시장입구,37.5586702,127.088063
대순진리회앞.구.새마을금고,37.56095484,127.0875677
대원외고앞,37.56324484,127.0871413
광나루현대아파트,37.54669365,127.1077533
중곡4동파출소,37.56541945,127.0867703
한강호텔입구,37.54827454,127.1093151
워커힐팰리스,37.55001332,127.1096719
워커힐호텔비스타워커힐,37.5542416,127.1102655
아차산역사거리,37.55067193,127.0914351
중곡119안전센터,37.56675676,127.0862442
구의3동주민센터,37.538005,127.091613
뚝섬유원지,37.53108178,127.0667913
건국대입구,37.54111501,127.0675636
광장자이아파트,37.54216725,127.0949109
한전삼거리,37.54524056,127.0980186
청구아파트앞,37.54326056,127.0961816
용마사거리,37.561856,127.08221
강변역.테크노마트앞,37.536342,127.094792
답십리역사거리,37.56518709,127.0550605
청년회의소,37.56196532,127.0612838
장한평역,37.56115106,127.067287
신답초등학교.청계한신휴플러스,37.571753,127.044292
신답초등학교.청계한신휴플러스,37.57175591,127.0447281
동대문구청,37.5741,127.038322
서울시동부병원,37.57392925,127.0309536
신설동역.서울풍물시장,37.57442791,127.0257177
중랑교,37.59175755,127.0676665
중랑교,37.591426,127.066835
삼육서울병원,37.589692,127.060685
삼육서울병원,37.59,127.061955
시조사삼거리,37.588707,127.056888
떡전교사거리.동대문노인복지관,37.58644477,127.0520133
청량리역환승센타,37.58040251,127.0454307
청량리역환승센타,37.58025088,127.0460771
동대문구청,37.57345887,127.0399889
청량리역환승센터,37.580223,127.045748
청량리역환승센터,37.580304,127.045721
청량리역환승센터,37.580672,127.045381
청량리미주아파트.동대문세무서,37.58278,127.048395
청량리.청과물도매시장,37.578798,127.040598
제기동역.서울약령시,37.578144,127.037779
제기동역.서울약령시,37.57823385,127.0365057
용두동사거리,37.57753206,127.0299882
용두동사거리.한국의류시험연구원,37.57717239,127.028236
신설동역,37.57615004,127.0250446
신설동역,37.5758268,127.0238433
신설동역,37.57645359,127.0255837
신설동역,37.57624536,127.025947
용두동한국의류시험연구원,37.57751877,127.0291142
용두로타리한국의류시험연구원,37.57725646,127.029482
제기역약령시장,37.57829702,127.0366096
제기역약령시장,37.578056,127.036835
신설동역1번출구,37.57663033,127.0233167
청량리미주상가앞,37.58189023,127.047678
서울성심병원,37.58439239,127.0502443
서울성심병원,37.58460747,127.0508977
시조사,37.58684878,127.0522796
휘경동입구,37.587663,127.055203
삼육서울병원,37.589765,127.06061
중랑교,37.59114436,127.0664307
회기시장,37.59120263,127.0566389
회기시장,37.590807,127.056588
경희중고,37.592923,127.057747
경희중고,37.59334729,127.0583347
외대앞,37.59562821,127.0596059
외대앞,37.59548126,127.0597678
이문동우체국,37.59938825,127.061746
이문동교회,37.600254,127.062108
의릉입구,37.60387558,127.061923
의릉입구,37.60348527,127.0621764
한천로쌍용아파트앞,37.59819109,127.0676193
한천로쌍용아파트앞,37.59866491,127.067887
이문동삼익아파트,37.59454856,127.0682139
이문동삼익아파트,37.59510354,127.0683628
동일스위트리버아파트.휘봉고교,37.58779877,127.0677526
휘경유수지견인차고지앞,37.58842,127.068577
답십리래미안엘파인아파트,37.57572014,127.0672934
서울준법지원센터.동성빌라,37.58555526,127.0673893
서울준법지원센터.동성빌라,37.58567945,127.0676702
휘경여중고휘경주공아파트앞,37.582603,127.068289
휘경여중고휘경주공아파트,37.58215749,127.0685434
장안동현대아파트앞,37.57974617,127.0685412
전곡시장앞,37.57723707,127.0677951
전곡시장앞,37.57733,127.068143
답십리촬영소.우성그린아파트,37.57419,127.066852
촬영소사거리.우성그린아파트,37.57351066,127.0669165
풍안시장.동답초교,37.57103976,127.065489
동답한신동아아파트,37.569627,127.06411
동답한신동아아파트,37.56888162,127.0639045
동아.위더스빌아파트,37.56669825,127.062259
동아.위더스빌아파트,37.56615891,127.061465
하나은행장안동지점,37.563405,127.058557
장한평,37.56131154,127.0671377
청년회의소앞,37.56211026,127.0615307
고미술상가,37.563612,127.057297
답십리역.동부시장,37.56725625,127.0525194
신답역앞,37.57084309,127.0470914
동대문구청.용두역4번출구,37.573438,127.039718
용두역,37.573977,127.037268
용두동신동아아파트,37.57377044,127.0317925
동대문우체국.서울풍물시장,37.57475976,127.0245653
동대문구청.용두역3번출구,37.57553746,127.0383452
동대문구청.용신동주민센터,37.57658077,127.0384169
동대문구청.용신동주민센터,37.575307,127.037988
경동시장앞,37.58199892,127.0387559
제기동주민센터.서울약령시앞,37.58192515,127.0383947
경동시장,37.57996441,127.0382839
홍파초등학교,37.585531,127.038639
홍파초등학교,37.58559711,127.0383377
제기동한신아파트앞,37.587603,127.037888
고려대역.고대앞삼거리,37.58943377,127.0366856
고려대역.고대앞삼거리,37.588548,127.036872
고려대학교앞,37.588138,127.03468
우신향병원,37.585725,127.032383
안암오거리,37.582468,127.029893
대광고등학교앞,37.57977772,127.0255621
종암초등학교앞,37.58161861,127.0295992
용두시장앞,37.57911159,127.0303342
용두시장앞,37.579035,127.030161
서울시동부병원,37.57589647,127.0304302
서울시동부병원,37.57619016,127.0306953
동아제약앞,37.57259937,127.0304425
동아제약앞,37.57271644,127.0307312
떡전교앞,37.58490404,127.0526949
떡전교앞,37.58461845,127.0525769
서울시립대입구,37.58300573,127.0540557
서울시립대학교앞,37.58268049,127.0539399
서울시동부교육지원청.해성국제컨벤션고교,37.579183,127.056865
전농로터리시장.동부교육지원청,37.578817,127.05676
전농우체국앞,37.576367,127.057575
전농우체국앞,37.576523,127.05789
청솔우성아파트.답십리시장,37.57370928,127.057648
청솔우성아파트.답십리시장,37.57411129,127.057389
답십리2동시온교회앞,37.57059613,127.0573999
답십리1동희망샘교회앞,37.57052419,127.0571055
답십리초등학교.현대시장,37.568453,127.057202
답십리초등학교앞,37.56862657,127.0569309
답십리역사거리,37.56550601,127.0552011
황물로사거리,37.56654189,127.055992
답십리1동주민센터.래미안위브,37.57236701,127.0510037
답십리1동주민센터.래미안위브,37.5721,127.051142
동대문중학교,37.575014,127.053755
동대문중학교,37.5741763,127.0532772
전농래미안크레시티아파트,37.576277,127.055592
대한노인회동대문구지회,37.576208,127.055902
전농사거리,37.577818,127.059038
전농사거리,37.57756336,127.0592406
배봉초등학교.전농우성아파트,37.57869532,127.0672948
배봉초등학교.전농우성아파트,37.57844024,127.0674157
장안2동주민센터,37.57884038,127.070404
장안2동주민센터,37.578696,127.070461
장안교앞,37.579653,127.07397
장안교은석초등학교,37.57962,127.074689
청량리역6번출구,37.57865435,127.0431144
청량리역6번출구,37.577945,127.043786
롯데캐슬노블레스,37.57555526,127.0484717
전농시장앞,37.57608472,127.0471184
래미안크레시티.답십리도서관,37.57456175,127.050244
동대문구답십리도서관앞,37.57388,127.051028
답십리래미안위브아파트,37.572769,127.054827
답십리래미안미드카운티,37.57298,127.055558
답십리종합상가,37.57273205,127.0567076
답십리2동두산아파트,37.572755,127.058512
한양아파트.청솔우성아파트후문,37.57295362,127.058758
답십리2동한양아파트앞,37.57267023,127.0614069
답십리2동한양아파트앞,37.57295,127.06112
동답한신.대림아파트동대문체육관,37.572663,127.063768
촬영소사거리.동답초등학교,37.572642,127.065212
촬영소사거리.세양청마루아파트앞,37.572887,127.065358
동대문구.성동구선거관리위원회,37.572487,127.068203
동대문구.성동구선거관리위원회,37.572768,127.067877
장안사거리,37.572585,127.070338
국민은행장안동지점,37.572362,127.073497
국민은행장안동지점,37.572055,127.07421
장안동근린공원,37.57732381,127.0719536
장안동근린공원,37.578312,127.072382
동대문더퍼스트데시앙아파트,37.574993,127.071777
NH농협장안평지점,37.57515296,127.0721655
코리아병원,37.57320691,127.0716599
새서울병원,37.57310127,127.0720051
장안동삼성쉐르빌아파트,37.5714,127.071355
장안동삼성쉐르빌아파트,37.571238,127.070843
(구)경남호텔앞,37.569605,127.070183
현대벤처빌.현대썬앤빌,37.56892086,127.0694007
현대벤처빌,37.56791449,127.0690489
우리은행장안지점앞,37.566393,127.067727
우리은행장안지점앞,37.56559866,127.0676385
북한연구소앞,37.56346482,127.0661435
장한평역,37.562295,127.064928
장한평역,37.56243706,127.0654362
신이문역,37.602617,127.067899
이문동현대아파트앞,37.601002,127.070708
이문동현대아파트,37.60085902,127.0709847
휘경2동주민센터,37.59073615,127.0680485
휘경2동주민센터,37.590505,127.068086
동부아동상담소.동국대부속중고,37.57683354,127.0763834
장안삼성래미안2차아파트,37.57468158,127.0766223
장안삼성래미안2차아파트.성복교회,37.572847,127.076813
장안현대홈타운아파트앞,37.56975917,127.0733886
구민회관앞,37.566387,127.073943
파라브아파트,37.56358281,127.072374
장안현대홈타운상가,37.571308,127.074378
장안현대홈타운앞,37.56929,127.075618
장안치안센터,37.567945,127.072502
장안치안센터,37.568223,127.072702
장평중학교,37.5657454,127.0709395
회기역종점,37.58990037,127.0588619
경희대입구,37.591272,127.053012
경희대입구,37.591583,127.052713
서울바이오허브.농촌경제연구원,37.591388,127.050135
서울바이오허브.농촌경제연구원,37.591608,127.049277
한국과학기술원.홍릉초등학교,37.591769,127.045747
한국과학기술원.홍릉초등학교,37.591545,127.046963
국방연구원,37.591413,127.041182
국방연구원,37.59110399,127.0400584
세종대왕기념관,37.58985337,127.0423802
세종대왕기념관,37.59046154,127.0425674
영휘원사거리.(구)홍릉사거리,37.58600093,127.0431752
영휘원사거리.(구)홍릉사거리,37.58601434,127.0434662
동대문경찰서,37.58381733,127.0438782
동대문경찰서,37.58355857,127.0442607
현대코아,37.58181203,127.0448734
현대코아,37.58148592,127.0446558
동대문중앙새마을금고,37.583118,127.041213
동대문중앙새마을금고,37.582988,127.042218
제기동주민센터앞,37.58297689,127.0378676
제기동한신아파트,37.58663818,127.037361
제기시장,37.586385,127.03522
제기시장,37.586625,127.03467
외대역앞,37.59600959,127.0609471
외대역앞,37.59606615,127.0613605
이경시장,37.59526404,127.0649927
청랑리한신아파트.청량사입구,37.586742,127.047414
전동초등학교.전농동SK아파트,37.57775082,127.0609446
벽산아파트,37.582758,127.030517
제기동천주교회,37.582855,127.033572
이문동쌍용아파트,37.59881566,127.06898
이문동쌍용아파트,37.598831,127.069119
이문1동주민센터,37.597807,127.065257
전동초등학교.전농동SK아파트,37.57812,127.061495
한국산업인력공단서울지역본부,37.58375,127.07297
휘경공고휘경주공아파트,37.584163,127.069252
e편한세상청계센트럴포레아파트,37.570818,127.03029
한천로입구,37.599119,127.067351
래미안장안1차아파트앞,37.566832,127.072023
장평중학교앞,37.56496,127.070252
청량리미주상가앞,37.58195798,127.0472557
동대문구청.용두역,37.572834,127.04015
종로사약국,37.59452137,127.0653058
회기동현대아파트,37.589113,127.05446
우산빌딩앞,37.58888235,127.0546771
배봉산입구,37.580325,127.068212
면곡시장,37.57164464,127.0810661
동부아파트,37.586688,127.045232
자동차부품상가,37.56459467,127.0577757
청랑리한신아파트.청량사입구,37.586516,127.047667
장안동삼성쉐르빌아파트앞,37.57230849,127.070211
동대문노인종합복지관,37.58594609,127.0497131
쌍용아파트,37.601422,127.068471
쌍용아파트,37.6014515,127.0685216
삼육서울병원,37.59028334,127.0623613
동일스위트리버앞.휘봉고교,37.58718067,127.0676591
청량리수산시장,37.57864345,127.0408714
휘봉초등학교,37.587707,127.069695
휘경미소지움아파트,37.59092823,127.0645643
휘경공고.휘경주공아파트,37.584471,127.069714
용두동신동아아파트,37.57404505,127.0325998
청량리수산시장,37.57895216,127.0418951
답십리역,37.56676846,127.0531915
가든아파트.수사연구소,37.58455,127.072077
회기역,37.58993424,127.0577964
농협답십리역지점,37.568489,127.050678
동일하이빌.현대베스트빌아파트,37.58247318,127.0739978
동안교회,37.59382695,127.0577734
경희대입구,37.59156575,127.0527811
청계한신휴플러스,37.571806,127.045036
경희중고,37.59435924,127.0564273
경희대의료원,37.59406201,127.0522472
한신휴플러스정문,37.57273526,127.0450796
경희맨션,37.59561508,127.0570001
동아아파트,37.5742471,127.0455832
미니슈퍼,37.59667122,127.0568673
전농119안전센터,37.57618354,127.0456082
외대.경희대후문,37.59831287,127.0571505
전농1동치안센터,37.57642224,127.0480957
휘경여중고.휘경주공아파트,37.58245484,127.0685629
신성미소지움아파트,37.57893183,127.0501308
삼성래미안,37.59991488,127.0574111
청량리소화물취급소,37.58050909,127.0514146
영광빌딩,37.58184312,127.0525059
새마을금고앞,37.59778874,127.0601637
시립대입구,37.58385212,127.0534664
외대앞역,37.595336,127.062826
새마을금고앞,37.59786079,127.0602362
회기역종점,37.58985177,127.0587396
외대.경희대후문,37.59830395,127.0569625
신설동역1번출구,37.575968,127.023871
미니슈퍼,37.59674067,127.0567462
딩동슈퍼,37.59565568,127.0569107
경희중고,37.59465124,127.0563426
동안교회,37.59286031,127.0573015
동대부고.은석초교앞,37.57926,127.073669
서울시립대,37.58311516,127.0531816
영광빌딩,37.58198112,127.0521992
청량리소화물취급소,37.58059031,127.051135
신성미소지움아파트,37.57865813,127.0495758
전농1동치안센터,37.57627826,127.0476065
동대문해병전우회,37.5763719,127.0455245
태양어린이.동아아파트,37.57406424,127.0454348
한신휴플러스후문,37.57298963,127.0467316
신답역,37.57114047,127.0492346
장미예식장,37.57015863,127.0505437
동부자동차매매시장,37.56899581,127.0514871
답십리역.경우회매장입구,37.56747388,127.0534864
답십리쌍마사거리,37.56618994,127.0552016
부속상가,37.5651431,127.0566147
고려대역3번출구,37.59048339,127.0365261
의료원입구사거리,37.59269938,127.0526585
삼육서울병원,37.5902762,127.062222
장안삼거리,37.57802912,127.0723517
장안사거리삼성래미안,37.57320939,127.0720255
장안사거리삼성래미안,37.57378629,127.0716865
장한평역,37.561336,127.067083
청량리역,37.58043552,127.0462731
서울시립대입구,37.58285626,127.0538031
전농로터리시장,37.57725264,127.0571016
신답역,37.57054815,127.047784
장안삼거리,37.57784732,127.0719972
신설동로터리.서울풍물시장,37.57427559,127.0234166
경동시장앞,37.58056802,127.0386578
경동시장사거리,37.57722935,127.0381091
경남관광호텔,37.570577,127.070482
경남관광호텔,37.57034109,127.070739
동답초교.대림아파트,37.571208,127.06523
정화여자중.상업고등학교,37.586801,127.041754
정화여자중.상업고등학교,37.586612,127.041841
동대문노인종합복지관,37.58631032,127.0492582
망우역.상봉터미널,37.59786852,127.0911205
망우역.상봉터미널,37.597605,127.090466
상봉역.중랑우체국,37.59595909,127.0837436
상봉역.중랑우체국,37.59575029,127.0832728
중랑역.동부시장,37.59400834,127.0760312
중랑역.동부시장,37.593613,127.074938
망우역.망우지구대,37.598848,127.09539
망우역.망우지구대,37.598558,127.0948711
우림시장.망우사거리,37.599565,127.098635
우림시장.망우사거리,37.599368,127.098222
금란교회,37.6005298,127.1040334
금란교회,37.60036404,127.1033575
동부제일병원.망우리공원,37.6004643,127.1089022
동부제일병원.망우리공원,37.600478,127.107756
극동늘푸른아파트,37.61470265,127.076404
묵동자이.신도브래뉴아파트,37.61527027,127.0765886
묵동삼거리.먹골역,37.6125567,127.0771199
먹골역.묵동자이아파트,37.613832,127.077084
한국전력동대문중랑지사,37.606957,127.07826
한국전력동대문중랑지사,37.606223,127.078747
지하철7호선중화역,37.60264857,127.0791563
지하철7호선중화역,37.60284415,127.0794498
국민은행중화동지점,37.59884151,127.0798617
중화동한신아파트,37.59907622,127.0801695
상봉2동복합청사.도서관,37.59189107,127.0799783
상봉2동복합청사.도서관,37.592033,127.080285
면목2동주민센터,37.58938252,127.079859
중목초등학교,37.589732,127.080195
면목2동,37.587152,127.079732
면목2동,37.58747924,127.0801196
면목5동주민센터,37.584885,127.079633
장안시장,37.585525,127.080023
면목신우아파트,37.58027099,127.0794405
면목신우아파트,37.58063297,127.0798123
면목119안전센터,37.5735215,127.0799088
경남아너스빌아파트앞,37.57474952,127.0801547
늘푸른동아아파트,37.57249846,127.0803572
중랑역동부시장1,37.593925,127.075519
중랑역.동부시장1,37.59394994,127.0767666
한샘교회,37.59542,127.082492
국민은행망우동지점,37.59947349,127.0971022
지하철7호선상봉역,37.59662384,127.0872459
국민은행망우동지점,37.5994814,127.0973547
지하철7호선상봉역,37.597363,127.088627
망우역,37.59864,127.094072
망우역,37.598691,127.095541
망우지구대,37.599037,127.095842
양원숲초등학교,37.60968844,127.1049085
하나은행망우동지점,37.599627,127.098587
양원숲초등학교,37.6100539,127.1047154
금란교회앞,37.600599,127.103792
금란교회앞,37.600172,127.102679
능산사거리,37.60848,127.101942
망우동고개,37.60069,127.107379
서울우유앞,37.592108,127.072817
서울우유앞,37.591323,127.073171
중랑초등학교,37.58932,127.074318
중랑초등학교,37.589507,127.07427
동부시장남문입구,37.59043,127.077666
동부시장남문입구,37.59077037,127.0782593
88병원,37.59131195,127.080896
상봉2동주민센터,37.591647,127.081088
서울창업카페상봉점,37.592028,127.083885
서울창업카페상봉점,37.59224,127.083713
면목6거리,37.59288,127.087857
면목6거리,37.59294023,127.0872031
상봉신협,37.59336525,127.0899025
상봉신협,37.59365316,127.0905684
상봉터미널입구,37.59388,127.092532
상봉터미널입구,37.594368,127.093677
혜원여중고입구,37.594427,127.09505
혜원여중고입구,37.594772,127.095553
봉우재고개,37.595025,127.097837
봉우재고개,37.59511206,127.0973049
우림시장,37.595398,127.09954
우림시장,37.595575,127.099288
지하철7호선상봉역,37.59439714,127.0861766
지하철7호선상봉역,37.59419727,127.0859397
면목초등학교,37.59134367,127.0869725
면목초등학교,37.59130244,127.086678
지하철7호선면목역,37.5891322,127.0872406
지하철7호선면목역,37.58916623,127.0875226
면목본동주민센터.면목정보도서관,37.586909,127.088244
면목본동주민센터.면목정보도서관,37.5865148,127.0880981
면동초등학교,37.5842573,127.0884544
면동초등학교,37.5848548,127.08836
면목우체국.녹색병원,37.58205484,127.0887178
면목우체국.녹색병원,37.582733,127.088455
지하철7호선사가정역,37.579857,127.088067
지하철7호선사가정역,37.58122425,127.0884338
면목시장,37.57964703,127.0876507
면남초등학교,37.57863428,127.0863248
면남초등학교,37.5783,127.085932
방약국앞,37.57577456,127.0858494
방약국앞,37.575997,127.08574
중곡초등학교,37.572917,127.084205
중곡초등학교,37.57315089,127.0841788
삼용사입구,37.59768317,127.1001746
삼용사입구,37.59694407,127.1004182
용마공원입구,37.59392,127.099437
용마공원입구,37.594253,127.099292
면일초등학교,37.592017,127.0984
우리은행망우동지점,37.591217,127.097627
서일대학교,37.58951,127.0967
서일대학교,37.589193,127.09687
용마문화복지센터,37.5863677,127.0953482
용마문화복지센터,37.586712,127.095167
중화중학교.면목고등학교,37.58399797,127.0940498
중화중학교.다문화가족지원센터,37.58475479,127.0941651
면중초등학교,37.58123119,127.0934632
면중초등학교,37.58226935,127.0933286
한양수자인사가정파크,37.580071,127.092889
묵동공감대아파트,37.613841,127.078121
면목동금호어울림아파트,37.579245,127.091719
면목동금호어울림아파트,37.577838,127.090708
면목동대원칸타빌아파트,37.577761,127.090284
용마폭포공원,37.57569223,127.088742
용마폭포공원,37.57592666,127.0885475
용마산역,37.57338157,127.0866709
용마산역,37.57350612,127.0863982
용마산하늘채아파트,37.57102368,127.086307
용마산하늘채아파트,37.57125817,127.0860197
묵동구길,37.61551908,127.0790555
묵동구길,37.615893,127.07907
묵1동주민센터입구.먹골역,37.61186322,127.0779517
묵1동주민센터입구.먹골역,37.61258959,127.0777996
신성은하수아파트,37.588578,127.073707
신성은하수아파트,37.58845406,127.0734455
면목2동한신아파트,37.587332,127.074047
면목2동한신아파트,37.586758,127.074238
면목5동,37.58560777,127.0758896
면목5동,37.585908,127.0761
동서그랜드맨션,37.586112,127.077953
동서그랜드맨션,37.586482,127.07881
하나은행면목지점,37.586817,127.08111
하나은행면목지점,37.587028,127.081042
면목복개천,37.587913,127.086043
면목복개천,37.58805,127.08567
지하철7호선면목역,37.588495,127.088633
면목역,37.58867888,127.0885502
농협앞,37.58918267,127.0919716
농협앞,37.58944667,127.0919969
혜원여중고후문,37.590197,127.09618
혜원여중고후문,37.590465,127.096388
면목마젤란아파트,37.58682434,127.0837401
면목마젤란아파트,37.58670525,127.0839472
녹색병원입구,37.58415445,127.0836907
녹색병원입구,37.58490259,127.0833643
면목두산아파트1차,37.58193312,127.0838864
면목두산아파트1차,37.58183068,127.0834866
면목두산아파트4.5단지,37.578455,127.081197
면목두산아파트4.5단지,37.578533,127.081028
사가정센트럴아이파크아파트,37.581373,127.081988
홈플러스면목동점,37.58113087,127.0817184
면목두산아파트2차,37.58110794,127.0848478
면목두산아파트2차,37.580998,127.084642
사가정역,37.580905,127.087622
사가정역,37.580663,127.087297
사가정시장,37.580642,127.089433
사가정시장,37.580439,127.089307
용마산교차로,37.580637,127.092499
중화2동주민센터,37.601637,127.076759
중화2동주민센터,37.60141304,127.077011
지하철7호선중화역3번출구,37.601707,127.078733
지하철7호선중화역3번출구,37.60145047,127.0789975
지하철7호선중화역2번출구,37.60169442,127.080683
지하철7호선중화역2번출구,37.601522,127.080945
중흥초등학교,37.60178942,127.0827319
중흥초등학교,37.601683,127.083092
이화연립경동제일교회앞,37.60235189,127.0849966
이화연립경동제일교회앞,37.602297,127.085312
쌍용아파트신내테크노타운앞,37.60328775,127.0879638
쌍용아파트신내테크노타운앞,37.60311558,127.0880531
엘지아파트앞,37.6041,127.089863
엘지아파트앞,37.603949,127.090003
신현중학교,37.605312,127.091763
신현중학교,37.60479174,127.0914212
중랑구청,37.606645,127.094183
중랑구청,37.60620561,127.0936349
동성프라자앞,37.60777153,127.0971854
동성프라자앞,37.60770719,127.0976237
성원아파트경남아너스빌앞,37.60395684,127.0954657
성원아파트경남아너스빌앞,37.60345008,127.0958887
중랑구청사거리,37.605617,127.095212
중랑구청사거리,37.606057,127.095368
신내동성3차아파트,37.607645,127.09524
신내동성1.2차아파트,37.609753,127.096062
신내10단지아파트,37.60914701,127.095563
신내9단지아파트,37.61056948,127.0959907
신내8단지아파트.서울의료원,37.61311489,127.0961797
신내9단지아파트.서울의료원,37.61262614,127.096622
신내7단지아파트홈플러스,37.61525321,127.0938875
신내7단지아파트홈플러스,37.615523,127.093707
봉화초등학교,37.61376091,127.0917244
봉화초등학교,37.6138773,127.0915286
신내6단지아파트.옹기테마공원,37.61389708,127.0904185
신내6단지,37.616207,127.091775
신내6단지아파트.옹기테마공원,37.613983,127.090082
신내우체국.5단지두산대림아파트,37.6165664,127.0900173
신내우체국.5단지두산대림아파트,37.616633,127.08977
구립도서관체육관,37.61561,127.087083
구립도서관체육관,37.615712,127.087137
신내4단지아파트,37.61659277,127.086081
신내4단지아파트,37.61653,127.086243
지하철6호선화랑대역,37.619727,127.085768
지하철6호선화랑대역,37.61985,127.086185
봉화산역2번출구,37.616705,127.093173
봉화산역3번출구,37.61645874,127.0929081
중랑경찰서후문,37.619875,127.105557
새우개마을,37.61824411,127.1033559
신내능마을,37.61436191,127.1016593
신내능마을,37.61455944,127.1014319
신내교회.신내데시앙아파트,37.61054059,127.1013329
신내교회.신내데시앙아파트,37.61053825,127.1010153
신내초등학교,37.6061556,127.10075
신내새한아파트앞,37.60583816,127.1010485
능산지하차도,37.60094741,127.1006376
능산지하차도,37.60108192,127.100349
상봉터미널,37.59646615,127.0931425
상봉터미널,37.59622669,127.0928591
망우3동주민센터.혜원여중고후문,37.59216765,127.0935437
망우3동주민센터.혜원여중고후문,37.59246525,127.0932383
동원시장,37.59045815,127.0937069
동원시장,37.59039979,127.0934407
면목본동파출소,37.58867095,127.0941327
면목본동파출소,37.58717592,127.0942916
중화2동체육공원,37.60036,127.073872
중화빗물펌프장,37.598335,127.072015
중화2동새마을금고,37.595615,127.072125
중화2동새마을금고,37.595532,127.072348
중랑교동부시장,37.59381705,127.0724587
중랑교동부시장,37.59388448,127.0726966
아남리치카운티아파트,37.590405,127.085383
망우동고개,37.60128299,127.1083598
망우금호어울림아파트,37.602019,127.108052
망우동금호어울림아파트,37.60236274,127.1080906
경남아파트,37.60382609,127.1071131
서울특별시북부병원,37.604098,127.107178
양원역입구,37.60553989,127.1061947
양원역입구,37.60563981,127.1063013
양원리,37.609532,127.106587
양원리,37.609634,127.106506
동서울교회,37.611755,127.105265
동서울교회,37.61158521,127.1052575
중랑공영차고지,37.61364523,127.1020231
면목아남아파트,37.5903178,127.0850893
중랑소방서,37.61487459,127.0952203
세방아파트입구,37.61511,127.08462
원묵고등학교,37.61560103,127.0855859
먹골파출소.신안아파트입구,37.61456,127.08234
먹골파출소.신안아파트입구,37.61441,127.08124
신안2차아파트,37.61479742,127.078895
신안2차아파트입구,37.614411,127.080063
중랑소방서,37.61468,127.095217
송곡여고양원역,37.605722,127.105802
송곡여고양원역,37.605473,127.1056
엘림재가방문요양센터,37.60468533,127.103524
엘림재가방문요양센터,37.604392,127.103255
이화미디어고.중랑숲어린이도서관,37.6032313,127.1021142
이화미디어고.중랑숲어린이도서관,37.60311939,127.1023247
금란교회,37.601288,127.10199
금란교회,37.60118,127.10215
망우사거리,37.60053784,127.1001455
망우사거리,37.600378,127.099922
국민은행망우동지점,37.59992018,127.0974108
국민은행망우동지점,37.59976155,127.0974548
신내6단지아파트,37.616412,127.091705
이수아파트앞시장입구,37.618275,127.083077
이수아파트앞시장입구,37.618177,127.082953
묵동교,37.618035,127.079282
묵동교,37.618,127.079462
동양쇼핑,37.61544,127.078388
우리은행,37.61576658,127.0767891
목동교입구.로프트원오피스텔,37.61558452,127.0768501
한국아파트,37.614932,127.073243
동구햇살아파트,37.6134823,127.0740059
묵동롯데시네마,37.614848,127.075273
묵동롯데시네마,37.615033,127.075498
브라운캐슬,37.6135896,127.0753177
브라운캐슬,37.61361918,127.0755737
먹골역입구,37.611463,127.075802
먹골역입구,37.611487,127.07589
묵2동주민센터,37.60989469,127.0760355
묵2동주민센터,37.609907,127.076185
금보당금은방,37.608187,127.076422
금보당금은방,37.60792632,127.0766496
신묵초등학교입구,37.606737,127.076707
신묵초등학교,37.60674,127.076797
제일시장,37.60496964,127.076992
제일프라자,37.604997,127.077127
신동신약국,37.60353674,127.0772499
신동신약국,37.603468,127.07742
중화역입구대원사약국,37.60125308,127.0777108
중화역입구대원사입구,37.601903,127.077742
태릉시장입구,37.59947863,127.0780328
태릉프라자약국농협,37.59834,127.077145
태릉시장입구굴다리,37.596675,127.075747
우남푸르미아아파트,37.607243,127.099208
우남푸르미아아파트,37.60698499,127.0992198
신내초등학교,37.605195,127.097703
신내초등학교,37.605377,127.097937
경남아파트,37.602835,127.096948
대명프라자,37.60246338,127.0970064
건영아파트,37.602475,127.096077
상봉1동주민센터,37.60043785,127.087649
상봉1동주민센터,37.60066513,127.0873673
신내쌍용아파트,37.60153821,127.0874691
신내쌍용아파트,37.60226342,127.0871091
면목두산아파트2.3단지,37.57981406,127.0826783
망우역,37.59862979,127.092981
중랑공영차고지.신내역,37.61354475,127.1027997
서울특별시북부병원,37.605022,127.108843
양원역,37.606348,127.107417
성은교회앞,37.597175,127.071965
해모로아파트앞,37.601927,127.111338
먹골역,37.60893655,127.0778547
먹골역,37.60936435,127.0781825
중화2동체육공원,37.60036268,127.073695
태릉고등학교앞,37.61843759,127.085377
태릉고등학교.원묵초등학교,37.61863293,127.0874435
태릉고등학교.원묵초등학교,37.618038,127.08734
서울의료원후문,37.613773,127.097435
서울의료원후문,37.613665,127.098397
신내데시앙아파트후문,37.61316,127.099442
신내데시앙아파트후문,37.61307545,127.1002632
중화중학교삼거리,37.58644917,127.0948851
새우개마을입구,37.614242,127.099763
신내차량사업소입구,37.61267309,127.1018666
용마산빌라,37.571309,127.084125
신내역1번출구,37.612477,127.103338
능말입구,37.613847,127.105677
망우리역사문화공원,37.601549,127.115214
망우리역사문화공원,37.60184609,127.1153104
신내SKV1센터,37.614464,127.113272
능말입구,37.613782,127.105478
중랑경찰서후문,37.61968904,127.1048419
당너머,37.612948,127.107552
당너머,37.61283071,127.1079642
신내데시앙포레아파트220동앞,37.615403,127.112802
신내데시앙포레아파트220동앞,37.61580441,127.1127216
신내데시앙포레아파트정문앞,37.61649908,127.110883
새솔초등학교입구,37.6172677,127.109803
새솔초등학교,37.617433,127.108382
중랑경찰서정문.우디안101동앞,37.61782141,127.1054963
중랑경찰서정문.우디안101동앞,37.61769,127.105355
신내우디안아파트107동앞,37.6156282,127.1054535
신내우디안아파트107동앞,37.615298,127.105899
신내10단지아파트,37.610387,127.095293
중랑공영차고지삼거리,37.612974,127.104668
우디안아파트114동앞,37.618859,127.107416
우디안아파트114동앞,37.619084,127.10715
늘푸른근린공원,37.58310843,127.0796406
늘푸른근린공원,37.583045,127.079919
브라운캐슬B동,37.613647,127.074999
진로아파트앞.종점,37.58764536,127.1019812
중화동종점,37.60006038,127.0825318
진주빌라.바다약국,37.58827,127.100031
정신교회,37.59979444,127.0813967
마을금고,37.59967885,127.0804464
공판장,37.58862902,127.0991229
수협,37.59955342,127.0793874
새마을금고,37.589166,127.097652
태릉시장,37.59977225,127.0782426
서일대정문,37.588306,127.09608
서울동부새마을금고본점,37.58779305,127.0944316
서일대정문,37.587816,127.096119
면목역,37.58831332,127.0869543
중랑초교정문.면목2동치안센터,37.5896743,127.076024
한신아파트상가,37.58842145,127.0765526
IBK기업은행면목동지점,37.58765506,127.0850097
한신아파트후문,37.58735639,127.0765028
마을금고,37.59950498,127.0803975
정신교회,37.59965553,127.0816027
중화동종점,37.59993325,127.0826438
지하철7호선면목역,37.588388,127.0883234
면목지구대,37.58781584,127.0941044
새마을금고,37.58909458,127.0973219
공판장,37.58849032,127.0990423
진주빌라.바다약국,37.5881373,127.0999211
진로아파트앞.종점,37.587547,127.101985
수협,37.59938308,127.0794314
중랑공영차고지.신내역,37.613209,127.103628
중랑공영차고지.종점,37.61338394,127.1044676
사가정역,37.58073582,127.0870023
망우역,37.59866073,127.092596
길음2동주민센터,37.60690619,127.0282093
길음2동주민센터,37.60611,127.02747
길음뉴타운,37.60375024,127.0242689
길음뉴타운,37.603112,127.023443
미아리고개.미아리예술극장,37.5988113,127.0217091
미아리고개.미아리예술극장,37.597921,127.0218209
돈암사거리.성신여대입구,37.59374328,127.0181314
돈암사거리.성신여대입구,37.593251,127.017684
삼선교.한성대학교,37.58996484,127.0093351
삼선교.한성대학교.조소앙활동터,37.5893633,127.0082049
숭곡초교입구,37.609848,127.03204
창문여고,37.61185059,127.03582
동방고개,37.613712,127.038267
장위동그린빌아파트,37.61785258,127.0431131
북서울꿈의숲,37.62031711,127.0453451
장월초등학교,37.62346595,127.0487106
국민대앞,37.61067955,126.9940273
국민대앞,37.61109,126.994079
국민대학교앞,37.610809,126.994644
청덕초등학교,37.608787,126.999112
청덕초교,37.609034,126.998859
북악중학교,37.607386,127.002908
고려대사범대학부속고등학교,37.607888,127.002378
봉국사,37.60571,127.008008
봉국사,37.606138,127.007657
정릉2동주민센터,37.604593,127.011258
정릉2동주민센터,37.604978,127.0112
숭덕초교,37.60335836,127.0146827
숭덕초교,37.60369802,127.0151143
정릉길음시장,37.602215,127.019326
정릉길음시장.길음뉴타운9단지,37.602522,127.019578
돈암동삼성아파트입구,37.60187443,127.0245753
길음역,37.602042,127.023771
돈암1동주민센터,37.603672,127.026423
돈암1동주민센터,37.604513,127.026568
종암사거리,37.603607,127.031172
KT월곡지사,37.602447,127.034373
KT월곡지사,37.603029,127.034699
종암SK아파트,37.602052,127.037613
성북구보건소,37.602583,127.039162
월곡역,37.60163,127.041452
월곡역,37.603073,127.042348
동덕여대앞,37.60300278,127.0428339
한국과학기술연구원입구,37.605587,127.047274
상월곡역,37.605489,127.046447
월곡중학교,37.606895,127.049787
월곡중학교,37.606968,127.049235
새석관시장,37.608644,127.053096
새석관시장,37.608448,127.052105
돌곶이역,37.611453,127.058482
돌곶이역,37.61058612,127.0562085
장위동동원베네스트.온누리병원,37.612043,127.058969
석관동주민센터,37.613393,127.061917
석관동주민센터,37.61344,127.061432
석계역굴다리앞,37.61433148,127.0657966
석계역,37.615104,127.067112
성가복지병원,37.60588272,127.0311379
성가복지병원,37.605922,127.03153
종암사거리입구,37.60143263,127.0330444
종암사거리입구,37.601095,127.033673
종암동주민센터,37.59941526,127.0341075
종암동주민센터,37.598373,127.034953
숭례초교,37.59480527,127.0356812
숭례초등학교,37.59439692,127.0361702
고대앞,37.58856369,127.0348108
우신향병원,37.58513594,127.0316105
안암오거리,37.582482,127.029065
대광초교,37.57970665,127.0250277
정릉북한산국립공원입구,37.617721,126.999296
정릉산장아파트,37.616712,127.003343
정릉대우아파트,37.616708,127.00386
정릉4동주민센터.경국사,37.613529,127.006345
정릉4동주민센터.경국사,37.613335,127.006681
성북청수도서관.정릉4동성당,37.61156967,127.0084194
성북청수도서관.정릉4동성당,37.610876,127.009045
정릉시장입구,37.60846533,127.0098213
정릉시장입구,37.60803278,127.0101519
정릉우체국앞,37.6051645,127.0114121
정릉우체국앞,37.605393,127.011524
미아초교,37.61153187,127.022039
미아초교,37.61088662,127.0224658
길음동동부아파트,37.607288,127.023531
길음동동부아파트,37.608022,127.023455
삼선동주민센터,37.59061071,127.0143473
삼선동주민센터,37.59069177,127.0147154
성북구청.성북경찰서,37.588152,127.017432
성북구청.성북경찰서,37.58860541,127.0172299
보문역,37.58585142,127.0189209
보문역,37.584875,127.01977
보문동성당,37.58239632,127.0207962
보문동성당,37.58239897,127.0211155
보문동주민센터,37.5804515,127.0218635
보문동주민센터,37.580047,127.022377
월계2교.참누리아파트,37.62321836,127.0503746
월계2교,37.623825,127.050133
광운초교앞,37.619952,127.052958
광운초교,37.620285,127.053112
장위3동주민센터,37.616488,127.056887
장위3동주민센터,37.61661532,127.0570264
장삼주유소,37.6141178,127.0592242
장삼주유소,37.61397337,127.0597361
장위사거리,37.61159,127.061832
장위사거리,37.61192533,127.0618299
석관중고등학교앞,37.60926115,127.0640252
석관고등학교,37.60943547,127.0643618
석관동코오롱아파트,37.60658528,127.0661262
석관동코오롱아파트,37.60669897,127.0663652
북서울꿈의숲,37.619247,127.045103
북서울꿈의숲,37.619118,127.045647
장곡초교앞,37.617652,127.047712
장곡초교앞,37.61770654,127.0479422
하나은행장위동지점,37.61621078,127.050021
하나은행장위동지점,37.61643,127.050048
장위동원천주유소,37.614699,127.052571
장위동원천주유소,37.61463079,127.0529741
장위2동주민센터,37.61209215,127.0555323
돌곶이역,37.61020459,127.0575579
돌곶이역,37.611744,127.056203
석관시장,37.60868974,127.0590704
석관시장,37.609002,127.059062
석관동새마을금고,37.607457,127.0604
석관동새마을금고,37.60727176,127.0609376
한국예술종합학교,37.60564716,127.0618293
한국예술종합학교,37.605762,127.062017
돈암힐스테이트.코오롱하늘채,37.59843701,127.0142965
꿈의숲아이파크아파트,37.618015,127.051383
꿈의숲아이파크아파트,37.617995,127.051061
장곡초교사거리,37.617145,127.050007
장곡초교사거리,37.617257,127.049918
서울다원학교.한용운활동터,37.594506,126.991816
동방문화대학원대학교,37.594498,126.993163
동방문화대학원대학교,37.594733,126.993402
성북구립미술관.쌍다리앞,37.59359412,126.9958338
성북구립미술관.쌍다리앞,37.5937446,126.9959436
성북초교.성북선잠박물관,37.593069,126.998772
성북초교.성북선잠박물관,37.59307695,126.9978246
홍익대부속중고등학교입구,37.59321753,127.0006477
홍익대부속중고등학교입구,37.59327249,127.001531
경신중고입구,37.59178657,127.0028344
경신중고입구,37.592406,127.002668
성북동주민센터.동구마케팅고,37.59074669,127.0036474
성북동주민센터.동구마케팅고,37.590938,127.003877
삼선교.성북문화원,37.58920075,127.0051299
삼선교.성북문화원,37.589091,127.005614
서울다원학교.한용운활동터,37.594738,126.991655
장위래미안아파트,37.618894,127.052473
신종월교,37.59731,127.041248
창문여고,37.611781,127.035696
장위래미안아파트,37.618853,127.05266
남대문중학교,37.61805562,127.0546975
남대문중학교,37.61776668,127.0553788
길음시장,37.603094,127.023597
길음시장,37.60314977,127.0230921
길음역,37.604682,127.025955
길음역,37.60508777,127.0259217
미아사거리,37.61016767,127.0300444
서경로꿈마루도서관앞,37.61150524,127.0133874
길원초등학교입구,37.61043824,127.0143749
길원초등학교입구,37.610337,127.014672
길음뉴타운11단지롯데캐슬,37.608835,127.015362
길음뉴타운11단지롯데캐슬,37.608783,127.015477
정릉동아.길음뉴타운데시앙아파트,37.60629227,127.0149529
길음뉴타운데시앙.정릉동아아파트,37.60641,127.015123
숭덕초교,37.6038077,127.0145783
성북생태체험관,37.620221,127.006498
정릉초교,37.619058,127.00634
정릉동풍림상가앞,37.6167005,127.0077086
정릉동풍림상가앞,37.616763,127.008189
정릉동풍림아파트.청소년문화의집,37.616477,127.008677
정릉입구.정릉역,37.60242575,127.0135091
정릉입구.정릉역,37.602875,127.013502
아리랑고개.아리랑시네미디어센터,37.60063178,127.0137784
아리랑고개.아리랑시네미디어센터,37.600468,127.013738
돈암2동주민센터입구.흥천사,37.596722,127.015117
돈암2동주민센터입구.흥천사,37.596197,127.015603
성신여대입구역,37.59374,127.016139
성신여대입구역,37.593748,127.016419
한국과학기술연구원입구,37.603913,127.044818
대농빌라앞,37.601615,127.043213
월곡샹그레빌아파트,37.59547762,127.0408149
월곡샹그레빌아파트,37.5954,127.040878
장위동고개,37.6142455,127.0406506
장위동고개,37.61438,127.040918
장위1동주민센터,37.61386179,127.0427869
장위1동주민센터,37.613973,127.043464
장위1동치안센터,37.613833,127.045172
장위1동치안센터,37.613943,127.046111
청소년문화누림센터,37.613592,127.048435
청소년문화누림센터,37.6138829,127.0487689
월곡1동주민센터,37.61083,127.035227
월곡1동주민센터,37.61033,127.035622
밤나무골시장,37.60945334,127.0356802
월곡삼성래미안아파트,37.609399,127.035937
월곡동두산아파트,37.60661914,127.0365918
월곡동두산아파트,37.606802,127.036703
생명의전화,37.604518,127.037215
생명의전화,37.604178,127.037535
장곡초교,37.61620243,127.0485302
장곡초교,37.61611957,127.0487985
보문역,37.58546373,127.0202536
보문역,37.58565118,127.0200804
안암동주민센터,37.58604643,127.0219386
안암동주민센터,37.58626802,127.022369
고려대이공대.고대병원,37.586177,127.025987
고려대이공대.고대병원,37.586431,127.02588
안암역,37.58622925,127.0305239
안암전철역,37.58636448,127.030276
안암오거리,37.58329644,127.0295931
개운사입구,37.58583034,127.0294582
돈암시장입구,37.591444,127.016715
돈암시장입구,37.591715,127.016772
성북구청,37.589376,127.01817
성북구청,37.58993356,127.0175711
보문2교,37.589125,127.019434
보문2교,37.58904935,127.019146
성신여대후문,37.589053,127.022099
성신여대후문,37.589132,127.022108
용문중고교,37.58769433,127.0229775
용문중고교,37.58735639,127.0231483
안암초교,37.58692021,127.0233962
안암초교,37.587107,127.023433
돈암초교입구,37.591078,127.012142
정릉3동주민센터앞,37.608447,127.00441
정릉3동주민센터앞,37.608522,127.004703
삼덕단지.성북구최만린미술관,37.61038674,127.0050597
삼덕단지.성북구최만린미술관,37.610417,127.005238
솔샘사거리,37.612776,127.006957
솔샘사거리,37.612605,127.006943
보문역3번출구,37.585933,127.019202
성북우체국현대백화점,37.6078214,127.0293808
정릉동풍림아파트,37.616485,127.008891
현대백화점,37.608328,127.029292
돈암동일신건영휴먼빌아파트,37.601461,127.013386
석계역,37.61371625,127.0654245
석계역,37.613598,127.065462
월곡2SH빌아파트,37.597512,127.042217
석관고등학교후문,37.610699,127.0665
길음역,37.60221,127.024315
청소년문화의집.정릉e편한세상,37.6151911,127.0089069
상진운수종점,37.611201,127.065254
상진운수종점,37.611267,127.065628
대진여객차고지,37.617689,127.000797
정릉북한산국립공원입구,37.617839,126.999331
풍림아파트삼거리,37.617339,127.007432
성북생태체험관,37.620153,127.006495
정릉초교,37.618938,127.006424
파크빌라앞,37.598225,127.005912
골드하우스,37.598485,127.004559
월곡중학교,37.60623486,127.0478487
508단지삼거리,37.59933309,127.0055357
산장빌라,37.59925268,127.0072873
산장빌라,37.59877612,127.0073998
성북참노인전문병원,37.59763003,127.0056794
교수단지,37.599665,127.009284
우방아파트,37.6002114,127.0094555
일신건영아파트.꿈에그린아파트,37.60149142,127.012109
일신건영아파트.꿈에그린아파트,37.60145104,127.012227
돈암힐스테이트.코오롱하늘채,37.598831,127.014404
돈암동일신건영휴먼빌아파트,37.601643,127.013626
구민회관입구,37.59670335,127.0064557
508단지입구,37.59917446,127.0063862
스카이힐스,37.59948326,127.0036633
508단지삼거리,37.59922586,127.0056343
대일외고서경대정문,37.612945,127.013145
서경대본관,37.61546,127.011423
서경대본관,37.615626,127.011687
길음뉴타운8단지,37.60757,127.015877
길음뉴타운8단지,37.60740681,127.015704
서경로꿈마루도서관앞,37.611633,127.013476
국민커뮤니티센터,37.61228265,127.0044097
정릉연립,37.612212,127.004373
국민대후문,37.611197,126.999453
국민대후문,37.611173,126.999865
고려대사범대학부속고등학교.후문,37.609505,126.999294
고려대사범대학부속고등학교.후문,37.60946143,126.9995107
월곡래미안루나밸리,37.599653,127.041163
길음뉴타운10단지.라온유아파트,37.60298754,127.0181336
숭곡초교후문,37.60927755,127.0328338
월곡아남아파트,37.6064774,127.0345111
월곡동신아파트,37.6045306,127.0360245
돌곶이역8번출구,37.610303,127.056327
한성대입구역,37.58936299,127.0047237
장위동입구,37.61373132,127.0390305
북한산보국문역2번출구,37.6122939,127.0079858
북한산보국문역1번출구,37.61208355,127.0083291
일신초교.래미안라센트아파트,37.598242,127.039436
서울사대부설중학교,37.59614341,127.0383641
서울사대부설고등학교,37.593648,127.037164
일신휴먼빌.우정아파트,37.60044,127.011252
고려아파트,37.59856235,127.0272458
장월초교.참누리아파트,37.62328857,127.0484023
동방주택,37.61658542,127.0437264
장위중학교,37.61190904,127.0405011
신안APT.길음초등학교,37.61422433,127.0164202
정릉4동종점,37.61294369,127.0101775
산림초소,37.61391999,126.9979441
정릉2동주민센터,37.60460856,127.0110779
성신여대입구역3번출구,37.59229187,127.0164517
삼선푸르지오APT앞,37.585159,127.013573
한성대정문,37.58256252,127.0112286
한신113동앞,37.59434268,127.0085998
낙산삼거리,37.5802666,127.0105671
돈암2동주민센터,37.5975864,127.0109908
종암중학교,37.59328447,127.0348753
종암교통정보센터,37.594027,127.035902
고려슈퍼,37.59864062,127.0277679
슈퍼앞,37.61580872,127.0422166
월곡청소년센터,37.61101519,127.0404315
대우APT211동,37.61294023,127.016796
KEB하나은행.오렌지마트,37.6113038,127.0091703
중앙하이츠정문,37.60269737,127.010978
한양슈퍼앞,37.58346812,127.0111699
구민회관201동앞,37.59558793,127.0092873
돈암지구대.현대아파트,37.59697889,127.0127098
선경아파트,37.59437491,127.0344613
세븐마트,37.59254985,127.0356654
죽림정사,37.59953144,127.0292269
나약국,37.61433447,127.0413542
동아아파트,37.60815435,127.0474094
월곡인조잔디구장,37.60866188,127.0394709
대우APT정문.대림APT후문,37.61196514,127.0176159
넓은마당,37.61460573,126.9997044
중앙하이츠후문,37.603539,127.009355
성신여대정문앞,37.59076583,127.0197375
한성대입구3거리,37.586412,127.010945
(구)법화사,37.58474164,127.0110898
이수아파트.한신휴아파트입구,37.5966165,127.0141174
극동아파트정문,37.5954238,127.034369
고려대법과대학.한국어교육관입구,37.59135577,127.0330195
래미안세레니티,37.59904844,127.0293309
장위1동주민센터,37.61381835,127.0432921
이지마트,37.60978611,127.0476777
월곡1동밤골경로당,37.60741717,127.0403854
새생명교회,37.611032,127.018246
도광사,37.61540949,127.0014669
정수초교,37.604372,127.008832
성신여대평생교육원,37.589302,127.020334
성신여대입구역,37.59350747,127.0162096
극동아파트후문,37.59602238,127.0334882
고려대안암학사,37.59125821,127.0305848
통일교회,37.59775706,127.0297868
장위1동치안센터,37.613804,127.0455235
GS25장위제일점,37.61085547,127.0482277
초림빌라,37.607459,127.041067
대림상가앞,37.61080237,127.0199286
현대아파트앞,37.609086,127.020319
산장아파트,37.616657,127.003503
그린빌라,37.6038645,127.0082441
삼선시장앞,37.58811073,127.0088742
종암아이파크2차정문,37.59689216,127.0326607
고려대아이스링크,37.59304125,127.0278066
그린마트,37.59798292,127.0310202
장위천주교앞,37.61261138,127.0489731
동덕여대후문,37.606657,127.040839
대림APT정문,37.61111294,127.0216764
래미안821동앞,37.606389,127.021798
정수빌라,37.60343921,127.0078193
한성대입구역.성북천분수마루,37.587917,127.00704
삼선시장,37.58814495,127.0091097
동방고개,37.61375249,127.0383227
정덕초교입구.이수아파트,37.59666242,127.0143711
현대홈마트,37.59774179,127.0330031
성북구의회,37.59455809,127.0264562
종암아이파크2차후문,37.59780245,127.0319703
장위시장,37.61330871,127.0500349
두산아파트후문,37.60596285,127.0402906
파리바게트앞,37.61138848,127.0226563
길음시장입구,37.60517,127.02237
길음역출구,37.60221058,127.0243523
그린빌라,37.60372483,127.0082622
한신105동앞,37.592584,127.00899
장위동그린빌아파트,37.61777873,127.0430066
돈암지구대.현대아파트,37.59707441,127.0126589
개운중학교,37.59417817,127.0248944
성북노인정입구,37.59785269,127.0327767
어해랑앞,37.61397753,127.0529125
자산약국.월곡전철역입구.6호선,37.60434125,127.0392307
동부아파트.샘물교회앞,37.61183698,127.0238854
길음전철역,37.604133,127.024301
수녀원,37.61192038,127.0053135
정수초교,37.60418164,127.0087719
고려대이공대,37.58612781,127.0250423
삼선교.한성대입구역,37.58947881,127.0051557
한신103동앞,37.59220352,127.0082621
북서울꿈의숲,37.61994503,127.0451512
돈암신일해피트리아파트,37.59778824,127.0110067
통일교회,37.5978598,127.0297529
풍림아파트.성신초교,37.59519308,127.0235199
한미약국,37.59886958,127.0342981
세광빌라,37.61460863,127.0541544
래미안길음센터피스120동앞,37.61200784,127.0255415
중앙하이츠후문,37.603448,127.009261
고대병원,37.58611383,127.0271631
풍림106동,37.59761279,127.0220507
성북노인정입구,37.5979671,127.0328514
장위3동주민센터,37.61638067,127.0569016
관문약국,37.6156128,127.0553083
동덕여대부속유치원앞,37.606123,127.045275
영훈중고후문.길음래미안센터피스,37.61245434,127.0274933
길음시장앞,37.60329401,127.022741
구.정릉3동주민센터,37.60948832,127.0058967
중앙하이츠정문,37.60273072,127.0108058
한성대입구역5번출구,37.589225,127.00509
참누리아파트,37.62293379,127.0477971
고명중고교,37.5987114,127.0203281
종암아이파크2차후문,37.59790248,127.0319114
장위119안전센터,37.61521768,127.0581116
우리랜드사우나,37.61670624,127.0563241
석계역5번출구,37.614014,127.065067
석관두산아파트,37.614168,127.067625
성북레포츠타운,37.610083,127.070302
미아사거리전철역,37.612328,127.029704
길음시장입구,37.60480516,127.0226203
정든마을,37.609463,127.007299
국민은행장위동지점,37.61357676,127.0481921
고대사거리,37.58627744,127.0322869
한성대입구역2번출구,37.58853078,127.0067964
삼선교제1시장,37.58779458,127.0068903
개운초등학교,37.60133012,127.0288154
브라운스톤,37.599545,127.01759
그린마트,37.59809646,127.0309919
래미안610동앞,37.60555492,127.022283
수보약국,37.60868624,127.0078742
쌍다리,37.59342471,126.9958836
녹십자약국,37.58963444,127.009282
삼선교제2시장,37.58777915,127.0086669
종암래미안,37.60174078,127.029768
힐스테이트,37.59980236,127.0170332
현대백화점,37.60832062,127.0293255
래미안609동앞,37.60653989,127.0218416
오렌지마트,37.61136145,127.009364
정릉시장입구,37.60827069,127.0098054
용광교회,37.59253079,126.9948588
삼영탕앞,37.58881169,127.0100293
성북세무서앞,37.5881656,127.0101255
종암아이파크1차후문,37.60218394,127.0304477
우성APT정문,37.60060187,127.0152066
길음2동주민센터,37.60667921,127.0278026
래미안501동앞,37.6086973,127.0206925
북정마을삼거리,37.5925496,126.9925917
성북세무서앞,37.58787632,127.0104481
본교회앞,37.58864214,127.0116236
성북소방서,37.602575,127.030928
장위119안전센터,37.61489835,127.0588114
석계역,37.614627,127.06471
길음전철역,37.60424,127.024158
길음1동주민센터.길음중앙새마을금고앞,37.60992294,127.0197437
국민은행사거리,37.61370561,127.0482092
슈퍼앞,37.5931263,126.9927208
한성대입구사거리,37.58586144,127.0109053
고려삼계탕,37.58962488,127.0147163
종암아이파크1차정문,37.60352297,127.0303645
꿈의숲대명루첸아파트,37.619748,127.048003
돈암힐스테이트.코오롱하늘채,37.598517,127.014262
고려슈퍼,37.59865957,127.0276683
새생명교회,37.61099997,127.0183055
돈암코오롱하늘채.일신휴먼빌,37.599603,127.011342
서경대정문.대일외고,37.613128,127.013025
북정경로당,37.5926486,126.9909758
(구)법화사,37.5845909,127.010998
범양APT입구,37.60395266,127.0272104
선잠로3길입구,37.59595261,126.9972124
선잠로3길입구,37.59602798,126.9968838
원진프라자앞,37.59954398,127.032945
대우APT정문.대림APT후문앞,37.61229132,127.0176896
선잠단지.성락원앞,37.594727,126.998925
선잠단지.성락원앞,37.594596,126.998918
북정마을삼거리.모정앞,37.59236034,126.9922226
성북동성당,37.595446,126.997778
성북동성당,37.595476,126.997653
성북빌리지,37.59671461,126.9966105
성북빌리지,37.596666,126.996591
한양슈퍼앞,37.58358708,127.0110533
돈암초등학교,37.59153996,127.0123873
길음역,37.60444771,127.0256431
북악슈퍼,37.59750841,126.9949423
래미안장위퍼스트하이아파트,37.61950399,127.0505519
북악슈퍼,37.597552,126.994835
우리랜드사우나,37.61670813,127.056127
대우APT211동앞,37.61306277,127.0168878
용광교회,37.59244068,126.9947886
길상사,37.59831844,126.9938902
수협동소문동지점,37.59043362,127.0102798
길상사,37.598455,126.993605
정릉꿈에그린아파트,37.60157044,127.0115042
종암사거리입구,37.600991,127.03341
정릉꿈에그린아파트,37.60157044,127.0112628
아리랑시장,37.60241978,127.0114967
아리랑시장,37.602268,127.011371
중앙하이츠빌아파트,37.602557,127.010793
세계문화유산정릉,37.601537,127.009674
정릉꿈에그린1단지,37.60216863,127.010935
일신휴먼빌.우정아파트,37.600083,127.011293
돈암코오롱하늘채아파트,37.598883,127.011319
돈암코오롱하늘채아파트,37.598794,127.01137
힐스테이트입구,37.60647833,127.0280771
한국가구박물관입구,37.599294,126.992609
우리옛돌박물관.정법사,37.600969,126.990568
한국가구박물관입구,37.599778,126.992192
북서울꿈의숲,37.620359,127.045299
관문약국,37.6158597,127.0552994
쌍다리,37.59338237,126.9959969
삼선교,37.589082,127.00719
현대백화점별관주차장,37.60753672,127.0291417
세광빌라,37.61490944,127.0544843
간대어린이공원,37.618638,127.051184
돌곶이역2번출구,37.61153596,127.0561143
성가복지병원앞,37.60593949,127.0311141
꿈의숲코오롱하늘채아파트,37.619142,127.045616
어해랑앞,37.614046,127.052652
고대병원,37.58637983,127.0262695
한신103동앞,37.59202331,127.0082088
성북소방서,37.6028,127.0315251
장위시장,37.6134406,127.0505764
생명의전화로터리,37.6038353,127.0378091
정릉시장입구.정릉약국,37.60837072,127.0097442
꿈의숲동문앞,37.620922,127.045828
꿈의숲대명루첸아파트,37.619379,127.046968
종암아이파크1차후문,37.6022065,127.0302915
돈암힐스테이트.코오롱하늘채,37.59879169,127.014367
자산약국.월곡전철역입구.6호선,37.60417271,127.0393383
수보약국,37.60870425,127.0080441
종암래미안,37.6018588,127.0298304
장위천주교앞,37.6123943,127.0487838
월곡시장.동덕여대오거리,37.60412738,127.0427145
정든마을,37.60961673,127.0073695
개운초등학교,37.60120225,127.0284325
우성APT정문,37.60045094,127.0152062
나약국,37.61429479,127.0414528
GS25장위제일점,37.61105374,127.0481667
월곡로데오거리,37.60489939,127.0438729
대동슈퍼,37.61117786,127.0058855
한진206동앞,37.5954941,127.0107233
죽림정사앞,37.5996513,127.0291749
쌍용APT,37.60002772,127.0164194
슈퍼앞,37.615649,127.042313
이지마트,37.60998707,127.0476291
동아아파트정문앞,37.60688703,127.0461343
수녀원입구,37.61189514,127.005548
성신여대평생교육원,37.58934382,127.020258
명신초.삼선푸르지오.힐스테이트,37.58225939,127.0145993
브라운스톤,37.59929765,127.0176786
동아아파트,37.60803185,127.0472756
월곡중학교입구,37.60759128,127.0471292
돈암시장,37.59130195,127.0134834
창신쌍용2단지.한성대후문,37.58139636,127.0127355
고명중고교,37.59846102,127.0202967
상월곡역,37.60686383,127.0478038
월곡초교,37.60912891,127.0461799
산장아파트,37.61660879,127.0034686
성북구청.경동고입구,37.58780158,127.0175977
한신301동앞,37.59621511,127.0089861
낙산삼거리,37.58028014,127.0103599
풍림아파트,37.59743346,127.022079
월곡중학교,37.606796,127.048839
월곡초등학교후문,37.61137919,127.0454756
도광사,37.61543202,127.0013582
경동고앞,37.58704143,127.0149049
구민회관201동앞,37.59552847,127.0091967
현대홈마트,37.59777427,127.0328695
풍림아파트.성신초교,37.59526977,127.0230545
누구나교회,37.61190835,127.044896
넓은마당,37.61468593,126.9997383
삼선노인정,37.58637475,127.0138721
한신113동앞,37.59446343,127.0085262
종암아이파크2차정문,37.5969733,127.0325169
개운중학교,37.59404657,127.0250869
태광빌라,37.61220878,127.0439311
삼선초교,37.585164,127.013358
동구고등학교후문,37.593705,127.008419
극동아파트후문,37.59601611,127.033333
성북구의회,37.59448608,127.0261062
장위1동노인정,37.61161439,127.043045
고려대역.숭례초교,37.59489256,127.0360345
극동아파트정문,37.59541933,127.034267
고려대아이스링크,37.5929133,127.0278066
하트마트편의점,37.61203037,127.0414141
선경아파트,37.59436413,127.0343481
고려대안암학사,37.591162,127.030334
종암중학교,37.59323044,127.0347677
고려대법과대학.한국어교육관입구,37.59128274,127.0331735
종암로한진택배,37.59242909,127.0356891
성북세무서앞,37.588102,127.010533
꿈의숲대명루첸아파트,37.62081958,127.0456216
래미안세레니티,37.59905652,127.0294148
양광교회.죽림정사앞,37.59957016,127.029364
석관동주민센터,37.61298587,127.0613211
한신105동앞,37.59255399,127.0090684
한신108동앞,37.59353344,127.0094569
스카이프라자앞.111동앞,37.59451104,127.0104117
한진207동앞,37.59631409,127.0106667
한진202동앞,37.596549,127.009801
한진204동앞,37.596461,127.009958
한진207동앞,37.596345,127.010583
스카이프라자앞.111동,37.594611,127.010379
한신108동앞,37.593948,127.009698
삼선동주민센터,37.59100901,127.0142591
수유3동우체국,37.641345,127.029165
수유3동우체국,37.640892,127.02883
수유역,37.63653249,127.023995
수유역.강북구청,37.637582,127.025327
수유시장.성신여대미아캠퍼스앞,37.63122621,127.024172
수유시장.성신여대미아캠퍼스앞,37.63034517,127.0246442
미아역.신일중고,37.62486968,127.0266493
미아역.신일중고,37.62430924,127.0270667
도봉세무서.성북시장,37.61971409,127.0287194
도봉세무서.성북시장,37.61883721,127.0292481
미아사거리역,37.61376212,127.0299325
미아사거리역,37.61289431,127.0302131
수유(강북구청)역,37.63829,127.025873
우이동도선사입구.북한산우이역,37.662647,127.012719
우이동성원아파트,37.660809,127.013424
우이동성원아파트,37.662045,127.013357
진성빌라사거리,37.659077,127.013785
서라벌중학교.우이동대우아파트,37.6551,127.012933
덕성여대솔밭근린공원,37.65138093,127.0126092
4.19민주묘지역,37.64911099,127.0137115
4.19민주묘지역,37.649113,127.014019
국립4.19민주묘지입구사거리,37.648147,127.013448
국립4.19민주묘지입구사거리,37.647984,127.013467
국립419묘지삼거리.윤극영가옥,37.64653,127.010438
국립419묘지삼거리.윤극영가옥,37.64632246,127.0106932
인수동백운교회입구,37.64458788,127.0106566
인수동백운교회입구,37.64430942,127.0109422
인수중학교.극동아파트,37.64250367,127.0108286
인수중학교.극동아파트,37.64231082,127.0110529
서울영어마을수유캠프국립재활원입구,37.640048,127.011902
서울영어마을수유캠프국립재활원입구,37.64031,127.01185
인수동장미원,37.64503338,127.0155272
인수동장미원,37.64459989,127.0159997
가오리역,37.64189779,127.0165778
가오리역,37.64168058,127.0168114
북부성모의원,37.646853,127.01746
북부성모병원,37.64675783,127.0170949
수유2동주민센터우이시장,37.64508867,127.0194289
수유2동주민센터우이시장,37.644893,127.020202
광산사거리,37.643365,127.021765
광산사거리,37.643647,127.021913
우이초등학교후문,37.63839715,127.0136268
우이초등학교후문,37.63842866,127.0138285
인수동청수탕입구,37.637168,127.012868
인수동청수탕입구,37.63651846,127.0130724
우이초등학교,37.63650893,127.0171141
우이초등학교,37.63681,127.017357
화계사입구.한신대학교대학원,37.633975,127.013957
화계사입구.한신대학교대학원,37.6337259,127.0139522
수유동삼양탕앞,37.63408,127.015551
수유동삼양탕앞,37.6338204,127.0149108
화계사입구사거리,37.63428662,127.0168991
화계사입구사거리,37.63399314,127.0168721
강북노인종합복지관,37.63443345,127.0189956
강북노인종합복지관,37.634218,127.01914
신일병원,37.634723,127.022267
신일병원,37.63438712,127.0212163
강북구청,37.640412,127.02602
강북구청,37.640615,127.026213
강북경찰서입구,37.63514335,127.0286868
강북경찰서입구,37.634985,127.029118
북부시장입구,37.635428,127.031872
북부시장입구,37.63516855,127.0322809
번동사거리,37.636125,127.03503
번동사거리,37.635633,127.03451
북부수도사업소,37.63423504,127.0361604
북부수도사업소,37.63495684,127.0352743
수유보건지소,37.63334035,127.0174697
수유보건지소,37.63325388,127.0177048
빨래골입구.수유1동주민센터,37.62985885,127.0177651
빨래골입구.서울수유초등학교,37.630007,127.017982
롯데마트삼양점.래미안1차아파트,37.62529479,127.018224
롯데마트삼양점.래미안1차아파트,37.62547,127.01844
삼양초등학교,37.623249,127.018997
삼양초등학교,37.623407,127.019088
강북청소년문화정보도서관입구,37.621833,127.020175
강북청소년문화정보도서관입구,37.62151722,127.0205867
삼양동사거리,37.6180883,127.021308
삼양동사거리,37.61853341,127.0214576
송천초등학교.미아뉴타운입구,37.61545969,127.0221104
송천초등학교.미아뉴타운입구,37.61409631,127.0223139
삼양동사거리,37.619154,127.022342
삼양동사거리,37.619143,127.021773
성암국제무역고등학교,37.618327,127.024985
성암국제무역고등학교,37.61794239,127.0255231
삼양동사거리입구,37.61729,127.02838
삼양동사거리입구,37.61706,127.028487
강북보건소,37.632253,127.039033
신창교,37.6332852,127.0385729
강북보건소,37.632478,127.039233
번동주공4단지,37.63137804,127.0399848
초안교,37.63111,127.04109
번동주공3단지,37.62901958,127.0434629
번동주공3단지,37.628652,127.044375
번동주공1단지,37.62550715,127.0481296
번동주공1단지,37.627015,127.047227
오현초등학교,37.62341309,127.0479844
북서울꿈의숲,37.61917134,127.0442547
송중동한일유엔아이,37.61374991,127.0379534
창문여고앞,37.61199777,127.0354112
숭곡초등학교입구,37.610022,127.031828
강북청소년수련관,37.645667,127.006839
강북청소년수련관,37.645786,127.006806
국립4.19민주묘지,37.646899,127.009145
국립4.19민주묘지,37.64695,127.008957
강북중학교,37.64484192,127.0235481
한성운수차고지,37.634382,127.036702
광산사거리,37.64252355,127.0229921
광산사거리,37.64384451,127.0231024
수유중앙시장,37.64036011,127.0227228
대한병원,37.63673375,127.0231693
삼성화재강북지점,37.63551007,127.0248073
강북구청사거리,37.63882255,127.0283154
강북구청사거리,37.63896035,127.0285954
수송초등학교,37.63678353,127.0313717
수송초등학교,37.63696007,127.0316539
수유중학교혜화여고,37.63211,127.013588
혜화여고,37.631977,127.013792
서울정인학교,37.62921339,127.013002
우광타운,37.629297,127.013128
구세군강북종합사회복지관입구,37.62477382,127.012386
구세군강북종합사회복지관입구,37.62492,127.012504
솔샘중고등학교.팔팔·미송경로당,37.623368,127.013138
솔샘중고등학교.팔팔·미송경로당,37.62326083,127.013027
동북프라자,37.619885,127.018418
동북시장,37.619995,127.018796
두산위브아파트입구,37.620027,127.016258
두산위브아파트입구,37.6201499,127.016195
삼각산동SK아파트북한산시티미양초등학교,37.620197,127.013398
삼양동벽산라이브파크미양초등학교,37.620308,127.012611
SK아파트.벽산아파트상가,37.61973237,127.0111969
SK아파트.벽산아파트상가,37.61993691,127.0113419
솔샘터널,37.618778,127.009232
번동주공아파트3단지4단지,37.629378,127.039935
번동주공아파트3단지4단지,37.63011,127.041138
번동초등학교,37.62893886,127.0398419
번동한솔솔파크,37.627663,127.03828
번동한솔솔파크,37.62753384,127.037812
번동해모로아파트,37.626375,127.036817
번동해모로아파트,37.626853,127.036975
강북문화정보도서관,37.625232,127.037288
강북문화정보도서관,37.625388,127.036928
동문굿모닝힐,37.62354746,127.0377556
동문굿모닝힐,37.62374039,127.0374544
북서울꿈의숲,37.62258428,127.0375263
꿈의숲롯데캐슬아파트,37.617995,127.035814
꿈의숲롯데캐슬아파트,37.61859889,127.0359375
경남아너스빌.꿈의숲해링턴아파트,37.616498,127.034503
경남아너스빌.꿈의숲해링턴아파트,37.61674879,127.0345744
송중초등학교,37.616419,127.031159
송중초등학교,37.61655414,127.0316487
수유3동우체국,37.64002567,127.0275794
수유3동우체국,37.64006,127.028118
수유역.노스페이스문화센터,37.638953,127.026899
수유역.강북구청,37.63769333,127.0250607
미아역8번출구.신일중고,37.62737854,127.0255444
영신여객차고지(우이동종점),37.662778,127.011345
영신여객차고지(우이동종점),37.662914,127.011263
미아사거리역,37.61538503,127.029735
미아사거리역,37.61177844,127.0304393
한신대학교,37.63537589,127.013071
수유사거리,37.63462,127.024333
수유사거리,37.634925,127.024917
송중동주민센터앞,37.61605807,127.0333692
송중동경남아너스빌정문,37.61329784,127.0340849
북서울꿈의숲,37.62271754,127.0378334
수유역.강북구청,37.63863114,127.0260514
삼각산보건지소,37.61704,127.015455
삼각산보건지소,37.61746839,127.0152814
삼각산동삼각산아이원아파트후문,37.61634783,127.0188312
삼각산동삼각산아이원아파트후문,37.616273,127.018745
롯데백화점미아점,37.61470941,127.0307562
우이동주민센터입구,37.64766401,127.0123581
창문여고,37.61213401,127.0358639
솔샘터널,37.618743,127.009213
우이동도선사입구,37.662789,127.012956
우이동차고지기점,37.662987,127.012021
한성운수종점,37.634618,127.035297
화계사입구.종점,37.632628,127.013707
SK아파트벽산아파트상가,37.61969724,127.0111164
우이동차고지종점,37.663158,127.012302
삼각산동삼각산아이원아파트정문,37.61617785,127.016688
삼각산동삼각산아이원아파트정문,37.6163581,127.0164422
삼각산고.래미안트리베라,37.61443,127.021813
삼각산고.래미안트리베라,37.614468,127.021202
방천시장입구,37.611208,127.033147
화계사입구.한신대학교대학원,37.633257,127.01343
미아사거리역.롯데백화점,37.61407923,127.0302283
삼각산119안전센터,37.619548,127.015178
삼각산119안전센터,37.619795,127.015343
무량사입구,37.64621004,127.0079439
무량사입구,37.646323,127.007842
꿈의숲주차장입구,37.62086498,127.0453126
수유중앙시장,37.64089361,127.0223876
대한병원,37.636835,127.022882
우이동,37.66343097,127.0122905
미송경로당,37.62417727,127.0127201
번동초교.솔그린APT.하나은행,37.62899212,127.0395643
연일슈퍼,37.62890113,127.030351
빨래골,37.627439,127.010183
본원정사,37.63810131,127.0063794
아카데미하우스.통일교육원,37.64204009,127.0020125
성원아파트,37.661095,127.0134
번동슈퍼,37.62764826,127.0378427
샛별슈퍼,37.6278746,127.0310972
수연슈퍼,37.627719,127.01135
모아빌라,37.63820046,127.0074386
신성빌라,37.64350251,127.003531
송중동주민센터,37.61610853,127.0333692
마을버스사무실,37.62497741,127.012914
청화슈퍼,37.62781895,127.0366464
믿음슈퍼,37.62708859,127.0321222
다리앞,37.62788258,127.0122019
해청빌라,37.63753425,127.0076914
백련사,37.6441927,127.0045158
구세군강북종합사회복지관,37.62516653,127.0138351
교육촌경로당,37.62716,127.03564
당진슈퍼,37.62551434,127.0323277
삼흥연립,37.628087,127.013346
기도원입구,37.637014,127.007915
강북청소년수련관,37.64569739,127.0070203
보람미용실,37.62525735,127.0154053
영순슈퍼,37.6266121,127.0344606
동문굿모닝힐,37.62389988,127.0374658
삼광학원,37.62449886,127.0321494
한빛맹아학교,37.62871129,127.015218
형제슈퍼,37.63668277,127.0098046
쌍문교,37.646178,127.0246386
페리카나치킨,37.62540677,127.0165405
당진슈퍼,37.62546654,127.0324829
동성마트,37.62362751,127.0321875
한빛예술단,37.629395,127.016291
삼성하이츠빌라,37.636735,127.011015
도일타운,37.636753,127.011938
강북중학교,37.6445347,127.0232862
삼양시장.롯데마트,37.62507054,127.0174162
한영교회,37.62307779,127.0323754
수유1동주민센터.파출소,37.63015263,127.017525
광산사거리,37.64248029,127.0230566
삼양부동산,37.62487762,127.0180166
제일슈퍼,37.62219915,127.0326718
진주빌딩,37.63091128,127.0179523
청수탕,37.63674467,127.0126566
강북구청,37.64038106,127.025984
삼양오거리,37.62478918,127.0188481
도일타운,37.63690215,127.0118238
홈빌라트,37.62124033,127.0329274
광성슈퍼,37.63214836,127.0186381
인수초중학교,37.64355613,127.0107834
수유역,37.63759063,127.0249678
오현초등학교,37.62353554,127.0459679
구.삼양극장,37.62486359,127.02114
꿈의숲해링턴아파트101동앞,37.62013733,127.033175
화계유치원,37.63387289,127.0195268
한신대신학대학원.화계사,37.63373041,127.013984
주공1.2단지한진아파트,37.62533727,127.04475
삼양신협,37.62541735,127.0232915
번3동주민센터,37.62615924,127.046604
미아사거리전철역,37.612966,127.030484
꿈의숲해링턴아파트105동앞,37.618384,127.033583
삼양탕,37.6338294,127.0149765
국립재활원,37.6402545,127.0115682
신원아파트.북서울꿈의교회,37.62611601,127.0442248
미아역6번출구,37.62593954,127.0253865
꿈의숲해링턴아파트108동앞,37.616662,127.033989
북한산스카이빌딩,37.63568602,127.0236086
송암교회.화계사거리.수유보건지소,37.63397783,127.0168166
강북구의회.강북문화예술회관,37.64034161,127.0142821
경남아너스빌정문,37.61306886,127.0344292
기산아파트.2단지후문,37.6276136,127.0442393
미아역7번출구,37.626782,127.025885
수유역,37.63748151,127.0253881
가오리,37.64063059,127.0162844
송중동주민센터,37.61598681,127.033624
쌍문교,37.64564277,127.0245795
주공3단지정문,37.62824867,127.0423068
깨순이김밥,37.62604678,127.0253321
8번지입구,37.61374004,127.0378209
번동삼거리,37.63509757,127.0279469
벽산아파트,37.64098236,127.0199332
한양아파트입구.삼덕상운,37.62798963,127.0409777
삼양신협,37.625637,127.023522
미아사거리역2번출구,37.613971,127.03086
양지빌라,37.61505105,127.0380243
성당앞,37.64225701,127.0220299
하나은행.새마을금고,37.628747,127.039527
북서울꿈의숲,37.618983,127.044096
강북반석교회,37.625108,127.021441
8번지슈퍼,37.61585031,127.0380372
롯데백화점,37.614457,127.030938
중앙시장,37.64039,127.022469
강북구민운동장.4단지,37.63010798,127.0385974
훌랄라치킨,37.62489911,127.0188731
산장빌라,37.6164279,127.0380477
화계유치원,37.63399367,127.0193274
강북보건소.번2동주민센터,37.63154479,127.0370685
삼일약국.롯데마트,37.625035,127.017932
삼우하이츠빌라,37.61608124,127.0372251
꿈의숲해링턴아파트108동앞,37.61671,127.03406
성일빌딩,37.63226194,127.0183911
금호.현대아파트,37.63186942,127.0363141
삼양시장,37.625226,127.017349
한일아파트후문,37.61548565,127.0371512
꿈의숲해링턴아파트105동앞,37.618395,127.03367
수유1동주민센터.파출소,37.63040223,127.0175704
수유역,37.636852,127.024586
로얄공인중계사무소,37.63273395,127.0350082
페리카나치킨,37.62548426,127.0165825
장미맨션,37.61474406,127.0371418
꿈의숲해링턴아파트101동앞,37.62003097,127.0333154
한빛예술단,37.62962684,127.0162721
주공5단지,37.63339553,127.034374
보람미용실,37.62534024,127.0154325
한일아파트정문,37.61397724,127.0371221
홈빌라트,37.62118443,127.0330531
한빛맹아학교,37.628796,127.015161
송암교회.화계사거리.수유보건지소,37.63427327,127.0170114
강북종합시장,37.64116062,127.0253985
금강산병원.전자공단,37.63440853,127.0337456
구세군강북종합사회복지관,37.6253035,127.0137637
8번지입구,37.61370763,127.0377246
제일슈퍼,37.62222706,127.0327828
삼흥연립,37.628212,127.01344
성당앞,37.64236697,127.0218894
번동5거리.북부노동지청,37.63504642,127.034011
다리앞,37.62796908,127.0122245
한신대신학대학원.화계사,37.63411973,127.0135376
벽산아파트,37.64114095,127.019914
월산슈퍼,37.62529013,127.0125153
방천시장입구,37.61095521,127.033402
한영교회,37.622997,127.032525
수연슈퍼,37.627803,127.011384
유진슈퍼,37.63553896,127.0132671
가오리,37.64076306,127.0162289
정은빌라,37.62599658,127.0124497
미아사거리역,37.61272653,127.0309029
삼광학원,37.62442224,127.0322762
빨래골,37.627491,127.01008
청수탕,37.63695876,127.0126679
강북구의회.강북문화예술회관,37.64043895,127.0140985
빨래골입구,37.62655166,127.0123648
삼성하이츠빌라,37.63689079,127.0110801
국립재활원,37.64022562,127.0119761
성원아파트,37.66171532,127.0134032
수유역.강북구청,37.63763998,127.025923
청소년독서실,37.62603535,127.0122707
믿음슈퍼,37.62710205,127.0322944
형제슈퍼,37.63688643,127.0097996
당진슈퍼,37.62549621,127.032697
우광슈퍼,37.628003,127.031599
기도원입구,37.637072,127.007973
인수초중학교,37.64353989,127.0110191
솔샘중고등학교,37.62406194,127.0125898
영순슈퍼,37.62646704,127.0345928
해청빌라,37.637507,127.007837
벽산아파트,37.61980268,127.0110032
금강슈퍼,37.62707674,127.0357113
모아빌라,37.63823093,127.0077504
국립419민주묘지삼거리.윤극영가옥,37.64615846,127.0107158
청화슈퍼,37.62777658,127.036703
동문굿모닝힐,37.62359522,127.0377523
본원정사,37.63813464,127.0064916
주공5단지,37.63358572,127.0341463
번동초등학교,37.62853174,127.0393341
로얄공인중계사무소,37.63281061,127.0347759
강북문화정보도서관.해모로아파트,37.62581278,127.0370107
금호.현대아파트,37.63173693,127.0364126
강북보건소앞.번2동주민센터,37.63165635,127.0376226
백련사,37.64458646,127.0048037
강북보건소.번2동주민센터,37.63126896,127.0373743
신성빌라,37.64367732,127.0034868
강북구민운동장.4단지,37.63003862,127.0385078
아카데미하우스.통일교육원,37.64216084,127.0019309
번동슈퍼,37.62771772,127.0376037
한양아파트입구.삼덕상운,37.62781207,127.0410989
주공3단지정문,37.62807028,127.0422331
기산아파트.2단지후문,37.6277957,127.0440252
신원아파트.북서울꿈의교회,37.62597726,127.0441737
주공1.2단지한진아파트,37.62492362,127.0448959
오현초등학교,37.62309669,127.0460254
주공1.2단지한진아파트,37.62523639,127.0446457
번3동주민센터,37.62602405,127.0466752
현대백화점.E마트.빅토리아호텔,37.61017927,127.0304771
미아사거리역.롯데백화점,37.61424,127.030113
광산사거리,37.64349135,127.0227669
보람빌딩,37.63489637,127.0250915
번동5거리.북부노동지청,37.63505096,127.0338943
금강산병원.전자공단,37.63435358,127.0336731
하나은행.새마을금고,37.62855415,127.0396899
우이3교,37.636407,127.035708
당진슈퍼,37.62550439,127.0324444
삼성래미안아파트,37.61449482,127.0210555
성우아파트,37.6174097,127.0217994
미아사거리역,37.61508496,127.0297586
두산위브아파트,37.61909483,127.0154199
한영교회,37.62314282,127.0318418
달팽이계단,37.62391524,127.0311295
대성빌라정문,37.62483272,127.0304264
신구한일아파트입구,37.62574298,127.0297855
실버복지센터,37.627171,127.029372
남양빌라,37.62685705,127.0284627
미아역3번출구,37.62648975,127.0269694
미아역1번출구,37.62755688,127.0258844
수유시장,37.63219244,127.0240584
요진아파트,37.63362462,127.0265539
우일빌딩앞,37.63481113,127.0274879
신구한일아파트입구,37.62565741,127.0296337
대성빌라정문,37.62482557,127.0301941
달팽이계단,37.62382068,127.0309177
한영교회,37.6231743,127.0320253
한국전력공사,37.63053701,127.0247049
창문여고앞,37.611885,127.035382
도봉산역,37.68903596,127.0455054
도봉산역,37.68858174,127.0457253
도봉한신아파트,37.68392307,127.0459837
도봉한신아파트,37.682672,127.046067
서울북부지방법원.검찰청.도봉역성황당,37.67768248,127.0448851
서울북부지방법원.검찰청.도봉역성황당,37.677262,127.045103
신도봉사거리,37.67331264,127.044163
신도봉사거리,37.67275,127.044333
도봉소방서.방학역남부,37.66617392,127.0429312
도봉소방서.방학역남부,37.66570289,127.0430251
도봉보건소,37.65893642,127.0407624
도봉보건소.북한산아이파크아파트,37.658205,127.040517
도봉구민회관.도봉문화원,37.65455985,127.0381737
도봉구민회관.도봉문화원,37.653968,127.037977
쌍문역,37.64881742,127.0347687
쌍문역,37.64807141,127.0344601
우이1교앞,37.645293,127.0326524
우이1교앞,37.644652,127.03242
신도봉시장.도봉구청.방학역북부,37.66997038,127.043625
신도봉시장.도봉구청.방학역북부,37.66922248,127.0436336
도봉동한신아파트,37.68261403,127.0456109
도봉동한신아파트,37.68210479,127.0459587
녹천역,37.643223,127.052427
서울북부지방법원.검찰청.도봉역성황당,37.67718344,127.0451326
서울북부지방법원.검찰청.도봉역성황당,37.67702774,127.0446529
도봉견인차량보관소,37.67416324,127.0446002
도봉견인차량보관소,37.67410483,127.0441501
방학역,37.66918426,127.0437946
도봉소방서,37.66567562,127.0431884
도봉소방서,37.66510078,127.0425798
방학사거리.바로선병원,37.661215,127.042275
방학사거리,37.66221767,127.0421039
도봉보건소,37.657513,127.040227
도봉보건소,37.657913,127.04
함석헌기념관.정의여중고,37.65263089,127.0373873
함석헌기념관.정의여중고,37.6521851,127.0365881
도봉구민회관.도봉문화원,37.65410478,127.0382222
도봉구민회관.도봉문화원,37.65482027,127.0381421
쌍문역.쌍문시장,37.64802466,127.0340974
쌍문역.쌍리단길,37.647535,127.034272
우이1교앞,37.64399377,127.0321793
서울북부지방법원.검찰청.성우아파트,37.6761342,127.0483743
서울북부지방법원.검찰청.성우아파트,37.675807,127.047788
법조타운공영주차장,37.674737,127.047318
법조타운공영주차장,37.673315,127.046582
도봉구청,37.66895525,127.0463337
도봉구청,37.66892213,127.0460575
방학1동대상타운현대삼성아파트,37.665833,127.046438
방학1동대상타운현대삼성아파트,37.666388,127.046003
창동쌍용.성원아파트,37.66042516,127.0494952
창동쌍용아파트,37.660497,127.048778
자운고등학교앞,37.65893286,127.0500066
자운고등학교앞,37.6586807,127.0496686
창동동아청솔아파트,37.65668,127.049804
창동동아청솔아파트,37.65667134,127.0495823
창동농협물류센터,37.654932,127.050328
창동농협물류센터,37.65421248,127.0512467
창동농협물류센터,37.65383,127.051022
창동역동측,37.653483,127.05058
창동동아아파트,37.651933,127.051465
창동동아아파트,37.651353,127.051443
창동주공19단지,37.64904068,127.05239
창동주공19단지,37.64922647,127.0520286
창동주공18단지,37.64706252,127.0530436
창동주공18단지,37.64726539,127.0527729
도봉산입구,37.687083,127.040722
도봉고등학교,37.687318,127.044188
김근태기념도서관.도봉고등학교,37.687489,127.044031
도봉역,37.680322,127.046683
도봉역,37.68039591,127.0470846
노원교,37.67942376,127.049017
노원교,37.6796544,127.0491191
성대야구장노원교앞,37.67907,127.04939
천주교도봉동교회,37.671205,127.042713
천주교도봉동교회,37.67131199,127.0428108
오봉초등학교,37.67052031,127.0391794
오봉초등학교,37.670787,127.03934
방학2동공영주차장,37.669435,127.036635
방학2동공영주차장,37.66960831,127.0367134
방학2동주민센터,37.668217,127.034807
방학2동주민센터,37.66827084,127.0346224
신방학중학교앞,37.66372,127.027995
방학동신우빌라,37.664078,127.03514
방학동신우빌라,37.66411589,127.0348959
방학동삼익세라믹,37.661672,127.03493
방학동삼익세라믹,37.66175514,127.0346738
쌍문동청구아파트,37.659737,127.035081
쌍문동청구아파트,37.65962432,127.0348107
샘말어린이공원,37.66866721,127.0318159
방학중학교정문,37.666488,127.034428
방학중학교정문,37.666548,127.034145
신한은행방학동지점,37.663457,127.037293
신한은행방학동지점,37.66323123,127.0371976
연산군.정의공주묘,37.661732,127.023323
연산군정의공주묘,37.66200152,127.0231446
방학동신동아타워,37.66168029,127.028111
방학동신동아타워,37.662028,127.028692
방학3동신동아프라자,37.66137047,127.0274841
방학동신동아아파트,37.66198313,127.0313835
방학동신동아아파트,37.662362,127.03202
국민은행방학지점,37.662362,127.034242
국민은행방학지점,37.662595,127.034113
신한은행방학동지점,37.66265461,127.0370024
신한은행방학동지점,37.662933,127.036807
방학사거리,37.66272,127.040618
방학사거리,37.66298,127.040387
서울문화고등학교,37.66287208,127.0463095
서울문화고등학교,37.662327,127.048067
서울문화고등학교,37.662625,127.048068
쌍문동청한빌라,37.65745933,127.0150062
쌍문동청한빌라,37.657732,127.014762
쌍문동우이빌라,37.65721824,127.0191018
쌍문동우이빌라,37.657407,127.01802
초당초등학교,37.657406,127.023049
초당초등학교,37.657531,127.022295
방학동우성아파트,37.65740463,127.0242706
방학동우성.청구아파트,37.657656,127.0251
방학3동신동아프라자,37.66083427,127.0277401
방학3동주민센터,37.65981337,127.0276286
쌍문동성원아파트,37.65764777,127.0289335
쌍문동성원아파트,37.657845,127.028738
쌍문동한양.현대아파트,37.657838,127.031452
쌍문동현대.한양아파트,37.65800038,127.0313206
쌍문동삼익금호1차아파트,37.658051,127.034792
쌍문동금호1차삼익아파트,37.65825142,127.0345433
도봉구보건소앞,37.657248,127.03753
도봉구보건소앞,37.65743898,127.0375892
북서울교회,37.65725622,127.0136533
서라벌중학교.우이동대우아파트,37.655025,127.013223
덕성여대입구,37.65106,127.013138
쌍문초등학교,37.64697433,127.0256815
쌍문초등학교,37.647095,127.02539
숭미초등학교,37.649556,127.027789
숭미초등학교,37.649833,127.027818
둘리뮤지엄.대우이안극동아파트,37.65177105,127.0284258
둘리뮤지엄.대우이안극동아파트,37.651532,127.028262
창동주공1단지,37.65427055,127.0410046
창동주공1단지아파트,37.65367,127.040882
서울북부지방법원등기국,37.651106,127.044525
서울북부지방법원등기국,37.65142456,127.0445412
창동역서측,37.65233585,127.0461228
창4동주민센터,37.652513,127.052332
창4동주민센터,37.652747,127.0519925
창동주공4단지,37.6451,127.048225
창동주공4단지,37.64530574,127.0480755
도봉문화정보도서관,37.644087,127.044358
도봉문화정보도서관,37.64421251,127.0440281
창림초교창동신창아파트앞,37.64153557,127.0410384
창림초교창동신창아파트앞,37.64162849,127.0407269
국립현대미술관창동레지던시,37.63985019,127.0394443
국립현대미술관창동레지던시,37.6404,127.039542
창동서울탁주앞,37.637708,127.037383
창동서울탁주앞,37.63758839,127.036931
창2동주민센터.보건지소,37.64089905,127.0336398
창2동주민센터.보건지소,37.640778,127.033467
창2동한일아파트,37.64615397,127.0372571
창1동제1공영주차장입구,37.64638,127.037605
한신아파트101동앞,37.64598169,127.0348523
KT도봉지점,37.646192,127.035125
창동청구빌라,37.645895,127.039792
창동청구빌라,37.64612439,127.0395258
창림초등학교후문,37.643092,127.040517
창림초등학교후문,37.643407,127.040335
창동대우아파트,37.64261019,127.036716
창동역동측(도봉방면),37.65397438,127.0499898
창동역동측(노원방면),37.653635,127.050183
서울가든아파트앞,37.646931,127.0442009
창1동주민센터,37.6487636,127.0430117
창1동주민센터,37.648735,127.042778
창동주공3단지,37.650998,127.041717
창동주공3단지,37.65132295,127.0414767
세그루학원,37.65654237,127.0279901
세그루학원,37.65562421,127.0278333
창동주공17단지,37.64574121,127.0537657
창동주공17단지,37.646105,127.05361
창3동염광아트필,37.63449251,127.0423499
창3동염광아트빌,37.634407,127.04252
한승미메이드아파트,37.633173,127.043635
한승미메이드아파트,37.633177,127.043506
북서울농협창동지점,37.634107,127.04149
북서울농협창동지점,37.63385199,127.0412155
신화초교입구,37.63370446,127.0402309
신화초교입구,37.63340725,127.0400822
서울외국어고등학교,37.645154,127.052529
서울외국어고등학교,37.645247,127.0527024
방학동도깨비시장입구,37.665298,127.036817
거성학마을아파트,37.666342,127.03834
도봉새마을금고본점,37.66714588,127.0412482
창5동현대아파트,37.655623,127.040403
창5동현대1차아파트,37.65587,127.040602
창동아이파크,37.661613,127.046752
창번교,37.63548391,127.0384278
방학3동주민센터,37.65916813,127.0279038
도봉동서광아파트,37.67819902,127.0494617
정병원,37.661947,127.04192
창동고등학교,37.651367,127.038457
정의여중고입구,37.650997,127.033138
도깨비시장,37.665505,127.035503
방학동도깨비시장,37.665458,127.03533
태영데시앙아파트,37.64238437,127.0324449
창번교앞,37.63546864,127.038224
금용아파트,37.63773671,127.0351771
창번2교앞,37.63859,127.034453
대우아파트104동,37.64325664,127.0383492
도봉산입구,37.687222,127.040693
샘말어린이공원,37.668748,127.031945
안방학동,37.66906777,127.0299513
동아운수앞,37.658907,127.013997
창동.신창시장,37.63884671,127.0384761
신창.창동시장,37.63926,127.038458
안방학동,37.667618,127.03301
안방학동,37.667887,127.032893
창동농협물류센터,37.65489497,127.0500842
태영데시앙아파트,37.64263,127.031783
방학중학교,37.666728,127.032371
도봉산역광역환승센터,37.68987622,127.0444996
도봉산역광역환승센터,37.68994836,127.0443522
도봉산역광역환승센터,37.690177,127.044267
한국사회봉사회,37.66181384,127.0147587
한국사회봉사회,37.662163,127.014675
창동교,37.65173,127.053249
창동교,37.652111,127.053492
녹천교,37.644731,127.05452
녹천교,37.64503448,127.0549536
도봉여성센터,37.6628827,127.0302538
한일병원,37.64586897,127.0284575
동익아파트,37.65069499,127.0252306
꽃동네,37.65275721,127.0224988
한일병원입구,37.64456146,127.0286428
용호약국,37.64996332,127.0252111
에덴약국,37.65143696,127.0233665
청한빌라,37.65726468,127.0151682
사거리슈퍼,37.64973792,127.0258094
쌍문1동현대아파트,37.65058648,127.0226716
우이성당,37.655704,127.015745
방학동성원아파트.방학3동주민센터,37.65869332,127.0276883
믿음주유소,37.64937463,127.0265164
오복슈퍼,37.64953842,127.0231778
쌍문1동주민센터,37.64820956,127.0263789
환승장.기숙사,37.64891763,127.0229272
덕성여대후문.효문중고교앞,37.65269144,127.0171019
창동아이파크,37.66123781,127.0478602
도봉구보건소앞,37.65738215,127.0377807
쌍문초등학교,37.647649,127.025013
쌍문1치안센터,37.65009582,127.0202836
신일라이프아파트,37.6506913,127.0294952
시립도봉노인종합복지관,37.65810101,127.0355267
경기푸른미래관,37.649549,127.021968
방학삼성래미안1단지아파트,37.66739551,127.0462738
소피아호텔,37.65112144,127.0349114
쌍문동현대1차아파트,37.65806227,127.032386
미래빌라,37.64797,127.026463
도봉중학교.서원아파트,37.67127394,127.0457717
창동한신아파트,37.64599615,127.0347141
성원아파트,37.65791599,127.0301169
세무서앞,37.65328901,127.0509355
창동중앙약국,37.646154,127.0371449
선덕사거리.세그루학원입구,37.65780381,127.0282852
서울북부지방검찰청.한양수자인아파트,37.67467017,127.0472922
오봉초등학교,37.67102378,127.0398564
방학3동주민센터,37.65846361,127.0274082
청구아파트,37.65771501,127.0265443
엘지전자,37.6508503,127.0313946
시온슈퍼,37.67281386,127.0409094
창성빌라,37.64419491,127.040309
김수영문학관,37.65942465,127.0251961
서울북부지방법원,37.67767018,127.0492414
부부슈퍼,37.67445144,127.0425394
벽산아파트,37.65832268,127.0249781
삼거리슈퍼,37.67567019,127.0436465
방학3동주민센터,37.65832213,127.0274592
믿음주유소,37.64939262,127.0266535
쌍문초등학교,37.64783,127.024913
창동고등학교,37.65125024,127.0379918
도봉역,37.68098753,127.04578
성황당,37.67718756,127.0437721
창2동주민센터·보건지소,37.64233818,127.0357876
금호타운,37.65767739,127.029388
사거리슈퍼앞,37.64979827,127.0259102
대우.삼성서비스센터,37.683131,127.047119
도봉1동주민센터.럭키아파트,37.67862029,127.0437151
창2동건영아파트,37.64076745,127.0337768
용호약국,37.65008588,127.0251556
오복슈퍼,37.64960149,127.023247
도봉경찰서.창4동주민센터,37.65231101,127.0516851
유원극동아파트,37.68270102,127.0489114
도봉1파출소,37.67952,127.043648
쌍문동한양아파트,37.65786849,127.0325684
거성학마을아파트,37.66625503,127.0378895
쌍문1동현대아파트,37.65051888,127.0227441
한신아파트후문,37.68382801,127.049504
창북중학교,37.6515935,127.0381461
윤성빌라.다리앞,37.67901455,127.0423594
에덴약국,37.65137477,127.0234515
도봉파크빌2단지,37.68423171,127.0515735
녹천북부역,37.645672,127.050588
창1동대우그린아파트,37.64699598,127.0486326
창일중학교,37.64866104,127.0478674
창동역서측,37.65232919,127.0463384
상아아파트,37.653057,127.043215
옛고을길입구,37.65085709,127.0315854
창일중학교,37.649152,127.047398
주공4단지후문,37.64685882,127.0483172
창동아이파크,37.660955,127.047165
북한산아이파크,37.659193,127.04191
북한산아이파크,37.659079,127.042117
창동아이파크,37.661037,127.047497
도봉초등학교,37.67847,127.040717
도봉구보건소앞,37.65715781,127.037699
경기푸른미래관,37.649656,127.022036
서원아파트,37.67169528,127.0466778
창동이마트,37.65133292,127.0461709
누원고등학교.한신아파트정문,37.68580165,127.0509577
서울문화고등학교,37.66364684,127.0467521
부대앞,37.67811825,127.0389714
소피아호텔,37.65136196,127.0351189
청구아파트,37.6575159,127.0264128
쌍문1치안센터,37.6501841,127.0204615
무수골,37.6777533,127.0361868
정의여중고,37.65120125,127.0331242
덕성여대후문.효문중고교앞,37.65277161,127.0172527
부대앞,37.67802002,127.0390076
신일라이프아파트,37.65094621,127.0298772
약초원.동아슈퍼,37.65456042,127.0160925
도봉초등학교,37.67831779,127.0404397
우이1교,37.643926,127.031755
우이성당,37.65603283,127.0157596
엘지전자,37.65106296,127.0313539
한신아파트정문,37.68647317,127.0504502
윤성빌라.다리앞,37.67893795,127.0423843
한일병원입구,37.64442166,127.029172
청한빌라,37.65731062,127.0152986
도봉파크빌3단지,37.68798832,127.0493866
도봉1파출소,37.67955752,127.0433971
도봉1동주민센터.럭키아파트,37.67863746,127.0435712
신동아아파트16동,37.66019629,127.0278033
도봉산역,37.68935007,127.0466117
성황당,37.67694882,127.043628
도봉파크빌3단지,37.68793977,127.049145
삼거리슈퍼,37.67559265,127.043448
대원그린아파트.도봉실버센터,37.66255895,127.0276625
부부슈퍼,37.67459652,127.0425258
방학동극동아파트.방학동천주교성당,37.66365182,127.028216
시온슈퍼,37.67312738,127.041074
방학중학교,37.6666528,127.0325923
오봉초등학교,37.67103554,127.0397113
누원고등학교.한신아파트정문,37.68567472,127.0506753
도봉파크빌2단지앞,37.684151,127.051338
도봉중학교.서원아파트,37.670555,127.046316
극동유원아파트후문,37.68200013,127.0506853
삼환아파트후문,37.68022008,127.0495742
삼환.동아에코빌아파트,37.68055701,127.0475733
대상타운현대아파트,37.665799,127.046214
서울문화고등학교,37.663969,127.046483
서울북부지방법원,37.67698563,127.0485936
서울북부지방검찰청.한양수자인아파트,37.67472996,127.0470617
하나약국,37.67246308,127.0464731
한신아파트정문,37.686613,127.050075
약초원.동아슈퍼,37.654286,127.016021
환승장.기숙사,37.64885358,127.0232739
법종사,37.65724585,127.0183106
효문중학교,37.651528,127.01862
효문중학교,37.651493,127.018379
도봉중학교후문,37.67111683,127.0450449
방학동도깨비시장입구,37.66518685,127.036319
온누리교회,37.66738866,127.040385
공릉시장,37.62274084,127.0741782
공릉시장,37.62311604,127.0736212
태릉입구역4번출구,37.6195891,127.0752003
태릉입구역3번출구,37.61942533,127.074841
태릉입구역,37.617403,127.074378
태릉입구역,37.61701603,127.0745338
공릉1동삼익아파트,37.61795,127.07276
공릉초등학교,37.61865211,127.0735465
대주아파트,37.62131669,127.0719632
공릉행복발전소,37.62214903,127.0723922
공릉대아2차아파트,37.62299041,127.0713043
태릉사거리,37.619715,127.078135
경춘선숲길.토끼굴앞,37.619205,127.07968
주유소앞다운복지관,37.618947,127.079792
태릉사거리,37.618882,127.078377
서울생활사박물관.농협앞,37.618683,127.077998
태릉입구역7번출구.서울생활사박물관,37.617859,127.076678
화랑대역1번출구,37.61978101,127.0832854
공연초등학교,37.626815,127.076127
공릉역,37.625982,127.07413
서울과학기술대앞,37.630347,127.076147
동신아파트,37.627625,127.077577
현대성우아파트,37.62747,127.077707
동부아파트,37.62739,127.078517
한보아파트.삼익아파트,37.62754669,127.0804799
삼익아파트.한보아파트,37.627342,127.080105
원자력병원,37.628407,127.082092
원자력병원입구,37.626273,127.079457
안마을,37.623458,127.07952
두산힐스빌아파트,37.62138706,127.0788884
두산힐스빌아파트,37.621341,127.0790469
안마을,37.62369707,127.0794301
공릉해링턴플레이스,37.62826706,127.0850408
원자력병원.공릉해링턴플레이스,37.627145,127.085318
공릉우방아파트,37.626095,127.086035
태릉해링턴플레이스아파트,37.625332,127.085922
화랑타운아파트,37.623608,127.086747
청솔아파트,37.623303,127.086528
화랑대역2번출구,37.62022142,127.0835907
화랑대사거리,37.621812,127.08812
화랑대사거리,37.621976,127.087887
경춘선숲길.화랑대역공원,37.623845,127.091127
경춘선숲길.화랑대역공원,37.6235352,127.0902614
서울여대.육군사관학교행정안내소,37.625902,127.094735
서울여대.육군사관학교행정안내소,37.62616751,127.0945527
태릉국제사격장,37.62764749,127.0962778
태릉국제사격장,37.62819453,127.0961867
태릉,37.63018935,127.0985753
태릉,37.63046,127.098258
태릉선수촌,37.63330218,127.1032736
태릉선수촌,37.63389841,127.1035996
한국스포츠정책과학원,37.63559186,127.1062794
한국스포츠정책과학원,37.635152,127.105305
삼육대앞,37.63841539,127.1084329
삼육대앞,37.638788,127.1084
담터고개,37.64083694,127.1112874
원자력병원공릉동삼익2차아파트,37.62604325,127.0797928
예수사랑교회,37.62230484,127.0871774
서울과학기술대입구,37.6284741,127.0718013
서울과학기술대입구,37.628345,127.071373
공릉역1번출구,37.626687,127.072703
공릉역4번출구,37.62661,127.072314
공릉신도2차아파트,37.62539,127.07131
공릉대동2차아파트,37.62687062,127.071052
공릉대동2차아파트,37.62713,127.07075
노원문화원,37.62837789,127.0699477
노원문화원,37.62861134,127.0698346
용원초등학교,37.62866,127.06871
용원초등학교,37.62827,127.06867
공릉동.동신아파트앞,37.62823,127.077542
공릉2단지,37.63064,127.06757
서울과학기술대학교후문,37.631122,127.083106
영화교회,37.630567,127.071683
서울과학기술대학교후문,37.632518,127.083299
공릉삼익아파트,37.62947964,127.0733714
공연초등학교,37.62672366,127.0755405
공릉역,37.62598959,127.0736172
공릉1단지후문,37.63132,127.0697
상계주공9단지,37.6629604,127.058456
노원고등학교,37.66139271,127.0545597
임광아파트상가,37.66115961,127.0574569
상계주공7단지,37.66036677,127.0591136
대림아파트상가,37.66034356,127.0586795
도봉면허시험장,37.65744685,127.0599659
도봉면허시험장,37.65733803,127.0595396
상계주공7단지,37.66090526,127.0598156
상계주공7단지.광림교회앞,37.660576,127.062616
상계10동우체국,37.6607334,127.0628214
청원고등학교,37.66504924,127.0617199
상계주공9단지,37.66457677,127.0587962
온곡중학교.노원중앙도서관,37.6595872,127.0645319
온곡중학교.노원중앙도서관,37.659298,127.064485
두산아파트.도심공항수락터미널,37.678717,127.053177
두산아파트.도심공항수락터미널,37.678501,127.053318
수락산역3번출구,37.67717088,127.0555615
수락산역,37.67735401,127.0551013
노일초등학교,37.67351355,127.055256
노원초등학교,37.67292,127.055736
상계현대2차아파트,37.67171784,127.0509549
상계현대3차아파트,37.67095212,127.0525754
수락리버시티아파트,37.68933105,127.0552031
수락리버시티아파트,37.68901186,127.0556485
수락중고등학교,37.68283878,127.0552709
수락중고등학교,37.682928,127.055555
은빛아파트2단지,37.68020944,127.0552746
홍파복지원.수락산벨리체아파트,37.680261,127.055504
상계초등학교,37.657616,127.065995
상계초등학교,37.658106,127.0659
노원역9번출구,37.656087,127.061986
노원역1번출구,37.656202,127.063365
롯데백화점노원점.노원역4번출구,37.65483,127.062274
와우패션클럽,37.655122,127.063605
중앙하이츠2차아파트,37.654765,127.06749
상계중학교정문,37.65259,127.068137
상계중학교,37.65158,127.069417
코오롱아파트.양지대림아파트,37.65249758,127.070716
상계119안전센터,37.65408,127.071558
상계119안전센터,37.654227,127.071837
상계동주유소,37.65752144,127.0716241
상계동주유소,37.65775198,127.0718499
상계중앙시장입구,37.658467,127.070695
상계중앙시장입구,37.65866722,127.070791
흥안운수종점,37.66976648,127.0809233
흥안운수종점,37.66967,127.080593
불암현대아파트,37.668205,127.079355
동아불암아파트,37.66614806,127.0777874
동아불암아파트,37.66705,127.078702
노원롯데캐슬시그니처아파트,37.664861,127.07712
노원롯데캐슬시그니처아파트,37.66495,127.076952
상계불암대림아파트,37.66317395,127.0761129
흥안운수상계4동종점,37.67092,127.082537
상계역,37.659743,127.072128
상신교회,37.661247,127.07079
상신교회,37.66143167,127.0708752
계상초등학교,37.66283,127.06898
상계5동주민센터,37.66286449,127.0691877
상계한신2차아파트,37.664262,127.066593
상계한신2차아파트,37.66444373,127.0666569
상계벽산아파트,37.661293,127.073492
당고개입구오거리,37.6629882,127.0753926
상계2동주민센터,37.65757,127.067777
벽산아파트103동,37.66070483,127.0718187
상계주공3단지,37.651943,127.061033
상계주공2단지,37.649375,127.061738
상계주공1단지,37.647297,127.062782
마들근린공원.노원에코센터,37.64505,127.059495
마들근린공원.노원에코센터,37.6452861,127.0595368
노원구청,37.65393,127.058153
노원구청,37.6542764,127.057241
노원구청,37.65430872,127.057487
상계주공2단지223동,37.647906,127.056991
상계주공2단지,37.65110933,127.0604209
상계주공6단지,37.65318414,127.0611445
상계주공4단지,37.65077523,127.0617647
백병원,37.64801824,127.0628821
상계6.7동주민센터,37.65442073,127.0672044
상계중학교,37.6523542,127.0678157
상계2동주민센터,37.657637,127.067489
상경초등학교,37.67079715,127.0520711
상계주공15단지,37.6682903,127.0565592
상계주공11단지,37.66531365,127.057356
상계주공10단지,37.66214414,127.0582162
노원고등학교,37.66169,127.054463
상계주공10단지상가,37.661425,127.057598
상계주공14단지,37.669103,127.056828
상계주공12단지,37.666492,127.057562
보람아파트1단지,37.66440836,127.065452
보람아파트2단지,37.664782,127.064385
청원고등학교,37.66522951,127.0616146
상계주공12단지1202동,37.66492228,127.0597894
광운대역,37.62260119,127.0616089
광운대역,37.622605,127.061827
월계현대아파트,37.619835,127.06336
월계현대아파트,37.61932,127.063398
물류센터,37.617162,127.064175
석계역1번출구.A,37.61493,127.065197
석계역2번출구,37.61527426,127.0669732
광운대학교,37.619962,127.058482
월계삼거리,37.6226678,127.060007
청백아파트1단지,37.635412,127.052187
대우아파트,37.63310967,127.0521635
청백아파트3단지4단지,37.631737,127.050935
청백아파트3단지4단지,37.63162877,127.0510635
초안아파트.흥화브라운빌아파트,37.63207,127.044295
초안아파트.흥화브라운빌아파트,37.632292,127.04406
쌍용스윗닷홈아파트,37.630397,127.045424
신창중학교후문,37.627968,127.047397
신창중학교후문,37.62792,127.047275
염광고등학교,37.62754013,127.0503112
염광고등학교,37.627302,127.050238
월계주공1단지상가,37.626691,127.051624
월계공단,37.62713016,127.0518547
월계종합사회복지관,37.627488,127.052597
월계종합사회복지관,37.627487,127.052763
월계주공2단지,37.62835008,127.0538076
월계주공1단지,37.628286,127.054101
인덕대학교,37.628658,127.055175
인덕대학교,37.628672,127.055407
월계주공108동앞롯데캐슬루나아파트,37.62618916,127.0525926
인덕대학,37.6279838,127.0552744
한진한화그랑빌아파트,37.61580549,127.0692324
한진한화그랑빌아파트,37.61825517,127.0698589
한천초등학교,37.619455,127.069878
한천초등학교,37.61998609,127.0699692
월계동대우아파트,37.63300062,127.0521986
월계미성아파트,37.621683,127.069345
월계미륭아파트,37.62310657,127.0683895
월계미륭아파트,37.62338397,127.0686266
월계삼호아파트,37.62517519,127.0672914
월계삼호아파트,37.62532103,127.0675294
월계삼호4차아파트,37.62646547,127.0658231
월계삼호4차아파트,37.62666271,127.0659819
녹천초등학교월계이마트,37.62746513,127.064709
녹천초등학교월계이마트,37.62755178,127.0649064
월계사슴아파트2단지,37.63210184,127.0605823
월계사슴아파트3단지,37.63198028,127.060419
월계역,37.6339281,127.0592762
월계역,37.63373538,127.0590506
대우아파트,37.63389355,127.0523148
인덕삼거리,37.628462,127.057478
신도브래뉴.한전노원변전소,37.628184,127.059202
광운중.광운인공지능고등학교,37.61895535,127.0563054
광운중.광운인공지능고등학교,37.618947,127.056528
광운대학교,37.61984293,127.0581458
월계삼거리,37.622613,127.05962
롯데캐슬루나아파트,37.625218,127.05153
인덕대앞,37.6290379,127.0575128
월계보건지소,37.631974,127.061623
월계보건지소,37.631739,127.061715
교육촌.벼루말,37.621967,127.052715
장석교회,37.624205,127.050608
쌍용스윗닷홈아파트,37.6306058,127.0450262
인덕삼거리,37.62869931,127.0571623
신도브래뉴.한전노원변전소,37.628399,127.058804
상명고등학교.성원아파트,37.64991,127.069155
중계1동주민센터,37.651725,127.076938
은행사거리,37.6488502,127.0764226
양지근린공원,37.646722,127.076373
서라벌고등학교,37.64484116,127.0750013
불암중학교,37.646531,127.07429
불암중학교,37.64653754,127.074127
중계주공10단지.중계건영3차아파트,37.647708,127.073627
롯데우성아파트,37.64751,127.073828
중계구민체육센터,37.647602,127.07121
중계구민체육센터,37.64776837,127.0712793
롯데마트,37.647192,127.070212
을지중학교,37.650542,127.071798
을지중학교,37.65020872,127.0709042
청암중.고등학교,37.65289,127.07395
중계주공5단지514동,37.65081085,127.0749325
원광초등학교,37.654492,127.076603
중계역,37.644069,127.064373
노원구민의전당,37.63939116,127.0664181
건영옴니백화점,37.638902,127.064113
브라운스톤중계.우리은행앞,37.639455,127.064092
서울아이티고등학교,37.64263,127.062437
서울아이티고등학교,37.64169794,127.0631034
어린이교통공원,37.645358,127.062874
중계역,37.64322,127.065089
서울시립북서울미술관,37.639748,127.066741
중계건영2차아파트,37.646097,127.065243
중계역2번출구,37.64561755,127.0649391
상명초등학교,37.64785061,127.0677842
중계3단지목련아파트,37.6475,127.0679665
상명고등학교,37.64948354,127.0690665
목련아파트상가,37.64685822,127.0698766
중계목화아파트4단지,37.64353141,127.0714067
용동초등학교,37.64211627,127.0691311
용동초등학교,37.64187215,127.0690118
2001아울렛중계점,37.64168821,127.0676632
서울시립북서울미술관후문,37.641308,127.066847
홈플러스중계점,37.64072259,127.0686266
노원평생학습관,37.63934286,127.0689347
대진여자고등학교,37.644552,127.067158
청계초등학교,37.64450811,127.0669303
중계역1번출구,37.646265,127.063757
상계역,37.661365,127.073973
상계역,37.65934553,127.0730189
상계역,37.659257,127.073408
중계주공3단지,37.6569324,127.0773101
중계주공2단지,37.657048,127.07783
중계주공4단지,37.65563878,127.0780504
중계주공4단지,37.65414,127.078357
중계1동주민센터,37.65186702,127.0775629
신한은행중계동지점,37.650543,127.077402
기업은행중계동WM센터,37.650735,127.077627
공릉신도2차아파트,37.62541227,127.0715005
노원문화예술회관.불암초등학교,37.65067766,127.0801603
노원문화예술회관.불암초등학교,37.65004819,127.0809178
영신여자고등학교입구,37.64982,127.081118
불암고등학교,37.64850217,127.080575
중계본동주민센터,37.64747397,127.0806838
노원우체국,37.64603243,127.081718
노원우체국,37.64615845,127.0819108
중계본동종점,37.644643,127.083058
중계주공7단지,37.647938,127.079788
중계주공6단지상가,37.64812629,127.0794425
대림벽산아파트,37.647837,127.077428
중계주공6단지,37.648085,127.07758
은행사거리,37.64989,127.076862
대림벽산아파트,37.646757,127.076745
하계역,37.63664,127.068123
하계미성아파트,37.635092,127.068822
서울과학기술대앞,37.63055652,127.0760826
중계주공9단지후문,37.643023,127.0766
중계주공9단지후문,37.64303,127.076223
삼익선경아파트후문.시립과학관,37.639898,127.076359
한신동성아파트.시립과학관,37.640197,127.076093
삼익선경아파트,37.63810845,127.0775271
대진고등학교.하계우방아파트,37.63787606,127.0773942
하계미성아파트.을지병원,37.6365848,127.0694328
하계역,37.63685375,127.0694876
한성여객종점,37.63813,127.070056
한성여객종점,37.63727106,127.070816
상계중앙하이츠2단지,37.65498919,127.0674044
북부여성발전센터앞,37.64326081,127.0623625
그린아파트101동앞,37.6443054,127.061918
대진고등학교,37.63793622,127.0736491
골마을근린공원,37.638345,127.074233
서울온천,37.63936483,127.074308
하계1동주민센터,37.64042632,127.0728303
노원경찰서.혜성여고,37.6420899,127.072526
노원경찰서,37.642018,127.072132
동천학교,37.644083,127.07424
동천학교,37.644076,127.073769
서라벌고등학교,37.645015,127.07474
하계현대아파트,37.64495798,127.0711485
홈플러스중계점,37.640465,127.068993
하계한신청구아파트,37.639192,127.068945
경기기계공업고등학교,37.63092906,127.0740538
한천중학교,37.63094205,127.0734431
하계역,37.636803,127.067613
하계장미아파트,37.63407882,127.0688041
하계2동주민센터,37.6319907,127.0681322
하계2동주민센터,37.631773,127.068115
중평초등학교,37.636602,127.065373
하계극동아파트,37.633833,127.064587
하계시영아파트,37.634055,127.065452
하계우성아파트,37.63514,127.066652
하계장미아파트,37.63492779,127.0669625
중평초등학교,37.636961,127.065006
석계역1번출구,37.615168,127.064818
중계1동신안아파트,37.65125,127.07229
하계5단지아파트,37.63394147,127.0663249
그린아파트101동앞,37.64434339,127.0616415
북부여성발전센터앞,37.64317531,127.0621743
당현초등학교,37.648347,127.058925
상계주공2단지상가,37.650412,127.057071
월계미성아파트,37.62146705,127.0691618
벼루말교,37.61984884,127.0552208
청구빌라.연촌초등학교,37.635092,127.071477
청구빌라.연촌초등학교,37.63528,127.071537
벼루말교,37.61966502,127.0552252
하계1치안센터,37.63311,127.072415
하계1치안센터,37.63294949,127.0722633
월계중학교,37.63005456,127.0511179
염광중학교후문,37.63033662,127.0510739
물류센터,37.61705373,127.0640318
월계역신도브래뉴아파트앞,37.629878,127.059074
태릉입구,37.61833077,127.0786053
석계역1번출구.B,37.614924,127.065202
삼화상운차고지,37.62608628,127.052946
월계동진아교통,37.627735,127.064418
월계동진아교통,37.627618,127.06447
중계본동종점,37.644617,127.082796
한성여객종점,37.637536,127.070635
흥안운수상계4동종점,37.67083422,127.0822757
삼화상운,37.627217,127.05038
유원극동아파트,37.62960157,127.046128
유원극동아파트,37.62967271,127.0462391
월계미륭아파트,37.624038,127.068042
7단지영업소,37.66027786,127.0637357
수락리버시티3.4단지,37.68721,127.052687
7단지영업소,37.65964199,127.0641071
경춘선숲길방문자센터,37.631832,127.070397
월계주공1단지아파트앞,37.62626,127.05156
불암산스포츠타운,37.639013,127.082806
중계본동종점,37.64447649,127.0828808
불암산스포츠타운,37.638684,127.082437
수락현대아파트,37.67463564,127.0602824
서울특별시북부기술교육원,37.64216054,127.0571173
상계8동주민센터,37.666974,127.051943
온곡초등학교,37.66671546,127.0664538
상계역,37.66064423,127.0736492
수락산디자인거리,37.674971,127.057874
상계주공11단지,37.66701776,127.0551197
보람아파트앞,37.66496663,127.06617
노원센트럴푸르지오아파트상가,37.6638676,127.0751188
7호선수락산역,37.675835,127.055857
마들역,37.665561,127.057475
오뚜기슈퍼,37.66437525,127.0727574
상계주공9단지,37.66467109,127.0593675
대동아파트,37.620137,127.072241
또또슈퍼,37.66530677,127.0716044
상계주공14단지,37.67092171,127.0578625
청원고등학교,37.66451702,127.061113
수락산역,37.677823,127.055226
대동택시,37.66588212,127.0708375
14단지상가,37.6697567,127.0595053
상계주공9단지.포레나노원,37.66226492,127.0616938
상계금호어울림아파트입구,37.66659204,127.0695324
상원초등학교,37.668107,127.060307
주유소앞,37.6556172,127.0658942
건민약국앞,37.62501383,127.0719758
노일중학교,37.67253975,127.0546942
한신1차아파트후문,37.66590651,127.0692075
청원고등학교후문,37.66699559,127.0616682
벽산상가,37.63559988,127.0655683
롯데백화점.노원역4번출구,37.65478394,127.0621375
상계1차현대아파트,37.67206214,127.0528007
상계한신1차아파트상가,37.66526601,127.0689224
상계주공13단지,37.66674686,127.0634329
노원역10번출구,37.65664073,127.0644342
노원구청앞,37.653934,127.058277
한신1차아파트정문,37.6654268,127.0682379
보람아파트정문,37.6645549,127.0644308
한신3차아파트,37.66568297,127.0672197
상계주공15단지,37.67063808,127.053617
광운대역,37.62292118,127.061412
청솔7단지아파트,37.63173035,127.0722281
대림아파트105동앞,37.662867,127.073725
상계6동우체국,37.65369891,127.0588726
상신교회,37.66130543,127.0710327
석계역,37.61542163,127.0644586
노원역2번출구,37.656281,127.063159
노원역5번출구,37.65432737,127.0616022
장미6단지아파트,37.63295981,127.0669925
화진연립,37.61588135,127.060756
KT플라자노원점,37.654889,127.063664
중계센트럴파크아파트,37.64379,127.05969
장석교회,37.62426686,127.0509399
교육촌.벼루말,37.621867,127.052674
꿈의숲SK뷰아파트,37.620868,127.053655
석계역문화공원,37.615372,127.064422
꿈의숲SK뷰아파트,37.620879,127.053777
장미5단지아파트,37.63408285,127.066487
당고개역,37.6692446,127.0784856
동신아파트,37.61730405,127.0609645
순복음교회,37.65530988,127.0659778
수락산역,37.68025899,127.055286
하계역,37.635345,127.068366
지에스마트,37.66379083,127.0659762
보람아파트상가,37.66465901,127.0651801
삼창아파트,37.6181959,127.0596523
포레나노원,37.66318582,127.0616934
청솔7단지앞,37.63159604,127.0723073
경춘선숲길방문자센터,37.63161521,127.070405
메디아이산부인과,37.65649154,127.0669717
보람1차후문,37.66210327,127.0656993
상계주공13단지,37.666671,127.063863
노일초교,37.67277346,127.0559096
노일초교앞,37.67358744,127.055255
마들역,37.66514513,127.0574058
마들역,37.66640296,127.0575484
노원역,37.6518335,127.0609915
노원역,37.65295252,127.0612203
중계역,37.6472686,127.0627647
중계역,37.64808494,127.0628447
하계역,37.63504024,127.0688594
하계역,37.63515587,127.0683473
동신아파트,37.61708085,127.0586613
청백아파트,37.63221,127.052348
청백아파트,37.63252842,127.0525502
월계주공2단지앞,37.6292,127.054667
인덕대앞,37.62934,127.054777
청원고등학교,37.66462144,127.0613183
청백아파트종점,37.63555897,127.0524832
롯데캐슬루나아파트,37.62522907,127.0515463
인덕대학,37.62869647,127.0554494
인덕대학,37.62792256,127.0551905
롯데캐슬루나아파트,37.62538597,127.0513039
수락터미널,37.678762,127.053626
상계2동주민센터,37.65804613,127.068271
온곡중학교,37.66042115,127.0653476
청원고등학교후문,37.66707743,127.0619732
화진연립,37.61575067,127.0607955
석계역,37.6152948,127.0639696
마들역,37.664477,127.05686
수락리버시티3.4단지,37.68705601,127.0528499
14단지상가,37.66987825,127.0596913
농협,37.6166562,127.064309
동일초등학교,37.66441243,127.0557934
월계1동주민센터,37.61938599,127.0635603
주공11단지성당,37.664495,127.053488
건민약국앞,37.62524187,127.0718695
상계주공14단지,37.67066368,127.0566789
광운대역,37.62318794,127.0613442
대아아파트,37.622991,127.071166
대주아파트,37.621562,127.071688
7호선수락산역,37.67556944,127.0560307
대동아파트,37.619658,127.0721221
성원아파트,37.6603174,127.0655776
수락산디자인거리,37.67487391,127.057699
공릉초등학교,37.618327,127.072547
보람1차후문,37.66211664,127.0659577
수락현대아파트,37.67434225,127.0595714
하계실버센터,37.633742,127.064896
지에스마트,37.66340778,127.0661459
벽산상가,37.6354312,127.065882
현대우성아파트,37.63703,127.06519
미도아파트앞,37.64479703,127.0608645
상계현대3차아파트,37.67073083,127.0537429
24시편의점,37.66137145,127.0706292
원자력병원입구,37.62736931,127.0775986
상원초등학교,37.667989,127.0606
상원중학교,37.671119,127.05795
노원역8번출구,37.65532,127.059262
서울과학기술대학교정문앞,37.63029274,127.0771009
대학본부앞,37.63212989,127.0787105
붕어방,37.634002,127.07799
대학본부앞,37.63206335,127.0784952
서울과학기술대학교정문앞,37.6311854,127.0775867
중계그린아파트,37.64070167,127.064179
브라운스톤중계,37.64047916,127.0640735
석계역문화공원(북),37.615372,127.064422
당고개역,37.67061702,127.0797113
동막골유원지,37.6751004,127.0866349
상계3.4동주민센터,37.67231586,127.0831809
상계3.4동주민센터,37.67300371,127.083425
상계4동,37.67387919,127.0844988
동막골유원지,37.67522759,127.0864366
덕은교.은평차고지앞,37.58958074,126.8840903
덕은교.은평차고지앞,37.58919899,126.8848376
수색교,37.585759,126.888672
수색교,37.584698,126.89018
수색역앞,37.58322303,126.893238
수색역앞,37.583047,126.894103
디지털미디어시티역,37.579047,126.900505
디지털미디어시티역,37.578622,126.901345
은평뉴타운10단지,37.642948,126.915165
은평뉴타운10단지,37.643407,126.91373
구파발역입구,37.636164,126.917023
구파발역입구,37.637116,126.916837
박석고개.신도고등학교,37.629919,126.919374
박석고개.신도고등학교,37.63108727,126.919061
세명컴퓨터고등학교,37.62421479,126.9199735
세명컴퓨터고등학교,37.62528259,126.9199961
연신내역.연서시장,37.6183599,126.9218398
연신내역.연서시장,37.61925805,126.9210382
동명여고.천주교불광동성당,37.61560299,126.9250457
동명여고.천주교불광동성당,37.61618535,126.9240393
불광역3.6호선,37.6119113,126.9287979
불광역3.6호선,37.61244739,126.9281552
불광역3호선.서울혁신파크,37.60865,126.931625
불광역3호선.서울혁신파크,37.609067,126.931067
한전서대문은평.북한산푸르지오,37.60555327,126.9343059
한전서대문은평.북한산푸르지오,37.606093,126.933807
녹번역,37.60186197,126.935322
녹번역,37.60243491,126.9350486
불광역1번출구,37.61008793,126.9304603
불광역3.6호선,37.61248358,126.9283886
동명여고,37.616295,126.924228
연신내역,37.61819251,126.9221617
선일하이츠빌라,37.62279,126.919943
세명컴퓨터고등학교,37.62574865,126.9202811
구파발역2번출구,37.636768,126.918989
구파발역.롯데몰,37.637248,126.918577
구파발역.롯데몰,37.637246,126.918533
박석고개,37.62623738,126.9198716
신한은행갈현지점,37.62384696,126.9196884
연신내역,37.617346,126.92256
동명여고,37.61597708,126.9240648
불광역3.6호선,37.612663,126.927845
불광역4번출구,37.609758,126.930336
녹번역,37.601187,126.933176
은평구청,37.60142755,126.9304072
은평세무서,37.60139985,126.9263379
본서부병원,37.6009,126.9238
신진과학기술고교.이마트은평점,37.59985981,126.9185107
응암역신사오거리,37.599036,126.914866
응암역신사오거리,37.59875925,126.9149894
신진과학기술고교.이마트은평점,37.59953765,126.9186296
본서부병원,37.60055018,126.9235788
은평세무서,37.60122164,126.926653
은평구청,37.601197,126.930393
녹번초등학교.은평세무서,37.60283911,126.9261579
역촌역.역촌오거리,37.60695709,126.9224758
삼성타운,37.60870329,126.920971
구산역1번출구.예일여고,37.61085228,126.91818
역촌중앙시장,37.612813,126.914718
구산사거리,37.613613,126.912487
선진운수종점,37.614342,126.910458
선정중고등학교,37.615836,126.908392
서울경찰청86.87기동대.우남아파트,37.618049,126.906434
서울경찰청86.87기동대.우남아파트,37.61852843,126.9058308
선정중고등학교,37.615714,126.90808
선진운수종점,37.613895,126.910862
구산사거리,37.61324062,126.9125387
역촌중앙시장,37.612525,126.914677
구산역2번출구.예일여고,37.6107738,126.9177586
하나은행역촌동지점,37.60926765,126.9200382
역촌역.역촌오거리,37.60657407,126.9224015
녹번초등학교.은평세무서,37.60366617,126.925031
응암초등학교,37.58707937,126.921124
은평문화예술정보학교,37.588893,126.918898
응암오거리,37.59073618,126.9165522
신사초등학교,37.59313992,126.9135452
신사동고개사거리,37.596033,126.909871
신사동고개사거리,37.59560713,126.9099683
신사초등학교,37.59335837,126.9128485
응암오거리,37.59073228,126.9161468
은평문화예술정보학교,37.588822,126.918622
응암초등학교,37.587477,126.920307
대림시장,37.5878269,126.9165436
대림시장,37.58868474,126.9170369
응암역.신사오거리,37.59793582,126.9152248
신흥시장,37.59540149,126.914564
새절역,37.59118719,126.9134546
와산교,37.58788955,126.9126986
증산종합시장.증산중학교입구,37.580827,126.90615
증산종합시장.증산중학교입구,37.5805913,126.9063881
증산역.증산동주민센터,37.583681,126.9096815
와산교,37.58809438,126.9130845
새절역.숭실고입구,37.591681,126.913892
신흥시장,37.59540173,126.9148958
응암역.신사오거리,37.5981073,126.9156062
역촌초등학교,37.60218144,126.9160547
역말사거리,37.60614947,126.9155586
구산역2번출구.예일여고,37.60995121,126.9169034
구산역1번출구,37.61165831,126.9175369
대조동주민센터,37.61407259,126.9179364
연신내역.로데오거리,37.61782072,126.9199962
연서시장,37.61924256,126.9225911
종로약국,37.62037654,126.9246381
불광지구대,37.62177458,126.9267891
북한산대창센시티아파트,37.62480706,126.9288095
은평경찰서,37.62763236,126.9294752
폭포동,37.630715,126.931032
신도중학교,37.63334827,126.9315291
은평노인종합복지관.신도중학교,37.632495,126.931533
폭포동.은평노인종합복지관,37.63138267,126.9310069
은평경찰서,37.628117,126.929277
연신초등학교,37.62562342,126.9287702
불광지구대,37.6218555,126.9265058
새장골유래비,37.62051965,126.9243797
연서시장,37.61959665,126.9225341
연신내역.로데오거리,37.61801332,126.919655
은평연세병원,37.61474,126.917738
구산역4번출구,37.611892,126.917187
구산역3번출구.예일여고,37.610497,126.916776
역말사거리,37.60621045,126.9151429
역촌초등학교,37.60279293,126.9155726
응암역2번출구,37.60042148,126.9158607
신사동고개.은평지역자활센터,37.59841333,126.9102537
서울기독대학교입구,37.60143748,126.9103848
시립서북병원세현교회앞,37.60614586,126.9106589
구산중학교.구산교회,37.608955,126.91102
구산동주민센터.구산치안센터,37.61138,126.911363
구산동주민센터.구산치안센터,37.612207,126.91129
구산중학교.구산교회,37.6088024,126.9108336
시립서북병원세현교회앞,37.60601686,126.9104597
서울기독대학교입구,37.60203208,126.9102267
우남교통,37.59976667,126.9101252
신사동고개.은평지역자활센터,37.59860061,126.9100666
갈현1동주민센터,37.62396759,126.916924
한일탕,37.62608257,126.9184103
한일탕,37.62614948,126.918749
갈현1동주민센터,37.62324681,126.9170449
불광롯데캐슬아파트,37.6130745,126.9320721
진관초교입구,37.64690517,126.9258465
푸르지오625동앞.관음사입구,37.648985,126.928667
삼천리골입구56사단북한산부대,37.65034464,126.9351168
백화사,37.65355093,126.9389595
흥국사,37.65676212,126.9420102
북한산성입구,37.6580874,126.9453652
북한산성입구,37.65818741,126.9453413
흥국사,37.657265,126.94219
백화사,37.65374469,126.9390035
삼천리골입구56사단북한산부대,37.650083,126.933315
진관초교관음사입구,37.64777354,126.926869
푸르지오618동앞.관음사입구,37.649682,126.929232
진관중고교약수사입구,37.64570265,126.9236855
응암2동주민센터,37.59592455,126.9236016
응암2동주민센터,37.595649,126.923082
이마트.은평점,37.600054,126.918586
서부경찰서,37.601367,126.920592
해주드림빌APT,37.60416705,126.9220665
역촌역.역촌오거리,37.60680159,126.9232432
대조시장앞,37.60865551,126.9265165
양광교회앞,37.60846194,126.9282418
불광역.불광1동주민센터,37.60909599,126.9322904
독박골.북한산래미안APT앞,37.61051296,126.9397955
구기터널입구,37.610411,126.944938
구기터널입구,37.61075195,126.9457747
독박골.북한산래미안APT,37.61074354,126.9396027
불광역.불광1동주민센터,37.6095287,126.9326083
양광교회,37.60854527,126.9289519
대조시장,37.608786,126.926162
역촌오거리,37.6076555,126.9239679
역촌역1번출구,37.60524067,126.9221735
서부경찰서,37.602018,126.920548
이마트.은평점,37.600238,126.918138
응암1동주민센터,37.600152,126.926767
영락중학교입구,37.597337,126.92434
시립은평병원,37.5932,126.922968
백련산힐스테이트4차,37.590011,126.922674
충암고교앞.대주피오레아파트,37.58684583,126.922653
충암고교앞.대주피오레아파트,37.58695679,126.9228521
백련산힐스테이트2차,37.59031336,126.9228702
시립은평병원,37.593283,126.923127
영락중학교입구,37.59690926,126.9241657
응암1동주민센터,37.60039648,126.9270456
한솔아파트입구선정중학교후문,37.61579605,126.913707
갈현동미미아파트,37.618203,126.9151519
선일여고입구,37.61934237,126.9157125
갈현동성당앞,37.62079464,126.9165922
갈현동성당앞,37.62054,126.916227
선일여고입구,37.619392,126.915519
갈현동미미아파트,37.61818573,126.9149435
한솔아파트입구선정중학교후문,37.61607813,126.9137542
불광역9번출구.불광초등학교,37.611288,126.930517
불광대호아파트,37.614479,126.93247
불광1동공동주차장앞,37.615697,126.933002
불광1치안센터.독바위역,37.617356,126.933141
수리초등학교입구,37.619248,126.932557
북한산수자인아파트,37.62168061,126.9316656
불광중학교,37.622872,126.930952
북한산대창센시티아파트,37.62372824,126.9299355
북한산대창센시티아파트,37.62384883,126.9296816
불광중학교,37.62250072,126.9310525
북한산수자인아파트,37.621045,126.931655
수리초등학교입구,37.619092,126.932512
불광1치안센터.독바위역,37.617938,126.933077
불광1동공동주차장앞,37.6163,126.932728
불광대호아파트,37.614533,126.932333
불광초등학교,37.61157019,126.9304574
신사동고개사거리,37.59561942,126.9103319
백련산SK뷰아이파크아파트,37.595846,126.919156
서부경찰서후문,37.60243264,126.9223367
신진과학기술고등학교,37.59791,126.920325
응암시장,37.5943145,126.9179796
서서울농협본점,37.59344415,126.9181312
신진과학기술고등학교,37.59782247,126.9206733
서부경찰서후문,37.60186953,126.9226456
디지털미디어시티역,37.579265,126.900601
수색역,37.581891,126.896196
덕은교.은평차고지앞,37.58859448,126.8856592
덕은교.은평차고지앞,37.58996113,126.8834469
수색교,37.585563,126.88869
수색119안전센터,37.5834692,126.8924281
수색역,37.58072521,126.8972984
디지털미디어시티역,37.57827045,126.9012939
수색초등학교,37.58389645,126.897645
e편한세상수색에코포레,37.58587113,126.900207
은평터널앞,37.59161298,126.9058342
e편한세상수색에코포레,37.58610186,126.900269
수색초등학교,37.5844411,126.8978676
새마을금고앞,37.588999,126.911854
새마을금고앞,37.58872192,126.9123692
미성아파트앞,37.589962,126.910122
미성아파트앞,37.58972408,126.9101747
상신중학교앞,37.590611,126.906454
상신중학교앞,37.590528,126.906192
숭실고입구,37.591947,126.906391
현대아파트앞,37.593711,126.907944
현대아파트앞,37.593637,126.907713
신사사거리,37.59567935,126.9089728
신사사거리,37.59572609,126.9088142
동명여고후문,37.61339654,126.92432
동명탕앞,37.61137753,126.9220488
하나은행역촌동지점,37.6083362,126.9204238
충북슈퍼앞,37.60598439,126.9178318
역촌동주민센터,37.605725,126.914828
제각말5단지.은평뉴타운도서관,37.638398,126.93551
제각말5단지.은평뉴타운도서관,37.63673615,126.9344375
연신초등학교,37.625899,126.92919
증산역.증산동주민센터,37.58375461,126.9093224
연신초등학교.연신내성당,37.626872,126.929043
신사동고개,37.59816326,126.9108259
시립서북병원,37.60468944,126.9103118
신사동고개,37.59776699,126.909917
녹번역,37.600877,126.934225
시립서북병원,37.605176,126.910563
구산동사거리,37.61427123,126.9122339
구산동사거리,37.614367,126.912121
역촌동성당,37.60556,126.912148
역촌동성당,37.60573728,126.9125362
호림아파트앞,37.60915193,126.9208187
은평권역공영차고지,37.591459,126.884374
응암정보도서관,37.586568,126.919898
응암정보도서관,37.58674957,126.9201891
서울중앙교회앞,37.58523704,126.9181435
우성공인중개사,37.58504291,126.9188764
응암오거리,37.59085922,126.9159858
갈현노인복지센터,37.624722,126.9172143
녹번동대림JR아파트앞,37.599268,126.937212
연서중학교입구,37.58622944,126.9122782
연서중학교입구,37.58617137,126.911754
지축교앞,37.645043,126.917493
지축교앞,37.6448504,126.919686
진관중고교약수사입구,37.64516063,126.922962
응암3동주민센터,37.5911611,126.9173132
롯데캐슬823동앞,37.64207273,126.9217561
진관중고교.약수사앞,37.64341084,126.923136
아이파크701동앞,37.64604512,126.9280934
푸르지오621동앞,37.648436,126.930478
진관초교앞,37.64627,126.9294
생태공원앞,37.64407499,126.9289702
진관중고교.약수사앞,37.643627,126.924132
래미안909동앞,37.64115349,126.9215474
하나고.삼천사.진관사입구,37.641815,126.938408
응암3동주민센터,37.59162906,126.917696
입곡삼거리,37.649733,126.936408
입곡삼거리,37.651691,126.937378
아이파크709동앞,37.64485753,126.9266769
은진초교입구.은뜨락도서관,37.63076,126.9208
은진초교입구.은뜨락도서관,37.63101951,126.9209179
은평구민체육센터앞,37.631421,126.922569
은평구민체육센터앞,37.631655,126.923248
신도초중교입구.한국고전번역원,37.631487,126.925337
신도초중교입구.한국고전번역원,37.63156312,126.9269041
은평성모병원,37.633809,126.917492
아이파크714동앞,37.644767,126.926202
푸르지오604동앞,37.647765,126.930083
푸르지오614동앞,37.649745,126.931495
아이파크708동앞,37.645634,126.92713
진관동주민센터.은평우체국,37.634545,126.919781
진관동주민센터.은평우체국,37.634698,126.91982
동부센트레빌324동앞,37.634163,126.924645
두산위브253동앞,37.634275,126.923168
동부센트레빌320동앞,37.63408976,126.9278047
신도초교.은평메디텍고등학교,37.634313,126.929245
하나고.삼천사.진관사입구,37.64176436,126.9381068
두산위브205동앞,37.63426686,126.9262624
래미안922동앞,37.64408,126.921341
롯데캐슬820동앞,37.64400182,126.9215693
진관공영차고지,37.64672726,126.9079339
진관공영차고지,37.64666583,126.908116
기자촌11단지앞,37.634757,126.93258
수국사입구,37.616775,126.906785
응암초교.백련산힐스테이트3차,37.5887751,126.9227144
신도초교.은평메디텍고등학교,37.634092,126.930538
응암초교.백련산힐스테이트3차,37.588335,126.922555
녹번센트레빌아파트,37.59879995,126.9259022
녹번센트레빌아파트,37.59915953,126.9259811
선진운수종점,37.614378,126.909608
기자촌사거리,37.634432,126.932131
갈현중앙시장,37.623464,126.918397
갈현중앙시장,37.62328419,126.9189696
덕산중학교.씨티아파트,37.6001888,126.9045107
덕산중학교.두산위브아파트,37.60037156,126.9045805
대성중.고등학교,37.62224184,126.9113648
시립은평병원.파크자이아파트,37.593376,126.921958
경향파크아파트,37.60981269,126.9064059
12번지건영아파트,37.629087,126.913999
상신초교.두산.한신아파트,37.59950075,126.9060258
선일여고.빅데이터고,37.62051343,126.9127522
신비로마트,37.59350809,126.920713
대동슈퍼,37.60914539,126.9069187
미미슈퍼,37.62869653,126.9144806
신사1동경로당,37.60110474,126.9065878
미니마트,37.62614368,126.9131286
미미아파트,37.61932984,126.9145752
응암시장입구,37.59385073,126.9184082
구산근린공원.GS편의점,37.60784425,126.9081005
충남슈퍼,37.62818887,126.915238
라이프씨티후문.광성교회,37.60195712,126.9065369
후레쉬유통,37.6252521,126.915051
갈현초교.로데오거리,37.61830173,126.9171433
구산마트,37.60751496,126.9099347
신창슈퍼,37.62753988,126.9162131
역촌센트레빌,37.60364407,126.906673
그린마트,37.62458677,126.9158414
연신내역.물빛공원,37.617937,126.920064
금호아파트,37.59914588,126.9215938
엔에스아파트,37.60740099,126.9129601
대한슈퍼,37.62649161,126.917039
천사원입구.서북병원,37.60460596,126.9072233
갈현1동주민센터,37.6237008,126.9168212
서부경찰서후문,37.60115771,126.9225034
미주아트빌,37.60736064,126.914462
한일탕,37.6258625,126.9181149
GS편의점.제일영광교회,37.60387343,126.9088695
은평세무서,37.602627,126.92665
동아문구,37.62506533,126.9172321
역촌노인복지관,37.60290228,126.9110909
불광보건소,37.62122638,126.9276959
은평문화예술회관,37.60365783,126.9275532
구산전철역,37.61078887,126.9176987
갈현1동주민센터,37.62379817,126.9169038
역촌초등학교후문,37.60216577,126.9130783
금강골드,37.62203968,126.9300583
현대아파트,37.60520223,126.9289335
삼성아파트후문,37.60945411,126.9212919
우리들약국,37.60232708,126.9155822
불광중학교,37.62231181,126.9315965
삼거리,37.60602699,126.9308933
동명탕,37.61137046,126.9222595
갈현1동주민센터,37.62381347,126.9168721
불광동팀수양관,37.62258154,126.9337169
서울혁신파크,37.60643385,126.9332873
동명여고후문,37.6134048,126.9245556
그린마트,37.62458694,126.9160804
불광중학교,37.6225288,126.9315479
녹번전철역,37.601652,126.935223
대조동우체국,37.613091,126.926633
하나은행역촌지점,37.60824333,126.9203621
후레쉬유통,37.62522167,126.9153286
금강골드,37.622154,126.930021
불광전철역,37.609785,126.930403
갈헌1동주민센터,37.62346677,126.9171783
미니마트,37.62606454,126.9133371
불광보건소,37.62147507,126.9277285
양광교회앞,37.60855244,126.9288805
갈현노인복지센터,37.62497081,126.9173681
석광사,37.62647062,126.9117132
한일탕,37.62574907,126.9182679
연신내역.물빛공원,37.61794841,126.9196188
서강스카이빌,37.59963787,126.9215786
금원빌라,37.627308,126.918217
갈현초교.로데오거리,37.61838918,126.9172044
영진빌라,37.628026,126.91723
미미아파트,37.61948361,126.9147744
응암시장입구,37.59363405,126.9191082
일진빌라,37.628647,126.916511
선일여고.빅데이터고,37.620586,126.912867
신비로마트,37.59346548,126.9203269
미주아트빌,37.60747628,126.9148764
미곡빌라,37.6292,126.91571
시립은평병원.파크자이아파트,37.593162,126.922315
엔에스아파트,37.60751467,126.9131548
양지빌라,37.62871042,126.9149121
구산마트,37.60761595,126.9100252
구파발역.롯데몰,37.637573,126.918503
하나은행역촌지점,37.60835493,126.9201615
구산근린공원.GS편의점,37.60782655,126.9085219
은평마을,37.6081355,126.9071997
대동슈퍼,37.60916806,126.9070931
우리들약국,37.60242076,126.9155447
역촌초등학교후문,37.60226576,126.9130431
역촌노인복지관,37.60300769,126.9110704
GS편의점.제일영광교회,37.60391258,126.9089627
천사원입구,37.60471143,126.907281
역촌센트레빌,37.60361152,126.9065348
라이프씨티아파트후문.광성교회,37.60199847,126.9063998
신사1동경로당,37.60105595,126.9064259
은평공영차고지(가상),37.59133871,126.8832625
연신내역6번출구,37.61879413,126.92061
상신초교.두산.한신아파트,37.59962586,126.9063507
청구성심병원후문,37.62032351,126.9193773
역촌역,37.605524,126.923438
역촌역,37.60496984,126.9219467
응암역,37.59768167,126.9151515
응암역,37.59790006,126.9156178
새절역,37.59113671,126.9134207
새절역,37.59166969,126.914027
증산역,37.58372792,126.9097618
증산역,37.58381863,126.9093756
연갈현공판장후문,37.62319418,126.9191125
삼성래미안아파트,37.611396,126.937962
현대힐스테이트1차정문,37.612018,126.937086
현대힐스테이트1차후문,37.6122743,126.9358352
현대홈타운아파트,37.61212059,126.9332607
불광역9번출구,37.61105196,126.9302407
현대홈타운아파트,37.61197645,126.9333186
현대힐스테이트1차후문,37.61241187,126.9352812
현대힐스테이트1차정문,37.612039,126.93671
삼성래미안아파트,37.61109144,126.9380065
힐스테이트302동앞,37.58834248,126.9253747
힐스테이트116동앞,37.58962985,126.9249092
서울연은초등학교,37.59074784,126.9245151
힐스테이트1단지정문앞,37.59150368,126.9242437
힐스테이트상가앞,37.59284028,126.9232775
힐스테이트2단지후문앞,37.59200723,126.923985
서울연은초등학교,37.59054055,126.9244417
힐스테이트212동앞,37.58949372,126.924821
힐스테이트302동앞,37.588117,126.925316
태평양약국,37.593111,126.917828
국민은행,37.58980363,126.9166597
풍림아그네스앞,37.60300682,126.9186054
역촌유치원입구,37.60416101,126.9184603
새생명약국앞,37.60602249,126.9182216
새생명약국앞,37.60595841,126.9180755
역촌유치원입구,37.60414738,126.9182961
풍림아그네스앞,37.60294994,126.9184492
대림e편한세상1단지,37.612225,126.906143
대림e편한세상2단지,37.61283331,126.9066309
현대아파트입구,37.61333774,126.9064105
임창빌라,37.613632,126.907981
온누리약국,37.61431129,126.9091981
G캐슬아파트,37.61520594,126.9150772
길마어린이공원,37.61480115,126.9160552
길천사우나,37.61429017,126.9172395
대림모터스,37.61450066,126.9180073
연서시장,37.619575,126.921011
청구성심병원,37.62102993,126.9193323
아름다운교회,37.616314,126.918541
길마어린이공원,37.614929,126.91616
G캐슬아파트,37.615245,126.915376
한솔아파트입구,37.61584215,126.913895
온누리약국,37.61439334,126.9092716
임창빌라,37.61374835,126.9083379
현대아파트입구,37.61345948,126.906535
대림e편한세상2단지,37.61277644,126.9065109
대림e편한세상1단지,37.612291,126.906101
와산교,37.58888545,126.9141943
서울정형외과,37.59528821,126.9187565
벧엘블래스빌,37.59540338,126.9185163
숭실고등학교,37.592443,126.903749
숭실고등학교입구,37.592284,126.905843
서신초교.내를건너서숲으로도서관,37.59165038,126.9074274
삼거리.명진아파트,37.590419,126.910658
안디옥교회.새절역,37.590379,126.91301
신사초등학교.새절역,37.59316459,126.9134794
상신초등학교입구,37.59673508,126.9080526
행운슈퍼,37.5958756,126.9059418
상신초교후문.산새마을종점,37.59686169,126.9051264
행운슈퍼,37.59591,126.905852
상신초등학교입구,37.5966,126.90848
새절역,37.59123547,126.9134734
삼거리.명진아파트,37.5905859,126.9104975
서신초교.내를건너서숲으로도서관,37.591809,126.907347
숭실고등학교입구,37.59242,126.905773
경남아너스빌.서북병원,37.6048442,126.9055113
힐스테이트상가,37.592643,126.923802
서부중앙교회,37.589092,126.922394
응암초등학교,37.58937642,126.9212382
성암문구사거리,37.58970267,126.9200406
응암감리교회대림시장앞,37.588801,126.918663
응암동성당,37.58904061,126.9195323
성암문구사거리,37.58957428,126.9200062
응암초등학교,37.589164,126.921364
백련산힐스테이트2차앞,37.58935,126.922784
백련산힐스테이트2차상가앞,37.591972,126.923008
은평세무서음식문화거리,37.60204435,126.9251391
은평여성인력개발센터,37.607211,126.932141
대조시장.NC백화점,37.60951756,126.9278361
행정연구원건너편,37.609607,126.936464
파크자이105동앞,37.591968,126.92292
브라운스톤빌앞,37.59054374,126.9124578
구파발(가상),37.63484804,126.919089
6번지입구,37.62686866,126.9190319
북가좌동삼거리,37.57544638,126.9045265
북가좌동삼거리,37.575143,126.905143
DMC래미안e.편한세상요진아파트,37.57167752,126.9096099
DMC래미안e.편한세상요진아파트,37.571577,126.910313
모래내시장.가좌역,37.56907741,126.9150628
모래내시장.가좌역,37.569862,126.913786
사천교,37.567558,126.918153
연희104고지앞.구성산회관,37.566285,126.925081
연희104고지앞.구성산회관,37.56635703,126.9257861
서대문우체국,37.561955,126.931992
서대문우체국,37.56253262,126.9314621
연세대앞,37.559959,126.935341
연세대앞,37.56015691,126.9354996
세브란스병원앞,37.55996746,126.9384507
세브란스병원앞,37.5601326,126.9389237
이대후문,37.56260018,126.9433012
이대후문,37.5630635,126.9436484
동교동삼거리,37.55776469,126.9295196
신촌오거리.현대백화점,37.5559834,126.9345038
신촌오거리.2호선신촌역,37.555731,126.938693
이대역,37.55687557,126.9472705
산골고개,37.59530182,126.9399957
산골고개,37.59496464,126.9404876
홍제역.서대문세무서,37.58849083,126.9443653
홍제역.서대문세무서,37.58784339,126.9453226
홍제삼거리.인왕산한신휴플러스,37.58520705,126.9478427
무악재역,37.58315431,126.9498098
무악재역,37.58186521,126.9506553
안산초등학교,37.580686,126.951572
독립문역.한성과학고,37.57468891,126.9575775
독립문역.한성과학고,37.575642,126.95656
영천시장,37.56993913,126.962533
영천시장,37.56951594,126.9631797
서대문역,37.56647453,126.96583
경찰청.동북아역사재단,37.56247642,126.9692243
인왕산.홍제원아파트,37.58439651,126.9488624
웨딩타운,37.55724,126.952552
아현역,37.557396,126.956889
충정로역,37.560855,126.963315
충정로역,37.55984298,126.962471
서대문역사거리,37.565579,126.966565
모래내시장.가좌역,37.569921,126.913963
사천교,37.56808209,126.9175934
연희104고지앞.구성산회관,37.566297,126.92421
연희104고지앞.구성산회관,37.56655,126.924998
서대문우체국,37.56323,126.930445
서대문우체국,37.56300102,126.9311629
연세대학교앞,37.55982,126.935305
연대앞,37.560453,126.934836
세브란스병원,37.55986802,126.9378407
세브란스병원,37.560268,126.939242
이대부중,37.56221616,126.9429925
이대부중,37.56364405,126.944163
이대부고,37.565531,126.946423
이대부고,37.56631776,126.946476
홍은동동부센트레빌,37.596757,126.938705
산골고개,37.59506873,126.9405746
홍은사거리.북한산더샵아파트앞,37.592378,126.941265
홍제우체국,37.586895,126.946047
영천시장,37.57022,126.962027
금화초등학교.서울시교육청,37.56790142,126.964326
충정로역2호선,37.55961127,126.9640266
이대역,37.556982,126.946575
신촌기차역입구,37.55680821,126.9438433
신촌역2호선,37.556188,126.93964
신촌아트레온,37.55650963,126.940788
동교동삼거리연희동방면,37.55865826,126.9274995
연세로.명물거리,37.558149,126.936975
연세로.스타광장,37.55641,126.936767
연희동대우아파트,37.56262335,126.9279552
연희교차로,37.5657,126.930163
연희교차로,37.565947,126.930035
연희3거리,37.56786646,126.9319225
연희3거리,37.567933,126.93161
한성화교중고교.서대문소방서,37.57230089,126.9354133
한성화교중고교.서대문소방서,37.57247739,126.9352093
서대문자연사박물관입구,37.575177,126.935406
서대문자연사박물관입구,37.575229,126.935243
서대문구청.보건소.구의회,37.57824484,126.936066
서대문구청.서대문구의회,37.57861597,126.9358426
동신병원,37.58083,126.93601
서대문구보건소별관,37.582662,126.936284
정원여중,37.58624953,126.9349879
정원여중.스위스그랜드호텔,37.587662,126.93526
홍은현대아파트.스위스그랜드호텔,37.588639,126.936427
홍은현대아파트,37.590057,126.938345
유진상가,37.591753,126.942865
유진상가,37.59218,126.943133
문화촌현대아파트,37.59225,126.946542
문화촌현대아파트,37.592652,126.946808
서울여자간호대학교.홍은초등학교,37.59610722,126.9492224
서울여자간호대학교.홍은초등학교,37.59564203,126.9487052
유원하나아파트,37.59588428,126.9526777
유원하나아파트,37.59574,126.952061
홍지문.옥천암,37.59657241,126.9565922
홍지문,37.59691,126.956263
북가좌2동주민센터,37.579833,126.911478
북가좌2동주민센터,37.58029965,126.9114609
KT가좌지사,37.58204,126.913138
KT가좌지사,37.582861,126.913399
동도하이츠아파트,37.58467706,126.9150179
동도하이츠아파트,37.58490125,126.9147685
DMC.파크뷰자이,37.573861,126.916234
삼성래미안2차아파트,37.57125,126.913812
모래내삼거리,37.570778,126.913295
DMC래미안e.편한세상2.4단지,37.5767409,126.9109918
모래내우체국.증가교회,37.576322,126.911825
북가좌삼호.DMC아이파크아파트,37.57526844,126.91331
북가좌삼호.DMC아이파크아파트,37.57553,126.913058
DMC센트레빌아파트,37.575307,126.915772
DMC파크뷰자이.별동상가,37.575188,126.916089
래미안루센티아.DMC쌍용,37.575566,126.918536
명지대사거리,37.577378,126.920981
DMC에코자이아파트,37.57643359,126.9195565
DMC센트럴아이파크아파트,37.578217,126.921853
명지대,37.57913668,126.9235486
명지대,37.579882,126.924292
명지대삼거리,37.580957,126.926105
명지대삼거리,37.58127045,126.9263634
고은초등학교.홍제센트럴아이파크,37.58522994,126.9446994
신연중학교서대문도서관,37.58395753,126.9408336
백련교,37.58290066,126.9375486
서대문문화체육회관입구,37.5814082,126.9353907
홍연2교두산아파트앞,37.57842123,126.9308803
홍남교,37.576642,126.927497
연가교,37.57256143,126.9221821
연희파크푸르지오앞,37.57574802,126.9280833
홍연시장,37.577128,126.930688
연희홍연아파트,37.57799767,126.9323548
서대문구청,37.57905066,126.9348719
남가좌현대아파트,37.57491757,126.9218592
신촌기차역,37.558777,126.94245
신촌기차역,37.558355,126.94293
증산교앞,37.57803995,126.9048029
연희지하차도,37.577152,126.932553
연희지하차도,37.577503,126.932202
홍연2교현대교통종점,37.578217,126.929983
홍연2교현대교통종점,37.578402,126.930207
명지대입구.서울무용센터,37.580847,126.927408
명지중고등학교,37.58256,126.925698
명지중고등학교,37.582933,126.925685
명지전문대.충암중고등학교,37.584667,126.923595
명지전문대.충암중고등학교,37.584668,126.923958
연희동자치회관,37.569517,126.931267
연희동자치회관,37.56974757,126.9312959
서대문구보훈회관,37.5717018,126.9293639
서대문구보훈회관,37.57183076,126.929537
홍남교.서대문두바퀴환경센터,37.57464,126.926983
홍남교.서대문두바퀴환경센터,37.574885,126.927027
백련시장,37.57664696,126.9249301
백련시장,37.577092,126.924702
명지대사거리.우리은행,37.577431,126.922584
명지대사거리국민은행앞,37.577607,126.922413
연가초교.DMC래미안클라시스,37.57911895,126.9172943
연가초.연희중.래미안클라시스,37.578957,126.918066
북가좌사거리,37.581185,126.914667
북가좌사거리,37.58183799,126.9141425
북가좌119안전센터,37.5827921,126.9125104
북가좌119안전센터,37.583448,126.912037
충정로역5호선,37.561714,126.964018
미동초등학교,37.5631581,126.9644505
DMC한양아파트,37.57649,126.90852
북가좌초교·DMC현대아파트,37.5767876,126.9084365
독립문역,37.575418,126.956433
서대문경찰서,37.563413,126.968395
충정로역2호선,37.55972126,126.964211
연가교,37.572816,126.92215
명지대입구.신원지벤스타,37.580458,126.928147
현대백화점,37.55666649,126.9330023
서대문종합사회복지관,37.57125972,126.9200245
서대문종합사회복지관,37.57096334,126.9201437
홍남교백련시장입구,37.57528557,126.925184
북가좌초교사거리,37.57872634,126.9102547
북가좌초교사거리,37.578365,126.910333
은가어린이공원구150번종점,37.58293397,126.9196203
증산교앞,37.578309,126.904788
DMC두산위브아파트,37.5805575,126.9153237
DMC두산위브아파트,37.580345,126.915942
독립문공원.극동아파트,37.57185289,126.9593191
봉원동사거리,37.56686112,126.9464767
봉원사,37.570102,126.946105
봉원사,37.570109,126.94611
봉원동사거리,37.56679635,126.9467009
삼호아파트,37.57149,126.95941
서부운수기점,37.581632,126.910257
중소기업은행,37.582257,126.912993
봉원사길,37.56835402,126.9460172
봉원사길,37.568603,126.94611
연세로.문학의거리,37.55626,126.937003
독립문역.서대문형무소역사관,37.57639384,126.9553087
독립문공원,37.57648752,126.9552249
남가좌동현대아파트후문,37.5739821,126.9189767
남가좌동현대아파트후문,37.5744343,126.9187611
산골고개,37.594833,126.940303
DMC래미안e-편한세상3단지,37.57516613,126.906764
DMC래미안e-편한세상3단지,37.57504742,126.9070551
연흥교회,37.572607,126.921163
홍제역4번출구,37.58937328,126.9430828
남가좌동새마을금고,37.574429,126.917304
국립대한민국임시정부기념관,37.57583,126.953572
독립문파크빌,37.57457769,126.9518579
두산아파트,37.578768,126.932058
DMC.파크뷰자이,37.573768,126.916328
아현가구단지,37.55866131,126.9608924
DMC쌍용.래미안루센티아,37.575594,126.91881
독립문(가상),37.572263,126.960083
정원슈퍼,37.58643602,126.9317244
홍은동국민주택,37.605675,126.949851
백련사,37.58483559,126.9285294
풍진베이스타운.안산자락길입구,37.582426,126.943324
개미마을,37.58979768,126.9539148
두산아파트,37.55912016,126.9492611
북아현삼거리,37.56480507,126.9529748
궁동근린공원입구,37.56957653,126.9241991
뜨란채아파트101동,37.56583701,126.9587733
삼성빌라,37.5956,126.933839
소공원,37.58633645,126.9325183
풍림.극동아파트,37.603637,126.949474
명지고후문,37.58410695,126.9290895
명진아트빌라,37.58281454,126.9436822
홍은초등학교,37.59688983,126.9503226
삼거리연탄가게,37.59049155,126.9533843
초원약국,37.55977108,126.9500338
추계초등학교,37.5635916,126.9541935
궁동근린공원회관,37.57094333,126.9253683
서서울농협홍은지점.동신병원,37.580977,126.936114
뜨란채아파트.노인복지관,37.5680673,126.9590155
금화장오거리,37.564363,126.9592915
미성아파트,37.59328945,126.9344643
삼성그린빌,37.58697091,126.9326751
팔각정,37.58329932,126.930167
고은초교삼거리,37.58431223,126.943852
문화촌주유소,37.59527,126.948602
버드나무가게,37.59103651,126.9528846
신촌푸르지오1단지후문.힐스테이트신촌,37.560852,126.951642
새마을금고,37.56311969,126.9548741
서대문지역자활센터,37.57212343,126.9262762
산경아파트,37.568526,126.960299
경기대후문,37.56391498,126.9614459
홍은중학교,37.59233618,126.934601
동원빌라,37.58705416,126.9332967
포방공영주차장,37.60088916,126.9489372
서대문문화체육회관,37.58122878,126.9319953
성원아파트,37.58423243,126.9427866
홍은사회복지관별관,37.594174,126.948048
금강빌라.인왕중학교,37.5918228,126.9519918
중앙여고,37.56222156,126.9555538
홍제초등학교,37.592238,126.9434056
천연동마을금고,37.56843847,126.9614503
미동초교,37.56427381,126.9649492
차고앞,37.5917254,126.9348869
싸이버아파트,37.58712214,126.934002
포방시장,37.59946521,126.9483923
서대문등기소,37.58020864,126.9333967
문화촌현대아파트,37.592324,126.947358
오동나무앞,37.592868,126.95111
경남아파트.북아현119안전센터,37.56103,126.955862
행복하우스,37.573132,126.928697
삼거리,37.59002166,126.9352938
정원여중입구,37.58643673,126.9345801
호박골다리,37.59814527,126.946708
송죽원,37.583949,126.939074
홍제역해링턴플레이스,37.59109425,126.9467051
동성교회,37.59417905,126.9496042
중앙여고,37.56186925,126.9548553
한성고교,37.55945226,126.9564975
현대그린마트,37.571348,126.961027
충정로역8번출구,37.56090585,126.9630695
스위스그랜드호텔앞,37.58897698,126.9363704
간호대정문,37.597,126.947429
홍은사거리,37.59210273,126.9413334
인왕초등학교,37.58925008,126.945505
문화공원입구,37.594406,126.948395
충정로역7번출구,37.559865,126.962423
산골고개,37.59508876,126.9405233
홍은초등학교.간호대입구,37.59640449,126.9489116
가산빌라,37.58488227,126.9360671
사러가쇼핑,37.567293,126.930254
영천시장입구,37.5692775,126.9630257
한우리독서운동본부,37.56123978,126.9619046
반석블레스아파트,37.59516717,126.9410116
평화슈퍼,37.58626885,126.9357069
북아현로입구,37.557825,126.956271
아현역1번출구,37.55750698,126.9553925
육교앞,37.56793836,126.9643011
광염교회,37.56214807,126.961869
풍림1차아파트,37.59435402,126.9420858
스위스그랜드호텔,37.58776776,126.9364417
웨딩타운,37.55727207,126.9515261
서대문문화체육회관,37.58074834,126.9349135
서대문사거리,37.56669519,126.9654575
경기대사회교육원,37.563362,126.962426
팔각정,37.59527549,126.9432425
남양아파트,37.589124,126.9383406
서대문전철역,37.56527973,126.9659992
인창중고,37.56421304,126.9636418
홍은유원아파트,37.59696498,126.9450464
유진상가다리앞,37.59192052,126.9446843
문화촌현대아파트입구,37.59260484,126.9471389
바비엥스위트,37.5647773,126.9673182
종근당,37.55982719,126.9629183
이대농협,37.55682362,126.9440526
미동초등학교,37.56439641,126.9651506
인창중고,37.56466374,126.9641668
사천교,37.5680631,126.9180639
벽산아파트후문,37.5962887,126.9459766
현대백화점,37.55616941,126.9347143
아트레온,37.556263,126.9400904
신촌자이엘라,37.556764,126.942534
인창중고,37.564489,126.964204
연희초등학교,37.56995703,126.9335746
광산사우나,37.56560911,126.9645784
스위스그랜드호텔.현대아파트,37.58933243,126.9363779
모래내시장,37.5690929,126.9156152
연희초등학교,37.56972,126.93303
홍은성당,37.59602127,126.9464083
간호대입구올해피장애인복지센터,37.59593146,126.9491285
우리은행홍제동지점,37.59177922,126.9451782
미동초등학교,37.56309249,126.9650063
충정로역,37.55953483,126.9645315
연희삼거리,37.5715705,126.934498
연희삼거리,37.56951262,126.9332682
서대문구청,37.57846456,126.9357997
서대문구청,37.5785143,126.9361314
그랜드힐튼호텔,37.58785389,126.9357565
그랜드힐튼호텔,37.58804029,126.9355163
CGV신촌아트레온,37.55579274,126.9385549
경기대후문,37.56400606,126.9616722
서대문성당,37.56727147,126.9640444
삼거리,37.59000462,126.9354331
벽산아파트정문,37.59464513,126.9460106
서대문역7번출구,37.56523946,126.9669875
신촌전철역,37.555388,126.937149
금화장오거리,37.56448647,126.9593378
동명여중,37.56794605,126.9629449
차고앞,37.59157054,126.9351294
고은초교삼거리,37.58426169,126.9436845
영천시장입구,37.56845302,126.9618816
홍은중학교,37.59267144,126.9347015
정원여중입구,37.58656022,126.9346366
명진아트빌라,37.5829136,126.9435462
문화공원입구,37.59429121,126.9484966
가재울초등학교,37.574565,126.918356
연대앞.세브란스병원,37.560294,126.935592
미성아파트,37.59365451,126.9346803
남가좌동아이파크후문,37.57450404,126.9206143
싸이버아파트,37.58721948,126.9340393
동신병원사거리,37.58156691,126.9356034
동성교회,37.59414025,126.9494683
연희성당,37.56305144,126.9311005
남가좌동아이파크정문,37.57494892,126.9215739
동원빌라,37.58715869,126.9333034
홍은2동주민센터,37.58090862,126.9347152
오동나무,37.59300902,126.9507352
연희브라운스톤,37.56570825,126.9302298
3호선독립문역,37.57245992,126.9584504
삼성그린빌,37.58689785,126.9325461
서대문등기소,37.58032133,126.9334963
금강빌라.인왕중학교,37.592209,126.951628
하나은행연희동지점,37.56699381,126.9312475
이진아기념도서관,37.57270885,126.9565857
서대문문화체육회관,37.581535,126.931859
버드나무가게,37.5909941,126.952751
종근당후문,37.55946971,126.9637437
사러가쇼핑,37.567212,126.930373
국민은행,37.56775647,126.9318332
극동아파트119동,37.57296768,126.9547527
사천교,37.56831664,126.9185424
팔각정,37.58331383,126.9303357
삼거리연탄.약수터입구,37.59047258,126.9532666
민속식당,37.56796152,126.9296164
이진아기념도서관,37.57264213,126.9564805
유진상가,37.59166005,126.9426779
명지고후문,37.5841656,126.9292207
개미마을,37.589712,126.95378
아현전철역,37.55749071,126.957723
서연중학교,37.56914223,126.9285897
3호선독립문역,37.57240493,126.9583837
이대입구,37.55689989,126.9452863
백련사,37.58490594,126.9286278
평화교회,37.56950468,126.9260014
극동아파트입구,37.5719202,126.9585323
신촌아트레온,37.5564895,126.9407252
북아현동주민센터,37.559643,126.956777
삼호아파트.천연동주민센터,37.57079143,126.959391
홍은초등학교.간호대입구,37.59679261,126.9483676
경남아파트.북아현119안전센터,37.56078089,126.9560391
하나로마트.동신병원,37.58003858,126.9354666
영천시장입구,37.56895479,126.961441
간호대정문,37.597314,126.947135
중앙여고,37.562059,126.954952
중앙여고,37.56245046,126.955617
홍은2동어린이집앞,37.57954678,126.934174
감리신학대학교,37.5679216,126.9625725
추계초등학교,37.56369525,126.9542625
두산아파트,37.57872017,126.9320428
서대문센트레빌,37.56717232,126.9639358
포방시장,37.59935085,126.9485645
홍은2동주민센터,37.58041378,126.9344518
광산사우나,37.56561087,126.9644312
포방공영주차장,37.60085952,126.9491591
힐스테이트신촌.신촌푸르지오1단지후문,37.560896,126.95155
인창중고,37.564719,126.964122
호박골다리,37.598138,126.946883
초원약국,37.55981066,126.9498696
홍은동국민주택,37.60519678,126.9499071
풍림.극동아파트,37.60347553,126.9495051
홍은동국민주택,37.60564644,126.9499657
홍제역.3번출구,37.5884322,126.9442328
홍제우체국,37.586761,126.946335
홍제2동주민센터,37.58618551,126.9496492
인왕산현대아파트입구,37.58544775,126.9479674
삼호아파트.천연동주민센터,37.57048463,126.9601124
홍제역.1번출구,37.58903494,126.9440478
유진상가.인왕시장,37.59078846,126.9421882
연희브라운스톤,37.56604971,126.930131
신촌기차역,37.558729,126.942636
인왕산현대아파트입구,37.58518131,126.9487531
인왕산현대아파트117동,37.586306,126.951019
북아현로입구,37.55817959,126.9564549
인왕산현대아파트117동,37.58641587,126.9510203
이대전철역,37.55697448,126.9468188
유진상가,37.590665,126.941944
인왕산현대아파트101동,37.58612277,126.9504374
홍은2동주민센터,37.58019555,126.934161
뜨란채아파트101동,37.56585496,126.958565
뜨란채아파트101동,37.5657892,126.9586262
홍지문35통,37.596795,126.956141
옥천교앞,37.59636,126.954365
대명빌라,37.57292701,126.9270219
인왕시장,37.591139,126.9429124
창덕에버빌,37.569392,126.917428
영천동,37.57013221,126.9605121
독립문,37.57148166,126.9593725
영천동,37.57006278,126.960382
동원베네스트아파트입구,37.598258,126.944763
홍은유원아파트입구,37.597227,126.945185
동원베네스트주차장.두산위브입구,37.599114,126.944217
홍은사회복지관별관,37.594126,126.947438
서강아파트1차정문앞,37.5949184,126.9340654
연희상가아파트,37.573124,126.928045
봉원사입구,37.566731,126.946423
증산역(증산2교),37.583707,126.911353
행운부동산앞,37.58102059,126.9167322
은가경로당앞,37.58104,126.917958
삼성유치원(씨유앞),37.58164947,126.9185478
두란노어린이집앞,37.58163246,126.920715
은혜감사어린이집,37.582046,126.92247
백련어린이공원(공영주차장),37.582627,126.923673
상록운수,37.58409831,126.9233328
명지대학교교회,37.58258,126.925364
명지대후문(세븐일레븐),37.58149776,126.9248408
백련어린이공원,37.582254,126.923995
은혜감사어린이집앞,37.582089,126.922361
두란노어린이집,37.58180144,126.9204912
삼성유치원앞(씨유),37.581742,126.918481
행운부동산앞,37.58104185,126.9171077
북가좌사거리,37.58154924,126.9137969
북가좌오거리,37.581156,126.912496
북가좌2동주민센터,37.581368,126.911175
해담는다리앞,37.582228,126.909381
이마트24앞,37.581934,126.921477
증산2교,37.583907,126.910934
홍제천입구,37.578691,126.93194
연희IC(가상),37.56885232,126.9180003
홍은IC(가상),37.59501873,126.949733
마포역,37.540947,126.947967
마포역,37.54027718,126.9467854
공덕역,37.54360491,126.9509046
공덕역,37.54450168,126.9513544
아현동주민센터,37.54636488,126.9529071
아현동주민센터,37.54707778,126.9532416
마포경찰서,37.55019993,126.9552123
마포경찰서,37.55077036,126.9553048
아현초등학교,37.55407804,126.9571002
아현초등학교,37.55489813,126.9573351
합정역,37.549002,126.91299
합정역,37.54954591,126.9137991
서교동,37.55363674,126.9195816
서교동,37.55417248,126.9200217
홍대입구역,37.556641,126.923466
홍대입구역,37.557325,126.924317
동교동삼거리,37.558069,126.928546
신촌오거리.현대백화점,37.55539665,126.9358931
신촌오거리.2호선신촌역,37.55611,126.94015
이대역,37.556652,126.944495
웨딩타운,37.557092,126.951517
아현역,37.557293,126.954943
홍대입구역(가상),37.55522606,126.9218644
홍대입구역(가상),37.55865155,126.9259252
합정역(가상),37.54785379,126.9099653
합정역(가상),37.55146138,126.9161215
아현동가구단지,37.557975,126.960662
마포구청.성산자동차검사소,37.56495385,126.9024231
마포구청,37.5649024,126.9018904
마포농수산물시장.월드컵공원,37.566106,126.897454
월드컵경기장남측.월드컵공원,37.566664,126.896317
월드컵경기장서측.문화비축기지,37.5692365,126.8954678
월드컵경기장서측.문화비축기지,37.56949827,126.8949636
월드컵파크3단지.난지천공원,37.573349,126.887954
월드컵파크3단지.난지천공원,37.57232,126.888463
서부면허시험장,37.57788262,126.8804372
서부면허시험장,37.57740124,126.8802387
DMC첨단산업센터,37.585347,126.885192
DMC첨단산업센터,37.585598,126.884787
월드컵공원입구.문화비축기지입구,37.568523,126.892748
월드컵파크3단지정문,37.573822,126.889228
월드컵파크2단지.에스플렉스센터,37.575267,126.890647
월드컵파크2단지.에스플렉스센터,37.5753385,126.890291
합정역,37.5485905,126.9143006
합정역,37.54879709,126.9146252
서울화력발전소입구,37.54818909,126.9175062
서울화력발전소입구,37.54793674,126.9174453
상수역,37.547684,126.921584
상수역,37.54787377,126.9215638
서강초등학교,37.547801,126.925363
서강초등학교,37.54749109,126.9261941
광흥창역,37.54760906,126.930541
광흥창역,37.54735228,126.9305842
광흥창역,37.547313,126.933942
마포세무서,37.5469713,126.9390917
중앙잔디광장,37.566485,126.879248
마포역,37.53970901,126.9457368
노을공원입구(난지미술창작스튜디오),37.56940636,126.8806949
공덕역10번출구,37.541936,126.952877
공덕역10번출구,37.54175,126.952932
난지천공원다목적구장,37.57356,126.883441
난지천공원,37.574169,126.886101
월드컵경기장역,37.56952624,126.9001971
마포구청.농수산물시장,37.56629891,126.8995834
난지천공원다목적구장,37.573856,126.883275
공덕역.공덕시장,37.544413,126.95303
공덕시장,37.54435,126.954148
신덕성결교회,37.54594101,126.9566906
신덕성결교회,37.545893,126.956162
한겨레신문사,37.54814675,126.9588159
한겨레신문사,37.547997,126.958985
노을공원입구(난지미술창작스튜디오),37.569581,126.880488
공덕오거리,37.54307327,126.9531626
공덕오거리,37.542752,126.953331
용마루고개.신공덕삼성아파트,37.541871,126.955885
서울대동창회관,37.54244496,126.9507441
공덕역,37.543495,126.951633
도화동현대아파트,37.54033222,126.9557015
도화동현대아파트,37.54045031,126.9558315
중동초등학교,37.56687261,126.9104195
중동초등학교,37.56662202,126.9103077
성산2동주민센터,37.56779282,126.9083263
성산2동주민센터,37.56800376,126.908437
성산119안전센터,37.56986178,126.9038567
성산119안전센터,37.569712,126.903712
성산아파트,37.57159714,126.9014985
성산아파트,37.571461,126.901416
DMC상암센트럴파크,37.575185,126.89604
DMC상암센트럴파크,37.575152,126.895487
상암초등학교,37.576392,126.893423
상암초등학교,37.576549,126.89372
신촌로터리,37.55380945,126.9368825
신촌로터리,37.55352401,126.9372676
서강대학교,37.5511,126.93797
서강대학교,37.55182728,126.9373154
광성중고등학교,37.54935481,126.9386715
광성중고등학교,37.548952,126.93986
대흥역,37.54810675,126.9409887
대흥역,37.547675,126.94272
용강초등학교,37.54697711,126.9435145
동도중학교.서울디자인고등학교,37.54647789,126.9454015
동도중학교.서울디자인고등학교,37.54564,126.946768
공덕역2번출구,37.545201,126.948339
공덕역1번출구,37.54443234,126.9493208
서서울농협홍대역점,37.556405,126.91986
동교로사거리,37.55584624,126.9209476
성산동,37.564767,126.906904
성산2교,37.56425386,126.9124764
성산2교,37.56386324,126.9132055
성미약수터,37.56179661,126.915105
성미약수터,37.56246357,126.9140662
경성중고.홍대부속여중고입구,37.56055181,126.9158071
경성중고.홍대부속여중고입구,37.55965129,126.916614
경성중고.홍대부속여중고입구,37.55940936,126.917281
서울도시가스마포사옥,37.557227,126.919321
서울도시가스마포사옥,37.55787904,126.9182029
마포구청역,37.56272775,126.9026626
마포구청역,37.562458,126.902475
마포중앙도서관,37.56367628,126.9067285
마포중앙도서관,37.564253,126.907457
성산2교,37.56567,126.913555
성산2교,37.56569295,126.9126441
광흥창역.서강동주민센터,37.54827848,126.9319143
광흥창역.서강동주민센터,37.548255,126.931413
창전현대홈타운,37.550872,126.932665
창전현대홈타운,37.5507125,126.9321995
신촌로터리,37.553892,126.934562
신촌로터리,37.5540512,126.9356826
이대역6번출구,37.55648966,126.9447875
이화여대입구,37.5559161,126.9457319
이대역5번출구,37.55579909,126.9460206
대흥교회,37.55404995,126.9457581
대흥교회,37.55378877,126.9460582
서강대학교후문,37.55049519,126.9439465
마포자이2차아파트.대흥역,37.548758,126.942535
굴레방다리.아현역,37.55715181,126.9574606
양화진성지공원입구,37.54865754,126.9122481
홍대입구,37.55459448,126.9203755
홀트아동복지회,37.54901065,126.9121781
합정역,37.55106044,126.9156095
합정역,37.5502177,126.9153072
홍대입구역,37.556562,126.923044
홍대입구역,37.5557706,126.9226012
연남동,37.56252217,126.927541
신촌역,37.55563752,126.934761
극동방송,37.5494238,126.9231512
극동방송,37.54942905,126.9229225
홍익대학교,37.55219058,126.9238048
홍익대학교,37.55307059,126.9246414
산울림소극장,37.55437031,126.9298078
산울림소극장,37.55495817,126.9301572
신수중학교,37.54524221,126.9326481
신수중학교,37.545436,126.9327521
래미안웰스트림아파트,37.54423137,126.9362365
한국출판콘텐츠센터,37.5446548,126.935409
용강동주민센터,37.54191773,126.9404187
용강동주민센터,37.54170996,126.9411794
용강동입구,37.53963255,126.9441051
메세나폴리스,37.550946,126.912933
마포한강푸르지오,37.550787,126.912592
성산초등학교입구,37.55313023,126.9118677
성산초등학교입구,37.553218,126.912262
기업은행서교동지점(최규하대통령가옥),37.55479154,126.9114639
기업은행서교동지점(최규하대통령가옥),37.55486951,126.9108956
망원시장.망원동월드컵시장입구,37.557338,126.908759
망원시장.망원동월드컵시장입구,37.55759113,126.9089433
마포구청역입구,37.56042755,126.9063647
마포구청역입구,37.56059465,126.9057249
성서초등학교,37.55880324,126.9114976
성서초등학교,37.55851374,126.9111731
새서울의원,37.55109381,126.9072377
미원아파트입구,37.55912293,126.9032162
미원아파트입구,37.55916537,126.9033226
망원2동주민센터,37.56000591,126.9030951
망원2동주민센터,37.56008056,126.9029286
청기와빌라,37.560782,126.904392
청기와빌라,37.56076057,126.9047513
망원정입구,37.55259394,126.9069936
성산초등학교,37.55359386,126.9100992
서서울농협,37.553553,126.906064
서서울농협,37.55340865,126.9060056
망원1동주민센터,37.55562355,126.9048936
망원1동주민센터,37.5554408,126.9051055
동교초등학교,37.557947,126.904216
동교초등학교,37.55789095,126.9040871
월드컵파크7단지,37.58114971,126.8784199
월드컵파크7단지,37.581876,126.878963
월드컵경기장북측,37.572855,126.899468
월드컵경기장북측,37.573967,126.898104
경성중고.홍대부속여중고입구,37.5597317,126.9156529
삼진제약,37.553351,126.926719
홍대입구역사거리,37.55473,126.92221
상암DMC홍보관.YTN,37.577985,126.891323
상암DMC홍보관.YTN,37.57746059,126.8912876
월드컵파크5단지.상암중고등학교입구,37.580921,126.886335
월드컵파크5단지,37.58033328,126.8865178
구룡근린공원,37.58343101,126.8826124
상암고등학교,37.58177983,126.8840462
월드컵파크3단지후문,37.571242,126.889762
마포아트센터,37.549827,126.943779
월드컵파크4단지후문.JTBC,37.577357,126.889893
디지털미디어시티역2번출구,37.57520782,126.8996741
월드컵파크4단지후문.JTBC,37.577856,126.889942
누리꿈스퀘어.MBC,37.578988,126.889637
월드메르디앙아파트,37.54507349,126.9234284
월드메르디앙아파트,37.54480912,126.924291
한강밤섬자이아파트,37.54573584,126.9277927
한강밤섬자이아파트,37.54554928,126.9277295
서강해모로아파트,37.54568641,126.9294971
서강해모로아파트,37.54549455,126.9296149
서교동주민센터.마포신문사,37.55489152,126.9163533
동교로사거리,37.55564455,126.9198284
월드컵경기장북측,37.573757,126.897992
강변한신코아,37.537435,126.943978
난지한강공원,37.568006,126.878193
난지한강공원,37.568751,126.875258
월드컵공원입구.문화비축기지입구,37.568177,126.892749
디지털미디어시티역,37.575079,126.900747
월드컵파크9.10.11.12단지,37.58533,126.878833
월드컵파크9.10.11.12단지,37.584397,126.879965
용마루고개.브라운스톤공덕아파트,37.54113,126.956831
하늘초등학교,37.585322,126.879658
월드컵파크10단지,37.586203,126.88135
월드컵파크11.12단지,37.58627043,126.8808993
수색교,37.587217,126.883985
수색교,37.58708175,126.8839599
가좌역1번출구,37.568313,126.914942
가좌역,37.5678974,126.9153689
디지털미디어시티역,37.575527,126.90078
청구아파트.참누리아파트,37.57423215,126.9028582
청구아파트.참누리아파트,37.57383317,126.9031032
중동현대아파트,37.57168561,126.9072676
중동현대아파트,37.571463,126.907287
가좌행복주택.건영월드컵아파트,37.569452,126.912103
가좌행복주택.건영월드컵아파트,37.569305,126.912038
월드컵아이파크,37.56673,126.913607
월드컵아이파크,37.56647135,126.9136847
DMC첨단산업센터,37.58406,126.886547
DMC첨단산업센터,37.58361875,126.8866227
SBS.YTN,37.579827,126.894375
SBS.YTN,37.579836,126.893961
공항철도디지털미디어시티역,37.576698,126.899007
공항철도디지털미디어시티역,37.576962,126.8982
디지털미디어시티역,37.575355,126.900585
상암동주민센터앞,37.57863,126.894031
MBC,37.582084,126.89073
MBC,37.581821,126.890791
성산대교(가상),37.55770659,126.8946245
난지천공원.박정희대통령기념관,37.57451296,126.886182
공덕시장,37.54438686,126.9541673
마포16번종점,37.5608656,126.8988594
서부면허시험장.월드컵파크8단지,37.578532,126.882112
창전중앙하이츠아파트,37.549918,126.927529
망원유수지.마포구민체육센터,37.55649687,126.8985925
양화진성지,37.54564037,126.9119308
홍대입구역,37.55732547,126.9236679
홍대입구역,37.557726,126.923439
아현전철역,37.557136,126.956245
샛별문방구.마포전철역,37.5398243,126.9476288
청암대,37.53568922,126.9477584
한겨레신문사,37.5471556,126.9589794
동원데자뷰아파트,37.56033787,126.8992212
창전삼성아파트109동,37.55024461,126.9302782
홍대후문,37.55120613,126.9273675
신촌수정탕,37.54979815,126.9375706
태양빌딩,37.55606411,126.8993651
난지천공원.박정희대통령기념관,37.57408838,126.8860527
다운교회,37.545625,126.912826
동교로사거리,37.55579133,126.9210303
코오롱아파트106동앞,37.56090911,126.9231009
가든호텔.삼성프라자,37.540748,126.94921
우성아파트3동,37.53616489,126.9475069
대상아파트,37.55974261,126.899642
창전삼성아파트107동,37.55073162,126.9309953
서강유치원,37.55191207,126.927995
삼익아파트입구,37.54990702,126.9356035
용약국,37.55448,126.936862
월드컵파크3단지,37.572626,126.888357
한이맨션,37.54551586,126.9141581
코오롱아파트104동앞,37.56229335,126.9219754
돼지슈퍼,37.55692161,126.9614846
하나님의교회,37.546219,126.959881
신부파스카아파트,37.55875742,126.9003564
창전삼성아파트104동,37.55107709,126.9315847
유관순무용원,37.55273544,126.9290988
신수경남아파트,37.55001045,126.9336172
성원아파트,37.55653457,126.901618
서일빌딩,37.54541625,126.9159826
청원빌딩,37.55841517,126.918165
코오롱아파트사거리,37.56303456,126.9213939
신일약국,37.55601006,126.9625988
아현실버복지관,37.55764126,126.9602156
S마트,37.538799,126.947562
동교초등학교,37.55722737,126.9014439
창전삼성아파트입구,37.55162993,126.9324081
와우공원입구,37.55318113,126.9300208
마포소방서,37.5490809,126.9326945
광흥창역.서강동주민센터,37.548295,126.93264
대흥역,37.54807164,126.9410725
동교초등학교,37.55681141,126.9029521
마포농수산물시장.월드컵경기장,37.56606894,126.8972676
마포새빛문화숲,37.54528965,126.9179054
경성고교입구,37.56011118,126.9166359
대룡빌딩,37.56368213,126.9222717
열린마트,37.54203638,126.9515801
성원아파트,37.55671025,126.9015668
한강공원입구,37.55622911,126.8992249
금호태영아파트,37.55372008,126.9317249
경의선책거리.산울림소극장,37.55492495,126.9303701
신수동성당.신수동주민센터,37.54726044,126.9338505
서강수협.신수중학교,37.54531505,126.93239
용강초등학교,37.547055,126.943554
하나은행망원동지점,37.55708913,126.9042806
마포구청.마포구청역,37.56575039,126.9009459
마포새빛문화숲후문,37.54502866,126.921036
마포FM,37.56099649,126.9177139
연남동주민센터,37.56408634,126.9230682
도화현대1차아파트111동앞,37.54117514,126.9543656
성원아파트,37.54717215,126.9371835
한국출판콘텐츠센터,37.54464004,126.9354914
서울여자중고등학교,37.54705538,126.9471496
망원시장,37.55743923,126.9059847
월드컵경기장역,37.56927041,126.9002903
상수동,37.54649067,126.92305
경성중고.홍익디자인고,37.56191397,126.9192591
에덴지우아파트,37.5645908,126.9242178
도화현대1차아파트,37.5404826,126.9554309
망원유수지.마포구민체육센터,37.55590701,126.8990019
마포세무서,37.54701628,126.9389468
신수현대아파트.래미안웰스트림,37.54371799,126.936702
염리삼성아파트,37.54848561,126.9475662
구)망원우체국사거리,37.55782498,126.9076978
상수역,37.547637,126.923594
코오롱아파트사거리,37.56369831,126.920851
에덴맨션,37.56398392,126.9249462
서부수도사업소,37.55680483,126.9598728
화평교회,37.55443735,126.9011589
신촌역,37.55562043,126.9348063
굴다리시장,37.54627864,126.9414168
신석초등학교,37.54316395,126.9386569
일성여자중고등학교,37.54887345,126.9484113
망원전철역,37.556111,126.909936
상수두산아파트,37.54754675,126.924441
경성중고후문,37.56437916,126.9202968
하모니마트사거리,37.56336606,126.9253883
만물사부동산,37.55534805,126.9607372
하나님의교회,37.53933186,126.9553128
MBC,37.57962812,126.8917373
월드컵파크4단지,37.57780148,126.8877411
상암중학교,37.578973,126.887243
서울산업진흥원.국악방송,37.580736,126.888953
우리기술사옥.한국지역정보개발원,37.582262,126.887877
DMC빌,37.582393,126.885591
우리금융상암센터.DMC빌,37.581936,126.885579
도화현대1차아파트단지내,37.539784,126.954589
양화대교북단(가상),37.54992182,126.9042671
상암고등학교,37.58097801,126.8825327
상암월드컵파크6.7단지,37.58127348,126.8805398
상암월드컵파크6.7단지,37.58105871,126.8806238
상암고등학교,37.5806846,126.8836708
스탠포드호텔,37.58242252,126.8861172
스탠포드호텔,37.58245094,126.8856847
월드컵파크6단지상가,37.57980675,126.8856639
공덕역10번출구,37.54185,126.953092
공덕역10번출구,37.541839,126.95289
웨딩타운,37.556973,126.951584
상지초등학교,37.57972097,126.8814544
아현전철역,37.55717411,126.9568347
스탠포드호텔,37.58256,126.886563
우리기술사옥.한국지역정보개발원,37.58202676,126.8878117
전자회관,37.58080568,126.8886559
상암중학교,37.57933049,126.8872133
월드컵파크6단지,37.57817863,126.8873114
YTN뉴스퀘어.CJE&M,37.579007,126.891577
마포한강아이파크아파트,37.55242313,126.9041145
중동초등학교,37.56682282,126.9101093
대흥태영아파트,37.5457514,126.9430639
용강동주민센터,37.541885,126.940554
서강대교북단(가상),37.54370958,126.9289184
양화대교북단(가상),37.54740637,126.9082297
마포현대아파트,37.54877555,126.9491538
성산초등학교,37.55422631,126.9123429
서강초등학교,37.54749023,126.9262643
경의선숲길공원입구,37.56589395,126.9190511
대명아파트,37.56245057,126.9243117
환일고등학교,37.55456232,126.9608191
용산성당.현대홈타운,37.53760632,126.9531661
가구단지,37.55802339,126.9607211
하모니마트,37.55228047,126.905998
성모병원사거리,37.56461395,126.9121224
마포대교북단(가상),37.54052155,126.9396617
창전삼성아파트입구,37.55177868,126.9325189
대흥세양아파트,37.54484569,126.944727
아현1동경로당,37.55360566,126.9610258
마포전철역,37.53961835,126.9445498
공덕삼성3차아파트후문,37.54915261,126.951238
고니빌딩,37.55451411,126.9140403
서강쌍용아파트.광흥창역,37.54794592,126.9302872
사천고가앞,37.567173,126.917561
원효초등학교,37.53621232,126.9509197
새서울의원,37.55125951,126.9070201
창전삼성아파트104동,37.55128247,126.93149
와우산로오거리,37.55444232,126.929964
산울림포스트극장,37.554667,126.93037
마포자이아파트,37.54410468,126.9460098
성지빌딩,37.54147337,126.9457763
엘지빌딩,37.54833417,126.953912
서교동주민센터,37.55474033,126.9153507
이랜드,37.54919918,126.9315366
만리동고개,37.55161892,126.9622626
한강타운.우성아파트16동앞,37.53593869,126.9495167
공덕전철역,37.54328394,126.9526849
남경장,37.54875837,126.9098198
창전삼성아파트107동,37.55084962,126.930916
와우공원입구,37.55326,126.929943
염리초등학교,37.54260289,126.94676
염리초등학교,37.54262649,126.9471368
아현동주민센터,37.54711827,126.9531058
우리은행서교동지점,37.55325944,126.9173478
마포노인복지관,37.54952942,126.9323104
공덕동주민센터,37.550516,126.960085
청암대,37.5357713,126.9479213
성산대교북단(가상),37.55799147,126.893128
성서초등학교,37.55866259,126.9126082
마포역서울가든호텔,37.54074048,126.9471087
창전어린이공원,37.550275,126.929512
창전어린이공원,37.5502454,126.9293289
창전삼성아파트109동,37.55048603,126.9302994
유관순무용원,37.55285,126.92905
중부여성발전센터,37.54121807,126.9451382
재화스퀘어,37.54389603,126.9468983
공덕전철역,37.54552068,126.9510177
월드컵경기장입구,37.5624161,126.9028169
월드컵경기장입구,37.56282351,126.9029579
월드컵파크7단지,37.58225564,126.8804641
월드컵파크7단지,37.58198,126.87924
상암동입구,37.57378466,126.8994147
상암동입구,37.5738247,126.8983845
상암월드컵파크5단지,37.580846,126.886475
상암월드컵파크5단지,37.580475,126.88641
성산대교북단(가상),37.56029858,126.8914902
홍은IC(가상),37.56374227,126.8845383
홍대입구역사거리,37.55452595,126.9209776
창전현대홈타운,37.55087409,126.9327234
삼우빌딩,37.54921154,126.957945
합정역,37.54984878,126.9147926
희성교회,37.55680382,126.9140807
서강유치원,37.552039,126.927969
마포전철역,37.53962092,126.9442692
한국컴퓨터,37.54492869,126.9449341
신촌연세병원.기업은행,37.55199173,126.9332204
공덕동성당,37.54838123,126.9568867
우리은행서교동지점,37.55194307,126.9175337
서교동주민센터.마포신문사,37.55487253,126.9162481
홍대후문,37.551306,126.927311
대흥태영아파트,37.54595146,126.9430909
동도중학교.서울디지인고등학교,37.54644639,126.9455045
서울서부지방법원,37.5488,126.955346
세븐일레븐,37.54036655,126.9559493
동교로사거리,37.55565809,126.9198714
난지한강공원(가상),37.57071805,126.8735248
신석초등학교,37.54342321,126.9388467
굴다리시장,37.54638962,126.9417133
서교동주민센터,37.55559976,126.9150521
난지한강공원(가상),37.57021838,126.8730875
서교푸르지오아파트,37.55362727,126.9231792
홍대입구역,37.55669,126.923217
신수현대아파트.래미안웰스트림,37.54383346,126.9369441
마포세무서,37.54729837,126.9390394
대흥역사거리,37.5481047,126.9423208
신촌역,37.55532442,126.9356328
마포경찰서,37.55034,126.955324
도화현대1차아파트111동앞,37.54124,126.954561
홍대정문,37.5529818,126.9238877
동교로사거리,37.55586887,126.9197614
한국출판콘텐츠센터,37.54474732,126.9355502
신수세양아파트,37.54740921,126.9373248
서교동교회,37.55166218,126.9192023
애오개역,37.55259464,126.956534
열린마트,37.54222,126.951624
레드로드입구,37.55081936,126.9214305
서교동주민센터.마포신문사,37.55506619,126.9161415
서강수협.신수중학교,37.54547551,126.9325019
신수동성당.신수동주민센터,37.54748258,126.934707
숭문중고등학교후문,37.55209168,126.9453442
레드로드입구,37.55064276,126.9214466
가든호텔.삼성프라자,37.540742,126.949055
희성교회,37.55687155,126.9142956
광흥창역.서강동주민센터,37.54793659,126.9328324
마포프레스티지자이아파트,37.5534761,126.9460687
홍대정문,37.55200396,126.923651
아현초등학교,37.555839,126.955808
샛별문방구.마포전철역,37.540055,126.947596
상지초등학교,37.579565,126.881401
합정역,37.55058599,126.9149514
성서초등학교,37.55868529,126.9128379
마포소방서,37.5504232,126.9331169
이대전철역,37.55591353,126.9460216
홍대정문,37.55315091,126.9248315
라사라패션직업전문학교,37.55412787,126.9295117
사천고가앞,37.56691465,126.9174119
S마트,37.538833,126.94745
경성중고사거리,37.56064397,126.9161669
서교푸르지오아파트,37.55391,126.923179
경의선숲길공원입구,37.565464,126.919186
우성아파트입구,37.537967,126.947384
성미약수터,37.5622973,126.9146652
홍대입구,37.55453611,126.9224698
공항철도.홍대입구역,37.55772216,126.9252621
경성중고후문,37.564438,126.920127
우성아파트3동,37.536403,126.947396
하모니마트,37.55252116,126.9061199
성모병원사거리,37.56464399,126.9125265
코오롱아파트사거리,37.563581,126.920842
도화현대1차아파트,37.54045372,126.9553042
마포한강아이파크아파트,37.55263854,126.9041742
중동초등학교,37.56657456,126.9107017
신한은행서교동금융센터점,37.55738535,126.918354
경성중고.홍익디자인고,37.56228718,126.9194964
망원1동파출소,37.55368977,126.902646
대우미래사랑아파트,37.556741,126.9169681
효성약국,37.56120824,126.9177091
화평교회,37.55461589,126.9013092
성산시영아파트,37.56997337,126.9036833
한국해양전략연구소,37.55615891,126.9157158
망원1동파출소,37.55346,126.902746
망원유수지.마포구민체육센터,37.55598562,126.8992531
서교동주민센터,37.55564539,126.9146083
창전삼성아파트,37.55158314,126.932527
임오빌딩,37.55877057,126.9173994
월드컵경기장역,37.5738733,126.8983131
새화빌딩,37.5551111,126.9134454
신촌이랜드청년주택,37.549509,126.93152
성산초등학교,37.55441974,126.9119273
우리은행서교동지점,37.55336318,126.9175609
서강쌍용아파트.광흥창역,37.54797196,126.9301264
동교로사거리,37.55605972,126.9210454
동교초등학교,37.55708966,126.9016286
망원전철역,37.55609815,126.9102977
서교동주민센터,37.55565038,126.9152772
서강초등학교,37.5477462,126.9263557
신부파스카아파트,37.55878545,126.9004729
KBS미디어센터,37.5762495,126.8912678
구)망원우체국사거리,37.55790161,126.9072824
홍대후문,37.54776813,126.9254084
대상아파트,37.55965628,126.8998549
월드컵파크2단지,37.57525,126.890323
망원동월드컵시장,37.55762576,126.905989
상수역,37.54783917,126.9223889
동원데자뷰아파트,37.56026595,126.8994205
하나은행망원동지점,37.55736161,126.9047035
레드로드입구,37.547926,126.920503
마포16번종점,37.56092786,126.8989567
서부면허시험장.월드컵파크8단지,37.578253,126.881973
동교초등학교,37.55700155,126.9029564
합정동,37.54760741,126.9181202
마포새빛문화숲,37.54550986,126.9171164
서일빌딩,37.5455541,126.9159632
성우맨션,37.54563577,126.9142497
다운교회,37.54573653,126.9127953
월드컵경기장역,37.56959385,126.9001897
마포구청.마포구청역,37.56631497,126.8995256
원효대교북단(가상),37.53049434,126.951978
우성아파트입구,37.53798007,126.9475018
망원교회,37.55623509,126.9001617
망원교회,37.55649582,126.9005292
신촌역,37.55469925,126.9359752
경성중고사거리,37.56062024,126.9157402
삼진제약,37.553212,126.92683
한국영화아카데미,37.55429814,126.9294391
서교동교회,37.55175064,126.9194138
성산2동주민센터,37.56802445,126.9083872
원효대교북단(가상),37.53045371,126.9502787
월드컵파크7단지,37.580411,126.879876
창전삼성아파트110동,37.549935,126.928352
신촌역,37.554288,126.935896
신촌역,37.5544909,126.9356256
신촌농협.하나로마트,37.55618812,126.9332008
기업은행.신촌연세병원,37.55316601,126.9334876
세븐일레븐,37.540239,126.956005
아현고개,37.55662043,126.9469798
양화대교북단(가상),37.54757215,126.9059337
백합아파트,37.55795052,126.9009302
백합아파트,37.55793892,126.9010706
서강대교북단(가상),37.54308918,126.9280834
홍익병원목동관,37.53091,126.86403
금호어울림.대원칸타빌아파트,37.53269,126.866545
목동3단지후문,37.53432434,126.8699099
영도초등학교,37.53555591,126.8705188
신목중학교.목동2단지후문,37.538155,126.873548
목동2단지,37.5366,126.877988
목동3단지,37.534747,126.875742
목동4단지상가.목동종합운동장,37.53229799,126.875115
목동3.4단지사잇길,37.532797,126.871977
목동사거리,37.53326952,126.8638355
영도중.강서고입구.기아양서대리점,37.53617351,126.863622
목동시장.대일고교.배광교회,37.539005,126.8638409
신목중학교,37.537122,126.8719
목동스카이아파트.목동3단지,37.534189,126.869706
금호어울림.대원칸타빌아파트,37.532875,126.866862
신목동역2번출구,37.54385476,126.8823418
신목동역1번출구,37.54392207,126.882069
경서농협,37.521363,126.856298
목동성원아파트,37.54229504,126.8631752
목3동주민센터.현대아이파크.실로암안과,37.54483252,126.862401
등촌역6번출구.목동깨비시장,37.54969481,126.8639369
월촌초등학교,37.54118755,126.8770703
월촌초등학교.우성아파트,37.540498,126.87537
목원초등학교.서울지방식품의약품안전청,37.54253255,126.8811364
용왕산,37.539131,126.874232
신목동역,37.54594356,126.8814977
목동한신청구아파트,37.54063836,126.8801651
목동한신청구아파트,37.54072866,126.8803505
목동1.2단지사잇길,37.5383884,126.8784758
월촌중학교.목동1단지,37.537913,126.881672
목동YMCA.서울에너지공사,37.53884228,126.8826598
목동YMCA.서울에너지공사,37.539032,126.882858
목동5단지C상가.목동운동장북문,37.53295,126.877573
파리공원,37.53462166,126.8783258
목동5단지B상가.목5동주민센터,37.53576,126.881295
이대목동병원.목동6단지앞,37.536847,126.884428
목동아파트601동앞.이대병원,37.53589268,126.8832528
목동아파트5.6단지사잇길.경인초교,37.53287009,126.8838504
오목교역,37.52506981,126.8763829
양정고등학교,37.53522316,126.8879022
목1동주민센터,37.529802,126.87358
목동역.홍익병원,37.527382,126.864433
CBS방송국,37.528097,126.874148
목운초등학교.목운중학교,37.5264187,126.8737705
목동7단지,37.52851,126.870233
목운초등학교.목운중학교,37.526127,126.873394
목동운동장남문.아이스링크,37.52847438,126.8765922
목동7단지.종로학원,37.525671,126.868759
목동대학학원,37.524957,126.873313
오목교역.동신한방병원,37.524447,126.876825
갈산초등학교정문,37.51280494,126.8704858
오목교역.청학스포츠타운,37.523427,126.875447
새마을금고,37.52106964,126.8736392
신정2동주민센터,37.518983,126.8714242
오목교역.동신한방병원,37.52408548,126.8769219
신목초등학교입구,37.517471,126.870927
목동14단지상가,37.514711,126.871891
현대아파트정문,37.51978505,126.8774211
현대아파트정문,37.52078792,126.8782363
삼성아파트정문,37.51634952,126.8769041
삼성아파트후문,37.51811503,126.87715
현대아파트후문,37.52193044,126.8781722
목동14단지C상가앞,37.514047,126.874176
목일중학교,37.51402,126.873928
목동13단지,37.514267,126.869395
목동14단지,37.51474221,126.8695819
신트리공원,37.51448906,126.8579171
목동12.13단지사잇길,37.51305394,126.8635453
목동12.13단지사잇길,37.513233,126.86327
신목초등학교입구,37.51730176,126.8707857
목동14단지관리사무소앞,37.515142,126.872213
목동11단지,37.51321989,126.8583087
목동14단지관리사무소앞,37.51479619,126.8716908
양천구청역,37.51256669,126.8653279
양천공원,37.517872,126.869642
양천구청,37.516543,126.86703
양천구민체육센터.양천일자리센터,37.51554358,126.8642388
목동12단지,37.51418196,126.8603283
갈산초등학교정문,37.512822,126.870105
갈산초등학교후문,37.51109,126.868713
갈산초등학교후문,37.511285,126.869212
은정초등학교,37.51033,126.866702
은정초등학교,37.51009428,126.867106
목동우성아파트,37.507195,126.865711
목동우성아파트입구,37.508448,126.864212
양천아파트,37.50817426,126.8633495
봉영여중.목동고,37.50728131,126.8618411
봉영여중.목동고,37.50739076,126.8614269
봉영여중.목동고,37.508692,126.861867
양천노인종합복지관,37.510288,126.85918
양천구청역,37.512871,126.866609
양천아파트,37.510264,126.862762
신정네거리해누리분수광장,37.52188642,126.8515144
신정네거리.신정119안전센터,37.5220233,126.8507301
동방아파트,37.52188249,126.8463249
동방아파트.신월종합사회복지관,37.52142649,126.8462897
신곡시장.금빛새마을금고,37.51964347,126.8437433
신곡시장.금빛새마을금고,37.51928494,126.8438199
신한은행신월동지점,37.518022,126.841605
신한은행신월동지점,37.51782796,126.8418635
양강중학교,37.52371103,126.8499936
신월2동주민센터입구,37.522757,126.84569
강서초등학교,37.521878,126.841932
한빛종합사회복지관,37.521257,126.839252
신월동남부주유소,37.519392,126.838583
신월2동우체국,37.523082,126.851248
신트리사거리,37.51311521,126.8559491
신트리아파트,37.5129,126.854138
정랑고개.양천벤처타운,37.51157732,126.8503821
신정학마을아파트,37.50742085,126.8439634
양천고등학교,37.50992673,126.8456572
계남초등학교,37.509753,126.858427
목동아파트11단지(1117동),37.507307,126.859905
신정1동주민센터.신오새마을금고,37.51720336,126.8543711
양명초교.신서중,37.51430526,126.8557025
신트리공원.목동아파트11단지,37.51392049,126.8571829
목동10단지상가,37.515967,126.859673
양천문화회관.양천일자리센터,37.51693324,126.862381
목동10단지농협,37.517802,126.856382
목동13단지,37.514516,126.869302
목동13단지,37.5135267,126.8680275
신서초등학교,37.52064102,126.8618413
신정1동우체국,37.521953,126.861673
우리은행신정동지점,37.521705,126.859385
목동프라자,37.51987595,126.8602781
목동10단지,37.519087,126.856654
신정네거리역,37.521037,126.853402
신정네거리역,37.519463,126.853398
길훈로즈빌아파트,37.52243302,126.871157
하이스트학원.종로학원,37.524815,126.869403
목동역,37.525797,126.865402
목동8단지지하도,37.52005,126.866912
양천구청.양천보건소,37.51816257,126.8661629
목동8단지.한전,37.52018346,126.8683292
진명여고,37.52394011,126.8651038
서울남부지방법원.서울남부지방검찰청,37.52179,126.865547
서울남부지방법원.서울남부지방검찰청,37.5218496,126.8659323
오목교역.청학스포츠타운,37.52362783,126.875315
현대아이파크아파트,37.52103408,126.8732569
목동중학교.서울출입국.외국인청,37.51987716,126.8708457
목동대학학원,37.524727,126.872863
목동7단지,37.525588,126.867124
제일은행앞,37.5193001,126.8640996
서울남부지방법원.서울남부지방검찰청,37.52219405,126.8633685
목동중학교,37.519063,126.870348
진명여고,37.52450719,126.8645744
우리은행신정동지점,37.521902,126.85871
목동역.목동오거리,37.52580579,126.8631069
신서고등학교.영상고등학교입구,37.52539572,126.8599725
신정역(은행정).신정4동주민센터,37.52463013,126.8542989
신정1동우체국,37.52215256,126.8614154
서울남부지방법원.서울남부지방검찰청,37.52253,126.864355
신정네거리역,37.52127697,126.8534321
신서고등학교.영상고등학교앞,37.522625,126.85945
제일여성병원,37.522473,126.851877
신정4동경서농협,37.521515,126.855172
목동역.홍익병원,37.52804955,126.8639152
목동역.목동오거리,37.52595861,126.862791
신서고교.영상고교입구,37.52565303,126.8603986
신정역(은행정).신정4동주민센터,37.524902,126.854377
양강중학교,37.525068,126.850553
신월문화체육센터,37.519969,126.835249
신월동우성상가,37.52179,126.833838
중부운수앞,37.52410407,126.8307798
신월문화체육센터,37.520117,126.836198
신월동우성상가,37.521717,126.83399
국립과학수사연구소입구,37.522355,126.837035
신안파크아파트후문,37.52392556,126.8288365
신안파크아파트후문,37.5241,126.828906
국립과학수사연구소.고강동종점,37.52345522,126.8257795
신정1동주민센터.신오새마을금고,37.51760318,126.8538762
신정네거리역,37.51985338,126.8528217
신트리아파트,37.513032,126.853865
정랑고개.양천벤처타운,37.51166135,126.8498548
서부트럭터미널.신정동일하이빌아파트,37.510935,126.842363
강신중학교,37.51527132,126.8403599
남명초교.신정3동주민센터,37.51507653,126.8549126
금옥중.금옥여고.백암고등학교,37.50985233,126.8445827
양강중학교,37.524862,126.85028
양강중학교,37.52385,126.849502
신월2동주민센터입구.경창전통시장,37.52310058,126.8460404
강서초등학교,37.522025,126.841675
한빛종합사회복지관,37.521342,126.838743
과학수사연구소입구,37.521905,126.836962
서부트럭터미널.신정동일하이빌아파트,37.510088,126.8424
신정현대아파트.서부트럭터미널,37.5083598,126.8429841
넓은들공원,37.510795,126.839199
넓은들공원,37.511066,126.838648
신정현대아파트,37.508781,126.842139
신정숲속마을아파트,37.506447,126.834138
신정숲속마을아파트.댓골마을입구,37.506761,126.835613
양천중앙도서관.푸른마을2단지,37.51419128,126.8340906
양천중앙도서관.푸른마을2단지,37.514032,126.833988
신월시영아파트.강월초등학교,37.515731,126.83553
신월시영아파트.강월초등학교,37.515937,126.835305
강월초교입구사거리,37.51635995,126.8377839
강월초교입구사거리,37.51669255,126.8378579
금실어린이공원,37.51795429,126.8377739
금실어린이공원,37.51742852,126.8378532
강신중학교,37.515863,126.839809
양서중학교,37.531548,126.830955
신월1동주민센터.신월보건지소,37.532183,126.83105
신월3동주민센터.신월3동우체국,37.53466482,126.8288289
서부여성발전센터,37.5351643,126.8290122
가로공원공영주차장.신영시장,37.536378,126.833023
국민은행신월동지점,37.535805,126.829107
서서울호수공원,37.52903473,126.8325722
서서울호수공원,37.52925059,126.8329213
하나은행신월동지점,37.530478,126.837995
가로공원공영주차장,37.536653,126.832582
양원초교.광영여고,37.5390246,126.8235072
국민은행신월동지점,37.53621493,126.8296039
메디힐병원.서울금융고등학교,37.53699263,126.8277769
신화중학교,37.539653,126.83135
신월5동주민센터.신월중학교,37.53947839,126.8275324
신월5동주민센터.신월중학교,37.539253,126.827617
신월중학교입구,37.539898,126.825283
신월중학교입구,37.540132,126.82566
광영고.신동아파밀리에아파트,37.53935779,126.8233616
서울금융고등학교,37.53732043,126.8270247
신화중학교,37.539355,126.830763
경창빌딩,37.51866,126.838582
신월시영아파트중문,37.519088,126.836715
신월시영아파트중문,37.519083,126.83658
목원초등학교.서울지방식품의약품안전청,37.543038,126.881355
양천노인종합복지관,37.510413,126.859079
양서중학교,37.53279646,126.8302431
양명초등학교,37.516086,126.857243
신목동역-서울지방식품의약품안전청,37.543635,126.88336
목동파라곤,37.5300691,126.8755215
신정현대아파트.서부트럭터미널,37.50901089,126.8420066
대일관광고.푸른마을3단지,37.51118,126.836222
대일관광고.푸른마을3단지,37.511319,126.835885
신정현대아파트,37.50863659,126.8410742
신월문화체육센터,37.520513,126.836879
목동아파트1102동앞,37.511596,126.860129
트럭터미널주유소앞,37.50908777,126.8415438
목동아파트1434동앞,37.515655,126.871975
목동아파트1216동앞,37.511505,126.862188
신월동기점,37.52947735,126.8385294
목동아파트1218동앞,37.51171675,126.863621
양천공영차고지,37.50849276,126.8372191
국립과학수사연구소.고강동종점,37.523548,126.825713
신월동기점,37.529577,126.838662
양천공영차고지,37.508701,126.837646
신정이펜하우스3단지,37.51412118,126.8304154
푸른마을1단지.이든채아파트,37.51265311,126.8353881
신교정입구,37.51866695,126.8738695
중부운수앞,37.52422031,126.8307795
푸른마을1단지.이든채아파트,37.512878,126.83488
신정교입구,37.518575,126.873613
신월청소년문화센터,37.5354516,126.8264418
계남초등학교,37.510125,126.857763
신목동역-서울지방식품의약품안전청,37.54364328,126.8835304
보람쉬움아파트,37.5298,126.835482
보람쉬움아파트.신영시장,37.52990444,126.8352416
신정이펜하우스2단지,37.514504,126.830539
신정이펜하우스1단지아파트,37.51398714,126.8280797
이펜하우스1단지.어르신요양센터,37.513244,126.828913
양천어르신요양센터,37.51361822,126.8284426
신정이펜하우스3.4단지,37.511293,126.83046
신정이펜하우스5단지.서남병원,37.511199,126.833468
푸른마을아파트3단지,37.51207898,126.8365885
강서보건소.9호선등촌역,37.54903807,126.8680475
목2동주민센터,37.546175,126.871381
동일하이빌아파트,37.51001402,126.8408156
팔복부동산.목동교회,37.5438945,126.8703833
신정현대아파트.서부트럭터미널,37.50842688,126.8412612
목동문화체육센터.건영아파트,37.54175562,126.8690347
한성교회.금옥여고.백암고,37.51078477,126.843065
우신웨스트빌.목동보건지소,37.53946323,126.8690376
대림.수정아파트,37.51233834,126.842443
벽산.대주아파트,37.51438982,126.8415303
성원.극동아파트,37.53800362,126.8716473
목동센트럴2단지,37.51552994,126.8410313
목동센트럴1단지,37.51642688,126.8407068
농협.영도초등학교,37.53591818,126.8705499
학마을2단지아파트,37.5088382,126.8442805
한신청구아파트,37.53969003,126.8815755
학마을2단지아파트,37.508967,126.844108
신정1동주민센터,37.51836539,126.8547129
목동10단지,37.51893713,126.8566247
오목교역.대학학원,37.52481065,126.8741567
목동프라자,37.51939999,126.8593706
신서초교,37.52063509,126.8621672
서울남부지법,37.52168132,126.8629843
한신청구아파트정문,37.53981803,126.8816171
목동8단지천주교,37.52259812,126.8688815
목동3.4단지사잇길,37.53279798,126.8716438
용왕산입구,37.53808809,126.8731058
성원.극동아파트,37.53800737,126.8717854
목동9단지B상가,37.51826527,126.860685
현대아파트.월드메르디앙아파트,37.5390524,126.869913
목동프라자,37.51950794,126.8592177
우신웨스트빌.목동보건지소,37.54023882,126.8688076
목동문화체육센터.건영아파트,37.54185041,126.8691975
신정1동주민센터,37.51840905,126.8543801
팔복부동산.목동교회,37.54384867,126.8704988
목2동주민센터,37.54669524,126.8713325
양동중학교,37.54752231,126.8687519
수명산입구,37.54341363,126.8288757
거산아파트,37.54019666,126.8319712
신곡시장,37.51874534,126.8425811
목동센트럴1단지,37.51655194,126.8404714
목동센트럴2단지.이마트24,37.51574513,126.8408153
벽산.대주아파트,37.51456079,126.8413478
대림.수정아파트,37.51229857,126.8423503
한성교회.백암고,37.51110809,126.842932
금옥여고.대우미래사랑아파트,37.50966462,126.8436827
동일하이빌아파트,37.51014356,126.8406524
현대아파트.월드메르디앙아파트,37.53871227,126.8703584
롯데캐슬아파트.목3동시장,37.54807006,126.8670352
신정이펜하우스1단지,37.515057,126.828095
서남병원,37.511742,126.832599
신은초등학교,37.513337,126.833538
신은초등학교,37.5134859,126.8336316
서남병원,37.511757,126.8325259
이펜하우스3.4단지,37.51157533,126.830252
양천어르신요양센터,37.513441,126.828909
신정이펜하우스1단지.새금성교회,37.514448,126.828504
목동역,37.52536741,126.8642855
목동역,37.52533548,126.8647257
갈산초등학교,37.51293597,126.8700048
갈산초등학교,37.51304632,126.8703835
화곡입구,37.53699272,126.8272224
화곡입구,37.53709889,126.827728
국립과학수사연구소,37.523023,126.836618
서부트럭터미널,37.50782651,126.8437883
대일고등학교,37.53940874,126.8638776
양천공영차고지,37.5084115,126.8374185
오목교역,37.52344,126.875152
오목교역,37.523328,126.875375
신도림4차e편한세상,37.51219814,126.8877444
목동현대백화점,37.52816907,126.8741805
강서양천교육지원청,37.54108456,126.8306668
거산아파트,37.540714,126.831693
우리은행앞,37.53593379,126.8277442
염창역.서울도시가스,37.547145,126.875895
염창역.서울도시가스,37.54696382,126.8750053
등촌역.강서보건소,37.549115,126.86872
등촌역.강서보건소,37.54941062,126.8675998
등촌중학교.백석초등학교,37.55267372,126.8614641
등촌중학교.백석초등학교,37.552903,126.86068
강서구청사거리.서울디지털대학교,37.554887,126.855528
강서구청사거리.서울디지털대학교,37.55523558,126.8540843
KBS스포츠월드,37.556782,126.850512
KBS스포츠월드,37.5570387,126.8489377
한국가스기술공사,37.558022,126.845633
한국가스기술공사,37.557972,126.843735
발산역,37.558502,126.83922
송정역,37.56143796,126.8097997
송정역,37.561353,126.810938
"공항중학교.마곡엠밸리9,10단지",37.5608,126.815552
발산역,37.55857335,126.8376109
마곡역,37.559695,126.827513
마곡역,37.559729,126.826223
"공항중학교.마곡엠밸리9,10단지",37.560738,126.817152
마곡동로사거리,37.559073,126.83399
마곡동로사거리,37.559102,126.832479
강서세무서,37.560136,126.822202
강서세무서,37.560159,126.82286
화원중학교,37.537835,126.841037
서울식물원.식물문화센터,37.56838835,126.8349619
백석초등학교.한국임업진흥원,37.55270361,126.8616543
등촌중학교.한국임업진흥원,37.55295219,126.8601041
강서대학교.강서LG베스트샵,37.55484,126.856033
하이웨이주유소.강서대학교,37.554537,126.855795
서울식물원.숲문화학교,37.566225,126.83415
LG사이언스파크,37.561979,126.833526
등촌주공5단지아파트,37.558187,126.843795
발산역4번출구,37.558627,126.8392815
발산역5번출구,37.55821097,126.8394839
공항중학교,37.56112,126.814653
송정역,37.561178,126.81072
송정역,37.56167898,126.8090169
공항시장,37.562263,126.808837
공항시장,37.562423,126.808751
공항시장역3번출구,37.56382489,126.8109494
공항시장역.공항성산교회,37.5647465,126.811384
방화주유소,37.566218,126.812578
방화2동청성아파트앞,37.56697617,126.811615
방신전통시장,37.569958,126.812862
방화2동우촌연립,37.57002343,126.8114749
국민은행방화동지점,37.57271878,126.8115903
국민은행방화동지점,37.57265711,126.8113414
한서고등학교.보람아파트,37.57483,126.811733
한서고등학교.보람아파트,37.57481624,126.8114186
방화역2번출구,37.576742,126.812627
방화역,37.57691187,126.8123587
방화3동주민센터.국립국어원,37.57913,126.813513
방화도시7단지.국립국어원,37.579305,126.813355
가양8단지아파트.가양역,37.56186214,126.8559124
가양역.마포중고등학교,37.55892751,126.8542039
가양역.마포중고등학교,37.55955916,126.8541936
경복비즈니스고등학교,37.55752808,126.8534483
경복비즈니스고등학교,37.55766284,126.853122
강서구청.한국건강관리협회,37.55262795,126.8505842
강서구청.한국건강관리협회,37.55266887,126.8501699
우장초등학교,37.55035323,126.8481814
우장초등학교,37.54936691,126.8477783
한국폴리텍1.서울강서대학교,37.54608728,126.8452748
한국폴리텍1.서울강서대학교,37.54584327,126.8447321
화곡본동시장,37.54317865,126.8426282
화곡본동시장,37.54334348,126.8432514
화곡역,37.541038,126.838753
화곡역7번출구,37.540872,126.837005
강서구청소년상담복지센터,37.540192,126.83556
화곡푸르지오,37.54015064,126.834479
외발산신광명마을,37.54606458,126.8215259
외발산신광명마을,37.545958,126.821132
강서면허시험장.메이필드호텔,37.5496839,126.819496
강서면허시험장.메이필드호텔,37.547798,126.820227
강서농수산물도매시장,37.55187,126.81998
영인운수.차고지,37.54533512,126.8179353
대한항공.메이필드호텔,37.549722,126.816819
공항동송정중학교,37.552778,126.815117
공항동송정중학교,37.55313,126.815368
국립항공박물관.공항동천주교회,37.555638,126.811917
국립항공박물관.공항동천주교회,37.555152,126.811943
공항동지하도입구,37.559087,126.808185
영인운수.차고지,37.545213,126.818291
방화중학교,37.5646214,126.8059168
서울방화초등학교,37.56719893,126.8056215
방화동도시개발11단지,37.570852,126.804202
개화119안전센터,37.575195,126.8026
개화119안전센터,37.575128,126.802225
개화역1번출구.개화검문소,37.578455,126.800345
개화역1번출구.개화검문소,37.57849426,126.7997884
상사마을,37.58249255,126.7985641
상사마을,37.58182,126.798335
영일고등학교.강서도서관,37.54898858,126.8633554
아이파크아파트.백석중학교.실로암안과,37.5451449,126.8621413
등촌2동주민센터.등촌동대림아파트,37.54194247,126.8629699
대일고교.임광아파트.배광교회,37.53979135,126.8635679
용문사.시립화곡청소년센터,37.53709721,126.8633458
목동사거리,37.533198,126.863521
목동사거리,37.53163377,126.8636088
화곡동남부시장,37.53183633,126.8588539
성석교회,37.53151222,126.8575906
서울신정초등학교,37.531128,126.852907
서울신정초등학교,37.530934,126.85253
화곡8동주민센터,37.530822,126.849587
화곡8동주민센터.까치산시장,37.53058851,126.8488201
KT강서지사,37.52997229,126.8475167
KT강서지사,37.52995383,126.8478811
화곡동유림아파트,37.530479,126.844302
화곡동유림아파트,37.530353,126.844427
황외과앞,37.53096322,126.8378394
까치산역2번출구,37.53177067,126.8468456
까치산역4번출구,37.53223863,126.8461928
화곡동백구사,37.5326,126.842518
화곡동백구사,37.532383,126.840795
화곡대림아파트,37.533003,126.83893
화곡동대림아파트.화곡중앙시장,37.53418,126.838322
가로공원.나누리병원,37.5367735,126.837192
가로공원.나누리병원,37.53743987,126.8368737
가로공원.나누리병원,37.536907,126.836673
가로공원.나누리병원,37.53717865,126.8362927
다운어린이공원.치유하는교회,37.53256448,126.8437952
화원중학교,37.537977,126.840433
신월초등학교,37.5386349,126.8389691
신월초등학교,37.53896541,126.8394912
화곡역5번출구,37.54064792,126.8409451
화곡역4번출구,37.54095273,126.8411221
화곡역1번출구,37.542798,126.839517
화곡역8번출구,37.54292941,126.8388886
대원시장,37.54406298,126.8382264
대원시장,37.54452489,126.8373132
화곡중고등학교,37.547224,126.836224
화곡중고등학교,37.547421,126.836467
우장산역,37.549241,126.8365028
우장산역,37.54980277,126.8361293
명덕고등학교.서울스타병원,37.553092,126.836523
명덕고등학교.서울스타병원,37.55329124,126.8363717
발산역.우장산힐스테이트,37.5560386,126.8376255
발산역.우장산힐스테이트,37.55676559,126.8374836
발산역2번출구,37.56009,126.838558
발산역3번출구,37.56017015,126.8389703
서울호서전문학교.등촌주공3단지아파트,37.56274927,126.8394809
서울호서전문학교.등촌주공3단지아파트,37.562662,126.839755
서울강서우체국,37.564569,126.84037
서울강서우체국,37.56456734,126.8400518
양천향교역.휴먼빌아파트,37.569217,126.841602
양천향교입구,37.57003,126.841425
가양한강타운아파트,37.570403,126.843453
가양한강타운아파트,37.57050587,126.8438103
가양2단지성지아파트.동양고등학교,37.569627,126.846542
가양2단지성지아파트.동양고등학교,37.569643,126.847348
한보구암마을아파트,37.568767,126.849027
가양동천주교영등포공업고등학교,37.56848329,126.8496503
서울서진학교.우체국앞.허준박물관,37.566848,126.85133
탑산초등학교.허준박물관,37.56669819,126.8517606
가양4단지아파트,37.56526,126.85329
대림경동아파트,37.56558806,126.8532162
가양5단지아파트,37.564242,126.85513
가양2동강변아파트,37.56417994,126.8556381
가양6단지아파트,37.56294639,126.8579044
가양초등학교,37.561717,126.85982
강서구청별관,37.561198,126.85976
가양3동주민센터,37.56141252,126.860753
가양9단지아파트,37.559812,126.863307
가양9단지아파트.세현고등학교,37.559813,126.86361
염창동아3차아파트.나이아가라호텔,37.54912227,126.8776266
염창동아3차아파트,37.54881687,126.8776893
염창동새마을금고,37.55023509,126.873324
염창동새마을금고,37.55015703,126.8727945
염창동한마음.관음삼성아파트,37.55304709,126.8697189
염창동관음삼성아파트,37.55292955,126.8693581
태영.삼성한사랑아파트,37.55506527,126.8654574
금호.한솔아파트,37.55544736,126.865485
블루나인비지니스센터,37.55624283,126.8637439
블루나인비지니스센터,37.55650706,126.8639189
증미역.강서소방서,37.557866,126.861431
증미역.강서소방서,37.55723078,126.8617195
가양역.현대프린스텔,37.56021961,126.8563498
가양역.현대아파트,37.560412,126.856722
가양역.우성아파트,37.56145209,126.8539737
가양역.우성아파트,37.562223,126.853228
SBS공개홀,37.5634891,126.8508002
SBS공개홀,37.5636591,126.849849
가양4.5단지상가앞,37.56408453,126.8526273
서울서진학교,37.566287,126.850292
등촌동대림아파트,37.56440514,126.848394
강서한강자이아파트,37.56501451,126.847871
가양동CJ주식회사,37.566652,126.844935
가양동CJ주식회사,37.566813,126.844067
양천초등학교.겸재정선미술관,37.56906849,126.8403425
양천초등학교.겸재정선미술관,37.568749,126.840489
겸재정선미술관.서울식물원,37.569779,126.838568
겸재정선미술관.서울식물원,37.57077334,126.8372947
마곡실내배드민턴장,37.572618,126.829851
마곡실내배드민턴장,37.57267477,126.8319559
서남물재생센터,37.573004,126.827321
서남물재생센터,37.572769,126.827155
서남환경공원.마곡청구아파트,37.57328221,126.8233293
서남환경공원.마곡청구아파트,37.573136,126.822208
방화동도시개발2단지아파트,37.57324952,126.8185241
방화동도시개발2단지아파트,37.573514,126.818829
방화동동부센트레빌아파트,37.57332251,126.8138644
방화동동부센트레빌아파트,37.573528,126.814217
방화사거리,37.57308557,126.8104924
방화사거리,37.573162,126.809421
개화산역,37.572521,126.806172
개화산역,37.57277106,126.8052934
등촌3동천주교회,37.560082,126.845797
등촌3동천주교회,37.5599579,126.8460351
등촌3동5단지아파트.등촌고등학교,37.561745,126.84519
등촌3동5단지아파트.등촌고등학교,37.56195,126.845205
등촌3동주공4단지아파트,37.562433,126.843177
등촌동부영아파트,37.562722,126.84275
등촌3동주공10단지아파트,37.56196643,126.8474153
등촌3동대림아파트,37.56259,126.84749
마곡13단지힐스테이트아파트,37.556702,126.817975
다솔마을.강서농수산물도매시장,37.55481797,126.8198769
강서공업고등학교,37.57553,126.816628
방화동도시개발1.2단지아파트,37.57522,126.816875
서울항공비지니스고등학교,37.56951691,126.8168323
서울항공비지니스고등학교,37.56896517,126.8163793
공항중학교,37.56344918,126.816255
공항중학교.마곡엠밸리9단지,37.562458,126.81676
양천향교역,37.56700014,126.8407488
방신전통시장,37.57005257,126.8126603
방화주유소,37.56669108,126.8125292
제과점앞,37.56021,126.809942
공항동천주교회,37.557387,126.811612
강서한방병원,37.53012593,126.8390315
강서한방병원,37.52999299,126.8393407
강서한강자이아파트,37.56636461,126.8500719
강서구청별관,37.561162,126.859807
우장산동주민센터,37.547926,126.841575
문성유치원,37.546913,126.844227
우장산투웨니퍼스트오피스텔,37.547202,126.845782
가양7단지상가,37.560708,126.861713
등촌주공9단지,37.561643,126.850602
강서구민올림픽체육센터,37.559912,126.850182
등촌주공6단지,37.560553,126.848477
등현초등학교,37.5611,126.847267
가양7단지상가앞,37.560737,126.86182
우장산휴먼빌아파트,37.54743835,126.8434782
우장산동주민센터,37.548077,126.841394
양서1단지우장산아이파크이편한세상,37.547995,126.83702
우장산파크빌,37.546653,126.845337
강서힐스테이트아파트,37.54785305,126.8369631
등촌주공6단지앞,37.560355,126.848447
강서구민올림픽체육센터,37.559795,126.850322
등촌9단지SBS공개홀,37.561875,126.850932
가양4.5단지상가앞,37.563943,126.852823
삼정그린코아아파트,37.57159607,126.8117012
강서농협,37.568327,126.812885
강서농협,37.568388,126.812767
서울방화초등학교,37.568165,126.805304
공항동주민센터,37.55883,126.810557
천주교성당,37.55602997,126.8123522
마곡나루역4번출구.서울식물원,37.565259,126.827772
마곡나루역5번출구.서울식물원,37.565369,126.8275
마곡역교차로,37.559349,126.828571
이대서울병원,37.55874,126.834829
김포공항국내선,37.55874,126.80421
김포공항국내선,37.558392,126.80465
김포공항국제선,37.56531,126.801112
김포공항국제선,37.56499803,126.8010313
발산역7번출구,37.557738,126.837903
신방화역5번출구,37.567393,126.817444
마곡엠밸리6.7단지.마곡중학교,37.567107,126.821451
마곡나루역,37.566759,126.825808
마곡역,37.56138,126.826913
마곡역,37.561329,126.827173
마곡나루역1번출구.웰튼병원,37.56695587,126.8265563
마곡동로사거리,37.55946749,126.8314961
마곡엠밸리11.12단지,37.560066,126.82157
마곡13단지힐스테이트후문,37.556634,126.818732
공진초등학교,37.55843228,126.8216429
송정역,37.56132008,126.8122235
외발산동기점,37.54520915,126.8213322
한국공항공사,37.562433,126.798872
한국공항공사,37.56242,126.798863
이마트(가상),37.56254745,126.7984631
개화동상사마을종점,37.588697,126.80181
마곡수명산파크7단지,37.549218,126.823065
마곡수명산파크5단지6단지,37.55131,126.82535
마곡수명산파크2단지,37.55490711,126.8264227
마곡수명산파크2단지,37.554787,126.826058
마곡수명산파크3단지4단지,37.55168483,126.8252226
마곡수명산파크7단지,37.549322,126.822762
마곡역6번출구,37.559571,126.825491
마곡역,37.56021843,126.8243288
화곡2동주민센터,37.53137688,126.8552227
화곡2동주민센터,37.531179,126.854478
마곡엠밸리14단지아파트,37.557467,126.826412
마곡엠밸리15단지아파트,37.55743876,126.8267496
발산역9번출구,37.558922,126.836511
공항동주민센터,37.558964,126.810619
신방화사거리,37.572868,126.816922
신방화사거리,37.572787,126.816537
방화2동우촌연립,37.5701349,126.8117127
개화역광역환승센터,37.57845,126.797811
개화역광역환승센터,37.57822,126.797978
방화2동청성아파트,37.56656391,126.8118934
핑크힐병원,37.54931475,126.8755585
롯데몰.김포공항역,37.562379,126.803024
송정중학교정문,37.554337,126.81623
염창동주민센터,37.553683,126.871126
대통마트,37.53505528,126.8560563
강원슈퍼,37.53559701,126.856939
화곡보람3차아파트,37.53645556,126.8582738
에이엔케슬,37.53713606,126.8591687
한광고,37.53779304,126.8584806
신정여상,37.53728369,126.8575412
명지해드는터아파트,37.53654698,126.8563782
동우아트빌,37.536478,126.855948
미주아파트,37.53741388,126.8549372
방송인아파트,37.53703347,126.854109
곰달래약국,37.53151997,126.858041
중앙하이츠빌라,37.53076413,126.8581895
곰달래아파트,37.529662,126.856579
삼성아파트,37.52921921,126.8541282
은창아파트,37.52893527,126.8518828
화곡전화국,37.529481,126.847914
까치산역4번출구,37.532641,126.846073
까치시장,37.53374267,126.846278
화곡탑건진선미아파트,37.53617,126.846713
개나리슈퍼,37.536642,126.848008
빨래세탁소,37.53716878,126.8491624
공작세탁소,37.53659151,126.8545741
주영렉스빌,37.53604702,126.855148
대통마트,37.53484255,126.8559979
국민약국,37.53175403,126.857847
주영렉스빌,37.535899,126.855048
약수터,37.53877765,126.8516393
신광명마을,37.54710826,126.8240687
수명중고등학교,37.54930247,126.8240952
마곡.수명산파크4단지,37.55061504,126.8244871
방화중학교,37.56426742,126.8065584
한마음아파트,37.55510781,126.8680232
우성아파트앞,37.55551558,126.8708997
우성아파트,37.55556159,126.8709494
봉제산정상,37.536704,126.85174
생태공원,37.583442,126.818551
NC백화점앞,37.559471,126.840246
염창역1번출구.강서평생학습관,37.54729799,126.8737556
명지해드는터아파트,37.53669741,126.8563185
하이웨이주유소,37.554465,126.854287
서광아파트,37.57883323,126.8194426
마곡엠밸리7단지앞,37.565419,126.824463
대림아파트,37.54833031,126.8751414
하나마트,37.55249234,126.8531016
정곡초교,37.57600074,126.8186173
등명중학교,37.55909511,126.8429615
동아3차아파트,37.54946212,126.8760291
미주아파트,37.53750509,126.8551022
백연공원,37.55062851,126.8520878
방화4단지,37.576744,126.813401
등촌3동성당사거리,37.55882591,126.8458654
새마을금고,37.55023775,126.8732765
방송인아파트,37.537196,126.854055
강서대학교,37.54947853,126.8512243
방화3동주민센터,37.57859255,126.8135875
등촌6단지,37.55956986,126.8476783
관음삼성.보람더하임아파트,37.55242246,126.8703833
공작세탁소,37.53646602,126.8543809
골목시장,37.54861944,126.8502357
등촌9단지,37.56140678,126.8487623
염창중학교,37.55335209,126.870934
대통마트,37.53496227,126.8558936
SK브로드밴드강서방송,37.54780995,126.8492844
정곡초교,37.575846,126.819574
강서세무서.공항초교,37.562005,126.820612
남부시장,37.53251978,126.8576985
수정빌딩,37.545809,126.84754
다솔마을,37.555154,126.816664
화곡유치원,37.5444216,126.8461327
마곡엠밸리14단지,37.55799191,126.8256188
등촌7단지아파트,37.561265,126.853035
삼천리아파트,37.55617403,126.8698493
화곡중앙하이츠빌라,37.53074774,126.8580424
본동시장,37.54283113,126.84422
마곡엠밸리14단지,37.558322,126.824727
한서고등학교.보람아파트,37.57486654,126.8114927
한마음아파트,37.5550445,126.8678151
곰달래아파트,37.52979428,126.8572149
본동사무소,37.5426468,126.8479741
볏골어린이공원,37.540965,126.841979
방신시장.LG베스트샵,37.57334232,126.812587
마곡엠밸리11.12단지상가,37.558666,126.821038
삼성아파트,37.52943377,126.8542115
거성빌라,37.54217874,126.8490739
마곡13단지힐스테이트상가,37.558364,126.820138
겸재정선미술관입구,37.5717978,126.8376286
한국건강관리협회,37.55382512,126.8509972
증미역2번출구,37.55718046,126.8626081
은창아파트,37.5291208,126.8518067
강서구립봉제산어르신복지센터,37.54177299,126.8502913
본동시장.새마을금고본점,37.54281926,126.8427421
금호APT,37.57433998,126.8371205
강서구청입구,37.55320432,126.8496142
등촌강변샤르망오피스텔,37.55862474,126.8571485
마곡13단지힐스테이트후문,37.55673739,126.8179906
대영마트,37.5405746,126.8510552
우체국,37.544197,126.84593
벽산아파트,37.57556406,126.8367589
우장산꿈에그린아파트,37.5532921,126.8477997
등촌현대아파트,37.55661729,126.8550856
까치산역1번출구,37.53260556,126.8463346
정은파크빌,37.54000556,126.8514174
화곡초교,37.54358481,126.8465565
벽산아파트,37.575737,126.836678
롯데3차APT,37.55287241,126.8465771
하이웨이주유소,37.555586,126.854095
까치시장,37.53354057,126.8460804
약수터,37.53877208,126.8515081
금호APT,37.5742938,126.8369598
강서구민회관,37.55306583,126.8442712
선교교회,37.53434202,126.8477613
겸재정선미술관입구,37.57183087,126.8374305
발산어린이집,37.55436714,126.8416539
화곡탑건진선미아파트,37.53599341,126.8468187
삼거리,37.53739,126.850132
롯데1차,37.55447022,126.8405796
개나리슈퍼,37.53657,126.848043
강서노인회관,37.55453248,126.8399796
빨래터세탁소,37.5369625,126.8492383
안골공원,37.53593151,126.8512591
우장산월드메르디앙아파트,37.554791,126.837889
방화동동부센트레빌아파트,37.573366,126.813811
삼거리,37.53733682,126.8502334
강남슈퍼,37.53519411,126.8510241
프라임마트,37.572874,126.818237
태창아파트,37.53757663,126.8508561
신정초교,37.53259739,126.851208
정은파크빌,37.5400282,126.8515067
마곡한솔솔파크,37.570045,126.82266
가양역,37.560449,126.856651
길훈아파트,37.568681,126.822572
마곡중학교,37.56863459,126.8217566
김포공항국내선,37.55954037,126.8033334
마곡나루역,37.567223,126.82779
롯데R&D센터,37.571318,126.828429
마곡나루역,37.567163,126.828066
대한항공,37.54998341,126.8150621
LG사이언스파크,37.562768,126.833982
김포공항국내선,37.559288,126.804054
마곡엠밸리1단지,37.56781,126.819153
마곡나루역,37.566687,126.825813
마곡나루역5번출구,37.565315,126.827481
대한항공,37.54988855,126.8164831
서울식물원.숲문화학교,37.566316,126.83451
마곡역2번출구,37.559964,126.825997
강서세무서.공항초교,37.56190171,126.8209337
강서세무서,37.562354,126.821392
마곡엠밸리7단지입구,37.565005,126.824649
마곡엠밸리7단지,37.56717,126.823576
마곡역,37.561203,126.826841
마곡엠밸리3단지입구,37.567457,126.819998
마곡중학교후문,37.56844809,126.8217854
길훈아파트,37.5688329,126.8227
마곡한솔솔파크,37.569673,126.822845
프라임마트,37.572986,126.818187
방화동동부센트레빌아파트,37.573523,126.8142
방신시장,37.5736123,126.8129196
한서고등학교.보람아파트,37.575013,126.811744
마곡역,37.56047383,126.827158
동아1.2차아파트,37.554667,126.871881
약수터,37.538286,126.851516
동아1.2차아파트,37.55465858,126.8720632
화곡역7번출구,37.54132981,126.8387732
마곡우림필유아파트,37.57201904,126.8206648
마곡우림필유아파트,37.5720488,126.8202678
대영마트,37.54059814,126.8511435
롯데R&D센터,37.570309,126.828546
마곡엠밸리7단지.712동,37.56723824,126.8235422
신방화역4번출구.마곡중학교,37.567457,126.819928
신방화역7번출구,37.56661,126.816377
마곡엠밸리4단지,37.56893158,126.8249811
마곡엠밸리5단지,37.566192,126.816778
화곡중앙골목시장,37.53470178,126.8377759
송화시장,37.54798224,126.8352516
삼천리아파트,37.55611181,126.8698053
LG주유소,37.53143399,126.8568371
오쇠동꽃단지,37.53822117,126.7978638
오쇠동꽃단지,37.53820882,126.7974938
강서구립봉제산어르신복지센터,37.54177762,126.850392
화곡중.고등학교,37.548014,126.833278
증미역,37.556687,126.863636
삼거리,37.53717987,126.8501047
남부시장,37.53253613,126.8578071
송정역,37.561345,126.809145
거성빌라,37.542193,126.849595
김포공항국내선,37.55970576,126.8030851
강서면허시험장,37.55027309,126.8188279
덕원여자고등학교.덕원예술고등학교,37.54925115,126.8321738
증미역,37.55629,126.86384
봉제산정상,37.53667755,126.8516123
김포공항국내선,37.55950851,126.803681
성우빌딩,37.53357287,126.8574555
발산초등학교,37.55078824,126.8314178
김포공항국내선,37.5585727,126.8044803
로미오이발클럽,37.53603466,126.8530366
방화대교남단(가상),37.58358116,126.8160003
강서면허시험장메이필트호텔,37.55024778,126.8181908
강서구의회,37.54518365,126.8621435
강서구의회,37.54634875,126.8629064
대일고등학교,37.53900909,126.8634754
목동사거리,37.53067508,126.8636807
김포공항국제선,37.56587131,126.8021757
강서면허시험장.강서농수산물시장,37.55009773,126.8184685
염창역2번출구,37.547248,126.87631
태영송화아파트,37.55387545,126.8675138
김포공항국제선,37.56570601,126.801935
대통마트,37.53488686,126.8561245
화곡초교,37.54342829,126.8467696
수명산근린공원,37.55201286,126.830814
관음삼성.보람더하임아파트,37.55205208,126.8703511
청송평화아파트,37.535303,126.853737
아람마트,37.53433945,126.8550235
수명산파크1단지,37.55341895,126.829825
새마을금고,37.55039001,126.8724183
성심사,37.53357223,126.8539817
성심사,37.53364879,126.8539521
마곡.수명산파크2단지,37.55361795,126.8278597
아람마트,37.53426471,126.85507
현대빌라,37.53443442,126.8538522
화곡역7번출구,37.54127017,126.8386545
마곡.수명산파크3단지,37.55318615,126.8258981
가양대교남단(가상),37.56055986,126.8668036
청송평화아파트,37.53522,126.853823
가양대교남단(가상),37.56094137,126.8671119
마곡수명산파크3단지.4단지,37.55174523,126.8252405
화곡보람3차아파트,37.53639532,126.8583825
로미오이발클럽,37.536154,126.853115
푸르지오APT,37.54185797,126.8311221
염동초교.염창보람더하임아파트,37.552059,126.870441
에이엔케슬,37.53716954,126.8592863
염동초교.염창보람더하임아파트,37.552272,126.870603
화곡유치원,37.544244,126.846235
나이아가라.리버파크.골든서울호텔,37.548858,126.877841
한광고,37.53785535,126.8585947
수정빌딩,37.54568011,126.8476446
수명산파크7단지정문,37.54796995,126.8242285
신정여상,37.5373927,126.8575206
SK브로드밴드강서방송,37.54758725,126.849183
나이아가라.리버파크.골든서울호텔,37.549122,126.877891
골목시장,37.54847525,126.8502247
서울자동차학원,37.54690451,126.8215964
강서대학교,37.54940115,126.8513127
백연공원,37.551068,126.852444
하나마트,37.552447,126.853192
강서구청후문,37.55045586,126.8502252
화곡보람2차아파트,37.553886,126.854029
강서아파트,37.55157295,126.8507266
개화동상사마을종점(가상),37.58257404,126.7985207
본동사무소,37.542748,126.847717
황제참치,37.55277415,126.8514758
청과시장2,37.55185365,126.8212167
콘티넨탈호텔,37.55409071,126.8522417
강서면허시험장,37.549503,126.819099
등촌역1번출구,37.552202,126.862807
발산역3번출구,37.55924607,126.8386305
수명산파크7단지상가,37.54738305,126.8222347
수명산파크7단지정문,37.54785107,126.8242775
수명중.고등학교,37.55006761,126.8241693
기업은행,37.56608841,126.8408607
마곡수명산파크5단지.6단지,37.55140845,126.8253975
김포공항국내선(11-2번홈),37.55985521,126.8027332
수명산파크상가,37.553341,126.826193
변전소,37.57070784,126.8378903
수명산파크5단지아파트,37.553482,126.828134
김포공항국내선(11-3번홈),37.56001617,126.802614
수명산파크1단지아파트앞,37.55325753,126.8297394
방화대교(가상),37.58354775,126.8204379
수명산근린공원,37.55158209,126.8309217
방화대교(가상),37.58424493,126.8217039
발산초등학교,37.54962732,126.8318357
변전소,37.57074728,126.8377373
화곡중.고등학교,37.54787562,126.8331242
마곡철교(가상),37.5774689,126.8368633
송화시장,37.54787149,126.8353186
마곡철교(가상),37.57776068,126.8370996
우장산월드메르디앙아파트,37.55462522,126.8379443
강서노인회관,37.55447057,126.8395111
롯데1차,37.55437097,126.8404847
김포공항국제선(1경기),37.56527679,126.8013317
발산어린이집,37.55426969,126.8415568
강서구민회관,37.55288372,126.8442048
방화3동주민센터,37.57838631,126.8136548
롯데3차APT,37.5527407,126.8464574
방화동삼익아파트,37.57680692,126.8132285
공영주차장,37.55318672,126.8478384
방화중학교(시외버스),37.56386543,126.8066857
강서구청입구,37.55309512,126.8498215
서광아파트,37.57883265,126.8196509
생태공원,37.58348242,126.8185765
등촌7단지,37.561276,126.8532
등촌10단지,37.56153368,126.8486444
등촌미주.진로아파트,37.55990696,126.8477466
등촌3동성당사거리,37.55896348,126.8456364
등촌5단지,37.55914234,126.8439156
공원앞,37.55935034,126.8417736
발산역.NC백화점,37.5597454,126.8394595
동우아트빌,37.53665141,126.8560381
태창아파트,37.537744,126.850788
김포공항역3번출구,37.562495,126.80188
강서농수산물도매시장,37.553498,126.818103
강서농수산물도매시장종점,37.55451677,126.8226727
등촌동주공9단지,37.56291828,126.849752
등촌주공9단지,37.562737,126.849984
등촌동주공8단지,37.56210126,126.8513905
화훼단지,37.55629322,126.7692004
화훼단지,37.55639891,126.7688707
국립항공박물관,37.55633063,126.8076814
등촌주공8단지,37.56162367,126.8521
대한항공화물청사,37.55143217,126.8132205
대한항공훈련센터,37.54628775,126.8131745
가양대교(가상),37.56545633,126.8585762
가양대교(가상),37.56586878,126.8585869
김포공항화물청사,37.55342047,126.8112609
김포공항세관.국립항공박물관,37.55566085,126.8080679
강원슈퍼,37.53551602,126.8570263
대한항공빌딩,37.55073415,126.8145691
대한항공,37.549578,126.8168536
김포공항국제선,37.56488592,126.8008097
신도림역,37.5097163,126.8891801
신도림역,37.50910805,126.8884639
신도림동.구로역,37.506145,126.884125
신도림동.구로역,37.50534359,126.883228
구일역.중앙유통상가,37.499883,126.874701
구일역.제일제당,37.49971,126.87453
동양미래대학.구로성심병원,37.4996344,126.8679977
동양미래대학.구로성심병원,37.49937648,126.8670187
개봉역.영화아파트,37.49694182,126.8602005
개봉역.한마을아파트,37.49647736,126.8620566
경인중학교.개봉사거리,37.49744859,126.8554374
경인중학교.개봉사거리,37.49730686,126.8551547
구로디지털단지역,37.48309943,126.9015481
신도림역,37.506549,126.892103
신도림역,37.50701588,126.8915708
서울미래초등학교,37.505102,126.889452
서울미래초등학교,37.50525394,126.8893191
한국SGI,37.502477,126.889783
거리공원.구로신협본점앞,37.502787,126.888566
거리공원,37.499974,126.891835
구로도서관.대성스카이렉스,37.499565,126.891075
구로고등학교,37.496567,126.891578
영림중학교,37.496915,126.891622
구로구청,37.49456195,126.8879268
구로구청,37.49475088,126.8876042
고대구로병원후문,37.493233,126.884567
대림역,37.490945,126.893978
대림역,37.491138,126.893798
영서중학교,37.489831,126.892204
영서중학교,37.490202,126.89234
구로두산아파트,37.488807,126.890072
구로종합사회복지관,37.487893,126.889168
남구로역,37.485278,126.886787
남구로역,37.48531,126.886453
한국산업단지공단.이마트구로점,37.484138,126.896751
고용노동부관악지청.이마트구로점,37.48365,126.89805
디지털산업1단지,37.483846,126.895035
디지털산업1단지,37.483965,126.894763
하이엔드1차·보건지소·치매센터,37.481748,126.89293
지하이시티·보건지소·치매센터,37.48169766,126.8926352
디지털단지오거리,37.47989622,126.8906988
디지털단지오거리,37.479933,126.890398
퀸즈빌,37.487314,126.832802
가리봉시장,37.48301,126.887123
가리봉시장,37.4824286,126.8869929
남구로역,37.48418,126.886268
구로4동자치회관,37.4860984,126.8856451
구로시장,37.487987,126.88486
구로시장,37.48798,126.88461
구로4동우체국.고대구로병원정문,37.49024842,126.8842399
구로4동우체국.고대구로병원정문,37.48990222,126.8840651
구로119안전센터,37.49378426,126.8832313
구로119안전센터,37.49383625,126.8829564
우리유앤미아파트,37.49677418,126.8823841
구로변전소.구로초등학교,37.49778869,126.8840767
쌍용구로정비사업소,37.49957385,126.8823344
구로역·NC신구로점,37.50003843,126.8828494
구로역·NC신구로점,37.500848,126.88258
구로역.구로기계공구상가,37.50356809,126.8793093
구로역.구로기계공구상가,37.50341729,126.8789985
기업은행구로중앙지점,37.50516558,126.877402
기업은행구로중앙지점,37.50487346,126.8772441
두암빌라,37.495086,126.825715
항동우남퍼스트빌,37.476619,126.819012
신도림중학교,37.50649443,126.8849527
신도림중학교,37.506772,126.884705
구로역,37.50455,126.882277
구로역,37.5048451,126.8821395
초롱타운회전교차로,37.495703,126.879839
솔길공원,37.489291,126.880367
GS25,37.492841,126.880194
한일유앤아이아파트,37.48564621,126.8760349
항동우남퍼스트빌,37.476683,126.818752
구로SKV1지식산업센터,37.47774675,126.8172857
구로SKV1.제일풍경채포레스트,37.477579,126.817092
개봉사거리,37.49725179,126.8573774
경인중학교,37.496893,126.8563
개봉치안센터,37.49819602,126.8518576
오류1동주민센터.오류문화센터,37.49683797,126.8461421
오류1동주민센터.오류문화센터,37.49652412,126.844586
오류동역,37.495698,126.843351
오류동역,37.49560231,126.842537
씨티월드,37.494463,126.840682
오류지구대.신오류주유소,37.49426454,126.8394648
서울가든빌라앞,37.49113271,126.8313416
서울가든빌라앞,37.491563,126.8316708
성공회대학교유한공고앞,37.48948272,126.825182
영풍마드레빌아파트.소공원사거리,37.49113093,126.8395381
연세중앙교회,37.49310828,126.8354231
궁동청소년문화의집,37.493319,126.832823
궁동청소년문화의집.구로검사소,37.493133,126.833633
우신고등학교,37.4933,126.830847
우신고등학교,37.4930634,126.8304506
온수역,37.49282656,126.8238226
온수역,37.49277702,126.8244009
온수동새마을금고,37.49605595,126.8243872
정진학교.온수힐스테이트아파트,37.49697459,126.8221461
수궁동주민센터,37.494651,126.830866
수궁동주민센터,37.494359,126.830852
수궁119안전센터,37.496815,126.829596
수궁119안전센터,37.49678424,126.8293339
예림디자인고.오류고.서울공연예술고,37.498605,126.829242
예림디자인고.오류고.서울공연예술고,37.4984,126.82904
서서울생활과학고.궁동도서관,37.502837,126.828968
서서울생활과학고.궁동도서관,37.502207,126.829187
오남중학교.삼미주택,37.48853275,126.8367979
오남중학교,37.488103,126.837161
구로2동지하차도입구,37.49021728,126.8812188
구로우체국.이펜하우스5단지후문,37.481946,126.842284
천왕역4번출구,37.4859414,126.8393715
오류2동주민센터,37.488647,126.839775
오류2동주민센터,37.488887,126.839681
오류2동새마을금고,37.49052297,126.8406512
오류2동새마을금고,37.49062,126.840575
대원주유소,37.4869344,126.8565298
대원주유소,37.4873584,126.8561852
현대아파트.개봉중앙시장,37.490752,126.856119
현대아파트.개봉중앙시장,37.490533,126.855865
덕의초등학교,37.50633773,126.8594403
덕의초등학교,37.50615802,126.8583582
고척근린공원,37.50472246,126.8552979
고척근린공원.고척도서관,37.50463373,126.8544694
세곡초등학교,37.50266835,126.8498423
세곡초등학교,37.50318205,126.850607
개봉푸르지오아파트,37.50213683,126.8478312
개봉푸르지오아파트,37.50199384,126.8480532
고척근린시장,37.50112329,126.850809
용두연립,37.49900153,126.851795
우리유엔미아파트,37.497217,126.882629
쌍용구로정비사업소,37.49983757,126.8825792
고척파크푸르지오아파트,37.507543,126.859315
고척시장,37.503852,126.861938
고척시장,37.503137,126.86199
고척중학교,37.500468,126.863863
고척중학교,37.500962,126.863243
구로디지털단지역,37.48348969,126.901646
삼부르네상스.효성아파트,37.478747,126.894635
구일우성아파트,37.489495,126.8757
구일우성아파트,37.49013,126.875812
개봉역,37.493978,126.85672
개봉역,37.493481,126.857569
개봉1동사거리.개봉푸르지오아파트,37.501413,126.846791
개봉1동사거리,37.50046951,126.8469151
구로1동우체국,37.491568,126.874502
구일우성아파트,37.48871476,126.8762607
디지털단지입구,37.486425,126.876458
구로보건소,37.50023,126.889167
궁동삼거리,37.50640132,126.8284512
구일우성아파트,37.48974303,126.8758257
개봉역,37.49344724,126.8570002
웰크론,37.48273209,126.8936972
남구로역,37.484932,126.88737
개봉고가,37.493655,126.855587
구로남초등학교,37.48399,126.89101
연세중앙교회,37.49330279,126.8359814
가리봉파출소,37.479247,126.891739
동양빌라,37.49518984,126.8315971
남구로역6번출구,37.487735,126.888568
궁동입구,37.4934389,126.83408
현대아파트,37.504635,126.886618
롯데아파트,37.502823,126.884727
구로역·NC신구로점,37.50213129,126.8832785
롯데아파트,37.50272117,126.8847504
제중병원,37.50361498,126.8866148
구로역,37.50207124,126.882775
구로중앙하이츠아파트.화원복지관,37.498288,126.87982
신동아미래지움아파트,37.50012,126.880378
초롱타운아파트,37.49582924,126.8800117
한양수자인아파트앞,37.478107,126.824632
온수동종점,37.491642,126.821273
온수동종점,37.491968,126.82122
신도림생활체육관.우성3차아파트,37.51318585,126.8832045
우성3차아파트,37.51285,126.885488
구로구청,37.49592855,126.8884812
대림역,37.49350098,126.8943735
구로중학교,37.49309315,126.8908083
우신고등학교후문,37.49604407,126.824903
동양빌라,37.49532,126.831304
궁동입구,37.49345532,126.8342168
동부골든아파트,37.49873,126.840162
거성푸르뫼아파트,37.50032244,126.8433198
거성푸르뫼아파트,37.500614,126.843553
오류동삼거리,37.49537031,126.8408784
오류동삼거리,37.49578512,126.8403656
동부골든.한신플러스타운,37.49863,126.840383
구로역.나인스애비뉴,37.49982279,126.8834798
개봉1동사거리,37.50121091,126.8453709
개봉1동사거리,37.50106785,126.8455329
동부골든아파트후문,37.499917,126.842048
동부골든아파트후문,37.49956847,126.8419151
항동하버라인3단지,37.478746,126.822944
항동하버라인3단지,37.47916111,126.8230451
푸른수목원,37.481497,126.824438
항동복합행정센터,37.479629,126.822093
푸른수목원,37.48119036,126.8245518
항동복합행정센터,37.479519,126.822276
푸른수목원후문.저수지앞,37.48428958,126.8224245
매화빌라,37.476655,126.823154
그린빌라정문,37.486043,126.823435
매화빌라,37.476712,126.82332
푸른수목원후문.저수지앞,37.483782,126.822295
항동중흥S클래스,37.48108359,126.8216009
항동하버라인2단지,37.481273,126.821658
디지털단지오거리,37.48011533,126.8887535
연지타운2단지,37.48373069,126.8408329
연지타운2단지,37.4838,126.84123
원각사입구,37.50055659,126.8295257
삼각공원,37.50185,126.892516
고척고교.한일유앤아이.삼익아파트,37.50823595,126.852461
삼덕마을입구,37.50747963,126.8500804
삼덕마을입구,37.50734089,126.8501021
그랜드아파트.홍진연립,37.50800765,126.8479449
그랜드아파트.홍진연립,37.50786172,126.8479791
오류중학교,37.50797,126.846905
연지마을,37.48276303,126.8422699
신도림역,37.510456,126.890052
경남아너스빌아파트,37.49084575,126.8394522
서울남부교정시설,37.47688081,126.8397338
오류남초등학교후문,37.489316,126.837192
서울남부교정시설입구,37.476796,126.841643
천왕이펜하우스6단지후문,37.477261,126.841953
미래여성병원,37.491286,126.840201
동부그린아파트,37.49005,126.832306
오류동푸르지오아파트.송기산내과의원,37.49129846,126.8415591
1호선구일역,37.49547596,126.8722336
SK허브수.한신아파트,37.49548273,126.8733862
그린빌라정문,37.4858461,126.8234379
경서농협앞,37.50262693,126.8640032
고척고교.한일유앤아이.삼익아파트,37.508044,126.852639
구로디지털단지역,37.48448438,126.9014954
천왕역3번출구,37.48719299,126.8386191
대림역4번출구,37.494421,126.894201
동아1차APT105동,37.510083,126.882003
오류동역.시장입구,37.493467,126.843812
개봉한진아파트.기점,37.48604673,126.8520773
개봉역,37.4951118,126.8586856
개봉역,37.49503364,126.8581281
구.사조참치,37.48317476,126.9000464
신도림중학교,37.51069733,126.8844436
개봉사거리,37.49744142,126.8559171
우리은행앞,37.49226585,126.84346
123전자타운.2001아울렛,37.49709674,126.8623394
개봉3동주민센터,37.48616087,126.8540164
국민은행.구로구민회관.구로아트밸리,37.49582064,126.8896836
1호선구일역,37.495307,126.872227
용두연립,37.49879912,126.8520611
남부종합상가,37.491665,126.842483
고척공구상가,37.498677,126.860409
개봉전화국,37.486357,126.856005
세븐일레븐편의점,37.49165158,126.8557099
대림6차태영프라자,37.50625186,126.883187
고척초등학교,37.499641,126.858038
개봉1동주민센터,37.50038644,126.8510152
보람아파트,37.48628535,126.8968737
개봉역.림괄아파트,37.49388204,126.858684
덕의초등학교.고척동성당,37.5056425,126.8576518
이마트,37.49157109,126.8540092
구로고대병원정문,37.49235083,126.8834654
대림5차아파트.신도림주민센터,37.50744851,126.8813606
세곡초등학교,37.5027164,126.8493638
새마을금고사거리,37.50169929,126.859043
삼환로노즈빌아파트,37.498884,126.856788
낙원할인마트,37.49993765,126.849556
오류고등학교.수궁동복지회관,37.49876118,126.8286519
경북슈퍼마켓,37.48817832,126.8568382
오류동삼거리,37.49567606,126.8404273
대림5차아파트702동,37.50765857,126.8796862
서울가든아파트,37.50107368,126.8603584
성화단지앞,37.5004599,126.8557461
현대별장맨션타운4차.덕성교회,37.49815347,126.8265496
구로2동지하차도입구,37.49016427,126.8811731
대림3차아파트,37.50688061,126.8784998
고척1동주민센터.한효아파트,37.50077474,126.8620827
대우아파트,37.50235628,126.856127
개봉1치안센터,37.50337745,126.8469793
우신중.고후문,37.49600732,126.8255107
항동중학교,37.483237,126.822022
항동중학교,37.482759,126.821535
한일유엔아이APT.현대로얄APT,37.486463,126.876791
신도림미성아파트,37.50600355,126.8764811
금강수목원아파트정문.동도아트빌,37.48922497,126.8325389
청구아파트후문,37.50114585,126.8635071
경남아파트앞,37.50391553,126.8564113
삼원목욕탕,37.50472371,126.8462945
온수초교후문,37.49434461,126.8247852
월드아파트,37.50539,126.876845
서해그랑블아파트.금강수목원아파트후문,37.48832,126.830948
고척시장,37.50310353,126.862377
양우아파트,37.5048737,126.8559186
경북슈퍼마켓,37.48811,126.856917
오류중학교,37.50649681,126.8454007
온수역,37.49295466,126.8250915
센추리아파트,37.50496571,126.8612662
고척2동주민센터.고척지구대,37.50652587,126.8585226
철산교앞,37.48809308,126.859418
우신중.고후문,37.49587216,126.8255144
오류동교회,37.49673019,126.8396348
리가아파트,37.506062,126.860804
덕의공원,37.50690112,126.8557781
현대IPARK후문,37.48891659,126.8600859
건강약국,37.5027959,126.844646
현대별장맨션타운4차.덕성교회,37.49810496,126.8266538
항아리,37.49867586,126.8864312
한일유엔아이APT,37.48561824,126.8759504
럭비구장,37.491279,126.827002
세양청마루아파트,37.50672328,126.8623952
진성아파트,37.50702353,126.8550186
현대IPARK정문,37.49104416,126.8609086
개봉전화국,37.486438,126.85601
개봉중학교,37.50229561,126.8431461
오류중학교,37.50649843,126.8452627
오류고등학교.수궁동복지회관,37.4986707,126.8284021
온수역,37.49203726,126.8238225
경남1차.중앙하이츠아파트,37.50536335,126.863013
구민체육센터후문,37.50752685,126.8539612
현대2차APT,37.49188086,126.860544
개봉3동주민센터,37.4862735,126.8540082
건강약국,37.50266532,126.8447062
삼원목욕탕,37.50471005,126.8461848
거성아파트,37.489858,126.850769
GS25.한신아파트,37.49573382,126.8740427
구로고.구로도서관,37.498569,126.890803
천왕역1번출구,37.485768,126.839171
오류동역2번출구,37.493629,126.84379
미래빌라,37.492708,126.84199
우림필유아파트,37.49424505,126.847189
동부에이스,37.494906,126.849718
개봉푸르지오후문,37.50017011,126.8491645
개봉푸르지오정문,37.50104575,126.8487501
개봉1동사거리,37.501416,126.845544
신도림역.아이파크아파트,37.510607,126.888462
동아2차아파트상가,37.508611,126.886786
동진빌라.오정초등학교,37.49066893,126.8253388
마젤란아파트.예인학원앞,37.50441127,126.8633575
개봉한진아파트.기점,37.48614945,126.8520748
정도주택,37.494105,126.851695
신세기아파트,37.493909,126.853449
브라운스톤,37.490894,126.853149
개웅어린이공원,37.489956,126.853242
거성슈퍼,37.489957,126.852691
대림그린빌라,37.489906,126.851854
에덴맨션,37.492712,126.851464
구로보건소.금호새솔아파트,37.500349,126.890564
구로공구상가,37.50471684,126.8774141
한화비즈메트로,37.48065,126.893565
한국산업기술시험원.디지털탑프라자,37.48161251,126.8973623
구로디지털단지우체국,37.482986,126.898154
JNK디지털타워,37.48209,126.897473
에이스하이엔드타워2차.G밸리산업박물관,37.48081,126.895785
에이스하이엔드타워1차,37.481225,126.892915
천왕이펜하우스6단지후문,37.47790676,126.8427844
천왕이펜하우스6단지후문,37.47820668,126.8426741
연지타운2단지,37.48193475,126.8448667
연지타운2단지,37.48210554,126.8452305
남부교도소,37.47643247,126.8407003
남부교도소,37.4762796,126.8409403
지타워.G밸리산업박물관,37.480562,126.894942
개봉1치안센터,37.50328877,126.8466956
하이츠.영화.우방.한국현대,37.496861,126.874964
영림중학교,37.497675,126.891504
유한공고.성공회대앞,37.488482,126.824599
우성꿈동산.산업인아파트,37.50353479,126.8636136
삼성그린빌라,37.49048506,126.8516795
SK허브수.구로우성APT,37.495684,126.8738019
구로구민회관,37.496298,126.890557
KEB하나은행,37.48449299,126.8957737
동삼빌라,37.48726514,126.8239106
천왕이펜하우스2단지,37.48565247,126.8379747
구로우체국.이펜하우스3단지후문,37.481893,126.842149
금강수목원아파트,37.489298,126.834398
덕성빌라,37.49111488,126.8516375
현대상선.구일중학교,37.4953253,126.8745919
구로구청,37.494691,126.889183
오류동교회,37.49697722,126.8397315
한일한의원,37.50193991,126.8644523
항동하버라인10단지,37.479763,126.825695
항동제일풍경채,37.47589344,126.816872
선경아트빌라,37.492001,126.851535
구로중학교,37.4932861,126.890181
항동생활체육관,37.4774,126.822707
디지털단지오거리,37.479993,126.89081
디지털1단지,37.4837488,126.8948984
코오롱싸이언스밸리.베스트웨스턴구로호텔,37.48351825,126.8991865
베스트웨스턴구로호텔코오롱싸이언스밸리,37.483303,126.8992
유풍약국,37.50127317,126.8653108
구민체육관후문,37.5074094,126.8537205
개봉교입구,37.48595984,126.8561472
크로바마트,37.49354758,126.8514133
동구로새마을금고,37.491113,126.892158
동양미래대학교.구로성심병원,37.50029407,126.8664493
진성아파트,37.50691982,126.8549532
대원카센터,37.48512353,126.8546041
낙원할인마트,37.49983678,126.8496003
개봉사거리,37.497226,126.855836
구로주공APT,37.49155739,126.8759202
구로시장.남구로시장,37.48929152,126.8909462
푸른수목원후문,37.484203,126.822527
청구아파트.동아한신아파트,37.50050808,126.8644775
덕의공원,37.50657321,126.8559436
한진APT후문,37.48381246,126.8539078
개봉1동주민센터,37.50031802,126.8510595
롯데시티호텔구로,37.485089,126.897994
롯데시티호텔구로,37.485405,126.897008
알뜰슈퍼,37.50838778,126.8799022
성락교회크리스천선교센터,37.509412,126.882139
구일우성아파트,37.48982889,126.8757444
구로3동주민센터.삼성래미안아파트,37.487409,126.890517
신도림역,37.508551,126.887724
고척1동주민센터.한효아파트,37.50083373,126.8624422
금강수목원아파트,37.489458,126.834458
항동하버라인4단지,37.481904,126.825394
고척2동주민센터.고척지구대,37.50640248,126.858576
별장쉐르빌앞,37.487297,126.83341
덕일전자공업고등학교,37.489847,126.83753
개명초교,37.48228086,126.8526749
항동하버라인4단지.푸른수목원,37.482717,126.825953
항동하버라인3단지아파트,37.479718,126.825543
세븐일레븐,37.50924427,126.878574
하나마트,37.51043657,126.8795879
진흥슈퍼,37.5114476,126.8804731
신도림자동차학원,37.512327,126.881548
우성아파트,37.511592,126.885607
신도림역,37.510557,126.889775
도림천역2번출구,37.51457321,126.8831161
구로3파출소,37.48614912,126.8916518
동삼빌라,37.48719856,126.8239763
천왕이펜하우스3단지입구,37.482418,126.838209
신도림동아3차아파트,37.510209,126.883688
구로보건소,37.50035972,126.8889644
서울가든아파트,37.50116123,126.8604736
구로역(NC백화점),37.4996999,126.8831339
구로역(NC백화점),37.50048011,126.8829913
구로구청,37.4957879,126.8903215
구로구청,37.49587003,126.8885413
오류동입구,37.500482,126.846946
개봉역입구,37.491225,126.855844
개봉역입구,37.49103306,126.856151
개봉교,37.48764669,126.856136
개봉교,37.48658033,126.8565859
대림역,37.49335324,126.8944156
고척사거리.고척파크프리지오,37.50682458,126.8596543
대상APT,37.48190533,126.8499947
구로시장.남구로시장입구,37.49017455,126.8815338
에이스테크노타워,37.485025,126.894149
구로공구상가,37.5033557,126.8795721
보성운수기종점,37.490156,126.892827
새마을금고사거리,37.50150325,126.8586283
양우아파트,37.50481765,126.8557649
영화APT,37.48227206,126.8485658
천왕역,37.48629922,126.8386352
대우자동차정비소,37.49154212,126.8821344
고척초등학교,37.499467,126.85815
경남아파트,37.503879,126.856363
남부주유소,37.482341,126.847273
신도림역2번출구,37.507635,126.891884
구로고대병원후문,37.49347753,126.8856372
구로3동현대아파트,37.486987,126.897856
공구상가,37.498624,126.860118
대우아파트,37.50235252,126.8559981
123전자타운.2001아울렛,37.49729256,126.8618086
성화단지앞,37.50057963,126.8556554
구로디지털단지입구,37.48292657,126.9006494
삼환로즈빌아파트,37.498706,126.856646
문성골,37.48149236,126.8999955
에이스테크노타워,37.48526977,126.8937835
구로3파출소,37.48618349,126.891792
구로3동주민센터.삼성래미안아파트,37.48738713,126.8905622
구로시장.남구로시장,37.4891692,126.891194
구로구청후문,37.496042,126.888052
동구로새마을금고,37.49140762,126.8922617
구로구청,37.49473188,126.8894341
강서수도사업소.민원센터,37.49609204,126.8908356
영림중학교,37.49761747,126.8916635
구로고.구로도서관,37.49862057,126.8908715
항아리,37.49885324,126.8862918
미성아파트,37.50581985,126.8774688
대림1.2차아파트,37.50634689,126.8782394
대림5차아파트702동,37.5074731,126.8798403
대림5차아파트.신도림주민센터,37.50734214,126.8813246
대림6차태영프라자,37.50622022,126.8830796
신도림역,37.51066478,126.8899932
현대우성아파트,37.51174628,126.8854408
동아1차아파트102동,37.510818,126.884131
동아1차아파트105동,37.51000237,126.8824063
1호선구일역,37.49521732,126.8722148
금강수목원아파트정문,37.48920579,126.8329902
고척근린시장,37.50098477,126.8510129
구로시장.남구로시장입구,37.49076619,126.883867
구로주공.구일우성APT,37.49137813,126.8759759
구로1동주민센터.연예인APT,37.49295615,126.8761587
천왕이펜하우스5단지입구,37.47944324,126.8421808
구일고교.구일초등학교,37.493192,126.874768
구로1동주민센터.연예인APT,37.493082,126.876008
구로디지털단지역,37.484059,126.901827
구일초등학교.구일고등학교,37.493264,126.874804
개봉역,37.49526586,126.8586581
개봉역,37.49501638,126.8587649
KEB하나은행,37.48495713,126.895851
천왕이펜하우스3단지입구,37.482726,126.838378
천왕역2번출구,37.486362,126.83834
천왕이펜하우스1단지,37.48562961,126.8377362
천왕이펜하우스4단지,37.481043,126.838628
천왕이펜하우스6단지,37.47937634,126.8406703
천왕이펜하우스5단지,37.479894,126.840309
천왕이펜하우스3.4단지,37.48116951,126.8386561
온수남부역,37.49184319,126.8242097
온수남부,37.4919749,126.8243078
궁동사거리,37.50609686,126.8279101
유한공고.성공회대학교,37.48954527,126.824741
문성초등학교,37.47536371,126.8986661
문성초등학교,37.474034,126.89833
금천우체국,37.468978,126.898028
금천우체국,37.470136,126.898003
말미고개.금천소방서,37.463604,126.897555
말미고개.금천소방서,37.464832,126.897496
금천구청.금천경찰서,37.45920883,126.8988722
금천구청.금천경찰서,37.457841,126.8993
시흥사거리,37.45218243,126.901652
시흥사거리,37.453086,126.901123
박미삼거리.국립전통예술중고,37.44784322,126.9032727
박미삼거리.국립전통예술중고,37.449067,126.902663
시흥유통센터,37.44019,126.903622
시흥유통센터,37.440958,126.903369
한일유엔아이아파트,37.48545902,126.8762259
디지털3단지.롯데정보통신,37.48487,126.876718
에이스하이엔드타워5차,37.485702,126.879317
디지털3단지.영창실업,37.483259,126.879078
디지털3단지운동장,37.48216273,126.877893
가산디지털단지역,37.481293,126.881042
가산디지털단지역,37.48080391,126.8814808
디지털3단지.월드벤처센터,37.478902,126.879443
디지털3단지.(주)로옴코리아,37.479611,126.88022
디지털3단지사거리,37.47667143,126.8805771
디지털3단지사거리,37.47584499,126.8804495
디지털3단지사거리,37.4757765,126.8813406
금천패션아울렛사거리.마리오,37.478263,126.888333
금천패션아울렛사거리.W몰,37.47766169,126.8878763
금천패션아울렛사거리.현대아울렛,37.478117,126.888492
디지털단지오거리,37.47821042,126.8907158
디지털단지오거리,37.47829,126.890965
디지털단지오거리,37.478558,126.893432
가산초등학교,37.47823462,126.8955562
가산동주민센터.금천글로벌센터,37.47661223,126.8920987
가산동주민센터.금천글로벌센터,37.47624424,126.8927188
구립가산도서관.두산위브아파트,37.474622,126.893887
구립가산도서관.두산위브아파트,37.474095,126.894568
독산사거리,37.472015,126.895962
독산사거리,37.47178362,126.8965997
독산주공13단지,37.45684407,126.8876203
독산1동한신코아,37.45671307,126.8882117
독산주공14단지,37.46113533,126.8868621
독산주공14단지,37.46137163,126.887089
독산근린공원,37.464177,126.884413
독산근린공원,37.46455446,126.8844061
독산동우시장.금천50플러스센터,37.46659366,126.8950253
독산동우시장.금천50플러스센터,37.46642,126.895487
시흥사거리.시흥대교,37.45448536,126.8995918
시흥사거리.금천파출소,37.45429668,126.8996881
벽산아파트1단지.호압사입구,37.45275737,126.9207601
벽산아파트1단지.호압사입구,37.453078,126.92119
벽산아파트5단지,37.446768,126.918953
벽산아파트5단지,37.446355,126.918683
시흥동은행나무.은행나무시장,37.45103052,126.9090455
시흥동은행나무.은행나무시장,37.450843,126.909058
은행나무입구사거리,37.45178422,126.9072079
은행나무입구사거리,37.451855,126.906735
독산한신아파트,37.456923,126.88995
금하마을,37.454119,126.891509
독산고개,37.475516,126.898463
독산고개,37.476441,126.898921
독산사거리.한국전력구로금천지사,37.472075,126.898103
남문시장.청춘삘딩,37.47296493,126.8986309
금천우체국.독산1동주민센터,37.470191,126.897787
디지털단지오거리.가산파출소,37.479826,126.888329
홈플러스금천점,37.468914,126.897671
시흥사거리,37.452863,126.900957
문일고입구,37.451115,126.90173
문일고입구,37.45080258,126.9023184
남서울힐스테이트.국립전통예술고,37.446811,126.90338
금천폭포공원.천주교시흥성당,37.44771275,126.903517
박미마을,37.441353,126.903205
박미마을.금천고등학교,37.44301,126.903938
기아대교,37.43948788,126.9029829
시흥3동주민센터앞,37.44016703,126.9036272
석수역,37.43552416,126.9033112
백산초등학교,37.44876292,126.903978
백산초등학교,37.448727,126.904297
은행나무입구사거리,37.45111177,126.9057879
은행나무입구사거리,37.451427,126.905973
경남아파트,37.45361543,126.9062606
시흥초등학교.금천구보훈회관,37.45456755,126.9058231
시흥초등학교.금천구보훈회관,37.45535252,126.9059442
동산교회앞,37.45734705,126.9052839
동산교회앞,37.45702652,126.9056143
현대시장.시흥4동주민센터,37.45960215,126.9048243
현대시장.시흥4동주민센터,37.45924018,126.9051696
남부여성발전센터,37.462457,126.904105
남부여성발전센터,37.46245738,126.9043527
독산동정훈단지,37.465534,126.902145
독산동정훈단지,37.46445224,126.903006
독산초등학교,37.466593,126.899411
독산초등학교,37.46631415,126.9000327
독산4동주민센터,37.46758,126.902037
독산동성당앞,37.46891568,126.9022258
독산동성당앞,37.46970728,126.9027437
독산동쌈지공원,37.47126546,126.9029464
독산동쌈지공원,37.471413,126.903195
독산3동주민센터,37.47532708,126.9033549
독산3동주민센터,37.47582293,126.9036415
모두의학교.금천문화예술정보학교,37.47883897,126.9036964
모두의학교.금천문화예술정보학교,37.47865894,126.9039352
모두의학교.금천문화예술정보학교,37.47994976,126.9055934
관악구보훈회관.신림푸르지오,37.48064,126.90914
독산고등학교,37.477328,126.911463
독산고등학교,37.477132,126.911502
독산3치안센터.꿈꾸는나무,37.476766,126.907187
독산3치안센터.꿈꾸는나무,37.47653685,126.907331
금천우체국.독산1동주민센터,37.46975761,126.897265
진도아파트,37.47041562,126.8924286
제일모직아울렛,37.474538,126.88609
벽산디지털밸리,37.476722,126.885215
마리오아울렛,37.47854591,126.8843812
국민연금공단구로금천지사앞,37.480692,126.884015
가산디지털단지역,37.481143,126.882972
마리오아울렛,37.47882,126.884006
벽산디지털밸리,37.476226,126.885145
제일모직아울렛,37.474504,126.885906
진도아파트,37.47019926,126.892317
현대지식산업센터,37.469907,126.895545
가산디지털단지역입구,37.481437,126.886717
가산동기점,37.48522703,126.875255
가산동종점,37.485215,126.875163
가산디지털단지역1번출구,37.48173801,126.8834001
범일운수종점,37.450409,126.91173
삼익아파트앞,37.462545,126.909455
삼익아파트,37.462425,126.909395
디지털3단지.영창실업,37.48332716,126.8789631
디지털3단지.가산비즈니스센터,37.47961,126.879733
디지털3단지운동장,37.482523,126.878015
남문시장입구,37.47124119,126.9008469
가산디지털단지역,37.48143938,126.8831991
스타밸리앞,37.481157,126.884864
독산동남문시장,37.473748,126.903198
독산동남문시장,37.4733474,126.903414
금빛공원앞,37.45310743,126.9042968
금빛공원앞,37.45327967,126.904456
경동택배,37.45027868,126.9040103
삼화약국,37.450172,126.904057
대우당약국,37.4507504,126.9065092
화인전자산업,37.45086967,126.906159
은행나무로입구,37.45099182,126.9079435
시흥대교,37.45328039,126.8972683
가산디지털단지역1호선,37.481675,126.881153
가산한화비즈메트로2차,37.47253424,126.882162
RSM타워.르노코리아서부사업소,37.471015,126.883112
시흥1동공영주차장.금천노인종합복지관,37.45131521,126.8968969
독산한신코아.한신아파트,37.45657923,126.88771
가산디지털단지역,37.481315,126.882956
벽산3단지,37.453382,126.917506
성지아파트,37.45118514,126.8986162
롯데캐슬1차서문.해가든아파트,37.460088,126.892449
무지개아파트,37.45685676,126.8986617
벽산3단지앞,37.452985,126.916912
독산역,37.46700017,126.8892263
문성중학교,37.47562467,126.9058668
홈플러스.문일중고입구,37.45091976,126.9002035
금천현대아파트,37.46170031,126.8916623
독산주공1319동,37.45846157,126.8876303
시흥사거리,37.4527569,126.9010149
아톰주식회사,37.470774,126.882985
호남슈퍼,37.452221,126.915182
남문교회,37.473712,126.90599
문일고입구,37.45112282,126.9016534
탑동초등학교.청담종합사회복지관,37.452015,126.913913
태영빌라,37.47181965,126.9063091
무지개아파트,37.45699188,126.8986084
두산초등학교,37.466498,126.89164
독산주공14단지,37.459399,126.885831
온누리아파트,37.47349206,126.886709
어울샘.동산중앙교회,37.45205088,126.9118509
구민문화체육센터,37.47017903,126.9066831
독산현대아파트.금천50플러스센터,37.4671221,126.8944525
시흥유통상가.금천고,37.443249,126.903527
에이스하이엔드타워클래식,37.473581,126.889316
새마을금고,37.451361,126.910498
해찬아파트,37.46824647,126.9070812
진도3차아파트,37.46840839,126.8939001
박미마을,37.44093161,126.9031686
가산테라타워,37.47402682,126.8900377
시흥동은행나무,37.45145409,126.9079384
시흥사거리.대명시장,37.45466295,126.9012542
구립독산도서관,37.46719362,126.9077733
유창슈퍼,37.46854496,126.892472
구립가산도서관.두산위브아파트,37.47352352,126.8924061
은행나무입구사거리,37.45262538,126.9054639
시흥초등학교.시흥1동주민센터,37.4535493,126.903583
산기슭공원,37.46397673,126.9067112
독산역,37.46605005,126.8898144
진도2차아파트,37.47013389,126.8917891
시흥초등학교.금빛공원,37.45336781,126.90424
삼익APT.금강APT,37.46272707,126.9069298
두산로입구,37.47185601,126.8872684
빅마켓.청광아파트,37.47051862,126.8937185
대륭테크노2차,37.46886627,126.8844198
두산위브아파트정문,37.47488012,126.8938819
남부여성발전센터,37.46269144,126.9051799
길상마트,37.47202091,126.8938893
대륭테크노타운,37.46949005,126.8837224
가산동주민센터.금천글로벌센터,37.47607571,126.8936891
대륭테크노타운19차,37.474269,126.881666
에이스태세라타워,37.47245526,126.8824731
고원약국,37.4767,126.894742
꿈나래어린이집,37.45482801,126.8972131
우방아파트.범일운수종점,37.449984,126.913244
가산초교,37.477082,126.896508
STXV타워,37.47677684,126.8832544
독산고개입구,37.475903,126.897701
벽산아파트5단지,37.450056,126.921016
빅마켓,37.47002992,126.8954116
한신IT타워,37.47993001,126.8862425
가산동주민센터,37.476908,126.890959
SG세계물산,37.47630403,126.8894662
가산로데오거리,37.478393,126.887811
호압사입구,37.45172277,126.9205758
이앤씨드림타워7차,37.479796,126.886662
LG전자.W몰,37.4769118,126.8886452
가산디지털단지역1호선앞,37.48091469,126.8814207
금천육교앞,37.45541586,126.8915244
벽산1단지입구,37.450143,126.9198493
시흥모터스,37.470577,126.889442
문성초등학교,37.4739744,126.8981181
섭리의집,37.44634212,126.908762
섭리의집,37.44622806,126.908789
가산디지털단지역,37.48020471,126.8833101
KCC웰츠밸리,37.48355333,126.8798436
독산고개입구,37.47716188,126.8984628
벽산6단지입구,37.44995987,126.9181166
독산역,37.46631024,126.8876525
독산역,37.466501,126.887883
남부여성발전센터앞,37.46264,126.905319
남부여성발전센터앞,37.462753,126.90515
산업단지백양사,37.47700899,126.8829205
에이스하이엔드10차,37.46849567,126.8869686
대륭테크노타운17차,37.46851437,126.8866427
금천패션아울렛사거리.마리오,37.47781653,126.8874418
범일운수종점,37.450285,126.911602
한울중학교,37.462648,126.907372
한울중학교,37.462522,126.907302
STXV타워,37.47704706,126.8831443
가산초교,37.477164,126.896484
동일여고.금천사이언스큐브,37.450027,126.916774
두산로입구,37.47191,126.887058
석수역,37.434857,126.902775
가산디지털단지역,37.480783,126.884208
가산디지털단지역,37.48116031,126.8828484
패션단지,37.47849049,126.8885942
패션단지,37.47823922,126.888745
벽산디지털밸리2차,37.48394996,126.8773485
고원약국,37.47686941,126.89467
안천중학교,37.458656,126.887341
제일교회,37.45021353,126.9134643
서울디자인직업전문학교.청년취업사관학교,37.4723732,126.8958617
대륭테크노타운8차,37.48487852,126.8768958
가산동주민센터.금천글로벌센터,37.476139,126.893529
범일운수종점,37.450593,126.911085
벽산디지털밸리6차,37.48564,126.879154
두산위브아파트정문,37.47488708,126.8936139
독산한신아파트,37.45719077,126.8892871
길상마트,37.47206677,126.893783
가산디지털단지역1호선,37.480969,126.881297
한국건설생활환경시험연구원,37.48331446,126.8800924
빅마켓.청광아파트,37.47050951,126.8936133
롯데캐슬2차,37.458024,126.893438
문일고입구,37.45093588,126.9022459
구립가산도서관.두산위브아파트,37.47364057,126.8923053
롯데캐슬2차,37.457662,126.893469
진도2차아파트,37.470251,126.891707
한진택배,37.475086,126.881079
가산테라타워,37.47412979,126.8902582
금천구종합청사.금천구청역,37.45604028,126.8953639
유창슈퍼,37.46849457,126.8927663
마이크로오피스사거리앞,37.47211392,126.8826579
성지아트빌,37.473607,126.889197
시흥모터스,37.470419,126.889171
홈플러스.문일중고입구,37.45092973,126.8996929
진도3차아파트,37.46859474,126.8937009
대륭테크노타운,37.4691596,126.8836704
온누리아파트,37.473662,126.887418
성지아파트,37.45126274,126.8987382
독산현대아파트.금천50플러스센터,37.46703733,126.894378
대륭테크노2차.12차,37.46882969,126.8847975
시흥1동공영주차장.금천노인종합복지관,37.45138724,126.8968278
두산초등학교,37.46663743,126.8916077
교학사,37.46924106,126.8862112
홈플러스금천점,37.46949113,126.897548
독산역,37.46600036,126.8896698
서울디자인직업전문학교.청년취업사관학교,37.47237927,126.8955994
가산디지털단지역,37.48128853,126.8831128
새마을금고,37.45121007,126.9105225
금천구종합청사.금천구청역,37.45606105,126.8945087
어울샘.동산중앙교회,37.45183018,126.9117006
삼익APT.금강APT,37.46272357,126.9070655
탑동초등학교.청담종합사회복지관,37.451875,126.9140494
산기슭공원B,37.46393175,126.906804
안천초등학교,37.4575384,126.8881257
호남슈퍼,37.45221142,126.9157184
구립독산도서관,37.46721446,126.907918
벽산3단지앞,37.45302,126.91707
해찬아파트,37.46824119,126.9072452
구민문화체육센터,37.4701485,126.9068155
한일유엔아이,37.485528,126.876009
태영빌라,37.47172699,126.9064958
남문교회,37.47363431,126.9060943
문성중학교,37.4756347,126.9060093
난곡중학교,37.477083,126.911018
산기슭공원,37.463855,126.906723
하안주공1317동,37.45760703,126.8882725
금천현대아파트,37.46167676,126.8915232
롯데캐슬1차서문.해가든아파트,37.45992534,126.8922978
금빛공원,37.452724,126.905136
시흥사거리.대명시장,37.45476434,126.9018204
시흥동은행나무,37.45068376,126.9092629
시흥2동주민센터.동일여고,37.44992497,126.9140087
두산어린이공원,37.47362781,126.8941392
금천구종합청사.금천구청역,37.45637456,126.8954899
두산어린이공원,37.473517,126.8941642
롯데캐슬3차,37.45997185,126.8962926
롯데캐슬1차정문.해가든아파트,37.46080402,126.8942482
롯데캐슬1차동문,37.459168,126.896464
롯데캐슬1차정문.해가든아파트,37.46100249,126.8940924
백운한비치.금광포란재아파트,37.45126552,126.9117159
시흥5동주민센터,37.45135285,126.9087037
삼성산자연공원.삼성체육공원,37.45482454,126.9094953
시흥아파트앞,37.45643105,126.9081188
신흥초등학교,37.45935713,126.9082693
한빛무궁화아파트,37.46047057,126.9079251
한울중학교앞,37.46261554,126.9071956
금천폭포공원,37.44721189,126.9037053
영일빌라,37.44735012,126.9064018
시흥계곡앞,37.44664491,126.9103494
시흥5동성당,37.44832817,126.9115228
한울중학교앞,37.462329,126.907784
한빛무궁화아파트,37.460613,126.907927
신흥초등학교,37.459322,126.908134
시흥아파트앞,37.4566174,126.9078869
삼성체육공원.삼성산자연공원,37.4546757,126.9092909
시흥5동주민센터,37.4516321,126.9085768
금광포란재.백운한비치아파트,37.45113233,126.9113929
관악우방아파트,37.44990836,126.9122579
시흥5동성당,37.44862022,126.9116502
시흥계곡앞,37.44678099,126.9103583
영일빌라,37.44750575,126.9060637
금천문화원.국립전통예술중고,37.44646059,126.9045191
금천고등학교,37.44472204,126.9047098
시흥3동공영주차장앞,37.44287907,126.9044714
기아대교앞,37.43795943,126.9027905
석수역,37.434974,126.902857
석수역,37.43500421,126.9033006
시흥사거리,37.45267344,126.9016076
안양천로입구,37.45248151,126.8931359
남문시장입구.청춘삘딩,37.471228,126.900008
LG전자,37.47106285,126.8858636
LG전자,37.47025181,126.8859089
구로세관,37.47242282,126.885225
구로세관,37.47248742,126.88494
7호선가산디지털단지역,37.47950241,126.8820731
문래동남성아파트,37.511828,126.893705
문래동남성아파트,37.511202,126.892312
남부지방법원등기국.구로세무서(에이스하이테크시티),37.51448389,126.9011874
남부지방법원등기국.구로세무서(에이스하이테크시티),37.51404034,126.8997458
영등포역,37.515863,126.905092
영등포역,37.51658793,126.9070304
여의도환승센터,37.525517,126.924244
여의도환승센터,37.52592311,126.9243582
서울영림초등학교,37.487149,126.904837
강남성심병원.대림성모병원,37.490979,126.907999
경남아너스빌아파트,37.49558675,126.9115746
보라매공원,37.49701386,126.9163884
보라매역.동작세무서,37.49897649,126.920261
서울지방병무청,37.50439333,126.9219622
대방역,37.51265738,126.9248246
여의도환승센터,37.5261697,126.9243413
여의도환승센터,37.525316,126.9241
대성병원,37.51228562,126.9099271
영등포공원.영등포문화원,37.5138042,126.9114185
영등포공원.영등포문화원,37.51495079,126.9119431
영등포시장,37.52185521,126.905199
영등포시장입구,37.519735,126.906653
영등포로터리,37.5191224,126.9097732
영등포시장로터리방면,37.51892,126.909291
영등포시장,37.51944576,126.9064499
경방타임스퀘어.신세계백화점,37.51838374,126.9057837
경방타임스퀘어.신세계백화점,37.51750823,126.9062396
영등포역.패어필드호텔,37.51689774,126.9075734
영등포역,37.51706,126.909045
경방타임스퀘어.신세계백화점,37.5183573,126.9053991
김안과병원,37.52007107,126.9030257
김안과병원,37.52041603,126.9028341
영등포시장,37.521318,126.904785
신화병원,37.52453053,126.9051549
신화병원,37.52489489,126.9055402
영동초교,37.52515902,126.9068195
영동초교.영등포평생학습관,37.525498,126.907365
삼환아파트,37.529082,126.905597
당산푸르지오아파트,37.529032,126.905958
하이서울유스호스텔,37.52563767,126.9036578
국회의사당,37.5298981,126.9180242
KBS,37.524653,126.918112
국회의사당,37.529418,126.917883
국회의사당역.국민은행,37.528518,126.918192
국회의사당역,37.527993,126.91758
여의도순복음교회,37.53091,126.924752
여의도순복음교회,37.53169,126.922932
여의도공원,37.52952968,126.927892
여의나루역,37.527457,126.93148
여의나루역,37.52738751,126.9320238
여의도중학교,37.52440959,126.9356353
여의도중학교,37.524458,126.935963
63빌딩.가톨릭대학교여의도성모병원,37.519404,126.937606
63빌딩.가톨릭대학교여의도성모병원,37.51916181,126.9377093
시범아파트,37.52104285,126.9351905
시범아파트.대교아파트,37.521032,126.934428
여의동주민센터,37.518704,126.934219
여의동주민센터,37.518519,126.933972
진주아파트,37.51924625,126.9323106
KBS별관,37.519192,126.931585
샛강역.앙카라공원,37.518109,126.930299
여의도공원,37.523605,126.920262
샛강역1번출구.여의도자이,37.518817,126.9272111
샛강역4번출구.여의도자이,37.518679,126.926742
여의도역,37.520614,126.92492
여의도역,37.521291,126.924816
한국거래소,37.523351,126.927069
한국거래소,37.52366933,126.9270706
삼부아파트,37.52512645,126.9301172
여의도공작아파트,37.52599202,126.9309977
전경련회관,37.52189063,126.9188837
당산동진로아파트,37.5213256,126.8968775
당산동진로아파트,37.5210022,126.8969911
필립메디컬센터,37.5206988,126.8952459
양남동로타리,37.52212031,126.8917786
교보앞,37.52172139,126.8920699
현대아파트,37.52305598,126.8961601
영등포구청,37.52622132,126.8969364
영등포구청,37.52541345,126.8963809
영등포구민회관.영등포경찰서,37.52674095,126.8997281
당산동삼익아파트,37.5280731,126.8959427
당산역,37.534729,126.900525
당산119안전센터.당산역,37.53492539,126.8994546
당산역삼성래미안아파트,37.533022,126.903388
당산역삼성래미안아파트,37.53318971,126.9035824
당산역,37.53486299,126.9024102
당산역,37.5328063,126.9008639
당산역,37.532825,126.9013
페어몬트앰배서더,37.524976,126.929282
당산삼성아파트,37.528832,126.898133
당산유원제일1차아파트,37.52871704,126.8976085
서울영등포우체국,37.52848316,126.8960123
도림동자치회관,37.50959698,126.9074658
도림마을금고,37.508423,126.900315
도림마을금고,37.50825878,126.9000627
신길가마산로교차로,37.50651496,126.9111163
문래역,37.519234,126.894219
문래역,37.519063,126.894412
문래동대림아파트,37.51690823,126.8896944
국화아파트,37.51565,126.89237
현대6차아파트,37.518198,126.884328
문래롯데캐슬,37.51841,126.884568
문래중학교,37.51976357,126.8847215
문래중학교,37.519955,126.884948
문래동국화아파트,37.51577982,126.8913941
대림아파트,37.516857,126.889272
양평1동주민센터,37.52275277,126.8881931
양평신동아아파트,37.52248022,126.8873567
관악고등학교,37.52299426,126.8840592
관악고등학교,37.52316173,126.8848486
당중초등학교,37.526998,126.890987
당중초등학교,37.526904,126.891292
남부고용노동지청,37.52382,126.890208
남부고용노동지청,37.52368798,126.8905443
한신아파트.선유도역,37.53835761,126.8932341
한신아파트.선유도역,37.538037,126.893278
선유도역.롯데제과,37.53719667,126.8948754
선유도역.롯데제과,37.53714501,126.8955567
양평한신아파트.선유도공원입구,37.54164859,126.8944278
영등포아리수정수센터,37.54752411,126.8841131
양평한신아파트.선유도공원입구,37.542032,126.894667
안양천입구,37.54747,126.883465
양평동한솔아파트,37.54391653,126.8903472
신풍역,37.49998322,126.9080214
당산초등학교앞,37.538813,126.894498
선유고등학교,37.5342684,126.8962261
선유고등학교,37.534373,126.896787
선유중학교,37.53205199,126.8945217
선유중학교,37.531135,126.894225
신길역1호선,37.516815,126.916956
신길새마을금고,37.51364094,126.9200351
신길새마을금고,37.51408303,126.9195132
대신시장,37.51172994,126.9164649
대윤병원,37.514525,126.918149
대신시장,37.512068,126.916298
영등포농협.신길2동새마을금고,37.511377,126.913177
우신초등학교,37.5093089,126.9106003
포레나신길아파트,37.503411,126.910152
성락교회,37.504583,126.902587
성락교회,37.50474953,126.9028725
도림동자치회관,37.50929403,126.9076717
우신초등학교,37.50958,126.910838
신길힐스테이트클래시안아파트,37.50498918,126.9108113
신길동홍어거리,37.51082,126.911476
신풍역.백악관웨딩문화원앞,37.501432,126.909775
신길5동주민센터,37.500959,126.905383
신길5동주민센터,37.50105488,126.9049278
신풍역,37.50001207,126.9068971
영등포농협도림로지점.우리시장,37.49817827,126.9045628
영등포농협도림로지점,37.49866963,126.9045221
태양의집.KT대방지사,37.495092,126.908808
신길주유소,37.49840117,126.9083965
신풍역.백악관웨딩문화원앞,37.50132384,126.910085
레미안에스티움북문,37.501245,126.916458
신길3동주민센터,37.507364,126.90639
대방역,37.51276936,126.9237906
대방역,37.51300482,126.9242224
공군호텔,37.50987069,126.9240537
서울지방병무청,37.50517472,126.9221593
대방초등학교,37.50238414,126.9210085
태양의집,37.496148,126.908237
대림동우체국,37.48943828,126.9054526
흰돌교회,37.491316,126.902954
대동초등학교,37.494183,126.900633
대림역12번출구,37.49252167,126.8966231
대동초등학교.명지성모병원,37.494301,126.899241
대동초등학교,37.49366143,126.9006612
흰돌교회,37.49054306,126.9032573
대림동우체국,37.48962784,126.9047297
대림동우성아파트,37.495993,126.902035
대림역,37.49288,126.896585
대동초등학교.명지성모병원,37.49417159,126.8986961
대림동우성아파트,37.496514,126.902348
YDP미래평생학습관,37.503784,126.895506
대림동현대3차아파트,37.50449265,126.8964336
신영초등학교,37.50162686,126.8971376
YDP미래평생학습관,37.50301282,126.8961721
선유도공원,37.542245,126.902595
선유도공원,37.542025,126.902915
신길역5호선,37.518563,126.914837
국회의사당,37.53064228,126.9191537
산업은행본점,37.52796717,126.9208526
더현대서울,37.52548682,126.9277728
유진투자증권,37.525532,126.926988
파크원타워.LG트윈타워,37.527087,126.927207
신길파크자이아파트,37.50506,126.91325
여의도한양아파트,37.52092035,126.9320647
하나은행여의도지점,37.521328,126.931147
여의도수정아파트,37.522464,126.930479
신풍역,37.50031683,126.9104305
여의도지하차도입구,37.523355,126.923253
영진시장,37.500155,126.9155
문래우체국.문래예술공단,37.51425859,126.8951938
문래우체국.문래예술공단,37.5141627,126.8947765
대림3동주민센터,37.497847,126.898808
대방역,37.512907,126.923495
신길가마산로교차로,37.506372,126.910908
대길초등학교,37.4989132,126.9122243
미보빌딩,37.498418,126.916713
신길역1호선,37.5167591,126.9166369
신길보라매SK뷰아파트,37.50407,126.919364
현대아파트,37.52298716,126.8957767
여의도순복음교회,37.53001122,126.9241543
래미안에스티움,37.500162,126.912767
문래자이아파트,37.516625,126.894587
대방역,37.51374786,126.9265562
대방역,37.513513,126.926049
대길초등학교,37.498592,126.914572
대방천사거리,37.49872928,126.9196869
대방천사거리,37.49848876,126.9197991
대림코오롱아파트,37.506903,126.894291
영등포로터리,37.51861348,126.910372
새길어린이집.신풍역3번출구,37.499347,126.907408
새길어린이집.신풍역3번출구,37.499578,126.906998
영문초등학교,37.520197,126.887835
영문초등학교,37.52004,126.887963
문래역,37.51663125,126.8942561
양화중학교.홈플러스,37.519369,126.8952833
기계회관,37.52909926,126.9226787
신동아아파트,37.49807251,126.8946317
신영초교,37.49893094,126.8963033
우성5차아파트,37.507604,126.903206
우성5차아파트,37.507339,126.903033
현대3차성원아파트,37.504293,126.896617
래미안에스티움(신길파크자이),37.50216418,126.9129971
대림3동사거리.명지춘혜병원,37.50047659,126.8976369
현대2차아파트,37.503352,126.895203
성원아파트.한국상하수도협회,37.502577,126.896755
베뢰아국제대학원대학교,37.501072,126.898966
영등포역후문,37.51465312,126.9079819
성원아파트입구,37.50496619,126.8979949
신길우성1차.건영아파트,37.506057,126.899589
건영아파트농협,37.506357,126.900855
영등포동.영등포푸르지오아파트,37.50966,126.904673
신길바다마을아파트.보라매sk뷰,37.502859,126.916049
성애병원,37.51151277,126.9230916
신길보라매sk뷰.바다마을아파트,37.502907,126.916172
우성2차아파트,37.499258,126.910453
보라매역,37.499847,126.919317
영진시장,37.49989,126.917065
신길광장공원,37.499937,126.903993
대성아파트.건영아파트후문,37.50323086,126.9003307
대성유니드아파트,37.50083681,126.9027079
레미안에스티움북문,37.50142,126.916628
건영아파트후문,37.502692,126.90056
대림동코오롱아파트,37.507695,126.894568
문래동종점,37.515676,126.886402
문래동시점,37.515548,126.886709
KT&G영등포지사.문래동종점,37.515427,126.88726
신길1차우성아파트,37.5058716,126.8998713
보라매역.5번출구,37.50004166,126.918913
영등포동.영등포푸르지오아파트,37.510141,126.904671
우신사거리,37.51098383,126.9099821
크라운사거리,37.50830191,126.9053801
고추말,37.511953,126.90627
코끼리유통,37.505855,126.90704
성락교회,37.504783,126.904153
동양볼링장,37.51676826,126.8884242
보라매공원입구,37.498569,126.916577
현대2차아파트후문,37.50301006,126.8940864
크라운사거리,37.509135,126.90517
신길3동주민센터,37.506967,126.906498
꼬추말,37.511958,126.90611
SG메디피움,37.50508007,126.9047286
도림사거리,37.50705052,126.9012712
기림약국,37.49977289,126.9008725
신길광장공원,37.499968,126.904502
코사마트,37.4984,126.902027
해오름식당,37.500908,126.89948
우리은행,37.497463,126.903258
두산위브진주아파트,37.51642062,126.8853096
현대3차아파트,37.516298,126.884898
CM충무병원,37.51835277,126.9027079
대방역,37.51302007,126.9241172
타임스퀘어,37.51801,126.904592
당산신동아파밀리에,37.519678,126.900813
영등포청과시장,37.52366996,126.9018128
영등포청과시장,37.52248498,126.9017747
서울시립청소년성문화센터,37.52515178,126.9023143
서울시립청소년성문화센터,37.52468,126.902386
한강아파트,37.52774784,126.9034084
빅마켓영등포점,37.52806631,126.903873
당산센트럴아이파크아파트,37.53009057,126.9043581
영등포농협당산역지점,37.530815,126.904965
신풍시장,37.50579791,126.9090859
신길건영아파트,37.50344,126.901587
신길건영아파트,37.503735,126.901688
수정교회,37.501143,126.898662
대림3동주민센터,37.49816725,126.89831
대영중학교.신길센트럴아이파크,37.50331589,126.9037579
당산역,37.533321,126.901306
대림역,37.49418817,126.8949855
현대2.3차아파트,37.53174087,126.8962827
한국수자원연구소,37.5439176,126.8895618
성애병원,37.51175342,126.9218041
당산우편물취급소,37.52959661,126.8987625
기아자동차서비스센터,37.54154486,126.8913397
놀이터,37.5102388,126.9219968
대림역7호선,37.49296383,126.8973316
효성아파트,37.53099515,126.8998638
한신아파트.선유도공원,37.54061046,126.8923573
돈보스코.홈플러스,37.496651,126.913239
오거리,37.50881476,126.9215459
우성2차아파트,37.495361,126.899862
당산역.삼성래미안APT,37.533225,126.901535
경남아너스빌,37.49465175,126.9108451
골프장,37.50919069,126.9204516
코스트코,37.52836662,126.891661
대림3동주민센터,37.49836066,126.8985174
삼성래미안4차아파트북문,37.533228,126.903011
선유도역.롯데홈쇼핑,37.537028,126.893134
강남성심병원.대림성모병원,37.49130653,126.9080614
대신시장.기업은행,37.511861,126.917377
당중초등학교.노동부남부지청,37.525423,126.890734
정현부페,37.49954069,126.8980363
당산중학교.한국소방안전원,37.53188907,126.9065022
영등포동.영등포푸르지오아파트,37.51101964,126.9053948
신대림한솔솔파크아파트.충심교회,37.48846972,126.8990679
영은교회,37.52536169,126.888207
삼성래미안3차아파트,37.53009826,126.9072184
SK엔카,37.53423608,126.8923382
중앙시장,37.48990476,126.9007035
양평역,37.525056,126.886085
대림요양병원,37.50233141,126.9001498
한국산업인력공단,37.52870015,126.9077327
거성파스텔아파트,37.53211681,126.8924532
농협.대림2동주민센터,37.49081213,126.9017291
삼성아파트.오목교아래,37.52341538,126.88346
인구보건복지협회.제일빌딩,37.52603821,126.9087701
선유고등학교,37.53313337,126.8945892
대림포교원,37.49205588,126.903088
벽산아파트,37.523283,126.882439
성락교회,37.5044937,126.9029769
한강성심병원,37.52332997,126.910544
대림1동새마을금고,37.49308948,126.9042356
신동아아파트.관악고교,37.521661,126.885255
도림사거리,37.50631744,126.9017767
근로복지공단.서울남부지사,37.52132966,126.9119175
대림1동주민센터,37.49506377,126.9064554
e편한세상문래에듀플라츠,37.52031164,126.8858599
선의원,37.512505,126.90925
태양의집.썬프라자,37.49581776,126.9073027
영신고등학교,37.49759253,126.9083814
신풍역.수녀원,37.49944141,126.9077008
근로복지공단.서울남부지사,37.52140371,126.912138
현대홈타운아파트,37.52341618,126.8958915
삼성래미안아파트1단지,37.505206,126.916231
벽산메가트리움APT,37.518568,126.897913
약산약국,37.51131388,126.9142969
한강성심병원,37.52339863,126.9107747
문래역.홈플러스,37.520453,126.895271
대영초중고,37.50208367,126.9045861
삼성래미안아파트2단지,37.50671281,126.9142275
영일시장.록스,37.518355,126.900864
인구보건복지협회.갤럭시관광호텔,37.52621678,126.9089588
교보생명,37.52065869,126.8927265
한국산업인력공단,37.528297,126.908186
GS홈쇼핑앞,37.52103289,126.8900549
영등포역,37.51715665,126.906089
마포대교(가상),37.53723852,126.9408122
켄싱턴호텔.여의도,37.53039645,126.9220913
문래힐스테이트,37.51896245,126.8893961
래미안에스티움,37.49985866,126.9137184
삼성래미안3차아파트,37.53041014,126.9073493
GS25앞,37.52137241,126.8879275
당산역.지하철2호선,37.534696,126.902439
당산중학교.한국소방안전원,37.53223157,126.906607
모랫말.도림새마을금고,37.50852023,126.9002173
삼성래미안동문,37.53111633,126.9047437
양평역,37.52533294,126.886255
도림고가.영등포아트자이,37.51046734,126.8989591
남성아파트,37.51302512,126.8923336
당산센트럴아이파크아파트,37.52944737,126.9025106
영은교회,37.52508675,126.8888972
도림교회,37.50934676,126.8973227
선화약국,37.510655,126.917242
문래자이아파트상가,37.51643869,126.8945641
효성아파트,37.53017333,126.9009081
노동부남부지청.영등포세무서,37.52463884,126.8917297
도림동주민센터,37.50879719,126.8964095
푸른숲아파트,37.50870291,126.9174162
문래자이정문,37.5169494,126.896353
대신시장,37.51212378,126.9165402
현대APT후문,37.52422857,126.8944185
코오롱아파트,37.50803,126.894832
대성유니드아파트,37.50116752,126.9027188
골프장,37.50883348,126.9199045
문래자이후문,37.51689912,126.8986416
농협,37.51136093,126.9130017
영등포구청.우리은행,37.52543985,126.8966954
오거리,37.50904062,126.9202844
문래주민센터,37.51760168,126.8993511
놀이터,37.51001921,126.9224212
금호아파트,37.51877189,126.8979309
크라운사거리,37.50833757,126.9049107
도림동주민센터,37.50847527,126.8960877
도림교회,37.50922692,126.8973308
현대홈타운아파트,37.51957718,126.8915322
건영아파트,37.5057687,126.9018102
선유고등학교,37.53329016,126.8945867
도림고가.동아에코빌,37.5101176,126.8988261
거성현대6차아파트,37.5327076,126.8920914
도림새마을금고,37.50848576,126.8999436
e편한세상문래에듀플라츠,37.52044949,126.8858416
SK엔카,37.53430293,126.8925203
도림사거리,37.50709079,126.9009386
대림요양병원,37.50253217,126.8999335
선유도역.롯데홈쇼핑,37.53704851,126.8934442
정현부페,37.49938636,126.8977582
당산초등학교,37.5386978,126.8947636
대영초중고,37.502528,126.904047
노동부남부지청,37.52537247,126.8909005
대림3동주민센터,37.49807937,126.8983425
한신아파트.선유도공원,37.54065922,126.8924693
우성2차아파트,37.49555362,126.8994441
동양아파트,37.54176104,126.89027
현대6차아파트.거성아파트,37.530741,126.893948
대동초등학교.명지성모병원,37.49420138,126.8987628
지적공사.여의도자이,37.518791,126.927352
지적공사.여의도자이,37.5189481,126.926491
여의도메리어트호텔,37.521715,126.918463
여의도메리어트호텔,37.521042,126.919287
구립복지관,37.49804045,126.9080396
대림역7호선,37.49282264,126.8966204
한솔아파트,37.54389185,126.8880522
문래주민자치센터,37.516952,126.898688
태양의집.썬프라자,37.49612237,126.9073566
신길동오거리,37.510392,126.915945
신기목련아파트,37.509015,126.915823
영등포역.페어필드메리어트,37.51672755,126.9081072
영등포시장전철역,37.52168219,126.9051913
경방타임스퀘어.신세계백화점,37.51729803,126.9059322
영등포전화국,37.52907539,126.9059276
영등포전화국,37.52887238,126.9055997
영등포시장전철역,37.52141063,126.904781
당산역,37.53265658,126.9039757
대영고등학교.신길센트럴아이파크,37.504883,126.904912
대림1동주민센터,37.49509149,126.9061885
대림1동새마을금고,37.49335802,126.9042511
대림포교원,37.49243715,126.9032198
농협.대림2동주민센터,37.49081097,126.9014159
신대림한솔솔파크아파트.충심교회,37.48889338,126.8992325
대림역,37.49379542,126.8951274
당서초교,37.53111111,126.8995389
국회의사당,37.52827531,126.9181628
현대3차유원아파트,37.53193459,126.8973008
양화대교전망카페,37.53982,126.901182
신풍프라자,37.50178648,126.9015123
양화대교전망카페,37.539938,126.900755
문래힐스테이트아파트,37.51942396,126.8914974
문래힐스테이트아파트,37.519647,126.891508
영등포소방서.타임스퀘어,37.51827387,126.9036355
영등포구청,37.524315,126.895222
해군호텔,37.504339,126.916046
진로A,37.52064331,126.8956158
현대2.3차아파트,37.5326083,126.896939
신동아아파트.관악고교,37.52235589,126.8855026
한국거래소공항방면,37.52350346,126.9269644
당산역,37.53300289,126.9010481
삼성래미안아파트,37.507407,126.913044
골프장,37.508689,126.919914
삼환아파트,37.50713139,126.9200285
병무청,37.50636562,126.9216231
성당,37.50515997,126.921656
신길한성아파트,37.50415136,126.9199107
신길중앙새마을금고신길4동지점,37.50542579,126.9126669
래미안영등포프레비뉴아파트,37.50563536,126.9069365
신길힐스테이트클래시안아파트,37.50559069,126.911453
신길파크자이아파트,37.504935,126.913562
서울해군호텔,37.50422668,126.9159722
신길보라매SK뷰아파트,37.50399546,126.9198893
성당,37.50504467,126.9217263
병무청,37.506363,126.9217498
삼환아파트,37.507491,126.919882
오거리,37.5086679,126.9215732
서울해군호텔,37.504543,126.915978
영등포역후문,37.514591,126.907824
신길GS자이아파트정문,37.50629856,126.9171066
신길GS자이아파트후문,37.50610029,126.9157993
신길4동주민센터,37.50818054,126.9115552
우신초등학교,37.50959291,126.9108194
우신초등학교,37.509377,126.910685
신길GS자이아파트정문,37.50613105,126.9172437
63빌딩.한강유람선,37.52129875,126.940164
여의나루역,37.52727034,126.9321281
성산대교남단(가상),37.54683353,126.889006
여의2교(가상),37.52516769,126.9110464
여의2교(가상),37.52529139,126.9113834
근로복지공단(가상),37.51999923,126.9163165
양화한강공원(가상),37.53642189,126.9035092
양화한강공원(가상),37.5370044,126.904003
푸른숲아파트,37.50871567,126.9176243
공군호텔,37.51004555,126.9241282
공군호텔,37.51020175,126.9246178
성산대교(가상),37.54753988,126.888743
성산대교(가상),37.54788278,126.8887539
양화대교(가상),37.53881345,126.9004416
양화대교(가상),37.53919168,126.9006839
여의하류IC(가상),37.5318708,126.9090792
여의하류IC(가상),37.5320282,126.9095942
여의2교(가상),37.52629139,126.9107877
영등포푸르지오,37.51177321,126.9034754
대우미래사랑,37.51230006,126.9009464
영등포아트자이,37.51099,126.898855
영등포아트자이,37.51146,126.899518
대우미래사랑,37.51181032,126.9004177
영등포푸르지오후문,37.513267,126.904886
대한항공훈련센터,37.54588628,126.8123007
여의나루역,37.52647067,126.9328494
여의2교(가상),37.52660834,126.9116112
당산역,37.53502216,126.8998731
여의도지하차도(가상),37.52679004,126.9185467
은성병원,37.52706584,126.9058034
동작상떼빌아파트,37.486449,126.904448
신대방경남아파트,37.490249,126.907593
신대방현대아파트,37.495282,126.911479
보라매공원,37.496899,126.916221
보라매역.동작세무서,37.4981412,126.9201964
강남중학교,37.50378955,126.9218984
현대아파트,37.513174,126.931437
현대아파트.유한양행,37.51323685,126.9323737
노량진수산시장.CTS기독교TV,37.513423,126.938456
노량진수산시장.CTS기독교TV,37.51348008,126.9388656
노량진역,37.513733,126.943811
노량진역,37.51383259,126.9447115
노들역,37.512825,126.949256
노들역,37.5127342,126.9509622
갯마을앞,37.49755505,126.9833117
정금마을.방배경찰서,37.49423389,126.9826144
경문고교.배나무골앞,37.49159468,126.9825871
총신대입구역.남성시장입구앞,37.48821683,126.9822244
사당동우체국앞,37.48322737,126.9819451
방배노인종합복지관,37.48067903,126.9818146
서울지방병무청앞,37.506935,126.923275
공군호텔,37.51001067,126.9245411
대방역,37.51258813,126.9263634
KT동작지사,37.51303954,126.9356601
노량진역3번출구,37.513495,126.941878
노량진역2번출구,37.513905,126.943467
사육신공원,37.513367,126.946297
사육신공원,37.513315,126.947977
노들역,37.512865,126.951048
노들역,37.512565,126.951007
흑석동효사정앞,37.511554,126.960745
흑석동효사정앞,37.5115729,126.9612375
흑석역.흑석동빗물펌프장,37.508297,126.963213
흑석역.명수대현대아파트,37.50749841,126.9650448
흑석역.명수대현대아파트,37.50758507,126.9655922
흑석동명수대현대아파트,37.507348,126.966272
비계,37.50630169,126.9680258
비계,37.506437,126.9685845
흑석동한강현대아파트,37.505867,126.971748
흑석동한강현대아파트,37.5054978,126.9711242
동작역.국립현충원,37.502586,126.976865
동작역.국립현충원,37.5031886,126.9766526
부평IC(미정차),37.52086121,126.7210313
사당1동관악시장앞,37.476833,126.977827
예술인마을,37.47604923,126.9728451
서울공업고등학교,37.499775,126.922337
서울공업고등학교,37.49996145,126.921571
대림초등학교,37.49960777,126.926481
대림초등학교,37.49985536,126.9261279
성대시장,37.49999612,126.9309086
성대시장,37.500285,126.931693
상도초등학교입구,37.50330554,126.9367656
상도초등학교입구,37.50295988,126.9357683
장승배기역,37.50467614,126.9385221
동작문화복지센터.동작보건소,37.50493772,126.9407909
동작문화복지센터.동작보건소,37.505327,126.94173
상도노빌리티아파트,37.504793,126.94594
상도노빌리티아파트,37.50432696,126.9468675
상도터널노량진동,37.512057,126.954114
상도터널노량진동,37.51200632,126.9536979
상도터널상도동,37.50459881,126.9495037
상도터널상도동,37.50385865,126.9495191
상도역,37.50162713,126.9486225
상도역,37.50124906,126.9495197
상도동중앙하이츠빌.상도전통시장,37.49881318,126.951185
상도동중앙하이츠빌.상도전통시장,37.49868997,126.9517744
숭실대입구역,37.496923,126.9528
숭실대입구역,37.49616661,126.9533492
숭실대입구역,37.49646142,126.9537335
봉현초등학교,37.491679,126.956215
봉천고개.관악현대아파트,37.49173261,126.9565953
숭실대정문앞,37.49515,126.957055
숭실대정문앞,37.49531836,126.9572808
숭실대별관앞,37.49463907,126.9602929
숭실대별관앞,37.494983,126.959895
사당5치안센터,37.48902778,126.9656493
총신대,37.48874228,126.9661798
총신대,37.487863,126.966476
사당중학교,37.486355,126.968275
사당중학교,37.48663695,126.9681789
남성역,37.48492912,126.9707465
남성역,37.484588,126.971093
남성역골목시장,37.483805,126.973014
남성역골목시장,37.483676,126.972782
남성초등학교,37.484075,126.978585
남성초등학교,37.48429923,126.97843
이수역9번출구,37.484445,126.979895
이수역10번출구,37.48483286,126.9801875
신대방삼거리,37.49777487,126.9278411
신대방삼거리,37.498328,126.928253
보라매병원입구,37.494757,126.927191
동작구청.노량진초등학교앞,37.51055,126.940053
동작구청.노량진초등학교앞,37.510453,126.940337
장성교회,37.50821101,126.9399682
청화병원,37.50724508,126.9400798
중앙대학교,37.508167,126.961323
중앙대학교,37.50850924,126.9615072
중앙대학교,37.50834522,126.9614383
7호선장승배기역.상도2치안센터,37.50417184,126.9391356
7호선장승배기역.상도2치안센터,37.50434045,126.9393255
상도2동아이파크.포스코더샵아파트,37.50147931,126.9408309
상도2동아이파크.포스코더샵아파트,37.501514,126.941136
신상도초등학교,37.499316,126.943532
중앙대후문,37.50480829,126.9536356
중앙대후문,37.5045505,126.953431
중앙대정문,37.506811,126.958294
중앙대중문,37.50664,126.957272
중앙대정문,37.507237,126.959113
신대방역,37.48737915,126.9123159
신대방역,37.487413,126.911743
동작상떼빌아파트,37.48825374,126.9071028
신대방경남아파트,37.48842865,126.907227
서울특별시.보라매병원,37.492755,126.924482
신상도초등학교,37.49937392,126.9436737
상도4동약수맨션,37.497943,126.943548
경향렉스빌.롯데캐슬비엔,37.49592954,126.942914
경향렉스빌.롯데캐슬비엔,37.49598532,126.9427353
상도4동약수맨션,37.49795904,126.9433569
래미안상도3차중문,37.499874,126.953869
금양빌딩,37.49950651,126.9535019
동작구청정문,37.51237684,126.9400622
상도SH빌아파트상도팰리스후문,37.502655,126.953972
상도SH빌아파트상도팰리스후문,37.50314151,126.9542926
상도3차삼성래미안후문,37.50105476,126.9538227
상도3차삼성래미안후문,37.50094074,126.953569
상도1동주민센터.상도3차래미안,37.498407,126.953358
상도1동주민센터.상도3차래미안,37.49822,126.953262
노들역앞,37.51326188,126.9522639
대방역1번출구앞,37.513095,126.927473
대방역.여의교앞,37.514757,126.92733
노들역4번출구앞,37.51245728,126.9533594
동작실버센터입구,37.513122,126.956612
사당동대아신협앞,37.483377,126.97629
사당역9번출구앞,37.47739263,126.9813959
사당롯데캐슬골든포레.사당해그린,37.492436,126.963072
사당솔밭도서관,37.48401713,126.967056
효주파크빌,37.50272846,126.9267494
남성초등학교입구,37.48375635,126.9769232
벽산아파트,37.49773319,126.9218266
정금마을,37.49374405,126.9812426
이수힐스테이트,37.49418445,126.9797406
사당역10번출구,37.47868741,126.9815811
현대2차아파트후문,37.510707,126.932045
극동상가,37.49168729,126.9740958
삼성래미안.롯데캐슬,37.489628,126.97115
자이아파트정문앞,37.48913684,126.9627803
달마사,37.500332,126.960569
상도4동성문교회,37.49865999,126.9395008
사자암,37.49376893,126.936319
노들역.노량진교회,37.512428,126.954474
대림현대아파트,37.48615684,126.9724841
행복유치원,37.496166,126.9408686
이수역,37.48500144,126.9806262
보라매공원,37.49462,126.918577
신대방삼거리역,37.4999673,126.928182
현대2차아파트후문,37.51106326,126.9321404
극동아파트110동,37.49036369,126.9746719
극동아파트110동,37.49084746,126.974121
대림아파트후문,37.48865193,126.9721846
자이아파트상가앞,37.4886828,126.963156
삼성래미안아파트,37.497806,126.959261
충남정육점,37.49897651,126.9399699
당곡중.고등학교,37.49297099,126.9354613
대림프라자.사당3동주민센터,37.48392602,126.9738758
롯데캐슬,37.48982344,126.9712716
보라매공원입구,37.496008,126.918086
강현중학교,37.50206774,126.9278709
구중앙슈퍼앞,37.49461192,126.935504
유앤미아파트,37.500707,126.960459
로고스교회,37.497757,126.931715
극동아파트112동,37.488596,126.976344
삼일공원,37.48685101,126.9738555
사당종합체육관,37.49252403,126.9696348
숭실대후문,37.49509528,126.9610346
화성목욕탕,37.49962656,126.9406673
갑을명가아파트,37.49369409,126.934574
사당시장,37.48309007,126.9751267
롯데캐슬비엔,37.49684335,126.9430909
삼거리,37.48559981,126.9683026
대방어린이도서관,37.50296195,126.9254813
성심슈퍼,37.49514297,126.9344156
중앙빌리지.동부센트레빌,37.502722,126.960711
롯데캐슬.샤인,37.490918,126.971489
남성초등학교.사당청소년문화의집,37.48601049,126.9748407
신남성초교후문,37.48902837,126.9645999
현대아이파크,37.50088857,126.9416028
영은교회,37.49439578,126.934095
이수시너스.이수역7번출구,37.483918,126.981878
갑을명가,37.482572,126.966767
성남중고,37.50457842,126.9253134
청운종합복지관,37.49556685,126.9334403
은로초등학교,37.503266,126.960921
롯데캐슬.샤인,37.491098,126.971203
동작삼일수영장,37.48739368,126.9747984
삼거리우편물취급소,37.48416458,126.9770554
사당.인정아파트,37.48997103,126.9649636
선재유통,37.49465817,126.9328022
중앙대병원,37.50768989,126.9607328
밤골터널.상도역롯데캐슬파크엘,37.501866,126.946013
동작고교,37.48182186,126.9664294
대림아파트후문.성남중.고교,37.50567475,126.9248146
구동사무소,37.49610964,126.9324299
중대부속초등학교,37.50537246,126.9610502
국사봉중학교,37.49318067,126.9437281
국민은행4번출구,37.50448109,126.9377215
빙수골공영주차장,37.49527957,126.9321581
상도역7호선,37.50274748,126.9472102
이수역,37.484516,126.979985
성원샹떼빌앞,37.4877057,126.9080421
대방동주민센터,37.508177,126.926167
빙수골마을공원,37.4965519,126.9321117
중앙대병원후문.흑석시장,37.507138,126.961844
방범초소,37.49416828,126.943742
주택가,37.50536009,126.9368294
백경세탁소,37.49664487,126.9308348
중앙대중문,37.50673852,126.957288
중대후문입구,37.50434551,126.9501363
신대방1동주민센터,37.48704097,126.9095786
주공아파트.남도학숙,37.50870233,126.9289889
상도3동주민센터,37.49917272,126.9312735
삼성래미안.동작청소년문화의집,37.505625,126.934549
푸른초장교회,37.49781765,126.9300612
중앙대후문,37.50505,126.953542
이화약국,37.50495121,126.9505375
숭의여중.고교,37.50791444,126.9299523
현대한의원,37.50015927,126.932562
사당문화복지관,37.485346,126.969576
효사정앞,37.51150703,126.9608619
효사정앞,37.51153682,126.9613179
사회복지관앞,37.50606719,126.9330781
7호선신대방삼거리역2번출구.국민은행,37.498966,126.928419
대림프라자.사당3동주민센터,37.483807,126.974379
상도은빛어르신복지관.터널경로당,37.50657169,126.9512513
동광교회,37.50155436,126.9344857
남성역.남성역골목시장,37.484187,126.972224
대방목욕탕,37.50710487,126.9323906
건영아파트,37.50788294,126.9515988
갯마을,37.496232,126.982546
현대아파트,37.51205262,126.9320468
경문고등학교,37.49018,126.982453
삼거리우편물취급소,37.48421778,126.9772691
밤골.상도역롯데캐슬파크엘,37.50215202,126.9455944
남부교회,37.50897099,126.9322871
정금마을,37.494339,126.982565
동작고등학교,37.48157226,126.9664442
KT동작지사,37.51218014,126.9344731
7호선장승배기역2번출구,37.50393206,126.9389672
총신대역,37.487354,126.982049
남성초등학교.사당청소년문화의집,37.48613757,126.9749764
동원베네스트,37.50345392,126.9451749
신동아정문,37.51014997,126.9512523
사당솔밭도서관,37.48342692,126.967088
해태타워앞,37.4910939,126.9246607
경성의원.새마을금고앞,37.51261889,126.9359546
상도2동주민센터,37.50505265,126.9417827
상도은빛어르신복지관,37.5063886,126.9505398
삼일공원,37.48697269,126.9740161
부강탕,37.50436711,126.9459909
대방역1번출구,37.51306991,126.9274282
극동아파트앞,37.51107274,126.9513637
이수역,37.486574,126.982089
삼거리,37.48553497,126.9684496
전문건설회관.보라매병원,37.49235924,126.924958
대림아파트후문,37.48846189,126.9725907
상도브라운스톤,37.50528612,126.943805
흑석동,37.50767604,126.9654485
흑석역.명수현대아파트,37.50745607,126.9650934
노들역5번출구,37.51229045,126.9521593
대림아파트,37.50518002,126.946671
상도역.하나은행,37.50381985,126.9473327
봉천고개관악현대아파트,37.4921183,126.9566324
동작삼일수영장,37.48717651,126.9747872
동작고교.사당5동주민센터,37.48509948,126.9674875
건영아파트,37.506971,126.948004
우성201동.극동112동,37.48817068,126.9760206
삼호APT.오네뜨아파트,37.48654523,126.9656301
상도감리교회,37.50549137,126.9415426
남부교회,37.50919524,126.932072
도시가스.두산아파트,37.50505316,126.9447021
핸드픽트호텔,37.50129574,126.9334329
핸드픽트호텔,37.501611,126.93353
7호선신대방삼거리역4번출구,37.4998233,126.9267443
우성아파트,37.50835319,126.9471192
숭실대입구역2번출구,37.496203,126.953556
시장입구,37.4894721,126.9771578
신남성초교입구,37.48790286,126.9645032
새소망교회,37.50639721,126.9420034
대방목욕탕,37.506937,126.932243
본동초등학교,37.5107267,126.953555
코오롱하늘채아파트,37.49917007,126.9240091
강남교회.오거리,37.51027785,126.944929
봉천고개현대아파트,37.491908,126.956251
신동아아파트,37.49000725,126.9765787
LG아파트상가,37.48860093,126.9635608
신동아아파트701동앞,37.50748092,126.9432253
사회복지관앞,37.5059023,126.9330952
동작우체국,37.49781023,126.9238815
테니스장.우성아파트304동,37.49061897,126.9759361
자이아파트정문앞,37.48930537,126.9628435
신동아관리사무소,37.5083076,126.9440018
삼성래미안.동작청소년문화의집,37.50553561,126.9348171
대방역2번출구앞,37.51277896,126.927588
경성의원.새마을금고앞,37.51279371,126.9359804
노량진역,37.51372379,126.9414536
신동아상가,37.5079978,126.9463254
주택가,37.50550408,126.9364798
예스플러스,37.50396386,126.9224942
KT동작전화국,37.51236942,126.9345611
9호선노량진역.동작구청,37.51301484,126.9400888
숭실대후문,37.49504846,126.9611601
건영아파트,37.507372,126.947662
국민은행,37.50441973,126.9375688
테니스장앞,37.49811161,126.9593671
동작대교(가상),37.50451971,126.9796763
숭의여중고교.공군항공안전단,37.50738263,126.929696
7호선장승배기역5번출구,37.50509629,126.9389753
명창빌딩,37.50449666,126.9365067
화성목욕탕,37.49977524,126.940666
본동시장,37.51223991,126.9519738
성원아파트,37.50882177,126.9254189
충남정육점,37.49914503,126.9399947
극동아파트,37.51111052,126.9512098
대방동주민센터,37.508388,126.926169
쌍용아파트,37.50150396,126.932986
삼성래미안아파트,37.51034544,126.9510848
대림아파트후문.성남중.고교,37.50586589,126.924992
성대시장,37.500081,126.932299
노량진역,37.51350389,126.9432479
강현중학교.동작청소년문화의집,37.50300042,126.9345123
한신아파트,37.50873975,126.9512589
대방교회,37.50397142,126.9230394
계령약국,37.498978,126.933383
건영아파트후문,37.5078063,126.9515027
홍원사,37.5039451,126.9241422
강남교회.오거리,37.51024624,126.9447876
상도은빛어르신복지관.터널경로당,37.50654093,126.9509538
영동슈퍼,37.50286916,126.9241105
사거리,37.49603636,126.9367943
우성아파트,37.50830267,126.9469767
범한택시,37.50006127,126.9240184
제일성민교회,37.49539146,126.9373309
신동아리버파크,37.50667651,126.9477108
안일약국,37.49776166,126.9345558
상도역7호선,37.50290692,126.9470766
달마사,37.499535,126.960694
동작하이슈퍼,37.49494234,126.9366392
대림아파트,37.50538385,126.9466417
밤골.상도역롯데캐슬파크엘,37.50196,126.945916
한강대교(가상),37.51373682,126.956781
상도역,37.50357996,126.9489458
약수맨션.약수당약국,37.498251,126.943517
현진빌라.고마트,37.49721095,126.9430024
중앙대후문,37.50501298,126.9539816
건영아파트,37.50744782,126.9476345
중앙대중문,37.50648935,126.9573559
신동아상가,37.50813015,126.9460742
중앙대정문,37.50674377,126.9582233
신동아관리사무소,37.50849799,126.9445446
여의상류(가상),37.51656215,126.94061
중앙대병원,37.50754052,126.9613765
신동아아파트701동앞,37.50750243,126.9429719
보라매어린이집.문창중학교,37.497719,126.923186
중앙대병원후문.흑석시장,37.50646276,126.9612696
여의교(가상),37.51480272,126.9276683
새소망교회,37.50620956,126.9415658
동작우체국,37.49772953,126.9245071
중앙대부속초등학교.롯데캐슬에듀포레,37.504918,126.960786
신대방삼거리역.성대시장,37.49822547,126.9279312
은로초등학교,37.50325738,126.9607815
신대방1동경남아파트,37.48993195,126.907561
중앙빌리지.동부센트레빌,37.502218,126.96033
부강탕,37.50454733,126.9459783
유앤미아파트,37.500922,126.960133
동원베네스트,37.50320593,126.9447645
전문건설회관.보라매병원,37.492411,126.924779
동양아파트,37.499561,126.959859
밤골.상도역롯데캐슬파크엘,37.50196545,126.9455074
아카데미타워,37.49121269,126.9244164
서울교(가상),37.5198554,126.9151853
신대방역,37.487502,126.913014
빌라삼거리.영도교회.약수터,37.49535407,126.9436054
신대방1동주민센터,37.48721231,126.9097457
방범초소,37.49433944,126.9436277
신대방현대아파트,37.49522804,126.9115434
국사봉중학교,37.49338424,126.943573
신대방우성아파트앞,37.493343,126.9103818
교수아파트,37.49629638,126.9134228
보라매공원입구,37.495679,126.917914
보라매공원,37.494769,126.918239
삼일초등학교앞,37.48810573,126.9756633
동작경희병원,37.50285279,126.9360217
신동아상가,37.50875963,126.9514071
현대아파트,37.512343,126.931932
서달산약수터,37.49984892,126.9620217
신대방역,37.48660473,126.9130382
신대방역,37.48676868,126.9129713
장성교회,37.507439,126.939904
숭의여중고교.공군항공안전단,37.50799926,126.9301467
대방동주공아파트,37.50905279,126.92888
노량진신한은행,37.51215539,126.9441708
노량진한국법학교육원,37.5123537,126.9443313
7호선신대방삼거리역2번출구.국민은행,37.498836,126.928523
푸른초장교회,37.4977131,126.9300251
백경세탁소,37.49659074,126.9307149
빙수골공영주차장,37.49529931,126.932011
선재유통,37.49455452,126.9327547
영은교회,37.4943795,126.9339921
갑을명가아파트,37.49360122,126.9344802
당곡중.고등학교,37.49289802,126.9354998
사자암,37.49371671,126.936405
동작하이슈퍼,37.49491806,126.9367297
제일성민교회,37.49533743,126.9374011
보문사,37.49612024,126.9386456
동아아파트,37.4963535,126.9401507
행복유치원,37.49575211,126.9412494
동아아파트,37.49660586,126.9401307
보문사,37.49618689,126.9385856
사당1동주민센터입구,37.4840874,126.9787426
노들역5번출구앞,37.512541,126.952533
한강대교남단(가상),37.51421559,126.9554511
한강대교남단(가상),37.51461663,126.9555809
동작대교남단(가상),37.50572365,126.9735854
동작대교남단(가상),37.50614095,126.9739596
청호아파트,37.500751,126.963789
푸르지오후문,37.501598,126.964318
푸르지오상가,37.503417,126.965036
흑석한강푸르지오,37.504296,126.965352
흑석동주민센터,37.50586692,126.9664605
대방중학교,37.495492,126.914493
상도감리교회.보건소,37.50549486,126.9413119
수도여고,37.49355475,126.9152513
동작구민체육센터.기상청,37.4942401,126.9172421
동작구민체육센터.기상청,37.49441397,126.9171797
수도여고,37.493877,126.91488
대방중학교,37.49553129,126.9145762
정금마을,37.49383867,126.9812176
경동아파트,37.50948414,126.9537175
동양중학교,37.50911421,126.9548037
극락정사,37.50804792,126.9518057
흑석역,37.509202,126.962302
중앙대병원,37.50743565,126.9603642
상도역1번출구,37.50258556,126.9478369
봉천고개관악현대아파트,37.49134514,126.9566012
동작대교(가상),37.50511884,126.9797337
상도3동주민센터,37.49950352,126.9298934
양녕공영주차장,37.49671925,126.936145
두산위브아파트,37.48487779,126.9708755
서울교(가상),37.52034469,126.9159846
보라매역.동작세무서,37.499231,126.920193
여의교(가상),37.51551756,126.9279151
보라매역.동작세무서,37.49799255,126.9202294
한강대교(가상),37.51411978,126.9571941
신남성초교입구,37.48770913,126.9645406
삼호.오네뜨아파트,37.48660372,126.9653451
사당5동주민센터,37.485085,126.967507
구로디지털단지역,37.4839346,126.9024471
구로디지털단지역,37.483978,126.902468
사당자동차학원,37.471303,126.983297
사당역,37.474823,126.981722
서울미술고.인헌중고,37.47646634,126.9655544
낙성대입구,37.47790968,126.9618757
행운동주민센터,37.47984444,126.956869
서울대입구역5번출구,37.48162815,126.9510142
KT관악지점,37.482039,126.947188
봉천역.관악초등학교,37.48244,126.943153
KT&G관악지점,37.48447547,126.9373129
신림사거리.신림역,37.48414928,126.9278542
남부초등학교,37.483405,126.922045
호림박물관,37.482723,126.918377
난곡입구,37.482236,126.915721
관악구보훈회관.신림푸르지오,37.48136167,126.9112397
천주교성령봉사회관.등불교회,37.48075541,126.9079579
KT구로지사,37.480267,126.904998
난곡입구,37.481941,126.916138
남서울중학교.성보중고등학교,37.482817,126.921012
신림사거리.신림역,37.4838178,126.9280626
KT&G관악지점,37.484533,126.936125
봉천역.관악초등학교,37.482057,126.943115
KT관악지점,37.48148289,126.9484611
봉천사거리,37.480368,126.954587
낙성대동,37.479278,126.957392
낙성대입구,37.47784448,126.9608875
인헌중고.서울미술고,37.475655,126.966623
예술인마을.사당초등학교,37.475937,126.973885
남서울농협남현동지점,37.47637096,126.9773009
서울대학교,37.46674146,126.9479523
서울대학교,37.466827,126.948727
서울여상.서울문영여중고앞,37.47316048,126.9533001
관악구청,37.47798198,126.9524978
봉천사거리.봉천중앙시장,37.48288738,126.9542258
봉원중학교.행운동우성아파트,37.48490109,126.9559129
관악푸르지오아파트,37.48770344,126.9581661
성현동동아아파트,37.48840165,126.9577326
봉원중학교.행운동우성아파트,37.484857,126.955342
봉천사거리.봉천중앙시장,37.483155,126.953838
관악구청,37.47935,126.952188
관악경찰서.관악소방서,37.475253,126.952572
서울여상.서울문영여중고앞,37.473002,126.952845
신림중.삼성고.관악아트홀·도서관,37.47055,126.944132
서울산업정보학교.삼성교,37.47101429,126.9411248
신성초등학교,37.471078,126.937427
서울대벤처타운역1번출구,37.47320697,126.9336863
쑥고개입구,37.47619171,126.9374951
서원역1번출구,37.47864981,126.9323857
신림사거리,37.48192579,126.9300715
신림동별빛거리입구,37.485847,126.929633
당곡역.보라매공원.보라매병원,37.49044,126.92762
당곡역2번출구.롯데백화점관악점,37.490008,126.927485
신림동별빛거리입구,37.486415,126.929057
신림사거리,37.4827671,126.9296378
서원역,37.477918,126.932724
서림동주민센터.신화단지,37.475874,126.936618
서울대벤처타운역.삼성동시장,37.47271275,126.9329597
대학동고시촌입구,37.470773,126.936456
서울산업정보학교.삼성교,37.47057382,126.9420277
관악산입구.관악아트홀·중앙도서관,37.467758,126.946871
당곡역.당곡사거리.롯데백화점,37.49100414,126.9270747
사당역4번출구,37.47554085,126.981359
남현동홈플러스앞,37.472373,126.98253
남태령역,37.46557,126.987784
낙성대입구,37.47829314,126.9579938
삼성동주민센터,37.470005,126.933025
미림고개,37.468114,126.931983
미림여고.미림여자정보과학고,37.465575,126.931333
신우초등학교,37.462721,126.931693
삼성산성지,37.458825,126.929865
산장아파트,37.459955,126.927725
삼성산주공아파트,37.461345,126.925109
산복터널.관악산휴먼시아2단지,37.458697,126.922015
산복터널.관악산휴먼시아2단지,37.459082,126.922572
삼성산주공아파트,37.46110627,126.925091
산장아파트,37.459798,126.9275
삼성산성지,37.458613,126.92989
신우초등학교,37.46241072,126.9319561
미림여고.미림여자정보과학고,37.46511295,126.9316212
미림고개.고시촌입구,37.467637,126.932
서울대벤처타운역,37.470692,126.933592
쑥고개,37.47853539,126.9403975
e편한세상서울대입구아파트,37.47953,126.942828
영락고교.영락의료과학고,37.47921263,126.9456223
생모리츠타운,37.479052,126.94776
관악구청,37.478727,126.950798
생모리츠타운,37.479247,126.947667
영락고교.영락의료과학고,37.479465,126.945438
e편한세상서울대입구아파트,37.479723,126.942933
쑥고개,37.47862692,126.9401212
은천교,37.48623002,126.9358165
봉일시장,37.486138,126.938717
은천초등학교,37.48608434,126.9424345
두산.벽산아파트.서울관광고등학교,37.48678625,126.9452561
현대시장앞,37.486675,126.948496
관악동부센트레빌아파트앞,37.48623951,126.9519972
중앙동성당앞,37.485802,126.954663
중앙동성당앞,37.485921,126.955195
관악동부센트레빌아파트앞,37.48647441,126.9513016
대학동고시촌입구,37.470437,126.939236
벽산.두산아파트.서울관광고등학교,37.48696463,126.9451745
은천초등학교,37.48632,126.942447
봉일시장,37.48626234,126.9389873
은천교,37.486487,126.93555
신림청소년독서실.신림체육센터,37.480922,126.914797
난곡우체국사거리,37.477188,126.915602
신일교회앞,37.475448,126.916767
세이브마트앞,37.473862,126.918037
남강중고등학교입구,37.47225742,126.9195219
우림시장.난곡보건분소,37.470547,126.919998
난우중학교입구,37.46669197,126.9205408
신림복지관앞,37.46528249,126.9196774
신림복지관앞,37.465357,126.919495
난우중학교입구,37.467392,126.920348
우림시장.난곡보건분소,37.47066711,126.9197418
남강중고등학교입구,37.472558,126.919146
세이브마트앞,37.473958,126.917433
신일교회앞,37.475399,126.916574
난곡우체국사거리,37.47698086,126.9154306
신림청소년독서실.신림체육센터,37.4803153,126.9146625
KT구로지사,37.48127456,126.9053999
골목시장앞,37.48150941,126.90538
조원동주민센터,37.483437,126.907417
조원동주민센터,37.483185,126.907055
신대방역,37.48657947,126.9130032
신대방역,37.48667,126.912694
보라매공원입구,37.4891229,126.9174897
보라매공원입구,37.489435,126.917802
보라매갑을아파트,37.48964863,126.9220386
롯데관악점,37.48973,126.925162
롯데관악점,37.49013,126.925707
당곡역,37.48929951,126.9270622
당곡중학교,37.48797335,126.9304831
당곡중학교,37.48795,126.93191
봉현초등학교,37.49071575,126.9554673
동아아파트105동앞,37.49053,126.955413
관악드림타운115동,37.490522,126.952787
관악드림타운115동,37.490144,126.953011
관악드림타운북문,37.49160078,126.9512768
관악드림타운북문,37.491545,126.951076
구암중학교,37.492466,126.948341
구암중학교,37.492287,126.948465
벽산아파트.적십자남부봉사관,37.492953,126.946532
벽산아파트.적십자남부봉사관,37.493053,126.946158
벽산블루밍벽산아파트303동앞,37.491943,126.94437
구로디지털단지역,37.483824,126.902687
현대시장,37.48688113,126.9478365
서울대입구역,37.480108,126.95273
신봉초등학교입구,37.48419,126.946823
구암초등학교,37.48918809,126.9461217
은천동벽산블루밍아파트105동,37.48936819,126.9458637
은천동두산아파트3단지,37.484362,126.946547
봉일시장,37.48507287,126.9372434
봉천역,37.48302172,126.9420825
현대시장,37.48767895,126.9465909
현대시장,37.487438,126.946518
관악우체국.에이치플러스양지병원,37.48484806,126.933157
관악우체국.에이치플러스양지병원,37.48445247,126.9331483
보라매삼성아파트.모자원고개,37.4945144,126.9273976
조원동기점,37.48352961,126.9058409
관악산휴먼시아.신림푸르지오2차,37.46038,126.919524
관악산휴먼시아아파트1단지입구,37.46092763,126.9219633
관악산휴먼시아아파트1단지입구,37.460993,126.92163
난향동주민센터,37.461001,126.919167
서울대정문,37.465733,126.94839
법대.사회대입구,37.462798,126.948992
자연대.행정관입구,37.46027459,126.9488328
농생대,37.457163,126.94917
공대입구,37.454936,126.949846
신소재,37.453496,126.950227
제2공학관,37.448828,126.95205
유회진학술정보관.제1공학관,37.451283,126.952595
유전공학연구소.반도체공동연구소,37.45401037,126.9539021
교수회관입구,37.45607086,126.9553488
관악사삼거리,37.460787,126.956725
국제대학원,37.46417722,126.9553135
수의대입구.보건대학원앞,37.466119,126.954632
경영대.행정대학원,37.466135,126.952053
경영대.행정대학원,37.46580585,126.9509996
수의대입구.보건대학원앞,37.46583771,126.9546455
국제대학원,37.46371,126.954927
관악사삼거리,37.460528,126.95666
공동기기원,37.45511895,126.9544666
유전공학연구소.반도체공동연구소,37.453746,126.953553
에너지자원연구소,37.45359525,126.9522142
공대입구,37.455364,126.9498964
농생대,37.45711284,126.9493877
자연대.행정관입구,37.45999,126.948957
문화관입구,37.46148685,126.9494504
법대.사회대입구,37.46326,126.949075
서울대정문,37.465375,126.948633
우방아파트,37.489233,126.919247
은천성결교회,37.488327,126.921427
남부초교후문,37.486717,126.92264
봉림교,37.48477707,126.9245167
봉림교,37.48497178,126.9246318
남부초교후문,37.486452,126.922237
청담고시원,37.471038,126.940757
우리슈퍼,37.472345,126.939338
명호고시원,37.473505,126.938728
동작마트,37.474283,126.93835
제일성도교회,37.47483346,126.9404393
삼양슈퍼,37.47502442,126.9420978
금성마트용천사,37.47502927,126.9428078
삼양슈퍼,37.47493431,126.9421136
제일성도교회,37.47465776,126.940479
동작마트,37.474938,126.938032
고시촌입구,37.470302,126.93784
대학동치안센터,37.46904,126.93765
대학동노인정,37.46735,126.93757
금호타운아파트,37.46574,126.93766
금호타운아파트,37.46571,126.93783
대학동노인정,37.46715911,126.9376869
대학동치안센터,37.46893795,126.9377736
서울대입구역,37.48070059,126.952444
청림동현대아파트,37.491334,126.957561
청림동현대아파트,37.491948,126.959384
보성운수기종점,37.464132,126.919021
난곡공영차고지,37.463938,126.918963
한남운수대학동차고지,37.47037897,126.9398176
한남운수대학동차고지,37.470195,126.93969
제2공학관,37.44808487,126.9521426
건설환경종합연구소앞,37.447203,126.949693
봉일시장,37.485532,126.937288
보라매공영주차장,37.48870449,126.9342323
당곡중고교,37.49112294,126.9340425
연희빌라,37.492583,126.933808
재넘이고개,37.492825,126.935368
연희빌라,37.49253,126.933738
당곡중고교,37.49113277,126.933883
보라매공영주차장,37.48872606,126.9341339
신림사거리.신림역,37.4841991,126.928276
신사동주민센터.신사시장,37.4855926,126.9178057
건영유치원,37.48505,126.914593
신대방역,37.48644841,126.9136841
난곡사거리,37.48327404,126.9143778
난곡사거리,37.48277,126.914237
신대방역,37.48636536,126.9134841
신사시장.평화교회,37.484465,126.913877
신사시장.선한이웃교회,37.48452751,126.914038
신림청소년독서실.신림체육센터,37.48040043,126.9148891
신사동진양빌딩앞,37.487695,126.914612
호림박물관,37.48236721,126.9186189
보성운수차고지맞은편,37.46467082,126.9192632
조원아파트,37.484088,126.90782
성원홈아파트,37.49023106,126.9344142
성원홈아파트,37.49020396,126.9343
신림빗물펌프장,37.484773,126.907633
봉천사거리.위버폴리스,37.48279341,126.9535723
서원동승리교앞,37.481586,126.929906
서울난향초등학교.난향동주민센터,37.46273678,126.9188889
은천길입구,37.486647,126.93361
대학동샘말공원,37.46513827,126.9383465
서울대학교.치과병원.동물병원,37.46927442,126.9520816
서울대학교.치과병원.동물병원,37.470034,126.951937
신림2교,37.477526,126.93678
서울대학교,37.46766096,126.9496319
신림역2번출구,37.48332204,126.9298972
벽산블루밍아파트종점,37.492105,126.944636
청림동현대아파트입구,37.491076,126.957416
아카시아마을.민방위교육장,37.47207654,126.911063
난향동공영차고지,37.46347841,126.9189073
청림동푸르지오아파트121동앞,37.48558671,126.9606641
보명사.법화사,37.47607349,126.9248319
현대아파트후문,37.47525514,126.9304689
GS편의점.소망유통,37.46931873,126.9686577
국사봉,37.491065,126.941744
봉천역,37.483597,126.940902
뉴서울아파트,37.471416,126.911122
푸르지오122동,37.4860982,126.9596642
승산밝은빛교회.구무림비디오,37.47572798,126.9242273
코사마트,37.47621916,126.9302023
인수당약국,37.47016743,126.9681362
벽산아파트후문.만물슈퍼,37.49078823,126.9418504
신협,37.48319505,126.9465738
쌍용아파트후문,37.47267719,126.9117542
관악로입구,37.48642653,126.9580221
한마음슈퍼,37.47531751,126.9234985
미성빌라,37.47707707,126.9302988
우리현대마트,37.47107829,126.9675399
우리슈퍼,37.49038376,126.9421119
두산아파트입구,37.484773,126.9468248
벽산아파트501동.적십자센터,37.49290535,126.9465804
신라놀이터,37.47324818,126.9125495
충남슈퍼.생각대로통신,37.47491876,126.9227888
혜성세탁소,37.47738346,126.9303177
동인약국.인헌중고입구,37.47197203,126.9669822
수정슈퍼,37.48980254,126.942101
현대시장,37.48707357,126.9469476
벽산아파트,37.49229316,126.9438939
두영아파트,37.47429887,126.913775
삼성산주공정문,37.46106287,126.926287
서울대입구역2호선,37.48246641,126.953836
제일교회입구,37.47452632,126.9220871
GS편의점,37.47843794,126.930639
오리사랑,37.47374176,126.9668389
서울관광고등학교,37.48907524,126.9418664
구암초등학교정문,37.48816638,126.9464345
현대홈타운아파트,37.47968636,126.9637778
미성중학교,37.4755708,126.9131844
삼성산주공307동앞,37.46171592,126.9273355
관악프라자,37.48357602,126.9547331
남강중고등학교입구,37.47414559,126.9213944
동산교회,37.47900154,126.9297927
인헌연세약국,37.47506636,126.9667445
산성교회,37.48867229,126.9415478
방앗간,37.48997114,126.9460929
낙성대역,37.47779001,126.9624207
라이프아파트,37.47717334,126.9136959
2단지종합상가,37.463576,126.926319
애동유치원,37.47426917,126.9202354
서강약국,37.47947091,126.9281245
인헌시장입구,37.47542833,126.965772
경천교회,37.48802746,126.9404797
대학원생활관,37.46233612,126.9573923
성현동주민센터,37.489861,126.947285
사랑의병원,37.47962441,126.9564304
신림고등학교,37.47768059,126.9160901
203동앞,37.4644447,126.9264977
관악로입구,37.48627596,126.9577949
세이브마트,37.47417629,126.9188188
동부아파트,37.48130124,126.9284314
파리바게트.낙성대지하철,37.476139,126.964373
국회단지입구,37.48659952,126.9393195
학부생활관,37.463749,126.958073
구암어린이집앞,37.49095584,126.9476358
낙성대역,37.47787569,126.9626593
난곡터널,37.478035,126.918397
광신고등학교.주공1단지,37.466028,126.927109
우성아파트103동,37.48609174,126.9592458
난우초등학교,37.47594711,126.9177304
삼모타워앞.건강보험관악지사,37.48240061,126.9284597
인헌초등학교,37.47710724,126.9617606
은천교앞,37.48640037,126.935882
BK국제관,37.465448,126.95791
관악드림타운2단지.관악선의복지관,37.49193954,126.9469498
현대홈타운아파트,37.47912966,126.9634797
갑을아파트,37.489754,126.922047
신원동치안센터,37.47909088,126.9270326
유완약국.성림교회,37.46684751,126.9300283
행운동우성아파트109동앞,37.485287,126.961219
신림고등학교,37.477891,126.916073
낙성대입구,37.47780813,126.9599796
신림성모성당앞,37.48707441,126.9326665
가족생활동,37.466978,126.957872
롯데백화점,37.49042787,126.9244827
삼성전자,37.46769431,126.9310842
신림청소년독서실.신림체육센터,37.48049969,126.9148759
낙성대동시장입구,37.47875434,126.9575345
관악우체국,37.485139,126.934147
신림고등학교,37.47798108,126.9168167
신림사거리.신원시장,37.48370921,126.9273006
삼성동시장,37.46920398,126.9316311
난곡사거리,37.48230119,126.9144634
신림역,37.48548832,126.9296507
인헌아파트,37.46802075,126.9612872
서울대벤처타운역.삼성동시장입구,37.47185504,126.9332126
동부아파트,37.48132003,126.9282143
낙성대역,37.47632106,126.9648558
당곡역.당곡사거리,37.48873105,126.9287658
서울과학전시관,37.46872249,126.9579992
은천교입구,37.4868363,126.9342753
은천교입구,37.48693633,126.9340849
삼성아파트,37.494576,126.927383
조원경로당,37.48353917,126.90827
서강약국,37.47947352,126.9279662
인헌연세약국,37.47484832,126.9668226
낙성대공원.관악복합평생교육센터,37.472205,126.958766
신도브래뉴.구펭귄아파트,37.484211,126.911039
동산교회,37.47877903,126.929898
오리사랑,37.47368455,126.9666848
봉일시장,37.48609276,126.9386493
낙성대입구,37.47874515,126.9595879
낙성대현대아파트,37.47487295,126.9591501
성지빌딩,37.47861197,126.9308322
펭귄시장,37.483576,126.912358
동인약국.인헌중고입구,37.47191522,126.9668511
국회단지입구,37.4865356,126.9394213
봉천역,37.483129,126.941979
봉천역,37.4835774,126.9414681
인헌초등학교,37.47658776,126.9591594
난곡사거리,37.48251537,126.914064
우리현대마트,37.47112059,126.9673568
경천교회,37.4879473,126.9405544
낙성대입구,37.4775169,126.9594607
신림체육센터,37.481016,126.914615
서림동주민센터,37.47485311,126.9349783
인수당약국,37.47044307,126.9677946
산성교회,37.48859121,126.941601
신원동치안센터,37.479222,126.926202
현대아파트109동,37.474872,126.933312
개미유통,37.46998685,126.9668429
서울관광고등학교,37.48904105,126.941975
낙성대역,37.47707918,126.9619752
서울대호암교수회관,37.46772958,126.9583174
봉천로사거리,37.48234217,126.9524255
관악세무서,37.47903792,126.9244976
난우초등학교,37.47647388,126.9171837
현대아파트106동,37.47509774,126.9325314
세진아파트,37.46963157,126.9659804
수정슈퍼,37.48956378,126.9421499
낙성대입구,37.4775943,126.9591814
구로디지털단지역,37.484549,126.905796
구로디지털단지역,37.484369,126.905813
난곡터널,37.478276,126.919017
난곡종점,37.46411007,126.9192838
세이브마트,37.47424731,126.9185745
봉천역,37.4835909,126.9414274
은천아파트,37.46930423,126.9651699
우리슈퍼,37.49015138,126.9423213
인헌초등학교,37.476522,126.958967
서울대벤처타운역.삼성동시장입구,37.47168821,126.932981
애동유치원,37.47415561,126.9202107
인헌아파트,37.46826,126.961683
롯데백화점관악점,37.489744,126.924916
롯데백화점관악점,37.49009,126.925983
신림역,37.484495,126.932989
신림역,37.48446517,126.9301935
봉천역,37.481993,126.944142
봉천역,37.482711,126.941497
서울대학교입구전철역,37.48159318,126.951428
관악구청,37.47990936,126.9522794
관악구청,37.47825141,126.9524998
서울대학교,37.46685724,126.9489516
신림2동차고지,37.470982,126.938321
신림2동차고지,37.470929,126.938768
벽산아파트후문.만물슈퍼,37.491067,126.941856
낙성대현대아파트,37.474424,126.959068
사당역4번출구A,37.47500152,126.981484
사당역4번출구B,37.4748086,126.9815173
봉천역,37.48313729,126.9416183
관악드림타운2단지.관악선의복지관,37.491928,126.946875
라이프아파트,37.47716694,126.9135636
삼성동시장,37.469153,126.931472
남강중고등학교입구,37.47408436,126.9214522
은천아파트,37.46918348,126.9651417
낙성대공원.관악복합평생교육센터,37.471697,126.958413
구암어린이집앞,37.491085,126.947528
미성중학교,37.47560406,126.9130747
삼성전자,37.467902,126.931094
제일교회입구,37.4744768,126.9221437
세진아파트,37.46951623,126.9659793
서울과학전시관,37.469566,126.957989
성현동주민센터,37.490021,126.947986
두영아파트,37.474346,126.913664
유완약국.성림교회,37.46690792,126.9300278
충남슈퍼.생각대로통신,37.47485933,126.9228522
개미유통,37.46987962,126.966852
호암교수회관,37.46841173,126.958334
현대시장,37.48722392,126.9466523
신라놀이터,37.47331302,126.9124929
광신고등학교.주공1단지,37.46554169,126.9268061
한마음슈퍼,37.47525537,126.9235494
소망유통,37.46947004,126.968401
두산아파트,37.48473599,126.946679
쌍용아파트후문,37.4727366,126.9116693
201동.동신교회,37.46421557,126.9258566
승산밝은빛교회.구무림비디오,37.4756424,126.9242602
군인아파트,37.46896724,126.9686942
호암교수회관,37.468262,126.957816
신협,37.48321392,126.946455
뉴서울아파트,37.47151245,126.9110761
3단지종합상가,37.46324467,126.92665
보명사.법화사,37.4759816,126.9248625
가족생활동,37.466361,126.957684
봉천로사거리,37.48204466,126.9514911
봉천역6번출구,37.483212,126.943536
아카시아마을.민방위교육장,37.47209914,126.9111579
삼성산주공307동앞,37.46182493,126.9273071
서울대후문.연구공원,37.465104,126.957782
봉천역4번출구,37.483584,126.941515
삼성산주공아파트정문,37.46121839,126.9257025
학부생활관,37.46314183,126.9577174
대학원생활관,37.46197275,126.9567821
기숙사삼거리,37.460463,126.956764
제2파워플랜트,37.449125,126.949654
건설환경종합연구소,37.447194,126.949997
보라매노인복지회관,37.49267792,126.9258907
신한은행앞.롯데백화점,37.490522,126.924334
벽산아파트,37.492322,126.943717
적십자센터,37.493009,126.946361
봉림교,37.48368797,126.9269361
서원치안센터.건강보험관악지사,37.48199283,126.9291589
노천강당,37.4587949,126.955328
신림역4번출구,37.48391302,126.9290486
서원역2번출구.서원동성당앞,37.47783639,126.9344657
신림복지관앞,37.4653,126.919765
교육개발원입구,37.47859,127.038482
교육개발원입구,37.477818,127.038758
양재역.서초문화예술회관,37.48261,127.035902
양재역.서초문화예술회관,37.481927,127.036827
뱅뱅사거리,37.487667,127.032432
뱅뱅사거리,37.486653,127.033097
래미안아파트.파이낸셜뉴스,37.491895,127.030405
래미안아파트.파이낸셜뉴스,37.491087,127.030987
신분당선강남역,37.495848,127.028538
신분당선강남역,37.494993,127.029112
지하철2호선강남역,37.501795,127.02574
지하철2호선강남역,37.500785,127.02637
논현역,37.5072265,127.0230319
논현역,37.506367,127.023728
신사역.푸른저축은행,37.51413699,127.0200637
신사역,37.512972,127.020607
반포역,37.5083482,127.0120079
반포역,37.507995,127.011155
고속터미널,37.506295,127.005137
고속터미널,37.505843,127.003922
신반포역.세화여중고,37.50345786,126.9956954
신반포역.세화여중고,37.503052,126.994697
구반포역.세화고등학교,37.50203716,126.9899766
구반포역.세화고등학교,37.501735,126.98907
아리랑TV.국립국악원,37.47883642,127.0090806
남태령역,37.46569518,126.9880882
이수역,37.4823317,126.9820742
사당역,37.47421898,126.9820504
총신대입구역.남성시장입구앞,37.487308,126.982301
경문고등학교,37.49043723,126.9827418
정금마을,37.4932972,126.982748
염곡마을.서초50플러스센터,37.461125,127.05081
염곡마을.서초50플러스센터,37.46156,127.049473
탑성마을.서초포레스타입구,37.457758,127.05869
탑성마을.서초포레스타입구,37.457572,127.058726
안골마을.서울언남초등학교,37.45575,127.063306
안골마을.서울언남초등학교,37.455708,127.063129
샘마을.서울특별시어린이병원,37.457177,127.070905
샘마을.서울특별시어린이병원,37.456805,127.070106
서초포레스타5단지정문,37.451777,127.058395
서초종합체육관,37.45851,127.042175
서울추모공원,37.45415582,127.042698
양재동화물터미널,37.460125,127.036776
양재동화물터미널,37.4602,127.037076
서울추모공원,37.45426839,127.0428812
한국소비자원,37.466093,127.043825
지하철3호선교대역,37.49178209,127.0141904
서울교대사거리,37.48732872,127.0150603
지하철2호선교대역2,37.494022,127.01538
서초동유원아파트,37.49545694,127.020216
창신교회앞.서리풀노리학교,37.49049062,127.0213791
창신교회.서리풀노리학교,37.490303,127.02128
서울교대정문앞,37.48893434,127.0162096
서울교대정문앞,37.488798,127.016373
남부터미널,37.48334911,127.0174997
서울시인재개발원입구,37.483108,127.022222
서울시인재개발원.한우리문화센터,37.482652,127.021742
서일초등학교,37.48650685,127.0213147
서일초등학교,37.48614105,127.021085
롯데칠성,37.49665727,127.0240036
롯데칠성,37.49507739,127.02522
서초포레스타2단지앞,37.455488,127.063037
래미안에스티지에스,37.492538,127.026468
래미안에스티지,37.493118,127.025942
서초청소년도서관,37.49267338,127.0285678
서초청소년도서관,37.492622,127.028881
서초동신동아아파트,37.491745,127.025385
서초2동주민센터서이초등학교,37.491595,127.025548
래미안리더스원아파트,37.49021755,127.0275566
추모공원입구,37.458317,127.038906
뱅뱅사거리,37.489022,127.0294
뱅뱅사거리,37.48881543,127.0298928
서초그랑자이아파트,37.488001,127.026038
서초그랑자이아파트,37.48762958,127.0260532
서초구청,37.484277,127.030748
서초구청,37.483857,127.030587
수협서초지점,37.493517,127.029385
서초문화예술정보학교,37.488021,127.0320162
법조단지,37.496385,127.013
교대역10번출구,37.493554,127.012781
서초역.서울중앙지법등기국,37.4931,127.007328
서초역1번출구,37.492017,127.00891
서울중앙지방검찰청,37.494768,127.006543
서울중앙지방검찰청대검찰청,37.494383,127.006115
서초아트자이아파트,37.485861,127.010842
서초동삼성아파트,37.488918,127.009342
서초유스센터.서초아트자이,37.48548015,127.0105006
서초동삼성아파트,37.48851159,127.0089653
서초3동주민센터,37.48312906,127.0116355
서초3동주민센터,37.48322183,127.0120799
서초동예술의전당,37.48168573,127.012886
서초중학교,37.48360511,127.0085384
서초중학교,37.48338792,127.0088053
서울고등학교,37.48293038,127.0050002
서울고등학교,37.48274743,127.0055791
상문고교,37.48190494,127.0047242
서초동예술의전당,37.479433,127.011232
서초동예술의전당,37.47969863,127.0108028
남부터미널.기쁨병원,37.48195789,127.0168662
남부터미널.기쁨병원,37.48173611,127.0176022
남부터미널,37.4842,127.0156
남부터미널.한일시멘트,37.48473184,127.0142185
남부터미널,37.484755,127.015601
서울교대사거리,37.48738464,127.0146476
서울교대사거리,37.48805071,127.0133427
서울교대사거리,37.487837,127.01314
지하철3호선교대역,37.49182448,127.0138184
KCC사옥,37.503035,127.020282
서초푸르지오써밋,37.502037,127.021736
서초푸르지오써밋.롯데캐슬클래식,37.50147583,127.0221683
진흥아파트,37.49772334,127.0237031
진흥아파트,37.497889,127.023901
강남역.강남역사거리,37.497784,127.0266041
서초동진흥아파트,37.49657912,127.0227753
서초동유원아파트,37.49575,127.01977
지하철2호선교대역4출구,37.49447257,127.0158387
법조단지,37.49628501,127.0132447
신논현역.구교보타워사거리,37.50262,127.02511
강남역,37.499878,127.026407
잠원한신아파트,37.51650064,127.0100875
래미안신반포리오센트아파트,37.519627,127.013905
신반포18차아파트,37.520158,127.014195
롯데캐슬아파트,37.51969445,127.0155352
롯데캐슬아파트,37.51996389,127.0154198
신반포13차아파트,37.51671188,127.0144202
신반포13차아파트,37.517147,127.014347
신동중학교,37.51559202,127.0132334
신동중학교,37.515502,127.013018
논현역7번출구,37.51066,127.019358
신사역4번출구,37.514985,127.019707
신사역5번출구,37.51697853,127.0189942
논현역6번출구,37.51029082,127.019213
논현역,37.5091091,127.0219545
반포동,37.505962,127.023498
신논현역.구교보타워사거리,37.504227,127.023023
제일약품사옥,37.503387,127.02025
사평역,37.504917,127.013887
사평역,37.503816,127.015802
디에이치반포라클라스,37.49966282,127.0124492
삼호가든사거리.반포도서관,37.50279745,127.0116013
삼성래미안,37.502853,126.995162
서초구민체육센터.심산문화센터,37.498388,126.990517
잠원한신아파트,37.516795,127.00984
잠원성당.아크로리버뷰아파트,37.513683,127.006645
잠원성당,37.51347046,127.0069649
뉴코아아울렛,37.50920911,127.0077586
신반포자이아파트,37.50947582,127.0080007
고속터미널,37.50626419,127.0093531
서울지방조달청.서울성모병원,37.49926,127.003934
센트럴시티,37.503553,127.00634
서울지방조달청.서울성모병원,37.500676,127.004092
서울성모병원,37.502675,127.005395
서초구민체육센터.심산문화센터,37.49796057,126.9910969
반포미도아파트앞,37.50170172,127.011583
고속터미널호남선,37.50535171,127.0030788
삼호아파트,37.496634,126.987806
방배사이길,37.493328,126.990277
방배동삼호아파트,37.49653,126.988245
가야메디컬센터,37.49339188,126.9898749
이수교,37.49661979,126.9833194
롯데캐슬헤론아파트,37.49727424,126.9852046
방배동신동아아파트,37.48230781,127.0016995
방배역.방배서리풀이편한세상,37.483588,126.99647
내방역2번출구,37.48677537,126.9943844
내방역,37.48662307,126.9940949
방배1동주민센터.방배아크로타워,37.48344946,126.9961464
지하철2호선방배역,37.481352,126.996712
서울교통공사,37.47671115,126.9861652
종로교회,37.47864162,126.9890956
대우효령아파트,37.48020356,126.9933661
이수중학교,37.48091001,126.9930506
방배브라운가아파트,37.48406284,126.9910194
사당역,37.479003,126.98209
사당역3번출구,37.47507949,126.9820179
경남임광아파트,37.4772,127.000632
방배그랑자이아파트,37.477254,127.000283
서울지방법무사회,37.48003973,126.9987551
현대멤피스2차아파트,37.47981445,126.9984453
신동아아파트앞,37.48200504,127.0018917
방배역.백석예술대학교,37.481038,126.996763
방배동대우효령아파트앞,37.480167,126.994093
종로교회앞,37.47809462,126.9887158
서울교통공사,37.4763264,126.986414
방배동래미안아트힐.국립국악원,37.477503,127.006302
방배그랑자이아파트,37.47481873,127.0008921
성뒤마을.교육연수원,37.4737472,126.994633
방배동래미안타워,37.47467418,126.9905863
대항병원.연세사랑병원,37.47564164,126.9871072
대항병원.연세사랑병원,37.47538659,126.9867647
방배동래미안타워.동덕여중고,37.47428761,126.9906565
성뒤마을.교육연수원,37.473395,126.997146
방배그랑자이아파트,37.47477367,127.0016643
방배동래미안아트힐.국립국악원,37.477275,127.006845
서문여고입구,37.490238,126.987153
방배동고개,37.486753,126.989307
예술의전당,37.48042,127.013341
방배열린문화센터(방배4동주민센터),37.49050491,126.9920624
방배열린문화센터(방배4동주민센터),37.49061841,126.9916055
양재역.양재1동민원분소,37.48476913,127.0374188
양재노인종합복지관,37.48332398,127.0421051
블랙야크양재사옥,37.4801407,127.0411739
현대빌라.에코맘코리아,37.47613979,127.0356383
현대빌라.에코맘코리아,37.476303,127.036092
우성아파트.양재초등학교,37.474572,127.031828
우성아파트.양재초등학교,37.474668,127.032753
코오롱아파트.양재1동주민센터,37.47235525,127.0281898
우면코오롱아파트,37.47203728,127.0280952
우면주공아파트.우면한라아파트,37.4707123,127.0256889
우면주공아파트.양재1동주민센터,37.470782,127.026143
서울시품질시험소한국교원단체총연합회,37.46743264,127.0280065
서울시품질시험소한국교원단체총연합회,37.46744697,127.0283841
네이처힐3.4단지,37.465352,127.026143
성촌마을입구,37.465357,127.024963
송동마을.서초힐스아파트,37.45902997,127.0179066
송동마을.서초힐스아파트,37.45850283,127.0178421
식유촌우면성당.서초호반써밋,37.45743838,127.0127201
식유촌우면성당.서초호반써밋,37.45723906,127.0142947
양재역,37.483686,127.03471
양재역,37.483427,127.035493
일동제약사거리,37.478931,127.038295
일동제약사거리,37.479563,127.038605
양재2동주민센터.양재꽃시장,37.46958572,127.0394643
매헌시민의숲,37.473135,127.038353
언남고교,37.47327954,127.0389281
매헌시민의숲.양재꽃시장,37.470867,127.03836
매헌시민의숲.양재꽃시장,37.471255,127.039043
AT센터.양재꽃시장,37.468707,127.039655
양곡도매시장,37.460342,127.035197
양곡도매시장,37.460023,127.035252
하나로마트.코트라,37.46384119,127.0444478
코트라,37.464867,127.044273
구룡사앞,37.47021,127.048848
구룡사,37.474022,127.048132
구룡사입구,37.472103,127.050237
동원산업앞,37.47664737,127.0453961
언남고포이성당앞,37.47203264,127.0458263
양재119안전센터앞,37.469496,127.041248
소방서앞,37.46993097,127.0417268
꽃마을,37.460633,127.046364
꽃마을,37.46043058,127.0465823
개나리골입구,37.45744118,127.0476272
개나리골입구,37.457284,127.048026
새원마을,37.45429143,127.0507076
새원마을,37.45447612,127.0507925
본마을,37.45326305,127.051185
본마을,37.453454,127.051343
청계산.원터골,37.4444526,127.0577012
청계산.원터골,37.44489506,127.0576688
관현사입구,37.43732107,127.0632388
관현사입구,37.437154,127.063704
새쟁이마을,37.434511,127.066179
새쟁이마을,37.43479642,127.0660516
옛골,37.430946,127.070438
염곡마을.서초50플러스센터,37.46160761,127.048863
염곡마을.서초50플러스센터,37.46200197,127.0491561
탑성마을,37.458377,127.056619
탑성마을,37.459469,127.054865
안골마을,37.4562836,127.0623889
서울특별시어린이병원.강동송파과학화예비군훈련장,37.456646,127.070208
서울특별시어린이병원.강동송파과학화예비군훈련장,37.45758665,127.0718263
헌인릉.강남서초과학화예비군훈련장,37.459744,127.079544
헌인릉.강남서초과학화예비군훈련장,37.4611155,127.082683
헌인농장,37.46142131,127.0847576
헌인마을.서울농업기술센터,37.46364025,127.0914525
헌인마을.서울농업기술센터,37.463344,127.08959
서초소방서,37.49835057,126.992552
강남역,37.49750099,127.0268505
방배동래미안타워.동덕여중고,37.474758,126.990623
옛골,37.43053703,127.0707733
헌인가구단지,37.459688,127.086699
내방역8번출구,37.48803513,126.9947563
교대역5번출구,37.49379959,127.014737
서초힐스아파트,37.4577875,127.0168336
강남역하나은행,37.49695831,127.027797
사당역1번출구,37.47617453,126.982701
남부시장,37.49507652,126.9858169
강남의림한방병원,37.490811,126.983416
염곡동구룡사,37.468475,127.047211
국제전자센터,37.485159,127.017723
염곡동구룡사,37.46832811,127.0471332
형촌마을입구(서초네이처힐1.2단지),37.463688,127.021443
국제전자센터,37.48543513,127.017758
도로교통공단서울지부.코트라,37.46624087,127.0443893
서초역3번출구,37.491127,127.007737
서초구민체육센터,37.498382,126.990307
반포대교남단.한강시민공원입구,37.507812,126.999468
반포대교남단.한강시민공원입구,37.50694399,127.0003902
헌인마을,37.46153988,127.0901409
하이브랜드,37.46209117,127.036788
이수역,37.485494,126.984201
방배초등학교,37.48574026,126.9864538
방배고개,37.486497,126.99018
방배역,37.481445,126.998422
내방역3번출구,37.48677625,126.9939999
방일초교,37.485952,126.994948
내방역,37.487527,126.992748
방배고개,37.486386,126.988805
이수역,37.485864,126.984646
방배역,37.48144074,126.9983469
방배역,37.482326,126.997238
동작대교전망카페,37.50576281,126.9802792
동작대교전망카페,37.505858,126.980812
서초포레스타입구,37.456753,127.06016
삼성래미안아파트,37.49496599,127.0184931
청계산입구역,37.448455,127.054443
청계산입구역,37.449475,127.053685
서초포레스타7단지,37.447572,127.055573
반포한강공원.세빛섬,37.512668,126.997266
반포한강공원.세빛섬,37.51225,126.99776
신논현역.주류성빌딩,37.50105879,127.0257864
신논현역.BSX빌딩,37.50128318,127.0256745
신논현역.유화빌딩,37.50153192,127.025549
신논현역.금강빌딩,37.50173116,127.0255227
신논현역.우신빌딩,37.50199513,127.0253196
신논현역.인터파크,37.50217176,127.0252427
신논현역.영신빌딩,37.50237814,127.0251478
신논현역.씨티은행,37.50276835,127.0249636
내방역1번출구,37.487993,126.995335
매헌시민의숲,37.4730822,127.0389144
동덕여중고,37.4741688,126.9924723
유경약국,37.49366544,126.9862028
남부터미널,37.48468392,127.0155438
동부센트레빌2,37.49803239,126.9880579
헌인마을.서울농업기술센터,37.463382,127.089608
잔디마을,37.46352711,127.0352321
방일초등학교,37.48522189,126.9950042
네이처힐5단지,37.463322,127.023893
대법원앞,37.49167,127.006529
교육개발원입구사거리,37.47956304,127.0386623
방배래미안타워,37.47463365,126.9908068
이수역5번출구,37.48546784,126.9841847
이수중앙시장,37.49211403,126.9889557
국제전자센터,37.48508282,127.0176222
방배신삼호아파트,37.4979489,126.9916918
헌인릉.꽃시장,37.461503,127.08362
더케이호텔후문,37.465335,127.0343342
방배1동주민센터.방배아크로타워,37.483491,126.996256
삼성레포츠,37.49220643,127.0208164
원불교,37.48333107,127.0424409
양재역7번출구.프라자약국,37.48372183,127.035159
연세사랑병원,37.47627774,126.986388
방배초등학교,37.485736,126.986368
함지박사거리,37.49302884,126.9912671
서일초등학교,37.48611313,127.0209866
이수화학,37.4980301,126.9933543
예비군훈련장,37.45554347,127.0807711
더케이호텔정문,37.46830151,127.0341151
방배역1번출구,37.48146628,126.9985454
대림약국,37.49043575,127.0208736
반포래미안아이파크아파트,37.50096275,127.0121586
방배고개,37.48621184,126.9894179
함지박사거리,37.49226556,126.9905853
서래초교,37.49529673,126.9889993
방배성당앞,37.49363634,126.9936239
현대아파트.한국상담대학원대학교,37.48689031,127.0235052
한국회관.ROTC중앙회,37.49870423,126.995407
신흥마을입구,37.45861021,127.0816843
예술공원,37.46998883,127.0325353
사당역13번출구,37.477118,126.982641
서초구립반포도서관.반포리체,37.50262075,127.012497
서초문화예술정보학교후문,37.48671423,127.0291942
장자터빌딩,37.48510626,126.9903544
동부센트레빌1,37.49765297,126.9874959
필리핀대사관,37.49394912,126.9958665
서초그랑자이아파트,37.48774486,127.0263472
삼성래미안,37.502693,126.995422
kt연구소,37.47170857,127.0309239
상문고등학교,37.48214554,127.0046089
반포리체,37.50238449,127.0140047
백산빌딩,37.47913739,126.9910358
방배브라운가아파트,37.48410879,126.9909866
방배열린문화센터.가야치과병원,37.48935782,126.992378
방배중학교,37.49538734,126.9981113
반포래미안,37.50458401,127.000397
우성아파트,37.47466278,127.0328539
삼환아파트,37.4800297,127.0056276
반포래미안아이파크아파트후문,37.50209787,127.0145622
반포고교,37.50170302,127.0158855
서초문화예술정보학교,37.488067,127.03217
교총회관,37.46739293,127.0282687
대우효령아파트,37.47993864,126.9935074
동문빌라,37.48299,126.991841
효성빌라,37.496675,126.998332
서초포레스타3단지정문,37.45542821,127.0593385
호남고속터미널,37.50543641,127.0032236
서초포레스타3단지정문,37.45532628,127.0595498
현대빌라,37.476304,127.036092
방배빌딩.방배아트힐아파트정문,37.47828061,127.0064743
반포고교,37.50128577,127.016141
반포리체,37.50252414,127.014206
언남초등학교,37.45430797,127.0614219
서초2동주민센터,37.49171354,127.025341
삽준네마을,37.46926938,127.0268099
방배역.백석대,37.48097865,126.9967265
이수중학교,37.48185613,126.9924466
서래마을.서래글로벌빌리지센터,37.49789692,126.9984381
언남초등학교,37.45445836,127.0616074
경부고속터미널,37.50653379,127.0068478
서초더샵포레,37.454499,127.064302
반포센트럴푸르지오써밋아파트,37.50092161,127.0169971
서초더샵포레,37.45471003,127.0636983
양재시민의숲매헌역입구,37.469172,127.037521
대우효령아파트,37.48015765,126.9942333
서래마을입구,37.49912353,126.9984523
강남역9번출구,37.49772724,127.0265475
반포자이아파트,37.5061939,127.0093837
임광아파트후문,37.47581892,127.0030268
방현초교,37.475831,126.988713
세탁소,37.48254866,126.9874848
현대4차아파트,37.50057003,127.0179935
반포자이아파트,37.50563336,127.0101482
서초1동주민센터,37.48959452,127.0184669
매헌시민의숲,37.472966,127.038547
서래마을입구,37.49990367,126.9984709
팔래스호텔,37.50054166,127.000069
반포미도아파트앞,37.50184319,127.0116068
여의3교,37.452533,127.055801
임광아파트정문,37.47656687,127.0010131
대성유니드아파트,37.48348665,126.986917
서초래미안아파트정문,37.50028517,127.0187319
뉴코아백화점,37.50930911,127.0080753
서울교대정문,37.48895774,127.0163713
일동제약,37.47735116,127.0376175
롯데캐슬클래식.사랑의교회,37.49973745,127.0229573
반포래미안아이파크아파트,37.50035183,127.0120275
언남중고교,37.47187946,127.0457968
방배3동주민센터,37.47845,126.999815
우리수퍼,37.48467062,126.9861977
서초래미안아파트남문,37.4974383,127.0204175
경원중학교,37.51187332,127.0095535
청호나이스,37.48795883,127.0130611
구름다리,37.47979979,126.9922196
서울지방조달청.서울성모병원,37.499527,127.003962
아크로비스타.미도아파트,37.49804585,127.0124974
방배(백석예술대)역,37.48097868,126.9980947
잠원역,37.51292942,127.0117465
주택단지,37.47868038,126.9891702
국립중앙도서관,37.49792207,127.0044199
반포1동성당,37.50411683,127.0207028
여의3교,37.45251,127.055672
방배(백석예술대)역.서초프라자약국,37.4822348,126.9973009
동덕여고,37.47453557,126.9929347
이수역4번출구,37.4855776,126.9828786
신사역,37.51535,127.019599
유원아파트,37.4953797,127.017861
서초역2번출구,37.49129877,127.0081469
국립국악원,37.47817053,127.0087097
종로교회,37.47811168,126.9881108
서초푸르지오써밋,37.50196612,127.0216821
원불교,37.48099108,127.0419263
일동제약,37.47718824,127.0370543
방일초등학교,37.48584365,126.9949736
논현역,37.510289,127.021496
매일상가,37.513269,127.013197
청계산입구역,37.448959,127.055303
예술의전당,37.48058323,127.0135449
서울교통공사,37.47744653,126.9868536
경원중학교,37.51149706,127.0068991
대법원,37.49160705,127.0064913
롯데캐슬클래식,37.50008324,127.0225773
청계산입구역,37.449126,127.055016
내방역,37.48684926,126.9943312
강남역도시에빛,37.49482982,127.0288628
KT삼거리,37.472187,127.03021
KT연구개발센터정문,37.470431,127.030017
형촌마을입구,37.46232848,127.022193
서초호반써밋,37.45756702,127.0146463
LH서초아파트,37.460042,127.025622
서리풀문화광장,37.491003,127.005496
서초포레스타5단지정문,37.451765,127.058457
한남대교남단(가상),37.51987512,127.0116254
서초호반써밋,37.45634492,127.0151306
서초포레스타3단지후문,37.453804,127.059588
서초힐스아파트,37.456464,127.019578
LH3.4단지,37.45795457,127.0229573
교보사거리,37.506063,127.023557
서초IC(가상),37.48231936,127.0260796
서초IC(가상),37.48235909,127.0266045
강남역서초현대타워앞,37.49646881,127.0280085
강남역우리은행,37.49562094,127.0283766
강남역티월드,37.4947,127.02887
LH5단지,37.45950105,127.024081
LH3.4단지,37.45798656,127.0227162
서초힐스아파트,37.456142,127.01736
성촌마을입구,37.464327,127.0246
2호선교대역7번출구,37.49407986,127.0145663
교대역,37.49403212,127.0143808
서초경찰서,37.49568276,127.005994
원불교,37.48341411,127.0420565
남부터미널.기쁨병원,37.48183701,127.0178114
이수교(방배본동),37.49689645,126.9834607
사당역,37.47886604,126.9820773
서울교통공사,37.47662,126.986117
임광아파트,37.47673989,127.0009712
방배동래미안아파트,37.47571171,126.9852744
삼성전자서울R&D,37.465844,127.023308
사당역13번출구,37.47708201,126.983118
KT연구개발센터,37.470634,127.030494
네이처힐.LH서초아파트,37.460467,127.024156
서초호반써밋,37.45642792,127.015374
도심공항터미널(가상),37.50869367,127.0590298
강남고속버스터미널,37.50606806,127.0039283
내방역제일병원,37.488025,126.995317
대우효령아파트,37.4801666,126.993244
한신2차후문,37.512161,127.005228
방배역,37.4811877,126.9964065
서울고교,37.4827141,127.0054039
서울고교,37.483001,127.004991
서초아트자이아파트,37.48515569,127.0111869
서울교육대앞,37.48784332,127.0145108
남부터미널,37.48474445,127.0143056
신사동.더리버사이드호텔,37.51779298,127.0186555
반포미도아파트앞,37.501834,127.011655
삼풍아파트,37.49633101,127.0128918
교대역,37.49408331,127.0157244
프로비스타호텔.서초동유원아파트,37.495429,127.019981
서초아르누보호텔.유원아파트,37.49570739,127.0197747
삼풍아파트,37.497139,127.013095
반포래미안아이파크아파트,37.50145746,127.0120987
서초고후문,37.48912,127.004482
우성아파트,37.474539,127.031816
내방역1번출구,37.487795,126.994578
내방역8번출구,37.48832883,126.9951882
교보타워앞,37.503279,127.02488
잠원역,37.51300424,127.0114648
동원산업,37.47659509,127.0454402
서울시인재개발원,37.4826059,127.021689
한신2차정문,37.508651,127.003086
미켈란아파트,37.48620323,127.0040325
롯데칠성,37.49540277,127.024805
kt연구소,37.47170504,127.0306514
오거리,37.48849,126.996936
사당역,37.47659626,126.9827574
강남역.서초초교앞,37.499836,127.0265
사당역14번출구,37.47666333,126.9829132
경원중학교,37.51197087,127.0092996
외교안보연구원.서초구청,37.4837943,127.0305444
호남고속.신세계,37.5058392,127.0032972
서울고사거리,37.48305387,127.0041759
문화예술공원,37.47014303,127.0321148
강남역.삼성전자,37.497056,127.027872
반포종합운동장,37.500511,126.996503
반포종합운동장,37.499477,126.996274
언남중고교,37.47198673,127.0456986
서초구청,37.48406144,127.0324035
경남상가,37.50472438,126.9997733
제약회관,37.48232854,127.0017934
진흥아파트,37.4965521,127.0226916
더케이호텔정문,37.46772923,127.0343726
황실자이아파트,37.489275,126.998635
우성아파트사거리,37.493708,127.029447
서초역4번출구,37.49138445,127.006826
매헌초교,37.47046876,127.0422087
반포2동주민센터,37.50385318,126.9970536
방배(백석예술대)역2번출구,37.480727,126.998062
서초그랑자이후문,37.489782,127.027541
유원아파트,37.495649,127.019434
더케이호텔후문,37.465992,127.034187
오거리,37.488814,126.996798
현대렉시온오피스텔.파이낸셜뉴스,37.491002,127.030732
서초역3번출구,37.49108433,127.0077861
양재근린공원,37.47240909,127.0415088
방배누리시아웨딩홀,37.47888542,126.9991554
서초그랑자이정문,37.48796269,127.0259361
강남역10번출구,37.49920958,127.0264406
뱅뱅사거리,37.48923163,127.0303046
언남고,37.47359429,127.0433501
남부터미널.기쁨병원,37.48197951,127.0169521
방배그랑자이아파트,37.477194,127.000412
풍림아이원,37.48724798,127.0238377
하이브랜드.코스트코.이마트,37.462368,127.0361834
서초유스센터,37.48617223,127.0101626
예술의전당,37.48111032,127.0140414
교대역6번출구,37.49417187,127.0137374
신중초등학교,37.47964638,127.0106965
동덕여고,37.47403997,126.9929415
국제전자센터,37.48545132,127.0179152
양재역9번출구,37.48266382,127.0355509
국립국악원,37.47794354,127.0073811
래미안아파트.파이낸셜뉴스,37.49167094,127.0302287
삼호아파트,37.49733396,126.9873512
성지마을입구,37.47387142,126.9922654
남부터미널.한일시멘트,37.48475525,127.014396
양재역엘타워빌딩,37.48256107,127.03563
서초1동사무소,37.49035575,127.0196817
양재시민의숲매헌역입구,37.469293,127.037376
방배빌딩,37.478281,127.006759
서래초등학교,37.49573641,126.9883727
복지관,37.4915718,127.016719
삼환아파트,37.48001076,127.0058933
세빛섬,37.51058231,126.9980215
세빛섬,37.50874826,126.9945427
양재역커피빈앞,37.48283689,127.0353406
교육개발원입구사거리,37.47821021,127.0394643
교대역.법원검찰청,37.49327888,127.0127927
서초고후문,37.4893769,127.0047485
상문고등학교.수표교교회,37.48185626,127.0050035
빛교회.이수중앙시장,37.49229336,126.9890269
현대캐피탈,37.47971901,127.0410922
본마을노인복지센터,37.4544488,127.052974
본마을노인복지센터,37.45458238,127.0530736
방배열린문화센터.가야치과병원,37.4891551,126.9928643
카페골목입구,37.49161375,126.9873182
원불교,37.48143055,127.0426751
방배열린문화센터(방배4동주민센터),37.49039408,126.9921144
노인정,37.48939252,126.9872326
뉴코아백화점,37.50728253,127.0080547
함지박사거리,37.491597,126.99136
청호나이스,37.48771645,127.0129084
코오롱아파트,37.47231031,127.028118
이수역2번출구,37.48721,126.98242
HCN서초방송,37.4822973,127.0120493
서초포레스타3단지후문,37.453882,127.059523
서울교대,37.48872528,127.0162208
삼성딜라이트,37.49743288,127.0264935
유경약국,37.49363392,126.9863781
고속터미널,37.50438387,127.0012438
서래마을,37.50017746,127.0038071
서초1동주민센터,37.48963675,127.0192223
삽준네마을,37.4691973,127.0267443
남부시장,37.49539012,126.9858858
교총회관,37.46738579,127.0279737
롯데캐슬헤론아파트,37.49733013,126.9853505
서래마을입구,37.49922,126.998353
서래마을.서래글로벌빌리지센터,37.49792485,126.9982345
서초문화예술정보학교후문,37.48668184,127.0289839
송동마을.서초힐스아파트,37.4589669,127.0178478
효성빌라,37.49628664,126.9981271
방배중학교,37.49494038,126.9974475
필리핀대사관,37.49406896,126.9957647
서초고후문,37.48892218,127.004662
방배4동성당,37.49374627,126.9935357
함지박사거리,37.49312435,126.9911416
구룡사입구,37.472057,127.050231
서울남부터미널,37.4843,127.0159
서문여고,37.487456,126.98502
카페골목입구,37.49147048,126.9873115
반포종합운동장,37.500218,126.996671
서울교통공사,37.477477,126.987351
서초구청맞은편,37.48418897,127.0306011
방배(백석예술대)역.3번출구,37.48121113,126.9964879
서초롯데캐슬프레지던트아파트,37.49606423,127.0197759
대검찰청.서초경찰서,37.494511,127.006246
불교TV.서초어린이집,37.47450064,127.0002024
구룡사거리,37.47399432,127.0481442
서이초등학교,37.49116354,127.0268381
서울고사거리,37.48321696,127.0043331
반포대교(가상),37.50901913,126.9974278
사당역12번출구,37.47783426,126.9819883
삼성래미안.이수역방향,37.503804,127.001955
더미켈란아파트,37.48555804,127.0041602
서울성모병원.서울지방조달청,37.50034966,127.0041237
아크로비스타,37.49802148,127.0128254
서초성당,37.493191,127.021284
강남역나라빌딩앞,37.49581459,127.028331
반포대교(가상),37.50982765,126.9969557
양재역신한은행앞,37.48290901,127.0352378
신사중학교,37.52292774,127.0204991
신사중학교,37.52386,127.02155
광림교회.현대고등학교,37.52538681,127.0252664
광림교회.현대고등학교,37.52527795,127.0244393
압구정역4번출구,37.525735,127.02819
국민은행,37.52309828,127.0281189
신사동고개,37.518898,127.025755
신사역8번출구.가로수길,37.51743974,127.0221753
신사역6번출구,37.517422,127.019435
신사역3번출구,37.515232,127.020079
신사역1번출구,37.51679281,127.0218267
신사동고개,37.51855451,127.0260153
강남을지병원,37.518221,127.028629
학동역,37.51478423,127.0301679
학동역6번출구,37.51378,127.029634
영동시장,37.51185086,127.0234689
영동시장,37.51126444,127.0224778
학동역5번출구,37.51357315,127.0301493
논현동고개,37.51025653,127.0323028
삼정호텔,37.50678565,127.0316905
신논현역,37.505076,127.025847
교보타워,37.5057773,127.0241456
영동시장논현역,37.509376,127.022458
언북중학교입구,37.52029789,127.0308206
제일은행.호림아트센터앞,37.52157901,127.0349369
영동119안전센터,37.52255572,127.0381007
강남구청역,37.51846568,127.0406406
강남구청역,37.516954,127.039948
세관앞,37.51575936,127.0360666
서울세관,37.51702735,127.0356283
서울세관,37.517333,127.035172
학동역,37.51515813,127.030375
강남을지병원,37.51856649,127.0287813
세관앞,37.515601,127.036421
강남구청역,37.51677,127.040165
한국토지주택공사앞,37.51319,127.042662
선정릉역1번출구.시니어플라자,37.510235,127.0431
아크로힐스논현,37.50922287,127.0396749
논현아이파크,37.511223,127.036438
임피리얼팰리스호텔.펜트힐루논현,37.51432856,127.035601
펜트힐루논현.임피리얼팰리스호텔,37.51354654,127.0351526
논현아이파크,37.511143,127.03592
국민은행논현동지점,37.508573,127.037383
언주역4번출구.차병원사거리,37.507842,127.03515
언주역3번출구,37.50847832,127.0335056
논현고개,37.51144604,127.0321076
서울세관사거리,37.515313,127.034607
현대아파트,37.52843848,127.0305807
현대아파트,37.52829867,127.0311226
고속철도수서역,37.484874,127.104391
신사동교회,37.52069983,127.030625
도산공원.호림아트센터앞,37.52211382,127.0333295
신구중학교,37.52673198,127.0332343
압구정중고등학교.현대아파트,37.529758,127.033683
도산공원사거리,37.52203,127.034595
압구정파출소,37.529112,127.036279
압구정파출소,37.52874691,127.0360581
한양아파트.압구정로데오역,37.52827,127.039579
한양아파트.압구정로데오역,37.5279295,127.0392574
일지아트홀,37.524912,127.039498
씨네시티앞,37.522898,127.037602
도산공원,37.52281302,127.0335301
신구중학교,37.52564607,127.0335404
성수대교남단.현대아파트,37.52991981,127.0341409
청담초등학교,37.52680283,127.0451221
청담동주민센터,37.524615,127.049332
청담동주민센터,37.524522,127.051348
영동교입구.청담자이아파트,37.52278378,127.0560023
영동교입구,37.522278,127.055452
청담역.경기고교,37.520982,127.056165
우리은행청담지점.청담삼익아파트,37.521076,127.056898
청담역.경기고교,37.520026,127.056114
진흥아파트,37.5192911,127.0520899
청담천주교회,37.5204992,127.0495735
청담2치안센터,37.523026,127.048215
강남구청.강남세무서,37.518429,127.047293
청담동래미안아파트,37.517654,127.042911
강남구청역,37.518505,127.04094
프라마호텔,37.52487292,127.0511569
농협앞,37.5240778,127.0443867
일지아트홀.압구정동노인복지관,37.52431596,127.0396346
청담초등학교앞,37.52646133,127.0450857
청담2치안센터,37.52293516,127.0477909
청담동성당앞,37.52025832,127.0492045
차병원차움,37.523668,127.04417
진흥아파트청담역,37.519045,127.05213
청담역.경기고교,37.519823,127.056455
청담역.경기고교,37.519306,127.057852
봉은사.삼성1파출소앞,37.51496776,127.0594354
봉은사.코엑스북문,37.51417,127.058828
봉은사.코엑스북문,37.51354672,127.057639
봉은사역3번출구.삼성1파출소,37.51510797,127.0601629
봉은사역5번출구.광동한방병원,37.514458,127.062201
노블발렌티웨딩홀,37.5148307,127.0647589
서울의료원강남분원,37.512568,127.065604
강남경찰서면허시험장,37.509894,127.06591
삼성역7번출구,37.51112489,127.0622993
무역센터,37.51246288,127.0608285
무역센터,37.51056733,127.0618556
강남구보건소,37.515478,127.041773
한국무역센터.삼성역,37.50866701,127.0617006
포스코사거리,37.50782266,127.056318
한별구립어린이집,37.51041039,127.0549014
센트럴아이파크.강남구도시관리공단,37.51577954,127.0520467
삼성동서광아파트,37.517323,127.042455
강남구청.강남세무서,37.518249,127.047658
청담역7번출구,37.51763565,127.0506188
센트럴아이파크.강남구도시관리공단,37.5153174,127.0518696
한별구립어린이집,37.5102276,127.0546027
삼성중앙역.플래티넘아파트,37.51266376,127.0515287
삼성중앙역.플래티넘아파트,37.51237798,127.0518271
삼성2문화센터,37.51109176,127.0461375
삼성2문화센터,37.51081047,127.0465129
선릉역8번출구.선정릉,37.506203,127.048337
선정릉역.무형문화재전수회관,37.5096985,127.0442024
한국토지주택공사앞,37.512637,127.043208
포스코건너편,37.50668319,127.0554269
선릉역,37.505143,127.050205
도곡역2번출구.동부센트레빌,37.49158559,127.0565229
중대부고,37.49188724,127.0550937
단대부고.대치아이파크아파트,37.49467496,127.0537771
한티역3번출구.서울강남고용노동지청,37.49644636,127.0541425
삼성아파트입구,37.4981982,127.0595601
농협대치지점,37.49793697,127.0611545
대치SK.VIEW아파트.서울교회,37.49626135,127.0620557
대치역1번출구,37.4938593,127.0614984
래미안대치팰리스,37.49255959,127.0585796
도곡역3번출구,37.49118189,127.0565475
대치동우성아파트,37.49257709,127.059611
대치역8번출구,37.493865,127.06223
대치역7번출구.선경아파트,37.492458,127.06408
그랑프리백화점,37.49025786,127.0557033
은마아파트,37.49559591,127.0628615
은마파출소,37.49809897,127.0615234
은마아파트,37.499483,127.063132
대치동은마아파트,37.498904,127.068456
은마아파트,37.49576666,127.0669738
대치동미도아파트,37.49560494,127.0677076
대치역6번출구.강남구민회관,37.492785,127.064278
쌍용아파트,37.498082,127.069323
선릉역,37.505447,127.051217
삼성역,37.50731821,127.0643833
강남경찰서.강남운전면허시험장,37.509799,127.067028
삼성역,37.507145,127.063686
휘문고.대치2동주민센터,37.50353402,127.0656234
래미안하이스턴.대치순복음교회,37.49994499,127.0638661
대치현대아파트,37.500825,127.060062
휘문중고등학교,37.50396586,127.0618981
휘문중고등학교,37.5040742,127.0614966
대치사거리,37.50366,127.058578
한국무역센터.삼성역,37.507841,127.060548
한티역,37.4981161,127.0521475
도성초등학교,37.50012236,127.0512136
도성초교사거리,37.50082,127.051957
영동농협풍림아이원아파트,37.50219797,127.0563511
영동농협풍림아이원아파트,37.502615,127.056883
도성초교사거리,37.500882,127.051612
진선여자중고등학교,37.5027442,127.0499655
선릉역,37.5047612,127.0504623
포스코빌딩,37.50604938,127.0548888
대치사거리,37.50342527,127.0582126
대치동현대아파트,37.50164601,127.0591749
은마아파트입구사거리,37.49872738,127.0600675
도곡초등학교,37.49768961,127.0566485
한티역2번출구.서울강남고용노동지청,37.49677356,127.053929
신논현역,37.50463617,127.0257548
삼정호텔앞,37.50624203,127.0311108
차병원,37.50553234,127.0344861
차병원,37.506356,127.034549
언주역5번출구.차병원사거리,37.507558,127.035323
시티프라디움더강남.라움아트센터,37.507862,127.03893
라움아트센터.시티프라디움더강남,37.507745,127.039648
아크로힐스논현,37.50910775,127.040648
선정릉역4번출구.시니어플라자,37.509842,127.042892
선정릉역.무형문화재전수회관,37.50923357,127.0440935
선릉역,37.50588439,127.048176
서울상록회관.한국기술센터,37.503232,127.044057
KT강남지사,37.50475497,127.0419791
KT강남지사,37.50475785,127.0414645
아가방빌딩.하나은행,37.50164,127.038772
역삼역7번출구.GS타워,37.501505,127.036765
역삼역6번출구,37.501542,127.036385
역삼역4번출구,37.500428,127.034735
강남역12번출구,37.49881,127.029558
강남역,37.49993485,127.0269679
신논현역.구교보타워사거리,37.50235998,127.0257902
강남역.역삼세무서,37.49813573,127.0291478
역삼역.포스코타워역삼,37.49949,127.033598
영동중앙교회,37.49815395,127.0379751
강남구보건소,37.515333,127.042155
역삼럭키아파트.역삼월드메르디앙아파트,37.49183877,127.0387195
역삼초등학교,37.494218,127.034183
역삼초등학교,37.49433084,127.0341054
뱅뱅사거리.역삼동,37.49026251,127.0335981
역삼초등학교,37.49219527,127.030653
역삼2동주민센터.대림역삼아파트,37.49624526,127.0459927
래미안.그레이튼.아파트,37.496049,127.045708
역삼자이아파트,37.499811,127.044322
역삼동성당.역삼자이아파트,37.49987934,127.0437951
역삼동개나리아파트,37.499378,127.047595
역삼동개나리아파트,37.49945085,127.0473485
총지사,37.496322,127.040453
총지사,37.4966905,127.0408425
영동중앙교회,37.49771852,127.0385755
대한사회복지회,37.501137,127.038818
한국자산신탁.센터필드,37.502783,127.044247
진선여자중고등학교,37.50226486,127.0498725
역삼e-편한세상아파트,37.49925456,127.0512978
한티역,37.49720234,127.0522475
한티역7번출구,37.49601,127.05148
역삼중학교.강남세브란스병원,37.49471181,127.0476983
도곡1차아이파크.역삼청소년수련관,37.49280822,127.0417859
총지사,37.49494269,127.0398633
도곡1동주민센터.역삼럭키아파트,37.49158005,127.0390292
도곡1차아이파크.도곡중학교,37.49263498,127.0424021
매봉삼성아파트SK리더스뷰,37.48814495,127.0489607
매봉역양재최의원,37.48616426,127.0445617
양재역말죽거리.강남베드로병원,37.48525104,127.0379686
뱅뱅사거리.구영동중학교,37.48772432,127.0328076
고속철도수서역,37.484498,127.103737
뱅뱅사거리뱅뱅프라자,37.48974728,127.0328764
원불교앞,37.48355818,127.0423551
매봉역,37.485917,127.044855
도곡개포한신아파트,37.487972,127.04938
도곡동개포한신아파트,37.48704685,127.0502898
우성캐릭터빌아파트,37.48700968,127.0508009
군인공제회관,37.489211,127.052019
선정릉역라마다서울호텔,37.510554,127.045337
숙명여고,37.489722,127.05237
도곡렉슬아파트.강남세브란스병원,37.49443678,127.0481867
한티역6번출구,37.495722,127.05194
도곡렉슬아파트정문,37.49475081,127.0534356
중대부고앞,37.492538,127.054525
구룡중학교앞,37.485803,127.057243
개포고등학교앞,37.484231,127.058605
개포1단지,37.48258339,127.0605892
개포파크빌리지,37.47675071,127.0583604
하나은행사거리,37.48085632,127.0542195
현대아파트경남아파트,37.482875,127.053115
우성3차아파트,37.48317361,127.0568897
개일초등학교앞,37.486174,127.057216
개포고등학교,37.48437482,127.0586456
개포1단지연금매장,37.482501,127.06097
래미안블레스티지아파트,37.480651,127.063217
개포도서관,37.483697,127.063897
수도전기공고후문,37.48478206,127.065624
수도전기공고후문,37.485273,127.065984
디에이치아너힐즈,37.48373,127.068697
개포자이프레지던스,37.48374423,127.0692036
경기여고,37.48653,127.067244
개포동역7번출구.개포시장,37.488648,127.066165
개포주공5단지경기여고,37.48670758,127.0674712
개포동역6번출구.개포시장,37.488545,127.06658
개포시장.개포5단지상가,37.48952,127.068071
개포시장.개포5단지상가,37.48931301,127.0684494
양전초등학교,37.490243,127.070593
개포6단지앞,37.489962,127.07042
디에이치자이개포아파트,37.4923,127.075568
개원중학교.대모산입구역2번출구,37.492262,127.072156
개포주공7단지앞,37.489156,127.073811
일원초등학교,37.488338,127.074692
현대아파트,37.48226538,127.0528285
개포래미안포레스트,37.479942,127.054609
능인선원앞,37.47242465,127.052254
구룡산입구,37.477298,127.061771
능인선원앞,37.47206,127.052327
구룡사입구,37.47192069,127.0507511
국악고교사거리,37.47452692,127.048045
삼호물산,37.47724305,127.0452517
구룡초등학교,37.48075394,127.0530683
광수빌딩,37.47906075,127.0493324
국민은행그린공원,37.47876982,127.0468255
포이사거리삼호물산,37.47843796,127.0451417
포이사거리삼호물산,37.4782848,127.0451927
국민은행그린공원,37.4785642,127.0472426
광수빌딩,37.478898,127.049378
개포지구대,37.47944529,127.0512071
구룡초등학교,37.480467,127.052903
수서삼성아파트앞,37.4843994,127.0909893
일원본동주민센터,37.48348852,127.0847498
푸른마을아파트앞,37.48291292,127.0805834
상록수아파트앞,37.48280463,127.0821222
일원본동주민센터,37.4833831,127.0859754
수서119.안전센터앞,37.484246,127.093848
삼성서울병원정문,37.48654451,127.0829903
삼성서울병원정문건너편,37.48702518,127.0824492
일원역,37.484912,127.083302
삼성서울병원후문,37.49019972,127.0875201
글래드라이브강남호텔,37.508085,127.036999
을지병원포포인츠강남&호텔선샤인,37.5201297,127.0288548
삼성서울병원사거리,37.489117,127.082446
강남한양수자인아파트,37.478158,127.11335
강남한양수자인아파트,37.477818,127.113478
대치아파트.대모산입구역3번출구,37.492414,127.0724873
삼성서초역삼세무서,37.49841237,127.0297942
대청역,37.493243,127.078603
마루공원,37.494823,127.083308
대청초등학교,37.49387062,127.0865721
일원1동주민센터,37.491997,127.08763
수서역현대벤쳐빌,37.487678,127.102118
수서역,37.4884602,127.1006809
수서역KT수서지점,37.488547,127.099868
수서역KT수서지점,37.48718852,127.1007358
세곡동주민센터,37.469635,127.108095
궁마을,37.485427,127.097328
궁마을,37.4852808,127.0976066
수서역,37.486788,127.102045
수서역5번출구,37.486861,127.102594
수서역.로즈데일빌딩,37.48739844,127.1028677
세곡동주민센터,37.469462,127.107673
은곡마을.LH이편한세상,37.465344,127.102535
강남신동아파밀리에1단지,37.465433,127.099922
대왕초등학교,37.46467083,127.1068385
세곡동사거리,37.46357779,127.1078295
세곡동,37.464611,127.109506
광연자동차학원앞,37.4656909,127.116361
삼일자동차학원.강남자동차검사소,37.4679154,127.1211805
삼일자동차학원.강남자동차검사소,37.46799872,127.120768
광연자동차학원앞,37.46702297,127.1188445
세곡동,37.464935,127.109393
세곡동사거리,37.465806,127.108547
방죽마을,37.472383,127.10735
래미안포레아파트,37.474548,127.106784
쟁골마을,37.481887,127.105076
쟁골마을,37.48265458,127.104399
래미안포레아파트,37.475134,127.106266
방죽마을,37.47222473,127.1069205
압구정역3번출구,37.52600147,127.028714
국민은행압구정지점,37.52327,127.02851
언주역2번출구.차병원사거리,37.50795302,127.0333617
영동고교앞,37.52150355,127.0398933
개포우성6차아파트,37.475732,127.057883
은곡마을진입로,37.465764,127.098699
대치유수지체육공원,37.501358,127.068123
우성아파트,37.501145,127.06841
세곡푸르지오.은곡삼거리,37.464972,127.094703
삼성역3번출구,37.507158,127.063711
세곡푸르지오.은곡삼거리,37.465062,127.096478
LH수서아파트,37.478021,127.105958
LH수서아파트,37.478608,127.105347
세곡2지구3.4단지,37.47693,127.110063
개포우성아파트,37.47656443,127.0578639
래미안강남힐즈,37.47234832,127.0973807
세곡중학교.세명초등학교,37.470248,127.091797
세곡중학교.세명초등학교,37.470412,127.092048
일원동한솔아파트,37.482544,127.079314
시립수서청소년수련관,37.483863,127.089107
포스코사거리,37.50808,127.05574
대왕초등학교,37.465069,127.106555
그랑프리백화점,37.489975,127.055608
개포중학교,37.480169,127.063512
구룡마을,37.478975,127.064041
개포주공1단지아파트,37.47839195,127.0567996
영희초등학교,37.49119143,127.0804871
못골마을.강남자곡아이파크,37.47326,127.101727
못골마을,37.47310235,127.1018882
태화기독교.사회복지관,37.48452821,127.0933528
개포도서관,37.483553,127.063564
도곡교회.인바디빌딩,37.47443356,127.0554585
강남세브란스병원,37.493352,127.04746
도곡교회.인바디빌딩.건너,37.474276,127.055993
래미안강남힐즈,37.472291,127.09525
도곡중학교.강남세브란스병원,37.49360204,127.0467216
강남경찰서.강남운전면허시험장,37.5095036,127.0660087
수도공고앞,37.48716746,127.06196
개포4단지5단지,37.486307,127.068121
개포4단지6단지,37.486853,127.072076
개포4단지7단지,37.48788296,127.0736027
개포동역1번출구,37.4889678,127.0654139
세곡푸르지오,37.467538,127.093839
경남아파트,37.48897598,127.0413201
세곡푸르지오,37.467688,127.093912
구룡역5번출구,37.486106,127.059199
구룡역1번출구,37.48616967,127.0589614
럭키아파트,37.491638,127.041126
래미안개포루체하임아파트,37.4893,127.081473
수도공고,37.48756284,127.0623425
개포4단지6단지,37.486918,127.071998
개포4단지5단지,37.486497,127.068237
강남역12번출구A,37.49873765,127.0294749
학여울역,37.497144,127.071451
학여울역,37.49667869,127.0713978
도곡한신아파트,37.48687583,127.0411576
현대1차아파트,37.48211747,127.0550786
영동고등학교현대아파트,37.52135499,127.03953
개포4단지7단지,37.487433,127.072767
총회회관.휘문고입구,37.504256,127.065961
예림당아트홀.신한은행전산센터,37.498223,127.044293
새마을운동중앙회,37.501889,127.067238
총지사,37.49471,127.039592
신한은행데이터센터,37.498146,127.043699
포스코사거리,37.50731926,127.0575279
우성3차아파트,37.483822,127.057183
우성6차아파트,37.477546,127.0552
포이초교,37.475212,127.052693
국악중고교,37.475652,127.050648
풍양빌딩,37.47739,127.048815
코원에너지서비스,37.49806976,127.0760972
코원에너지서비스,37.49848963,127.0761621
현대1차우성아파트,37.48195,127.055112
포스코사거리,37.507031,127.057907
국민은행그린공원,37.478785,127.047966
삼익아파트앞,37.489895,127.0417
래미안포레아파트,37.47565851,127.1072951
래미안포레아파트,37.4760979,127.1076847
세곡2지구3.4단지,37.476668,127.110393
도곡한신아파트,37.48654618,127.0414336
강남더샵라르고오피스텔,37.47522745,127.1048166
한남대교전망카페,37.524552,127.015683
서울의료원후문,37.51285422,127.0670298
구룡마을,37.476907,127.061071
학동역,37.515378,127.03
은곡마을.강남신동아파밀리에,37.465026,127.102457
강남현대힐스테이트에코,37.47501091,127.1049628
대왕초등학교,37.46473368,127.1060868
수서역5번출구.이마트앞,37.48678908,127.1026711
개포4복합문화센터.달터공원,37.47655014,127.0496564
일원역,37.48427409,127.0837488
삼성서울병원정문,37.48622092,127.0831279
국민은행,37.478396,127.047728
삼성의료원,37.48808713,127.0843626
한아름아파트.사이룩스오피스텔,37.48828832,127.1043696
암센터후문.장례식장,37.489905,127.087704
암센터정문,37.48872808,127.0877106
신분당선.강남역4번출구,37.494539,127.029565
영동2교,37.48241061,127.0436209
강남교육청,37.51145259,127.0474431
래미안루체하임.일원동맛의거리,37.4895038,127.0816026
신논현역,37.50195985,127.0259767
영희초등학교,37.49135165,127.0807474
개포동역8번출구,37.4886858,127.0653368
강남우체국,37.49331773,127.0782615
도성초등학교앞,37.50046426,127.0503203
개포3동주민센터,37.49238876,127.0753813
LH이-편한세상,37.467409,127.101834
신논현역,37.500755,127.026579
동영문화센터,37.498017,127.044823
도곡2동주민센터대치중학교,37.484253,127.045402
도곡2동주민센터대치중학교,37.484487,127.045332
대청역,37.493292,127.079653
영동2교,37.482774,127.043651
강남세브란스병원,37.49410242,127.0460355
삼성역,37.50736076,127.0643377
매봉역입구,37.485055,127.046452
역삼청소년수련관.도곡1차아이파크,37.49310435,127.0427156
ST송은빌딩,37.52405227,127.0440702
삼성역,37.50975478,127.0631256
코엑스도심공항,37.509275,127.058892
삼성역그랜드인터컨티넨탈,37.50848985,127.0610138
포스코사거리,37.50662833,127.0551984
역삼역,37.500375,127.036278
역삼역,37.50037703,127.0348445
강남역,37.49836707,127.0301126
강남역12번출구,37.49871237,127.0293968
영희초등학교정문,37.49177024,127.0826658
봉은사역코엑스인터컨티넨탈,37.513612,127.057443
코엑스동문,37.51236538,127.0608107
일원지구대,37.49250248,127.0844467
대청초교삼거리,37.49330698,127.0862704
대청초교삼거리,37.49316699,127.0863915
양재역,37.485,127.038498
도곡동,37.48784928,127.0492206
타워펠리스,37.4892408,127.0520995
대치동,37.493578,127.061606
학여울역,37.495636,127.067629
개포동,37.48885926,127.0737651
학여울역,37.49585931,127.0672657
대치동,37.493886,127.061372
타워펠리스,37.489825,127.052447
양재역,37.485411,127.03885
신사동,37.517654,127.019358
미성아파트,37.523524,127.021536
리베라호텔,37.52377,127.05463
압구정역,37.528598,127.03092
한남대교(가상),37.528851,127.010968
한남대교(가상),37.52922088,127.0113976
노블발렌티웨딩홀,37.51513435,127.0648044
양재전화국,37.485645,127.04079
대치2동주민센터.래미안하이스턴,37.50199,127.066772
봉은사역.삼성래미안아파트,37.514719,127.062293
강남구민체육관,37.47599,127.053878
LPG가스충전소,37.49063762,127.035808
수서역,37.488706,127.099809
일원1동주민센터,37.49202,127.087793
일원지구대,37.49256036,127.084155
동영문화센터,37.49821633,127.0450699
영희초등학교,37.49181728,127.0824081
삼성서울병원정문건너편,37.48644558,127.0827109
일원역,37.484031,127.083599
탄천교(가상),37.50153631,127.0732324
탄천교(가상),37.50131857,127.0727086
강남더드림병원.도성초등학교,37.50101373,127.0507991
대왕파출소,37.46520256,127.1077414
언주역삼정&베스트웨스턴강남,37.506341,127.03114
강남신동아파밀리에2단지,37.464601,127.101708
한신휴플러스6단지,37.46897554,127.1039562
강남역,37.50021148,127.0267345
르메르디앙호텔.노보텔,37.50535775,127.027832
삼정호텔,37.50640233,127.0313097
선릉과정릉.라마다서울호텔,37.5105758,127.0454157
봉은사.롯데면세점,37.51372735,127.0583371
코엑스.에스엠타운,37.51045044,127.061937
삼성역,37.51018882,127.0626911
SM엔터테인먼트,37.51854566,127.050776
한류스타거리,37.52725187,127.04335
압구정로데오,37.52842606,127.0388063
강남관광정보센터,37.52662649,127.0270046
중동고등학교,37.49288671,127.0800445
역삼아르누보&조선팰리스강남,37.50327145,127.042679
가로수길,37.5245381,127.0230095
영희초등학교후문,37.491521,127.080479
양재역4번출구,37.48506487,127.03684
양재역.종합복지관,37.48471,127.036193
양재역5번출구,37.48467026,127.0366159
삼성역7번출구,37.51098362,127.0626121
삼성역7번출구,37.51100216,127.0623912
도곡중학교.강남세브란스병원,37.49315,127.043781
역삼2동주민센터.래미안그레이튼아파트,37.494825,127.046636
신논현역르메르디앙서울호텔,37.50494134,127.0271088
노보텔앰배서더호텔,37.50551134,127.0287672
방죽마을입구,37.47122,127.106467
방죽마을입구,37.471284,127.106377
한신휴플러스6단지,37.469051,127.103892
LH이-편한세상,37.46752,127.101745
은곡마을,37.466996,127.097637
상업지역,37.466983,127.10091
강남신동아파밀리에,37.465498,127.101311
세종고등학교,37.48786397,127.1029015
세곡푸르지오,37.466836,127.094527
세곡푸르지오,37.466784,127.094374
상업지역,37.467068,127.099996
은곡마을,37.467142,127.096766
강남스포츠문화센터,37.488578,127.105059
삼정호텔,37.50623704,127.0310908
리엔파크3단지,37.463042,127.103828
포스코사거리,37.508666,127.055511
서울요양원.강남구립행복요양병원,37.460694,127.10349
LH이편한세상,37.46650368,127.1017346
강남데시앙포레정문,37.481418,127.089059
강남데시앙포레상가앞,37.48136201,127.0918529
강남더샵포레스트아파트,37.482128,127.094432
강남신동아파밀리에1단지,37.46339528,127.1013912
강남더샵포레스트아파트,37.4820891,127.0942668
강남데시앙포레상가앞,37.48142709,127.0927451
강남데시앙포레정문,37.48184764,127.0895875
수서교회.수서동성당앞,37.483484,127.094572
수서교회.수서동성당앞,37.483477,127.094652
삼성서울병원사거리,37.48884,127.0827
한남대교(가상),37.52311157,127.0160423
한남대교(가상),37.5237076,127.0155275
동호대교(가상),37.53115265,127.0241642
동호대교(가상),37.53174245,127.0237344
성수대교(가상),37.53256766,127.0344578
성수대교(가상),37.53309516,127.0345544
영동대교(가상),37.52596087,127.0551806
영동대교(가상),37.52662455,127.0556204
성수대교남단(가상),37.53362782,127.0308815
강남신동아파밀리에2단지,37.463471,127.102259
일원주유소.삼성서울병원후문,37.49065376,127.0876823
리엔파크4단지.강남데시앙파크,37.461224,127.101871
잠실역.잠실대교.남단,37.51553097,127.0985467
잠실역.잠실대교.남단,37.513785,127.09964
석촌호수.한솔병원,37.50680017,127.1058262
석촌호수.한솔병원,37.50710526,127.105252
석촌역,37.5034083,127.1089443
석촌역,37.50366286,127.1084538
송파역,37.50020848,127.1118384
송파역,37.50059923,127.1112328
가락시장.가락시장역,37.4943822,127.1171609
가락시장.가락시장역,37.49493147,127.1164834
문정로데오거리입구,37.48821271,127.1214199
문정로데오거리입구,37.48903284,127.1208866
문정법조단지.건영아파트,37.482125,127.124748
문정법조단지.건영아파트,37.48309,127.123873
장지역.가든파이브,37.47903951,127.1261442
장지역.가든파이브,37.479907,127.125472
잠실역.롯데월드몰,37.5127262,127.1006716
잠실광역환승센터,37.51234296,127.1007211
천호역.풍납시장,37.537038,127.122575
풍납1치안센터입구,37.53428,127.121588
파크데일아파트2단지앞,37.49794506,127.1584215
파크데일아파트1단지앞,37.498135,127.15843
풍납1동동아한가람아파트,37.537019,127.114445
풍납동신성노바빌,37.53814628,127.115876
풍납동씨티극동아파트,37.539287,127.117117
풍납토성.천호역10번출구,37.538935,127.121963
영파여고.강동구청역,37.531253,127.120507
풍납동극동.쌍용아파트,37.52656325,127.1180236
풍납중학교,37.52463794,127.1149376
풍성중학교.잠실올림픽아이파크,37.52481093,127.113565
울산대학교의과대학,37.524831,127.109976
서울아산병원동관,37.52688807,127.1071795
서울아산병원동관,37.52702557,127.1075881
풍납토성서성벽,37.531455,127.110738
송파두산위브.송파소방서,37.50012662,127.1416514
송파두산위브.송파소방서,37.50003166,127.1418762
토성초등학교.현대리버빌아파트,37.530065,127.114543
풍납동영어체험마을,37.531107,127.112223
올림픽대교남단,37.52674423,127.1154307
마천역.송파파크센트럴,37.49424769,127.1513064
잠실파크리오아파트상가.올림픽회관,37.52102392,127.1146492
잠실파크리오아파트앞,37.519605,127.109917
잠실나루역,37.51888567,127.1058908
잠실진주아파트,37.519198,127.109298
몽촌토성역,37.518369,127.113012
신천동진주아파트,37.516633,127.109278
잠실나루역,37.51826521,127.1044328
잠실중학교.장미종합상가,37.51715,127.10066
잠실중학교,37.516785,127.100445
잠실역8번출구,37.51401,127.101538
잠실역7번출구,37.51460655,127.0994435
잠실역1번.11번출구,37.514064,127.103242
잠실역9번출구,37.514917,127.104215
송파구청.방이맛골,37.513997,127.107219
잠실역6번출구,37.51439262,127.0988018
잠실역.롯데월드,37.512951,127.097765
잠실5단지,37.51221325,127.0939144
잠실리센츠아파트앞,37.51191521,127.0913236
잠실새내역.잠실2동주민센터,37.51177229,127.0872805
잠실엘스아파트앞,37.51187062,127.0833905
종합운동장사거리,37.51206,127.079682
잠실종합운동장,37.51111753,127.0720733
잠실트리지움아파트앞,37.511516,127.091105
잠실역.롯데월드,37.51241161,127.0981962
갤러리아팰리스,37.51131743,127.0929235
잠실트리지움,37.51097795,127.0926278
영동일고레이크팰리스앞,37.50880848,127.0921467
영동일고트리지움APT정문앞,37.509037,127.091732
위례포레샤인15단지,37.485173,127.143618
잠실트리지움,37.50768266,127.0902574
잠실119안전센터,37.50700782,127.0947494
잠실종합운동장,37.51041873,127.0728158
아시아선수촌아파트,37.51041,127.0784475
아주중학교,37.504784,127.076602
종합운동장사거리,37.51161284,127.0795555
잠실새내역4번출구,37.511447,127.08436
영빌딩앞,37.506535,127.089623
잠실우성4차현대아파트,37.50526245,127.0852076
잠실우성4차현대아파트,37.50496,127.085368
잠실근린공원.성현교회,37.50632205,127.0814987
아시아선수촌아파트삼거리.성현교회,37.506194,127.080994
아시아선수촌아파트,37.50985695,127.0790367
아주중학교,37.50537,127.077932
삼전역,37.503933,127.088965
삼전역,37.50395426,127.0897903
송파구민회관구의회,37.50270595,127.0947576
송파구민회관구의회,37.502428,127.09456
삼학사길사거리,37.504692,127.096998
잠실119안전센터,37.50700385,127.0929453
삼전삼밭나루공원입구,37.506282,127.08983
삼전역.잠실현대아파트,37.503429,127.08747
삼전동현대APT,37.50043063,127.0874665
삼전동쌍용하이츠빌라,37.49922536,127.0908501
삼전사회복지관,37.498092,127.094243
배명중고교,37.50015519,127.0966612
석촌고분역.올림픽병원,37.50267054,127.0983927
석촌고분역.올림픽병원,37.502428,127.098638
석촌역.잠실한솔아파트,37.50451546,127.1052846
석촌역.잠실한솔아파트,37.504398,127.105635
송파레이크파크호반써밋2차정문,37.48504208,127.143348
삼학사길사거리,37.504039,127.097258
배명중고교,37.49970985,127.0969106
석촌동남현교회앞,37.49902004,127.1006952
석촌동남현교회앞,37.498804,127.10027
송파책박물관.헬리오시티,37.50023414,127.1044857
송파책박물관.헬리오시티,37.49991736,127.1040227
송파사거리.석촌시장,37.5015446,127.109178
송파사거리,37.501603,127.10875
송파역.헬리오시티,37.50058141,127.1110145
위례포레샤인13단지공원,37.48315,127.136244
송파여성문화회관,37.50693564,127.1094494
송파여성문화회관,37.506738,127.109617
송파초등학교.송파동성당,37.50916247,127.1112976
송파초등학교.송파동성당,37.50873661,127.1113793
방이동사거리,37.51066766,127.1107862
포레나송파후문,37.48464498,127.1469872
송파나루역,37.509562,127.113213
송파2동한양아파트,37.50387311,127.1138832
송파동한양1차아파트,37.505957,127.115413
서울방이동고분군,37.50842451,127.1151708
송파역,37.49929285,127.1129081
성지아파트,37.49978314,127.1174306
송파동삼익아파트,37.5029233,127.1219128
삼익아파트미성아파트,37.50608698,127.1203825
송파2동한양삼성아파트,37.50599792,127.1157234
한양공원,37.503707,127.113797
잠실여고후문,37.502575,127.11201
방이중학교,37.514164,127.114367
한성백제역4번출구,37.514997,127.115367
송파나루역.방이시장,37.51100323,127.1124464
송파나루역.방이시장,37.511085,127.112945
송파나루역,37.51067944,127.1116742
송파구청.방이맛골,37.513352,127.107792
잠실진주아파트,37.51617537,127.109619
올림픽베어스타운아파트앞,37.51482805,127.1191036
방이초등학교,37.51187,127.119108
방이시장입구,37.510113,127.118048
방이우체국,37.50951307,127.1139246
올림픽공원남2문,37.514023,127.121407
올림픽공원장미광장,37.5126513,127.1249202
방이역3번출구대림아파트,37.50841809,127.1256144
한양삼익아파트,37.505915,127.121715
방이시장입구,37.509897,127.118117
방이초등학교,37.512017,127.11946
신구블레스밸리앞,37.51141,127.121497
신구블레스밸리,37.511615,127.12188
방이동대림코오롱아파트,37.50918638,127.124238
방이동대림코오롱아파트,37.50955878,127.1240112
올림픽회관,37.52091259,127.1151502
풍납동극동.쌍용아파트,37.526842,127.1187
한성백제박물관,37.515525,127.1193
서울체육중.고등학교,37.52220315,127.131378
둔촌오륜역.서문교회,37.518467,127.139743
서하남IC입구,37.517107,127.142813
효죽동입구,37.51246818,127.1418483
포레나송파정문,37.48670402,127.1475594
올림픽공원장미광장,37.512882,127.126158
올림픽공원남2문,37.514625,127.12181
몽촌토성역.한성백제역,37.517203,127.11463
보성중고등학교,37.520023,127.13357
보성중고등학교,37.519734,127.133004
올림픽공원역,37.51671779,127.1308989
올림픽공원역,37.51632427,127.1314785
올림픽공원테니스장,37.513298,127.1286
올림픽선수촌아파트,37.51336633,127.1292816
방이역,37.508848,127.126495
오금역.오금동현대아파트,37.50329446,127.1264326
오금공원앞,37.499213,127.13297
개롱역.오금동상아아파트,37.49765382,127.135938
보인고교.오금동삼성아파트,37.496447,127.138228
송파사회복지관.성요셉성당,37.49807896,127.1407037
거여초등학교,37.50254811,127.1402155
거여초등학교,37.50241,127.140012
송파참병원,37.50361999,127.1375165
송파참병원,37.50386251,127.1374118
신흥운수입구,37.50435053,127.1353926
신흥운수입구,37.505033,127.134153
송파레미니스후문,37.50615316,127.13545
송파레미니스후문,37.506195,127.135317
오금공원사거리,37.50603417,127.1310601
오금공원사거리,37.50637915,127.1310587
오금동대림아파트,37.507917,127.12799
오금동대림아파트,37.507652,127.128115
송파도서관,37.49997876,127.1358518
우창아파트,37.49975054,127.136064
오금동사거리,37.50274368,127.1378916
오금동사거리,37.502775,127.138162
거여역,37.49405409,127.1426662
거여역현대아파트,37.493818,127.142477
체육문화회관,37.49080385,127.1433758
거여역2번출구,37.49431196,127.1447634
송파사회복지관.성요셉성당,37.498118,127.140953
거여아파트단지앞,37.49046389,127.1435753
거여역5번출구,37.492903,127.145677
거여역4번출구,37.49313922,127.1456918
송파파크센트럴,37.492941,127.148924
종점,37.492768,127.152763
비호아파트,37.492007,127.154185
인애가요양병원,37.50535737,127.1350449
마천1동주민센터,37.495774,127.149613
마천2동주민센터,37.496742,127.148233
거여역3번출구.현대2차아파트,37.494278,127.145095
마천1동주민센터,37.49571039,127.1498825
마천역.송파파크센트럴,37.49345553,127.1522337
비호아파트,37.492178,127.15409
남한산성입구,37.490972,127.157155
송파구립마천청소년센터,37.491982,127.156552
송파구립마천청소년센터,37.491832,127.15679
송파보훈회관.금호어울림2차,37.4939681,127.1558085
송파보훈회관.금호어울림2차,37.493992,127.155567
마천동금호어울림1차아파트,37.497198,127.154198
마천동금호어울림1차아파트,37.497978,127.154075
마천시장마천동우방아파트앞,37.499937,127.15151
남천초교마천동우방아파트앞,37.49991862,127.1519313
청암노인요양원,37.501352,127.148553
청암노인요양원,37.501079,127.150052
마천동사거리,37.498527,127.146632
마천동사거리,37.49872,127.1471
마천2동윤진빌딩.신동아아파트,37.499635,127.144058
마천2동윤진빌딩.신동아아파트,37.49967595,127.1442444
마천2동주민센터,37.49701395,127.1480088
복정역1번출구,37.47232366,127.1271368
거여1동주민센터,37.49647895,127.1457581
건영아파트,37.481675,127.126677
문현중학교,37.479987,127.12675
문현중학교,37.48007431,127.1269148
문덕초등학교.문정고등학교,37.48368108,127.1264052
문정대우아파트,37.486465,127.12834
삼성래미안아파트후문,37.488922,127.131928
문정시영가락프라자아파트,37.491223,127.13457
문정시영.세양청마루아파트,37.49238684,127.1359636
한림연예예술고교,37.48536878,127.1314175
한림연예예술고교,37.485403,127.131745
구송파세무서,37.482985,127.128678
구송파세무서,37.483383,127.128968
문정1동주민센터.로데오거리,37.490393,127.124523
위례포레샤인18단지,37.489242,127.152664
위례포레샤인18단지,37.489008,127.151798
문덕초등학교.문정고등학교,37.483395,127.126295
문정동푸르지오아파트,37.48715761,127.1271778
문정동대우아파트,37.486845,127.126833
문정동래미안아파트,37.492042,127.129332
문정래미안현대아파트앞,37.491672,127.128978
문정현대아파트,37.49066063,127.127618
문정동현대아파트,37.49032632,127.1276151
문정현대아파트,37.492752,127.128952
문정동제일은행앞,37.48625123,127.1245155
문정동제일은행,37.486123,127.124606
삼성래미안아파트후문,37.48921,127.131877
문정2동주민센터.청소년수련관,37.49047681,127.1125409
훼미리근린공원,37.4911855,127.11491
문정로데오거리입구,37.491027,127.11942
포레나송파정문,37.487072,127.148588
서울위례별초교,37.478319,127.143837
오금역2번출구,37.50183266,127.1287989
오금역3번출구,37.501292,127.128894
장지동,37.46914722,127.1263367
위례포레샤인18단지남문,37.4869,127.152767
힐스테이트센트럴위례,37.48678316,127.1533209
가윤예식장,37.49275093,127.1253326
가락동미륭아파트,37.49266221,127.1282355
가락동쌍용아파트,37.49438361,127.1304313
송파중학교,37.49637296,127.1315012
개롱역3번출구,37.49767,127.135372
삼환아파트,37.496575,127.137465
송파배드민턴체육관,37.49446328,127.1380347
문정시영.세영청마루아파트,37.49245561,127.1357194
문정시영가락프라자아파트,37.49072687,127.1337169
가락2동프라자아파트,37.493108,127.134058
가락2동프라자아파트,37.49306077,127.1342993
극동아파트,37.494885,127.132135
가락2동극동아파트,37.49528444,127.1313315
가락동극동아파트,37.49625726,127.1318313
가락동쌍용아파트앞,37.49394541,127.1298583
가주초등학교,37.49714542,127.1288572
가동초등학교,37.497543,127.128657
가락2동주민센터,37.49886329,127.1268493
가락2동주민센터,37.49876612,127.1267123
가락시장.가락시장역,37.49444786,127.1172843
문정로데오거리입구,37.49045997,127.1204717
문정1동주민센터.로데오거리,37.490657,127.124333
건너말공원입구,37.49271432,127.1250181
가락대림아파트,37.49753951,127.1208958
샛별어린이공원입구,37.497584,127.121255
송파경찰서.오금역,37.50267,127.126868
가락동쌍용아파트,37.50252,127.122097
가락대림아파트,37.499682,127.117985
신가초등학교,37.498817,127.120215
신가초등학교,37.498427,127.12017
석촌중학교후문,37.499832,127.122922
석촌중학교후문,37.49985836,127.1232035
포레나송파,37.484705,127.149252
경찰병원.KT가락지사,37.495927,127.122243
경찰병원.KT가락지사,37.49623499,127.1223708
경찰병원.서울동부고용노동지청,37.494675,127.122337
가락시장역4번출구.제일오피스텔,37.493218,127.119723
위례호반써밋,37.48432115,127.1496483
경찰병원.서울동부고용노동지청,37.494428,127.12262
북위례입구,37.48906187,127.1564418
위례포레자이,37.48866602,127.1567449
가락시장.가락시장역,37.49376287,127.1171509
가락시장.가락몰,37.491843,127.115874
가락시장남문,37.490783,127.11225
가락시장?헬리오시티,37.494381,127.104966
가락시장.헬리오시티,37.4951999,127.1062543
가락1동주민센터,37.49629776,127.1098466
서울방이동고분군,37.50820966,127.1161985
문정동대우아파트,37.486665,127.128305
토성오거리,37.532057,127.119084
풍납토성서성벽,37.529799,127.109875
가락시장동문,37.495147,127.116007
몽촌토성역.한성백제역,37.51687735,127.1134131
풍납동강변현대아파트,37.533635,127.111217
서울위례별초교.위례별유치원,37.478031,127.144875
송례중학교.송파꿈에그린,37.477311,127.141494
홍이공원,37.50020542,127.124792
홍이공원,37.500417,127.124825
송파파크센트럴,37.49265523,127.1495066
거여역7번출구,37.49233632,127.1440063
거여역6번출구,37.49196,127.14409
덕수고등학교,37.485555,127.146229
풍납2동주민센터,37.52947245,127.1157438
복정역환승센터1번승강장,37.47012477,127.1273151
오륜사거리,37.505397,127.139223
오륜사거리,37.506252,127.1392429
위례중앙푸르지오.신안인스빌,37.474841,127.143303
위례신안인스빌.중앙푸르지오,37.475712,127.143922
송파와이즈더샵.엠코타운센트로엘,37.47722569,127.1440332
송파와이즈더샵.엠코타운센트로엘,37.477613,127.144389
위례별초등학교.위례2차아이파크,37.479538,127.144235
위례별초등학교.위례스타힐스,37.480338,127.144559
위례동주민센터.위례스타힐스,37.48127816,127.1436199
위례동주민센터.위례송파푸르지오,37.48157,127.142872
힐스테이트송파.송파더센트레,37.47948437,127.1419922
송파더센트레.힐스테이트송파,37.479448,127.141643
복정역2번출구,37.46928382,127.1268695
세계로병원,37.486552,127.141844
세계로병원,37.487287,127.141787
덕수고등학교,37.485431,127.146291
송파레이크파크호반써밋1차,37.483895,127.140419
송파레이크파크호반써밋2차,37.483469,127.140616
위례포레샤인13단지,37.482961,127.13867
송파레이크파크호반써밋1차정문,37.483192,127.138072
송파위례리슈빌,37.484189,127.147845
남한산성입구,37.49096,127.157278
서울아산병원장례식장,37.52463958,127.1074534
갑을.미성아파트,37.535297,127.11248
송파배드민턴체육관,37.49420734,127.1380636
위례31단지정문,37.47348826,127.1327886
풍납중학교앞,37.52477282,127.1152308
복정역3번출구,37.469732,127.123962
새마을시장,37.508856,127.086736
잠실트리지움,37.50758601,127.0893716
삼전역.잠실현대아파트,37.503762,127.087268
위례포레샤인.위례31단지후문,37.474853,127.133969
위례31단지.위례포레샤인후문,37.47465,127.133738
위례송파더센트레.송파푸르지오,37.479472,127.138469
장지역2번출구,37.478273,127.126673
위례송파푸르지오.송파더센트레,37.48074332,127.1388561
가락시장역5번출구,37.492673,127.119535
올림픽대교남단교차로,37.525152,127.11681
장지공영차고지,37.480507,127.135886
장지공영차고지,37.480562,127.135645
아이코리아,37.480972,127.1334
송파파인타운11단지,37.479127,127.132114
송파파인타운7단지,37.479031,127.131653
송파파인타운10단지.13단지,37.477599,127.129235
송파파인타운8단지.9단지,37.47808677,127.1274733
송파구립산모건강증진센터,37.477983,127.12731
장지동주민센터앞,37.48669447,127.1328865
장지동주민센터.송파파인타운1단지,37.486505,127.132993
잠실여고후문,37.50250109,127.111619
건영아파트앞,37.481838,127.126489
잠실새내역앞,37.51042245,127.0860381
가락래미안앞,37.499257,127.132413
서울버스종점,37.4806082,127.1369279
서울버스종점,37.48038,127.137777
송파파인타운2단지.구립송파복지센터,37.485133,127.132647
송파파인타운3단지.한림예고,37.484968,127.132797
송파글마루도서관.버들어린이집,37.481607,127.131555
송파글마루도서관.버들어린이집,37.481598,127.131337
문현고등학교.송파파인타운5단지,37.480632,127.129475
문현고등학교,37.48070913,127.1292062
풍납현대아파트,37.52875878,127.1193611
문정3차푸르지오아파트.송파파인타운1단지,37.48667385,127.1335864
문정3차푸르지오아파트.송파파인타운1단지,37.48648395,127.1333837
아이코리아앞,37.48096,127.13364
가든파이브.웍스동,37.478215,127.121195
가든파이브.웍스동,37.47825461,127.1212594
위례31단지정문,37.47258995,127.132279
장지역가든파이브라이프동,37.479072,127.124615
장지역가든파이브라이프동,37.47892757,127.1249012
가든파이프툴동,37.47914773,127.1193612
가든파이브툴동,37.478998,127.119308
잠실대교전망쉼터,37.52010715,127.0951336
잠실대교전망쉼터,37.519993,127.09479
석촌호수서호사거리,37.506324,127.098408
석촌호수서호사거리,37.50658902,127.0992351
미켈란호수가아파트,37.50765632,127.1026501
미켈란호수가아파트,37.50819775,127.1031125
호수임광아파트,37.51062634,127.1067264
호수임광아파트,37.51138824,127.1072025
송파파인타운아파트11단지,37.478367,127.133242
송파파인타운아파트11단지,37.478458,127.133178
문정중학교후문,37.488649,127.130275
문정동래미안아파트남문,37.488828,127.130442
파크데일아파트입구,37.497538,127.154895
위례아이파크아파트앞,37.47586878,127.1411478
송파더센트레.송례초앞,37.478535,127.139157
송파더센트레.송례중앞,37.47821593,127.1407082
송파꿈에그린아파트,37.47494484,127.1407699
송파푸르지오시티.한화오벨리스크,37.481026,127.120178
송파푸르지오시티.한화오벨리스크,37.480797,127.120387
파크데일아파트입구,37.49777754,127.1547623
복정역,37.47006516,127.1257548
복정역환승센터2번승강장,37.469827,127.12741
송파.잠실세무서,37.52678395,127.1153595
복정역환승센터3번승강장,37.46992977,127.1275898
풍납동극동.쌍용아파트,37.52639886,127.1184114
송파역,37.49987368,127.1123582
복정역환승센터4번승강장,37.469822,127.12764
송파역.헬리오시티,37.499696,127.11185
송례중학교.위례아이파크,37.477692,127.141823
잠실4동주민센터.파크리오B상가,37.520113,127.113228
송파호반베르디움더퍼스트,37.50685,127.140918
오륜사거리,37.507604,127.139031
세륜중학교,37.50772209,127.1327576
오금공원,37.506373,127.131895
오금역.오금고교,37.50297922,127.1288164
송파삼성래미안아파트,37.504681,127.119976
송파현대아파트.가락중학교,37.502994,127.118207
가락고등학교,37.50162059,127.117336
가락동부센트레빌아파트,37.499294,127.117396
가락중학교,37.502089,127.117415
가락중학교.래미안송파파인탑,37.503047,127.118549
가락삼익맨숀,37.505321,127.120767
오금역.오금고교,37.502638,127.129057
오금공원,37.50532728,127.131669
세륜중학교,37.50696611,127.1327475
송파호반베르디움더퍼스트,37.506608,127.140875
송파파인타운1단지,37.485924,127.133556
송파파인타운2단지,37.483166,127.131225
송파파크하비오푸르지오,37.481234,127.12215
서울동부지방법원.검찰청,37.48351,127.120922
문정법조단지,37.48579799,127.1177643
올림픽훼밀리타운아파트,37.486399,127.114338
올림픽훼밀리타운아파트,37.48618,127.11431
문정법조단지,37.485463,127.117208
서울동부지방법원.검찰청,37.483932,127.120423
송파아이파크오피스텔,37.480133,127.122354
송파파인타운3단지,37.48343262,127.1316666
송파파인타운1단지,37.485657,127.133627
석촌역4번출구,37.504497,127.108209
잠실역.롯데호텔,37.511745,127.100995
석촌역5번출구,37.504389,127.107574
위례포레샤인15단지,37.486076,127.143146
송파레이크파크호반써밋2차정문,37.485415,127.142073
송파레이크파크호반써밋1차후문,37.48538,127.140211
문정역테라타워,37.484709,127.120333
서울한방병원,37.485606,127.115478
가원초등학교,37.48915,127.109841
힐스테이트에코송파,37.485607,127.115279
문정현대지식산업센터,37.485501,127.119656
송파레이크파크호반써밋1차후문,37.485079,127.140378
롯데월드.샤롯데,37.510766,127.10062
잠실롯데월드,37.51013,127.098662
레이크팰리스아파트,37.50892,127.097273
삼전동주민센터,37.503387,127.092051
삼전역,37.503906,127.089035
레이크팰리스아파트,37.508372,127.097566
잠실롯데월드,37.50980658,127.0985558
롯데월드.샤롯데,37.510569,127.100878
송파구청,37.516187,127.106421
잠실역.시그마타워,37.514368,127.10259
장미아파트,37.51735,127.101971
잠실파크리오아파트,37.51914595,127.1090124
잠실롯데월드호텔롯데타워,37.5107407,127.1006521
위례포레샤인.송파꿈에그린서문,37.477324,127.137293
송파꿈에그린서문.위례포레샤인,37.476613,127.137459
복정역환승주차장,37.470728,127.128144
잠실새내역,37.511957,127.08406
잠실종합운동장,37.51110665,127.0721955
잠실종합운동장,37.51044057,127.072464
잠실역,37.51266671,127.0969964
잠실새내역,37.5114109,127.0836049
가락동,37.491262,127.114655
경찰병원.서울동부고용노동지청,37.494165,127.12216
경찰병원.서울동부고용노동지청,37.49445009,127.1221914
가락동,37.491693,127.115336
올림픽선수촌아파트,37.516164,127.131173
올림픽선수촌아파트,37.516446,127.130871
오금역,37.501179,127.127648
오금역,37.500602,127.12665
오금동,37.506099,127.132164
오금동,37.50668181,127.1320894
방이동,37.511496,127.12967
방이동,37.51109547,127.1287692
장지역,37.47751317,127.126369
장미광장,37.51255285,127.1270391
한성백제박물관,37.51541885,127.119601
올림픽공원평화의문,37.51707048,127.115008
롯데월드,37.51214677,127.0970648
잠실종합운동장,37.5115431,127.0753392
송파레미니스아파트,37.507867,127.136911
송파레미니스아파트,37.50823863,127.1371836
한강극동아파트후문,37.53072807,127.1124924
토성초등학교.한강극동아파트,37.5298706,127.114404
풍납2동주민센터,37.52877621,127.1168542
잠실역,37.51506727,127.0991375
상일초교,37.546131,127.171362
상일초교,37.5457941,127.1706309
초이동,37.542139,127.161596
초이동,37.54184634,127.1610838
강동자이.프라자아파트,37.53677576,127.148815
강동자이·프라자아파트,37.53621,127.147785
길동주민센터.둔촌2동주민센터,37.53427435,127.1429329
길동주민센터.둔촌2동주민센터,37.533887,127.142105
길동사거리.강동세무서,37.5345322,127.1368249
길동사거리.강동세무서,37.534742,127.135862
강동역,37.535907,127.13245
강동역,37.536106,127.131516
천호역,37.537655,127.127052
천호역,37.537949,127.125539
강동공영차고지,37.564066,127.173885
강동공영차고지,37.564179,127.174323
고덕리엔파크1단지,37.56115952,127.1704714
고덕리엔파크1단지,37.561365,127.170696
해뜨는주유소,37.559102,127.170805
해뜨는주유소,37.559757,127.170989
고덕천교차로,37.55632413,127.1711474
고덕천교차로,37.55641,127.171447
고덕자이.고덕천물놀이장,37.55346669,127.1720517
강명초등학교,37.553372,127.172373
고덕자이,37.55160257,127.1725023
고덕리엔파크3단지,37.55189,127.172726
상일동산.롯데캐슬베네루체,37.549972,127.165199
상일동산.롯데캐슬베네루체,37.549945,127.165437
상일근린공원,37.547315,127.167006
상일근린공원,37.547395,127.16724
GS강동자이아파트.둔촌동프라자아파트,37.53700164,127.1490316
둔촌동프라자아파트.GS강동자이아파트,37.53613651,127.1481011
둔촌푸르지오아파트,37.53503,127.144197
둔촌푸르지오아파트,37.53464259,127.1446716
길동주민센터.서울양병원,37.534121,127.141825
둔촌2동주민센터.서울양병원,37.533652,127.141927
길동사거리.강동세무서,37.53444568,127.1375233
길동사거리.강동세무서,37.534125,127.137182
강동역1번출구.동신중학교,37.536283,127.131857
강동역.강풀만화거리입구,37.536052,127.13097
천호역5번출구.천호사거리,37.537773,127.127032
천호역6번출구.천호사거리,37.53723,127.127293
상일동역4번출구.센트럴푸르지오,37.557235,127.169638
상일동역6번출구.고덕아르테온,37.5568295,127.1679351
상일동역1번출구,37.556517,127.163945
상일동역8번출구,37.55639,127.164852
고덕그라시움,37.556107,127.160702
고덕그라시움,37.55572789,127.160272
고덕평생학습관.온조대왕체육관,37.55568841,127.1581417
고덕평생학습관.온조대왕체육관,37.555507,127.158091
고덕역,37.555437,127.155862
고덕역,37.55504,127.154997
배재중고등학교,37.554855,127.149323
배재중고등학교,37.55454,127.149718
동부기술교육원.장애인종합복지관,37.55479232,127.1465849
동부기술교육원.장애인종합복지관,37.554617,127.145752
명일초등학교,37.55486737,127.1434374
명일초등학교,37.554602,127.143468
암사3동주민센터(강동롯데캐슬퍼스트),37.554877,127.139195
암사3동주민센터프라이어팰리스,37.55455872,127.1393191
강일중.선사고,37.554863,127.137023
강일중.선사고,37.554623,127.136093
신암중학교,37.55483907,127.1313639
신암중학교,37.55461384,127.1313205
삼성광나루아파트.암사동유적,37.553257,127.128468
삼성광나루아파트.암사동유적,37.553233,127.128813
암사역선사현대아파트,37.5507,127.127558
암사역2번출구.암사종합시장,37.54960071,127.1275283
천호동공원,37.54596923,127.1259117
천호동공원,37.546075,127.126227
서울현대요양병원,37.542905,127.124773
서울현대요양병원,37.5420614,127.124856
천호역2번출구.현대백화점,37.540348,127.123927
천호역3번출구.현대백화점,37.53995311,127.1240057
천호역,37.53590076,127.12274
강동구청역1번출구.영파여고,37.53215,127.121355
상일동역2번출구,37.55733807,127.1651252
상일동역2번출구,37.55718019,127.1654239
고덕초등학교,37.560169,127.165391
고덕초등학교,37.56004,127.165644
강덕초등학교.고덕그라시움,37.56037858,127.1627959
강덕초등학교.고덕그라시움,37.560255,127.162887
광문고.서울컨벤션고,37.56058564,127.1576291
광문고.서울컨벤션고,37.56044925,127.156515
고덕아이파크아파트,37.559738,127.154067
고덕아이파크아파트,37.55936883,127.1537815
명일중학교,37.55824272,127.1487292
명일중학교,37.55842356,127.1488762
강동경희대병원.명일동이마트,37.55454947,127.1567608
강동아트센터.강동경희대병원,37.55234446,127.1561087
강동아트센터.강동경희대병원후문,37.551068,127.156446
한영중고한영외고,37.548057,127.155872
한영중고한영외고,37.548007,127.156277
길동자연생태공원,37.53903988,127.1525923
길동자연생태공원,37.53917991,127.1530135
일자산입구.둔촌도서관,37.531993,127.149623
일자산입구.둔촌도서관,37.53148948,127.1498681
서부입구,37.517615,127.143333
동북고등학교.둔촌오륜역,37.518958,127.140043
오륜교회앞,37.52247631,127.1320754
보훈병원,37.528915,127.143506
보훈병원,37.52987986,127.1428079
약수터,37.532323,127.141638
약수터,37.532505,127.141383
명일여자고등학교,37.548425,127.149073
명일여자고등학교,37.5483515,127.1493032
길동성당,37.54441,127.14797
길동성당,37.544388,127.148191
길동신동아아파트,37.54130405,127.1471322
길동신동아아파트,37.54138761,127.1473293
미사강변18단지.강일리버10단지,37.56,127.18176
윤슬중학교.강솔초등학교,37.56198,127.18176
강일리버5단지.미사강변루나리움,37.567494,127.17919
미사강변17단지.강일리버7단지,37.56425,127.18013
보훈회관,37.52645625,127.1452996
보훈회관,37.526297,127.145385
대순진리회,37.53035372,127.1312576
대순진리회,37.530253,127.130955
성내2동주민센터.성내복지관,37.531257,127.128032
성내2동주민센터.성내복지관,37.53103748,127.1281258
성내삼성청구아파트,37.53192153,127.1255463
성내삼성청구아파트,37.53164575,127.1260703
성내주유소,37.53292481,127.1220777
성내주유소,37.532703,127.122282
강동농협,37.54096431,127.1427532
강동농협,37.54073313,127.1431647
참잘함한방병원,37.54113355,127.1398826
참잘함한방병원,37.54093,127.140043
천동초등학교.천호도서관,37.54042365,127.1366641
천동초등학교.천호도서관,37.540437,127.136948
강동성심병원(동신중학교),37.537458,127.1355
강동성심병원(동신중학교),37.53734265,127.1352327
조은마디병원,37.53414706,127.1339143
조은마디병원,37.534472,127.133768
JYP엔터테인먼트.윤선생영어교실,37.52477282,127.1291706
JYP엔터테인먼트.윤선생영어교실,37.52495905,127.1294413
명일역3번출구.래미안솔베뉴,37.5518874,127.1442239
명일역2번출구,37.55214992,127.1439709
명일역1번출구.명일전통시장,37.55002461,127.1436703
명일역4번출구.명일전통시장,37.55031428,127.1440658
굽은다리사거리,37.54791016,127.1433278
굽은다리사거리,37.54726559,127.1435586
십자성마을,37.54345768,127.1419715
십자성마을,37.54297902,127.1421222
길동역1번출구,37.53797243,127.1399401
길동역3번출구,37.53731365,127.1400079
서울프라임한방병원,37.53552534,127.1389352
서울프라임한방병원,37.535437,127.139365
강동리바트,37.53136415,127.1373321
동명약국앞,37.530813,127.137687
둔촌동역4번출구,37.52825586,127.1361248
둔촌동역2번출구,37.527242,127.136254
서울성내동우체국,37.52351991,127.1343603
한국전력공사강동송파지사,37.524488,127.13533
고덕자이.상일여고,37.550913,127.171294
고덕자이.상일여고,37.55084618,127.1721418
상일1동주민센터.고덕사회체육센터,37.550467,127.168167
상일1동주민센터.롯데캐슬베네루체,37.5502886,127.1682563
고덕숲아이파크,37.55063415,127.164629
고덕숲아이파크,37.55045395,127.1647425
강동고등학교,37.55022121,127.1603417
강동고등학교,37.550262,127.160682
한영중고한영외고,37.54922764,127.1567383
명일동현대아파트,37.549277,127.153213
한영중고한영외고,37.549082,127.155655
고덕삼환.주공9단지아파트,37.549272,127.151608
고덕삼환.주공9단지아파트,37.549126,127.152089
명일여자고등학교,37.5494552,127.1484178
명일여자고등학교,37.54915,127.14885
명일1동주민센터,37.55047806,127.1462721
명일1동주민센터,37.550193,127.146368
강동구청,37.530205,127.12254
강동구청,37.529925,127.122567
강동보건소앞,37.528822,127.125492
강동보건소건너,37.52855966,127.125423
한양수자인아파트,37.52735145,127.1286297
한양수자인아파트,37.527221,127.128557
서울장애인복지관,37.55520009,127.1490837
서울장애인복지관,37.55508049,127.1488865
명일동신동아아파트,37.554952,127.152322
명일동신동아아파트,37.5545613,127.1518429
상일동동아아파트,37.54578773,127.1675513
상일동동아아파트,37.54554801,127.1675745
상일동주몽재활원,37.54597942,127.1642692
상일동주몽재활원,37.545756,127.163691
상일동빌라단지,37.545463,127.159111
상일동빌라단지,37.545618,127.159568
중앙보훈병원역1번출구,37.52799195,127.1480519
중앙보훈병원역1번출구,37.527208,127.148076
강동첨단업무단지.상일여고입구,37.54864253,127.1730829
강동첨단업무단지.상일여고입구,37.54940462,127.1732465
천동초교입구사거리,37.53995537,127.141012
천동초교입구사거리,37.53994047,127.1406623
강동구청역농협중앙회,37.529145,127.120115
성내구립도서관.사회적경제지원센터,37.53269253,127.1332543
성내구립도서관.사회적경제지원센터,37.53226596,127.132767
둔촌습지앞,37.52190041,127.1456204
강일리버파크6단지,37.563881,127.175519
강일동주민센터,37.566015,127.173929
강일동주민센터,37.565716,127.173874
강일리버파크4단지.2단지,37.568441,127.176556
강일리버파크2단지.4단지,37.56862184,127.1765457
강일고등학교.강일리버파크7단지,37.565067,127.177918
강일고등학교.강일리버파크7단지,37.56471101,127.1784008
강일리버파크6단지,37.562806,127.17623
강일초등학교,37.565095,127.175752
강일초등학교,37.565868,127.176868
강일리버파크9단지.10단지,37.55955336,127.1794627
강일리버파크10단지.9단지,37.55955837,127.1797197
중앙보훈병원역2번출구,37.52959797,127.1486791
중앙보훈병원역3번출구,37.529326,127.148934
강일리버파크8단지,37.56227189,127.1777181
강일리버파크8단지,37.562648,127.177967
강일리버파크4단지.5단지,37.56656,127.177374
강일리버파크5단지.4단지,37.56712372,127.177484
강일리버파크1단지.3단지,37.567036,127.173301
강일리버파크3단지.1단지,37.568207,127.174408
상일파출소.고덕아르테온,37.555557,127.165766
강일리버파크9단지후문,37.56169242,127.1801379
강일리버파크9단지후문,37.56171621,127.1799003
강동공영차고지,37.564251,127.174627
강일역.고덕리엔파크2단지.3단지,37.55733802,127.1737391
강일역.고덕리엔파크3단지.2단지,37.557097,127.174125
고덕리엔파크2단지,37.55683896,127.1730238
강명초등학교.고덕리엔파크3단지,37.554043,127.173785
강명초등학교.고덕리엔파크3단지,37.553825,127.173335
고덕리엔파크2단지,37.55683486,127.1733644
굽은다리역구민회관.강동홈플러스,37.545698,127.14279
굽은다리역구민회관.강동홈플러스,37.545612,127.143063
삼성엔지니어링,37.54991,127.17495
삼성엔지니어링,37.54987,127.17478
고덕리엔파크3단지서문,37.55125728,127.1738484
고덕리엔파크3단지서문,37.55107076,127.1738479
천동초교삼거리,37.54156668,127.1367999
천동초교삼거리,37.54193,127.136237
동아하이빌,37.544085,127.134127
동아하이빌,37.543892,127.134087
천일초교사거리,37.54460068,127.132309
천일초교사거리,37.54453699,127.1312463
천일중.구강사,37.545113,127.129015
천일중.구강사,37.54493529,127.1290019
고덕센트럴.고덕숲아이파크,37.55101169,127.1654104
고덕숲.고덕센트럴아이파크,37.55153019,127.1651421
고현초등학교.고덕센트럴아이파크,37.55304107,127.1653277
고현초등학교.고덕숲아이파크,37.553965,127.165072
현대토파즈아파트,37.52530533,127.1258611
채선당앞,37.52708021,127.1218419
서울시동부기술교육원.명덕초교,37.556223,127.144808
아남.대우아파트,37.557713,127.14476
강동롯데캐슬퍼스트아파트,37.556909,127.144559
천호역1번출구.문구거리,37.539294,127.122232
강동리버스트7.6단지,37.570644,127.172133
강동리버스트6.7단지,37.570491,127.17195
강동리버스트상가,37.572099,127.174004
강동리버스트상가,37.57247694,127.1746744
강동리버스트8단지,37.572949,127.177054
강일역3번출구,37.55762529,127.1772713
강동리엔파크9단지,37.5560067,127.1794171
강동리엔파크9단지,37.556268,127.179726
강동리엔파크11단지,37.554057,127.179383
강동리엔파크11단지,37.553587,127.179833
강동리엔파크13.14단지,37.55126,127.181663
강동리엔파크13.14단지,37.551373,127.181737
강일역2번출구,37.55793,127.177373
가래여울,37.57651372,127.1688783
신명초교입구교차로,37.54008805,127.146753
강일리버파크3단지301동,37.56812425,127.1742419
길동초등학교,37.53900264,127.1464238
강일리버파크1단지103동,37.56800029,127.1727485
길동우성아파트.은평교회맞은편,37.53632566,127.145545
둔촌푸르지오아파트사거리,37.534371,127.14493
강일고등학교.강일리버파크7단지,37.56502882,127.1779895
둔촌고앞,37.53168544,127.1437301
구립둔촌어린이집,37.53008773,127.1430346
고덕1동주민센터.두레근린공원,37.55816,127.151465
고덕역1번출구,37.555318,127.153148
명일신동아아파트,37.552739,127.152717
강일리버파크3단지308동,37.56517821,127.1757123
둔촌주공아파트1.4단지후문,37.52745192,127.1416277
상일동역3.4번출구,37.557034,127.167976
한산중학교,37.52818853,127.1389985
주양쇼핑,37.552198,127.152898
고덕리엔파크1단지,37.561242,127.170521
둔촌역,37.52870061,127.1372435
고덕역1번출구,37.55550559,127.1533776
고덕1동주민센터.두레근린공원,37.558277,127.151716
우리은행둔촌역지점.발리호텔,37.52901642,127.1360979
둔촌청구아파트,37.52950517,127.1342126
고덕중학교,37.56077028,127.1610298
대순진리회,37.5303284,127.1313345
농협둔촌동지점,37.529086,127.143694
성내2동주민센터.성내복지관,37.53119251,127.1280943
고덕아이파크101동,37.56057252,127.1559731
성내삼성아파트.공안과,37.53189983,127.1256097
9호선중앙보훈병원역1번출구,37.527796,127.147509
성내주유소,37.53289918,127.1221432
묘곡초교사거리,37.55931935,127.1516273
선린초등학교,37.528832,127.145196
아남.대우아파트,37.55751,127.144594
롯데캐슬아파트,37.5561042,127.1444777
명일동국민은행.래미안솔베뉴,37.55372892,127.1441673
명일역,37.55204722,127.1439571
성덕고등학교,37.55076485,127.1433061
천호우성아파트,37.55059521,127.1397441
성내주유소,37.53270893,127.122264
약국앞,37.5500707,127.1375045
성내삼성아파트.공안과,37.53161774,127.1261793
강동농협,37.54808355,127.1353709
성내2동주민센터.성내복지관,37.53105829,127.1280545
대순진리회,37.53014556,127.1312629
고분다리,37.54266537,127.131286
둔촌청구아파트,37.52949856,127.1336775
천호시장,37.54124745,127.1301021
둔촌시장.발리호텔,37.528821,127.1359946
천호동로데오거리,37.54056488,127.1271983
서울.경기양돈농협,37.54763426,127.1334688
둔촌역,37.52848798,127.1372148
브라운스톤,37.54908071,127.1300716
둔촌주공아파트1.4단지후문,37.52710703,127.1421804
암사종합시장,37.54982509,127.1283514
천호역5번출구,37.53775272,127.1270532
암사역,37.55063301,127.1278571
암사삼성.현대아파트,37.553522,127.128864
둔촌고등학교,37.53178069,127.1439442
천호우체국,37.5408597,127.1253621
고덕주유소.선사초등학교,37.555068,127.129451
둔촌푸르지오아파트사거리,37.53433571,127.1450863
천호동로데오거리,37.54036214,127.1271889
선사마을,37.55767079,127.1304453
길동은평교회,37.53642353,127.1458326
천호시장,37.54065263,127.1293712
서울암사동유적,37.55936818,127.1311704
길동초등학교,37.53872949,127.1465127
고분다리,37.54293435,127.1316893
서원마을,37.563753,127.133091
신명초교입구교차로,37.540325,127.146925
서울암사동유적,37.5593289,127.1308364
강동농협,37.54840916,127.1358972
선사마을,37.55726451,127.1300088
약국앞,37.54991479,127.13752
선사초등학교,37.555166,127.129285
천호우성아파트,37.55037877,127.1391292
암사역,37.550955,127.127763
고덕한양아파트,37.54909122,127.1556459
지식산업센터,37.565373,127.159978
온조대왕문화체육관,37.557771,127.156585
온조대왕문화체육관,37.556495,127.156813
광문고.컨벤션고,37.558451,127.156912
천호우체국,37.5408398,127.1254334
강동구청,37.53140727,127.1218466
고분다리시장입구,37.54304353,127.1315503
고분다리시장입구,37.54297665,127.1317313
천호우성아파트,37.550002,127.1376866
성덕중고등학교,37.550645,127.142691
성덕중고등학교,37.55070224,127.1429223
강동농협,37.54807047,127.1353379
강동농협,37.54840012,127.1359045
천호우성아파트,37.55019474,127.1377662
천호초교입구사거리,37.546492,127.134214
천호시장,37.54058257,127.1291639
천호초교입구사거리,37.545888,127.133649
천호시장,37.54069711,127.1290759
암사종합시장,37.54969905,127.1282505
명일동국민은행.래미안솔베뉴,37.5534443,127.144359
브라운스톤,37.54887157,127.1301482
삼익가든아파트,37.54630481,127.14854
삼익가든아파트,37.546158,127.14878
둔촌신성미소지움아파트,37.52678495,127.144295
둔촌신성미소지움아파트,37.526637,127.144261
9호선중앙보훈병원역1번출구,37.52791119,127.1475394
상일초등학교,37.54577311,127.1714625
길동LG자이아파트,37.53611239,127.1480055
강동구청역,37.53180617,127.1212544
천호역,37.53728465,127.1270546
길동사거리,37.534205,127.136998
상일초등학교,37.546425,127.171582
길동LG자이아파트,37.537081,127.14913
길동사거리,37.534662,127.137085
천호역,37.537724,127.127292
강동구청역,37.53117972,127.1205586
둔촌동역,37.5271572,127.1362223
둔촌동역,37.527387,127.135892
서울.경기양돈농협,37.54754436,127.1332864
고덕래미안힐스테이트시니어센터,37.559295,127.147944
고덕1동주민센터.고덕래미안힐스테이트,37.55871,127.150546
고덕중학교,37.56062303,127.1606413
상일동역5번출구,37.556891,127.168426
강일리버파크1단지.금화사,37.567027,127.173373
강일리버파크6단지,37.56393051,127.1754977
강일리버파크6단지610동,37.56506438,127.1759067
강일리버파크1단지정문,37.56809653,127.1728698
가래여울,37.57656426,127.1690128
강동리버스트4단지,37.573778,127.171993
강동리버스트8단지,37.573007,127.176671
강동리버스트8단지,37.57259633,127.1761086
강빛초.중학교,37.57415,127.1728
굽은다리역,37.545412,127.143019
굽은다리역,37.545591,127.142752
명일동국민은행.래미안솔베뉴,37.554146,127.144192
명일동국민은행.래미안솔베뉴,37.553372,127.144359
암사삼성.현대아파트,37.55331842,127.1285487
천호우체국.로데오거리,37.54055579,127.1272741
우성아파트,37.55038573,127.1393385
우성아파트,37.55064261,127.1400464
조일약국,37.53363026,127.1235962
성내시장,37.53615493,127.1254968
천호우체국.로데오거리,37.54034306,127.1273371