지번주소,도로명주소,도로명우편번호,사업자명,경도,위도
서울특별시 종로구 명륜4가 8-1,서울특별시 종로구 대명길 9 (명륜4가),3078,프리미엄pc방,127.000958936342,37.583376138945
,"서울특별시 종로구 수표로 105, 2층 (종로2가, 육의전빌딩)",3140,레벨업 PC방,126.989152966372,37.5705989139519
서울특별시 종로구 명륜2가 211 유니지오,"서울특별시 종로구 성균관로 12, 유니지오 203.204호 (명륜2가)",3074,레벨업 PC cafe,126.998153324962,37.583982677102
서울특별시 종로구 숭인동 1412번지 (3층),서울특별시 종로구 종로66길 13 (숭인동),3116,사이버존PC방,127.022023632788,37.5742326927433
서울특별시 종로구 관철동 45-1 대왕빌딩,"서울특별시 종로구 우정국로2길 21, 대왕빌딩 지하1층 (관철동)",3189,옵티멈존 PC카페 종각역점,126.984281413033,37.5697034972222
서울특별시 종로구 창신동 198번지 글라스타워,"서울특별시 종로구 종로 325, 글라스타워 지하1층 (창신동)",3104,BONE pc방,127.013713331944,37.572752624919
서울특별시 종로구 숭인동 207-32 숭인동 청년주택,"서울특별시 종로구 난계로29길 55, 숭인동 청년주택 2층 (숭인동)",3115,신설PC,127.020174307033,37.5735851179002
서울특별시 종로구 종로4가 10,"서울특별시 종로구 종로 191, 2층 (종로4가)",3130,행운PC,126.999002281266,37.5711020733218
서울특별시 종로구 구기동 94번지,"서울특별시 종로구 진흥로 456, 2층 (구기동)",3012,덤프pc,126.958441783525,37.6068720018317
서울특별시 종로구 돈의동 41-1,"서울특별시 종로구 돈화문로11길 23, 지하1층 (돈의동)",3139,탑 플레이스,126.990100870009,37.5723246733308
서울특별시 종로구 종로2가 84-9 대한성서공회 종로회관,"서울특별시 종로구 종로 66, 대한성서공회 종로회관 3층 (종로2가)",3189,포탈 스페이스,126.984705397841,37.5699156472384
서울특별시 종로구 관철동 7-11 예지빌딩,"서울특별시 종로구 종로14길 19, 예지빌딩 4층 (관철동)",3190,옵티멈존PC카페 종각2호점,126.987054345753,37.5690689023223
서울특별시 종로구 관철동 12-18 원산빌딩,"서울특별시 종로구 삼일대로17길 19, 원산빌딩 2층 (관철동)",3190,아이센스리그PC 종각점,126.986332282651,37.5690623337682
서울특별시 종로구 창신동 510,"서울특별시 종로구 종로 308-1, 3층 (창신동)",3119,우림게임장 PC,127.012048006993,37.5717611714478
서울특별시 종로구 창신동 647-15번지 (1층),서울특별시 종로구 창신길 49 (창신동),3097,프렌즈PC방,127.010446207148,37.5738518126169
서울특별시 종로구 적선동 100-1 경복빌딩B2,"서울특별시 종로구 자하문로2길 4 (적선동, 경복빌딩)",3044,제노PC방,126.972859321085,37.576377886406
서울특별시 종로구 명륜1가 16-21 청암빌딩,"서울특별시 종로구 성균관로 58, 청암빌딩 지하1층 (명륜1가)",3069,에이플 PC CAFE,126.996872117628,37.5878579110221
서울특별시 종로구 명륜4가 187 (5층),"서울특별시 종로구 창경궁로 236 (명륜4가, 이화빌딩)",3079,스틸시리즈 PC방(steelseries PC),126.998834230134,37.5826436294265
서울특별시 종로구 구기동 67-19번지,"서울특별시 종로구 진흥로 461, 지하1층 (구기동)",3007,욜로PC,126.959553747038,37.6069647396025
서울특별시 종로구 숭인동 178-142번지 2층,"서울특별시 종로구 종로 383, 2층 (숭인동)",3112,장동민의 옹PC,127.019838583294,37.5745510412021
서울특별시 종로구 숭인동 1412번지 2층,"서울특별시 종로구 종로66길 13, 2층 (숭인동)",3116,피시스토리,127.022023632788,37.5742326927433
"서울특별시 종로구 무악동 42번지 (2층, 3층) ",서울특별시 종로구 통일로 252 (무악동),3030,도깨비 pc방,126.957832225139,37.5748334953191
서울특별시 종로구 창신동 292 지하1층,"서울특별시 종로구 종로 335, 지하1층 (창신동)",3104,잇츠PC,127.0148243418,37.5731036083714
서울특별시 종로구 명륜4가 188-4 동화빌딩,"서울특별시 종로구 창경궁로 234, 동화빌딩 (명륜4가)",3079,ESC PC,126.998527082015,37.5824983858422
서울특별시 중구 을지로6가 18-95,"서울특별시 중구 장충단로13길 7, 3층 (을지로6가)",4564,긱스타PC카페,127.008181175525,37.5677456759075
서울특별시 중구 신당동 48-1,"서울특별시 중구 다산로36길 53, 지하1층 (신당동)",4585,제로백 신당점 주식회사,127.017847531193,37.5615295383478
서울특별시 중구 황학동 1206,"서울특별시 중구 마장로 99, 2층 (황학동)",4574,메가PC,127.020843801082,37.5683927461518
서울특별시 중구 초동 45-1,"서울특별시 중구 마른내로2길 15-9, 1층 (초동)",4555,판도라PC,126.992617007276,37.5636335824284
서울특별시 중구 황학동 1101-1,"서울특별시 중구 난계로 185, 2층 (황학동)",4574,3POP 플러스 PC CAFE,127.023246616858,37.5682512916508
서울특별시 중구 신당동 381-8번지 지층,"서울특별시 중구 동호로 196 (신당동,지층)",,THE REDS PC방,127.010372365931,37.5556464697381
서울특별시 중구 신당동 340-77 지상 3층,"서울특별시 중구 다산로 156 (신당동,지상 3층)",,W 피씨방,127.012459378311,37.557547102304
서울특별시 중구 남창동 168-13,서울특별시 중구 퇴계로 42-2 (남창동),4634,남문PC,126.977653922122,37.5577156632633
서울특별시 중구 중림동 200 중림동 삼성 사이버 빌리지,"서울특별시 중구 중림로 10, 3층 302호 (중림동, 중림동 삼성 사이버 빌리지)",4502,3POP PC방,126.964320892997,37.5589266608979
서울특별시 중구 신당동 140-34 삼원상가,"서울특별시 중구 다산로44길 53, 삼원상가 지하1층 (신당동)",4578,탑클래스 PC방,127.019933228916,37.5652386068881
서울특별시 중구 남대문로4가 20-1,서울특별시 중구 남대문로 8-4 (남대문로4가),4528,남문 피씨,126.976849394699,37.5604922911168
서울특별시 중구 신당동 368-99 담스빌딩,"서울특별시 중구 다산로 112, 담스빌딩 지하1층 (신당동)",4597,콤마PC카페약수점,127.010377766718,37.5537867198009
서울특별시 중구 신당동 111-9번지,"서울특별시 중구 다산로44길 16, 1층 (신당동)",4577,둥이PC방,127.017855686798,37.564876288419
서울특별시 중구 충무로5가 90,"서울특별시 중구 서애로1길 11, 지하층 B201호 (충무로5가)",4619,E-SPOrtS Arena,126.998598237823,37.561326262637
서울특별시 중구 신당동 111-1 신당밧데리,"서울특별시 중구 다산로42길 17, 신당밧데리 (신당동)",4577,놀이터 PC,127.017248085681,37.5648330408316
서울특별시 중구 충무로4가 125-11번지 행복빌딩,"서울특별시 중구 퇴계로 216, 행복빌딩 지하층 (충무로4가)",4625,GEEK STAR PC CAFE (긱스타 피시 카페),126.995801162333,37.5613712461329
서울특별시 중구 신당동 369-26번지 우봉빌딩,"서울특별시 중구 다산로 132, 우봉빌딩 3층 (신당동)",4590,1프로 pc 아레나,127.01138242008,37.5555099656473
서울특별시 중구 신당동 372-434 2층,"서울특별시 중구 동호로7길 45 (신당동,2층)",,PC토랑,127.010889689197,37.5518020452993
서울특별시 중구 신당동 52-228 지상 2층,"서울특별시 중구 퇴계로86길 70 (신당동,지상 2층)",,HARU PC,127.018696899098,37.5626194326071
서울특별시 중구 신당동 292-43,"서울특별시 중구 다산로 222, 3층 (신당동)",4586,긱스타PC,127.015591399432,37.5628525208577
서울특별시 중구 신당동 100-9 지상 2층,"서울특별시 중구 다산로42길 3 (신당동,지상 2층)",,액션pc방,127.016545009327,37.5650353249966
서울특별시 중구 신당동 236-4번지,서울특별시 중구 다산로29길 51  (신당동),,바이러스피시방,127.011408629616,37.5618844278084
서울특별시 중구 초동 18-12번지,서울특별시 중구 충무로4길 2  (초동),,pc하우스,126.992993567185,37.5649387886034
서울특별시 중구 신당동 292-43번지,서울특별시 중구 다산로 222  (신당동),,사이버리아신당2점,127.015591399432,37.5628525208577
서울특별시 용산구 갈월동 98-1 2층,"서울특별시 용산구 한강대로77길 11, 2층 (갈월동)",4322,제노PC방(갈월점),126.972130856033,37.5417114040155
서울특별시 용산구 이태원동 127-12 스카이하이,"서울특별시 용산구 이태원로 180, 스카이하이 지하1층 (이태원동)",4406,아이뎁스PC,126.994224816687,37.5342217426698
서울특별시 용산구 이태원동 646 기업은행,"서울특별시 용산구 녹사평대로 240, 1층 (이태원동)",4343,리얼PC방,126.98763333746,37.5389065292265
서울특별시 용산구 이촌동 300-10 전보상가 지하,"서울특별시 용산구 이촌로 290, 지하층 (이촌동, 전보상가)",4425,포그네PC방,126.978884210078,37.5181933311082
서울특별시 용산구 보광동 260-30 2층,"서울특별시 용산구 보광로 40, 2층 (보광동)",4415,엔탑PC방,126.999577904884,37.528013623307
서울특별시 용산구 청파동2가 71-88,"서울특별시 용산구 청파로47길 52, 지층 102호 (청파동2가, 명신프라자)",4309,놀숲PC,126.967646680698,37.5449725093355
서울특별시 용산구 용문동 38-214 2층,"서울특별시 용산구 효창원로37길 29, 2층 (용문동)",4356,3POP PC방,126.95877718467,37.5381606210203
서울특별시 용산구 청파동2가 63-5 중하빌딩,"서울특별시 용산구 청파로47길 66, 중하빌딩 (청파동2가)",4310,PC CLUB 블랙,126.966770459878,37.545067501628
서울특별시 용산구 한남동 633-3 제일빌딩,"서울특별시 용산구 대사관로 72, 제일빌딩 지하1층 (한남동)",4402,덤프,127.005947068599,37.5330952126175
서울특별시 용산구 후암동 244-79 101호/109호,"서울특별시 용산구 후암로28길 38, 101호/109호 (후암동, 남산리치빌)",4331,3POP,126.979266187454,37.5493219003255
서울특별시 용산구 한강로3가 40-713번지 양지빌딩,서울특별시 용산구 한강대로21나길 40 (한강로3가),4378,드래곤힐스pc방,126.964227468456,37.5282491342856
서울특별시 용산구 후암동 244-4,"서울특별시 용산구 후암로 46 (후암동, 제일은행)",4331,액션,126.977586978891,37.5499660777672
서울특별시 용산구 갈월동 69-3,"서울특별시 용산구 한강대로 297 (갈월동, 우신빌딩)",4321,어메이징파크pc방,126.971683656137,37.5447583877858
"서울특별시 용산구 동자동 43-23번지 임박사정육점,영문속기사 ","서울특별시 용산구 한강대로 363-1, 2층 (동자동)",4320,동자pc방,126.971797580425,37.5508319577772
"서울특별시 용산구 보광동 259-1번지 지층 1,2호","서울특별시 용산구 보광로 46, 지층 1,2호 (보광동)",4414,3POP PC방,126.99921497434,37.5283391534087
서울특별시 성동구 용답동 49-20번지 새마을금고,"서울특별시 성동구 용답19길 17-1, 새마을금고 지하1층 (용답동)",4804,탑클래스PC 용답점,127.052481864068,37.5638156826095
서울특별시 성동구 송정동 79-2,"서울특별시 성동구 광나루로 337, 2층 (송정동)",4801,행운 PC,127.067234924413,37.5485118802394
서울특별시 성동구 금호동1가 1756-1 금호연풍교회,"서울특별시 성동구 금호로 86, 금호연풍교회 2층 나호 (금호동1가)",4718,1프로PC아레나,127.025769360191,37.5512121044209
서울특별시 성동구 용답동 232-1 신창비바패밀리,"서울특별시 성동구 천호대로 400, 지1층 B112호 (용답동, 신창비바패밀리)",4808,장한평PC방,127.063321479459,37.5612964964549
서울특별시 성동구 행당동 298-86 에뜨롬행당,"서울특별시 성동구 행당로17길 27, 2층 (행당동, 에뜨롬행당)",4715,레드포스 PC 아레나 왕십리점,127.032586553151,37.5606049409487
서울특별시 성동구 금호동2가 325-0번지,서울특별시 성동구 금호산길 71  (금호동2가),,검프인터넷게임방,127.019601957921,37.5545554514075
서울특별시 성동구 성수동1가 13-103번지,서울특별시 성동구 상원길 58 (성수동1가),4791,프리미엄 본스 PC방,127.048207218373,37.5491362031845
서울특별시 성동구 행당동 19-7번지,"서울특별시 성동구 마조로3가길 15, 지하 1층 (행당동)",4760,도깨비PC방Ⅱ,127.03989916258,37.55928471794
서울특별시 성동구 용답동 55-1번지,"서울특별시 성동구 용답15길 14 (용답동, 삼도빌딩)",4804,코아인PC방,127.051947277565,37.5642917351454
서울특별시 성동구 성수동1가 241번지 동현빌딩,"서울특별시 성동구 성덕정길 58, 동현빌딩 (성수동1가)",4775,인디고PC방,127.04983797524,37.5380170136893
서울특별시 성동구 성수동1가 13-133번지,서울특별시 성동구 상원길 50 (성수동1가),,지투존 PC방(뚝섬역점),127.048435238491,37.5484290061859
서울특별시 성동구 사근동 176-1번지,서울특별시 성동구 사근동길 52  (사근동),,인터뱅크,127.046514947844,37.5607588505651
서울특별시 성동구 하왕십리동 966-20,"서울특별시 성동구 무학봉28길 1, B1층 (하왕십리동)",4715,앤탑 PC,127.032382076511,37.5625318686893
서울특별시 성동구 홍익동 106번지,"서울특별시 성동구 마장로 201, 2층 (홍익동)",4706,스타 PC방,127.032188966313,37.5666985784504
서울특별시 성동구 사근동 185-1번지,"서울특별시 성동구 사근동8길 11, 2층 (사근동)",4762,秀(수)PC방,127.046826592712,37.5601257771204
서울특별시 성동구 행당동 25-2번지,서울특별시 성동구 왕십리로 236-1 (행당동),4763,아이닉스 PC,127.041298107188,37.5579403096281
서울특별시 성동구 금호동2가 960-0번지,,,클릭I,,
서울특별시 성동구 금호동1가 125-1 125-1번지 B1층,서울특별시 성동구 행당로 1 (금호동1가),4721,긱스타 Cafe pc방,127.020335835064,37.5548124720494
서울특별시 성동구 금호동4가 1192 남지빌딩,"서울특별시 성동구 장터길 34, 남지빌딩 B01층 (금호동4가)",4725,래드포스PC,127.019612621523,37.5481743997868
서울특별시 성동구 성수동2가 289-15,"서울특별시 성동구 아차산로7길 8, 2층 (성수동2가)",4794,앤탑PC방,127.054482141376,37.5458574431701
서울특별시 성동구 옥수동 562번지,"서울특별시 성동구 매봉길 17, 309,310,311호 (옥수동, 래미안옥수리버젠)",4733,제노PC방,,
서울특별시 성동구 행당동 19-54번지,"서울특별시 성동구 마조로 17, B1층 (행당동, 한양시장)",4760,비원(BONE) PC,127.040469845279,37.5595557237992
서울특별시 성동구 송정동 68-53,서울특별시 성동구 동일로 187 (송정동),4801,맞짱PC,127.067435713733,37.548931360746
서울특별시 성동구 성수동2가 506번지,서울특별시 성동구 성덕정길 84 (성수동2가),,N JOY PC방,127.052762758573,37.5377619313618
서울특별시 성동구 성수동2가 299-151번지,서울특별시 성동구 성수일로12길 15  (성수동2가),,올넷(ALL NET),127.052938959553,37.5486887229106
서울특별시 성동구 행당동 297-6번지,서울특별시 성동구 행당로15길 21 (행당동),,원게임 PC방,127.031074791355,37.5597847205551
서울특별시 성동구 행당동 267-23,"서울특별시 성동구 고산자로 234, 지하1층 (행당동)",4744,이스포츠센터,127.03526540093,37.5605265052689
서울특별시 성동구 성수동2가 507-1번지,"서울특별시 성동구 성덕정길 86, 2층 (성수동2가)",4775,2RANG PC,127.053043206878,37.5377024298091
서울특별시 성동구 성수동2가 566-30 2층,서울특별시 성동구 성덕정19길 1 (성수동2가),4776,거북선PC방,127.055463400818,37.5373831747349
서울특별시 성동구 금호동1가 628번지,"서울특별시 성동구 난계로 32, 2층 (금호동1가)",4718,쓰리팝 PC,127.025029317419,37.5551410652603
서울특별시 성동구 상왕십리동 811 텐즈힐,"서울특별시 성동구 마장로 137, 2층 2136호, 2137호 (상왕십리동, 텐즈힐)",4700,W PC,127.025053595952,37.5678250213489
서울특별시 성동구 금호동1가 1756-1번지 24통8반 가동3층,"서울특별시 성동구 금호로 86  (금호동1가,가동3층)",,듀얼인터넷pc방,127.025769360191,37.5512121044209
서울특별시 성동구 하왕십리동 946-12번지 3층,,,인터넷PC게임방,,
서울특별시 성동구 행당동 290-31번지,서울특별시 성동구 왕십리로21길 14  (행당동),,멀티PC게임방,127.032864490866,37.5612978205226
서울특별시 성동구 행당동 19-100,"서울특별시 성동구 마조로 9, 지하1층 (행당동)",4760,G PLUS PC방,127.040554610589,37.5587090278115
서울특별시 성동구 하왕십리동 946-18번지,,,스타인터넷게임방,,
서울특별시 성동구 성수동2가 300-65번지 현진빌딩,"서울특별시 성동구 아차산로 91, 현진빌딩 4층 (성수동2가)",4794,WEST PC방,127.054482759879,37.545307923565
서울특별시 성동구 옥수동 450-21번지,서울특별시 성동구 독서당로39길 43-1  (옥수동),,사이버넷,127.010937661597,37.5408854464724
서울특별시 성동구 하왕십리동 966-11 유성빌딩,"서울특별시 성동구 왕십리로 333, 유성빌딩 지하1층 (하왕십리동)",4715,텐즈PC (TENZ PC),127.032571064368,37.562723999259
서울특별시 종로구 명륜4가 8-1,서울특별시 종로구 대명길 9 (명륜4가),3078,프리미엄pc방,127.000958936342,37.583376138945
,"서울특별시 종로구 수표로 105, 2층 (종로2가, 육의전빌딩)",3140,레벨업 PC방,126.989152966372,37.5705989139519
서울특별시 종로구 명륜2가 211 유니지오,"서울특별시 종로구 성균관로 12, 유니지오 203.204호 (명륜2가)",3074,레벨업 PC cafe,126.998153324962,37.583982677102
서울특별시 종로구 숭인동 1412번지 (3층),서울특별시 종로구 종로66길 13 (숭인동),3116,사이버존PC방,127.022023632788,37.5742326927433
서울특별시 종로구 관철동 45-1 대왕빌딩,"서울특별시 종로구 우정국로2길 21, 대왕빌딩 지하1층 (관철동)",3189,옵티멈존 PC카페 종각역점,126.984281413033,37.5697034972222
서울특별시 종로구 창신동 198번지 글라스타워,"서울특별시 종로구 종로 325, 글라스타워 지하1층 (창신동)",3104,BONE pc방,127.013713331944,37.572752624919
서울특별시 종로구 숭인동 207-32 숭인동 청년주택,"서울특별시 종로구 난계로29길 55, 숭인동 청년주택 2층 (숭인동)",3115,신설PC,127.020174307033,37.5735851179002
서울특별시 종로구 종로4가 10,"서울특별시 종로구 종로 191, 2층 (종로4가)",3130,행운PC,126.999002281266,37.5711020733218
서울특별시 종로구 구기동 94번지,"서울특별시 종로구 진흥로 456, 2층 (구기동)",3012,덤프pc,126.958441783525,37.6068720018317
서울특별시 종로구 돈의동 41-1,"서울특별시 종로구 돈화문로11길 23, 지하1층 (돈의동)",3139,탑 플레이스,126.990100870009,37.5723246733308
서울특별시 성동구 마장동 773-2번지 773-2번지 2층,서울특별시 성동구 마장로 283 (마장동),4756,블랙홀PC방,127.041429927751,37.5656518033574
서울특별시 종로구 종로2가 84-9 대한성서공회 종로회관,"서울특별시 종로구 종로 66, 대한성서공회 종로회관 3층 (종로2가)",3189,포탈 스페이스,126.984705397841,37.5699156472384
서울특별시 종로구 관철동 7-11 예지빌딩,"서울특별시 종로구 종로14길 19, 예지빌딩 4층 (관철동)",3190,옵티멈존PC카페 종각2호점,126.987054345753,37.5690689023223
서울특별시 종로구 관철동 12-18 원산빌딩,"서울특별시 종로구 삼일대로17길 19, 원산빌딩 2층 (관철동)",3190,아이센스리그PC 종각점,126.986332282651,37.5690623337682
서울특별시 종로구 창신동 510,"서울특별시 종로구 종로 308-1, 3층 (창신동)",3119,우림게임장 PC,127.012048006993,37.5717611714478
서울특별시 종로구 창신동 647-15번지 (1층),서울특별시 종로구 창신길 49 (창신동),3097,프렌즈PC방,127.010446207148,37.5738518126169
서울특별시 종로구 적선동 100-1 경복빌딩B2,"서울특별시 종로구 자하문로2길 4 (적선동, 경복빌딩)",3044,제노PC방,126.972859321085,37.576377886406
서울특별시 종로구 명륜1가 16-21 청암빌딩,"서울특별시 종로구 성균관로 58, 청암빌딩 지하1층 (명륜1가)",3069,에이플 PC CAFE,126.996872117628,37.5878579110221
서울특별시 종로구 명륜4가 187 (5층),"서울특별시 종로구 창경궁로 236 (명륜4가, 이화빌딩)",3079,스틸시리즈 PC방(steelseries PC),126.998834230134,37.5826436294265
서울특별시 종로구 구기동 67-19번지,"서울특별시 종로구 진흥로 461, 지하1층 (구기동)",3007,욜로PC,126.959553747038,37.6069647396025
서울특별시 종로구 숭인동 178-142번지 2층,"서울특별시 종로구 종로 383, 2층 (숭인동)",3112,장동민의 옹PC,127.019838583294,37.5745510412021
서울특별시 종로구 숭인동 1412번지 2층,"서울특별시 종로구 종로66길 13, 2층 (숭인동)",3116,피시스토리,127.022023632788,37.5742326927433
"서울특별시 종로구 무악동 42번지 (2층, 3층) ",서울특별시 종로구 통일로 252 (무악동),3030,도깨비 pc방,126.957832225139,37.5748334953191
서울특별시 종로구 창신동 292 지하1층,"서울특별시 종로구 종로 335, 지하1층 (창신동)",3104,잇츠PC,127.0148243418,37.5731036083714
서울특별시 종로구 명륜4가 188-4 동화빌딩,"서울특별시 종로구 창경궁로 234, 동화빌딩 (명륜4가)",3079,ESC PC,126.998527082015,37.5824983858422
서울특별시 성동구 행당동 19-51번지,서울특별시 성동구 마조로5길 3-3  (행당동),,CYBER ZONE,127.040672881648,37.5597496386723
서울특별시 성동구 행당동 227-1번지,서울특별시 성동구 왕십리로 284  (행당동),,단비넷PC방,127.036904798892,37.5597786273063
서울특별시 성동구 용답동 63-2번지 4층,"서울특별시 성동구 천호대로 304  (용답동,4층)",,테크노pc방,127.054020786993,37.5654468726963
서울특별시 성동구 하왕십리동 1016-2번지,서울특별시 성동구 무학봉길 50 (하왕십리동),4714,힘쎈수달 PC방,127.028286038522,37.5603842241488
서울특별시 성동구 행당동 19-98번지,"서울특별시 성동구 마조로 11, 지하1층 (행당동)",4760,3POP PC2(쓰리팝 PC2),127.040664404256,37.5589370324066
서울특별시 성동구 성수동2가 331-243번지,서울특별시 성동구 성덕정17길 12  (성수동2가),,사이버피시방,127.055339295186,37.5383228860946
서울특별시 성동구 성수동2가 300-66번지,서울특별시 성동구 아차산로 93  (성수동2가),,인터뱅크,127.05468798751,37.5452517865527
서울특별시 성동구 옥수동 535-14번지,서울특별시 성동구 매봉길 54-1 (옥수동),133-846,도깨비 PC방,,
서울특별시 성동구 행당동 4-15번지,서울특별시 성동구 마조로1가길 4 (행당동),,도깨비 PC방,127.039581541457,37.5602780838591
서울특별시 성동구 금호동3가 1304,서울특별시 성동구 장터길 19 (금호동3가),,인디고PC방 금호본점,127.018033514449,37.5484801801775
서울특별시 성동구 행당동 19-50번지,,,icon,,
서울특별시 성동구 행당동 19-46,"서울특별시 성동구 마조로5길 7, 지하1층 (행당동)",4760,TEN PC방,127.040381543832,37.5599355242388
서울특별시 성동구 성수동2가 506-0번지,서울특별시 성동구 성덕정길 84  (성수동2가),,N-JOY,127.052762758573,37.5377619313618
서울특별시 성동구 행당동 19-54번지,"서울특별시 성동구 마조로 17 (행당동, 한양시장)",4760,본스PC방 (BONS PC),127.040469845279,37.5595557237992
서울특별시 성동구 도선동 167,"서울특별시 성동구 왕십리로24길 27, 2층 (도선동)",4708,형네 PC방,127.034286098898,37.5648418461351
서울특별시 성동구 용답동 1-6,"서울특별시 성동구 천호대로 312, 2층 (용답동, 태광빌딩)",4805,하투PC,127.054560923079,37.5649822509522
서울특별시 성동구 금호동3가 210 2층,"서울특별시 성동구 독서당로 329, 2층 (금호동3가)",4730,시티 PC,127.025502304004,37.5482750875088
서울특별시 성동구 행당동 19-101,"서울특별시 성동구 마조로 7, 지하1층 (행당동)",4760,레벨업(LEVEL UP)PC CAFE,127.040443630196,37.5585875213707
서울특별시 광진구 중곡동 164-1,"서울특별시 광진구 능동로 373, 3층 (중곡동)",4909,루미너스PC방,127.082267149875,37.5627301037268
서울특별시 광진구 화양동 212,서울특별시 광진구 광나루로 392 (화양동),5009,넥스트PC카페,127.073123076689,37.547301943571
서울특별시 광진구 중곡동 558-2 진웅빌딩,"서울특별시 광진구 면목로 195, 진웅빌딩 (중곡동)",4902,두꺼비 PC,127.083087020661,37.5705440453956
서울특별시 광진구 화양동 111-102번지 아스하임,"서울특별시 광진구 광나루로 382, 지하1,2층 (화양동, 아스하임)",5009,G PRO PC&CAFE,127.072065060154,37.5474599984908
서울특별시 광진구 중곡동 239-82,"서울특별시 광진구 긴고랑로 17-1, 1층 (중곡동)",4912,팝콘PC,127.078419008082,37.5638221169316
서울특별시 광진구 자양동 779-3 금강태극빌,"서울특별시 광진구 아차산로 353, 금강태극빌 2층 (자양동)",5026,구의 PC,127.08209431704,37.5372444977042
서울특별시 광진구 중곡동 79-3,"서울특별시 광진구 용마산로 52, 2층 201호 (중곡동)",4949,아지트PC,127.088006200556,37.5583365801856
서울특별시 광진구 중곡동 150-183,"서울특별시 광진구 긴고랑로 95, 1층 (중곡동)",4936,놀이터 PC,127.086247142946,37.5603553001425
서울특별시 광진구 중곡동 241-30,"서울특별시 광진구 긴고랑로 31, 지하층 (중곡동)",4910,노라조PC,127.08002793085,37.5632779168085
서울특별시 광진구 자양동 8-1,"서울특별시 광진구 아차산로 220, 지하1층 (자양동)",5072,메가 PC방,127.067657144585,37.5406341134418
서울특별시 광진구 군자동 361-28,"서울특별시 광진구 광나루로 375-1, 2층 (군자동)",5005,앤유PC 세종대점,127.071743335135,37.5481605406369
서울특별시 광진구 중곡동 157-1 공영빌딩,"서울특별시 광진구 능동로 314, 공영빌딩 지하1층 (중곡동)",4929,레벨업 PC CAFE,127.080039873331,37.5576188388403
서울특별시 광진구 자양동 219-5,"서울특별시 광진구 아차산로 360, 201호 (자양동)",5055,라이온 PC,127.082634313783,37.5364830461728
서울특별시 광진구 자양동 636-11 그랜드 아파트,"서울특별시 광진구 뚝섬로52길 7, 그랜드 아파트 지하1층 (자양동, 그랜드 아파트)",5100,맥PC카페 자양점,127.079629698305,37.531532669959
서울특별시 광진구 자양동 626-3 아스하임,"서울특별시 광진구 자양로13길 8 (자양동, 아스하임)",5056,놀이터PC,127.083208933655,37.535732559894
서울특별시 광진구 중곡동 92-9 창성빌딩,"서울특별시 광진구 용마산로 16, 창성빌딩 (중곡동)",4950,모아 PC,127.088619127555,37.5550506355341
서울특별시 광진구 화양동 17-16번지 아스하임,"서울특별시 광진구 군자로 43, 아스하임 지하1층 (화양동)",5008,비원 PC방,127.070101890144,37.5471665537169
서울특별시 광진구 중곡동 113-7,"서울특별시 광진구 천호대로129길 29, 2층 (중곡동)",4952,1%PC아레나,127.091123493697,37.5531645632465
서울특별시 광진구 자양동 52-6,"서울특별시 광진구 뚝섬로24길 3, 지하층 (자양동)",5084,제우스 PC,127.06377699944,37.5362819194909
서울특별시 광진구 화양동 7-3,"서울특별시 광진구 아차산로 229 (화양동, 지하1층)",5018,포포PC방 건대점,127.068990676571,37.540809126931
서울특별시 광진구 중곡동 648-14번지,"서울특별시 광진구 능동로37길 6, 지하1층 (중곡동)",4919,세븐PC,127.079576569907,37.558190113832
서울특별시 광진구 구의동 252-1 천서빌딩,"서울특별시 광진구 자양로22길 24, 천서빌딩 (구의동)",5043,콤마 PC CAFE,127.084750927093,37.5394964725263
서울특별시 광진구 능동 279-5 삼일빌딩 B1호,"서울특별시 광진구 능동로 290, 삼일빌딩 (능동)",4985,쿤자PC방,127.078979184085,37.5555832993412
서울특별시 광진구 자양동 24-30,"서울특별시 광진구 동일로 88, 1층 (자양동)",5071,건대PC,127.063308331095,37.5404019046121
,"서울특별시 광진구 군자로 144, 지층 (군자동)",4998,옥스피시방 세종대점,127.075438283864,37.5543089012887
서울특별시 광진구 구의동 546-11 강변역지너스타워,"서울특별시 광진구 강변역로4길 10, 강변역지너스타워 지하1층 7,8호 (구의동)",5116,맥스피드 PC 동서울터미널점,127.093405063055,37.5353492183772
서울특별시 광진구 화양동,"서울특별시 광진구 능동로 123, 3, 4층 (화양동)",5017,e-sports center 건대점,,
서울특별시 광진구 자양동 1-1번지,"서울특별시 광진구 아차산로 244, 지하1층 (자양동)",5073,5번 출구 피씨방,127.070200722719,37.5397305477366
서울특별시 광진구 군자동 344-1번지 지하1층,"서울특별시 광진구 동일로38길 3 (군자동,지하1층)",,클릭넷(군자),127.069717899651,37.5516234795333
서울특별시 광진구 구의동 246-13,"서울특별시 광진구 아차산로 377, 지하1층 (구의동)",5044,에코스PC방 구의점,127.084759909345,37.537235766975
서울특별시 광진구 자양동 615-27번지 우양빌딩,"서울특별시 광진구 뚝섬로 613, 우양빌딩 지하1층 (자양동)",5063,맵스 PC방,127.077942462278,37.532708250351
서울특별시 광진구 화양동 6-2 연한빌딩,"서울특별시 광진구 아차산로 241, 연한빌딩 b1층 (화양동)",5017,비원 건대2호점,127.070150304742,37.5405050771385
서울특별시 광진구 구의동 248-138,"서울특별시 광진구 아차산로51길 62, 2층 (구의동)",5040,아이넷 폴리스,127.085021066015,37.5397413502913
서울특별시 광진구 구의동 244-15번지 신호빌딩,"서울특별시 광진구 구의로 6, 신호빌딩 지하1층 (구의동)",5045,엔탑 PC방,127.089346755579,37.5384927045864
서울특별시 광진구 구의동 199-1 만택빌딩,"서울특별시 광진구 광나루로 614, 만택빌딩 지하1층 (구의동)",5117,PPL PC방,127.09583385236,37.5407914746361
서울특별시 광진구 자양동 612-60 혜성빌딩,"서울특별시 광진구 자양로15길 18, 혜성빌딩 지하1층 (자양동)",5055,비원PC방,127.082545105767,37.535821774302
서울특별시 광진구 자양동 553-15 선덕빌딩,"서울특별시 광진구 뚝섬로 503, 선덕빌딩 지하1층 (자양동)",5076,RUNPC,127.066021835302,37.5360837271218
서울특별시 광진구 화양동 495-25,서울특별시 광진구 능동로16길 60 (화양동),5021,제노 PC ZONE,127.076295470745,37.5452297113773
서울특별시 광진구 중곡동 239-18,"서울특별시 광진구 긴고랑로 17, 1층 (중곡동)",4912,노다지pc,127.078419008082,37.5638221169316
서울특별시 광진구 중곡동 78-2번지,서울특별시 광진구 용마산로 58 (중곡동),4945,제노PC방,127.088006320923,37.5588238392141
서울특별시 광진구 중곡동 556-1번지 4층,서울특별시 광진구 면목로 203 (중곡동),4902,아레나피씨,127.083229831295,37.5712175286905
서울특별시 광진구 중곡동 580-1,"서울특별시 광진구 답십리로 368, 1층 (중곡동)",4901,레이s PC,127.08127497176,37.5714772960538
서울특별시 광진구 자양동 600 자양빌딩,"서울특별시 광진구 자양번영로 20, 자양빌딩 2층 (자양동)",5098,제트4PC방,127.075360551131,37.5313918517588
서울특별시 광진구 자양동 634-38,서울특별시 광진구 자양로13길 99 (자양동),5061,오엑스피씨방 자양동점,127.080127422591,37.53262182371
서울특별시 광진구 중곡동 40-14번지,"서울특별시 광진구 능동로 372, 지하1층 (중곡동)",4937,나인 PC방,127.082657634876,37.5624218704524
서울특별시 광진구 화양동 47-1,"서울특별시 광진구 아차산로29길 41, 화양동동 지하1층 (화양동)",5018,PPL PC방,127.068894797657,37.542733357585
서울특별시 광진구 자양동 227-217,"서울특별시 광진구 아차산로 288, 지층 (자양동, 대흥빌딩)",5066,쓰리팝PC방,127.074910816116,37.5383893084634
서울특별시 광진구 구의동 57-55 대운빌딩,"서울특별시 광진구 자양로 278, 대운빌딩 지하2층 (구의동)",4962,제로백PC 아차산역점,127.091469948053,37.5506056415504
서울특별시 광진구 중곡동 116-6 백철빌딩,"서울특별시 광진구 천호대로 635, 백철빌딩 (중곡동)",4931,아차산PC,127.088333259008,37.554096693392
서울특별시 광진구 구의동 244-50번지,"서울특별시 광진구 구의로 4, 2층 (구의동)",5045,리그 PC 카페,127.089289559874,37.538350750252
서울특별시 광진구 군자동 48-24번지,"서울특별시 광진구 군자로 141, 2층 (군자동)",4999,엔탑 PC방,127.074826250644,37.5543077590397
서울특별시 광진구 중곡동 80-11번지,"서울특별시 광진구 용마산로 40, 3층 (중곡동)",4949,3 pop PC방,127.088249060157,37.5571682562834
서울특별시 광진구 중곡동 173-2 중곡빌딩,"서울특별시 광진구 면목로 161, 중곡빌딩 (중곡동)",4906,팽PC카페 중곡점,127.082032319458,37.5677094408244
서울특별시 광진구 구의동 212-3 CS PLAZA,"서울특별시 광진구 아차산로 471, CS PLAZA 지하1층 (구의동)",5035,제로백 PC방 구의점,127.093974084703,37.5404187841405
서울특별시 광진구 자양동 624-37,"서울특별시 광진구 뚝섬로59길 81-15, 1층 (자양동)",5057,스마일PC,127.082356422124,37.5349321680697
서울특별시 광진구 구의동 257-69 노블스타,"서울특별시 광진구 아차산로51길 42, 노블스타 2층 (구의동)",5043,마카오PC,127.085124386664,37.5388588365985
서울특별시 광진구 구의동 631-1 프라임프라자,"서울특별시 광진구 광나루로56길 63, 프라임프라자 4층 410, 411호 (구의동)",5119,사이버리아PC방,127.096160584389,37.5367887874337
서울특별시 광진구 중곡동 242-3,서울특별시 광진구 긴고랑로 48 (중곡동),4914,제일pc방,127.081435690098,37.5624111868636
서울특별시 광진구 중곡동 580,"서울특별시 광진구 답십리로 366, 1층 (중곡동)",4901,마카오PC,127.081044868195,37.571502321705
서울특별시 광진구 중곡동 82-1,"서울특별시 광진구 영화사로 18, 2층 (중곡동)",4949,물라PC,127.089257377181,37.5575751995081
서울특별시 광진구 중곡동 245-4,"서울특별시 광진구 면목로 99, 201호 (중곡동)",4913,모아PC,127.079285001631,37.5625475298728
서울특별시 광진구 구의동 54-13번지,"서울특별시 광진구 자양로 277, 지층 (구의동)",4954,TEN PC,127.091104212028,37.5508051349791
서울특별시 광진구 중곡동 211-22,"서울특별시 광진구 면목로 181, 1층 (중곡동)",4902,브라보 PC방,127.082893808964,37.5693311714022
서울특별시 광진구 자양동 7-2,"서울특별시 광진구 동일로20길 109, 2층 (자양동)",5073,주식회사 나니아(나니아 플스방),127.069481347109,37.5397622378886
서울특별시 도봉구 창동 578-158번지,서울특별시 도봉구 덕릉로 227 (창동),1471,수작PC,127.037640485246,37.6384863481039
서울특별시 동대문구 이문동 288-10 한국외국어대학교 글로벌홀,"서울특별시 동대문구 이문로 114, 한국외국어대학교 글로벌홀 지하1층 (이문동)",2419,VRIZ PC CAFE,127.060682416152,37.5967350539561
서울특별시 동대문구 장안동 93-36 나누리식품,"서울특별시 동대문구 사가정로25길 50, 2층 (장안동)",2514,해피PC 장안점,127.071105631227,37.5809919617201
서울특별시 동대문구 전농동 124-2번지 우성빌딩,"서울특별시 동대문구 서울시립대로 147, 우성빌딩 2층 (전농동)",2557,스토리피씨랩 서울시립대점,127.05314807526,37.5832465983676
서울특별시 동대문구 제기동 346-9,"서울특별시 동대문구 약령시로 113, 2층 (제기동)",2482,FOX PC,127.042714806622,37.5832203812477
서울특별시 동대문구 장안동 105-7,"서울특별시 동대문구 답십리로63길 131, 3층 (장안동)",2525,아레스PC,127.069336090359,37.5785099656673
서울특별시 동대문구 장안동 373-8,"서울특별시 동대문구 장한로21길 9, 2층 202호 (장안동)",2624,세븐 PC,127.06947124402,37.5699615197474
서울특별시 동대문구 장안동 295-6,"서울특별시 동대문구 답십리로 267, 지하2층 (장안동)",2530,N-top PC,127.070072727815,37.5727019911814
서울특별시 동대문구 장안동 463-6,"서울특별시 동대문구 장한로2길 25-5, 104~107호 (장안동)",2644,SUN PC방,,
서울특별시 동대문구 답십리동 68-1번지,"서울특별시 동대문구 전농로 94, 3층 (답십리동)",2538,행운피씨방,127.057770923489,37.5731833863445
서울특별시 동대문구 이문동 289-1번지,"서울특별시 동대문구 휘경로 9, 3층 (이문동)",2419,아이센스리그PC 외대점,127.061416705231,37.5961287575383
서울특별시 동대문구 장안동 118-40번지,"서울특별시 동대문구 한천로 184, 2층 (장안동)",2525,전곡PC랜드,127.068209922307,37.5772990550675
서울특별시 동대문구 답십리동 68-1 1층4호,"서울특별시 동대문구 전농로 94, 1층 4호 (답십리동)",2538,에스PC,127.057770923489,37.5731833863445
서울특별시 동대문구 용두동 712-68 지하호,"서울특별시 동대문구 왕산로 106, 지층 (용두동)",2566,PC월드,127.035140711929,37.5779517051493
서울특별시 동대문구 제기동 345-20,"서울특별시 동대문구 약령시로 117, 1층 (제기동)",2482,로또PC,127.042964559182,37.5832193896148
서울특별시 동대문구 제기동 844-1,"서울특별시 동대문구 고산자로 482, 1층 (제기동)",2571,모두의게임 PC방,127.038824069558,37.5826101307154
서울특별시 동대문구 장안동 373-6 황금오피스텔,"서울특별시 동대문구 장한로21길 11-11, 황금오피스텔 101호 (장안동)",2624,바닐라PC,127.069168834913,37.5694021792349
서울특별시 동대문구 제기동 530-2,"서울특별시 동대문구 왕산로35길 51, 1층 (제기동)",2572,골프PC,127.042749992067,37.5819895213922
서울특별시 동대문구 신설동 103-2,"서울특별시 동대문구 천호대로 10, 지층 (신설동)",2586,E-SPORTS ARENA,127.024462837927,37.5747206417233
서울특별시 동대문구 이문동 327-7 세진빌딩,"서울특별시 동대문구 이문로 89, 지하1층 (이문동, 세진빌딩)",2451,제너스PC 외대점,127.059005156761,37.5950014960546
서울특별시 동대문구 답십리동 68-1,"서울특별시 동대문구 전농로 94, 2층 (답십리동)",2538,세븐티PC방,127.057770923489,37.5731833863445
서울특별시 동대문구 전농동 152-11번지 도석프라자,"서울특별시 동대문구 서울시립대로 164, 도석프라자 5층 (전농동)",2505,제닉스아레나PC방,127.054836496632,37.5833009668774
서울특별시 동대문구 이문동 264-211,"서울특별시 동대문구 천장산로7길 8, 지층 (이문동)",2449,리얼PC,127.057384751368,37.5986382449798
서울특별시 동대문구 장안동 93-43,"서울특별시 동대문구 사가정로25길 34, 2층 (장안동)",2515,수PC방,127.070855297485,37.580251945991
서울특별시 동대문구 이문동 264-293번지 지상2층,"서울특별시 동대문구 천장산로7길 19, 지상2층 (이문동)",2449,3POP PC방,127.056800748936,37.5983004756761
서울특별시 동대문구 전농동 124-69,"서울특별시 동대문구 전농로 209, 지하1층 (전농동)",2543,리얼PC,127.05374161725,37.5828670114488
서울특별시 동대문구 장안동 372-5,"서울특별시 동대문구 장한로 105, 2층 (장안동, 장안NEWCITY)",2624,I AM PC,127.069955043285,37.5700853011061
서울특별시 동대문구 답십리동 97-2번지,"서울특별시 동대문구 전농로 116, 2층 (답십리동)",2531,라이또PC방(답십리점),127.057828649691,37.5752252822718
서울특별시 동대문구 회기동 42-43,"서울특별시 동대문구 경희대로1길 10, 지하1층 (회기동)",2454,EXIT PC CAFE,127.051674744477,37.5918420916189
서울특별시 동대문구 답십리동 493-5 지하1층 클래식타워,"서울특별시 동대문구 천호대로 307, 지하1층 (답십리동, 클래식타워)",2604,명성PC,127.054762202414,37.5657983700541
서울특별시 동대문구 청량리동 663,"서울특별시 동대문구 홍릉로 39-3, 1층 (청량리동)",2483,황금PC,127.043712523291,37.5837149316125
서울특별시 동대문구 휘경동 330,"서울특별시 동대문구 이문로 22, B1층 (휘경동)",2446,레드포스PC 아레나(회기점),127.055622225035,37.5895567328256
서울특별시 동대문구 전농동 295-316번지 B1F,"서울특별시 동대문구 사가정로 109, B1층 (전농동)",2547,3POP PC방,127.05690690955,37.5772564813608
서울특별시 동대문구 장안동 416-5번지,"서울특별시 동대문구 장한로 3, 지하1층 (장안동)",2633,스페셜알파PC방,127.064573772246,37.5621355469546
서울특별시 동대문구 장안동 383-3,"서울특별시 동대문구 장한로21길 16, 2층 (장안동)",2624,놀이터PC방,127.069311646966,37.5702147932163
서울특별시 동대문구 전농동 602-18,"서울특별시 동대문구 왕산로 266, 1층 (전농동)",2554,바닐라PC,127.050607886698,37.5842880916168
서울특별시 동대문구 장안동 374-11 진성빌딩 4층,"서울특별시 동대문구 한천로24길 74-1, 진성빌딩 4층 (장안동)",2625,아이센스리그PC방 장한평점,127.068801079207,37.5688010698052
서울특별시 동대문구 장안동 384-3,"서울특별시 동대문구 장한로23길 11-8, 1층 (장안동)",2624,장안PC,127.069479588181,37.5706578940268
서울특별시 동대문구 휘경동 34-48,"서울특별시 동대문구 망우로 120, 2층 (휘경동)",2501,오성PC,127.066514951441,37.5911188235532
서울특별시 동대문구 전농동 498-21 욱영58,"서울특별시 동대문구 서울시립대로 58, 욱영58 지1층 B101호 (전농동)",2551,오엑스피씨 시립대로점,127.048084799363,37.5762940881291
서울특별시 동대문구 답십리동 250-13,"서울특별시 동대문구 전농로 75, 3층 (답십리동)",2599,볼트PC,127.057066968632,37.5716000499341
서울특별시 동대문구 전농동 103-340 3층,"서울특별시 동대문구 전농로 222, 3층 (전농동)",2492,RED FORCE PC ARENA(시립대점),127.053599055745,37.5839388978562
서울특별시 동대문구 답십리동 12-18 영진빌딩 지하1층,"서울특별시 동대문구 한천로 55, 영진빌딩 지하1층 (답십리동)",2617,세븐PC방,127.061880899304,37.5669101962131
서울특별시 동대문구 휘경동 329,"서울특별시 동대문구 회기로28길 8, 지하1층 (휘경동)",2446,제노PC방,127.055945297168,37.589460624459
서울특별시 동대문구 장안동 367-1번지,"서울특별시 동대문구 장한로 126, 지하1층 (장안동)",2637,비원PC방,127.071605589345,37.5715487889832
서울특별시 동대문구 청량리동 705-1번지,"서울특별시 동대문구 홍릉로 23, 3층 (청량리동)",2573,엑스코어PC방,127.044175666746,37.5825251776862
서울특별시 동대문구 이문동 363-5번지 지상5층,"서울특별시 동대문구 휘경로3길 4, 5층 (이문동)",2420,해리PC방,127.062480944175,37.5957907777139
서울특별시 동대문구 휘경동 267-84,"서울특별시 동대문구 망우로 66, 3층 (휘경동)",2496,GGX PC방,127.060969116205,37.5895017444406
서울특별시 동대문구 전농동 648-104 지하1층,"서울특별시 동대문구 서울시립대로4길 5, 지하1층 (전농동)",2594,더체인지PC,127.047152135126,37.5749067526404
서울특별시 동대문구 장안동 94-42 소망빌딩,"서울특별시 동대문구 사가정로23가길 11, 소망빌딩 지1층 (장안동)",2516,제로백PC 장안점,127.070549201395,37.580639556591
서울특별시 동대문구 장안동 337-8번지,"서울특별시 동대문구 답십리로72길 40, 2층 (장안동)",2637,아이센스PC방,127.073570628102,37.570438636009
서울특별시 동대문구 휘경동 269-26,"서울특별시 동대문구 망우로 74, 지하1층 (휘경동)",2496,3POP,127.061365936668,37.5895997469635
서울특별시 동대문구 회기동 42-46,"서울특별시 동대문구 경희대로1길 8-11, 지하1층 (회기동)",2454,에이플 PC CAFE,127.051733055169,37.5921664231806
서울특별시 동대문구 이문동 329-1 민족통일MJ캠퍼스외대 지하1층,"서울특별시 동대문구 이문로 93, 지하1층 (이문동, 민족통일MJ캠퍼스외대)",2451,1% PC아레나,127.05923135853,37.5953818714405
서울특별시 동대문구 제기동 503-1,"서울특별시 동대문구 왕산로33길 74-1, 1층 (제기동)",2572,잭팟PC,127.041819093686,37.5826974951196
서울특별시 동대문구 회기동 42-94,"서울특별시 동대문구 경희대로1길 8-6, 1,2층 (회기동)",2454,GEEK STAR PC CAFE,127.051923309488,37.5918832479684
서울특별시 동대문구 장안동 367-3,"서울특별시 동대문구 장한로24길 7, 3층 2호 (장안동)",2637,동해 PC,127.071502974477,37.5708963505639
서울특별시 동대문구 장안동 428-3,"서울특별시 동대문구 천호대로83길 93, 지하1층 (장안동)",2629,스카이PC,127.066695140607,37.5661656046498
서울특별시 동대문구 회기동 45-70번지 3층,"서울특별시 동대문구 회기로 153  (회기동,3층)",,하이웨이네트,127.053483705277,37.5912417657061
서울특별시 동대문구 장안동 127-7번지 2층,"서울특별시 동대문구 한천로36길 16  (장안동,2층)",,넷플러스,127.06876311047,37.5756426165824
서울특별시 동대문구 이문동 287-22번지 3층,"서울특별시 동대문구 이문로 100  (이문동,3층)",,인터넷뱅크,127.059962082851,37.5956972999549
서울특별시 중랑구 면목동 71-23번지,서울특별시 중랑구 겸재로50길 52  (면목동),,애플인터넷,127.093245316201,37.5888481633964
서울특별시 중랑구 망우동 202-19번지 3층 A동,,,(주)엔스타트,,
서울특별시 중랑구 면목동 459-14번지,서울특별시 중랑구 면목로 336  (면목동),,인터월드,127.088907165024,37.5820122547194
서울특별시 중랑구 상봉동 113-2번지,서울특별시 중랑구 면목로 485  (상봉동),,인터피아,127.085606482423,37.595210898234
서울특별시 중랑구 상봉동 130-10번지,서울특별시 중랑구 망우로32길 20  (상봉동),,비트라인,127.076476348168,37.592995952764
서울특별시 중랑구 망우동 563-12번지 3층,"서울특별시 중랑구 용마산로115길 106  (망우동,3층)",,좋은친구들,127.094436879226,37.5981631078557
서울특별시 중랑구 면목동 14-56번지,서울특별시 중랑구 용마산로90길 19  (면목동),,레드존,127.097248574928,37.587631566731
서울특별시 중랑구 중화동 292-21번지,서울특별시 중랑구 동일로130길 22  (중화동),,게임나라,,
서울특별시 중랑구 중화동 312-45번지,서울특별시 중랑구 동일로129길 42  (중화동),,ACRO PC방,127.077503449289,37.599755419554
서울특별시 중랑구 면목동 51-1번지,서울특별시 중랑구 용마산로 408  (면목동),,클릭P.C,127.096233290507,37.5877899824019
서울특별시 중랑구 면목동 1110-13번지,서울특별시 중랑구 사가정로 415  (면목동),,스피드,127.090876084176,37.5806338572619
서울특별시 중랑구 면목동 611-3번지,서울특별시 중랑구 면목로 318  (면목동),,스페이스PC방,127.088455941098,37.5802323207696
서울특별시 중랑구 면목동 463-25번지,서울특별시 중랑구 면목로44길 37  (면목동),,넷플레어,127.090647821196,37.5810770512549
서울특별시 중랑구 면목동 102-17번지,서울특별시 중랑구 면목로74길 16  (면목동),,인터넷챔피언,127.088238962743,37.5890964512964
서울특별시 중랑구 면목동 340-18번지,서울특별시 중랑구 답십리로77길 110  (면목동),,파이날라운드,127.081372479368,37.5765119865545
서울특별시 중랑구 묵동 250-61번지,서울특별시 중랑구 동일로143길 22  (묵동),,피터팬PC방,127.077402354981,37.6053582035088
서울특별시 중랑구 중화동 303-14번지,서울특별시 중랑구 동일로 775  (중화동),,인터넷프라자,127.079466740593,37.599688702066
서울특별시 중랑구 면목동 51-3번지,서울특별시 중랑구 용마산로 394  (면목동),,미르인터넷게임방,127.095551256708,37.5866519523067
서울특별시 중랑구 묵동 177-19번지 2층,"서울특별시 중랑구 공릉로2길 14  (묵동,2층)",,blue-net,127.078717550641,37.6119476197328
서울특별시 중랑구 면목동 176-68번지,서울특별시 중랑구 겸재로13길 3  (면목동),,와우,,
서울특별시 중랑구 면목동 657-56번지,서울특별시 중랑구 사가정로42길 37  (면목동),,사이버존PC방,127.083349048484,37.5793613524266
서울특별시 중랑구 묵동 164-7번지,,,트윈스인터넷PC게임방,,
서울특별시 중랑구 망우동 149-16번지 창신빌딩,"서울특별시 중랑구 망우로 478  (망우동,창신빌딩)",,엘리테커PC월드,127.105263041953,37.600365610451
서울특별시 중랑구 묵동 245-4번지,서울특별시 중랑구 동일로 865  (묵동),,챔프인터넷프라자,127.078008121717,37.607525495606
서울특별시 중랑구 상봉동 103-18번지,서울특별시 중랑구 봉우재로33길 65  (상봉동),,사이버존,127.088876000881,37.5952225370413
서울특별시 중랑구 면목동 472-44번지,서울특별시 중랑구 사가정로 399  (면목동),,클릭PC존,127.089210569993,37.5807727094014
서울특별시 중랑구 면목동 43-42번지 2층,"서울특별시 중랑구 상봉로 36  (면목동,2층)",,리얼클릭PC방,127.094092094075,37.5890093997288
서울특별시 중랑구 면목동 634-5번지,서울특별시 중랑구 면목로 311  (면목동),,롤클럽,127.087812647104,37.5799175433987
서울특별시 중랑구 면목동 498-3번지,서울특별시 중랑구 면목로 345  (면목동),,홍당무PC방,127.088397264563,37.5827894740353
서울특별시 중랑구 면목동 647-2번지,,,두산PC방,,
서울특별시 중랑구 면목동 499-11번지,서울특별시 중랑구 면목로55길 13-4  (면목동),,세종대왕PC방,127.087439326662,37.5840236470555
서울특별시 중랑구 상봉동 106-17번지,서울특별시 중랑구 봉우재로33길 20  (상봉동),,클릭,127.087529441688,37.5933976841894
서울특별시 중랑구 면목동 62-3번지,서울특별시 중랑구 용마산로 363  (면목동),,엠파이어PC방,127.093739007241,37.5844520098638
서울특별시 중랑구 중화동 318-1번지,서울특별시 중랑구 중랑역로13길 2  (중화동),,스피드,127.07535510578,37.5968892270727
서울특별시 중랑구 묵동 303-10번지,서울특별시 중랑구 공릉로12길 14-13  (묵동),,엘프랜드 PC클럽,,
서울특별시 중랑구 면목동 91-61번지,서울특별시 중랑구 봉우재로 126  (면목동),,토마토인터넷,127.08717065734,37.5926587761808
서울특별시 중랑구 망우동 469-1번지,서울특별시 중랑구 용마산로115길 15  (망우동),,PC ＆ 인터넷천국,127.099478231888,37.5988417371883
서울특별시 중랑구 면목동 1084-9번지,서울특별시 중랑구 용마산로 320-1  (면목동),,킹인터멧PC방,,
서울특별시 중랑구 망우동 11-0번지,,,월드컵,,
서울특별시 중랑구 신내동 393-5번지,서울특별시 중랑구 봉화산로 236  (신내동),,21C PC방,127.098886474208,37.6078470886249
서울특별시 중랑구 묵동 176-1번지,서울특별시 중랑구 공릉로2길 8  (묵동),,인터넷피아21,,
서울특별시 중랑구 망우동 133-30번지,서울특별시 중랑구 망우로 490  (망우동),,싸이버넷트,127.106416819401,37.6003387173582
서울특별시 중랑구 망우동 410-1번지,서울특별시 중랑구 용마산로 494  (망우동),,PC방 컴맹이,127.100268095195,37.5949757275537
서울특별시 중랑구 중화동 311-43번지,서울특별시 중랑구 봉화산로 17-1  (중화동),,유넷,,
서울특별시 중랑구 중화동 331-1번지 지층,"서울특별시 중랑구 동일로139길 59  (중화동,지층)",,유 피씨,,
서울특별시 중랑구 상봉동 125번지 14통2반 지층,"서울특별시 중랑구 봉우재로25길 9  (상봉동,지층)",,헤커PC방,127.0837218502,37.5926066727534
서울특별시 중랑구 묵동 176-14번지 지층,"서울특별시 중랑구 공릉로 6  (묵동,지층)",,인터넷 토탈마켓 러쉬,127.077999134999,37.6113915559544
서울특별시 중랑구 묵동 249-106번지,서울특별시 중랑구 중랑역로 133  (묵동),,911 경비구역,127.07683547156,37.6053976768942
서울특별시 중랑구 묵동 157-22번지,서울특별시 중랑구 공릉로12가길 11  (묵동),,붐붐인터넷,127.080239345924,37.6167364293941
서울특별시 중랑구 중화동 312-37번지,서울특별시 중랑구 중랑역로 73-1  (중화동),,인터플러스중화점,127.077850189065,37.6000791875796
서울특별시 중랑구 면목동 186-60번지 B1,"서울특별시 중랑구 중랑천로10길 4  (면목동,B1)",,윈PC방,127.073376684853,37.5915095720344
서울특별시 중랑구 면목동 19-57번지,서울특별시 중랑구 용마산로90길 7  (면목동),,캐릭터PC,127.096507550114,37.5879049954081
서울특별시 중랑구 신내동 495-7번지,서울특별시 중랑구 신내로 9  (신내동),,네티즌PC방,127.096808256823,37.5999581223455
서울특별시 중랑구 상봉동 109-0번지,서울특별시 중랑구 면목로 463  (상봉동),,파워인터넷PC방,127.086145042788,37.5931669676714
서울특별시 중랑구 상봉동 87-8번지,서울특별시 중랑구 봉우재로33길 62  (상봉동),,가메조네,127.08899304315,37.5949026870373
서울특별시 중랑구 면목동 340-1번지 2층,"서울특별시 중랑구 면목로27나길 61  (면목동,2층)",,리버PC 면목점,127.082371859715,37.5776468163018
서울특별시 중랑구 면목동 606-5번지 2층,"서울특별시 중랑구 사가정로 363-1  (면목동,2층)",,K2 PC방,127.085023465814,37.5811961129344
서울특별시 중랑구 면목동 19-58번지 4층,"서울특별시 중랑구 용마산로90길 9  (면목동,4층)",,사이버 클럽,127.096648439327,37.5878487483093
서울특별시 중랑구 묵동 174-4번지 지층,"서울특별시 중랑구 공릉로2길 7  (묵동,지층)",,왓츠업(WHATS UP),127.07826300452,37.612235427568
서울특별시 중랑구 면목동 341-40번지 지층,"서울특별시 중랑구 면목로33길 38  (면목동,지층)",,카프리 인터넷PC방,127.083699948441,37.5766875848208
서울특별시 중랑구 망우동 466-1번지,,,밀레니엄PC방,,
서울특별시 중랑구 망우동 488-13번지,서울특별시 중랑구 망우로 417  (망우동),,인터파크,127.098539361648,37.5996961232742
서울특별시 중랑구 중화동 312-1번지,,,공룡코딱지,,
서울특별시 중랑구 면목동 578-29번지,,,인터클릭,,
서울특별시 중랑구 망우동 572번지 용마프라자 401호,"서울특별시 중랑구 봉우재로71길 18  (망우동,용마프라자 401호)",,용마 멀티프라자,127.098764864011,37.596385964949
서울특별시 중랑구 면목동 176-11번지 1층,"서울특별시 중랑구 겸재로9길 12  (면목동,1층)",,인터넷마을,127.078482757631,37.5869297872684
서울특별시 중랑구 망우동 573-1번지,,,HACKER,,
서울특별시 중랑구 묵동 300-1번지,서울특별시 중랑구 공릉로 56  (묵동),,인터피아,127.079115502481,37.6155448205089
서울특별시 중랑구 중화동 304-74번지,서울특별시 중랑구 봉화산로 38  (중화동),,사이버월드,127.078469463393,37.6014426067845
서울특별시 중랑구 중화동 304-37번지,서울특별시 중랑구 중랑역로 68  (중화동),,인터넷타임,127.078368464938,37.5995129323587
서울특별시 중랑구 망우동 465-8번지,서울특별시 중랑구 용마산로 517  (망우동),,용비어천가PC방,127.100019643408,37.597161652605
서울특별시 중랑구 중화동 301-2번지,서울특별시 중랑구 동일로 771  (중화동),,버츄얼시티 PC방,127.079614856607,37.5992614425624
서울특별시 중랑구 상봉동 126-42번지 2층,"서울특별시 중랑구 동일로114길 2  (상봉동,2층)",,매직스페이스 PC방,,
서울특별시 중랑구 상봉동 104-82번지,서울특별시 중랑구 봉우재로33길 41  (상봉동),,매직 스페이스,127.087820271803,37.5944067588229
서울특별시 중랑구 면목동 634-2번지,서울특별시 중랑구 면목로 319  (면목동),,컴앤넷,127.088210625453,37.5804345971945
서울특별시 중랑구 면목동 182-1번지,서울특별시 중랑구 동일로109길 55  (면목동),,인터넷시이버짱,127.077149931851,37.591328769646
서울특별시 중랑구 면목동 399-80번지,서울특별시 중랑구 답십리로77길 12  (면목동),,클릭정보센터면목점,127.081658405492,37.5721300725641
서울특별시 중랑구 상봉동 119-0번지,서울특별시 중랑구 동일로118길 44  (상봉동),,스피드게임,127.082848657805,37.5948844549129
서울특별시 중랑구 면목동 5-33번지 지층,"서울특별시 중랑구 용마산로94길 24  (면목동,지층)",,아이넷피시방,127.098099731803,37.5888040444738
서울특별시 중랑구 묵동 174-8번지,서울특별시 중랑구 공릉로 22  (묵동),,드림인터넷PC방,127.078065374442,37.6126759617469
서울특별시 중랑구 면목동 459-15번지 3층,"서울특별시 중랑구 면목로 338  (면목동,3층)",,씨앤아이,127.088823247194,37.5821804432414
서울특별시 중랑구 상봉동 130-146번지 3층,"서울특별시 중랑구 망우로 206  (상봉동,3층)",,야우리PC,127.075795873069,37.5935918570841
서울특별시 중랑구 면목동 405-4번지 지층,"서울특별시 중랑구 면목로56길 55  (면목동,지층)",,스페이스,127.091518604391,37.5840003726009
서울특별시 중랑구 상봉동 112-72번지 2층,"서울특별시 중랑구 망우로42길 29  (상봉동,2층)",,월드컵PC방,127.083354374527,37.5942915168016
서울특별시 중랑구 묵동 238-90번지 2층,"서울특별시 중랑구 동일로 929  (묵동,2층)",,와! PC방,127.076760276991,37.6133347197629
서울특별시 중랑구 중화동 303-16번지,서울특별시 중랑구 동일로 777  (중화동),,싸이버-X,,
서울특별시 중랑구 면목동 379-1번지,서울특별시 중랑구 면목로 245  (면목동),,클릭 클릭,127.085068076458,37.5749314700134
서울특별시 중구 을지로6가 18-95,"서울특별시 중구 장충단로13길 7, 3층 (을지로6가)",4564,긱스타PC카페,127.008181175525,37.5677456759075
서울특별시 중구 신당동 48-1,"서울특별시 중구 다산로36길 53, 지하1층 (신당동)",4585,제로백 신당점 주식회사,127.017847531193,37.5615295383478
서울특별시 중랑구 중화동 312-34번지,서울특별시 중랑구 중랑역로 73  (중화동),,T-ONE ZONE,127.07786682288,37.5999584438647
서울특별시 중구 황학동 1206,"서울특별시 중구 마장로 99, 2층 (황학동)",4574,메가PC,127.020843801082,37.5683927461518
서울특별시 중구 초동 45-1,"서울특별시 중구 마른내로2길 15-9, 1층 (초동)",4555,판도라PC,126.992617007276,37.5636335824284
서울특별시 중구 황학동 1101-1,"서울특별시 중구 난계로 185, 2층 (황학동)",4574,3POP 플러스 PC CAFE,127.023246616858,37.5682512916508
서울특별시 중구 신당동 381-8번지 지층,"서울특별시 중구 동호로 196 (신당동,지층)",,THE REDS PC방,127.010372365931,37.5556464697381
서울특별시 중구 신당동 340-77 지상 3층,"서울특별시 중구 다산로 156 (신당동,지상 3층)",,W 피씨방,127.012459378311,37.557547102304
서울특별시 중구 남창동 168-13,서울특별시 중구 퇴계로 42-2 (남창동),4634,남문PC,126.977653922122,37.5577156632633
서울특별시 중구 중림동 200 중림동 삼성 사이버 빌리지,"서울특별시 중구 중림로 10, 3층 302호 (중림동, 중림동 삼성 사이버 빌리지)",4502,3POP PC방,126.964320892997,37.5589266608979
서울특별시 중구 신당동 140-34 삼원상가,"서울특별시 중구 다산로44길 53, 삼원상가 지하1층 (신당동)",4578,탑클래스 PC방,127.019933228916,37.5652386068881
서울특별시 중구 남대문로4가 20-1,서울특별시 중구 남대문로 8-4 (남대문로4가),4528,남문 피씨,126.976849394699,37.5604922911168
서울특별시 중구 신당동 368-99 담스빌딩,"서울특별시 중구 다산로 112, 담스빌딩 지하1층 (신당동)",4597,콤마PC카페약수점,127.010377766718,37.5537867198009
서울특별시 중구 신당동 111-9번지,"서울특별시 중구 다산로44길 16, 1층 (신당동)",4577,둥이PC방,127.017855686798,37.564876288419
서울특별시 중구 충무로5가 90,"서울특별시 중구 서애로1길 11, 지하층 B201호 (충무로5가)",4619,E-SPOrtS Arena,126.998598237823,37.561326262637
서울특별시 중구 신당동 111-1 신당밧데리,"서울특별시 중구 다산로42길 17, 신당밧데리 (신당동)",4577,놀이터 PC,127.017248085681,37.5648330408316
서울특별시 중구 충무로4가 125-11번지 행복빌딩,"서울특별시 중구 퇴계로 216, 행복빌딩 지하층 (충무로4가)",4625,GEEK STAR PC CAFE (긱스타 피시 카페),126.995801162333,37.5613712461329
서울특별시 중구 신당동 369-26번지 우봉빌딩,"서울특별시 중구 다산로 132, 우봉빌딩 3층 (신당동)",4590,1프로 pc 아레나,127.01138242008,37.5555099656473
서울특별시 중구 신당동 372-434 2층,"서울특별시 중구 동호로7길 45 (신당동,2층)",,PC토랑,127.010889689197,37.5518020452993
서울특별시 중구 신당동 52-228 지상 2층,"서울특별시 중구 퇴계로86길 70 (신당동,지상 2층)",,HARU PC,127.018696899098,37.5626194326071
서울특별시 중구 신당동 292-43,"서울특별시 중구 다산로 222, 3층 (신당동)",4586,긱스타PC,127.015591399432,37.5628525208577
서울특별시 중구 신당동 100-9 지상 2층,"서울특별시 중구 다산로42길 3 (신당동,지상 2층)",,액션pc방,127.016545009327,37.5650353249966
서울특별시 중랑구 면목동 175-8번지 지하,"서울특별시 중랑구 겸재로 96  (면목동,지하)",,에니넷,127.07847879107,37.5861712441786
서울특별시 중랑구 면목동 89-33번지,서울특별시 중랑구 상봉로 83  (면목동),,디지탈필,127.093032388887,37.5933429294234
서울특별시 중랑구 면목동 389-4번지,서울특별시 중랑구 면목로21길 36  (면목동),,컴마을인터넷PC방,127.081873103029,37.5726104243987
서울특별시 중랑구 신내동 783-0번지 성원아파트상가 206호,"서울특별시 중랑구 신내로 51,  206호 (신내동,성원아파트상가)",,클릭,127.09472455776,37.6059761741832
서울특별시 중랑구 묵동 235-17번지,서울특별시 중랑구 중랑역로 231  (묵동),,인터넷클릭I,127.075187440085,37.6141406754902
서울특별시 중랑구 묵동 239-91번지,서울특별시 중랑구 동일로157길 14  (묵동),,0828PC방,127.077055231762,37.6099541976253
서울특별시 중랑구 망우동 357-36번지,서울특별시 중랑구 용마산로 558  (망우동),,프로게이머,127.100710207035,37.6007255645145
서울특별시 중랑구 상봉동 136-6번지,서울특별시 중랑구 망우로 188  (상봉동),,HI-SPEED,127.073638159759,37.5930355992376
서울특별시 중랑구 면목동 19-44번지 2층,"서울특별시 중랑구 용마산로 414  (면목동,2층)",,사이버리아피씨방,127.09650367473,37.5884111760563
서울특별시 중랑구 면목동 89-19번지,서울특별시 중랑구 봉우재로 178  (면목동),,LOGIN PC방,127.092675019508,37.5938800212972
서울특별시 중랑구 면목동 167-47번지 동보빌딩2층,"서울특별시 중랑구 사가정로 325  (면목동,동보빌딩2층)",,사이버리아(면목점),,
서울특별시 중랑구 면목동 611-2번지,,,넷크럽(면목점),,
서울특별시 중랑구 신내동 397-0번지 동성1차상가 203호,,,피터팬PC,,
서울특별시 중랑구 면목동 184-48번지,서울특별시 중랑구 동일로109길 46  (면목동),,엔월드넷,127.077585187434,37.591664193937
서울특별시 중랑구 망우동 523-5번지,서울특별시 중랑구 상봉로 52  (망우동),,리버,127.093804844085,37.5905427564839
서울특별시 중랑구 상봉동 101-8번지,서울특별시 중랑구 망우로 306  (상봉동),,인터넷짱,127.086437373346,37.5963712198374
서울특별시 중랑구 상봉동 85-65번지,서울특별시 중랑구 봉우재로 167  (상봉동),,라이프인터넷PC방,127.091560641016,37.594009912996
서울특별시 중랑구 상봉동 130-135번지,서울특별시 중랑구 망우로 210  (상봉동),,인터넷챔피언,127.07599534973,37.5936673220132
서울특별시 중랑구 상봉동 99-3번지,서울특별시 중랑구 망우로 323  (상봉동),,인터넷월드,,
서울특별시 중랑구 묵동 239-136번지,서울특별시 중랑구 동일로163길 23  (묵동),,인터넷사랑,127.076014457189,37.6117807267215
서울특별시 중랑구 면목동 126-7번지,서울특별시 중랑구 면목로 419  (면목동),,주기네PC게임방,127.086982040873,37.5893716462554
서울특별시 중랑구 면목동 89-1번지,서울특별시 중랑구 봉우재로 180  (면목동),,스피드PC프라자,127.092855541014,37.593904566584
서울특별시 중랑구 면목동 502-7번지,서울특별시 중랑구 면목로 365  (면목동),,편안한인터넷PC방,127.088187445515,37.5847776721023
서울특별시 중랑구 면목동 106-11번지,서울특별시 중랑구 겸재로54길 26  (면목동),,P AND I,127.091705045221,37.588039287941
서울특별시 중랑구 면목동 167-10번지,서울특별시 중랑구 사가정로 331  (면목동),,BUSINESS NETWORK CLUB,,
서울특별시 중랑구 중화동 208-1번지,서울특별시 중랑구 중랑역로 5  (중화동),,E.U.NET,127.076707183121,37.5946103798631
서울특별시 중랑구 상봉동 129-86번지,서울특별시 중랑구 망우로 216  (상봉동),,@CLICK,127.076779236368,37.5938752140491
서울특별시 중랑구 중화동 286-25번지,서울특별시 중랑구 동일로 802  (중화동),,인터넷게이트,127.079714349109,37.6020848093367
서울특별시 중랑구 묵동 239-51번지,서울특별시 중랑구 동일로 905  (묵동),,싸이버월드,127.0772952912,37.6111164065523
서울특별시 중랑구 면목동 17-18번지,서울특별시 중랑구 용마산로 438  (면목동),,인터넷프라자,127.097568272006,37.5902883288454
서울특별시 중랑구 묵동 156-22번지,서울특별시 중랑구 공릉로12가길 29  (묵동),,화랑인터넷,127.081018296555,37.6172761295706
서울특별시 중랑구 면목동 53-2번지,서울특별시 중랑구 용마산로86길 21-54  (면목동),,인터넷매니아,127.097332072062,37.5873240793004
서울특별시 중랑구 면목동 1502-2번지,서울특별시 중랑구 용마산로 248  (면목동),,인터텟스쿨,127.08848531425,37.5752055633554
서울특별시 중랑구 면목동 371-125번지,서울특별시 중랑구 면목로 258  (면목동),,짱게임방,127.085947592589,37.5757573150628
서울특별시 중랑구 망우동 487-2번지,서울특별시 중랑구 망우로 431  (망우동),,인터넷래리,127.100046488756,37.6000432683678
서울특별시 중랑구 면목동 605-38번지 2층,"서울특별시 중랑구 사가정로 373  (면목동,2층)",,구문룡PC클럽,127.086238234068,37.5810982848332
서울특별시 중랑구 상봉동 486-1번지 우암빌딩 3층,"서울특별시 중랑구 봉화산로 121  (상봉동,우암빌딩 3층)",,인터플러스 상봉점 (주)다울정보통신,127.087584308356,37.6033051186179
서울특별시 중랑구 망우동 356-33번지,서울특별시 중랑구 용마산로118길 23  (망우동),,@ 골뱅이 PC방,127.101910695133,37.600982757854
서울특별시 중랑구 면목동 180-36번지,서울특별시 중랑구 봉우재로 42  (면목동),,UNI,127.077966882498,37.5904731013265
서울특별시 중랑구 면목동 156-1번지,서울특별시 중랑구 사가정로39길 79  (면목동),,아지트PC방,127.0829668378,37.584652524849
서울특별시 중랑구 망우동 458-1번지,서울특별시 중랑구 용마산로 497  (망우동),,사이버리아(용마점),127.099713778759,37.5953699303131
서울특별시 중랑구 면목동 161-2번지,서울특별시 중랑구 동일로 606  (면목동),,은성PC방,127.080134858252,37.5843764349464
서울특별시 중랑구 상봉동 201번지,서울특별시 중랑구 상봉중앙로1길 20  (상봉동),,컴매니아,127.087534462118,37.5991335701855
서울특별시 중랑구 망우동 135-5번지,서울특별시 중랑구 망우로 499  (망우동),,매직스페이스,127.107766676499,37.6007459114528
서울특별시 중랑구 면목동 536-7번지,서울특별시 중랑구 사가정로 412  (면목동),,에피소드PC방,,
서울특별시 중랑구 중화동 284-10번지,서울특별시 중랑구 동일로 822  (중화동),,밀레니엄인터넷PC방,127.079334580117,37.6039458801724
서울특별시 중랑구 신내동 464-0번지,서울특별시 중랑구 신내로12길 41  (신내동),,워프게이트,127.09736065713,37.6048336463146
서울특별시 중랑구 면목동 14-13번지,서울특별시 중랑구 용마산로94가길 31  (면목동),,815PC방,127.096857006921,37.5877706415117
서울특별시 중랑구 신내동 571-14번지,서울특별시 중랑구 신내로 62  (신내동),,인터넷스페이스,127.095755033732,37.6047516184082
서울특별시 중랑구 신내동 563-2번지,서울특별시 중랑구 신내로 66  (신내동),,인터넷마을,127.095644197753,37.6050433586666
서울특별시 중랑구 상봉동 74-5번지,서울특별시 중랑구 망우로 381  (상봉동),,홍당무,127.09465851513,37.5988118238417
서울특별시 중랑구 중화동 305-20번지,서울특별시 중랑구 동일로 805-1  (중화동),,넷티,127.079005080165,37.6023851358191
서울특별시 중랑구 신내동 454-4번지 디딤B/D 2층,"서울특별시 중랑구 신내로14길 26  (신내동,디딤B/D 2층)",,테라뷰,127.097037404944,37.6054986627446
서울특별시 중랑구 면목동 185-116번지,서울특별시 중랑구 동일로109길 62  (면목동),,조이 인터넷  P.C방,127.0767891677,37.5914186535974
서울특별시 중랑구 면목동 19-33번지,서울특별시 중랑구 용마산로94길 4  (면목동),,밤새지마란말이야,127.097053799953,37.5891756673925
서울특별시 중랑구 중화동 207-24번지 6통2반,서울특별시 중랑구 망우로 221  (중화동),,겜돌이 PC방,127.077348305966,37.5945007612958
서울특별시 중랑구 중화동 307-60번지,서울특별시 중랑구 중랑역로 118  (중화동),,아지트PC방,127.077498879286,37.6039740394776
서울특별시 중랑구 망우동 470-27번지,서울특별시 중랑구 망우로62길 7  (망우동),,월드넷PC방,127.097577900025,37.5987029492424
서울특별시 중랑구 묵동 162-4번지,서울특별시 중랑구 중랑역로 274  (묵동),,PC야놀자,127.078583653922,37.616229386298
서울특별시 중랑구 신내동 613-10번지,서울특별시 중랑구 봉화산로 215  (신내동),,사이버시티,127.09654291583,37.6076555866366
서울특별시 중랑구 면목동 74-18번지,서울특별시 중랑구 상봉로11길 31  (면목동),,스페이스PC게임방,127.091776218164,37.5898476141115
서울특별시 중랑구 중화동 302-56번지,서울특별시 중랑구 동일로123길 46  (중화동),,인터넷셀라,127.077635275229,37.5980252504099
서울특별시 중랑구 묵동 239-1번지 3층,"서울특별시 중랑구 동일로 911  (묵동,3층)",,울트라PC매니아,127.077201658653,37.6118042827404
서울특별시 중랑구 망우동 572-0번지,서울특별시 중랑구 봉우재로71길 18  (망우동),,네이버죤,127.098764864011,37.596385964949
서울특별시 중랑구 면목동 14-45번지,서울특별시 중랑구 용마산로94길 14  (면목동),,골뱅이PC게임방,127.097514524739,37.5890134694756
서울특별시 중랑구 중화동 320-53번지 2층,"서울특별시 중랑구 중랑역로 13-1  (중화동,2층)",,인터넷SPACE PC방,127.076186411508,37.5953733162723
서울특별시 중랑구 망우동 470-1번지 2층 1호,"서울특별시 중랑구 망우로 426  (망우동,2층 1호)",,로그인,127.099528290541,37.5993570616173
서울특별시 중랑구 묵동 244-157번지 19통1반,서울특별시 중랑구 동일로 873  (묵동),,사이버 스토피아,127.077865835158,37.6083544998172
서울특별시 중랑구 묵동 294-6번지 3층,"서울특별시 중랑구 공릉로 52  (묵동,3층)",,사이버리아 PC방,127.078879519243,37.615279637443
서울특별시 중랑구 면목동 87-3번지 3층,"서울특별시 중랑구 상봉로 63  (면목동,3층)",,45,127.093208717902,37.5916410873439
서울특별시 중랑구 면목동 151-7,"서울특별시 중랑구 동일로 616, 1층 (면목동)",2215,VIP PC,127.08004606712,37.5854067805866
서울특별시 중랑구 상봉동 130-22,"서울특별시 중랑구 망우로32길 28, 2층 (상봉동)",2120,라이또PC방 중랑역점,127.076493371734,37.5927022184336
서울특별시 중랑구 묵동 239-154,"서울특별시 중랑구 동일로163길 9, 2층 (묵동)",2006,땁PC,127.076791609002,37.611862664055
서울특별시 중랑구 면목동 409-22,"서울특별시 중랑구 면목로56길 23, 1층 (면목동)",2209,공간PC,127.089850840628,37.5841186928383
서울특별시 중랑구 묵동 305-4,"서울특별시 중랑구 공릉로 62, 1층 (묵동)",2031,럭키PC,127.07949738317,37.6160328994659
서울특별시 중랑구 상봉동 115-61번지 주함해븐타워,"서울특별시 중랑구 면목로 491, 주함해븐타워 비101호 (상봉동)",2137,STONE PC(스톤PC),127.085343449345,37.5958131310758
서울특별시 중랑구 묵동 240-17,"서울특별시 중랑구 중랑역로 197-1, 1층 (묵동)",2007,복돼지PC,127.075774678252,37.6111007244251
서울특별시 중랑구 묵동 55-3,"서울특별시 중랑구 공릉로12가길 6, 201~204호 (묵동)",2031,테라PC 묵동점,,
서울특별시 중랑구 면목동 398-25 미소리움,"서울특별시 중랑구 답십리로 385, 101호 (면목동, 미소리움)",2246,돈따라PC,127.08316062081,37.5715824804223
서울특별시 중랑구 망우동 410-1 상아빌딩,"서울특별시 중랑구 용마산로 494, 상아빌딩 2층 203호 (망우동)",2182,크라우드PC방 망우점,127.100268095195,37.5949757275537
서울특별시 중랑구 중화동 207-24 만승빌딩,"서울특별시 중랑구 망우로 221, 만승빌딩 3층 (중화동)",2117,텐PC방,127.077348305966,37.5945007612958
서울특별시 중랑구 면목동 147-25,"서울특별시 중랑구 겸재로 125, 1층 (면목동)",2147,888PC,127.081673673389,37.5872488263764
서울특별시 중랑구 망우동 506-16,"서울특별시 중랑구 상봉로 108, 2층 (망우동)",2169,로얄PC,127.093292722403,37.5954420338517
서울특별시 중랑구 면목동 90-21 슈퍼,"서울특별시 중랑구 봉우재로 156-1, 1층 (면목동)",2156,오라PC,127.090321324067,37.5933573787324
서울특별시 중랑구 상봉동 90-61,"서울특별시 중랑구 망우로48길 19, 1층 (상봉동)",2149,스카이pc,127.088178731247,37.5961052205241
서울특별시 중랑구 중화동 308-12,"서울특별시 중랑구 중랑역로 119, 1층 (중화동)",2015,놀이터PC,127.077090818215,37.6041617126479
서울특별시 중랑구 묵동 171-18번지 정윤빌,"서울특별시 중랑구 숙선옹주로 18-6, 101호 (묵동, 정윤빌)",2034,신게임PC방,127.078568529907,37.6146655510711
서울특별시 중랑구 면목동 51-19번지,"서울특별시 중랑구 용마산로90길 10, 2층 (면목동)",2192,아레나피씨(ARENA PC),127.096540216084,37.5876868384443
서울특별시 중랑구 상봉동 136-50,"서울특별시 중랑구 망우로30길 8, 202호 (상봉동)",2119,동부PC,127.07437556869,37.5928619662699
서울특별시 중랑구 망우동 490-8 해븐타워,"서울특별시 중랑구 망우로 400, 지하1층 (망우동, 해븐타워)",2163,퍼니홀릭피시카페,127.096589961709,37.5987572807336
서울특별시 중랑구 면목동 149-4,서울특별시 중랑구 겸재로 130 (면목동),2216,여우피씨,127.082103633158,37.5869922858088
서울특별시 중랑구 묵동 250-41 유림빌딩,"서울특별시 중랑구 동일로 843, 유림빌딩 지하1층 (묵동)",2013,레드포스PC아레나 중화점,127.0783680035,37.6056583166235
서울특별시 중랑구 망우동 465-3번지 2층,,,드림컴,,
서울특별시 중랑구 망우동 466-11 LG텔레콤,"서울특별시 중랑구 용마산로 521, LG텔레콤 1층 (망우동)",2165,에이스pc,127.10005522503,37.5975188653309
서울특별시 중랑구 묵동 240-11,"서울특별시 중랑구 중랑역로 199, 1층 (묵동)",2007,올나잇PC,127.075749550488,37.6112275997961
서울특별시 중랑구 면목동 184-88번지 삼보볼링센타,"서울특별시 중랑구 중랑천로10길 76, 삼보볼링센타 4층 (면목동)",2124,욜로PC방 면목점,127.077343706007,37.5922443208716
서울특별시 중랑구 상봉동 136-50,"서울특별시 중랑구 망우로30길 8, 208호 (상봉동)",2119,킹PC,127.07437556869,37.5928619662699
서울특별시 중랑구 묵동 238-122 맹호운수,"서울특별시 중랑구 동일로163길 22, 3층 (묵동)",2005,몰라PC,127.076040317185,37.612039564144
서울특별시 중랑구 망우동 522-37 엘리트학생복,"서울특별시 중랑구 상봉로 72, 엘리트학생복 1층 (망우동)",2174,바닐라탑PC,127.093614178344,37.5921759555658
서울특별시 중랑구 망우동 490-11,"서울특별시 중랑구 용마산로115길 84, 2층 (망우동)",2163,메이드PC방,127.095691142785,37.59828246998
서울특별시 중랑구 중화동 302-81 양지대중사우나,"서울특별시 중랑구 중랑역로 62, 양지대중사우나 지층 (중화동)",2103,레벨업피시(Level up PC),127.078105801132,37.59891376744
서울특별시 중랑구 면목동 617-1,"서울특별시 중랑구 면목로 316, 지하1층 (면목동)",2249,초코게임장,127.088332466633,37.5800732977612
서울특별시 중랑구 망우동 469-36 바울선교회,"서울특별시 중랑구 용마산로115길 33, 바울선교회 1층 (망우동)",2166,우림pc,127.098424999288,37.5986724230706
서울특별시 중랑구 묵동 238-1 묵동제일정형외과,"서울특별시 중랑구 동일로 933, 묵동제일정형외과 3층 (묵동)",2005,제로백PC 묵동점,127.076566670532,37.6137342537603
서울특별시 중랑구 면목동 115-12,"서울특별시 중랑구 면목로 399, 1층 (면목동)",2219,율PC,127.087706291973,37.587594623771
서울특별시 중랑구 망우동 508-6 더하이어,"서울특별시 중랑구 망우로58길 31, 201호 (망우동, 더하이어)",2169,NEX PC방,127.094112135913,37.5968329640884
서울특별시 중랑구 망우동 491-38번지 3층,"서울특별시 중랑구 용마산로115길 65 (망우동, 3층)",2167,로웰 PC Cafe,127.09671689534,37.5982268536431
서울특별시 중랑구 중화동 315-10 2층,"서울특별시 중랑구 중랑역로 51 (중화동, 2층)",2104,뉴본PC CAFE,127.076920088772,37.5983780061165
서울특별시 중랑구 중화동 301-49 지상1층,"서울특별시 중랑구 동일로123길 10 (중화동, 지상1층)",2103,NY시스템,127.079444403244,37.5977443789555
서울특별시 중랑구 묵동 174-4 지하1층,"서울특별시 중랑구 공릉로2길 7 (묵동, 지하1층)",2034,레벨업 PC방,127.07826300452,37.612235427568
서울특별시 중랑구 중화동 302-48 지상1층,"서울특별시 중랑구 동일로123길 32 (중화동, 지상1층)",2103,행운PC방,127.078335630037,37.5977892686245
서울특별시 중랑구 중화동 307-62 지상1층,"서울특별시 중랑구 중랑역로 120 (중화동, 지상1층)",2014,명품PC,127.07748346429,37.6040702753309
서울특별시 중랑구 중화동 315-10번지 3층,"서울특별시 중랑구 중랑역로 51  (중화동,3층)",,서바이벌 PC방,127.076920088772,37.5983780061165
서울특별시 중랑구 면목동 72-1번지 2층,"서울특별시 중랑구 상봉로 39  (면목동,2층)",,주니어 인터넷세상,127.093436153362,37.5894355494869
서울특별시 중랑구 묵동 181-68번지,서울특별시 중랑구 동일로 856  (묵동),,CMC PC방,127.078758941388,37.6068408755957
서울특별시 중랑구 묵동 240-45번지,서울특별시 중랑구 중랑역로 183  (묵동),,인터-죤,127.075964806201,37.6099561659489
서울특별시 중랑구 중화동 308-1번지 지층,"서울특별시 중랑구 동일로143길 29  (중화동,지층)",,스피드인터넷,127.076861160036,37.6050489771069
서울특별시 중랑구 면목동 166-51번지 2층,"서울특별시 중랑구 사가정로 345  (면목동,2층)",,이모티콘인터넷PC플라자,,
서울특별시 중랑구 상봉동 136-1번지 2층,"서울특별시 중랑구 망우로 192  (상봉동,2층)",,컴 메니아,127.074144907488,37.5931925050475
서울특별시 중랑구 묵동 240-3번지 2층,"서울특별시 중랑구 중랑역로 203  (묵동,2층)",,프로게이머 묵동점,127.075674201707,37.611531011094
서울특별시 중랑구 신내동 492-24번지 2층,"서울특별시 중랑구 용마산로 557  (신내동,2층)",,PC 스카이,127.100246556563,37.6006970374489
서울특별시 중랑구 중화동 286-24번지 2층,"서울특별시 중랑구 봉화산로 49  (중화동,2층)",,인터넷PC프라자,,
서울특별시 중랑구 신내동 613-71 부영빌딩3층,"서울특별시 중랑구 봉화산로 217 (신내동, 부영빌딩3층)",2054,옵티멈존PC카페 신내점,127.096812829256,37.6077684396848
서울특별시 중랑구 중화동 316-72,서울특별시 중랑구 동일로123길 69 (중화동),2106,놀토PC방,127.076301554972,37.5984633710455
서울특별시 중랑구 상봉동 88-100,"서울특별시 중랑구 상봉로25길 48, 1층 (상봉동)",2151,황금PC,127.090348640141,37.5947849787724
서울특별시 중랑구 면목동 51-1번지 3층,"서울특별시 중랑구 용마산로 408 (면목동, 3층)",2192,뮤토(MUTO)PC,127.096233290507,37.5877899824019
서울특별시 중랑구 상봉동 111-28 지상1층,"서울특별시 중랑구 면목로91길 25 (상봉동, 지상1층)",2138,바닐라PC,,
서울특별시 중랑구 면목동 50-47번지 2층,"서울특별시 중랑구 용마산로 405 (면목동, 2층)",2201,아레나피씨(ARENA PC),127.095721998394,37.5878937419635
서울특별시 중랑구 면목동 497-7 2층,"서울특별시 중랑구 면목로 341 (면목동, 2층)",2228,오즈PC카페,127.088154488573,37.5821763494967
서울특별시 중랑구 신내동 644 엘리어트하우스 지하1동 102호,"서울특별시 중랑구 신내로 193, 지하1층 102호 (신내동, 엘리어트하우스)",2024,BS PC,127.094437021597,37.6154746292954
서울특별시 중랑구 면목동 147-17번지,서울특별시 중랑구 겸재로 117  (면목동),,인터넷KJ,127.080792351502,37.5870337352761
서울특별시 중랑구 신내동 495-8번지,서울특별시 중랑구 신내로 7  (신내동),,인터넷캠프,127.096842106377,37.5998634905724
서울특별시 중랑구 면목동 184-16번지,서울특별시 중랑구 동일로109길 34  (면목동),,레트죤PC방,127.078082869638,37.5918151422894
서울특별시 중랑구 중화동 298-13번지,서울특별시 중랑구 중랑역로 18  (중화동),,짱인터넷플라자,127.076479617545,37.5957480291273
서울특별시 중랑구 면목동 70-67번지,서울특별시 중랑구 겸재로54길 21  (면목동),,컴토피아인터넷PC게임방,127.091923281587,37.5881771502157
서울특별시 중랑구 면목동 52-1번지,서울특별시 중랑구 용마산로90길 20  (면목동),,블루넷,127.097040551307,37.5875175821972
서울특별시 중랑구 면목동 50-48번지,서울특별시 중랑구 용마산로 405  (면목동),,넷박스,127.095721998394,37.5878937419635
서울특별시 중랑구 망우동 135-10번지,서울특별시 중랑구 양원역로 1  (망우동),,스피드PC프라자,127.108133717439,37.6008407203137
서울특별시 중랑구 면목동 612-64번지,서울특별시 중랑구 사가정로 402  (면목동),,사가정PC방,,
서울특별시 중랑구 묵동 245-75번지,서울특별시 중랑구 중랑역로 162  (묵동),,붉은악마,127.076750608038,37.6077835526031
서울특별시 중랑구 중화동 307-16번지,,,C월드PC방,,
서울특별시 중랑구 중화동 308-69번지,서울특별시 중랑구 동일로139길 42  (중화동),,한양인터넷PC방,127.076676071405,37.6033543353564
서울특별시 중랑구 중화동 316-68번지,서울특별시 중랑구 동일로123길 73  (중화동),,넷헌터,127.076145719561,37.5985555529521
서울특별시 중랑구 상봉동 205-36번지,서울특별시 중랑구 상봉중앙로5길 3  (상봉동),,데스나이트PC게임방,127.08723955189,37.6002676852152
서울특별시 중랑구 면목동 637-5번지,서울특별시 중랑구 사가정로50길 6  (면목동),,매니아클럽,127.086325455785,37.5805518586235
서울특별시 중랑구 망우동 506-16번지,서울특별시 중랑구 상봉로 108  (망우동),,PC마스터,127.093292722403,37.5954420338517
서울특별시 중랑구 중화동 307-63번지,서울특별시 중랑구 중랑역로 122  (중화동),,사이버리아PC방,127.077488019983,37.6042043396493
서울특별시 중랑구 면목동 172-58번지,서울특별시 중랑구 동일로95길 9  (면목동),,PC매니아,127.079054147757,37.584754409419
서울특별시 중랑구 묵동 250-46번지,서울특별시 중랑구 동일로143길 12  (묵동),,블루엔터블런스,127.077906364604,37.6054080570099
서울특별시 중랑구 면목동 147-25번지,서울특별시 중랑구 겸재로 125  (면목동),,Hunter PC방,127.081673673389,37.5872488263764
서울특별시 중랑구 면목동 600-53번지 2층,"서울특별시 중랑구 면목로43길 26  (면목동,2층)",,자랴2,127.086476433416,37.5814906734103
서울특별시 중랑구 면목동 637-4번지,,,좋은 인터넷,,
서울특별시 중구 신당동 236-4번지,서울특별시 중구 다산로29길 51  (신당동),,바이러스피시방,127.011408629616,37.5618844278084
서울특별시 중랑구 면목동 665-3번지,서울특별시 중랑구 면목로35길 15  (면목동),,인터파크 PC방,127.085054590452,37.5782028093159
서울특별시 중랑구 상봉동 130-166 지하1층,"서울특별시 중랑구 망우로 202 (상봉동,지하1층)",,제로백PC 중랑역점,127.075473622773,37.5934850257791
서울특별시 중랑구 상봉동 115-20,"서울특별시 중랑구 망우로 274, 2,3층 (상봉동)",2137,피씨데이(PC DAY),,
서울특별시 중랑구 면목동 646-3번지,서울특별시 중랑구 면목로27길 92  (면목동),,대박피시방,127.080518532414,37.5742668436457
서울특별시 중랑구 상봉동 87번지 3층,"서울특별시 중랑구 봉우재로33길 66  (상봉동,3층)",,맥스플라이,127.089095987358,37.5950105481337
서울특별시 중랑구 신내동 409-4번지 2층,,,컴인PC방,,
서울특별시 중랑구 면목동 150-1번지 2층,"서울특별시 중랑구 겸재로 126  (면목동,2층)",,노다지인터넷,127.0817995162,37.5868841075423
서울특별시 중랑구 망우동 357-15번지 지층,"서울특별시 중랑구 용마산로118길 7  (망우동,지층)",,컴인터넷PC,127.101003129452,37.6007839686705
서울특별시 중랑구 면목동 44-24번지 2층,"서울특별시 중랑구 상봉로 14  (면목동,2층)",,블리쟈드,127.094664552908,37.5872195712417
서울특별시 중랑구 망우동 340-18번지,,,윈드포스,,
서울특별시 중랑구 중화동 324-1번지,서울특별시 중랑구 중랑천로 117  (중화동),,넷매니아PC방,127.072029243323,37.5957084823575
서울특별시 중랑구 면목동 147-6번지 2층,"서울특별시 중랑구 겸재로 115  (면목동,2층)",,아이잼,127.080590112573,37.5870096368265
서울특별시 중랑구 중화동 318-9 1층,"서울특별시 중랑구 중랑역로13길 10-1 (중화동,1층)",,타짱PC클럽,127.074975173293,37.5967509866956
서울특별시 중랑구 상봉동 130-157번지,"서울특별시 중랑구 중랑천로10길 57, 2층 (상봉동)",2120,대박PC방,127.076178070389,37.5924115822098
서울특별시 중랑구 중화동 307-1번지 1층 17회외22,서울특별시 중랑구 동일로143길 19 (중화동),2014,엔탑PC존,127.077618295975,37.605007486547
서울특별시 중랑구 신내동 494-5 지하1층,"서울특별시 중랑구 용마산로117길 34 (신내동,지하1층)",,행운PC방,127.098460392974,37.600267146851
서울특별시 중랑구 망우동 572번지 용마프라자 지하001호,"서울특별시 중랑구 봉우재로71길 18 (망우동, 지하001호)",2167,오즈아레나,127.098764864011,37.596385964949
서울특별시 중랑구 신내동 797번지 동성7차아파트,"서울특별시 중랑구 신내로14길 21, 701동 1층 105호 (신내동, 동성7차아파트)",2067,인디고 PC,127.097147956287,37.6061237684817
서울특별시 중랑구 중화동 329-28,"서울특별시 중랑구 봉화산로4길 28, 1층 (중화동)",2100,보물섬 PC,127.076192761483,37.6002682158384
서울특별시 중랑구 면목동 458-1,"서울특별시 중랑구 면목로 352, 지하1층 (면목동)",2210,콤마피시카페,127.088626152995,37.583335754749
서울특별시 중랑구 면목동 117-17번지 2층,서울특별시 중랑구 겸재로 166 (면목동),2219,PC데이(DAY),127.086287280048,37.5878881317646
서울특별시 중랑구 상봉동 136-1 3층 4호,"서울특별시 중랑구 망우로 192 (상봉동, 3층 4호)",2119,엔투PC(중랑역점),127.074144907488,37.5931925050475
서울특별시 중랑구 상봉동 130-130 2층,"서울특별시 중랑구 망우로32길 14 (상봉동, 2층)",2120,홀인원PC,127.076442058316,37.59323581896
서울특별시 중랑구 상봉동 118,"서울특별시 중랑구 망우로 270, 지층 (상봉동)",2136,크라우드PC상봉점(crowd pc),127.082666864382,37.5953470612305
서울특별시 중랑구 면목동 105-4번지,"서울특별시 중랑구 겸재로 198, 지1,2층 (면목동, 건원베스트원)",2197,아이비스PC,127.089622814812,37.5886453630461
서울특별시 중랑구 중화동 295-24번지,서울특별시 중랑구 동일로 764  (중화동),,여우밤,127.080310519384,37.598658658925
서울특별시 중랑구 신내동 492-15번지,서울특별시 중랑구 용마산로 563  (신내동),,버츄얼 넷,127.100201889918,37.6012512745271
서울특별시 중랑구 망우동 525-5번지 2층,"서울특별시 중랑구 겸재로 237  (망우동,2층)",,듀얼인터넷,127.093946205207,37.5900456568688
서울특별시 중랑구 면목동 25-6번지 (지하1층),"서울특별시 중랑구 용마산로94길 65  (면목동,(지하1층))",,씨엔에스,127.100203454866,37.5881468955761
서울특별시 중랑구 묵동 158-3번지,서울특별시 중랑구 공릉로12가길 1  (묵동),,공간PC방,127.079871085001,37.6164941332357
서울특별시 중랑구 면목동 177-43,"서울특별시 중랑구 중랑천로2길 56, 1층 (면목동)",2134,Kim PC,127.078002254729,37.5868279332095
서울특별시 중랑구 상봉동 130-108번지,"서울특별시 중랑구 중랑천로12길 41, 지하층 (상봉동)",2120,에이스PC,127.075231858062,37.59290602268
서울특별시 중랑구 망우동 464-27번지,"서울특별시 중랑구 망우로66길 68, 1층 (망우동)",2166,삼팔PC(38PC),127.099383154129,37.5964902312064
서울특별시 중랑구 망우동 147-13 홍림장여관,"서울특별시 중랑구 망우로 479, 홍림장여관 1층 (망우동)",2066,바닐라PC,127.10533598517,37.6008587474848
서울특별시 중랑구 상봉동 130-56,"서울특별시 중랑구 중랑천로10길 47, 1층 (상봉동)",2120,황금고래PC,127.075655707318,37.5922637951349
서울특별시 중랑구 면목동 665-3번지,"서울특별시 중랑구 면목로35길 15, 지상2층 (면목동, 매직pc방)",2240,i7 PC방,127.085054590452,37.5782028093159
서울특별시 중랑구 신내동 613-15번지,"서울특별시 중랑구 봉화산로 211, 지하1층 (신내동)",2054,스피트킹피씨(speedking pc),127.096300413242,37.6075450531768
서울특별시 중랑구 중화동 314-1번지 태능에셈빌 B179~호,"서울특별시 중랑구 동일로129길 35, B179~B182호 (중화동, 태능에셈빌)",2104,일프로PC카페(1%PC CAFE),127.077554696692,37.5992703826018
서울특별시 중랑구 중화동 208-22번지,서울특별시 중랑구 망우로 217  (중화동),,프로게이머,127.07671154412,37.5943361152268
서울특별시 중랑구 면목동 161-1번지,서울특별시 중랑구 동일로96길 10  (면목동),,넷스토아,127.080536448153,37.5846998884072
서울특별시 중랑구 망우동 523-30 지상1층,"서울특별시 중랑구 상봉로 66 (망우동, 지상1층)",2175,대박PC,,
서울특별시 중랑구 묵동 244-140번지 지상3층,"서울특별시 중랑구 동일로157길 19  (묵동,지상3층)",,스피드넷PC방,127.076699482354,37.6097212533874
서울특별시 중랑구 면목동 117-25번지 2층,"서울특별시 중랑구 겸재로 168  (면목동,2층)",,무대뽀 인터넷PC방,127.086463046544,37.5879272864148
서울특별시 중랑구 면목동 532-125번지 지층,"서울특별시 중랑구 용마산로 296-2  (면목동,지층)",,스타워즈,127.091684066231,37.5787808796647
서울특별시 중랑구 망우동 209-8번지 3층,"서울특별시 중랑구 망우로 463  (망우동,3층)",,컴전쟁,127.103637419702,37.6006610422709
서울특별시 중구 초동 18-12번지,서울특별시 중구 충무로4길 2  (초동),,pc하우스,126.992993567185,37.5649387886034
서울특별시 중구 신당동 292-43번지,서울특별시 중구 다산로 222  (신당동),,사이버리아신당2점,127.015591399432,37.5628525208577
서울특별시 중랑구 면목동 657-56번지 2층,"서울특별시 중랑구 사가정로42길 37  (면목동,2층)",,플레이어존,127.083349048484,37.5793613524266
서울특별시 중랑구 묵동 237-3번지 지층,"서울특별시 중랑구 중랑역로 219  (묵동,지층)",,사이버 테크,127.075429245694,37.6128980579592
서울특별시 중랑구 면목동 115-1번지 6통2반 2층 380동 704호,"서울특별시 중랑구 겸재로 178, 380동 704호 (면목동,2층)",,PC ZOOM,127.087205459165,37.588132346722
서울특별시 중랑구 상봉동 130-7번지 지층,"서울특별시 중랑구 중랑천로10길 57-9  (상봉동,지층)",,엘도라도,127.0763175789,37.5927540491546
서울특별시 중랑구 면목동 43-39번지 지층,"서울특별시 중랑구 상봉로 32  (면목동,지층)",,두리웹,127.094186170143,37.5887293864172
서울특별시 중랑구 신내동 407-22번지 2층,"서울특별시 중랑구 봉화산로 224  (신내동,2층)",,클릭-아이,127.09770422186,37.6076679655601
서울특별시 중랑구 면목동 23-11번지 2층,"서울특별시 중랑구 상봉로 38  (면목동,2층)",,매직 스페이스,127.094034759149,37.5893347936924
서울특별시 중랑구 면목동 392-20번지 2층,"서울특별시 중랑구 면목로 216  (면목동,2층)",,해커인터넷 PC게임방,127.083917538195,37.5722566998678
서울특별시 중랑구 면목동 186-151번지 지층,"서울특별시 중랑구 중랑천로10길 22  (면목동,지층)",,밤 셀까,127.074300521879,37.5917478470631
서울특별시 중랑구 면목동 103-18번지 2층,"서울특별시 중랑구 겸재로 215  (면목동,2층)",,인터피아,127.091467771608,37.5894606972241
서울특별시 중랑구 신내동 405-5번지 A동 지층,,,해커 PC방,,
서울특별시 중랑구 면목동 19-41번지 2층,"서울특별시 중랑구 용마산로 412  (면목동,2층)",,듀얼 인터넷PC방,127.096385784287,37.5882161174521
서울특별시 중랑구 망우동 134-32번지 2층,"서울특별시 중랑구 망우로 493  (망우동,2층)",,딸부자 PC방,127.106964536625,37.600791780771
서울특별시 중랑구 면목동 19-72번지,서울특별시 중랑구 용마산로 418  (면목동),,PC 훼미리,127.096701752698,37.5888003326938
서울특별시 중랑구 묵동 240-2번지 2층,"서울특별시 중랑구 중랑역로 203-1  (묵동,2층)",,PC 생각,127.075655849144,37.6116381504355
서울특별시 중랑구 상봉동 208-1번지 3층,"서울특별시 중랑구 상봉중앙로 37  (상봉동,3층)",,사이버리아 상봉1동점,127.087347704275,37.6004674449162
서울특별시 중랑구 면목동 653-1번지 3층,"서울특별시 중랑구 사가정로50길 36 (면목동,3층)",,PC & 달인,127.085747943049,37.5792495328325
서울특별시 중랑구 망우동 358-5 지층,"서울특별시 중랑구 망우로 439 (망우동, 지층)",2059,엔플세븐PC방,127.100791272803,37.6002104892021
서울특별시 중랑구 신내동 618-0번지 동성아파트 A동 301호,,,Ing,,
서울특별시 중랑구 면목동 190-103번지,서울특별시 중랑구 중랑천로 43-1  (면목동),,게임랜드,127.073299454969,37.5891919079052
"서울특별시 중랑구 상봉동 496 우정아파트 상가동 비01호,비02호,비03호,비04호,비05호,비06호 ","서울특별시 중랑구 상봉중앙로1길 54, 상가동 비01호,비02호,비03호,비04호,비05호,비06호 (상봉동, 상봉동 우정아파트)",2082,본PC방,,
서울특별시 중랑구 면목동 612-62,"서울특별시 중랑구 용마산로51길 50, 1층 (면목동)",2250,노다지 PC,127.089274747383,37.5801924210484
서울특별시 중랑구 면목동 102-42번지,서울특별시 중랑구 겸재로 189  (면목동),,월드PC방,127.088650939657,37.5887711546982
서울특별시 중랑구 면목동 52-13번지 (지층),"서울특별시 중랑구 용마산로86길 21-29  (면목동,(지층))",,C&S PC방,127.097110108493,37.5873732761071
서울특별시 중랑구 면목동 661-62번지 (지층),"서울특별시 중랑구 면목로35길 40  (면목동,(지층))",,아이라이프존,127.084001942441,37.5790721211334
서울특별시 중랑구 신내동 613-71번지 (3층),"서울특별시 중랑구 봉화산로 217  (신내동,(3층))",,사이버리아PC방,127.096812829256,37.6077684396848
서울특별시 중랑구 망우동 410-1번지,서울특별시 중랑구 용마산로 494  (망우동),,엔조이피씨방,127.100268095195,37.5949757275537
서울특별시 중랑구 망우동 465-4번지,,,인터넷하나게임둘,,
서울특별시 중랑구 면목동 50-48번지,서울특별시 중랑구 용마산로 405  (면목동),,I life Zone 서일대점,127.095721998394,37.5878937419635
서울특별시 중랑구 면목동 185-3번지,서울특별시 중랑구 망우로32길 38  (면목동),,컴인터넷,127.076868758159,37.5921808409165
서울특별시 중랑구 상봉동 74-8번지,서울특별시 중랑구 망우로 371  (상봉동),,방가방가PC방,127.093373838214,37.5985553440342
서울특별시 중랑구 면목동 572-32번지,서울특별시 중랑구 면목로49길 18  (면목동),,수호천사,127.087531065648,37.5827952551777
서울특별시 중랑구 중화동 312-42번지,서울특별시 중랑구 중랑역로 69  (중화동),,매직스페이스,127.077978446723,37.5996027491597
서울특별시 중랑구 상봉동 107-27번지 (3층),"서울특별시 중랑구 면목로 478  (상봉동,(3층))",,버그버그 상봉점,127.086220214972,37.5944317246699
서울특별시 중랑구 면목동 102-18번지 (지1층),"서울특별시 중랑구 겸재로 185  (면목동,(지1층))",,사이버리아 면목역점,127.088106454619,37.5886819136448
서울특별시 중랑구 묵동 244-154번지 2층,"서울특별시 중랑구 동일로 879  (묵동,2층)",,사이버리아 먹골점,127.077741393516,37.6090303238202
서울특별시 중랑구 망우동 506-8번지 (3층),"서울특별시 중랑구 상봉로 110  (망우동,(3층))",,PC ZONE,127.093345706876,37.5957067932724
서울특별시 중랑구 망우동 461-1번지 2층,"서울특별시 중랑구 봉우재로 239  (망우동,2층)",,보스 PC방,127.099509114026,37.5957565381477
서울특별시 중랑구 면목동 367-6번지,서울특별시 중랑구 면목로 260  (면목동),,사이버테크PC방,127.085972386977,37.5759565969386
서울특별시 중랑구 망우동 458-2번지 3층,"서울특별시 중랑구 용마산로 495  (망우동,3층)",,대한민국멀티방,127.099659148452,37.5951613969904
서울특별시 중랑구 묵동 238-11번지,서울특별시 중랑구 동일로 919  (묵동),,아리라이프존먹골로데오점,127.077065869395,37.6124704724842
서울특별시 중랑구 면목동 497-7 2층,"서울특별시 중랑구 면목로 341 (면목동,2층)",,오즈PC방,127.088154488573,37.5821763494967
서울특별시 중랑구 상봉동 84-22 2층,"서울특별시 중랑구 봉우재로 177 (상봉동, 2층)",2152,상봉PC방,,
서울특별시 중랑구 상봉동 88-95번지,서울특별시 중랑구 봉우재로43길 32  (상봉동),,레드죤피시방,127.089623413355,37.5949986161335
서울특별시 중랑구 묵동 170-27 월등스카이뷰아파트 비101,"서울특별시 중랑구 동일로 938, 비101호 (묵동, 월등스카이뷰아파트)",2033,스마트PC방,127.077134940011,37.6142077135304
서울특별시 중랑구 상봉동 111-28,"서울특별시 중랑구 면목로91길 25, 1층 (상봉동)",2138,황제PC,,
서울특별시 중랑구 망우동 523-66,"서울특별시 중랑구 상봉로 56, 1층 (망우동)",2175,골드PC,127.093759449196,37.5907303790754
서울특별시 중랑구 상봉동 121-3 지상1층,"서울특별시 중랑구 동일로114길 51 (상봉동, 지상1층)",2136,황금PC,127.083051665883,37.5939506148139
서울특별시 중랑구 상봉동 84-28 지상1층,"서울특별시 중랑구 봉우재로 175 (상봉동, 지상1층)",2152,우리PC,127.092361475498,37.5941500239053
서울특별시 중랑구 망우동 516-2번지 2층,"서울특별시 중랑구 상봉로 104 (망우동, 2층)",2170,PC클럽,127.093295387739,37.595218766117
서울특별시 중랑구 상봉동 88-38,서울특별시 중랑구 상봉로25길 36 (상봉동),2151,바닐라pc방,127.090987902814,37.5949298176037
서울특별시 중랑구 상봉동 115-19번지 지상2층,"서울특별시 중랑구 망우로 276 (상봉동, 지상2층)",2137,렛츠겟잇PC(Lets Get it PC),127.083219392463,37.5955032652358
서울특별시 중랑구 면목동 17-31번지 지층,"서울특별시 중랑구 용마산로 434 (면목동, 지층)",2189,아이비스PC방,127.097376830817,37.5899591743596
서울특별시 중랑구 면목동 409-47번지,서울특별시 중랑구 면목로56가길 8  (면목동),,인포마이너자랴,127.088932195985,37.584495823372
서울특별시 중랑구 중화동 307-3번지,서울특별시 중랑구 동일로 833  (중화동),,사이버뱅크,127.078586882533,37.6047667317581
서울특별시 중랑구 면목동 178-46번지,서울특별시 중랑구 동일로101길 49  (면목동),,인터넷과정보,127.077116605805,37.5887688024565
서울특별시 중랑구 망우동 358-20번지,,,인터넷JJ,,
서울특별시 중랑구 중화동 300-46번지,서울특별시 중랑구 중랑역로 46  (중화동),,놀이나라,127.076896583659,37.5977648971162
"서울특별시 중랑구 면목동 103-5번지 지상2,3층 ","서울특별시 중랑구 겸재로 205 (면목동,지상2,3층)",,일프로PC방,127.090366051267,37.5892378294679
서울특별시 중랑구 망우동 442-24번지,서울특별시 중랑구 용마산로 446  (망우동),,카이스트,127.097926438424,37.5910044109148
서울특별시 중랑구 묵동 156-1번지,서울특별시 중랑구 공릉로12가길 45  (묵동),,사이버인터넷PC,127.081817184238,37.6176005647243
서울특별시 중랑구 면목동 68-11번지,서울특별시 중랑구 상봉로 11  (면목동),,한스넷,127.094308889254,37.5869224383207
서울특별시 중랑구 망우동 340-22번지,서울특별시 중랑구 망우로 461  (망우동),,스타PC방,127.103354113526,37.6005970500919
서울특별시 중랑구 묵동 235-19,"서울특별시 중랑구 중랑역로 227, 청 1층 (묵동)",2003,봉봉PC,127.075209197903,37.6138146839904
"서울특별시 중랑구 상봉동 113 B101,호","서울특별시 중랑구 면목로 489, B101,B102,B103,B104호 (상봉동)",2137,TOP PLACE PC(탑플레이스PC 상봉점),127.085323961726,37.595505726956
서울특별시 중랑구 면목동 617-7,"서울특별시 중랑구 면목로 314, 지하1층 (면목동)",2249,탑플레이스PC방 사가정역점,127.088209517609,37.5798794057732
서울특별시 중랑구 면목동 87-33 한국어린이바둑교실,"서울특별시 중랑구 상봉로 65, 한국어린이바둑교실 2층 (면목동)",2158,1004피시(PC),127.0931924605,37.5917699420068
서울특별시 중랑구 면목동 496-16,"서울특별시 중랑구 면목로45길 3-8, 4층 (면목동)",2228,삼성PC,127.088184513024,37.5813318260092
서울특별시 중랑구 면목동 20-24 내친구피아노학원,"서울특별시 중랑구 겸재로64길 19, 내친구피아노학원 1층 (면목동)",2201,놀이터PC,127.09613978916,37.5894782477537
서울특별시 중랑구 중화동 207-33,"서울특별시 중랑구 중랑역로 6, 1층 (중화동)",2117,역전PC,127.07706065651,37.5947923300801
서울특별시 중랑구 면목동 89-19,"서울특별시 중랑구 봉우재로 178, 1층 (면목동)",2156,대박PC,127.092675019508,37.5938800212972
서울특별시 성동구 금호동3가 414 플레져미디어빌딩,"서울특별시 성동구 장터길 51, 플레져미디어빌딩 201호 (금호동3가)",4730,2층 PC,127.02165414442,37.5484299266878
서울특별시 성북구 동선동2가 134 모아빌딩,"서울특별시 성북구 보문로34길 62, 모아빌딩 3층 (동선동2가)",2849,해피 PC방,127.01885953079,37.5908419743847
서울특별시 성북구 종암동 70-48 지하1층,"서울특별시 성북구 종암로19길 16, 지하1층 (종암동)",2804,스피드 PC방,127.033832145511,37.5984593996286
서울특별시 성북구 동선동1가 1-2 지하1층,"서울특별시 성북구 동소문로 106, 지하1층 (동선동1가)",2845,브리즈 pc 카페,127.017088831326,37.5925747617089
서울특별시 성북구 하월곡동 35-5 지하1층,"서울특별시 성북구 월곡로 108, 지하1층 (하월곡동)",2793,파이브 PC방,127.041590961613,37.6016112891976
서울특별시 성북구 안암동5가 102-87 칠보빌딩,"서울특별시 성북구 고려대로24길 32, 칠보빌딩 3, 4층 (안암동5가)",2855,나인티 PC카페,127.029234304551,37.5848050119051
서울특별시 성북구 종암동 69-5 양지빌딩,"서울특별시 성북구 종암로19길 17, 양지빌딩 2층 (종암동)",2810,샹떼PC방 종암점,127.033758067444,37.5981642561732
서울특별시 성북구 하월곡동 70-204,"서울특별시 성북구 오패산로 45, 2층 (하월곡동, 농협 하월곡지점)",2738,세븐PC방,127.03663965165,37.606048234599
서울특별시 성북구 동선동1가 118-1,"서울특별시 성북구 동소문로 120, 2층 (동선동1가)",2845,로제PC방,127.018398672357,37.5935007844555
서울특별시 성북구 장위동 230-94,"서울특별시 성북구 장위로 43, 2층 (장위동)",2755,세븐PC,127.041669507766,37.6143207101458
서울특별시 성북구 하월곡동 18-37,서울특별시 성북구 화랑로 107 (하월곡동),2752,놀이터 PC,127.043432877303,37.6039733827891
서울특별시 성북구 하월곡동 67-37 구원빌딩,"서울특별시 성북구 오패산로 16, 구원빌딩 1층 (하월곡동)",2751,구원PC (성인시설),127.037521806164,37.6036686229465
서울특별시 성북구 하월곡동 70-202 제일은행 하월곡동지점,"서울특별시 성북구 오패산로 49, 제일은행 하월곡동지점 (하월곡동)",2738,PC나인,127.036435972117,37.6063976114138
서울특별시 성북구 정릉동 285-10,"서울특별시 성북구 보국문로 74, 2층 (정릉동)",2711,대박PC (성인용),127.009105782309,37.6109478360516
서울특별시 성북구 석관동 168-34,"서울특별시 성북구 화랑로 316, 1층 (석관동)",2781,석계PC,127.063282910139,37.6140186382359
서울특별시 성북구 길음동 525-170,"서울특별시 성북구 동소문로 277, 1층 (길음동)",2732,겜블러PC,127.026288078421,37.6055201310931
서울특별시 용산구 갈월동 98-1 2층,"서울특별시 용산구 한강대로77길 11, 2층 (갈월동)",4322,제노PC방(갈월점),126.972130856033,37.5417114040155
서울특별시 용산구 이태원동 127-12 스카이하이,"서울특별시 용산구 이태원로 180, 스카이하이 지하1층 (이태원동)",4406,아이뎁스PC,126.994224816687,37.5342217426698
서울특별시 용산구 이태원동 646 기업은행,"서울특별시 용산구 녹사평대로 240, 1층 (이태원동)",4343,리얼PC방,126.98763333746,37.5389065292265
서울특별시 용산구 이촌동 300-10 전보상가 지하,"서울특별시 용산구 이촌로 290, 지하층 (이촌동, 전보상가)",4425,포그네PC방,126.978884210078,37.5181933311082
서울특별시 용산구 보광동 260-30 2층,"서울특별시 용산구 보광로 40, 2층 (보광동)",4415,엔탑PC방,126.999577904884,37.528013623307
서울특별시 용산구 청파동2가 71-88,"서울특별시 용산구 청파로47길 52, 지층 102호 (청파동2가, 명신프라자)",4309,놀숲PC,126.967646680698,37.5449725093355
서울특별시 용산구 용문동 38-214 2층,"서울특별시 용산구 효창원로37길 29, 2층 (용문동)",4356,3POP PC방,126.95877718467,37.5381606210203
서울특별시 용산구 청파동2가 63-5 중하빌딩,"서울특별시 용산구 청파로47길 66, 중하빌딩 (청파동2가)",4310,PC CLUB 블랙,126.966770459878,37.545067501628
서울특별시 용산구 한남동 633-3 제일빌딩,"서울특별시 용산구 대사관로 72, 제일빌딩 지하1층 (한남동)",4402,덤프,127.005947068599,37.5330952126175
서울특별시 용산구 후암동 244-79 101호/109호,"서울특별시 용산구 후암로28길 38, 101호/109호 (후암동, 남산리치빌)",4331,3POP,126.979266187454,37.5493219003255
서울특별시 용산구 한강로3가 40-713번지 양지빌딩,서울특별시 용산구 한강대로21나길 40 (한강로3가),4378,드래곤힐스pc방,126.964227468456,37.5282491342856
서울특별시 용산구 후암동 244-4,"서울특별시 용산구 후암로 46 (후암동, 제일은행)",4331,액션,126.977586978891,37.5499660777672
서울특별시 용산구 갈월동 69-3,"서울특별시 용산구 한강대로 297 (갈월동, 우신빌딩)",4321,어메이징파크pc방,126.971683656137,37.5447583877858
"서울특별시 용산구 동자동 43-23번지 임박사정육점,영문속기사 ","서울특별시 용산구 한강대로 363-1, 2층 (동자동)",4320,동자pc방,126.971797580425,37.5508319577772
"서울특별시 용산구 보광동 259-1번지 지층 1,2호","서울특별시 용산구 보광로 46, 지층 1,2호 (보광동)",4414,3POP PC방,126.99921497434,37.5283391534087
서울특별시 성북구 장위동 203-9,"서울특별시 성북구 장월로 144-1, 2,3층 (장위동)",2766,라이킷 PC,127.051043731077,37.6177097892253
서울특별시 성북구 동선동1가 118-1,"서울특별시 성북구 동소문로 120, 지하층 (동선동1가)",2845,아크PC방,127.018398672357,37.5935007844555
서울특별시 성북구 안암동5가 101-3 타이거빌딩,"서울특별시 성북구 개운사길 8, 타이거빌딩 지층 (안암동5가)",2842,NINE PC방,127.029576068606,37.5869920871665
서울특별시 성북구 정릉동 227-150,"서울특별시 성북구 서경로 83, 2층 (정릉동)",2716,매직넷(청소년PC방),127.014261078527,37.6105933270239
서울특별시 성북구 정릉동 106-3 영신빌딩,"서울특별시 성북구 아리랑로19길 20, 영신빌딩 지하1층 (정릉동)",2814,보아스 셀프 PC - 2022년도 부터 안함 직권말소 대상,127.012281507183,37.6026042927717
서울특별시 성북구 정릉동 260-25 샛별중앙교회,"서울특별시 성북구 보국문로16길 65, 샛별중앙교회 1,2층 (정릉동)",2711,PC TAG,127.009960212774,37.6127706479949
서울특별시 성북구 길음동 1276 삼부아파트,"서울특별시 성북구 동소문로 248, 105동 지하1층 2호 (길음동, 삼부아파트)",2735,제로100PC,127.024541211803,37.6034576002933
서울특별시 성북구 종암동 23-59,서울특별시 성북구 북악산로 1059 (종암동),2811,애니락PC방,127.035624995392,37.5926439632832
서울특별시 성북구 하월곡동 20-4,"서울특별시 성북구 장월로1길 106, 3층 (하월곡동)",2748,덤프 PC방,127.043064543733,37.6046639464803
서울특별시 성북구 안암동5가 134-20 안암복합빌딩,"서울특별시 성북구 안암로9가길 76, 안암복합빌딩 2층 (안암동5가)",2857,코리아PC2 (청소년PC방),127.028206118118,37.5822567123651
서울특별시 성북구 성북동 184-79 우암빌딩,"서울특별시 성북구 성북로 28, 우암빌딩 지층 (성북동)",2834,긱스타 PC방,127.004312680521,37.590493096497
서울특별시 성북구 정릉동 227-37,"서울특별시 성북구 서경로 78, 2층 (정릉동)",2713,러쉬PC,127.014888358128,37.6103415131668
서울특별시 성북구 종암동 3-1342 청한빌딩,"서울특별시 성북구 종암로 129, 청한빌딩 지층 (종암동)",2803,레드포스PC아레나 종암점,127.032727558227,37.6014264034926
서울특별시 성북구 정릉동 286-6,"서울특별시 성북구 보국문로18길 1, 지층 (정릉동)",2711,ATOZ 피시방,127.008927474592,37.6115560173195
서울특별시 성북구 석관동 124-34,"서울특별시 성북구 한천로 572, 2층 (석관동)",2782,제로백PC 석관점,127.063017363252,37.6108596433653
서울특별시 성북구 안암동5가 147-5 원영스위트,"서울특별시 성북구 개운사길 27, 원영스위트 지층 (안암동5가)",2842,Maps PC방,127.02910131363,37.5875251423782
서울특별시 성북구 종암동 3-395,서울특별시 성북구 종암로 108 (종암동),2797,삼시세끼 PC방,127.034482070909,37.5997942097838
서울특별시 성북구 보문동4가 8 화성빌딩,"서울특별시 성북구 보문로 94, 화성빌딩 4층 (보문동4가)",2852,앤유PC,127.020603298681,37.583713478664
서울특별시 성북구 하월곡동 88-31,서울특별시 성북구 동소문로 286 (하월곡동),2734,화이트PC방(성인),127.027392255148,37.6058215314073
서울특별시 성북구 정릉동 16-169,"서울특별시 성북구 정릉로 326, 지층 (정릉동)",2816,맥PC카페,127.019324173459,37.6020693327301
서울특별시 성북구 정릉동 260-28 2층,"서울특별시 성북구 보국문로20길 22, 2층 (정릉동)",2711,SOOP PC방,127.009634301486,37.6122917994482
서울특별시 성북구 동선동1가 49 세학빌딩2층,서울특별시 성북구 보문로34길 43 (동선동1가),2845,헬리우스,127.017694871938,37.5908139536716
서울특별시 성북구 안암동5가 104-30,"서울특별시 성북구 고려대로24길 51, 3층 (안암동5가)",2856,레벨업 PC카페(고대점),127.029709018435,37.5839294883991
서울특별시 성북구 동선동5가 134-2,"서울특별시 성북구 동소문로25길 58, 지하1층 (동선동5가)",2829,일프로 PC 아레나,127.01615614302,37.5956412381816
서울특별시 성북구 삼선동2가 150 욱립빌딩,"서울특별시 성북구 삼선교로10길 23, 욱립빌딩 2,3층 (삼선동2가)",2864,3POP 피시방,127.009471864277,37.5870978553531
서울특별시 성북구 정릉동 373-4 2층,"서울특별시 성북구 솔샘로4길 46, 2층 201,202,203호 (정릉동, 성신프라자)",2710,3POP(쓰리팝)PC방,127.007339974507,37.6085252888642
서울특별시 성북구 석관동 182-40,"서울특별시 성북구 한천로 584, 1층 (석관동)",2781,대박 PC (성인PC방),127.06216848064,37.6116526035018
서울특별시 성북구 석관동 301-30 상희빌딩,"서울특별시 성북구 돌곶이로 48, 상희빌딩 3층 (석관동)",2784,ㅋㅋPC - 54대,127.059759187102,37.6084640761894
서울특별시 성북구 장위동 64-121,"서울특별시 성북구 화랑로 245, 지하1층 (장위동)",2772,레벨업PC방 돌곶이점,127.056498494404,37.6108496096764
서울특별시 강동구 길동 343-1 현대웰하임1단지,"서울특별시 강동구 천중로53길 6, 1층 103호 (길동, 현대웰하임1단지)",5304,대박PC,127.145448050859,37.5409803636026
서울특별시 강북구 미아동 225-52,"서울특별시 강북구 솔매로 95, 2층 (미아동)",1126,승부PC,127.022861390786,37.6255172017353
서울특별시 강북구 번동 418-2,"서울특별시 강북구 한천로 1023, 1층 (번동)",1063,봉pc,127.027858439221,37.6390387542455
서울특별시 강북구 수유동 567-9,서울특별시 강북구 인수봉로85길 24 (수유동),1014,탑PC,127.009163517928,37.6467241999934
서울특별시 강북구 미아동 791-683,"서울특별시 강북구 솔매로 83, 2층 (미아동)",1127,옵티멈존피씨카페미아점 (주),127.021554729043,37.6251850735813
서울특별시 강북구 미아동 860-141,"서울특별시 강북구 솔샘로 294, 1층 (미아동)",1202,엔젤PC,127.025084494315,37.6180802698025
서울특별시 강북구 미아동 303-89번지,"서울특별시 강북구 솔매로 110, 2층 (미아동)",1170,행운PC,127.024544114211,37.6257289560296
서울특별시 강북구 우이동 45-10 지하 1층,서울특별시 강북구 삼양로 623 (우이동),1005,다크pc카페,127.013523839792,37.6584533150352
서울특별시 강북구 수유동 45-20,"서울특별시 강북구 도봉로81길 10-3, 202호 (수유동)",1081,5G PC,127.022277068469,37.6352958964481
서울특별시 강북구 미아동 44-15 대성장모텔,"서울특별시 강북구 월계로3길 57, 대성장모텔 2층 (미아동)",1220,레벨업PC방 미아점,127.031006161196,37.61236209064
서울특별시 강북구 수유동 229-49 경남아너스빌,"서울특별시 강북구 노해로8길 22, 경남아너스빌 102호 (수유동)",1073,와와PC방,127.024224911455,37.6380051354791
서울특별시 강북구 수유동 192-61 영남빌딩,"서울특별시 강북구 한천로139길 42, 지하1층 (수유동, 영남빌딩)",1072,레벨업PC방 수유역점,127.024948947089,37.6388575866282
서울특별시 강북구 수유동 340-13,"서울특별시 강북구 삼양로 447, 2층 (수유동)",1033,탑스타PC방,127.015934869853,37.6433428979238
서울특별시 강북구 수유동 472-4번지 신우빌딩,"서울특별시 강북구 덕릉로 46, 신우빌딩 지하1층 (수유동)",1111,불독PC방,127.018655647874,37.6340697427662
서울특별시 강북구 번동 464-7번지 번동빌딩,"서울특별시 강북구 도봉로 386, 번동빌딩 지하1층 (번동)",1056,플레잇피씨카페(번동점),127.029225259709,37.6409840098933
서울특별시 강북구 미아동 762-74,"서울특별시 강북구 솔매로28길 1, 2층 (미아동)",1168,스카이PC,127.020078245862,37.6247466434881
서울특별시 강북구 미아동 42-73,"서울특별시 강북구 월계로3길 28, 1층 (미아동)",1221,바닐라pc,127.031362337692,37.6109545615904
서울특별시 강북구 수유동 174-1 SD빌딩,"서울특별시 강북구 도봉로 377, SD빌딩 2층 (수유동)",1054,승리PC,127.028276542744,37.6409020712986
서울특별시 강북구 수유동 134-9,"서울특별시 강북구 수유로 67, 2층 (수유동)",1080,대박PC방,127.021054426939,37.6362091795037
서울특별시 강북구 수유동 224-15 현대크리스탈,"서울특별시 강북구 노해로8길 29, 현대크리스탈 지하1층 B101, B102호 (수유동)",1072,옵티멈존PC카페,127.024206386368,37.6385265392717
서울특별시 강북구 미아동 202-11번지,"서울특별시 강북구 도봉로 247-1, 2층 (미아동)",1118,LO PC방,127.024180366381,37.6306049898494
서울특별시 강북구 수유동 168-12,"서울특별시 강북구 도봉로 399, 2층 (수유동)",1055,BS PC,127.029806166339,37.6424075100379
서울특별시 강북구 수유동 229-49 경남아너스빌,"서울특별시 강북구 노해로8길 22, 경남아너스빌 2층 201호 (수유동)",1073,이제이,127.024224911455,37.6380051354791
서울특별시 강북구 수유동 173-1,"서울특별시 강북구 도봉로97길 7, 1층 (수유동)",1054,골드PC,127.028833183206,37.6417388610523
서울특별시 강북구 수유동 48-17,"서울특별시 강북구 도봉로77길 18, 1층 (수유동)",1113,트리플PC방,127.022283731099,37.6337055656322
서울특별시 강북구 우이동 41-9,"서울특별시 강북구 삼양로 625-1, 3층 (우이동)",1004,명당PC,127.013629071112,37.6587898196438
서울특별시 강북구 번동 446-7,"서울특별시 강북구 도봉로82길 11, 지층 (번동)",1062,정민PC,127.02438249679,37.635885625547
서울특별시 강북구 수유동 229-50 우암쎈스뷰,"서울특별시 강북구 노해로8길 16, 203호 (수유동, 우암쎈스뷰)",1073,승리PC방,127.024012411578,37.6378023671943
서울특별시 강북구 미아동 688-5 삼양아케이트,"서울특별시 강북구 솔샘로 254, 삼양아케이트 지하1층 2호 (미아동)",1194,옵티멈존림피씨카페 삼양사거리점 (주),127.020743950051,37.6193297017502
서울특별시 강북구 미아동 162-7,"서울특별시 강북구 도봉로78길 18, 1층 (미아동)",1129,대박PC게임,127.024598145386,37.6336246478048
서울특별시 강북구 수유동 190-14,"서울특별시 강북구 한천로139가길 12, 2층 (수유동)",1071,깐부PC,127.025664512367,37.6400704289305
서울특별시 강북구 번동 443-13,"서울특별시 강북구 오패산로 385, 2층 (번동)",1069,황금PC,127.028073490379,37.635746864196
서울특별시 강북구 수유동 254-27,"서울특별시 강북구 한천로 1130, 1층 (수유동)",1047,오봉PC게임,127.019199509888,37.6457425430797
서울특별시 강북구 수유동 220-47,"서울특별시 강북구 한천로143길 36, 1층 (수유동)",1070,팔팔PC,127.023284464785,37.6406870159442
서울특별시 강북구 미아동 684-14,"서울특별시 강북구 삼양로 169, 1층 (미아동)",1194,스타PC,127.020814066529,37.6189315428573
서울특별시 강북구 수유동 338-6 한일빌딩,"서울특별시 강북구 삼양로 438, 한일빌딩 4층 (수유동)",1041,욜로PC방,127.016678775368,37.64254344188
서울특별시 강북구 번동 464-17,"서울특별시 강북구 한천로132길 57, 2층 (번동)",1056,마카오PC,127.029927966467,37.6412705269995
서울특별시 강북구 미아동 682-35번지 1층,"서울특별시 강북구 삼양로28길 5, 1층 (미아동)",1201,대박PC,127.0216707548,37.6186478477381
서울특별시 강북구 수유동 23-43번지,서울특별시 강북구 노해로11길 31 (수유동),1078,비바PC,127.020881479339,37.6388346807302
서울특별시 강북구 수유동 175-61번지 1층,"서울특별시 강북구 한천로144길 26, 1층 (수유동)",1054,신바람 P.C,127.026297540097,37.6420321833213
서울특별시 강북구 미아동 258-107번지 1층,"서울특별시 강북구 오패산로52길 72, 1층 (미아동)",1142,드래곤볼 PC방,127.032432516773,37.6261013214369
서울특별시 강북구 미아동 701-5번지 지하1층,"서울특별시 강북구 솔샘로 237, 지하1층 (미아동)",1189,홀릭 PC,127.019292595153,37.6201102033911
서울특별시 강북구 수유동 90-14 동경빌딩,"서울특별시 강북구 도봉로77길 15, 동경빌딩 (수유동)",1114,다원PC방,127.022360720421,37.6335413914787
서울특별시 강북구 수유동 49-12번지 (지층),"서울특별시 강북구 수유로 36  (수유동,(지층))",,헬로PC플라자,127.019623016721,37.6339338974123
서울특별시 강북구 수유동 277-22번지 2층,"서울특별시 강북구 삼양로 496  (수유동,2층)",,짱PC방,127.014842283514,37.6474745019679
서울특별시 강북구 수유동 256-1번지 2층,"서울특별시 강북구 한천로160길 5  (수유동,2층)",,메이저인터넷프라자,127.020177570806,37.6452021499363
서울특별시 노원구 상계동 52-68,"서울특별시 노원구 덕릉로127길 3, 101호 (상계동)",1634,당고개PC,127.081914848842,37.6713841831673
서울특별시 강북구 미아동 734-61,"서울특별시 강북구 삼양로 206-1, 1층 (미아동)",1173,친구PC,127.020230284236,37.6223081857282
서울특별시 강북구 미아동 734-290번지 2층,"서울특별시 강북구 삼양로 202  (미아동,2층)",,PC아일랜드,127.02056237887,37.6218003318061
서울특별시 강북구 미아동 812-2 행전빌딩,"서울특별시 강북구 삼양로 161, 행전빌딩 지하1층 (미아동)",1195,레벨업피시방,127.021123478902,37.6183899941147
서울특별시 강북구 미아동 134-22번지 1층,"서울특별시 강북구 도봉로28길 5  (미아동,1층)",,늑대와여우 PC방,127.029068205609,37.6205822098558
서울특별시 강북구 번동 416-130번지 1층,"서울특별시 강북구 오패산로78길 22, 1층 (번동)",1064,에이스PC,127.027502773485,37.6380707294158
서울특별시 강북구 번동 411-8번지 2층,"서울특별시 강북구 덕릉로 133  (번동,2층)",,스피드인터넷프라자,127.028543926314,37.6352458935583
서울특별시 강북구 미아동 52-11번지,서울특별시 강북구 월계로7길 63  (미아동),,샹떼 PC방,127.033934764054,37.612972245381
서울특별시 강북구 미아동 777-6,"서울특별시 강북구 삼양로 246, 2층 203,204호 (미아동)",1127,제로100 삼양역점,127.018654166348,37.6254230679383
서울특별시 강북구 번동 156-4번지 2층,"서울특별시 강북구 오현로32길 30-27  (번동,2층)",,윈윈PC방,127.039711042337,37.6272297445737
서울특별시 강북구 번동 202-1번지 2층,"서울특별시 강북구 월계로37길 97  (번동,2층)",,대한민국 PC방,127.043866363607,37.6263008873698
서울특별시 강북구 번동 222번지,서울특별시 강북구 월계로37길 91 (번동),1226,W PC방,127.044029484657,37.6261035105171
서울특별시 강북구 번동 414-32번지 1층,"서울특별시 강북구 한천로123길 62, 1층 (번동)",1066,별밤PC방,127.028615578426,37.6359674753679
"서울특별시 강북구 미아동 860-262번지 ,2층 ","서울특별시 강북구 도봉로8길 24  (미아동,,2층)",,돼지PC방,127.031387170287,37.6123715404014
"서울특별시 강북구 미아동 773-29번지 ,2층 ","서울특별시 강북구 솔매로 75  (미아동,,2층)",,드림 스페이스,127.020669965557,37.6249883662314
"서울특별시 강북구 수유동 134-20번지 ,2층 ","서울특별시 강북구 수유로 63  (수유동,,2층)",,winner(위너),127.02062919281,37.6360817652029
서울특별시 강북구 미아동 35-5번지 B201,"서울특별시 강북구 도봉로 30  (미아동,B201)",,EOS PC ZONE,127.030727581204,37.6116298396797
서울특별시 강북구 수유동 190-5,"서울특별시 강북구 한천로 1047, 2층 (수유동)",1071,타짜PC,127.025705572221,37.6405289310728
서울특별시 강북구 미아동 375-6번지,서울특별시 강북구 솔샘로 298 (미아동),1204,놀이터PC,127.02540818642,37.6179965888604
서울특별시 강북구 미아동 160-19,"서울특별시 강북구 도봉로 274, 1층 (미아동)",1128,왕PC,127.023822552267,37.6329231192761
서울특별시 강북구 미아동 860-30,"서울특별시 강북구 도봉로8길 41, 1층 (미아동)",1219,드래곤 PC방,127.032289464644,37.6120064865548
"서울특별시 강북구 수유동 605-445번지 ,3층 ","서울특별시 강북구 삼양로77가길 6  (수유동,,3층)",,I.F.O,127.01700615717,37.6298058058402
서울특별시 강북구 수유동 569-18번지 세화빌딩 3층호,"서울특별시 강북구 인수봉로 318,  3층호 (수유동,세화빌딩)",,밀레니엄인터넷플라자 4.19점,127.01065951818,37.6471375357007
서울특별시 강북구 미아동 734-61번지 2층,"서울특별시 강북구 삼양로 206-1  (미아동,2층)",,토토로PC,127.020230284236,37.6223081857282
서울특별시 강북구 미아동 302-20,"서울특별시 강북구 솔매로 102, 2층 (미아동)",1169,세븐pc방,127.023590672591,37.6254802979209
서울특별시 강북구 수유동 177-8번지 2층,"서울특별시 강북구 한천로140길 5-34  (수유동,2층)",,멘토PC방,127.02563722932,37.6414551580402
서울특별시 강북구 수유동 392-109번지,서울특별시 강북구 삼각산로20길 27 (수유동),1083,MU피씨방,127.016097081729,37.6394672010607
서울특별시 강북구 미아동 330-17번지 302호,"서울특별시 강북구 도봉로 113  (미아동,302호)",,넷크루,127.028845694825,37.6190010309233
서울특별시 강북구 미아동 860-141번지 2층,"서울특별시 강북구 솔샘로 294  (미아동,2층)",,N세대인터넷PC방,127.025084494315,37.6180802698025
서울특별시 강북구 수유동 461-12번지 2층,"서울특별시 강북구 덕릉로 14  (수유동,2층)",,인터넷PC나라,127.015194855518,37.6338405779784
서울특별시 강북구 우이동 71-15번지 2층,"서울특별시 강북구 삼양로141길 4-4  (우이동,2층)",,넷사이버,127.012802949883,37.6505286238766
서울특별시 강북구 미아동 838-46번지 3층,"서울특별시 강북구 솔샘로 219  (미아동,3층)",,아지트 PC방,127.017102732859,37.6201618073002
서울특별시 강북구 번동 443-13번지 2층,"서울특별시 강북구 오패산로 385  (번동,2층)",,90210 피씨존,127.028073490379,37.635746864196
서울특별시 강북구 번동 416-123번지 지층,"서울특별시 강북구 한천로131길 29  (번동,지층)",,아이러브 PC클럽,127.027018534163,37.6380672373616
서울특별시 강북구 번동 464-14번지 2층,"서울특별시 강북구 도봉로96길 11  (번동,2층)",,벙커속의저글링,127.029578494872,37.6405883896446
서울특별시 강북구 미아동 137-4번지 2층,"서울특별시 강북구 도봉로24길 16  (미아동,2층)",,논스톱PC,127.029892967434,37.619521180855
서울특별시 강북구 수유동 286-7번지,서울특별시 강북구 삼양로123길 10 (수유동),1029,로마루 PC,127.015299663419,37.6449524999366
서울특별시 강북구 미아동 211-9번지 2층,,,Xeno(제노),,
서울특별시 강북구 번동 445-1번지 2층,"서울특별시 강북구 오패산로 411  (번동,2층)",,유니넷PC방 번동점,127.026439292291,37.6372594553038
서울특별시 강북구 번동 148-323번지 2층,"서울특별시 강북구 오현로25다길 91  (번동,2층)",,사이버 피플,127.033007316373,37.6256226479415
"서울특별시 강북구 수유동 455-66번지 , 2층 ","서울특별시 강북구 덕릉로 1  (수유동,, 2층)",,제너시스21,127.013750291232,37.6339698664113
서울특별시 강북구 미아동 305-1,"서울특별시 강북구 도봉로49길 11, 3층 (미아동)",1170,아이리쉬PC,127.025765702919,37.6250118704133
서울특별시 강북구 번동 446-13번지 가든타워201호,"서울특별시 강북구 도봉로 328  (번동,가든타워201호)",,주식회사 게임아이,127.025191277715,37.6371277340534
서울특별시 강북구 수유동 188-6번지 현광빌딩,"서울특별시 강북구 한천로 1077, 현광빌딩 지하1층 (수유동)",1070,BeBe PC 수유점,127.023205205737,37.6423135787989
서울특별시 강북구 수유동 119-11번지 지층,"서울특별시 강북구 삼양로 346  (수유동,지층)",,드림존 PC방,127.017666458347,37.6344097467844
서울특별시 강북구 번동 136번지 솔그린아파트 상가2층,"서울특별시 강북구 오현로20길 46  (번동,솔그린아파트 상가2층)",,비타민PC,127.039061654283,37.6266916218151
서울특별시 강북구 수유동 252-121번지 지층,"서울특별시 강북구 노해로 97  (수유동,지층)",,샤인 PC방,127.022945442913,37.644303543265
서울특별시 강북구 미아동 49-62,"서울특별시 강북구 월계로7길 38, 1층 (미아동)",1222,로또PC,127.03348235304,37.6118531662105
서울특별시 강북구 수유동 230-7 효성 인텔리안 오피스텔,"서울특별시 강북구 도봉로 313, 효성 인텔리안 오피스텔 지층 (수유동)",1073,메가런PC방,127.023461920784,37.6364404587321
서울특별시 강북구 미아동 52-1번지 방천프라자,"서울특별시 강북구 월계로7나길 4, 방천프라자 (미아동)",1218,와우PC방,127.033708462013,37.6129553716493
"서울특별시 강북구 미아동 226-56번지 ,2층 ","서울특별시 강북구 솔매로 89  (미아동,,2층)",,X인터넷피시방,127.022065541169,37.6253105767453
서울특별시 강북구 수유동 404-10번지 (2층) 903동 0916호,"서울특별시 강북구 삼양로 370, 903동 0916호 (수유동,(2층))",,우와넷,127.017452700056,37.6364568174109
"서울특별시 강북구 미아동 838-46번지 ,47, 3층 ","서울특별시 강북구 솔샘로 219  (미아동,,47, 3층)",,짱 인터넷PC게임방,127.017102732859,37.6201618073002
서울특별시 강북구 미아동 202-1번지,"서울특별시 강북구 도봉로 249, 2층 (미아동)",1118,해PC 수유시장점,127.024068364748,37.6307272765646
서울특별시 강북구 수유동 256-3번지,서울특별시 강북구 한천로 1118  (수유동),,와후수유점,127.020186917746,37.6449887953472
서울특별시 강북구 수유동 220-29번지 (2층),"서울특별시 강북구 노해로 56  (수유동,(2층))",,사이버월드,127.022771649695,37.6406614379771
서울특별시 강북구 미아동 52-47번지 2층,"서울특별시 강북구 월계로7길 49  (미아동,2층)",,파워넷,127.033464453081,37.6123473637194
서울특별시 강북구 수유동 279-264번지 지층,"서울특별시 강북구 4.19로 3  (수유동,지층)",,스피드PC프라자,127.013861190181,37.6479190764902
서울특별시 강북구 번동 268-2번지 2층,"서울특별시 강북구 한천로109길 3  (번동,2층)",,넷클럽,127.043812914652,37.6284570581872
서울특별시 강북구 미아동 373-56번지 2층,"서울특별시 강북구 솔샘로 313  (미아동,2층)",,허브PC카페,127.027034998142,37.6175237492199
서울특별시 강북구 미아동 258-601번지 7동2층,,,남영PC방,,
"서울특별시 강북구 미아동 55-20번지 , 1층 ","서울특별시 강북구 도봉로10가길 15  (미아동,, 1층)",,아이존,127.031361727002,37.6130064740091
서울특별시 강북구 수유동 340-13번지 2층,"서울특별시 강북구 삼양로 447  (수유동,2층)",,인터넷존,127.015934869853,37.6433428979238
서울특별시 강북구 미아동 309-3번지 3층,"서울특별시 강북구 삼양로54길 147  (미아동,3층)",,바이러스게임방,127.025934549499,37.6238839778191
서울특별시 강북구 우이동 72-133번지 2층,서울특별시 강북구 삼양로 531 (우이동),1010,사이버프랜드 PC방,127.013097068503,37.6502235187092
서울특별시 강북구 번동 191번지 기산그린아파트,"서울특별시 강북구 월계로37길 137, 지하1층 (번동, 기산그린아파트)",1226,라임 PC&CAFE(번동점),127.043435610265,37.627170859251
서울특별시 강북구 번동 467-1번지,서울특별시 강북구 도봉로98길 28  (번동),,클릭PC방,127.031161643215,37.641068927668
서울특별시 강북구 번동 415-1번지 3층,"서울특별시 강북구 한천로131길 33  (번동,3층)",,피씨방,127.026890682256,37.6379253614354
서울특별시 강북구 수유동 177-40번지 2층,,,투어 PC,,
서울특별시 강북구 번동 437-12번지 3층,"서울특별시 강북구 덕릉로 136-1  (번동,3층)",,초콜릿PC존(번동점),127.0289108691,37.6349086554675
서울특별시 강북구 수유동 50-1번지 2층,"서울특별시 강북구 도봉로77길 25  (수유동,2층)",,PC매니아,,
서울특별시 강북구 수유동 54-6번지,서울특별시 강북구 도봉로 259 (수유동),1117,방아간PC방,127.02375274585,37.6314386690103
서울특별시 강북구 수유동 278-3번지 2층,"서울특별시 강북구 삼양로 504 (수유동,2층)",,라임 PC카페->단 PC카페,,
서울특별시 강북구 수유동 119-9번지 3층,"서울특별시 강북구 덕릉로 37  (수유동,3층)",,고수골,127.017827786225,37.6344040463093
서울특별시 강북구 미아동 134-94번지 엠디시빌딩,"서울특별시 강북구 도봉로 132, 엠디시빌딩 2층 (미아동)",1161,3POP PC방 미아점,127.028707276977,37.6207624056416
서울특별시 강북구 번동 441-9번지,서울특별시 강북구 덕릉로 130 (번동),1130,천지pc,127.028078473772,37.6348393905176
서울특별시 강북구 수유동 220-35,"서울특별시 강북구 노해로 64-1, 1층 (수유동)",1070,다온PC,127.022706251764,37.6413324137641
서울특별시 강북구 미아동 35-23번지 3층,"서울특별시 강북구 도봉로6길 12  (미아동,3층)",,멀티PC방,127.0307538598,37.6124613555372
서울특별시 강북구 번동 268-0번지 3층,"서울특별시 강북구 월계로37길 146  (번동,3층)",,프로인터넷,127.043618953383,37.6284243341433
서울특별시 강북구 미아동 1265-11번지 2층,,,클로벌PC방,,
서울특별시 강북구 수유동 190-49번지 3층,"서울특별시 강북구 한천로139길 10  (수유동,3층)",,사이버 퀸 PC방,127.026107427602,37.6398017482155
서울특별시 강북구 수유동 172-170번지 1층,"서울특별시 강북구 한천로140길 49  (수유동,1층)",,퓨전,127.028539876058,37.6418362386848
서울특별시 강북구 수유동 220-47번지 지층,"서울특별시 강북구 한천로143길 36  (수유동,지층)",,n스타PC,127.023284464785,37.6406870159442
서울특별시 강북구 수유동 252-145번지 3층,"서울특별시 강북구 노해로 95  (수유동,3층)",,넷 킹,127.022681122062,37.6440189735156
서울특별시 강북구 번동 447-7,"서울특별시 강북구 오패산로67길 42, 1층 (번동)",1065,셈미PC방,127.025790715108,37.6357653148818
서울특별시 강북구 미아동 209-6번지 2층,"서울특별시 강북구 도봉로 199  (미아동,2층)",,인터넷PC월드,127.025766530318,37.6264243473455
서울특별시 강북구 미아동 67-1번지 1층,,,윙크링크,,
서울특별시 강북구 수유동 178-16번지 2층,"서울특별시 강북구 한천로144길 11  (수유동,2층)",,프로게이머,127.025561948799,37.6416490662271
서울특별시 강북구 수유동 605-444번지 2층,"서울특별시 강북구 삼양로77길 25  (수유동,2층)",,아이지존,127.016878572118,37.6296952731454
서울특별시 강북구 수유동 223-9번지 2층,"서울특별시 강북구 도봉로87길 43  (수유동,2층)",,큐릭스pc방,127.023476311114,37.6389665476182
서울특별시 강북구 미아동 838-96,"서울특별시 강북구 솔샘로 225, 3층 (미아동)",1188,런PC방,127.017759024953,37.6201521598856
서울특별시 강북구 미아동 258-111번지 2CMD,,,NEOPC CLUB,,
서울특별시 강북구 수유동 48-55번지 3층,"서울특별시 강북구 수유로 38  (수유동,3층)",,테라인터넷,127.019579360982,37.6342200576908
서울특별시 강북구 미아동 302-20번지 2층,"서울특별시 강북구 솔매로 102  (미아동,2층)",,U2인터넷PCCLUB,127.023590672591,37.6254802979209
서울특별시 강북구 미아동 374-13번지 2층,"서울특별시 강북구 솔샘로 327  (미아동,2층)",,사이버리아PC방,127.028455452166,37.617439353054
서울특별시 강북구 미아동 309-52번지 3층,"서울특별시 강북구 삼양로54길 143  (미아동,3층)",,"마징가PC,방",127.025792259305,37.6238427437952
서울특별시 강북구 수유동 47-46번지,서울특별시 강북구 수유로 50 (수유동),1081,아이비스 PC방 수유점,127.019633094903,37.6352073486734
서울특별시 강북구 수유동 685-9번지 2층,"서울특별시 강북구 노해로 124  (수유동,2층)",,인터넷뉴월드,127.02493172925,37.6459883405072
서울특별시 강북구 미아동 42-95번지 2층,"서울특별시 강북구 월계로3길 12  (미아동,2층)",,실로암컴퓨터(주),127.031437823398,37.6102810521026
서울특별시 강북구 미아동 3-802번지 3층,"서울특별시 강북구 오현로 35  (미아동,3층)",,마린인터넷플라자,127.033899981641,37.616689463704
서울특별시 강북구 수유동 605-444번지 2층,"서울특별시 강북구 삼양로77길 25  (수유동,2층)",,웹시티 PC방,127.016878572118,37.6296952731454
서울특별시 강북구 미아동 460-2번지 지층,"서울특별시 강북구 솔샘로64길 7  (미아동,지층)",,무한클릭 PC방,127.027551039923,37.6168978935849
서울특별시 강북구 수유동 360-20번지 2층,"서울특별시 강북구 삼양로 423  (수유동,2층)",,아마존PC방,127.016597361265,37.6412513516267
서울특별시 강북구 수유동 10-40번지 삼오빌딩,"서울특별시 강북구 노해로 31, 삼오빌딩 2층 (수유동)",1078,여우PC,127.022546310141,37.6384751516532
서울특별시 강북구 수유동 1-71,"서울특별시 강북구 수유로 73-1, 2층 (수유동)",1080,놀이터PC,127.021818998094,37.6363853634038
서울특별시 강북구 수유동 7-9번지 지층,"서울특별시 강북구 수유로 76  (수유동,지층)",,짱PC,127.021933362617,37.6361661324857
서울특별시 강북구 수유동 279-20번지 2층,"서울특별시 강북구 4.19로 4  (수유동,2층)",,넷스페이스,127.013730047776,37.6483246244788
서울특별시 강북구 우이동 72-133번지 2층,"서울특별시 강북구 삼양로 531  (우이동,2층)",,사이버리아말티PC방우이동점,127.013097068503,37.6502235187092
서울특별시 강북구 수유동 322-25번지 지층,"서울특별시 강북구 삼양로 470  (수유동,지층)",,드림피씨방,127.015895706194,37.6451277526052
서울특별시 강북구 수유동 252-145번지 3층,"서울특별시 강북구 노해로 95 (수유동,3층)",,리플레이PC,127.022681122062,37.6440189735156
서울특별시 강북구 수유동 1-61번지,"서울특별시 강북구 수유로 77, 2층 (수유동)",1080,라스베가스PC,127.022147215854,37.6363827794914
서울특별시 강북구 수유동 725-3번지 2층,"서울특별시 강북구 노해로33길 23  (수유동,2층)",,인터스페이스,127.023124384085,37.6462207119261
서울특별시 강북구 수유동 461-21번지 (2층) 986동 9180호,"서울특별시 강북구 덕릉로 18, 986동 9180호 (수유동,(2층))",,매직스페이스,127.01549632779,37.6338496387237
서울특별시 강북구 번동 201-1번지 3층,,,인터넷PCAJTLS,,
서울특별시 강북구 수유동 319-12,"서울특별시 강북구 삼양로123길 6-12, 1층 (수유동)",1029,히든PC,127.01533668915,37.6453755971713
서울특별시 강동구 암사동 491-37,"서울특별시 강동구 상암로 73, 1층 (암사동)",5261,세븐 PC,127.131245822201,37.5486440482384
서울특별시 성동구 용답동 49-20번지 새마을금고,"서울특별시 성동구 용답19길 17-1, 새마을금고 지하1층 (용답동)",4804,탑클래스PC 용답점,127.052481864068,37.5638156826095
서울특별시 성동구 송정동 79-2,"서울특별시 성동구 광나루로 337, 2층 (송정동)",4801,행운 PC,127.067234924413,37.5485118802394
서울특별시 성동구 금호동1가 1756-1 금호연풍교회,"서울특별시 성동구 금호로 86, 금호연풍교회 2층 나호 (금호동1가)",4718,1프로PC아레나,127.025769360191,37.5512121044209
서울특별시 성동구 용답동 232-1 신창비바패밀리,"서울특별시 성동구 천호대로 400, 지1층 B112호 (용답동, 신창비바패밀리)",4808,장한평PC방,127.063321479459,37.5612964964549
서울특별시 성동구 행당동 298-86 에뜨롬행당,"서울특별시 성동구 행당로17길 27, 2층 (행당동, 에뜨롬행당)",4715,레드포스 PC 아레나 왕십리점,127.032586553151,37.5606049409487
서울특별시 성동구 금호동2가 325-0번지,서울특별시 성동구 금호산길 71  (금호동2가),,검프인터넷게임방,127.019601957921,37.5545554514075
서울특별시 성동구 성수동1가 13-103번지,서울특별시 성동구 상원길 58 (성수동1가),4791,프리미엄 본스 PC방,127.048207218373,37.5491362031845
서울특별시 성동구 행당동 19-7번지,"서울특별시 성동구 마조로3가길 15, 지하 1층 (행당동)",4760,도깨비PC방Ⅱ,127.03989916258,37.55928471794
서울특별시 성동구 용답동 55-1번지,"서울특별시 성동구 용답15길 14 (용답동, 삼도빌딩)",4804,코아인PC방,127.051947277565,37.5642917351454
서울특별시 성동구 성수동1가 241번지 동현빌딩,"서울특별시 성동구 성덕정길 58, 동현빌딩 (성수동1가)",4775,인디고PC방,127.04983797524,37.5380170136893
서울특별시 성동구 성수동1가 13-133번지,서울특별시 성동구 상원길 50 (성수동1가),,지투존 PC방(뚝섬역점),127.048435238491,37.5484290061859
서울특별시 성동구 사근동 176-1번지,서울특별시 성동구 사근동길 52  (사근동),,인터뱅크,127.046514947844,37.5607588505651
서울특별시 성동구 하왕십리동 966-20,"서울특별시 성동구 무학봉28길 1, B1층 (하왕십리동)",4715,앤탑 PC,127.032382076511,37.5625318686893
서울특별시 성동구 홍익동 106번지,"서울특별시 성동구 마장로 201, 2층 (홍익동)",4706,스타 PC방,127.032188966313,37.5666985784504
서울특별시 성동구 사근동 185-1번지,"서울특별시 성동구 사근동8길 11, 2층 (사근동)",4762,秀(수)PC방,127.046826592712,37.5601257771204
서울특별시 성동구 행당동 25-2번지,서울특별시 성동구 왕십리로 236-1 (행당동),4763,아이닉스 PC,127.041298107188,37.5579403096281
서울특별시 성동구 금호동2가 960-0번지,,,클릭I,,
서울특별시 성동구 금호동1가 125-1 125-1번지 B1층,서울특별시 성동구 행당로 1 (금호동1가),4721,긱스타 Cafe pc방,127.020335835064,37.5548124720494
서울특별시 성동구 금호동4가 1192 남지빌딩,"서울특별시 성동구 장터길 34, 남지빌딩 B01층 (금호동4가)",4725,래드포스PC,127.019612621523,37.5481743997868
서울특별시 성동구 성수동2가 289-15,"서울특별시 성동구 아차산로7길 8, 2층 (성수동2가)",4794,앤탑PC방,127.054482141376,37.5458574431701
서울특별시 성동구 옥수동 562번지,"서울특별시 성동구 매봉길 17, 309,310,311호 (옥수동, 래미안옥수리버젠)",4733,제노PC방,,
서울특별시 성동구 행당동 19-54번지,"서울특별시 성동구 마조로 17, B1층 (행당동, 한양시장)",4760,비원(BONE) PC,127.040469845279,37.5595557237992
서울특별시 성동구 송정동 68-53,서울특별시 성동구 동일로 187 (송정동),4801,맞짱PC,127.067435713733,37.548931360746
서울특별시 성동구 성수동2가 506번지,서울특별시 성동구 성덕정길 84 (성수동2가),,N JOY PC방,127.052762758573,37.5377619313618
서울특별시 성동구 성수동2가 299-151번지,서울특별시 성동구 성수일로12길 15  (성수동2가),,올넷(ALL NET),127.052938959553,37.5486887229106
서울특별시 성동구 행당동 297-6번지,서울특별시 성동구 행당로15길 21 (행당동),,원게임 PC방,127.031074791355,37.5597847205551
서울특별시 성동구 행당동 267-23,"서울특별시 성동구 고산자로 234, 지하1층 (행당동)",4744,이스포츠센터,127.03526540093,37.5605265052689
서울특별시 성동구 성수동2가 507-1번지,"서울특별시 성동구 성덕정길 86, 2층 (성수동2가)",4775,2RANG PC,127.053043206878,37.5377024298091
서울특별시 성동구 성수동2가 566-30 2층,서울특별시 성동구 성덕정19길 1 (성수동2가),4776,거북선PC방,127.055463400818,37.5373831747349
서울특별시 성동구 금호동1가 628번지,"서울특별시 성동구 난계로 32, 2층 (금호동1가)",4718,쓰리팝 PC,127.025029317419,37.5551410652603
서울특별시 성동구 상왕십리동 811 텐즈힐,"서울특별시 성동구 마장로 137, 2층 2136호, 2137호 (상왕십리동, 텐즈힐)",4700,W PC,127.025053595952,37.5678250213489
서울특별시 성동구 금호동1가 1756-1번지 24통8반 가동3층,"서울특별시 성동구 금호로 86  (금호동1가,가동3층)",,듀얼인터넷pc방,127.025769360191,37.5512121044209
서울특별시 성동구 하왕십리동 946-12번지 3층,,,인터넷PC게임방,,
서울특별시 성동구 행당동 290-31번지,서울특별시 성동구 왕십리로21길 14  (행당동),,멀티PC게임방,127.032864490866,37.5612978205226
서울특별시 성동구 행당동 19-100,"서울특별시 성동구 마조로 9, 지하1층 (행당동)",4760,G PLUS PC방,127.040554610589,37.5587090278115
서울특별시 성동구 하왕십리동 946-18번지,,,스타인터넷게임방,,
서울특별시 성동구 성수동2가 300-65번지 현진빌딩,"서울특별시 성동구 아차산로 91, 현진빌딩 4층 (성수동2가)",4794,WEST PC방,127.054482759879,37.545307923565
서울특별시 성동구 옥수동 450-21번지,서울특별시 성동구 독서당로39길 43-1  (옥수동),,사이버넷,127.010937661597,37.5408854464724
서울특별시 성동구 하왕십리동 966-11 유성빌딩,"서울특별시 성동구 왕십리로 333, 유성빌딩 지하1층 (하왕십리동)",4715,텐즈PC (TENZ PC),127.032571064368,37.562723999259
서울특별시 성동구 마장동 773-2번지 773-2번지 2층,서울특별시 성동구 마장로 283 (마장동),4756,블랙홀PC방,127.041429927751,37.5656518033574
서울특별시 성동구 행당동 19-51번지,서울특별시 성동구 마조로5길 3-3  (행당동),,CYBER ZONE,127.040672881648,37.5597496386723
서울특별시 성동구 행당동 227-1번지,서울특별시 성동구 왕십리로 284  (행당동),,단비넷PC방,127.036904798892,37.5597786273063
서울특별시 성동구 용답동 63-2번지 4층,"서울특별시 성동구 천호대로 304  (용답동,4층)",,테크노pc방,127.054020786993,37.5654468726963
서울특별시 성동구 하왕십리동 1016-2번지,서울특별시 성동구 무학봉길 50 (하왕십리동),4714,힘쎈수달 PC방,127.028286038522,37.5603842241488
서울특별시 성동구 행당동 19-98번지,"서울특별시 성동구 마조로 11, 지하1층 (행당동)",4760,3POP PC2(쓰리팝 PC2),127.040664404256,37.5589370324066
서울특별시 성동구 성수동2가 331-243번지,서울특별시 성동구 성덕정17길 12  (성수동2가),,사이버피시방,127.055339295186,37.5383228860946
서울특별시 성동구 성수동2가 300-66번지,서울특별시 성동구 아차산로 93  (성수동2가),,인터뱅크,127.05468798751,37.5452517865527
서울특별시 성동구 옥수동 535-14번지,서울특별시 성동구 매봉길 54-1 (옥수동),133-846,도깨비 PC방,,
서울특별시 성동구 행당동 4-15번지,서울특별시 성동구 마조로1가길 4 (행당동),,도깨비 PC방,127.039581541457,37.5602780838591
서울특별시 성동구 금호동3가 1304,서울특별시 성동구 장터길 19 (금호동3가),,인디고PC방 금호본점,127.018033514449,37.5484801801775
서울특별시 성동구 행당동 19-50번지,,,icon,,
서울특별시 성동구 행당동 19-46,"서울특별시 성동구 마조로5길 7, 지하1층 (행당동)",4760,TEN PC방,127.040381543832,37.5599355242388
서울특별시 성동구 성수동2가 506-0번지,서울특별시 성동구 성덕정길 84  (성수동2가),,N-JOY,127.052762758573,37.5377619313618
서울특별시 성동구 행당동 19-54번지,"서울특별시 성동구 마조로 17 (행당동, 한양시장)",4760,본스PC방 (BONS PC),127.040469845279,37.5595557237992
서울특별시 성동구 도선동 167,"서울특별시 성동구 왕십리로24길 27, 2층 (도선동)",4708,형네 PC방,127.034286098898,37.5648418461351
서울특별시 성동구 용답동 1-6,"서울특별시 성동구 천호대로 312, 2층 (용답동, 태광빌딩)",4805,하투PC,127.054560923079,37.5649822509522
서울특별시 성동구 금호동3가 210 2층,"서울특별시 성동구 독서당로 329, 2층 (금호동3가)",4730,시티 PC,127.025502304004,37.5482750875088
서울특별시 성동구 행당동 19-101,"서울특별시 성동구 마조로 7, 지하1층 (행당동)",4760,레벨업(LEVEL UP)PC CAFE,127.040443630196,37.5585875213707
서울특별시 강북구 수유동 279-37번지 (4층),"서울특별시 강북구 삼양로 516  (수유동,(4층))",,블리자드,127.014168603126,37.64907707393
서울특별시 강북구 수유동 183-4번지 한영빌딩 3층,"서울특별시 강북구 노해로 88  (수유동,한영빌딩 3층)",,로드넷,127.022676033029,37.6433057554597
서울특별시 강북구 번동 446-14번지 3층,"서울특별시 강북구 도봉로 336  (번동,3층)",,삼보피씨광장,127.025692922639,37.6376847950519
서울특별시 강북구 미아동 52-56번지 2층,"서울특별시 강북구 월계로7나길 9  (미아동,2층)",,광인터넷PC나라,127.033362173064,37.6125859745342
서울특별시 강북구 수유동 48-73번지 3층,"서울특별시 강북구 덕릉로 64  (수유동,3층)",,네오프러스PC방,127.020807468228,37.6342709333841
서울특별시 강북구 수유동 173-4번지 3층,"서울특별시 강북구 도봉로 381  (수유동,3층)",,에니넷PC죤,127.028561585582,37.6411270685711
서울특별시 강북구 우이동 72-147번지 2층,"서울특별시 강북구 삼양로 529  (우이동,2층)",,고개드니날샛네,127.013182815726,37.650032500731
"서울특별시 강북구 수유동 472-30번지 ,3층 ","서울특별시 강북구 삼양로 337  (수유동,,3층)",,리얼탑넷,127.01734565592,37.6336215220719
서울특별시 강북구 미아동 134-23번지 3층,"서울특별시 강북구 도봉로 130  (미아동,3층)",,U2인터넷PC클럽,127.028880419338,37.6206306390013
서울특별시 강북구 수유동 313-20번지 2층,"서울특별시 강북구 삼양로123길 27  (수유동,2층)",,인터파크,127.014064641895,37.6445995580184
서울특별시 강북구 수유동 47-53번지 3층,"서울특별시 강북구 수유로 42  (수유동,3층)",,로그인PC방,127.019575850107,37.6346564956703
서울특별시 강북구 수유동 134-3번지 2층,"서울특별시 강북구 수유로 69-1  (수유동,2층)",,성호인터넷PC방,127.021393439051,37.6363182278353
서울특별시 강북구 수유동 405-17번지 1층,"서울특별시 강북구 삼양로91길 11-15  (수유동,1층)",,루키죤PC방,127.016440995684,37.6360784588166
서울특별시 강북구 수유동 119-11번지 지층,"서울특별시 강북구 삼양로 346  (수유동,지층)",,페스타임,127.017666458347,37.6344097467844
서울특별시 강북구 미아동 305-1번지 3층,"서울특별시 강북구 도봉로49길 11  (미아동,3층)",,인터넷멀티죤ⅡPC방,127.025765702919,37.6250118704133
서울특별시 강북구 수유동 192-61번지 영남빌딩501호,"서울특별시 강북구 한천로139길 42  (수유동,영남빌딩501호)",,썬PC클럽,127.024948947089,37.6388575866282
서울특별시 강북구 수유동 229-4번지 지하1층,"서울특별시 강북구 도봉로 337  (수유동,지하1층)",,아이닉스 PC방,127.025268963896,37.6380260896375
서울특별시 강북구 미아동 55-43번지 4층,"서울특별시 강북구 월계로3길 69  (미아동,4층)",,싸이버공원,127.031384301029,37.6128206841138
서울특별시 강북구 수유동 312-2번지 1층,"서울특별시 강북구 삼양로117길 37  (수유동,1층)",,미션#1 장미원점,,
서울특별시 강북구 수유동 263-7번지 성은빌딩,"서울특별시 강북구 한천로 1127, 성은빌딩 3층 (수유동)",1040,오션PC,127.01905594543,37.6452973902375
서울특별시 강북구 수유동 248-30,"서울특별시 강북구 한천로 1105, 1층 (수유동)",1043,백구PC,127.020962124279,37.6439897391917
서울특별시 강북구 수유동 173-19번지 2층,"서울특별시 강북구 도봉로 385  (수유동,2층)",,아마존,127.028764274379,37.6413933503416
서울특별시 강북구 미아동 54-211번지 1층,"서울특별시 강북구 월계로7나길 29  (미아동,1층)",,메게넷인터넷PC방,127.032280468835,37.6124186914476
서울특별시 강북구 번동 446-17번지 2층,"서울특별시 강북구 오패산로77길 4  (번동,2층)",,JOYFUL(조이풀)PCCLUB,127.026198676491,37.6373384352726
서울특별시 강북구 미아동 74-3번지 2층,,,무한공간,,
서울특별시 강북구 미아동 762-36번지 지하,"서울특별시 강북구 솔매로 70  (미아동,지하)",,초콜릿PC방,127.019873212319,37.624747579185
서울특별시 강북구 번동 462-110번지 2층,"서울특별시 강북구 도봉로96길 24  (번동,2층)",,G-zone PC방,127.029827573322,37.6401211664112
서울특별시 강북구 미아동 70-26번지 (2층),,,인터넷프라자,,
서울특별시 강북구 미아동,,,마시멜로 PC방,,
서울특별시 강북구 미아동 777-18번지 3층,,,왔구나PC방,,
"서울특별시 강북구 미아동 469-16번지 ,2층 ","서울특별시 강북구 도봉로13길 47  (미아동,,2층)",,컴생컴사인터넷멀티게임장,127.027648004629,37.6150858031305
서울특별시 강북구 수유동 58-9번지 2층,"서울특별시 강북구 삼양로 292  (수유동,2층)",,인터스페이스,127.018128174988,37.6294756976145
서울특별시 강북구 미아동 762-130번지,서울특별시 강북구 솔매로 73 (미아동),1127,로또pc,,
서울특별시 강북구 우이동 72-70번지,"서울특별시 강북구 삼양로 522, 지하1층 (우이동)",1044,소풍PC방 덕성여대점,127.013864912424,37.6496557214652
서울특별시 강북구 수유동 10-1번지,서울특별시 강북구 노해로 37 (수유동),1078,보고플레이,127.022516986001,37.6389179913251
서울특별시 강북구 수유동 176-1번지 1층,"서울특별시 강북구 한천로144길 22  (수유동,1층)",,스크린도둑,127.02613624169,37.6418438233296
서울특별시 강북구 미아동 134-21번지 1층,"서울특별시 강북구 도봉로30길 6  (미아동,1층)",,영화마을미아9동점,127.028946317748,37.6208558697605
서울특별시 강북구 수유동 175-43번지 1층,"서울특별시 강북구 도봉로95길 41  (수유동,1층)",,신새대컴퓨터게임랜드,127.026794745565,37.642101717538
서울특별시 강북구 수유동 455-60번지,서울특별시 강북구 인수봉로50길 10  (수유동),,홍능과학출판사,127.013561392872,37.6349963811035
서울특별시 강북구 수유동 451-172번지 2층,"서울특별시 강북구 덕릉로 27  (수유동,2층)",,한게임오때,127.01651174301,37.634260530625
서울특별시 강북구 수유동 221-22번지 2층,"서울특별시 강북구 도봉로87길 48  (수유동,2층)",,준피씨방,127.023275387948,37.6391938158003
서울특별시 강북구 우이동 41-11번지 2층,"서울특별시 강북구 삼양로 625  (우이동,2층)",,플레이플보스 PC방,127.013568757639,37.6586695455225
서울특별시 강북구 미아동 60-5번지 58(3층310호),,,예스인터넷,,
서울특별시 강북구 수유동 254-27번지,서울특별시 강북구 한천로 1130  (수유동),,럭셔리 PC방,127.019199509888,37.6457425430797
서울특별시 강북구 미아동 773-8번지 2층,"서울특별시 강북구 솔매로 77  (미아동,2층)",,라이너 PC방,127.020812941036,37.6250520408791
서울특별시 강북구 수유동 30-42번지 2층,"서울특별시 강북구 노해로 53  (수유동,2층)",,썬 pc카페,127.022352692152,37.6404004127581
서울특별시 강북구 미아동 688-1번지 2층,"서울특별시 강북구 솔샘로 264 (미아동,2층)",,비발디 PC방,127.021645846432,37.6190759116726
서울특별시 강북구 미아동 58-0번지 402호,"서울특별시 강북구 도봉로 41-1  (미아동,402호)",,탑 인터월드,127.029674823532,37.6127184136305
서울특별시 강북구 미아동 322-25번지 지하,"서울특별시 강북구 도봉로29길 10  (미아동,지하)",,일루젼,127.027664593676,37.6207303993394
서울특별시 강북구 미아동 60-16번지 (3층),"서울특별시 강북구 도봉로 45  (미아동,(3층))",,짱인터넷PC방,127.02945322795,37.6131435556689
서울특별시 강북구 미아동 61-85번지 4층,"서울특별시 강북구 도봉로 59  (미아동,4층)",,매직캐슬,127.029674064367,37.6142282907429
"서울특별시 강북구 번동 308-3번지 ,2층 ","서울특별시 강북구 오현로34길 12  (번동,,2층)",,인터라인,127.040039504413,37.6286035478846
서울특별시 강북구 수유동 680-19번지 2층,"서울특별시 강북구 노해로 113  (수유동,2층)",,IBC-net,127.023887945328,37.6453844468256
"서울특별시 강북구 우이동 72-70번지 ,2층 ","서울특별시 강북구 삼양로 522  (우이동,,2층)",,어라 PC 방이네,127.013864912424,37.6496557214652
"서울특별시 강북구 미아동 415-5번지 ,2층 ","서울특별시 강북구 솔샘로64길 2  (미아동,,2층)",,NetZone,127.027220785164,37.6169805908464
서울특별시 강북구 번동 464-14번지,서울특별시 강북구 도봉로96길 11  (번동),,아이닉스 PC방,127.029578494872,37.6405883896446
서울특별시 강북구 수유동 48-1번지 제네스타워,"서울특별시 강북구 덕릉로 82, 제네스타워 3층 (수유동)",1113,T-U PC방,127.022843274109,37.6344266074982
서울특별시 강북구 미아동 224-61번지 2층,"서울특별시 강북구 솔매로 101  (미아동,2층)",,사이버랜드,127.023421827389,37.6256538616326
"서울특별시 강북구 수유동 192-3번지 ,4층 ","서울특별시 강북구 한천로139나길 1  (수유동,,4층)",,ALPHA.net(알파넷),127.025278711331,37.6390404163578
서울특별시 강북구 번동 192번지,"서울특별시 강북구 월계로37길 107, 2층 (번동)",1226,인디고PC방,127.043944960774,37.6268447837905
서울특별시 강북구 미아동 224-58번지 2층동,서울특별시 강북구 솔매로43길 11-3 (미아동),1126,"엔터,인터넷 PC방",127.023983541993,37.6262360565903
서울특별시 강북구 수유동 23-66번지 지층동,"서울특별시 강북구 노해로11길 15, 지층동 (수유동)",,테마PC방,127.02177010717,37.6388966880632
서울특별시 강북구 미아동 762-49번지 3층,"서울특별시 강북구 솔매로 79  (미아동,3층)",,미션#1미아점,127.021022172022,37.6250699334293
서울특별시 강북구 수유동 346-12번지 수목빌딩 3층호,,,순풍인터넷PC,,
서울특별시 영등포구 영등포동3가 3-4 대흥빌딩,"서울특별시 영등포구 영등포로 248, 대흥빌딩 104호 (영등포동3가)",7303,수박PC,126.908762583452,37.5188636633622
서울특별시 강북구 미아동 160-3 수유역푸르지오시티,"서울특별시 강북구 도봉로 290, 203호 (미아동, 수유역푸르지오시티)",1128,골드PC,127.023773791961,37.6342034297487
"서울특별시 강북구 미아동 42-73번지 ,2층 ","서울특별시 강북구 월계로3길 28  (미아동,,2층)",,SF인터넷PC방,127.031362337692,37.6109545615904
"서울특별시 강북구 번동 178-1번지 , 지층 ","서울특별시 강북구 한천로109길 33  (번동,, 지층)",,G.M.I,127.042294815654,37.6280914512264
서울특별시 강북구 수유동 535-20번지,서울특별시 강북구 인수봉로75길 72  (수유동),,디브이드키드,127.007049353103,37.6443796248858
서울특별시 강북구 수유동,서울특별시 강북구 삼양로79길 20 (수유동),1099,허브PC,127.016586123075,37.6309623714762
서울특별시 강북구 수유동 191-76번지 5층,"서울특별시 강북구 도봉로87길 14  (수유동,5층)",,미션,127.024989508928,37.6385208799929
서울특별시 강북구 미아동 225-45번지 3층,"서울특별시 강북구 솔매로 99  (미아동,3층)",,삼보인터넷PC광장,127.023205783688,37.6255918263219
서울특별시 강북구 미아동 459-2번지 지1층,"서울특별시 강북구 솔샘로64길 지하 7, 지1층 (미아동)",142-140,볼트PC방,,
서울특별시 강북구 미아동 300-39번지 지층,"서울특별시 강북구 솔매로 84  (미아동,지층)",,프리존PC방,127.021618108086,37.6249875656425
서울특별시 강북구 번동 434-9번지,"서울특별시 강북구 덕릉로40길 79 (번동, 대명빌딩)",1135,게임팩토리,127.033550579883,37.6343855765606
서울특별시 강북구 번동 229-9번지,"서울특별시 강북구 덕릉로40길 66 (번동, 신명타워)",1138,게임팩토리PC,127.033037300442,37.6337330474474
서울특별시 강북구 수유동 229-2번지 덕인빌딩 지층,"서울특별시 강북구 도봉로87길 3  (수유동,덕인빌딩 지층)",,나비 PC CLUB,127.025170304196,37.638095126176
"서울특별시 강북구 수유동 174-17 천지빌딩,유료주차장 ","서울특별시 강북구 한천로 1038, 천지빌딩,유료주차장 4층 (수유동)",1054,1프로 PC 아레나,127.027026777635,37.6401812161408
서울특별시 강북구 미아동 302-14번지 2층,,,썬클럽,,
서울특별시 강북구 미아동 132-22번지 2층,"서울특별시 강북구 도봉로30길 15  (미아동,2층)",,오렌지pc방,127.029209680277,37.6211559238267
서울특별시 강북구 수유동 90-14번지 2층,"서울특별시 강북구 도봉로77길 15  (수유동,2층)",,벤처PC,127.022360720421,37.6335413914787
서울특별시 강북구 미아동 55-38번지 3층,"서울특별시 강북구 도봉로10가길 16  (미아동,3층)",,엘프PC방,127.031231214192,37.6129187523112
서울특별시 강북구 미아동 258-129번지 2층,"서울특별시 강북구 오패산로52길 61  (미아동,2층)",,PC CLUB EZ,127.032279027625,37.6255907742857
서울특별시 강북구 수유동 39-30번지 3층,"서울특별시 강북구 노해로 57  (수유동,3층)",,사이버리아PC방,127.022233155548,37.6407709202116
서울특별시 강북구 수유동 191-26번지 2층,"서울특별시 강북구 도봉로89길 8  (수유동,2층)",,용가리PC방,127.026164986483,37.6391609551032
서울특별시 강북구 우이동 45-10번지 지층,"서울특별시 강북구 삼양로 623, 지층 (우이동)",1005,유니넷PC방(우이동점),127.013523839792,37.6584533150352
서울특별시 강북구 수유동 30-65번지 지하,"서울특별시 강북구 노해로11길 10  (수유동,지하)",,YES SIR PC방,127.022077316681,37.639078179423
서울특별시 강북구 수유동 168-22번지,서울특별시 강북구 한천로140길 74 (수유동),1055,타이탄pc,127.029429956149,37.6426006854172
서울특별시 강북구 번동 267-4번지,서울특별시 강북구 월계로37길 134 (번동),1226,맥스피드pc,,
서울특별시 강북구 수유동 2-9번지,"서울특별시 강북구 수유로 81, 3층 (수유동)",1080,파라다이스,127.022510327124,37.6363747821024
서울특별시 강북구 수유동 190-3,"서울특별시 강북구 한천로 1055, 2층 (수유동)",1071,홈런PC,127.025196975735,37.640916283958
"서울특별시 강북구 미아동 131-8번지 ,지층 ","서울특별시 강북구 도봉로 142  (미아동,,지층)",,미아PC게임방,127.028379309336,37.6215396768441
서울특별시 강북구 수유동 180-44번지 (2층),"서울특별시 강북구 한천로144길 31  (수유동,(2층))",,매직스페이스,127.026258097712,37.6423188853258
서울특별시 강북구 미아동 762-38번지 2층,"서울특별시 강북구 솔매로 72-1  (미아동,2층)",,HAT인터넷피씨방,127.020251787022,37.6247420187973
서울특별시 강북구 미아동 45-14번지 2층,"서울특별시 강북구 도봉로4길 37  (미아동,2층)",,쌈장 (SSAMJANG),127.032621786863,37.6112750623809
서울특별시 강북구 수유동 381-2번지 3층,"서울특별시 강북구 삼양로 424  (수유동,3층)",,인터매니아,127.017117690358,37.6414252573848
서울특별시 강북구 수유동 30-42번지 2층,"서울특별시 강북구 노해로 53  (수유동,2층)",,하루종일PC게임방,127.022352692152,37.6404004127581
서울특별시 강북구 수유동 191-66번지 3층,"서울특별시 강북구 한천로139길 33  (수유동,3층)",,킹덤,127.025469779274,37.6388376536752
서울특별시 강북구 수유동 385-5번지 3층,"서울특별시 강북구 삼양로 422  (수유동,3층)",,사이버리아수유본점,127.01707740381,37.6411467689148
"서울특별시 강북구 미아동 302-1번지 ,2층 ",,,인터필드,,
"서울특별시 강북구 미아동 860-189번지 ,3층 ",,,2000밀레니엄,,
서울특별시 강북구 미아동 791-957번지,서울특별시 강북구 삼양로 261  (미아동),,짱PC방,127.017966762994,37.626734560931
서울특별시 강북구 번동 510-35번지 충신빌딩 2층,"서울특별시 강북구 오현로31길 129  (번동,충신빌딩 2층)",,우주인터넷프라자,127.034502266654,37.6329712952548
서울특별시 강북구 번동 229-8번지 (2층) 989동 6951호,"서울특별시 강북구 덕릉로40길 79, 989동 6951호 (번동,(2층))",,Njoy,127.033550579883,37.6343855765606
서울특별시 강북구 미아동 207-2번지 2층,"서울특별시 강북구 도봉로 211  (미아동,2층)",,........................................,127.025415047869,37.6275050669958
"서울특별시 강북구 미아동 121-19번지 ,3층 ","서울특별시 강북구 도봉로 196  (미아동,,3층)",,인터피아,127.026574236378,37.6261436910197
서울특별시 강북구 미아동 35-4,"서울특별시 강북구 도봉로 34, 7층 (미아동, 트레지오빌딩)",1220,레드포스 PC 아레나 미아점,127.03072164571,37.6120685327599
서울특별시 강북구 수유동 50-68번지,"서울특별시 강북구 덕릉로24길 29-1 (수유동, 삼일미디어)",1114,둘리PC,,
서울특별시 강북구 번동 469-100번지,서울특별시 강북구 도봉로98길 42 (번동),1057,조은PC,127.031994967243,37.6410214029362
서울특별시 강북구 미아동 135-2번지,서울특별시 강북구 도봉로 126 (미아동),1164,eco PC cafe,127.028886630245,37.6202886225627
서울특별시 강북구 번동 165-4번지 유림빌딩 2층동,"서울특별시 강북구 한천로109길 53, 2층동 (번동,유림빌딩)",,사이버 길드,127.041410969408,37.6274625157464
서울특별시 강북구 미아동 35-20번지 (지층),"서울특별시 강북구 도봉로 40  (미아동,(지층))",,프리존,127.030433727904,37.6125920819171
"서울특별시 강북구 미아동 54-54번지 2,3층 ","서울특별시 강북구 도봉로10길 26  (미아동,2,3층)",,사이버리아(미아점),127.031009690469,37.6137697946048
서울특별시 강북구 수유동 340-2번지 3층,"서울특별시 강북구 삼양로117길 5  (수유동,3층)",,스카이PC방,127.015720170082,37.6434196905791
서울특별시 강북구 미아동 473-137번지 (2층),,,스타PC게임방,,
서울특별시 강북구 미아동 775-3번지 778-28 1호(2층),,,짱인터넷정보방,,
서울특별시 강북구 미아동 62-21번지 3층,"서울특별시 강북구 도봉로13길 22  (미아동,3층)",,애플인터넷,127.029183096151,37.6151596749424
서울특별시 강북구 번동 467-1번지 2층,"서울특별시 강북구 도봉로98길 28  (번동,2층)",,프리타임 PC방,127.031161643215,37.641068927668
서울특별시 강북구 수유동 254-44번지 (지층),"서울특별시 강북구 노해로23길 59  (수유동,(지층))",,넷클럽PC방,127.020129293023,37.6455924643934
서울특별시 강북구 미아동 54-138번지 3층,"서울특별시 강북구 도봉로10길 32  (미아동,3층)",,인터넷조인클럽,127.031122537382,37.6141334039203
"서울특별시 강북구 번동 191-0번지 상가203,204호 ",,,게임랜드,,
서울특별시 강북구 수유동 31-11번지 지층,"서울특별시 강북구 삼각산로34길 46  (수유동,지층)",,스카이PC네트웍,127.021651537423,37.6398676110843
"서울특별시 강북구 수유동 224-16번지 ,3층 ","서울특별시 강북구 노해로8길 33  (수유동,,3층)",,스피드PC방,127.024523415758,37.6385815239791
"서울특별시 강북구 수유동 299-0번지 ,298-1, 605-241, 지층 ","서울특별시 강북구 인수봉로72길 41  (수유동,,298-1, 605-241, 지층)",,골뱅이 넷,127.013103352406,37.64277634711
서울특별시 강북구 수유동 278-3번지 지하,"서울특별시 강북구 삼양로 504  (수유동,지하)",,인터게이트,,
"서울특별시 강북구 번동 437-17번지 ,2층 ","서울특별시 강북구 덕릉로40길 14  (번동,,2층)",,스피드넷,127.030114330565,37.63448381008
서울특별시 강북구 수유동 229-3번지 3층,,,벤처인터넷,,
"서울특별시 강북구 수유동 442-56번지 ,1층 ","서울특별시 강북구 인수봉로52길 2  (수유동,,1층)",,길드존,127.013398990451,37.6353362513657
서울특별시 강북구 미아동 310-28번지,서울특별시 강북구 솔샘로67길 14 (미아동),142-814,피시랑 놀자,,
서울특별시 강북구 수유동 461-14번지,"서울특별시 강북구 덕릉로 8, 지층 (수유동)",1097,3POP PC방 한신대점,127.014423884135,37.6337456207615
서울특별시 강북구 수유동 381-2 정암빌딩,"서울특별시 강북구 삼양로 424, 정암빌딩 (수유동)",1041,리플레이PC,127.017117690358,37.6414252573848
서울특별시 강북구 수유동 47-14,"서울특별시 강북구 덕릉로19길 8, 1층 (수유동)",1081,별밤PC방,127.020355261544,37.6348994496652
서울특별시 강북구 번동 430-68번지,서울특별시 강북구 한천로 940 (번동),1136,종점PC,127.035597434114,37.6348400645376
서울특별시 강북구 수유동 322-9번지 (2층),"서울특별시 강북구 삼양로 474-1  (수유동,(2층))",,위자드인터넷세상,127.015672707256,37.6456371987219
서울특별시 강북구 수유동 472-268번지 (1층),"서울특별시 강북구 삼양로 336  (수유동,(1층))",,배틀넷,127.017744859649,37.6334675743545
서울특별시 강북구 수유동 372-4번지 2층,"서울특별시 강북구 삼양로 430  (수유동,2층)",,넷크럽,127.016867270761,37.6418445215144
서울특별시 강북구 번동 148-496번지 번동완성주상복합 210호,"서울특별시 강북구 오현로 137  (번동,번동완성주상복합 210호)",,블루넷,127.037072255741,37.6247342390119
서울특별시 강북구 번동 464-7번지 3층,"서울특별시 강북구 도봉로 386  (번동,3층)",,아마존인터넷PC방,127.029225259709,37.6409840098933
서울특별시 강북구 번동 415-38번지 지층,"서울특별시 강북구 오패산로 400  (번동,지층)",,위너스PC라인,127.027595768771,37.636783650526
서울특별시 강북구 수유동 2-1번지 2층,"서울특별시 강북구 노해로 23  (수유동,2층)",,큐브 스페이스 PC방,127.022631738465,37.6377305613119
"서울특별시 강북구 수유동 2-41번지 ,2층 ","서울특별시 강북구 노해로 11  (수유동,,2층)",,도깨비 인터넷,127.022764410603,37.6366169181804
"서울특별시 강북구 수유동 605-450번지 ,2층 ","서울특별시 강북구 삼양로73길 21  (수유동,,2층)",,블리자드,127.017066158424,37.6301248364014
서울특별시 강북구 번동 418-9번지 5층,"서울특별시 강북구 도봉로 350  (번동,5층)",,인터가이,127.026701363107,37.6385651938447
서울특별시 강북구 미아동 135-6번지 2층호,,,월드넷PC방,,
서울특별시 강북구 번동 222-0번지 (2층) 983동 9471호,"서울특별시 강북구 월계로37길 91, 983동 9471호 (번동,(2층))",,엔조이PC방,127.044029484657,37.6261035105171
"서울특별시 강북구 번동 148-324번지 410,416 (지층) ","서울특별시 강북구 오현로25다길 95  (번동,410,416 (지층))",,PC타고 세계여행,127.032813676893,37.6255213409259
"서울특별시 강북구 미아동 791-968번지 ,3층 ","서울특별시 강북구 삼양로 267  (미아동,,3층)",,사이브보이즈,127.017884900854,37.6273754451897
서울특별시 강북구 번동 148-133번지 3층동,"서울특별시 강북구 오현로 163, 3층동 (번동)",,컴토피아 인터넷 PC 프라자,127.037029657175,37.6270058203577
서울특별시 강북구 미아동 322-6번지 3층호,"서울특별시 강북구 도봉로 129,  3층호 (미아동)",,사이버21,127.028173848583,37.6203849302826
서울특별시 강북구 수유동 451-84번지 3층,"서울특별시 강북구 덕릉로 19-1  (수유동,3층)",,알파넷.PC,127.015836276237,37.6341888146687
서울특별시 강북구 번동 446-46번지 (2층),"서울특별시 강북구 오패산로 417  (번동,(2층))",,지란지교PC방,127.025838717687,37.6376286318446
서울특별시 강북구 미아동 1341-3번지 (2층),"서울특별시 강북구 솔샘로 224  (미아동,(2층))",,클릭한번,127.017560848109,37.6198748655135
"서울특별시 강북구 수유동 440-27번지 , 2층 ","서울특별시 강북구 인수봉로 186  (수유동,, 2층)",,레드얼렛,127.013192049467,37.6362480718524
서울특별시 강북구 미아동 791-563번지 570 (3층),"서울특별시 강북구 삼양로 258  (미아동,570 (3층))",,인터넷유니버스,127.018427740397,37.6264197751681
서울특별시 강북구 수유동 331-3번지 (2층),"서울특별시 강북구 삼양로 460  (수유동,(2층))",,매트릭스게임방,127.016094180485,37.6444006316356
서울특별시 강북구 번동 415-36번지 (2층),"서울특별시 강북구 오패산로 402  (번동,(2층))",,한게임PC방,127.027492019096,37.6368651238055
서울특별시 강북구 수유동 287 삼원빌딩,"서울특별시 강북구 삼양로123길 1, 삼원빌딩 지하1층 (수유동)",1030,GEEKSTAR PC cafe,127.015463132055,37.6447775075406
서울특별시 강북구 번동 465-87 세오빌딩,"서울특별시 강북구 도봉로 394, 세오빌딩 지하1층 (번동)",1056,런PC방,127.030053308433,37.6416222394674
서울특별시 강북구 미아동 1345-2번지,서울특별시 강북구 솔샘로 238 (미아동),1194,솔샘PC,127.019146718363,37.6197334340672
서울특별시 강북구 수유동 2-1 한성빌딩,"서울특별시 강북구 노해로 23, 한성빌딩 2층 (수유동)",1080,라스PC,127.022631738465,37.6377305613119
서울특별시 강북구 수유동 230-7 효성 인텔리안 오피스텔,"서울특별시 강북구 도봉로 313, 효성 인텔리안 오피스텔 지하1층 (수유동)",1073,로얄PC,127.023461920784,37.6364404587321
서울특별시 강북구 번동 443-98 청도빌딩,"서울특별시 강북구 도봉로82길 33, 청도빌딩 3층 (번동)",1069,마카오PC,127.025356154712,37.6352146367142
서울특별시 강북구 수유동 61-3,"서울특별시 강북구 도봉로 269, 2층 (수유동)",1114,명당PC,127.023418072655,37.6324612648272
서울특별시 강북구 미아동 160-13,"서울특별시 강북구 도봉로 280, 3층 (미아동)",1128,오공PC,127.023735238193,37.6333833603855
서울특별시 도봉구 쌍문동 29-4번지 지하1층,"서울특별시 도봉구 방학로5길 53  (쌍문동,지하1층)",,아이디 PC방,127.037993995373,37.6603177788685
서울특별시 도봉구 쌍문동 653 삼환프라자,"서울특별시 도봉구 도봉로 575, 삼환프라자 2층 (쌍문동)",1432,런PC,127.038790046328,37.6564054566286
서울특별시 도봉구 창동 628-20,"서울특별시 도봉구 도봉로104길 53, 2층 (창동)",1460,니코PC방 창동점,127.035021358294,37.6433358929241
서울특별시 도봉구 쌍문동 54 현대아파트,"서울특별시 도봉구 해등로 242-12, 지층 8호 (쌍문동, 현대아파트)",1387,PDS PC방,127.030724177917,37.6586683068739
서울특별시 도봉구 도봉동 568-48번지 2층,"서울특별시 도봉구 도봉로181길 38  (도봉동,2층)",,미르 PC방,127.043803736714,37.684395707925
서울특별시 도봉구 창동 569-124번지,"서울특별시 도봉구 덕릉로 244, 2,3층 (창동)",1473,비원PC방,,
서울특별시 도봉구 창동 10,"서울특별시 도봉구 노해로69길 15-15, 201호 (창동)",1414,골드PC,127.049976589031,37.6528238071177
서울특별시 도봉구 방학동 698-43,"서울특별시 도봉구 도봉로145길 64, 1층 (방학동)",1342,바다PC,127.039000883716,37.6647337898197
서울특별시 도봉구 창동 552-45번지,"서울특별시 도봉구 덕릉로 218, 1층 (창동)",1477,골든PC,127.037156498664,37.6374041482732
서울특별시 도봉구 창동 7 월가타워 지하1층,"서울특별시 도봉구 마들로11가길 6-25, 지하1층 (창동, 월가타워)",1414,삼성PC,127.049035628214,37.6522203633914
서울특별시 도봉구 방학동 690-77 103호,"서울특별시 도봉구 방학로 130, 1층 103호 (방학동)",1344,신한PC,127.037809637423,37.6630659212693
서울특별시 도봉구 쌍문동 388-33 쌍문한양아파트,"서울특별시 도봉구 노해로40길 72, 쌍문한양아파트 상가동 3층 (쌍문동)",1449,스톤PC 쌍문점,127.030083812739,37.646742794246
서울특별시 도봉구 방학동 696-1번지,서울특별시 도봉구 도당로 82 (방학동),1342,도깨비PC,127.036462898274,37.6649991296564
서울특별시 도봉구 방학동 703-4번지,"서울특별시 도봉구 방학로2길 72, 1층 (방학동)",1340,뚜비PC,127.041041322628,37.6661666479872
서울특별시 도봉구 방학동 704,"서울특별시 도봉구 도당로 140, 1층 (방학동)",1340,대박PC방,127.04186989107,37.6670518404844
서울특별시 도봉구 창동 715-1,"서울특별시 도봉구 도봉로 578, 2층 1호 (창동)",1426,MAXSPEED PC 창동본점,127.039703171252,37.6562940617336
서울특별시 도봉구 창동 7 월가타워,"서울특별시 도봉구 마들로11가길 6-25, 지층 (창동, 월가타워)",1414,레벨업PC방 창동점,127.049035628214,37.6522203633914
서울특별시 도봉구 창동 13번지,"서울특별시 도봉구 마들로11길 65, 3층 (창동)",1414,맥스피드PC창동역점,127.049667391336,37.6534171446527
서울특별시 도봉구 창동 552-47 3층,"서울특별시 도봉구 덕릉로 220, 3층 (창동)",1477,귀족PC방,127.037389882528,37.6376121119885
서울특별시 도봉구 방학동 658-45,"서울특별시 도봉구 도당로 129, 1층 (방학동)",1352,세븐 PC,127.04053459427,37.6674545947006
서울특별시 도봉구 방학동 700-8,"서울특별시 도봉구 도당로 96, 1층 (방학동)",1342,팀PC,127.037568801635,37.6657730854812
서울특별시 도봉구 방학동 680-38 1층,"서울특별시 도봉구 도봉로 663-30, 1층 (방학동)",1346,웰컴PC,127.041561219597,37.6633219792876
서울특별시 도봉구 방학동 676-45,"서울특별시 도봉구 방학로3길 12, 1층 (방학동)",1390,레드PC,127.040748882237,37.6621909006666
서울특별시 도봉구 도봉동 561-11,"서울특별시 도봉구 도봉로 891, 3층 (도봉동)",1303,불독PC,127.045739057138,37.6840240406338
서울특별시 도봉구 방학동 622-25,"서울특별시 도봉구 시루봉로 246, 1층 (방학동)",1347,도깨비PC,127.036758971831,37.6694281677539
서울특별시 도봉구 창동 581-71 1층,"서울특별시 도봉구 덕릉로 251, 1층 (창동)",1470,777PC,127.039151077797,37.6401649316932
서울특별시 도봉구 방학동 700-32,"서울특별시 도봉구 도당로 106, 1층 (방학동)",1342,조은PC,127.038320968142,37.6662877539667
서울특별시 도봉구 방학동 689-34번지,"서울특별시 도봉구 방학로 106, 1층 (방학동)",1345,VIP PC,127.04048901097,37.6630372817803
서울특별시 도봉구 창동 5-1 KING 프라자 502호,"서울특별시 도봉구 마들로11가길 16, KING 프라자 502호 (창동)",1414,아지트pc,127.048970356141,37.6525659173791
서울특별시 도봉구 쌍문동 215-1번지 우진플라자 308,"서울특별시 도봉구 해등로26길 7  (쌍문동,우진플라자 308)",,인터넷PC게임나라,127.03260591856,37.6584359791246
서울특별시 도봉구 창동 296-5,"서울특별시 도봉구 해등로 132, 1층 (창동)",1402,팡팡PC,127.04080868818,37.6552942248842
서울특별시 도봉구 창동 601-1,서울특별시 도봉구 덕릉로 263 (창동),1469,아지트PC,127.039979846044,37.6409472489549
서울특별시 도봉구 쌍문동 20-4 쌍문동 LG트윈빌2 201호,"서울특별시 도봉구 도당로 6, 2층 201호 (쌍문동, 쌍문동 LG트윈빌2)",1394,리플레이PC(REPLAY PC),127.035371175956,37.6587118738827
서울특별시 도봉구 창동 581-5,"서울특별시 도봉구 덕릉로57길 14, 1층 (창동)",1470,리치PC,127.037728466815,37.6395039823435
서울특별시 도봉구 쌍문동 8-10번지 지하1층,"서울특별시 도봉구 도봉로139길 74  (쌍문동,지하1층)",,아지트PC방,127.037694627503,37.6606531301357
서울특별시 도봉구 쌍문동 8-10번지 지1층,"서울특별시 도봉구 도봉로139길 74  (쌍문동,지1층)",,아지트 PC방,127.037694627503,37.6606531301357
서울특별시 도봉구 도봉동 631-23번지 2층,,,이매진,,
서울특별시 도봉구 방학동 633-32번지 2층,"서울특별시 도봉구 도당로13가길 7  (방학동,2층)",,넷크럽 방학점,127.035796667315,37.6656623654809
서울특별시 도봉구 방학동 263-75번지,"서울특별시 도봉구 도당로 36, 재인상가 203,204호 (방학동)",1389,제로백 방학점,127.035020837016,37.6612887857871
서울특별시 도봉구 방학동 731번지 한화상가 201,,,컴토피아,,
서울특별시 도봉구 쌍문동 507-39번지 3층,,,PC매니아,,
서울특별시 도봉구 도봉동 603-16번지 38 1층106호,"서울특별시 도봉구 도봉로157길 10  (도봉동,38 1층106호)",,코리아PC클럽,127.043603802025,37.6738252302102
서울특별시 도봉구 도봉동 617-15번지 지층,,,이네이처 PC방,,
서울특별시 도봉구 방학동 632-49번지 2층,"서울특별시 도봉구 도당로13길 35  (방학동,2층)",,인터넷 월드,127.034563487524,37.6660751121465
서울특별시 도봉구 도봉동 600-11번지 2층,"서울특별시 도봉구 도봉로165길 17  (도봉동,2층)",,테라인터넷,127.044010859292,37.6770995978497
서울특별시 도봉구 도봉동 575-7번지,서울특별시 도봉구 도봉로181길 41  (도봉동),,스타쉽월드,127.043471536797,37.684346367161
서울특별시 도봉구 쌍문동 460-234번지 지 1층,"서울특별시 도봉구 우이천로38길 51  (쌍문동,지 1층)",,SOLO인터넷 PC 게임방,127.023422958455,37.6516330400173
서울특별시 도봉구 도봉동 568-55번지 3층,"서울특별시 도봉구 도봉로181길 34  (도봉동,3층)",,인터넷탑,127.044006879835,37.6843718464827
서울특별시 도봉구 도봉동 600-17번지 지층,"서울특별시 도봉구 도봉로169나길 63  (도봉동,지층)",,울트라넷 멀티장,127.043781920536,37.6767889354071
서울특별시 도봉구 도봉동 89-148번지 2층 2호,"서울특별시 도봉구 도봉로170길 8,  2호 (도봉동,2층)",,늑대와 여우 PC라운지 도봉역점,127.045959117951,37.6803696777252
서울특별시 도봉구 도봉동 596-9번지 1층,"서울특별시 도봉구 도봉로165길 14  (도봉동,1층)",,마우스 패밀리,127.044078175661,37.6774520356679
서울특별시 도봉구 도봉동 582-13번지 2층,"서울특별시 도봉구 도봉로177길 13  (도봉동,2층)",,클릭인터넷,127.044679926029,37.6813056551256
서울특별시 도봉구 쌍문동 602번지 2층,"서울특별시 도봉구 도봉로 587  (쌍문동,2층)",,버그버그pc방,127.039559615486,37.657415922737
서울특별시 도봉구 창동 75-4번지,서울특별시 도봉구 노해로65길 14  (창동),,람세스pc방,127.046523773308,37.6520344268197
서울특별시 도봉구 도봉동 619-19번지 지하,"서울특별시 도봉구 도봉로153길 16  (도봉동,지하)",,인pc방,127.042598441581,37.6699989563876
서울특별시 도봉구 도봉동 624-104번지 지층,"서울특별시 도봉구 마들로 709  (도봉동,지층)",,인터넷세상속으로,127.046506000551,37.673500850142
서울특별시 도봉구 창동 3-3번지 402호,"서울특별시 도봉구 마들로11길 73, 402호 (창동)",1414,룰루랄라 PC방,127.049060560533,37.6532567533904
서울특별시 도봉구 도봉동 597-19번지 2층,"서울특별시 도봉구 도봉로169나길 38  (도봉동,2층)",,PC 마을,127.043401296558,37.6780083708478
서울특별시 도봉구 쌍문동 103-63번지 2층,"서울특별시 도봉구 도봉로109길 35  (쌍문동,2층)",,마르까 PC방,127.031408153406,37.6469005717283
서울특별시 도봉구 도봉동 563-7번지 지층,"서울특별시 도봉구 도봉로 869  (도봉동,지층)",,PC클럽엔터,127.045402264555,37.6820190441342
서울특별시 도봉구 쌍문동 423-17번지 지층,"서울특별시 도봉구 삼양로 544  (쌍문동,지층)",,배틀존,127.012997959958,37.6517754729135
서울특별시 도봉구 창동 655-21,서울특별시 도봉구 도봉로110나길 21 (창동),1455,엔탑PC방,127.034681963129,37.6471447222566
서울특별시 도봉구 쌍문동 36-7번지,"서울특별시 도봉구 방학로5길 74, 지층 (쌍문동)",1393,로웰 PC,127.037786888105,37.659550209069
서울특별시 도봉구 창동 6번지,"서울특별시 도봉구 마들로11가길 15, 3층 (창동)",1414,여우PC,127.049257910527,37.6526568870103
서울특별시 도봉구 도봉동 568-55번지 2층,"서울특별시 도봉구 도봉로181길 34  (도봉동,2층)",,PC ZEN,127.044006879835,37.6843718464827
서울특별시 도봉구 쌍문동 620번지 2층,"서울특별시 도봉구 도봉로133길 13  (쌍문동,2층)",,삼보인터넷플라자,127.038878812564,37.6573355111957
서울특별시 도봉구 도봉동 568-57번지 2층,"서울특별시 도봉구 도봉산3길 63  (도봉동,2층)",,스타게이트pc방,127.043801548807,37.6845308554121
서울특별시 도봉구 도봉동 568-29번지 2층,"서울특별시 도봉구 도봉산1길 70  (도봉동,2층)",,밀레니엄pc방,127.045251329286,37.6841828008894
서울특별시 도봉구 방학동 280-6번지 3층,,,스피드넷,,
서울특별시 도봉구 도봉동 584-8번지 2층,"서울특별시 도봉구 도봉로169가길 13  (도봉동,2층)",,클릭PC게임방,127.043346439226,37.6803611165411
서울특별시 도봉구 도봉동 566-1번지,,,스타트,,
서울특별시 도봉구 창동 135-15,"서울특별시 도봉구 노해로63길 84-3, 동선빌딩 지하층 (창동)",1405,쓰리팝PC 창동점,127.046973416955,37.6527394478184
"서울특별시 도봉구 창동 338번지 신원리베르텔 306, 307호 ","서울특별시 도봉구 노해로 341  (창동,신원리베르텔 306, 307호)",,PC Z,127.045912956978,37.6514452431588
서울특별시 도봉구 도봉동 657번지,"서울특별시 도봉구 마들로 724, 1층 (도봉동)",1325,J J PC,127.047662295599,37.6745440831023
서울특별시 도봉구 도봉동 563-7번지 지층,"서울특별시 도봉구 도봉로 869  (도봉동,지층)",,pc클럽엔터,127.045402264555,37.6820190441342
서울특별시 도봉구 도봉동 616-15번지 1층,"서울특별시 도봉구 도봉로 771  (도봉동,1층)",,스타 PC 방,127.043868682554,37.6733973469258
서울특별시 도봉구 방학동 649번지 지하1층,"서울특별시 도봉구 도당로27길 32  (방학동,지하1층)",,한두 PC방,127.041047162228,37.6687438104107
서울특별시 도봉구 창동 3-3,"서울특별시 도봉구 마들로11길 73, 7층 (창동)",1414,스카이 PC,127.049060560533,37.6532567533904
서울특별시 도봉구 도봉동 623-123번지 2층,"서울특별시 도봉구 마들로 693  (도봉동,2층)",,오렌지나라,127.046337521476,37.6719824054082
서울특별시 도봉구 쌍문동 630번지 2층,서울특별시 도봉구 도봉로 585 (쌍문동),1395,미화pc게임랜드,127.039373995084,37.657221733121
서울특별시 도봉구 도봉동 617-15 지하1층,"서울특별시 도봉구 도봉로 765, 지하1층 (도봉동)",1310,Vacation PC Cafe,127.043783062754,37.6727524575616
서울특별시 도봉구 방학동 657-12,"서울특별시 도봉구 도당로 133, 지하1층 (방학동)",1351,REPLAY pc,127.041097340025,37.6674486336944
서울특별시 도봉구 방학동 690-88번지 2층,"서울특별시 도봉구 방학로6길 8  (방학동,2층)",,The Heaven,127.037411985765,37.6633839141932
서울특별시 도봉구 창동 655-20 홍일빌딩 206호,"서울특별시 도봉구 도봉로 468, 홍일빌딩 206호 (창동)",1455,레드포스PC아레나 쌍문점,127.034372618396,37.6473861862855
서울특별시 도봉구 도봉동 603-16번지 603-38 1층 106호,"서울특별시 도봉구 도봉로157길 10  (도봉동,603-38 1층 106호)",,코리아 PC클럽,127.043603802025,37.6738252302102
서울특별시 도봉구 방학동 660-16,"서울특별시 도봉구 도당로 97, 1층 (방학동)",1354,해피PC,127.037449696254,37.666029812755
서울특별시 도봉구 도봉동 603-32번지 2층,"서울특별시 도봉구 도봉로 775  (도봉동,2층)",,클릭 pc town,127.044001625232,37.673748228918
서울특별시 도봉구 도봉동 634-9번지 6층,"서울특별시 도봉구 마들로 686  (도봉동,6층)",,토네이도,127.04670145023,37.6713785153228
서울특별시 도봉구 도봉동 624-53번지 3층,"서울특별시 도봉구 도봉로156길 21  (도봉동,3층)",,인터넷플라자,127.045532202929,37.6727799058561
서울특별시 도봉구 도봉동 562-40번지 2층,"서울특별시 도봉구 도봉로 879  (도봉동,2층)",,이카,127.045605667725,37.6829868864524
서울특별시 도봉구 창동 635-42번지 건영A 103동 302호,"서울특별시 도봉구 우이천로20길 7, 103동 302호 (창동,건영A)",,PC 투게더,127.034771563448,37.6417332058849
서울특별시 도봉구 도봉동 600-19번지 1층,"서울특별시 도봉구 도봉로169나길 67  (도봉동,1층)",,PC 클럽,127.043824108829,37.6766290860611
서울특별시 도봉구 도봉동 562-26번지 지층,"서울특별시 도봉구 도봉로 875  (도봉동,지층)",,스카이넷 PC방,127.045526793033,37.6826627450157
서울특별시 도봉구 창동 135-28 창동 SR스타빌,"서울특별시 도봉구 노해로63길 84-9, 창동 SR스타빌 지층 (창동)",1405,엔플스윙,127.047268829188,37.6525366988117
서울특별시 도봉구 도봉동 561-11번지 2층,"서울특별시 도봉구 도봉로 891  (도봉동,2층)",,NOLL 피시방,127.045739057138,37.6840240406338
서울특별시 도봉구 쌍문동 100-35번지 2층,"서울특별시 도봉구 도봉로109길 30  (쌍문동,2층)",,오렌지존 PC방,127.031681641411,37.6470564588623
서울특별시 도봉구 도봉동 81-1번지 극동 상가 205,,,제우스PC 방,,
서울특별시 도봉구 도봉동 596-26번지 2층,"서울특별시 도봉구 도봉로169나길 43  (도봉동,2층)",,사이버 인터넷 게임방,127.043840075352,37.67775638498
서울특별시 도봉구 방학동 716-1 ESA@ 110동 지층 101호,,,하자하자 PC방,,
서울특별시 도봉구 방학동 653-1번지,"서울특별시 도봉구 도봉로 727-1, 지하1층 (방학동)",1350,리플레이PC,127.043160675894,37.6694684351132
서울특별시 도봉구 도봉동 567-1번지 2층,"서울특별시 도봉구 도봉산3길 73  (도봉동,2층)",,노블레스PC방,127.043705911671,37.684030397694
서울특별시 도봉구 방학동 652-30번지 지하1층,,,미녀와 야수 PC방,,
서울특별시 도봉구 방학동 703-60번지 2층,"서울특별시 도봉구 도봉로147길 6  (방학동,2층)",,초이스,127.042332125004,37.6652959345368
서울특별시 도봉구 창동 8-1번지,"서울특별시 도봉구 노해로67길 10, 3층 (창동)",1414,찰리팝PC카페,127.049684921314,37.6523442471361
서울특별시 도봉구 방학동 652번지 지하 1층,"서울특별시 도봉구 도봉로153길 19  (방학동,지하 1층)",,c.n.s pc방,127.042367590041,37.6698637123308
서울특별시 도봉구 도봉동 632번지 3층,"서울특별시 도봉구 마들로 728  (도봉동,3층)",,애플PC방,127.047617465037,37.6749890047892
서울특별시 도봉구 방학동 686-58번지 2층,"서울특별시 도봉구 도봉로145길 56  (방학동,2층)",,사이버존 인터넷 PC게임클럽,127.039537996108,37.6647309981606
서울특별시 도봉구 도봉동 98-14번지 2층,"서울특별시 도봉구 마들로28나길 10  (도봉동,2층)",,Net station,,
서울특별시 도봉구 방학동 683-33번지 2층,"서울특별시 도봉구 방학로2길 50  (방학동,2층)",,BNC 인터넷 PC,127.041014834329,37.6651977425415
서울특별시 도봉구 쌍문동 485-17번지 지층,"서울특별시 도봉구 우이천로48길 16  (쌍문동,지층)",,스타게이트pc방,,
서울특별시 도봉구 도봉동 63번지 상가동 2층,,,스마트PC방,,
서울특별시 도봉구 방학동 695-8 지하,"서울특별시 도봉구 도당로 76 (방학동,지하)",,B one PC카페,127.035966945313,37.6645720367997
서울특별시 도봉구 도봉동 567-1번지 2층,"서울특별시 도봉구 도봉산3길 73  (도봉동,2층)",,엔조이 PC방,127.043705911671,37.684030397694
서울특별시 도봉구 방학동 704-12 타운힐하우스,"서울특별시 도봉구 도당로 144, 1층 101호 (방학동, 타운힐하우스)",1340,88PC,127.042165551337,37.6669624479945
서울특별시 도봉구 창동 5-1 KING 프라자,"서울특별시 도봉구 마들로11가길 16, KING 프라자 2층 204호 (창동)",1414,마카오PC,127.048970356141,37.6525659173791
서울특별시 도봉구 방학동 621,"서울특별시 도봉구 시루봉로 222, 101호 (방학동)",1347,고니PC,127.034754821262,37.6680495547322
서울특별시 도봉구 방학동 701-15 거성학마을아파트,"서울특별시 도봉구 도당로 118, 거성학마을아파트 2층 201호 (방학동)",1339,보이게임랜드,127.039531845514,37.6670246267585
서울특별시 도봉구 창동 331-2 중앙빌딩,"서울특별시 도봉구 노해로65길 17, 중앙빌딩 지층 (창동)",1405,공쥬PC,127.046095779851,37.6520591916627
서울특별시 노원구 공릉동 238-53번지 공릉빌딩,"서울특별시 노원구 공릉로 144, 공릉빌딩 3층 (공릉동)",1819,EFCPC방,127.079489105218,37.6226202059241
서울특별시 노원구 상계동 292-1번지 지하2층,"서울특별시 노원구 노해로 507, 지하2층 (상계동, 와우쇼핑몰)",1695,와우pc방,127.063889081054,37.6554272387774
서울특별시 노원구 상계동 1117-16번지 202호,"서울특별시 노원구 동일로242가길 22, 202호 (상계동)",1625,몽키PC방,127.056028731455,37.6768114134294
서울특별시 노원구 하계동 283 2층,"서울특별시 노원구 한글비석로 77, 2층 (하계동)",1790,셀프PC 하계점,127.070466464149,37.6375614945414
서울특별시 노원구 공릉동 184-13번지 102호,"서울특별시 노원구 동일로178길 49, 102호 (공릉동)",1847,놀이터PC방,127.077316162454,37.6217579633396
서울특별시 노원구 상계동 330-29번지 소담빌 103호,"서울특별시 노원구 노해로85길 10-55, 소담빌 103호 (상계동)",1695,로또PC게임장,127.06612372319,37.6564361884886
서울특별시 노원구 상계동 169-130번지 1층 우측,"서울특별시 노원구 한글비석로24길 24, 홍익교회 1층 우측호 (상계동)",1663,좋은친구들PC방,127.0721214414,37.6618556822404
서울특별시 노원구 중계동 154-22번지 2층,"서울특별시 노원구 덕릉로83길 18, 2층 (중계동)",1662,해피시방,127.074419173589,37.6601375252328
서울특별시 노원구 공릉동 221-2 반야빌딩 3층,"서울특별시 노원구 공릉로 172, 반야빌딩 3층 (공릉동)",1818,런PC방,127.080022646504,37.6252765854844
서울특별시 노원구 상계동 1319번지 SKY미술학원,"서울특별시 노원구 상계로 108, SKY미술학원 2층 (상계동)",1696,탑클래스PC방,127.067134913329,37.6570413475281
서울특별시 노원구 상계동 594-2 보광빌딩,"서울특별시 노원구 상계로5길 31, 보광빌딩 지층 (상계동)",1693,크라우드 PC방 노원점,127.063002136433,37.6568270310995
서울특별시 노원구 상계동 669 지층,"서울특별시 노원구 노원로 558, 지층 (상계동)",1675,CORE PC CAFE,127.057103675682,37.6615427085199
서울특별시 노원구 중계동 369-9 지층,"서울특별시 노원구 한글비석로 326, 중계주공아파트2단지목욕탕상가 지층 (중계동)",1718,오엑스 피씨 중계점,127.078327032564,37.6565230496255
서울특별시 노원구 공릉동 633-15 경동상가 2층,"서울특별시 노원구 공릉로 101, 경동상가 2층 (공릉동)",1849,맥스피드PC방 태릉역점,127.077841683528,37.6193014358931
서울특별시 노원구 상계동 581-2 상계동 센트럴타워,"서울특별시 노원구 상계로1길 54-4, 2층 (상계동, 상계동 센트럴타워)",1693,유지트PC 노원본점,127.061721168928,37.6581574674605
서울특별시 노원구 상계동 387-196,"서울특별시 노원구 상계로 136, 1층 (상계동)",1698,쓰리랑PC방,127.069864186149,37.6582613138465
서울특별시 노원구 공릉동 492-3 서진프라자아파트,"서울특별시 노원구 동일로173가길 115, 1층 (공릉동, 서진프라자아파트)",1856,놀이터PC,127.071880999099,37.6233418210089
서울특별시 노원구 상계동 651-2 삼전빌딩,"서울특별시 노원구 동일로 1551, 삼전빌딩 지하1층 (상계동)",1620,더블랙PC카페,127.056844136528,37.6668881732629
서울특별시 노원구 공릉동 513-1번지,서울특별시 노원구 동일로 1048 (공릉동),1844,욜로PC공릉점,127.073937845108,37.6236617520042
서울특별시 노원구 월계동 410-7 동우빌딩,"서울특별시 노원구 석계로 103, 동우빌딩 3층 (월계동)",1893,아레나PC방,127.060712349808,37.6228376867667
서울특별시 노원구 중계동 366-6번지 중계그랜드프라자,"서울특별시 노원구 한글비석로 264, 중계그랜드프라자 지층 (중계동)",1720,더세븐PC방,127.077337907538,37.6511587125973
서울특별시 노원구 상계동 1132-1 상계빌딩,"서울특별시 노원구 동일로 1673, 상계빌딩 지하1층 (상계동)",1607,NIC PC,127.054942094267,37.6778972437903
서울특별시 노원구 상계동 1118,"서울특별시 노원구 동일로 1651, 2층 3호 (상계동)",1608,홈런PC,127.055010947165,37.6759608277495
서울특별시 노원구 상계동 65-28 3층,"서울특별시 노원구 상계로 308, 3층 (상계동)",1637,대박PC,127.079755035423,37.670376385862
서울특별시 노원구 중계동 360-14번지 이진빌딩 지하1층,"서울특별시 노원구 한글비석로 227, 이진빌딩 지하1층 (중계동)",1743,쇼타임pc방 은행사거리점,127.076251603698,37.6479118263804
"서울특별시 노원구 상계동 727 덕영빌딩 지층 101, 102호 ","서울특별시 노원구 노해로 482, 덕영빌딩 지층 101, 102호 (상계동)",1751,있지피씨,127.061716819928,37.6542725250696
서울특별시 노원구 공릉동 408-6번지 4층,"서울특별시 노원구 공릉로 181, 4층 (공릉동)",1835,라이또PC방 공릉본점,127.079415945795,37.6259363374297
서울특별시 노원구 공릉동 644-49 이룸 빌딩 2층 201호,"서울특별시 노원구 공릉로20길 3, 이룸 빌딩 2층 201호 (공릉동)",1803,라이온PC,127.078407244935,37.619413144326
서울특별시 노원구 상계동 726-1 일신상가,"서울특별시 노원구 동일로218길 17, 일신상가 지층 1호 (상계동)",1751,PC 대박,127.061772133025,37.6538758836589
서울특별시 노원구 상계동 389-293 청양빌딩,"서울특별시 노원구 상계로 139, 청양빌딩 1층 (상계동)",1684,메이드 PC방,127.070004291501,37.6585351292261
서울특별시 노원구 중계동 506 브라운스톤중계 279호,"서울특별시 노원구 동일로203가길 29, 279호 (중계동, 브라운스톤중계)",1779,범PC,127.06428375943,37.6398759609875
서울특별시 노원구 중계동 154-41번지,"서울특별시 노원구 덕릉로83길 15, 3,4층 (중계동)",1662,새턴 PC방,,
서울특별시 노원구 공릉동 561-5번지 2층,"서울특별시 노원구 동일로180길 41, 2층 (공릉동)",1846,깡통로봇 PC방,127.076543157312,37.6227280196366
서울특별시 노원구 중계동 154-16번지,"서울특별시 노원구 덕릉로83길 22, 3층 (중계동)",1662,로얄PC,127.074209796325,37.6601982030916
서울특별시 노원구 상계동 966-1 송현빌딩,"서울특별시 노원구 동일로 1596, 송현빌딩 지층 (상계동)",1631,아론PC방 마들점,127.056842608831,37.6709781734407
서울특별시 노원구 상계동 1132-1 상계빌딩 지층,"서울특별시 노원구 동일로 1673, 상계빌딩 지층 (상계동)",1607,NIC PC,127.054942094267,37.6778972437903
서울특별시 노원구 공릉동 248-8 지하1층,"서울특별시 노원구 공릉로34길 34, 지층 (공릉동, 서광빌딩)",1824,이스포츠PC방,127.080954140138,37.6229780730942
서울특별시 노원구 중계동 359-8 지층,"서울특별시 노원구 한글비석로 273, 지층 (중계동, 대웅빌딩)",1714,펀홀릭 PC방,127.077219064677,37.652170864325
서울특별시 노원구 중계동 359-10 지층,"서울특별시 노원구 한글비석로 265, 지층 (중계동, 영광프라자)",1714,쇼타임 PC방 은행사거리 2호점,127.076558915758,37.6514499678519
서울특별시 노원구 공릉동 208-5번지 2층,"서울특별시 노원구 공릉로 198, 2층 (공릉동)",1814,스펀지PC방,127.078601108937,37.6274300879998
"서울특별시 노원구 중계동 514-3번지 목련아파트상가 04,05호","서울특별시 노원구 노원로 333, 04,05호 (중계동, 목련아파트상가)",1786,가우 pc방,,
서울특별시 노원구 월계동 292-59번지,"서울특별시 노원구 월계로 336, 지층 (월계동, 상천빌딩)",1885,샹떼 인터피아 PC방,127.057826925002,37.6291772173172
서울특별시 노원구 상계동 593-1번지,"서울특별시 노원구 상계로3길 21, 4층 (상계동, 화일빌딩)",1693,퍼니링크 pc방,127.062275580083,37.6572141183604
서울특별시 노원구 상계동 111-548번지 6구역28블럭5롯트,서울특별시 노원구 덕릉로126길 17 (상계동),1643,인터밸리pc방,127.082152522423,37.6707494578532
서울특별시 노원구 상계동 76-6번지 2층,"서울특별시 노원구 덕릉로 816, 2층 (상계동)",1644,LED PC방,127.08075967014,37.6694669739467
서울특별시 노원구 상계동 617번지 4층 2호,"서울특별시 노원구 노해로79길 6-19, 4층 2호 (상계동, 화랑상가)",1695,탑플레이스PC방,127.062451047074,37.6554979250604
"서울특별시 노원구 상계동 1262번지 하이베라스 217,218호","서울특별시 노원구 동일로 1689, 217,218호 (상계동, 하이베라스)",1604,존앤존 pc방,,
서울특별시 서초구 반포동 722-31 성창빌딩,"서울특별시 서초구 강남대로 523, 성창빌딩 지하층 (반포동)",6536,로얄pc랜드,127.022052779902,37.5087231568081
서울특별시 노원구 공릉동 494-11번지 3층,"서울특별시 노원구 동일로 1045, 3층 (공릉동, 세종빌딩)",1857,에이스PC방,127.073411876507,37.6234059297882
서울특별시 노원구 공릉동 556-5번지 101호,"서울특별시 노원구 동일로182길 37-14, 101호 (공릉동)",1846,공릉PC,127.076153237632,37.6238126999489
서울특별시 노원구 월계동 409-16번지 401호,"서울특별시 노원구 광운로 52, 세영전자학원 401호 (월계동)",1894,엔탑PC방,127.059747350877,37.6218399755136
서울특별시 노원구 공릉동 379-4 금광빌딩 2층,"서울특별시 노원구 동일로191가길 34, 금광빌딩 2층 (공릉동)",1852,제로백PC,127.07130486782,37.6266532971327
서울특별시 노원구 공릉동 653-3 지층,"서울특별시 노원구 화랑로 463, 지층 (공릉동)",1803,3POP,127.078649438496,37.6190037545529
서울특별시 노원구 상계동 335,"서울특별시 노원구 상계로 76, 지층 (상계동)",1695,뱅갈PC방,127.063442617087,37.6561357418001
서울특별시 노원구 상계동 169-14번지 2층,"서울특별시 노원구 한글비석로24길 13, 2층 (상계동)",1668,포그네 PC방,127.071568873433,37.6615556316622
서울특별시 노원구 상계동 52-44번지 1층,"서울특별시 노원구 덕릉로 849, 한양탁구장 1층 (상계동)",1634,대박PC,127.082605479913,37.6720951149989
서울특별시 노원구 상계동 76-22 4층,"서울특별시 노원구 덕릉로 822, 성우빌딩 4층 (상계동)",1644,퍼플펍PC방,127.081039940065,37.669851410048
서울특별시 노원구 상계동 617번지 2층 3호,"서울특별시 노원구 상계로 64, 2층 3호 (상계동, 화랑빌딩)",1695,해피로PC방,127.062277905261,37.6557918268818
서울특별시 노원구 상계동 358-31번지 301호,"서울특별시 노원구 상계로3길 28, 301호 (상계동, 영빈빌딩)",1693,funnylinkPC 노원2호점,127.062631810118,37.6573981805623
서울특별시 노원구 월계동 922번지 서광아파트상가(2층),"서울특별시 노원구 마들로1길 44, 2층 (월계동)",1910,시크릿PC카페,127.063970855033,37.6236591971724
서울특별시 노원구 상계동 1131-37번지 지상3층,"서울특별시 노원구 동일로242가길 50, 지상3층 (상계동)",1625,아이닉스 PC방,127.056080622572,37.6781315029878
서울특별시 노원구 공릉동 383-12번지 건양오피스텔 B01호,"서울특별시 노원구 동일로191가길 6, B01호 (공릉동, 건양오피스텔)",1852,PCCUS,127.07164570234,37.6253252165218
서울특별시 노원구 상계동 1115-2,"서울특별시 노원구 동일로 1678, 지하1층 (상계동)",1625,긱스타PC방 수락산역점,127.055706735633,37.6780947400484
서울특별시 노원구 월계동 635-4 그랑디오피스텔,"서울특별시 노원구 월계로 334, 지층 (월계동, 그랑디오피스텔)",1885,3POP PCcafe,127.057612466252,37.6290173070666
서울특별시 노원구 상계동 184-20 지성빌딩,"서울특별시 노원구 노원로28길 67, 지성빌딩 지층 (상계동)",1704,아토,127.070736973974,37.6548387739853
서울특별시 노원구 상계동 591-23 지상2층,"서울특별시 노원구 상계로3길 35 (상계동, 지상2층)",1693,베스타PC방,127.062166684198,37.6577721538837
서울특별시 노원구 중계동 366-6번지 지하1층,"서울특별시 노원구 한글비석로 264, 지층 (중계동, 중계그랜드프라자)",1720,불독PC방,127.077337907538,37.6511587125973
서울특별시 노원구 상계동 963-27 2층~3층호,"서울특별시 노원구 동일로 1593, 2층~3층 (상계동)",1616,큐브PC방,127.055778970548,37.6707082070833
서울특별시 노원구 상계동 156-94번지 1층,"서울특별시 노원구 한글비석로24길 37 (상계동, 신천교회)",1668,바닐라PC,127.072380754168,37.6624424225155
서울특별시 노원구 상계동 764-1번지 108-1호,"서울특별시 노원구 동일로 1323, 108-1호 (상계동, 하라프라자센타)",1767,하라PC ZONE,,
서울특별시 노원구 월계동 409-10번지 지하1호,"서울특별시 노원구 광운로 48, 지하1호 (월계동)",1894,닥터PC,127.05950299102,37.6216626945733
서울특별시 노원구 상계동 1313번지 2통시티플러스상가 401호,"서울특별시 노원구 누원로 18, 401호 (상계동, 시티플러스상가)",1601,PC Latte,127.05287273244,37.6862145785044
서울특별시 노원구 중계동 364-22번지 대명프라자 B05호,"서울특별시 노원구 한글비석로 254, B05호 (중계동, 대명프라자)",1734,사이버존PC방,127.077086240765,37.6504043041825
서울특별시 노원구 공릉동 745 동신아파트 102동 상가 1~6호,"서울특별시 노원구 공릉로 211, 동신아파트 102동 상가 1~6호 (공릉동)",1833,리얼(REAL)PC방,127.077315687829,37.6282993079139
서울특별시 노원구 공릉동 420-2번지 공릉동평화타운 201호,"서울특별시 노원구 공릉로46길 3, 201호 (공릉동, 공릉동평화타운)",1814,1% PC 아레나,127.079141072247,37.6271656479512
서울특별시 노원구 상계동 95-199번지 2층,"서울특별시 노원구 덕릉로 740, 2층 (상계동)",1648,애니락 PC방,127.076401677224,37.6636623376578
서울특별시 노원구 상계동 357-8번지 신일빌딩 5층,"서울특별시 노원구 상계로5길 26, 5층 (상계동, 신일빌딩)",1693,퍼니링크PC,127.063254867375,37.6571079121252
"서울특별시 노원구 중계동 154-17번지 ,18호 지하전체 ","서울특별시 노원구 덕릉로83길 20-5 (중계동, 지하전체)",1662,초콜릿PC zone,127.074276928102,37.6603512375802
서울특별시 노원구 월계동 379-43번지,"서울특별시 노원구 광운로 68, 1층 102호 (월계동)",1886,바닐라성북역 PC방,127.060282176416,37.6233163314976
서울특별시 은평구 갈현동 495-5,서울특별시 은평구 연서로21길 36 (갈현동),3334,7PC,126.914044556959,37.6158571844366
서울특별시 은평구 응암동 87-30 지층,"서울특별시 은평구 응암로 340, 지층 (응암동)",3460,펜플PC방,126.922636551293,37.6014709973596
서울특별시 은평구 갈현동 404-5 지층,"서울특별시 은평구 통일로83길 6-5 (갈현동,지층)",,테라PC방,126.918922584191,37.6212342178056
서울특별시 은평구 역촌동 51-22 1층,"서울특별시 은평구 역말로 7 (역촌동,1층)",,PC클럽,126.911124813587,37.6057710638063
서울특별시 은평구 역촌동 55-35 5층,"서울특별시 은평구 갈현로 82, 5층 (역촌동)",3419,샹떼PC방 역촌점,126.910685555782,37.6052664482641
서울특별시 은평구 응암동 402-5 합도빌딩,"서울특별시 은평구 응암로22길 22-1, 합도빌딩 3층 (응암동)",3468,ZERO100PC 응암점,126.920641115636,37.5932429037821
서울특별시 은평구 역촌동 50-55 104호,"서울특별시 은평구 갈현로 94, 1층 104호 (역촌동)",3415,여우PC,126.910744225634,37.6063031713533
서울특별시 은평구 대조동 185-11 우리은행연신내지점,"서울특별시 은평구 통일로 835, 우리은행연신내지점 지하층 (대조동)",3385,쿡몬스터PC카페,126.921723576681,37.6179057885639
서울특별시 은평구 갈현동 508-14 202호,"서울특별시 은평구 갈현로 181-5, 202호 (갈현동)",3325,프랜즈PC클럽,126.911679928227,37.6142284337903
서울특별시 은평구 신사동 40-6,"서울특별시 은평구 가좌로 309, 1층 (신사동)",3441,따봉PC,126.910217688373,37.5954023196607
서울특별시 은평구 녹번동 131-157,"서울특별시 은평구 진흥로 158, 지하층 (녹번동)",3375,곤이네 게임장,126.927119371165,37.6088024120643
서울특별시 은평구 갈현동 425-4,서울특별시 은평구 통일로87길 21 (갈현동),3329,짱PC,126.917196109864,37.6233496180056
서울특별시 은평구 진관동 69-1,"서울특별시 은평구 진관3로 22, 3층 (진관동)",3306,라이또 PC방 구파발,126.919176848907,37.6389439926912
서울특별시 은평구 대조동 58-1 201호,"서울특별시 은평구 진흥로 113, 201호 (대조동)",3395,정선PC,126.922989081374,37.6069592479391
서울특별시 은평구 녹번동 94-2 103호,"서울특별시 은평구 녹번로4길 2, 103호 (녹번동)",3381,돼지 PC,126.930072837927,37.6056298326491
서울특별시 은평구 역촌동 45-59,"서울특별시 은평구 역말로 41, 2층 (역촌동)",3416,강남PC,126.914747008594,37.6059500596426
서울특별시 은평구 갈현동 460-8 보성빌,"서울특별시 은평구 연서로 209, 보성빌 2층 (갈현동)",3333,레드포스PC아레나 연신내점,126.918847427928,37.6173259520379
서울특별시 은평구 갈현동 461-1 영보빌딩,"서울특별시 은평구 연서로 195, 영보빌딩 지하1층 (갈현동)",3333,제로100PC 연신내점,126.9184483987,37.616382883094
서울특별시 은평구 응암동 88-30 서원빌딩 201호,"서울특별시 은평구 은평로9길 10, 서원빌딩 2층 201호 (응암동)",3461,럭키PC,126.921585009131,37.6011163943598
서울특별시 은평구 응암동 590-23 디우아르떼 아파트 제비01호,"서울특별시 은평구 응암로13길 14, 제지1층 제비01호 (응암동, 디우아르떼 아파트)",3484,패스터PC 응암오거리점,126.915644119577,37.5894477039485
서울특별시 은평구 대조동 197-2,"서울특별시 은평구 연서로28길 10, 2층 (대조동)",3385,은하수,126.920981012189,37.6177797860508
서울특별시 은평구 신사동 22-37 안건빌딩 4층,"서울특별시 은평구 은평로 56, 안건빌딩 4층 (신사동)",3449,플렉스PC카페,126.914100158896,37.598534441063
서울특별시 은평구 역촌동 70-34 정화빌딩,"서울특별시 은평구 갈현로 61, 정화빌딩 지하1층 (역촌동)",3431,아이센스리그PC 역촌점,126.910187567562,37.6035045450476
서울특별시 은평구 응암동 84-9,"서울특별시 은평구 은평로 169, 2층 (응암동)",3460,TOP PC,126.926314865911,37.6015165986991
서울특별시 은평구 갈현동 396-12 연신내진원와이타운,"서울특별시 은평구 통일로 855-8, 연신내진원와이타운 지하1층 (갈현동)",3330,레벨업PC방 연신내점,126.920201767929,37.619122183963
서울특별시 은평구 갈현동 456-28 지층,"서울특별시 은평구 연서로 213 (갈현동,지층)",,아이세븐 PC,126.919238535247,37.6176436383991
서울특별시 은평구 불광동 310-211 2층,"서울특별시 은평구 연서로 247, 2층 (불광동)",3345,퀸PC방,126.922171955937,37.6196909418421
서울특별시 은평구 응암동 599-33 1층,"서울특별시 은평구 응암로11길 4-4, 1층 (응암동)",3485,오거리PC방,126.916267179284,37.588451560032
서울특별시 은평구 대조동 199-18,"서울특별시 은평구 연서로 204, 2층 (대조동)",3386,대박PC,126.919299073885,37.6167554858793
서울특별시 은평구 불광동 353-66 지층,"서울특별시 은평구 연서로32길 3, 지층 (불광동)",3349,긱스타PC CAFE,126.924955472936,37.6203628994073
서울특별시 은평구 응암동 124-17 2층,"서울특별시 은평구 응암로 247, 2층 (응암동)",3456,탐스PC카페(응암점),126.917854566217,37.5942237088269
서울특별시 은평구 대조동 14-1 3층,"서울특별시 은평구 통일로 731, 3층 (대조동)",3397,웹시티PC방,126.929466316371,37.6106226649216
"서울특별시 은평구 녹번동 144-1 2층,4층 ","서울특별시 은평구 진흥로 112 (녹번동,2층,4층)",,인터쿨,126.923309144404,37.6065036457261
서울특별시 은평구 갈현동 422-24 3층,"서울특별시 은평구 갈현로41길 10-1 (갈현동,3층)",,유비트pc방,126.916247117462,37.6246305120298
서울특별시 은평구 신사동 19-153 2층,"서울특별시 은평구 은평로 5 (신사동,2층)",,제로100PC 신사동점,126.909210968391,37.5967659204537
서울특별시 은평구 갈현동 396-9 6층,"서울특별시 은평구 통일로 855-20, 6층 (갈현동)",3330,G카페PC,126.919876222163,37.6196577807144
서울특별시 은평구 응암동 81-3 지층,"서울특별시 은평구 은평로 192, 지층 (응암동)",3471,제로100PC 은평구청점,126.928961189816,37.6012158488181
서울특별시 은평구 불광동 310-11 연서시장,"서울특별시 은평구 통일로 850, 연서시장 2층 (불광동)",3345,알파PC방,126.921445035076,37.6193203344525
서울특별시 은평구 진관동 70,"서울특별시 은평구 진관2로 15-46, 6층 (진관동)",3306,메트로PC방,126.919081540985,37.6386515578411
서울특별시 은평구 갈현동 408-7,서울특별시 은평구 통일로85길 8-1 (갈현동),3329,부엉이 PC,126.918676816108,37.6222426138322
서울특별시 은평구 갈현동 498-3 지층,"서울특별시 은평구 서오릉로 192, 지층 (갈현동)",3335,N톡PC,126.912315879884,37.6137601237622
서울특별시 은평구 응암동 98-65 5층,"서울특별시 은평구 은평로 136, 5층 (응암동)",3462,고릴라 응암1호점,126.923039015434,37.6002632124439
서울특별시 은평구 갈현동 489-23 2층,"서울특별시 은평구 서오릉로 178 (갈현동,2층)",,토마토PC방,126.913877877072,37.6131657206263
"서울특별시 은평구 갈현동 497-6 1,2층 ","서울특별시 은평구 갈현로 188, 1,2층 (갈현동)",3335,더조은PC카페,,
서울특별시 은평구 녹번동 141-8,"서울특별시 은평구 진흥로 144, 지층 (녹번동)",3378,레드포스PC,126.925999860181,37.608110386275
서울특별시 은평구 신사동 9-16 2층,"서울특별시 은평구 갈현로 39-1, 2층 (신사동)",3435,긱스타PC방,126.910114379709,37.6014595119588
서울특별시 은평구 역촌동 15-12,"서울특별시 은평구 서오릉로 77, 3층 (역촌동)",3404,고릴라PC방(역촌역점),126.921770651639,37.6071360316106
서울특별시 은평구 대조동 15-63,서울특별시 은평구 통일로65길 10-1 (대조동),3397,짱PC,126.92973977694,37.6091158336056
서울특별시 은평구 응암동 579-42 2층,"서울특별시 은평구 응암로21길 13, 2층 (응암동)",3457,드림PC,126.916464984026,37.5940200104603
서울특별시 은평구 역촌동 30-29 효성빌딩 3층,"서울특별시 은평구 진흥로1길 34, 효성빌딩 3층 (역촌동)",3405,아크PC,126.918676419909,37.6034689838461
서울특별시 은평구 역촌동 19-8 1층,"서울특별시 은평구 역말로 82, 1층 (역촌동)",3403,WIN PC,126.919151135447,37.6067236852176
서울특별시 은평구 신사동 8-18 지하1층,"서울특별시 은평구 갈현로 14, 지하1층 (신사동)",3423,에이플 PC CAFE,126.910455000251,37.5991093569636
서울특별시 은평구 갈현동 392-5,"서울특별시 은평구 통일로 905, 1층 나호 (갈현동)",3328,럭키PC,126.919602322714,37.6237703310391
서울특별시 은평구 녹번동 141-1,"서울특별시 은평구 진흥로 148, 2층 (녹번동)",3378,제로100PC 녹번점,126.9263669244,37.6084438918345
서울특별시 은평구 대조동 185-38,"서울특별시 은평구 연서로 230-2, 1층 (대조동)",3385,스타PC방,126.920869956637,37.6184712197946
서울특별시 은평구 진관동 73 웅신 미켈란의아침,"서울특별시 은평구 진관2로 15-8, 웅신 미켈란의아침 118호 (진관동)",3306,스타PC,126.919559891188,37.6353936531351
서울특별시 강서구 화곡동 464-8 궁전빌딩 지층,"서울특별시 강서구 곰달래로49길 86, 궁전빌딩 지층 (화곡동)",7737,이스테이션PC방,126.856020026715,37.535127827919
서울특별시 영등포구 당산동1가 85 2층,"서울특별시 영등포구 영등포로 169-1, 2층 (당산동1가)",7267,낙원 PC,126.900492809299,37.5208630683353
서울특별시 서대문구 대현동 27-33번지 대국빌딩,"서울특별시 서대문구 신촌역로 22-8, 대국빌딩 지하1층 (대현동)",3766,리코스타PC방,126.943354842765,37.5588458433014
서울특별시 서대문구 남가좌동 341-26,"서울특별시 서대문구 증가로 124, 지하1층 (남가좌동)",3665,벙커PC방,126.923876083598,37.5774832455565
"서울특별시 서대문구 창천동 31-80 큐비드빌딩, 지하1층 ","서울특별시 서대문구 명물길 23, 큐비드빌딩 지하1층 (창천동)",3776,옵티멈존PC카페 신촌역점,126.937854004585,37.5581938175898
서울특별시 서대문구 북가좌동 309-1 B1층,"서울특별시 서대문구 응암로 87, B1층 (북가좌동)",3679,레벨업 PC방 북가좌점,126.911700418318,37.5807945676973
서울특별시 서대문구 북가좌동 294-16,"서울특별시 서대문구 응암로 90, 지하1층 (북가좌동)",3682,킹콩PC CAFE,126.912322880214,37.5807740385189
서울특별시 서대문구 남가좌동 7-4,"서울특별시 서대문구 명지대길 54, 2층 (남가좌동)",3675,제로백 명지대점,126.923889462261,37.5824680017546
서울특별시 서대문구 북가좌동 333-8 성은빌딩,"서울특별시 서대문구 증가로 246, 성은빌딩 2층 (북가좌동)",3677,제로100PC 북가좌점,126.912685857624,37.5830827425525
서울특별시 서대문구 충정로3가 464번지 충정타워빌딩,"서울특별시 서대문구 서소문로 21, 충정타워빌딩 1층 (충정로3가)",3742,타워PC방,126.964085809305,37.5598942603947
서울특별시 서대문구 홍은동 401-40번지 송정빌딩,"서울특별시 서대문구 거북골로 10, 송정빌딩 3층 (홍은동)",3675,GEEKSTAR PC CAFE,126.925887718223,37.5810723730505
서울특별시 서대문구 북아현동 1-233 2층,"서울특별시 서대문구 북아현로 68 (북아현동,2층)",,셀프넷 PC방,126.955084618781,37.5632528878216
서울특별시 서대문구 남가좌동 322-18,"서울특별시 서대문구 명지대1길 2, 지하1층 (남가좌동)",3673,에이플PC CAFE,126.924697166275,37.5813104729585
"서울특별시 서대문구 창천동 18-29 VERTIGO 지하2,3층 ","서울특별시 서대문구 연세로 8-1, VERTIGO 지하2,3층 (창천동)",3779,롤스터PC방,126.937303024246,37.5563412561961
서울특별시 서대문구 창천동 18-5,"서울특별시 서대문구 명물길 6, 지하1층 (창천동)",3777,아이콘 PC,126.937404523407,37.5573105128395
서울특별시 서대문구 홍은동 274-82,"서울특별시 서대문구 연희로 271, 2층 (홍은동)",3658,고릴라 PC방,126.935853237611,37.5813094941161
서울특별시 서대문구 충정로3가 128-10 지층,"서울특별시 서대문구 경기대로 36 (충정로3가,지층)",,돌탱이 PC방,126.962037782272,37.5626371546204
서울특별시 서대문구 창천동 31-4 독수리빌딩 3층,"서울특별시 서대문구 연세로 36, 독수리빌딩 3층 (창천동)",3776,아크PC,126.937240313986,37.5587839163385
서울특별시 서대문구 창천동 31-4 독수리빌딩,"서울특별시 서대문구 연세로 36, 독수리빌딩 4층 (창천동)",3776,블루포스PC,126.937240313986,37.5587839163385
"서울특별시 서대문구 홍은동 9-310 홍은빌딩, 2층 ","서울특별시 서대문구 홍은중앙로 113, 홍은빌딩 2층 (홍은동)",3602,아이세븐PC방,126.94864901664,37.6005156258528
서울특별시 서대문구 홍제동 266-152,"서울특별시 서대문구 세검정로 54, 2층 (홍제동)",3624,제로100 PC홍제점,126.947292236142,37.5925358491224
서울특별시 서대문구 홍제동 176-6번지 옐림빌딩,"서울특별시 서대문구 통일로36길 5, 옐림빌딩 2, 3층 (홍제동)",3630,Bone PC방,126.946223828461,37.5876216257858
서울특별시 서대문구 창천동 18-21 피델리아,"서울특별시 서대문구 연세로 12, 지하 2층 (창천동)",3779,갤러리 PC방,126.937200582487,37.556633214994
서울특별시 서대문구 연희동 35-1,서울특별시 서대문구 연희로10길 43-4 (연희동),3725,티온 PC방 서문점,126.932823594828,37.5651378360408
"서울특별시 서대문구 홍은동 401-40 송정빌딩, 2층 201호","서울특별시 서대문구 거북골로 10, 송정빌딩 2층 201호 (홍은동)",3675,3POP(명지대점),126.925887718223,37.5810723730505
서울특별시 서대문구 대현동 40-4 4층,"서울특별시 서대문구 이화여대길 7 (대현동,4층)",,PC지엥 이대역점,126.94564199236,37.5572344939529
서울특별시 서대문구 충정로3가 3-95번지 지층,"서울특별시 서대문구 경기대로9길 77 (충정로3가,지층)",,로하스 PC방 충정로점,126.959856351253,37.5643831946888
서울특별시 서대문구 창천동 20-26 신촌르메이에르타운3,"서울특별시 서대문구 신촌로 127, 신촌르메이에르타운3 지하1층 (창천동)",3780,레드포스PC 아레나 신촌점,126.939992863232,37.5564623964348
서울특별시 서대문구 홍제동 306-19 3층,"서울특별시 서대문구 통일로37길 12 (홍제동,3층)",,늑대와 여우,126.944136571927,37.5877840964672
서울특별시 서대문구 홍제동 137-14 2~3층,"서울특별시 서대문구 통일로 424, 2,3층 (홍제동)",3630,펀앤펀 PC방,,
서울특별시 서대문구 영천동 315번지 2층,"서울특별시 서대문구 통일로 193 (영천동,2층)",,씨씨존,126.961588440235,37.5705740622417
서울특별시 서대문구 북가좌동 343-1 선정오피스텔,"서울특별시 서대문구 증가로 259, 3층 (북가좌동, 선정오피스텔)",3678,더쉐프PC 카페,126.911163441601,37.5836644590608
서울특별시 서대문구 창천동 503-13 동우빌딩,"서울특별시 서대문구 신촌로 17, 동우빌딩 2층 (창천동)",3785,GEEKSTAR PC방 창천점,126.9290107594,37.5582028873199
서울특별시 서대문구 홍은동 11-419,"서울특별시 서대문구 홍은중앙로 89 (홍은동, 우리은행)",3604,3POP PC방,126.947351976886,37.5990276988425
서울특별시 서대문구 연희동 137-5 지하층,"서울특별시 서대문구 연희로 103, 지층 (연희동)",3708,LEV9 PC방,126.930907083597,37.567234248303
서울특별시 서대문구 홍제동 176-4,서울특별시 서대문구 통일로 428 (홍제동),3630,오셀롯PC 홍제점,126.94603718938,37.587532882934
서울특별시 서대문구 홍은동 409-10,"서울특별시 서대문구 거북골로 13, 지하1층 (홍은동)",3662,탑플레이스PC 명지대점,126.925845653146,37.58067969364
서울특별시 마포구 망원동 377-2,"서울특별시 마포구 월드컵로 85, 지1층 (망원동)",4012,3POP CORE PC방,126.909527814021,37.5563349533576
서울특별시 마포구 상암동 1593 (주)우리기술 사옥,서울특별시 마포구 월드컵북로56길 9 (주)우리기술 사옥 2층 202호 (상암동),3923,텐PC CAFE,126.887439627184,37.581384890718
서울특별시 마포구 신수동 81-59,"서울특별시 마포구 서강로16길 69, 지1층 (신수동)",4109,PC CAFE COZY,126.93718651337,37.5514167009969
서울특별시 마포구 동교동 167-2 LC TOWER,"서울특별시 마포구 양화로 186, LC TOWER 7층 (동교동)",4051,원신PC라운지 인 서울,126.92589313527,37.5576684824211
서울특별시 마포구 서교동 336-5,"서울특별시 마포구 와우산로29길 15, 3층 (서교동)",4053,두근두근 플스방,126.92886732437,37.5547912647987
서울특별시 마포구 동교동 161-4 청휘빌딩,"서울특별시 마포구 동교로 176, 청휘빌딩 2층 (동교동)",3995,나니아 플스방,126.92168983967,37.5561796646134
서울특별시 마포구 성산동 593-10 태림센트윈상암,"서울특별시 마포구 모래내로3길 3, 태림센트윈상암 지하1층 B101호 (성산동)",3938,라이또PC 마포성산점,126.905391881238,37.564631511842
서울특별시 마포구 망원동 482-9 망원우체국,"서울특별시 마포구 월드컵로 111, 망원우체국 지하1층 (망원동)",3963,큐스테이지피씨카페,126.907859722016,37.5581818786815
서울특별시 마포구 동교동 160-4 아일렉스,"서울특별시 마포구 양화로 147, 아일렉스 지하 1층 (동교동)",3995,티원 베이스캠프(T1 BASE CAMP),126.922054509333,37.5560502523992
서울특별시 마포구 대흥동 2-44,"서울특별시 마포구 대흥로 184-2, 1층 (대흥동)",4112,AROHA PC,126.946092732192,37.5555623593394
서울특별시 마포구 망원동 418-1,"서울특별시 마포구 망원로 24, 지하1층 (망원동)",4007,주식회사 제로백프리미어,126.899636081982,37.5561118914478
서울특별시 마포구 동교동 162-3 삼주빌딩,"서울특별시 마포구 홍익로6길 15, 삼주빌딩 4층 (동교동)",4050,박정석 피시방,126.922709032013,37.5553579057749
서울특별시 마포구 신수동 81-136 제2서강빌딩,"서울특별시 마포구 백범로 28, 제2서강빌딩 1층 101호 (신수동)",4109,레드포스 PC아레나 서강대점,126.936974571542,37.5520644056727
서울특별시 마포구 연남동 260-27,"서울특별시 마포구 동교로 242, 3층 (연남동)",3982,으뜸 플스방,126.924450876158,37.5614156250297
서울특별시 마포구 동교동 173-14 104호,"서울특별시 마포구 양화로 192, 1층 104호 (동교동)",4056,칵투스 PC CAFE,126.926246501876,37.5583280533329
서울특별시 마포구 노고산동 57-12 태영빌딩,"서울특별시 마포구 신촌로 88, 태영빌딩 지하1층 (노고산동)",4058,아이센스리그PC신촌본점,126.935331733458,37.5553097221974
서울특별시 마포구 당인동 12-1번지 지1층,"서울특별시 마포구 어울마당로 26 (당인동,지1층)",4074,라인업PC방,126.919932359364,37.5474999833621
서울특별시 마포구 망원동 474-3번지 가은빌딩 지하1층,"서울특별시 마포구 월드컵로 155 (망원동,가은빌딩 지하1층)",3962,3POP PC방(마포구청역점),126.904931604469,37.561381158832
서울특별시 마포구 서교동 441-17번지 지하1층,"서울특별시 마포구 월드컵로14길 5, 지하1층 (서교동)",3996,3POP PC,126.910702168336,37.5560051813747
서울특별시 마포구 망원동 482-3번지 2층,"서울특별시 마포구 망원로 97, 2층 (망원동)",3963,3POP PC방,126.907521980502,37.5581064714844
서울특별시 마포구 상암동 4-2번지 지하1층,"서울특별시 마포구 매봉산로2길 15, 지하1층 (상암동)",3927,긱스타 PC카페,126.894977598231,37.5785264982816
서울특별시 마포구 동교동 165-8번지,"서울특별시 마포구 양화로 156, 2층 (동교동, LG팰리스빌딩)",4050,SNS PC,126.923446601456,37.5561130617043
서울특별시 마포구 신수동 27-2번지,"서울특별시 마포구 서강대길 12, 지하1층 (신수동)",4111,공간PC,126.939904866224,37.5492083273558
서울특별시 마포구 상암동 31-6 엠에스에이빌딩,"서울특별시 마포구 월드컵북로 328, 1층 (상암동)",3930,OX PC방,126.895729992644,37.5757572395919
서울특별시 마포구 성산동 20-12번지,"서울특별시 마포구 월드컵북로16길 27, 3층 (성산동)",3973,탑플레이스 PC,126.915844451516,37.5631601697951
서울특별시 마포구 동교동 165-8 지하2층,"서울특별시 마포구 양화로 156, 지하2층 (동교동, LG팰리스빌딩)",4050,I PC CAFE 홍대역점,126.923446601456,37.5561130617043
서울특별시 마포구 상수동 93-93번지,"서울특별시 마포구 와우산로 47, 지하1층 (상수동)",4049,3POP PC방(상수점),126.922824724481,37.5487442960797
서울특별시 마포구 창전동 444,"서울특별시 마포구 독막로 147-7, 지하1층 (창전동, 서강쌍용예가)",4069,ZERO100,126.93003258532,37.5480918690059
서울특별시 마포구 서교동 362-2 서봉갤러리,"서울특별시 마포구 와우산로 81, 서봉갤러리 지하1층 (서교동)",4041,긱스타 PC방,126.923199830619,37.5517512618431
서울특별시 마포구 노고산동 56-7 백산빌딩 지하1층,"서울특별시 마포구 신촌로16길 34, 지하1층 (노고산동, 백산빌딩)",4057,3POP PC방,126.934204893562,37.5542515086762
서울특별시 마포구 연남동 226-14 지하1층,"서울특별시 마포구 연희로 39, 지하1층 (연남동)",3981,샘 피시방 (SAEM PC방),126.927239750975,37.5623999133101
서울특별시 마포구 공덕동 105-228 1층,"서울특별시 마포구 마포대로14길 21, 1층 (공덕동)",4207,레벨업 PC CAFE,126.957016576777,37.5484741843432
서울특별시 마포구 합정동 383-20번지 지하1층,"서울특별시 마포구 양화로3길 6, 지하1층 (합정동)",4027,쓰리팝 PC CAFE,126.911871998628,37.5492247904677
서울특별시 마포구 도화동 541 지하1층,"서울특별시 마포구 마포대로 38, 지하1층 (도화동)",4174,레벨업 PC CAFE,126.946686455256,37.5394938567133
서울특별시 마포구 성산동 601번지,"서울특별시 마포구 월드컵북로30길 13, 지하1층 (성산동, 성산월드타운대림아파트)",3945,3POP 빈티지 PC CAFE,126.908363510664,37.568594632553
서울특별시 마포구 서교동 327-11번지,"서울특별시 마포구 와우산로 155, 지하 1층 (서교동)",4052,GEEKSTAR PC CAFE,126.929956540282,37.5548638155738
서울특별시 마포구 동교동 198-8번지 지하1층,"서울특별시 마포구 동교로27길 12, 지하1층 (동교동)",3993,제노피시방(동교점),126.922876410496,37.5588764092034
서울특별시 마포구 동교동 162-6 스칼렛빌딩,"서울특별시 마포구 양화로 148, 스칼렛빌딩 지1층 (동교동)",4050,레벨업 PC 카페,126.922661004229,37.5556179021829
서울특별시 마포구 합정동 472번지 마포 한강 푸르지오,"서울특별시 마포구 월드컵로1길 14, B102~4호 (합정동, 마포 한강 푸르지오)",4024,긱스타 PC CAFE,126.912061257921,37.5500497954747
서울특별시 양천구 신월동 932-1,"서울특별시 양천구 지양로 79, 2층층 (신월동)",8037,행운PC,126.832990682262,37.5224300656382
서울특별시 양천구 목동 406-28 목동 슬로우스퀘어,"서울특별시 양천구 오목로 345, 목동 슬로우스퀘어 지하1층 B102~109호 (목동)",7999,긱스타피씨카페,126.875820730078,37.5247775349288
서울특별시 양천구 목동 404-156 대경프라자,"서울특별시 양천구 신목로 102, 대경프라자 제지층 03호 (목동)",8007,아이센스리그PC방 오목교점,126.875774509668,37.5235884341471
서울특별시 양천구 신정동 900-13,"서울특별시 양천구 신정중앙로 107, 지층 (신정동)",7938,제로백피시방,126.863696724211,37.5264375953214
서울특별시 양천구 신월동 116-14,"서울특별시 양천구 월정로 137, 2층 (신월동)",7923,도깨비 PC,126.837469383438,37.5311741321708
서울특별시 양천구 목동 606-14 동향빌딩,"서울특별시 양천구 등촌로 230, 동향빌딩 지층 (목동)",7946,레벨업PC방 등촌점,126.864188157127,37.5500824636807
서울특별시 양천구 신월동 88-32,"서울특별시 양천구 가로공원로71길 2, 2층 (신월동)",7907,포텐PC,126.834826113917,37.5371522934603
서울특별시 양천구 신월동 81-21 2층 201호,"서울특별시 양천구 가로공원로 119, 2층 201호 (신월동)",7905,월드클래스 PC방,126.829176148835,37.5363765141233
서울특별시 양천구 목동 907 현대월드타워,"서울특별시 양천구 목동서로 77, 현대월드타워 103,104,104-1,104-2호 (목동)",7983,알스타PC[(주)모두피씨],126.877988123429,37.5359631978743
서울특별시 양천구 목동 611-6 지하호,"서울특별시 양천구 목동중앙북로 11, 지하호 (목동)",7946,코지PC,126.864767649096,37.5486566688707
서울특별시 양천구 신정동 904-8,"서울특별시 양천구 신정중앙로 88, 지하1층 (신정동)",7945,언더독PC,126.861297660891,37.5264594896402
서울특별시 양천구 신정동 972-2 목동미르웰한올림,"서울특별시 양천구 중앙로 286, 지하1층 B02호 (신정동, 목동미르웰한올림)",8026,경동성인PC,126.852517638229,37.5218276144278
서울특별시 양천구 목동 907-23 현대파크빌,"서울특별시 양천구 목동동로 391, 101, 102호 (목동, 현대파크빌)",7983,이츠PC,,
서울특별시 양천구 신정동 175-1,서울특별시 양천구 목동남로4길 32 (신정동),8104,제로100 PC 신정점,126.866067725231,37.5088235409887
서울특별시 양천구 신정동 911-7,"서울특별시 양천구 신정중앙로 62, 1층 3호 (신정동)",7944,킹덤PC,126.858637841135,37.5268366486317
서울특별시 양천구 신월동 68-12,"서울특별시 양천구 월정로 218, 1층 (신월동)",7907,유이PC,126.833711557122,37.5378474721222
서울특별시 양천구 신월동 115-18,"서울특별시 양천구 월정로 145, 지하1층 (신월동)",7923,단밤PC,126.836971801307,37.531801353487
서울특별시 양천구 목동 792-4 목동 태영프라자 6층,"서울특별시 양천구 등촌로 32, 목동 태영프라자 6층 (목동)",7965,스타디움PC CAFE,126.864166285292,37.5328851583631
서울특별시 양천구 목동 528-1,"서울특별시 양천구 목동중앙북로 86, 지하층 (목동)",7972,원픽피씨카페,126.872614610362,37.5463224390396
서울특별시 양천구 신정동 890-13 건영아파트 지층,"서울특별시 양천구 목동로25길 9, 지층 (신정동, 건영아파트)",7938,고고피씨방,126.862750883343,37.5277155614034
서울특별시 양천구 신월동 124-24,"서울특별시 양천구 곰달래로5길 22, 1층 (신월동)",7923,해피PC,126.833994839407,37.531483748413
서울특별시 양천구 목동 318-283,"서울특별시 양천구 목동중앙본로7길 6, 2층 (목동)",7954,유지트PC 목동점,126.868352515999,37.5399187798551
서울특별시 양천구 신월동 143-4,서울특별시 양천구 곰달래로5길 59-1 (신월동),7920,라이브PC,126.831630541081,37.5346370550625
서울특별시 양천구 목동 788-16번지 2층,"서울특별시 양천구 등촌로 42-1, 2층 (목동)",7965,호호PC,126.863916516818,37.5337333428665
서울특별시 양천구 신정동 889-15 103호,"서울특별시 양천구 신정중앙로19길 7, 103호 (신정동, 춘당아네시스)",7938,승리PC방,126.861504528447,37.5272800040182
서울특별시 양천구 신월동 85-2 1층,"서울특별시 양천구 월정로 221, 1층 (신월동)",7906,황소pc,126.833359716242,37.5379288769989
서울특별시 양천구 신정동 323-7 테마프라자,"서울특별시 양천구 목동서로 389, 테마프라자 3층 301,302호 (신정동)",8093,아이센스리그PC,126.861199902538,37.5157806966376
서울특별시 양천구 목동 315-2번지 삼성빌딩,"서울특별시 양천구 목동중앙본로 69, 삼성빌딩 2층 (목동)",7954,스타덤PC 목동점,126.869060611681,37.5421809851093
서울특별시 양천구 신월동 147-14 지층,"서울특별시 양천구 남부순환로40길 6, 지층 (신월동)",7910,초이스PC,126.828015178206,37.5351430724935
서울특별시 양천구 신정동 1182-2 지하1층 106~110호,"서울특별시 양천구 중앙로 251 (신정동,지하1층 106~110호)",8073,우리신정PC방,126.853223171816,37.518714899828
서울특별시 양천구 신월동 921-1 지하1층,"서울특별시 양천구 지양로 82, 지하1층 (신월동)",8034,잇츠pc방(신월점),126.833094245325,37.5227099730559
서울특별시 양천구 목동 606-7,"서울특별시 양천구 목동중앙북로1길 39, 1층 (목동)",7946,명품 PC,126.864514947503,37.5504119735898
서울특별시 양천구 신월동 510-1 지층,"서울특별시 양천구 오목로 58 (신월동,지층)",8028,레벨업PC카페,126.844066388115,37.5223094268187
서울특별시 양천구 신월동 146-1 지하1층,"서울특별시 양천구 남부순환로 353 (신월동, 지하1층)",7920,레벨업 PC CAFE,126.828923065237,37.5356741789955
서울특별시 양천구 신정동 884-20,"서울특별시 양천구 은행정로 86, 1층 102호 (신정동, sk자이빌)",7938,로데오 PC,126.858969181365,37.5275070292965
서울특별시 양천구 신월동 538-6,서울특별시 양천구 신월로15길 7 (신월동),8031,신월PC,126.841716283854,37.5190288155623
서울특별시 양천구 신월동 86-1 1층,"서울특별시 양천구 월정로 213, 1층 (신월동)",7906,와우 PC,126.833714317513,37.5373686849352
서울특별시 양천구 신월동 98-36 1층,"서울특별시 양천구 곰달래로5길 60, 1층 (신월동)",7917,달마 PC방,126.83191948566,37.5347465777386
"서울특별시 양천구 목동 773-3 목동글로리파크 지층 101,102호 ","서울특별시 양천구 목동중앙로 43 (목동, 목동글로리파크 지층 101,102)",7964,PC랑푸드,126.869525224448,37.5335410020886
서울특별시 양천구 신정동 972-7 2층,서울특별시 양천구 중앙로46길 2 (신정동),8026,놀토PC,126.852594760358,37.5220140379178
서울특별시 양천구 신월동 228-1,서울특별시 양천구 곰달래로 48 (신월동),7925,쓰리팝 PC방,126.838204204606,37.5298650864067
서울특별시 양천구 신월동 97-1,"서울특별시 양천구 가로공원로 122, 1층 4호 (신월동)",7917,공원PC,126.829556120901,37.5358151097194
서울특별시 양천구 목동 617-3 지하1층,"서울특별시 양천구 목동중앙북로 16 (목동,지하1층)",7950,탑티어 피씨방(TOP TIER),126.865302393826,37.5483147206199
서울특별시 양천구 신월동 116-13 1층,"서울특별시 양천구 월정로 139, 1층층 (신월동)",7923,RING PC방,126.837403707491,37.5313045066258
서울특별시 양천구 신정동 761-82 2층,서울특별시 양천구 남부순환로88길 14 (신정동),8053,라네이즈PC,126.840173516553,37.5118971024706
서울특별시 양천구 신월동 86-2번지 1층,"서울특별시 양천구 월정로 211 (신월동,1층)",7906,즐거운PC CLUB,126.833758026031,37.5372513462472
서울특별시 양천구 목동 933 지층,"서울특별시 양천구 목동동로12길 45, 지층 (목동)",8007,xoxo핫도그 x 3POP,126.876366110642,37.5225865099354
서울특별시 양천구 목동 547-12 지하1층,"서울특별시 양천구 목동중앙본로 95, 지하1층 (목동)",7953,제로백,126.870395488047,37.54420285771
서울특별시 양천구 신정동 906-1번지 1층,"서울특별시 양천구 은행정로 74 (신정동, 1층)",7945,황제 PC,126.859076587953,37.5263403608246
서울특별시 양천구 목동 749-5번지 지층,"서울특별시 양천구 목동중앙본로 42, 지층 (목동)",7975,더존플러스 pc방,126.868835232193,37.5398432726571
서울특별시 양천구 신월동 550-3 승일뷰티타워 B104호,"서울특별시 양천구 신월로 164 (신월동, 승일뷰티타워 B104호)",8064,헤라PC방,126.842018042503,37.517760427962
서울특별시 양천구 신월동 128,서울특별시 양천구 곰달래로5길 17 (신월동),7921,아이온PC방,126.833603986348,37.5311113555178
서울특별시 양천구 목동 404-101번지 2층,"서울특별시 양천구 신목로2길 58-1, 2층 (목동)",8007,강구PC,126.877299423799,37.5229055369719
서울특별시 양천구 목동 514-4번지 지하1층,"서울특별시 양천구 공항대로 626, 지하1층 (목동)",7968,리 PC,126.874274631417,37.5466090237895
서울특별시 양천구 신월동 116-31,"서울특별시 양천구 곰달래로 47 (신월동, 백석빌딩)",7923,B ONE PC,126.837979822093,37.530248154543
서울특별시 양천구 신정동 1182-11 2층,서울특별시 양천구 중앙로 237 (신정동),8073,옵티멈존PC카페 신정네거리역점,126.853643266456,37.5177429690532
서울특별시 양천구 신정동 1030-6,"서울특별시 양천구 중앙로34길 30, 1층 17호 (신정동)",8082,둘리PC,126.853558140918,37.5208424920255
서울특별시 양천구 신월동 134-9,"서울특별시 양천구 곰달래로5길 45, 1층 (신월동)",7920,부담없는 PC,126.832373307436,37.5334786149112
서울특별시 양천구 신정동 912-7,"서울특별시 양천구 신정중앙로 48, 2층 (신정동)",7944,센스PC,126.857119984882,37.5270689923319
서울특별시 양천구 신정동 1023-23,"서울특별시 양천구 신월로36길 19, 지층 (신정동)",8086,짱이PC방,126.85868599823,37.5199585483671
서울특별시 양천구 목동 792-4번지 목동태영프라자 106호,"서울특별시 양천구 등촌로 32, 106호 (목동, 목동태영프라자)",7965,왠지PC방,126.864166285292,37.5328851583631
서울특별시 양천구 목동 791-11번지 1층,"서울특별시 양천구 목동중앙서로 7-1  (목동,1층)",7965,제이제이 PC방,126.864706138814,37.5326604378483
서울특별시 양천구 신정동 972-5,서울특별시 양천구 중앙로 280 (신정동),8026,ZERO100 신정네거리점,126.852729159683,37.5213761159391
서울특별시 양천구 신정동 904-5번지 지하,"서울특별시 양천구 신정중앙로 82, 지하층 (신정동)",7945,아카PC방,126.860696745163,37.5265052740608
서울특별시 양천구 신정동 760-16 3층,"서울특별시 양천구 남부순환로88길 10, 3층 (신정동)",8053,잼PC방,126.840498916897,37.512061164533
서울특별시 양천구 신월동 229-26 1층,"서울특별시 양천구 곰달래로14길 10, 1층 (신월동)",7925,승리 PC,126.83785547145,37.5292098509446
서울특별시 양천구 목동 514-1,"서울특별시 양천구 공항대로 620, 지하1층 (목동)",7968,황제PC,126.8738208026,37.5465760136688
서울특별시 양천구 신월동 81-15 지하1층 우측,"서울특별시 양천구 가로공원로 131, 지하1층 (신월동)",7905,위너PC,126.830530198086,37.5364543291825
서울특별시 양천구 신월동 137-19,"서울특별시 양천구 곰달래로5길 49-1, 1층 (신월동)",7920,콩이PC,126.832142728578,37.5338317496892
서울특별시 양천구 목동 497-4 대명이튼캐슬,"서울특별시 양천구 목동중앙본로 107, 1층 104호 (목동, 대명이튼캐슬)",7948,대박pc,126.870628625751,37.5451643888693
서울특별시 양천구 신정동 1183-9번지,서울특별시 양천구 중앙로 259-1  (신정동),,넷티즌월드,126.852828500541,37.5195229682923
서울특별시 양천구 목동 794-3번지,서울특별시 양천구 목동중앙서로 10  (목동),,웹골뱅이,126.864843232656,37.5324265148967
서울특별시 양천구 목동 797-2번지,서울특별시 양천구 목동중앙서로 22-1  (목동),,현대PC게임방,126.866365744193,37.5325494320952
서울특별시 강서구 등촌동 684-3 대룡드림타워-1 202호,"서울특별시 강서구 강서로 462, 대룡드림타워-1 202호 (등촌동)",7573,맥스피드PC 양천향교직영점,126.84140274432,37.5666120273171
서울특별시 강서구 마곡동 784-11 마곡오드카운티1차 102호,"서울특별시 강서구 강서로 429, 마곡오드카운티1차 102호 (마곡동)",7792,에바다PC,126.839511274632,37.5640031623664
서울특별시 강서구 등촌동 639-23번지,"서울특별시 강서구 공항대로45길 63, 204-205호 (등촌동)",7567,긱스타 피씨 카페,,
서울특별시 강서구 등촌동 639-23,"서울특별시 강서구 공항대로45길 63, 201-203호 (등촌동)",7567,열정분식소X브리즈,,
"서울특별시 강서구 화곡동 927-1 웰라이빌아파트 103,104호 ","서울특별시 강서구 강서로5나길 104, 103,104호 (화곡동, 웰라이빌아파트)",7776,굿데이게임즈 PC,,
서울특별시 강서구 화곡동 927-1 웰라이빌아파트 101호,"서울특별시 강서구 강서로5나길 104, 101호 (화곡동, 웰라이빌아파트)",7776,행운게임랜드,126.842384319394,37.5285659999317
서울특별시 강서구 화곡동 794-12 녹정빌딩 3층,"서울특별시 강서구 곰달래로 246, 녹정빌딩 3층 (화곡동)",7785,렉스PC,126.860298516176,37.5318504424101
서울특별시 강서구 방화동 829-4번지 금강프라자빌딩,"서울특별시 강서구 금낭화로 135, 금강프라자빌딩 지층 (방화동)",7510,OX PC방 방화역점,126.812438073591,37.5774450106613
서울특별시 강서구 마곡동 799-3번지 문영 퀸즈파크12차 B103호,"서울특별시 강서구 공항대로 194, 문영 퀸즈파크12차 B103,B104호 (마곡동)",7631,긱스타 PC CAFE 마곡역점,126.829034127455,37.5589809916906
서울특별시 강서구 화곡동 906-21,"서울특별시 강서구 강서로5나길 33, 2층 (화곡동)",7779,제우스PC방,126.846386280915,37.5283965689824
서울특별시 강서구 화곡동 935-5 힐하우스,"서울특별시 강서구 강서로5나길 144, 힐하우스 2층 (화곡동)",7775,로또PC,126.84006674018,37.5283809721254
서울특별시 강서구 화곡동 359-115,"서울특별시 강서구 강서로17길 138, 1층 (화곡동)",7766,별PC,126.838175093499,37.5320285288191
서울특별시 강서구 화곡동 359-63 영주빌딩,"서울특별시 강서구 강서로17길 134, 영주빌딩 104호 (화곡동)",7766,고추PC,126.838334291543,37.53207487807
서울특별시 강서구 방화동 281-23,"서울특별시 강서구 양천로24길 11, 1층 (방화동)",7605,스타PC,126.815616684601,37.572762239511
서울특별시 강서구 화곡동 346-3 형제빌딩,"서울특별시 강서구 강서로 53, 형제빌딩 지층 (화곡동)",7773,제로백 PC방 까치산점,126.845921597366,37.5324902906834
서울특별시 강서구 화곡동 1119 한양빌딩,"서울특별시 강서구 화곡로58길 18, 한양빌딩 2층 (화곡동)",7657,제로백PC강서구청점,126.85185286954,37.5527995459334
서울특별시 강서구 화곡동 357-24,"서울특별시 강서구 곰달래로 53-1, 1층 (화곡동)",7772,순이PC,126.838705654765,37.5302678888907
서울특별시 강서구 공항동 1350-4,"서울특별시 강서구 방화대로6라길 17, 1층 (공항동)",7645,당근PC,126.818251122254,37.5557784221645
서울특별시 강서구 등촌동 638 서광등촌마을,"서울특별시 강서구 공항대로45길 68-6, 지층 (등촌동, 서광등촌마을)",7566,텐지 피시방,126.856969456017,37.5579627106862
서울특별시 강서구 화곡동 937-13번지,"서울특별시 강서구 월정로18길 3, 102호 (화곡동)",7775,아지트 PC,126.839077560778,37.5293583855883
서울특별시 강서구 공항동 57-30번지,서울특별시 강서구 남부순환로9길 27 (공항동),7627,반딧불 PC,126.81158023685,37.5573414649494
서울특별시 강서구 공항동 691-4 부국빌딩,"서울특별시 강서구 송정로 13, 부국빌딩 1층 (공항동)",7627,빙고PC,126.812087689477,37.5564064990457
서울특별시 강서구 화곡동 911-1 202호,"서울특별시 강서구 국회대로 85-43, 2층 202호 (화곡동)",7780,짱PC,126.844230798659,37.5282739125721
서울특별시 강서구 화곡동 936-9,"서울특별시 강서구 월정로 106, 지층 (화곡동)",7775,588PC랜드,126.839244133879,37.5287598073377
서울특별시 강서구 마곡동 757 두산더랜드파크,"서울특별시 강서구 마곡중앙로 161-8, 두산더랜드파크 A동 114호 (마곡동)",7788,메이드PC,126.827338682565,37.568851450649
서울특별시 강서구 화곡동 358-9,"서울특별시 강서구 강서로17길 117, 1층 (화곡동)",7766,두리PC,126.83926821742,37.5321931927813
서울특별시 강서구 화곡동 938-17 2층,"서울특별시 강서구 월정로 118, 2층 (화곡동)",7775,스타PC게임랜드,126.838697471818,37.529759803473
서울특별시 강서구 화곡동 343-64번지 오거닉스타워 B2층 201호,"서울특별시 강서구 강서로 43-17, 오거닉스타워 B2층 201호 (화곡동)",7774,아이센스리그PC방 까치산역점,126.846691735763,37.5311063652026
서울특별시 강서구 염창동 282-20번지 동원빌딩,"서울특별시 강서구 공항대로 635, 동원빌딩 지층 (염창동)",7558,플레이존  PC 염창역점,126.875270707574,37.5472626732763
서울특별시 강서구 화곡동 848-1,"서울특별시 강서구 곰달래로 224, 1층 (화곡동)",7783,태영PC방,126.857846645433,37.5315273910695
서울특별시 강서구 화곡동 1032-27 세종빌딩 지하3층,"서울특별시 강서구 강서로 205, 세종빌딩 지하2층 (화곡동)",7707,PC-TAG,126.837621158964,37.5441393622812
서울특별시 강서구 화곡동 425-10 유한빌 101호,"서울특별시 강서구 곰달래로 83, 101호 (화곡동, 유한빌)",7772,팡팡PC,126.841936405148,37.530399388279
서울특별시 강서구 화곡동 905-9번지 은하빌딩,"서울특별시 강서구 강서로5나길 32, 은하빌딩 2층 (화곡동)",7777,크라운PC,126.846411554218,37.5287609666213
서울특별시 강서구 화곡동 894-18번지 성지빌딩,"서울특별시 강서구 강서로 24, 성지빌딩 4층 (화곡동)",7781,비긴PC방,126.847978671154,37.5300989982156
서울특별시 강서구 화곡동 1024-12 프라자빌딩 지층호,"서울특별시 강서구 강서로33가길 68, 프라자빌딩 지층호 (화곡동)",7706,RD PC,126.836965555809,37.5444922810081
서울특별시 강서구 화곡동 848-24번지,"서울특별시 강서구 곰달래로 222, 3층 (화곡동)",7783,ARENA PC,126.857590954693,37.5314683377829
서울특별시 강서구 화곡동 359-54,"서울특별시 강서구 가로공원로76길 100, 1층 (화곡동)",7766,여우PC,126.83883535208,37.5328236634124
서울특별시 강서구 화곡동 1076-9 NS파크APT 101호,"서울특별시 강서구 화곡로 176-22, 지층 101호 (화곡동, NS파크APT)",7727,GRAY PC & CAFE,126.841714801479,37.5408779892269
서울특별시 강서구 화곡동 1021,"서울특별시 강서구 화곡로21길 87, 지층 (화곡동, 해온빌딩)",7708,프라임피시방,126.835916380576,37.544692651418
서울특별시 강서구 내발산동 691번지 성호빌딩 지층호,"서울특별시 강서구 강서로47길 113, 지층 (내발산동, 성호빌딩)",7637,놀PC방,126.829847684279,37.5532440805507
서울특별시 강서구 화곡동 1115-6 2층,"서울특별시 강서구 화곡로58길 17 (화곡동, 2층)",7654,탑피시,126.851939760258,37.5530401310881
서울특별시 강서구 화곡동 928-30번지 2층,"서울특별시 강서구 강서로5나길 134, 2층 (화곡동)",7775,붕붕PC방,126.840748879491,37.5284038783305
서울특별시 강서구 방화동 606-15번지 부자빌딩,"서울특별시 강서구 금낭화로 5, 부자빌딩 1층 (방화동)",7614,긱스타PC,126.811572352147,37.5657305309014
서울특별시 강서구 화곡동 1068-32번지 7층,"서울특별시 강서구 화곡로 111, 7층 (화곡동)",7711,JJ Dessert PC Cafe,126.834213654314,37.5402197881037
서울특별시 강서구 화곡동 1070-8번지 2층,"서울특별시 강서구 화곡로 116, 2층 (화곡동)",7718,빅토리PC,126.834722978726,37.539896232504
서울특별시 강서구 공항동 717 지층,"서울특별시 강서구 방화대로7나길 46, 지층 (공항동)",7626,탑클래스PC,126.813193292325,37.5564066316637
서울특별시 강서구 화곡동 1115 2층,"서울특별시 강서구 화곡로60길 20, 2층 (화곡동)",7654,강구PC,126.85228881538,37.5534212395905
서울특별시 강서구 화곡동 971-1,"서울특별시 강서구 까치산로17길 5, 1층 (화곡동)",7673,골목PC,126.849101574578,37.5480467233076
서울특별시 강서구 화곡동 1023번지 2층,"서울특별시 강서구 화곡로21길 78, 2층 (화곡동)",7706,헌터PC방 화곡점,126.836438459202,37.5445499367821
서울특별시 강서구 화곡동 938-18,"서울특별시 강서구 곰달래로 52, 1층 (화곡동)",7775,영자PC,126.838583156306,37.5299403880104
서울특별시 강서구 방화동 562-21,서울특별시 강서구 양천로16길 16 (방화동),7603,원피스PC방,126.811016266626,37.5725360231686
서울특별시 강서구 화곡동 835-3,"서울특별시 강서구 곰달래로 215-1, 2층 (화곡동)",7749,곰달래PC,126.856975998285,37.5317350116023
서울특별시 강서구 염창동 280번지,"서울특별시 강서구 공항대로71길 31, 상가동 B01,02호 (염창동, 극동상록수아파트)",7559,제노피시방,126.871995630231,37.5487034685102
서울특별시 강서구 공항동 53-47 축복빌딩,"서울특별시 강서구 송정로 48, 축복빌딩 지층 (공항동)",7623,킹덤PC,126.810578480017,37.5591438361369
서울특별시 강서구 방화동 599-1번지,"서울특별시 강서구 초원로 53, 1층 (방화동)",7608,골든PC방,126.811279989308,37.567927499743
서울특별시 강서구 등촌동 662-3 신송타워 지층,"서울특별시 강서구 화곡로63길 93, 지층 (등촌동, 신송타워)",7590,플렉스피씨(FLEX PC),126.847811653783,37.5585028516812
서울특별시 강서구 등촌동 648-6번지 비원오피스텔,"서울특별시 강서구 공항대로 525, 비원오피스텔 (등촌동)",7563,플렉스 피씨 (FLEX PC) 등촌역점,126.865288555375,37.5515396464121
서울특별시 강서구 마곡동 784-3 스카이오피스텔 109호,"서울특별시 강서구 강서로 451, 스카이오피스텔 109호 (마곡동)",7792,와우PC,126.840151682632,37.5658569279715
서울특별시 강서구 화곡동 781-11 2층,"서울특별시 강서구 곰달래로60길 7, 2층 (화곡동)",7786,탑PC,126.86325377335,37.5319180525369
서울특별시 강서구 화곡동 839-3,"서울특별시 강서구 곰달래로 237, 1층 (화곡동)",7738,화곡PC,126.859409970557,37.5320114779772
서울특별시 강서구 염창동 251-2,"서울특별시 강서구 양천로75길 13, 지층 (염창동)",7541,라이온PC방,126.875066111272,37.5503823431126
서울특별시 강서구 화곡동 29-30 1층,"서울특별시 강서구 까치산로 93, 1층 (화곡동)",7678,공원PC방,126.84816364255,37.5467856553943
서울특별시 강서구 화곡동 504-16번지 101호,"서울특별시 강서구 등촌로13길 34, 101호 (화곡동, 경흥빌라트)",7733,로또PC 화곡점,126.861486316839,37.5355989214973
서울특별시 강서구 등촌동 641-11 청림오피스텔 206호,"서울특별시 강서구 공항대로45길 44, 청림오피스텔 206호 (등촌동)",7569,아쿠아PC방,126.855808218309,37.5568092839784
서울특별시 강서구 내발산동 723-4 지층,"서울특별시 강서구 강서로 257, 지층 (내발산동)",7639,제로백PC 우장산점,126.836035160372,37.5486867604595
서울특별시 강서구 마곡동 759-3 보타닉파크타워Ⅰ,"서울특별시 강서구 마곡중앙로 161-17, 보타닉파크타워Ⅰ B1층 (마곡동)",7788,포텐PC(4TEN PC) 마곡나루1호점,126.825960812712,37.5680581740122
서울특별시 강서구 화곡동 971-4 지층 좌측호,"서울특별시 강서구 까치산로 101, 지층 좌측호 (화곡동)",7673,피시베네 season 2 (PC클럽),126.848580974482,37.5474583358704
서울특별시 강서구 방화동 580-53 1층,"서울특별시 강서구 방화동로 116-1, 1층 (방화동)",7604,돼지PC,126.812507868932,37.5708287655992
서울특별시 강서구 화곡동 343-62 라인씨티 2층,"서울특별시 강서구 곰달래로 125, 2층 (화곡동, 라인씨티)",7774,세븐스타PC방 까치산역점,126.846767853226,37.5307859780919
서울특별시 강서구 내발산동 653번지 솔레드림,"서울특별시 강서구 강서로 360, 솔레드림 지층 b103호 (내발산동)",7651,3 PoP,126.838393605308,37.5576945764491
서울특별시 강서구 화곡동 398-1 해풍그랜드타운 101호,"서울특별시 강서구 강서로18다길 22, 101호 (화곡동, 해풍그랜드타운)",7752,제노PC ZONE,126.847408580799,37.5352096377055
서울특별시 강서구 방화동 285-4 수현빌딩,"서울특별시 강서구 양천로 100-1, 수현빌딩 지층 (방화동)",7604,제로백PC 신방화점,126.815058656627,37.5732017723721
서울특별시 강서구 화곡동 971-4 지층 우측,"서울특별시 강서구 까치산로 101, 지층 우측호 (화곡동)",7673,피시베네 season 2 (PC방),126.848580974482,37.5474583358704
서울특별시 강서구 등촌동 681-3 효성인텔리안,"서울특별시 강서구 강서로 426, 효성인텔리안 지층 101,110호 (등촌동)",7582,메가쓰리팝PC방,126.840613697454,37.5633706252766
서울특별시 강서구 화곡동 1095-4 그랜드아이파크,"서울특별시 강서구 화곡로 341, 그랜드아이파크 (화곡동)",7649,e-sports PC,126.850995581546,37.5542929511592
서울특별시 강서구 화곡동 140-19 3층,"서울특별시 강서구 화곡로 180, 3층 (화곡동)",7727,쿡몬스터PC,126.841722040176,37.541842878658
서울특별시 강서구 화곡동 343-52 도양라비앙타워 B301호,"서울특별시 강서구 강서로 43, B301호 (화곡동, 도양라비앙타워 )",7774,더블유피씨방,126.846531702129,37.5315215185769
서울특별시 강서구 화곡동 795-1,"서울특별시 강서구 곰달래로58길 12, 1층 (화곡동)",7785,놀토PC,126.861826845306,37.5316305041818
서울특별시 강서구 화곡동 914-3 일성스카이빌,"서울특별시 강서구 강서로5나길 50, 108호 (화곡동, 일성스카이빌)",7777,럭키PC,126.845517395793,37.5287943988332
서울특별시 강서구 화곡동 841-1번지 1층,"서울특별시 강서구 강서로10길 200, 1층 (화곡동)",7784,골드 PC방,126.858985505868,37.5312752148378
서울특별시 강서구 방화동 450-15 멤브로메디컬센터,"서울특별시 강서구 양천로 73, 멤브로메디컬센터 지층 (방화동)",7517,레벨업PC방,126.811826043779,37.5737251867757
서울특별시 강서구 화곡동 358-9,"서울특별시 강서구 강서로17길 117, 1층 (화곡동)",7766,스타일PC,126.83926821742,37.5321931927813
서울특별시 강서구 화곡동 823-14번지 1층,"서울특별시 강서구 곰달래로49길 48, 1층 (화곡동)",7738,나우PC방,126.857389215821,37.5337938466988
서울특별시 강서구 등촌동 682번지 평안빌딩,"서울특별시 강서구 강서로 460, 평안빌딩 (등촌동)",7582,게임팩토리PC,126.841106001932,37.5663257425795
서울특별시 강서구 화곡동 934-10,"서울특별시 강서구 강서로5나길 131, 2층 (화곡동)",7780,왕대박PC,126.840885923997,37.52811817546
서울특별시 강서구 화곡동 1114-5,"서울특별시 강서구 까치산로 189-1, 지층 (화곡동)",7654,대박PC게임장,126.853888750093,37.5541504250601
서울특별시 강서구 가양동 1480 영보빌딩,"서울특별시 강서구 양천로57길 16, 영보빌딩 5층 (가양동)",7526,누리터 PC방,126.852504476699,37.5633752671263
서울특별시 강서구 염창동 240-21번지 우림블루나인비즈니스센터,"서울특별시 강서구 양천로 583, 우림블루나인비즈니스센터 b106호 (염창동)",7547,제나두PC 강서본점,126.864347419732,37.5571161918617
서울특별시 강서구 화곡동 1164번지 더퍼스트빌화곡 103동,"서울특별시 강서구 까치산로 26, 1층 103호 (화곡동, 더퍼스트빌화곡)",7726,well PC,126.843362773067,37.5420501337519
서울특별시 강서구 화곡동 910-28번지,"서울특별시 강서구 강서로5나길 59, 2층 (화곡동)",7779,짱구PC 화곡점,126.844884191095,37.5283024332797
서울특별시 강서구 화곡동 1032-17번지 지하층,"서울특별시 강서구 강서로 191, 지하층 (화곡동, 화평빌딩)",7707,라이또PC방 화곡점,126.838520714498,37.5432641044882
서울특별시 강서구 방화동 249-28 1층,"서울특별시 강서구 방화동로 80, 1층 (방화동)",7616,대박PC,126.812869586247,37.5674135799927
서울특별시 강서구 방화동 567-9,"서울특별시 강서구 양천로16길 7, 1층 2호 (방화동)",7603,방화 PC,126.811019251197,37.5729228245554
서울특별시 강서구 화곡동 1119-11 4층,"서울특별시 강서구 공항대로46길 73, 4층 (화곡동)",7657,안다미로,126.85163621947,37.5528217988386
"서울특별시 강서구 가양동 1480-1번지 이스타빌2차 B07, 08, 09호 ","서울특별시 강서구 양천로57길 10-11, 이스타빌2차 B07, 08, 09호 (가양동)",7526,투앤투PC방,126.852934754398,37.5631717283618
서울특별시 강서구 공항동 1359-10번지 2층,"서울특별시 강서구 방화대로6길 43, 2층 (공항동)",7645,스마일PC게임,126.819016172131,37.5546571358773
서울특별시 강서구 마곡동 793-3번지 107호,"서울특별시 강서구 강서로 411, 107호 (마곡동, 마곡에비앙)",7794,국제PC,126.839010860704,37.5623808692994
서울특별시 강서구 내발산동 650-16번지,"서울특별시 강서구 공항대로42길 16, 지층 (내발산동)",7646,아이비스PC 내발산점,126.843609294059,37.5572344334833
서울특별시 강서구 내발산동 723,"서울특별시 강서구 강서로 261, 지층 1,4호 (내발산동)",7639,비원 PC방,126.835954853373,37.5491854412348
서울특별시 강서구 화곡동 341-65 화곡판타지아,"서울특별시 강서구 강서로 52, 화곡판타지아 (화곡동)",7757,3POP PC방,126.846651402005,37.5324605164753
서울특별시 강서구 화곡동 1051-1번지 경동엠파이어시티,"서울특별시 강서구 강서로 187, 경동엠파이어시티 101동 B01호 (화곡동)",7714,피에스타 PC방 강서 화곡역점,126.838834495799,37.5428947633309
서울특별시 강서구 방화동 193-11번지 불해빌딩,"서울특별시 강서구 방화대로34길 92, 불해빌딩 지층 (방화동)",7595,ZIO(지오)PC방,126.821409394955,37.5708840128695
서울특별시 강서구 공항동 692,"서울특별시 강서구 송정로 18-2, 1층 (공항동)",7626,애플PC,126.812222037565,37.5567634171884
서울특별시 강서구 등촌동 63-12 어위쉬예다인,"서울특별시 강서구 양천로 452, 어위쉬예다인 지하1층층 (등촌동)",7574,3POP PC CAFE,126.850820066078,37.5628582317658
서울특별시 강서구 마곡동 794번지 1층 106호,"서울특별시 강서구 강서로 391, 1층 106호 (마곡동, 문영비즈웍스)",7803,강구짱PC,126.838427628497,37.5605448342463
서울특별시 강서구 화곡동 27-17번지 1층,"서울특별시 강서구 화곡로42길 32, 1층 (화곡동)",7679,블루PC,126.847050651331,37.5459847632984
서울특별시 강서구 화곡동 393-1 삼광빌딩 102호,"서울특별시 강서구 강서로18길 52, 삼광빌딩 102호 (화곡동)",7755,해적PC,126.848504697055,37.5343755516421
서울특별시 강서구 등촌동 655-28,서울특별시 강서구 공항대로45길 12 (등촌동),7571,명품PC,126.854621284509,37.5558519610316
서울특별시 강서구 화곡동 929-1,"서울특별시 강서구 강서로5나길 109, A-2호 (화곡동)",7780,메이드PC방,126.841905897445,37.5279688077685
서울특별시 광진구 중곡동 164-1,"서울특별시 광진구 능동로 373, 3층 (중곡동)",4909,루미너스PC방,127.082267149875,37.5627301037268
서울특별시 광진구 화양동 212,서울특별시 광진구 광나루로 392 (화양동),5009,넥스트PC카페,127.073123076689,37.547301943571
서울특별시 광진구 중곡동 558-2 진웅빌딩,"서울특별시 광진구 면목로 195, 진웅빌딩 (중곡동)",4902,두꺼비 PC,127.083087020661,37.5705440453956
서울특별시 광진구 화양동 111-102번지 아스하임,"서울특별시 광진구 광나루로 382, 지하1,2층 (화양동, 아스하임)",5009,G PRO PC&CAFE,127.072065060154,37.5474599984908
서울특별시 광진구 중곡동 239-82,"서울특별시 광진구 긴고랑로 17-1, 1층 (중곡동)",4912,팝콘PC,127.078419008082,37.5638221169316
서울특별시 광진구 자양동 779-3 금강태극빌,"서울특별시 광진구 아차산로 353, 금강태극빌 2층 (자양동)",5026,구의 PC,127.08209431704,37.5372444977042
서울특별시 광진구 중곡동 79-3,"서울특별시 광진구 용마산로 52, 2층 201호 (중곡동)",4949,아지트PC,127.088006200556,37.5583365801856
서울특별시 광진구 중곡동 150-183,"서울특별시 광진구 긴고랑로 95, 1층 (중곡동)",4936,놀이터 PC,127.086247142946,37.5603553001425
서울특별시 광진구 중곡동 241-30,"서울특별시 광진구 긴고랑로 31, 지하층 (중곡동)",4910,노라조PC,127.08002793085,37.5632779168085
서울특별시 광진구 자양동 8-1,"서울특별시 광진구 아차산로 220, 지하1층 (자양동)",5072,메가 PC방,127.067657144585,37.5406341134418
서울특별시 광진구 군자동 361-28,"서울특별시 광진구 광나루로 375-1, 2층 (군자동)",5005,앤유PC 세종대점,127.071743335135,37.5481605406369
서울특별시 광진구 중곡동 157-1 공영빌딩,"서울특별시 광진구 능동로 314, 공영빌딩 지하1층 (중곡동)",4929,레벨업 PC CAFE,127.080039873331,37.5576188388403
서울특별시 광진구 자양동 219-5,"서울특별시 광진구 아차산로 360, 201호 (자양동)",5055,라이온 PC,127.082634313783,37.5364830461728
서울특별시 강서구 화곡동 929-1,"서울특별시 강서구 강서로5나길 109, A-5호 (화곡동)",7780,스카이PC방,126.841905897445,37.5279688077685
서울특별시 광진구 자양동 636-11 그랜드 아파트,"서울특별시 광진구 뚝섬로52길 7, 그랜드 아파트 지하1층 (자양동, 그랜드 아파트)",5100,맥PC카페 자양점,127.079629698305,37.531532669959
서울특별시 광진구 자양동 626-3 아스하임,"서울특별시 광진구 자양로13길 8 (자양동, 아스하임)",5056,놀이터PC,127.083208933655,37.535732559894
서울특별시 광진구 중곡동 92-9 창성빌딩,"서울특별시 광진구 용마산로 16, 창성빌딩 (중곡동)",4950,모아 PC,127.088619127555,37.5550506355341
서울특별시 광진구 화양동 17-16번지 아스하임,"서울특별시 광진구 군자로 43, 아스하임 지하1층 (화양동)",5008,비원 PC방,127.070101890144,37.5471665537169
서울특별시 광진구 중곡동 113-7,"서울특별시 광진구 천호대로129길 29, 2층 (중곡동)",4952,1%PC아레나,127.091123493697,37.5531645632465
서울특별시 광진구 자양동 52-6,"서울특별시 광진구 뚝섬로24길 3, 지하층 (자양동)",5084,제우스 PC,127.06377699944,37.5362819194909
서울특별시 광진구 화양동 7-3,"서울특별시 광진구 아차산로 229 (화양동, 지하1층)",5018,포포PC방 건대점,127.068990676571,37.540809126931
서울특별시 광진구 중곡동 648-14번지,"서울특별시 광진구 능동로37길 6, 지하1층 (중곡동)",4919,세븐PC,127.079576569907,37.558190113832
서울특별시 광진구 구의동 252-1 천서빌딩,"서울특별시 광진구 자양로22길 24, 천서빌딩 (구의동)",5043,콤마 PC CAFE,127.084750927093,37.5394964725263
서울특별시 광진구 능동 279-5 삼일빌딩 B1호,"서울특별시 광진구 능동로 290, 삼일빌딩 (능동)",4985,쿤자PC방,127.078979184085,37.5555832993412
서울특별시 광진구 자양동 24-30,"서울특별시 광진구 동일로 88, 1층 (자양동)",5071,건대PC,127.063308331095,37.5404019046121
,"서울특별시 광진구 군자로 144, 지층 (군자동)",4998,옥스피시방 세종대점,127.075438283864,37.5543089012887
서울특별시 광진구 구의동 546-11 강변역지너스타워,"서울특별시 광진구 강변역로4길 10, 강변역지너스타워 지하1층 7,8호 (구의동)",5116,맥스피드 PC 동서울터미널점,127.093405063055,37.5353492183772
서울특별시 광진구 화양동,"서울특별시 광진구 능동로 123, 3, 4층 (화양동)",5017,e-sports center 건대점,,
서울특별시 광진구 자양동 1-1번지,"서울특별시 광진구 아차산로 244, 지하1층 (자양동)",5073,5번 출구 피씨방,127.070200722719,37.5397305477366
서울특별시 광진구 군자동 344-1번지 지하1층,"서울특별시 광진구 동일로38길 3 (군자동,지하1층)",,클릭넷(군자),127.069717899651,37.5516234795333
서울특별시 광진구 구의동 246-13,"서울특별시 광진구 아차산로 377, 지하1층 (구의동)",5044,에코스PC방 구의점,127.084759909345,37.537235766975
서울특별시 광진구 자양동 615-27번지 우양빌딩,"서울특별시 광진구 뚝섬로 613, 우양빌딩 지하1층 (자양동)",5063,맵스 PC방,127.077942462278,37.532708250351
서울특별시 광진구 화양동 6-2 연한빌딩,"서울특별시 광진구 아차산로 241, 연한빌딩 b1층 (화양동)",5017,비원 건대2호점,127.070150304742,37.5405050771385
서울특별시 광진구 구의동 248-138,"서울특별시 광진구 아차산로51길 62, 2층 (구의동)",5040,아이넷 폴리스,127.085021066015,37.5397413502913
서울특별시 광진구 구의동 244-15번지 신호빌딩,"서울특별시 광진구 구의로 6, 신호빌딩 지하1층 (구의동)",5045,엔탑 PC방,127.089346755579,37.5384927045864
서울특별시 광진구 구의동 199-1 만택빌딩,"서울특별시 광진구 광나루로 614, 만택빌딩 지하1층 (구의동)",5117,PPL PC방,127.09583385236,37.5407914746361
서울특별시 광진구 자양동 612-60 혜성빌딩,"서울특별시 광진구 자양로15길 18, 혜성빌딩 지하1층 (자양동)",5055,비원PC방,127.082545105767,37.535821774302
서울특별시 광진구 자양동 553-15 선덕빌딩,"서울특별시 광진구 뚝섬로 503, 선덕빌딩 지하1층 (자양동)",5076,RUNPC,127.066021835302,37.5360837271218
서울특별시 광진구 화양동 495-25,서울특별시 광진구 능동로16길 60 (화양동),5021,제노 PC ZONE,127.076295470745,37.5452297113773
서울특별시 광진구 중곡동 239-18,"서울특별시 광진구 긴고랑로 17, 1층 (중곡동)",4912,노다지pc,127.078419008082,37.5638221169316
서울특별시 강서구 마곡동 757-5번지 안강프라이빗타워,"서울특별시 강서구 마곡중앙로 165, 안강프라이빗타워 지1층 104호 (마곡동)",7788,포텐PC(4TEN PC) 마곡나루2호점,126.827697450113,37.5685808655445
서울특별시 광진구 중곡동 78-2번지,서울특별시 광진구 용마산로 58 (중곡동),4945,제노PC방,127.088006320923,37.5588238392141
서울특별시 광진구 중곡동 556-1번지 4층,서울특별시 광진구 면목로 203 (중곡동),4902,아레나피씨,127.083229831295,37.5712175286905
서울특별시 광진구 중곡동 580-1,"서울특별시 광진구 답십리로 368, 1층 (중곡동)",4901,레이s PC,127.08127497176,37.5714772960538
서울특별시 광진구 자양동 600 자양빌딩,"서울특별시 광진구 자양번영로 20, 자양빌딩 2층 (자양동)",5098,제트4PC방,127.075360551131,37.5313918517588
서울특별시 광진구 자양동 634-38,서울특별시 광진구 자양로13길 99 (자양동),5061,오엑스피씨방 자양동점,127.080127422591,37.53262182371
서울특별시 광진구 중곡동 40-14번지,"서울특별시 광진구 능동로 372, 지하1층 (중곡동)",4937,나인 PC방,127.082657634876,37.5624218704524
서울특별시 광진구 화양동 47-1,"서울특별시 광진구 아차산로29길 41, 화양동동 지하1층 (화양동)",5018,PPL PC방,127.068894797657,37.542733357585
서울특별시 광진구 자양동 227-217,"서울특별시 광진구 아차산로 288, 지층 (자양동, 대흥빌딩)",5066,쓰리팝PC방,127.074910816116,37.5383893084634
서울특별시 광진구 구의동 57-55 대운빌딩,"서울특별시 광진구 자양로 278, 대운빌딩 지하2층 (구의동)",4962,제로백PC 아차산역점,127.091469948053,37.5506056415504
서울특별시 광진구 중곡동 116-6 백철빌딩,"서울특별시 광진구 천호대로 635, 백철빌딩 (중곡동)",4931,아차산PC,127.088333259008,37.554096693392
서울특별시 광진구 구의동 244-50번지,"서울특별시 광진구 구의로 4, 2층 (구의동)",5045,리그 PC 카페,127.089289559874,37.538350750252
서울특별시 광진구 군자동 48-24번지,"서울특별시 광진구 군자로 141, 2층 (군자동)",4999,엔탑 PC방,127.074826250644,37.5543077590397
서울특별시 광진구 중곡동 80-11번지,"서울특별시 광진구 용마산로 40, 3층 (중곡동)",4949,3 pop PC방,127.088249060157,37.5571682562834
서울특별시 광진구 중곡동 173-2 중곡빌딩,"서울특별시 광진구 면목로 161, 중곡빌딩 (중곡동)",4906,팽PC카페 중곡점,127.082032319458,37.5677094408244
서울특별시 강서구 화곡동 1116-3번지,"서울특별시 강서구 화곡로 330, 4층 (화곡동)",7653,아레나X PC,126.851201437059,37.553270128542
서울특별시 광진구 구의동 212-3 CS PLAZA,"서울특별시 광진구 아차산로 471, CS PLAZA 지하1층 (구의동)",5035,제로백 PC방 구의점,127.093974084703,37.5404187841405
서울특별시 광진구 자양동 624-37,"서울특별시 광진구 뚝섬로59길 81-15, 1층 (자양동)",5057,스마일PC,127.082356422124,37.5349321680697
서울특별시 광진구 구의동 257-69 노블스타,"서울특별시 광진구 아차산로51길 42, 노블스타 2층 (구의동)",5043,마카오PC,127.085124386664,37.5388588365985
서울특별시 광진구 구의동 631-1 프라임프라자,"서울특별시 광진구 광나루로56길 63, 프라임프라자 4층 410, 411호 (구의동)",5119,사이버리아PC방,127.096160584389,37.5367887874337
서울특별시 광진구 중곡동 242-3,서울특별시 광진구 긴고랑로 48 (중곡동),4914,제일pc방,127.081435690098,37.5624111868636
서울특별시 광진구 중곡동 580,"서울특별시 광진구 답십리로 366, 1층 (중곡동)",4901,마카오PC,127.081044868195,37.571502321705
서울특별시 광진구 중곡동 82-1,"서울특별시 광진구 영화사로 18, 2층 (중곡동)",4949,물라PC,127.089257377181,37.5575751995081
서울특별시 광진구 중곡동 245-4,"서울특별시 광진구 면목로 99, 201호 (중곡동)",4913,모아PC,127.079285001631,37.5625475298728
서울특별시 광진구 구의동 54-13번지,"서울특별시 광진구 자양로 277, 지층 (구의동)",4954,TEN PC,127.091104212028,37.5508051349791
서울특별시 광진구 중곡동 211-22,"서울특별시 광진구 면목로 181, 1층 (중곡동)",4902,브라보 PC방,127.082893808964,37.5693311714022
서울특별시 광진구 자양동 7-2,"서울특별시 광진구 동일로20길 109, 2층 (자양동)",5073,주식회사 나니아(나니아 플스방),127.069481347109,37.5397622378886
서울특별시 강서구 화곡동 910-8,"서울특별시 강서구 강서로5나길 47, 3층 (화곡동)",7779,블루PC,126.845567415402,37.5283481985032
서울특별시 강서구 방화동 249-20 반석빌딩,"서울특별시 강서구 방화동로 90, 반석빌딩 2층 202호 (방화동)",7606,팡팡PC랜드,126.812938605108,37.5683752306978
서울특별시 강서구 마곡동 796-7,"서울특별시 강서구 마곡중앙6로 69, 4층 (마곡동)",7803,RISE PC,126.835089020911,37.5603375842313
서울특별시 강서구 염창동 282-34,"서울특별시 강서구 공항대로75길 8, 지층 (염창동)",7558,하이브나인 PC방 염창역점,126.873927429462,37.5474315354119
서울특별시 강서구 화곡동 934-23 한빛빌딩 1층,"서울특별시 강서구 월정로 96, 한빛빌딩 1층 (화곡동)",7780,동전PC,126.839707806331,37.5279944967274
서울특별시 강서구 마곡동 795-7 열린프라자 101-1호,"서울특별시 강서구 마곡중앙6로 93, 열린프라자 101-1호 (마곡동)",7803,황금PC,126.837697932979,37.5601356822454
서울특별시 강서구 화곡동 935-14,"서울특별시 강서구 강서로5나길 152, 2층 (화곡동)",7775,금달PC,126.839749100188,37.5283643235343
서울특별시 강서구 등촌동 566-1 지덕빌딩,"서울특별시 강서구 등촌로 75, 지덕빌딩 4층 (등촌동)",7734,인디고pc방 등촌점,126.863203039524,37.5367139277952
서울특별시 강서구 내발산동 750-11 신원메디칼프라자,"서울특별시 강서구 강서로47길 165, 신원메디칼프라자 1001호 (내발산동)",7635,인디고PC방 내발산점,126.826919545523,37.5534315567653
서울특별시 강서구 화곡동 358-7 라피아노,"서울특별시 강서구 강서로17길 125, 101호 (화곡동, 라피아노)",7766,뭉치PC,126.838925699867,37.532057936472
서울특별시 강서구 방화동 593-42,"서울특별시 강서구 금낭화로 49, 1층 (방화동)",7608,잭팟 PC,126.811440135664,37.5697765959981
서울특별시 강서구 화곡동 1117-7 덕영빌딩,"서울특별시 강서구 공항대로46길 90, 덕영빌딩 2층 (화곡동)",7658,레벨업PC카페,126.850736714771,37.552385483477
서울특별시 강서구 화곡동 935-19 1층,"서울특별시 강서구 월정로 102, 1층 (화곡동)",7775,황제PC,126.839542740693,37.5283671968499
서울특별시 구로구 고척동 52-197번지 (3층),"서울특별시 구로구 경인로47길 26  (고척동,(3층))",8222,사이버붐 PC방,126.866606846487,37.5006460911964
서울특별시 구로구 구로동 569-18번지 지층,"서울특별시 구로구 새말로 20 (구로동,지층)",8292,스위티PC방,126.883353221179,37.501999824881
서울특별시 구로구 구로동 111-5번지 지층,"서울특별시 구로구 구로중앙로28다길 29 (구로동,지층)",8294,인터넷 매니아,126.888184536813,37.50154435326
서울특별시 구로구 신도림동 338번지 신도림2차푸르지오 101동 B102호,"서울특별시 구로구 경인로67길 23, 101동 B102호 (신도림동,신도림2차푸르지오)",8208,본PC방,126.889481191271,37.5104826397728
서울특별시 구로구 구로동 1125-3 모나미빌딩,"서울특별시 구로구 시흥대로 565, 모나미빌딩 지층 (구로동)",8391,PC CLUB Z,126.901584839285,37.4835856942208
서울특별시 구로구 오류동 38-1번지 2층,"서울특별시 구로구 경인로23길 8  (오류동,2층)",8268,웹시티 PC,126.844061756641,37.4968070489532
서울특별시 구로구 구로동 805-19번지,서울특별시 구로구 구로동로 74  (구로동),8320,성인오락실,126.886025678508,37.4854273355546
서울특별시 구로구 고척동 269-18,"서울특별시 구로구 경인로33길 75, 2층 (고척동)",8235,폴라리스PC방,126.850744453383,37.5012039381065
서울특별시 구로구 고척동 188-2번지,서울특별시 구로구 중앙로 105 (고척동),8241,사이버리아 PC방,126.859645954857,37.5068391017168
서울특별시 구로구 궁동 189-25번지 202호,"서울특별시 구로구 부일로15길 4,  202호 (궁동)",8255,PC 스토리,126.834426968582,37.4935163491463
서울특별시 구로구 고척동 76-88 동양빌딩,"서울특별시 구로구 경인로47길 31, 동양빌딩 지층 (고척동)",8223,찰리팝PC카페,126.866087955132,37.500600724163
서울특별시 구로구 오류동 23-42번지 지층,"서울특별시 구로구 경인로19길 8  (오류동,지층)",8268,린 PC방,,
서울특별시 구로구 개봉동 415번지 2층,"서울특별시 구로구 경인로40길 47, 2층 (개봉동)",8276,제이제이PC방,126.859102583368,37.4945222528654
서울특별시 구로구 개봉동 332-1번지,"서울특별시 구로구 개봉로17길 41, 2, 3층 (개봉동)",8346,PC SIAN,,
서울특별시 구로구 구로동 807-54 1층,"서울특별시 구로구 구로동로 90-0, 1층 (구로동)",8319,놀토PC방,126.88542299757,37.4867800663132
서울특별시 구로구 고척동 271-78번지 1층,"서울특별시 구로구 경인로35길 98-2, 1층 (고척동)",8229,망고톡PC방,126.852501687493,37.5007908719605
서울특별시 구로구 구로동 737-10번지 1층,"서울특별시 구로구 구로동로18길 12, 1층 (구로동)",8319,놀토짱PC방,126.885212600264,37.4880937113294
서울특별시 구로구 구로동 730-60번지 3층,"서울특별시 구로구 구로동로 138, 3층 (구로동)",8308,스타PC,126.884343821269,37.49083958467
서울특별시 구로구 구로동 461-5번지,"서울특별시 구로구 구로동로 179, 1층 (구로동)",8282,the # PC cafe,126.882542067811,37.4944529165006
서울특별시 구로구 개봉동 403-226번지,서울특별시 구로구 개봉로 70 (개봉동),8332,Zill,126.856274577571,37.4919029542631
서울특별시 구로구 가리봉동 131-45번지,서울특별시 구로구 디지털로19길 28 (가리봉동),8388,놀토PC방,126.889860819622,37.4809589986612
서울특별시 구로구 구로동 748-17,"서울특별시 구로구 도림로 25, 1층 (구로동)",8320,PC포인트,126.887583857875,37.4867135754316
서울특별시 구로구 신도림동 292-3번지 1층,서울특별시 구로구 신도림로11길 44 (신도림동),8204,호호PC,126.878507619505,37.50949039901
서울특별시 구로구 고척동 164-74,"서울특별시 구로구 고척로 184, 1층 (고척동)",8229,백호PC,126.853834345454,37.5041572413913
서울특별시 구로구 궁동 189-74번지,"서울특별시 구로구 부일로15길 40, 3층 (궁동)",8255,더엑스PC 궁동점,126.833050661585,37.4946909458995
서울특별시 구로구 구로동 437-1번지 성보빌딩,"서울특별시 구로구 가마산로 229, 성보빌딩 지층 (구로동)",8284,AURA PC,126.886365763094,37.4942503257886
서울특별시 구로구 구로동 748-60,"서울특별시 구로구 도림로 27, 1층 (구로동)",8320,88랜드PC,126.887728224962,37.4868798585259
서울특별시 구로구 오류동 155-7,"서울특별시 구로구 오류로8길 34, 2층 (오류동)",8344,플렉스 피씨(FLEX PC)오류점,126.842626024787,37.4914757839055
서울특별시 구로구 궁동 188-1 골든프라자,"서울특별시 구로구 부일로15길 20, 골든프라자 지층 (궁동)",8255,아크PC 궁동점,126.833808660826,37.4941742966097
서울특별시 구로구 오류동 137-6번지,"서울특별시 구로구 오류로8길 63, 3층 (오류동)",8341,레드PC방,126.843651231218,37.4925351069083
서울특별시 구로구 가리봉동 135-25 JS호스텔,"서울특별시 구로구 남부순환로105길 32, JS호스텔 201호 (가리봉동)",8395,체리PC,126.891005748124,37.4795068234169
서울특별시 구로구 구로동 721-11,"서울특별시 구로구 구로동로 103, 2층 (구로동)",8318,광PC,126.884521164276,37.4878753541156
서울특별시 구로구 구로동 771-10,"서울특별시 구로구 도림로 35-1, a동 1층 (구로동)",8314,골드PC,126.888314523507,37.4875421142199
서울특별시 구로구 가리봉동 131-19번지,"서울특별시 구로구 디지털로 223, 2층 (가리봉동)",8388,국가대표PC,126.890698875644,37.4803044733037
서울특별시 구로구 가리봉동 121-38,"서울특별시 구로구 구로동로 9, 1층 (가리봉동)",8322,황금PC,126.886949116632,37.4827159180702
서울특별시 구로구 개봉동 63-32,서울특별시 구로구 고척로 100 (개봉동),8266,불독PC,126.84534230397,37.5009858836234
서울특별시 구로구 오류동 51-31 포스시티,"서울특별시 구로구 경인로20길 6, 포스시티 102호 (오류동)",8271,777PC방,126.843376566816,37.4954038170325
서울특별시 구로구 구로동 803-2,"서울특별시 구로구 도림로 15, 1층 (구로동)",8320,우리PC,126.887058115313,37.4860922796846
서울특별시 구로구 오류동 6-305,"서울특별시 구로구 경인로 172, 1층 (오류동)",8271,승리PC,126.840594577074,37.4944142152353
서울특별시 구로구 가리봉동 131-20,"서울특별시 구로구 디지털로 219, 2층 (가리봉동)",8388,피시랜드,126.89023820898,37.4800368070682
서울특별시 구로구 가리봉동 124-46,"서울특별시 구로구 구로동로 6, 105호 (가리봉동)",8386,삼거리PC,126.887239679809,37.4822711877106
서울특별시 구로구 구로동 732-1,"서울특별시 구로구 구로동로 126-2, 3층 (구로동)",8311,호박PC랜드,126.884569787511,37.4899312300876
서울특별시 구로구 구로동 392-82,"서울특별시 구로구 구로동로21길 52, 1층 (구로동)",8310,토마토PC랜드,126.881359453411,37.4896701816135
서울특별시 구로구 개봉동 63-35 옥영빌딩,"서울특별시 구로구 고척로 101, 옥영빌딩 지층 (개봉동)",8252,몽키PC,126.845252696525,37.5012789533329
서울특별시 구로구 가리봉동 135-9,"서울특별시 구로구 디지털로 220, 1층 (가리봉동)",8395,바다속PC,126.890683574576,37.4797872801274
서울특별시 구로구 가리봉동 122-15,"서울특별시 구로구 구로동로 14, 2층 (가리봉동)",8384,BMW PC방,126.887235763615,37.4829962253712
서울특별시 구로구 구로동 481-7 대흥빌딩,"서울특별시 구로구 구로동로 203, 대흥빌딩 204호 (구로동)",8281,우리PC,126.882269943432,37.4967185863828
서울특별시 구로구 신도림동 436-7 신도림큐브스테이트,"서울특별시 구로구 경인로 611-7, 지하1층 (신도림동, 신도림큐브스테이트)",8210,욜로PC방 신도림점,126.883812092851,37.5064160124939
서울특별시 구로구 오류동 44-7번지,"서울특별시 구로구 경인로 182, 1층 (오류동)",8271,놀러와PC,126.841469395063,37.49477795723
서울특별시 구로구 구로동 415-6 구로본동새마을금고,"서울특별시 구로구 구로동로35길 10, 구로본동새마을금고 1층 (구로동)",8286,골드PC,126.88259006863,37.4938402797775
서울특별시 구로구 가리봉동 131-14,"서울특별시 구로구 디지털로 227, B02호 (가리봉동)",8388,블루PC,126.890907692931,37.4804629735182
서울특별시 구로구 구로동 1280 한신휴플러스아파트,"서울특별시 구로구 디지털로31길 120, 상가2동 B207호 (구로동, 한신휴플러스아파트)",8371,3POP PC카페,126.890773027393,37.4884700177382
서울특별시 구로구 구로동 487-26 1층,"서울특별시 구로구 구로동로42길 5, 1층 (구로동)",8283,킹PC랜드,126.882756348237,37.4961220634193
서울특별시 구로구 오류동 47-1 삼익쇼핑,"서울특별시 구로구 경인로 192, 삼익쇼핑 2층 (오류동)",8271,대박PC,126.842638571132,37.4950354961803
서울특별시 구로구 구로동 767-148,"서울특별시 구로구 도림로 53, 1층 (구로동)",8314,역전PC,126.889744848965,37.4886327757504
서울특별시 구로구 개봉동 178-13,"서울특별시 구로구 경인로40길 12, 2층 (개봉동)",8277,레아PC,126.859131313522,37.4962642022543
서울특별시 구로구 개봉동 98-22,서울특별시 구로구 고척로25길 33-58 (개봉동),8247,사이버넷,126.84607868685,37.5034419036543
서울특별시 구로구 구로동 612-2번지 금호빌딩 3층,"서울특별시 구로구 구로중앙로 219  (구로동,금호빌딩 3층)",8216,고스트캐슬 PC방,126.876691479075,37.5053152446857
서울특별시 구로구 신도림동 437-1번지 211~212호,"서울특별시 구로구 경인로59길 8, 211호 (신도림동)",8210,센텀PC Cafe,126.883427027522,37.5063918465946
서울특별시 구로구 개봉동 403-19번지 4층,"서울특별시 구로구 남부순환로95길 44 (개봉동,4층)",8336,PC몽,126.855893365801,37.4941541049918
서울특별시 구로구 고척동 253-15 지층,"서울특별시 구로구 고척로 140, 지층 (고척동, 제일빌딩)",8235,나는게이머다PC,126.8496311977,37.5023805002833
서울특별시 구로구 개봉동 403-95번지 3층,"서울특별시 구로구 개봉로 9 (개봉동,3층)",8352,TOP PLACE PC,126.856174385024,37.4865393176791
서울특별시 구로구 신도림동 292-3번지 2층,"서울특별시 구로구 신도림로11길 44  (신도림동,2층)",8204,황금도끼PC방,126.878507619505,37.50949039901
서울특별시 구로구 가리봉동 127-14,"서울특별시 구로구 남부순환로105길 58, 2층 (가리봉동)",8387,구룡PC,126.889521434265,37.4797912448526
서울특별시 구로구 가리봉동 122-16번지 1층,서울특별시 구로구 구로동로 12 (가리봉동),8384,보물PC,126.887351431548,37.4828432544018
서울특별시 구로구 궁동 207-22,"서울특별시 구로구 부일로15길 23, 1층 101호 (궁동)",8256,골드PC,126.833398724309,37.4940300988606
서울특별시 구로구 오류동 81-39,"서울특별시 구로구 경인로11길 14-2, 101호 (오류동)",8255,콜PC방,126.838135628866,37.4937854834396
서울특별시 구로구 개봉동 357-22 2층,서울특별시 구로구 개봉로3길 40 (개봉동),8351,4TEN PC(개봉점),126.854038861329,37.4864154231168
서울특별시 구로구 구로동 327-54번지 1층,서울특별시 구로구 구로동로28길 64-11 (구로동),8312,보물PC,126.887938080503,37.4904387667209
서울특별시 구로구 고척동 50-48번지 고척프라자,"서울특별시 구로구 중앙로 64, 고척프라자 나동 2층 4호 (고척동)",8218,레드PC방,126.862833580926,37.5037992525197
서울특별시 구로구 고척동 46-22번지 1층,서울특별시 구로구 경인로47길 96 (고척동),8222,신게임PC방,126.864129212218,37.502981375957
서울특별시 구로구 궁동 188-4번지 3층,"서울특별시 구로구 부일로15길 12  (궁동,3층)",8255,라임 PC,126.834099010344,37.4939375599096
서울특별시 구로구 오류동 51-31번지 광장B/D 5층,서울특별시 구로구 경인로20길 6 (오류동),8271,퍼니퍼니피시방,126.843376566816,37.4954038170325
서울특별시 구로구 구로동 144-10번지 지층,서울특별시 구로구 도림로 81 (구로동),8312,모토 PC존,126.892171200851,37.4902543055104
서울특별시 구로구 개봉동 322-1번지 2층,"서울특별시 구로구 개봉로17마길 17-1  (개봉동,2층)",8338,아이비스 PC방 개봉점,126.852941968495,37.4920154432103
서울특별시 구로구 개봉동 198-20번지 2층,"서울특별시 구로구 개봉로20길 105  (개봉동,2층)",8329,파워넷,126.860123663485,37.4928479547591
서울특별시 구로구 가리봉동 135-6,"서울특별시 구로구 디지털로 226, 2층 (가리봉동)",8395,다모아인터넷플라자,126.891117191878,37.4800743815029
서울특별시 구로구 개봉동 327-22번지 지하1층,"서울특별시 구로구 개봉로17길 18  (개봉동,지하1층)",8337,신 PC,126.854823249622,37.4917176446806
서울특별시 구로구 구로동 642-46 우방아파트,"서울특별시 구로구 구일로 154-17, 지하1층 (구로동, 우방아파트)",8323,오엑스PC방 구일역점,126.874369837414,37.4978078745679
서울특별시 구로구 가리봉동 122-21번지 3층,"서울특별시 구로구 우마길 1, 3층 (가리봉동)",8384,중한PC방,126.887531176148,37.4825593377162
서울특별시 구로구 구로동 1280 한신휴플러스아파트,"서울특별시 구로구 디지털로31길 120, 상가2동 B208호 (구로동, 한신휴플러스아파트)",8371,3POP PC카페,126.890773027393,37.4884700177382
서울특별시 구로구 개봉동 358-17번지 3층,"서울특별시 구로구 개봉로3길 34 (개봉동,3층)",8352,EZ PC,126.854434829051,37.4864154611343
서울특별시 구로구 고척동 253-194번지 (지층),"서울특별시 구로구 고척로 142-1  (고척동,(지층))",8235,Zaii PC Zone,126.849837285068,37.5026470093918
서울특별시 구로구 오류동 135-86번지 지층,"서울특별시 구로구 서해안로30길 12  (오류동,지층)",8341,호야 PC방,126.843904125376,37.4932168724157
서울특별시 구로구 가리봉동 122-16번지 2층,"서울특별시 구로구 구로동로 12, 2층 (가리봉동)",8384,제왕의 사치2 PC,126.887351431548,37.4828432544018
서울특별시 구로구 구로동 112-1 지층,"서울특별시 구로구 공원로7길 41-1 (구로동,지층)",8294,이네이처 PC방 구로5동점,126.887107486742,37.5012192372181
서울특별시 구로구 개봉동 330-24번지 2층,"서울특별시 구로구 개봉로17길 25  (개봉동,2층)",8347,웹시티 PC방,126.854330766016,37.4915017879843
서울특별시 구로구 구로동 486-37번지 지층,"서울특별시 구로구 구로동로 209-1  (구로동,지층)",8281,로그인PC방,126.882283354615,37.497324165936
서울특별시 구로구 구로동 1127-5번지 지하,"서울특별시 구로구 디지털로32다길 14 (구로동,지하)",8392,TOOL PC,126.899814314405,37.4824321768795
서울특별시 구로구 신도림동 388-5번지 동아성빌딩 2층,"서울특별시 구로구 신도림로 57, 2층 (신도림동, 신도림동아성빌딩)",8203,스위티PC방,126.881647346233,37.5092987894825
서울특별시 구로구 개봉동 403-206 강서프라자,"서울특별시 구로구 개봉로 71, 강서프라자 지층 (개봉동)",8337,ARENA PC방,126.855574487587,37.4920938346959
서울특별시 구로구 오류동 147-84,서울특별시 구로구 오류로8길 88 (오류동),8344,드림넷,126.84493109667,37.4928958448057
서울특별시 구로구 구로동 547-30,서울특별시 구로구 공원로7길 32 (구로동),8290,미르PC방,126.88734809681,37.5017031266367
서울특별시 구로구 고척동 52-197번지,"서울특별시 구로구 경인로47길 26, 지층 (고척동)",8222,제로백,126.866606846487,37.5006460911964
서울특별시 구로구 구로동 569-8번지,"서울특별시 구로구 새말로 19, 3층 (구로동)",8291,피에스타PC방 구로역점,126.882924694726,37.5023015080383
서울특별시 구로구 구로동 327-58번지 2층,"서울특별시 구로구 구로동로26길 81, 2층 (구로동)",8312,투앤디플레이스 PC zone,126.888507407492,37.4902909094932
서울특별시 구로구 가리봉동 135-1번지,서울특별시 구로구 디지털로 228 (가리봉동),8395,따봉PC,126.891274373938,37.4802882455174
서울특별시 구로구 오류동 64-28번지 오류동행복주택상가동 104호,"서울특별시 구로구 경인로20가길 68, 104호 (오류동, 오류동행복주택)",8272,따봉PC,126.846646657201,37.4955852449417
서울특별시 구로구 고척동 43-41번지,"서울특별시 구로구 경인로47길 126-5, 1층 (고척동)",8218,팡팡PC,126.863331006909,37.5046497469025
서울특별시 구로구 개봉동 349-1 2통현진빌딩,"서울특별시 구로구 개봉로11길 13, 현진빌딩 2층 (개봉동)",8352,제로백PC방,126.855447363708,37.4879404879085
서울특별시 구로구 구로동 142-65번지 3층,"서울특별시 구로구 구로중앙로 14 (구로동,3층)",8305,유비트 PC방,126.892301347465,37.4915949425815
서울특별시 구로구 고척동 52-346번지 가동 302호,"서울특별시 구로구 중앙로 32, 가동 302호 (고척동)",8223,Fall PC방,126.863856941873,37.500768283874
서울특별시 구로구 구로동 313-119번지 지층,서울특별시 구로구 도림로 69 (구로동),8313,IDEPS PC (아이뎁스),126.891047234259,37.4896331110441
서울특별시 구로구 오류동 41-1 상임빌딩,"서울특별시 구로구 경인로 193, 상임빌딩 지층 (오류동)",8269,Level up PC CAFE,126.842584579433,37.49576046373
서울특별시 구로구 구로동 416-10번지 2층,"서울특별시 구로구 구로동로 166 (구로동,2층)",8285,한게임 PC,126.883427061397,37.4934941309934
서울특별시 구로구 오류동 44-10 씨티월드 302호,"서울특별시 구로구 경인로 176 (오류동,씨티월드 302호)",8271,사이버리아 PC방,126.841018680923,37.4943907298586
서울특별시 구로구 궁동 187-16,서울특별시 구로구 부일로13길 52 (궁동),8255,제우스pc방,126.831694668938,37.4954109077701
서울특별시 구로구 구로동 111-5,서울특별시 구로구 구로중앙로28다길 29 (구로동),8294,인터넷매니아,126.888184536813,37.50154435326
서울특별시 구로구 구로동 685-448 신영상가 지하1층,"서울특별시 구로구 구일로4길 30, 신영상가 지하1층 (구로동)",8325,3POP,126.876446827824,37.4918751361412
서울특별시 구로구 가리봉동 89-25번지 5층,"서울특별시 구로구 디지털로27길 127  (가리봉동,5층)",8385,퍼스트 PC방,126.887109265789,37.4847108131575
서울특별시 구로구 구로동 547-30번지 2층,"서울특별시 구로구 공원로7길 32  (구로동,2층)",8290,미르 PC방,126.88734809681,37.5017031266367
서울특별시 구로구 고척동 188-2,서울특별시 구로구 중앙로 105 (고척동),8241,사이버리아고척2동점,126.859645954857,37.5068391017168
서울특별시 구로구 개봉동 370-40번지 2층,"서울특별시 구로구 개봉로1나길 1 (개봉동,2층)",8355,타이거 PC방,126.853754645418,37.4837268252569
서울특별시 구로구 신도림동 396-252,서울특별시 구로구 구로중앙로40길 46 (신도림동),8206,유니넷,126.877858739167,37.5075488764968
서울특별시 구로구 가리봉동 123-38,서울특별시 구로구 우마길 13 (가리봉동),8387,싸울아비,126.888165771974,37.4817438967725
서울특별시 구로구 구로동 738-5번지,서울특별시 구로구 구로동로18길 24  (구로동),8319,넷존,126.885809704182,37.4878887701427
서울특별시 구로구 고척동 253-11,서울특별시 구로구 고척로 144 (고척동),8235,SKY,126.849970000444,37.5026751992737
서울특별시 구로구 가리봉동 110-9번지 2층,"서울특별시 구로구 우마2길 21 (가리봉동,2층)",8383,짱PC방,126.889147632734,37.4821828022506
서울특별시 구로구 구로동 731-1번지 301~308호,"서울특별시 구로구 구로동로26길 8,  301~308호 (구로동)",8311,하이넷 PC방,,
서울특별시 구로구 개봉동 403-203 성림빌딩,"서울특별시 구로구 개봉로 17, 성림빌딩 1층 (개봉동)",8352,놀러와PC,126.856110752819,37.4871743603099
서울특별시 구로구 구로동 732-1번지,서울특별시 구로구 구로동로 126-2  (구로동),8311,티PC스테이션,126.884569787511,37.4899312300876
서울특별시 구로구 구로동 1127-18번지,서울특별시 구로구 시흥대로163길 12 (구로동),8392,콜PC,126.899290046475,37.4816698383765
서울특별시 구로구 개봉동 126-17번지 6층,"서울특별시 구로구 고척로 134 (개봉동,6층)",8235,라이킷PC,126.848795513571,37.5022316687641
서울특별시 구로구 개봉동 170-39번지 지층,"서울특별시 구로구 경인로 340  (개봉동,지층)",8277,썬앤문 PC방,126.857840483824,37.4970276100092
서울특별시 구로구 가리봉동 25-64 지층,"서울특별시 구로구 구로동로 35 (가리봉동,지층)",8322,UBIT유비트 PC,126.885897028905,37.4849672468365
서울특별시 구로구 개봉동 202-17번지 (지1층),"서울특별시 구로구 남부순환로97길 12  (개봉동,(지1층))",8328,사이버매니아 PC방,126.858684009816,37.4941938767318
서울특별시 구로구 구로동 40-3,"서울특별시 구로구 공원로6나길 12, 4층 (구로동)",8289,제로100PC 신도림점,126.890779943378,37.5036765777247
서울특별시 구로구 개봉동 132-80,"서울특별시 구로구 경인로33길 63, 1층 (개봉동)",8237,카지노PC,126.850986109922,37.5007016624944
서울특별시 구로구 개봉동 181-5번지 3층 301호,"서울특별시 구로구 경인로40길 41  (개봉동,3층 301호)",8276,네오플레이,126.859029376899,37.4950263686092
서울특별시 구로구 구로동 1130-9번지 1층,"서울특별시 구로구 디지털로32다길 46  (구로동,1층)",8392,Ping,126.898879166625,37.4811759149298
서울특별시 구로구 개봉동 57-20,서울특별시 구로구 고척로21가길 60 (개봉동),8250,스카이,126.842757705126,37.5014254957775
서울특별시 구로구 구로동 1123-1,서울특별시 구로구 시흥대로 577 (구로동),8391,블루넷PC방,126.902251260428,37.4844404933455
서울특별시 구로구 가리봉동 122-16,서울특별시 구로구 구로동로 12 (가리봉동),8384,뉴월드PC방,126.887351431548,37.4828432544018
서울특별시 구로구 오류동 54-9번지 지층,"서울특별시 구로구 경인로20길 9  (오류동,지층)",8271,PC존,126.843960173202,37.4954643260145
서울특별시 구로구 개봉동 175-18 4층,"서울특별시 구로구 경인로40길 23 (개봉동,4층)",8276,초콜릿PC존,126.859308716027,37.4957958905281
서울특별시 구로구 구로동 720-32번지 1층,"서울특별시 구로구 구로동로17길 11  (구로동,1층)",8318,한게임PC,126.883862694177,37.4882767382058
서울특별시 구로구 고척동 51-18,서울특별시 구로구 경인로47길 107 (고척동),8223,싸이버피시방,126.863627327303,37.5034021075538
서울특별시 구로구 오류동 81-97,서울특별시 구로구 경인로15길 23-4 (오류동),8255,인터넷제국,126.838923923053,37.495148611694
서울특별시 구로구 구로동 803-3 2층,"서울특별시 구로구 도림로 13 (구로동,2층)",8320,인터넷챔피온,126.886960814588,37.4859831646872
서울특별시 구로구 고척동 52-229번지 지하1층,"서울특별시 구로구 경인로47길 52, 지하1층 (고척동)",8222,잘란PC,126.865502692081,37.5014315069811
서울특별시 구로구 온수동 22-5번지 (지층),"서울특별시 구로구 부일로1길 26-13  (온수동,(지층))",8261,PC 게임나라,126.82079909404,37.4924584145444
서울특별시 구로구 개봉동 178-13번지 2층,"서울특별시 구로구 경인로40길 12  (개봉동,2층)",8277,메트로 PC방,126.859131313522,37.4962642022543
서울특별시 구로구 개봉동 175-8번지 3층 12호,"서울특별시 구로구 경인로40길 25  (개봉동,3층 12호)",8276,이한 PC Zone,126.859741653028,37.4954039270721
서울특별시 구로구 고척동 76-137번지 지층,"서울특별시 구로구 경인로47길 13 (고척동,지층)",8223,리그PC (고척스카이돔점),126.86676354913,37.5000325932362
서울특별시 구로구 오류동 55-50,"서울특별시 구로구 경인로 216, 5층 (오류동)",8271,4TEN PC(오류점),126.84486554294,37.4962152453948
서울특별시 구로구 구로동 1129-1번지 주호타워 지층,"서울특별시 구로구 시흥대로163길 33 (구로동, 주호타워)",8393,GRAY PC방,126.898099733933,37.48200020873
서울특별시 구로구 구로동 738-1,"서울특별시 구로구 구로동로18길 16, 1층 (구로동)",8319,OK PC방,126.885395643321,37.4880327106198
서울특별시 구로구 개봉동 60-72,서울특별시 구로구 고척로 90 (개봉동),8267,상어PC,126.844240681987,37.5006060140872
서울특별시 구로구 구로동 145-15,"서울특별시 구로구 도림로 83, 1층 (구로동)",8312,황금PC,126.892418210722,37.490295256222
서울특별시 구로구 구로동 413-1 설록빌딩 1층 102호,"서울특별시 구로구 가마산로12길 8-3, 설록빌딩 1층 102호 (구로동)",8309,세븐PC,126.882549304151,37.4924315153136
서울특별시 구로구 구로동 801-1,"서울특별시 구로구 도림로6길 2, 1층 (구로동)",8374,황제PC,126.887098312178,37.4856032510525
서울특별시 구로구 가리봉동 127-18,"서울특별시 구로구 남부순환로105길 62, 2층 (가리봉동)",8387,한중PC랜드,126.889267332044,37.4798308315731
서울특별시 구로구 가리봉동 127-11번지,서울특별시 구로구 남부순환로105길 52  (가리봉동),,인터넷PC게임방,,
서울특별시 구로구 고척동 52-346번지,서울특별시 구로구 중앙로 32  (고척동),,파워넷,126.863856941873,37.500768283874
서울특별시 구로구 개봉동 353-42번지,서울특별시 구로구 개봉로 128  (개봉동),,부팅,126.856801477891,37.4970766312713
서울특별시 구로구 가리봉동 121-39번지,서울특별시 구로구 구로동로 9  (가리봉동),,네오피시방,126.886949116632,37.4827159180702
서울특별시 구로구 구로동 797-46번지,서울특별시 구로구 디지털로27길 86  (구로동),,인터넷클럽,126.889450577063,37.4844514644275
서울특별시 구로구 구로동 798-61번지,서울특별시 구로구 디지털로27길 124  (구로동),,와와PC방,126.887409182642,37.4849692381334
서울특별시 구로구 가리봉동 135-10번지,서울특별시 구로구 디지털로 218  (가리봉동),,애플,126.890547038624,37.4796827268067
서울특별시 구로구 구로동 142-74번지 3층,"서울특별시 구로구 구로중앙로 12  (구로동,3층)",,킹콩PC방,126.892443589685,37.4914431623831
서울특별시 구로구 구로동 30-0번지,서울특별시 구로구 새말로16길 15  (구로동),,해커스랩,126.89063046851,37.5049692915538
서울특별시 구로구 개봉동 202-19번지,서울특별시 구로구 남부순환로97길 20-10  (개봉동),,매니아PC프라자,126.858574793409,37.4938836196633
"서울특별시 구로구 구로동 313-117번지 ,118 ","서울특별시 구로구 구로동로26길 122  (구로동,,118)",,무적게임방,126.89064659726,37.4897992470393
서울특별시 구로구 고척동 164-40번지,서울특별시 구로구 고척로 185  (고척동),,클릭PC방,126.853998854781,37.5045288389685
서울특별시 구로구 구로동 317-38번지,서울특별시 구로구 구로동로28길 86  (구로동),,바이러스,126.888764578321,37.4914087610896
서울특별시 구로구 가리봉동 124-1번지,서울특별시 구로구 구로동로 8  (가리봉동),,샘넷,126.887318909305,37.482440112266
서울특별시 금천구 독산동 991-7,"서울특별시 금천구 독산로 298, 1층 (독산동)",8554,짱PC,126.903467112788,37.4732378061678
서울특별시 금천구 가산동 151-50,"서울특별시 금천구 가산로 126, 2층 (가산동)",8529,고고pc방,126.892390322926,37.4767855134829
서울특별시 금천구 시흥동 889-8 비즈메드빌딩 201호,"서울특별시 금천구 시흥대로 214, 비즈메드빌딩 2층 201,202호 (시흥동)",8628,메타PC 금천본점,126.901712234507,37.4530428916984
서울특별시 금천구 독산동 200-10 건설오피스,"서울특별시 금천구 가산로 33, 건설오피스 1층 (독산동)",8576,188PC,126.899187218548,37.4711901107752
서울특별시 도봉구 창동 578-158번지,서울특별시 도봉구 덕릉로 227 (창동),1471,수작PC,127.037640485246,37.6384863481039
서울특별시 금천구 독산동 192-16,"서울특별시 금천구 독산로 248, 1층 (독산동)",8557,오뚝이PC,126.902586072395,37.468918991702
서울특별시 금천구 가산동 145-15 가산동빌딩,"서울특별시 금천구 남부순환로108길 27, 가산동빌딩 3층 (가산동)",8528,옥토끼 PC Cafe,126.891984062975,37.4776091156991
서울특별시 금천구 시흥동 837-51번지,"서울특별시 금천구 금하로 687, 2층층 (시흥동)",8573,스페이스pc,126.906557450598,37.4521462593488
서울특별시 금천구 독산동 960-9,"서울특별시 금천구 독산로 352, 1층 (독산동)",8547,노란쵸코PC,126.90395033831,37.4781432957275
서울특별시 금천구 독산동 179-10번지,"서울특별시 금천구 독산로 284, 1층 (독산동)",8555,로또PC,126.903355228717,37.4720694651831
서울특별시 금천구 가산동 219-5 가산테라타워,"서울특별시 금천구 디지털로10길 78, 가산테라타워 217-222호 (가산동)",8517,레벨업 PC 카페,126.889614189767,37.4745325914718
서울특별시 금천구 독산동 495-5 예일빌딩,"서울특별시 금천구 벚꽃로6길 21, 예일빌딩 지하1층 (독산동)",8607,쇼타임pc방 독산동점,126.893363811885,37.4608862641034
서울특별시 금천구 독산동 953 삼부 르네상스 플러스,"서울특별시 금천구 시흥대로152길 11-43, 삼부 르네상스 플러스 지하1층 B101호, B102호 (독산동)",8536,STAR PC,126.900571559567,37.4785459548905
서울특별시 금천구 시흥동 251-3 관악농협협동조합,"서울특별시 금천구 탑골로 2, 관악농협협동조합 지하1층 (시흥동)",8657,레벨업PC카페,126.910224929258,37.4507714528535
서울특별시 금천구 독산동 974-6,"서울특별시 금천구 독산로102길 1, 1층 (독산동)",8552,콩PC,126.903736720115,37.4758939323532
서울특별시 금천구 시흥동 909-24,"서울특별시 금천구 은행나무로 51, 1층 (시흥동)",8642,두꺼비PC,126.908090501302,37.4511560766684
서울특별시 금천구 시흥동 113-98,"서울특별시 금천구 시흥대로63길 50, 지층 (시흥동)",8613,골드PC랜드,126.896934280371,37.4554917386009
서울특별시 금천구 독산동 185-12번지 지상1층,"서울특별시 금천구 독산로74길 33, 1층 (독산동)",8557,생생PC방,126.904245146011,37.4686959961273
서울특별시 금천구 독산동 378-451번지 2층,"서울특별시 금천구 독산로 178 (독산동,2층)",,라이또pc방(독산점),126.904042456285,37.4631277638948
서울특별시 금천구 독산동 378-436번지 4층,"서울특별시 금천구 독산로 176, 4층층 (독산동)",8562,샹떼pc방독산점,126.904167121542,37.4629594660195
서울특별시 금천구 독산동 990-18번지 3층,"서울특별시 금천구 독산로 289  (독산동,3층)",,아이러브PC방,126.90301850154,37.4725624922826
서울특별시 금천구 독산동 1041-33 4층,"서울특별시 금천구 독산로64길 15, 4층 (독산동)",8559,기린PC방,126.903435360244,37.4652295989557
서울특별시 금천구 독산동 973-10 지상1층,"서울특별시 금천구 독산로 323-1, 지상1층 (독산동)",8541,킹pc,126.903311595103,37.4756654496389
서울특별시 금천구 시흥동 832-17 2층,"서울특별시 금천구 금하로23길 23 (시흥동,2층)",,노블pc방,126.90857823852,37.4523031744628
서울특별시 금천구 독산동 289-6번지 2층,"서울특별시 금천구 시흥대로123길 7 (독산동,2층)",,스위티PC방,126.897299140809,37.4701019566204
서울특별시 금천구 독산동 901-12 지하1층,"서울특별시 금천구 독산로108길 105 (독산동, 지하1층)",8548,열라빨라 피시방,126.909797902181,37.4803603321344
서울특별시 금천구 가산동 151-51 지하1층,"서울특별시 금천구 가산로 124 (가산동,지하1층)",,리버스PC방,126.892559343437,37.4766248371384
"서울특별시 금천구 시흥동 883-8번지 지상3층, 배피부비뇨과의원 ","서울특별시 금천구 시흥대로 226, 지상3층 (시흥동, 배피부비뇨과의원)",8628,PC방 GO,126.901200465907,37.4540886310241
서울특별시 금천구 시흥동 922-36번지 3층호,"서울특별시 금천구 독산로 24, 3층호 (시흥동)",,웹시티피시방,126.905662744358,37.4494040353082
서울특별시 금천구 시흥동 922-78번지,"서울특별시 금천구 독산로 28, 지상1층 (시흥동)",8643,콜PC,126.905938249671,37.4498723314104
"서울특별시 금천구 독산동 159-23 지하2층, 영진빌딩 ","서울특별시 금천구 시흥대로 426, 지하2층 (독산동, 영진빌딩)",8545,제닉스아레나pc,126.89877216735,37.4715689911066
서울특별시 금천구 시흥동 908-14번지 1층(전체금연),"서울특별시 금천구 독산로 50  (시흥동,1층(전체금연))",,ACE PC방,126.906195418645,37.4517233072838
서울특별시 금천구 가산동 235-61번지 3층,"서울특별시 금천구 가산로5길 65, 3층 (가산동)",8521,아이센스PC방(가산점),126.890951102537,37.473464244273
서울특별시 금천구 시흥동 901-29 지상1층,"서울특별시 금천구 금하로14길 46, 1층 (시흥동)",8630,신게임PC,126.904059356921,37.4514030844103
서울특별시 금천구 독산동 951-4 현경빌딩,"서울특별시 금천구 남부순환로 1372, 지하1층 (독산동)",8537,4TEN PC 독산점,126.903472790688,37.4794589203551
"서울특별시 금천구 시흥동 890-13 지하1층, 세진빌딩 ","서울특별시 금천구 시흥대로 196, 지하1층 (시흥동)",8629,위너스 피씨(winners pc),126.902238323181,37.4514037545389
서울특별시 금천구 시흥동 896-17,"서울특별시 금천구 독산로 47, 1층 (시흥동)",8630,은행피씨,126.905777534135,37.4515017761264
서울특별시 금천구 독산동 335-1,"서울특별시 금천구 가산로3길 93, 1층 (독산동)",8526,돼지PC,126.890327938174,37.4721729709167
서울특별시 금천구 시흥동 863-15번지,서울특별시 금천구 독산로47길 13  (시흥동),,메이드PC,126.903556804573,37.4621165237364
서울특별시 금천구 시흥동 852-55번지 지하1층호,"서울특별시 금천구 독산로 123,  지하1층호 (시흥동)",,블루,126.905070932986,37.4582258288751
서울특별시 금천구 시흥동 859-28번지 2층호,"서울특별시 금천구 독산로41길 10-4,  2층호 (시흥동)",,이네이처PC방(시흥점),126.904026552591,37.4600942249144
서울특별시 금천구 시흥동 837-38 2층,"서울특별시 금천구 독산로 56, 2층 (시흥동)",8573,제로백피씨방 은행나무사거리점,126.906234386931,37.4523751311113
서울특별시 금천구 독산동 179-7 지상1층,"서울특별시 금천구 독산로 280, 1층 (독산동)",8555,PC게임,126.903310316281,37.4716559549102
서울특별시 금천구 시흥동 941-1번지,서울특별시 금천구 시흥대로28길 15 (시흥동),,우리PC방,126.904621332671,37.4424552998283
서울특별시 금천구 독산동 1043-10번지 3층호,"서울특별시 금천구 독산로 191-1, 3층호 (독산동)",,뉴스피씨,126.902864594209,37.4641256627696
서울특별시 금천구 독산동 146-14 3층,"서울특별시 금천구 시흥대로 469 (독산동,3층)",,다크써클PC방,126.898165336518,37.475482276062
서울특별시 금천구 독산동 378-392번지 지하1층,"서울특별시 금천구 독산로 194, 지하1층 (독산동)",8562,PC마루,126.903193452311,37.4643593846438
서울특별시 금천구 가산동 142-9 지상1층,"서울특별시 금천구 남부순환로108길 20, 지상1층 (가산동)",8527,PC게임천국,126.892151762982,37.4781332056729
서울특별시 금천구 시흥동 984-23번지 지상1층,"서울특별시 금천구 시흥대로 89, 지상1층 (시흥동)",8639,놀이터,126.903113783108,37.4421750294665
서울특별시 금천구 시흥동 813-26 지상1층,"서울특별시 금천구 독산로 120, 지상1층 (시흥동)",8569,로얄PC,126.905509786318,37.4579794834347
서울특별시 금천구 시흥동 856-20,"서울특별시 금천구 독산로 141, 1층 (시흥동)",8622,황금PC,126.904696740832,37.4598872642435
서울특별시 금천구 독산동 991-2,서울특별시 금천구 독산로 302-1 (독산동),8554,럭키피시,126.903675704472,37.4735778373118
서울특별시 금천구 독산동 296-15,"서울특별시 금천구 가산로 57, 지층 (독산동)",8523,황금게임랜드,126.896560213006,37.4715465324496
서울특별시 금천구 독산동 991-11,서울특별시 금천구 독산로 294 (독산동),8554,백억PC,126.903455088918,37.4729178477264
서울특별시 금천구 독산동 959-23,"서울특별시 금천구 독산로 359, 1층 (독산동)",8537,봉PC,126.903649374668,37.4789411645269
서울특별시 금천구 독산동 152-8,"서울특별시 금천구 시흥대로 427, 지하층 (독산동)",8535,뉴스타PC방,126.897779055882,37.4716490468666
서울특별시 금천구 독산동 299-45 2층,"서울특별시 금천구 가산로3길 25, 2층 (독산동)",8524,놀토PC방,126.894218729672,37.4721508392802
서울특별시 금천구 가산동 142-9번지 1층,"서울특별시 금천구 남부순환로108길 20, 1층 (가산동)",8527,럭키PC방,126.892151762982,37.4781332056729
서울특별시 금천구 시흥동 911-14 2층,"서울특별시 금천구 금하로24길 9, 2층 (시흥동)",8644,베스트pc,126.908732505043,37.4505380285323
서울특별시 금천구 시흥동 987-12번지 지하1층,"서울특별시 금천구 시흥대로 167 (시흥동, 지하1층)",8636,레드PC방,126.902415519167,37.4488042970905
서울특별시 금천구 시흥동 912-20 에벤에셀프라자 401호,"서울특별시 금천구 금하로 720, 4층 401호 (시흥동, 에벤에셀프라자)",8644,세븐pc방,126.909481684032,37.4504425566682
서울특별시 금천구 시흥동 994-1,"서울특별시 금천구 시흥대로57길 46, 지하층 (시흥동)",8632,시흥PC,126.90012743209,37.4542721664236
서울특별시 금천구 시흥동 909-26,"서울특별시 금천구 은행나무로 49, 3층 (시흥동)",8642,승리PC방,126.907777895704,37.4510667229373
서울특별시 금천구 독산동 178-33,서울특별시 금천구 독산로 273-1 (독산동),8546,초롱PC,126.902873411767,37.4712897864772
서울특별시 금천구 시흥동 114-2,"서울특별시 금천구 시흥대로63길 33, 지하1층 (시흥동)",8615,와꾸대장PC,126.897759465115,37.4550712319781
서울특별시 금천구 시흥동 880-11번지,서울특별시 금천구 시흥대로62길 32  (시흥동),,매직스페이스,126.901940197765,37.4559829955093
서울특별시 영등포구 신길동 508번지 시원빌딩 제비103호,"서울특별시 영등포구 신풍로 113, 시원빌딩 제지층 제비103호 (신길동)",7392,미스테리PC,126.918867891098,37.5001399657337
서울특별시 영등포구 영등포동3가 20-6,"서울특별시 영등포구 영등포로42길 21-2, 2층 (영등포동3가)",7304,바다PC,126.906903161752,37.5174876421571
서울특별시 영등포구 영등포동3가 3-6번지,"서울특별시 영등포구 영등포로 252, 1층 (영등포동3가)",7303,붕붕 PC,126.909277207581,37.5188222532332
서울특별시 영등포구 대림동 1068-3 2층,"서울특별시 영등포구 디지털로37길 26 (대림동,2층)",,중한 PC방,126.898190044342,37.4908516072911
서울특별시 영등포구 문래동4가 9-2 지하1층,"서울특별시 영등포구 선유로 32 (문래동4가, 지하1층)",7288,제로100PC 문래점,126.888857838001,37.5167571845721
서울특별시 영등포구 신길동 4327 익녕빌딩 101호,"서울특별시 영등포구 여의대방로 89, 지층 101호 (신길동, 익녕빌딩)",7433,3POP,126.916569895364,37.4973037099433
서울특별시 영등포구 신길동 466-13 지하1층,"서울특별시 영등포구 영등포로84길 16 (신길동,지하1층)",,제로100PC,126.921715255546,37.5118475635779
서울특별시 영등포구 영등포동3가 11-5 2층호,"서울특별시 영등포구 경인로 865, 2층 (영등포동3가)",7304,역전PC,126.908708552297,37.5173457918599
서울특별시 영등포구 도림동 265-4번지,"서울특별시 영등포구 도영로 20, 2층 (도림동, 인수빌딩)",7375,맥스피드 PC,126.895706906665,37.5081663225208
서울특별시 영등포구 대림동 727-4번지 2층,"서울특별시 영등포구 대림로29길 22, 2층 (대림동)",7414,넘버원PC,126.897062767595,37.4951538390271
서울특별시 영등포구 대림동 1050-28,서울특별시 영등포구 도림로 132 (대림동),7416,라이온PC,126.896985908203,37.4927396147597
서울특별시 영등포구 영등포동3가 10-3,서울특별시 영등포구 경인로 857 (영등포동3가),7304,PC 카페,126.90781802619,37.5170420928318
서울특별시 영등포구 영등포동5가 28번지 2층호,"서울특별시 영등포구 영등포로37길 8, 2층 (영등포동5가)",7250,행운PC,126.905548063729,37.5208730756996
서울특별시 영등포구 영등포동3가 4-7 1층호,"서울특별시 영등포구 영등포로46길 4, 1층 (영등포동3가)",7302,잭팟PC,126.907650487331,37.5189819116591
서울특별시 영등포구 대림동 1052-45,"서울특별시 영등포구 도림로31길 2, 3층 (대림동)",7415,로라PC게임랜드,126.895922332338,37.4925465879116
서울특별시 영등포구 영등포동3가 4 2층동 내제2호,"서울특별시 영등포구 영등포로 232, 2층 내제2호 (영등포동3가)",7302,태평양,126.907070932403,37.5192960873037
서울특별시 영등포구 영등포동6가 6-6 2층호,"서울특별시 영등포구 영등포로 201, 2층 (영등포동6가)",7251,노리터PC,126.903954431027,37.5203302879383
서울특별시 영등포구 영등포동3가 8 남서울빌딩,"서울특별시 영등포구 영중로 22, 남서울빌딩 지하1층 (영등포동3가)",7302,스타PC,126.905950555009,37.5183443720949
서울특별시 영등포구 문래동3가 84-7번지 2층호,"서울특별시 영등포구 문래북로 52, 2층 (문래동3가)",7294,제너스PC 문래점,126.890835544798,37.5207126294149
서울특별시 영등포구 영등포동5가 6,서울특별시 영등포구 영등포로 233 (영등포동5가),7250,엘린PC,126.907432813074,37.5197426381772
서울특별시 영등포구 영등포동3가 4-3,"서울특별시 영등포구 영등포로 234-1, 1층 (영등포동3가)",7302,왕PC,126.907379504684,37.5192171315296
서울특별시 영등포구 대림동 1078-1 에덴빌딩,"서울특별시 영등포구 디지털로 362-1, 에덴빌딩 1층 (대림동)",7447,청도PC,126.900492066041,37.489724696651
서울특별시 영등포구 영등포동2가 332-2번지 2층호,"서울특별시 영등포구 영등포로 251, 2층 (영등포동2가)",7252,대박PC,126.909359491863,37.5192505630959
서울특별시 영등포구 대림동 1082-19,서울특별시 영등포구 디지털로 344-1 (대림동),7448,대왕PC,126.899139073454,37.4885087210212
서울특별시 영등포구 영등포동4가 151-18,서울특별시 영등포구 영등포로 182-1 (영등포동4가),7301,영광PC,126.901555895931,37.5201933429327
서울특별시 영등포구 영등포동3가 3-4 대흥빌딩,"서울특별시 영등포구 영등포로 248, 대흥빌딩 105 ~ 107호 (영등포동3가)",7303,매직PC랜드,126.908762583452,37.5188636633622
서울특별시 영등포구 대림동 1082-1 현암빌딩,"서울특별시 영등포구 디지털로 349, 현암빌딩 108호 (대림동)",7421,인형뽑기PC,126.899272688257,37.4890412403315
서울특별시 영등포구 영등포동3가 6-1 지하층호,"서울특별시 영등포구 영등포로 218-1, 지하층 (영등포동3가)",7302,신선PC,126.905743586952,37.5195743463824
서울특별시 영등포구 영등포동2가 328-11 B01호,"서울특별시 영등포구 영등포로 247, B01호 (영등포동2가)",7252,THE1975,126.909029174535,37.5194459168674
서울특별시 영등포구 영등포동3가 17-3 더-위일,"서울특별시 영등포구 영중로8길 15, 더-위일 101호 (영등포동3가)",7302,중앙PC,126.907317209122,37.5184589787907
서울특별시 영등포구 영등포동3가 16,"서울특별시 영등포구 영중로10길 16, 3층 (영등포동3가)",7302,월드PC클럽,126.90696016472,37.5188602750991
서울특별시 영등포구 대림동 1082-1 현암빌딩,"서울특별시 영등포구 디지털로 349, 현암빌딩 3층 301호 (대림동)",7421,팡팡PC,126.899272688257,37.4890412403315
서울특별시 영등포구 영등포동3가 4-5,"서울특별시 영등포구 영등포로 236-1, 2층 (영등포동3가)",7302,포인트PC,126.907594044857,37.5191625185967
서울특별시 영등포구 영등포동3가 8-1 성남빌딩,"서울특별시 영등포구 영중로8길 6, 성남빌딩 101호 (영등포동3가)",7302,골드PC,126.906179481554,37.5183625742201
서울특별시 영등포구 대림동 1032-7,서울특별시 영등포구 디지털로56길 1 (대림동),7443,Ace PC,126.901883401353,37.4909665473165
서울특별시 영등포구 대림동 1082-13 2020,"서울특별시 영등포구 디지털로 343, 2020 106호 (대림동)",7420,한림PC,,
서울특별시 영등포구 신길동 3573 남서울아파트,"서울특별시 영등포구 신길로 108, 12동 102-다호 (신길동, 남서울아파트)",7393,리틀세븐PC,126.912436125445,37.502181737466
서울특별시 영등포구 대림동 1082-1 현암빌딩,"서울특별시 영등포구 디지털로 349, 현암빌딩 1층 (대림동)",7421,카지노PC,126.899272688257,37.4890412403315
서울특별시 영등포구 영등포동3가 4-4,"서울특별시 영등포구 영등포로 236, 2층 (영등포동3가)",7302,라이브PC,126.907484742683,37.5191865799098
서울특별시 영등포구 신길동 363-5번지 지하1층,"서울특별시 영등포구 도림로 322, 지하1층 (신길동)",7382,도깨비PC cafe 도림사거리점,126.901914175609,37.5063427806294
서울특별시 영등포구 영등포동3가 19-9 2층호,"서울특별시 영등포구 영등포로42길 19, 2층 (영등포동3가)",7304,스카이PC,126.906788963523,37.5178120934134
서울특별시 영등포구 영등포동3가 7-25 델리타운,"서울특별시 영등포구 영중로10길 6, 델리타운 108호 (영등포동3가)",7302,아자PC게임랜드,126.906180000922,37.5190319297254
서울특별시 영등포구 영등포동3가 5,"서울특별시 영등포구 영등포로 222, 1층 (영등포동3가)",7302,맥스PC,126.906111562056,37.519485169884
서울특별시 영등포구 영등포동3가 4-3,"서울특별시 영등포구 영등포로 234-1, 2층 (영등포동3가)",7302,연PC,126.907379504684,37.5192171315296
서울특별시 영등포구 영등포동3가 5-4 대륙빌딩 1층호,"서울특별시 영등포구 영등포로 224, 대륙빌딩 1층 (영등포동3가)",7302,애플PC,126.906257217053,37.5194285223987
서울특별시 영등포구 대림동 862-3 정성빌딩,"서울특별시 영등포구 디지털로 392, 정성빌딩 1층 (대림동)",7438,정PC,126.902761155076,37.4916195120765
서울특별시 영등포구 영등포동3가 6-1 제3호,"서울특별시 영등포구 영등포로 218-1, 제3호 (영등포동3가)",7302,골프PC,126.905743586952,37.5195743463824
서울특별시 영등포구 영등포동3가 3-4 대흥빌딩,"서울특별시 영등포구 영등포로 248, 대흥빌딩 1층 106호 (영등포동3가)",7303,쩡PC,126.908762583452,37.5188636633622
서울특별시 영등포구 영등포동3가 6-18,"서울특별시 영등포구 영중로 36, 1층 (영등포동3가)",7302,라이브PC,126.905377660265,37.5194739523818
서울특별시 영등포구 영등포동3가 4-1 여의도 포레스트 시티,"서울특별시 영등포구 영등포로 234, 여의도 포레스트 시티 1층 105호 (영등포동3가)",7302,승리PC,126.907271039064,37.5191135211918
"서울특별시 영등포구 영등포동3가 5-74 1 ,2층호","서울특별시 영등포구 영등포로 222, 1, 2층 (영등포동3가)",7302,짱PC,,
서울특별시 영등포구 영등포동5가 2 성일빌딩 2층호,"서울특별시 영등포구 영등포로 237-1, 성일빌딩 2층 (영등포동5가)",7250,시장PC,126.907892120104,37.5196161360604
서울특별시 영등포구 신길동 252-1,"서울특별시 영등포구 신길로 145, 3층 (신길동)",7395,사러가 PC CAFE,126.910395805911,37.5052191180452
서울특별시 영등포구 도림동 246-20,"서울특별시 영등포구 도림로 331, 2층 (도림동)",7374,NEOX PC 도림사거리점,126.900864114112,37.5069785540028
서울특별시 영등포구 양평동4가 68-1,"서울특별시 영등포구 양평로 99, 지층 (양평동4가)",7208,긱스타PC,126.89607164408,37.5364773083686
서울특별시 영등포구 당산동1가 306 2층,"서울특별시 영등포구 양산로 128, 2층 (당산동1가)",7265,ZERO100 PC,126.897200709329,37.5237859836516
서울특별시 영등포구 영등포동3가 7-25번지 델리타운 107호,"서울특별시 영등포구 영중로10길 6, 델리타운 107호 (영등포동3가)",7302,노라PC,126.906180000922,37.5190319297254
서울특별시 영등포구 양평동4가 98-3번지 2층,"서울특별시 영등포구 양평로 113, 2층 (양평동4가)",7208,MIGHTY PC Cafe,126.894768844543,37.5372391215258
서울특별시 영등포구 영등포동3가 8 남서울빌딩 3층호,"서울특별시 영등포구 영중로 22, 남서울빌딩 3층 (영등포동3가)",7302,레벨업PC CAFE,126.905950555009,37.5183443720949
서울특별시 영등포구 영등포동5가 18-1,"서울특별시 영등포구 영등포로 225, 24호 (영등포동5가)",7250,콩지pc,126.906654670129,37.5199200639101
서울특별시 영등포구 신길동 424-3번지 지하1층,"서울특별시 영등포구 신풍로 23, 지하1층 (신길동)",7398,제노피시방(신풍점),126.908363715093,37.5003710511097
서울특별시 영등포구 대림동 1031-1 동보빌딩 3층 302호,"서울특별시 영등포구 디지털로54길 3, 동보빌딩 3층 302호 (대림동)",7443,모모PC,126.901704902363,37.4904985059027
서울특별시 영등포구 영등포동8가 76-1번지 영등포삼환아파트 상가동 지하103호,"서울특별시 영등포구 영중로 145, 상가동 지하층 103호 (영등포동8가, 영등포삼환아파트)",7227,앤탑 PC방,126.905079994793,37.5299598453919
서울특별시 영등포구 영등포동8가 76-1번지 영등포삼환아파트 B101호,"서울특별시 영등포구 영중로 145, B010호 (영등포동8가, 영등포삼환아파트)",7227,3POP(쓰리팝)PC방,126.905079994793,37.5299598453919
서울특별시 영등포구 영등포동5가 6-2번지 1층,"서울특별시 영등포구 영등포로 235, 1층 (영등포동5가)",7250,올스타즈 PC방,126.907622887825,37.5196231338181
서울특별시 영등포구 대림동 1050-13 상도빌딩,"서울특별시 영등포구 도림로 129, 상도빌딩 지하1층 (대림동)",7415,태양성PC방(太陽城),126.896550474113,37.4929625938697
서울특별시 영등포구 영등포동 618-195 (3층),"서울특별시 영등포구 영신로19길 1 (영등포동,(3층))",,SKY PC,126.907525588394,37.5145951895027
서울특별시 영등포구 대림동 717 대림동 쌍용 플래티넘-S B201호,"서울특별시 영등포구 대림로29길 13, 지하2층 B201호 (대림동, 대림동 쌍용 플래티넘-S)",7413,브라더 PC,126.898058257377,37.4953006652838
서울특별시 영등포구 당산동3가 228-23 지하1층,"서울특별시 영등포구 당산로 132, 지층 (당산동3가)",7257,GEEK STAR PC CAFE,126.897005507687,37.5262984376337
서울특별시 영등포구 대림동 1068-10번지 2층(대림동),"서울특별시 영등포구 디지털로37길 20, 2층 (대림동)",7419,당인가PC4호점,126.898341411466,37.4903815019833
서울특별시 영등포구 대림동 1058-5 대덕빌딩,"서울특별시 영등포구 디지털로37길 29, 대덕빌딩 4층 3호 (대림동)",7420,공팔공칠PC,126.897707090837,37.4913541322857
서울특별시 영등포구 신길동 160-38번지 3층,"서울특별시 영등포구 도신로 208, 3층 (신길동)",7348,ZOOM PC방,126.914471892191,37.5113180664152
서울특별시 영등포구 대림동 924-3번지,"서울특별시 영등포구 디지털로 427, 2층 (대림동)",7428,샹떼 PC방,126.905098921176,37.4942901053653
서울특별시 영등포구 대림동 714-1번지 대화빌딩 2층,"서울특별시 영등포구 대림로29길 19, 대화빌딩 2층 (대림동)",7415,해피로 PC 대림점,126.897380928039,37.4951099665035
서울특별시 영등포구 영등포동3가 25번지 신효빌딩,"서울특별시 영등포구 영등포로46길 7, 4층 (영등포동3가, 신효빌딩)",7304,버럭PC까페,126.907894167886,37.5185023178629
서울특별시 영등포구 도림동 32-11번지 진우빌딩 2층,"서울특별시 영등포구 신길로 215, 진우빌딩 2층 (도림동)",7367,파우(POW) PC,126.909748053975,37.5113609532519
서울특별시 영등포구 당산동3가 80-1 리앤나빌리지,"서울특별시 영등포구 국회대로36길 17, 리앤나빌리지 B103호 (당산동3가)",7257,곰PC,126.898359325917,37.5257144999376
서울특별시 영등포구 영등포동3가 15-2 3층,"서울특별시 영등포구 영중로10길 28, 3층 (영등포동3가)",7304,대박PC,126.908298860011,37.5186293137741
서울특별시 영등포구 대림동 608-1 현대3차아파트 지층 1호,"서울특별시 영등포구 도신로 35, 현대3차아파트 지층 1호 (대림동)",7376,apple PC cafe,126.89677822891,37.5049474330047
서울특별시 영등포구 양평동3가 23-4 지하1층,"서울특별시 영등포구 선유서로 117 (양평동3가,지하1층)",,피씨마루(PC MARU),126.886112724011,37.5261628364547
서울특별시 영등포구 여의도동 53 우정빌딩 지하1층 4호,"서울특별시 영등포구 여의대방로 394, 지하1층 4호 (여의도동, 우정빌딩)",7343,ASUS PC,126.932765535417,37.5193909949479
서울특별시 영등포구 영등포동3가 19-8,"서울특별시 영등포구 영등포로42길 19-1, 2층 (영등포동3가)",7304,에이스PC,126.906800800348,37.5177536276532
서울특별시 영등포구 대림동 809 3층,"서울특별시 영등포구 대림로29길 41, 3층 (대림동)",7415,당인가 pc,126.895547224791,37.4939461510739
서울특별시 영등포구 영등포동7가 29-105 지하1층,"서울특별시 영등포구 버드나루로7길 16 (영등포동7가,지하1층)",,메타PC 영등포본점,126.909196416053,37.5227636272462
서울특별시 영등포구 대림동 1057-59번지 3층호,"서울특별시 영등포구 도림로38길 12, 3층 (대림동)",7416,17 PC CLUB,126.897632133073,37.4920081984576
서울특별시 영등포구 영등포동3가 12-13 2층,"서울특별시 영등포구 경인로 871, 2층 (영등포동3가)",7303,겜노리PC,126.909432079999,37.5175940346352
서울특별시 영등포구 영등포동3가 6-20,"서울특별시 영등포구 영등포로 220, 1층 (영등포동3가)",7302,고래PC,126.905889734329,37.5195763550279
서울특별시 영등포구 영등포동3가 6-1 5호,"서울특별시 영등포구 영등포로 218-1, 1층 5호 (영등포동3가)",7302,로얄 PC,126.905743586952,37.5195743463824
서울특별시 영등포구 대림동 1028-5번지 2층,"서울특별시 영등포구 디지털로54길 4-2, 2층 (대림동)",7446,동보PC,126.901501831886,37.4904027399056
서울특별시 영등포구 영등포동3가 3-4 대흥빌딩 401호,"서울특별시 영등포구 영등포로 248, 대흥빌딩 401호 (영등포동3가)",7303,송천PC,126.908762583452,37.5188636633622
서울특별시 영등포구 영등포동3가 3-4 대흥빌딩 402호,"서울특별시 영등포구 영등포로 248, 대흥빌딩 402호 (영등포동3가)",7303,송천2PC,126.908762583452,37.5188636633622
서울특별시 영등포구 영등포동3가 6-19,"서울특별시 영등포구 영등포로 220, 1층 (영등포동3가)",7302,런던PC,126.905889734329,37.5195763550279
서울특별시 영등포구 영등포동3가 5-4 대륙빌딩,"서울특별시 영등포구 영등포로 224, 대륙빌딩 (영등포동3가)",7302,도그PC,126.906257217053,37.5194285223987
서울특별시 영등포구 영등포동3가 27,"서울특별시 영등포구 영중로8길 22, 여의시티파크 B동 1층 101호 (영등포동3가)",7304,거봉PC방,126.908063084407,37.5181073596394
서울특별시 영등포구 영등포동4가 151-22,서울특별시 영등포구 영등포로 180-1 (영등포동4가),7301,미녀PC,126.901518198221,37.5202152058714
서울특별시 영등포구 대림동 1032-18,"서울특별시 영등포구 디지털로 379, 1층 (대림동)",7418,마라공장PC,126.90154510272,37.4910339315147
서울특별시 영등포구 영등포동3가 4-1 여의도 포레스트 시티,"서울특별시 영등포구 영등포로 234, 여의도 포레스트 시티 1동 1층 106호 (영등포동3가)",7302,신고래PC,126.907271039064,37.5191135211918
서울특별시 영등포구 영등포동6가 81,"서울특별시 영등포구 영등포로 185, 1층 (영등포동6가)",7251,조광P.C,126.902116792006,37.5205904304753
서울특별시 영등포구 신길동 4933 신길우성5차아파트,"서울특별시 영등포구 도신로 100, 상가동 지하1층 (신길동, 신길우성5차아파트)",7382,원투쓰리 PC CAFE,126.90308671235,37.5067509124905
서울특별시 영등포구 대림동 911-26번지,서울특별시 영등포구 디지털로 450  (대림동),,@세대 인터넷PC클럽,126.906995144642,37.4955008543369
서울특별시 동작구 사당동 265-59,서울특별시 동작구 사당로 230-1 (사당동),7010,Zero100PC방 남성역점,126.973243297085,37.4833057767884
서울특별시 동작구 신대방동 344-15번지,"서울특별시 동작구 보라매로 91, 2층 (신대방동)",7060,NEOX PC,126.927667322196,37.4975333042265
서울특별시 동작구 흑석동 182-5 중앙타워빌,"서울특별시 동작구 흑석로 112, 중앙타워빌 지하1층 (흑석동)",6972,레벨업PC방 흑석점,126.961636282395,37.5083731799022
서울특별시 동작구 상도동 358-20번지 드림팰리스-2,"서울특별시 동작구 상도로15길 72, 101호 (상도동, 드림팰리스-2)",6950,홈런PC,126.935216389442,37.5035322576258
서울특별시 동작구 흑석동 183-1,"서울특별시 동작구 흑석로 110, 지층 (흑석동)",6972,슈프림 PC cafe 2,126.961423329898,37.5081164142775
서울특별시 동작구 노량진동 330 삼익주상복합아파트,"서울특별시 동작구 만양로 84, 지층 (노량진동, 삼익주상복합아파트)",6914,루나틱하이PC방 노량진3호점,126.945225673807,37.5113671453073
서울특별시 동작구 사당동 1044-4번지 정석빌딩,"서울특별시 동작구 남부순환로 2067, 정석빌딩 3층 (사당동)",7025,아이센스리그PC방 사당점,126.97856389888,37.4769214100582
서울특별시 동작구 신대방동 694-4,서울특별시 동작구 대림로 39-1 (신대방동),7073,타짜 PC,126.908710576293,37.4873529432175
서울특별시 동작구 상도동 316-6번지,서울특별시 동작구 성대로2길 1-1 (상도동),7042,상도PC,126.932250374177,37.4997636691144
서울특별시 동작구 사당동 1040-11,서울특별시 동작구 동작대로3길 29 (사당동),7025,돼지PC,126.979691780913,37.478418816822
서울특별시 동작구 상도동 320-21 성대시장,"서울특별시 동작구 상도로 102, 성대시장 지하1층 (상도동)",7041,제로100PC 신대방삼거리점,126.931776254273,37.4999426964441
서울특별시 동작구 상도동 324-72 대룡빌딩,"서울특별시 동작구 국사봉1길 11, 대룡빌딩 지하1층 (상도동)",7041,망고 PC,126.929243360392,37.4990136207961
서울특별시 동작구 상도동 505,"서울특별시 동작구 사당로 30, 지하1층 (상도동)",7027,에이플 PC CAFE,126.957611682315,37.4949163636825
서울특별시 동작구 신대방동 395-69 보라매아카데미타워,"서울특별시 동작구 보라매로5가길 16, 지하2층 201호 (신대방동, 보라매아카데미타워)",7071,피에스타PC방 보라매점,126.924094714271,37.4912751024086
서울특별시 동작구 사당동 318-13번지 3층,"서울특별시 동작구 사당로16길 7  (사당동,3층)",,시즌아이 PC방,126.973850815896,37.4829138839281
서울특별시 동작구 상도동 501번지 2층,"서울특별시 동작구 사당로 10  (상도동,2층)",,떴다 PC방,126.955437668044,37.4953202958926
서울특별시 동작구 상도동 304-6번지 지상2층,"서울특별시 동작구 국사봉5길 1  (상도동,지상2층)",,제우스 PC방,126.930333780857,37.4977695288126
서울특별시 동작구 상도동 490번지 지상2층,"서울특별시 동작구 상도로62길 45  (상도동,지상2층)",,매직월드 PC방,126.95300945859,37.4962031524693
"서울특별시 동작구 본동 165-5번지 외 2필지(211-3, 211-4) 3층 ",,,인터파크 PC방,,
서울특별시 동작구 사당동 147-81번지,"서울특별시 동작구 동작대로27가길 44, 5층 (사당동)",7008,3POP PC카페(이수역점),126.98081473562,37.4856557274483
서울특별시 동작구 상도동 324-72번지 지층,"서울특별시 동작구 국사봉1길 11, 지층 (상도동, 대룡빌딩)",7041,망고PC,126.929243360392,37.4990136207961
서울특별시 동작구 신대방동 607-5번지 지하1층,"서울특별시 동작구 시흥대로 658 (신대방동,지하1층)",,멜론PC방,126.908076731256,37.4903749716012
서울특별시 동작구 상도동 261-35번지 2층,"서울특별시 동작구 성대로 80  (상도동,2층)",,배틀짱PC방,126.934976916217,37.4975922447346
서울특별시 동작구 상도동 503번지 지층,"서울특별시 동작구 상도로63길 15 (상도동,지층)",,더블유PC방,126.956319389288,37.4947093821664
서울특별시 동작구 흑석동 189-7번지 1층,"서울특별시 동작구 흑석로13가길 33 (흑석동,1층)",,주식회사 명택,126.960004298309,37.5077968064111
서울특별시 동작구 상도동 413,"서울특별시 동작구 양녕로26길 27, 3층 1호 (상도동, 삼익아파트)",7037,제로백 PC 상도점,126.944257806099,37.4973902075154
서울특별시 동작구 노량진동 95번지 2층,"서울특별시 동작구 노량진로16길 16 (노량진동,2층)",,루나틱하이 PC,126.943485898065,37.5128243306674
서울특별시 동작구 상도동 322-15번지 2층,"서울특별시 동작구 국사봉1길 24  (상도동,2층)",,캡틴잭의모험PC방,126.929813809564,37.4988578167321
서울특별시 동작구 상도동 505번지 2층,"서울특별시 동작구 사당로 30  (상도동,2층)",,enter pc방,126.957611682315,37.4949163636825
서울특별시 동작구 신대방동 361-57번지 지하1층,"서울특별시 동작구 여의대방로22길 80  (신대방동,지하1층)",,로하스PC방 신대방2호점,126.924490881768,37.4977293578132
서울특별시 동작구 상도동 324-2번지 지상3층,"서울특별시 동작구 상도로 88  (상도동,지상3층)",,존앤존PC방 (신대방삼거리역점),126.930559045616,37.4996046505724
서울특별시 동작구 흑석동 190-4번지,서울특별시 동작구 흑석로9길 4 (흑석동),6910,헬로PC방,126.959981630398,37.5076741719689
서울특별시 동작구 상도동 250-6번지 3층,"서울특별시 동작구 성대로 23 (상도동,3층)",,메인PC방,126.932946211731,37.4996378351879
"서울특별시 동작구 신대방동 708번지 해태보라매 2층 44호, 45호 ","서울특별시 동작구 보라매로3길 29  (신대방동,해태보라매 2층 44호, 45호)",,수피아PC방,126.924990343437,37.4912113425285
서울특별시 동작구 노량진동 116-2번지,"서울특별시 동작구 만양로 105, 지층 (노량진동, 한성빌딩)",6922,포포PC방 노량진점,126.944007081257,37.5128549427149
서울특별시 동작구 신대방동 344-15번지,"서울특별시 동작구 보라매로 91, 2층 (신대방동)",7060,시즌아이PC방 신대방점,126.927667322196,37.4975333042265
서울특별시 동작구 흑석동 183-1번지,서울특별시 동작구 흑석로 110 (흑석동),6972,몬스터PC방 3호점,126.961423329898,37.5081164142775
서울특별시 동작구 사당동 150-3번지 지상3층,"서울특별시 동작구 사당로 285  (사당동,지상3층)",,Camp PC방,126.979182539226,37.4846491148735
서울특별시 동작구 상도동 20-11번지 지상1층,"서울특별시 동작구 만양로 10  (상도동,지상1층)",,하이넷 PC방,126.947140586127,37.5055716741287
"서울특별시 동작구 노량진동 39-8번지 지상1,2층 ","서울특별시 동작구 노량진로12길 13  (노량진동,지상1,2층)",,풀하우스 PC,126.93841346308,37.5126269076646
서울특별시 동작구 상도동 708-1번지 3층,,,애플 PC방,,
서울특별시 동작구 신대방동 685-2번지,"서울특별시 동작구 신대방3길 91, 1층 (신대방동)",7069,파이터PC방,126.906974343488,37.48874896166
서울특별시 동작구 상도동 505-7번지,서울특별시 동작구 상도로67길 32 (상도동),7027,긱스타 숭실2호점,126.956654524108,37.4949727798048
서울특별시 동작구 사당동 91-129번지 지층,서울특별시 동작구 동작대로29나길 15 (사당동),6997,아이닉스 PC방,126.980407335775,37.4887471093766
서울특별시 동작구 노량진동 270번지 지층,서울특별시 동작구 등용로14길 66 (노량진동),6931,에버피씨,126.93515919634,37.5122551237078
서울특별시 동작구 노량진동 97-1번지 3층,"서울특별시 동작구 노량진로16길 14  (노량진동,3층)",,매니아존 PC방,126.943619710576,37.5129685552608
서울특별시 동작구 사당동 267-26 2층,"서울특별시 동작구 사당로16가길 9 (사당동,2층)",,포그네 PC방,126.972789971529,37.4828205701797
서울특별시 동작구 노량진동 125-14번지 2층,"서울특별시 동작구 만양로14가길 18  (노량진동,2층)",,아지트피씨존,126.94515908462,37.5124073237593
서울특별시 동작구 노량진동 222-17번지 지하1층,"서울특별시 동작구 만양로8길 63  (노량진동,지하1층)",,와우PC존,126.9458007938,37.5103107126825
서울특별시 동작구 노량진동 124-1번지 지하1층,"서울특별시 동작구 만양로14길 37  (노량진동,지하1층)",,와우PC방,126.946108052539,37.5122652216841
서울특별시 동작구 상도동 494번지 외 2필지 지상3층,"서울특별시 동작구 상도로 372  (상도동,외 2필지 지상3층)",,인터파크 수 PC방,126.9540168575,37.4953876873201
서울특별시 동작구 노량진동 123-44번지 지하1층,"서울특별시 동작구 만양로8길 68  (노량진동,지하1층)",,준 PC방,126.945805667761,37.5104527132174
서울특별시 동작구 노량진동 119-144번지 지상2층,"서울특별시 동작구 만양로 90-1  (노량진동,지상2층)",,게이트 PC방,126.944501000368,37.5115178153565
서울특별시 동작구 노량진동 330번지 삼익주상복합 지하1층 4호,"서울특별시 동작구 만양로 84  (노량진동,삼익주상복합 지하1층 4호)",,인터쿨 PC방,126.945225673807,37.5113671453073
서울특별시 동작구 상도동 328-12번지 지상3층,,,매니악스 PC방,,
서울특별시 동작구 노량진동 148-88번지 지하1층,"서울특별시 동작구 노량진로 178, 지하1층 (노량진동)",6913,피에스타PC방 노량진본점,126.945695397962,37.5134079563364
서울특별시 동작구 사당동 249-87번지 1층,"서울특별시 동작구 사당로 202, 1층 (사당동)",7009,남성PC,126.970534752558,37.4846753861519
서울특별시 동작구 대방동 412-20 골든퍼스트,"서울특별시 동작구 여의대방로24길 65, 골든퍼스트 3층 (대방동)",7055,아이센스 PC방,126.923918172165,37.4985502575167
서울특별시 동작구 노량진동 266-23,서울특별시 동작구 등용로14길 71 (노량진동),6927,피씨앤푸드 노량진점,126.935396215873,37.5125814170562
서울특별시 동작구 사당동 316-1번지 지층,"서울특별시 동작구 사당로16길 27  (사당동,지층)",,씨월드 피시,126.973130969148,37.4821962491378
서울특별시 동작구 노량진동 31-18번지 지하1층,"서울특별시 동작구 노량진로8길 21  (노량진동,지하1층)",,싸이월드넷 PC방,126.9366435051,37.512800676241
서울특별시 동작구 노량진동 261-4번지 지층,서울특별시 동작구 노량진로8길 지하 20 (노량진동),156-050,유니넷 PC ZONE,,
서울특별시 동작구 사당동 254-6번지 3층,서울특별시 동작구 사당로 216 (사당동),7010,샵 PC방,126.972029606384,37.4840649558424
서울특별시 동작구 신대방동 692-6번지 1층,"서울특별시 동작구 신대방3길 25, 1층 (신대방동)",7070,번개 PC방,126.910352130654,37.4875450336519
서울특별시 동작구 신대방동 602-15,"서울특별시 동작구 신대방길 88, 2층 (신대방동)",7068,멜론 ASSEMBLE PC,126.909650623594,37.4897174592335
서울특별시 동작구 대방동 335-25 보광빌딩,"서울특별시 동작구 상도로 73, 보광빌딩 지층 (대방동)",6953,어셈블,126.928915695415,37.4999001041175
서울특별시 동작구 상도동 347-10번지,"서울특별시 동작구 상도로 114, 2층 (상도동)",6959,장동민의 옹PC,126.933067057266,37.5009570664864
서울특별시 동작구 신대방동 607-28번지 2호,"서울특별시 동작구 시흥대로 646, 2층 2호 (신대방동)",7069,시즌아이PC방(신대방본점),126.907213384594,37.4893843599148
서울특별시 동작구 상도1동 635-1번지,"서울특별시 동작구 양녕로 280-1, 지하1층 (상도1동)",6968,e-sports center 상도동점,126.950123964573,37.5042628196748
서울특별시 동작구 흑석동 183-5,서울특별시 동작구 흑석로 105 (흑석동),6910,몬스터PC방 1호점,126.960938746172,37.5080056116351
서울특별시 동작구 사당동 1046-8번지,서울특별시 동작구 남부순환로 2055 (사당동),7024,굿센스 PC방,126.977094087349,37.4768743718646
서울특별시 동작구 노량진동 117-24번지,"서울특별시 동작구 만양로 104, 2층 (노량진동, 한서고시원)",6913,비원PC,126.944489643789,37.5128015607415
서울특별시 동작구 상도동 463-2번지,"서울특별시 동작구 상도로47길 4 (상도동, 이화빌딩)",6971,이스포츠센터-중앙대점,126.951448103234,37.4995313792265
서울특별시 동작구 상도동 322-19 성대빌딩,"서울특별시 동작구 국사봉1길 32, 성대빌딩 6층 (상도동)",7042,호야PC월드 본점,126.930349426426,37.4988226340989
서울특별시 동작구 대방동 23번지 삼하빌딩,"서울특별시 동작구 등용로 124, 지하1층 (대방동)",6932,엔큐브 대방점,126.932178750257,37.5121830815913
서울특별시 동작구 노량진동 207-5번지 지상2층,"서울특별시 동작구 만양로14길 28  (노량진동,지상2층)",,인터페이스 PC존,126.94573627465,37.511941050376
서울특별시 동작구 노량진동 207-5번지 지하1층,"서울특별시 동작구 만양로14길 28  (노량진동,지하1층)",,인터페이스 PC존,126.94573627465,37.511941050376
서울특별시 동작구 노량진동 40-14번지 지하1층,"서울특별시 동작구 노량진로 114  (노량진동,지하1층)",,타잔 PC방,126.938612219414,37.5130113794472
서울특별시 동작구 흑석동 164-3번지 지하1층,"서울특별시 동작구 흑석로 115-8  (흑석동,지하1층)",,스펀지 PC방,,
서울특별시 동작구 흑석동 223-1번지 2층,"서울특별시 동작구 흑석로 94  (흑석동,2층)",,늑대와여우PC라운지 중앙지점,126.959980376481,37.5072688094279
서울특별시 동작구 상도동 355-6번지 지하1층,"서울특별시 동작구 상도로 130  (상도동,지하1층)",,아이비스 PC방,126.934326748325,37.5017661558763
서울특별시 동작구 상도동 303번지,"서울특별시 동작구 국사봉5길 4, 101호 (상도동)",7043,황제PC,126.930439539235,37.4976230875076
서울특별시 동작구 사당동 1031-26 해암빌딩,"서울특별시 동작구 동작대로3길 6, 해암빌딩 4층 (사당동)",7015,3POP PC CAFE,126.981129392759,37.4785067233821
서울특별시 동작구 노량진동 313-4번지 지상2층,"서울특별시 동작구 장승배기로15길 45  (노량진동,지상2층)",,사이버 메카PC방,,
서울특별시 동작구 노량진동 58-36번지 지하1층,"서울특별시 동작구 노량진로14길 25 (노량진동,지하1층)",,루키2 PC방,126.942588015381,37.5125600836707
서울특별시 동작구 사당동 1045-8번지,서울특별시 동작구 남부순환로 2061 (사당동),7024,쇼PC방,126.977787556475,37.4769040573805
서울특별시 동작구 사당동 1041-5번지 지하1층,"서울특별시 동작구 남부순환로271길 24  (사당동,지하1층)",,몽키아일랜드 PC방,126.980214576913,37.4779140699266
서울특별시 동작구 노량진동 85-37번지 지하1층,"서울특별시 동작구 노량진로14가길 16  (노량진동,지하1층)",,A플러스 PC방,126.943482559841,37.5126013305635
서울특별시 동작구 사당동 318-74번지 3층,"서울특별시 동작구 사당로16길 15  (사당동,3층)",,인터라켄PC방(남성역점),126.973600083418,37.4827912008828
서울특별시 동작구 대방동 39-2번지 지하1층,"서울특별시 동작구 등용로 123 (대방동,지하1층)",,3POP PC,126.931722395828,37.5121432646022
서울특별시 동작구 사당동 708-988번지 지하1층,"서울특별시 동작구 동작대로25길 54  (사당동,지하1층)",,펀조아 PC방,126.979624751663,37.4850306789307
서울특별시 동작구 흑석동 195-19,서울특별시 동작구 흑석로 79 (흑석동),6910,에이플PC CAFE,126.958421417835,37.5070293244615
서울특별시 동작구 노량진동 148-5 미도빌,"서울특별시 동작구 노량진로 184, 미도빌 지하1층 (노량진동)",6913,제로100PC방 노량진점,126.946185910688,37.5133125843081
서울특별시 동작구 상도동 323-4번지 상진빌딩 3층 3002~3004호,"서울특별시 동작구 국사봉1길 18 (상도동, 상진빌딩 3층)",7042,갤러리 PC방,126.929518840656,37.4986551850367
서울특별시 동작구 사당동 86-1번지,서울특별시 동작구 동작대로 141 (사당동),6997,4uPC,126.982053443172,37.4892376993356
서울특별시 동작구 상도동 73-1번지,"서울특별시 동작구 상도로37길 69, 지하1층 (상도동)",6971,본PC방(숭실대점),126.952761819279,37.4983346547989
서울특별시 동작구 사당동 708-448번지,"서울특별시 동작구 동작대로25길 34, 2층 (사당동)",7008,놀토PC방,126.980417755908,37.4856480037481
서울특별시 동작구 신대방동 347-2번지 3층,"서울특별시 동작구 국사봉길 12  (신대방동,3층)",,와우PC방,126.928697264633,37.4985308036648
서울특별시 동작구 사당동 131-3번지 3층,"서울특별시 동작구 동작대로29길 9  (사당동,3층)",,인터라켄 PC방,126.98149880399,37.4879197996861
서울특별시 동작구 노량진동 127-4번지 지하1층,"서울특별시 동작구 만양로14길 43  (노량진동,지하1층)",,샤인 PC방,126.946455207821,37.5123864745196
서울특별시 동작구 사당동 1033-36번지 지상2층,"서울특별시 동작구 남부순환로271길 55  (사당동,지상2층)",,시즌아이 PC방,126.979789394488,37.4790901756328
서울특별시 동작구 상도동 315-22번지,"서울특별시 동작구 성대로2길 7, 지층 (상도동)",7042,7seven PC,126.931709717703,37.4993656537497
서울특별시 동작구 사당동 141-32,"서울특별시 동작구 사당로29가길 41, 2층 (사당동)",7007,황제PC,126.979723409321,37.4868886650318
서울특별시 동작구 상도동 328-10번지,"서울특별시 동작구 국사봉1길 4, 지하1층 (상도동)",7042,topstar PC,126.928852981582,37.4987738088069
서울특별시 동작구 상도동 467-1 한승빌딩,"서울특별시 동작구 상도로37길 60, 2층 (상도동)",6971,원픽PC방,126.951965775693,37.4989009766383
서울특별시 동작구 노량진동 310-64 장승빌딩,"서울특별시 동작구 장승배기로 98, 지하1층 (노량진동)",6925,PNP PC,126.940127058426,37.5063972521794
서울특별시 동작구 노량진동 89-9번지 지하1층,"서울특별시 동작구 노량진로16길 22  (노량진동,지하1층)",,컬러PC방,126.943726367207,37.5126743381986
서울특별시 동작구 노량진동 148-91번지 지층,"서울특별시 동작구 노량진로 180, 지층 (노량진동)",6913,싸이버파크PC방 노량진점,126.945898678252,37.5133775956849
서울특별시 동작구 신대방동 343-7번지 4층,"서울특별시 동작구 보라매로 59  (신대방동,4층)",,슈가젬PC방 신대방점,126.927071422699,37.4946774679661
서울특별시 동작구 상도동 324-1번지,"서울특별시 동작구 상도로 102 (상도동, 성대시장)",7041,엔탑피씨방(N-Top PC),126.931776254273,37.4999426964441
서울특별시 동작구 상도동 366-5 교보증권,"서울특별시 동작구 상도로 169, 교보증권 지하1층 (상도동)",6949,세븐PC방,126.937557355363,37.5043302773119
서울특별시 동작구 사당동 133-4,서울특별시 동작구 동작대로27길 6 (사당동),7008,아이닉스PC방,126.981596074684,37.4878004313222
서울특별시 동작구 상도동 505-1,서울특별시 동작구 사당로 28 (상도동),7027,긱스타 PC방 1호점,126.957457993298,37.4949351394814
서울특별시 동작구 상도동 501-9번지,서울특별시 동작구 사당로 4 (상도동),7027,하늘다리PC,126.95485331925,37.4954053993678
서울특별시 동작구 노량진동 72-48번지 노량진센타빌딩,"서울특별시 동작구 노량진로 156, 지하1층 (노량진동)",6922,POPO PC,126.943292835393,37.5134034035131
서울특별시 동작구 상도동 214-319번지 2층,"서울특별시 동작구 양녕로22가길 68  (상도동,2층)",,JAM PC방,126.944149044524,37.4970504767188
서울특별시 동작구 흑석동 183-1번지 지상6층,"서울특별시 동작구 흑석로 110  (흑석동,지상6층)",,클랜PC방,126.961423329898,37.5081164142775
서울특별시 동작구 노량진동 42-14번지 지하1층,"서울특별시 동작구 노량진로 118 (노량진동,지하1층)",,PC락,126.939117411727,37.5132326571999
서울특별시 동작구 노량진동 114-5번지 지하1층,"서울특별시 동작구 노량진로 162 (노량진동,지하1층)",,아이닉스 PC방,126.943957579056,37.5134071445935
서울특별시 동작구 흑석동 102-25번지 지상3층,"서울특별시 동작구 흑석로 106-5  (흑석동,지상3층)",,이재승컴퍼니 PC방,126.961459298755,37.507891625309
"서울특별시 동작구 노량진동 275-1번지 외 1필지, 지하1층 ","서울특별시 동작구 노량진로6길 21  (노량진동,외 1필지, 지하1층)",,트릭PC방 중계점,126.935915556935,37.5121148897426
서울특별시 동작구 상도동 328-7번지 지상2층,"서울특별시 동작구 상도로 93 (상도동,지상2층)",,겜노리 PC방,126.930835747931,37.5001237923409
서울특별시 동작구 노량진동 258-42번지 2층,"서울특별시 동작구 노량진로8길 40  (노량진동,2층)",,호야 PC월드,126.937465103696,37.5124234131715
서울특별시 동작구 흑석동 181-1번지 한신빌딩,"서울특별시 동작구 서달로15길 23, 한신빌딩 (흑석동)",6972,매직엔PC방(중대점),126.961652170904,37.5084883334727
서울특별시 동작구 사당동 1003-39번지 지상2층,"서울특별시 동작구 사당로 286  (사당동,지상2층)",,아이닉스PC방,126.979385845879,37.4841898163908
서울특별시 동작구 대방동 336-6,"서울특별시 동작구 상도로 82, 지층 (대방동)",7041,콤마PC카페 신대방삼거리역점,126.929701388226,37.4994737677406
서울특별시 동작구 신대방동 607-27번지,"서울특별시 동작구 시흥대로 652, 지하1층 (신대방동)",7069,기린PC방,,
서울특별시 동작구 신대방동 377-1번지,"서울특별시 동작구 여의대방로 126, 지하1층 (신대방동)",7056,스타PC방,,
서울특별시 동작구 상도동 499-16번지,서울특별시 동작구 상도로67길 17 (상도동),7027,개컨PC방,126.956345163007,37.4943361045367
서울특별시 동작구 노량진동 118-5번지 지하1층,"서울특별시 동작구 만양로 100  (노량진동,지하1층)",,행복한 PC방,126.944401840416,37.5123857060582
서울특별시 동작구 상도동 29-35번지 지하1층,"서울특별시 동작구 상도로34길 16  (상도동,지하1층)",,오투 PC존,126.945558089006,37.5042108879341
서울특별시 동작구 사당동 135-3번지 지층,"서울특별시 동작구 동작대로 121  (사당동,지층)",,존앤존PC방,126.981886636778,37.4874603457045
서울특별시 동작구 노량진동 119-157번지 3층,"서울특별시 동작구 만양로 94 (노량진동,3층)",,몽키타운 PC방,126.944447779056,37.5117527722431
서울특별시 동작구 상도동 506-2번지 지하1층,"서울특별시 동작구 사당로 34  (상도동,지하1층)",,사이버플러스 PC방,126.958158541528,37.4949254785989
"서울특별시 동작구 대방동 502번지 103동상가 115,116호  지하1층 ",,,사이버리아 멀티PC방,,
서울특별시 동작구 노량진동 224-14번지 지층,"서울특별시 동작구 만양로 75  (노량진동,지층)",,탑 피시,126.944828799966,37.5101136635189
서울특별시 동작구 노량진동 148-55번지 지층,"서울특별시 동작구 만양로18길 21  (노량진동,지층)",,이네이처 PC방,126.945569381852,37.5131126393253
서울특별시 동작구 상도동 366-5 교보증권,"서울특별시 동작구 상도로 169, 교보증권 지하1층 (상도동)",6949,G plus 피씨방,126.937557355363,37.5043302773119
서울특별시 동작구 노량진동 16-1 노량진 드림스퀘어 복합빌딩,"서울특별시 동작구 노들로2길 7, 노량진 드림스퀘어 복합빌딩 C동 B09호 (노량진동)",6900,유진PC,126.938586139882,37.5141942939247
서울특별시 동작구 노량진동 125-17번지 지하1층,"서울특별시 동작구 만양로14가길 10  (노량진동,지하1층)",,와우PC방 3호점,126.945260351819,37.512049311684
서울특별시 동작구 상도동 204-17번지 지하1층,"서울특별시 동작구 장승배기로 35  (상도동,지하1층)",,사이버펠리스 PC방,126.941107893311,37.5011653364565
서울특별시 동작구 상도동 195-52번지 지상2층,"서울특별시 동작구 상도로22길 5  (상도동,지상2층)",,아이그린PC방,,
서울특별시 동작구 사당동 1041-35번지 지상2층,"서울특별시 동작구 동작대로3길 15  (사당동,지상2층)",,파라다이스 PC방,126.98048898118,37.4782852413538
서울특별시 동작구 흑석동 195-26 지하1층,"서울특별시 동작구 흑석로7길 8 (흑석동,지하1층)",,TOP PC방,126.958241333342,37.5072843354434
서울특별시 동작구 상도동 170-27번지,서울특별시 동작구 상도로 204 (상도동),6964,제노pc,126.94131526696,37.5049680434096
서울특별시 동작구 사당동 265-47번지 2층,"서울특별시 동작구 사당로16길 18  (사당동,2층)",,SKY PC방,126.973227566476,37.4827130897035
서울특별시 동작구 노량진동 120-3번지 지상2층,"서울특별시 동작구 만양로 83 (노량진동,지상2층)",,와우PC방,126.944396906689,37.5109554496203
서울특별시 동작구 노량진동 123-43번지 지하1층,"서울특별시 동작구 만양로8길 64  (노량진동,지하1층)",,매니아존 PC방,126.945937226686,37.5104286265851
서울특별시 동작구 흑석동 190-41번지 지하1층,"서울특별시 동작구 흑석로 87  (흑석동,지하1층)",,너구리와 여우소굴,126.959367056377,37.507432582948
서울특별시 동작구 흑석동 190-33번지 지하1층,"서울특별시 동작구 흑석로 85-5  (흑석동,지하1층)",,사이버파크,126.959175823917,37.5073939540013
서울특별시 동작구 상도동 505-7번지,서울특별시 동작구 상도로67길 32  (상도동),,아우토반 PC방,126.956654524108,37.4949727798048
서울특별시 동작구 상도동 346-7번지 지하1층,"서울특별시 동작구 성대로 3  (상도동,지하1층)",,좋은친구들 PC방,126.932216932407,37.5003530880246
서울특별시 동작구 상도1동 262번지 지하1층,"서울특별시 동작구 상도로 313  (상도1동,지하1층)",,DT PC방,126.950642842417,37.5001498564897
서울특별시 동작구 상도동 315-8번지 지상4층,"서울특별시 동작구 성대로2길 9  (상도동,지상4층)",,자이PC존,126.931548790182,37.4992443752959
서울특별시 동작구 노량진동 120-6,"서울특별시 동작구 만양로 81, 지하1층 (노량진동)",6923,마일하이(MILEHIGH) PC방,126.944450626548,37.5108103230947
서울특별시 동작구 상도동 184-173번지 지하1층,"서울특별시 동작구 상도로 154-1  (상도동,지하1층)",,넥스트 PC방,,
서울특별시 동작구 상도동 505-9번지 2층,"서울특별시 동작구 상도로61길 37  (상도동,2층)",,피시트릭 PC방,126.957036661919,37.4949140836487
서울특별시 동작구 노량진동 117-20번지,"서울특별시 동작구 만양로14가길 26 (노량진동, 노량진 거성빌딩)",6913,존앤존 PC방,126.944975816586,37.5127598014303
서울특별시 동작구 사당동 1046-32번지 3층,"서울특별시 동작구 남부순환로269길 21 (사당동,3층)",,인터넷카페 YAK,126.977833486886,37.4775674793661
서울특별시 동작구 사당동 147-81번지 지층,"서울특별시 동작구 동작대로27가길 44  (사당동,지층)",,프로 PC방,126.98081473562,37.4856557274483
서울특별시 동작구 상도동 210-23번지 지하1층,"서울특별시 동작구 양녕로 182  (상도동,지하1층)",,진 PC방,126.943442696438,37.4975244304507
서울특별시 동작구 사당동 266-4 호림빌딩,"서울특별시 동작구 사당로 234, 호림빌딩 지하1층 (사당동)",7010,SUPREME PC CAFE,126.973527010263,37.4832080812583
서울특별시 관악구 봉천동 15-8번지,"서울특별시 관악구 관악로30길 15, 2층 (봉천동)",8733,스타덤PC관악점,126.958833779086,37.4866379787681
서울특별시 관악구 신림동 1655-8,"서울특별시 관악구 시흥대로 566, 지하101호 (신림동)",8769,골라 게임랜드,126.902357685701,37.4832010642873
서울특별시 관악구 신림동 1424-19,"서울특별시 관악구 신림로 354, 201호 (신림동)",8754,김여사+PC,126.929945820012,37.4859846659272
서울특별시 관악구 신림동 1668-15,"서울특별시 관악구 남부순환로 1377, 2층 (신림동)",8768,오렌지 PC,126.903829385724,37.4801583039286
서울특별시 관악구 신림동 1484-4 1층,"서울특별시 관악구 난곡로63길 60, 1층 (신림동)",8771,본PC,126.911311140444,37.4806105165308
서울특별시 관악구 신림동 1528-1 1층,"서울특별시 관악구 호암로 587, 1층 (신림동)",8846,호박 PC,126.932884506288,37.4698888489177
"서울특별시 관악구 신림동 1534-16번지 2,3층 ","서울특별시 관악구 호암로22길 41, 2,3층 (신림동)",8813,3S PC CAFE,,
서울특별시 관악구 신림동 518-56번지 3층,"서울특별시 관악구 난곡로 357, 3층 (신림동)",8701,긱스타 PC(GEEK STAR PC CAFE),126.91344763033,37.4859134542249
서울특별시 관악구 신림동 527-5,"서울특별시 관악구 난곡로66길 12, 2층 (신림동)",8761,타임PC랜드,126.91503253072,37.4825000535711
서울특별시 관악구 신림동 1517-17번지 지하1층,"서울특별시 관악구 호암로24길 77, 지하1층 (신림동)",8813,3S PC 녹두거리점,126.937601300726,37.4693157781194
서울특별시 관악구 신림동 1458-3 신림빌딩 104호,"서울특별시 관악구 신림동길 26, 신림빌딩 104호 (신림동)",8706,대박PC,126.925828834235,37.4871786916872
서울특별시 관악구 신림동 1475-30 1층,"서울특별시 관악구 난곡로63가길 1, 1층 (신림동)",8771,콩PC,126.914193963141,37.4809975562282
서울특별시 관악구 신림동 1655-16,"서울특별시 관악구 시흥대로 560, 1층 (신림동)",8769,럭키짱PC,126.901999065663,37.4829262301224
서울특별시 관악구 신림동 1655-8,서울특별시 관악구 시흥대로 566 (신림동),8769,공단PC,126.902357685701,37.4832010642873
서울특별시 관악구 봉천동 896-28번지 지하1층,"서울특별시 관악구 남부순환로214길 40, 지하1층 (봉천동)",8786,욜로PC방 봉천점,126.947344732144,37.4799546008071
서울특별시 관악구 신림동 1432-130 지하1층,"서울특별시 관악구 신림동5길 45, 지하1층 (신림동)",8760,황금PC방,126.927830453385,37.4852468185612
서울특별시 관악구 신림동 1656-3 1층,"서울특별시 관악구 조원로2가길 34, 1층 (신림동)",8769,제우스PC,126.904550468698,37.4826561241956
서울특별시 관악구 신림동 1419-1 금강빌딩,"서울특별시 관악구 남부순환로181길 46, 금강빌딩 1층 (신림동)",8754,행운PC,126.930688324152,37.4866144579726
서울특별시 관악구 봉천동 58-2 우측호,"서울특별시 관악구 중앙길 7, 2층 우측호 (봉천동)",8745,에이스피씨,126.953823855277,37.4837665956628
서울특별시 관악구 신림동 725-58,서울특별시 관악구 난곡로 211 (신림동),8858,가비,126.918018871999,37.4735972187998
서울특별시 관악구 신림동 613-37,"서울특별시 관악구 법원단지길 22, 2층 (신림동)",8852,황제PC,126.918978548757,37.4741236199998
서울특별시 관악구 신림동 1438-13,"서울특별시 관악구 신림동길 23-1, 지층 (신림동)",8760,율PC,126.92616007342,37.4868916578486
서울특별시 관악구 봉천동 868-25 지하1층 B01호,"서울특별시 관악구 관악로17길 9, 지하1층 B01호 (봉천동)",8787,맥스피드PC 서울대입구역점,126.951245075921,37.4806186063628
서울특별시 관악구 신림동 1636-29,"서울특별시 관악구 신원로 22, 1층 (신림동)",8775,히든PC,126.92809980254,37.4810935137384
서울특별시 관악구 신림동 1745 최강타워,"서울특별시 관악구 남부순환로180길 6, 지하2층 (신림동, 최강타워)",8777,레벨업 PC카페,126.930629680819,37.4837589483107
서울특별시 관악구 신림동 1652-30,"서울특별시 관악구 조원로8길 6, 1층 (신림동)",8769,조원PC,126.905403700478,37.483060822581
서울특별시 관악구 신림동 1745 최강타워,"서울특별시 관악구 남부순환로180길 6, 지하2층 B204호 (신림동, 최강타워)",8777,레벨업플러스,126.930629680819,37.4837589483107
서울특별시 관악구 신림동 527-10,"서울특별시 관악구 남부순환로 1483, 2층 (신림동)",8761,EXIT PC CAFE 난곡점,126.915294416313,37.4822721062451
서울특별시 관악구 봉천동 702-102번지 3층 가호,"서울특별시 관악구 보라매로 17, 3층 가호 (봉천동)",8708,제로백PC 봉천점,126.926926728097,37.4910282099961
서울특별시 관악구 신림동 1432-73번지 2층,"서울특별시 관악구 신림로 353, 2층 (신림동)",8760,ZERO100 PC,126.929190502039,37.485766892503
서울특별시 관악구 신림동 1421-29 SK허브그린 B01,"서울특별시 관악구 신림로 344, SK허브그린 지하1층 B01호 (신림동)",8754,SNS PC,126.929977240424,37.4851501707989
서울특별시 관악구 신림동 1668-15 1층 101호,"서울특별시 관악구 남부순환로 1377, 1층 101호 (신림동)",8768,사거리PC,126.903829385724,37.4801583039286
서울특별시 관악구 봉천동 856-6 BS TOWER,"서울특별시 관악구 관악로 158, BS TOWER 지하2층 (봉천동)",8788,레벨업PC방 서울대점,126.952808280216,37.4793104352293
서울특별시 관악구 봉천동 861-7,"서울특별시 관악구 봉천로 472, 제지1층 제비103호 (봉천동)",8758,에이스PC,126.952225627266,37.4818953761288
서울특별시 관악구 신림동 529-7 1층 3호,"서울특별시 관악구 난곡로66길 7, 1층 3호 (신림동)",8761,뉴왕PC게임랜드,126.914793328054,37.4826647658698
서울특별시 관악구 신림동 503-35,"서울특별시 관악구 조원로 123, 1층 (신림동)",8705,신사PC,126.915905394653,37.48531038244
서울특별시 관악구 신림동 1422-15,"서울특별시 관악구 신림로64길 32, 1층 (신림동)",8754,한수PC,126.931500008304,37.4850497000506
서울특별시 관악구 봉천동 871-67,"서울특별시 관악구 봉천로 461-1, 지층 (봉천동)",8745,매니아 PC,126.951378697167,37.482562858333
서울특별시 관악구 신림동 1432-59 코끼리,"서울특별시 관악구 신림로65길 10-23, 코끼리 1층 (신림동)",8760,고래PC,126.928785213534,37.4855837442563
서울특별시 관악구 신림동 1434-8,"서울특별시 관악구 신림로65길 40, 지하1층 (신림동)",8760,당근PC,126.927225743639,37.48492343619
서울특별시 관악구 봉천동 952-16,"서울특별시 관악구 은천로 31, 1층 (봉천동)",8717,강남PC,126.938850219252,37.486362897773
서울특별시 관악구 신림동 1423-1,"서울특별시 관악구 신림로68길 18, 1층 (신림동)",8754,스마일PC,126.930403774049,37.486565275862
서울특별시 관악구 봉천동 957-6 쁘띠그린힐,"서울특별시 관악구 은천로 14, 2층 (봉천동, 쁘띠그린힐)",8749,키키슬롯,126.936759768287,37.4861307788499
서울특별시 관악구 신림동 1433-74,"서울특별시 관악구 남부순환로 1597-15, 3층 (신림동)",8759,꼬마PC,126.92752794785,37.4847136870226
서울특별시 관악구 신림동 530-4 1층,"서울특별시 관악구 조원로18길 29, 1층 (신림동)",8767,언니PC,126.913958485406,37.4828463447803
서울특별시 관악구 신림동 1425-13 1층 후면,"서울특별시 관악구 신림로 362, 1층 (신림동)",8753,까치PC방,126.929487813026,37.4866709615955
서울특별시 관악구 신림동 10-621 관동캐슬오피스텔,"서울특별시 관악구 남부순환로 1680, 관동캐슬오피스텔 1층 (신림동)",8780,에이스피시방,126.937097299683,37.4840824266542
서울특별시 관악구 신림동 1542-9번지 지하1층,"서울특별시 관악구 호암로22길 70-3, 지하1층 (신림동)",8819,Yak PC방,126.936695536584,37.4683153546224
서울특별시 관악구 신림동 1602-1 관악종합시장 2층,"서울특별시 관악구 신원로 23, 2층 (신림동, 관악종합시장)",8774,인터파크秀,126.928063159676,37.4815767925511
서울특별시 관악구 신림동 1432-136번지 지층,"서울특별시 관악구 신림동5길 31, 지층 (신림동)",8760,뉴탑,126.927636033729,37.4858919115747
서울특별시 관악구 봉천동 1674-4 지하1층,"서울특별시 관악구 남부순환로 1873, 지하1층 (봉천동)",8739,콤마 피시방,126.957986449117,37.4795481840524
서울특별시 관악구 신림동 96-3번지 태영빌딩 5층,"서울특별시 관악구 신림로 206, 태영빌딩 5층 (신림동)",8836,보야르,126.937446935701,37.4756288046285
서울특별시 관악구 신림동 246-49 지하1층,"서울특별시 관악구 대학길 47, 지하1층 (신림동)",8814,레드포스PC아레나 신림녹두점,126.937803548906,37.4686171509232
서울특별시 관악구 봉천동 882-4번지 지하1층,"서울특별시 관악구 청룡1길 42, 지하1층 (봉천동)",8786,이스테이션PC방,126.948600646271,37.4808713899046
서울특별시 관악구 신림동 131-30 지층,"서울특별시 관악구 신림로 84, 지층 (신림동)",8839,SKY PC,126.940177514769,37.4709316312582
서울특별시 관악구 신림동 105-61번지 1층,"서울특별시 관악구 복은4길 3, 1층 (신림동)",8837,시즌PC방,126.937819783753,37.4742646022584
서울특별시 관악구 신림동 1426-7 가야위드안 1층 108호,"서울특별시 관악구 봉천로12길 39, 1층 108호 (신림동, 가야위드안)",8753,왕PC방,126.930110949482,37.4870238962652
서울특별시 관악구 신림동 491-28 1층,"서울특별시 관악구 남부순환로161가길 5, 1층 (신림동, 하나빌딩)",8762,수 PC방,126.918506808414,37.4850367672133
서울특별시 관악구 남현동 1058-6 지하1층,"서울특별시 관악구 남현길 7, 지하1층 (남현동)",8806,레드포스PC아레나 사당점,126.977671473431,37.4760625825389
서울특별시 관악구 봉천동 863-2 지하1층,"서울특별시 관악구 관악로 163, 지하1층 (봉천동, 효원빌딩)",8787,긱스타 PC방(Geek Star PC cafe),126.952044774856,37.4798753308636
서울특별시 관악구 신림동 538-18 1층,"서울특별시 관악구 난곡로65길 33, 1층 (신림동)",8767,秀PC,126.912401747831,37.4820399695335
서울특별시 관악구 봉천동 952-18번지 지하1층,"서울특별시 관악구 은천로 27, 지하1층 (봉천동)",8717,아센PC방 봉일시장점,126.938558361976,37.4863947321423
서울특별시 관악구 신림동 1425-13 3층,"서울특별시 관악구 신림로 362, 3층 (신림동)",8753,한게임PC방,126.929487813026,37.4866709615955
서울특별시 관악구 봉천동 1562-18 제이빌딩 2층,"서울특별시 관악구 쑥고개로 80, 2층 (봉천동)",8831,Q PC,126.945267468435,37.4792117658952
서울특별시 관악구 봉천동 1638-22 3층,"서울특별시 관악구 인헌6길 16, 3층 (봉천동)",8793,푸룬PC 2호점,126.966007272791,37.4740985743928
서울특별시 관악구 봉천동 14-52,"서울특별시 관악구 관악로 268, 1층 (봉천동)",8733,녹스PC방 관악점,126.958274612985,37.4879253230576
서울특별시 관악구 봉천동 496-6번지 지하1층,"서울특별시 관악구 양녕로 58, 지하1층 (봉천동)",8729,이네이처PC방,126.947036314759,37.4873102965781
서울특별시 관악구 신림동 131-21,"서울특별시 관악구 신림로 90, 지하1층 (신림동)",8839,인터매니아,126.939362676994,37.4709361714829
서울특별시 관악구 봉천동 1687-5 케에타워 지하1층,"서울특별시 관악구 남부순환로 1931, 케에타워 지하1층 (봉천동)",8801,제로백 낙성대점,126.963886972814,37.4772285940493
서울특별시 관악구 신림동 255-37 지하 1층,"서울특별시 관악구 대학14길 18, 지하1층 (신림동)",8819,Cool.K.PC방,126.936842153058,37.4664327706546
서울특별시 관악구 신림동 1532-0번지 지하1층,"서울특별시 관악구 호암로24길 12, 지하1층 (신림동)",8812,PC club,126.933807682397,37.4698242265904
서울특별시 관악구 봉천동 883-8번지 지하1층,"서울특별시 관악구 청룡1길 33, 지하1층 (봉천동, 관악하우팰리스)",8786,더블m PC방,126.948113779028,37.4812382481402
서울특별시 관악구 신림동 611-30 지하1층,"서울특별시 관악구 법원단지길 28, 지하1층 (신림동, 우석빌딩)",8852,맥PC토랑,126.919248807252,37.4741658821631
서울특별시 관악구 봉천동 1658-2 4층 낙성대빌딩,"서울특별시 관악구 남부순환로 1934, 낙성대빌딩 4층 (봉천동)",8793,이스포츠,126.963735538331,37.4766373051657
서울특별시 관악구 신림동 1657-59 1층,"서울특별시 관악구 시흥대로166길 59, 1층 (신림동)",8769,나래PC,126.903839713146,37.4809219172653
서울특별시 관악구 신림동 621-26 지하1층,"서울특별시 관악구 난곡로 184, 지하1층 (신림동, 대원빌딩)",8854,나는 게이머다 PC,126.919981209825,37.471670222214
서울특별시 관악구 신림동 1636-61번지 남영빌딩 지하1층,"서울특별시 관악구 신원로 10, 남영빌딩 지하1층 (신림동)",8775,이네이쳐,126.928063499366,37.4802789796022
서울특별시 관악구 봉천동 1565-16 지하1층,"서울특별시 관악구 쑥고개로 95, 지하1층 (봉천동)",8786,탑티어 PC방 서울대점,126.947204153908,37.4793763605135
서울특별시 관악구 신림동 1416-23 1층,"서울특별시 관악구 신림로70길 23, 1층 (신림동)",8753,스타PC방,126.93028924443,37.4877717480379
서울특별시 관악구 봉천동 495-1 한독빌딩 지하1층,"서울특별시 관악구 은천로 109, 지하1층 (봉천동)",8729,레드포스PC아레나 봉천점,126.947493902254,37.4869996530658
서울특별시 관악구 봉천동 930-39 은혜빌딩 지하1층,"서울특별시 관악구 남부순환로 1716, 은혜빌딩 지하1층 (봉천동)",8784,3POP PC방,126.940613730465,37.4825397376028
서울특별시 관악구 신림동 1551-1번지 1층,"서울특별시 관악구 신림로17길 76, 1층 (신림동)",8819,해커스 PC방,126.936195521263,37.4674210125893
서울특별시 관악구 봉천동 1686-30 지하1층,"서울특별시 관악구 남부순환로 1929-5, 지하1층 (봉천동)",8801,스위티PC방 낙성대점,126.963658934093,37.4774748601413
서울특별시 관악구 신림동 1738 파로스프라자 A동 205~206호,"서울특별시 관악구 난곡로 100, A동 205~206호 (신림동, 파로스프라자)",8860,5스타 PC방,126.919613685063,37.4645001795391
서울특별시 관악구 신림동 617-3 프린스빌딩 3층,"서울특별시 관악구 난우길 2, 프린스빌딩 3층 (신림동)",8854,인터라켄pc방,126.919149562512,37.4732085813656
서울특별시 관악구 신림동 92-284,"서울특별시 관악구 신림로 224-1, 1층 (신림동)",8783,신림 PC,126.936542759177,37.4776103633224
서울특별시 관악구 신림동 247-2 2층,"서울특별시 관악구 대학길 52, 2층 (신림동)",8819,Steam PC cafe,126.937556388983,37.4682688699968
서울특별시 관악구 신림동 1533-5 지하1층,"서울특별시 관악구 호암로24길 24, 지하1층 (신림동, 대학관고시텔)",8812,피씨태그 PC방,126.934472868269,37.4695260024167
서울특별시 관악구 신림동 1538-2 2층,"서울특별시 관악구 대학길 36, 2층 (신림동)",8813,스타PC방,126.93757500788,37.4691242093594
서울특별시 관악구 신림동 1537-13 지상 1층,"서울특별시 관악구 신림로17길 41, 1층 (신림동)",8813,망고톡 PC,126.936503924501,37.4688572098031
서울특별시 관악구 신림동 527-13 삼남빌딩 지하1층,"서울특별시 관악구 남부순환로 1485, 삼남빌딩 지하1층 (신림동)",8761,인터라켄PC방,126.915650135223,37.4823520999904
서울특별시 관악구 봉천동 859-15번지 지하1층,"서울특별시 관악구 관악로 199, 지하1층 (봉천동)",8745,3POP 피시방,126.953587750655,37.4830752493665
서울특별시 관악구 봉천동 933-1번지 지하1층,"서울특별시 관악구 봉천로31길 9, 지하1층 (봉천동)",8750,스타덤PC 봉천점,126.941358237708,37.4841495810369
서울특별시 관악구 봉천동 1639-3 도원빌딩 지하1층,"서울특별시 관악구 인헌6길 9, 지하1층 (봉천동)",8797,푸룬PC방,126.966198319678,37.4738666191079
서울특별시 관악구 신림동 570-1 1층,"서울특별시 관악구 조원중앙로 22, 1층 (신림동)",8765,딸기 PC,126.905814303617,37.4814757360238
서울특별시 관악구 신림동 538-35 1층,"서울특별시 관악구 난곡로65길 3, 1층 (신림동)",8767,공주PC,126.914052039759,37.4823086008844
서울특별시 관악구 신림동 1513-1 401호,"서울특별시 관악구 신림로 141, 401호 (신림동)",8846,메타PC 신림본점,126.933441547933,37.4715917133189
서울특별시 관악구 신림동 1669-11,"서울특별시 관악구 조원중앙로 6, 101호 (신림동)",8765,별PC,126.904609170104,37.4804158136657
서울특별시 관악구 신림동 1423-4 2층,"서울특별시 관악구 봉천로12길 49, 2층 (신림동)",8754,토마토PC방,126.930168216331,37.4864806223175
서울특별시 관악구 봉천동 855-2 준우지하우스,"서울특별시 관악구 관악로14길 10, 준우지하우스 3층 (봉천동)",8788,드림게임랜드,126.953154491288,37.4790873930145
서울특별시 관악구 신림동 1423-28 2층,"서울특별시 관악구 봉천로12길 69, 2층 (신림동)",8754,세븐PC방,126.930309116095,37.485733589617
서울특별시 관악구 신림동 1421-35 지하1층,"서울특별시 관악구 신림로64길 23, 지하1층 (신림동)",8754,골드PC게임장,126.931021236392,37.4852226853822
서울특별시 관악구 봉천동 1687-13,"서울특별시 관악구 남부순환로 1933, B1층 (봉천동)",8801,콤마PC,126.964147271643,37.4771332564053
서울특별시 관악구 신림동 1426-7 가야위드안 101호,"서울특별시 관악구 봉천로12길 39, 101호 (신림동, 가야위드안)",8753,김여사PC,126.930110949482,37.4870238962652
서울특별시 관악구 신림동 537-43 102호,"서울특별시 관악구 조원로18길 22, 102호 (신림동)",8767,본PC,126.913046035227,37.483063810931
서울특별시 관악구 신림동 1426-7 가야위드안 106호,"서울특별시 관악구 봉천로12길 39, 1층 106호 (신림동, 가야위드안)",8753,바닐라pc방,126.930110949482,37.4870238962652
서울특별시 관악구 신림동 1638-19 2층,"서울특별시 관악구 신림로 321, 2층 (신림동)",8776,SNS PC방,126.929546648038,37.4828969433377
서울특별시 관악구 신림동 1426-7 가야위드안 2층,"서울특별시 관악구 봉천로12길 39, 2층 (신림동, 가야위드안)",8753,가야PC방,126.930110949482,37.4870238962652
서울특별시 관악구 봉천동 866-11 관악맥스텔 101호,"서울특별시 관악구 관악로15길 23-11, 관악맥스텔 101호 (봉천동)",8787,왕바다PC랜드,126.951181288015,37.479783254518
서울특별시 관악구 신림동 527-11,"서울특별시 관악구 난곡로66길 14, 3층 (신림동)",8761,라이또PC,126.915238397077,37.4825193028191
서울특별시 관악구 신림동 1639-5 SU모텔,"서울특별시 관악구 관천로 42, SU모텔 1층 (신림동)",8776,제우스PC,126.927261669777,37.4834373351336
서울특별시 관악구 신림동 1650-17,"서울특별시 관악구 조원중앙로 43, 1층 (신림동)",8769,팡PC,126.906776883785,37.4830443443596
서울특별시 관악구 신림동 1424-11,"서울특별시 관악구 신림로 356, 2층 (신림동)",8754,밤샘PC,126.929683383167,37.4861105610582
서울특별시 관악구 신림동 1422-11,"서울특별시 관악구 남부순환로 1631-1, 2층 (신림동)",8754,썬PC,126.932009130194,37.4848212281323
서울특별시 관악구 신림동 1431-19,"서울특별시 관악구 신림로67길 6, 1층 (신림동)",8760,아지트PC,126.928833194073,37.4862570064168
서울특별시 서초구 방배동 898-1,"서울특별시 서초구 서초대로 108, 지하1층 (방배동)",6664,제로백 PC 내방역점,126.994201615542,37.4875261941992
서울특별시 서초구 서초동 1309-8번지,"서울특별시 서초구 강남대로69길 8, 5층 (서초동)",6611,게임이너스 신논현점,127.024653352058,37.5018444583427
서울특별시 서초구 방배동 935-40 극동빌딩,"서울특별시 서초구 방배로 141, 극동빌딩 지하1층 (방배동)",6672,후PC방,126.994140643577,37.4864215552405
서울특별시 서초구 반포동 748-1번지,"서울특별시 서초구 강남대로 483, 지하1층 (반포동)",6541,라인업 PC방,127.023648945463,37.5053254283579
서울특별시 서초구 서초동 1552-7번지 아카디아빌딩,"서울특별시 서초구 반포대로28길 15, 아카디아빌딩 지하1층 (서초동)",6647,3pop pc방(서초역점),127.009272526225,37.4906021033287
서울특별시 서초구 양재동 280-9번지 봉산빌딩,"서울특별시 서초구 동산로19길 50, 봉산빌딩 지하1층 (양재동)",6782,프렌즈PC방,127.045829250229,37.4748631378886
서울특별시 서초구 양재동 275-3번지 트윈타워,"서울특별시 서초구 마방로10길 25, 트윈타워 지하1층 5호 (양재동)",6775,트윈PC방,127.043922527512,37.4766148844181
서울특별시 서초구 잠원동 21-7번지 경승빌딩,"서울특별시 서초구 강남대로 595, 경승빌딩 지하1층 (잠원동)",6526,탑플레이스PC방 신사역점,127.019539877754,37.5148563751516
서울특별시 서초구 서초동 1673-1번지 교대역인앤인오피스,"서울특별시 서초구 서초대로 302, 교대역인앤인오피스 지하1층 (서초동)",6634,크라우드PC방 교대점,127.014695217773,37.4937188583914
서울특별시 서초구 잠원동 76-7번지 상화빌딩,"서울특별시 서초구 반포대로 300-3, 상화빌딩 지하1층층 (잠원동)",6509,제니스 센트럴,127.001236730369,37.5057814452923
서울특별시 서초구 서초동 1302-38,"서울특별시 서초구 사평대로56길 14, 3층 (서초동)",6609,아이센스리그PC방 신논현점,127.02290679626,37.5027263539627
서울특별시 서초구 서초동 1303-16 강남역 IPARK,"서울특별시 서초구 서초대로77길 62, 강남역 IPARK 지하2층 (서초동)",6611,Portal,127.023903040367,37.5027308418076
서울특별시 서초구 서초동 1600-1,"서울특별시 서초구 서초중앙로5길 10-24, 3층 (서초동)",6654,노블존PC방,127.01462673757,37.4864179119086
서울특별시 서초구 방배동 910-5,"서울특별시 서초구 효령로31길 28, 지하1층 (방배동)",6686,블랙몬스터 PC zone,126.996241327651,37.4824598162513
서울특별시 서초구 서초동 1601-1 브이 샤르망,"서울특별시 서초구 효령로55길 28, 브이 샤르망 202,203,204호 (서초동)",6654,레벨업 피시방,127.01447946651,37.4861327609484
서울특별시 서초구 양재동 277,"서울특별시 서초구 논현로17길 3, 2층 (양재동)",6775,골드 PC 게임랜드,127.045493395099,37.4763907495514
서울특별시 서초구 잠원동 22-20 서원빌딩,"서울특별시 서초구 강남대로97길 16, 서원빌딩 지하1층 (잠원동)",6526,마우스헌터 PC방,127.018812332612,37.5148223452221
서울특별시 서초구 서초동 1457-2,"서울특별시 서초구 효령로 276, B02, B03호 (서초동)",6716,맥스피드PC 남부터미널점,127.014453689027,37.484383366249
서울특별시 서초구 반포동 722-31 성창빌딩 B호,"서울특별시 서초구 강남대로 523, 성창빌딩 1층 B호 (반포동)",6536,조커 게임랜드,127.022052779902,37.5087231568081
서울특별시 서초구 양재동 300 명우빌딩,"서울특별시 서초구 동산로19길 35-1, 명우빌딩 104호 (양재동)",6781,잭PC,127.046263193186,37.4740279127572
서울특별시 서초구 반포동 705-6 미성빌딩,"서울특별시 서초구 사평대로55길 139, 미성빌딩 지하1층 (반포동)",6534,3POP PC CAFE,127.019980401098,37.5100088988029
서울특별시 서초구 양재동,"서울특별시 서초구 마방로10길 53, 2층 (양재동)",6775,금강PC,127.045214384379,37.4754634473284
서울특별시 서초구 반포동,"서울특별시 서초구 사평대로55길 140, 2층 (반포동)",6535,플레이PC방,127.020295166733,37.5099911854509
서울특별시 서초구 방배동 911-1 진덕빌딩,"서울특별시 서초구 방배로13길 19, 진덕빌딩 지하1층 (방배동)",6686,옵티멈존PC카페,126.995401139741,37.4827114382902
서울특별시 서초구 반포동 706-3번지 세화빌딩,"서울특별시 서초구 신반포로 334, 지층 (반포동)",6535,탑플레이스PC 반포본점,127.02030809339,37.5105294433427
서울특별시 서초구 양재동 279 덕산빌딩,"서울특별시 서초구 논현로17길 19, 덕산빌딩 지하1층 (양재동)",6775,덤프PC방 양재점,127.044851166001,37.4758748066181
서울특별시 서초구 서초동 1593-7번지 서초이오빌 지하 비 103호,"서울특별시 서초구 효령로53길 45, 지하 비층 103호 (서초동, 서초이오빌)",6652,메이드PC방,127.012932415371,37.4865276721133
서울특별시 서초구 서초동 1589-12번지 오영빌딩,"서울특별시 서초구 반포대로14길 42, 오영빌딩 4층 (서초동)",6653,고릴라 PC방(서초점),127.013451848431,37.4858560926799
서울특별시 서초구 서초동 1671-5번지 201호,"서울특별시 서초구 서초중앙로22길 25, 201호 (서초동, 서초리시온)",6634,초콜릿PC방(교대점),127.015430187136,37.4934680144084
서울특별시 서초구 반포동 738-9번지 지층,"서울특별시 서초구 사평대로57길 45, 지층 (반포동)",6541,고고PC방,127.022516661801,37.5062451254438
서울특별시 서초구 양재동 8-4,"서울특별시 서초구 남부순환로356길 23, 3층 (양재동)",6738,플렉스PC(FLEX PC),127.038148024061,37.483903620675
서울특별시 서초구 양재동 8-59번지 지층,"서울특별시 서초구 남부순환로356길 39  (양재동,지층)",,에스존피씨방,127.038420614459,37.4832213787469
서울특별시 서초구 잠원동 75-10번지,"서울특별시 서초구 신반포로 157, 지하1층 (잠원동)",6512,ZENITH(제니스) PC방,127.001460546765,37.5055133936715
서울특별시 서초구 우면동 7-2,"서울특별시 서초구 바우뫼로6길 16, 지하1층 (우면동)",6763,제로백PC,127.025921741939,37.4696162017367
서울특별시 서초구 양재동 9-12번지 삼중빌딩,"서울특별시 서초구 강남대로30길 35, 삼중빌딩 (양재동)",6742,힘쎈수달 PC방,127.039148625825,37.4823358086155
서울특별시 서초구 반포동 722-3번지,서울특별시 서초구 강남대로 531  (반포동),,로마루 PC방,127.021605856873,37.5093207857364
서울특별시 서초구 잠원동 40-9 세기빌딩,"서울특별시 서초구 신반포로 329, 세기빌딩 2층 (잠원동)",6531,논현바닐라PC,127.019505342,37.5108041146939
서울특별시 서초구 잠원동 76-6번지 덕성빌딩,"서울특별시 서초구 반포대로 300, 지하1층 (잠원동)",6509,스타덤PC 고속터미널본점,127.001104294395,37.5059297520655
서울특별시 서초구 방배동 814-8번지 방배오피스텔,"서울특별시 서초구 동광로 56-1, 방배오피스텔 지하1층 (방배동)",6562,세븐PC방,126.988969504993,37.492036266032
서울특별시 서초구 반포동 52-1 쌍동빌딩,"서울특별시 서초구 고무래로 26, 쌍동빌딩 지하1층 (반포동)",6593,레벨업 PC방,127.011242817338,37.5023470946819
서울특별시 서초구 반포동 725-15번지,서울특별시 서초구 사평대로55길 75-1 (반포동),6540,샤넬노리터PC,127.021331763841,37.5071830213509
서울특별시 서초구 반포동,"서울특별시 서초구 주흥길 64-27, 1층 (반포동)",6537,심봉사가 눈뜨고간 놀토PC방,127.01962930294,37.5090644344911
서울특별시 서초구 서초동 1670-3번지,"서울특별시 서초구 서초대로54길 15, 지하1층 (서초동)",6633,맥스피드 PC방 교대점,127.01612200377,37.4934428740272
서울특별시 서초구 양재동 267-6번지,"서울특별시 서초구 언남11길 34-11, 1층 (양재동)",6776,놀토PC방,127.043453389273,37.475898394772
서울특별시 서초구 서초동 1670-14번지,"서울특별시 서초구 서초중앙로22길 53, 지층 (서초동)",6633,3POP PC방,127.016829031244,37.4936790194885
서울특별시 서초구 양재동,"서울특별시 서초구 남부순환로356길 33, 3층 (양재동, 광성빌딩)",6742,3POP PC방(양재동),127.038220097756,37.483559952717
서울특별시 서초구 양재동 326-10,"서울특별시 서초구 동산로 7, 지하1층 (양재동)",6779,아이언피쉬,127.040533696282,37.4692386239733
서울특별시 서초구 방배동 909-6 방배센트럴빌딩,"서울특별시 서초구 방배로 83, 방배센트럴빌딩 지하1층 (방배동)",6686,주식회사 옵티멈존피씨방방배역점,126.997007580557,37.4818646316946
서울특별시 서초구 양재동 290-0번지 (3층),"서울특별시 서초구 동산로15길 6  (양재동,(3층))",,번개PC방,127.04666870084,37.4727481387274
서울특별시 서초구 반포동 739-3번지 1층,"서울특별시 서초구 사평대로55길 33  (반포동,1층)",,라프시스템,127.022032365057,37.5054527826798
서울특별시 서초구 서초동 1307-7번지 프라자센타 203호,"서울특별시 서초구 강남대로61길 10,  203호 (서초동,프라자센타)",,GO PC 방,127.025484268881,37.4992617284625
서울특별시 서초구 방배동 792-8번지 (2층),"서울특별시 서초구 방배로35길 41  (방배동,(2층))",,제네시스21피시방방배점,126.987303974524,37.4920971870838
서울특별시 강남구 대치동 912-23번지 우진빌딩,"서울특별시 강남구 삼성로 349, 우진빌딩 지하1층 (대치동)",6202,G PC방 대치점,127.058505388195,37.5026839034347
서울특별시 강남구 논현동 234번지 M빌딩 지하1층,"서울특별시 강남구 논현로 612, M빌딩 지하1층 (논현동)",6109,탑플레이스 PC방 (언주역점),127.033735588603,37.5084063077102
서울특별시 강남구 역삼동 825-20 강남역 센트럴 푸르지오 시티,"서울특별시 강남구 테헤란로4길 6, 강남역 센트럴 푸르지오 시티 B2층 (역삼동)",6232,셰프PC방 강남점,127.029286360295,37.4976674173806
서울특별시 강남구 역삼동 735-37,"서울특별시 강남구 테헤란로20길 20, 지하2층 (역삼동)",6235,SOUND PC,127.03451238865,37.498362123762
서울특별시 강남구 역삼동 747-24번지 해은빌딩,"서울특별시 강남구 논현로 405, 해은빌딩 지층 (역삼동)",6247,리얼피시방(Real PC방),127.038722085697,37.4962263345506
서울특별시 강남구 청담동 76-4번지 추탄빌딩,"서울특별시 강남구 삼성로 706, 추탄빌딩 지하1층 (청담동)",6074,ing pc cafe,127.050302008586,37.5193424765552
서울특별시 강남구 논현동 148-9,서울특별시 강남구 학동로20길 40 (논현동),6113,논현24PC방,127.027646765019,37.5109643101244
서울특별시 강남구 역삼동 819번지 지하2층,"서울특별시 강남구 강남대로94길 10, 지하2층 (역삼동)",6134,오즈피씨카페리저브 강남점,127.028227205943,37.4991963225538
서울특별시 강남구 자곡동 635번지 고수일레븐  지하1층,"서울특별시 강남구 자곡로 110, 고수일레븐 지하1층 (자곡동)",6373,OZ ARENA PC CAFE,127.095704619971,37.4720314869522
서울특별시 강남구 논현동 165-8 한맥빌딩 지하2층,"서울특별시 강남구 강남대로 492, 한맥빌딩 지하2층 (논현동)",6119,옵티멈존피씨카페논현점,127.024113155649,37.5062072384237
서울특별시 강남구 논현동 234-24번지 1층,"서울특별시 강남구 봉은사로29길 5, 1층 (논현동)",6109,논현PC,127.034615454935,37.5080107823293
서울특별시 강남구 논현동 242-31번지 영창빌딩  지하1층,"서울특별시 강남구 선릉로 663, 영창빌딩 지하1층 (논현동)",6099,맥스피드PC 강남구청점,127.041486080177,37.5158418999936
서울특별시 강남구 역삼동 681-51 지하1층,"서울특별시 강남구 봉은사로50길 8, 지하1층 (역삼동)",6143,네오PC방 선정릉역점,127.042421178616,37.5092275667302
서울특별시 강남구 삼성동 49-11번지 세창빌딩   지하1층,"서울특별시 강남구 봉은사로 467, 세창빌딩 지하1층 (삼성동)",6096,제로백PC방,127.05063313853,37.5125244408451
서울특별시 강남구 개포동 1259-1번지 유진빌딩   지하1층,"서울특별시 강남구 개포로 237, 유진빌딩 지하1층 (개포동)",6306,NEOX PC방,127.048623118642,37.4790837015379
서울특별시 강남구 대치동 957-13번지 하이글로빌딩   지하1층,"서울특별시 강남구 삼성로 430, 하이글로빌딩 지하1층 (대치동)",6185,3POP PC CAFE,127.057775113361,37.5052878981505
서울특별시 강남구 논현동 143-20 범성빌딩,"서울특별시 강남구 강남대로 522, 범성빌딩 (논현동)",6114,에이스PC,127.022822366763,37.5088399610431
서울특별시 강남구 수서동 725번지 수서타워,"서울특별시 강남구 광평로56길 8-13, 수서타워 지하111~117층 (수서동)",6367,바나나PC,127.103173559444,37.4867575979651
서울특별시 강남구 논현동 228-6번지 성우빌딩,"서울특별시 강남구 봉은사로29길 21, 성우빌딩 1층 201호 (논현동)",6108,헌터피씨방 언주역점,127.034008002419,37.5087955537566
서울특별시 강남구 대치동 605번지 대치 프라자,"서울특별시 강남구 남부순환로 2935, 대치 프라자 B1호 (대치동)",6280,제너스 PC 대치점,127.061334443036,37.4939940652114
서울특별시 강남구 신사동 610-5 구정빌딩,"서울특별시 강남구 논현로 868, 구정빌딩 지하1층 (신사동)",6022,단골PC cafe,127.028885110878,37.5260853713573
서울특별시 강남구 신사동 664,"서울특별시 강남구 압구정로 344, 지하1층 (신사동)",6018,OX PC 압구정로데오역점,127.039850205178,37.5277013711974
서울특별시 강남구 논현동 200 제우빌딩,"서울특별시 강남구 강남대로 478, 제우빌딩 지하 1층 (논현동)",6120,옵티멈존피씨카페 신논현역점,127.024669466556,37.5051062753525
서울특별시 강남구 대치동 890-43,"서울특별시 강남구 테헤란로70길 14-12, 지하1층 (대치동)",6193,선릉PC,127.052792649128,37.5042343418543
서울특별시 강남구 역삼동 723-7번지 CNY빌딩 지하1층,서울특별시 강남구 언주로85길 23-6 (역삼동),6222,피크PC방 역삼,127.041365611314,37.5004640425171
서울특별시 강남구 논현동 149-6 지하1층,서울특별시 강남구 학동로20길 39 (논현동),6115,친친 피씨(PC)방,127.027854694435,37.51076838291
"서울특별시 강남구 세곡동 581번지 304, 305호 ","서울특별시 강남구 헌릉로 569, 304,305호 (세곡동)",6376,NB PC CAFE,,
서울특별시 강남구 대치동 906-22 지하1층,"서울특별시 강남구 역삼로 419, 지하1층 (대치동)",6197,엔탑pc,127.05285965095,37.5014163267969
서울특별시 강남구 신사동 576-7,"서울특별시 강남구 압구정로28길 28, 지하 1층 (신사동)",6030,인디고PC 압구정점,127.027513165818,37.5247718575064
서울특별시 강남구 역삼동 756-18,"서울특별시 강남구 선릉로 313, 3층 301~302호 (역삼동, 삼미빌딩)",6218,F3PC방,127.051936356113,37.4976408900635
서울특별시 강남구 대치동 941-26번지 지하1층,"서울특별시 강남구 도곡로 445 (대치동, 현민빌딩)",6209,파빌리온PC카페,127.059038034124,37.4986301029887
서울특별시 강남구 신사동 512-9,"서울특별시 강남구 압구정로2길 60, 지하1층 (신사동, MG타워)",6035,IRIS PC POP 신사점,127.0213097141,37.5179415559451
서울특별시 강남구 대치동 991-1 남평빌딩,"서울특별시 강남구 도곡로 526, 남평빌딩 지하 1층 (대치동)",6282,레벨업PC 대치점,127.063898080574,37.4995548896881
서울특별시 강남구 도곡동 411-17번지 지하1층,서울특별시 강남구 남부순환로 2732 (도곡동),6296,GEEKSTAR PC CAFE,127.044864329262,37.4857901351878
서울특별시 강남구 역삼동 751-7 녹동빌딩,"서울특별시 강남구 역삼로 149, 녹동빌딩 지하1층 (역삼동)",6244,강남탑PC방,127.035461246887,37.4948954901706
서울특별시 강남구 대치동 994-8번지,"서울특별시 강남구 영동대로 221, 지층 2호 (대치동)",6283,더나인PC방,127.068117178661,37.4986572925855
서울특별시 강남구 삼성동 157-19,"서울특별시 강남구 삼성로92길 13, 비1층 (삼성동)",6168,주식회사 리그넷,127.057579050714,37.5080017308129
서울특별시 강남구 도곡동 957-14 하늘빌딩,"서울특별시 강남구 남부순환로 2609, 하늘빌딩 지하 1층 (도곡동)",6267,게임이너스 양재점,127.035096207425,37.4849629812617
서울특별시 강남구 신사동 513-4 지하1층,서울특별시 강남구 도산대로 113 (신사동),6035,오즈 쓰리팝 PC방,127.020850541799,37.5170146855589
서울특별시 강남구 일원동 731 한솔상가  지하1층,"서울특별시 강남구 광평로10길 6, 지하1층 (일원동, 한솔마을아파트)",6359,웨이브피씨방(WAVE PC),127.076520309277,37.4826291743574
서울특별시 강남구 개포동 12-4번지 석탑프라자 지하101호,"서울특별시 강남구 개포로 615 (개포동, 석탑프라자)",6335,유니넷PC방,127.07558248914,37.4926580850327
서울특별시 강남구 일원동 645-4번지,"서울특별시 강남구 일원로9길 58, 지층 (일원동)",6342,PC베네일원점,127.086198098506,37.4906125582372
서울특별시 강남구 역삼동 776-19번지,"서울특별시 강남구 논현로 328, 지하1층 (역삼동)",6227,탑 플레이스 pc방,127.04021882471,37.4946760127449
서울특별시 강남구 대치동 906-23 지하1층,서울특별시 강남구 역삼로 417 (대치동),6197,제로100PC대치점,127.052694154026,37.5013541412334
서울특별시 강남구 일원동 666-1번지,"서울특별시 강남구 일원로9길 24, 지하1층 (일원동)",6343,덤프PC방,127.083536271134,37.4897718482458
서울특별시 강남구 삼성동 120-18 정화빌딩,"서울특별시 강남구 삼성로 549, 정화빌딩 지하1층 (삼성동)",6155,미슐랭PC,127.054270559443,37.5106008934452
서울특별시 강남구 논현동 127-14번지 논현2호주차장  지하1층,"서울특별시 강남구 학동로20길 13, 논현2호주차장 지하1 층 (논현동)",6112,3POP PC cafe,127.028563172387,37.5122073879479
서울특별시 강남구 일원동 687번지 소림빌딩,"서울특별시 강남구 일원로 53, 소림빌딩 지하1층 (일원동)",6343,독스 PC방 일원점,127.081809638604,37.4892626357407
서울특별시 강남구 역삼동 818-12번지,"서울특별시 강남구 강남대로94길 13, 지하1층층 (역삼동)",6129,THE MAZE VR,127.028419603321,37.4995844298918
서울특별시 강남구 역삼동 672-37번지 2층,서울특별시 강남구 언주로93길 30 (역삼동),6139,피씨앤쿡 PC방,127.039576076366,37.5034754564683
서울특별시 강남구 논현동 143-16번지,"서울특별시 강남구 강남대로124길 3-6, 지하1층 (논현동, 호은빌딩)",6114,엔탑PC방,127.023046835449,37.5090755301994
서울특별시 강남구 삼성동 106-6 지하1층,서울특별시 강남구 영동대로112길 5 (삼성동),6082,3 POP PC CAFE (쓰리팝 PC CAFE),127.060674563027,37.515168030351
서울특별시 강남구 신사동 660-5 효정빌딩,"서울특별시 강남구 압구정로 328, 효정빌딩 지하1층 (신사동)",6018,포텐(4TEN) PC,127.037467975824,37.5283378978473
서울특별시 강남구 논현동 242-29 라이즈스퀘어,"서울특별시 강남구 선릉로 667, 라이즈스퀘어 지하1층  호 (논현동)",6099,픽(PICK) PC방,127.04132524415,37.5162728163012
서울특별시 강남구 역삼동 827-5번지 정우씨티,"서울특별시 강남구 테헤란로4길 29, 정우씨티 지하2층 (역삼동)",6240,3POP PC방,127.030533475533,37.4965606656082
서울특별시 강남구 개포동 160 지하1층,"서울특별시 강남구 선릉로8길 20, 지하1층 (개포동)",6325,제로백PC,127.06221238153,37.4833363967378
서울특별시 강남구 청담동 124-7번지 청담빌딩 지하1층,"서울특별시 강남구 도산대로 515, 지하1층 (청담동, 청담빌딩)",6012,샹떼PC방,,
서울특별시 강남구 신사동 610번지,서울특별시 강남구 압구정로30길 12 (신사동),6022,오즈쓰리팝 PC방,127.029081289706,37.5267021492241
서울특별시 강남구 역삼동 697-11,"서울특별시 강남구 선릉로93길 18, 지하1층 (역삼동)",6148,긱스타 피시 카페,127.046910806699,37.5052246863106
서울특별시 강남구 대치동 889-68번지 현대선릉 GOLD TOWER,"서울특별시 강남구 선릉로86길 15, 현대선릉 GOLD TOWER 지하1층 (대치동)",6192,쓰리팝피씨카페,127.05083685187,37.5035255678446
서울특별시 강남구 신사동 581-15 한승빌딩,"서울특별시 강남구 논현로 867, 한승빌딩 지하1층 (신사동)",6030,콤마PC카페 압구정역점,127.028189969547,37.5261817663485
서울특별시 강남구 개포동 1258-6번지 지하1층,서울특별시 강남구 개포로 233 (개포동),6306,스타일 PC방,127.048118503982,37.4790268742332
서울특별시 강남구 논현동 95번지 지하1층,"서울특별시 강남구 도산대로50길 9, 지하1층 (논현동)",6055,맥스피드PC방,127.037636286238,37.521746562403
서울특별시 강남구 역삼동 798-29,"서울특별시 강남구 논현로63길 19, 지상2층 (역삼동)",6257,제로백PC 역삼점,127.039290058825,37.4924661549789
서울특별시 강남구 대치동 1021-2번지 지하1층,"서울특별시 강남구 도곡로 448 (대치동, 동서빌딩)",6279,반트PC,127.059547645759,37.498109786403
서울특별시 강남구 대치동 507-1,"서울특별시 강남구 남부순환로 2942, 지층 (대치동, 풍림프라자)",6291,풀타임 pc방,127.062321346803,37.4936457600425
서울특별시 강남구 일원동 666-8번지 지하1층,서울특별시 강남구 일원로9길 40 (일원동),6343,덤프PC방,127.084869861401,37.4901658994189
서울특별시 강남구 개포동 1258-1번지 우덕빌딩지하1층,서울특별시 강남구 개포로 223 (개포동),6306,매직엔PC방,127.047255591553,37.4789414464188
서울특별시 강남구 일원동 666-4번지,"서울특별시 강남구 일원로9길 30, 지하1층 (일원동)",6343,이스포츠PC방  강남일원점(E-SPORTS PC),127.084104094843,37.4899425466984
서울특별시 강남구 신사동 660-8번지,"서울특별시 강남구 압구정로 334, 지하1층 (신사동)",6018,피크 PC방,127.038060817396,37.5281701219536
서울특별시 강남구 청담동 129-3,"서울특별시 강남구 도산대로 549, 지층 (청담동)",6013,스콜피언,127.05394252645,37.5256493296837
서울특별시 강남구 역삼동 796-29 강남서해그랑블,"서울특별시 강남구 논현로63길 16, 109호 (역삼동, 강남서해그랑블)",6257,아우디PC방24,127.039114558338,37.4928940114283
서울특별시 강남구 삼성동 49-11번지 3층,"서울특별시 강남구 봉은사로 467  (삼성동,3층)",,사이버리아멀티PC방,127.05063313853,37.5125244408451
서울특별시 강남구 대치동 889-71번지,서울특별시 강남구 테헤란로64길 20  (대치동),,사이버리아 선릉점,127.051264642306,37.5036212499537
서울특별시 강남구 포이동 190-0번지,,,겜매니아,,
서울특별시 송파구 문정동 60번지,서울특별시 송파구 새말로5길 28  (문정동),,프리존,127.123828547161,37.4851127877889
서울특별시 관악구 신림동 1432-1 영지오피스텔 201호,"서울특별시 관악구 신림동길 7-1, 영지오피스텔 2층 201호 (신림동)",8760,초콜릿PC,126.927813421746,37.4872013649081
서울특별시 송파구 가락동 71-3,"서울특별시 송파구 중대로9길 54, 201호 (가락동)",5713,메가PC,127.119633600715,37.4973508922167
서울특별시 송파구 방이동 34-2 현대드림밸리,"서울특별시 송파구 오금로11길 11-8, 현대드림밸리 203, 204호 (방이동)",5542,X PC Cafe,127.108747772156,37.5149817338907
서울특별시 송파구 방이동 110-2 영빌딩,"서울특별시 송파구 백제고분로 454, 영빌딩 2층 (방이동)",5641,에코스PC방,127.112989070614,37.5110346904453
서울특별시 송파구 가락동 175-28,"서울특별시 송파구 동남로20길 31, 1층 102호 (가락동)",5770,골드PC,127.135144578111,37.4952449134611
서울특별시 송파구 문정동 652 송파법조타운푸르지오,"서울특별시 송파구 법원로4길 5, 송파법조타운푸르지오 제지1층 제비138,139,140,141,142호 (문정동)",5855,리얼PC방,,
서울특별시 송파구 가락동 87-1번지 MOXENHOUSE 지하1층,"서울특별시 송파구 중대로9길 48, MOXENHOUSE 지하1층 (가락동)",5712,크로스PC,127.119162146982,37.4970662002956
서울특별시 송파구 가락동 89-2,"서울특별시 송파구 중대로9길 43, 2층 (가락동)",5711,황금성PC방,127.118471249154,37.4969561615283
서울특별시 송파구 가락동 189-23,"서울특별시 송파구 동남로18길 41, 102호 (가락동)",5782,대박PC,127.134412295922,37.4931214461811
서울특별시 송파구 잠실동 189-4 성경빌딩,"서울특별시 송파구 백제고분로7길 28-17, 성경빌딩 지층 (잠실동)",5560,황금PC,127.08235996733,37.5099590806724
서울특별시 송파구 가락동 82-6 다보빌딩,"서울특별시 송파구 중대로9길 30, 다보빌딩 101호 (가락동)",5712,PC고래,127.118793108964,37.4958265171815
서울특별시 송파구 마천동 33 대산빌딩,"서울특별시 송파구 마천로 251, 대산빌딩 2층 (마천동)",5734,인디고PC방 마천점,127.145366951043,37.4990130371988
서울특별시 송파구 가락동 17-3,"서울특별시 송파구 오금로36길 27, 1층 (가락동)",5703,물라PC,127.124305426735,37.5012608483399
서울특별시 송파구 가락동 78 아이티벤처타워 105호,"서울특별시 송파구 중대로 135, 아이티벤처타워 지층 105호 (가락동)",5717,도그PC,127.122426977874,37.4950959654807
서울특별시 송파구 가락동 77-7 송파 N-Suite,"서울특별시 송파구 송파대로28길 35, 2층 206호 (가락동, 송파 N-Suite)",5717,황금바다PC,127.121466959558,37.4954056412176
서울특별시 송파구 가락동 98-2 훼밀리오피스텔,"서울특별시 송파구 송파대로30길 8, 훼밀리오피스텔 1층 7호 (가락동)",5719,경희 게임랜드,127.118405222237,37.4942436581716
서울특별시 송파구 문정동 652 송파법조타운푸르지오,"서울특별시 송파구 법원로4길 5, 송파법조타운푸르지오 지1층 B115호 (문정동)",5855,퍼플인PC방,127.121873324034,37.482913928496
서울특별시 송파구 가락동 87번지 유일빌딩,"서울특별시 송파구 중대로9길 50, 유일빌딩 B02호 (가락동)",5712,고고PC,127.119387448007,37.497159497251
서울특별시 송파구 장지동 841-4 대진플라자2,"서울특별시 송파구 충민로2길 28, 대진플라자2 지층 B01호 (장지동)",5816,이로운PC,,
서울특별시 송파구 잠실동 189-9 남광빌딩,"서울특별시 송파구 백제고분로7길 32-10, 남광빌딩 2층 (잠실동)",5560,골드9 pc,127.082479429053,37.5102885847034
서울특별시 송파구 마천동 202-9 구본빌딩,"서울특별시 송파구 성내천로 261, 구본빌딩 지층 (마천동)",5749,모아 PC,127.154353660275,37.4972270164146
서울특별시 송파구 방이동 111-14 2층,"서울특별시 송파구 백제고분로48길 8 (방이동,2층)",,쿨라인,127.114054055606,37.5114655181139
서울특별시 송파구 가락동 189-30번지 2층,"서울특별시 송파구 동남로18길 31  (가락동,2층)",,뉴,127.133553323084,37.4938068248688
서울특별시 송파구 송파동 84-6 지층,"서울특별시 송파구 백제고분로 378 (송파동,지층)",,메가웹스테이션,127.108244727875,37.5054023594673
서울특별시 송파구 신천동 11-4번지 잠실 푸르지오 월드마크,"서울특별시 송파구 올림픽로35가길 9, B06~B11호 (신천동, 잠실 푸르지오 월드마크)",5510,RUN 2 PC CAFE,127.103444795508,37.5174846188512
서울특별시 송파구 잠실동 175-2번지 위너스오피스텔1,"서울특별시 송파구 백제고분로 63, 위너스오피스텔1 지하101호 (잠실동)",5556,아이리스PC 잠실점,127.07891303376,37.5110739938422
서울특별시 송파구 석촌동 174-10 청솔학원,"서울특별시 송파구 송파대로 437, 지하1층 (석촌동)",5616,탑스타PC방 석촌역점,127.106325433287,37.505623046794
서울특별시 송파구 방이동 109 욱일빌딩,"서울특별시 송파구 오금로15길 2, 욱일빌딩 2층 (방이동)",5549,복PC,127.109206950727,37.5119928613791
서울특별시 송파구 가락동 88 보광빌라,"서울특별시 송파구 중대로9길 29, 보광빌라 103호 (가락동)",5711,단골PC,127.118513633851,37.4957256148739
서울특별시 송파구 가락동 96-12,"서울특별시 송파구 송파대로 286, 2층 201호 (가락동)",5711,마카오PC,127.117167801024,37.4949097445699
서울특별시 송파구 가락동 87-2,"서울특별시 송파구 중대로9길 46, 2층 201호 (가락동)",5712,쎄븐 PC,127.118999690366,37.4970243771691
서울특별시 송파구 가락동 96-4,"서울특별시 송파구 송파대로32길 4, 1층 (가락동)",5711,판도라PC,127.117235587428,37.4951589857894
서울특별시 송파구 가락동 86-2,"서울특별시 송파구 양재대로62길 36-1, 1층 (가락동)",5712,스타PC,127.119706367824,37.4966756946576
서울특별시 송파구 가락동 75-13,"서울특별시 송파구 양재대로62길 37-1, 2층 (가락동)",5713,퍼펙트PC,127.120215208735,37.496651030994
서울특별시 송파구 잠실동 193-7,서울특별시 송파구 백제고분로7길 16 (잠실동),5561,로또PC,127.080562243241,37.5104486647966
서울특별시 송파구 삼전동 28-8,"서울특별시 송파구 백제고분로 198, 지층 B01호 (삼전동)",5581,제로백PC 삼전역점,127.088561618297,37.5039376838599
서울특별시 송파구 가락동 79-5 밀리아나2차오피스텔,"서울특별시 송파구 송파대로28길 24, 밀리아나2차오피스텔 1층 일부105호 (가락동)",5718,썬PC,127.120544891541,37.4942847426139
서울특별시 송파구 가락동 83-9,"서울특별시 송파구 중대로9길 40, 2층 (가락동)",5712,역전PC,127.118608589528,37.4964905639557
서울특별시 송파구 잠실동 190-6 향원빌딩,"서울특별시 송파구 백제고분로9길 27, 향원빌딩 2층 (잠실동)",5560,ZOO PC방,127.082114763805,37.5097592284137
서울특별시 송파구 삼전동 30-13 지층,"서울특별시 송파구 삼전로6길 15 (삼전동,지층)",,뮤토PC,127.088889014623,37.5028755130831
서울특별시 송파구 잠실동 205 3층,"서울특별시 송파구 올림픽로12길 21, 3층 (잠실동)",5559,스토지안PC카페,127.083323705114,37.5097316219785
서울특별시 송파구 마천동 43번지 1층,"서울특별시 송파구 거마로 76  (마천동,1층)",,왕pc방,127.147507318502,37.4994476419741
서울특별시 송파구 오금동 18-21번지,"서울특별시 송파구 마천로7가길 5, 지하1층 (오금동)",5657,힘쎈수달PC방,127.127673994251,37.5089132733626
서울특별시 송파구 마천동 24-1번지 2층,"서울특별시 송파구 성내천로21길 12  (마천동,2층)",,호박,127.144743251824,37.5004094604254
서울특별시 송파구 송파동 39-19,"서울특별시 송파구 백제고분로45길 23-5, 1층 (송파동)",5622,대박PC,127.108680651225,37.5098800418418
서울특별시 송파구 가락동 191-7번지,"서울특별시 송파구 오금로46길 30, 2층 (가락동, 경원빌딩)",5783,라이온PC,127.134222861335,37.4951283829592
서울특별시 송파구 송파동 150-1번지,"서울특별시 송파구 가락로28길 5, 지하1층 (송파동)",5671,샤먼PC CAFE,127.116639701972,37.5066105446509
서울특별시 송파구 문정동 137번지 2층,"서울특별시 송파구 송이로31길 26, 2층 (문정동)",5793,힘쎈수달PC방,,
서울특별시 송파구 가락동 35-5번지 1층,"서울특별시 송파구 송이로19길 42-3, 1층 (가락동)",5704,놀토PC방,127.124978586801,37.4997919496411
서울특별시 송파구 삼전동 31-9,"서울특별시 송파구 삼전로6길 8, 103호 (삼전동)",5593,달려라PC방,127.087944955678,37.5029173956341
서울특별시 송파구 잠실동 184-4 지층,"서울특별시 송파구 올림픽로 120 (잠실동,지층)",,짱빨라PC방,127.084072505762,37.5113900204382
서울특별시 송파구 문정동 136-26번지 2층,"서울특별시 송파구 송이로31길 24 (문정동,2층)",,ON PC ZONE,,
서울특별시 송파구 삼전동 122-5 201호,"서울특별시 송파구 백제고분로31길 14, 201호 (삼전동)",,라온PC클럽,127.095613956636,37.5037923501544
서울특별시 송파구 송파동 9-9 2층,"서울특별시 송파구 백제고분로41길 39 (송파동,2층)",,엣지,127.105894953242,37.5089654397773
서울특별시 송파구 삼전동 179-5 지층,"서울특별시 송파구 백제고분로32길 7, 지층 (삼전동)",5585,엔트,127.095259078048,37.5016673453649
서울특별시 송파구 문정동 29-3번지 2층,"서울특별시 송파구 동남로6길 6, 2층 (문정동)",5804,JMT PC,127.124137336585,37.4896246192276
서울특별시 송파구 마천동 129-13번지 202호,"서울특별시 송파구 거마로20길 23, 202호 (마천동)",5756,망고톡PC방,127.148999750435,37.4973420111008
서울특별시 송파구 가락동 7-8 2층,"서울특별시 송파구 오금로36길 16 (가락동,2층)",,크리스탈,127.124853987288,37.5023198520593
서울특별시 송파구 마천동 308-31번지 2층,"서울특별시 송파구 마천로 349  (마천동,2층)",,디프,127.153106464318,37.4928064116194
서울특별시 송파구 송파동 25 덕성빌딩,"서울특별시 송파구 백제고분로41길 24, 지층 (송파동)",5622,오케이PC방,127.107271771624,37.5080270627702
서울특별시 송파구 마천동 128-5번지,"서울특별시 송파구 마천로41길 22, 지층 (마천동)",5757,비타민PC방,127.14994730411,37.4968946341351
서울특별시 송파구 풍납동 259-8,"서울특별시 송파구 토성로 26, 지하1층 (풍납동)",5536,스카이캐슬,127.113171175011,37.5304350820703
서울특별시 송파구 삼전동 2-4 1층,"서울특별시 송파구 삼전로12길 7, 1층 (삼전동)",5599,삼전PC,127.091039605159,37.5065050159512
서울특별시 송파구 삼전동 91-9 2층,"서울특별시 송파구 백제고분로27길 33, 2층 (삼전동, 암태빌딩)",5600,아이비스PC,127.093613765382,37.5060665572441
서울특별시 송파구 방이동 173-10 지층,"서울특별시 송파구 백제고분로50길 27, 지층 (방이동, 경일빌딩)",5628,와드PC,127.117760154013,37.5135781589756
서울특별시 송파구 마천동 308-31,"서울특별시 송파구 마천로 349, 1층 101호 (마천동)",5763,올스타,127.153106464318,37.4928064116194
서울특별시 송파구 가락동 75-16,서울특별시 송파구 양재대로62길 41-1 (가락동),5713,에이스PC,127.120481874877,37.4963774841726
서울특별시 송파구 가락동 181-14 일정빌딩,"서울특별시 송파구 오금로46길 25, 일정빌딩 지층 (가락동)",5782,시즌PC,127.13480194333,37.4951846672063
서울특별시 송파구 가락동 180-9 지층,"서울특별시 송파구 문정로 143, 지층 (가락동)",5782,셀프넷PC방,127.135605953678,37.4924927112115
서울특별시 송파구 문정동 51번지 지층,"서울특별시 송파구 동남로2길 33, 지층 (문정동)",5806,아이비스,127.123627376911,37.4864706369344
서울특별시 송파구 석촌동 212-4 2층,"서울특별시 송파구 삼학사로12길 14 (석촌동,2층)",,로하스,127.09859524555,37.5015438732762
서울특별시 송파구 가락동 19-3번지 지층,"서울특별시 송파구 오금로36길 22  (가락동,지층)",,사이버파크,127.124420535865,37.5018634096248
서울특별시 송파구 거여동 35-7번지 1층,"서울특별시 송파구 오금로 529  (거여동,1층)",,뉴스피드존,,
서울특별시 송파구 풍납동 87-7 지층,"서울특별시 송파구 바람드리길 21 (풍납동,지층)",,작지만 큰 PC방,127.118223831326,37.5379766411933
서울특별시 송파구 가락동 174번지 지층,"서울특별시 송파구 동남로20길 21  (가락동,지층)",,AGAIN,127.134593251787,37.4957212741239
서울특별시 송파구 문정동 150-35번지,"서울특별시 송파구 송파대로27길 30, 지층 (문정동)",5833,힘쎈수달PC방,127.11577628751,37.4909273152145
서울특별시 송파구 가락동 96-8번지,"서울특별시 송파구 송파대로32길 6-7, 1층 (가락동)",5711,메이드PC,127.117695691666,37.4950694187729
서울특별시 송파구 송파동 149,"서울특별시 송파구 가락로28길 9, 지1층 (송파동, 명동빌딩)",5671,핫플PC방,127.116954142891,37.5061910863799
서울특별시 송파구 장지동 880-1 성희프라자,"서울특별시 송파구 위례광장로 199, 성희프라자 4층 407,408,409호 (장지동)",5849,topstar PC 위례점,127.142760998646,37.4816895827721
서울특별시 송파구 송파동 161 미성상가,"서울특별시 송파구 오금로24길 13, 미성상가 1층 6호 (송파동)",5672,올스타PC방,127.11796886887,37.5056896593404
서울특별시 송파구 마천동 144-11번지 지층,"서울특별시 송파구 성내천로32길 20-3, 지층 (마천동)",5751,그린PC,127.151252266338,37.4979977837515
서울특별시 송파구 가락동 82-3번지 301호,"서울특별시 송파구 중대로9길 24, 301호 (가락동)",5712,투카PC방,127.119140285549,37.4952639396378
서울특별시 송파구 오금동 72-6 지층,"서울특별시 송파구 마천로 144 (오금동,지층)",,버팔로PC방,127.135301130663,37.504358765295
서울특별시 송파구 문정동 644 문정현대지식산업센터1-1,"서울특별시 송파구 법원로11길 11, 문정현대지식산업센터1-1 A동 1층 117호 (문정동)",5836,문정PC,127.118322322397,37.4846302643031
서울특별시 송파구 송파동 96-2,"서울특별시 송파구 송파대로 396, 지하1층 (송파동)",5668,Play# PC,127.109801165729,37.5028451320194
서울특별시 송파구 오금동 19-2,"서울특별시 송파구 마천로7길 5, 지층 (오금동)",5657,NU PC,127.127752514132,37.5085969359927
서울특별시 송파구 마천동 128-61번지,서울특별시 송파구 마천로41길 20 (마천동),5756,제노 PC cafe,127.149631601697,37.4969665742871
서울특별시 송파구 삼전동 8-15,"서울특별시 송파구 백제고분로21길 5, 2층 (삼전동)",5606,힘쎈수달,127.089690068942,37.5044911308581
서울특별시 송파구 가락동 188-15 시온빌딩,"서울특별시 송파구 오금로46길 29, 시온빌딩 2층 (가락동)",5782,샤먼 PC cafe,127.134432593103,37.4949192011388
서울특별시 송파구 마천동 307-41번지 2층,"서울특별시 송파구 마천로 335 (마천동,2층)",,상상PC방,127.152163901234,37.493672415267
서울특별시 송파구 잠실동 247-10 2층,"서울특별시 송파구 백제고분로19길 14 (잠실동,2층)",,샹떼 PC방,127.087118886126,37.5060052118567
서울특별시 송파구 삼전동 22-5 지층,"서울특별시 송파구 석촌호수로 144 (삼전동,지층)",,피크PC방 삼전,127.092992583428,37.5069430948791
서울특별시 송파구 거여동 235번지 2층,"서울특별시 송파구 거마로8길 25, 2층층 (거여동)",5768,페이지PC방,,
서울특별시 송파구 가락동 197-17번지 2층,"서울특별시 송파구 동남로18길 34 (가락동,2층)",,올래PC방,127.133510399257,37.49345187684
서울특별시 송파구 가락동 30-2 2층,"서울특별시 송파구 오금로36길 39 (가락동,2층)",,위즈PC존,127.123654767631,37.5004112523716
서울특별시 송파구 방이동 114-13 강호빌딩 102호,"서울특별시 송파구 오금로19길 6, 강호빌딩 102호 (방이동)",5641,대박PC방,127.113586150261,37.5102083475935
서울특별시 송파구 거여동 21-4번지 2층,"서울특별시 송파구 오금로 485  (거여동,2층)",,아이팝,127.143012725972,37.4939943343576
서울특별시 송파구 삼전동 9-19 지하1층,"서울특별시 송파구 백제고분로 207, 지하1층 (삼전동)",5605,엔플PC방,127.089795706905,37.5041183948621
서울특별시 송파구 잠실동 177-3,"서울특별시 송파구 백제고분로7길 9, 지하1층층 (잠실동)",5556,딘PC방,127.079865189251,37.5105682509183
서울특별시 송파구 문정동 51-1,"서울특별시 송파구 문정로 9, 지층 (문정동)",5806,비원PC,127.123810718767,37.4863680003765
서울특별시 송파구 삼전동 6-9,서울특별시 송파구 삼전로8길 9 (삼전동),,로하스PC방(잠실정),127.090069671623,37.5051928150991
서울특별시 송파구 가락동 189-29 2층,"서울특별시 송파구 동남로18길 31-1 (가락동,2층)",,아이비스PC방 가락동점,127.133689818035,37.4936839534089
서울특별시 송파구 가락동 87-3 지층,"서울특별시 송파구 중대로9길 44, 지층 (가락동)",5712,이스포츠센터PC,127.118883305945,37.4968691608981
서울특별시 송파구 방이동 105-7 지하,"서울특별시 송파구 오금로17길 6 (방이동,지하)",,월드PC방,127.11162553962,37.5112386226643
서울특별시 송파구 문정동 138-19번지 1층,"서울특별시 송파구 송이로31길 32-6, 1층 (문정동)",5793,뉴월드PC,,
서울특별시 송파구 문정동 111-7 금성빌딩,"서울특별시 송파구 새말로 183, 금성빌딩 (문정동)",5800,PDS PC,127.132518991882,37.4864537001564
서울특별시 송파구 송파동 143-6 1층,"서울특별시 송파구 백제고분로46길 43, 1층 (송파동)",5663,봉봉PC게임,127.115624287487,37.5068260721295
서울특별시 송파구 풍납동 78-83,"서울특별시 송파구 바람드리길 41, 지층 (풍납동)",5512,제노PC카페,127.120450241299,37.5374958702838
서울특별시 송파구 삼전동 179 2층 201호,서울특별시 송파구 백제고분로32길 5 (삼전동),5585,아이닉스,127.095268788644,37.5018333027531
서울특별시 송파구 문정동 41-4번지 2층,"서울특별시 송파구 동남로4길 12  (문정동,2층)",,이네이처,127.124095513204,37.4889495384625
서울특별시 송파구 삼전동 31-14 2층,"서울특별시 송파구 삼전로6길 16 (삼전동,2층)",,마우스2,127.088811432301,37.502684648388
서울특별시 송파구 가락동 46-14번지 지하1층,"서울특별시 송파구 오금로36길 60 (가락동,지하1층)",,TEMA PC방,127.122055977325,37.4990699661926
서울특별시 송파구 잠실동 246 지층,"서울특별시 송파구 삼전로9길 19, 지층 (잠실동)",5567,망고피시방,127.087343203156,37.5065269983435
서울특별시 송파구 가락동 99-1,"서울특별시 송파구 송파대로28길 12, 2층 (가락동, 밀리아나1차오피스텔)",5719,룰루PC Zone,127.119449271668,37.4937301146394
서울특별시 송파구 송파동 122-3 2층,"서울특별시 송파구 가락로 173-1, 2층 (송파동)",5664,몽키타운,127.114207097572,37.5043441013731
서울특별시 송파구 거여동 5,"서울특별시 송파구 성내천로 124, 2층 (거여동)",5736,이스포츠카페PC,127.142029936425,37.4990660209644
서울특별시 송파구 문정동 72-1,"서울특별시 송파구 새말로 100, 2층 (문정동)",5817,가자PC방,127.125045476866,37.4825278655442
서울특별시 송파구 마천동 329-39번지,"서울특별시 송파구 성내천로 332, 1층 101호 (마천동)",5763,산성바닐라PC방,127.156869077528,37.4913085978676
서울특별시 송파구 마천동 115-20,"서울특별시 송파구 마천로 277, 1층 (마천동)",5755,물라PC,127.147534389311,37.4974574670409
서울특별시 송파구 가락동 91-4,"서울특별시 송파구 중대로9길 47, 101호 (가락동)",5711,뉴가락PC,127.118977113347,37.4973347063923
서울특별시 송파구 잠실동 299-10,서울특별시 송파구 도곡로64길 24 (잠실동),,웹씨티,127.080450404481,37.5046731204516
서울특별시 송파구 송파동 51-7,"서울특별시 송파구 백제고분로45길 14, 지하1층 (송파동)",5619,LEO PC방,127.11000582851,37.5096796932223
서울특별시 송파구 마천동 308-31번지 2층,"서울특별시 송파구 마천로 349  (마천동,2층)",,디프,127.153106464318,37.4928064116194
서울특별시 송파구 거여동 21번지 지층,"서울특별시 송파구 오금로 477 (거여동,지층)",,유니넷 PC방 거여동점,127.142349617166,37.4943492306914
서울특별시 송파구 삼전동 22-2,서울특별시 송파구 석촌호수로 140 (삼전동),5600,리얼큐브,127.092502611525,37.5070165510727
서울특별시 송파구 석촌동 184-7번지 레이크빌 지하1층,"서울특별시 송파구 송파대로 453, 지하1층 (석촌동, 레이크빌 빌딩)",5609,라인업PC방,127.105303053837,37.5067695000894
"서울특별시 송파구 신천동 7-19 시그마타워 B101-3,4호 ","서울특별시 송파구 올림픽로 289 (신천동,시그마타워 B101-3,4호)",,젤존,127.102522142353,37.5146152773177
서울특별시 송파구 거여동 133-77,"서울특별시 송파구 마천로 264, 지층 (거여동)",5735,Raid PC,127.146149512256,37.4980805219712
서울특별시 송파구 가락동 84-3번지,"서울특별시 송파구 중대로9길 42-25, 1층 (가락동)",5712,PC게임,127.119610157667,37.4959821975548
서울특별시 송파구 마천동 125-23 지층,"서울특별시 송파구 거마로20길 18 (마천동,지층)",,스피드,127.148371257876,37.4974748895631
서울특별시 송파구 잠실동 209-9,"서울특별시 송파구 석촌호수로 94, 지층 (잠실동, 서원빌딩)",5564,조이PC방,127.087510540145,37.5081311134172
서울특별시 송파구 방이동 89-11번지,"서울특별시 송파구 양재대로 1222, 지층 (방이동)",5648,스카이넷PC방,127.131063164753,37.5157276361757
서울특별시 송파구 마천동 129-1번지,"서울특별시 송파구 마천로41길 15, 지하1층 (마천동)",5756,으리PC방,127.149373752739,37.4972995519266
서울특별시 송파구 방이동 154-2,"서울특별시 송파구 백제고분로50길 16, 2층 (방이동)",5630,캐리피씨,127.11656482329,37.5137340469481
서울특별시 송파구 가락동 98-2번지,"서울특별시 송파구 송파대로30길 8, 지층 101호 (가락동)",5719,골드PC방,127.118405222237,37.4942436581716
서울특별시 송파구 가락동 89-2 2층,"서울특별시 송파구 중대로9길 43 (가락동,2층)",,넷존,127.118471249154,37.4969561615283
서울특별시 송파구 가락동 181-14번지 2층,"서울특별시 송파구 오금로46길 25, 2층 (가락동)",5782,유니넷PC존,127.13480194333,37.4951846672063
서울특별시 송파구 방이동 116 지층,"서울특별시 송파구 백제고분로48길 18 (방이동,지층)",,인터파이오니아,127.115126679684,37.5110443394104
서울특별시 송파구 오금동 18-4 2층,"서울특별시 송파구 위례성대로20길 27 (오금동,2층)",,FUN,127.1273800302,37.5089743184115
서울특별시 송파구 잠실동 181-6,"서울특별시 송파구 올림픽로 104, 지층 (잠실동)",5557,TgameLand 신천직영점,127.082263786514,37.5114667980986
서울특별시 송파구 마천동 120-5번지,"서울특별시 송파구 마천로39길 16, 1층 (마천동)",5755,레드PC,127.147912296379,37.4988206664976
서울특별시 송파구 잠실동 195-11,"서울특별시 송파구 백제고분로7길 8-8, 3층 (잠실동)",5561,헤라PC방,127.079681659568,37.5100744442975
서울특별시 송파구 석촌동 174-15 지층,"서울특별시 송파구 송파대로 447 (석촌동,지층)",,제로렉,127.105682261718,37.5063572220761
서울특별시 송파구 문정동 150-22번지 지층,"서울특별시 송파구 중대로 60 (문정동,지층)",,J-Top PC방,127.115559066882,37.491366498495
서울특별시 금천구 독산동 962-47 지상2층,"서울특별시 금천구 독산로 347, 지상2층 (독산동)",8538,CASTLE PC,126.903501360033,37.4778152328687
서울특별시 송파구 풍납동 405-3 선일빌딩,"서울특별시 송파구 토성로 59, 지하1층 (풍납동)",5531,제로백PC방 송파풍납점,127.116768838909,37.5291725208297
서울특별시 송파구 삼전동 108-7 2층,"서울특별시 송파구 백제고분로27길 30 (삼전동,2층)",,패밀리,127.093759645449,37.5056909927988
서울특별시 송파구 석촌동 252-5 지층,"서울특별시 송파구 가락로 68 (석촌동,지층)",,인터칸,127.103924126009,37.4998230699273
서울특별시 송파구 거여동 36 2층,"서울특별시 송파구 오금로 527, 2층 (거여동)",5768,3POP PC방,127.147334414767,37.493062789198
서울특별시 송파구 가락동 187-17번지,"서울특별시 송파구 문정로13길 19, 1층 (가락동)",5782,드레곤볼PC방,127.134795266065,37.4946783093136
서울특별시 송파구 잠실동 294-32,"서울특별시 송파구 백제고분로 128, 지층 (잠실동)",5574,피에스타PC방,127.081001925378,37.5060910156297
서울특별시 송파구 석촌동 19번지 102호,"서울특별시 송파구 삼학사로18길 16, 102호 (석촌동)",5614,스타PC방,127.098972854805,37.504367668593
서울특별시 송파구 방이동 124-19 지층,"서울특별시 송파구 백제고분로48길 44, 지층 (방이동)",5643,아이비,127.117662908316,37.5100660528881
서울특별시 송파구 방이동 36-9 3층,"서울특별시 송파구 오금로11길 21 (방이동,3층)",,조이팝,127.109455511345,37.5150566743515
서울특별시 송파구 방이동 113 지층,"서울특별시 송파구 백제고분로48길 14 (방이동,지층)",,룰루,127.114719523615,37.5112093489668
서울특별시 송파구 방이동 135,서울특별시 송파구 가락로 260 (방이동),,엔조이,127.118975805301,37.5110492648692
서울특별시 송파구 삼전동 123-5번지,"서울특별시 송파구 백제고분로31길 18, 지층 (삼전동)",5603,SRR PC,127.095657721796,37.5041447879531
서울특별시 송파구 잠실동 181-7번지 상록빌딩,"서울특별시 송파구 올림픽로 106, 상록빌딩 지하1층 (잠실동)",5557,THE CAMP PC,127.082554280386,37.5113962270067
서울특별시 송파구 가락동 83-9,"서울특별시 송파구 중대로9길 40, 201호 (가락동)",5712,아지트PC,127.118608589528,37.4964905639557
서울특별시 송파구 석촌동 6-14 2층,"서울특별시 송파구 삼학사로18길 13, 2층 (석촌동)",5612,게임이너스 석촌점,127.098611498178,37.5045287101103
서울특별시 성동구 성수동2가 561-1 국민은행,"서울특별시 성동구 성덕정길 106, 국민은행 4층 (성수동2가)",4776,솔라PC방,127.055104789531,37.5371594440377
서울특별시 송파구 문정동 71-2,"서울특별시 송파구 새말로8길 6, 지층 (문정동)",5817,DUMP PC,127.126350492288,37.4822158095347
서울특별시 송파구 가락동 77-7번지 302호,"서울특별시 송파구 송파대로28길 35,  302호 (가락동)",,게임나라,127.121466959558,37.4954056412176
서울특별시 송파구 송파동 43-1 2층,"서울특별시 송파구 백제고분로45길 11, 2층 (송파동)",5622,놀토게임PC,127.109998298112,37.5094038127388
서울특별시 송파구 거여동 133-19번지 2층,"서울특별시 송파구 거마로 49 (거여동,2층)",,PC헤카,127.145982383873,37.4975066077838
서울특별시 송파구 오금동 18-1 3층,"서울특별시 송파구 위례성대로20길 23, 3층 (오금동)",5657,어반노매드,127.127535037506,37.5092731944313
서울특별시 송파구 풍납동 130-25 지층,"서울특별시 송파구 바람드리길 18 (풍납동,지층)",,넷타임,,
서울특별시 송파구 잠실동 183,서울특별시 송파구 올림픽로12길 5 (잠실동),,스타,127.08309038088,37.5110669845906
서울특별시 송파구 신천동 11 장미C상가 504호,"서울특별시 송파구 오금로 20, 504호 (신천동,장미C상가)",,우리,127.103811089444,37.5206867318088
서울특별시 송파구 풍납동 152-81 2층,"서울특별시 송파구 바람드리길 50 (풍납동,2층)",,피씨쿡,127.12107770865,37.5372604280479
서울특별시 송파구 가락동 127-22번지 지층,"서울특별시 송파구 송이로27길 5  (가락동,지층)",,아이칸스,127.125633212445,37.4933504132781
서울특별시 송파구 송파동 25-3 2층,"서울특별시 송파구 백제고분로41길 22, 2층 (송파동)",5622,클릭조이,127.107411606061,37.5078976415547
서울특별시 송파구 오금동 130-8 지층,"서울특별시 송파구 마천로 184 (오금동,지층)",,수피아,127.139243754425,37.5028257190211
서울특별시 송파구 가락동 76-4,서울특별시 송파구 송파대로30길 41-5 (가락동),5713,황금PC,127.121262475596,37.4963658734224
서울특별시 동대문구 이문동 288-10 한국외국어대학교 글로벌홀,"서울특별시 동대문구 이문로 114, 한국외국어대학교 글로벌홀 지하1층 (이문동)",2419,VRIZ PC CAFE,127.060682416152,37.5967350539561
서울특별시 동대문구 장안동 93-36 나누리식품,"서울특별시 동대문구 사가정로25길 50, 2층 (장안동)",2514,해피PC 장안점,127.071105631227,37.5809919617201
서울특별시 동대문구 전농동 124-2번지 우성빌딩,"서울특별시 동대문구 서울시립대로 147, 우성빌딩 2층 (전농동)",2557,스토리피씨랩 서울시립대점,127.05314807526,37.5832465983676
서울특별시 동대문구 제기동 346-9,"서울특별시 동대문구 약령시로 113, 2층 (제기동)",2482,FOX PC,127.042714806622,37.5832203812477
서울특별시 동대문구 장안동 105-7,"서울특별시 동대문구 답십리로63길 131, 3층 (장안동)",2525,아레스PC,127.069336090359,37.5785099656673
서울특별시 동대문구 장안동 373-8,"서울특별시 동대문구 장한로21길 9, 2층 202호 (장안동)",2624,세븐 PC,127.06947124402,37.5699615197474
서울특별시 동대문구 장안동 295-6,"서울특별시 동대문구 답십리로 267, 지하2층 (장안동)",2530,N-top PC,127.070072727815,37.5727019911814
서울특별시 동대문구 장안동 463-6,"서울특별시 동대문구 장한로2길 25-5, 104~107호 (장안동)",2644,SUN PC방,,
서울특별시 동대문구 답십리동 68-1번지,"서울특별시 동대문구 전농로 94, 3층 (답십리동)",2538,행운피씨방,127.057770923489,37.5731833863445
서울특별시 동대문구 이문동 289-1번지,"서울특별시 동대문구 휘경로 9, 3층 (이문동)",2419,아이센스리그PC 외대점,127.061416705231,37.5961287575383
서울특별시 동대문구 장안동 118-40번지,"서울특별시 동대문구 한천로 184, 2층 (장안동)",2525,전곡PC랜드,127.068209922307,37.5772990550675
서울특별시 동대문구 답십리동 68-1 1층4호,"서울특별시 동대문구 전농로 94, 1층 4호 (답십리동)",2538,에스PC,127.057770923489,37.5731833863445
서울특별시 동대문구 용두동 712-68 지하호,"서울특별시 동대문구 왕산로 106, 지층 (용두동)",2566,PC월드,127.035140711929,37.5779517051493
서울특별시 동대문구 제기동 345-20,"서울특별시 동대문구 약령시로 117, 1층 (제기동)",2482,로또PC,127.042964559182,37.5832193896148
서울특별시 동대문구 제기동 844-1,"서울특별시 동대문구 고산자로 482, 1층 (제기동)",2571,모두의게임 PC방,127.038824069558,37.5826101307154
서울특별시 동대문구 장안동 373-6 황금오피스텔,"서울특별시 동대문구 장한로21길 11-11, 황금오피스텔 101호 (장안동)",2624,바닐라PC,127.069168834913,37.5694021792349
서울특별시 동대문구 제기동 530-2,"서울특별시 동대문구 왕산로35길 51, 1층 (제기동)",2572,골프PC,127.042749992067,37.5819895213922
서울특별시 동대문구 신설동 103-2,"서울특별시 동대문구 천호대로 10, 지층 (신설동)",2586,E-SPORTS ARENA,127.024462837927,37.5747206417233
서울특별시 동대문구 이문동 327-7 세진빌딩,"서울특별시 동대문구 이문로 89, 지하1층 (이문동, 세진빌딩)",2451,제너스PC 외대점,127.059005156761,37.5950014960546
서울특별시 동대문구 답십리동 68-1,"서울특별시 동대문구 전농로 94, 2층 (답십리동)",2538,세븐티PC방,127.057770923489,37.5731833863445
서울특별시 동대문구 전농동 152-11번지 도석프라자,"서울특별시 동대문구 서울시립대로 164, 도석프라자 5층 (전농동)",2505,제닉스아레나PC방,127.054836496632,37.5833009668774
서울특별시 동대문구 이문동 264-211,"서울특별시 동대문구 천장산로7길 8, 지층 (이문동)",2449,리얼PC,127.057384751368,37.5986382449798
서울특별시 동대문구 장안동 93-43,"서울특별시 동대문구 사가정로25길 34, 2층 (장안동)",2515,수PC방,127.070855297485,37.580251945991
서울특별시 동대문구 이문동 264-293번지 지상2층,"서울특별시 동대문구 천장산로7길 19, 지상2층 (이문동)",2449,3POP PC방,127.056800748936,37.5983004756761
서울특별시 동대문구 전농동 124-69,"서울특별시 동대문구 전농로 209, 지하1층 (전농동)",2543,리얼PC,127.05374161725,37.5828670114488
서울특별시 동대문구 장안동 372-5,"서울특별시 동대문구 장한로 105, 2층 (장안동, 장안NEWCITY)",2624,I AM PC,127.069955043285,37.5700853011061
서울특별시 동대문구 답십리동 97-2번지,"서울특별시 동대문구 전농로 116, 2층 (답십리동)",2531,라이또PC방(답십리점),127.057828649691,37.5752252822718
서울특별시 동대문구 회기동 42-43,"서울특별시 동대문구 경희대로1길 10, 지하1층 (회기동)",2454,EXIT PC CAFE,127.051674744477,37.5918420916189
서울특별시 동대문구 답십리동 493-5 지하1층 클래식타워,"서울특별시 동대문구 천호대로 307, 지하1층 (답십리동, 클래식타워)",2604,명성PC,127.054762202414,37.5657983700541
서울특별시 동대문구 청량리동 663,"서울특별시 동대문구 홍릉로 39-3, 1층 (청량리동)",2483,황금PC,127.043712523291,37.5837149316125
서울특별시 동대문구 휘경동 330,"서울특별시 동대문구 이문로 22, B1층 (휘경동)",2446,레드포스PC 아레나(회기점),127.055622225035,37.5895567328256
서울특별시 동대문구 전농동 295-316번지 B1F,"서울특별시 동대문구 사가정로 109, B1층 (전농동)",2547,3POP PC방,127.05690690955,37.5772564813608
서울특별시 동대문구 장안동 416-5번지,"서울특별시 동대문구 장한로 3, 지하1층 (장안동)",2633,스페셜알파PC방,127.064573772246,37.5621355469546
서울특별시 동대문구 장안동 383-3,"서울특별시 동대문구 장한로21길 16, 2층 (장안동)",2624,놀이터PC방,127.069311646966,37.5702147932163
서울특별시 동대문구 전농동 602-18,"서울특별시 동대문구 왕산로 266, 1층 (전농동)",2554,바닐라PC,127.050607886698,37.5842880916168
서울특별시 동대문구 장안동 374-11 진성빌딩 4층,"서울특별시 동대문구 한천로24길 74-1, 진성빌딩 4층 (장안동)",2625,아이센스리그PC방 장한평점,127.068801079207,37.5688010698052
서울특별시 동대문구 장안동 384-3,"서울특별시 동대문구 장한로23길 11-8, 1층 (장안동)",2624,장안PC,127.069479588181,37.5706578940268
서울특별시 동대문구 휘경동 34-48,"서울특별시 동대문구 망우로 120, 2층 (휘경동)",2501,오성PC,127.066514951441,37.5911188235532
서울특별시 동대문구 전농동 498-21 욱영58,"서울특별시 동대문구 서울시립대로 58, 욱영58 지1층 B101호 (전농동)",2551,오엑스피씨 시립대로점,127.048084799363,37.5762940881291
서울특별시 동대문구 답십리동 250-13,"서울특별시 동대문구 전농로 75, 3층 (답십리동)",2599,볼트PC,127.057066968632,37.5716000499341
서울특별시 동대문구 전농동 103-340 3층,"서울특별시 동대문구 전농로 222, 3층 (전농동)",2492,RED FORCE PC ARENA(시립대점),127.053599055745,37.5839388978562
서울특별시 동대문구 답십리동 12-18 영진빌딩 지하1층,"서울특별시 동대문구 한천로 55, 영진빌딩 지하1층 (답십리동)",2617,세븐PC방,127.061880899304,37.5669101962131
서울특별시 동대문구 휘경동 329,"서울특별시 동대문구 회기로28길 8, 지하1층 (휘경동)",2446,제노PC방,127.055945297168,37.589460624459
서울특별시 동대문구 장안동 367-1번지,"서울특별시 동대문구 장한로 126, 지하1층 (장안동)",2637,비원PC방,127.071605589345,37.5715487889832
서울특별시 동대문구 청량리동 705-1번지,"서울특별시 동대문구 홍릉로 23, 3층 (청량리동)",2573,엑스코어PC방,127.044175666746,37.5825251776862
서울특별시 동대문구 이문동 363-5번지 지상5층,"서울특별시 동대문구 휘경로3길 4, 5층 (이문동)",2420,해리PC방,127.062480944175,37.5957907777139
서울특별시 동대문구 휘경동 267-84,"서울특별시 동대문구 망우로 66, 3층 (휘경동)",2496,GGX PC방,127.060969116205,37.5895017444406
서울특별시 동대문구 전농동 648-104 지하1층,"서울특별시 동대문구 서울시립대로4길 5, 지하1층 (전농동)",2594,더체인지PC,127.047152135126,37.5749067526404
서울특별시 동대문구 장안동 94-42 소망빌딩,"서울특별시 동대문구 사가정로23가길 11, 소망빌딩 지1층 (장안동)",2516,제로백PC 장안점,127.070549201395,37.580639556591
서울특별시 동대문구 장안동 337-8번지,"서울특별시 동대문구 답십리로72길 40, 2층 (장안동)",2637,아이센스PC방,127.073570628102,37.570438636009
서울특별시 동대문구 휘경동 269-26,"서울특별시 동대문구 망우로 74, 지하1층 (휘경동)",2496,3POP,127.061365936668,37.5895997469635
서울특별시 동대문구 회기동 42-46,"서울특별시 동대문구 경희대로1길 8-11, 지하1층 (회기동)",2454,에이플 PC CAFE,127.051733055169,37.5921664231806
서울특별시 동대문구 이문동 329-1 민족통일MJ캠퍼스외대 지하1층,"서울특별시 동대문구 이문로 93, 지하1층 (이문동, 민족통일MJ캠퍼스외대)",2451,1% PC아레나,127.05923135853,37.5953818714405
서울특별시 동대문구 제기동 503-1,"서울특별시 동대문구 왕산로33길 74-1, 1층 (제기동)",2572,잭팟PC,127.041819093686,37.5826974951196
서울특별시 동대문구 회기동 42-94,"서울특별시 동대문구 경희대로1길 8-6, 1,2층 (회기동)",2454,GEEK STAR PC CAFE,127.051923309488,37.5918832479684
서울특별시 동대문구 장안동 367-3,"서울특별시 동대문구 장한로24길 7, 3층 2호 (장안동)",2637,동해 PC,127.071502974477,37.5708963505639
서울특별시 동대문구 장안동 428-3,"서울특별시 동대문구 천호대로83길 93, 지하1층 (장안동)",2629,스카이PC,127.066695140607,37.5661656046498
서울특별시 송파구 마천동 319 2층,"서울특별시 송파구 성내천로 314, 2층 (마천동)",5763,프렌즈,127.155607287778,37.4928491855811
서울특별시 송파구 방이동 124-22,서울특별시 송파구 가락로 239 (방이동),,사이버굿,127.117680951717,37.5096718456107
서울특별시 송파구 문정동 128-7,서울특별시 송파구 송이로31길 18 (문정동),,이네이처PC방,,
서울특별시 송파구 풍납동 476-15 지층,"서울특별시 송파구 천호대로152길 17 (풍납동,지층)",,고스트캐슬,127.121602309454,37.5373651258061
서울특별시 송파구 송파동 122-5 3층,"서울특별시 송파구 가락로 171 (송파동,3층)",,존앤존,127.113993867811,37.5042410521594
서울특별시 송파구 송파동 149-4 지층,"서울특별시 송파구 가락로28길 11 (송파동,지층)",,피씨클럽거기,127.117128842613,37.5060943255808
서울특별시 송파구 송파동 25 지층,"서울특별시 송파구 백제고분로41길 24 (송파동,지층)",,메가스테이션,127.107271771624,37.5080270627702
서울특별시 송파구 오금동 133-25번지 2층,"서울특별시 송파구 마천로 194  (오금동,2층)",,강추,127.140155267419,37.5022689011655
서울특별시 송파구 잠실동 205-23 2층,"서울특별시 송파구 올림픽로12길 29, 2층 (잠실동)",5559,엔터PC,127.08352142288,37.508929858684
서울특별시 송파구 방이동 124-21 2층,"서울특별시 송파구 가락로 241 (방이동,2층)",,기분 존,127.117762271053,37.5098142133215
서울특별시 송파구 삼전동 28-12 2층,"서울특별시 송파구 백제고분로22길 4 (삼전동,2층)",,조이웹플러스,127.089185240922,37.503569063928
서울특별시 송파구 거여동 128-13 1층,"서울특별시 송파구 오금로53길 47 (거여동,1층)",,메카,127.144297873134,37.4982195708627
서울특별시 송파구 풍납동 142-1 지층,"서울특별시 송파구 바람드리길 34 (풍납동,지층)",,ZIA,127.119492682314,37.5375648685747
서울특별시 송파구 오금동 72-9 2층,"서울특별시 송파구 마천로 138, 2층 (오금동)",5728,써플라이PC,127.134751696433,37.5045401348894
서울특별시 송파구 석촌동 252-3,"서울특별시 송파구 가락로 64, 2층 (석촌동)",5695,VIBE PC,127.103444528105,37.4996691485766
서울특별시 송파구 삼전동 30-1 지층,"서울특별시 송파구 백제고분로22길 10 (삼전동,지층)",,몽키타운,127.088977862805,37.5030293379148
서울특별시 송파구 방이동 135 지층,"서울특별시 송파구 가락로 260 (방이동,지층)",,톰과제리,127.118975805301,37.5110492648692
서울특별시 송파구 가락동 166-1번지 2층,"서울특별시 송파구 오금로 400  (가락동,2층)",,메카클럽,127.134713236243,37.4978635493487
서울특별시 송파구 잠실동 179-1 보명장,"서울특별시 송파구 올림픽로10길 8, 보명장 지층 (잠실동)",5556,고앤고 PC방 이스포츠,127.080874987447,37.5109801336915
서울특별시 송파구 잠실동 204,서울특별시 송파구 백제고분로9길 36 (잠실동),5563,BoBo 9 PC방,127.082886358764,37.5096545333968
서울특별시 송파구 송파동 12-3,"서울특별시 송파구 백제고분로41길 25, 지층 (송파동)",5625,게임팩토리,127.106929511608,37.508017011539
서울특별시 송파구 삼전동 72-5 지층,"서울특별시 송파구 백제고분로 258 (삼전동,지층)",,PC공간,127.095067821599,37.5022777504616
서울특별시 송파구 잠실동 250-7 지층,"서울특별시 송파구 삼전로7길 3 (잠실동,지층)",,pc mong,127.088094450601,37.5051181697269
서울특별시 송파구 가락동 88,"서울특별시 송파구 중대로9길 29, 1층 (가락동, 보광빌라)",5711,승부PC,127.118513633851,37.4957256148739
서울특별시 송파구 문정동 620,"서울특별시 송파구 새말로 62, 2층 (문정동, 송파 푸르지오시티)",5841,유니넷PC방 문정점,127.120842269438,37.4807917612963
서울특별시 송파구 가락동 137-3,"서울특별시 송파구 동남로 161, 지1층 (가락동, 현대빌리지)",5826,앤탑PC방,127.128089095334,37.4927672575467
서울특별시 송파구 마천동 314-2 2층,"서울특별시 송파구 마천로61길 25, 2층 (마천동)",5759,하늘다리,127.154932781914,37.4942767253669
서울특별시 송파구 가락동 96-2번지 지층 2호,"서울특별시 송파구 송파대로30길 5-8, 지층 제2호 (가락동)",5711,룰루PC존,127.117851909588,37.4947423779125
서울특별시 송파구 삼전동 22 외 1필지,"서울특별시 송파구 석촌호수로 134, 외 1필지 지하 1층 (삼전동)",5600,제로백PC방 잠실학원사거리점,,
서울특별시 송파구 가락동 83-14번지 1층,"서울특별시 송파구 중대로9길 42-16 (가락동,1층)",,한게임PC방,127.119083378421,37.4962442017309
서울특별시 송파구 삼전동 181번지,서울특별시 송파구 삼학사로11길 3 (삼전동),5586,샤먼PC,127.096455421765,37.5013588613944
서울특별시 송파구 마천동 129-2번지 지층,"서울특별시 송파구 마천로41길 17, 지층 (마천동)",5756,3 POP,127.149650425385,37.497275775621
서울특별시 송파구 풍납동 148-1 2층,"서울특별시 송파구 바람드리길 42, 2층 (풍납동)",5518,이네이처PC방,127.120315622171,37.5373000400387
서울특별시 송파구 거여동 1-1번지 2층,"서울특별시 송파구 마천로 250, 2층 (거여동)",5736,Raid PC,127.144698156308,37.4989585365381
서울특별시 송파구 잠실동 241-3,"서울특별시 송파구 백제고분로19길 31, 지1층 (잠실동, 서경빌딩)",5565,아이센스PC방 잠실본점,127.087470970303,37.5076600073971
서울특별시 송파구 삼전동 42,"서울특별시 송파구 삼전로4길 22, 2층 (삼전동)",5595,아이센스PC방 삼전점,127.088619660701,37.5015661940567
서울특별시 송파구 송파동 93-2 1층,"서울특별시 송파구 백제고분로42길 26-1, 1층 (송파동)",5668,딸기PC방,127.11092396566,37.5043767828743
서울특별시 송파구 가락동 72-6번지,"서울특별시 송파구 송이로 102, 2층 (가락동)",5713,시즌아이 PC방(가락점),127.121146035937,37.4971587881478
서울특별시 송파구 잠실동 27-2 101,"서울특별시 송파구 잠실로 15 (잠실동,101)",,테바코,127.093448536452,37.5162342491269
서울특별시 송파구 잠실동 235-5 1층,"서울특별시 송파구 백제고분로19길 5 (잠실동,1층)",,잠실PC클럽,127.086461337655,37.5054229249496
서울특별시 송파구 거여동 129-73번지 지층,"서울특별시 송파구 마천로 254 (거여동,지층)",,임요환의 드랍쉽,127.145199865991,37.4986931154138
서울특별시 송파구 장지동 841-4 4층,"서울특별시 송파구 충민로2길 28 (장지동,4층)",,샹떼PC방,127.127416903996,37.4771576631775
서울특별시 송파구 방이동 103-15 지층,"서울특별시 송파구 올림픽로32길 53 (방이동,지층)",,오렌지PC방,127.112100318854,37.5124962447277
서울특별시 송파구 잠실동 176-7,"서울특별시 송파구 백제고분로7길 7-5, 2층 (잠실동)",5556,랭커PC방 잠실본점,127.079539895478,37.5106727166058
서울특별시 송파구 잠실동 191-7,"서울특별시 송파구 백제고분로7길 24, 2층 (잠실동)",5560,탑플레이스PC방,127.081490412315,37.5104730760303
서울특별시 송파구 가락동 87-1,"서울특별시 송파구 중대로9길 48, 1층 (가락동)",5712,여우PC,127.119162146982,37.4970662002956
서울특별시 송파구 삼전동 115-10,"서울특별시 송파구 삼전로10길 55, 1층 (삼전동)",5601,미녀PC,127.095428226404,37.5045702479935
서울특별시 송파구 잠실동 180-1 진영빌딩,"서울특별시 송파구 올림픽로10길 9, 진영빌딩 3층 (잠실동)",5557,캠프VR,127.081240468854,37.5108040969638
서울특별시 송파구 석촌동 295-4번지,"서울특별시 송파구 송파대로 391, 지하1층 (석촌동)",5687,B-ONE PC,127.109419287195,37.5022521743632
서울특별시 송파구 오금동 113-2 광남캐스빌,"서울특별시 송파구 문정로 261, 101호 (오금동, 광남캐스빌)",5731,물라PC,127.142267032375,37.5015432300894
서울특별시 송파구 가락동 87 유일빌딩,"서울특별시 송파구 중대로9길 50, 유일빌딩 3층 301호 (가락동)",5712,비엠에스라운지,127.119387448007,37.497159497251
서울특별시 송파구 가락동 190,"서울특별시 송파구 오금로46길 36, 1층 (가락동)",5783,물러 PC,127.133732491208,37.4947222248519
서울특별시 송파구 마천동 32-2 석일빌딩,"서울특별시 송파구 마천로 240, 석일빌딩 2층 (마천동)",5737,툰게임PC방,127.144036671537,37.4995299516986
서울특별시 송파구 잠실동 330-3,"서울특별시 송파구 백제고분로18길 23, 지하1층 (잠실동)",5578,넘버나인 PC(NO9.PC),127.084291787802,37.5030127723111
서울특별시 강동구 길동 414-4 강동 와이시티,"서울특별시 강동구 천호대로175길 42, 지하1층 101,102(일부)호 (길동, 강동 와이시티)",5353,썬PC,127.137425545214,37.5365024541122
서울특별시 강동구 상일동 255,"서울특별시 강동구 상일로 39, 3층 (상일동)",5282,이스포츠PC CAFE2,127.172620191715,37.5505858004812
서울특별시 강동구 길동 411-2,서울특별시 강동구 양재대로 1464 (길동),5352,포텐PC 길동점,127.139781554171,37.5365014909044
서울특별시 강동구 성내동 118-36,"서울특별시 강동구 천호옛길 55, 1층 (성내동)",5385,골드PC,127.123643420085,37.5341870710999
서울특별시 강동구 성내동 407-13,"서울특별시 강동구 성안로 87, 1층 (성내동)",5389,쓰리랑PC,127.132258102451,37.531369138776
서울특별시 강동구 성내동 383-20,"서울특별시 강동구 천호대로170길 47, 1층 (성내동)",5381,인디오PC방,127.132635269698,37.5332682051547
서울특별시 강동구 천호동 453-19 나비빌딩,"서울특별시 강동구 천호대로157길 14, 나비빌딩 7층 (천호동)",5335,나비PC,127.127289366861,37.5382317510332
서울특별시 강동구 둔촌동 67-1번지 삼진빌딩,"서울특별시 강동구 진황도로 147, 삼진빌딩 1층 (둔촌동)",5361,어덜트피씨까페,127.141453683521,37.5328887419148
서울특별시 강동구 성내동 441-2 평원빌딩,"서울특별시 강동구 양재대로 1303, 평원빌딩 지층 (성내동)",5408,아크PC아레나(ARKPCARENA),127.133949850418,37.5227713188467
서울특별시 강동구 성내동 416 둔촌빌딩,"서울특별시 강동구 양재대로 1371, 둔촌빌딩 지하층 (성내동)",5404,레드포스PC아레나 둔촌점,127.136066310873,37.5287025352002
서울특별시 강동구 길동 414-4 강동 와이시티,"서울특별시 강동구 천호대로175길 42, 102호 (길동, 강동 와이시티)",5353,라이브PC,127.137425545214,37.5365024541122
서울특별시 강동구 길동 412-11번지 대진빌딩,"서울특별시 강동구 양재대로 1459, 대진빌딩 201호 (길동)",5353,앤유 nu PC(길동점),127.139076929268,37.5361574200836
서울특별시 강동구 길동 391-3,"서울특별시 강동구 양재대로 1484-1, 지층 (길동)",5351,미스테리PC,127.140459465668,37.5382235781836
서울특별시 강동구 길동 386-8,"서울특별시 강동구 천중로40길 78, 1층 107호 (길동)",5354,은성PC,127.137353320911,37.5377154640378
서울특별시 강동구 천호동 457-13 영화빌딩,"서울특별시 강동구 구천면로 168, 영화빌딩 2층 (천호동)",5248,골드 PC,127.123209925828,37.5415144544971
서울특별시 강동구 강일동 677-2번지 아르페온1,"서울특별시 강동구 아리수로91길 24-5, 아르페온1 (강일동)",5211,라이또 PC방 강일점(RAITTO),127.173216558742,37.5651481793183
서울특별시 강동구 명일동 346-1 삼익빌딩,"서울특별시 강동구 양재대로 1576, 삼익빌딩 지하1층 (명일동)",5296,쿡몬스터,127.143454293865,37.5461618332538
서울특별시 강동구 길동 459-2번지,"서울특별시 강동구 천호대로 1135, 209호 (길동)",5355,타짜PC방,127.13778857408,37.534629212477
서울특별시 강동구 고덕동 210-5번지,"서울특별시 강동구 고덕로 391, 지층 (고덕동)",5222,GEEK STAR PC CAFE,127.168978454847,37.5572260091644
서울특별시 강동구 성내동 378-18 영재1빌딩,"서울특별시 강동구 천호대로176길 13, 영재1빌딩 1층 101호 (성내동)",5373,스타PC,127.136307621333,37.5337371388776
서울특별시 강동구 천호동 287-2 암사오피스텔,"서울특별시 강동구 상암로 42, 암사오피스텔 123호 (천호동)",5318,대박 PC,127.127883987264,37.5495780175349
서울특별시 강동구 성내동 118-36,"서울특별시 강동구 천호옛길 55, 1층 (성내동)",5385,행복PC,127.123643420085,37.5341870710999
서울특별시 강동구 천호동 453-18,"서울특별시 강동구 천호대로157길 6, 지층 (천호동)",5335,레벨업PC방 천호점,127.127023590071,37.5380352588745
서울특별시 강동구 천호동 453-8 원방빌딩,"서울특별시 강동구 천호대로157길 18, 원방빌딩 301,302호 (천호동)",5335,앤유PC 천호로데오점,127.127484882745,37.5384960736319
서울특별시 강동구 성내동 550-1,"서울특별시 강동구 성내로 34, 2층 (성내동)",5399,BLITZ PC,127.124000325503,37.5290968536225
서울특별시 강동구 고덕동 210-4 쌍용상가,"서울특별시 강동구 고덕로83길 6, 쌍용상가 지층 (고덕동)",5222,옥스피씨 상일동역점,127.168923741679,37.5574047550303
서울특별시 강동구 천호동 166-4,"서울특별시 강동구 진황도로 36, 1층 12호 (천호동)",5336,천호PC,127.131089712,37.5384645564276
서울특별시 강동구 명일동 328-1번지 2층,"서울특별시 강동구 구천면로 434, 2층 (명일동)",5292,SS PC방 1호점,127.14658137515,37.5498803760623
서울특별시 강동구 천호동 82-28번지 2층,"서울특별시 강동구 천중로35길 67 (천호동,2층)",,PC Class J&S PC방,127.138374977732,37.5441752463432
서울특별시 강동구 성내동 197-3 1층,서울특별시 강동구 천호대로170길 34 (성내동),5381,아이비스 PC,127.132619944897,37.533878379811
서울특별시 강동구 성내동 143-2번지 지층,서울특별시 강동구 천호옛12길 52 (성내동),5387,OK PC방,127.127391122726,37.5345950251986
서울특별시 강동구 성내동 506번지 지하1층,서울특별시 강동구 풍성로37가길 61 (성내동),5382,유니넷(성내본점),127.129745335735,37.532612153454
서울특별시 강동구 성내동 419-1번지 둔촌역청구아파트상가 2층,서울특별시 강동구 풍성로 196 (성내동),5403,아잉,127.132988049315,37.5294505387599
서울특별시 강동구 성내동 381-25번지 2층,서울특별시 강동구 양재대로103길 37 (성내동),5374,스타게이트PC방,127.135793984896,37.5332496587191
서울특별시 강동구 암사동 494번지 2층,서울특별시 강동구 올림픽로98길 37 (암사동),5262,카시오페아 PC방,127.129871391192,37.5504972087947
서울특별시 강동구 성내동 396-13번지 101호,서울특별시 강동구 양재대로99길 7 (성내동),5375,달빛 PC방,127.137007562497,37.531787645161
서울특별시 강동구 성내동 14-5번지 1층다동,서울특별시 강동구 천호옛14길 47 (성내동),5379,대박 PC,,
서울특별시 강동구 천호동 413-1번지 4층,"서울특별시 강동구 천호대로157길 37 (천호동,4층)",,게임이너스 천호점,127.127266796306,37.5395978709474
서울특별시 강동구 길동 393-5번지 지층,서울특별시 강동구 양재대로114길 19 (길동),5351,ZIO,127.141308553969,37.537700616138
서울특별시 강동구 천호동 166-81 아기천국어린이집,"서울특별시 강동구 진황도로27길 9, 1층 (천호동)",5333,PC 팝,127.131586990533,37.5388479192913
서울특별시 강동구 천호동 332-2번지 지층,서울특별시 강동구 올림픽로 715 (천호동),5245,인토피아 PC방,127.125519124034,37.5452866674524
서울특별시 강동구 암사동 488-30번지 개나리프라자,"서울특별시 강동구 구천면로 323, 개나리프라자 2층 (암사동)",5265,피에스타PC방(강동암사직영점),127.135241872797,37.5484151003879
서울특별시 강동구 명일동 351-30번지 2층,서울특별시 강동구 양재대로128길 41 (명일동),5296,엠티PC방,127.145105986585,37.5445962224323
서울특별시 강동구 암사동 473-15번지 2층,"서울특별시 강동구 암사길 41, 2층 (암사동)",5254,고스트 캐슬 PC방 암사점,127.133886998971,37.5519705401703
서울특별시 강동구 암사동 496-18번지 2층,서울특별시 강동구 상암로 47 (암사동),5264,NIC PC방,127.128786968437,37.5497341701579
서울특별시 강동구 천호동 34-9 지1층,"서울특별시 강동구 양재대로 1579, 지1층 (천호동)",5307,비원(B1) PC방,127.142841394568,37.5465618086041
서울특별시 강동구 천호동 213-2번지 3층,서울특별시 강동구 구천면로34길 48 (천호동),5331,Game-Zone PC방,127.133811919937,37.5423842739655
서울특별시 강동구 성내동 407-32번지 2층,서울특별시 강동구 성안로 88 (성내동),5377,인터웹 PC방,127.132556149557,37.5312664509373
서울특별시 강동구 성내동 50-16번지 지하1층,서울특별시 강동구 천호옛길 95 (성내동),5378,웹팰리스 PC방,,
서울특별시 강동구 천호동 397-74번지 2층,서울특별시 강동구 구천면로 238 (천호동),5334,가은PC방,127.130879328565,37.5416772129928
서울특별시 강동구 길동 320-1번지 A동2층,"서울특별시 강동구 양재대로 1562  (길동,A동2층)",,시즌아이PC존,127.142999883738,37.5448781012584
서울특별시 강동구 천호동 289-18번지 2층,서울특별시 강동구 상암로 62 (천호동),5319,여우 PC방,127.129991413909,37.5489067252912
서울특별시 강동구 성내동 227-3번지 지층,"서울특별시 강동구 풍성로37가길 36  (성내동,지층)",,익사이팅 PC방,127.128224156827,37.5328600583194
서울특별시 강동구 성내동 429-23번지 3층,서울특별시 강동구 양재대로87길 14 (성내동),5405,수 PC방,127.134303904341,37.525660879973
서울특별시 강동구 길동 393-4번지 2층,서울특별시 강동구 진황도로47길 74 (길동),5351,스타캐슬 PC방,127.140940884103,37.5377905247848
서울특별시 강동구 명일동 54 한양상가 지층,서울특별시 강동구 동남로71길 19 (명일동),5270,스타존 PC방(고덕점),127.154720559859,37.551044532043
서울특별시 강동구 상일동 207-1번지 3층,서울특별시 강동구 구천면로 662 (상일동),5282,PC겜방,127.171422355716,37.5507448596839
서울특별시 강동구 천호동 410-159,"서울특별시 강동구 진황도로 32, 2층 (천호동)",5336,황금PC,127.130562896655,37.5387240873469
서울특별시 강동구 암사동 422-13 창용빌딩,"서울특별시 강동구 구천면로 361, 창용빌딩 나동 2층 (암사동)",5258,N-TOP PC방,127.138746210279,37.5505680236251
서울특별시 강동구 성내동 416-14번지 2층,"서울특별시 강동구 풍성로58길 20  (성내동,2층)",,두리,127.135336928726,37.5281308771651
서울특별시 강동구 암사동 512-17 지층,"서울특별시 강동구 올림픽로 769 (암사동,지층)",,콤마이스포츠카페,127.127179067345,37.5499665683994
서울특별시 강동구 길동 474번지 GS강동자이아파트상가 204호,"서울특별시 강동구 천호대로199길 10, 204호 (길동, GS강동자이아파트상가)",5348,쟈스민,127.148033137289,37.5371034846719
서울특별시 강동구 길동 456-2번지,"서울특별시 강동구 진황도로 100, 105호 (길동, 하이브)",5355,길동 PC,127.137382093544,37.5353900400256
서울특별시 강동구 고덕동 210-4번지 301호,서울특별시 강동구 고덕로83길 6 (고덕동),5222,라네이즈 PC방,127.168923741679,37.5574047550303
서울특별시 강동구 둔촌동 452-1번지 2층,"서울특별시 강동구 진황도로 156, 2층 (둔촌동)",5364,WA PC방,127.141458403887,37.5320933330706
서울특별시 강동구 명일동 48-13번지 4층,서울특별시 강동구 동남로71길 32 (명일동),5269,인터크레이지PC방,127.154500056801,37.5520049235939
서울특별시 강동구 길동 137-2번지 지하1층,서울특별시 강동구 명일로 200-33 (길동),5349,아이비스PC 길동점,127.147509879628,37.5370665677501
,서울특별시 강동구 풍성로 193 (성내동),5377,세븐PC,127.133357685276,37.5298471029709
,"서울특별시 강동구 천호대로170길 33, 2층 (성내동)",5381,SELF PC CAFE,127.132941640149,37.5338988312204
서울특별시 강동구 천호동 415-32번지,"서울특별시 강동구 올림픽로70길 51, 4층 (천호동)",5329,더메이즈VR 천호점,127.126553393554,37.5393323021794
서울특별시 강동구 암사동 490-20,"서울특별시 강동구 상암로 81-1, 1층 (암사동)",5265,행운PC,127.132219273556,37.5482728322168
서울특별시 강동구 둔촌동 67-1 삼진빌딩,"서울특별시 강동구 진황도로 147, 삼진빌딩 (둔촌동)",5361,mendota pc cafe,127.141453683521,37.5328887419148
서울특별시 강동구 명일동 48-3 우진빌딩,"서울특별시 강동구 동남로73길 17, 우진빌딩 지하1층 1,2호 (명일동)",5269,제로백PC 고덕역점,127.15507536373,37.5527505555431
서울특별시 강동구 명일동 337-1번지 2층,"서울특별시 강동구 양재대로136길 24  (명일동,2층)",,늑대와여우PC라운지명일점,127.145053011834,37.5483832733263
서울특별시 강동구 암사동 452 진주빌딩,"서울특별시 강동구 고덕로 96, 진주빌딩 지층 (암사동)",5255,제로백PC방 암사점,127.135832933352,37.554532736215
서울특별시 강동구 성내동 510-4번지 2층,"서울특별시 강동구 풍성로 147-12  (성내동,2층)",,인토피아,127.12890556006,37.5315256554157
서울특별시 강동구 천호동 393-14번지 지층,서울특별시 강동구 구천면로29길 64 (천호동),5325,늑대와여우 PC라운지 천호2호점,127.131048157449,37.5426500146444
서울특별시 강동구 성내동 466번지 지층,"서울특별시 강동구 성내로14길 37  (성내동,지층)",,2안 PC방,127.126424403608,37.5262620760242
서울특별시 강동구 성내동 447번지 2층,서울특별시 강동구 성안로3길 13 (성내동),5402,웹시티 PC방,127.12875745701,37.5257298567481
서울특별시 강동구 성내동 446-24번지 3층,"서울특별시 강동구 성안로 10  (성내동,3층)",,마크원,127.129477360783,37.5247218399502
서울특별시 강동구 성내동 48-4번지 2층,서울특별시 강동구 천호옛길 94 (성내동),5379,레인보우,127.126054014422,37.5369483405201
서울특별시 강동구 둔촌동 50-2번지 2층,서울특별시 강동구 천호대로 1196 (둔촌동),5361,버즈넷 PC방,127.144298586046,37.5343661840804
서울특별시 강동구 성내동 9-14번지 지하1층,"서울특별시 강동구 천호대로 1034 (성내동,지하1층)",,스마트PC방,127.12676817356,37.5372073343198
서울특별시 강동구 천호동 291-34번지 1층,"서울특별시 강동구 상암로 88  (천호동,1층)",,럭키 PC방,127.132467669442,37.5478916117998
서울특별시 강동구 천호동 135-1번지 지층,서울특별시 강동구 구천면로34길 70 (천호동),5331,팩토리 PC방,127.135132115178,37.5426533405726
서울특별시 강동구 천호동 45-2 삼정빌딩,"서울특별시 강동구 양재대로 1549, 삼정빌딩 지하1층 (천호동)",5315,Hype PC 굽은다리역점,127.142054351358,37.5440484317022
서울특별시 강동구 길동 384-4 한빛아파트,"서울특별시 강동구 성안로 172, 지층 (길동, 한빛아파트)",5354,앤유PC카페,127.136298611505,37.5382358420709
서울특별시 강동구 길동 392-5번지 지하1층,서울특별시 강동구 양재대로116길 30 (길동),5351,별,127.142070168416,37.5381912877155
서울특별시 강동구 길동 133-1 3층,서울특별시 강동구 천호대로199길 19 (길동),5345,블루포인트 PC방,127.147785337821,37.5374420303052
서울특별시 강동구 천호동 358-14번지 2층,서울특별시 강동구 올림픽로 688 (천호동),5327,인터라켄 PC CAFE,127.125188441813,37.542694394336
서울특별시 강동구 둔촌동 489-9번지 진산빌딩 3층,서울특별시 강동구 양재대로 1392 (둔촌동),5372,크라우드PC,127.137658565242,37.5302538354278
서울특별시 강동구 길동 397-1번지 2층,"서울특별시 강동구 양재대로114길 38, 2층 (길동)",5351,스위티,127.142048034723,37.5373193268984
서울특별시 강동구 성내동 439-11 2층,"서울특별시 강동구 양재대로87길 11, 2층 (성내동)",5405,Rose PC방,127.134331136971,37.5254541592414
서울특별시 강동구 길동 410-1번지,"서울특별시 강동구 양재대로112길 16, 1층 (길동)",5352,한게임 PC,127.140593867789,37.5366477499805
서울특별시 강동구 천호동 294-22 대황빌딩,"서울특별시 강동구 구천면로 291, 대황빌딩 1층 (천호동)",5320,오엑스 피씨(OX PC)천호동점,127.133552374339,37.5459525227775
서울특별시 강동구 둔촌동 487-3번지 2층,서울특별시 강동구 양재대로 1400 (둔촌동),5363,아우토반 인터넷 PC방,127.13785884319,37.5309455704002
서울특별시 강동구 암사동 502-5번지 2층,서울특별시 강동구 상암로 27 (암사동),5241,프리넷 PC방,127.126774152632,37.5506286065571
서울특별시 강동구 명일동 47-10번지 성은빌딩,"서울특별시 강동구 동남로75길 13-15, 성은빌딩 3층 (명일동)",5269,스마트PC방,127.155504731039,37.5536236877644
서울특별시 강동구 암사동 501-3 지하1층,서울특별시 강동구 올림픽로 774 (암사동),5264,콤마(COMMA)PC카페 암사역점,127.127855040205,37.5501877541705
서울특별시 강동구 성내동 25-1번지 지하1층,서울특별시 강동구 천호대로162길 34 (성내동),5384,스타캐슬 성내점,127.127952286718,37.5355771394189
서울특별시 강동구 성내동 416-1번지 지층,"서울특별시 강동구 양재대로 1371  (성내동,지층)",,UNINET,127.136066310873,37.5287025352002
서울특별시 강동구 명일동 328-2번지 2층,"서울특별시 강동구 구천면로 438 (명일동,2층)",,SS PC방 2호점,127.146979064904,37.5496643630436
서울특별시 강동구 천호동 431-5번지,"서울특별시 강동구 올림픽로 653, 지하107,지하109호 (천호동)",5248,LION PC (라이온 PC강동천호점),,
서울특별시 강동구 암사동 479번지,"서울특별시 강동구 올림픽로98가길 72, 1층 (암사동)",5260,놀 PC방,127.133428069413,37.5515710167382
서울특별시 강동구 천호동 287-2번지,"서울특별시 강동구 상암로 42, 1층 129호 (천호동)",5318,포바PC방,127.127883987264,37.5495780175349
서울특별시 강동구 둔촌동 517-4번지 2층,서울특별시 강동구 양재대로 1376 (둔촌동),5372,인터넷 천국,127.137121186952,37.5288399792125
서울특별시 강동구 길동 392-1번지,"서울특별시 강동구 양재대로116길 16, 지하1층 (길동)",5351,The Seven PC,127.141194244696,37.5384040731489
서울특별시 강동구 천호동 551-7번지 3층,"서울특별시 강동구 진황도로 15  (천호동,3층)",,인터쿨 PC방,127.129312483825,37.5396986327999
서울특별시 강동구 고덕동 191-5번지 1층2호,"서울특별시 강동구 고덕로83길 28  (고덕동,1층2호)",,체리 PC방,127.169009316732,37.5582627414073
서울특별시 강동구 성내동 225-4번지 지층,"서울특별시 강동구 풍성로39길 38, 지층 (성내동)",5388,소울,127.127525449568,37.5330165077647
서울특별시 강동구 명일동 351-13번지 지층,"서울특별시 강동구 양재대로128길 25  (명일동,지층)",,쟈스민,127.144240238074,37.5447800056278
"서울특별시 강동구 천호동 442-34번지 지층 1,2호 ",서울특별시 강동구 올림픽로 667 (천호동),5248,갤럭시PC존,127.123951125424,37.5411360700303
서울특별시 강동구 성내동 380-9번지 지층,서울특별시 강동구 양재대로103길 19 (성내동),5375,성내 PC방,127.136733587947,37.5329275481301
서울특별시 강동구 둔촌동 50-2번지 302호,서울특별시 강동구 천호대로 1196 (둔촌동),5361,이네이처PC방,127.144298586046,37.5343661840804
서울특별시 강동구 성내동 500번지 1층,"서울특별시 강동구 천호대로170길 56, 1층 (성내동)",5382,청개구리PC,127.132292738993,37.5330439699506
서울특별시 강동구 길동 321-8번지 2층,서울특별시 강동구 양재대로128길 20 (길동),5302,아이비스PC방 굽은다리점,127.143857591075,37.5446884804623
서울특별시 강동구 강일동 675번지 베스트프라자 4층 401호,서울특별시 강동구 아리수로93길 33 (강일동),5211,비타민PC방 강일점,127.173539404835,37.5658948102878
서울특별시 강동구 길동 350-3번지 지하,서울특별시 강동구 천중로 208 (길동),5343,7번가 PC방,127.143227263627,37.5406438518667
서울특별시 강동구 상일동 458-3번지 1층,서울특별시 강동구 상암로 423 (상일동),5284,에코스 PC방,127.169701024925,37.5457705050372
서울특별시 강동구 암사동 489-60 동진빌딩,"서울특별시 강동구 상암로 93, 동진빌딩 지하1층 (암사동)",5265,엔젤PC방,127.133404605734,37.5477400001926
서울특별시 강동구 성내동 284-10번지 102호,"서울특별시 강동구 풍성로37가길 17, 102호 (성내동)",5387,신게임,127.12731141569,37.5332979409416
서울특별시 강동구 천호동 294번지 2층,서울특별시 강동구 구천면로41길 13 (천호동),5320,인테크 PC방,127.133183294497,37.5464228103138
서울특별시 강동구 암사동 504-26 지층,서울특별시 강동구 올림픽로 801 (암사동),5241,해피데이 PC방,127.128170596073,37.5526626328776
서울특별시 강동구 암사동 425-18번지 2층,서울특별시 강동구 암사길 68 (암사동),5258,아이라면 PC방,127.136993482485,37.5519203952787
서울특별시 강동구 천호동 529번지 지층,서울특별시 강동구 구천면로 236 (천호동),5334,풀 PC방,127.130577994613,37.5414125627311
서울특별시 강동구 성내동 427-78번지 2층,서울특별시 강동구 양재대로89길 36 (성내동),5404,론똔 PC방,127.133562201687,37.5269744802108
서울특별시 강동구 고덕동 193번지 2층,서울특별시 강동구 상일로15길 34 (고덕동),5222,WOW PC방,127.16930066098,37.558223941567
서울특별시 강동구 성내동 416-6 심포니타워,"서울특별시 강동구 양재대로 1365, 심포니타워 (성내동)",5404,아레나PC,127.135874866354,37.5280657478158
서울특별시 강동구 길동 329-15번지 2층,"서울특별시 강동구 양재대로124길 77, 2층 (길동)",5301,패밀리PC존,127.146443668974,37.5423104492198
서울특별시 강동구 명일동 48-12 동양타워,"서울특별시 강동구 동남로71길 38, 지층 101호 (명일동, 동양타워)",5269,독스PC,127.154068058218,37.5520423388557
서울특별시 강동구 천호동 166-65번지 지층,서울특별시 강동구 진황도로27길 15 (천호동),5333,아이템 벨리,127.131757661029,37.539193893014
서울특별시 강동구 천호동 397-99번지 2층,서울특별시 강동구 구천면로34길 10 (천호동),5334,네이쳐 PC방,127.13182324617,37.5423197466954
서울특별시 강동구 성내동 194번지 SK허브진 201호,서울특별시 강동구 천호대로 1092 (성내동),5381,지투존PC방(강동역점),127.132663780085,37.5352477607977
서울특별시 강동구 성내동 559-9번지 3층,서울특별시 강동구 성내로10길 12 (성내동),5399,엔씨,127.124537634413,37.5284392781969
서울특별시 강동구 암사동 501-2번지 가능빌딩 3층,서울특별시 강동구 올림픽로 778 (암사동),5264,카이젠 암사점 PC방,127.127916738477,37.5503999624409
서울특별시 강동구 성내동 413-7번지 2층,"서울특별시 강동구 풍성로 213  (성내동,2층)",,아이비스 둔촌역점,127.135556215963,37.5292143497768
서울특별시 강동구 성내동 245-44번지 1층,"서울특별시 강동구 양재대로103길 44  (성내동,1층)",,게임왕 PC방,127.135475734105,37.5335686179609
서울특별시 강동구 천호동 289-34 크리스탈빌딩 103호,"서울특별시 강동구 상암로 62-1, 크리스탈빌딩 103호 (천호동)",5319,싹쓰리PC,127.130092937199,37.5488506615037
서울특별시 강동구 성내동 429-4,"서울특별시 강동구 양재대로89길 17, 지하1층호 (성내동)",5405,제로백피씨 둔촌동역점(ZERO100 PC),127.134379483293,37.5265490012703
서울특별시 강동구 길동 387-5 길동청광플러스원큐브1차,"서울특별시 강동구 천중로42길 70, 1층 102호 (길동, 길동청광플러스원큐브1차)",5353,나이스PC,127.138275222668,37.5379520718765
서울특별시 강동구 천호동 550-9,"서울특별시 강동구 진황도로 5, 103호 (천호동)",5334,MAX PC,127.128501648287,37.540222367879
서울특별시 강동구 길동 413-1 탑스위트,"서울특별시 강동구 양재대로111길 15, 탑스위트 1층 124호 (길동)",5353,보석PC,127.138561502491,37.5369836121307
서울특별시 강동구 둔촌동 50-2번지 도성빌딩,"서울특별시 강동구 천호대로 1196, 도성빌딩 지층 (둔촌동)",5361,라이또PC 둔촌점,127.144298586046,37.5343661840804
서울특별시 강동구 강일동 675 베스트프라자,"서울특별시 강동구 아리수로93길 33, 베스트프라자 501호 (강일동)",5211,PC&,127.173539404835,37.5658948102878
서울특별시 강동구 상일동 255,"서울특별시 강동구 상일로 39, 2층 (상일동)",5282,e-SPORTS PC,127.172620191715,37.5505858004812
서울특별시 강동구 둔촌동 63-2번지 알레소빌딩,"서울특별시 강동구 천호대로 1178, 알레소빌딩 3층 (둔촌동)",5361,에코스 PC방,127.142325672312,37.5336759794198
서울특별시 강동구 길동 378-6 길빌딩,"서울특별시 강동구 양재대로 1481, 길빌딩 지층 (길동)",5342,이츠PC방,127.139901172837,37.538271092885
서울특별시 강동구 둔촌동 426-10 201호,"서울특별시 강동구 진황도로 152, 201호 (둔촌동)",5362,고래바다PC,127.141282668081,37.5324959302494
서울특별시 강동구 천호동 425-3 천호역 한강 푸르지오시티,"서울특별시 강동구 구천면로 192, 천호역 한강 푸르지오시티 102호 (천호동)",5328,나이스PC 게임장,127.125817158927,37.5403575252794
서울특별시 강동구 천호동 287-4,"서울특별시 강동구 상암로12길 4, 2층 (천호동)",5318,스마일PC,127.128266262401,37.5494493007863
서울특별시 강동구 암사동 476-30,"서울특별시 강동구 구천면로 347, 2층 (암사동)",5259,럭키 PC,127.137298433781,37.5500498402417
서울특별시 강동구 명일동 344-15 에이플러스 103호,"서울특별시 강동구 상암로 195, 에이플러스 1층 103호 (명일동)",5295,모아게임,127.144190381388,37.5466249508301
서울특별시 강동구 길동 414-10 강동한신휴플러스주상복합,"서울특별시 강동구 진황도로 99, 1층 115호 (길동, 강동한신휴플러스주상복합)",5353,놀러와PC,127.137473996228,37.5360846941657
서울특별시 강동구 암사동 500-1번지,"서울특별시 강동구 올림픽로 796, 2층 (암사동)",5263,COMON PC PLEX (커먼피씨플렉스),127.128534669022,37.5520742461293
서울특별시 강동구 강일동 677-5번지 유러피안하우스 지하1층,"서울특별시 강동구 아리수로91길 32-6, 지하1층 (강일동, 유러피안하우스2)",5211,유니넷PC 강일본점,127.173066682613,37.5653372476859
서울특별시 강동구 상일동 259,"서울특별시 강동구 상일로 33, 4층 (상일동)",5282,랩터PC CAFE,127.172712722739,37.5501767024713
서울특별시 강동구 천호동 85-8번지 지층,"서울특별시 강동구 구천면로42길 83  (천호동,지층)",,누나랑 PC할래,127.137224986244,37.5439366523799
서울특별시 강동구 명일동 344-15번지 에이플러스 401호,"서울특별시 강동구 상암로 195, 에이플러스 401호 (명일동)",5295,7PC,127.144190381388,37.5466249508301
서울특별시 강동구 천호동 334-10번지,"서울특별시 강동구 구천면로17길 32, 1층 (천호동)",5245,스타PC방,127.123851338427,37.5429907012707
서울특별시 강동구 암사동 479-9번지 2층,"서울특별시 강동구 암사길 40, 2층 (암사동)",5260,하루애 PC방,127.133757333524,37.5517312920762
"서울특별시 강동구 천호동 451-20번지 1층(103,104,105호) ","서울특별시 강동구 천호대로 1057  (천호동,1층(103,104,105호))",,트레벨 PC 하우스,127.129503776794,37.5372532002413
서울특별시 강동구 천호동 410-187번지 2층,서울특별시 강동구 진황도로 26 (천호동),5336,오렌지존 PC방,127.130054709077,37.5389617011046
서울특별시 강동구 성내동 413-10번지 2층,서울특별시 강동구 풍성로57길 3 (성내동),5376,무대뽀 PC방,127.135809705245,37.529315331061
서울특별시 강동구 천호동 83-7번지 지층,"서울특별시 강동구 구천면로42길 97  (천호동,지층)",,프로게이머 PC방,127.13748197924,37.5433291703749
서울특별시 강동구 성내동 30-12번지 2층,서울특별시 강동구 천호옛14길 28 (성내동),5384,블루스카이,127.126959027511,37.5359258172496
서울특별시 강동구 천호동 393-43번지 지층,서울특별시 강동구 구천면로 250 (천호동),5330,아이클랜 PC방,127.131456746578,37.542515581948
서울특별시 강동구 성내동 503-4번지 지층,서울특별시 강동구 풍성로45길 28 (성내동),5389,OUR BASE,127.13049828855,37.5318411485316
서울특별시 강동구 암사동 497-1,서울특별시 강동구 올림픽로98길 21 (암사동),5263,디저트 피앤씨,127.129341077489,37.5512721984493
서울특별시 강동구 길동 333-2번지 1층,"서울특별시 강동구 양재대로124길 25, 1층 (길동)",5302,놀토PC방,127.143545009244,37.5430139944025
서울특별시 강동구 길동 386-8,"서울특별시 강동구 천중로40길 78, 109호 (길동)",5354,비바PC,127.137353320911,37.5377154640378
서울특별시 강동구 성내동 384-1번지,"서울특별시 강동구 천호대로170길 53, 1층 (성내동)",5389,대박 PC,127.132502945682,37.5329764295547
서울특별시 강동구 암사동 512번지 2층,서울특별시 강동구 상암로 28 (암사동),5242,PCon (피씨온),127.126744210638,37.5503222093375
서울특별시 강동구 성내동 378-2번지,"서울특별시 강동구 천호대로 1132, 106호 (성내동)",5373,성내PC,127.136981871571,37.5340717110259
서울특별시 강동구 길동 389-3,"서울특별시 강동구 양재대로111길 10, 2층 (길동)",5353,최PC,127.139111133009,37.537211279292
서울특별시 강동구 길동 415-16 청광플러스원큐브3차 102호,"서울특별시 강동구 진황도로 87, 1층 102호 (길동, 청광플러스원큐브3차)",5354,따봉PC,127.136442751206,37.5363674526244
서울특별시 강동구 둔촌동 59-9,"서울특별시 강동구 명일로 167, 102호 (둔촌동)",5361,윈PC,127.144558916412,37.5338931109162
서울특별시 강동구 암사동 425-196,"서울특별시 강동구 구천면로 353, 1층 (암사동)",5258,꾸러기 PC,127.137845483212,37.550362119404
서울특별시 강동구 암사동 501-4 암사동양덱스빌,"서울특별시 강동구 상암로 41, 1층 114,115호 (암사동, 암사동양덱스빌)",5264,물라PC,127.128189760726,37.5501745970905
서울특별시 양천구 신정동 1182-2 401호,"서울특별시 양천구 중앙로 251, 4층 401호 (신정동)",8073,대성PC,126.853223171816,37.518714899828
서울특별시 광진구 중곡동 244-4,"서울특별시 광진구 면목로 104, 1층 (중곡동)",4914,따따블 PC,127.07974369209,37.5628242773194
서울특별시 광진구 중곡동 175-27,서울특별시 광진구 면목로 173 (중곡동),4902,놀이터 PC,127.082600970933,37.5686097694919
서울특별시 노원구 상계동 733 승경빌딩 지층,"서울특별시 노원구 동일로217가길 17, 승경빌딩 지층 (상계동)",1762,쇼타임PC 노원역점,127.05936970723,37.6533222020818
서울특별시 관악구 신림동 1421-41,"서울특별시 관악구 신림로66길 20, 2층 (신림동)",8754,해피PC,126.930756026865,37.4854174183208
서울특별시 광진구 중곡동 173-1,서울특별시 광진구 면목로 165 (중곡동),4906,레고 PC,127.082256268911,37.5679661588224
서울특별시 동작구 사당동 139-30 지안플라자,"서울특별시 동작구 동작대로27길 5, 지안플라자 4층 (사당동)",7008,옵티멈존피씨카페이수역점,126.981491819978,37.48735441607
서울특별시 영등포구 영등포동 618-372,서울특별시 영등포구 영신로 32-2 (영등포동),7307,팡팡PC,126.908238980528,37.5144126619349
서울특별시 영등포구 대림동 720-5,서울특별시 영등포구 대림로27가길 10 (대림동),7413,돈통PC,126.898866167409,37.4959353978947
서울특별시 구로구 구로동 1124-72 조영빌딩,"서울특별시 구로구 디지털로32길 79, 조영빌딩 지층 (구로동)",8391,헤라PC CAFE,126.899752015371,37.4835332463617
"서울특별시 양천구 신정동 952-1 지하1층 제103호, 제104호","서울특별시 양천구 오목로 172, 지하1층 103호,104호 (신정동, 뉴타운아파트)",8020,nu PC CAFE,126.856585484969,37.5249200868153
서울특별시 중랑구 신내동 797 동성7차아파트,"서울특별시 중랑구 신내로14길 21, 107호 (신내동, 동성7차아파트)",2067,서킷스토리 아카데미 PSR 신내,127.097147956287,37.6061237684817
서울특별시 영등포구 당산동6가 338-1 한경빌딩 지하1층,"서울특별시 영등포구 양평로 64, 한경빌딩 지하1층 (당산동6가)",7222,제우스 PC방 당산점,126.899965832636,37.5351397125293
서울특별시 서초구 잠원동 69-22 반포쇼핑타운,"서울특별시 서초구 신반포로 219, 반포쇼핑타운 (잠원동)",6512,PC CAFE 로가,127.008065342049,37.5075121874388
서울특별시 동대문구 휘경동 267-110,"서울특별시 동대문구 망우로16길 20, 지하1층 (휘경동)",2496,늑대와여우,127.060971952229,37.5893695674034
서울특별시 관악구 신림동 1422-15,"서울특별시 관악구 신림로64길 32, 1층 (신림동)",8754,무등산PC,126.931500008304,37.4850497000506
서울특별시 관악구 봉천동 894-16 2층,"서울특별시 관악구 청룡길 9, 2층 (봉천동)",8786,브라보PC,126.946522694417,37.4815170316646
서울특별시 도봉구 창동 557-57,"서울특별시 도봉구 덕릉로 226, 2층 (창동)",1473,SK PC방,127.037732453196,37.6379769919489
서울특별시 양천구 신월동 68-14,"서울특별시 양천구 월정로 220, 1층 (신월동)",7907,세븐PC,126.833627948763,37.5379971004507
서울특별시 강동구 천호동 291-22 성진빌딩,"서울특별시 강동구 상암로 84, 성진빌딩 102호 (천호동)",5319,자유인 PC,127.132133391881,37.5480212795705
서울특별시 양천구 신월동 98-39,"서울특별시 양천구 곰달래로5길 62, 1층 (신월동)",7917,스타PC,126.831836340906,37.5348912500382
서울특별시 강북구 수유동 175-6,"서울특별시 강북구 도봉로95길 19, 1층 (수유동)",1054,쉼터PC,127.027613003151,37.6414115550023
서울특별시 은평구 녹번동 131-123,"서울특별시 은평구 진흥로 166, 1층 (녹번동)",3375,로얄PC,126.927858880966,37.6086089735349
서울특별시 중랑구 면목동 175-85 해동검도중랑전수관,"서울특별시 중랑구 겸재로 100, 1층 (면목동)",2231,ACE PC,127.078897719973,37.5862932296203
서울특별시 구로구 개봉동 289-18,"서울특별시 구로구 개봉로6길 5-6, 1층 (개봉동)",8334,럭키PC,126.856890098175,37.4870807011219
서울특별시 강서구 화곡동 912-1 궁전아파트 202호,"서울특별시 강서구 강서로5나길 83, 202호 (화곡동, 궁전아파트)",7780,명당PC,126.843630611134,37.528175721234
서울특별시 양천구 신월동 235-6,서울특별시 양천구 월정로 107 (신월동),7925,88PC,126.83890637207,37.5288403470745
서울특별시 성북구 상월곡동 27-24,"서울특별시 성북구 화랑로23길 29, 1층 (상월곡동)",2773,삼거리PC (성인PC방),127.05031739033,37.6090351117513
서울특별시 용산구 청파동2가 60-1,"서울특별시 용산구 청파로47나길 13, 지하1층 (청파동2가)",4310,피씨나인,126.96681153698,37.5455760371033
서울특별시 강남구 역삼동 822-2 메디타워,"서울특별시 강남구 테헤란로 107, 메디타워 지하1층 (역삼동)",6134,3 POP PC CAFE,127.028754000454,37.4986813605293
서울특별시 동대문구 회기동 45-70번지 3층,"서울특별시 동대문구 회기로 153  (회기동,3층)",,하이웨이네트,127.053483705277,37.5912417657061
서울특별시 동대문구 장안동 127-7번지 2층,"서울특별시 동대문구 한천로36길 16  (장안동,2층)",,넷플러스,127.06876311047,37.5756426165824
서울특별시 동대문구 이문동 287-22번지 3층,"서울특별시 동대문구 이문로 100  (이문동,3층)",,인터넷뱅크,127.059962082851,37.5956972999549
서울특별시 중랑구 면목동 71-23번지,서울특별시 중랑구 겸재로50길 52  (면목동),,애플인터넷,127.093245316201,37.5888481633964
서울특별시 중랑구 망우동 202-19번지 3층 A동,,,(주)엔스타트,,
서울특별시 중랑구 면목동 459-14번지,서울특별시 중랑구 면목로 336  (면목동),,인터월드,127.088907165024,37.5820122547194
서울특별시 중랑구 상봉동 113-2번지,서울특별시 중랑구 면목로 485  (상봉동),,인터피아,127.085606482423,37.595210898234
서울특별시 중랑구 상봉동 130-10번지,서울특별시 중랑구 망우로32길 20  (상봉동),,비트라인,127.076476348168,37.592995952764
서울특별시 중랑구 망우동 563-12번지 3층,"서울특별시 중랑구 용마산로115길 106  (망우동,3층)",,좋은친구들,127.094436879226,37.5981631078557
서울특별시 중랑구 면목동 14-56번지,서울특별시 중랑구 용마산로90길 19  (면목동),,레드존,127.097248574928,37.587631566731
서울특별시 중랑구 중화동 292-21번지,서울특별시 중랑구 동일로130길 22  (중화동),,게임나라,,
서울특별시 중랑구 중화동 312-45번지,서울특별시 중랑구 동일로129길 42  (중화동),,ACRO PC방,127.077503449289,37.599755419554
서울특별시 중랑구 면목동 51-1번지,서울특별시 중랑구 용마산로 408  (면목동),,클릭P.C,127.096233290507,37.5877899824019
서울특별시 중랑구 면목동 1110-13번지,서울특별시 중랑구 사가정로 415  (면목동),,스피드,127.090876084176,37.5806338572619
서울특별시 중랑구 면목동 611-3번지,서울특별시 중랑구 면목로 318  (면목동),,스페이스PC방,127.088455941098,37.5802323207696
서울특별시 중랑구 면목동 463-25번지,서울특별시 중랑구 면목로44길 37  (면목동),,넷플레어,127.090647821196,37.5810770512549
서울특별시 중랑구 면목동 102-17번지,서울특별시 중랑구 면목로74길 16  (면목동),,인터넷챔피언,127.088238962743,37.5890964512964
서울특별시 중랑구 면목동 340-18번지,서울특별시 중랑구 답십리로77길 110  (면목동),,파이날라운드,127.081372479368,37.5765119865545
서울특별시 중랑구 묵동 250-61번지,서울특별시 중랑구 동일로143길 22  (묵동),,피터팬PC방,127.077402354981,37.6053582035088
서울특별시 중랑구 중화동 303-14번지,서울특별시 중랑구 동일로 775  (중화동),,인터넷프라자,127.079466740593,37.599688702066
서울특별시 중랑구 면목동 51-3번지,서울특별시 중랑구 용마산로 394  (면목동),,미르인터넷게임방,127.095551256708,37.5866519523067
서울특별시 중랑구 묵동 177-19번지 2층,"서울특별시 중랑구 공릉로2길 14  (묵동,2층)",,blue-net,127.078717550641,37.6119476197328
서울특별시 중랑구 면목동 176-68번지,서울특별시 중랑구 겸재로13길 3  (면목동),,와우,,
서울특별시 중랑구 면목동 657-56번지,서울특별시 중랑구 사가정로42길 37  (면목동),,사이버존PC방,127.083349048484,37.5793613524266
서울특별시 중랑구 묵동 164-7번지,,,트윈스인터넷PC게임방,,
서울특별시 중랑구 망우동 149-16번지 창신빌딩,"서울특별시 중랑구 망우로 478  (망우동,창신빌딩)",,엘리테커PC월드,127.105263041953,37.600365610451
서울특별시 중랑구 묵동 245-4번지,서울특별시 중랑구 동일로 865  (묵동),,챔프인터넷프라자,127.078008121717,37.607525495606
서울특별시 중랑구 상봉동 103-18번지,서울특별시 중랑구 봉우재로33길 65  (상봉동),,사이버존,127.088876000881,37.5952225370413
서울특별시 중랑구 면목동 472-44번지,서울특별시 중랑구 사가정로 399  (면목동),,클릭PC존,127.089210569993,37.5807727094014
서울특별시 중랑구 면목동 43-42번지 2층,"서울특별시 중랑구 상봉로 36  (면목동,2층)",,리얼클릭PC방,127.094092094075,37.5890093997288
서울특별시 중랑구 면목동 634-5번지,서울특별시 중랑구 면목로 311  (면목동),,롤클럽,127.087812647104,37.5799175433987
서울특별시 중랑구 면목동 498-3번지,서울특별시 중랑구 면목로 345  (면목동),,홍당무PC방,127.088397264563,37.5827894740353
서울특별시 중랑구 면목동 647-2번지,,,두산PC방,,
서울특별시 중랑구 면목동 499-11번지,서울특별시 중랑구 면목로55길 13-4  (면목동),,세종대왕PC방,127.087439326662,37.5840236470555
서울특별시 중랑구 상봉동 106-17번지,서울특별시 중랑구 봉우재로33길 20  (상봉동),,클릭,127.087529441688,37.5933976841894
서울특별시 중랑구 면목동 62-3번지,서울특별시 중랑구 용마산로 363  (면목동),,엠파이어PC방,127.093739007241,37.5844520098638
서울특별시 중랑구 중화동 318-1번지,서울특별시 중랑구 중랑역로13길 2  (중화동),,스피드,127.07535510578,37.5968892270727
서울특별시 중랑구 묵동 303-10번지,서울특별시 중랑구 공릉로12길 14-13  (묵동),,엘프랜드 PC클럽,,
서울특별시 중랑구 면목동 91-61번지,서울특별시 중랑구 봉우재로 126  (면목동),,토마토인터넷,127.08717065734,37.5926587761808
서울특별시 중랑구 망우동 469-1번지,서울특별시 중랑구 용마산로115길 15  (망우동),,PC ＆ 인터넷천국,127.099478231888,37.5988417371883
서울특별시 중랑구 면목동 1084-9번지,서울특별시 중랑구 용마산로 320-1  (면목동),,킹인터멧PC방,,
서울특별시 중랑구 망우동 11-0번지,,,월드컵,,
서울특별시 중랑구 신내동 393-5번지,서울특별시 중랑구 봉화산로 236  (신내동),,21C PC방,127.098886474208,37.6078470886249
서울특별시 중랑구 묵동 176-1번지,서울특별시 중랑구 공릉로2길 8  (묵동),,인터넷피아21,,
서울특별시 중랑구 망우동 133-30번지,서울특별시 중랑구 망우로 490  (망우동),,싸이버넷트,127.106416819401,37.6003387173582
서울특별시 중랑구 망우동 410-1번지,서울특별시 중랑구 용마산로 494  (망우동),,PC방 컴맹이,127.100268095195,37.5949757275537
서울특별시 중랑구 중화동 311-43번지,서울특별시 중랑구 봉화산로 17-1  (중화동),,유넷,,
서울특별시 중랑구 중화동 331-1번지 지층,"서울특별시 중랑구 동일로139길 59  (중화동,지층)",,유 피씨,,
서울특별시 중랑구 상봉동 125번지 14통2반 지층,"서울특별시 중랑구 봉우재로25길 9  (상봉동,지층)",,헤커PC방,127.0837218502,37.5926066727534
서울특별시 중랑구 묵동 176-14번지 지층,"서울특별시 중랑구 공릉로 6  (묵동,지층)",,인터넷 토탈마켓 러쉬,127.077999134999,37.6113915559544
서울특별시 중랑구 묵동 249-106번지,서울특별시 중랑구 중랑역로 133  (묵동),,911 경비구역,127.07683547156,37.6053976768942
서울특별시 중랑구 묵동 157-22번지,서울특별시 중랑구 공릉로12가길 11  (묵동),,붐붐인터넷,127.080239345924,37.6167364293941
서울특별시 중랑구 중화동 312-37번지,서울특별시 중랑구 중랑역로 73-1  (중화동),,인터플러스중화점,127.077850189065,37.6000791875796
서울특별시 중랑구 면목동 186-60번지 B1,"서울특별시 중랑구 중랑천로10길 4  (면목동,B1)",,윈PC방,127.073376684853,37.5915095720344
서울특별시 중랑구 면목동 19-57번지,서울특별시 중랑구 용마산로90길 7  (면목동),,캐릭터PC,127.096507550114,37.5879049954081
서울특별시 중랑구 신내동 495-7번지,서울특별시 중랑구 신내로 9  (신내동),,네티즌PC방,127.096808256823,37.5999581223455
서울특별시 중랑구 상봉동 109-0번지,서울특별시 중랑구 면목로 463  (상봉동),,파워인터넷PC방,127.086145042788,37.5931669676714
서울특별시 중랑구 상봉동 87-8번지,서울특별시 중랑구 봉우재로33길 62  (상봉동),,가메조네,127.08899304315,37.5949026870373
서울특별시 중랑구 면목동 340-1번지 2층,"서울특별시 중랑구 면목로27나길 61  (면목동,2층)",,리버PC 면목점,127.082371859715,37.5776468163018
서울특별시 중랑구 면목동 606-5번지 2층,"서울특별시 중랑구 사가정로 363-1  (면목동,2층)",,K2 PC방,127.085023465814,37.5811961129344
서울특별시 중랑구 면목동 19-58번지 4층,"서울특별시 중랑구 용마산로90길 9  (면목동,4층)",,사이버 클럽,127.096648439327,37.5878487483093
서울특별시 중랑구 묵동 174-4번지 지층,"서울특별시 중랑구 공릉로2길 7  (묵동,지층)",,왓츠업(WHATS UP),127.07826300452,37.612235427568
서울특별시 중랑구 면목동 341-40번지 지층,"서울특별시 중랑구 면목로33길 38  (면목동,지층)",,카프리 인터넷PC방,127.083699948441,37.5766875848208
서울특별시 중랑구 망우동 466-1번지,,,밀레니엄PC방,,
서울특별시 중랑구 망우동 488-13번지,서울특별시 중랑구 망우로 417  (망우동),,인터파크,127.098539361648,37.5996961232742
서울특별시 중랑구 중화동 312-1번지,,,공룡코딱지,,
서울특별시 중랑구 면목동 578-29번지,,,인터클릭,,
서울특별시 중랑구 망우동 572번지 용마프라자 401호,"서울특별시 중랑구 봉우재로71길 18  (망우동,용마프라자 401호)",,용마 멀티프라자,127.098764864011,37.596385964949
서울특별시 중랑구 면목동 176-11번지 1층,"서울특별시 중랑구 겸재로9길 12  (면목동,1층)",,인터넷마을,127.078482757631,37.5869297872684
서울특별시 중랑구 망우동 573-1번지,,,HACKER,,
서울특별시 중랑구 묵동 300-1번지,서울특별시 중랑구 공릉로 56  (묵동),,인터피아,127.079115502481,37.6155448205089
서울특별시 중랑구 중화동 304-74번지,서울특별시 중랑구 봉화산로 38  (중화동),,사이버월드,127.078469463393,37.6014426067845
서울특별시 중랑구 중화동 304-37번지,서울특별시 중랑구 중랑역로 68  (중화동),,인터넷타임,127.078368464938,37.5995129323587
서울특별시 중랑구 망우동 465-8번지,서울특별시 중랑구 용마산로 517  (망우동),,용비어천가PC방,127.100019643408,37.597161652605
서울특별시 중랑구 중화동 301-2번지,서울특별시 중랑구 동일로 771  (중화동),,버츄얼시티 PC방,127.079614856607,37.5992614425624
서울특별시 중랑구 상봉동 126-42번지 2층,"서울특별시 중랑구 동일로114길 2  (상봉동,2층)",,매직스페이스 PC방,,
서울특별시 중랑구 상봉동 104-82번지,서울특별시 중랑구 봉우재로33길 41  (상봉동),,매직 스페이스,127.087820271803,37.5944067588229
서울특별시 중랑구 면목동 634-2번지,서울특별시 중랑구 면목로 319  (면목동),,컴앤넷,127.088210625453,37.5804345971945
서울특별시 중랑구 면목동 182-1번지,서울특별시 중랑구 동일로109길 55  (면목동),,인터넷시이버짱,127.077149931851,37.591328769646
서울특별시 중랑구 면목동 399-80번지,서울특별시 중랑구 답십리로77길 12  (면목동),,클릭정보센터면목점,127.081658405492,37.5721300725641
서울특별시 중랑구 상봉동 119-0번지,서울특별시 중랑구 동일로118길 44  (상봉동),,스피드게임,127.082848657805,37.5948844549129
서울특별시 중랑구 면목동 5-33번지 지층,"서울특별시 중랑구 용마산로94길 24  (면목동,지층)",,아이넷피시방,127.098099731803,37.5888040444738
서울특별시 중랑구 묵동 174-8번지,서울특별시 중랑구 공릉로 22  (묵동),,드림인터넷PC방,127.078065374442,37.6126759617469
서울특별시 중랑구 면목동 459-15번지 3층,"서울특별시 중랑구 면목로 338  (면목동,3층)",,씨앤아이,127.088823247194,37.5821804432414
서울특별시 중랑구 상봉동 130-146번지 3층,"서울특별시 중랑구 망우로 206  (상봉동,3층)",,야우리PC,127.075795873069,37.5935918570841
서울특별시 중랑구 면목동 405-4번지 지층,"서울특별시 중랑구 면목로56길 55  (면목동,지층)",,스페이스,127.091518604391,37.5840003726009
서울특별시 중랑구 상봉동 112-72번지 2층,"서울특별시 중랑구 망우로42길 29  (상봉동,2층)",,월드컵PC방,127.083354374527,37.5942915168016
서울특별시 중랑구 묵동 238-90번지 2층,"서울특별시 중랑구 동일로 929  (묵동,2층)",,와! PC방,127.076760276991,37.6133347197629
서울특별시 중랑구 중화동 303-16번지,서울특별시 중랑구 동일로 777  (중화동),,싸이버-X,,
서울특별시 중랑구 면목동 379-1번지,서울특별시 중랑구 면목로 245  (면목동),,클릭 클릭,127.085068076458,37.5749314700134
서울특별시 중랑구 중화동 312-34번지,서울특별시 중랑구 중랑역로 73  (중화동),,T-ONE ZONE,127.07786682288,37.5999584438647
서울특별시 중랑구 면목동 175-8번지 지하,"서울특별시 중랑구 겸재로 96  (면목동,지하)",,에니넷,127.07847879107,37.5861712441786
서울특별시 중랑구 면목동 89-33번지,서울특별시 중랑구 상봉로 83  (면목동),,디지탈필,127.093032388887,37.5933429294234
서울특별시 중랑구 면목동 389-4번지,서울특별시 중랑구 면목로21길 36  (면목동),,컴마을인터넷PC방,127.081873103029,37.5726104243987
서울특별시 중랑구 신내동 783-0번지 성원아파트상가 206호,"서울특별시 중랑구 신내로 51,  206호 (신내동,성원아파트상가)",,클릭,127.09472455776,37.6059761741832
서울특별시 중랑구 묵동 235-17번지,서울특별시 중랑구 중랑역로 231  (묵동),,인터넷클릭I,127.075187440085,37.6141406754902
서울특별시 중랑구 묵동 239-91번지,서울특별시 중랑구 동일로157길 14  (묵동),,0828PC방,127.077055231762,37.6099541976253
서울특별시 중랑구 망우동 357-36번지,서울특별시 중랑구 용마산로 558  (망우동),,프로게이머,127.100710207035,37.6007255645145
서울특별시 중랑구 상봉동 136-6번지,서울특별시 중랑구 망우로 188  (상봉동),,HI-SPEED,127.073638159759,37.5930355992376
서울특별시 중랑구 면목동 19-44번지 2층,"서울특별시 중랑구 용마산로 414  (면목동,2층)",,사이버리아피씨방,127.09650367473,37.5884111760563
서울특별시 중랑구 면목동 89-19번지,서울특별시 중랑구 봉우재로 178  (면목동),,LOGIN PC방,127.092675019508,37.5938800212972
서울특별시 중랑구 면목동 167-47번지 동보빌딩2층,"서울특별시 중랑구 사가정로 325  (면목동,동보빌딩2층)",,사이버리아(면목점),,
서울특별시 중랑구 면목동 611-2번지,,,넷크럽(면목점),,
서울특별시 중랑구 신내동 397-0번지 동성1차상가 203호,,,피터팬PC,,
서울특별시 중랑구 면목동 184-48번지,서울특별시 중랑구 동일로109길 46  (면목동),,엔월드넷,127.077585187434,37.591664193937
서울특별시 중랑구 망우동 523-5번지,서울특별시 중랑구 상봉로 52  (망우동),,리버,127.093804844085,37.5905427564839
서울특별시 중랑구 상봉동 101-8번지,서울특별시 중랑구 망우로 306  (상봉동),,인터넷짱,127.086437373346,37.5963712198374
서울특별시 중랑구 상봉동 85-65번지,서울특별시 중랑구 봉우재로 167  (상봉동),,라이프인터넷PC방,127.091560641016,37.594009912996
서울특별시 중랑구 상봉동 130-135번지,서울특별시 중랑구 망우로 210  (상봉동),,인터넷챔피언,127.07599534973,37.5936673220132
서울특별시 중랑구 상봉동 99-3번지,서울특별시 중랑구 망우로 323  (상봉동),,인터넷월드,,
서울특별시 중랑구 묵동 239-136번지,서울특별시 중랑구 동일로163길 23  (묵동),,인터넷사랑,127.076014457189,37.6117807267215
서울특별시 중랑구 면목동 126-7번지,서울특별시 중랑구 면목로 419  (면목동),,주기네PC게임방,127.086982040873,37.5893716462554
서울특별시 중랑구 면목동 89-1번지,서울특별시 중랑구 봉우재로 180  (면목동),,스피드PC프라자,127.092855541014,37.593904566584
서울특별시 중랑구 면목동 502-7번지,서울특별시 중랑구 면목로 365  (면목동),,편안한인터넷PC방,127.088187445515,37.5847776721023
서울특별시 중랑구 면목동 106-11번지,서울특별시 중랑구 겸재로54길 26  (면목동),,P AND I,127.091705045221,37.588039287941
서울특별시 중랑구 면목동 167-10번지,서울특별시 중랑구 사가정로 331  (면목동),,BUSINESS NETWORK CLUB,,
서울특별시 중랑구 중화동 208-1번지,서울특별시 중랑구 중랑역로 5  (중화동),,E.U.NET,127.076707183121,37.5946103798631
서울특별시 중랑구 상봉동 129-86번지,서울특별시 중랑구 망우로 216  (상봉동),,@CLICK,127.076779236368,37.5938752140491
서울특별시 중랑구 중화동 286-25번지,서울특별시 중랑구 동일로 802  (중화동),,인터넷게이트,127.079714349109,37.6020848093367
서울특별시 중랑구 묵동 239-51번지,서울특별시 중랑구 동일로 905  (묵동),,싸이버월드,127.0772952912,37.6111164065523
서울특별시 중랑구 면목동 17-18번지,서울특별시 중랑구 용마산로 438  (면목동),,인터넷프라자,127.097568272006,37.5902883288454
서울특별시 중랑구 묵동 156-22번지,서울특별시 중랑구 공릉로12가길 29  (묵동),,화랑인터넷,127.081018296555,37.6172761295706
서울특별시 중랑구 면목동 53-2번지,서울특별시 중랑구 용마산로86길 21-54  (면목동),,인터넷매니아,127.097332072062,37.5873240793004
서울특별시 중랑구 면목동 1502-2번지,서울특별시 중랑구 용마산로 248  (면목동),,인터텟스쿨,127.08848531425,37.5752055633554
서울특별시 중랑구 면목동 371-125번지,서울특별시 중랑구 면목로 258  (면목동),,짱게임방,127.085947592589,37.5757573150628
서울특별시 중랑구 망우동 487-2번지,서울특별시 중랑구 망우로 431  (망우동),,인터넷래리,127.100046488756,37.6000432683678
서울특별시 중랑구 면목동 605-38번지 2층,"서울특별시 중랑구 사가정로 373  (면목동,2층)",,구문룡PC클럽,127.086238234068,37.5810982848332
서울특별시 중랑구 상봉동 486-1번지 우암빌딩 3층,"서울특별시 중랑구 봉화산로 121  (상봉동,우암빌딩 3층)",,인터플러스 상봉점 (주)다울정보통신,127.087584308356,37.6033051186179
서울특별시 중랑구 망우동 356-33번지,서울특별시 중랑구 용마산로118길 23  (망우동),,@ 골뱅이 PC방,127.101910695133,37.600982757854
서울특별시 중랑구 면목동 180-36번지,서울특별시 중랑구 봉우재로 42  (면목동),,UNI,127.077966882498,37.5904731013265
서울특별시 중랑구 면목동 156-1번지,서울특별시 중랑구 사가정로39길 79  (면목동),,아지트PC방,127.0829668378,37.584652524849
서울특별시 중랑구 망우동 458-1번지,서울특별시 중랑구 용마산로 497  (망우동),,사이버리아(용마점),127.099713778759,37.5953699303131
서울특별시 중랑구 면목동 161-2번지,서울특별시 중랑구 동일로 606  (면목동),,은성PC방,127.080134858252,37.5843764349464
서울특별시 중랑구 상봉동 201번지,서울특별시 중랑구 상봉중앙로1길 20  (상봉동),,컴매니아,127.087534462118,37.5991335701855
서울특별시 중랑구 망우동 135-5번지,서울특별시 중랑구 망우로 499  (망우동),,매직스페이스,127.107766676499,37.6007459114528
서울특별시 중랑구 면목동 536-7번지,서울특별시 중랑구 사가정로 412  (면목동),,에피소드PC방,,
서울특별시 중랑구 중화동 284-10번지,서울특별시 중랑구 동일로 822  (중화동),,밀레니엄인터넷PC방,127.079334580117,37.6039458801724
서울특별시 중랑구 신내동 464-0번지,서울특별시 중랑구 신내로12길 41  (신내동),,워프게이트,127.09736065713,37.6048336463146
서울특별시 중랑구 면목동 14-13번지,서울특별시 중랑구 용마산로94가길 31  (면목동),,815PC방,127.096857006921,37.5877706415117
서울특별시 중랑구 신내동 571-14번지,서울특별시 중랑구 신내로 62  (신내동),,인터넷스페이스,127.095755033732,37.6047516184082
서울특별시 중랑구 신내동 563-2번지,서울특별시 중랑구 신내로 66  (신내동),,인터넷마을,127.095644197753,37.6050433586666
서울특별시 중랑구 상봉동 74-5번지,서울특별시 중랑구 망우로 381  (상봉동),,홍당무,127.09465851513,37.5988118238417
서울특별시 중랑구 중화동 305-20번지,서울특별시 중랑구 동일로 805-1  (중화동),,넷티,127.079005080165,37.6023851358191
서울특별시 중랑구 신내동 454-4번지 디딤B/D 2층,"서울특별시 중랑구 신내로14길 26  (신내동,디딤B/D 2층)",,테라뷰,127.097037404944,37.6054986627446
서울특별시 중랑구 면목동 185-116번지,서울특별시 중랑구 동일로109길 62  (면목동),,조이 인터넷  P.C방,127.0767891677,37.5914186535974
서울특별시 중랑구 면목동 19-33번지,서울특별시 중랑구 용마산로94길 4  (면목동),,밤새지마란말이야,127.097053799953,37.5891756673925
서울특별시 중랑구 중화동 207-24번지 6통2반,서울특별시 중랑구 망우로 221  (중화동),,겜돌이 PC방,127.077348305966,37.5945007612958
서울특별시 중랑구 중화동 307-60번지,서울특별시 중랑구 중랑역로 118  (중화동),,아지트PC방,127.077498879286,37.6039740394776
서울특별시 중랑구 망우동 470-27번지,서울특별시 중랑구 망우로62길 7  (망우동),,월드넷PC방,127.097577900025,37.5987029492424
서울특별시 중랑구 묵동 162-4번지,서울특별시 중랑구 중랑역로 274  (묵동),,PC야놀자,127.078583653922,37.616229386298
서울특별시 중랑구 신내동 613-10번지,서울특별시 중랑구 봉화산로 215  (신내동),,사이버시티,127.09654291583,37.6076555866366
서울특별시 중랑구 면목동 74-18번지,서울특별시 중랑구 상봉로11길 31  (면목동),,스페이스PC게임방,127.091776218164,37.5898476141115
서울특별시 중랑구 중화동 302-56번지,서울특별시 중랑구 동일로123길 46  (중화동),,인터넷셀라,127.077635275229,37.5980252504099
서울특별시 중랑구 묵동 239-1번지 3층,"서울특별시 중랑구 동일로 911  (묵동,3층)",,울트라PC매니아,127.077201658653,37.6118042827404
서울특별시 중랑구 망우동 572-0번지,서울특별시 중랑구 봉우재로71길 18  (망우동),,네이버죤,127.098764864011,37.596385964949
서울특별시 중랑구 면목동 14-45번지,서울특별시 중랑구 용마산로94길 14  (면목동),,골뱅이PC게임방,127.097514524739,37.5890134694756
서울특별시 중랑구 중화동 320-53번지 2층,"서울특별시 중랑구 중랑역로 13-1  (중화동,2층)",,인터넷SPACE PC방,127.076186411508,37.5953733162723
서울특별시 중랑구 망우동 470-1번지 2층 1호,"서울특별시 중랑구 망우로 426  (망우동,2층 1호)",,로그인,127.099528290541,37.5993570616173
서울특별시 중랑구 묵동 244-157번지 19통1반,서울특별시 중랑구 동일로 873  (묵동),,사이버 스토피아,127.077865835158,37.6083544998172
서울특별시 중랑구 묵동 294-6번지 3층,"서울특별시 중랑구 공릉로 52  (묵동,3층)",,사이버리아 PC방,127.078879519243,37.615279637443
서울특별시 중랑구 면목동 87-3번지 3층,"서울특별시 중랑구 상봉로 63  (면목동,3층)",,45,127.093208717902,37.5916410873439
서울특별시 중랑구 면목동 151-7,"서울특별시 중랑구 동일로 616, 1층 (면목동)",2215,VIP PC,127.08004606712,37.5854067805866
서울특별시 중랑구 상봉동 130-22,"서울특별시 중랑구 망우로32길 28, 2층 (상봉동)",2120,라이또PC방 중랑역점,127.076493371734,37.5927022184336
서울특별시 중랑구 묵동 239-154,"서울특별시 중랑구 동일로163길 9, 2층 (묵동)",2006,땁PC,127.076791609002,37.611862664055
서울특별시 중랑구 면목동 409-22,"서울특별시 중랑구 면목로56길 23, 1층 (면목동)",2209,공간PC,127.089850840628,37.5841186928383
서울특별시 중랑구 묵동 305-4,"서울특별시 중랑구 공릉로 62, 1층 (묵동)",2031,럭키PC,127.07949738317,37.6160328994659
서울특별시 중랑구 상봉동 115-61번지 주함해븐타워,"서울특별시 중랑구 면목로 491, 주함해븐타워 비101호 (상봉동)",2137,STONE PC(스톤PC),127.085343449345,37.5958131310758
서울특별시 중랑구 묵동 240-17,"서울특별시 중랑구 중랑역로 197-1, 1층 (묵동)",2007,복돼지PC,127.075774678252,37.6111007244251
서울특별시 중랑구 묵동 55-3,"서울특별시 중랑구 공릉로12가길 6, 201~204호 (묵동)",2031,테라PC 묵동점,,
서울특별시 중랑구 면목동 398-25 미소리움,"서울특별시 중랑구 답십리로 385, 101호 (면목동, 미소리움)",2246,돈따라PC,127.08316062081,37.5715824804223
서울특별시 중랑구 망우동 410-1 상아빌딩,"서울특별시 중랑구 용마산로 494, 상아빌딩 2층 203호 (망우동)",2182,크라우드PC방 망우점,127.100268095195,37.5949757275537
서울특별시 중랑구 중화동 207-24 만승빌딩,"서울특별시 중랑구 망우로 221, 만승빌딩 3층 (중화동)",2117,텐PC방,127.077348305966,37.5945007612958
서울특별시 중랑구 면목동 147-25,"서울특별시 중랑구 겸재로 125, 1층 (면목동)",2147,888PC,127.081673673389,37.5872488263764
서울특별시 중랑구 망우동 506-16,"서울특별시 중랑구 상봉로 108, 2층 (망우동)",2169,로얄PC,127.093292722403,37.5954420338517
서울특별시 중랑구 면목동 90-21 슈퍼,"서울특별시 중랑구 봉우재로 156-1, 1층 (면목동)",2156,오라PC,127.090321324067,37.5933573787324
서울특별시 중랑구 상봉동 90-61,"서울특별시 중랑구 망우로48길 19, 1층 (상봉동)",2149,스카이pc,127.088178731247,37.5961052205241
서울특별시 중랑구 중화동 308-12,"서울특별시 중랑구 중랑역로 119, 1층 (중화동)",2015,놀이터PC,127.077090818215,37.6041617126479
서울특별시 중랑구 묵동 171-18번지 정윤빌,"서울특별시 중랑구 숙선옹주로 18-6, 101호 (묵동, 정윤빌)",2034,신게임PC방,127.078568529907,37.6146655510711
서울특별시 중랑구 면목동 51-19번지,"서울특별시 중랑구 용마산로90길 10, 2층 (면목동)",2192,아레나피씨(ARENA PC),127.096540216084,37.5876868384443
서울특별시 중랑구 상봉동 136-50,"서울특별시 중랑구 망우로30길 8, 202호 (상봉동)",2119,동부PC,127.07437556869,37.5928619662699
서울특별시 중랑구 망우동 490-8 해븐타워,"서울특별시 중랑구 망우로 400, 지하1층 (망우동, 해븐타워)",2163,퍼니홀릭피시카페,127.096589961709,37.5987572807336
서울특별시 중랑구 면목동 149-4,서울특별시 중랑구 겸재로 130 (면목동),2216,여우피씨,127.082103633158,37.5869922858088
서울특별시 중랑구 묵동 250-41 유림빌딩,"서울특별시 중랑구 동일로 843, 유림빌딩 지하1층 (묵동)",2013,레드포스PC아레나 중화점,127.0783680035,37.6056583166235
서울특별시 중랑구 망우동 465-3번지 2층,,,드림컴,,
서울특별시 중랑구 망우동 466-11 LG텔레콤,"서울특별시 중랑구 용마산로 521, LG텔레콤 1층 (망우동)",2165,에이스pc,127.10005522503,37.5975188653309
서울특별시 중랑구 묵동 240-11,"서울특별시 중랑구 중랑역로 199, 1층 (묵동)",2007,올나잇PC,127.075749550488,37.6112275997961
서울특별시 중랑구 면목동 184-88번지 삼보볼링센타,"서울특별시 중랑구 중랑천로10길 76, 삼보볼링센타 4층 (면목동)",2124,욜로PC방 면목점,127.077343706007,37.5922443208716
서울특별시 중랑구 상봉동 136-50,"서울특별시 중랑구 망우로30길 8, 208호 (상봉동)",2119,킹PC,127.07437556869,37.5928619662699
서울특별시 중랑구 묵동 238-122 맹호운수,"서울특별시 중랑구 동일로163길 22, 3층 (묵동)",2005,몰라PC,127.076040317185,37.612039564144
서울특별시 중랑구 망우동 522-37 엘리트학생복,"서울특별시 중랑구 상봉로 72, 엘리트학생복 1층 (망우동)",2174,바닐라탑PC,127.093614178344,37.5921759555658
서울특별시 중랑구 망우동 490-11,"서울특별시 중랑구 용마산로115길 84, 2층 (망우동)",2163,메이드PC방,127.095691142785,37.59828246998
서울특별시 중랑구 중화동 302-81 양지대중사우나,"서울특별시 중랑구 중랑역로 62, 양지대중사우나 지층 (중화동)",2103,레벨업피시(Level up PC),127.078105801132,37.59891376744
서울특별시 중랑구 면목동 617-1,"서울특별시 중랑구 면목로 316, 지하1층 (면목동)",2249,초코게임장,127.088332466633,37.5800732977612
서울특별시 중랑구 망우동 469-36 바울선교회,"서울특별시 중랑구 용마산로115길 33, 바울선교회 1층 (망우동)",2166,우림pc,127.098424999288,37.5986724230706
서울특별시 중랑구 묵동 238-1 묵동제일정형외과,"서울특별시 중랑구 동일로 933, 묵동제일정형외과 3층 (묵동)",2005,제로백PC 묵동점,127.076566670532,37.6137342537603
서울특별시 중랑구 면목동 115-12,"서울특별시 중랑구 면목로 399, 1층 (면목동)",2219,율PC,127.087706291973,37.587594623771
서울특별시 중랑구 망우동 508-6 더하이어,"서울특별시 중랑구 망우로58길 31, 201호 (망우동, 더하이어)",2169,NEX PC방,127.094112135913,37.5968329640884
서울특별시 중랑구 망우동 491-38번지 3층,"서울특별시 중랑구 용마산로115길 65 (망우동, 3층)",2167,로웰 PC Cafe,127.09671689534,37.5982268536431
서울특별시 중랑구 중화동 315-10 2층,"서울특별시 중랑구 중랑역로 51 (중화동, 2층)",2104,뉴본PC CAFE,127.076920088772,37.5983780061165
서울특별시 중랑구 중화동 301-49 지상1층,"서울특별시 중랑구 동일로123길 10 (중화동, 지상1층)",2103,NY시스템,127.079444403244,37.5977443789555
서울특별시 중랑구 묵동 174-4 지하1층,"서울특별시 중랑구 공릉로2길 7 (묵동, 지하1층)",2034,레벨업 PC방,127.07826300452,37.612235427568
서울특별시 중랑구 중화동 302-48 지상1층,"서울특별시 중랑구 동일로123길 32 (중화동, 지상1층)",2103,행운PC방,127.078335630037,37.5977892686245
서울특별시 중랑구 중화동 307-62 지상1층,"서울특별시 중랑구 중랑역로 120 (중화동, 지상1층)",2014,명품PC,127.07748346429,37.6040702753309
서울특별시 중랑구 중화동 315-10번지 3층,"서울특별시 중랑구 중랑역로 51  (중화동,3층)",,서바이벌 PC방,127.076920088772,37.5983780061165
서울특별시 중랑구 면목동 72-1번지 2층,"서울특별시 중랑구 상봉로 39  (면목동,2층)",,주니어 인터넷세상,127.093436153362,37.5894355494869
서울특별시 중랑구 묵동 181-68번지,서울특별시 중랑구 동일로 856  (묵동),,CMC PC방,127.078758941388,37.6068408755957
서울특별시 중랑구 묵동 240-45번지,서울특별시 중랑구 중랑역로 183  (묵동),,인터-죤,127.075964806201,37.6099561659489
서울특별시 중랑구 중화동 308-1번지 지층,"서울특별시 중랑구 동일로143길 29  (중화동,지층)",,스피드인터넷,127.076861160036,37.6050489771069
서울특별시 중랑구 면목동 166-51번지 2층,"서울특별시 중랑구 사가정로 345  (면목동,2층)",,이모티콘인터넷PC플라자,,
서울특별시 중랑구 상봉동 136-1번지 2층,"서울특별시 중랑구 망우로 192  (상봉동,2층)",,컴 메니아,127.074144907488,37.5931925050475
서울특별시 중랑구 묵동 240-3번지 2층,"서울특별시 중랑구 중랑역로 203  (묵동,2층)",,프로게이머 묵동점,127.075674201707,37.611531011094
서울특별시 중랑구 신내동 492-24번지 2층,"서울특별시 중랑구 용마산로 557  (신내동,2층)",,PC 스카이,127.100246556563,37.6006970374489
서울특별시 중랑구 중화동 286-24번지 2층,"서울특별시 중랑구 봉화산로 49  (중화동,2층)",,인터넷PC프라자,,
서울특별시 중랑구 신내동 613-71 부영빌딩3층,"서울특별시 중랑구 봉화산로 217 (신내동, 부영빌딩3층)",2054,옵티멈존PC카페 신내점,127.096812829256,37.6077684396848
서울특별시 중랑구 중화동 316-72,서울특별시 중랑구 동일로123길 69 (중화동),2106,놀토PC방,127.076301554972,37.5984633710455
서울특별시 중랑구 상봉동 88-100,"서울특별시 중랑구 상봉로25길 48, 1층 (상봉동)",2151,황금PC,127.090348640141,37.5947849787724
서울특별시 중랑구 면목동 51-1번지 3층,"서울특별시 중랑구 용마산로 408 (면목동, 3층)",2192,뮤토(MUTO)PC,127.096233290507,37.5877899824019
서울특별시 중랑구 상봉동 111-28 지상1층,"서울특별시 중랑구 면목로91길 25 (상봉동, 지상1층)",2138,바닐라PC,,
서울특별시 중랑구 면목동 50-47번지 2층,"서울특별시 중랑구 용마산로 405 (면목동, 2층)",2201,아레나피씨(ARENA PC),127.095721998394,37.5878937419635
서울특별시 중랑구 면목동 497-7 2층,"서울특별시 중랑구 면목로 341 (면목동, 2층)",2228,오즈PC카페,127.088154488573,37.5821763494967
서울특별시 중랑구 신내동 644 엘리어트하우스 지하1동 102호,"서울특별시 중랑구 신내로 193, 지하1층 102호 (신내동, 엘리어트하우스)",2024,BS PC,127.094437021597,37.6154746292954
서울특별시 중랑구 면목동 147-17번지,서울특별시 중랑구 겸재로 117  (면목동),,인터넷KJ,127.080792351502,37.5870337352761
서울특별시 중랑구 신내동 495-8번지,서울특별시 중랑구 신내로 7  (신내동),,인터넷캠프,127.096842106377,37.5998634905724
서울특별시 중랑구 면목동 184-16번지,서울특별시 중랑구 동일로109길 34  (면목동),,레트죤PC방,127.078082869638,37.5918151422894
서울특별시 중랑구 중화동 298-13번지,서울특별시 중랑구 중랑역로 18  (중화동),,짱인터넷플라자,127.076479617545,37.5957480291273
서울특별시 중랑구 면목동 70-67번지,서울특별시 중랑구 겸재로54길 21  (면목동),,컴토피아인터넷PC게임방,127.091923281587,37.5881771502157
서울특별시 중랑구 면목동 52-1번지,서울특별시 중랑구 용마산로90길 20  (면목동),,블루넷,127.097040551307,37.5875175821972
서울특별시 중랑구 면목동 50-48번지,서울특별시 중랑구 용마산로 405  (면목동),,넷박스,127.095721998394,37.5878937419635
서울특별시 중랑구 망우동 135-10번지,서울특별시 중랑구 양원역로 1  (망우동),,스피드PC프라자,127.108133717439,37.6008407203137
서울특별시 중랑구 면목동 612-64번지,서울특별시 중랑구 사가정로 402  (면목동),,사가정PC방,,
서울특별시 중랑구 묵동 245-75번지,서울특별시 중랑구 중랑역로 162  (묵동),,붉은악마,127.076750608038,37.6077835526031
서울특별시 중랑구 중화동 307-16번지,,,C월드PC방,,
서울특별시 중랑구 중화동 308-69번지,서울특별시 중랑구 동일로139길 42  (중화동),,한양인터넷PC방,127.076676071405,37.6033543353564
서울특별시 중랑구 중화동 316-68번지,서울특별시 중랑구 동일로123길 73  (중화동),,넷헌터,127.076145719561,37.5985555529521
서울특별시 중랑구 상봉동 205-36번지,서울특별시 중랑구 상봉중앙로5길 3  (상봉동),,데스나이트PC게임방,127.08723955189,37.6002676852152
서울특별시 중랑구 면목동 637-5번지,서울특별시 중랑구 사가정로50길 6  (면목동),,매니아클럽,127.086325455785,37.5805518586235
서울특별시 중랑구 망우동 506-16번지,서울특별시 중랑구 상봉로 108  (망우동),,PC마스터,127.093292722403,37.5954420338517
서울특별시 중랑구 중화동 307-63번지,서울특별시 중랑구 중랑역로 122  (중화동),,사이버리아PC방,127.077488019983,37.6042043396493
서울특별시 중랑구 면목동 172-58번지,서울특별시 중랑구 동일로95길 9  (면목동),,PC매니아,127.079054147757,37.584754409419
서울특별시 중랑구 묵동 250-46번지,서울특별시 중랑구 동일로143길 12  (묵동),,블루엔터블런스,127.077906364604,37.6054080570099
서울특별시 중랑구 면목동 147-25번지,서울특별시 중랑구 겸재로 125  (면목동),,Hunter PC방,127.081673673389,37.5872488263764
서울특별시 중랑구 면목동 600-53번지 2층,"서울특별시 중랑구 면목로43길 26  (면목동,2층)",,자랴2,127.086476433416,37.5814906734103
서울특별시 중랑구 면목동 637-4번지,,,좋은 인터넷,,
서울특별시 중랑구 면목동 665-3번지,서울특별시 중랑구 면목로35길 15  (면목동),,인터파크 PC방,127.085054590452,37.5782028093159
서울특별시 중랑구 상봉동 130-166 지하1층,"서울특별시 중랑구 망우로 202 (상봉동,지하1층)",,제로백PC 중랑역점,127.075473622773,37.5934850257791
서울특별시 중랑구 상봉동 115-20,"서울특별시 중랑구 망우로 274, 2,3층 (상봉동)",2137,피씨데이(PC DAY),,
서울특별시 중랑구 면목동 646-3번지,서울특별시 중랑구 면목로27길 92  (면목동),,대박피시방,127.080518532414,37.5742668436457
서울특별시 중랑구 상봉동 87번지 3층,"서울특별시 중랑구 봉우재로33길 66  (상봉동,3층)",,맥스플라이,127.089095987358,37.5950105481337
서울특별시 중랑구 신내동 409-4번지 2층,,,컴인PC방,,
서울특별시 중랑구 면목동 150-1번지 2층,"서울특별시 중랑구 겸재로 126  (면목동,2층)",,노다지인터넷,127.0817995162,37.5868841075423
서울특별시 중랑구 망우동 357-15번지 지층,"서울특별시 중랑구 용마산로118길 7  (망우동,지층)",,컴인터넷PC,127.101003129452,37.6007839686705
서울특별시 중랑구 면목동 44-24번지 2층,"서울특별시 중랑구 상봉로 14  (면목동,2층)",,블리쟈드,127.094664552908,37.5872195712417
서울특별시 중랑구 망우동 340-18번지,,,윈드포스,,
서울특별시 중랑구 중화동 324-1번지,서울특별시 중랑구 중랑천로 117  (중화동),,넷매니아PC방,127.072029243323,37.5957084823575
서울특별시 중랑구 면목동 147-6번지 2층,"서울특별시 중랑구 겸재로 115  (면목동,2층)",,아이잼,127.080590112573,37.5870096368265
서울특별시 중랑구 중화동 318-9 1층,"서울특별시 중랑구 중랑역로13길 10-1 (중화동,1층)",,타짱PC클럽,127.074975173293,37.5967509866956
서울특별시 중랑구 상봉동 130-157번지,"서울특별시 중랑구 중랑천로10길 57, 2층 (상봉동)",2120,대박PC방,127.076178070389,37.5924115822098
서울특별시 중랑구 중화동 307-1번지 1층 17회외22,서울특별시 중랑구 동일로143길 19 (중화동),2014,엔탑PC존,127.077618295975,37.605007486547
서울특별시 중랑구 신내동 494-5 지하1층,"서울특별시 중랑구 용마산로117길 34 (신내동,지하1층)",,행운PC방,127.098460392974,37.600267146851
서울특별시 중랑구 망우동 572번지 용마프라자 지하001호,"서울특별시 중랑구 봉우재로71길 18 (망우동, 지하001호)",2167,오즈아레나,127.098764864011,37.596385964949
서울특별시 중랑구 신내동 797번지 동성7차아파트,"서울특별시 중랑구 신내로14길 21, 701동 1층 105호 (신내동, 동성7차아파트)",2067,인디고 PC,127.097147956287,37.6061237684817
서울특별시 중랑구 중화동 329-28,"서울특별시 중랑구 봉화산로4길 28, 1층 (중화동)",2100,보물섬 PC,127.076192761483,37.6002682158384
서울특별시 중랑구 면목동 458-1,"서울특별시 중랑구 면목로 352, 지하1층 (면목동)",2210,콤마피시카페,127.088626152995,37.583335754749
서울특별시 중랑구 면목동 117-17번지 2층,서울특별시 중랑구 겸재로 166 (면목동),2219,PC데이(DAY),127.086287280048,37.5878881317646
서울특별시 중랑구 상봉동 136-1 3층 4호,"서울특별시 중랑구 망우로 192 (상봉동, 3층 4호)",2119,엔투PC(중랑역점),127.074144907488,37.5931925050475
서울특별시 중랑구 상봉동 130-130 2층,"서울특별시 중랑구 망우로32길 14 (상봉동, 2층)",2120,홀인원PC,127.076442058316,37.59323581896
서울특별시 중랑구 상봉동 118,"서울특별시 중랑구 망우로 270, 지층 (상봉동)",2136,크라우드PC상봉점(crowd pc),127.082666864382,37.5953470612305
서울특별시 중랑구 면목동 105-4번지,"서울특별시 중랑구 겸재로 198, 지1,2층 (면목동, 건원베스트원)",2197,아이비스PC,127.089622814812,37.5886453630461
서울특별시 중랑구 중화동 295-24번지,서울특별시 중랑구 동일로 764  (중화동),,여우밤,127.080310519384,37.598658658925
서울특별시 중랑구 신내동 492-15번지,서울특별시 중랑구 용마산로 563  (신내동),,버츄얼 넷,127.100201889918,37.6012512745271
서울특별시 중랑구 망우동 525-5번지 2층,"서울특별시 중랑구 겸재로 237  (망우동,2층)",,듀얼인터넷,127.093946205207,37.5900456568688
서울특별시 중랑구 면목동 25-6번지 (지하1층),"서울특별시 중랑구 용마산로94길 65  (면목동,(지하1층))",,씨엔에스,127.100203454866,37.5881468955761
서울특별시 중랑구 묵동 158-3번지,서울특별시 중랑구 공릉로12가길 1  (묵동),,공간PC방,127.079871085001,37.6164941332357
서울특별시 중랑구 면목동 177-43,"서울특별시 중랑구 중랑천로2길 56, 1층 (면목동)",2134,Kim PC,127.078002254729,37.5868279332095
서울특별시 중랑구 상봉동 130-108번지,"서울특별시 중랑구 중랑천로12길 41, 지하층 (상봉동)",2120,에이스PC,127.075231858062,37.59290602268
서울특별시 중랑구 망우동 464-27번지,"서울특별시 중랑구 망우로66길 68, 1층 (망우동)",2166,삼팔PC(38PC),127.099383154129,37.5964902312064
서울특별시 중랑구 망우동 147-13 홍림장여관,"서울특별시 중랑구 망우로 479, 홍림장여관 1층 (망우동)",2066,바닐라PC,127.10533598517,37.6008587474848
서울특별시 중랑구 상봉동 130-56,"서울특별시 중랑구 중랑천로10길 47, 1층 (상봉동)",2120,황금고래PC,127.075655707318,37.5922637951349
서울특별시 중랑구 면목동 665-3번지,"서울특별시 중랑구 면목로35길 15, 지상2층 (면목동, 매직pc방)",2240,i7 PC방,127.085054590452,37.5782028093159
서울특별시 중랑구 신내동 613-15번지,"서울특별시 중랑구 봉화산로 211, 지하1층 (신내동)",2054,스피트킹피씨(speedking pc),127.096300413242,37.6075450531768
서울특별시 중랑구 중화동 314-1번지 태능에셈빌 B179~호,"서울특별시 중랑구 동일로129길 35, B179~B182호 (중화동, 태능에셈빌)",2104,일프로PC카페(1%PC CAFE),127.077554696692,37.5992703826018
서울특별시 중랑구 중화동 208-22번지,서울특별시 중랑구 망우로 217  (중화동),,프로게이머,127.07671154412,37.5943361152268
서울특별시 중랑구 면목동 161-1번지,서울특별시 중랑구 동일로96길 10  (면목동),,넷스토아,127.080536448153,37.5846998884072
서울특별시 중랑구 망우동 523-30 지상1층,"서울특별시 중랑구 상봉로 66 (망우동, 지상1층)",2175,대박PC,,
서울특별시 중랑구 묵동 244-140번지 지상3층,"서울특별시 중랑구 동일로157길 19  (묵동,지상3층)",,스피드넷PC방,127.076699482354,37.6097212533874
서울특별시 중랑구 면목동 117-25번지 2층,"서울특별시 중랑구 겸재로 168  (면목동,2층)",,무대뽀 인터넷PC방,127.086463046544,37.5879272864148
서울특별시 중랑구 면목동 532-125번지 지층,"서울특별시 중랑구 용마산로 296-2  (면목동,지층)",,스타워즈,127.091684066231,37.5787808796647
서울특별시 중랑구 망우동 209-8번지 3층,"서울특별시 중랑구 망우로 463  (망우동,3층)",,컴전쟁,127.103637419702,37.6006610422709
서울특별시 중랑구 면목동 657-56번지 2층,"서울특별시 중랑구 사가정로42길 37  (면목동,2층)",,플레이어존,127.083349048484,37.5793613524266
서울특별시 중랑구 묵동 237-3번지 지층,"서울특별시 중랑구 중랑역로 219  (묵동,지층)",,사이버 테크,127.075429245694,37.6128980579592
서울특별시 중랑구 면목동 115-1번지 6통2반 2층 380동 704호,"서울특별시 중랑구 겸재로 178, 380동 704호 (면목동,2층)",,PC ZOOM,127.087205459165,37.588132346722
서울특별시 중랑구 상봉동 130-7번지 지층,"서울특별시 중랑구 중랑천로10길 57-9  (상봉동,지층)",,엘도라도,127.0763175789,37.5927540491546
서울특별시 중랑구 면목동 43-39번지 지층,"서울특별시 중랑구 상봉로 32  (면목동,지층)",,두리웹,127.094186170143,37.5887293864172
서울특별시 중랑구 신내동 407-22번지 2층,"서울특별시 중랑구 봉화산로 224  (신내동,2층)",,클릭-아이,127.09770422186,37.6076679655601
서울특별시 중랑구 면목동 23-11번지 2층,"서울특별시 중랑구 상봉로 38  (면목동,2층)",,매직 스페이스,127.094034759149,37.5893347936924
서울특별시 중랑구 면목동 392-20번지 2층,"서울특별시 중랑구 면목로 216  (면목동,2층)",,해커인터넷 PC게임방,127.083917538195,37.5722566998678
서울특별시 중랑구 면목동 186-151번지 지층,"서울특별시 중랑구 중랑천로10길 22  (면목동,지층)",,밤 셀까,127.074300521879,37.5917478470631
서울특별시 중랑구 면목동 103-18번지 2층,"서울특별시 중랑구 겸재로 215  (면목동,2층)",,인터피아,127.091467771608,37.5894606972241
서울특별시 중랑구 신내동 405-5번지 A동 지층,,,해커 PC방,,
서울특별시 중랑구 면목동 19-41번지 2층,"서울특별시 중랑구 용마산로 412  (면목동,2층)",,듀얼 인터넷PC방,127.096385784287,37.5882161174521
서울특별시 중랑구 망우동 134-32번지 2층,"서울특별시 중랑구 망우로 493  (망우동,2층)",,딸부자 PC방,127.106964536625,37.600791780771
서울특별시 중랑구 면목동 19-72번지,서울특별시 중랑구 용마산로 418  (면목동),,PC 훼미리,127.096701752698,37.5888003326938
서울특별시 중랑구 묵동 240-2번지 2층,"서울특별시 중랑구 중랑역로 203-1  (묵동,2층)",,PC 생각,127.075655849144,37.6116381504355
서울특별시 중랑구 상봉동 208-1번지 3층,"서울특별시 중랑구 상봉중앙로 37  (상봉동,3층)",,사이버리아 상봉1동점,127.087347704275,37.6004674449162
서울특별시 중랑구 면목동 653-1번지 3층,"서울특별시 중랑구 사가정로50길 36 (면목동,3층)",,PC & 달인,127.085747943049,37.5792495328325
서울특별시 중랑구 망우동 358-5 지층,"서울특별시 중랑구 망우로 439 (망우동, 지층)",2059,엔플세븐PC방,127.100791272803,37.6002104892021
서울특별시 중랑구 신내동 618-0번지 동성아파트 A동 301호,,,Ing,,
서울특별시 중랑구 면목동 190-103번지,서울특별시 중랑구 중랑천로 43-1  (면목동),,게임랜드,127.073299454969,37.5891919079052
"서울특별시 중랑구 상봉동 496 우정아파트 상가동 비01호,비02호,비03호,비04호,비05호,비06호 ","서울특별시 중랑구 상봉중앙로1길 54, 상가동 비01호,비02호,비03호,비04호,비05호,비06호 (상봉동, 상봉동 우정아파트)",2082,본PC방,,
서울특별시 중랑구 면목동 612-62,"서울특별시 중랑구 용마산로51길 50, 1층 (면목동)",2250,노다지 PC,127.089274747383,37.5801924210484
서울특별시 중랑구 면목동 102-42번지,서울특별시 중랑구 겸재로 189  (면목동),,월드PC방,127.088650939657,37.5887711546982
서울특별시 중랑구 면목동 52-13번지 (지층),"서울특별시 중랑구 용마산로86길 21-29  (면목동,(지층))",,C&S PC방,127.097110108493,37.5873732761071
서울특별시 중랑구 면목동 661-62번지 (지층),"서울특별시 중랑구 면목로35길 40  (면목동,(지층))",,아이라이프존,127.084001942441,37.5790721211334
서울특별시 중랑구 신내동 613-71번지 (3층),"서울특별시 중랑구 봉화산로 217  (신내동,(3층))",,사이버리아PC방,127.096812829256,37.6077684396848
서울특별시 중랑구 망우동 410-1번지,서울특별시 중랑구 용마산로 494  (망우동),,엔조이피씨방,127.100268095195,37.5949757275537
서울특별시 중랑구 망우동 465-4번지,,,인터넷하나게임둘,,
서울특별시 중랑구 면목동 50-48번지,서울특별시 중랑구 용마산로 405  (면목동),,I life Zone 서일대점,127.095721998394,37.5878937419635
서울특별시 중랑구 면목동 185-3번지,서울특별시 중랑구 망우로32길 38  (면목동),,컴인터넷,127.076868758159,37.5921808409165
서울특별시 중랑구 상봉동 74-8번지,서울특별시 중랑구 망우로 371  (상봉동),,방가방가PC방,127.093373838214,37.5985553440342
서울특별시 중랑구 면목동 572-32번지,서울특별시 중랑구 면목로49길 18  (면목동),,수호천사,127.087531065648,37.5827952551777
서울특별시 중랑구 중화동 312-42번지,서울특별시 중랑구 중랑역로 69  (중화동),,매직스페이스,127.077978446723,37.5996027491597
서울특별시 중랑구 상봉동 107-27번지 (3층),"서울특별시 중랑구 면목로 478  (상봉동,(3층))",,버그버그 상봉점,127.086220214972,37.5944317246699
서울특별시 중랑구 면목동 102-18번지 (지1층),"서울특별시 중랑구 겸재로 185  (면목동,(지1층))",,사이버리아 면목역점,127.088106454619,37.5886819136448
서울특별시 중랑구 묵동 244-154번지 2층,"서울특별시 중랑구 동일로 879  (묵동,2층)",,사이버리아 먹골점,127.077741393516,37.6090303238202
서울특별시 중랑구 망우동 506-8번지 (3층),"서울특별시 중랑구 상봉로 110  (망우동,(3층))",,PC ZONE,127.093345706876,37.5957067932724
서울특별시 중랑구 망우동 461-1번지 2층,"서울특별시 중랑구 봉우재로 239  (망우동,2층)",,보스 PC방,127.099509114026,37.5957565381477
서울특별시 중랑구 면목동 367-6번지,서울특별시 중랑구 면목로 260  (면목동),,사이버테크PC방,127.085972386977,37.5759565969386
서울특별시 중랑구 망우동 458-2번지 3층,"서울특별시 중랑구 용마산로 495  (망우동,3층)",,대한민국멀티방,127.099659148452,37.5951613969904
서울특별시 중랑구 묵동 238-11번지,서울특별시 중랑구 동일로 919  (묵동),,아리라이프존먹골로데오점,127.077065869395,37.6124704724842
서울특별시 중랑구 면목동 497-7 2층,"서울특별시 중랑구 면목로 341 (면목동,2층)",,오즈PC방,127.088154488573,37.5821763494967
서울특별시 중랑구 상봉동 84-22 2층,"서울특별시 중랑구 봉우재로 177 (상봉동, 2층)",2152,상봉PC방,,
서울특별시 중랑구 상봉동 88-95번지,서울특별시 중랑구 봉우재로43길 32  (상봉동),,레드죤피시방,127.089623413355,37.5949986161335
서울특별시 중랑구 묵동 170-27 월등스카이뷰아파트 비101,"서울특별시 중랑구 동일로 938, 비101호 (묵동, 월등스카이뷰아파트)",2033,스마트PC방,127.077134940011,37.6142077135304
서울특별시 중랑구 상봉동 111-28,"서울특별시 중랑구 면목로91길 25, 1층 (상봉동)",2138,황제PC,,
서울특별시 중랑구 망우동 523-66,"서울특별시 중랑구 상봉로 56, 1층 (망우동)",2175,골드PC,127.093759449196,37.5907303790754
서울특별시 중랑구 상봉동 121-3 지상1층,"서울특별시 중랑구 동일로114길 51 (상봉동, 지상1층)",2136,황금PC,127.083051665883,37.5939506148139
서울특별시 중랑구 상봉동 84-28 지상1층,"서울특별시 중랑구 봉우재로 175 (상봉동, 지상1층)",2152,우리PC,127.092361475498,37.5941500239053
서울특별시 중랑구 망우동 516-2번지 2층,"서울특별시 중랑구 상봉로 104 (망우동, 2층)",2170,PC클럽,127.093295387739,37.595218766117
서울특별시 중랑구 상봉동 88-38,서울특별시 중랑구 상봉로25길 36 (상봉동),2151,바닐라pc방,127.090987902814,37.5949298176037
서울특별시 중랑구 상봉동 115-19번지 지상2층,"서울특별시 중랑구 망우로 276 (상봉동, 지상2층)",2137,렛츠겟잇PC(Lets Get it PC),127.083219392463,37.5955032652358
서울특별시 중랑구 면목동 17-31번지 지층,"서울특별시 중랑구 용마산로 434 (면목동, 지층)",2189,아이비스PC방,127.097376830817,37.5899591743596
서울특별시 중랑구 면목동 409-47번지,서울특별시 중랑구 면목로56가길 8  (면목동),,인포마이너자랴,127.088932195985,37.584495823372
서울특별시 중랑구 중화동 307-3번지,서울특별시 중랑구 동일로 833  (중화동),,사이버뱅크,127.078586882533,37.6047667317581
서울특별시 중랑구 면목동 178-46번지,서울특별시 중랑구 동일로101길 49  (면목동),,인터넷과정보,127.077116605805,37.5887688024565
서울특별시 중랑구 망우동 358-20번지,,,인터넷JJ,,
서울특별시 중랑구 중화동 300-46번지,서울특별시 중랑구 중랑역로 46  (중화동),,놀이나라,127.076896583659,37.5977648971162
"서울특별시 중랑구 면목동 103-5번지 지상2,3층 ","서울특별시 중랑구 겸재로 205 (면목동,지상2,3층)",,일프로PC방,127.090366051267,37.5892378294679
서울특별시 중랑구 망우동 442-24번지,서울특별시 중랑구 용마산로 446  (망우동),,카이스트,127.097926438424,37.5910044109148
서울특별시 중랑구 묵동 156-1번지,서울특별시 중랑구 공릉로12가길 45  (묵동),,사이버인터넷PC,127.081817184238,37.6176005647243
서울특별시 중랑구 면목동 68-11번지,서울특별시 중랑구 상봉로 11  (면목동),,한스넷,127.094308889254,37.5869224383207
서울특별시 중랑구 망우동 340-22번지,서울특별시 중랑구 망우로 461  (망우동),,스타PC방,127.103354113526,37.6005970500919
서울특별시 중랑구 묵동 235-19,"서울특별시 중랑구 중랑역로 227, 청 1층 (묵동)",2003,봉봉PC,127.075209197903,37.6138146839904
"서울특별시 중랑구 상봉동 113 B101,호","서울특별시 중랑구 면목로 489, B101,B102,B103,B104호 (상봉동)",2137,TOP PLACE PC(탑플레이스PC 상봉점),127.085323961726,37.595505726956
서울특별시 중랑구 면목동 617-7,"서울특별시 중랑구 면목로 314, 지하1층 (면목동)",2249,탑플레이스PC방 사가정역점,127.088209517609,37.5798794057732
서울특별시 중랑구 면목동 87-33 한국어린이바둑교실,"서울특별시 중랑구 상봉로 65, 한국어린이바둑교실 2층 (면목동)",2158,1004피시(PC),127.0931924605,37.5917699420068
서울특별시 중랑구 면목동 496-16,"서울특별시 중랑구 면목로45길 3-8, 4층 (면목동)",2228,삼성PC,127.088184513024,37.5813318260092
서울특별시 중랑구 면목동 20-24 내친구피아노학원,"서울특별시 중랑구 겸재로64길 19, 내친구피아노학원 1층 (면목동)",2201,놀이터PC,127.09613978916,37.5894782477537
서울특별시 중랑구 중화동 207-33,"서울특별시 중랑구 중랑역로 6, 1층 (중화동)",2117,역전PC,127.07706065651,37.5947923300801
서울특별시 중랑구 면목동 89-19,"서울특별시 중랑구 봉우재로 178, 1층 (면목동)",2156,대박PC,127.092675019508,37.5938800212972
서울특별시 성동구 금호동3가 414 플레져미디어빌딩,"서울특별시 성동구 장터길 51, 플레져미디어빌딩 201호 (금호동3가)",4730,2층 PC,127.02165414442,37.5484299266878
서울특별시 성북구 동선동2가 134 모아빌딩,"서울특별시 성북구 보문로34길 62, 모아빌딩 3층 (동선동2가)",2849,해피 PC방,127.01885953079,37.5908419743847
서울특별시 성북구 종암동 70-48 지하1층,"서울특별시 성북구 종암로19길 16, 지하1층 (종암동)",2804,스피드 PC방,127.033832145511,37.5984593996286
서울특별시 성북구 동선동1가 1-2 지하1층,"서울특별시 성북구 동소문로 106, 지하1층 (동선동1가)",2845,브리즈 pc 카페,127.017088831326,37.5925747617089
서울특별시 성북구 하월곡동 35-5 지하1층,"서울특별시 성북구 월곡로 108, 지하1층 (하월곡동)",2793,파이브 PC방,127.041590961613,37.6016112891976
서울특별시 성북구 안암동5가 102-87 칠보빌딩,"서울특별시 성북구 고려대로24길 32, 칠보빌딩 3, 4층 (안암동5가)",2855,나인티 PC카페,127.029234304551,37.5848050119051
서울특별시 성북구 종암동 69-5 양지빌딩,"서울특별시 성북구 종암로19길 17, 양지빌딩 2층 (종암동)",2810,샹떼PC방 종암점,127.033758067444,37.5981642561732
서울특별시 성북구 하월곡동 70-204,"서울특별시 성북구 오패산로 45, 2층 (하월곡동, 농협 하월곡지점)",2738,세븐PC방,127.03663965165,37.606048234599
서울특별시 성북구 동선동1가 118-1,"서울특별시 성북구 동소문로 120, 2층 (동선동1가)",2845,로제PC방,127.018398672357,37.5935007844555
서울특별시 성북구 장위동 230-94,"서울특별시 성북구 장위로 43, 2층 (장위동)",2755,세븐PC,127.041669507766,37.6143207101458
서울특별시 성북구 하월곡동 18-37,서울특별시 성북구 화랑로 107 (하월곡동),2752,놀이터 PC,127.043432877303,37.6039733827891
서울특별시 성북구 하월곡동 67-37 구원빌딩,"서울특별시 성북구 오패산로 16, 구원빌딩 1층 (하월곡동)",2751,구원PC (성인시설),127.037521806164,37.6036686229465
서울특별시 성북구 하월곡동 70-202 제일은행 하월곡동지점,"서울특별시 성북구 오패산로 49, 제일은행 하월곡동지점 (하월곡동)",2738,PC나인,127.036435972117,37.6063976114138
서울특별시 성북구 정릉동 285-10,"서울특별시 성북구 보국문로 74, 2층 (정릉동)",2711,대박PC (성인용),127.009105782309,37.6109478360516
서울특별시 성북구 석관동 168-34,"서울특별시 성북구 화랑로 316, 1층 (석관동)",2781,석계PC,127.063282910139,37.6140186382359
서울특별시 성북구 길음동 525-170,"서울특별시 성북구 동소문로 277, 1층 (길음동)",2732,겜블러PC,127.026288078421,37.6055201310931
서울특별시 성북구 장위동 203-9,"서울특별시 성북구 장월로 144-1, 2,3층 (장위동)",2766,라이킷 PC,127.051043731077,37.6177097892253
서울특별시 성북구 동선동1가 118-1,"서울특별시 성북구 동소문로 120, 지하층 (동선동1가)",2845,아크PC방,127.018398672357,37.5935007844555
서울특별시 성북구 안암동5가 101-3 타이거빌딩,"서울특별시 성북구 개운사길 8, 타이거빌딩 지층 (안암동5가)",2842,NINE PC방,127.029576068606,37.5869920871665
서울특별시 성북구 정릉동 227-150,"서울특별시 성북구 서경로 83, 2층 (정릉동)",2716,매직넷(청소년PC방),127.014261078527,37.6105933270239
서울특별시 성북구 정릉동 106-3 영신빌딩,"서울특별시 성북구 아리랑로19길 20, 영신빌딩 지하1층 (정릉동)",2814,보아스 셀프 PC - 2022년도 부터 안함 직권말소 대상,127.012281507183,37.6026042927717
서울특별시 성북구 정릉동 260-25 샛별중앙교회,"서울특별시 성북구 보국문로16길 65, 샛별중앙교회 1,2층 (정릉동)",2711,PC TAG,127.009960212774,37.6127706479949
서울특별시 성북구 길음동 1276 삼부아파트,"서울특별시 성북구 동소문로 248, 105동 지하1층 2호 (길음동, 삼부아파트)",2735,제로100PC,127.024541211803,37.6034576002933
서울특별시 성북구 종암동 23-59,서울특별시 성북구 북악산로 1059 (종암동),2811,애니락PC방,127.035624995392,37.5926439632832
서울특별시 성북구 하월곡동 20-4,"서울특별시 성북구 장월로1길 106, 3층 (하월곡동)",2748,덤프 PC방,127.043064543733,37.6046639464803
서울특별시 성북구 안암동5가 134-20 안암복합빌딩,"서울특별시 성북구 안암로9가길 76, 안암복합빌딩 2층 (안암동5가)",2857,코리아PC2 (청소년PC방),127.028206118118,37.5822567123651
서울특별시 성북구 성북동 184-79 우암빌딩,"서울특별시 성북구 성북로 28, 우암빌딩 지층 (성북동)",2834,긱스타 PC방,127.004312680521,37.590493096497
서울특별시 성북구 정릉동 227-37,"서울특별시 성북구 서경로 78, 2층 (정릉동)",2713,러쉬PC,127.014888358128,37.6103415131668
서울특별시 성북구 종암동 3-1342 청한빌딩,"서울특별시 성북구 종암로 129, 청한빌딩 지층 (종암동)",2803,레드포스PC아레나 종암점,127.032727558227,37.6014264034926
서울특별시 성북구 정릉동 286-6,"서울특별시 성북구 보국문로18길 1, 지층 (정릉동)",2711,ATOZ 피시방,127.008927474592,37.6115560173195
서울특별시 성북구 석관동 124-34,"서울특별시 성북구 한천로 572, 2층 (석관동)",2782,제로백PC 석관점,127.063017363252,37.6108596433653
서울특별시 성북구 안암동5가 147-5 원영스위트,"서울특별시 성북구 개운사길 27, 원영스위트 지층 (안암동5가)",2842,Maps PC방,127.02910131363,37.5875251423782
서울특별시 성북구 종암동 3-395,서울특별시 성북구 종암로 108 (종암동),2797,삼시세끼 PC방,127.034482070909,37.5997942097838
서울특별시 성북구 보문동4가 8 화성빌딩,"서울특별시 성북구 보문로 94, 화성빌딩 4층 (보문동4가)",2852,앤유PC,127.020603298681,37.583713478664
서울특별시 성북구 하월곡동 88-31,서울특별시 성북구 동소문로 286 (하월곡동),2734,화이트PC방(성인),127.027392255148,37.6058215314073
서울특별시 성북구 정릉동 16-169,"서울특별시 성북구 정릉로 326, 지층 (정릉동)",2816,맥PC카페,127.019324173459,37.6020693327301
서울특별시 성북구 정릉동 260-28 2층,"서울특별시 성북구 보국문로20길 22, 2층 (정릉동)",2711,SOOP PC방,127.009634301486,37.6122917994482
서울특별시 성북구 동선동1가 49 세학빌딩2층,서울특별시 성북구 보문로34길 43 (동선동1가),2845,헬리우스,127.017694871938,37.5908139536716
서울특별시 성북구 안암동5가 104-30,"서울특별시 성북구 고려대로24길 51, 3층 (안암동5가)",2856,레벨업 PC카페(고대점),127.029709018435,37.5839294883991
서울특별시 성북구 동선동5가 134-2,"서울특별시 성북구 동소문로25길 58, 지하1층 (동선동5가)",2829,일프로 PC 아레나,127.01615614302,37.5956412381816
서울특별시 성북구 삼선동2가 150 욱립빌딩,"서울특별시 성북구 삼선교로10길 23, 욱립빌딩 2,3층 (삼선동2가)",2864,3POP 피시방,127.009471864277,37.5870978553531
서울특별시 성북구 정릉동 373-4 2층,"서울특별시 성북구 솔샘로4길 46, 2층 201,202,203호 (정릉동, 성신프라자)",2710,3POP(쓰리팝)PC방,127.007339974507,37.6085252888642
서울특별시 성북구 석관동 182-40,"서울특별시 성북구 한천로 584, 1층 (석관동)",2781,대박 PC (성인PC방),127.06216848064,37.6116526035018
서울특별시 성북구 석관동 301-30 상희빌딩,"서울특별시 성북구 돌곶이로 48, 상희빌딩 3층 (석관동)",2784,ㅋㅋPC - 54대,127.059759187102,37.6084640761894
서울특별시 성북구 장위동 64-121,"서울특별시 성북구 화랑로 245, 지하1층 (장위동)",2772,레벨업PC방 돌곶이점,127.056498494404,37.6108496096764
서울특별시 강동구 길동 343-1 현대웰하임1단지,"서울특별시 강동구 천중로53길 6, 1층 103호 (길동, 현대웰하임1단지)",5304,대박PC,127.145448050859,37.5409803636026
서울특별시 강북구 미아동 225-52,"서울특별시 강북구 솔매로 95, 2층 (미아동)",1126,승부PC,127.022861390786,37.6255172017353
서울특별시 강북구 번동 418-2,"서울특별시 강북구 한천로 1023, 1층 (번동)",1063,봉pc,127.027858439221,37.6390387542455
서울특별시 강북구 수유동 567-9,서울특별시 강북구 인수봉로85길 24 (수유동),1014,탑PC,127.009163517928,37.6467241999934
서울특별시 강북구 미아동 791-683,"서울특별시 강북구 솔매로 83, 2층 (미아동)",1127,옵티멈존피씨카페미아점 (주),127.021554729043,37.6251850735813
서울특별시 강북구 미아동 860-141,"서울특별시 강북구 솔샘로 294, 1층 (미아동)",1202,엔젤PC,127.025084494315,37.6180802698025
서울특별시 강북구 미아동 303-89번지,"서울특별시 강북구 솔매로 110, 2층 (미아동)",1170,행운PC,127.024544114211,37.6257289560296
서울특별시 강북구 우이동 45-10 지하 1층,서울특별시 강북구 삼양로 623 (우이동),1005,다크pc카페,127.013523839792,37.6584533150352
서울특별시 강북구 수유동 45-20,"서울특별시 강북구 도봉로81길 10-3, 202호 (수유동)",1081,5G PC,127.022277068469,37.6352958964481
서울특별시 강북구 미아동 44-15 대성장모텔,"서울특별시 강북구 월계로3길 57, 대성장모텔 2층 (미아동)",1220,레벨업PC방 미아점,127.031006161196,37.61236209064
서울특별시 강북구 수유동 229-49 경남아너스빌,"서울특별시 강북구 노해로8길 22, 경남아너스빌 102호 (수유동)",1073,와와PC방,127.024224911455,37.6380051354791
서울특별시 강북구 수유동 192-61 영남빌딩,"서울특별시 강북구 한천로139길 42, 지하1층 (수유동, 영남빌딩)",1072,레벨업PC방 수유역점,127.024948947089,37.6388575866282
서울특별시 강북구 수유동 340-13,"서울특별시 강북구 삼양로 447, 2층 (수유동)",1033,탑스타PC방,127.015934869853,37.6433428979238
서울특별시 강북구 수유동 472-4번지 신우빌딩,"서울특별시 강북구 덕릉로 46, 신우빌딩 지하1층 (수유동)",1111,불독PC방,127.018655647874,37.6340697427662
서울특별시 강북구 번동 464-7번지 번동빌딩,"서울특별시 강북구 도봉로 386, 번동빌딩 지하1층 (번동)",1056,플레잇피씨카페(번동점),127.029225259709,37.6409840098933
서울특별시 강북구 미아동 762-74,"서울특별시 강북구 솔매로28길 1, 2층 (미아동)",1168,스카이PC,127.020078245862,37.6247466434881
서울특별시 강북구 미아동 42-73,"서울특별시 강북구 월계로3길 28, 1층 (미아동)",1221,바닐라pc,127.031362337692,37.6109545615904
서울특별시 강북구 수유동 174-1 SD빌딩,"서울특별시 강북구 도봉로 377, SD빌딩 2층 (수유동)",1054,승리PC,127.028276542744,37.6409020712986
서울특별시 강북구 수유동 134-9,"서울특별시 강북구 수유로 67, 2층 (수유동)",1080,대박PC방,127.021054426939,37.6362091795037
서울특별시 강북구 수유동 224-15 현대크리스탈,"서울특별시 강북구 노해로8길 29, 현대크리스탈 지하1층 B101, B102호 (수유동)",1072,옵티멈존PC카페,127.024206386368,37.6385265392717
서울특별시 강북구 미아동 202-11번지,"서울특별시 강북구 도봉로 247-1, 2층 (미아동)",1118,LO PC방,127.024180366381,37.6306049898494
서울특별시 강북구 수유동 168-12,"서울특별시 강북구 도봉로 399, 2층 (수유동)",1055,BS PC,127.029806166339,37.6424075100379
서울특별시 강북구 수유동 229-49 경남아너스빌,"서울특별시 강북구 노해로8길 22, 경남아너스빌 2층 201호 (수유동)",1073,이제이,127.024224911455,37.6380051354791
서울특별시 강북구 수유동 173-1,"서울특별시 강북구 도봉로97길 7, 1층 (수유동)",1054,골드PC,127.028833183206,37.6417388610523
서울특별시 강북구 수유동 48-17,"서울특별시 강북구 도봉로77길 18, 1층 (수유동)",1113,트리플PC방,127.022283731099,37.6337055656322
서울특별시 강북구 우이동 41-9,"서울특별시 강북구 삼양로 625-1, 3층 (우이동)",1004,명당PC,127.013629071112,37.6587898196438
서울특별시 강북구 번동 446-7,"서울특별시 강북구 도봉로82길 11, 지층 (번동)",1062,정민PC,127.02438249679,37.635885625547
서울특별시 강북구 수유동 229-50 우암쎈스뷰,"서울특별시 강북구 노해로8길 16, 203호 (수유동, 우암쎈스뷰)",1073,승리PC방,127.024012411578,37.6378023671943
서울특별시 강북구 미아동 688-5 삼양아케이트,"서울특별시 강북구 솔샘로 254, 삼양아케이트 지하1층 2호 (미아동)",1194,옵티멈존림피씨카페 삼양사거리점 (주),127.020743950051,37.6193297017502
서울특별시 강북구 미아동 162-7,"서울특별시 강북구 도봉로78길 18, 1층 (미아동)",1129,대박PC게임,127.024598145386,37.6336246478048
서울특별시 강북구 수유동 190-14,"서울특별시 강북구 한천로139가길 12, 2층 (수유동)",1071,깐부PC,127.025664512367,37.6400704289305
서울특별시 강북구 번동 443-13,"서울특별시 강북구 오패산로 385, 2층 (번동)",1069,황금PC,127.028073490379,37.635746864196
서울특별시 강북구 수유동 254-27,"서울특별시 강북구 한천로 1130, 1층 (수유동)",1047,오봉PC게임,127.019199509888,37.6457425430797
서울특별시 강북구 수유동 220-47,"서울특별시 강북구 한천로143길 36, 1층 (수유동)",1070,팔팔PC,127.023284464785,37.6406870159442
서울특별시 강북구 미아동 684-14,"서울특별시 강북구 삼양로 169, 1층 (미아동)",1194,스타PC,127.020814066529,37.6189315428573
서울특별시 강북구 수유동 338-6 한일빌딩,"서울특별시 강북구 삼양로 438, 한일빌딩 4층 (수유동)",1041,욜로PC방,127.016678775368,37.64254344188
서울특별시 강북구 번동 464-17,"서울특별시 강북구 한천로132길 57, 2층 (번동)",1056,마카오PC,127.029927966467,37.6412705269995
서울특별시 강북구 미아동 682-35번지 1층,"서울특별시 강북구 삼양로28길 5, 1층 (미아동)",1201,대박PC,127.0216707548,37.6186478477381
서울특별시 강북구 수유동 23-43번지,서울특별시 강북구 노해로11길 31 (수유동),1078,비바PC,127.020881479339,37.6388346807302
서울특별시 강북구 수유동 175-61번지 1층,"서울특별시 강북구 한천로144길 26, 1층 (수유동)",1054,신바람 P.C,127.026297540097,37.6420321833213
서울특별시 강북구 미아동 258-107번지 1층,"서울특별시 강북구 오패산로52길 72, 1층 (미아동)",1142,드래곤볼 PC방,127.032432516773,37.6261013214369
서울특별시 강북구 미아동 701-5번지 지하1층,"서울특별시 강북구 솔샘로 237, 지하1층 (미아동)",1189,홀릭 PC,127.019292595153,37.6201102033911
서울특별시 강북구 수유동 90-14 동경빌딩,"서울특별시 강북구 도봉로77길 15, 동경빌딩 (수유동)",1114,다원PC방,127.022360720421,37.6335413914787
서울특별시 강북구 수유동 49-12번지 (지층),"서울특별시 강북구 수유로 36  (수유동,(지층))",,헬로PC플라자,127.019623016721,37.6339338974123
서울특별시 강북구 수유동 277-22번지 2층,"서울특별시 강북구 삼양로 496  (수유동,2층)",,짱PC방,127.014842283514,37.6474745019679
서울특별시 강북구 수유동 256-1번지 2층,"서울특별시 강북구 한천로160길 5  (수유동,2층)",,메이저인터넷프라자,127.020177570806,37.6452021499363
서울특별시 노원구 상계동 52-68,"서울특별시 노원구 덕릉로127길 3, 101호 (상계동)",1634,당고개PC,127.081914848842,37.6713841831673
서울특별시 강북구 미아동 734-61,"서울특별시 강북구 삼양로 206-1, 1층 (미아동)",1173,친구PC,127.020230284236,37.6223081857282
서울특별시 강북구 미아동 734-290번지 2층,"서울특별시 강북구 삼양로 202  (미아동,2층)",,PC아일랜드,127.02056237887,37.6218003318061
서울특별시 강북구 미아동 812-2 행전빌딩,"서울특별시 강북구 삼양로 161, 행전빌딩 지하1층 (미아동)",1195,레벨업피시방,127.021123478902,37.6183899941147
서울특별시 강북구 미아동 134-22번지 1층,"서울특별시 강북구 도봉로28길 5  (미아동,1층)",,늑대와여우 PC방,127.029068205609,37.6205822098558
서울특별시 강북구 번동 416-130번지 1층,"서울특별시 강북구 오패산로78길 22, 1층 (번동)",1064,에이스PC,127.027502773485,37.6380707294158
서울특별시 강북구 번동 411-8번지 2층,"서울특별시 강북구 덕릉로 133  (번동,2층)",,스피드인터넷프라자,127.028543926314,37.6352458935583
서울특별시 강북구 미아동 52-11번지,서울특별시 강북구 월계로7길 63  (미아동),,샹떼 PC방,127.033934764054,37.612972245381
서울특별시 강북구 미아동 777-6,"서울특별시 강북구 삼양로 246, 2층 203,204호 (미아동)",1127,제로100 삼양역점,127.018654166348,37.6254230679383
서울특별시 강북구 번동 156-4번지 2층,"서울특별시 강북구 오현로32길 30-27  (번동,2층)",,윈윈PC방,127.039711042337,37.6272297445737
서울특별시 강북구 번동 202-1번지 2층,"서울특별시 강북구 월계로37길 97  (번동,2층)",,대한민국 PC방,127.043866363607,37.6263008873698
서울특별시 강북구 번동 222번지,서울특별시 강북구 월계로37길 91 (번동),1226,W PC방,127.044029484657,37.6261035105171
서울특별시 강북구 번동 414-32번지 1층,"서울특별시 강북구 한천로123길 62, 1층 (번동)",1066,별밤PC방,127.028615578426,37.6359674753679
"서울특별시 강북구 미아동 860-262번지 ,2층 ","서울특별시 강북구 도봉로8길 24  (미아동,,2층)",,돼지PC방,127.031387170287,37.6123715404014
"서울특별시 강북구 미아동 773-29번지 ,2층 ","서울특별시 강북구 솔매로 75  (미아동,,2층)",,드림 스페이스,127.020669965557,37.6249883662314
"서울특별시 강북구 수유동 134-20번지 ,2층 ","서울특별시 강북구 수유로 63  (수유동,,2층)",,winner(위너),127.02062919281,37.6360817652029
서울특별시 강북구 미아동 35-5번지 B201,"서울특별시 강북구 도봉로 30  (미아동,B201)",,EOS PC ZONE,127.030727581204,37.6116298396797
서울특별시 강북구 수유동 190-5,"서울특별시 강북구 한천로 1047, 2층 (수유동)",1071,타짜PC,127.025705572221,37.6405289310728
서울특별시 강북구 미아동 375-6번지,서울특별시 강북구 솔샘로 298 (미아동),1204,놀이터PC,127.02540818642,37.6179965888604
서울특별시 강북구 미아동 160-19,"서울특별시 강북구 도봉로 274, 1층 (미아동)",1128,왕PC,127.023822552267,37.6329231192761
서울특별시 강북구 미아동 860-30,"서울특별시 강북구 도봉로8길 41, 1층 (미아동)",1219,드래곤 PC방,127.032289464644,37.6120064865548
"서울특별시 강북구 수유동 605-445번지 ,3층 ","서울특별시 강북구 삼양로77가길 6  (수유동,,3층)",,I.F.O,127.01700615717,37.6298058058402
서울특별시 강북구 수유동 569-18번지 세화빌딩 3층호,"서울특별시 강북구 인수봉로 318,  3층호 (수유동,세화빌딩)",,밀레니엄인터넷플라자 4.19점,127.01065951818,37.6471375357007
서울특별시 강북구 미아동 734-61번지 2층,"서울특별시 강북구 삼양로 206-1  (미아동,2층)",,토토로PC,127.020230284236,37.6223081857282
서울특별시 강북구 미아동 302-20,"서울특별시 강북구 솔매로 102, 2층 (미아동)",1169,세븐pc방,127.023590672591,37.6254802979209
서울특별시 강북구 수유동 177-8번지 2층,"서울특별시 강북구 한천로140길 5-34  (수유동,2층)",,멘토PC방,127.02563722932,37.6414551580402
서울특별시 강북구 수유동 392-109번지,서울특별시 강북구 삼각산로20길 27 (수유동),1083,MU피씨방,127.016097081729,37.6394672010607
서울특별시 강북구 미아동 330-17번지 302호,"서울특별시 강북구 도봉로 113  (미아동,302호)",,넷크루,127.028845694825,37.6190010309233
서울특별시 강북구 미아동 860-141번지 2층,"서울특별시 강북구 솔샘로 294  (미아동,2층)",,N세대인터넷PC방,127.025084494315,37.6180802698025
서울특별시 강북구 수유동 461-12번지 2층,"서울특별시 강북구 덕릉로 14  (수유동,2층)",,인터넷PC나라,127.015194855518,37.6338405779784
서울특별시 강북구 우이동 71-15번지 2층,"서울특별시 강북구 삼양로141길 4-4  (우이동,2층)",,넷사이버,127.012802949883,37.6505286238766
서울특별시 강북구 미아동 838-46번지 3층,"서울특별시 강북구 솔샘로 219  (미아동,3층)",,아지트 PC방,127.017102732859,37.6201618073002
서울특별시 강북구 번동 443-13번지 2층,"서울특별시 강북구 오패산로 385  (번동,2층)",,90210 피씨존,127.028073490379,37.635746864196
서울특별시 강북구 번동 416-123번지 지층,"서울특별시 강북구 한천로131길 29  (번동,지층)",,아이러브 PC클럽,127.027018534163,37.6380672373616
서울특별시 강북구 번동 464-14번지 2층,"서울특별시 강북구 도봉로96길 11  (번동,2층)",,벙커속의저글링,127.029578494872,37.6405883896446
서울특별시 강북구 미아동 137-4번지 2층,"서울특별시 강북구 도봉로24길 16  (미아동,2층)",,논스톱PC,127.029892967434,37.619521180855
서울특별시 강북구 수유동 286-7번지,서울특별시 강북구 삼양로123길 10 (수유동),1029,로마루 PC,127.015299663419,37.6449524999366
서울특별시 강북구 미아동 211-9번지 2층,,,Xeno(제노),,
서울특별시 강북구 번동 445-1번지 2층,"서울특별시 강북구 오패산로 411  (번동,2층)",,유니넷PC방 번동점,127.026439292291,37.6372594553038
서울특별시 강북구 번동 148-323번지 2층,"서울특별시 강북구 오현로25다길 91  (번동,2층)",,사이버 피플,127.033007316373,37.6256226479415
"서울특별시 강북구 수유동 455-66번지 , 2층 ","서울특별시 강북구 덕릉로 1  (수유동,, 2층)",,제너시스21,127.013750291232,37.6339698664113
서울특별시 강북구 미아동 305-1,"서울특별시 강북구 도봉로49길 11, 3층 (미아동)",1170,아이리쉬PC,127.025765702919,37.6250118704133
서울특별시 강북구 번동 446-13번지 가든타워201호,"서울특별시 강북구 도봉로 328  (번동,가든타워201호)",,주식회사 게임아이,127.025191277715,37.6371277340534
서울특별시 강북구 수유동 188-6번지 현광빌딩,"서울특별시 강북구 한천로 1077, 현광빌딩 지하1층 (수유동)",1070,BeBe PC 수유점,127.023205205737,37.6423135787989
서울특별시 강북구 수유동 119-11번지 지층,"서울특별시 강북구 삼양로 346  (수유동,지층)",,드림존 PC방,127.017666458347,37.6344097467844
서울특별시 강북구 번동 136번지 솔그린아파트 상가2층,"서울특별시 강북구 오현로20길 46  (번동,솔그린아파트 상가2층)",,비타민PC,127.039061654283,37.6266916218151
서울특별시 강북구 수유동 252-121번지 지층,"서울특별시 강북구 노해로 97  (수유동,지층)",,샤인 PC방,127.022945442913,37.644303543265
서울특별시 강북구 미아동 49-62,"서울특별시 강북구 월계로7길 38, 1층 (미아동)",1222,로또PC,127.03348235304,37.6118531662105
서울특별시 강북구 수유동 230-7 효성 인텔리안 오피스텔,"서울특별시 강북구 도봉로 313, 효성 인텔리안 오피스텔 지층 (수유동)",1073,메가런PC방,127.023461920784,37.6364404587321
서울특별시 강북구 미아동 52-1번지 방천프라자,"서울특별시 강북구 월계로7나길 4, 방천프라자 (미아동)",1218,와우PC방,127.033708462013,37.6129553716493
"서울특별시 강북구 미아동 226-56번지 ,2층 ","서울특별시 강북구 솔매로 89  (미아동,,2층)",,X인터넷피시방,127.022065541169,37.6253105767453
서울특별시 강북구 수유동 404-10번지 (2층) 903동 0916호,"서울특별시 강북구 삼양로 370, 903동 0916호 (수유동,(2층))",,우와넷,127.017452700056,37.6364568174109
"서울특별시 강북구 미아동 838-46번지 ,47, 3층 ","서울특별시 강북구 솔샘로 219  (미아동,,47, 3층)",,짱 인터넷PC게임방,127.017102732859,37.6201618073002
서울특별시 강북구 미아동 202-1번지,"서울특별시 강북구 도봉로 249, 2층 (미아동)",1118,해PC 수유시장점,127.024068364748,37.6307272765646
서울특별시 강북구 수유동 256-3번지,서울특별시 강북구 한천로 1118  (수유동),,와후수유점,127.020186917746,37.6449887953472
서울특별시 강북구 수유동 220-29번지 (2층),"서울특별시 강북구 노해로 56  (수유동,(2층))",,사이버월드,127.022771649695,37.6406614379771
서울특별시 강북구 미아동 52-47번지 2층,"서울특별시 강북구 월계로7길 49  (미아동,2층)",,파워넷,127.033464453081,37.6123473637194
서울특별시 강북구 수유동 279-264번지 지층,"서울특별시 강북구 4.19로 3  (수유동,지층)",,스피드PC프라자,127.013861190181,37.6479190764902
서울특별시 강북구 번동 268-2번지 2층,"서울특별시 강북구 한천로109길 3  (번동,2층)",,넷클럽,127.043812914652,37.6284570581872
서울특별시 강북구 미아동 373-56번지 2층,"서울특별시 강북구 솔샘로 313  (미아동,2층)",,허브PC카페,127.027034998142,37.6175237492199
서울특별시 강북구 미아동 258-601번지 7동2층,,,남영PC방,,
"서울특별시 강북구 미아동 55-20번지 , 1층 ","서울특별시 강북구 도봉로10가길 15  (미아동,, 1층)",,아이존,127.031361727002,37.6130064740091
서울특별시 강북구 수유동 340-13번지 2층,"서울특별시 강북구 삼양로 447  (수유동,2층)",,인터넷존,127.015934869853,37.6433428979238
서울특별시 강북구 미아동 309-3번지 3층,"서울특별시 강북구 삼양로54길 147  (미아동,3층)",,바이러스게임방,127.025934549499,37.6238839778191
서울특별시 강북구 우이동 72-133번지 2층,서울특별시 강북구 삼양로 531 (우이동),1010,사이버프랜드 PC방,127.013097068503,37.6502235187092
서울특별시 강북구 번동 191번지 기산그린아파트,"서울특별시 강북구 월계로37길 137, 지하1층 (번동, 기산그린아파트)",1226,라임 PC&CAFE(번동점),127.043435610265,37.627170859251
서울특별시 강북구 번동 467-1번지,서울특별시 강북구 도봉로98길 28  (번동),,클릭PC방,127.031161643215,37.641068927668
서울특별시 강북구 번동 415-1번지 3층,"서울특별시 강북구 한천로131길 33  (번동,3층)",,피씨방,127.026890682256,37.6379253614354
서울특별시 강북구 수유동 177-40번지 2층,,,투어 PC,,
서울특별시 강북구 번동 437-12번지 3층,"서울특별시 강북구 덕릉로 136-1  (번동,3층)",,초콜릿PC존(번동점),127.0289108691,37.6349086554675
서울특별시 강북구 수유동 50-1번지 2층,"서울특별시 강북구 도봉로77길 25  (수유동,2층)",,PC매니아,,
서울특별시 강북구 수유동 54-6번지,서울특별시 강북구 도봉로 259 (수유동),1117,방아간PC방,127.02375274585,37.6314386690103
서울특별시 강북구 수유동 278-3번지 2층,"서울특별시 강북구 삼양로 504 (수유동,2층)",,라임 PC카페->단 PC카페,,
서울특별시 강북구 수유동 119-9번지 3층,"서울특별시 강북구 덕릉로 37  (수유동,3층)",,고수골,127.017827786225,37.6344040463093
서울특별시 강북구 미아동 134-94번지 엠디시빌딩,"서울특별시 강북구 도봉로 132, 엠디시빌딩 2층 (미아동)",1161,3POP PC방 미아점,127.028707276977,37.6207624056416
서울특별시 강북구 번동 441-9번지,서울특별시 강북구 덕릉로 130 (번동),1130,천지pc,127.028078473772,37.6348393905176
서울특별시 강북구 수유동 220-35,"서울특별시 강북구 노해로 64-1, 1층 (수유동)",1070,다온PC,127.022706251764,37.6413324137641
서울특별시 강북구 미아동 35-23번지 3층,"서울특별시 강북구 도봉로6길 12  (미아동,3층)",,멀티PC방,127.0307538598,37.6124613555372
서울특별시 강북구 번동 268-0번지 3층,"서울특별시 강북구 월계로37길 146  (번동,3층)",,프로인터넷,127.043618953383,37.6284243341433
서울특별시 강북구 미아동 1265-11번지 2층,,,클로벌PC방,,
서울특별시 강북구 수유동 190-49번지 3층,"서울특별시 강북구 한천로139길 10  (수유동,3층)",,사이버 퀸 PC방,127.026107427602,37.6398017482155
서울특별시 강북구 수유동 172-170번지 1층,"서울특별시 강북구 한천로140길 49  (수유동,1층)",,퓨전,127.028539876058,37.6418362386848
서울특별시 강북구 수유동 220-47번지 지층,"서울특별시 강북구 한천로143길 36  (수유동,지층)",,n스타PC,127.023284464785,37.6406870159442
서울특별시 강북구 수유동 252-145번지 3층,"서울특별시 강북구 노해로 95  (수유동,3층)",,넷 킹,127.022681122062,37.6440189735156
서울특별시 강북구 번동 447-7,"서울특별시 강북구 오패산로67길 42, 1층 (번동)",1065,셈미PC방,127.025790715108,37.6357653148818
서울특별시 강북구 미아동 209-6번지 2층,"서울특별시 강북구 도봉로 199  (미아동,2층)",,인터넷PC월드,127.025766530318,37.6264243473455
서울특별시 강북구 미아동 67-1번지 1층,,,윙크링크,,
서울특별시 강북구 수유동 178-16번지 2층,"서울특별시 강북구 한천로144길 11  (수유동,2층)",,프로게이머,127.025561948799,37.6416490662271
서울특별시 강북구 수유동 605-444번지 2층,"서울특별시 강북구 삼양로77길 25  (수유동,2층)",,아이지존,127.016878572118,37.6296952731454
서울특별시 강북구 수유동 223-9번지 2층,"서울특별시 강북구 도봉로87길 43  (수유동,2층)",,큐릭스pc방,127.023476311114,37.6389665476182
서울특별시 강북구 미아동 838-96,"서울특별시 강북구 솔샘로 225, 3층 (미아동)",1188,런PC방,127.017759024953,37.6201521598856
서울특별시 강북구 미아동 258-111번지 2CMD,,,NEOPC CLUB,,
서울특별시 강북구 수유동 48-55번지 3층,"서울특별시 강북구 수유로 38  (수유동,3층)",,테라인터넷,127.019579360982,37.6342200576908
서울특별시 강북구 미아동 302-20번지 2층,"서울특별시 강북구 솔매로 102  (미아동,2층)",,U2인터넷PCCLUB,127.023590672591,37.6254802979209
서울특별시 강북구 미아동 374-13번지 2층,"서울특별시 강북구 솔샘로 327  (미아동,2층)",,사이버리아PC방,127.028455452166,37.617439353054
서울특별시 강북구 미아동 309-52번지 3층,"서울특별시 강북구 삼양로54길 143  (미아동,3층)",,"마징가PC,방",127.025792259305,37.6238427437952
서울특별시 강북구 수유동 47-46번지,서울특별시 강북구 수유로 50 (수유동),1081,아이비스 PC방 수유점,127.019633094903,37.6352073486734
서울특별시 강북구 수유동 685-9번지 2층,"서울특별시 강북구 노해로 124  (수유동,2층)",,인터넷뉴월드,127.02493172925,37.6459883405072
서울특별시 강북구 미아동 42-95번지 2층,"서울특별시 강북구 월계로3길 12  (미아동,2층)",,실로암컴퓨터(주),127.031437823398,37.6102810521026
서울특별시 강북구 미아동 3-802번지 3층,"서울특별시 강북구 오현로 35  (미아동,3층)",,마린인터넷플라자,127.033899981641,37.616689463704
서울특별시 강북구 수유동 605-444번지 2층,"서울특별시 강북구 삼양로77길 25  (수유동,2층)",,웹시티 PC방,127.016878572118,37.6296952731454
서울특별시 강북구 미아동 460-2번지 지층,"서울특별시 강북구 솔샘로64길 7  (미아동,지층)",,무한클릭 PC방,127.027551039923,37.6168978935849
서울특별시 강북구 수유동 360-20번지 2층,"서울특별시 강북구 삼양로 423  (수유동,2층)",,아마존PC방,127.016597361265,37.6412513516267
서울특별시 강북구 수유동 10-40번지 삼오빌딩,"서울특별시 강북구 노해로 31, 삼오빌딩 2층 (수유동)",1078,여우PC,127.022546310141,37.6384751516532
서울특별시 강북구 수유동 1-71,"서울특별시 강북구 수유로 73-1, 2층 (수유동)",1080,놀이터PC,127.021818998094,37.6363853634038
서울특별시 강북구 수유동 7-9번지 지층,"서울특별시 강북구 수유로 76  (수유동,지층)",,짱PC,127.021933362617,37.6361661324857
서울특별시 강북구 수유동 279-20번지 2층,"서울특별시 강북구 4.19로 4  (수유동,2층)",,넷스페이스,127.013730047776,37.6483246244788
서울특별시 강북구 우이동 72-133번지 2층,"서울특별시 강북구 삼양로 531  (우이동,2층)",,사이버리아말티PC방우이동점,127.013097068503,37.6502235187092
서울특별시 강북구 수유동 322-25번지 지층,"서울특별시 강북구 삼양로 470  (수유동,지층)",,드림피씨방,127.015895706194,37.6451277526052
서울특별시 강북구 수유동 252-145번지 3층,"서울특별시 강북구 노해로 95 (수유동,3층)",,리플레이PC,127.022681122062,37.6440189735156
서울특별시 강북구 수유동 1-61번지,"서울특별시 강북구 수유로 77, 2층 (수유동)",1080,라스베가스PC,127.022147215854,37.6363827794914
서울특별시 강북구 수유동 725-3번지 2층,"서울특별시 강북구 노해로33길 23  (수유동,2층)",,인터스페이스,127.023124384085,37.6462207119261
서울특별시 강북구 수유동 461-21번지 (2층) 986동 9180호,"서울특별시 강북구 덕릉로 18, 986동 9180호 (수유동,(2층))",,매직스페이스,127.01549632779,37.6338496387237
서울특별시 강북구 번동 201-1번지 3층,,,인터넷PCAJTLS,,
서울특별시 강북구 수유동 319-12,"서울특별시 강북구 삼양로123길 6-12, 1층 (수유동)",1029,히든PC,127.01533668915,37.6453755971713
서울특별시 강동구 암사동 491-37,"서울특별시 강동구 상암로 73, 1층 (암사동)",5261,세븐 PC,127.131245822201,37.5486440482384
서울특별시 강북구 수유동 279-37번지 (4층),"서울특별시 강북구 삼양로 516  (수유동,(4층))",,블리자드,127.014168603126,37.64907707393
서울특별시 강북구 수유동 183-4번지 한영빌딩 3층,"서울특별시 강북구 노해로 88  (수유동,한영빌딩 3층)",,로드넷,127.022676033029,37.6433057554597
서울특별시 강북구 번동 446-14번지 3층,"서울특별시 강북구 도봉로 336  (번동,3층)",,삼보피씨광장,127.025692922639,37.6376847950519
서울특별시 강북구 미아동 52-56번지 2층,"서울특별시 강북구 월계로7나길 9  (미아동,2층)",,광인터넷PC나라,127.033362173064,37.6125859745342
서울특별시 강북구 수유동 48-73번지 3층,"서울특별시 강북구 덕릉로 64  (수유동,3층)",,네오프러스PC방,127.020807468228,37.6342709333841
서울특별시 강북구 수유동 173-4번지 3층,"서울특별시 강북구 도봉로 381  (수유동,3층)",,에니넷PC죤,127.028561585582,37.6411270685711
서울특별시 강북구 우이동 72-147번지 2층,"서울특별시 강북구 삼양로 529  (우이동,2층)",,고개드니날샛네,127.013182815726,37.650032500731
"서울특별시 강북구 수유동 472-30번지 ,3층 ","서울특별시 강북구 삼양로 337  (수유동,,3층)",,리얼탑넷,127.01734565592,37.6336215220719
서울특별시 강북구 미아동 134-23번지 3층,"서울특별시 강북구 도봉로 130  (미아동,3층)",,U2인터넷PC클럽,127.028880419338,37.6206306390013
서울특별시 강북구 수유동 313-20번지 2층,"서울특별시 강북구 삼양로123길 27  (수유동,2층)",,인터파크,127.014064641895,37.6445995580184
서울특별시 강북구 수유동 47-53번지 3층,"서울특별시 강북구 수유로 42  (수유동,3층)",,로그인PC방,127.019575850107,37.6346564956703
서울특별시 강북구 수유동 134-3번지 2층,"서울특별시 강북구 수유로 69-1  (수유동,2층)",,성호인터넷PC방,127.021393439051,37.6363182278353
서울특별시 강북구 수유동 405-17번지 1층,"서울특별시 강북구 삼양로91길 11-15  (수유동,1층)",,루키죤PC방,127.016440995684,37.6360784588166
서울특별시 강북구 수유동 119-11번지 지층,"서울특별시 강북구 삼양로 346  (수유동,지층)",,페스타임,127.017666458347,37.6344097467844
서울특별시 강북구 미아동 305-1번지 3층,"서울특별시 강북구 도봉로49길 11  (미아동,3층)",,인터넷멀티죤ⅡPC방,127.025765702919,37.6250118704133
서울특별시 강북구 수유동 192-61번지 영남빌딩501호,"서울특별시 강북구 한천로139길 42  (수유동,영남빌딩501호)",,썬PC클럽,127.024948947089,37.6388575866282
서울특별시 강북구 수유동 229-4번지 지하1층,"서울특별시 강북구 도봉로 337  (수유동,지하1층)",,아이닉스 PC방,127.025268963896,37.6380260896375
서울특별시 강북구 미아동 55-43번지 4층,"서울특별시 강북구 월계로3길 69  (미아동,4층)",,싸이버공원,127.031384301029,37.6128206841138
서울특별시 강북구 수유동 312-2번지 1층,"서울특별시 강북구 삼양로117길 37  (수유동,1층)",,미션#1 장미원점,,
서울특별시 강북구 수유동 263-7번지 성은빌딩,"서울특별시 강북구 한천로 1127, 성은빌딩 3층 (수유동)",1040,오션PC,127.01905594543,37.6452973902375
서울특별시 강북구 수유동 248-30,"서울특별시 강북구 한천로 1105, 1층 (수유동)",1043,백구PC,127.020962124279,37.6439897391917
서울특별시 강북구 수유동 173-19번지 2층,"서울특별시 강북구 도봉로 385  (수유동,2층)",,아마존,127.028764274379,37.6413933503416
서울특별시 강북구 미아동 54-211번지 1층,"서울특별시 강북구 월계로7나길 29  (미아동,1층)",,메게넷인터넷PC방,127.032280468835,37.6124186914476
서울특별시 강북구 번동 446-17번지 2층,"서울특별시 강북구 오패산로77길 4  (번동,2층)",,JOYFUL(조이풀)PCCLUB,127.026198676491,37.6373384352726
서울특별시 강북구 미아동 74-3번지 2층,,,무한공간,,
서울특별시 강북구 미아동 762-36번지 지하,"서울특별시 강북구 솔매로 70  (미아동,지하)",,초콜릿PC방,127.019873212319,37.624747579185
서울특별시 강북구 번동 462-110번지 2층,"서울특별시 강북구 도봉로96길 24  (번동,2층)",,G-zone PC방,127.029827573322,37.6401211664112
서울특별시 강북구 미아동 70-26번지 (2층),,,인터넷프라자,,
서울특별시 강북구 미아동,,,마시멜로 PC방,,
서울특별시 강북구 미아동 777-18번지 3층,,,왔구나PC방,,
"서울특별시 강북구 미아동 469-16번지 ,2층 ","서울특별시 강북구 도봉로13길 47  (미아동,,2층)",,컴생컴사인터넷멀티게임장,127.027648004629,37.6150858031305
서울특별시 강북구 수유동 58-9번지 2층,"서울특별시 강북구 삼양로 292  (수유동,2층)",,인터스페이스,127.018128174988,37.6294756976145
서울특별시 강북구 미아동 762-130번지,서울특별시 강북구 솔매로 73 (미아동),1127,로또pc,,
서울특별시 강북구 우이동 72-70번지,"서울특별시 강북구 삼양로 522, 지하1층 (우이동)",1044,소풍PC방 덕성여대점,127.013864912424,37.6496557214652
서울특별시 강북구 수유동 10-1번지,서울특별시 강북구 노해로 37 (수유동),1078,보고플레이,127.022516986001,37.6389179913251
서울특별시 강북구 수유동 176-1번지 1층,"서울특별시 강북구 한천로144길 22  (수유동,1층)",,스크린도둑,127.02613624169,37.6418438233296
서울특별시 강북구 미아동 134-21번지 1층,"서울특별시 강북구 도봉로30길 6  (미아동,1층)",,영화마을미아9동점,127.028946317748,37.6208558697605
서울특별시 강북구 수유동 175-43번지 1층,"서울특별시 강북구 도봉로95길 41  (수유동,1층)",,신새대컴퓨터게임랜드,127.026794745565,37.642101717538
서울특별시 강북구 수유동 455-60번지,서울특별시 강북구 인수봉로50길 10  (수유동),,홍능과학출판사,127.013561392872,37.6349963811035
서울특별시 강북구 수유동 451-172번지 2층,"서울특별시 강북구 덕릉로 27  (수유동,2층)",,한게임오때,127.01651174301,37.634260530625
서울특별시 강북구 수유동 221-22번지 2층,"서울특별시 강북구 도봉로87길 48  (수유동,2층)",,준피씨방,127.023275387948,37.6391938158003
서울특별시 강북구 우이동 41-11번지 2층,"서울특별시 강북구 삼양로 625  (우이동,2층)",,플레이플보스 PC방,127.013568757639,37.6586695455225
서울특별시 강북구 미아동 60-5번지 58(3층310호),,,예스인터넷,,
서울특별시 강북구 수유동 254-27번지,서울특별시 강북구 한천로 1130  (수유동),,럭셔리 PC방,127.019199509888,37.6457425430797
서울특별시 강북구 미아동 773-8번지 2층,"서울특별시 강북구 솔매로 77  (미아동,2층)",,라이너 PC방,127.020812941036,37.6250520408791
서울특별시 강북구 수유동 30-42번지 2층,"서울특별시 강북구 노해로 53  (수유동,2층)",,썬 pc카페,127.022352692152,37.6404004127581
서울특별시 강북구 미아동 688-1번지 2층,"서울특별시 강북구 솔샘로 264 (미아동,2층)",,비발디 PC방,127.021645846432,37.6190759116726
서울특별시 강북구 미아동 58-0번지 402호,"서울특별시 강북구 도봉로 41-1  (미아동,402호)",,탑 인터월드,127.029674823532,37.6127184136305
서울특별시 강북구 미아동 322-25번지 지하,"서울특별시 강북구 도봉로29길 10  (미아동,지하)",,일루젼,127.027664593676,37.6207303993394
서울특별시 강북구 미아동 60-16번지 (3층),"서울특별시 강북구 도봉로 45  (미아동,(3층))",,짱인터넷PC방,127.02945322795,37.6131435556689
서울특별시 강북구 미아동 61-85번지 4층,"서울특별시 강북구 도봉로 59  (미아동,4층)",,매직캐슬,127.029674064367,37.6142282907429
"서울특별시 강북구 번동 308-3번지 ,2층 ","서울특별시 강북구 오현로34길 12  (번동,,2층)",,인터라인,127.040039504413,37.6286035478846
서울특별시 강북구 수유동 680-19번지 2층,"서울특별시 강북구 노해로 113  (수유동,2층)",,IBC-net,127.023887945328,37.6453844468256
"서울특별시 강북구 우이동 72-70번지 ,2층 ","서울특별시 강북구 삼양로 522  (우이동,,2층)",,어라 PC 방이네,127.013864912424,37.6496557214652
"서울특별시 강북구 미아동 415-5번지 ,2층 ","서울특별시 강북구 솔샘로64길 2  (미아동,,2층)",,NetZone,127.027220785164,37.6169805908464
서울특별시 강북구 번동 464-14번지,서울특별시 강북구 도봉로96길 11  (번동),,아이닉스 PC방,127.029578494872,37.6405883896446
서울특별시 강북구 수유동 48-1번지 제네스타워,"서울특별시 강북구 덕릉로 82, 제네스타워 3층 (수유동)",1113,T-U PC방,127.022843274109,37.6344266074982
서울특별시 강북구 미아동 224-61번지 2층,"서울특별시 강북구 솔매로 101  (미아동,2층)",,사이버랜드,127.023421827389,37.6256538616326
"서울특별시 강북구 수유동 192-3번지 ,4층 ","서울특별시 강북구 한천로139나길 1  (수유동,,4층)",,ALPHA.net(알파넷),127.025278711331,37.6390404163578
서울특별시 강북구 번동 192번지,"서울특별시 강북구 월계로37길 107, 2층 (번동)",1226,인디고PC방,127.043944960774,37.6268447837905
서울특별시 강북구 미아동 224-58번지 2층동,서울특별시 강북구 솔매로43길 11-3 (미아동),1126,"엔터,인터넷 PC방",127.023983541993,37.6262360565903
서울특별시 강북구 수유동 23-66번지 지층동,"서울특별시 강북구 노해로11길 15, 지층동 (수유동)",,테마PC방,127.02177010717,37.6388966880632
서울특별시 강북구 미아동 762-49번지 3층,"서울특별시 강북구 솔매로 79  (미아동,3층)",,미션#1미아점,127.021022172022,37.6250699334293
서울특별시 강북구 수유동 346-12번지 수목빌딩 3층호,,,순풍인터넷PC,,
서울특별시 영등포구 영등포동3가 3-4 대흥빌딩,"서울특별시 영등포구 영등포로 248, 대흥빌딩 104호 (영등포동3가)",7303,수박PC,126.908762583452,37.5188636633622
서울특별시 강북구 미아동 160-3 수유역푸르지오시티,"서울특별시 강북구 도봉로 290, 203호 (미아동, 수유역푸르지오시티)",1128,골드PC,127.023773791961,37.6342034297487
"서울특별시 강북구 미아동 42-73번지 ,2층 ","서울특별시 강북구 월계로3길 28  (미아동,,2층)",,SF인터넷PC방,127.031362337692,37.6109545615904
"서울특별시 강북구 번동 178-1번지 , 지층 ","서울특별시 강북구 한천로109길 33  (번동,, 지층)",,G.M.I,127.042294815654,37.6280914512264
서울특별시 강북구 수유동 535-20번지,서울특별시 강북구 인수봉로75길 72  (수유동),,디브이드키드,127.007049353103,37.6443796248858
서울특별시 강북구 수유동,서울특별시 강북구 삼양로79길 20 (수유동),1099,허브PC,127.016586123075,37.6309623714762
서울특별시 강북구 수유동 191-76번지 5층,"서울특별시 강북구 도봉로87길 14  (수유동,5층)",,미션,127.024989508928,37.6385208799929
서울특별시 강북구 미아동 225-45번지 3층,"서울특별시 강북구 솔매로 99  (미아동,3층)",,삼보인터넷PC광장,127.023205783688,37.6255918263219
서울특별시 강북구 미아동 459-2번지 지1층,"서울특별시 강북구 솔샘로64길 지하 7, 지1층 (미아동)",142-140,볼트PC방,,
서울특별시 강북구 미아동 300-39번지 지층,"서울특별시 강북구 솔매로 84  (미아동,지층)",,프리존PC방,127.021618108086,37.6249875656425
서울특별시 강북구 번동 434-9번지,"서울특별시 강북구 덕릉로40길 79 (번동, 대명빌딩)",1135,게임팩토리,127.033550579883,37.6343855765606
서울특별시 강북구 번동 229-9번지,"서울특별시 강북구 덕릉로40길 66 (번동, 신명타워)",1138,게임팩토리PC,127.033037300442,37.6337330474474
서울특별시 강북구 수유동 229-2번지 덕인빌딩 지층,"서울특별시 강북구 도봉로87길 3  (수유동,덕인빌딩 지층)",,나비 PC CLUB,127.025170304196,37.638095126176
"서울특별시 강북구 수유동 174-17 천지빌딩,유료주차장 ","서울특별시 강북구 한천로 1038, 천지빌딩,유료주차장 4층 (수유동)",1054,1프로 PC 아레나,127.027026777635,37.6401812161408
서울특별시 강북구 미아동 302-14번지 2층,,,썬클럽,,
서울특별시 강북구 미아동 132-22번지 2층,"서울특별시 강북구 도봉로30길 15  (미아동,2층)",,오렌지pc방,127.029209680277,37.6211559238267
서울특별시 강북구 수유동 90-14번지 2층,"서울특별시 강북구 도봉로77길 15  (수유동,2층)",,벤처PC,127.022360720421,37.6335413914787
서울특별시 강북구 미아동 55-38번지 3층,"서울특별시 강북구 도봉로10가길 16  (미아동,3층)",,엘프PC방,127.031231214192,37.6129187523112
서울특별시 강북구 미아동 258-129번지 2층,"서울특별시 강북구 오패산로52길 61  (미아동,2층)",,PC CLUB EZ,127.032279027625,37.6255907742857
서울특별시 강북구 수유동 39-30번지 3층,"서울특별시 강북구 노해로 57  (수유동,3층)",,사이버리아PC방,127.022233155548,37.6407709202116
서울특별시 강북구 수유동 191-26번지 2층,"서울특별시 강북구 도봉로89길 8  (수유동,2층)",,용가리PC방,127.026164986483,37.6391609551032
서울특별시 강북구 우이동 45-10번지 지층,"서울특별시 강북구 삼양로 623, 지층 (우이동)",1005,유니넷PC방(우이동점),127.013523839792,37.6584533150352
서울특별시 강북구 수유동 30-65번지 지하,"서울특별시 강북구 노해로11길 10  (수유동,지하)",,YES SIR PC방,127.022077316681,37.639078179423
서울특별시 강북구 수유동 168-22번지,서울특별시 강북구 한천로140길 74 (수유동),1055,타이탄pc,127.029429956149,37.6426006854172
서울특별시 강북구 번동 267-4번지,서울특별시 강북구 월계로37길 134 (번동),1226,맥스피드pc,,
서울특별시 강북구 수유동 2-9번지,"서울특별시 강북구 수유로 81, 3층 (수유동)",1080,파라다이스,127.022510327124,37.6363747821024
서울특별시 강북구 수유동 190-3,"서울특별시 강북구 한천로 1055, 2층 (수유동)",1071,홈런PC,127.025196975735,37.640916283958
"서울특별시 강북구 미아동 131-8번지 ,지층 ","서울특별시 강북구 도봉로 142  (미아동,,지층)",,미아PC게임방,127.028379309336,37.6215396768441
서울특별시 강북구 수유동 180-44번지 (2층),"서울특별시 강북구 한천로144길 31  (수유동,(2층))",,매직스페이스,127.026258097712,37.6423188853258
서울특별시 강북구 미아동 762-38번지 2층,"서울특별시 강북구 솔매로 72-1  (미아동,2층)",,HAT인터넷피씨방,127.020251787022,37.6247420187973
서울특별시 강북구 미아동 45-14번지 2층,"서울특별시 강북구 도봉로4길 37  (미아동,2층)",,쌈장 (SSAMJANG),127.032621786863,37.6112750623809
서울특별시 강북구 수유동 381-2번지 3층,"서울특별시 강북구 삼양로 424  (수유동,3층)",,인터매니아,127.017117690358,37.6414252573848
서울특별시 강북구 수유동 30-42번지 2층,"서울특별시 강북구 노해로 53  (수유동,2층)",,하루종일PC게임방,127.022352692152,37.6404004127581
서울특별시 강북구 수유동 191-66번지 3층,"서울특별시 강북구 한천로139길 33  (수유동,3층)",,킹덤,127.025469779274,37.6388376536752
서울특별시 강북구 수유동 385-5번지 3층,"서울특별시 강북구 삼양로 422  (수유동,3층)",,사이버리아수유본점,127.01707740381,37.6411467689148
"서울특별시 강북구 미아동 302-1번지 ,2층 ",,,인터필드,,
"서울특별시 강북구 미아동 860-189번지 ,3층 ",,,2000밀레니엄,,
서울특별시 강북구 미아동 791-957번지,서울특별시 강북구 삼양로 261  (미아동),,짱PC방,127.017966762994,37.626734560931
서울특별시 강북구 번동 510-35번지 충신빌딩 2층,"서울특별시 강북구 오현로31길 129  (번동,충신빌딩 2층)",,우주인터넷프라자,127.034502266654,37.6329712952548
서울특별시 강북구 번동 229-8번지 (2층) 989동 6951호,"서울특별시 강북구 덕릉로40길 79, 989동 6951호 (번동,(2층))",,Njoy,127.033550579883,37.6343855765606
서울특별시 강북구 미아동 207-2번지 2층,"서울특별시 강북구 도봉로 211  (미아동,2층)",,........................................,127.025415047869,37.6275050669958
"서울특별시 강북구 미아동 121-19번지 ,3층 ","서울특별시 강북구 도봉로 196  (미아동,,3층)",,인터피아,127.026574236378,37.6261436910197
서울특별시 강북구 미아동 35-4,"서울특별시 강북구 도봉로 34, 7층 (미아동, 트레지오빌딩)",1220,레드포스 PC 아레나 미아점,127.03072164571,37.6120685327599
서울특별시 강북구 수유동 50-68번지,"서울특별시 강북구 덕릉로24길 29-1 (수유동, 삼일미디어)",1114,둘리PC,,
서울특별시 강북구 번동 469-100번지,서울특별시 강북구 도봉로98길 42 (번동),1057,조은PC,127.031994967243,37.6410214029362
서울특별시 강북구 미아동 135-2번지,서울특별시 강북구 도봉로 126 (미아동),1164,eco PC cafe,127.028886630245,37.6202886225627
서울특별시 강북구 번동 165-4번지 유림빌딩 2층동,"서울특별시 강북구 한천로109길 53, 2층동 (번동,유림빌딩)",,사이버 길드,127.041410969408,37.6274625157464
서울특별시 강북구 미아동 35-20번지 (지층),"서울특별시 강북구 도봉로 40  (미아동,(지층))",,프리존,127.030433727904,37.6125920819171
"서울특별시 강북구 미아동 54-54번지 2,3층 ","서울특별시 강북구 도봉로10길 26  (미아동,2,3층)",,사이버리아(미아점),127.031009690469,37.6137697946048
서울특별시 강북구 수유동 340-2번지 3층,"서울특별시 강북구 삼양로117길 5  (수유동,3층)",,스카이PC방,127.015720170082,37.6434196905791
서울특별시 강북구 미아동 473-137번지 (2층),,,스타PC게임방,,
서울특별시 강북구 미아동 775-3번지 778-28 1호(2층),,,짱인터넷정보방,,
서울특별시 강북구 미아동 62-21번지 3층,"서울특별시 강북구 도봉로13길 22  (미아동,3층)",,애플인터넷,127.029183096151,37.6151596749424
서울특별시 강북구 번동 467-1번지 2층,"서울특별시 강북구 도봉로98길 28  (번동,2층)",,프리타임 PC방,127.031161643215,37.641068927668
서울특별시 강북구 수유동 254-44번지 (지층),"서울특별시 강북구 노해로23길 59  (수유동,(지층))",,넷클럽PC방,127.020129293023,37.6455924643934
서울특별시 강북구 미아동 54-138번지 3층,"서울특별시 강북구 도봉로10길 32  (미아동,3층)",,인터넷조인클럽,127.031122537382,37.6141334039203
"서울특별시 강북구 번동 191-0번지 상가203,204호 ",,,게임랜드,,
서울특별시 강북구 수유동 31-11번지 지층,"서울특별시 강북구 삼각산로34길 46  (수유동,지층)",,스카이PC네트웍,127.021651537423,37.6398676110843
"서울특별시 강북구 수유동 224-16번지 ,3층 ","서울특별시 강북구 노해로8길 33  (수유동,,3층)",,스피드PC방,127.024523415758,37.6385815239791
"서울특별시 강북구 수유동 299-0번지 ,298-1, 605-241, 지층 ","서울특별시 강북구 인수봉로72길 41  (수유동,,298-1, 605-241, 지층)",,골뱅이 넷,127.013103352406,37.64277634711
서울특별시 강북구 수유동 278-3번지 지하,"서울특별시 강북구 삼양로 504  (수유동,지하)",,인터게이트,,
"서울특별시 강북구 번동 437-17번지 ,2층 ","서울특별시 강북구 덕릉로40길 14  (번동,,2층)",,스피드넷,127.030114330565,37.63448381008
서울특별시 강북구 수유동 229-3번지 3층,,,벤처인터넷,,
"서울특별시 강북구 수유동 442-56번지 ,1층 ","서울특별시 강북구 인수봉로52길 2  (수유동,,1층)",,길드존,127.013398990451,37.6353362513657
서울특별시 강북구 미아동 310-28번지,서울특별시 강북구 솔샘로67길 14 (미아동),142-814,피시랑 놀자,,
서울특별시 강북구 수유동 461-14번지,"서울특별시 강북구 덕릉로 8, 지층 (수유동)",1097,3POP PC방 한신대점,127.014423884135,37.6337456207615
서울특별시 강북구 수유동 381-2 정암빌딩,"서울특별시 강북구 삼양로 424, 정암빌딩 (수유동)",1041,리플레이PC,127.017117690358,37.6414252573848
서울특별시 강북구 수유동 47-14,"서울특별시 강북구 덕릉로19길 8, 1층 (수유동)",1081,별밤PC방,127.020355261544,37.6348994496652
서울특별시 강북구 번동 430-68번지,서울특별시 강북구 한천로 940 (번동),1136,종점PC,127.035597434114,37.6348400645376
서울특별시 강북구 수유동 322-9번지 (2층),"서울특별시 강북구 삼양로 474-1  (수유동,(2층))",,위자드인터넷세상,127.015672707256,37.6456371987219
서울특별시 강북구 수유동 472-268번지 (1층),"서울특별시 강북구 삼양로 336  (수유동,(1층))",,배틀넷,127.017744859649,37.6334675743545
서울특별시 강북구 수유동 372-4번지 2층,"서울특별시 강북구 삼양로 430  (수유동,2층)",,넷크럽,127.016867270761,37.6418445215144
서울특별시 강북구 번동 148-496번지 번동완성주상복합 210호,"서울특별시 강북구 오현로 137  (번동,번동완성주상복합 210호)",,블루넷,127.037072255741,37.6247342390119
서울특별시 강북구 번동 464-7번지 3층,"서울특별시 강북구 도봉로 386  (번동,3층)",,아마존인터넷PC방,127.029225259709,37.6409840098933
서울특별시 강북구 번동 415-38번지 지층,"서울특별시 강북구 오패산로 400  (번동,지층)",,위너스PC라인,127.027595768771,37.636783650526
서울특별시 강북구 수유동 2-1번지 2층,"서울특별시 강북구 노해로 23  (수유동,2층)",,큐브 스페이스 PC방,127.022631738465,37.6377305613119
"서울특별시 강북구 수유동 2-41번지 ,2층 ","서울특별시 강북구 노해로 11  (수유동,,2층)",,도깨비 인터넷,127.022764410603,37.6366169181804
"서울특별시 강북구 수유동 605-450번지 ,2층 ","서울특별시 강북구 삼양로73길 21  (수유동,,2층)",,블리자드,127.017066158424,37.6301248364014
서울특별시 강북구 번동 418-9번지 5층,"서울특별시 강북구 도봉로 350  (번동,5층)",,인터가이,127.026701363107,37.6385651938447
서울특별시 강북구 미아동 135-6번지 2층호,,,월드넷PC방,,
서울특별시 강북구 번동 222-0번지 (2층) 983동 9471호,"서울특별시 강북구 월계로37길 91, 983동 9471호 (번동,(2층))",,엔조이PC방,127.044029484657,37.6261035105171
"서울특별시 강북구 번동 148-324번지 410,416 (지층) ","서울특별시 강북구 오현로25다길 95  (번동,410,416 (지층))",,PC타고 세계여행,127.032813676893,37.6255213409259
"서울특별시 강북구 미아동 791-968번지 ,3층 ","서울특별시 강북구 삼양로 267  (미아동,,3층)",,사이브보이즈,127.017884900854,37.6273754451897
서울특별시 강북구 번동 148-133번지 3층동,"서울특별시 강북구 오현로 163, 3층동 (번동)",,컴토피아 인터넷 PC 프라자,127.037029657175,37.6270058203577
서울특별시 강북구 미아동 322-6번지 3층호,"서울특별시 강북구 도봉로 129,  3층호 (미아동)",,사이버21,127.028173848583,37.6203849302826
서울특별시 강북구 수유동 451-84번지 3층,"서울특별시 강북구 덕릉로 19-1  (수유동,3층)",,알파넷.PC,127.015836276237,37.6341888146687
서울특별시 강북구 번동 446-46번지 (2층),"서울특별시 강북구 오패산로 417  (번동,(2층))",,지란지교PC방,127.025838717687,37.6376286318446
서울특별시 강북구 미아동 1341-3번지 (2층),"서울특별시 강북구 솔샘로 224  (미아동,(2층))",,클릭한번,127.017560848109,37.6198748655135
"서울특별시 강북구 수유동 440-27번지 , 2층 ","서울특별시 강북구 인수봉로 186  (수유동,, 2층)",,레드얼렛,127.013192049467,37.6362480718524
서울특별시 강북구 미아동 791-563번지 570 (3층),"서울특별시 강북구 삼양로 258  (미아동,570 (3층))",,인터넷유니버스,127.018427740397,37.6264197751681
서울특별시 강북구 수유동 331-3번지 (2층),"서울특별시 강북구 삼양로 460  (수유동,(2층))",,매트릭스게임방,127.016094180485,37.6444006316356
서울특별시 강북구 번동 415-36번지 (2층),"서울특별시 강북구 오패산로 402  (번동,(2층))",,한게임PC방,127.027492019096,37.6368651238055
서울특별시 강북구 수유동 287 삼원빌딩,"서울특별시 강북구 삼양로123길 1, 삼원빌딩 지하1층 (수유동)",1030,GEEKSTAR PC cafe,127.015463132055,37.6447775075406
서울특별시 강북구 번동 465-87 세오빌딩,"서울특별시 강북구 도봉로 394, 세오빌딩 지하1층 (번동)",1056,런PC방,127.030053308433,37.6416222394674
서울특별시 강북구 미아동 1345-2번지,서울특별시 강북구 솔샘로 238 (미아동),1194,솔샘PC,127.019146718363,37.6197334340672
서울특별시 강북구 수유동 2-1 한성빌딩,"서울특별시 강북구 노해로 23, 한성빌딩 2층 (수유동)",1080,라스PC,127.022631738465,37.6377305613119
서울특별시 강북구 수유동 230-7 효성 인텔리안 오피스텔,"서울특별시 강북구 도봉로 313, 효성 인텔리안 오피스텔 지하1층 (수유동)",1073,로얄PC,127.023461920784,37.6364404587321
서울특별시 강북구 번동 443-98 청도빌딩,"서울특별시 강북구 도봉로82길 33, 청도빌딩 3층 (번동)",1069,마카오PC,127.025356154712,37.6352146367142
서울특별시 강북구 수유동 61-3,"서울특별시 강북구 도봉로 269, 2층 (수유동)",1114,명당PC,127.023418072655,37.6324612648272
서울특별시 강북구 미아동 160-13,"서울특별시 강북구 도봉로 280, 3층 (미아동)",1128,오공PC,127.023735238193,37.6333833603855
서울특별시 도봉구 쌍문동 29-4번지 지하1층,"서울특별시 도봉구 방학로5길 53  (쌍문동,지하1층)",,아이디 PC방,127.037993995373,37.6603177788685
서울특별시 도봉구 쌍문동 653 삼환프라자,"서울특별시 도봉구 도봉로 575, 삼환프라자 2층 (쌍문동)",1432,런PC,127.038790046328,37.6564054566286
서울특별시 도봉구 창동 628-20,"서울특별시 도봉구 도봉로104길 53, 2층 (창동)",1460,니코PC방 창동점,127.035021358294,37.6433358929241
서울특별시 도봉구 쌍문동 54 현대아파트,"서울특별시 도봉구 해등로 242-12, 지층 8호 (쌍문동, 현대아파트)",1387,PDS PC방,127.030724177917,37.6586683068739
서울특별시 도봉구 도봉동 568-48번지 2층,"서울특별시 도봉구 도봉로181길 38  (도봉동,2층)",,미르 PC방,127.043803736714,37.684395707925
서울특별시 도봉구 창동 569-124번지,"서울특별시 도봉구 덕릉로 244, 2,3층 (창동)",1473,비원PC방,,
서울특별시 도봉구 창동 10,"서울특별시 도봉구 노해로69길 15-15, 201호 (창동)",1414,골드PC,127.049976589031,37.6528238071177
서울특별시 도봉구 방학동 698-43,"서울특별시 도봉구 도봉로145길 64, 1층 (방학동)",1342,바다PC,127.039000883716,37.6647337898197
서울특별시 도봉구 창동 552-45번지,"서울특별시 도봉구 덕릉로 218, 1층 (창동)",1477,골든PC,127.037156498664,37.6374041482732
서울특별시 도봉구 창동 7 월가타워 지하1층,"서울특별시 도봉구 마들로11가길 6-25, 지하1층 (창동, 월가타워)",1414,삼성PC,127.049035628214,37.6522203633914
서울특별시 도봉구 방학동 690-77 103호,"서울특별시 도봉구 방학로 130, 1층 103호 (방학동)",1344,신한PC,127.037809637423,37.6630659212693
서울특별시 도봉구 쌍문동 388-33 쌍문한양아파트,"서울특별시 도봉구 노해로40길 72, 쌍문한양아파트 상가동 3층 (쌍문동)",1449,스톤PC 쌍문점,127.030083812739,37.646742794246
서울특별시 도봉구 방학동 696-1번지,서울특별시 도봉구 도당로 82 (방학동),1342,도깨비PC,127.036462898274,37.6649991296564
서울특별시 도봉구 방학동 703-4번지,"서울특별시 도봉구 방학로2길 72, 1층 (방학동)",1340,뚜비PC,127.041041322628,37.6661666479872
서울특별시 도봉구 방학동 704,"서울특별시 도봉구 도당로 140, 1층 (방학동)",1340,대박PC방,127.04186989107,37.6670518404844
서울특별시 도봉구 창동 715-1,"서울특별시 도봉구 도봉로 578, 2층 1호 (창동)",1426,MAXSPEED PC 창동본점,127.039703171252,37.6562940617336
서울특별시 도봉구 창동 7 월가타워,"서울특별시 도봉구 마들로11가길 6-25, 지층 (창동, 월가타워)",1414,레벨업PC방 창동점,127.049035628214,37.6522203633914
서울특별시 도봉구 창동 13번지,"서울특별시 도봉구 마들로11길 65, 3층 (창동)",1414,맥스피드PC창동역점,127.049667391336,37.6534171446527
서울특별시 도봉구 창동 552-47 3층,"서울특별시 도봉구 덕릉로 220, 3층 (창동)",1477,귀족PC방,127.037389882528,37.6376121119885
서울특별시 도봉구 방학동 658-45,"서울특별시 도봉구 도당로 129, 1층 (방학동)",1352,세븐 PC,127.04053459427,37.6674545947006
서울특별시 도봉구 방학동 700-8,"서울특별시 도봉구 도당로 96, 1층 (방학동)",1342,팀PC,127.037568801635,37.6657730854812
서울특별시 도봉구 방학동 680-38 1층,"서울특별시 도봉구 도봉로 663-30, 1층 (방학동)",1346,웰컴PC,127.041561219597,37.6633219792876
서울특별시 도봉구 방학동 676-45,"서울특별시 도봉구 방학로3길 12, 1층 (방학동)",1390,레드PC,127.040748882237,37.6621909006666
서울특별시 도봉구 도봉동 561-11,"서울특별시 도봉구 도봉로 891, 3층 (도봉동)",1303,불독PC,127.045739057138,37.6840240406338
서울특별시 도봉구 방학동 622-25,"서울특별시 도봉구 시루봉로 246, 1층 (방학동)",1347,도깨비PC,127.036758971831,37.6694281677539
서울특별시 도봉구 창동 581-71 1층,"서울특별시 도봉구 덕릉로 251, 1층 (창동)",1470,777PC,127.039151077797,37.6401649316932
서울특별시 도봉구 방학동 700-32,"서울특별시 도봉구 도당로 106, 1층 (방학동)",1342,조은PC,127.038320968142,37.6662877539667
서울특별시 도봉구 방학동 689-34번지,"서울특별시 도봉구 방학로 106, 1층 (방학동)",1345,VIP PC,127.04048901097,37.6630372817803
서울특별시 도봉구 창동 5-1 KING 프라자 502호,"서울특별시 도봉구 마들로11가길 16, KING 프라자 502호 (창동)",1414,아지트pc,127.048970356141,37.6525659173791
서울특별시 도봉구 쌍문동 215-1번지 우진플라자 308,"서울특별시 도봉구 해등로26길 7  (쌍문동,우진플라자 308)",,인터넷PC게임나라,127.03260591856,37.6584359791246
서울특별시 도봉구 창동 296-5,"서울특별시 도봉구 해등로 132, 1층 (창동)",1402,팡팡PC,127.04080868818,37.6552942248842
서울특별시 도봉구 창동 601-1,서울특별시 도봉구 덕릉로 263 (창동),1469,아지트PC,127.039979846044,37.6409472489549
서울특별시 도봉구 쌍문동 20-4 쌍문동 LG트윈빌2 201호,"서울특별시 도봉구 도당로 6, 2층 201호 (쌍문동, 쌍문동 LG트윈빌2)",1394,리플레이PC(REPLAY PC),127.035371175956,37.6587118738827
서울특별시 도봉구 창동 581-5,"서울특별시 도봉구 덕릉로57길 14, 1층 (창동)",1470,리치PC,127.037728466815,37.6395039823435
서울특별시 도봉구 쌍문동 8-10번지 지하1층,"서울특별시 도봉구 도봉로139길 74  (쌍문동,지하1층)",,아지트PC방,127.037694627503,37.6606531301357
서울특별시 도봉구 쌍문동 8-10번지 지1층,"서울특별시 도봉구 도봉로139길 74  (쌍문동,지1층)",,아지트 PC방,127.037694627503,37.6606531301357
서울특별시 도봉구 도봉동 631-23번지 2층,,,이매진,,
서울특별시 도봉구 방학동 633-32번지 2층,"서울특별시 도봉구 도당로13가길 7  (방학동,2층)",,넷크럽 방학점,127.035796667315,37.6656623654809
서울특별시 도봉구 방학동 263-75번지,"서울특별시 도봉구 도당로 36, 재인상가 203,204호 (방학동)",1389,제로백 방학점,127.035020837016,37.6612887857871
서울특별시 도봉구 방학동 731번지 한화상가 201,,,컴토피아,,
서울특별시 도봉구 쌍문동 507-39번지 3층,,,PC매니아,,
서울특별시 도봉구 도봉동 603-16번지 38 1층106호,"서울특별시 도봉구 도봉로157길 10  (도봉동,38 1층106호)",,코리아PC클럽,127.043603802025,37.6738252302102
서울특별시 도봉구 도봉동 617-15번지 지층,,,이네이처 PC방,,
서울특별시 도봉구 방학동 632-49번지 2층,"서울특별시 도봉구 도당로13길 35  (방학동,2층)",,인터넷 월드,127.034563487524,37.6660751121465
서울특별시 도봉구 도봉동 600-11번지 2층,"서울특별시 도봉구 도봉로165길 17  (도봉동,2층)",,테라인터넷,127.044010859292,37.6770995978497
서울특별시 도봉구 도봉동 575-7번지,서울특별시 도봉구 도봉로181길 41  (도봉동),,스타쉽월드,127.043471536797,37.684346367161
서울특별시 도봉구 쌍문동 460-234번지 지 1층,"서울특별시 도봉구 우이천로38길 51  (쌍문동,지 1층)",,SOLO인터넷 PC 게임방,127.023422958455,37.6516330400173
서울특별시 도봉구 도봉동 568-55번지 3층,"서울특별시 도봉구 도봉로181길 34  (도봉동,3층)",,인터넷탑,127.044006879835,37.6843718464827
서울특별시 도봉구 도봉동 600-17번지 지층,"서울특별시 도봉구 도봉로169나길 63  (도봉동,지층)",,울트라넷 멀티장,127.043781920536,37.6767889354071
서울특별시 도봉구 도봉동 89-148번지 2층 2호,"서울특별시 도봉구 도봉로170길 8,  2호 (도봉동,2층)",,늑대와 여우 PC라운지 도봉역점,127.045959117951,37.6803696777252
서울특별시 도봉구 도봉동 596-9번지 1층,"서울특별시 도봉구 도봉로165길 14  (도봉동,1층)",,마우스 패밀리,127.044078175661,37.6774520356679
서울특별시 도봉구 도봉동 582-13번지 2층,"서울특별시 도봉구 도봉로177길 13  (도봉동,2층)",,클릭인터넷,127.044679926029,37.6813056551256
서울특별시 도봉구 쌍문동 602번지 2층,"서울특별시 도봉구 도봉로 587  (쌍문동,2층)",,버그버그pc방,127.039559615486,37.657415922737
서울특별시 도봉구 창동 75-4번지,서울특별시 도봉구 노해로65길 14  (창동),,람세스pc방,127.046523773308,37.6520344268197
서울특별시 도봉구 도봉동 619-19번지 지하,"서울특별시 도봉구 도봉로153길 16  (도봉동,지하)",,인pc방,127.042598441581,37.6699989563876
서울특별시 도봉구 도봉동 624-104번지 지층,"서울특별시 도봉구 마들로 709  (도봉동,지층)",,인터넷세상속으로,127.046506000551,37.673500850142
서울특별시 도봉구 창동 3-3번지 402호,"서울특별시 도봉구 마들로11길 73, 402호 (창동)",1414,룰루랄라 PC방,127.049060560533,37.6532567533904
서울특별시 도봉구 도봉동 597-19번지 2층,"서울특별시 도봉구 도봉로169나길 38  (도봉동,2층)",,PC 마을,127.043401296558,37.6780083708478
서울특별시 도봉구 쌍문동 103-63번지 2층,"서울특별시 도봉구 도봉로109길 35  (쌍문동,2층)",,마르까 PC방,127.031408153406,37.6469005717283
서울특별시 도봉구 도봉동 563-7번지 지층,"서울특별시 도봉구 도봉로 869  (도봉동,지층)",,PC클럽엔터,127.045402264555,37.6820190441342
서울특별시 도봉구 쌍문동 423-17번지 지층,"서울특별시 도봉구 삼양로 544  (쌍문동,지층)",,배틀존,127.012997959958,37.6517754729135
서울특별시 도봉구 창동 655-21,서울특별시 도봉구 도봉로110나길 21 (창동),1455,엔탑PC방,127.034681963129,37.6471447222566
서울특별시 도봉구 쌍문동 36-7번지,"서울특별시 도봉구 방학로5길 74, 지층 (쌍문동)",1393,로웰 PC,127.037786888105,37.659550209069
서울특별시 도봉구 창동 6번지,"서울특별시 도봉구 마들로11가길 15, 3층 (창동)",1414,여우PC,127.049257910527,37.6526568870103
서울특별시 도봉구 도봉동 568-55번지 2층,"서울특별시 도봉구 도봉로181길 34  (도봉동,2층)",,PC ZEN,127.044006879835,37.6843718464827
서울특별시 도봉구 쌍문동 620번지 2층,"서울특별시 도봉구 도봉로133길 13  (쌍문동,2층)",,삼보인터넷플라자,127.038878812564,37.6573355111957
서울특별시 도봉구 도봉동 568-57번지 2층,"서울특별시 도봉구 도봉산3길 63  (도봉동,2층)",,스타게이트pc방,127.043801548807,37.6845308554121
서울특별시 도봉구 도봉동 568-29번지 2층,"서울특별시 도봉구 도봉산1길 70  (도봉동,2층)",,밀레니엄pc방,127.045251329286,37.6841828008894
서울특별시 도봉구 방학동 280-6번지 3층,,,스피드넷,,
서울특별시 도봉구 도봉동 584-8번지 2층,"서울특별시 도봉구 도봉로169가길 13  (도봉동,2층)",,클릭PC게임방,127.043346439226,37.6803611165411
서울특별시 도봉구 도봉동 566-1번지,,,스타트,,
서울특별시 도봉구 창동 135-15,"서울특별시 도봉구 노해로63길 84-3, 동선빌딩 지하층 (창동)",1405,쓰리팝PC 창동점,127.046973416955,37.6527394478184
"서울특별시 도봉구 창동 338번지 신원리베르텔 306, 307호 ","서울특별시 도봉구 노해로 341  (창동,신원리베르텔 306, 307호)",,PC Z,127.045912956978,37.6514452431588
서울특별시 도봉구 도봉동 657번지,"서울특별시 도봉구 마들로 724, 1층 (도봉동)",1325,J J PC,127.047662295599,37.6745440831023
서울특별시 도봉구 도봉동 563-7번지 지층,"서울특별시 도봉구 도봉로 869  (도봉동,지층)",,pc클럽엔터,127.045402264555,37.6820190441342
서울특별시 도봉구 도봉동 616-15번지 1층,"서울특별시 도봉구 도봉로 771  (도봉동,1층)",,스타 PC 방,127.043868682554,37.6733973469258
서울특별시 도봉구 방학동 649번지 지하1층,"서울특별시 도봉구 도당로27길 32  (방학동,지하1층)",,한두 PC방,127.041047162228,37.6687438104107
서울특별시 도봉구 창동 3-3,"서울특별시 도봉구 마들로11길 73, 7층 (창동)",1414,스카이 PC,127.049060560533,37.6532567533904
서울특별시 도봉구 도봉동 623-123번지 2층,"서울특별시 도봉구 마들로 693  (도봉동,2층)",,오렌지나라,127.046337521476,37.6719824054082
서울특별시 도봉구 쌍문동 630번지 2층,서울특별시 도봉구 도봉로 585 (쌍문동),1395,미화pc게임랜드,127.039373995084,37.657221733121
서울특별시 도봉구 도봉동 617-15 지하1층,"서울특별시 도봉구 도봉로 765, 지하1층 (도봉동)",1310,Vacation PC Cafe,127.043783062754,37.6727524575616
서울특별시 도봉구 방학동 657-12,"서울특별시 도봉구 도당로 133, 지하1층 (방학동)",1351,REPLAY pc,127.041097340025,37.6674486336944
서울특별시 도봉구 방학동 690-88번지 2층,"서울특별시 도봉구 방학로6길 8  (방학동,2층)",,The Heaven,127.037411985765,37.6633839141932
서울특별시 도봉구 창동 655-20 홍일빌딩 206호,"서울특별시 도봉구 도봉로 468, 홍일빌딩 206호 (창동)",1455,레드포스PC아레나 쌍문점,127.034372618396,37.6473861862855
서울특별시 도봉구 도봉동 603-16번지 603-38 1층 106호,"서울특별시 도봉구 도봉로157길 10  (도봉동,603-38 1층 106호)",,코리아 PC클럽,127.043603802025,37.6738252302102
서울특별시 도봉구 방학동 660-16,"서울특별시 도봉구 도당로 97, 1층 (방학동)",1354,해피PC,127.037449696254,37.666029812755
서울특별시 도봉구 도봉동 603-32번지 2층,"서울특별시 도봉구 도봉로 775  (도봉동,2층)",,클릭 pc town,127.044001625232,37.673748228918
서울특별시 도봉구 도봉동 634-9번지 6층,"서울특별시 도봉구 마들로 686  (도봉동,6층)",,토네이도,127.04670145023,37.6713785153228
서울특별시 도봉구 도봉동 624-53번지 3층,"서울특별시 도봉구 도봉로156길 21  (도봉동,3층)",,인터넷플라자,127.045532202929,37.6727799058561
서울특별시 도봉구 도봉동 562-40번지 2층,"서울특별시 도봉구 도봉로 879  (도봉동,2층)",,이카,127.045605667725,37.6829868864524
서울특별시 도봉구 창동 635-42번지 건영A 103동 302호,"서울특별시 도봉구 우이천로20길 7, 103동 302호 (창동,건영A)",,PC 투게더,127.034771563448,37.6417332058849
서울특별시 도봉구 도봉동 600-19번지 1층,"서울특별시 도봉구 도봉로169나길 67  (도봉동,1층)",,PC 클럽,127.043824108829,37.6766290860611
서울특별시 도봉구 도봉동 562-26번지 지층,"서울특별시 도봉구 도봉로 875  (도봉동,지층)",,스카이넷 PC방,127.045526793033,37.6826627450157
서울특별시 도봉구 창동 135-28 창동 SR스타빌,"서울특별시 도봉구 노해로63길 84-9, 창동 SR스타빌 지층 (창동)",1405,엔플스윙,127.047268829188,37.6525366988117
서울특별시 도봉구 도봉동 561-11번지 2층,"서울특별시 도봉구 도봉로 891  (도봉동,2층)",,NOLL 피시방,127.045739057138,37.6840240406338
서울특별시 도봉구 쌍문동 100-35번지 2층,"서울특별시 도봉구 도봉로109길 30  (쌍문동,2층)",,오렌지존 PC방,127.031681641411,37.6470564588623
서울특별시 도봉구 도봉동 81-1번지 극동 상가 205,,,제우스PC 방,,
서울특별시 도봉구 도봉동 596-26번지 2층,"서울특별시 도봉구 도봉로169나길 43  (도봉동,2층)",,사이버 인터넷 게임방,127.043840075352,37.67775638498
서울특별시 도봉구 방학동 716-1 ESA@ 110동 지층 101호,,,하자하자 PC방,,
서울특별시 도봉구 방학동 653-1번지,"서울특별시 도봉구 도봉로 727-1, 지하1층 (방학동)",1350,리플레이PC,127.043160675894,37.6694684351132
서울특별시 도봉구 도봉동 567-1번지 2층,"서울특별시 도봉구 도봉산3길 73  (도봉동,2층)",,노블레스PC방,127.043705911671,37.684030397694
서울특별시 도봉구 방학동 652-30번지 지하1층,,,미녀와 야수 PC방,,
서울특별시 도봉구 방학동 703-60번지 2층,"서울특별시 도봉구 도봉로147길 6  (방학동,2층)",,초이스,127.042332125004,37.6652959345368
서울특별시 도봉구 창동 8-1번지,"서울특별시 도봉구 노해로67길 10, 3층 (창동)",1414,찰리팝PC카페,127.049684921314,37.6523442471361
서울특별시 도봉구 방학동 652번지 지하 1층,"서울특별시 도봉구 도봉로153길 19  (방학동,지하 1층)",,c.n.s pc방,127.042367590041,37.6698637123308
서울특별시 도봉구 도봉동 632번지 3층,"서울특별시 도봉구 마들로 728  (도봉동,3층)",,애플PC방,127.047617465037,37.6749890047892
서울특별시 도봉구 방학동 686-58번지 2층,"서울특별시 도봉구 도봉로145길 56  (방학동,2층)",,사이버존 인터넷 PC게임클럽,127.039537996108,37.6647309981606
서울특별시 도봉구 도봉동 98-14번지 2층,"서울특별시 도봉구 마들로28나길 10  (도봉동,2층)",,Net station,,
서울특별시 도봉구 방학동 683-33번지 2층,"서울특별시 도봉구 방학로2길 50  (방학동,2층)",,BNC 인터넷 PC,127.041014834329,37.6651977425415
서울특별시 도봉구 쌍문동 485-17번지 지층,"서울특별시 도봉구 우이천로48길 16  (쌍문동,지층)",,스타게이트pc방,,
서울특별시 도봉구 도봉동 63번지 상가동 2층,,,스마트PC방,,
서울특별시 도봉구 방학동 695-8 지하,"서울특별시 도봉구 도당로 76 (방학동,지하)",,B one PC카페,127.035966945313,37.6645720367997
서울특별시 도봉구 도봉동 567-1번지 2층,"서울특별시 도봉구 도봉산3길 73  (도봉동,2층)",,엔조이 PC방,127.043705911671,37.684030397694
서울특별시 도봉구 방학동 704-12 타운힐하우스,"서울특별시 도봉구 도당로 144, 1층 101호 (방학동, 타운힐하우스)",1340,88PC,127.042165551337,37.6669624479945
서울특별시 도봉구 창동 5-1 KING 프라자,"서울특별시 도봉구 마들로11가길 16, KING 프라자 2층 204호 (창동)",1414,마카오PC,127.048970356141,37.6525659173791
서울특별시 도봉구 방학동 621,"서울특별시 도봉구 시루봉로 222, 101호 (방학동)",1347,고니PC,127.034754821262,37.6680495547322
서울특별시 도봉구 방학동 701-15 거성학마을아파트,"서울특별시 도봉구 도당로 118, 거성학마을아파트 2층 201호 (방학동)",1339,보이게임랜드,127.039531845514,37.6670246267585
서울특별시 도봉구 창동 331-2 중앙빌딩,"서울특별시 도봉구 노해로65길 17, 중앙빌딩 지층 (창동)",1405,공쥬PC,127.046095779851,37.6520591916627
서울특별시 노원구 공릉동 238-53번지 공릉빌딩,"서울특별시 노원구 공릉로 144, 공릉빌딩 3층 (공릉동)",1819,EFCPC방,127.079489105218,37.6226202059241
서울특별시 노원구 상계동 292-1번지 지하2층,"서울특별시 노원구 노해로 507, 지하2층 (상계동, 와우쇼핑몰)",1695,와우pc방,127.063889081054,37.6554272387774
서울특별시 노원구 상계동 1117-16번지 202호,"서울특별시 노원구 동일로242가길 22, 202호 (상계동)",1625,몽키PC방,127.056028731455,37.6768114134294
서울특별시 노원구 하계동 283 2층,"서울특별시 노원구 한글비석로 77, 2층 (하계동)",1790,셀프PC 하계점,127.070466464149,37.6375614945414
서울특별시 노원구 공릉동 184-13번지 102호,"서울특별시 노원구 동일로178길 49, 102호 (공릉동)",1847,놀이터PC방,127.077316162454,37.6217579633396
서울특별시 노원구 상계동 330-29번지 소담빌 103호,"서울특별시 노원구 노해로85길 10-55, 소담빌 103호 (상계동)",1695,로또PC게임장,127.06612372319,37.6564361884886
서울특별시 노원구 상계동 169-130번지 1층 우측,"서울특별시 노원구 한글비석로24길 24, 홍익교회 1층 우측호 (상계동)",1663,좋은친구들PC방,127.0721214414,37.6618556822404
서울특별시 노원구 중계동 154-22번지 2층,"서울특별시 노원구 덕릉로83길 18, 2층 (중계동)",1662,해피시방,127.074419173589,37.6601375252328
서울특별시 노원구 공릉동 221-2 반야빌딩 3층,"서울특별시 노원구 공릉로 172, 반야빌딩 3층 (공릉동)",1818,런PC방,127.080022646504,37.6252765854844
서울특별시 노원구 상계동 1319번지 SKY미술학원,"서울특별시 노원구 상계로 108, SKY미술학원 2층 (상계동)",1696,탑클래스PC방,127.067134913329,37.6570413475281
서울특별시 노원구 상계동 594-2 보광빌딩,"서울특별시 노원구 상계로5길 31, 보광빌딩 지층 (상계동)",1693,크라우드 PC방 노원점,127.063002136433,37.6568270310995
서울특별시 노원구 상계동 669 지층,"서울특별시 노원구 노원로 558, 지층 (상계동)",1675,CORE PC CAFE,127.057103675682,37.6615427085199
서울특별시 노원구 중계동 369-9 지층,"서울특별시 노원구 한글비석로 326, 중계주공아파트2단지목욕탕상가 지층 (중계동)",1718,오엑스 피씨 중계점,127.078327032564,37.6565230496255
서울특별시 노원구 공릉동 633-15 경동상가 2층,"서울특별시 노원구 공릉로 101, 경동상가 2층 (공릉동)",1849,맥스피드PC방 태릉역점,127.077841683528,37.6193014358931
서울특별시 노원구 상계동 581-2 상계동 센트럴타워,"서울특별시 노원구 상계로1길 54-4, 2층 (상계동, 상계동 센트럴타워)",1693,유지트PC 노원본점,127.061721168928,37.6581574674605
서울특별시 노원구 상계동 387-196,"서울특별시 노원구 상계로 136, 1층 (상계동)",1698,쓰리랑PC방,127.069864186149,37.6582613138465
서울특별시 노원구 공릉동 492-3 서진프라자아파트,"서울특별시 노원구 동일로173가길 115, 1층 (공릉동, 서진프라자아파트)",1856,놀이터PC,127.071880999099,37.6233418210089
서울특별시 노원구 상계동 651-2 삼전빌딩,"서울특별시 노원구 동일로 1551, 삼전빌딩 지하1층 (상계동)",1620,더블랙PC카페,127.056844136528,37.6668881732629
서울특별시 노원구 공릉동 513-1번지,서울특별시 노원구 동일로 1048 (공릉동),1844,욜로PC공릉점,127.073937845108,37.6236617520042
서울특별시 노원구 월계동 410-7 동우빌딩,"서울특별시 노원구 석계로 103, 동우빌딩 3층 (월계동)",1893,아레나PC방,127.060712349808,37.6228376867667
서울특별시 노원구 중계동 366-6번지 중계그랜드프라자,"서울특별시 노원구 한글비석로 264, 중계그랜드프라자 지층 (중계동)",1720,더세븐PC방,127.077337907538,37.6511587125973
서울특별시 노원구 상계동 1132-1 상계빌딩,"서울특별시 노원구 동일로 1673, 상계빌딩 지하1층 (상계동)",1607,NIC PC,127.054942094267,37.6778972437903
서울특별시 노원구 상계동 1118,"서울특별시 노원구 동일로 1651, 2층 3호 (상계동)",1608,홈런PC,127.055010947165,37.6759608277495
서울특별시 노원구 상계동 65-28 3층,"서울특별시 노원구 상계로 308, 3층 (상계동)",1637,대박PC,127.079755035423,37.670376385862
서울특별시 노원구 중계동 360-14번지 이진빌딩 지하1층,"서울특별시 노원구 한글비석로 227, 이진빌딩 지하1층 (중계동)",1743,쇼타임pc방 은행사거리점,127.076251603698,37.6479118263804
"서울특별시 노원구 상계동 727 덕영빌딩 지층 101, 102호 ","서울특별시 노원구 노해로 482, 덕영빌딩 지층 101, 102호 (상계동)",1751,있지피씨,127.061716819928,37.6542725250696
서울특별시 노원구 공릉동 408-6번지 4층,"서울특별시 노원구 공릉로 181, 4층 (공릉동)",1835,라이또PC방 공릉본점,127.079415945795,37.6259363374297
서울특별시 노원구 공릉동 644-49 이룸 빌딩 2층 201호,"서울특별시 노원구 공릉로20길 3, 이룸 빌딩 2층 201호 (공릉동)",1803,라이온PC,127.078407244935,37.619413144326
서울특별시 노원구 상계동 726-1 일신상가,"서울특별시 노원구 동일로218길 17, 일신상가 지층 1호 (상계동)",1751,PC 대박,127.061772133025,37.6538758836589
서울특별시 노원구 상계동 389-293 청양빌딩,"서울특별시 노원구 상계로 139, 청양빌딩 1층 (상계동)",1684,메이드 PC방,127.070004291501,37.6585351292261
서울특별시 노원구 중계동 506 브라운스톤중계 279호,"서울특별시 노원구 동일로203가길 29, 279호 (중계동, 브라운스톤중계)",1779,범PC,127.06428375943,37.6398759609875
서울특별시 노원구 중계동 154-41번지,"서울특별시 노원구 덕릉로83길 15, 3,4층 (중계동)",1662,새턴 PC방,,
서울특별시 노원구 공릉동 561-5번지 2층,"서울특별시 노원구 동일로180길 41, 2층 (공릉동)",1846,깡통로봇 PC방,127.076543157312,37.6227280196366
서울특별시 노원구 중계동 154-16번지,"서울특별시 노원구 덕릉로83길 22, 3층 (중계동)",1662,로얄PC,127.074209796325,37.6601982030916
서울특별시 노원구 상계동 966-1 송현빌딩,"서울특별시 노원구 동일로 1596, 송현빌딩 지층 (상계동)",1631,아론PC방 마들점,127.056842608831,37.6709781734407
서울특별시 노원구 상계동 1132-1 상계빌딩 지층,"서울특별시 노원구 동일로 1673, 상계빌딩 지층 (상계동)",1607,NIC PC,127.054942094267,37.6778972437903
서울특별시 노원구 공릉동 248-8 지하1층,"서울특별시 노원구 공릉로34길 34, 지층 (공릉동, 서광빌딩)",1824,이스포츠PC방,127.080954140138,37.6229780730942
서울특별시 노원구 중계동 359-8 지층,"서울특별시 노원구 한글비석로 273, 지층 (중계동, 대웅빌딩)",1714,펀홀릭 PC방,127.077219064677,37.652170864325
서울특별시 노원구 중계동 359-10 지층,"서울특별시 노원구 한글비석로 265, 지층 (중계동, 영광프라자)",1714,쇼타임 PC방 은행사거리 2호점,127.076558915758,37.6514499678519
서울특별시 노원구 공릉동 208-5번지 2층,"서울특별시 노원구 공릉로 198, 2층 (공릉동)",1814,스펀지PC방,127.078601108937,37.6274300879998
"서울특별시 노원구 중계동 514-3번지 목련아파트상가 04,05호","서울특별시 노원구 노원로 333, 04,05호 (중계동, 목련아파트상가)",1786,가우 pc방,,
서울특별시 노원구 월계동 292-59번지,"서울특별시 노원구 월계로 336, 지층 (월계동, 상천빌딩)",1885,샹떼 인터피아 PC방,127.057826925002,37.6291772173172
서울특별시 노원구 상계동 593-1번지,"서울특별시 노원구 상계로3길 21, 4층 (상계동, 화일빌딩)",1693,퍼니링크 pc방,127.062275580083,37.6572141183604
서울특별시 노원구 상계동 111-548번지 6구역28블럭5롯트,서울특별시 노원구 덕릉로126길 17 (상계동),1643,인터밸리pc방,127.082152522423,37.6707494578532
서울특별시 노원구 상계동 76-6번지 2층,"서울특별시 노원구 덕릉로 816, 2층 (상계동)",1644,LED PC방,127.08075967014,37.6694669739467
서울특별시 노원구 상계동 617번지 4층 2호,"서울특별시 노원구 노해로79길 6-19, 4층 2호 (상계동, 화랑상가)",1695,탑플레이스PC방,127.062451047074,37.6554979250604
"서울특별시 노원구 상계동 1262번지 하이베라스 217,218호","서울특별시 노원구 동일로 1689, 217,218호 (상계동, 하이베라스)",1604,존앤존 pc방,,
서울특별시 서초구 반포동 722-31 성창빌딩,"서울특별시 서초구 강남대로 523, 성창빌딩 지하층 (반포동)",6536,로얄pc랜드,127.022052779902,37.5087231568081
서울특별시 노원구 공릉동 494-11번지 3층,"서울특별시 노원구 동일로 1045, 3층 (공릉동, 세종빌딩)",1857,에이스PC방,127.073411876507,37.6234059297882
서울특별시 노원구 공릉동 556-5번지 101호,"서울특별시 노원구 동일로182길 37-14, 101호 (공릉동)",1846,공릉PC,127.076153237632,37.6238126999489
서울특별시 노원구 월계동 409-16번지 401호,"서울특별시 노원구 광운로 52, 세영전자학원 401호 (월계동)",1894,엔탑PC방,127.059747350877,37.6218399755136
서울특별시 노원구 공릉동 379-4 금광빌딩 2층,"서울특별시 노원구 동일로191가길 34, 금광빌딩 2층 (공릉동)",1852,제로백PC,127.07130486782,37.6266532971327
서울특별시 노원구 공릉동 653-3 지층,"서울특별시 노원구 화랑로 463, 지층 (공릉동)",1803,3POP,127.078649438496,37.6190037545529
서울특별시 노원구 상계동 335,"서울특별시 노원구 상계로 76, 지층 (상계동)",1695,뱅갈PC방,127.063442617087,37.6561357418001
서울특별시 노원구 상계동 169-14번지 2층,"서울특별시 노원구 한글비석로24길 13, 2층 (상계동)",1668,포그네 PC방,127.071568873433,37.6615556316622
서울특별시 노원구 상계동 52-44번지 1층,"서울특별시 노원구 덕릉로 849, 한양탁구장 1층 (상계동)",1634,대박PC,127.082605479913,37.6720951149989
서울특별시 노원구 상계동 76-22 4층,"서울특별시 노원구 덕릉로 822, 성우빌딩 4층 (상계동)",1644,퍼플펍PC방,127.081039940065,37.669851410048
서울특별시 노원구 상계동 617번지 2층 3호,"서울특별시 노원구 상계로 64, 2층 3호 (상계동, 화랑빌딩)",1695,해피로PC방,127.062277905261,37.6557918268818
서울특별시 노원구 상계동 358-31번지 301호,"서울특별시 노원구 상계로3길 28, 301호 (상계동, 영빈빌딩)",1693,funnylinkPC 노원2호점,127.062631810118,37.6573981805623
서울특별시 노원구 월계동 922번지 서광아파트상가(2층),"서울특별시 노원구 마들로1길 44, 2층 (월계동)",1910,시크릿PC카페,127.063970855033,37.6236591971724
서울특별시 노원구 상계동 1131-37번지 지상3층,"서울특별시 노원구 동일로242가길 50, 지상3층 (상계동)",1625,아이닉스 PC방,127.056080622572,37.6781315029878
서울특별시 노원구 공릉동 383-12번지 건양오피스텔 B01호,"서울특별시 노원구 동일로191가길 6, B01호 (공릉동, 건양오피스텔)",1852,PCCUS,127.07164570234,37.6253252165218
서울특별시 노원구 상계동 1115-2,"서울특별시 노원구 동일로 1678, 지하1층 (상계동)",1625,긱스타PC방 수락산역점,127.055706735633,37.6780947400484
서울특별시 노원구 월계동 635-4 그랑디오피스텔,"서울특별시 노원구 월계로 334, 지층 (월계동, 그랑디오피스텔)",1885,3POP PCcafe,127.057612466252,37.6290173070666
서울특별시 노원구 상계동 184-20 지성빌딩,"서울특별시 노원구 노원로28길 67, 지성빌딩 지층 (상계동)",1704,아토,127.070736973974,37.6548387739853
서울특별시 노원구 상계동 591-23 지상2층,"서울특별시 노원구 상계로3길 35 (상계동, 지상2층)",1693,베스타PC방,127.062166684198,37.6577721538837
서울특별시 노원구 중계동 366-6번지 지하1층,"서울특별시 노원구 한글비석로 264, 지층 (중계동, 중계그랜드프라자)",1720,불독PC방,127.077337907538,37.6511587125973
서울특별시 노원구 상계동 963-27 2층~3층호,"서울특별시 노원구 동일로 1593, 2층~3층 (상계동)",1616,큐브PC방,127.055778970548,37.6707082070833
서울특별시 노원구 상계동 156-94번지 1층,"서울특별시 노원구 한글비석로24길 37 (상계동, 신천교회)",1668,바닐라PC,127.072380754168,37.6624424225155
서울특별시 노원구 상계동 764-1번지 108-1호,"서울특별시 노원구 동일로 1323, 108-1호 (상계동, 하라프라자센타)",1767,하라PC ZONE,,
서울특별시 노원구 월계동 409-10번지 지하1호,"서울특별시 노원구 광운로 48, 지하1호 (월계동)",1894,닥터PC,127.05950299102,37.6216626945733
서울특별시 노원구 상계동 1313번지 2통시티플러스상가 401호,"서울특별시 노원구 누원로 18, 401호 (상계동, 시티플러스상가)",1601,PC Latte,127.05287273244,37.6862145785044
서울특별시 노원구 중계동 364-22번지 대명프라자 B05호,"서울특별시 노원구 한글비석로 254, B05호 (중계동, 대명프라자)",1734,사이버존PC방,127.077086240765,37.6504043041825
서울특별시 노원구 공릉동 745 동신아파트 102동 상가 1~6호,"서울특별시 노원구 공릉로 211, 동신아파트 102동 상가 1~6호 (공릉동)",1833,리얼(REAL)PC방,127.077315687829,37.6282993079139
서울특별시 노원구 공릉동 420-2번지 공릉동평화타운 201호,"서울특별시 노원구 공릉로46길 3, 201호 (공릉동, 공릉동평화타운)",1814,1% PC 아레나,127.079141072247,37.6271656479512
서울특별시 노원구 상계동 95-199번지 2층,"서울특별시 노원구 덕릉로 740, 2층 (상계동)",1648,애니락 PC방,127.076401677224,37.6636623376578
서울특별시 노원구 상계동 357-8번지 신일빌딩 5층,"서울특별시 노원구 상계로5길 26, 5층 (상계동, 신일빌딩)",1693,퍼니링크PC,127.063254867375,37.6571079121252
"서울특별시 노원구 중계동 154-17번지 ,18호 지하전체 ","서울특별시 노원구 덕릉로83길 20-5 (중계동, 지하전체)",1662,초콜릿PC zone,127.074276928102,37.6603512375802
서울특별시 노원구 월계동 379-43번지,"서울특별시 노원구 광운로 68, 1층 102호 (월계동)",1886,바닐라성북역 PC방,127.060282176416,37.6233163314976
서울특별시 은평구 갈현동 495-5,서울특별시 은평구 연서로21길 36 (갈현동),3334,7PC,126.914044556959,37.6158571844366
서울특별시 은평구 응암동 87-30 지층,"서울특별시 은평구 응암로 340, 지층 (응암동)",3460,펜플PC방,126.922636551293,37.6014709973596
서울특별시 은평구 갈현동 404-5 지층,"서울특별시 은평구 통일로83길 6-5 (갈현동,지층)",,테라PC방,126.918922584191,37.6212342178056
서울특별시 은평구 역촌동 51-22 1층,"서울특별시 은평구 역말로 7 (역촌동,1층)",,PC클럽,126.911124813587,37.6057710638063
서울특별시 은평구 역촌동 55-35 5층,"서울특별시 은평구 갈현로 82, 5층 (역촌동)",3419,샹떼PC방 역촌점,126.910685555782,37.6052664482641
서울특별시 은평구 응암동 402-5 합도빌딩,"서울특별시 은평구 응암로22길 22-1, 합도빌딩 3층 (응암동)",3468,ZERO100PC 응암점,126.920641115636,37.5932429037821
서울특별시 은평구 역촌동 50-55 104호,"서울특별시 은평구 갈현로 94, 1층 104호 (역촌동)",3415,여우PC,126.910744225634,37.6063031713533
서울특별시 은평구 대조동 185-11 우리은행연신내지점,"서울특별시 은평구 통일로 835, 우리은행연신내지점 지하층 (대조동)",3385,쿡몬스터PC카페,126.921723576681,37.6179057885639
서울특별시 은평구 갈현동 508-14 202호,"서울특별시 은평구 갈현로 181-5, 202호 (갈현동)",3325,프랜즈PC클럽,126.911679928227,37.6142284337903
서울특별시 은평구 신사동 40-6,"서울특별시 은평구 가좌로 309, 1층 (신사동)",3441,따봉PC,126.910217688373,37.5954023196607
서울특별시 은평구 녹번동 131-157,"서울특별시 은평구 진흥로 158, 지하층 (녹번동)",3375,곤이네 게임장,126.927119371165,37.6088024120643
서울특별시 은평구 갈현동 425-4,서울특별시 은평구 통일로87길 21 (갈현동),3329,짱PC,126.917196109864,37.6233496180056
서울특별시 은평구 진관동 69-1,"서울특별시 은평구 진관3로 22, 3층 (진관동)",3306,라이또 PC방 구파발,126.919176848907,37.6389439926912
서울특별시 은평구 대조동 58-1 201호,"서울특별시 은평구 진흥로 113, 201호 (대조동)",3395,정선PC,126.922989081374,37.6069592479391
서울특별시 은평구 녹번동 94-2 103호,"서울특별시 은평구 녹번로4길 2, 103호 (녹번동)",3381,돼지 PC,126.930072837927,37.6056298326491
서울특별시 은평구 역촌동 45-59,"서울특별시 은평구 역말로 41, 2층 (역촌동)",3416,강남PC,126.914747008594,37.6059500596426
서울특별시 은평구 갈현동 460-8 보성빌,"서울특별시 은평구 연서로 209, 보성빌 2층 (갈현동)",3333,레드포스PC아레나 연신내점,126.918847427928,37.6173259520379
서울특별시 은평구 갈현동 461-1 영보빌딩,"서울특별시 은평구 연서로 195, 영보빌딩 지하1층 (갈현동)",3333,제로100PC 연신내점,126.9184483987,37.616382883094
서울특별시 은평구 응암동 88-30 서원빌딩 201호,"서울특별시 은평구 은평로9길 10, 서원빌딩 2층 201호 (응암동)",3461,럭키PC,126.921585009131,37.6011163943598
서울특별시 은평구 응암동 590-23 디우아르떼 아파트 제비01호,"서울특별시 은평구 응암로13길 14, 제지1층 제비01호 (응암동, 디우아르떼 아파트)",3484,패스터PC 응암오거리점,126.915644119577,37.5894477039485
서울특별시 은평구 대조동 197-2,"서울특별시 은평구 연서로28길 10, 2층 (대조동)",3385,은하수,126.920981012189,37.6177797860508
서울특별시 은평구 신사동 22-37 안건빌딩 4층,"서울특별시 은평구 은평로 56, 안건빌딩 4층 (신사동)",3449,플렉스PC카페,126.914100158896,37.598534441063
서울특별시 은평구 역촌동 70-34 정화빌딩,"서울특별시 은평구 갈현로 61, 정화빌딩 지하1층 (역촌동)",3431,아이센스리그PC 역촌점,126.910187567562,37.6035045450476
서울특별시 은평구 응암동 84-9,"서울특별시 은평구 은평로 169, 2층 (응암동)",3460,TOP PC,126.926314865911,37.6015165986991
서울특별시 은평구 갈현동 396-12 연신내진원와이타운,"서울특별시 은평구 통일로 855-8, 연신내진원와이타운 지하1층 (갈현동)",3330,레벨업PC방 연신내점,126.920201767929,37.619122183963
서울특별시 은평구 갈현동 456-28 지층,"서울특별시 은평구 연서로 213 (갈현동,지층)",,아이세븐 PC,126.919238535247,37.6176436383991
서울특별시 은평구 불광동 310-211 2층,"서울특별시 은평구 연서로 247, 2층 (불광동)",3345,퀸PC방,126.922171955937,37.6196909418421
서울특별시 은평구 응암동 599-33 1층,"서울특별시 은평구 응암로11길 4-4, 1층 (응암동)",3485,오거리PC방,126.916267179284,37.588451560032
서울특별시 은평구 대조동 199-18,"서울특별시 은평구 연서로 204, 2층 (대조동)",3386,대박PC,126.919299073885,37.6167554858793
서울특별시 은평구 불광동 353-66 지층,"서울특별시 은평구 연서로32길 3, 지층 (불광동)",3349,긱스타PC CAFE,126.924955472936,37.6203628994073
서울특별시 은평구 응암동 124-17 2층,"서울특별시 은평구 응암로 247, 2층 (응암동)",3456,탐스PC카페(응암점),126.917854566217,37.5942237088269
서울특별시 은평구 대조동 14-1 3층,"서울특별시 은평구 통일로 731, 3층 (대조동)",3397,웹시티PC방,126.929466316371,37.6106226649216
"서울특별시 은평구 녹번동 144-1 2층,4층 ","서울특별시 은평구 진흥로 112 (녹번동,2층,4층)",,인터쿨,126.923309144404,37.6065036457261
서울특별시 은평구 갈현동 422-24 3층,"서울특별시 은평구 갈현로41길 10-1 (갈현동,3층)",,유비트pc방,126.916247117462,37.6246305120298
서울특별시 은평구 신사동 19-153 2층,"서울특별시 은평구 은평로 5 (신사동,2층)",,제로100PC 신사동점,126.909210968391,37.5967659204537
서울특별시 은평구 갈현동 396-9 6층,"서울특별시 은평구 통일로 855-20, 6층 (갈현동)",3330,G카페PC,126.919876222163,37.6196577807144
서울특별시 은평구 응암동 81-3 지층,"서울특별시 은평구 은평로 192, 지층 (응암동)",3471,제로100PC 은평구청점,126.928961189816,37.6012158488181
서울특별시 은평구 불광동 310-11 연서시장,"서울특별시 은평구 통일로 850, 연서시장 2층 (불광동)",3345,알파PC방,126.921445035076,37.6193203344525
서울특별시 은평구 진관동 70,"서울특별시 은평구 진관2로 15-46, 6층 (진관동)",3306,메트로PC방,126.919081540985,37.6386515578411
서울특별시 은평구 갈현동 408-7,서울특별시 은평구 통일로85길 8-1 (갈현동),3329,부엉이 PC,126.918676816108,37.6222426138322
서울특별시 은평구 갈현동 498-3 지층,"서울특별시 은평구 서오릉로 192, 지층 (갈현동)",3335,N톡PC,126.912315879884,37.6137601237622
서울특별시 은평구 응암동 98-65 5층,"서울특별시 은평구 은평로 136, 5층 (응암동)",3462,고릴라 응암1호점,126.923039015434,37.6002632124439
서울특별시 은평구 갈현동 489-23 2층,"서울특별시 은평구 서오릉로 178 (갈현동,2층)",,토마토PC방,126.913877877072,37.6131657206263
"서울특별시 은평구 갈현동 497-6 1,2층 ","서울특별시 은평구 갈현로 188, 1,2층 (갈현동)",3335,더조은PC카페,,
서울특별시 은평구 녹번동 141-8,"서울특별시 은평구 진흥로 144, 지층 (녹번동)",3378,레드포스PC,126.925999860181,37.608110386275
서울특별시 은평구 신사동 9-16 2층,"서울특별시 은평구 갈현로 39-1, 2층 (신사동)",3435,긱스타PC방,126.910114379709,37.6014595119588
서울특별시 은평구 역촌동 15-12,"서울특별시 은평구 서오릉로 77, 3층 (역촌동)",3404,고릴라PC방(역촌역점),126.921770651639,37.6071360316106
서울특별시 은평구 대조동 15-63,서울특별시 은평구 통일로65길 10-1 (대조동),3397,짱PC,126.92973977694,37.6091158336056
서울특별시 은평구 응암동 579-42 2층,"서울특별시 은평구 응암로21길 13, 2층 (응암동)",3457,드림PC,126.916464984026,37.5940200104603
서울특별시 은평구 역촌동 30-29 효성빌딩 3층,"서울특별시 은평구 진흥로1길 34, 효성빌딩 3층 (역촌동)",3405,아크PC,126.918676419909,37.6034689838461
서울특별시 은평구 역촌동 19-8 1층,"서울특별시 은평구 역말로 82, 1층 (역촌동)",3403,WIN PC,126.919151135447,37.6067236852176
서울특별시 은평구 신사동 8-18 지하1층,"서울특별시 은평구 갈현로 14, 지하1층 (신사동)",3423,에이플 PC CAFE,126.910455000251,37.5991093569636
서울특별시 은평구 갈현동 392-5,"서울특별시 은평구 통일로 905, 1층 나호 (갈현동)",3328,럭키PC,126.919602322714,37.6237703310391
서울특별시 은평구 녹번동 141-1,"서울특별시 은평구 진흥로 148, 2층 (녹번동)",3378,제로100PC 녹번점,126.9263669244,37.6084438918345
서울특별시 은평구 대조동 185-38,"서울특별시 은평구 연서로 230-2, 1층 (대조동)",3385,스타PC방,126.920869956637,37.6184712197946
서울특별시 은평구 진관동 73 웅신 미켈란의아침,"서울특별시 은평구 진관2로 15-8, 웅신 미켈란의아침 118호 (진관동)",3306,스타PC,126.919559891188,37.6353936531351
서울특별시 강서구 화곡동 464-8 궁전빌딩 지층,"서울특별시 강서구 곰달래로49길 86, 궁전빌딩 지층 (화곡동)",7737,이스테이션PC방,126.856020026715,37.535127827919
서울특별시 영등포구 당산동1가 85 2층,"서울특별시 영등포구 영등포로 169-1, 2층 (당산동1가)",7267,낙원 PC,126.900492809299,37.5208630683353
서울특별시 서대문구 대현동 27-33번지 대국빌딩,"서울특별시 서대문구 신촌역로 22-8, 대국빌딩 지하1층 (대현동)",3766,리코스타PC방,126.943354842765,37.5588458433014
서울특별시 서대문구 남가좌동 341-26,"서울특별시 서대문구 증가로 124, 지하1층 (남가좌동)",3665,벙커PC방,126.923876083598,37.5774832455565
"서울특별시 서대문구 창천동 31-80 큐비드빌딩, 지하1층 ","서울특별시 서대문구 명물길 23, 큐비드빌딩 지하1층 (창천동)",3776,옵티멈존PC카페 신촌역점,126.937854004585,37.5581938175898
서울특별시 서대문구 북가좌동 309-1 B1층,"서울특별시 서대문구 응암로 87, B1층 (북가좌동)",3679,레벨업 PC방 북가좌점,126.911700418318,37.5807945676973
서울특별시 서대문구 북가좌동 294-16,"서울특별시 서대문구 응암로 90, 지하1층 (북가좌동)",3682,킹콩PC CAFE,126.912322880214,37.5807740385189
서울특별시 서대문구 남가좌동 7-4,"서울특별시 서대문구 명지대길 54, 2층 (남가좌동)",3675,제로백 명지대점,126.923889462261,37.5824680017546
서울특별시 서대문구 북가좌동 333-8 성은빌딩,"서울특별시 서대문구 증가로 246, 성은빌딩 2층 (북가좌동)",3677,제로100PC 북가좌점,126.912685857624,37.5830827425525
서울특별시 서대문구 충정로3가 464번지 충정타워빌딩,"서울특별시 서대문구 서소문로 21, 충정타워빌딩 1층 (충정로3가)",3742,타워PC방,126.964085809305,37.5598942603947
서울특별시 서대문구 홍은동 401-40번지 송정빌딩,"서울특별시 서대문구 거북골로 10, 송정빌딩 3층 (홍은동)",3675,GEEKSTAR PC CAFE,126.925887718223,37.5810723730505
서울특별시 서대문구 북아현동 1-233 2층,"서울특별시 서대문구 북아현로 68 (북아현동,2층)",,셀프넷 PC방,126.955084618781,37.5632528878216
서울특별시 서대문구 남가좌동 322-18,"서울특별시 서대문구 명지대1길 2, 지하1층 (남가좌동)",3673,에이플PC CAFE,126.924697166275,37.5813104729585
"서울특별시 서대문구 창천동 18-29 VERTIGO 지하2,3층 ","서울특별시 서대문구 연세로 8-1, VERTIGO 지하2,3층 (창천동)",3779,롤스터PC방,126.937303024246,37.5563412561961
서울특별시 서대문구 창천동 18-5,"서울특별시 서대문구 명물길 6, 지하1층 (창천동)",3777,아이콘 PC,126.937404523407,37.5573105128395
서울특별시 서대문구 홍은동 274-82,"서울특별시 서대문구 연희로 271, 2층 (홍은동)",3658,고릴라 PC방,126.935853237611,37.5813094941161
서울특별시 서대문구 충정로3가 128-10 지층,"서울특별시 서대문구 경기대로 36 (충정로3가,지층)",,돌탱이 PC방,126.962037782272,37.5626371546204
서울특별시 서대문구 창천동 31-4 독수리빌딩 3층,"서울특별시 서대문구 연세로 36, 독수리빌딩 3층 (창천동)",3776,아크PC,126.937240313986,37.5587839163385
서울특별시 서대문구 창천동 31-4 독수리빌딩,"서울특별시 서대문구 연세로 36, 독수리빌딩 4층 (창천동)",3776,블루포스PC,126.937240313986,37.5587839163385
"서울특별시 서대문구 홍은동 9-310 홍은빌딩, 2층 ","서울특별시 서대문구 홍은중앙로 113, 홍은빌딩 2층 (홍은동)",3602,아이세븐PC방,126.94864901664,37.6005156258528
서울특별시 서대문구 홍제동 266-152,"서울특별시 서대문구 세검정로 54, 2층 (홍제동)",3624,제로100 PC홍제점,126.947292236142,37.5925358491224
서울특별시 서대문구 홍제동 176-6번지 옐림빌딩,"서울특별시 서대문구 통일로36길 5, 옐림빌딩 2, 3층 (홍제동)",3630,Bone PC방,126.946223828461,37.5876216257858
서울특별시 서대문구 창천동 18-21 피델리아,"서울특별시 서대문구 연세로 12, 지하 2층 (창천동)",3779,갤러리 PC방,126.937200582487,37.556633214994
서울특별시 서대문구 연희동 35-1,서울특별시 서대문구 연희로10길 43-4 (연희동),3725,티온 PC방 서문점,126.932823594828,37.5651378360408
"서울특별시 서대문구 홍은동 401-40 송정빌딩, 2층 201호","서울특별시 서대문구 거북골로 10, 송정빌딩 2층 201호 (홍은동)",3675,3POP(명지대점),126.925887718223,37.5810723730505
서울특별시 서대문구 대현동 40-4 4층,"서울특별시 서대문구 이화여대길 7 (대현동,4층)",,PC지엥 이대역점,126.94564199236,37.5572344939529
서울특별시 서대문구 충정로3가 3-95번지 지층,"서울특별시 서대문구 경기대로9길 77 (충정로3가,지층)",,로하스 PC방 충정로점,126.959856351253,37.5643831946888
서울특별시 서대문구 창천동 20-26 신촌르메이에르타운3,"서울특별시 서대문구 신촌로 127, 신촌르메이에르타운3 지하1층 (창천동)",3780,레드포스PC 아레나 신촌점,126.939992863232,37.5564623964348
서울특별시 서대문구 홍제동 306-19 3층,"서울특별시 서대문구 통일로37길 12 (홍제동,3층)",,늑대와 여우,126.944136571927,37.5877840964672
서울특별시 서대문구 홍제동 137-14 2~3층,"서울특별시 서대문구 통일로 424, 2,3층 (홍제동)",3630,펀앤펀 PC방,,
서울특별시 서대문구 영천동 315번지 2층,"서울특별시 서대문구 통일로 193 (영천동,2층)",,씨씨존,126.961588440235,37.5705740622417
서울특별시 서대문구 북가좌동 343-1 선정오피스텔,"서울특별시 서대문구 증가로 259, 3층 (북가좌동, 선정오피스텔)",3678,더쉐프PC 카페,126.911163441601,37.5836644590608
서울특별시 서대문구 창천동 503-13 동우빌딩,"서울특별시 서대문구 신촌로 17, 동우빌딩 2층 (창천동)",3785,GEEKSTAR PC방 창천점,126.9290107594,37.5582028873199
서울특별시 서대문구 홍은동 11-419,"서울특별시 서대문구 홍은중앙로 89 (홍은동, 우리은행)",3604,3POP PC방,126.947351976886,37.5990276988425
서울특별시 서대문구 연희동 137-5 지하층,"서울특별시 서대문구 연희로 103, 지층 (연희동)",3708,LEV9 PC방,126.930907083597,37.567234248303
서울특별시 서대문구 홍제동 176-4,서울특별시 서대문구 통일로 428 (홍제동),3630,오셀롯PC 홍제점,126.94603718938,37.587532882934
서울특별시 서대문구 홍은동 409-10,"서울특별시 서대문구 거북골로 13, 지하1층 (홍은동)",3662,탑플레이스PC 명지대점,126.925845653146,37.58067969364
서울특별시 마포구 망원동 377-2,"서울특별시 마포구 월드컵로 85, 지1층 (망원동)",4012,3POP CORE PC방,126.909527814021,37.5563349533576
서울특별시 마포구 상암동 1593 (주)우리기술 사옥,서울특별시 마포구 월드컵북로56길 9 (주)우리기술 사옥 2층 202호 (상암동),3923,텐PC CAFE,126.887439627184,37.581384890718
서울특별시 마포구 신수동 81-59,"서울특별시 마포구 서강로16길 69, 지1층 (신수동)",4109,PC CAFE COZY,126.93718651337,37.5514167009969
서울특별시 마포구 동교동 167-2 LC TOWER,"서울특별시 마포구 양화로 186, LC TOWER 7층 (동교동)",4051,원신PC라운지 인 서울,126.92589313527,37.5576684824211
서울특별시 마포구 서교동 336-5,"서울특별시 마포구 와우산로29길 15, 3층 (서교동)",4053,두근두근 플스방,126.92886732437,37.5547912647987
서울특별시 마포구 동교동 161-4 청휘빌딩,"서울특별시 마포구 동교로 176, 청휘빌딩 2층 (동교동)",3995,나니아 플스방,126.92168983967,37.5561796646134
서울특별시 마포구 성산동 593-10 태림센트윈상암,"서울특별시 마포구 모래내로3길 3, 태림센트윈상암 지하1층 B101호 (성산동)",3938,라이또PC 마포성산점,126.905391881238,37.564631511842
서울특별시 마포구 망원동 482-9 망원우체국,"서울특별시 마포구 월드컵로 111, 망원우체국 지하1층 (망원동)",3963,큐스테이지피씨카페,126.907859722016,37.5581818786815
서울특별시 마포구 동교동 160-4 아일렉스,"서울특별시 마포구 양화로 147, 아일렉스 지하 1층 (동교동)",3995,티원 베이스캠프(T1 BASE CAMP),126.922054509333,37.5560502523992
서울특별시 마포구 대흥동 2-44,"서울특별시 마포구 대흥로 184-2, 1층 (대흥동)",4112,AROHA PC,126.946092732192,37.5555623593394
서울특별시 마포구 망원동 418-1,"서울특별시 마포구 망원로 24, 지하1층 (망원동)",4007,주식회사 제로백프리미어,126.899636081982,37.5561118914478
서울특별시 마포구 동교동 162-3 삼주빌딩,"서울특별시 마포구 홍익로6길 15, 삼주빌딩 4층 (동교동)",4050,박정석 피시방,126.922709032013,37.5553579057749
서울특별시 마포구 신수동 81-136 제2서강빌딩,"서울특별시 마포구 백범로 28, 제2서강빌딩 1층 101호 (신수동)",4109,레드포스 PC아레나 서강대점,126.936974571542,37.5520644056727
서울특별시 마포구 연남동 260-27,"서울특별시 마포구 동교로 242, 3층 (연남동)",3982,으뜸 플스방,126.924450876158,37.5614156250297
서울특별시 마포구 동교동 173-14 104호,"서울특별시 마포구 양화로 192, 1층 104호 (동교동)",4056,칵투스 PC CAFE,126.926246501876,37.5583280533329
서울특별시 마포구 노고산동 57-12 태영빌딩,"서울특별시 마포구 신촌로 88, 태영빌딩 지하1층 (노고산동)",4058,아이센스리그PC신촌본점,126.935331733458,37.5553097221974
서울특별시 마포구 당인동 12-1번지 지1층,"서울특별시 마포구 어울마당로 26 (당인동,지1층)",4074,라인업PC방,126.919932359364,37.5474999833621
서울특별시 마포구 망원동 474-3번지 가은빌딩 지하1층,"서울특별시 마포구 월드컵로 155 (망원동,가은빌딩 지하1층)",3962,3POP PC방(마포구청역점),126.904931604469,37.561381158832
서울특별시 마포구 서교동 441-17번지 지하1층,"서울특별시 마포구 월드컵로14길 5, 지하1층 (서교동)",3996,3POP PC,126.910702168336,37.5560051813747
서울특별시 마포구 망원동 482-3번지 2층,"서울특별시 마포구 망원로 97, 2층 (망원동)",3963,3POP PC방,126.907521980502,37.5581064714844
서울특별시 마포구 상암동 4-2번지 지하1층,"서울특별시 마포구 매봉산로2길 15, 지하1층 (상암동)",3927,긱스타 PC카페,126.894977598231,37.5785264982816
서울특별시 마포구 동교동 165-8번지,"서울특별시 마포구 양화로 156, 2층 (동교동, LG팰리스빌딩)",4050,SNS PC,126.923446601456,37.5561130617043
서울특별시 마포구 신수동 27-2번지,"서울특별시 마포구 서강대길 12, 지하1층 (신수동)",4111,공간PC,126.939904866224,37.5492083273558
서울특별시 마포구 상암동 31-6 엠에스에이빌딩,"서울특별시 마포구 월드컵북로 328, 1층 (상암동)",3930,OX PC방,126.895729992644,37.5757572395919
서울특별시 마포구 성산동 20-12번지,"서울특별시 마포구 월드컵북로16길 27, 3층 (성산동)",3973,탑플레이스 PC,126.915844451516,37.5631601697951
서울특별시 마포구 동교동 165-8 지하2층,"서울특별시 마포구 양화로 156, 지하2층 (동교동, LG팰리스빌딩)",4050,I PC CAFE 홍대역점,126.923446601456,37.5561130617043
서울특별시 마포구 상수동 93-93번지,"서울특별시 마포구 와우산로 47, 지하1층 (상수동)",4049,3POP PC방(상수점),126.922824724481,37.5487442960797
서울특별시 마포구 창전동 444,"서울특별시 마포구 독막로 147-7, 지하1층 (창전동, 서강쌍용예가)",4069,ZERO100,126.93003258532,37.5480918690059
서울특별시 마포구 서교동 362-2 서봉갤러리,"서울특별시 마포구 와우산로 81, 서봉갤러리 지하1층 (서교동)",4041,긱스타 PC방,126.923199830619,37.5517512618431
서울특별시 마포구 노고산동 56-7 백산빌딩 지하1층,"서울특별시 마포구 신촌로16길 34, 지하1층 (노고산동, 백산빌딩)",4057,3POP PC방,126.934204893562,37.5542515086762
서울특별시 마포구 연남동 226-14 지하1층,"서울특별시 마포구 연희로 39, 지하1층 (연남동)",3981,샘 피시방 (SAEM PC방),126.927239750975,37.5623999133101
서울특별시 마포구 공덕동 105-228 1층,"서울특별시 마포구 마포대로14길 21, 1층 (공덕동)",4207,레벨업 PC CAFE,126.957016576777,37.5484741843432
서울특별시 마포구 합정동 383-20번지 지하1층,"서울특별시 마포구 양화로3길 6, 지하1층 (합정동)",4027,쓰리팝 PC CAFE,126.911871998628,37.5492247904677
서울특별시 마포구 도화동 541 지하1층,"서울특별시 마포구 마포대로 38, 지하1층 (도화동)",4174,레벨업 PC CAFE,126.946686455256,37.5394938567133
서울특별시 마포구 성산동 601번지,"서울특별시 마포구 월드컵북로30길 13, 지하1층 (성산동, 성산월드타운대림아파트)",3945,3POP 빈티지 PC CAFE,126.908363510664,37.568594632553
서울특별시 마포구 서교동 327-11번지,"서울특별시 마포구 와우산로 155, 지하 1층 (서교동)",4052,GEEKSTAR PC CAFE,126.929956540282,37.5548638155738
서울특별시 마포구 동교동 198-8번지 지하1층,"서울특별시 마포구 동교로27길 12, 지하1층 (동교동)",3993,제노피시방(동교점),126.922876410496,37.5588764092034
서울특별시 마포구 동교동 162-6 스칼렛빌딩,"서울특별시 마포구 양화로 148, 스칼렛빌딩 지1층 (동교동)",4050,레벨업 PC 카페,126.922661004229,37.5556179021829
서울특별시 마포구 합정동 472번지 마포 한강 푸르지오,"서울특별시 마포구 월드컵로1길 14, B102~4호 (합정동, 마포 한강 푸르지오)",4024,긱스타 PC CAFE,126.912061257921,37.5500497954747
서울특별시 양천구 신월동 932-1,"서울특별시 양천구 지양로 79, 2층층 (신월동)",8037,행운PC,126.832990682262,37.5224300656382
서울특별시 양천구 목동 406-28 목동 슬로우스퀘어,"서울특별시 양천구 오목로 345, 목동 슬로우스퀘어 지하1층 B102~109호 (목동)",7999,긱스타피씨카페,126.875820730078,37.5247775349288
서울특별시 양천구 목동 404-156 대경프라자,"서울특별시 양천구 신목로 102, 대경프라자 제지층 03호 (목동)",8007,아이센스리그PC방 오목교점,126.875774509668,37.5235884341471
서울특별시 양천구 신정동 900-13,"서울특별시 양천구 신정중앙로 107, 지층 (신정동)",7938,제로백피시방,126.863696724211,37.5264375953214
서울특별시 양천구 신월동 116-14,"서울특별시 양천구 월정로 137, 2층 (신월동)",7923,도깨비 PC,126.837469383438,37.5311741321708
서울특별시 양천구 목동 606-14 동향빌딩,"서울특별시 양천구 등촌로 230, 동향빌딩 지층 (목동)",7946,레벨업PC방 등촌점,126.864188157127,37.5500824636807
서울특별시 양천구 신월동 88-32,"서울특별시 양천구 가로공원로71길 2, 2층 (신월동)",7907,포텐PC,126.834826113917,37.5371522934603
서울특별시 양천구 신월동 81-21 2층 201호,"서울특별시 양천구 가로공원로 119, 2층 201호 (신월동)",7905,월드클래스 PC방,126.829176148835,37.5363765141233
서울특별시 양천구 목동 907 현대월드타워,"서울특별시 양천구 목동서로 77, 현대월드타워 103,104,104-1,104-2호 (목동)",7983,알스타PC[(주)모두피씨],126.877988123429,37.5359631978743
서울특별시 양천구 목동 611-6 지하호,"서울특별시 양천구 목동중앙북로 11, 지하호 (목동)",7946,코지PC,126.864767649096,37.5486566688707
서울특별시 양천구 신정동 904-8,"서울특별시 양천구 신정중앙로 88, 지하1층 (신정동)",7945,언더독PC,126.861297660891,37.5264594896402
서울특별시 양천구 신정동 972-2 목동미르웰한올림,"서울특별시 양천구 중앙로 286, 지하1층 B02호 (신정동, 목동미르웰한올림)",8026,경동성인PC,126.852517638229,37.5218276144278
서울특별시 양천구 목동 907-23 현대파크빌,"서울특별시 양천구 목동동로 391, 101, 102호 (목동, 현대파크빌)",7983,이츠PC,,
서울특별시 양천구 신정동 175-1,서울특별시 양천구 목동남로4길 32 (신정동),8104,제로100 PC 신정점,126.866067725231,37.5088235409887
서울특별시 양천구 신정동 911-7,"서울특별시 양천구 신정중앙로 62, 1층 3호 (신정동)",7944,킹덤PC,126.858637841135,37.5268366486317
서울특별시 양천구 신월동 68-12,"서울특별시 양천구 월정로 218, 1층 (신월동)",7907,유이PC,126.833711557122,37.5378474721222
서울특별시 양천구 신월동 115-18,"서울특별시 양천구 월정로 145, 지하1층 (신월동)",7923,단밤PC,126.836971801307,37.531801353487
서울특별시 양천구 목동 792-4 목동 태영프라자 6층,"서울특별시 양천구 등촌로 32, 목동 태영프라자 6층 (목동)",7965,스타디움PC CAFE,126.864166285292,37.5328851583631
서울특별시 양천구 목동 528-1,"서울특별시 양천구 목동중앙북로 86, 지하층 (목동)",7972,원픽피씨카페,126.872614610362,37.5463224390396
서울특별시 양천구 신정동 890-13 건영아파트 지층,"서울특별시 양천구 목동로25길 9, 지층 (신정동, 건영아파트)",7938,고고피씨방,126.862750883343,37.5277155614034
서울특별시 양천구 신월동 124-24,"서울특별시 양천구 곰달래로5길 22, 1층 (신월동)",7923,해피PC,126.833994839407,37.531483748413
서울특별시 양천구 목동 318-283,"서울특별시 양천구 목동중앙본로7길 6, 2층 (목동)",7954,유지트PC 목동점,126.868352515999,37.5399187798551
서울특별시 양천구 신월동 143-4,서울특별시 양천구 곰달래로5길 59-1 (신월동),7920,라이브PC,126.831630541081,37.5346370550625
서울특별시 양천구 목동 788-16번지 2층,"서울특별시 양천구 등촌로 42-1, 2층 (목동)",7965,호호PC,126.863916516818,37.5337333428665
서울특별시 양천구 신정동 889-15 103호,"서울특별시 양천구 신정중앙로19길 7, 103호 (신정동, 춘당아네시스)",7938,승리PC방,126.861504528447,37.5272800040182
서울특별시 양천구 신월동 85-2 1층,"서울특별시 양천구 월정로 221, 1층 (신월동)",7906,황소pc,126.833359716242,37.5379288769989
서울특별시 양천구 신정동 323-7 테마프라자,"서울특별시 양천구 목동서로 389, 테마프라자 3층 301,302호 (신정동)",8093,아이센스리그PC,126.861199902538,37.5157806966376
서울특별시 양천구 목동 315-2번지 삼성빌딩,"서울특별시 양천구 목동중앙본로 69, 삼성빌딩 2층 (목동)",7954,스타덤PC 목동점,126.869060611681,37.5421809851093
서울특별시 양천구 신월동 147-14 지층,"서울특별시 양천구 남부순환로40길 6, 지층 (신월동)",7910,초이스PC,126.828015178206,37.5351430724935
서울특별시 양천구 신정동 1182-2 지하1층 106~110호,"서울특별시 양천구 중앙로 251 (신정동,지하1층 106~110호)",8073,우리신정PC방,126.853223171816,37.518714899828
서울특별시 양천구 신월동 921-1 지하1층,"서울특별시 양천구 지양로 82, 지하1층 (신월동)",8034,잇츠pc방(신월점),126.833094245325,37.5227099730559
서울특별시 양천구 목동 606-7,"서울특별시 양천구 목동중앙북로1길 39, 1층 (목동)",7946,명품 PC,126.864514947503,37.5504119735898
서울특별시 양천구 신월동 510-1 지층,"서울특별시 양천구 오목로 58 (신월동,지층)",8028,레벨업PC카페,126.844066388115,37.5223094268187
서울특별시 양천구 신월동 146-1 지하1층,"서울특별시 양천구 남부순환로 353 (신월동, 지하1층)",7920,레벨업 PC CAFE,126.828923065237,37.5356741789955
서울특별시 양천구 신정동 884-20,"서울특별시 양천구 은행정로 86, 1층 102호 (신정동, sk자이빌)",7938,로데오 PC,126.858969181365,37.5275070292965
서울특별시 양천구 신월동 538-6,서울특별시 양천구 신월로15길 7 (신월동),8031,신월PC,126.841716283854,37.5190288155623
서울특별시 양천구 신월동 86-1 1층,"서울특별시 양천구 월정로 213, 1층 (신월동)",7906,와우 PC,126.833714317513,37.5373686849352
서울특별시 양천구 신월동 98-36 1층,"서울특별시 양천구 곰달래로5길 60, 1층 (신월동)",7917,달마 PC방,126.83191948566,37.5347465777386
"서울특별시 양천구 목동 773-3 목동글로리파크 지층 101,102호 ","서울특별시 양천구 목동중앙로 43 (목동, 목동글로리파크 지층 101,102)",7964,PC랑푸드,126.869525224448,37.5335410020886
서울특별시 양천구 신정동 972-7 2층,서울특별시 양천구 중앙로46길 2 (신정동),8026,놀토PC,126.852594760358,37.5220140379178
서울특별시 양천구 신월동 228-1,서울특별시 양천구 곰달래로 48 (신월동),7925,쓰리팝 PC방,126.838204204606,37.5298650864067
서울특별시 양천구 신월동 97-1,"서울특별시 양천구 가로공원로 122, 1층 4호 (신월동)",7917,공원PC,126.829556120901,37.5358151097194
서울특별시 양천구 목동 617-3 지하1층,"서울특별시 양천구 목동중앙북로 16 (목동,지하1층)",7950,탑티어 피씨방(TOP TIER),126.865302393826,37.5483147206199
서울특별시 양천구 신월동 116-13 1층,"서울특별시 양천구 월정로 139, 1층층 (신월동)",7923,RING PC방,126.837403707491,37.5313045066258
서울특별시 양천구 신정동 761-82 2층,서울특별시 양천구 남부순환로88길 14 (신정동),8053,라네이즈PC,126.840173516553,37.5118971024706
서울특별시 양천구 신월동 86-2번지 1층,"서울특별시 양천구 월정로 211 (신월동,1층)",7906,즐거운PC CLUB,126.833758026031,37.5372513462472
서울특별시 양천구 목동 933 지층,"서울특별시 양천구 목동동로12길 45, 지층 (목동)",8007,xoxo핫도그 x 3POP,126.876366110642,37.5225865099354
서울특별시 양천구 목동 547-12 지하1층,"서울특별시 양천구 목동중앙본로 95, 지하1층 (목동)",7953,제로백,126.870395488047,37.54420285771
서울특별시 양천구 신정동 906-1번지 1층,"서울특별시 양천구 은행정로 74 (신정동, 1층)",7945,황제 PC,126.859076587953,37.5263403608246
서울특별시 양천구 목동 749-5번지 지층,"서울특별시 양천구 목동중앙본로 42, 지층 (목동)",7975,더존플러스 pc방,126.868835232193,37.5398432726571
서울특별시 양천구 신월동 550-3 승일뷰티타워 B104호,"서울특별시 양천구 신월로 164 (신월동, 승일뷰티타워 B104호)",8064,헤라PC방,126.842018042503,37.517760427962
서울특별시 양천구 신월동 128,서울특별시 양천구 곰달래로5길 17 (신월동),7921,아이온PC방,126.833603986348,37.5311113555178
서울특별시 양천구 목동 404-101번지 2층,"서울특별시 양천구 신목로2길 58-1, 2층 (목동)",8007,강구PC,126.877299423799,37.5229055369719
서울특별시 양천구 목동 514-4번지 지하1층,"서울특별시 양천구 공항대로 626, 지하1층 (목동)",7968,리 PC,126.874274631417,37.5466090237895
서울특별시 양천구 신월동 116-31,"서울특별시 양천구 곰달래로 47 (신월동, 백석빌딩)",7923,B ONE PC,126.837979822093,37.530248154543
서울특별시 양천구 신정동 1182-11 2층,서울특별시 양천구 중앙로 237 (신정동),8073,옵티멈존PC카페 신정네거리역점,126.853643266456,37.5177429690532
서울특별시 양천구 신정동 1030-6,"서울특별시 양천구 중앙로34길 30, 1층 17호 (신정동)",8082,둘리PC,126.853558140918,37.5208424920255
서울특별시 양천구 신월동 134-9,"서울특별시 양천구 곰달래로5길 45, 1층 (신월동)",7920,부담없는 PC,126.832373307436,37.5334786149112
서울특별시 양천구 신정동 912-7,"서울특별시 양천구 신정중앙로 48, 2층 (신정동)",7944,센스PC,126.857119984882,37.5270689923319
서울특별시 양천구 신정동 1023-23,"서울특별시 양천구 신월로36길 19, 지층 (신정동)",8086,짱이PC방,126.85868599823,37.5199585483671
서울특별시 양천구 목동 792-4번지 목동태영프라자 106호,"서울특별시 양천구 등촌로 32, 106호 (목동, 목동태영프라자)",7965,왠지PC방,126.864166285292,37.5328851583631
서울특별시 양천구 목동 791-11번지 1층,"서울특별시 양천구 목동중앙서로 7-1  (목동,1층)",7965,제이제이 PC방,126.864706138814,37.5326604378483
서울특별시 양천구 신정동 972-5,서울특별시 양천구 중앙로 280 (신정동),8026,ZERO100 신정네거리점,126.852729159683,37.5213761159391
서울특별시 양천구 신정동 904-5번지 지하,"서울특별시 양천구 신정중앙로 82, 지하층 (신정동)",7945,아카PC방,126.860696745163,37.5265052740608
서울특별시 양천구 신정동 760-16 3층,"서울특별시 양천구 남부순환로88길 10, 3층 (신정동)",8053,잼PC방,126.840498916897,37.512061164533
서울특별시 양천구 신월동 229-26 1층,"서울특별시 양천구 곰달래로14길 10, 1층 (신월동)",7925,승리 PC,126.83785547145,37.5292098509446
서울특별시 양천구 목동 514-1,"서울특별시 양천구 공항대로 620, 지하1층 (목동)",7968,황제PC,126.8738208026,37.5465760136688
서울특별시 양천구 신월동 81-15 지하1층 우측,"서울특별시 양천구 가로공원로 131, 지하1층 (신월동)",7905,위너PC,126.830530198086,37.5364543291825
서울특별시 양천구 신월동 137-19,"서울특별시 양천구 곰달래로5길 49-1, 1층 (신월동)",7920,콩이PC,126.832142728578,37.5338317496892
서울특별시 양천구 목동 497-4 대명이튼캐슬,"서울특별시 양천구 목동중앙본로 107, 1층 104호 (목동, 대명이튼캐슬)",7948,대박pc,126.870628625751,37.5451643888693
서울특별시 양천구 신정동 1183-9번지,서울특별시 양천구 중앙로 259-1  (신정동),,넷티즌월드,126.852828500541,37.5195229682923
서울특별시 양천구 목동 794-3번지,서울특별시 양천구 목동중앙서로 10  (목동),,웹골뱅이,126.864843232656,37.5324265148967
서울특별시 양천구 목동 797-2번지,서울특별시 양천구 목동중앙서로 22-1  (목동),,현대PC게임방,126.866365744193,37.5325494320952
서울특별시 강서구 등촌동 684-3 대룡드림타워-1 202호,"서울특별시 강서구 강서로 462, 대룡드림타워-1 202호 (등촌동)",7573,맥스피드PC 양천향교직영점,126.84140274432,37.5666120273171
서울특별시 강서구 마곡동 784-11 마곡오드카운티1차 102호,"서울특별시 강서구 강서로 429, 마곡오드카운티1차 102호 (마곡동)",7792,에바다PC,126.839511274632,37.5640031623664
서울특별시 강서구 등촌동 639-23번지,"서울특별시 강서구 공항대로45길 63, 204-205호 (등촌동)",7567,긱스타 피씨 카페,,
서울특별시 강서구 등촌동 639-23,"서울특별시 강서구 공항대로45길 63, 201-203호 (등촌동)",7567,열정분식소X브리즈,,
"서울특별시 강서구 화곡동 927-1 웰라이빌아파트 103,104호 ","서울특별시 강서구 강서로5나길 104, 103,104호 (화곡동, 웰라이빌아파트)",7776,굿데이게임즈 PC,,
서울특별시 강서구 화곡동 927-1 웰라이빌아파트 101호,"서울특별시 강서구 강서로5나길 104, 101호 (화곡동, 웰라이빌아파트)",7776,행운게임랜드,126.842384319394,37.5285659999317
서울특별시 강서구 화곡동 794-12 녹정빌딩 3층,"서울특별시 강서구 곰달래로 246, 녹정빌딩 3층 (화곡동)",7785,렉스PC,126.860298516176,37.5318504424101
서울특별시 강서구 방화동 829-4번지 금강프라자빌딩,"서울특별시 강서구 금낭화로 135, 금강프라자빌딩 지층 (방화동)",7510,OX PC방 방화역점,126.812438073591,37.5774450106613
서울특별시 강서구 마곡동 799-3번지 문영 퀸즈파크12차 B103호,"서울특별시 강서구 공항대로 194, 문영 퀸즈파크12차 B103,B104호 (마곡동)",7631,긱스타 PC CAFE 마곡역점,126.829034127455,37.5589809916906
서울특별시 강서구 화곡동 906-21,"서울특별시 강서구 강서로5나길 33, 2층 (화곡동)",7779,제우스PC방,126.846386280915,37.5283965689824
서울특별시 강서구 화곡동 935-5 힐하우스,"서울특별시 강서구 강서로5나길 144, 힐하우스 2층 (화곡동)",7775,로또PC,126.84006674018,37.5283809721254
서울특별시 강서구 화곡동 359-115,"서울특별시 강서구 강서로17길 138, 1층 (화곡동)",7766,별PC,126.838175093499,37.5320285288191
서울특별시 강서구 화곡동 359-63 영주빌딩,"서울특별시 강서구 강서로17길 134, 영주빌딩 104호 (화곡동)",7766,고추PC,126.838334291543,37.53207487807
서울특별시 강서구 방화동 281-23,"서울특별시 강서구 양천로24길 11, 1층 (방화동)",7605,스타PC,126.815616684601,37.572762239511
서울특별시 강서구 화곡동 346-3 형제빌딩,"서울특별시 강서구 강서로 53, 형제빌딩 지층 (화곡동)",7773,제로백 PC방 까치산점,126.845921597366,37.5324902906834
서울특별시 강서구 화곡동 1119 한양빌딩,"서울특별시 강서구 화곡로58길 18, 한양빌딩 2층 (화곡동)",7657,제로백PC강서구청점,126.85185286954,37.5527995459334
서울특별시 강서구 화곡동 357-24,"서울특별시 강서구 곰달래로 53-1, 1층 (화곡동)",7772,순이PC,126.838705654765,37.5302678888907
서울특별시 강서구 공항동 1350-4,"서울특별시 강서구 방화대로6라길 17, 1층 (공항동)",7645,당근PC,126.818251122254,37.5557784221645
서울특별시 강서구 등촌동 638 서광등촌마을,"서울특별시 강서구 공항대로45길 68-6, 지층 (등촌동, 서광등촌마을)",7566,텐지 피시방,126.856969456017,37.5579627106862
서울특별시 강서구 화곡동 937-13번지,"서울특별시 강서구 월정로18길 3, 102호 (화곡동)",7775,아지트 PC,126.839077560778,37.5293583855883
서울특별시 강서구 공항동 57-30번지,서울특별시 강서구 남부순환로9길 27 (공항동),7627,반딧불 PC,126.81158023685,37.5573414649494
서울특별시 강서구 공항동 691-4 부국빌딩,"서울특별시 강서구 송정로 13, 부국빌딩 1층 (공항동)",7627,빙고PC,126.812087689477,37.5564064990457
서울특별시 강서구 화곡동 911-1 202호,"서울특별시 강서구 국회대로 85-43, 2층 202호 (화곡동)",7780,짱PC,126.844230798659,37.5282739125721
서울특별시 강서구 화곡동 936-9,"서울특별시 강서구 월정로 106, 지층 (화곡동)",7775,588PC랜드,126.839244133879,37.5287598073377
서울특별시 강서구 마곡동 757 두산더랜드파크,"서울특별시 강서구 마곡중앙로 161-8, 두산더랜드파크 A동 114호 (마곡동)",7788,메이드PC,126.827338682565,37.568851450649
서울특별시 강서구 화곡동 358-9,"서울특별시 강서구 강서로17길 117, 1층 (화곡동)",7766,두리PC,126.83926821742,37.5321931927813
서울특별시 강서구 화곡동 938-17 2층,"서울특별시 강서구 월정로 118, 2층 (화곡동)",7775,스타PC게임랜드,126.838697471818,37.529759803473
서울특별시 강서구 화곡동 343-64번지 오거닉스타워 B2층 201호,"서울특별시 강서구 강서로 43-17, 오거닉스타워 B2층 201호 (화곡동)",7774,아이센스리그PC방 까치산역점,126.846691735763,37.5311063652026
서울특별시 강서구 염창동 282-20번지 동원빌딩,"서울특별시 강서구 공항대로 635, 동원빌딩 지층 (염창동)",7558,플레이존  PC 염창역점,126.875270707574,37.5472626732763
서울특별시 강서구 화곡동 848-1,"서울특별시 강서구 곰달래로 224, 1층 (화곡동)",7783,태영PC방,126.857846645433,37.5315273910695
서울특별시 강서구 화곡동 1032-27 세종빌딩 지하3층,"서울특별시 강서구 강서로 205, 세종빌딩 지하2층 (화곡동)",7707,PC-TAG,126.837621158964,37.5441393622812
서울특별시 강서구 화곡동 425-10 유한빌 101호,"서울특별시 강서구 곰달래로 83, 101호 (화곡동, 유한빌)",7772,팡팡PC,126.841936405148,37.530399388279
서울특별시 강서구 화곡동 905-9번지 은하빌딩,"서울특별시 강서구 강서로5나길 32, 은하빌딩 2층 (화곡동)",7777,크라운PC,126.846411554218,37.5287609666213
서울특별시 강서구 화곡동 894-18번지 성지빌딩,"서울특별시 강서구 강서로 24, 성지빌딩 4층 (화곡동)",7781,비긴PC방,126.847978671154,37.5300989982156
서울특별시 강서구 화곡동 1024-12 프라자빌딩 지층호,"서울특별시 강서구 강서로33가길 68, 프라자빌딩 지층호 (화곡동)",7706,RD PC,126.836965555809,37.5444922810081
서울특별시 강서구 화곡동 848-24번지,"서울특별시 강서구 곰달래로 222, 3층 (화곡동)",7783,ARENA PC,126.857590954693,37.5314683377829
서울특별시 강서구 화곡동 359-54,"서울특별시 강서구 가로공원로76길 100, 1층 (화곡동)",7766,여우PC,126.83883535208,37.5328236634124
서울특별시 강서구 화곡동 1076-9 NS파크APT 101호,"서울특별시 강서구 화곡로 176-22, 지층 101호 (화곡동, NS파크APT)",7727,GRAY PC & CAFE,126.841714801479,37.5408779892269
서울특별시 강서구 화곡동 1021,"서울특별시 강서구 화곡로21길 87, 지층 (화곡동, 해온빌딩)",7708,프라임피시방,126.835916380576,37.544692651418
서울특별시 강서구 내발산동 691번지 성호빌딩 지층호,"서울특별시 강서구 강서로47길 113, 지층 (내발산동, 성호빌딩)",7637,놀PC방,126.829847684279,37.5532440805507
서울특별시 강서구 화곡동 1115-6 2층,"서울특별시 강서구 화곡로58길 17 (화곡동, 2층)",7654,탑피시,126.851939760258,37.5530401310881
서울특별시 강서구 화곡동 928-30번지 2층,"서울특별시 강서구 강서로5나길 134, 2층 (화곡동)",7775,붕붕PC방,126.840748879491,37.5284038783305
서울특별시 강서구 방화동 606-15번지 부자빌딩,"서울특별시 강서구 금낭화로 5, 부자빌딩 1층 (방화동)",7614,긱스타PC,126.811572352147,37.5657305309014
서울특별시 강서구 화곡동 1068-32번지 7층,"서울특별시 강서구 화곡로 111, 7층 (화곡동)",7711,JJ Dessert PC Cafe,126.834213654314,37.5402197881037
서울특별시 강서구 화곡동 1070-8번지 2층,"서울특별시 강서구 화곡로 116, 2층 (화곡동)",7718,빅토리PC,126.834722978726,37.539896232504
서울특별시 강서구 공항동 717 지층,"서울특별시 강서구 방화대로7나길 46, 지층 (공항동)",7626,탑클래스PC,126.813193292325,37.5564066316637
서울특별시 강서구 화곡동 1115 2층,"서울특별시 강서구 화곡로60길 20, 2층 (화곡동)",7654,강구PC,126.85228881538,37.5534212395905
서울특별시 강서구 화곡동 971-1,"서울특별시 강서구 까치산로17길 5, 1층 (화곡동)",7673,골목PC,126.849101574578,37.5480467233076
서울특별시 강서구 화곡동 1023번지 2층,"서울특별시 강서구 화곡로21길 78, 2층 (화곡동)",7706,헌터PC방 화곡점,126.836438459202,37.5445499367821
서울특별시 강서구 화곡동 938-18,"서울특별시 강서구 곰달래로 52, 1층 (화곡동)",7775,영자PC,126.838583156306,37.5299403880104
서울특별시 강서구 방화동 562-21,서울특별시 강서구 양천로16길 16 (방화동),7603,원피스PC방,126.811016266626,37.5725360231686
서울특별시 강서구 화곡동 835-3,"서울특별시 강서구 곰달래로 215-1, 2층 (화곡동)",7749,곰달래PC,126.856975998285,37.5317350116023
서울특별시 강서구 염창동 280번지,"서울특별시 강서구 공항대로71길 31, 상가동 B01,02호 (염창동, 극동상록수아파트)",7559,제노피시방,126.871995630231,37.5487034685102
서울특별시 강서구 공항동 53-47 축복빌딩,"서울특별시 강서구 송정로 48, 축복빌딩 지층 (공항동)",7623,킹덤PC,126.810578480017,37.5591438361369
서울특별시 강서구 방화동 599-1번지,"서울특별시 강서구 초원로 53, 1층 (방화동)",7608,골든PC방,126.811279989308,37.567927499743
서울특별시 강서구 등촌동 662-3 신송타워 지층,"서울특별시 강서구 화곡로63길 93, 지층 (등촌동, 신송타워)",7590,플렉스피씨(FLEX PC),126.847811653783,37.5585028516812
서울특별시 강서구 등촌동 648-6번지 비원오피스텔,"서울특별시 강서구 공항대로 525, 비원오피스텔 (등촌동)",7563,플렉스 피씨 (FLEX PC) 등촌역점,126.865288555375,37.5515396464121
서울특별시 강서구 마곡동 784-3 스카이오피스텔 109호,"서울특별시 강서구 강서로 451, 스카이오피스텔 109호 (마곡동)",7792,와우PC,126.840151682632,37.5658569279715
서울특별시 강서구 화곡동 781-11 2층,"서울특별시 강서구 곰달래로60길 7, 2층 (화곡동)",7786,탑PC,126.86325377335,37.5319180525369
서울특별시 강서구 화곡동 839-3,"서울특별시 강서구 곰달래로 237, 1층 (화곡동)",7738,화곡PC,126.859409970557,37.5320114779772
서울특별시 강서구 염창동 251-2,"서울특별시 강서구 양천로75길 13, 지층 (염창동)",7541,라이온PC방,126.875066111272,37.5503823431126
서울특별시 강서구 화곡동 29-30 1층,"서울특별시 강서구 까치산로 93, 1층 (화곡동)",7678,공원PC방,126.84816364255,37.5467856553943
서울특별시 강서구 화곡동 504-16번지 101호,"서울특별시 강서구 등촌로13길 34, 101호 (화곡동, 경흥빌라트)",7733,로또PC 화곡점,126.861486316839,37.5355989214973
서울특별시 강서구 등촌동 641-11 청림오피스텔 206호,"서울특별시 강서구 공항대로45길 44, 청림오피스텔 206호 (등촌동)",7569,아쿠아PC방,126.855808218309,37.5568092839784
서울특별시 강서구 내발산동 723-4 지층,"서울특별시 강서구 강서로 257, 지층 (내발산동)",7639,제로백PC 우장산점,126.836035160372,37.5486867604595
서울특별시 강서구 마곡동 759-3 보타닉파크타워Ⅰ,"서울특별시 강서구 마곡중앙로 161-17, 보타닉파크타워Ⅰ B1층 (마곡동)",7788,포텐PC(4TEN PC) 마곡나루1호점,126.825960812712,37.5680581740122
서울특별시 강서구 화곡동 971-4 지층 좌측호,"서울특별시 강서구 까치산로 101, 지층 좌측호 (화곡동)",7673,피시베네 season 2 (PC클럽),126.848580974482,37.5474583358704
서울특별시 강서구 방화동 580-53 1층,"서울특별시 강서구 방화동로 116-1, 1층 (방화동)",7604,돼지PC,126.812507868932,37.5708287655992
서울특별시 강서구 화곡동 343-62 라인씨티 2층,"서울특별시 강서구 곰달래로 125, 2층 (화곡동, 라인씨티)",7774,세븐스타PC방 까치산역점,126.846767853226,37.5307859780919
서울특별시 강서구 내발산동 653번지 솔레드림,"서울특별시 강서구 강서로 360, 솔레드림 지층 b103호 (내발산동)",7651,3 PoP,126.838393605308,37.5576945764491
서울특별시 강서구 화곡동 398-1 해풍그랜드타운 101호,"서울특별시 강서구 강서로18다길 22, 101호 (화곡동, 해풍그랜드타운)",7752,제노PC ZONE,126.847408580799,37.5352096377055
서울특별시 강서구 방화동 285-4 수현빌딩,"서울특별시 강서구 양천로 100-1, 수현빌딩 지층 (방화동)",7604,제로백PC 신방화점,126.815058656627,37.5732017723721
서울특별시 강서구 화곡동 971-4 지층 우측,"서울특별시 강서구 까치산로 101, 지층 우측호 (화곡동)",7673,피시베네 season 2 (PC방),126.848580974482,37.5474583358704
서울특별시 강서구 등촌동 681-3 효성인텔리안,"서울특별시 강서구 강서로 426, 효성인텔리안 지층 101,110호 (등촌동)",7582,메가쓰리팝PC방,126.840613697454,37.5633706252766
서울특별시 강서구 화곡동 1095-4 그랜드아이파크,"서울특별시 강서구 화곡로 341, 그랜드아이파크 (화곡동)",7649,e-sports PC,126.850995581546,37.5542929511592
서울특별시 강서구 화곡동 140-19 3층,"서울특별시 강서구 화곡로 180, 3층 (화곡동)",7727,쿡몬스터PC,126.841722040176,37.541842878658
서울특별시 강서구 화곡동 343-52 도양라비앙타워 B301호,"서울특별시 강서구 강서로 43, B301호 (화곡동, 도양라비앙타워 )",7774,더블유피씨방,126.846531702129,37.5315215185769
서울특별시 강서구 화곡동 795-1,"서울특별시 강서구 곰달래로58길 12, 1층 (화곡동)",7785,놀토PC,126.861826845306,37.5316305041818
서울특별시 강서구 화곡동 914-3 일성스카이빌,"서울특별시 강서구 강서로5나길 50, 108호 (화곡동, 일성스카이빌)",7777,럭키PC,126.845517395793,37.5287943988332
서울특별시 강서구 화곡동 841-1번지 1층,"서울특별시 강서구 강서로10길 200, 1층 (화곡동)",7784,골드 PC방,126.858985505868,37.5312752148378
서울특별시 강서구 방화동 450-15 멤브로메디컬센터,"서울특별시 강서구 양천로 73, 멤브로메디컬센터 지층 (방화동)",7517,레벨업PC방,126.811826043779,37.5737251867757
서울특별시 강서구 화곡동 358-9,"서울특별시 강서구 강서로17길 117, 1층 (화곡동)",7766,스타일PC,126.83926821742,37.5321931927813
서울특별시 강서구 화곡동 823-14번지 1층,"서울특별시 강서구 곰달래로49길 48, 1층 (화곡동)",7738,나우PC방,126.857389215821,37.5337938466988
서울특별시 강서구 등촌동 682번지 평안빌딩,"서울특별시 강서구 강서로 460, 평안빌딩 (등촌동)",7582,게임팩토리PC,126.841106001932,37.5663257425795
서울특별시 강서구 화곡동 934-10,"서울특별시 강서구 강서로5나길 131, 2층 (화곡동)",7780,왕대박PC,126.840885923997,37.52811817546
서울특별시 강서구 화곡동 1114-5,"서울특별시 강서구 까치산로 189-1, 지층 (화곡동)",7654,대박PC게임장,126.853888750093,37.5541504250601
서울특별시 강서구 가양동 1480 영보빌딩,"서울특별시 강서구 양천로57길 16, 영보빌딩 5층 (가양동)",7526,누리터 PC방,126.852504476699,37.5633752671263
서울특별시 강서구 염창동 240-21번지 우림블루나인비즈니스센터,"서울특별시 강서구 양천로 583, 우림블루나인비즈니스센터 b106호 (염창동)",7547,제나두PC 강서본점,126.864347419732,37.5571161918617
서울특별시 강서구 화곡동 1164번지 더퍼스트빌화곡 103동,"서울특별시 강서구 까치산로 26, 1층 103호 (화곡동, 더퍼스트빌화곡)",7726,well PC,126.843362773067,37.5420501337519
서울특별시 강서구 화곡동 910-28번지,"서울특별시 강서구 강서로5나길 59, 2층 (화곡동)",7779,짱구PC 화곡점,126.844884191095,37.5283024332797
서울특별시 강서구 화곡동 1032-17번지 지하층,"서울특별시 강서구 강서로 191, 지하층 (화곡동, 화평빌딩)",7707,라이또PC방 화곡점,126.838520714498,37.5432641044882
서울특별시 강서구 방화동 249-28 1층,"서울특별시 강서구 방화동로 80, 1층 (방화동)",7616,대박PC,126.812869586247,37.5674135799927
서울특별시 강서구 방화동 567-9,"서울특별시 강서구 양천로16길 7, 1층 2호 (방화동)",7603,방화 PC,126.811019251197,37.5729228245554
서울특별시 강서구 화곡동 1119-11 4층,"서울특별시 강서구 공항대로46길 73, 4층 (화곡동)",7657,안다미로,126.85163621947,37.5528217988386
"서울특별시 강서구 가양동 1480-1번지 이스타빌2차 B07, 08, 09호 ","서울특별시 강서구 양천로57길 10-11, 이스타빌2차 B07, 08, 09호 (가양동)",7526,투앤투PC방,126.852934754398,37.5631717283618
서울특별시 강서구 공항동 1359-10번지 2층,"서울특별시 강서구 방화대로6길 43, 2층 (공항동)",7645,스마일PC게임,126.819016172131,37.5546571358773
서울특별시 강서구 마곡동 793-3번지 107호,"서울특별시 강서구 강서로 411, 107호 (마곡동, 마곡에비앙)",7794,국제PC,126.839010860704,37.5623808692994
서울특별시 강서구 내발산동 650-16번지,"서울특별시 강서구 공항대로42길 16, 지층 (내발산동)",7646,아이비스PC 내발산점,126.843609294059,37.5572344334833
서울특별시 강서구 내발산동 723,"서울특별시 강서구 강서로 261, 지층 1,4호 (내발산동)",7639,비원 PC방,126.835954853373,37.5491854412348
서울특별시 강서구 화곡동 341-65 화곡판타지아,"서울특별시 강서구 강서로 52, 화곡판타지아 (화곡동)",7757,3POP PC방,126.846651402005,37.5324605164753
서울특별시 강서구 화곡동 1051-1번지 경동엠파이어시티,"서울특별시 강서구 강서로 187, 경동엠파이어시티 101동 B01호 (화곡동)",7714,피에스타 PC방 강서 화곡역점,126.838834495799,37.5428947633309
서울특별시 강서구 방화동 193-11번지 불해빌딩,"서울특별시 강서구 방화대로34길 92, 불해빌딩 지층 (방화동)",7595,ZIO(지오)PC방,126.821409394955,37.5708840128695
서울특별시 강서구 공항동 692,"서울특별시 강서구 송정로 18-2, 1층 (공항동)",7626,애플PC,126.812222037565,37.5567634171884
서울특별시 강서구 등촌동 63-12 어위쉬예다인,"서울특별시 강서구 양천로 452, 어위쉬예다인 지하1층층 (등촌동)",7574,3POP PC CAFE,126.850820066078,37.5628582317658
서울특별시 강서구 마곡동 794번지 1층 106호,"서울특별시 강서구 강서로 391, 1층 106호 (마곡동, 문영비즈웍스)",7803,강구짱PC,126.838427628497,37.5605448342463
서울특별시 강서구 화곡동 27-17번지 1층,"서울특별시 강서구 화곡로42길 32, 1층 (화곡동)",7679,블루PC,126.847050651331,37.5459847632984
서울특별시 강서구 화곡동 393-1 삼광빌딩 102호,"서울특별시 강서구 강서로18길 52, 삼광빌딩 102호 (화곡동)",7755,해적PC,126.848504697055,37.5343755516421
서울특별시 강서구 등촌동 655-28,서울특별시 강서구 공항대로45길 12 (등촌동),7571,명품PC,126.854621284509,37.5558519610316
서울특별시 강서구 화곡동 929-1,"서울특별시 강서구 강서로5나길 109, A-2호 (화곡동)",7780,메이드PC방,126.841905897445,37.5279688077685
서울특별시 강서구 화곡동 929-1,"서울특별시 강서구 강서로5나길 109, A-5호 (화곡동)",7780,스카이PC방,126.841905897445,37.5279688077685
서울특별시 강서구 마곡동 757-5번지 안강프라이빗타워,"서울특별시 강서구 마곡중앙로 165, 안강프라이빗타워 지1층 104호 (마곡동)",7788,포텐PC(4TEN PC) 마곡나루2호점,126.827697450113,37.5685808655445
서울특별시 강서구 화곡동 1116-3번지,"서울특별시 강서구 화곡로 330, 4층 (화곡동)",7653,아레나X PC,126.851201437059,37.553270128542
서울특별시 강서구 화곡동 910-8,"서울특별시 강서구 강서로5나길 47, 3층 (화곡동)",7779,블루PC,126.845567415402,37.5283481985032
서울특별시 강서구 방화동 249-20 반석빌딩,"서울특별시 강서구 방화동로 90, 반석빌딩 2층 202호 (방화동)",7606,팡팡PC랜드,126.812938605108,37.5683752306978
서울특별시 강서구 마곡동 796-7,"서울특별시 강서구 마곡중앙6로 69, 4층 (마곡동)",7803,RISE PC,126.835089020911,37.5603375842313
서울특별시 강서구 염창동 282-34,"서울특별시 강서구 공항대로75길 8, 지층 (염창동)",7558,하이브나인 PC방 염창역점,126.873927429462,37.5474315354119
서울특별시 강서구 화곡동 934-23 한빛빌딩 1층,"서울특별시 강서구 월정로 96, 한빛빌딩 1층 (화곡동)",7780,동전PC,126.839707806331,37.5279944967274
서울특별시 강서구 마곡동 795-7 열린프라자 101-1호,"서울특별시 강서구 마곡중앙6로 93, 열린프라자 101-1호 (마곡동)",7803,황금PC,126.837697932979,37.5601356822454
서울특별시 강서구 화곡동 935-14,"서울특별시 강서구 강서로5나길 152, 2층 (화곡동)",7775,금달PC,126.839749100188,37.5283643235343
서울특별시 강서구 등촌동 566-1 지덕빌딩,"서울특별시 강서구 등촌로 75, 지덕빌딩 4층 (등촌동)",7734,인디고pc방 등촌점,126.863203039524,37.5367139277952
서울특별시 강서구 내발산동 750-11 신원메디칼프라자,"서울특별시 강서구 강서로47길 165, 신원메디칼프라자 1001호 (내발산동)",7635,인디고PC방 내발산점,126.826919545523,37.5534315567653
서울특별시 강서구 화곡동 358-7 라피아노,"서울특별시 강서구 강서로17길 125, 101호 (화곡동, 라피아노)",7766,뭉치PC,126.838925699867,37.532057936472
서울특별시 강서구 방화동 593-42,"서울특별시 강서구 금낭화로 49, 1층 (방화동)",7608,잭팟 PC,126.811440135664,37.5697765959981
서울특별시 강서구 화곡동 1117-7 덕영빌딩,"서울특별시 강서구 공항대로46길 90, 덕영빌딩 2층 (화곡동)",7658,레벨업PC카페,126.850736714771,37.552385483477
서울특별시 강서구 화곡동 935-19 1층,"서울특별시 강서구 월정로 102, 1층 (화곡동)",7775,황제PC,126.839542740693,37.5283671968499
서울특별시 구로구 고척동 52-197번지 (3층),"서울특별시 구로구 경인로47길 26  (고척동,(3층))",8222,사이버붐 PC방,126.866606846487,37.5006460911964
서울특별시 구로구 구로동 569-18번지 지층,"서울특별시 구로구 새말로 20 (구로동,지층)",8292,스위티PC방,126.883353221179,37.501999824881
서울특별시 구로구 구로동 111-5번지 지층,"서울특별시 구로구 구로중앙로28다길 29 (구로동,지층)",8294,인터넷 매니아,126.888184536813,37.50154435326
서울특별시 구로구 신도림동 338번지 신도림2차푸르지오 101동 B102호,"서울특별시 구로구 경인로67길 23, 101동 B102호 (신도림동,신도림2차푸르지오)",8208,본PC방,126.889481191271,37.5104826397728
서울특별시 구로구 구로동 1125-3 모나미빌딩,"서울특별시 구로구 시흥대로 565, 모나미빌딩 지층 (구로동)",8391,PC CLUB Z,126.901584839285,37.4835856942208
서울특별시 구로구 오류동 38-1번지 2층,"서울특별시 구로구 경인로23길 8  (오류동,2층)",8268,웹시티 PC,126.844061756641,37.4968070489532
서울특별시 구로구 구로동 805-19번지,서울특별시 구로구 구로동로 74  (구로동),8320,성인오락실,126.886025678508,37.4854273355546
서울특별시 구로구 고척동 269-18,"서울특별시 구로구 경인로33길 75, 2층 (고척동)",8235,폴라리스PC방,126.850744453383,37.5012039381065
서울특별시 구로구 고척동 188-2번지,서울특별시 구로구 중앙로 105 (고척동),8241,사이버리아 PC방,126.859645954857,37.5068391017168
서울특별시 구로구 궁동 189-25번지 202호,"서울특별시 구로구 부일로15길 4,  202호 (궁동)",8255,PC 스토리,126.834426968582,37.4935163491463
서울특별시 구로구 고척동 76-88 동양빌딩,"서울특별시 구로구 경인로47길 31, 동양빌딩 지층 (고척동)",8223,찰리팝PC카페,126.866087955132,37.500600724163
서울특별시 구로구 오류동 23-42번지 지층,"서울특별시 구로구 경인로19길 8  (오류동,지층)",8268,린 PC방,,
서울특별시 구로구 개봉동 415번지 2층,"서울특별시 구로구 경인로40길 47, 2층 (개봉동)",8276,제이제이PC방,126.859102583368,37.4945222528654
서울특별시 구로구 개봉동 332-1번지,"서울특별시 구로구 개봉로17길 41, 2, 3층 (개봉동)",8346,PC SIAN,,
서울특별시 구로구 구로동 807-54 1층,"서울특별시 구로구 구로동로 90-0, 1층 (구로동)",8319,놀토PC방,126.88542299757,37.4867800663132
서울특별시 구로구 고척동 271-78번지 1층,"서울특별시 구로구 경인로35길 98-2, 1층 (고척동)",8229,망고톡PC방,126.852501687493,37.5007908719605
서울특별시 구로구 구로동 737-10번지 1층,"서울특별시 구로구 구로동로18길 12, 1층 (구로동)",8319,놀토짱PC방,126.885212600264,37.4880937113294
서울특별시 구로구 구로동 730-60번지 3층,"서울특별시 구로구 구로동로 138, 3층 (구로동)",8308,스타PC,126.884343821269,37.49083958467
서울특별시 구로구 구로동 461-5번지,"서울특별시 구로구 구로동로 179, 1층 (구로동)",8282,the # PC cafe,126.882542067811,37.4944529165006
서울특별시 구로구 개봉동 403-226번지,서울특별시 구로구 개봉로 70 (개봉동),8332,Zill,126.856274577571,37.4919029542631
서울특별시 구로구 가리봉동 131-45번지,서울특별시 구로구 디지털로19길 28 (가리봉동),8388,놀토PC방,126.889860819622,37.4809589986612
서울특별시 구로구 구로동 748-17,"서울특별시 구로구 도림로 25, 1층 (구로동)",8320,PC포인트,126.887583857875,37.4867135754316
서울특별시 구로구 신도림동 292-3번지 1층,서울특별시 구로구 신도림로11길 44 (신도림동),8204,호호PC,126.878507619505,37.50949039901
서울특별시 구로구 고척동 164-74,"서울특별시 구로구 고척로 184, 1층 (고척동)",8229,백호PC,126.853834345454,37.5041572413913
서울특별시 구로구 궁동 189-74번지,"서울특별시 구로구 부일로15길 40, 3층 (궁동)",8255,더엑스PC 궁동점,126.833050661585,37.4946909458995
서울특별시 구로구 구로동 437-1번지 성보빌딩,"서울특별시 구로구 가마산로 229, 성보빌딩 지층 (구로동)",8284,AURA PC,126.886365763094,37.4942503257886
서울특별시 구로구 구로동 748-60,"서울특별시 구로구 도림로 27, 1층 (구로동)",8320,88랜드PC,126.887728224962,37.4868798585259
서울특별시 구로구 오류동 155-7,"서울특별시 구로구 오류로8길 34, 2층 (오류동)",8344,플렉스 피씨(FLEX PC)오류점,126.842626024787,37.4914757839055
서울특별시 구로구 궁동 188-1 골든프라자,"서울특별시 구로구 부일로15길 20, 골든프라자 지층 (궁동)",8255,아크PC 궁동점,126.833808660826,37.4941742966097
서울특별시 구로구 오류동 137-6번지,"서울특별시 구로구 오류로8길 63, 3층 (오류동)",8341,레드PC방,126.843651231218,37.4925351069083
서울특별시 구로구 가리봉동 135-25 JS호스텔,"서울특별시 구로구 남부순환로105길 32, JS호스텔 201호 (가리봉동)",8395,체리PC,126.891005748124,37.4795068234169
서울특별시 구로구 구로동 721-11,"서울특별시 구로구 구로동로 103, 2층 (구로동)",8318,광PC,126.884521164276,37.4878753541156
서울특별시 구로구 구로동 771-10,"서울특별시 구로구 도림로 35-1, a동 1층 (구로동)",8314,골드PC,126.888314523507,37.4875421142199
서울특별시 구로구 가리봉동 131-19번지,"서울특별시 구로구 디지털로 223, 2층 (가리봉동)",8388,국가대표PC,126.890698875644,37.4803044733037
서울특별시 구로구 가리봉동 121-38,"서울특별시 구로구 구로동로 9, 1층 (가리봉동)",8322,황금PC,126.886949116632,37.4827159180702
서울특별시 구로구 개봉동 63-32,서울특별시 구로구 고척로 100 (개봉동),8266,불독PC,126.84534230397,37.5009858836234
서울특별시 구로구 오류동 51-31 포스시티,"서울특별시 구로구 경인로20길 6, 포스시티 102호 (오류동)",8271,777PC방,126.843376566816,37.4954038170325
서울특별시 구로구 구로동 803-2,"서울특별시 구로구 도림로 15, 1층 (구로동)",8320,우리PC,126.887058115313,37.4860922796846
서울특별시 구로구 오류동 6-305,"서울특별시 구로구 경인로 172, 1층 (오류동)",8271,승리PC,126.840594577074,37.4944142152353
서울특별시 구로구 가리봉동 131-20,"서울특별시 구로구 디지털로 219, 2층 (가리봉동)",8388,피시랜드,126.89023820898,37.4800368070682
서울특별시 구로구 가리봉동 124-46,"서울특별시 구로구 구로동로 6, 105호 (가리봉동)",8386,삼거리PC,126.887239679809,37.4822711877106
서울특별시 구로구 구로동 732-1,"서울특별시 구로구 구로동로 126-2, 3층 (구로동)",8311,호박PC랜드,126.884569787511,37.4899312300876
서울특별시 구로구 구로동 392-82,"서울특별시 구로구 구로동로21길 52, 1층 (구로동)",8310,토마토PC랜드,126.881359453411,37.4896701816135
서울특별시 구로구 개봉동 63-35 옥영빌딩,"서울특별시 구로구 고척로 101, 옥영빌딩 지층 (개봉동)",8252,몽키PC,126.845252696525,37.5012789533329
서울특별시 구로구 가리봉동 135-9,"서울특별시 구로구 디지털로 220, 1층 (가리봉동)",8395,바다속PC,126.890683574576,37.4797872801274
서울특별시 구로구 가리봉동 122-15,"서울특별시 구로구 구로동로 14, 2층 (가리봉동)",8384,BMW PC방,126.887235763615,37.4829962253712
서울특별시 구로구 구로동 481-7 대흥빌딩,"서울특별시 구로구 구로동로 203, 대흥빌딩 204호 (구로동)",8281,우리PC,126.882269943432,37.4967185863828
서울특별시 구로구 신도림동 436-7 신도림큐브스테이트,"서울특별시 구로구 경인로 611-7, 지하1층 (신도림동, 신도림큐브스테이트)",8210,욜로PC방 신도림점,126.883812092851,37.5064160124939
서울특별시 구로구 오류동 44-7번지,"서울특별시 구로구 경인로 182, 1층 (오류동)",8271,놀러와PC,126.841469395063,37.49477795723
서울특별시 구로구 구로동 415-6 구로본동새마을금고,"서울특별시 구로구 구로동로35길 10, 구로본동새마을금고 1층 (구로동)",8286,골드PC,126.88259006863,37.4938402797775
서울특별시 구로구 가리봉동 131-14,"서울특별시 구로구 디지털로 227, B02호 (가리봉동)",8388,블루PC,126.890907692931,37.4804629735182
서울특별시 구로구 구로동 1280 한신휴플러스아파트,"서울특별시 구로구 디지털로31길 120, 상가2동 B207호 (구로동, 한신휴플러스아파트)",8371,3POP PC카페,126.890773027393,37.4884700177382
서울특별시 구로구 구로동 487-26 1층,"서울특별시 구로구 구로동로42길 5, 1층 (구로동)",8283,킹PC랜드,126.882756348237,37.4961220634193
서울특별시 구로구 오류동 47-1 삼익쇼핑,"서울특별시 구로구 경인로 192, 삼익쇼핑 2층 (오류동)",8271,대박PC,126.842638571132,37.4950354961803
서울특별시 구로구 구로동 767-148,"서울특별시 구로구 도림로 53, 1층 (구로동)",8314,역전PC,126.889744848965,37.4886327757504
서울특별시 구로구 개봉동 178-13,"서울특별시 구로구 경인로40길 12, 2층 (개봉동)",8277,레아PC,126.859131313522,37.4962642022543
서울특별시 구로구 개봉동 98-22,서울특별시 구로구 고척로25길 33-58 (개봉동),8247,사이버넷,126.84607868685,37.5034419036543
서울특별시 구로구 구로동 612-2번지 금호빌딩 3층,"서울특별시 구로구 구로중앙로 219  (구로동,금호빌딩 3층)",8216,고스트캐슬 PC방,126.876691479075,37.5053152446857
서울특별시 구로구 신도림동 437-1번지 211~212호,"서울특별시 구로구 경인로59길 8, 211호 (신도림동)",8210,센텀PC Cafe,126.883427027522,37.5063918465946
서울특별시 구로구 개봉동 403-19번지 4층,"서울특별시 구로구 남부순환로95길 44 (개봉동,4층)",8336,PC몽,126.855893365801,37.4941541049918
서울특별시 구로구 고척동 253-15 지층,"서울특별시 구로구 고척로 140, 지층 (고척동, 제일빌딩)",8235,나는게이머다PC,126.8496311977,37.5023805002833
서울특별시 구로구 개봉동 403-95번지 3층,"서울특별시 구로구 개봉로 9 (개봉동,3층)",8352,TOP PLACE PC,126.856174385024,37.4865393176791
서울특별시 구로구 신도림동 292-3번지 2층,"서울특별시 구로구 신도림로11길 44  (신도림동,2층)",8204,황금도끼PC방,126.878507619505,37.50949039901
서울특별시 구로구 가리봉동 127-14,"서울특별시 구로구 남부순환로105길 58, 2층 (가리봉동)",8387,구룡PC,126.889521434265,37.4797912448526
서울특별시 구로구 가리봉동 122-16번지 1층,서울특별시 구로구 구로동로 12 (가리봉동),8384,보물PC,126.887351431548,37.4828432544018
서울특별시 구로구 궁동 207-22,"서울특별시 구로구 부일로15길 23, 1층 101호 (궁동)",8256,골드PC,126.833398724309,37.4940300988606
서울특별시 구로구 오류동 81-39,"서울특별시 구로구 경인로11길 14-2, 101호 (오류동)",8255,콜PC방,126.838135628866,37.4937854834396
서울특별시 구로구 개봉동 357-22 2층,서울특별시 구로구 개봉로3길 40 (개봉동),8351,4TEN PC(개봉점),126.854038861329,37.4864154231168
서울특별시 구로구 구로동 327-54번지 1층,서울특별시 구로구 구로동로28길 64-11 (구로동),8312,보물PC,126.887938080503,37.4904387667209
서울특별시 구로구 고척동 50-48번지 고척프라자,"서울특별시 구로구 중앙로 64, 고척프라자 나동 2층 4호 (고척동)",8218,레드PC방,126.862833580926,37.5037992525197
서울특별시 구로구 고척동 46-22번지 1층,서울특별시 구로구 경인로47길 96 (고척동),8222,신게임PC방,126.864129212218,37.502981375957
서울특별시 구로구 궁동 188-4번지 3층,"서울특별시 구로구 부일로15길 12  (궁동,3층)",8255,라임 PC,126.834099010344,37.4939375599096
서울특별시 구로구 오류동 51-31번지 광장B/D 5층,서울특별시 구로구 경인로20길 6 (오류동),8271,퍼니퍼니피시방,126.843376566816,37.4954038170325
서울특별시 구로구 구로동 144-10번지 지층,서울특별시 구로구 도림로 81 (구로동),8312,모토 PC존,126.892171200851,37.4902543055104
서울특별시 구로구 개봉동 322-1번지 2층,"서울특별시 구로구 개봉로17마길 17-1  (개봉동,2층)",8338,아이비스 PC방 개봉점,126.852941968495,37.4920154432103
서울특별시 구로구 개봉동 198-20번지 2층,"서울특별시 구로구 개봉로20길 105  (개봉동,2층)",8329,파워넷,126.860123663485,37.4928479547591
서울특별시 구로구 가리봉동 135-6,"서울특별시 구로구 디지털로 226, 2층 (가리봉동)",8395,다모아인터넷플라자,126.891117191878,37.4800743815029
서울특별시 구로구 개봉동 327-22번지 지하1층,"서울특별시 구로구 개봉로17길 18  (개봉동,지하1층)",8337,신 PC,126.854823249622,37.4917176446806
서울특별시 구로구 구로동 642-46 우방아파트,"서울특별시 구로구 구일로 154-17, 지하1층 (구로동, 우방아파트)",8323,오엑스PC방 구일역점,126.874369837414,37.4978078745679
서울특별시 구로구 가리봉동 122-21번지 3층,"서울특별시 구로구 우마길 1, 3층 (가리봉동)",8384,중한PC방,126.887531176148,37.4825593377162
서울특별시 구로구 구로동 1280 한신휴플러스아파트,"서울특별시 구로구 디지털로31길 120, 상가2동 B208호 (구로동, 한신휴플러스아파트)",8371,3POP PC카페,126.890773027393,37.4884700177382
서울특별시 구로구 개봉동 358-17번지 3층,"서울특별시 구로구 개봉로3길 34 (개봉동,3층)",8352,EZ PC,126.854434829051,37.4864154611343
서울특별시 구로구 고척동 253-194번지 (지층),"서울특별시 구로구 고척로 142-1  (고척동,(지층))",8235,Zaii PC Zone,126.849837285068,37.5026470093918
서울특별시 구로구 오류동 135-86번지 지층,"서울특별시 구로구 서해안로30길 12  (오류동,지층)",8341,호야 PC방,126.843904125376,37.4932168724157
서울특별시 구로구 가리봉동 122-16번지 2층,"서울특별시 구로구 구로동로 12, 2층 (가리봉동)",8384,제왕의 사치2 PC,126.887351431548,37.4828432544018
서울특별시 구로구 구로동 112-1 지층,"서울특별시 구로구 공원로7길 41-1 (구로동,지층)",8294,이네이처 PC방 구로5동점,126.887107486742,37.5012192372181
서울특별시 구로구 개봉동 330-24번지 2층,"서울특별시 구로구 개봉로17길 25  (개봉동,2층)",8347,웹시티 PC방,126.854330766016,37.4915017879843
서울특별시 구로구 구로동 486-37번지 지층,"서울특별시 구로구 구로동로 209-1  (구로동,지층)",8281,로그인PC방,126.882283354615,37.497324165936
서울특별시 구로구 구로동 1127-5번지 지하,"서울특별시 구로구 디지털로32다길 14 (구로동,지하)",8392,TOOL PC,126.899814314405,37.4824321768795
서울특별시 구로구 신도림동 388-5번지 동아성빌딩 2층,"서울특별시 구로구 신도림로 57, 2층 (신도림동, 신도림동아성빌딩)",8203,스위티PC방,126.881647346233,37.5092987894825
서울특별시 구로구 개봉동 403-206 강서프라자,"서울특별시 구로구 개봉로 71, 강서프라자 지층 (개봉동)",8337,ARENA PC방,126.855574487587,37.4920938346959
서울특별시 구로구 오류동 147-84,서울특별시 구로구 오류로8길 88 (오류동),8344,드림넷,126.84493109667,37.4928958448057
서울특별시 구로구 구로동 547-30,서울특별시 구로구 공원로7길 32 (구로동),8290,미르PC방,126.88734809681,37.5017031266367
서울특별시 구로구 고척동 52-197번지,"서울특별시 구로구 경인로47길 26, 지층 (고척동)",8222,제로백,126.866606846487,37.5006460911964
서울특별시 구로구 구로동 569-8번지,"서울특별시 구로구 새말로 19, 3층 (구로동)",8291,피에스타PC방 구로역점,126.882924694726,37.5023015080383
서울특별시 구로구 구로동 327-58번지 2층,"서울특별시 구로구 구로동로26길 81, 2층 (구로동)",8312,투앤디플레이스 PC zone,126.888507407492,37.4902909094932
서울특별시 구로구 가리봉동 135-1번지,서울특별시 구로구 디지털로 228 (가리봉동),8395,따봉PC,126.891274373938,37.4802882455174
서울특별시 구로구 오류동 64-28번지 오류동행복주택상가동 104호,"서울특별시 구로구 경인로20가길 68, 104호 (오류동, 오류동행복주택)",8272,따봉PC,126.846646657201,37.4955852449417
서울특별시 구로구 고척동 43-41번지,"서울특별시 구로구 경인로47길 126-5, 1층 (고척동)",8218,팡팡PC,126.863331006909,37.5046497469025
서울특별시 구로구 개봉동 349-1 2통현진빌딩,"서울특별시 구로구 개봉로11길 13, 현진빌딩 2층 (개봉동)",8352,제로백PC방,126.855447363708,37.4879404879085
서울특별시 구로구 구로동 142-65번지 3층,"서울특별시 구로구 구로중앙로 14 (구로동,3층)",8305,유비트 PC방,126.892301347465,37.4915949425815
서울특별시 구로구 고척동 52-346번지 가동 302호,"서울특별시 구로구 중앙로 32, 가동 302호 (고척동)",8223,Fall PC방,126.863856941873,37.500768283874
서울특별시 구로구 구로동 313-119번지 지층,서울특별시 구로구 도림로 69 (구로동),8313,IDEPS PC (아이뎁스),126.891047234259,37.4896331110441
서울특별시 구로구 오류동 41-1 상임빌딩,"서울특별시 구로구 경인로 193, 상임빌딩 지층 (오류동)",8269,Level up PC CAFE,126.842584579433,37.49576046373
서울특별시 구로구 구로동 416-10번지 2층,"서울특별시 구로구 구로동로 166 (구로동,2층)",8285,한게임 PC,126.883427061397,37.4934941309934
서울특별시 구로구 오류동 44-10 씨티월드 302호,"서울특별시 구로구 경인로 176 (오류동,씨티월드 302호)",8271,사이버리아 PC방,126.841018680923,37.4943907298586
서울특별시 구로구 궁동 187-16,서울특별시 구로구 부일로13길 52 (궁동),8255,제우스pc방,126.831694668938,37.4954109077701
서울특별시 구로구 구로동 111-5,서울특별시 구로구 구로중앙로28다길 29 (구로동),8294,인터넷매니아,126.888184536813,37.50154435326
서울특별시 구로구 구로동 685-448 신영상가 지하1층,"서울특별시 구로구 구일로4길 30, 신영상가 지하1층 (구로동)",8325,3POP,126.876446827824,37.4918751361412
서울특별시 구로구 가리봉동 89-25번지 5층,"서울특별시 구로구 디지털로27길 127  (가리봉동,5층)",8385,퍼스트 PC방,126.887109265789,37.4847108131575
서울특별시 구로구 구로동 547-30번지 2층,"서울특별시 구로구 공원로7길 32  (구로동,2층)",8290,미르 PC방,126.88734809681,37.5017031266367
서울특별시 구로구 고척동 188-2,서울특별시 구로구 중앙로 105 (고척동),8241,사이버리아고척2동점,126.859645954857,37.5068391017168
서울특별시 구로구 개봉동 370-40번지 2층,"서울특별시 구로구 개봉로1나길 1 (개봉동,2층)",8355,타이거 PC방,126.853754645418,37.4837268252569
서울특별시 구로구 신도림동 396-252,서울특별시 구로구 구로중앙로40길 46 (신도림동),8206,유니넷,126.877858739167,37.5075488764968
서울특별시 구로구 가리봉동 123-38,서울특별시 구로구 우마길 13 (가리봉동),8387,싸울아비,126.888165771974,37.4817438967725
서울특별시 구로구 구로동 738-5번지,서울특별시 구로구 구로동로18길 24  (구로동),8319,넷존,126.885809704182,37.4878887701427
서울특별시 구로구 고척동 253-11,서울특별시 구로구 고척로 144 (고척동),8235,SKY,126.849970000444,37.5026751992737
서울특별시 구로구 가리봉동 110-9번지 2층,"서울특별시 구로구 우마2길 21 (가리봉동,2층)",8383,짱PC방,126.889147632734,37.4821828022506
서울특별시 구로구 구로동 731-1번지 301~308호,"서울특별시 구로구 구로동로26길 8,  301~308호 (구로동)",8311,하이넷 PC방,,
서울특별시 구로구 개봉동 403-203 성림빌딩,"서울특별시 구로구 개봉로 17, 성림빌딩 1층 (개봉동)",8352,놀러와PC,126.856110752819,37.4871743603099
서울특별시 구로구 구로동 732-1번지,서울특별시 구로구 구로동로 126-2  (구로동),8311,티PC스테이션,126.884569787511,37.4899312300876
서울특별시 구로구 구로동 1127-18번지,서울특별시 구로구 시흥대로163길 12 (구로동),8392,콜PC,126.899290046475,37.4816698383765
서울특별시 구로구 개봉동 126-17번지 6층,"서울특별시 구로구 고척로 134 (개봉동,6층)",8235,라이킷PC,126.848795513571,37.5022316687641
서울특별시 구로구 개봉동 170-39번지 지층,"서울특별시 구로구 경인로 340  (개봉동,지층)",8277,썬앤문 PC방,126.857840483824,37.4970276100092
서울특별시 구로구 가리봉동 25-64 지층,"서울특별시 구로구 구로동로 35 (가리봉동,지층)",8322,UBIT유비트 PC,126.885897028905,37.4849672468365
서울특별시 구로구 개봉동 202-17번지 (지1층),"서울특별시 구로구 남부순환로97길 12  (개봉동,(지1층))",8328,사이버매니아 PC방,126.858684009816,37.4941938767318
서울특별시 구로구 구로동 40-3,"서울특별시 구로구 공원로6나길 12, 4층 (구로동)",8289,제로100PC 신도림점,126.890779943378,37.5036765777247
서울특별시 구로구 개봉동 132-80,"서울특별시 구로구 경인로33길 63, 1층 (개봉동)",8237,카지노PC,126.850986109922,37.5007016624944
서울특별시 구로구 개봉동 181-5번지 3층 301호,"서울특별시 구로구 경인로40길 41  (개봉동,3층 301호)",8276,네오플레이,126.859029376899,37.4950263686092
서울특별시 구로구 구로동 1130-9번지 1층,"서울특별시 구로구 디지털로32다길 46  (구로동,1층)",8392,Ping,126.898879166625,37.4811759149298
서울특별시 구로구 개봉동 57-20,서울특별시 구로구 고척로21가길 60 (개봉동),8250,스카이,126.842757705126,37.5014254957775
서울특별시 구로구 구로동 1123-1,서울특별시 구로구 시흥대로 577 (구로동),8391,블루넷PC방,126.902251260428,37.4844404933455
서울특별시 구로구 가리봉동 122-16,서울특별시 구로구 구로동로 12 (가리봉동),8384,뉴월드PC방,126.887351431548,37.4828432544018
서울특별시 구로구 오류동 54-9번지 지층,"서울특별시 구로구 경인로20길 9  (오류동,지층)",8271,PC존,126.843960173202,37.4954643260145
서울특별시 구로구 개봉동 175-18 4층,"서울특별시 구로구 경인로40길 23 (개봉동,4층)",8276,초콜릿PC존,126.859308716027,37.4957958905281
서울특별시 구로구 구로동 720-32번지 1층,"서울특별시 구로구 구로동로17길 11  (구로동,1층)",8318,한게임PC,126.883862694177,37.4882767382058
서울특별시 구로구 고척동 51-18,서울특별시 구로구 경인로47길 107 (고척동),8223,싸이버피시방,126.863627327303,37.5034021075538
서울특별시 구로구 오류동 81-97,서울특별시 구로구 경인로15길 23-4 (오류동),8255,인터넷제국,126.838923923053,37.495148611694
서울특별시 구로구 구로동 803-3 2층,"서울특별시 구로구 도림로 13 (구로동,2층)",8320,인터넷챔피온,126.886960814588,37.4859831646872
서울특별시 구로구 고척동 52-229번지 지하1층,"서울특별시 구로구 경인로47길 52, 지하1층 (고척동)",8222,잘란PC,126.865502692081,37.5014315069811
서울특별시 구로구 온수동 22-5번지 (지층),"서울특별시 구로구 부일로1길 26-13  (온수동,(지층))",8261,PC 게임나라,126.82079909404,37.4924584145444
서울특별시 구로구 개봉동 178-13번지 2층,"서울특별시 구로구 경인로40길 12  (개봉동,2층)",8277,메트로 PC방,126.859131313522,37.4962642022543
서울특별시 구로구 개봉동 175-8번지 3층 12호,"서울특별시 구로구 경인로40길 25  (개봉동,3층 12호)",8276,이한 PC Zone,126.859741653028,37.4954039270721
서울특별시 구로구 고척동 76-137번지 지층,"서울특별시 구로구 경인로47길 13 (고척동,지층)",8223,리그PC (고척스카이돔점),126.86676354913,37.5000325932362
서울특별시 구로구 오류동 55-50,"서울특별시 구로구 경인로 216, 5층 (오류동)",8271,4TEN PC(오류점),126.84486554294,37.4962152453948
서울특별시 구로구 구로동 1129-1번지 주호타워 지층,"서울특별시 구로구 시흥대로163길 33 (구로동, 주호타워)",8393,GRAY PC방,126.898099733933,37.48200020873
서울특별시 구로구 구로동 738-1,"서울특별시 구로구 구로동로18길 16, 1층 (구로동)",8319,OK PC방,126.885395643321,37.4880327106198
서울특별시 구로구 개봉동 60-72,서울특별시 구로구 고척로 90 (개봉동),8267,상어PC,126.844240681987,37.5006060140872
서울특별시 구로구 구로동 145-15,"서울특별시 구로구 도림로 83, 1층 (구로동)",8312,황금PC,126.892418210722,37.490295256222
서울특별시 구로구 구로동 413-1 설록빌딩 1층 102호,"서울특별시 구로구 가마산로12길 8-3, 설록빌딩 1층 102호 (구로동)",8309,세븐PC,126.882549304151,37.4924315153136
서울특별시 구로구 구로동 801-1,"서울특별시 구로구 도림로6길 2, 1층 (구로동)",8374,황제PC,126.887098312178,37.4856032510525
서울특별시 구로구 가리봉동 127-18,"서울특별시 구로구 남부순환로105길 62, 2층 (가리봉동)",8387,한중PC랜드,126.889267332044,37.4798308315731
서울특별시 구로구 가리봉동 127-11번지,서울특별시 구로구 남부순환로105길 52  (가리봉동),,인터넷PC게임방,,
서울특별시 구로구 고척동 52-346번지,서울특별시 구로구 중앙로 32  (고척동),,파워넷,126.863856941873,37.500768283874
서울특별시 구로구 개봉동 353-42번지,서울특별시 구로구 개봉로 128  (개봉동),,부팅,126.856801477891,37.4970766312713
서울특별시 구로구 가리봉동 121-39번지,서울특별시 구로구 구로동로 9  (가리봉동),,네오피시방,126.886949116632,37.4827159180702
서울특별시 구로구 구로동 797-46번지,서울특별시 구로구 디지털로27길 86  (구로동),,인터넷클럽,126.889450577063,37.4844514644275
서울특별시 구로구 구로동 798-61번지,서울특별시 구로구 디지털로27길 124  (구로동),,와와PC방,126.887409182642,37.4849692381334
서울특별시 구로구 가리봉동 135-10번지,서울특별시 구로구 디지털로 218  (가리봉동),,애플,126.890547038624,37.4796827268067
서울특별시 구로구 구로동 142-74번지 3층,"서울특별시 구로구 구로중앙로 12  (구로동,3층)",,킹콩PC방,126.892443589685,37.4914431623831
서울특별시 구로구 구로동 30-0번지,서울특별시 구로구 새말로16길 15  (구로동),,해커스랩,126.89063046851,37.5049692915538
서울특별시 구로구 개봉동 202-19번지,서울특별시 구로구 남부순환로97길 20-10  (개봉동),,매니아PC프라자,126.858574793409,37.4938836196633
"서울특별시 구로구 구로동 313-117번지 ,118 ","서울특별시 구로구 구로동로26길 122  (구로동,,118)",,무적게임방,126.89064659726,37.4897992470393
서울특별시 구로구 고척동 164-40번지,서울특별시 구로구 고척로 185  (고척동),,클릭PC방,126.853998854781,37.5045288389685
서울특별시 구로구 구로동 317-38번지,서울특별시 구로구 구로동로28길 86  (구로동),,바이러스,126.888764578321,37.4914087610896
서울특별시 구로구 가리봉동 124-1번지,서울특별시 구로구 구로동로 8  (가리봉동),,샘넷,126.887318909305,37.482440112266
서울특별시 금천구 독산동 991-7,"서울특별시 금천구 독산로 298, 1층 (독산동)",8554,짱PC,126.903467112788,37.4732378061678
서울특별시 금천구 가산동 151-50,"서울특별시 금천구 가산로 126, 2층 (가산동)",8529,고고pc방,126.892390322926,37.4767855134829
서울특별시 금천구 시흥동 889-8 비즈메드빌딩 201호,"서울특별시 금천구 시흥대로 214, 비즈메드빌딩 2층 201,202호 (시흥동)",8628,메타PC 금천본점,126.901712234507,37.4530428916984
서울특별시 금천구 독산동 200-10 건설오피스,"서울특별시 금천구 가산로 33, 건설오피스 1층 (독산동)",8576,188PC,126.899187218548,37.4711901107752
서울특별시 금천구 독산동 192-16,"서울특별시 금천구 독산로 248, 1층 (독산동)",8557,오뚝이PC,126.902586072395,37.468918991702
서울특별시 금천구 가산동 145-15 가산동빌딩,"서울특별시 금천구 남부순환로108길 27, 가산동빌딩 3층 (가산동)",8528,옥토끼 PC Cafe,126.891984062975,37.4776091156991
서울특별시 금천구 시흥동 837-51번지,"서울특별시 금천구 금하로 687, 2층층 (시흥동)",8573,스페이스pc,126.906557450598,37.4521462593488
서울특별시 금천구 독산동 960-9,"서울특별시 금천구 독산로 352, 1층 (독산동)",8547,노란쵸코PC,126.90395033831,37.4781432957275
서울특별시 금천구 독산동 179-10번지,"서울특별시 금천구 독산로 284, 1층 (독산동)",8555,로또PC,126.903355228717,37.4720694651831
서울특별시 금천구 가산동 219-5 가산테라타워,"서울특별시 금천구 디지털로10길 78, 가산테라타워 217-222호 (가산동)",8517,레벨업 PC 카페,126.889614189767,37.4745325914718
서울특별시 금천구 독산동 495-5 예일빌딩,"서울특별시 금천구 벚꽃로6길 21, 예일빌딩 지하1층 (독산동)",8607,쇼타임pc방 독산동점,126.893363811885,37.4608862641034
서울특별시 금천구 독산동 953 삼부 르네상스 플러스,"서울특별시 금천구 시흥대로152길 11-43, 삼부 르네상스 플러스 지하1층 B101호, B102호 (독산동)",8536,STAR PC,126.900571559567,37.4785459548905
서울특별시 금천구 시흥동 251-3 관악농협협동조합,"서울특별시 금천구 탑골로 2, 관악농협협동조합 지하1층 (시흥동)",8657,레벨업PC카페,126.910224929258,37.4507714528535
서울특별시 금천구 독산동 974-6,"서울특별시 금천구 독산로102길 1, 1층 (독산동)",8552,콩PC,126.903736720115,37.4758939323532
서울특별시 금천구 시흥동 909-24,"서울특별시 금천구 은행나무로 51, 1층 (시흥동)",8642,두꺼비PC,126.908090501302,37.4511560766684
서울특별시 금천구 시흥동 113-98,"서울특별시 금천구 시흥대로63길 50, 지층 (시흥동)",8613,골드PC랜드,126.896934280371,37.4554917386009
서울특별시 금천구 독산동 185-12번지 지상1층,"서울특별시 금천구 독산로74길 33, 1층 (독산동)",8557,생생PC방,126.904245146011,37.4686959961273
서울특별시 금천구 독산동 378-451번지 2층,"서울특별시 금천구 독산로 178 (독산동,2층)",,라이또pc방(독산점),126.904042456285,37.4631277638948
서울특별시 금천구 독산동 378-436번지 4층,"서울특별시 금천구 독산로 176, 4층층 (독산동)",8562,샹떼pc방독산점,126.904167121542,37.4629594660195
서울특별시 금천구 독산동 990-18번지 3층,"서울특별시 금천구 독산로 289  (독산동,3층)",,아이러브PC방,126.90301850154,37.4725624922826
서울특별시 금천구 독산동 1041-33 4층,"서울특별시 금천구 독산로64길 15, 4층 (독산동)",8559,기린PC방,126.903435360244,37.4652295989557
서울특별시 금천구 독산동 973-10 지상1층,"서울특별시 금천구 독산로 323-1, 지상1층 (독산동)",8541,킹pc,126.903311595103,37.4756654496389
서울특별시 금천구 시흥동 832-17 2층,"서울특별시 금천구 금하로23길 23 (시흥동,2층)",,노블pc방,126.90857823852,37.4523031744628
서울특별시 금천구 독산동 289-6번지 2층,"서울특별시 금천구 시흥대로123길 7 (독산동,2층)",,스위티PC방,126.897299140809,37.4701019566204
서울특별시 금천구 독산동 901-12 지하1층,"서울특별시 금천구 독산로108길 105 (독산동, 지하1층)",8548,열라빨라 피시방,126.909797902181,37.4803603321344
서울특별시 금천구 가산동 151-51 지하1층,"서울특별시 금천구 가산로 124 (가산동,지하1층)",,리버스PC방,126.892559343437,37.4766248371384
"서울특별시 금천구 시흥동 883-8번지 지상3층, 배피부비뇨과의원 ","서울특별시 금천구 시흥대로 226, 지상3층 (시흥동, 배피부비뇨과의원)",8628,PC방 GO,126.901200465907,37.4540886310241
서울특별시 금천구 시흥동 922-36번지 3층호,"서울특별시 금천구 독산로 24, 3층호 (시흥동)",,웹시티피시방,126.905662744358,37.4494040353082
서울특별시 금천구 시흥동 922-78번지,"서울특별시 금천구 독산로 28, 지상1층 (시흥동)",8643,콜PC,126.905938249671,37.4498723314104
"서울특별시 금천구 독산동 159-23 지하2층, 영진빌딩 ","서울특별시 금천구 시흥대로 426, 지하2층 (독산동, 영진빌딩)",8545,제닉스아레나pc,126.89877216735,37.4715689911066
서울특별시 금천구 시흥동 908-14번지 1층(전체금연),"서울특별시 금천구 독산로 50  (시흥동,1층(전체금연))",,ACE PC방,126.906195418645,37.4517233072838
서울특별시 금천구 가산동 235-61번지 3층,"서울특별시 금천구 가산로5길 65, 3층 (가산동)",8521,아이센스PC방(가산점),126.890951102537,37.473464244273
서울특별시 금천구 시흥동 901-29 지상1층,"서울특별시 금천구 금하로14길 46, 1층 (시흥동)",8630,신게임PC,126.904059356921,37.4514030844103
서울특별시 금천구 독산동 951-4 현경빌딩,"서울특별시 금천구 남부순환로 1372, 지하1층 (독산동)",8537,4TEN PC 독산점,126.903472790688,37.4794589203551
"서울특별시 금천구 시흥동 890-13 지하1층, 세진빌딩 ","서울특별시 금천구 시흥대로 196, 지하1층 (시흥동)",8629,위너스 피씨(winners pc),126.902238323181,37.4514037545389
서울특별시 금천구 시흥동 896-17,"서울특별시 금천구 독산로 47, 1층 (시흥동)",8630,은행피씨,126.905777534135,37.4515017761264
서울특별시 금천구 독산동 335-1,"서울특별시 금천구 가산로3길 93, 1층 (독산동)",8526,돼지PC,126.890327938174,37.4721729709167
서울특별시 금천구 시흥동 863-15번지,서울특별시 금천구 독산로47길 13  (시흥동),,메이드PC,126.903556804573,37.4621165237364
서울특별시 금천구 시흥동 852-55번지 지하1층호,"서울특별시 금천구 독산로 123,  지하1층호 (시흥동)",,블루,126.905070932986,37.4582258288751
서울특별시 금천구 시흥동 859-28번지 2층호,"서울특별시 금천구 독산로41길 10-4,  2층호 (시흥동)",,이네이처PC방(시흥점),126.904026552591,37.4600942249144
서울특별시 금천구 시흥동 837-38 2층,"서울특별시 금천구 독산로 56, 2층 (시흥동)",8573,제로백피씨방 은행나무사거리점,126.906234386931,37.4523751311113
서울특별시 금천구 독산동 179-7 지상1층,"서울특별시 금천구 독산로 280, 1층 (독산동)",8555,PC게임,126.903310316281,37.4716559549102
서울특별시 금천구 시흥동 941-1번지,서울특별시 금천구 시흥대로28길 15 (시흥동),,우리PC방,126.904621332671,37.4424552998283
서울특별시 금천구 독산동 1043-10번지 3층호,"서울특별시 금천구 독산로 191-1, 3층호 (독산동)",,뉴스피씨,126.902864594209,37.4641256627696
서울특별시 금천구 독산동 146-14 3층,"서울특별시 금천구 시흥대로 469 (독산동,3층)",,다크써클PC방,126.898165336518,37.475482276062
서울특별시 금천구 독산동 378-392번지 지하1층,"서울특별시 금천구 독산로 194, 지하1층 (독산동)",8562,PC마루,126.903193452311,37.4643593846438
서울특별시 금천구 가산동 142-9 지상1층,"서울특별시 금천구 남부순환로108길 20, 지상1층 (가산동)",8527,PC게임천국,126.892151762982,37.4781332056729
서울특별시 금천구 시흥동 984-23번지 지상1층,"서울특별시 금천구 시흥대로 89, 지상1층 (시흥동)",8639,놀이터,126.903113783108,37.4421750294665
서울특별시 금천구 시흥동 813-26 지상1층,"서울특별시 금천구 독산로 120, 지상1층 (시흥동)",8569,로얄PC,126.905509786318,37.4579794834347
서울특별시 금천구 시흥동 856-20,"서울특별시 금천구 독산로 141, 1층 (시흥동)",8622,황금PC,126.904696740832,37.4598872642435
서울특별시 금천구 독산동 991-2,서울특별시 금천구 독산로 302-1 (독산동),8554,럭키피시,126.903675704472,37.4735778373118
서울특별시 금천구 독산동 296-15,"서울특별시 금천구 가산로 57, 지층 (독산동)",8523,황금게임랜드,126.896560213006,37.4715465324496
서울특별시 금천구 독산동 991-11,서울특별시 금천구 독산로 294 (독산동),8554,백억PC,126.903455088918,37.4729178477264
서울특별시 금천구 독산동 959-23,"서울특별시 금천구 독산로 359, 1층 (독산동)",8537,봉PC,126.903649374668,37.4789411645269
서울특별시 금천구 독산동 152-8,"서울특별시 금천구 시흥대로 427, 지하층 (독산동)",8535,뉴스타PC방,126.897779055882,37.4716490468666
서울특별시 금천구 독산동 299-45 2층,"서울특별시 금천구 가산로3길 25, 2층 (독산동)",8524,놀토PC방,126.894218729672,37.4721508392802
서울특별시 금천구 가산동 142-9번지 1층,"서울특별시 금천구 남부순환로108길 20, 1층 (가산동)",8527,럭키PC방,126.892151762982,37.4781332056729
서울특별시 금천구 시흥동 911-14 2층,"서울특별시 금천구 금하로24길 9, 2층 (시흥동)",8644,베스트pc,126.908732505043,37.4505380285323
서울특별시 금천구 시흥동 987-12번지 지하1층,"서울특별시 금천구 시흥대로 167 (시흥동, 지하1층)",8636,레드PC방,126.902415519167,37.4488042970905
서울특별시 금천구 시흥동 912-20 에벤에셀프라자 401호,"서울특별시 금천구 금하로 720, 4층 401호 (시흥동, 에벤에셀프라자)",8644,세븐pc방,126.909481684032,37.4504425566682
서울특별시 금천구 시흥동 994-1,"서울특별시 금천구 시흥대로57길 46, 지하층 (시흥동)",8632,시흥PC,126.90012743209,37.4542721664236
서울특별시 금천구 시흥동 909-26,"서울특별시 금천구 은행나무로 49, 3층 (시흥동)",8642,승리PC방,126.907777895704,37.4510667229373
서울특별시 금천구 독산동 178-33,서울특별시 금천구 독산로 273-1 (독산동),8546,초롱PC,126.902873411767,37.4712897864772
서울특별시 금천구 시흥동 114-2,"서울특별시 금천구 시흥대로63길 33, 지하1층 (시흥동)",8615,와꾸대장PC,126.897759465115,37.4550712319781
서울특별시 금천구 시흥동 880-11번지,서울특별시 금천구 시흥대로62길 32  (시흥동),,매직스페이스,126.901940197765,37.4559829955093
서울특별시 영등포구 신길동 508번지 시원빌딩 제비103호,"서울특별시 영등포구 신풍로 113, 시원빌딩 제지층 제비103호 (신길동)",7392,미스테리PC,126.918867891098,37.5001399657337
서울특별시 영등포구 영등포동3가 20-6,"서울특별시 영등포구 영등포로42길 21-2, 2층 (영등포동3가)",7304,바다PC,126.906903161752,37.5174876421571
서울특별시 영등포구 영등포동3가 3-6번지,"서울특별시 영등포구 영등포로 252, 1층 (영등포동3가)",7303,붕붕 PC,126.909277207581,37.5188222532332
서울특별시 영등포구 대림동 1068-3 2층,"서울특별시 영등포구 디지털로37길 26 (대림동,2층)",,중한 PC방,126.898190044342,37.4908516072911
서울특별시 영등포구 문래동4가 9-2 지하1층,"서울특별시 영등포구 선유로 32 (문래동4가, 지하1층)",7288,제로100PC 문래점,126.888857838001,37.5167571845721
서울특별시 영등포구 신길동 4327 익녕빌딩 101호,"서울특별시 영등포구 여의대방로 89, 지층 101호 (신길동, 익녕빌딩)",7433,3POP,126.916569895364,37.4973037099433
서울특별시 영등포구 신길동 466-13 지하1층,"서울특별시 영등포구 영등포로84길 16 (신길동,지하1층)",,제로100PC,126.921715255546,37.5118475635779
서울특별시 영등포구 영등포동3가 11-5 2층호,"서울특별시 영등포구 경인로 865, 2층 (영등포동3가)",7304,역전PC,126.908708552297,37.5173457918599
서울특별시 영등포구 도림동 265-4번지,"서울특별시 영등포구 도영로 20, 2층 (도림동, 인수빌딩)",7375,맥스피드 PC,126.895706906665,37.5081663225208
서울특별시 영등포구 대림동 727-4번지 2층,"서울특별시 영등포구 대림로29길 22, 2층 (대림동)",7414,넘버원PC,126.897062767595,37.4951538390271
서울특별시 영등포구 대림동 1050-28,서울특별시 영등포구 도림로 132 (대림동),7416,라이온PC,126.896985908203,37.4927396147597
서울특별시 영등포구 영등포동3가 10-3,서울특별시 영등포구 경인로 857 (영등포동3가),7304,PC 카페,126.90781802619,37.5170420928318
서울특별시 영등포구 영등포동5가 28번지 2층호,"서울특별시 영등포구 영등포로37길 8, 2층 (영등포동5가)",7250,행운PC,126.905548063729,37.5208730756996
서울특별시 영등포구 영등포동3가 4-7 1층호,"서울특별시 영등포구 영등포로46길 4, 1층 (영등포동3가)",7302,잭팟PC,126.907650487331,37.5189819116591
서울특별시 영등포구 대림동 1052-45,"서울특별시 영등포구 도림로31길 2, 3층 (대림동)",7415,로라PC게임랜드,126.895922332338,37.4925465879116
서울특별시 영등포구 영등포동3가 4 2층동 내제2호,"서울특별시 영등포구 영등포로 232, 2층 내제2호 (영등포동3가)",7302,태평양,126.907070932403,37.5192960873037
서울특별시 영등포구 영등포동6가 6-6 2층호,"서울특별시 영등포구 영등포로 201, 2층 (영등포동6가)",7251,노리터PC,126.903954431027,37.5203302879383
서울특별시 영등포구 영등포동3가 8 남서울빌딩,"서울특별시 영등포구 영중로 22, 남서울빌딩 지하1층 (영등포동3가)",7302,스타PC,126.905950555009,37.5183443720949
서울특별시 영등포구 문래동3가 84-7번지 2층호,"서울특별시 영등포구 문래북로 52, 2층 (문래동3가)",7294,제너스PC 문래점,126.890835544798,37.5207126294149
서울특별시 영등포구 영등포동5가 6,서울특별시 영등포구 영등포로 233 (영등포동5가),7250,엘린PC,126.907432813074,37.5197426381772
서울특별시 영등포구 영등포동3가 4-3,"서울특별시 영등포구 영등포로 234-1, 1층 (영등포동3가)",7302,왕PC,126.907379504684,37.5192171315296
서울특별시 영등포구 대림동 1078-1 에덴빌딩,"서울특별시 영등포구 디지털로 362-1, 에덴빌딩 1층 (대림동)",7447,청도PC,126.900492066041,37.489724696651
서울특별시 영등포구 영등포동2가 332-2번지 2층호,"서울특별시 영등포구 영등포로 251, 2층 (영등포동2가)",7252,대박PC,126.909359491863,37.5192505630959
서울특별시 영등포구 대림동 1082-19,서울특별시 영등포구 디지털로 344-1 (대림동),7448,대왕PC,126.899139073454,37.4885087210212
서울특별시 영등포구 영등포동4가 151-18,서울특별시 영등포구 영등포로 182-1 (영등포동4가),7301,영광PC,126.901555895931,37.5201933429327
서울특별시 영등포구 영등포동3가 3-4 대흥빌딩,"서울특별시 영등포구 영등포로 248, 대흥빌딩 105 ~ 107호 (영등포동3가)",7303,매직PC랜드,126.908762583452,37.5188636633622
서울특별시 영등포구 대림동 1082-1 현암빌딩,"서울특별시 영등포구 디지털로 349, 현암빌딩 108호 (대림동)",7421,인형뽑기PC,126.899272688257,37.4890412403315
서울특별시 영등포구 영등포동3가 6-1 지하층호,"서울특별시 영등포구 영등포로 218-1, 지하층 (영등포동3가)",7302,신선PC,126.905743586952,37.5195743463824
서울특별시 영등포구 영등포동2가 328-11 B01호,"서울특별시 영등포구 영등포로 247, B01호 (영등포동2가)",7252,THE1975,126.909029174535,37.5194459168674
서울특별시 영등포구 영등포동3가 17-3 더-위일,"서울특별시 영등포구 영중로8길 15, 더-위일 101호 (영등포동3가)",7302,중앙PC,126.907317209122,37.5184589787907
서울특별시 영등포구 영등포동3가 16,"서울특별시 영등포구 영중로10길 16, 3층 (영등포동3가)",7302,월드PC클럽,126.90696016472,37.5188602750991
서울특별시 영등포구 대림동 1082-1 현암빌딩,"서울특별시 영등포구 디지털로 349, 현암빌딩 3층 301호 (대림동)",7421,팡팡PC,126.899272688257,37.4890412403315
서울특별시 영등포구 영등포동3가 4-5,"서울특별시 영등포구 영등포로 236-1, 2층 (영등포동3가)",7302,포인트PC,126.907594044857,37.5191625185967
서울특별시 영등포구 영등포동3가 8-1 성남빌딩,"서울특별시 영등포구 영중로8길 6, 성남빌딩 101호 (영등포동3가)",7302,골드PC,126.906179481554,37.5183625742201
서울특별시 영등포구 대림동 1032-7,서울특별시 영등포구 디지털로56길 1 (대림동),7443,Ace PC,126.901883401353,37.4909665473165
서울특별시 영등포구 대림동 1082-13 2020,"서울특별시 영등포구 디지털로 343, 2020 106호 (대림동)",7420,한림PC,,
서울특별시 영등포구 신길동 3573 남서울아파트,"서울특별시 영등포구 신길로 108, 12동 102-다호 (신길동, 남서울아파트)",7393,리틀세븐PC,126.912436125445,37.502181737466
서울특별시 영등포구 대림동 1082-1 현암빌딩,"서울특별시 영등포구 디지털로 349, 현암빌딩 1층 (대림동)",7421,카지노PC,126.899272688257,37.4890412403315
서울특별시 영등포구 영등포동3가 4-4,"서울특별시 영등포구 영등포로 236, 2층 (영등포동3가)",7302,라이브PC,126.907484742683,37.5191865799098
서울특별시 영등포구 신길동 363-5번지 지하1층,"서울특별시 영등포구 도림로 322, 지하1층 (신길동)",7382,도깨비PC cafe 도림사거리점,126.901914175609,37.5063427806294
서울특별시 영등포구 영등포동3가 19-9 2층호,"서울특별시 영등포구 영등포로42길 19, 2층 (영등포동3가)",7304,스카이PC,126.906788963523,37.5178120934134
서울특별시 영등포구 영등포동3가 7-25 델리타운,"서울특별시 영등포구 영중로10길 6, 델리타운 108호 (영등포동3가)",7302,아자PC게임랜드,126.906180000922,37.5190319297254
서울특별시 영등포구 영등포동3가 5,"서울특별시 영등포구 영등포로 222, 1층 (영등포동3가)",7302,맥스PC,126.906111562056,37.519485169884
서울특별시 영등포구 영등포동3가 4-3,"서울특별시 영등포구 영등포로 234-1, 2층 (영등포동3가)",7302,연PC,126.907379504684,37.5192171315296
서울특별시 영등포구 영등포동3가 5-4 대륙빌딩 1층호,"서울특별시 영등포구 영등포로 224, 대륙빌딩 1층 (영등포동3가)",7302,애플PC,126.906257217053,37.5194285223987
서울특별시 영등포구 대림동 862-3 정성빌딩,"서울특별시 영등포구 디지털로 392, 정성빌딩 1층 (대림동)",7438,정PC,126.902761155076,37.4916195120765
서울특별시 영등포구 영등포동3가 6-1 제3호,"서울특별시 영등포구 영등포로 218-1, 제3호 (영등포동3가)",7302,골프PC,126.905743586952,37.5195743463824
서울특별시 영등포구 영등포동3가 3-4 대흥빌딩,"서울특별시 영등포구 영등포로 248, 대흥빌딩 1층 106호 (영등포동3가)",7303,쩡PC,126.908762583452,37.5188636633622
서울특별시 영등포구 영등포동3가 6-18,"서울특별시 영등포구 영중로 36, 1층 (영등포동3가)",7302,라이브PC,126.905377660265,37.5194739523818
서울특별시 영등포구 영등포동3가 4-1 여의도 포레스트 시티,"서울특별시 영등포구 영등포로 234, 여의도 포레스트 시티 1층 105호 (영등포동3가)",7302,승리PC,126.907271039064,37.5191135211918
"서울특별시 영등포구 영등포동3가 5-74 1 ,2층호","서울특별시 영등포구 영등포로 222, 1, 2층 (영등포동3가)",7302,짱PC,,
서울특별시 영등포구 영등포동5가 2 성일빌딩 2층호,"서울특별시 영등포구 영등포로 237-1, 성일빌딩 2층 (영등포동5가)",7250,시장PC,126.907892120104,37.5196161360604
서울특별시 영등포구 신길동 252-1,"서울특별시 영등포구 신길로 145, 3층 (신길동)",7395,사러가 PC CAFE,126.910395805911,37.5052191180452
서울특별시 영등포구 도림동 246-20,"서울특별시 영등포구 도림로 331, 2층 (도림동)",7374,NEOX PC 도림사거리점,126.900864114112,37.5069785540028
서울특별시 영등포구 양평동4가 68-1,"서울특별시 영등포구 양평로 99, 지층 (양평동4가)",7208,긱스타PC,126.89607164408,37.5364773083686
서울특별시 영등포구 당산동1가 306 2층,"서울특별시 영등포구 양산로 128, 2층 (당산동1가)",7265,ZERO100 PC,126.897200709329,37.5237859836516
서울특별시 영등포구 영등포동3가 7-25번지 델리타운 107호,"서울특별시 영등포구 영중로10길 6, 델리타운 107호 (영등포동3가)",7302,노라PC,126.906180000922,37.5190319297254
서울특별시 영등포구 양평동4가 98-3번지 2층,"서울특별시 영등포구 양평로 113, 2층 (양평동4가)",7208,MIGHTY PC Cafe,126.894768844543,37.5372391215258
서울특별시 영등포구 영등포동3가 8 남서울빌딩 3층호,"서울특별시 영등포구 영중로 22, 남서울빌딩 3층 (영등포동3가)",7302,레벨업PC CAFE,126.905950555009,37.5183443720949
서울특별시 영등포구 영등포동5가 18-1,"서울특별시 영등포구 영등포로 225, 24호 (영등포동5가)",7250,콩지pc,126.906654670129,37.5199200639101
서울특별시 영등포구 신길동 424-3번지 지하1층,"서울특별시 영등포구 신풍로 23, 지하1층 (신길동)",7398,제노피시방(신풍점),126.908363715093,37.5003710511097
서울특별시 영등포구 대림동 1031-1 동보빌딩 3층 302호,"서울특별시 영등포구 디지털로54길 3, 동보빌딩 3층 302호 (대림동)",7443,모모PC,126.901704902363,37.4904985059027
서울특별시 영등포구 영등포동8가 76-1번지 영등포삼환아파트 상가동 지하103호,"서울특별시 영등포구 영중로 145, 상가동 지하층 103호 (영등포동8가, 영등포삼환아파트)",7227,앤탑 PC방,126.905079994793,37.5299598453919
서울특별시 영등포구 영등포동8가 76-1번지 영등포삼환아파트 B101호,"서울특별시 영등포구 영중로 145, B010호 (영등포동8가, 영등포삼환아파트)",7227,3POP(쓰리팝)PC방,126.905079994793,37.5299598453919
서울특별시 영등포구 영등포동5가 6-2번지 1층,"서울특별시 영등포구 영등포로 235, 1층 (영등포동5가)",7250,올스타즈 PC방,126.907622887825,37.5196231338181
서울특별시 영등포구 대림동 1050-13 상도빌딩,"서울특별시 영등포구 도림로 129, 상도빌딩 지하1층 (대림동)",7415,태양성PC방(太陽城),126.896550474113,37.4929625938697
서울특별시 영등포구 영등포동 618-195 (3층),"서울특별시 영등포구 영신로19길 1 (영등포동,(3층))",,SKY PC,126.907525588394,37.5145951895027
서울특별시 영등포구 대림동 717 대림동 쌍용 플래티넘-S B201호,"서울특별시 영등포구 대림로29길 13, 지하2층 B201호 (대림동, 대림동 쌍용 플래티넘-S)",7413,브라더 PC,126.898058257377,37.4953006652838
서울특별시 영등포구 당산동3가 228-23 지하1층,"서울특별시 영등포구 당산로 132, 지층 (당산동3가)",7257,GEEK STAR PC CAFE,126.897005507687,37.5262984376337
서울특별시 영등포구 대림동 1068-10번지 2층(대림동),"서울특별시 영등포구 디지털로37길 20, 2층 (대림동)",7419,당인가PC4호점,126.898341411466,37.4903815019833
서울특별시 영등포구 대림동 1058-5 대덕빌딩,"서울특별시 영등포구 디지털로37길 29, 대덕빌딩 4층 3호 (대림동)",7420,공팔공칠PC,126.897707090837,37.4913541322857
서울특별시 영등포구 신길동 160-38번지 3층,"서울특별시 영등포구 도신로 208, 3층 (신길동)",7348,ZOOM PC방,126.914471892191,37.5113180664152
서울특별시 영등포구 대림동 924-3번지,"서울특별시 영등포구 디지털로 427, 2층 (대림동)",7428,샹떼 PC방,126.905098921176,37.4942901053653
서울특별시 영등포구 대림동 714-1번지 대화빌딩 2층,"서울특별시 영등포구 대림로29길 19, 대화빌딩 2층 (대림동)",7415,해피로 PC 대림점,126.897380928039,37.4951099665035
서울특별시 영등포구 영등포동3가 25번지 신효빌딩,"서울특별시 영등포구 영등포로46길 7, 4층 (영등포동3가, 신효빌딩)",7304,버럭PC까페,126.907894167886,37.5185023178629
서울특별시 영등포구 도림동 32-11번지 진우빌딩 2층,"서울특별시 영등포구 신길로 215, 진우빌딩 2층 (도림동)",7367,파우(POW) PC,126.909748053975,37.5113609532519
서울특별시 영등포구 당산동3가 80-1 리앤나빌리지,"서울특별시 영등포구 국회대로36길 17, 리앤나빌리지 B103호 (당산동3가)",7257,곰PC,126.898359325917,37.5257144999376
서울특별시 영등포구 영등포동3가 15-2 3층,"서울특별시 영등포구 영중로10길 28, 3층 (영등포동3가)",7304,대박PC,126.908298860011,37.5186293137741
서울특별시 영등포구 대림동 608-1 현대3차아파트 지층 1호,"서울특별시 영등포구 도신로 35, 현대3차아파트 지층 1호 (대림동)",7376,apple PC cafe,126.89677822891,37.5049474330047
서울특별시 영등포구 양평동3가 23-4 지하1층,"서울특별시 영등포구 선유서로 117 (양평동3가,지하1층)",,피씨마루(PC MARU),126.886112724011,37.5261628364547
서울특별시 영등포구 여의도동 53 우정빌딩 지하1층 4호,"서울특별시 영등포구 여의대방로 394, 지하1층 4호 (여의도동, 우정빌딩)",7343,ASUS PC,126.932765535417,37.5193909949479
서울특별시 영등포구 영등포동3가 19-8,"서울특별시 영등포구 영등포로42길 19-1, 2층 (영등포동3가)",7304,에이스PC,126.906800800348,37.5177536276532
서울특별시 영등포구 대림동 809 3층,"서울특별시 영등포구 대림로29길 41, 3층 (대림동)",7415,당인가 pc,126.895547224791,37.4939461510739
서울특별시 영등포구 영등포동7가 29-105 지하1층,"서울특별시 영등포구 버드나루로7길 16 (영등포동7가,지하1층)",,메타PC 영등포본점,126.909196416053,37.5227636272462
서울특별시 영등포구 대림동 1057-59번지 3층호,"서울특별시 영등포구 도림로38길 12, 3층 (대림동)",7416,17 PC CLUB,126.897632133073,37.4920081984576
서울특별시 영등포구 영등포동3가 12-13 2층,"서울특별시 영등포구 경인로 871, 2층 (영등포동3가)",7303,겜노리PC,126.909432079999,37.5175940346352
서울특별시 영등포구 영등포동3가 6-20,"서울특별시 영등포구 영등포로 220, 1층 (영등포동3가)",7302,고래PC,126.905889734329,37.5195763550279
서울특별시 영등포구 영등포동3가 6-1 5호,"서울특별시 영등포구 영등포로 218-1, 1층 5호 (영등포동3가)",7302,로얄 PC,126.905743586952,37.5195743463824
서울특별시 영등포구 대림동 1028-5번지 2층,"서울특별시 영등포구 디지털로54길 4-2, 2층 (대림동)",7446,동보PC,126.901501831886,37.4904027399056
서울특별시 영등포구 영등포동3가 3-4 대흥빌딩 401호,"서울특별시 영등포구 영등포로 248, 대흥빌딩 401호 (영등포동3가)",7303,송천PC,126.908762583452,37.5188636633622
서울특별시 영등포구 영등포동3가 3-4 대흥빌딩 402호,"서울특별시 영등포구 영등포로 248, 대흥빌딩 402호 (영등포동3가)",7303,송천2PC,126.908762583452,37.5188636633622
서울특별시 영등포구 영등포동3가 6-19,"서울특별시 영등포구 영등포로 220, 1층 (영등포동3가)",7302,런던PC,126.905889734329,37.5195763550279
서울특별시 영등포구 영등포동3가 5-4 대륙빌딩,"서울특별시 영등포구 영등포로 224, 대륙빌딩 (영등포동3가)",7302,도그PC,126.906257217053,37.5194285223987
서울특별시 영등포구 영등포동3가 27,"서울특별시 영등포구 영중로8길 22, 여의시티파크 B동 1층 101호 (영등포동3가)",7304,거봉PC방,126.908063084407,37.5181073596394
서울특별시 영등포구 영등포동4가 151-22,서울특별시 영등포구 영등포로 180-1 (영등포동4가),7301,미녀PC,126.901518198221,37.5202152058714
서울특별시 영등포구 대림동 1032-18,"서울특별시 영등포구 디지털로 379, 1층 (대림동)",7418,마라공장PC,126.90154510272,37.4910339315147
서울특별시 영등포구 영등포동3가 4-1 여의도 포레스트 시티,"서울특별시 영등포구 영등포로 234, 여의도 포레스트 시티 1동 1층 106호 (영등포동3가)",7302,신고래PC,126.907271039064,37.5191135211918
서울특별시 영등포구 영등포동6가 81,"서울특별시 영등포구 영등포로 185, 1층 (영등포동6가)",7251,조광P.C,126.902116792006,37.5205904304753
서울특별시 영등포구 신길동 4933 신길우성5차아파트,"서울특별시 영등포구 도신로 100, 상가동 지하1층 (신길동, 신길우성5차아파트)",7382,원투쓰리 PC CAFE,126.90308671235,37.5067509124905
서울특별시 영등포구 대림동 911-26번지,서울특별시 영등포구 디지털로 450  (대림동),,@세대 인터넷PC클럽,126.906995144642,37.4955008543369
서울특별시 동작구 사당동 265-59,서울특별시 동작구 사당로 230-1 (사당동),7010,Zero100PC방 남성역점,126.973243297085,37.4833057767884
서울특별시 동작구 신대방동 344-15번지,"서울특별시 동작구 보라매로 91, 2층 (신대방동)",7060,NEOX PC,126.927667322196,37.4975333042265
서울특별시 동작구 흑석동 182-5 중앙타워빌,"서울특별시 동작구 흑석로 112, 중앙타워빌 지하1층 (흑석동)",6972,레벨업PC방 흑석점,126.961636282395,37.5083731799022
서울특별시 동작구 상도동 358-20번지 드림팰리스-2,"서울특별시 동작구 상도로15길 72, 101호 (상도동, 드림팰리스-2)",6950,홈런PC,126.935216389442,37.5035322576258
서울특별시 동작구 흑석동 183-1,"서울특별시 동작구 흑석로 110, 지층 (흑석동)",6972,슈프림 PC cafe 2,126.961423329898,37.5081164142775
서울특별시 동작구 노량진동 330 삼익주상복합아파트,"서울특별시 동작구 만양로 84, 지층 (노량진동, 삼익주상복합아파트)",6914,루나틱하이PC방 노량진3호점,126.945225673807,37.5113671453073
서울특별시 동작구 사당동 1044-4번지 정석빌딩,"서울특별시 동작구 남부순환로 2067, 정석빌딩 3층 (사당동)",7025,아이센스리그PC방 사당점,126.97856389888,37.4769214100582
서울특별시 동작구 신대방동 694-4,서울특별시 동작구 대림로 39-1 (신대방동),7073,타짜 PC,126.908710576293,37.4873529432175
서울특별시 동작구 상도동 316-6번지,서울특별시 동작구 성대로2길 1-1 (상도동),7042,상도PC,126.932250374177,37.4997636691144
서울특별시 동작구 사당동 1040-11,서울특별시 동작구 동작대로3길 29 (사당동),7025,돼지PC,126.979691780913,37.478418816822
서울특별시 동작구 상도동 320-21 성대시장,"서울특별시 동작구 상도로 102, 성대시장 지하1층 (상도동)",7041,제로100PC 신대방삼거리점,126.931776254273,37.4999426964441
서울특별시 동작구 상도동 324-72 대룡빌딩,"서울특별시 동작구 국사봉1길 11, 대룡빌딩 지하1층 (상도동)",7041,망고 PC,126.929243360392,37.4990136207961
서울특별시 동작구 상도동 505,"서울특별시 동작구 사당로 30, 지하1층 (상도동)",7027,에이플 PC CAFE,126.957611682315,37.4949163636825
서울특별시 동작구 신대방동 395-69 보라매아카데미타워,"서울특별시 동작구 보라매로5가길 16, 지하2층 201호 (신대방동, 보라매아카데미타워)",7071,피에스타PC방 보라매점,126.924094714271,37.4912751024086
서울특별시 동작구 사당동 318-13번지 3층,"서울특별시 동작구 사당로16길 7  (사당동,3층)",,시즌아이 PC방,126.973850815896,37.4829138839281
서울특별시 동작구 상도동 501번지 2층,"서울특별시 동작구 사당로 10  (상도동,2층)",,떴다 PC방,126.955437668044,37.4953202958926
서울특별시 동작구 상도동 304-6번지 지상2층,"서울특별시 동작구 국사봉5길 1  (상도동,지상2층)",,제우스 PC방,126.930333780857,37.4977695288126
서울특별시 동작구 상도동 490번지 지상2층,"서울특별시 동작구 상도로62길 45  (상도동,지상2층)",,매직월드 PC방,126.95300945859,37.4962031524693
"서울특별시 동작구 본동 165-5번지 외 2필지(211-3, 211-4) 3층 ",,,인터파크 PC방,,
서울특별시 동작구 사당동 147-81번지,"서울특별시 동작구 동작대로27가길 44, 5층 (사당동)",7008,3POP PC카페(이수역점),126.98081473562,37.4856557274483
서울특별시 동작구 상도동 324-72번지 지층,"서울특별시 동작구 국사봉1길 11, 지층 (상도동, 대룡빌딩)",7041,망고PC,126.929243360392,37.4990136207961
서울특별시 동작구 신대방동 607-5번지 지하1층,"서울특별시 동작구 시흥대로 658 (신대방동,지하1층)",,멜론PC방,126.908076731256,37.4903749716012
서울특별시 동작구 상도동 261-35번지 2층,"서울특별시 동작구 성대로 80  (상도동,2층)",,배틀짱PC방,126.934976916217,37.4975922447346
서울특별시 동작구 상도동 503번지 지층,"서울특별시 동작구 상도로63길 15 (상도동,지층)",,더블유PC방,126.956319389288,37.4947093821664
서울특별시 동작구 흑석동 189-7번지 1층,"서울특별시 동작구 흑석로13가길 33 (흑석동,1층)",,주식회사 명택,126.960004298309,37.5077968064111
서울특별시 동작구 상도동 413,"서울특별시 동작구 양녕로26길 27, 3층 1호 (상도동, 삼익아파트)",7037,제로백 PC 상도점,126.944257806099,37.4973902075154
서울특별시 동작구 노량진동 95번지 2층,"서울특별시 동작구 노량진로16길 16 (노량진동,2층)",,루나틱하이 PC,126.943485898065,37.5128243306674
서울특별시 동작구 상도동 322-15번지 2층,"서울특별시 동작구 국사봉1길 24  (상도동,2층)",,캡틴잭의모험PC방,126.929813809564,37.4988578167321
서울특별시 동작구 상도동 505번지 2층,"서울특별시 동작구 사당로 30  (상도동,2층)",,enter pc방,126.957611682315,37.4949163636825
서울특별시 동작구 신대방동 361-57번지 지하1층,"서울특별시 동작구 여의대방로22길 80  (신대방동,지하1층)",,로하스PC방 신대방2호점,126.924490881768,37.4977293578132
서울특별시 동작구 상도동 324-2번지 지상3층,"서울특별시 동작구 상도로 88  (상도동,지상3층)",,존앤존PC방 (신대방삼거리역점),126.930559045616,37.4996046505724
서울특별시 동작구 흑석동 190-4번지,서울특별시 동작구 흑석로9길 4 (흑석동),6910,헬로PC방,126.959981630398,37.5076741719689
서울특별시 동작구 상도동 250-6번지 3층,"서울특별시 동작구 성대로 23 (상도동,3층)",,메인PC방,126.932946211731,37.4996378351879
"서울특별시 동작구 신대방동 708번지 해태보라매 2층 44호, 45호 ","서울특별시 동작구 보라매로3길 29  (신대방동,해태보라매 2층 44호, 45호)",,수피아PC방,126.924990343437,37.4912113425285
서울특별시 동작구 노량진동 116-2번지,"서울특별시 동작구 만양로 105, 지층 (노량진동, 한성빌딩)",6922,포포PC방 노량진점,126.944007081257,37.5128549427149
서울특별시 동작구 신대방동 344-15번지,"서울특별시 동작구 보라매로 91, 2층 (신대방동)",7060,시즌아이PC방 신대방점,126.927667322196,37.4975333042265
서울특별시 동작구 흑석동 183-1번지,서울특별시 동작구 흑석로 110 (흑석동),6972,몬스터PC방 3호점,126.961423329898,37.5081164142775
서울특별시 동작구 사당동 150-3번지 지상3층,"서울특별시 동작구 사당로 285  (사당동,지상3층)",,Camp PC방,126.979182539226,37.4846491148735
서울특별시 동작구 상도동 20-11번지 지상1층,"서울특별시 동작구 만양로 10  (상도동,지상1층)",,하이넷 PC방,126.947140586127,37.5055716741287
"서울특별시 동작구 노량진동 39-8번지 지상1,2층 ","서울특별시 동작구 노량진로12길 13  (노량진동,지상1,2층)",,풀하우스 PC,126.93841346308,37.5126269076646
서울특별시 동작구 상도동 708-1번지 3층,,,애플 PC방,,
서울특별시 동작구 신대방동 685-2번지,"서울특별시 동작구 신대방3길 91, 1층 (신대방동)",7069,파이터PC방,126.906974343488,37.48874896166
서울특별시 동작구 상도동 505-7번지,서울특별시 동작구 상도로67길 32 (상도동),7027,긱스타 숭실2호점,126.956654524108,37.4949727798048
서울특별시 동작구 사당동 91-129번지 지층,서울특별시 동작구 동작대로29나길 15 (사당동),6997,아이닉스 PC방,126.980407335775,37.4887471093766
서울특별시 동작구 노량진동 270번지 지층,서울특별시 동작구 등용로14길 66 (노량진동),6931,에버피씨,126.93515919634,37.5122551237078
서울특별시 동작구 노량진동 97-1번지 3층,"서울특별시 동작구 노량진로16길 14  (노량진동,3층)",,매니아존 PC방,126.943619710576,37.5129685552608
서울특별시 동작구 사당동 267-26 2층,"서울특별시 동작구 사당로16가길 9 (사당동,2층)",,포그네 PC방,126.972789971529,37.4828205701797
서울특별시 동작구 노량진동 125-14번지 2층,"서울특별시 동작구 만양로14가길 18  (노량진동,2층)",,아지트피씨존,126.94515908462,37.5124073237593
서울특별시 동작구 노량진동 222-17번지 지하1층,"서울특별시 동작구 만양로8길 63  (노량진동,지하1층)",,와우PC존,126.9458007938,37.5103107126825
서울특별시 동작구 노량진동 124-1번지 지하1층,"서울특별시 동작구 만양로14길 37  (노량진동,지하1층)",,와우PC방,126.946108052539,37.5122652216841
서울특별시 동작구 상도동 494번지 외 2필지 지상3층,"서울특별시 동작구 상도로 372  (상도동,외 2필지 지상3층)",,인터파크 수 PC방,126.9540168575,37.4953876873201
서울특별시 동작구 노량진동 123-44번지 지하1층,"서울특별시 동작구 만양로8길 68  (노량진동,지하1층)",,준 PC방,126.945805667761,37.5104527132174
서울특별시 동작구 노량진동 119-144번지 지상2층,"서울특별시 동작구 만양로 90-1  (노량진동,지상2층)",,게이트 PC방,126.944501000368,37.5115178153565
서울특별시 동작구 노량진동 330번지 삼익주상복합 지하1층 4호,"서울특별시 동작구 만양로 84  (노량진동,삼익주상복합 지하1층 4호)",,인터쿨 PC방,126.945225673807,37.5113671453073
서울특별시 동작구 상도동 328-12번지 지상3층,,,매니악스 PC방,,
서울특별시 동작구 노량진동 148-88번지 지하1층,"서울특별시 동작구 노량진로 178, 지하1층 (노량진동)",6913,피에스타PC방 노량진본점,126.945695397962,37.5134079563364
서울특별시 동작구 사당동 249-87번지 1층,"서울특별시 동작구 사당로 202, 1층 (사당동)",7009,남성PC,126.970534752558,37.4846753861519
서울특별시 동작구 대방동 412-20 골든퍼스트,"서울특별시 동작구 여의대방로24길 65, 골든퍼스트 3층 (대방동)",7055,아이센스 PC방,126.923918172165,37.4985502575167
서울특별시 동작구 노량진동 266-23,서울특별시 동작구 등용로14길 71 (노량진동),6927,피씨앤푸드 노량진점,126.935396215873,37.5125814170562
서울특별시 동작구 사당동 316-1번지 지층,"서울특별시 동작구 사당로16길 27  (사당동,지층)",,씨월드 피시,126.973130969148,37.4821962491378
서울특별시 동작구 노량진동 31-18번지 지하1층,"서울특별시 동작구 노량진로8길 21  (노량진동,지하1층)",,싸이월드넷 PC방,126.9366435051,37.512800676241
서울특별시 동작구 노량진동 261-4번지 지층,서울특별시 동작구 노량진로8길 지하 20 (노량진동),156-050,유니넷 PC ZONE,,
서울특별시 동작구 사당동 254-6번지 3층,서울특별시 동작구 사당로 216 (사당동),7010,샵 PC방,126.972029606384,37.4840649558424
서울특별시 동작구 신대방동 692-6번지 1층,"서울특별시 동작구 신대방3길 25, 1층 (신대방동)",7070,번개 PC방,126.910352130654,37.4875450336519
서울특별시 동작구 신대방동 602-15,"서울특별시 동작구 신대방길 88, 2층 (신대방동)",7068,멜론 ASSEMBLE PC,126.909650623594,37.4897174592335
서울특별시 동작구 대방동 335-25 보광빌딩,"서울특별시 동작구 상도로 73, 보광빌딩 지층 (대방동)",6953,어셈블,126.928915695415,37.4999001041175
서울특별시 동작구 상도동 347-10번지,"서울특별시 동작구 상도로 114, 2층 (상도동)",6959,장동민의 옹PC,126.933067057266,37.5009570664864
서울특별시 동작구 신대방동 607-28번지 2호,"서울특별시 동작구 시흥대로 646, 2층 2호 (신대방동)",7069,시즌아이PC방(신대방본점),126.907213384594,37.4893843599148
서울특별시 동작구 상도1동 635-1번지,"서울특별시 동작구 양녕로 280-1, 지하1층 (상도1동)",6968,e-sports center 상도동점,126.950123964573,37.5042628196748
서울특별시 동작구 흑석동 183-5,서울특별시 동작구 흑석로 105 (흑석동),6910,몬스터PC방 1호점,126.960938746172,37.5080056116351
서울특별시 동작구 사당동 1046-8번지,서울특별시 동작구 남부순환로 2055 (사당동),7024,굿센스 PC방,126.977094087349,37.4768743718646
서울특별시 동작구 노량진동 117-24번지,"서울특별시 동작구 만양로 104, 2층 (노량진동, 한서고시원)",6913,비원PC,126.944489643789,37.5128015607415
서울특별시 동작구 상도동 463-2번지,"서울특별시 동작구 상도로47길 4 (상도동, 이화빌딩)",6971,이스포츠센터-중앙대점,126.951448103234,37.4995313792265
서울특별시 동작구 상도동 322-19 성대빌딩,"서울특별시 동작구 국사봉1길 32, 성대빌딩 6층 (상도동)",7042,호야PC월드 본점,126.930349426426,37.4988226340989
서울특별시 동작구 대방동 23번지 삼하빌딩,"서울특별시 동작구 등용로 124, 지하1층 (대방동)",6932,엔큐브 대방점,126.932178750257,37.5121830815913
서울특별시 동작구 노량진동 207-5번지 지상2층,"서울특별시 동작구 만양로14길 28  (노량진동,지상2층)",,인터페이스 PC존,126.94573627465,37.511941050376
서울특별시 동작구 노량진동 207-5번지 지하1층,"서울특별시 동작구 만양로14길 28  (노량진동,지하1층)",,인터페이스 PC존,126.94573627465,37.511941050376
서울특별시 동작구 노량진동 40-14번지 지하1층,"서울특별시 동작구 노량진로 114  (노량진동,지하1층)",,타잔 PC방,126.938612219414,37.5130113794472
서울특별시 동작구 흑석동 164-3번지 지하1층,"서울특별시 동작구 흑석로 115-8  (흑석동,지하1층)",,스펀지 PC방,,
서울특별시 동작구 흑석동 223-1번지 2층,"서울특별시 동작구 흑석로 94  (흑석동,2층)",,늑대와여우PC라운지 중앙지점,126.959980376481,37.5072688094279
서울특별시 동작구 상도동 355-6번지 지하1층,"서울특별시 동작구 상도로 130  (상도동,지하1층)",,아이비스 PC방,126.934326748325,37.5017661558763
서울특별시 동작구 상도동 303번지,"서울특별시 동작구 국사봉5길 4, 101호 (상도동)",7043,황제PC,126.930439539235,37.4976230875076
서울특별시 동작구 사당동 1031-26 해암빌딩,"서울특별시 동작구 동작대로3길 6, 해암빌딩 4층 (사당동)",7015,3POP PC CAFE,126.981129392759,37.4785067233821
서울특별시 동작구 노량진동 313-4번지 지상2층,"서울특별시 동작구 장승배기로15길 45  (노량진동,지상2층)",,사이버 메카PC방,,
서울특별시 동작구 노량진동 58-36번지 지하1층,"서울특별시 동작구 노량진로14길 25 (노량진동,지하1층)",,루키2 PC방,126.942588015381,37.5125600836707
서울특별시 동작구 사당동 1045-8번지,서울특별시 동작구 남부순환로 2061 (사당동),7024,쇼PC방,126.977787556475,37.4769040573805
서울특별시 동작구 사당동 1041-5번지 지하1층,"서울특별시 동작구 남부순환로271길 24  (사당동,지하1층)",,몽키아일랜드 PC방,126.980214576913,37.4779140699266
서울특별시 동작구 노량진동 85-37번지 지하1층,"서울특별시 동작구 노량진로14가길 16  (노량진동,지하1층)",,A플러스 PC방,126.943482559841,37.5126013305635
서울특별시 동작구 사당동 318-74번지 3층,"서울특별시 동작구 사당로16길 15  (사당동,3층)",,인터라켄PC방(남성역점),126.973600083418,37.4827912008828
서울특별시 동작구 대방동 39-2번지 지하1층,"서울특별시 동작구 등용로 123 (대방동,지하1층)",,3POP PC,126.931722395828,37.5121432646022
서울특별시 동작구 사당동 708-988번지 지하1층,"서울특별시 동작구 동작대로25길 54  (사당동,지하1층)",,펀조아 PC방,126.979624751663,37.4850306789307
서울특별시 동작구 흑석동 195-19,서울특별시 동작구 흑석로 79 (흑석동),6910,에이플PC CAFE,126.958421417835,37.5070293244615
서울특별시 동작구 노량진동 148-5 미도빌,"서울특별시 동작구 노량진로 184, 미도빌 지하1층 (노량진동)",6913,제로100PC방 노량진점,126.946185910688,37.5133125843081
서울특별시 동작구 상도동 323-4번지 상진빌딩 3층 3002~3004호,"서울특별시 동작구 국사봉1길 18 (상도동, 상진빌딩 3층)",7042,갤러리 PC방,126.929518840656,37.4986551850367
서울특별시 동작구 사당동 86-1번지,서울특별시 동작구 동작대로 141 (사당동),6997,4uPC,126.982053443172,37.4892376993356
서울특별시 동작구 상도동 73-1번지,"서울특별시 동작구 상도로37길 69, 지하1층 (상도동)",6971,본PC방(숭실대점),126.952761819279,37.4983346547989
서울특별시 동작구 사당동 708-448번지,"서울특별시 동작구 동작대로25길 34, 2층 (사당동)",7008,놀토PC방,126.980417755908,37.4856480037481
서울특별시 동작구 신대방동 347-2번지 3층,"서울특별시 동작구 국사봉길 12  (신대방동,3층)",,와우PC방,126.928697264633,37.4985308036648
서울특별시 동작구 사당동 131-3번지 3층,"서울특별시 동작구 동작대로29길 9  (사당동,3층)",,인터라켄 PC방,126.98149880399,37.4879197996861
서울특별시 동작구 노량진동 127-4번지 지하1층,"서울특별시 동작구 만양로14길 43  (노량진동,지하1층)",,샤인 PC방,126.946455207821,37.5123864745196
서울특별시 동작구 사당동 1033-36번지 지상2층,"서울특별시 동작구 남부순환로271길 55  (사당동,지상2층)",,시즌아이 PC방,126.979789394488,37.4790901756328
서울특별시 동작구 상도동 315-22번지,"서울특별시 동작구 성대로2길 7, 지층 (상도동)",7042,7seven PC,126.931709717703,37.4993656537497
서울특별시 동작구 사당동 141-32,"서울특별시 동작구 사당로29가길 41, 2층 (사당동)",7007,황제PC,126.979723409321,37.4868886650318
서울특별시 동작구 상도동 328-10번지,"서울특별시 동작구 국사봉1길 4, 지하1층 (상도동)",7042,topstar PC,126.928852981582,37.4987738088069
서울특별시 동작구 상도동 467-1 한승빌딩,"서울특별시 동작구 상도로37길 60, 2층 (상도동)",6971,원픽PC방,126.951965775693,37.4989009766383
서울특별시 동작구 노량진동 310-64 장승빌딩,"서울특별시 동작구 장승배기로 98, 지하1층 (노량진동)",6925,PNP PC,126.940127058426,37.5063972521794
서울특별시 동작구 노량진동 89-9번지 지하1층,"서울특별시 동작구 노량진로16길 22  (노량진동,지하1층)",,컬러PC방,126.943726367207,37.5126743381986
서울특별시 동작구 노량진동 148-91번지 지층,"서울특별시 동작구 노량진로 180, 지층 (노량진동)",6913,싸이버파크PC방 노량진점,126.945898678252,37.5133775956849
서울특별시 동작구 신대방동 343-7번지 4층,"서울특별시 동작구 보라매로 59  (신대방동,4층)",,슈가젬PC방 신대방점,126.927071422699,37.4946774679661
서울특별시 동작구 상도동 324-1번지,"서울특별시 동작구 상도로 102 (상도동, 성대시장)",7041,엔탑피씨방(N-Top PC),126.931776254273,37.4999426964441
서울특별시 동작구 상도동 366-5 교보증권,"서울특별시 동작구 상도로 169, 교보증권 지하1층 (상도동)",6949,세븐PC방,126.937557355363,37.5043302773119
서울특별시 동작구 사당동 133-4,서울특별시 동작구 동작대로27길 6 (사당동),7008,아이닉스PC방,126.981596074684,37.4878004313222
서울특별시 동작구 상도동 505-1,서울특별시 동작구 사당로 28 (상도동),7027,긱스타 PC방 1호점,126.957457993298,37.4949351394814
서울특별시 동작구 상도동 501-9번지,서울특별시 동작구 사당로 4 (상도동),7027,하늘다리PC,126.95485331925,37.4954053993678
서울특별시 동작구 노량진동 72-48번지 노량진센타빌딩,"서울특별시 동작구 노량진로 156, 지하1층 (노량진동)",6922,POPO PC,126.943292835393,37.5134034035131
서울특별시 동작구 상도동 214-319번지 2층,"서울특별시 동작구 양녕로22가길 68  (상도동,2층)",,JAM PC방,126.944149044524,37.4970504767188
서울특별시 동작구 흑석동 183-1번지 지상6층,"서울특별시 동작구 흑석로 110  (흑석동,지상6층)",,클랜PC방,126.961423329898,37.5081164142775
서울특별시 동작구 노량진동 42-14번지 지하1층,"서울특별시 동작구 노량진로 118 (노량진동,지하1층)",,PC락,126.939117411727,37.5132326571999
서울특별시 동작구 노량진동 114-5번지 지하1층,"서울특별시 동작구 노량진로 162 (노량진동,지하1층)",,아이닉스 PC방,126.943957579056,37.5134071445935
서울특별시 동작구 흑석동 102-25번지 지상3층,"서울특별시 동작구 흑석로 106-5  (흑석동,지상3층)",,이재승컴퍼니 PC방,126.961459298755,37.507891625309
"서울특별시 동작구 노량진동 275-1번지 외 1필지, 지하1층 ","서울특별시 동작구 노량진로6길 21  (노량진동,외 1필지, 지하1층)",,트릭PC방 중계점,126.935915556935,37.5121148897426
서울특별시 동작구 상도동 328-7번지 지상2층,"서울특별시 동작구 상도로 93 (상도동,지상2층)",,겜노리 PC방,126.930835747931,37.5001237923409
서울특별시 동작구 노량진동 258-42번지 2층,"서울특별시 동작구 노량진로8길 40  (노량진동,2층)",,호야 PC월드,126.937465103696,37.5124234131715
서울특별시 동작구 흑석동 181-1번지 한신빌딩,"서울특별시 동작구 서달로15길 23, 한신빌딩 (흑석동)",6972,매직엔PC방(중대점),126.961652170904,37.5084883334727
서울특별시 동작구 사당동 1003-39번지 지상2층,"서울특별시 동작구 사당로 286  (사당동,지상2층)",,아이닉스PC방,126.979385845879,37.4841898163908
서울특별시 동작구 대방동 336-6,"서울특별시 동작구 상도로 82, 지층 (대방동)",7041,콤마PC카페 신대방삼거리역점,126.929701388226,37.4994737677406
서울특별시 동작구 신대방동 607-27번지,"서울특별시 동작구 시흥대로 652, 지하1층 (신대방동)",7069,기린PC방,,
서울특별시 동작구 신대방동 377-1번지,"서울특별시 동작구 여의대방로 126, 지하1층 (신대방동)",7056,스타PC방,,
서울특별시 동작구 상도동 499-16번지,서울특별시 동작구 상도로67길 17 (상도동),7027,개컨PC방,126.956345163007,37.4943361045367
서울특별시 동작구 노량진동 118-5번지 지하1층,"서울특별시 동작구 만양로 100  (노량진동,지하1층)",,행복한 PC방,126.944401840416,37.5123857060582
서울특별시 동작구 상도동 29-35번지 지하1층,"서울특별시 동작구 상도로34길 16  (상도동,지하1층)",,오투 PC존,126.945558089006,37.5042108879341
서울특별시 동작구 사당동 135-3번지 지층,"서울특별시 동작구 동작대로 121  (사당동,지층)",,존앤존PC방,126.981886636778,37.4874603457045
서울특별시 동작구 노량진동 119-157번지 3층,"서울특별시 동작구 만양로 94 (노량진동,3층)",,몽키타운 PC방,126.944447779056,37.5117527722431
서울특별시 동작구 상도동 506-2번지 지하1층,"서울특별시 동작구 사당로 34  (상도동,지하1층)",,사이버플러스 PC방,126.958158541528,37.4949254785989
"서울특별시 동작구 대방동 502번지 103동상가 115,116호  지하1층 ",,,사이버리아 멀티PC방,,
서울특별시 동작구 노량진동 224-14번지 지층,"서울특별시 동작구 만양로 75  (노량진동,지층)",,탑 피시,126.944828799966,37.5101136635189
서울특별시 동작구 노량진동 148-55번지 지층,"서울특별시 동작구 만양로18길 21  (노량진동,지층)",,이네이처 PC방,126.945569381852,37.5131126393253
서울특별시 동작구 상도동 366-5 교보증권,"서울특별시 동작구 상도로 169, 교보증권 지하1층 (상도동)",6949,G plus 피씨방,126.937557355363,37.5043302773119
서울특별시 동작구 노량진동 16-1 노량진 드림스퀘어 복합빌딩,"서울특별시 동작구 노들로2길 7, 노량진 드림스퀘어 복합빌딩 C동 B09호 (노량진동)",6900,유진PC,126.938586139882,37.5141942939247
서울특별시 동작구 노량진동 125-17번지 지하1층,"서울특별시 동작구 만양로14가길 10  (노량진동,지하1층)",,와우PC방 3호점,126.945260351819,37.512049311684
서울특별시 동작구 상도동 204-17번지 지하1층,"서울특별시 동작구 장승배기로 35  (상도동,지하1층)",,사이버펠리스 PC방,126.941107893311,37.5011653364565
서울특별시 동작구 상도동 195-52번지 지상2층,"서울특별시 동작구 상도로22길 5  (상도동,지상2층)",,아이그린PC방,,
서울특별시 동작구 사당동 1041-35번지 지상2층,"서울특별시 동작구 동작대로3길 15  (사당동,지상2층)",,파라다이스 PC방,126.98048898118,37.4782852413538
서울특별시 동작구 흑석동 195-26 지하1층,"서울특별시 동작구 흑석로7길 8 (흑석동,지하1층)",,TOP PC방,126.958241333342,37.5072843354434
서울특별시 동작구 상도동 170-27번지,서울특별시 동작구 상도로 204 (상도동),6964,제노pc,126.94131526696,37.5049680434096
서울특별시 동작구 사당동 265-47번지 2층,"서울특별시 동작구 사당로16길 18  (사당동,2층)",,SKY PC방,126.973227566476,37.4827130897035
서울특별시 동작구 노량진동 120-3번지 지상2층,"서울특별시 동작구 만양로 83 (노량진동,지상2층)",,와우PC방,126.944396906689,37.5109554496203
서울특별시 동작구 노량진동 123-43번지 지하1층,"서울특별시 동작구 만양로8길 64  (노량진동,지하1층)",,매니아존 PC방,126.945937226686,37.5104286265851
서울특별시 동작구 흑석동 190-41번지 지하1층,"서울특별시 동작구 흑석로 87  (흑석동,지하1층)",,너구리와 여우소굴,126.959367056377,37.507432582948
서울특별시 동작구 흑석동 190-33번지 지하1층,"서울특별시 동작구 흑석로 85-5  (흑석동,지하1층)",,사이버파크,126.959175823917,37.5073939540013
서울특별시 동작구 상도동 505-7번지,서울특별시 동작구 상도로67길 32  (상도동),,아우토반 PC방,126.956654524108,37.4949727798048
서울특별시 동작구 상도동 346-7번지 지하1층,"서울특별시 동작구 성대로 3  (상도동,지하1층)",,좋은친구들 PC방,126.932216932407,37.5003530880246
서울특별시 동작구 상도1동 262번지 지하1층,"서울특별시 동작구 상도로 313  (상도1동,지하1층)",,DT PC방,126.950642842417,37.5001498564897
서울특별시 동작구 상도동 315-8번지 지상4층,"서울특별시 동작구 성대로2길 9  (상도동,지상4층)",,자이PC존,126.931548790182,37.4992443752959
서울특별시 동작구 노량진동 120-6,"서울특별시 동작구 만양로 81, 지하1층 (노량진동)",6923,마일하이(MILEHIGH) PC방,126.944450626548,37.5108103230947
서울특별시 동작구 상도동 184-173번지 지하1층,"서울특별시 동작구 상도로 154-1  (상도동,지하1층)",,넥스트 PC방,,
서울특별시 동작구 상도동 505-9번지 2층,"서울특별시 동작구 상도로61길 37  (상도동,2층)",,피시트릭 PC방,126.957036661919,37.4949140836487
서울특별시 동작구 노량진동 117-20번지,"서울특별시 동작구 만양로14가길 26 (노량진동, 노량진 거성빌딩)",6913,존앤존 PC방,126.944975816586,37.5127598014303
서울특별시 동작구 사당동 1046-32번지 3층,"서울특별시 동작구 남부순환로269길 21 (사당동,3층)",,인터넷카페 YAK,126.977833486886,37.4775674793661
서울특별시 동작구 사당동 147-81번지 지층,"서울특별시 동작구 동작대로27가길 44  (사당동,지층)",,프로 PC방,126.98081473562,37.4856557274483
서울특별시 동작구 상도동 210-23번지 지하1층,"서울특별시 동작구 양녕로 182  (상도동,지하1층)",,진 PC방,126.943442696438,37.4975244304507
서울특별시 동작구 사당동 266-4 호림빌딩,"서울특별시 동작구 사당로 234, 호림빌딩 지하1층 (사당동)",7010,SUPREME PC CAFE,126.973527010263,37.4832080812583
서울특별시 관악구 봉천동 15-8번지,"서울특별시 관악구 관악로30길 15, 2층 (봉천동)",8733,스타덤PC관악점,126.958833779086,37.4866379787681
서울특별시 관악구 신림동 1655-8,"서울특별시 관악구 시흥대로 566, 지하101호 (신림동)",8769,골라 게임랜드,126.902357685701,37.4832010642873
서울특별시 관악구 신림동 1424-19,"서울특별시 관악구 신림로 354, 201호 (신림동)",8754,김여사+PC,126.929945820012,37.4859846659272
서울특별시 관악구 신림동 1668-15,"서울특별시 관악구 남부순환로 1377, 2층 (신림동)",8768,오렌지 PC,126.903829385724,37.4801583039286
서울특별시 관악구 신림동 1484-4 1층,"서울특별시 관악구 난곡로63길 60, 1층 (신림동)",8771,본PC,126.911311140444,37.4806105165308
서울특별시 관악구 신림동 1528-1 1층,"서울특별시 관악구 호암로 587, 1층 (신림동)",8846,호박 PC,126.932884506288,37.4698888489177
"서울특별시 관악구 신림동 1534-16번지 2,3층 ","서울특별시 관악구 호암로22길 41, 2,3층 (신림동)",8813,3S PC CAFE,,
서울특별시 관악구 신림동 518-56번지 3층,"서울특별시 관악구 난곡로 357, 3층 (신림동)",8701,긱스타 PC(GEEK STAR PC CAFE),126.91344763033,37.4859134542249
서울특별시 관악구 신림동 527-5,"서울특별시 관악구 난곡로66길 12, 2층 (신림동)",8761,타임PC랜드,126.91503253072,37.4825000535711
서울특별시 관악구 신림동 1517-17번지 지하1층,"서울특별시 관악구 호암로24길 77, 지하1층 (신림동)",8813,3S PC 녹두거리점,126.937601300726,37.4693157781194
서울특별시 관악구 신림동 1458-3 신림빌딩 104호,"서울특별시 관악구 신림동길 26, 신림빌딩 104호 (신림동)",8706,대박PC,126.925828834235,37.4871786916872
서울특별시 관악구 신림동 1475-30 1층,"서울특별시 관악구 난곡로63가길 1, 1층 (신림동)",8771,콩PC,126.914193963141,37.4809975562282
서울특별시 관악구 신림동 1655-16,"서울특별시 관악구 시흥대로 560, 1층 (신림동)",8769,럭키짱PC,126.901999065663,37.4829262301224
서울특별시 관악구 신림동 1655-8,서울특별시 관악구 시흥대로 566 (신림동),8769,공단PC,126.902357685701,37.4832010642873
서울특별시 관악구 봉천동 896-28번지 지하1층,"서울특별시 관악구 남부순환로214길 40, 지하1층 (봉천동)",8786,욜로PC방 봉천점,126.947344732144,37.4799546008071
서울특별시 관악구 신림동 1432-130 지하1층,"서울특별시 관악구 신림동5길 45, 지하1층 (신림동)",8760,황금PC방,126.927830453385,37.4852468185612
서울특별시 관악구 신림동 1656-3 1층,"서울특별시 관악구 조원로2가길 34, 1층 (신림동)",8769,제우스PC,126.904550468698,37.4826561241956
서울특별시 관악구 신림동 1419-1 금강빌딩,"서울특별시 관악구 남부순환로181길 46, 금강빌딩 1층 (신림동)",8754,행운PC,126.930688324152,37.4866144579726
서울특별시 관악구 봉천동 58-2 우측호,"서울특별시 관악구 중앙길 7, 2층 우측호 (봉천동)",8745,에이스피씨,126.953823855277,37.4837665956628
서울특별시 관악구 신림동 725-58,서울특별시 관악구 난곡로 211 (신림동),8858,가비,126.918018871999,37.4735972187998
서울특별시 관악구 신림동 613-37,"서울특별시 관악구 법원단지길 22, 2층 (신림동)",8852,황제PC,126.918978548757,37.4741236199998
서울특별시 관악구 신림동 1438-13,"서울특별시 관악구 신림동길 23-1, 지층 (신림동)",8760,율PC,126.92616007342,37.4868916578486
서울특별시 관악구 봉천동 868-25 지하1층 B01호,"서울특별시 관악구 관악로17길 9, 지하1층 B01호 (봉천동)",8787,맥스피드PC 서울대입구역점,126.951245075921,37.4806186063628
서울특별시 관악구 신림동 1636-29,"서울특별시 관악구 신원로 22, 1층 (신림동)",8775,히든PC,126.92809980254,37.4810935137384
서울특별시 관악구 신림동 1745 최강타워,"서울특별시 관악구 남부순환로180길 6, 지하2층 (신림동, 최강타워)",8777,레벨업 PC카페,126.930629680819,37.4837589483107
서울특별시 관악구 신림동 1652-30,"서울특별시 관악구 조원로8길 6, 1층 (신림동)",8769,조원PC,126.905403700478,37.483060822581
서울특별시 관악구 신림동 1745 최강타워,"서울특별시 관악구 남부순환로180길 6, 지하2층 B204호 (신림동, 최강타워)",8777,레벨업플러스,126.930629680819,37.4837589483107
서울특별시 관악구 신림동 527-10,"서울특별시 관악구 남부순환로 1483, 2층 (신림동)",8761,EXIT PC CAFE 난곡점,126.915294416313,37.4822721062451
서울특별시 관악구 봉천동 702-102번지 3층 가호,"서울특별시 관악구 보라매로 17, 3층 가호 (봉천동)",8708,제로백PC 봉천점,126.926926728097,37.4910282099961
서울특별시 관악구 신림동 1432-73번지 2층,"서울특별시 관악구 신림로 353, 2층 (신림동)",8760,ZERO100 PC,126.929190502039,37.485766892503
서울특별시 관악구 신림동 1421-29 SK허브그린 B01,"서울특별시 관악구 신림로 344, SK허브그린 지하1층 B01호 (신림동)",8754,SNS PC,126.929977240424,37.4851501707989
서울특별시 관악구 신림동 1668-15 1층 101호,"서울특별시 관악구 남부순환로 1377, 1층 101호 (신림동)",8768,사거리PC,126.903829385724,37.4801583039286
서울특별시 관악구 봉천동 856-6 BS TOWER,"서울특별시 관악구 관악로 158, BS TOWER 지하2층 (봉천동)",8788,레벨업PC방 서울대점,126.952808280216,37.4793104352293
서울특별시 관악구 봉천동 861-7,"서울특별시 관악구 봉천로 472, 제지1층 제비103호 (봉천동)",8758,에이스PC,126.952225627266,37.4818953761288
서울특별시 관악구 신림동 529-7 1층 3호,"서울특별시 관악구 난곡로66길 7, 1층 3호 (신림동)",8761,뉴왕PC게임랜드,126.914793328054,37.4826647658698
서울특별시 관악구 신림동 503-35,"서울특별시 관악구 조원로 123, 1층 (신림동)",8705,신사PC,126.915905394653,37.48531038244
서울특별시 관악구 신림동 1422-15,"서울특별시 관악구 신림로64길 32, 1층 (신림동)",8754,한수PC,126.931500008304,37.4850497000506
서울특별시 관악구 봉천동 871-67,"서울특별시 관악구 봉천로 461-1, 지층 (봉천동)",8745,매니아 PC,126.951378697167,37.482562858333
서울특별시 관악구 신림동 1432-59 코끼리,"서울특별시 관악구 신림로65길 10-23, 코끼리 1층 (신림동)",8760,고래PC,126.928785213534,37.4855837442563
서울특별시 관악구 신림동 1434-8,"서울특별시 관악구 신림로65길 40, 지하1층 (신림동)",8760,당근PC,126.927225743639,37.48492343619
서울특별시 관악구 봉천동 952-16,"서울특별시 관악구 은천로 31, 1층 (봉천동)",8717,강남PC,126.938850219252,37.486362897773
서울특별시 관악구 신림동 1423-1,"서울특별시 관악구 신림로68길 18, 1층 (신림동)",8754,스마일PC,126.930403774049,37.486565275862
서울특별시 관악구 봉천동 957-6 쁘띠그린힐,"서울특별시 관악구 은천로 14, 2층 (봉천동, 쁘띠그린힐)",8749,키키슬롯,126.936759768287,37.4861307788499
서울특별시 관악구 신림동 1433-74,"서울특별시 관악구 남부순환로 1597-15, 3층 (신림동)",8759,꼬마PC,126.92752794785,37.4847136870226
서울특별시 관악구 신림동 530-4 1층,"서울특별시 관악구 조원로18길 29, 1층 (신림동)",8767,언니PC,126.913958485406,37.4828463447803
서울특별시 관악구 신림동 1425-13 1층 후면,"서울특별시 관악구 신림로 362, 1층 (신림동)",8753,까치PC방,126.929487813026,37.4866709615955
서울특별시 관악구 신림동 10-621 관동캐슬오피스텔,"서울특별시 관악구 남부순환로 1680, 관동캐슬오피스텔 1층 (신림동)",8780,에이스피시방,126.937097299683,37.4840824266542
서울특별시 관악구 신림동 1542-9번지 지하1층,"서울특별시 관악구 호암로22길 70-3, 지하1층 (신림동)",8819,Yak PC방,126.936695536584,37.4683153546224
서울특별시 관악구 신림동 1602-1 관악종합시장 2층,"서울특별시 관악구 신원로 23, 2층 (신림동, 관악종합시장)",8774,인터파크秀,126.928063159676,37.4815767925511
서울특별시 관악구 신림동 1432-136번지 지층,"서울특별시 관악구 신림동5길 31, 지층 (신림동)",8760,뉴탑,126.927636033729,37.4858919115747
서울특별시 관악구 봉천동 1674-4 지하1층,"서울특별시 관악구 남부순환로 1873, 지하1층 (봉천동)",8739,콤마 피시방,126.957986449117,37.4795481840524
서울특별시 관악구 신림동 96-3번지 태영빌딩 5층,"서울특별시 관악구 신림로 206, 태영빌딩 5층 (신림동)",8836,보야르,126.937446935701,37.4756288046285
서울특별시 관악구 신림동 246-49 지하1층,"서울특별시 관악구 대학길 47, 지하1층 (신림동)",8814,레드포스PC아레나 신림녹두점,126.937803548906,37.4686171509232
서울특별시 관악구 봉천동 882-4번지 지하1층,"서울특별시 관악구 청룡1길 42, 지하1층 (봉천동)",8786,이스테이션PC방,126.948600646271,37.4808713899046
서울특별시 관악구 신림동 131-30 지층,"서울특별시 관악구 신림로 84, 지층 (신림동)",8839,SKY PC,126.940177514769,37.4709316312582
서울특별시 관악구 신림동 105-61번지 1층,"서울특별시 관악구 복은4길 3, 1층 (신림동)",8837,시즌PC방,126.937819783753,37.4742646022584
서울특별시 관악구 신림동 1426-7 가야위드안 1층 108호,"서울특별시 관악구 봉천로12길 39, 1층 108호 (신림동, 가야위드안)",8753,왕PC방,126.930110949482,37.4870238962652
서울특별시 관악구 신림동 491-28 1층,"서울특별시 관악구 남부순환로161가길 5, 1층 (신림동, 하나빌딩)",8762,수 PC방,126.918506808414,37.4850367672133
서울특별시 관악구 남현동 1058-6 지하1층,"서울특별시 관악구 남현길 7, 지하1층 (남현동)",8806,레드포스PC아레나 사당점,126.977671473431,37.4760625825389
서울특별시 관악구 봉천동 863-2 지하1층,"서울특별시 관악구 관악로 163, 지하1층 (봉천동, 효원빌딩)",8787,긱스타 PC방(Geek Star PC cafe),126.952044774856,37.4798753308636
서울특별시 관악구 신림동 538-18 1층,"서울특별시 관악구 난곡로65길 33, 1층 (신림동)",8767,秀PC,126.912401747831,37.4820399695335
서울특별시 관악구 봉천동 952-18번지 지하1층,"서울특별시 관악구 은천로 27, 지하1층 (봉천동)",8717,아센PC방 봉일시장점,126.938558361976,37.4863947321423
서울특별시 관악구 신림동 1425-13 3층,"서울특별시 관악구 신림로 362, 3층 (신림동)",8753,한게임PC방,126.929487813026,37.4866709615955
서울특별시 관악구 봉천동 1562-18 제이빌딩 2층,"서울특별시 관악구 쑥고개로 80, 2층 (봉천동)",8831,Q PC,126.945267468435,37.4792117658952
서울특별시 관악구 봉천동 1638-22 3층,"서울특별시 관악구 인헌6길 16, 3층 (봉천동)",8793,푸룬PC 2호점,126.966007272791,37.4740985743928
서울특별시 관악구 봉천동 14-52,"서울특별시 관악구 관악로 268, 1층 (봉천동)",8733,녹스PC방 관악점,126.958274612985,37.4879253230576
서울특별시 관악구 봉천동 496-6번지 지하1층,"서울특별시 관악구 양녕로 58, 지하1층 (봉천동)",8729,이네이처PC방,126.947036314759,37.4873102965781
서울특별시 관악구 신림동 131-21,"서울특별시 관악구 신림로 90, 지하1층 (신림동)",8839,인터매니아,126.939362676994,37.4709361714829
서울특별시 관악구 봉천동 1687-5 케에타워 지하1층,"서울특별시 관악구 남부순환로 1931, 케에타워 지하1층 (봉천동)",8801,제로백 낙성대점,126.963886972814,37.4772285940493
서울특별시 관악구 신림동 255-37 지하 1층,"서울특별시 관악구 대학14길 18, 지하1층 (신림동)",8819,Cool.K.PC방,126.936842153058,37.4664327706546
서울특별시 관악구 신림동 1532-0번지 지하1층,"서울특별시 관악구 호암로24길 12, 지하1층 (신림동)",8812,PC club,126.933807682397,37.4698242265904
서울특별시 관악구 봉천동 883-8번지 지하1층,"서울특별시 관악구 청룡1길 33, 지하1층 (봉천동, 관악하우팰리스)",8786,더블m PC방,126.948113779028,37.4812382481402
서울특별시 관악구 신림동 611-30 지하1층,"서울특별시 관악구 법원단지길 28, 지하1층 (신림동, 우석빌딩)",8852,맥PC토랑,126.919248807252,37.4741658821631
서울특별시 관악구 봉천동 1658-2 4층 낙성대빌딩,"서울특별시 관악구 남부순환로 1934, 낙성대빌딩 4층 (봉천동)",8793,이스포츠,126.963735538331,37.4766373051657
서울특별시 관악구 신림동 1657-59 1층,"서울특별시 관악구 시흥대로166길 59, 1층 (신림동)",8769,나래PC,126.903839713146,37.4809219172653
서울특별시 관악구 신림동 621-26 지하1층,"서울특별시 관악구 난곡로 184, 지하1층 (신림동, 대원빌딩)",8854,나는 게이머다 PC,126.919981209825,37.471670222214
서울특별시 관악구 신림동 1636-61번지 남영빌딩 지하1층,"서울특별시 관악구 신원로 10, 남영빌딩 지하1층 (신림동)",8775,이네이쳐,126.928063499366,37.4802789796022
서울특별시 관악구 봉천동 1565-16 지하1층,"서울특별시 관악구 쑥고개로 95, 지하1층 (봉천동)",8786,탑티어 PC방 서울대점,126.947204153908,37.4793763605135
서울특별시 관악구 신림동 1416-23 1층,"서울특별시 관악구 신림로70길 23, 1층 (신림동)",8753,스타PC방,126.93028924443,37.4877717480379
서울특별시 관악구 봉천동 495-1 한독빌딩 지하1층,"서울특별시 관악구 은천로 109, 지하1층 (봉천동)",8729,레드포스PC아레나 봉천점,126.947493902254,37.4869996530658
서울특별시 관악구 봉천동 930-39 은혜빌딩 지하1층,"서울특별시 관악구 남부순환로 1716, 은혜빌딩 지하1층 (봉천동)",8784,3POP PC방,126.940613730465,37.4825397376028
서울특별시 관악구 신림동 1551-1번지 1층,"서울특별시 관악구 신림로17길 76, 1층 (신림동)",8819,해커스 PC방,126.936195521263,37.4674210125893
서울특별시 관악구 봉천동 1686-30 지하1층,"서울특별시 관악구 남부순환로 1929-5, 지하1층 (봉천동)",8801,스위티PC방 낙성대점,126.963658934093,37.4774748601413
서울특별시 관악구 신림동 1738 파로스프라자 A동 205~206호,"서울특별시 관악구 난곡로 100, A동 205~206호 (신림동, 파로스프라자)",8860,5스타 PC방,126.919613685063,37.4645001795391
서울특별시 관악구 신림동 617-3 프린스빌딩 3층,"서울특별시 관악구 난우길 2, 프린스빌딩 3층 (신림동)",8854,인터라켄pc방,126.919149562512,37.4732085813656
서울특별시 관악구 신림동 92-284,"서울특별시 관악구 신림로 224-1, 1층 (신림동)",8783,신림 PC,126.936542759177,37.4776103633224
서울특별시 관악구 신림동 247-2 2층,"서울특별시 관악구 대학길 52, 2층 (신림동)",8819,Steam PC cafe,126.937556388983,37.4682688699968
서울특별시 관악구 신림동 1533-5 지하1층,"서울특별시 관악구 호암로24길 24, 지하1층 (신림동, 대학관고시텔)",8812,피씨태그 PC방,126.934472868269,37.4695260024167
서울특별시 관악구 신림동 1538-2 2층,"서울특별시 관악구 대학길 36, 2층 (신림동)",8813,스타PC방,126.93757500788,37.4691242093594
서울특별시 관악구 신림동 1537-13 지상 1층,"서울특별시 관악구 신림로17길 41, 1층 (신림동)",8813,망고톡 PC,126.936503924501,37.4688572098031
서울특별시 관악구 신림동 527-13 삼남빌딩 지하1층,"서울특별시 관악구 남부순환로 1485, 삼남빌딩 지하1층 (신림동)",8761,인터라켄PC방,126.915650135223,37.4823520999904
서울특별시 관악구 봉천동 859-15번지 지하1층,"서울특별시 관악구 관악로 199, 지하1층 (봉천동)",8745,3POP 피시방,126.953587750655,37.4830752493665
서울특별시 관악구 봉천동 933-1번지 지하1층,"서울특별시 관악구 봉천로31길 9, 지하1층 (봉천동)",8750,스타덤PC 봉천점,126.941358237708,37.4841495810369
서울특별시 관악구 봉천동 1639-3 도원빌딩 지하1층,"서울특별시 관악구 인헌6길 9, 지하1층 (봉천동)",8797,푸룬PC방,126.966198319678,37.4738666191079
서울특별시 관악구 신림동 570-1 1층,"서울특별시 관악구 조원중앙로 22, 1층 (신림동)",8765,딸기 PC,126.905814303617,37.4814757360238
서울특별시 관악구 신림동 538-35 1층,"서울특별시 관악구 난곡로65길 3, 1층 (신림동)",8767,공주PC,126.914052039759,37.4823086008844
서울특별시 관악구 신림동 1513-1 401호,"서울특별시 관악구 신림로 141, 401호 (신림동)",8846,메타PC 신림본점,126.933441547933,37.4715917133189
서울특별시 관악구 신림동 1669-11,"서울특별시 관악구 조원중앙로 6, 101호 (신림동)",8765,별PC,126.904609170104,37.4804158136657
서울특별시 관악구 신림동 1423-4 2층,"서울특별시 관악구 봉천로12길 49, 2층 (신림동)",8754,토마토PC방,126.930168216331,37.4864806223175
서울특별시 관악구 봉천동 855-2 준우지하우스,"서울특별시 관악구 관악로14길 10, 준우지하우스 3층 (봉천동)",8788,드림게임랜드,126.953154491288,37.4790873930145
서울특별시 관악구 신림동 1423-28 2층,"서울특별시 관악구 봉천로12길 69, 2층 (신림동)",8754,세븐PC방,126.930309116095,37.485733589617
서울특별시 관악구 신림동 1421-35 지하1층,"서울특별시 관악구 신림로64길 23, 지하1층 (신림동)",8754,골드PC게임장,126.931021236392,37.4852226853822
서울특별시 관악구 봉천동 1687-13,"서울특별시 관악구 남부순환로 1933, B1층 (봉천동)",8801,콤마PC,126.964147271643,37.4771332564053
서울특별시 관악구 신림동 1426-7 가야위드안 101호,"서울특별시 관악구 봉천로12길 39, 101호 (신림동, 가야위드안)",8753,김여사PC,126.930110949482,37.4870238962652
서울특별시 관악구 신림동 537-43 102호,"서울특별시 관악구 조원로18길 22, 102호 (신림동)",8767,본PC,126.913046035227,37.483063810931
서울특별시 관악구 신림동 1426-7 가야위드안 106호,"서울특별시 관악구 봉천로12길 39, 1층 106호 (신림동, 가야위드안)",8753,바닐라pc방,126.930110949482,37.4870238962652
서울특별시 관악구 신림동 1638-19 2층,"서울특별시 관악구 신림로 321, 2층 (신림동)",8776,SNS PC방,126.929546648038,37.4828969433377
서울특별시 관악구 신림동 1426-7 가야위드안 2층,"서울특별시 관악구 봉천로12길 39, 2층 (신림동, 가야위드안)",8753,가야PC방,126.930110949482,37.4870238962652
서울특별시 관악구 봉천동 866-11 관악맥스텔 101호,"서울특별시 관악구 관악로15길 23-11, 관악맥스텔 101호 (봉천동)",8787,왕바다PC랜드,126.951181288015,37.479783254518
서울특별시 관악구 신림동 527-11,"서울특별시 관악구 난곡로66길 14, 3층 (신림동)",8761,라이또PC,126.915238397077,37.4825193028191
서울특별시 관악구 신림동 1639-5 SU모텔,"서울특별시 관악구 관천로 42, SU모텔 1층 (신림동)",8776,제우스PC,126.927261669777,37.4834373351336
서울특별시 관악구 신림동 1650-17,"서울특별시 관악구 조원중앙로 43, 1층 (신림동)",8769,팡PC,126.906776883785,37.4830443443596
서울특별시 관악구 신림동 1424-11,"서울특별시 관악구 신림로 356, 2층 (신림동)",8754,밤샘PC,126.929683383167,37.4861105610582
서울특별시 관악구 신림동 1422-11,"서울특별시 관악구 남부순환로 1631-1, 2층 (신림동)",8754,썬PC,126.932009130194,37.4848212281323
서울특별시 관악구 신림동 1431-19,"서울특별시 관악구 신림로67길 6, 1층 (신림동)",8760,아지트PC,126.928833194073,37.4862570064168
서울특별시 서초구 방배동 898-1,"서울특별시 서초구 서초대로 108, 지하1층 (방배동)",6664,제로백 PC 내방역점,126.994201615542,37.4875261941992
서울특별시 서초구 서초동 1309-8번지,"서울특별시 서초구 강남대로69길 8, 5층 (서초동)",6611,게임이너스 신논현점,127.024653352058,37.5018444583427
서울특별시 서초구 방배동 935-40 극동빌딩,"서울특별시 서초구 방배로 141, 극동빌딩 지하1층 (방배동)",6672,후PC방,126.994140643577,37.4864215552405
서울특별시 서초구 반포동 748-1번지,"서울특별시 서초구 강남대로 483, 지하1층 (반포동)",6541,라인업 PC방,127.023648945463,37.5053254283579
서울특별시 서초구 서초동 1552-7번지 아카디아빌딩,"서울특별시 서초구 반포대로28길 15, 아카디아빌딩 지하1층 (서초동)",6647,3pop pc방(서초역점),127.009272526225,37.4906021033287
서울특별시 서초구 양재동 280-9번지 봉산빌딩,"서울특별시 서초구 동산로19길 50, 봉산빌딩 지하1층 (양재동)",6782,프렌즈PC방,127.045829250229,37.4748631378886
서울특별시 서초구 양재동 275-3번지 트윈타워,"서울특별시 서초구 마방로10길 25, 트윈타워 지하1층 5호 (양재동)",6775,트윈PC방,127.043922527512,37.4766148844181
서울특별시 서초구 잠원동 21-7번지 경승빌딩,"서울특별시 서초구 강남대로 595, 경승빌딩 지하1층 (잠원동)",6526,탑플레이스PC방 신사역점,127.019539877754,37.5148563751516
서울특별시 서초구 서초동 1673-1번지 교대역인앤인오피스,"서울특별시 서초구 서초대로 302, 교대역인앤인오피스 지하1층 (서초동)",6634,크라우드PC방 교대점,127.014695217773,37.4937188583914
서울특별시 서초구 잠원동 76-7번지 상화빌딩,"서울특별시 서초구 반포대로 300-3, 상화빌딩 지하1층층 (잠원동)",6509,제니스 센트럴,127.001236730369,37.5057814452923
서울특별시 서초구 서초동 1302-38,"서울특별시 서초구 사평대로56길 14, 3층 (서초동)",6609,아이센스리그PC방 신논현점,127.02290679626,37.5027263539627
서울특별시 서초구 서초동 1303-16 강남역 IPARK,"서울특별시 서초구 서초대로77길 62, 강남역 IPARK 지하2층 (서초동)",6611,Portal,127.023903040367,37.5027308418076
서울특별시 서초구 서초동 1600-1,"서울특별시 서초구 서초중앙로5길 10-24, 3층 (서초동)",6654,노블존PC방,127.01462673757,37.4864179119086
서울특별시 서초구 방배동 910-5,"서울특별시 서초구 효령로31길 28, 지하1층 (방배동)",6686,블랙몬스터 PC zone,126.996241327651,37.4824598162513
서울특별시 서초구 서초동 1601-1 브이 샤르망,"서울특별시 서초구 효령로55길 28, 브이 샤르망 202,203,204호 (서초동)",6654,레벨업 피시방,127.01447946651,37.4861327609484
서울특별시 서초구 양재동 277,"서울특별시 서초구 논현로17길 3, 2층 (양재동)",6775,골드 PC 게임랜드,127.045493395099,37.4763907495514
서울특별시 서초구 잠원동 22-20 서원빌딩,"서울특별시 서초구 강남대로97길 16, 서원빌딩 지하1층 (잠원동)",6526,마우스헌터 PC방,127.018812332612,37.5148223452221
서울특별시 서초구 서초동 1457-2,"서울특별시 서초구 효령로 276, B02, B03호 (서초동)",6716,맥스피드PC 남부터미널점,127.014453689027,37.484383366249
서울특별시 서초구 반포동 722-31 성창빌딩 B호,"서울특별시 서초구 강남대로 523, 성창빌딩 1층 B호 (반포동)",6536,조커 게임랜드,127.022052779902,37.5087231568081
서울특별시 서초구 양재동 300 명우빌딩,"서울특별시 서초구 동산로19길 35-1, 명우빌딩 104호 (양재동)",6781,잭PC,127.046263193186,37.4740279127572
서울특별시 서초구 반포동 705-6 미성빌딩,"서울특별시 서초구 사평대로55길 139, 미성빌딩 지하1층 (반포동)",6534,3POP PC CAFE,127.019980401098,37.5100088988029
서울특별시 서초구 양재동,"서울특별시 서초구 마방로10길 53, 2층 (양재동)",6775,금강PC,127.045214384379,37.4754634473284
서울특별시 서초구 반포동,"서울특별시 서초구 사평대로55길 140, 2층 (반포동)",6535,플레이PC방,127.020295166733,37.5099911854509
서울특별시 서초구 방배동 911-1 진덕빌딩,"서울특별시 서초구 방배로13길 19, 진덕빌딩 지하1층 (방배동)",6686,옵티멈존PC카페,126.995401139741,37.4827114382902
서울특별시 서초구 반포동 706-3번지 세화빌딩,"서울특별시 서초구 신반포로 334, 지층 (반포동)",6535,탑플레이스PC 반포본점,127.02030809339,37.5105294433427
서울특별시 서초구 양재동 279 덕산빌딩,"서울특별시 서초구 논현로17길 19, 덕산빌딩 지하1층 (양재동)",6775,덤프PC방 양재점,127.044851166001,37.4758748066181
서울특별시 서초구 서초동 1593-7번지 서초이오빌 지하 비 103호,"서울특별시 서초구 효령로53길 45, 지하 비층 103호 (서초동, 서초이오빌)",6652,메이드PC방,127.012932415371,37.4865276721133
서울특별시 서초구 서초동 1589-12번지 오영빌딩,"서울특별시 서초구 반포대로14길 42, 오영빌딩 4층 (서초동)",6653,고릴라 PC방(서초점),127.013451848431,37.4858560926799
서울특별시 서초구 서초동 1671-5번지 201호,"서울특별시 서초구 서초중앙로22길 25, 201호 (서초동, 서초리시온)",6634,초콜릿PC방(교대점),127.015430187136,37.4934680144084
서울특별시 서초구 반포동 738-9번지 지층,"서울특별시 서초구 사평대로57길 45, 지층 (반포동)",6541,고고PC방,127.022516661801,37.5062451254438
서울특별시 서초구 양재동 8-4,"서울특별시 서초구 남부순환로356길 23, 3층 (양재동)",6738,플렉스PC(FLEX PC),127.038148024061,37.483903620675
서울특별시 서초구 양재동 8-59번지 지층,"서울특별시 서초구 남부순환로356길 39  (양재동,지층)",,에스존피씨방,127.038420614459,37.4832213787469
서울특별시 서초구 잠원동 75-10번지,"서울특별시 서초구 신반포로 157, 지하1층 (잠원동)",6512,ZENITH(제니스) PC방,127.001460546765,37.5055133936715
서울특별시 서초구 우면동 7-2,"서울특별시 서초구 바우뫼로6길 16, 지하1층 (우면동)",6763,제로백PC,127.025921741939,37.4696162017367
서울특별시 서초구 양재동 9-12번지 삼중빌딩,"서울특별시 서초구 강남대로30길 35, 삼중빌딩 (양재동)",6742,힘쎈수달 PC방,127.039148625825,37.4823358086155
서울특별시 서초구 반포동 722-3번지,서울특별시 서초구 강남대로 531  (반포동),,로마루 PC방,127.021605856873,37.5093207857364
서울특별시 서초구 잠원동 40-9 세기빌딩,"서울특별시 서초구 신반포로 329, 세기빌딩 2층 (잠원동)",6531,논현바닐라PC,127.019505342,37.5108041146939
서울특별시 서초구 잠원동 76-6번지 덕성빌딩,"서울특별시 서초구 반포대로 300, 지하1층 (잠원동)",6509,스타덤PC 고속터미널본점,127.001104294395,37.5059297520655
서울특별시 서초구 방배동 814-8번지 방배오피스텔,"서울특별시 서초구 동광로 56-1, 방배오피스텔 지하1층 (방배동)",6562,세븐PC방,126.988969504993,37.492036266032
서울특별시 서초구 반포동 52-1 쌍동빌딩,"서울특별시 서초구 고무래로 26, 쌍동빌딩 지하1층 (반포동)",6593,레벨업 PC방,127.011242817338,37.5023470946819
서울특별시 서초구 반포동 725-15번지,서울특별시 서초구 사평대로55길 75-1 (반포동),6540,샤넬노리터PC,127.021331763841,37.5071830213509
서울특별시 서초구 반포동,"서울특별시 서초구 주흥길 64-27, 1층 (반포동)",6537,심봉사가 눈뜨고간 놀토PC방,127.01962930294,37.5090644344911
서울특별시 서초구 서초동 1670-3번지,"서울특별시 서초구 서초대로54길 15, 지하1층 (서초동)",6633,맥스피드 PC방 교대점,127.01612200377,37.4934428740272
서울특별시 서초구 양재동 267-6번지,"서울특별시 서초구 언남11길 34-11, 1층 (양재동)",6776,놀토PC방,127.043453389273,37.475898394772
서울특별시 서초구 서초동 1670-14번지,"서울특별시 서초구 서초중앙로22길 53, 지층 (서초동)",6633,3POP PC방,127.016829031244,37.4936790194885
서울특별시 서초구 양재동,"서울특별시 서초구 남부순환로356길 33, 3층 (양재동, 광성빌딩)",6742,3POP PC방(양재동),127.038220097756,37.483559952717
서울특별시 서초구 양재동 326-10,"서울특별시 서초구 동산로 7, 지하1층 (양재동)",6779,아이언피쉬,127.040533696282,37.4692386239733
서울특별시 서초구 방배동 909-6 방배센트럴빌딩,"서울특별시 서초구 방배로 83, 방배센트럴빌딩 지하1층 (방배동)",6686,주식회사 옵티멈존피씨방방배역점,126.997007580557,37.4818646316946
서울특별시 서초구 양재동 290-0번지 (3층),"서울특별시 서초구 동산로15길 6  (양재동,(3층))",,번개PC방,127.04666870084,37.4727481387274
서울특별시 서초구 반포동 739-3번지 1층,"서울특별시 서초구 사평대로55길 33  (반포동,1층)",,라프시스템,127.022032365057,37.5054527826798
서울특별시 서초구 서초동 1307-7번지 프라자센타 203호,"서울특별시 서초구 강남대로61길 10,  203호 (서초동,프라자센타)",,GO PC 방,127.025484268881,37.4992617284625
서울특별시 서초구 방배동 792-8번지 (2층),"서울특별시 서초구 방배로35길 41  (방배동,(2층))",,제네시스21피시방방배점,126.987303974524,37.4920971870838
서울특별시 강남구 대치동 912-23번지 우진빌딩,"서울특별시 강남구 삼성로 349, 우진빌딩 지하1층 (대치동)",6202,G PC방 대치점,127.058505388195,37.5026839034347
서울특별시 강남구 논현동 234번지 M빌딩 지하1층,"서울특별시 강남구 논현로 612, M빌딩 지하1층 (논현동)",6109,탑플레이스 PC방 (언주역점),127.033735588603,37.5084063077102
서울특별시 강남구 역삼동 825-20 강남역 센트럴 푸르지오 시티,"서울특별시 강남구 테헤란로4길 6, 강남역 센트럴 푸르지오 시티 B2층 (역삼동)",6232,셰프PC방 강남점,127.029286360295,37.4976674173806
서울특별시 강남구 역삼동 735-37,"서울특별시 강남구 테헤란로20길 20, 지하2층 (역삼동)",6235,SOUND PC,127.03451238865,37.498362123762
서울특별시 강남구 역삼동 747-24번지 해은빌딩,"서울특별시 강남구 논현로 405, 해은빌딩 지층 (역삼동)",6247,리얼피시방(Real PC방),127.038722085697,37.4962263345506
서울특별시 강남구 청담동 76-4번지 추탄빌딩,"서울특별시 강남구 삼성로 706, 추탄빌딩 지하1층 (청담동)",6074,ing pc cafe,127.050302008586,37.5193424765552
서울특별시 강남구 논현동 148-9,서울특별시 강남구 학동로20길 40 (논현동),6113,논현24PC방,127.027646765019,37.5109643101244
서울특별시 강남구 역삼동 819번지 지하2층,"서울특별시 강남구 강남대로94길 10, 지하2층 (역삼동)",6134,오즈피씨카페리저브 강남점,127.028227205943,37.4991963225538
서울특별시 강남구 자곡동 635번지 고수일레븐  지하1층,"서울특별시 강남구 자곡로 110, 고수일레븐 지하1층 (자곡동)",6373,OZ ARENA PC CAFE,127.095704619971,37.4720314869522
서울특별시 강남구 논현동 165-8 한맥빌딩 지하2층,"서울특별시 강남구 강남대로 492, 한맥빌딩 지하2층 (논현동)",6119,옵티멈존피씨카페논현점,127.024113155649,37.5062072384237
서울특별시 강남구 논현동 234-24번지 1층,"서울특별시 강남구 봉은사로29길 5, 1층 (논현동)",6109,논현PC,127.034615454935,37.5080107823293
서울특별시 강남구 논현동 242-31번지 영창빌딩  지하1층,"서울특별시 강남구 선릉로 663, 영창빌딩 지하1층 (논현동)",6099,맥스피드PC 강남구청점,127.041486080177,37.5158418999936
서울특별시 강남구 역삼동 681-51 지하1층,"서울특별시 강남구 봉은사로50길 8, 지하1층 (역삼동)",6143,네오PC방 선정릉역점,127.042421178616,37.5092275667302
서울특별시 강남구 삼성동 49-11번지 세창빌딩   지하1층,"서울특별시 강남구 봉은사로 467, 세창빌딩 지하1층 (삼성동)",6096,제로백PC방,127.05063313853,37.5125244408451
서울특별시 강남구 개포동 1259-1번지 유진빌딩   지하1층,"서울특별시 강남구 개포로 237, 유진빌딩 지하1층 (개포동)",6306,NEOX PC방,127.048623118642,37.4790837015379
서울특별시 강남구 대치동 957-13번지 하이글로빌딩   지하1층,"서울특별시 강남구 삼성로 430, 하이글로빌딩 지하1층 (대치동)",6185,3POP PC CAFE,127.057775113361,37.5052878981505
서울특별시 강남구 논현동 143-20 범성빌딩,"서울특별시 강남구 강남대로 522, 범성빌딩 (논현동)",6114,에이스PC,127.022822366763,37.5088399610431
서울특별시 강남구 수서동 725번지 수서타워,"서울특별시 강남구 광평로56길 8-13, 수서타워 지하111~117층 (수서동)",6367,바나나PC,127.103173559444,37.4867575979651
서울특별시 강남구 논현동 228-6번지 성우빌딩,"서울특별시 강남구 봉은사로29길 21, 성우빌딩 1층 201호 (논현동)",6108,헌터피씨방 언주역점,127.034008002419,37.5087955537566
서울특별시 강남구 대치동 605번지 대치 프라자,"서울특별시 강남구 남부순환로 2935, 대치 프라자 B1호 (대치동)",6280,제너스 PC 대치점,127.061334443036,37.4939940652114
서울특별시 강남구 신사동 610-5 구정빌딩,"서울특별시 강남구 논현로 868, 구정빌딩 지하1층 (신사동)",6022,단골PC cafe,127.028885110878,37.5260853713573
서울특별시 강남구 신사동 664,"서울특별시 강남구 압구정로 344, 지하1층 (신사동)",6018,OX PC 압구정로데오역점,127.039850205178,37.5277013711974
서울특별시 강남구 논현동 200 제우빌딩,"서울특별시 강남구 강남대로 478, 제우빌딩 지하 1층 (논현동)",6120,옵티멈존피씨카페 신논현역점,127.024669466556,37.5051062753525
서울특별시 강남구 대치동 890-43,"서울특별시 강남구 테헤란로70길 14-12, 지하1층 (대치동)",6193,선릉PC,127.052792649128,37.5042343418543
서울특별시 강남구 역삼동 723-7번지 CNY빌딩 지하1층,서울특별시 강남구 언주로85길 23-6 (역삼동),6222,피크PC방 역삼,127.041365611314,37.5004640425171
서울특별시 강남구 논현동 149-6 지하1층,서울특별시 강남구 학동로20길 39 (논현동),6115,친친 피씨(PC)방,127.027854694435,37.51076838291
"서울특별시 강남구 세곡동 581번지 304, 305호 ","서울특별시 강남구 헌릉로 569, 304,305호 (세곡동)",6376,NB PC CAFE,,
서울특별시 강남구 대치동 906-22 지하1층,"서울특별시 강남구 역삼로 419, 지하1층 (대치동)",6197,엔탑pc,127.05285965095,37.5014163267969
서울특별시 강남구 신사동 576-7,"서울특별시 강남구 압구정로28길 28, 지하 1층 (신사동)",6030,인디고PC 압구정점,127.027513165818,37.5247718575064
서울특별시 강남구 역삼동 756-18,"서울특별시 강남구 선릉로 313, 3층 301~302호 (역삼동, 삼미빌딩)",6218,F3PC방,127.051936356113,37.4976408900635
서울특별시 강남구 대치동 941-26번지 지하1층,"서울특별시 강남구 도곡로 445 (대치동, 현민빌딩)",6209,파빌리온PC카페,127.059038034124,37.4986301029887
서울특별시 강남구 신사동 512-9,"서울특별시 강남구 압구정로2길 60, 지하1층 (신사동, MG타워)",6035,IRIS PC POP 신사점,127.0213097141,37.5179415559451
서울특별시 강남구 대치동 991-1 남평빌딩,"서울특별시 강남구 도곡로 526, 남평빌딩 지하 1층 (대치동)",6282,레벨업PC 대치점,127.063898080574,37.4995548896881
서울특별시 강남구 도곡동 411-17번지 지하1층,서울특별시 강남구 남부순환로 2732 (도곡동),6296,GEEKSTAR PC CAFE,127.044864329262,37.4857901351878
서울특별시 강남구 역삼동 751-7 녹동빌딩,"서울특별시 강남구 역삼로 149, 녹동빌딩 지하1층 (역삼동)",6244,강남탑PC방,127.035461246887,37.4948954901706
서울특별시 강남구 대치동 994-8번지,"서울특별시 강남구 영동대로 221, 지층 2호 (대치동)",6283,더나인PC방,127.068117178661,37.4986572925855
서울특별시 강남구 삼성동 157-19,"서울특별시 강남구 삼성로92길 13, 비1층 (삼성동)",6168,주식회사 리그넷,127.057579050714,37.5080017308129
서울특별시 강남구 도곡동 957-14 하늘빌딩,"서울특별시 강남구 남부순환로 2609, 하늘빌딩 지하 1층 (도곡동)",6267,게임이너스 양재점,127.035096207425,37.4849629812617
서울특별시 강남구 신사동 513-4 지하1층,서울특별시 강남구 도산대로 113 (신사동),6035,오즈 쓰리팝 PC방,127.020850541799,37.5170146855589
서울특별시 강남구 일원동 731 한솔상가  지하1층,"서울특별시 강남구 광평로10길 6, 지하1층 (일원동, 한솔마을아파트)",6359,웨이브피씨방(WAVE PC),127.076520309277,37.4826291743574
서울특별시 강남구 개포동 12-4번지 석탑프라자 지하101호,"서울특별시 강남구 개포로 615 (개포동, 석탑프라자)",6335,유니넷PC방,127.07558248914,37.4926580850327
서울특별시 강남구 일원동 645-4번지,"서울특별시 강남구 일원로9길 58, 지층 (일원동)",6342,PC베네일원점,127.086198098506,37.4906125582372
서울특별시 강남구 역삼동 776-19번지,"서울특별시 강남구 논현로 328, 지하1층 (역삼동)",6227,탑 플레이스 pc방,127.04021882471,37.4946760127449
서울특별시 강남구 대치동 906-23 지하1층,서울특별시 강남구 역삼로 417 (대치동),6197,제로100PC대치점,127.052694154026,37.5013541412334
서울특별시 강남구 일원동 666-1번지,"서울특별시 강남구 일원로9길 24, 지하1층 (일원동)",6343,덤프PC방,127.083536271134,37.4897718482458
서울특별시 강남구 삼성동 120-18 정화빌딩,"서울특별시 강남구 삼성로 549, 정화빌딩 지하1층 (삼성동)",6155,미슐랭PC,127.054270559443,37.5106008934452
서울특별시 강남구 논현동 127-14번지 논현2호주차장  지하1층,"서울특별시 강남구 학동로20길 13, 논현2호주차장 지하1 층 (논현동)",6112,3POP PC cafe,127.028563172387,37.5122073879479
서울특별시 강남구 일원동 687번지 소림빌딩,"서울특별시 강남구 일원로 53, 소림빌딩 지하1층 (일원동)",6343,독스 PC방 일원점,127.081809638604,37.4892626357407
서울특별시 강남구 역삼동 818-12번지,"서울특별시 강남구 강남대로94길 13, 지하1층층 (역삼동)",6129,THE MAZE VR,127.028419603321,37.4995844298918
서울특별시 강남구 역삼동 672-37번지 2층,서울특별시 강남구 언주로93길 30 (역삼동),6139,피씨앤쿡 PC방,127.039576076366,37.5034754564683
서울특별시 강남구 논현동 143-16번지,"서울특별시 강남구 강남대로124길 3-6, 지하1층 (논현동, 호은빌딩)",6114,엔탑PC방,127.023046835449,37.5090755301994
서울특별시 강남구 삼성동 106-6 지하1층,서울특별시 강남구 영동대로112길 5 (삼성동),6082,3 POP PC CAFE (쓰리팝 PC CAFE),127.060674563027,37.515168030351
서울특별시 강남구 신사동 660-5 효정빌딩,"서울특별시 강남구 압구정로 328, 효정빌딩 지하1층 (신사동)",6018,포텐(4TEN) PC,127.037467975824,37.5283378978473
서울특별시 강남구 논현동 242-29 라이즈스퀘어,"서울특별시 강남구 선릉로 667, 라이즈스퀘어 지하1층  호 (논현동)",6099,픽(PICK) PC방,127.04132524415,37.5162728163012
서울특별시 강남구 역삼동 827-5번지 정우씨티,"서울특별시 강남구 테헤란로4길 29, 정우씨티 지하2층 (역삼동)",6240,3POP PC방,127.030533475533,37.4965606656082
서울특별시 강남구 개포동 160 지하1층,"서울특별시 강남구 선릉로8길 20, 지하1층 (개포동)",6325,제로백PC,127.06221238153,37.4833363967378
서울특별시 강남구 청담동 124-7번지 청담빌딩 지하1층,"서울특별시 강남구 도산대로 515, 지하1층 (청담동, 청담빌딩)",6012,샹떼PC방,,
서울특별시 강남구 신사동 610번지,서울특별시 강남구 압구정로30길 12 (신사동),6022,오즈쓰리팝 PC방,127.029081289706,37.5267021492241
서울특별시 강남구 역삼동 697-11,"서울특별시 강남구 선릉로93길 18, 지하1층 (역삼동)",6148,긱스타 피시 카페,127.046910806699,37.5052246863106
서울특별시 강남구 대치동 889-68번지 현대선릉 GOLD TOWER,"서울특별시 강남구 선릉로86길 15, 현대선릉 GOLD TOWER 지하1층 (대치동)",6192,쓰리팝피씨카페,127.05083685187,37.5035255678446
서울특별시 강남구 신사동 581-15 한승빌딩,"서울특별시 강남구 논현로 867, 한승빌딩 지하1층 (신사동)",6030,콤마PC카페 압구정역점,127.028189969547,37.5261817663485
서울특별시 강남구 개포동 1258-6번지 지하1층,서울특별시 강남구 개포로 233 (개포동),6306,스타일 PC방,127.048118503982,37.4790268742332
서울특별시 강남구 논현동 95번지 지하1층,"서울특별시 강남구 도산대로50길 9, 지하1층 (논현동)",6055,맥스피드PC방,127.037636286238,37.521746562403
서울특별시 강남구 역삼동 798-29,"서울특별시 강남구 논현로63길 19, 지상2층 (역삼동)",6257,제로백PC 역삼점,127.039290058825,37.4924661549789
서울특별시 강남구 대치동 1021-2번지 지하1층,"서울특별시 강남구 도곡로 448 (대치동, 동서빌딩)",6279,반트PC,127.059547645759,37.498109786403
서울특별시 강남구 대치동 507-1,"서울특별시 강남구 남부순환로 2942, 지층 (대치동, 풍림프라자)",6291,풀타임 pc방,127.062321346803,37.4936457600425
서울특별시 강남구 일원동 666-8번지 지하1층,서울특별시 강남구 일원로9길 40 (일원동),6343,덤프PC방,127.084869861401,37.4901658994189
서울특별시 강남구 개포동 1258-1번지 우덕빌딩지하1층,서울특별시 강남구 개포로 223 (개포동),6306,매직엔PC방,127.047255591553,37.4789414464188
서울특별시 강남구 일원동 666-4번지,"서울특별시 강남구 일원로9길 30, 지하1층 (일원동)",6343,이스포츠PC방  강남일원점(E-SPORTS PC),127.084104094843,37.4899425466984
서울특별시 강남구 신사동 660-8번지,"서울특별시 강남구 압구정로 334, 지하1층 (신사동)",6018,피크 PC방,127.038060817396,37.5281701219536
서울특별시 강남구 청담동 129-3,"서울특별시 강남구 도산대로 549, 지층 (청담동)",6013,스콜피언,127.05394252645,37.5256493296837
서울특별시 강남구 역삼동 796-29 강남서해그랑블,"서울특별시 강남구 논현로63길 16, 109호 (역삼동, 강남서해그랑블)",6257,아우디PC방24,127.039114558338,37.4928940114283
서울특별시 강남구 삼성동 49-11번지 3층,"서울특별시 강남구 봉은사로 467  (삼성동,3층)",,사이버리아멀티PC방,127.05063313853,37.5125244408451
서울특별시 강남구 대치동 889-71번지,서울특별시 강남구 테헤란로64길 20  (대치동),,사이버리아 선릉점,127.051264642306,37.5036212499537
서울특별시 강남구 포이동 190-0번지,,,겜매니아,,
서울특별시 송파구 문정동 60번지,서울특별시 송파구 새말로5길 28  (문정동),,프리존,127.123828547161,37.4851127877889
서울특별시 관악구 신림동 1432-1 영지오피스텔 201호,"서울특별시 관악구 신림동길 7-1, 영지오피스텔 2층 201호 (신림동)",8760,초콜릿PC,126.927813421746,37.4872013649081
서울특별시 송파구 가락동 71-3,"서울특별시 송파구 중대로9길 54, 201호 (가락동)",5713,메가PC,127.119633600715,37.4973508922167
서울특별시 송파구 방이동 34-2 현대드림밸리,"서울특별시 송파구 오금로11길 11-8, 현대드림밸리 203, 204호 (방이동)",5542,X PC Cafe,127.108747772156,37.5149817338907
서울특별시 송파구 방이동 110-2 영빌딩,"서울특별시 송파구 백제고분로 454, 영빌딩 2층 (방이동)",5641,에코스PC방,127.112989070614,37.5110346904453
서울특별시 송파구 가락동 175-28,"서울특별시 송파구 동남로20길 31, 1층 102호 (가락동)",5770,골드PC,127.135144578111,37.4952449134611
서울특별시 송파구 문정동 652 송파법조타운푸르지오,"서울특별시 송파구 법원로4길 5, 송파법조타운푸르지오 제지1층 제비138,139,140,141,142호 (문정동)",5855,리얼PC방,,
서울특별시 송파구 가락동 87-1번지 MOXENHOUSE 지하1층,"서울특별시 송파구 중대로9길 48, MOXENHOUSE 지하1층 (가락동)",5712,크로스PC,127.119162146982,37.4970662002956
서울특별시 송파구 가락동 89-2,"서울특별시 송파구 중대로9길 43, 2층 (가락동)",5711,황금성PC방,127.118471249154,37.4969561615283
서울특별시 송파구 가락동 189-23,"서울특별시 송파구 동남로18길 41, 102호 (가락동)",5782,대박PC,127.134412295922,37.4931214461811
서울특별시 송파구 잠실동 189-4 성경빌딩,"서울특별시 송파구 백제고분로7길 28-17, 성경빌딩 지층 (잠실동)",5560,황금PC,127.08235996733,37.5099590806724
서울특별시 송파구 가락동 82-6 다보빌딩,"서울특별시 송파구 중대로9길 30, 다보빌딩 101호 (가락동)",5712,PC고래,127.118793108964,37.4958265171815
서울특별시 송파구 마천동 33 대산빌딩,"서울특별시 송파구 마천로 251, 대산빌딩 2층 (마천동)",5734,인디고PC방 마천점,127.145366951043,37.4990130371988
서울특별시 송파구 가락동 17-3,"서울특별시 송파구 오금로36길 27, 1층 (가락동)",5703,물라PC,127.124305426735,37.5012608483399
서울특별시 송파구 가락동 78 아이티벤처타워 105호,"서울특별시 송파구 중대로 135, 아이티벤처타워 지층 105호 (가락동)",5717,도그PC,127.122426977874,37.4950959654807
서울특별시 송파구 가락동 77-7 송파 N-Suite,"서울특별시 송파구 송파대로28길 35, 2층 206호 (가락동, 송파 N-Suite)",5717,황금바다PC,127.121466959558,37.4954056412176
서울특별시 송파구 가락동 98-2 훼밀리오피스텔,"서울특별시 송파구 송파대로30길 8, 훼밀리오피스텔 1층 7호 (가락동)",5719,경희 게임랜드,127.118405222237,37.4942436581716
서울특별시 송파구 문정동 652 송파법조타운푸르지오,"서울특별시 송파구 법원로4길 5, 송파법조타운푸르지오 지1층 B115호 (문정동)",5855,퍼플인PC방,127.121873324034,37.482913928496
서울특별시 송파구 가락동 87번지 유일빌딩,"서울특별시 송파구 중대로9길 50, 유일빌딩 B02호 (가락동)",5712,고고PC,127.119387448007,37.497159497251
서울특별시 송파구 장지동 841-4 대진플라자2,"서울특별시 송파구 충민로2길 28, 대진플라자2 지층 B01호 (장지동)",5816,이로운PC,,
서울특별시 송파구 잠실동 189-9 남광빌딩,"서울특별시 송파구 백제고분로7길 32-10, 남광빌딩 2층 (잠실동)",5560,골드9 pc,127.082479429053,37.5102885847034
서울특별시 송파구 마천동 202-9 구본빌딩,"서울특별시 송파구 성내천로 261, 구본빌딩 지층 (마천동)",5749,모아 PC,127.154353660275,37.4972270164146
서울특별시 송파구 방이동 111-14 2층,"서울특별시 송파구 백제고분로48길 8 (방이동,2층)",,쿨라인,127.114054055606,37.5114655181139
서울특별시 송파구 가락동 189-30번지 2층,"서울특별시 송파구 동남로18길 31  (가락동,2층)",,뉴,127.133553323084,37.4938068248688
서울특별시 송파구 송파동 84-6 지층,"서울특별시 송파구 백제고분로 378 (송파동,지층)",,메가웹스테이션,127.108244727875,37.5054023594673
서울특별시 송파구 신천동 11-4번지 잠실 푸르지오 월드마크,"서울특별시 송파구 올림픽로35가길 9, B06~B11호 (신천동, 잠실 푸르지오 월드마크)",5510,RUN 2 PC CAFE,127.103444795508,37.5174846188512
서울특별시 송파구 잠실동 175-2번지 위너스오피스텔1,"서울특별시 송파구 백제고분로 63, 위너스오피스텔1 지하101호 (잠실동)",5556,아이리스PC 잠실점,127.07891303376,37.5110739938422
서울특별시 송파구 석촌동 174-10 청솔학원,"서울특별시 송파구 송파대로 437, 지하1층 (석촌동)",5616,탑스타PC방 석촌역점,127.106325433287,37.505623046794
서울특별시 송파구 방이동 109 욱일빌딩,"서울특별시 송파구 오금로15길 2, 욱일빌딩 2층 (방이동)",5549,복PC,127.109206950727,37.5119928613791
서울특별시 송파구 가락동 88 보광빌라,"서울특별시 송파구 중대로9길 29, 보광빌라 103호 (가락동)",5711,단골PC,127.118513633851,37.4957256148739
서울특별시 송파구 가락동 96-12,"서울특별시 송파구 송파대로 286, 2층 201호 (가락동)",5711,마카오PC,127.117167801024,37.4949097445699
서울특별시 송파구 가락동 87-2,"서울특별시 송파구 중대로9길 46, 2층 201호 (가락동)",5712,쎄븐 PC,127.118999690366,37.4970243771691
서울특별시 송파구 가락동 96-4,"서울특별시 송파구 송파대로32길 4, 1층 (가락동)",5711,판도라PC,127.117235587428,37.4951589857894
서울특별시 송파구 가락동 86-2,"서울특별시 송파구 양재대로62길 36-1, 1층 (가락동)",5712,스타PC,127.119706367824,37.4966756946576
서울특별시 송파구 가락동 75-13,"서울특별시 송파구 양재대로62길 37-1, 2층 (가락동)",5713,퍼펙트PC,127.120215208735,37.496651030994
서울특별시 송파구 잠실동 193-7,서울특별시 송파구 백제고분로7길 16 (잠실동),5561,로또PC,127.080562243241,37.5104486647966
서울특별시 송파구 삼전동 28-8,"서울특별시 송파구 백제고분로 198, 지층 B01호 (삼전동)",5581,제로백PC 삼전역점,127.088561618297,37.5039376838599
서울특별시 송파구 가락동 79-5 밀리아나2차오피스텔,"서울특별시 송파구 송파대로28길 24, 밀리아나2차오피스텔 1층 일부105호 (가락동)",5718,썬PC,127.120544891541,37.4942847426139
서울특별시 송파구 가락동 83-9,"서울특별시 송파구 중대로9길 40, 2층 (가락동)",5712,역전PC,127.118608589528,37.4964905639557
서울특별시 송파구 잠실동 190-6 향원빌딩,"서울특별시 송파구 백제고분로9길 27, 향원빌딩 2층 (잠실동)",5560,ZOO PC방,127.082114763805,37.5097592284137
서울특별시 송파구 삼전동 30-13 지층,"서울특별시 송파구 삼전로6길 15 (삼전동,지층)",,뮤토PC,127.088889014623,37.5028755130831
서울특별시 송파구 잠실동 205 3층,"서울특별시 송파구 올림픽로12길 21, 3층 (잠실동)",5559,스토지안PC카페,127.083323705114,37.5097316219785
서울특별시 송파구 마천동 43번지 1층,"서울특별시 송파구 거마로 76  (마천동,1층)",,왕pc방,127.147507318502,37.4994476419741
서울특별시 송파구 오금동 18-21번지,"서울특별시 송파구 마천로7가길 5, 지하1층 (오금동)",5657,힘쎈수달PC방,127.127673994251,37.5089132733626
서울특별시 송파구 마천동 24-1번지 2층,"서울특별시 송파구 성내천로21길 12  (마천동,2층)",,호박,127.144743251824,37.5004094604254
서울특별시 송파구 송파동 39-19,"서울특별시 송파구 백제고분로45길 23-5, 1층 (송파동)",5622,대박PC,127.108680651225,37.5098800418418
서울특별시 송파구 가락동 191-7번지,"서울특별시 송파구 오금로46길 30, 2층 (가락동, 경원빌딩)",5783,라이온PC,127.134222861335,37.4951283829592
서울특별시 송파구 송파동 150-1번지,"서울특별시 송파구 가락로28길 5, 지하1층 (송파동)",5671,샤먼PC CAFE,127.116639701972,37.5066105446509
서울특별시 송파구 문정동 137번지 2층,"서울특별시 송파구 송이로31길 26, 2층 (문정동)",5793,힘쎈수달PC방,,
서울특별시 송파구 가락동 35-5번지 1층,"서울특별시 송파구 송이로19길 42-3, 1층 (가락동)",5704,놀토PC방,127.124978586801,37.4997919496411
서울특별시 송파구 삼전동 31-9,"서울특별시 송파구 삼전로6길 8, 103호 (삼전동)",5593,달려라PC방,127.087944955678,37.5029173956341
서울특별시 송파구 잠실동 184-4 지층,"서울특별시 송파구 올림픽로 120 (잠실동,지층)",,짱빨라PC방,127.084072505762,37.5113900204382
서울특별시 송파구 문정동 136-26번지 2층,"서울특별시 송파구 송이로31길 24 (문정동,2층)",,ON PC ZONE,,
서울특별시 송파구 삼전동 122-5 201호,"서울특별시 송파구 백제고분로31길 14, 201호 (삼전동)",,라온PC클럽,127.095613956636,37.5037923501544
서울특별시 송파구 송파동 9-9 2층,"서울특별시 송파구 백제고분로41길 39 (송파동,2층)",,엣지,127.105894953242,37.5089654397773
서울특별시 송파구 삼전동 179-5 지층,"서울특별시 송파구 백제고분로32길 7, 지층 (삼전동)",5585,엔트,127.095259078048,37.5016673453649
서울특별시 송파구 문정동 29-3번지 2층,"서울특별시 송파구 동남로6길 6, 2층 (문정동)",5804,JMT PC,127.124137336585,37.4896246192276
서울특별시 송파구 마천동 129-13번지 202호,"서울특별시 송파구 거마로20길 23, 202호 (마천동)",5756,망고톡PC방,127.148999750435,37.4973420111008
서울특별시 송파구 가락동 7-8 2층,"서울특별시 송파구 오금로36길 16 (가락동,2층)",,크리스탈,127.124853987288,37.5023198520593
서울특별시 송파구 마천동 308-31번지 2층,"서울특별시 송파구 마천로 349  (마천동,2층)",,디프,127.153106464318,37.4928064116194
서울특별시 송파구 송파동 25 덕성빌딩,"서울특별시 송파구 백제고분로41길 24, 지층 (송파동)",5622,오케이PC방,127.107271771624,37.5080270627702
서울특별시 송파구 마천동 128-5번지,"서울특별시 송파구 마천로41길 22, 지층 (마천동)",5757,비타민PC방,127.14994730411,37.4968946341351
서울특별시 송파구 풍납동 259-8,"서울특별시 송파구 토성로 26, 지하1층 (풍납동)",5536,스카이캐슬,127.113171175011,37.5304350820703
서울특별시 송파구 삼전동 2-4 1층,"서울특별시 송파구 삼전로12길 7, 1층 (삼전동)",5599,삼전PC,127.091039605159,37.5065050159512
서울특별시 송파구 삼전동 91-9 2층,"서울특별시 송파구 백제고분로27길 33, 2층 (삼전동, 암태빌딩)",5600,아이비스PC,127.093613765382,37.5060665572441
서울특별시 송파구 방이동 173-10 지층,"서울특별시 송파구 백제고분로50길 27, 지층 (방이동, 경일빌딩)",5628,와드PC,127.117760154013,37.5135781589756
서울특별시 송파구 마천동 308-31,"서울특별시 송파구 마천로 349, 1층 101호 (마천동)",5763,올스타,127.153106464318,37.4928064116194
서울특별시 송파구 가락동 75-16,서울특별시 송파구 양재대로62길 41-1 (가락동),5713,에이스PC,127.120481874877,37.4963774841726
서울특별시 송파구 가락동 181-14 일정빌딩,"서울특별시 송파구 오금로46길 25, 일정빌딩 지층 (가락동)",5782,시즌PC,127.13480194333,37.4951846672063
서울특별시 송파구 가락동 180-9 지층,"서울특별시 송파구 문정로 143, 지층 (가락동)",5782,셀프넷PC방,127.135605953678,37.4924927112115
서울특별시 송파구 문정동 51번지 지층,"서울특별시 송파구 동남로2길 33, 지층 (문정동)",5806,아이비스,127.123627376911,37.4864706369344
서울특별시 송파구 석촌동 212-4 2층,"서울특별시 송파구 삼학사로12길 14 (석촌동,2층)",,로하스,127.09859524555,37.5015438732762
서울특별시 송파구 가락동 19-3번지 지층,"서울특별시 송파구 오금로36길 22  (가락동,지층)",,사이버파크,127.124420535865,37.5018634096248
서울특별시 송파구 거여동 35-7번지 1층,"서울특별시 송파구 오금로 529  (거여동,1층)",,뉴스피드존,,
서울특별시 송파구 풍납동 87-7 지층,"서울특별시 송파구 바람드리길 21 (풍납동,지층)",,작지만 큰 PC방,127.118223831326,37.5379766411933
서울특별시 송파구 가락동 174번지 지층,"서울특별시 송파구 동남로20길 21  (가락동,지층)",,AGAIN,127.134593251787,37.4957212741239
서울특별시 송파구 문정동 150-35번지,"서울특별시 송파구 송파대로27길 30, 지층 (문정동)",5833,힘쎈수달PC방,127.11577628751,37.4909273152145
서울특별시 송파구 가락동 96-8번지,"서울특별시 송파구 송파대로32길 6-7, 1층 (가락동)",5711,메이드PC,127.117695691666,37.4950694187729
서울특별시 송파구 송파동 149,"서울특별시 송파구 가락로28길 9, 지1층 (송파동, 명동빌딩)",5671,핫플PC방,127.116954142891,37.5061910863799
서울특별시 송파구 장지동 880-1 성희프라자,"서울특별시 송파구 위례광장로 199, 성희프라자 4층 407,408,409호 (장지동)",5849,topstar PC 위례점,127.142760998646,37.4816895827721
서울특별시 송파구 송파동 161 미성상가,"서울특별시 송파구 오금로24길 13, 미성상가 1층 6호 (송파동)",5672,올스타PC방,127.11796886887,37.5056896593404
서울특별시 송파구 마천동 144-11번지 지층,"서울특별시 송파구 성내천로32길 20-3, 지층 (마천동)",5751,그린PC,127.151252266338,37.4979977837515
서울특별시 송파구 가락동 82-3번지 301호,"서울특별시 송파구 중대로9길 24, 301호 (가락동)",5712,투카PC방,127.119140285549,37.4952639396378
서울특별시 송파구 오금동 72-6 지층,"서울특별시 송파구 마천로 144 (오금동,지층)",,버팔로PC방,127.135301130663,37.504358765295
서울특별시 송파구 문정동 644 문정현대지식산업센터1-1,"서울특별시 송파구 법원로11길 11, 문정현대지식산업센터1-1 A동 1층 117호 (문정동)",5836,문정PC,127.118322322397,37.4846302643031
서울특별시 송파구 송파동 96-2,"서울특별시 송파구 송파대로 396, 지하1층 (송파동)",5668,Play# PC,127.109801165729,37.5028451320194
서울특별시 송파구 오금동 19-2,"서울특별시 송파구 마천로7길 5, 지층 (오금동)",5657,NU PC,127.127752514132,37.5085969359927
서울특별시 송파구 마천동 128-61번지,서울특별시 송파구 마천로41길 20 (마천동),5756,제노 PC cafe,127.149631601697,37.4969665742871
서울특별시 송파구 삼전동 8-15,"서울특별시 송파구 백제고분로21길 5, 2층 (삼전동)",5606,힘쎈수달,127.089690068942,37.5044911308581
서울특별시 송파구 가락동 188-15 시온빌딩,"서울특별시 송파구 오금로46길 29, 시온빌딩 2층 (가락동)",5782,샤먼 PC cafe,127.134432593103,37.4949192011388
서울특별시 송파구 마천동 307-41번지 2층,"서울특별시 송파구 마천로 335 (마천동,2층)",,상상PC방,127.152163901234,37.493672415267
서울특별시 송파구 잠실동 247-10 2층,"서울특별시 송파구 백제고분로19길 14 (잠실동,2층)",,샹떼 PC방,127.087118886126,37.5060052118567
서울특별시 송파구 삼전동 22-5 지층,"서울특별시 송파구 석촌호수로 144 (삼전동,지층)",,피크PC방 삼전,127.092992583428,37.5069430948791
서울특별시 송파구 거여동 235번지 2층,"서울특별시 송파구 거마로8길 25, 2층층 (거여동)",5768,페이지PC방,,
서울특별시 송파구 가락동 197-17번지 2층,"서울특별시 송파구 동남로18길 34 (가락동,2층)",,올래PC방,127.133510399257,37.49345187684
서울특별시 송파구 가락동 30-2 2층,"서울특별시 송파구 오금로36길 39 (가락동,2층)",,위즈PC존,127.123654767631,37.5004112523716
서울특별시 송파구 방이동 114-13 강호빌딩 102호,"서울특별시 송파구 오금로19길 6, 강호빌딩 102호 (방이동)",5641,대박PC방,127.113586150261,37.5102083475935
서울특별시 송파구 거여동 21-4번지 2층,"서울특별시 송파구 오금로 485  (거여동,2층)",,아이팝,127.143012725972,37.4939943343576
서울특별시 송파구 삼전동 9-19 지하1층,"서울특별시 송파구 백제고분로 207, 지하1층 (삼전동)",5605,엔플PC방,127.089795706905,37.5041183948621
서울특별시 송파구 잠실동 177-3,"서울특별시 송파구 백제고분로7길 9, 지하1층층 (잠실동)",5556,딘PC방,127.079865189251,37.5105682509183
서울특별시 송파구 문정동 51-1,"서울특별시 송파구 문정로 9, 지층 (문정동)",5806,비원PC,127.123810718767,37.4863680003765
서울특별시 송파구 삼전동 6-9,서울특별시 송파구 삼전로8길 9 (삼전동),,로하스PC방(잠실정),127.090069671623,37.5051928150991
서울특별시 송파구 가락동 189-29 2층,"서울특별시 송파구 동남로18길 31-1 (가락동,2층)",,아이비스PC방 가락동점,127.133689818035,37.4936839534089
서울특별시 송파구 가락동 87-3 지층,"서울특별시 송파구 중대로9길 44, 지층 (가락동)",5712,이스포츠센터PC,127.118883305945,37.4968691608981
서울특별시 송파구 방이동 105-7 지하,"서울특별시 송파구 오금로17길 6 (방이동,지하)",,월드PC방,127.11162553962,37.5112386226643
서울특별시 송파구 문정동 138-19번지 1층,"서울특별시 송파구 송이로31길 32-6, 1층 (문정동)",5793,뉴월드PC,,
서울특별시 송파구 문정동 111-7 금성빌딩,"서울특별시 송파구 새말로 183, 금성빌딩 (문정동)",5800,PDS PC,127.132518991882,37.4864537001564
서울특별시 송파구 송파동 143-6 1층,"서울특별시 송파구 백제고분로46길 43, 1층 (송파동)",5663,봉봉PC게임,127.115624287487,37.5068260721295
서울특별시 송파구 풍납동 78-83,"서울특별시 송파구 바람드리길 41, 지층 (풍납동)",5512,제노PC카페,127.120450241299,37.5374958702838
서울특별시 송파구 삼전동 179 2층 201호,서울특별시 송파구 백제고분로32길 5 (삼전동),5585,아이닉스,127.095268788644,37.5018333027531
서울특별시 송파구 문정동 41-4번지 2층,"서울특별시 송파구 동남로4길 12  (문정동,2층)",,이네이처,127.124095513204,37.4889495384625
서울특별시 송파구 삼전동 31-14 2층,"서울특별시 송파구 삼전로6길 16 (삼전동,2층)",,마우스2,127.088811432301,37.502684648388
서울특별시 송파구 가락동 46-14번지 지하1층,"서울특별시 송파구 오금로36길 60 (가락동,지하1층)",,TEMA PC방,127.122055977325,37.4990699661926
서울특별시 송파구 잠실동 246 지층,"서울특별시 송파구 삼전로9길 19, 지층 (잠실동)",5567,망고피시방,127.087343203156,37.5065269983435
서울특별시 송파구 가락동 99-1,"서울특별시 송파구 송파대로28길 12, 2층 (가락동, 밀리아나1차오피스텔)",5719,룰루PC Zone,127.119449271668,37.4937301146394
서울특별시 송파구 송파동 122-3 2층,"서울특별시 송파구 가락로 173-1, 2층 (송파동)",5664,몽키타운,127.114207097572,37.5043441013731
서울특별시 송파구 거여동 5,"서울특별시 송파구 성내천로 124, 2층 (거여동)",5736,이스포츠카페PC,127.142029936425,37.4990660209644
서울특별시 송파구 문정동 72-1,"서울특별시 송파구 새말로 100, 2층 (문정동)",5817,가자PC방,127.125045476866,37.4825278655442
서울특별시 송파구 마천동 329-39번지,"서울특별시 송파구 성내천로 332, 1층 101호 (마천동)",5763,산성바닐라PC방,127.156869077528,37.4913085978676
서울특별시 송파구 마천동 115-20,"서울특별시 송파구 마천로 277, 1층 (마천동)",5755,물라PC,127.147534389311,37.4974574670409
서울특별시 송파구 가락동 91-4,"서울특별시 송파구 중대로9길 47, 101호 (가락동)",5711,뉴가락PC,127.118977113347,37.4973347063923
서울특별시 송파구 잠실동 299-10,서울특별시 송파구 도곡로64길 24 (잠실동),,웹씨티,127.080450404481,37.5046731204516
서울특별시 송파구 송파동 51-7,"서울특별시 송파구 백제고분로45길 14, 지하1층 (송파동)",5619,LEO PC방,127.11000582851,37.5096796932223
서울특별시 송파구 마천동 308-31번지 2층,"서울특별시 송파구 마천로 349  (마천동,2층)",,디프,127.153106464318,37.4928064116194
서울특별시 송파구 거여동 21번지 지층,"서울특별시 송파구 오금로 477 (거여동,지층)",,유니넷 PC방 거여동점,127.142349617166,37.4943492306914
서울특별시 송파구 삼전동 22-2,서울특별시 송파구 석촌호수로 140 (삼전동),5600,리얼큐브,127.092502611525,37.5070165510727
서울특별시 송파구 석촌동 184-7번지 레이크빌 지하1층,"서울특별시 송파구 송파대로 453, 지하1층 (석촌동, 레이크빌 빌딩)",5609,라인업PC방,127.105303053837,37.5067695000894
"서울특별시 송파구 신천동 7-19 시그마타워 B101-3,4호 ","서울특별시 송파구 올림픽로 289 (신천동,시그마타워 B101-3,4호)",,젤존,127.102522142353,37.5146152773177
서울특별시 송파구 거여동 133-77,"서울특별시 송파구 마천로 264, 지층 (거여동)",5735,Raid PC,127.146149512256,37.4980805219712
서울특별시 송파구 가락동 84-3번지,"서울특별시 송파구 중대로9길 42-25, 1층 (가락동)",5712,PC게임,127.119610157667,37.4959821975548
서울특별시 송파구 마천동 125-23 지층,"서울특별시 송파구 거마로20길 18 (마천동,지층)",,스피드,127.148371257876,37.4974748895631
서울특별시 송파구 잠실동 209-9,"서울특별시 송파구 석촌호수로 94, 지층 (잠실동, 서원빌딩)",5564,조이PC방,127.087510540145,37.5081311134172
서울특별시 송파구 방이동 89-11번지,"서울특별시 송파구 양재대로 1222, 지층 (방이동)",5648,스카이넷PC방,127.131063164753,37.5157276361757
서울특별시 송파구 마천동 129-1번지,"서울특별시 송파구 마천로41길 15, 지하1층 (마천동)",5756,으리PC방,127.149373752739,37.4972995519266
서울특별시 송파구 방이동 154-2,"서울특별시 송파구 백제고분로50길 16, 2층 (방이동)",5630,캐리피씨,127.11656482329,37.5137340469481
서울특별시 송파구 가락동 98-2번지,"서울특별시 송파구 송파대로30길 8, 지층 101호 (가락동)",5719,골드PC방,127.118405222237,37.4942436581716
서울특별시 송파구 가락동 89-2 2층,"서울특별시 송파구 중대로9길 43 (가락동,2층)",,넷존,127.118471249154,37.4969561615283
서울특별시 송파구 가락동 181-14번지 2층,"서울특별시 송파구 오금로46길 25, 2층 (가락동)",5782,유니넷PC존,127.13480194333,37.4951846672063
서울특별시 송파구 방이동 116 지층,"서울특별시 송파구 백제고분로48길 18 (방이동,지층)",,인터파이오니아,127.115126679684,37.5110443394104
서울특별시 송파구 오금동 18-4 2층,"서울특별시 송파구 위례성대로20길 27 (오금동,2층)",,FUN,127.1273800302,37.5089743184115
서울특별시 송파구 잠실동 181-6,"서울특별시 송파구 올림픽로 104, 지층 (잠실동)",5557,TgameLand 신천직영점,127.082263786514,37.5114667980986
서울특별시 송파구 마천동 120-5번지,"서울특별시 송파구 마천로39길 16, 1층 (마천동)",5755,레드PC,127.147912296379,37.4988206664976
서울특별시 송파구 잠실동 195-11,"서울특별시 송파구 백제고분로7길 8-8, 3층 (잠실동)",5561,헤라PC방,127.079681659568,37.5100744442975
서울특별시 송파구 석촌동 174-15 지층,"서울특별시 송파구 송파대로 447 (석촌동,지층)",,제로렉,127.105682261718,37.5063572220761
서울특별시 송파구 문정동 150-22번지 지층,"서울특별시 송파구 중대로 60 (문정동,지층)",,J-Top PC방,127.115559066882,37.491366498495
서울특별시 금천구 독산동 962-47 지상2층,"서울특별시 금천구 독산로 347, 지상2층 (독산동)",8538,CASTLE PC,126.903501360033,37.4778152328687
서울특별시 송파구 풍납동 405-3 선일빌딩,"서울특별시 송파구 토성로 59, 지하1층 (풍납동)",5531,제로백PC방 송파풍납점,127.116768838909,37.5291725208297
서울특별시 송파구 삼전동 108-7 2층,"서울특별시 송파구 백제고분로27길 30 (삼전동,2층)",,패밀리,127.093759645449,37.5056909927988
서울특별시 송파구 석촌동 252-5 지층,"서울특별시 송파구 가락로 68 (석촌동,지층)",,인터칸,127.103924126009,37.4998230699273
서울특별시 송파구 거여동 36 2층,"서울특별시 송파구 오금로 527, 2층 (거여동)",5768,3POP PC방,127.147334414767,37.493062789198
서울특별시 송파구 가락동 187-17번지,"서울특별시 송파구 문정로13길 19, 1층 (가락동)",5782,드레곤볼PC방,127.134795266065,37.4946783093136
서울특별시 송파구 잠실동 294-32,"서울특별시 송파구 백제고분로 128, 지층 (잠실동)",5574,피에스타PC방,127.081001925378,37.5060910156297
서울특별시 송파구 석촌동 19번지 102호,"서울특별시 송파구 삼학사로18길 16, 102호 (석촌동)",5614,스타PC방,127.098972854805,37.504367668593
서울특별시 송파구 방이동 124-19 지층,"서울특별시 송파구 백제고분로48길 44, 지층 (방이동)",5643,아이비,127.117662908316,37.5100660528881
서울특별시 송파구 방이동 36-9 3층,"서울특별시 송파구 오금로11길 21 (방이동,3층)",,조이팝,127.109455511345,37.5150566743515
서울특별시 송파구 방이동 113 지층,"서울특별시 송파구 백제고분로48길 14 (방이동,지층)",,룰루,127.114719523615,37.5112093489668
서울특별시 송파구 방이동 135,서울특별시 송파구 가락로 260 (방이동),,엔조이,127.118975805301,37.5110492648692
서울특별시 송파구 삼전동 123-5번지,"서울특별시 송파구 백제고분로31길 18, 지층 (삼전동)",5603,SRR PC,127.095657721796,37.5041447879531
서울특별시 송파구 잠실동 181-7번지 상록빌딩,"서울특별시 송파구 올림픽로 106, 상록빌딩 지하1층 (잠실동)",5557,THE CAMP PC,127.082554280386,37.5113962270067
서울특별시 송파구 가락동 83-9,"서울특별시 송파구 중대로9길 40, 201호 (가락동)",5712,아지트PC,127.118608589528,37.4964905639557
서울특별시 송파구 석촌동 6-14 2층,"서울특별시 송파구 삼학사로18길 13, 2층 (석촌동)",5612,게임이너스 석촌점,127.098611498178,37.5045287101103
서울특별시 성동구 성수동2가 561-1 국민은행,"서울특별시 성동구 성덕정길 106, 국민은행 4층 (성수동2가)",4776,솔라PC방,127.055104789531,37.5371594440377
서울특별시 송파구 문정동 71-2,"서울특별시 송파구 새말로8길 6, 지층 (문정동)",5817,DUMP PC,127.126350492288,37.4822158095347
서울특별시 송파구 가락동 77-7번지 302호,"서울특별시 송파구 송파대로28길 35,  302호 (가락동)",,게임나라,127.121466959558,37.4954056412176
서울특별시 송파구 송파동 43-1 2층,"서울특별시 송파구 백제고분로45길 11, 2층 (송파동)",5622,놀토게임PC,127.109998298112,37.5094038127388
서울특별시 송파구 거여동 133-19번지 2층,"서울특별시 송파구 거마로 49 (거여동,2층)",,PC헤카,127.145982383873,37.4975066077838
서울특별시 송파구 오금동 18-1 3층,"서울특별시 송파구 위례성대로20길 23, 3층 (오금동)",5657,어반노매드,127.127535037506,37.5092731944313
서울특별시 송파구 풍납동 130-25 지층,"서울특별시 송파구 바람드리길 18 (풍납동,지층)",,넷타임,,
서울특별시 송파구 잠실동 183,서울특별시 송파구 올림픽로12길 5 (잠실동),,스타,127.08309038088,37.5110669845906
서울특별시 송파구 신천동 11 장미C상가 504호,"서울특별시 송파구 오금로 20, 504호 (신천동,장미C상가)",,우리,127.103811089444,37.5206867318088
서울특별시 송파구 풍납동 152-81 2층,"서울특별시 송파구 바람드리길 50 (풍납동,2층)",,피씨쿡,127.12107770865,37.5372604280479
서울특별시 송파구 가락동 127-22번지 지층,"서울특별시 송파구 송이로27길 5  (가락동,지층)",,아이칸스,127.125633212445,37.4933504132781
서울특별시 송파구 송파동 25-3 2층,"서울특별시 송파구 백제고분로41길 22, 2층 (송파동)",5622,클릭조이,127.107411606061,37.5078976415547
서울특별시 송파구 오금동 130-8 지층,"서울특별시 송파구 마천로 184 (오금동,지층)",,수피아,127.139243754425,37.5028257190211
서울특별시 송파구 가락동 76-4,서울특별시 송파구 송파대로30길 41-5 (가락동),5713,황금PC,127.121262475596,37.4963658734224
서울특별시 송파구 마천동 319 2층,"서울특별시 송파구 성내천로 314, 2층 (마천동)",5763,프렌즈,127.155607287778,37.4928491855811
서울특별시 송파구 방이동 124-22,서울특별시 송파구 가락로 239 (방이동),,사이버굿,127.117680951717,37.5096718456107
서울특별시 송파구 문정동 128-7,서울특별시 송파구 송이로31길 18 (문정동),,이네이처PC방,,
서울특별시 송파구 풍납동 476-15 지층,"서울특별시 송파구 천호대로152길 17 (풍납동,지층)",,고스트캐슬,127.121602309454,37.5373651258061
서울특별시 송파구 송파동 122-5 3층,"서울특별시 송파구 가락로 171 (송파동,3층)",,존앤존,127.113993867811,37.5042410521594
서울특별시 송파구 송파동 149-4 지층,"서울특별시 송파구 가락로28길 11 (송파동,지층)",,피씨클럽거기,127.117128842613,37.5060943255808
서울특별시 송파구 송파동 25 지층,"서울특별시 송파구 백제고분로41길 24 (송파동,지층)",,메가스테이션,127.107271771624,37.5080270627702
서울특별시 송파구 오금동 133-25번지 2층,"서울특별시 송파구 마천로 194  (오금동,2층)",,강추,127.140155267419,37.5022689011655
서울특별시 송파구 잠실동 205-23 2층,"서울특별시 송파구 올림픽로12길 29, 2층 (잠실동)",5559,엔터PC,127.08352142288,37.508929858684
서울특별시 송파구 방이동 124-21 2층,"서울특별시 송파구 가락로 241 (방이동,2층)",,기분 존,127.117762271053,37.5098142133215
서울특별시 송파구 삼전동 28-12 2층,"서울특별시 송파구 백제고분로22길 4 (삼전동,2층)",,조이웹플러스,127.089185240922,37.503569063928
서울특별시 송파구 거여동 128-13 1층,"서울특별시 송파구 오금로53길 47 (거여동,1층)",,메카,127.144297873134,37.4982195708627
서울특별시 송파구 풍납동 142-1 지층,"서울특별시 송파구 바람드리길 34 (풍납동,지층)",,ZIA,127.119492682314,37.5375648685747
서울특별시 송파구 오금동 72-9 2층,"서울특별시 송파구 마천로 138, 2층 (오금동)",5728,써플라이PC,127.134751696433,37.5045401348894
서울특별시 송파구 석촌동 252-3,"서울특별시 송파구 가락로 64, 2층 (석촌동)",5695,VIBE PC,127.103444528105,37.4996691485766
서울특별시 송파구 삼전동 30-1 지층,"서울특별시 송파구 백제고분로22길 10 (삼전동,지층)",,몽키타운,127.088977862805,37.5030293379148
서울특별시 송파구 방이동 135 지층,"서울특별시 송파구 가락로 260 (방이동,지층)",,톰과제리,127.118975805301,37.5110492648692
서울특별시 송파구 가락동 166-1번지 2층,"서울특별시 송파구 오금로 400  (가락동,2층)",,메카클럽,127.134713236243,37.4978635493487
서울특별시 송파구 잠실동 179-1 보명장,"서울특별시 송파구 올림픽로10길 8, 보명장 지층 (잠실동)",5556,고앤고 PC방 이스포츠,127.080874987447,37.5109801336915
서울특별시 송파구 잠실동 204,서울특별시 송파구 백제고분로9길 36 (잠실동),5563,BoBo 9 PC방,127.082886358764,37.5096545333968
서울특별시 송파구 송파동 12-3,"서울특별시 송파구 백제고분로41길 25, 지층 (송파동)",5625,게임팩토리,127.106929511608,37.508017011539
서울특별시 송파구 삼전동 72-5 지층,"서울특별시 송파구 백제고분로 258 (삼전동,지층)",,PC공간,127.095067821599,37.5022777504616
서울특별시 송파구 잠실동 250-7 지층,"서울특별시 송파구 삼전로7길 3 (잠실동,지층)",,pc mong,127.088094450601,37.5051181697269
서울특별시 송파구 가락동 88,"서울특별시 송파구 중대로9길 29, 1층 (가락동, 보광빌라)",5711,승부PC,127.118513633851,37.4957256148739
서울특별시 송파구 문정동 620,"서울특별시 송파구 새말로 62, 2층 (문정동, 송파 푸르지오시티)",5841,유니넷PC방 문정점,127.120842269438,37.4807917612963
서울특별시 송파구 가락동 137-3,"서울특별시 송파구 동남로 161, 지1층 (가락동, 현대빌리지)",5826,앤탑PC방,127.128089095334,37.4927672575467
서울특별시 송파구 마천동 314-2 2층,"서울특별시 송파구 마천로61길 25, 2층 (마천동)",5759,하늘다리,127.154932781914,37.4942767253669
서울특별시 송파구 가락동 96-2번지 지층 2호,"서울특별시 송파구 송파대로30길 5-8, 지층 제2호 (가락동)",5711,룰루PC존,127.117851909588,37.4947423779125
서울특별시 송파구 삼전동 22 외 1필지,"서울특별시 송파구 석촌호수로 134, 외 1필지 지하 1층 (삼전동)",5600,제로백PC방 잠실학원사거리점,,
서울특별시 송파구 가락동 83-14번지 1층,"서울특별시 송파구 중대로9길 42-16 (가락동,1층)",,한게임PC방,127.119083378421,37.4962442017309
서울특별시 송파구 삼전동 181번지,서울특별시 송파구 삼학사로11길 3 (삼전동),5586,샤먼PC,127.096455421765,37.5013588613944
서울특별시 송파구 마천동 129-2번지 지층,"서울특별시 송파구 마천로41길 17, 지층 (마천동)",5756,3 POP,127.149650425385,37.497275775621
서울특별시 송파구 풍납동 148-1 2층,"서울특별시 송파구 바람드리길 42, 2층 (풍납동)",5518,이네이처PC방,127.120315622171,37.5373000400387
서울특별시 송파구 거여동 1-1번지 2층,"서울특별시 송파구 마천로 250, 2층 (거여동)",5736,Raid PC,127.144698156308,37.4989585365381
서울특별시 송파구 잠실동 241-3,"서울특별시 송파구 백제고분로19길 31, 지1층 (잠실동, 서경빌딩)",5565,아이센스PC방 잠실본점,127.087470970303,37.5076600073971
서울특별시 송파구 삼전동 42,"서울특별시 송파구 삼전로4길 22, 2층 (삼전동)",5595,아이센스PC방 삼전점,127.088619660701,37.5015661940567
서울특별시 송파구 송파동 93-2 1층,"서울특별시 송파구 백제고분로42길 26-1, 1층 (송파동)",5668,딸기PC방,127.11092396566,37.5043767828743
서울특별시 송파구 가락동 72-6번지,"서울특별시 송파구 송이로 102, 2층 (가락동)",5713,시즌아이 PC방(가락점),127.121146035937,37.4971587881478
서울특별시 송파구 잠실동 27-2 101,"서울특별시 송파구 잠실로 15 (잠실동,101)",,테바코,127.093448536452,37.5162342491269
서울특별시 송파구 잠실동 235-5 1층,"서울특별시 송파구 백제고분로19길 5 (잠실동,1층)",,잠실PC클럽,127.086461337655,37.5054229249496
서울특별시 송파구 거여동 129-73번지 지층,"서울특별시 송파구 마천로 254 (거여동,지층)",,임요환의 드랍쉽,127.145199865991,37.4986931154138
서울특별시 송파구 장지동 841-4 4층,"서울특별시 송파구 충민로2길 28 (장지동,4층)",,샹떼PC방,127.127416903996,37.4771576631775
서울특별시 송파구 방이동 103-15 지층,"서울특별시 송파구 올림픽로32길 53 (방이동,지층)",,오렌지PC방,127.112100318854,37.5124962447277
서울특별시 송파구 잠실동 176-7,"서울특별시 송파구 백제고분로7길 7-5, 2층 (잠실동)",5556,랭커PC방 잠실본점,127.079539895478,37.5106727166058
서울특별시 송파구 잠실동 191-7,"서울특별시 송파구 백제고분로7길 24, 2층 (잠실동)",5560,탑플레이스PC방,127.081490412315,37.5104730760303
서울특별시 송파구 가락동 87-1,"서울특별시 송파구 중대로9길 48, 1층 (가락동)",5712,여우PC,127.119162146982,37.4970662002956
서울특별시 송파구 삼전동 115-10,"서울특별시 송파구 삼전로10길 55, 1층 (삼전동)",5601,미녀PC,127.095428226404,37.5045702479935
서울특별시 송파구 잠실동 180-1 진영빌딩,"서울특별시 송파구 올림픽로10길 9, 진영빌딩 3층 (잠실동)",5557,캠프VR,127.081240468854,37.5108040969638
서울특별시 송파구 석촌동 295-4번지,"서울특별시 송파구 송파대로 391, 지하1층 (석촌동)",5687,B-ONE PC,127.109419287195,37.5022521743632
서울특별시 송파구 오금동 113-2 광남캐스빌,"서울특별시 송파구 문정로 261, 101호 (오금동, 광남캐스빌)",5731,물라PC,127.142267032375,37.5015432300894
서울특별시 송파구 가락동 87 유일빌딩,"서울특별시 송파구 중대로9길 50, 유일빌딩 3층 301호 (가락동)",5712,비엠에스라운지,127.119387448007,37.497159497251
서울특별시 송파구 가락동 190,"서울특별시 송파구 오금로46길 36, 1층 (가락동)",5783,물러 PC,127.133732491208,37.4947222248519
서울특별시 송파구 마천동 32-2 석일빌딩,"서울특별시 송파구 마천로 240, 석일빌딩 2층 (마천동)",5737,툰게임PC방,127.144036671537,37.4995299516986
서울특별시 송파구 잠실동 330-3,"서울특별시 송파구 백제고분로18길 23, 지하1층 (잠실동)",5578,넘버나인 PC(NO9.PC),127.084291787802,37.5030127723111
서울특별시 강동구 길동 414-4 강동 와이시티,"서울특별시 강동구 천호대로175길 42, 지하1층 101,102(일부)호 (길동, 강동 와이시티)",5353,썬PC,127.137425545214,37.5365024541122
서울특별시 강동구 상일동 255,"서울특별시 강동구 상일로 39, 3층 (상일동)",5282,이스포츠PC CAFE2,127.172620191715,37.5505858004812
서울특별시 강동구 길동 411-2,서울특별시 강동구 양재대로 1464 (길동),5352,포텐PC 길동점,127.139781554171,37.5365014909044
서울특별시 강동구 성내동 118-36,"서울특별시 강동구 천호옛길 55, 1층 (성내동)",5385,골드PC,127.123643420085,37.5341870710999
서울특별시 강동구 성내동 407-13,"서울특별시 강동구 성안로 87, 1층 (성내동)",5389,쓰리랑PC,127.132258102451,37.531369138776
서울특별시 강동구 성내동 383-20,"서울특별시 강동구 천호대로170길 47, 1층 (성내동)",5381,인디오PC방,127.132635269698,37.5332682051547
서울특별시 강동구 천호동 453-19 나비빌딩,"서울특별시 강동구 천호대로157길 14, 나비빌딩 7층 (천호동)",5335,나비PC,127.127289366861,37.5382317510332
서울특별시 강동구 둔촌동 67-1번지 삼진빌딩,"서울특별시 강동구 진황도로 147, 삼진빌딩 1층 (둔촌동)",5361,어덜트피씨까페,127.141453683521,37.5328887419148
서울특별시 강동구 성내동 441-2 평원빌딩,"서울특별시 강동구 양재대로 1303, 평원빌딩 지층 (성내동)",5408,아크PC아레나(ARKPCARENA),127.133949850418,37.5227713188467
서울특별시 강동구 성내동 416 둔촌빌딩,"서울특별시 강동구 양재대로 1371, 둔촌빌딩 지하층 (성내동)",5404,레드포스PC아레나 둔촌점,127.136066310873,37.5287025352002
서울특별시 강동구 길동 414-4 강동 와이시티,"서울특별시 강동구 천호대로175길 42, 102호 (길동, 강동 와이시티)",5353,라이브PC,127.137425545214,37.5365024541122
서울특별시 강동구 길동 412-11번지 대진빌딩,"서울특별시 강동구 양재대로 1459, 대진빌딩 201호 (길동)",5353,앤유 nu PC(길동점),127.139076929268,37.5361574200836
서울특별시 강동구 길동 391-3,"서울특별시 강동구 양재대로 1484-1, 지층 (길동)",5351,미스테리PC,127.140459465668,37.5382235781836
서울특별시 강동구 길동 386-8,"서울특별시 강동구 천중로40길 78, 1층 107호 (길동)",5354,은성PC,127.137353320911,37.5377154640378
서울특별시 강동구 천호동 457-13 영화빌딩,"서울특별시 강동구 구천면로 168, 영화빌딩 2층 (천호동)",5248,골드 PC,127.123209925828,37.5415144544971
서울특별시 강동구 강일동 677-2번지 아르페온1,"서울특별시 강동구 아리수로91길 24-5, 아르페온1 (강일동)",5211,라이또 PC방 강일점(RAITTO),127.173216558742,37.5651481793183
서울특별시 강동구 명일동 346-1 삼익빌딩,"서울특별시 강동구 양재대로 1576, 삼익빌딩 지하1층 (명일동)",5296,쿡몬스터,127.143454293865,37.5461618332538
서울특별시 강동구 길동 459-2번지,"서울특별시 강동구 천호대로 1135, 209호 (길동)",5355,타짜PC방,127.13778857408,37.534629212477
서울특별시 강동구 고덕동 210-5번지,"서울특별시 강동구 고덕로 391, 지층 (고덕동)",5222,GEEK STAR PC CAFE,127.168978454847,37.5572260091644
서울특별시 강동구 성내동 378-18 영재1빌딩,"서울특별시 강동구 천호대로176길 13, 영재1빌딩 1층 101호 (성내동)",5373,스타PC,127.136307621333,37.5337371388776
서울특별시 강동구 천호동 287-2 암사오피스텔,"서울특별시 강동구 상암로 42, 암사오피스텔 123호 (천호동)",5318,대박 PC,127.127883987264,37.5495780175349
서울특별시 강동구 성내동 118-36,"서울특별시 강동구 천호옛길 55, 1층 (성내동)",5385,행복PC,127.123643420085,37.5341870710999
서울특별시 강동구 천호동 453-18,"서울특별시 강동구 천호대로157길 6, 지층 (천호동)",5335,레벨업PC방 천호점,127.127023590071,37.5380352588745
서울특별시 강동구 천호동 453-8 원방빌딩,"서울특별시 강동구 천호대로157길 18, 원방빌딩 301,302호 (천호동)",5335,앤유PC 천호로데오점,127.127484882745,37.5384960736319
서울특별시 강동구 성내동 550-1,"서울특별시 강동구 성내로 34, 2층 (성내동)",5399,BLITZ PC,127.124000325503,37.5290968536225
서울특별시 강동구 고덕동 210-4 쌍용상가,"서울특별시 강동구 고덕로83길 6, 쌍용상가 지층 (고덕동)",5222,옥스피씨 상일동역점,127.168923741679,37.5574047550303
서울특별시 강동구 천호동 166-4,"서울특별시 강동구 진황도로 36, 1층 12호 (천호동)",5336,천호PC,127.131089712,37.5384645564276
서울특별시 강동구 명일동 328-1번지 2층,"서울특별시 강동구 구천면로 434, 2층 (명일동)",5292,SS PC방 1호점,127.14658137515,37.5498803760623
서울특별시 강동구 천호동 82-28번지 2층,"서울특별시 강동구 천중로35길 67 (천호동,2층)",,PC Class J&S PC방,127.138374977732,37.5441752463432
서울특별시 강동구 성내동 197-3 1층,서울특별시 강동구 천호대로170길 34 (성내동),5381,아이비스 PC,127.132619944897,37.533878379811
서울특별시 강동구 성내동 143-2번지 지층,서울특별시 강동구 천호옛12길 52 (성내동),5387,OK PC방,127.127391122726,37.5345950251986
서울특별시 강동구 성내동 506번지 지하1층,서울특별시 강동구 풍성로37가길 61 (성내동),5382,유니넷(성내본점),127.129745335735,37.532612153454
서울특별시 강동구 성내동 419-1번지 둔촌역청구아파트상가 2층,서울특별시 강동구 풍성로 196 (성내동),5403,아잉,127.132988049315,37.5294505387599
서울특별시 강동구 성내동 381-25번지 2층,서울특별시 강동구 양재대로103길 37 (성내동),5374,스타게이트PC방,127.135793984896,37.5332496587191
서울특별시 강동구 암사동 494번지 2층,서울특별시 강동구 올림픽로98길 37 (암사동),5262,카시오페아 PC방,127.129871391192,37.5504972087947
서울특별시 강동구 성내동 396-13번지 101호,서울특별시 강동구 양재대로99길 7 (성내동),5375,달빛 PC방,127.137007562497,37.531787645161
서울특별시 강동구 성내동 14-5번지 1층다동,서울특별시 강동구 천호옛14길 47 (성내동),5379,대박 PC,,
서울특별시 강동구 천호동 413-1번지 4층,"서울특별시 강동구 천호대로157길 37 (천호동,4층)",,게임이너스 천호점,127.127266796306,37.5395978709474
서울특별시 강동구 길동 393-5번지 지층,서울특별시 강동구 양재대로114길 19 (길동),5351,ZIO,127.141308553969,37.537700616138
서울특별시 강동구 천호동 166-81 아기천국어린이집,"서울특별시 강동구 진황도로27길 9, 1층 (천호동)",5333,PC 팝,127.131586990533,37.5388479192913
서울특별시 강동구 천호동 332-2번지 지층,서울특별시 강동구 올림픽로 715 (천호동),5245,인토피아 PC방,127.125519124034,37.5452866674524
서울특별시 강동구 암사동 488-30번지 개나리프라자,"서울특별시 강동구 구천면로 323, 개나리프라자 2층 (암사동)",5265,피에스타PC방(강동암사직영점),127.135241872797,37.5484151003879
서울특별시 강동구 명일동 351-30번지 2층,서울특별시 강동구 양재대로128길 41 (명일동),5296,엠티PC방,127.145105986585,37.5445962224323
서울특별시 강동구 암사동 473-15번지 2층,"서울특별시 강동구 암사길 41, 2층 (암사동)",5254,고스트 캐슬 PC방 암사점,127.133886998971,37.5519705401703
서울특별시 강동구 암사동 496-18번지 2층,서울특별시 강동구 상암로 47 (암사동),5264,NIC PC방,127.128786968437,37.5497341701579
서울특별시 강동구 천호동 34-9 지1층,"서울특별시 강동구 양재대로 1579, 지1층 (천호동)",5307,비원(B1) PC방,127.142841394568,37.5465618086041
서울특별시 강동구 천호동 213-2번지 3층,서울특별시 강동구 구천면로34길 48 (천호동),5331,Game-Zone PC방,127.133811919937,37.5423842739655
서울특별시 강동구 성내동 407-32번지 2층,서울특별시 강동구 성안로 88 (성내동),5377,인터웹 PC방,127.132556149557,37.5312664509373
서울특별시 강동구 성내동 50-16번지 지하1층,서울특별시 강동구 천호옛길 95 (성내동),5378,웹팰리스 PC방,,
서울특별시 강동구 천호동 397-74번지 2층,서울특별시 강동구 구천면로 238 (천호동),5334,가은PC방,127.130879328565,37.5416772129928
서울특별시 강동구 길동 320-1번지 A동2층,"서울특별시 강동구 양재대로 1562  (길동,A동2층)",,시즌아이PC존,127.142999883738,37.5448781012584
서울특별시 강동구 천호동 289-18번지 2층,서울특별시 강동구 상암로 62 (천호동),5319,여우 PC방,127.129991413909,37.5489067252912
서울특별시 강동구 성내동 227-3번지 지층,"서울특별시 강동구 풍성로37가길 36  (성내동,지층)",,익사이팅 PC방,127.128224156827,37.5328600583194
서울특별시 강동구 성내동 429-23번지 3층,서울특별시 강동구 양재대로87길 14 (성내동),5405,수 PC방,127.134303904341,37.525660879973
서울특별시 강동구 길동 393-4번지 2층,서울특별시 강동구 진황도로47길 74 (길동),5351,스타캐슬 PC방,127.140940884103,37.5377905247848
서울특별시 강동구 명일동 54 한양상가 지층,서울특별시 강동구 동남로71길 19 (명일동),5270,스타존 PC방(고덕점),127.154720559859,37.551044532043
서울특별시 강동구 상일동 207-1번지 3층,서울특별시 강동구 구천면로 662 (상일동),5282,PC겜방,127.171422355716,37.5507448596839
서울특별시 강동구 천호동 410-159,"서울특별시 강동구 진황도로 32, 2층 (천호동)",5336,황금PC,127.130562896655,37.5387240873469
서울특별시 강동구 암사동 422-13 창용빌딩,"서울특별시 강동구 구천면로 361, 창용빌딩 나동 2층 (암사동)",5258,N-TOP PC방,127.138746210279,37.5505680236251
서울특별시 강동구 성내동 416-14번지 2층,"서울특별시 강동구 풍성로58길 20  (성내동,2층)",,두리,127.135336928726,37.5281308771651
서울특별시 강동구 암사동 512-17 지층,"서울특별시 강동구 올림픽로 769 (암사동,지층)",,콤마이스포츠카페,127.127179067345,37.5499665683994
서울특별시 강동구 길동 474번지 GS강동자이아파트상가 204호,"서울특별시 강동구 천호대로199길 10, 204호 (길동, GS강동자이아파트상가)",5348,쟈스민,127.148033137289,37.5371034846719
서울특별시 강동구 길동 456-2번지,"서울특별시 강동구 진황도로 100, 105호 (길동, 하이브)",5355,길동 PC,127.137382093544,37.5353900400256
서울특별시 강동구 고덕동 210-4번지 301호,서울특별시 강동구 고덕로83길 6 (고덕동),5222,라네이즈 PC방,127.168923741679,37.5574047550303
서울특별시 강동구 둔촌동 452-1번지 2층,"서울특별시 강동구 진황도로 156, 2층 (둔촌동)",5364,WA PC방,127.141458403887,37.5320933330706
서울특별시 강동구 명일동 48-13번지 4층,서울특별시 강동구 동남로71길 32 (명일동),5269,인터크레이지PC방,127.154500056801,37.5520049235939
서울특별시 강동구 길동 137-2번지 지하1층,서울특별시 강동구 명일로 200-33 (길동),5349,아이비스PC 길동점,127.147509879628,37.5370665677501
,서울특별시 강동구 풍성로 193 (성내동),5377,세븐PC,127.133357685276,37.5298471029709
,"서울특별시 강동구 천호대로170길 33, 2층 (성내동)",5381,SELF PC CAFE,127.132941640149,37.5338988312204
서울특별시 강동구 천호동 415-32번지,"서울특별시 강동구 올림픽로70길 51, 4층 (천호동)",5329,더메이즈VR 천호점,127.126553393554,37.5393323021794
서울특별시 강동구 암사동 490-20,"서울특별시 강동구 상암로 81-1, 1층 (암사동)",5265,행운PC,127.132219273556,37.5482728322168
서울특별시 강동구 둔촌동 67-1 삼진빌딩,"서울특별시 강동구 진황도로 147, 삼진빌딩 (둔촌동)",5361,mendota pc cafe,127.141453683521,37.5328887419148
서울특별시 강동구 명일동 48-3 우진빌딩,"서울특별시 강동구 동남로73길 17, 우진빌딩 지하1층 1,2호 (명일동)",5269,제로백PC 고덕역점,127.15507536373,37.5527505555431
서울특별시 강동구 명일동 337-1번지 2층,"서울특별시 강동구 양재대로136길 24  (명일동,2층)",,늑대와여우PC라운지명일점,127.145053011834,37.5483832733263
서울특별시 강동구 암사동 452 진주빌딩,"서울특별시 강동구 고덕로 96, 진주빌딩 지층 (암사동)",5255,제로백PC방 암사점,127.135832933352,37.554532736215
서울특별시 강동구 성내동 510-4번지 2층,"서울특별시 강동구 풍성로 147-12  (성내동,2층)",,인토피아,127.12890556006,37.5315256554157
서울특별시 강동구 천호동 393-14번지 지층,서울특별시 강동구 구천면로29길 64 (천호동),5325,늑대와여우 PC라운지 천호2호점,127.131048157449,37.5426500146444
서울특별시 강동구 성내동 466번지 지층,"서울특별시 강동구 성내로14길 37  (성내동,지층)",,2안 PC방,127.126424403608,37.5262620760242
서울특별시 강동구 성내동 447번지 2층,서울특별시 강동구 성안로3길 13 (성내동),5402,웹시티 PC방,127.12875745701,37.5257298567481
서울특별시 강동구 성내동 446-24번지 3층,"서울특별시 강동구 성안로 10  (성내동,3층)",,마크원,127.129477360783,37.5247218399502
서울특별시 강동구 성내동 48-4번지 2층,서울특별시 강동구 천호옛길 94 (성내동),5379,레인보우,127.126054014422,37.5369483405201
서울특별시 강동구 둔촌동 50-2번지 2층,서울특별시 강동구 천호대로 1196 (둔촌동),5361,버즈넷 PC방,127.144298586046,37.5343661840804
서울특별시 강동구 성내동 9-14번지 지하1층,"서울특별시 강동구 천호대로 1034 (성내동,지하1층)",,스마트PC방,127.12676817356,37.5372073343198
서울특별시 강동구 천호동 291-34번지 1층,"서울특별시 강동구 상암로 88  (천호동,1층)",,럭키 PC방,127.132467669442,37.5478916117998
서울특별시 강동구 천호동 135-1번지 지층,서울특별시 강동구 구천면로34길 70 (천호동),5331,팩토리 PC방,127.135132115178,37.5426533405726
서울특별시 강동구 천호동 45-2 삼정빌딩,"서울특별시 강동구 양재대로 1549, 삼정빌딩 지하1층 (천호동)",5315,Hype PC 굽은다리역점,127.142054351358,37.5440484317022
서울특별시 강동구 길동 384-4 한빛아파트,"서울특별시 강동구 성안로 172, 지층 (길동, 한빛아파트)",5354,앤유PC카페,127.136298611505,37.5382358420709
서울특별시 강동구 길동 392-5번지 지하1층,서울특별시 강동구 양재대로116길 30 (길동),5351,별,127.142070168416,37.5381912877155
서울특별시 강동구 길동 133-1 3층,서울특별시 강동구 천호대로199길 19 (길동),5345,블루포인트 PC방,127.147785337821,37.5374420303052
서울특별시 강동구 천호동 358-14번지 2층,서울특별시 강동구 올림픽로 688 (천호동),5327,인터라켄 PC CAFE,127.125188441813,37.542694394336
서울특별시 강동구 둔촌동 489-9번지 진산빌딩 3층,서울특별시 강동구 양재대로 1392 (둔촌동),5372,크라우드PC,127.137658565242,37.5302538354278
서울특별시 강동구 길동 397-1번지 2층,"서울특별시 강동구 양재대로114길 38, 2층 (길동)",5351,스위티,127.142048034723,37.5373193268984
서울특별시 강동구 성내동 439-11 2층,"서울특별시 강동구 양재대로87길 11, 2층 (성내동)",5405,Rose PC방,127.134331136971,37.5254541592414
서울특별시 강동구 길동 410-1번지,"서울특별시 강동구 양재대로112길 16, 1층 (길동)",5352,한게임 PC,127.140593867789,37.5366477499805
서울특별시 강동구 천호동 294-22 대황빌딩,"서울특별시 강동구 구천면로 291, 대황빌딩 1층 (천호동)",5320,오엑스 피씨(OX PC)천호동점,127.133552374339,37.5459525227775
서울특별시 강동구 둔촌동 487-3번지 2층,서울특별시 강동구 양재대로 1400 (둔촌동),5363,아우토반 인터넷 PC방,127.13785884319,37.5309455704002
서울특별시 강동구 암사동 502-5번지 2층,서울특별시 강동구 상암로 27 (암사동),5241,프리넷 PC방,127.126774152632,37.5506286065571
서울특별시 강동구 명일동 47-10번지 성은빌딩,"서울특별시 강동구 동남로75길 13-15, 성은빌딩 3층 (명일동)",5269,스마트PC방,127.155504731039,37.5536236877644
서울특별시 강동구 암사동 501-3 지하1층,서울특별시 강동구 올림픽로 774 (암사동),5264,콤마(COMMA)PC카페 암사역점,127.127855040205,37.5501877541705
서울특별시 강동구 성내동 25-1번지 지하1층,서울특별시 강동구 천호대로162길 34 (성내동),5384,스타캐슬 성내점,127.127952286718,37.5355771394189
서울특별시 강동구 성내동 416-1번지 지층,"서울특별시 강동구 양재대로 1371  (성내동,지층)",,UNINET,127.136066310873,37.5287025352002
서울특별시 강동구 명일동 328-2번지 2층,"서울특별시 강동구 구천면로 438 (명일동,2층)",,SS PC방 2호점,127.146979064904,37.5496643630436
서울특별시 강동구 천호동 431-5번지,"서울특별시 강동구 올림픽로 653, 지하107,지하109호 (천호동)",5248,LION PC (라이온 PC강동천호점),,
서울특별시 강동구 암사동 479번지,"서울특별시 강동구 올림픽로98가길 72, 1층 (암사동)",5260,놀 PC방,127.133428069413,37.5515710167382
서울특별시 강동구 천호동 287-2번지,"서울특별시 강동구 상암로 42, 1층 129호 (천호동)",5318,포바PC방,127.127883987264,37.5495780175349
서울특별시 강동구 둔촌동 517-4번지 2층,서울특별시 강동구 양재대로 1376 (둔촌동),5372,인터넷 천국,127.137121186952,37.5288399792125
서울특별시 강동구 길동 392-1번지,"서울특별시 강동구 양재대로116길 16, 지하1층 (길동)",5351,The Seven PC,127.141194244696,37.5384040731489
서울특별시 강동구 천호동 551-7번지 3층,"서울특별시 강동구 진황도로 15  (천호동,3층)",,인터쿨 PC방,127.129312483825,37.5396986327999
서울특별시 강동구 고덕동 191-5번지 1층2호,"서울특별시 강동구 고덕로83길 28  (고덕동,1층2호)",,체리 PC방,127.169009316732,37.5582627414073
서울특별시 강동구 성내동 225-4번지 지층,"서울특별시 강동구 풍성로39길 38, 지층 (성내동)",5388,소울,127.127525449568,37.5330165077647
서울특별시 강동구 명일동 351-13번지 지층,"서울특별시 강동구 양재대로128길 25  (명일동,지층)",,쟈스민,127.144240238074,37.5447800056278
"서울특별시 강동구 천호동 442-34번지 지층 1,2호 ",서울특별시 강동구 올림픽로 667 (천호동),5248,갤럭시PC존,127.123951125424,37.5411360700303
서울특별시 강동구 성내동 380-9번지 지층,서울특별시 강동구 양재대로103길 19 (성내동),5375,성내 PC방,127.136733587947,37.5329275481301
서울특별시 강동구 둔촌동 50-2번지 302호,서울특별시 강동구 천호대로 1196 (둔촌동),5361,이네이처PC방,127.144298586046,37.5343661840804
서울특별시 강동구 성내동 500번지 1층,"서울특별시 강동구 천호대로170길 56, 1층 (성내동)",5382,청개구리PC,127.132292738993,37.5330439699506
서울특별시 강동구 길동 321-8번지 2층,서울특별시 강동구 양재대로128길 20 (길동),5302,아이비스PC방 굽은다리점,127.143857591075,37.5446884804623
서울특별시 강동구 강일동 675번지 베스트프라자 4층 401호,서울특별시 강동구 아리수로93길 33 (강일동),5211,비타민PC방 강일점,127.173539404835,37.5658948102878
서울특별시 강동구 길동 350-3번지 지하,서울특별시 강동구 천중로 208 (길동),5343,7번가 PC방,127.143227263627,37.5406438518667
서울특별시 강동구 상일동 458-3번지 1층,서울특별시 강동구 상암로 423 (상일동),5284,에코스 PC방,127.169701024925,37.5457705050372
서울특별시 강동구 암사동 489-60 동진빌딩,"서울특별시 강동구 상암로 93, 동진빌딩 지하1층 (암사동)",5265,엔젤PC방,127.133404605734,37.5477400001926
서울특별시 강동구 성내동 284-10번지 102호,"서울특별시 강동구 풍성로37가길 17, 102호 (성내동)",5387,신게임,127.12731141569,37.5332979409416
서울특별시 강동구 천호동 294번지 2층,서울특별시 강동구 구천면로41길 13 (천호동),5320,인테크 PC방,127.133183294497,37.5464228103138
서울특별시 강동구 암사동 504-26 지층,서울특별시 강동구 올림픽로 801 (암사동),5241,해피데이 PC방,127.128170596073,37.5526626328776
서울특별시 강동구 암사동 425-18번지 2층,서울특별시 강동구 암사길 68 (암사동),5258,아이라면 PC방,127.136993482485,37.5519203952787
서울특별시 강동구 천호동 529번지 지층,서울특별시 강동구 구천면로 236 (천호동),5334,풀 PC방,127.130577994613,37.5414125627311
서울특별시 강동구 성내동 427-78번지 2층,서울특별시 강동구 양재대로89길 36 (성내동),5404,론똔 PC방,127.133562201687,37.5269744802108
서울특별시 강동구 고덕동 193번지 2층,서울특별시 강동구 상일로15길 34 (고덕동),5222,WOW PC방,127.16930066098,37.558223941567
서울특별시 강동구 성내동 416-6 심포니타워,"서울특별시 강동구 양재대로 1365, 심포니타워 (성내동)",5404,아레나PC,127.135874866354,37.5280657478158
서울특별시 강동구 길동 329-15번지 2층,"서울특별시 강동구 양재대로124길 77, 2층 (길동)",5301,패밀리PC존,127.146443668974,37.5423104492198
서울특별시 강동구 명일동 48-12 동양타워,"서울특별시 강동구 동남로71길 38, 지층 101호 (명일동, 동양타워)",5269,독스PC,127.154068058218,37.5520423388557
서울특별시 강동구 천호동 166-65번지 지층,서울특별시 강동구 진황도로27길 15 (천호동),5333,아이템 벨리,127.131757661029,37.539193893014
서울특별시 강동구 천호동 397-99번지 2층,서울특별시 강동구 구천면로34길 10 (천호동),5334,네이쳐 PC방,127.13182324617,37.5423197466954
서울특별시 강동구 성내동 194번지 SK허브진 201호,서울특별시 강동구 천호대로 1092 (성내동),5381,지투존PC방(강동역점),127.132663780085,37.5352477607977
서울특별시 강동구 성내동 559-9번지 3층,서울특별시 강동구 성내로10길 12 (성내동),5399,엔씨,127.124537634413,37.5284392781969
서울특별시 강동구 암사동 501-2번지 가능빌딩 3층,서울특별시 강동구 올림픽로 778 (암사동),5264,카이젠 암사점 PC방,127.127916738477,37.5503999624409
서울특별시 강동구 성내동 413-7번지 2층,"서울특별시 강동구 풍성로 213  (성내동,2층)",,아이비스 둔촌역점,127.135556215963,37.5292143497768
서울특별시 강동구 성내동 245-44번지 1층,"서울특별시 강동구 양재대로103길 44  (성내동,1층)",,게임왕 PC방,127.135475734105,37.5335686179609
서울특별시 강동구 천호동 289-34 크리스탈빌딩 103호,"서울특별시 강동구 상암로 62-1, 크리스탈빌딩 103호 (천호동)",5319,싹쓰리PC,127.130092937199,37.5488506615037
서울특별시 강동구 성내동 429-4,"서울특별시 강동구 양재대로89길 17, 지하1층호 (성내동)",5405,제로백피씨 둔촌동역점(ZERO100 PC),127.134379483293,37.5265490012703
서울특별시 강동구 길동 387-5 길동청광플러스원큐브1차,"서울특별시 강동구 천중로42길 70, 1층 102호 (길동, 길동청광플러스원큐브1차)",5353,나이스PC,127.138275222668,37.5379520718765
서울특별시 강동구 천호동 550-9,"서울특별시 강동구 진황도로 5, 103호 (천호동)",5334,MAX PC,127.128501648287,37.540222367879
서울특별시 강동구 길동 413-1 탑스위트,"서울특별시 강동구 양재대로111길 15, 탑스위트 1층 124호 (길동)",5353,보석PC,127.138561502491,37.5369836121307
서울특별시 강동구 둔촌동 50-2번지 도성빌딩,"서울특별시 강동구 천호대로 1196, 도성빌딩 지층 (둔촌동)",5361,라이또PC 둔촌점,127.144298586046,37.5343661840804
서울특별시 강동구 강일동 675 베스트프라자,"서울특별시 강동구 아리수로93길 33, 베스트프라자 501호 (강일동)",5211,PC&,127.173539404835,37.5658948102878
서울특별시 강동구 상일동 255,"서울특별시 강동구 상일로 39, 2층 (상일동)",5282,e-SPORTS PC,127.172620191715,37.5505858004812
서울특별시 강동구 둔촌동 63-2번지 알레소빌딩,"서울특별시 강동구 천호대로 1178, 알레소빌딩 3층 (둔촌동)",5361,에코스 PC방,127.142325672312,37.5336759794198
서울특별시 강동구 길동 378-6 길빌딩,"서울특별시 강동구 양재대로 1481, 길빌딩 지층 (길동)",5342,이츠PC방,127.139901172837,37.538271092885
서울특별시 강동구 둔촌동 426-10 201호,"서울특별시 강동구 진황도로 152, 201호 (둔촌동)",5362,고래바다PC,127.141282668081,37.5324959302494
서울특별시 강동구 천호동 425-3 천호역 한강 푸르지오시티,"서울특별시 강동구 구천면로 192, 천호역 한강 푸르지오시티 102호 (천호동)",5328,나이스PC 게임장,127.125817158927,37.5403575252794
서울특별시 강동구 천호동 287-4,"서울특별시 강동구 상암로12길 4, 2층 (천호동)",5318,스마일PC,127.128266262401,37.5494493007863
서울특별시 강동구 암사동 476-30,"서울특별시 강동구 구천면로 347, 2층 (암사동)",5259,럭키 PC,127.137298433781,37.5500498402417
서울특별시 강동구 명일동 344-15 에이플러스 103호,"서울특별시 강동구 상암로 195, 에이플러스 1층 103호 (명일동)",5295,모아게임,127.144190381388,37.5466249508301
서울특별시 강동구 길동 414-10 강동한신휴플러스주상복합,"서울특별시 강동구 진황도로 99, 1층 115호 (길동, 강동한신휴플러스주상복합)",5353,놀러와PC,127.137473996228,37.5360846941657
서울특별시 강동구 암사동 500-1번지,"서울특별시 강동구 올림픽로 796, 2층 (암사동)",5263,COMON PC PLEX (커먼피씨플렉스),127.128534669022,37.5520742461293
서울특별시 강동구 강일동 677-5번지 유러피안하우스 지하1층,"서울특별시 강동구 아리수로91길 32-6, 지하1층 (강일동, 유러피안하우스2)",5211,유니넷PC 강일본점,127.173066682613,37.5653372476859
서울특별시 강동구 상일동 259,"서울특별시 강동구 상일로 33, 4층 (상일동)",5282,랩터PC CAFE,127.172712722739,37.5501767024713
서울특별시 강동구 천호동 85-8번지 지층,"서울특별시 강동구 구천면로42길 83  (천호동,지층)",,누나랑 PC할래,127.137224986244,37.5439366523799
서울특별시 강동구 명일동 344-15번지 에이플러스 401호,"서울특별시 강동구 상암로 195, 에이플러스 401호 (명일동)",5295,7PC,127.144190381388,37.5466249508301
서울특별시 강동구 천호동 334-10번지,"서울특별시 강동구 구천면로17길 32, 1층 (천호동)",5245,스타PC방,127.123851338427,37.5429907012707
서울특별시 강동구 암사동 479-9번지 2층,"서울특별시 강동구 암사길 40, 2층 (암사동)",5260,하루애 PC방,127.133757333524,37.5517312920762
"서울특별시 강동구 천호동 451-20번지 1층(103,104,105호) ","서울특별시 강동구 천호대로 1057  (천호동,1층(103,104,105호))",,트레벨 PC 하우스,127.129503776794,37.5372532002413
서울특별시 강동구 천호동 410-187번지 2층,서울특별시 강동구 진황도로 26 (천호동),5336,오렌지존 PC방,127.130054709077,37.5389617011046
서울특별시 강동구 성내동 413-10번지 2층,서울특별시 강동구 풍성로57길 3 (성내동),5376,무대뽀 PC방,127.135809705245,37.529315331061
서울특별시 강동구 천호동 83-7번지 지층,"서울특별시 강동구 구천면로42길 97  (천호동,지층)",,프로게이머 PC방,127.13748197924,37.5433291703749
서울특별시 강동구 성내동 30-12번지 2층,서울특별시 강동구 천호옛14길 28 (성내동),5384,블루스카이,127.126959027511,37.5359258172496
서울특별시 강동구 천호동 393-43번지 지층,서울특별시 강동구 구천면로 250 (천호동),5330,아이클랜 PC방,127.131456746578,37.542515581948
서울특별시 강동구 성내동 503-4번지 지층,서울특별시 강동구 풍성로45길 28 (성내동),5389,OUR BASE,127.13049828855,37.5318411485316
서울특별시 강동구 암사동 497-1,서울특별시 강동구 올림픽로98길 21 (암사동),5263,디저트 피앤씨,127.129341077489,37.5512721984493
서울특별시 강동구 길동 333-2번지 1층,"서울특별시 강동구 양재대로124길 25, 1층 (길동)",5302,놀토PC방,127.143545009244,37.5430139944025
서울특별시 강동구 길동 386-8,"서울특별시 강동구 천중로40길 78, 109호 (길동)",5354,비바PC,127.137353320911,37.5377154640378
서울특별시 강동구 성내동 384-1번지,"서울특별시 강동구 천호대로170길 53, 1층 (성내동)",5389,대박 PC,127.132502945682,37.5329764295547
서울특별시 강동구 암사동 512번지 2층,서울특별시 강동구 상암로 28 (암사동),5242,PCon (피씨온),127.126744210638,37.5503222093375
서울특별시 강동구 성내동 378-2번지,"서울특별시 강동구 천호대로 1132, 106호 (성내동)",5373,성내PC,127.136981871571,37.5340717110259
서울특별시 강동구 길동 389-3,"서울특별시 강동구 양재대로111길 10, 2층 (길동)",5353,최PC,127.139111133009,37.537211279292
서울특별시 강동구 길동 415-16 청광플러스원큐브3차 102호,"서울특별시 강동구 진황도로 87, 1층 102호 (길동, 청광플러스원큐브3차)",5354,따봉PC,127.136442751206,37.5363674526244
서울특별시 강동구 둔촌동 59-9,"서울특별시 강동구 명일로 167, 102호 (둔촌동)",5361,윈PC,127.144558916412,37.5338931109162
서울특별시 강동구 암사동 425-196,"서울특별시 강동구 구천면로 353, 1층 (암사동)",5258,꾸러기 PC,127.137845483212,37.550362119404
서울특별시 강동구 암사동 501-4 암사동양덱스빌,"서울특별시 강동구 상암로 41, 1층 114,115호 (암사동, 암사동양덱스빌)",5264,물라PC,127.128189760726,37.5501745970905
서울특별시 양천구 신정동 1182-2 401호,"서울특별시 양천구 중앙로 251, 4층 401호 (신정동)",8073,대성PC,126.853223171816,37.518714899828
서울특별시 광진구 중곡동 244-4,"서울특별시 광진구 면목로 104, 1층 (중곡동)",4914,따따블 PC,127.07974369209,37.5628242773194
서울특별시 광진구 중곡동 175-27,서울특별시 광진구 면목로 173 (중곡동),4902,놀이터 PC,127.082600970933,37.5686097694919
서울특별시 노원구 상계동 733 승경빌딩 지층,"서울특별시 노원구 동일로217가길 17, 승경빌딩 지층 (상계동)",1762,쇼타임PC 노원역점,127.05936970723,37.6533222020818
서울특별시 관악구 신림동 1421-41,"서울특별시 관악구 신림로66길 20, 2층 (신림동)",8754,해피PC,126.930756026865,37.4854174183208
서울특별시 광진구 중곡동 173-1,서울특별시 광진구 면목로 165 (중곡동),4906,레고 PC,127.082256268911,37.5679661588224
서울특별시 동작구 사당동 139-30 지안플라자,"서울특별시 동작구 동작대로27길 5, 지안플라자 4층 (사당동)",7008,옵티멈존피씨카페이수역점,126.981491819978,37.48735441607
서울특별시 영등포구 영등포동 618-372,서울특별시 영등포구 영신로 32-2 (영등포동),7307,팡팡PC,126.908238980528,37.5144126619349
서울특별시 영등포구 대림동 720-5,서울특별시 영등포구 대림로27가길 10 (대림동),7413,돈통PC,126.898866167409,37.4959353978947
서울특별시 구로구 구로동 1124-72 조영빌딩,"서울특별시 구로구 디지털로32길 79, 조영빌딩 지층 (구로동)",8391,헤라PC CAFE,126.899752015371,37.4835332463617
"서울특별시 양천구 신정동 952-1 지하1층 제103호, 제104호","서울특별시 양천구 오목로 172, 지하1층 103호,104호 (신정동, 뉴타운아파트)",8020,nu PC CAFE,126.856585484969,37.5249200868153
서울특별시 중랑구 신내동 797 동성7차아파트,"서울특별시 중랑구 신내로14길 21, 107호 (신내동, 동성7차아파트)",2067,서킷스토리 아카데미 PSR 신내,127.097147956287,37.6061237684817
서울특별시 영등포구 당산동6가 338-1 한경빌딩 지하1층,"서울특별시 영등포구 양평로 64, 한경빌딩 지하1층 (당산동6가)",7222,제우스 PC방 당산점,126.899965832636,37.5351397125293
서울특별시 서초구 잠원동 69-22 반포쇼핑타운,"서울특별시 서초구 신반포로 219, 반포쇼핑타운 (잠원동)",6512,PC CAFE 로가,127.008065342049,37.5075121874388
서울특별시 동대문구 휘경동 267-110,"서울특별시 동대문구 망우로16길 20, 지하1층 (휘경동)",2496,늑대와여우,127.060971952229,37.5893695674034
서울특별시 관악구 신림동 1422-15,"서울특별시 관악구 신림로64길 32, 1층 (신림동)",8754,무등산PC,126.931500008304,37.4850497000506
서울특별시 관악구 봉천동 894-16 2층,"서울특별시 관악구 청룡길 9, 2층 (봉천동)",8786,브라보PC,126.946522694417,37.4815170316646
서울특별시 도봉구 창동 557-57,"서울특별시 도봉구 덕릉로 226, 2층 (창동)",1473,SK PC방,127.037732453196,37.6379769919489
서울특별시 양천구 신월동 68-14,"서울특별시 양천구 월정로 220, 1층 (신월동)",7907,세븐PC,126.833627948763,37.5379971004507
서울특별시 강동구 천호동 291-22 성진빌딩,"서울특별시 강동구 상암로 84, 성진빌딩 102호 (천호동)",5319,자유인 PC,127.132133391881,37.5480212795705
서울특별시 양천구 신월동 98-39,"서울특별시 양천구 곰달래로5길 62, 1층 (신월동)",7917,스타PC,126.831836340906,37.5348912500382
서울특별시 강북구 수유동 175-6,"서울특별시 강북구 도봉로95길 19, 1층 (수유동)",1054,쉼터PC,127.027613003151,37.6414115550023
서울특별시 은평구 녹번동 131-123,"서울특별시 은평구 진흥로 166, 1층 (녹번동)",3375,로얄PC,126.927858880966,37.6086089735349
서울특별시 중랑구 면목동 175-85 해동검도중랑전수관,"서울특별시 중랑구 겸재로 100, 1층 (면목동)",2231,ACE PC,127.078897719973,37.5862932296203
서울특별시 구로구 개봉동 289-18,"서울특별시 구로구 개봉로6길 5-6, 1층 (개봉동)",8334,럭키PC,126.856890098175,37.4870807011219
서울특별시 강서구 화곡동 912-1 궁전아파트 202호,"서울특별시 강서구 강서로5나길 83, 202호 (화곡동, 궁전아파트)",7780,명당PC,126.843630611134,37.528175721234
서울특별시 양천구 신월동 235-6,서울특별시 양천구 월정로 107 (신월동),7925,88PC,126.83890637207,37.5288403470745
서울특별시 성북구 상월곡동 27-24,"서울특별시 성북구 화랑로23길 29, 1층 (상월곡동)",2773,삼거리PC (성인PC방),127.05031739033,37.6090351117513
서울특별시 용산구 청파동2가 60-1,"서울특별시 용산구 청파로47나길 13, 지하1층 (청파동2가)",4310,피씨나인,126.96681153698,37.5455760371033
서울특별시 강남구 역삼동 822-2 메디타워,"서울특별시 강남구 테헤란로 107, 메디타워 지하1층 (역삼동)",6134,3 POP PC CAFE,127.028754000454,37.4986813605293
