지번주소,도로명주소,도로명우편번호,사업자명,경도,위도
서울특별시 종로구 통의동 66 3층,"서울특별시 종로구 자하문로 18-1, 3층 (통의동)",3044,락휴코인노래연습장(경복궁점),126.972328763113,37.5778156600465
서울특별시 종로구 낙원동 146,"서울특별시 종로구 수표로 118, 지층 (낙원동)",3139,송해길 노래연습장,126.989291247381,37.571702735843
서울특별시 종로구 숭인동 1063,"서울특별시 종로구 종로 405, 2,3층 (숭인동)",3111,비투박스 코인노래연습장,,
서울특별시 종로구 낙원동 110 경한빌딩,"서울특별시 종로구 돈화문로11길 38, 경한빌딩 2층 (낙원동)",3133,세븐틴코인노래연습장 종로3가점,126.989314540628,37.5726737403515
서울특별시 종로구 창신동 143-18,"서울특별시 종로구 종로51나길 2, 지하1층 (창신동)",3105,차차차 노래연습장,127.012277154999,37.5726650260989
서울특별시 종로구 관철동 7-1 4층,"서울특별시 종로구 삼일대로 391, 4층 (관철동)",3190,뮤직파워노래연습장,126.987383331119,37.5694808730925
서울특별시 종로구 명륜2가 24-5번지,서울특별시 종로구 대명길 4 (명륜2가),3077,즐거운,127.001182657148,37.5838016760698
서울특별시 종로구 관수동 20번지 국일관 드림펠리스 12층,"서울특별시 종로구 수표로 96 (관수동,국일관 드림펠리스 12층)",,국일관12 노래연습장,126.99002424417,37.5697050231621
서울특별시 종로구 관철동 32-2,"서울특별시 종로구 삼일대로17길 35, 지하 1층 (관철동)",3189,썬노래연습장,126.985450378737,37.5691127742254
서울특별시 종로구 창신동 651-47번지,서울특별시 종로구 창신길 21 (창신동),,우정노래방,127.010594566773,37.5727198794876
서울특별시 종로구 구기동 85-24번지 3층,"서울특별시 종로구 진흥로 435-2  (구기동,3층)",,경복궁,126.957353525333,37.6085065493019
서울특별시 종로구 낙원동 207번지 지하1층,서울특별시 종로구 수표로 111 (낙원동),3140,차노래연습장,126.989051902985,37.5712295112157
서울특별시 종로구 구기동 125-6번지 지하1층,"서울특별시 종로구 비봉길 5, 지하1층 (구기동)",3000,유,126.956459475551,37.608938157169
서울특별시 종로구 관철동 43-7 지하1층,서울특별시 종로구 종로10길 20 (관철동),3189,힐링노래연습장,126.984301453169,37.5691420895937
서울특별시 종로구 명륜3가 127번지,"서울특별시 종로구 창경궁로29길 25, 지하1층 (명륜3가, 명륜빌딩)",3073,리코스타 코인 노래연습장,126.997420142523,37.5837539011569
서울특별시 종로구 관철동 14-3 수지빌딩,"서울특별시 종로구 삼일대로19길 18, 수지빌딩 3층 (관철동)",3190,락휴 코인노래연습장 관철점,126.986572598966,37.5696619738573
서울특별시 종로구 명륜4가 59-3번지,"서울특별시 종로구 대명길 37, 3,4층 (명륜4가)",3078,G르Go코인 노래연습장 대학로점,,
서울특별시 종로구 필운동 208번지,서울특별시 종로구 사직로 103-15  (필운동),,21세기 노래연습장,126.970223128301,37.5763461665809
서울특별시 종로구 숭인동 200-8번지 2층,"서울특별시 종로구 종로66길 10  (숭인동,2층)",,정든노래방,127.02156033066,37.5743463036051
서울특별시 종로구 관철동 19-1번지,"서울특별시 종로구 종로12길 14, 3층 (관철동, 해덕빌딩)",3189,드림코인노래연습장,126.98558580983,37.5694353472354
서울특별시 종로구 관철동 19-11번지,"서울특별시 종로구 우정국로2길 42, 지하1층 (관철동)",3189,고래고래코인노래연습장,126.985386475342,37.5694299167566
서울특별시 종로구 명륜2가 184번지,"서울특별시 종로구 대명길 40, 지하1층 (명륜2가)",3077,에코코인노래연습장,126.999321387035,37.5832119798947
서울특별시 종로구 명륜3가 10-1번지 (지하1층),"서울특별시 종로구 성균관로 49  (명륜3가,(지하1층))",,앵콜,126.996439874739,37.5870121368817
서울특별시 종로구 내자동 29-2 B 101호,"서울특별시 종로구 사직로 105, 정남빌딩 B1층 101호 (내자동)",3041,렉스코인노래연습장 경복궁점,126.970574538673,37.5762899425461
서울특별시 종로구 종로5가 138-4,"서울특별시 종로구 종로 210, 하이뷰더광장 214호 (종로5가)",3195,렉스코인노래연습장,127.001207239452,37.5706678817379
서울특별시 종로구 숭인동 219번지 (지상2층),"서울특별시 종로구 종로 370-1 (숭인동,(지상2층))",,우리,127.018666932808,37.5736156393021
서울특별시 종로구 통의동 104번지 (지하1층),"서울특별시 종로구 자하문로 32 (통의동,(지하1층))",,신명,126.971789009927,37.5789661918648
서울특별시 종로구 숭인동 1047번지,서울특별시 종로구 종로67길 4 (숭인동),,3학년3반,127.021078054811,37.5750234882066
서울특별시 종로구 이화동 97-4번지,서울특별시 종로구 율곡로 229-1 (이화동),,영광노래방,127.004548788438,37.5761145847409
서울특별시 종로구 내자동 1-3번지 (3층),"서울특별시 종로구 자하문로 3  (내자동,(3층))",,킹노래방,126.972264842484,37.5764830744797
서울특별시 종로구 관철동 12-3 3층,"서울특별시 종로구 종로14길 26 (관철동,3층)",,오렌지 노래연습장,126.986756331605,37.5689245297777
서울특별시 종로구 재동 92번지,서울특별시 종로구 북촌로 2 (재동),,재동,126.986178862502,37.577254432098
서울특별시 종로구 명륜4가 11-1번지,서울특별시 종로구 대명길 15  (명륜4가),,질러,127.000730693444,37.5833558682276
서울특별시 종로구 종로2가 9번지 지하1층,"서울특별시 종로구 종로 69, 지하1층 (종로2가, YMCA)",3164,락 노래연습장,126.98531414524,37.5705768749389
서울특별시 종로구 관철동 13-10 (2층),"서울특별시 종로구 삼일대로19길 19 (관철동,(2층))",,프라하1,126.986346922097,37.5694774241
서울특별시 종로구 명륜2가 38-3 지하1층,"서울특별시 종로구 대명길 26 (명륜2가,지하1층)",,하나,127.000095893688,37.5834182191915
서울특별시 종로구 명륜2가 32-0번지,서울특별시 종로구 창경궁로 258-15 (명륜2가),3077,인디안노래방,127.00065076533,37.5835966141203
서울특별시 종로구 관철동 14-1번지,서울특별시 종로구 삼일대로19길 16 (관철동),,럭셔리,126.986757447162,37.5696564085647
서울특별시 종로구 관철동 14-9번지,서울특별시 종로구 삼일대로19길 28 (관철동),,칼라노래연습장,126.986005152645,37.5696645208411
서울특별시 종로구 재동 107-1 (3층),"서울특별시 종로구 북촌로 3 (재동,(3층))",,소나타,126.98559247667,37.5771346198438
서울특별시 종로구 체부동 52 (지상3층),"서울특별시 종로구 자하문로 5 (체부동,(지상3층))",,경희궁,126.972230037403,37.5766206481405
서울특별시 종로구 동숭동 1-31번지,서울특별시 종로구 대학로12길 4  (동숭동),,S.B.S노래연습장,127.002197716421,37.5825159439465
서울특별시 종로구 숭인동 1375번지 (지하1층),"서울특별시 종로구 난계로29길 14 (숭인동,(지하1층))",,폭스,127.022377495871,37.574592032993
서울특별시 종로구 창신동 459-44번지 지하1층,"서울특별시 종로구 종로50길 8 (창신동,지하1층)",,키스,127.012436695015,37.5715564250404
서울특별시 종로구 숭인동 183-9번지 (지하1층),"서울특별시 종로구 종로 389 (숭인동,(지하1층))",,월드컵,127.020515362043,37.5747538295343
서울특별시 종로구 재동 92번지 (4층),"서울특별시 종로구 북촌로 2 (재동,(4층))",,재동2,126.986178862502,37.577254432098
서울특별시 종로구 명륜4가 176-1번지 (지하1층),"서울특별시 종로구 대학로11길 46  (명륜4가,(지하1층))",,영노래방,126.999503667558,37.582644535133
서울특별시 종로구 숭인동 759 지하1층,"서울특별시 종로구 숭인동길 35 (숭인동,지하1층)",,피렌체,127.021817505815,37.5766069418164
서울특별시 종로구 관철동 12-7,서울특별시 종로구 삼일대로15길 20 (관철동),3190,블루,126.986394791393,37.5689211549831
서울특별시 종로구 관철동 19-21번지,서울특별시 종로구 종로10길 13 (관철동),,락,126.984587656519,37.569454952948
서울특별시 종로구 관훈동 123-4번지 (지하1층),"서울특별시 종로구 인사동길 60  (관훈동,(지하1층))",,인사동,126.983634642346,37.5752792170686
서울특별시 종로구 창신동 534-0,서울특별시 종로구 종로 309-3 (창신동),,싱싱 노래연습장,127.012030439086,37.5723268179637
서울특별시 종로구 내자동 30번지,서울특별시 종로구 사직로 103-4 (내자동),,골드,126.970607440318,37.5763941957968
서울특별시 종로구 묘동 195번지 지하1층,"서울특별시 종로구 돈화문로 33 (묘동,지하1층)",,오케이노래연습장,126.991694015973,37.5714427219396
서울특별시 종로구 창신동 538-1,서울특별시 종로구 종로 307 (창신동),,25시 노래연습장,127.011854397226,37.5722159232795
서울특별시 종로구 창신동 77-1번지 (지하1층),"서울특별시 종로구 지봉로 57  (창신동,(지하1층))",,우즈,127.015435621835,37.575295740398
서울특별시 종로구 행촌동 209-8번지,서울특별시 종로구 통일로12길 8 (행촌동),,강변노래연습장,126.960100323231,37.5731939326525
서울특별시 종로구 명륜4가 8-1 외5(지상3층),"서울특별시 종로구 대명길 9 (명륜4가,외5(지상3층))",,악쓰는하마코인노래연습장,127.000958936342,37.583376138945
서울특별시 종로구 숭인동 228-6 (지하1층),"서울특별시 종로구 종로 374 (숭인동,(지하1층))",,팡팡,127.019067471795,37.5737505443154
서울특별시 종로구 적선동 100-1 (지하1층),"서울특별시 종로구 자하문로2길 4 (적선동,(지하1층))",,베르사유,126.972859321085,37.576377886406
"서울특별시 종로구 관철동 13-10 (3,4층) ","서울특별시 종로구 삼일대로19길 19 (관철동,(3,4층))",,프라하,126.986346922097,37.5694774241
서울특별시 종로구 종로5가 77번지,서울특별시 종로구 대학로2길 4 (종로5가),,차차차노래방,127.002295758575,37.5714067718014
서울특별시 종로구 명륜2가 18-0번지 19번지,"서울특별시 종로구 창경궁로34길 14  (명륜2가,19번지)",,보스노래방,127.00085275134,37.5843627274196
"서울특별시 종로구 낙원동 132-1 , 132-11 ","서울특별시 종로구 돈화문로11길 31, 3층 (낙원동)",3139,대빵오락실 노래연습장,126.989693681416,37.5724130260993
서울특별시 종로구 관철동 43-5,"서울특별시 종로구 종로10길 14, 3층 (관철동)",3189,피버 코인노래연습장,126.984306605861,37.5694005858939
서울특별시 종로구 관철동 6-3번지,서울특별시 종로구 삼일대로 393  (관철동),,괴짜노래연습실,126.987390656141,37.5696744077038
서울특별시 중구 신당동 368-58 지하1층,"서울특별시 중구 다산로 114-8 (신당동,지하1층)",,세븐노래연습장,127.010691824169,37.5538451665433
서울특별시 중구 필동2가 58-1 지하1층,"서울특별시 중구 퇴계로44길 8-10 (필동2가,지하1층)",,미쳐날뛸 창 노래방,126.996987541128,37.5613283048194
서울특별시 중구 무학동 4,서울특별시 중구 다산로 243 (무학동),,센스,127.015835599839,37.5647463827023
서울특별시 중구 신당동 369-9 지상4층,"서울특별시 중구 다산로 117 (신당동,지상4층)",,용가리 노래연습장,127.010244789868,37.5546053780447
서울특별시 중구 신당동 292-43,서울특별시 중구 다산로 222 (신당동),4586,쿨,127.015591399432,37.5628525208577
서울특별시 중구 신당동 120-26 지하 1층,"서울특별시 중구 다산로44길 33 (신당동,지하 1층)",,성우노래연습장,127.018750393932,37.5651642882882
서울특별시 중구 신당동 374-17 지하 1층,"서울특별시 중구 동호로 194 (신당동,지하 1층)",,가요톱10 노래연습장,127.010501578779,37.5554222000065
서울특별시 중구 무학동 21 지층,"서울특별시 중구 다산로 227 (무학동,지층)",,해피데이 노래연습장,127.015411239382,37.5635464919783
서울특별시 중구 필동3가 18-3 지하1층,"서울특별시 중구 서애로1길 10, 지하1층 (필동3가)",4623,골든싱어 코인노래연습장 (동국대점),126.998466728,37.5609382016912
서울특별시 중구 신당동 381-8,서울특별시 중구 동호로 196 (신당동),4607,풀 코인 노래연습장,127.010372365931,37.5556464697381
서울특별시 중구 필동2가 37-9번지,"서울특별시 중구 퇴계로 222, 지하층 (필동2가)",4624,리코스타코인 노래연습장 동대점,126.996408264215,37.5615394822515
서울특별시 중구 회현동1가 184,서울특별시 중구 퇴계로8길 10 (회현동1가),4634,호박 노래연습장,126.979847873129,37.558905915002
서울특별시 중구 북창동 98-0,서울특별시 중구 남대문로1길 26 (북창동),,동큐,126.977524799094,37.5621982787179
서울특별시 중구 신당동 142-3,서울특별시 중구 다산로44길 72 (신당동),,탈랜트,127.021000870732,37.5650171371491
서울특별시 중구 필동2가 53-0,서울특별시 중구 퇴계로 226 (필동2가),,대한,126.996855331452,37.5616329283639
서울특별시 중구 황학동 2475-0번지 지하1층,"서울특별시 중구 퇴계로 453 (황학동,지하1층)",,앵콜,127.022147980233,37.5656156394493
서울특별시 중구 무학동 27-0번지,서울특별시 중구 퇴계로76길 39 (무학동),,우리노래연습장,127.015252657587,37.5635035350435
서울특별시 중구 충무로2가 66-9번지 지하1층,"서울특별시 중구 명동8가길 7 (충무로2가,지하1층)",,루키,126.985404271845,37.5617602798822
서울특별시 중구 무학동 36 지하 1층,"서울특별시 중구 퇴계로76길 32, 지하1층 (무학동)",4611,그리스,127.015116562486,37.5638356598127
서울특별시 중구 신당동 377-92번지 지하 1층,"서울특별시 중구 동호로12길 33 (신당동,지하 1층)",,팡팡,127.011237512786,37.556715784534
서울특별시 중구 신당동 302-4번지 지층 3호,"서울특별시 중구 퇴계로76길 50, 지층 3호 (신당동)",4611,악쓰는 하마,127.01473974302,37.5631438323172
서울특별시 중구 신당동 372-37번지 지하1층,"서울특별시 중구 다산로10길 26 (신당동,지하1층)",,신안,127.011473709471,37.5530241939225
"서울특별시 중구 장충동1가 56-17 지상 3,4층 ","서울특별시 중구 장충단로 175 (장충동1가,지상 3,4층)",,특급노래연습장,127.005562066074,37.560663366702
서울특별시 중구 중림동 398-1,서울특별시 중구 서소문로 8 (중림동),,에이스,126.962934879011,37.5589845284339
서울특별시 중구 중림동 156-74,"서울특별시 중구 중림로 17, 2층 (중림동)",4504,소울노래연습장,126.965406209707,37.5590698820143
서울특별시 중구 신당동 369-64 지상2층,"서울특별시 중구 동호로 186-3, 2층 (신당동)",4590,플로렌스노래연습장,127.011165580511,37.5547565720844
서울특별시 중구 명동2가 32-8 지상2층,"서울특별시 중구 명동8길 11-6 (명동2가,지상2층)",,뮤지컬,126.984974235146,37.563160464697
서울특별시 중구 신당동 372-6번지,"서울특별시 중구 동호로 169, 지하층 (신당동)",4596,엄지노래연습장,127.011491862858,37.5533253056848
서울특별시 중구 신당동 361-13 지하1층,"서울특별시 중구 다산로11길 13, 지하1층 (신당동, 복장문화회관)",4598,썸뮤직 노래연습장,127.009633208843,37.5546125474078
서울특별시 중구 신당동 133-13,서울특별시 중구 퇴계로86길 40 (신당동),,해뜰노래연습장,127.019468683306,37.5638516907949
서울특별시 중구 신당동 140-34,서울특별시 중구 다산로44길 53 (신당동),,따봉노래연습장,127.019933228916,37.5652386068881
서울특별시 중구 필동3가 10-1번지,서울특별시 중구 퇴계로44길 17 (필동3가),4624,싱싱 노래연습장,126.997230211626,37.5611190993139
서울특별시 중구 신당동 369-7번지,"서울특별시 중구 동호로 189 (신당동, 톰캣프라자)",4598,베스타코인 노래연습장,127.010232717796,37.5548784715093
서울특별시 중구 신당동 144-2,서울특별시 중구 퇴계로86길 23 (신당동),,노찾사,127.019816107072,37.5644893581721
서울특별시 중구 남창동 168-17,서울특별시 중구 퇴계로4길 5 (남창동),,신바람,126.977578255585,37.557553018907
서울특별시 중구 신당동 381-6,서울특별시 중구 동호로12길 13 (신당동),,약수,127.010715214714,37.5559661130655
서울특별시 중구 신당동 141-2번지 지하1층,"서울특별시 중구 다산로44길 56  (신당동,지하1층)",,신바람,127.020098541292,37.565031890345
서울특별시 중구 신당동 381-7번지 지하1층,"서울특별시 중구 동호로12길 7 (신당동,지하1층)",,다산노래연습장,127.010551994975,37.5558056600972
서울특별시 중구 신당동 100-9번지 지하1층,"서울특별시 중구 다산로42길 3  (신당동,지하1층)",,리치,127.016545009327,37.5650353249966
서울특별시 중구 무학동 35번지 지하1층,"서울특별시 중구 퇴계로76길 32, 지하1층 (무학동)",4611,쭈쭈바 노래연습장,127.015116562486,37.5638356598127
서울특별시 중구 신당동 366-440 지하1층,"서울특별시 중구 동호로17길 295, 지하1층 (신당동)",4600,티티카카 노래연습장,127.006943208627,37.5483764768575
서울특별시 중구 무학동 13,"서울특별시 중구 퇴계로76길 29, 지하1층 (무학동)",4611,준노래연습장,127.015465072594,37.5638853496743
서울특별시 중구 중림동 200 삼성사이버빌리지상가2(지하1층),"서울특별시 중구 중림로 10 (중림동,삼성사이버빌리지상가2(지하1층))",,WOW락노래연습장,126.964320892997,37.5589266608979
서울특별시 중구 신당동 374-13 지상2층,"서울특별시 중구 다산로 135-1 (신당동,지상2층)",,차차차 노래연습장,127.011074553174,37.5560374389147
서울특별시 중구 무학동 38 지하1층,"서울특별시 중구 다산로35길 14 (무학동,지하1층)",,다온다 노래연습장,127.014943590996,37.5637194533019
서울특별시 중구 신당동 140-9 지상2층 모아노래방,"서울특별시 중구 퇴계로 438 (신당동, 지상2층 모아노래방)",4578,모아노래방,127.020215688067,37.5654409225886
서울특별시 중구 장충동2가 25-3,"서울특별시 중구 동호로24길 33, 지하1층 (장충동2가)",4617,천수,127.0052163024,37.560735642431
서울특별시 중구 신당동 374-25번지,서울특별시 중구 다산로 133-1 (신당동),,놀이터노래연습장,127.0109910091,37.5558912148166
서울특별시 중구 신당동 374-13 지하 1층,"서울특별시 중구 다산로 135-1 (신당동,지하 1층)",,따봉,127.011074553174,37.5560374389147
서울특별시 중구 장충동2가 42-2,서울특별시 중구 동호로30길 43 (장충동2가),,대박 노래연습장,127.005378298432,37.5612018109069
서울특별시 중구 필동2가 32-11 삼지빌딩,"서울특별시 중구 필동로 3, 삼지빌딩 지하1층 (필동2가)",4624,제이코인노래연습장,126.996164934268,37.5612939529888
서울특별시 중구 을지로6가 18-37,"서울특별시 중구 을지로43길 38, 지하1층 (을지로6가)",4564,뮤직이너스 노래연습장,127.007765983844,37.5677113760105
서울특별시 중구 신당동 360-2,"서울특별시 중구 동호로 193, 지하1층 (신당동)",4598,티파니 노래연습장,127.009980266603,37.5551532974187
서울특별시 중구 북창동 82 지하 2층,"서울특별시 중구 세종대로14길 26, 지하 2층 (북창동)",4526,파티노래연습장,126.978088868479,37.5627128537817
서울특별시 중구 명동2가 55-5번지,"서울특별시 중구 명동4길 2, 3층 (명동2가)",4536,K-POP 코인 노래연습장,126.983437910806,37.5634495691314
서울특별시 중구 을지로3가 345-7,"서울특별시 중구 을지로 110-1, 2층 (을지로3가)",4550,세븐틴코인노래연습장 을지로3가점,126.990158299018,37.5660201420261
서울특별시 중구 을지로6가 23 타임캐슬 오피스텔,"서울특별시 중구 을지로 254, B1층 (을지로6가)",4561,캐슬 노래연습장,127.006297400517,37.565992994002
서울특별시 중구 을지로6가 17-2 현대시티타워,"서울특별시 중구 장충단로13길 20, 현대시티타워 10층 (을지로6가)",4563,미디어스코프 주식회사,127.007666479829,37.568734553218
서울특별시 중구 신당동 121-1,서울특별시 중구 다산로44길 20 (신당동),4577,렉스코인노래연습장(신당점),127.018059431206,37.5649040081114
서울특별시 중구 신당동 370-46,서울특별시 중구 다산로 159 (신당동),,스타,127.012177070294,37.5579615004095
서울특별시 중구 남대문로2가 130 AVENUEL,"서울특별시 중구 남대문로 73, AVENUEL 6층 (남대문로2가)",4533,미디어스코프 주식회사,126.981781474221,37.56424508512
서울특별시 성동구 송정동 67-13번지,서울특별시 성동구 광나루로 305  (송정동),,키노래방,127.063688369397,37.548342206164
서울특별시 용산구 한남동 641-3번지 지층,서울특별시 용산구 대사관로30길 4 (한남동),4402,썸,127.00549745307,37.5331107316214
서울특별시 용산구 보광동 274-17 지층,"서울특별시 용산구 우사단로2길 1, 지층 (보광동)",4413,왕십리,126.996881063967,37.5307956056068
서울특별시 용산구 이태원동 128-7번지 지하1층,서울특별시 용산구 보광로59길 14 (이태원동),4391,보스노래연습장,126.993354208737,37.5340620395259
서울특별시 용산구 이태원동 225-94,서울특별시 용산구 회나무로 25 (이태원동),4344,싸이노래연습장,126.989572384828,37.539546516555
서울특별시 용산구 청파동2가 71-75번지,서울특별시 용산구 청파로45길 37 (청파동2가),4313,퀸,126.968542763626,37.5444611640746
서울특별시 용산구 동자동 43-13 2층동,서울특별시 용산구 한강대로 373 (동자동),4320,노래마을,126.971994273965,37.5517115590906
서울특별시 용산구 동자동 19-40번지 지층동,서울특별시 용산구 한강대로104길 51 (동자동),4324,피노키오 노래연습장,126.974983863027,37.5505828289778
서울특별시 용산구 용문동 41-25 2층동,서울특별시 용산구 효창원로42길 16 (용문동),4363,GO래GO래 노래연습장,126.959913130701,37.5365669622615
서울특별시 용산구 한강로1가 237-3번지 지층동,서울특별시 용산구 한강대로 180 (한강로1가),4382,환타지,126.973359125512,37.5344018722304
서울특별시 용산구 용산동2가 26-9 지층,"서울특별시 용산구 신흥로12길 1, 지층 (용산동2가, 종점약국)",4339,구찌노래연습장,126.987849043321,37.5435093091909
서울특별시 용산구 갈월동 90-10 2층동,서울특별시 용산구 한강대로 279 (갈월동),4321,새로노래연습장,126.972200485609,37.5431254492172
서울특별시 용산구 원효로2가 1-38번지 2층동,서울특별시 용산구 원효로 220 (원효로2가),4368,카니발,126.966369327926,37.5377353223699
서울특별시 용산구 갈월동 87 지층,"서울특별시 용산구 한강대로 289, 지층 (갈월동)",4321,별노래연습장,126.971964095596,37.5440581079411
서울특별시 용산구 한강로1가 152-1 지층,서울특별시 용산구 한강대로62길 11 (한강로1가),4382,한강노래연습장,126.973914997696,37.5343795613992
서울특별시 용산구 한강로2가 2-195번지 2층,"서울특별시 용산구 새창로 213-17 (한강로2가, 성광빌딩)",4376,발리노래연습장,126.967895218955,37.5308818336555
서울특별시 용산구 후암동 244-11 지하1층,서울특별시 용산구 후암로 32 (후암동),4331,브라보 노래연습장,126.97794121759,37.5487053771864
서울특별시 용산구 한강로1가 196-1,서울특별시 용산구 한강대로62나길 2 (한강로1가),4382,민들레,126.973875029144,37.534140066535
서울특별시 용산구 원효로3가 35-3 지하1층동,서울특별시 용산구 원효로41길 21 (원효로3가),4363,베토벤,126.958569447398,37.5346820557123
서울특별시 용산구 남영동 24-6,서울특별시 용산구 한강대로 288-3 (남영동),4352,위아더월드,126.972653202948,37.5440951204131
서울특별시 용산구 한남동 78-10번지 3층,"서울특별시 용산구 한남대로21길 33, 3층 (한남동)",4401,25시 그리스,127.006595381257,37.5333552070916
서울특별시 용산구 한남동 631-17 지층동,서울특별시 용산구 대사관로30길 17 (한남동),4402,한강,127.005659084915,37.5325199375614
서울특별시 용산구 보광동 259-1 109호,"서울특별시 용산구 보광로 46, 1층 109호 (보광동)",4414,월드노래연습장,126.99921497434,37.5283391534087
서울특별시 용산구 한남동 657-98 2층동,서울특별시 용산구 대사관로31길 12 (한남동),4401,스타,127.005981863322,37.5338573676103
서울특별시 용산구 원효로1가 12-20,서울특별시 용산구 원효로93길 22 (원효로1가),4314,2차노래연습장,126.968550841176,37.540855816461
서울특별시 용산구 청파동1가 140-3 지층동,"서울특별시 용산구 청파로 333 (청파동1가, 홍신빌딩)",4304,청파,126.969693974817,37.5493254177173
서울특별시 용산구 이태원동 132-1 3층동,서울특별시 용산구 보광로60길 22 (이태원동),4406,나이스,126.995455586573,37.5339072570248
서울특별시 용산구 원효로3가 40-1번지 지층동,"서울특별시 용산구 원효로41길 18, 지층 (원효로3가)",4363,짝,126.958615841346,37.5344669129937
서울특별시 용산구 한강로3가 40-592번지 지층동,서울특별시 용산구 한강대로 55 (한강로3가),4379,필,126.964425882678,37.5259083911788
서울특별시 용산구 남영동 62-9,"서울특별시 용산구 한강대로 280-1, 2층 (남영동)",4352,필하모니,126.972838722074,37.5433166096361
서울특별시 용산구 서계동 220-3,서울특별시 용산구 청파로 391 (서계동),4300,드림21,126.968744854057,37.5545066304684
서울특별시 용산구 한강로3가 40-152 2층동,서울특별시 용산구 한강대로15길 9 (한강로3가),4379,용산,126.963886338534,37.5257428034399
서울특별시 용산구 이촌동 301-139번지 3층동,서울특별시 용산구 이촌로75길 12 (이촌동),4423,하모니,126.974263969076,37.5204240193546
서울특별시 용산구 한남동 634-1,서울특별시 용산구 대사관로 73 (한남동),4401,로데오노래연습장,127.006164887562,37.533402352702
서울특별시 용산구 청파동2가 90-2번지 지층,"서울특별시 용산구 청파로 285, 지층 (청파동2가)",4309,파랑새노래연습장,126.970291459739,37.5451025878356
서울특별시 용산구 용문동 8-165번지 2층동,서울특별시 용산구 새창로 119 (용문동),4364,신세계,126.960888047776,37.5368827294338
서울특별시 용산구 후암동 105-70번지,서울특별시 용산구 후암로 35-1 (후암동),4332,무지개,126.977417722253,37.5490889234468
서울특별시 용산구 보광동 257-1번지,서울특별시 용산구 보광로 51 (보광동),4394,오디션,126.99846829513,37.5286046713074
서울특별시 용산구 남영동 61-4 지층동,"서울특별시 용산구 한강대로 282, 지층 (남영동, 신한은행)",4352,올인노래연습장,126.972749951979,37.5434720115918
서울특별시 용산구 후암동 103-10번지 지층동,서울특별시 용산구 한강대로104길 80 (후암동),4332,연출,126.97658725684,37.5500358913535
서울특별시 용산구 서계동 266-73 지층,"서울특별시 용산구 만리재로 134, 지층 (서계동)",4305,HOLLYWOOD,126.962570190199,37.5513452148053
서울특별시 용산구 한남동 644-10 지층동,"서울특별시 용산구 대사관로 56, 지층 (한남동)",4402,꼬끼오,127.004186627406,37.5332845884683
"서울특별시 용산구 한강로2가 143-1번지 지하102호,103호 ","서울특별시 용산구 한강대로40길 14, 지하층 102호,103호 (한강로2가)",4386,테마노래연습장,126.969969527032,37.5301466215658
서울특별시 용산구 남영동 26-2 3층,"서울특별시 용산구 한강대로 284, 3층 (남영동)",4352,신데렐라 노래연습장,126.972706418316,37.5436970711962
서울특별시 용산구 용문동 8-77번지 지하1층동,서울특별시 용산구 효창원로 114 (용문동),4364,세븐,126.960955827997,37.5381728942386
서울특별시 용산구 원효로3가 58-1번지 2층,"서울특별시 용산구 원효로41길 9, 2층 (원효로3가)",4363,스마일노래연습장,126.958124219166,37.5343034783453
서울특별시 용산구 원효로2가 43-4,"서울특별시 용산구 원효로 184, 2층 (원효로2가)",4367,산울림 노래연습장,126.963074834878,37.5359079201913
서울특별시 용산구 원효로2가 81-8번지,"서울특별시 용산구 원효로53길 9, 지하층 (원효로2가)",4364,궁노래연습장,126.961991202294,37.5360147954612
서울특별시 용산구 원효로3가 37-2번지,"서울특별시 용산구 원효로41길 15, 2층 (원효로3가)",4363,행운노래연습장,126.958314957366,37.534539427835
서울특별시 용산구 한강로2가 2-192,"서울특별시 용산구 한강대로39길 20, 지층 (한강로2가)",4376,아리수노래연습장,126.968123984925,37.5311370592046
서울특별시 용산구 보광동 222-8,"서울특별시 용산구 보광로 31-1, 2층 (보광동, LG전자프라자)",4394,샘노래연습장,126.999828833439,37.5271372193807
서울특별시 용산구 한강로1가 153번지,서울특별시 용산구 한강대로62길 13 (한강로1가),4382,낭낭노래연습장,126.973870792784,37.5342837752364
서울특별시 용산구 한강로1가 197 2층동,서울특별시 용산구 한강대로62길 23 (한강로1가),4382,데코,126.973847053613,37.5339010248046
서울특별시 용산구 용문동 40-2 지층동,"서울특별시 용산구 효창원로 93, 지층 (용문동)",4356,용문노래연습장,126.959170224245,37.5371851544368
서울특별시 용산구 청파동3가 111-9 3층,"서울특별시 용산구 청파로47길 49, 3층 (청파동3가, 캠퍼스프라자)",4313,Joyking동전노래연습장,126.967563904498,37.5445841559546
서울특별시 용산구 이태원동 128-3 3층,"서울특별시 용산구 이태원로 176, 3층 (이태원동)",4391,적셔,126.993425922089,37.5342678321451
서울특별시 용산구 남영동 61-3 2층,서울특별시 용산구 한강대로84길 4 (남영동),4352,황금,126.972876339986,37.5434897002793
서울특별시 용산구 이태원동 630번지,"서울특별시 용산구 녹사평대로54길 6, 지1층 (이태원동)",4343,K-POP,126.98755859772,37.5392786344347
서울특별시 용산구 용산동2가 1-1418번지 지층동,서울특별시 용산구 신흥로36길 8 (용산동2가),4337,자기연출,126.981954784528,37.5463207544107
서울특별시 용산구 한남동 634-14,"서울특별시 용산구 한남대로21길 32, 3층 (한남동)",4401,지코인 노래연습장 한남점,127.006301905644,37.5334676680432
서울특별시 용산구 이태원동 119-8,"서울특별시 용산구 이태원로27가길 37, 3층 (이태원동)",4350,큐브코인노래연습장 이태원점,126.99309990579,37.5348765297121
서울특별시 용산구 원효로1가 46-5,"서울특별시 용산구 원효로 249, 지하1층 (원효로1가)",4316,오엑스코인노래연습장 남영역점,126.968357599455,37.5400035991267
서울특별시 용산구 서계동 193-2번지 명성카인테리어제일공사,"서울특별시 용산구 청파로 337, 명성카인테리어제일공사 지층 (서계동)",4304,제일 노래연습장,126.969631362533,37.5496845396412
서울특별시 용산구 이태원동 124-9,"서울특별시 용산구 이태원로 203, 2층 (이태원동)",4349,코니코인 노래연습장 이태원점,126.996617727643,37.5348204604086
서울특별시 용산구 갈월동 87-14 2층,"서울특별시 용산구 한강대로 287-1, 2층 (갈월동)",4321,KPOPSTAR 코인노래연습장,126.971801285107,37.5440018468138
서울특별시 용산구 이태원동 168-12,"서울특별시 용산구 이태원로19길 1, 2층 (이태원동)",4351,세븐틴코인노래연습장 이태원점,126.991811476161,37.5345610971177
서울특별시 용산구 이태원동 118-72,"서울특별시 용산구 이태원로27가길 58, 3층 (이태원동)",4350,노래야노래야노래연습장,126.992104923919,37.5349599000579
서울특별시 용산구 청파동2가 63-5 중하빌딩 1층,"서울특별시 용산구 청파로47길 66, 중하빌딩 1층 (청파동2가)",4310,락휴코인노래연습장 숙대입구점,126.966770459878,37.545067501628
서울특별시 용산구 한남동 633-3 제일빌딩,"서울특별시 용산구 대사관로 72, 제일빌딩 지층 107,108호 (한남동)",4402,소다코인노래연습장,127.005947068599,37.5330952126175
서울특별시 용산구 이태원동 124-9,"서울특별시 용산구 이태원로 203, 3층 (이태원동)",4349,코니코인 노래연습장 이태원점2(주식회사 디귿),126.996617727643,37.5348204604086
서울특별시 용산구 신계동 32-7,"서울특별시 용산구 새창로45길 3, 2층 (신계동)",4367,키스노래연습장,126.962533201343,37.5345791339816
서울특별시 성동구 성수동2가 321-7,"서울특별시 성동구 연무장길 50, 3층 (성수동2가)",4781,밀리언코인 노래연습장,127.054837828936,37.5424988037749
서울특별시 성동구 성수동2가 316-44,"서울특별시 성동구 연무장길 37, 지하1층 (성수동2가)",4782,골든싱어코인노래연습장 성수점,127.053642544846,37.543073559768
서울특별시 성동구 행당동 19-98,"서울특별시 성동구 마조로 11, 지하1층 (행당동)",4760,포텐코인노래연습장,127.040664404256,37.5589370324066
서울특별시 성동구 성수동1가 14-29,"서울특별시 성동구 상원길 38, 2층 (성수동1가)",4790,팡팡노래연습장,127.048787682143,37.5472978373972
서울특별시 성동구 성수동1가 231-2번지,서울특별시 성동구 성덕정길 54 (성수동1가),4775,공주 노래연습장,127.049404269631,37.5381685639649
서울특별시 성동구 금호동4가 575-0번지 지하,서울특별시 성동구 독서당로 290-1 (금호동4가),4737,라이브 노래방,127.021404107728,37.547823690218
서울특별시 성동구 금호동3가 896,"서울특별시 성동구 장터길 33, 지층 (금호동3가)",4726,삼거리 노래연습장,127.019704598036,37.5485112678947
서울특별시 성동구 성수동1가 656-1056,"서울특별시 성동구 왕십리로4길 19-1, 지층 (성수동1가)",4778,렉스 코인 노래연습장,127.046175148363,37.5465880899084
서울특별시 성동구 마장동 522-4번지 2층,"서울특별시 성동구 고산자로 346 (마장동,2층)",,화이트 노래연습장,127.038024868301,37.570325602822
서울특별시 성동구 행당동 286-18번지 지층,"서울특별시 성동구 왕십리로21길 6 (행당동,지층)",,필(feel) 노래연습장,127.033385018064,37.5618101613897
서울특별시 성동구 행당동 19-101 2층,"서울특별시 성동구 마조로 7 (행당동,2층)",,필하모니 노래연습장,127.040443630196,37.5585875213707
"서울특별시 성동구 금호동3가 893번지 2, 3층 ","서울특별시 성동구 장터길 37 (금호동3가,2, 3층)",,로얄 노래연습장,127.020096565001,37.5484024512915
서울특별시 성동구 금호동1가 520번지 4층,"서울특별시 성동구 금호로 148, 4층 (금호동1가, 금호아이타워)",4727,알앤비 노래연습장,127.020745815008,37.554246754326
서울특별시 성동구 성수동1가 656-5번지 지층,"서울특별시 성동구 왕십리로14길 8-1 (성수동1가,지층)",,고고싱 노래연습장,127.044912306232,37.5492668857872
서울특별시 성동구 홍익동 335-0번지,서울특별시 성동구 마장로 202-1  (홍익동),,앗~~싸노래방,127.032226308114,37.5664102495724
서울특별시 성동구 행당동 4-31,서울특별시 성동구 마조로5길 6 (행당동),,방가방가노래연습장,127.040423653207,37.5601567946637
서울특별시 성동구 옥수동 284-2,"서울특별시 성동구 독서당로 208, 지1층 (옥수동)",4734,스타 노래연습장,127.013977925667,37.5433130495767
서울특별시 성동구 용답동 14-20 정치과의원,"서울특별시 성동구 용답중앙15길 2, 지층 (용답동)",4805,파티파티 노래연습장,127.053095664605,37.5638055873065
서울특별시 성동구 행당동 19-50번지,서울특별시 성동구 마조로5길 3 (행당동),4760,악쓰는 하마 코인노래연습장,127.040736086668,37.5598426898639
서울특별시 성동구 하왕십리동 966-92,"서울특별시 성동구 무학봉길 97, 지하1층 (하왕십리동)",4710,오후 노래연습장,127.032211610975,37.5627707694942
서울특별시 성동구 마장동 767-34번지,서울특별시 성동구 마장로39나길 17-2 (마장동),4756,명가노래연습장,127.044644732628,37.567956099602
서울특별시 성동구 행당동 4-27번지,서울특별시 성동구 마조로5길 8 (행당동),,짱노래연습장,127.040238925747,37.5601253228753
서울특별시 성동구 금호동4가 103-3번지,,,딩가딩가노래연습장,,
서울특별시 성동구 금호동1가 1800,서울특별시 성동구 금호로 64 (금호동1가),4718,사이버 노래연습장,127.026132568067,37.5491010753728
서울특별시 성동구 용답동 18-1번지,서울특별시 성동구 용답중앙길 83  (용답동),,째즈노래연습장,,
서울특별시 성동구 마장동 769-9번지,서울특별시 성동구 마장로 319-1 (마장동),,럭키노래연습장,127.04455987874,37.5674537364575
서울특별시 성동구 마장동 439-1번지 마축일축산물시장 302호,"서울특별시 성동구 마장로35길 68,  302호 (마장동,마축일축산물시장)",,쏭 노래연습장,127.041275257984,37.5706824765816
서울특별시 성동구 성수동1가 656-1076번지,"서울특별시 성동구 왕십리로4길 16, 지하층 (성수동1가)",4778,스타노래연습장,127.046160644423,37.5461894936415
서울특별시 성동구 금호동3가 1650-0번지,서울특별시 성동구 동호로 103  (금호동3가),,개골개골노래방,,
서울특별시 성동구 홍익동 353-0번지,서울특별시 성동구 마장로 192  (홍익동),,팡팡노래방,127.030980140691,37.5665401463681
서울특별시 성동구 금호동4가 556-1번지,서울특별시 성동구 독서당로48길 5-1 (금호동4가),,열창노래방,127.022004187214,37.5477634832989
서울특별시 성동구 용답동 73-4,서울특별시 성동구 천호대로 294 (용답동),,쟁반 노래연습장,127.053081600066,37.5661568330181
서울특별시 성동구 행당동 19-7번지,서울특별시 성동구 마조로3가길 15 (행당동),,킹노래방,127.03989916258,37.55928471794
서울특별시 성동구 용답동 14-1,서울특별시 성동구 용답중앙15길 12-1 (용답동),4805,에이스 노래연습장,127.053856513732,37.5644524282652
서울특별시 성동구 성수동2가 300-63,"서울특별시 성동구 성수일로8길 40, B1층 (성수동2가)",4794,씽 노래연습장,127.05459372098,37.5455539351627
서울특별시 성동구 송정동 61-27번지,,,화양노래방,,
서울특별시 성동구 하왕십리동 970-47번지,서울특별시 성동구 무학봉길 83  (하왕십리동),,아리랑노래방,127.031488604986,37.5617334669893
서울특별시 성동구 성수동2가 331-243,서울특별시 성동구 성덕정17길 12 (성수동2가),,사이버노래연습장,127.055339295186,37.5383228860946
서울특별시 성동구 금호동2가 529번지,서울특별시 성동구 금호로 141-2  (금호동2가),,애모노래방,127.02082932018,37.5537847079277
서울특별시 성동구 행당동 117번지,,,가족노래방,,
서울특별시 성동구 성수동1가 656-395,서울특별시 성동구 왕십리로4길 23 (성수동1가),133-821,그린노래연습장,,
서울특별시 성동구 성수동1가 249-1번지,서울특별시 성동구 성덕정길 55 (성수동1가),4775,열창노래방,127.049666766146,37.53833153489
서울특별시 성동구 성수동2가 315-70번지,서울특별시 성동구 연무장7길 12  (성수동2가),,환희노래방,127.054840383995,37.5436698315466
서울특별시 성동구 옥수동 314-6,"서울특별시 성동구 한림말3길 30, 지하1층 (옥수동)",4735,VIP 노래연습장,127.01559417396,37.5435782816435
서울특별시 성동구 송정동 68-40 2층,"서울특별시 성동구 동일로 191 (송정동,2층)",,차차차 노래연습장,127.067615950858,37.5491461458077
서울특별시 성동구 행당동 268번지 지층,"서울특별시 성동구 왕십리로 295 (행당동,지층)",,즐거운 노래연습장,127.035736080166,37.560441309643
서울특별시 성동구 성수동2가 300-1,서울특별시 성동구 아차산로 113 (성수동2가),4794,뮤지컬 노래연습장,127.056933860698,37.5446930967018
서울특별시 성동구 성수동1가 13-106번지,서울특별시 성동구 상원10길 4-1 (성수동1가),4790,코코 노래연습장,127.048540337588,37.5490821870028
서울특별시 성동구 성수동2가 228-1,"서울특별시 성동구 성덕정길 145, 지하 1층 (성수동2가)",4777,아방궁노래연습장,127.059544814571,37.5365418153962
서울특별시 성동구 행당동 19-100번지 3층,서울특별시 성동구 마조로 9 (행당동),4760,락스타 노래연습장,127.040554610589,37.5587090278115
서울특별시 성동구 성수동1가 656-297 신한빌딩,"서울특별시 성동구 왕십리로 114, 신한빌딩 지하1층 (성수동1가)",4778,땡큐 노래연습장,127.044746028256,37.5476854260016
서울특별시 성동구 행당동 298-66,서울특별시 성동구 왕십리로21길 27 (행당동),,동네노래연습장,127.03196910348,37.5602312861584
서울특별시 성동구 용답동 58-1번지,서울특별시 성동구 용답29길 23  (용답동),,즐거운노래방,127.053641125075,37.564618850212
서울특별시 성동구 용답동 4-12,"서울특별시 성동구 용답중앙15길 16, 지하층 (용답동)",4805,마돈나 노래연습장,127.05414418323,37.5646936735562
서울특별시 성동구 옥수동 535-13번지,서울특별시 성동구 매봉6길 1  (옥수동),,우리내 노래연습장,,
서울특별시 성동구 성수동2가 565-15번지,서울특별시 성동구 성덕정17길 9 (성수동2가),,발리노래연습장,127.055158964724,37.5380517694093
서울특별시 성동구 성수동1가 671-188번지,서울특별시 성동구 왕십리로 133  (성수동1가),,대박노래연습장,,
서울특별시 성동구 송정동 73-911,"서울특별시 성동구 광나루로11길 46, 지하1층 (송정동)",4801,라라라 노래연습장,127.068244794506,37.5516201054427
서울특별시 성동구 행당동 19-87번지,서울특별시 성동구 마조로3가길 14 (행당동),,팡팡노래연습장,127.040127144174,37.5591459772373
서울특별시 성동구 성수동2가 506번지,서울특별시 성동구 성덕정길 84 (성수동2가),,영심이 노래연습장,127.052762758573,37.5377619313618
서울특별시 성동구 성수동2가 232-1번지,서울특별시 성동구 성덕정길 149  (성수동2가),,스크린노래연습장,127.059845876254,37.5365211204018
서울특별시 성동구 마장동 771-7번지,서울특별시 성동구 마장로 305 (마장동),,팡팡노래연습장,127.043316238277,37.5666626744894
서울특별시 성동구 성수동2가 300-65 3층,"서울특별시 성동구 아차산로 91 (성수동2가,3층)",,V코인 노래연습장 성수점,127.054482759879,37.545307923565
서울특별시 성동구 사근동 210-2번지,서울특별시 성동구 사근동길 지하 53 (사근동),133-817,가인노래연습장,,
서울특별시 성동구 성수동2가 300-79 지하,"서울특별시 성동구 아차산로7길 2, 지하층 (성수동2가)",4794,이브노래연습장,127.054282513964,37.545368292626
서울특별시 성동구 성수동2가 300-64,"서울특별시 성동구 아차산로7길 4, 지하1층 (성수동2가)",4794,대박노래연습장,127.054379079618,37.5455816047743
서울특별시 성동구 성수동1가 248-1,"서울특별시 성동구 성덕정길 57, 지하1층 (성수동1가)",4775,자두노래연습장,127.049864160736,37.5382598221905
서울특별시 성동구 성수동2가 212-1,서울특별시 성동구 성덕정길 146 (성수동2가),,앗싸 노래연습장,127.05939042711,37.5363260134377
서울특별시 성동구 성수동1가 13-157번지,서울특별시 성동구 상원길 40 (성수동1가),4790,히트노래방,127.048747341011,37.5475596843054
서울특별시 성동구 도선동 50번지,"서울특별시 성동구 왕십리로22길 3, 2층 (도선동)",4709,왕십리 노래연습장,127.034236977625,37.5626205440226
서울특별시 성동구 도선동 68번지,서울특별시 성동구 무학로2길 46 (도선동),,에쿠스노래연습장,127.034559245245,37.5624452063071
서울특별시 성동구 도선동 201-3번지,서울특별시 성동구 왕십리로24길 13 (도선동),,59년 노래연습장,127.034099246236,37.5636441158247
서울특별시 성동구 용답동 74-2번지,"서울특별시 성동구 천호대로 288, 지1층 (용답동)",4804,짱노래연습장,127.052737136057,37.5664379179081
서울특별시 성동구 성수동1가 105-0번지,서울특별시 성동구 성덕정길 25 (성수동1가),,톡톡노래방,127.046715226488,37.5392790597832
서울특별시 성동구 홍익동 125번지 동아상가 지층 A2,"서울특별시 성동구 고산자로 293  (홍익동,동아상가 지층 A2)",,동아노래연습장,127.036058755483,37.5658353870174
서울특별시 성동구 용답동 103-8번지 지하1층,"서울특별시 성동구 천호대로 274-1, 지하1층 (용답동)",4803,행운노래연습장,,
서울특별시 성동구 성수동1가 14-39 지하층,"서울특별시 성동구 상원길 24, 지하층 (성수동1가)",4779,썸노래연습장,127.049059872946,37.5461479599334
서울특별시 성동구 성수동2가 300-75 2층,서울특별시 성동구 아차산로7길 3 (성수동2가),4793,세븐틴코인노래연습장(성수점),127.054064012749,37.5456914911303
서울특별시 성동구 행당동 12-39번지,,,즐거운 노래방,,
서울특별시 성동구 성수동1가 656-498번지,서울특별시 성동구 왕십리로6길 4-11 (성수동1가),4778,싱싱,127.045265921917,37.5458623268737
서울특별시 성동구 금호동4가 521-0번지,서울특별시 성동구 독서당로 312  (금호동4가),,"1,2,3노래연습장",127.023557055187,37.547962394545
서울특별시 성동구 행당동 19-97,"서울특별시 성동구 마조로 15-10, 지하1층 (행당동)",4760,도깨비 코인 노래연습장,127.040275957632,37.5591146619706
서울특별시 성동구 행당동 19-58번지,"서울특별시 성동구 마조로3가길 27, B1층 (행당동)",4760,리코스타 코인노래연습장,127.040057874998,37.5597733649523
서울특별시 성동구 마장동 761-3번지,"서울특별시 성동구 마장로37길 59, 3층 (마장동)",4752,한우타운 노래연습장,127.041860535436,37.570573250077
서울특별시 성동구 송정동 66-89번지,서울특별시 성동구 광나루로11길 5 (송정동),4801,기린노래방,127.065371480713,37.5487813340464
서울특별시 성동구 행당동 298-51,서울특별시 성동구 행당로17길 23-1 (행당동),4715,올래 노래연습장,127.032840003771,37.5604336813264
서울특별시 성동구 행당동 19-48번지,"서울특별시 성동구 마조로5길 5, 2,3층 (행당동)",4760,고래고래 코인노래연습장,,
서울특별시 성동구 행당동 292-34 세종보습학원,"서울특별시 성동구 행당로17길 26, 3층 (행당동)",4715,엠젯 코인노래연습장 왕십리점,127.033029239873,37.5606847363543
서울특별시 성동구 성수동2가 289-13번지,서울특별시 성동구 성수일로8길 53  (성수동2가),,얼짱 노래연습장,127.056449654682,37.5452842944977
서울특별시 성동구 성수동2가 574-15번지,서울특별시 성동구 성덕정길 116 (성수동2가),,1060@뮤직클럽,127.056189353148,37.5367897931264
서울특별시 성동구 성수동1가 13-104번지,서울특별시 성동구 상원8길 1  (성수동1가),,도레미노래연습장,127.048267961626,37.5489208397177
서울특별시 성동구 금호동4가 1380-0번지,서울특별시 성동구 장터길 26  (금호동4가),,엠티노래연습장,127.018755993619,37.5482189581995
서울특별시 성동구 성수동2가 212-12,서울특별시 성동구 성덕정길 142 (성수동2가),,킹콩노래연습장,127.059022101604,37.5364183704435
서울특별시 성동구 용답동 48-1번지,서울특별시 성동구 용답19길 18-1  (용답동),,커플노래연습장,127.052877636195,37.5635998976062
서울특별시 성동구 성수동2가 316-61,"서울특별시 성동구 연무장7길 5, 지하1층 (성수동2가)",4782,우주 노래연습장,127.054348975494,37.5432380295407
서울특별시 성동구 행당동 1-15번지,서울특별시 성동구 마조로1길 40  (행당동),,왕십리노래연습장,127.039425784633,37.5608840563242
서울특별시 성동구 도선동 311-34,서울특별시 성동구 무학로2길 23-1 (도선동),4707,보보스노래연습장,127.032571179987,37.5637695154663
서울특별시 성동구 행당동 19-84,"서울특별시 성동구 마조로 15-8, 지하1층 (행당동)",4760,슈퍼스타코인노래연습장,127.040306937781,37.5592674604922
서울특별시 성동구 하왕십리동 966-23번지,"서울특별시 성동구 무학봉28길 6 (하왕십리동, 금용빌딩)",4714,도깨비코인노래연습장,127.032677655069,37.5621394032508
서울특별시 성동구 행당동 346-0 행당 한진타운 단지상가 지하105호,서울특별시 성동구 행당로 76 (행당동),4717,가보자 노래방,127.027536046634,37.5562344985329
서울특별시 성동구 행당동 347번지 행당대림아파트 동백상가 지하001호,서울특별시 성동구 행당로 75 (행당동),4713,보이스코드 코인노래연습장,127.027520677046,37.556602469483
서울특별시 성동구 행당동 322-195번지,서울특별시 성동구 행당로8길 6 (행당동),,행당노래방,127.030312432969,37.5573233945631
서울특별시 성동구 성수동2가 275-85번지,서울특별시 성동구 연무장길 116  (성수동2가),,야야노래연습장업,127.061754314567,37.5403943482092
서울특별시 성동구 홍익동 105번지,서울특별시 성동구 마장로 지하 201-1 (홍익동),4706,이브노래연습장,,
서울특별시 성동구 도선동 272-0번지,,,DDR노래방,,
서울특별시 성동구 성수동2가 310-7번지 지하1층,"서울특별시 성동구 연무장길 44 (성수동2가,지하1층)",,DDR노래연습장,127.054071597609,37.5427191811958
서울특별시 성동구 금호동4가 506번지,서울특별시 성동구 독서당로 312-1 (금호동4가),4737,혜성노래연습장,127.023734617071,37.547995966242
서울특별시 성동구 성수동2가 532-34,서울특별시 성동구 성덕정길 92-1 (성수동2가),,타타타노래연습실,127.053769889299,37.5374645073972
서울특별시 성동구 행당동 286-31 한희빌딩,"서울특별시 성동구 왕십리로21길 8, 한희빌딩 지하1층 (행당동)",4714,남사이곤 노래연습장,127.033269634984,37.561698560476
서울특별시 성동구 홍익동 406,"서울특별시 성동구 무학로 24-1, 지하1층 (홍익동)",4707,스타 노래연습장,127.030294719471,37.5664044540536
서울특별시 성동구 용답동 57-20번지 (지하),"서울특별시 성동구 용답중앙15길 1  (용답동,(지하))",,옥소리 노래방,127.05284380209,37.56393229028
서울특별시 성동구 성수동1가 656-1056번지 (지하),"서울특별시 성동구 왕십리로4길 19-1 (성수동1가,(지하))",,허니노래연습장,127.046175148363,37.5465880899084
서울특별시 성동구 성수동2가 300-5 (지하),"서울특별시 성동구 아차산로 97 (성수동2가,(지하))",,히트 노래방,127.055123744487,37.5452324827558
서울특별시 성동구 성수동2가 289-227번지 (지하),"서울특별시 성동구 성수일로12길 44 (성수동2가,(지하))",,아미가,127.055355062685,37.5471005958802
서울특별시 성동구 송정동 66-197번지,"서울특별시 성동구 광나루로 325, B1층 (송정동)",4801,와와노래연습장,127.065908705027,37.5484392866604
서울특별시 성동구 성수동2가 300-66번지,서울특별시 성동구 아차산로 93 (성수동2가),,해피노래연습장,127.05468798751,37.5452517865527
서울특별시 성동구 금호동4가 574-0번지,서울특별시 성동구 독서당로 292  (금호동4가),,쏘나타노래방,127.021545351371,37.5478851126482
서울특별시 성동구 성수동2가 289-15번지,서울특별시 성동구 아차산로7길 8 (성수동2가),4794,민트 노래연습장,127.054482141376,37.5458574431701
서울특별시 성동구 행당동 19-49번지,"서울특별시 성동구 마조로 19-10, B1층 (행당동)",4760,리코스타 코인노래연습장 한양대2호점,127.040476760242,37.5597852954493
서울특별시 성동구 행당동 19-112번지,"서울특별시 성동구 마조로3길 6, B1층 (행당동)",4760,코인싱어 동전노래연습장,127.040156615372,37.5585965392078
서울특별시 성동구 용답동 4-6번지,"서울특별시 성동구 용답29길 18, 2층 (용답동)",4805,딴따라 코인노래연습장,127.054357753046,37.5643619187354
서울특별시 성동구 성수동2가 566-30번지,서울특별시 성동구 성덕정17길 4-10 (성수동2가),4776,뚝섬노래방,127.05566213214,37.5374462413516
서울특별시 성동구 성수동2가 204-2번지,서울특별시 성동구 성덕정길 152  (성수동2가),,테마 노래방,127.060200286648,37.5362907346562
서울특별시 성동구 용답동 61-7,"서울특별시 성동구 용답중앙15길 13, 지하1층 (용답동)",4804,악쓰는하마노래연습장,127.05378270602,37.5647536649211
서울특별시 성동구 성수동2가 289-237번지,서울특별시 성동구 아차산로7길 18 (성수동2가),,SBS노래연습장,127.05489600427,37.5466849091209
서울특별시 성동구 금호동4가 1385-0번지,서울특별시 성동구 장터길 22  (금호동4가),,탈렌트노래연습장,127.018266115488,37.5482272340846
서울특별시 성동구 마장동 773-2번지,서울특별시 성동구 마장로 283 (마장동),4756,SBS 노래연습장,127.041429927751,37.5656518033574
서울특별시 성동구 성수동1가 140-2번지,서울특별시 성동구 성덕정길 30 (성수동1가),,번개노래연습장,127.046879460329,37.5390050906811
서울특별시 성동구 행당동 292-7번지,서울특별시 성동구 행당로17길 20 (행당동),4715,소리꾼노래방,127.033264858904,37.5601207362776
서울특별시 성동구 금호동4가 1383-0번지 지하,"서울특별시 성동구 장터길 22-2  (금호동4가,지하)",,신바람노래방,127.018448528916,37.5482092758508
서울특별시 성동구 옥수동 359-0번지 지하,"서울특별시 성동구 한림말5길 17 (옥수동,지하)",,세븐노래연습장,127.016542686978,37.5427547291187
서울특별시 성동구 성수동1가 16-10번지,서울특별시 성동구 연무장길 16-2 (성수동1가),4781,파랑새 노래연습장,127.051230667752,37.543590182633
서울특별시 성동구 금호동1가 122-0번지,서울특별시 성동구 금호로 158-1  (금호동1가),,스타노래연습실,127.02022735147,37.5549927803262
서울특별시 성동구 응봉동 193-79번지 지하,"서울특별시 성동구 독서당로60길 2  (응봉동,지하)",,SBS 노래연습장,127.030785551487,37.5497221835162
서울특별시 성동구 성수동2가 235-1번지,서울특별시 성동구 동일로 41  (성수동2가),,호박노래연습장,127.060577576886,37.5369328649047
서울특별시 성동구 하왕십리동 946-5번지,서울특별시 성동구 무학봉15길 27  (하왕십리동),,성산노래방,127.030171840031,37.5637091555598
서울특별시 성동구 성수동1가 656-967번지,서울특별시 성동구 왕십리로 106  (성수동1가),,탑노래연습장,127.044819520067,37.5470128025159
서울특별시 성동구 금호동4가 162-0번지,서울특별시 성동구 금호로3길 18  (금호동4가),,즐거운 투 노래연습장,127.024063537334,37.5478655251471
서울특별시 성동구 성수동2가 228-1번지,"서울특별시 성동구 성덕정길 145, 지하 1층 (성수동2가)",4777,엘리트,127.059544814571,37.5365418153962
서울특별시 성동구 금호동2가 449-1번지,"서울특별시 성동구 금호로 151, 지하1층 (금호동2가)",4728,SKY 노래연습장,127.02014635581,37.5542856010364
서울특별시 성동구 성수동2가 315-1번지 지하1층,"서울특별시 성동구 아차산로 116 (성수동2가,지하1층)",,스타 노래연습장,127.056627617429,37.5440415512187
서울특별시 성동구 용답동 4-13번지,서울특별시 성동구 용답중앙15길 14 (용답동),,게임 노래방,127.054019717981,37.5645934497013
서울특별시 성동구 행당동 309-13,"서울특별시 성동구 왕십리로21다길 39, 지층 (행당동)",4714,열창 노래연습장,127.033217906716,37.5596506994
서울특별시 성동구 마장동 791-9번지,서울특별시 성동구 마장로 296  (마장동),,세림노래방,127.042757434672,37.5657022363224
서울특별시 성동구 성수동2가 300-75번지,서울특별시 성동구 아차산로7길 3 (성수동2가),4793,빙고노래연습장,127.054064012749,37.5456914911303
서울특별시 성동구 행당동 286-21 글탑독서실,"서울특별시 성동구 무학봉28길 20, 지1층 (행당동)",4715,악쓰는하마노래연습장,127.033953035197,37.5614544661258
서울특별시 성동구 도선동 151-1번지,서울특별시 성동구 왕십리로24길 8 (도선동),4709,25시노래방,127.03408302525,37.5630694650085
서울특별시 성동구 사근동 19-67번지,,,톱노래방,,
서울특별시 성동구 도선동 257번지,서울특별시 성동구 왕십리로 지하 334 (도선동),133-882,수(빼어날수)노래방,,
서울특별시 성동구 성수동1가 656-604번지,서울특별시 성동구 왕십리로 102 (성수동1가),,서울숲노래연습장,127.044872021901,37.5466274253498
서울특별시 성동구 성수동2가 289-236번지,서울특별시 성동구 아차산로7길 20  (성수동2가),,성수25시노래방,127.054945670351,37.5468238200462
서울특별시 성동구 금호동2가 444-0,서울특별시 성동구 무수막길 93 (금호동2가),,신세대 노래연습장,127.019877520001,37.554085084485
서울특별시 성동구 성수동2가 565-20번지,서울특별시 성동구 성덕정17길 3 (성수동2가),,한강 노래방,127.055197516506,37.5375487229641
서울특별시 성동구 성수동2가 565-5번지,서울특별시 성동구 성덕정길 103 (성수동2가),,팡팡노래연습실,127.054954336318,37.5375094626668
서울특별시 성동구 금호동4가 460-0번지,,,금호노래연습장,,
서울특별시 성동구 금호동4가 1391-1번지,,,선우노래연습장,,
서울특별시 성동구 행당동 19-51번지,서울특별시 성동구 마조로5길 3-3 (행당동),,파티파티노래연습장,127.040672881648,37.5597496386723
서울특별시 성동구 성수동1가 656-302번지,서울특별시 성동구 아차산로 7  (성수동1가),,소풍노래연습장,127.045641393072,37.5481060299191
서울특별시 성동구 성수동2가 576-2번지,서울특별시 성동구 둘레15길 24 (성수동2가),,강변노래연습장,127.05561193622,37.5368919695969
서울특별시 성동구 행당동 19-107번지,서울특별시 성동구 마조로 15-3 (행당동),,채널VJ노래연습장,127.04049844419,37.5590718786064
서울특별시 성동구 금호동3가 895,"서울특별시 성동구 장터길 35, 지1층 (금호동3가)",4726,룰루랄라노래연습장,127.019817056424,37.5484149323138
서울특별시 성동구 금호동2가 452번지,서울특별시 성동구 무수막길 94 (금호동2가),4728,신금호 노래연습장,127.020160781167,37.5540606194171
서울특별시 성동구 성수동2가 277-81번지,서울특별시 성동구 성수이로 108 (성수동2가),,킹카 노래연습장,127.057373589713,37.544546201202
서울특별시 성동구 상왕십리동 167-2번지,,,우리들노래방,,
서울특별시 성동구 성수동2가 300-87번지 지하1층,서울특별시 성동구 아차산로 87 (성수동2가),4793,탐나 노래연습장,127.054007834941,37.5454637442777
서울특별시 성동구 금호동4가 1110-2,"서울특별시 성동구 장터길 44-2, 지하1층 (금호동4가)",4725,REX코인노래연습장 금호점,127.020866686438,37.5481731036344
서울특별시 성동구 성수동2가 339-4번지,서울특별시 성동구 성덕정길 83  (성수동2가),,와우경품게림랜드,127.052945166071,37.5379434012697
서울특별시 성동구 성수동2가 316-61번지 지하,"서울특별시 성동구 연무장7길 5  (성수동2가,지하)",,우주노래연습장,127.054348975494,37.5432380295407
서울특별시 광진구 자양동 615-39번지 B1,"서울특별시 광진구 뚝섬로 613-1 (자양동,B1)",,파티 노래연습장,127.078074863382,37.5326270728118
"서울특별시 광진구 중곡동 150-175번지 2층, 3층 ","서울특별시 광진구 긴고랑로 85 (중곡동,2층, 3층)",,럭셔리락노래연습장,127.085292516929,37.5608987539786
서울특별시 광진구 화양동 45-72번지 지하1층 층,"서울특별시 광진구 동일로22길 33 (화양동,지하1층 층)",,드루와,127.066164365225,37.5421944995428
서울특별시 광진구 중곡동 41-1 3층,"서울특별시 광진구 긴고랑로 60 (중곡동,3층)",,S 노래연습장,127.082685560137,37.5618816134715
서울특별시 광진구 구의동 252-115번지,서울특별시 광진구 자양로18길 19 (구의동),,이브,127.08467273635,37.5377912960925
서울특별시 광진구 자양동 52-65번지 지하1층,"서울특별시 광진구 뚝섬로 476 (자양동,지하1층)",,히트,127.063177388779,37.5364806420847
서울특별시 광진구 구의동 257-130번지 지하1층,"서울특별시 광진구 자양로18길 31  (구의동,지하1층)",,데몰리션,127.085180422232,37.5378880587944
서울특별시 광진구 구의동 246-96 지하1층,"서울특별시 광진구 자양로18길 44 (구의동,지하1층)",,올레노래연습장,127.085956590004,37.5378713684858
서울특별시 광진구 능동 223-44번지 2층 201호,서울특별시 광진구 능동로36길 30 (능동),4985,짝,127.080587072191,37.5557178129746
서울특별시 광진구 자양동 607-14 지하1층,서울특별시 광진구 뚝섬로 612 (자양동),5099,미소랑노래연습장,127.077579142107,37.5324599034225
서울특별시 광진구 화양동 48-28번지 지하1층,서울특별시 광진구 동일로22길 64 (화양동),5019,락휴코인노래연습장 건대점,127.067676459516,37.5414729330796
서울특별시 광진구 구의동 631-1,"서울특별시 광진구 광나루로56길 5 (구의동, 현대프라임아파트)",5119,테크노노래연습장(광나루로56길 63 수정 필요),127.098357196735,37.5387800804493
서울특별시 광진구 능동 223-32번지 지하1층,"서울특별시 광진구 능동로36길 22 (능동,지하1층)",,쥬라기노래방,127.080268134995,37.5559161595454
서울특별시 광진구 화양동 49-4번지,"서울특별시 광진구 동일로22길 32, 지하1층 (화양동)",5020,OK 노래연습장,127.066035660944,37.5420106775817
서울특별시 광진구 구의동 54-13번지,서울특별시 광진구 자양로 277 (구의동),4954,렛츠코인 노래연습장 아차산점,127.091104212028,37.5508051349791
서울특별시 광진구 구의동 252-115번지 해민빌딩,"서울특별시 광진구 자양로18길 19, 해민빌딩 3층 (구의동)",5043,도깨비코인노래연습장,127.08467273635,37.5377912960925
서울특별시 광진구 화양동 5-1,"서울특별시 광진구 능동로 127, 지하1층 (화양동)",5017,프렌즈코인노래연습장 건대점,127.071424709163,37.5422712635479
서울특별시 광진구 중곡동 37-4,"서울특별시 광진구 긴고랑로 79, 2층 (중곡동)",4937,잇츠코인노래연습장(중곡점),127.084702394418,37.5612041661408
서울특별시 광진구 중곡동 78-3,"서울특별시 광진구 영화사로 1, 2층 (중곡동)",4945,스위티 코인노래연습장,127.088299645079,37.5586988321461
서울특별시 광진구 자양동 609-22번지 신전빌딩,"서울특별시 광진구 뚝섬로 605, 신전빌딩 지하1층 (자양동)",5063,렛츠코인 노래연습장 자양점,127.077088180682,37.5329579378219
서울특별시 광진구 군자동 478-1,"서울특별시 광진구 천호대로 546, 2층 (군자동)",4997,렉스코인 노래연습장 군자점,127.078664401829,37.5571538576473
서울특별시 광진구 중곡동 162-3번지,서울특별시 광진구 능동로 339 (중곡동),,핑크,127.080746993399,37.5599193232613
서울특별시 광진구 구의동 252-119 현덕빌딩,"서울특별시 광진구 아차산로51길 23, 현덕빌딩 지하층 (구의동)",5043,365노래연습장,127.084876576098,37.5380462228813
서울특별시 광진구 자양동 12-28번지,서울특별시 광진구 동일로18길 32 (자양동),,앵콜노래연습장,127.064540890189,37.5394942008282
서울특별시 광진구 구의동 257-93,"서울특별시 광진구 자양로18길 41, 지하1층 (구의동)",5042,갈채,127.085929228496,37.5380860066115
서울특별시 광진구 자양동 679-31번지,서울특별시 광진구 자양로 49 (자양동),,마돈나,127.085189541528,37.5321785020915
서울특별시 광진구 광장동 330-8번지 의성빌딩,"서울특별시 광진구 광장로 80, 의성빌딩 (광장동)",4968,열창노래방,127.105990131213,37.5477057112156
서울특별시 광진구 구의동 246-59,"서울특별시 광진구 아차산로51길 11, 2층 (구의동)",5044,서울 노래연습장,127.085134450744,37.5375596774095
서울특별시 광진구 자양동 6-63,서울특별시 광진구 아차산로30길 33 (자양동),,부킹,127.067225432496,37.5392018603192
서울특별시 광진구 구의동 200-13번지 지하1층,"서울특별시 광진구 아차산로65길 8  (구의동,지하1층)",,갈채노래연습장,127.094277405312,37.5408393992816
서울특별시 광진구 중곡동 44-19번지 지하1층,"서울특별시 광진구 긴고랑로 78 (중곡동,지하1층)",,자유인 노래연습장,127.084284393433,37.5609857033236
서울특별시 광진구 화양동 7-6번지,서울특별시 광진구 동일로22길 80  (화양동),,건대노래연습장,127.068519211274,37.5412191760908
서울특별시 광진구 중곡동 239-83번지,서울특별시 광진구 긴고랑로 21 (중곡동),,딩동댕,127.078904868204,37.5636698852667
서울특별시 광진구 화양동 15-55,서울특별시 광진구 능동로13길 58 (화양동),5012,로또 노래연습장,127.069683975538,37.5443579368441
서울특별시 광진구 자양동 805번지,서울특별시 광진구 자양번영로 70-1 (자양동),,테크노,127.076654911098,37.5357742974092
서울특별시 광진구 자양동 553-20 지하,서울특별시 광진구 뚝섬로 514 (자양동),5085,와와노래연습장,127.067293695355,37.5354625802819
서울특별시 광진구 구의동 220-218 지층,"서울특별시 광진구 구의로 10-1 (구의동,지층)",,스마일 노래연습장,127.08946475232,37.5389525757101
서울특별시 광진구 구의동 252-79 지하1층,서울특별시 광진구 아차산로51길 37 (구의동),5043,블랙홀,127.084788370009,37.5386886992464
서울특별시 광진구 구의동 228-16번지 2층,"서울특별시 광진구 구의로 68  (구의동,2층)",,앵콜노래연습장,127.090656034669,37.5439519440769
서울특별시 광진구 군자동 346-40번지 지하1층,"서울특별시 광진구 군자로 81 (군자동,지하1층)",,순자,127.070848331432,37.5504290742234
서울특별시 광진구 중곡동 607-3,서울특별시 광진구 용마산로 191 (중곡동),,MBC노래연습장,127.085926341036,37.5707593329671
서울특별시 광진구 화양동 45-77번지,서울특별시 광진구 동일로22길 37 (화양동),5019,딩동댕,127.066407564552,37.5421039927751
서울특별시 광진구 자양동 223-9번지,서울특별시 광진구 아차산로40길 9-1 (자양동),,앵콜,127.078604268073,37.5370735198721
서울특별시 광진구 구의동 248-85번지,서울특별시 광진구 아차산로51길 96 (구의동),,25시노래방,127.085501398584,37.5411396252921
서울특별시 광진구 군자동 361-25번지,서울특별시 광진구 광나루로 381-1 (군자동),5005,영해노래방,127.072324363402,37.5480981974837
서울특별시 광진구 화양동 111-27,서울특별시 광진구 능동로19길 21-2 (화양동),5009,CNN노래연습장,127.072547789797,37.5469761368823
서울특별시 광진구 중곡동 230-13 지층,"서울특별시 광진구 면목로 128 (중곡동,지층)",,OK노래연습장,127.080930080374,37.5648016070512
서울특별시 광진구 중곡동 341-7 2층,"서울특별시 광진구 천호대로 573 (중곡동,2층)",,센스,127.081842329438,37.5565889347448
서울특별시 광진구 군자동 477-19,"서울특별시 광진구 능동로 297, 2층 (군자동)",4997,세븐틴코인노래연습장 군자역점,127.078755167824,37.5565076019386
서울특별시 광진구 중곡동 341-20,서울특별시 광진구 능동로38길 30 (중곡동),,예스 노래방,127.081395363659,37.5571787661791
서울특별시 광진구 중곡동 89-1번지 지하1층,"서울특별시 광진구 영화사로 30  (중곡동,지하1층)",,야호,127.090242778033,37.556895639262
서울특별시 광진구 화양동 7-34,"서울특별시 광진구 동일로22길 92, 지층 (화양동)",5018,테크노,127.069083099506,37.5410309891241
서울특별시 광진구 자양동 52-214번지 지층,"서울특별시 광진구 뚝섬로 484  (자양동,지층)",,25시노래연습장,127.064008262268,37.5362769289674
서울특별시 광진구 중곡동 40-1번지 지하1층,"서울특별시 광진구 능동로 376  (중곡동,지하1층)",,마돈나,127.0827745228,37.5627007370196
서울특별시 광진구 중곡동 230-10,서울특별시 광진구 면목로 116 (중곡동),,한바탕,127.080266560751,37.563838534835
서울특별시 광진구 자양동 583-19,서울특별시 광진구 자양번영로 29 (자양동),,딩동댕노래연습장,127.075186270265,37.5322437692418
서울특별시 광진구 구의동 79-34 2층,"서울특별시 광진구 자양로 237 (구의동,2층)",,탤런트 노래연습장,127.088162228775,37.5479237231993
서울특별시 광진구 구의동 593-18번지 지하1층,"서울특별시 광진구 뚝섬로 743  (구의동,지하1층)",,발리,127.091335040148,37.5346401283168
서울특별시 광진구 중곡동 173-23번지,서울특별시 광진구 면목로 151  (중곡동),,로얄노래연습장,127.081600749795,37.5668039690293
서울특별시 광진구 자양동 679-25번지 지하1층,"서울특별시 광진구 뚝섬로 678  (자양동,지하1층)",,싱글벙글,127.084765507611,37.5319855424998
서울특별시 광진구 군자동 48-45번지,서울특별시 광진구 면목로 17-1 (군자동),4995,패밀리,127.075546207198,37.5559485576197
서울특별시 광진구 화양동 111-114번지,서울특별시 광진구 능동로19길 7 (화양동),5009,S.B.S,127.073364979703,37.5469195898615
서울특별시 광진구 중곡동 555-1번지,서울특별시 광진구 답십리로 388 (중곡동),4903,행복노래연습장,127.08354782056,37.5712339724849
서울특별시 광진구 화양동 8-26,서울특별시 광진구 동일로22길 105 (화양동),5017,악어떼 노래연습장,127.069868188188,37.5409561046533
서울특별시 광진구 구의동 243-44번지 지하1층,"서울특별시 광진구 자양로18길 60  (구의동,지하1층)",,SBS노래연습장,127.086786802287,37.5381136708841
서울특별시 광진구 중곡동 79-9,"서울특별시 광진구 용마산로 46, 지하1층 (중곡동)",4949,세븐스타,127.088102193113,37.5577750072843
서울특별시 광진구 화양동 21-49,서울특별시 광진구 광나루로 344 (화양동),5007,들국화노래연습장,127.068023950703,37.5480741737221
서울특별시 광진구 구의동 246-27,"서울특별시 광진구 아차산로49길 11, 지층 (구의동)",5044,스타노래방,127.084462182162,37.5374004128214
서울특별시 광진구 화양동 34-48번지,서울특별시 광진구 동일로24길 67 (화양동),5016,탈렌트노래연습장,127.068778210549,37.543061119028
서울특별시 광진구 자양동 636-5번지 지하1층,서울특별시 광진구 뚝섬로 642 (자양동),5100,방방노래연습장,127.080762180981,37.5315136106132
서울특별시 광진구 자양동 623-28,"서울특별시 광진구 자양로13길 62, 지층 (자양동)",5057,팡팡,127.081205436048,37.5338986164114
서울특별시 광진구 중곡동 125-12번지 지하1층,"서울특별시 광진구 용마산로7길 8 (중곡동,지하1층)",,미미,127.087179145155,37.5591542177191
서울특별시 광진구 중곡동 62-17번지 지층,"서울특별시 광진구 긴고랑로 127 (중곡동,지층)",,차차차노래연습장,127.089024220919,37.5589915625102
서울특별시 광진구 자양동 4-9번지,서울특별시 광진구 동일로18길 78 (자양동),,포그니노래방,127.066927133176,37.5386516989483
서울특별시 광진구 자양동 219-5번지,서울특별시 광진구 아차산로 360 (자양동),,스카이 노래연습장,127.082634313783,37.5364830461728
서울특별시 광진구 자양동 635-33,서울특별시 광진구 자양로13길 107 (자양동),,와와 노래연습장,127.079881487917,37.5322248291032
서울특별시 광진구 능동 220-9 지하1층,"서울특별시 광진구 능동로36길 7 (능동,지하1층)",,비,127.079637107368,37.5563705092931
서울특별시 광진구 중곡동 234-1 지하,"서울특별시 광진구 동일로72길 16 (중곡동,지하)",,가족노래연습장,127.078368049213,37.5658510135391
서울특별시 광진구 구의동 596-6번지 지하1층,"서울특별시 광진구 구의강변로 35  (구의동,지하1층)",,동서울노래방,127.091376264718,37.5339318198672
서울특별시 광진구 구의동 257-41 지하1층,서울특별시 광진구 아차산로51길 58 (구의동),5043,띵가띵가 노래연습장,127.085026496154,37.539541144225
서울특별시 광진구 군자동 469-22번지,서울특별시 광진구 면목로 37  (군자동),,짱,127.07640680589,37.5574119441746
서울특별시 광진구 구의동 243-6,서울특별시 광진구 자양로18길 56 (구의동),,장박사노래연습장,127.086647241261,37.5379721361606
서울특별시 광진구 중곡동 29-30 지하1층,"서울특별시 광진구 용마산로27길 4 (중곡동,지하1층)",,초원 노래연습장,127.085929095292,37.5676390041129
서울특별시 광진구 화양동 5-51번지,서울특별시 광진구 아차산로33길 36 (화양동),,베스트노래방,127.070659044383,37.5418387038103
서울특별시 광진구 중곡동 115-28번지 지하1층,"서울특별시 광진구 천호대로127길 10 (중곡동,지하1층)",,스카이,127.089519485525,37.5534998801748
서울특별시 광진구 능동 222-5번지 지층,"서울특별시 광진구 천호대로112길 10 (능동,지층)",,팝콘 노래연습장,127.081335533536,37.5557577545413
서울특별시 광진구 중곡동 548번지 지층,"서울특별시 광진구 답십리로 392-1 (중곡동,지층)",,무쏘,127.084128166483,37.5711189537851
서울특별시 광진구 자양동 553-12 지층,"서울특별시 광진구 뚝섬로23길 44 (자양동,지층)",,은 노래연습장,127.065825173128,37.5372219805667
서울특별시 광진구 중곡동 559-4번지,서울특별시 광진구 면목로17길 6 (중곡동),,즐거운노래,127.082788533171,37.5705538056395
서울특별시 광진구 자양동 605-5,서울특별시 광진구 자양번영로6길 68 (자양동),,스타노래연습장,127.079164472627,37.5314203575925
서울특별시 광진구 구의동 257-115 지하1층,"서울특별시 광진구 아차산로51길 32 (구의동,지하1층)",,VIP,127.085174920864,37.5383236061814
서울특별시 광진구 자양동 636-9 지하1층,서울특별시 광진구 뚝섬로 634 (자양동),5100,망고 노래연습장,127.0800041848,37.5317467650138
"서울특별시 광진구 화양동 221번지 지하1층, 지상1층, 지상2층 ",서울특별시 광진구 능동로19길 10-1 (화양동),5009,골든벨,127.073256375299,37.5471811271222
"서울특별시 광진구 화양동 7-12번지 2층, 3층 ","서울특별시 광진구 아차산로 235  (화양동,2층, 3층)",,희스토리,127.069530225646,37.5406129331373
서울특별시 광진구 구의동 212-2번지 지하1층,"서울특별시 광진구 아차산로 473 (구의동,지하1층)",,탑,127.094283451142,37.5405187287016
서울특별시 광진구 중곡동 31-24번지 지층,"서울특별시 광진구 능동로 384  (중곡동,지층)",,갈채노래연습장,127.083110714341,37.5633428210587
서울특별시 광진구 자양동 583-17번지 지하1층,"서울특별시 광진구 자양번영로 23  (자양동,지하1층)",,한강노래연습장,127.075019199396,37.5317132759794
서울특별시 광진구 능동 223-39번지 지하1층,"서울특별시 광진구 능동로36길 32 (능동,지하1층)",,춤추는노래방,127.080805023929,37.5556984727721
서울특별시 광진구 중곡동 93-4번지 지하1층,"서울특별시 광진구 용마산로 4 (중곡동,지하1층)",,코알라,127.088755555726,37.5540473624408
서울특별시 광진구 자양동 638 지하1층,"서울특별시 광진구 뚝섬로52나길 2 (자양동,지하1층)",,킹,127.079188225403,37.5307726119439
서울특별시 광진구 자양동 8-22,"서울특별시 광진구 아차산로30길 8, 지층 (자양동)",5072,예림,127.067613370282,37.5404002389743
서울특별시 광진구 자양동 236-127,서울특별시 광진구 뚝섬로 462 (자양동),,세븐클럽,127.06179229115,37.5369155670428
서울특별시 광진구 자양동 51-29 지하1층,"서울특별시 광진구 뚝섬로 486 (자양동,지하1층)",,핑클,127.06426801833,37.5362496677771
서울특별시 광진구 구의동 257-76 지하 1층,"서울특별시 광진구 아차산로51길 36 (구의동,지하 1층)",,지인,127.085120597592,37.5385116840487
서울특별시 광진구 자양동 845-12,"서울특별시 광진구 뚝섬로23길 43, 지하1층 (자양동)",5078,SBS노래연습장,127.065791457413,37.5373527344944
서울특별시 광진구 군자동 472-1번지 2층,"서울특별시 광진구 면목로 38 (군자동,2층)",,만남,127.076766229611,37.5574986572567
서울특별시 광진구 구의동 219-17번지 지층,"서울특별시 광진구 아차산로 443  (구의동,지층)",,틴틴,127.09165459526,37.5389272901931
서울특별시 광진구 자양동 13-39 2층,"서울특별시 광진구 동일로18길 37 (자양동,2층)",,사과배 노래연습장,127.06499908577,37.5395568393118
서울특별시 광진구 화양동 496-4번지 지하1층,"서울특별시 광진구 광나루로22가길 18 (화양동,지하1층)",,쏘렌토노래연습장,127.07592026926,37.5457056806586
서울특별시 광진구 자양동 553-206 지층,"서울특별시 광진구 뚝섬로 509-1 (자양동,지층)",,별들의,127.067043952287,37.5358013183229
서울특별시 광진구 화양동 111-130번지 지층,"서울특별시 광진구 능동로 179-1 (화양동,지층)",,샹떼 코인,127.073504929363,37.5467739915258
서울특별시 광진구 화양동 21-1번지,서울특별시 광진구 광나루로 352 (화양동),5007,파파,127.068799159528,37.548003086303
서울특별시 광진구 중곡동 241-30번지 지상2층,"서울특별시 광진구 긴고랑로 31  (중곡동,지상2층)",,황금노래연습장,127.08002793085,37.5632779168085
서울특별시 광진구 화양동 37-1 지하1층,"서울특별시 광진구 동일로26길 16 (화양동,지하1층)",,동해노래연습장,127.066766689332,37.5452498995811
서울특별시 광진구 구의동 257-72번지 지층,"서울특별시 광진구 아차산로51길 36-1 (구의동,지층)",,뱅뱅 노래연습장,127.085148238872,37.5386404170168
서울특별시 광진구 군자동 49-53번지 2층,서울특별시 광진구 면목로 8 (군자동),4996,최고야노래연습장,127.075462037795,37.554970308423
서울특별시 광진구 중곡동 171-24번지 지하1층,"서울특별시 광진구 면목로 158 (중곡동, 영조빌딩)",4904,럭셔리,127.082153568196,37.5672125475578
서울특별시 광진구 화양동 9-88 지하1층,"서울특별시 광진구 동일로22길 85 (화양동,지하1층)",,짱 노래연습장,127.068903630779,37.5412656241917
서울특별시 광진구 화양동 112-12,"서울특별시 광진구 능동로19길 11, 2,3층 (화양동)",5009,레드노래연습장,,
서울특별시 광진구 중곡동 40-13 지하1층,"서울특별시 광진구 긴고랑로 59 (중곡동,지하1층)",,비투,127.082926753442,37.5621881434807
서울특별시 광진구 광장동 326-6번지,서울특별시 광진구 아차산로76가길 16 (광장동),4969,귀빈,127.106953253823,37.5471542426209
서울특별시 광진구 자양동 851-19번지,서울특별시 광진구 능동로7길 50 (자양동),,스타,127.066411745464,37.537759999792
서울특별시 광진구 중곡동 92-47번지 지층,"서울특별시 광진구 용마산로 28 (중곡동,지층)",,연예인,127.088400160122,37.5562187625259
서울특별시 광진구 중곡동 58-27,서울특별시 광진구 긴고랑로 115 (중곡동),,SBS노래연습장,127.087932298738,37.5593024137751
서울특별시 광진구 자양동 606-11번지 지층,"서울특별시 광진구 뚝섬로 626 (자양동,지층)",,OK,127.079112284718,37.5320329831779
서울특별시 광진구 화양동 47-15번지 지층,서울특별시 광진구 아차산로29길 25 (화양동),5018,슈퍼스타코인노래연습장,127.068496887628,37.542049189865
서울특별시 광진구 구의동 257-101 지층,"서울특별시 광진구 자양로18길 37 (구의동,지층)",,타임 노래연습장,127.085559557632,37.537970046018
서울특별시 광진구 화양동 5-50번지 지층,"서울특별시 광진구 아차산로33길 24 (화양동,지층)",,핑클 노래연습장,127.070425022371,37.541334013539
서울특별시 광진구 중곡동 150-178번지 지층,"서울특별시 광진구 긴고랑로 91 (중곡동,지층)",,아롱이노래연습장,127.085828152787,37.5606556373392
서울특별시 광진구 화양동 49-8번지 지층,"서울특별시 광진구 동일로22길 22 (화양동,지층)",,아모르파티 노래연습장,127.065551614036,37.5421647478951
서울특별시 광진구 자양동 2-9번지 지층,"서울특별시 광진구 동일로20길 116  (자양동,지층)",,큐노래연습장,127.06975614997,37.5394789817144
서울특별시 광진구 구의동 252-39 2층,"서울특별시 광진구 자양로18길 9 (구의동,2층)",,월드노래연습장,127.084029537076,37.5376247101008
서울특별시 광진구 구의동 49-4 지상2층,"서울특별시 광진구 자양로 293 (구의동,지상2층)",,떳다 노래연습장,127.092174272972,37.551967582982
서울특별시 광진구 자양동 606-9번지 지층,"서울특별시 광진구 뚝섬로 630 (자양동,지층)",,자양노래연습장,127.079396504367,37.5319424220395
서울특별시 광진구 능동 276-4 지층,"서울특별시 광진구 능동로 300 (능동,지층)",,쎄븐,127.079445590694,37.5564535300615
서울특별시 광진구 자양동 609-6,서울특별시 광진구 뚝섬로 599 (자양동),,짱,127.076551138742,37.5330984828917
서울특별시 광진구 중곡동 115-20,서울특별시 광진구 천호대로129길 5 (중곡동),,연일노래연습장,127.089912092716,37.5525738066992
서울특별시 광진구 구의동 56-1번지,서울특별시 광진구 자양로 286 (구의동),,와와,127.091881506175,37.5512292631568
서울특별시 광진구 자양동 628-33번지,서울특별시 광진구 자양로 71 (자양동),5056,팡팡,127.08416611644,37.5342122540991
서울특별시 광진구 군자동 361-26번지 3층,서울특별시 광진구 광나루로 381 (군자동),5005,가야,,
서울특별시 광진구 중곡동 173-1번지 지하1층,"서울특별시 광진구 면목로 165 (중곡동,지하1층)",,빙고,127.082256268911,37.5679661588224
서울특별시 광진구 능동 223-45번지 지하1층,"서울특별시 광진구 천호대로110길 27 (능동,지하1층)",,놀자 노래연습장,127.079754599587,37.5559615574095
서울특별시 광진구 자양동 11-5 지하1층,"서울특별시 광진구 동일로18길 56 (자양동,지하1층)",,S노래연습장,127.0657669542,37.5390838396862
서울특별시 광진구 중곡동 123-40번지,서울특별시 광진구 용마산로 31 (중곡동),,수,127.087931851374,37.5564176019109
서울특별시 광진구 중곡동 691-6,"서울특별시 광진구 면목로 169, 2층 (중곡동)",4905,2002노래연습장,127.082483906516,37.568383971791
서울특별시 광진구 화양동 5-74번지 지하1층,"서울특별시 광진구 아차산로33길 20  (화양동,지하1층)",,지지배배,127.07032435279,37.5411310783136
서울특별시 광진구 구의동 55-14 지하1층,"서울특별시 광진구 자양로 283 (구의동,지하1층)",,올래노래연습장,127.091566065343,37.5511928375771
서울특별시 광진구 중곡동 341-29 (지층),"서울특별시 광진구 천호대로 571 (중곡동,(지층))",,블루노래연습장,127.081686841221,37.5567057215613
서울특별시 광진구 구의동 252-81,"서울특별시 광진구 아차산로51길 35, 지층 (구의동)",5043,연예인노래연습장,127.08483113517,37.5385846030381
서울특별시 광진구 구의동 242-22 (지층),"서울특별시 광진구 자양로18길 59 (구의동,(지층))",,슈노래연습장,127.08679556141,37.5383492759492
서울특별시 광진구 구의동 252-6번지 (지층),"서울특별시 광진구 아차산로51길 27 (구의동,(지층))",,원.투.쓰리노래연습장,127.084856169486,37.5382104898534
서울특별시 광진구 능동 223-1 지층,"서울특별시 광진구 능동로36길 12 (능동,지층)",,궁,127.079830804012,37.5561035030897
서울특별시 광진구 자양동 553-323 지하1층,"서울특별시 광진구 뚝섬로 499 (자양동,지하1층)",,사이버,127.065827941467,37.5361236595816
서울특별시 광진구 중곡동 248-3 지하1층,"서울특별시 광진구 긴고랑로 12 (중곡동,지하1층)",,오디션,127.077547587888,37.5637117798954
서울특별시 광진구 중곡동 47-14번지 지하1층,"서울특별시 광진구 능동로 338-1 (중곡동,지하1층)",,모이세,127.081141615618,37.5596766845933
서울특별시 광진구 구의동 246-16 지하1층,"서울특별시 광진구 자양로18길 6 (구의동,지하1층)",,베토벤 노래연습장,127.084007130999,37.5373193770935
서울특별시 광진구 중곡동 41-20 2층,"서울특별시 광진구 능동로 368 (중곡동,2층)",,로데오 노래연습장,127.082400052226,37.5620324596772
서울특별시 광진구 화양동 47-73번지 지층,"서울특별시 광진구 동일로22길 71, 지하층 (화양동)",5018,영해노래방,127.068206835338,37.5415074065133
서울특별시 광진구 중곡동 241-1번지 지하1층,"서울특별시 광진구 면목로 114  (중곡동,지하1층)",,즐거운노래방,127.080181686286,37.5636413644505
서울특별시 광진구 화양동 46-56 지하1층,"서울특별시 광진구 동일로22길 49 (화양동,지하1층)",,안 노래연습장,127.067099540764,37.5419012371097
서울특별시 광진구 구의동 252-77 지층,"서울특별시 광진구 아차산로51길 39 (구의동,지층)",,하하,127.084800821084,37.5387928458995
서울특별시 광진구 구의동 252-5번지 지하1층,"서울특별시 광진구 아차산로51길 33  (구의동,지하1층)",,풀잎노래연습장,127.084842882461,37.5384670141018
서울특별시 광진구 중곡동 170-25번지 2층,"서울특별시 광진구 면목로 164 (중곡동,2층)",,용가리노래연습장,127.082427940853,37.5677237613952
서울특별시 광진구 자양동 608-19번지 지하1층,"서울특별시 광진구 뚝섬로 596 (자양동,지하1층)",,월드,127.075940379167,37.5329550774725
서울특별시 광진구 중곡동 109-28번지,서울특별시 광진구 영화사로 62  (중곡동),,갈채,127.092888336849,37.5550463630168
서울특별시 광진구 중곡동 79-13 (지층),"서울특별시 광진구 영화사로 10 (중곡동,(지층))",,청춘 노래연습장,127.088477361799,37.5579558271387
서울특별시 광진구 군자동 468-1,"서울특별시 광진구 동일로60길 40 (군자동, 영범빌딩)",4994,딩동댕,127.075466376963,37.5578142135208
서울특별시 광진구 중곡동 649-8번지 지하,"서울특별시 광진구 능동로 315 (중곡동,지하)",,스카이노래연습장,127.079606886803,37.5578571749942
서울특별시 광진구 화양동 46-47 (지층),서울특별시 광진구 동일로22길 57 (화양동),5019,쿨 노래연습장,127.067459385253,37.5417960656413
서울특별시 광진구 군자동 48-59번지 지하1층,"서울특별시 광진구 면목로 1  (군자동,지하1층)",,자운영,127.07488453817,37.554538107174
서울특별시 광진구 자양동 52-3번지 지층,"서울특별시 광진구 뚝섬로 476-5 (자양동,지층)",,잊지마노래연습장,127.062856931148,37.5364426106709
서울특별시 광진구 중곡동 193-32,서울특별시 광진구 면목로 136-1 (중곡동),,티나 노래연습장,127.081232340376,37.5655767965581
서울특별시 광진구 화양동 46-63 (지층),"서울특별시 광진구 동일로22길 47 (화양동,(지층))",,K-1노래연습장,127.066943637148,37.5419247515829
서울특별시 광진구 중곡동 556-1 (지층),"서울특별시 광진구 면목로 203 (중곡동,(지층))",,필 노래연습장,127.083229831295,37.5712175286905
서울특별시 광진구 중곡동 116-4 지층,"서울특별시 광진구 용마산로 9 (중곡동,지층)",,유니버셜,127.088178496125,37.5544318900602
서울특별시 광진구 중곡동 199-3 (지층),"서울특별시 광진구 면목로 188 (중곡동,(지층))",,떳따 노래연습장,127.083270365641,37.569802847709
서울특별시 광진구 능동 223-3 (지층),"서울특별시 광진구 능동로36길 24 (능동,(지층))",,산소,127.080452095308,37.5558597220073
서울특별시 광진구 중곡동 161-38번지 지층,"서울특별시 광진구 능동로 326  (중곡동,지층)",,뻐꾹,127.080605424704,37.5586767651748
서울특별시 광진구 화양동 9-46번지,서울특별시 광진구 아차산로29길 36 (화양동),,돌체,127.068937131616,37.542380231195
서울특별시 광진구 중곡동 150-184 (4층),"서울특별시 광진구 긴고랑로 99 (중곡동,(4층))",,킹노래연습장,127.086470116013,37.5602634155945
서울특별시 광진구 능동 283-4번지 (지층),"서울특별시 광진구 능동로 272  (능동,(지층))",,노라조 노래연습장,127.07819174674,37.5541982694614
서울특별시 광진구 자양동 666-0,서울특별시 광진구 뚝섬로56길 47 (자양동),,둥근달 노래연습장,127.082848898451,37.5292775920094
서울특별시 광진구 중곡동 78-35 지하1층,"서울특별시 광진구 영화사로 11-1 (중곡동,지하1층)",,르네상스 노래연습장,127.088975658688,37.5581277233008
서울특별시 광진구 자양동 239-1번지 지하1층,"서울특별시 광진구 뚝섬로 472 (자양동,지하1층)",,둥지 노래연습장,127.06281092898,37.5366343680318
서울특별시 광진구 자양동 625-30,"서울특별시 광진구 자양로15길 27, 지하1층 (자양동)",5057,킹 노래연습장,127.082184343093,37.5355602852928
서울특별시 광진구 구의동 52-15 (지상2층),"서울특별시 광진구 천호대로129길 16 (구의동,(지상2층))",,BM노래연습장,127.090674227245,37.5526189044777
서울특별시 광진구 자양동 1-3번지 지하1층,서울특별시 광진구 아차산로34길 5-3 (자양동),5073,펌프노래방,127.06992901323,37.5398117088353
서울특별시 광진구 구의동 221-81번지,서울특별시 광진구 구의로 17 (구의동),,아하노래방,127.089267911038,37.5394580954855
서울특별시 광진구 화양동 44-68 지하1층,"서울특별시 광진구 동일로22길 13 (화양동,지하1층)",,코끼리 노래연습장,127.065222308231,37.5425201943402
서울특별시 광진구 화양동 111-72,서울특별시 광진구 광나루로 404 (화양동),5021,테크노노래연습장,127.07433110762,37.546997372538
서울특별시 광진구 화양동 9-89번지 (지층),"서울특별시 광진구 아차산로29길 18  (화양동,(지층))",,웰빙노래연습장,127.06860643013,37.5416899878511
서울특별시 광진구 자양동 11-2 (지층),"서울특별시 광진구 동일로18길 70 (자양동,(지층))",,즐거운,127.066561675272,37.5387902090107
서울특별시 광진구 능동 223-7번지 지하1층,"서울특별시 광진구 능동로36길 40 (능동,지하1층)",,스타 노래연습장,127.081211814908,37.5555310586611
서울특별시 광진구 화양동 94-1 지하1층,"서울특별시 광진구 능동로17길 5 (화양동,지하1층)",,퍼스트,127.073018997047,37.546055025643
서울특별시 광진구 화양동 7-1,"서울특별시 광진구 아차산로33길 7, 지하1층 (화양동)",5018,놀자,127.069929398224,37.5407085638025
서울특별시 광진구 구의동 257-97 (지층),"서울특별시 광진구 아차산로51길 50 (구의동,(지층))",,하트 노래연습장,127.085047398464,37.539215597929
서울특별시 광진구 중곡동 210-1 (지층),"서울특별시 광진구 면목로 191 (중곡동,(지층))",,오색무지개,127.083070021274,37.5703222323631
서울특별시 광진구 화양동 5-9 (전층),서울특별시 광진구 능동로11길 8-6 (화양동),5017,두리,127.071176983846,37.5421180630111
서울특별시 광진구 화양동 48-33,"서울특별시 광진구 동일로22길 70, 지하1층 (화양동)",5019,몽노래연습장,127.067965117897,37.5413560878439
서울특별시 광진구 화양동 47-77,서울특별시 광진구 동일로22길 69 (화양동),5018,찐 노래연습장,127.068035571859,37.5415613850867
서울특별시 광진구 중곡동 242-3번지 지하1층,"서울특별시 광진구 긴고랑로 48 (중곡동,지하1층)",,아라,127.081435690098,37.5624111868636
서울특별시 광진구 중곡동 241-58번지 지하1층,"서울특별시 광진구 긴고랑로 45  (중곡동,지하1층)",,멜론,127.081351249986,37.5628230003912
서울특별시 광진구 화양동 44-20번지,서울특별시 광진구 동일로22길 25 (화양동),,벅스,127.065811322437,37.5423181337586
서울특별시 광진구 중곡동 115-4,"서울특별시 광진구 천호대로 647, 지하1층 (중곡동)",4953,쿨 노래연습장,127.089558340012,37.5532471208621
서울특별시 광진구 자양동 46-1 지하1층,"서울특별시 광진구 뚝섬로30길 2 (자양동,지하1층)",,아름다운노래연습장,127.065656951908,37.5358327316198
서울특별시 광진구 중곡동 92-46번지 지하1층,"서울특별시 광진구 용마산로 26 (중곡동,지하1층)",,팡팡,127.088436846063,37.5560419593906
서울특별시 광진구 자양동 8-24번지 지하1층,"서울특별시 광진구 아차산로 218 (자양동,지하1층)",,하트노래연습장,127.067396804898,37.5407827470696
서울특별시 광진구 군자동 471-3번지 지하1층,"서울특별시 광진구 면목로 36 (군자동,지하1층)",,조이 노래연습장,127.076636342788,37.5572059175622
서울특별시 광진구 중곡동 231-8 지층,"서울특별시 광진구 면목로 113-1 (중곡동,지층)",,우리 노래연습장,127.079976761581,37.5639042339208
서울특별시 광진구 자양동 12-17번지 지하1층,"서울특별시 광진구 동일로18길 42 (자양동,지하1층)",,와우,127.065043583752,37.539331204425
서울특별시 광진구 중곡동 211-22 2층,"서울특별시 광진구 면목로 181 (중곡동,2층)",,스타 노래연습장,127.082893808964,37.5693311714022
서울특별시 광진구 중곡동 240-8 2층,"서울특별시 광진구 긴고랑로 25 (중곡동,2층)",,딸기노래연습장,127.079296570847,37.5635316803178
서울특별시 광진구 자양동 9-33,"서울특별시 광진구 동일로18길 61, 지하1층 (자양동)",5072,쏭 노래연습장,127.066262710527,37.5391429384474
서울특별시 광진구 중곡동 79-7,서울특별시 광진구 용마산로 50 (중곡동),4949,꿈 노래연습장,127.088050830536,37.5580803033791
서울특별시 광진구 화양동 8-95번지 지하1층,"서울특별시 광진구 아차산로33길 21  (화양동,지하1층)",,더소울(The soul),127.070190204227,37.5413044203583
서울특별시 광진구 화양동 17-1번지,서울특별시 광진구 동일로30길 52 (화양동),5008,파라오,127.070183245867,37.5474005848572
서울특별시 광진구 중곡동 639-2 지하,"서울특별시 광진구 천호대로 527 (중곡동,지하)",,S.B.S노래연습장,127.077315045243,37.5583973140118
서울특별시 광진구 중곡동 163-1번지 2층,"서울특별시 광진구 긴고랑로 50  (중곡동,2층)",,용궁노래연습장,127.081663665128,37.5623283179321
서울특별시 광진구 화양동 12-41번지,서울특별시 광진구 능동로13길 50  (화양동),,너랑나랑,127.069915484385,37.5441054301271
서울특별시 광진구 자양동 608-21 (지층),"서울특별시 광진구 자양번영로 34 (자양동,(지층))",,제이 원,127.075820421522,37.5327019732956
서울특별시 광진구 구의동 257-92번지 (지층),"서울특별시 광진구 자양로18길 45  (구의동,(지층))",,춤추는,127.086065504275,37.5381266325731
서울특별시 광진구 구의동 242-82 (지층),"서울특별시 광진구 자양로18길 65 (구의동,(지층))",,쑝쑝노래연습장,127.087131522825,37.538372094143
서울특별시 광진구 화양동 8-92 지하1층,"서울특별시 광진구 아차산로33길 23 (화양동,지하1층)",,쟁반노래연습장,127.070232599521,37.5413859356175
서울특별시 광진구 중곡동 230-11 지하1층,"서울특별시 광진구 면목로 120 (중곡동,지하1층)",,캔디 노래연습장,127.080499547929,37.5640957006959
서울특별시 광진구 군자동 476-2번지 지하1층,"서울특별시 광진구 군자로 180  (군자동,지하1층)",,진짜노래연습장,127.078166018297,37.5565451145267
서울특별시 광진구 화양동 9-24번지 지하1층,"서울특별시 광진구 아차산로29길 16 (화양동,지하1층)",,인싸노인코래방코인노래연습장,127.068527362452,37.5415947080048
서울특별시 광진구 자양동 626-1번지 지하1층,"서울특별시 광진구 자양로13길 16 (자양동,지하1층)",,노래짱,127.08302221796,37.5355023955955
서울특별시 광진구 자양동 617-25번지 (지층),"서울특별시 광진구 자양로13길 88-1 (자양동,(지층))",,썬,127.080181002823,37.5330001176132
서울특별시 광진구 화양동 49-6번지 태영빌딩,"서울특별시 광진구 동일로22길 26, 태영빌딩 (화양동)",5020,네박자,127.065671409771,37.5421264789542
서울특별시 광진구 구의동 221-40번지 (지층),"서울특별시 광진구 아차산로57길 4  (구의동,(지층))",,돌핀,127.088325964529,37.5387078203852
서울특별시 광진구 자양동 12-24 (지층),"서울특별시 광진구 동일로18길 28 (자양동,(지층))",,OK,127.064343397081,37.5395703529954
서울특별시 광진구 능동 279-2번지,서울특별시 광진구 능동로 298 (능동),4985,킹,127.079304808205,37.5562465755289
서울특별시 광진구 중곡동 92-9번지 2층,"서울특별시 광진구 용마산로 16 (중곡동,2층)",,산,127.088619127555,37.5550506355341
서울특별시 광진구 화양동 49-1,서울특별시 광진구 아차산로25길 7 (화양동),,짝 노래연습장,127.066570736939,37.5418556755251
서울특별시 광진구 군자동 49-20번지 2층,"서울특별시 광진구 군자로 145 (군자동,2층)",,양지,127.075322758666,37.554556659282
서울특별시 광진구 자양동 7-25번지 지층,"서울특별시 광진구 아차산로 224 (자양동,지층)",,악쓰는하마 코인노래연습장,127.068080611331,37.5405711604806
서울특별시 광진구 능동 220-12번지 지하1층,"서울특별시 광진구 능동로36길 13 (능동,지하1층)",,쉬리 노래연습장,127.079932599626,37.5562580453573
서울특별시 광진구 구의동 242-90번지 지하1층,"서울특별시 광진구 아차산로55길 20 (구의동,지하1층)",,콘서트,127.086638283045,37.5382485695422
서울특별시 광진구 자양동 851-1,서울특별시 광진구 뚝섬로27길 54 (자양동),,낭낭 노래연습장,127.066618622705,37.5380652322258
서울특별시 광진구 자양동 45-1번지 지층,"서울특별시 광진구 뚝섬로 493 (자양동,지층)",,샤크라,127.065208385049,37.5362775337859
서울특별시 광진구 구의동 221-36번지 지층,"서울특별시 광진구 자양로18길 91 (구의동,지층)",,파티파티,127.088552467385,37.5387870288479
서울특별시 광진구 구의동 242-119,"서울특별시 광진구 자양로18길 63, 지층 (구의동)",5042,영심이 노래연습장,127.086951602426,37.5383584414576
서울특별시 광진구 화양동 7-28번지 지층,서울특별시 광진구 동일로22길 82 (화양동),5018,빵빵 노래연습장,127.068661170391,37.5411685475544
서울특별시 광진구 구의동 593-19번지 지하1층,"서울특별시 광진구 뚝섬로 741 (구의동,지하1층)",,팡팡,127.091241139559,37.5344602710937
서울특별시 광진구 화양동 7-39번지 지층,"서울특별시 광진구 동일로22길 96 (화양동,지층)",,대~한민국,127.069367021329,37.540935406818
서울특별시 광진구 자양동 9-31번지 지층,"서울특별시 광진구 동일로20길 72 (자양동,지층)",,스카이(SKY),127.067455026988,37.5402240038692
서울특별시 광진구 화양동 5-84번지,"서울특별시 광진구 능동로 109, 지하1층 (화양동)",5017,락휴코인노래연습장 건대입구역점,127.070780906837,37.5408778949327
서울특별시 광진구 화양동 47-72,서울특별시 광진구 아차산로29길 15 (화양동),5018,춤추는 돌고래 노래연습장,127.06828785536,37.5416347610324
서울특별시 광진구 화양동 47-10번지,"서울특별시 광진구 아차산로29길 29, 지하1층 (화양동)",5018,리코스타코인노래연습장 건대점,127.068554802458,37.5421514197024
서울특별시 광진구 구의동 594-3번지 (지층),"서울특별시 광진구 구의강변로 48 (구의동,(지층))",,럭셔리,127.092123886882,37.5351175864448
서울특별시 광진구 화양동 47-68,"서울특별시 광진구 동일로22길 63, 지하1층 (화양동)",5018,썸 노래연습장,127.06776850926,37.5416609189072
서울특별시 광진구 화양동 7-42,"서울특별시 광진구 동일로22길 100, B1층 (화양동)",5018,악쓰는 하마 노래연습장,127.069502963331,37.5408643281089
서울특별시 광진구 자양동 612-55,"서울특별시 광진구 자양로15길 34, 지하1층 (자양동)",5055,아리아노래연습장,127.081764556489,37.5356409459254
서울특별시 광진구 자양동 852-6번지,서울특별시 광진구 뚝섬로23길 51 (자양동),5076,상하이,127.066172234237,37.537398652955
서울특별시 광진구 자양동 606-10번지 지층,"서울특별시 광진구 뚝섬로 628 (자양동, 지층)",5099,드라마,127.079237145834,37.5319921742236
서울특별시 광진구 자양동 12-1,"서울특별시 광진구 동일로18길 44 (자양동, 지하)",5079,홍콩노래연습장,127.065167442616,37.539286086141
서울특별시 광진구 구의동 52-17번지 지하,"서울특별시 광진구 자양로43길 42, 지하층 (구의동)",4954,히트 노래연습장,127.090448142743,37.5525478089539
서울특별시 광진구 자양동 637-2번지,서울특별시 광진구 뚝섬로52길 19 (자양동),5100,우리,127.079332202659,37.5310506543784
서울특별시 광진구 자양동 9-34번지 지하,"서울특별시 광진구 동일로18길 65 (자양동, 지하)",5072,차이나,127.066418016212,37.5390894219011
서울특별시 광진구 화양동 119-5,"서울특별시 광진구 군자로 50 (화양동, 지층)",5009,스피드,127.070614554909,37.5475754818592
서울특별시 광진구 구의동 53-6,"서울특별시 광진구 천호대로 667 (구의동, 지하)",4954,락 노래연습장,127.090238922614,37.5515395722126
서울특별시 광진구 군자동 478-2,"서울특별시 광진구 군자로 186 (군자동, 지층)",4997,히트,127.078560945637,37.557033283008
서울특별시 광진구 화양동 9-90번지,"서울특별시 광진구 아차산로29길 12, 지하층 (화양동)",5018,악쓰는 하마,127.068441103959,37.5414311365009
서울특별시 광진구 자양동 6-40,서울특별시 광진구 아차산로30길 15 (자양동),5073,휴 노래연습장,127.067644815652,37.5400128811458
서울특별시 광진구 화양동 18-3,"서울특별시 광진구 군자로 49, 지하1층 (화양동)",5008,짱 노래연습장,127.070204197523,37.5477805235422
서울특별시 광진구 화양동 7-9번지,서울특별시 광진구 동일로22길 104 (화양동),5018,악쓰는 하마,127.069803274848,37.5407515260094
서울특별시 광진구 화양동 48-21,"서울특별시 광진구 동일로22길 50, 지하1층 (화양동)",5019,W노래연습장,127.066970597831,37.5417056132002
서울특별시 광진구 능동 223-33번지,"서울특별시 광진구 능동로36길 18 (능동, 진주빌딩)",4985,락휴 노래연습장,127.080074143457,37.5559056594974
서울특별시 광진구 구의동 54-9번지,"서울특별시 광진구 천호대로 673 (구의동, 신제빌딩)",4954,바람개비,127.090498344676,37.5511066243349
서울특별시 광진구 자양동 6-39,서울특별시 광진구 동일로20길 78 (자양동),5073,휴 노래연습장,127.067705695062,37.5401432209325
서울특별시 광진구 화양동 202,"서울특별시 광진구 광나루로 388, 지층 (화양동)",5009,락휴 코인 노래연습장 세종대점,127.072775695441,37.5474420832764
서울특별시 광진구 구의동 217-9,"서울특별시 광진구 구의강변로 85-1, 지층 (구의동)",5047,핑크 노래연습장,127.093600528983,37.5383909303027
서울특별시 광진구 구의동 243-31,"서울특별시 광진구 자양로18길 68, 지하1층 (구의동)",5044,별 노래연습장,127.087273244714,37.5382304423914
서울특별시 광진구 자양동 11-3번지,"서울특별시 광진구 동일로18길 68 (자양동, 줄라이뮤직아카데미)",5078,신동두,127.066422037167,37.5387752409345
서울특별시 광진구 화양동 47-81,"서울특별시 광진구 아차산로29길 19, 지하1층 (화양동)",5018,놀러와,127.068377090199,37.541836082801
서울특별시 광진구 화양동 5-47번지,"서울특별시 광진구 능동로 107, 지층 (화양동)",5017,악쓰는 하마 코인 노래연습장,127.070736495822,37.5406991632015
서울특별시 광진구 자양동 216-21번지,"서울특별시 광진구 아차산로 370, 지하1층 (자양동)",5051,빈티지 코인 노래연습장,127.084052089481,37.5364473570775
서울특별시 광진구 능동,"서울특별시 광진구 능동로36길 25, 4층 (능동)",4985,애플,127.080569188225,37.5560308316584
서울특별시 광진구 화양동 220,"서울특별시 광진구 광나루로 394, 지하1층 (화양동)",5009,크레이지 더 코인,127.073422768994,37.5472293173073
서울특별시 광진구 화양동 12-30번지,"서울특별시 광진구 아차산로33길 63, 지하1층 (화양동)",5011,하비코인노래연습장,127.070973144286,37.5430195455351
서울특별시 광진구 화양동 5-12번지,"서울특별시 광진구 능동로13길 5, 지하1층 (화양동)",5017,락휴코인노래연습장 건대중문점,127.071307159853,37.5424080162085
서울특별시 광진구 구의동 546-11,"서울특별시 광진구 강변역로4길 10 (구의동, 강변역지너스타워)",5116,나루 코인노래연습장,127.093405063055,37.5353492183772
서울특별시 광진구 화양동 5-91,"서울특별시 광진구 동일로22길 115, 3층 (화양동)",5017,엔젤 코인노래연습장,127.070462165241,37.5407636585904
서울특별시 광진구 화양동 112-16,서울특별시 광진구 능동로19길 17 (화양동),5009,리코스타 코인노래연습장,127.072784329147,37.5470109500703
서울특별시 광진구 화양동 9-43번지,"서울특별시 광진구 아차산로29길 28, 지하1층 (화양동)",5018,BJ stage 코인노래연습장,127.068809693589,37.5421045095767
서울특별시 광진구 중곡동 169-21번지,"서울특별시 광진구 면목로 172, 2층 (중곡동)",4904,락 코인 노래연습장,127.082839887989,37.5684769755662
서울특별시 광진구 자양동 10-29번지,"서울특별시 광진구 동일로18길 51, 지하1층 (자양동, 옥동빌딩)",5072,짱 노래연습장,127.065686390762,37.539339948719
서울특별시 광진구 구의동 212-20번지,"서울특별시 광진구 아차산로 463, 2층 (구의동)",5035,강변코인 노래연습장,127.093415398066,37.5400062091711
서울특별시 광진구 능동 220-2번지,서울특별시 광진구 천호대로110길 8-10 (능동),4985,별빛 코인 노래연습장,,
서울특별시 광진구 능동 222-7번지 B01호,"서울특별시 광진구 능동로36길 29, 지하1층 B01호 (능동)",4985,썸 노래연습장,127.080787354388,37.5559995981781
서울특별시 광진구 화양동 495-10 건국빌딩,"서울특별시 광진구 광나루로24길 8, 건국빌딩 지하1층 (화양동)",5021,리코스타코인노래연습장 건대후문점,127.076149360901,37.5458745605407
서울특별시 광진구 구의동 200-20번지,"서울특별시 광진구 아차산로 481, 지하1층 (구의동)",5034,렛츠코인노래연습장,127.09495568783,37.5409712126509
서울특별시 광진구 군자동 471-1,"서울특별시 광진구 능동로35길 41, 지하층 (군자동)",4996,Sing 노래연습장,127.076735138254,37.5573092878693
서울특별시 광진구 구의동 252-44,"서울특별시 광진구 자양로 112, 201호 (구의동)",5043,세븐스타 코인노래연습장 구의역점,127.083667631804,37.5376694764699
서울특별시 동대문구 답십리동 488-49번지,"서울특별시 동대문구 전농로2길 3, 2층 (답십리동)",2621,종달새,127.057001668155,37.5668661614423
서울특별시 동대문구 답십리동 70-19번지,"서울특별시 동대문구 전농로 96-1, 지하1층 (답십리동)",2538,JH브라보 노래연습장,127.057803133254,37.5735551210259
서울특별시 동대문구 신설동 98-29번지 동진빌딩,"서울특별시 동대문구 왕산로 16, 지하1층 (신설동)",2582,도깨비코인노래연습장,127.025465004529,37.5760055183618
서울특별시 동대문구 답십리동 493-4번지,"서울특별시 동대문구 천호대로 305, 3층 (답십리동)",2604,퀸덤코인노래연습장,127.054536940859,37.5659324524229
서울특별시 동대문구 회기동 16-95 지하1층,"서울특별시 동대문구 회기로 145, 지하1층 (회기동)",2453,99 KTV 노래연습장,127.052774749082,37.5916680738555
서울특별시 동대문구 전농동 103-103,"서울특별시 동대문구 전농로 217-3, 지하1층 (전농동)",2556,세븐스타코인(서울시립대점),127.053070513757,37.5835529709752
서울특별시 동대문구 장안동 141-10,"서울특별시 동대문구 답십리로 237, 지하층 (장안동)",2529,와와 노래연습장,127.066787665355,37.5729391451261
서울특별시 동대문구 회기동 60-50번지 지하1층,"서울특별시 동대문구 경희대로1길 11, 지하1층 (회기동)",2454,큐,127.051476114964,37.5916387344182
서울특별시 동대문구 용두동 122-53번지 지하1층,"서울특별시 동대문구 천호대로 74, 지하1층 (용두동)",2588,VIP,127.031592256225,37.5737364143139
서울특별시 동대문구 답십리동 53-45 지하1층,"서울특별시 동대문구 답십리로 168, 지하1층 (답십리동)",2607,팝콘 노래연습장,127.058680995709,37.5726776595702
서울특별시 동대문구 용두동 39-944번지 지하1층,"서울특별시 동대문구 고산자로30길 28, 지하1층 (용두동)",2564,스타,127.039861327268,37.5757900716642
서울특별시 동대문구 장안동 366-1 지상3층,"서울특별시 동대문구 장한로 116, 지상3층 (장안동)",2639,민,127.071061465051,37.5707327261364
서울특별시 동대문구 전농동 124-12 글터B/D 3층,서울특별시 동대문구 전농로 211 (전농동),2543,오즈,127.053541589111,37.5830564911453
서울특별시 동대문구 휘경동 163-20번지 지하1층,"서울특별시 동대문구 휘경로 32, 지하1층 (휘경동)",2432,소나타,127.063392818993,37.5948541614064
서울특별시 동대문구 전농동 647-1,서울특별시 동대문구 서울시립대로 36 (전농동),2594,크리스탈,127.046901294623,37.5745726736618
서울특별시 동대문구 장안동 331-3번지 지하1층,"서울특별시 동대문구 답십리로 305, 지하1층 (장안동)",2524,수,127.074433539605,37.5723906413801
서울특별시 동대문구 장안동 433-21 지하1층,"서울특별시 동대문구 천호대로85길 17, 지하1층 (장안동)",2644,돈,127.066204031365,37.5628630095551
서울특별시 동대문구 장안동 105-7 지상2층,"서울특별시 동대문구 답십리로63길 131, 지상2층 (장안동)",2525,강남,127.069336090359,37.5785099656673
서울특별시 동대문구 신설동 102-36번지 지상2층,"서울특별시 동대문구 왕산로2길 22, 지상2층 (신설동)",2582,무지개투,127.025422980299,37.5752649099128
서울특별시 동대문구 용두동 39-714번지 지하1층,"서울특별시 동대문구 고산자로28길 39, 지하1층 (용두동)",2564,솔로몬,127.04048067638,37.5749707667743
서울특별시 동대문구 청량리동 57,서울특별시 동대문구 제기로 126 (청량리동),2487,아모르,127.047045012022,37.5865488953579
서울특별시 동대문구 신설동 102-35 지하1층,"서울특별시 동대문구 왕산로2길 18, 지하1층 (신설동)",2582,앵콜,127.025168985802,37.5753653351353
서울특별시 동대문구 회기동 16-57,"서울특별시 동대문구 회기로 143, 3층 (회기동)",2453,질러질러,127.052469763717,37.5917411901774
서울특별시 동대문구 장안동 433-8번지,서울특별시 동대문구 장한로2길 7 (장안동),2644,영노래연습장,127.066005079294,37.5623797363841
서울특별시 동대문구 회기동 61-18번지,서울특별시 동대문구 회기로 160 (회기동),2460,짱,127.0536445706,37.590725334129
서울특별시 동대문구 장안동 375-4,"서울특별시 동대문구 장한로 65, 2층 (장안동)",2628,별밤,127.067909278328,37.5668623733538
서울특별시 동대문구 회기동 16-70,서울특별시 동대문구 경희대로 5-1 (회기동),2454,라이트 코인노래연습장,127.052186076042,37.5921548712567
서울특별시 동대문구 장안동 459-3번지 2층,"서울특별시 동대문구 장한로2길 41, 2층 (장안동)",2644,뉴쟁반2,127.067569528171,37.5620281835846
서울특별시 동대문구 장안동 93-27번지 18통1반 지하1층,"서울특별시 동대문구 사가정로25길 66, 지하1층 (장안동)",2514,힐링,127.071246436166,37.5816724873141
서울특별시 동대문구 장안동 464-6 지하1층,"서울특별시 동대문구 장한로2길 24, 지하1층 (장안동)",2645,따봉,127.066511623538,37.5619229172028
서울특별시 동대문구 전농동 295-96번지 지하1층,"서울특별시 동대문구 전농로 146, 지하1층 (전농동)",2506,소리모아,127.057782109981,37.5781383096603
서울특별시 동대문구 용두동 118-80번지,서울특별시 동대문구 천호대로 69 (용두동),2584,연승,127.031216138751,37.574126284711
서울특별시 동대문구 장안동 216-32번지 지하1층,"서울특별시 동대문구 한천로10길 32, 지하1층 (장안동)",2630,무지개,127.063010979018,37.5662192554916
서울특별시 동대문구 이문동 237-107 지하1층,"서울특별시 동대문구 신이문로 33, 지하1층 (이문동)",2409,콘서트,127.065864876421,37.6031526451979
서울특별시 동대문구 답십리동 241-10번지 지하1층,"서울특별시 동대문구 답십리로 145-1, 지하1층 (답십리동)",2540,킹,127.05632402826,37.5730721819771
서울특별시 동대문구 이문동 220-29번지 지하1층,"서울특별시 동대문구 신이문로 40, 지하1층 (이문동)",2410,팡팡,127.066498799945,37.602869919385
서울특별시 동대문구 장안동 338-2번지 지하1층,"서울특별시 동대문구 장한로24길 46, 지하2층 (장안동)",2639,KBS,127.073278284,37.5699029959844
서울특별시 동대문구 답십리동 2-145번지 지하1층,"서울특별시 동대문구 답십리로 233, 지하1층 (답십리동)",2535,터보2,127.066082002731,37.5729673829785
서울특별시 동대문구 답십리동 2-201번지 지하1층,"서울특별시 동대문구 한천로 59, 지하1층 (답십리동)",2611,양지,127.062183372272,37.5672155649375
서울특별시 동대문구 장안동 143-39번지 지상2층,"서울특별시 동대문구 답십리로 251, 지상2층 (장안동)",2529,소리꾼,127.068440714439,37.5728071036108
서울특별시 동대문구 청량리동 36-14 2층,"서울특별시 동대문구 제기로38길 4, 2층 (청량리동)",2488,거북이 노래연습장,127.050329044745,37.5856505123095
서울특별시 동대문구 용두동 118-82번지 3층,"서울특별시 동대문구 무학로 112, 지상3층 (용두동)",2584,고향산천,127.030889482614,37.5742321474187
서울특별시 동대문구 청량리동 604-0 지하1층,"서울특별시 동대문구 홍릉로 51-1, 지하1층 (청량리동)",2483,만남,127.043455757113,37.5848973096453
서울특별시 동대문구 장안동 334-4 지하1층,"서울특별시 동대문구 답십리로 318, 지하1층 (장안동)",2637,딩동댕,127.07557816414,37.5718995927236
서울특별시 동대문구 용두동 36-7 대원빌딩 지하1층,"서울특별시 동대문구 천호대로 126, 지하1층 (용두동, 대원빌딩)",2590,즐거운,127.037492128016,37.5738576738021
서울특별시 동대문구 전농동 183-6 지하1층,"서울특별시 동대문구 전농로29길 97, 지하1층 (전농동)",2545,소풍,127.056458452925,37.5786945030542
서울특별시 동대문구 이문동 82-13 지하1층,"서울특별시 동대문구 휘경로 29-5, 지하1층 (이문동)",2427,둥근달,127.063341295731,37.5953858641122
서울특별시 동대문구 청량리동 317번지 지하1층,"서울특별시 동대문구 홍릉로 28, 지하1층 (청량리동, 성일빌딩)",2490,서울,127.044683044631,37.5828224947419
서울특별시 동대문구 회기동 60-67번지 지하1층,"서울특별시 동대문구 회기로13길 9, 지하1층 (회기동)",2454,조아라,127.050794237117,37.5919453671031
서울특별시 동대문구 장안동 285-4번지 지하1층,"서울특별시 동대문구 사가정로 233, 지하1층 (장안동)",2515,불씨,127.07096352308,37.5790549107664
서울특별시 동대문구 휘경동 191-4 지하1층,서울특별시 동대문구 회기로 193 (휘경동),2445,소리골,127.057441553909,37.5901851144732
서울특별시 동대문구 제기동 138-14 지하1층,"서울특별시 동대문구 제기로6길 4, 지하1층 (제기동)",2475,윤,127.034361563438,37.5862069273241
서울특별시 동대문구 전농동 644-90번지 지상2층,"서울특별시 동대문구 서울시립대로 45, 지상2층 (전농동)",2591,궁전,127.046883524896,37.5754803426518
서울특별시 동대문구 장안동 395-1번지 지하1층,서울특별시 동대문구 답십리로66길 105 (장안동),2628,파티파티,127.065934633451,37.5682355288333
서울특별시 동대문구 이문동 220-302 지하1층,"서울특별시 동대문구 신이문로28길 4, 지하1층 (이문동)",2410,따봉,127.066838755709,37.6027364708916
서울특별시 동대문구 전농동 150,서울특별시 동대문구 서울시립대로 160 (전농동),2505,골든싱어 코인,127.05454674953,37.5834168787586
서울특별시 동대문구 장안동 108-6,"서울특별시 동대문구 한천로 196, 지하1층 (장안동)",2525,샤방샤방 노래연습장,127.068366653594,37.5778529856705
서울특별시 동대문구 신설동 102-14번지,"서울특별시 동대문구 천호대로 13, 지하1층 (신설동)",2582,마돈나,127.025105231447,37.5749662081003
서울특별시 동대문구 청량리동 50-27번지 지하1층,서울특별시 동대문구 왕산로43길 10 (청량리동),2488,와,127.04862701447,37.5835492989337
서울특별시 동대문구 장안동 304-1번지 지하1층,"서울특별시 동대문구 장한로 173, 지하1층 (장안동)",2527,소리샘,127.071728749046,37.5759163759547
서울특별시 동대문구 신설동 102-30번지,"서울특별시 동대문구 천호대로 7-6, 2층 (신설동)",2582,궁전,127.024722931067,37.5752655991935
서울특별시 동대문구 장안동 373-8 4통2반 지하1층,"서울특별시 동대문구 장한로21길 9, 지하1층 (장안동)",2624,라라,127.06947124402,37.5699615197474
서울특별시 동대문구 용두동 127-10번지,서울특별시 동대문구 무학로 102 (용두동),2589,라이브,127.030936971094,37.5732751883951
서울특별시 동대문구 전농동 646-81번지 지하1층,서울특별시 동대문구 답십리로30길 54 (전농동),2594,골드,127.047374810578,37.5731285504009
서울특별시 동대문구 답십리동 70-15번지 지하1층,"서울특별시 동대문구 답십리로 159-11, 지하1층 (답십리동)",2538,열창,127.057901213525,37.5734714606475
서울특별시 동대문구 신설동 98-15번지 지하1층,"서울특별시 동대문구 왕산로2길 19, 지하1층 (신설동)",2582,블루,127.025433699093,37.5754933097282
서울특별시 동대문구 장안동 428-2번지,서울특별시 동대문구 한천로14길 70 (장안동),2629,킹 노래연습장,127.06644401534,37.5663407196399
서울특별시 동대문구 휘경동 192-5번지 지하1층,"서울특별시 동대문구 망우로21길 52, 지하1층 (휘경동)",2438,친구,127.059877891806,37.5903959972497
서울특별시 동대문구 이문동 287-22번지,"서울특별시 동대문구 이문로 100, 지하1층 (이문동)",2440,리코스타코인노래연습장(외대2호점),127.059962082851,37.5956972999549
서울특별시 동대문구 청량리동 317-0번지 지하1층,서울특별시 동대문구 홍릉로 28 (청량리동),2490,한양,127.044683044631,37.5828224947419
서울특별시 동대문구 용두동 112-10 지하1층,"서울특별시 동대문구 왕산로16길 9, 지하1층 (용두동)",2584,사구금,127.031348052175,37.5774468649801
서울특별시 동대문구 답십리동 487-19 지하1층,"서울특별시 동대문구 사가정로2길 139, 지하1층 (답십리동)",2605,차차차,127.056374337257,37.5672789385188
서울특별시 동대문구 답십리동 496-1번지 외 2필지 지하1층,"서울특별시 동대문구 천호대로 265, 지하1층 (답십리동)",2603,하와이,127.051368142068,37.5683074569306
서울특별시 동대문구 전농동 295-16,"서울특별시 동대문구 사가정로13길 3, 2층 (전농동)",2506,WOW 코인노래연습장,127.057938659665,37.5781169694689
서울특별시 동대문구 제기동 137-38,"서울특별시 동대문구 안암로22길 9, 지하1층 (제기동)",2473,Name-ez 코인노래연습장,127.035363831632,37.5882178273015
서울특별시 동대문구 답십리동 50-37,"서울특별시 동대문구 전농로 70, 지하1층 (답십리동)",2606,빵빵,127.057516283366,37.571053828854
서울특별시 동대문구 장안동 285-1,"서울특별시 동대문구 사가정로 229, 5층 (장안동)",2515,장안락코인노래연습장,127.070553264702,37.5789468572164
서울특별시 동대문구 장안동 337-10번지,"서울특별시 동대문구 답십리로72길 28, 2층 (장안동)",2637,세븐스타코인(장안점),127.073815892236,37.5709800710744
서울특별시 동대문구 장안동 342-24 지하1층,"서울특별시 동대문구 장한로26길 24, 지하1층 (장안동)",2637,쿨노래연습장,127.072950880405,37.5714836342971
서울특별시 동대문구 전농동 124-2,"서울특별시 동대문구 서울시립대로 147, 4층 (전농동, 우성빌딩)",2557,K.POP코인노래연습장,127.05314807526,37.5832465983676
서울특별시 동대문구 장안동 188-8,"서울특별시 동대문구 한천로 86, 지하1층 (장안동)",2627,소리바다,127.064148625984,37.5690973238702
서울특별시 동대문구 휘경동 319-1,"서울특별시 동대문구 회기로 194, 3층 (휘경동)",2446,더(the)코인 노래연습장,127.057355809021,37.5898471939807
서울특별시 동대문구 이문동 288-4번지,"서울특별시 동대문구 이문로 118, 지하1층 (이문동)",2419,리코스타 코인노래연습장,127.060918834447,37.5971294761998
서울특별시 동대문구 제기동 635-21번지 3층,"서울특별시 동대문구 왕산로 175-1, 지상3층 (제기동)",2572,밀레니엄,127.042658968115,37.5796079576696
서울특별시 동대문구 답십리동 902-0 지하1층,"서울특별시 동대문구 한천로 89, 지하1층 (답십리동)",2610,통나무,127.063984681811,37.569580706757
서울특별시 동대문구 회기동 42-94,"서울특별시 동대문구 경희대로1길 8-6, 지하1층 (회기동)",2454,락 코인노래연습장,127.051923309488,37.5918832479684
서울특별시 동대문구 용두동 711-4 지상2층,"서울특별시 동대문구 왕산로 112-1, 2층 (용두동)",2566,킹,127.035764275811,37.5779882784407
서울특별시 동대문구 청량리동 57-16번지 4층,"서울특별시 동대문구 제기로 132, 4층 (청량리동)",2487,MBC,127.047798338573,37.5863059553443
서울특별시 동대문구 장안동 543-0번지 지하1층,"서울특별시 동대문구 한천로 142, 지하1층 (장안동)",2529,짱!,127.067020330316,37.5734883497786
서울특별시 동대문구 신설동 102-4 지하1층,"서울특별시 동대문구 왕산로2길 34, 지하1층 (신설동)",2582,우리,127.026011513271,37.574907267038
서울특별시 동대문구 장안동 423-13 지하1층,"서울특별시 동대문구 천호대로81길 32, 지하1층 (장안동)",2636,만남,127.064565399575,37.5637127456497
서울특별시 동대문구 휘경동 34-3 지하1층,서울특별시 동대문구 외대역동로 19 (휘경동),2501,YTN,127.067369937252,37.5911257267864
서울특별시 동대문구 장안동 301-3번지 2층,"서울특별시 동대문구 장한로 199, 지상2층 (장안동)",2526,오케바리,127.07189534616,37.5782300275956
서울특별시 동대문구 답십리동 244-2번지 지하1층,"서울특별시 동대문구 답십리로 151, 지하1층 (답십리동)",2540,스타,127.056912682497,37.5730908205504
서울특별시 동대문구 답십리동 99-6번지 지하1층,"서울특별시 동대문구 전농로 99, 지하1층 (답십리동)",2540,짱,127.05726659937,37.5738999228993
서울특별시 동대문구 장안동 186-50 지하1층,"서울특별시 동대문구 한천로18길 15, 지하1층 (장안동)",2626,렛츠고 노래연습장,127.064926108314,37.568912555189
서울특별시 동대문구 장안동 460-1번지 지상2층,"서울특별시 동대문구 천호대로85길 32, 지상2층 (장안동)",2644,파티파티,127.066903609359,37.5633516759971
서울특별시 동대문구 장안동 111-12번지 지하1층,"서울특별시 동대문구 한천로33길 56, 지하1층 (장안동)",2534,썬,127.067683835011,37.5779054566004
서울특별시 동대문구 답십리동 244-1 지하1층,"서울특별시 동대문구 전농로 91, 지하1층 (답십리동)",2540,웰빙,127.057022081587,37.5733020510431
서울특별시 동대문구 전농동 60-166 2층,"서울특별시 동대문구 전농로16길 9, 지상2층 (전농동)",2506,팡팡,127.057936659679,37.578457906592
서울특별시 동대문구 제기동 892-66번지 지하1층,"서울특별시 동대문구 정릉천동로 90, 지하1층 (제기동)",2568,현대,127.035616821712,37.5804808327149
서울특별시 동대문구 청량리동 249-0번지 4층,"서울특별시 동대문구 왕산로 211-1, 4층 (청량리동)",2490,아바,127.046064503977,37.5811892733984
서울특별시 동대문구 이문동 237-13 지하1층,"서울특별시 동대문구 신이문로 38, 지하1층 (이문동)",2410,환성,127.066218619149,37.6028560214719
서울특별시 동대문구 이문동 288-37번지 지하1층,"서울특별시 동대문구 휘경로 7-1, 지하1층 (이문동)",2419,뉴쟁반,127.06116031488,37.5962347571491
서울특별시 동대문구 답십리동 960-17번지 지상2층,"서울특별시 동대문구 황물로 179, 지상2층 (답십리동)",2619,신선,127.057483867215,37.5649604113576
서울특별시 동대문구 용두동 210-8번지 지하1층,"서울특별시 동대문구 한빛로 52, 지하1층 (용두동)",2579,앵콜,127.02829441539,37.5786414536449
서울특별시 동대문구 장안동 94-10 지하1층,"서울특별시 동대문구 사가정로25길 23, 지하1층 (장안동)",2516,그린,127.070387250878,37.5799765219309
서울특별시 동대문구 휘경동 319-13 지하1층,"서울특별시 동대문구 회기로 188, 지하1층 (휘경동, 두리빌딩)",2446,락소,127.056819285026,37.5897656433708
서울특별시 동대문구 청량리동 316,"서울특별시 동대문구 홍릉로 22-1, 2,3층 (청량리동)",2490,체리,127.044766764847,37.5823462879978
서울특별시 동대문구 장안동 295-4 지하1층,"서울특별시 동대문구 장한로27길 21, 지하1층 (장안동)",2530,한돌림,127.070522429597,37.5730201349612
서울특별시 동대문구 용두동 118-87,서울특별시 동대문구 무학로 116 (용두동),2584,쉬리,127.03087486972,37.5744824475741
서울특별시 동대문구 회기동 60-125 지하1층,"서울특별시 동대문구 회기로 122, 지하1층 (회기동)",2459,가수,127.050033494696,37.5913293233884
서울특별시 동대문구 장안동 367-2번지 지상3층,"서울특별시 동대문구 장한로 120, 지상3층 (장안동)",2637,옥산,127.071267102333,37.5710464187721
서울특별시 동대문구 장안동 285-3번지 지하1층,"서울특별시 동대문구 사가정로 231, 지하1층 (장안동)",2515,열린,127.070682108957,37.578960114849
서울특별시 동대문구 장안동 422-0번지 지하1층,"서울특별시 동대문구 장한로5길 37, 지하1층 (장안동)",2635,25시,127.064361980854,37.5648691951705
서울특별시 동대문구 장안동 374-11 지상3층,"서울특별시 동대문구 한천로24길 74-1, 지상3층 (장안동)",2625,미소,127.068801079207,37.5688010698052
서울특별시 동대문구 회기동 60-65 지하1층,"서울특별시 동대문구 회기로13길 10, 지하1층 (회기동)",2454,청하2,127.051057380967,37.5919462446599
서울특별시 동대문구 회기동 16-52번지,"서울특별시 동대문구 경희대로 6-1, 지하1층 (회기동)",2453,딩가,127.052604912122,37.5921581992014
서울특별시 동대문구 답십리동 497-1번지 지하1층,"서울특별시 동대문구 고미술로 16, 지하1층 (답십리동)",2603,씨티,127.050338098806,37.5695015394499
서울특별시 동대문구 휘경동 319-8 지하1층,"서울특별시 동대문구 회기로 192, 지하1층 (휘경동)",2446,한우리,127.057196487895,37.5898302425368
서울특별시 동대문구 장안동 307-5번지 지하1층,"서울특별시 동대문구 답십리로 275, 지하1층층 (장안동)",2530,VIP,127.071027166354,37.5726397026552
서울특별시 동대문구 장안동 463-8 지하1층,"서울특별시 동대문구 장한로2길 19, 지하1층 (장안동)",2644,앵콜,127.066250485183,37.5621504755369
서울특별시 동대문구 휘경동 276-49,"서울특별시 동대문구 망우로 78, 지하1층 (휘경동)",2499,KBS,127.062022206819,37.5897577082906
서울특별시 동대문구 장안동 431-1,서울특별시 동대문구 천호대로83길 46 (장안동),2636,펑키,127.065639525396,37.5640908420588
서울특별시 동대문구 용두동 27-4번지 지하1층-우측,"서울특별시 동대문구 고산자로 410, 지하1층 (용두동)",2560,신강동,127.038769042278,37.5762685931865
서울특별시 동대문구 전농동 649-1번지 2층,"서울특별시 동대문구 서울시립대로 55, 2층 (전농동)",2558,딩동댕,127.047550401605,37.5763609781769
서울특별시 동대문구 청량리동 409번지 2층,서울특별시 동대문구 홍릉로 64-2 (청량리동),2484,보고파,127.043497200078,37.586073720918
서울특별시 동대문구 장안동 102-1번지 지하1층,"서울특별시 동대문구 사가정로 226, 지하1층 (장안동)",2525,벤처,127.070007470242,37.57856876472
서울특별시 동대문구 신설동 102-27,서울특별시 동대문구 천호대로 9 (신설동),2582,신바람,127.024798274831,37.5751158380876
서울특별시 동대문구 신설동 102-31번지 2층,"서울특별시 동대문구 천호대로 7-10, 지상2층 (신설동)",2582,신세대,127.02487172271,37.5753932388711
서울특별시 동대문구 전농동 123-1번지 지하1층,서울특별시 동대문구 전농로 217 (전농동),2556,궁전,127.053238266914,37.5835069447802
서울특별시 동대문구 용두동 53-6,"서울특별시 동대문구 왕산로26길 23, 지하1층 (용두동)",2566,가족,127.036558615077,37.5769854087377
서울특별시 동대문구 전농동 15-42번지 지하,서울특별시 동대문구 전농로14길 14 (전농동),2531,화이팅,127.058222525553,37.5761512208429
서울특별시 동대문구 전농동 295-30번지 지하,서울특별시 동대문구 전농로 130 (전농동),2531,딩동댕 노래연습장,127.057926520861,37.5764764452173
서울특별시 동대문구 장안동 459-3번지 지상2층,"서울특별시 동대문구 장한로2길 41, 지상2층 (장안동)",2644,NEW쟁반,127.067569528171,37.5620281835846
서울특별시 동대문구 답십리동 245-3번지,서울특별시 동대문구 전농로 83 (답십리동),2599,팝콘 노래연습장,127.057122265633,37.5724150632641
서울특별시 동대문구 장안동 295-7 지하1층,"서울특별시 동대문구 답십리로67길 2, 지하1층 (장안동)",2530,쉘브르 노래연습장,127.069832410327,37.5727072692518
서울특별시 동대문구 장안동 363-1번지 지하1층,"서울특별시 동대문구 장한로 76, 지하1층 (장안동)",2640,퀸,127.068989164005,37.5675273127626
서울특별시 동대문구 장안동 436-1번지 지하1층,"서울특별시 동대문구 장한로 54, 지하1층 (장안동)",2643,마돈나,127.067843772033,37.5657733773696
서울특별시 동대문구 장안동 108-15번지 1층,"서울특별시 동대문구 사가정로 214, 지상1층 (장안동)",2525,세븐,127.068757353353,37.5784920139968
서울특별시 동대문구 제기동 137-66번지,"서울특별시 동대문구 안암로22길 2, 지층 (제기동)",2473,GF노래연습장,127.034916707858,37.5882042653254
서울특별시 동대문구 회기동 16-46 2-3층,"서울특별시 동대문구 경희대로 12-1, 2-3층 (회기동)",2453,세븐스타코인노래연습장(경희대점),127.052713194758,37.5926905469995
서울특별시 동대문구 이문동 304-25,"서울특별시 동대문구 휘경로 23, 지하1층 (이문동)",2420,노래야노래야코인노래연습장,127.062610736569,37.5955512254331
서울특별시 동대문구 청량리동 260,"서울특별시 동대문구 왕산로 209, 2층 (청량리동)",2490,비트앤코인노래연습장,127.045866593178,37.580979148645
서울특별시 동대문구 청량리동 705-1 지하1층,서울특별시 동대문구 홍릉로 23 (청량리동),2573,차차차,127.044175666746,37.5825251776862
서울특별시 동대문구 청량리동 279-0번지 지상2층,서울특별시 동대문구 홍릉로 6 (청량리동),2490,로타리,127.045177438825,37.5809245438911
서울특별시 동대문구 청량리동 205-568 지하1층,서울특별시 동대문구 회기로8길 36 (청량리동),2468,홍능,127.041078720146,37.5906173016916
서울특별시 동대문구 청량리동 205-568 지하1층,"서울특별시 동대문구 회기로8길 36, 지하1층 (청량리동)",2468,홍릉,127.041078720146,37.5906173016916
서울특별시 동대문구 답십리동 12-253번지 지하1층,"서울특별시 동대문구 한천로 45, 지하1층 (답십리동)",2617,필,127.061271930579,37.566215755962
서울특별시 동대문구 답십리동 53-7번지 2층,"서울특별시 동대문구 전농로 86, 지상2층 (답십리동)",2606,라이브노래연습장,127.057700712074,37.572561103532
서울특별시 동대문구 장안동 463-3 지하1층,서울특별시 동대문구 천호대로85길 10 (장안동),2644,OK,127.066264977371,37.5625391572655
서울특별시 동대문구 답십리동 488-327번지 지하1층,"서울특별시 동대문구 전농로 12, 지하1층 (답십리동)",2621,하오,127.056011646763,37.5660351963217
서울특별시 동대문구 장안동 305-1 지하1층,"서울특별시 동대문구 장한로 165, 지하1층 (장안동)",2528,아지트,127.071666424993,37.5751432705208
서울특별시 동대문구 회기동 16-50번지 지하1층,"서울특별시 동대문구 경희대로 8-1, 지하1층 (회기동)",2453,스위트,127.052645112433,37.5923246845844
서울특별시 동대문구 회기동 60-59번지 2층,"서울특별시 동대문구 회기로13길 6, 지상2층 (회기동)",2454,청하,127.051067302674,37.5917184695937
서울특별시 동대문구 장안동 369-1 지하1층,"서울특별시 동대문구 답십리로 276, 지하1층 (장안동)",2624,코요테,127.070783003428,37.5721698002783
서울특별시 동대문구 답십리동 50-33 지하1층,"서울특별시 동대문구 전농로 70-1, 지하1층 (답십리동)",2606,가고파,127.057530662678,37.5712052791286
서울특별시 동대문구 전농동 103-294번지 지하1층,"서울특별시 동대문구 전농로 227, 지하1층 (전농동)",2556,팝콘,127.052770713267,37.5841876748907
서울특별시 동대문구 장안동 377-9번지 지하1층,"서울특별시 동대문구 장한로13길 11-6, 지하1층 (장안동)",2628,명,127.066909026474,37.5664978609856
서울특별시 동대문구 회기동 16-65 지하1층,서울특별시 동대문구 경희대로 3 (회기동),2454,리코스타 코인노래연습장,127.052126009364,37.5919131616584
서울특별시 동대문구 장안동 313-6 지하1층,"서울특별시 동대문구 장한로 194, 지하1층 (장안동)",2519,가족,127.072440488991,37.577694503881
서울특별시 동대문구 이문동 288-65,"서울특별시 동대문구 이문로 108, 지하1층 (이문동)",2440,외대락코인노래연습장,127.060295043987,37.596183215149
서울특별시 동대문구 이문동 329-1 민족통일MJ캠퍼스외대,"서울특별시 동대문구 이문로 93, 지하2층 (이문동, 민족통일MJ캠퍼스외대)",2451,고래고래코인노래연습장,127.05923135853,37.5953818714405
서울특별시 중랑구 상봉동 115-5,"서울특별시 중랑구 망우로 290-2, 2층 (상봉동)",2137,노래야노래야 코인노래연습장 상봉점,127.084970198173,37.5959854896925
서울특별시 중랑구 상봉동 89-1,"서울특별시 중랑구 망우로50길 15, 2층 (상봉동)",2149,지니노래연습장,127.089173653509,37.5964239644782
서울특별시 중랑구 망우동 465-1,"서울특별시 중랑구 용마산로 519, 지층 (망우동)",2165,옥소리노래연습장,127.100050404812,37.5973017306175
서울특별시 중랑구 면목동 183-100 진성종합건설,"서울특별시 중랑구 동일로109길 21, 진성종합건설 지층 (면목동)",2129,로또노래연습장,127.078835640938,37.5918426627524
서울특별시 중랑구 상봉동 130-157,"서울특별시 중랑구 중랑천로10길 57, 지1층 (상봉동)",2120,엣지노래연습장,127.076178070389,37.5924115822098
서울특별시 중랑구 면목동 102-17,"서울특별시 중랑구 면목로74길 16, 지하층 (면목동)",2161,K-POP코인노래연습장,127.088238962743,37.5890964512964
서울특별시 중랑구 상봉동 129-3 우도빌딩,"서울특별시 중랑구 망우로 214, 우도빌딩 지하1층 (상봉동)",2121,판타스틱코인노래연습장 중랑역점,127.076630319913,37.5937481809153
서울특별시 중랑구 중화동 305-45 gs25시,"서울특별시 중랑구 봉화산로 39, gs25시 지1층 (중화동)",2017,더코인노래연습장,127.078635147658,37.6017746916569
서울특별시 중랑구 면목동 459-1,서울특별시 중랑구 면목로48길 8 (면목동),2213,연예인노래연습장,127.089118582261,37.5821471541906
서울특별시 중랑구 중화동 314-1 태능에셈빌,"서울특별시 중랑구 동일로129길 35, 지하1층 (중화동, 태능에셈빌)",2104,1%코인노래연습장,127.077554696692,37.5992703826018
서울특별시 중랑구 신내동 454-4번지,서울특별시 중랑구 신내로14길 26 (신내동),,스카이 노래연습장,127.097037404944,37.6054986627446
서울특별시 중랑구 면목동 498-4번지,서울특별시 중랑구 면목로49길 6 (면목동),,무지개노래연습장,127.088198338536,37.5827828653861
서울특별시 중랑구 상봉동 88-38번지 지층,서울특별시 중랑구 상봉로25길 36 (상봉동),2151,뉴월드노래연습장,127.090987902814,37.5949298176037
서울특별시 중랑구 망우동 358-6 파라다이스빌딩,"서울특별시 중랑구 용마산로 554, 파라다이스빌딩 지층 (망우동)",2059,궁전노래연습장,127.100711968645,37.6004362550004
서울특별시 중랑구 면목동 428-14번지 지하1층,서울특별시 중랑구 면목로 354 (면목동),2210,샤방샤방노래연습장,127.088517070844,37.5836712763191
서울특별시 중랑구 묵동 240-1,"서울특별시 중랑구 중랑역로 205, 지층 (묵동)",2007,즐거운노래연습장,127.075620631865,37.6117560223473
서울특별시 중랑구 묵동 176-14,"서울특별시 중랑구 공릉로 6, 2층 (묵동)",2037,노래야노래야 코인노래연습장 먹골점,127.077999134999,37.6113915559544
서울특별시 중랑구 상봉동 130-72,"서울특별시 중랑구 중랑천로12길 40, 지층 (상봉동)",2120,썸노래연습장,127.075152064957,37.592714702869
서울특별시 중랑구 망우동 470-37,"서울특별시 중랑구 망우로66길 10, 지층 (망우동)",2164,콩깍찌노래연습장,127.099409044133,37.5990980372198
서울특별시 중랑구 면목동 604-29,"서울특별시 중랑구 사가정로 385, 지하층 (면목동)",2228,코리아노래연습장,127.0874601865,37.5809507040691
서울특별시 중랑구 상봉동 108-22,"서울특별시 중랑구 면목로91길 9, 지층 (상봉동)",2138,틴틴코인노래연습장,127.085468656584,37.5943018077251
서울특별시 중랑구 중화동 297-65,"서울특별시 중랑구 중랑역로 16, 지하1층 (중화동)",2109,썸노래연습장,127.07654537222,37.5956038278966
서울특별시 중랑구 면목동 120-22,"서울특별시 중랑구 겸재로 169-1, 2층 (면목동)",2146,진주노래연습장,127.086494360364,37.588276488121
서울특별시 중랑구 망우동 584 신내역 프라디움 더 테라스,"서울특별시 중랑구 용마산로 670, B동 207,208호 (망우동, 신내역 프라디움 더 테라스)",2057,세븐스타코인노래연습장 신내역점,127.102489000658,37.6119441454331
서울특별시 중랑구 묵동 57-1,서울특별시 중랑구 공릉로12가길 14 (묵동),2031,우주코인노래연습장,127.080536992227,37.616405473914
서울특별시 중랑구 망우동 491-1,"서울특별시 중랑구 용마산로115길 55, 지하1층 (망우동)",2167,초원노래연습장,127.097278532193,37.5983823535715
서울특별시 중랑구 상봉동 121-10 지하1층,"서울특별시 중랑구 동일로114길 43 (상봉동,지하1층)",,스카이노래연습장,127.082625611486,37.5938809067944
서울특별시 중랑구 중화동 208-32,"서울특별시 중랑구 망우로 217, 2층 (중화동)",2116,뉴첼시노래연습장,127.07671154412,37.5943361152268
서울특별시 중랑구 묵동 239-91번지 지하1층,"서울특별시 중랑구 동일로157길 14 (묵동,지하1층)",,SBS노래연습장,127.077055231762,37.6099541976253
서울특별시 중랑구 상봉동 115-1 지하1층,서울특별시 중랑구 면목로 495 (상봉동),2137,솔로몬노래연습장,127.085325030592,37.5960451496247
서울특별시 중랑구 상봉동 84-33 지하1층,서울특별시 중랑구 상봉로 95 (상봉동),2152,핑클노래연습장,127.092948656453,37.5943912088565
서울특별시 중랑구 면목동 368-5,서울특별시 중랑구 면목로 259 (면목동),2244,S.B.S노래연습장,127.0856516729,37.575951243905
서울특별시 중랑구 면목동 175-2,서울특별시 중랑구 겸재로 102 (면목동),2231,에프엠노래연습장,127.079209111836,37.5863279795911
서울특별시 중랑구 망우동 491-38,"서울특별시 중랑구 용마산로115길 65, 2층 (망우동)",2167,캔디노래연습장,127.09671689534,37.5982268536431
서울특별시 중랑구 망우동 403-16번지 지하1층,"서울특별시 중랑구 용마산로 514 (망우동,지하1층)",,커플노래연습장,127.100496652152,37.5968670738732
서울특별시 중랑구 상봉동 130-129 (2층),서울특별시 중랑구 망우로32길 12 (상봉동),2120,럭셔리노래연습장,127.076375151111,37.5933583971368
서울특별시 중랑구 면목동 103-31,서울특별시 중랑구 겸재로 209 (면목동),,서일노래연습장,127.090811981892,37.5892811853504
서울특별시 중랑구 망우동 470-18 (지층),서울특별시 중랑구 망우로 422 (망우동),2164,꿈1노래연습장,127.098975506863,37.5993115759551
서울특별시 중랑구 면목동 458-75번지 지하1층,서울특별시 중랑구 면목로48길 9 (면목동),2210,더블노래연습장,127.089190770682,37.5823018002127
서울특별시 중랑구 상봉동 202-1번지 지상2층,서울특별시 중랑구 상봉중앙로1길 12 (상봉동),2091,열린노래연습장,127.087415682008,37.5996244278284
"서울특별시 중랑구 신내동 648번지 디아뜨갤러리1층114,115,116,117호 ","서울특별시 중랑구 신내로 225 (신내동,디아뜨갤러리1층114,115,116,117호)",,팡팡노래연습장,127.091360778797,37.6169671050345
서울특별시 중랑구 면목동 458-51,서울특별시 중랑구 면목로48길 15 (면목동),2210,진 노래연습장,127.089524667161,37.5823256039761
서울특별시 중랑구 면목동 147-25번지,서울특별시 중랑구 겸재로 125 (면목동),,신바람노래연습장,127.081673673389,37.5872488263764
서울특별시 중랑구 면목동 633-1번지 (2층),서울특별시 중랑구 면목로 303 (면목동),2239,sbs노래연습장,127.087135917032,37.5794673678363
서울특별시 중랑구 면목동 19-57,서울특별시 중랑구 용마산로90길 7 (면목동),,핑클노래연습장,127.096507550114,37.5879049954081
서울특별시 중랑구 망우동 209-27,서울특별시 중랑구 망우로 467 (망우동),,영구노래연습장,127.103999248142,37.6006761309267
서울특별시 중랑구 망우동 403-60번지 지상2층,"서울특별시 중랑구 용마산로 498 (망우동,지상2층)",,썸노래연습장,127.100311220234,37.5954693439901
서울특별시 중랑구 면목동 611-4번지 지상2층,"서울특별시 중랑구 면목로 320 (면목동,지상2층)",,도드리노래연습장,127.088570793911,37.580376033223
서울특별시 중랑구 상봉동 130-80 지하1층,"서울특별시 중랑구 중랑천로10길 39 (상봉동,지하1층)",,더블노래연습장,127.075127808426,37.5921262805741
서울특별시 중랑구 상봉동 130-165번지 지하1층,"서울특별시 중랑구 중랑천로12길 53 (상봉동,지하1층)",,신바람,127.075820935375,37.5930715183124
서울특별시 중랑구 면목동 472-55 지하1층,서울특별시 중랑구 사가정로 405 (면목동),2214,짱노래연습장,127.089727794396,37.5806453674013
서울특별시 중랑구 면목동 601-16번지 지하1층,"서울특별시 중랑구 사가정로51길 15 (면목동,지하1층)",,테크노노래연습장,127.087842779165,37.5814747080603
서울특별시 중랑구 면목동 392-19번지 지하1층,"서울특별시 중랑구 면목로 216 (면목동,지하1층)",,팡팡노래연습장,127.083917538195,37.5722566998678
서울특별시 중랑구 상봉동 88-93 지상2층,"서울특별시 중랑구 봉우재로33길 72 (상봉동,지상2층)",,케이비에스(KBS)노래연습장,127.089346020256,37.5952116405838
서울특별시 중랑구 상봉동 130-5번지 지하1층,서울특별시 중랑구 망우로32길 20 (상봉동),2120,씽노래연습장,127.076476348168,37.592995952764
서울특별시 중랑구 상봉동 87 지하1층,"서울특별시 중랑구 봉우재로33길 66 (상봉동,지하1층)",,SBS노래연습장,127.089095987358,37.5950105481337
서울특별시 중랑구 상봉동 113-2번지 지상2층,"서울특별시 중랑구 면목로 485 (상봉동,지상2층)",,필노래연습장,127.085606482423,37.595210898234
서울특별시 중랑구 묵동 249-106 지하1층,"서울특별시 중랑구 중랑역로 133 (묵동,지하1층)",,별노래연습장,127.07683547156,37.6053976768942
서울특별시 중랑구 면목동 459-10번지 지하1층,"서울특별시 중랑구 면목로 332 (면목동,지하1층)",,궁노래연습장,127.088817467227,37.5816035415684
서울특별시 중랑구 신내동 410-8,서울특별시 중랑구 봉화산로56길 46 (신내동),2067,테크노노래방,127.098103465671,37.6063104739952
서울특별시 중랑구 상봉동 102-73 지하,"서울특별시 중랑구 면목로 480 (상봉동,지하)",,하마노래연습장,127.086194638998,37.5948370092756
서울특별시 중랑구 상봉동 74-1번지,서울특별시 중랑구 송림길 1 (상봉동),,요요노래연습장,127.095089588942,37.5989686101003
서울특별시 중랑구 신내동 502-5 대명프라자,"서울특별시 중랑구 봉화산로56길 153, 대명프라자 지층 102호 (신내동)",2071,세븐스타 코인노래연습장 신내점,127.096785094457,37.6014843289566
서울특별시 중랑구 면목동 185-103,서울특별시 중랑구 동일로109길 54 (면목동),,큐노래연습장,127.077127125103,37.591611425717
서울특별시 중랑구 신내동 587-4,서울특별시 중랑구 신내로14길 22 (신내동),2069,SBSⅡ노래연습장,127.096694899779,37.6055553458152
서울특별시 중랑구 망우동 458-2 지하1층,"서울특별시 중랑구 용마산로 495 (망우동,지하1층)",,럭셔리노래연습장,127.099659148452,37.5951613969904
서울특별시 중랑구 망우동 490-11번지 지하1층,서울특별시 중랑구 용마산로115길 84 (망우동),2163,스카이노래연습장,127.095691142785,37.59828246998
서울특별시 중랑구 묵동 181-8번지 지하1층,"서울특별시 중랑구 동일로 858 (묵동,지하1층)",,미소노래연습장,127.078736475894,37.6070161330531
서울특별시 중랑구 면목동 117-25번지 지상2층,서울특별시 중랑구 겸재로 168 (면목동),2219,지오노래연습장,127.086463046544,37.5879272864148
서울특별시 중랑구 면목동 89-34,"서울특별시 중랑구 상봉로 81, 지하층 (면목동)",2157,아지트노래연습장,127.093057465632,37.5932034361632
서울특별시 중랑구 망우동 357-16,"서울특별시 중랑구 용마산로 558-1, 지하1층 (망우동)",2059,줌노래연습장,127.100704563229,37.6008231465852
서울특별시 중랑구 면목동 389-4번지 지하1층,"서울특별시 중랑구 면목로21길 36 (면목동,지하1층)",,불러불러노래연습장,127.081873103029,37.5726104243987
서울특별시 중랑구 망우동 516-42 지하1층,"서울특별시 중랑구 상봉로 100 (망우동,지하1층)",,체리노래연습장,127.093363482501,37.5947081205085
서울특별시 중랑구 신내동 565-10번지,서울특별시 중랑구 신내로14길 18 (신내동),,첼로노래연습장,127.096562744911,37.6054731035639
서울특별시 중랑구 망우동 531-15번지,서울특별시 중랑구 용마산로 443 (망우동),,테크노노래방,127.097416691814,37.5910059139135
서울특별시 중랑구 신내동 393-5,서울특별시 중랑구 봉화산로 236 (신내동),2067,쥬얼리노래연습장,127.098886474208,37.6078470886249
서울특별시 중랑구 상봉동 103-18 지상2층,"서울특별시 중랑구 봉우재로33길 65 (상봉동,지상2층)",,칸노래연습장,127.088876000881,37.5952225370413
서울특별시 중랑구 상봉동 136-50번지 지상1층,"서울특별시 중랑구 망우로30길 8 (상봉동,지상1층)",,싸이노래연습장,127.07437556869,37.5928619662699
서울특별시 중랑구 면목동 496-16번지 지상3층,"서울특별시 중랑구 면목로45길 3-8 (면목동,지상3층)",,명품노래연습장,127.088184513024,37.5813318260092
서울특별시 중랑구 상봉동 130-87번지 지상2층,서울특별시 중랑구 중랑천로12길 34 (상봉동),2120,뉴앵콜노래연습장,127.07483370796,37.5926466099654
서울특별시 중랑구 상봉동 130-146,"서울특별시 중랑구 망우로 206, 지하1층 (상봉동)",2120,SM노래연습장,127.075795873069,37.5935918570841
서울특별시 중랑구 면목동 185-40,서울특별시 중랑구 동일로109길 72 (면목동),2125,스타노래연습장,127.076214031018,37.5912558567212
서울특별시 중랑구 묵동 158-15,"서울특별시 중랑구 공릉로12가길 7, 2층 (묵동)",2019,행운노래연습장,127.080054848388,37.6166429420423
서울특별시 중랑구 면목동 185-130,서울특별시 중랑구 동일로109길 66 (면목동),2125,핑클노래방,127.076539428362,37.5913482681375
서울특별시 중랑구 신내동 492-24번지,서울특별시 중랑구 용마산로 557 (신내동),2072,오성노래연습장,127.100246556563,37.6006970374489
서울특별시 중랑구 중화동 304-34번지,"서울특별시 중랑구 동일로129길 16 (중화동, lg25시)",2102,무지개노래연습장,127.078804845424,37.5995760715395
서울특별시 중랑구 면목동 183-108,서울특별시 중랑구 동일로109길 25 (면목동),2129,솜사탕노래연습장,127.07869236098,37.5917989701595
서울특별시 중랑구 중화동 304-74,서울특별시 중랑구 봉화산로 38 (중화동),2102,123 노래연습장,127.078469463393,37.6014426067845
서울특별시 중랑구 망우동 487-2 지하,"서울특별시 중랑구 망우로 431 (망우동,지하)",,둘리 노래연습장,127.100046488756,37.6000432683678
서울특별시 중랑구 상봉동 104-101번지 2층,"서울특별시 중랑구 봉우재로33길 31 (상봉동,2층)",,25시 노래연습장,127.087519084534,37.5940291067259
"서울특별시 중랑구 중화동 304-37번지 (지상2,3층) ",서울특별시 중랑구 중랑역로 68 (중화동),2102,더질러 노래연습장,127.078368464938,37.5995129323587
서울특별시 중랑구 상봉동 130-99,"서울특별시 중랑구 망우로 198, 지하 (상봉동)",2120,럭셔리 노래연습장,127.074871189969,37.5933277359226
서울특별시 중랑구 상봉동 102-89,서울특별시 중랑구 면목로 488 (상봉동),,스타 노래연습장,127.0860287123,37.5953920508814
서울특별시 중랑구 중화동 312-37,서울특별시 중랑구 중랑역로 73-1 (중화동),,궁전노래연습장,127.077850189065,37.6000791875796
서울특별시 중랑구 망우동 469-1번지 지하,"서울특별시 중랑구 용마산로115길 15 (망우동,지하)",,파랑새노래방,127.099478231888,37.5988417371883
서울특별시 중랑구 망우동 490-13,서울특별시 중랑구 용마산로115길 92 (망우동),,상록수 노래연습장,127.095273890863,37.5982177560005
서울특별시 중랑구 면목동 120-24 지하,서울특별시 중랑구 겸재로 167 (면목동),2146,대박노래연습장,127.086191566126,37.588245355078
서울특별시 중랑구 면목동 665-12,서울특별시 중랑구 면목로35길 35 (면목동),2240,수노래연습장,127.083997239381,37.5787150606341
서울특별시 중랑구 면목동 596-3,서울특별시 중랑구 사가정로51길 27 (면목동),,붐붐노래연습장,127.087838925754,37.5821456806664
서울특별시 중랑구 상봉동 300-2 (지층),"서울특별시 중랑구 상봉중앙로 62 (상봉동,(지층))",,성민노래연습장,127.087373602925,37.6027626084629
서울특별시 중랑구 면목동 105-1번지,서울특별시 중랑구 겸재로 208 (면목동),2198,팡팡노래연습장,127.090575405848,37.5888661899152
서울특별시 중랑구 면목동 458-28,서울특별시 중랑구 면목로 348 (면목동),,SBS 노래연습장,127.088601665124,37.5830210562338
서울특별시 중랑구 망우동 563-12,서울특별시 중랑구 용마산로115길 106 (망우동),2163,팡팡 노래연습장,127.094436879226,37.5981631078557
서울특별시 중랑구 상봉동 125-36번지,서울특별시 중랑구 봉우재로 75 (상봉동),,쿨 노래연습장,127.0815991108,37.5918582638925
서울특별시 중랑구 묵동 250-39번지 지하,서울특별시 중랑구 동일로143길 24 (묵동),2013,킹노래연습장,127.077243462681,37.6053542531571
서울특별시 중랑구 면목동 605-4번지 지하1층,서울특별시 중랑구 사가정로 375 (면목동),2228,땡큐노래연습장,127.086433400074,37.5810881410649
서울특별시 중랑구 망우동 134-2 지상2층,서울특별시 중랑구 망우로 497 (망우동),2066,궁노래연습장,127.107464245134,37.6007721357345
서울특별시 중랑구 중화동 298-21,서울특별시 중랑구 중랑역로 20 (중화동),2109,파도노래연습장,127.076387538849,37.5959508117886
서울특별시 중랑구 상봉동 118-11,"서울특별시 중랑구 망우로 264, 지하층 (상봉동)",2136,썸노래연습장,127.082042715884,37.5949306981381
서울특별시 중랑구 묵동 239-134번지,서울특별시 중랑구 중랑역로 204 (묵동),2006,유플노래연습장,127.076016250801,37.6116512534712
서울특별시 중랑구 중화동 304-71번지,"서울특별시 중랑구 봉화산로 34 (중화동, 지하)",2102,스카이노래연습장,127.07816740372,37.6012954952967
서울특별시 중랑구 묵동 158-20 2층,"서울특별시 중랑구 공릉로12길 3, 2층 (묵동)",2019,짱노래연습장,127.079750069195,37.6166613483675
서울특별시 중랑구 묵동 174-29 2층,"서울특별시 중랑구 공릉로 18, 2층 (묵동)",2034,W노래연습장,127.078042411567,37.6124868594094
서울특별시 중랑구 면목동 634-5,서울특별시 중랑구 면목로 311 (면목동),2238,불꽃노래연습장,127.087812647104,37.5799175433987
서울특별시 중랑구 중화동 298-22번지,"서울특별시 중랑구 중랑역로 22, 지하층 (중화동)",2109,팡팡노래연습장,127.076342319579,37.5960238213357
서울특별시 중랑구 망우동 358-7,"서울특별시 중랑구 망우로67길 7, 2층 (망우동)",2059,럭셔리노래연습장,127.10103837814,37.6005552671454
서울특별시 중랑구 면목동 132-22 영승약국,서울특별시 중랑구 봉우재로28길 2 (면목동),2143,뉴 한양 노래연습장,127.084137991273,37.5919225240991
서울특별시 중랑구 묵동 244-142 지하1층,서울특별시 중랑구 동일로157길 11 (묵동),2009,신바람노래연습장,127.077091464379,37.6097257732224
서울특별시 중랑구 면목동 339-7,서울특별시 중랑구 면목천로6길 24 (면목동),,짱노래연습장,127.082290327946,37.5778318472319
서울특별시 중랑구 상봉동 90-49번지 지하1층,서울특별시 중랑구 망우로50길 34 (상봉동),2149,386노래연습장,127.089183767503,37.5956002707211
서울특별시 중랑구 면목동 673-1,서울특별시 중랑구 면목로35길 51 (면목동),2240,핑크노래연습장,127.083117525689,37.5790474292441
서울특별시 중랑구 상봉동 89-9번지,서울특별시 중랑구 망우로50길 31 (상봉동),,궁전노래연습장,127.089441761151,37.5958282064689
서울특별시 중랑구 면목동 572-32번지,서울특별시 중랑구 면목로49길 18 (면목동),2221,아리수노래연습장,127.087531065648,37.5827952551777
서울특별시 중랑구 상봉동 87-18,서울특별시 중랑구 봉우재로33길 58 (상봉동),,찬스노래연습장,127.088782532141,37.5947030056921
서울특별시 중랑구 중화동 307-58,서울특별시 중랑구 중랑역로 116 (중화동),2014,짝노래연습장,127.07753300565,37.6037934586631
서울특별시 중랑구 면목동 102-19,서울특별시 중랑구 겸재로 181 (면목동),,초원노래연습장,127.087781697905,37.588655215938
서울특별시 중랑구 상봉동 107-42,서울특별시 중랑구 면목로92길 4 (상봉동),2154,2짱노래연습장,127.086286256224,37.5946510678147
서울특별시 중랑구 면목동 114-9번지,서울특별시 중랑구 면목로 378 (면목동),,고래고래노래연습장,127.088594618368,37.5856728639584
서울특별시 중랑구 망우동 202-19,서울특별시 중랑구 망우로 454 (망우동),2177,짱노래연습장,127.102691740967,37.60008667662
서울특별시 중랑구 상봉동 84-21번지,서울특별시 중랑구 봉우재로 179 (상봉동),,우리노래연습장,127.09276706884,37.5942385435762
서울특별시 중랑구 상봉동 202-5번지,서울특별시 중랑구 상봉중앙로1길 18 (상봉동),,톱스타노래연습장,127.087386039111,37.5993562248676
서울특별시 중랑구 신내동 409-17 (지하),서울특별시 중랑구 봉화산로52길 13 (신내동),2067,팝콘노래연습장,127.097278216042,37.6069234695591
서울특별시 중랑구 상봉동 105-85,서울특별시 중랑구 봉우재로 141 (상봉동),,우승노래연습장,127.08864325631,37.5933669400348
서울특별시 중랑구 면목동 604-41번지,서울특별시 중랑구 사가정로 377 (면목동),2228,신바람노래연습장,127.086670059376,37.5810301237635
서울특별시 중랑구 면목동 50-49번지,서울특별시 중랑구 용마산로 391 (면목동),,SBS노래연습장,127.095082119956,37.5866906233196
서울특별시 중랑구 망우동 490-30,서울특별시 중랑구 용마산로115길 72 (망우동),2163,엔돌핀노래연습장,127.096307067496,37.5984755018172
서울특별시 중랑구 면목동 383-5,서울특별시 중랑구 답십리로 367 (면목동),2246,썬노래연습장,127.081328191946,37.5717014269436
서울특별시 중랑구 묵동 166-13번지,서울특별시 중랑구 중랑역로 267 (묵동),,썬노래연습장,127.077833033426,37.6162190719093
서울특별시 중랑구 묵동 168-18번지,서울특별시 중랑구 중랑역로 257 (묵동),,콘서트노래연습장,127.076666723448,37.6158721440681
서울특별시 중랑구 면목동 383-14번지,서울특별시 중랑구 답십리로77길 11 (면목동),2246,앵콜노래연습장,127.081454758083,37.5721271498692
서울특별시 중랑구 상봉동 109-0,서울특별시 중랑구 면목로 463 (상봉동),,싱글노래연습장,127.086145042788,37.5931669676714
서울특별시 중랑구 중화동 307-63 (지하),"서울특별시 중랑구 중랑역로 122 (중화동,(지하))",,로또노래연습장,127.077488019983,37.6042043396493
서울특별시 중랑구 면목동 103-18,서울특별시 중랑구 겸재로 215 (면목동),2162,해와달노래연습장,127.091467771608,37.5894606972241
서울특별시 중랑구 망우동 127-3번지,서울특별시 중랑구 양원역로 14 (망우동),,소리골 노래연습장,127.108336237894,37.6017299020315
서울특별시 중랑구 면목동 532-70번지,서울특별시 중랑구 용마산로 296-1 (면목동),2259,찬스 노래연습장,127.091583076267,37.5786820289401
서울특별시 중랑구 묵동 239-154번지,서울특별시 중랑구 동일로163길 9 (묵동),,거기노래연습장,127.076791609002,37.611862664055
서울특별시 중랑구 상봉동 88-49,서울특별시 중랑구 봉우재로33길 86 (상봉동),2151,힐링노래연습장,127.08991474541,37.5955491705172
서울특별시 중랑구 면목동 359-25,서울특별시 중랑구 면목로 396 (면목동),2197,썸노래연습장,127.088134678027,37.5872676048156
서울특별시 중랑구 면목동 428-24번지,서울특별시 중랑구 면목로56길 6 (면목동),2210,박사노래연습장,127.088689814144,37.5839370296986
서울특별시 중랑구 묵동 243-4,"서울특별시 중랑구 중랑역로 179, 지하 (묵동)",2008,첼로노래연습장,127.076067575567,37.6094455993062
서울특별시 중랑구 묵동 238-35 지하,"서울특별시 중랑구 중랑역로 228 (묵동,지하)",,여신 노래연습장,127.075623158708,37.6136921552987
서울특별시 중랑구 묵동 182-21번지 (2층),"서울특별시 중랑구 동일로 852 (묵동,(2층))",,마돈나노래연습장,127.078841890102,37.6064579897336
서울특별시 중랑구 중화동 306-54번지 지하1층,"서울특별시 중랑구 중랑역로 108 (중화동,지하1층)",,신바람노래연습장,127.077640785031,37.6031095363331
서울특별시 중랑구 중화동 208-28 지하1층,서울특별시 중랑구 중랑역로 3 (중화동),2116,부엉이노래연습장,127.076784064788,37.5944969851484
서울특별시 중랑구 면목동 87-8,서울특별시 중랑구 상봉로 51 (면목동),,인하노래연습장,127.093335250732,37.590508080159
서울특별시 중랑구 중화동 320-51 (지하1층),서울특별시 중랑구 중랑역로 15 (중화동),2110,씽씽노래연습장,127.076129343778,37.5954865176051
서울특별시 중랑구 면목동 498-27,"서울특별시 중랑구 면목로 347, 지하1층 (면목동)",2221,앵콜노래연습장,127.088314262142,37.5829675724139
서울특별시 중랑구 면목동 185-1,서울특별시 중랑구 중랑천로10길 68 (면목동),2125,올래노래연습장,127.076809702718,37.5923397242164
서울특별시 중랑구 중화동 311-3번지,서울특별시 중랑구 중랑역로 99-1 (중화동),2016,또와노래연습장,,
서울특별시 중랑구 망우동 410-1번지,서울특별시 중랑구 용마산로 494 (망우동),,피플노래연습장,127.100268095195,37.5949757275537
서울특별시 중랑구 상봉동 113-3,서울특별시 중랑구 면목로 483 (상봉동),2137,카스노래연습장,127.085613055015,37.5950176308295
서울특별시 중랑구 신내동 546-23번지 (지하),서울특별시 중랑구 신내로 56-1 (신내동),2069,악쓰는하마노래연습장,127.095704448716,37.6042499883106
서울특별시 중랑구 면목동 376-45 (지하),"서울특별시 중랑구 면목로27길 76 (면목동,(지하))",,미소노래연습장,127.081273711454,37.5743800316622
서울특별시 중랑구 면목동 428-43번지,서울특별시 중랑구 면목로56길 26 (면목동),,SBS노래연습장,127.089761403518,37.5839335167242
서울특별시 중랑구 묵동 239-136,서울특별시 중랑구 동일로163길 23 (묵동),2006,25시노래방,127.076014457189,37.6117807267215
서울특별시 중랑구 중화동 303-54번지,서울특별시 중랑구 봉화산로 40 (중화동),2102,도레미노래연습장,127.078673448427,37.6013677788816
서울특별시 중랑구 묵동 250-33 전승빌딩,"서울특별시 중랑구 동일로143길 18, 전승빌딩 지하1층 (묵동)",2013,우주노래연습장,127.077582344051,37.6053934041259
서울특별시 중랑구 면목동 502-2,서울특별시 중랑구 면목로 373 (면목동),,힐링노래연습장,127.088210644442,37.5853442891641
서울특별시 중랑구 망우동 458-3번지 지하,"서울특별시 중랑구 봉우재로 240 (망우동,지하)",,큐브노래연습장,127.099371847976,37.5953112037654
서울특별시 중랑구 묵동 162-8,서울특별시 중랑구 공릉로 59 (묵동),,샤방샤방노래연습장,127.079087432433,37.6159910086777
서울특별시 중랑구 상봉동 104-51번지 (지하),"서울특별시 중랑구 봉우재로33길 49 (상봉동,(지하))",,달맞이 노래연습장,127.088305347512,37.5946845329475
서울특별시 중랑구 상봉동 136-83,서울특별시 중랑구 망우로30길 20 (상봉동),2119,꿈노래연습장,127.074631542293,37.5924823970688
서울특별시 중랑구 면목동 147-6 지하,"서울특별시 중랑구 겸재로 115, 지하 (면목동)",2147,맹꽁이노래연습장,127.080590112573,37.5870096368265
서울특별시 중랑구 면목동 177-38,서울특별시 중랑구 겸재로3길 30 (면목동),2134,쟁반노래연습장,127.076684075662,37.5873191170999
서울특별시 중랑구 면목동 428-23번지,서울특별시 중랑구 면목로56길 8 (면목동),,써니노래연습장,127.088821577408,37.5839196315599
서울특별시 중랑구 면목동 74-35,서울특별시 중랑구 겸재로 217 (면목동),,더블노래연습장,127.091735641774,37.5894446318813
서울특별시 중랑구 망우동 363-14,서울특별시 중랑구 용마산로116길 14 (망우동),2176,유성노래연습장,127.101220979254,37.5992589457785
서울특별시 중랑구 면목동 473-4,서울특별시 중랑구 면목로44길 10 (면목동),2214,MBC 노래연습장,127.089043109485,37.5812308108107
서울특별시 중랑구 면목동 183-68,서울특별시 중랑구 동일로109길 49 (면목동),,짱 노래연습장,127.077448829593,37.591415609721
서울특별시 중랑구 묵동 156-22,서울특별시 중랑구 공릉로12가길 29 (묵동),2019,축제노래연습장,127.081018296555,37.6172761295706
서울특별시 중랑구 상봉동 126-25,서울특별시 중랑구 봉우재로 69 (상봉동),2139,알라딘노래연습장,127.080870900361,37.5917182103463
서울특별시 중랑구 면목동 502-7,서울특별시 중랑구 면목로 365 (면목동),,차차차노래연습장,127.088187445515,37.5847776721023
서울특별시 중랑구 면목동 626-17,서울특별시 중랑구 면목로 302 (면목동),,놀이터 노래연습장,127.087266988496,37.5792516632171
서울특별시 중랑구 중화동 300-49,"서울특별시 중랑구 동일로123길 49, 지하 (중화동)",2107,쿨노래연습장,127.077247266095,37.5979706346489
서울특별시 중랑구 면목동 184-71번지,서울특별시 중랑구 중랑천로10길 94 (면목동),2124,애플노래연습장,127.078169341511,37.5927563511788
서울특별시 중랑구 면목동 399-25,서울특별시 중랑구 답십리로 371 (면목동),,세븐노래연습장,127.081706553348,37.5716471960875
서울특별시 중랑구 상봉동 264-15번지,서울특별시 중랑구 상봉중앙로 38 (상봉동),2082,월드노래연습장,127.087701543763,37.6005297112537
서울특별시 중랑구 중화동 316-34,서울특별시 중랑구 중랑역로 33 (중화동),2106,스카이 노래연습장,127.075807476142,37.5972164476447
서울특별시 중랑구 중화동 295-23 지하,서울특별시 중랑구 동일로 762 (중화동),2094,열린노래연습장,127.080341398553,37.5985207863145
서울특별시 중랑구 묵동 233-5,서울특별시 중랑구 중랑역로 245 (묵동),,쎄시봉노래연습장,127.075490004254,37.6153014058481
서울특별시 중랑구 면목동 459-15,서울특별시 중랑구 면목로 338 (면목동),,도레미노래연습장,127.088823247194,37.5821804432414
서울특별시 중랑구 면목동 410-50번지 (지하),"서울특별시 중랑구 면목로58길 9 (면목동,(지하))",,스타노래연습장,127.088983689174,37.5846686851045
서울특별시 중랑구 면목동 497-16,서울특별시 중랑구 면목로45길 8 (면목동),,천사노래연습장,127.088096340006,37.5818287896898
서울특별시 중랑구 망우동 135-9,서울특별시 중랑구 망우로 503 (망우동),2064,쿡노래연습장,127.108074671483,37.60073004269
서울특별시 중랑구 망우동 516-40번지,서울특별시 중랑구 상봉로 96 (망우동),,울랄라노래연습장,127.093403426312,37.5944144558243
서울특별시 중랑구 묵동 250-34번지,서울특별시 중랑구 동일로143길 16 (묵동),2013,고래고래 노래연습장,127.07772290063,37.6054074571836
서울특별시 중랑구 면목동 172-1번지,서울특별시 중랑구 동일로 607 (면목동),2232,쇼킹노래연습장,127.079538570699,37.584721017557
서울특별시 중랑구 묵동 163-24,"서울특별시 중랑구 숙선옹주로 5-2, 2층 (묵동)",2032,찐노래연습장,127.078250406332,37.6156691030044
서울특별시 중랑구 면목동 121-24,서울특별시 중랑구 면목로74길 7 (면목동),2161,썬 노래연습장,127.087998050553,37.589217274004
서울특별시 중랑구 면목동 74-42번지,서울특별시 중랑구 겸재로 225 (면목동),,SBS 노래연습장,127.092568372609,37.5896886912179
서울특별시 중랑구 면목동 102-51번지,서울특별시 중랑구 겸재로 187 (면목동),,파일럿 노래연습장,127.088343566809,37.5887962525363
서울특별시 중랑구 면목동 50-47번지 지하1층,"서울특별시 중랑구 용마산로 405 (면목동,지하1층)",,민트노래연습장,127.095721998394,37.5878937419635
서울특별시 중랑구 망우동 357-36번지 지하,"서울특별시 중랑구 용마산로 558 (망우동,지하)",,O2 노래연습장,127.100710207035,37.6007255645145
서울특별시 중랑구 면목동 102-2 지층,"서울특별시 중랑구 겸재로 199 (면목동,지층)",,KBS노래연습장,127.089663161784,37.589055734374
서울특별시 중랑구 상봉동 84-57 지하,서울특별시 중랑구 상봉로 97 (상봉동),2152,도레미노래연습장,127.092939613622,37.5944949200844
서울특별시 중랑구 면목동 68-1번지,서울특별시 중랑구 상봉로 13 (면목동),,신나는노래연습장,127.094219556435,37.5871907351264
서울특별시 중랑구 면목동 632-3번지,서울특별시 중랑구 면목로 283 (면목동),,우리 노래연습장,127.085731567122,37.5781978146372
서울특별시 중랑구 망우동 341-23번지,서울특별시 중랑구 망우로71길 16 (망우동),2060,쉼터노래연습장,127.102219468267,37.6011201621482
서울특별시 중랑구 면목동 606-5,서울특별시 중랑구 사가정로 363-1 (면목동),2227,작은별노래연습장,127.085023465814,37.5811961129344
서울특별시 중랑구 중화동 301-106번지,서울특별시 중랑구 동일로123길 22 (중화동),,샛별노래연습장,127.078886405528,37.5976712323649
서울특별시 중랑구 중화동 312-34,서울특별시 중랑구 중랑역로 73 (중화동),2101,로데오노래연습장,127.07786682288,37.5999584438647
서울특별시 중랑구 상봉동 106-25,서울특별시 중랑구 봉우재로33길 12 (상봉동),,샴푸노래연습장,127.087098152348,37.5931119384055
서울특별시 중랑구 면목동 89-1,서울특별시 중랑구 봉우재로 180 (면목동),,짱노래연습장,127.092855541014,37.593904566584
서울특별시 중랑구 상봉동 112-50번지 지하,"서울특별시 중랑구 망우로42길 25 (상봉동,지하)",,행운노래연습장,127.083264146165,37.5944089796729
서울특별시 중랑구 면목동 15-24 여주슈퍼,"서울특별시 중랑구 용마산로94길 13, 지하 (면목동)",2189,속풀이노래연습장,127.09762965798,37.5892615075419
서울특별시 중랑구 면목동 604-5,서울특별시 중랑구 사가정로 387 (면목동),2228,스타진노래연습장,127.087733678026,37.580926444595
서울특별시 중랑구 중화동 314-1 태능시장주상복합빌딩 201~203호,"서울특별시 중랑구 동일로129길 35, 201~203호 (중화동,태능시장주상복합빌딩)",,채플린 노래연습장,,
서울특별시 중랑구 망우동 508-1,"서울특별시 중랑구 망우로60길 31, 지하1층 (망우동)",2169,백악관 노래연습장,127.094554988033,37.5971800322572
서울특별시 중랑구 묵동 239-143번지,서울특별시 중랑구 동일로163길 17 (묵동),,팝콘노래연습장,127.07634160145,37.611832862996
서울특별시 중랑구 망우동 356-33,서울특별시 중랑구 용마산로118길 23 (망우동),2059,칠성노래연습장,127.101910695133,37.600982757854
서울특별시 중랑구 묵동 160-1번지 2층,"서울특별시 중랑구 공릉로 81 (묵동,2층)",,강원도노래연습장,127.078881606317,37.6175769754888
서울특별시 중랑구 중화동 299-135번지,서울특별시 중랑구 동일로123길 43 (중화동),,25시 노래연습장,127.077566160819,37.5978782541319
서울특별시 중랑구 면목동 596-4 (지하1층),"서울특별시 중랑구 사가정로51길 21 (면목동,(지하1층))",,놀자노래연습장,127.08789167014,37.5819418367214
서울특별시 중랑구 면목동 19-33번지 (지하1층),"서울특별시 중랑구 용마산로94길 4 (면목동,(지하1층))",,얼렁뚱당노래연습장,127.097053799953,37.5891756673925
서울특별시 중랑구 상봉동 87-8 (지하1층),"서울특별시 중랑구 봉우재로33길 62 (상봉동,(지하1층))",,썬노래연습장,127.08899304315,37.5949026870373
서울특별시 중랑구 묵동 245-77,서울특별시 중랑구 동일로151길 21 (묵동),2010,스타노래연습장,127.076853394471,37.6079580974608
서울특별시 중랑구 면목동 68-11 지하1층,"서울특별시 중랑구 상봉로 11 (면목동,지하1층)",,힐링노래연습장,127.094308889254,37.5869224383207
서울특별시 중랑구 중화동 293-21,서울특별시 중랑구 동일로130길 16 (중화동),,중화노래연습장,127.08092537579,37.599571933646
서울특별시 중랑구 중화동 286-13번지,서울특별시 중랑구 봉화산로 55-1 (중화동),,스카이노래연습장,127.080508392235,37.601747840574
서울특별시 중랑구 중화동 306-46번지,서울특별시 중랑구 중랑역로 94 (중화동),,우리노래연습장,127.077900697468,37.6019283470717
서울특별시 중랑구 면목동 185-4,서울특별시 중랑구 망우로32길 40 (면목동),2125,짠짠노래연습장,127.076909982846,37.5920799029776
서울특별시 중랑구 면목동 446-17 지하,"서울특별시 중랑구 면목로48길 75 (면목동,지하)",,씽씽노래연습장,127.09284629119,37.5819920131863
서울특별시 중랑구 면목동 668-61번지,서울특별시 중랑구 사가정로50길 102 (면목동),,오거리노래연습장,127.083821874885,37.5767922839273
서울특별시 중랑구 망우동 403-66번지 외2필지(지하),"서울특별시 중랑구 용마산로 502 (망우동,외2필지(지하))",,싸이노래연습장,127.100439904769,37.5957598942954
서울특별시 중랑구 망우동 469-24,서울특별시 중랑구 용마산로115길 27 (망우동),2166,스타노래연습장,127.098779634366,37.5987363674333
서울특별시 중랑구 면목동 604-4,서울특별시 중랑구 사가정로51길 3 (면목동),,뉴하트노래연습장,127.08767752155,37.5810200995396
서울특별시 중랑구 묵동 163-7번지,서울특별시 중랑구 공릉로 55 (묵동),,라이브노래연습장,127.078833444526,37.6157312435349
서울특별시 중랑구 망우동 489-6,서울특별시 중랑구 송림길 4 (망우동),2086,대박노래연습장,127.09566452573,37.5992506060563
서울특별시 중랑구 망우동 470-21번지,서울특별시 중랑구 용마산로115길 34 (망우동),2164,송대관네박자노래연습장,127.098430829521,37.5988861331958
서울특별시 중랑구 상봉동 113-30 남양빌딩3층,"서울특별시 중랑구 면목로91길 6 (상봉동,남양빌딩3층)",,핑클노래연습장,127.085550332539,37.5946296193296
서울특별시 중랑구 면목동 465-1,서울특별시 중랑구 면목로44다길 22 (면목동),,나이트노래연습장,127.091119529919,37.5819681309136
서울특별시 중랑구 망우동 506-16,서울특별시 중랑구 상봉로 108 (망우동),,디딤돌노래연습장,127.093292722403,37.5954420338517
서울특별시 중랑구 면목동 102-20,"서울특별시 중랑구 면목로 414, 2층 (면목동)",2161,스타노래연습장,127.087677745544,37.588933609712
서울특별시 중랑구 중화동 308-97번지 건영아파트 `동,서울특별시 중랑구 중랑역로 125 (중화동),2015,동그라미노래연습장,127.076962304565,37.6046225627817
서울특별시 중랑구 면목동 649-3 광현빌딩 301호,"서울특별시 중랑구 사가정로52길 22, 301호 (면목동,광현빌딩)",,오케이노래연습장,127.086776011283,37.579847041388
서울특별시 중랑구 면목동 102-18,서울특별시 중랑구 겸재로 185 (면목동),,하마노래연습장,127.088106454619,37.5886819136448
서울특별시 중랑구 신내동 613-8,서울특별시 중랑구 봉화산로 218 (신내동),,KBS노래연습장,127.097061714442,37.6073860355769
서울특별시 중랑구 묵동 239-1,서울특별시 중랑구 동일로 911 (묵동),2006,파티파티노래연습장,127.077201658653,37.6118042827404
서울특별시 중랑구 묵동 245-74,서울특별시 중랑구 중랑역로 160 (묵동),2010,둘리노래연습장,127.076766589424,37.6076857848548
서울특별시 중랑구 중화동 195-2 우성타운상가지하,"서울특별시 중랑구 동일로 756, 지층 (중화동)",2095,앵콜노래연습장,127.080466520378,37.5979887560695
서울특별시 중랑구 중화동 312-45번지 (지하),"서울특별시 중랑구 동일로129길 42 (중화동,(지하))",,뮤직노래연습장,127.077503449289,37.599755419554
서울특별시 중랑구 신내동 618번지 동성아파트B동 상가 지층,"서울특별시 중랑구 신내로 110, B동 지층 (신내동, 상가)",2054,거래처노래연습장,127.096294599887,37.6097999635226
서울특별시 중랑구 면목동 20-4번지,서울특별시 중랑구 용마산로 411 (면목동),2201,차차차노래연습장,127.095994810818,37.5883809572552
서울특별시 중랑구 묵동 294-6,서울특별시 중랑구 공릉로 52 (묵동),,스타노래연습장,127.078879519243,37.615279637443
서울특별시 중랑구 망우동 470-1 (지하2호),"서울특별시 중랑구 망우로 426 (망우동,(지하2호))",,영노래연습장,127.099528290541,37.5993570616173
서울특별시 중랑구 면목동 459-14번지 3층,"서울특별시 중랑구 면목로 336 (면목동,3층)",,소리선언노래연습장,127.088907165024,37.5820122547194
서울특별시 중랑구 면목동 634-8번지,서울특별시 중랑구 면목로 305 (면목동),,SM노래연습장,127.087437887012,37.5796950058533
서울특별시 중랑구 망우동 491-37번지,서울특별시 중랑구 용마산로115길 71 (망우동),2167,붕붕노래연습장,127.096422325382,37.5981976322633
서울특별시 중랑구 면목동 496-25,서울특별시 중랑구 면목로45길 7 (면목동),,돌고래노래연습장,127.088081425923,37.5816621170502
"서울특별시 중랑구 신내동 613-71번지 83,84 (지하)동 ","서울특별시 중랑구 봉화산로 217 (지하)동 (신내동,83,84)",,X-tro 노래연습장,127.096812829256,37.6077684396848
서울특별시 중랑구 묵동 238-122번지,서울특별시 중랑구 동일로163길 22 (묵동),,청개구리노래연습장,127.076040317185,37.612039564144
서울특별시 중랑구 상봉동 130-127,서울특별시 중랑구 망우로32길 6 (상봉동),,SBS노래연습장,127.076316137215,37.5935598970354
서울특별시 중랑구 상봉동 129-11,서울특별시 중랑구 망우로32길 7 (상봉동),,FM노래연습장,127.076580861111,37.5935499047661
서울특별시 중랑구 면목동 175-85,서울특별시 중랑구 겸재로 100 (면목동),,명성노래연습장,127.078897719973,37.5862932296203
서울특별시 중랑구 묵동 174-8,서울특별시 중랑구 공릉로 22 (묵동),,썸앤썸노래연습장,127.078065374442,37.6126759617469
서울특별시 중랑구 면목동 353-47 지하,"서울특별시 중랑구 면목로 275-1 (면목동,지하)",,앵콜 노래연습장,127.085678663525,37.5774751657917
서울특별시 중랑구 묵동 250-52,서울특별시 중랑구 동일로143길 10 (묵동),,친구노래연습장,127.078055195598,37.6054289517318
서울특별시 중랑구 면목동 185-116번지,서울특별시 중랑구 동일로109길 62 (면목동),2125,따봉노래연습장,127.0767891677,37.5914186535974
서울특별시 중랑구 중화동 300-43,서울특별시 중랑구 중랑역로 42 (중화동),,서울노래연습장,127.0766321442,37.5975146837133
서울특별시 중랑구 상봉동 130-135,서울특별시 중랑구 망우로 210 (상봉동),,OK노래연습장,127.07599534973,37.5936673220132
서울특별시 중랑구 묵동 235-19번지,서울특별시 중랑구 중랑역로 227 (묵동),,24시노래연습장,127.075209197903,37.6138146839904
서울특별시 중랑구 면목동 633-8,서울특별시 중랑구 면목로 295 (면목동),,1.2.3 노래연습장,127.086510243353,37.5791072503273
서울특별시 중랑구 면목동 74-4,서울특별시 중랑구 상봉로 45 (면목동),2162,한울노래연습장,127.093382213962,37.5899437517151
서울특별시 중랑구 상봉동 108-6,서울특별시 중랑구 면목로 465 (상봉동),2138,MBC노래연습장,127.086029571385,37.5934825791452
서울특별시 중랑구 중화동 315-18번지,서울특별시 중랑구 동일로123길 68 (중화동),,영노래연습장,127.076507701594,37.5985147742724
서울특별시 중랑구 상봉동 130-139,서울특별시 중랑구 중랑천로12길 59 (상봉동),2120,땡뻘노래연습장,127.076118920596,37.5931464692233
서울특별시 중랑구 면목동 151-30번지 지상2층,"서울특별시 중랑구 동일로 614-1, 지상2층 (면목동)",2215,재즈노래연습장,127.080138957202,37.5852429170594
서울특별시 중랑구 면목동 655-5번지,서울특별시 중랑구 면목로37길 13 (면목동),,세븐노래연습장,127.085579847979,37.578970977444
서울특별시 중랑구 중화동 307-39,"서울특별시 중랑구 중랑역로 112, 2층 (중화동)",2014,필노래연습장,127.077619752822,37.6034667927466
서울특별시 중랑구 상봉동 102-59 2층,"서울특별시 중랑구 면목로 484, 2층 (상봉동)",2148,OK(오케이)노래연습장,127.086076104409,37.595149559573
서울특별시 중랑구 상봉동 105-11,"서울특별시 중랑구 봉우재로33길 42, 지하1층 (상봉동)",2153,엔젤노래연습장,127.088288523407,37.594245582524
서울특별시 중랑구 중화동 308-93 지하1층,서울특별시 중랑구 중랑역로 127 (중화동),2015,해마노래연습장,127.076973910251,37.6047852739885
서울특별시 중랑구 중화동 312-42번지,"서울특별시 중랑구 중랑역로 69, 2층 (중화동)",2101,탑노래연습장,127.077978446723,37.5996027491597
서울특별시 중랑구 면목동 51-19,서울특별시 중랑구 용마산로90길 10 (면목동),2192,코인조이노래연습장,127.096540216084,37.5876868384443
서울특별시 중랑구 중화동 298-13번지,"서울특별시 중랑구 중랑역로 18 (중화동, 우정마트)",2109,영광노래연습장,127.076479617545,37.5957480291273
서울특별시 중랑구 상봉동 74-14,서울특별시 중랑구 망우로55길 8 (상봉동),2086,코인 노래연습장,127.093062043655,37.5986071269626
서울특별시 중랑구 상봉동 130-3,"서울특별시 중랑구 망우로30길 3 (상봉동, 안산빌딩)",2120,메가박스동전노래연습장,127.0747508051,37.5930806702101
서울특별시 중랑구 면목동 497-7,"서울특별시 중랑구 면목로 341 (면목동, 혜원동물병원)",2228,와썹코인노래연습장,127.088154488573,37.5821763494967
서울특별시 중랑구 중화동 314-2,"서울특별시 중랑구 중랑역로 57, 지하1층 (중화동, 태성태권도)",2104,큐코인노래연습장,127.07748295435,37.5988833640931
서울특별시 중랑구 중화동 301-84번지,서울특별시 중랑구 동일로129길 19 (중화동),2103,야노래연습장,127.078605320889,37.5992575241826
서울특별시 중랑구 상봉동 130-128,"서울특별시 중랑구 망우로32길 8, 2층 (상봉동)",2120,쇼미(SHOW ME)노래연습장,127.076329403589,37.5934669962214
서울특별시 중랑구 망우동 403-58,"서울특별시 중랑구 용마공원로 1, 2층 (망우동)",2181,더코인노래연습장,127.100445618784,37.5952933562127
서울특별시 중랑구 중화동 307-15 훼미리마트,"서울특별시 중랑구 동일로 819, 훼미리마트 지하1층 (중화동)",2014,오썸코인노래연습장,127.078782801754,37.6035856735839
서울특별시 중랑구 면목동 105-13,"서울특별시 중랑구 겸재로 186, 2층 (면목동)",2197,풀코인노래연습장,127.088351946056,37.5884136849361
서울특별시 중랑구 면목동 184-19번지,서울특별시 중랑구 동일로109길 42 (면목동),,앵콜노래연습장,127.077735254835,37.5917027477518
서울특별시 중랑구 면목동 379-39번지,서울특별시 중랑구 면목로 243 (면목동),,리멘스타노래연습장,127.085023757353,37.574781936868
서울특별시 중랑구 중화동 320-27,서울특별시 중랑구 중랑역로 21 (중화동),2110,재미나노래연습장,127.075950973413,37.5959056835653
서울특별시 중랑구 상봉동 49-11번지,서울특별시 중랑구 송림길 5 (상봉동),,열린노래연습장,127.095186801431,37.5993659587079
서울특별시 중랑구 면목동 627-1,"서울특별시 중랑구 면목로 290, 지하1층 (면목동)",2252,황금노래연습장,127.086315342927,37.5785584174746
서울특별시 중랑구 상봉동 136-84번지 지하,"서울특별시 중랑구 망우로30길 22 (상봉동,지하)",,필노래연습장,127.07467650304,37.5923777634851
서울특별시 중랑구 상봉동 111-43번지 (지하),서울특별시 중랑구 면목로91길 37 (상봉동),2138,와와노래연습장,127.083915344031,37.5939037830681
서울특별시 중랑구 묵동 244-157번지,서울특별시 중랑구 동일로 873 (묵동),,룰루랄라노래연습장,127.077865835158,37.6083544998172
서울특별시 중랑구 상봉동 85-41번지 (2층),"서울특별시 중랑구 봉우재로 157 (상봉동,(2층))",,앵콜노래연습장,127.090453114645,37.5937233506659
서울특별시 중랑구 중화동 300-40,서울특별시 중랑구 중랑역로 38 (중화동),,갈채노래연습장,127.076330857506,37.5972183628008
서울특별시 중랑구 면목동 383-24,서울특별시 중랑구 답십리로77길 3 (면목동),,부영노래연습장,127.081400537978,37.5718169747296
서울특별시 중랑구 중화동 304-38,서울특별시 중랑구 중랑역로 76 (중화동),,쥬디노래연습장,127.078285968786,37.6002146786113
서울특별시 중랑구 상봉동 129-65번지,서울특별시 중랑구 망우로32길 13 (상봉동),2121,쉐르빌노래연습장,127.076717839873,37.5932993401402
서울특별시 중랑구 면목동 634-2 지하1층,"서울특별시 중랑구 면목로 319 (면목동, 삼성종합프라자)",2238,보가코인노래연습장,127.088210625453,37.5804345971945
서울특별시 중랑구 면목동 184-48,서울특별시 중랑구 동일로109길 46 (면목동),2124,킹노래연습장,127.077585187434,37.591664193937
서울특별시 중랑구 상봉동 74-5,서울특별시 중랑구 망우로 381 (상봉동),2086,별빛코인노래연습장,127.09465851513,37.5988118238417
서울특별시 중랑구 면목동 147-4번지 지하1층,"서울특별시 중랑구 겸재로 119-1 (면목동,지하1층)",,월드컵노래연습장,127.081113783325,37.5871353269923
서울특별시 중랑구 망우동 184-23번지,서울특별시 중랑구 용마산로116길 38 (망우동),,모모노래연습장,127.102634569186,37.5994380131971
서울특별시 중랑구 면목동 496-18,서울특별시 중랑구 면목로 325 (면목동),,토마토노래연습장,127.088173980648,37.5811367688006
서울특별시 중랑구 망우동 461-1 천우빌딩,"서울특별시 중랑구 봉우재로 239, 천우빌딩 2층 (망우동)",2172,VOX(복스)코인노래연습장,127.099509114026,37.5957565381477
서울특별시 중랑구 면목동 601-2 예본음악학원,"서울특별시 중랑구 면목로45길 11, 예본음악학원 (면목동)",2228,와썹노래연습장,127.087874213284,37.581634160492
서울특별시 중랑구 상봉동 103-4 라엘103,"서울특별시 중랑구 봉우재로33길 55-6, 지하1층 (상봉동, 라엘103)",2154,세븐틴코인노래연습장 상봉점,127.088510920288,37.5951137013364
서울특별시 강동구 성내동 437-9 지하1층,"서울특별시 강동구 강동대로53길 69, 지하1층 (성내동)",5406,유진노래연습장,127.132396659776,37.5259083761397
서울특별시 성북구 삼선동2가 150 욱립빌딩,"서울특별시 성북구 삼선교로10길 23, 욱립빌딩 지층 (삼선동2가)",2864,SBS노래연습장,127.009471864277,37.5870978553531
서울특별시 성북구 장위동 231-38,"서울특별시 성북구 장위로 42-1, 2층 (장위동)",2742,나의 콘서트 동전 노래연습장,127.041296768184,37.6141292008999
서울특별시 성북구 정릉동 109-2,"서울특별시 성북구 아리랑로 115, 지1층 (정릉동)",2820,아리랑 노래연습장,127.013609433224,37.6020815726467
서울특별시 성북구 안암동5가 101-98,서울특별시 성북구 고려대로27길 17 (안암동5가),2842,판타스틱 코인 노래연습장,127.029670655957,37.5871123459644
서울특별시 성북구 안암동5가 100-16번지,"서울특별시 성북구 고려대로27길 13, 지1층 (안암동5가)",2842,리코퀸 노래연습장(고려대점),127.029755364504,37.5868757239354
서울특별시 성북구 길음동 542-1 길음역롯데캐슬트윈골드아파트,"서울특별시 성북구 길음로 11, B1층 50,51,52호 (길음동, 길음역롯데캐슬트윈골드아파트)",2722,코인홀릭코인노래연습장성북길음역점,,
서울특별시 성북구 안암동5가 104-30번지,"서울특별시 성북구 고려대로24길 51, 지1층 (안암동5가)",2856,닥터브이 코인노래연습장,127.029709018435,37.5839294883991
서울특별시 성북구 보문동2가 134,"서울특별시 성북구 보문로 113, 2층 (보문동2가)",2872,솔티 노래연습장,127.019288526529,37.5850562707991
서울특별시 성북구 종암동 87-6,"서울특별시 성북구 종암로 103, 지1층 (종암동)",2804,코노코노 코인노래연습장,127.034053021803,37.5993392438749
서울특별시 성북구 안암동5가 101-41,"서울특별시 성북구 고려대로 94, 지층 (안암동5가)",2856,夜宴 KTV 노래연습장,127.029820858086,37.5861543725237
서울특별시 성북구 동선동1가 61,"서울특별시 성북구 동소문로20길 37-24, 지층 (동선동1가)",2845,골든싱어 코인노래연습장,127.018019904307,37.5911092497406
서울특별시 성북구 길음동 518-8번지,서울특별시 성북구 동소문로 289 (길음동),2732,SBS 노래연습장,127.027166140765,37.6062570320801
서울특별시 성북구 동선동2가 139,"서울특별시 성북구 보문로34길 60, 2,3층 (동선동2가)",2849,대빵코인노래연습장 동선동점,,
서울특별시 성북구 성북동 184-69,"서울특별시 성북구 성북로 20-1, 지1층 (성북동)",2834,씽어송 코인노래연습장,127.004751740897,37.5899957318775
서울특별시 성북구 하월곡동 20-2 우천빌딩,"서울특별시 성북구 장월로1길 112, 우천빌딩 2층 (하월곡동)",2748,리코스타코인노래연습장 동덕여대점,127.042903341334,37.6045757081665
서울특별시 성북구 안암동5가 104-41,서울특별시 성북구 인촌로24길 60 (안암동5가),2855,골든싱어 코인 노래연습장 고려대 점,,
서울특별시 성북구 동선동1가 79,"서울특별시 성북구 보문로34길 59, 지하1층 (동선동1가)",2845,메타 코인노래연습장,127.01858128589,37.5911110547847
서울특별시 성북구 동선동1가 30,"서울특별시 성북구 동소문로20길 29-18, 지1층 (동선동1가)",2845,시티 노래연습장,127.017688782938,37.5913990589046
서울특별시 성북구 동선동2가 84번지,"서울특별시 성북구 보문로30라길 14, 지1층 (동선동2가)",2849,초콜렛 노래연습장,127.018981712905,37.5899906972912
서울특별시 성북구 동선동2가 131번지,"서울특별시 성북구 동소문로22길 57-1, 지1층 (동선동2가)",2849,송대관 네박자 노래연습장,127.018642088413,37.5906548728409
서울특별시 성북구 정릉동 161-17 명성빌딩,"서울특별시 성북구 정릉로 251, 명성빌딩 지1층 (정릉동)",2718,힐링 노래연습장,127.0119196884,37.6047223777771
서울특별시 성북구 안암동5가 102-62번지,서울특별시 성북구 인촌로24길 37 (안암동5가),2856,청개구리 노래연습장,,
서울특별시 성북구 하월곡동 67-13 대영빌딩,"서울특별시 성북구 오패산로 12, 대영빌딩 2층 (하월곡동)",2751,씽 노래연습장,127.037704020008,37.6034451192974
서울특별시 성북구 동선동1가 15,"서울특별시 성북구 동소문로20길 37-13, 지1층 (동선동1가)",2845,M럭셔리 노래연습장,127.017524431281,37.5911510402807
서울특별시 성북구 하월곡동 82-58,"서울특별시 성북구 오패산로13길 31-1, 지1층 (하월곡동)",2738,쓰리고 노래연습장,127.034945448256,37.6068090937108
서울특별시 성북구 장위동 218-32번지 소산빌딩,"서울특별시 성북구 월계로 172, 소산빌딩 지1층 (장위동)",2754,K2 노래연습장,127.044900798769,37.619259192659
서울특별시 성북구 동선동1가 4-11번지,"서울특별시 성북구 동소문로20다길 4, 지1층 (동선동1가)",2845,원&올 노래연습장,127.01704228702,37.5915511513904
서울특별시 성북구 삼선동5가 298-10 광남 제니텔,"서울특별시 성북구 보문로 167, 광남 제니텔 지1층 (삼선동5가)",2862,뮤즈 노래연습장,127.016071740439,37.5891224825957
서울특별시 성북구 동소문동2가 213,"서울특별시 성북구 동소문로6길 3, 지1층 (동소문동2가)",2860,팝콘 노래연습장,127.008193918808,37.5890076049129
서울특별시 성북구 석관동 255-2 용호빌딩,"서울특별시 성북구 돌곶이로 75, 용호빌딩 지1층 (석관동)",2787,K2 노래연습장,127.057476007618,37.6101006859925
서울특별시 성북구 석관동 320-2번지,"서울특별시 성북구 돌곶이로8길 25, 지1층 (석관동)",2785,산천 노래연습장,127.062685641924,37.6070921530149
서울특별시 성북구 동선동5가 4 미성빌딩,"서울특별시 성북구 동소문로23길 31, 미성빌딩 지1층 (동선동5가)",2829,즐거운 노래연습장,127.016496542907,37.5946963212493
서울특별시 성북구 종암동 69-5번지 양지빌딩,"서울특별시 성북구 종암로19길 17, 양지빌딩 지1층 (종암동)",2810,훼미리 노래연습장,127.033758067444,37.5981642561732
서울특별시 성북구 동소문동6가 221 서울빌딩,"서울특별시 성북구 아리랑로 19, 서울빌딩 지1층 (동소문동6가)",2830,방실방실 노래연습장,127.015886405065,37.5945097194796
서울특별시 성북구 장위동 66-279,"서울특별시 성북구 돌곶이로27길 75, 지1층 (장위동)",2771,만남 노래연습장,127.052163721715,37.6102512762847
서울특별시 성북구 정릉동 400-25 지1층,"서울특별시 성북구 보국문로 45, 지1층 (정릉동)",2709,락 코인노래연습장,127.009773233467,37.6085443035194
서울특별시 성북구 동선동1가 121-4 용빌딩 2층,"서울특별시 성북구 동소문로24길 13, 용빌딩 2층 (동선동1가)",2845,코인쏭 코인노래연습장,127.01874177951,37.593118439636
서울특별시 성북구 길음동 33-8번지,서울특별시 성북구 도봉로 31-1 (길음동),2728,잇츠 코인노래연습장,127.029922492773,37.612076756897
서울특별시 성북구 동선동1가 85-107번지,서울특별시 성북구 동소문로22길 43 (동선동1가),2845,코인오디션 동전 노래연습장,127.018356102744,37.5912170466979
서울특별시 성북구 정릉동 401-63번지,서울특별시 성북구 보국문로 지하 54 (정릉동),2717,고래고래 코인노래연습장,,
서울특별시 성북구 동선동1가 104,"서울특별시 성북구 동소문로22길 5, 3층 (동선동1가)",2845,JOY 노래연습장,127.017589586485,37.5928044410906
서울특별시 성북구 정릉동 16-174번지 정릉제일정형외과내과의원,"서울특별시 성북구 정릉로 322, 정릉제일정형외과내과의원 지1층 (정릉동)",2816,팡팡 노래연습장,127.018987413184,37.6021764250588
서울특별시 성북구 안암동5가 102-60번지 지1층,"서울특별시 성북구 인촌로24길 31, 지1층 (안암동5가)",2856,빈티지 코인노래연습장,,
서울특별시 성북구 길음동 877-184,서울특별시 성북구 동소문로 225-9 (길음동),2721,선샤인 노래연습장,127.021561704469,37.6022673432652
서울특별시 성북구 안암동5가 86-149번지,서울특별시 성북구 인촌로28길 11 (안암동5가),2856,앵콜 노래연습장,,
서울특별시 성북구 종암동 68-1,"서울특별시 성북구 종암로19길 7, 지1층 (종암동)",2810,짱구 노래연습장,127.034245108772,37.5984213488082
서울특별시 성북구 하월곡동 27-109번지,"서울특별시 성북구 화랑로11길 7, 지1층 (하월곡동)",2751,탑 노래연습장,127.041373250531,37.6027342700967
서울특별시 성북구 안암동5가 102-87번지 칠보빌딩,"서울특별시 성북구 인촌로24길 32, 칠보빌딩 지1층 (안암동5가)",2855,마카레나 노래연습장,,
서울특별시 성북구 석관동 168-2,"서울특별시 성북구 화랑로40길 61, 지1층 (석관동)",2781,수 노래연습장,127.064941301023,37.6137673525469
서울특별시 성북구 동선동2가 173번지,"서울특별시 성북구 보문로30가길 3, 지1층 (동선동2가)",2844,MBC 노래연습장,127.01994852073,37.5894693137605
서울특별시 성북구 종암동 66-6번지 해원빌딩,"서울특별시 성북구 종암로 83, 해원빌딩 (종암동)",2810,TOMATO 노래연습장,127.034739947062,37.5976614885114
서울특별시 성북구 동소문동5가 118-13,서울특별시 성북구 동소문로20길 28-3 (동소문동5가),2846,궁전 노래연습장,127.016472437328,37.5911593007111
서울특별시 성북구 하월곡동 90-107번지,"서울특별시 성북구 종암로 182-1, 2층 (하월곡동)",2739,SBS 노래연습장,127.031560208587,37.6061541269702
서울특별시 성북구 석관동 252-5,"서울특별시 성북구 돌곶이로 61, 2층 (석관동)",2787,샾 노래연습장,127.058503984538,37.609170900567
서울특별시 성북구 하월곡동 27-10번지,"서울특별시 성북구 화랑로11길 31, 지1층 (하월곡동)",2751,럭셔리준 노래연습장,127.04199200953,37.6037213567041
서울특별시 성북구 종암동 85-5 세창한의원,"서울특별시 성북구 종암로21가길 4, 세창한의원 2층 (종암동)",2804,스타 노래연습장,127.033934234628,37.599092947174
서울특별시 성북구 동선동1가 43 성신빌딩,"서울특별시 성북구 동소문로20길 31, 성신빌딩 지1층 (동선동1가)",2845,블링블링 노래연습장,127.016975506071,37.5911564363567
서울특별시 성북구 하월곡동 16-13번지,"서울특별시 성북구 화랑로 99, 지1층 (하월곡동)",2751,스카이 노래연습장,127.042692556537,37.6035310865334
서울특별시 성북구 정릉동 404-14번지 야원빌딩,"서울특별시 성북구 보국문로 43, 야원빌딩 지1층 (정릉동)",2710,뮤젠 노래연습장,127.009889042894,37.6081729059815
서울특별시 성북구 석관동 133-53번지,"서울특별시 성북구 한천로78길 61, 3층 (석관동)",2781,용가리 노래연습장,127.064832266538,37.6131570828083
서울특별시 성북구 동선동1가 39번지 신영빌딩,"서울특별시 성북구 동소문로20길 29-8, 신영빌딩 지1층 (동선동1가)",2845,팡팡 노래연습장,127.017284520327,37.5912284708834
서울특별시 성북구 동선동1가 100,"서울특별시 성북구 동소문로20가길 22, 지1층 (동선동1가)",2845,판도라 노래연습장,127.017736971593,37.5926349424525
서울특별시 성북구 하월곡동 76-1번지,"서울특별시 성북구 오패산로 79, 지1층 (하월곡동)",2737,특급 노래연습장,127.035756080813,37.6091352059453
서울특별시 성북구 하월곡동 76-25번지,"서울특별시 성북구 오패산로 55, 지1층 (하월곡동)",2738,우리 노래연습장,127.036422356995,37.6070429945761
서울특별시 성북구 길음동 535-20번지 서우철강빌딩,"서울특별시 성북구 동소문로 231, 서우철강빌딩 (길음동)",2721,뉴타운 노래연습장,127.022383813341,37.6028752686413
서울특별시 성북구 장위동 218-28 새로남교회,"서울특별시 성북구 월계로 170, 새로남교회 2층 (장위동)",2754,2020 노래연습장,127.044657641581,37.6191258486344
서울특별시 성북구 정릉동 892-9번지 북악교회,"서울특별시 성북구 정릉로10길 36, 북악교회 (정릉동)",2812,피플 노래연습장,126.999770662981,37.6079415855576
서울특별시 성북구 하월곡동 37-17번지,"서울특별시 성북구 월곡로 114, 지1층 (하월곡동)",2793,라이브 노래연습장,127.041909878985,37.6020585181567
서울특별시 성북구 석관동 255-10 삼형빌딩,"서울특별시 성북구 돌곶이로23길 3, 삼형빌딩 지1층 (석관동)",2787,필 노래연습장,127.057600910846,37.6099301579426
서울특별시 성북구 동선동1가 4-3번지 지1층,서울특별시 성북구 동소문로20다길 16 (동선동1가),2845,엣지코인노래연습장,127.017635080895,37.5917429756275
서울특별시 성북구 안암동5가 103-101번지,서울특별시 성북구 인촌로24길 45 (안암동5가),2856,리코스타 코인노래연습장,,
서울특별시 성북구 석관동 301-30번지 지1층,"서울특별시 성북구 돌곶이로 48, 지1층 (석관동, 상희빌딩)",2784,퀸 노래연습장,127.059759187102,37.6084640761894
서울특별시 성북구 동선동1가 2-5,서울특별시 성북구 동소문로20가길 12 (동선동1가),2845,리코스타 코인노래연습장,127.017109140536,37.5922597719712
서울특별시 성북구 하월곡동 17-10,서울특별시 성북구 화랑로13길 10 (하월곡동),2752,빈티지코인 노래연습장,127.042747008533,37.6038929945849
서울특별시 성북구 삼선동1가 103번지,"서울특별시 성북구 삼선교로10길 16, 2층 (삼선동1가)",2865,리코스타 코인노래연습장,127.009109230658,37.587213391171
서울특별시 성북구 안암동5가 104-246번지,"서울특별시 성북구 안암로 81-4, 2층 (안암동5가)",2856,HUE 노래연습장,127.030050724,37.5836933416656
서울특별시 성북구 정릉동 413-6번지,"서울특별시 성북구 보국문로 20, 지1층 (정릉동)",2718,秀 노래연습장,127.011180305601,37.6063237796254
서울특별시 성북구 종암동 3-396 보정빌딩,"서울특별시 성북구 종암로22길 12, 보정빌딩 지1층 (종암동)",2797,송송 노래연습장,127.034898285123,37.5996703814084
서울특별시 성북구 하월곡동 60-175번지,"서울특별시 성북구 화랑로5길 41, 지1층 (하월곡동)",2751,열린 노래연습장,127.039197355266,37.6044478853286
서울특별시 성북구 동선동1가 41 젬스톤빌딩,"서울특별시 성북구 동소문로20길 29-6, 젬스톤빌딩 3, 4층 (동선동1가)",2845,락휴 노래연습장,127.017136748795,37.5911865061953
서울특별시 성북구 종암동 84-34,"서울특별시 성북구 종암로23길 10, 지1층 (종암동)",2803,팡팡 노래연습장,127.033411044856,37.6000531021947
서울특별시 성북구 정릉동 411-33번지,"서울특별시 성북구 보국문로8길 4, 지1층 (정릉동)",2718,V 노래연습장,127.010819600344,37.6070866813069
서울특별시 성북구 길음동 1276 삼부아파트,"서울특별시 성북구 동소문로 248, 지1층 42, 43, 44, 45, 46호 (길음동, 삼부아파트)",2735,코노902 코인노래연습장 길음점,,
서울특별시 성북구 길음동 486-1번지,"서울특별시 성북구 숭인로 70-2, 지1층 (길음동)",2728,라이브 노래연습장,127.029541791898,37.6122695743449
서울특별시 성북구 안암동5가 102-32번지 송곡빌딩,"서울특별시 성북구 인촌로24길 36, 송곡빌딩 (안암동5가)",2855,일구공오 노래연습장,,
서울특별시 성북구 동선동1가 4-2,"서울특별시 성북구 동소문로22길 30, 지1층 (동선동1가)",2845,닥터브이 코인노래연습장(성신여대점),127.017855746133,37.5916730254664
서울특별시 성북구 하월곡동 27-2,"서울특별시 성북구 화랑로11길 37, 지1층 (하월곡동)",2751,놀자 노래연습장,127.042225428038,37.603952827898
서울특별시 성북구 동소문동3가 82번지,"서울특별시 성북구 보문로39길 4, 지1층 (동소문동3가)",2860,아리랑 노래연습장,127.013229537703,37.5914231588375
서울특별시 성북구 장위동 237-286,"서울특별시 성북구 장월로 138, 지1층 (장위동)",2766,음이온 노래연습장,127.050489977279,37.61739215887
서울특별시 성북구 하월곡동 67-37번지 구원빌딩,"서울특별시 성북구 오패산로 16, 구원빌딩 (하월곡동)",2751,한우리 노래연습장,127.037521806164,37.6036686229465
서울특별시 성북구 장위동 216-1번지,"서울특별시 성북구 돌곶이로 217, 2층 (장위동)",2754,불러불러 노래연습장,127.045900220492,37.6185880226841
서울특별시 성북구 석관동 250-10번지 서울치과의원,"서울특별시 성북구 돌곶이로 60, 서울치과의원 (석관동)",2784,즐거운 노래연습장,127.058990218645,37.6092110228425
서울특별시 성북구 석관동 182-44,"서울특별시 성북구 한천로 578, 2층 (석관동)",2781,스마일 노래연습장,127.062758465172,37.6112735154762
서울특별시 성북구 하월곡동 18-49,"서울특별시 성북구 화랑로13길 14, 지1층 (하월곡동)",2752,짱 노래연습장,127.042706682947,37.6040740181058
서울특별시 성북구 하월곡동 90-455 홍진빌딩,"서울특별시 성북구 오패산로3길 3, 홍진빌딩 지1층 (하월곡동)",2740,팡팡 노래연습장,127.036860908839,37.6036857698286
서울특별시 성북구 삼선동2가 81번지,서울특별시 성북구 삼선교로 34 (삼선동2가),2864,MBC 노래연습장,127.009370981608,37.5879808362824
서울특별시 성북구 동소문동2가 212번지,서울특별시 성북구 동소문로6길 7 (동소문동2가),2860,도레미 노래연습장,127.008249271597,37.5888823630974
서울특별시 성북구 동소문동2가 41번지,"서울특별시 성북구 동소문로6길 4-7, 지1층 (동소문동2가)",2860,명동 노래연습장,127.007869500875,37.5887157054078
서울특별시 성북구 정릉동 16-323번지,"서울특별시 성북구 정릉로36길 47, 지1층 (정릉동)",2815,가족 노래연습장,127.01610185083,37.602226318391
서울특별시 성북구 정릉동 16-155,"서울특별시 성북구 정릉로38나길 2, 지1층 (정릉동)",2816,컬투 노래연습장,127.018886439597,37.6018873134074
서울특별시 성북구 정릉동 674-5번지,"서울특별시 성북구 솔샘로 7, 지1층 (정릉동)",2708,아리랑 노래연습장,127.00436558756,37.6084546185972
서울특별시 성북구 석관동 133-1번지 석계고운이치과,"서울특별시 성북구 한천로78길 68, 석계고운이치과 (석관동)",2781,뮤직랜드 노래연습장,127.065226257907,37.6134971691088
서울특별시 성북구 삼선동2가 80번지,"서울특별시 성북구 삼선교로 34-1, 지1층 (삼선동2가)",2864,임프 노래연습장,127.009493381633,37.5880311919914
서울특별시 성북구 삼선동2가 106,"서울특별시 성북구 삼선교로 31, 지1층 (삼선동2가)",2861,새서울 노래연습장,127.009342934343,37.5882363600198
서울특별시 성북구 종암동 70-1번지,"서울특별시 성북구 종암로19길 6, 지1층 (종암동)",2804,뮤즈피아 노래연습장,127.034052107807,37.598576104807
서울특별시 성북구 동선동1가 60번지,"서울특별시 성북구 동소문로22길 44, 지1층 (동선동1가)",2845,악쓰는하마코인노래연습장 2호점,127.018093857111,37.5911726682762
서울특별시 성북구 동선동1가 102번지,"서울특별시 성북구 동소문로22길 13, 2, 3층 (동선동1가)",2845,악쓰는하마 코인노래연습장,,
서울특별시 성북구 석관동 252-4번지 우성연합의원,"서울특별시 성북구 돌곶이로 59, 우성연합의원 지1층 (석관동)",2787,진 노래연습장,127.058657150199,37.608940171272
서울특별시 성북구 정릉동 139-7번지 국민은행,"서울특별시 성북구 아리랑로 127, 국민은행 (정릉동)",2814,국민 노래연습장,127.013078274631,37.6031217360459
서울특별시 성북구 석관동 126-7번지 우진빌딩,"서울특별시 성북구 한천로76길 15, 우진빌딩 (석관동)",2781,에델바이스 노래방,127.06356752369,37.611341017016
서울특별시 성북구 삼선동4가 278,"서울특별시 성북구 삼선교로23길 15, 지1층 (삼선동4가)",2861,뉴필립스 노래연습장,127.014085540888,37.5902264520161
서울특별시 성북구 삼선동4가 104-7번지,서울특별시 성북구 보문로37길 9 (삼선동4가),2861,칭찬 노래연습장,127.013131177843,37.5909785301857
서울특별시 성북구 동선동1가 85-34번지,"서울특별시 성북구 동소문로24길 23, 지1층 (동선동1가)",2845,로데오 노래연습장,127.019006843969,37.5926423131274
서울특별시 성북구 하월곡동 16-7번지 국민은행 월곡동지점,"서울특별시 성북구 화랑로 91, 국민은행 월곡동지점 지1층 (하월곡동)",2751,필 노래연습장,127.042115487349,37.6029873660466
서울특별시 성북구 종암동 3-166번지,"서울특별시 성북구 종암로 116, 지층호 (종암동)",2797,투투 노래연습장,127.034110111274,37.6006158412401
서울특별시 성북구 정릉동 260-25 샛별중앙교회,"서울특별시 성북구 보국문로16길 65, 샛별중앙교회 지1층 (정릉동)",2711,까치 노래연습장,127.009960212774,37.6127706479949
서울특별시 성북구 성북동 184-88번지 東元,"서울특별시 성북구 성북로 16, 東元 지1층 (성북동)",2834,짱 노래연습장,127.005125696965,37.5895836924109
서울특별시 성북구 장위동 231-39번지,"서울특별시 성북구 장위로 42, 2층 (장위동)",2742,KBS 노래연습장,127.041186574197,37.6141476195778
서울특별시 성북구 삼선동2가 123번지,"서울특별시 성북구 삼선교로 40, 지1층 (삼선동2가)",2864,휴 노래연습장,127.01009143535,37.5881167366784
서울특별시 성북구 동선동4가 75,"서울특별시 성북구 동소문로23길 23, 지1층 (동선동4가)",2829,영 노래연습장,127.016796533436,37.5943567852838
서울특별시 성북구 정릉동 285-3번지,"서울특별시 성북구 보국문로 70, 지1층 (정릉동)",2711,올스타 노래연습장,127.009299766229,37.610738881537
서울특별시 성북구 석관동 133-62번지 선우빌딩,"서울특별시 성북구 한천로78길 71, 선우빌딩 4층 (석관동)",2781,LA 노래연습장,127.064964215616,37.6135480393122
서울특별시 성북구 석관동 133-61,"서울특별시 성북구 한천로78길 53, 지1층 (석관동)",2781,고래고래 노래연습장,127.064638200037,37.6128366174883
서울특별시 성북구 삼선동5가 276번지 대명빌딩,"서울특별시 성북구 보문로 161, 대명빌딩 지1층 (삼선동5가)",2862,747 노래연습장,127.016565201879,37.5887461599019
서울특별시 성북구 하월곡동 17-1,"서울특별시 성북구 화랑로 103, 지1층 (하월곡동)",2752,J2 노래연습장,127.043076458489,37.6037231282483
서울특별시 성북구 동선동1가 2-4번지,"서울특별시 성북구 동소문로20나길 13, 지1층 (동선동1가)",2845,코인 노래연습장,127.017391860099,37.5922019770641
서울특별시 성북구 장위동 231-13,"서울특별시 성북구 장위로 54, 2층 (장위동)",2743,찬찬 노래연습장,127.042608429118,37.6138800617418
서울특별시 성북구 석관동 350-1번지 석산빌딩,"서울특별시 성북구 돌곶이로 77, 석산빌딩 지1층 (석관동)",2787,진 노래연습장,127.057305051564,37.6103273679001
서울특별시 성북구 정릉동 393-3번지,"서울특별시 성북구 보국문로11길 37, 지1층 (정릉동)",2710,스타 노래연습장,127.007974199453,37.608563089274
서울특별시 성북구 안암동5가 103-208,"서울특별시 성북구 인촌로26길 45-1, 지1층 (안암동5가)",2856,아름다운 노래연습장,,
서울특별시 성북구 하월곡동 62-4,"서울특별시 성북구 오패산로 22, 지1층 (하월곡동)",2751,테마 노래연습장,127.037687191876,37.604208803959
서울특별시 성북구 장위동 50-19 온누리치과,"서울특별시 성북구 화랑로 279, 온누리치과 2층 (장위동)",2775,팝콘 노래연습장,127.059658629345,37.6125902066075
서울특별시 성북구 정릉동 284-11번지 대영빌딩,"서울특별시 성북구 보국문로 75, 대영빌딩 지1층 (정릉동)",2709,KBS 노래연습장,127.008678466219,37.6109831870239
서울특별시 성북구 장위동 230-143,"서울특별시 성북구 장위로 47, 2층 (장위동)",2755,1060@뮤직클럽 노래연습장,127.04198239753,37.6142236528769
서울특별시 성북구 안암동5가 103-93,"서울특별시 성북구 인촌로24길 39, 지1층 (안암동5가)",2856,로데오 노래연습장,,
서울특별시 성북구 장위동 237-295번지,서울특별시 성북구 장월로 115  (장위동),,25시 노래연습장,127.048491115235,37.6161153959346
서울특별시 성북구 하월곡동 90-113번지,서울특별시 성북구 종암로 176  (하월곡동),,태평양 노래연습장,127.031740620825,37.6056323153412
서울특별시 강북구 미아동 684-10번지,서울특별시 강북구 삼양로 167  (미아동),,앗싸노래방,127.021046703129,37.618864197797
서울특별시 강북구 번동 463-52번지 지1층,"서울특별시 강북구 도봉로 지하 368, 지1층 (번동)",142-868,천궁노래연습장,,
서울특별시 강북구 미아동 45-4번지 지1,"서울특별시 강북구 월계로7길 지하 17, 지1층 (미아동)",142-109,오렌지 노래연습장,,
서울특별시 강북구 수유동 182-39 지1층,"서울특별시 강북구 한천로 지하 1086, 지1층 (수유동)",142-876,무지개노래연습장,,
서울특별시 강북구 수유동 172-147번지 지하,"서울특별시 강북구 도봉로97길 45  (수유동,지하)",,다정노래연습장,127.026993589862,37.642712990065
서울특별시 강북구 수유동 175-2번지 2층,"서울특별시 강북구 한천로140길 29, 2층 (수유동)",1054,앗싸 노래연습장,127.02774390166,37.6411951078215
서울특별시 강북구 수유동 48-46번지 지1층,"서울특별시 강북구 덕릉로 지하 58, 지1층 (수유동)",142-071,피에로노래연습장,,
서울특별시 강북구 수유동 1-73번지 지1층,"서울특별시 강북구 수유로 71, 지1층 (수유동)",1080,바비노래방,127.021545719612,37.6363558613086
서울특별시 강북구 수유동 54-12번지 지1층,"서울특별시 강북구 도봉로67길 지하 8, 지1층 (수유동)",142-071,딩동댕 노래연습장,,
서울특별시 강북구 수유동 221-23번지 4층,"서울특별시 강북구 도봉로87길 46, 4층호 (수유동)",1072,궁 노래연습장,127.023442065146,37.6392336063292
서울특별시 강북구 수유동 176-56번지 지1층 918동 5912호,"서울특별시 강북구 한천로140길 23, 지1층 (수유동)",1054,신나라노래방,127.027483792026,37.6409819056675
서울특별시 강북구 수유동 177-1번지 2층,"서울특별시 강북구 한천로140길 11, 2층 (수유동)",1054,우리 노래연습장,127.02707316339,37.6406183632425
서울특별시 강북구 수유동 285-1번지 (1층),"서울특별시 강북구 삼양로 491  (수유동,(1층))",,청해수산노래연습장,127.014553367201,37.6470549499071
서울특별시 강북구 우이동 10-3번지 (2층),"서울특별시 강북구 삼양로 651  (우이동,(2층))",,산울림노래연습장,127.013288690284,37.661048619473
서울특별시 강북구 수유동 339-2 지1층,"서울특별시 강북구 삼양로 지하 437, 지1층 (수유동)",142-077,오렌지 노래연습장,,
서울특별시 강북구 수유동 174-32번지 1층,"서울특별시 강북구 한천로140길 14, 1층 (수유동)",1054,님따라 노래연습장,127.027378041857,37.6405682882432
서울특별시 강북구 미아동 50-1 2층,"서울특별시 강북구 월계로7길 34, 2층 (미아동)",1222,차플러스,127.033300333764,37.6115712982559
서울특별시 강북구 수유동 177-19번지 2층,"서울특별시 강북구 한천로 1044, 2층 (수유동)",1054,콩 노래연습장,127.026403294244,37.640547247175
서울특별시 강북구 수유동 177-19번지 지1층,"서울특별시 강북구 한천로 지하 1044, 지1층 (수유동)",142-073,쿨 노래연습장,,
서울특별시 강북구 미아동 211-66번지 지하,"서울특별시 강북구 솔매로 115  (미아동,지하)",,팡팡노래방,127.024933219136,37.626034308992
서울특별시 강북구 수유동 174-1번지 1층,"서울특별시 강북구 도봉로 377, 1층 (수유동)",1054,허브 노래연습장,127.028276542744,37.6409020712986
서울특별시 강북구 수유동 190-45,"서울특별시 강북구 한천로 1043, 2층 (수유동)",1071,무인도 노래연습장,127.026037240696,37.640297845887
서울특별시 강북구 수유동 192-61 영남빌딩,"서울특별시 강북구 한천로139길 42, 2층 (수유동, 영남빌딩)",1072,세븐틴코인 노래연습장,127.024948947089,37.6388575866282
서울특별시 강북구 우이동 8-7,"서울특별시 강북구 삼양로 643, 지층 (우이동)",1004,신바람노래연습장,127.013410517672,37.6603846723988
서울특별시 강북구 수유동 224-5,"서울특별시 강북구 도봉로87길 33, 2층 (수유동)",1072,블링 노래연습장,127.023981271669,37.6389130176586
서울특별시 강북구 미아동 55-19번지,"서울특별시 강북구 도봉로10가길 11, 지층 (미아동)",1219,질러U 코인노래연습장,127.031241266477,37.6131228236137
서울특별시 강북구 수유동 316-4번지,"서울특별시 강북구 삼양로 466, 2층 (수유동)",1039,히든싱어 코인노래연습장,127.015974837679,37.644792936286
서울특별시 강북구 수유동 178-25번지,"서울특별시 강북구 한천로 1058, 지층 (수유동)",1053,토토 노래연습장,127.025268175689,37.641385861855
서울특별시 강북구 수유동 174-14 구봉빌딩,"서울특별시 강북구 도봉로 363, 구봉빌딩 지층 (수유동)",1054,타짜 노래연습장,127.027252613138,37.6399397002997
서울특별시 강북구 수유동 177-40,"서울특별시 강북구 한천로 1048, 2층 (수유동)",1054,황제 노래연습장,127.02599799341,37.6408195246228
서울특별시 강북구 수유동 173-14,"서울특별시 강북구 도봉로97길 1, 2층 (수유동)",1054,황금 노래연습장,127.029003893391,37.6416381792494
서울특별시 강북구 미아동 838-4번지,"서울특별시 강북구 솔샘로 223, 4층 (미아동)",1188,자메이카 코인 노래연습장,127.017573969681,37.6202802179461
서울특별시 강북구 수유동 221-21,"서울특별시 강북구 노해로 42, 지층 (수유동)",1072,보스,127.022955422684,37.6391765795801
서울특별시 강북구 수유동 177-49,"서울특별시 강북구 한천로 1042, 지층 (수유동)",1054,파랑새 노래연습장,127.026512715111,37.6404651429394
서울특별시 강북구 수유동 229-2 덕인빌딩,"서울특별시 강북구 도봉로87길 3, 3층 (수유동)",1073,와우 노래연습장,127.025170304196,37.638095126176
서울특별시 강북구 미아동 51-16,"서울특별시 강북구 도봉로8길 57, 지층 (미아동)",1219,차 노래연습장,127.032963947405,37.6115507600485
서울특별시 강북구 수유동 238-2 지층호,"서울특별시 강북구 한천로 1098, 지층 (수유동)",1048,오렌지 노래연습장,127.02184517254,37.6437479350529
서울특별시 강북구 미아동 302-20,"서울특별시 강북구 솔매로 102, 1층 (미아동)",1169,코인박스동전 노래연습장,127.023590672591,37.6254802979209
서울특별시 강북구 수유동 134-58 명성빌딩,"서울특별시 강북구 수유로 53, 명성빌딩 지층 (수유동)",1079,룰라 노래연습장,127.01951347463,37.6357110193489
서울특별시 강북구 수유동 189-6 2층,"서울특별시 강북구 한천로 1065, 2층 (수유동)",1070,썬 노래연습장,127.024233788571,37.6416159199929
서울특별시 강북구 미아동 55-3 지1층,"서울특별시 강북구 도봉로10길 지하 22, 지1층 (미아동)",142-120,프렌즈 코인노래연습장,,
서울특별시 강북구 미아동 302-26 2층,"서울특별시 강북구 솔매로 106, 2층 (미아동)",1169,123 노래연습장,127.0239358649,37.6255733003499
서울특별시 강북구 수유동 177-50번지 지1층,"서울특별시 강북구 한천로 지하 1046-1, 지1층 (수유동)",142-073,요요 노래연습장,,
서울특별시 강북구 수유동 177-23 (지하) 906동 8420호,"서울특별시 강북구 한천로140길 지하 5-6, 지1층 (수유동)",142-073,수미노래연습장,,
서울특별시 강북구 수유동 174-22번지 2층 990동 1233호,"서울특별시 강북구 한천로140길 26, 2층 (수유동)",1054,스크린노래방,127.027752199968,37.6409635528501
서울특별시 강북구 미아동 303-11번지 지층,"서울특별시 강북구 솔매로 지하 118-1, 지층 (미아동)",142-100,만남노래방,,
서울특별시 강북구 수유동 191-74번지 3층동,"서울특별시 강북구 도봉로87길 8, 3층동 (수유동)",,스카이노래방,127.025190232805,37.6383953301086
서울특별시 강북구 우이동 72-72번지 2층,"서울특별시 강북구 삼양로 524, 2층 (우이동)",1044,삼삼 노래연습장,127.013770772248,37.6497941235127
서울특별시 강북구 우이동 168-6,"서울특별시 강북구 삼양로173길 35, 지하1층 (우이동)",1002,백운대노래연습장,127.010555073878,37.6625582197324
서울특별시 강북구 수유동 568-24번지,서울특별시 강북구 4.19로8길 2  (수유동),,야호,127.009339103002,37.6472452250592
서울특별시 강북구 수유동 391-197 지층,서울특별시 강북구 삼각산로 94 (수유동),1083,동그라미 노래연습장,127.014738453863,37.640415124417
서울특별시 강북구 미아동 202-1번지 (3층),"서울특별시 강북구 도봉로 249  (미아동,(3층))",,수유노래방,127.024068364748,37.6307272765646
서울특별시 강북구 미아동 688-2번지 (지하) 983동 2277호,"서울특별시 강북구 삼양로 172, 983동 2277호 (미아동,(지하))",,사거리노래연습장,127.021334713257,37.6191416503515
서울특별시 강북구 번동 466-11 (1층) 988동 2338호,"서울특별시 강북구 도봉로98길 21, 988동 2338호 (번동,(1층))",,알프스노래연습장,127.030851873318,37.6413448905293
서울특별시 강북구 수유동 256-22번지 지하,"서울특별시 강북구 한천로 지하 1120, 지1층 (수유동)",142-072,앵커노래연습장,,
서울특별시 강북구 수유동 173-6번지 2층,"서울특별시 강북구 도봉로 379, 2층 (수유동)",1054,샤인노래연습장,127.028441903472,37.6410380802142
서울특별시 강북구 수유동 177-20 2층,"서울특별시 강북구 한천로140길 7, 2층 (수유동)",1054,소나무 노래연습장,127.026979085236,37.6405156725497
서울특별시 강북구 수유동 188-7번지 2층,"서울특별시 강북구 한천로 1075, 2층 (수유동)",1070,코리아나 노래연습장,127.023420323196,37.6421582966892
서울특별시 강북구 수유동 176-57 (지하),"서울특별시 강북구 한천로140길 21 (수유동,(지하))",,소풍노래연습장,127.027412616836,37.6409249800039
서울특별시 강북구 수유동 319-5번지 지하 319동 5호,서울특별시 강북구 삼양로 469 (수유동),1029,썬노래연습장,127.015469662461,37.645123754812
서울특별시 강북구 미아동 860-132 지하,"서울특별시 강북구 도봉로8길 65-2, 지층 (미아동)",1222,코코 노래연습장,127.033434073058,37.6112762766302
서울특별시 강북구 번동 417-99,서울특별시 강북구 한천로 1017 (번동),,파티 노래연습장,127.028312444645,37.6387723150508
서울특별시 강북구 수유동 177-1번지 지1층,"서울특별시 강북구 한천로140길 지하 11, 지1층 (수유동)",142-073,스타 노래연습장,,
서울특별시 강북구 수유동 223-6번지 지층,"서울특별시 강북구 노해로8길 1, 지층 (수유동)",1072,올,127.023161798832,37.6378984020527
서울특별시 강북구 수유동 174-35 지1층,"서울특별시 강북구 한천로140길 지하 18, 지1층 (수유동)",142-073,NEW 오케이 노래연습장,,
서울특별시 강북구 미아동 791-968번지 지1층,서울특별시 강북구 삼양로 지하 267 (미아동),142-110,OK 노래연습장,,
서울특별시 강북구 수유동 173-4 지1층,"서울특별시 강북구 도봉로 지하 381, 지1층 (수유동)",142-073,탤런트 노래연습장,,
서울특별시 강북구 미아동 838-82번지,서울특별시 강북구 솔샘로 213  (미아동),,팡파레노래연습장,127.016187629057,37.6202341955982
서울특별시 강북구 미아동 775-3 지층,"서울특별시 강북구 솔매로 59, 지층 (미아동)",1127,대성 노래방,127.018818425469,37.6249897572285
서울특별시 강북구 미아동 211-54번지,서울특별시 강북구 솔매로 119  (미아동),,부르자노래방,127.025261351529,37.6262490344539
서울특별시 강북구 수유동 220-29번지,서울특별시 강북구 노해로 56  (수유동),,쎄븐노래방,127.022771649695,37.6406614379771
서울특별시 강북구 미아동 838-46번지,서울특별시 강북구 솔샘로 219 (미아동),,솔샘노래연습장,127.017102732859,37.6201618073002
서울특별시 강북구 미아동 203-5번지 지하,"서울특별시 강북구 도봉로 229  (미아동,지하)",,앵콜노래방,127.024780384765,37.629047240347
서울특별시 강북구 번동 446-2 지하,"서울특별시 강북구 오패산로77길 14 (번동,지하)",,퀸 노래연습장,127.02582842783,37.637032542362
서울특별시 강북구 수유동 190-38번지 지1층,"서울특별시 강북구 한천로 지하 1049, 지1층 (수유동)",142-073,아리랑노래방,,
서울특별시 강북구 수유동 183-4 지하동,"서울특별시 강북구 노해로 88, 지하동 (수유동)",,25시노래방,127.022676033029,37.6433057554597
서울특별시 강북구 수유동 567-8번지 지하,"서울특별시 강북구 4.19로 지하 45, 지1층 (수유동)",142-870,조은노래연습장,,
서울특별시 강북구 수유동 279-20번지 (지하) 999동 1199호,"서울특별시 강북구 4.19로 4, 999동 1199호 (수유동,(지하))",,뮤직타운노래연습장,127.013730047776,37.6483246244788
서울특별시 강북구 수유동 360-21번지 지하,"서울특별시 강북구 삼양로 421, 지층 (수유동)",1036,필 노래연습장,127.016600156219,37.6410822364397
서울특별시 강북구 미아동 224-58번지 지1,"서울특별시 강북구 솔매로 지하 105-1, 지1층 (미아동)",142-100,짱노래연습장,,
서울특별시 강북구 미아동 860-188번지 2층,"서울특별시 강북구 도봉로8길 11, 2층 (미아동)",1219,그랜드노래연습장,127.03097519745,37.6128024120314
서울특별시 강북구 미아동 460-30,"서울특별시 강북구 솔샘로64길 29, 2층 (미아동)",1205,앵콜노래연습장,127.028183413005,37.6160151361297
서울특별시 강북구 미아동 707-2번지 지하,"서울특별시 강북구 솔샘로 293 (미아동,지하)",,가족노래연습장,127.025112795738,37.6183705621218
서울특별시 강북구 미아동 36-8번지 지1층,"서울특별시 강북구 월계로3길 지하 50, 지1층 (미아동)",142-120,투노래연습장,,
서울특별시 강북구 수유동 455-66번지 지1층,"서울특별시 강북구 덕릉로 지하 1, 지1층 (수유동)",142-077,별노래연습장,,
서울특별시 강북구 수유동 173-6번지 1층,"서울특별시 강북구 도봉로 379, 1층 (수유동)",1054,오페라노래연습장,127.028441903472,37.6410380802142
서울특별시 강북구 수유동 30-20번지 지하,"서울특별시 강북구 노해로 41  (수유동,지하)",,두리노래방,127.022452181913,37.6393058776416
서울특별시 강북구 우이동 17-1번지 지하,"서울특별시 강북구 삼양로 671 (우이동,지하)",,썬노래연습장,127.012597392308,37.6626044198352
서울특별시 강북구 수유동 177-8 지층,"서울특별시 강북구 한천로140길 지하 5-34, 지1층 (수유동)",142-876,질러 노래연습장,,
서울특별시 강북구 수유동 177-49번지 (지하) 998동 5757호,"서울특별시 강북구 한천로 1042, 998동 5757호 (수유동,(지하))",,신한국관노래연습장,127.026512715111,37.6404651429394
서울특별시 강북구 미아동 838-96번지 (지하) 988동 2042호,"서울특별시 강북구 솔샘로 225, 지층호 (미아동)",1188,경진 노래연습장,127.017759024953,37.6201521598856
서울특별시 강북구 미아동 131-1번지,서울특별시 강북구 도봉로38길 10 (미아동),,명랑노래연습장,127.028328965265,37.622600241235
서울특별시 강북구 번동 467-36번지 지층,"서울특별시 강북구 한천로132길 48, 지층 (번동)",1057,고래고래 노래연습장,127.02999611624,37.640842271754
서울특별시 강북구 미아동 54-156번지 지층,"서울특별시 강북구 월계로7나길 지하 24, 지1층 (미아동)",142-120,쓰리쓰리 노래연습장,,
서울특별시 강북구 번동 416-120번지 지1층,"서울특별시 강북구 한천로131길 지하 21, 지1층 (번동)",142-061,올레노래연습장,,
서울특별시 강북구 미아동 52-56번지 2층,"서울특별시 강북구 월계로7나길 9 (미아동,2층)",,OK 노래연습장,127.033362173064,37.6125859745342
서울특별시 강북구 번동 415-79 지층,"서울특별시 강북구 오패산로 지하 392, 지1층 (번동)",142-061,오렌지 노래연습장,,
서울특별시 강북구 미아동 322-25번지 지층,"서울특별시 강북구 도봉로29길 지하 10, 지1층 (미아동)",142-140,궁 노래연습장,,
서울특별시 강북구 번동 434-15 지1층,"서울특별시 강북구 덕릉로40길 67 (번동, 지1층)",1135,미소노래연습장,127.032982951048,37.6340589491449
서울특별시 강북구 수유동 177-40번지 지하,"서울특별시 강북구 한천로 지하 1048, 지1층 (수유동)",142-073,연인노래연습장,,
서울특별시 강북구 수유동 178-27번지 지1층,"서울특별시 강북구 한천로 지하 1070, 지1층 (수유동)",142-073,별빛 노래연습장,,
서울특별시 강북구 수유동 176-57번지 2층,"서울특별시 강북구 한천로140길 21, 2층 (수유동)",1054,마돈나 노래연습장,127.027412616836,37.6409249800039
서울특별시 강북구 수유동 174-40 지층,"서울특별시 강북구 한천로140길 22, 지층 (수유동)",1054,엄지 노래연습장,127.027688023051,37.6408357182225
서울특별시 강북구 미아동 310-42 2층,"서울특별시 강북구 솔샘로67길 142, 2층 (미아동)",1171,SBS 노래연습장,127.026540067817,37.6233946972381
서울특별시 강북구 수유동 177-15 (지하) 991동 2240호,"서울특별시 강북구 한천로 지하 1056, 지1층 (수유동)",142-073,이브 노래방,,
서울특별시 강북구 미아동 484-12번지 (지하),"서울특별시 강북구 숭인로 지하 67, 지1층 (미아동)",142-140,신세계 노래방,,
서울특별시 강북구 미아동 681-3 지층 985동 9705호,"서울특별시 강북구 솔샘로 272, 지층 (미아동)",1201,동굴속노래방,127.022651154404,37.6188313750626
서울특별시 강북구 번동 448-1번지 지하,"서울특별시 강북구 도봉로82길 지하 22, 지1층 (번동)",142-061,즐거운노래연습장,,
서울특별시 강북구 수유동 605-451번지 지1,"서울특별시 강북구 삼양로73길 지하 23, 지1층 (수유동)",142-071,우성 노래연습장,,
서울특별시 강북구 미아동 160-13 지층,"서울특별시 강북구 도봉로 지하 280, 지층 (미아동)",142-100,썸 노래연습장,,
서울특별시 강북구 미아동 860-29 지층,"서울특별시 강북구 도봉로8길 37, 지층호 (미아동)",1219,앗싸 노래연습장,127.032198910006,37.6121284151011
서울특별시 강북구 미아동 159-50번지 지층,"서울특별시 강북구 덕릉로28길 지하 15, 지1층 (미아동)",142-100,금강 노래연습장,,
서울특별시 강북구 수유동 175-7 지층,"서울특별시 강북구 한천로140길 23-6, 지층 (수유동)",1054,꿍따리 노래연습장,127.027461465127,37.6412728387634
서울특별시 강북구 미아동 303-24번지 2층,"서울특별시 강북구 솔매로46길 14, 2층 (미아동)",1170,로얄노래연습장,127.025588238764,37.6254696103967
서울특별시 강북구 수유동 338-11번지 2층,"서울특별시 강북구 삼양로 434, 2층 (수유동)",1041,가족 노래연습장,127.016758259581,37.6422934975647
서울특별시 강북구 수유동 254-27번지 2층호,"서울특별시 강북구 한천로 1130, 2층 (수유동)",1047,둥지,127.019199509888,37.6457425430797
서울특별시 강북구 번동 444-22번지 지1층 906동 8795호,"서울특별시 강북구 오패산로 지하 389, 지1층 (번동)",142-061,가족노래연습장,,
서울특별시 강북구 번동 269-3 (2층) 980동 7726호,"서울특별시 강북구 월계로37길 143, 980동 7726호 (번동,(2층))",,씽어송 코인노래연습장,127.043592827878,37.6281101698287
서울특별시 강북구 우이동 44-24 지하 1층,"서울특별시 강북구 삼양로 지하 617, 지1층 (우이동)",142-090,꿈 노래연습장,,
서울특별시 강북구 번동 463-43번지 2층,"서울특별시 강북구 도봉로 376, 2층 (번동)",1056,스카이노래연습장,127.028639931748,37.6403813947561
서울특별시 강북구 미아동 304-17 (지하) 986동 1981호,"서울특별시 강북구 도봉로49길 8, 986동 1981호 (미아동,(지하))",,차차차 노래연습장,127.0259544037,37.62527554794
서울특별시 강북구 미아동 187-8번지 지층,"서울특별시 강북구 덕릉로28길 55, 지지층 (미아동)",1132,포시즌노래연습장,127.024737128482,37.6321792573754
서울특별시 강북구 수유동 2-8 지하,"서울특별시 강북구 수유로 83, 지층 (수유동)",1080,차차차노래방,127.02276229552,37.6363686070609
서울특별시 강북구 수유동 181-40번지,서울특별시 강북구 한천로150길 20 (수유동),,타짜노래연습장,127.023670792482,37.6434367433626
서울특별시 강북구 수유동 230-3번지 3층,"서울특별시 강북구 노해로 20  (수유동,3층)",,킹노래연습장,127.023163299127,37.6372568102989
서울특별시 도봉구 도봉동 568-28번지 지1층,,,노래짱,,
서울특별시 강북구 미아동 214-79번지 2층,"서울특별시 강북구 도봉로53길 18, 2층 (미아동)",1125,앵커 노래연습장,127.024764252888,37.6268617207142
서울특별시 강북구 수유동 568-102,"서울특별시 강북구 4.19로 25, 지층 (수유동)",1026,줄줄이 노래연습장,127.011366854776,37.647406503368
서울특별시 강북구 우이동 66-6번지,"서울특별시 강북구 삼양로 587, 2층 (우이동)",1006,태양노래방,127.012897383231,37.6553457176934
서울특별시 강북구 수유동 176-55 지층,"서울특별시 강북구 한천로140길 23-3, 지층 (수유동)",1054,ABC노래연습장,127.027379809193,37.6410617570733
서울특별시 강북구 수유동 190-28번지 2층,"서울특별시 강북구 한천로 1053-1, 2층 (수유동)",1071,V 노래연습장,127.025284976434,37.640811120234
서울특별시 강북구 미아동 187-40번지 지1층,"서울특별시 강북구 덕릉로28길 지하 45, 지1층 (미아동)",142-100,나용 노래방,,
서울특별시 강북구 미아동 860-187,"서울특별시 강북구 도봉로10길 6, 지하1층 (미아동)",1219,즐거운 노래연습장,127.030784883447,37.6129877952316
서울특별시 강북구 미아동 860-187번지,"서울특별시 강북구 도봉로10길 6, 지하2층 (미아동)",1219,수 노래연습장,127.030784883447,37.6129877952316
서울특별시 강북구 번동 449-1번지 (4층),"서울특별시 강북구 도봉로 308  (번동,(4층))",,초원노래연습장,127.02383520999,37.6356640949861
서울특별시 강북구 번동 463-33 2층,"서울특별시 강북구 한천로 1024, 2층 (번동)",1056,콜노래연습장,127.028070704254,37.6394836102233
서울특별시 강북구 수유동 48-73번지 4통3반 지1층,"서울특별시 강북구 덕릉로 지하 64, 지1층 (수유동)",142-071,일번지노래방,,
서울특별시 강북구 수유동 472-8번지 지1층,"서울특별시 강북구 덕릉로 지하 42, 지1층 (수유동)",142-071,골든노래연습장,,
서울특별시 강북구 수유동 90-2번지 지하,"서울특별시 강북구 도봉로73길 43  (수유동,지하)",,오픈,127.022374619693,37.6334226389303
서울특별시 강북구 수유동 385-5번지 지상2층,"서울특별시 강북구 삼양로 422, 2층 (수유동)",1041,돌핀노래방,127.01707740381,37.6411467689148
서울특별시 강북구 수유동 58-8 지하동,"서울특별시 강북구 삼양로 294, 지하동 (수유동)",,삼성 노래연습장,127.018089140664,37.6296786057175
서울특별시 강북구 수유동 54-10번지,서울특별시 강북구 도봉로 253 (수유동),,비엔나노래연습장,127.023987912301,37.6310225460872
서울특별시 중랑구 상봉동 129-9,서울특별시 중랑구 망우로32길 23 (상봉동),2121,팡팡노래연습장,127.077121249138,37.5929396716668
서울특별시 강북구 수유동 224-13번지 3층,"서울특별시 강북구 도봉로87길 25 (수유동,3층)",,야우노래연습장,127.024243160199,37.6387261899738
서울특별시 강북구 미아동 762-29 지1층,"서울특별시 강북구 솔매로 지하 62-1, 지1층 (미아동)",142-110,궁전 노래연습장,,
서울특별시 강북구 미아동 131-8번지 24통6반 1층,"서울특별시 강북구 도봉로 142, 1층 (미아동)",1161,킹노래연습장,127.028379309336,37.6215396768441
서울특별시 강북구 미아동 134-97번지 지하동,"서울특별시 강북구 도봉로30길 16, 지하동 (미아동)",,스카이노래방,127.029413041337,37.6209603590086
서울특별시 강북구 번동 414-42번지,서울특별시 강북구 한천로123길 54  (번동),,혜성노래연습장,127.029055187535,37.6360267428593
서울특별시 강북구 번동 461-98,서울특별시 강북구 한천로 1020 (번동),,깨비 노래연습장,127.02850403693,37.6390757206131
서울특별시 강북구 수유동 190-9번지 지1층,"서울특별시 강북구 한천로 지하 1039, 지1층 (수유동)",142-073,스피드노래연습장,,
서울특별시 강북구 번동 411-1번지 2층,"서울특별시 강북구 덕릉로 159 (번동,2층)",,뮤즈노래연습장,127.031406452041,37.6355925862765
서울특별시 강북구 미아동 703-13번지,서울특별시 강북구 삼양로 184 (미아동),,에드원,127.021299905099,37.6202124806401
서울특별시 강북구 미아동 864-7번지 지1층,"서울특별시 강북구 도봉로 지하 41-1, 지1층 (미아동)",142-120,팝콘노래방,,
서울특별시 강북구 미아동 688-5번지 3층동,"서울특별시 강북구 솔샘로 254, 3층동 (미아동)",,하모니 노래방,127.020743950051,37.6193297017502
서울특별시 강북구 수유동 229-33번지 3층,"서울특별시 강북구 도봉로87길 9, 3층 (수유동)",1073,등대노래연습장,127.024961317244,37.6382414905337
서울특별시 강북구 수유동 221-55 지하,"서울특별시 강북구 노해로 42-1 (수유동,지하)",,두리노래연습장,127.022891943466,37.6394445447913
서울특별시 강북구 수유동 229-33번지 5층,"서울특별시 강북구 도봉로87길 9, 5층 (수유동)",1073,뉴등대노래연습장,127.024961317244,37.6382414905337
서울특별시 강북구 수유동 191-75번지 4층,"서울특별시 강북구 도봉로87길 12 (수유동,4층)",,앵콜 노래연습장,127.025090779601,37.6384648172381
서울특별시 강북구 번동 463-40 지하,"서울특별시 강북구 도봉로 382, 지층 (번동)",1056,만남 노래연습장,127.028966284679,37.6407838749956
서울특별시 강북구 번동 445-57번지 지하,"서울특별시 강북구 오패산로77길 지하 5, 지1층 (번동)",142-867,마우스 노래연습장,,
서울특별시 강북구 우이동 4-8 4층,"서울특별시 강북구 삼양로 681 (우이동,4층)",,왕가,127.012024045928,37.6634288774486
서울특별시 강북구 미아동 211-30 (지하),"서울특별시 강북구 도봉로53길 19 (미아동,(지하))",,엑센트노래방,127.024680244982,37.6266612687724
서울특별시 강북구 미아동 35-1번지 (5층) 945동 1263호,"서울특별시 강북구 도봉로6길 8, 5층 (미아동)",1220,팝스노래연습장,127.030626358361,37.6125320262238
서울특별시 강북구 미아동 49-110번지 지1층 지하동,"서울특별시 강북구 월계로7길 지하 62, 지1층 (미아동)",142-120,은하수 노래연습장,,
서울특별시 강북구 수유동 168-5,서울특별시 강북구 도봉로 389 (수유동),,김가네노래방,127.029104361658,37.641845651217
서울특별시 강북구 수유동 47-53,서울특별시 강북구 수유로 42 (수유동),,깨비노래연습장,127.019575850107,37.6346564956703
서울특별시 강북구 수유동 47-69 지하1층 우측,"서울특별시 강북구 덕릉로 지하 79, 지층 (수유동)",142-073,제시카 노래연습장,,
서울특별시 강북구 미아동 35-20번지 6층,"서울특별시 강북구 도봉로 40 (미아동,6층)",,스카이노래방,127.030433727904,37.6125920819171
서울특별시 강북구 미아동 55-5번지 지층 954동 3918호,"서울특별시 강북구 도봉로8길 35, 지층 (미아동)",1219,카스,127.03209690879,37.6122338585921
서울특별시 강북구 번동 443-119 2층,"서울특별시 강북구 오패산로 383, 2층 (번동)",1069,와바,127.028124049106,37.6355235879868
서울특별시 강북구 미아동 225-53번지,서울특별시 강북구 솔매로 97 (미아동),,K-1 노래연습장,127.022974113789,37.6255493450742
서울특별시 강북구 수유동 30-20 2층,"서울특별시 강북구 노해로 41 (수유동,2층)",,땡큐 노래연습장,127.022452181913,37.6393058776416
서울특별시 강북구 수유동 174-37번지 2층,서울특별시 강북구 한천로140길 20 (수유동),1054,캐슬 노래연습장,127.027568243831,37.6407864624167
서울특별시 강북구 수유동 174-37번지 3층,"서울특별시 강북구 한천로140길 20, 3층층 (수유동)",1054,뉴캐슬 노래연습장,127.027568243831,37.6407864624167
서울특별시 강북구 수유동 192-8번지,서울특별시 강북구 한천로139나길 7  (수유동),,꽃,127.025062356642,37.6391844398891
서울특별시 강북구 수유동 189-35번지 지1층,"서울특별시 강북구 한천로 지하 1057, 지1층 (수유동)",142-073,OK 노래연습장,,
서울특별시 강북구 수유동 230-10번지 지하동,"서울특별시 강북구 도봉로 323, 지하동 (수유동)",,멀티노래방,127.024202760308,37.6371279409738
서울특별시 강북구 수유동 54-6번지 2층,"서울특별시 강북구 도봉로 259, 2층 (수유동)",1117,SBS 노래연습장,127.02375274585,37.6314386690103
서울특별시 강북구 수유동 54-9번지,서울특별시 강북구 도봉로 255  (수유동),,화성노래방,127.023904344275,37.6311424842904
서울특별시 강북구 수유동 190-49번지 지1층,"서울특별시 강북구 한천로139길 지하 10, 지1층 (수유동)",142-073,챔피온 노래연습장,,
서울특별시 강북구 수유동 172-174번지 지층,"서울특별시 강북구 한천로140길 43, 지층 (수유동)",1054,성원노래연습장,127.028412549713,37.6416113837076
서울특별시 강북구 수유동 178-28번지 지층,"서울특별시 강북구 한천로 1068, 지층 (수유동)",1053,궁전 노래 연습장,127.024319015375,37.6420317067588
서울특별시 강북구 수유동 174-29 2층,"서울특별시 강북구 한천로140길 10, 2층 (수유동)",1054,해와달 노래연습장,127.027199439388,37.6404641757339
서울특별시 강북구 수유동 2-10 2층,"서울특별시 강북구 수유로 81, 2층 (수유동)",1080,하바하바노래연습장,127.022510327124,37.6363747821024
서울특별시 강북구 수유동 47-4번지 지하,"서울특별시 강북구 덕릉로 75  (수유동,지하)",,아리랑노래연습장,127.022055665522,37.6348253533462
서울특별시 강북구 수유동 190-30 지하,서울특별시 강북구 한천로 지하 1053 (수유동),142-878,킹 노래연습장,,
서울특별시 강북구 미아동 684-14번지,"서울특별시 강북구 삼양로 169, 2층 (미아동)",1194,코노902코인노래연습장,127.020814066529,37.6189315428573
서울특별시 강북구 미아동 55-38번지,"서울특별시 강북구 도봉로10가길 16, 지층 (미아동)",1219,OK노래연습장,127.031231214192,37.6129187523112
서울특별시 강북구 수유동 269-20번지 지하,"서울특별시 강북구 한천로 1152 (수유동,지하)",,딩동댕노래연습장,127.017428866175,37.6469479737772
서울특별시 강북구 수유동 173-7 지층,"서울특별시 강북구 도봉로95길 6, 지층 (수유동)",1054,더블유 노래연습장,127.028310972799,37.6411637089459
서울특별시 강북구 수유동 189-3번지 지1층,"서울특별시 강북구 한천로 지하 1067-1, 지1층 (수유동)",142-073,진 노래연습장,,
서울특별시 강북구 미아동 224-44번지,서울특별시 강북구 솔매로 109  (미아동),,스타노래연습장,127.024253256568,37.6258673176542
서울특별시 강북구 미아동 300-39번지,서울특별시 강북구 솔매로 84 (미아동),,청개구리노래연습장,127.021618108086,37.6249875656425
서울특별시 강북구 수유동 173-2 2층,"서울특별시 강북구 도봉로 383-1, 2층 (수유동)",1054,떳다노래연습장,127.028695828747,37.6413666978691
서울특별시 강북구 미아동 131-9,서울특별시 강북구 도봉로 138 (미아동),1161,DREAM(드림) 노래연습장,127.028442557838,37.6213523463111
서울특별시 강북구 수유동 192-61번지 401호,"서울특별시 강북구 한천로139길 42 (수유동, 영남빌딩)",1072,와라코인노래연습장,127.024948947089,37.6388575866282
서울특별시 강북구 수유동 172-218번지,"서울특별시 강북구 한천로140길 35, 지층 (수유동)",1054,얼짱 노래연습장,127.028042851437,37.6413431589916
서울특별시 강북구 미아동 226-56번지,"서울특별시 강북구 솔매로 89, 2층 (미아동)",1126,비트코인 노래연습장,127.022065541169,37.6253105767453
서울특별시 강북구 수유동 331-3,"서울특별시 강북구 삼양로 460, 지층 (수유동)",1039,샾노래연습장,127.016094180485,37.6444006316356
서울특별시 강북구 수유동 39-6번지 2층,"서울특별시 강북구 노해로 69-1, 2층 (수유동)",1077,나이스노래연습장,127.022155646913,37.6418831100401
서울특별시 강북구 우이동 37-1번지 지1층,"서울특별시 강북구 삼양로 지하 637, 지1층 (우이동)",142-090,숲속노래연습장,,
서울특별시 강북구 미아동 60-5번지 숭인시장,"서울특별시 강북구 도봉로 45, 숭인시장 3층 308호 (미아동)",1211,아지트코인 노래연습장,127.02945322795,37.6131435556689
서울특별시 강북구 수유동 39-30번지 지1층,"서울특별시 강북구 노해로 지하 57, 지1층 (수유동)",142-073,금빛 노래연습장,,
서울특별시 강북구 수유동 178-18,"서울특별시 강북구 한천로 1060, 1층 (수유동)",1053,하트 노래연습장,127.025231624125,37.6415203866576
서울특별시 강북구 수유동 177-48,"서울특별시 강북구 한천로 지하 1040, 지층 2호 (수유동)",142-876,쉬리 노래연습장,,
서울특별시 강북구 미아동 860-241번지,서울특별시 강북구 도봉로8길 12 (미아동),142-804,악쓰는 하마 코인노래연습장,127.030999668026,37.6125449029913
서울특별시 강북구 수유동 229-23번지 지층,"서울특별시 강북구 도봉로87길 13 (수유동, 지층)",1073,악쓰는하마코인 노래연습장,127.024784849558,37.6383976684265
서울특별시 강북구 수유동 173-10번지,서울특별시 강북구 한천로140길 38 (수유동),1054,즐거운노래연습장,127.028199963405,37.6412372558665
서울특별시 강북구 미아동 54-88번지,서울특별시 강북구 도봉로10길 지하 30-01219 (미아동),1219,엣지코인노래연습장,,
서울특별시 강북구 미아동 762-49번지,서울특별시 강북구 솔매로 79 (미아동),1127,뉴mbc,127.021022172022,37.6250699334293
서울특별시 강북구 수유동 279-81번지 지하 997동 0086호,"서울특별시 강북구 한천로 1172, 997동 0086호 (수유동,지하)",,놀부노래연습장,127.015497393467,37.6482526872703
서울특별시 강북구 수유동 724-4번지 지하동,"서울특별시 강북구 노해로33길 4, 지하동 (수유동)",,크로바노래연습장,127.024298689713,37.6460703720131
서울특별시 강북구 수유동 229-38번지,서울특별시 강북구 도봉로87길 3-10  (수유동),,캐피탈,127.024784585267,37.637943121568
서울특별시 강북구 수유동 174-7번지 1층,"서울특별시 강북구 도봉로 371, 1층 (수유동)",1054,동경 노래연습장,127.027836761941,37.6404579904869
서울특별시 강북구 수유동 172-208번지 지층,"서울특별시 강북구 도봉로95길 20, 지층 (수유동)",1054,신세계 노래연습장,127.027815648252,37.6415676480047
서울특별시 강북구 수유동 563-1번지 지1층,"서울특별시 강북구 4.19로 지하 65, 지1층 (수유동)",142-070,만남노래연습장,,
서울특별시 강북구 수유동 316-18번지 2층,"서울특별시 강북구 삼양로 461, 2층 (수유동)",1030,황금빛 노래연습장,127.015659199043,37.6444418651428
서울특별시 강북구 수유동 451-84 지하,"서울특별시 강북구 덕릉로 19-1 (수유동,지하)",,네박자노래연습장,127.015836276237,37.6341888146687
서울특별시 강북구 미아동 211-54번지 2층,"서울특별시 강북구 솔매로 119, 2층 (미아동)",1126,천국 노래연습장,127.025261351529,37.6262490344539
서울특별시 강북구 미아동 775-40 2층,"서울특별시 강북구 솔매로 62, 2층 (미아동)",1168,조이903코인노래연습장,127.018972885637,37.6247852084435
서울특별시 강북구 미아동 1348-4번지 3층,"서울특별시 강북구 솔샘로 253 (미아동,3층)",,SM노래연습장,127.020754386165,37.6197920868637
서울특별시 강북구 미아동 762-81번지,서울특별시 강북구 솔매로 74  (미아동),,MS노래연습장,127.020440509996,37.6247466713887
서울특별시 강북구 수유동 54-7번지 2층,"서울특별시 강북구 도봉로 257, 2층 (수유동)",1117,천국 노래연습장,127.023782816128,37.6312363915935
서울특별시 강북구 수유동 177-18번지 지1층,"서울특별시 강북구 한천로 지하 1050, 지1층 (수유동)",142-073,탬버린 노래연습장,,
서울특별시 강북구 수유동 177-42 지1층,"서울특별시 강북구 한천로 지하 1046, 지1층 (수유동)",142-073,애리노래연습장,,
서울특별시 강북구 수유동 177-17번지 지1층,서울특별시 강북구 한천로 지하 1054 (수유동),142-878,짝 노래연습장,,
서울특별시 강북구 수유동 279-49 2층,"서울특별시 강북구 한천로 1180 (수유동,2층)",,MP3,127.014769714494,37.6483725213141
서울특별시 강북구 수유동 174-24 2층,"서울특별시 강북구 한천로140길 30, 2층 (수유동)",1054,천지노래연습장,127.027969673854,37.6410849542073
서울특별시 강북구 미아동 132-21 지하,서울특별시 강북구 도봉로20가길 64 (미아동),1161,준노래연습장,127.029098888497,37.6214185890675
서울특별시 강북구 번동 464-1번지,서울특별시 강북구 도봉로 388 (번동),,테마,127.029629106136,37.6413563761545
서울특별시 강북구 미아동 691-5번지 지1,"서울특별시 강북구 솔샘로 242, 지층 (미아동)",1194,오페라노래연습장,127.019383084992,37.6196202314106
서울특별시 강북구 수유동 177-48 지하1호,"서울특별시 강북구 한천로 1040, 지층 1호 (수유동)",1054,탑 노래연습장,127.026687837786,37.6403462635848
서울특별시 강북구 우이동 41-9번지,"서울특별시 강북구 삼양로 625-1, 우이동동 (우이동)",1004,골드 노래연습장,127.013629071112,37.6587898196438
서울특별시 강북구 수유동 189-33 지1층,"서울특별시 강북구 한천로 지하 1059, 지1층 (수유동)",142-073,놀러와 노래연습장,,
서울특별시 강북구 미아동 303-70번지 지1,"서울특별시 강북구 도봉로49길 지하 12, 지1층 (미아동)",142-100,다오래노래연습장,,
서울특별시 강북구 미아동 54-138 지층,"서울특별시 강북구 도봉로10길 지하 32, 지1층 (미아동)",142-120,MBC노래연습장,,
서울특별시 강북구 미아동 36-10번지,"서울특별시 강북구 월계로3길 지하 48, 지1층 (미아동)",142-120,앵콜 노래연습장,,
서울특별시 강북구 번동 471-1 지1층,"서울특별시 강북구 도봉로98길 56, 지1층 (번동)",1060,우이천노래연습장,127.032707702561,37.6408979528152
서울특별시 강북구 미아동 55-20번지 2층,"서울특별시 강북구 도봉로10가길 15, 2층 (미아동)",1219,오렌지노래연습장,127.031361727002,37.6130064740091
서울특별시 강북구 수유동 177-20,"서울특별시 강북구 한천로140길 7, 3층 (수유동)",1054,솔방울 노래연습장,127.026979085236,37.6405156725497
서울특별시 강북구 미아동 52-82,"서울특별시 강북구 월계로7나길 10, 지층 (미아동)",1218,울랄라 노래연습장,127.0332934863,37.612725016512
서울특별시 강북구 수유동 177-24,"서울특별시 강북구 한천로140길 5-8, 2층 (수유동)",1054,아테네 노래연습장,127.026747779053,37.6406748390948
서울특별시 강북구 수유동 224-31,"서울특별시 강북구 도봉로87길 41, 지층 (수유동)",1072,모모 노래연습장,127.023684005878,37.6390169612591
서울특별시 강북구 수유동 220-9번지 지하동,"서울특별시 강북구 삼각산로 151, 지하동 (수유동)",,팡팡노래방,127.020898247686,37.6416660220277
서울특별시 강북구 수유동 269-50번지 지하,"서울특별시 강북구 노해로23길 79 (수유동,지하)",,21세기노래방,127.019293455982,37.6462267164344
"서울특별시 강북구 수유동 192-56번지 3,4층 ","서울특별시 강북구 도봉로87길 30, 3,4층 (수유동)",1072,락휴 노래연습장,,
서울특별시 강북구 수유동 472-243번지 2층,"서울특별시 강북구 삼양로 311, 2층 (수유동)",1099,MBC노래연습장,127.017548783229,37.6311918034754
서울특별시 강북구 수유동 177-22 지층,"서울특별시 강북구 한천로140길 11-3, 지층 (수유동)",1054,로망스노래연습장,127.026952074608,37.6407056062739
서울특별시 강북구 수유동 223-1 두온오피스텔,"서울특별시 강북구 노해로 38, 두온오피스텔 B01호 (수유동)",1072,히어로 노래연습장,127.023125180875,37.6389221083124
서울특별시 강북구 번동 417-5 지층,"서울특별시 강북구 한천로 1005, 지층 (번동)",1064,KBS노래연습장,127.029391007151,37.6380702741461
서울특별시 강북구 수유동 341-18번지 2층,"서울특별시 강북구 삼양로 451, 2층 (수유동)",1030,쇼킹노래연습장,127.015923930948,37.6435857146334
서울특별시 강북구 수유동 173-19 2층,"서울특별시 강북구 도봉로 385, 2층 (수유동)",1054,홀인원 노래연습장,127.028764274379,37.6413933503416
서울특별시 강북구 수유동 190-32번지 2층,"서울특별시 강북구 한천로 1051, 2층 (수유동)",1071,쟁반노래연습장,127.025513694963,37.6406951142808
서울특별시 강북구 미아동 217-1번지 지1층,"서울특별시 강북구 도봉로67길 지하 13, 지1층 (미아동)",142-100,엠 노래연습장,,
서울특별시 강북구 수유동 435-67번지,서울특별시 강북구 인수봉로55길 4 (수유동),,청수노래방,127.012655253175,37.6369113458734
서울특별시 강북구 수유동 451-172번지 지하동,"서울특별시 강북구 덕릉로 27, 지하동 (수유동)",,까치노래연습장,127.01651174301,37.634260530625
서울특별시 강북구 수유동 724-4 지층,"서울특별시 강북구 노해로33길 4, 지층 (수유동)",1050,도도 노래연습장,127.024298689713,37.6460703720131
서울특별시 강북구 수유동 2-1번지 지1층,"서울특별시 강북구 노해로 지하 23, 지1층 (수유동)",142-073,빅맨 노래연습장,,
서울특별시 강북구 수유동 252-121 2층,"서울특별시 강북구 노해로 97, 2층 (수유동)",1048,프랜드 노래연습장,127.022945442913,37.644303543265
서울특별시 강북구 미아동 187-5번지 지1층,"서울특별시 강북구 덕릉로28길 지하 63, 1층 (미아동)",142-100,코코 노래연습장,,
서울특별시 강북구 번동 463-35번지 지1층,"서울특별시 강북구 도봉로96길 지하 8, 지1층 (번동)",142-061,현 노래연습장,,
서울특별시 강북구 번동 268번지 2층,"서울특별시 강북구 월계로37길 146 (번동,2층)",,라이브,127.043618953383,37.6284243341433
서울특별시 강북구 번동 463-41번지 지하,"서울특별시 강북구 도봉로 지하 380, 지1층 (번동)",142-061,도레미,,
서울특별시 강북구 미아동 225-35 (지하),"서울특별시 강북구 솔매로 93 (미아동,(지하))",,모모 노래연습장,127.022678654473,37.6254629975862
서울특별시 강북구 미아동 218-1번지 (지하),"서울특별시 강북구 도봉로67길 지하 35, 지1층 (미아동)",142-100,무화 노래연습장,,
서울특별시 강북구 수유동 480-27번지 지하동,"서울특별시 강북구 삼양로77길 32, 지하동 (수유동)",,씽씽노래방,127.016351215984,37.6296473248354
서울특별시 강북구 수유동 238-13번지 2층,"서울특별시 강북구 한천로 1101, 2층 (수유동)",1043,샤방샤방 노래연습장,127.021286224055,37.6437334412833
서울특별시 강북구 수유동 220-29 지층호,"서울특별시 강북구 노해로 56, 지층호 (수유동)",1070,올레 노래연습장,127.022771649695,37.6406614379771
서울특별시 강북구 미아동 734-241,"서울특별시 강북구 삼양로 198, 지층 (미아동)",1173,럭키노래연습장,127.020640341089,37.6214983972838
서울특별시 강북구 미아동 137-13,서울특별시 강북구 도봉로20가길 8 (미아동),,신나는노래연습장,127.030081789714,37.6189601778349
서울특별시 강북구 미아동 130-81번지,서울특별시 강북구 도봉로34길 23  (미아동),,하나로,127.029350188137,37.6221461643055
서울특별시 강북구 번동 446-17 지1층,"서울특별시 강북구 오패산로77길 지하 4, 지1층 (번동)",142-061,앵콜 노래연습장,,
서울특별시 강북구 번동 510-5번지 지하동,"서울특별시 강북구 오현로31길 125-2, 지하동 (번동)",,25시노래방,127.034490636079,37.6328092113185
서울특별시 강북구 번동 306-2번지,서울특별시 강북구 오현로31길 7 (번동),,팡팡 노래연습장,127.039036963525,37.6290829382707
서울특별시 강북구 미아동 55-43번지 지1층,"서울특별시 강북구 월계로3길 69, 지1층 (미아동)",1219,팡팡노래방,127.031384301029,37.6128206841138
서울특별시 강북구 미아동 1339-1번지,서울특별시 강북구 솔샘로 212  (미아동),,동심노래방,127.016238768666,37.6199624506687
서울특별시 강북구 미아동 701-19 (2층),"서울특별시 강북구 솔샘로 237, 2층 (미아동)",1189,갈채노래연습장,127.019292595153,37.6201102033911
서울특별시 강북구 수유동 176-72 2층,"서울특별시 강북구 한천로140길 17, 2층 (수유동)",1054,꼬리 노래연습장,127.027296787593,37.6408329262394
서울특별시 강북구 번동 417-18번지 2층,"서울특별시 강북구 한천로131길 13 (번동,2층)",,세븐 노래연습장,127.027619775305,37.6385866961556
서울특별시 강북구 수유동 174-22번지 지하,"서울특별시 강북구 한천로140길 지하 26, 지1층 (수유동)",142-073,해피 노래연습장,,
서울특별시 강북구 수유동 605-404번지 지1층,"서울특별시 강북구 삼양로77길 지하 2, 지1층 (수유동)",142-071,로마노래연습장,,
서울특별시 강북구 수유동 177-47 2층,"서울특별시 강북구 한천로140길 5, 2층 (수유동)",1054,챔프노래연습장,127.026836744758,37.6404244352725
서울특별시 강북구 수유동 178-2 지1층,"서울특별시 강북구 한천로 지하 1072, 지1층 (수유동)",142-073,퀸노래연습장,,
서울특별시 강북구 미아동 860-33 지1층,"서울특별시 강북구 도봉로8길 지하 49, 지1층 (미아동)",142-100,엔돌핀 노래연습장,,
서울특별시 강북구 미아동 1341-1번지 (지하),"서울특별시 강북구 솔샘로 220  (미아동,(지하))",,부르리노래연습장,127.016980682617,37.6199113503317
서울특별시 강북구 수유동 263-7번지 4층,"서울특별시 강북구 한천로 1127, 4층 (수유동)",1040,MS 노래연습장,127.01905594543,37.6452973902375
서울특별시 강북구 미아동 684-10번지 2층,"서울특별시 강북구 삼양로 167, 2층 (미아동)",1194,신기루 노래연습장,127.021046703129,37.618864197797
서울특별시 강북구 수유동 190-1번지 지1층,"서울특별시 강북구 한천로 지하 1055-1, 지1층 (수유동)",142-878,필노래연습장,,
서울특별시 강북구 미아동 775-40번지 (2층) 985동 9230호,"서울특별시 강북구 솔매로 62, 985동 9230호 (미아동,(2층))",,카스노래연습장,127.018972885637,37.6247852084435
서울특별시 강북구 수유동 176-71번지 지층,"서울특별시 강북구 한천로140길 15, 지층 (수유동)",1054,빙고노래연습장,127.027213592252,37.6407476222211
서울특별시 강북구 미아동 49-148번지,서울특별시 강북구 월계로7길 지하 60 (미아동),1222,설탕노래연습장,,
서울특별시 강북구 수유동 191-74,"서울특별시 강북구 도봉로87길 8, 4층 (수유동)",1074,판싱코인,127.025190232805,37.6383953301086
서울특별시 강북구 번동 411-8번지 지하,"서울특별시 강북구 덕릉로 133  (번동,지하)",,준노래연습장,127.028543926314,37.6352458935583
서울특별시 도봉구 창동 578-126,서울특별시 도봉구 덕릉로 229 (창동),1471,슈가 코인노래연습장,127.037703316411,37.6386118352354
서울특별시 도봉구 창동 557-57번지,서울특별시 도봉구 덕릉로 226 (창동),1473,대왕 노래연습장,127.037732453196,37.6379769919489
서울특별시 도봉구 창동 731-55,"서울특별시 도봉구 도봉로 588, 지층 (창동)",1401,MS 노래연습장,127.040104413029,37.657050480671
서울특별시 도봉구 방학동 695-9,"서울특별시 도봉구 방학로6길 41, 지층 (방학동)",1343,YOUTUB 코인노래연습장,127.036279040235,37.6644894113722
서울특별시 도봉구 쌍문동 100-30,"서울특별시 도봉구 도봉로109길 16, 2층 (쌍문동)",1447,킹노래연습장,127.032392169018,37.6469338222413
서울특별시 도봉구 창동 13-2 EQ빌딩,"서울특별시 도봉구 마들로11길 57, EQ빌딩 202,203호 (창동)",1414,세븐스타 코인노래연습장 창동역점,127.05015756821,37.6535060444313
서울특별시 도봉구 방학동 703-64,"서울특별시 도봉구 도봉로 679, 지1층 (방학동)",1340,사계절 노래연습장,127.04247889907,37.6650950531538
서울특별시 도봉구 도봉동 623-4,"서울특별시 도봉구 도봉로156길 18, 2층 (도봉동)",1328,VIP 노래연습장,127.045237486336,37.6725879304039
서울특별시 도봉구 창동 715-1,"서울특별시 도봉구 도봉로 578, 2층 (창동)",1426,큐코인 노래연습장 창동점,127.039703171252,37.6562940617336
서울특별시 도봉구 창동 557-6,서울특별시 도봉구 덕릉로 226-1 (창동),,MS,127.037811455968,37.6380436395435
서울특별시 도봉구 도봉동 554-3번지 2층,"서울특별시 도봉구 도봉산길 51 (도봉동,2층)",,즐거운노래연습장,127.039921284031,37.6868995515059
서울특별시 도봉구 방학동 692-0번지 지하1층,"서울특별시 도봉구 도당로 54  (방학동,지하1층)",,한가족노래연습장,127.034854023313,37.6630149351122
서울특별시 도봉구 창동 9-1번지 대성빌딩지하1층,"서울특별시 도봉구 노해로 379 (창동,대성빌딩지하1층)",,메들리노래연습장,127.050255577194,37.6524755488884
서울특별시 도봉구 방학동 669-0번지 지1층,"서울특별시 도봉구 방학로 183 (방학동,지1층)",,올레 노래연습장,127.032332990019,37.6617613971042
서울특별시 도봉구 창동 585-118번지 지1층,"서울특별시 도봉구 우이천로 216  (창동,지1층)",,팡팡노래연습장,127.034762674103,37.6384612827571
서울특별시 도봉구 창동 543-9번지 지1층,"서울특별시 도봉구 덕릉로60다길 43 (창동,지1층)",,따봉노래연습장,127.038929217952,37.6370960704726
서울특별시 도봉구 방학동 672-34번지 지층,"서울특별시 도봉구 방학로 133 (방학동,지층)",,2000노래방,127.037312210122,37.6626265810558
서울특별시 도봉구 방학동 674-29 지층,"서울특별시 도봉구 방학로5길 17 (방학동,지층)",,SBS노래연습장,127.037799375102,37.6620495276658
서울특별시 도봉구 도봉동 603-33번지 지층,"서울특별시 도봉구 도봉로 773  (도봉동,지층)",,썬 노래연습장,127.043942361422,37.6735894083298
서울특별시 도봉구 쌍문동 98-25번지 지층,"서울특별시 도봉구 노해로60길 86  (쌍문동,지층)",,아리랑노래방,127.032973689655,37.6477103089563
서울특별시 도봉구 창동 621-54번지 지1층,"서울특별시 도봉구 도봉로110길 68  (창동,지1층)",,MBC 노래연습장,127.037374768708,37.6461159676582
서울특별시 도봉구 창동 813번지 현대아파트 상가지하동,"서울특별시 도봉구 해등로16길 12, 상가지하동 (창동,현대아파트)",,팅가팅가,127.040572917949,37.6562348415638
서울특별시 도봉구 창동 822 대림(아)상가 지층,,,팝콘노래연습장,,
서울특별시 도봉구 방학동 701-26 지1층,"서울특별시 도봉구 도당로 122 (방학동,지1층)",,태평양노래연습장,127.039845618116,37.6671002035428
서울특별시 도봉구 창동 487-27번지 지1층,"서울특별시 도봉구 우이천로4길 50  (창동,지1층)",,신창노래연습장,127.04207542832,37.6341953494062
서울특별시 도봉구 방학동 704-44 지1층,"서울특별시 도봉구 도봉로 693 (방학동,지1층)",,센스 노래연습장,127.042686492725,37.6664026615961
서울특별시 도봉구 창동 655-13,서울특별시 도봉구 도봉로 462 (창동),,팝콘노래연습장,127.034118660279,37.6468375610077
서울특별시 도봉구 방학동 704-10,서울특별시 도봉구 도당로 142 (방학동),,KBS노래연습장,127.042001244097,37.6670322425077
서울특별시 도봉구 창동 581-5번지 4통1반,서울특별시 도봉구 덕릉로57길 14  (창동),,앵콜노래방,127.037728466815,37.6395039823435
서울특별시 도봉구 창동 731-102번지 2층,"서울특별시 도봉구 도봉로 590 (창동,2층)",,퀸 노래연습장,127.040165721346,37.6572575054805
서울특별시 도봉구 방학동 657-17,서울특별시 도봉구 도당로 137 (방학동),,수 노래연습장,127.041584438088,37.6673571936529
서울특별시 도봉구 창동 655-21번지 2층,,,높은음자리 노래연습장,,
서울특별시 도봉구 창동 715-2번지,서울특별시 도봉구 해등로 145  (창동),,에코노래연습장,127.040170760491,37.6563036340377
"서울특별시 도봉구 방학동 720-33번지 213,214호 ","서울특별시 도봉구 마들로 650  (방학동,213,214호)",,도봉월드노래연습장,127.047064658894,37.6680283468222
"서울특별시 도봉구 창동 12-1번지 영진빌딩 501,502호 ","서울특별시 도봉구 노해로69길 21-11  (창동,영진빌딩 501,502호)",,뉴월드,127.050075370396,37.6531099173117
서울특별시 도봉구 창동 581-1번지,서울특별시 도봉구 덕릉로59길 9  (창동),,월드컵,127.03888739785,37.6403308901658
서울특별시 도봉구 창동 10-0번지 지1층,"서울특별시 도봉구 노해로69길 15-15  (창동,지1층)",,점보노래연습장,127.049976589031,37.6528238071177
서울특별시 도봉구 도봉동 601-52번지,서울특별시 도봉구 도봉로 787  (도봉동),,은하수 노래연습장,127.044179171177,37.6747640168111
서울특별시 도봉구 방학동 690-0번지 지1층,"서울특별시 도봉구 방학로6길 20  (방학동,지1층)",,스타노래연습장,127.037248720186,37.6639437453784
서울특별시 도봉구 도봉동 89-140번지 지1층,"서울특별시 도봉구 도봉로170길 30  (도봉동,지1층)",,퀸노래연습장,127.047160719289,37.6801196323211
서울특별시 도봉구 방학동 672-2번지 지1층,"서울특별시 도봉구 방학로7길 7  (방학동,지1층)",,스타탄생노래연습장,127.036316395226,37.6622996554691
서울특별시 도봉구 방학동 658-6 지층,"서울특별시 도봉구 도당로 117 (방학동,지층)",,팡파르 노래연습장,127.039394717469,37.6672701898217
서울특별시 도봉구 방학동 700-0번지 지1층,"서울특별시 도봉구 도당로 94 (방학동,지1층)",,애플 노래연습장,127.037366644592,37.665632146213
서울특별시 도봉구 창동 134-5번지 지1층,"서울특별시 도봉구 노해로63다길 9 (창동,지1층)",,세븐 노래연습장,127.046385867547,37.6533167596877
서울특별시 도봉구 도봉동 574-23번지,서울특별시 도봉구 도봉로181길 60  (도봉동),,팡팡노래연습장,127.042899119429,37.6849060839872
서울특별시 도봉구 도봉동 561-10,"서울특별시 도봉구 도봉로181길 6, 지층 (도봉동)",1303,풍차노래방,127.045604897044,37.6839501223041
서울특별시 도봉구 창동 651-81번지,서울특별시 도봉구 도봉로112길 14 (창동),,대박노래연습장,127.035402203023,37.6467233885878
서울특별시 도봉구 방학동 621-5번지 지층,"서울특별시 도봉구 시루봉로 228  (방학동,지층)",,스카이노래방,127.035269285774,37.6682796925989
서울특별시 도봉구 창동 135-14번지 신성B/D 지 5,"서울특별시 도봉구 노해로63다길 6  (창동,신성B/D 지 5)",,미래노래연습장,127.04679058523,37.6532092027291
서울특별시 도봉구 창동 715-8,서울특별시 도봉구 도봉로 570 (창동),,즐거운노래연습장,127.03923504158,37.655687947439
서울특별시 도봉구 방학동 690-87번지,서울특별시 도봉구 방학로6길 12  (방학동),,앵콜노래연습장,127.037388356581,37.6635000581447
서울특별시 도봉구 쌍문동 630-0번지 지1층,"서울특별시 도봉구 도봉로 585  (쌍문동,지1층)",,샤방 노래연습장,127.039373995084,37.657221733121
서울특별시 도봉구 도봉동 617-15,"서울특별시 도봉구 도봉로 763, 나동 2층 (도봉동)",1310,딸기 노래연습장,127.043750686185,37.6726307472275
서울특별시 도봉구 창동 134-36 지1층,"서울특별시 도봉구 노해로63길 79 (창동,지1층)",,스마일 코인 노래연습장,127.046291895459,37.6530884876081
서울특별시 도봉구 창동 6-0번지 지1층,"서울특별시 도봉구 마들로11가길 15  (창동,지1층)",,MBC노래방,127.049257910527,37.6526568870103
서울특별시 도봉구 쌍문동 602-0 지층,"서울특별시 도봉구 도봉로 587 (쌍문동,지층)",,첼로 노래연습장,127.039559615486,37.657415922737
서울특별시 도봉구 방학동 676,서울특별시 도봉구 방학로 117 (방학동),,LA노래연습장,127.039313172917,37.6626607090148
서울특별시 도봉구 쌍문동 100-17번지 지하,"서울특별시 도봉구 노해로60길 102  (쌍문동,지하)",,가족노래연습장,127.032617514655,37.6471198132646
서울특별시 도봉구 창동 581-71 지1층,"서울특별시 도봉구 덕릉로 251 (창동,지1층)",,K.S 노래방,127.039151077797,37.6401649316932
서울특별시 도봉구 쌍문동 96-43 지1층,"서울특별시 도봉구 도봉로 457 (쌍문동,지1층)",,SBS노래연습장,127.033254629653,37.6467757299533
서울특별시 도봉구 방학동 696-0번지 지하1층,"서울특별시 도봉구 도당로 80 (방학동,지하1층)",,시월디자인노래연습장,127.036344945016,37.6648346469578
서울특별시 도봉구 도봉동 612 지1층,"서울특별시 도봉구 시루봉로 290 (도봉동,지1층)",,SBS노래연습장,127.041091414413,37.6710913886587
서울특별시 도봉구 도봉동 601-52번지 지1층,"서울특별시 도봉구 도봉로 787  (도봉동,지1층)",,준 노래연습장,127.044179171177,37.6747640168111
서울특별시 도봉구 도봉동 617-24 지1층,"서울특별시 도봉구 도봉로 749 (도봉동,지1층)",,KBS 노래연습장,127.043524069593,37.671418743033
서울특별시 도봉구 쌍문동 45-3 지1층,"서울특별시 도봉구 도봉로133길 45 (쌍문동,지1층)",,천국 노래연습장,127.03707509342,37.6578045124081
서울특별시 도봉구 방학동 715-19번지,서울특별시 도봉구 도봉로150길 34 (방학동),,SBS 노래연습장,127.045086552662,37.6659254201564
서울특별시 도봉구 창동 655-22 지1층,"서울특별시 도봉구 도봉로110나길 25 (창동,지1층)",,팡팡노래연습장,127.03477541377,37.6473190350649
서울특별시 도봉구 쌍문동 423-48번지 지1층,"서울특별시 도봉구 삼양로 536 (쌍문동,지1층)",,974A,127.013270792541,37.6509111295818
서울특별시 도봉구 도봉동 632 지1층,"서울특별시 도봉구 마들로 728 (도봉동,지1층)",,황금 노래연습장,127.047617465037,37.6749890047892
서울특별시 도봉구 방학동 680-1 지층호,"서울특별시 도봉구 도봉로 669, 지층 (방학동)",1346,MS 노래연습장,127.042312187739,37.6643162151208
서울특별시 도봉구 방학동 702-3번지,서울특별시 도봉구 도당로 138 (방학동),1340,벤큐노래연습장,127.041614651688,37.6670664365971
서울특별시 도봉구 창동 74-16번지,"서울특별시 도봉구 노해로65길 18-0, 지층 (창동)",1405,We코인 노래연습장,127.046473323775,37.652180586111
서울특별시 도봉구 쌍문동 192-1번지,"서울특별시 도봉구 해등로 200-15, 지층 (쌍문동)",1385,Bang 코인,127.034479911505,37.6588748550747
서울특별시 도봉구 방학동 716-1,"서울특별시 도봉구 도봉로150길 31, 지층 (방학동, ESA아파트)",1332,스마일 코인노래연습장(방학점),127.045042050462,37.6663679988439
서울특별시 도봉구 창동 655-20번지,"서울특별시 도봉구 도봉로 468, 지층 (창동, 흥일빌딩)",1455,가왕코인노래연습장,127.034372618396,37.6473861862855
서울특별시 도봉구 창동 661-33번지,"서울특별시 도봉구 도봉로 492, 2층 (창동)",1453,음악대장,127.035455630968,37.6492293678813
서울특별시 도봉구 도봉동 620-25번지,서울특별시 도봉구 도봉로 735  (도봉동),,궁전노래방,127.043279608762,37.6701101596423
서울특별시 도봉구 도봉동 631-18번지 지1층,"서울특별시 도봉구 마들로 734 (도봉동,지1층)",,진 노래연습장,127.047896547893,37.6753473914247
서울특별시 도봉구 창동 557-75 2층,"서울특별시 도봉구 덕릉로54길 9 (창동,2층)",,송송 노래연습장,127.037988438989,37.6376196692553
서울특별시 도봉구 도봉동 568-57 지1층,"서울특별시 도봉구 도봉산3길 63 (도봉동,지1층)",,도봉산,127.043801548807,37.6845308554121
서울특별시 도봉구 쌍문동 96-22 지1층,"서울특별시 도봉구 노해로60길 83 (쌍문동,지1층)",,까치노래연습장,127.033242845141,37.6477924932116
서울특별시 도봉구 창동 607-47 지1층,"서울특별시 도봉구 덕릉로63가길 15 (창동,지1층)",,팡팡 노래연습장,127.039536473118,37.6434777227061
서울특별시 도봉구 방학동 677-0번지 지1층,"서울특별시 도봉구 방학로 101  (방학동,지1층)",,찬찬찬 노래연습장,127.041048322882,37.6626189431173
서울특별시 도봉구 창동 557-79번지,서울특별시 도봉구 덕릉로54길 23 (창동),,애니 노래연습장,127.038528789888,37.6372454050451
서울특별시 도봉구 도봉동 568-34 2층,"서울특별시 도봉구 도봉로181길 22 (도봉동,2층)",,킹 노래방,127.044616017727,37.6841934942898
서울특별시 도봉구 도봉동 620-31번지 620동 31호,"서울특별시 도봉구 도봉로 737, 620동 31호 (도봉동)",,블루노래방,127.043373284297,37.6703920418765
서울특별시 도봉구 도봉동 619-18번지,서울특별시 도봉구 도봉로153길 18 (도봉동),,티파니 노래연습장,127.042474556072,37.6700039564551
서울특별시 도봉구 방학동 686-26번지,서울특별시 도봉구 도봉로145길 46 (방학동),,영 노래연습장,127.040105596757,37.6647283738897
서울특별시 도봉구 방학동 633번지 지하,"서울특별시 도봉구 도당로13길 22  (방학동,지하)",,앵콜노래연습장,127.035296884561,37.6657654080945
서울특별시 도봉구 도봉동 596-18번지 2층,"서울특별시 도봉구 도봉로 821 (도봉동,2층)",,코코,127.044761237034,37.6777687427787
서울특별시 도봉구 도봉동 597-37번지 지1층,"서울특별시 도봉구 도봉로169나길 46  (도봉동,지1층)",,SBS노래연습장,127.043573242113,37.6775857483671
서울특별시 도봉구 창동 74-5 지1층,"서울특별시 도봉구 노해로63길 78 (창동,지1층)",,비젼 노래연습장,127.046332152249,37.652585903674
서울특별시 도봉구 방학동 703-56번지 지1층,"서울특별시 도봉구 도봉로 689  (방학동,지1층)",,태평양2노래연습장,127.042638537797,37.6659864258898
서울특별시 도봉구 창동 731-72번지,서울특별시 도봉구 도봉로 586  (창동),,큐 노래연습장,127.04000514919,37.6568596863776
서울특별시 도봉구 방학동 658-17번지,서울특별시 도봉구 도당로 121 (방학동),,코러스 노래방,127.03968208823,37.6673573985006
서울특별시 도봉구 쌍문동 80-49번지 2층,"서울특별시 도봉구 도봉로 517 (쌍문동,2층)",,킹노래연습장,127.036088180096,37.6516165108997
서울특별시 도봉구 도봉동 623-163 지1층,"서울특별시 도봉구 마들로 689 (도봉동,지1층)",,아리랑 노래연습장,127.046309804456,37.6717041036481
서울특별시 도봉구 방학동 690-77번지,서울특별시 도봉구 방학로 130 (방학동),,궁전노래연습장,127.037809637423,37.6630659212693
서울특별시 도봉구 창동 569-124번지 지1층,"서울특별시 도봉구 덕릉로 244 (창동,지1층)",,가요사랑 노래연습장,127.038994138248,37.6392659811392
서울특별시 도봉구 방학동 662-36 지1층,"서울특별시 도봉구 도당로 77 (방학동,지1층)",,행복노래연습장,127.035740521384,37.6648648343099
서울특별시 도봉구 쌍문동 304-14 지1층,,,꽃동네,,
서울특별시 도봉구 창동 13-3번지 2층,"서울특별시 도봉구 노해로69길 25  (창동,2층)",,사랑방 노래연습장,,
서울특별시 도봉구 쌍문동 80-18번지 2층,"서울특별시 도봉구 도봉로 519  (쌍문동,2층)",,사계절,127.036320646169,37.6519488121315
서울특별시 도봉구 창동 661-33번지 지1층,"서울특별시 도봉구 도봉로 492 (창동,지1층)",,열창,127.035455630968,37.6492293678813
서울특별시 도봉구 방학동 661-30,서울특별시 도봉구 도당로15길 9 (방학동),,골든벨,127.036593050166,37.6660003492625
서울특별시 도봉구 창동 135-28번지 지층,"서울특별시 도봉구 노해로63길 84-9  (창동,지층)",,비틀즈,127.047268829188,37.6525366988117
서울특별시 도봉구 도봉동 623-77번지,서울특별시 도봉구 도봉로156길 22  (도봉동),,땡벌,127.045548056649,37.6725691605997
서울특별시 도봉구 방학동 671번지 지층,"서울특별시 도봉구 방학로 155  (방학동,지층)",,황제노래연습장,127.034935640942,37.6623222366279
서울특별시 도봉구 창동 657-152번지,서울특별시 도봉구 도봉로114길 21 (창동),,파티 파티 노래연습장,127.035534041191,37.6475558577679
서울특별시 도봉구 방학동 716-2번지,서울특별시 도봉구 도봉로150길 27 (방학동),,와와 노래연습장,127.044752583125,37.6661908861393
서울특별시 도봉구 방학동 620-37번지 지1층,"서울특별시 도봉구 도당로13길 60 (방학동,지1층)",,고향 노래연습장,127.033919123469,37.6670278158908
서울특별시 도봉구 방학동 676-0번지 21통3반,서울특별시 도봉구 방학로 117  (방학동),,창창노래방,127.039313172917,37.6626607090148
서울특별시 도봉구 창동 601-46번지 2층,"서울특별시 도봉구 덕릉로59라길 10  (창동,2층)",,테마,127.03874355733,37.6410874942101
서울특별시 도봉구 쌍문동 199-1번지 금호상가 지1층,,,시티,,
서울특별시 도봉구 창동 581-39번지 지1층,"서울특별시 도봉구 덕릉로59길 25  (창동,지1층)",,요요노래연습장,127.038149797839,37.6407661263282
서울특별시 도봉구 방학동 690-54 2층,"서울특별시 도봉구 방학로 124 (방학동,2층)",,즐거운 노래연습장,127.038347192398,37.6630654774435
서울특별시 도봉구 방학동 690-90 지1층,"서울특별시 도봉구 방학로6길 4 (방학동,지1층)",,비엔나 노래연습장,127.037463547219,37.663144687348
서울특별시 도봉구 창동 807-0번지 쌍용종합상가 지하7호,"서울특별시 도봉구 마들로 551, 지하7호 (창동, 쌍용아파트)",1410,원(one) 노래연습장,127.048035937611,37.6594619686214
서울특별시 도봉구 도봉동 611-26,서울특별시 도봉구 도봉로153길 30 (도봉동),,수 노래연습장,127.041711756749,37.6700514400328
서울특별시 도봉구 방학동 680-25번지,서울특별시 도봉구 방학로 102  (방학동),,에쿠스 노래연습장,127.041111377118,37.6631015767575
서울특별시 도봉구 도봉동 626-134,서울특별시 도봉구 마들로 735 (도봉동),,에코 노래연습장,127.047643656956,37.6757090567985
서울특별시 도봉구 창동 14번지,서울특별시 도봉구 노해로69길 26  (창동),,스카이 노래연습장,127.05093802275,37.6536805907236
서울특별시 도봉구 쌍문동 45-6,서울특별시 도봉구 해등로 180 (쌍문동),,MS 노래연습장,127.036857259563,37.6577713344378
서울특별시 도봉구 방학동 695-18번지,서울특별시 도봉구 방학로6길 37  (방학동),,747 노래연습장,127.036377937244,37.6643917145821
서울특별시 도봉구 도봉동 619-20,서울특별시 도봉구 도봉로153길 14 (도봉동),,뮤지컬 노래연습장,127.042732069546,37.6699845824683
서울특별시 도봉구 창동 655-24번지 지층,,,왈츠 노래연습장,,
서울특별시 도봉구 도봉동 562-40 지하 1층,"서울특별시 도봉구 도봉로 879 (도봉동,지하 1층)",,OK 노래연습장,127.045605667725,37.6829868864524
서울특별시 도봉구 창동 552-21번지 지1층,"서울특별시 도봉구 덕릉로54길 8 (창동,지1층)",,세븐 노래연습장,127.037711700686,37.6374912775695
서울특별시 도봉구 창동 135-13번지 지층,"서울특별시 도봉구 노해로63다길 10  (창동,지층)",,풀타임,127.046554623903,37.6533493087801
서울특별시 도봉구 창동 13-2번지 지층 101호,"서울특별시 도봉구 마들로11길 57,  지층 101호 (창동)",,우리노래연습장,127.05015756821,37.6535060444313
서울특별시 도봉구 도봉동 596-19번지 1층,"서울특별시 도봉구 도봉로167길 3  (도봉동,1층)",,등대 노래연습장,127.044644206801,37.6778847431131
서울특별시 도봉구 도봉동 596-19번지 2층,"서울특별시 도봉구 도봉로167길 3  (도봉동,2층)",,등대투 노래연습장,127.044644206801,37.6778847431131
서울특별시 도봉구 방학동 664-9번지,서울특별시 도봉구 도당로 55  (방학동),,팝콘 노래방,127.034462398198,37.6631570448056
서울특별시 도봉구 도봉동 562-0번지 지1층,"서울특별시 도봉구 도봉로 887 (도봉동,지1층)",,MBC 노래연습장,127.045652721176,37.6837369324256
서울특별시 도봉구 방학동 664-9번지,서울특별시 도봉구 도당로 55  (방학동),,팝콘(2)노래연습장,127.034462398198,37.6631570448056
서울특별시 도봉구 방학동 447-1번지 6층,"서울특별시 도봉구 방학로 214  (방학동,6층)",,탑노래연습장,127.028254093346,37.6620975195808
서울특별시 도봉구 창동 4번지 3층,"서울특별시 도봉구 마들로11가길 13 (창동,3층)",,팡팡노래연습장,127.049203340119,37.652904680016
서울특별시 도봉구 창동 731-58번지,"서울특별시 도봉구 해등로 146, 지층 (창동)",1401,인코인노래연습장,127.040284368676,37.6566156955046
서울특별시 도봉구 쌍문동 45-15번지,"서울특별시 도봉구 해등로 176, 지층 (쌍문동)",1394,자메이카 코인 노래연습장,127.037106410224,37.6576534078895
서울특별시 도봉구 방학동 656-6번지,"서울특별시 도봉구 도당로 141, 지층 (방학동)",1351,킹콩코인노래연습장,127.041926498665,37.6673415756987
서울특별시 도봉구 도봉동 597-36,"서울특별시 도봉구 도봉로169나길 42-1, 지층 (도봉동)",1307,비트코인 노래연습장(도봉점),127.043573206634,37.6777189130576
서울특별시 도봉구 창동 585-118번지 지층,"서울특별시 도봉구 우이천로 216 (창동,지층)",,토마토 노래연습장,127.034762674103,37.6384612827571
서울특별시 도봉구 방학동 686-57번지 지층,"서울특별시 도봉구 도봉로145길 34 (방학동,지층)",,K-팝 노래연습장,127.040648936717,37.6647145830879
서울특별시 도봉구 도봉동 565-1번지 지층,"서울특별시 도봉구 도봉로181길 13  (도봉동,지층)",,럭셔리 노래연습장,127.045170763739,37.6838741567493
서울특별시 도봉구 창동 581-39 지층,"서울특별시 도봉구 덕릉로59길 25 (창동,지층)",,요요 노래연습장,127.038149797839,37.6407661263282
서울특별시 도봉구 창동 731-34번지 지층,"서울특별시 도봉구 해등로16길 7  (창동,지층)",,드림 노래연습장,127.040823902265,37.6563813447683
서울특별시 도봉구 도봉동 566-3번지 지층,"서울특별시 도봉구 도봉로181길 21  (도봉동,지층)",,센스 노래연습장,127.044666471118,37.6840116578554
서울특별시 도봉구 창동 552-48번지,"서울특별시 도봉구 덕릉로 220-0, 2층 (창동)",1477,소리샘 노래연습장,127.037389882528,37.6376121119885
서울특별시 도봉구 창동 135-14 204호,"서울특별시 도봉구 노해로63다길 6, 204호 (창동)",,물 노래연습장,127.04679058523,37.6532092027291
서울특별시 도봉구 방학동 680-2번지 지1층호,"서울특별시 도봉구 도봉로145길 5,  지1층호 (방학동)",,쎄븐 노래연습장,127.042195662831,37.6644934798063
서울특별시 도봉구 창동 135-28번지 지층 101호,"서울특별시 도봉구 노해로63길 84-9 (창동,지층 101호)",,뉴비틀즈 노래연습장,127.047268829188,37.6525366988117
서울특별시 도봉구 창동 569-123 2층,"서울특별시 도봉구 덕릉로 244-1 (창동,2층)",,쿨 노래연습장,127.03908028701,37.6393432571271
서울특별시 도봉구 창동 655-15 2층,"서울특별시 도봉구 도봉로 464 (창동,2층)",,쿨 노래연습장,127.03419454014,37.6469994457923
서울특별시 도봉구 방학동 690-79번지 지하 1층,"서울특별시 도봉구 방학로 132 (방학동,지하 1층)",,대박노래연습장,127.037549973923,37.6630470836118
서울특별시 도봉구 도봉동 568-33번지 지층,서울특별시 도봉구 도봉로181길 18 (도봉동),1303,게코 노래연습장,127.044903275309,37.6841625718239
서울특별시 도봉구 창동 578-5,"서울특별시 도봉구 덕릉로 223, 2층 (창동)",1471,카라 노래연습장,127.037330665726,37.6381409188252
서울특별시 도봉구 방학동 696-13,"서울특별시 도봉구 도당로 90, 지층 (방학동)",1342,대박 노래연습장,127.036903264953,37.6653145161836
서울특별시 도봉구 방학동 695-18번지 2층호,서울특별시 도봉구 방학로6길 37 (방학동),1343,747 노래연습장,127.036377937244,37.6643917145821
서울특별시 도봉구 창동 655-22번지,서울특별시 도봉구 도봉로110나길 25 (창동),1455,팡팡노래연습장,127.03477541377,37.6473190350649
서울특별시 도봉구 창동 501-20번지 지1층,"서울특별시 도봉구 우이천로4길 31  (창동,지1층)",,네박자 노래연습장,127.041107174419,37.6340960417198
서울특별시 도봉구 쌍문동 96-26번지 2층,"서울특별시 도봉구 도봉로 467 (쌍문동,2층)",,최신노래연습장,127.033646804049,37.6475344271176
서울특별시 도봉구 도봉동 561-11번지 지하,"서울특별시 도봉구 도봉로 891 (도봉동,지하)",,오란다,127.045739057138,37.6840240406338
서울특별시 도봉구 방학동 703-16번지 지하,"서울특별시 도봉구 도봉로145나길 12 (방학동,지하)",,퀸노래연습장,127.042090564851,37.6652379077218
서울특별시 도봉구 쌍문동 192-4번지 2층,"서울특별시 도봉구 해등로 200 (쌍문동,2층)",,필노래연습장,127.034530737769,37.6582581181515
서울특별시 도봉구 창동 601-25번지 지1층,"서울특별시 도봉구 덕릉로59길 6  (창동,지1층)",,하트노래연습장,127.039115153473,37.6403664037678
서울특별시 도봉구 방학동 654-19 지1층,"서울특별시 도봉구 도당로 145 (방학동,지1층)",,즐거운노래연습장,127.042520040314,37.6672787450874
서울특별시 도봉구 방학동 689-27번지,서울특별시 도봉구 방학로2길 11 (방학동),,친구노래방,127.040782983819,37.663411357954
서울특별시 도봉구 도봉동 620-0번지 지1층,"서울특별시 도봉구 시루봉로 306 (도봉동,지1층)",,오렌지 노래연습장,127.043134330014,37.6711453487247
서울특별시 도봉구 방학동 620-18번지 지1층,"서울특별시 도봉구 시루봉로 220  (방학동,지1층)",,은하수노래방,127.034505516055,37.6679167333215
서울특별시 도봉구 창동 557-5,서울특별시 도봉구 덕릉로 222 (창동),,용궁노래방,127.037625298928,37.6378039469551
서울특별시 도봉구 쌍문동 423-18번지 25통5반 지1층,"서울특별시 도봉구 삼양로144길 3  (쌍문동,지1층)",,맨하탄노래방,127.013157826643,37.6516226484899
서울특별시 도봉구 창동 557-65번지 지1층,"서울특별시 도봉구 덕릉로54길 7 (창동,지1층)",,하모니 노래연습장,127.037836757238,37.6376671999064
서울특별시 도봉구 창동 557-9,서울특별시 도봉구 덕릉로 236 (창동),,오페라노래연습장,127.038510983653,37.6387460013087
서울특별시 도봉구 방학동 672-31 지1층,"서울특별시 도봉구 방학로5길 10 (방학동,지1층)",,지구노래연습장,127.03739615016,37.662317247623
서울특별시 도봉구 도봉동 597-36번지,"서울특별시 도봉구 도봉로169나길 42-1, 지층 (도봉동)",1307,도봉코인노래연습장,127.043573206634,37.6777189130576
서울특별시 도봉구 도봉동 561-7,"서울특별시 도봉구 도봉로181길 8, 지층 (도봉동)",1303,팝콘 노래연습장,127.045469024742,37.6840423448057
서울특별시 도봉구 쌍문동 423-48 지민빌딩,"서울특별시 도봉구 삼양로 536, 지민빌딩 지층 (쌍문동)",1368,코인홀릭 코인노래연습장 덕성여대점,127.013270792541,37.6509111295818
서울특별시 도봉구 창동 12-1,"서울특별시 도봉구 노해로69길 21-11, 2층 (창동)",1414,#아레나 노래연습장,127.050075370396,37.6531099173117
서울특별시 도봉구 창동 823번지 금호어울림아파트상가 2층,,,샾 노래연습장,,
서울특별시 도봉구 도봉동 596-15 지층,"서울특별시 도봉구 도봉로165길 8 (도봉동,지층)",,마루노래연습장,127.044468079375,37.6775594661848
서울특별시 도봉구 방학동 701-35번지 지층,"서울특별시 도봉구 도당로 130 (방학동,지층)",,맘모스 노래연습장,127.040789432183,37.6671178104486
서울특별시 도봉구 창동 659-32번지 지층,"서울특별시 도봉구 도봉로110나길 31 (창동,지층)",,캉캉노래연습장,127.034969423959,37.6476012558533
서울특별시 도봉구 방학동 661-1 지층,"서울특별시 도봉구 도당로 81 (방학동,지층)",,쌩큐노래연습장,127.036020942905,37.6651410798294
서울특별시 도봉구 방학동 670-14 하나빌딩 지층동,"서울특별시 도봉구 방학로 159, 지층동 (방학동,하나빌딩)",,K2노래연습장,127.034447487498,37.6622836380009
서울특별시 도봉구 창동 5번지 다모아빌딩 404호,"서울특별시 도봉구 마들로11가길 12  (창동,다모아빌딩 404호)",,빙고노래연습장,127.048802690211,37.6528132165075
서울특별시 도봉구 쌍문동 631-3 지층,"서울특별시 도봉구 도봉로 581 (쌍문동,지층)",,SBS노래연습장,127.039323680367,37.6570120913861
서울특별시 도봉구 도봉동 565번지,서울특별시 도봉구 도봉로181길 15  (도봉동),,스타노래연습장,127.044960509031,37.6839458648362
서울특별시 도봉구 창동 135-28번지 지층,"서울특별시 도봉구 노해로63길 84-9  (창동,지층)",,비틀즈 노래연습장,127.047268829188,37.6525366988117
서울특별시 도봉구 쌍문동 19-15 다보빌딩 3층,"서울특별시 도봉구 도당로 14 (쌍문동,다보빌딩 3층)",,O2노래연습장,127.035163698697,37.6594959702199
서울특별시 도봉구 쌍문동 96-28번지 2층,"서울특별시 도봉구 도봉로 463-1  (쌍문동,2층)",,스피드노래연습장,127.033498612569,37.6473307569141
서울특별시 도봉구 쌍문동 638 2층,"서울특별시 도봉구 해등로 161 (쌍문동,2층)",,커플 노래연습장,127.038464142509,37.6568893006367
서울특별시 도봉구 창동 9번지 한국빌딩 지층,"서울특별시 도봉구 노해로67길 2  (창동,한국빌딩 지층)",,레인보우 노래연습장,127.050028339319,37.6524302359464
서울특별시 도봉구 방학동 672-25 지층,"서울특별시 도봉구 방학로 137 (방학동,지층)",,샾 노래연습장,127.037014012845,37.662605231652
서울특별시 도봉구 창동 552-21번지,서울특별시 도봉구 덕릉로54길 8  (창동),,OK노래연습장,127.037711700686,37.6374912775695
서울특별시 도봉구 방학동 703-21,서울특별시 도봉구 도봉로145길 8 (방학동),,루팡 노래연습장,127.042102633443,37.6647325432745
서울특별시 도봉구 창동 333-2번지 지1층,"서울특별시 도봉구 노해로65길 11  (창동,지1층)",,서라벌 노래방,127.046193194873,37.6518116535822
서울특별시 도봉구 쌍문동 69-36번지 지1층,"서울특별시 도봉구 도봉로125길 75 (쌍문동,지1층)",,와와 노래연습장,127.036818454363,37.6558404518518
서울특별시 도봉구 방학동 629-1,서울특별시 도봉구 도당로13길 52 (방학동),,일번지 노래연습장,127.034143441422,37.6668088128997
서울특별시 도봉구 도봉동 619-20번지 지1층,"서울특별시 도봉구 도봉로153길 14  (도봉동,지1층)",,까치,127.042732069546,37.6699845824683
서울특별시 도봉구 방학동 280-7번지,서울특별시 도봉구 방학로 192 (방학동),,공간,127.030855447811,37.6623100399717
서울특별시 도봉구 창동 560-36번지 지층,"서울특별시 도봉구 덕릉로60다길 21  (창동,지층)",,궁전노래방,127.039636754377,37.6379419499396
서울특별시 도봉구 방학동 697-2 지층,"서울특별시 도봉구 방학로6길 30 (방학동,지층)",,악쓰는하마,127.036964849706,37.6642547632104
서울특별시 도봉구 방학동 696-19 2층,"서울특별시 도봉구 도당로 92 (방학동,2층)",,별노래연습장,127.037169132341,37.6654853487563
서울특별시 도봉구 방학동 632-58번지,서울특별시 도봉구 도당로13길 15 (방학동),,도깨비 노래연습장,127.035334324739,37.6653668931008
서울특별시 도봉구 창동 135-14번지,서울특별시 도봉구 노해로63다길 6  (창동),,사랑방 노래연습장,127.04679058523,37.6532092027291
서울특별시 도봉구 쌍문동 627-0번지 지1층,"서울특별시 도봉구 도봉로133길 9 (쌍문동,지1층)",,MBC 노래연습장,127.039087653089,37.6572922851424
서울특별시 도봉구 방학동 651-35번지 지1층,"서울특별시 도봉구 도당로27길 48 (방학동,지1층)",,럭키 노래연습장,127.041067864224,37.6694936890142
서울특별시 도봉구 창동 715-28번지 5층,"서울특별시 도봉구 해등로 129  (창동,5층)",,썬노래연습장,127.040436964996,37.6550518985483
서울특별시 도봉구 쌍문동 217-3번지 지1층,"서울특별시 도봉구 해등로26길 21  (쌍문동,지1층)",,파티 노래연습장,127.032696274346,37.6590261872914
서울특별시 도봉구 방학동 662-26번지 2층,"서울특별시 도봉구 도당로 75  (방학동,2층)",,도레미노래방,127.035389753704,37.6649014297959
서울특별시 도봉구 방학동 715 2층,"서울특별시 도봉구 도봉로150길 28 (방학동,2층)",,두배로노래연습장,127.044716380663,37.6659242996967
서울특별시 도봉구 방학동 705-1번지 2층,"서울특별시 도봉구 도봉로 728  (방학동,2층)",,큐 노래 연습장,127.043857993293,37.6692947392108
서울특별시 도봉구 쌍문동 36-5번지 지1층,"서울특별시 도봉구 방학로3길 102 (쌍문동,지1층)",,팡팡 노래연습장,127.038838868495,37.6587572737742
서울특별시 도봉구 방학동 703-65 지층,"서울특별시 도봉구 도봉로 675 (방학동,지층)",,OK노래연습장,127.0423790577,37.6647154157462
서울특별시 도봉구 창동 655-12,서울특별시 도봉구 도봉로 460-1 (창동),1455,아트 노래연습장,127.034078514825,37.6467652236262
서울특별시 도봉구 창동 13-2 EQ빌딩,"서울특별시 도봉구 마들로11길 57, EQ빌딩 B101호 (창동)",1414,슈노래연습장,127.05015756821,37.6535060444313
서울특별시 도봉구 도봉동 575-7,"서울특별시 도봉구 도봉로181길 41, 2층 (도봉동)",1304,엔젤스 코인노래연습장 도봉점,127.043471536797,37.684346367161
서울특별시 도봉구 창동 74-4번지 지1층,"서울특별시 도봉구 노해로63길 84-4  (창동,지1층)",,별노래방,127.04660633588,37.65268364239
서울특별시 도봉구 쌍문동 100-17번지 지1층,"서울특별시 도봉구 노해로60길 102  (쌍문동,지1층)",,가족노래방,127.032617514655,37.6471198132646
서울특별시 도봉구 방학동 664-9번지,서울특별시 도봉구 도당로 55  (방학동),,팝콘노래방,127.034462398198,37.6631570448056
서울특별시 도봉구 쌍문동 103-24번지 지1층,"서울특별시 도봉구 도봉로109길 11  (쌍문동,지1층)",,한양 노래방,127.032607458599,37.6466671618778
서울특별시 도봉구 도봉동 561-11번지 지1층,"서울특별시 도봉구 도봉로 891  (도봉동,지1층)",,신나는,127.045739057138,37.6840240406338
서울특별시 도봉구 방학동 703-16번지 지1층,"서울특별시 도봉구 도봉로145나길 12  (방학동,지1층)",,만남,127.042090564851,37.6652379077218
서울특별시 노원구 공릉동 323-11 지층,"서울특별시 노원구 동일로 1095, 지층 (공릉동)",1852,토마토,127.071663729948,37.6277019180959
서울특별시 노원구 상계동 389-355번지 지하,"서울특별시 노원구 한글비석로23길 38, 지층 (상계동)",1682,노다지노래연습장,127.07088953315,37.6591561877939
서울특별시 노원구 공릉동 398-21 지하,"서울특별시 노원구 동일로 1061, 지층 (공릉동, 남경빌딩)",1857,코리아나노래연습장,127.072968062631,37.6246833540824
서울특별시 노원구 중계동 142-3 2층호,"서울특별시 노원구 덕릉로83길 6, 2층 (중계동)",1662,MS 노래연습장,127.075043966683,37.660018380053
서울특별시 노원구 공릉동 566-9,"서울특별시 노원구 동일로180길 17, 지하층 (공릉동)",1845,도깨비 노래연습장,127.075278728314,37.6224531309862
서울특별시 노원구 상계동 324-4,"서울특별시 노원구 노해로85길 14, 지층 (상계동)",1695,썬,127.065268919304,37.6560678024865
서울특별시 노원구 공릉동 208-18번지 202호,"서울특별시 노원구 공릉로 208, 202호 (공릉동)",1814,락휴,127.077780007937,37.6282707117848
서울특별시 노원구 상계동 1117-16 SN타워 202호,"서울특별시 노원구 동일로242가길 22, 202호 (상계동, SN타워)",1625,팡팡 노래연습장,127.056028731455,37.6768114134294
서울특별시 노원구 중계동 154-15번지,"서울특별시 노원구 덕릉로83길 26, 지층 (중계동)",1662,럭셔리 노래연습장,127.074066323885,37.6603183940862
서울특별시 노원구 상계동 593-1번지 302호,"서울특별시 노원구 상계로3길 21, 3층 302호 (상계동)",1693,스타동전 노래연습장,127.062275580083,37.6572141183604
서울특별시 노원구 월계동 47-13 지층,"서울특별시 노원구 석계로 4, 지층 (월계동)",1895,악쓰는하마 코인 노래연습장,127.064782434157,37.6153793082007
서울특별시 노원구 상계동 332-8,"서울특별시 노원구 노해로81길 12-21, 4층 (상계동)",1695,악쓰는 하마,127.063400497207,37.6557798765077
서울특별시 노원구 중계동 142-35,"서울특별시 노원구 한글비석로20길 38, 지층 (중계동)",1662,청개구리노래연습장,127.074290524104,37.6608022602873
서울특별시 노원구 상계동 48-1 (2층),"서울특별시 노원구 덕릉로126길 48, 2층 (상계동)",1643,짱,127.08311754447,37.6720486251052
서울특별시 노원구 월계동 59-3번지,"서울특별시 노원구 석계로 9, 4층 (월계동, 성문내과)",1902,심포니,127.064437714692,37.615707276481
서울특별시 노원구 공릉동 382-23번지,"서울특별시 노원구 동일로191길 28, 지층 (공릉동)",1853,즐거운,127.071377694405,37.6250994114601
서울특별시 노원구 상계동 1119-36번지,서울특별시 노원구 동일로 1644 (상계동),1630,수락,127.055575761515,37.6751482401534
서울특별시 노원구 중계동 360-14번지 (지하),"서울특별시 노원구 한글비석로 227, 지층 (중계동, 이진빌딩)",1743,MC,127.076251603698,37.6479118263804
서울특별시 노원구 상계동 963-27 (지하),"서울특별시 노원구 동일로 1593, 지층 (상계동, 서원상가)",1616,딩동댕,127.055778970548,37.6707082070833
서울특별시 노원구 월계동 64-18 지하,"서울특별시 노원구 석계로 15, 지층 (월계동)",1902,놀러와 노래연습장,127.064303872811,37.616144689183
서울특별시 노원구 중계동 154-41번지 지하,"서울특별시 노원구 덕릉로83길 15, 지층 (중계동)",1662,킹노래연습장,127.074430798468,37.6598620878697
서울특별시 노원구 상계동 349-28 2층,"서울특별시 노원구 노해로85길 15-7, 2층 (상계동)",1695,궁,127.065509661031,37.6563685069535
서울특별시 노원구 상계동 156-143 1층,"서울특별시 노원구 한글비석로24길 56, 1층 (상계동)",1663,K-1노래연습장,127.073258497008,37.6628618279185
서울특별시 노원구 공릉동 398-27번지,"서울특별시 노원구 동일로 1063, 2층 (공릉동)",1857,해성노래연습장,127.072920488967,37.624918541058
서울특별시 노원구 월계동 68-79 지하,"서울특별시 노원구 석계로7길 4, 지층 (월계동)",1902,썸 노래연습장,127.063907031859,37.6167214470894
서울특별시 노원구 상계동 349-24 지하,서울특별시 노원구 상계로 96-0 (상계동),1695,로또,127.065555570438,37.6566402176287
서울특별시 노원구 중계동 141-40 지하1층,"서울특별시 노원구 한글비석로22길 18, 지층 (중계동)",1662,초이스 노래연습장,127.073424691032,37.6603741154768
서울특별시 노원구 월계동 47-3번지 한주빌딩5층,"서울특별시 노원구 석계로3길 3, 5층 (월계동, 한주빌딩)",1902,락 노래연습장,127.064332704491,37.6155596617944
서울특별시 노원구 상계동 169-264,"서울특별시 노원구 한글비석로23길 39, 지층 (상계동)",1683,금잔디 노래연습장,127.071117242227,37.659066673356
서울특별시 노원구 상계동 749-10,"서울특별시 노원구 동일로 1370, 지층 (상계동, 현대프라자빌딩)",1756,필 노래연습장,127.061845828421,37.6509128734287
서울특별시 노원구 상계동 169-147번지 2층,"서울특별시 노원구 한글비석로23길 34, 2층 (상계동)",1682,황금 노래연습장,127.070949591159,37.6593868029702
서울특별시 노원구 중계동 154-30번지,"서울특별시 노원구 한글비석로20길 16, 지층 (중계동)",1662,킹콩,127.073843870102,37.6598784942207
서울특별시 노원구 월계동 68-20,"서울특별시 노원구 석계로 21, 지층 (월계동)",1902,오디션,127.064136815562,37.6166826700344
서울특별시 노원구 상계동 366-13 지층,"서울특별시 노원구 상계로 96-1, 지층 (상계동)",1695,발리 노래연습장,127.065745113539,37.6567091273636
서울특별시 노원구 상계동 328-6 4층,"서울특별시 노원구 노해로83길 10-4, 4층 (상계동)",1695,하트,127.064597827562,37.6557032741273
서울특별시 노원구 중계동 154-17 2층,"서울특별시 노원구 덕릉로83길 20-5, 2층 (중계동)",1662,케이팝,127.074276928102,37.6603512375802
서울특별시 노원구 상계동 594-2,"서울특별시 노원구 상계로5길 31, 5층 (상계동)",1693,프리미엄청개구리 노래연습장,127.063002136433,37.6568270310995
서울특별시 노원구 상계동 602-3,"서울특별시 노원구 상계로 65, B02호, B03호 (상계동)",1693,조아코인 노래연습장,127.062249590194,37.6563543249568
서울특별시 노원구 월계동 61-10번지 (지하),"서울특별시 노원구 석계로 12, 지층 (월계동)",1895,라이브노래방,127.064633685036,37.6158642115638
서울특별시 노원구 상계동 389-595번지 2층,"서울특별시 노원구 한글비석로31길 27, 2층 (상계동, 진영빌딩)",1682,영상노래연습장,127.069442880921,37.6606297926415
서울특별시 노원구 공릉동 567-5번지,서울특별시 노원구 동일로 1032 (공릉동),1845,물방아,127.07442041985,37.6223143828035
서울특별시 노원구 상계동 169-174 (3층),"서울특별시 노원구 상계로 135, 3층 (상계동, 들무새교회)",1684,요기요,127.069518404775,37.6584894665077
서울특별시 노원구 공릉동 584-2번지,"서울특별시 노원구 동일로180길 24, 지하층 (공릉동)",1848,해피 노래연습장,127.075662646292,37.6223705352101
서울특별시 노원구 중계동 606번지 지층호,"서울특별시 노원구 덕릉로83길 5, 지층 (중계동)",1662,코코 노래연습장,127.075020979461,37.6596995373339
서울특별시 노원구 상계동 1120-27,"서울특별시 노원구 동일로242길 23, 지층 (상계동)",1626,팝콘 노래연습장,127.056834245967,37.6756180416625
서울특별시 노원구 상계동 616-1 3층,"서울특별시 노원구 노해로81길 12-15, 3층 (상계동)",1695,락휴 노래연습장,127.063095172733,37.6557494969152
서울특별시 노원구 공릉동 338-26,"서울특별시 노원구 공릉로 137, 2층 (공릉동)",1837,쏭쏭 노래방,127.079082259164,37.6224422640289
서울특별시 노원구 중계동 154 지층,"서울특별시 노원구 한글비석로20길 32, 지층 (중계동)",1662,SBS,127.074216505012,37.6605619250583
서울특별시 노원구 월계동 61-9,"서울특별시 노원구 석계로 12-1, 지하층 (월계동)",1895,필 노래연습장,127.064602958158,37.6159580212655
서울특별시 노원구 상계동 1131-6,"서울특별시 노원구 동일로242가길 52, 2층 (상계동)",1625,스타 노래연습장,127.055884751891,37.6783018809437
서울특별시 노원구 상계동 725 (지하),"서울특별시 노원구 동일로218길 25, 지층 (상계동, 석창빌딩)",1751,은하수,127.062249526557,37.6539704160628
서울특별시 노원구 중계동 502번지 503-1시영1단지b상가지하,"서울특별시 노원구 섬밭로 316 (중계동, 시영1단지b상가지하)",1777,신바람노래연습장,127.063052005752,37.6439662833968
서울특별시 노원구 상계동 65-5번지 지하,"서울특별시 노원구 상계로 320, 지층 (상계동, 불암빌딩)",1637,썬 노래연습장,127.080774845468,37.6702915403602
서울특별시 노원구 월계동 50-29번지 지층,"서울특별시 노원구 화랑로 325, 지층 (월계동, 우현빌딩)",1904,JK노래연습장,127.064043360012,37.6149530035255
서울특별시 노원구 상계동 617번지 2층,"서울특별시 노원구 상계로 64, 2층 (상계동, 화랑빌딩)",1695,코인별 노래연습장,127.062277905261,37.6557918268818
서울특별시 노원구 공릉동 653-4 지하,"서울특별시 노원구 공릉로20길 4 (공릉동, 지하)",1803,여왕 노래연습장,127.078640163094,37.6192308997295
서울특별시 노원구 월계동 410-7번지 지하,"서울특별시 노원구 석계로 103, 지하호 (월계동, 동우빌딩)",1893,J코인 노래연습장,127.060712349808,37.6228376867667
서울특별시 노원구 공릉동 440-10,"서울특별시 노원구 공릉로 221, 2층 (공릉동)",1833,케이팝코인 노래연습장,127.076926380319,37.6288960152578
서울특별시 노원구 상계동 111-111번지 2층,"서울특별시 노원구 상계로 301-1, 2층 (상계동)",1635,신앗싸 노래연습장,127.078661772791,37.6704603705757
서울특별시 노원구 월계동 47-17 (지하),"서울특별시 노원구 석계로 8-1, 지층 (월계동)",1895,25시,127.064695026076,37.615677493182
서울특별시 노원구 상계동 101-177 (지하),"서울특별시 노원구 덕릉로 795, 지층 (상계동)",1638,한마음,127.079104514056,37.668008868263
서울특별시 노원구 월계동 411-4,"서울특별시 노원구 석계로 101, 2층 (월계동, 북부농협)",1893,스타노래연습장,127.060937824443,37.6229069465559
서울특별시 노원구 상계동 357-8 2층,"서울특별시 노원구 상계로5길 26, 2층 (상계동)",1693,락휴,127.063254867375,37.6571079121252
서울특별시 노원구 상계동 65-7번지 지층,"서울특별시 노원구 덕릉로 823, 지층 (상계동)",1637,월드컵노래방,127.080633953793,37.6700813480645
서울특별시 노원구 월계동 46-13,"서울특별시 노원구 화랑로 335, 4층 (월계동)",1895,팡팡노래연습장,127.064982783543,37.6151019639314
서울특별시 노원구 상계동 72-95,"서울특별시 노원구 덕릉로 824, 2층 (상계동)",1644,판타스틱 코인노래연습장,127.081225505529,37.6700747254168
서울특별시 노원구 상계동 76-9번지 재원빌딩,"서울특별시 노원구 덕릉로 814, 재원빌딩 지층 (상계동)",1644,럭셔리노래연습장,127.080589613615,37.6693277987565
서울특별시 노원구 상계동 717번지 삼성빌딩,"서울특별시 노원구 노해로 495, 삼성빌딩 지층 (상계동)",1695,시그니처코인노래연습장,127.063089199491,37.6551188125687
서울특별시 노원구 상계동 1113-57,"서울특별시 노원구 동일로241가길 6, 지층 (상계동)",1606,자메이카 코인노래연습장 수락산점,127.054612963193,37.6765923287223
서울특별시 노원구 공릉동 633-15번지 경동상가,"서울특별시 노원구 공릉로 101, 경동상가 (공릉동)",1849,청춘 노래연습장,127.077841683528,37.6193014358931
서울특별시 노원구 월계동 942 월계역신도브래뉴,"서울특별시 노원구 월계로 338, 2층 (월계동, 월계역신도브래뉴)",1885,팝스타 코인노래연습장,127.058073069629,37.6292922424687
"서울특별시 노원구 중계동 506 브라운스톤중계 2층 228, 229호 ","서울특별시 노원구 동일로203가길 29, 2층 228, 229호 (중계동, 브라운스톤중계)",1779,세븐스타코인노래연습장 중계점,127.06428375943,37.6398759609875
서울특별시 노원구 상계동 617 화랑상가,"서울특별시 노원구 노해로79길 6-19, 화랑상가 지층호 (상계동)",1695,투에이스 코인 노래연습장,127.062451047074,37.6554979250604
서울특별시 노원구 중계동 154-32 지층,"서울특별시 노원구 한글비석로20길 10, 지층 (중계동)",1662,골드문 노래연습장,127.07371762424,37.6596549495786
서울특별시 노원구 중계동 364-20 그린코아상가 B02호,"서울특별시 노원구 한글비석로 250, 그린코아상가 B02호 (중계동)",1734,판타스틱 코인노래연습장 중계점,127.077011970264,37.6500289131025
서울특별시 노원구 상계동 101-180 지층,"서울특별시 노원구 덕릉로 789, 지층 (상계동)",1638,와우 노래연습장,127.078754520703,37.6675921288169
서울특별시 노원구 공릉동 494-11 세종빌딩,"서울특별시 노원구 동일로 1045, 세종빌딩 지하1층 (공릉동)",1857,코코,127.073411876507,37.6234059297882
서울특별시 노원구 공릉동 208-5,"서울특별시 노원구 공릉로 198, 지층 (공릉동)",1814,리코스타코인 노래연습장 과기대점,127.078601108937,37.6274300879998
서울특별시 노원구 상계동 367-2 광복빌딩 지층,"서울특별시 노원구 상계로 98, 광복빌딩 지층 (상계동)",1695,명작 노래연습장,127.065871190478,37.6566458981912
서울특별시 노원구 공릉동 395-8,"서울특별시 노원구 동일로 1066, 지층 (공릉동)",1842,첼로 노래연습장,127.073431821839,37.6252572652872
서울특별시 노원구 중계동 154-31번지,"서울특별시 노원구 한글비석로20길 14, 지층 (중계동)",1662,탑 노래연습장,127.073780654431,37.6597876247461
서울특별시 노원구 상계동 332-3,"서울특별시 노원구 노해로81길 22-22, 지층 (상계동)",1695,팡팡 노래연습장,127.063754864032,37.6559102378314
서울특별시 노원구 공릉동 441-91 지층 B01호,"서울특별시 노원구 공릉로 191-4, 지층 B01호 (공릉동)",1834,썸 노래연습장,127.07867755799,37.6269844992523
서울특별시 노원구 상계동 598-2 (지하),"서울특별시 노원구 상계로 70, 지층 (상계동, 화랑빌딩)",1695,준노래연습장,127.062768782263,37.6560029371167
서울특별시 노원구 공릉동 400-32 (지하),"서울특별시 노원구 동일로173가길 148, 지층 (공릉동)",1857,팡팡 노래연습장,127.071806733088,37.6247998433269
서울특별시 노원구 월계동 62-3 지하,"서울특별시 노원구 석계로 11, 지층 (월계동)",1902,짱노래연습장,127.064404529069,37.6158396497738
서울특별시 노원구 상계동 1120-31 지하,"서울특별시 노원구 동일로242길 25, 지층 (상계동, 재성빌딩)",1626,귀빈노래연습장,127.056974075564,37.6755510314488
서울특별시 노원구 중계동 154-25,"서울특별시 노원구 덕릉로83길 14-7, 지층 (중계동, 희재빌딩)",1662,명 노래연습장,127.07467480747,37.6603206232995
서울특별시 노원구 공릉동 441-136,"서울특별시 노원구 동일로192길 85, 지층 (공릉동)",1833,허스키노래연습장,127.077393797652,37.6276991097115
서울특별시 노원구 공릉동 424-8번지,"서울특별시 노원구 공릉로 199, 지층 (공릉동, 유성빌딩)",1834,애플,127.078327140426,37.6272728678546
서울특별시 노원구 상계동 963-1 2층,"서울특별시 노원구 동일로 1595, 2층 (상계동)",1616,블루,127.055696156352,37.6709178141373
서울특별시 노원구 상계동 1118-38번지,"서울특별시 노원구 동일로239가길 22, 지층 (상계동, 한올빌딩)",1608,황진이 노래연습장,127.054845931436,37.6761566873541
서울특별시 노원구 공릉동 441-145번지 지층,"서울특별시 노원구 동일로192길 83, 지층 (공릉동)",1833,VIP노래연습장,127.077197965689,37.6275129140111
서울특별시 노원구 중계동 364-24번지,"서울특별시 노원구 중계로 201, 지층 (중계동)",1734,O₂노래연습장,127.077782301891,37.650467997279
서울특별시 노원구 상계동 93-8번지 지하,"서울특별시 노원구 덕릉로 771, 지층 (상계동, 상계동교회)",1640,황금,127.077749095853,37.6662222244933
서울특별시 노원구 월계동 383-21번지 지하,"서울특별시 노원구 광운로 61, 지층 (월계동, 국민은행)",1892,환타지아,127.059896839864,37.6230700176402
서울특별시 노원구 상계동 366-3 위너스빌딩(지하),"서울특별시 노원구 상계로 97, 지층 (상계동, 노원위너스빌딩)",1691,올래 노래연습장,127.065665868534,37.6570616356487
서울특별시 노원구 월계동 55-3 지하,"서울특별시 노원구 석계로3길 16, 지층 (월계동)",1902,킹카 노래연습장,127.063933091898,37.6159380237475
서울특별시 노원구 상계동 1117-68번지 지하,"서울특별시 노원구 동일로242가길 16, 지층 (상계동, 은혜선교유아교실)",1625,노원노래연습장,127.056017330175,37.6765734702975
서울특별시 노원구 월계동 556번지 월계1단지주공아파트복합상가,"서울특별시 노원구 월계로49길 5, 지층 (월계동, 월계1단지주공아파트)",1880,궁노래연습장,127.056189741784,37.6293440600851
서울특별시 노원구 상계동 156-143 2층,"서울특별시 노원구 한글비석로24길 56, 2층 (상계동)",1663,K-1노래연습장,127.073258497008,37.6628618279185
서울특별시 노원구 상계동 617번지 2층,"서울특별시 노원구 상계로 64 (상계동, 화랑빌딩)",1695,별노래연습장,127.062277905261,37.6557918268818
서울특별시 노원구 중계동 154-23번지,"서울특별시 노원구 덕릉로83길 16, 지층 (중계동)",1662,팝콘노래연습장,127.07456850641,37.6600986887251
서울특별시 노원구 상계동 602-18 2층,"서울특별시 노원구 상계로3길 9, 2층 (상계동, 성광빌딩)",1693,더샾노래연습장,127.06221518856,37.6566853639068
서울특별시 노원구 공릉동 441-19번지 세림빌딩(지하),"서울특별시 노원구 공릉로 207, 지층 (공릉동, 세림빌딩)",1833,영순이 노래연습장,127.077654342837,37.6279118416065
서울특별시 노원구 중계동 154-20번지,"서울특별시 노원구 덕릉로83길 20-4, 지층 (중계동)",1662,로데오노래연습장,127.074519071543,37.6603033328447
서울특별시 노원구 월계동 58-6번지,"서울특별시 노원구 석계로3길 10, 지층 (월계동)",1902,팝콘노래연습장,127.064114695854,37.6158529620278
서울특별시 노원구 상계동 1131-5 2층,"서울특별시 노원구 동일로246길 12, 2층 (상계동, 서울해장국)",1625,SBS노래연습장,127.056003935715,37.6785095901011
서울특별시 노원구 공릉동 441-22 지층,"서울특별시 노원구 동일로192길 91, 지층 (공릉동)",1833,엣지코인 노래연습장,127.077782501543,37.6277284965685
"서울특별시 노원구 중계동 154-16, 2층 ","서울특별시 노원구 덕릉로83길 22, 2층 (중계동)",1662,아지트 코인노래연습장,127.074209796325,37.6601982030916
서울특별시 노원구 월계동 55-7번지 지층,"서울특별시 노원구 석계로3길 21, 지층 (월계동)",1902,노다지 노래연습장,127.063505656195,37.6159688881465
서울특별시 노원구 상계동 323-9번지,"서울특별시 노원구 노해로85길 10-2, 2층 (상계동, 백영빌딩)",1695,뱅크,127.065330490291,37.6558491000452
서울특별시 노원구 월계동 379-45 (지하),"서울특별시 노원구 광운로 66-1, 지층 (월계동)",1886,짱,127.060294553538,37.6232132522452
서울특별시 노원구 상계동 326-2,"서울특별시 노원구 노해로83길 10-11, 지층 (상계동, 영창빌딩)",1695,핫 노래연습장,127.0649427189,37.6560121216298
서울특별시 노원구 중계동 505-0번지 롯데상가지하 31-1호,"서울특별시 노원구 섬밭로 263, 지층 31-1호 (중계동, 롯데상가)",1774,딩동댕 노래연습장,127.06381950095,37.6391399283859
서울특별시 노원구 상계동 693-4 4층,"서울특별시 노원구 상계로 59, 4층 (상계동, 동익빌딩)",1694,탈렌트노래연습장,127.06151518884,37.6561602782805
서울특별시 노원구 상계동 335-0 지하,"서울특별시 노원구 상계로 76, 지층 (상계동, 정암빌딩)",1695,앗싸노래연습장,127.063442617087,37.6561357418001
서울특별시 노원구 상계동 1119-95,"서울특별시 노원구 동일로242가길 9, 지층 (상계동, 수연빌딩)",1625,탑,127.055676315367,37.6763726233535
서울특별시 노원구 상계동 328-8번지,"서울특별시 노원구 노해로83길 10-2, 지층 (상계동, 한성빌딩)",1695,장터노래연습장,127.064464972554,37.6556596491696
서울특별시 노원구 상계동 1117-38 지하,"서울특별시 노원구 동일로242나길 14, 지층 (상계동)",1626,수락산노래연습장,127.05649475172,37.6762237528162
서울특별시 노원구 상계동 651-6번지 지하,"서울특별시 노원구 동일로 1533, 지층 (상계동, 백산빌딩)",1620,해성노래연습장,127.057246351895,37.6653647809563
서울특별시 노원구 공릉동 513-1 지층,"서울특별시 노원구 동일로 1048, 지층 (공릉동)",1844,태양노래연습장,127.073937845108,37.6236617520042
서울특별시 송파구 가락동 96-17,"서울특별시 송파구 송파대로30길 3-6, 지하1층 (가락동)",5711,탐탐 노래연습장,127.117813137356,37.4944638253892
서울특별시 노원구 상계동 365-2번지 지하,"서울특별시 노원구 노원로 468, 지층 (상계동, 주양빌딩)",1685,폭스,127.065958514344,37.6581254418568
서울특별시 노원구 공릉동 440-16번지 지층,"서울특별시 노원구 공릉로 223, 지층 (공릉동, 도곡빌딩)",1833,세븐스타코인노래연습장(서울과기대점),127.076784410758,37.6290929732108
서울특별시 노원구 상계동 76-22 (2층),"서울특별시 노원구 덕릉로 822, 2층 (상계동, 한길로약국)",1644,뮤직큐,127.081039940065,37.669851410048
서울특별시 노원구 상계동 430-21 지하,"서울특별시 노원구 노원로34길 66, 지층 (상계동)",1679,보람,127.065998195167,37.6619837827574
서울특별시 노원구 상계동 169-212번지 (지하),"서울특별시 노원구 한글비석로24길 10, 지층 (상계동)",1663,하모니,127.071622477252,37.661316298509
서울특별시 노원구 상계동 1119-53번지 지하,"서울특별시 노원구 동일로242길 16-1, 지층 (상계동, 태석빌딩)",1630,파워노래연습장,127.056327364533,37.6753775431965
서울특별시 노원구 상계동 708 (2층),"서울특별시 노원구 노해로75길 14-18, 2층 (상계동, 도영빌딩)",1689,로즈,127.05839332581,37.6544780192312
서울특별시 노원구 상계동 749-7 형인빌딩(지하),"서울특별시 노원구 동일로 1352, 지층 (상계동)",1756,꿈돌이,127.062302373264,37.6494044777358
서울특별시 노원구 월계동 64-4번지 지하,"서울특별시 노원구 석계로 17, 지하호 (월계동, 농협)",1902,만점 노래연습장,127.064258253225,37.6163068919087
서울특별시 노원구 공릉동 323-12 (지하),"서울특별시 노원구 동일로 1099, 지층 (공릉동)",1852,바이킹,127.071549981192,37.6279248911589
서울특별시 노원구 공릉동 494-15번지 (지하),"서울특별시 노원구 동일로 1053, 지층 (공릉동, 영진빌딩)",1857,펑키,127.073193070818,37.624028557637
서울특별시 노원구 상계동 616-6 (3층),"서울특별시 노원구 노해로81길 12-4, 3층 (상계동, 화랑상가)",1695,블루,127.063087616437,37.6553908199503
서울특별시 노원구 상계동 348-4 (지하),"서울특별시 노원구 노해로85길 15-5, 지층 (상계동)",1695,마돈나,127.065345577197,37.6563830136738
서울특별시 노원구 상계동 603-13,"서울특별시 노원구 상계로 61 (상계동, 성임빌딩)",1693,슈퍼스타 코인 노래연습장,127.061896573549,37.6562116149579
서울특별시 노원구 상계동 602-2,"서울특별시 노원구 상계로3길 15 (상계동, 현우빌딩)",1693,리코스타 코인 노래연습장,127.062174097413,37.6568770244428
서울특별시 노원구 중계동 359-20,"서울특별시 노원구 한글비석로 271 (중계동, 태경빌딩)",1714,리코스타 코인노래연습장,127.077056587374,37.6519742860545
서울특별시 노원구 중계동 154-2 지하1층,"서울특별시 노원구 덕릉로83길 25, 지하층 (중계동)",1662,세븐스타 코인노래연습장(상계역점),127.073977711215,37.6601032953297
서울특별시 노원구 공릉동 440-7,서울특별시 노원구 공릉로 219 (공릉동),1833,코인스타 노래연습장,127.077009452707,37.6288199178337
서울특별시 노원구 상계동 358-31 2층,"서울특별시 노원구 상계로3길 28, 2층 (상계동, 영빈빌딩)",1693,큐코인노래연습장,127.062631810118,37.6573981805623
서울특별시 노원구 월계동 414-2,서울특별시 노원구 석계로 98-1 (월계동),1886,휴코인노래연습장,127.061060877189,37.62350432752
서울특별시 노원구 상계동 651-4 지층호,"서울특별시 노원구 동일로 1547, 지층 (상계동, 동남빌딩)",1620,히든코인싱어 노래연습장,127.056931384286,37.6665575614389
서울특별시 노원구 상계동 764-1 지하1층,"서울특별시 노원구 동일로 1323, 지하1층 (상계동, 하라프라자센타)",1767,아프리카마이크노래연습장,127.062619518352,37.6468094778429
서울특별시 노원구 상계동 1132-102 지층,"서울특별시 노원구 동일로 1672, 지층 (상계동)",1625,372코인 노래연습장,127.055567353012,37.6775530472449
서울특별시 노원구 상계동 333 지층,"서울특별시 노원구 상계로 74, 지층 (상계동)",1695,악쓰는하마 코인노래연습장,127.063126699198,37.6560432002233
서울특별시 노원구 중계동 154-22 지층호,"서울특별시 노원구 덕릉로83길 18, 지층호 (중계동)",1662,스타 노래연습장,127.074419173589,37.6601375252328
서울특별시 노원구 월계동 47-13번지 지하1층,"서울특별시 노원구 석계로 4, 지하1층 (월계동)",1895,악쓰는 하마 코인노래연습장,127.064782434157,37.6153793082007
서울특별시 노원구 상계동 456-132,"서울특별시 노원구 한글비석로52길 8, 2층 (상계동)",1655,솔로몬1,127.066475087214,37.6648832320965
서울특별시 노원구 상계동 693-2 지하2층,"서울특별시 노원구 상계로 55, 지층 2호 (상계동, 위성프라자)",1694,위성Q,127.061162881077,37.656050001067
서울특별시 노원구 공릉동 411-26,"서울특별시 노원구 공릉로 168, 지층 (공릉동)",1818,비바 노래연습장,127.079990282962,37.6249914451201
서울특별시 노원구 상계동 592-3 (지하),"서울특별시 노원구 상계로3길 32, 지층 (상계동)",1693,앵콜,127.062662029942,37.6576217882174
서울특별시 노원구 상계동 169-457번지,"서울특별시 노원구 한글비석로 415, 2층 (상계동, 민지유치원)",1682,린스,127.070496623969,37.6614417626383
서울특별시 노원구 상계동 1119-88번지,"서울특별시 노원구 동일로 1650, 지층 (상계동)",1630,버즈,127.055546879508,37.6754838685069
서울특별시 노원구 상계동 735-6번지,"서울특별시 노원구 동일로217가길 23, 3층 (상계동, 백경약국)",1762,로데오,127.059074805477,37.6532734267768
서울특별시 노원구 월계동 47-15번지,"서울특별시 노원구 석계로8가길 29, 지층 (월계동)",1895,세븐,127.064931994418,37.6154386912313
서울특별시 노원구 상계동 1002번지,"서울특별시 노원구 동일로242길 109, 지층 (상계동)",1626,만남 노래연습장,127.061272430853,37.6747572764361
서울특별시 노원구 상계동 101-9번지 지하,"서울특별시 노원구 덕릉로 779, 지층 (상계동)",1638,필노래연습장,127.078210225365,37.6668166568199
서울특별시 노원구 상계동 1132-28,"서울특별시 노원구 동일로241길 44, 2층 (상계동, 수락네스트존)",1607,O2(오투) 노래연습장,127.054205727679,37.6780723744073
서울특별시 노원구 상계동 591-2번지,"서울특별시 노원구 상계로1길 38-11, 지층 (상계동, 우창프라자)",1693,SBS,127.062090238273,37.6579692388731
서울특별시 노원구 공릉동 336-3번지,"서울특별시 노원구 공릉로 133, 2층 (공릉동)",1837,SBS,127.078987062324,37.6220776081714
서울특별시 노원구 상계동 1119-40,"서울특별시 노원구 동일로242길 12, 2층 (상계동, 슬기미술학원)",1630,나들목(2),127.055928275774,37.6755753178475
서울특별시 노원구 공릉동 323-21번지 지하1층,"서울특별시 노원구 동일로195길 16, 지층 (공릉동)",1852,씨티노래연습장,127.070987534838,37.6273340035876
서울특별시 노원구 중계동 154-11 (지하),"서울특별시 노원구 덕릉로83길 17, 지층 (중계동, 원할머니보쌈)",1662,JJ노래연습장,127.074304669484,37.6599849711604
서울특별시 노원구 공릉동 419-5번지 (지하),"서울특별시 노원구 공릉로 186, 지하층 (공릉동)",1815,두리두리 노래연습장,127.079515550589,37.6264976750956
서울특별시 노원구 상계동 616-4 (3층),"서울특별시 노원구 노해로81길 16, 3층 (상계동)",1695,킹덤,127.062868428662,37.6556388872669
서울특별시 노원구 월계동 54-1 지층,"서울특별시 노원구 석계로1길 22, 지층 (월계동)",1902,빛나리노래연습장,127.063392316941,37.6156145903995
서울특별시 노원구 공릉동 238-48 (지하),"서울특별시 노원구 공릉로 146, 지층 (공릉동)",1819,대박 노래연습장,127.079535585961,37.6230811196078
서울특별시 노원구 월계동 411-53번지 지하,"서울특별시 노원구 석계로 95, 지하층 (월계동)",1893,성북,127.061174803696,37.6229152932161
서울특별시 노원구 월계동 287-10 (지하),"서울특별시 노원구 월계로 335, 지층 (월계동, 해성태권도체육관)",1879,썬,,
서울특별시 노원구 상계동 1118,"서울특별시 노원구 동일로 1651, 지층 (상계동, GS 25)",1608,앵콜,127.055010947165,37.6759608277495
서울특별시 노원구 상계동 323-13,"서울특별시 노원구 노해로 509, 지층 (상계동, 대국빌딩)",1695,얼짱,127.064555531072,37.655411288958
서울특별시 노원구 상계동 456-155,"서울특별시 노원구 한글비석로48길 9, 2층 (상계동, 영산교회)",1655,씽 노래연습장,127.067003379583,37.664651020741
서울특별시 노원구 상계동 726-1,"서울특별시 노원구 동일로218길 17, 지층 (상계동, 일신상가)",1751,불러불러 찐,127.061772133025,37.6538758836589
서울특별시 노원구 상계동 1120-1번지,"서울특별시 노원구 동일로242길 17, 지층 (상계동, 동창빌딩)",1626,특급,127.056482850452,37.6757766926967
서울특별시 노원구 상계동 111-479 2구역15블럭5롯트,서울특별시 노원구 상계로 311 (상계동),1634,119,127.080206924417,37.6708769341023
서울특별시 노원구 월계동 633-109번지 지하,"서울특별시 노원구 월계로49길 4-3, 지층 (월계동)",1879,에코노래연습장,,
서울특별시 노원구 상계동 733-1,"서울특별시 노원구 동일로217가길 13, 지층 (상계동, 광일빌딩)",1762,VIP노래연습장,127.059640820591,37.653381980665
서울특별시 노원구 상계동 749-9 지층,"서울특별시 노원구 동일로 1372, 지층 (상계동, 동보빌딩)",1756,에스에스노래연습장,127.06179804049,37.6510885901347
서울특별시 노원구 상계동 456-132,"서울특별시 노원구 한글비석로52길 8, 3층 (상계동)",1655,솔로몬2,127.066475087214,37.6648832320965
서울특별시 노원구 공릉동 441-59번지,"서울특별시 노원구 동일로192길 80, 2층 (공릉동)",1834,용가리,127.077253399908,37.6272223096072
서울특별시 노원구 공릉동 379-1,"서울특별시 노원구 동일로191가길 48, 지층 (공릉동)",1852,스카이,127.071015669965,37.6271391032819
서울특별시 노원구 상계동 1305,"서울특별시 노원구 상계로5길 12, 지층 (상계동, 동양메이저아파트상가)",1692,도깨비 노래연습장,127.064264260882,37.6573543256891
서울특별시 노원구 상계동 95-31번지,"서울특별시 노원구 덕릉로 756, 지층 (상계동)",1648,가보자,,
서울특별시 노원구 월계동 64-12 (2층),"서울특별시 노원구 석계로 14-1, 2층 (월계동)",1895,명성 노래연습장,127.064540838676,37.6161619488912
서울특별시 노원구 상계동 331-8번지,"서울특별시 노원구 노해로81길 12-20, 3층 (상계동, 민진빌딩)",1695,양지,127.063976365165,37.655587205909
서울특별시 노원구 상계동 651-5번지,"서울특별시 노원구 동일로 1545, 지층 (상계동, 현대골드씨티)",1620,배트맨,127.056973759982,37.6663907694807
서울특별시 노원구 공릉동 441-18번지,"서울특별시 노원구 공릉로 209, 지층 (공릉동)",1833,샵# 노래연습장,127.077496497098,37.6280892594919
서울특별시 노원구 상계동 72-8번지 (지하),"서울특별시 노원구 덕릉로 826, 지층 (상계동)",1644,까치,,
서울특별시 노원구 상계동 358-6 (지하),"서울특별시 노원구 상계로3길 38-2, 지층 (상계동)",1693,팡팡,127.062725135159,37.6578690741966
서울특별시 노원구 상계동 389-683 지하,"서울특별시 노원구 상계로27길 7, 지층 (상계동, 중앙빌딩)",1684,초원노래연습장,127.070571523437,37.658912392654
서울특별시 노원구 월계동 55-8번지 (지하),"서울특별시 노원구 석계로3길 17, 지층 (월계동)",1902,스타,127.063621004247,37.615887917271
서울특별시 노원구 상계동 1121-17 지하,"서울특별시 노원구 동일로242길 55, 지층 (상계동)",1626,25시,127.058357765878,37.6749203902747
서울특별시 노원구 공릉동 499-1번지 (2층),"서울특별시 노원구 동일로 1062, 2층 (공릉동)",1844,뽀,127.073507034169,37.6249070949876
서울특별시 노원구 공릉동 238-25번지,"서울특별시 노원구 공릉로38길 17, 지층 (공릉동)",1819,팡팡,127.080425266234,37.6233027900856
서울특별시 노원구 월계동 402-7번지 (지하),"서울특별시 노원구 광운로 39, 지층 (월계동)",1891,리코스타코인 노래연습장(광운대점),127.058914293731,37.6210705907216
서울특별시 노원구 상계동 735-3 (지하),"서울특별시 노원구 동일로217가길 35, 지층 (상계동, 보람빌딩)",1762,두루와 노래연습장,127.058425916201,37.6531166185788
서울특별시 노원구 상계동 37-16 상계6구역21블럭4롯트(지하),"서울특별시 노원구 덕릉로126길 35, 지층 (상계동)",1643,대박,127.08259190064,37.6715020096402
서울특별시 노원구 중계동 188-45번지 지하층,"서울특별시 노원구 한글비석로 362, 지층 (중계동, 중석빌딩)",1662,까치노래방,127.074855922137,37.6581855426006
서울특별시 노원구 상계동 693-0 미도빌딩 지하2호호,"서울특별시 노원구 동일로 1426, 지층 2호 (상계동, 미도빌딩)",1694,TOP,127.060540212422,37.6559805862521
서울특별시 노원구 공릉동 424-2 지하,"서울특별시 노원구 공릉로 203, 지층 (공릉동)",1834,불러불러 노래연습장,127.078053585084,37.6275096481621
서울특별시 노원구 상계동 328-1번지,"서울특별시 노원구 노해로83길 10-1, 4층 (상계동, 대화빌딩)",1695,즐거운,127.06445782216,37.6559092251302
서울특별시 노원구 상계동 76-6번지 6구역37블럭 11롯트(5층),"서울특별시 노원구 덕릉로 816, 5층 (상계동)",1644,MS노래연습장,127.08075967014,37.6694669739467
서울특별시 노원구 상계동 746-4 (지하),"서울특별시 노원구 동일로 1363, 지층 (상계동, 명지프라자빌딩)",1763,마니아 노래연습장,127.061280549621,37.6504403325764
서울특별시 노원구 상계동 156-97,"서울특별시 노원구 한글비석로24길 33, 지층 (상계동, 전우체육관)",1668,천국,127.072289974103,37.6623273328009
서울특별시 노원구 공릉동 441-152,"서울특별시 노원구 동일로192길 87, 지층 (공릉동)",1833,파티파티,127.077575923673,37.6276676357869
서울특별시 노원구 상계동 1115-5,"서울특별시 노원구 동일로 1676, 지층 (상계동, 한사랑메디컬빌딩)",1625,천국,127.055661285205,37.6779519563714
서울특별시 노원구 공릉동 705,"서울특별시 노원구 공릉로 204, 지층 (공릉동)",1814,팝콘 노래연습장,127.078156882221,37.6278184379162
"서울특별시 노원구 상계동 593-3 한일빌딩 지층4,5호 ","서울특별시 노원구 상계로3길 10, 지층 4,5호 (상계동, 한일빌딩)",1693,엔노래방,127.062549747122,37.6567065402567
서울특별시 노원구 상계동 649-2 지하,"서울특별시 노원구 동일로 1550, 지층 (상계동, 고려프라자빌딩)",1674,K2 노래연습장,127.057549710711,37.666911617005
서울특별시 노원구 월계동 907-0 지층,"서울특별시 노원구 덕릉로60길 188, 지층 (월계동)",1871,칼라노래연습장,127.043903178248,37.6324609167557
서울특별시 노원구 상계동 341-4 2층,"서울특별시 노원구 노해로85길 17, 2층 (상계동)",1695,탑 노래연습장,127.064898982046,37.6562804581649
서울특별시 노원구 상계동 707-3 (지하),"서울특별시 노원구 노해로75길 14-25, 지층 (상계동, 동신빌딩)",1689,망고,127.058763443184,37.6547693032306
서울특별시 노원구 상계동 1117-7,"서울특별시 노원구 동일로242가길 28, 3층 (상계동)",1625,로또,127.056007444276,37.6771449659408
"서울특별시 노원구 상계동 111-368 ,465 (2구역15-10롯트지하) ",서울특별시 노원구 상계로37길 10 (상계동),1634,은혜,127.079235138481,37.6707231629966
서울특별시 노원구 상계동 328-9 3층,"서울특별시 노원구 노해로81길 12-26, 3층 (상계동, 삼원빌딩)",1695,쏭쏭 노래연습장,127.06422343671,37.6556135605308
서울특별시 노원구 하계동 283 (지하),"서울특별시 노원구 한글비석로 77, 지층 (하계동, 한성여객(주))",1790,하트,127.070466464149,37.6375614945414
서울특별시 노원구 중계동 157-33 (지하),"서울특별시 노원구 한글비석로 369, 지층 (중계동, 롯데리아)",1699,제네스 노래연습장,127.073988938422,37.6583977301857
서울특별시 노원구 월계동 63-9 지하,"서울특별시 노원구 석계로 11-1, 지층 (월계동)",1902,MC MC,127.0643715478,37.6159464348768
서울특별시 노원구 상계동 169-129 (지하),"서울특별시 노원구 한글비석로24길 27, 지층 (상계동, 상계약국)",1668,꿀 노래연습장,127.072075644626,37.6620802347373
서울특별시 노원구 상계동 386-4,"서울특별시 노원구 상계로 117, 지층 (상계동)",1684,별밤 노래연습장,127.06762290422,37.6577946500371
서울특별시 노원구 중계동 364-22 지하,"서울특별시 노원구 한글비석로 254, 지층 (중계동, 대명프라자)",1734,코인박스 노래연습장,127.077086240765,37.6504043041825
서울특별시 노원구 상계동 156-130 지하,"서울특별시 노원구 한글비석로24길 57, 지층 (상계동)",1664,명가노래연습장,127.073317767119,37.6630874868334
서울특별시 노원구 상계동 716 지하,"서울특별시 노원구 노해로 485, 지층 (상계동, 금정빌딩)",1695,톡톡노래연습장,127.06192277535,37.6548752644222
서울특별시 노원구 상계동 349-52,"서울특별시 노원구 상계로7길 1, 지층 (상계동, 블루빌)",1692,오필승,127.065284914825,37.6569927417811
서울특별시 노원구 중계동 154-29번지,"서울특별시 노원구 한글비석로20길 18, 지층 (중계동)",1662,벤,127.073905629942,37.6599868436122
서울특별시 노원구 상계동 358-9,"서울특별시 노원구 상계로3길 29, 지층 (상계동)",1693,미라클노래연습장,127.0623774075,37.6575558069964
서울특별시 노원구 중계동 58-64번지,"서울특별시 노원구 중계로 120, 지층 (중계동, 현대교회)",1726,짱,127.081789770722,37.6463348196304
서울특별시 노원구 상계동 710-2번지,"서울특별시 노원구 노해로77길 14-7, 4층 (상계동)",1689,황금노래연습장,127.059554925332,37.6549461295262
서울특별시 노원구 상계동 1118 (지하),"서울특별시 노원구 동일로 1651, 지하층 (상계동)",1608,가야,127.055010947165,37.6759608277495
서울특별시 노원구 상계동 966-1번지 지하,"서울특별시 노원구 동일로 1596, 지층 (상계동)",1631,KBS,127.056842608831,37.6709781734407
서울특별시 노원구 중계동 154-8 우일빌딩,"서울특별시 노원구 덕릉로83길 12, 지층 (중계동, 우일빌딩)",1662,썬노래연습장,127.074816358475,37.6600936664852
서울특별시 노원구 중계동 364-13 중계6단지주공아파트상가,"서울특별시 노원구 한글비석로8길 41, 지층 (중계동, 중계6단지주공아파트상가)",1737,쟁반,127.077598436703,37.6486635394573
서울특별시 노원구 상계동 65-28번지 지하,"서울특별시 노원구 상계로 314, 지층 (상계동)",1637,킹,127.080165251065,37.6703861987424
서울특별시 노원구 공릉동 589-13 (지하),"서울특별시 노원구 공릉로 115-1, 지층 (공릉동)",1847,우정,127.07799616678,37.620694621037
서울특별시 노원구 상계동 169-179 지하,"서울특별시 노원구 한글비석로23길 2, 지층 (상계동)",1682,까치노래연습장,127.071219678999,37.6607129750144
서울특별시 노원구 상계동 1113-50 지하,"서울특별시 노원구 동일로241가길 14, 지층 (상계동)",1606,킹노래방,127.054241040561,37.6765951131926
서울특별시 노원구 상계동 595번지 지층,"서울특별시 노원구 상계로 71-1, 지층 (상계동)",1693,나나노래연습장,127.062989409627,37.6566524275838
서울특별시 노원구 하계동 279-1 (지하),"서울특별시 노원구 공릉로63길 20, 지층 (하계동)",1830,미성,127.07006615592,37.6349987907284
서울특별시 노원구 중계동 366-4번지 신아프라자,"서울특별시 노원구 중계로 202, 지층 1,2,3호 (중계동, 신아프라자)",1720,피노키오,127.077814748223,37.6508298105986
서울특별시 노원구 공릉동 441-145 용마빌딩 지하1층,"서울특별시 노원구 동일로192길 83, 용마빌딩 지하1층 (공릉동)",1833,악쓰는 하마 코인 노래연습장,127.077197965689,37.6275129140111
서울특별시 노원구 상계동 617-2,"서울특별시 노원구 노해로79길 6-20, 지하1층 (상계동)",1695,Zest 코인노래연습장,127.062556384592,37.6552975809022
서울특별시 노원구 상계동 649-7 다모아빌딩,"서울특별시 노원구 동일로 1530, 다모아빌딩 지층 (상계동)",1674,nu 코인노래연습장,127.058023631956,37.665066086443
서울특별시 노원구 상계동 332-4,"서울특별시 노원구 노해로81길 12-33, 3층 (상계동)",1695,온앤온코인노래연습장 노원점,127.063642107113,37.6557799266027
서울특별시 강남구 신사동 663,"서울특별시 강남구 언주로172길 54, 3층 (신사동)",6018,프렌즈코인노래연습장,127.038032539484,37.5268432256129
서울특별시 양천구 목동 788-12 2층,"서울특별시 양천구 목동중앙서로7가길 38 (목동,2층)",7965,신월노래연습장,126.864111904376,37.533549583587
서울특별시 은평구 갈현동 408-3번지 2층,서울특별시 은평구 통일로85길 6-5 (갈현동),3329,붐비오노래연습장,126.918841644302,37.6224383316287
서울특별시 은평구 갈현동 396-16번지 지층,서울특별시 은평구 통일로 855-14 (갈현동),3330,샤인노래연습장,126.920052238244,37.6193464286781
서울특별시 은평구 불광동 281-136 3층,서울특별시 은평구 통일로66길 8 (불광동),3368,산울림노래연습장,126.93109348662,37.6104907303425
서울특별시 은평구 갈현동 412-3 지층,서울특별시 은평구 통일로87길 6-5 (갈현동),3328,째즈노래연습장,126.918957618862,37.6236034777201
서울특별시 은평구 갈현동 453-24번지 지층,서울특별시 은평구 연서로27길 16-13 (갈현동),3331,청개구리노래연습장,126.918041593612,37.6187152589447
서울특별시 은평구 갈현동 400-1번지 3층,서울특별시 은평구 통일로 863-13 (갈현동),3330,미투노래연습장,126.919318390439,37.6199482394169
서울특별시 은평구 응암동 597-26번지 지층,서울특별시 은평구 응암로11길 11 (응암동),3485,짱노래연습장,126.915395674416,37.5885739240409
서울특별시 은평구 역촌동 62-3번지 지층,"서울특별시 은평구 역말로 40 (역촌동, 무궁화빌딩)",3417,행운노래연습장,126.914673304323,37.6056339391965
서울특별시 은평구 녹번동 192 지층,"서울특별시 은평구 은평로 187-3 (녹번동, 지층)",3384,궁노래연습장,126.928622436059,37.6019741882548
서울특별시 은평구 역촌동 44-9,"서울특별시 은평구 진흥로 13, 2층 (역촌동)",3409,갈채노래연습장,126.916951549283,37.600023476916
서울특별시 은평구 응암동 87-31번지 지층,서울특별시 은평구 은평로11길 5 (응암동),3460,토마토 노래연습장,126.923327506583,37.6013025125538
서울특별시 은평구 역촌동 17-3 지층,서울특별시 은평구 진흥로 105-5 (역촌동),3404,더킹노래연습장,126.922167104491,37.606197192287
서울특별시 은평구 갈현동 408-5 지층,서울특별시 은평구 통일로85길 8 (갈현동),3329,스타노래연습장,126.918818837255,37.6222656867977
서울특별시 은평구 응암동 592-72번지 3층,서울특별시 은평구 응암로13길 27 (응암동),3485,동경노래연습장,126.914395246145,37.5886603286877
서울특별시 은평구 갈현동 402-8번지 3층,서울특별시 은평구 통일로 863-17 (갈현동),3330,파티노래연습장,126.919222953719,37.6202154070254
서울특별시 은평구 응암동 85-56번지 지층,서울특별시 은평구 은평로11길 6 (응암동),3460,동경노래연습장,126.923508467248,37.6014143527857
서울특별시 은평구 불광동 542-2번지 지층,서울특별시 은평구 불광로 78 (불광동),3364,CF노래연습장,126.932229819045,37.6138297320809
서울특별시 은평구 대조동 203-1번지 지 지층동,서울특별시 은평구 통일로77길 17 (대조동),3386,원노래연습장,126.921401595513,37.615931329595
서울특별시 은평구 갈현동 425-8번지 지층,서울특별시 은평구 통일로87길 17-4 (갈현동),3329,톱노래연습장,126.917653463555,37.6231946078956
서울특별시 은평구 갈현동 403-10번지 지층,서울특별시 은평구 통일로83길 5-8 (갈현동),3330,해피노래연습장,126.919129535456,37.6206053805173
서울특별시 은평구 역촌동 85-47 지층,"서울특별시 은평구 은평로 63, 지층 (역촌동)",3421,힐링 노래연습장,126.914846348924,37.5990769277231
서울특별시 은평구 역촌동 48-2번지 지층,"서울특별시 은평구 역말로 37, 지층 (역촌동)",3416,힐링노래연습장,126.914338377835,37.6059722884928
서울특별시 은평구 녹번동 131-158 지층,"서울특별시 은평구 진흥로 156, 지층 (녹번동)",3375,샤방샤방 노래연습장,126.926978658641,37.6087386251395
서울특별시 은평구 갈현동 507-33번지 지층,서울특별시 은평구 갈현로 181-2 (갈현동),3325,행운노래연습장,126.911895147225,37.6144030260145
서울특별시 은평구 신사동 4-7번지 지층,서울특별시 은평구 은평로 37 (신사동),3423,대박노래연습장,126.912115127208,37.5985002736896
서울특별시 은평구 갈현동 455-7번지 2층,서울특별시 은평구 연서로27길 8 (갈현동),3331,락노래연습장,126.91862119337,37.6178825166628
서울특별시 은평구 응암동 124-44 지층,서울특별시 은평구 응암로21길 6-1 (응암동),3456,황제노래연습장,126.917304358198,37.5941336759658
서울특별시 은평구 응암동 85-4번지 지하1층,"서울특별시 은평구 은평로13길 11-9, 지하1층 (응암동)",3460,씽씽노래연습장,126.925052027686,37.6020325214855
서울특별시 은평구 역촌동 32-7번지 지하1층,"서울특별시 은평구 진흥로1다길 2, 지하1층 (역촌동)",3406,이브노래연습장,126.918298088835,37.6038612839025
서울특별시 은평구 불광동 281-104 지하1층,"서울특별시 은평구 통일로 728, 지하1층 (불광동)",3368,큐코인노래연습장,126.930171610875,37.6105757824283
서울특별시 은평구 녹번동 141-1 3층,"서울특별시 은평구 진흥로 148, 3층 (녹번동)",3378,큐코인노래연습장 불광2호점,126.9263669244,37.6084438918345
서울특별시 은평구 갈현동 399-25 지하1층,"서울특별시 은평구 연서로29길 14-14, 지하1층 (갈현동)",3330,온에어코인노래연습장 연신내점,126.919300480716,37.6194361959264
서울특별시 은평구 응암동 87-2 대진빌딩 202호,"서울특별시 은평구 응암로 340-1, 대진빌딩 2층 202호 (응암동)",3460,비젼노래연습장,126.922831645421,37.6014938300396
서울특별시 은평구 역촌동 16-7번지,"서울특별시 은평구 진흥로 105, 지하층 (역촌동)",3404,금호노래연습장,126.922521696521,37.6063008592212
서울특별시 은평구 갈현동 469-5번지 지층동,"서울특별시 은평구 서오릉로 168, 지층 (갈현동)",3336,크로바노래연습장,126.914939734516,37.6128340259899
서울특별시 은평구 갈현동 398-6 3층일부,"서울특별시 은평구 통일로 855-9, 3층 (갈현동)",3330,연인노래연습장,126.919884176889,37.6188948297727
서울특별시 은평구 응암동 600-6,"서울특별시 은평구 응암로13길 7, 2층 (응암동)",3485,보가코인노래연습장,126.916413140929,37.5894489718289
서울특별시 은평구 응암동 578-90,"서울특별시 은평구 응암로21길 5-1, 지층동 (응암동)",3457,스타노래연습장,126.917172151808,37.5938856304029
서울특별시 은평구 역촌동 43-51번지 2층동,"서울특별시 은평구 진흥로 15, 2층 (역촌동)",3409,랩스테이션 스튜디오노래연습장,126.917198672112,37.6000973515757
서울특별시 은평구 역촌동 42-62번지 2층,"서울특별시 은평구 진흥로 33, 2층 (역촌동)",3408,세븐스타코인노래연습장역촌동점,126.91910211177,37.6006453025675
서울특별시 은평구 대조동 38-2,"서울특별시 은평구 진흥로 145, 2층 (대조동)",3395,꽃바람노래연습장,126.925756073996,37.6086320861929
서울특별시 은평구 녹번동 73-14 지층,"서울특별시 은평구 은평로 205-1, 지층 (녹번동)",3383,탑코인노래연습장녹번점,126.930941842263,37.6015413809264
서울특별시 은평구 응암동 600-10 2층호,"서울특별시 은평구 응암로13길 5, 2층호 (응암동)",3485,보스코인노래연습장,126.916537924048,37.5895419524226
서울특별시 은평구 갈현동 394-25,"서울특별시 은평구 통일로83길 6-4, 지하층 (갈현동)",3329,제비노래연습장,126.919254456338,37.6212505730376
서울특별시 은평구 녹번동 117-111,"서울특별시 은평구 진흥로 196, 지층 (녹번동)",3375,나가수노래연습장,126.931246408666,37.6084944977449
서울특별시 은평구 역촌동 16-2 영화마스타골프랜드,"서울특별시 은평구 서오릉로 71, 영화마스타골프랜드 (역촌동)",3404,너짱코인노래연습장,126.921952781175,37.6070075809917
서울특별시 은평구 응암동 124-17 외환은행,"서울특별시 은평구 응암로 247, 외환은행 지층 (응암동)",3456,아미고노래연습장,126.917854566217,37.5942237088269
서울특별시 은평구 갈현동 398-4 인락빌딩,"서울특별시 은평구 연서로29길 8-8, 인락빌딩 3층 (갈현동)",3330,락휴코인노래연습장,126.919713153262,37.618987875665
서울특별시 은평구 갈현동 465-23 지층,"서울특별시 은평구 서오릉로 150 (갈현동, 우림빌딩)",3336,소리빛노래연습장,126.916569405965,37.611948526415
서울특별시 은평구 진관동 72 드림스퀘어 209호,"서울특별시 은평구 진관2로 29-21, 드림스퀘어 209호 (진관동)",3306,구파발코인노래연습장,126.919341649662,37.635741734904
서울특별시 은평구 갈현동 412-5 지층,서울특별시 은평구 통일로87길 8-1 (갈현동),3328,세븐노래연습장,126.918765858296,37.6234840551845
서울특별시 은평구 응암동 103-3번지 지층,서울특별시 은평구 응암로 326 (응암동),3464,몬스터코인노래연습장,126.922476675657,37.6000295779501
서울특별시 은평구 응암동 597-1 3층,서울특별시 은평구 응암로11길 5 (응암동),3485,부킹노래연습장,126.915996053167,37.588311983872
서울특별시 은평구 응암동 598-18번지 지층,서울특별시 은평구 응암로11길 3 (응암동),3485,장군노래연습장,126.916272039636,37.5882567689311
서울특별시 은평구 응암동 584-14번지 지층,서울특별시 은평구 가좌로 238 (응암동),3457,낙원노래연습장,126.916278626267,37.5910694909325
서울특별시 은평구 갈현동 527-14 2층,서울특별시 은평구 서오릉로 216 (갈현동),3325,와우노래연습장,126.910060330649,37.6145597653371
서울특별시 은평구 신사동 18-44번지 3층,서울특별시 은평구 가좌로12길 20-29 (신사동),3437,새황금노래연습장,126.90934511658,37.5988492045626
서울특별시 은평구 갈현동 454-9번지 지층,서울특별시 은평구 연서로29길 17-5 (갈현동),3331,연신노래연습장,126.918421803399,37.6188507606586
서울특별시 은평구 응암동 427-106번지 지층,서울특별시 은평구 응암로22길 5 (응암동),3466,아싸노래연습장,126.918832460631,37.5938901175104
서울특별시 은평구 갈현동 399-6번지 3층,서울특별시 은평구 연서로29길 8-3 (갈현동),3330,조이노래연습장,126.919412238407,37.6190535327466
서울특별시 은평구 녹번동 176-27번지 지층,"서울특별시 은평구 응암로 343-1 (녹번동, 선재빌딩)",3458,SBS노래연습장,126.922052682474,37.6017849687298
서울특별시 은평구 녹번동 176-27번지 지층,"서울특별시 은평구 응암로 343-1 (녹번동, 선재빌딩)",3458,무지개노래연습장,126.922052682474,37.6017849687298
서울특별시 은평구 갈현동 398-4번지 3층,"서울특별시 은평구 연서로29길 8-8 (갈현동, 인락빌딩)",3330,레인보우락노래연습장,126.919713153262,37.618987875665
서울특별시 은평구 역촌동 14-3번지 2층,서울특별시 은평구 서오릉로 93 (역촌동),3404,신남노래연습장,126.920788502823,37.6082331420116
서울특별시 은평구 진관동 277-17 지층,서울특별시 은평구 대서문길 36 (진관동),3307,북한산노래연습장,126.948552831595,37.6554709821584
서울특별시 은평구 응암동 603-75번지 지층,서울특별시 은평구 응암로 172-1 (응암동),3478,궁전노래연습장,126.916834474855,37.5871882290906
서울특별시 은평구 신사동 20-8 7층,"서울특별시 은평구 갈현로 8 (신사동, 신창빌딩)",3423,멜론노래연습장,126.910404378951,37.5985454785523
서울특별시 은평구 응암동 84-32번지 지층,서울특별시 은평구 은평로13길 12-6 (응암동),3460,땡큐노래연습장,126.925791230588,37.6021999420929
서울특별시 은평구 갈현동 400-11번지 지층,서울특별시 은평구 통일로 863-11 (갈현동),3330,민지노래연습장,126.919385791094,37.6198392659872
서울특별시 은평구 응암동 585-10 지층,서울특별시 은평구 가좌로 251 (응암동),3484,코리아노래연습장,126.91515406552,37.5914576461333
서울특별시 은평구 불광동 316-5번지 지층,"서울특별시 은평구 연서로 270 (불광동, 동현빌딩)",3350,탑노래연습장,126.924654535143,37.620338110681
서울특별시 은평구 갈현동 394-7번지 지층,서울특별시 은평구 통일로83길 6-8 (갈현동),3329,엔젤노래연습장,126.919299034549,37.6214028703923
서울특별시 은평구 갈현동 497-5 2층,서울특별시 은평구 갈현로 186 (갈현동),3335,스타노래연습장,126.91228165976,37.6142551013642
서울특별시 은평구 대조동 4-2번지 지층,서울특별시 은평구 통일로 747 (대조동),3396,빅스타노래방,126.928233122488,37.6118562762546
서울특별시 은평구 녹번동 118-47번지 지층,"서울특별시 은평구 진흥로 184 (녹번동, 제현빌딩)",3375,럭키노래연습장,126.929856361605,37.6082230225338
서울특별시 은평구 불광동 486-2 지층,서울특별시 은평구 통일로80길 8 (불광동),3345,얄리얄리노래연습장,126.921550078765,37.6199268590915
서울특별시 은평구 신사동 9-1번지 지층,서울특별시 은평구 갈현로 45 (신사동),3435,쿨노래연습장,126.910178867677,37.6018866304506
서울특별시 은평구 응암동 104-42 이화가정의학과,"서울특별시 은평구 응암로 294, 지층 (응암동)",3464,하이루노래연습장,126.920622249193,37.5976795524519
서울특별시 은평구 갈현동 454-20 지층,"서울특별시 은평구 연서로27길 16-14, 지층 (갈현동)",3331,JOY노래연습장,126.918294478707,37.6186528156646
서울특별시 은평구 신사동 26-45,서울특별시 은평구 증산로23길 27 (신사동),3450,즐거운노래연습장,126.912357519429,37.5980614011054
서울특별시 은평구 신사동 15-42 지층,서울특별시 은평구 갈현로1길 20 (신사동),3436,공감노래연습장,126.908063528029,37.5994521472612
서울특별시 은평구 응암동 598-11,서울특별시 은평구 응암로 173-1 (응암동),3485,질러노래연습장,126.916393135894,37.5875949857295
서울특별시 은평구 대조동 188-1번지 지층,서울특별시 은평구 통일로 803-1 (대조동),3390,파티노래연습장,126.924254403993,37.6157036234221
서울특별시 은평구 응암동 598-4번지 지층,"서울특별시 은평구 응암로 177, 지층 (응암동)",3485,항아리노래연습장,126.916361767602,37.5879037336212
서울특별시 은평구 녹번동 131-154번지 지층,"서울특별시 은평구 진흥로 150 (녹번동, 안성빌딩)",3375,월드컵노래연습장,126.926642499915,37.608644443479
서울특별시 은평구 응암동 598-1 지층,"서울특별시 은평구 응암로 181, 지층 (응암동)",3485,드루와노래연습장,126.916517333562,37.5882093702744
서울특별시 은평구 갈현동 398-11번지 지층,"서울특별시 은평구 연서로29길 6, 지층 (갈현동)",3330,악쓰는하마코인노래연습장2호점,126.919582181082,37.6188077691384
서울특별시 은평구 갈현동 395-25,서울특별시 은평구 통일로 863-4 (갈현동),3330,리코스타 코인 노래연습장,126.919820528195,37.6199414638712
서울특별시 은평구 불광동 281-155 지층,서울특별시 은평구 통일로66길 4-1 (불광동),3368,도미솔노래방,126.930836532319,37.6103412861421
서울특별시 은평구 갈현동 400-3번지 지하,서울특별시 은평구 연서로29길 14-9 (갈현동),3330,노리타 노래연습장,126.918990290097,37.6194884208668
서울특별시 은평구 불광동 356-20 지층,서울특별시 은평구 연서로 283 (불광동),3342,요요노래방,126.925572442176,37.6212934695977
서울특별시 은평구 갈현동 411-21번지 2층,서울특별시 은평구 통일로87길 16 (갈현동),3328,도레미노래연습장,126.918034794274,37.6235673414237
서울특별시 은평구 증산동 177-3번지 2층,서울특별시 은평구 증산로 257 (증산동),3500,짱노래연습장,126.906347109765,37.5811410184949
서울특별시 은평구 갈현동 406-1번지 지층,"서울특별시 은평구 통일로85길 7, 지층 (갈현동)",3329,황제노래연습장,126.918778562601,37.6220104995061
서울특별시 은평구 갈현동 454-8 지층,서울특별시 은평구 연서로29길 17-3 (갈현동),3331,스타노래연습장,126.918486366448,37.6189549594526
서울특별시 은평구 대조동 185-6번지 지층,서울특별시 은평구 통일로 839 (대조동),3385,만남 노래연습장,126.921640216343,37.6181170148908
서울특별시 은평구 응암동 87-30 2층,"서울특별시 은평구 응암로 340 (응암동, 서원빌딩)",3460,더 노래연습장,126.922636551293,37.6014709973596
"서울특별시 은평구 불광동 285-13번지 3,4층 ","서울특별시 은평구 통일로 708-6 (불광동, 벨라지오빌딩)",3368,벨라지오노래연습장,126.93190629258,37.6096621119416
"서울특별시 은평구 불광동 285-13 지층,2층 ","서울특별시 은평구 통일로 708-6 (불광동, 벨라지오빌딩)",3368,호텔노래연습장,126.93190629258,37.6096621119416
서울특별시 은평구 신사동 20-11번지,"서울특별시 은평구 은평로 23, 2층 203호 (신사동)",3423,몬스터코인노래연습장,126.910398815216,37.5981803027596
서울특별시 은평구 역촌동 59-26,서울특별시 은평구 역말로 36 (역촌동),3417,스카이노래연습장,126.914356980854,37.605649747689
서울특별시 은평구 신사동 32-9번지 지층,서울특별시 은평구 증산로21길 19 (신사동),3451,노사모노래연습장,126.91250777792,37.5960374362864
서울특별시 은평구 수색동 109-6번지 2층,서울특별시 은평구 은평터널로 3 (수색동),3489,킹노래연습장,126.895675523366,37.5825859122816
서울특별시 은평구 증산동 191-15번지 지층,"서울특별시 은평구 증산서길 111 (증산동, 바게뜨프라자)",3496,영선노래방,126.908873262281,37.585652285771
서울특별시 은평구 갈현동 399-10번지 지층,서울특별시 은평구 연서로29길 10-1 (갈현동),3330,밀레니엄노래연습장,126.919112129773,37.6191063955877
서울특별시 은평구 신사동 29-30번지 지층,서울특별시 은평구 가좌로 322 (신사동),3450,동심초노래방,126.909632474095,37.5963568335906
서울특별시 은평구 증산동 157-6번지 지층,서울특별시 은평구 증산로15길 19-2 (증산동),3495,차차차노래방,126.910653859988,37.5891554443061
서울특별시 은평구 녹번동 144-1 3층,서울특별시 은평구 진흥로 112 (녹번동),3378,당신의노래연습장,126.923309144404,37.6065036457261
서울특별시 은평구 신사동 2-17 (지층),서울특별시 은평구 은평로 59 (신사동),3422,투투노래연습장,126.914484870551,37.5989939554203
서울특별시 은평구 증산동 159-21번지 지층,서울특별시 은평구 증산서길 160 (증산동),3497,행운노래연습장,126.912521186868,37.5885484930133
서울특별시 은평구 역촌동 55-1번지 지층,"서울특별시 은평구 역말로 8 (역촌동, 한솔빌딩)",3419,웰빙노래연습장,126.911148014292,37.6054032071838
서울특별시 은평구 갈현동 454-5 지층,서울특별시 은평구 연서로29길 11 (갈현동),3331,팡팡노래방,126.918760032371,37.6189487511628
서울특별시 은평구 갈현동 398-3번지 2층,서울특별시 은평구 연서로29길 8-10 (갈현동),3330,뉴월드노래연습장,126.919802949202,37.6191183096436
서울특별시 은평구 응암동 598-12번지 지층,서울특별시 은평구 응암로 173 (응암동),3485,필노래연습장,126.916285555414,37.5875113874773
서울특별시 은평구 신사동 19-153 지층,서울특별시 은평구 은평로 5 (신사동),3437,심쿵노래연습장,126.909210968391,37.5967659204537
서울특별시 은평구 증산동 188-12번지,"서울특별시 은평구 증산서길 98 (증산동, 세영 프라임 아파트)",3499,세영노래연습장,126.907749703001,37.5846216683642
서울특별시 은평구 응암동 427-130번지 지층,서울특별시 은평구 응암로22길 3-1 (응암동),3466,용가리노래연습장,126.918694299261,37.5939075016544
서울특별시 은평구 갈현동 400-16 지층,서울특별시 은평구 연서로29길 20-18 (갈현동),3330,대박노래연습장,126.919092384219,37.6197673465703
서울특별시 은평구 역촌동 9-59 지층,서울특별시 은평구 연서로 80 (역촌동),3401,보람노래방,126.915611966433,37.6063900939383
서울특별시 은평구 갈현동 399-5 지층,서울특별시 은평구 연서로29길 14-12 (갈현동),3330,수노래연습장,126.919227198516,37.6193281173709
서울특별시 은평구 대조동 5-9 지층,서울특별시 은평구 통일로 745 (대조동),3396,TOP코인노래연습장,126.928393960285,37.6117273523536
서울특별시 은평구 신사동 21-20 2층,"서울특별시 은평구 은평로 46 (신사동, 두원빌딩)",3449,SBS노래연습장,126.913096566963,37.5983041339208
서울특별시 은평구 갈현동 507-1번지,서울특별시 은평구 갈현로 193 (갈현동),3325,서광노래연습장,126.91258703444,37.6150126987401
서울특별시 은평구 갈현동 406-2 지층,서울특별시 은평구 통일로85길 7-1 (갈현동),3329,노리노래연습장,126.918814420503,37.621952320407
서울특별시 은평구 대조동 172-73번지,"서울특별시 은평구 서오릉로 106 (대조동, 태영빌딩)",3393,조아라노래연습장,126.920421342774,37.6095021185562
서울특별시 은평구 불광동 311-3번지,서울특별시 은평구 통일로 858 (불광동),3345,와와노래연습장,126.920991343827,37.619683580064
서울특별시 은평구 불광동 239-61 지층,서울특별시 은평구 불광로 95 (불광동),3355,킹노래연습장,126.932670141856,37.6153803149222
서울특별시 은평구 응암동 87-18 지층,"서울특별시 은평구 응암로 338 (응암동, 성은교회)",3460,백조노래연습장,126.922601267432,37.6012060830451
서울특별시 은평구 대조동 6-9번지 지층,서울특별시 은평구 통일로 739 (대조동),3396,큐노래연습장,126.928734302655,37.6112521966343
서울특별시 은평구 갈현동 393-12 지층,서울특별시 은평구 통일로85길 6-4 (갈현동),3329,산울림노래연습장,126.919081594455,37.6223023572561
서울특별시 은평구 응암동 402-6번지 지층,서울특별시 은평구 응암로22길 22 (응암동),3468,월드컵노래연습장,126.920450928132,37.593311881814
서울특별시 은평구 대조동 3-16 지층,서울특별시 은평구 통일로71길 32 (대조동),3391,필통노래연습장,126.927750110193,37.61228701457
서울특별시 은평구 역촌동 56-1번지 지층,"서울특별시 은평구 역말로 20 (역촌동, 역촌빌딩)",3419,동네노래연습장,126.91258278887,37.60547996179
서울특별시 은평구 진관동 69-1번지,서울특별시 은평구 진관3로 22 (진관동),3306,Eco노래연습장,126.919176848907,37.6389439926912
서울특별시 은평구 신사동 2-19,서울특별시 은평구 은평로 57 (신사동),3422,탑코인노래연습장(응암역2호점),126.914250410365,37.598943149631
서울특별시 은평구 갈현동 455-9,"서울특별시 은평구 연서로27길 8-7, 지층 (갈현동)",3331,락 코인노래연습장(연신내점),126.918779175838,37.6181149001701
서울특별시 은평구 역촌동 37-40,서울특별시 은평구 진흥로1길 21 (역촌동),3407,씽스타코인 노래연습장,126.91842651128,37.602408616278
서울특별시 은평구 갈현동 454-1,서울특별시 은평구 연서로29길 13 (갈현동),3331,악쓰는하마코인노래연습장,126.918639609689,37.6189645255796
서울특별시 은평구 갈현동 468-2 삼진빌딩,"서울특별시 은평구 서오릉로 156, 삼진빌딩 (갈현동)",3336,탑코인노래연습장(구산역점),126.916017465777,37.6122769958038
서울특별시 은평구 역촌동 2-50번지 2층,"서울특별시 은평구 역말로 105, 2층 (역촌동)",3398,나가수노래연습장,126.920336247232,37.6086909906564
서울특별시 은평구 녹번동 144-57 지층,서울특별시 은평구 진흥로 120-1 (녹번동),3378,수노래연습장,126.923853247539,37.6071240590735
서울특별시 은평구 대조동 38-4번지 지층,"서울특별시 은평구 진흥로 143, 지층 (대조동)",3395,옥동노래연습장,126.92558959919,37.6085099873913
서울특별시 은평구 응암동 595-1 2층,서울특별시 은평구 응암로 169 (응암동),3485,피플노래연습장,126.916208443002,37.5872158072184
서울특별시 은평구 대조동 220-6번지 지층,서울특별시 은평구 연서로 182 (대조동),3387,짱노래연습장,126.918192940334,37.6149759934129
서울특별시 은평구 응암동 124-47번지 지층,서울특별시 은평구 응암로21길 4 (응암동),3456,골든벨노래연습장,126.917645706766,37.5940722868127
서울특별시 은평구 신사동 23-5 지층,"서울특별시 은평구 은평로 64, 지층 (신사동)",3449,탑코인노래연습장(응암역1호점),126.914843349966,37.5987275213509
서울특별시 은평구 응암동 599-60번지 2층,서울특별시 은평구 응암로11길 12-1 (응암동),3485,샾노래연습장,126.91545025561,37.5887674962979
서울특별시 은평구 수색동 317-9번지 지층,"서울특별시 은평구 수색로 340 (수색동, 동일빌딩)",3487,열린노래연습장,126.888312573495,37.5864861502708
서울특별시 은평구 갈현동 398-9번지,서울특별시 은평구 연서로29길 4-1 (갈현동),3330,도깨비 코인노래연습장,126.919760994271,37.6187386950036
서울특별시 은평구 갈현동 403-1,서울특별시 은평구 통일로83길 7 (갈현동),3330,힐링노래연습장,126.919096164116,37.6208784469298
서울특별시 은평구 갈현동 399-24번지 2층,서울특별시 은평구 연서로29길 14-16 (갈현동),3330,까치노래연습장,126.919424448933,37.6194943042425
서울특별시 은평구 갈현동 455-20번지 지층,서울특별시 은평구 연서로29길 7-2 (갈현동),3331,큐노래방,126.919179197454,37.6186767605045
서울특별시 은평구 녹번동 79-43 지층,"서울특별시 은평구 은평로 203-3, 지층 (녹번동)",3384,인연노래연습장,126.930035616444,37.6017203244798
서울특별시 은평구 역촌동 44-33,"서울특별시 은평구 진흥로 9, 지하1층 (역촌동)",3409,카페노래연습장,126.916575431535,37.5998609432542
서울특별시 은평구 응암동 107-12 지층,"서울특별시 은평구 응암로 286 (응암동, 성림빌딩)",3465,성림노래연습장,126.920063262195,37.5969833398303
서울특별시 은평구 응암동 85-1번지 지층,서울특별시 은평구 은평로13길 9-1 (응암동),3460,록경노래연습장,126.92543810351,37.6021184502036
서울특별시 은평구 갈현동 400-13 2층,서울특별시 은평구 연서로29길 14-15 (갈현동),3330,콩닥콩노래연습장,126.919386634638,37.6196874501574
서울특별시 은평구 역촌동 41-52번지 지하,"서울특별시 은평구 진흥로 51 (역촌동, 은혜빌딩)",3408,샤인노래연습장,126.920278517529,37.6017654935532
서울특별시 은평구 응암동 719-15번지 지층,서울특별시 은평구 응암로12길 9-10 (응암동),3479,SBS노래연습장,126.91799921404,37.5882952825271
서울특별시 은평구 응암동 110-4번지 지층,서울특별시 은평구 은평로8길 8 (응암동),3454,하나노래연습장,126.920618192163,37.5996863265464
서울특별시 은평구 신사동 24-8번지 지층,서울특별시 은평구 증산로21길 6 (신사동),3450,윙크노래연습장,126.914212232013,37.5959002051114
서울특별시 은평구 신사동 17-10 지층,서울특별시 은평구 갈현로 7 (신사동),3437,썬노래연습장,126.910030981908,37.5986806134193
서울특별시 은평구 신사동 17-1 2층,서울특별시 은평구 갈현로 11 (신사동),3437,팡팡노래연습장,126.910005362886,37.598985128751
서울특별시 은평구 대조동 196-19번지 지층,서울특별시 은평구 연서로26길 9-4 (대조동),3385,썬노래방,126.920866234868,37.6170666672818
서울특별시 은평구 역촌동 44-34번지 지층,서울특별시 은평구 진흥로 11 (역촌동),3409,올래노래연습장,126.916769438096,37.5999397367057
서울특별시 은평구 응암동 109-9번지 3층,"서울특별시 은평구 은평로8길 3 (응암동, 한마음빌딩)",3454,금영노래연습장,126.921131327918,37.5997519923811
서울특별시 은평구 갈현동 498-7번지 지층,서울특별시 은평구 연서로17길 45-1 (갈현동),3335,유앤아이노래연습장,126.912470676306,37.6139808907458
서울특별시 은평구 갈현동 394-10 지층,서울특별시 은평구 통일로85길 5 (갈현동),3329,하이노래연습장,126.919094218781,37.6220463954482
서울특별시 은평구 갈현동 454-3번지 지층,서울특별시 은평구 연서로27길 16-8 (갈현동),3331,소리야노래연습장,126.918162558866,37.6184108991369
서울특별시 은평구 응암동 427-83 지층,서울특별시 은평구 응암로22길 11 (응암동),3466,영상노래연습장,126.919359986199,37.5938038037143
서울특별시 은평구 녹번동 176-26 지층,서울특별시 은평구 응암로 343 (녹번동),3458,놀러와노래연습장,126.922194853623,37.6017364090617
서울특별시 은평구 갈현동 400-2번지 지층,"서울특별시 은평구 연서로29길 14-13 (갈현동, 남경빌딩)",3330,25시노래연습장,126.919167569469,37.6195826055425
서울특별시 은평구 갈현동 489-24번지 2층,서울특별시 은평구 서오릉로 180 (갈현동),3335,신바람,126.913568094422,37.6132761355377
서울특별시 은평구 역촌동 54-1,"서울특별시 은평구 갈현로 89, 2층 (역촌동)",3430,불러불러노래연습장,126.910384801313,37.6058987150373
서울특별시 은평구 수색동 368-5번지 지층,서울특별시 은평구 수색로 264-1 (수색동),3489,앵콜노래연습장,126.895056464137,37.5826687054056
서울특별시 은평구 구산동 190-6번지 지층,서울특별시 은평구 갈현로11길 10 (구산동),3430,아싸노래연습장,126.909376479212,37.605481327454
서울특별시 은평구 역촌동 14-97번지 지층,서울특별시 은평구 역말로 94 (역촌동),3404,웰빙노래연습장,126.920003279702,37.6077401315665
서울특별시 은평구 응암동 696-50번지 지층,서울특별시 은평구 가좌로7다길 2 (응암동),3482,한마음노래방,126.918129448966,37.5857883610948
서울특별시 은평구 응암동 602-31 2층,서울특별시 은평구 응암로 174-1 (응암동),3478,빙고노래연습장,126.916911297122,37.5874414620912
서울특별시 은평구 갈현동 456-32,서울특별시 은평구 연서로29길 5 (갈현동),3331,21세기노래연습장,126.919505132934,37.6186208517501
서울특별시 은평구 응암동 323-6,"서울특별시 은평구 응암로14길 4, 지층 (응암동)",3470,큐노래연습장,126.917727078706,37.5900987895276
서울특별시 은평구 응암동 110-57,"서울특별시 은평구 은평로 112, 3층 (응암동)",3454,판타스틱 코인노래연습장(응암점),126.920289994893,37.5998176499827
서울특별시 양천구 목동 612-6 2층,"서울특별시 양천구 목동중앙북로7가길 55 (목동,2층)",7946,톱스타노래연습장,126.864561375101,37.5497076267605
서울특별시 구로구 개봉동 407-18 (지층),"서울특별시 구로구 개봉로20길 78 (개봉동,(지층))",8329,휘파람노래연습장,126.858686334102,37.4932603468144
서울특별시 강북구 번동 444-1 지하동,"서울특별시 강북구 오패산로 399, 지하동 (번동)",,짱노래연습장,127.027376822552,37.636627831096
서울특별시 서대문구 창천동 2-33 지하1층,"서울특별시 서대문구 명물길 41, 지하1층 (창천동)",3776,블링블링 노래연습장,126.938591196325,37.5586641633737
서울특별시 서대문구 창천동 33-16 지층,"서울특별시 서대문구 연세로9길 3, 지층 (창천동)",3788,리코스타 코인노래연습장 연대점,126.936627443408,37.5583943582622
서울특별시 서대문구 남가좌동 322-18 2층,"서울특별시 서대문구 명지대1길 2, 2층 (남가좌동)",3673,리코스타 코인노래연습장 명지대1호점,126.924697166275,37.5813104729585
서울특별시 서대문구 홍은동 409-51번지 지층,"서울특별시 서대문구 증가로10길 63, 지층 (홍은동)",3662,리코스타 코인노래연습장 명지대2호점,126.925277979388,37.5796913961199
서울특별시 서대문구 홍제동 330-61,"서울특별시 서대문구 통일로 455, 경인주유소 지층 (홍제동)",3636,고래고래 코인노래연습장,126.943337675172,37.5891287172466
서울특별시 서대문구 연희동 188-2번지 신라빌딩 2층,"서울특별시 서대문구 연희로 97, 신라빌딩 2층 (연희동)",3708,ZI 코인노래연습장,126.930516521058,37.5668038837366
서울특별시 서대문구 홍제동 315-1,"서울특별시 서대문구 통일로37길 19, 지하1층 (홍제동)",3646,원 코인노래연습장,126.944270672881,37.5874189875497
서울특별시 서대문구 북가좌동 299-4 2층,"서울특별시 서대문구 응암로 82 (북가좌동,2층)",,OK 노래연습장,126.911824253496,37.5801381963688
서울특별시 서대문구 홍제동 137-15 지층,"서울특별시 서대문구 통일로 422, 지층 (홍제동)",3630,센스 노래연습장,126.946437152597,37.5871283392005
서울특별시 서대문구 홍제동 274-9,"서울특별시 서대문구 세검정로 62, 2층 (홍제동)",3622,씽씽 노래연습장,126.947836612155,37.5932296744633
서울특별시 서대문구 충정로3가 31-61 지층,"서울특별시 서대문구 경기대로 25 (충정로3가,지층)",,축제노래연습장,126.961677970222,37.5617520795571
서울특별시 서대문구 남가좌동 338-39 지층,"서울특별시 서대문구 증가로 111 (남가좌동,지층)",,노래천국노래연습장,126.924861588467,37.5766540613479
서울특별시 서대문구 북가좌동 309-2 지층호,"서울특별시 서대문구 응암로 81, 지층호 (북가좌동)",,영 노래연습장,126.911430149209,37.5804400044725
서울특별시 서대문구 북가좌동 292-12,"서울특별시 서대문구 응암로 106, 지층 (북가좌동)",3682,코스모스노래연습장,126.913233209058,37.5819498768576
서울특별시 서대문구 창천동 45-12,서울특별시 서대문구 명물길 33 (창천동),3776,와라 코인 노래연습장,126.938228336494,37.5584026849485
서울특별시 서대문구 창천동 13-28 지층,"서울특별시 서대문구 명물길 16, 지층 (창천동)",3777,히든코인싱어 노래연습장,126.937791354253,37.5575891254207
서울특별시 서대문구 대현동 34-53 3층,"서울특별시 서대문구 이화여대길 66, 3층 (대현동)",3765,락휴코인노래연습장 이대점,126.94476075397,37.5592948455348
서울특별시 서대문구 남가좌동 322-1 2층,"서울특별시 서대문구 명지대1길 38, 2층 (남가좌동)",3673,큐노래연습장,126.923883441217,37.5821547224917
서울특별시 서대문구 창천동 52-123,서울특별시 서대문구 연세로7안길 14 (창천동),,락휴 코인노래연습장 신촌 연대점,126.936056431661,37.5581642961444
서울특별시 서대문구 북가좌동 292-1,서울특별시 서대문구 응암로 108 (북가좌동),,세븐노래연습장,126.913332740803,37.5821304189353
서울특별시 서대문구 창천동 13-19,서울특별시 서대문구 명물길 24 (창천동),3777,더 스타 노래연습장,126.938137498354,37.5578023030191
서울특별시 서대문구 대현동 90-25,서울특별시 서대문구 이화여대1길 42-14 (대현동),,쎄쎄노래연습장,126.943563729711,37.5578491702543
서울특별시 서대문구 홍은동 274-48,서울특별시 서대문구 모래내로 350-1 (홍은동),3658,용가리노래연습장,126.935451410484,37.5810889821499
서울특별시 서대문구 충정로2가 26,"서울특별시 서대문구 통일로9안길 38, 지층 (충정로2가)",3735,브르지오노래연습장,126.965606844775,37.5657850678073
서울특별시 서대문구 창천동 57-24 스타렛빌딩,"서울특별시 서대문구 연세로5나길 14, 스타렛빌딩 지층 (창천동)",3789,스타렛노래연습장,126.935518998494,37.5570595615344
서울특별시 서대문구 남가좌동 338-5 2층,"서울특별시 서대문구 증가로 117-1 (남가좌동, 2층)",3692,가자노래연습장,126.924272409355,37.5770467886207
서울특별시 서대문구 영천동 278,"서울특별시 서대문구 통일로 203-1, 지층 (영천동)",3734,독립문 노래연습장,126.960853871748,37.5712956983234
서울특별시 서대문구 남가좌동 324-45,서울특별시 서대문구 증가로10길 41 (남가좌동),,솔바람노래연습장,126.924248772573,37.5790352671797
서울특별시 서대문구 영천동 320 지층,"서울특별시 서대문구 통일로 191, 지층 (영천동)",3734,통일 노래연습장,126.961779824258,37.5704128461994
서울특별시 서대문구 남가좌동 345-3 지하1층,"서울특별시 서대문구 증가로 129 (남가좌동,지하1층)",,또와노래연습장,126.923236232043,37.5772699263115
서울특별시 서대문구 북아현동 134-3 지층,"서울특별시 서대문구 북아현로2안길 6 (북아현동,지층)",,서울노래연습장,126.956846647222,37.5582167027617
서울특별시 서대문구 홍제동 266-115 지층,"서울특별시 서대문구 세무서9길 19 (홍제동,지층)",,송원노래연습장,126.946015701372,37.5918888104788
서울특별시 서대문구 충정로2가 5-9번지 지1,"서울특별시 서대문구 통일로9안길 33  (충정로2가,지1)",,모모노래연습장,126.965584574472,37.5659703961962
서울특별시 서대문구 북가좌동 326-6 지층,"서울특별시 서대문구 응암로 89 (북가좌동,지층)",,팡팡노래연습장,126.911920498745,37.5810854827082
서울특별시 서대문구 충정로2가 29-0 지층,"서울특별시 서대문구 충정로11길 12 (충정로2가,지층)",,스타노래연습장,126.965666894851,37.5656545309606
서울특별시 서대문구 영천동 291-0번지 2층,"서울특별시 서대문구 통일로 205-3 (영천동,2층)",,로또노래연습장,126.960744660652,37.5712493509078
서울특별시 서대문구 북가좌동 329-36 지하1층,"서울특별시 서대문구 증가로 255 (북가좌동,지하1층)",,KBS노래방,126.911647700219,37.5833485739437
서울특별시 서대문구 남가좌동 291-58 9통3반,서울특별시 서대문구 수색로2길 7 (남가좌동),,준 노래연습장,126.915981995677,37.5691852263581
서울특별시 서대문구 창천동 57-3,서울특별시 서대문구 연세로5가길 8-3 (창천동),,싼타노래연습장,126.93614721844,37.5574794973537
서울특별시 서대문구 홍은동 401-12 지층,"서울특별시 서대문구 명지대2길 2, 지층 (홍은동)",3675,슈퍼스타 코인노래연습장,126.925101807185,37.5814039832182
서울특별시 서대문구 미근동 31-2,서울특별시 서대문구 통일로 107-15 (미근동),,세븐노래연습장,126.967153140573,37.5644483397888
서울특별시 서대문구 창천동 31-40,서울특별시 서대문구 연세로5가길 8-6 (창천동),,불러불러 노래연습장,126.936437946856,37.557505152443
서울특별시 서대문구 홍은동 11-392번지 지층,"서울특별시 서대문구 홍은중앙로 75-6 (홍은동,지층)",,열창노래연습장,126.94630960035,37.5980940729401
서울특별시 서대문구 홍제동 35-5 지층,"서울특별시 서대문구 통일로 350, 지층 (홍제동)",3635,가족노래연습장,126.950993822214,37.5816545331972
서울특별시 서대문구 창천동 57-3,서울특별시 서대문구 연세로5가길 8-3 (창천동),,콜노래연습장,126.93614721844,37.5574794973537
"서울특별시 서대문구 창천동 52-49 (창천동 52-49,52-50) ","서울특별시 서대문구 연세로7안길 1, 지층 (창천동)",3788,어썸코인노래연습장 신촌3호점,126.936184642231,37.5577890101131
서울특별시 서대문구 홍제동 294-4번지,서울특별시 서대문구 통일로 478  (홍제동),,방콕노래연습장,126.942293177063,37.5908933451168
서울특별시 서대문구 미근동 186,서울특별시 서대문구 통일로 107-7 (미근동),,바르셀로나노래연습장,126.967248637327,37.564265283882
서울특별시 서대문구 홍제동 315-21 2층,"서울특별시 서대문구 통일로37길 15, 2층 (홍제동)",3646,팡팡노래연습장,126.944303982046,37.5875414481703
서울특별시 서대문구 북가좌동 309-3 2층,"서울특별시 서대문구 응암로 79, 2층 (북가좌동)",3679,보보노래연습장,126.911189682461,37.5802546696289
서울특별시 서대문구 남가좌동 347-2 지층,"서울특별시 서대문구 증가로 133, 우리은행 지층 (남가좌동)",3692,비엔나 노래연습장,126.922548600139,37.5772858752541
서울특별시 서대문구 홍제동 326-20,서울특별시 서대문구 통일로 473 (홍제동),3636,파랑새 노래연습장,126.942148261713,37.5901422972131
서울특별시 서대문구 홍제동 305-2 지층,"서울특별시 서대문구 통일로 456 (홍제동,지층)",,짱가노래연습장,126.943847935844,37.5893344774486
서울특별시 서대문구 미근동 31-13 2층,"서울특별시 서대문구 통일로 107-29 (미근동,2층)",,우리,126.966993777832,37.5644381140867
서울특별시 서대문구 남가좌동 344-33 지층,"서울특별시 서대문구 증가로 140 (남가좌동,지층)",,올스타,126.922019457485,37.5777354833302
서울특별시 서대문구 홍제동 174-21 지하,"서울특별시 서대문구 세무서길 12 (홍제동,지하)",,와,126.945642117262,37.588523252875
서울특별시 서대문구 영천동 323,서울특별시 서대문구 통일로 189-1 (영천동),,텔렌트노래연습장,126.961866338275,37.570349534206
서울특별시 서대문구 홍제동 306-19 지층,"서울특별시 서대문구 통일로37길 12, 지층 (홍제동)",3639,썸데이 노래연습장,126.944136571927,37.5877840964672
서울특별시 서대문구 창천동 57-7,서울특별시 서대문구 연세로5가길 3 (창천동),,코코노래연습장,126.936189320885,37.5572130952403
서울특별시 서대문구 북가좌동 299-6,서울특별시 서대문구 응암로 84 (북가좌동),,동심초2노래연습장,126.911891450924,37.580276458959
서울특별시 서대문구 남가좌동 329-25,서울특별시 서대문구 증가로 101 (남가좌동),,좋아좋아노래연습장,126.925550444548,37.5760844387339
서울특별시 서대문구 창천동 52-61 지층,"서울특별시 서대문구 연세로7길 20 (창천동,지층)",,럭셔리노래연습장,126.935728203561,37.5577847080442
서울특별시 서대문구 홍제동 299-7 지층,"서울특별시 서대문구 통일로 470 (홍제동,지층)",,휘노래연습장,126.942821684939,37.5903480515753
서울특별시 서대문구 창천동 57-50번지 지층,"서울특별시 서대문구 연세로7길 15 (창천동,지층)",,리코스타 코인노래연습장 신촌점,126.935850154455,37.5575834015011
서울특별시 서대문구 창천동 52-59,서울특별시 서대문구 연세로7길 18 (창천동),,MC,126.935870123899,37.5577887496011
서울특별시 서대문구 연희동 193-17 정암빌딩 지층,"서울특별시 서대문구 연희로 81-21, 정암빌딩 지층 (연희동)",3708,K2노래연습장,126.928937977566,37.5658386083361
서울특별시 서대문구 연희동 81-9 지층,"서울특별시 서대문구 연희로 163-1, 지층 (연희동)",3699,드루와 노래연습장,126.934694570601,37.5719046411458
서울특별시 서대문구 북가좌동 330-19 2층,"서울특별시 서대문구 증가로 248, 2층 (북가좌동)",3677,오스카노래연습장,126.912406611409,37.5832285866554
서울특별시 서대문구 홍제동 334-85,서울특별시 서대문구 홍제내길 128 (홍제동),,스위스노래연습장,126.936722236706,37.5880207394477
서울특별시 서대문구 북아현동 154-1 지층,"서울특별시 서대문구 신촌로35길 7 (북아현동,지층)",,공간노래연습장,126.955124555895,37.5578090803673
서울특별시 서대문구 홍은동 9-83,서울특별시 서대문구 홍은중앙로 104 (홍은동),,스타노래연습장,126.948715565353,37.5995801561163
서울특별시 서대문구 북아현동 125-27 2층,"서울특별시 서대문구 북아현로2길 10 (북아현동,2층)",,팡팡노래연습장,126.957130235674,37.5584744011515
서울특별시 서대문구 북가좌동 343-1,서울특별시 서대문구 증가로 259 (북가좌동),,선정노래연습장,126.911163441601,37.5836644590608
서울특별시 서대문구 북가좌동 291-2,서울특별시 서대문구 증가로 223 (북가좌동),,파티파티노래연습장,126.914213583462,37.5814048617152
서울특별시 서대문구 홍제동 156-1 2층,"서울특별시 서대문구 모래내로 470, 2층 (홍제동)",3730,연정 노래연습장,126.946796104272,37.5859583822057
서울특별시 서대문구 홍제동 139-12 지층,"서울특별시 서대문구 통일로 412-1 (홍제동,지층)",,크크노래연습장,126.947158114482,37.5863718302377
서울특별시 서대문구 홍제동 275-7 지상2층,"서울특별시 서대문구 세검정로 74 (홍제동,지상2층)",,라이브노래연습장,126.948344153682,37.5941514319867
서울특별시 서대문구 홍제동 306-9,서울특별시 서대문구 통일로37길 16 (홍제동),,훼미리,126.944104971029,37.5876485722206
서울특별시 서대문구 남가좌동 324-10,서울특별시 서대문구 증가로10길 59 (남가좌동),,별빛,126.925066268951,37.5795861159496
서울특별시 서대문구 홍은동 427-4 지층,"서울특별시 서대문구 모래내로 364 (홍은동,지층)",,애창,126.936508595384,37.5818772040339
서울특별시 서대문구 홍제동 266-60,서울특별시 서대문구 세검정로 46 (홍제동),,목화,126.946324798515,37.5920696904303
서울특별시 서대문구 남가좌동 343-4,서울특별시 서대문구 거북골로 41-1 (남가좌동),,새턴노래연습장,126.923354641281,37.5789310757344
서울특별시 서대문구 대현동 37-1번지,"서울특별시 서대문구 이화여대길 75, 2층 (대현동)",3766,이화 코노 노래연습장,126.944304398824,37.5590132497902
서울특별시 서대문구 영천동 325,"서울특별시 서대문구 통일로 189, 지하1층 (영천동)",3734,럭키노래연습장,126.96198807806,37.5702428956205
서울특별시 서대문구 남가좌동 324-31,"서울특별시 서대문구 거북골로 31, 지하1층 (남가좌동)",3665,인서트 코인노래연습장,126.924347175515,37.5795707007953
서울특별시 서대문구 창천동 33-20번지,"서울특별시 서대문구 연세로 29, 지하1층 (창천동)",3788,어썸 코인노래연습장 신촌2호점,126.936708737412,37.5582223114286
서울특별시 서대문구 창천동 31-80 큐비드빌딩,"서울특별시 서대문구 명물길 23, 큐비드빌딩 4층 (창천동)",3776,휴 코인노래연습장 신촌 명물거리점,126.937854004585,37.5581938175898
서울특별시 서대문구 남가좌동 343-1 지층,"서울특별시 서대문구 거북골로 39, 지층 (남가좌동)",3665,엠제이 코인노래연습장,126.923573936896,37.5791427712657
서울특별시 서대문구 홍제동 137-14번지,"서울특별시 서대문구 통일로 424, 지하층 (홍제동)",3630,베스타코인노래연습장,126.946364518423,37.5872110173475
서울특별시 서대문구 홍제동 173-2 서광교회,"서울특별시 서대문구 통일로37길 4, 지층 (홍제동)",3639,테크노 노래연습장,126.944447890233,37.5881466226014
서울특별시 서대문구 창천동 31-45,"서울특별시 서대문구 연세로 19, 2,3,4층 (창천동)",3789,악쓰는하마코인노래연습장 신촌점,,
서울특별시 서대문구 북가좌동 299-7,"서울특별시 서대문구 응암로 86, 지층 (북가좌동)",3683,탑 코인 노래연습장,126.912032288965,37.5804657726427
서울특별시 서대문구 대현동 27-33번지 대국빌딩,"서울특별시 서대문구 신촌역로 22-8, 대국빌딩 지하2층 (대현동)",3766,리코스타 코인노래연습장 이대점,126.943354842765,37.5588458433014
서울특별시 서대문구 충정로2가 18,"서울특별시 서대문구 충정로11길 8, 3층 (충정로2가)",3735,스마일 코인노래연습장,126.96585283391,37.5657205377965
서울특별시 서대문구 창천동 13-33번지,"서울특별시 서대문구 연세로4길 19, 지층 (창천동)",3777,와라코인 노래연습장,126.937809863398,37.557379112725
서울특별시 서대문구 남가좌동 267-11번지 2층 267동 11호,,,월드컵노래연습장,,
서울특별시 서대문구 홍은동 274-48번지 지층,"서울특별시 서대문구 모래내로 350-1  (홍은동,지층)",,용가리노래연습장,126.935451410484,37.5810889821499
서울특별시 서대문구 창천동 31-32번지 지층 31동 32호,"서울특별시 서대문구 명물길 17, 31동 32호 (창천동,지층)",,고래고래노래연습장,126.937505781432,37.55789405225
서울특별시 서대문구 홍은동 11-392번지 지층,"서울특별시 서대문구 홍은중앙로 75-6  (홍은동,지층)",,열창노래연습장,126.94630960035,37.5980940729401
서울특별시 서대문구 창천동 52-51번지 2층,"서울특별시 서대문구 연세로7길 14  (창천동,2층)",,짱이야노래연습장,126.936053020581,37.5577854250109
서울특별시 서대문구 창천동 31-15번지,서울특별시 서대문구 연세로 32  (창천동),,칼라비디오극장,126.937132516256,37.5584415702212
서울특별시 서대문구 홍은동 9-106번지 지층,"서울특별시 서대문구 홍은중앙로 96  (홍은동,지층)",,팡팡노래연습장,126.948070271067,37.599165958771
서울특별시 서대문구 창천동 9-20번지 지층,"서울특별시 서대문구 연세로 20  (창천동,지층)",,X(eks)노래연습장,126.937068700844,37.5574794515001
서울특별시 마포구 연남동 255-20,"서울특별시 마포구 동교로 251, 지1층 (연남동)",3984,K 노래연습장,126.924202913917,37.5624010661205
서울특별시 마포구 연남동 259-4 파크연남,"서울특별시 마포구 동교로 233, 지하 1층 (연남동, 파크연남)",3984,골든싱어코인노래연습장 연남점,126.924024982068,37.5609588167788
서울특별시 마포구 성산동 591-4 대명비첸시티오피스텔,"서울특별시 마포구 월드컵로 196, 대명비첸시티오피스텔 2층 202호 (성산동)",3938,세븐스타코인노래연습장 마포구청역점,126.902750212857,37.5647995635391
서울특별시 마포구 망원동 378-3,"서울특별시 마포구 월드컵로 73, 일부 지하 1층 (망원동)",4013,연인 노래연습장,126.910357684549,37.5554229661709
서울특별시 마포구 합정동 413-5,"서울특별시 마포구 독막로 13, 지하 1층 (합정동)",4046,렉스코인노래연습장 합정점,126.915065611158,37.548813842869
서울특별시 마포구 서교동 363-14,"서울특별시 마포구 잔다리로 14, 3층, 4층 (서교동)",4041,세븐틴코인 노래연습장 홍대점,126.921649135142,37.5509543013654
서울특별시 마포구 망원동 396-42번지 지하1층,"서울특별시 마포구 희우정로 82-1, 지하1층 (망원동)",4017,와우노래연습장,126.903461698512,37.5532283756696
서울특별시 마포구 연남동 226-15번지 지하1층,"서울특별시 마포구 성미산로 199, 지하1층 (연남동)",3981,씨티 노래연습장,126.927113322711,37.5625180460536
서울특별시 마포구 합정동 434-7번지 지하1층,"서울특별시 마포구 포은로 44, 지하1층 (합정동)",4021,로즈 노래연습장,126.907205510093,37.5514650611558
서울특별시 마포구 염리동 159-8번지 지하1층,"서울특별시 마포구 백범로26길 8, 지하1층 (염리동)",4149,옥소리노래연습장,126.945993890183,37.5455821363431
서울특별시 마포구 성산동 294-4번지 지하1층,"서울특별시 마포구 성미산로 26, 지하1층 (성산동)",3997,서울 노래연습장,126.911142289603,37.558494247576
서울특별시 마포구 도화동 290-4 지하1층,"서울특별시 마포구 마포대로4길 30, 지하1층 (도화동)",4173,부부 노래연습장,126.946584461933,37.5384478396485
서울특별시 마포구 동교동 162-3 지하층,"서울특별시 마포구 홍익로6길 15, 지하층 (동교동, 삼주빌딩)",4050,홍대 코인 노래연습장,126.922709032013,37.5553579057749
서울특별시 마포구 서교동 358-30 3층,"서울특별시 마포구 와우산로21길 4, 3층 (서교동)",4040,어썸 코인 노래연습장,126.92372929902,37.5526823359007
서울특별시 마포구 동교동 198-22번지 지하1층,"서울특별시 마포구 동교로 221, 지하1층 (동교동)",3993,바비노래연습장,126.92362144615,37.5597815844476
서울특별시 마포구 도화동 55 지1층,"서울특별시 마포구 마포대로4길 30-3, 지1층 (도화동)",4173,수 노래연습장 도화점,126.946453315336,37.5383014578297
서울특별시 마포구 망원동 435-1 2층,"서울특별시 마포구 방울내로 67, 2층 (망원동)",3961,두바이 노래연습장,126.902778121521,37.5601335973222
서울특별시 마포구 동교동 164-33번지 지하1층,"서울특별시 마포구 어울마당로 133, 지1층 (동교동)",4050,큐코인 노래연습장,126.924659229855,37.5562598933684
서울특별시 마포구 망원동 478-5 지하1층,"서울특별시 마포구 월드컵로 137, 지하1층 (망원동)",3963,쿨2 노래연습장,126.906120670985,37.5601395459984
서울특별시 마포구 도화동 182-7번지 지하1층,"서울특별시 마포구 도화길 42-1, 지하1층 (도화동)",4169,영희 노래연습장,126.950471067372,37.5415515863287
서울특별시 마포구 망원동 418-1 3층,"서울특별시 마포구 망원로 24, 3층 (망원동)",4007,토마토노래연습장,126.899636081982,37.5561118914478
"서울특별시 마포구 서교동 364-24 2,3,4층 ","서울특별시 마포구 와우산로21길 37, 2,3,4층 (서교동)",4041,수노래연습장 홍대본점,,
서울특별시 마포구 용강동 45-16번지 2층,"서울특별시 마포구 토정로32길 3, 2층 (용강동)",4165,뉴월드 노래연습장,126.941676555911,37.5407896492483
서울특별시 마포구 서교동 405-3 지하1층,"서울특별시 마포구 잔다리로 19, 지하1층 (서교동)",4048,L(엘) 노래연습장,126.920869639143,37.5506378015082
서울특별시 마포구 서교동 366-24 3층,"서울특별시 마포구 잔다리로2길 19, 3층 (서교동)",4042,빅코인 노래연습장,126.920986742713,37.5517318717902
서울특별시 마포구 서교동 400-13번지 지하1층,"서울특별시 마포구 양화로6길 73, 지하1층 (서교동)",4047,J 노래연습장,126.91831258774,37.5486228696036
서울특별시 마포구 망원동 394-86 2층,"서울특별시 마포구 포은로 67, 2층 (망원동)",4017,K팝스타 코인노래연습장,126.906035897936,37.5532902785265
서울특별시 마포구 망원동 484-2 2층,"서울특별시 마포구 월드컵로 103-1, 2층 (망원동)",4011,힐링 노래연습장,126.90823736548,37.5577446486628
서울특별시 마포구 동교동 163-9번지 지하1층,"서울특별시 마포구 홍익로6길 10, 지하1층 (동교동, 준봉빌딩)",4050,락휴 코인 노래연습장 홍대점,126.922687318825,37.5550137105249
서울특별시 마포구 서교동 369-27번지 지하1층,"서울특별시 마포구 잔다리로6길 19, 지하1층 (서교동)",4039,탑코인 노래연습장,126.920225211701,37.5522866447739
서울특별시 마포구 용강동 51-1번지,"서울특별시 마포구 토정로 314, 2층 (용강동)",4165,OK노래연습장,126.943572359369,37.5396477421375
서울특별시 마포구 성산동 210-13 지하1층,"서울특별시 마포구 성미산로 85, 지하1층 (성산동)",3978,우리 노래연습장,126.916984290685,37.5609583108942
서울특별시 마포구 동교동 154-8 지하1층,"서울특별시 마포구 월드컵북로2길 93, 지하1층 (동교동)",3994,락휴 코인노래연습장 홍대연남점,126.924816169617,37.5587712526005
서울특별시 마포구 동교동 166-11,"서울특별시 마포구 양화로18길 9, 지하1층 (동교동)",4051,i 코인 노래연습장,126.924699552205,37.5567902460891
서울특별시 마포구 연남동 228-20 2층,"서울특별시 마포구 동교로 266, 2층 (연남동)",3982,M 노래연습장,126.925473216007,37.5631565493367
서울특별시 마포구 서교동 369-5번지 지하1층,"서울특별시 마포구 잔다리로6길 39, 지하1층 (서교동)",4039,고음불가3 노래연습장,126.921375976802,37.552438063498
서울특별시 마포구 용강동 40-2번지,서울특별시 마포구 토정로 319 (용강동),4166,팡팡 노래연습장,126.944221562956,37.5397122017629
서울특별시 마포구 노고산동 49-51 3층,"서울특별시 마포구 신촌로12가길 37, 3층 (노고산동)",4057,앵콜 노래연습장 2,126.934657807495,37.5554163896692
서울특별시 마포구 성산동 263-4 2층,"서울특별시 마포구 월드컵로 146, 2층 (성산동, 송원빌딩)",3970,킹 노래연습장 성산점,126.905980430636,37.5609579897712
서울특별시 마포구 용강동 40-5 지하1층,"서울특별시 마포구 토정로 315, 지하1층 (용강동)",4166,쿨 노래연습장,126.944149311847,37.5399466077937
서울특별시 마포구 도화동 204-11번지 지하1층,"서울특별시 마포구 삼개로3길 6, 지하1층 (도화동)",4172,발리 노래연습장,126.94775992308,37.5386527123196
서울특별시 마포구 염리동 9-129번지 지하1층,"서울특별시 마포구 대흥로30길 12, 지하1층 (염리동)",4113,붕붕 노래연습장,126.946750230253,37.5562548940559
서울특별시 마포구 용강동 43-5번지,"서울특별시 마포구 토정로 307, 지1층 (용강동)",4166,키스 노래연습장,126.943204503104,37.5404033244962
서울특별시 마포구 합정동 383-26번지 지하1층,"서울특별시 마포구 월드컵로1길 17, 지하1층 (합정동)",4027,넘버원 노래연습장,126.911994534229,37.5494350847627
서울특별시 마포구 망원동 373-5,"서울특별시 마포구 월드컵로 89, 지1층 (망원동)",4012,킹덤 노래연습장,126.909173511781,37.5567619342064
서울특별시 마포구 도화동 250-1 에벤에셀,"서울특별시 마포구 도화길 10, 에벤에셀 지하 1층 (도화동)",4173,세븐틴코인노래연습장(마포점),126.947408013992,37.5398073678554
서울특별시 마포구 성산동 279-17,"서울특별시 마포구 월드컵로 164, 지하1층 (성산동)",3965,쿨 노래연습장,126.90495579097,37.5622992935812
서울특별시 마포구 서교동 407-1,"서울특별시 마포구 와우산로 67, 3층 (서교동)",4049,스포츠게임 노래연습장,126.922852641945,37.5505338771894
서울특별시 마포구 망원동 377-19번지,"서울특별시 마포구 월드컵로 81, 3층 (망원동)",4012,맥코인 노래연습장,126.909723811632,37.5560708408877
서울특별시 마포구 상암동 35-1번지,"서울특별시 마포구 월드컵북로44길 49, 지하1층 (상암동)",3930,럭키코인 노래연습장,126.894733339323,37.5768061933577
서울특별시 마포구 서교동 331-17,"서울특별시 마포구 어울마당로 140, 지하1층 (서교동)",4053,뉴코인싱어 노래연습장,126.925668458382,37.5560946594281
서울특별시 마포구 동교동 152-1,"서울특별시 마포구 동교로 226, 3층 (동교동)",3994,렉스코인 노래연습장,126.924030674209,37.5600344879606
서울특별시 마포구 망원동 377-5 베스트힐,"서울특별시 마포구 동교로9길 48, 베스트힐 3층 (망원동)",4012,세븐스타 코인노래연습장 망원역점,126.909502042286,37.5559340799314
서울특별시 마포구 상암동 30-1,"서울특별시 마포구 월드컵북로 324, 지하1층 (상암동)",3930,DMC 노래연습장,126.8957742125,37.5753819244659
서울특별시 마포구 연남동 229-34,"서울특별시 마포구 동교로 259, 지하1층 (연남동)",3983,렉스코인노래연습장 연남점,126.924853547951,37.563024160597
서울특별시 마포구 서교동 407-27,"서울특별시 마포구 잔다리로 5-1, 4층 (서교동)",4049,樂巢KTV&락소노래연습장,126.922326661681,37.5505195668914
서울특별시 마포구 서교동 407-22,"서울특별시 마포구 어울마당로 62, 지하1층 (서교동)",4049,악쓰는하마 코인노래연습장,126.921429397327,37.5506007838824
서울특별시 마포구 서교동 362-6,"서울특별시 마포구 와우산로 77, 지하1층 (서교동)",4041,망고 노래연습장,126.923083088381,37.5513752894754
서울특별시 마포구 서교동 364-17 금광빌딩,"서울특별시 마포구 어울마당로 74, 금광빌딩 지하2층, 지하3층 (서교동)",4041,락휴코인노래연습장 홍대본점,126.921631639385,37.5515597604562
서울특별시 마포구 신수동 81-59,"서울특별시 마포구 서강로16길 69, 3층 (신수동)",4109,지코인 노래연습장,126.93718651337,37.5514167009969
서울특별시 마포구 신수동 433-7번지 지하1층,"서울특별시 마포구 토정로 229-1, 지하1층 (신수동)",4088,밤섬 노래연습장,126.936330984637,37.5443469172087
서울특별시 마포구 서교동 352-25번지 지하1층,"서울특별시 마포구 월드컵북로1길 30, 지하1층 (서교동)",4031,라이브 노래연습장,126.91964516352,37.5546608309389
서울특별시 마포구 도화동 25-11번지 지하1층,"서울특별시 마포구 새창로 21, 지하1층 (도화동)",4169,스카이 노래연습장,126.952254531308,37.5421517559542
서울특별시 마포구 용강동 50-16번지 지하1층,"서울특별시 마포구 마포대로1길 16, 지하1층 (용강동)",4165,후 노래연습장,126.943142441441,37.5397308784185
서울특별시 마포구 망원동 57-33 지하1층,"서울특별시 마포구 월드컵로 95, 지하1층 (망원동)",4012,아지트 노래연습장,126.90875552122,37.5571612041475
서울특별시 마포구 성산동 253-10,"서울특별시 마포구 월드컵로28길 6, 지하1층 (성산동)",3971,애플 노래연습장,126.907601859028,37.5595012771117
서울특별시 마포구 도화동 536번지 정우빌딩 지하1층,"서울특별시 마포구 토정로37길 46, 지하1층 27호 (도화동, 정우빌딩)",4157,번개 노래연습장,126.947307540814,37.5425353700491
서울특별시 마포구 서교동 367-39번지,서울특별시 마포구 어울마당로 67 (서교동),4042,럭셔리 수 노래연습장,126.921103458554,37.5511572031882
서울특별시 마포구 도화동 290-10번지 지하1층,"서울특별시 마포구 마포대로4나길 7, 지하1층 (도화동)",4173,힐링 노래연습장 도화점,126.946445880461,37.5385719347018
서울특별시 마포구 성산동 200-1번지 지하1층,"서울특별시 마포구 월드컵북로 190, 지하1층 (성산동)",3946,하모니 노래연습장,126.907895859387,37.5683595593483
서울특별시 마포구 서교동 386-11번지 지하1층,"서울특별시 마포구 양화로7길 24, 지하1층 (서교동)",4037,보이스 노래연습장,126.914770521024,37.5518598149497
서울특별시 마포구 용강동 494-40 지하1층,"서울특별시 마포구 토정로 261, 지하1층 (용강동)",4159,소리샘 노래연습장,126.939396951664,37.5431010969782
서울특별시 마포구 망원동 477-2번지 지하1층,"서울특별시 마포구 월드컵로 149, 지하1층 (망원동)",3963,즐거운 노래연습장,126.905318082006,37.5609655694352
서울특별시 마포구 망원동 386-2번지 지하1층,"서울특별시 마포구 월드컵로 65, 지하1층 (망원동)",4018,엔돌핀 노래연습장,126.910869330338,37.5548617618262
서울특별시 마포구 대흥동 660-0번지 태영아파트상가 중앙동 지층,"서울특별시 마포구 독막로 266, 지층 (대흥동, 태영아파트상가 중앙동)",4153,태영콘서트 노래연습장,126.942389642584,37.5438675433938
서울특별시 마포구 도화동 289-2번지 지하1층,"서울특별시 마포구 마포대로4길 31, 지하1층 (도화동)",4173,디프 노래연습장,126.94680864621,37.5382339533018
서울특별시 마포구 서교동 405-1 지하1층,"서울특별시 마포구 잔다리로 17, 지하1층 (서교동)",4048,악쓰는하마코인노래연습장 홍대3호점,126.921038579505,37.5506535018717
서울특별시 마포구 성산동 200-365번지 3층,"서울특별시 마포구 월드컵북로 184, 3층 (성산동)",3946,앵콜 노래연습장,126.908374154783,37.5681293668049
서울특별시 마포구 용강동 50-1번지 지하1층,"서울특별시 마포구 토정로 304, 지하1층 (용강동)",4165,이브 노래연습장,126.942687855943,37.5402574733073
서울특별시 마포구 용강동 45-1 지하1층,"서울특별시 마포구 토정로 294, 지하1층 (용강동)",4165,써니 노래연습장,126.941858135997,37.5408251480812
서울특별시 마포구 용강동 45-21번지 지하층,"서울특별시 마포구 마포대로1길 26, 지하1층 (용강동)",4165,코러스 노래연습장,126.942323015666,37.540313878466
서울특별시 마포구 용강동 51-5번지 지하1층,"서울특별시 마포구 토정로 318, 지하1층 (용강동)",4165,썸씽 노래연습장,126.943764535727,37.5394324047183
서울특별시 마포구 용강동 494-41번지 지하1층,"서울특별시 마포구 토정로 263, 지하1층 (용강동)",4159,신나는 노래연습장,126.939543358748,37.5429796272045
서울특별시 마포구 대흥동 298 지하1층 102호,"서울특별시 마포구 대흥로 83, 지하 1층 102호 (대흥동)",4110,팔도강산 노래연습장,126.941372151118,37.547616910374
서울특별시 마포구 서교동 459-5 지하1층,"서울특별시 마포구 동교로 127, 지하1층 (서교동)",4002,슈퍼스타 노래연습장,126.916213410544,37.5551967915779
서울특별시 마포구 서교동 404-8 지하1층,"서울특별시 마포구 독막로9길 43, 지하1층 (서교동)",4048,별 노래연습장,126.920519899336,37.5501583256716
서울특별시 마포구 성산동 649-5번지 3층,"서울특별시 마포구 월드컵로 102, 3층 (성산동)",3996,젠틀맨 노래연습장,126.908894089878,37.5577779535259
서울특별시 마포구 망원동 377-1 로얄프라자 205호,"서울특별시 마포구 월드컵로 87, 205호 (망원동, 로얄프라자)",4012,도토리 노래연습장,126.909240634072,37.5564742974241
서울특별시 마포구 서교동 345-6번지 지하1층,"서울특별시 마포구 어울마당로 116, 지하1층 (서교동)",4055,슈퍼스타 코인 노래연습장,126.923358838488,37.554949096298
서울특별시 마포구 망원동 475-46 지하층,"서울특별시 마포구 방울내로 68, 지하층 (망원동)",3964,구찌 노래연습장,126.903125061762,37.5600135093522
서울특별시 마포구 합정동 414-20번지 2층,"서울특별시 마포구 독막로 11, 2층 (합정동)",4046,큐 노래연습장,126.914798492771,37.5488604122461
서울특별시 마포구 염리동 155-12 지하1층,"서울특별시 마포구 백범로 122, 지하1층 (염리동)",4149,와이티티 노래연습장,126.944436221506,37.5465546727469
서울특별시 마포구 망원동 486-39 지하1층,"서울특별시 마포구 망원로 82, 지하1층 (망원동)",4011,파티파티 노래연습장,126.905900464832,37.5574054760448
서울특별시 마포구 도화동 183-13번지 2층,"서울특별시 마포구 새창로 14, 2층 (도화동)",4169,고래고래 노래연습장,126.95157580749,37.5420241683344
서울특별시 마포구 망원동 482-8 지하1층,"서울특별시 마포구 월드컵로 113, 지하1층 (망원동)",3963,수화 노래연습장,126.90761416969,37.558422252973
서울특별시 마포구 망원동 478-9번지 2층,"서울특별시 마포구 월드컵로 133, 2층 (망원동)",3963,궁전 노래연습장,126.906392442114,37.559848199268
서울특별시 마포구 망원동 479-91 지하1층,"서울특별시 마포구 망원로11길 29, 지하1층 (망원동)",3964,샾 노래연습장 망원점,126.906323381008,37.5589612033156
서울특별시 마포구 망원동 379-3번지 지하1층,"서울특별시 마포구 월드컵로13길 13, 지하1층 (망원동)",4013,고고 노래연습장,126.909456803262,37.5555346331413
서울특별시 마포구 공덕동 256-13번지 3층,"서울특별시 마포구 만리재로 15, 3층 (공덕동)",4214,삼층 노래연습장,126.95276773044,37.5445849310546
서울특별시 마포구 망원동 482-9번지 2층,"서울특별시 마포구 월드컵로 111, 2층 (망원동)",3963,무한도전 노래연습장,126.907859722016,37.5581818786815
서울특별시 마포구 합정동 414-19번지 지하1층,"서울특별시 마포구 독막로 9, 지하1층 (합정동)",4046,아이앤지 노래연습장,126.914614565555,37.5488926252306
서울특별시 마포구 신공덕동 20-18,"서울특별시 마포구 백범로37길 22, 지하 1층 (신공덕동)",4189,뮤즈 코인노래연습장,126.954809626584,37.54405666336
서울특별시 마포구 동교동 169-16번지 지하1층,"서울특별시 마포구 양화로18안길 10, 지하1층 (동교동)",4051,샾 노래연습장,126.925199145717,37.5566395565112
서울특별시 마포구 도화동 6-51번지 지하1층,"서울특별시 마포구 도화길 26, 지하1층 (도화동)",4172,친구야노래하자 노래연습장,126.948952495639,37.5404885708205
서울특별시 마포구 염리동 8-65번지 지하1층,"서울특별시 마포구 대흥로30길 17, 지하1층 (염리동)",4113,열린 노래연습장,126.947029743255,37.5564545907097
서울특별시 마포구 합정동 393-8 지하1층,"서울특별시 마포구 월드컵로1길 52, 지하1층 (합정동)",4026,놀러와 노래연습장,126.910190278694,37.5491229719336
서울특별시 마포구 노고산동 54-6 지하층,"서울특별시 마포구 신촌로12가길 34, 지하층 (노고산동)",4057,스타 노래연습장,126.934366352967,37.5553253173684
서울특별시 마포구 서교동 376-5번지 지하1층,"서울특별시 마포구 잔다리로 60, 지1층 (서교동)",4031,성원 노래연습장,126.917795305093,37.553272832072
서울특별시 마포구 대흥동 2-22 지하1층,"서울특별시 마포구 숭문길 209, 지하1층 (대흥동)",4112,둘둘 노래연습장,126.946448660302,37.5557241602598
서울특별시 마포구 도화동 344번지 2층,"서울특별시 마포구 도화2길 2, 2층 (도화동)",4172,메인 노래연습장,126.948603959103,37.5403707490602
서울특별시 마포구 상수동 324-7 2층,"서울특별시 마포구 독막로 82, 2층 (상수동)",4074,스타 노래연습장 상수점,126.922479635855,37.5475944859874
서울특별시 마포구 도화동 182-9 지하1층,"서울특별시 마포구 도화길 44, 지하1층 (도화동)",4169,비젼 노래연습장,126.950577268325,37.5416259632978
서울특별시 마포구 망원동 481-5번지 지하1층,"서울특별시 마포구 월드컵로 117, 지하1층 (망원동)",3963,바다 노래연습장,126.907464580208,37.5586712614622
서울특별시 마포구 연남동 228-47 지하1층,"서울특별시 마포구 동교로 248-2, 지하1층 (연남동)",3982,연남 노래연습장,126.924542744133,37.5621247680055
서울특별시 마포구 신공덕동 4-13번지 지하1층,"서울특별시 마포구 만리재옛길 40, 지하1층 (신공덕동)",4209,큐 노래연습장,126.956499925596,37.5474141503406
서울특별시 마포구 노고산동 49-32번지 지하1층,"서울특별시 마포구 신촌로14길 12, 지하1층 (노고산동)",4057,FM 노래연습장,126.933642480341,37.5555998971993
서울특별시 마포구 망원동 482-8번지,서울특별시 마포구 월드컵로 113 (망원동),3963,월드 노래연습장,126.90761416969,37.558422252973
서울특별시 마포구 공덕동 256-30번지 2층,"서울특별시 마포구 만리재로 23, 2층 (공덕동)",4214,토토노래연습장,126.953746742484,37.544803180199
서울특별시 마포구 서교동 352-1 지하1층,"서울특별시 마포구 동교로 156, 지하1층 (서교동)",4031,짱 노래연습장,126.919415676193,37.5554776990457
서울특별시 마포구 서교동 358-34번지 지하1층,"서울특별시 마포구 와우산로21길 10, 지하1층 (서교동)",4040,K·POP코인노래연습장,126.92339045641,37.552585619668
서울특별시 마포구 염리동 8-78 지하1층,"서울특별시 마포구 숭문길 226, 지하1층 (염리동)",4113,수 노래연습장,126.946747056181,37.5564212167459
서울특별시 마포구 서교동 440-12 지하1층,"서울특별시 마포구 월드컵로 94, 지하1층 (서교동)",3996,영 노래연습장,126.909494710567,37.5571302381779
서울특별시 마포구 성산동 251-12,"서울특별시 마포구 성미산로 5, 2층 (성산동)",3971,탑 노래연습장,126.908960995504,37.5583212161955
서울특별시 마포구 망원동 57-151번지 지하1층,"서울특별시 마포구 월드컵로13길 50, 지하1층 (망원동)",4012,카카 노래연습장,126.907420572464,37.5554544871422
서울특별시 마포구 합정동 441-1 지하1층,"서울특별시 마포구 동교로 24, 지하1층 (합정동)",4020,뮤즈 노래연습장,126.905274033823,37.5520410670922
서울특별시 마포구 서교동 402-24번지 지하1층,"서울특별시 마포구 양화로6길 103, 지하1층 (서교동, 준영빌딩)",4048,프라임 노래연습장,126.919915168072,37.5484433171965
서울특별시 마포구 공덕동 105-228번지 2층,"서울특별시 마포구 마포대로14길 21, 2층 (공덕동)",4207,와이드 노래연습장,126.957016576777,37.5484741843432
서울특별시 마포구 성산동 253-16 2층,"서울특별시 마포구 월드컵로 118, 2층 (성산동)",3971,3040 노래연습장,126.907891297796,37.5589180177603
서울특별시 양천구 목동 917-9번지,서울특별시 양천구 목동동로 293 (목동),7997,타워노래연습장,126.875771989415,37.5281783139269
서울특별시 마포구 망원동 486-1번지 지하1층,"서울특별시 마포구 망원로 86, 지하1층 (망원동)",4011,M.W 노래연습장,126.906276336192,37.5574855132449
서울특별시 마포구 도화동 203-2 지하1층,"서울특별시 마포구 삼개로 15-10, 지하1층 (도화동)",4172,코노코노 혜자 노래연습장,126.947941557446,37.5390950934712
서울특별시 마포구 서교동 375-35번지 지하1층,"서울특별시 마포구 월드컵북로1길 60, 지하1층 (서교동)",4031,서교 노래연습장,126.918422364162,37.553806747709
서울특별시 마포구 서교동 364-15 2층,"서울특별시 마포구 어울마당로 70, 2층 (서교동, 서포빌딩)",4041,N2 노래연습장 2호점,126.921555321059,37.5513852765591
서울특별시 마포구 합정동 387-3,"서울특별시 마포구 월드컵로3길 31, 지하1층 (합정동)",4025,보리노래연습장,126.91105093822,37.5502243729623
서울특별시 마포구 동교동 154-5,서울특별시 마포구 양화로21길 지하 15 (동교동),3994,울림노래연습장,,
서울특별시 마포구 서교동 356-3 지하1층,"서울특별시 마포구 홍익로3길 8, 지하1층 (서교동)",4039,코인악쓰는하마 노래연습장 홍대1호점,126.922065320318,37.5541457310575
서울특별시 마포구 합정동 386-12번지 지하1층,"서울특별시 마포구 월드컵로3길 28, 지하1층 (합정동)",4025,보그 노래연습장,126.911160932182,37.5504174495736
서울특별시 마포구 성산동 466-6번지 지하1층,"서울특별시 마포구 월드컵북로 221, 지하1층 (성산동)",3940,모두랑 노래연습장,126.904325487726,37.5692778974779
서울특별시 마포구 합정동 387-20번지 2층,"서울특별시 마포구 양화로3길 15, 2층 (합정동)",4025,퀸 노래연습장,126.911480973563,37.5496445433809
서울특별시 마포구 서교동 402-17번지 지층,서울특별시 마포구 어울마당로5길 3 (서교동),4048,신바람 노래연습장,126.920175850477,37.5488034425956
서울특별시 마포구 도화동 340번지 지하1층,"서울특별시 마포구 도화2길 8, 지하1층 (도화동)",4172,쏭쏭 노래연습장,126.948762009763,37.5400702441827
서울특별시 마포구 서교동 441-11번지 지하1층,"서울특별시 마포구 월드컵로 82-1, 지하1층 (서교동)",3996,카카오song,126.910226957389,37.5563763922796
서울특별시 마포구 망원동 394-89 지하1층,"서울특별시 마포구 포은로 63, 지하1층 (망원동)",4017,두꺼비 노래연습장,126.906238553093,37.5529548179871
서울특별시 마포구 도화동 201-39 지하1층,"서울특별시 마포구 삼개로 11, 지하1층 (도화동)",4172,월드컵 노래연습장,126.947760216592,37.539367295599
서울특별시 마포구 도화동 335-1 지하1층,"서울특별시 마포구 도화길 20, 지하1층 (도화동)",4172,스팅 노래연습장,126.948258594304,37.5402494137595
서울특별시 마포구 동교동 206-1번지 지하1층,"서울특별시 마포구 월드컵북로 18, 지하1층 (동교동)",3992,2차는 노래연습장,126.920297150034,37.5565718378207
서울특별시 마포구 동교동 158-26 법정빌딩 지하1층,"서울특별시 마포구 동교로 200, 지하1층 (동교동, 법정빌딩)",3995,홍박스 코인노래연습장,126.923123267715,37.5577603250168
서울특별시 마포구 서교동 331-18번지 지하1층 지1층호,"서울특별시 마포구 어울마당로 144, 지하1층 (서교동)",4053,퀸 노래연습장,126.92585135552,37.5562013624141
서울특별시 마포구 신공덕동 5번지 지하1층,"서울특별시 마포구 만리재옛길 46, 지하1층 (신공덕동)",4209,한성 노래연습장,126.956914425831,37.547823445856
서울특별시 마포구 노고산동 54-44 지하1층,"서울특별시 마포구 신촌로12다길 15, 지하1층 (노고산동)",4057,궁 노래연습장,126.93349020295,37.554902169142
서울특별시 마포구 동교동 163-11 지하1층,"서울특별시 마포구 어울마당로 109, 지하1층 (동교동)",4050,노랫마을 노래연습장,126.922688929419,37.554769270953
서울특별시 마포구 망원동 404-39번지 지하1층,"서울특별시 마포구 포은로 89, 지하1층 (망원동)",4009,영 노래연습장,126.905032372607,37.5550213730909
서울특별시 마포구 합정동 383-23번지 지하1층,"서울특별시 마포구 양화로3길 10, 지하1층 (합정동)",4027,신바람 노래연습장,126.911818779169,37.5493483677038
서울특별시 마포구 염리동 10-129 지하1층,"서울특별시 마포구 숭문길 186, 지하1층 (염리동)",4122,모닥불 노래연습장,126.946659679023,37.5546833332726
서울특별시 마포구 망원동 414-82 2층,"서울특별시 마포구 망원로 70, 2층 (망원동)",4010,만남 노래연습장,126.904629851217,37.5571261385691
서울특별시 마포구 성산동 51-18 2층,"서울특별시 마포구 월드컵북로 126, 2층 (성산동)",3972,스타 노래연습장,126.912978191017,37.5642966807285
서울특별시 마포구 공덕동 256-10번지 (2층),"서울특별시 마포구 만리재로 19, 2층 (공덕동)",4214,썬크루즈노래연습장,126.953258247848,37.5447947887537
서울특별시 마포구 창전동 4-5번지 2층,"서울특별시 마포구 와우산로32길 20, 2층 (창전동)",4061,땡땡이 노래연습장,126.931286002864,37.5545892518917
서울특별시 마포구 도화동 202-1번지 지하1층,"서울특별시 마포구 삼개로 15, 지하1층 (도화동)",4172,ENCORE 노래연습장,126.947652764863,37.5389865755009
서울특별시 마포구 상암동 16-5번지 지하1층,"서울특별시 마포구 월드컵북로44길 50, 지하1층 (상암동)",3930,슈퍼스타 노래연습장,126.894893274345,37.5769041838122
서울특별시 마포구 서교동 399-23 지하1층,"서울특별시 마포구 양화로6길 65, 지하1층 (서교동)",4047,VIP 노래연습장,126.91781430833,37.5487465913286
서울특별시 마포구 노고산동 31-22번지 지하1층,"서울특별시 마포구 백범로 3, 지하1층 (노고산동)",4101,허브 노래연습장,126.937204830762,37.5544027979569
서울특별시 마포구 동교동 169-22번지 지하1층,"서울특별시 마포구 양화로18안길 22, 지하1층 (동교동)",4051,스토리엠 노래연습장,126.925815364934,37.5567732928865
서울특별시 마포구 도화동 336-2번지 지하1층,"서울특별시 마포구 도화길 20-1, 지하1층 (도화동)",4172,홍노래연습장,126.948382814306,37.540277128818
서울특별시 마포구 서교동 398-1 지하1층,"서울특별시 마포구 독막로7길 41, 지하1층 (서교동)",4047,질러 노래연습장,126.919465468441,37.5496970209014
서울특별시 마포구 망원동 484-1번지 2층,"서울특별시 마포구 월드컵로 105, 2층 (망원동)",4011,캔디 노래연습장,126.907927949286,37.5577371998067
서울특별시 마포구 연남동 562-26번지 지하1층,"서울특별시 마포구 동교로27길 83, 지하1층 (연남동)",3987,질러 노래연습장,126.920029400635,37.561210078869
서울특별시 마포구 도화동 173번지 지하1층,"서울특별시 마포구 마포대로 63-8, 지하1층 (도화동)",4157,오디션 노래연습장,126.947815114643,37.5422597994869
서울특별시 마포구 서교동 391-5 지하1층,"서울특별시 마포구 양화로7안길 2-1, 지하1층 (서교동)",4037,파티파티 노래연습장,126.915068576637,37.5516855965118
서울특별시 마포구 서교동 399-24 지하1층,"서울특별시 마포구 양화로6길 67, 지하1층 (서교동)",4047,원투 노래연습장,126.918000732191,37.5487063562061
서울특별시 마포구 상암동 17-7번지 2층,"서울특별시 마포구 월드컵북로44길 46, 2층 (상암동)",3930,케이팝 노래연습장,126.895074461334,37.5767823504105
서울특별시 마포구 상암동 13-10번지 지하1층,"서울특별시 마포구 월드컵북로48길 31, 지하1층 (상암동)",3927,스페셜 노래연습장,126.895233592292,37.5773737239705
서울특별시 마포구 용강동 122-8 2층,"서울특별시 마포구 토정로 286-1, 2층 (용강동)",4163,짝 노래연습장,126.941158209622,37.5413664824219
서울특별시 마포구 성산동 592-2 태림센트윈Ⅱ 207호,"서울특별시 마포구 월드컵로34길 6, 태림센트윈Ⅱ 2층 207호 (성산동)",3938,옥스코인 노래연습장 마포구청점,126.903064600183,37.564574122614
서울특별시 마포구 성산동 266-16번지 지하1층,"서울특별시 마포구 월드컵로30길 5, 지하1층 (성산동)",3965,2차는노래연습장,126.905768766573,37.5615086001538
서울특별시 마포구 신수동 22-22 2층,"서울특별시 마포구 백범로 74, 2층 (신수동)",4110,케이팝 서강 코인 노래연습장,126.939845937571,37.5486080521382
서울특별시 마포구 망원동 474-15번지,"서울특별시 마포구 월드컵로 151, 2층 (망원동)",3962,봉봉 노래연습장,126.905169288161,37.5612018714899
서울특별시 마포구 공덕동 105-159,"서울특별시 마포구 마포대로 180, 지1층 (공덕동)",4207,슈가코인노래연습장 공덕점,126.955540593824,37.5501896795951
서울특별시 마포구 서교동 351-25,"서울특별시 마포구 동교로 158, 지하1층 (서교동)",4031,깨비 노래연습장,126.919651670263,37.5555574179464
서울특별시 마포구 서교동 363-1,"서울특별시 마포구 와우산로 73, 3층 (서교동)",4041,마이슨 노래연습장,126.923009896315,37.5510188970321
서울특별시 마포구 연남동 259-10 창무빌딩,"서울특별시 마포구 동교로 239, 창무빌딩 지층 (연남동)",3984,일번지 노래연습장,126.924089410133,37.5612661881516
서울특별시 마포구 도화동 179-6,"서울특별시 마포구 도화길 29-1, 3층 (도화동)",4168,지코인 노래연습장,126.949230752419,37.5409609948758
서울특별시 마포구 서교동 401-17,"서울특별시 마포구 양화로6길 91, 지하1층 (서교동)",4048,레드 코인 노래연습장,126.919248127986,37.5484979139161
서울특별시 마포구 서교동 354-1번지,서울특별시 마포구 양화로 136  (서교동),,짱노래연습장,126.921532386619,37.5546947163181
서울특별시 양천구 목동 405-281 지하1층,"서울특별시 양천구 오목로 320 (목동,지하1층)",8005,JUNE코인노래연습장,126.872886978621,37.5245954749181
서울특별시 양천구 신월동 145-2 2층,"서울특별시 양천구 남부순환로 357-1 (신월동,2층)",7920,코러스II노래연습장,126.829201627201,37.5353751800232
서울특별시 양천구 목동 718-10 지하1층,"서울특별시 양천구 목동중앙본로7길 48 (목동,지하1층)",7955,아자노래연습장,126.866063044983,37.5396645561937
서울특별시 양천구 신정동 972-1번지 3층,"서울특별시 양천구 중앙로 288 (신정동,3층)",8026,오디션노래연습장,126.852346956783,37.521932097607
서울특별시 양천구 목동 404-129번지,서울특별시 양천구 신목로 100-2 (목동),8007,M노래연습장,126.875626432198,37.5233138331006
서울특별시 양천구 목동 513-27 지하1층,"서울특별시 양천구 목동중앙북로 81 (목동,지하1층)",7968,멜로디노래연습장,126.872191581726,37.546543807741
서울특별시 양천구 목동 406-68번지 지하1층,"서울특별시 양천구 오목로 313-7 (목동,지하1층)",8000,스타노래연습장,126.872408429421,37.5256720163355
서울특별시 양천구 신정동 902-3 목마빌딩 2층,"서울특별시 양천구 신정중앙로 94 (신정동, 목마빌딩 2층)",7945,폭스노래연습장,126.862015078003,37.5262409361592
서울특별시 양천구 목동 610-18번지 지하1층,"서울특별시 양천구 목동중앙북로7길 5 (목동,지하1층)",7946,빙고노래연습장,126.866981042204,37.5483806845397
서울특별시 양천구 목동 406-271 지하-105호,"서울특별시 양천구 오목로 337-10 (목동,지하-105호)",7999,SBS노래연습장,126.875367274981,37.5252109797259
서울특별시 양천구 목동 609-24,서울특별시 양천구 목동중앙북로7가길 14 (목동),7946,소리노래연습장,126.866641017834,37.5488089057842
서울특별시 양천구 신월동 537-8 2층,"서울특별시 양천구 신월로 175, 2층 (신월동)",8030,더 큰 코인노래연습장,126.842539608321,37.5188434986601
서울특별시 양천구 신월동 236-12 2층,"서울특별시 양천구 월정로 97 (신월동,2층)",7926,칭구칭구노래연습장,126.839373632136,37.5279865643939
서울특별시 양천구 신정동 903-13 지하1층,"서울특별시 양천구 은행정로18길 20-1 (신정동,지하1층)",7945,준 노래연습장,126.861085856992,37.5261682172495
서울특별시 양천구 신정동 1028-4 지하1층,"서울특별시 양천구 신월로 320 (신정동,지하1층)",8082,삼박자노래연습장,126.85645117508,37.5213330352744
서울특별시 양천구 신월동 225-17 지하1층,"서울특별시 양천구 곰달래로 20 (신월동,지하1층)",7924,로망스노래연습장,126.834716458194,37.529675281305
서울특별시 양천구 신정동 991-5 지하1층,"서울특별시 양천구 오목로 224 (신정동,지하1층)",8022,M코인노래연습장,126.862429602385,37.5256144128021
서울특별시 양천구 신월동 961-1,서울특별시 양천구 지양로 64 (신월동),8039,킹노래연습장,126.83425351744,37.5214918294231
"서울특별시 양천구 목동 406-296 보산빌딩 3,4층 ","서울특별시 양천구 오목로 337-2, 3,4층 (목동, 보산빌등)",7999,퀸스애비뉴노래연습장,126.875229238172,37.5248840406486
서울특별시 양천구 신정동 1032-11번지 지하1층,"서울특별시 양천구 중앙로 252, 지하1층 (신정동)",8082,슈퍼스타 코인노래연습장 신정점,126.853683543784,37.5190713670064
서울특별시 양천구 신월동 544-9 지층,"서울특별시 양천구 신월로 165 (신월동,지층)",8031,팡팡노래연습장,126.841777782827,37.5182964731309
서울특별시 양천구 신월동 933-2,서울특별시 양천구 지양로 87 (신월동),8037,특급노래연습장,126.83231059552,37.5228295972487
서울특별시 양천구 신정동 971-13 지하1층,서울특별시 양천구 중앙로46길 3 (신정동),8026,써니노래연습장,126.852545692143,37.522172733215
서울특별시 양천구 신정동 976-12 지하1층,"서울특별시 양천구 신월로 303 (신정동,지하1층)",8027,유성노래연습장,126.854701801791,37.5215384870309
서울특별시 양천구 목동 497-1 지하1층,"서울특별시 양천구 목동중앙본로 109 (목동, 지하1층)",7948,대박노래연습장,126.870933652367,37.5453883505145
서울특별시 양천구 신월동 79-20번지 지층,"서울특별시 양천구 화곡로4길 23-1 (신월동,지층)",7905,선구자노래연습장,126.828401135269,37.5374516343242
서울특별시 양천구 신월동 444-12 지층,"서울특별시 양천구 오목로 47 (신월동,지층)",7930,팔도노래연습장,126.842810072169,37.5223490273562
서울특별시 양천구 신월동 961-5번지,서울특별시 양천구 지양로 74 (신월동),8039,파티파티노래방,126.833816052734,37.5222668871463
서울특별시 양천구 목동 527-3,서울특별시 양천구 목동중앙북로16길 2 (목동),7972,골드노래연습장,126.873591230745,37.5461564434459
서울특별시 양천구 목동 794-1 2층,서울특별시 양천구 목동중앙서로 6 (목동),7966,용가리노래연습장,126.864542149241,37.5323760743085
서울특별시 양천구 목동 513-14 지하1층,"서울특별시 양천구 목동중앙북로 93 (목동,지하1층)",7968,아리랑노래연습장,126.873533422962,37.5463475734256
서울특별시 양천구 신정동 971-19번지 2층,"서울특별시 양천구 중앙로 292-1 (신정동,2층)",8026,특급노래방,126.852057049623,37.5224344939132
서울특별시 양천구 신정동 1020-18 지하1층,"서울특별시 양천구 은행정로2길 3 (신정동,지하1층)",8087,럭키노래연습장,126.860382727588,37.5206007283895
서울특별시 양천구 신월동 550-5 지하1층,"서울특별시 양천구 신월로 168 (신월동,지하1층)",8064,큐노래연습장,126.842246985447,37.5180312149122
서울특별시 양천구 신월동 513-5,서울특별시 양천구 월정로 14 (신월동),8028,아싸노래연습장,126.843869453246,37.5212719332375
서울특별시 양천구 신정동 944-1 지하1층,서울특별시 양천구 오목로 128 (신정동),8019,테마노래연습장,126.851807383459,37.5240945470007
서울특별시 양천구 목동 723-12,서울특별시 양천구 목동중앙남로11길 3 (목동),7958,차차차노래연습장,126.865744817396,37.5391883770204
서울특별시 양천구 신정동 1019-2,서울특별시 양천구 은행정로 16 (신정동),8087,스타노래연습장,126.859937727936,37.5210758406008
서울특별시 양천구 신월동 544-6 지하1층,서울특별시 양천구 신월로 167 (신월동),8031,DJ노래연습장,126.842004407025,37.5184870682077
서울특별시 양천구 신정동 947-5,서울특별시 양천구 오목로32길 4 (신정동),8019,금잔디노래연습장,126.854492949998,37.5245238797344
서울특별시 양천구 신정동 900-13번지 2층,서울특별시 양천구 신정중앙로 107 (신정동),7938,로데오노래방,126.863696724211,37.5264375953214
서울특별시 양천구 신정동 1179-16번지 지하1층,서울특별시 양천구 중앙로29길 8-1 (신정동),8074,스타노래연습장,,
서울특별시 양천구 신월동 517-7 2층,"서울특별시 양천구 오목로 38-1 (신월동,2층)",8029,당신의노래연습장,126.841885616197,37.5218190854932
서울특별시 양천구 신월동 510-2 지하1층,"서울특별시 양천구 오목로 62, 지하1층 (신월동)",8028,파브노래연습장,126.844436527017,37.5223639750294
서울특별시 양천구 신정동 1190-6 지하1층,"서울특별시 양천구 중앙로 269 (신정동,지하1층)",8058,히트노래방,126.852503942423,37.5204524878978
서울특별시 양천구 신정동 947-1 지하1층,"서울특별시 양천구 오목로 148 (신정동,지하1층)",8019,원노래연습장,126.853984539719,37.5245919986985
서울특별시 양천구 신월동 147-4번지 지층,"서울특별시 양천구 남부순환로 356 (신월동,지층)",7910,팡팡노래연습장,126.828393719255,37.5352566085309
서울특별시 양천구 신정동 922-3 지하1층,"서울특별시 양천구 오목로 149 (신정동,지하1층)",7943,스타노래연습장,126.853912712822,37.5248777075774
서울특별시 양천구 목동 613-5 지하1층,"서울특별시 양천구 목동중앙북로 3 (목동,지하1층)",7946,파티파티노래연습장,126.864035750314,37.5488217922193
서울특별시 양천구 신정동 117-36번지,"서울특별시 양천구 신목로 78-1, 2층 (신정동)",8009,룰루랄라 코인노래연습장,126.874308549743,37.5217505507769
서울특별시 양천구 신월동 23-14 지층,"서울특별시 양천구 화곡로 105 (신월동,지층)",7903,소나타노래연습장,126.833600490747,37.5400681885507
서울특별시 양천구 신정동 885-17 2층,"서울특별시 양천구 신정중앙로 67 (신정동,2층)",7938,채플린노래연습장신정점,126.859394307477,37.5270959588225
서울특별시 양천구 신정동 117-11 지하1층,"서울특별시 양천구 신목로6길 27 (신정동, 지하1층)",8009,둘리노래연습장,126.874882870588,37.5210739672504
서울특별시 양천구 목동 613-2번지,서울특별시 양천구 등촌로 220 (목동),7946,골드노래연습장,126.864025876203,37.5493360704849
서울특별시 양천구 신월동 137-21 지하1층,"서울특별시 양천구 곰달래로5길 47 (신월동,지하1층)",7920,엔젤노래연습장,126.832273417043,37.5336247053818
서울특별시 양천구 신정동 129-19 지하1층,"서울특별시 양천구 신목로2길 7-20 (신정동,지하1층)",8015,뽀뽀뽀노래연습장,126.874585448756,37.5185211116251
서울특별시 양천구 신정동 994-1 지하1층,서울특별시 양천구 오목로 236 (신정동),8022,올래노래연습장,126.863682572204,37.5258840036904
서울특별시 양천구 신정동 903-15 예지2003타운 102호,"서울특별시 양천구 오목로 215-1 (신정동,예지2003타운 102호)",7945,희락노래연습장,126.861282668673,37.5260637522079
서울특별시 양천구 신월동 122-15,"서울특별시 양천구 곰달래로 25, 지층 (신월동)",7923,명품노래연습장,126.835759007538,37.5300287567051
서울특별시 양천구 신정동 907-9,서울특별시 양천구 오목로 203-2 (신정동),7945,노라 노래연습장,126.860008660492,37.525976924134
서울특별시 양천구 신정동 1026-4번지 지하1층,"서울특별시 양천구 신월로 348  (신정동,지하1층)",8086,백십일노래연습장,126.859596171681,37.5216420753214
서울특별시 양천구 목동 655-24 지하1층,"서울특별시 양천구 등촌로 178 (목동,지하1층)",7951,카라 노래연습장,126.86269396164,37.5454968174628
서울특별시 양천구 신정동 908-23번지 지하1층,서울특별시 양천구 오목로 183 (신정동),7944,해피노래연습장,126.857735959051,37.5254118933694
서울특별시 양천구 신정동 1006-1 지하1층,"서울특별시 양천구 오목로50길 23 (신정동, 지하1층)",8023,파티파티노래연습장,126.86435883953,37.523955557562
서울특별시 양천구 신월동 523-2,서울특별시 양천구 오목로 10 (신월동),8032,앵콜노래방,126.838984117343,37.5211448201387
서울특별시 양천구 신월동 111-36 지하1층,"서울특별시 양천구 월정로29길 17 (신월동,지하1층)",7922,신월노래연습장,126.834280886307,37.5328989907973
서울특별시 양천구 신월동 54-2 지하1층,서울특별시 양천구 화곡로 54 (신월동),7904,탑노래연습장,126.827834126539,37.5391396419643
서울특별시 양천구 신월동 166-4 2층,"서울특별시 양천구 남부순환로 358 (신월동,2층)",7910,짱노래연습장,126.828493882542,37.5350450191098
서울특별시 양천구 신월동 601-5번지,서울특별시 양천구 신월로 192 (신월동),8064,탈렌트노래연습장,126.844287275211,37.5195537331482
서울특별시 양천구 신월동 951-8 지하1층,"서울특별시 양천구 지양로7길 1 (신월동,지하1층)",8038,차차차노래연습장,126.83344870406,37.5218259600363
서울특별시 양천구 목동 515 1층,"서울특별시 양천구 공항대로 634 (목동,1층)",7968,팡팡노래방,126.875163932834,37.5466903363672
서울특별시 양천구 목동 616-1 지하1층,"서울특별시 양천구 목동중앙북로 10 (목동,지하1층)",7950,카카노래연습장,126.864703900749,37.548427021542
서울특별시 양천구 신정동 902-5 지하1층,"서울특별시 양천구 신정중앙로 96 (신정동,지하1층)",7945,보이스노래연습장,126.862423828915,37.5262325831954
서울특별시 양천구 신정동 903-19 지하1층,서울특별시 양천구 오목로 215 (신정동),7945,MBC노래연습장,126.861414089931,37.5258989331251
서울특별시 양천구 신정동 1183-10 지하1층,"서울특별시 양천구 중앙로 259 (신정동,지하1층)",8073,파티파티노래연습장,126.852875354529,37.5193961655306
서울특별시 양천구 목동 907-14 지1층,"서울특별시 양천구 목동동로 385, 지1층 (목동, 벽산미라지타워)",7983,세븐스타코인노래연습장 목동점,126.879499031842,37.5359018594421
서울특별시 양천구 신월동 932-1 지하1층,"서울특별시 양천구 지양로 79 (신월동,지하1층)",8037,카네기노래연습장,126.832990682262,37.5224300656382
서울특별시 양천구 목동 907-23 현대파크빌 지1호,"서울특별시 양천구 목동동로 391, 지1층 (목동, 현대파크빌)",7983,COINBOX동전노래연습장,126.880270604347,37.5358735419191
서울특별시 양천구 신월동 234-10 지하1층,"서울특별시 양천구 곰달래로14길 14 (신월동,지하1층)",7925,엔돌핀노래연습장,126.838024642405,37.5289314936547
서울특별시 양천구 신월동 116-33번지 지하1층,"서울특별시 양천구 월정로 127 (신월동,지하1층)",7923,채플린노래연습장,126.83790163027,37.5304121194462
서울특별시 양천구 목동 792-2 2층,"서울특별시 양천구 등촌로 36 (목동,2층)",7965,와우노래연습장,126.86398491838,37.5331993086611
서울특별시 양천구 목동 404-143번지 지하1층,서울특별시 양천구 목동동로12길 37 (목동),8007,가자노래연습장,126.875328309716,37.5226573189881
서울특별시 양천구 신정동 908-15 지하1층,"서울특별시 양천구 오목로 193 (신정동,지하1층)",7944,팬클럽노래연습장,126.858867366666,37.5255837202815
서울특별시 양천구 신월동 428-7 지하1층,"서울특별시 양천구 월정로 53 (신월동,지하1층)",7930,신월노래연습장,126.841526115844,37.5244384462917
서울특별시 양천구 신정동 992-4 지하1층,서울특별시 양천구 목동로21길 2 (신정동),8022,라이브노래연습장,126.863578405179,37.5255599733648
서울특별시 양천구 신정동 886-6번지 2층,"서울특별시 양천구 신정중앙로 85  (신정동,2층)",7938,MUSE캐슬노래연습장,126.861389810629,37.526853785922
서울특별시 양천구 신월동 951-1 지하1층,"서울특별시 양천구 지양로 73 (신월동,지하1층)",8038,MBC노래연습장,126.833568304452,37.5219652433064
서울특별시 양천구 신월동 953-6 지하1층,"서울특별시 양천구 지양로5길 2 (신월동,지하1층)",8038,월드노래연습장,126.833918680632,37.5209285932767
서울특별시 양천구 신월동 537-7 지하1층,서울특별시 양천구 신월로 173 (신월동),8030,궁전노래연습장,126.842278276751,37.5186961063921
서울특별시 양천구 신월동 55-17,서울특별시 양천구 화곡로4길 17 (신월동),7904,질러봐노래연습장,126.828016402538,37.5380093338088
서울특별시 양천구 신정동 888-45 2통1반 지하1층,"서울특별시 양천구 신정중앙로23길 5 (신정동, 지하1층)",7938,모델노래방,126.863377868195,37.5267791569273
서울특별시 양천구 신월동 991-3 지하1층,"서울특별시 양천구 지양로 36 (신월동,지하1층)",8041,올포유 노래연습장,126.836177140369,37.519636286677
서울특별시 양천구 목동 315-44 지층,서울특별시 양천구 목동중앙본로 53 (목동),7954,행운노래연습장,126.868717620862,37.5407745950884
서울특별시 양천구 목동 788-16,서울특별시 양천구 등촌로 42-1 (목동),7965,은하수노래연습장,126.863916516818,37.5337333428665
서울특별시 양천구 목동 610-21,서울특별시 양천구 목동중앙북로 25 (목동),7946,테크노노래연습장,126.866350203356,37.5483568165537
서울특별시 양천구 신정동 969-18 지하1층,"서울특별시 양천구 중앙로46길 7 (신정동,지하1층)",8026,로또노래연습장,126.852962027686,37.5222084814386
서울특별시 양천구 신월동 148-6 지층,"서울특별시 양천구 가로공원로 104 (신월동,지층)",7910,OK노래연습장,126.827442129579,37.5355279545057
서울특별시 양천구 목동 750-4 목동프라자 201호 2층,"서울특별시 양천구 목동중앙본로 36 (목동,목동프라자 201호 2층)",7975,씽씽노래연습장,126.869312710375,37.5395917023953
서울특별시 양천구 신월동 931-1 지하1층,"서울특별시 양천구 지양로 75 (신월동,지하1층)",8037,우성노래연습장,126.833339992573,37.5221823330859
서울특별시 양천구 신월동 575-1 지하1층,"서울특별시 양천구 신월로 170 (신월동,지하1층)",8064,스타노래연습장,126.842475437099,37.518159822566
서울특별시 양천구 신정동 886-10 지하1층,서울특별시 양천구 신정중앙로 83 (신정동),7938,정든노래연습장,126.861094042489,37.5268176686749
서울특별시 양천구 신정동 977-18 지하1층,"서울특별시 양천구 신월로 317 (신정동,지하1층)",8027,미소노래연습장,126.856089965611,37.5217514715837
서울특별시 양천구 목동 602-12 지하1층,"서울특별시 양천구 목동중앙북로7길 10 (목동,지하1층)",7947,MBC노래방,126.86735403192,37.5483774100372
서울특별시 양천구 목동 406-316 지하1층,"서울특별시 양천구 신목로 119 (목동,지하1층)",7999,오목노래연습장,126.876243682609,37.5250690925454
서울특별시 양천구 신정동 203-6,서울특별시 양천구 목동남로4길 17 (신정동),8101,주얼리노래연습장,126.865317041511,37.50896063118
서울특별시 양천구 신월동 116-14번지 지하1층,"서울특별시 양천구 월정로 137 (신월동,지하1층)",7923,HERA노래연습장,126.837469383438,37.5311741321708
서울특별시 양천구 신월동 537-5 2층,"서울특별시 양천구 신월로15길 8 (신월동,2층)",8030,정든노래연습장,126.842061353904,37.519107934995
서울특별시 양천구 목동 794-3번지 지하1층,"서울특별시 양천구 목동중앙서로 10 (목동,지하1층)",7966,메들리노래연습장,126.864843232656,37.5324265148967
서울특별시 양천구 목동 514-1번지 지하1층,"서울특별시 양천구 공항대로 620 (목동,지하1층)",7968,찬찬찬노래연습장,126.8738208026,37.5465760136688
서울특별시 양천구 신월동 116-25 지하1층,"서울특별시 양천구 곰달래로13길 6 (신월동,지하1층)",7923,행운노래연습장,126.837454977063,37.530461781373
서울특별시 양천구 목동 731-10 지하1층,서울특별시 양천구 등촌로 66 (목동),7959,수 노래연습장,126.863704882809,37.5358808128398
서울특별시 양천구 신정동 1019-3 지하1층,"서울특별시 양천구 은행정로4길 1 (신정동,지하1층)",8087,쎄븐노래연습장,126.860062241438,37.5210935577345
서울특별시 양천구 신월동 49-10번지 지하1층,서울특별시 양천구 가로공원로 105 (신월동),7909,황제노래연습장,126.827637332743,37.5360059495591
서울특별시 양천구 목동 405-308 지하1층,"서울특별시 양천구 목동동로12길 25 (목동,지하1층)",8006,파티파티 노래연습장,126.874278673241,37.5228364968711
서울특별시 양천구 신정동 1148-2 지하1층,"서울특별시 양천구 중앙로 235 (신정동,지하1층)",8077,MBC노래연습장,126.853830060932,37.5173747803726
서울특별시 양천구 목동 791-9 지하1층,서울특별시 양천구 목동중앙서로 5 (목동),7965,메카노래연습장,126.864485115384,37.532632884119
서울특별시 양천구 신월동 549-2번지,서울특별시 양천구 신월로 152 (신월동),8065,서울노래연습장,126.840706215364,37.5172364449726
서울특별시 양천구 목동 404-151번지 지하1층,"서울특별시 양천구 신목로 90 (목동,지하1층)",8007,앵콜노래방,126.875038604502,37.5227223354795
서울특별시 양천구 신정동 888-36번지 2층,"서울특별시 양천구 신정중앙로 99 (신정동,2층)",7938,환상노래연습장,126.862806329004,37.5265974832117
서울특별시 양천구 신월동 537-6 지하1층,"서울특별시 양천구 신월로15길 2 (신월동,지하1층)",8030,파티파티노래연습장,126.842197607482,37.5189187264252
"서울특별시 양천구 신정동 886-6 로데오프라자 202호,203호 ","서울특별시 양천구 신정중앙로 85, 202,203호 (신정동, 로데오프라자)",7938,온돌식 로데오 노래연습장,,
서울특별시 양천구 신월동 110-18,서울특별시 양천구 곰달래로5길 26 (신월동),7922,열정 노래연습장,126.833698262468,37.5319115765941
서울특별시 양천구 신정동 1031-5 지하1층,서울특별시 양천구 중앙로 268-1 (신정동),8082,소양강노래연습장,126.853130074929,37.5203313625499
서울특별시 양천구 신정동 900-1 지하1층,"서울특별시 양천구 목동로25길 1 (신정동,지하1층)",7938,짱노래연습장,126.863528938915,37.52762537181
서울특별시 양천구 목동 805-4번지 지하1층,서울특별시 양천구 목동중앙서로6길 20-29 (목동),7966,와와노래연습장,126.864351401596,37.5314994520984
서울특별시 양천구 신정동 1031-15 지층,"서울특별시 양천구 중앙로34길 21-1, 지층 (신정동)",8082,뮤직노래연습장,126.853676487845,37.520193827002
서울특별시 양천구 목동 404-97 지하1층,서울특별시 양천구 신목로2길 54 (목동),8007,K ZONE(케이존) 코인노래연습장,126.877283698061,37.5226301743902
서울특별시 양천구 목동 513-22번지 지하1층,"서울특별시 양천구 목동중앙북로 83-1 (목동,지하1층)",7968,파티파티노래연습장,126.872580884237,37.546524586703
서울특별시 양천구 신월동 490-3번지 지층,"서울특별시 양천구 오목로 55 (신월동,지층)",7936,갈채노래연습장,126.844530543737,37.5229582194078
서울특별시 양천구 신월동 1002-3 지하1층,"서울특별시 양천구 신월로 124 (신월동,지하1층)",8047,신나네노래연습장,126.837758430715,37.5162411495783
서울특별시 양천구 신월동 227-5 지하1층,서울특별시 양천구 곰달래로 40 (신월동),7925,SBS노래연습장,126.837192468407,37.529852974097
"서울특별시 양천구 신정동 1009-6번지 새암들빌딩 지하1층101,102,113호 ",서울특별시 양천구 신월로 389 (신정동),8023,준노래연습장,126.864303918068,37.5226745400703
서울특별시 양천구 목동 917-6 중소기업유통센터(행복한백화점),"서울특별시 양천구 목동동로 309, 중소기업유통센터(행복한백화점) 6층 (목동)",7997,메가박스 중앙(주)목동지점 퍼니벌스,126.875984665042,37.5292109947037
서울특별시 양천구 목동 602-11,"서울특별시 양천구 목동중앙북로7길 6, 3층 (목동)",7947,에코인노래연습장,126.867243541452,37.5482744819814
서울특별시 양천구 신정동 1183-13 3층,"서울특별시 양천구 중앙로 255 (신정동,3층)",8073,테크노노래연습장,126.853028167988,37.5190552362693
서울특별시 양천구 목동 406-34번지,"서울특별시 양천구 오목로 339, 지하1층 (목동)",7999,엔젤스코인노래연습장 오목교역점,126.875304115928,37.5247555467752
서울특별시 양천구 신정동 887-9 202호,"서울특별시 양천구 신정중앙로 93, 202호 (신정동)",7938,엔젤스코인노래연습장 목동역점,126.862266700102,37.5266592044205
서울특별시 양천구 신월동 601-1,"서울특별시 양천구 신월로 184, 2층 (신월동)",8064,댄싱스타노래연습장,126.84360654079,37.5190583636743
서울특별시 양천구 목동 610-23 자성빌딩,"서울특별시 양천구 목동중앙북로 19-1, 자성빌딩 2층 (목동)",7946,잭슨코인노래연습장,126.865862978469,37.5485166417367
서울특별시 양천구 신정동 323-10 202호,"서울특별시 양천구 목동동로 65, 202호 (신정동, 센타프라자)",8093,슈퍼스타 코인노래연습장(목동점),126.862198355976,37.5155950877917
서울특별시 양천구 목동 606-9 202호,"서울특별시 양천구 목동중앙북로7가길 60, 202호 (목동)",7946,뮤노래연습장,126.864413888131,37.550038484105
서울특별시 양천구 목동 526 지하1층,"서울특별시 양천구 목동중앙북로16길 3 (목동,지하1층)",7971,뉴스타노래연습장,126.873886642688,37.5460499008958
서울특별시 양천구 신월동 51-6 지층,"서울특별시 양천구 화곡로4길 32 (신월동,지층)",7905,24시 노래연습장,126.82850978347,37.5366982863479
서울특별시 양천구 신정동 904-1 지층,"서울특별시 양천구 신정중앙로 78 (신정동,지층)",7945,은하수노래연습장,126.860277891684,37.5265916358124
서울특별시 양천구 신정동 294-29 지하1층,서울특별시 양천구 목동동로8길 7 (신정동),8014,K2노래연습장,126.870606801231,37.5180428024557
서울특별시 양천구 신월동 982-1 지하1층,서울특별시 양천구 신월로 117 (신월동),8044,코리아나노래연습장,126.836750941864,37.5164407750987
서울특별시 양천구 신월동 973-6번지,서울특별시 양천구 남부순환로70길 19 (신월동),8040,수 노래연습장,126.834781109927,37.5214955419393
서울특별시 양천구 신정동 905-5번지 지1호,"서울특별시 양천구 신정중앙로 76, 지1층 (신정동)",7945,연노래연습장,126.860004409062,37.5266174409923
서울특별시 양천구 신정동 922-10번지,"서울특별시 양천구 오목로 151, 지층 (신정동)",7943,잇츠코인 노래연습장,126.854133368117,37.5249062717537
서울특별시 양천구 신월동 81-21 지층,"서울특별시 양천구 가로공원로 119 (신월동,지층)",7905,테마노래연습장,126.829176148835,37.5363765141233
서울특별시 양천구 목동 792-6 지하1층,"서울특별시 양천구 등촌로 28 (목동,지하1층)",7965,핑클노래연습장,126.864029064379,37.5325642442893
서울특별시 양천구 신월동 544-9 지하2호,"서울특별시 양천구 신월로 165 (신월동,지하2호)",8031,팽팽노래연습장,126.841777782827,37.5182964731309
서울특별시 양천구 신월동 544-4,서울특별시 양천구 신월로15길 1 (신월동),8031,봉선화 노래연습장,126.841930929583,37.5187856521856
서울특별시 양천구 신월동 236-7 2층,"서울특별시 양천구 월정로17길 5 (신월동, 지상2층)",7926,갈채노래연습장,126.838890712088,37.5280208654396
서울특별시 양천구 목동 792-5번지 지하1층,서울특별시 양천구 등촌로 30 (목동),7965,예랑노래연습장,126.864091469555,37.5327150535023
서울특별시 양천구 신정동 904-7 2층,서울특별시 양천구 신정중앙로 86 (신정동),7945,컵앤팝 노래연습장,126.861090027675,37.5264814102451
서울특별시 양천구 신월동 961-3번지,"서울특별시 양천구 지양로 68, 2층 (신월동)",8039,잼존코인 노래연습장,126.834108366768,37.5217541775735
서울특별시 양천구 신정동 887-12,"서울특별시 양천구 신정중앙로 89, 2층 (신정동)",7938,M노래연습장,126.861854406729,37.5268081990058
서울특별시 양천구 신월동 971-5번지,서울특별시 양천구 지양로 62 (신월동),8040,궁노래연습장,126.834390948765,37.5212412733829
서울특별시 양천구 신월동 133-31 지하1층,서울특별시 양천구 곰달래로3길 30 (신월동),7921,용성노래연습장,126.832662799288,37.5321263540008
서울특별시 양천구 신월동 64-1,서울특별시 양천구 화곡로 98 (신월동),7907,아싸노래연습장,126.832823136968,37.5393646717569
서울특별시 양천구 신정동 888-42 지하1층,"서울특별시 양천구 목동로23길 1 (신정동,지하1층)",7938,꼭지점노래연습장,126.863290831849,37.5271107148036
서울특별시 양천구 신월동 97-1 지하1층,"서울특별시 양천구 가로공원로 122 (신월동,지하1층)",7917,파랑새노래연습장,126.829556120901,37.5358151097194
서울특별시 양천구 신정동 1190-2 지하1층,"서울특별시 양천구 신월로 282 (신정동,지하1층)",8058,신타임노래연습장,126.852158162788,37.5210682509655
서울특별시 양천구 신월동 133-7 지하1층,서울특별시 양천구 곰달래로5길 31 (신월동),7921,쟁반노래연습장,126.833097749524,37.5323079804396
서울특별시 양천구 신정동 972-1번지,서울특별시 양천구 중앙로 288 (신정동),8026,퓨전노래연습장,126.852346956783,37.521932097607
서울특별시 양천구 신월동 147-3 2층,"서울특별시 양천구 남부순환로 354 (신월동,2층)",7910,뉴서울노래연습장,126.828219142784,37.5354033978653
서울특별시 양천구 신월동 116-13 지하1층,"서울특별시 양천구 월정로 139 (신월동,지하1층)",7923,황제노래연습장,126.837403707491,37.5313045066258
서울특별시 양천구 신월동 88-31 지하1층,"서울특별시 양천구 가로공원로 171 (신월동,지하1층)",7907,24시 노래연습장,126.835028809232,37.5371288805076
서울특별시 양천구 목동 613-9번지 지하1층,"서울특별시 양천구 등촌로 224 (목동,지하1층)",7946,보이스노래연습장,126.86404437345,37.5495569263704
서울특별시 양천구 신월동 427-10 지하1층,서울특별시 양천구 월정로 57 (신월동),7929,훼밀리노래연습장,126.841409684242,37.5246638106753
서울특별시 양천구 목동 404-156 지하1층,서울특별시 양천구 신목로 102 (목동),8007,팝콘노래연습장,126.875774509668,37.5235884341471
서울특별시 양천구 신정동 202-5,서울특별시 양천구 목동남로4길 14 (신정동),8104,승리노래연습장,126.865139705032,37.5087040931757
서울특별시 양천구 신정동 173번지 지하1층,서울특별시 양천구 목동남로4길 54 (신정동),8104,태양노래연습장,126.867284818142,37.5091468434766
서울특별시 양천구 목동 791-1 지하1층,"서울특별시 양천구 목동중앙서로7가길 31 (목동,지하1층)",7965,에코노래연습장,126.86447076392,37.5334361996223
서울특별시 양천구 목동 406-25 지하1층,"서울특별시 양천구 목동동로 266 (목동,지하1층)",7999,현대노래연습장,126.875431269839,37.5256404646423
서울특별시 양천구 신월동 23-17번지 지층,"서울특별시 양천구 화곡로 103 (신월동,지층)",7903,브이아이피노래연습장,126.833345365308,37.5399540326012
서울특별시 양천구 신정동 1032-8,"서울특별시 양천구 중앙로 258, 지하1층 (신정동)",8082,애플노래연습장,126.853465930621,37.5194627629755
서울특별시 양천구 목동 406-298번지,서울특별시 양천구 오목로 337-4 (목동),7999,M노래연습장,126.875416734402,37.5248572085243
서울특별시 양천구 목동 528-4,서울특별시 양천구 목동중앙북로 90 (목동),7972,까치노래연습장,126.873066933577,37.5462411154717
서울특별시 양천구 목동 606-18 지하1층,"서울특별시 양천구 등촌로 236, 지하1층 (목동)",7946,럭키스타코인노래연습장,126.864388127861,37.550577791791
서울특별시 양천구 신정동 203-12,"서울특별시 양천구 목동남로 48, 지하층 (신정동)",8101,짬짬이코인노래연습장,126.864959367589,37.5088584093563
서울특별시 양천구 신정동 1032-5,"서울특별시 양천구 중앙로34길 15, 지하1층 (신정동)",8082,골드노래연습장,126.853643186754,37.5195212776081
서울특별시 양천구 신정동 888-44 지하1층,"서울특별시 양천구 신정중앙로23길 7, 지하1층 (신정동)",7938,둥지노래연습장,126.863389800478,37.5269358548649
서울특별시 양천구 신월동 550-3번지,"서울특별시 양천구 신월로 164, 2층 (신월동, 승일뷰티타워2)",8064,코인박스 동전노래연습장 신월점,126.842018042503,37.517760427962
서울특별시 양천구 신정동 1183-7,"서울특별시 양천구 중앙로 263, 2층 (신정동)",8073,팝스타코인노래연습장,126.852762218782,37.5197502085761
서울특별시 양천구 목동 905-22 목동트윈빌 125호,"서울특별시 양천구 목동동로 339, 지하1층 125호 (목동, 목동트윈빌)",7988,판타스틱동전노래연습장,126.876743891714,37.5321753616364
서울특별시 양천구 신정동 972-7 지하1층(우측),"서울특별시 양천구 중앙로46길 2 (신정동,지하1층(우측))",8026,VIP노래연습장,126.852594760358,37.5220140379178
서울특별시 양천구 신정동 972-7 지하1층(좌측),"서울특별시 양천구 중앙로46길 2 (신정동,지하1층(좌측))",8026,귀빈노래연습장,126.852594760358,37.5220140379178
서울특별시 양천구 신정동 977-16 지하1층,서울특별시 양천구 신월로 321 (신정동),8027,월드노래연습장,126.856513468306,37.5217657721739
서울특별시 양천구 신정동 899-5,"서울특별시 양천구 목동로 219, 지하층 (신정동)",7937,로데오 코인 노래연습장,126.863821477728,37.5279467362177
서울특별시 양천구 목동 406-22번지 2층,"서울특별시 양천구 오목로 333, 2층 (목동)",7999,PLAY코인노래연습장,126.874554252339,37.5248580074919
서울특별시 양천구 신정동 1027-6 지하1층,"서울특별시 양천구 신월로 332 (신정동,지하1층)",8082,해남노래연습장,126.857884917799,37.5214919038994
서울특별시 양천구 신월동 147-5,서울특별시 양천구 남부순환로40길 2 (신월동),7910,꾀꼬리코인노래연습장,126.828194694711,37.5351608131875
서울특별시 양천구 신정동 977-14 지하1층,"서울특별시 양천구 은행정로7길 27 (신정동,지하1층)",8027,만남노래연습장,126.856528679015,37.5220338387589
서울특별시 양천구 신정동 282-12번지,서울특별시 양천구 목동동로8길 27 (신정동),8017,SBS노래연습장,126.871693862282,37.516452006311
서울특별시 양천구 신월동 97-2 지하1층,"서울특별시 양천구 가로공원로 124 (신월동, 지하1층)",7917,수노래연습장,126.829795633552,37.5358205007621
서울특별시 양천구 신정동 294-12 지하1층,"서울특별시 양천구 목동동로10길 16 (신정동,지하1층)",8014,파티랑노래연습장,126.871522398881,37.5189486789659
서울특별시 양천구 신월동 133-1 지하1층,"서울특별시 양천구 남부순환로59길 14 (신월동,지하1층)",7921,팝콘노래연습장,126.832657604027,37.5322742007722
서울특별시 양천구 신월동 81-3 2층,서울특별시 양천구 가로공원로 121 (신월동),7905,올래노래연습장,126.829406942333,37.5363857676408
서울특별시 양천구 신월동 444-22 지하1층,"서울특별시 양천구 월정로 33, 지하1층 (신월동)",7930,쎄븐노래연습장,126.842618781324,37.522725751763
서울특별시 강서구 화곡동 348-9 영상빌딩,"서울특별시 강서구 강서로 61, 영상빌딩 지층 (화곡동)",7770,황제노래연습장,126.845648213354,37.5330044048418
서울특별시 강서구 내발산동 653 솔레드림,"서울특별시 강서구 강서로 360, 솔레드림 지하1층 B104호 (내발산동)",7651,앤유코인노래연습장,126.838393605308,37.5576945764491
서울특별시 강서구 마곡동 759 마곡센트럴타워Ⅱ,"서울특별시 강서구 마곡서로 158, 마곡센트럴타워Ⅱ 317, 318호 (마곡동)",7788,써니코인노래연습장,126.825424095847,37.5680890965874
서울특별시 강서구 마곡동 797-12 루체브릿지,"서울특별시 강서구 마곡동로4길 23, 루체브릿지 305,306호 (마곡동)",7803,광장노래연습장,126.836199032381,37.5596431100254
서울특별시 강서구 마곡동 759-3번지 보타닉파크타워Ⅰ 302호,"서울특별시 강서구 마곡중앙로 161-17, 보타닉파크타워Ⅰ 302호 (마곡동)",7788,팝콘노래연습장,126.825960812712,37.5680581740122
서울특별시 강서구 방화동 567-29번지,"서울특별시 강서구 금낭화로 80, 3층 (방화동)",7604,왕 코인 노래연습장,126.811691923196,37.5725923337639
서울특별시 강서구 화곡동 1119-8번지,"서울특별시 강서구 공항대로46길 81, 2층 (화곡동)",7657,케이팝스타 코인노래연습장,126.851299511013,37.552438091031
서울특별시 강서구 마곡동 723-1번지 지하1층,"서울특별시 강서구 강서로 375, 지층 (마곡동)",7803,마곡노래연습장,126.83809728245,37.5591190960732
서울특별시 강서구 마곡동 797-7 퀸즈파크텐 307호,"서울특별시 강서구 마곡중앙6로 66, 퀸즈파크텐 307호 (마곡동)",7803,산노래연습장,126.8343608462,37.559915259194
서울특별시 강서구 마곡동 759-3 보타닉파크타워Ⅰ,"서울특별시 강서구 마곡중앙로 161-17, 보타닉파크타워Ⅰ 202, 202-1호 (마곡동)",7788,수노래연습장 마곡점,126.825960812712,37.5680581740122
서울특별시 강서구 마곡동 757 두산더랜드파크 D동 206호,"서울특별시 강서구 마곡중앙로 161-8, 두산더랜드파크 D동 206호 (마곡동)",7788,만남노래연습장,126.827338682565,37.568851450649
서울특별시 강서구 등촌동 513-21,"서울특별시 강서구 등촌로 169, 2층 (등촌동)",7668,큐코인노래연습장,126.862007136039,37.5449813664711
서울특별시 강서구 등촌동 630-7 2층,"서울특별시 강서구 화곡로68길 91, 2층 (등촌동)",7550,엔젤스코인노래연습장 증미역점,126.85909392664,37.5575894595019
서울특별시 강서구 화곡동 934-24,"서울특별시 강서구 강서로5나길 147, 지층 (화곡동)",7780,션샤인노래연습장,126.839928847543,37.5280559744882
서울특별시 강서구 화곡동 980-11,"서울특별시 강서구 화곡로52길 39, 지층 (화곡동)",7663,싸이노래방,126.850530320419,37.5495960944304
서울특별시 강서구 마곡동 797-10 엠팰리체,"서울특별시 강서구 마곡동로4길 15, 엠팰리체 202, 203호 (마곡동)",7803,M노래연습장,126.83524805093,37.5598184721733
서울특별시 강서구 마곡동 799-7 에이동 116호,"서울특별시 강서구 마곡중앙4로 10, 에이동 116호 (마곡동)",7631,그랑코인 노래연습장,126.827940700651,37.5585909839084
서울특별시 강서구 마곡동 796-5 마곡테크노타워 301호,"서울특별시 강서구 마곡중앙6로 63, 마곡테크노타워 301호 (마곡동)",7803,에코인노래연습장 마곡점,126.83439426731,37.5604628413112
서울특별시 강서구 염창동 264-18번지 송촌스페이스향,"서울특별시 강서구 공항대로71길 49, 지층 14호 (염창동, 송촌스페이스향)",7555,엔돌핀코인노래연습장,126.872808008605,37.5495140733123
서울특별시 강서구 화곡동 24-232 지층,"서울특별시 강서구 초록마을로 4, 지층 (화곡동)",7721,고고노래연습장,126.844774059558,37.5450314195255
서울특별시 강서구 방화동 830-1번지 에어뷰21-2오피스텔,"서울특별시 강서구 금낭화로 136, 에어뷰21-2오피스텔 2층 (방화동)",7511,에코인노래연습장,126.812998103224,37.5773556196369
서울특별시 강서구 화곡동 1120-13 지층,"서울특별시 강서구 화곡로58길 22-3, 지층 (화곡동)",7657,알파고노래연습장,126.85217431287,37.5527206610456
서울특별시 강서구 마곡동 758-2 마곡일성트루엘플래닛 220호,"서울특별시 강서구 마곡중앙로 161-22, 마곡일성트루엘플래닛 220, 221호 (마곡동)",7788,히든노래연습장,126.82578514534,37.568638335633
서울특별시 강서구 등촌동 63-12번지 어위쉬예다인,"서울특별시 강서구 양천로 452, 어위쉬예다인 지1층 (등촌동)",7574,주니코인노래연습장,126.850820066078,37.5628582317658
서울특별시 강서구 염창동 282-22 301호,"서울특별시 강서구 공항대로 629, 301호 (염창동)",7558,엠젯코인노래연습장,126.87486403523,37.5472459349377
서울특별시 강서구 등촌동 647-84,"서울특별시 강서구 공항대로59가길 25-6, 지층 (등촌동)",7563,신나라 노래연습장,126.865471738181,37.5518110555308
서울특별시 강서구 내발산동 719-5,"서울특별시 강서구 강서로 271, 지하1층 (내발산동)",7639,제로백 코인노래연습장,126.835973411049,37.5499605952374
서울특별시 강서구 마곡동 757-3 마곡나루역보타닉비즈타워 306~8호,"서울특별시 강서구 마곡중앙5로1길 20, 마곡나루역보타닉비즈타워 306~8호 (마곡동)",7788,럭키코인노래연습장,126.826712019131,37.5686664592954
서울특별시 강서구 공항동 55-36번지 지층,"서울특별시 강서구 송정로 38, 지층 (공항동)",7626,S노래연습장,126.811081476579,37.5582802266013
서울특별시 강서구 화곡동 1066-22 양지빌딩,"서울특별시 강서구 화곡로 145, 양지빌딩 2층 (화곡동)",7714,렉스코인노래연습장,126.83791154301,37.5412007035967
서울특별시 강서구 화곡동 361-1 화곡대림아파트상가,"서울특별시 강서구 월정로 160, 지층 5-8,12-15호 (화곡동, 화곡대림아파트)",7766,훼밀리노래연습장,,
서울특별시 강서구 화곡동 357-30번지,"서울특별시 강서구 월정로 134, 지층 (화곡동)",7772,영노래연습장,126.837972561322,37.5309896679975
서울특별시 강서구 화곡동 379-87,서울특별시 강서구 가로공원로 197-1 (화곡동),,잉꼬노래연습장,126.837921447216,37.5375660865598
서울특별시 강서구 방화동 249-235,서울특별시 강서구 방화동로 100 (방화동),,라이브노래연습장,126.813047065251,37.5692271124693
서울특별시 강서구 화곡동 338-25번지 지층 (강서로18길5),"서울특별시 강서구 강서로18길 5 (화곡동,지층 (강서로18길5))",,MBC노래연습장,126.846020169846,37.5337419986449
서울특별시 강서구 등촌동 65-20,서울특별시 강서구 양천로 460 (등촌동),,sky(스카이)노래연습장,126.851699824488,37.5625850769996
서울특별시 강서구 화곡동 1115-26 지층,"서울특별시 강서구 화곡로58길 25, 지층 (화곡동, 성희빌딩)",7654,페스티벌노래연습장,126.852324160753,37.5529440255777
서울특별시 강서구 내발산동 723-8번지 (수명산길 4),"서울특별시 강서구 강서로45길 6 (내발산동,(수명산길 4))",,엔젤스코인노래연습장 우장산점,126.835817470595,37.5481028817244
서울특별시 강서구 방화동 567-3,서울특별시 강서구 양천로 63-1 (방화동),,앵콜노래연습장,126.810877922873,37.5733922862282
서울특별시 강서구 화곡동 1075 지층 (화곡로 293),"서울특별시 강서구 화곡로 164 (화곡동,지층 (화곡로 293))",,슈퍼스타 코인노래연습장 (화곡역점),126.839889999096,37.5412543091125
서울특별시 강서구 화곡동 997-12 지층,"서울특별시 강서구 화곡로53길 14, 지층 (화곡동)",7686,아름다운노래연습장,126.848168662792,37.5514516591127
서울특별시 강서구 화곡동 1119-11,"서울특별시 강서구 공항대로46길 73, 지하1층 (화곡동)",7657,J2노래연습장,126.85163621947,37.5528217988386
서울특별시 강서구 화곡동 1072-2번지 지층,"서울특별시 강서구 화곡로 130, 지층 (화곡동, 동원빌딩)",7718,골드노래연습장,126.836199087429,37.540226072686
서울특별시 강서구 화곡동 105-72번지 지층,"서울특별시 강서구 까치산로 19, 지층 (화곡동)",7727,까치노래연습장,126.842743598998,37.5418889330289
서울특별시 강서구 화곡동 781-9 지층,"서울특별시 강서구 곰달래로60길 11, 지층 (화곡동)",7786,킹노래연습장,126.863221423629,37.53172799405
서울특별시 강서구 방화동 598-107 지층,"서울특별시 강서구 금낭화로 25, 지층 (방화동)",7614,JIN(진)노래연습장,126.81157554164,37.5674750418828
서울특별시 강서구 화곡동 359-24,서울특별시 강서구 가로공원로76길 94 (화곡동),,메카노래연습장,126.838700603144,37.5330339530834
서울특별시 강서구 등촌동 507-7,서울특별시 강서구 등촌로 223-1 (등촌동),,에이스노래연습장,126.863424774363,37.5497562328656
서울특별시 강서구 화곡동 840-11번지 지층,"서울특별시 강서구 강서로10길 185, 지층 (화곡동)",7784,수노래연습장,126.858128515789,37.5313837501217
서울특별시 강서구 화곡동 837-13 지층,"서울특별시 강서구 곰달래로49길 14, 지층 (화곡동)",7738,황금노래연습장,126.858017541473,37.5323318297176
서울특별시 강서구 화곡동 371-64,서울특별시 강서구 가로공원로76길 9 (화곡동),,D.J노래연습장,126.837331684939,37.5365967912759
서울특별시 강서구 방화동 611-160,서울특별시 강서구 방화대로21길 84 (방화동),,특급노래연습장,126.812224837116,37.5641263578919
서울특별시 강서구 화곡동 1059-54번지 2층,"서울특별시 강서구 화곡로 205, 2층 (화곡동)",7696,불새노래연습장,126.843161905816,37.543896554025
서울특별시 강서구 화곡동 29-172,"서울특별시 강서구 까치산로 83, 지층 (화곡동)",7678,플러스노래연습장,126.847568591974,37.5460899488359
서울특별시 강서구 화곡동 934-26,"서울특별시 강서구 강서로5나길 141, 지하1층 (화곡동)",7780,모모노래연습장,126.840152694257,37.5280752887893
서울특별시 강서구 염창동 250-21,서울특별시 강서구 양천로 701 (염창동),,시카고노래연습장,126.874030342856,37.5501588763859
서울특별시 강서구 화곡동 1006-10번지 지층,"서울특별시 강서구 강서로 239, 지층 (화곡동)",7705,차차차노래방,126.836000888891,37.5471811454819
서울특별시 강서구 내발산동 665-12번지,서울특별시 강서구 우장산로 19-1 (내발산동),,고래고래노래연습장,126.839464516438,37.5546717521506
서울특별시 강서구 염창동 250-7번지 지층(양천로711),"서울특별시 강서구 양천로 711 (염창동,지층(양천로711))",,반달노래연습장,126.874971203942,37.5498849819149
서울특별시 강서구 내발산동 701-5,서울특별시 강서구 강서로 293-1 (내발산동),7639,락스타 코인노래연습장,126.836006032497,37.5520645594958
서울특별시 강서구 화곡동 109-45,"서울특별시 강서구 화곡로 200, 지층 (화곡동)",7721,쏭쏭노래연습장,126.843248648486,37.5433248955047
서울특별시 강서구 공항동 34-35 지하,"서울특별시 강서구 공항대로 38-9, 지층 (공항동)",7623,하이노래연습장,126.812019329631,37.5608674912247
서울특별시 강서구 화곡동 1115-8번지 지층,"서울특별시 강서구 공항대로46길 57, 지층 (화곡동, 정원빌딩)",7654,오페라노래방,126.852023133482,37.553514610629
서울특별시 강서구 화곡동 377-10번지 지층,"서울특별시 강서구 가로공원로 183, 지층 (화곡동)",7718,스타노래연습장,126.836268218344,37.5372782792369
서울특별시 강서구 등촌동 663-21 지층 <등삼동길 59>,"서울특별시 강서구 화곡로61길 130 (등촌동,지층 <등삼동길 59>)",,짱 노래연습장,126.845276067546,37.5586424541538
서울특별시 강서구 등촌동 646-3,"서울특별시 강서구 화곡로66길 196, 지층 (등촌동)",7564,스타노래연습장,126.863266165246,37.5537565684976
서울특별시 강서구 염창동 263-5번지,서울특별시 강서구 양천로 714 (염창동),7556,짱노래연습장,,
서울특별시 강서구 화곡동 110-65번지,서울특별시 강서구 화곡로 206  (화곡동),,광명노래방,126.843620476759,37.5437035376111
서울특별시 강서구 화곡동 400-41번지,"서울특별시 강서구 가로공원로 235, 지층 (화곡동)",7720,콘테스트노래연습장,126.841701025252,37.5385632138272
서울특별시 강서구 화곡동 370-52번지,"서울특별시 강서구 가로공원로76길 39, 지층 (화곡동)",7765,KBS노래연습장,126.837700686471,37.5353269795294
서울특별시 강서구 내발산동 678-9번지 지층,"서울특별시 강서구 강서로 301, 지층 (내발산동)",7632,애플노래연습장,126.836083347206,37.5527784367946
서울특별시 강서구 화곡동 775-13번지,서울특별시 강서구 곰달래로59길 28 (화곡동),,큰소리뻥뻥노래연습장,126.863036223334,37.5335809571594
서울특별시 강서구 화곡동 1067-19 지층(화곡로135),"서울특별시 강서구 화곡로 135 (화곡동,지층(화곡로135))",,타임노래연습장,126.836696038489,37.5409026903888
서울특별시 강서구 화곡동 1023번지 지층,"서울특별시 강서구 화곡로21길 78, 지층 (화곡동)",7706,딸기노래연습장,126.836438459202,37.5445499367821
서울특별시 강서구 화곡동 781-4,서울특별시 강서구 등촌로 19 (화곡동),,MP3노래연습장,126.863480151296,37.5317376638256
서울특별시 강서구 화곡동 360-14,서울특별시 강서구 월정로 152 (화곡동),,태영노래연습장,126.837019262798,37.5325031179978
서울특별시 강서구 화곡동 340-1번지 지층(강서로18길10),"서울특별시 강서구 강서로18길 10 (화곡동,지층(강서로18길10))",,이브로노래연습장,126.846369884307,37.5336329825883
서울특별시 강서구 화곡동 362-82 지층,"서울특별시 강서구 월정로30길 44, 지층 (화곡동)",7767,뉴스타노래연습장,126.838437404224,37.5345195225518
서울특별시 강서구 화곡동 98-150,서울특별시 강서구 까치산로 29 (화곡동),,앵콜노래연습장,126.843494308118,37.542512790831
서울특별시 강서구 마곡동 1302 지층,"서울특별시 강서구 방화대로44길 5-1, 지층 (마곡동)",7592,팡팡노래연습장,126.817352831641,37.5729908175132
서울특별시 강서구 공항동 711,서울특별시 강서구 방화대로7나길 60 (공항동),,핑클노래연습장,126.81242897651,37.556335232316
서울특별시 강서구 화곡동 831-10,서울특별시 강서구 등촌로5길 100 (화곡동),,모퉁이노래연습장,126.857897087321,37.5327887623558
서울특별시 강서구 방화동 563-8번지,서울특별시 강서구 양천로14길 13 (방화동),,22세기노래방,126.810307741017,37.5724964143803
서울특별시 강서구 방화동 572-7 2층,"서울특별시 강서구 양천로 86, 2층 (방화동)",7604,발리노래연습장,126.813351208227,37.5733132410405
서울특별시 강서구 방화동 562-38번지 지하,"서울특별시 강서구 양천로14길 6, 지층 (방화동)",7602,천지노래연습장,126.810103146087,37.5728705384463
서울특별시 강서구 방화동 605-12번지 지층,"서울특별시 강서구 금낭화로 15, 지층 (방화동)",7614,사랑의노래연습장,126.811602046212,37.5667938421686
서울특별시 강서구 화곡동 371-66번지 2층,"서울특별시 강서구 가로공원로 192, 2층 (화곡동)",7762,공원 노래연습장,126.837264410462,37.5368877214468
서울특별시 강서구 화곡동 781-2번지 세진빌딩 지층,"서울특별시 강서구 등촌로 23, 지층 (화곡동, 세진빌딩)",7786,미라클노래연습장,126.863463055475,37.5319925371278
서울특별시 강서구 염창동 273-6번지 지층,"서울특별시 강서구 공항대로61길 28, 지층 (염창동)",7562,Luxury SS노래연습장,126.865966637278,37.552117867412
서울특별시 강서구 공항동 60-173 B02호,"서울특별시 강서구 송정로 51, B02호 (공항동)",7622,빙고노래연습장,126.810129336098,37.5594313432507
서울특별시 강서구 화곡동 1062-20 지층,"서울특별시 강서구 화곡로27가길 1, 지층 (화곡동)",7702,신바람노래연습장,126.840654173252,37.5423957369617
서울특별시 강서구 공항동 53-15 지층[좌측] (송정로70),"서울특별시 강서구 송정로 70 (공항동,지층[좌측] (송정로70))",,스타노래연습장,126.809964180375,37.5609571839439
"서울특별시 강서구 방화동 829-4번지 금강프라자 503,504호 (금낭화길127) ","서울특별시 강서구 금낭화로 135  (방화동,금강프라자 503,504호 (금낭화길127))",,오선지노래연습장,126.812438073591,37.5774450106613
서울특별시 강서구 화곡동 24-90 B01호,"서울특별시 강서구 화곡로 242, B01호 (화곡동)",7679,락휴노래연습장,126.845702608957,37.5464690980502
서울특별시 강서구 방화동 563-45번지 지층,"서울특별시 강서구 양천로14길 13-5, 지층 (방화동, 문화빌딩)",7603,올레노래연습장,126.810449172894,37.5725674596618
서울특별시 강서구 화곡동 343-57,서울특별시 강서구 강서로 39 (화곡동),,앤동전노래연습장,126.846695520611,37.5313576591579
서울특별시 강서구 등촌동 647-83 지층,"서울특별시 강서구 공항대로61길 13, 지층 (등촌동)",7563,k팝 노래연습장,126.865393400996,37.5516991524549
서울특별시 강서구 화곡동 935-12번지 4층(배다리서길82),"서울특별시 강서구 강서로5나길 148 (화곡동,4층(배다리서길82))",,디바노래연습장,126.83989560842,37.5283634410379
서울특별시 강서구 화곡동 1117-1번지 2층,"서울특별시 강서구 공항대로46길 78, 2층 (화곡동)",7658,NEW 몽 노래연습장,126.851115720367,37.5527817700934
서울특별시 강서구 염창동 250-8 지층,"서울특별시 강서구 양천로 709, 지층 (염창동)",7540,미소노래연습장,126.874825496512,37.5499233902524
서울특별시 강서구 마곡동 722-1번지 수창빌딩 지층,"서울특별시 강서구 강서로 381, 지층 (마곡동, 수창빌딩)",7803,별빛노래연습장,126.838208851776,37.5595493845585
서울특별시 강서구 방화동 562-35,"서울특별시 강서구 양천로14길 7, 지층 (방화동)",7603,스타노래연습장,126.810422758983,37.5728505995761
서울특별시 강서구 화곡동 849-6 2층,"서울특별시 강서구 곰달래로 206, 2층 (화곡동)",7783,소리노래연습장,126.855844479286,37.5312811533583
서울특별시 강서구 공항동 53-26번지,서울특별시 강서구 송정로 64 (공항동),,활주로노래방,126.810075112352,37.5604165849098
서울특별시 강서구 화곡동 1119-9번지 월드B/D 4층,"서울특별시 강서구 공항대로46길 85 (화곡동,월드B/D 4층)",,하루노래연습장,126.851163973005,37.5523051132551
서울특별시 강서구 등촌동 674-9번지 3층,"서울특별시 강서구 강서로54길 27, 3층 (등촌동)",7591,메카노래연습장,126.840049245584,37.5591868085176
서울특별시 강서구 등촌동 673-6번지 2층 성원상떼뷰오피스텔,"서울특별시 강서구 공항대로 291, 2층 (등촌동, 성원상떼뷰오피스텔)",7591,성원노래방,126.840006908063,37.5588203160036
서울특별시 강서구 등촌동 655-27 등촌현대아파트 상가동 202호,"서울특별시 강서구 공항대로45길 24, 상가동 202호 (등촌동, 등촌현대아파트)",7571,청춘노래연습장,126.855292147594,37.556219490843
서울특별시 강서구 화곡동 379-49번지 지층,"서울특별시 강서구 가로공원로 193, 지층 (화곡동)",7719,로또 노래연습장,126.837347765257,37.5374239309851
서울특별시 강서구 화곡동 1117-1번지 3층,"서울특별시 강서구 공항대로46길 78  (화곡동,3층)",,몽노래방,126.851115720367,37.5527817700934
서울특별시 강서구 화곡동 906-1번지 지층 (강서로5나길21),"서울특별시 강서구 강서로5나길 21, 지층 (화곡동)",7779,귀빈노래연습장,126.84711351429,37.5283875115391
서울특별시 강서구 화곡동 1067-20번지,서울특별시 강서구 화곡로 133 (화곡동),,울랄라노래연습장,126.83649036711,37.5408336595688
서울특별시 강서구 가양동 130-1번지 2층,"서울특별시 강서구 양천로 362, 2층 (가양동)",7573,비바노래연습장,126.842458458849,37.5675303833963
"서울특별시 강서구 화곡동 1062-2 ,2층(화곡로27길14) ","서울특별시 강서구 화곡로27길 14 (화곡동,,2층(화곡로27길14))",,CNN노래연습장,126.840601739165,37.5425227070158
서울특별시 강서구 방화동 483-5 대승프라자,"서울특별시 강서구 금낭화로 91-2, 대승프라자 B02호 (방화동)",7516,수노래연습장,126.811081371114,37.5736503862521
서울특별시 강서구 방화동 562-26 지층,"서울특별시 강서구 양천로 60 (방화동,지층)",,짱노래연습장,126.810574972525,37.5730897874382
서울특별시 강서구 화곡동 1113-10 3층 (방죽길 11),"서울특별시 강서구 공항대로46길 21 (화곡동,3층 (방죽길 11))",,인디아나노래연습장,126.853219684878,37.5543794395739
서울특별시 강서구 방화동 598-146번지 지층,"서울특별시 강서구 초원로 66, 지층 (방화동)",7615,수노래연습장,126.812596690853,37.5675455933224
서울특별시 강서구 화곡동 1118-3번지 4층,"서울특별시 강서구 공항대로46길 97, 4층 (화곡동)",7657,와우노래연습장,126.850869810561,37.5518695603647
서울특별시 강서구 공항동 53-27 김포빌딩,"서울특별시 강서구 송정로 66, 김포빌딩 201호 (공항동)",7623,별노래연습장,126.809969375452,37.5606496825277
서울특별시 강서구 등촌동 647-27번지,"서울특별시 강서구 공항대로59길 26, 지층 (등촌동)",7563,한마음노래연습장,126.86388170668,37.5528199722038
서울특별시 강서구 화곡동 938-16번지 지층,"서울특별시 강서구 월정로 118, 지층 (화곡동)",7775,연수노래연습장,126.838697471818,37.529759803473
서울특별시 강서구 화곡동 781-11 지층,"서울특별시 강서구 곰달래로60길 7, 지층 (화곡동)",7786,금잔디노래연습장,126.86325377335,37.5319180525369
서울특별시 강서구 화곡동 913-4 2층,"서울특별시 강서구 강서로5나길 80, 2층 (화곡동)",7776,황실노래연습장,126.843827055165,37.5285873781839
서울특별시 강서구 화곡동 778-15 창신빌딩 2층,"서울특별시 강서구 곰달래로 261, 2층 (화곡동, 창신빌딩)",7741,헤라 노래연습장,126.8620699203,37.5323372628609
서울특별시 강서구 화곡동 338-23,서울특별시 강서구 강서로18길 9 (화곡동),,최신노래연습장,126.846239721154,37.5338235549143
서울특별시 강서구 공항동 686,서울특별시 강서구 방화대로7길 67 (공항동),7628,준노래연습장,126.812452817589,37.5558539579683
서울특별시 강서구 공항동 1356-8 지층,서울특별시 강서구 방화대로6길 39 (공항동),7645,달밤 노래연습장,126.818834630627,37.5548029991147
서울특별시 강서구 방화동 607-219번지 지층,"서울특별시 강서구 방화동로12길 10, 지층 (방화동)",7616,스마일노래연습장,126.813135033661,37.5664565134334
서울특별시 강서구 공항동 53-1 지층,"서울특별시 강서구 공항대로 24, 지층 (공항동)",7623,라이브 노래연습장,126.809951413051,37.5611712399241
서울특별시 강서구 방화동 572-8 2층,"서울특별시 강서구 양천로 88, 2층 (방화동)",7604,오즈노래연습장,126.813542139445,37.5732829089751
서울특별시 강서구 등촌동 655-37 지층,"서울특별시 강서구 공항대로 423, 지층 (등촌동)",7571,야후노래연습장,126.854371723846,37.555567479084
서울특별시 강서구 마곡동 1239 2층,"서울특별시 강서구 양천로26길 57 (마곡동,2층)",,스튜디오 노래연습장,126.819930319587,37.5722208234306
서울특별시 강서구 방화동 535-14 지층 (양천로42),"서울특별시 강서구 양천로 42 (방화동,지층 (양천로42))",,스튜디오노래연습장,126.808508553577,37.5727627266019
서울특별시 강서구 화곡동 70-20번지,서울특별시 강서구 초록마을로 6 (화곡동),7721,은하수노래연습장,126.844941756892,37.5449231596458
서울특별시 강서구 화곡동 1006-10 2층,"서울특별시 강서구 강서로 239, 2층 (화곡동)",7705,슈퍼파워코인노래연습장,126.836000888891,37.5471811454819
서울특별시 강서구 화곡동 1068-22 3층,"서울특별시 강서구 화곡로 121, 3층 (화곡동)",7711,와우 노래연습장,126.835393435366,37.5404936303149
서울특별시 강서구 화곡동 343-64,"서울특별시 강서구 강서로 43-17, 3층 (화곡동, 오거닉스타워)",7774,코인박스 동전노래연습장,126.846691735763,37.5311063652026
서울특별시 강서구 등촌동 674-1번지 2층,"서울특별시 강서구 강서로 378, 2층 (등촌동)",7591,모이락노래연습장,126.838822654561,37.55927244697
서울특별시 강서구 화곡동 781-7 2층,"서울특별시 강서구 곰달래로60길 17, 2층 (화곡동)",7786,세븐노래연습장,126.863237521999,37.5315241162532
서울특별시 강서구 방화동 495-18번지 지층,"서울특별시 강서구 양천로 25, 지층 (방화동)",7516,파티파티노래연습장,126.806604096187,37.5728029598624
서울특별시 강서구 화곡동 908-19 3층,"서울특별시 강서구 강서로5나길 15, 3층 (화곡동)",7779,테마노래연습장,126.847404355161,37.5283985194954
서울특별시 강서구 화곡동 1119-9 월드빌딩 5층,"서울특별시 강서구 공항대로46길 85 (화곡동,월드빌딩 5층)",,오광노래연습장,126.851163973005,37.5523051132551
서울특별시 강서구 방화동 495-38번지 2층,"서울특별시 강서구 양천로 27, 2층 (방화동)",7516,나이스 노래연습장,126.806789727835,37.5728089400799
서울특별시 강서구 가양동 249-7 지층,"서울특별시 강서구 양천로49길 53 (가양동,지층)",,궁산 노래연습장,126.84039879516,37.5710460009549
서울특별시 강서구 공항동 1356-9 지층,"서울특별시 강서구 방화대로6길 37, 지층 (공항동)",7645,베스트노래연습장,126.818724411558,37.5548920286084
서울특별시 강서구 방화동 598-18 지층,"서울특별시 강서구 방화동로 77, 지층 (방화동)",7615,Play(플레이)노래연습장,126.812526379263,37.5673276212061
서울특별시 강서구 화곡동 783-23 2층,"서울특별시 강서구 등촌로3길 17, 2층 (화곡동)",7785,뉴월드노래연습장,126.862682234867,37.5312828146296
서울특별시 강서구 화곡동 1034-12번지 지층,"서울특별시 강서구 강서로39길 13, 지층 (화곡동)",7707,신나는노래연습장,126.836970017103,37.5441583771611
서울특별시 강서구 화곡동 997-10번지,서울특별시 강서구 우장산로16길 46 (화곡동),7686,성지노래연습장,126.848456413066,37.5514684269253
서울특별시 강서구 내발산동 750-10 웨스트앤드중정 302호,"서울특별시 강서구 수명로 68-35, 302호 (내발산동, 웨스트앤드중정)",7635,나가수 노래연습장,126.82677164429,37.5529862473925
서울특별시 강서구 화곡동 779-1번지 2층,"서울특별시 강서구 곰달래로 266-1, 2층 (화곡동)",7785,악쓰는하마 명품노래연습장,126.862698033164,37.5321074287515
서울특별시 강서구 화곡동 927-1 110호,"서울특별시 강서구 강서로5나길 104, 110호 (화곡동)",7776,귀빈노래연습장,126.842384319394,37.5285659999317
서울특별시 강서구 가양동 154-14 지층,"서울특별시 강서구 강서로 489-4 (가양동,지층)",,렉스 노래연습장,126.841148570087,37.5695196463689
서울특별시 강서구 화곡동 911-14 지층,"서울특별시 강서구 강서로5나길 77, 지층 (화곡동)",7780,등대노래연습장,126.843938521145,37.5281927069296
서울특별시 강서구 방화동 285-1 지층,"서울특별시 강서구 양천로 93, 지층 (방화동)",7517,오디션노래연습장,126.81420587479,37.573584707128
서울특별시 강서구 화곡동 391-61번지,서울특별시 강서구 곰달래로 147-1 (화곡동),,등대노래방,126.849415879405,37.5308594820364
서울특별시 강서구 화곡동 912-1 3층,"서울특별시 강서구 강서로5나길 83, 3층 (화곡동)",7780,팰리스노래연습장,126.843630611134,37.528175721234
서울특별시 강서구 화곡동 1059-41번지 지층,"서울특별시 강서구 화곡로 205-10, 지층 (화곡동)",7696,굿타임노래연습장(2호점),126.842780181727,37.5440279525921
서울특별시 강서구 화곡동 357-25 지층,"서울특별시 강서구 곰달래로 51, 지층 (화곡동)",7772,M노래연습장,126.838443252608,37.5301822955697
서울특별시 강서구 등촌동 506-39번지 지층,"서울특별시 강서구 등촌로55길 6, 지층 (등촌동)",7665,스타노래연습장,126.863525114974,37.5504589469648
서울특별시 강서구 화곡동 799-9 지하,"서울특별시 강서구 곰달래로 247, 지하층 (화곡동)",7741,가왕 노래연습장,126.860515572123,37.5321837988702
서울특별시 강서구 등촌동 647-74 2층,"서울특별시 강서구 공항대로59가길 23, 2층 (등촌동)",7563,앵콜노래연습장,126.865100997889,37.5518125246467
서울특별시 강서구 화곡동 1119-10 3층,"서울특별시 강서구 공항대로46길 77, 3층 (화곡동)",7657,골든벨노래연습장,126.851494489315,37.5526149318914
서울특별시 강서구 화곡동 781-12 지층 (곰달래로60길 5),"서울특별시 강서구 곰달래로60길 5 (화곡동,지층 (곰달래로60길 5))",,홍콩노래연습장,126.863221691705,37.5320148729461
서울특별시 강서구 화곡동 1066-8 지층,"서울특별시 강서구 화곡로 141, 지층 (화곡동)",7714,빙고노래연습장,126.837381947717,37.5410652761464
서울특별시 강서구 방화동 285-12 지층A,"서울특별시 강서구 양천로 94-1 (방화동,지층A)",,락노래연습장,126.814403441374,37.5732527314322
서울특별시 강서구 방화동 285-12 지층B,"서울특별시 강서구 양천로 94-1 (방화동,지층B)",,맥스노래연습장,126.814403441374,37.5732527314322
서울특별시 강서구 화곡동 1115-29,"서울특별시 강서구 화곡로60길 22, 2층 (화곡동)",7654,이벤트노래연습장,126.852463386776,37.55333189873
서울특별시 강서구 화곡동 1115-10 지층,"서울특별시 강서구 공항대로46길 65, 지층 (화곡동)",7654,칸소네노래연습장,126.85173867031,37.5530909653025
서울특별시 강서구 화곡동 778-13 지층,"서울특별시 강서구 곰달래로59길 9, 지층 (화곡동)",7741,황실노래연습장,126.862886472209,37.5327521333369
서울특별시 강서구 내발산동 644-2번지 7층,"서울특별시 강서구 공항대로 272, 7층 (내발산동)",7632,왈츠노래연습장,126.837758006168,37.5581117670688
서울특별시 강서구 화곡동 98-154번지 지층,"서울특별시 강서구 초록마을로2길 48, 지층 (화곡동)",7721,설악산노래연습장,126.843502478979,37.5432592790771
서울특별시 강서구 화곡동 1060-17 2층,"서울특별시 강서구 화곡로 195, 2층 (화곡동)",7700,번개노래연습장,126.842508438068,37.5433015658335
서울특별시 강서구 공항동 1359-9 지층,"서울특별시 강서구 방화대로6바길 4, 지층 (공항동)",7645,25시노래연습장,126.819131862998,37.5547387632452
서울특별시 강서구 화곡동 372-1번지 지층(가로공원로186),"서울특별시 강서구 가로공원로 186, 지층 (화곡동)",7761,다온 노래연습장,126.836691380554,37.5368645856117
서울특별시 강서구 화곡동 1121-1 3층,"서울특별시 강서구 화곡로58길 36, 3층 (화곡동)",7657,세분노래연습장,126.852856661625,37.5526366394033
서울특별시 강서구 화곡동 914-15번지 2층,"서울특별시 강서구 강서로5나길 62 (화곡동,2층)",,특급노래연습장,126.844759634588,37.5286289725507
서울특별시 강서구 등촌동 663-27번지 2층,"서울특별시 강서구 화곡로63길 121, 2층 (등촌동)",7590,흥날터노래연습장,126.846393060099,37.5587341924698
서울특별시 강서구 등촌동 672 지하1층,"서울특별시 강서구 강서로54길 42 (등촌동,지하1층)",,쿨노래연습장,126.841096965391,37.5588030473716
서울특별시 강서구 화곡동 1068-23 2층,"서울특별시 강서구 화곡로 119, 2층 (화곡동)",7711,테마노래연습장,126.835104104883,37.5404442123113
서울특별시 강서구 염창동 252-5 지층,"서울특별시 강서구 양천로 723, 지층 (염창동)",7540,퀸노래연습장,126.876367234255,37.5495252417773
서울특별시 강서구 화곡동 897-21 지층,"서울특별시 강서구 곰달래로 142, 지층 (화곡동)",7781,JJ 노래연습장,126.848710679367,37.5305346710326
서울특별시 강서구 화곡동 1096-17 지층,"서울특별시 강서구 우장산로15길 25, 지층 (화곡동)",7649,JJ노래연습장,126.850561695472,37.5542861859343
서울특별시 강서구 화곡동 343-51 지층,"서울특별시 강서구 강서로 45, 지층 (화곡동)",7774,썬노래연습장,126.846410780104,37.5317868862074
서울특별시 강서구 화곡동 98-157,서울특별시 강서구 화곡로 194-9 (화곡동),,열린노래방,126.843311796532,37.5428346558417
서울특별시 강서구 가양동 138-12,서울특별시 강서구 양천로 351 (가양동),,엣지노래연습장,126.841860529114,37.5683581388462
서울특별시 강서구 화곡동 94-4번지 지층,"서울특별시 강서구 화곡로 241 (화곡동,지층)",,꼭지노래연습장,126.845153335737,37.5466860601912
서울특별시 강서구 방화동 614-18번지 지층,"서울특별시 강서구 방화동로 43, 지층 (방화동)",7620,파티파티노래연습장,126.811111114745,37.5646071542253
서울특별시 강서구 방화동 609-187 지층,"서울특별시 강서구 방화동로 44, 지층 (방화동)",7616,킹노래방,126.81156917558,37.564520129281
서울특별시 강서구 화곡동 342-56 지층,"서울특별시 강서구 강서로 34, 지층 (화곡동)",7760,와우노래방,126.847442851913,37.5309937216972
서울특별시 강서구 등촌동 664-11 2층,"서울특별시 강서구 화곡로61길 109, 2층 (등촌동)",7590,마운틴노래연습장,126.846467967864,37.5583008205634
서울특별시 강서구 화곡동 910-8 지층 (강서로5나길47),"서울특별시 강서구 강서로5나길 47 (화곡동,지층 (강서로5나길47))",,월드노래방,126.845567415402,37.5283481985032
서울특별시 강서구 화곡동 976-18 지층,"서울특별시 강서구 화곡로44나길 40, 지층 (화곡동)",7663,앵콜송노래방,126.849839911292,37.5487464785291
서울특별시 강서구 화곡동 839-10 2층,"서울특별시 강서구 곰달래로 233-1, 2층 (화곡동)",7738,파랑새노래연습장,126.859015173928,37.5319224389778
서울특별시 강서구 화곡동 90-1번지 지층,"서울특별시 강서구 우현로 1, 지층 (화곡동)",7695,찬찬찬노래연습장,126.844787056391,37.5465674584466
서울특별시 강서구 방화동 260-40 지층,"서울특별시 강서구 양천로24길 69, 지층 (방화동)",7605,엔젤노래연습장,126.815516887264,37.5701742486775
서울특별시 강서구 방화동 562-5,서울특별시 강서구 양천로16길 2 (방화동),,승리노래연습장,126.810669958055,37.572951366983
서울특별시 강서구 염창동 242-34번지 지층,"서울특별시 강서구 양천로 611, 지층 (염창동)",7545,유토피아노래연습장,126.86611318766,37.5550924960251
"서울특별시 강서구 등촌동 638 서광아파트상가 204,205호   (등촌길42) ","서울특별시 강서구 공항대로45길 68-6 (등촌동,서광아파트상가 204,205호   (등촌길42))",,오르노래연습장,126.856969456017,37.5579627106862
서울특별시 강서구 방화동 571-49,서울특별시 강서구 양천로 85 (방화동),,라이브노래연습장,126.813275787804,37.5736422547515
서울특별시 강서구 등촌동 662-6번지 청석빌딩 2층,"서울특별시 강서구 화곡로61길 100, 2층 (등촌동, 청석빌딩)",7590,원 노래연습장,126.847003570425,37.5584442336471
서울특별시 강서구 화곡동 779-3 지하,"서울특별시 강서구 곰달래로60길 4 (화곡동,지하)",,놀이터노래연습장,126.862913108361,37.5320456897674
서울특별시 강서구 방화동 597-25번지 지층,"서울특별시 강서구 금낭화로 29, 지층 (방화동)",7608,우리노래방,126.81150216438,37.5679807430624
서울특별시 강서구 화곡동 776-3번지 지층,"서울특별시 강서구 등촌로 35, 지층 (화곡동)",7741,SBS노래연습장,126.863332855465,37.5330967428172
서울특별시 강서구 화곡동 1066-10 지층,"서울특별시 강서구 화곡로 143, 지층 (화곡동)",7714,스타노래연습장,126.83762776249,37.5411467043016
서울특별시 강서구 방화동 286-22번지,서울특별시 강서구 양천로 101 (방화동),,열창노래연습장,126.815236016373,37.5735325345756
서울특별시 강서구 방화동 450-15 멤브로메디컬 B04호 (양천로73),"서울특별시 강서구 양천로 73 (방화동,멤브로메디컬 B04호 (양천로73))",,궁 노래연습장,126.811826043779,37.5737251867757
서울특별시 강서구 화곡동 1064-4 청도빌딩 지층,"서울특별시 강서구 화곡로 173, 지층 (화곡동, 청도빌딩)",7702,궁노래연습장,126.840750757758,37.5420461896332
서울특별시 강서구 등촌동 678번지 동진빌딩 지층,"서울특별시 강서구 강서로56가길 47 (등촌동,동진빌딩 지층)",,서울 노래방,126.840099440935,37.5617021869591
서울특별시 강서구 공항동 53-109번지 지층,"서울특별시 강서구 송정로 68 (공항동,지층)",,와우노래연습장,126.809951974293,37.5608166089944
서울특별시 강서구 마곡동 776-2번지 마곡센트럴대방디엠시티오피스텔,"서울특별시 강서구 양천로 344, 마곡센트럴대방디엠시티오피스텔 2층 207호 (마곡동)",7791,대방코인노래연습장,126.840359563104,37.5682660192783
서울특별시 강서구 공항동 52-4번지,"서울특별시 강서구 송정로 63, 2층 (공항동)",7622,럭키코인 노래연습장,126.80977602391,37.5603976330005
서울특별시 강서구 등촌동 636,"서울특별시 강서구 화곡로68길 132, 지층 (등촌동)",7565,굿 노래연습장,126.860755730933,37.5565374450753
서울특별시 강서구 화곡동 862-17번지,"서울특별시 강서구 곰달래로 203, 2층 (화곡동)",7749,COIN BOX 동전노래연습장,126.855633832006,37.5315090293931
서울특별시 강서구 화곡동 779-6 지층 (곰달래길65),"서울특별시 강서구 곰달래로 266 (화곡동,지층 (곰달래길65))",,방가방가노래연습장,126.862497962937,37.5320688133544
서울특별시 강서구 화곡동 778-3,"서울특별시 강서구 곰달래로 269, 지층 (화곡동)",7741,미소노래연습장,126.862896341365,37.5324288658261
서울특별시 강서구 공항동 1359-10번지 지층,"서울특별시 강서구 방화대로6길 43, 지층 (공항동)",7645,부킹노래연습장,126.819016172131,37.5546571358773
서울특별시 강서구 화곡동 1032-27번지,"서울특별시 강서구 강서로 205, 지층 (화곡동)",7707,CNN노래연습장,126.837621158964,37.5441393622812
서울특별시 강서구 공항동 55-103 지층,"서울특별시 강서구 송정로 44-1, 지층 (공항동)",7623,앵콜노래연습장,126.810837553142,37.5588277316594
서울특별시 강서구 화곡동 1115-23 지층,"서울특별시 강서구 화곡로60길 26, 지층 (화곡동)",7654,신나는노래연습장,126.852629734117,37.5533383233479
서울특별시 강서구 방화동 562-20번지 지층 (양천로16길8),"서울특별시 강서구 양천로16길 8 (방화동,지층 (양천로16길8))",,도레미노래연습장,126.810802147416,37.5728281427728
서울특별시 강서구 화곡동 1024-10 지층(강서로207),"서울특별시 강서구 강서로 207 (화곡동,지층(강서로207))",,애플노래방,126.837392186235,37.5443743879828
서울특별시 강서구 내발산동 646-0번지 지하1층,"서울특별시 강서구 공항대로 284 (내발산동,지하1층)",,궁 노래연습장,126.839101262993,37.5581849641381
서울특별시 강서구 화곡동 358-5 지층,"서울특별시 강서구 강서로17길 131, 지층 (화곡동)",7766,스타노래연습장,126.838625412711,37.531909311976
서울특별시 강서구 방화동 567-29번지 2층,"서울특별시 강서구 금낭화로 80, 2층 (방화동)",7604,코인박스동전노래연습장 방화점,126.811691923196,37.5725923337639
서울특별시 강서구 등촌동 655-1,"서울특별시 강서구 공항대로45길 28, 지층 (등촌동)",7571,K노래연습장,126.85525668327,37.5563575701776
서울특별시 강서구 화곡동 988-1 지층 (화곡로53길11),"서울특별시 강서구 화곡로53길 11, 지층 (화곡동)",7687,짱구노래연습장,126.84815053955,37.5511808860718
서울특별시 강서구 염창동 264-8번지 지층,"서울특별시 강서구 양천로 694, 지층 (염창동)",7555,수노래연습장,126.87285045317,37.5501089578592
서울특별시 강서구 등촌동 524-4번지 지층,"서울특별시 강서구 등촌로39길 14, 지층 (등촌동)",7668,스윙노래연습장,126.861530416077,37.5457088152061
서울특별시 강서구 등촌동 663-3번지 지하,"서울특별시 강서구 화곡로63길 133 (등촌동,지하)",,빛노래연습장,126.84564881658,37.5588359354426
서울특별시 강서구 화곡동 1062-0번지,서울특별시 강서구 화곡로27길 16  (화곡동),,나래 노래연습장,126.84046105637,37.5425911731334
서울특별시 강서구 방화동 600-2번지 지층,"서울특별시 강서구 초원로 43, 지층 (방화동)",7609,공항노래연습장,126.810207960638,37.5679221772299
서울특별시 강서구 화곡동 362-71 지층,"서울특별시 강서구 가로공원로76가길 9, 지층 (화곡동)",7767,킹데이 노래연습장,126.839502893073,37.5332364196781
서울특별시 강서구 화곡동 1120-10번지 지층 (까치산로27길18),"서울특별시 강서구 까치산로27길 18 (화곡동,지층 (까치산로27길18))",,J노래연습장,126.851734844367,37.5519945368764
서울특별시 강서구 가양동 1480번지 지층,"서울특별시 강서구 양천로57길 16, 지층 (가양동)",7526,리베노래연습장,126.852504476699,37.5633752671263
서울특별시 강서구 화곡동 780-27번지 지층,"서울특별시 강서구 등촌로3길 14, 지층 (화곡동)",7785,승리노래연습장,126.862979123635,37.5315203929324
서울특별시 강서구 화곡동 357-23번지 2층,"서울특별시 강서구 곰달래로 55, 2층 (화곡동)",7772,빙고노래연습장,126.838862293164,37.5301877334644
서울특별시 강서구 화곡동 1065-1,"서울특별시 강서구 화곡로25길 2, 5층 (화곡동, KBH빌딩)",7714,매드락코인노래연습장,126.838497275306,37.5413831475011
서울특별시 강서구 화곡동 800-9,"서울특별시 강서구 곰달래로 243, 지층 (화곡동)",7738,연예인노래연습장,126.859943910773,37.5320491435237
서울특별시 강서구 방화동 249-20,"서울특별시 강서구 방화동로 90 (방화동, 반석빌딩)",7606,스카이노래연습장,126.812938605108,37.5683752306978
서울특별시 강서구 화곡동 357-26,"서울특별시 강서구 월정로 124, 2층 (화곡동)",7772,세븐스타코인노래연습장 화곡점,126.838331825273,37.5303345923833
서울특별시 강서구 공항동 1360-2 지층,서울특별시 강서구 방화대로6마길 3 (공항동),7645,연인노래방,126.818713976547,37.5544343964169
서울특별시 강서구 화곡동 343-31,"서울특별시 강서구 강서로 47, 3층 (화곡동)",7774,쓰리스타 코인노래연습장,126.846339260429,37.5319605060512
서울특별시 강서구 화곡동 1060-6번지 지하2호,"서울특별시 강서구 화곡로 197, 지하2호 (화곡동)",7700,실로코인노래연습장,126.842690208306,37.5433885742887
서울특별시 강서구 마곡동 794-1번지 우성에스비타워 405호,"서울특별시 강서구 강서로 385, 4층 405호 (마곡동, 우성에스비타워)",7803,코인박스 동전노래연습장 (발산점),126.838304106686,37.5600926354663
서울특별시 강서구 화곡동 1006-12번지 2층,"서울특별시 강서구 강서로 243-8, 2층 (화곡동)",7705,락휴코인노래연습장 우장산점,126.835774245891,37.5476371859303
서울특별시 강서구 등촌동 647-24번지 지층,"서울특별시 강서구 공항대로59길 32, 지층 (등촌동)",7563,난노래연습장,126.863829622525,37.5530210147624
서울특별시 강서구 마곡동 795-7 406호,"서울특별시 강서구 마곡중앙6로 93, 406호 (마곡동, 열린프라자)",7803,세븐스타코인노래연습장 마곡지구점,126.837697932979,37.5601356822454
서울특별시 강서구 화곡동 1116-3,"서울특별시 강서구 화곡로 330, 2층 (화곡동)",7653,코인 락스타 노래연습장 강서구청점,126.851201437059,37.553270128542
서울특별시 강서구 화곡동 1112-20 지층,"서울특별시 강서구 공항대로46길 31, 지층 (화곡동)",7654,땡큐노래연습장,126.852704803667,37.5542391438461
서울특별시 강서구 가양동 131-4번지,"서울특별시 강서구 양천로 360, 2층 (가양동)",7573,마니아노래연습장,126.842241895256,37.5676510978243
서울특별시 강서구 화곡동 1098-10 지층,"서울특별시 강서구 우장산로 123, 지층 (화곡동)",7649,플레이노래연습장,126.849728797038,37.5533061955069
서울특별시 강서구 화곡동 1098-12번지 지층,"서울특별시 강서구 공항대로44길 61, 지층 (화곡동)",7649,빙빙노래연습장,126.849859482147,37.5536013482209
서울특별시 강서구 가양동 130-3번지 2층,"서울특별시 강서구 강서로74길 21, 2층 (가양동)",7573,네박자노래연습장,126.842366155902,37.5673938495571
서울특별시 강서구 화곡동 1104-5번지 지층 (사랑길 54),"서울특별시 강서구 우장산로16길 20  (화곡동,지층 (사랑길 54))",,귀빈노래방,126.849359225224,37.5524422088362
서울특별시 강서구 화곡동 912-2번지 지층,"서울특별시 강서구 강서로5나길 89, 지층 (화곡동)",7780,킹노래연습장,126.843238022193,37.528185652396
서울특별시 강서구 화곡동 906-14 지하,"서울특별시 강서구 강서로5나길 31 (화곡동,지하)",,정다운노래방,126.846517483136,37.5283566450211
서울특별시 강서구 화곡동 1006-13 지층,"서울특별시 강서구 강서로45가길 19 (화곡동,지층)",,빙고노래연습장,126.835694609343,37.5471083695671
서울특별시 강서구 화곡동 354-62,서울특별시 강서구 가로공원로76길 107 (화곡동),,e 노래방,126.839366916241,37.5325954434816
서울특별시 강서구 방화동 560-5,서울특별시 강서구 양천로 52 (방화동),,가왕노래연습장,126.809642538427,37.5729144859153
서울특별시 강서구 화곡동 362-91 지층,"서울특별시 강서구 가로공원로76길 91, 지층 (화곡동)",7767,대박노래연습장,126.838983943062,37.5332263428651
서울특별시 강서구 방화동 572-9,서울특별시 강서구 양천로 90 (방화동),,파티파티노래연습장,126.813688968939,37.5732793566193
서울특별시 강서구 가양동 150-11 2층,"서울특별시 강서구 양천로 349, 2층 (가양동)",7530,MBC노래연습장,126.84165226231,37.5685148129766
서울특별시 강서구 화곡동 986-22,"서울특별시 강서구 화곡로 281, 지층 (화곡동)",7687,로또노래연습장,126.847615822241,37.5498488831901
서울특별시 강서구 마곡동 795-6 뉴골든타워,"서울특별시 강서구 마곡중앙6로 89, 뉴골든타워 306호 (마곡동)",7803,Mega코인노래연습장(제이티알 주식회사),126.837293234957,37.5601717056669
서울특별시 강서구 마곡동 757번지 두산더랜드파크,"서울특별시 강서구 마곡중앙로 161-8, 두산더랜드파크 C동 319호 (마곡동)",7788,비트2노래연습장,126.827338682565,37.568851450649
서울특별시 강서구 마곡동 722 정원빌딩,"서울특별시 강서구 강서로 381-7, 정원빌딩 지1층 (마곡동)",7803,순노래연습장,126.837929966546,37.559554498142
서울특별시 강서구 마곡동 760-1 힐스테이트에코마곡나루역라마다앙코르서울,"서울특별시 강서구 마곡중앙로 161-11, 힐스테이트에코마곡나루역라마다앙코르서울 지층 103,104호 (마곡동)",7788,앙코르노래연습장,126.826732885929,37.5680142599276
서울특별시 강서구 마곡동 759-3번지 보타닉파크타워Ⅰ,"서울특별시 강서구 마곡중앙로 161-17, 보타닉파크타워Ⅰ 303호 (마곡동)",7788,에코인노래연습장,126.825960812712,37.5680581740122
서울특별시 강서구 마곡동 757번지 두산더랜드파크,"서울특별시 강서구 마곡중앙로 161-8, 두산더랜드파크 C동 312,313호 (마곡동)",7788,비트노래연습장,126.827338682565,37.568851450649
서울특별시 강서구 등촌동 663-1번지 신성빌딩,"서울특별시 강서구 화곡로63길 139, 신성빌딩 2층 (등촌동)",7590,세븐틴 코인노래연습장,126.845320138149,37.5588400102848
서울특별시 강서구 등촌동 663-6,"서울특별시 강서구 화곡로63길 129, 2층 (등촌동)",7590,윙스코인노래연습장,126.845956211534,37.5587797543334
서울특별시 강서구 마곡동 773-2 마곡지엠지타워 213호,"서울특별시 강서구 마곡중앙6로 16, 마곡지엠지타워 213호 (마곡동)",7801,마곡 코인노래연습장,126.829006208171,37.5604015515818
서울특별시 강서구 등촌동 647-39,"서울특별시 강서구 공항대로59길 20, 2층 (등촌동)",7563,써니노래연습장,126.863936404278,37.5524884681992
서울특별시 강서구 화곡동 1112-6 다원빌딩,"서울특별시 강서구 공항대로46길 47, 다원빌딩 지층 (화곡동)",7654,썬노래연습장,126.852170595358,37.553915198469
서울특별시 강서구 화곡동 905-9 은하빌딩,"서울특별시 강서구 강서로5나길 32, 은하빌딩 2층 (화곡동)",7777,궁전노래연습장,126.846411554218,37.5287609666213
서울특별시 강서구 등촌동 663-2번지,"서울특별시 강서구 화곡로63길 137, 지층 (등촌동)",7590,신선노래연습장,126.845467861404,37.5588276798742
서울특별시 강서구 방화동 564-95,서울특별시 강서구 금낭화로 60 (방화동),,스타노래연습장,126.811739439874,37.5707592473546
서울특별시 강서구 공항동 42-4 지층,"서울특별시 강서구 공항대로 32, 지층 (공항동)",7623,스카이노래연습장,126.810709978338,37.5610289299524
서울특별시 강서구 방화동 580-43,서울특별시 강서구 방화동로 105 (방화동),,둘리노래연습장,126.812685041359,37.5698264205882
서울특별시 강서구 화곡동 836-4번지 지하동 1층호,"서울특별시 강서구 곰달래로49길 11, 지하동 1층호 (화곡동)",,스타노래연습장,126.857567234879,37.5322212753215
서울특별시 강서구 화곡동 1067-18번지 지층,"서울특별시 강서구 화곡로21길 7, 지층 (화곡동)",7712,강남노래연습장,126.836644682935,37.5411550792494
서울특별시 강서구 방화동 829-4 금강프라자빌딩 209호,"서울특별시 강서구 금낭화로 135, 209호 (방화동,금강프라자빌딩)",,광장 노래연습장,126.812438073591,37.5774450106613
서울특별시 강서구 방화동 249-221 지층,"서울특별시 강서구 방화동로 72, 지층 (방화동)",7616,신바람노래연습장,126.812860558257,37.566859724295
서울특별시 강서구 염창동 263-2 태진가람상가 B04호(양천로706),"서울특별시 강서구 양천로 706 (염창동,태진가람상가 B04호(양천로706))",,힐링노래연습장,126.874338257036,37.5496247325042
서울특별시 강서구 화곡동 24-486 지층,"서울특별시 강서구 화곡로 226, 지층 (화곡동)",7679,스타노래연습장,126.844819791417,37.5452419528509
서울특별시 강서구 화곡동 24-126번지 지층,"서울특별시 강서구 화곡로42가길 9  (화곡동,지층)",,아싸노래방,126.845830874522,37.54616734109
서울특별시 강서구 화곡동 1076-17 성지빌딩 지층,"서울특별시 강서구 강서로 160, 성지빌딩 지층 (화곡동)",7727,NEW팡팡노래연습장,126.841229083157,37.5411793520195
서울특별시 강서구 화곡동 781-3번지 일호빌딩 지층,"서울특별시 강서구 등촌로 21, 일호빌딩 지층 (화곡동)",7786,스마일코인노래연습장,126.86346848547,37.5318687459262
"서울특별시 강서구 마곡동 791-9 B105, B106, B107호(파인스퀘어Ⅱ) ","서울특별시 강서구 마곡중앙8로 85, 파인스퀘어Ⅱ B105,B106,B107호 (마곡동)",7794,K노래연습장,126.836985456641,37.5611255258819
서울특별시 강서구 마곡동 776-4 엠코지니어스타,"서울특별시 강서구 강서로 471, 엠코지니어스타 B동 지하1층 02호 (마곡동)",7791,테스형 노래연습장,126.840573315951,37.5674482048077
서울특별시 강서구 염창동 282-26,"서울특별시 강서구 공항대로 621, 지하1층 (염창동)",7558,염창코노노래연습장,126.873852622489,37.5472344972859
서울특별시 강서구 화곡동 910-23,"서울특별시 강서구 강서로5나길 65, 5층 (화곡동)",7779,부킹노래연습장,126.844536702947,37.5282763879479
서울특별시 강서구 마곡동 795-7 열린프라자,"서울특별시 강서구 마곡중앙6로 93, 열린프라자 305호 (마곡동)",7803,판타스틱 코인노래연습장 발산역점,126.837697932979,37.5601356822454
서울특별시 강서구 공항동 42-4번지,서울특별시 강서구 공항대로 32  (공항동),,스카이노래연습장,126.810709978338,37.5610289299524
서울특별시 은평구 응암동 427-105 지층,서울특별시 은평구 응암로22길 7 (응암동),3466,바다노래연습장,126.918950699365,37.5938670432792
서울특별시 구로구 고척동 253-200 지하,서울특별시 구로구 고척로 142 (고척동),8235,킹노래연습장,126.849651976952,37.5025646020402
서울특별시 구로구 가리봉동 127-23,"서울특별시 구로구 남부순환로105라길 8, 지층 (가리봉동)",8387,썸TA 노래연습장,126.889259495092,37.4801615845378
서울특별시 구로구 구로동 1124-41 케이제이빌딩 3층,"서울특별시 구로구 디지털로32나길 34, 케이제이빌딩 3층 (구로동)",8391,세븐틴코인노래연습장,126.901029847293,37.4843243276778
서울특별시 구로구 구로동 771-40번지,"서울특별시 구로구 도림로 35, 지층 (구로동)",8314,태영노래연습장,126.888181751475,37.4874843241484
서울특별시 구로구 가리봉동 97-10번지 금천교회,"서울특별시 구로구 구로동로2길 10, 금천교회 지층 (가리봉동)",8384,동북삼성노래연습장,126.88734180715,37.4836055882923
서울특별시 구로구 신도림동 338 신도림2차푸르지오,"서울특별시 구로구 경인로67길 23, 101동 B102호 (신도림동, 신도림2차푸르지오)",8208,퀸비코인노래연습장 신도림역점,126.889481191271,37.5104826397728
서울특별시 구로구 구로동 754-4 GS 칼텍스,"서울특별시 구로구 구로동로 137, GS 칼텍스 지층 (구로동)",8309,야즈연노래연습장,126.883528041948,37.4910179935409
서울특별시 구로구 개봉동 407-17,"서울특별시 구로구 개봉로20길 74, 지하층 (개봉동)",8329,세븐스타코인노래연습장(개봉역점),126.858419299721,37.4932889494046
서울특별시 구로구 구로동 437번지 동남빌딩,"서울특별시 구로구 가마산로 225, 동남빌딩 2층 (구로동)",8284,K-POP코인노래연습장,126.886039306291,37.4940963897119
서울특별시 구로구 구로동 23-7,"서울특별시 구로구 공원로6가길 43, 지층 (구로동)",8289,렉스코인노래연습장,126.889962169032,37.5032800973255
서울특별시 구로구 고척동 271-38,"서울특별시 구로구 경인로35길 115, 2층 (고척동)",8234,영 노래연습장,126.851979057592,37.5015547211314
서울특별시 구로구 구로동 317-115,"서울특별시 구로구 구로동로28길 90, 2층 (구로동)",8312,스타노래연습장,126.888921730639,37.491501442368
서울특별시 구로구 구로동 414-10번지 조일뉴타워,"서울특별시 구로구 구로동로 167, 지층 (구로동, 조일뉴타워)",8286,중화노래연습장,126.882981230582,37.4935392811694
서울특별시 구로구 가리봉동 123-38 3층,"서울특별시 구로구 우마길 13, 3층 (가리봉동)",8387,신행운노래연습장,126.888165771974,37.4817438967725
서울특별시 구로구 구로동 486-50 지하1층,"서울특별시 구로구 구로동로 215-1, 지하1층 (구로동)",8281,대한노래연습장,126.882276534236,37.4978508872457
서울특별시 구로구 구로동 1125-10,서울특별시 구로구 디지털로32길 97-6 (구로동),8391,소풍노래연습장,126.900765644388,37.4831031497728
서울특별시 구로구 구로동 31-4번지 지하1층,서울특별시 구로구 새말로16길 18 (구로동),8289,WA노래연습장,126.890477219596,37.5047386724999
서울특별시 구로구 고척동 253-11 지하1층,서울특별시 구로구 고척로 144 (고척동),8235,수노래연습장,126.849970000444,37.5026751992737
서울특별시 구로구 구로동 569-9번지 에스제이빌딩 지하,서울특별시 구로구 새말로 17 (구로동),8291,궁노래연습장,126.882757572406,37.502210520957
서울특별시 구로구 고척동 50-48 지하1층,"서울특별시 구로구 중앙로10길 7, 지층 (고척동)",8218,랄랄라노래연습장,126.862614065124,37.5034895022417
서울특별시 구로구 구로동 1124-2 2층,서울특별시 구로구 디지털로32길 97-33 (구로동),8391,플레이뮤직타운 노래연습장,126.901135139947,37.4840454636946
서울특별시 구로구 구로동 738-63번지 2층,"서울특별시 구로구 구로동로 96-2 (구로동,2층)",8319,미노래연습장,126.885441004027,37.4873538454339
서울특별시 구로구 가리봉동 135-9번지 2층,서울특별시 구로구 디지털로 224 (가리봉동),8395,별노래연습장,126.890863229511,37.4799399869928
서울특별시 구로구 가리봉동 124-4번지 지층,서울특별시 구로구 우마길 10 (가리봉동),8386,명품노래연습장,126.887704023117,37.4819728555645
서울특별시 구로구 가리봉동 126-36번지 도원빌딩 지층,서울특별시 구로구 우마길 19 (가리봉동),8387,봉황노래연습장,126.888586196439,37.4812467570678
"서울특별시 구로구 구로동 737-7번지 1층,2층 ",서울특별시 구로구 구로동로 104-1 (구로동),8319,황제노래연습장,126.884992878336,37.488035472767
서울특별시 구로구 고척동 76-139번지,"서울특별시 구로구 경인로47길 11, 2,3층 (고척동)",8223,아프리카 마이크 코인노래연습장 고척점,,
서울특별시 구로구 구로동 142-62 종로프라자,"서울특별시 구로구 구로중앙로 17, 종로프라자 지층 (구로동)",8312,복노래연습장,126.891546570869,37.4915868638553
서울특별시 구로구 고척동 52-196번지,서울특별시 구로구 경인로47길 30 (고척동),8222,킹노래연습장,126.866416066559,37.5007709351623
서울특별시 구로구 가리봉동 126-27번지,"서울특별시 구로구 우마길 23, 지층 (가리봉동)",8387,키스노래연습장,126.888825830285,37.4809030678171
서울특별시 구로구 구로동 731-6,"서울특별시 구로구 구로동로 128, 지층 (구로동)",8311,푸른꿈노래연습장,126.884393931097,37.4900946810418
서울특별시 구로구 개봉동 403-54번지,"서울특별시 구로구 개봉로 59, 지층 102호 (개봉동)",8347,코노코노 동전노래연습장,126.855709869345,37.4910212615802
서울특별시 구로구 구로동 147-1번지,서울특별시 구로구 구로중앙로 4 (구로동),8305,팡팡노래연습장,126.892908231368,37.4908819867753
서울특별시 구로구 가리봉동 123-48번지 (지층),"서울특별시 구로구 우마2길 20 (가리봉동,(지층))",8387,에이비씨노래연습장,126.889074050905,37.4820149654241
서울특별시 구로구 개봉동 126-17,서울특별시 구로구 고척로 134 (개봉동),8235,황토노래연습장,126.848795513571,37.5022316687641
서울특별시 구로구 고척동 163-16번지 지층,"서울특별시 구로구 고척로52길 12 (고척동,지층)",8229,제이엔제이노래연습장,126.855895417839,37.5044438604672
서울특별시 구로구 가리봉동 123-78번지 (지층),"서울특별시 구로구 우마길 15 (가리봉동,(지층))",8387,가고파 노래연습장,126.888301516929,37.481544632003
서울특별시 구로구 구로동 27-4번지 (지층),서울특별시 구로구 새말로18길 28 (구로동),8289,원더풀노래연습장,126.89259041829,37.5054585335963
서울특별시 구로구 구로동 779-39,"서울특별시 구로구 도림로 44-4, 2층 (구로동)",8372,열린노래연습장,126.889227174212,37.4878102122826
서울특별시 구로구 가리봉동 123-2번지 (3층),"서울특별시 구로구 우마길 7 (가리봉동,(3층))",8383,상해 노래연습장,126.887861755873,37.482116986519
서울특별시 구로구 구로동 730-60번지 지층,서울특별시 구로구 구로동로 138 (구로동),8308,쏭노래연습장,126.884343821269,37.49083958467
서울특별시 구로구 구로동 1125-1번지 (지층),"서울특별시 구로구 시흥대로 571 (구로동,(지층))",8391,슈퍼스타코인노래연습장,126.901809898362,37.48397178331
서울특별시 구로구 구로동 1125-4번지,서울특별시 구로구 시흥대로 565 (구로동),8391,락휴코인노래연습장,126.901584839285,37.4835856942208
서울특별시 구로구 신도림동 399번지 지층,"서울특별시 구로구 구로중앙로 228 (신도림동,지층)",8205,그린노래연습장,126.876605252712,37.506167775395
서울특별시 구로구 구로동 600-59번지 (지층),"서울특별시 구로구 경인로 554  (구로동,(지층))",8278,아싸노래연습장,126.879262144908,37.5023214277524
서울특별시 구로구 구로동 145-15번지 2층,"서울특별시 구로구 도림로 83 (구로동,2층)",8312,뮤직스타코인노래연습장,126.892418210722,37.490295256222
서울특별시 구로구 구로동 503-25번지 지1층,"서울특별시 구로구 구로동로42길 68 (구로동,지1층)",8280,금성노래연습장,126.884200549658,37.4986060298362
서울특별시 구로구 개봉동 98-18,"서울특별시 구로구 고척로25길 33-28, 지층 (개봉동)",8247,부부노래연습장,126.846327840579,37.5033837528289
서울특별시 구로구 신도림동 292-247번지 지층,"서울특별시 구로구 신도림로11길 45 (신도림동,지층)",8205,한마당노래방,126.878193030871,37.5093799723198
서울특별시 구로구 개봉동 170-38번지,서울특별시 구로구 경인로 338 (개봉동),8277,꾀꼬리노래연습장,126.857662089429,37.4970588403066
서울특별시 구로구 구로동 736-16번지 3층,서울특별시 구로구 구로동로 110-1 (구로동),8315,앵콜노래연습장,126.884855469352,37.4884951230271
서울특별시 구로구 고척동 52-200번지 지1층,서울특별시 구로구 경인로47길 18 (고척동),8222,쎄븐노래연습장,126.866878282855,37.5003805106905
서울특별시 구로구 오류동 52-7번지 지1층,서울특별시 구로구 경인로20길 10 (오류동),8271,건전25시노래연습장,126.843693613741,37.4953128749348
서울특별시 구로구 오류동 38-7번지 2층,서울특별시 구로구 경인로19가길 14-1 (오류동),8268,에프엠노래연습장,126.843788454934,37.496686944218
서울특별시 구로구 구로동 1125-5번지 지층,서울특별시 구로구 시흥대로 563 (구로동),8391,도레미노래연습장,126.901424316011,37.4833916634154
서울특별시 구로구 구로동 317-198번지 (지층),서울특별시 구로구 구로동로28길 98 (구로동),8312,궁전노래연습장,126.889264134323,37.4917262947396
서울특별시 구로구 개봉동 357-37번지 지층,서울특별시 구로구 개봉로3길 70 (개봉동),8351,오뚜기노래연습장,126.852343251095,37.4862567210743
서울특별시 구로구 개봉동 348-11번지 (3층),"서울특별시 구로구 개봉로3길 6 (개봉동,(3층))",8352,영상시티노래연습장,126.855863018356,37.4865257835205
서울특별시 구로구 구로동 1124-23번지 (지층),"서울특별시 구로구 디지털로32길 87 (구로동,(지층))",8391,블랙홀 노래연습장,126.900113502548,37.4832640609377
서울특별시 구로구 구로동 142-76 지층,"서울특별시 구로구 구로중앙로 8 (구로동,지층)",8305,자기야 노래연습장,126.892684786465,37.4912030831451
서울특별시 구로구 신도림동 292-216 (지층),"서울특별시 구로구 신도림로11길 48 (신도림동,(지층))",8204,테크노에스에프노래연습장,126.878266870197,37.5095299755297
서울특별시 구로구 고척동 52-199번지 지층,서울특별시 구로구 경인로47길 22 (고척동),8222,FULL동전노래연습장,126.866777953225,37.5005183415175
서울특별시 구로구 구로동 1124-80 2층,"서울특별시 구로구 디지털로32나길 20, 2층 (구로동)",8391,K2 노래연습장,126.900653384572,37.4838619747212
서울특별시 구로구 구로동 1124-80 2층,"서울특별시 구로구 디지털로32나길 20, 2층 (구로동)",8391,K1노래연습장,126.900653384572,37.4838619747212
서울특별시 구로구 구로동 40-5번지 유현빌딩 지층,서울특별시 구로구 공원로6나길 18 (구로동),8289,퀸노래연습장,126.89098406174,37.5037669568869
서울특별시 구로구 가리봉동 88-37번지,서울특별시 구로구 구로동로 21-1 (가리봉동),8322,진달래노래연습장,126.886347953227,37.4835401242737
서울특별시 구로구 구로동 31-6번지 지층,"서울특별시 구로구 새말로16길 24, 지층 (구로동)",8289,애플노래연습장,126.890664946591,37.5045153070653
서울특별시 구로구 구로동 30-31번지 지층,서울특별시 구로구 새말로16길 33 (구로동),8289,샾노래연습장,126.891257364527,37.5041902306818
서울특별시 구로구 개봉동 126-9번지 지층,서울특별시 구로구 고척로 123 (개봉동),8247,에이스노래연습장,126.847672844757,37.5021739136226
서울특별시 구로구 구로동 30-32번지 1층,서울특별시 구로구 새말로16길 29 (구로동),8289,오렌지노래연습장,126.891153571708,37.5043259165509
서울특별시 구로구 구로동 1125-3번지 2층,"서울특별시 구로구 디지털로32길 97-22 (구로동, 덕성빌딩)",8391,귀빈노래연습장,126.901291908268,37.483742405498
서울특별시 구로구 고척동 52-201 지층,서울특별시 구로구 경인로47길 14 (고척동),8222,K-POP코인노래연습장,126.867046354752,37.5002416748291
서울특별시 구로구 개봉동 475번지 영화아파트상가 3층,"서울특별시 구로구 경인로40길 11 (개봉동, 영화아파트)",8276,코인스타노래연습장,126.859422554119,37.4960567771925
서울특별시 구로구 개봉동 403-91 1층,"서울특별시 구로구 개봉로 19 (개봉동,1층)",8352,삐뚜리노래연습장,126.855918089639,37.487464339968
서울특별시 구로구 구로동 808-38번지 B2층,"서울특별시 구로구 구로동로 77 (구로동, 동해빌딩)",8318,천외천노래연습장,126.88557910404,37.4855477290698
서울특별시 구로구 개봉동 126-17번지 지층,서울특별시 구로구 고척로 134 (개봉동),8235,T코인노래연습장,126.848795513571,37.5022316687641
서울특별시 구로구 궁동 208-16 지층,"서울특별시 구로구 부일로15길 29 (궁동, 비치빌딩)",8256,씽송코인노래연습장,126.833050861858,37.4941437652518
서울특별시 구로구 개봉동 303-34번지 지층,"서울특별시 구로구 개봉로17가길 43 (개봉동,지층)",8337,가요무대노래연습장,126.855277009872,37.49360229609
서울특별시 구로구 구로동 552-5 지층,"서울특별시 구로구 새말로12길 33 (구로동,지층)",8290,쌍쌍노래연습장,126.886793692962,37.5020201109415
서울특별시 구로구 구로동 123-19번지 지층,"서울특별시 구로구 구로중앙로8길 41 (구로동,지층)",8304,추억노래연습장,126.893813266873,37.4928953829375
서울특별시 구로구 구로동 552-60번지 지층,"서울특별시 구로구 공원로11길 4 (구로동,지층)",8290,뉴노래연습장,126.887308164064,37.5038174775653
서울특별시 구로구 고척동 224-9번지 1층,"서울특별시 구로구 중앙로15길 103 (고척동,1층)",8239,잉꼬노래연습장,126.854109918494,37.507258839504
서울특별시 구로구 구로동 486-82번지 지층,"서울특별시 구로구 구로동로 214-15 (구로동,지층)",8280,비바리노래연습장,126.883521412395,37.497762651335
서울특별시 구로구 고척동 271-86번지 지층,"서울특별시 구로구 경인로35길 94-2 (고척동,지층)",8229,ABC노래연습장,126.85252025423,37.5005507772441
서울특별시 구로구 구로동 720-16번지 지층,"서울특별시 구로구 구로동로17길 7 (구로동,지층)",8318,카리브노래연습장,126.884100264808,37.4882724664624
서울특별시 구로구 고척동 167-30번지 지층,"서울특별시 구로구 고척로51길 5 (고척동,지층)",8241,VIP노래연습장,126.855473025112,37.5053126337009
서울특별시 구로구 오류동 40-2번지 지층,"서울특별시 구로구 경인로 197 (오류동,지층)",8268,즐거운노래연습장,126.842960894429,37.4958807082444
서울특별시 구로구 구로동 1127-1번지,서울특별시 구로구 디지털로32길 96 (구로동),8392,스타노래연습장,126.900230157228,37.4827747317582
서울특별시 구로구 고척동 188-2 지1층,"서울특별시 구로구 중앙로 105 (고척동,지1층)",8241,K-POP노래연습장,126.859645954857,37.5068391017168
서울특별시 구로구 고척동 260-19 지층,"서울특별시 구로구 고척로 151 (고척동,지층)",8246,열린음악노래연습장,126.850573204247,37.5032613466946
서울특별시 구로구 개봉동 33-19번지 지층,"서울특별시 구로구 고척로21나길 11 (개봉동,지층)",8251,정다운노래연습장,,
서울특별시 구로구 구로동 597-35번지 지층,"서울특별시 구로구 경인로 544-6 (구로동,지층)",8278,FM노래연습장,126.878604887267,37.5015986885117
서울특별시 구로구 구로동 1125-5번지,서울특별시 구로구 시흥대로 563 (구로동),8391,마돈나연습장,126.901424316011,37.4833916634154
서울특별시 구로구 구로동 481-7 지층,"서울특별시 구로구 구로동로 203 (구로동,지층)",8281,별성노래연습장,126.882269943432,37.4967185863828
서울특별시 구로구 고척동 51-10번지 지층,"서울특별시 구로구 중앙로10길 8 (고척동,지층)",8223,아리랑노래연습장,126.862709274248,37.5033750952073
서울특별시 구로구 고척동 46-11 지층,"서울특별시 구로구 경인로47길 100 (고척동,지층)",8222,톱스타노래연습장,126.864057720043,37.5031153632495
서울특별시 구로구 구로동 415-9번지 지층,"서울특별시 구로구 구로동로 171 (구로동,지층)",8286,따봉노래연습장,126.882927650548,37.4938163777158
서울특별시 구로구 개봉동 62-8번지,서울특별시 구로구 고척로21길 17-1 (개봉동),8252,따봉노래연습장,126.845941153619,37.5021808581894
서울특별시 구로구 오류동 135-11,"서울특별시 구로구 서해안로 2316, 1층 (오류동)",8341,당신의노래연습장,126.842387222686,37.4924907196399
서울특별시 구로구 구로동 730-27 1층,"서울특별시 구로구 구로동로28길 16-7 (구로동,1층)",8311,공룡노래연습장,126.885070184909,37.4904934057885
서울특별시 구로구 오류동 108-75 지층,"서울특별시 구로구 경인로 18 (오류동,지층)",8359,K-팝 노래연습장,126.824888214231,37.4890722571031
서울특별시 구로구 고척동 52-346 지층,"서울특별시 구로구 중앙로 32 (고척동,지층)",8223,25시노래연습장,126.863856941873,37.500768283874
서울특별시 구로구 오류동 135-85번지,서울특별시 구로구 서해안로30길 14 (오류동),8341,역전노래연습장,126.84388969834,37.4931399074152
서울특별시 구로구 가리봉동 88-3 (2층),"서울특별시 구로구 구로동로 27 (가리봉동,(2층))",8322,콩깍지노래연습장,126.886242924791,37.4840563909613
서울특별시 구로구 가리봉동 121-38 (지층),"서울특별시 구로구 구로동로 9 (가리봉동,(지층))",8322,송화강노래연습장,126.886949116632,37.4827159180702
서울특별시 구로구 고척동 92-11번지 (지층),"서울특별시 구로구 경서로 6 (고척동,(지층))",8226,세븐노래연습장,126.856926652502,37.4980305876387
서울특별시 구로구 가리봉동 122-16번지,서울특별시 구로구 구로동로 12 (가리봉동),8384,신선노래연습장,126.887351431548,37.4828432544018
서울특별시 구로구 구로동 547-31번지 (지층),"서울특별시 구로구 공원로7길 36 (구로동,(지층))",8290,혜진 노래연습장,126.887201892427,37.5016121657769
서울특별시 구로구 구로동 1124-6번지 9,"서울특별시 구로구 디지털로32길 97-27 (구로동,9)",8391,야우노래연습장,126.901006424159,37.4837384725133
서울특별시 구로구 가리봉동 122-15번지 (3층),"서울특별시 구로구 구로동로 14 (가리봉동,(3층))",8384,중화노래방,126.887235763615,37.4829962253712
서울특별시 구로구 구로동 780-80번지 (지층),"서울특별시 구로구 도림로12길 5 (구로동,(지층))",8372,엠비씨노래연습장,126.888479390469,37.4870031069934
서울특별시 구로구 가리봉동 126-46번지 (지층),"서울특별시 구로구 남부순환로105라길 17 (가리봉동,(지층))",8387,대륙 노래연습장,126.889467110735,37.4805962453323
서울특별시 구로구 가리봉동 121-8번지 (지층),"서울특별시 구로구 구로동로 17-1 (가리봉동,(지층))",8322,하얼빈노래연습장,126.886605514629,37.4833157504042
서울특별시 구로구 구로동 779-34번지 (지층),"서울특별시 구로구 도림로 44 (구로동,(지층))",8372,개구리노래연습장,126.889229023418,37.4876299224031
서울특별시 구로구 구로동 685-448 (지층),"서울특별시 구로구 구일로4길 30 (구로동,(지층))",8325,세븐스타코인노래연습장,126.876446827824,37.4918751361412
서울특별시 구로구 구로동 40-13번지,서울특별시 구로구 공원로8길 19 (구로동),8289,테크노 노래연습장,126.890396754834,37.5033050086862
서울특별시 구로구 구로동 722-6번지 2층,"서울특별시 구로구 구로동로 109 (구로동,2층)",8316,환상노래연습장,126.884326781703,37.4884704595858
서울특별시 구로구 가리봉동 121-44번지 (2층),"서울특별시 구로구 남부순환로105길 134 (가리봉동,(2층))",8322,쿨노래연습장,126.88675249051,37.4821972895658
서울특별시 구로구 개봉동 290-3 3층,"서울특별시 구로구 개봉로 8 (개봉동,3층)",8334,K4노바노래연습장,126.85684038742,37.486348662469
서울특별시 구로구 신도림동 292-37번지 지층,"서울특별시 구로구 신도림로11길 39 (신도림동,지층)",8206,딴따라노래연습장,126.878487675725,37.509164665488
서울특별시 구로구 개봉동 324-1번지 지층,"서울특별시 구로구 개봉로17길 34 (개봉동,지층)",8337,엔돌핀노래연습장,126.854071610666,37.4917839337419
서울특별시 구로구 구로동 736-6번지 (지층),"서울특별시 구로구 구로동로 112-3 (구로동,(지층))",8315,쟁반노래연습장,126.884799359552,37.48873293428
서울특별시 구로구 가리봉동 124-46 2층,"서울특별시 구로구 구로동로 6, 2층 (가리봉동)",8386,따봉노래연습장,126.887239679809,37.4822711877106
서울특별시 구로구 구로동 28-2,서울특별시 구로구 공원로6나길 49-16 (구로동),8289,콘서트노래연습장,126.892004796847,37.5053022159095
서울특별시 구로구 신도림동 412-3 지하1층 102~104호,서울특별시 구로구 경인로 584 (신도림동),8213,라프노래연습장,126.881697047054,37.5038211816766
서울특별시 구로구 구로동 1123-3번지 지층 A동,"서울특별시 구로구 시흥대로 577-11, A동 지층 (구로동)",8391,별노래연습장,126.901864172583,37.4844882862976
서울특별시 구로구 가리봉동 25-23 (지층),"서울특별시 구로구 구로동로5길 2 (가리봉동,(지층))",8321,장백산노래연습장,126.885750717271,37.485043510919
서울특별시 구로구 고척동 76-137 3층,"서울특별시 구로구 경인로47길 13, 3층 (고척동)",8223,별 노래연습장,126.86676354913,37.5000325932362
서울특별시 구로구 구로동 1124-72번지 지하1층,"서울특별시 구로구 디지털로32길 79, 지하1층층 (구로동)",8391,궁전노래연습장,126.899752015371,37.4835332463617
서울특별시 구로구 구로동 1124-13,서울특별시 구로구 디지털로32길 97-13 (구로동),8391,큐 노래연습장,126.900708161658,37.4835652286465
서울특별시 구로구 구로동 31-8번지 지층,"서울특별시 구로구 새말로16길 30 (구로동, 지층)",8289,럭셔리노래연습장,126.890833889496,37.5042981409004
서울특별시 구로구 구로동 138-14번지 지층,"서울특별시 구로구 구로중앙로 18 (구로동, 지층)",8304,홍콩노래연습장,126.891941446608,37.4919715051585
서울특별시 구로구 구로동 1124-47번지,"서울특별시 구로구 디지털로32나길 29, B1호 (구로동)",8391,KISS노래연습장,126.900607102495,37.4844884067906
서울특별시 구로구 구로동 1124-44번지 (2층),"서울특별시 구로구 디지털로32나길 35 (구로동,(2층))",8391,독도노래연습장,126.900843792828,37.4847126863894
서울특별시 구로구 오류동 81-142번지 (지층),"서울특별시 구로구 경인로13길 5 (오류동,(지층))",8255,까치노래연습장,126.839039160627,37.4943550725759
서울특별시 구로구 구로동 486-45 (2층),"서울특별시 구로구 구로동로 213 (구로동,(2층))",8281,스타노래연습장,126.882319187724,37.4976219841247
서울특별시 구로구 구로동 569-25번지 (지층),"서울특별시 구로구 새말로 18 (구로동,(지층))",8292,피터팬노래연습장,126.883145604592,37.5019861046095
서울특별시 구로구 고척동 194-1 (지층),"서울특별시 구로구 고척로 233 (고척동,(지층))",8241,인디아나노래연습장,126.858868564946,37.5064475900729
서울특별시 구로구 구로동 313-150번지 (구로4동) 지층,서울특별시 구로구 도림로 67 (구로동),8313,스카이 노래연습장,126.891011550623,37.4895224344356
서울특별시 구로구 구로동 1124-36 2층,서울특별시 구로구 디지털로32나길 12 (구로동),8391,쭌 노래연습장,126.900317682304,37.4836153563124
서울특별시 구로구 구로동 491-55 2층,"서울특별시 구로구 구로동로 222 (구로동,2층)",8280,노곤륜 노래연습장,126.882748516131,37.4983106894616
서울특별시 구로구 구로동 781-25번지 외 1필지 가동 지층 B01호,서울특별시 구로구 도림로12길 21 (구로동),8372,팡팡 노래연습장,126.889370436669,37.4866592191596
서울특별시 구로구 구로동 420-4 3층,서울특별시 구로구 구로동로 184 (구로동),8285,골든벨 노래연습장,126.88296421454,37.4948783402028
"서울특별시 구로구 신도림동 337 신도림1차푸르지오아파트 2층 247,248,249호 ","서울특별시 구로구 경인로 661, 2층 (신도림동)",8208,궁 노래연습장,126.887986372819,37.5096619486431
서울특별시 구로구 개봉동 126-33 (지층),"서울특별시 구로구 고척로 126 (개봉동,(지층))",8235,피망노래연습장,126.847914494502,37.5019654621258
서울특별시 구로구 구로동 570-71번지 (지층),"서울특별시 구로구 새말로 34 (구로동,(지층))",8292,천국노래연습장,126.884740353949,37.5026279257309
서울특별시 구로구 구로동 30-13 지층,"서울특별시 구로구 공원로6나길 29-2 (구로동,지층)",8289,파워노래연습장,126.891483143586,37.5043191018282
서울특별시 구로구 개봉동 403-55번지 지층,"서울특별시 구로구 개봉로 57-1 (개봉동,지층)",8347,씨티노래연습장,126.855759594087,37.4908597717871
서울특별시 구로구 구로동 737-1번지 2층,서울특별시 구로구 구로동로 108 (구로동),8319,뮤직뱅크노래연습장,126.884851092632,37.4882525675621
서울특별시 구로구 오류동 30-1번지 지층,"서울특별시 구로구 경인로25길 22 (오류동,지층)",8267,엄지노래연습장,126.843939321694,37.4972245935229
서울특별시 구로구 구로동 23-8 지층,"서울특별시 구로구 공원로8길 13 (구로동,지층)",8289,BOSS노래연습장,126.890079421946,37.5031436141005
서울특별시 구로구 개봉동 33-31 지층,"서울특별시 구로구 고척로21나길 18 (개봉동,지층)",8251,클릭노래연습장,126.844666182116,37.5028727821132
서울특별시 구로구 고척동 173-10번지 2층,"서울특별시 구로구 경서로 82-2 (고척동,2층)",8224,팡팡노래연습장,126.860851101192,37.5038169362088
서울특별시 구로구 구로동 454-25번지 지층,"서울특별시 구로구 구로동로42길 28 (구로동,지층)",8283,팡팡노래연습장,126.883521572502,37.4968586721228
서울특별시 구로구 구로동 83-12번지,서울특별시 구로구 가마산로22길 5 (구로동),8306,준노래연습장,126.887560109713,37.494108659017
서울특별시 구로구 구로동 528-6번지 지층,"서울특별시 구로구 구로중앙로28길 25 (구로동,지층)",8293,미소노래연습장,126.887110268562,37.4994466014243
서울특별시 구로구 궁동 188-1,서울특별시 구로구 부일로15길 20 (궁동),8255,앵콜노래연습장,126.833808660826,37.4941742966097
서울특별시 구로구 구로동 1259번지 우성(아)상가 지층,"서울특별시 구로구 구일로2길 60 (구로동,우성(아)상가 지층)",8325,나드리노래연습장,126.877081155332,37.4897580709997
서울특별시 구로구 가리봉동 89-25번지,서울특별시 구로구 디지털로27길 127 (가리봉동),8385,한영노래연습장,126.887109265789,37.4847108131575
서울특별시 구로구 가리봉동 126-1번지 지층,"서울특별시 구로구 우마길 17 (가리봉동,지층)",8387,소리새 노래연습장,126.888574092618,37.4814032508362
서울특별시 구로구 가리봉동 122-19번지 2층,"서울특별시 구로구 구로동로 10, 2층 (가리봉동)",8384,신바람노래연습장,126.887503602649,37.4827762742694
서울특별시 구로구 구로동 570-116번지 지층,"서울특별시 구로구 새말로 18-29 (구로동,지층)",8292,에이비씨노래연습장,126.883187024004,37.5018232438079
서울특별시 구로구 구로동 808-43번지 지층,"서울특별시 구로구 구로동로 73 (구로동,지층)",8318,도레미노래연습장,126.885684969257,37.4853029376046
서울특별시 구로구 구로동 317-38번지 지층,"서울특별시 구로구 구로동로28길 86 (구로동,지층)",8312,쎄븐노래연습장,126.888764578321,37.4914087610896
서울특별시 구로구 가리봉동 127-11번지 (3층),"서울특별시 구로구 남부순환로105길 52 (가리봉동,(3층))",8387,천사노래연습장,,
서울특별시 구로구 개봉동 416-146번지 (지층),"서울특별시 구로구 개봉로23가길 30 (개봉동,(지층))",8277,똥쌍피 노래연습장,126.858046508329,37.4950647458627
서울특별시 구로구 가리봉동 123-38번지 (2층),"서울특별시 구로구 우마길 13 (가리봉동,(2층))",8387,행운노래연습장,126.888165771974,37.4817438967725
서울특별시 구로구 오류동 81-53번지 (지층),"서울특별시 구로구 경인로15길 1 (오류동,(지층))",8255,달님노래연습장,126.839846023492,37.4945528587715
서울특별시 구로구 가리봉동 125-14번지 (2층),"서울특별시 구로구 남부순환로105라길 5 (가리봉동,(2층))",8386,차이나노래연습장,126.889018321637,37.4802496571046
서울특별시 구로구 구로동 603-21번지 (1층),,,미즈노노래연습장,,
서울특별시 구로구 구로동 85-3번지 (지층),"서울특별시 구로구 구로중앙로19길 11 (구로동,(지층))",8306,고고노래방,126.888556853012,37.4944554097867
서울특별시 구로구 구로동 721-3번지 (지층),"서울특별시 구로구 구로동로 107-2 (구로동,(지층))",8318,코리아나노래방,126.88440793308,37.4881259036675
서울특별시 구로구 가리봉동 122-21번지 (지층),"서울특별시 구로구 우마길 1 (가리봉동,(지층))",8384,수 노래연습장,126.887531176148,37.4825593377162
서울특별시 구로구 가리봉동 124-2,"서울특별시 구로구 우마길 4, 2층 (가리봉동)",8386,금탑 노래연습장,126.887421511003,37.4823291157412
서울특별시 구로구 구로동 1124-41 (지층),"서울특별시 구로구 디지털로32나길 34 (구로동,(지층))",8391,1.2.3노래연습장,126.901029847293,37.4843243276778
서울특별시 구로구 구로동 1124-83번지 (지층),"서울특별시 구로구 디지털로32나길 23 (구로동,(지층))",8391,에스비에스노래방,126.900495331728,37.4842789184152
서울특별시 구로구 오류동 137-24 지층,"서울특별시 구로구 오류로8길 85 (오류동,지층)",8341,명성노래연습장,126.844707276028,37.4931325154748
서울특별시 구로구 구로동 728-1번지 지층,"서울특별시 구로구 구로동로25길 7 (구로동,지층)",8310,일번지노래연습장,126.883489370311,37.4904353642473
서울특별시 구로구 구로동 569-25번지,서울특별시 구로구 새말로 18  (구로동),8292,아카디아노래연습장,126.883145604592,37.5019861046095
서울특별시 구로구 오류동 135-28,"서울특별시 구로구 서해안로 2330, 1층 (오류동)",8341,와와노래연습장,126.843266566639,37.4931712482896
서울특별시 구로구 구로동 716-10 지층,"서울특별시 구로구 구로동로 97 (구로동,지층)",8318,호가 노래연습장,126.884808526664,37.48732845276
서울특별시 구로구 고척동 269-7번지 지층,"서울특별시 구로구 고척로40길 33-5 (고척동,지층)",8234,맘보노래연습장,126.851146266459,37.5016599031868
서울특별시 구로구 온수동 52번지 (지층),"서울특별시 구로구 경인로3길 77 (온수동,(지층))",8263,질러노래연습장,126.823542030769,37.4917369630033
서울특별시 구로구 가리봉동 84-9번지 (지층),"서울특별시 구로구 남부순환로105길 154 (가리봉동,(지층))",8322,아리랑노래연습장,126.8857496786,37.4829783092459
서울특별시 구로구 개봉동 67-27번지 (지층),"서울특별시 구로구 고척로21길 3 (개봉동,(지층))",8252,쟁반노래연습장,126.846191189678,37.5016905867959
서울특별시 구로구 가리봉동 126-59번지 (2층),"서울특별시 구로구 우마길 27 (가리봉동,(2층))",8387,자금성노래연습장,126.889009148369,37.4807187135997
서울특별시 구로구 구로동 142-77 지층,서울특별시 구로구 구로중앙로 6 (구로동),8305,북경노래연습장,126.892776770451,37.4910869367518
서울특별시 구로구 가리봉동 125-4번지 (지층),"서울특별시 구로구 우마길 22 (가리봉동,(지층))",8386,홍루몽노래연습장,126.888459819868,37.4810011129982
서울특별시 구로구 구로동 530-30번지,서울특별시 구로구 구로중앙로28길 7 (구로동),8293,몸부림노래연습장,126.886287457179,37.4989844973089
서울특별시 구로구 구로동 30-34번지 (지층),"서울특별시 구로구 새말로16길 27 (구로동,(지층))",8289,짱노래연습장,126.89104774396,37.5044607895441
서울특별시 구로구 구로동 138-15 (지층),"서울특별시 구로구 구로중앙로 16 (구로동,(지층))",8304,수노래연습장,126.892042966311,37.4918309507861
서울특별시 구로구 고척동 72-7 (지층),"서울특별시 구로구 경인로 373 (고척동,(지층))",8226,엠노래연습장,126.861897972524,37.4969063722102
서울특별시 구로구 구로동 148-10 (지층),서울특별시 구로구 도림로 93 (구로동),8305,럭셔리노래연습장,126.893403628599,37.4909530737524
서울특별시 구로구 고척동 52-212번지 (2층),"서울특별시 구로구 경인로47길 40 (고척동,(2층))",8222,테마노래연습장,126.866007599867,37.501077895582
서울특별시 구로구 구로동 486-30번지 (지층),"서울특별시 구로구 구로동로 212  (구로동,(지층))",8280,비젼노래연습장,126.882689365502,37.4974471066298
서울특별시 구로구 구로동 1124-34번지 (3층),"서울특별시 구로구 디지털로32나길 8 (구로동,(3층))",8391,고추노래연습장,126.900246603764,37.4835007781702
서울특별시 구로구 고척동 76-104 (2층),"서울특별시 구로구 경인로47길 45 (고척동,(2층))",8223,로데오노래연습장,126.865576042757,37.5010785766004
서울특별시 구로구 구로동 612-2번지 (2층),"서울특별시 구로구 구로중앙로 219 (구로동,(2층))",8216,라이브노래연습장,126.876691479075,37.5053152446857
서울특별시 구로구 가리봉동 123-2번지 (2층),"서울특별시 구로구 우마길 7 (가리봉동,(2층))",8383,신상해노래연습장,126.887861755873,37.482116986519
서울특별시 구로구 개봉동 403-108 (지층),"서울특별시 구로구 개봉로 49 (개봉동,(지층))",8347,스카이노래연습장,126.855811237106,37.4901119991549
서울특별시 구로구 구로동 317-93번지 (지층),"서울특별시 구로구 구로동로28길 93 (구로동,(지층))",8306,짠짜라노래연습장,126.888974980318,37.491813421031
서울특별시 구로구 구로동 142-74번지 (지층),"서울특별시 구로구 구로중앙로 12 (구로동,(지층))",8305,쿨노래연습장,126.892443589685,37.4914431623831
서울특별시 구로구 오류동 135-73 (지층),"서울특별시 구로구 서해안로 2338 (오류동,(지층))",8341,딩가딩가노래연습장,126.844151443881,37.4934821848779
서울특별시 구로구 가리봉동 121-21번지 (2층),서울특별시 구로구 구로동로 15 (가리봉동),8322,테크노 노래연습장,126.886773779971,37.4830740811658
서울특별시 구로구 구로동 142-65 지층,서울특별시 구로구 구로중앙로 14 (구로동),8305,보스 노래방,126.892301347465,37.4915949425815
서울특별시 구로구 구로동 313-11번지 지층,"서울특별시 구로구 구로동로26길 121  (구로동,지층)",8312,짱구 노래연습장,126.890797669445,37.4900287832176
서울특별시 구로구 구로동 1125-6번지 지하1층,"서울특별시 구로구 디지털로32길 97-12, 지층 (구로동)",8391,첼로 노래연습장,126.900974623277,37.4834182275202
서울특별시 구로구 구로동 1124-30번지 2층,"서울특별시 구로구 디지털로32나길 4 (구로동,2층)",8391,MW노래연습장,126.900088436575,37.4834081109734
서울특별시 구로구 구로동 733-11 가호 지층,서울특별시 구로구 구로동로 126-16 (구로동),8311,신궁전노래연습장,126.885114678947,37.4900142033653
"서울특별시 구로구 구로동 26번지 신도림포스빌빌딩 지층 125,126,127호 ",서울특별시 구로구 새말로 102 (구로동),8289,포스빌노래연습장,126.891336035126,37.5055472165422
서울특별시 구로구 구로동 127-28 지층,서울특별시 구로구 구로중앙로8길 28 (구로동),8305,쵸이스노래연습장,126.893345850508,37.4923819285944
서울특별시 구로구 구로동 429-119 지층,서울특별시 구로구 구로동로28길 63 (구로동),8307,황금노래연습장,126.88765160912,37.4910019844826
서울특별시 구로구 구로동 29-3 지층,서울특별시 구로구 공원로6나길 43-15 (구로동),8289,수 노래연습장,126.891608691181,37.5050938110798
서울특별시 구로구 개봉동 171-15 지층,서울특별시 구로구 개봉로23가길 31 (개봉동),8277,라이브노래연습장,126.858080217287,37.495298237053
서울특별시 구로구 구로동 733-11번지 나호 지층,서울특별시 구로구 구로동로 126-16 (구로동),8311,야래향노래연습장,126.885114678947,37.4900142033653
서울특별시 구로구 고척동 271-37번지 2층,"서울특별시 구로구 경인로35길 113-4 (고척동,2층)",8234,차차차노래연습장,126.851842522534,37.5015142750425
서울특별시 구로구 구로동 745-3번지 지층,"서울특별시 구로구 구로동로18길 34 (구로동,지층)",8319,수석노래연습장,126.886307523056,37.4876874245592
서울특별시 구로구 구로동 431-3번지,서울특별시 구로구 가마산로21길 1 (구로동),8285,영 노래연습장,126.885731594012,37.4939609414966
서울특별시 구로구 가리봉동 127-20 (지층),"서울특별시 구로구 남부순환로105라길 6 (가리봉동,(지층))",8387,동북노래연습장,126.88916333794,37.4800467058634
서울특별시 구로구 개봉동 403-95 지층,서울특별시 구로구 개봉로 9 (개봉동),8352,라이브노래연습장,126.856174385024,37.4865393176791
서울특별시 구로구 신도림동 437-1번지 (2층),"서울특별시 구로구 경인로59길 8 (신도림동,(2층))",8210,K-POP코인노래연습장,126.883427027522,37.5063918465946
서울특별시 구로구 구로동 769-265 2층,서울특별시 구로구 도림로 47 (구로동),8314,퀸노래연습장,126.889179420184,37.4882951798424
서울특별시 구로구 오류동 156-96,"서울특별시 구로구 오류로8길 8, 지층 (오류동)",8343,풀잎노래연습장,126.841248004705,37.4909736112962
서울특별시 구로구 구로동 642-30번지 (지층),"서울특별시 구로구 구일로8길 131 (구로동,(지층))",8323,샤방샤방노래연습장,126.876753842288,37.4985442550449
서울특별시 구로구 구로동 552-78번지,"서울특별시 구로구 구로중앙로34길 74, 지층 (구로동)",8294,행운 노래연습장,126.886706601255,37.501577904103
서울특별시 구로구 항동 119-6,"서울특별시 구로구 서해안로 2102, 202호,203호 (항동)",8368,세븐스타코인노래연습장(구로항동점),126.823394728559,37.4801452858596
서울특별시 구로구 온수동 55-4,"서울특별시 구로구 경인로3길 86, 지하1층 (온수동)",8263,유 노래연습장,126.823106036704,37.4918197441706
서울특별시 구로구 개봉동 153-54번지,서울특별시 구로구 고척로52길 112 (개봉동),8233,엄지노래연습장,126.855518052416,37.5001991252576
서울특별시 구로구 고척동 160-44 지층,"서울특별시 구로구 고척로 198 (고척동,지층)",8229,갈채노래연습장,126.855308820037,37.5047201122538
서울특별시 구로구 구로동 126-28 2층,"서울특별시 구로구 도림로 103 (구로동,2층)",8305,코러스 노래연습장,126.894216578627,37.4914808935891
서울특별시 구로구 신도림동 396-19번지 지층,"서울특별시 구로구 신도림로11길 9 (신도림동,지층)",8206,가족노래연습장,126.879762967458,37.5083571389605
서울특별시 구로구 구로동 501-7,서울특별시 구로구 구로중앙로34길 20 (구로동),8293,애경노래연습장,126.88424035771,37.5005098939215
서울특별시 구로구 구로동 1127-32번지,서울특별시 구로구 디지털로32길 82 (구로동),8392,불러불러노래연습장,126.899563285224,37.4830451900738
서울특별시 구로구 고척동 76-181번지 (5층),"서울특별시 구로구 경인로47길 23 (고척동,(5층))",8223,보가코인노래연습장,126.866417206715,37.5003848556388
서울특별시 구로구 개봉동 263-13번지 (2층),"서울특별시 구로구 개봉로12길 5-2 (개봉동,(2층))",8333,콜노래연습장,126.85677504412,37.488238356051
서울특별시 구로구 구로동 732-1 지층,"서울특별시 구로구 구로동로 126-2, 지층 (구로동)",8311,별 노래연습장,126.884569787511,37.4899312300876
서울특별시 구로구 구로동 27-6번지 지층,"서울특별시 구로구 새말로18길 32, 지층 (구로동, 신흥빌딩)",8289,랑데뷰노래연습장,126.892513452906,37.505262945527
서울특별시 구로구 구로동 570-115 지층,서울특별시 구로구 새말로 18-31 (구로동),8292,짝 노래연습장,126.883300504638,37.50179173068
서울특별시 구로구 구로동 41-5,"서울특별시 구로구 공원로6나길 40 (구로동, 알파빌딩)",8289,쿨노래연습장,126.892119358304,37.5043634734113
서울특별시 구로구 가리봉동 122-28 (지층),"서울특별시 구로구 우마1길 5 (가리봉동,(지층))",8384,북경노래연습장,126.887794180735,37.4824707483551
서울특별시 구로구 개봉동 407-15번지 (지층),"서울특별시 구로구 개봉로20길 66 (개봉동,(지층))",8329,월드노래방,126.858033757981,37.4933772358687
서울특별시 구로구 고척동 62-134 지층,"서울특별시 구로구 경인로47길 8 (고척동,지층)",8222,대학노래연습장,126.867226989966,37.500096635908
서울특별시 구로구 구로동 725-41 2층,서울특별시 구로구 구로동로19길 2 (구로동),8316,텔미 노래연습장,126.884227876958,37.4889616820277
서울특별시 구로구 구로동 41-3번지 지층,"서울특별시 구로구 공원로6나길 36 (구로동,지층)",8289,방방 노래연습장,126.891849034124,37.5042235704447
서울특별시 구로구 구로동 41 지층,서울특별시 구로구 공원로6나길 26 (구로동),8289,앗싸 노래연습장,126.891443091624,37.5040176788336
서울특별시 구로구 신도림동 412-3번지 B102~B104호,서울특별시 구로구 경인로 584 (신도림동),8213,비엔나 노래연습장,126.881697047054,37.5038211816766
서울특별시 구로구 오류동 37-7 지층,서울특별시 구로구 경인로 211-1 (오류동),8268,걸어서 벤츠까지 노래연습장,126.844358057597,37.496525424891
서울특별시 구로구 구로동 138-13 백제빌딩,"서울특별시 구로구 구로중앙로 20, 백제빌딩 지층 (구로동)",8304,3:30 노래연습장,126.891864108808,37.4920449565612
서울특별시 구로구 구로동 31-10번지 지층,서울특별시 구로구 새말로16길 34 (구로동),8289,별노래연습장,126.891012101068,37.5040838662534
서울특별시 구로구 고척동 194-7번지 지층,서울특별시 구로구 고척로 231 (고척동),8241,둘리노래연습장,126.858690686718,37.5063733148532
서울특별시 구로구 개봉동 66-7 (지층),서울특별시 구로구 고척로 104 (개봉동),8266,팡팡 노래연습장,126.845747017258,37.5011149862104
서울특별시 구로구 구로동 31-9번지 (지층),서울특별시 구로구 새말로16길 32 (구로동),8289,쌍쌍 노래연습장,126.890917961994,37.5041914494664
서울특별시 구로구 신도림동 439-5번지,서울특별시 구로구 경인로 618 (신도림동),8213,궁전노래연습장,126.884717375676,37.5062451679653
서울특별시 구로구 고척동 329번지 지층,"서울특별시 구로구 중앙로 101, 지층 (고척동)",8228,짱노래연습장,126.859932571013,37.5062829815918
서울특별시 구로구 가리봉동 122-32,서울특별시 구로구 우마길 3 (가리봉동),8384,천리마노래연습장,126.887638596905,37.482401222855
서울특별시 구로구 개봉동 98-22번지 (지층),"서울특별시 구로구 고척로25길 33-58 (개봉동,(지층))",8247,앵콜노래연습장,126.84607868685,37.5034419036543
서울특별시 구로구 궁동 189-42번지 지층,"서울특별시 구로구 부일로15길 36-2 (궁동,지층)",8255,제일노래연습장,126.833215031562,37.4945102560725
서울특별시 구로구 고척동 51-18번지 지층1호,서울특별시 구로구 경인로47길 107 (고척동),8223,월드 노래연습장,126.863627327303,37.5034021075538
서울특별시 구로구 구로동 730-86 2층,서울특별시 구로구 구로동로28길 10 (구로동),8311,팔도강산 노래연습장,126.884594039307,37.4907046782984
서울특별시 구로구 구로동 1123-3번지 지층,서울특별시 구로구 시흥대로 577-11 (구로동),8391,K-2 노래연습장,126.901864172583,37.4844882862976
서울특별시 구로구 고척동 63-2 지층,서울특별시 구로구 경인로 435 (고척동),8223,스타 노래연습장,126.867242549453,37.4998037365062
서울특별시 구로구 구로동 1124-11번지 지층,"서울특별시 구로구 디지털로32길 97-15, 지층 (구로동)",8391,발리노래연습장,126.900875788364,37.4836018602337
서울특별시 구로구 구로동 1124-83번지 지층,"서울특별시 구로구 디지털로32나길 23, 지층 (구로동)",8391,SES 노래연습장,126.900495331728,37.4842789184152
서울특별시 구로구 구로동 738-1,"서울특별시 구로구 구로동로18길 16, 지층 (구로동)",8319,본전노래연습장,126.885395643321,37.4880327106198
서울특별시 구로구 개봉동 202-19번지 (개봉2동) 지층,서울특별시 구로구 남부순환로97길 20-10 (개봉동),8328,보가코인노래연습장,126.858574793409,37.4938836196633
서울특별시 구로구 구로동 31-7번지,"서울특별시 구로구 새말로16길 26, 지층 (구로동)",8289,M 노래연습장,126.890745059503,37.5044097834002
서울특별시 구로구 오류동 54-7번지,"서울특별시 구로구 경인로20길 7, 지층 (오류동)",8271,K-POP코인 노래연습장,126.843892114113,37.4955649685637
서울특별시 구로구 구로동 1124-40번지 지층,"서울특별시 구로구 디지털로32나길 26, 지층 (구로동)",8391,킹노래연습장,126.900893698548,37.4841662668179
서울특별시 구로구 구로동 1124-40 지층,"서울특별시 구로구 디지털로32나길 26, 지층 (구로동)",8391,킹1노래연습장,126.900893698548,37.4841662668179
서울특별시 구로구 구로동 1127-18번지 지층,"서울특별시 구로구 시흥대로163길 12, 지층 (구로동)",8392,애플노래연습장,126.899290046475,37.4816698383765
서울특별시 구로구 구로동 492-5번지 B102호,"서울특별시 구로구 구로동로42길 69 (구로동, B102호)",8280,중화노래연습장,126.883913701549,37.4987167522292
서울특별시 구로구 개봉동 403-54 지층 102호,"서울특별시 구로구 개봉로 59, 지층 102호 (개봉동)",8347,카이저노래연습장,126.855709869345,37.4910212615802
서울특별시 구로구 구로동 417-3,"서울특별시 구로구 구로동로 174-3, 1층 (구로동)",8285,OK노래연습장,126.883088305598,37.4944172378672
서울특별시 구로구 가리봉동 89-2 3층,"서울특별시 구로구 디지털로27길 131, 3층 (가리봉동)",8385,캔디 노래연습장,126.886873659595,37.4847696038267
서울특별시 구로구 구로동 737-16번지 2층,"서울특별시 구로구 구로동로 102, 2층 (구로동)",8319,스타노래연습장,126.885002762227,37.4877837408929
서울특별시 구로구 구로동 27-2번지 지층,서울특별시 구로구 새말로18길 20-7 (구로동),8289,탤런트노래연습장,126.892468922094,37.505557713797
서울특별시 구로구 구로동 28 지층,서울특별시 구로구 공원로6나길 43-16 (구로동),8289,1박2일노래연습장,126.891743727469,37.5051734035435
서울특별시 구로구 구로동 731-3번지 지층,서울특별시 구로구 구로동로 132 (구로동),8311,456노래연습장,126.884314729652,37.4904198670905
서울특별시 구로구 구로동 28-3번지 지층,서울특별시 구로구 새말로18길 20-15 (구로동),8289,금 노래연습장,126.892100960148,37.5053596977975
서울특별시 구로구 오류동 54-5번지 4층,서울특별시 구로구 경인로20가길 5 (오류동),8271,오션노래연습장,126.844131191934,37.4954461712563
서울특별시 양천구 신정동 902-1 지하1층,"서울특별시 양천구 신정중앙로 90 (신정동,지하1층)",7945,파티파티노래연습장,126.861638302851,37.5263320371033
서울특별시 구로구 개봉동 403-51번지 지층,서울특별시 구로구 개봉로 67 (개봉동),8337,사랑노래연습장,126.855638371689,37.491743781606
서울특별시 구로구 가리봉동 126-56번지 2층,서울특별시 구로구 남부순환로105라길 11 (가리봉동),8387,베이징노래연습장,126.889202757631,37.4804553502822
서울특별시 구로구 구로동 152-1 2층층,서울특별시 구로구 도림로 99 (구로동),8305,양귀비노래연습장,126.893918998677,37.4912941183066
서울특별시 금천구 시흥동 884번지,서울특별시 금천구 금하로 634 (시흥동),8628,빈티지노래연습장,126.901629676102,37.4546379761298
서울특별시 금천구 가산동 42-5번지,"서울특별시 금천구 벚꽃로38길 29, 지하1층 (가산동)",8509,넘버원 노래연습장,126.884442402655,37.482411204692
서울특별시 금천구 가산동 50-3 대륭포스트타워6차,"서울특별시 금천구 벚꽃로 298, 대륭포스트타워6차 지하1층 B118호 (가산동)",8510,판타스틱 코인노래연습장 가산디지털단지역점,126.883871693415,37.4814401689835
서울특별시 금천구 가산동 145-15번지 가산동빌딩,"서울특별시 금천구 남부순환로108길 27, 가산동빌딩 지하1층 (가산동)",8528,옥토끼 코인노래연습장,126.891984062975,37.4776091156991
서울특별시 금천구 시흥동 889-2,"서울특별시 금천구 시흥대로52길 51, 지하1층 (시흥동)",8628,온에어코인노래연습장,126.901753326299,37.4535973191109
서울특별시 금천구 독산동 1018-25번지,서울특별시 금천구 독산로75길 17 (독산동),,뉴월드,126.901350774653,37.4688936396098
서울특별시 금천구 시흥동 873-27번지,서울특별시 금천구 시흥대로62길 61 (시흥동),,땡큐,126.902684685824,37.4571140210889
서울특별시 금천구 시흥동 901-14,서울특별시 금천구 시흥대로50길 26 (시흥동),,스타,126.903611019056,37.4514926407281
서울특별시 금천구 가산동 141-9번지 지하1층,"서울특별시 금천구 가산로 150, 지하1층 (가산동)",8527,힐링노래연습장,126.890767357739,37.4786955150643
서울특별시 금천구 시흥동 889-8 비즈메드빌딩,"서울특별시 금천구 시흥대로 214, 비즈메드빌딩 2층 (시흥동)",8628,노래야노래야 코인노래연습장 시흥사거리점,126.901712234507,37.4530428916984
서울특별시 금천구 시흥동 911-14 동원빌딩,"서울특별시 금천구 금하로24길 9, 동원빌딩 3층 (시흥동)",8644,동원노래방,126.908732505043,37.4505380285323
서울특별시 금천구 가산동 145-7번지,서울특별시 금천구 남부순환로112길 52 (가산동),,에이스,126.893377966395,37.477423061941
서울특별시 금천구 독산동 192-22번지,"서울특별시 금천구 독산로 250, 2층 (독산동)",8557,K-TOP PC & COIN 노래연습장,126.902647833034,37.4690630240818
서울특별시 금천구 가산동 43-1,"서울특별시 금천구 벚꽃로38길 5, 301호 (가산동)",8509,럭셔리노래연습장,126.883328254464,37.4819182492886
서울특별시 금천구 독산동 961-1,서울특별시 금천구 독산로106길 6 (독산동),,팡팡,126.904090456256,37.477934465524
서울특별시 금천구 가산동 458-12,서울특별시 금천구 가산디지털2로 142-3 (가산동),8503,아싸가오리,126.879090864665,37.4805403115028
서울특별시 금천구 가산동 143-49번지,서울특별시 금천구 가산로 145  (가산동),,불,126.890713253539,37.478039890883
서울특별시 금천구 시흥동 891,서울특별시 금천구 시흥대로52길 24 (시흥동),,쟁반,126.902494762313,37.4524447266522
서울특별시 금천구 가산동 371-28 우림라이온스밸리 A동 B108호,"서울특별시 금천구 가산디지털1로 168, A동 B108호 (가산동,우림라이온스밸리)",,에피소드,126.88263620024,37.479966429878
서울특별시 금천구 독산동 1015-17,서울특별시 금천구 시흥대로116길 2 (독산동),,호텔,126.898889137648,37.4680685758584
서울특별시 금천구 가산동 41-11번지,서울특별시 금천구 벚꽃로 312 (가산동),,미소,126.882995347282,37.4822414721915
서울특별시 금천구 가산동 141-8번지,서울특별시 금천구 가산로 148 (가산동),,벤허,126.890867171917,37.4785507250567
서울특별시 금천구 독산동 1104번지,서울특별시 금천구 금하로1길 71 (독산동),,오렌지,126.890788560071,37.454408878392
서울특별시 금천구 독산동 1019-2,서울특별시 금천구 독산로75길 3 (독산동),,쟁반,126.902115203907,37.4687804776745
서울특별시 금천구 독산동 1001-14번지 3층,"서울특별시 금천구 벚꽃로 130 (독산동,3층)",,팔마,126.889600670464,37.4668142554181
서울특별시 금천구 시흥동 940-6,서울특별시 금천구 시흥대로 100 (시흥동),,여우,126.904039948048,37.4429741740338
서울특별시 금천구 가산동 143-19,서울특별시 금천구 디지털로12길 41 (가산동),,베르사유,126.890453798208,37.4771041328474
서울특별시 금천구 독산동 289-7번지,서울특별시 금천구 시흥대로 405 (독산동),,샤넬,126.897565001295,37.4699510879557
서울특별시 금천구 독산동 951-4 지층,"서울특별시 금천구 남부순환로 1372 (독산동,지층)",,DI,126.903472790688,37.4794589203551
서울특별시 금천구 독산동 1023-24,서울특별시 금천구 범안로 1255 (독산동),,끌리오,126.901452445974,37.466619663525
서울특별시 금천구 시흥동 853-26번지,서울특별시 금천구 독산로39길 42 (시흥동),,콘서트,126.903378689283,37.4579691105762
서울특별시 금천구 독산동 967-9,서울특별시 금천구 시흥대로 474 (독산동),,토크쇼,126.899010685082,37.4758621463823
서울특별시 금천구 시흥동 909-26,서울특별시 금천구 은행나무로 49 (시흥동),,희,126.907777895704,37.4510667229373
서울특별시 금천구 독산동 1012-15번지 지층,서울특별시 금천구 시흥대로 392 (독산동),8579,스타,126.898315040215,37.4684562386027
서울특별시 금천구 가산동 459-11번지 제이플라츠 B106호,"서울특별시 금천구 가산디지털1로 186,  B106호 (가산동,제이플라츠)",,제이럭셔리,126.881581110867,37.4819130872905
서울특별시 금천구 가산동 143-7번지 지층,"서울특별시 금천구 가산로 137 (가산동,지층)",,스타,126.891210134081,37.4774957795187
서울특별시 금천구 가산동 143-44번지 2층,"서울특별시 금천구 디지털로12길 21 (가산동,2층)",,영 노래연습장,126.889876396125,37.4777408798821
서울특별시 금천구 시흥동 888,서울특별시 금천구 시흥대로52길 52 (시흥동),,우지트 노래연습장,126.902035799388,37.453655668925
서울특별시 금천구 시흥동 870-8번지,서울특별시 금천구 시흥대로 270  (시흥동),,토토,126.899829333588,37.4577937917364
서울특별시 금천구 독산동 1113번지,서울특별시 금천구 금하로1마길 15-9  (독산동),,스타,126.889585139181,37.4527000706613
서울특별시 금천구 시흥동 813-50,서울특별시 금천구 독산로 112 (시흥동),,스타 노래연습장,126.905615989913,37.4573826476709
서울특별시 금천구 시흥동 896-15,서울특별시 금천구 독산로 49 (시흥동),,궁전,126.905754989553,37.451725209425
서울특별시 금천구 가산동 140-8번지,서울특별시 금천구 가산로 149  (가산동),,웰빙,126.890369530966,37.4785253965237
서울특별시 금천구 시흥동 836-7,서울특별시 금천구 금하로 695 (시흥동),,쥬쥬,126.907335986988,37.4519047700975
서울특별시 금천구 독산동 195-8번지 지하1층,"서울특별시 금천구 독산로75길 12 (독산동,지하1층)",,커플,126.90179167419,37.4690412319832
서울특별시 금천구 독산동 296-1번지 지층,"서울특별시 금천구 가산로 69  (독산동,지층)",,비엔나,126.895453059804,37.4724206189956
서울특별시 금천구 독산동 178-3 지하1층,"서울특별시 금천구 독산로 285 (독산동,지하1층)",,웃찾사,126.90297534372,37.4722795397121
서울특별시 금천구 시흥동 984-18번지,서울특별시 금천구 시흥대로 93 (시흥동),8639,콜라노래연습장,126.903242295931,37.4424157957415
서울특별시 금천구 독산동 146-11번지 지하,"서울특별시 금천구 시흥대로141길 66 (독산동,지하)",,MC,126.897882432674,37.4757654894869
서울특별시 금천구 시흥동 978-4번지,서울특별시 금천구 삼성산길 7 (시흥동),,왕,126.904242938855,37.4341661043202
"서울특별시 금천구 독산동 711-2번지 상가1동 지하4,5호 ","서울특별시 금천구 벚꽃로 73 (독산동,상가1동 지하4,5호)",,와,126.890423305457,37.4629100391456
서울특별시 금천구 시흥동 985-8 지하1층,"서울특별시 금천구 시흥대로 149 (시흥동,지하1층)",,신세계,126.902950900644,37.4473724865128
서울특별시 금천구 독산동 1013-9번지 지하1층,"서울특별시 금천구 시흥대로122길 24, 지하1층호 (독산동)",8579,정노래연습장,126.899527758635,37.4692138544847
서울특별시 금천구 시흥동 879-30 지하1층,"서울특별시 금천구 금하로9길 1, 지하1층 (시흥동)",8626,광땡 노래연습장,126.902062809102,37.4548707070332
서울특별시 금천구 시흥동 820-37번지 2층,"서울특별시 금천구 독산로 74-1, 2층 (시흥동)",8572,아성,126.906284597009,37.453981496853
"서울특별시 금천구 시흥동 272-20번지 3층,4층 ",서울특별시 금천구 금하로 726 (시흥동),8644,앤노래연습장,126.910272639649,37.450378016537
서울특별시 금천구 시흥동 832-17번지,서울특별시 금천구 금하로23길 23 (시흥동),8573,은행나무,126.90857823852,37.4523031744628
서울특별시 금천구 가산동 145-26,서울특별시 금천구 가산로 132-1 (가산동),,영영,126.89192191754,37.4773491177317
서울특별시 금천구 시흥동 991-46번지,서울특별시 금천구 시흥대로51길 19 (시흥동),,우리들,126.900696087556,37.4509870115608
서울특별시 금천구 시흥동 882-20번지 지하1층,"서울특별시 금천구 시흥대로64길 19 (시흥동,지하1층)",,수 노래연습장,126.900842757353,37.456056863857
서울특별시 금천구 독산동 1048-37번지,서울특별시 금천구 독산로65길 26 (독산동),,서울,126.901461470437,37.463963940886
서울특별시 금천구 독산동 1018,서울특별시 금천구 독산로75길 39 (독산동),,수,126.900206052439,37.4691027039649
서울특별시 금천구 시흥동 888-6번지 2층,"서울특별시 금천구 시흥대로52길 38 (시흥동,2층)",,12,126.902250286031,37.4530668543821
서울특별시 금천구 독산동 285-23,서울특별시 금천구 시흥대로122길 15 (독산동),,궁전,126.899051709868,37.4694838419946
서울특별시 금천구 시흥동 272-20번지,서울특별시 금천구 금하로 726 (시흥동),8644,101코인노래연습장,126.910272639649,37.450378016537
서울특별시 금천구 독산동 196-44,"서울특별시 금천구 독산로75길 16, 지하층 (독산동)",8577,보노코인 노래연습장,126.901516042865,37.4690661407775
서울특별시 금천구 가산동 151-32 중앙빌딩(지하),서울특별시 금천구 가산로 118 (가산동),8529,애플 노래연습장,126.892888670055,37.4762292326406
서울특별시 금천구 독산동 988-9 지하1층,"서울특별시 금천구 시흥대로138길 29, 지하1층 (독산동)",8544,행운노래연습장,126.900125741966,37.4727937145327
서울특별시 금천구 시흥동 908-7,"서울특별시 금천구 금하로 690, 지하층 (시흥동)",8642,쌍쌍,126.906631793465,37.45180077956
서울특별시 금천구 가산동 145-27,"서울특별시 금천구 가산로 134, 2층 (가산동)",8528,중앙 노래연습장,126.891779103535,37.4774448543885
서울특별시 금천구 독산동 160-2,"서울특별시 금천구 시흥대로138길 18, 지하1층 (독산동)",8545,상해 노래연습장,126.899612586346,37.4725611795241
서울특별시 금천구 독산동 1043-1번지 영신학원,"서울특별시 금천구 독산로 195, 지상2층 (독산동)",8618,킹카 노래연습장,126.902702232196,37.4643333023941
서울특별시 금천구 시흥동 918-17,서울특별시 금천구 금하로24길 28 (시흥동),,여우,126.908283476335,37.4498137166277
서울특별시 금천구 시흥동 891-3,서울특별시 금천구 시흥대로52길 8 (시흥동),,썸,126.902762074793,37.4518142377172
서울특별시 금천구 독산동 974-1번지,서울특별시 금천구 문성로 2  (독산동),,우정,126.903931723668,37.4760809604233
서울특별시 금천구 시흥동 911-7,서울특별시 금천구 금하로24길 7 (시흥동),,로비,126.90881587743,37.4506581078675
서울특별시 금천구 시흥동 803-20 금천빌딩,"서울특별시 금천구 독산로 134, 금천빌딩 지하1층 (시흥동)",8568,커플,126.905252937482,37.4592758342418
서울특별시 금천구 독산동 959-12번지,서울특별시 금천구 독산로 353 (독산동),,대박,126.903599725683,37.4784260171557
서울특별시 금천구 독산동 978-38,"서울특별시 금천구 독산로 305, 지하1층 (독산동)",8542,OK,126.90315591493,37.4740056623962
서울특별시 금천구 독산동 1006-30번지,서울특별시 금천구 범안로 1194 (독산동),,파파코 노래연습장,126.894576737016,37.4663654108853
서울특별시 금천구 독산동 1026-15번지,서울특별시 금천구 범안로 1249 (독산동),,알사탕,126.900846750427,37.4666432138415
서울특별시 금천구 시흥동 883-3번지 지하1층,"서울특별시 금천구 금하로 632  (시흥동,지하1층)",,짱,126.901338630982,37.454649716986
서울특별시 금천구 시흥동 820-39,서울특별시 금천구 독산로 74 (시흥동),,태양,126.906327345277,37.4538695348459
서울특별시 금천구 시흥동 883-11번지,서울특별시 금천구 시흥대로 224  (시흥동),,불러라,126.901396188424,37.4539384154465
서울특별시 금천구 독산동 147-53,서울특별시 금천구 시흥대로149길 23 (독산동),,씨티,126.896477423237,37.4755915433587
서울특별시 금천구 시흥동 903-1번지 정암산빌딩지하,"서울특별시 금천구 시흥대로 192 (시흥동,정암산빌딩지하)",,까르푸,126.902336027059,37.4510985720341
서울특별시 금천구 독산동 192-16번지,서울특별시 금천구 독산로 248 (독산동),,탤런트,126.902586072395,37.468918991702
서울특별시 금천구 가산동 145-20번지,서울특별시 금천구 가산로 128 (가산동),,즐거운,126.89230726454,37.4769962739728
서울특별시 금천구 독산동 165-1,서울특별시 금천구 독산로85길 37 (독산동),8546,불러봐,126.900840630708,37.4724744580803
서울특별시 금천구 독산동 1041-35 지하,"서울특별시 금천구 독산로64길 13 (독산동,지하)",,파티파티,126.903295117565,37.4651135241412
서울특별시 금천구 독산동 1042-8 지하,"서울특별시 금천구 독산로 201 (독산동,지하)",,어머나,126.902442919096,37.4647751246974
서울특별시 금천구 가산동 43-1번지,서울특별시 금천구 벚꽃로38길 5 (가산동),8509,올레,126.883328254464,37.4819182492886
서울특별시 금천구 독산동 1009-83번지,서울특별시 금천구 시흥대로 339 (독산동),8604,만남,126.897082476929,37.4638865055811
서울특별시 금천구 시흥동 901-6번지,서울특별시 금천구 시흥대로50길 18 (시흥동),,뉴OK,126.903108843306,37.4513510413305
서울특별시 금천구 독산동 1019번지 지하1층,"서울특별시 금천구 독산로75길 9, 지하1층 (독산동)",8578,애플노래연습장,126.901754156676,37.4688587461649
서울특별시 금천구 가산동 42-16 지하1층,"서울특별시 금천구 벚꽃로40길 3, 지하1층 (가산동)",8509,땡벌,126.883141195287,37.4821707972764
서울특별시 금천구 독산동 196-33,서울특별시 금천구 독산로75길 20 (독산동),,팝 노래연습장,126.901369585981,37.4691165653138
서울특별시 금천구 가산동 50-3번지 대륭포스트타워6차 지1층 비101호,"서울특별시 금천구 벚꽃로 298, 지1층 비101호 (가산동, 대륭포스트타워6차)",8510,오페라,126.883871693415,37.4814401689835
서울특별시 금천구 시흥동 986번지 지하1층,"서울특별시 금천구 시흥대로 163, 지하1층 (시흥동)",8638,엠엔스타,126.902474031868,37.4484774576417
"서울특별시 금천구 가산동 691-3 더루벤스밸리 202,2호","서울특별시 금천구 가산디지털1로 1, 202,203호 (가산동, 더루벤스밸리)",8594,루벤스노래연습장,,
서울특별시 금천구 가산동 143-11 지하1층,"서울특별시 금천구 가산로 147-7, 지하1층 (가산동)",8515,빵빵노래연습장,126.89040927998,37.4780157325976
서울특별시 금천구 독산동 989-16,서울특별시 금천구 독산로85길 16 (독산동),,네박자,126.902234890915,37.4725320231091
서울특별시 금천구 시흥동 1-87번지,서울특별시 금천구 독산로50길 101 (시흥동),8564,대박노래연습장,126.909994933587,37.4624738981221
서울특별시 금천구 독산동 193-28,서울특별시 금천구 독산로 266 (독산동),,유행가,126.90302640621,37.4703816037051
서울특별시 금천구 독산동 1013-8,서울특별시 금천구 시흥대로122길 22 (독산동),,팡팡,126.899403481095,37.4692460049257
서울특별시 금천구 독산동 179-10번지,서울특별시 금천구 독산로 284 (독산동),,싸이 노래연습장,126.903355228717,37.4720694651831
서울특별시 금천구 독산동 991-18번지 지하1층,"서울특별시 금천구 독산로 288 (독산동,지하1층)",,붕붕,126.90343659908,37.4724394864261
서울특별시 금천구 독산동 296-19 지하1층,"서울특별시 금천구 가산로 49-16 (독산동,지하1층)",,하하,126.896689675122,37.4708722396168
서울특별시 금천구 가산동 44-1,"서울특별시 금천구 벚꽃로38길 21, 지하1층 (가산동)",8509,행운,126.884252042172,37.4822401871755
서울특별시 금천구 독산동 1041-38 지하1층,"서울특별시 금천구 독산로64길 5, 지하1층 (독산동)",8559,현대,126.902923385445,37.464990051129
서울특별시 금천구 시흥동 910-18번지,서울특별시 금천구 금하로24길 16 (시흥동),,샛별,126.908375577589,37.4502812338472
서울특별시 금천구 독산동 297-1,서울특별시 금천구 가산로 85 (독산동),,스타,126.894556374788,37.4736193366473
서울특별시 금천구 시흥동 856-22,서울특별시 금천구 독산로 139 (시흥동),,라이브,126.90475879797,37.4597057603662
서울특별시 금천구 독산동 1077-36번지,서울특별시 금천구 시흥대로76길 9  (독산동),,팡팡,126.899966019999,37.4581895419666
서울특별시 금천구 독산동 192-13 지하1층,"서울특별시 금천구 독산로 254 (독산동,지하1층)",,차차차,126.90268854743,37.4693972424082
서울특별시 금천구 독산동 288-6번지,서울특별시 금천구 시흥대로 409 (독산동),,21세기,126.897654997064,37.4701906544809
서울특별시 금천구 시흥동 884-8,서울특별시 금천구 금하로 642 (시흥동),8628,앵콜,126.902254532875,37.4543195360739
서울특별시 금천구 독산동 145-8,서울특별시 금천구 시흥대로 473 (독산동),8531,호수,126.898090103796,37.4759374011815
서울특별시 금천구 시흥동 882-50,서울특별시 금천구 시흥대로62길 9 (시흥동),,한강공일오비(015B),126.901097127692,37.4553187873265
서울특별시 금천구 시흥동 908번지,서울특별시 금천구 독산로 54 (시흥동),,꿈,126.906219541282,37.451954796711
서울특별시 금천구 독산동 1011-12번지 지층,서울특별시 금천구 시흥대로 337 (독산동),8604,스타삘 노래연습장,126.897073074331,37.4636542166832
서울특별시 금천구 독산동 295-1번지,서울특별시 금천구 두산로13길 42 (독산동),,산울림,126.895078135899,37.4720568192559
서울특별시 금천구 시흥동 828-40,"서울특별시 금천구 금하로25길 1, 지하1층 (시흥동)",8574,써니,126.908832540484,37.4512689176534
서울특별시 금천구 시흥동 891-5,서울특별시 금천구 시흥대로50길 11 (시흥동),,히트,126.902840755828,37.4515357091534
서울특별시 금천구 가산동 42-18번지 지하,"서울특별시 금천구 벚꽃로 310 (가산동, 지하)",8509,한가족,126.882998838244,37.4821054233863
서울특별시 금천구 독산동 335-15,서울특별시 금천구 가산로3길 105 (독산동),8526,중앙,126.889641373557,37.471960233949
서울특별시 금천구 독산동 302-18번지,서울특별시 금천구 가산로3길 51 (독산동),,둘리,126.892655379439,37.4721613227371
서울특별시 금천구 독산동 974-21번지,서울특별시 금천구 독산로 318 (독산동),,얼씨구,126.903630338895,37.4751000562346
서울특별시 금천구 가산동 140-9번지,서울특별시 금천구 가산로 147  (가산동),,죠이,126.890452959941,37.4783754559067
서울특별시 금천구 독산동 988-8번지,서울특별시 금천구 시흥대로138길 33 (독산동),,스타,126.90057988637,37.4728577088165
서울특별시 금천구 시흥동 881-36번지,서울특별시 금천구 시흥대로64길 14 (시흥동),,미주,126.901141041843,37.4558731269967
서울특별시 금천구 독산동 1077-37번지,서울특별시 금천구 시흥대로 274 (독산동),,한마음,126.899680142861,37.4581295625294
서울특별시 금천구 시흥동 940-11번지,서울특별시 금천구 시흥대로 94-1 (시흥동),,파티파티,126.903974095507,37.4425096475531
서울특별시 금천구 독산동 301-25 101호,"서울특별시 금천구 가산로3길 33, 지하층 101호 (독산동)",8525,웰빙,126.893678104223,37.4720935003383
서울특별시 금천구 독산동 988-11번지,서울특별시 금천구 시흥대로138길 19  (독산동),,한마음,126.899758412191,37.4728198931759
서울특별시 금천구 가산동 142-39번지 (지하1층),"서울특별시 금천구 가산로 142 (가산동,(지하1층))",,아방궁 노래연습장,126.891338804572,37.4780332597461
서울특별시 금천구 독산동 960-9번지 지하1층,서울특별시 금천구 독산로 352 (독산동),8547,핑크,126.90395033831,37.4781432957275
서울특별시 금천구 가산동 143-1,"서울특별시 금천구 가산로 145-1, 2층 (가산동)",8515,쿨 노래연습장,126.890685888247,37.4781989837655
서울특별시 금천구 시흥동 896 2층,"서울특별시 금천구 독산로 53 (시흥동,2층)",,럭셔리 노래연습장,126.905826965358,37.452008365135
서울특별시 금천구 시흥동 263-25 2층,"서울특별시 금천구 금하로29길 6 (시흥동,2층)",,싸이 노래연습장,126.912565316276,37.4503285573311
서울특별시 금천구 독산동 299-1 2층,"서울특별시 금천구 가산로3길 13 (독산동,2층)",,다모아 노래연습장,126.894863040995,37.4721936716882
서울특별시 금천구 시흥동 881-44,서울특별시 금천구 시흥대로62길 13 (시흥동),,피앙새,126.901372406209,37.4553520845413
서울특별시 금천구 독산동 144-10번지 2층,서울특별시 금천구 시흥대로141길 71 (독산동),8531,월드,126.897613411359,37.4760640314096
서울특별시 금천구 독산동 165-3,"서울특별시 금천구 독산로85길 35, 202호 (독산동)",8546,신나는 노래연습장,126.901154564678,37.472474901311
서울특별시 금천구 독산동 165-6번지,"서울특별시 금천구 독산로85길 21, 지하1층 (독산동)",8546,헤라동전노래연습장,126.901918666487,37.4723809319768
서울특별시 금천구 독산동 962-48,서울특별시 금천구 독산로 349 (독산동),,와와,126.90353415477,37.4779845592707
서울특별시 금천구 독산동 1018-26 지하1층,"서울특별시 금천구 독산로75길 15 (독산동,지하1층)",,브아이피(VIP) 노래연습장,126.901492066524,37.4689024071813
서울특별시 금천구 시흥동 879-26번지,"서울특별시 금천구 금하로 635, 지하1층 (시흥동)",8626,스타코인노래연습장,126.901852743154,37.4549256747411
서울특별시 금천구 가산동 142-41,"서울특별시 금천구 가산로 144, 지하1층 (가산동)",8527,오거리 노래연습장,126.891170691088,37.4781881686801
서울특별시 금천구 독산동 289-3번지,"서울특별시 금천구 시흥대로123길 17, 지하호 (독산동, 현대빌딩)",8523,오디션노래연습장,126.896877599044,37.4703479257093
서울특별시 금천구 독산동 991-9,서울특별시 금천구 독산로84길 9 (독산동),8554,뚱딴지,126.903769832865,37.4723761469704
서울특별시 금천구 시흥동 883-9,"서울특별시 금천구 시흥대로52길 65, 2층 (시흥동)",8628,코인스타 동전 노래연습장,126.901518940632,37.4541876478374
서울특별시 금천구 독산동 378-242 지하,"서울특별시 금천구 독산로64길 2 (독산동,지하)",,정훈,126.903025507284,37.4646891071479
서울특별시 금천구 시흥동 910-5번지,서울특별시 금천구 금하로24길 4  (시흥동),,뮤즈21,,
서울특별시 금천구 독산동 961번지,서울특별시 금천구 독산로 348 (독산동),,세기,126.903901719085,37.4778822338426
서울특별시 금천구 독산동 297-11,서울특별시 금천구 가산로 71 (독산동),,디엠헨68,126.895160806982,37.4725994808323
서울특별시 금천구 독산동 990-17번지,서울특별시 금천구 독산로 289 (독산동),,올인,126.90301850154,37.4725624922826
서울특별시 금천구 독산동 195-7,서울특별시 금천구 독산로 247 (독산동),,텐시,126.902087352565,37.4689866959124
서울특별시 금천구 독산동 303-10,서울특별시 금천구 가산로3길 87 (독산동),,뮤직,126.890690921943,37.472181326248
서울특별시 금천구 시흥동 270-9번지,서울특별시 금천구 금하로28길 4  (시흥동),,엘리제,126.912186020608,37.4498606501257
서울특별시 금천구 시흥동 909-32번지,서울특별시 금천구 은행나무로 47 (시흥동),8642,우정,126.907639018936,37.4510506665532
서울특별시 금천구 시흥동 985-6번지,서울특별시 금천구 시흥대로41길 3  (시흥동),,짱,126.902665362334,37.4476042627615
서울특별시 금천구 가산동 42-32,"서울특별시 금천구 벚꽃로 308, 2층 (가산동)",8509,엠넷,126.883088116031,37.4819870291587
서울특별시 금천구 시흥동 890-13,서울특별시 금천구 시흥대로 196 (시흥동),,플러스코인 노래연습장,126.902238323181,37.4514037545389
서울특별시 금천구 독산동 1037-3번지 지하,"서울특별시 금천구 범안로 1256 (독산동,지하)",,FM,126.901540911606,37.466308528102
서울특별시 금천구 독산동 146-1번지,서울특별시 금천구 시흥대로 471-1 (독산동),,노노,126.898197650111,37.4757466600885
서울특별시 금천구 시흥동 941-1번지,서울특별시 금천구 시흥대로28길 15 (시흥동),,엔젤,126.904621332671,37.4424552998283
서울특별시 금천구 가산동 142-47번지,서울특별시 금천구 남부순환로108길 26 (가산동),,목화,126.891893613403,37.4779264584855
서울특별시 금천구 가산동 149-27,서울특별시 금천구 시흥대로153길 89 (가산동),,부영,126.893791551573,37.4761250800663
서울특별시 금천구 시흥동 828-39,서울특별시 금천구 금하로23길 4 (시흥동),,카멜,126.908798868928,37.4513560196577
서울특별시 금천구 가산동 151-50번지,서울특별시 금천구 가산로 126 (가산동),,"1,2,3",126.892390322926,37.4767855134829
서울특별시 금천구 독산동 178-27,서울특별시 금천구 독산로 281-2 (독산동),,천지,126.902957096458,37.4719657930287
서울특별시 금천구 시흥동 886-11번지,서울특별시 금천구 금하로14길 6 (시흥동),,테마,126.903806273048,37.4532877980485
서울특별시 금천구 가산동 151-1번지,서울특별시 금천구 남부순환로112길 31 (가산동),,팡팡,126.894263565627,37.477398088901
서울특별시 금천구 시흥동 830-14번지 지하1층,"서울특별시 금천구 탑골로 1 (시흥동,지하1층)",,한마음토마토,126.90979321087,37.4508650998223
서울특별시 금천구 독산동 1007-3번지,서울특별시 금천구 범안로 1206 (독산동),,쟁반,126.895771930858,37.466341152711
서울특별시 금천구 독산동 193-41,서울특별시 금천구 독산로 268-1 (독산동),8557,황제,126.903100115255,37.4706414254406
서울특별시 금천구 가산동 715번지 고려테크온 4층,"서울특별시 금천구 범안로 1138 (가산동,고려테크온 4층)",,금천골,126.888393904496,37.4657958806101
서울특별시 금천구 가산동 143-41번지,서울특별시 금천구 디지털로12길 29-5 (가산동),8515,주부열창,126.889996301501,37.4776187246391
서울특별시 금천구 가산동 777번지 씨엔에스타워,"서울특별시 금천구 벚꽃로 316, 씨엔에스타워 B01호 (가산동)",8509,777노래연습장,126.882846933196,37.4827244457815
서울특별시 금천구 독산동 1038-21번지 지하,"서울특별시 금천구 독산로 216 (독산동,지하)",,해피,126.902064168328,37.4661351579108
서울특별시 금천구 시흥동 879-21번지 지하,서울특별시 금천구 금하로 633 (시흥동),8626,K-POP코인노래연습장,126.901552759864,37.4549438058901
서울특별시 금천구 독산동 286-8 지하1층,서울특별시 금천구 시흥대로 406 (독산동),8576,OZ코인노래연습장,126.898493915166,37.4696788834165
서울특별시 금천구 독산동 1043-16,"서울특별시 금천구 독산로 181, 2층 (독산동)",8618,텐코인 코인노래연습장,126.90342122126,37.4633914343583
서울특별시 금천구 가산동 140-8번지,서울특별시 금천구 가산로 149  (가산동),,25시,126.890369530966,37.4785253965237
서울특별시 영등포구 대림동 810-18번지 지하1층,"서울특별시 영등포구 대림로29길 33 (대림동, 지하1층)",7415,대동강 노래연습장,126.896239135631,37.4943753696551
"서울특별시 영등포구 대림동 1082-20번지 지하1층 B01호(대림동, 해피웰즈빌) ","서울특별시 영등포구 디지털로 350 (대림동, 지하1층 B01호(대림동, 해피웰즈빌))",7447,대림(大林)노래연습장,126.899539787096,37.4887727873273
서울특별시 영등포구 대림동 909-2번지 A동 2층 (대림동),"서울특별시 영등포구 신길로 39, A동 2층 (대림동)",7440,썬프라자 노래연습장,126.907785020768,37.4959665730744
서울특별시 영등포구 대림동 714-11 지하1층 (대림동),"서울특별시 영등포구 도림로39길 11-12, 지하1층 (대림동)",7415,야상해 노래연습장,126.897079510786,37.4945718934964
서울특별시 영등포구 도림동 76-24 2층 (도림동),"서울특별시 영등포구 도신로 145, 2층 (도림동)",7368,월드노래연습장,126.907662951521,37.5096920333963
서울특별시 영등포구 대림동 714-4 지하1층 우측(대림동),"서울특별시 영등포구 도림로41길 15 (대림동, 지하1층 우측)",7415,수정노래연습장,126.897639795044,37.4952596680574
서울특별시 영등포구 신길동 841번지,"서울특별시 영등포구 가마산로 587, 지1층 (신길동)",7360,또땡기네 노래연습장,126.921585763188,37.5044800527043
서울특별시 영등포구 문래동2가 58-2번지 영일빌딩,"서울특별시 영등포구 도림로139길 8 (문래동2가, 영일빌딩)",7290,너랑나랑 노래연습장,126.893044124348,37.5142869844802
서울특별시 영등포구 대림동 721-9번지 지하1층(대림동),"서울특별시 영등포구 대림로29길 8, 지하1층 (대림동)",7413,마카오 노래연습장,126.898534761089,37.4958213166159
서울특별시 영등포구 대림동 1050-30 지하1층(대림동),"서울특별시 영등포구 도림로 128-1, 지하1층 (대림동)",7416,황궁노래연습장,126.896733731741,37.492583430314
서울특별시 영등포구 대림동 1057-31번지,"서울특별시 영등포구 도림로38길 6-1, 지하1층 (대림동)",7416,오페라노래연습장,126.89736650738,37.4924262154184
서울특별시 영등포구 대림동 713 좌측호,"서울특별시 영등포구 도림로39길 11-8, 지1층 좌측호 (대림동)",7415,라스베가스 노래연습장,126.897173397027,37.4943860074911
서울특별시 영등포구 대림동 713-10,"서울특별시 영등포구 도림로39길 17, 지하층 (대림동)",7415,선녀노래연습장,126.897602883611,37.4943826864033
서울특별시 영등포구 당산동3가 80-6번지,"서울특별시 영등포구 당산로30길 11, 지1층 (당산동3가)",7257,우끼는 노래연습장,126.89795066821,37.5255762942602
서울특별시 영등포구 양평동1가 13-13,"서울특별시 영등포구 선유로 83, 지하1층 (양평동1가)",7279,삼차노래연습장,126.889582812269,37.5213488340703
서울특별시 영등포구 당산동3가 290번지 송암빌딩 지하1층,"서울특별시 영등포구 당산로28길 4, 지하1층 (당산동3가, 송암빌딩)",7259,OK노래연습장,126.896964887809,37.5246580382356
서울특별시 영등포구 신길동 802-0번지,서울특별시 영등포구 가마산로89길 3-1 (신길동),,드림 노래연습장,126.921411615939,37.5047835757267
서울특별시 영등포구 신길동 115-6번지,서울특별시 영등포구 도신로60길 6  (신길동),,은하수 노래연습장,126.916963493272,37.5114432818117
서울특별시 영등포구 대림동 1050-1번지,서울특별시 영등포구 도림로 136 (대림동),,차이나노래연습장,126.897423264149,37.4930111983658
서울특별시 영등포구 당산동3가 220-0번지 지하1층,"서울특별시 영등포구 당산로32길 5, 지하1층 (당산동3가)",7257,서편제노래연습장,126.897473959605,37.5264757118622
서울특별시 영등포구 당산동3가 395-10번지,서울특별시 영등포구 당산로31길 18 (당산동3가),,한마음노래연습장,126.894775798829,37.5268937461354
서울특별시 영등포구 당산동3가 257-4 지하1층,"서울특별시 영등포구 당산로30길 8 (당산동3가,지하1층)",,빙고노래연습장,126.897402662467,37.5254204867615
서울특별시 영등포구 신길동 294-8 지하1층,"서울특별시 영등포구 도신로 94 (신길동,지하1층)",,필노래연습장,126.902732502848,37.507084984211
서울특별시 영등포구 신길동 160-38 지하1층,"서울특별시 영등포구 도신로 208 (신길동,지하1층)",,오빠야노래연습장,126.914471892191,37.5113180664152
서울특별시 영등포구 문래동4가 8-7번지 지하1층,"서울특별시 영등포구 도림로 479 (문래동4가,지하1층)",,파티파티노래연습장,126.8903033109,37.5163083946927
서울특별시 영등포구 양평동5가 57-1번지 지하1층,"서울특별시 영등포구 양평로 126 (양평동5가,지하1층)",,애플노래연습장,126.893922350178,37.5382334285342
서울특별시 영등포구 신길동 425-5번지 지하1층,"서울특별시 영등포구 신길로 81 (신길동,지하1층)",,어머나노래연습장,126.908495409419,37.4998606433022
서울특별시 영등포구 당산동4가 32-64번지 지하1층,"서울특별시 영등포구 당산로38길 10, 지하1층 (당산동4가)",7220,럭키노래연습장,126.899142461336,37.5287783965301
서울특별시 영등포구 당산동1가 223-20번지,서울특별시 영등포구 당산로20길 20 (당산동1가),,샛별노래연습장,126.898400081964,37.5231899273528
서울특별시 영등포구 영등포동 618-66번지,"서울특별시 영등포구 영신로 37-3 (영등포동, 지하)",7366,해바라기 노래연습장,126.907569911454,37.5143335727474
서울특별시 영등포구 영등포동2가 94-24번지 카보드동우빌딩 303호,"서울특별시 영등포구 버드나루로7길 7, 카보드동우빌딩 303호 (영등포동2가)",7249,멋쟁이,126.909993627521,37.522835236452
서울특별시 영등포구 영등포동5가 18-1번지 지1층,"서울특별시 영등포구 영등포로 225, 지1층 (영등포동5가)",7250,킹,126.906654670129,37.5199200639101
서울특별시 영등포구 영등포동 580-100,"서울특별시 영등포구 신길로 250, 2층 (영등포동)",7312,팡파레노래연습장,126.911518667593,37.5139132151284
서울특별시 영등포구 영등포동4가 146-1,"서울특별시 영등포구 영등포로 196, 지1층 (영등포동4가)",7301,뮤지컬노래연습장,126.903193087442,37.5200143154253
서울특별시 영등포구 당산동5가 32-5 지하1층,"서울특별시 영등포구 당산로45길 13, 지하1층 (당산동5가)",7213,젬노래연습장,126.900652351704,37.5341391003344
서울특별시 영등포구 영등포동 631-2 윤석빌딩,"서울특별시 영등포구 영신로9나길 17, 윤석빌딩 지층 (영등포동)",7366,뮤직박스코인노래연습장,126.905678307426,37.5136505581906
서울특별시 영등포구 영등포동3가 11-8,"서울특별시 영등포구 영중로4길 18, 지상2,3층 (영등포동3가)",7304,락휴코인노래연습장 영등포점,126.908410779605,37.5173883589833
서울특별시 영등포구 신길동 96-20,"서울특별시 영등포구 영등포로 378, 지하1층 (신길동)",7352,아이러브코인노래연습장,126.920011072355,37.5136427533954
서울특별시 영등포구 문래동2가 60-3 대철빌딩,"서울특별시 영등포구 도림로139길 2, 대철빌딩 지하 1층 (문래동2가)",7290,세븐틴코인노래연습장 문래역점,126.89353497659,37.514640711406
서울특별시 영등포구 영등포동3가 9-23번지 2층호,"서울특별시 영등포구 영중로4길 3-1, 2층 (영등포동3가)",7304,슈퍼스타코인노래연습장 영등포점1,126.906769736253,37.5173554498542
서울특별시 영등포구 영등포동3가 9-23 3층호,"서울특별시 영등포구 영중로4길 3-1, 3층 (영등포동3가)",7304,슈퍼스타코인노래연습장 영등포점2,126.906769736253,37.5173554498542
서울특별시 영등포구 영등포동3가 9-23번지 4층호,"서울특별시 영등포구 영중로4길 3-1, 4층 (영등포동3가)",7304,슈퍼스타코인노래연습장 영등포점3,126.906769736253,37.5173554498542
서울특별시 영등포구 여의도동 44-35번지 제일빌딩 304호,"서울특별시 영등포구 여의대방로 379, 제일빌딩 304호 (여의도동)",7333,민트박스(MINT BOX) 코인노래연습장,126.930928156399,37.5191340498827
서울특별시 영등포구 도림동 1-24,"서울특별시 영등포구 신길로 225, 2층 (도림동)",7307,삼거리 노래연습장,126.909868370981,37.5123252996272
서울특별시 영등포구 문래동3가 77-57 2층호,"서울특별시 영등포구 선유로 54, 2층 (문래동3가)",7295,헬로코인노래연습장,126.88939924229,37.5188017081123
서울특별시 영등포구 대림동 1032-1번지 제중빌딩 지하1층,"서울특별시 영등포구 디지털로 386, 제중빌딩 지하1층 (대림동)",7443,장백산노래연습장,126.902285806629,37.4913383660679
서울특별시 영등포구 대림동 1078-6번지 지하1층,"서울특별시 영등포구 디지털로 362, 지하1층 (대림동)",7447,로망노래연습장,126.900383350271,37.4895932381623
서울특별시 영등포구 대림동 1050-40 지하1층,"서울특별시 영등포구 도림로 135, 지하1층 (대림동)",7415,키스노래연습장,126.896859600774,37.4932319948827
서울특별시 영등포구 영등포동3가 9-13 에쉐르아이 시네마 쇼핑몰,"서울특별시 영등포구 영중로 12, 에쉐르아이 시네마 쇼핑몰 15층 1501호 (영등포동3가)",7304,하늘공원노래연습장,126.906506980596,37.5176176142762
서울특별시 영등포구 신길동 98-15 HY빌딩,"서울특별시 영등포구 영등포로 363, HY빌딩 4층 (신길동)",7318,세븐스타 코인노래연습장 신길점,126.918791878844,37.514562837386
서울특별시 영등포구 여의도동 43 미원빌딩,"서울특별시 영등포구 국제금융로 70, 미원빌딩 제지하층17,18호 (여의도동)",7333,판타스틱코인노래연습장 여의도점,126.930677790628,37.5214946207638
서울특별시 영등포구 여의도동 44-14 경도빌딩,"서울특별시 영등포구 여의대방로 383, 경도빌딩 지하층 1-1호 (여의도동)",7333,세븐틴코인노래연습장 여의도점,126.931504190261,37.5193436883433
서울특별시 영등포구 대림동 1082-13,"서울특별시 영등포구 디지털로 343, 지하1층 (대림동)",7420,나비노래연습장,126.898911464968,37.4887560332513
서울특별시 영등포구 대림동 751-28 백조빌딩 지층,"서울특별시 영등포구 도림로 207, 백조빌딩 지층 (대림동)",7409,무조건노래연습장,126.903327164447,37.4972760457629
서울특별시 영등포구 대림동 1082-13,"서울특별시 영등포구 디지털로 343, B02호 (대림동)",7420,888노래연습장,126.898911464968,37.4887560332513
서울특별시 영등포구 대림동 706-17 대림빌딩,"서울특별시 영등포구 도림로 140, 대림빌딩 샹그릴라 노래연습장 3층 (대림동)",7417,샹그릴라KTV노래연습장,126.897628371815,37.4930241705718
서울특별시 영등포구 대림동 862-6 국제빌딩,"서울특별시 영등포구 디지털로 387, 국제빌딩 지하1층 우측호 (대림동)",7418,타타타노래연습장,126.902185445265,37.49164642744
서울특별시 영등포구 영등포동3가 10-15번지 지하1층,"서울특별시 영등포구 영중로2길 1, 지하1층 (영등포동3가)",7304,싱어삘3 코인노래연습장,126.906811269539,37.5168847084598
서울특별시 영등포구 대림동 710-7,서울특별시 영등포구 대림로27길 5-1 (대림동),7413,차차차 노래연습장,126.899057705328,37.4949460764186
서울특별시 영등포구 영등포동4가 442 타임스퀘어 4층호,"서울특별시 영등포구 영중로 15, 타임스퀘어 4층 (영등포동4가)",7305,ACTION 코인노래연습장,126.903715993779,37.5172332566615
서울특별시 영등포구 당산동6가 339-3 환희빌딩,"서울특별시 영등포구 양평로14길 4, 1동 지하1층 (당산동6가)",7222,K팝노래연습장,126.899312647851,37.5356538989303
서울특별시 영등포구 신길동 4062번지 지하1층,"서울특별시 영등포구 대방천로 233, 지하1층 (신길동)",7432,은하수노래연습장,126.916901531683,37.4986696888635
서울특별시 영등포구 도림동 269-4 삼영빌딩,"서울특별시 영등포구 도영로 19, 삼영빌딩 지하1층 (도림동)",7372,준코인노래연습장(신도림점),126.895520926279,37.508520252922
서울특별시 영등포구 대림동 712-4,"서울특별시 영등포구 도림로39길 9, 지하1층 (대림동)",7415,망고노래연습장,126.897032470191,37.4939943973638
서울특별시 영등포구 대림동 808-26 영진빌딩,"서울특별시 영등포구 대림로29길 43, 영진빌딩 지하1층 (대림동)",7415,영진노래연습장,126.895406910107,37.493770961335
서울특별시 영등포구 대림동 1057-60 3층,"서울특별시 영등포구 도림로38길 5, 3층 (대림동)",7417,용궁노래연습장,126.897450341655,37.4926426199728
서울특별시 영등포구 대림동 1057-60 2층,"서울특별시 영등포구 도림로38길 5, 2층 (대림동)",7417,황태자노래연습장,126.897450341655,37.4926426199728
서울특별시 영등포구 대림동 1082-1번지 지하1층,"서울특별시 영등포구 디지털로 349, 지하1층 (대림동, 현암빌딩)",7421,무지개노래연습장,126.899272688257,37.4890412403315
서울특별시 영등포구 대림동 812-26 지하1층,"서울특별시 영등포구 대림로29길 35, 지하1층 (대림동)",7415,행복 노래연습장,126.896071702226,37.494265119473
서울특별시 영등포구 양평동2가 33-38번지,"서울특별시 영등포구 영등포로5길 32, 지층 (양평동2가)",7274,신모아노래연습장,126.884806112497,37.524598961898
서울특별시 영등포구 영등포동 618-68,"서울특별시 영등포구 영신로19길 5-4, 지하1층 (영등포동)",7366,K-POP 코인노래연습장,126.907254696362,37.5141298790394
서울특별시 영등포구 신길동 1315번지,"서울특별시 영등포구 영등포로 418-1, 지1층 (신길동)",7354,떴다노래연습장,126.924374784993,37.512599021731
서울특별시 영등포구 신길동 3844,서울특별시 영등포구 신풍로 46 (신길동),,고고고노래연습장,126.911028107793,37.4999038440249
서울특별시 영등포구 영등포동6가 4-2번지,"서울특별시 영등포구 영등포로35길 6, 지하1층 (영등포동6가, 덕성빌딩)",7251,해피 노래연습장,126.904080320627,37.5206057366575
서울특별시 영등포구 당산동3가 257-8,"서울특별시 영등포구 당산로30길 6, 2층 (당산동3가)",7259,카펠라 코인노래연습장,126.897211181371,37.5254705060708
서울특별시 영등포구 대림동 1057-30,서울특별시 영등포구 도림로38길 6 (대림동),7416,노다지 노래연습장,126.897302564095,37.4925483363862
서울특별시 영등포구 당산동3가 208 지하1층,"서울특별시 영등포구 당산로32길 1-15, 지하1층 (당산동3가)",7257,코인박스(COINBOX) 동전노래연습장,126.897270391508,37.5271707478396
서울특별시 영등포구 대림동 807-9번지,"서울특별시 영등포구 도림로31길 22, 지하1층 (대림동, 대영빌딩)",7414,北京노래연습장,126.895174711818,37.4942883838505
서울특별시 영등포구 영등포동5가 24번지 3층,"서울특별시 영등포구 영등포로37길 4, 3층 (영등포동5가, 동남상가아파트)",7250,특실노래연습장,126.905659835007,37.5205974582229
서울특별시 영등포구 대림동 990-44 광진빌딩,"서울특별시 영등포구 대림로 83, 광진빌딩 지1층 (대림동)",7444,소시대(小時代) 노래연습장,126.904777548225,37.4895667678952
서울특별시 영등포구 대림동 710-12 대림빌딩,"서울특별시 영등포구 도림로 157, 대림빌딩 지1층 (대림동)",7413,프라이빗 노래연습장,126.899021008362,37.4945695144155
서울특별시 영등포구 대림동 1057-17,서울특별시 영등포구 도림천로11길 15-7 (대림동),7416,아지트 노래연습장,126.89743334179,37.4920089270474
서울특별시 영등포구 대림동 713-8번지 지하1층,"서울특별시 영등포구 도림로39길 19, 지하1층 (대림동)",7415,99 노래연습장,126.897766279194,37.4944704958563
서울특별시 영등포구 대림동 714-6 B01호,"서울특별시 영등포구 도림로41길 11-4, B01호 (대림동)",7415,天上人間(천상인간)노래연습장,126.897584484717,37.4949379608008
서울특별시 영등포구 대림동 1055-2 2층,"서울특별시 영등포구 도림로 124-5, 2층 (대림동)",7416,1916 KTV 노래연습장,126.896465014401,37.4922050425264
서울특별시 영등포구 대림동 1058-3번지 지하1층,"서울특별시 영등포구 디지털로37길 30, 지하1층 (대림동)",7419,SBS 노래연습장,126.8980743131,37.4913079577078
서울특별시 영등포구 영등포동3가 23-8번지 2층,"서울특별시 영등포구 영중로4길 25, 2층 (영등포동3가)",7304,에코인동전노래연습장,126.909075250259,37.5177379209843
서울특별시 영등포구 영등포동 618-25번지 지하,"서울특별시 영등포구 영신로 25 (영등포동, 균영빌딩 지하)",7366,수 노래연습장,126.908272747777,37.5136242198416
서울특별시 영등포구 당산동5가 33-13,"서울특별시 영등포구 양평로 59, 6층 (당산동5가, 대영빌딩)",7213,COINBOX 동전노래연습장,126.899923178483,37.5346312418462
서울특별시 영등포구 대림동 1080-17,"서울특별시 영등포구 디지털로 357, 지하1층 (대림동, YCH)",7421,7호공관 노래연습장,126.899938620704,37.4896854858939
서울특별시 영등포구 대림동 710-13번지,서울특별시 영등포구 도림로 155 (대림동),7413,신세계 노래연습장,126.898823331787,37.4944095067151
서울특별시 영등포구 대림동 716-4,"서울특별시 영등포구 도림로41길 10, 2층 (대림동)",7413,황룡노래연습장,126.898112616542,37.4949091347525
서울특별시 영등포구 대림동 713-2번지,"서울특별시 영등포구 도림로41길 11-11, 지하1층 (대림동, 리빙스톤즈)",7415,소평과노래연습장,126.897437638749,37.494572475251
서울특별시 영등포구 양평동2가 37-2번지,"서울특별시 영등포구 영등포로 21, 지하1층 106호 (양평동2가)",7275,아라리 노래연습장,126.884063073804,37.5235170324827
서울특별시 영등포구 신길동 362-3 서울크리닉빌딩,"서울특별시 영등포구 도신로 90, 서울크리닉빌딩 (신길동)",7382,휴가코인노래연습장,126.902458643025,37.5069450125587
서울특별시 영등포구 대림동 727-5,"서울특별시 영등포구 대림로29길 24, 지하1층 (대림동)",7414,QQ노래연습장,126.896876820116,37.4950186159854
서울특별시 영등포구 대림동 807-13번지,"서울특별시 영등포구 대림로29길 42, 지하1층 (대림동)",7414,신안전지대 노래연습장,126.895391559922,37.4940746770897
서울특별시 영등포구 대림동 1081-52번지 지하1층,"서울특별시 영등포구 디지털로 354 (대림동, 지하1층)",7447,신동방(新東方)노래연습장,126.899856804712,37.489140126903
서울특별시 영등포구 대림동 603-34,서울특별시 영등포구 도신로 42 (대림동),,얼쑤노래연습장,126.897625891757,37.5048641970007
서울특별시 영등포구 대림동 1078-1,서울특별시 영등포구 디지털로 362-1 (대림동),,홍콩노래연습장,126.900492066041,37.489724696651
서울특별시 영등포구 대림동 716-3,서울특별시 영등포구 도림로41길 8 (대림동),7413,Big마마 노래연습장,126.898183014681,37.4946974589068
서울특별시 영등포구 대림동 862-3번지 지하1층,"서울특별시 영등포구 디지털로 392 (대림동,지하1층)",,파란 노래연습장,126.902761155076,37.4916195120765
서울특별시 영등포구 대림동 845-7번지,서울특별시 영등포구 도림로54길 4-1 (대림동),,만남노래연습장,126.90214609408,37.4958070637824
서울특별시 영등포구 대림동 990-10번지,서울특별시 영등포구 대림로 73 (대림동),7444,대지노래연습장,126.905645376519,37.4890381222932
서울특별시 영등포구 대림동 710-10번지,"서울특별시 영등포구 대림로 157, 4층 (대림동, 일승빌딩)",7413,명품관노래연습장,126.89946162017,37.4948720878104
서울특별시 영등포구 당산동3가 395-41번지,서울특별시 영등포구 당산로31길 22 (당산동3가),,와와노래연습장,126.894291274137,37.5269655737832
서울특별시 영등포구 대림동 812-16번지 지1층,"서울특별시 영등포구 도림로37길 5, 지1층 (대림동)",7415,정(井)노래연습장,126.89650861909,37.4934657694979
서울특별시 영등포구 당산동5가 33-1번지,"서울특별시 영등포구 양평로 67, 305, 306호 (당산동5가, 당산역 한강포스빌)",7213,슈퍼파워코인노래연습장,,
서울특별시 영등포구 대림동 988-25번지 2층,"서울특별시 영등포구 대림로 86, 2층 (대림동)",7442,킹카 노래연습장,126.904817697542,37.4899168416107
서울특별시 영등포구 대림동 714-5,"서울특별시 영등포구 도림로41길 11-2, 2층 (대림동, 다우빌딩)",7415,K왕 노래연습장,126.897720082744,37.4950115103061
서울특별시 영등포구 대림동 989-10,서울특별시 영등포구 대림로 76 (대림동),,사계절노래연습장,126.905765382908,37.4894596192584
서울특별시 영등포구 당산동6가 338-1번지 한경빌딩 지하1층,"서울특별시 영등포구 양평로 64, 지하1층 (당산동6가, 한경빌딩)",7222,퍼니퍼니(FUNNY FUNNY) 코인노래연습장,126.899965832636,37.5351397125293
서울특별시 영등포구 대림동 1082-1번지 지하1층,"서울특별시 영등포구 디지털로 349, 지하1층 (대림동, 현암빌딩)",7421,K7 노래연습장,126.899272688257,37.4890412403315
서울특별시 영등포구 대림동 754-57,서울특별시 영등포구 도림로 193 (대림동),,영스타노래연습장,126.902270791679,37.4965268007914
서울특별시 영등포구 신길동 156-3,"서울특별시 영등포구 도신로 222, 지하1층 (신길동)",7349,장윤정노래연습장,126.916006405901,37.5116247881491
서울특별시 영등포구 도림동 1-28번지 지하2층,"서울특별시 영등포구 영신로 3, 지하2층 (도림동)",7367,자기야노래연습장,126.9094365948,37.511985831473
서울특별시 영등포구 도림동 206-4,서울특별시 영등포구 도영로 45-1 (도림동),,친구노래연습장,126.897799026357,37.5100200755182
서울특별시 영등포구 양평동4가 101-2 지하1층,"서울특별시 영등포구 양평로 119-1 (양평동4가,지하1층)",,스타노래연습장,126.894153174189,37.537510493104
서울특별시 영등포구 도림동 32-32 지하1층,"서울특별시 영등포구 신길로 209, 지하1층 (도림동)",7367,쿨(Cool)노래연습장,126.909912029623,37.5107264111059
서울특별시 영등포구 당산동4가 73-12,서울특별시 영등포구 당산로35길 6-1 (당산동4가),,밀크노래연습장,126.897094627104,37.5290353975237
서울특별시 영등포구 문래동3가 77-59번지 중원빌딩 지하층,"서울특별시 영등포구 선유로 40, 중원빌딩 지하층 (문래동3가)",7295,스카이노래연습장,126.889131430811,37.5173904864584
서울특별시 영등포구 양평동4가 98-3 지하1층,"서울특별시 영등포구 양평로 113, 지하1층 (양평동4가)",7208,앵콜노래연습장,126.894768844543,37.5372391215258
서울특별시 영등포구 도림동 251-8번지 지1층,"서울특별시 영등포구 도신로 69, 지1층 (도림동)",7374,코코 노래연습장,126.900078687919,37.5063440353853
서울특별시 영등포구 영등포동7가 70-4번지,서울특별시 영등포구 영중로 95-1 (영등포동7가),,고바우노래연습장,126.905087792624,37.5248769411722
서울특별시 영등포구 신길동 445-2 지하1층,"서울특별시 영등포구 신길로 67, 지하1층 (신길동)",7425,K-POP 코인노래연습장,126.908122989471,37.4987666231463
서울특별시 영등포구 신길동 488 이화빌딩,"서울특별시 영등포구 대방천로 247, 이화빌딩 지하 1층 (신길동)",7432,337노래연습장,126.918300903497,37.4989571848572
서울특별시 영등포구 대림동 1057-63번지,"서울특별시 영등포구 도림로38길 9, 지하1층 (대림동)",7417,제호노래연습장,126.897759119739,37.4922566259376
서울특별시 영등포구 대림동 693-6,"서울특별시 영등포구 대림로 180, 3층 (대림동)",7410,금상첨화뮤직타운노래연습장,126.899308011933,37.4969256208488
서울특별시 영등포구 대림동 693-6,"서울특별시 영등포구 대림로 180, 3층 (대림동)",7410,금상첨화노래연습장,126.899308011933,37.4969256208488
서울특별시 영등포구 대림동 693-5,"서울특별시 영등포구 대림로 170, 지하1층 (대림동, 세종빌딩)",7410,플레이보이노래연습장,126.899622309781,37.4961392197235
서울특별시 영등포구 신길동 192-206,서울특별시 영등포구 도신로 193 (신길동),,아리노래연습장,126.912709997008,37.5114432785065
서울특별시 영등포구 신길동 296-12번지 19통4반 지하1층,"서울특별시 영등포구 도신로 106, 지하1층 (신길동)",7382,빙고 노래연습장,126.903833277307,37.5075495424975
서울특별시 영등포구 대림동 1050-13번지,서울특별시 영등포구 도림로 129 (대림동),,어머나노래연습장,126.896550474113,37.4929625938697
서울특별시 영등포구 당산동3가 85-1번지,서울특별시 영등포구 당산로32길 12 (당산동3가),,무쏘노래연습장,126.89808624901,37.5262024273793
서울특별시 영등포구 신길동 98-46번지,서울특별시 영등포구 영등포로 363-1 (신길동),,첼로노래연습장,126.918914202359,37.5145166999349
서울특별시 영등포구 영등포동3가 19-0,서울특별시 영등포구 영등포로42길 17 (영등포동3가),,팡팡노래연습장,126.906749452832,37.5179295530282
서울특별시 영등포구 신길동 255-1번지,"서울특별시 영등포구 신길로39길 4, 지1층 (신길동)",7386,정원노래연습장,126.910366309143,37.5069983100503
서울특별시 영등포구 대림동 720-3,서울특별시 영등포구 대림로 173 (대림동),,니나노래연습장,126.899020902836,37.4963276482223
서울특별시 영등포구 대림동 990-128,서울특별시 영등포구 대림로7길 15 (대림동),,꿀단지 노래연습장,126.903487739544,37.4886686782649
서울특별시 영등포구 대림동 1031-1 (지하1층),"서울특별시 영등포구 디지털로54길 3, 지하1층 (대림동, 동보빌딩)",7443,동보노래연습장,126.901704902363,37.4904985059027
서울특별시 영등포구 대림동 900-26,서울특별시 영등포구 대림로22길 44-1 (대림동),,앵콜노래연습장,126.905124378998,37.4958876104324
서울특별시 영등포구 대림동 810-57 2층,"서울특별시 영등포구 대림로29길 37-2, 2층 (대림동)",7415,아리랑 노래연습장,126.895803028813,37.4940973856804
서울특별시 영등포구 대림동 906-108 지하1층,"서울특별시 영등포구 도림로 208, 지하1층 (대림동)",7423,축제노래연습장,126.903794692499,37.4970742416285
서울특별시 영등포구 대림동 878-17번지,서울특별시 영등포구 디지털로 412 (대림동),,월드컵 노래연습장,126.904210243978,37.4930300509914
서울특별시 영등포구 대림동 713-6,서울특별시 영등포구 도림로41길 9 (대림동),,백두산노래연습장,126.897807913595,37.4947874158895
서울특별시 영등포구 대림동 814-3번지,서울특별시 영등포구 도림로 140 (대림동),,황궁노래연습장,126.897628371815,37.4930241705718
서울특별시 영등포구 도림동 151-2,"서울특별시 영등포구 도신로 85, 지하1층 (도림동)",7370,핑크노래연습장,126.90170635565,37.5070762059535
서울특별시 영등포구 신길동 452-9번지,서울특별시 영등포구 여의대방로53길 23 (신길동),,큐노래연습장,126.921975227536,37.5117985407663
서울특별시 영등포구 영등포동7가 70-6번지,서울특별시 영등포구 영중로 95 (영등포동7가),,나루터노래연습장,126.905043298168,37.5247264380713
서울특별시 영등포구 문래동3가 55-5번지,서울특별시 영등포구 당산로 34 (문래동3가),,로데오노래연습장,126.896493699106,37.5174631210953
서울특별시 영등포구 도림동 144-124,서울특별시 영등포구 도림로112길 1 (도림동),,스타노래방,126.900303381501,37.5087511689671
서울특별시 영등포구 당산동2가 72-0번지 지하1층,"서울특별시 영등포구 영등포로19길 11, 지하1층 (당산동2가)",7263,태양노래연습장,126.892758337318,37.5229502283196
서울특별시 영등포구 당산동3가 387-1,서울특별시 영등포구 당산로 139 (당산동3가),,스타노래연습장,126.896722619276,37.5270843145482
서울특별시 영등포구 신길동 440-78 (지하1층),"서울특별시 영등포구 도림로64길 4 (신길동,(지하1층))",,똥쌍피노래연습장,126.904352755053,37.4971729044549
서울특별시 영등포구 대림동 722-10번지,"서울특별시 영등포구 도림로41길 20, 지층 (대림동)",7413,수 노래연습장,126.897813326221,37.4956286002244
서울특별시 영등포구 신길동 4677번지,서울특별시 영등포구 신길로 36 (신길동),,골뱅이노래연습장,126.908729270224,37.4957789059089
서울특별시 영등포구 대림동 667-10 용진빌딩,"서울특별시 영등포구 가마산로 375, 용진빌딩 2층 (대림동)",7381,골든벨 노래연습장,126.899362882935,37.5021315892158
서울특별시 영등포구 신길동 4216번지 지하1층,"서울특별시 영등포구 대방천로 260, 지하1층 (신길동)",7433,우정 노래연습장,126.91964845225,37.4985425651036
서울특별시 영등포구 영등포동 618-195,서울특별시 영등포구 영신로19길 1 (영등포동),,퀸노래연습장,126.907525588394,37.5145951895027
서울특별시 영등포구 대림동 1050-27,"서울특별시 영등포구 도림로 134, 지하1층 (대림동)",7416,따봉노래연습장,126.897112386799,37.4927807207883
서울특별시 영등포구 신길동 805,서울특별시 영등포구 가마산로89길 3 (신길동),,만남 노래연습장,126.921360616524,37.504668843827
서울특별시 영등포구 대림동 1053-12 금창빌딩,"서울특별시 영등포구 도림천로 367, 금창빌딩 지하1층 (대림동)",7416,파티노래연습장,126.896012695274,37.492129140882
서울특별시 영등포구 대림동 960-5 지하 1동,"서울특별시 영등포구 시흥대로 667-1, 지하1층 (대림동)",7442,짱노래연습장,126.908023622042,37.4914521744885
서울특별시 영등포구 대림동 1080-4번지 지하1층,"서울특별시 영등포구 디지털로 356-1 (대림동, 지하1층)",7447,천지 노래연습장,126.900055777056,37.4893372556113
서울특별시 영등포구 신길동 188-379번지,서울특별시 영등포구 신길로60길 16 (신길동),,신미노래방,126.912264839653,37.513155937446
서울특별시 영등포구 신길동 95-152번지,서울특별시 영등포구 영등포로80길 12-1 (신길동),,대박노래연습장,126.92025032271,37.512558737186
서울특별시 영등포구 신길동 445-11 지하1층,"서울특별시 영등포구 신길로 71 (신길동,지하1층)",,123노래연습장,126.908200841307,37.4990973528659
서울특별시 영등포구 신길동 296-14번지 지하1층,"서울특별시 영등포구 도신로 108 (신길동,지하1층)",,아미노래연습장,126.904069259395,37.5076845246708
서울특별시 영등포구 영등포동4가 147-1번지 지하1층,"서울특별시 영등포구 영등포로 194 (영등포동4가,지하1층)",,향노래연습장,126.902954625951,37.5200181742472
서울특별시 영등포구 대림동 682-14번지 지하1층,"서울특별시 영등포구 가마산로 358 (대림동,지하1층)",,썬시티노래연습장,126.898662178483,37.5005280112151
서울특별시 영등포구 신길동 233-174 2층,"서울특별시 영등포구 신길로 163, 2층 (신길동)",7387,센스노래연습장,126.910807561045,37.5066725704141
서울특별시 영등포구 대림동 1068-10번지 지하1층,"서울특별시 영등포구 디지털로37길 20, 지하1층 (대림동)",7419,상하이노래연습장,126.898341411466,37.4903815019833
서울특별시 영등포구 대림동 710-4번지 지하1층,"서울특별시 영등포구 대림로27길 9-1, 지하1층 (대림동)",7413,별빛노래연습장,126.898745299264,37.4947493896456
서울특별시 영등포구 신길동 65-40 지층,"서울특별시 영등포구 영등포로 384-1, 지층 (신길동)",7353,SBS노래연습장,126.920809996055,37.5134035346014
서울특별시 영등포구 당산동 121-115번지 지하1층,"서울특별시 영등포구 버드나루로19길 5, 지하1층 (당산동)",7229,수정노래연습장,126.907392914566,37.5284106979613
서울특별시 영등포구 신길동 323번지 2층,"서울특별시 영등포구 가마산로 455, 2층 (신길동)",7383,코끼리노래연습장,126.906937438579,37.5060070759566
서울특별시 영등포구 영등포동 618-80,서울특별시 영등포구 영신로19길 5 (영등포동),,F.M 노래연습장,126.907224612845,37.5144007872075
서울특별시 영등포구 당산동3가 257-11번지,서울특별시 영등포구 당산로30길 8-1 (당산동3가),,당산동노래연습장,126.897619916085,37.5254681580871
서울특별시 영등포구 당산동3가 229-1번지 (지하1층),"서울특별시 영등포구 국회대로34길 15-1 (당산동3가,(지하1층))",,빅타운노래연습장,126.897475461692,37.5260394481263
서울특별시 영등포구 신길동 362-21번지,서울특별시 영등포구 도신로 88 (신길동),,승지노래연습장,126.902130892298,37.5068482438587
서울특별시 영등포구 신길동 69-9 지하1층,"서울특별시 영등포구 영등포로 396-1, 지1층 (신길동)",7353,샴푸노래연습장,126.922044287367,37.5131504527664
서울특별시 영등포구 문래동3가 77-34 지하1층,"서울특별시 영등포구 선유로 62 (문래동3가,지하1층)",,특급 노래연습장,126.889587931305,37.5194102417196
서울특별시 영등포구 대림동 845-14,서울특별시 영등포구 도림로 188-1 (대림동),,네박자노래연습장,126.902026776632,37.4959048141873
서울특별시 영등포구 신길동 4027-0번지,서울특별시 영등포구 신풍로 90 (신길동),,불러불러노래연습장,126.915974595459,37.499842683595
서울특별시 영등포구 영등포동6가 104-1번지,서울특별시 영등포구 영등포로33길 9 (영등포동6가),,투투노래연습장,126.902504295836,37.5212355084329
서울특별시 영등포구 대림동 1050-10번지,서울특별시 영등포구 도림로 133 (대림동),,타조노래연습장,126.896801463629,37.4930780521529
서울특별시 영등포구 영등포동6가 71-2번지 지하1층,"서울특별시 영등포구 영신로38길 24, 지하1층 (영등포동6가)",7251,정노래연습장,126.903689122768,37.5206264116716
서울특별시 영등포구 신길동 192-2번지,"서울특별시 영등포구 도신로 195, 2층 (신길동)",7313,딱이야노래연습장,126.91303193907,37.5115063159663
서울특별시 영등포구 양평동4가 72 원우빌딩,"서울특별시 영등포구 양평로 105, 지하층 (양평동4가)",7208,태양 노래연습장,126.89553688698,37.5368272354928
서울특별시 영등포구 도림동 138-21 지하1층,"서울특별시 영등포구 도신로 121, 지하1층 (도림동)",7369,파티파티노래연습장,126.905175369572,37.5085939006794
서울특별시 영등포구 대림동 1032-19번지,서울특별시 영등포구 디지털로 377 (대림동),,OK 노래연습장,126.901429435862,37.4909403105236
서울특별시 영등포구 영등포동 618-243,서울특별시 영등포구 영신로19길 16 (영등포동),,스타노래연습장,126.906016081367,37.5140800655909
서울특별시 영등포구 신길동 355-631 지층,"서울특별시 영등포구 가마산로 412, 지층 (신길동)",7404,갈채노래연습장,126.902631459592,37.5038102885651
서울특별시 영등포구 신길동 4326-0,서울특별시 영등포구 여의대방로 87 (신길동),,공원노래연습장,126.916309950292,37.4971678345299
서울특별시 영등포구 대림동 1051-84번지,서울특별시 영등포구 도림로 128 (대림동),,코리아노래연습장,126.896595884089,37.4925051023443
서울특별시 영등포구 영등포동 620-175번지,서울특별시 영등포구 영신로9길 1 (영등포동),,행운노래연습장,126.908758516668,37.5129130733785
서울특별시 영등포구 영등포동 620-133번지,서울특별시 영등포구 영신로9길 4 (영등포동),,코러스노래연습장,126.908467250416,37.5131068341549
서울특별시 영등포구 양평동4가 60-0번지 지1층,"서울특별시 영등포구 선유로49길 2-1, 지1층 (양평동4가)",7208,KBS노래연습장,126.897151890558,37.5357784472316
서울특별시 영등포구 신길동 159-5번지,서울특별시 영등포구 도신로 214 (신길동),,아유미노래연습장,126.914883159084,37.511407923298
서울특별시 영등포구 대림동 807-13,서울특별시 영등포구 대림로29길 42 (대림동),7414,안전지대노래방,126.895391559922,37.4940746770897
서울특별시 영등포구 영등포동 423-106번지,서울특별시 영등포구 경인로 836-1 (영등포동),,영심이노래연습장,126.90583608244,37.5159121128797
서울특별시 영등포구 당산동6가 337-19번지,서울특별시 영등포구 양평로 52 (당산동6가),,아랴노래연습장,126.900875347752,37.5346558313138
서울특별시 영등포구 영등포동3가 5-1,서울특별시 영등포구 영중로10길 5 (영등포동3가),,씨에프노래연습장,126.906063254991,37.5193088953179
서울특별시 영등포구 양평동2가 34-15 지하1층,"서울특별시 영등포구 영등포로5길 31, 지1층 (양평동2가)",7274,팡팡노래연습장,126.884538606022,37.5246476250864
서울특별시 영등포구 당산동2가 37번지 지하1층,"서울특별시 영등포구 영등포로 103, 지1층 (당산동2가)",7264,하나노래연습장,126.893196256907,37.5220662013046
서울특별시 영등포구 대림동 1079-41번지,"서울특별시 영등포구 디지털로 359-1, 지하1층 (대림동)",7421,777노래연습장,126.90003431829,37.4897426006703
서울특별시 영등포구 신길동 4397,"서울특별시 영등포구 여의대방로 93, 3층 (신길동)",7433,진 노래연습장,126.916881874796,37.4975290012254
서울특별시 영등포구 대림동 710-5,"서울특별시 영등포구 대림로27길 9, 지하1층 (대림동)",7413,드라마노래연습장,126.898856717333,37.4948090416213
서울특별시 영등포구 양평동4가 65-1번지,"서울특별시 영등포구 양평로 93, 지하1층 (양평동4가, 양화빌딩)",7208,파티파티노래연습장,126.896735692122,37.5362295752496
서울특별시 영등포구 대림동 1066-125,"서울특별시 영등포구 디지털로37길 8, 지하1층 (대림동)",7421,한중노래연습장,126.898844941491,37.4893702831791
서울특별시 영등포구 대림동 990-48,"서울특별시 영등포구 대림로7길 5, 지하1층 (대림동, 청담빌)",7444,윤회노래연습장,126.904272536098,37.4895858215429
서울특별시 영등포구 대림동 1028-4번지,"서울특별시 영등포구 디지털로 372, 2층 (대림동)",7446,천궁노래연습장,126.901267791695,37.4903835332972
서울특별시 영등포구 대림동 1058-5,"서울특별시 영등포구 디지털로37길 29, 201호 (대림동, 대덕빌딩)",7420,명품노래연습장,126.897707090837,37.4913541322857
서울특별시 영등포구 대림동 1058-28,"서울특별시 영등포구 도림천로11길 20, 지하1층 (대림동)",7420,천상노래연습장,126.897721774454,37.4916148964394
서울특별시 영등포구 양평동4가 64-1번지,"서울특별시 영등포구 양평로 89, 지하1층 (양평동4가)",7208,대박노래연습장,126.8971751262,37.5360780500496
서울특별시 영등포구 대림동 714-12,"서울특별시 영등포구 도림로39길 11-16, 지1층 (대림동)",7415,테라노래연습장,126.897002656096,37.4947069775015
서울특별시 영등포구 신길동 3711-0번지,서울특별시 영등포구 신풍로10길 2-16  (신길동),,불새노래연습장,126.910708424825,37.4997913374922
서울특별시 영등포구 신길동 3591-0번지,서울특별시 영등포구 신길로 108 (신길동),,대지,126.912436125445,37.502181737466
서울특별시 영등포구 신길동 114-1,서울특별시 영등포구 도신로 234 (신길동),,코리아노래연습장,126.917389995654,37.5119777861909
서울특별시 영등포구 대림동 688-1번지,서울특별시 영등포구 가마산로 352 (대림동),,앵무새 노래연습장,126.898156393045,37.4999785033691
서울특별시 영등포구 당산동3가 295-1번지 지하,"서울특별시 영등포구 당산로28길 2 (당산동3가,지하)",,돌출노래연습장,126.896729557663,37.5247592855213
서울특별시 영등포구 신길동 424-3,서울특별시 영등포구 신풍로 23 (신길동),,백악관노래연습장,126.908363715093,37.5003710511097
서울특별시 영등포구 대림동 739-1 유림빌딩 지하호,"서울특별시 영등포구 대림로 191, 유림빌딩 지하호 (대림동)",7412,오렌지 노래연습장,126.898325249785,37.4977995659931
서울특별시 영등포구 당산동6가 302 303번지,"서울특별시 영등포구 당산로 232, 지하1층 (당산동6가)",7223,벤츠노래연습장,126.90256383234,37.5342555704657
서울특별시 영등포구 대림동 717번지 쌍용플래티넘S B105호,"서울특별시 영등포구 대림로29길 13, B105호 (대림동, 쌍용플래티넘S)",7413,중화(中華)노래연습장,126.898058257377,37.4953006652838
서울특별시 영등포구 대림동 717번지 쌍용플래티넘S B106호,"서울특별시 영등포구 대림로29길 13, 지하1층 B106호 (대림동, 쌍용플래티넘S)",7413,KBS노래연습장,126.898058257377,37.4953006652838
서울특별시 영등포구 대림동 991-12 2층,"서울특별시 영등포구 대림로7나길 2, 2층 (대림동)",7443,궁노래연습장,126.903767730502,37.489443682977
서울특별시 영등포구 신길동 485번지,"서울특별시 영등포구 신풍로24길 10, 2층 (신길동)",7432,땡기네 노래연습장,126.918426809261,37.4990254780214
서울특별시 영등포구 영등포동6가 71-3번지,"서울특별시 영등포구 영신로38길 22, 지하1층 (영등포동6가)",7251,팡팡노래연습장,126.903498611227,37.5206390504062
서울특별시 영등포구 당산동2가 30-0번지 2층,"서울특별시 영등포구 선유동1로 4, 2층 (당산동2가)",7263,샤방샤방노래연습장,126.89164862983,37.5224525830612
서울특별시 영등포구 대림동 662-10번지,서울특별시 영등포구 대림로40길 15 (대림동),,신나는노래연습장,126.898391311412,37.5019583050815
서울특별시 영등포구 영등포동3가 3-11,"서울특별시 영등포구 영중로10길 25, 2층 (영등포동3가)",7303,수Ⅱ노래연습장,126.908257745371,37.5188573256947
서울특별시 영등포구 영등포동5가 6-3,서울특별시 영등포구 영등포로 231-1 (영등포동5가),7250,대영,126.907273082927,37.5196557463138
서울특별시 영등포구 대림동 807-9번지 2층,"서울특별시 영등포구 도림로31길 22 (대림동,2층)",,궁노래연습장,126.895174711818,37.4942883838505
서울특별시 영등포구 대림동 1050-28번지 지하1층,"서울특별시 영등포구 도림로 132 (대림동,지하1층)",,자기야노래연습장,126.896985908203,37.4927396147597
서울특별시 영등포구 신길동 483 지1호,"서울특별시 영등포구 대방천로 249, 지1층 (신길동)",7432,금두꺼비노래연습장,126.9186717301,37.4990513255611
서울특별시 영등포구 대림동 809 지하1층,"서울특별시 영등포구 대림로29길 41, 지하1층 (대림동)",7415,홍콩노래연습장,126.895547224791,37.4939461510739
서울특별시 영등포구 양평동4가 91번지 지하1층,"서울특별시 영등포구 선유로49길 29  (양평동4가,지하1층)",,궁노래연습장,126.894470464171,37.5368482717367
서울특별시 영등포구 대림동 1017-3번지 지하1층,"서울특별시 영등포구 대림로 94 (대림동,지하1층)",,딱이야 노래연습장,126.904257302344,37.4903586932861
서울특별시 영등포구 영등포동5가 19-0번지,"서울특별시 영등포구 영등포로 219, 지1층 (영등포동5가)",7250,상아,126.905749544283,37.5201441452888
서울특별시 영등포구 신길동 355-92번지,"서울특별시 영등포구 가마산로 399, 지1층 (신길동)",7380,앤노래연습장,126.901213750817,37.5035974653745
서울특별시 영등포구 대림동 692-1,서울특별시 영등포구 대림로 188 (대림동),,나인 노래연습장,126.89903201415,37.497733948218
서울특별시 영등포구 대림동 783-15번지 지하1층,"서울특별시 영등포구 도신로4길 13, 지하1층 (대림동)",7377,현대노래연습장,126.896069502985,37.5023798478281
서울특별시 영등포구 대림동 1016-24 2층,"서울특별시 영등포구 대림로 88 (대림동,2층)",,친구 노래연습장,126.904554178297,37.4901385471167
서울특별시 영등포구 대림동 1016-24 2층,"서울특별시 영등포구 대림로 88 (대림동,2층)",,북경 노래연습장,126.904554178297,37.4901385471167
서울특별시 영등포구 신길동 4218번지 지하1층,"서울특별시 영등포구 대방천로 256-1, 지1층 (신길동)",7433,소리쳐노래연습장,126.919274631859,37.4986043895713
서울특별시 영등포구 대림동 804-50 지하1층(대림동),"서울특별시 영등포구 대림로29길 29, 지하1층 (대림동)",7415,한강 노래연습장,126.896638513522,37.4945572725796
서울특별시 영등포구 신길동 255-15번지 지하1층,"서울특별시 영등포구 신길로39길 6 (신길동,지하1층)",,쥬라기노래연습장,126.910203552468,37.5070029617632
서울특별시 영등포구 신길동 347-300번지,서울특별시 영등포구 가마산로 437-2 (신길동),,시티노래연습장,126.905166581782,37.5053482042589
서울특별시 영등포구 신길동 96-23 (2층),"서울특별시 영등포구 영등포로 382 (신길동,(2층))",,정다운노래연습장,126.920351286997,37.5135558562281
서울특별시 영등포구 신길동 467-3,서울특별시 영등포구 여의대방로53길 28 (신길동),,천궁 노래연습장,126.921720367776,37.5121510251372
서울특별시 영등포구 대림동 719-1번지,서울특별시 영등포구 대림로 167 (대림동),,뮤지컬노래연습장,126.899219751579,37.4957877548093
서울특별시 영등포구 신길동 216-10번지,서울특별시 영등포구 도신로 191 (신길동),,차차차노래연습장,126.912313487319,37.5114065842574
서울특별시 영등포구 대림동 804-30,"서울특별시 영등포구 대림로29길 27, 지하1층 (대림동)",7415,사랑노래연습장,126.896731937478,37.4947079124777
서울특별시 영등포구 대림동 714-1번지 지층,"서울특별시 영등포구 대림로29길 19 (대림동, 지층)",7415,하와이 노래연습장,126.897380928039,37.4951099665035
서울특별시 영등포구 대림동 1057-33 지하1층,"서울특별시 영등포구 도림로38길 8, 지하1층 (대림동)",7416,老百姓(로백성)노래연습장,126.897454809245,37.4922696970942
서울특별시 영등포구 영등포동5가 37-2 지하1층,"서울특별시 영등포구 영중로 62 (영등포동5가, 지하1층)",7250,나가수노래연습장,126.90529784102,37.5217672104585
서울특별시 영등포구 대림동 722-9 지하1층,"서울특별시 영등포구 대림로29길 12, 지하1층 (대림동)",7413,美 노래연습장,126.898009557424,37.4956880560201
서울특별시 영등포구 대림동 810-16 지하1층,"서울특별시 영등포구 대림로29길 34-1, 지하1층 (대림동)",7414,천지노래연습장,126.896053739702,37.4944973831705
서울특별시 영등포구 도림동 138-19번지,서울특별시 영등포구 도신로29길 1 (도림동),,비엔나노래연습장,126.905230992952,37.5087016153541
서울특별시 영등포구 신길동 111-13 지하,"서울특별시 영등포구 도신로64길 9 (신길동,지하)",,별 노래연습장,126.91830246398,37.5124701888172
서울특별시 영등포구 대림동 710-3번지 지층,서울특별시 영등포구 대림로27길 11 (대림동),7413,OK노래연습장,126.898630290166,37.4946694618353
서울특별시 영등포구 대림동 681-13번지 지하1층,"서울특별시 영등포구 가마산로 366-1, 지하1층 (대림동)",7402,요기요 노래연습장,126.899534303493,37.5010553038325
서울특별시 영등포구 대림동 990-46번지,서울특별시 영등포구 대림로 87 (대림동),,MC노래연습장,126.904460640887,37.4898027561811
서울특별시 영등포구 당산동6가 315 당일빌딩 지하1층,"서울특별시 영등포구 당산로47길 8 (당산동6가,당일빌딩 지하1층)",,용가리노래연습장,126.901987599522,37.5348639897675
서울특별시 영등포구 대림동 688-13번지,서울특별시 영등포구 대림로34나길 17 (대림동),,신세계노래연습장,126.89869063424,37.4999739171047
서울특별시 영등포구 영등포동 631-13번지,서울특별시 영등포구 영신로9라길 16 (영등포동),,얼짱노래연습장,126.905397596488,37.5133591292895
서울특별시 영등포구 영등포동4가 69-1 지하1층,"서울특별시 영등포구 영등포로36길 3 (영등포동4가,지하1층)",,파티파티노래연습장,126.903876093078,37.5197588082779
서울특별시 영등포구 신길동 4035-2번지 지하1층,"서울특별시 영등포구 신풍로 92 (신길동,지하1층)",,따봉노래연습장,126.91635731063,37.4998240340683
서울특별시 영등포구 당산동3가 127-1번지 3층,"서울특별시 영등포구 당산로32길 13 (당산동3가,3층)",,씽쿠스노래연습장,126.898421367119,37.5263474169613
서울특별시 영등포구 당산동1가 150-3,서울특별시 영등포구 영신로43길 11 (당산동1가),,질러노래연습장,126.900053184874,37.5221621229099
서울특별시 영등포구 당산동3가 228-2 2층,"서울특별시 영등포구 당산로32길 8-2 (당산동3가,2층)",,우리노래연습장,126.897636235074,37.5262751995397
서울특별시 영등포구 신길동 115-14번지 지하1층,"서울특별시 영등포구 도신로 228 (신길동,지하1층)",,황금노래연습장,126.916496155038,37.5117305528664
서울특별시 영등포구 대림동 1050-2번지 지하1층,"서울특별시 영등포구 도림로38길 1-1 (대림동,지하1층)",,구구아리랑 노래연습장,126.897466502035,37.4928979793418
서울특별시 영등포구 영등포동 618-39,서울특별시 영등포구 영신로15길 3 (영등포동),,신세계 노래연습장,126.907845881714,37.5139827573553
서울특별시 영등포구 신길동 450-34번지 지하1층,"서울특별시 영등포구 영등포로84길 7, 지하1층 (신길동)",7354,스타노래연습장,126.922177582742,37.512555247358
서울특별시 영등포구 당산동5가 33-1 B105(지하1층),"서울특별시 영등포구 양평로 67 (당산동5가,B105(지하1층))",,쥬크노래연습장,126.899311690856,37.5349350800223
서울특별시 영등포구 영등포동5가 27-3번지,서울특별시 영등포구 영중로 50 (영등포동5가),,현노래방,126.905314037171,37.5206774608478
서울특별시 영등포구 당산동3가 237-2 지하1층,"서울특별시 영등포구 국회대로34길 18, 지하1층 (당산동3가)",7257,발리노래연습장,126.897156086579,37.525966009106
서울특별시 영등포구 당산동3가 222번지 2층,"서울특별시 영등포구 당산로32길 7, 2층 (당산동3가)",7257,앙코르노래연습장,126.897833460536,37.5264108809746
서울특별시 영등포구 여의도동 44-6 스타빌딩 4층,"서울특별시 영등포구 여의대방로67길 18 (여의도동,스타빌딩 4층)",,스타노래연습장,126.930363683538,37.5203638577335
서울특별시 영등포구 영등포동 618-264 (지하1층),"서울특별시 영등포구 영신로19길 18 (영등포동,(지하1층))",,칸노래연습장,126.905776763166,37.5139707633835
서울특별시 영등포구 영등포동6가 80-2번지,서울특별시 영등포구 영등포로 199 (영등포동6가),,드림노래연습장,126.903768511113,37.5203796016522
"서울특별시 영등포구 대림동 862-6 (지하1층,좌측) ","서울특별시 영등포구 디지털로 387 (대림동, (지하1층,좌측)",7418,신타타노래연습장,126.902185445265,37.49164642744
서울특별시 영등포구 대림동 1079-23번지 (지하1층),"서울특별시 영등포구 디지털로 361 (대림동, 지하1층)",7421,친구친구 노래연습장,126.900148041069,37.4898499167124
서울특별시 영등포구 대림동 713-7 (지하1층),"서울특별시 영등포구 도림로39길 21, 지하1층 (대림동)",7415,황금노래연습장,126.897941380436,37.4945988604913
서울특별시 영등포구 양평동4가 153-6번지 (지하1층),"서울특별시 영등포구 양평로 90 (양평동4가,(지하1층))",,행운노래연습장,126.897332588157,37.5364333613287
서울특별시 영등포구 당산동3가 170,서울특별시 영등포구 국회대로34길 9 (당산동3가),,짱노래연습장,126.897507044481,37.526603772919
서울특별시 영등포구 도림동 147-43 (2층),"서울특별시 영등포구 도신로 99 (도림동, 2층)",7369,즐거운노래연습장,126.903137420061,37.507683584032
서울특별시 영등포구 영등포동3가 7-52 (2층),"서울특별시 영등포구 영중로10길 10-1 (영등포동3가,(2층))",,럭셔리 가 노래연습장,126.906494827049,37.519017583135
서울특별시 영등포구 대림동 689 지하1층,"서울특별시 영등포구 대림로 202 (대림동,지하1층)",,띠풀이노래연습장,126.898531196757,37.4987064254264
서울특별시 영등포구 대림동 727-4 지하1층,"서울특별시 영등포구 대림로29길 22 (대림동,지하1층)",,발리노래연습장,126.897062767595,37.4951538390271
서울특별시 영등포구 신길동 232-45번지,서울특별시 영등포구 신길로 169  (신길동),,달빛노래방,126.910739722296,37.5072248351007
서울특별시 영등포구 영등포동5가 39-10 지하,"서울특별시 영등포구 영중로 64 (영등포동5가,지하)",,SBS노래연습장,126.905304308899,37.5219304772908
서울특별시 영등포구 신길동 4909-3 지층,"서울특별시 영등포구 신길로38길 11, 지층 (신길동)",7362,유희노래연습장,126.912379998325,37.5059842082047
서울특별시 영등포구 대림동 1052-4 지하1층,"서울특별시 영등포구 도림로33길 5, 지하1층 (대림동)",7415,형제노래연습장,126.89605344341,37.4929161161512
서울특별시 영등포구 대림동 1028-4번지 2층,"서울특별시 영등포구 디지털로 372, 2층 (대림동)",7446,신천궁노래연습장,126.901267791695,37.4903835332972
서울특별시 영등포구 영등포동3가 10-39 1층호,"서울특별시 영등포구 영중로4길 16, 1층 (영등포동3가)",7304,지투존 코인노래연습장,126.90805593128,37.5172994245774
서울특별시 영등포구 대림동 1048-11 해성빌딩,"서울특별시 영등포구 대림로23길 29, 해성빌딩 (대림동)",7419,수노래연습장,126.897785301832,37.4924607266604
서울특별시 영등포구 신길동 428-7,"서울특별시 영등포구 신풍로 16, 2층 (신길동)",7426,조쿠먼 노래연습장,126.907606604216,37.4999814971852
서울특별시 영등포구 당산동3가 223-3,"서울특별시 영등포구 당산로30길 5, 지하1층 (당산동3가)",7257,아이러브코인노래연습장 영등포구청점,126.897338858482,37.5256680266244
서울특별시 영등포구 양평동2가 29-23 목동비즈타워,"서울특별시 영등포구 영등포로 33, 목동비즈타워 204호 (양평동2가)",7275,판타스틱코인노래연습장 서울양평역점,126.885222271529,37.5232920131718
서울특별시 동작구 상도동 328-10번지,서울특별시 동작구 국사봉1길 4 (상도동),7042,가수코인 노래연습장,126.928852981582,37.4987738088069
서울특별시 동작구 노량진동 117-15번지,서울특별시 동작구 만양로 110 (노량진동),6913,노래야노래야 코인노래연습장(노량진점),126.944437777194,37.5131913106977
서울특별시 동작구 상도1동 759 도미노스,"서울특별시 동작구 양녕로 262, 3층 (상도1동)",6968,로로코인노래연습장,126.948287124424,37.5031837065081
서울특별시 동작구 노량진동 119-74번지 광보한의원,서울특별시 동작구 만양로 89-1 (노량진동),6923,팍스코인노래연습장,126.944194837851,37.5114935241946
서울특별시 동작구 노량진동 97-1번지,"서울특별시 동작구 노량진로16길 14, 지층 (노량진동)",6922,에너지코인노래연습장,126.943619710576,37.5129685552608
서울특별시 동작구 노량진동 16-1 노량진 드림스퀘어 복합빌딩,"서울특별시 동작구 노들로2길 7, 노량진 드림스퀘어 복합빌딩 A동 지하1층 2호 (노량진동)",6900,별 노래연습장,126.938586139882,37.5141942939247
서울특별시 동작구 노량진동 148-65,"서울특별시 동작구 만양로18길 11, 지층 (노량진동)",6913,동네스타 코인노래연습장,126.945062465672,37.5132122358874
서울특별시 동작구 흑석동 223-1,"서울특별시 동작구 흑석로 94, 지층 (흑석동)",6973,블라블라 코인노래연습장,126.959980376481,37.5072688094279
서울특별시 동작구 흑석동 205-6,"서울특별시 동작구 흑석로 75-4, 지하1층 (흑석동)",6911,제이 노래연습장,126.958040530875,37.5069675610384
서울특별시 동작구 노량진동 126-6번지 휘소항쉬법빌딩,"서울특별시 동작구 만양로14가길 22, 휘소항쉬법빌딩 지층 (노량진동)",6913,리코퀸 코인노래연습장,126.945120731775,37.5125742620077
서울특별시 동작구 사당동 89-69 삼성상가,"서울특별시 동작구 동작대로29길 18, 삼성상가 지하1층 (사당동)",6997,킹노래연습장,126.980996931051,37.4881647040882
서울특별시 동작구 신대방동 361-57,"서울특별시 동작구 여의대방로22길 80, 지하1층 (신대방동)",7059,판타스틱 코인노래연습장 신대방점,126.924490881768,37.4977293578132
서울특별시 동작구 대방동 337-4,서울특별시 동작구 국사봉1길 7 (대방동),7041,보가2코인노래연습장,126.928944136335,37.4990061430466
서울특별시 동작구 상도동 323-17번지 진선빌딩,"서울특별시 동작구 국사봉1길 12, 진선빌딩 (상도동)",7042,보가코인 노래연습장,126.929236790898,37.4987849415093
서울특별시 동작구 노량진동 117-16번지,"서울특별시 동작구 만양로 108, 지층 (노량진동)",6913,RICOSTAR코인노래연습장 노량진점,126.944433457305,37.5130680513174
서울특별시 동작구 사당동 137-11 이오빌딩,"서울특별시 동작구 동작대로27가길 23, 이오빌딩 (사당동)",7008,골든싱어(Golden Singer) 코인노래연습장,126.981350232461,37.486537990357
서울특별시 동작구 상도동 489-9번지,서울특별시 동작구 상도로 370 (상도동),,SBS 노래연습장,126.953749557299,37.4957103235862
서울특별시 동작구 상도동 354-20 남광빌딩,"서울특별시 동작구 상도로 129, 남광빌딩 (상도동)",6950,조은노래연습장,126.934097934607,37.5020554314725
서울특별시 동작구 상도동 186-5번지 지하1층,"서울특별시 동작구 상도로 154  (상도동,지하1층)",,오디션노래연습장,,
서울특별시 동작구 상도동 337-15번지,서울특별시 동작구 상도로 101  (상도동),,5030 노래연습장,126.931561556124,37.5004977721076
서울특별시 동작구 상도동 208-33번지 지층,"서울특별시 동작구 양녕로27길 6 (상도동,지층)",,베토벤노래연습장,126.943473816708,37.498845951269
서울특별시 동작구 상도동 248-14 2층,"서울특별시 동작구 성대로1길 4 (상도동,2층)",,파크노래연습장,126.932751396867,37.5002264417514
서울특별시 동작구 상도동 188-40번지 지층,"서울특별시 동작구 상도로 148 (상도동,지층)",,디지털 노래연습장,126.935915680455,37.5027090299286
서울특별시 동작구 사당동 1032-33번지,서울특별시 동작구 동작대로3길 20 (사당동),,팬클럽노래연습장,126.980351915332,37.4784414536743
"서울특별시 동작구 신대방동 395-67번지 롯데타워 201호,202호 ","서울특별시 동작구 보라매로5길 51  (신대방동,롯데타워 201호,202호)",,파크 노래연습장,126.923271180059,37.4909420086406
서울특별시 동작구 상도동 492-13 지하 1층,"서울특별시 동작구 상도로62길 37 (상도동,지하 1층)",,고고노래연습장,126.953313283266,37.495890803822
서울특별시 동작구 사당동 1041-12번지 외 3,"서울특별시 동작구 동작대로1길 18 (사당동,외 3)",,열창 노래연습장,126.980318707705,37.4774604290224
서울특별시 동작구 사당동 1039-59번지 지층,"서울특별시 동작구 남부순환로271길 17 (사당동,지층)",,와와노래연습장,126.979936662007,37.4775751533846
서울특별시 동작구 사당동 139-1번지 5층,"서울특별시 동작구 동작대로27가길 6  (사당동,5층)",,프로방스 노래연습장,126.980969446517,37.4873051380436
서울특별시 동작구 사당동 1044-28 지층,"서울특별시 동작구 동작대로1길 33 (사당동,지층)",,파파코노래연습장,126.979522978355,37.4772062992001
서울특별시 동작구 사당동 1044-37번지 지층,"서울특별시 동작구 동작대로1길 27 (사당동,지층)",,원노래연습장,126.979871074889,37.4772086115373
서울특별시 동작구 상도동 365-1번지 지층,서울특별시 동작구 상도로 179 (상도동),6937,파파코노래연습장,126.938547350594,37.504803193551
서울특별시 동작구 사당동 139-55번지,서울특별시 동작구 동작대로27다길 11 (사당동),,파티파티 노래연습장,126.980577731521,37.4870184636297
서울특별시 동작구 상도동 315-8번지,서울특별시 동작구 성대로2길 9 (상도동),,명성노래연습장,126.931548790182,37.4992443752959
서울특별시 동작구 상도동 250-6번지,서울특별시 동작구 성대로 23  (상도동),,휠,126.932946211731,37.4996378351879
서울특별시 동작구 노량진동 44-16,서울특별시 동작구 노량진로 126 (노량진동),,비타민노래연습장,126.939680746379,37.5131717680502
서울특별시 동작구 사당동 268-4번지 지층,"서울특별시 동작구 사당로16가길 34 (사당동,지층)",,짱노래연습장,126.971647574877,37.4834211842526
서울특별시 동작구 사당동 1031-24번지 지하 2층,"서울특별시 동작구 동작대로3길 10 (사당동,지하 2층)",,해성 노래연습장,126.980824601943,37.4784618941439
서울특별시 동작구 상도동 210-36번지 지층,"서울특별시 동작구 양녕로26길 24  (상도동,지층)",,팡팡노래방(연소자실5),126.943908231997,37.4975765503763
서울특별시 동작구 상도동 505-3 지하,"서울특별시 동작구 사당로 24-1 (상도동,지하)",,고고씽R노래연습장,126.957132578501,37.4950715243841
서울특별시 동작구 흑석동 184-89번지 5통5반,,,아하,,
서울특별시 동작구 노량진동 36-3 지하1층,"서울특별시 동작구 노량진로8길 39, 지하1층 (노량진동)",6928,가수코인노래연습장,126.937511222115,37.5125948085533
서울특별시 동작구 상도동 324-57,"서울특별시 동작구 국사봉1길 21, 지층 (상도동, 광성빌딩)",7041,청개구리 노래연습장,126.92970202423,37.4990365999776
서울특별시 동작구 사당동 1031-27번지,"서울특별시 동작구 동작대로 21, 지층 (사당동, 양지빌딩)",7015,스타코인노래연습장,126.981362070757,37.4784816221514
서울특별시 동작구 사당동 257-27,"서울특별시 동작구 사당로17가길 16, 지층 (사당동, 영아탕(여관))",7004,이화노래연습장,126.973057051642,37.4840142876256
서울특별시 동작구 노량진동 95번지,"서울특별시 동작구 노량진로16길 16, 지층 (노량진동, 청암빌딩)",6922,SBS노래연습장,126.943485898065,37.5128243306674
서울특별시 동작구 상도동 504-6번지,"서울특별시 동작구 상도로61길 34, 지층 (상도동)",7027,비트코인동전노래연습장,126.956796440952,37.4947783945129
서울특별시 동작구 사당동 318-74번지,"서울특별시 동작구 사당로16길 15, 지층 (사당동)",7011,불놀이야노래연습장,126.973600083418,37.4827912008828
서울특별시 동작구 노량진동 119-144번지,"서울특별시 동작구 만양로 90-1 (노량진동, 예뜰미술학원)",6913,샤우팅노래연습장,126.944501000368,37.5115178153565
서울특별시 동작구 사당동 249-84번지 사당동B상가,"서울특별시 동작구 사당로 200, 사당동B상가 (사당동)",7009,코노코노 코인노래연습장,126.970395108209,37.4846936417148
서울특별시 동작구 상도동 314-16번지 2층,"서울특별시 동작구 성대로 18 (상도동, 도도음악학원)",7042,짱코인노래연습장,126.932491719625,37.4996236107452
서울특별시 동작구 노량진동 114-5,"서울특별시 동작구 노량진로 162 (노량진동, 한주실업)",6922,슈퍼밴드 코인 노래연습장,126.943957579056,37.5134071445935
서울특별시 동작구 대방동 336-6번지,서울특별시 동작구 상도로 82 (대방동),7041,준코인노래연습장,126.929701388226,37.4994737677406
서울특별시 동작구 사당동 1019-17 (지하1층),"서울특별시 동작구 사당로30길 91 (사당동,(지하1층))",,르네상스 노래연습장,126.980900225782,37.4807276743097
서울특별시 동작구 사당동 130-1번지 (지하1층),"서울특별시 동작구 동작대로27길 20-6 (사당동,(지하1층))",,허브 노래연습장,126.980890955267,37.4878288813327
서울특별시 동작구 상도동 324-7번지 (지하1층),"서울특별시 동작구 성대로2길 12 (상도동,(지하1층))",,어머나 노래연습장,126.931230488992,37.499444303876
서울특별시 동작구 상도1동 502-5번지,,,짱 노래연습장,,
서울특별시 동작구 사당동 1040-3 지하,"서울특별시 동작구 동작대로7길 59 (사당동,지하)",,앵콜 노래연습장,126.979200162207,37.4781786122893
서울특별시 동작구 사당동 1033-37번지,서울특별시 동작구 동작대로7길 44 (사당동),,25시노래방,126.979619492713,37.4789997752146
서울특별시 동작구 상도동 192-45 (지하1층),"서울특별시 동작구 상도로 140 (상도동,(지하1층))",,열린노래연습장,126.935210895959,37.502298597842
서울특별시 동작구 사당동 134-3번지,서울특별시 동작구 동작대로 123 (사당동),7008,뮤로이엔동전노래연습장,126.981874355001,37.4877506486014
서울특별시 동작구 흑석동 190-33,서울특별시 동작구 흑석로 85-5 (흑석동),6910,비트코인동전노래연습장,126.959175823917,37.5073939540013
서울특별시 동작구 흑석동 195-29번지 (지층),"서울특별시 동작구 흑석로 81-5  (흑석동,(지층))",,울트라모던2노래연습장,126.958527315059,37.5071697382642
서울특별시 동작구 사당동 246-7번지 지층,"서울특별시 동작구 사당로 192 (사당동,지층)",,라이브노래연습장,126.969522946282,37.485168161281
서울특별시 동작구 사당동 224-49번지 지층,"서울특별시 동작구 사당로16가길 97 (사당동,지층)",,모모노래연습장,126.968694925169,37.4849681011305
서울특별시 동작구 대방동 393-64번지 지하,"서울특별시 동작구 대방동길 4 (대방동,지하)",,오딧세이노래연습장,126.928164380104,37.5002010361225
서울특별시 동작구 노량진동 267-13 지층,"서울특별시 동작구 노량진로6길 6-9 (노량진동,지층)",,팡팡노래연습장,126.935325703831,37.5128961892768
서울특별시 동작구 상도동 22-1번지 지하1층,"서울특별시 동작구 만양로 11  (상도동,지하1층)",,장윤정 노래연습장,126.946901515612,37.5058646638827
서울특별시 동작구 사당동 138번지 지하1층,"서울특별시 동작구 동작대로27나길 21 (사당동,지하1층)",,별밤지기 노래연습장,126.980660156307,37.4865925706079
서울특별시 동작구 사당동 1041-14번지 2층,"서울특별시 동작구 동작대로1길 16 (사당동,2층)",,짱노래연습장,126.980472021282,37.4774215308471
서울특별시 동작구 사당동 265-30번지 지하1층,"서울특별시 동작구 사당로 222-1 (사당동,지하1층)",,K2 노래연습장,126.972443302318,37.4837872721169
서울특별시 동작구 사당동 265-12 지층,"서울특별시 동작구 사당로 229 (사당동,지층)",,궁전노래연습장,126.973408132195,37.4836610817032
서울특별시 동작구 노량진동 31-15번지 지하1층,"서울특별시 동작구 노량진로8길 3 (노량진동,지하1층)",,어시장 노래연습장,126.93649160368,37.5129296184414
서울특별시 동작구 사당동 135-3번지 외 1 7층,"서울특별시 동작구 동작대로 121  (사당동,외 1 7층)",,수노래연습장총신대점1,126.981886636778,37.4874603457045
서울특별시 동작구 사당동 135-3번지 외 1,"서울특별시 동작구 동작대로 121  (사당동,외 1)",,(주)에스알디컨티넨탈,126.981886636778,37.4874603457045
서울특별시 동작구 사당동 135-3번지 외 1 9층,"서울특별시 동작구 동작대로 121  (사당동,외 1 9층)",,수노래연습장총신대점3,126.981886636778,37.4874603457045
서울특별시 동작구 신대방동 361-55번지 지층,"서울특별시 동작구 여의대방로22길 78 (신대방동,지층)",,쿨노래연습장,126.924293682807,37.497706255944
서울특별시 동작구 노량진동 261-4번지 지층,"서울특별시 동작구 노량진로8길 20, 지층 (노량진동, 안정모치과)",6930,뮤직박스 코인노래연습장,126.936483162136,37.5126135416892
서울특별시 동작구 상도동 325-4번지 지층,"서울특별시 동작구 상도로 96  (상도동,지층)",,서울노래연습장,126.931383839639,37.4999361621243
서울특별시 동작구 사당동 1031-27번지 12통4반 지층,"서울특별시 동작구 동작대로 21  (사당동,지층)",,현대노래연습장,126.981362070757,37.4784816221514
서울특별시 동작구 노량진동 40-39번지,서울특별시 동작구 노량진로12길 12-6 (노량진동),,진진노래연습장,126.938081462097,37.5129335259683
서울특별시 동작구 흑석동 190-27번지 지층,"서울특별시 동작구 흑석로13가길 42 (흑석동,지층)",,코러스노래연습장,126.959542745979,37.5075605859504
서울특별시 동작구 사당동 144-16,서울특별시 동작구 동작대로25길 41 (사당동),,일번지노래연습장,126.980240663554,37.4853246023737
서울특별시 동작구 상도동 323-17번지 지층,"서울특별시 동작구 국사봉1길 12  (상도동,지층)",,i럭셔리노래연습장,126.929236790898,37.4987849415093
서울특별시 동작구 신대방동 395-69번지 보라매아카데미타워6층 601호,"서울특별시 동작구 보라매로5가길 16,  601호 (신대방동,보라매아카데미타워6층)",,스핑크스 노래연습장,126.924094714271,37.4912751024086
서울특별시 동작구 신대방동 692-52 지층,"서울특별시 동작구 대림로 12 (신대방동,지층)",,짱노래연습장,126.911886047135,37.4875468183154
서울특별시 동작구 상도동 328-10번지,서울특별시 동작구 국사봉1길 4  (상도동),,타임,126.928852981582,37.4987738088069
서울특별시 동작구 상도동 492-21번지,서울특별시 동작구 상도로62길 25 (상도동),,MBC 노래연습장,126.95356710306,37.4954276062051
서울특별시 동작구 상도동 256-43번지,서울특별시 동작구 성대로 46  (상도동),,뉴스타 노래연습장,126.933511778587,37.4987354368535
서울특별시 동작구 사당동 708-459,서울특별시 동작구 동작대로25길 40 (사당동),,탈렌트 노래연습장,126.980229304284,37.4855239035183
서울특별시 동작구 신대방동 694-10 지하 1층,"서울특별시 동작구 대림로 33-1 (신대방동,지하 1층)",,소원 노래연습장,126.909305752886,37.4870943618615
서울특별시 동작구 사당동 89-26 지층,"서울특별시 동작구 동작대로29가길 23 (사당동,지층)",,코리아 노래연습장,126.981414762205,37.4889526118304
서울특별시 동작구 상도1동 638-2번지 지하 1층,"서울특별시 동작구 양녕로 282-1 (상도1동,지하 1층)",,신바람노래연습장,126.950452188385,37.504405046349
서울특별시 동작구 사당동 1042-7 지하1층,"서울특별시 동작구 동작대로1길 12 (사당동,지하1층)",,네트노래연습장,126.980784965271,37.4773976152987
서울특별시 동작구 대방동 417-2 지상 2층,"서울특별시 동작구 여의대방로 134-1 (대방동,지상 2층)",,신바람2노래연습장,126.920710960087,37.4990283846892
서울특별시 동작구 사당동 254-5번지 지하,"서울특별시 동작구 사당로 218-1  (사당동,지하)",,테마파티 노래연습장,126.972164181139,37.4839929970419
서울특별시 동작구 대방동 416-3번지,서울특별시 동작구 여의대방로24가길 16 (대방동),,소리샘노래연습장,126.921175207741,37.4990085128352
서울특별시 동작구 노량진동 40-32번지 지층,"서울특별시 동작구 노량진로12길 8 (노량진동,지층)",,사계절노래연습장,126.938319662082,37.5129430210358
서울특별시 동작구 노량진동 258-42 지층,"서울특별시 동작구 노량진로8길 40 (노량진동,지층)",,파티파티노래연습장,126.937465103696,37.5124234131715
서울특별시 동작구 노량진동 41-5번지,서울특별시 동작구 노량진로 110 (노량진동),,SBS노래연습장,126.938038724901,37.5131853341731
서울특별시 동작구 상도동 368-14 지층,"서울특별시 동작구 상도로 178, 지층 (상도동, 최안과)",6956,뉴스타노래연습장,126.938750545876,37.5042981054139
서울특별시 동작구 노량진동 118-5,서울특별시 동작구 만양로 100 (노량진동),,OK,126.944401840416,37.5123857060582
서울특별시 동작구 사당동 1032-29,서울특별시 동작구 사당로30길 142 (사당동),,신세계노래연습장,126.980546001845,37.4785670864995
서울특별시 동작구 사당동 1043-9 외1(지하1층),"서울특별시 동작구 동작대로1길 9-1 (사당동,외1(지하1층))",,까치노래연습장,126.980868933106,37.4770813745569
서울특별시 동작구 사당동 152-2,서울특별시 동작구 사당로 279 (사당동),,해피데이,126.978469376611,37.4844375203764
서울특별시 동작구 상도동 502-4,"서울특별시 동작구 사당로 18, 지층 (상도동)",7027,리코스타 코인 노래연습장(숭실대2호점),126.956243783563,37.4952122060983
서울특별시 동작구 신대방동 607-14 지층,"서울특별시 동작구 신대방길 107 (신대방동,지층)",,따봉노래연습장,126.908483307937,37.4901307538599
서울특별시 동작구 노량진동 311-20번지 2층,"서울특별시 동작구 장승배기로 110-1 (노량진동,2층)",,앵콜노래연습장,126.940163219013,37.507428200355
서울특별시 동작구 노량진동 271-7 지하,"서울특별시 동작구 노량진로6길 18 (노량진동,지하)",,란노래연습장,126.93572833783,37.5122766083592
서울특별시 동작구 신대방동 350-9,서울특별시 동작구 보라매로 99 (신대방동),,무조건 노래연습장,126.927769476569,37.4981984895548
서울특별시 동작구 사당동 84-10번지 지층,"서울특별시 동작구 동작대로33가길 8  (사당동,지층)",,에이스노래연습장,126.981890681875,37.489907753932
서울특별시 동작구 사당동 89-69번지 지층,"서울특별시 동작구 동작대로29길 18  (사당동,지층)",,디노사이버,126.980996931051,37.4881647040882
서울특별시 동작구 사당동 1019-1,서울특별시 동작구 동작대로13길 7 (사당동),,태양노래방,126.980971114513,37.4816203153551
서울특별시 동작구 사당동 145-23번지,서울특별시 동작구 동작대로25길 9-8  (사당동),,열린노래연습장,126.981391291925,37.4860204577146
서울특별시 동작구 신대방동 607-24번지,서울특별시 동작구 신대방길 95  (신대방동),,훼미리노래방,126.90899764013,37.4897947150047
서울특별시 동작구 흑석동 181-11번지,서울특별시 동작구 흑석로 111  (흑석동),,S.F. 노래연습장,126.961227428565,37.508570997158
서울특별시 동작구 신대방동 362-31번지 지하1층,"서울특별시 동작구 여의대방로24길 30 (신대방동,지하1층)",,프라하 노래연습장,126.921826141155,37.4978168241412
서울특별시 동작구 상도동 463 지층,"서울특별시 동작구 상도로 321 (상도동,지층)",,골든벨노래연습장,126.951234405459,37.4994694821854
서울특별시 동작구 상도동 179-12번지 32통3반 2층,,,오백냥노래연습장,,
서울특별시 동작구 상도동 324-42번지 13통2반,서울특별시 동작구 국사봉1길 33  (상도동),,네박자노래연습장,126.930362165612,37.4991089813509
서울특별시 동작구 상도동 324-72번지,서울특별시 동작구 국사봉1길 11  (상도동),,궁전노래연습장,126.929243360392,37.4990136207961
서울특별시 동작구 상도동 347-10번지 22통5반 지하,"서울특별시 동작구 상도로 114 (상도동,지하)",,특급노래연습장,126.933067057266,37.5009570664864
서울특별시 동작구 사당동 89-10번지 지하1층,"서울특별시 동작구 동작대로29가길 20  (사당동,지하1층)",,으랏차차 노래연습장,126.981664103562,37.4888893099418
서울특별시 동작구 사당동 1041-11번지 지하1층,"서울특별시 동작구 남부순환로271길 14 (사당동,지하1층)",,보스노래연습장,126.980124605559,37.4774060656549
서울특별시 동작구 사당동 1041-36번지,서울특별시 동작구 사당로30길 148  (사당동),,제일노래연습장,126.980613005791,37.4782805765197
서울특별시 동작구 사당동 1038-25번지 지하,"서울특별시 동작구 동작대로7길 80  (사당동,지하)",,큐노래연습장,126.978300770962,37.4778739994415
서울특별시 동작구 사당동 1031-1번지 지층,"서울특별시 동작구 동작대로7길 11  (사당동,지층)",,호박노래연습장,126.980869476454,37.4798283721243
서울특별시 동작구 노량진동 309-19 2층,"서울특별시 동작구 장승배기로 118 (노량진동,2층)",,에이스노래연습장,126.940265231044,37.5080021019545
서울특별시 동작구 신대방동 607-58번지 2층,"서울특별시 동작구 신대방길 113 (신대방동,2층)",,땡큐노래연습장,126.908257113028,37.4902604135827
서울특별시 동작구 사당동 86-9 지층,"서울특별시 동작구 동작대로 129 (사당동,지층)",,SBS노래연습장,126.981882930793,37.4882917952892
서울특별시 동작구 사당동 1045-8번지 지층,"서울특별시 동작구 남부순환로 2061 (사당동,지층)",,알파고노래연습장,126.977787556475,37.4769040573805
서울특별시 동작구 사당동 139-72 지층,"서울특별시 동작구 동작대로27가길 12 (사당동,지층)",,K2 노래연습장,126.980965877503,37.4871110603306
서울특별시 동작구 상도동 365-2 지하1층,서울특별시 동작구 상도로 174 (상도동),6956,앵무새노래연습실(연소자실2),126.938418532982,37.5042527924312
서울특별시 동작구 신대방동 607-5번지,서울특별시 동작구 시흥대로 658 (신대방동),,청개구리노래연습장,126.908076731256,37.4903749716012
서울특별시 동작구 신대방동 694-1번지 지층,"서울특별시 동작구 대림로 41  (신대방동,지층)",,평화노래연습장,126.908515095034,37.4874311796859
서울특별시 동작구 본동 203-0번지,서울특별시 동작구 노량진로18길 31 (본동),,나룻터노래연습장,,
서울특별시 동작구 노량진동 117-24번지,서울특별시 동작구 만양로 104  (노량진동),,짱노래연습장,126.944489643789,37.5128015607415
서울특별시 동작구 사당동 139-71 (지층),"서울특별시 동작구 동작대로27가길 11 (사당동,(지층))",,오디션 노래연습장,126.98124369234,37.4871055185114
서울특별시 동작구 사당동 139-52번지 지층,"서울특별시 동작구 동작대로27다길 9  (사당동,지층)",,쿨노래연습장(연소자실7),126.980580854639,37.4871839793282
서울특별시 동작구 사당동 168-63번지 지층,"서울특별시 동작구 사당로23길 148 (사당동,지층)",,아하노래연습장,,
서울특별시 동작구 사당동 317-1번지 지층,"서울특별시 동작구 사당로16길 21  (사당동,지층)",,시작 노래연습장,126.973286797415,37.4824358627132
서울특별시 동작구 신대방동 588-6 지층,"서울특별시 동작구 신대방길 116 (신대방동,지층)",,골드노래연습장,126.908309569171,37.4905466142209
서울특별시 동작구 사당동 132-15,서울특별시 동작구 동작대로27길 16-4 (사당동),,파티노래연습장,126.98128887869,37.4877261400122
서울특별시 동작구 사당동 265-18번지 지층,"서울특별시 동작구 사당로 229-1 (사당동,지층)",,불타는노래연습장,126.973508642889,37.4836726371922
서울특별시 동작구 사당동 265-47번지 지층,"서울특별시 동작구 사당로16길 18 (사당동,지층)",,스타노래연습장,126.973227566476,37.4827130897035
서울특별시 동작구 대방동 417-2번지,서울특별시 동작구 여의대방로 134-1  (대방동),,신바람노래연습장,126.920710960087,37.4990283846892
서울특별시 동작구 신대방동 395-69번지 보라매아카데미타워,"서울특별시 동작구 보라매로5가길 16  (신대방동,보라매아카데미타워)",,홍콩노래연습장,126.924094714271,37.4912751024086
서울특별시 동작구 신대방동 344-40,서울특별시 동작구 보라매로 67 (신대방동),,원 노래연습장,126.927232306937,37.4954085539035
서울특별시 동작구 상도1동 747-3번지,서울특별시 동작구 상도로 274  (상도1동),,KBS노래연습장,126.947490135764,37.5028783645425
서울특별시 동작구 상도1동 792-0 지하,서울특별시 동작구 상도로41길 7 (상도1동),6968,보가코인 노래연습장,126.949516202338,37.5017197435625
서울특별시 동작구 상도동 365-7번지 지층,"서울특별시 동작구 상도로15길 120 (상도동,지층)",,자기야노래연습장,126.937339433799,37.5045833444076
서울특별시 동작구 사당동 1041-5번지 지하 1층,"서울특별시 동작구 남부순환로271길 24  (사당동,지하 1층)",,라이브노래연습장,126.980214576913,37.4779140699266
서울특별시 동작구 상도1동 793-1번지 지층,서울특별시 동작구 상도로 293 (상도1동),6968,나가수노래연습장,126.949349110112,37.5016338061861
서울특별시 동작구 노량진동 258-20 지층,서울특별시 동작구 노량진로10길 28 (노량진동),6930,베토벤노래연습장,126.937437835801,37.5121629184451
서울특별시 동작구 사당동 1031-30번지 지하 1층,서울특별시 동작구 동작대로 29 (사당동),7015,궁전노래연습장,,
서울특별시 동작구 신대방동 690-8 지하 1층,서울특별시 동작구 대림로 40-1 (신대방동),7070,청와대노래연습장,126.908950357189,37.4875736048432
서울특별시 동작구 사당동 132-20번지,"서울특별시 동작구 동작대로27길 16-5, 2층 (사당동)",7008,락휴코인노래연습장이수점,126.981008338888,37.4877670911129
서울특별시 동작구 상도동 190-3,"서울특별시 동작구 상도로 136, 지층 (상도동)",6959,월드노래연습장,126.935032328128,37.502161006311
서울특별시 동작구 대방동 416-4번지,"서울특별시 동작구 여의대방로24가길 22, 3층 (대방동)",7055,일번지노래연습장,126.921168663875,37.4992091625135
서울특별시 동작구 상도동 363-11,"서울특별시 동작구 등용로 9, 지하1층 (상도동)",6949,쟁반노래연습장,126.936986471116,37.5049732919265
서울특별시 동작구 상도동 255-3번지,"서울특별시 동작구 성대로 35, 2층 (상도동)",6960,딱이야노래연습장,126.933368508737,37.4992307292974
서울특별시 동작구 사당동 1006-10,"서울특별시 동작구 동작대로23길 17, 지층 (사당동)",7013,나성 노래연습장,126.980728861047,37.4841128266479
서울특별시 동작구 흑석동 195-17,"서울특별시 동작구 흑석로 81, 3층 (흑석동)",6910,잇츠코인노래연습장,126.958601000146,37.5070670495441
서울특별시 동작구 신대방동 345-3번지 2호2층,"서울특별시 동작구 보라매로 93 (신대방동, 2호 2층)",7060,필하모니노래연습장,126.927714337339,37.4977975981503
서울특별시 동작구 신대방동 361-3 지하,"서울특별시 동작구 여의대방로24길 52 (신대방동,지하)",,청춘 노래연습장,126.923162309005,37.4979856483328
서울특별시 동작구 사당동 139-30번지 지하 1층,"서울특별시 동작구 동작대로27길 5 (사당동,지하 1층)",,리코스타 코인노래연습장 이수점,126.981491819978,37.48735441607
서울특별시 동작구 신대방동 347-2번지 지하 1층,"서울특별시 동작구 국사봉길 12 (신대방동,지하 1층)",,끌리오노래연습장,126.928697264633,37.4985308036648
서울특별시 동작구 흑석동 190-35,"서울특별시 동작구 흑석로9길 7, 지층 (흑석동)",6910,RICOSTAR코인노래연습장 중앙대점,126.959736016421,37.5075963317812
서울특별시 동작구 상도동 502-1번지,"서울특별시 동작구 상도로67길 31, 지층 (상도동)",7027,RICOSTAR코인노래연습장 숭실대점,126.956405826345,37.495025036791
서울특별시 동작구 상도1동 702번지 주유노빌딩,"서울특별시 동작구 상도로 264, 주유노빌딩 B1호 (상도1동)",6965,Zicoin노래연습장,126.947126393377,37.5035655794162
서울특별시 동작구 상도동 505-4,서울특별시 동작구 사당로 24 (상도동),7027,숭실코인노래연습장,126.95702853765,37.4950806768557
서울특별시 동작구 노량진동 73-3,"서울특별시 동작구 노량진로 152-1, 지하1층 (노량진동)",6922,락휴 코인노래연습장(노량진점),126.942857209421,37.5134559023022
서울특별시 관악구 신림동 620-3,"서울특별시 관악구 난곡로 194, 지하1층 (신림동)",8854,궁전 노래연습장,126.919608982564,37.4722697720366
서울특별시 관악구 신림동 538-1,"서울특별시 관악구 난곡로 317, 3층 (신림동)",8767,난사 노래연습장,126.91425577063,37.4823160470791
서울특별시 관악구 신림동 1433-76번지 2층,"서울특별시 관악구 남부순환로 1597-11, 2층 (신림동)",8759,와드 코인 노래연습장,126.927594204434,37.4845969569718
서울특별시 관악구 봉천동 1680-31번지,"서울특별시 관악구 남부순환로 1905, 지하1층 (봉천동)",8742,베스타코인노래연습장,126.9611391649,37.4783183942378
서울특별시 관악구 봉천동 1686-23,"서울특별시 관악구 남부순환로 1927, 지하1층 (봉천동)",8801,코인스타 코인 노래연습장,126.963446067997,37.4774384837956
서울특별시 관악구 봉천동 931-2번지 정원빌딩,"서울특별시 관악구 남부순환로 1727-7, 정원빌딩 지하1층 (봉천동)",8757,수아노래연습장,126.942047558993,37.4828843645842
서울특별시 관악구 봉천동 952-11번지,"서울특별시 관악구 은천로 35, 지하1층 (봉천동)",8717,카드OK코인노래연습장,126.939238906026,37.4864179696983
서울특별시 관악구 봉천동 944-33번지,"서울특별시 관악구 남부순환로 1711, 지1층 (봉천동)",8757,코캉스코인노래연습장,126.940485895128,37.4832029958243
서울특별시 관악구 신림동 1432-79 WD호텔,"서울특별시 관악구 신림로 349, 지하1층 (신림동)",8760,해롱이 노래연습장,126.929191982615,37.4855159626231
서울특별시 관악구 봉천동 860-19,"서울특별시 관악구 봉천로 471-1, 지하1층 (봉천동)",8745,팡팡 노래연습장,126.952523992536,37.4824412374072
서울특별시 관악구 봉천동 927-21 주원빌딩,"서울특별시 관악구 남부순환로 1734, 주원빌딩 지하2층 (봉천동)",8784,용가리,126.942772870325,37.4819856916434
서울특별시 관악구 봉천동 1569-2번지 3층,"서울특별시 관악구 관악로 153, 3층 (봉천동)",8787,세븐스타코인노래연습장서울대입구점,126.952039897314,37.4790158562216
서울특별시 관악구 신림동 614-18 지하1층,"서울특별시 관악구 법원단지길 12, 지하1층 (신림동)",8849,아리랑 노래연습장,126.91856896247,37.473918899305
서울특별시 관악구 신림동 1640-8 2층,"서울특별시 관악구 남부순환로 1608, 2층 (신림동)",8776,세븐스타코인노래연습장 신림역점,126.929180600544,37.4839187384192
서울특별시 관악구 남현동 1060-11,"서울특별시 관악구 과천대로 955, 지하1층 (남현동)",8806,세븐틴코인노래연습장 사당역점,126.981163275417,37.4759416445717
서울특별시 관악구 신림동 1433-49 지하1층,"서울특별시 관악구 남부순환로 1601, 지하1층 (신림동)",8759,별코인 노래연습장,126.928466170334,37.4843618744481
서울특별시 관악구 봉천동 862-1 에그엘로우 15층 15006호,"서울특별시 관악구 남부순환로 1820, 에그엘로우 15층 15006호 (봉천동)",8787,오투 노래연습장 2,126.952083773717,37.4809479979455
서울특별시 관악구 신림동 1517-16 지하1층,"서울특별시 관악구 대학길 30, 지하1층 (신림동)",8813,룰루랄라,126.937672295301,37.4694479037512
서울특별시 관악구 신림동 517-50 지하1층,"서울특별시 관악구 난곡로 366, 지하1층 (신림동)",8702,고고노래연습장,126.913798991428,37.4866504653066
서울특별시 관악구 봉천동 952-13 2층,"서울특별시 관악구 은천로 33, 2층 (봉천동)",8717,스타노래연습장,126.938966238525,37.4863500733487
서울특별시 관악구 신림동 1430-5 2층,"서울특별시 관악구 신림로 381, 2층 (신림동)",8707,팡팡,126.928253949209,37.4881413844075
서울특별시 관악구 신림동 241-76번지 지하1층,"서울특별시 관악구 대학5길 21, 지하1층 (신림동)",8814,인터넷,126.938918324769,37.4693700763807
서울특별시 관악구 신림동 1434-7 지하1층,"서울특별시 관악구 신림로65길 38, 지하1층 (신림동)",8760,풀잎,126.927350774233,37.4849454977377
서울특별시 관악구 신림동 1638-16번지 지하1층,"서울특별시 관악구 신림로 315, 지하1층 (신림동)",8776,뮤직스테이션,126.929627531813,37.4824892851521
서울특별시 관악구 신림동 1596-5,"서울특별시 관악구 신원로3길 32, 지하1층 (신림동)",8774,씽씽,126.926907864108,37.4823038282294
서울특별시 관악구 신림동 1422-22,"서울특별시 관악구 남부순환로 1625, 지하1층 (신림동)",8754,뮤직비 노래연습장,126.931176647175,37.4846682955318
서울특별시 관악구 신림동 526-1번지 지하1층,"서울특별시 관악구 남부순환로149길 10, 지하1층 (신림동)",8761,체인지,126.916122806332,37.4826959910476
서울특별시 관악구 신림동 528-36번지 지하1층,"서울특별시 관악구 난곡로66길 21, 지하1층 (신림동)",8761,하모니 노래연습장,126.915578530041,37.4827863349628
서울특별시 관악구 봉천동 1611-30번지 지하1층,"서울특별시 관악구 남부순환로230길 20, 지하1층 (봉천동)",8788,샛별,126.955344145379,37.479179783403
서울특별시 관악구 봉천동 1625-16번지 지하1층,"서울특별시 관악구 낙성대로 24, 지하1층 (봉천동)",8790,서울,126.958770567715,37.4763596076737
서울특별시 관악구 신림동 478-26번지 지하1층,"서울특별시 관악구 관천로19길 75, 지하1층 (신림동)",8704,뉴월드,126.917820568559,37.4869276879362
서울특별시 관악구 봉천동 1634-9 지하1층,"서울특별시 관악구 봉천로 616, 지하1층 (봉천동)",8793,행운노래연습장,126.965487417133,37.475434621439
서울특별시 관악구 신림동 1669-8번지,"서울특별시 관악구 남부순환로 1387, 지하1층 (신림동)",8765,열창 노래연습장,126.904870692394,37.4803152917303
서울특별시 관악구 신림동 1519-21 지하1층,"서울특별시 관악구 호암로24길 51, 지하1층 (신림동)",8813,우주노래연습장,126.936045199345,37.4695183042661
서울특별시 관악구 신림동 1410-17 2층,"서울특별시 관악구 남부순환로 1645, 2층 (신림동)",8755,SBS동영상,126.933588301198,37.4849849385326
서울특별시 관악구 신림동 1655-16번지 지하1층,"서울특별시 관악구 시흥대로 560, 지하1층 (신림동)",8769,개구리 노래연습장,126.901999065663,37.4829262301224
서울특별시 관악구 신림동 1640-31 2층,"서울특별시 관악구 신림로59길 14, 2층 (신림동)",8776,앤 노래연습장,126.928776084349,37.4832898616637
서울특별시 관악구 신림동 1432-64번지 2층,"서울특별시 관악구 신림로67길 9, 2층 (신림동)",8760,용가리,126.928812032161,37.4860376883057
서울특별시 관악구 신림동 242-44 지하1층,"서울특별시 관악구 신림로11길 41, 지하1층 (신림동)",8814,봉봉,126.938899363812,37.4686383557641
서울특별시 관악구 봉천동 1540-24 대아빌딩,"서울특별시 관악구 쑥고개로 62-1, 대아빌딩 지하1층 (봉천동)",8830,둘리,126.943330835716,37.4794377270375
서울특별시 관악구 봉천동 1627-7,"서울특별시 관악구 낙성대로 8, 지하1층 (봉천동)",8789,낙성대,126.959246043436,37.4778709458685
서울특별시 관악구 신림동 601-9 지하1층,"서울특별시 관악구 난우길 26-1, 지하1층 (신림동)",8850,우성,126.918361349771,37.4753182044152
서울특별시 관악구 신림동 518-3번지 지하1층,"서울특별시 관악구 신사로 92, 지하1층 (신림동)",8701,우정 노래연습장,126.913007568349,37.4865960049563
서울특별시 관악구 신림동 1659-30 지하1층,"서울특별시 관악구 조원중앙로 9, 지하1층 (신림동)",8769,수 노래연습장,126.904459257231,37.4807672661597
서울특별시 관악구 신림동 94-139번지 지하1층,"서울특별시 관악구 쑥고개로 3, 지하1층 (신림동)",8783,카멜레온,126.937673380473,37.4773986873012
서울특별시 관악구 신림동 1431-16 3층,"서울특별시 관악구 신림로 359, 3층 (신림동)",8760,엔젤스코인노래연습장(신림점),126.929067283516,37.4863376072077
서울특별시 관악구 봉천동 1634-1 지층,"서울특별시 관악구 봉천로 606, 지층 (봉천동)",8793,헤라노래연습장,126.964478230112,37.4758416688945
서울특별시 관악구 봉천동 1658-15 지하1층,"서울특별시 관악구 봉천로 599, 지하1층 (봉천동)",8793,엄지척노래연습장,126.963990732463,37.476338428203
서울특별시 관악구 신림동 409-4,"서울특별시 관악구 신림로 255, 지하`층 (신림동)",8844,로하스 노래연습장,126.932742129152,37.4777715239385
서울특별시 관악구 봉천동 910-20번지 지하1층,"서울특별시 관악구 양녕로 17, 지하1층 (봉천동)",8752,라라노래연습장,126.946363522801,37.4837043382898
서울특별시 관악구 신림동 1432-68번지 지상2층,"서울특별시 관악구 신림로67길 5, 2층 (신림동)",8760,24시,126.928946319973,37.4860774134975
서울특별시 관악구 신림동 1637-7 지하1층,"서울특별시 관악구 신림로 305, 지하1층 (신림동)",8776,샛별노래연습장,126.929722982285,37.4816174358534
서울특별시 관악구 신림동 527-5번지 지하1층,"서울특별시 관악구 난곡로66길 12, 지하1층 (신림동)",8761,카라 노래연습장,126.91503253072,37.4825000535711
서울특별시 관악구 봉천동 924-35 지하1층,"서울특별시 관악구 봉천로 393, 지하1층 (봉천동)",8752,싱싱노래연습장,126.943784005485,37.4833203005892
서울특별시 관악구 봉천동 963-8 2층,"서울특별시 관악구 은천로 1, 2층 (봉천동)",8719,ABC노래연습장,126.935397169098,37.4865344140628
서울특별시 관악구 봉천동 927-5 지하1층,"서울특별시 관악구 남부순환로 1730, 지하1층 (봉천동)",8784,윙크노래연습장,126.942250799054,37.4820661680091
서울특별시 관악구 신림동 517-11번지 지하1층,"서울특별시 관악구 난곡로 368, 지하1층 (신림동)",8702,빅토리,126.913752282818,37.4868566719231
서울특별시 관악구 남현동 1062-1 3층 4호,"서울특별시 관악구 남현1길 40, 3층 4호 (남현동)",8806,짱노래연습장,126.979713536137,37.4757308385713
서울특별시 관악구 신림동 566-8 지하1층,"서울특별시 관악구 남부순환로 1403, 지하1층 (신림동)",8765,궁전노래연습장,126.906486814893,37.4806427470477
"서울특별시 관악구 봉천동 1658-10 지하1층, 좌측 ","서울특별시 관악구 봉천로 593, 지하1층 (봉천동, 좌측)",8793,청개구리,126.963432692238,37.4765826106448
서울특별시 관악구 신림동 528-28 2층,"서울특별시 관악구 난곡로66길 15, 2층 (신림동)",8761,정,126.915263946329,37.4827222282651
서울특별시 관악구 신림동 1587-34번지 2층,"서울특별시 관악구 관천로 19, 2층 (신림동)",8774,로얄노래연습장,126.928218754074,37.4817908767576
서울특별시 관악구 봉천동 894-16번지 지층,"서울특별시 관악구 청룡길 9, 지층 (봉천동)",8786,영노래연습장,126.946522694417,37.4815170316646
서울특별시 관악구 봉천동 1632-5 지하1층,"서울특별시 관악구 봉천로 600, 지하1층 (봉천동)",8793,쏭쏭 노래연습장,126.963677000575,37.4761196571183
서울특별시 관악구 신림동 1649-25,"서울특별시 관악구 조원로 43, 지하1층 (신림동)",8700,윙크 노래연습장,126.907375319069,37.4837872459014
서울특별시 관악구 신림동 1432-73 3층,"서울특별시 관악구 신림로 353, 3층 (신림동)",8760,샵인,126.929190502039,37.485766892503
서울특별시 관악구 신림동 500-2번지 지하1층,"서울특별시 관악구 난곡로78길 28, 지하1층 (신림동, 신세계도시형생활주택)",8702,하이난노래연습장,126.915157178588,37.4868532742098
서울특별시 관악구 신림동 1535-15번지 지하1층,"서울특별시 관악구 호암로22길 49, 지하1층 (신림동)",8813,전국노래자랑,126.935472786288,37.4688141235227
서울특별시 관악구 신림동 529-13,"서울특별시 관악구 난곡로 332, 지하1층 (신림동)",8761,별빛노래연습장,126.914419693814,37.4836205558833
서울특별시 관악구 신림동 1422-11,"서울특별시 관악구 남부순환로 1631-1, 지하1층 (신림동)",8754,파티 노래연습장,126.932009130194,37.4848212281323
서울특별시 관악구 봉천동 1611-24,"서울특별시 관악구 남부순환로230길 14, 지하1층 (봉천동)",8788,샤로수 노래연습장,126.955301475135,37.4794489888224
서울특별시 관악구 신림동 1644-7번지 지하1층,"서울특별시 관악구 조원로 11, 지하1층 (신림동)",8700,큐 노래연습장,126.903717864994,37.4836288980809
서울특별시 관악구 신림동 1644-5 지상2층,"서울특별시 관악구 조원로 7, 2층 (신림동)",8700,스카이 노래연습장,126.903296803507,37.4836349513621
서울특별시 관악구 봉천동 853-2 준빌딩,"서울특별시 관악구 관악로16길 13, 준빌딩 지하1층 (봉천동)",8788,타임노래연습장,126.953453156798,37.4804180312521
서울특별시 관악구 봉천동 1685-20 지하1층,"서울특별시 관악구 남부순환로 1913, 지하1층 (봉천동)",8742,청와대 노래연습장,126.962024579044,37.4779659369405
서울특별시 관악구 봉천동 972-1 지하1층,"서울특별시 관악구 보라매로 7, 지하1층 (봉천동)",8708,시티노래연습장,126.927381721873,37.490118923594
서울특별시 관악구 신림동 1639-26,"서울특별시 관악구 남부순환로176길 6, 2층 (신림동)",8776,차차차,126.92816860269,37.4836301652014
서울특별시 관악구 봉천동 930-1,"서울특별시 관악구 남부순환로 1726, 3층 (봉천동)",8784,한마음,126.94179717933,37.482082523984
서울특별시 관악구 봉천동 862-3번지 지하1층,"서울특별시 관악구 관악로 173, 지하1층 (봉천동)",8787,슈가,126.952254874294,37.4807083087218
서울특별시 관악구 신림동 537-33번지 2층 우측,"서울특별시 관악구 난곡로65길 2, 2층 우측 (신림동)",8767,유정,126.914026607268,37.482500136799
서울특별시 관악구 봉천동 941-21 지하1층,"서울특별시 관악구 은천로 38, 지하1층 (봉천동)",8749,버즈노래연습장,126.93942599805,37.4860441474069
서울특별시 관악구 봉천동 1657-18번지 지하1층,"서울특별시 관악구 봉천로 611, 지하1층 (봉천동)",8793,수 노래연습장,126.965074664097,37.4759162701
서울특별시 관악구 신림동 94-258번지 2층,"서울특별시 관악구 신림로 216, 2층 (신림동)",8828,오디션노래연습장,126.937592508219,37.4767640636308
서울특별시 관악구 신림동 246-33번지 지하1층,"서울특별시 관악구 대학길 39-4, 지하1층 (신림동)",8814,OK 노래연습장,126.937984398622,37.4689125973019
서울특별시 관악구 신림동 1669-10번지 지하1층,"서울특별시 관악구 남부순환로 1383, 지하1층 (신림동)",8765,파티 노래연습장,126.904469638268,37.4802505460195
서울특별시 관악구 남현동 1060-2,"서울특별시 관악구 남현1길 47, 4층 (남현동)",8806,궁노래연습장,126.980145439681,37.4760034673992
서울특별시 관악구 신림동 11-41번지 지층,"서울특별시 관악구 남부순환로 1622, 지층 (신림동)",8777,짱 노래연습장,126.93084876383,37.4841673236479
서울특별시 관악구 봉천동 1658-10 지하1층 2호(우측),"서울특별시 관악구 봉천로 593, 지하1층 2호 (봉천동, 형제빌딩)",8793,초이스노래연습장,126.963432692238,37.4765826106448
서울특별시 관악구 봉천동 1657-19번지 지하1층,"서울특별시 관악구 봉천로 609, 지하1층 (봉천동)",8793,우정,126.964917828088,37.4759827181586
서울특별시 관악구 봉천동 1687-23 우송빌딩,"서울특별시 관악구 남부순환로 1937, 우송빌딩 지하1층 (봉천동)",8801,짝꿍댕이,126.964677712885,37.4769217690137
서울특별시 관악구 봉천동 1656-28 지하1층,"서울특별시 관악구 인헌길 12, 지하1층 (봉천동)",8793,팝콘 노래연습장,126.966797487556,37.4751406369046
서울특별시 관악구 남현동 1057-23,"서울특별시 관악구 남부순환로 2060, 지하1층 (남현동)",8805,앵콜,126.977525428045,37.476374033919
서울특별시 관악구 신림동 1514-9,"서울특별시 관악구 호암로26길 1, 지하1층 (신림동)",8812,도레미,126.933898672188,37.4709918069211
서울특별시 관악구 신림동 517-3번지 3층,"서울특별시 관악구 신사로 104, 3층 (신림동, 혜성빌딩)",8702,오렌지,126.91395890169,37.4871172138433
서울특별시 관악구 신림동 1604-37번지 성신빌딩 지하1층,"서울특별시 관악구 신원로 13, 지하1층 (신림동)",8774,월드컵,126.927698678963,37.4804889623084
서울특별시 관악구 신림동 241-110 지하1층,"서울특별시 관악구 대학5길 13, 지하1층 (신림동)",8814,클라스코인노래연습장,126.938502567393,37.4693500385041
서울특별시 관악구 신림동 1639-23 지하1층,"서울특별시 관악구 남부순환로 1596, 지하1층 (신림동)",8776,조아 코인노래연습장,126.928093624319,37.4837651807575
서울특별시 관악구 신림동 529-8번지,"서울특별시 관악구 난곡로 320, 4층 (신림동, 세인빌딩)",8761,세븐스타코인노래연습장,126.914620577796,37.4826553607747
서울특별시 관악구 봉천동 1626-29 지하1층,"서울특별시 관악구 봉천로62길 10, 지하1층 (봉천동)",8789,SBS노래연습장,126.95868222141,37.4774792614353
서울특별시 관악구 봉천동 1685-14,"서울특별시 관악구 남부순환로 1907, 지하1층 (봉천동)",8742,비트코인,126.961376517086,37.4782296325366
서울특별시 관악구 신림동 518-38번지 지하1층,"서울특별시 관악구 난곡로 359, 지하1층 (신림동)",8701,가수코인노래연습장,126.913488126277,37.48609440629
서울특별시 관악구 봉천동 1603-3 지하1층,"서울특별시 관악구 남부순환로226길 31, 지하1층 (봉천동, 청운고시텔)",8788,샤로스타코인노래연습장,126.953773403418,37.4792187336193
서울특별시 관악구 봉천동 857-5번지 지하1층,"서울특별시 관악구 관악로 174, 지하1층 (봉천동)",8788,스타버스코인 노래연습장,126.952973957665,37.480678953914
서울특별시 관악구 남현동 1061-1,"서울특별시 관악구 승방2길 39, 지하1층 (남현동)",8806,영상,126.98089901545,37.4757106733343
서울특별시 관악구 신림동 542-15 지하1층,"서울특별시 관악구 남부순환로143길 16, 지하1층 (신림동)",8767,K2 노래연습장,126.910877758611,37.4820564895862
서울특별시 관악구 신림동 1433-74 지하1층,"서울특별시 관악구 남부순환로 1597-15, 지하1층 (신림동)",8759,궁,126.92752794785,37.4847136870226
서울특별시 관악구 신림동 1635-64번지 지하1층,"서울특별시 관악구 신원로 8, 지하1층 (신림동)",8775,명품노래연습장,126.928079334952,37.4800355366177
서울특별시 관악구 봉천동 881-28 지하1층,"서울특별시 관악구 남부순환로214길 41, 지하1층 (봉천동)",8786,우정,126.947541880769,37.4798314304563
서울특별시 관악구 봉천동 963-10번지 2층,"서울특별시 관악구 은천로 3, 2층 (봉천동)",8719,앵콜,126.935639375254,37.4865207608295
서울특별시 관악구 신림동 528-25번지 지하1층,"서울특별시 관악구 난곡로66길 11, 지하1층 (신림동)",8761,팡팡 노래연습장,126.91508012749,37.4827023642044
서울특별시 관악구 신림동 763-20,"서울특별시 관악구 난곡로 247, 지하1층 (신림동)",8864,용 노래연습장,126.915770311901,37.47611531101
서울특별시 관악구 봉천동 931-10,서울특별시 관악구 남부순환로 1713-20 (봉천동),8757,24시 노래연습장,126.94098414386,37.4832355018541
서울특별시 관악구 신림동 1640-46 지하1층,"서울특별시 관악구 신림로59길 8, 지하1층 (신림동)",8776,S노래연습장,126.929370338491,37.4831829082846
서울특별시 관악구 봉천동 702-108 동방파레스 21호,"서울특별시 관악구 보라매로3길 17, 21호 (봉천동, 동방파레스)",8708,공원,126.926195745169,37.4913182403557
서울특별시 관악구 신림동 668-3,"서울특별시 관악구 난곡로 85, 지하1층 (신림동)",8859,정 노래연습장,126.918699910093,37.4631348825143
서울특별시 관악구 봉천동 1602-1번지 지하1층,"서울특별시 관악구 관악로16길 26, 지하1층 (봉천동)",8788,고래,126.953976180577,37.4800366587974
서울특별시 관악구 신림동 518-5번지 지하1층,"서울특별시 관악구 신사로 90, 지하1층 (신림동)",8701,발리,126.912799571383,37.4864551141882
서울특별시 관악구 신림동 1432-95번지,서울특별시 관악구 신림로65길 16 (신림동),8760,발리,126.928504709959,37.4852091158504
서울특별시 관악구 봉천동 875-14번지 지하1층,"서울특별시 관악구 관악로17길 32, 지하1층 (봉천동)",8786,별,126.949948413888,37.4810856878466
서울특별시 관악구 신림동 1517-20 지하1층,"서울특별시 관악구 대학길 16, 지하1층 (신림동)",8813,BE 노래연습장,126.937899701248,37.470040077553
서울특별시 관악구 신림동 1585-1,"서울특별시 관악구 남부순환로172길 7, 지하1층 (신림동)",8774,장수,126.925373033363,37.4832148696379
서울특별시 관악구 신림동 617-5번지 지하1층,"서울특별시 관악구 난곡로 202, 지하1층 (신림동)",8854,딩가딩가,126.919154714755,37.4730432495559
서울특별시 관악구 신림동 1410-15,"서울특별시 관악구 남부순환로 1647, 지하1층 (신림동)",8755,특급,126.933768410023,37.4849926982048
서울특별시 관악구 신림동 1433-128,"서울특별시 관악구 신림동7길 46, 지하1층 (신림동)",8759,영,126.926628443209,37.4850065001339
서울특별시 관악구 신림동 518-1 지하 1층,"서울특별시 관악구 난곡로 367, 지하1층 (신림동, 경신빌딩)",8701,특급,126.913354117853,37.4867009567317
서울특별시 관악구 봉천동 888-34,"서울특별시 관악구 양녕로 42, 지하1층 (봉천동)",8747,둘리,126.947087251957,37.4857887870539
서울특별시 관악구 남현동 1060-5,"서울특별시 관악구 남현1길 53, 3층 (남현동)",8806,밀레니엄,126.980572342042,37.4759550640351
서울특별시 관악구 신림동 1628-81 지하1층,"서울특별시 관악구 신원로1길 1, 지하1층 (신림동)",8774,둘리,126.927804196413,37.4801028543936
서울특별시 관악구 신림동 487-3번지 2층,"서울특별시 관악구 남부순환로161길 3, 2층 (신림동)",8762,남부,,
서울특별시 관악구 신림동 519-15번지 지상 2층,"서울특별시 관악구 난곡로75길 7, 2층 (신림동)",8701,놀러와,126.913311886772,37.4856731459643
서울특별시 관악구 봉천동 926-36번지 지하1층,"서울특별시 관악구 남부순환로 1729, 지하1층 (봉천동)",8757,코인쏭동전노래연습장,126.942236041763,37.4825836100965
서울특별시 관악구 봉천동 33-3,"서울특별시 관악구 관악로 222, 지하1층 (봉천동)",8737,아담,126.955533502141,37.4843576823304
서울특별시 관악구 신림동 1433-67번지 지하1층,"서울특별시 관악구 남부순환로 1597-12, 지하1층 (신림동)",8759,필링,126.927898614686,37.484677603172
서울특별시 관악구 봉천동 851-33번지 2층,"서울특별시 관악구 봉천로 485, 2층 (봉천동)",8737,둥지,126.953900504959,37.4821241769139
서울특별시 관악구 신림동 1654-15번지 로얄빌딩 지하1층,"서울특별시 관악구 조원로 16, 지하1층 (신림동)",8769,SBS 노래연습장,126.903987072292,37.4832756515884
서울특별시 관악구 신림동 1635-80 지하1층,"서울특별시 관악구 신원로 2, 지하1층 (신림동)",8775,플러스,126.928154170428,37.4795735447168
서울특별시 관악구 남현동 602-1,"서울특별시 관악구 남현3길 78, 3층 (남현동)",8807,몰디브 노래연습장,126.980862131803,37.4753785551349
서울특별시 관악구 신림동 537-34번지 2층,"서울특별시 관악구 난곡로65길 6, 2층 (신림동)",8767,짝 노래연습장,126.91377791936,37.482455625959
서울특별시 관악구 신림동 1429-17,"서울특별시 관악구 봉천로 234, 지하1층 (신림동)",8707,샛별,126.927350812044,37.4892266368485
서울특별시 관악구 봉천동 1598-21 지하1층,"서울특별시 관악구 관악로 146, 지하1층 (봉천동)",8788,샤 노래연습장,126.952535894024,37.4782829052335
서울특별시 관악구 신림동 1430-48 지하1층,"서울특별시 관악구 신림동길 8, 지하1층 (신림동)",8707,수빈,126.927786331214,37.4875056187113
서울특별시 관악구 봉천동 1599-4 지하1층,"서울특별시 관악구 관악로14길 15, 지하1층 (봉천동)",8788,지은노래연습장,126.953504196407,37.4792433156421
서울특별시 관악구 신림동 1429-4,"서울특별시 관악구 봉천로 230, 2층 (신림동)",8707,뮤직박스,126.927056282032,37.4893161056233
서울특별시 관악구 신림동 1637-26번지 B01호,"서울특별시 관악구 신원로 34, B01호 (신림동)",8776,OK 노래연습장,126.929215594935,37.4818206708457
서울특별시 관악구 봉천동 1625-28 2층,"서울특별시 관악구 낙성대로 14, 2층 (봉천동)",8790,JJ노래연습장,126.958738857522,37.4772823205448
서울특별시 관악구 봉천동 972-32 지하1층,"서울특별시 관악구 봉천로 217-1, 지하1층 (봉천동)",8708,브이아이피 노래연습장,126.925974819591,37.4901461618804
서울특별시 관악구 신림동 507-31,"서울특별시 관악구 남부순환로 1507, 2층 (신림동)",8762,앵콜,126.917965256661,37.482725756528
서울특별시 관악구 봉천동 1628-3,"서울특별시 관악구 낙성대로 9, 지하1층 (봉천동)",8792,여상노래연습장,126.959623492141,37.4775364405334
서울특별시 관악구 신림동 465-46,"서울특별시 관악구 남부순환로 1539, 지하1층 (신림동)",8763,큐,126.921605185455,37.4834125436773
서울특별시 관악구 신림동 1425-10,"서울특별시 관악구 신림로68길 7, 지하1층 (신림동)",8753,가자,126.929719265446,37.4865511753391
서울특별시 관악구 봉천동 1629-4,"서울특별시 관악구 봉천로 580, 지하1층 (봉천동)",8792,골드,126.961791215406,37.4768855512872
서울특별시 관악구 남현동 1060-6번지 지하1층,"서울특별시 관악구 남현1길 59, 지하1층 (남현동)",8806,별밤지기,126.980753226723,37.4759578867679
서울특별시 관악구 봉천동 963-7 지층,"서울특별시 관악구 봉천로 309, 지층 (봉천동)",8719,킹노래연습장,126.935159351764,37.4865721261227
서울특별시 관악구 신림동 96-3 태영빌딩,"서울특별시 관악구 신림로 206, 태영빌딩 지하1층 (신림동)",8836,찬찬찬,126.937446935701,37.4756288046285
서울특별시 관악구 신림동 519-2번지 2층,"서울특별시 관악구 난곡로 355, 2층 (신림동)",8701,좋은노래연습장,126.913554323021,37.4856571054516
서울특별시 관악구 신림동 607-93,"서울특별시 관악구 난곡로 228, 지하1층 (신림동)",8849,현대,126.917135436386,37.4746796163839
서울특별시 관악구 봉천동 1564-14,"서울특별시 관악구 쑥고개로 83, 지하1층 (봉천동)",8785,짝노래연습장,126.945755793903,37.4794875196969
서울특별시 관악구 신림동 1666-2 지하 1층,"서울특별시 관악구 조원로2길 54, 지하1층 (신림동)",8768,스카이 노래연습장,126.901256815373,37.4814551662605
서울특별시 관악구 봉천동 957-33,"서울특별시 관악구 봉천로 333, 2층 (봉천동)",8749,웃음잔치,126.93765234674,37.4854334224228
서울특별시 관악구 신림동 730-8번지 지하1층,"서울특별시 관악구 미성3길 4, 지하1층 (신림동)",8865,MBC,126.916238585386,37.474185681173
서울특별시 관악구 봉천동 14-52번지 지하1층,"서울특별시 관악구 관악로 268, 지하1층 (봉천동)",8733,스타,126.958274612985,37.4879253230576
서울특별시 관악구 신림동 1431-15,"서울특별시 관악구 신림로 361, 3층 (신림동)",8760,WINNER 노래연습장,126.929000270731,37.4864178467712
서울특별시 관악구 신림동 1443-28번지 지하1층,"서울특별시 관악구 봉천로 216, 지하1층 (신림동)",8707,원 노래연습장,126.925520785086,37.489616444532
서울특별시 관악구 봉천동 702-102번지,서울특별시 관악구 보라매로 17 (봉천동),8708,큐 노래연습장,126.926926728097,37.4910282099961
서울특별시 관악구 신림동 1638-26번지 지하1층,"서울특별시 관악구 신림로59길 11, 지하1층 (신림동)",8776,고래고래 코인노래연습장,126.929004529702,37.4829924861404
서울특별시 관악구 신림동 1538-2번지 지하1층,"서울특별시 관악구 대학길 36, 지하1층 (신림동)",8813,비투박스코인노래연습장,126.93757500788,37.4691242093594
서울특별시 관악구 남현동 1061-27번지 연송빌딩,"서울특별시 관악구 과천대로 951, 연송빌딩 3층 (남현동)",8807,ON코인노래연습장,126.981275188365,37.4755280988508
서울특별시 관악구 신림동 1641-107번지 지하1층,"서울특별시 관악구 신림로 328, 지하1층 (신림동)",8777,스타버스코인노래연습장 신림2호점,126.929982893039,37.4834547467373
서울특별시 관악구 신림동 1655-19번지 지하1층,"서울특별시 관악구 시흥대로 558, 지하1층 (신림동)",8769,팔천냥 노래연습장,126.901794859232,37.4826771119431
서울특별시 관악구 신림동 산 56-1 서울대학교 900동 B106호,"서울특별시 관악구 관악로 1, 서울대학교 900동 B106호 (신림동)",8826,휴 코인노래연습장,126.94815644252,37.4662872666604
서울특별시 관악구 신림동 1536-16번지 지하1층,"서울특별시 관악구 호암로22길 61, 지하1층 (신림동)",8813,멜로디팩토리 노래연습장(코인),126.936214326413,37.468703882007
서울특별시 관악구 봉천동 951-25 봉일프라자 가동,"서울특별시 관악구 은천로 28, 봉일프라자 가동 2층 (봉천동)",8749,슈노래연습장,126.938389949449,37.4859081000629
서울특별시 관악구 봉천동 871-66 금강빌딩,"서울특별시 관악구 봉천로 463, 금강빌딩 지하1층 (봉천동)",8745,전국,126.951472324938,37.4825453271554
서울특별시 관악구 신림동 613-4 지하1층,"서울특별시 관악구 난우2길 1, 지하1층 (신림동)",8852,카톡노래연습장,126.918970922999,37.4736476112498
서울특별시 관악구 남현동 1062-15번지 3층,"서울특별시 관악구 남현1길 58, 3층 (남현동)",8806,세븐,126.980498725427,37.4755925756593
서울특별시 관악구 봉천동 1657-1번지,"서울특별시 관악구 봉천로 615, 지하1층 (봉천동)",8793,비엔나,126.965544818355,37.4757451261734
서울특별시 관악구 봉천동 15-8번지 지하1층,"서울특별시 관악구 관악로30길 15, 지하1층 (봉천동)",8733,쎄븐,126.958833779086,37.4866379787681
서울특별시 관악구 신림동 241-20번지,"서울특별시 관악구 신림로11길 18-9, 지하1층 (신림동)",8814,쇼킹이벤트 노래연습장,126.938209189839,37.4695236904136
서울특별시 관악구 봉천동 875-6 아비숑,"서울특별시 관악구 관악로17길 46, 아비숑 지하1층 (봉천동)",8786,에이스,126.949208315362,37.4810865433233
서울특별시 관악구 신림동 1655-2 정화빌딩,"서울특별시 관악구 조원로 6, 정화빌딩 지하1층 (신림동)",8769,둘리노래연습장,126.902743197396,37.4834043794316
서울특별시 관악구 신림동 1430-10,"서울특별시 관악구 신림로 375, 지하1층 (신림동)",8707,타임노래연습장,126.928516176109,37.4876524763285
서울특별시 관악구 신림동 1604-34,"서울특별시 관악구 신원로1길 2, 지하1층 (신림동)",8774,스타,126.927769925725,37.4802344708588
서울특별시 관악구 봉천동 952-18 지상4층,"서울특별시 관악구 은천로 27, 지상4층 (봉천동)",8717,소나타,126.938558361976,37.4863947321423
서울특별시 관악구 신림동 1434-15,서울특별시 관악구 신림동7길 51 (신림동),8760,미팅,126.926925956652,37.4848553151336
서울특별시 관악구 봉천동 1598-20,"서울특별시 관악구 관악로 148, 지하1층 (봉천동)",8788,고고,126.952584285368,37.4784570897706
서울특별시 관악구 신림동 1459-1 지하1층,"서울특별시 관악구 신림동길 25, 지하1층 (신림동)",8759,짠짜라,126.925956863933,37.4869149568776
서울특별시 관악구 신림동 1433-24,"서울특별시 관악구 신림로65길 19, 지하1층 (신림동)",8759,샤인 노래연습장,126.928442650702,37.4849566157763
서울특별시 관악구 신림동 1432-137번지 지하1층,"서울특별시 관악구 신림로67길 28, 지하1층 (신림동)",8760,해피,126.927793385814,37.485932463109
서울특별시 관악구 봉천동 932-5 대성빌딩,"서울특별시 관악구 봉천로 379, 대성빌딩 지하1층 (봉천동)",8750,월드컵,126.942251044267,37.4835103948741
서울특별시 관악구 신림동 1652-16,"서울특별시 관악구 조원로4길 25, 지하1층 (신림동)",8769,엑스포,126.905106252803,37.4824161828217
서울특별시 관악구 봉천동 728-82,"서울특별시 관악구 당곡길 76, 지하1층 (봉천동)",8710,꽃노래연습장,126.927102533278,37.4921043014314
서울특별시 관악구 신림동 637-14,"서울특별시 관악구 난곡로 170, 지하1층 (신림동)",8856,열린노래연습장,126.920111683421,37.4702729335697
서울특별시 관악구 신림동 1433-66 2층,"서울특별시 관악구 남부순환로 1597-10, 2층 (신림동)",8759,위드,126.927938385033,37.4845901395306
서울특별시 관악구 봉천동 923-24 지층,"서울특별시 관악구 남부순환로 1743, 지층 (봉천동)",8757,패밀리노래연습장,126.943900677311,37.4824272762888
서울특별시 관악구 봉천동 958-12 지상2층,"서울특별시 관악구 남부순환로 1677, 2층 (봉천동)",8756,대흥노래연습장,126.937123317751,37.4847415281238
서울특별시 관악구 신림동 1525 지하1층,"서울특별시 관악구 호암로 602, 지하1층 (신림동, 도원빌딩)",8812,멋진동전노래연습장,126.933789521062,37.4708055970592
서울특별시 관악구 봉천동 1686-31번지 지하1층,"서울특별시 관악구 남부순환로 1929, 지하1층 (봉천동)",8801,실로코인노래연습장,126.963570478352,37.4773371586458
서울특별시 관악구 신림동 1433-63 2층,"서울특별시 관악구 남부순환로 1597-4, 2층 (신림동)",8759,진,126.928033543858,37.4843992738704
서울특별시 관악구 봉천동 492-12,서울특별시 관악구 양녕로 66 (봉천동),8729,스마일(코인),126.946766630066,37.4879640368171
서울특별시 관악구 봉천동 1664-14 지하1층,"서울특별시 관악구 봉천로 533, 지하1층 (봉천동)",8789,딱이야,126.957194097067,37.479016844813
서울특별시 관악구 봉천동 911-13,"서울특별시 관악구 양녕로 13, 2층 (봉천동)",8752,라이브,126.946278009024,37.4832817264304
서울특별시 관악구 신림동 1641-19번지 지층,"서울특별시 관악구 신림로 312, 지층 (신림동)",8778,슈퍼스타코인노래연습장,126.93014846789,37.4821884771875
서울특별시 관악구 신림동 1666-0번지 지상 2층,"서울특별시 관악구 시흥대로 548, 2층 (신림동)",8768,필 노래연습장,126.901084634069,37.4817894766254
서울특별시 관악구 봉천동 914-1,"서울특별시 관악구 청룡2길 1, 지하1층 (봉천동)",8785,썬 노래연습장,126.946078363361,37.4812001251018
서울특별시 관악구 신림동 1680-8 지층,"서울특별시 관악구 난곡로 263, 지층 (신림동)",8864,뉴서울디스코,126.915142626366,37.4775257525325
서울특별시 관악구 봉천동 930-35,"서울특별시 관악구 장군봉1길 3, 지하1층 (봉천동)",8784,신세대노래연습장,126.940355235869,37.4822954340398
서울특별시 관악구 봉천동 874-12,"서울특별시 관악구 봉천로 446, 지하1층 (봉천동)",8758,우리노래연습장,126.949355633225,37.4822602606696
서울특별시 관악구 신림동 1531-3번지 지하1층,"서울특별시 관악구 호암로 590, 지하1층 (신림동)",8812,수,126.933281768953,37.4698604217502
서울특별시 관악구 봉천동 955-56번지 지하1층,"서울특별시 관악구 은천로5길 3, 지하1층 (봉천동)",8719,가족 노래연습장,126.937990983399,37.4865289562227
서울특별시 관악구 신림동 637-8,"서울특별시 관악구 난곡로26길 10, 지하1층 (신림동)",8856,난곡노래연습장,126.920423412605,37.4705318240026
서울특별시 관악구 봉천동 464-12번지 2층,"서울특별시 관악구 은천로 119-1, 2층 (봉천동)",8729,성현노래연습장,126.948674892667,37.4868721387703
서울특별시 관악구 신림동 725-32,"서울특별시 관악구 난곡로 205, 2층 (신림동)",8858,조아조아 노래연습장,126.918374477796,37.473226338987
서울특별시 관악구 신림동 1433-17 YJ빌딩,"서울특별시 관악구 신림로65길 15-2, 지하1층 (신림동, YJ빌딩)",8759,힐링노래연습장,126.928584322012,37.4849582332089
서울특별시 관악구 신림동 1518-19 지하1츨,"서울특별시 관악구 호암로24길 63, 지하1층 (신림동, 분창학당독서실)",8813,착한동전노래연습장,126.936646318556,37.4694400599512
서울특별시 관악구 신림동 1522-7번지 지하1층,"서울특별시 관악구 호암로24길 37, 지하1층 (신림동)",8813,킹 노래연습장,126.935269728393,37.4696394283484
서울특별시 관악구 신림동 1535-1 지하1층,"서울특별시 관악구 호암로24길 46, 지하1층 (신림동)",8813,코인스테이지동전노래연습장,126.935608622691,37.4693888622453
서울특별시 관악구 신림동 1432-128,서울특별시 관악구 신림동5길 49 (신림동),8760,돌고래 노래연습장,126.927870341054,37.4850377189136
서울특별시 관악구 신림동 1438-12 로데오오피스텔,"서울특별시 관악구 신림동5가길 16, 로데오오피스텔 지하1층 (신림동)",8760,로데오 노래연습장,126.926277609124,37.4867194585284
서울특별시 관악구 신림동 1486-1 지하1층,"서울특별시 관악구 난곡로63길 65, 지하1층 (신림동)",8770,푸른 노래연습장,126.91109520611,37.4804104203911
서울특별시 관악구 남현동 1057-24번지 지하1층,"서울특별시 관악구 남현길 6, 지하1층 (남현동)",8805,윈스타코인 노래연습장,126.977420778667,37.4762456200812
서울특별시 관악구 신림동 1432-76 지하1층,"서울특별시 관악구 신림로 351, 지하1층 (신림동, 동산빌딩)",8760,호박 노래연습장,126.929244209238,37.4856471806983
서울특별시 관악구 신림동 1434-14 지하1층,"서울특별시 관악구 신림로65길 42, 지하1층 (신림동)",8760,햇살 노래연습장,126.927057418795,37.4848908059925
서울특별시 관악구 신림동 529-7 지하1층,"서울특별시 관악구 난곡로66길 7, 지하1층 (신림동)",8761,M노래연습장,126.914793328054,37.4826647658698
서울특별시 관악구 신림동 517-2 지하1층,"서울특별시 관악구 신사로 102, 지하1층 (신림동, 소준빌딩)",8702,뉴팡팡노래연습장,126.913803168154,37.487050065344
서울특별시 관악구 신림동 94-262 2층,"서울특별시 관악구 신림로 212, 2층 (신림동)",8828,와썸 코인노래연습장 신림점,126.937546743966,37.4763290320296
서울특별시 관악구 봉천동 851-25,"서울특별시 관악구 관악로 194, 지하1층 (봉천동)",8737,칸소네 노래연습장,126.953733187372,37.4822829593592
서울특별시 관악구 신림동 608-38,"서울특별시 관악구 난우길 14, 지하1층 (신림동)",8850,궁,126.918828331269,37.4743079536145
서울특별시 관악구 신림동 1431-10 화산빌딩 3층,"서울특별시 관악구 신림로 363-1, 화산빌딩 3층 (신림동)",8760,선물 노래연습장,126.928906419704,37.4866603416892
서울특별시 관악구 봉천동 1634-2번지,"서울특별시 관악구 봉천로 608, 지하1층 (봉천동)",8793,스타노래연습장,126.964593456431,37.4757884538005
서울특별시 관악구 봉천동 971-1번지,"서울특별시 관악구 보라매로 4, 지하1층 (봉천동)",8722,라이브,126.92797868299,37.4899597205932
서울특별시 관악구 신림동 1541번지 지하 1층,"서울특별시 관악구 대학길 31, 지하1층 (신림동)",8814,피노키오,126.937895218559,37.4693096258849
서울특별시 관악구 신림동 527-10,"서울특별시 관악구 남부순환로 1483, 지하1층 (신림동)",8761,둘리,126.915294416313,37.4822721062451
서울특별시 관악구 신림동 1515번지 지하1층,"서울특별시 관악구 신림로 127, 지하1층 (신림동)",8813,sbs노래연습장,126.935250407313,37.4708080284167
서울특별시 관악구 신림동 1432-76번지 6층,"서울특별시 관악구 신림로 351, 6층 (신림동, 동산빌딩)",8760,BEST,126.929244209238,37.4856471806983
서울특별시 관악구 신림동 1634-18 지하1층,"서울특별시 관악구 신림로 269, 지하1층 (신림동)",8775,7,126.931552572263,37.4787419486296
서울특별시 관악구 봉천동 1660-1번지 지하1층,"서울특별시 관악구 남부순환로 1908, 지하1층 (봉천동)",8792,원투,126.961205621131,37.4777033870366
서울특별시 관악구 봉천동 951-10,"서울특별시 관악구 은천로2길 35, 지하1층 (봉천동)",8749,봉일,126.938805047911,37.4856008017048
서울특별시 관악구 신림동 513-12 대신빌딩,"서울특별시 관악구 조원로 106, 대신빌딩 지하1층 (신림동)",8762,발리노래연습장,126.914219971478,37.4847518972461
서울특별시 관악구 봉천동 854-13,"서울특별시 관악구 관악로14길 11, 지하1층 (봉천동)",8788,골든싱어코인노래연습장 서울대점,126.953258518036,37.4792475435531
서울특별시 관악구 신림동 613-3,"서울특별시 관악구 난우길 10, 지하1층 (신림동)",8852,데일리 코인노래연습장,126.918879281753,37.4740269636356
서울특별시 관악구 신림동 1433-142,"서울특별시 관악구 관천로 54, 지하1층 (신림동)",8759,팝콘 노래연습장,126.926543883028,37.4844148455613
서울특별시 서초구 양재동 300-0번지,서울특별시 서초구 동산로19길 35-1  (양재동),,마리,127.046263193186,37.4740279127572
"서울특별시 서초구 우면동 2-9 ,10 ","서울특별시 서초구 바우뫼로6길 8-4 (우면동,,10)",,우면,127.025424094825,37.4698667908388
서울특별시 서초구 양재동 2-45번지 (지하1층),"서울특별시 서초구 논현로 169, 지1층 (양재동, 영민빌딩)",6739,가자노래연습장,127.04139915401,37.4846070247538
서울특별시 서초구 서초동 1329-9 지하1층,"서울특별시 서초구 사임당로 181, 지하1층 (서초동)",6626,석노래연습장,127.02932311263,37.4930381253974
서울특별시 서초구 방배동 814-5번지,서울특별시 서초구 동광로 56-4 (방배동),,큐노래연습장,126.988759408831,37.4920226410184
서울특별시 서초구 양재동 218-1번지,서울특별시 서초구 매헌로 25 (양재동),,수노래연습장,127.035071053211,37.4633159523289
서울특별시 서초구 서초동 1459-11 (지하1층),"서울특별시 서초구 반포대로10길 7 (서초동,(지하1층))",,왕노래연습장,127.012245063852,37.4837370520536
서울특별시 서초구 양재동 328-9번지,서울특별시 서초구 강남대로10길 8  (양재동),,어울림노래연습장,127.041340828869,37.4682190307831
서울특별시 서초구 서초동 1716-4 지하1층,"서울특별시 서초구 서초대로 275, 지하1층 (서초동, 중앙빌딩)",6596,플로라노래연습장,127.011641325349,37.4933972689503
서울특별시 서초구 방배동 912-10번지 지하1층,"서울특별시 서초구 방배로11길 3, 지층 (방배동, 성암빌딩)",6686,K2노래연습장,126.996377605321,37.4817029730613
서울특별시 서초구 양재동 327-19,"서울특별시 서초구 강남대로10길 5, 지하1층 (양재동)",6787,33노래연습장,127.041200505157,37.4679421090277
서울특별시 서초구 양재동 327-5 (지하1층),서울특별시 서초구 동산로 14 (양재동),6787,궁전노래연습장,127.041263819781,37.4694026255299
서울특별시 서초구 서초동 1575-10 백송빌딩 지하1층,"서울특별시 서초구 서초대로50길 41, 백송빌딩 지하1층 (서초동)",6644,제이노래연습장,127.013569321577,37.4914554826548
서울특별시 서초구 방배동 813-1 (지하1층),"서울특별시 서초구 동광로 66 (방배동,(지하1층))",,덩쿨,126.98984885751,37.4924210749833
서울특별시 서초구 잠원동 15-10번지,서울특별시 서초구 나루터로 59 (잠원동),,야노노래연습장,127.016471245035,37.5152966228905
서울특별시 서초구 서초동 1569-14 지하1층,"서울특별시 서초구 반포대로22길 89 (서초동,지하1층)",,아라 노래연습장,127.0129988099,37.4912273216184
서울특별시 서초구 서초동 1578-1 지하1층,"서울특별시 서초구 반포대로24길 96, 지층 (서초동, 구산빌딩)",6650,럭셔리노래연습장,127.014017292973,37.4888282723171
서울특별시 서초구 방배동 791-3번지 지상2층,"서울특별시 서초구 방배중앙로 148 (방배동,지상2층)",,방가방가노래연습장,126.98697772885,37.4921922078459
서울특별시 서초구 양재동 279 덕산빌딩 지하1층,"서울특별시 서초구 논현로17길 19, 덕산빌딩 지하1층 (양재동)",6775,본코인노래연습장,127.044851166001,37.4758748066181
서울특별시 서초구 방배동 910-1 지하1층,"서울특별시 서초구 방배로13길 7, 지하1층 (방배동)",6686,악쓰는하마코인노래연습장,126.995952085138,37.4829584249486
서울특별시 서초구 반포동 52-1번지 지하1,"서울특별시 서초구 고무래로 26, 지1층 (반포동, 쌍동빌딩)",6593,슈퍼스타코인노래연습장 반포점,127.011242817338,37.5023470946819
서울특별시 서초구 서초동 1330-20 강남애니타워 지하1층,"서울특별시 서초구 강남대로53길 7, 지하1층 (서초동, 강남애니타워)",6626,러블리2노래연습장,127.028259839376,37.4942643848404
서울특별시 서초구 서초동 1305-3번지 지하1층,"서울특별시 서초구 강남대로 437, 지하1층 (서초동, 대원빌딩)",6612,고래고래코인노래연습장,127.025511220431,37.5013634093685
서울특별시 서초구 양재동 13-21 동천빌딩,"서울특별시 서초구 강남대로 222-6, 지1층 (양재동)",6736,싱싱노래연습장,127.035731329216,37.4838278806282
서울특별시 서초구 방배동 924-10 의성빌딩,"서울특별시 서초구 방배로13길 10, 의성빌딩 지하1층 (방배동)",6683,리코스타코인노래연습장,126.995864791571,37.4831074487678
서울특별시 서초구 방배동 769-23번지,서울특별시 서초구 방배중앙로 170  (방배동),,런던노래연습장,126.986319913252,37.4942811185908
서울특별시 서초구 양재동 11-55 지하,"서울특별시 서초구 남부순환로350길 25 (양재동,지하)",,M노래연습장,127.036198694448,37.483731600749
서울특별시 서초구 서초동 1443-1 (지하1층),서울특별시 서초구 효령로 314 (서초동),6721,로얄노래연습장,127.018559459555,37.4853058757741
"서울특별시 서초구 잠원동 69-12번지 반포쇼핑타운6동 지하10,11 ","서울특별시 서초구 신반포로 205  (잠원동,반포쇼핑타운6동 지하10,11)",,모아,127.006460397501,37.5070244820045
서울특별시 서초구 반포동 709-0 지하1층,"서울특별시 서초구 주흥16길 22 (반포동,지하1층)",,팡팡노래연습장,127.019783823758,37.5095752783696
서울특별시 서초구 서초동 1566-5,"서울특별시 서초구 서초대로46길 100, 2층 (서초동)",6650,썸노래연습장,127.013515118273,37.4899808098296
서울특별시 서초구 서초동 1569-6번지 지하1층,서울특별시 서초구 반포대로26길 지하 58 (서초동),6645,나인노래연습장,,
서울특별시 서초구 신원동 271-23번지,서울특별시 서초구 청계산로 189 (신원동),6802,대박노래연습장,127.055346341681,37.4482583991528
서울특별시 서초구 서초동 1330-10 지하1층,"서울특별시 서초구 사임당로 175, 지층 (서초동, 갤럭시타워)",6626,썸노래연습장,127.028677182607,37.4929803491944
서울특별시 서초구 서초동 1308-10 402호,"서울특별시 서초구 서초대로77길 37, 402호 (서초동, 서초동월드)",6612,슈퍼스타코인노래연습장,127.025104306207,37.5009946247186
서울특별시 서초구 서초동 1451-2 지하1층,"서울특별시 서초구 반포대로 30, 지층 (서초동, 성원빌딩)",6716,테마노래연습장,127.012232768385,37.4832191535572
서울특별시 서초구 양재동 263-10 지하1층,"서울특별시 서초구 마방로6길 7-39 (양재동,지하1층)",,코리아노래연습장,127.043381657145,37.4763876693999
서울특별시 서초구 방배동 909-1,서울특별시 서초구 방배로 83-13 (방배동),,알라딘 노래연습장,126.996406413745,37.4821705975535
서울특별시 서초구 서초동 1569-15 (지하1층),"서울특별시 서초구 반포대로22길 91 (서초동,(지하1층))",,파브노래연습장,127.013171270919,37.4913384868369
서울특별시 서초구 방배동 795-25번지,서울특별시 서초구 동광로 65  (방배동),,E.V노래연습장,126.989685077776,37.4927301963872
서울특별시 서초구 양재동 327-10 지하1층,"서울특별시 서초구 강남대로10길 29 (양재동,지하1층)",,청계산 노래연습장,127.0409794887,37.4689396049364
서울특별시 서초구 양재동 11-53,서울특별시 서초구 남부순환로350길 19-6 (양재동),,칼라노래연습장,127.036175924594,37.4838753185875
서울특별시 서초구 양재동 110-18,서울특별시 서초구 양재천로17길 26 (양재동),,쟁반노래연습장,127.037071616217,37.4762993562556
서울특별시 서초구 반포동 92-11,서울특별시 서초구 서래로8길 3 (반포동),,SBS노래연습장,126.998756374481,37.4987308947839
서울특별시 서초구 양재동 11-84번지,서울특별시 서초구 남부순환로356길 18-3 (양재동),6737,콘서트노래연습장,127.037755779902,37.4840876425097
서울특별시 서초구 서초동 1569-3 가야빌딩 지하1,서울특별시 서초구 반포대로 지하 22-73 (서초동),137-872,아지트노래연습장,,
서울특별시 서초구 양재동 276-5,서울특별시 서초구 논현로19길 5 (양재동),6775,플레이 노래연습장,127.045102227937,37.4765784897197
서울특별시 서초구 방배동 911-19번지,서울특별시 서초구 효령로31길 21 (방배동),6686,비너스노래연습장,126.996078081511,37.4821328348401
서울특별시 서초구 양재동 15-27번지,서울특별시 서초구 강남대로30길 22 (양재동),6744,디스 노래연습장,127.038474222068,37.4819278731599
서울특별시 서초구 잠원동 15-4번지,서울특별시 서초구 나루터로 69 (잠원동),6525,제일노래연습장,127.017376361713,37.5157364533318
서울특별시 서초구 서초동 1554-15,서울특별시 서초구 서초대로46길 9 (서초동),6646,놀러와 노래연습장,127.010062888266,37.4920242789136
서울특별시 서초구 서초동 1576-26,"서울특별시 서초구 서초대로50길 63, 지층 (서초동)",6650,룰루랄라노래연습장,127.013770639952,37.4904511963986
서울특별시 서초구 잠원동 75-19 반포쇼핑타운 3동 11~16호,"서울특별시 서초구 신반포로 177, 반포쇼핑타운 3동 지하1층 11~16호 (잠원동)",6512,판타스타 코인노래연습장,127.003407328203,37.5060995475667
서울특별시 서초구 반포동 94-7 지하1층,"서울특별시 서초구 서래로 43, 지하1층 (반포동)",6576,레디액션코인노래연습장,126.998218186102,37.4988983849648
서울특별시 서초구 서초동 1364-47 동흥빌딩 지하1층,"서울특별시 서초구 남부순환로347길 13, 동흥빌딩 지하1층 (서초동)",6734,히트노래연습장,127.031688484376,37.4849669177093
서울특별시 서초구 서초동 1365-6 요한빌딩 지하1층,"서울특별시 서초구 강남대로37길 51, 요한빌딩 지하1층 (서초동)",6734,와와노래연습장,127.030728846459,37.4845964062297
서울특별시 서초구 서초동 1571-5 지하1층,"서울특별시 서초구 반포대로28길 63, 지하1층 (서초동)",6645,원투노래연습장,127.011762392042,37.4916896679975
서울특별시 서초구 서초동 1571-19,"서울특별시 서초구 반포대로28길 79, 지하1층 (서초동)",6645,칼라노래연습장,127.012583272329,37.4920097113348
서울특별시 서초구 방배동 444-6 지하1층,"서울특별시 서초구 방배천로 5-2, 지하1층 (방배동)",6693,벅스(Bucks)노래연습장,126.982289296798,37.477336761911
서울특별시 서초구 서초동 1670-4,"서울특별시 서초구 서초중앙로22길 43, 지하1층 (서초동)",6633,필드스타코인노래연습장,127.016286091652,37.4934851988554
서울특별시 서초구 서초동 1577-3,"서울특별시 서초구 서초대로50길 79, 지하1층 (서초동)",6650,코코노래연습장,127.0138967008,37.4897435302428
서울특별시 서초구 양재동 326-10 지하1층,"서울특별시 서초구 동산로 7, 지하1층 (양재동)",6779,판타스틱코인노래연습장 양재동시민의숲점,127.040533696282,37.4692386239733
서울특별시 서초구 서초동 1556-6번지 정연빌딩,"서울특별시 서초구 반포대로28길 51, 정연빌딩 (서초동)",6646,특급노래연습장,127.011236322064,37.4914536552611
서울특별시 서초구 양재동 263-9 영진빌딩,"서울특별시 서초구 마방로10길 18-4, 영진빌딩 지하호 (양재동)",6776,VIP노래연습장,127.043525655096,37.4765259214262
서울특별시 서초구 서초동 1303-16 강남역 IPARK,"서울특별시 서초구 서초대로77길 62, 강남역 IPARK B2층 B206호 (서초동)",6611,포탈코인노래연습장,127.023903040367,37.5027308418076
서울특별시 서초구 서초동 1670-4,서울특별시 서초구 서초중앙로22길 43 (서초동),6633,필드스타코인2노래연습장,127.016286091652,37.4934851988554
서울특별시 서초구 잠원동 40-7 반포빌딩 지하1층,"서울특별시 서초구 신반포로 325, 반포빌딩 지하1층 (잠원동)",6531,어여와노래연습장,127.01924347787,37.5107109036829
서울특별시 서초구 반포동 19-4번지 경부고속터미널지하8호,"서울특별시 서초구 신반포로 194  (반포동,경부고속터미널지하8호)",,시티노래연습장,127.006834366246,37.5064357442307
서울특별시 서초구 방배동 911-18번지 지하1층,"서울특별시 서초구 효령로31길 19 (방배동,지하1층)",,명품노래연습장,126.996134165863,37.4820307523841
서울특별시 서초구 잠원동 29-4 외 2,"서울특별시 서초구 강남대로95길 15 (잠원동,외 2)",,MK노래연습장,127.019157367211,37.5136632383032
서울특별시 서초구 서초동 1569-1 서진빌딩,"서울특별시 서초구 반포대로26길 56, 서진빌딩 지하1층 (서초동)",6645,탑노래연습장,127.012186553813,37.4910527929473
서울특별시 서초구 반포동 94-6 지하1층,"서울특별시 서초구 서래로 45, 지하1층 (반포동)",6576,JOO노래연습장,126.998231866191,37.4990491235214
서울특별시 서초구 잠원동 40-3 백상빌딩 지하1층,"서울특별시 서초구 신반포로47길 9-3, 백상빌딩 지하1층 (잠원동)",6531,맨하탄노래연습장,127.019404064527,37.5110568631202
서울특별시 서초구 서초동 1578-4 동궁빌딩 지하1층,"서울특별시 서초구 서초중앙로 75, 동궁빌딩 지하1층 (서초동)",6650,엔젤스코인노래연습장 교대점,127.014286230696,37.4885005435472
서울특별시 서초구 서초동 1308-5 경원빌딩 4층,"서울특별시 서초구 서초대로77길 43, 경원빌딩 4층 (서초동)",6612,닥터브이 코인노래연습장 강남점,127.024910034409,37.5013914688515
서울특별시 서초구 방배동 769-15 지하1층,"서울특별시 서초구 방배중앙로 172, 지하1층 (방배동)",6556,판타스틱코인노래연습장 방배카페거리점,126.98627793396,37.4944245540339
서울특별시 서초구 서초동 1577-1 남일빌딩 지하1층,"서울특별시 서초구 서초대로46길 106, 남일빌딩 지하1층 (서초동)",6650,뱅뱅노래연습장,127.013806176476,37.4900047429788
서울특별시 서초구 방배동 445-5 (지하1층),"서울특별시 서초구 방배천로 5-3 (방배동,(지하1층))",,슈퍼스타코인노래연습장 사당점,126.982257596187,37.4770492449913
서울특별시 서초구 반포동 72-10 지하,"서울특별시 서초구 사평대로26길 47 (반포동,지하)",,TOP노래연습장,126.999213708341,37.498046944776
서울특별시 서초구 서초동 1578-5 한성빌딩,"서울특별시 서초구 사임당로 39, 한성빌딩 지하1층 (서초동)",6650,엄지척노래연습장,127.014095010132,37.4884189352008
서울특별시 서초구 방배동 897-1번지,서울특별시 서초구 서초대로26길 3 (방배동),,행복한 노래연습장,126.994539234638,37.487668479453
서울특별시 서초구 잠원동 75-13 반포쇼핑2동 지하,"서울특별시 서초구 신반포로 165 (잠원동,반포쇼핑2동 지하)",,스타노래연습장,127.002171712729,37.5057251189753
서울특별시 서초구 반포동 741-0,서울특별시 서초구 주흥길 12 (반포동),,민들레노래연습장,127.020698222766,37.5044881373528
서울특별시 서초구 잠원동 14-17 라전빌딩,"서울특별시 서초구 나루터로 73, 라전빌딩 (잠원동)",6525,美노래연습장,127.017808675422,37.5157130529455
서울특별시 서초구 양재동 300,서울특별시 서초구 동산로19길 35-1 (양재동),,마리,127.046263193186,37.4740279127572
서울특별시 서초구 서초동 1565-8,서울특별시 서초구 서초대로50길 94 (서초동),,수노래연습장,127.013652331411,37.4890335646337
서울특별시 서초구 잠원동 35-29번지 지하1층,"서울특별시 서초구 신반포로47길 33-2  (잠원동,지하1층)",,스타노래방,127.018907695569,37.5121700443755
서울특별시 서초구 양재동 326-2번지,서울특별시 서초구 강남대로12길 8  (양재동),,알라딘노래연습장,127.040128200027,37.4694312182693
서울특별시 서초구 서초동 1557-17번지 지하1층,"서울특별시 서초구 반포대로28길 56-3  (서초동,지하1층)",,팡팡,127.011591359711,37.491302882416
서울특별시 서초구 서초동 1658-6번지,서울특별시 서초구 서초중앙로20길 15 (서초동),,디제이,127.014864001042,37.4923485855521
"서울특별시 서초구 잠원동 69-0번지 반포쇼핑5동지하22,23,24 ","서울특별시 서초구 신반포로 189 (잠원동,반포쇼핑5동지하22,23,24)",,강남,127.004868141536,37.50654540385
서울특별시 서초구 양재동 11-87,서울특별시 서초구 남부순환로356길 26 (양재동),,코러스코인노래연습장,127.037905407615,37.4837229564462
서울특별시 서초구 잠원동 13-1 아이미 서초빌딩 3층,"서울특별시 서초구 강남대로101길 17, 아이미 서초빌딩 3층 (잠원동)",6524,청개구리노래연습장,127.018391335228,37.5166881198946
서울특별시 서초구 서초동 1552-18 지하1층,"서울특별시 서초구 서초대로46길 16 (서초동,지하1층)",,파티파티,127.00988327959,37.4917096623033
서울특별시 서초구 방배동 811-1번지,서울특별시 서초구 방배로 212 (방배동),,하늘소노래연습장,126.991090483873,37.4921870033469
서울특별시 서초구 반포동 52-3번지 (지하1층),"서울특별시 서초구 서초중앙로33길 6-6  (반포동,(지하1층))",,큐앤드큐노래방,127.01118120668,37.5017571219267
서울특별시 서초구 방배동 778-32 지하1층,"서울특별시 서초구 방배중앙로 151 (방배동,지하1층)",,레이노래연습실,126.986398680536,37.4926870658968
서울특별시 서초구 잠원동 22-17번지,서울특별시 서초구 강남대로99길 19  (잠원동),,스타워즈노래연습장,127.018538526201,37.5149747482622
서울특별시 서초구 양재동 8-6번지,서울특별시 서초구 강남대로34길 43 (양재동),,고고싱노래연습장,127.038240001241,37.4837897935629
서울특별시 서초구 양재동 264-9번지 (지하1층),"서울특별시 서초구 마방로10길 18-16 (양재동,(지하1층))",,월드컵노래연습장,127.043120231358,37.4761127769354
서울특별시 서초구 서초동 1308-14 지하1층,"서울특별시 서초구 서초대로75길 34, 지층 (서초동)",6612,토토노래연습장,127.025182878969,37.5005817670536
서울특별시 서초구 잠원동 26-7 지하1층,"서울특별시 서초구 강남대로97길 19 (잠원동,지하1층)",,개구리노래연습장,127.018629007448,37.5144853988295
서울특별시 서초구 서초동 1309-9번지 3층,"서울특별시 서초구 서초대로77길 55  (서초동,3층)",,오페라노래연습장,127.024465815419,37.5021008334827
서울특별시 서초구 서초동 1552-15 지하1층,"서울특별시 서초구 반포대로30길 12-3 (서초동,지하1층)",,앵콜노래연습장,127.009428917535,37.4915649976511
서울특별시 서초구 잠원동 22-19 지하1층,"서울특별시 서초구 신반포로47길 105 (잠원동,지하1층)",,SBS노래연습장,127.018724250256,37.5149499413614
서울특별시 서초구 서초동 1659-12 지하1층,"서울특별시 서초구 서초중앙로22길 34 (서초동,지하1층)",,딸기노래연습장,127.015781346201,37.49315099371
서울특별시 서초구 양재동 11-83,서울특별시 서초구 남부순환로356길 18-5 (양재동),,팡팡노래연습장,127.037560260553,37.484029950182
서울특별시 서초구 양재동 242-7,서울특별시 서초구 강남대로18길 15-3 (양재동),,해피노래연습장,127.039623264649,37.4720582848971
서울특별시 서초구 서초동 1443-11 지하1층,"서울특별시 서초구 효령로 330 (서초동,지하1층)",,렉시노래연습장,127.020252541367,37.4857601563836
서울특별시 서초구 양재동 328-10 지하1층,"서울특별시 서초구 강남대로10길 12, 지1층 (양재동)",6787,큐노래연습장,127.041245472018,37.4683106969154
서울특별시 서초구 서초동 1364-49 지하1층,"서울특별시 서초구 강남대로37길 38, 지층 (서초동, 범경빌딩)",6734,탬버린노래연습장,127.031416883965,37.4849344638394
서울특별시 서초구 잠원동 19-5,서울특별시 서초구 나루터로 70 (잠원동),,빌보드노래연습장,127.017751581004,37.5153529303454
서울특별시 서초구 방배동 444-6번지 지상3층,"서울특별시 서초구 방배천로 5-2  (방배동,지상3층)",,조이,126.982289296798,37.477336761911
서울특별시 서초구 방배동 446-2,서울특별시 서초구 방배천로2길 12 (방배동),,열린노래연습장,126.983563797689,37.4766986708511
서울특별시 서초구 잠원동 36-28 (지하1층),"서울특별시 서초구 신반포로47길 36 (잠원동,(지하1층))",,청춘노래연습장,127.019027068855,37.512344820029
서울특별시 서초구 잠원동 8-3,"서울특별시 서초구 강남대로101길 44, 지1층 (잠원동, 잠원그린빌)",6524,SOO 노래연습장,127.01760452304,37.5177122302467
서울특별시 서초구 양재동 327-13 지하1층,"서울특별시 서초구 강남대로10길 21, 지하1층 (양재동)",6787,24시노래연습장,127.040482595477,37.4686000050228
서울특별시 서초구 양재동 332-13,서울특별시 서초구 동산로2길 11 (양재동),,킹노래연습장,127.041964869314,37.4693198460582
서울특별시 서초구 반포동 706-6,서울특별시 서초구 강남대로 545-12 (반포동),,뮤즈노래연습장,127.020712079242,37.5104317043076
서울특별시 서초구 방배동 952-5 지하1층,"서울특별시 서초구 서초대로 20, 지하1층 (방배동)",6675,짱노래연습장,126.984468013521,37.4854093879134
서울특별시 서초구 방배동 935-27 지하,"서울특별시 서초구 서초대로24길 25 (방배동,지하)",,美노래연습장,126.993763906293,37.4863117931563
서울특별시 서초구 방배동 450-15,서울특별시 서초구 방배천로 8 (방배동),6693,줌노래연습장,126.982945722882,37.477221979757
서울특별시 서초구 서초동 1302-23번지,서울특별시 서초구 사평대로52길 1  (서초동),,올리브,127.022220997528,37.5034951328617
서울특별시 서초구 방배동 445-1 지하1층,"서울특별시 서초구 방배천로2길 2 (방배동,지하1층)",,웃찾사 노래연습장,126.982958112955,37.4769267206921
서울특별시 서초구 서초동 1308-10 7층,"서울특별시 서초구 서초대로77길 37, 7층 (서초동, 서초동월드)",6612,마네키네코노래연습장((주)한국코시다카),127.025104306207,37.5009946247186
서울특별시 서초구 양재동 330-1 지하1층,"서울특별시 서초구 강남대로8길 23-1 (양재동,지하1층)",,방가방가노래연습장,127.042053508443,37.4683342889027
서울특별시 서초구 서초동 1555-17 지하1층,"서울특별시 서초구 서초대로48길 16, 지층 (서초동)",6646,신나는노래연습장,127.011320881073,37.4920545290117
서울특별시 서초구 서초동 1660-3,서울특별시 서초구 서초중앙로20길 18 (서초동),,MBC노래연습장,127.015164646675,37.4922051970824
서울특별시 서초구 반포동 734-35번지,서울특별시 서초구 사평대로55길 45 (반포동),,도레미노래연습장,127.021903800868,37.5059359255975
서울특별시 서초구 잠원동 26-8,서울특별시 서초구 강남대로97길 17 (잠원동),,열창노래연습장,127.018840215099,37.5145988918198
서울특별시 서초구 양재동 13-8 지하1층,"서울특별시 서초구 강남대로 212 (양재동,지하1층)",,휴노래연습장,127.036028236967,37.4831182461864
서울특별시 서초구 잠원동 11-14 지하1층,"서울특별시 서초구 강남대로101안길 8, 지하1층 (잠원동)",6524,해피노래연습장,127.018022002359,37.51663384631
서울특별시 서초구 서초동 1458-1번지,서울특별시 서초구 효령로52길 1  (서초동),,알프스,127.012829790189,37.4841270366188
서울특별시 서초구 방배동 1546-0번지 (지하1층),"서울특별시 서초구 동광로12가길 42  (방배동,(지하1층))",,째즈,126.982600664877,37.4875183878328
서울특별시 서초구 양재동 327-3번지,서울특별시 서초구 동산로 10 (양재동),,떳다Q,127.040909969094,37.4691501952484
서울특별시 서초구 양재동 81-3번지,서울특별시 서초구 바우뫼로 182-1 (양재동),,우리노래연습장,127.040058756633,37.4784744995051
서울특별시 서초구 방배동 911-21 지하1층,"서울특별시 서초구 효령로31길 27, 지층 (방배동)",6686,볼케이노 노래연습장,126.99597676771,37.4823124925971
서울특별시 서초구 양재동 301-2번지,서울특별시 서초구 동산로19길 49 (양재동),,쿨노래연습장,127.045571043458,37.4746824951663
서울특별시 서초구 양재동 274-6,서울특별시 서초구 마방로6길 7-51 (양재동),6776,스타노래연습장,127.043895175211,37.4760467178815
서울특별시 서초구 양재동 20-34,서울특별시 서초구 바우뫼로 177 (양재동),,콘서트노래연습장,127.039388690657,37.4785199554486
서울특별시 서초구 서초동 1328-11번지 B104호,"서울특별시 서초구 강남대로 359 (서초동,B104호)",,문노래연습장,127.02860980273,37.4947989581217
서울특별시 서초구 잠원동 30-6번지 지하1층,서울특별시 서초구 강남대로95길 47-9 (잠원동),6530,갤러리노래연습장,127.018113038265,37.5128009619491
서울특별시 서초구 양재동 11-54번지,서울특별시 서초구 남부순환로350길 21  (양재동),,사운드노래연습장,127.036048938896,37.4838475162363
서울특별시 서초구 서초동 1566-6 (지상2층),"서울특별시 서초구 서초대로50길 76 (서초동,(지상2층))",,웰빙노래연습장,127.013551723943,37.4898121370017
서울특별시 서초구 양재동 20-8 지하1층,"서울특별시 서초구 바우뫼로35길 22 (양재동,지하1층)",,모창노래연습장,127.039035125242,37.4795385736716
서울특별시 서초구 잠원동 69-2 반포쇼핑타운4동 지하,"서울특별시 서초구 신반포로 189 (잠원동,반포쇼핑타운4동 지하)",,4동노래연습장,127.004868141536,37.50654540385
서울특별시 서초구 방배동 924-8번지,서울특별시 서초구 효령로31길 48  (방배동),,실버노래연습장,126.995700835112,37.4833418853768
서울특별시 서초구 양재동 20-24 라이온스빌딩 지하1층,"서울특별시 서초구 강남대로 160-2, 라이온스빌딩 지하1층 (양재동)",6744,수노래연습장,127.039018187695,37.4789271543915
서울특별시 서초구 양재동 272-8번지,서울특별시 서초구 언남길 75 (양재동),6776,지엠(GM)노래연습장,127.044994209055,37.4749831129275
서울특별시 서초구 양재동 8-4번지 지하1층,"서울특별시 서초구 남부순환로356길 23 (양재동,지하1층)",,대주노래연습장,127.038148024061,37.483903620675
서울특별시 서초구 양재동 327-14 15호 지층,"서울특별시 서초구 강남대로10길 19 (양재동,15호 지층)",,와노래연습장,127.040709352983,37.4683817022849
서울특별시 서초구 서초동 1538-1번지 2층1호,"서울특별시 서초구 서초대로40길 77, 2층 1호 (서초동)",6657,큐노래연습장,127.008752442726,37.4882396106063
"서울특별시 서초구 서초동 1589-14 지하1층(104,105,106호) ","서울특별시 서초구 효령로53길 21 (서초동,지하1층(104,105,106호))",,스타노래연습장,127.013496898963,37.485501901176
서울특별시 서초구 방배동 445-4번지,서울특별시 서초구 방배천로 5-1 (방배동),,문노래연습장,126.982475800902,37.4770127866652
서울특별시 서초구 서초동 1659-13번지 지하1층,"서울특별시 서초구 서초대로54길 24 (서초동,지하1층)",,체리 노래연습장,127.015950282617,37.4931319597713
서울특별시 서초구 방배동 910-3,서울특별시 서초구 효령로31길 36 (방배동),,궁전,126.996092181785,37.4827580453201
서울특별시 서초구 잠원동 12-9번지,서울특별시 서초구 강남대로101길 28  (잠원동),,도레미노래연습장,127.018209336486,37.5171658601622
서울특별시 서초구 양재동 347,서울특별시 서초구 강남대로8길 30 (양재동),,XG노래연습장,127.042539309508,37.4684402541002
서울특별시 서초구 양재동 249-13번지,서울특별시 서초구 마방로2길 15-5 (양재동),,산노래연습장,127.039407439349,37.4731013665514
서울특별시 서초구 양재동 276-0,서울특별시 서초구 마방로10길 33 (양재동),,코러스노래연습장,127.044449102405,37.4761785087251
서울특별시 서초구 방배동 443-4번지 지상3층,"서울특별시 서초구 방배천로 21 (방배동,지상3층)",,타임노래연습장,126.982281906997,37.478468969332
서울특별시 서초구 서초동 1308-13번지 지상3층,서울특별시 서초구 서초대로77길 31 (서초동),6612,에스비에스노래연습장,127.025375937177,37.5006193877919
서울특별시 서초구 서초동 1570-14번지,서울특별시 서초구 반포대로26길 73 (서초동),6645,토토노래연습장,127.012930575783,37.4915987243701
서울특별시 서초구 잠원동 19-10번지 2층,"서울특별시 서초구 신반포로47길 119, 2층 (잠원동)",6526,파리노래연습장,,
서울특별시 서초구 방배동 767-19,서울특별시 서초구 동광로11길 69 (방배동),,투투노래연습장,126.985291334113,37.4942525231863
서울특별시 서초구 반포동 95-8 지하1층,"서울특별시 서초구 서래로 31 (반포동,지하1층)",,스마일노래연습장,126.998105573052,37.4980053958067
서울특별시 서초구 반포동 83-16번지 양지빌딩 지하1층,"서울특별시 서초구 동광로49길 7 (반포동,양지빌딩 지하1층)",,라이브존노래연습장,127.001997216453,37.4935252280345
서울특별시 서초구 서초동 1565-22 지하1층,"서울특별시 서초구 반포대로24길 75 (서초동,지하1층)",,H노래연습장,127.013047601483,37.4889469560155
서울특별시 서초구 방배동 909-2번지 지하1층,"서울특별시 서초구 방배로 83-11  (방배동,지하1층)",,샴푸노래연습장,126.996510209203,37.482087617749
서울특별시 서초구 잠원동 35-9,서울특별시 서초구 신반포로45길 50-10 (잠원동),,채플린노래연습장,127.018039924248,37.5126113117601
서울특별시 서초구 서초동 1571-2 지하1층,"서울특별시 서초구 서초대로48길 15 (서초동,지하1층)",,D데이노래연습장,127.011570559556,37.4920743269838
서울특별시 서초구 서초동 1579-9 지하1층,"서울특별시 서초구 사임당로 33 (서초동,지하1층)",,쿨노래연습장,127.013729882838,37.4883244624687
서울특별시 서초구 서초동 1567-8,서울특별시 서초구 서초대로46길 99 (서초동),,조이노래연습장,127.01348530141,37.4901744397779
서울특별시 서초구 양재동 12-4 지하1층,"서울특별시 서초구 남부순환로350길 8 (양재동,지하1층)",,어린왕자노래연습장,127.035329770856,37.4841728173494
서울특별시 서초구 방배동 910-6 지하1층,"서울특별시 서초구 방배로 83-18, 지하1층 (방배동)",6686,보스노래연습장,126.997007580557,37.4818646316946
서울특별시 서초구 서초동 1696-14 나라빌딩 지하1층,"서울특별시 서초구 서초중앙로24길 19, 나라빌딩 지하1층 (서초동)",6604,퀸노래연습장,127.015683475534,37.4950411392692
서울특별시 서초구 서초동 1366-7 지하,"서울특별시 서초구 강남대로 243 (서초동,지하)",,김노래연습장,127.033293431719,37.4851359560245
서울특별시 서초구 잠원동 29-1 지하2층,"서울특별시 서초구 강남대로95길 19-4 (잠원동,지하2층)",,킹노래연습장,127.018747659494,37.5135734739406
서울특별시 서초구 방배동 937-22 지하,"서울특별시 서초구 서초대로 96 (방배동,지하)",,서리풀노래연습장,126.992853503947,37.4871931077676
서울특별시 서초구 방배동 909-3,"서울특별시 서초구 효령로31길 16, 지하1층 (방배동)",6686,인템포노래연습장,126.996533166568,37.4819652614198
서울특별시 서초구 양재동 8-71 지하1층,"서울특별시 서초구 남부순환로356길 33 (양재동,지하1층)",,짱노래연습장,127.038220097756,37.483559952717
서울특별시 서초구 방배동 924-14,서울특별시 서초구 방배로 113 (방배동),,파레스노래연습장,126.995614970299,37.4841777479071
서울특별시 서초구 양재동 218-2번지,서울특별시 서초구 매헌로 23 (양재동),6772,도레미노래연습장,127.035179179486,37.4632143761717
서울특별시 서초구 서초동 1307-18 4층,"서울특별시 서초구 강남대로65길 7 (서초동,4층)",,소리궁노래연습장,127.025329335344,37.5002593557814
서울특별시 서초구 반포동 741-9번지 지하,"서울특별시 서초구 주흥길 8 (반포동,지하)",,오페라노래연습장,127.02091132863,37.504198336469
서울특별시 서초구 방배동 872-9번지,서울특별시 서초구 서초대로 95 (방배동),,와 노래연습장,126.99263037356,37.4876273799397
서울특별시 서초구 잠원동 29-9,서울특별시 서초구 신반포로47길 72 (잠원동),,수노래연습장,127.018657255574,37.5134571686325
서울특별시 서초구 양재동 11-64,서울특별시 서초구 남부순환로350길 29-19 (양재동),,카리브노래연습장,127.037169706396,37.4839779053012
서울특별시 서초구 반포동 745-6,서울특별시 서초구 주흥길 3 (반포동),,더블유(W)노래연습장,127.020793020651,37.5037558735508
서울특별시 서초구 서초동 1571-26번지,서울특별시 서초구 반포대로28길 69 (서초동),,에프엠노래연습장,127.012074506431,37.4918239767111
서울특별시 서초구 방배동 792-3번지 2층,"서울특별시 서초구 방배중앙로 140 (방배동,2층)",,콘서트노래연습장,126.987055961437,37.4916371058111
서울특별시 서초구 잠원동 26-14 지상2층,"서울특별시 서초구 신반포로47길 77 (잠원동,지상2층)",,솔로몬노래연습장,127.018476031463,37.5138266988703
서울특별시 서초구 양재동 392-9번지 지하1층,"서울특별시 서초구 동산로 92 (양재동,지하1층)",,모이라노래연습장,127.048411134315,37.4732993064272
서울특별시 서초구 서초동 1572-11번지 지하1층,"서울특별시 서초구 반포대로30길 63 (서초동,지하1층)",,상하이노래연습장,127.01201131661,37.4926574149115
서울특별시 서초구 양재동 8-70 2층,"서울특별시 서초구 남부순환로356길 37 (양재동,2층)",,K2노래연습장,127.038309303304,37.4833334102636
서울특별시 서초구 방배동 769-1번지 지하1층,"서울특별시 서초구 방배로43길 43 (방배동,지하1층)",,보니노래연습장,126.986055349266,37.4952525533191
서울특별시 서초구 잠원동 69-22 반포쇼핑타운,"서울특별시 서초구 신반포로 219, 반포쇼핑타운 8동 지층 1-4호 (잠원동)",6512,어썸코인노래연습장,127.008065342049,37.5075121874388
서울특별시 서초구 양재동 277-0번지 지하1층,"서울특별시 서초구 논현로17길 3  (양재동,지하1층)",,S노래연습장,127.045493395099,37.4763907495514
서울특별시 서초구 서초동 1552-7번지,서울특별시 서초구 반포대로28길 15  (서초동),,야호노래방,127.009272526225,37.4906021033287
서울특별시 서초구 잠원동 14-10번지 지하1층,"서울특별시 서초구 나루터로15길 7-2 (잠원동,지하1층)",,컴백노래연습장,127.018322883722,37.5161557275044
서울특별시 서초구 양재동 324-4,"서울특별시 서초구 동산로 13, 지1층 (양재동, 정선빌딩)",6779,우리들노래연습장,127.041018992161,37.4696545432677
서울특별시 서초구 서초동 1557-7 지하1층,"서울특별시 서초구 반포대로28길 46 (서초동,지하1층)",,로데오노래연습장,127.011028772579,37.4910885865973
서울특별시 서초구 양재동 8-21번지 지하1층,"서울특별시 서초구 강남대로34길 69 (양재동,지하1층)",,뉴칼라노래연습장,127.039653822713,37.4841068429171
서울특별시 서초구 방배동 453-6 지하1층,"서울특별시 서초구 방배천로 40-2, 지하1층 (방배동)",6691,나우노래연습장,126.982712949081,37.4801361706526
서울특별시 서초구 잠원동 75-13 반포쇼핑타운 2동 18~20호,"서울특별시 서초구 신반포로 165, 반포쇼핑타운 2동 지층 18~20호 (잠원동)",6512,핵인싸 코인 노래연습장,127.002171712729,37.5057251189753
서울특별시 서초구 서초동 1665-1 지하1층,"서울특별시 서초구 서초중앙로20길 34-5, 지하1층 (서초동)",6634,브레이크타임코인노래연습장,127.016101623528,37.4922687743127
서울특별시 서초구 서초동 1602-10 지하1층,"서울특별시 서초구 효령로 289, 지하1층 (서초동)",6654,엔젤스코인노래연습장 남부터미널점,127.015844898549,37.4851294931638
서울특별시 서초구 방배동 909-9 유경빌딩,"서울특별시 서초구 방배로 81, 유경빌딩 지하1층 (방배동)",6686,판타스틱코인노래연습장 방배역점,126.997118841506,37.4816650609857
서울특별시 서초구 양재동 242-7번지,서울특별시 서초구 강남대로18길 15-3  (양재동),,떳다노래방,127.039623264649,37.4720582848971
서울특별시 서초구 반포동 83-16번지,서울특별시 서초구 동광로49길 7  (반포동),,라이브존노래연습장,127.001997216453,37.4935252280345
서울특별시 서초구 양재동 11-2번지,,,카리브노래방,,
서울특별시 서초구 잠원동 22-17번지,서울특별시 서초구 강남대로99길 19  (잠원동),,스타워즈,127.018538526201,37.5149747482622
서울특별시 서초구 양재동 324-4번지,서울특별시 서초구 동산로 13  (양재동),,보라노래방,127.041018992161,37.4696545432677
서울특별시 서초구 잠원동 19-10번지,,,파리,,
서울특별시 서초구 반포동 1190-0번지 3층,"서울특별시 서초구 신반포로 31  (반포동,3층)",,반포노래연습장,,
서울특별시 서초구 잠원동 19-8번지 (지하1층),"서울특별시 서초구 나루터로 78  (잠원동,(지하1층))",,보니엔클라이드,127.018322808953,37.5153872614585
서울특별시 서초구 잠원동 27-1번지,서울특별시 서초구 강남대로97길 9  (잠원동),,열창노래방,,
서울특별시 서초구 양재동 301-2번지 지하1층,"서울특별시 서초구 동산로19길 49  (양재동,지하1층)",,하나비,127.045571043458,37.4746824951663
서울특별시 서초구 양재동 17-1번지 은경빌딩,"서울특별시 서초구 강남대로30길 28  (양재동,은경빌딩)",,e노래방,127.038803832793,37.4819934489121
서울특별시 서초구 서초동 1658-2번지,서울특별시 서초구 서초대로52길 19  (서초동),,싱싱노래연습장,127.014785972718,37.492899651375
서울특별시 서초구 방배동 952-5번지,서울특별시 서초구 서초대로 20  (방배동),,불꽃노래연습장,126.984468013521,37.4854093879134
서울특별시 서초구 방배동 455-4번지,서울특별시 서초구 방배천로4안길 87  (방배동),,만남노래연습장,126.983280191977,37.4820648620597
"서울특별시 서초구 잠원동 69-12번지 반포쇼핑타운 6동 지하10,11호 ","서울특별시 서초구 신반포로 205  (잠원동,반포쇼핑타운 6동 지하10,11호)",,모아,127.006460397501,37.5070244820045
서울특별시 서초구 방배동 981-15번지 지하2층,"서울특별시 서초구 방배로 73  (방배동,지하2층)",,1.2.3노래방,126.997500112448,37.4808865078009
서울특별시 서초구 서초동 1460-5번지,서울특별시 서초구 반포대로 37  (서초동),,진실,127.011150367386,37.4837361693265
서울특별시 서초구 방배동 769-2번지 지하1층,"서울특별시 서초구 방배로43길 37  (방배동,지하1층)",,사계절노래연습장,126.986392549863,37.4953148522127
서울특별시 서초구 방배동 2525-0번지 지하1층,,,오페라노래방,,
서울특별시 서초구 서초동 1660-3번지,서울특별시 서초구 서초중앙로20길 18  (서초동),,MBC노래방,127.015164646675,37.4922051970824
서울특별시 서초구 잠원동 22-10번지,서울특별시 서초구 강남대로97길 26  (잠원동),,K.M.S TV노래방,127.018309619817,37.5146457373618
서울특별시 서초구 서초동 1330-8번지 지하1층,"서울특별시 서초구 사임당로 171  (서초동,지하1층)",,호수노래방,127.028349723754,37.49272886702
서울특별시 서초구 방배동 898-6번지,서울특별시 서초구 방배로 146  (방배동),,싱싱,126.994411632147,37.4869341519122
서울특별시 서초구 양재동 272-5번지,서울특별시 서초구 마방로10길 54-7  (양재동),,산타모노래연습장,127.04484607481,37.4751116532499
서울특별시 서초구 양재동 20-35번지,서울특별시 서초구 바우뫼로 175  (양재동),,샤데이노래방,127.039125008109,37.478456521896
서울특별시 서초구 잠원동 23-7번지 자무빌딩 지하,"서울특별시 서초구 강남대로99길 43  (잠원동,자무빌딩 지하)",,넷싱노래연습장,127.017263898968,37.5146325599756
서울특별시 서초구 서초동 1364-3번지,서울특별시 서초구 서운로 16  (서초동),,신나는노래연습장,127.029840173692,37.4855224201259
서울특별시 서초구 방배동 909-11번지,서울특별시 서초구 효령로31길 10  (방배동),,나이스노래연습장,126.996738384466,37.4817448804863
서울특별시 서초구 잠원동 12-9번지,서울특별시 서초구 강남대로101길 28  (잠원동),,도레미노래방,127.018209336486,37.5171658601622
서울특별시 서초구 서초동 1309-8번지 지하1층,"서울특별시 서초구 강남대로69길 8  (서초동,지하1층)",,TOP노래방,127.024653352058,37.5018444583427
서울특별시 서초구 서초동 1571-19번지,서울특별시 서초구 반포대로28길 79  (서초동),,칼라노래방,127.012583272329,37.4920097113348
서울특별시 서초구 서초동 1302-35번지,서울특별시 서초구 사평대로52길 13  (서초동),,레이노래방,127.022651154386,37.5025607083093
서울특별시 서초구 양재동 290-5번지 지하1층,"서울특별시 서초구 동산로19길 1  (양재동,지하1층)",,별들가요방,127.047350528983,37.4729787062819
서울특별시 서초구 서초동 1572-11번지,서울특별시 서초구 반포대로30길 63  (서초동),,오페라노래방,127.01201131661,37.4926574149115
서울특별시 서초구 양재동 13-21번지,서울특별시 서초구 강남대로 222-6  (양재동),,싱싱,127.035731329216,37.4838278806282
서울특별시 서초구 서초동 1565-8번지,서울특별시 서초구 서초대로50길 94  (서초동),,바우노래연습장,127.013652331411,37.4890335646337
"서울특별시 서초구 양재동 11-14번지 ,18,112 ",,,파워코러스노래연습장,,
서울특별시 서초구 잠원동 19-7번지,서울특별시 서초구 나루터로 76  (잠원동),,스피드노래방,127.018092866991,37.5154553226881
서울특별시 서초구 서초동 1306-4번지,서울특별시 서초구 서초대로77길 24  (서초동),,아이팅노래방,127.025991620906,37.5000209859136
서울특별시 서초구 방배동 936-9번지,서울특별시 서초구 방배로 143  (방배동),,오비노래방,126.993887693326,37.4866003024494
"서울특별시 서초구 잠원동 19-8번지 ,9 ","서울특별시 서초구 나루터로 78  (잠원동,,9)",,투스,127.018322808953,37.5153872614585
서울특별시 서초구 양재동 11-64번지,서울특별시 서초구 남부순환로350길 29-19  (양재동),,카리브,127.037169706396,37.4839779053012
서울특별시 서초구 서초동 1603-67번지 지층 102호,"서울특별시 서초구 효령로 303  (서초동,지층 102호)",,시티노래방,127.017334073774,37.4854765326893
서울특별시 서초구 반포동 738-41번지 지하1층,"서울특별시 서초구 사평대로55길 20  (반포동,지하1층)",,119노래연습장,127.022707988238,37.5050023322812
서울특별시 서초구 방배동 950-1번지,서울특별시 서초구 서초대로 34  (방배동),,송하노래방,,
서울특별시 서초구 반포동 19-4번지 2층,"서울특별시 서초구 신반포로 194  (반포동,2층)",,노블레스노래방,127.006834366246,37.5064357442307
서울특별시 서초구 양재동 68-7번지 지하1층,"서울특별시 서초구 바우뫼로33길 7-8  (양재동,지하1층)",,뮤직뱅크노래연습장,127.037222459713,37.4779546436207
"서울특별시 서초구 방배동 1692-0번지 1693,1695,1705 ",,,목화노래방,,
서울특별시 서초구 방배동 922-15번지,서울특별시 서초구 효령로29길 29  (방배동),,영심이노래방,,
서울특별시 서초구 반포동 55-7번지,서울특별시 서초구 고무래로8길 4  (반포동),,파티노래방,127.010307014669,37.5026616310415
서울특별시 서초구 서초동 1308-4번지 실버타운 3층,"서울특별시 서초구 서초대로77길 45  (서초동,실버타운 3층)",,디노텍노래연습장,127.024883450255,37.5017093493239
서울특별시 서초구 양재동 11-24번지,,,하나로노래연습장,,
서울특별시 강남구 역삼동 645-20,"서울특별시 강남구 강남대로94길 83, 지하층 (역삼동)",6131,홀릭노래연습장,127.033927271368,37.5008519534307
서울특별시 강남구 대치동 896-28,"서울특별시 강남구 테헤란로68길 25, 2층 (대치동)",6197,OK노래연습장,127.052845839308,37.5036422674073
서울특별시 강남구 역삼동 740-2 세하빌딩,"서울특별시 강남구 논현로85길 35, 세하빌딩 지하1층 (역삼동)",6237,싱싱 노래연습장,127.035264360146,37.4982387341174
서울특별시 강남구 논현동 165-9,"서울특별시 강남구 강남대로118길 7, 지하1층 (논현동)",6119,쁘띠미누 노래연습장,127.024345065834,37.5063836076629
서울특별시 강남구 논현동 165-13번지,"서울특별시 강남구 봉은사로1길 33, 지하1층 (논현동)",6119,슈퍼스타코인노래연습장,127.024120944672,37.5068642497565
서울특별시 강남구 대치동 896-9번지,"서울특별시 강남구 선릉로86길 28, 4층 (대치동)",6197,세븐틴 코인노래연습장,127.052047914889,37.5035868494312
서울특별시 강남구 역삼동 815-4번지 만이빌딩,"서울특별시 강남구 강남대로 428, 만이빌딩 지하2층 (역삼동)",6129,삼삼코인노래연습장,127.026869951723,37.5008659330556
서울특별시 강남구 세곡동 581번지,"서울특별시 강남구 헌릉로 569, 강남리더스프라자 3층 303호 (세곡동)",6376,NB코인노래연습장,127.101226214382,37.4657580150675
서울특별시 강남구 대치동 907-8번지 대치상부타워   지하1층,"서울특별시 강남구 역삼로 413, 대치상부타워 지하1층 (대치동)",6198,세븐스타코인노래연습장 대치점,127.052198463689,37.50117785426
서울특별시 강남구 역삼동 827-70번지 3층,"서울특별시 강남구 테헤란로6길 47, 3층 (역삼동)",6240,노래야노래야코인노래연습장(역삼점),127.0318423512,37.4955811960962
서울특별시 강남구 수서동 725 수서타워,"서울특별시 강남구 광평로56길 8-13, 수서타워 지하1층 B101~B105호 (수서동)",6367,오디션노래연습장,127.103173559444,37.4867575979651
서울특별시 강남구 논현동 164-16,"서울특별시 강남구 학동로2길 50, 지하1층 (논현동)",6114,탑스타 노래연습장,127.023417918506,37.508322938026
서울특별시 강남구 역삼동 827-22,"서울특별시 강남구 강남대로78길 25, 지하1층 (역삼동)",6240,프랜드 노래연습장,127.031269411977,37.4954349355334
서울특별시 강남구 일원동 645-1,"서울특별시 강남구 일원로9길 50, 지하1층 (일원동)",6342,판타스틱 코인노래연습장,127.085664026169,37.4903995881618
서울특별시 강남구 일원동 653-8번지 지하1층,"서울특별시 강남구 양재대로49길 5, 지하1층 (일원동)",6342,하모니 노래연습장,127.086422977136,37.4908823357284
서울특별시 강남구 역삼동 814-5,"서울특별시 강남구 강남대로 442, B동 2층 (역삼동)",6123,짱노래연습장,127.026069579038,37.5020858941495
서울특별시 강남구 신사동 610-2 영빌딩   지하1층,"서울특별시 강남구 논현로 872, 영빌딩 지하1층 (신사동)",6022,보이스코드코인노래연습장,127.028832956642,37.5263746958707
서울특별시 강남구 역삼동 647-11 동영빌딩,"서울특별시 강남구 테헤란로13길 8-10, 동영빌딩 지하1층 (역삼동)",6133,비비 노래연습장,127.033247714364,37.5003558725424
서울특별시 강남구 역삼동 827-49 송강원빌딩,"서울특별시 강남구 테헤란로8길 28, 송강원빌딩 지하1층 (역삼동)",6240,울리 노래연습장,127.031746860247,37.4970684233751
서울특별시 강남구 도곡동 952-10 목원빌딩,"서울특별시 강남구 강남대로 248, 목원빌딩 지하1층 (도곡동)",6266,뮤직이너스 코인노래연습장 양재점,127.033915562524,37.4857136858072
서울특별시 강남구 역삼동 699-8,"서울특별시 강남구 언주로98길 11, 지하1층 (역삼동)",6147,탕탕 노래연습장,127.042787081177,37.5050883080457
서울특별시 강남구 대치동 896-34,"서울특별시 강남구 선릉로86길 40, 지하1층 (대치동)",6197,SOM(솜) 노래연습장,127.052903804259,37.5038879456482
서울특별시 강남구 신사동 657-10,"서울특별시 강남구 선릉로157길 27, 지하1층 (신사동)",6018,세븐틴(SEVENTEEN) 코인노래연습장 압구정로데오점,127.037554691235,37.526192945168
서울특별시 강남구 역삼동 816-4,"서울특별시 강남구 강남대로96길 5, 지하1층 (역삼동)",6129,스튜디오 노래연습장,127.027457189603,37.4998211716146
서울특별시 강남구 역삼동 718-30,"서울특별시 강남구 테헤란로34길 14, 지하1층 (역삼동)",6220,비타민 노래연습장,127.040166727404,37.5006499733708
서울특별시 강남구 대치동 896-51,"서울특별시 강남구 테헤란로70길 26, 지하1층 (대치동)",6197,궁 노래연습장,127.053714054756,37.5039361441915
서울특별시 강남구 삼성동 145-3 지하1층,"서울특별시 강남구 봉은사로 506, 지하1층 (삼성동, 경원빌딩)",6163,시넬 노래연습장,127.054337199334,37.5129697830986
서울특별시 강남구 개포동 186-12 지하1층,"서울특별시 강남구 개포로82길 7, 지하1층 (개포동, 삼성빌딩)",6329,아베크 노래연습장,127.067287344121,37.48870191189
서울특별시 강남구 신사동 661-5번지 지하1층,"서울특별시 강남구 압구정로50길 5-9, 지하1층 (신사동)",6018,스타 노래연습장,127.039213095161,37.5277895222311
서울특별시 강남구 역삼동 798-30번지 지하1층,"서울특별시 강남구 도곡로 183, 지하1층 (역삼동, 현진빌딩)",6257,마타하리노래연습장,127.039407878096,37.4922351875816
서울특별시 강남구 대치동 908-2 지하1층,"서울특별시 강남구 역삼로 406, 지하1층 (대치동)",6199,SBS노래연습장,127.051662924506,37.5006107262726
서울특별시 강남구 논현동 242-18번지 지하1층,"서울특별시 강남구 선릉로129길 11, 지하1층 (논현동)",6099,아바 노래연습장,127.040651461041,37.5161342955651
서울특별시 강남구 도곡동 412-7 지하1층,"서울특별시 강남구 논현로38길 22, 지하1층 (도곡동)",6296,멜론 노래연습장,127.043324239146,37.4852229846532
서울특별시 강남구 역삼동 670-21 지하1층,"서울특별시 강남구 논현로94길 19, 지하1층 (역삼동)",6140,놀러와 노래연습장,127.037798994712,37.5027584776087
서울특별시 강남구 대치동 889-70 지하1층,"서울특별시 강남구 테헤란로64길 18, 지하1층 (대치동, 세화빌딩)",6192,벅스 노래연습장,127.05119768025,37.5037725578123
서울특별시 강남구 논현동 144-8 지하1층,"서울특별시 강남구 학동로2길 39, 지하1층 (논현동, LS빌딩)",6114,거침없이달려 노래연습장,127.023450826915,37.5090322024595
서울특별시 강남구 신사동 512-16 미학빌딩 지하1층,"서울특별시 강남구 강남대로152길 17, 지하1층 (신사동, 미학빌딩)",6035,칸 노래연습장,127.020805316747,37.5174979917958
서울특별시 강남구 논현동 182-25,"서울특별시 강남구 강남대로118길 19, 지하1층 (논현동)",6119,와드코인노래연습장,127.024947034971,37.5068885855194
서울특별시 강남구 역삼동 810번지,"서울특별시 강남구 강남대로110길 12, 지하1층층 (역삼동)",6123,몽노래연습장,127.025820706527,37.5038575962146
서울특별시 강남구 역삼동 619-26번지,"서울특별시 강남구 테헤란로1길 40, 4층 (역삼동)",6129,악쓰는하마 코인노래연습장,127.027276867288,37.500905574162
서울특별시 강남구 역삼동 756-18번지,"서울특별시 강남구 선릉로 313, 1층 하호 (역삼동, 삼미빌딩)",6218,큐코인노래연습장,127.051936356113,37.4976408900635
서울특별시 강남구 역삼동 817-9,"서울특별시 강남구 테헤란로1길 28, 4층 (역삼동)",6129,슈퍼스타 코인 노래연습장,127.027612921336,37.5001491916371
서울특별시 강남구 대치동 940-8,"서울특별시 강남구 도곡로77길 3, 2층 (대치동)",6208,슈퍼스타 코인 노래연습장,127.05849096702,37.4984047631609
서울특별시 강남구 역삼동 643-10번지,"서울특별시 강남구 테헤란로25길 17, 지하1층 (역삼동)",6131,타임 노래연습장,127.035240588466,37.5017984360259
서울특별시 강남구 청담동 131-15,"서울특별시 강남구 영동대로138길 9, 2층 (청담동)",6075,별 노래연습장,127.056494441884,37.5229050350666
서울특별시 강남구 대치동 897-28,"서울특별시 강남구 테헤란로64길 24, 지하2층 (대치동, 유경빌딩)",6198,별밤노래연습장,127.051440761262,37.5033351942461
서울특별시 강남구 개포동 158-2번지 지하,"서울특별시 강남구 선릉로6길 8, 지하층 (개포동)",6325,싸이 노래연습장,127.06168982887,37.4825494595214
서울특별시 강남구 도곡동 417-3번지 지하1층,"서울특별시 강남구 논현로38길 38-8, 지하1층 (도곡동)",6296,엔비 노래연습장,127.044944318987,37.4851194843256
서울특별시 강남구 논현동 242번지 지하1층,"서울특별시 강남구 선릉로129길 17, 지하1층 (논현동)",6099,올레노래연습장,127.040142360831,37.5159711177288
서울특별시 강남구 역삼동 601-11번지,서울특별시 강남구 강남대로110길 11 (역삼동),6123,앵콜 노래연습장,127.025722496305,37.5040607943802
서울특별시 강남구 대치동 896-1 지하1층,"서울특별시 강남구 테헤란로64길 25, 지하1층 (대치동)",6197,샵 노래연습장,127.051767915837,37.5032943258802
서울특별시 강남구 논현동 184 지하1층,"서울특별시 강남구 강남대로116길 8, 지하1층 (논현동)",6120,멜로디 노래연습장,127.024750885542,37.5061004275107
서울특별시 강남구 청담동 125-11 5층,"서울특별시 강남구 도산대로101길 3, 5층 (청담동)",6013,타임노래연습장,127.052593679812,37.5253017908224
서울특별시 강남구 신사동 569-29번지 지하1층,"서울특별시 강남구 압구정로28길 40, 지하1층 (신사동, 신사동 더원 빌딩)",6031,오페라노래연습장,127.027463671663,37.5239973673887
서울특별시 강남구 논현동 122-25번지 지하1층,"서울특별시 강남구 강남대로128길 27, 지하1층 (논현동, 새호시티라이프빌딩)",6110,난타노래연습장,127.024327715701,37.5104241673508
서울특별시 강남구 대치동 1001-10번지 지하1층,"서울특별시 강남구 영동대로86길 12, 지하1층 (대치동, 동남유화빌딩)",6174,대박노래연습장,127.065187924005,37.507823522519
서울특별시 강남구 역삼동 773-10 지하1층,"서울특별시 강남구 언주로69길 6, 지하1층 (역삼동)",6226,클릭 노래연습장,127.044772668509,37.4966512735153
서울특별시 강남구 역삼동 809-11 지하,"서울특별시 강남구 봉은사로2길 24, 지하층 (역삼동)",6123,삼삼 노래연습장,127.025893953062,37.5030888422286
서울특별시 강남구 역삼동 827-23번지,"서울특별시 강남구 강남대로78길 27, 지하1층 (역삼동)",6240,씽씽 노래연습장,127.031447428131,37.495492012111
서울특별시 강남구 대치동 1019-13,"서울특별시 강남구 삼성로 231, 지하층 3,4호 (대치동, 금마빌딩)",6279,락스타코인노래연습장 대치점,127.060983611087,37.4978190199265
서울특별시 강남구 대치동 941-27번지,"서울특별시 강남구 도곡로 443, 3층 (대치동)",6209,킹콩코인노래연습장 대치점,127.0588349858,37.4985584841936
서울특별시 강남구 개포동 1228번지 지하1층,"서울특별시 강남구 논현로 64, 지하1층 (개포동, 삼우빌딩)",6312,토마토 노래연습장,127.046877547541,37.4758989780329
서울특별시 강남구 일원동 687-1번지,"서울특별시 강남구 일원로9길 6, 지하1층 (일원동)",6343,엠비씨(MBC) 노래연습장,127.082010298535,37.4893245760406
서울특별시 강남구 신사동 512-12,"서울특별시 강남구 강남대로152길 21, 지하1층 (신사동)",6035,슈 노래연습장,127.021072766686,37.5176532773727
서울특별시 강남구 역삼동 817-0번지 지하1층,"서울특별시 강남구 강남대로98길 8, 지하1층 (역삼동)",6129,몰 노래연습장,127.027390617525,37.5005431632337
서울특별시 강남구 일원동 645-3번지 지하,"서울특별시 강남구 일원로9길 56, 지하층 (일원동)",6342,다모아 노래연습장,127.086016664393,37.4905592607409
서울특별시 강남구 일원동 687-6,"서울특별시 강남구 일원로9길 16, 지하1층 (일원동)",6343,퀸 노래연습장,127.082930553043,37.4895855862344
서울특별시 강남구 도곡동 419-10 지하1층,"서울특별시 강남구 논현로38길 46, 지하1층 (도곡동)",6296,썬 노래연습장,127.0453859536,37.4856706424704
서울특별시 강남구 신사동 537-13번지 지하1층,"서울특별시 강남구 도산대로11길 4, 지하1층 (신사동)",6035,락휴코인 노래연습장 신사역점,127.022603980433,37.5178923908626
서울특별시 강남구 논현동 51-2,서울특별시 강남구 학동로1길 8 (논현동),6044,티카 노래연습장,127.022077034062,37.5119656873678
서울특별시 강남구 삼성동 151-18 지하1층,"서울특별시 강남구 테헤란로81길 47, 지하1층 (삼성동, 태령빌딩)",6166,블링블링 노래연습장,127.05571644311,37.5102181043117
서울특별시 강남구 대치동 897-26 지하1층,"서울특별시 강남구 선릉로82길 19, 지하1층 (대치동, 동선빌딩)",6198,수 노래연습장,127.051641117606,37.5029380336826
서울특별시 강남구 삼성동 149-29 대모빌딩 2층,"서울특별시 강남구 삼성로104길 17, 2층 (삼성동, 대모빌딩)",6165,보노 노래연습장,127.055954807579,37.5111971130935
서울특별시 강남구 역삼동 738-6,"서울특별시 강남구 논현로85길 7, 지하1층 (역삼동)",6237,뮤즈 노래연습장,127.036816730065,37.4989811402062
서울특별시 강남구 역삼동 689-14 지하1층,"서울특별시 강남구 언주로98길 5, 지하1층 (역삼동)",6147,차차차 노래연습장,127.042175840233,37.5051770065812
서울특별시 강남구 역삼동 699-20번지 지하1층,"서울특별시 강남구 언주로98길 19, 지하1층 (역삼동)",6147,엔돌핀 노래연습장,127.04345326854,37.5049696727712
서울특별시 강남구 일원동 673-4번지 지하1층,"서울특별시 강남구 양재대로35길 6, 지하1층 (일원동)",6343,허브 노래연습장,127.083686888247,37.4900779940726
서울특별시 강남구 역삼동 700-31번지 700-34번지 지하1층,"서울특별시 강남구 테헤란로43길 19, 지하1층 (역삼동)",6147,물 노래연습장,127.043719287128,37.5046061090683
서울특별시 강남구 역삼동 601-7번지 지하1층,"서울특별시 강남구 봉은사로2길 7, 지하1층 (역삼동)",6123,더놀자(The놀자) 노래연습장,127.0256884019,37.504237398871
서울특별시 강남구 논현동 167-30번지 지하1층,"서울특별시 강남구 봉은사로1길 38, 지하1층 (논현동)",6119,락 노래연습장,127.024231112321,37.5072397661041
서울특별시 강남구 삼성동 148-12 지하1층,"서울특별시 강남구 봉은사로84길 29, 지하1층 (삼성동)",6165,싱싱 노래연습장,127.056374263987,37.5114239667275
서울특별시 강남구 대치동 899-3번지 지상3층,"서울특별시 강남구 역삼로63길 23, 지상3층 (대치동)",6198,올리브 노래연습장,127.051761523113,37.502716784111
서울특별시 강남구 논현동 167,"서울특별시 강남구 봉은사로1길 42, 지하1층 (논현동)",6119,씽씽 노래연습장,127.024147490919,37.5074663859805
서울특별시 강남구 논현동 184-29 지하1층,"서울특별시 강남구 봉은사로1길 18, 지하1층 (논현동)",6120,창 노래연습장,127.024819611827,37.5059862557343
서울특별시 강남구 역삼동 813-16 지하1층,"서울특별시 강남구 봉은사로2길 37, 지하1층 (역삼동)",6123,에스오에스(SOS)노래연습장,127.026586691351,37.5022330933426
서울특별시 강남구 역삼동 830-7 지상2층,"서울특별시 강남구 역삼로3길 22, 지상2층 (역삼동)",6243,킹 노래연습장,127.031235648614,37.4950080474332
서울특별시 강남구 개포동 1238-8번지 영심빌딩 지하1층,"서울특별시 강남구 개포로 218, 지하1층 (개포동, 영신빌딩)",6307,애플노래연습장,127.046611902693,37.4784962431058
서울특별시 강남구 삼성동 140-24번지 지하1층,"서울특별시 강남구 선릉로96길 2, 지하1층 (삼성동, 금성빌딩)",6161,대박노래연습장,127.048605280918,37.5059958923857
서울특별시 강남구 일원동 680-4 지하1층,"서울특별시 강남구 양재대로33길 6, 지하1층 (일원동)",6343,빙고 노래연습장,127.083265997061,37.4899514296184
서울특별시 강남구 신사동 658 지하1층 9호,"서울특별시 강남구 압구정로50길 28, 지하1층 9호 (신사동, 로데오현대아파트)",6018,알피엠 노래연습장,127.037303318538,37.5266478506594
서울특별시 강남구 개포동 1218-27 지하1층,"서울특별시 강남구 개포로22길 13, 지하1층 (개포동)",6308,티파니 노래연습장,127.048213320797,37.4780865422542
서울특별시 강남구 신사동 517-29번지 보리빌딩 지하1층,"서울특별시 강남구 도산대로11길 25, 지하1층 (신사동)",6034,빈티지코인노래연습장,127.022310476084,37.5191439402181
서울특별시 강남구 역삼동 792-53번지 지하1층,"서울특별시 강남구 역삼로20길 12, 지하1층 (역삼동, 성우빌딩)",6249,스타 노래연습장,127.037624052477,37.4944462999401
서울특별시 강남구 개포동 1218번지 지하1층,"서울특별시 강남구 개포로24길 6, 지하1층호 (개포동)",6308,S노래연습장,127.048082170647,37.4784324030915
서울특별시 강남구 삼성동 49-11번지 2층 202,"서울특별시 강남구 봉은사로 467 (삼성동, 2층202)",6096,엠 노래연습장,127.05063313853,37.5125244408451
"서울특별시 강남구 청담동 80-10번지 지하2,3층 ","서울특별시 강남구 압구정로 436 (청담동, 지하2,3층)",6015,코다(coda)노래연습장,127.044623881773,37.5265336774182
서울특별시 강남구 역삼동 830-28 지하1층,"서울특별시 강남구 역삼로3길 10, 지하1층 (역삼동)",6243,팡팡 노래연습장,127.031629083812,37.4942572237962
서울특별시 강남구 수서동 738번지 동익아파트 상가 지하1층 지하2호,"서울특별시 강남구 광평로39길 3 (수서동, 동익아파트 상가 지하1층 2호)",6352,궁마을 노래연습장,127.097263256365,37.4857662768639
서울특별시 강남구 수서동 738번지 동익아파트 상가 지하1층 지하11호,"서울특별시 강남구 광평로39길 3 (수서동, 동익아파트 상가 지하1층 1호)",6352,궁말 노래연습장,127.097263256365,37.4857662768639
서울특별시 강남구 개포동 186-1번지 개포빌딩 205호,"서울특별시 강남구 삼성로 38, 205호 (개포동, 개포빌딩)",6329,그랜드 노래연습장,127.066845330996,37.4886879268822
서울특별시 강남구 역삼동 644-1 지하1층,"서울특별시 강남구 논현로95길 29-11, 지하1층 (역삼동, 삼아빌딩)",6131,비올렛트노래연습장,127.034160196221,37.5012553567577
서울특별시 강남구 신사동 663-28,"서울특별시 강남구 선릉로157길 26, 지층 (신사동)",6018,채널브이제이(VJ) 노래연습장,127.037822999771,37.5263500844056
서울특별시 강남구 세곡동 124-2번지 지상1층,"서울특별시 강남구 밤고개로34길 4, 지상1층 (세곡동)",6365,대왕 노래연습장,127.107288856842,37.463992360853
서울특별시 강남구 논현동 86-5번지 지하,서울특별시 강남구 논현로132길 지하 13 (논현동),6052,에코 노래연습장,,
서울특별시 강남구 삼성동 106-8번지 지하1층,"서울특별시 강남구 영동대로112길 9, 지하1층 (삼성동, 제일빌딩)",6082,새천년 노래연습장,127.060943454087,37.5151959131335
서울특별시 강남구 역삼동 734-23번지 담곡빌딩,"서울특별시 강남구 역삼로 211, 담곡빌딩 지하1층 (역삼동)",6224,둘리 노래연습장,127.04024038228,37.4964963994266
서울특별시 강남구 일원동 645-10 지하1층,"서울특별시 강남구 일원로9길 72, 지하1층 (일원동)",6342,오 신바람 노래연습장,127.08733606995,37.490886980203
서울특별시 강남구 신사동 582-2번지 지하1층,"서울특별시 강남구 압구정로28길 21, 지하1층 (신사동)",6030,두드락노래연습장,127.027859682086,37.5250982995039
서울특별시 강남구 개포동 1217번지 지하1층,"서울특별시 강남구 개포로 228, 지하1층 (개포동, 영원빌딩)",6308,불꽃 노래연습장,127.047717596057,37.4786645607887
서울특별시 강남구 역삼동 817-6번지 지하1층,"서울특별시 강남구 테헤란로1길 32, 지하1층 (역삼동)",6129,라라코인 노래연습장,127.027463167361,37.5003951110995
서울특별시 강남구 논현동 198-9번지 지하1층,"서울특별시 강남구 강남대로114길 18 (논현동, 지하1층)",6120,초코렛노래연습장,127.025711703676,37.5058979466194
서울특별시 강남구 역삼동 784-1,서울특별시 강남구 언주로65길 7 (역삼동),6229,제일 노래연습장,127.045317535203,37.4951959399783
서울특별시 강남구 도곡동 417번지 지하1층,서울특별시 강남구 논현로38길 36 (도곡동),6296,청개구리 노래연습장,127.044712978205,37.4854899766145
서울특별시 강남구 개포동 1260번지 지하1층,"서울특별시 강남구 개포로25길 8, 지하1층 (개포동)",6306,신에스비에스(SBS)노래연습장,127.048364345257,37.4794602493928
서울특별시 강남구 대치동 896-52 동창빌딩,"서울특별시 강남구 선릉로86길 48, 동창빌딩 지하2층 (대치동)",6197,와와 노래연습장,127.053629812213,37.5041133201303
서울특별시 강남구 삼성동 9번지 지하1층,"서울특별시 강남구 선릉로 654, 지하1층 (삼성동, 예인빌딩)",6092,우리 노래연습장,127.042368837099,37.5150752829968
서울특별시 강남구 일원동 686-8번지 지하1층,"서울특별시 강남구 양재대로29길 6, 지하1층 (일원동)",6343,쉬즈노래연습장,127.082454969713,37.4896934093006
서울특별시 강남구 개포동 1231-2번지 지하1층,"서울특별시 강남구 개포로22길 6, 지하1층 (개포동)",6307,와와노래연습장,127.047452826556,37.4783244462957
서울특별시 강남구 논현동 164-12 지하1층,"서울특별시 강남구 강남대로122길 5, 지하1층 (논현동, 유창빌딩)",6114,축제노래연습장,127.023732247261,37.5076646912251
서울특별시 강남구 신사동 512-9 지하2층,"서울특별시 강남구 압구정로2길 60, 지하2층동 (신사동)",6035,물(MOOL) 노래연습장,127.0213097141,37.5179415559451
서울특별시 강남구 삼성동 153-60번지 지하1층,"서울특별시 강남구 삼성로100길 27, 지하1층 (삼성동)",6166,텐텐 노래연습장,127.057537046938,37.5101559632233
서울특별시 강남구 역삼동 827-48 지하1층,"서울특별시 강남구 테헤란로8길 26 (역삼동, 지하1층)",6240,앵콜 노래연습장,127.031715700902,37.4971917795382
서울특별시 강남구 신사동 537 지하1층,"서울특별시 강남구 강남대로152길 40, 지하1층 (신사동, 석천빌딩)",6035,가로수 노래연습장,127.022536590979,37.5179856575883
서울특별시 강남구 역삼동 738-6 지하1층,"서울특별시 강남구 논현로85길 7, 지하1층 (역삼동)",6237,뉴스타 노래연습장,127.036816730065,37.4989811402062
서울특별시 강남구 역삼동 787 지하1층,"서울특별시 강남구 도곡로27길 6, 지하1층 (역삼동)",6231,골든벨 노래연습장,127.042349360935,37.4934143089615
서울특별시 강남구 신사동 515-9 지하1층,"서울특별시 강남구 강남대로152길 35, 지하1층 (신사동)",6035,야놀자 노래연습장,127.022201116436,37.5180860928953
서울특별시 강남구 도곡동 515-4 지하1층,"서울특별시 강남구 논현로 148, 지하1층 (도곡동)",6301,휴앤락 노래연습장,127.042834985331,37.483024432034
서울특별시 강남구 역삼동 748-29 지하1층,"서울특별시 강남구 역삼로19길 5, 지하1층 (역삼동)",6246,벅스 노래연습장,127.036754684605,37.4956014841768
서울특별시 강남구 삼성동 119-0 창우빌딩 2층,"서울특별시 강남구 봉은사로 478, 2층 (삼성동, 창우빌딩)",6154,스타 노래연습장,127.052772890864,37.5126363099479
서울특별시 강남구 일원동 666-2번지 지하1층,"서울특별시 강남구 일원로9길 26, 지하1층 (일원동)",6343,나가수 노래연습장,127.083724377185,37.4898289290635
서울특별시 강남구 일원동 625-28 지하1층,"서울특별시 강남구 개포로124길 9, 지하1층 (일원동)",6339,황태자 노래연습장,127.082965353394,37.4939576989322
서울특별시 강남구 개포동 186-10번지 한국빌딩 지하1층,"서울특별시 강남구 개포로82길 9-11, 지하1층 (개포동, 한국빌딩)",6329,슈퍼스타코인 노래연습장,127.068021608717,37.4889197154795
서울특별시 강남구 수서동 725-1번지 지하1층,"서울특별시 강남구 광평로56길 8-9, 지하1층 (수서동, 목화오피스텔)",6367,모카노래연습장,127.103413871844,37.4869502936243
서울특별시 강남구 신사동 661-7 지하1층,"서울특별시 강남구 압구정로54길 6, 지하1층 (신사동)",6018,큐 노래연습장,127.039507893974,37.5275332691592
서울특별시 강남구 역삼동 704-5 지하1층,"서울특별시 강남구 테헤란로43길 26, 지하1층 (역삼동)",6148,짱 노래연습장,127.04414704689,37.5048466986042
서울특별시 강남구 신사동 514-6번지 지하1층,"서울특별시 강남구 강남대로152길 30, 지하1층 (신사동)",6035,유에프오 노래연습장,127.02183833898,37.5176583641248
서울특별시 강남구 도곡동 417-12번지 지하1층,"서울특별시 강남구 논현로38길 34, 지하1층 (도곡동)",6296,SBS노래연습장,127.044485775755,37.4854067191142
서울특별시 강남구 개포동 1218-24 지하1층,"서울특별시 강남구 개포로22길 19, 지하1층 (개포동)",6308,호박 노래연습장,127.048554541134,37.4777611381286
서울특별시 강남구 청담동 132-8 지하1층,"서울특별시 강남구 학동로101길 33, 지하1층 (청담동, 청담상가)",6075,발리노래연습장,127.056828126838,37.5224162613037
서울특별시 강남구 역삼동 646-5 지하1층,"서울특별시 강남구 강남대로94길 88, 지하1층 (역삼동)",6132,싱싱 노래연습장,127.034284818157,37.5007499464286
서울특별시 강남구 논현동 164-15 지하1층,서울특별시 강남구 학동로2길 54 (논현동),6114,나는가수다 프리웨이 노래연습장,127.023498732327,37.5081499290465
서울특별시 강남구 논현동 182-28 지하1층,"서울특별시 강남구 봉은사로1길 32, 지하1층 (논현동)",6119,스타일 노래연습장,127.024515199807,37.5068294798978
서울특별시 강남구 역삼동 730-4번지 지하1층,"서울특별시 강남구 언주로 407, 지하1층 (역삼동)",6225,개나리 노래연습장,127.043914402162,37.4994325517909
서울특별시 강남구 삼성동 153-61,"서울특별시 강남구 테헤란로87길 39, 지하1층 (삼성동, 심스빌딩)",6166,수엔수 노래연습장,127.057642715348,37.5103399869121
서울특별시 강남구 역삼동 810-8번지,"서울특별시 강남구 강남대로106길 7, 지하1층 (역삼동)",6123,스타코인노래연습장 강남직영점,127.026223922998,37.5029768645382
서울특별시 강남구 대치동 1019-1번지,"서울특별시 강남구 삼성로 233, 지하1층 101, 102호 (대치동, 신사빌딩)",6279,베카코인 노래연습장,127.060901364297,37.4980568379199
서울특별시 강남구 세곡동 590,"서울특별시 강남구 헌릉로569길 13, 2층 201,202호 (세곡동, 라온프라이빗시티강남)",6376,라온노래연습장,127.100039368895,37.4668160016853
서울특별시 강남구 논현동 143-15 건일빌딩,"서울특별시 강남구 강남대로 524, 2층 (논현동)",6114,영심이 노래연습장,127.02276666505,37.5090310748975
서울특별시 강남구 신사동 628-44번지 2층,"서울특별시 강남구 도산대로37길 18, 2층 (신사동)",6026,입큰 노래연습장,127.031508265034,37.5221275882167
서울특별시 강남구 삼성동 155-12,"서울특별시 강남구 삼성로96길 13, 지하1층 (삼성동)",6167,엔비(NB) 노래연습장,127.056934892805,37.508986390695
서울특별시 강남구 역삼동 687-5번지 지하1층,"서울특별시 강남구 언주로108길 12, 지하1층 (역삼동)",6144,히스 노래연습장,127.040523134105,37.5082905575019
서울특별시 강남구 역삼동 670-22번지 지하1층,"서울특별시 강남구 논현로94길 21, 지하1층 (역삼동)",6140,파티 노래연습장,127.037995812915,37.5028276117008
서울특별시 강남구 대치동 894-14 지하1층,"서울특별시 강남구 삼성로81길 30, 지하1층 (대치동)",6196,엔젤 노래연습장,127.055240972615,37.5041098746658
서울특별시 강남구 일원동 645 지하1층,"서울특별시 강남구 일원로9길 48, 지하1층 (일원동)",6342,신바람 노래연습장,127.085485529715,37.4903434945946
서울특별시 강남구 일원동 645-6 지하1층호,"서울특별시 강남구 일원로9길 62, 지하1층 (일원동)",6342,천당 노래연습장,127.086569791135,37.4907223895525
서울특별시 강남구 논현동 144-1 지상2층,"서울특별시 강남구 학동로2길 29, 지상2층 (논현동)",6114,파티파티 노래연습장,127.023103539972,37.5095715221991
서울특별시 강남구 역삼동 672-34번지 지하1층,"서울특별시 강남구 언주로93길 32, 지하1층 (역삼동)",6139,마이다스 노래연습장,127.039450713479,37.5033732342719
서울특별시 강남구 개포동 159-7번지 지하1층,"서울특별시 강남구 선릉로6길 13, 지하1층 (개포동)",6325,파티 노래연습장,127.061973316696,37.4830063027382
서울특별시 강남구 논현동 182 지하1층,"서울특별시 강남구 봉은사로1길 34, 지하1층 (논현동)",6119,쿨 노래연습장,127.024380312634,37.5069556485217
서울특별시 강남구 신사동 613-16 지하1층,"서울특별시 강남구 논현로176길 24, 지하1층 (신사동)",6022,토마토 노래연습장,127.030456228161,37.5274323350464
서울특별시 강남구 개포동 159-11 지하,"서울특별시 강남구 선릉로6길 5, 지하층 (개포동)",6325,스타 노래연습장,127.061517156648,37.4826574002867
서울특별시 강남구 논현동 96-11번지 지하1층,"서울특별시 강남구 도산대로50길 16, 지하1층 (논현동)",6054,파티 노래연습장,127.037396394799,37.5213758759591
서울특별시 강남구 논현동 231-6 지하1층,"서울특별시 강남구 언주로113길 10, 지하1층 (논현동)",6108,레드폭스 노래연습장,127.036488016457,37.509507238119
서울특별시 강남구 대치동 897-3번지 지하1층,"서울특별시 강남구 선릉로 420, 지하1층 (대치동)",6198,쿵짝 노래연습장,127.050272610094,37.5024968609524
서울특별시 강남구 대치동 890-44번지 지하1층,"서울특별시 강남구 선릉로86길 39, 지하1층 (대치동)",6193,놀러와 노래연습장,127.052878172597,37.5041064509375
서울특별시 강남구 역삼동 736-24 111호,"서울특별시 강남구 테헤란로20길 19, 111호 (역삼동)",6236,웨이브 노래연습장,127.03502680361,37.4985646987797
서울특별시 강남구 일원동 682-1 지하1층,"서울특별시 강남구 일원로5길 8, 지하1층 (일원동)",6343,로즈노래연습장,127.081586620395,37.4907876549039
서울특별시 강남구 신사동 511-18,"서울특별시 강남구 강남대로154길 11, 지하1층 (신사동)",6035,럭스노래연습장,127.020181321788,37.5177435333928
서울특별시 강남구 역삼동 668-24 지하1층호,"서울특별시 강남구 봉은사로30길 74, 지하1층 (역삼동)",6140,조이 노래연습장,127.036691011944,37.502752249602
서울특별시 강남구 논현동 198-6번지 지하1층,"서울특별시 강남구 강남대로114길 14, 지하1층 (논현동)",6120,물음표 노래연습장,127.025416941812,37.5058179110476
서울특별시 강남구 대치동 922-21번지 지하1층,"서울특별시 강남구 선릉로64길 9, 지하1층 (대치동)",6205,샵 노래연습장,127.053059427689,37.4979803406838
서울특별시 강남구 역삼동 699-2 지하1층,"서울특별시 강남구 언주로98길 7, 지하1층 (역삼동)",6147,에덴 노래연습장,127.042455855974,37.5051532098345
서울특별시 강남구 개포동 1217-1번지 지하1층,"서울특별시 강남구 개포로 230, 지하1층 (개포동)",6308,퀸 노래연습장,127.047916266713,37.4787095308532
서울특별시 강남구 역삼동 669-17,"서울특별시 강남구 논현로94길 13, 지하1층 (역삼동)",6140,명품 노래연습장,127.037374605852,37.5026360758715
서울특별시 강남구 도곡동 416-5 지하1층,"서울특별시 강남구 논현로38길 32, 지하1층 (도곡동)",6296,빙고 노래연습장,127.044257350422,37.4853579702516
서울특별시 강남구 삼성동 149-26번지,서울특별시 강남구 삼성로104길 11 (삼성동),6165,나르샤 노래연습장,127.05560858029,37.5110334740126
서울특별시 강남구 역삼동 813-18번지,"서울특별시 강남구 강남대로102길 11, 지하1층 (역삼동)",6123,팝스타코인 노래연습장,127.026734169327,37.5019291508086
서울특별시 강남구 일원동 687-5번지,"서울특별시 강남구 일원로9길 14, 지하1층 (일원동)",6343,플레이코인 노래연습장,127.082750366544,37.489531381827
서울특별시 강남구 도곡동 411-16 지하1층,"서울특별시 강남구 남부순환로 2730, 지하1층 (도곡동, 비엠빌딩)",6296,오키도키노래연습장,127.044695036913,37.4857410043023
서울특별시 강남구 역삼동 699-26 지하1층,"서울특별시 강남구 언주로98길 23, 지하1층 (역삼동)",6147,즐거운 노래연습장,127.043785737502,37.5049071103369
서울특별시 강남구 논현동 99-20번지,서울특별시 강남구 언주로146길 37 (논현동),6056,홈 노래연습장,127.03787679411,37.5206466313603
서울특별시 강남구 역삼동 790-8 지하1층,"서울특별시 강남구 논현로 339 (역삼동, 양양빌딩)",6248,보스노래연습장,127.039122332684,37.495441606041
서울특별시 강남구 역삼동 797-3 지하1층,"서울특별시 강남구 논현로 333, 지하1층 (역삼동, 역삼빌딩)",6248,가자 노래연습장,127.039410295564,37.4948991943308
서울특별시 강남구 역삼동 834-58 지하1층,"서울특별시 강남구 역삼로14길 14, 지하1층 (역삼동)",6250,엠브이존(MV ZONE) 노래연습장,127.035481335775,37.4936164146599
서울특별시 강남구 논현동 163-3 지하1층,"서울특별시 강남구 학동로2길 45, 지하1층 (논현동)",6114,에이치(H) 노래연습장,127.023588823983,37.5087080835741
서울특별시 강남구 청담동 120-5번지 지하1층,"서울특별시 강남구 압구정로79길 20, 지하1층 (청담동)",6011,M노래연습장,127.048802382646,37.5250583456851
서울특별시 강남구 논현동 187번지 지하,"서울특별시 강남구 강남대로118길 52 (논현동, 지하)",6121,팡팡 노래연습장,127.027255087154,37.5072555053766
서울특별시 강남구 논현동 98-12,"서울특별시 강남구 언주로148길 14 (논현동, 청호불교문화원)",6057,사이먼 노래연습장,127.036162554013,37.5206301397046
서울특별시 강남구 신사동 514-9,"서울특별시 강남구 도산대로11길 5, 지하1층 (신사동)",6035,락스타코인노래연습장,127.022276381395,37.5178475831346
서울특별시 강남구 논현동 143-3,"서울특별시 강남구 학동로2길 28, 1층 (논현동)",6114,RG노래연습장,127.02285470834,37.50956265066
서울특별시 강남구 삼성동 152-55 삼성빌딩,"서울특별시 강남구 삼성로104길 18, 삼성빌딩 지하1층 (삼성동)",6166,킹 노래연습장,127.056250776941,37.5110059596045
서울특별시 강남구 역삼동 671-23,"서울특별시 강남구 논현로94길 31, 지하1층 (역삼동)",6140,팡팡 노래연습장,127.038787839408,37.5031043234215
서울특별시 강남구 신사동 588-27,"서울특별시 강남구 도산대로37길 5, 지하2층 (신사동)",6026,몽 노래연습장,127.031313331058,37.5212604248898
서울특별시 강남구 도곡동 943-5,"서울특별시 강남구 강남대로58길 11, 지하1층 (도곡동)",6258,센스 노래연습장,127.032997288198,37.4894595261308
서울특별시 강남구 신사동 512-10,"서울특별시 강남구 압구정로2길 62, 지하1층 (신사동)",6035,악쓰는하마코인노래연습장 가로수길점,127.021441559996,37.5177732246531
서울특별시 강남구 삼성동 159 코엑스,"서울특별시 강남구 영동대로 513, 코엑스 B2층 K203A호 (삼성동)",6164,펀시티 노래연습장,127.059159043842,37.5118239121138
서울특별시 강남구 논현동 199-17,"서울특별시 강남구 강남대로118길 8, 지하1층 (논현동)",6120,짱가 노래연습장,127.024474037356,37.5061547257052
서울특별시 강남구 논현동 165-16 호서빌딩,"서울특별시 강남구 봉은사로1길 37, 호서빌딩 지하1층 (논현동)",6119,킹 노래연습장,127.023980783923,37.5071243984477
서울특별시 강남구 역삼동 740,"서울특별시 강남구 테헤란로20길 25, 지하 1층 (역삼동)",6237,판타스틱 코인 노래연습장(역삼점),127.034913082441,37.4981751373056
서울특별시 강남구 논현동 242-22 미림빌딩,"서울특별시 강남구 선릉로129길 9-7, 미림빌딩 지하1층층 (논현동)",6099,판타스틱코인노래연습장 강남구청역점,127.041040623155,37.5158126828943
서울특별시 강남구 신사동 661-15,"서울특별시 강남구 선릉로161길 22, 지하1층 (신사동)",6018,판타스틱코인노래연습장 압구정로데오점,127.038651951846,37.5275493199209
서울특별시 송파구 오금동 1-9 12통3반,서울특별시 송파구 위례성대로20길 8-1 (오금동),,나오미,,
서울특별시 송파구 잠실동 330번지 3통4반,서울특별시 송파구 백제고분로18길 21 (잠실동),,은하수,127.084336654941,37.5031860937258
서울특별시 송파구 방이동 63-5,"서울특별시 송파구 올림픽로32길 18-23, 지1층 (방이동)",5548,if 노래연습장,127.108164290678,37.5138506092525
서울특별시 송파구 가락동 13-10 지층,"서울특별시 송파구 송이로17길 50-27, 지층 (가락동)",5702,도레미노래연습장,127.126204518358,37.5006917419242
서울특별시 송파구 가락동 70-0 2통7반,서울특별시 송파구 중대로9길 53 (가락동),,탈렌트노래연습장,127.119471959747,37.4976086534119
서울특별시 송파구 석촌동 4-9,서울특별시 송파구 백제고분로33길 31 (석촌동),,OK,127.098621771626,37.5054605209185
서울특별시 송파구 가락동 97-2,서울특별시 송파구 중대로9길 23 (가락동),5711,앵글노래연습장,127.11876519642,37.4951958408319
서울특별시 송파구 가락동 83-20,"서울특별시 송파구 송이로20길 18, 지하 1층 (가락동)",5712,대박노래연습장,127.119565193204,37.4956543668964
서울특별시 송파구 거여동 36-5,서울특별시 송파구 오금로 517 (거여동),,수,127.146334221223,37.4931160203914
서울특별시 송파구 잠실동 186-7,서울특별시 송파구 백제고분로7길 48 (잠실동),,뉴로데오노래연습장,127.084158681466,37.5106744716474
서울특별시 송파구 가락동 17-3,"서울특별시 송파구 오금로36길 27, 지층 (가락동)",5703,희노래연습장,127.124305426735,37.5012608483399
서울특별시 송파구 거여동 21-7번지 지층,"서울특별시 송파구 오금로 491, 지층 (거여동)",5744,일번출구 노래연습장,127.143504791536,37.4937262288873
서울특별시 송파구 석촌동 296-10번지,서울특별시 송파구 송파대로 381 (석촌동),,뮤젠,127.110169891842,37.5014100277705
서울특별시 송파구 마천동 161-2,"서울특별시 송파구 성내천로 229, 지층 (마천동)",5747,보이스,127.153129890332,37.4995169828835
서울특별시 송파구 방이동 158-0번지 14통2반,서울특별시 송파구 백제고분로50길 40 (방이동),,큐노래연습장,127.11887975942,37.5128916440189
서울특별시 송파구 거여동 22-11,서울특별시 송파구 오금로59길 5 (거여동),,엔젤노래연습장,127.143899541448,37.4939554152343
서울특별시 송파구 석촌동 296-9번지 지층,"서울특별시 송파구 송파대로 383, 지층 (석촌동)",5697,"1,2,3 노래연습장",127.110039723141,37.5015640408283
서울특별시 송파구 방이동 204-9번지 지하1층,"서울특별시 송파구 양재대로71길 7, 지하1층 (방이동)",5639,바다,127.125793453995,37.5103424814619
서울특별시 송파구 방이동 113-4 14통4반 지층,"서울특별시 송파구 백제고분로48길 16, 지층 (방이동)",5641,라라노래연습장,127.114901882041,37.511155652084
서울특별시 송파구 잠실동 185-12 지층,서울특별시 송파구 백제고분로7길 56 (잠실동),5559,띵가띵가노래연습장,127.084970666264,37.5106736200341
서울특별시 송파구 풍납동 405-1 지하1층,"서울특별시 송파구 풍성로26길 53 (풍납동,지하1층)",,SBS,127.116382967459,37.5295541153057
서울특별시 송파구 잠실동 188-7번지 지하1층,"서울특별시 송파구 올림픽로12길 14  (잠실동,지하1층)",,브이,127.082893801007,37.5103500134322
서울특별시 송파구 송파동 32 대림빌딩,"서울특별시 송파구 석촌호수로 272, 대림빌딩 지하1층 (송파동)",5623,샵,127.105927037774,37.5099799418237
서울특별시 송파구 가락동 96-18 2층,"서울특별시 송파구 송파대로30길 3, 2층 (가락동)",5711,AmPm,127.117929771132,37.4943499119006
서울특별시 송파구 송파동 135-5 지1층,"서울특별시 송파구 백제고분로 438, 지1층 (송파동)",5662,체리노래연습장,127.112194332317,37.5097139452876
서울특별시 송파구 가락동 49-2번지 지하1층,"서울특별시 송파구 송이로 93-1, 지하1층 (가락동)",5714,리멤버 노래연습장,127.121130955393,37.4978340174945
서울특별시 송파구 송파동 122-3 지층,"서울특별시 송파구 가락로 173-1, 지층 (송파동)",5664,신도깨비노래연습장,127.114207097572,37.5043441013731
서울특별시 송파구 가락동 191-6번지 중원빌딩,"서울특별시 송파구 오금로46길 28, 중원빌딩 지층 (가락동)",5783,비타민 노래연습장,127.134348287589,37.4952647428302
서울특별시 송파구 거여동 133-77번지,서울특별시 송파구 마천로 264 (거여동),,신로또노래연습장,127.146149512256,37.4980805219712
서울특별시 송파구 가락동 90-3 지층,"서울특별시 송파구 중대로9길 43-4, 지하층 (가락동)",5711,꿀달콤한노래연습장,127.118632205604,37.4971222356259
서울특별시 송파구 방이동 69번지 지층,서울특별시 송파구 오금로13길 12 (방이동),5548,애플노래연습장,127.109194541893,37.5133353684567
서울특별시 송파구 가락동 174-19번지 지하1층,"서울특별시 송파구 오금로46길 10, 지하1층 (가락동)",5769,나투노래연습장,127.135811921897,37.4964560914661
서울특별시 송파구 잠실동 335-1번지 지층,"서울특별시 송파구 백제고분로18길 3 (잠실동,지층)",,매직노래연습장,127.085081149732,37.5047757440376
서울특별시 송파구 가락동 90-5 지층,"서울특별시 송파구 중대로9길 45-5, 지1층 (가락동)",5711,짱 노래연습장,127.118700952057,37.4973306593692
서울특별시 송파구 마천동 125-23,"서울특별시 송파구 거마로20길 18, 지1층 (마천동)",5756,앙노래연습장,127.148371257876,37.4974748895631
서울특별시 송파구 방이동 110-2,서울특별시 송파구 백제고분로 454 (방이동),,챔프,127.112989070614,37.5110346904453
서울특별시 송파구 풍납동 404-2번지 지층,"서울특별시 송파구 풍성로26길 54, 지층 (풍납동)",5531,금강산노래연습장,127.116298355093,37.5297804400349
서울특별시 송파구 가락동 189-30번지,서울특별시 송파구 동남로18길 31 (가락동),,악쓰는하마노래연습장,127.133553323084,37.4938068248688
서울특별시 송파구 송파동 148-1,서울특별시 송파구 가락로30길 14 (송파동),,썬,127.117743482616,37.5065654805704
서울특별시 송파구 마천동 129-1,"서울특별시 송파구 마천로41길 15, 지하1층 (마천동)",5756,21세기,127.149373752739,37.4972995519266
서울특별시 송파구 마천동 178-55,"서울특별시 송파구 마천로41길 34, 지1층 (마천동)",5757,짱구 노래연습장,127.151154426611,37.4968657953188
서울특별시 송파구 거여동 183-5번지,서울특별시 송파구 마천로 276 (거여동),5767,서울서울,,
서울특별시 송파구 가락동 180-12,서울특별시 송파구 동남로20길 50-37 (가락동),,비발디,127.135414102768,37.4925790675004
서울특별시 송파구 방이동 64-5,"서울특별시 송파구 오금로11길 16, 3층 (방이동)",5548,베스트코인노래연습장,127.109114086775,37.5146327077334
서울특별시 송파구 방이동 178-4번지,서울특별시 송파구 백제고분로50길 11 (방이동),,달빛노래연습장,127.116249335133,37.5141563879111
서울특별시 송파구 잠실동 205-1,"서울특별시 송파구 올림픽로12길 23, 지1층 (잠실동)",5559,열린노래연습장,127.083383767141,37.5095315566176
서울특별시 송파구 송파동 23-0 지층,"서울특별시 송파구 백제고분로41길 16, 지층 (송파동)",5621,SBS 노래연습장,127.107892262861,37.5074876969499
서울특별시 송파구 삼전동 1-7,서울특별시 송파구 삼전로 94 (삼전동),,신원샷,127.090405967533,37.5066471405559
서울특별시 송파구 방이동 206-6번지,"서울특별시 송파구 위례성대로18길 31, 지1층 (방이동)",5639,SBS노래연습장,127.125058103724,37.5096323700991
서울특별시 송파구 삼전동 48-3 지층,"서울특별시 송파구 백제고분로22길 3, 지1층 (삼전동)",5582,헤라 노래연습장,127.08947376709,37.5034918097903
서울특별시 송파구 오금동 155-15번지,"서울특별시 송파구 동남로24길 13, 지1층 (오금동)",5740,우창 노래연습장,127.137663158438,37.4995009700063
서울특별시 송파구 오금동 18-11 201호,"서울특별시 송파구 마천로 61, 201호 (오금동)",,케이비에스,127.12744116849,37.5082128137916
서울특별시 송파구 마천동 128-5번지,서울특별시 송파구 마천로41길 22  (마천동),,금강산,127.14994730411,37.4968946341351
서울특별시 송파구 잠실동 190-10번지,서울특별시 송파구 백제고분로7길 28 (잠실동),,CNN,127.08193090824,37.5106346817839
서울특별시 송파구 잠실동 210-43번지,서울특별시 송파구 삼전로13길 36 (잠실동),,호수,127.086278321079,37.5081533736736
서울특별시 송파구 방이동 204 지층,"서울특별시 송파구 양재대로71길 9, 지층 (방이동)",5639,행운노래연습장,127.125568735081,37.5104225495148
서울특별시 송파구 가락동 49-14 시우빌딩,"서울특별시 송파구 오금로36길 71, 시우빌딩 지층 (가락동)",5714,해운대노래연습장,127.121100974171,37.4981758898724
서울특별시 송파구 잠실동 186-12 지층,"서울특별시 송파구 백제고분로15길 55, 지층 (잠실동)",5559,럭키 노래연습장,127.08437657699,37.5103204918258
서울특별시 송파구 송파동 11-1번지,서울특별시 송파구 백제고분로41길 31 (송파동),,놀이터 노래연습장,127.106489453655,37.508429618615
서울특별시 송파구 삼전동 28-12,서울특별시 송파구 백제고분로22길 4 (삼전동),5581,썸 노래연습장,127.089185240922,37.503569063928
서울특별시 송파구 송파동 50,서울특별시 송파구 백제고분로45길 10 (송파동),,온에어코인노래연습장,127.110365156274,37.5095232140061
서울특별시 송파구 삼전동 10,서울특별시 송파구 백제고분로21길 8 (삼전동),,마야노래연습장,127.090054236935,37.5045833870255
서울특별시 송파구 오금동 72-9번지 지층,"서울특별시 송파구 마천로 138, 지층 (오금동)",5728,만남,127.134751696433,37.5045401348894
서울특별시 송파구 방이동 23-2,서울특별시 송파구 올림픽로 342 (방이동),,MGM,127.108276419724,37.515676660308
서울특별시 송파구 송파동 14-18 부림빌딩,"서울특별시 송파구 백제고분로41길 17, 부림빌딩 지층 (송파동)",5625,비타민 노래연습장,127.107521973314,37.5074895662914
서울특별시 송파구 석촌동 10 지층,"서울특별시 송파구 삼학사로 78-1, 지층 (석촌동)",5613,씨씨노래연습장,127.097350820898,37.5042738703281
서울특별시 송파구 방이동 71-9 지층,"서울특별시 송파구 올림픽로32길 36, 지층 (방이동)",5549,짱노래연습장,127.110130066381,37.5130235635358
서울특별시 송파구 잠실동 186-10번지,"서울특별시 송파구 백제고분로9길 47, 지층 (잠실동)",5559,오케이노래연습장,127.084299542858,37.5101108831248
서울특별시 송파구 마천동 118-24 B02,"서울특별시 송파구 거마로 62 (마천동,B02)",,베스트,127.147016756977,37.4984181338934
서울특별시 송파구 석촌동 210번지 공익빌딩,"서울특별시 송파구 백제고분로 276, 공익빌딩 지하1층 (석촌동)",5679,세븐스타코인노래연습장 석촌고분역점,127.097258552535,37.5021081097948
서울특별시 송파구 문정동 652-4번지 힐스테이트에코문정,"서울특별시 송파구 법원로4길 10, 힐스테이트에코문정 B106호 (문정동)",5855,탄탄코인노래연습장,127.122826416048,37.4826157890248
서울특별시 송파구 잠실동 183-3번지 페로스,"서울특별시 송파구 백제고분로7길 45, 페로스 2층 (잠실동)",5558,리코스타 코인노래연습장,127.083934679287,37.5109302459295
서울특별시 송파구 가락동 86-12 지층,"서울특별시 송파구 양재대로62길 42-1, 지층 (가락동)",5712,쟁반노래연습장,127.120159277623,37.4962560868001
서울특별시 송파구 삼전동 48 경인빌딩 지하1층,"서울특별시 송파구 백제고분로 206, 경인빌딩 지하1층 (삼전동)",5582,코드코인노래연습장,127.089518874081,37.5036663003414
서울특별시 송파구 풍납동 400-10번지 지하1층,"서울특별시 송파구 강동대로9길 14-1, 지하1층 (풍납동)",5538,엔젤스코인노래연습장,127.116544636683,37.5275911246087
서울특별시 송파구 가락동 98-2 훼밀리오피스텔,"서울특별시 송파구 송파대로30길 8, 훼밀리오피스텔 지하1층 101,102호 (가락동)",5719,발리노래연습장,127.118405222237,37.4942436581716
서울특별시 송파구 가락동 97-8 이연파레스,"서울특별시 송파구 송파대로30길 11, 207호 (가락동, 이연파레스)",5711,은영 노래연습장,127.118465891551,37.4947814982071
서울특별시 송파구 송파동 89-7 우일빌딩,"서울특별시 송파구 송파대로 404, 우일빌딩 지하1층 (송파동)",5667,피그코인노래연습장,127.109316641637,37.5033675337152
서울특별시 송파구 잠실동 185-7 지하1층,"서울특별시 송파구 백제고분로7길 54, 지층 (잠실동)",5559,어썸코인노래연습장 잠실1호점,127.084850098654,37.5106763196152
서울특별시 송파구 가락동 97-10,"서울특별시 송파구 송파대로30길 7, 지층 (가락동)",5711,하루에노래연습장,127.118295097992,37.4945409204301
서울특별시 송파구 가락동 75-18,"서울특별시 송파구 양재대로62길 43, 3층 (가락동)",5713,공룡노래연습장,127.120518085476,37.4963218551574
서울특별시 송파구 문정동 642-3 문정에스케이브이원지엘메트로시티,"서울특별시 송파구 법원로 128, 문정에스케이브이원지엘메트로시티 CG동 지하층 103호 (문정동)",5854,탄2코인노래연습장,127.120453991896,37.4868314347245
서울특별시 송파구 잠실동 313-20 정방빌딩,"서울특별시 송파구 백제고분로 132, 정방빌딩 2층 (잠실동)",5575,코드코인 노래연습장,127.081550511569,37.5059355752219
서울특별시 송파구 장지동 896 위례중앙푸르지오2단지,"서울특별시 송파구 위례광장로 290, B09,10-1,10-2호 (장지동, 위례중앙푸르지오2단지)",5852,락휴코인노래연습장 위례신도시점,127.142846458508,37.4749701169654
서울특별시 송파구 가락동 82-4,"서울특별시 송파구 중대로9길 26, 2층 (가락동)",5712,나이스 노래연습장,127.118965209141,37.4954621572608
서울특별시 송파구 가락동 82-2,"서울특별시 송파구 중대로9길 22, 2층 (가락동)",5712,허니노래연습장,127.119295274439,37.495092141522
서울특별시 송파구 방이동 71-0번지,서울특별시 송파구 오금로15길 16  (방이동),,S.B.S,127.109849770376,37.5130158056097
서울특별시 송파구 풍납동 257-92,서울특별시 송파구 토성로 34-1 (풍납동),,소리사랑,127.114065832865,37.5300520167187
서울특별시 송파구 석촌동 6-14,서울특별시 송파구 삼학사로18길 13 (석촌동),5612,허니노래연습장,127.098611498178,37.5045287101103
"서울특별시 송파구 가락동 79-4번지 세화오피스텔 지층 108,109호 ","서울특별시 송파구 송파대로28길 20, 지층 108,109호 (가락동, 세화오피스텔)",5718,홍콩,127.12022159525,37.4941449655427
서울특별시 송파구 방이동 34-2 현대드림밸리,"서울특별시 송파구 오금로11길 11-8, 현대드림밸리 5층 503,504,505호 (방이동)",5542,스타코인노래연습장,127.108747772156,37.5149817338907
서울특별시 송파구 방이동 67-7번지 부흥빌딩,"서울특별시 송파구 오금로13길 8, 부흥빌딩 지층 (방이동)",5548,Kstar코인노래연습장(방이점),127.108585120773,37.513188796365
서울특별시 송파구 가락동 99-7 가락 ID TOWER,"서울특별시 송파구 중대로 105, 가락 ID TOWER B02호 (가락동)",5719,티티노래연습장,127.120052549745,37.493586152986
서울특별시 송파구 가락동 82-6 다보빌딩,"서울특별시 송파구 중대로9길 30, 다보빌딩 지층 (가락동)",5712,엔돌핀,127.118793108964,37.4958265171815
서울특별시 송파구 가락동 97-5 센터빌딩,"서울특별시 송파구 중대로9길 21, 센터빌딩 2층 202호 (가락동)",5711,백마 노래연습장,127.118939895855,37.4950451970127
서울특별시 송파구 가락동 96-18,"서울특별시 송파구 송파대로30길 3, 지하1층 (가락동)",5711,키스 노래연습장,127.117929771132,37.4943499119006
서울특별시 송파구 문정동 642-3번지 문정에스케이브이원지엘메트로시티,"서울특별시 송파구 법원로 128, 문정에스케이브이원지엘메트로시티 B동 209,210호 (문정동)",5854,이안노래연습장,127.120453991896,37.4868314347245
서울특별시 송파구 가락동 86-16 정민빌딩,"서울특별시 송파구 양재대로62길 38, 정민빌딩 지층 (가락동)",5712,쏭쏭노래연습장,127.119817278762,37.4965892658337
서울특별시 송파구 가락동 82-3,"서울특별시 송파구 중대로9길 24, 2층 (가락동)",5712,호수노래연습장,127.119140285549,37.4952639396378
서울특별시 송파구 마천동 128-127,"서울특별시 송파구 마천로 307, 2층 (마천동)",5757,POP코인노래연습장,127.150157693789,37.495621515886
서울특별시 송파구 가락동 86-10 리치월드,"서울특별시 송파구 송이로20길 10, 리치월드 지하층 (가락동)",5712,썸노래연습장,127.120327941657,37.4960794981157
서울특별시 송파구 가락동 83-6 상원빌딩,"서울특별시 송파구 중대로9길 32, 상원빌딩 지하층 (가락동)",5712,궁노래연습장,127.118761211298,37.4960355827
서울특별시 송파구 가락동 81,"서울특별시 송파구 송파대로30길 21, 3층 (가락동)",5712,엄지노래연습장,127.119646367926,37.4952881157506
서울특별시 송파구 잠실동 246 거북이빌딩,"서울특별시 송파구 삼전로9길 19, 거북이빌딩 지층 (잠실동)",5567,힐링노래연습장,127.087343203156,37.5065269983435
서울특별시 송파구 잠실동 191-7,"서울특별시 송파구 백제고분로7길 24, 3층 (잠실동)",5560,와썹노래연습장,127.081490412315,37.5104730760303
서울특별시 송파구 가락동 81-4,"서울특별시 송파구 송파대로30길 27-1, 2층 (가락동)",5712,헤라노래연습장,127.120155239637,37.4955708756674
서울특별시 송파구 가락동 79-5 밀리아나2차오피스텔,"서울특별시 송파구 송파대로28길 24, 밀리아나2차오피스텔 202호 (가락동)",5718,왁스노래연습장,127.120544891541,37.4942847426139
서울특별시 송파구 가락동 82-2,"서울특별시 송파구 중대로9길 22, 지하1층 (가락동)",5712,거송노래연습장,127.119295274439,37.495092141522
서울특별시 송파구 거여동 37-4번지 상호빌딩,"서울특별시 송파구 오금로 505, 상호빌딩 지하층 (거여동)",5768,Kstar 코인노래연습장,127.144848887595,37.49321290704
서울특별시 송파구 문정동 71-2 광덕빌딩,"서울특별시 송파구 새말로8길 6, 지하1층 (문정동)",5817,건영 노래연습장,127.126350492288,37.4822158095347
서울특별시 송파구 송파동 17-3,"서울특별시 송파구 백제고분로41길 11, 지하1층 (송파동)",5626,세븐틴코인노래연습장 석촌호수점,127.107986537871,37.5070596336207
서울특별시 송파구 신천동 29 롯데월드타워앤드롯데월드몰,"서울특별시 송파구 올림픽로 300, 롯데월드타워앤드롯데월드몰 10층 (신천동)",5551,(주)미디어스코프 싱잇박스,127.104301829165,37.5137129859207
서울특별시 송파구 거여동 27 하나메디칼크리닉BD,"서울특별시 송파구 오금로 504, 하나메디칼크리닉BD 지층 (거여동)",5773,텐코인코인노래연습장,127.144647366813,37.4928541028823
서울특별시 송파구 방이동 64-1 동성빌딩,"서울특별시 송파구 오금로11길 14, 동성빌딩 지층 (방이동)",5548,락휴코인노래연습장 송파구청점,127.108893037866,37.5144572160495
서울특별시 송파구 가락동 97-5 센터빌딩,"서울특별시 송파구 중대로9길 21, 센터빌딩 3층 일부호 (가락동)",5711,백호 노래연습장,127.118939895855,37.4950451970127
서울특별시 송파구 가락동 83-6 상원빌딩,"서울특별시 송파구 중대로9길 32, 상원빌딩 2층 (가락동)",5712,엔젤 노래연습장,127.118761211298,37.4960355827
서울특별시 송파구 방이동 64-12 효창플라자,"서울특별시 송파구 오금로11길 12, 효창플라자 4층 일부호 (방이동)",5548,오아시스메타 코인노래연습장 송파방이점,127.1085536341,37.5144091445735
서울특별시 송파구 문정동 99-7 아이원빌딩,"서울특별시 송파구 새말로 154, 아이원빌딩 지층 (문정동)",5799,딩동댕 노래연습장,127.130604643648,37.4843896409066
서울특별시 송파구 가락동 97-7,"서울특별시 송파구 송파대로30길 13, 지층 (가락동)",5711,입큰 노래연습장,127.118784040716,37.4948847043839
서울특별시 송파구 문정동 51-9,"서울특별시 송파구 문정로 7, 지층 (문정동, 진주빌딩)",5806,문노래연습장,127.123682750013,37.4863147947562
서울특별시 송파구 삼전동 46-8번지,"서울특별시 송파구 백제고분로22길 11, 지층 (삼전동, 유라빌라트)",5582,별노래연습장,127.089192564994,37.5027857243429
서울특별시 송파구 가락동 82-1,"서울특별시 송파구 송파대로30길 19, 2층 201호 (가락동)",5712,람보노래연습장,127.119443821814,37.4951364110394
서울특별시 송파구 가락동 189-5,"서울특별시 송파구 동남로18길 33, 2층 (가락동)",5782,세븐스타 코인노래연습장 송파가락점,127.133844363262,37.4936008858265
서울특별시 송파구 문정동 71-1번지,"서울특별시 송파구 새말로8길 4, 2층 (문정동)",5817,THE HIT 코인노래연습장,127.126324636909,37.4824386565225
서울특별시 송파구 가락동 97-5 센터빌딩,"서울특별시 송파구 중대로9길 21, 센터빌딩 B102호 (가락동)",5711,홈런노래연습장,127.118939895855,37.4950451970127
서울특별시 송파구 방이동 207-11번지 칠보빌딩,"서울특별시 송파구 마천로 43, 칠보빌딩 지하1층 (방이동)",5639,악쓰는하마 코인노래연습장,127.125676024116,37.5089773149742
서울특별시 송파구 가락동 97-2,"서울특별시 송파구 중대로9길 23, 5층 (가락동)",5711,차차노래연습장,127.11876519642,37.4951958408319
서울특별시 송파구 가락동 125-2번지 수동빌딩,"서울특별시 송파구 동남로 147, 수동빌딩 지하1층 (가락동)",5827,피그코인노래연습장,127.126898861916,37.4921180151743
서울특별시 송파구 석촌동 278-9번지,서울특별시 송파구 백제고분로40길 36 (석촌동),,악쓰는하마,127.10775486675,37.5017582414529
서울특별시 송파구 마천동 44-9번지,서울특별시 송파구 마천로39길 21  (마천동),,하나,127.148274466983,37.4994247871491
서울특별시 송파구 거여동 42-9번지 지하1층,"서울특별시 송파구 거마로2길 3, 지하1층 (거여동)",5768,산들,127.145109611881,37.4935446980362
서울특별시 송파구 삼전동 28-11,서울특별시 송파구 백제고분로 204 (삼전동),,파티파티,127.089234537921,37.5037486871523
서울특별시 송파구 거여동 577번지,서울특별시 송파구 성내천로63길 6 (거여동),,당신의 노래연습장,127.15725704504,37.4903388692437
서울특별시 송파구 방이동 166-19번지,서울특별시 송파구 가락로42길 15 (방이동),,올레노래연습장,127.121348154509,37.5121338225358
서울특별시 송파구 방이동 68-3,"서울특별시 송파구 오금로13길 10-1, 지하1층 (방이동)",5548,카라노래연습장,127.108970516765,37.5132886330539
서울특별시 송파구 방이동 59-1번지 2층,"서울특별시 송파구 오금로11길 22, 2층 (방이동)",5547,동산 노래연습장,127.10965576201,37.5147760963519
서울특별시 송파구 가락동 175번지 지층,"서울특별시 송파구 동남로20길 27 (가락동,지층)",,울랄라,127.135032959853,37.4953672175341
서울특별시 송파구 가락동 167-3,서울특별시 송파구 오금로 410 (가락동),5769,제로백코인노래연습장,127.135434067417,37.4974357385
서울특별시 송파구 송파동 95-37번지,서울특별시 송파구 가락로 133 (송파동),,준,127.110795590394,37.502302879539
서울특별시 송파구 가락동 29-13 지층,"서울특별시 송파구 오금로36길 32, 지층 (가락동)",5705,FM노래연습장,127.123598086561,37.5009462386387
서울특별시 송파구 거여동 1-9 2층,"서울특별시 송파구 성내천로 142, 2층 (거여동)",5736,와우 노래연습장,127.144148450898,37.4989664166199
서울특별시 송파구 방이동 36-8번지,"서울특별시 송파구 올림픽로32길 13, 3층 (방이동)",5543,세븐스타 코인노래연습장 송파구청점,127.109292108824,37.514932216889
서울특별시 송파구 가락동 97-5 센터빌딩,"서울특별시 송파구 중대로9길 21, 센터빌딩 지층 101호 (가락동)",5711,킹노래연습장,127.118939895855,37.4950451970127
서울특별시 송파구 거여동 184-12번지 지층,"서울특별시 송파구 마천로 282-1, 지층 (거여동)",5767,빙고,,
서울특별시 송파구 방이동 137-8,서울특별시 송파구 백제고분로48길 41 (방이동),5633,베스트,127.117547762781,37.5103514254188
서울특별시 송파구 방이동 135-5,서울특별시 송파구 가락로 248 (방이동),,앵콜,127.118347213696,37.5100797853236
서울특별시 송파구 방이동 206-1번지,서울특별시 송파구 위례성대로18길 27-10 (방이동),,MBC,127.125621220622,37.5095479791936
서울특별시 송파구 풍납동 480번지 지층,"서울특별시 송파구 바람드리길 62, 지층 (풍납동)",5519,뮤직Q노래연습장,127.122365863486,37.5367003001398
서울특별시 송파구 가락동 17-13,,,환희,,
서울특별시 송파구 거여동 34-3,서울특별시 송파구 오금로 551 (거여동),,빅토리,127.150367774224,37.4931824051771
서울특별시 송파구 거여동 21-2번지 지층,"서울특별시 송파구 오금로 481, 지1층 (거여동, 동진빌딩)",5744,하트노래연습장,127.142685130171,37.4941717782107
서울특별시 송파구 오금동 130-8번지,서울특별시 송파구 마천로 184 (오금동),,킹,127.139243754425,37.5028257190211
서울특별시 송파구 석촌동 296-2번지,서울특별시 송파구 가락로 114 (석촌동),5697,월드,127.108699560729,37.5013140812678
서울특별시 송파구 잠실동 191-6번지,서울특별시 송파구 백제고분로7길 24-12 (잠실동),,비,127.081576549277,37.5101159485648
서울특별시 송파구 방이동 93-6,서울특별시 송파구 올림픽로32길 42 (방이동),,레인보우노래연습장,127.110595347528,37.5128362606358
서울특별시 송파구 오금동 1-10번지,서울특별시 송파구 위례성대로20길 10 (오금동),,탈렌트,127.128030816905,37.5104924373575
서울특별시 송파구 송파동 59-10번지 지층,"서울특별시 송파구 오금로 144, 지층 (송파동)",5619,애플노래연습장,127.110584500442,37.5106973776609
서울특별시 송파구 가락동 175-4번지,서울특별시 송파구 오금로46길 17 (가락동),5770,앵콜,127.135479904856,37.4957664822508
서울특별시 송파구 거여동 133-82번지 지층,"서울특별시 송파구 거마로 55 (거여동,지층)",,퀸 노래연습장,127.146253556315,37.4978508169634
서울특별시 송파구 거여동 21-4번지,서울특별시 송파구 오금로 485 (거여동),5744,M노래연습장,127.143012725972,37.4939943343576
서울특별시 송파구 문정동 30-1번지,"서울특별시 송파구 동남로4길 15, 지1층 (문정동)",5804,뮤직애빠지다 노래연습장,127.124540512875,37.4889162735463
서울특별시 송파구 가락동 82-3번지,"서울특별시 송파구 중대로9길 24, 지1층 (가락동)",5712,블루 노래연습장,127.119140285549,37.4952639396378
서울특별시 송파구 문정동 75-9,서울특별시 송파구 새말로8길 30 (문정동),5817,윙크노래연습장,127.126649419787,37.4801330788098
서울특별시 송파구 문정동 67-9,"서울특별시 송파구 문정로4길 28, 지1층 (문정동, 삼중빌딩)",5807,히트노래연습장,127.126126878109,37.4837770450795
서울특별시 송파구 문정동 40-9번지,"서울특별시 송파구 동남로4길 20, 지층 (문정동)",5806,로데오노래연습장,127.124533961794,37.4883756760691
서울특별시 송파구 송파동 86-5번지 지층,"서울특별시 송파구 송파대로42길 3, 지층 (송파동)",5667,만남노래연습장,127.108474786909,37.5046333209176
서울특별시 송파구 방이동 136-5번지,"서울특별시 송파구 가락로 245, 지층 (방이동)",5633,도레미,127.11797580084,37.5101663829521
서울특별시 송파구 석촌동 2-1 2층,"서울특별시 송파구 송파대로49길 65 (석촌동,2층)",,누이노래연습장,127.097647258428,37.5057599235339
서울특별시 영등포구 영등포동2가 33-15번지,서울특별시 영등포구 영등포로47길 17  (영등포동2가),,실크로드,126.908751132279,37.5208359496288
서울특별시 송파구 석촌동 284-3 지층,"서울특별시 송파구 백제고분로40길 4-3, 지층 (석촌동)",5684,만남노래연습장,127.105859685516,37.503853801175
서울특별시 송파구 삼전동 116-16 지층,"서울특별시 송파구 백제고분로31길 19, 지1층 (삼전동, 정은빌딩)",5604,힐링노래연습장,127.095407713973,37.5043595194657
서울특별시 송파구 거여동 36,서울특별시 송파구 오금로 527 (거여동),,앵콜,127.147334414767,37.493062789198
서울특별시 송파구 석촌동 276-9번지,서울특별시 송파구 가락로16길 2-6 (석촌동),5696,송파,127.108127719057,37.501043583607
서울특별시 송파구 잠실동 189-2,"서울특별시 송파구 백제고분로7길 28-7, 지1층 (잠실동, 해경빌딩)",5560,비타민노래연습장,127.08226683029,37.5104270371211
서울특별시 송파구 방이동 68번지,서울특별시 송파구 오금로13길 10 (방이동),,쿨노래연습장,127.108825879796,37.5132315526676
서울특별시 송파구 방이동 208-14 지하1층,"서울특별시 송파구 위례성대로18길 28-1, 지하1층 (방이동)",5639,O2노래연습장,127.124803323145,37.5098619451029
서울특별시 송파구 방이동 64-3번지,"서울특별시 송파구 오금로13길 3-20, 지1층 (방이동)",5548,다모아노래연습장,127.108032797947,37.5140455265646
서울특별시 송파구 방이동 107-3,서울특별시 송파구 올림픽로32길 59 (방이동),,초이스노래연습장,127.112794583659,37.5121991535542
서울특별시 송파구 석촌동 295-6 3층,"서울특별시 송파구 송파대로 387, 3층 (석촌동)",5687,SBS 노래연습장,127.109546043899,37.5019285058551
서울특별시 송파구 석촌동 295-9,서울특별시 송파구 가락로 115 (석촌동),,큐,127.108872498897,37.5017181130638
서울특별시 송파구 잠실동 191-9,서울특별시 송파구 백제고분로7길 24-14 (잠실동),5560,리치,127.081594543549,37.510021781182
서울특별시 송파구 문정동 4-8번지,서울특별시 송파구 동남로 132  (문정동),,스카이,127.125727674615,37.4909461564527
서울특별시 송파구 방이동 105,서울특별시 송파구 올림픽로32길 56 (방이동),,땡겨노래연습장,127.112229161781,37.5122023951453
서울특별시 송파구 방이동 133번지 지층,"서울특별시 송파구 가락로 264, 지층 (방이동)",5634,SBS,127.119158355214,37.5113316356814
서울특별시 송파구 마천동 158-2번지,서울특별시 송파구 성내천로 223 (마천동),,산울,127.152558499514,37.499762345118
서울특별시 송파구 방이동 38-11,서울특별시 송파구 오금로11길 23-8 (방이동),,차차차,127.110080299839,37.515488935735
서울특별시 송파구 잠실동 182-4번지,서울특별시 송파구 백제고분로7길 33 (잠실동),5557,해븐,127.082608288208,37.5109337939061
서울특별시 송파구 가락동 97-5번지 센터빌딩,"서울특별시 송파구 중대로9길 21, 센터빌딩 502호 (가락동)",5711,카스 노래연습장,127.118939895855,37.4950451970127
서울특별시 송파구 문정동 643-1 엠스테이트,"서울특별시 송파구 법원로 114, 엠스테이트 B동 220호 (문정동)",5854,놀러와2 노래연습장,127.12100938212,37.4860552797801
서울특별시 송파구 풍납동 400-0번지,서울특별시 송파구 올림픽로47길 15 (풍납동),,써니 노래연습장,127.117025208871,37.5282370277792
서울특별시 송파구 오금동 131-2 지층,"서울특별시 송파구 마천로 192, 지층 (오금동)",5739,엔젤노래연습장,127.139945334649,37.5024334032765
서울특별시 송파구 잠실동 192-13번지,서울특별시 송파구 백제고분로9길 17  (잠실동),,도레미,127.081036569278,37.5095767087223
서울특별시 송파구 풍납동 477-6번지,서울특별시 송파구 풍성로25길 36-1 (풍납동),,영상,127.121506282373,37.5365491889969
서울특별시 송파구 삼전동 101-9번지,서울특별시 송파구 백제고분로 257 (삼전동),,앵콜,127.095138109323,37.502768291324
서울특별시 송파구 삼전동 91-9번지,서울특별시 송파구 백제고분로27길 33 (삼전동),,하트노래연습장,127.093613765382,37.5060665572441
서울특별시 송파구 문정동 68-10번지,서울특별시 송파구 문정로4길 34 (문정동),5808,MBC,127.126173382225,37.4833940669999
서울특별시 송파구 방이동 64-6,서울특별시 송파구 올림픽로32길 18 (방이동),,KBS,127.109129830721,37.5144143800455
서울특별시 송파구 잠실동 294-25,"서울특별시 송파구 백제고분로12길 4, 지하1층 (잠실동)",5574,파티 노래연습장,127.081030674331,37.5059019650687
서울특별시 송파구 마천동 203-1번지 지층,"서울특별시 송파구 성내천로 260, 지층 (마천동)",5750,산성노래연습장,127.153978421607,37.497381758272
서울특별시 송파구 마천동 178-85번지,서울특별시 송파구 마천로51길 22 (마천동),,KBS노래연습장,127.152128953144,37.4966239758501
서울특별시 송파구 오금동 40-19,서울특별시 송파구 마천로8길 23 (오금동),,K2,127.128777957427,37.5065226114374
서울특별시 송파구 가락동 19-1번지 지층,"서울특별시 송파구 오금로36길 18-1, 지층 (가락동)",5700,삐삐네 노래연습장,127.124577707566,37.5020515540812
서울특별시 송파구 잠실동 179-3 지층,서울특별시 송파구 백제고분로7길 19 (잠실동),5556,NBC,127.080942428,37.5106930275481
서울특별시 송파구 송파동 21-5번지,"서울특별시 송파구 백제고분로41길 6-5, 지1층 (송파동, 곡성빌딩)",5621,수노래연습장,127.10869249158,37.5068913091853
서울특별시 송파구 마천동 25-2,"서울특별시 송파구 마천로 235, 3층 (마천동)",5733,ABC노래연습장,127.143980825023,37.4999523210187
서울특별시 송파구 삼전동 29-8번지,서울특별시 송파구 백제고분로22길 6  (삼전동),,라이브,127.089112418342,37.5033876564161
서울특별시 송파구 삼전동 11번지,서울특별시 송파구 삼전로8길 12 (삼전동),,몽,127.090225525802,37.5049158173051
서울특별시 송파구 석촌동 283-3번지 2층,"서울특별시 송파구 백제고분로40길 10, 2층 (석촌동)",5689,모이세노래연습장,127.106289720961,37.5035677062861
서울특별시 송파구 삼전동 42-9 지하1층,"서울특별시 송파구 백제고분로22길 27, 지하1층 (삼전동)",5595,킹노래연습장,127.088513619323,37.5014075163695
서울특별시 송파구 풍납동 476-15,"서울특별시 송파구 천호대로152길 17, 지층 (풍납동)",5511,코러스,127.121602309454,37.5373651258061
서울특별시 송파구 삼전동 47-0번지,서울특별시 송파구 백제고분로22길 5 (삼전동),,앵커노래연습장,127.08937822425,37.5033207812082
서울특별시 송파구 잠실동 201,서울특별시 송파구 백제고분로9길 22 (잠실동),,파티파티노래연습장,127.081537509339,37.509474820796
서울특별시 송파구 가락동 190-2번지 10통4반,서울특별시 송파구 오금로46길 40 (가락동),5783,아하노래연습장,127.133486091667,37.4945345536032
서울특별시 송파구 방이동 160-1 6통6반,서울특별시 송파구 가락로 274 (방이동),,가자,127.119760577127,37.5122782519338
서울특별시 송파구 잠실동 182-5번지 지하1층,"서울특별시 송파구 백제고분로7길 31, 지하1층 (잠실동)",5557,팝스타2코인노래연습장,127.082425966591,37.5109386965951
서울특별시 송파구 삼전동 4-6번지,서울특별시 송파구 백제고분로21길 23 (삼전동),,뚜뚜루,127.090563386998,37.5059791951651
서울특별시 송파구 방이동 67-12,서울특별시 송파구 오금로15길 5 (방이동),,인생 노래연습장,127.109057021122,37.5122612287456
서울특별시 송파구 풍납동 404-0,서울특별시 송파구 풍성로26길 56 (풍납동),,동네,,
서울특별시 송파구 방이동 61-7,서울특별시 송파구 올림픽로32길 27 (방이동),,인스타 노래연습장,127.109787348807,37.5137980249084
서울특별시 송파구 가락동 174-13번지 지층,"서울특별시 송파구 오금로44길 3, 지층 (가락동)",5769,품바노래연습장,127.136017691875,37.4968686956662
서울특별시 송파구 석촌동 7-3번지,서울특별시 송파구 삼학사로18길 12 (석촌동),,오디션,127.098591781163,37.5043276222298
서울특별시 송파구 방이동 106-2 지층,"서울특별시 송파구 오금로17길 20, 지층 (방이동)",5546,궁노래연습장,127.112331122251,37.5123868238022
서울특별시 송파구 잠실동 188-12번지 지층,"서울특별시 송파구 백제고분로9길 35, 지층 (잠실동)",5560,진노래연습장,127.0830224109,37.5098477933923
서울특별시 송파구 석촌동 286-9,서울특별시 송파구 백제고분로 358 (석촌동),,뉴타운,127.106094189934,37.5042941822869
서울특별시 송파구 석촌동 175-4 22통6반,서울특별시 송파구 백제고분로39길 6-5 (석촌동),,원스타,127.105385395742,37.5052445661179
서울특별시 송파구 가락동 189-27 불산빌딩,"서울특별시 송파구 동남로18길 35, 불산빌딩 지층 (가락동)",5782,바나나 노래연습장,127.133972264608,37.4934787445775
서울특별시 송파구 가락동 197-17,서울특별시 송파구 동남로18길 34 (가락동),,채플린,127.133510399257,37.49345187684
서울특별시 송파구 석촌동 1-3 지층,"서울특별시 송파구 석촌호수로 194, 지층 (석촌동)",5612,SBS노래연습장,127.098577221469,37.5062425402419
서울특별시 송파구 방이동 71 71,서울특별시 송파구 오금로15길 16 (방이동),5549,에스비에스노래연습장,127.109849770376,37.5130158056097
서울특별시 송파구 마천동 183-42,서울특별시 송파구 마천로51길 4 (마천동),,청춘,127.150686619978,37.4956401239415
서울특별시 송파구 잠실동 208 지층 102호,"서울특별시 송파구 백제고분로7길 58 (잠실동,지층 102호)",,디바Ⅰ노래연습장,127.085254901041,37.5106737756287
서울특별시 송파구 오금동 403-198,,,축제,,
서울특별시 송파구 가락동 148-0 22통3반,서울특별시 송파구 중대로16길 3 (가락동),,행운노래연습장,127.125528800792,37.4965024246301
서울특별시 송파구 오금동 115-3 지층,"서울특별시 송파구 마천로 191 (오금동,지층)",,테마노래연습장,127.14017880194,37.5026378348069
서울특별시 송파구 송파동 39-3번지,서울특별시 송파구 백제고분로45길 23 (송파동),,마야노래연습장,127.108831954167,37.5100146026602
서울특별시 송파구 잠실동 242-22 지층,"서울특별시 송파구 삼전로13길 4, 지층 (잠실동)",5566,진선미노래연습장,127.089895412511,37.5072878742908
서울특별시 송파구 가락동 96-17,서울특별시 송파구 송파대로30길 3-6 (가락동),,대룡,127.117813137356,37.4944638253892
서울특별시 송파구 방이동 60번지,서울특별시 송파구 올림픽로32길 19 (방이동),,째즈,127.109545975492,37.5143426353537
서울특별시 송파구 방이동 114-2,서울특별시 송파구 오금로 173-1 (방이동),,이브,127.11394549988,37.5096230696043
서울특별시 송파구 잠실동 189-3,서울특별시 송파구 백제고분로7길 28-13 (잠실동),5560,선수입장 노래연습장,127.082316651242,37.5101677834728
서울특별시 송파구 석촌동 251-5번지 17통6반,서울특별시 송파구 가락로 65 (석촌동),5690,어울림,127.103615264668,37.5000581433341
서울특별시 송파구 가락동 97-2,"서울특별시 송파구 중대로9길 23, 4층 (가락동)",5711,올인노래연습장,127.11876519642,37.4951958408319
서울특별시 송파구 송파동 136-11번지,서울특별시 송파구 백제고분로46길 3 (송파동),,SBS노래연습장,127.111968261218,37.5086700760483
서울특별시 송파구 가락동 113-17번지,서울특별시 송파구 중대로12길 8 (가락동),,열린,127.123261064175,37.4939903742034
서울특별시 송파구 신천동 7번지 8통6반 장미아파트 B동 43호,,,짱,,
서울특별시 송파구 풍납동 153-22 16통6반,서울특별시 송파구 풍성로25길 39 (풍납동),,악쓰는하마,127.121354852407,37.5368721730017
서울특별시 송파구 삼전동 133-11 지층,"서울특별시 송파구 백제고분로31길 2, 지층 (삼전동)",5603,센스노래연습장,127.095424274043,37.5028866328151
서울특별시 송파구 삼전동 129-6,"서울특별시 송파구 백제고분로31길 38, 지층 (삼전동)",5602,블루 노래연습장,127.095998720219,37.5060109432241
서울특별시 송파구 가락동 71-2 지층,"서울특별시 송파구 중대로9길 56, 지층 (가락동)",5713,퀸노래연습장,127.119806008666,37.4974627125433
서울특별시 송파구 송파동 23-12 지층,"서울특별시 송파구 백제고분로41길 14, 지층 (송파동)",5621,에이스노래연습장,127.108029164606,37.5073652154067
서울특별시 송파구 거여동 159-73,,,우리들,,
서울특별시 송파구 방이동 70,서울특별시 송파구 올림픽로32길 33 (방이동),5547,와와노래연습장,127.110096719817,37.5135766306676
서울특별시 송파구 가락동 167-9번지,서울특별시 송파구 오금로44가길 8 (가락동),,고래고래노래연습장,127.135355596493,37.4973162649565
서울특별시 송파구 석촌동 233-7 22통1반,서울특별시 송파구 백제고분로34길 11 (석촌동),,행운노래연습장,127.098879933759,37.5013995645374
서울특별시 송파구 마천동 47-7,서울특별시 송파구 거마로24길 5 (마천동),,좋은날 노래연습장,127.148205038648,37.4998866395339
서울특별시 송파구 석촌동 211-9번지,서울특별시 송파구 삼학사로12길 13 (석촌동),,골드스타 노래연습장,127.098434917807,37.5017440302081
서울특별시 송파구 가락동 73-6번지 지층,"서울특별시 송파구 송파대로30길 41-4, 지층 (가락동)",5713,뮤직,127.121466844168,37.4964515293551
서울특별시 송파구 가락동 124-26,서울특별시 송파구 동남로13길 47 (가락동),,송파,127.124867137072,37.493848941475
서울특별시 송파구 석촌동 180번지,서울특별시 송파구 백제고분로39길 30 (석촌동),,핑클,127.103833897654,37.5068583782924
서울특별시 송파구 문정동 29-30번지,"서울특별시 송파구 동남로4길 11, 지하1층 (문정동)",5804,타임노래연습장,127.1243298928,37.4891418372932
서울특별시 송파구 방이동 105-4 지층,"서울특별시 송파구 올림픽로32길 58, 지층 (방이동)",5550,가왕노래연습장,127.112433147977,37.5120866023654
서울특별시 송파구 송파동 9-9,서울특별시 송파구 백제고분로41길 39 (송파동),,아우성노래연습장,127.105894953242,37.5089654397773
서울특별시 송파구 석촌동 273-1번지,서울특별시 송파구 가락로 84 (석촌동),,친구,127.105690808919,37.5003859826032
서울특별시 송파구 가락동 19-4번지,서울특별시 송파구 오금로36길 22-1 (가락동),,BM,127.124323930359,37.5017803485461
서울특별시 송파구 가락동 155-2 지층,"서울특별시 송파구 중대로 188, 지층 (가락동)",5822,토탈노래연습장,127.126150309049,37.4986519231359
서울특별시 송파구 잠실동 187-4 지층,"서울특별시 송파구 백제고분로9길 37, 지층 (잠실동)",5559,애플,127.083283001352,37.5099476214322
서울특별시 송파구 방이동 60-5 지층,"서울특별시 송파구 올림픽로32길 21, 지층 (방이동)",5547,악쓰는하마 코인노래연습장,127.109683504373,37.5141782547838
서울특별시 송파구 삼전동 93-12,서울특별시 송파구 백제고분로27길 27 (삼전동),,즐거운노래연습장,127.093419055827,37.5055592654157
서울특별시 송파구 가락동 170-11번지 지층,"서울특별시 송파구 오금로42길 5, 지층 (가락동)",5769,샵노래연습장,127.134596785291,37.4973750666174
서울특별시 송파구 문정동 102-6번지,서울특별시 송파구 새말로 157 (문정동),5801,해피데이,127.130702739273,37.4848826540315
서울특별시 송파구 송파동 111-19번지,서울특별시 송파구 백제고분로42길 11 (송파동),,테크노,127.110033651239,37.5055181075855
서울특별시 송파구 가락동 75-8,서울특별시 송파구 양재대로62길 31-6 (가락동),,야옹이노래연습장,127.120021761888,37.4971711081955
서울특별시 송파구 방이동 174-14,서울특별시 송파구 백제고분로50길 21 (방이동),,우리,127.117316801267,37.5137473581174
서울특별시 송파구 잠실동 235-11번지 지층,"서울특별시 송파구 백제고분로19길 7 (잠실동,지층)",,초이스 노래연습장,127.086624353419,37.5055570552677
서울특별시 송파구 석촌동 156-6,서울특별시 송파구 석촌호수로18길 11 (석촌동),,가인노래연습장,127.101246352747,37.5059876409173
서울특별시 송파구 가락동 81-10,"서울특별시 송파구 송이로20길 11, 지층 (가락동)",5712,가왕노래연습장,127.120181146598,37.4957894334357
서울특별시 송파구 가락동 190-3번지,서울특별시 송파구 오금로46길 42  (가락동),,올레,127.133364602351,37.4944484645072
서울특별시 송파구 방이동 112-8,"서울특별시 송파구 백제고분로48길 12, 지1층 (방이동)",5641,MBC노래연습장,127.114483073804,37.5113199513542
서울특별시 송파구 삼전동 101-25 지하1층,서울특별시 송파구 백제고분로 255 (삼전동),5604,써니노래연습장,127.094927439825,37.502787381916
서울특별시 송파구 가락동 191-7번지,서울특별시 송파구 오금로46길 30 (가락동),,수,127.134222861335,37.4951283829592
서울특별시 송파구 방이동 103-14번지,서울특별시 송파구 올림픽로32길 51 (방이동),,탑(TOP),127.111873857154,37.5125595296963
서울특별시 송파구 문정동 30-5번지 지층,"서울특별시 송파구 동남로4길 19, 지층 (문정동)",5804,소리질러노래연습장,127.124816541556,37.488519268742
서울특별시 송파구 잠실동 237-6번지 지층,"서울특별시 송파구 백제고분로19길 13, 지층 (잠실동)",5568,힐링,127.086929790358,37.5062047435539
서울특별시 송파구 가락동 49-1 지층,"서울특별시 송파구 송이로 93, 지층 (가락동)",5714,꾼 노래연습장,127.121042137108,37.4979459233669
서울특별시 송파구 석촌동 10-4,서울특별시 송파구 삼학사로 78 (석촌동),,아띠,127.097341254608,37.504135754123
서울특별시 송파구 가락동 17-6,서울특별시 송파구 송이로17길 41 (가락동),,SBS,127.124256156749,37.5009424848652
서울특별시 송파구 가락동 83-9,서울특별시 송파구 중대로9길 40 (가락동),,팡팡 노래연습장,127.118608589528,37.4964905639557
서울특별시 송파구 석촌동 295-11 영보빌딩 지층,"서울특별시 송파구 가락로 111, 영보빌딩 지층 (석촌동)",5687,스카이,127.108341744476,37.5015526358242
서울특별시 송파구 가락동 190-6,서울특별시 송파구 동남로18길 23 (가락동),,바다노래연습장,127.133062150257,37.4942160756109
서울특별시 송파구 문정동 41-5,서울특별시 송파구 동남로4길 10 (문정동),,가수된베짱이노래연습장,127.123896900777,37.489120758088
서울특별시 송파구 풍납동 476-14,서울특별시 송파구 바람드리길 51 (풍납동),,토성노래연습장,127.121680076419,37.5372478256159
서울특별시 송파구 잠실동 185-11 지층,"서울특별시 송파구 백제고분로17길 55, 지층 (잠실동)",5559,부엉이,127.085005901866,37.5105268210903
서울특별시 송파구 문정동 61번지,"서울특별시 송파구 문정로4길 10-46, 지1층 (문정동)",5807,스타노래연습장,127.123614536255,37.4854711625045
서울특별시 송파구 문정동 99-11번지,서울특별시 송파구 새말로 146 (문정동),,우리,127.129979195927,37.4837562913348
서울특별시 송파구 삼전동 30-1번지,서울특별시 송파구 백제고분로22길 10 (삼전동),5581,SBS,127.088977862805,37.5030293379148
서울특별시 송파구 가락동 86-9,"서울특별시 송파구 송이로20길 12, 지층 (가락동)",5712,벌떼노래연습장,127.12014040677,37.4959825605099
서울특별시 송파구 문정동 40-5,"서울특별시 송파구 동남로4길 28, 지층 (문정동)",5806,펜더노래연습장,127.12460648106,37.4877871516796
서울특별시 송파구 가락동 71-5,서울특별시 송파구 양재대로62길 31-5 (가락동),5713,보스노래연습장,127.119930957768,37.4973146405745
서울특별시 송파구 오금동 78-3번지 2층,"서울특별시 송파구 마천로 139, 2층 (오금동)",5723,우리노래연습장,127.135060715972,37.5047507972925
서울특별시 송파구 석촌동 24-5 21통7반,서울특별시 송파구 석촌호수로18길 4 (석촌동),,호수,,
서울특별시 송파구 오금동 74-5,"서울특별시 송파구 마천로 143, 지층 (오금동)",5723,친구노래연습장,127.135505965213,37.504618740685
서울특별시 송파구 방이동 69-9 지하1층,"서울특별시 송파구 오금로13길 14 (방이동,지하1층)",,엔젤노래연습장,127.109328406328,37.513373537285
서울특별시 송파구 잠실동 185-0번지,서울특별시 송파구 백제고분로7길 50-1 (잠실동),,싸이보그,127.084531228353,37.5106538429326
서울특별시 송파구 마천동 178-74번지 1통1반,서울특별시 송파구 마천로51길 19 (마천동),,신세대,127.151909127152,37.4966848063151
서울특별시 송파구 가락동 17-0번지,서울특별시 송파구 오금로36길 23 (가락동),5703,콘서트,127.124564573401,37.5015657458776
서울특별시 송파구 잠실동 208 지층 101호,"서울특별시 송파구 백제고분로7길 58 (잠실동,지층 101호)",,디바Ⅱ노래연습장,127.085254901041,37.5106737756287
서울특별시 송파구 석촌동 12-14번지,서울특별시 송파구 삼학사로14길 15 (석촌동),,붐붐노래연습장,127.098620216722,37.5034186644632
서울특별시 송파구 송파동 13-4번지,"서울특별시 송파구 백제고분로41길 19-1, 지1층 (송파동)",5625,빈티지코인노래연습장,127.10722953587,37.5077557185607
서울특별시 송파구 방이동 64번지,서울특별시 송파구 오금로11길 6 (방이동),5548,야호노래연습장,127.107952307168,37.5142331890942
서울특별시 송파구 오금동 18-1번지,서울특별시 송파구 위례성대로20길 23 (오금동),,청개구리노래연습장,127.127535037506,37.5092731944313
서울특별시 송파구 거여동 559-6 28통3반,서울특별시 송파구 오금로 490 (거여동),,모아노래연습장,127.143100247656,37.4934002849876
서울특별시 송파구 마천동 126-4 자매빌딩,"서울특별시 송파구 마천로41길 5, 자매빌딩 지하층 101호 (마천동)",5756,바비킹,127.148131799561,37.4973321103558
서울특별시 송파구 가락동 96번지,서울특별시 송파구 송파대로 288 (가락동),,태평양 노래연습장,127.117042586324,37.495033486768
서울특별시 송파구 잠실동 183-12 5층,서울특별시 송파구 백제고분로7길 43 (잠실동),5558,아이팅노래연습장,,
서울특별시 송파구 가락동 72-4 지층,"서울특별시 송파구 송이로 98, 지층 (가락동)",5713,힐링노래연습장,127.120952239116,37.4973885630572
서울특별시 송파구 잠실동 203번지,서울특별시 송파구 백제고분로9길 30 (잠실동),,쇼,127.082440458235,37.5096145705464
서울특별시 송파구 잠실동 186-2번지,서울특별시 송파구 백제고분로9길 43 (잠실동),,엿장수노래연습장,127.083968988297,37.5100553464
서울특별시 송파구 방이동 208-13번지 지층,"서울특별시 송파구 위례성대로18길 30, 지층 (방이동)",5639,방이노래연습장,127.124853104663,37.5097354816242
서울특별시 송파구 가락동 72-13번지 지층,"서울특별시 송파구 중대로9길 62, 지층 (가락동)",5713,애플 노래연습장,127.120339225143,37.4977553579262
서울특별시 송파구 석촌동 272-6,서울특별시 송파구 가락로 79 (석촌동),5688,썬노래연습장,127.105164556631,37.5005966568786
서울특별시 송파구 문정동 150-35번지 2층,"서울특별시 송파구 송파대로27길 30, 2층 (문정동)",5833,훼미리,127.11577628751,37.4909273152145
서울특별시 송파구 풍납동 257-92번지 지하1층,"서울특별시 송파구 토성로 34-1, 지하1층 (풍납동)",5536,싸이 노래연습장,127.114065832865,37.5300520167187
서울특별시 송파구 방이동 146-9번지,서울특별시 송파구 백제고분로48길 17 (방이동),,뉴스타노래연습장,127.115254335933,37.511238561472
서울특별시 송파구 송파동 19-5,서울특별시 송파구 백제고분로 379 (송파동),,샤방샤방,127.107707408308,37.5059587706017
서울특별시 송파구 석촌동 21-6,"서울특별시 송파구 백제고분로33길 26, 지1층 (석촌동, 삼우빌딩)",5611,씽씽노래연습장,127.098923179215,37.5049476871618
서울특별시 송파구 방이동 36-3,서울특별시 송파구 올림픽로32길 9 (방이동),,방방,127.109195730029,37.5152377461781
서울특별시 송파구 잠실동 192-12번지,서울특별시 송파구 백제고분로7길 20 (잠실동),,뮤즈 노래연습장,127.081009064953,37.510500076852
서울특별시 송파구 잠실동 182-6번지 지하1층,"서울특별시 송파구 백제고분로7길 29 (잠실동,지하1층)",,멜론노래연습장,127.082175193388,37.5109231938477
서울특별시 송파구 가락동 167-12번지,"서울특별시 송파구 오금로44가길 12, 지하1층 (가락동)",5769,명품노래연습장,127.134880553138,37.4975837763268
서울특별시 송파구 문정동 31-1,"서울특별시 송파구 동남로4길 27, 지하1층 (문정동)",5803,참새노래연습장,127.124929414451,37.4877205865994
서울특별시 송파구 가락동 57-5 지층,"서울특별시 송파구 송이로19길 4, 지층 (가락동)",5716,나예노래연습장,127.121845361109,37.4973015991911
서울특별시 송파구 잠실동 180-2,서울특별시 송파구 백제고분로7길 23 (잠실동),5557,락휴노래연습장 신천점,127.081416348773,37.510804336269
서울특별시 송파구 잠실동 190-11,서울특별시 송파구 백제고분로7길 28-6 (잠실동),,킹,127.081962939776,37.5104485120791
서울특별시 송파구 잠실동 186-13,서울특별시 송파구 백제고분로15길 59 (잠실동),,더비파크,127.084324922867,37.5105526274134
서울특별시 송파구 방이동 124-21번지,서울특별시 송파구 가락로 241 (방이동),5643,컴백,127.117762271053,37.5098142133215
서울특별시 송파구 잠실동 186-11번지,서울특별시 송파구 백제고분로9길 49 (잠실동),,빙고노래연습장,127.084431109257,37.5101334944661
서울특별시 송파구 문정동 40-3번지,서울특별시 송파구 동남로4길 30-1 (문정동),,명품,127.124639477019,37.4875023985184
서울특별시 송파구 방이동 213-1,서울특별시 송파구 마천로 24 (방이동),,큐R노래연습장,127.123596310574,37.5094733497482
서울특별시 송파구 가락동 174-21,"서울특별시 송파구 오금로46길 14, 지하1층 (가락동)",5769,뉴스타노래연습장,127.135540341907,37.4962325033702
서울특별시 송파구 송파동 16-6번지,"서울특별시 송파구 백제고분로41길 13, 지층 (송파동)",5626,원더풀,127.107812224531,37.5071989079576
서울특별시 송파구 송파동 8-2,서울특별시 송파구 백제고분로41길 43-5 (송파동),,샵 노래연습장,127.105565349903,37.5091915264878
서울특별시 송파구 풍납동 405번지 2층,"서울특별시 송파구 토성로 55 (풍납동,2층)",,엘리스,127.116374296966,37.5293619403073
서울특별시 송파구 가락동 82-2,"서울특별시 송파구 중대로9길 22, 3층 (가락동)",5712,파파야노래연습장,127.119295274439,37.495092141522
서울특별시 송파구 오금동 78-5번지,"서울특별시 송파구 마천로15길 2, 지하1층 (오금동)",5723,콜노래연습장,127.134922616425,37.5049974700011
서울특별시 송파구 석촌동 296-0,서울특별시 송파구 가락로 112 (석촌동),,세븐틴 코인노래연습장,127.108509506025,37.5012719988373
서울특별시 송파구 오금동 74-4 15통6반 2층,"서울특별시 송파구 마천로 145, 2층 (오금동)",5723,매너짱,127.135640689736,37.5045709229115
서울특별시 송파구 방이동 64-11번지,서울특별시 송파구 오금로11길 8 (방이동),,히트,127.108136509162,37.5142728449564
서울특별시 송파구 문정동 28-23번지,서울특별시 송파구 동남로6길 9 (문정동),5804,동호노래연습장,127.124589862694,37.4894910641202
서울특별시 송파구 가락동 57-6,서울특별시 송파구 송이로 103 (가락동),5716,루루,127.121689345501,37.4971883233456
서울특별시 송파구 가락동 81 지층,"서울특별시 송파구 송파대로30길 21, 지층 (가락동)",5712,다이아몬드 노래연습장,127.119646367926,37.4952881157506
서울특별시 송파구 방이동 59-1 지층,"서울특별시 송파구 오금로11길 22, 지층 (방이동)",5547,럭셔리,127.10965576201,37.5147760963519
서울특별시 송파구 문정동 102-1 지하,"서울특별시 송파구 새말로 167, 지층 (문정동)",5801,수,127.131336912625,37.485453640206
서울특별시 송파구 가락동 96-14 지층,"서울특별시 송파구 송파대로32길 6-11, 지층 (가락동)",5711,수정노래연습장,127.117690049646,37.4948609315131
서울특별시 송파구 풍납동 474-4번지,서울특별시 송파구 바람드리길 59 (풍납동),,청개구리,127.122458121728,37.5369354555966
서울특별시 송파구 가락동 19-2 지층,"서울특별시 송파구 오금로36길 20, 지층 (가락동)",5700,이브노래연습장,127.124510857043,37.5019757599183
서울특별시 송파구 풍납동 231-47번지,서울특별시 송파구 풍성로20길 9 (풍납동),5528,여기는,127.117340440483,37.5332490732869
서울특별시 송파구 거여동 214-2 19통3반,서울특별시 송파구 마천로 312 (거여동),5766,꿈의궁전,,
서울특별시 송파구 잠실동 189,서울특별시 송파구 백제고분로7길 30 (잠실동),,베스트노래연습장,127.08220083084,37.5106826078794
서울특별시 송파구 마천동 307-52번지 지층,"서울특별시 송파구 마천로 333-1, 지층 (마천동)",5759,미소노래연습장,127.152053687792,37.4938034733793
서울특별시 송파구 풍납동 399-20번지,서울특별시 송파구 올림픽로45길 20 (풍납동),,쿨,127.116073940223,37.5273994946511
서울특별시 송파구 마천동 35-2 지층,"서울특별시 송파구 거마로 63 (마천동,지층)",,엠비씨,127.146561500643,37.4986662058097
서울특별시 송파구 방이동 206-5번지,서울특별시 송파구 위례성대로18길 29 (방이동),5639,홈런노래연습장,127.125142148654,37.5097730179266
서울특별시 송파구 가락동 96-16,서울특별시 송파구 송파대로 278 (가락동),,조은,127.117732564407,37.4942820826033
서울특별시 송파구 잠실동 181-6,서울특별시 송파구 올림픽로 104 (잠실동),,엔,127.082263786514,37.5114667980986
서울특별시 송파구 가락동 74-2,"서울특별시 송파구 송파대로30길 41-15, 지하1층 (가락동)",5713,퐁퐁노래연습장,127.120955881646,37.496702172917
서울특별시 송파구 가락동 96-4번지,"서울특별시 송파구 송파대로32길 4, 지하1층 (가락동, 파크빌딩)",5711,신바람노래연습장,127.117235587428,37.4951589857894
서울특별시 송파구 잠실동 183-8,"서울특별시 송파구 백제고분로7길 55, 지하1층 (잠실동)",5558,팝스타코인노래연습장,,
서울특별시 송파구 문정동 46-18 지하1호,"서울특별시 송파구 송파대로22길 21, 지1층 (문정동)",5805,반딧불노래연습장,127.124021490176,37.4883580147924
서울특별시 송파구 방이동 62-9,서울특별시 송파구 올림픽로32길 28 (방이동),5548,오케이노래연습장,127.109502262351,37.5136875562032
서울특별시 송파구 가락동 98-2 훼밀리오피스텔,"서울특별시 송파구 송파대로30길 8, 훼밀리오피스텔 지하2층 1호 일부호 (가락동)",5719,샤방샤방노래연습장,127.118405222237,37.4942436581716
서울특별시 송파구 풍납동 153-7번지 지층,"서울특별시 송파구 풍성로25길 25-1, 지층 (풍납동)",5521,신바람 노래연습장,127.120770803112,37.5357535494775
서울특별시 송파구 방이동 154-2번지,서울특별시 송파구 백제고분로50길 16 (방이동),,짠짜라,127.11656482329,37.5137340469481
서울특별시 송파구 삼전동 181-1번지,"서울특별시 송파구 삼학사로 45, 지1층 (삼전동, 대림통상)",5586,궁노래연습장,127.096640896486,37.501362313829
서울특별시 송파구 방이동 203-4번지,서울특별시 송파구 위례성대로18길 28 (방이동),5639,오늘짱,127.1249301805,37.5100380473931
서울특별시 송파구 석촌동 157 지하1층,"서울특별시 송파구 송파대로49길 33, 지하1층 (석촌동)",5610,수우노래연습장,127.101088430775,37.5065478407515
서울특별시 송파구 잠실동 204-10번지 지층,"서울특별시 송파구 올림픽로12길 22, 지층 (잠실동)",5563,로또노래연습장,127.083082480715,37.509653945113
서울특별시 송파구 마천동 125-24 3통10반,,,영,,
서울특별시 송파구 송파동 143-2,서울특별시 송파구 가락로 209 (송파동),,울타리노래연습장,127.116148519048,37.5071999252324
서울특별시 송파구 마천동 307-41,서울특별시 송파구 마천로 335 (마천동),,타타타노래연습장,127.152163901234,37.493672415267
서울특별시 송파구 문정동 70-8 지하1층,"서울특별시 송파구 문정로4길 36 (문정동,지하1층)",,킹,127.126182656002,37.4831938530945
서울특별시 송파구 석촌동 161-4 지층,"서울특별시 송파구 백제고분로39길 31, 지층호 (석촌동, 한흥빌딩)",5610,하모니노래연습장,127.103420453826,37.5068942405773
서울특별시 송파구 마천동 126 지층,"서울특별시 송파구 마천로41길 1, 지층 (마천동)",5755,서울노래연습장,127.147777073785,37.497401391458
서울특별시 송파구 잠실동 184-2번지,"서울특별시 송파구 올림픽로 116-1, 지1층 (잠실동, 신원빌딩)",5558,슈퍼스타코인노래연습장,127.083630948129,37.5114000647377
서울특별시 송파구 가락동 87-2 지층,"서울특별시 송파구 중대로9길 46, 지층 (가락동)",5712,77노래연습장,127.118999690366,37.4970243771691
서울특별시 송파구 잠실동 187-19 지층,"서울특별시 송파구 백제고분로7길 42-10, 지층 (잠실동)",5559,썬노래연습장,,
서울특별시 송파구 거여동 32-1번지,서울특별시 송파구 오금로 532 (거여동),,영,127.147900108008,37.4927551094698
서울특별시 송파구 잠실동 207-17번지,서울특별시 송파구 백제고분로17길 45 (잠실동),5559,소라노래연습장,127.085210925886,37.5096990107993
서울특별시 송파구 가락동 19-3,"서울특별시 송파구 오금로36길 22, 지층 (가락동)",5700,놀이터노래연습장,127.124420535865,37.5018634096248
서울특별시 송파구 문정동 150-23 공간빌딩 2층,"서울특별시 송파구 중대로 60-6, 2층 (문정동, 공간빌딩)",5833,우리노래연습장,127.115636901507,37.4912444259921
서울특별시 송파구 가락동 91-5,"서울특별시 송파구 중대로9길 51, 지층 (가락동, 부성빌딩)",5711,빙고 노래연습장,127.119125677988,37.4974583549023
서울특별시 송파구 문정동 41-4,"서울특별시 송파구 동남로4길 12, 지층 (문정동)",5805,준노래연습장,127.124095513204,37.4889495384625
서울특별시 송파구 석촌동 3-2번지 지층,"서울특별시 송파구 백제고분로33길 35, 지층 (석촌동)",5612,짝 노래연습장,127.098557101479,37.5057352011928
서울특별시 송파구 문정동 39-1번지,서울특별시 송파구 문정로 19  (문정동),,MBC,127.12464393305,37.4864413673155
서울특별시 송파구 방이동 186-18 2통7반,서울특별시 송파구 위례성대로18길 5 (방이동),,올림픽노래연습장,127.126291743824,37.5115874074166
서울특별시 송파구 거여동 562-4번지,서울특별시 송파구 오금로 498 (거여동),,스타노래연습장,127.143890000738,37.4929904490217
서울특별시 송파구 가락동 72-13 2통,서울특별시 송파구 중대로9길 62 (가락동),,야화,127.120339225143,37.4977553579262
서울특별시 송파구 석촌동 172-6,서울특별시 송파구 백제고분로39길 5 (석촌동),5615,팡팡노래연습장,127.104990862714,37.5050480478563
서울특별시 송파구 풍납동 87-4번지 지1층,"서울특별시 송파구 바람드리길 27-1, 지1층 (풍납동)",5512,태영노래연습장,127.119041002747,37.5378497704024
서울특별시 송파구 문정동 71-1번지,서울특별시 송파구 새말로8길 4 (문정동),,스타,127.126324636909,37.4824386565225
서울특별시 송파구 송파동 13-4,"서울특별시 송파구 백제고분로41길 19-1, 138동 170호 (송파동)",5625,한강,127.10722953587,37.5077557185607
서울특별시 송파구 가락동 174-27번지 지층,"서울특별시 송파구 오금로46길 22, 지층 (가락동)",5769,SBS노래연습장,127.134879080198,37.495695900165
서울특별시 송파구 거여동 1,"서울특별시 송파구 마천로 252, 지1층 (거여동)",5736,얌코인 노래연습장,127.144964671116,37.498882705528
서울특별시 송파구 가락동 82-3,"서울특별시 송파구 중대로9길 24, 3층 (가락동)",5712,체크노래연습장,127.119140285549,37.4952639396378
서울특별시 송파구 방이동 111번지,"서울특별시 송파구 백제고분로48길 6, 지1층 (방이동)",5641,도깨비코인노래연습장,127.113870739314,37.5115596696844
서울특별시 송파구 마천동 126,"서울특별시 송파구 마천로41길 1, 3층 (마천동)",5755,힐링노래연습장,127.147777073785,37.497401391458
서울특별시 송파구 방이동 208-3 지1층,"서울특별시 송파구 마천로 29, 지1층 (방이동)",5639,슈퍼스타코인노래연습장(방이점),127.124243586707,37.5095312359703
서울특별시 송파구 석촌동 278-8번지,"서울특별시 송파구 백제고분로40길 32, 2층 (석촌동, 남승빌딩)",5688,힐링코인노래연습장,127.107648557931,37.5019143024162
서울특별시 송파구 송파동 147-1번지,"서울특별시 송파구 가락로 214, 지1층 (송파동, 창우빌딩)",5671,잇츠코인노래연습장,127.116637709048,37.5072923367808
서울특별시 송파구 잠실동 189-13 지층,"서울특별시 송파구 백제고분로7길 28-11 (잠실동,지층)",,찐노래연습장,127.082287593435,37.5102800688571
서울특별시 송파구 가락동 8-1 우정에쉐르 지층,"서울특별시 송파구 중대로23길 20 (가락동,우정에쉐르 지층)",,부활,127.125798271054,37.5026311386484
서울특별시 송파구 거여동 21-5번지,서울특별시 송파구 오금로 487  (거여동),,구찌,127.143183666858,37.4939158298536
서울특별시 송파구 가락동 75-18,"서울특별시 송파구 양재대로62길 43, 2층 (가락동)",5713,연궁노래연습장,127.120518085476,37.4963218551574
서울특별시 송파구 가락동 75-18,"서울특별시 송파구 양재대로62길 43, 지하1층 (가락동)",5713,가자노래연습장,127.120518085476,37.4963218551574
서울특별시 송파구 잠실동 205,"서울특별시 송파구 올림픽로12길 21, 지1층 (잠실동)",5559,라이브노래연습장,127.083323705114,37.5097316219785
서울특별시 송파구 가락동 76-4,"서울특별시 송파구 송파대로30길 41-5, 지1층 (가락동)",5713,각시노래연습장,127.121262475596,37.4963658734224
서울특별시 송파구 가락동 75-16,서울특별시 송파구 양재대로62길 41-1 (가락동),5713,올레 노래연습장,127.120481874877,37.4963774841726
서울특별시 송파구 방이동 64-6,"서울특별시 송파구 올림픽로32길 18, 지하2층 (방이동, 경진빌딩)",5548,VIP노래연습장,127.109129830721,37.5144143800455
서울특별시 송파구 가락동 97-8,"서울특별시 송파구 송파대로30길 11, 2층 205호 (가락동, 이연파레스)",5711,탑노래연습장,127.118465891551,37.4947814982071
서울특별시 송파구 석촌동 294-5번지 지층,"서울특별시 송파구 백제고분로40길 31, 지층 (석촌동)",5687,궁노래연습장,127.107907121544,37.5020166910285
서울특별시 송파구 방이동 59-2번지 지층,"서울특별시 송파구 오금로11길 26, 지층 (방이동)",5547,오페라,127.110031216245,37.5149546864741
서울특별시 송파구 방이동 124-20,서울특별시 송파구 가락로 243 (방이동),5643,수궁,127.117866205062,37.5099524137901
서울특별시 송파구 삼전동 180-22번지,서울특별시 송파구 백제고분로32길 3 (삼전동),,조아조아,127.095291769578,37.5020295232164
서울특별시 송파구 문정동 620,"서울특별시 송파구 새말로 62, B02호 (문정동)",5841,나가수 노래연습장,127.120842269438,37.4807917612963
서울특별시 송파구 가락동 75-11,"서울특별시 송파구 양재대로62길 35-1, 지층 (가락동)",5713,강남노래연습장,127.120031792668,37.4968673688598
서울특별시 송파구 방이동 68-6,"서울특별시 송파구 오금로15길 7-1, 지층 (방이동)",5548,큐노래연습장,127.109256533917,37.5125648628524
서울특별시 송파구 방이동 37-7,"서울특별시 송파구 오금로11길 23-9, 2층 (방이동)",5543,JJ노래연습장,127.109801580292,37.5154054018545
서울특별시 송파구 가락동 72번지 지층,"서울특별시 송파구 송이로 90, 지층 (가락동)",5713,웬노래연습장,127.120521772573,37.4978421189051
서울특별시 송파구 가락동 81-3 2층,"서울특별시 송파구 송파대로30길 27, 2층 (가락동)",5712,오투노래연습장,127.120023099355,37.4955337083304
서울특별시 송파구 잠실동 189-14번지 지층,"서울특별시 송파구 백제고분로9길 29, 지층 (잠실동)",5560,제니스,127.082413140381,37.5097659583484
서울특별시 송파구 가락동 83,"서울특별시 송파구 송이로20길 20, 지층 (가락동)",5712,씽씽노래연습장,127.119413889428,37.4955841513411
서울특별시 송파구 방이동 63-13,"서울특별시 송파구 올림픽로32길 22-6, 지층 (방이동)",5548,끌림 노래연습장,127.1091090929,37.5139994870795
서울특별시 송파구 가락동 81-6번지,"서울특별시 송파구 양재대로62길 48, 2층 (가락동)",5712,에이스노래연습장,127.120552874386,37.4958039212946
서울특별시 송파구 가락동 88 2층,"서울특별시 송파구 중대로9길 29, 2층 (가락동)",5711,앙,127.118513633851,37.4957256148739
서울특별시 송파구 문정동 643-1번지,"서울특별시 송파구 법원로 114, B동 221호 (문정동, 엠스테이트)",5854,놀러와 노래연습장,127.12100938212,37.4860552797801
서울특별시 송파구 거여동 25,"서울특별시 송파구 거마로3길 4, 지1층 (거여동, 뉴비전빌딩)",5744,오렌지코인노래연습장,127.14424410398,37.4941351962948
서울특별시 송파구 잠실동 182-2번지,"서울특별시 송파구 올림픽로12길 8, 지1층 (잠실동, 제일빌딩)",5557,악쓰는하마코인노래연습장,127.082785706876,37.5109956587836
서울특별시 송파구 가락동 97-5,"서울특별시 송파구 중대로9길 21, 4층 (가락동, 센터빌딩)",5711,캔디노래연습장,127.118939895855,37.4950451970127
서울특별시 송파구 잠실동 336-3번지,서울특별시 송파구 백제고분로 184 (잠실동),,체리 노래연습장,127.087035225978,37.5043773375841
서울특별시 송파구 가락동 190,서울특별시 송파구 오금로46길 36 (가락동),5783,OK노래연습장,127.133732491208,37.4947222248519
서울특별시 송파구 삼전동 2-4번지,"서울특별시 송파구 삼전로12길 7, 지1층 (삼전동)",5599,체리노래연습장,127.091039605159,37.5065050159512
서울특별시 송파구 방이동 65 지층,"서울특별시 송파구 오금로 91 (방이동,지층)",,케이팝,127.107667014282,37.5140570329962
서울특별시 송파구 석촌동 272-9번지,서울특별시 송파구 가락로 85 (석촌동),,샘터노래연습장,127.105749983585,37.5007269602804
서울특별시 송파구 가락동 80,"서울특별시 송파구 송파대로28길 27, 101동 124호 (가락동)",5718,문노래연습장,127.120132764747,37.4948121610825
서울특별시 송파구 가락동 84-6,"서울특별시 송파구 송이로20길 12-1, 지층 (가락동)",5712,시크노래연습장,127.119947076017,37.4958674281633
서울특별시 송파구 가락동 97-8,"서울특별시 송파구 송파대로30길 11, 202호 (가락동)",5711,팝콘노래연습장,127.118465891551,37.4947814982071
서울특별시 송파구 가락동 87-1,서울특별시 송파구 중대로9길 48 (가락동),5712,요요노래연습장,127.119162146982,37.4970662002956
서울특별시 송파구 가락동 124-7,"서울특별시 송파구 송이로 159, 지층 (가락동)",5827,가윤 노래연습장,127.125346805693,37.4929585994279
서울특별시 송파구 잠실동 194번지 잠실아이파크,"서울특별시 송파구 올림픽로8길 20, 잠실아이파크 A101호 (잠실동)",5561,스타코인노래연습장,127.080060894393,37.5099633643304
서울특별시 송파구 잠실동 190,"서울특별시 송파구 백제고분로7길 26, 지하1층 (잠실동)",5560,엔젤스코인노래연습장 잠실신천점,127.081745167222,37.5105111926852
서울특별시 송파구 가락동 81-5 삼궁빌딩,"서울특별시 송파구 송파대로30길 29, 삼궁빌딩 지층 (가락동)",5712,소풍노래연습장,127.120290707572,37.4956380429769
서울특별시 송파구 가락동 57-7,"서울특별시 송파구 송이로 105, 지층 (가락동)",5716,0.5 노래연습장,127.121801428012,37.4970582827684
서울특별시 송파구 가락동 81,"서울특별시 송파구 송파대로30길 21, 4층 (가락동)",5712,스토리 노래연습장,127.119646367926,37.4952881157506
서울특별시 송파구 가락동 97-5 센터빌딩,"서울특별시 송파구 중대로9길 21, 센터빌딩 2층 (가락동)",5711,주니 노래연습장,127.118939895855,37.4950451970127
서울특별시 송파구 가락동 76-5 광명빌딩,"서울특별시 송파구 송파대로30길 41, 광명빌딩 지하1층 (가락동)",5713,판타스틱 코인노래연습장 가락시장점,127.121376142837,37.4962370930126
서울특별시 송파구 잠실동 185-5,"서울특별시 송파구 백제고분로7길 52, 지하1층 (잠실동)",5559,온에어코인노래연습장 새내역점,127.084651697791,37.5106643885096
서울특별시 송파구 가락동 7-11,"서울특별시 송파구 오금로36길 10, 지층 (가락동)",5700,판타스틱 코인노래연습장 오금역점,127.125126609686,37.5026317619017
0-0번지,,,방방,,
서울특별시 강동구 명일동 47-4번지 명일빌딩,"서울특별시 강동구 동남로75길 19, 명일빌딩 지하1층 9호 (명일동)",5269,엔젤스코인노래연습장,127.15517770003,37.5541302080444
서울특별시 강동구 천호동 454-59,"서울특별시 강동구 올림픽로70길 60, 3층 (천호동)",5329,세븐스타 코인노래연습장 천호로데오점,127.126857329881,37.5389423838563
서울특별시 강동구 천호동 233-34번지 인성빌딩,"서울특별시 강동구 구천면로 328, 인성빌딩 지층 101호 (천호동)",5309,K Star 코인노래연습장,127.136051396534,37.548454354945
서울특별시 강동구 길동 378-6 길빌딩,"서울특별시 강동구 양재대로 1481, 길빌딩 302호 (길동)",5342,판타스틱 코인노래연습장 길동역점,127.139901172837,37.538271092885
서울특별시 강동구 명일동 324-1 지하-나호,"서울특별시 강동구 양재대로 1626, 지하층 1호-나호 (명일동)",5292,SBS노래연습장,127.144288436536,37.5506474264789
서울특별시 강동구 고덕동 210-3 아주빌딩,"서울특별시 강동구 고덕로83길 12, 아주빌딩 지층 (고덕동)",5222,세이렌 노래연습장,127.168910907677,37.557585333053
서울특별시 강동구 천호동 294번지,"서울특별시 강동구 구천면로41길 13, 지층 (천호동)",5320,천궁노래연습장,127.133183294497,37.5464228103138
서울특별시 강동구 천호동 293-10 이수빌딩,"서울특별시 강동구 구천면로 297, 이수빌딩 지층 (천호동)",5320,울랄라 노래연습장,127.133904900422,37.5464155070304
서울특별시 강동구 명일동 312-44,"서울특별시 강동구 양재대로147길 7, 지하층 (명일동)",5257,슈퍼스타코인노래연습장 명일점,127.143534849647,37.5521741842574
서울특별시 강동구 천호동 331-8,"서울특별시 강동구 천중로 18, 지층 (천호동)",5245,우리 노래연습장,127.123769932558,37.5456311636136
서울특별시 강동구 길동 124-6번지 지층,"서울특별시 강동구 천호대로197길 33, 지층 (길동)",5345,하늘노래연습장,127.146643228556,37.5374353450722
서울특별시 강동구 암사동 486-71번지,서울특별시 강동구 상암로23길 41 (암사동),5259,J 노래연습장,127.135150402977,37.5489601287241
서울특별시 강동구 길동 347-61번지 지1층,"서울특별시 강동구 천중로 203, 지층 (길동)",5303,SBS노래연습장,127.142751018487,37.5410629426411
서울특별시 강동구 길동 391-1번지,서울특별시 강동구 양재대로 1488 (길동),5351,파도노래연습장,127.14057632813,37.5385752794508
서울특별시 강동구 상일동 309 지층,서울특별시 강동구 천호대로219길 10 (상일동),5283,스타노래연습장,127.170584976291,37.5464466016925
서울특별시 강동구 성내동 439-13 서경빌딩 지하층,"서울특별시 강동구 양재대로 1329, 지하층 (성내동, 서경빌딩)",5405,플로렌스코인노래연습장,127.134828787213,37.5252029335254
서울특별시 강동구 암사동 500-12,서울특별시 강동구 올림픽로100길 6 (암사동),5263,가시노래연습장,127.128862765073,37.5522839110457
서울특별시 강동구 천호동 293-6번지 2층,"서울특별시 강동구 구천면로41길 14, 2층 (천호동)",5320,팡팡노래연습장,127.133276874799,37.5466755248722
서울특별시 강동구 명일동 249-0,서울특별시 강동구 구천면로 490 (명일동),5271,킹노래연습장,127.152778255008,37.5490355839082
서울특별시 강동구 암사동 477-58번지,서울특별시 강동구 구천면로 339 (암사동),5259,유성노래연습장,127.136673411965,37.5494860901959
서울특별시 강동구 길동 252-130번지 2층,"서울특별시 강동구 명일로 191, 2층 (길동)",5350,에쿠스,127.145312032147,37.5358438428231
서울특별시 강동구 성내동 412-6 2층,"서울특별시 강동구 풍성로 209, 2층 (성내동)",5376,스카이 노래연습장,127.135101909071,37.5293607424181
서울특별시 강동구 천호동 453-8번지 1층,"서울특별시 강동구 천호대로157길 18, 1층 (천호동)",5335,악쓰는 하마 2,127.127484882745,37.5384960736319
서울특별시 강동구 성내동 439-10번지 지하1층,"서울특별시 강동구 양재대로89가길 30, 지층 (성내동)",5405,데몰리션노래연습장,127.134244601379,37.5252688315044
서울특별시 강동구 암사동 496-35,서울특별시 강동구 상암로 55 (암사동),5264,청송노래연습장,127.129490429887,37.5494244486092
서울특별시 강동구 암사동 500-5번지,서울특별시 강동구 올림픽로98길 7 (암사동),5263,우리노래연습장,127.128548506314,37.5514332613576
서울특별시 강동구 성내동 440-0 경일빌딩 지층동,"서울특별시 강동구 양재대로 1319, 지층 (성내동, 경일빌딩)",5408,씽씽,127.134439064819,37.5241954271851
서울특별시 강동구 성내동 535-7번지 지층동,서울특별시 강동구 성내로5길 20 (성내동),5397,앵콜 노래연습장,127.123713299249,37.5306683201968
서울특별시 강동구 성내동 380번지 2층,서울특별시 강동구 양재대로103길 29 (성내동),5375,가야,127.136092713766,37.5331471414018
서울특별시 강동구 성내동 413-9번지 지층,"서울특별시 강동구 풍성로 215, 지층 (성내동)",5376,짱노래연습장,127.135757638609,37.5291766367702
서울특별시 강동구 성내동 456-3 지하,서울특별시 강동구 성안로3길 121 (성내동),5400,친친노래연습장,127.12340431892,37.5280549293954
서울특별시 강동구 둔촌동 517-4 광안빌딩지층,"서울특별시 강동구 양재대로 1376, 지층 1호 (둔촌동)",5372,수노래연습장,127.137121186952,37.5288399792125
서울특별시 강동구 성내동 443-33 지층,"서울특별시 강동구 양재대로85길 23, 지층 (성내동)",5408,우리노래연습장,127.1333472323,37.5244834538224
서울특별시 강동구 명일동 343-3 2층,"서울특별시 강동구 상암로 201, 2층 (명일동)",5294,앵콜노래연습장,127.144998298515,37.5466602717434
서울특별시 강동구 천호동 293-16,서울특별시 강동구 구천면로 305 (천호동),5320,썬노래연습장,127.134344875218,37.5469886729228
서울특별시 강동구 천호동 55-48,서울특별시 강동구 천중로 171 (천호동),5316,칭구노래연습장,127.139238085203,37.5412287762587
서울특별시 강동구 암사동 502-17,서울특별시 강동구 올림픽로 775 (암사동),5241,나이스노래연습장,127.127315684764,37.5503817811933
서울특별시 강동구 둔촌동 77-118번지 지층,서울특별시 강동구 진황도로 178 (둔촌동),5364,전국노래연습장,127.142437237579,37.5303490807467
서울특별시 강동구 성내동 38-21번지,서울특별시 강동구 천호옛길 82 (성내동),5384,O.K 노래연습장,127.125402238414,37.5358996397466
서울특별시 강동구 길동 411-3번지,서울특별시 강동구 양재대로 1462 (길동),5352,두리노래연습장,127.139776972253,37.5362289438681
서울특별시 강동구 암사동 452-7,서울특별시 강동구 고덕로 96-7 (암사동),5255,SBS노래연습장,127.135994227958,37.5543594689991
서울특별시 강동구 길동 252-92 지1층,"서울특별시 강동구 명일로 200, 지하1층 (길동)",5349,가자노래연습장,127.145928885855,37.5365378431537
서울특별시 강동구 길동 329-3번지,서울특별시 강동구 양재대로124길 65 (길동),5301,만남노래연습장,127.145743909763,37.542475296742
서울특별시 강동구 천호동 334-7번지,서울특별시 강동구 올림픽로77길 10 (천호동),5245,친구노래연습장,127.12435399797,37.5428709708303
서울특별시 강동구 천호동 34-17번지,서울특별시 강동구 상암로 177-1 (천호동),5307,이벤트노래연습장,127.142209560549,37.546350115832
서울특별시 강동구 고덕동 655-10번지,서울특별시 강동구 고덕로61길 150 (고덕동),5227,M노래연습장,127.151335608407,37.561385153225
서울특별시 강동구 천호동 469-1 3층,"서울특별시 강동구 구천면로 140, 3층 (천호동)",5247,스타노래연습장,127.120513718462,37.5422777703067
서울특별시 강동구 성내동 383-16번지 지하1층,"서울특별시 강동구 성안로 119, 지층 (성내동)",5381,파티파티노래연습장,127.133505672683,37.5339769423619
서울특별시 강동구 길동 351-3 지하1층,"서울특별시 강동구 천중로 222, 지층 (길동)",5344,수 노래연습장,127.144952877103,37.5405592147685
서울특별시 강동구 명일동 312-75 2층,"서울특별시 강동구 양재대로143길 5, 2층 (명일동)",5257,인디아나 노래연습장,127.143622319237,37.5514025537621
서울특별시 강동구 암사동 512-14번지 2층,"서울특별시 강동구 상암로 32, 2층 (암사동)",5242,럭셔리 노래연습장,127.12701712219,37.5501630701564
서울특별시 강동구 명일동 325-2번지,"서울특별시 강동구 구천면로 418, 지층 (명일동)",5292,플레이코인노래연습장,127.14502941322,37.5505129007445
서울특별시 강동구 천호동 453-24,서울특별시 강동구 천호대로157길 26 (천호동),5335,빈티지코인노래연습장,127.127552334563,37.5388374796553
서울특별시 강동구 둔촌동 50-1번지,"서울특별시 강동구 명일로 171, 지층 (둔촌동)",5361,슈스K코인노래연습장,127.144614705551,37.5341330690596
서울특별시 강동구 강일동 675-1 강일타워,"서울특별시 강동구 아리수로93길 27, 강일타워 306,307호 (강일동)",5211,101코인노래연습장 강일점,127.17381574584,37.5656225735773
서울특별시 강동구 천호동 414,"서울특별시 강동구 올림픽로70길 61, 109,110,111호 (천호동, 두산위브센티움)",5329,엔젤코인노래연습장,,
서울특별시 강동구 천호동 454-49번지,"서울특별시 강동구 천호대로157길 7, 1층 2호 (천호동)",5329,악쓰는하마 코인노래연습장,127.126599987466,37.5383145731704
서울특별시 강동구 성내동 384-1,"서울특별시 강동구 천호대로170길 53, 지하층 (성내동)",5389,황진이 노래연습장,127.132502945682,37.5329764295547
서울특별시 강동구 길동 391-4번지,서울특별시 강동구 양재대로 1484 (길동),5351,케이스타코인동전노래연습장,127.140384340752,37.5381054563689
서울특별시 강동구 명일동 344-1번지,서울특별시 강동구 양재대로134길 14 (명일동),5295,스타노래연습장,127.144320638196,37.5475691278934
서울특별시 강동구 둔촌동 59-1 지층,"서울특별시 강동구 명일로13길 19, 지층 (둔촌동)",5361,퍼플 노래연습장,127.143724484543,37.5337061807368
서울특별시 강동구 둔촌동 54-5번지,서울특별시 강동구 명일로13길 8 (둔촌동),5361,오디션노래연습장,127.144142150047,37.5340922908784
서울특별시 강동구 둔촌동 59-9번지,서울특별시 강동구 명일로 167 (둔촌동),5361,짝노래연습장,127.144558916412,37.5338931109162
서울특별시 강동구 길동 390-9 지층,"서울특별시 강동구 양재대로 1470, 지하1층 (길동)",5351,스타노래연습장,127.139918515802,37.5370162500978
서울특별시 강동구 명일동 48-5번지 지하1층,"서울특별시 강동구 동남로73길 9, 지하1층 (명일동)",5269,베짱이노래연습장,127.155564135586,37.5525299791779
서울특별시 강동구 성내동 416-14,서울특별시 강동구 풍성로58길 20 (성내동),5404,화이트 노래연습장,127.135336928726,37.5281308771651
서울특별시 강동구 성내동 378-5,"서울특별시 강동구 천호대로176길 19, 지하1층 (성내동)",5373,MBC노래연습장,127.136287518309,37.5335703869207
서울특별시 강동구 명일동 48-2번지,"서울특별시 강동구 동남로73길 23, 지하층 (명일동)",5269,오로라 노래연습장,127.154990554271,37.5525645208733
서울특별시 강동구 성내동 438-26,서울특별시 강동구 양재대로85길 24 (성내동),5405,뮤직,127.133407119521,37.5246983652042
서울특별시 강동구 길동 350-16번지,"서울특별시 강동구 천중로 214, 지층 (길동)",5343,썸노래연습장,127.143909870269,37.5406857293327
서울특별시 강동구 천호동 410-13번지,"서울특별시 강동구 천호대로157길 38, 2층 (천호동)",5335,악쓰는하마 코인 노래연습장,127.127761823242,37.5393318118571
서울특별시 강동구 명일동 48-3,"서울특별시 강동구 동남로73길 17, 지층3호 (명일동)",5269,고덕코인노래연습장,127.15507536373,37.5527505555431
서울특별시 강동구 천호동 287-3번지,"서울특별시 강동구 상암로 44, 지층 (천호동)",5318,FULL 코인노래연습장,127.1282987378,37.5496457731598
서울특별시 강동구 명일동 312-85번지,서울특별시 강동구 양재대로141길 6 (명일동),5257,명일 코인노래연습장,127.143622245432,37.5512461406788
서울특별시 강동구 성내동 48-4번지,서울특별시 강동구 천호옛길 94 (성내동),5379,도깨비 코인노래연습장,127.126054014422,37.5369483405201
서울특별시 강동구 천호동 412-2번지,"서울특별시 강동구 천호대로157길 51, 3층 (천호동)",5329,STAR 코인노래연습장,127.127660387997,37.5400302862501
서울특별시 강동구 명일동 312-78번지 17통3반 (지층),"서울특별시 강동구 양재대로143길 13, 지층 (명일동)",5257,알라딘노래연습장,127.143151144186,37.5514302459606
서울특별시 강서구 가양동 1479-5 지층,"서울특별시 강서구 양천로57길 9-8, 지층 (가양동)",7527,MBC노래연습장,126.851764453544,37.5636699569707
서울특별시 강동구 천호동 213-2번지,서울특별시 강동구 구천면로34길 48 (천호동),5331,스카이노래연습장,127.133811919937,37.5423842739655
서울특별시 강동구 성내동 415-8번지 지층,"서울특별시 강동구 양재대로 1377, 지층 (성내동)",5376,만냥,127.136262071919,37.5292227276953
서울특별시 강동구 성내동 440-22번지 지층,서울특별시 강동구 양재대로85길 15 (성내동),5408,MBC노래연습장,127.133894728466,37.5243366919197
서울특별시 강동구 천호동 287-1,서울특별시 강동구 올림픽로 766 (천호동),5318,스타,127.127512614976,37.549464713218
서울특별시 강동구 길동 413-1 (3층),"서울특별시 강동구 양재대로111길 15, 3층 (길동)",5353,탑노래연습장,127.138561502491,37.5369836121307
서울특별시 강동구 암사동 466번지 지층,서울특별시 강동구 고덕로10길 19 (암사동),5251,팡팡노래연습장,127.130173074237,37.55380588018
서울특별시 강동구 성내동 501-10 지층,서울특별시 강동구 성안로13길 20 (성내동),5389,복 노래연습장,127.131356579076,37.5315994496252
서울특별시 강동구 길동 96번지 (지층),"서울특별시 강동구 명일로 243, 지층 (길동)",5344,SBS노래방,127.146699285076,37.5404637146353
서울특별시 강동구 성내동 408-12번지,서울특별시 강동구 풍성로 173 (성내동),5390,아우성노래방,127.1312685687,37.5304433833003
서울특별시 강동구 길동 378-11번지,서울특별시 강동구 양재대로 1479 (길동),5342,MBC노래연습장,127.139809407179,37.5380875778472
서울특별시 강동구 길동 335-1,서울특별시 강동구 양재대로 1550 (길동),5302,SBS노래연습장,127.142574185548,37.5439271614814
서울특별시 강동구 성내동 429-8번지 천우빌딩. 지하,"서울특별시 강동구 양재대로89가길 14, 지층 (성내동, 천우빌딩)",5405,디바,127.134545604627,37.5260083013633
서울특별시 강동구 성내동 429-23,서울특별시 강동구 양재대로87길 14 (성내동),5405,블루 노래연습장,127.134303904341,37.525660879973
서울특별시 강동구 명일동 312-58,"서울특별시 강동구 양재대로 1637, 지층 2호 (명일동)",5257,썸 노래연습장,127.143821523561,37.5517127049321
서울특별시 강동구 둔촌동 454-3번지,서울특별시 강동구 진황도로 166 (둔촌동),5364,장원 노래연습장,127.141906221256,37.5313858707884
서울특별시 강동구 천호동 287-13,서울특별시 강동구 올림픽로 754 (천호동),5318,하트 노래연습장,127.12716639086,37.548433353714
서울특별시 강동구 성내동 439-11 지층,서울특별시 강동구 양재대로87길 11 (성내동),5405,핑크 노래연습장,127.134331136971,37.5254541592414
서울특별시 강동구 성내동 416-20번지 지층,"서울특별시 강동구 풍성로 216, 지층 (성내동)",5404,MBC노래연습장,127.135619141402,37.528914694694
서울특별시 강동구 암사동 500번지 (지층),"서울특별시 강동구 올림픽로 800, 지층 (암사동)",5263,엠제이노래연습장,127.128586566479,37.552310521282
서울특별시 강동구 성내동 455-17 지층,"서울특별시 강동구 올림픽로48길 34, 지층 (성내동)",5398,띵까띵까,127.121878988859,37.5286974856488
서울특별시 강동구 천호동 243-184번지 지층,"서울특별시 강동구 구천면로 358, 지층 (천호동)",5309,풀잎노래연습장,127.138378051252,37.5502455380661
서울특별시 강동구 고덕동 193-0 지층,서울특별시 강동구 상일로15길 34 (고덕동),5222,핑크노래연습장,127.16930066098,37.558223941567
서울특별시 강동구 암사동 502-18,서울특별시 강동구 올림픽로 777 (암사동),5241,꿈의궁전노래연습장,127.127405764319,37.5505145812121
서울특별시 강동구 명일동 325-20 (지층),"서울특별시 강동구 상암로47길 90, 지층 (명일동)",5292,명보노래연습장,127.144747978807,37.5504590060233
서울특별시 강동구 성내동 416-13,서울특별시 강동구 양재대로91길 16 (성내동),5404,올래노래연습장,127.135295152581,37.5279887470442
서울특별시 강동구 명일동 312-72번지 지층,"서울특별시 강동구 양재대로143길 6, 지층 (명일동)",5257,청개구리 노래방,127.143644643063,37.5516539950114
서울특별시 강동구 암사동 464-1번지 지하,서울특별시 강동구 고덕로10길 47 (암사동),5251,수 노래연습장,127.129709267911,37.5525465259464
서울특별시 강동구 암사동 476-20번지 지층,서울특별시 강동구 구천면로 349 (암사동),5259,엔젤노래연습장,127.13747091463,37.550182446633
서울특별시 강동구 성내동 429-3 동부빌딩지층. 지층,서울특별시 강동구 양재대로 1335 (성내동),5405,빈티지코인노래연습장(둔촌점),127.134903109178,37.5255782960195
서울특별시 강동구 명일동 328-2 지하,"서울특별시 강동구 구천면로 438, 지하층 (명일동)",5292,COIN SONG 동전노래연습장,127.146979064904,37.5496643630436
서울특별시 강동구 천호동 454-60번지,서울특별시 강동구 천호대로157길 19 (천호동),5329,고래고래노래방,127.127033137082,37.5387940705311
서울특별시 강동구 명일동 47-3번지 지층,"서울특별시 강동구 동남로75길 13-10, 지층 (명일동)",5269,악쓰는하마,127.155039194888,37.5539196467931
서울특별시 강동구 성내동 440-15 지층호,"서울특별시 강동구 양재대로89가길 62, 지층 (성내동)",5408,큐노래방,127.133799212971,37.5238726040385
서울특별시 강동구 성내동 438-11 B1F,"서울특별시 강동구 양재대로85길 30, B1층 (성내동)",5405,팡팡노래연습장,127.133042860708,37.5247674324239
서울특별시 강동구 천호동 431-5 지하1층,"서울특별시 강동구 올림픽로 653, 지하1층 (천호동)",5248,오투,127.123465335346,37.5399513142557
서울특별시 강동구 둔촌동 494-0번지 지층동,"서울특별시 강동구 양재대로96길 11, 지층 (둔촌동)",5372,둘리노래방,127.137968179926,37.5298041450051
서울특별시 강동구 명일동 312-74 지층,"서울특별시 강동구 양재대로 1633, 지층 (명일동)",5257,로데오 노래연습장,127.143787220352,37.5514111828456
서울특별시 강동구 천호동 290-31번지 2층,"서울특별시 강동구 상암로 78, 2층 (천호동)",5319,천사 노래연습장,127.131540147546,37.5482510657567
서울특별시 강동구 암사동 500-4번지 지층,"서울특별시 강동구 올림픽로 790, 지층 (암사동)",5263,채플린,127.128346826812,37.5515561966329
서울특별시 강동구 길동 411-1번지 지하1층,"서울특별시 강동구 양재대로 1466, 지하1층 (길동)",5352,로미오,127.139869723538,37.5367597031589
서울특별시 강동구 천호동 550-10번지 3층,"서울특별시 강동구 진황도로 7, 3층 (천호동)",5334,환희 노래연습장,127.128644995469,37.5401482397549
서울특별시 강동구 명일동 312-62번지 지하1층,"서울특별시 강동구 양재대로145길 13, 지하1층 (명일동)",5257,짱2,127.143188873213,37.5518083488643
서울특별시 강동구 명일동 345-1번지 지하1층,"서울특별시 강동구 양재대로 1594, 지층 (명일동)",5295,희,127.143727996055,37.5476786012161
서울특별시 강동구 천호동 397-3 지하1층,"서울특별시 강동구 구천면로 245, 지하1층 (천호동)",5326,25시 노래연습장,127.130896791016,37.5422808630307
서울특별시 강동구 성내동 198-10 2층,"서울특별시 강동구 천호대로170길 42, 2층 (성내동)",5381,필 노래연습장,127.13254859602,37.5336469028273
서울특별시 강동구 길동 390-6번지 지층,"서울특별시 강동구 양재대로 1474, 지층 (길동)",5351,킹스타일,127.140033919531,37.5373163264222
서울특별시 강동구 명일동 47-17 지층,"서울특별시 강동구 동남로75길 13-21, 지층 (명일동)",5269,룰라코인노래연습장,127.155472639896,37.5533205445048
서울특별시 강동구 둔촌동 487-3번지,서울특별시 강동구 양재대로 1400 (둔촌동),5363,스타노래연습장,127.13785884319,37.5309455704002
서울특별시 강동구 천호동 393-43번지,서울특별시 강동구 구천면로 250 (천호동),5330,삼성노래연습장,127.131456746578,37.542515581948
서울특별시 강동구 성내동 430-10번지,서울특별시 강동구 강동대로53길 94 (성내동),5405,우리노래연습장,127.133053454352,37.5268467518582
서울특별시 강동구 길동 413-13번지 3층,"서울특별시 강동구 진황도로 103, 3층 (길동)",5353,현대노래방,127.137862186816,37.5357123989475
서울특별시 강동구 암사동 472-9번지 지층,서울특별시 강동구 암사길 27-1 (암사동),5253,신바람노래연습장,127.132449367669,37.5518738627213
서울특별시 강동구 명일동 312-49번지,서울특별시 강동구 고덕로38길 53 (명일동),5257,방방노래방,127.142746424374,37.5522431653522
서울특별시 강동구 길동 343-15번지,서울특별시 강동구 천중로 231 (길동),5304,즐거운노래연습장,127.145944543504,37.5408562240549
서울특별시 강동구 암사동 488-14 2층,"서울특별시 강동구 구천면로 309, 2층 (암사동)",5265,땡겨노래연습장,127.134586982129,37.5473978108325
서울특별시 강동구 명일동 328-1번지,서울특별시 강동구 구천면로 434 (명일동),5292,미소노래연습장,127.14658137515,37.5498803760623
서울특별시 강동구 암사동 465-1 지층,서울특별시 강동구 고덕로10길 37 (암사동),5251,스타노래연습장,127.12988441279,37.5529796230909
서울특별시 강동구 성내동 48-2 지층동,서울특별시 강동구 천호대로158길 18 (성내동),5379,썸 노래연습장,127.1262206845,37.5366839893173
서울특별시 강동구 성내동 41-6 태양빌딩,"서울특별시 강동구 천호옛길 83, 태양빌딩 2층 (성내동)",5385,세븐노래연습장,127.125253589497,37.5362510073205
서울특별시 강동구 성내동 38-20번지 지1층,서울특별시 강동구 천호옛14길 10 (성내동),5384,가고픈노래연습장,127.12601859301,37.5361373882512
서울특별시 강동구 성내동 39-12번지,서울특별시 강동구 천호옛길 70 (성내동),5384,가족노래연습장,127.12477015344,37.5351141866373
서울특별시 강동구 성내동 557-5번지 지층,서울특별시 강동구 성안로3길 124 (성내동),5399,도레미,127.123401243903,37.5283172140784
서울특별시 강동구 명일동 312-86 지층,"서울특별시 강동구 양재대로 1631, 지층 (명일동)",5257,질러노래연습장,127.143771397691,37.5512452383659
서울특별시 강동구 상일동 243-0번지,서울특별시 강동구 상일로 39-11 (상일동),5282,둥지노래방,127.171912327613,37.5504822274111
서울특별시 강동구 천호동 287 지층,"서울특별시 강동구 올림픽로 770, 지층 (천호동)",5318,빈티지 코인 노래연습장,127.127658691274,37.5497854908523
서울특별시 강동구 고덕동 256-6번지,서울특별시 강동구 동남로82길 115 (고덕동),5220,팡팡노래연습장,127.163290311327,37.5604256116033
서울특별시 강동구 상일동 232번지 지층,서울특별시 강동구 상일로 39-12 (상일동),5282,세시봉 노래연습장,127.171889719423,37.5506409259563
서울특별시 강동구 성내동 431번지 지층,"서울특별시 강동구 양재대로89길 61, 지층 (성내동)",5406,NEW축제 노래연습장,127.132124347382,37.5271845892337
서울특별시 강동구 성내동 423-37번지,서울특별시 강동구 양재대로89길 80 (성내동),5403,당신의 노래연습장,127.131319313897,37.5276384204605
"서울특별시 강동구 천호동 25-3 4,5 ","서울특별시 강동구 양재대로 1611, 지층 (천호동)",5306,땡큐 노래연습장,127.143453866604,37.5494818314908
서울특별시 강동구 길동 412-8번지 B03호,"서울특별시 강동구 양재대로 1465, B03호 (길동)",5353,악쓰는하마 노래연습장,127.139314330701,37.5368399179472
서울특별시 강동구 명일동 353-1 지층,"서울특별시 강동구 양재대로 1570, 지층 (명일동)",5296,플러스 노래연습장,127.143242072187,37.5456635684848
서울특별시 강동구 명일동 312-60번지 2층,"서울특별시 강동구 양재대로145길 7, 2층 (명일동)",5257,궁 노래연습장,127.143499840576,37.5517991415752
서울특별시 강동구 길동 348-6번지 C동 지층,"서울특별시 강동구 양재대로 1504, C동 지층 (길동)",5343,갤럭시,127.141195166053,37.5399127955849
서울특별시 강동구 성내동 439-8번지 지하층,"서울특별시 강동구 양재대로89가길 34, 지하층 (성내동)",5405,와와 노래연습장,127.13420076051,37.5251087733386
서울특별시 강동구 고덕동 210 지층,"서울특별시 강동구 고덕로83길 18, 지층 (고덕동)",5222,카카오쏭 노래연습장,127.168895943174,37.5579753056471
서울특별시 강동구 상일동 268-4번지,서울특별시 강동구 상일로 27-1 (상일동),5282,K-POP 노래연습장,127.172808983039,37.5495697398606
서울특별시 강동구 천호동 453-23번지,"서울특별시 강동구 천호대로157길 24, 지층 (천호동)",5335,로데오하마,127.127521742632,37.5387464216336
서울특별시 강동구 천호동 316-15번지,서울특별시 강동구 올림픽로 741 (천호동),5244,야후노래연습장,127.126268219133,37.5475615206132
서울특별시 강동구 길동 91-10,서울특별시 강동구 명일로 249 (길동),5304,악쓰는하마,127.146867463769,37.5409440084265
서울특별시 강동구 성내동 559-8,서울특별시 강동구 성내로10길 16 (성내동),5399,스크린,127.124430972501,37.5283163138549
서울특별시 강동구 명일동 312-87번지 (5층),"서울특별시 강동구 양재대로 1629, 5층 (명일동)",5257,악쓰는하마2 노래연습장,127.143672912956,37.5510529952601
서울특별시 강동구 길동 367-6번지 지층,"서울특별시 강동구 양재대로 1491, 지층 (길동)",5342,영심 노래연습장,127.140132295925,37.5389164751075
서울특별시 강동구 성내동 227-2,서울특별시 강동구 풍성로37가길 32 (성내동),5388,공간노래연습장,127.128053959291,37.5329050227149
서울특별시 강동구 천호동 551-7,서울특별시 강동구 진황도로 15 (천호동),5334,월드노래연습장,127.129312483825,37.5396986327999
서울특별시 강동구 길동 381-7번지,서울특별시 강동구 천중로40길 58 (길동),5341,팡팡,127.13776655007,37.5385248912411
서울특별시 강동구 길동 345-11번지 (지층),"서울특별시 강동구 천중로 211, 지층 (길동)",5303,좋은노래연습장,127.143842309348,37.5409751224721
서울특별시 강동구 길동 321-8 (지층),"서울특별시 강동구 양재대로128길 20, 지층 (길동)",5302,제이노래연습장,127.143857591075,37.5446884804623
서울특별시 강동구 길동 383-16 (지층),"서울특별시 강동구 양재대로113길 60, 지층 (길동)",5341,빵빵노래연습장,127.136674117143,37.5387772692129
서울특별시 강동구 암사동 490-56 (지하),서울특별시 강동구 상암로 83 (암사동),5265,영,127.132358067398,37.5481769006211
서울특별시 강동구 길동 391-5번지 (지하),"서울특별시 강동구 양재대로 1482, 지층 (길동)",5351,팡팡노래연습장,127.140336709704,37.53792639426
서울특별시 강동구 성내동 284-10번지 (지하),서울특별시 강동구 풍성로37가길 17 (성내동),5387,발리노래연습장,127.12731141569,37.5332979409416
서울특별시 강동구 길동 367-4,"서울특별시 강동구 양재대로 1495, 지층 (길동)",5342,오투 노래연습장,127.140289392361,37.5393037183438
서울특별시 강동구 성내동 162-14번지 지층동,서울특별시 강동구 천호대로 1074 (성내동),5380,에이스노래방,127.130869511439,37.536060302454
서울특별시 강동구 고덕동 503-2 4통(지하),서울특별시 강동구 동남로81길 34 (고덕동),5226,팡팡노래방,127.154817872233,37.5601750156243
서울특별시 강동구 길동 392-4번지,서울특별시 강동구 양재대로116길 28 (길동),5351,장희빈노래연습장,127.141900289005,37.5382269913507
서울특별시 강동구 성내동 553-14 경성빌딩,"서울특별시 강동구 성내로 8, 경성빌딩 지층 (성내동)",5398,첼로노래연습장,127.121528587646,37.530283608653
서울특별시 강동구 천호동 358-0,서울특별시 강동구 올림픽로 698 (천호동),5327,테크노노래연습장,127.125431067443,37.5434513364088
서울특별시 강동구 암사동 504-21번지 지층,서울특별시 강동구 올림픽로 813 (암사동),5241,모모노래연습장,127.128528805872,37.5536683873012
서울특별시 강동구 천호동 294-2 5통3반 지하,"서울특별시 강동구 구천면로41길 7, 지하층 (천호동)",5320,마이다스,127.133452388214,37.5462959162245
서울특별시 강동구 천호동 397-74번지,서울특별시 강동구 구천면로 238 (천호동),5334,방방노래연습장,127.130879328565,37.5416772129928
서울특별시 강동구 명일동 312-42번지 (지층),"서울특별시 강동구 양재대로 1641, 지층 (명일동)",5257,파티노래연습장,127.143854955739,37.5520908128356
서울특별시 강동구 암사동 478-17,서울특별시 강동구 구천면로47길 68 (암사동),5259,방울노래연습장,127.1351349142,37.5510993855826
서울특별시 강동구 성내동 57-12번지 지하,서울특별시 강동구 천호대로 1022 (성내동),5378,곰돌이노래연습장,,
서울특별시 강동구 암사동 463-5번지 지하,"서울특별시 강동구 올림픽로 804, 지하층 (암사동)",5251,VIP노래연습장,127.128752498408,37.5527208349249
서울특별시 강동구 상일동 284-7번지,서울특별시 강동구 상일로 21 (상일동),5283,2080,127.172950146289,37.5489535211746
서울특별시 강동구 천호동 315 지층,"서울특별시 강동구 올림픽로 746, 지층 (천호동)",5323,바바라 노래연습장,127.126982162082,37.5476995988425
서울특별시 강동구 길동 439 (지하),"서울특별시 강동구 양재대로 1448, 지층 (길동)",5356,쟁반,127.139330614953,37.5350716863657
서울특별시 강동구 고덕동 527-5번지,서울특별시 강동구 동남로85길 16 (고덕동),5226,입큰,127.155821097682,37.5614766261178
서울특별시 강동구 성내동 439-5번지 (2층),"서울특별시 강동구 양재대로85길 14, 2층 (성내동)",5405,락,127.134032764917,37.5246021506631
서울특별시 강동구 성내동 378-4 지하,"서울특별시 강동구 천호대로176길 9, 지층 (성내동)",5373,황제노래연습장,127.136374855526,37.5339393358203
"서울특별시 강동구 천호동 416-3번지 (2층, 3층) ","서울특별시 강동구 구천면로24길 25, 2, 3층 (천호동)",5329,별밤지기노래연습장 천호점,,
서울특별시 강동구 둔촌동 425-1번지 (2층),"서울특별시 강동구 천호대로 1158, 2층 (둔촌동)",5362,갈래노래연습장,127.14010906777,37.5333352587892
서울특별시 강동구 암사동 452-5번지 (지하),"서울특별시 강동구 고덕로 100, 지하층 (암사동)",5255,써니노래연습장,127.136297743617,37.5545400392518
서울특별시 강동구 둔촌동 50-2번지 도성빌딩 지층동,서울특별시 강동구 천호대로 1196 (둔촌동),5361,조은노래연습장,127.144298586046,37.5343661840804
서울특별시 강동구 상일동 437-9번지,서울특별시 강동구 천호대로 1467 (상일동),5283,정통노래연습장,127.171205007181,37.5463604699387
서울특별시 강동구 천호동 201-6번지,서울특별시 강동구 진황도로27길 90 (천호동),5331,스타노래방,127.133468954123,37.5421952721112
서울특별시 강동구 암사동 488-13번지 지하,서울특별시 강동구 상암로 105 (암사동),5265,청개구리,127.13450034623,37.5472971779438
서울특별시 강동구 성내동 120-26번지,서울특별시 강동구 천호옛길 42 (성내동),5386,썬 노래연습장,127.123121224877,37.5330562304173
서울특별시 강동구 상일동 268번지 지하1층,서울특별시 강동구 상일로 31-1 (상일동),5282,짱노래연습장,127.172743178673,37.5499378035071
서울특별시 강동구 길동 322-18번지 지하1층,"서울특별시 강동구 천중로51길 73, 지층 (길동)",5302,진주노래연습장,127.144988804937,37.5440955913529
서울특별시 강동구 고덕동 172번지 지층,"서울특별시 강동구 상일로 163, 지층 (고덕동)",5222,신나는노래연습장,127.170234080909,37.5615770072926
서울특별시 강동구 성내동 551-6번지 지층,서울특별시 강동구 성내로8길 24 (성내동),5399,MBC노래연습장,127.122967588509,37.5285121925643
서울특별시 강동구 성내동 439-6 지층,"서울특별시 강동구 양재대로89가길 42, 지층 (성내동)",5405,땡겨노래연습장,127.134099739577,37.5247938078007
서울특별시 강동구 성내동 292-20번지 지층,서울특별시 강동구 풍성로 117 (성내동),5387,킹노래연습장,127.125296396119,37.5320808620373
서울특별시 강동구 상일동 268-7번지,서울특별시 강동구 상일로 25 (상일동),5282,대박 노래연습장,127.172864392024,37.5493067476858
서울특별시 강동구 길동 341-2번지,"서울특별시 강동구 천중로51길 24, 지층 (길동)",5304,짱구노래연습장,127.144448492179,37.5419295316123
서울특별시 강동구 길동 322-23,서울특별시 강동구 양재대로128길 36 (길동),5302,자유인,127.144724340816,37.5444958690564
서울특별시 강동구 명일동 324-12,서울특별시 강동구 상암로47길 77 (명일동),5292,카네기 노래연습장,127.144326128746,37.550005960161
서울특별시 강동구 명일동 344-16 한강훼미리아파트,"서울특별시 강동구 상암로 199, 지하1층 (명일동, 한강훼미리아파트)",5295,머코 코인노래연습장,127.144679928879,37.5466340828073
서울특별시 강동구 길동 414-5 골드클래스 B02호,"서울특별시 강동구 양재대로111길 27, 지층 B02호 (길동, 골드클래스)",5353,허브노래연습장,127.13805409023,37.5371919769512
서울특별시 강동구 길동 415-13 강동 큐브 2차,"서울특별시 강동구 진황도로 85, B03호 (길동, 강동 큐브 2차)",5354,에이스노래연습장,127.136132976612,37.5366245950933
서울특별시 강동구 성내동 42-4번지,서울특별시 강동구 천호옛14길 23-5 (성내동),5379,방방노래연습장,127.126698103267,37.536318392886
서울특별시 강동구 길동 355-6번지 지하,"서울특별시 강동구 천중로52길 27, 지하층 (길동)",5344,대박노래연습장,127.143961328091,37.5395541016533
서울특별시 강동구 성내동 383-1번지 지층,서울특별시 강동구 천호대로170길 33 (성내동),5381,엘지,127.132941640149,37.5338988312204
서울특별시 강동구 성내동 293-22번지 지하,서울특별시 강동구 풍성로 114 (성내동),5393,오랜지,127.124713680948,37.531980116259
서울특별시 강동구 천호동 288-0번지,서울특별시 강동구 상암로 48 (천호동),5318,킹노래연습장,127.128630922343,37.549475393442
서울특별시 강동구 암사동 463-1,서울특별시 강동구 올림픽로 814 (암사동),5251,아지트 노래연습장,127.129026174652,37.5535278298609
서울특별시 강동구 천호동 233-143 연서빌딩,"서울특별시 강동구 구천면로 324, 지하1층 (천호동)",5309,축제 노래연습장,127.13574856091,37.548198009131
서울특별시 강동구 암사동 479-9,서울특별시 강동구 암사길 40 (암사동),5260,엣지노래연습장,127.133757333524,37.5517312920762
서울특별시 강동구 천호동 363-32번지,서울특별시 강동구 천중로 68 (천호동),5324,신나는노래연습장,127.129430583763,37.5447878867492
서울특별시 강동구 천호동 84-10,"서울특별시 강동구 구천면로42길 96, 지층 (천호동)",5311,방방노래연습장,127.137236168724,37.5433084630334
서울특별시 강동구 암사동 513-15 지층,"서울특별시 강동구 올림픽로93길 5, 지층 (암사동)",5242,암사노래연습장,127.126638055862,37.5491149859828
서울특별시 강동구 길동 390-2 씨엘엘,"서울특별시 강동구 양재대로 1476, 씨엘엘 지하층 (길동)",5351,금빛노래연습장,127.140171182253,37.5375066349127
서울특별시 강동구 성내동 416 둔촌빌딩,"서울특별시 강동구 양재대로 1371, 둔촌빌딩 지하층 (성내동)",5404,세븐틴코인노래연습장 둔촌동역점,127.136066310873,37.5287025352002
서울특별시 노원구 상계동 1119-17 지하,"서울특별시 노원구 동일로242가길 12, 지층 (상계동)",1625,상계노래연습장,127.055931948589,37.6763908823739
서울특별시 영등포구 영등포동3가 3-12 지층호,"서울특별시 영등포구 영중로10길 23, 지층 (영등포동3가)",7303,썸머타임노래연습장,126.908088356665,37.5188989104385
서울특별시 강서구 화곡동 1117-7 덕영빌딩 3층,"서울특별시 강서구 공항대로46길 90, 덕영빌딩 3층 (화곡동)",7658,스마일코인노래연습장 강서구청점,126.850736714771,37.552385483477
서울특별시 동대문구 답십리동 68-1 지상2층,"서울특별시 동대문구 전농로 94, 지상2층 (답십리동)",2538,팡세 노래연습장,127.057770923489,37.5731833863445
서울특별시 강서구 화곡동 1068-1,"서울특별시 강서구 화곡로15길 10, 지층 (화곡동)",7711,신밧드노래연습장,126.834220375209,37.5404038716307
서울특별시 은평구 응암동 753-14 지층,서울특별시 은평구 가좌로7길 24-1 (응암동),3480,베이스노래연습장,126.918643860973,37.5860481125745
서울특별시 은평구 갈현동 453-8 지층,서울특별시 은평구 연서로27길 16-15 (갈현동),3331,짱노래연습장,126.918134957417,37.6187911869186
서울특별시 강북구 수유동 175-64 지하,"서울특별시 강북구 한천로140길 25 (수유동,지하)",,부킹노래연습장,127.027644162474,37.6411080060324
서울특별시 중랑구 망우동 470-6 지하,서울특별시 중랑구 용마산로115길 30 (망우동),2164,밀레올래 노래연습장,127.098638683425,37.598931729992
서울특별시 금천구 독산동 959-23,서울특별시 금천구 독산로 359 (독산동),,에덴,126.903649374668,37.4789411645269
서울특별시 동대문구 전농동 602-11 지상2층,"서울특별시 동대문구 왕산로 272-1, 지상2층 (전농동)",2554,아르돌 노래연습장,127.051104159661,37.5848476648176
서울특별시 관악구 신림동 1513-7 지하1층,"서울특별시 관악구 원신길 11, 지하1층 (신림동, 동방빌딩)",8846,아싸노래연습장,126.933163254319,37.4715607416834
서울특별시 양천구 목동 612-1 2층,"서울특별시 양천구 목동중앙북로7가길 53, 2층 (목동)",7946,유토피아 노래연습장,126.864814708058,37.54966854346
서울특별시 성북구 종암동 3-395 기업은행종암동지점,"서울특별시 성북구 종암로 108, 기업은행종암동지점 지1층 (종암동)",2797,영 노래연습장,127.034482070909,37.5997942097838
서울특별시 강서구 화곡동 848-15,"서울특별시 강서구 곰달래로 212, 지층 (화곡동)",7783,여신노래연습장,126.856494051695,37.5313708732239
서울특별시 용산구 남영동 74 2층,"서울특별시 용산구 한강대로 276, 2층 (남영동)",4352,사운드 노래연습장,126.972897267203,37.542882521525
서울특별시 강동구 암사동 488-18,서울특별시 강동구 구천면로 313 (암사동),5265,정화 노래연습장,127.134812345051,37.5476819988861
서울특별시 강남구 대치동 896-3,"서울특별시 강남구 선릉로82길 23, 5층 (대치동)",6197,쥬코인동전노래연습장,127.051916440449,37.5030130568675
서울특별시 노원구 공릉동 335-1 지층,"서울특별시 노원구 공릉로 131, 지층 (공릉동)",1837,또행운,127.079000225693,37.6218857791754
서울특별시 구로구 구로동 1124-20,서울특별시 구로구 디지털로32길 97-3 (구로동),8391,팡팡노래연습장,126.900493504342,37.4832696975346
서울특별시 양천구 목동 722-2,서울특별시 양천구 목동중앙남로11길 29 (목동),7958,VIP노래연습장,126.864297700151,37.5390333728288
서울특별시 관악구 남현동 1058-5 지하1층,"서울특별시 관악구 남현길 3, 지하1층 (남현동)",8806,럭키노래연습장,126.977802096426,37.476288760598
서울특별시 노원구 상계동 332-4 외 1 (4층),"서울특별시 노원구 노해로81길 12-33, 4층 (상계동)",1695,테마5.1,127.063642107113,37.6557799266027
서울특별시 영등포구 문래동3가 82-29,"서울특별시 영등포구 선유로 70, 지1층 108,109호 (문래동3가, 우리벤처타운2)",7294,금빛노래연습장,126.890145748505,37.5201626485833
서울특별시 종로구 관철동 18-7,"서울특별시 종로구 우정국로2길 35, 3층 (관철동)",3189,알파코인노래연습장,126.985012325914,37.5696373691098
서울특별시 마포구 동교동 148-10 지하1층,"서울특별시 마포구 양화로23길 30, 지하1층 (동교동)",3985,애플 노래연습장 동교점,126.924992904688,37.5597238988937
서울특별시 강동구 성내동 447-0,서울특별시 강동구 성안로3길 13 (성내동),5402,로망스노래연습장,127.12875745701,37.5257298567481
서울특별시 강남구 삼성동 151-20 연남(Yeon nam)빌딩,"서울특별시 강남구 테헤란로81길 51, 연남(Yeon nam)빌딩 지하1층 (삼성동)",6166,판타스틱코인노래연습장 삼성동 코엑스점,127.055669203417,37.5104218436877
서울특별시 구로구 구로동 1124-37,"서울특별시 구로구 디지털로32나길 16, 3층 (구로동)",8391,골든싱어코인노래연습장 구디점,126.900561041672,37.4837529651417
서울특별시 강남구 일원동 666 지하1층,"서울특별시 강남구 일원로9길 22, 지하1층 (일원동)",6343,월드컵 노래연습장,127.083357221902,37.4897243114169
서울특별시 서초구 양재동 267-4 지하1층,"서울특별시 서초구 마방로6길 7-46, 지하1층 (양재동, 성풍빌딩)",6776,모모노래연습장,127.043471589844,37.4760918348659
서울특별시 도봉구 쌍문동 49-6 지층,"서울특별시 도봉구 해등로 174 (쌍문동,지층)",,제이제이 노래연습장,127.037538574702,37.6575149704247
서울특별시 구로구 고척동 85-20 (지층),"서울특별시 구로구 경인로43길 18 (고척동,(지층))",8227,싸이노래연습장,126.862072964786,37.4974325838784
서울특별시 구로구 가리봉동 25-49 (지층),"서울특별시 구로구 구로동로 33 (가리봉동,(지층))",8322,천안문노래연습장,126.8860293447,37.4845769677862
서울특별시 송파구 가락동 75-11 2층,"서울특별시 송파구 양재대로62길 35-1, 2층 (가락동)",5713,조아노래연습장,127.120031792668,37.4968673688598
서울특별시 은평구 녹번동 202-0 2층,"서울특별시 은평구 은평로 191 (녹번동, 제일의원)",3384,골든벨노래연습장,126.928859732441,37.6016831314412
서울특별시 마포구 용강동 122-12 지하1층,"서울특별시 마포구 토정로 288-1, 지하1층 (용강동)",4163,만남 노래연습장,126.941284109767,37.541270768823
서울특별시 은평구 녹번동 212 지하1층,"서울특별시 은평구 은평로 197, 지하1층 (녹번동)",3384,엔탑 노래연습장 녹번점,126.92951057903,37.6016437882797
서울특별시 중랑구 상봉동 104-57,서울특별시 중랑구 봉우재로33길 47 (상봉동),2154,파티파티 노래연습장,127.088231208808,37.5946129595778
서울특별시 광진구 화양동 3-28 지하1층,"서울특별시 광진구 능동로 137 (화양동,지하1층)",,프렌즈 코인 노래연습장 건대2호점,127.071814757048,37.54310544254
서울특별시 금천구 시흥동 124-10,"서울특별시 금천구 시흥대로71길 44, 지층 (시흥동)",8614,탑 노래연습장,126.899439299848,37.4549940148812
서울특별시 관악구 봉천동 927-1 지하1층,"서울특별시 관악구 남부순환로 1740, 지하1층 (봉천동, 명당빌딩)",8784,명노래연습장,126.943337342715,37.4819000975612
서울특별시 강동구 성내동 553-20 지하,"서울특별시 강동구 성내로 4, 지하층 (성내동)",5398,SBS노래연습장,127.121184404916,37.5304078499593
서울특별시 송파구 석촌동 2,"서울특별시 송파구 삼학사로 96, 지하1층 (석촌동)",5612,에이스노래연습장,127.097455125368,37.5056889929139
서울특별시 송파구 오금동 17-14,"서울특별시 송파구 위례성대로20길 26, 지하1층 (오금동)",5657,에스에스노래연습장,127.127175813507,37.5091356380001
서울특별시 강동구 길동 252-99 (지하),"서울특별시 강동구 명일로 199, 지층 (길동)",5350,러브송노래연습장,127.145529160806,37.5366038391067
서울특별시 노원구 공릉동 644-49 이룸 빌딩,"서울특별시 노원구 공릉로20길 3, 이룸 빌딩 지하1층 (공릉동)",1803,가을 코인노래연습장,127.078407244935,37.619413144326
서울특별시 광진구 능동 220-11 지층,"서울특별시 광진구 능동로36길 9 (능동,지층)",,사브노래연습장,127.079793213635,37.5563003063104
서울특별시 영등포구 대림동 710-14 지하1층,"서울특별시 영등포구 도림로 153, 지하1층 (대림동)",7413,궁전 노래연습장,126.89859855894,37.4942182104952
서울특별시 광진구 중곡동 80-2 지하1층,"서울특별시 광진구 용마산로6길 6 (중곡동,지하1층)",,빅뱅 노래연습장,127.0885178,37.5572191416498
서울특별시 은평구 역촌동 34-34 지층,서울특별시 은평구 연서로4길 17 (역촌동),3406,옥소리노래연습장,126.917793168844,37.6026867629989
서울특별시 광진구 중곡동 242-1,서울특별시 광진구 긴고랑로 42-1 (중곡동),4914,퀸 노래연습장,127.081024421917,37.5625544579393
서울특별시 송파구 가락동 76,"서울특별시 송파구 양재대로62길 47, 지하1층 (가락동)",5713,행운 노래연습장,127.120734050989,37.4960253838063
서울특별시 은평구 대조동 33-1 지층,서울특별시 은평구 진흥로13길 13 (대조동),3395,황금2노래연습장,126.92500044949,37.6095290837878
서울특별시 중구 무학동 32-1 지상2층,"서울특별시 중구 퇴계로76길 24 (무학동,지상2층)",,오렌지 노래연습장,127.015330782118,37.5641852187651
